/*******************************************************************************
 * Size: 25 px
 * Bpp: 4
 * Opts: --font /fonts/Gabarito-SemiBold.ttf -o /fonts/font_gabarito_semibold_24_57600212097168_data.c --size 25 --bpp 4 --format lvgl --no-compress --symbols ·ÁÃÄÇÈÉÍÓÖÚÜßàáâãäçèéêíîñóõöúûüŐő–• --range 0x20-0x7F
 ******************************************************************************/

#ifdef __has_include
    #if __has_include("lvgl.h")
        #ifndef LV_LVGL_H_INCLUDE_SIMPLE
            #define LV_LVGL_H_INCLUDE_SIMPLE
        #endif
    #endif
#endif

#ifdef LV_LVGL_H_INCLUDE_SIMPLE
    #include "lvgl.h"
#else
    #include "lvgl/lvgl.h"
#endif



#ifndef FONT_GABARITO_SEMIBOLD_24_57600212097168_DATA
#define FONT_GABARITO_SEMIBOLD_24_57600212097168_DATA 1
#endif

#if FONT_GABARITO_SEMIBOLD_24_57600212097168_DATA

/*-----------------
 *    BITMAPS
 *----------------*/

/*Store the image of the glyphs*/
static LV_ATTRIBUTE_LARGE_CONST const uint8_t glyph_bitmap[] = {
    /* U+0020 " " */

    /* U+0021 "!" */
    0x3c, 0xcc, 0x54, 0xff, 0xf7, 0x4f, 0xff, 0x63,
    0xff, 0xf6, 0x3f, 0xff, 0x62, 0xff, 0xf5, 0x2f,
    0xff, 0x51, 0xff, 0xf4, 0x1f, 0xff, 0x40, 0xff,
    0xf3, 0x0f, 0xff, 0x20, 0xef, 0xf0, 0x0d, 0xff,
    0x00, 0x00, 0x00, 0x03, 0x84, 0x03, 0xff, 0xf6,
    0x9f, 0xff, 0xc7, 0xff, 0xfa, 0x0a, 0xfb, 0x10,

    /* U+0022 "\"" */
    0x5f, 0xfe, 0x0f, 0xff, 0x45, 0xff, 0xe0, 0xff,
    0xf4, 0x5f, 0xfe, 0x0f, 0xff, 0x45, 0xff, 0xe0,
    0xff, 0xf4, 0x3f, 0xfe, 0x0c, 0xff, 0x40, 0xff,
    0xe0, 0x9f, 0xf4, 0x0c, 0xfe, 0x06, 0xff, 0x40,
    0x9e, 0xc0, 0x3e, 0xe4,

    /* U+0023 "#" */
    0x00, 0x00, 0x06, 0xff, 0x50, 0x0c, 0xff, 0x00,
    0x00, 0x00, 0x00, 0x9f, 0xf2, 0x00, 0xff, 0xc0,
    0x00, 0x00, 0x00, 0x0c, 0xff, 0x00, 0x2f, 0xf9,
    0x00, 0x00, 0x00, 0x00, 0xff, 0xd0, 0x05, 0xff,
    0x60, 0x00, 0x00, 0x9a, 0xcf, 0xff, 0xaa, 0xff,
    0xfd, 0xaa, 0x00, 0x0e, 0xff, 0xff, 0xff, 0xff,
    0xff, 0xff, 0xf0, 0x00, 0xef, 0xff, 0xff, 0xff,
    0xff, 0xff, 0xff, 0x00, 0x00, 0x0a, 0xff, 0x10,
    0x0f, 0xfb, 0x00, 0x00, 0x00, 0x00, 0xdf, 0xe0,
    0x03, 0xff, 0x80, 0x00, 0x00, 0x00, 0x0f, 0xfc,
    0x00, 0x6f, 0xf5, 0x00, 0x00, 0x00, 0x03, 0xff,
    0x90, 0x09, 0xff, 0x20, 0x00, 0x02, 0xff, 0xff,
    0xff, 0xff, 0xff, 0xff, 0xfd, 0x00, 0x2f, 0xff,
    0xff, 0xff, 0xff, 0xff, 0xff, 0xd0, 0x01, 0xaa,
    0xff, 0xfa, 0xab, 0xff, 0xfa, 0xa8, 0x00, 0x00,
    0x0e, 0xfd, 0x00, 0x4f, 0xf7, 0x00, 0x00, 0x00,
    0x01, 0xff, 0xb0, 0x07, 0xff, 0x40, 0x00, 0x00,
    0x00, 0x4f, 0xf8, 0x00, 0xaf, 0xf1, 0x00, 0x00,
    0x00, 0x07, 0xff, 0x50, 0x0d, 0xfe, 0x00, 0x00,
    0x00,

    /* U+0024 "$" */
    0x00, 0x00, 0x09, 0xff, 0x30, 0x00, 0x00, 0x00,
    0x00, 0x9f, 0xf3, 0x00, 0x00, 0x00, 0x00, 0x4f,
    0xff, 0xc3, 0x00, 0x00, 0x01, 0xbf, 0xff, 0xff,
    0xfc, 0x10, 0x00, 0xbf, 0xff, 0xff, 0xff, 0xfd,
    0x00, 0x4f, 0xff, 0xd9, 0xae, 0xff, 0xf4, 0x08,
    0xff, 0xc0, 0x00, 0x0a, 0xd2, 0x00, 0xaf, 0xfa,
    0x00, 0x00, 0x00, 0x00, 0x08, 0xff, 0xf5, 0x00,
    0x00, 0x00, 0x00, 0x3f, 0xff, 0xfd, 0x83, 0x00,
    0x00, 0x00, 0x9f, 0xff, 0xff, 0xfe, 0x60, 0x00,
    0x00, 0x6e, 0xff, 0xff, 0xff, 0x90, 0x00, 0x00,
    0x03, 0x8d, 0xff, 0xff, 0x50, 0x00, 0x00, 0x00,
    0x06, 0xff, 0xfa, 0x00, 0x04, 0x00, 0x00, 0x0a,
    0xff, 0xc0, 0x4e, 0xf4, 0x00, 0x00, 0xbf, 0xfa,
    0x0e, 0xff, 0xf9, 0x44, 0x9f, 0xff, 0x60, 0x5f,
    0xff, 0xff, 0xff, 0xff, 0xd0, 0x00, 0x7f, 0xff,
    0xff, 0xff, 0xd2, 0x00, 0x00, 0x29, 0xff, 0xff,
    0x70, 0x00, 0x00, 0x00, 0x09, 0xff, 0x30, 0x00,
    0x00, 0x00, 0x00, 0x9f, 0xf3, 0x00, 0x00, 0x00,
    0x00, 0x09, 0xff, 0x30, 0x00, 0x00,

    /* U+0025 "%" */
    0x00, 0x5c, 0xfd, 0x70, 0x00, 0x00, 0x00, 0x29,
    0x00, 0x00, 0x7f, 0xff, 0xff, 0xa0, 0x00, 0x00,
    0x1d, 0xfd, 0x00, 0x1f, 0xff, 0xae, 0xff, 0x40,
    0x00, 0x0b, 0xff, 0x80, 0x05, 0xff, 0x50, 0x2f,
    0xf9, 0x00, 0x09, 0xff, 0xb0, 0x00, 0x6f, 0xf3,
    0x00, 0xff, 0xa0, 0x06, 0xff, 0xd0, 0x00, 0x04,
    0xff, 0x90, 0x6f, 0xf8, 0x04, 0xff, 0xe2, 0x00,
    0x00, 0x0d, 0xff, 0xff, 0xff, 0x22, 0xef, 0xf3,
    0x00, 0x00, 0x00, 0x2e, 0xff, 0xff, 0x51, 0xdf,
    0xf6, 0x00, 0x00, 0x00, 0x00, 0x06, 0x97, 0x10,
    0xbf, 0xf9, 0x00, 0x00, 0x00, 0x00, 0x00, 0x00,
    0x00, 0x9f, 0xfb, 0x02, 0x79, 0x60, 0x00, 0x00,
    0x00, 0x00, 0x6f, 0xfd, 0x15, 0xff, 0xff, 0xe2,
    0x00, 0x00, 0x00, 0x4f, 0xfe, 0x22, 0xff, 0xff,
    0xff, 0xd0, 0x00, 0x00, 0x2e, 0xff, 0x40, 0x8f,
    0xf6, 0x0a, 0xff, 0x40, 0x00, 0x0d, 0xff, 0x60,
    0x0a, 0xff, 0x00, 0x3f, 0xf6, 0x00, 0x0b, 0xff,
    0x90, 0x00, 0x9f, 0xf1, 0x05, 0xff, 0x50, 0x08,
    0xff, 0xb0, 0x00, 0x05, 0xff, 0xea, 0xff, 0xf1,
    0x01, 0xff, 0xd1, 0x00, 0x00, 0x0a, 0xff, 0xff,
    0xf6, 0x00, 0x02, 0xc2, 0x00, 0x00, 0x00, 0x07,
    0xdf, 0xc5, 0x00, 0x00, 0x00, 0x00, 0x00, 0x00,
    0x00, 0x00, 0x00, 0x00, 0x00,

    /* U+0026 "&" */
    0x00, 0x03, 0xbe, 0xfd, 0x91, 0x00, 0x00, 0x00,
    0x06, 0xff, 0xff, 0xff, 0xf4, 0x00, 0x00, 0x02,
    0xff, 0xff, 0xff, 0xff, 0xc0, 0x00, 0x00, 0x9f,
    0xff, 0x95, 0x9f, 0xd1, 0x00, 0x00, 0x0d, 0xff,
    0x90, 0x00, 0x41, 0x00, 0x00, 0x00, 0xef, 0xf6,
    0x00, 0x00, 0x00, 0x00, 0x00, 0x0c, 0xff, 0x90,
    0x00, 0x00, 0x00, 0x00, 0x00, 0x6f, 0xff, 0x72,
    0x11, 0x11, 0x11, 0x10, 0x00, 0xcf, 0xff, 0xff,
    0xff, 0xff, 0xff, 0xa0, 0x06, 0xff, 0xff, 0xff,
    0xff, 0xff, 0xfa, 0x08, 0xff, 0xff, 0xff, 0xff,
    0xff, 0xff, 0xa3, 0xff, 0xf8, 0x10, 0x00, 0xef,
    0xf6, 0x00, 0xaf, 0xfb, 0x00, 0x00, 0x0f, 0xff,
    0x50, 0x0b, 0xff, 0x90, 0x00, 0x01, 0xff, 0xf4,
    0x00, 0xaf, 0xfd, 0x00, 0x00, 0x7f, 0xff, 0x20,
    0x05, 0xff, 0xfd, 0x76, 0x9f, 0xff, 0xd0, 0x00,
    0x0d, 0xff, 0xff, 0xff, 0xff, 0xf5, 0x00, 0x00,
    0x2d, 0xff, 0xff, 0xff, 0xf7, 0x00, 0x00, 0x00,
    0x06, 0xce, 0xfe, 0xa3, 0x00, 0x00, 0x00,

    /* U+0027 "'" */
    0x5f, 0xfe, 0x5f, 0xfe, 0x5f, 0xfe, 0x5f, 0xfe,
    0x3f, 0xfe, 0x0f, 0xfe, 0x0c, 0xfe, 0x09, 0xec,

    /* U+0028 "(" */
    0x00, 0x00, 0x18, 0x00, 0x00, 0x00, 0xcf, 0xa0,
    0x00, 0x09, 0xff, 0xf5, 0x00, 0x4f, 0xff, 0xa0,
    0x00, 0xdf, 0xfd, 0x00, 0x05, 0xff, 0xf4, 0x00,
    0x0b, 0xff, 0xb0, 0x00, 0x1f, 0xff, 0x40, 0x00,
    0x4f, 0xff, 0x00, 0x00, 0x7f, 0xfb, 0x00, 0x00,
    0x9f, 0xf9, 0x00, 0x00, 0xaf, 0xf8, 0x00, 0x00,
    0xbf, 0xf7, 0x00, 0x00, 0xaf, 0xf8, 0x00, 0x00,
    0x9f, 0xf9, 0x00, 0x00, 0x7f, 0xfc, 0x00, 0x00,
    0x4f, 0xff, 0x00, 0x00, 0x0f, 0xff, 0x50, 0x00,
    0x0b, 0xff, 0xc0, 0x00, 0x04, 0xff, 0xf4, 0x00,
    0x00, 0xcf, 0xfd, 0x00, 0x00, 0x4f, 0xff, 0xa0,
    0x00, 0x09, 0xff, 0xf5, 0x00, 0x00, 0xcf, 0xa0,
    0x00, 0x00, 0x07, 0x00,

    /* U+0029 ")" */
    0x01, 0x80, 0x00, 0x00, 0x1d, 0xf9, 0x00, 0x00,
    0x8f, 0xff, 0x50, 0x00, 0x0d, 0xff, 0xf1, 0x00,
    0x02, 0xff, 0xf9, 0x00, 0x00, 0x8f, 0xff, 0x10,
    0x00, 0x0e, 0xff, 0x70, 0x00, 0x08, 0xff, 0xd0,
    0x00, 0x03, 0xff, 0xf0, 0x00, 0x00, 0xff, 0xf4,
    0x00, 0x00, 0xdf, 0xf5, 0x00, 0x00, 0xcf, 0xf6,
    0x00, 0x00, 0xbf, 0xf7, 0x00, 0x00, 0xcf, 0xf6,
    0x00, 0x00, 0xdf, 0xf5, 0x00, 0x00, 0xff, 0xf4,
    0x00, 0x03, 0xff, 0xf0, 0x00, 0x08, 0xff, 0xc0,
    0x00, 0x0e, 0xff, 0x70, 0x00, 0x8f, 0xff, 0x10,
    0x02, 0xff, 0xf9, 0x00, 0x0d, 0xff, 0xe1, 0x00,
    0x9f, 0xff, 0x50, 0x00, 0x1d, 0xf8, 0x00, 0x00,
    0x01, 0x70, 0x00, 0x00,

    /* U+002A "*" */
    0x00, 0x07, 0x50, 0x28, 0x10, 0x00, 0x0b, 0xfd,
    0x0a, 0xfd, 0x00, 0x00, 0x3f, 0xf6, 0xff, 0x60,
    0x00, 0x31, 0x7f, 0xff, 0xa1, 0x31, 0x3f, 0xff,
    0xff, 0xff, 0xff, 0x53, 0xff, 0xff, 0xff, 0xff,
    0xf5, 0x02, 0x07, 0xff, 0xfa, 0x02, 0x10, 0x03,
    0xff, 0x7f, 0xf6, 0x00, 0x00, 0xbf, 0xd0, 0xaf,
    0xd0, 0x00, 0x00, 0x76, 0x02, 0x80, 0x00,

    /* U+002B "+" */
    0x00, 0x00, 0x4f, 0xfd, 0x00, 0x00, 0x00, 0x00,
    0x04, 0xff, 0xd0, 0x00, 0x00, 0x00, 0x00, 0x4f,
    0xfd, 0x00, 0x00, 0x00, 0x00, 0x04, 0xff, 0xd0,
    0x00, 0x00, 0x23, 0x33, 0x8f, 0xff, 0x33, 0x33,
    0x1a, 0xff, 0xff, 0xff, 0xff, 0xff, 0xf6, 0xaf,
    0xff, 0xff, 0xff, 0xff, 0xff, 0x6a, 0xff, 0xff,
    0xff, 0xff, 0xff, 0xf6, 0x00, 0x00, 0x4f, 0xfd,
    0x00, 0x00, 0x00, 0x00, 0x04, 0xff, 0xd0, 0x00,
    0x00, 0x00, 0x00, 0x4f, 0xfd, 0x00, 0x00, 0x00,
    0x00, 0x04, 0xff, 0xd0, 0x00, 0x00, 0x00, 0x00,
    0x28, 0x86, 0x00, 0x00, 0x00,

    /* U+002C "," */
    0x02, 0xbf, 0xb1, 0x00, 0xcf, 0xff, 0xa0, 0x03,
    0xef, 0xff, 0x00, 0x07, 0xff, 0xf0, 0x00, 0x5f,
    0xfc, 0x00, 0x09, 0xff, 0x50, 0x02, 0xff, 0xc0,
    0x00, 0xcf, 0xe1, 0x00, 0x03, 0xb1, 0x00, 0x00,

    /* U+002D "-" */
    0x02, 0x22, 0x22, 0x22, 0x04, 0xff, 0xff, 0xff,
    0xf7, 0x4f, 0xff, 0xff, 0xff, 0x74, 0xff, 0xff,
    0xff, 0xf7,

    /* U+002E "." */
    0x09, 0xd8, 0x09, 0xff, 0xf8, 0xef, 0xff, 0xca,
    0xff, 0xf9, 0x1c, 0xfb, 0x00,

    /* U+002F "/" */
    0x00, 0x00, 0x00, 0x00, 0x00, 0x00, 0x00, 0x00,
    0x00, 0x00, 0x00, 0x00, 0xda, 0x20, 0x00, 0x00,
    0x00, 0x00, 0x05, 0xff, 0xe0, 0x00, 0x00, 0x00,
    0x00, 0x0d, 0xff, 0x70, 0x00, 0x00, 0x00, 0x00,
    0x4f, 0xfe, 0x00, 0x00, 0x00, 0x00, 0x00, 0xcf,
    0xf8, 0x00, 0x00, 0x00, 0x00, 0x03, 0xff, 0xf1,
    0x00, 0x00, 0x00, 0x00, 0x0b, 0xff, 0x90, 0x00,
    0x00, 0x00, 0x00, 0x2f, 0xff, 0x20, 0x00, 0x00,
    0x00, 0x00, 0xaf, 0xfa, 0x00, 0x00, 0x00, 0x00,
    0x02, 0xff, 0xf2, 0x00, 0x00, 0x00, 0x00, 0x09,
    0xff, 0xb0, 0x00, 0x00, 0x00, 0x00, 0x1f, 0xff,
    0x30, 0x00, 0x00, 0x00, 0x00, 0x8f, 0xfc, 0x00,
    0x00, 0x00, 0x00, 0x00, 0xef, 0xf4, 0x00, 0x00,
    0x00, 0x00, 0x07, 0xff, 0xd0, 0x00, 0x00, 0x00,
    0x00, 0x0e, 0xff, 0x50, 0x00, 0x00, 0x00, 0x00,
    0x6f, 0xfd, 0x00, 0x00, 0x00, 0x00, 0x00, 0xdf,
    0xf6, 0x00, 0x00, 0x00, 0x00, 0x05, 0xff, 0xe0,
    0x00, 0x00, 0x00, 0x00, 0x0c, 0xff, 0x70, 0x00,
    0x00, 0x00, 0x00, 0x06, 0xdf, 0x10, 0x00, 0x00,
    0x00, 0x00, 0x00, 0x02, 0x00, 0x00, 0x00, 0x00,
    0x00,

    /* U+0030 "0" */
    0x00, 0x00, 0x6c, 0xff, 0xc5, 0x00, 0x00, 0x00,
    0x0a, 0xff, 0xff, 0xff, 0x80, 0x00, 0x00, 0x8f,
    0xff, 0xff, 0xff, 0xf6, 0x00, 0x01, 0xff, 0xfe,
    0x77, 0xff, 0xfe, 0x00, 0x07, 0xff, 0xf2, 0x00,
    0x4f, 0xff, 0x50, 0x0b, 0xff, 0xa0, 0x00, 0x0d,
    0xff, 0x90, 0x0f, 0xff, 0x60, 0x00, 0x08, 0xff,
    0xd0, 0x0f, 0xff, 0x40, 0x00, 0x06, 0xff, 0xe0,
    0x1f, 0xff, 0x30, 0x00, 0x05, 0xff, 0xf0, 0x1f,
    0xff, 0x20, 0x00, 0x05, 0xff, 0xf0, 0x0f, 0xff,
    0x30, 0x00, 0x06, 0xff, 0xe0, 0x0f, 0xff, 0x50,
    0x00, 0x08, 0xff, 0xd0, 0x0b, 0xff, 0x90, 0x00,
    0x0c, 0xff, 0x90, 0x07, 0xff, 0xf1, 0x00, 0x3f,
    0xff, 0x50, 0x01, 0xff, 0xfd, 0x67, 0xef, 0xfe,
    0x00, 0x00, 0x8f, 0xff, 0xff, 0xff, 0xf6, 0x00,
    0x00, 0x0a, 0xff, 0xff, 0xff, 0x80, 0x00, 0x00,
    0x00, 0x6c, 0xff, 0xc5, 0x00, 0x00,

    /* U+0031 "1" */
    0x00, 0x00, 0x8f, 0xf1, 0x00, 0x03, 0xff, 0xf1,
    0x14, 0x9f, 0xff, 0xf1, 0x4f, 0xff, 0xff, 0xf1,
    0x4f, 0xff, 0xff, 0xf1, 0x4f, 0xc9, 0xff, 0xf1,
    0x00, 0x03, 0xff, 0xf1, 0x00, 0x03, 0xff, 0xf1,
    0x00, 0x03, 0xff, 0xf1, 0x00, 0x03, 0xff, 0xf1,
    0x00, 0x03, 0xff, 0xf1, 0x00, 0x03, 0xff, 0xf1,
    0x00, 0x03, 0xff, 0xf1, 0x00, 0x03, 0xff, 0xf1,
    0x00, 0x03, 0xff, 0xf1, 0x00, 0x03, 0xff, 0xf1,
    0x00, 0x03, 0xff, 0xf1, 0x00, 0x03, 0xff, 0xf1,

    /* U+0032 "2" */
    0x00, 0x02, 0x9e, 0xfe, 0xa2, 0x00, 0x00, 0x6f,
    0xff, 0xff, 0xff, 0x40, 0x05, 0xff, 0xff, 0xff,
    0xff, 0xe0, 0x1e, 0xff, 0xf8, 0x5a, 0xff, 0xf5,
    0x08, 0xfe, 0x20, 0x00, 0xdf, 0xf8, 0x00, 0x43,
    0x00, 0x00, 0xbf, 0xf8, 0x00, 0x00, 0x00, 0x00,
    0xef, 0xf6, 0x00, 0x00, 0x00, 0x06, 0xff, 0xf1,
    0x00, 0x00, 0x00, 0x2f, 0xff, 0xa0, 0x00, 0x00,
    0x01, 0xdf, 0xfe, 0x10, 0x00, 0x00, 0x0c, 0xff,
    0xf4, 0x00, 0x00, 0x00, 0xaf, 0xff, 0x70, 0x00,
    0x00, 0x08, 0xff, 0xf9, 0x00, 0x00, 0x00, 0x6f,
    0xff, 0xb0, 0x00, 0x00, 0x04, 0xff, 0xff, 0x44,
    0x44, 0x43, 0x0d, 0xff, 0xff, 0xff, 0xff, 0xfc,
    0x0e, 0xff, 0xff, 0xff, 0xff, 0xfc, 0x0e, 0xff,
    0xff, 0xff, 0xff, 0xfc,

    /* U+0033 "3" */
    0x00, 0x04, 0xbe, 0xfe, 0xa3, 0x00, 0x00, 0x0a,
    0xff, 0xff, 0xff, 0xf6, 0x00, 0x0b, 0xff, 0xff,
    0xff, 0xff, 0xf1, 0x00, 0x9f, 0xfb, 0x65, 0xaf,
    0xff, 0x60, 0x00, 0x96, 0x00, 0x00, 0xdf, 0xf8,
    0x00, 0x00, 0x00, 0x00, 0x0d, 0xff, 0x60, 0x00,
    0x00, 0x00, 0x29, 0xff, 0xf1, 0x00, 0x00, 0x0d,
    0xff, 0xff, 0xf4, 0x00, 0x00, 0x00, 0xdf, 0xff,
    0xff, 0x40, 0x00, 0x00, 0x0c, 0xef, 0xff, 0xff,
    0x40, 0x00, 0x00, 0x00, 0x04, 0xdf, 0xfd, 0x00,
    0x00, 0x00, 0x00, 0x03, 0xff, 0xf1, 0x00, 0x00,
    0x00, 0x00, 0x1f, 0xff, 0x30, 0x1c, 0x40, 0x00,
    0x06, 0xff, 0xf2, 0x1d, 0xff, 0xa6, 0x58, 0xff,
    0xfd, 0x02, 0xef, 0xff, 0xff, 0xff, 0xff, 0x60,
    0x02, 0xcf, 0xff, 0xff, 0xff, 0x90, 0x00, 0x00,
    0x6b, 0xef, 0xeb, 0x40, 0x00,

    /* U+0034 "4" */
    0x00, 0x00, 0x4f, 0xff, 0x00, 0x00, 0x00, 0x00,
    0x00, 0x9f, 0xfb, 0x00, 0x00, 0x00, 0x00, 0x00,
    0xef, 0xf5, 0x00, 0x00, 0x00, 0x00, 0x04, 0xff,
    0xf0, 0x00, 0x00, 0x00, 0x00, 0x09, 0xff, 0xb0,
    0x00, 0x00, 0x00, 0x00, 0x0e, 0xff, 0x50, 0x00,
    0x00, 0x00, 0x00, 0x4f, 0xff, 0x00, 0x0a, 0xc5,
    0x00, 0x00, 0x9f, 0xfb, 0x00, 0x1f, 0xf7, 0x00,
    0x00, 0xef, 0xf5, 0x00, 0x6f, 0xf7, 0x00, 0x04,
    0xff, 0xf0, 0x00, 0xcf, 0xf7, 0x00, 0x0a, 0xff,
    0xf5, 0x56, 0xff, 0xfc, 0x53, 0x0f, 0xff, 0xff,
    0xff, 0xff, 0xff, 0xfc, 0x2f, 0xff, 0xff, 0xff,
    0xff, 0xff, 0xfc, 0x2f, 0xff, 0xff, 0xff, 0xff,
    0xff, 0xfc, 0x00, 0x00, 0x00, 0x00, 0xdf, 0xf7,
    0x00, 0x00, 0x00, 0x00, 0x00, 0xdf, 0xf7, 0x00,
    0x00, 0x00, 0x00, 0x00, 0xdf, 0xf7, 0x00, 0x00,
    0x00, 0x00, 0x00, 0xdf, 0xf7, 0x00,

    /* U+0035 "5" */
    0x09, 0xff, 0xff, 0xff, 0xff, 0xf9, 0x00, 0x9f,
    0xff, 0xff, 0xff, 0xff, 0x90, 0x09, 0xff, 0xff,
    0xff, 0xff, 0xf9, 0x00, 0x9f, 0xfd, 0x44, 0x44,
    0x44, 0x20, 0x09, 0xff, 0x80, 0x00, 0x00, 0x00,
    0x00, 0x9f, 0xf8, 0x00, 0x00, 0x00, 0x00, 0x09,
    0xff, 0xa9, 0xef, 0xd8, 0x00, 0x00, 0x9f, 0xff,
    0xff, 0xff, 0xfd, 0x10, 0x09, 0xff, 0xff, 0xff,
    0xff, 0xfb, 0x00, 0x9f, 0xff, 0x85, 0x7f, 0xff,
    0xf2, 0x01, 0x69, 0x30, 0x00, 0x3f, 0xff, 0x70,
    0x00, 0x00, 0x00, 0x00, 0xdf, 0xf8, 0x00, 0x00,
    0x00, 0x00, 0x0d, 0xff, 0x80, 0x01, 0x91, 0x00,
    0x02, 0xff, 0xf6, 0x04, 0xef, 0xe6, 0x46, 0xef,
    0xff, 0x10, 0xaf, 0xff, 0xff, 0xff, 0xff, 0x90,
    0x00, 0xaf, 0xff, 0xff, 0xff, 0xb0, 0x00, 0x00,
    0x4a, 0xdf, 0xeb, 0x50, 0x00,

    /* U+0036 "6" */
    0x00, 0x00, 0x29, 0xdf, 0xfc, 0x70, 0x00, 0x00,
    0x05, 0xff, 0xff, 0xff, 0xfe, 0x40, 0x00, 0x4f,
    0xff, 0xff, 0xff, 0xff, 0x60, 0x00, 0xdf, 0xff,
    0x93, 0x37, 0xea, 0x00, 0x06, 0xff, 0xf6, 0x00,
    0x00, 0x11, 0x00, 0x0a, 0xff, 0xd0, 0x00, 0x00,
    0x00, 0x00, 0x0e, 0xff, 0x70, 0x01, 0x20, 0x00,
    0x00, 0x1f, 0xff, 0x46, 0xdf, 0xff, 0xa1, 0x00,
    0x2f, 0xff, 0xcf, 0xff, 0xff, 0xfe, 0x10, 0x3f,
    0xff, 0xff, 0xff, 0xff, 0xff, 0x90, 0x2f, 0xff,
    0xf7, 0x10, 0x4e, 0xff, 0xf0, 0x1f, 0xff, 0xa0,
    0x00, 0x04, 0xff, 0xf2, 0x0e, 0xff, 0x70, 0x00,
    0x01, 0xff, 0xf2, 0x0a, 0xff, 0xb0, 0x00, 0x05,
    0xff, 0xf1, 0x04, 0xff, 0xfa, 0x43, 0x7f, 0xff,
    0xc0, 0x00, 0xbf, 0xff, 0xff, 0xff, 0xff, 0x40,
    0x00, 0x1c, 0xff, 0xff, 0xff, 0xf7, 0x00, 0x00,
    0x00, 0x6c, 0xef, 0xda, 0x30, 0x00,

    /* U+0037 "7" */
    0x4f, 0xff, 0xff, 0xff, 0xff, 0xfc, 0x4f, 0xff,
    0xff, 0xff, 0xff, 0xfc, 0x4f, 0xff, 0xff, 0xff,
    0xff, 0xfc, 0x14, 0x44, 0x44, 0x45, 0xff, 0xf8,
    0x00, 0x00, 0x00, 0x06, 0xff, 0xf1, 0x00, 0x00,
    0x00, 0x0d, 0xff, 0x90, 0x00, 0x00, 0x00, 0x5f,
    0xff, 0x20, 0x00, 0x00, 0x00, 0xcf, 0xfb, 0x00,
    0x00, 0x00, 0x03, 0xff, 0xf4, 0x00, 0x00, 0x00,
    0x0b, 0xff, 0xd0, 0x00, 0x00, 0x00, 0x2f, 0xff,
    0x60, 0x00, 0x00, 0x00, 0x9f, 0xfe, 0x00, 0x00,
    0x00, 0x01, 0xff, 0xf8, 0x00, 0x00, 0x00, 0x08,
    0xff, 0xf1, 0x00, 0x00, 0x00, 0x0e, 0xff, 0xa0,
    0x00, 0x00, 0x00, 0x7f, 0xff, 0x30, 0x00, 0x00,
    0x00, 0xef, 0xfc, 0x00, 0x00, 0x00, 0x05, 0xff,
    0xf5, 0x00, 0x00, 0x00,

    /* U+0038 "8" */
    0x00, 0x02, 0x9d, 0xfe, 0xc6, 0x00, 0x00, 0x04,
    0xff, 0xff, 0xff, 0xfc, 0x00, 0x00, 0xef, 0xff,
    0xff, 0xff, 0xf9, 0x00, 0x6f, 0xff, 0x94, 0x5d,
    0xff, 0xf0, 0x08, 0xff, 0xc0, 0x00, 0x2f, 0xff,
    0x20, 0x7f, 0xfc, 0x00, 0x02, 0xff, 0xf1, 0x03,
    0xff, 0xf9, 0x34, 0xdf, 0xfc, 0x00, 0x09, 0xff,
    0xff, 0xff, 0xff, 0x30, 0x00, 0x0d, 0xff, 0xff,
    0xff, 0x60, 0x00, 0x0a, 0xff, 0xff, 0xff, 0xff,
    0x40, 0x06, 0xff, 0xf5, 0x01, 0xaf, 0xfe, 0x10,
    0xdf, 0xf7, 0x00, 0x00, 0xef, 0xf6, 0x0f, 0xff,
    0x50, 0x00, 0x0c, 0xff, 0x90, 0xff, 0xf9, 0x00,
    0x01, 0xef, 0xf8, 0x0b, 0xff, 0xf9, 0x45, 0xdf,
    0xff, 0x50, 0x4f, 0xff, 0xff, 0xff, 0xff, 0xd0,
    0x00, 0x7f, 0xff, 0xff, 0xff, 0xe2, 0x00, 0x00,
    0x3a, 0xdf, 0xec, 0x71, 0x00,

    /* U+0039 "9" */
    0x00, 0x03, 0xae, 0xfe, 0xb5, 0x00, 0x00, 0x00,
    0x8f, 0xff, 0xff, 0xff, 0xb0, 0x00, 0x05, 0xff,
    0xff, 0xff, 0xff, 0xfa, 0x00, 0x0d, 0xff, 0xe7,
    0x34, 0xbf, 0xff, 0x30, 0x2f, 0xff, 0x40, 0x00,
    0x0c, 0xff, 0xa0, 0x3f, 0xff, 0x00, 0x00, 0x08,
    0xff, 0xe0, 0x3f, 0xff, 0x30, 0x00, 0x0b, 0xff,
    0xf0, 0x1f, 0xff, 0xd4, 0x01, 0x8f, 0xff, 0xf2,
    0x0a, 0xff, 0xff, 0xff, 0xff, 0xff, 0xf2, 0x01,
    0xef, 0xff, 0xff, 0xfc, 0xff, 0xf1, 0x00, 0x1a,
    0xff, 0xfd, 0x55, 0xff, 0xf0, 0x00, 0x00, 0x02,
    0x10, 0x09, 0xff, 0xe0, 0x00, 0x00, 0x00, 0x00,
    0x0e, 0xff, 0x90, 0x00, 0x11, 0x00, 0x00, 0x7f,
    0xff, 0x50, 0x00, 0xbf, 0x84, 0x49, 0xff, 0xfc,
    0x00, 0x07, 0xff, 0xff, 0xff, 0xff, 0xf3, 0x00,
    0x05, 0xef, 0xff, 0xff, 0xff, 0x40, 0x00, 0x00,
    0x17, 0xcf, 0xfd, 0x81, 0x00, 0x00,

    /* U+003A ":" */
    0x1b, 0xfa, 0x0a, 0xff, 0xf9, 0xdf, 0xff, 0xc9,
    0xff, 0xf8, 0x0a, 0xd9, 0x00, 0x00, 0x00, 0x00,
    0x00, 0x00, 0x00, 0x00, 0x09, 0xd8, 0x09, 0xff,
    0xf8, 0xef, 0xff, 0xca, 0xff, 0xf9, 0x1c, 0xfb,
    0x00,

    /* U+003B ";" */
    0x00, 0xbf, 0xb0, 0x0a, 0xff, 0xfa, 0x0d, 0xff,
    0xfc, 0x09, 0xff, 0xf8, 0x00, 0x9d, 0x90, 0x00,
    0x00, 0x00, 0x00, 0x00, 0x00, 0x00, 0x00, 0x00,
    0x00, 0x59, 0x50, 0x09, 0xff, 0xf6, 0x09, 0xff,
    0xfd, 0x00, 0xaf, 0xff, 0x00, 0x6f, 0xfd, 0x00,
    0x8f, 0xf8, 0x00, 0xef, 0xf1, 0x09, 0xff, 0x50,
    0x08, 0xf6, 0x00, 0x00, 0x20, 0x00,

    /* U+003C "<" */
    0x00, 0x00, 0x00, 0x00, 0x04, 0x60, 0x00, 0x00,
    0x00, 0x01, 0x9f, 0xf2, 0x00, 0x00, 0x00, 0x5e,
    0xff, 0xfa, 0x00, 0x00, 0x1b, 0xff, 0xff, 0x91,
    0x00, 0x06, 0xff, 0xff, 0xd4, 0x00, 0x02, 0xcf,
    0xff, 0xf8, 0x00, 0x00, 0x0f, 0xff, 0xfc, 0x20,
    0x00, 0x00, 0x1f, 0xff, 0xf6, 0x00, 0x00, 0x00,
    0x08, 0xff, 0xff, 0xc2, 0x00, 0x00, 0x00, 0x3c,
    0xff, 0xff, 0x70, 0x00, 0x00, 0x00, 0x7f, 0xff,
    0xfd, 0x30, 0x00, 0x00, 0x02, 0xbf, 0xff, 0xf7,
    0x00, 0x00, 0x00, 0x06, 0xef, 0xf5, 0x00, 0x00,
    0x00, 0x00, 0x1a, 0xb0, 0x00, 0x00, 0x00, 0x00,
    0x00, 0x00,

    /* U+003D "=" */
    0x00, 0x00, 0x00, 0x00, 0x00, 0x00, 0x04, 0xff,
    0xff, 0xff, 0xff, 0xff, 0xf1, 0x4f, 0xff, 0xff,
    0xff, 0xff, 0xff, 0x14, 0xff, 0xff, 0xff, 0xff,
    0xff, 0xf1, 0x00, 0x00, 0x00, 0x00, 0x00, 0x00,
    0x00, 0x00, 0x00, 0x00, 0x00, 0x00, 0x00, 0x4f,
    0xff, 0xff, 0xff, 0xff, 0xff, 0x14, 0xff, 0xff,
    0xff, 0xff, 0xff, 0xf1, 0x4f, 0xff, 0xff, 0xff,
    0xff, 0xff, 0x10,

    /* U+003E ">" */
    0x00, 0x70, 0x00, 0x00, 0x00, 0x00, 0x05, 0xfe,
    0x40, 0x00, 0x00, 0x00, 0x0d, 0xff, 0xfa, 0x10,
    0x00, 0x00, 0x02, 0xcf, 0xff, 0xf6, 0x00, 0x00,
    0x00, 0x06, 0xef, 0xff, 0xc2, 0x00, 0x00, 0x00,
    0x1a, 0xff, 0xff, 0x80, 0x00, 0x00, 0x00, 0x4e,
    0xff, 0xfc, 0x00, 0x00, 0x00, 0x07, 0xff, 0xfd,
    0x00, 0x00, 0x02, 0xcf, 0xff, 0xe5, 0x00, 0x00,
    0x8f, 0xff, 0xfa, 0x10, 0x00, 0x3d, 0xff, 0xfd,
    0x40, 0x00, 0x09, 0xff, 0xff, 0x80, 0x00, 0x00,
    0x0a, 0xff, 0xc3, 0x00, 0x00, 0x00, 0x01, 0xe7,
    0x00, 0x00, 0x00, 0x00, 0x00, 0x00, 0x00, 0x00,
    0x00, 0x00,

    /* U+003F "?" */
    0x00, 0x01, 0x8d, 0xfe, 0xc6, 0x00, 0x00, 0x05,
    0xff, 0xff, 0xff, 0xfb, 0x00, 0x07, 0xff, 0xff,
    0xff, 0xff, 0xf9, 0x01, 0xef, 0xff, 0xa6, 0x7e,
    0xff, 0xf1, 0x04, 0xfe, 0x30, 0x00, 0x3f, 0xff,
    0x50, 0x06, 0x20, 0x00, 0x00, 0xef, 0xf7, 0x00,
    0x00, 0x00, 0x00, 0x0f, 0xff, 0x60, 0x00, 0x00,
    0x00, 0x09, 0xff, 0xf2, 0x00, 0x00, 0x00, 0x09,
    0xff, 0xfb, 0x00, 0x00, 0x00, 0x2d, 0xff, 0xfe,
    0x10, 0x00, 0x00, 0x5f, 0xff, 0xfd, 0x20, 0x00,
    0x00, 0x02, 0xff, 0xfa, 0x10, 0x00, 0x00, 0x00,
    0x08, 0xe6, 0x00, 0x00, 0x00, 0x00, 0x00, 0x01,
    0x00, 0x00, 0x00, 0x00, 0x00, 0x03, 0x85, 0x00,
    0x00, 0x00, 0x00, 0x03, 0xff, 0xf7, 0x00, 0x00,
    0x00, 0x00, 0x8f, 0xff, 0xc0, 0x00, 0x00, 0x00,
    0x06, 0xff, 0xfa, 0x00, 0x00, 0x00, 0x00, 0x09,
    0xfc, 0x10, 0x00, 0x00,

    /* U+0040 "@" */
    0x00, 0x00, 0x00, 0x04, 0x9c, 0xee, 0xc9, 0x40,
    0x00, 0x00, 0x00, 0x00, 0x00, 0x4d, 0xff, 0xff,
    0xff, 0xff, 0xd4, 0x00, 0x00, 0x00, 0x00, 0x7f,
    0xff, 0xff, 0xff, 0xff, 0xff, 0xf7, 0x00, 0x00,
    0x00, 0x7f, 0xff, 0xe8, 0x31, 0x02, 0x7e, 0xff,
    0xf6, 0x00, 0x00, 0x4f, 0xff, 0xb0, 0x00, 0x00,
    0x00, 0x1b, 0xff, 0xf2, 0x00, 0x0d, 0xff, 0xb0,
    0x01, 0x68, 0x60, 0x59, 0x4c, 0xff, 0xa0, 0x04,
    0xff, 0xe1, 0x04, 0xff, 0xff, 0xcf, 0xf4, 0x3f,
    0xff, 0x00, 0x9f, 0xf8, 0x03, 0xff, 0xff, 0xff,
    0xff, 0x10, 0xdf, 0xf4, 0x0e, 0xff, 0x30, 0xdf,
    0xf9, 0x17, 0xff, 0xe0, 0x0a, 0xff, 0x60, 0xff,
    0xf0, 0x3f, 0xfe, 0x00, 0x2f, 0xfa, 0x00, 0x9f,
    0xf6, 0x1f, 0xff, 0x06, 0xff, 0x90, 0x05, 0xff,
    0x80, 0x0a, 0xff, 0x50, 0xff, 0xf0, 0x8f, 0xf8,
    0x00, 0xdf, 0xf5, 0x00, 0xef, 0xf1, 0x0f, 0xff,
    0x27, 0xff, 0xc0, 0x4f, 0xff, 0x80, 0x9f, 0xfb,
    0x00, 0xbf, 0xf7, 0x2f, 0xff, 0xff, 0xff, 0xff,
    0xff, 0xff, 0x20, 0x07, 0xff, 0xd0, 0x7f, 0xff,
    0xfa, 0x9f, 0xff, 0xfe, 0x30, 0x00, 0x1f, 0xff,
    0x90, 0x48, 0x84, 0x00, 0x48, 0x95, 0x00, 0x00,
    0x00, 0x8f, 0xff, 0x90, 0x00, 0x00, 0x00, 0x04,
    0x80, 0x00, 0x00, 0x00, 0xbf, 0xff, 0xd7, 0x20,
    0x01, 0x4b, 0xff, 0x50, 0x00, 0x00, 0x00, 0xbf,
    0xff, 0xff, 0xff, 0xff, 0xff, 0xfb, 0x00, 0x00,
    0x00, 0x00, 0x7e, 0xff, 0xff, 0xff, 0xff, 0xf8,
    0x00, 0x00, 0x00, 0x00, 0x00, 0x06, 0xad, 0xff,
    0xeb, 0x71, 0x00, 0x00, 0x00,

    /* U+0041 "A" */
    0x00, 0x00, 0x00, 0xcf, 0xff, 0x60, 0x00, 0x00,
    0x00, 0x00, 0x00, 0x1f, 0xff, 0xfb, 0x00, 0x00,
    0x00, 0x00, 0x00, 0x07, 0xff, 0xff, 0xf0, 0x00,
    0x00, 0x00, 0x00, 0x00, 0xcf, 0xff, 0xff, 0x50,
    0x00, 0x00, 0x00, 0x00, 0x1f, 0xff, 0x9f, 0xfa,
    0x00, 0x00, 0x00, 0x00, 0x07, 0xff, 0xc2, 0xff,
    0xf0, 0x00, 0x00, 0x00, 0x00, 0xcf, 0xf6, 0x0d,
    0xff, 0x50, 0x00, 0x00, 0x00, 0x1f, 0xff, 0x10,
    0x8f, 0xfa, 0x00, 0x00, 0x00, 0x07, 0xff, 0xc0,
    0x03, 0xff, 0xf0, 0x00, 0x00, 0x00, 0xcf, 0xf7,
    0x00, 0x0e, 0xff, 0x40, 0x00, 0x00, 0x2f, 0xff,
    0x10, 0x00, 0x9f, 0xfa, 0x00, 0x00, 0x07, 0xff,
    0xff, 0xff, 0xff, 0xff, 0xe0, 0x00, 0x00, 0xcf,
    0xff, 0xff, 0xff, 0xff, 0xff, 0x40, 0x00, 0x2f,
    0xff, 0xff, 0xff, 0xff, 0xff, 0xf9, 0x00, 0x07,
    0xff, 0xf2, 0x22, 0x22, 0x27, 0xff, 0xe0, 0x00,
    0xdf, 0xf7, 0x00, 0x00, 0x00, 0x0f, 0xff, 0x40,
    0x2f, 0xff, 0x20, 0x00, 0x00, 0x00, 0xbf, 0xf9,
    0x07, 0xff, 0xd0, 0x00, 0x00, 0x00, 0x06, 0xff,
    0xe0,

    /* U+0042 "B" */
    0x4f, 0xff, 0xff, 0xfe, 0xd9, 0x20, 0x04, 0xff,
    0xff, 0xff, 0xff, 0xff, 0x30, 0x4f, 0xff, 0xff,
    0xff, 0xff, 0xfd, 0x04, 0xff, 0xf4, 0x44, 0x6d,
    0xff, 0xf2, 0x4f, 0xff, 0x00, 0x00, 0x3f, 0xff,
    0x44, 0xff, 0xf0, 0x00, 0x01, 0xff, 0xf3, 0x4f,
    0xff, 0x00, 0x01, 0xaf, 0xfe, 0x04, 0xff, 0xff,
    0xff, 0xff, 0xff, 0x50, 0x4f, 0xff, 0xff, 0xff,
    0xff, 0xa0, 0x04, 0xff, 0xff, 0xff, 0xff, 0xff,
    0x90, 0x4f, 0xff, 0x00, 0x00, 0x6f, 0xff, 0x44,
    0xff, 0xf0, 0x00, 0x00, 0xbf, 0xfa, 0x4f, 0xff,
    0x00, 0x00, 0x09, 0xff, 0xc4, 0xff, 0xf0, 0x00,
    0x00, 0xcf, 0xfb, 0x4f, 0xff, 0x44, 0x45, 0xaf,
    0xff, 0x94, 0xff, 0xff, 0xff, 0xff, 0xff, 0xf3,
    0x4f, 0xff, 0xff, 0xff, 0xff, 0xf7, 0x04, 0xff,
    0xff, 0xff, 0xfe, 0xa3, 0x00,

    /* U+0043 "C" */
    0x00, 0x00, 0x02, 0x8d, 0xef, 0xec, 0x71, 0x00,
    0x00, 0x00, 0x00, 0xaf, 0xff, 0xff, 0xff, 0xff,
    0x50, 0x00, 0x00, 0x1d, 0xff, 0xff, 0xff, 0xff,
    0xff, 0xf6, 0x00, 0x00, 0xbf, 0xff, 0xf9, 0x65,
    0x7c, 0xff, 0xff, 0x30, 0x05, 0xff, 0xfd, 0x10,
    0x00, 0x00, 0x6f, 0xff, 0xd0, 0x0c, 0xff, 0xe1,
    0x00, 0x00, 0x00, 0x06, 0xe8, 0x20, 0x1f, 0xff,
    0x70, 0x00, 0x00, 0x00, 0x00, 0x00, 0x00, 0x4f,
    0xff, 0x20, 0x00, 0x00, 0x00, 0x00, 0x00, 0x00,
    0x5f, 0xff, 0x00, 0x00, 0x00, 0x00, 0x00, 0x00,
    0x00, 0x6f, 0xff, 0x00, 0x00, 0x00, 0x00, 0x00,
    0x00, 0x00, 0x4f, 0xff, 0x20, 0x00, 0x00, 0x00,
    0x00, 0x00, 0x00, 0x1f, 0xff, 0x70, 0x00, 0x00,
    0x00, 0x00, 0x00, 0x00, 0x0d, 0xff, 0xe1, 0x00,
    0x00, 0x00, 0x06, 0xe8, 0x20, 0x06, 0xff, 0xfc,
    0x10, 0x00, 0x00, 0x6f, 0xff, 0xd0, 0x00, 0xbf,
    0xff, 0xf9, 0x65, 0x7c, 0xff, 0xff, 0x30, 0x00,
    0x1d, 0xff, 0xff, 0xff, 0xff, 0xff, 0xf6, 0x00,
    0x00, 0x00, 0xbf, 0xff, 0xff, 0xff, 0xff, 0x50,
    0x00, 0x00, 0x00, 0x04, 0x9d, 0xff, 0xec, 0x71,
    0x00, 0x00,

    /* U+0044 "D" */
    0x4f, 0xff, 0xff, 0xff, 0xc8, 0x20, 0x00, 0x00,
    0x4f, 0xff, 0xff, 0xff, 0xff, 0xf8, 0x00, 0x00,
    0x4f, 0xff, 0xff, 0xff, 0xff, 0xff, 0xb0, 0x00,
    0x4f, 0xff, 0x44, 0x46, 0xaf, 0xff, 0xf8, 0x00,
    0x4f, 0xff, 0x00, 0x00, 0x03, 0xef, 0xff, 0x20,
    0x4f, 0xff, 0x00, 0x00, 0x00, 0x3f, 0xff, 0x80,
    0x4f, 0xff, 0x00, 0x00, 0x00, 0x0b, 0xff, 0xd0,
    0x4f, 0xff, 0x00, 0x00, 0x00, 0x07, 0xff, 0xf0,
    0x4f, 0xff, 0x00, 0x00, 0x00, 0x05, 0xff, 0xf0,
    0x4f, 0xff, 0x00, 0x00, 0x00, 0x05, 0xff, 0xf0,
    0x4f, 0xff, 0x00, 0x00, 0x00, 0x07, 0xff, 0xf0,
    0x4f, 0xff, 0x00, 0x00, 0x00, 0x0b, 0xff, 0xd0,
    0x4f, 0xff, 0x00, 0x00, 0x00, 0x3f, 0xff, 0x90,
    0x4f, 0xff, 0x00, 0x00, 0x03, 0xef, 0xff, 0x30,
    0x4f, 0xff, 0x44, 0x46, 0xaf, 0xff, 0xf9, 0x00,
    0x4f, 0xff, 0xff, 0xff, 0xff, 0xff, 0xc0, 0x00,
    0x4f, 0xff, 0xff, 0xff, 0xff, 0xf9, 0x00, 0x00,
    0x4f, 0xff, 0xff, 0xff, 0xc9, 0x30, 0x00, 0x00,

    /* U+0045 "E" */
    0x4f, 0xff, 0xff, 0xff, 0xff, 0xf6, 0x4f, 0xff,
    0xff, 0xff, 0xff, 0xf6, 0x4f, 0xff, 0xff, 0xff,
    0xff, 0xf6, 0x4f, 0xff, 0x33, 0x33, 0x33, 0x31,
    0x4f, 0xff, 0x00, 0x00, 0x00, 0x00, 0x4f, 0xff,
    0x00, 0x00, 0x00, 0x00, 0x4f, 0xff, 0x00, 0x00,
    0x00, 0x00, 0x4f, 0xff, 0x44, 0x44, 0x43, 0x00,
    0x4f, 0xff, 0xff, 0xff, 0xff, 0x00, 0x4f, 0xff,
    0xff, 0xff, 0xff, 0x00, 0x4f, 0xff, 0xff, 0xff,
    0xff, 0x00, 0x4f, 0xff, 0x00, 0x00, 0x00, 0x00,
    0x4f, 0xff, 0x00, 0x00, 0x00, 0x00, 0x4f, 0xff,
    0x00, 0x00, 0x00, 0x00, 0x4f, 0xff, 0x44, 0x44,
    0x44, 0x41, 0x4f, 0xff, 0xff, 0xff, 0xff, 0xf6,
    0x4f, 0xff, 0xff, 0xff, 0xff, 0xf6, 0x4f, 0xff,
    0xff, 0xff, 0xff, 0xf6,

    /* U+0046 "F" */
    0x4f, 0xff, 0xff, 0xff, 0xff, 0xf3, 0x4f, 0xff,
    0xff, 0xff, 0xff, 0xf3, 0x4f, 0xff, 0xff, 0xff,
    0xff, 0xf3, 0x4f, 0xff, 0x44, 0x44, 0x44, 0x40,
    0x4f, 0xff, 0x00, 0x00, 0x00, 0x00, 0x4f, 0xff,
    0x00, 0x00, 0x00, 0x00, 0x4f, 0xff, 0x00, 0x00,
    0x00, 0x00, 0x4f, 0xff, 0x44, 0x44, 0x43, 0x00,
    0x4f, 0xff, 0xff, 0xff, 0xfe, 0x00, 0x4f, 0xff,
    0xff, 0xff, 0xfe, 0x00, 0x4f, 0xff, 0xff, 0xff,
    0xfe, 0x00, 0x4f, 0xff, 0x00, 0x00, 0x00, 0x00,
    0x4f, 0xff, 0x00, 0x00, 0x00, 0x00, 0x4f, 0xff,
    0x00, 0x00, 0x00, 0x00, 0x4f, 0xff, 0x00, 0x00,
    0x00, 0x00, 0x4f, 0xff, 0x00, 0x00, 0x00, 0x00,
    0x4f, 0xff, 0x00, 0x00, 0x00, 0x00, 0x4f, 0xff,
    0x00, 0x00, 0x00, 0x00,

    /* U+0047 "G" */
    0x00, 0x00, 0x02, 0x8d, 0xef, 0xec, 0x71, 0x00,
    0x00, 0x00, 0x00, 0x9f, 0xff, 0xff, 0xff, 0xff,
    0x50, 0x00, 0x00, 0x1c, 0xff, 0xff, 0xff, 0xff,
    0xff, 0xf7, 0x00, 0x00, 0xbf, 0xff, 0xf9, 0x65,
    0x7b, 0xff, 0xff, 0x40, 0x04, 0xff, 0xfd, 0x10,
    0x00, 0x00, 0x4e, 0xff, 0xb0, 0x0c, 0xff, 0xe1,
    0x00, 0x00, 0x00, 0x04, 0x83, 0x00, 0x1f, 0xff,
    0x70, 0x00, 0x00, 0x00, 0x00, 0x00, 0x00, 0x4f,
    0xff, 0x20, 0x00, 0x00, 0x00, 0x00, 0x00, 0x00,
    0x5f, 0xff, 0x00, 0x00, 0x0f, 0xff, 0xff, 0xff,
    0xf6, 0x6f, 0xff, 0x00, 0x00, 0x0f, 0xff, 0xff,
    0xff, 0xf7, 0x4f, 0xff, 0x10, 0x00, 0x0f, 0xff,
    0xff, 0xff, 0xf6, 0x1f, 0xff, 0x60, 0x00, 0x01,
    0x11, 0x12, 0xff, 0xf4, 0x0d, 0xff, 0xe1, 0x00,
    0x00, 0x00, 0x08, 0xff, 0xf0, 0x06, 0xff, 0xfc,
    0x10, 0x00, 0x00, 0x6f, 0xff, 0x90, 0x00, 0xbf,
    0xff, 0xe8, 0x44, 0x6b, 0xff, 0xfe, 0x10, 0x00,
    0x1d, 0xff, 0xff, 0xff, 0xff, 0xff, 0xf3, 0x00,
    0x00, 0x00, 0xaf, 0xff, 0xff, 0xff, 0xfc, 0x20,
    0x00, 0x00, 0x00, 0x03, 0x9d, 0xff, 0xea, 0x50,
    0x00, 0x00,

    /* U+0048 "H" */
    0x4f, 0xff, 0x00, 0x00, 0x00, 0x0e, 0xff, 0x64,
    0xff, 0xf0, 0x00, 0x00, 0x00, 0xef, 0xf6, 0x4f,
    0xff, 0x00, 0x00, 0x00, 0x0e, 0xff, 0x64, 0xff,
    0xf0, 0x00, 0x00, 0x00, 0xef, 0xf6, 0x4f, 0xff,
    0x00, 0x00, 0x00, 0x0e, 0xff, 0x64, 0xff, 0xf0,
    0x00, 0x00, 0x00, 0xef, 0xf6, 0x4f, 0xff, 0x00,
    0x00, 0x00, 0x0e, 0xff, 0x64, 0xff, 0xf4, 0x44,
    0x44, 0x44, 0xff, 0xf6, 0x4f, 0xff, 0xff, 0xff,
    0xff, 0xff, 0xff, 0x64, 0xff, 0xff, 0xff, 0xff,
    0xff, 0xff, 0xf6, 0x4f, 0xff, 0xff, 0xff, 0xff,
    0xff, 0xff, 0x64, 0xff, 0xf0, 0x00, 0x00, 0x00,
    0xef, 0xf6, 0x4f, 0xff, 0x00, 0x00, 0x00, 0x0e,
    0xff, 0x64, 0xff, 0xf0, 0x00, 0x00, 0x00, 0xef,
    0xf6, 0x4f, 0xff, 0x00, 0x00, 0x00, 0x0e, 0xff,
    0x64, 0xff, 0xf0, 0x00, 0x00, 0x00, 0xef, 0xf6,
    0x4f, 0xff, 0x00, 0x00, 0x00, 0x0e, 0xff, 0x64,
    0xff, 0xf0, 0x00, 0x00, 0x00, 0xef, 0xf6,

    /* U+0049 "I" */
    0x4f, 0xff, 0x4f, 0xff, 0x4f, 0xff, 0x4f, 0xff,
    0x4f, 0xff, 0x4f, 0xff, 0x4f, 0xff, 0x4f, 0xff,
    0x4f, 0xff, 0x4f, 0xff, 0x4f, 0xff, 0x4f, 0xff,
    0x4f, 0xff, 0x4f, 0xff, 0x4f, 0xff, 0x4f, 0xff,
    0x4f, 0xff, 0x4f, 0xff,

    /* U+004A "J" */
    0x00, 0x00, 0x00, 0x00, 0x5f, 0xff, 0x00, 0x00,
    0x00, 0x00, 0x5f, 0xff, 0x00, 0x00, 0x00, 0x00,
    0x5f, 0xff, 0x00, 0x00, 0x00, 0x00, 0x5f, 0xff,
    0x00, 0x00, 0x00, 0x00, 0x5f, 0xff, 0x00, 0x00,
    0x00, 0x00, 0x5f, 0xff, 0x00, 0x00, 0x00, 0x00,
    0x5f, 0xff, 0x00, 0x00, 0x00, 0x00, 0x5f, 0xff,
    0x00, 0x00, 0x00, 0x00, 0x5f, 0xff, 0x00, 0x00,
    0x00, 0x00, 0x5f, 0xff, 0x00, 0x00, 0x00, 0x00,
    0x5f, 0xff, 0x1c, 0xcc, 0x20, 0x00, 0x5f, 0xff,
    0x1f, 0xff, 0x30, 0x00, 0x6f, 0xfe, 0x0f, 0xff,
    0x70, 0x00, 0xaf, 0xfd, 0x0c, 0xff, 0xf7, 0x59,
    0xff, 0xf8, 0x05, 0xff, 0xff, 0xff, 0xff, 0xf2,
    0x00, 0x9f, 0xff, 0xff, 0xff, 0x50, 0x00, 0x05,
    0xbe, 0xfe, 0xa3, 0x00,

    /* U+004B "K" */
    0x4f, 0xff, 0x00, 0x00, 0x02, 0xef, 0xfe, 0x14,
    0xff, 0xf0, 0x00, 0x01, 0xdf, 0xff, 0x20, 0x4f,
    0xff, 0x00, 0x00, 0xcf, 0xff, 0x40, 0x04, 0xff,
    0xf0, 0x00, 0xaf, 0xff, 0x60, 0x00, 0x4f, 0xff,
    0x00, 0x8f, 0xff, 0x80, 0x00, 0x04, 0xff, 0xf0,
    0x6f, 0xff, 0xa0, 0x00, 0x00, 0x4f, 0xff, 0x4f,
    0xff, 0xc0, 0x00, 0x00, 0x04, 0xff, 0xff, 0xff,
    0xd1, 0x00, 0x00, 0x00, 0x4f, 0xff, 0xff, 0xf2,
    0x00, 0x00, 0x00, 0x04, 0xff, 0xff, 0xff, 0x30,
    0x00, 0x00, 0x00, 0x4f, 0xff, 0xff, 0xfe, 0x20,
    0x00, 0x00, 0x04, 0xff, 0xf5, 0xff, 0xfd, 0x10,
    0x00, 0x00, 0x4f, 0xff, 0x07, 0xff, 0xfb, 0x00,
    0x00, 0x04, 0xff, 0xf0, 0x0a, 0xff, 0xf9, 0x00,
    0x00, 0x4f, 0xff, 0x00, 0x0c, 0xff, 0xf7, 0x00,
    0x04, 0xff, 0xf0, 0x00, 0x1d, 0xff, 0xf5, 0x00,
    0x4f, 0xff, 0x00, 0x00, 0x2f, 0xff, 0xf3, 0x04,
    0xff, 0xf0, 0x00, 0x00, 0x4f, 0xff, 0xe2,

    /* U+004C "L" */
    0x4f, 0xff, 0x00, 0x00, 0x00, 0x04, 0xff, 0xf0,
    0x00, 0x00, 0x00, 0x4f, 0xff, 0x00, 0x00, 0x00,
    0x04, 0xff, 0xf0, 0x00, 0x00, 0x00, 0x4f, 0xff,
    0x00, 0x00, 0x00, 0x04, 0xff, 0xf0, 0x00, 0x00,
    0x00, 0x4f, 0xff, 0x00, 0x00, 0x00, 0x04, 0xff,
    0xf0, 0x00, 0x00, 0x00, 0x4f, 0xff, 0x00, 0x00,
    0x00, 0x04, 0xff, 0xf0, 0x00, 0x00, 0x00, 0x4f,
    0xff, 0x00, 0x00, 0x00, 0x04, 0xff, 0xf0, 0x00,
    0x00, 0x00, 0x4f, 0xff, 0x00, 0x00, 0x00, 0x04,
    0xff, 0xf0, 0x00, 0x00, 0x00, 0x4f, 0xff, 0x44,
    0x44, 0x44, 0x34, 0xff, 0xff, 0xff, 0xff, 0xfe,
    0x4f, 0xff, 0xff, 0xff, 0xff, 0xe4, 0xff, 0xff,
    0xff, 0xff, 0xfe,

    /* U+004D "M" */
    0x00, 0x06, 0xff, 0xc0, 0x00, 0x00, 0x00, 0x1f,
    0xff, 0x10, 0x00, 0x00, 0x08, 0xff, 0xf2, 0x00,
    0x00, 0x00, 0x6f, 0xff, 0x40, 0x00, 0x00, 0x0b,
    0xff, 0xf7, 0x00, 0x00, 0x00, 0xcf, 0xff, 0x60,
    0x00, 0x00, 0x0e, 0xff, 0xfd, 0x00, 0x00, 0x01,
    0xff, 0xff, 0x90, 0x00, 0x00, 0x0f, 0xff, 0xff,
    0x20, 0x00, 0x07, 0xff, 0xff, 0xc0, 0x00, 0x00,
    0x3f, 0xff, 0xff, 0x70, 0x00, 0x0c, 0xff, 0xff,
    0xe0, 0x00, 0x00, 0x6f, 0xfc, 0xff, 0xd0, 0x00,
    0x2f, 0xfd, 0xff, 0xf1, 0x00, 0x00, 0x9f, 0xf8,
    0xdf, 0xf2, 0x00, 0x7f, 0xf8, 0xdf, 0xf4, 0x00,
    0x00, 0xbf, 0xf5, 0x9f, 0xf8, 0x00, 0xdf, 0xf3,
    0xaf, 0xf6, 0x00, 0x00, 0xef, 0xf3, 0x4f, 0xfd,
    0x02, 0xff, 0xe0, 0x8f, 0xf9, 0x00, 0x01, 0xff,
    0xf1, 0x0e, 0xff, 0x37, 0xff, 0xa0, 0x6f, 0xfc,
    0x00, 0x03, 0xff, 0xf0, 0x09, 0xff, 0x8d, 0xff,
    0x40, 0x3f, 0xff, 0x00, 0x06, 0xff, 0xc0, 0x04,
    0xff, 0xff, 0xfe, 0x00, 0x1f, 0xff, 0x10, 0x09,
    0xff, 0xa0, 0x00, 0xef, 0xff, 0xfa, 0x00, 0x0f,
    0xff, 0x40, 0x0c, 0xff, 0x70, 0x00, 0x9f, 0xff,
    0xf4, 0x00, 0x0c, 0xff, 0x70, 0x0e, 0xff, 0x50,
    0x00, 0x4f, 0xff, 0xe0, 0x00, 0x0a, 0xff, 0x90,
    0x1f, 0xff, 0x30, 0x00, 0x0e, 0xff, 0x90, 0x00,
    0x08, 0xff, 0xc0, 0x4f, 0xff, 0x00, 0x00, 0x09,
    0xff, 0x40, 0x00, 0x05, 0xff, 0xf0,

    /* U+004E "N" */
    0x4f, 0xfe, 0x10, 0x00, 0x00, 0x00, 0xff, 0xf4,
    0x4f, 0xff, 0xa0, 0x00, 0x00, 0x00, 0xff, 0xf4,
    0x4f, 0xff, 0xf6, 0x00, 0x00, 0x00, 0xff, 0xf4,
    0x4f, 0xff, 0xff, 0x20, 0x00, 0x00, 0xff, 0xf4,
    0x4f, 0xff, 0xff, 0xc0, 0x00, 0x00, 0xff, 0xf4,
    0x4f, 0xff, 0xff, 0xf8, 0x00, 0x00, 0xff, 0xf4,
    0x4f, 0xff, 0xcf, 0xff, 0x30, 0x00, 0xff, 0xf4,
    0x4f, 0xff, 0x2f, 0xff, 0xe0, 0x00, 0xff, 0xf4,
    0x4f, 0xff, 0x06, 0xff, 0xfa, 0x00, 0xff, 0xf4,
    0x4f, 0xff, 0x00, 0xbf, 0xff, 0x50, 0xff, 0xf4,
    0x4f, 0xff, 0x00, 0x1e, 0xff, 0xf2, 0xff, 0xf4,
    0x4f, 0xff, 0x00, 0x04, 0xff, 0xfc, 0xff, 0xf4,
    0x4f, 0xff, 0x00, 0x00, 0x9f, 0xff, 0xff, 0xf4,
    0x4f, 0xff, 0x00, 0x00, 0x0d, 0xff, 0xff, 0xf4,
    0x4f, 0xff, 0x00, 0x00, 0x02, 0xff, 0xff, 0xf4,
    0x4f, 0xff, 0x00, 0x00, 0x00, 0x7f, 0xff, 0xf4,
    0x4f, 0xff, 0x00, 0x00, 0x00, 0x0b, 0xff, 0xf4,
    0x4f, 0xff, 0x00, 0x00, 0x00, 0x01, 0xef, 0xf4,

    /* U+004F "O" */
    0x00, 0x00, 0x02, 0x8c, 0xef, 0xeb, 0x71, 0x00,
    0x00, 0x00, 0x00, 0x09, 0xff, 0xff, 0xff, 0xff,
    0xe6, 0x00, 0x00, 0x00, 0x0c, 0xff, 0xff, 0xff,
    0xff, 0xff, 0xf9, 0x00, 0x00, 0x0b, 0xff, 0xff,
    0xa7, 0x57, 0xcf, 0xff, 0xf7, 0x00, 0x04, 0xff,
    0xfd, 0x20, 0x00, 0x00, 0x4f, 0xff, 0xf1, 0x00,
    0xcf, 0xfe, 0x10, 0x00, 0x00, 0x00, 0x4f, 0xff,
    0x80, 0x1f, 0xff, 0x70, 0x00, 0x00, 0x00, 0x00,
    0xbf, 0xfd, 0x04, 0xff, 0xf2, 0x00, 0x00, 0x00,
    0x00, 0x06, 0xff, 0xf0, 0x5f, 0xff, 0x00, 0x00,
    0x00, 0x00, 0x00, 0x4f, 0xff, 0x15, 0xff, 0xf0,
    0x00, 0x00, 0x00, 0x00, 0x04, 0xff, 0xf1, 0x4f,
    0xff, 0x20, 0x00, 0x00, 0x00, 0x00, 0x6f, 0xff,
    0x01, 0xff, 0xf7, 0x00, 0x00, 0x00, 0x00, 0x0b,
    0xff, 0xc0, 0x0c, 0xff, 0xe1, 0x00, 0x00, 0x00,
    0x04, 0xff, 0xf8, 0x00, 0x4f, 0xff, 0xd2, 0x00,
    0x00, 0x05, 0xff, 0xff, 0x10, 0x00, 0xaf, 0xff,
    0xfb, 0x76, 0x7c, 0xff, 0xff, 0x60, 0x00, 0x00,
    0xcf, 0xff, 0xff, 0xff, 0xff, 0xff, 0x90, 0x00,
    0x00, 0x00, 0x9f, 0xff, 0xff, 0xff, 0xfe, 0x60,
    0x00, 0x00, 0x00, 0x00, 0x28, 0xce, 0xfe, 0xb7,
    0x10, 0x00, 0x00,

    /* U+0050 "P" */
    0x4f, 0xff, 0xff, 0xfe, 0xc6, 0x00, 0x04, 0xff,
    0xff, 0xff, 0xff, 0xfc, 0x10, 0x4f, 0xff, 0xff,
    0xff, 0xff, 0xfc, 0x04, 0xff, 0xf4, 0x44, 0x6d,
    0xff, 0xf5, 0x4f, 0xff, 0x00, 0x00, 0x0e, 0xff,
    0xb4, 0xff, 0xf0, 0x00, 0x00, 0x7f, 0xfe, 0x4f,
    0xff, 0x00, 0x00, 0x06, 0xff, 0xf4, 0xff, 0xf0,
    0x00, 0x00, 0x8f, 0xfe, 0x4f, 0xff, 0x00, 0x00,
    0x1e, 0xff, 0xb4, 0xff, 0xf4, 0x44, 0x7e, 0xff,
    0xf5, 0x4f, 0xff, 0xff, 0xff, 0xff, 0xfc, 0x04,
    0xff, 0xff, 0xff, 0xff, 0xfd, 0x10, 0x4f, 0xff,
    0xff, 0xfe, 0xc6, 0x00, 0x04, 0xff, 0xf0, 0x00,
    0x00, 0x00, 0x00, 0x4f, 0xff, 0x00, 0x00, 0x00,
    0x00, 0x04, 0xff, 0xf0, 0x00, 0x00, 0x00, 0x00,
    0x4f, 0xff, 0x00, 0x00, 0x00, 0x00, 0x04, 0xff,
    0xf0, 0x00, 0x00, 0x00, 0x00,

    /* U+0051 "Q" */
    0x00, 0x00, 0x02, 0x8c, 0xef, 0xeb, 0x71, 0x00,
    0x00, 0x00, 0x00, 0x09, 0xff, 0xff, 0xff, 0xff,
    0xe6, 0x00, 0x00, 0x00, 0x0c, 0xff, 0xff, 0xff,
    0xff, 0xff, 0xf9, 0x00, 0x00, 0x0b, 0xff, 0xff,
    0xa7, 0x57, 0xcf, 0xff, 0xf7, 0x00, 0x04, 0xff,
    0xfd, 0x20, 0x00, 0x00, 0x4f, 0xff, 0xf1, 0x00,
    0xcf, 0xfe, 0x10, 0x00, 0x00, 0x00, 0x4f, 0xff,
    0x80, 0x1f, 0xff, 0x70, 0x00, 0x00, 0x00, 0x00,
    0xbf, 0xfd, 0x04, 0xff, 0xf2, 0x00, 0x00, 0x00,
    0x00, 0x06, 0xff, 0xf0, 0x5f, 0xff, 0x00, 0x00,
    0x00, 0x00, 0x00, 0x4f, 0xff, 0x15, 0xff, 0xf0,
    0x00, 0x00, 0x00, 0x00, 0x04, 0xff, 0xf1, 0x4f,
    0xff, 0x20, 0x00, 0x0a, 0xdd, 0x70, 0x6f, 0xff,
    0x01, 0xff, 0xf7, 0x00, 0x00, 0x3f, 0xff, 0x2b,
    0xff, 0xc0, 0x0c, 0xff, 0xe1, 0x00, 0x00, 0xaf,
    0xff, 0xff, 0xf8, 0x00, 0x4f, 0xff, 0xd2, 0x00,
    0x01, 0xff, 0xff, 0xff, 0x10, 0x00, 0xaf, 0xff,
    0xfb, 0x76, 0x7f, 0xff, 0xff, 0x60, 0x00, 0x00,
    0xcf, 0xff, 0xff, 0xff, 0xff, 0xff, 0xf0, 0x00,
    0x00, 0x00, 0x9f, 0xff, 0xff, 0xff, 0xff, 0xfe,
    0x10, 0x00, 0x00, 0x00, 0x28, 0xce, 0xfe, 0xb7,
    0xdf, 0xf8, 0x00, 0x00, 0x00, 0x00, 0x00, 0x00,
    0x00, 0x03, 0xff, 0xf2, 0x00,

    /* U+0052 "R" */
    0x4f, 0xff, 0xff, 0xff, 0xd7, 0x10, 0x00, 0x4f,
    0xff, 0xff, 0xff, 0xff, 0xe3, 0x00, 0x4f, 0xff,
    0xff, 0xff, 0xff, 0xfe, 0x10, 0x4f, 0xff, 0x44,
    0x45, 0xbf, 0xff, 0x90, 0x4f, 0xff, 0x00, 0x00,
    0x0b, 0xff, 0xf0, 0x4f, 0xff, 0x00, 0x00, 0x05,
    0xff, 0xf1, 0x4f, 0xff, 0x00, 0x00, 0x04, 0xff,
    0xf1, 0x4f, 0xff, 0x00, 0x00, 0x08, 0xff, 0xf0,
    0x4f, 0xff, 0x00, 0x01, 0x7f, 0xff, 0xb0, 0x4f,
    0xff, 0xff, 0xff, 0xff, 0xff, 0x30, 0x4f, 0xff,
    0xff, 0xff, 0xff, 0xf7, 0x00, 0x4f, 0xff, 0xff,
    0xff, 0xff, 0x50, 0x00, 0x4f, 0xff, 0x44, 0x5f,
    0xff, 0x80, 0x00, 0x4f, 0xff, 0x00, 0x08, 0xff,
    0xf1, 0x00, 0x4f, 0xff, 0x00, 0x01, 0xff, 0xf8,
    0x00, 0x4f, 0xff, 0x00, 0x00, 0x8f, 0xff, 0x10,
    0x4f, 0xff, 0x00, 0x00, 0x1f, 0xff, 0x90, 0x4f,
    0xff, 0x00, 0x00, 0x08, 0xff, 0xf1,

    /* U+0053 "S" */
    0x00, 0x00, 0x7c, 0xef, 0xda, 0x40, 0x00, 0x00,
    0x2e, 0xff, 0xff, 0xff, 0xf9, 0x00, 0x00, 0xef,
    0xff, 0xff, 0xff, 0xff, 0x90, 0x06, 0xff, 0xf9,
    0x44, 0x7e, 0xff, 0x80, 0x09, 0xff, 0xc0, 0x00,
    0x01, 0xb3, 0x00, 0x09, 0xff, 0xb0, 0x00, 0x00,
    0x00, 0x00, 0x07, 0xff, 0xf8, 0x10, 0x00, 0x00,
    0x00, 0x01, 0xff, 0xff, 0xfb, 0x72, 0x00, 0x00,
    0x00, 0x4f, 0xff, 0xff, 0xff, 0xb2, 0x00, 0x00,
    0x02, 0x9f, 0xff, 0xff, 0xff, 0x40, 0x00, 0x00,
    0x00, 0x49, 0xef, 0xff, 0xe0, 0x00, 0x00, 0x00,
    0x00, 0x09, 0xff, 0xf4, 0x00, 0x56, 0x00, 0x00,
    0x00, 0xff, 0xf6, 0x1b, 0xff, 0x50, 0x00, 0x01,
    0xff, 0xf5, 0x0e, 0xff, 0xfa, 0x43, 0x5c, 0xff,
    0xf2, 0x03, 0xff, 0xff, 0xff, 0xff, 0xff, 0x90,
    0x00, 0x4e, 0xff, 0xff, 0xff, 0xfb, 0x00, 0x00,
    0x01, 0x7c, 0xef, 0xeb, 0x50, 0x00,

    /* U+0054 "T" */
    0xcf, 0xff, 0xff, 0xff, 0xff, 0xff, 0xff, 0xcf,
    0xff, 0xff, 0xff, 0xff, 0xff, 0xff, 0xcf, 0xff,
    0xff, 0xff, 0xff, 0xff, 0xff, 0x34, 0x44, 0x4e,
    0xff, 0xe4, 0x44, 0x43, 0x00, 0x00, 0x0a, 0xff,
    0xa0, 0x00, 0x00, 0x00, 0x00, 0x0a, 0xff, 0xa0,
    0x00, 0x00, 0x00, 0x00, 0x0a, 0xff, 0xa0, 0x00,
    0x00, 0x00, 0x00, 0x0a, 0xff, 0xa0, 0x00, 0x00,
    0x00, 0x00, 0x0a, 0xff, 0xa0, 0x00, 0x00, 0x00,
    0x00, 0x0a, 0xff, 0xa0, 0x00, 0x00, 0x00, 0x00,
    0x0a, 0xff, 0xa0, 0x00, 0x00, 0x00, 0x00, 0x0a,
    0xff, 0xa0, 0x00, 0x00, 0x00, 0x00, 0x0a, 0xff,
    0xa0, 0x00, 0x00, 0x00, 0x00, 0x0a, 0xff, 0xa0,
    0x00, 0x00, 0x00, 0x00, 0x0a, 0xff, 0xa0, 0x00,
    0x00, 0x00, 0x00, 0x0a, 0xff, 0xa0, 0x00, 0x00,
    0x00, 0x00, 0x0a, 0xff, 0xa0, 0x00, 0x00, 0x00,
    0x00, 0x0a, 0xff, 0xa0, 0x00, 0x00,

    /* U+0055 "U" */
    0x6f, 0xfe, 0x00, 0x00, 0x00, 0x0f, 0xff, 0x46,
    0xff, 0xe0, 0x00, 0x00, 0x00, 0xff, 0xf4, 0x6f,
    0xfe, 0x00, 0x00, 0x00, 0x0f, 0xff, 0x46, 0xff,
    0xe0, 0x00, 0x00, 0x00, 0xff, 0xf4, 0x6f, 0xfe,
    0x00, 0x00, 0x00, 0x0f, 0xff, 0x46, 0xff, 0xe0,
    0x00, 0x00, 0x00, 0xff, 0xf4, 0x6f, 0xfe, 0x00,
    0x00, 0x00, 0x0f, 0xff, 0x46, 0xff, 0xe0, 0x00,
    0x00, 0x00, 0xff, 0xf4, 0x6f, 0xfe, 0x00, 0x00,
    0x00, 0x0f, 0xff, 0x46, 0xff, 0xe0, 0x00, 0x00,
    0x00, 0xff, 0xf4, 0x6f, 0xfe, 0x00, 0x00, 0x00,
    0x0f, 0xff, 0x35, 0xff, 0xf0, 0x00, 0x00, 0x02,
    0xff, 0xf2, 0x3f, 0xff, 0x40, 0x00, 0x00, 0x6f,
    0xff, 0x10, 0xff, 0xfc, 0x00, 0x00, 0x0d, 0xff,
    0xd0, 0x09, 0xff, 0xfc, 0x65, 0x7d, 0xff, 0xf7,
    0x00, 0x1e, 0xff, 0xff, 0xff, 0xff, 0xfd, 0x00,
    0x00, 0x3e, 0xff, 0xff, 0xff, 0xfc, 0x20, 0x00,
    0x00, 0x16, 0xce, 0xfe, 0xb6, 0x00, 0x00,

    /* U+0056 "V" */
    0xaf, 0xfb, 0x00, 0x00, 0x00, 0x00, 0x9f, 0xfb,
    0x4f, 0xff, 0x00, 0x00, 0x00, 0x00, 0xef, 0xf6,
    0x0f, 0xff, 0x50, 0x00, 0x00, 0x03, 0xff, 0xf1,
    0x0a, 0xff, 0xa0, 0x00, 0x00, 0x09, 0xff, 0xb0,
    0x05, 0xff, 0xf0, 0x00, 0x00, 0x0e, 0xff, 0x60,
    0x00, 0xff, 0xf5, 0x00, 0x00, 0x3f, 0xff, 0x10,
    0x00, 0xaf, 0xfa, 0x00, 0x00, 0x8f, 0xfc, 0x00,
    0x00, 0x5f, 0xff, 0x00, 0x00, 0xdf, 0xf6, 0x00,
    0x00, 0x0f, 0xff, 0x40, 0x03, 0xff, 0xf1, 0x00,
    0x00, 0x0b, 0xff, 0x90, 0x08, 0xff, 0xc0, 0x00,
    0x00, 0x05, 0xff, 0xe0, 0x0d, 0xff, 0x70, 0x00,
    0x00, 0x01, 0xff, 0xf4, 0x2f, 0xff, 0x10, 0x00,
    0x00, 0x00, 0xbf, 0xf9, 0x7f, 0xfc, 0x00, 0x00,
    0x00, 0x00, 0x6f, 0xfe, 0xdf, 0xf7, 0x00, 0x00,
    0x00, 0x00, 0x1f, 0xff, 0xff, 0xf2, 0x00, 0x00,
    0x00, 0x00, 0x0b, 0xff, 0xff, 0xd0, 0x00, 0x00,
    0x00, 0x00, 0x06, 0xff, 0xff, 0x70, 0x00, 0x00,
    0x00, 0x00, 0x01, 0xff, 0xff, 0x20, 0x00, 0x00,

    /* U+0057 "W" */
    0x8f, 0xfc, 0x00, 0x00, 0x00, 0xaf, 0xff, 0x00,
    0x00, 0x00, 0x4f, 0xff, 0x04, 0xff, 0xf0, 0x00,
    0x00, 0x0c, 0xff, 0xf4, 0x00, 0x00, 0x08, 0xff,
    0xc0, 0x0f, 0xff, 0x40, 0x00, 0x00, 0xff, 0xff,
    0x80, 0x00, 0x00, 0xbf, 0xf8, 0x00, 0xcf, 0xf8,
    0x00, 0x00, 0x5f, 0xff, 0xfd, 0x00, 0x00, 0x0f,
    0xff, 0x40, 0x07, 0xff, 0xc0, 0x00, 0x09, 0xff,
    0xff, 0xf2, 0x00, 0x03, 0xff, 0xf0, 0x00, 0x3f,
    0xff, 0x00, 0x00, 0xef, 0xff, 0xff, 0x60, 0x00,
    0x7f, 0xfc, 0x00, 0x00, 0xff, 0xf4, 0x00, 0x2f,
    0xff, 0x7f, 0xfb, 0x00, 0x0b, 0xff, 0x70, 0x00,
    0x0b, 0xff, 0x80, 0x07, 0xff, 0xb2, 0xff, 0xf0,
    0x00, 0xff, 0xf3, 0x00, 0x00, 0x7f, 0xfc, 0x00,
    0xcf, 0xf6, 0x0e, 0xff, 0x40, 0x3f, 0xff, 0x00,
    0x00, 0x03, 0xff, 0xf0, 0x0f, 0xff, 0x10, 0x9f,
    0xf8, 0x07, 0xff, 0xb0, 0x00, 0x00, 0x0e, 0xff,
    0x45, 0xff, 0xd0, 0x04, 0xff, 0xd0, 0xbf, 0xf7,
    0x00, 0x00, 0x00, 0xaf, 0xf8, 0x9f, 0xf8, 0x00,
    0x0f, 0xff, 0x2f, 0xff, 0x30, 0x00, 0x00, 0x06,
    0xff, 0xce, 0xff, 0x40, 0x00, 0xbf, 0xfa, 0xff,
    0xe0, 0x00, 0x00, 0x00, 0x2f, 0xff, 0xff, 0xf0,
    0x00, 0x07, 0xff, 0xff, 0xfb, 0x00, 0x00, 0x00,
    0x00, 0xef, 0xff, 0xfa, 0x00, 0x00, 0x2f, 0xff,
    0xff, 0x60, 0x00, 0x00, 0x00, 0x0a, 0xff, 0xff,
    0x60, 0x00, 0x00, 0xdf, 0xff, 0xf2, 0x00, 0x00,
    0x00, 0x00, 0x6f, 0xff, 0xf1, 0x00, 0x00, 0x09,
    0xff, 0xfe, 0x00, 0x00, 0x00, 0x00, 0x02, 0xff,
    0xfd, 0x00, 0x00, 0x00, 0x4f, 0xff, 0xa0, 0x00,
    0x00,

    /* U+0058 "X" */
    0x4f, 0xff, 0xa0, 0x00, 0x00, 0x00, 0xef, 0xfe,
    0x10, 0x9f, 0xff, 0x40, 0x00, 0x00, 0x9f, 0xff,
    0x40, 0x00, 0xef, 0xfd, 0x00, 0x00, 0x3f, 0xff,
    0xa0, 0x00, 0x04, 0xff, 0xf8, 0x00, 0x0d, 0xff,
    0xe1, 0x00, 0x00, 0x0a, 0xff, 0xf3, 0x07, 0xff,
    0xf5, 0x00, 0x00, 0x00, 0x1e, 0xff, 0xc2, 0xff,
    0xfa, 0x00, 0x00, 0x00, 0x00, 0x5f, 0xff, 0xff,
    0xfe, 0x10, 0x00, 0x00, 0x00, 0x00, 0xaf, 0xff,
    0xff, 0x50, 0x00, 0x00, 0x00, 0x00, 0x01, 0xff,
    0xff, 0xc0, 0x00, 0x00, 0x00, 0x00, 0x00, 0x3f,
    0xff, 0xfc, 0x00, 0x00, 0x00, 0x00, 0x00, 0x0d,
    0xff, 0xff, 0xf5, 0x00, 0x00, 0x00, 0x00, 0x08,
    0xff, 0xff, 0xff, 0xe1, 0x00, 0x00, 0x00, 0x03,
    0xff, 0xfb, 0x3f, 0xff, 0xa0, 0x00, 0x00, 0x00,
    0xdf, 0xff, 0x10, 0x9f, 0xff, 0x50, 0x00, 0x00,
    0x8f, 0xff, 0x60, 0x00, 0xef, 0xfe, 0x10, 0x00,
    0x2f, 0xff, 0xc0, 0x00, 0x04, 0xff, 0xfa, 0x00,
    0x0c, 0xff, 0xf2, 0x00, 0x00, 0x0a, 0xff, 0xf5,
    0x07, 0xff, 0xf8, 0x00, 0x00, 0x00, 0x1e, 0xff,
    0xe1,

    /* U+0059 "Y" */
    0x0c, 0xff, 0xc0, 0x00, 0x00, 0x01, 0xff, 0xf7,
    0x05, 0xff, 0xf4, 0x00, 0x00, 0x09, 0xff, 0xe0,
    0x00, 0xdf, 0xfc, 0x00, 0x00, 0x1f, 0xff, 0x70,
    0x00, 0x5f, 0xff, 0x30, 0x00, 0x8f, 0xfe, 0x00,
    0x00, 0x0d, 0xff, 0xb0, 0x00, 0xff, 0xf7, 0x00,
    0x00, 0x05, 0xff, 0xf3, 0x07, 0xff, 0xf0, 0x00,
    0x00, 0x00, 0xdf, 0xfa, 0x0e, 0xff, 0x80, 0x00,
    0x00, 0x00, 0x5f, 0xff, 0x9f, 0xff, 0x10, 0x00,
    0x00, 0x00, 0x0d, 0xff, 0xff, 0xf8, 0x00, 0x00,
    0x00, 0x00, 0x06, 0xff, 0xff, 0xf1, 0x00, 0x00,
    0x00, 0x00, 0x00, 0xef, 0xff, 0x80, 0x00, 0x00,
    0x00, 0x00, 0x00, 0x9f, 0xff, 0x10, 0x00, 0x00,
    0x00, 0x00, 0x00, 0x4f, 0xff, 0x00, 0x00, 0x00,
    0x00, 0x00, 0x00, 0x4f, 0xff, 0x00, 0x00, 0x00,
    0x00, 0x00, 0x00, 0x4f, 0xff, 0x00, 0x00, 0x00,
    0x00, 0x00, 0x00, 0x4f, 0xff, 0x00, 0x00, 0x00,
    0x00, 0x00, 0x00, 0x4f, 0xff, 0x00, 0x00, 0x00,
    0x00, 0x00, 0x00, 0x4f, 0xff, 0x00, 0x00, 0x00,

    /* U+005A "Z" */
    0xbf, 0xff, 0xff, 0xff, 0xff, 0xff, 0x5b, 0xff,
    0xff, 0xff, 0xff, 0xff, 0xf5, 0xbf, 0xff, 0xff,
    0xff, 0xff, 0xff, 0x42, 0x44, 0x44, 0x44, 0x5f,
    0xff, 0xb0, 0x00, 0x00, 0x00, 0x0a, 0xff, 0xf1,
    0x00, 0x00, 0x00, 0x05, 0xff, 0xf6, 0x00, 0x00,
    0x00, 0x01, 0xef, 0xfb, 0x00, 0x00, 0x00, 0x00,
    0xaf, 0xff, 0x20, 0x00, 0x00, 0x00, 0x5f, 0xff,
    0x60, 0x00, 0x00, 0x00, 0x1e, 0xff, 0xb0, 0x00,
    0x00, 0x00, 0x0a, 0xff, 0xf2, 0x00, 0x00, 0x00,
    0x05, 0xff, 0xf6, 0x00, 0x00, 0x00, 0x01, 0xef,
    0xfc, 0x00, 0x00, 0x00, 0x00, 0xaf, 0xff, 0x20,
    0x00, 0x00, 0x00, 0x5f, 0xff, 0xb4, 0x44, 0x44,
    0x44, 0x1e, 0xff, 0xff, 0xff, 0xff, 0xff, 0xf6,
    0xef, 0xff, 0xff, 0xff, 0xff, 0xff, 0x6e, 0xff,
    0xff, 0xff, 0xff, 0xff, 0xf6,

    /* U+005B "[" */
    0x12, 0x35, 0x22, 0x16, 0xff, 0xff, 0xfa, 0x6f,
    0xff, 0xff, 0xa6, 0xff, 0xff, 0xfa, 0x6f, 0xfe,
    0x00, 0x06, 0xff, 0xe0, 0x00, 0x6f, 0xfe, 0x00,
    0x06, 0xff, 0xe0, 0x00, 0x6f, 0xfe, 0x00, 0x06,
    0xff, 0xe0, 0x00, 0x6f, 0xfe, 0x00, 0x06, 0xff,
    0xe0, 0x00, 0x6f, 0xfe, 0x00, 0x06, 0xff, 0xe0,
    0x00, 0x6f, 0xfe, 0x00, 0x06, 0xff, 0xe0, 0x00,
    0x6f, 0xfe, 0x00, 0x06, 0xff, 0xe0, 0x00, 0x6f,
    0xfe, 0x00, 0x06, 0xff, 0xe0, 0x00, 0x6f, 0xfe,
    0x00, 0x06, 0xff, 0xf2, 0x21, 0x6f, 0xff, 0xff,
    0xa6, 0xff, 0xff, 0xfa, 0x6f, 0xff, 0xff, 0xa0,

    /* U+005C "\\" */
    0x00, 0x00, 0x00, 0x00, 0x00, 0x00, 0x00, 0x02,
    0xae, 0x00, 0x00, 0x00, 0x00, 0x00, 0x0e, 0xff,
    0x60, 0x00, 0x00, 0x00, 0x00, 0x07, 0xff, 0xd0,
    0x00, 0x00, 0x00, 0x00, 0x00, 0xef, 0xf5, 0x00,
    0x00, 0x00, 0x00, 0x00, 0x8f, 0xfc, 0x00, 0x00,
    0x00, 0x00, 0x00, 0x1f, 0xff, 0x40, 0x00, 0x00,
    0x00, 0x00, 0x09, 0xff, 0xb0, 0x00, 0x00, 0x00,
    0x00, 0x01, 0xff, 0xf3, 0x00, 0x00, 0x00, 0x00,
    0x00, 0xaf, 0xfa, 0x00, 0x00, 0x00, 0x00, 0x00,
    0x2f, 0xff, 0x20, 0x00, 0x00, 0x00, 0x00, 0x0b,
    0xff, 0x90, 0x00, 0x00, 0x00, 0x00, 0x03, 0xff,
    0xf1, 0x00, 0x00, 0x00, 0x00, 0x00, 0xcf, 0xf8,
    0x00, 0x00, 0x00, 0x00, 0x00, 0x4f, 0xff, 0x00,
    0x00, 0x00, 0x00, 0x00, 0x0c, 0xff, 0x70, 0x00,
    0x00, 0x00, 0x00, 0x05, 0xff, 0xe0, 0x00, 0x00,
    0x00, 0x00, 0x00, 0xdf, 0xf6, 0x00, 0x00, 0x00,
    0x00, 0x00, 0x6f, 0xfd, 0x00, 0x00, 0x00, 0x00,
    0x00, 0x0e, 0xff, 0x50, 0x00, 0x00, 0x00, 0x00,
    0x07, 0xff, 0xc0, 0x00, 0x00, 0x00, 0x00, 0x00,
    0xfd, 0x60, 0x00, 0x00, 0x00, 0x00, 0x00, 0x20,
    0x00,

    /* U+005D "]" */
    0x12, 0x25, 0x32, 0x1a, 0xff, 0xff, 0xf6, 0xaf,
    0xff, 0xff, 0x6a, 0xff, 0xff, 0xf6, 0x00, 0x0e,
    0xff, 0x60, 0x00, 0xef, 0xf6, 0x00, 0x0e, 0xff,
    0x60, 0x00, 0xef, 0xf6, 0x00, 0x0e, 0xff, 0x60,
    0x00, 0xef, 0xf6, 0x00, 0x0e, 0xff, 0x60, 0x00,
    0xef, 0xf6, 0x00, 0x0e, 0xff, 0x60, 0x00, 0xef,
    0xf6, 0x00, 0x0e, 0xff, 0x60, 0x00, 0xef, 0xf6,
    0x00, 0x0e, 0xff, 0x60, 0x00, 0xef, 0xf6, 0x00,
    0x0e, 0xff, 0x60, 0x00, 0xef, 0xf6, 0x00, 0x0e,
    0xff, 0x61, 0x22, 0xff, 0xf6, 0xaf, 0xff, 0xff,
    0x6a, 0xff, 0xff, 0xf6, 0xaf, 0xff, 0xff, 0x60,

    /* U+005E "^" */
    0x00, 0x00, 0x00, 0x50, 0x00, 0x00, 0x00, 0x00,
    0x0c, 0xf9, 0x00, 0x00, 0x00, 0x01, 0xdf, 0xff,
    0xa0, 0x00, 0x00, 0x2d, 0xff, 0xff, 0xfb, 0x00,
    0x02, 0xef, 0xfc, 0x4e, 0xff, 0xc0, 0x0e, 0xff,
    0xb0, 0x02, 0xdf, 0xfa, 0x05, 0xf9, 0x00, 0x00,
    0x1c, 0xe2, 0x00, 0x30, 0x00, 0x00, 0x00, 0x20,

    /* U+005F "_" */
    0x6c, 0xcc, 0xcc, 0xcc, 0xcc, 0xcc, 0xc3, 0x8f,
    0xff, 0xff, 0xff, 0xff, 0xff, 0xf4, 0x8f, 0xff,
    0xff, 0xff, 0xff, 0xff, 0xf4,

    /* U+0060 "`" */
    0x08, 0x10, 0x00, 0x9f, 0xd1, 0x00, 0x5f, 0xfd,
    0x10, 0x05, 0xff, 0xe2, 0x00, 0x4f, 0xe2, 0x00,
    0x04, 0x20,

    /* U+0061 "a" */
    0x00, 0x28, 0xcf, 0xfe, 0x92, 0x00, 0x03, 0xff,
    0xff, 0xff, 0xff, 0x30, 0x00, 0xdf, 0xfe, 0xff,
    0xff, 0xc0, 0x00, 0x34, 0x00, 0x07, 0xff, 0xf2,
    0x00, 0x04, 0x78, 0x61, 0xff, 0xf4, 0x01, 0xcf,
    0xff, 0xfe, 0xff, 0xf5, 0x0b, 0xff, 0xff, 0xff,
    0xff, 0xf5, 0x2f, 0xff, 0x91, 0x18, 0xff, 0xf5,
    0x4f, 0xff, 0x10, 0x00, 0xff, 0xf5, 0x4f, 0xff,
    0x40, 0x03, 0xff, 0xf5, 0x0f, 0xff, 0xfa, 0xaf,
    0xff, 0xf5, 0x06, 0xff, 0xff, 0xff, 0xff, 0xf5,
    0x00, 0x4b, 0xef, 0xc6, 0x6f, 0xf5,

    /* U+0062 "b" */
    0x9f, 0xfa, 0x00, 0x00, 0x00, 0x00, 0x09, 0xff,
    0xa0, 0x00, 0x00, 0x00, 0x00, 0x9f, 0xfa, 0x00,
    0x00, 0x00, 0x00, 0x09, 0xff, 0xa0, 0x00, 0x00,
    0x00, 0x00, 0x9f, 0xfa, 0x00, 0x00, 0x00, 0x00,
    0x09, 0xff, 0xa6, 0xcf, 0xec, 0x50, 0x00, 0x9f,
    0xff, 0xff, 0xff, 0xff, 0xa0, 0x09, 0xff, 0xff,
    0xff, 0xff, 0xff, 0x70, 0x9f, 0xff, 0xd5, 0x26,
    0xef, 0xff, 0x09, 0xff, 0xf1, 0x00, 0x04, 0xff,
    0xf5, 0x9f, 0xff, 0x00, 0x00, 0x0d, 0xff, 0x79,
    0xff, 0xf0, 0x00, 0x00, 0xcf, 0xf9, 0x9f, 0xff,
    0x00, 0x00, 0x0e, 0xff, 0x79, 0xff, 0xf3, 0x00,
    0x06, 0xff, 0xf5, 0x9f, 0xff, 0xf8, 0x69, 0xff,
    0xff, 0x09, 0xff, 0xff, 0xff, 0xff, 0xff, 0x70,
    0x9f, 0xfc, 0xff, 0xff, 0xff, 0xa0, 0x09, 0xff,
    0x05, 0xcf, 0xec, 0x50, 0x00,

    /* U+0063 "c" */
    0x00, 0x01, 0x8d, 0xff, 0xc6, 0x00, 0x00, 0x04,
    0xff, 0xff, 0xff, 0xfc, 0x00, 0x02, 0xff, 0xff,
    0xff, 0xff, 0xfb, 0x00, 0xbf, 0xff, 0xa5, 0x6d,
    0xff, 0xf3, 0x1f, 0xff, 0x90, 0x00, 0x0d, 0x93,
    0x03, 0xff, 0xf1, 0x00, 0x00, 0x00, 0x00, 0x4f,
    0xff, 0x00, 0x00, 0x00, 0x00, 0x03, 0xff, 0xf2,
    0x00, 0x00, 0x00, 0x00, 0x1f, 0xff, 0x90, 0x00,
    0x0d, 0xa3, 0x00, 0xbf, 0xff, 0xb6, 0x6d, 0xff,
    0xf3, 0x02, 0xff, 0xff, 0xff, 0xff, 0xfb, 0x00,
    0x04, 0xff, 0xff, 0xff, 0xfb, 0x00, 0x00, 0x01,
    0x8d, 0xff, 0xc6, 0x00, 0x00,

    /* U+0064 "d" */
    0x00, 0x00, 0x00, 0x00, 0x06, 0xff, 0xe0, 0x00,
    0x00, 0x00, 0x00, 0x6f, 0xfe, 0x00, 0x00, 0x00,
    0x00, 0x06, 0xff, 0xe0, 0x00, 0x00, 0x00, 0x00,
    0x6f, 0xfe, 0x00, 0x00, 0x00, 0x00, 0x06, 0xff,
    0xe0, 0x00, 0x3a, 0xef, 0xd8, 0x7f, 0xfe, 0x00,
    0x6f, 0xff, 0xff, 0xff, 0xff, 0xe0, 0x3f, 0xff,
    0xff, 0xff, 0xff, 0xfe, 0x0c, 0xff, 0xf8, 0x34,
    0xbf, 0xff, 0xe1, 0xff, 0xf8, 0x00, 0x00, 0xff,
    0xfe, 0x3f, 0xff, 0x20, 0x00, 0x09, 0xff, 0xe4,
    0xff, 0xf0, 0x00, 0x00, 0x7f, 0xfe, 0x3f, 0xff,
    0x20, 0x00, 0x09, 0xff, 0xe1, 0xff, 0xf9, 0x00,
    0x00, 0xff, 0xfe, 0x0b, 0xff, 0xf9, 0x34, 0xbf,
    0xff, 0xe0, 0x3f, 0xff, 0xff, 0xff, 0xff, 0xfe,
    0x00, 0x6f, 0xff, 0xff, 0xfd, 0xff, 0xe0, 0x00,
    0x3a, 0xef, 0xd7, 0x0b, 0xfe,

    /* U+0065 "e" */
    0x00, 0x02, 0x9d, 0xfe, 0xb5, 0x00, 0x00, 0x05,
    0xff, 0xff, 0xff, 0xfa, 0x00, 0x02, 0xff, 0xfe,
    0xbd, 0xff, 0xf9, 0x00, 0xbf, 0xfa, 0x00, 0x04,
    0xff, 0xf3, 0x1f, 0xff, 0x00, 0x00, 0x09, 0xff,
    0x83, 0xff, 0xff, 0xff, 0xff, 0xff, 0xfb, 0x4f,
    0xff, 0xff, 0xff, 0xff, 0xff, 0xc3, 0xff, 0xf8,
    0x88, 0x88, 0x88, 0x86, 0x1f, 0xff, 0x10, 0x00,
    0x01, 0x40, 0x00, 0xbf, 0xfb, 0x10, 0x01, 0xcf,
    0xb1, 0x03, 0xff, 0xff, 0xcc, 0xff, 0xfd, 0x00,
    0x05, 0xff, 0xff, 0xff, 0xfd, 0x20, 0x00, 0x02,
    0x9d, 0xfe, 0xc6, 0x00, 0x00,

    /* U+0066 "f" */
    0x00, 0x01, 0xae, 0xfd, 0x00, 0x00, 0xdf, 0xff,
    0xf0, 0x00, 0x6f, 0xff, 0xff, 0x00, 0x0a, 0xff,
    0xe4, 0x30, 0x00, 0xbf, 0xf9, 0x00, 0x07, 0xff,
    0xff, 0xff, 0xc0, 0x7f, 0xff, 0xff, 0xfc, 0x07,
    0xff, 0xff, 0xff, 0xc0, 0x01, 0xdf, 0xfa, 0x11,
    0x00, 0x0b, 0xff, 0x80, 0x00, 0x00, 0xbf, 0xf8,
    0x00, 0x00, 0x0b, 0xff, 0x80, 0x00, 0x00, 0xbf,
    0xf8, 0x00, 0x00, 0x0b, 0xff, 0x80, 0x00, 0x00,
    0xbf, 0xf8, 0x00, 0x00, 0x0b, 0xff, 0x80, 0x00,
    0x00, 0xbf, 0xf8, 0x00, 0x00, 0x0b, 0xff, 0x80,
    0x00,

    /* U+0067 "g" */
    0x00, 0x03, 0xae, 0xfd, 0x80, 0xaf, 0xf0, 0x07,
    0xff, 0xff, 0xff, 0xdf, 0xff, 0x04, 0xff, 0xff,
    0xff, 0xff, 0xff, 0xf0, 0xcf, 0xff, 0x60, 0x17,
    0xff, 0xff, 0x1f, 0xff, 0x70, 0x00, 0x09, 0xff,
    0xf3, 0xff, 0xf2, 0x00, 0x00, 0x5f, 0xff, 0x3f,
    0xff, 0x20, 0x00, 0x05, 0xff, 0xf1, 0xff, 0xf7,
    0x00, 0x00, 0xaf, 0xff, 0x0c, 0xff, 0xf6, 0x11,
    0x7f, 0xff, 0xf0, 0x4f, 0xff, 0xff, 0xff, 0xff,
    0xff, 0x00, 0x6f, 0xff, 0xff, 0xff, 0xff, 0xf0,
    0x00, 0x3a, 0xef, 0xd8, 0x6f, 0xfe, 0x00, 0x00,
    0x00, 0x00, 0x06, 0xff, 0xd0, 0x03, 0xb2, 0x00,
    0x00, 0xaf, 0xfa, 0x05, 0xff, 0xe3, 0x00, 0x7f,
    0xff, 0x40, 0x0e, 0xff, 0xff, 0xff, 0xff, 0xc0,
    0x00, 0x3e, 0xff, 0xff, 0xff, 0xd1, 0x00, 0x00,
    0x18, 0xdf, 0xec, 0x60, 0x00,

    /* U+0068 "h" */
    0x9f, 0xfa, 0x00, 0x00, 0x00, 0x00, 0x9f, 0xfa,
    0x00, 0x00, 0x00, 0x00, 0x9f, 0xfa, 0x00, 0x00,
    0x00, 0x00, 0x9f, 0xfa, 0x00, 0x00, 0x00, 0x00,
    0x9f, 0xfa, 0x00, 0x00, 0x00, 0x00, 0x9f, 0xfa,
    0x08, 0xdf, 0xea, 0x10, 0x9f, 0xff, 0xef, 0xff,
    0xff, 0xc0, 0x9f, 0xff, 0xff, 0xff, 0xff, 0xf3,
    0x9f, 0xff, 0xf9, 0x68, 0xff, 0xf6, 0x9f, 0xff,
    0x20, 0x00, 0xdf, 0xf7, 0x9f, 0xfb, 0x00, 0x00,
    0xbf, 0xf8, 0x9f, 0xfa, 0x00, 0x00, 0xbf, 0xf8,
    0x9f, 0xfa, 0x00, 0x00, 0xbf, 0xf8, 0x9f, 0xfa,
    0x00, 0x00, 0xbf, 0xf8, 0x9f, 0xfa, 0x00, 0x00,
    0xbf, 0xf8, 0x9f, 0xfa, 0x00, 0x00, 0xbf, 0xf8,
    0x9f, 0xfa, 0x00, 0x00, 0xbf, 0xf8, 0x9f, 0xfa,
    0x00, 0x00, 0xbf, 0xf8,

    /* U+0069 "i" */
    0x4e, 0xe5, 0x0c, 0xff, 0xe0, 0xdf, 0xff, 0x05,
    0xff, 0x70, 0x00, 0x00, 0x00, 0x00, 0x00, 0x8f,
    0xfb, 0x08, 0xff, 0xb0, 0x8f, 0xfb, 0x08, 0xff,
    0xb0, 0x8f, 0xfb, 0x08, 0xff, 0xb0, 0x8f, 0xfb,
    0x08, 0xff, 0xb0, 0x8f, 0xfb, 0x08, 0xff, 0xb0,
    0x8f, 0xfb, 0x08, 0xff, 0xb0, 0x8f, 0xfb, 0x00,

    /* U+006A "j" */
    0x00, 0x2d, 0xf8, 0x00, 0x09, 0xff, 0xf1, 0x00,
    0xaf, 0xff, 0x20, 0x03, 0xef, 0xa0, 0x00, 0x00,
    0x10, 0x00, 0x00, 0x00, 0x00, 0x00, 0x6f, 0xfe,
    0x00, 0x06, 0xff, 0xe0, 0x00, 0x6f, 0xfe, 0x00,
    0x06, 0xff, 0xe0, 0x00, 0x6f, 0xfe, 0x00, 0x06,
    0xff, 0xe0, 0x00, 0x6f, 0xfe, 0x00, 0x06, 0xff,
    0xe0, 0x00, 0x6f, 0xfe, 0x00, 0x06, 0xff, 0xe0,
    0x00, 0x6f, 0xfe, 0x00, 0x06, 0xff, 0xe0, 0x00,
    0x6f, 0xfe, 0x00, 0x06, 0xff, 0xe0, 0x00, 0xbf,
    0xfd, 0x02, 0xff, 0xff, 0xa0, 0x2f, 0xff, 0xf3,
    0x01, 0xef, 0xd5, 0x00,

    /* U+006B "k" */
    0x9f, 0xfa, 0x00, 0x00, 0x00, 0x00, 0x9f, 0xfa,
    0x00, 0x00, 0x00, 0x00, 0x9f, 0xfa, 0x00, 0x00,
    0x00, 0x00, 0x9f, 0xfa, 0x00, 0x00, 0x00, 0x00,
    0x9f, 0xfa, 0x00, 0x00, 0x00, 0x00, 0x9f, 0xfa,
    0x00, 0x0a, 0xff, 0xf2, 0x9f, 0xfa, 0x00, 0x7f,
    0xff, 0x40, 0x9f, 0xfa, 0x05, 0xff, 0xf6, 0x00,
    0x9f, 0xfa, 0x3f, 0xff, 0x90, 0x00, 0x9f, 0xfc,
    0xef, 0xfb, 0x00, 0x00, 0x9f, 0xff, 0xff, 0xd0,
    0x00, 0x00, 0x9f, 0xff, 0xff, 0xb0, 0x00, 0x00,
    0x9f, 0xff, 0xff, 0xf5, 0x00, 0x00, 0x9f, 0xfa,
    0xbf, 0xff, 0x20, 0x00, 0x9f, 0xfa, 0x1d, 0xff,
    0xd0, 0x00, 0x9f, 0xfa, 0x03, 0xff, 0xfa, 0x00,
    0x9f, 0xfa, 0x00, 0x6f, 0xff, 0x70, 0x9f, 0xfa,
    0x00, 0x09, 0xff, 0xf4,

    /* U+006C "l" */
    0x9f, 0xfa, 0x09, 0xff, 0xa0, 0x9f, 0xfa, 0x09,
    0xff, 0xa0, 0x9f, 0xfa, 0x09, 0xff, 0xa0, 0x9f,
    0xfa, 0x09, 0xff, 0xa0, 0x9f, 0xfa, 0x09, 0xff,
    0xa0, 0x9f, 0xfa, 0x09, 0xff, 0xa0, 0x9f, 0xfa,
    0x09, 0xff, 0xa0, 0x9f, 0xfe, 0x47, 0xff, 0xfd,
    0x2f, 0xff, 0xd0, 0x5d, 0xfc,

    /* U+006D "m" */
    0x9f, 0xf0, 0x29, 0xef, 0xe7, 0x00, 0x5c, 0xff,
    0xc3, 0x09, 0xff, 0xbf, 0xff, 0xff, 0xf9, 0xdf,
    0xff, 0xff, 0xf1, 0x9f, 0xff, 0xff, 0xff, 0xff,
    0xff, 0xff, 0xff, 0xff, 0x69, 0xff, 0xfe, 0x85,
    0xcf, 0xff, 0xfc, 0x67, 0xff, 0xfa, 0x9f, 0xff,
    0x20, 0x02, 0xff, 0xfb, 0x00, 0x09, 0xff, 0xc9,
    0xff, 0xb0, 0x00, 0x0f, 0xff, 0x40, 0x00, 0x7f,
    0xfd, 0x9f, 0xfa, 0x00, 0x00, 0xff, 0xf4, 0x00,
    0x07, 0xff, 0xd9, 0xff, 0xa0, 0x00, 0x0f, 0xff,
    0x40, 0x00, 0x7f, 0xfd, 0x9f, 0xfa, 0x00, 0x00,
    0xff, 0xf4, 0x00, 0x07, 0xff, 0xd9, 0xff, 0xa0,
    0x00, 0x0f, 0xff, 0x40, 0x00, 0x7f, 0xfd, 0x9f,
    0xfa, 0x00, 0x00, 0xff, 0xf4, 0x00, 0x07, 0xff,
    0xd9, 0xff, 0xa0, 0x00, 0x0f, 0xff, 0x40, 0x00,
    0x7f, 0xfd, 0x9f, 0xfa, 0x00, 0x00, 0xff, 0xf4,
    0x00, 0x07, 0xff, 0xd0,

    /* U+006E "n" */
    0x9f, 0xf0, 0x18, 0xdf, 0xea, 0x10, 0x9f, 0xfb,
    0xff, 0xff, 0xff, 0xc0, 0x9f, 0xff, 0xff, 0xff,
    0xff, 0xf3, 0x9f, 0xff, 0xf9, 0x68, 0xff, 0xf6,
    0x9f, 0xff, 0x20, 0x00, 0xdf, 0xf7, 0x9f, 0xfb,
    0x00, 0x00, 0xbf, 0xf8, 0x9f, 0xfa, 0x00, 0x00,
    0xbf, 0xf8, 0x9f, 0xfa, 0x00, 0x00, 0xbf, 0xf8,
    0x9f, 0xfa, 0x00, 0x00, 0xbf, 0xf8, 0x9f, 0xfa,
    0x00, 0x00, 0xbf, 0xf8, 0x9f, 0xfa, 0x00, 0x00,
    0xbf, 0xf8, 0x9f, 0xfa, 0x00, 0x00, 0xbf, 0xf8,
    0x9f, 0xfa, 0x00, 0x00, 0xbf, 0xf8,

    /* U+006F "o" */
    0x00, 0x01, 0x7c, 0xef, 0xd8, 0x10, 0x00, 0x00,
    0x3e, 0xff, 0xff, 0xff, 0xf5, 0x00, 0x02, 0xff,
    0xff, 0xff, 0xff, 0xff, 0x30, 0x0a, 0xff, 0xfb,
    0x65, 0xaf, 0xff, 0xc0, 0x1f, 0xff, 0xa0, 0x00,
    0x08, 0xff, 0xf2, 0x3f, 0xff, 0x30, 0x00, 0x01,
    0xff, 0xf4, 0x4f, 0xff, 0x10, 0x00, 0x00, 0xff,
    0xf6, 0x3f, 0xff, 0x30, 0x00, 0x01, 0xff, 0xf4,
    0x1f, 0xff, 0xa0, 0x00, 0x09, 0xff, 0xf2, 0x0a,
    0xff, 0xfb, 0x66, 0xbf, 0xff, 0xc0, 0x02, 0xff,
    0xff, 0xff, 0xff, 0xff, 0x30, 0x00, 0x3e, 0xff,
    0xff, 0xff, 0xf5, 0x00, 0x00, 0x01, 0x7d, 0xff,
    0xd8, 0x20, 0x00,

    /* U+0070 "p" */
    0x9f, 0xf0, 0x5c, 0xee, 0xc5, 0x00, 0x09, 0xff,
    0xdf, 0xff, 0xff, 0xfa, 0x00, 0x9f, 0xff, 0xff,
    0xff, 0xff, 0xf7, 0x09, 0xff, 0xff, 0x75, 0x9f,
    0xff, 0xf0, 0x9f, 0xff, 0x20, 0x00, 0x6f, 0xff,
    0x59, 0xff, 0xf0, 0x00, 0x00, 0xef, 0xf7, 0x9f,
    0xff, 0x00, 0x00, 0x0c, 0xff, 0x99, 0xff, 0xf0,
    0x00, 0x00, 0xdf, 0xf7, 0x9f, 0xff, 0x10, 0x00,
    0x4f, 0xff, 0x59, 0xff, 0xfd, 0x53, 0x6f, 0xff,
    0xf0, 0x9f, 0xff, 0xff, 0xff, 0xff, 0xf7, 0x09,
    0xff, 0xff, 0xff, 0xff, 0xfa, 0x00, 0x9f, 0xfa,
    0x6c, 0xfe, 0xc5, 0x00, 0x09, 0xff, 0xa0, 0x00,
    0x00, 0x00, 0x00, 0x9f, 0xfa, 0x00, 0x00, 0x00,
    0x00, 0x09, 0xff, 0xa0, 0x00, 0x00, 0x00, 0x00,
    0x9f, 0xfa, 0x00, 0x00, 0x00, 0x00, 0x09, 0xff,
    0xa0, 0x00, 0x00, 0x00, 0x00,

    /* U+0071 "q" */
    0x00, 0x03, 0xae, 0xfd, 0x70, 0xbf, 0xe0, 0x06,
    0xff, 0xff, 0xff, 0xdf, 0xfe, 0x03, 0xff, 0xff,
    0xff, 0xff, 0xff, 0xe0, 0xcf, 0xff, 0x83, 0x4b,
    0xff, 0xfe, 0x1f, 0xff, 0x90, 0x00, 0x0f, 0xff,
    0xe3, 0xff, 0xf2, 0x00, 0x00, 0x9f, 0xfe, 0x4f,
    0xff, 0x00, 0x00, 0x07, 0xff, 0xe3, 0xff, 0xf2,
    0x00, 0x00, 0x9f, 0xfe, 0x1f, 0xff, 0x90, 0x00,
    0x0f, 0xff, 0xe0, 0xcf, 0xff, 0x93, 0x4b, 0xff,
    0xfe, 0x03, 0xff, 0xff, 0xff, 0xff, 0xff, 0xe0,
    0x06, 0xff, 0xff, 0xff, 0xff, 0xfe, 0x00, 0x03,
    0xae, 0xfd, 0x87, 0xff, 0xe0, 0x00, 0x00, 0x00,
    0x00, 0x6f, 0xfe, 0x00, 0x00, 0x00, 0x00, 0x06,
    0xff, 0xe0, 0x00, 0x00, 0x00, 0x00, 0x6f, 0xfe,
    0x00, 0x00, 0x00, 0x00, 0x06, 0xff, 0xe0, 0x00,
    0x00, 0x00, 0x00, 0x6f, 0xfe,

    /* U+0072 "r" */
    0x9f, 0xf0, 0x6d, 0xf8, 0x9f, 0xfd, 0xff, 0xf8,
    0x9f, 0xff, 0xff, 0xf8, 0x9f, 0xff, 0xc7, 0x52,
    0x9f, 0xff, 0x00, 0x00, 0x9f, 0xfb, 0x00, 0x00,
    0x9f, 0xfa, 0x00, 0x00, 0x9f, 0xfa, 0x00, 0x00,
    0x9f, 0xfa, 0x00, 0x00, 0x9f, 0xfa, 0x00, 0x00,
    0x9f, 0xfa, 0x00, 0x00, 0x9f, 0xfa, 0x00, 0x00,
    0x9f, 0xfa, 0x00, 0x00,

    /* U+0073 "s" */
    0x00, 0x19, 0xdf, 0xeb, 0x40, 0x00, 0x1e, 0xff,
    0xff, 0xff, 0x90, 0x0a, 0xff, 0xfe, 0xff, 0xfe,
    0x20, 0xef, 0xf1, 0x01, 0x7d, 0x20, 0x0d, 0xff,
    0x60, 0x00, 0x00, 0x00, 0x8f, 0xff, 0xfb, 0x60,
    0x00, 0x00, 0xaf, 0xff, 0xff, 0xe3, 0x00, 0x00,
    0x39, 0xef, 0xff, 0xe0, 0x00, 0x20, 0x00, 0x3e,
    0xff, 0x40, 0x5f, 0xb1, 0x00, 0xcf, 0xf4, 0x0e,
    0xff, 0xfd, 0xdf, 0xff, 0x10, 0x4e, 0xff, 0xff,
    0xff, 0x60, 0x00, 0x19, 0xdf, 0xeb, 0x30, 0x00,

    /* U+0074 "t" */
    0x00, 0x0f, 0xfc, 0x00, 0x00, 0x03, 0xff, 0xc0,
    0x00, 0x00, 0x6f, 0xfc, 0x00, 0x06, 0xff, 0xff,
    0xff, 0xf7, 0x6f, 0xff, 0xff, 0xff, 0x76, 0xff,
    0xff, 0xff, 0xf7, 0x12, 0xaf, 0xff, 0x22, 0x10,
    0x08, 0xff, 0xc0, 0x00, 0x00, 0x8f, 0xfc, 0x00,
    0x00, 0x08, 0xff, 0xc0, 0x00, 0x00, 0x8f, 0xfc,
    0x00, 0x00, 0x07, 0xff, 0xd0, 0x00, 0x00, 0x7f,
    0xff, 0x75, 0x30, 0x03, 0xff, 0xff, 0xf7, 0x00,
    0x0c, 0xff, 0xff, 0x70, 0x00, 0x09, 0xef, 0xe5,

    /* U+0075 "u" */
    0xcf, 0xf8, 0x00, 0x00, 0xdf, 0xf6, 0xcf, 0xf8,
    0x00, 0x00, 0xdf, 0xf6, 0xcf, 0xf8, 0x00, 0x00,
    0xdf, 0xf6, 0xcf, 0xf8, 0x00, 0x00, 0xdf, 0xf6,
    0xcf, 0xf8, 0x00, 0x00, 0xdf, 0xf6, 0xcf, 0xf8,
    0x00, 0x00, 0xdf, 0xf6, 0xcf, 0xf8, 0x00, 0x00,
    0xdf, 0xf6, 0xbf, 0xf8, 0x00, 0x00, 0xef, 0xf6,
    0xbf, 0xfa, 0x00, 0x03, 0xff, 0xf6, 0x9f, 0xff,
    0x86, 0xaf, 0xff, 0xf6, 0x6f, 0xff, 0xff, 0xff,
    0xff, 0xf6, 0x0d, 0xff, 0xff, 0xff, 0xcf, 0xf6,
    0x01, 0xae, 0xfe, 0x81, 0x2f, 0xf6,

    /* U+0076 "v" */
    0x8f, 0xfe, 0x00, 0x00, 0x0e, 0xff, 0x72, 0xff,
    0xf3, 0x00, 0x03, 0xff, 0xf1, 0x0c, 0xff, 0x80,
    0x00, 0x8f, 0xfc, 0x00, 0x7f, 0xfd, 0x00, 0x0d,
    0xff, 0x60, 0x01, 0xff, 0xf3, 0x02, 0xff, 0xf1,
    0x00, 0x0b, 0xff, 0x80, 0x7f, 0xfb, 0x00, 0x00,
    0x5f, 0xfd, 0x0c, 0xff, 0x60, 0x00, 0x00, 0xff,
    0xf3, 0xff, 0xf1, 0x00, 0x00, 0x0a, 0xff, 0xdf,
    0xfb, 0x00, 0x00, 0x00, 0x4f, 0xff, 0xff, 0x50,
    0x00, 0x00, 0x00, 0xef, 0xff, 0xf0, 0x00, 0x00,
    0x00, 0x08, 0xff, 0xfa, 0x00, 0x00, 0x00, 0x00,
    0x2f, 0xff, 0x50, 0x00, 0x00,

    /* U+0077 "w" */
    0x9f, 0xf9, 0x00, 0x01, 0xff, 0xe0, 0x00, 0x0b,
    0xff, 0x65, 0xff, 0xd0, 0x00, 0x5f, 0xff, 0x30,
    0x00, 0xff, 0xf1, 0x0f, 0xff, 0x10, 0x0a, 0xff,
    0xf8, 0x00, 0x4f, 0xfc, 0x00, 0xcf, 0xf6, 0x00,
    0xff, 0xff, 0xc0, 0x08, 0xff, 0x80, 0x07, 0xff,
    0xa0, 0x4f, 0xff, 0xff, 0x10, 0xcf, 0xf3, 0x00,
    0x2f, 0xfe, 0x09, 0xff, 0xcf, 0xf6, 0x0f, 0xfe,
    0x00, 0x00, 0xef, 0xf2, 0xdf, 0xf3, 0xff, 0xb4,
    0xff, 0xa0, 0x00, 0x09, 0xff, 0x9f, 0xfa, 0x0d,
    0xff, 0x9f, 0xf5, 0x00, 0x00, 0x5f, 0xff, 0xff,
    0x50, 0x8f, 0xff, 0xff, 0x10, 0x00, 0x00, 0xff,
    0xff, 0xf1, 0x03, 0xff, 0xff, 0xc0, 0x00, 0x00,
    0x0b, 0xff, 0xfb, 0x00, 0x0e, 0xff, 0xf8, 0x00,
    0x00, 0x00, 0x7f, 0xff, 0x60, 0x00, 0x9f, 0xff,
    0x30, 0x00, 0x00, 0x02, 0xff, 0xf1, 0x00, 0x04,
    0xff, 0xe0, 0x00, 0x00,

    /* U+0078 "x" */
    0x5f, 0xff, 0x60, 0x00, 0x8f, 0xff, 0x30, 0xaf,
    0xfe, 0x10, 0x2f, 0xff, 0x80, 0x01, 0xef, 0xf9,
    0x0b, 0xff, 0xd0, 0x00, 0x06, 0xff, 0xf7, 0xff,
    0xf4, 0x00, 0x00, 0x0b, 0xff, 0xff, 0xf9, 0x00,
    0x00, 0x00, 0x2f, 0xff, 0xfe, 0x10, 0x00, 0x00,
    0x00, 0xef, 0xff, 0xb0, 0x00, 0x00, 0x00, 0x2f,
    0xff, 0xfe, 0x10, 0x00, 0x00, 0x0c, 0xff, 0xff,
    0xfa, 0x00, 0x00, 0x06, 0xff, 0xf6, 0xff, 0xf5,
    0x00, 0x01, 0xff, 0xf8, 0x0a, 0xff, 0xe1, 0x00,
    0xbf, 0xfe, 0x00, 0x1f, 0xff, 0x90, 0x6f, 0xff,
    0x50, 0x00, 0x7f, 0xff, 0x40,

    /* U+0079 "y" */
    0x8f, 0xfd, 0x00, 0x00, 0x06, 0xff, 0xe0, 0x1f,
    0xff, 0x30, 0x00, 0x0c, 0xff, 0x80, 0x0a, 0xff,
    0xa0, 0x00, 0x3f, 0xff, 0x20, 0x04, 0xff, 0xf1,
    0x00, 0xaf, 0xfb, 0x00, 0x00, 0xdf, 0xf7, 0x01,
    0xff, 0xf4, 0x00, 0x00, 0x7f, 0xfe, 0x07, 0xff,
    0xe0, 0x00, 0x00, 0x1f, 0xff, 0x5d, 0xff, 0x70,
    0x00, 0x00, 0x09, 0xff, 0xff, 0xff, 0x10, 0x00,
    0x00, 0x03, 0xff, 0xff, 0xfa, 0x00, 0x00, 0x00,
    0x00, 0xcf, 0xff, 0xf3, 0x00, 0x00, 0x00, 0x00,
    0x5f, 0xff, 0xd0, 0x00, 0x00, 0x00, 0x00, 0x0f,
    0xff, 0x60, 0x00, 0x00, 0x00, 0x00, 0x5f, 0xff,
    0x00, 0x00, 0x00, 0x00, 0x00, 0xcf, 0xf9, 0x00,
    0x00, 0x00, 0x00, 0x03, 0xff, 0xf2, 0x00, 0x00,
    0x00, 0x00, 0x09, 0xff, 0xb0, 0x00, 0x00, 0x00,
    0x00, 0x1f, 0xff, 0x50, 0x00, 0x00, 0x00, 0x00,
    0x7f, 0xfe, 0x00, 0x00, 0x00, 0x00,

    /* U+007A "z" */
    0x0e, 0xff, 0xff, 0xff, 0xff, 0xb0, 0xef, 0xff,
    0xff, 0xff, 0xfb, 0x0e, 0xff, 0xff, 0xff, 0xff,
    0xa0, 0x00, 0x00, 0x0a, 0xff, 0xe1, 0x00, 0x00,
    0x06, 0xff, 0xf4, 0x00, 0x00, 0x03, 0xff, 0xf7,
    0x00, 0x00, 0x01, 0xef, 0xfa, 0x00, 0x00, 0x00,
    0xcf, 0xfd, 0x00, 0x00, 0x00, 0x9f, 0xfe, 0x20,
    0x00, 0x00, 0x6f, 0xff, 0x50, 0x00, 0x00, 0x0f,
    0xff, 0xff, 0xff, 0xff, 0xd1, 0xff, 0xff, 0xff,
    0xff, 0xfd, 0x1f, 0xff, 0xff, 0xff, 0xff, 0xd0,

    /* U+007B "{" */
    0x02, 0xae, 0xfe, 0x12, 0xff, 0xff, 0xf1, 0xaf,
    0xff, 0xff, 0x1c, 0xff, 0xd4, 0x30, 0xbf, 0xf8,
    0x00, 0x04, 0xff, 0xb0, 0x00, 0x0a, 0xff, 0x40,
    0x00, 0x1e, 0xfd, 0x00, 0x00, 0x8f, 0xf6, 0x00,
    0x08, 0xff, 0x90, 0x06, 0xff, 0xf7, 0x0c, 0xff,
    0xfe, 0x10, 0xcf, 0xff, 0x80, 0x06, 0xef, 0xff,
    0x30, 0x00, 0xcf, 0xf8, 0x00, 0x07, 0xff, 0x90,
    0x00, 0xaf, 0xf4, 0x00, 0x3f, 0xfc, 0x00, 0x0d,
    0xff, 0x30, 0x06, 0xff, 0xb0, 0x00, 0xbf, 0xf8,
    0x00, 0x0c, 0xff, 0xd4, 0x20, 0x9f, 0xff, 0xff,
    0x12, 0xef, 0xff, 0xf1, 0x02, 0xae, 0xff, 0x10,

    /* U+007C "|" */
    0x2a, 0xa8, 0x4f, 0xfc, 0x4f, 0xfc, 0x4f, 0xfc,
    0x4f, 0xfc, 0x4f, 0xfc, 0x4f, 0xfc, 0x4f, 0xfc,
    0x4f, 0xfc, 0x4f, 0xfc, 0x4f, 0xfc, 0x4f, 0xfc,
    0x4f, 0xfc, 0x4f, 0xfc, 0x4f, 0xfc, 0x4f, 0xfc,
    0x4f, 0xfc, 0x4f, 0xfc, 0x4f, 0xfc, 0x4f, 0xfc,
    0x4f, 0xfc, 0x4f, 0xfc, 0x4f, 0xfc, 0x4f, 0xfc,
    0x4f, 0xfc,

    /* U+007D "}" */
    0x0e, 0xfe, 0xa2, 0x00, 0xff, 0xff, 0xf3, 0x0f,
    0xff, 0xff, 0xb0, 0x34, 0xcf, 0xfe, 0x00, 0x07,
    0xff, 0xc0, 0x00, 0xaf, 0xf5, 0x00, 0x3f, 0xfb,
    0x00, 0x0d, 0xff, 0x20, 0x05, 0xff, 0xa0, 0x00,
    0x8f, 0xf9, 0x00, 0x06, 0xff, 0xf7, 0x00, 0x0d,
    0xff, 0xfd, 0x00, 0x7f, 0xff, 0xe0, 0x2f, 0xff,
    0xe7, 0x07, 0xff, 0xd1, 0x00, 0x8f, 0xf8, 0x00,
    0x03, 0xff, 0xc0, 0x00, 0x0b, 0xff, 0x40, 0x00,
    0x2f, 0xfd, 0x00, 0x00, 0xaf, 0xf7, 0x00, 0x07,
    0xff, 0xd0, 0x23, 0xcf, 0xfe, 0x0f, 0xff, 0xff,
    0xb0, 0xff, 0xff, 0xf2, 0x0f, 0xfe, 0xa2, 0x00,

    /* U+007E "~" */
    0x00, 0x00, 0x00, 0x00, 0x00, 0x00, 0x00, 0x00,
    0x01, 0x9c, 0xc7, 0x00, 0x00, 0x6b, 0x20, 0x02,
    0xef, 0xff, 0xfd, 0x30, 0x2f, 0xff, 0x20, 0xcf,
    0xff, 0xff, 0xff, 0xef, 0xff, 0xb0, 0x5f, 0xfe,
    0x31, 0x7f, 0xff, 0xff, 0xe1, 0x00, 0x4d, 0x30,
    0x00, 0x2b, 0xff, 0xa2, 0x00, 0x00, 0x00, 0x00,
    0x00, 0x00, 0x00, 0x00, 0x00,

    /* U+00B7 "·" */
    0x09, 0xd9, 0x09, 0xff, 0xf8, 0xdf, 0xff, 0xca,
    0xff, 0xf9, 0x1b, 0xfb, 0x00,

    /* U+00C1 "Á" */
    0x00, 0x00, 0x00, 0x00, 0x00, 0x00, 0x00, 0x00,
    0x00, 0x00, 0x00, 0x00, 0x00, 0x2d, 0x20, 0x00,
    0x00, 0x00, 0x00, 0x00, 0x00, 0x3e, 0xfd, 0x00,
    0x00, 0x00, 0x00, 0x00, 0x00, 0x3f, 0xfe, 0x30,
    0x00, 0x00, 0x00, 0x00, 0x00, 0x2f, 0xfe, 0x30,
    0x00, 0x00, 0x00, 0x00, 0x00, 0x00, 0xae, 0x20,
    0x00, 0x00, 0x00, 0x00, 0x00, 0x00, 0x00, 0x20,
    0x00, 0x00, 0x00, 0x00, 0x00, 0x00, 0x00, 0x00,
    0x00, 0x00, 0x00, 0x00, 0x00, 0x00, 0x00, 0xcf,
    0xff, 0x60, 0x00, 0x00, 0x00, 0x00, 0x00, 0x1f,
    0xff, 0xfb, 0x00, 0x00, 0x00, 0x00, 0x00, 0x07,
    0xff, 0xff, 0xf0, 0x00, 0x00, 0x00, 0x00, 0x00,
    0xcf, 0xff, 0xff, 0x50, 0x00, 0x00, 0x00, 0x00,
    0x1f, 0xff, 0x9f, 0xfa, 0x00, 0x00, 0x00, 0x00,
    0x07, 0xff, 0xc2, 0xff, 0xf0, 0x00, 0x00, 0x00,
    0x00, 0xcf, 0xf6, 0x0d, 0xff, 0x50, 0x00, 0x00,
    0x00, 0x1f, 0xff, 0x10, 0x8f, 0xfa, 0x00, 0x00,
    0x00, 0x07, 0xff, 0xc0, 0x03, 0xff, 0xf0, 0x00,
    0x00, 0x00, 0xcf, 0xf7, 0x00, 0x0e, 0xff, 0x40,
    0x00, 0x00, 0x2f, 0xff, 0x10, 0x00, 0x9f, 0xfa,
    0x00, 0x00, 0x07, 0xff, 0xff, 0xff, 0xff, 0xff,
    0xe0, 0x00, 0x00, 0xcf, 0xff, 0xff, 0xff, 0xff,
    0xff, 0x40, 0x00, 0x2f, 0xff, 0xff, 0xff, 0xff,
    0xff, 0xf9, 0x00, 0x07, 0xff, 0xf2, 0x22, 0x22,
    0x27, 0xff, 0xe0, 0x00, 0xdf, 0xf7, 0x00, 0x00,
    0x00, 0x0f, 0xff, 0x40, 0x2f, 0xff, 0x20, 0x00,
    0x00, 0x00, 0xbf, 0xf9, 0x07, 0xff, 0xd0, 0x00,
    0x00, 0x00, 0x06, 0xff, 0xe0,

    /* U+00C3 "Ã" */
    0x00, 0x00, 0x04, 0x86, 0x10, 0x15, 0x00, 0x00,
    0x00, 0x00, 0x06, 0xff, 0xff, 0x9d, 0xfc, 0x00,
    0x00, 0x00, 0x02, 0xff, 0xff, 0xff, 0xff, 0x60,
    0x00, 0x00, 0x00, 0x06, 0xc2, 0x29, 0xee, 0x70,
    0x00, 0x00, 0x00, 0x00, 0x00, 0x00, 0x00, 0x00,
    0x00, 0x00, 0x00, 0x00, 0x00, 0x00, 0x00, 0x00,
    0x00, 0x00, 0x00, 0x00, 0x00, 0x00, 0xcf, 0xff,
    0x60, 0x00, 0x00, 0x00, 0x00, 0x00, 0x1f, 0xff,
    0xfb, 0x00, 0x00, 0x00, 0x00, 0x00, 0x07, 0xff,
    0xff, 0xf0, 0x00, 0x00, 0x00, 0x00, 0x00, 0xcf,
    0xff, 0xff, 0x50, 0x00, 0x00, 0x00, 0x00, 0x1f,
    0xff, 0x9f, 0xfa, 0x00, 0x00, 0x00, 0x00, 0x07,
    0xff, 0xc2, 0xff, 0xf0, 0x00, 0x00, 0x00, 0x00,
    0xcf, 0xf6, 0x0d, 0xff, 0x50, 0x00, 0x00, 0x00,
    0x1f, 0xff, 0x10, 0x8f, 0xfa, 0x00, 0x00, 0x00,
    0x07, 0xff, 0xc0, 0x03, 0xff, 0xf0, 0x00, 0x00,
    0x00, 0xcf, 0xf7, 0x00, 0x0e, 0xff, 0x40, 0x00,
    0x00, 0x2f, 0xff, 0x10, 0x00, 0x9f, 0xfa, 0x00,
    0x00, 0x07, 0xff, 0xff, 0xff, 0xff, 0xff, 0xe0,
    0x00, 0x00, 0xcf, 0xff, 0xff, 0xff, 0xff, 0xff,
    0x40, 0x00, 0x2f, 0xff, 0xff, 0xff, 0xff, 0xff,
    0xf9, 0x00, 0x07, 0xff, 0xf2, 0x22, 0x22, 0x27,
    0xff, 0xe0, 0x00, 0xdf, 0xf7, 0x00, 0x00, 0x00,
    0x0f, 0xff, 0x40, 0x2f, 0xff, 0x20, 0x00, 0x00,
    0x00, 0xbf, 0xf9, 0x07, 0xff, 0xd0, 0x00, 0x00,
    0x00, 0x06, 0xff, 0xe0,

    /* U+00C4 "Ä" */
    0x00, 0x00, 0x4d, 0xb1, 0x05, 0xdb, 0x10, 0x00,
    0x00, 0x00, 0x0e, 0xff, 0x90, 0xff, 0xf8, 0x00,
    0x00, 0x00, 0x00, 0xff, 0xfa, 0x0f, 0xff, 0x90,
    0x00, 0x00, 0x00, 0x05, 0xed, 0x20, 0x6f, 0xc1,
    0x00, 0x00, 0x00, 0x00, 0x00, 0x00, 0x00, 0x00,
    0x00, 0x00, 0x00, 0x00, 0x00, 0x00, 0x00, 0x00,
    0x00, 0x00, 0x00, 0x00, 0x00, 0x00, 0xcf, 0xff,
    0x60, 0x00, 0x00, 0x00, 0x00, 0x00, 0x1f, 0xff,
    0xfb, 0x00, 0x00, 0x00, 0x00, 0x00, 0x07, 0xff,
    0xff, 0xf0, 0x00, 0x00, 0x00, 0x00, 0x00, 0xcf,
    0xff, 0xff, 0x50, 0x00, 0x00, 0x00, 0x00, 0x1f,
    0xff, 0x9f, 0xfa, 0x00, 0x00, 0x00, 0x00, 0x07,
    0xff, 0xc2, 0xff, 0xf0, 0x00, 0x00, 0x00, 0x00,
    0xcf, 0xf6, 0x0d, 0xff, 0x50, 0x00, 0x00, 0x00,
    0x1f, 0xff, 0x10, 0x8f, 0xfa, 0x00, 0x00, 0x00,
    0x07, 0xff, 0xc0, 0x03, 0xff, 0xf0, 0x00, 0x00,
    0x00, 0xcf, 0xf7, 0x00, 0x0e, 0xff, 0x40, 0x00,
    0x00, 0x2f, 0xff, 0x10, 0x00, 0x9f, 0xfa, 0x00,
    0x00, 0x07, 0xff, 0xff, 0xff, 0xff, 0xff, 0xe0,
    0x00, 0x00, 0xcf, 0xff, 0xff, 0xff, 0xff, 0xff,
    0x40, 0x00, 0x2f, 0xff, 0xff, 0xff, 0xff, 0xff,
    0xf9, 0x00, 0x07, 0xff, 0xf2, 0x22, 0x22, 0x27,
    0xff, 0xe0, 0x00, 0xdf, 0xf7, 0x00, 0x00, 0x00,
    0x0f, 0xff, 0x40, 0x2f, 0xff, 0x20, 0x00, 0x00,
    0x00, 0xbf, 0xf9, 0x07, 0xff, 0xd0, 0x00, 0x00,
    0x00, 0x06, 0xff, 0xe0,

    /* U+00C7 "Ç" */
    0x00, 0x00, 0x02, 0x8d, 0xef, 0xec, 0x71, 0x00,
    0x00, 0x00, 0x00, 0xaf, 0xff, 0xff, 0xff, 0xff,
    0x50, 0x00, 0x00, 0x1d, 0xff, 0xff, 0xff, 0xff,
    0xff, 0xf6, 0x00, 0x00, 0xbf, 0xff, 0xf9, 0x65,
    0x7c, 0xff, 0xff, 0x30, 0x05, 0xff, 0xfd, 0x10,
    0x00, 0x00, 0x6f, 0xff, 0xd0, 0x0c, 0xff, 0xe1,
    0x00, 0x00, 0x00, 0x06, 0xe8, 0x20, 0x1f, 0xff,
    0x70, 0x00, 0x00, 0x00, 0x00, 0x00, 0x00, 0x4f,
    0xff, 0x20, 0x00, 0x00, 0x00, 0x00, 0x00, 0x00,
    0x5f, 0xff, 0x00, 0x00, 0x00, 0x00, 0x00, 0x00,
    0x00, 0x6f, 0xff, 0x00, 0x00, 0x00, 0x00, 0x00,
    0x00, 0x00, 0x4f, 0xff, 0x20, 0x00, 0x00, 0x00,
    0x00, 0x00, 0x00, 0x1f, 0xff, 0x70, 0x00, 0x00,
    0x00, 0x00, 0x00, 0x00, 0x0d, 0xff, 0xe1, 0x00,
    0x00, 0x00, 0x06, 0xe8, 0x20, 0x06, 0xff, 0xfc,
    0x10, 0x00, 0x00, 0x6f, 0xff, 0xd0, 0x00, 0xbf,
    0xff, 0xf9, 0x65, 0x7c, 0xff, 0xff, 0x30, 0x00,
    0x1d, 0xff, 0xff, 0xff, 0xff, 0xff, 0xf6, 0x00,
    0x00, 0x00, 0xbf, 0xff, 0xff, 0xff, 0xff, 0x50,
    0x00, 0x00, 0x00, 0x04, 0x9e, 0xff, 0xec, 0x71,
    0x00, 0x00, 0x00, 0x00, 0x00, 0x05, 0xff, 0x30,
    0x00, 0x00, 0x00, 0x00, 0x00, 0x00, 0x08, 0xff,
    0xf6, 0x00, 0x00, 0x00, 0x00, 0x00, 0x00, 0x01,
    0x04, 0xfb, 0x00, 0x00, 0x00, 0x00, 0x00, 0x00,
    0x5f, 0xde, 0xf8, 0x00, 0x00, 0x00, 0x00, 0x00,
    0x00, 0x4c, 0xee, 0xa0, 0x00, 0x00, 0x00,

    /* U+00C8 "È" */
    0x00, 0x00, 0x00, 0x00, 0x00, 0x00, 0x00, 0x0b,
    0x60, 0x00, 0x00, 0x00, 0x00, 0x9f, 0xf6, 0x00,
    0x00, 0x00, 0x00, 0x1c, 0xff, 0x70, 0x00, 0x00,
    0x00, 0x01, 0xcf, 0xf6, 0x00, 0x00, 0x00, 0x00,
    0x0c, 0xd1, 0x00, 0x00, 0x00, 0x00, 0x00, 0x10,
    0x00, 0x00, 0x00, 0x00, 0x00, 0x00, 0x00, 0x00,
    0x4f, 0xff, 0xff, 0xff, 0xff, 0xf6, 0x4f, 0xff,
    0xff, 0xff, 0xff, 0xf6, 0x4f, 0xff, 0xff, 0xff,
    0xff, 0xf6, 0x4f, 0xff, 0x33, 0x33, 0x33, 0x31,
    0x4f, 0xff, 0x00, 0x00, 0x00, 0x00, 0x4f, 0xff,
    0x00, 0x00, 0x00, 0x00, 0x4f, 0xff, 0x00, 0x00,
    0x00, 0x00, 0x4f, 0xff, 0x44, 0x44, 0x43, 0x00,
    0x4f, 0xff, 0xff, 0xff, 0xff, 0x00, 0x4f, 0xff,
    0xff, 0xff, 0xff, 0x00, 0x4f, 0xff, 0xff, 0xff,
    0xff, 0x00, 0x4f, 0xff, 0x00, 0x00, 0x00, 0x00,
    0x4f, 0xff, 0x00, 0x00, 0x00, 0x00, 0x4f, 0xff,
    0x00, 0x00, 0x00, 0x00, 0x4f, 0xff, 0x44, 0x44,
    0x44, 0x41, 0x4f, 0xff, 0xff, 0xff, 0xff, 0xf6,
    0x4f, 0xff, 0xff, 0xff, 0xff, 0xf6, 0x4f, 0xff,
    0xff, 0xff, 0xff, 0xf6,

    /* U+00C9 "É" */
    0x00, 0x00, 0x00, 0x00, 0x00, 0x00, 0x00, 0x00,
    0x00, 0x06, 0xb0, 0x00, 0x00, 0x00, 0x00, 0x6f,
    0xf9, 0x00, 0x00, 0x00, 0x07, 0xff, 0xc1, 0x00,
    0x00, 0x00, 0x6f, 0xfc, 0x10, 0x00, 0x00, 0x00,
    0x1d, 0xc0, 0x00, 0x00, 0x00, 0x00, 0x01, 0x00,
    0x00, 0x00, 0x00, 0x00, 0x00, 0x00, 0x00, 0x00,
    0x4f, 0xff, 0xff, 0xff, 0xff, 0xf6, 0x4f, 0xff,
    0xff, 0xff, 0xff, 0xf6, 0x4f, 0xff, 0xff, 0xff,
    0xff, 0xf6, 0x4f, 0xff, 0x33, 0x33, 0x33, 0x31,
    0x4f, 0xff, 0x00, 0x00, 0x00, 0x00, 0x4f, 0xff,
    0x00, 0x00, 0x00, 0x00, 0x4f, 0xff, 0x00, 0x00,
    0x00, 0x00, 0x4f, 0xff, 0x44, 0x44, 0x43, 0x00,
    0x4f, 0xff, 0xff, 0xff, 0xff, 0x00, 0x4f, 0xff,
    0xff, 0xff, 0xff, 0x00, 0x4f, 0xff, 0xff, 0xff,
    0xff, 0x00, 0x4f, 0xff, 0x00, 0x00, 0x00, 0x00,
    0x4f, 0xff, 0x00, 0x00, 0x00, 0x00, 0x4f, 0xff,
    0x00, 0x00, 0x00, 0x00, 0x4f, 0xff, 0x44, 0x44,
    0x44, 0x41, 0x4f, 0xff, 0xff, 0xff, 0xff, 0xf6,
    0x4f, 0xff, 0xff, 0xff, 0xff, 0xf6, 0x4f, 0xff,
    0xff, 0xff, 0xff, 0xf6,

    /* U+00CD "Í" */
    0x00, 0x00, 0x00, 0x00, 0x00, 0x2d, 0x20, 0x00,
    0x3e, 0xfd, 0x00, 0x3f, 0xff, 0x30, 0x2f, 0xfe,
    0x30, 0x00, 0xae, 0x20, 0x00, 0x00, 0x20, 0x00,
    0x00, 0x00, 0x00, 0x00, 0x4f, 0xff, 0x00, 0x04,
    0xff, 0xf0, 0x00, 0x4f, 0xff, 0x00, 0x04, 0xff,
    0xf0, 0x00, 0x4f, 0xff, 0x00, 0x04, 0xff, 0xf0,
    0x00, 0x4f, 0xff, 0x00, 0x04, 0xff, 0xf0, 0x00,
    0x4f, 0xff, 0x00, 0x04, 0xff, 0xf0, 0x00, 0x4f,
    0xff, 0x00, 0x04, 0xff, 0xf0, 0x00, 0x4f, 0xff,
    0x00, 0x04, 0xff, 0xf0, 0x00, 0x4f, 0xff, 0x00,
    0x04, 0xff, 0xf0, 0x00, 0x4f, 0xff, 0x00, 0x04,
    0xff, 0xf0, 0x00,

    /* U+00D3 "Ó" */
    0x00, 0x00, 0x00, 0x00, 0x00, 0x08, 0x00, 0x00,
    0x00, 0x00, 0x00, 0x00, 0x00, 0x00, 0x0c, 0xfc,
    0x00, 0x00, 0x00, 0x00, 0x00, 0x00, 0x00, 0x1c,
    0xff, 0x80, 0x00, 0x00, 0x00, 0x00, 0x00, 0x00,
    0x1c, 0xff, 0x70, 0x00, 0x00, 0x00, 0x00, 0x00,
    0x00, 0x01, 0xdf, 0x60, 0x00, 0x00, 0x00, 0x00,
    0x00, 0x00, 0x00, 0x01, 0x50, 0x00, 0x00, 0x00,
    0x00, 0x00, 0x00, 0x00, 0x00, 0x00, 0x00, 0x00,
    0x00, 0x00, 0x00, 0x00, 0x00, 0x28, 0xce, 0xfe,
    0xb7, 0x10, 0x00, 0x00, 0x00, 0x00, 0x9f, 0xff,
    0xff, 0xff, 0xfe, 0x60, 0x00, 0x00, 0x00, 0xcf,
    0xff, 0xff, 0xff, 0xff, 0xff, 0x90, 0x00, 0x00,
    0xbf, 0xff, 0xfa, 0x75, 0x7c, 0xff, 0xff, 0x70,
    0x00, 0x4f, 0xff, 0xd2, 0x00, 0x00, 0x04, 0xff,
    0xff, 0x10, 0x0c, 0xff, 0xe1, 0x00, 0x00, 0x00,
    0x04, 0xff, 0xf8, 0x01, 0xff, 0xf7, 0x00, 0x00,
    0x00, 0x00, 0x0b, 0xff, 0xd0, 0x4f, 0xff, 0x20,
    0x00, 0x00, 0x00, 0x00, 0x6f, 0xff, 0x05, 0xff,
    0xf0, 0x00, 0x00, 0x00, 0x00, 0x04, 0xff, 0xf1,
    0x5f, 0xff, 0x00, 0x00, 0x00, 0x00, 0x00, 0x4f,
    0xff, 0x14, 0xff, 0xf2, 0x00, 0x00, 0x00, 0x00,
    0x06, 0xff, 0xf0, 0x1f, 0xff, 0x70, 0x00, 0x00,
    0x00, 0x00, 0xbf, 0xfc, 0x00, 0xcf, 0xfe, 0x10,
    0x00, 0x00, 0x00, 0x4f, 0xff, 0x80, 0x04, 0xff,
    0xfd, 0x20, 0x00, 0x00, 0x5f, 0xff, 0xf1, 0x00,
    0x0a, 0xff, 0xff, 0xb7, 0x67, 0xcf, 0xff, 0xf6,
    0x00, 0x00, 0x0c, 0xff, 0xff, 0xff, 0xff, 0xff,
    0xf9, 0x00, 0x00, 0x00, 0x09, 0xff, 0xff, 0xff,
    0xff, 0xe6, 0x00, 0x00, 0x00, 0x00, 0x02, 0x8c,
    0xef, 0xeb, 0x71, 0x00, 0x00, 0x00,

    /* U+00D6 "Ö" */
    0x00, 0x00, 0x04, 0xdc, 0x20, 0x5d, 0xb1, 0x00,
    0x00, 0x00, 0x00, 0x00, 0xdf, 0xfa, 0x0e, 0xff,
    0x90, 0x00, 0x00, 0x00, 0x00, 0x0e, 0xff, 0xb0,
    0xff, 0xf9, 0x00, 0x00, 0x00, 0x00, 0x00, 0x5e,
    0xd3, 0x06, 0xed, 0x20, 0x00, 0x00, 0x00, 0x00,
    0x00, 0x00, 0x00, 0x00, 0x00, 0x00, 0x00, 0x00,
    0x00, 0x00, 0x00, 0x00, 0x00, 0x00, 0x00, 0x00,
    0x00, 0x00, 0x00, 0x02, 0x8c, 0xef, 0xeb, 0x71,
    0x00, 0x00, 0x00, 0x00, 0x09, 0xff, 0xff, 0xff,
    0xff, 0xe6, 0x00, 0x00, 0x00, 0x0c, 0xff, 0xff,
    0xff, 0xff, 0xff, 0xf9, 0x00, 0x00, 0x0b, 0xff,
    0xff, 0xa7, 0x57, 0xcf, 0xff, 0xf7, 0x00, 0x04,
    0xff, 0xfd, 0x20, 0x00, 0x00, 0x4f, 0xff, 0xf1,
    0x00, 0xcf, 0xfe, 0x10, 0x00, 0x00, 0x00, 0x4f,
    0xff, 0x80, 0x1f, 0xff, 0x70, 0x00, 0x00, 0x00,
    0x00, 0xbf, 0xfd, 0x04, 0xff, 0xf2, 0x00, 0x00,
    0x00, 0x00, 0x06, 0xff, 0xf0, 0x5f, 0xff, 0x00,
    0x00, 0x00, 0x00, 0x00, 0x4f, 0xff, 0x15, 0xff,
    0xf0, 0x00, 0x00, 0x00, 0x00, 0x04, 0xff, 0xf1,
    0x4f, 0xff, 0x20, 0x00, 0x00, 0x00, 0x00, 0x6f,
    0xff, 0x01, 0xff, 0xf7, 0x00, 0x00, 0x00, 0x00,
    0x0b, 0xff, 0xc0, 0x0c, 0xff, 0xe1, 0x00, 0x00,
    0x00, 0x04, 0xff, 0xf8, 0x00, 0x4f, 0xff, 0xd2,
    0x00, 0x00, 0x05, 0xff, 0xff, 0x10, 0x00, 0xaf,
    0xff, 0xfb, 0x76, 0x7c, 0xff, 0xff, 0x60, 0x00,
    0x00, 0xcf, 0xff, 0xff, 0xff, 0xff, 0xff, 0x90,
    0x00, 0x00, 0x00, 0x9f, 0xff, 0xff, 0xff, 0xfe,
    0x60, 0x00, 0x00, 0x00, 0x00, 0x28, 0xce, 0xfe,
    0xb7, 0x10, 0x00, 0x00,

    /* U+00DA "Ú" */
    0x00, 0x00, 0x00, 0x00, 0x00, 0x00, 0x00, 0x00,
    0x00, 0x00, 0x00, 0x01, 0xc3, 0x00, 0x00, 0x00,
    0x00, 0x00, 0x02, 0xef, 0xe0, 0x00, 0x00, 0x00,
    0x00, 0x02, 0xef, 0xf4, 0x00, 0x00, 0x00, 0x00,
    0x01, 0xef, 0xf4, 0x00, 0x00, 0x00, 0x00, 0x00,
    0x08, 0xf4, 0x00, 0x00, 0x00, 0x00, 0x00, 0x00,
    0x02, 0x00, 0x00, 0x00, 0x00, 0x00, 0x00, 0x00,
    0x00, 0x00, 0x00, 0x00, 0x6f, 0xfe, 0x00, 0x00,
    0x00, 0x0f, 0xff, 0x46, 0xff, 0xe0, 0x00, 0x00,
    0x00, 0xff, 0xf4, 0x6f, 0xfe, 0x00, 0x00, 0x00,
    0x0f, 0xff, 0x46, 0xff, 0xe0, 0x00, 0x00, 0x00,
    0xff, 0xf4, 0x6f, 0xfe, 0x00, 0x00, 0x00, 0x0f,
    0xff, 0x46, 0xff, 0xe0, 0x00, 0x00, 0x00, 0xff,
    0xf4, 0x6f, 0xfe, 0x00, 0x00, 0x00, 0x0f, 0xff,
    0x46, 0xff, 0xe0, 0x00, 0x00, 0x00, 0xff, 0xf4,
    0x6f, 0xfe, 0x00, 0x00, 0x00, 0x0f, 0xff, 0x46,
    0xff, 0xe0, 0x00, 0x00, 0x00, 0xff, 0xf4, 0x6f,
    0xfe, 0x00, 0x00, 0x00, 0x0f, 0xff, 0x35, 0xff,
    0xf0, 0x00, 0x00, 0x02, 0xff, 0xf2, 0x3f, 0xff,
    0x40, 0x00, 0x00, 0x6f, 0xff, 0x10, 0xff, 0xfc,
    0x00, 0x00, 0x0d, 0xff, 0xd0, 0x09, 0xff, 0xfc,
    0x65, 0x7d, 0xff, 0xf7, 0x00, 0x1e, 0xff, 0xff,
    0xff, 0xff, 0xfd, 0x00, 0x00, 0x3e, 0xff, 0xff,
    0xff, 0xfc, 0x20, 0x00, 0x00, 0x16, 0xce, 0xfe,
    0xb6, 0x00, 0x00,

    /* U+00DC "Ü" */
    0x00, 0x03, 0xdc, 0x20, 0x4d, 0xc2, 0x00, 0x00,
    0x00, 0xcf, 0xfb, 0x0d, 0xff, 0xa0, 0x00, 0x00,
    0x0d, 0xff, 0xc0, 0xef, 0xfb, 0x00, 0x00, 0x00,
    0x4e, 0xe3, 0x05, 0xed, 0x20, 0x00, 0x00, 0x00,
    0x00, 0x00, 0x00, 0x00, 0x00, 0x00, 0x00, 0x00,
    0x00, 0x00, 0x00, 0x00, 0x00, 0x6f, 0xfe, 0x00,
    0x00, 0x00, 0x0f, 0xff, 0x46, 0xff, 0xe0, 0x00,
    0x00, 0x00, 0xff, 0xf4, 0x6f, 0xfe, 0x00, 0x00,
    0x00, 0x0f, 0xff, 0x46, 0xff, 0xe0, 0x00, 0x00,
    0x00, 0xff, 0xf4, 0x6f, 0xfe, 0x00, 0x00, 0x00,
    0x0f, 0xff, 0x46, 0xff, 0xe0, 0x00, 0x00, 0x00,
    0xff, 0xf4, 0x6f, 0xfe, 0x00, 0x00, 0x00, 0x0f,
    0xff, 0x46, 0xff, 0xe0, 0x00, 0x00, 0x00, 0xff,
    0xf4, 0x6f, 0xfe, 0x00, 0x00, 0x00, 0x0f, 0xff,
    0x46, 0xff, 0xe0, 0x00, 0x00, 0x00, 0xff, 0xf4,
    0x6f, 0xfe, 0x00, 0x00, 0x00, 0x0f, 0xff, 0x35,
    0xff, 0xf0, 0x00, 0x00, 0x02, 0xff, 0xf2, 0x3f,
    0xff, 0x40, 0x00, 0x00, 0x6f, 0xff, 0x10, 0xff,
    0xfc, 0x00, 0x00, 0x0d, 0xff, 0xd0, 0x09, 0xff,
    0xfc, 0x65, 0x7d, 0xff, 0xf7, 0x00, 0x1e, 0xff,
    0xff, 0xff, 0xff, 0xfd, 0x00, 0x00, 0x3e, 0xff,
    0xff, 0xff, 0xfc, 0x20, 0x00, 0x00, 0x16, 0xce,
    0xfe, 0xb6, 0x00, 0x00,

    /* U+00DF "ß" */
    0x00, 0x07, 0xce, 0xfd, 0x92, 0x00, 0x00, 0x1d,
    0xff, 0xff, 0xff, 0xf5, 0x00, 0x0b, 0xff, 0xff,
    0xff, 0xff, 0xf1, 0x03, 0xff, 0xfc, 0x44, 0xaf,
    0xff, 0x60, 0x8f, 0xfe, 0x00, 0x00, 0xff, 0xf7,
    0x09, 0xff, 0xa0, 0x00, 0x2f, 0xff, 0x30, 0xaf,
    0xf9, 0x00, 0x1d, 0xff, 0x80, 0x0a, 0xff, 0x90,
    0x0b, 0xff, 0xa0, 0x00, 0xaf, 0xf9, 0x01, 0xff,
    0xf2, 0x00, 0x0a, 0xff, 0x90, 0x0f, 0xff, 0x90,
    0x00, 0xaf, 0xf9, 0x00, 0x7f, 0xff, 0xb1, 0x0a,
    0xff, 0x90, 0x00, 0x7f, 0xff, 0xd0, 0xaf, 0xf9,
    0x00, 0x00, 0x4f, 0xff, 0x8a, 0xff, 0x90, 0x01,
    0x00, 0x6f, 0xfe, 0xaf, 0xf9, 0x0b, 0xc0, 0x05,
    0xff, 0xfa, 0xff, 0x98, 0xff, 0xec, 0xff, 0xfc,
    0xaf, 0xf9, 0x0c, 0xff, 0xff, 0xff, 0x3a, 0xff,
    0x90, 0x07, 0xcf, 0xfb, 0x30,

    /* U+00E0 "à" */
    0x00, 0x03, 0x60, 0x00, 0x00, 0x00, 0x00, 0x3f,
    0xf6, 0x00, 0x00, 0x00, 0x00, 0x1c, 0xff, 0x70,
    0x00, 0x00, 0x00, 0x01, 0xcf, 0xf7, 0x00, 0x00,
    0x00, 0x00, 0x0c, 0xf8, 0x00, 0x00, 0x00, 0x00,
    0x00, 0x60, 0x00, 0x00, 0x00, 0x00, 0x00, 0x00,
    0x00, 0x00, 0x00, 0x28, 0xcf, 0xfe, 0x92, 0x00,
    0x03, 0xff, 0xff, 0xff, 0xff, 0x30, 0x00, 0xdf,
    0xfe, 0xff, 0xff, 0xc0, 0x00, 0x34, 0x00, 0x07,
    0xff, 0xf2, 0x00, 0x04, 0x78, 0x61, 0xff, 0xf4,
    0x01, 0xcf, 0xff, 0xfe, 0xff, 0xf5, 0x0b, 0xff,
    0xff, 0xff, 0xff, 0xf5, 0x2f, 0xff, 0x91, 0x18,
    0xff, 0xf5, 0x4f, 0xff, 0x10, 0x00, 0xff, 0xf5,
    0x4f, 0xff, 0x40, 0x03, 0xff, 0xf5, 0x0f, 0xff,
    0xfa, 0xaf, 0xff, 0xf5, 0x06, 0xff, 0xff, 0xff,
    0xff, 0xf5, 0x00, 0x4b, 0xef, 0xc6, 0x6f, 0xf5,

    /* U+00E1 "á" */
    0x00, 0x00, 0x00, 0x00, 0x80, 0x00, 0x00, 0x00,
    0x00, 0x0c, 0xfb, 0x00, 0x00, 0x00, 0x01, 0xcf,
    0xf7, 0x00, 0x00, 0x00, 0x1d, 0xff, 0x60, 0x00,
    0x00, 0x00, 0x1d, 0xf6, 0x00, 0x00, 0x00, 0x00,
    0x01, 0x50, 0x00, 0x00, 0x00, 0x00, 0x00, 0x00,
    0x00, 0x00, 0x00, 0x28, 0xcf, 0xfe, 0x92, 0x00,
    0x03, 0xff, 0xff, 0xff, 0xff, 0x30, 0x00, 0xdf,
    0xfe, 0xff, 0xff, 0xc0, 0x00, 0x34, 0x00, 0x07,
    0xff, 0xf2, 0x00, 0x04, 0x78, 0x61, 0xff, 0xf4,
    0x01, 0xcf, 0xff, 0xfe, 0xff, 0xf5, 0x0b, 0xff,
    0xff, 0xff, 0xff, 0xf5, 0x2f, 0xff, 0x91, 0x18,
    0xff, 0xf5, 0x4f, 0xff, 0x10, 0x00, 0xff, 0xf5,
    0x4f, 0xff, 0x40, 0x03, 0xff, 0xf5, 0x0f, 0xff,
    0xfa, 0xaf, 0xff, 0xf5, 0x06, 0xff, 0xff, 0xff,
    0xff, 0xf5, 0x00, 0x4b, 0xef, 0xc6, 0x6f, 0xf5,

    /* U+00E2 "â" */
    0x00, 0x00, 0x00, 0x10, 0x00, 0x00, 0x00, 0x00,
    0x07, 0xe3, 0x00, 0x00, 0x00, 0x00, 0x7f, 0xfe,
    0x20, 0x00, 0x00, 0x07, 0xff, 0xff, 0xe2, 0x00,
    0x00, 0x3f, 0xfb, 0x3f, 0xfd, 0x00, 0x00, 0x07,
    0xb0, 0x04, 0xf4, 0x00, 0x00, 0x00, 0x00, 0x00,
    0x20, 0x00, 0x00, 0x00, 0x00, 0x00, 0x00, 0x00,
    0x00, 0x28, 0xcf, 0xfe, 0x92, 0x00, 0x03, 0xff,
    0xff, 0xff, 0xff, 0x30, 0x00, 0xdf, 0xfe, 0xff,
    0xff, 0xc0, 0x00, 0x34, 0x00, 0x07, 0xff, 0xf2,
    0x00, 0x04, 0x78, 0x61, 0xff, 0xf4, 0x01, 0xcf,
    0xff, 0xfe, 0xff, 0xf5, 0x0b, 0xff, 0xff, 0xff,
    0xff, 0xf5, 0x2f, 0xff, 0x91, 0x18, 0xff, 0xf5,
    0x4f, 0xff, 0x10, 0x00, 0xff, 0xf5, 0x4f, 0xff,
    0x40, 0x03, 0xff, 0xf5, 0x0f, 0xff, 0xfa, 0xaf,
    0xff, 0xf5, 0x06, 0xff, 0xff, 0xff, 0xff, 0xf5,
    0x00, 0x4b, 0xef, 0xc6, 0x6f, 0xf5,

    /* U+00E3 "ã" */
    0x00, 0x1a, 0xfd, 0x71, 0x5c, 0x50, 0x00, 0xbf,
    0xff, 0xff, 0xff, 0xc0, 0x02, 0xef, 0xbb, 0xff,
    0xff, 0x20, 0x00, 0x05, 0x00, 0x27, 0x71, 0x00,
    0x00, 0x00, 0x00, 0x00, 0x00, 0x00, 0x00, 0x00,
    0x00, 0x00, 0x00, 0x00, 0x00, 0x28, 0xcf, 0xfe,
    0x92, 0x00, 0x03, 0xff, 0xff, 0xff, 0xff, 0x30,
    0x00, 0xdf, 0xfe, 0xff, 0xff, 0xc0, 0x00, 0x34,
    0x00, 0x07, 0xff, 0xf2, 0x00, 0x04, 0x78, 0x61,
    0xff, 0xf4, 0x01, 0xcf, 0xff, 0xfe, 0xff, 0xf5,
    0x0b, 0xff, 0xff, 0xff, 0xff, 0xf5, 0x2f, 0xff,
    0x91, 0x18, 0xff, 0xf5, 0x4f, 0xff, 0x10, 0x00,
    0xff, 0xf5, 0x4f, 0xff, 0x40, 0x03, 0xff, 0xf5,
    0x0f, 0xff, 0xfa, 0xaf, 0xff, 0xf5, 0x06, 0xff,
    0xff, 0xff, 0xff, 0xf5, 0x00, 0x4b, 0xef, 0xc6,
    0x6f, 0xf5,

    /* U+00E4 "ä" */
    0x00, 0x4d, 0xc1, 0x05, 0xdb, 0x10, 0x00, 0xef,
    0xfa, 0x0f, 0xff, 0x80, 0x00, 0xef, 0xfa, 0x0f,
    0xff, 0x90, 0x00, 0x5e, 0xd2, 0x06, 0xfd, 0x20,
    0x00, 0x00, 0x00, 0x00, 0x00, 0x00, 0x00, 0x00,
    0x00, 0x00, 0x00, 0x00, 0x00, 0x28, 0xcf, 0xfe,
    0x92, 0x00, 0x03, 0xff, 0xff, 0xff, 0xff, 0x30,
    0x00, 0xdf, 0xfe, 0xff, 0xff, 0xc0, 0x00, 0x34,
    0x00, 0x07, 0xff, 0xf2, 0x00, 0x04, 0x78, 0x61,
    0xff, 0xf4, 0x01, 0xcf, 0xff, 0xfe, 0xff, 0xf5,
    0x0b, 0xff, 0xff, 0xff, 0xff, 0xf5, 0x2f, 0xff,
    0x91, 0x18, 0xff, 0xf5, 0x4f, 0xff, 0x10, 0x00,
    0xff, 0xf5, 0x4f, 0xff, 0x40, 0x03, 0xff, 0xf5,
    0x0f, 0xff, 0xfa, 0xaf, 0xff, 0xf5, 0x06, 0xff,
    0xff, 0xff, 0xff, 0xf5, 0x00, 0x4b, 0xef, 0xc6,
    0x6f, 0xf5,

    /* U+00E7 "ç" */
    0x00, 0x01, 0x8d, 0xff, 0xc6, 0x00, 0x00, 0x04,
    0xff, 0xff, 0xff, 0xfc, 0x00, 0x02, 0xff, 0xff,
    0xff, 0xff, 0xfb, 0x00, 0xbf, 0xff, 0xa5, 0x6d,
    0xff, 0xf3, 0x1f, 0xff, 0x90, 0x00, 0x0d, 0x93,
    0x03, 0xff, 0xf1, 0x00, 0x00, 0x00, 0x00, 0x4f,
    0xff, 0x00, 0x00, 0x00, 0x00, 0x03, 0xff, 0xf2,
    0x00, 0x00, 0x00, 0x00, 0x1f, 0xff, 0x90, 0x00,
    0x0d, 0xa3, 0x00, 0xbf, 0xff, 0xb6, 0x6d, 0xff,
    0xf3, 0x02, 0xff, 0xff, 0xff, 0xff, 0xfb, 0x00,
    0x04, 0xff, 0xff, 0xff, 0xfb, 0x00, 0x00, 0x01,
    0x8f, 0xff, 0xc6, 0x00, 0x00, 0x00, 0x00, 0xcf,
    0x91, 0x00, 0x00, 0x00, 0x00, 0x0f, 0xff, 0xe1,
    0x00, 0x00, 0x00, 0x01, 0x00, 0xbf, 0x40, 0x00,
    0x00, 0x00, 0xce, 0xdf, 0xf2, 0x00, 0x00, 0x00,
    0x08, 0xdf, 0xd5, 0x00, 0x00,

    /* U+00E8 "è" */
    0x00, 0x00, 0x80, 0x00, 0x00, 0x00, 0x00, 0x00,
    0xbf, 0xc0, 0x00, 0x00, 0x00, 0x00, 0x07, 0xff,
    0xc1, 0x00, 0x00, 0x00, 0x00, 0x06, 0xff, 0xd1,
    0x00, 0x00, 0x00, 0x00, 0x06, 0xfd, 0x10, 0x00,
    0x00, 0x00, 0x00, 0x05, 0x10, 0x00, 0x00, 0x00,
    0x00, 0x00, 0x00, 0x00, 0x00, 0x00, 0x00, 0x29,
    0xdf, 0xeb, 0x50, 0x00, 0x00, 0x5f, 0xff, 0xff,
    0xff, 0xa0, 0x00, 0x2f, 0xff, 0xeb, 0xdf, 0xff,
    0x90, 0x0b, 0xff, 0xa0, 0x00, 0x4f, 0xff, 0x31,
    0xff, 0xf0, 0x00, 0x00, 0x9f, 0xf8, 0x3f, 0xff,
    0xff, 0xff, 0xff, 0xff, 0xb4, 0xff, 0xff, 0xff,
    0xff, 0xff, 0xfc, 0x3f, 0xff, 0x88, 0x88, 0x88,
    0x88, 0x61, 0xff, 0xf1, 0x00, 0x00, 0x14, 0x00,
    0x0b, 0xff, 0xb1, 0x00, 0x1c, 0xfb, 0x10, 0x3f,
    0xff, 0xfc, 0xcf, 0xff, 0xd0, 0x00, 0x5f, 0xff,
    0xff, 0xff, 0xd2, 0x00, 0x00, 0x29, 0xdf, 0xec,
    0x60, 0x00,

    /* U+00E9 "é" */
    0x00, 0x00, 0x00, 0x00, 0x54, 0x00, 0x00, 0x00,
    0x00, 0x00, 0x6f, 0xf3, 0x00, 0x00, 0x00, 0x00,
    0x6f, 0xfd, 0x10, 0x00, 0x00, 0x00, 0x7f, 0xfc,
    0x10, 0x00, 0x00, 0x00, 0x07, 0xfc, 0x00, 0x00,
    0x00, 0x00, 0x00, 0x06, 0x00, 0x00, 0x00, 0x00,
    0x00, 0x00, 0x00, 0x00, 0x00, 0x00, 0x00, 0x29,
    0xdf, 0xeb, 0x50, 0x00, 0x00, 0x5f, 0xff, 0xff,
    0xff, 0xa0, 0x00, 0x2f, 0xff, 0xeb, 0xdf, 0xff,
    0x90, 0x0b, 0xff, 0xa0, 0x00, 0x4f, 0xff, 0x31,
    0xff, 0xf0, 0x00, 0x00, 0x9f, 0xf8, 0x3f, 0xff,
    0xff, 0xff, 0xff, 0xff, 0xb4, 0xff, 0xff, 0xff,
    0xff, 0xff, 0xfc, 0x3f, 0xff, 0x88, 0x88, 0x88,
    0x88, 0x61, 0xff, 0xf1, 0x00, 0x00, 0x14, 0x00,
    0x0b, 0xff, 0xb1, 0x00, 0x1c, 0xfb, 0x10, 0x3f,
    0xff, 0xfc, 0xcf, 0xff, 0xd0, 0x00, 0x5f, 0xff,
    0xff, 0xff, 0xd2, 0x00, 0x00, 0x29, 0xdf, 0xec,
    0x60, 0x00,

    /* U+00EA "ê" */
    0x00, 0x00, 0x00, 0x10, 0x00, 0x00, 0x00, 0x00,
    0x00, 0x2e, 0x80, 0x00, 0x00, 0x00, 0x00, 0x2e,
    0xff, 0x80, 0x00, 0x00, 0x00, 0x2e, 0xff, 0xff,
    0x70, 0x00, 0x00, 0x0c, 0xfe, 0x3b, 0xff, 0x40,
    0x00, 0x00, 0x2d, 0x30, 0x0d, 0xa0, 0x00, 0x00,
    0x00, 0x00, 0x00, 0x10, 0x00, 0x00, 0x00, 0x00,
    0x00, 0x00, 0x00, 0x00, 0x00, 0x02, 0x9d, 0xfe,
    0xb5, 0x00, 0x00, 0x05, 0xff, 0xff, 0xff, 0xfa,
    0x00, 0x02, 0xff, 0xfe, 0xbd, 0xff, 0xf9, 0x00,
    0xbf, 0xfa, 0x00, 0x04, 0xff, 0xf3, 0x1f, 0xff,
    0x00, 0x00, 0x09, 0xff, 0x83, 0xff, 0xff, 0xff,
    0xff, 0xff, 0xfb, 0x4f, 0xff, 0xff, 0xff, 0xff,
    0xff, 0xc3, 0xff, 0xf8, 0x88, 0x88, 0x88, 0x86,
    0x1f, 0xff, 0x10, 0x00, 0x01, 0x40, 0x00, 0xbf,
    0xfb, 0x10, 0x01, 0xcf, 0xb1, 0x03, 0xff, 0xff,
    0xcc, 0xff, 0xfd, 0x00, 0x05, 0xff, 0xff, 0xff,
    0xfd, 0x20, 0x00, 0x02, 0x9d, 0xfe, 0xc6, 0x00,
    0x00,

    /* U+00ED "í" */
    0x00, 0x00, 0x00, 0x00, 0x05, 0xc0, 0x00, 0x5f,
    0xf9, 0x06, 0xff, 0xd1, 0x5f, 0xfc, 0x10, 0x1d,
    0xc1, 0x00, 0x01, 0x00, 0x00, 0x00, 0x00, 0x00,
    0x8f, 0xfb, 0x00, 0x8f, 0xfb, 0x00, 0x8f, 0xfb,
    0x00, 0x8f, 0xfb, 0x00, 0x8f, 0xfb, 0x00, 0x8f,
    0xfb, 0x00, 0x8f, 0xfb, 0x00, 0x8f, 0xfb, 0x00,
    0x8f, 0xfb, 0x00, 0x8f, 0xfb, 0x00, 0x8f, 0xfb,
    0x00, 0x8f, 0xfb, 0x00, 0x8f, 0xfb, 0x00,

    /* U+00EE "î" */
    0x00, 0x01, 0x30, 0x00, 0x00, 0x1d, 0xe2, 0x00,
    0x00, 0xcf, 0xfe, 0x10, 0x0b, 0xff, 0xff, 0xd1,
    0x1c, 0xf6, 0x3f, 0xd2, 0x00, 0x60, 0x03, 0x00,
    0x00, 0x00, 0x00, 0x00, 0x00, 0x8f, 0xfb, 0x00,
    0x00, 0x8f, 0xfb, 0x00, 0x00, 0x8f, 0xfb, 0x00,
    0x00, 0x8f, 0xfb, 0x00, 0x00, 0x8f, 0xfb, 0x00,
    0x00, 0x8f, 0xfb, 0x00, 0x00, 0x8f, 0xfb, 0x00,
    0x00, 0x8f, 0xfb, 0x00, 0x00, 0x8f, 0xfb, 0x00,
    0x00, 0x8f, 0xfb, 0x00, 0x00, 0x8f, 0xfb, 0x00,
    0x00, 0x8f, 0xfb, 0x00, 0x00, 0x8f, 0xfb, 0x00,

    /* U+00F1 "ñ" */
    0x00, 0x06, 0x86, 0x20, 0x65, 0x10, 0x00, 0xcf,
    0xff, 0xff, 0xff, 0x60, 0x07, 0xff, 0xff, 0xff,
    0xfb, 0x00, 0x01, 0x55, 0x02, 0x68, 0x50, 0x00,
    0x00, 0x00, 0x00, 0x00, 0x00, 0x00, 0x00, 0x00,
    0x00, 0x00, 0x00, 0x00, 0x9f, 0xf0, 0x18, 0xdf,
    0xea, 0x10, 0x9f, 0xfb, 0xff, 0xff, 0xff, 0xc0,
    0x9f, 0xff, 0xff, 0xff, 0xff, 0xf3, 0x9f, 0xff,
    0xf9, 0x68, 0xff, 0xf6, 0x9f, 0xff, 0x20, 0x00,
    0xdf, 0xf7, 0x9f, 0xfb, 0x00, 0x00, 0xbf, 0xf8,
    0x9f, 0xfa, 0x00, 0x00, 0xbf, 0xf8, 0x9f, 0xfa,
    0x00, 0x00, 0xbf, 0xf8, 0x9f, 0xfa, 0x00, 0x00,
    0xbf, 0xf8, 0x9f, 0xfa, 0x00, 0x00, 0xbf, 0xf8,
    0x9f, 0xfa, 0x00, 0x00, 0xbf, 0xf8, 0x9f, 0xfa,
    0x00, 0x00, 0xbf, 0xf8, 0x9f, 0xfa, 0x00, 0x00,
    0xbf, 0xf8,

    /* U+00F3 "ó" */
    0x00, 0x00, 0x00, 0x00, 0x27, 0x00, 0x00, 0x00,
    0x00, 0x00, 0x03, 0xef, 0x70, 0x00, 0x00, 0x00,
    0x00, 0x3e, 0xff, 0x30, 0x00, 0x00, 0x00, 0x03,
    0xff, 0xe3, 0x00, 0x00, 0x00, 0x00, 0x04, 0xfe,
    0x20, 0x00, 0x00, 0x00, 0x00, 0x00, 0x42, 0x00,
    0x00, 0x00, 0x00, 0x00, 0x00, 0x00, 0x00, 0x00,
    0x00, 0x00, 0x01, 0x7c, 0xef, 0xd8, 0x10, 0x00,
    0x00, 0x3e, 0xff, 0xff, 0xff, 0xf5, 0x00, 0x02,
    0xff, 0xff, 0xff, 0xff, 0xff, 0x30, 0x0a, 0xff,
    0xfb, 0x65, 0xaf, 0xff, 0xc0, 0x1f, 0xff, 0xa0,
    0x00, 0x08, 0xff, 0xf2, 0x3f, 0xff, 0x30, 0x00,
    0x01, 0xff, 0xf4, 0x4f, 0xff, 0x10, 0x00, 0x00,
    0xff, 0xf6, 0x3f, 0xff, 0x30, 0x00, 0x01, 0xff,
    0xf4, 0x1f, 0xff, 0xa0, 0x00, 0x09, 0xff, 0xf2,
    0x0a, 0xff, 0xfb, 0x66, 0xbf, 0xff, 0xc0, 0x02,
    0xff, 0xff, 0xff, 0xff, 0xff, 0x30, 0x00, 0x3e,
    0xff, 0xff, 0xff, 0xf5, 0x00, 0x00, 0x01, 0x7d,
    0xff, 0xd8, 0x20, 0x00,

    /* U+00F5 "õ" */
    0x00, 0x03, 0xcf, 0xc5, 0x19, 0xa3, 0x00, 0x00,
    0x1e, 0xff, 0xff, 0xff, 0xf7, 0x00, 0x00, 0x6f,
    0xfa, 0xdf, 0xff, 0xc0, 0x00, 0x00, 0x01, 0x40,
    0x04, 0x86, 0x00, 0x00, 0x00, 0x00, 0x00, 0x00,
    0x00, 0x00, 0x00, 0x00, 0x00, 0x00, 0x00, 0x00,
    0x00, 0x00, 0x00, 0x01, 0x7c, 0xef, 0xd8, 0x10,
    0x00, 0x00, 0x3e, 0xff, 0xff, 0xff, 0xf5, 0x00,
    0x02, 0xff, 0xff, 0xff, 0xff, 0xff, 0x30, 0x0a,
    0xff, 0xfb, 0x65, 0xaf, 0xff, 0xc0, 0x1f, 0xff,
    0xa0, 0x00, 0x08, 0xff, 0xf2, 0x3f, 0xff, 0x30,
    0x00, 0x01, 0xff, 0xf4, 0x4f, 0xff, 0x10, 0x00,
    0x00, 0xff, 0xf6, 0x3f, 0xff, 0x30, 0x00, 0x01,
    0xff, 0xf4, 0x1f, 0xff, 0xa0, 0x00, 0x09, 0xff,
    0xf2, 0x0a, 0xff, 0xfb, 0x66, 0xbf, 0xff, 0xc0,
    0x02, 0xff, 0xff, 0xff, 0xff, 0xff, 0x30, 0x00,
    0x3e, 0xff, 0xff, 0xff, 0xf5, 0x00, 0x00, 0x01,
    0x7d, 0xff, 0xd8, 0x20, 0x00,

    /* U+00F6 "ö" */
    0x00, 0x08, 0xd9, 0x00, 0x9d, 0x80, 0x00, 0x00,
    0x2f, 0xff, 0x54, 0xff, 0xf4, 0x00, 0x00, 0x3f,
    0xff, 0x54, 0xff, 0xf4, 0x00, 0x00, 0x09, 0xfb,
    0x00, 0xaf, 0xa0, 0x00, 0x00, 0x00, 0x00, 0x00,
    0x00, 0x00, 0x00, 0x00, 0x00, 0x00, 0x00, 0x00,
    0x00, 0x00, 0x00, 0x01, 0x7c, 0xef, 0xd8, 0x10,
    0x00, 0x00, 0x3e, 0xff, 0xff, 0xff, 0xf5, 0x00,
    0x02, 0xff, 0xff, 0xff, 0xff, 0xff, 0x30, 0x0a,
    0xff, 0xfb, 0x65, 0xaf, 0xff, 0xc0, 0x1f, 0xff,
    0xa0, 0x00, 0x08, 0xff, 0xf2, 0x3f, 0xff, 0x30,
    0x00, 0x01, 0xff, 0xf4, 0x4f, 0xff, 0x10, 0x00,
    0x00, 0xff, 0xf6, 0x3f, 0xff, 0x30, 0x00, 0x01,
    0xff, 0xf4, 0x1f, 0xff, 0xa0, 0x00, 0x09, 0xff,
    0xf2, 0x0a, 0xff, 0xfb, 0x66, 0xbf, 0xff, 0xc0,
    0x02, 0xff, 0xff, 0xff, 0xff, 0xff, 0x30, 0x00,
    0x3e, 0xff, 0xff, 0xff, 0xf5, 0x00, 0x00, 0x01,
    0x7d, 0xff, 0xd8, 0x20, 0x00,

    /* U+00FA "ú" */
    0x00, 0x00, 0x00, 0x00, 0x00, 0x00, 0x00, 0x00,
    0x00, 0x08, 0x90, 0x00, 0x00, 0x00, 0x00, 0x9f,
    0xf5, 0x00, 0x00, 0x00, 0x0a, 0xff, 0xa0, 0x00,
    0x00, 0x00, 0x9f, 0xfa, 0x00, 0x00, 0x00, 0x00,
    0x3f, 0x90, 0x00, 0x00, 0x00, 0x00, 0x02, 0x00,
    0x00, 0x00, 0x00, 0x00, 0x00, 0x00, 0x00, 0x00,
    0xcf, 0xf8, 0x00, 0x00, 0xdf, 0xf6, 0xcf, 0xf8,
    0x00, 0x00, 0xdf, 0xf6, 0xcf, 0xf8, 0x00, 0x00,
    0xdf, 0xf6, 0xcf, 0xf8, 0x00, 0x00, 0xdf, 0xf6,
    0xcf, 0xf8, 0x00, 0x00, 0xdf, 0xf6, 0xcf, 0xf8,
    0x00, 0x00, 0xdf, 0xf6, 0xcf, 0xf8, 0x00, 0x00,
    0xdf, 0xf6, 0xbf, 0xf8, 0x00, 0x00, 0xef, 0xf6,
    0xbf, 0xfa, 0x00, 0x03, 0xff, 0xf6, 0x9f, 0xff,
    0x86, 0xaf, 0xff, 0xf6, 0x6f, 0xff, 0xff, 0xff,
    0xff, 0xf6, 0x0d, 0xff, 0xff, 0xff, 0xcf, 0xf6,
    0x01, 0xae, 0xfe, 0x81, 0x2f, 0xf6,

    /* U+00FB "û" */
    0x00, 0x00, 0x01, 0x00, 0x00, 0x00, 0x00, 0x00,
    0x1d, 0xa0, 0x00, 0x00, 0x00, 0x01, 0xdf, 0xfa,
    0x00, 0x00, 0x00, 0x2e, 0xff, 0xff, 0xa0, 0x00,
    0x00, 0xbf, 0xf3, 0x8f, 0xf5, 0x00, 0x00, 0x1c,
    0x30, 0x09, 0x90, 0x00, 0x00, 0x00, 0x00, 0x00,
    0x00, 0x00, 0x00, 0x00, 0x00, 0x00, 0x00, 0x00,
    0xcf, 0xf8, 0x00, 0x00, 0xdf, 0xf6, 0xcf, 0xf8,
    0x00, 0x00, 0xdf, 0xf6, 0xcf, 0xf8, 0x00, 0x00,
    0xdf, 0xf6, 0xcf, 0xf8, 0x00, 0x00, 0xdf, 0xf6,
    0xcf, 0xf8, 0x00, 0x00, 0xdf, 0xf6, 0xcf, 0xf8,
    0x00, 0x00, 0xdf, 0xf6, 0xcf, 0xf8, 0x00, 0x00,
    0xdf, 0xf6, 0xbf, 0xf8, 0x00, 0x00, 0xef, 0xf6,
    0xbf, 0xfa, 0x00, 0x03, 0xff, 0xf6, 0x9f, 0xff,
    0x86, 0xaf, 0xff, 0xf6, 0x6f, 0xff, 0xff, 0xff,
    0xff, 0xf6, 0x0d, 0xff, 0xff, 0xff, 0xcf, 0xf6,
    0x01, 0xae, 0xfe, 0x81, 0x2f, 0xf6,

    /* U+00FC "ü" */
    0x00, 0xad, 0x70, 0x0b, 0xd6, 0x00, 0x06, 0xff,
    0xf2, 0x7f, 0xff, 0x10, 0x06, 0xff, 0xf2, 0x7f,
    0xff, 0x10, 0x00, 0xbf, 0x90, 0x1c, 0xf7, 0x00,
    0x00, 0x00, 0x00, 0x00, 0x00, 0x00, 0x00, 0x00,
    0x00, 0x00, 0x00, 0x00, 0xcf, 0xf8, 0x00, 0x00,
    0xdf, 0xf6, 0xcf, 0xf8, 0x00, 0x00, 0xdf, 0xf6,
    0xcf, 0xf8, 0x00, 0x00, 0xdf, 0xf6, 0xcf, 0xf8,
    0x00, 0x00, 0xdf, 0xf6, 0xcf, 0xf8, 0x00, 0x00,
    0xdf, 0xf6, 0xcf, 0xf8, 0x00, 0x00, 0xdf, 0xf6,
    0xcf, 0xf8, 0x00, 0x00, 0xdf, 0xf6, 0xbf, 0xf8,
    0x00, 0x00, 0xef, 0xf6, 0xbf, 0xfa, 0x00, 0x03,
    0xff, 0xf6, 0x9f, 0xff, 0x86, 0xaf, 0xff, 0xf6,
    0x6f, 0xff, 0xff, 0xff, 0xff, 0xf6, 0x0d, 0xff,
    0xff, 0xff, 0xcf, 0xf6, 0x01, 0xae, 0xfe, 0x81,
    0x2f, 0xf6,

    /* U+0150 "Ő" */
    0x00, 0x00, 0x00, 0x01, 0xc6, 0x04, 0xb5, 0x00,
    0x00, 0x00, 0x00, 0x00, 0x00, 0x8f, 0xe0, 0xbf,
    0xb0, 0x00, 0x00, 0x00, 0x00, 0x00, 0x0e, 0xf7,
    0x2f, 0xf4, 0x00, 0x00, 0x00, 0x00, 0x00, 0x06,
    0xff, 0x1a, 0xfd, 0x00, 0x00, 0x00, 0x00, 0x00,
    0x00, 0xcf, 0x90, 0xff, 0x60, 0x00, 0x00, 0x00,
    0x00, 0x00, 0x01, 0x72, 0x02, 0x80, 0x00, 0x00,
    0x00, 0x00, 0x00, 0x00, 0x00, 0x00, 0x00, 0x00,
    0x00, 0x00, 0x00, 0x00, 0x00, 0x28, 0xce, 0xfe,
    0xb7, 0x10, 0x00, 0x00, 0x00, 0x00, 0x9f, 0xff,
    0xff, 0xff, 0xfe, 0x60, 0x00, 0x00, 0x00, 0xcf,
    0xff, 0xff, 0xff, 0xff, 0xff, 0x90, 0x00, 0x00,
    0xbf, 0xff, 0xfa, 0x75, 0x7c, 0xff, 0xff, 0x70,
    0x00, 0x4f, 0xff, 0xd2, 0x00, 0x00, 0x04, 0xff,
    0xff, 0x10, 0x0c, 0xff, 0xe1, 0x00, 0x00, 0x00,
    0x04, 0xff, 0xf8, 0x01, 0xff, 0xf7, 0x00, 0x00,
    0x00, 0x00, 0x0b, 0xff, 0xd0, 0x4f, 0xff, 0x20,
    0x00, 0x00, 0x00, 0x00, 0x6f, 0xff, 0x05, 0xff,
    0xf0, 0x00, 0x00, 0x00, 0x00, 0x04, 0xff, 0xf1,
    0x5f, 0xff, 0x00, 0x00, 0x00, 0x00, 0x00, 0x4f,
    0xff, 0x14, 0xff, 0xf2, 0x00, 0x00, 0x00, 0x00,
    0x06, 0xff, 0xf0, 0x1f, 0xff, 0x70, 0x00, 0x00,
    0x00, 0x00, 0xbf, 0xfc, 0x00, 0xcf, 0xfe, 0x10,
    0x00, 0x00, 0x00, 0x4f, 0xff, 0x80, 0x04, 0xff,
    0xfd, 0x20, 0x00, 0x00, 0x5f, 0xff, 0xf1, 0x00,
    0x0a, 0xff, 0xff, 0xb7, 0x67, 0xcf, 0xff, 0xf6,
    0x00, 0x00, 0x0c, 0xff, 0xff, 0xff, 0xff, 0xff,
    0xf9, 0x00, 0x00, 0x00, 0x09, 0xff, 0xff, 0xff,
    0xff, 0xe6, 0x00, 0x00, 0x00, 0x00, 0x02, 0x8c,
    0xef, 0xeb, 0x71, 0x00, 0x00, 0x00,

    /* U+0151 "ő" */
    0x00, 0x00, 0x05, 0xb4, 0x09, 0x92, 0x00, 0x00,
    0x00, 0x0d, 0xfa, 0x1f, 0xf6, 0x00, 0x00, 0x00,
    0x4f, 0xf3, 0x7f, 0xf0, 0x00, 0x00, 0x00, 0xbf,
    0xb0, 0xef, 0x80, 0x00, 0x00, 0x01, 0xff, 0x45,
    0xff, 0x10, 0x00, 0x00, 0x00, 0x28, 0x00, 0x47,
    0x00, 0x00, 0x00, 0x00, 0x00, 0x00, 0x00, 0x00,
    0x00, 0x00, 0x01, 0x7c, 0xef, 0xd8, 0x10, 0x00,
    0x00, 0x3e, 0xff, 0xff, 0xff, 0xf5, 0x00, 0x02,
    0xff, 0xff, 0xff, 0xff, 0xff, 0x30, 0x0a, 0xff,
    0xfb, 0x65, 0xaf, 0xff, 0xc0, 0x1f, 0xff, 0xa0,
    0x00, 0x08, 0xff, 0xf2, 0x3f, 0xff, 0x30, 0x00,
    0x01, 0xff, 0xf4, 0x4f, 0xff, 0x10, 0x00, 0x00,
    0xff, 0xf6, 0x3f, 0xff, 0x30, 0x00, 0x01, 0xff,
    0xf4, 0x1f, 0xff, 0xa0, 0x00, 0x09, 0xff, 0xf2,
    0x0a, 0xff, 0xfb, 0x66, 0xbf, 0xff, 0xc0, 0x02,
    0xff, 0xff, 0xff, 0xff, 0xff, 0x30, 0x00, 0x3e,
    0xff, 0xff, 0xff, 0xf5, 0x00, 0x00, 0x01, 0x7d,
    0xff, 0xd8, 0x20, 0x00,

    /* U+2013 "–" */
    0x01, 0x11, 0x11, 0x11, 0x11, 0x11, 0x11, 0x7f,
    0xff, 0xff, 0xff, 0xff, 0xff, 0xfb, 0x7f, 0xff,
    0xff, 0xff, 0xff, 0xff, 0xfb, 0x7f, 0xff, 0xff,
    0xff, 0xff, 0xff, 0xfb,

    /* U+2022 "•" */
    0x00, 0x03, 0x10, 0x00, 0x05, 0xff, 0xfa, 0x00,
    0x3f, 0xff, 0xff, 0x90, 0xaf, 0xff, 0xff, 0xf0,
    0xbf, 0xff, 0xff, 0xf1, 0x9f, 0xff, 0xff, 0xe0,
    0x2f, 0xff, 0xff, 0x60, 0x02, 0xbf, 0xd6, 0x00
};

/*---------------------
 *  GLYPH DESCRIPTION
 *--------------------*/

static const lv_font_fmt_txt_glyph_dsc_t glyph_dsc[] = {
    {.bitmap_index = 0, .adv_w = 0, .box_w = 0, .box_h = 0, .ofs_x = 0, .ofs_y = 0} /* id = 0 reserved */,
    {.bitmap_index = 0, .adv_w = 104, .box_w = 0, .box_h = 0, .ofs_x = 0, .ofs_y = 0},
    {.bitmap_index = 0, .adv_w = 115, .box_w = 5, .box_h = 19, .ofs_x = 1, .ofs_y = 0},
    {.bitmap_index = 48, .adv_w = 144, .box_w = 9, .box_h = 8, .ofs_x = 0, .ofs_y = 10},
    {.bitmap_index = 84, .adv_w = 270, .box_w = 17, .box_h = 18, .ofs_x = 0, .ofs_y = 0},
    {.bitmap_index = 237, .adv_w = 218, .box_w = 13, .box_h = 23, .ofs_x = 0, .ofs_y = -3},
    {.bitmap_index = 387, .adv_w = 304, .box_w = 19, .box_h = 19, .ofs_x = 0, .ofs_y = -1},
    {.bitmap_index = 568, .adv_w = 258, .box_w = 15, .box_h = 19, .ofs_x = 1, .ofs_y = 0},
    {.bitmap_index = 711, .adv_w = 73, .box_w = 4, .box_h = 8, .ofs_x = 0, .ofs_y = 10},
    {.bitmap_index = 727, .adv_w = 140, .box_w = 8, .box_h = 25, .ofs_x = 1, .ofs_y = -4},
    {.bitmap_index = 827, .adv_w = 140, .box_w = 8, .box_h = 25, .ofs_x = 0, .ofs_y = -4},
    {.bitmap_index = 927, .adv_w = 178, .box_w = 11, .box_h = 10, .ofs_x = 0, .ofs_y = 9},
    {.bitmap_index = 982, .adv_w = 268, .box_w = 13, .box_h = 13, .ofs_x = 2, .ofs_y = 2},
    {.bitmap_index = 1067, .adv_w = 113, .box_w = 7, .box_h = 9, .ofs_x = 0, .ofs_y = -4},
    {.bitmap_index = 1099, .adv_w = 148, .box_w = 9, .box_h = 4, .ofs_x = 0, .ofs_y = 6},
    {.bitmap_index = 1117, .adv_w = 111, .box_w = 5, .box_h = 5, .ofs_x = 1, .ofs_y = 0},
    {.bitmap_index = 1130, .adv_w = 192, .box_w = 14, .box_h = 23, .ofs_x = -1, .ofs_y = -3},
    {.bitmap_index = 1291, .adv_w = 222, .box_w = 14, .box_h = 18, .ofs_x = 0, .ofs_y = 0},
    {.bitmap_index = 1417, .adv_w = 144, .box_w = 8, .box_h = 18, .ofs_x = 0, .ofs_y = 0},
    {.bitmap_index = 1489, .adv_w = 204, .box_w = 12, .box_h = 18, .ofs_x = 0, .ofs_y = 0},
    {.bitmap_index = 1597, .adv_w = 208, .box_w = 13, .box_h = 18, .ofs_x = 0, .ofs_y = 0},
    {.bitmap_index = 1714, .adv_w = 230, .box_w = 14, .box_h = 18, .ofs_x = 0, .ofs_y = 0},
    {.bitmap_index = 1840, .adv_w = 212, .box_w = 13, .box_h = 18, .ofs_x = 0, .ofs_y = 0},
    {.bitmap_index = 1957, .adv_w = 221, .box_w = 14, .box_h = 18, .ofs_x = 0, .ofs_y = 0},
    {.bitmap_index = 2083, .adv_w = 197, .box_w = 12, .box_h = 18, .ofs_x = 0, .ofs_y = 0},
    {.bitmap_index = 2191, .adv_w = 218, .box_w = 13, .box_h = 18, .ofs_x = 0, .ofs_y = 0},
    {.bitmap_index = 2308, .adv_w = 220, .box_w = 14, .box_h = 18, .ofs_x = 0, .ofs_y = 0},
    {.bitmap_index = 2434, .adv_w = 111, .box_w = 5, .box_h = 13, .ofs_x = 1, .ofs_y = 0},
    {.bitmap_index = 2467, .adv_w = 113, .box_w = 6, .box_h = 18, .ofs_x = 0, .ofs_y = -5},
    {.bitmap_index = 2521, .adv_w = 268, .box_w = 12, .box_h = 15, .ofs_x = 2, .ofs_y = 0},
    {.bitmap_index = 2611, .adv_w = 268, .box_w = 13, .box_h = 9, .ofs_x = 2, .ofs_y = 3},
    {.bitmap_index = 2670, .adv_w = 268, .box_w = 12, .box_h = 15, .ofs_x = 2, .ofs_y = 0},
    {.bitmap_index = 2760, .adv_w = 216, .box_w = 13, .box_h = 19, .ofs_x = 0, .ofs_y = 0},
    {.bitmap_index = 2884, .adv_w = 341, .box_w = 21, .box_h = 21, .ofs_x = 0, .ofs_y = -2},
    {.bitmap_index = 3105, .adv_w = 263, .box_w = 17, .box_h = 18, .ofs_x = 0, .ofs_y = 0},
    {.bitmap_index = 3258, .adv_w = 237, .box_w = 13, .box_h = 18, .ofs_x = 1, .ofs_y = 0},
    {.bitmap_index = 3375, .adv_w = 280, .box_w = 18, .box_h = 18, .ofs_x = 0, .ofs_y = 0},
    {.bitmap_index = 3537, .adv_w = 267, .box_w = 16, .box_h = 18, .ofs_x = 1, .ofs_y = 0},
    {.bitmap_index = 3681, .adv_w = 216, .box_w = 12, .box_h = 18, .ofs_x = 1, .ofs_y = 0},
    {.bitmap_index = 3789, .adv_w = 206, .box_w = 12, .box_h = 18, .ofs_x = 1, .ofs_y = 0},
    {.bitmap_index = 3897, .adv_w = 288, .box_w = 18, .box_h = 18, .ofs_x = 0, .ofs_y = 0},
    {.bitmap_index = 4059, .adv_w = 274, .box_w = 15, .box_h = 18, .ofs_x = 1, .ofs_y = 0},
    {.bitmap_index = 4194, .adv_w = 107, .box_w = 4, .box_h = 18, .ofs_x = 1, .ofs_y = 0},
    {.bitmap_index = 4230, .adv_w = 217, .box_w = 12, .box_h = 18, .ofs_x = 0, .ofs_y = 0},
    {.bitmap_index = 4338, .adv_w = 250, .box_w = 15, .box_h = 18, .ofs_x = 1, .ofs_y = 0},
    {.bitmap_index = 4473, .adv_w = 199, .box_w = 11, .box_h = 18, .ofs_x = 1, .ofs_y = 0},
    {.bitmap_index = 4572, .adv_w = 347, .box_w = 22, .box_h = 18, .ofs_x = 0, .ofs_y = 0},
    {.bitmap_index = 4770, .adv_w = 287, .box_w = 16, .box_h = 18, .ofs_x = 1, .ofs_y = 0},
    {.bitmap_index = 4914, .adv_w = 300, .box_w = 19, .box_h = 18, .ofs_x = 0, .ofs_y = 0},
    {.bitmap_index = 5085, .adv_w = 233, .box_w = 13, .box_h = 18, .ofs_x = 1, .ofs_y = 0},
    {.bitmap_index = 5202, .adv_w = 300, .box_w = 19, .box_h = 19, .ofs_x = 0, .ofs_y = -1},
    {.bitmap_index = 5383, .adv_w = 243, .box_w = 14, .box_h = 18, .ofs_x = 1, .ofs_y = 0},
    {.bitmap_index = 5509, .adv_w = 226, .box_w = 14, .box_h = 18, .ofs_x = 0, .ofs_y = 0},
    {.bitmap_index = 5635, .adv_w = 227, .box_w = 14, .box_h = 18, .ofs_x = 0, .ofs_y = 0},
    {.bitmap_index = 5761, .adv_w = 270, .box_w = 15, .box_h = 18, .ofs_x = 1, .ofs_y = 0},
    {.bitmap_index = 5896, .adv_w = 257, .box_w = 16, .box_h = 18, .ofs_x = 0, .ofs_y = 0},
    {.bitmap_index = 6040, .adv_w = 392, .box_w = 25, .box_h = 18, .ofs_x = 0, .ofs_y = 0},
    {.bitmap_index = 6265, .adv_w = 264, .box_w = 17, .box_h = 18, .ofs_x = 0, .ofs_y = 0},
    {.bitmap_index = 6418, .adv_w = 236, .box_w = 16, .box_h = 18, .ofs_x = -1, .ofs_y = 0},
    {.bitmap_index = 6562, .adv_w = 228, .box_w = 13, .box_h = 18, .ofs_x = 1, .ofs_y = 0},
    {.bitmap_index = 6679, .adv_w = 130, .box_w = 7, .box_h = 25, .ofs_x = 1, .ofs_y = -4},
    {.bitmap_index = 6767, .adv_w = 192, .box_w = 14, .box_h = 23, .ofs_x = -1, .ofs_y = -3},
    {.bitmap_index = 6928, .adv_w = 128, .box_w = 7, .box_h = 25, .ofs_x = 0, .ofs_y = -4},
    {.bitmap_index = 7016, .adv_w = 268, .box_w = 12, .box_h = 8, .ofs_x = 2, .ofs_y = 7},
    {.bitmap_index = 7064, .adv_w = 220, .box_w = 14, .box_h = 3, .ofs_x = 0, .ofs_y = -3},
    {.bitmap_index = 7085, .adv_w = 222, .box_w = 6, .box_h = 6, .ofs_x = 4, .ofs_y = 14},
    {.bitmap_index = 7103, .adv_w = 201, .box_w = 12, .box_h = 13, .ofs_x = 0, .ofs_y = 0},
    {.bitmap_index = 7181, .adv_w = 228, .box_w = 13, .box_h = 18, .ofs_x = 1, .ofs_y = 0},
    {.bitmap_index = 7298, .adv_w = 204, .box_w = 13, .box_h = 13, .ofs_x = 0, .ofs_y = 0},
    {.bitmap_index = 7383, .adv_w = 228, .box_w = 13, .box_h = 18, .ofs_x = 0, .ofs_y = 0},
    {.bitmap_index = 7500, .adv_w = 215, .box_w = 13, .box_h = 13, .ofs_x = 0, .ofs_y = 0},
    {.bitmap_index = 7585, .adv_w = 132, .box_w = 9, .box_h = 18, .ofs_x = 0, .ofs_y = 0},
    {.bitmap_index = 7666, .adv_w = 230, .box_w = 13, .box_h = 18, .ofs_x = 0, .ofs_y = -5},
    {.bitmap_index = 7783, .adv_w = 221, .box_w = 12, .box_h = 18, .ofs_x = 1, .ofs_y = 0},
    {.bitmap_index = 7891, .adv_w = 99, .box_w = 5, .box_h = 19, .ofs_x = 1, .ofs_y = 0},
    {.bitmap_index = 7939, .adv_w = 101, .box_w = 7, .box_h = 24, .ofs_x = -1, .ofs_y = -5},
    {.bitmap_index = 8023, .adv_w = 198, .box_w = 12, .box_h = 18, .ofs_x = 1, .ofs_y = 0},
    {.bitmap_index = 8131, .adv_w = 105, .box_w = 5, .box_h = 18, .ofs_x = 1, .ofs_y = 0},
    {.bitmap_index = 8176, .adv_w = 337, .box_w = 19, .box_h = 13, .ofs_x = 1, .ofs_y = 0},
    {.bitmap_index = 8300, .adv_w = 221, .box_w = 12, .box_h = 13, .ofs_x = 1, .ofs_y = 0},
    {.bitmap_index = 8378, .adv_w = 226, .box_w = 14, .box_h = 13, .ofs_x = 0, .ofs_y = 0},
    {.bitmap_index = 8469, .adv_w = 228, .box_w = 13, .box_h = 18, .ofs_x = 1, .ofs_y = -5},
    {.bitmap_index = 8586, .adv_w = 228, .box_w = 13, .box_h = 18, .ofs_x = 0, .ofs_y = -5},
    {.bitmap_index = 8703, .adv_w = 144, .box_w = 8, .box_h = 13, .ofs_x = 1, .ofs_y = 0},
    {.bitmap_index = 8755, .adv_w = 178, .box_w = 11, .box_h = 13, .ofs_x = 0, .ofs_y = 0},
    {.bitmap_index = 8827, .adv_w = 154, .box_w = 9, .box_h = 16, .ofs_x = 0, .ofs_y = 0},
    {.bitmap_index = 8899, .adv_w = 221, .box_w = 12, .box_h = 13, .ofs_x = 1, .ofs_y = 0},
    {.bitmap_index = 8977, .adv_w = 207, .box_w = 13, .box_h = 13, .ofs_x = 0, .ofs_y = 0},
    {.bitmap_index = 9062, .adv_w = 300, .box_w = 19, .box_h = 13, .ofs_x = 0, .ofs_y = 0},
    {.bitmap_index = 9186, .adv_w = 206, .box_w = 13, .box_h = 13, .ofs_x = 0, .ofs_y = 0},
    {.bitmap_index = 9271, .adv_w = 214, .box_w = 14, .box_h = 18, .ofs_x = 0, .ofs_y = -5},
    {.bitmap_index = 9397, .adv_w = 188, .box_w = 11, .box_h = 13, .ofs_x = 0, .ofs_y = 0},
    {.bitmap_index = 9469, .adv_w = 129, .box_w = 7, .box_h = 25, .ofs_x = 1, .ofs_y = -4},
    {.bitmap_index = 9557, .adv_w = 104, .box_w = 4, .box_h = 25, .ofs_x = 1, .ofs_y = -3},
    {.bitmap_index = 9607, .adv_w = 129, .box_w = 7, .box_h = 25, .ofs_x = 0, .ofs_y = -4},
    {.bitmap_index = 9695, .adv_w = 268, .box_w = 15, .box_h = 7, .ofs_x = 1, .ofs_y = 5},
    {.bitmap_index = 9748, .adv_w = 111, .box_w = 5, .box_h = 5, .ofs_x = 1, .ofs_y = 5},
    {.bitmap_index = 9761, .adv_w = 263, .box_w = 17, .box_h = 26, .ofs_x = 0, .ofs_y = 0},
    {.bitmap_index = 9982, .adv_w = 263, .box_w = 17, .box_h = 24, .ofs_x = 0, .ofs_y = 0},
    {.bitmap_index = 10186, .adv_w = 263, .box_w = 17, .box_h = 24, .ofs_x = 0, .ofs_y = 0},
    {.bitmap_index = 10390, .adv_w = 280, .box_w = 18, .box_h = 23, .ofs_x = 0, .ofs_y = -5},
    {.bitmap_index = 10597, .adv_w = 216, .box_w = 12, .box_h = 26, .ofs_x = 1, .ofs_y = 0},
    {.bitmap_index = 10753, .adv_w = 216, .box_w = 12, .box_h = 26, .ofs_x = 1, .ofs_y = 0},
    {.bitmap_index = 10909, .adv_w = 107, .box_w = 7, .box_h = 26, .ofs_x = 1, .ofs_y = 0},
    {.bitmap_index = 11000, .adv_w = 300, .box_w = 19, .box_h = 25, .ofs_x = 0, .ofs_y = 0},
    {.bitmap_index = 11238, .adv_w = 300, .box_w = 19, .box_h = 24, .ofs_x = 0, .ofs_y = 0},
    {.bitmap_index = 11466, .adv_w = 270, .box_w = 15, .box_h = 26, .ofs_x = 1, .ofs_y = 0},
    {.bitmap_index = 11661, .adv_w = 270, .box_w = 15, .box_h = 24, .ofs_x = 1, .ofs_y = 0},
    {.bitmap_index = 11841, .adv_w = 233, .box_w = 13, .box_h = 18, .ofs_x = 1, .ofs_y = 0},
    {.bitmap_index = 11958, .adv_w = 201, .box_w = 12, .box_h = 20, .ofs_x = 0, .ofs_y = 0},
    {.bitmap_index = 12078, .adv_w = 201, .box_w = 12, .box_h = 20, .ofs_x = 0, .ofs_y = 0},
    {.bitmap_index = 12198, .adv_w = 201, .box_w = 12, .box_h = 21, .ofs_x = 0, .ofs_y = 0},
    {.bitmap_index = 12324, .adv_w = 201, .box_w = 12, .box_h = 19, .ofs_x = 0, .ofs_y = 0},
    {.bitmap_index = 12438, .adv_w = 201, .box_w = 12, .box_h = 19, .ofs_x = 0, .ofs_y = 0},
    {.bitmap_index = 12552, .adv_w = 204, .box_w = 13, .box_h = 18, .ofs_x = 0, .ofs_y = -5},
    {.bitmap_index = 12669, .adv_w = 215, .box_w = 13, .box_h = 20, .ofs_x = 0, .ofs_y = 0},
    {.bitmap_index = 12799, .adv_w = 215, .box_w = 13, .box_h = 20, .ofs_x = 0, .ofs_y = 0},
    {.bitmap_index = 12929, .adv_w = 215, .box_w = 13, .box_h = 21, .ofs_x = 0, .ofs_y = 0},
    {.bitmap_index = 13066, .adv_w = 99, .box_w = 6, .box_h = 21, .ofs_x = 1, .ofs_y = 0},
    {.bitmap_index = 13129, .adv_w = 99, .box_w = 8, .box_h = 20, .ofs_x = -1, .ofs_y = 0},
    {.bitmap_index = 13209, .adv_w = 221, .box_w = 12, .box_h = 19, .ofs_x = 1, .ofs_y = 0},
    {.bitmap_index = 13323, .adv_w = 226, .box_w = 14, .box_h = 20, .ofs_x = 0, .ofs_y = 0},
    {.bitmap_index = 13463, .adv_w = 226, .box_w = 14, .box_h = 19, .ofs_x = 0, .ofs_y = 0},
    {.bitmap_index = 13596, .adv_w = 226, .box_w = 14, .box_h = 19, .ofs_x = 0, .ofs_y = 0},
    {.bitmap_index = 13729, .adv_w = 221, .box_w = 12, .box_h = 21, .ofs_x = 1, .ofs_y = 0},
    {.bitmap_index = 13855, .adv_w = 221, .box_w = 12, .box_h = 21, .ofs_x = 1, .ofs_y = 0},
    {.bitmap_index = 13981, .adv_w = 221, .box_w = 12, .box_h = 19, .ofs_x = 1, .ofs_y = 0},
    {.bitmap_index = 14095, .adv_w = 300, .box_w = 19, .box_h = 25, .ofs_x = 0, .ofs_y = 0},
    {.bitmap_index = 14333, .adv_w = 226, .box_w = 14, .box_h = 20, .ofs_x = 0, .ofs_y = 0},
    {.bitmap_index = 14473, .adv_w = 228, .box_w = 14, .box_h = 4, .ofs_x = 0, .ofs_y = 6},
    {.bitmap_index = 14501, .adv_w = 150, .box_w = 8, .box_h = 8, .ofs_x = 1, .ofs_y = 4}
};

/*---------------------
 *  CHARACTER MAPPING
 *--------------------*/

static const uint16_t unicode_list_1[] = {
    0x00, 0x0a, 0x0c, 0x0d, 0x10, 0x11, 0x12, 0x16,
    0x1c, 0x1f, 0x23, 0x25, 0x28, 0x29, 0x2a, 0x2b,
    0x2c, 0x2d, 0x30, 0x31, 0x32, 0x33, 0x36, 0x37,
    0x3a, 0x3c, 0x3e, 0x3f, 0x43, 0x44, 0x45, 0x99,
    0x9a, 0x1f5c, 0x1f6b
};

/*Collect the unicode lists and glyph_id offsets*/
static const lv_font_fmt_txt_cmap_t cmaps[] =
{
    {
        .range_start = 32, .range_length = 95, .glyph_id_start = 1,
        .unicode_list = NULL, .glyph_id_ofs_list = NULL, .list_length = 0, .type = LV_FONT_FMT_TXT_CMAP_FORMAT0_TINY
    },
    {
        .range_start = 183, .range_length = 8044, .glyph_id_start = 96,
        .unicode_list = unicode_list_1, .glyph_id_ofs_list = NULL, .list_length = 35, .type = LV_FONT_FMT_TXT_CMAP_SPARSE_TINY
    }
};



/*--------------------
 *  ALL CUSTOM DATA
 *--------------------*/

#if LVGL_VERSION_MAJOR == 8
/*Store all the custom data of the font*/
static  lv_font_fmt_txt_glyph_cache_t cache;
#endif

#if LVGL_VERSION_MAJOR >= 8
static const lv_font_fmt_txt_dsc_t font_dsc = {
#else
static lv_font_fmt_txt_dsc_t font_dsc = {
#endif
    .glyph_bitmap = glyph_bitmap,
    .glyph_dsc = glyph_dsc,
    .cmaps = cmaps,
    .kern_dsc = NULL,
    .kern_scale = 0,
    .cmap_num = 2,
    .bpp = 4,
    .kern_classes = 0,
    .bitmap_format = 0,
#if LVGL_VERSION_MAJOR == 8
    .cache = &cache
#endif

};



/*-----------------
 *  PUBLIC FONT
 *----------------*/

/*Initialize a public general font descriptor*/
#if LVGL_VERSION_MAJOR >= 8
const lv_font_t font_gabarito_semibold_24_57600212097168_data = {
#else
lv_font_t font_gabarito_semibold_24_57600212097168_data = {
#endif
    .get_glyph_dsc = lv_font_get_glyph_dsc_fmt_txt,    /*Function pointer to get glyph's data*/
    .get_glyph_bitmap = lv_font_get_bitmap_fmt_txt,    /*Function pointer to get glyph's bitmap*/
    .line_height = 31,          /*The maximum line height required by the font*/
    .base_line = 5,             /*Baseline measured from the bottom of the line*/
#if LV_VERSION_CHECK(9, 6, 0) || LVGL_VERSION_MAJOR >= 10
    .cap_height = 17,           /*Cap height of the font*/
    .x_height = 12,               /*x-height of the font*/
#endif
#if !(LVGL_VERSION_MAJOR == 6 && LVGL_VERSION_MINOR == 0)
    .subpx = LV_FONT_SUBPX_NONE,
#endif
#if LV_VERSION_CHECK(7, 4, 0) || LVGL_VERSION_MAJOR >= 8
    .underline_position = -5,
    .underline_thickness = 2,
#endif

#if LV_VERSION_CHECK(9, 3, 0)
    .static_bitmap = 1,    /*Bitmaps are stored as const so they are always static if not compressed */
#endif

    .dsc = &font_dsc,          /*The custom font data. Will be accessed by `get_glyph_bitmap/dsc` */
#if LV_VERSION_CHECK(8, 2, 0) || LVGL_VERSION_MAJOR >= 9
    .fallback = NULL,
#endif
    .user_data = NULL,
};



#endif /*#if FONT_GABARITO_SEMIBOLD_24_57600212097168_DATA*/
