/*******************************************************************************
 * Size: 12 px
 * Bpp: 4
 * Opts: --font /fonts/Inter-SemiBold.ttf -o /fonts/font_inter_semi_bold_12_data.c --size 12 --bpp 4 --format lvgl --no-compress --symbols ·ÁÃÄÇÈÉÍÓÖÚÜßàáâãäçèéêíîñóõöúûüŐő–• --range 0x20-0x7F, 0xA0-0xFF, 0x0100-0x017F, 0x2000-0x206F
 ******************************************************************************/

#ifdef __has_include
    #if __has_include("lvgl.h")
        #ifndef LV_LVGL_H_INCLUDE_SIMPLE
            #define LV_LVGL_H_INCLUDE_SIMPLE
        #endif
    #endif
#endif

#ifdef LV_LVGL_H_INCLUDE_SIMPLE
    #include "lvgl.h"
#else
    #include "lvgl/lvgl.h"
#endif



#ifndef FONT_INTER_SEMI_BOLD_12_DATA
#define FONT_INTER_SEMI_BOLD_12_DATA 1
#endif

#if FONT_INTER_SEMI_BOLD_12_DATA

/*-----------------
 *    BITMAPS
 *----------------*/

/*Store the image of the glyphs*/
static LV_ATTRIBUTE_LARGE_CONST const uint8_t glyph_bitmap[] = {
    /* U+0020 " " */

    /* U+0021 "!" */
    0x0e, 0xb0, 0xeb, 0x0d, 0xb0, 0xdb, 0x0d, 0xa0,
    0xda, 0x03, 0x20, 0xca, 0x0d, 0xa0,

    /* U+0022 "\"" */
    0xca, 0x6f, 0x0b, 0xa5, 0xf0, 0xb9, 0x5f, 0x07,
    0x63, 0xa0,

    /* U+0023 "#" */
    0x00, 0xa8, 0x09, 0x90, 0x00, 0xc6, 0x0b, 0x70,
    0x3f, 0xff, 0xff, 0xf7, 0x15, 0xf5, 0x4f, 0x61,
    0x04, 0xf0, 0x3f, 0x00, 0xbf, 0xff, 0xff, 0xf0,
    0x2c, 0xd3, 0xbe, 0x30, 0x0b, 0x70, 0xa8, 0x00,
    0x0e, 0x40, 0xd5, 0x00,

    /* U+0024 "$" */
    0x00, 0x00, 0x00, 0x00, 0x00, 0x06, 0x40, 0x00,
    0x02, 0xbf, 0xfb, 0x20, 0x0e, 0xee, 0xce, 0xd0,
    0x2f, 0x76, 0x44, 0x80, 0x0e, 0xec, 0x60, 0x00,
    0x02, 0xaf, 0xfc, 0x30, 0x00, 0x06, 0x9c, 0xe0,
    0x4c, 0x26, 0x46, 0xf3, 0x1f, 0xde, 0xce, 0xe0,
    0x03, 0xcf, 0xfb, 0x30, 0x00, 0x06, 0x40, 0x00,
    0x00, 0x00, 0x00, 0x00,

    /* U+0025 "%" */
    0x4d, 0xe4, 0x00, 0x0d, 0x30, 0xb7, 0x6c, 0x00,
    0x98, 0x00, 0xc6, 0x5c, 0x04, 0xd0, 0x00, 0x5f,
    0xf5, 0x0d, 0x30, 0x00, 0x00, 0x00, 0x98, 0x1c,
    0xc2, 0x00, 0x04, 0xd0, 0xa8, 0x7b, 0x00, 0x0d,
    0x30, 0xc5, 0x3d, 0x00, 0x98, 0x00, 0xa8, 0x6b,
    0x03, 0xd0, 0x00, 0x2e, 0xe3,

    /* U+0026 "&" */
    0x01, 0xbf, 0xc1, 0x00, 0x09, 0xe6, 0xda, 0x00,
    0x0a, 0xb0, 0xba, 0x00, 0x05, 0xfe, 0xe2, 0x00,
    0x03, 0xff, 0x30, 0x72, 0x2f, 0x9c, 0xd3, 0xf3,
    0x6f, 0x11, 0xdf, 0xf0, 0x4f, 0xa5, 0xdf, 0xf0,
    0x06, 0xef, 0xc8, 0xf6,

    /* U+0027 "'" */
    0xca, 0xba, 0xb9, 0x76,

    /* U+0028 "(" */
    0x04, 0x70, 0x0d, 0xa0, 0x3f, 0x40, 0x7f, 0x00,
    0xbd, 0x00, 0xdb, 0x00, 0xea, 0x00, 0xdb, 0x00,
    0xbd, 0x00, 0x7f, 0x10, 0x1f, 0x70, 0x0a, 0xd0,

    /* U+0029 ")" */
    0x37, 0x00, 0x3f, 0x50, 0x0d, 0xb0, 0x09, 0xf0,
    0x05, 0xf2, 0x04, 0xf4, 0x02, 0xf5, 0x03, 0xf5,
    0x06, 0xf2, 0x0a, 0xe0, 0x0f, 0x90, 0x5f, 0x20,

    /* U+002A "*" */
    0x00, 0x4b, 0x00, 0x0d, 0x9c, 0xc6, 0x02, 0xef,
    0x80, 0x0d, 0xbd, 0xd6, 0x02, 0x3b, 0x01, 0x00,
    0x02, 0x00,

    /* U+002B "+" */
    0x00, 0xab, 0x00, 0x01, 0xbc, 0x10, 0xef, 0xff,
    0xff, 0x34, 0xef, 0x43, 0x00, 0xab, 0x00, 0x00,
    0xab, 0x00,

    /* U+002C "," */
    0x09, 0x80, 0xe7, 0x1f, 0x33, 0xe0,

    /* U+002D "-" */
    0x01, 0x11, 0x02, 0xff, 0xfc, 0x04, 0x44, 0x30,

    /* U+002E "." */
    0x0c, 0x90, 0xda,

    /* U+002F "/" */
    0x00, 0x1f, 0x30, 0x05, 0xf0, 0x00, 0xab, 0x00,
    0x0e, 0x70, 0x02, 0xf3, 0x00, 0x6e, 0x00, 0x0a,
    0xa0, 0x00, 0xe6, 0x00, 0x2f, 0x20, 0x06, 0xe0,
    0x00, 0xaa, 0x00, 0x00,

    /* U+0030 "0" */
    0x00, 0x9e, 0xe9, 0x00, 0x0a, 0xf8, 0x8f, 0x90,
    0x1f, 0x80, 0x09, 0xf0, 0x5f, 0x40, 0x05, 0xf3,
    0x5f, 0x30, 0x04, 0xf4, 0x5f, 0x40, 0x05, 0xf3,
    0x1f, 0x80, 0x09, 0xf0, 0x0a, 0xf8, 0x8f, 0x90,
    0x00, 0xaf, 0xe9, 0x00,

    /* U+0031 "1" */
    0x04, 0xef, 0x35, 0xfc, 0xf3, 0x54, 0x5f, 0x30,
    0x05, 0xf3, 0x00, 0x5f, 0x30, 0x05, 0xf3, 0x00,
    0x5f, 0x30, 0x05, 0xf3, 0x00, 0x5f, 0x30,

    /* U+0032 "2" */
    0x02, 0xcf, 0xe7, 0x00, 0xed, 0x6a, 0xf5, 0x2c,
    0x40, 0x0f, 0x90, 0x00, 0x02, 0xf6, 0x00, 0x01,
    0xdd, 0x00, 0x01, 0xcd, 0x10, 0x01, 0xce, 0x10,
    0x01, 0xdf, 0x86, 0x64, 0x3f, 0xff, 0xff, 0xc0,

    /* U+0033 "3" */
    0x02, 0xbf, 0xe8, 0x00, 0x0d, 0xe6, 0x9f, 0x70,
    0x19, 0x30, 0x0e, 0xa0, 0x00, 0x00, 0x4f, 0x60,
    0x00, 0x1f, 0xfa, 0x00, 0x00, 0x03, 0x6f, 0xa0,
    0x27, 0x20, 0x0a, 0xf0, 0x1f, 0xd7, 0x8f, 0xc0,
    0x04, 0xcf, 0xea, 0x10,

    /* U+0034 "4" */
    0x00, 0x01, 0xff, 0x40, 0x00, 0x09, 0xff, 0x40,
    0x00, 0x3f, 0x8f, 0x40, 0x00, 0xdb, 0x3f, 0x40,
    0x07, 0xf2, 0x3f, 0x40, 0x1f, 0x91, 0x4f, 0x60,
    0x6f, 0xff, 0xff, 0xf6, 0x14, 0x44, 0x8f, 0x91,
    0x00, 0x00, 0x3f, 0x40,

    /* U+0035 "5" */
    0x0d, 0xff, 0xff, 0x40, 0xeb, 0x66, 0x61, 0x0f,
    0x60, 0x00, 0x01, 0xfb, 0xfe, 0x80, 0x1a, 0x94,
    0x9f, 0x50, 0x00, 0x00, 0xea, 0x39, 0x20, 0x0e,
    0xa1, 0xfc, 0x6a, 0xf4, 0x04, 0xcf, 0xd6, 0x00,

    /* U+0036 "6" */
    0x00, 0x9e, 0xf9, 0x00, 0x09, 0xf8, 0x8f, 0xa0,
    0x1f, 0x70, 0x04, 0x60, 0x4f, 0x6d, 0xfb, 0x10,
    0x5f, 0xd5, 0x6f, 0xb0, 0x5f, 0x60, 0x08, 0xf0,
    0x2f, 0x70, 0x09, 0xf0, 0x0c, 0xf7, 0x8f, 0x90,
    0x01, 0xae, 0xe9, 0x00,

    /* U+0037 "7" */
    0x8f, 0xff, 0xff, 0x63, 0x66, 0x69, 0xf5, 0x00,
    0x00, 0xbe, 0x00, 0x00, 0x3f, 0x60, 0x00, 0x0b,
    0xe0, 0x00, 0x03, 0xf6, 0x00, 0x00, 0xbe, 0x00,
    0x00, 0x3f, 0x70, 0x00, 0x0a, 0xe0, 0x00, 0x00,

    /* U+0038 "8" */
    0x02, 0xbf, 0xe8, 0x00, 0x0d, 0xe6, 0x8f, 0x80,
    0x0f, 0x80, 0x0d, 0xb0, 0x0c, 0xc1, 0x4f, 0x70,
    0x02, 0xef, 0xfb, 0x00, 0x1e, 0xc4, 0x6e, 0xa0,
    0x5f, 0x40, 0x09, 0xf0, 0x2f, 0xc5, 0x6e, 0xd0,
    0x04, 0xcf, 0xfa, 0x10,

    /* U+0039 "9" */
    0x03, 0xcf, 0xd7, 0x00, 0x1f, 0xd6, 0x9f, 0x60,
    0x5f, 0x30, 0x0b, 0xd0, 0x3f, 0x91, 0x3e, 0xf0,
    0x09, 0xff, 0xd9, 0xf0, 0x00, 0x12, 0x09, 0xe0,
    0x3e, 0x60, 0x0e, 0xb0, 0x0d, 0xe7, 0xbf, 0x40,
    0x02, 0xbf, 0xd5, 0x00,

    /* U+003A ":" */
    0x0c, 0x90, 0xda, 0x00, 0x00, 0x00, 0x00, 0x00,
    0xc9, 0x0d, 0xa0,

    /* U+003B ";" */
    0x0a, 0xb0, 0xac, 0x00, 0x00, 0x00, 0x00, 0x00,
    0x98, 0x0e, 0x71, 0xf3, 0x3e, 0x00,

    /* U+003C "<" */
    0x00, 0x00, 0x00, 0x00, 0x00, 0x01, 0x7b, 0x00,
    0x18, 0xff, 0x80, 0x8f, 0xe8, 0x10, 0x0f, 0xf4,
    0x00, 0x00, 0x3b, 0xfc, 0x50, 0x00, 0x03, 0xbf,
    0xb0, 0x00, 0x00, 0x38,

    /* U+003D "=" */
    0x11, 0x11, 0x11, 0xcf, 0xff, 0xfe, 0x34, 0x44,
    0x43, 0x11, 0x11, 0x11, 0xcf, 0xff, 0xfe, 0x34,
    0x44, 0x43,

    /* U+003E ">" */
    0x00, 0x00, 0x00, 0x0a, 0x81, 0x00, 0x00, 0x7f,
    0xf8, 0x10, 0x00, 0x17, 0xef, 0x90, 0x00, 0x03,
    0xef, 0x10, 0x4c, 0xfc, 0x40, 0xaf, 0xb3, 0x00,
    0x07, 0x30, 0x00, 0x00,

    /* U+003F "?" */
    0x07, 0xef, 0xb2, 0x4f, 0x96, 0xfc, 0x37, 0x00,
    0xae, 0x00, 0x05, 0xf9, 0x00, 0x5f, 0x80, 0x00,
    0xac, 0x00, 0x00, 0x11, 0x00, 0x00, 0xba, 0x00,
    0x00, 0xcb, 0x00,

    /* U+0040 "@" */
    0x00, 0x06, 0xcf, 0xfd, 0x70, 0x00, 0x00, 0xbf,
    0x84, 0x46, 0xdd, 0x10, 0x08, 0xe2, 0x00, 0x00,
    0x0c, 0xa0, 0x0f, 0x60, 0x9f, 0xdc, 0x83, 0xf1,
    0x3f, 0x16, 0xe5, 0x6f, 0x80, 0xf5, 0x5f, 0x0a,
    0x80, 0x0b, 0x80, 0xe5, 0x5f, 0x0a, 0x80, 0x0b,
    0x80, 0xf4, 0x4f, 0x16, 0xe3, 0x4f, 0xa5, 0xf0,
    0x0f, 0x60, 0x9f, 0xd5, 0xee, 0x50, 0x09, 0xe2,
    0x00, 0x00, 0x00, 0x00, 0x00, 0xcf, 0x85, 0x46,
    0x80, 0x00, 0x00, 0x06, 0xcf, 0xfd, 0x90, 0x00,

    /* U+0041 "A" */
    0x00, 0x0d, 0xf7, 0x00, 0x00, 0x02, 0xfd, 0xd0,
    0x00, 0x00, 0x8f, 0x5f, 0x30, 0x00, 0x0d, 0xb1,
    0xf8, 0x00, 0x02, 0xf7, 0x1d, 0xe0, 0x00, 0x8f,
    0xff, 0xff, 0x30, 0x0d, 0xf4, 0x45, 0xf9, 0x03,
    0xf7, 0x00, 0x0c, 0xe0, 0x8f, 0x20, 0x00, 0x6f,
    0x40,

    /* U+0042 "B" */
    0x2f, 0xff, 0xfc, 0x20, 0x2f, 0xa6, 0x7f, 0xd0,
    0x2f, 0x70, 0x09, 0xf0, 0x2f, 0x70, 0x2d, 0xb0,
    0x2f, 0xff, 0xfd, 0x20, 0x2f, 0x83, 0x4b, 0xe1,
    0x2f, 0x70, 0x04, 0xf5, 0x2f, 0xa6, 0x6c, 0xf2,
    0x2f, 0xff, 0xfd, 0x60,

    /* U+0043 "C" */
    0x00, 0x5d, 0xfd, 0x70, 0x00, 0x7f, 0xc8, 0xaf,
    0x90, 0x0f, 0xb0, 0x00, 0x9f, 0x14, 0xf4, 0x00,
    0x00, 0x10, 0x5f, 0x30, 0x00, 0x00, 0x04, 0xf4,
    0x00, 0x00, 0x10, 0x0f, 0xb0, 0x00, 0x8f, 0x10,
    0x7f, 0xc8, 0xaf, 0x90, 0x00, 0x6d, 0xfd, 0x70,
    0x00,

    /* U+0044 "D" */
    0x2f, 0xff, 0xeb, 0x30, 0x02, 0xfd, 0x68, 0xef,
    0x30, 0x2f, 0x70, 0x01, 0xeb, 0x02, 0xf7, 0x00,
    0x09, 0xf0, 0x2f, 0x70, 0x00, 0x8f, 0x02, 0xf7,
    0x00, 0x09, 0xf0, 0x2f, 0x70, 0x01, 0xeb, 0x02,
    0xfd, 0x68, 0xef, 0x20, 0x2f, 0xff, 0xeb, 0x30,
    0x00,

    /* U+0045 "E" */
    0x2f, 0xff, 0xff, 0x82, 0xfa, 0x66, 0x63, 0x2f,
    0x70, 0x00, 0x02, 0xf7, 0x11, 0x10, 0x2f, 0xff,
    0xff, 0x42, 0xf9, 0x44, 0x41, 0x2f, 0x70, 0x00,
    0x02, 0xfa, 0x66, 0x63, 0x2f, 0xff, 0xff, 0x90,

    /* U+0046 "F" */
    0x2f, 0xff, 0xff, 0x72, 0xfa, 0x66, 0x62, 0x2f,
    0x70, 0x00, 0x02, 0xf7, 0x11, 0x10, 0x2f, 0xff,
    0xff, 0x12, 0xf9, 0x44, 0x40, 0x2f, 0x70, 0x00,
    0x02, 0xf7, 0x00, 0x00, 0x2f, 0x70, 0x00, 0x00,

    /* U+0047 "G" */
    0x00, 0x5d, 0xfd, 0x80, 0x00, 0x7f, 0xc8, 0xaf,
    0xa0, 0x0f, 0xb0, 0x00, 0x6c, 0x14, 0xf4, 0x00,
    0x00, 0x00, 0x5f, 0x30, 0x3f, 0xff, 0x54, 0xf4,
    0x00, 0x36, 0xf4, 0x0f, 0xb0, 0x00, 0x8f, 0x10,
    0x7f, 0xc8, 0xaf, 0x90, 0x00, 0x6d, 0xfe, 0x80,
    0x00,

    /* U+0048 "H" */
    0x2f, 0x70, 0x00, 0x8f, 0x12, 0xf7, 0x00, 0x08,
    0xf1, 0x2f, 0x70, 0x00, 0x8f, 0x12, 0xf7, 0x11,
    0x18, 0xf1, 0x2f, 0xff, 0xff, 0xff, 0x12, 0xf9,
    0x44, 0x4a, 0xf1, 0x2f, 0x70, 0x00, 0x8f, 0x12,
    0xf7, 0x00, 0x08, 0xf1, 0x2f, 0x70, 0x00, 0x8f,
    0x10,

    /* U+0049 "I" */
    0x2f, 0x72, 0xf7, 0x2f, 0x72, 0xf7, 0x2f, 0x72,
    0xf7, 0x2f, 0x72, 0xf7, 0x2f, 0x70,

    /* U+004A "J" */
    0x00, 0x00, 0x7f, 0x10, 0x00, 0x07, 0xf1, 0x00,
    0x00, 0x7f, 0x10, 0x00, 0x07, 0xf1, 0x00, 0x00,
    0x7f, 0x12, 0x40, 0x07, 0xf1, 0x7f, 0x10, 0x8f,
    0x04, 0xfa, 0x6e, 0xc0, 0x06, 0xef, 0xb2, 0x00,

    /* U+004B "K" */
    0x2f, 0x70, 0x04, 0xfa, 0x02, 0xf7, 0x03, 0xfc,
    0x00, 0x2f, 0x61, 0xed, 0x10, 0x02, 0xf7, 0xcf,
    0x20, 0x00, 0x2f, 0xef, 0xf2, 0x00, 0x02, 0xff,
    0x4e, 0xc0, 0x00, 0x2f, 0xb0, 0x5f, 0x70, 0x02,
    0xf7, 0x00, 0xbf, 0x20, 0x2f, 0x70, 0x01, 0xfc,
    0x00,

    /* U+004C "L" */
    0x2f, 0x70, 0x00, 0x02, 0xf7, 0x00, 0x00, 0x2f,
    0x70, 0x00, 0x02, 0xf7, 0x00, 0x00, 0x2f, 0x70,
    0x00, 0x02, 0xf7, 0x00, 0x00, 0x2f, 0x70, 0x00,
    0x02, 0xfa, 0x66, 0x61, 0x2f, 0xff, 0xff, 0x40,

    /* U+004D "M" */
    0x2f, 0xf6, 0x00, 0x05, 0xff, 0x32, 0xff, 0xc0,
    0x00, 0xbf, 0xf3, 0x2f, 0xbf, 0x20, 0x1f, 0xbf,
    0x32, 0xf7, 0xf7, 0x06, 0xf7, 0xf3, 0x2f, 0x6b,
    0xd0, 0xcc, 0x6f, 0x32, 0xf6, 0x5f, 0x3f, 0x66,
    0xf3, 0x2f, 0x60, 0xfb, 0xf1, 0x6f, 0x32, 0xf6,
    0x0a, 0xfb, 0x06, 0xf3, 0x2f, 0x60, 0x4f, 0x60,
    0x6f, 0x30,

    /* U+004E "N" */
    0x2f, 0xe0, 0x00, 0x5f, 0x32, 0xff, 0x80, 0x05,
    0xf3, 0x2f, 0xbf, 0x20, 0x5f, 0x32, 0xf7, 0xcb,
    0x05, 0xf3, 0x2f, 0x73, 0xf5, 0x5f, 0x32, 0xf7,
    0x0a, 0xd5, 0xf3, 0x2f, 0x70, 0x1f, 0xbf, 0x32,
    0xf7, 0x00, 0x7f, 0xf3, 0x2f, 0x70, 0x00, 0xdf,
    0x30,

    /* U+004F "O" */
    0x00, 0x5d, 0xfe, 0x80, 0x00, 0x7f, 0xc8, 0xaf,
    0xa0, 0x0f, 0xb0, 0x00, 0x8f, 0x34, 0xf4, 0x00,
    0x01, 0xf8, 0x5f, 0x30, 0x00, 0x0f, 0x94, 0xf4,
    0x00, 0x01, 0xf8, 0x0f, 0xb0, 0x00, 0x8f, 0x30,
    0x7f, 0xc8, 0xaf, 0xa0, 0x00, 0x6d, 0xfe, 0x80,
    0x00,

    /* U+0050 "P" */
    0x2f, 0xff, 0xfb, 0x10, 0x2f, 0xa6, 0x8f, 0xc0,
    0x2f, 0x70, 0x08, 0xf2, 0x2f, 0x70, 0x07, 0xf2,
    0x2f, 0x81, 0x3d, 0xe0, 0x2f, 0xff, 0xfe, 0x40,
    0x2f, 0xb4, 0x30, 0x00, 0x2f, 0x70, 0x00, 0x00,
    0x2f, 0x70, 0x00, 0x00,

    /* U+0051 "Q" */
    0x00, 0x5d, 0xfe, 0x80, 0x00, 0x7f, 0xc8, 0xaf,
    0xa0, 0x0f, 0xb0, 0x00, 0x8f, 0x34, 0xf4, 0x00,
    0x01, 0xf8, 0x5f, 0x30, 0x00, 0x0f, 0x94, 0xf4,
    0x00, 0x01, 0xf8, 0x0f, 0xb0, 0x6e, 0x9f, 0x30,
    0x7f, 0xc8, 0xff, 0xb0, 0x00, 0x6d, 0xfe, 0xfa,
    0x00, 0x00, 0x00, 0x02, 0x81,

    /* U+0052 "R" */
    0x2f, 0xff, 0xfc, 0x30, 0x2f, 0xa6, 0x7e, 0xe0,
    0x2f, 0x70, 0x07, 0xf2, 0x2f, 0x81, 0x2c, 0xf1,
    0x2f, 0xff, 0xff, 0x70, 0x2f, 0xb4, 0xfe, 0x00,
    0x2f, 0x70, 0x6f, 0x50, 0x2f, 0x70, 0x0e, 0xd0,
    0x2f, 0x70, 0x07, 0xf4,

    /* U+0053 "S" */
    0x02, 0xbf, 0xfb, 0x20, 0x0e, 0xe7, 0x7e, 0xd0,
    0x2f, 0x70, 0x04, 0x80, 0x0e, 0xe6, 0x10, 0x00,
    0x02, 0xaf, 0xfc, 0x30, 0x00, 0x00, 0x4c, 0xe0,
    0x4c, 0x20, 0x06, 0xf3, 0x1f, 0xd7, 0x8e, 0xe0,
    0x03, 0xcf, 0xfb, 0x30,

    /* U+0054 "T" */
    0x8f, 0xff, 0xff, 0xf7, 0x36, 0x6e, 0xd6, 0x62,
    0x00, 0x0d, 0xc0, 0x00, 0x00, 0x0d, 0xc0, 0x00,
    0x00, 0x0d, 0xc0, 0x00, 0x00, 0x0d, 0xc0, 0x00,
    0x00, 0x0d, 0xc0, 0x00, 0x00, 0x0d, 0xc0, 0x00,
    0x00, 0x0d, 0xc0, 0x00,

    /* U+0055 "U" */
    0x2f, 0x70, 0x00, 0x9f, 0x2f, 0x70, 0x00, 0x9f,
    0x2f, 0x70, 0x00, 0x9f, 0x2f, 0x70, 0x00, 0x9f,
    0x2f, 0x70, 0x00, 0x9f, 0x1f, 0x70, 0x00, 0xaf,
    0x0f, 0xb0, 0x00, 0xdd, 0x09, 0xfc, 0x8d, 0xf7,
    0x00, 0x8e, 0xfd, 0x60,

    /* U+0056 "V" */
    0x8f, 0x20, 0x00, 0x6f, 0x43, 0xf8, 0x00, 0x0c,
    0xe0, 0x0d, 0xd0, 0x01, 0xf9, 0x00, 0x7f, 0x20,
    0x6f, 0x40, 0x02, 0xf8, 0x0b, 0xe0, 0x00, 0x0c,
    0xc0, 0xf9, 0x00, 0x00, 0x7f, 0x6f, 0x30, 0x00,
    0x01, 0xfe, 0xe0, 0x00, 0x00, 0x0c, 0xf8, 0x00,
    0x00,

    /* U+0057 "W" */
    0x9f, 0x10, 0x0d, 0xf1, 0x00, 0xdd, 0x4f, 0x50,
    0x1f, 0xf5, 0x01, 0xf8, 0x0f, 0x90, 0x5f, 0xd9,
    0x05, 0xf4, 0x0c, 0xc0, 0x9d, 0x9c, 0x09, 0xf0,
    0x08, 0xf0, 0xd9, 0x5f, 0x1c, 0xc0, 0x04, 0xf4,
    0xf5, 0x1f, 0x4f, 0x80, 0x00, 0xfa, 0xf1, 0x0d,
    0xaf, 0x30, 0x00, 0xbf, 0xd0, 0x09, 0xff, 0x00,
    0x00, 0x7f, 0x90, 0x05, 0xfb, 0x00,

    /* U+0058 "X" */
    0x2f, 0xb0, 0x01, 0xec, 0x00, 0x7f, 0x50, 0xaf,
    0x20, 0x00, 0xce, 0x4f, 0x70, 0x00, 0x02, 0xff,
    0xc0, 0x00, 0x00, 0x0f, 0xf8, 0x00, 0x00, 0x05,
    0xfe, 0xe1, 0x00, 0x01, 0xec, 0x2f, 0xa0, 0x00,
    0xaf, 0x20, 0x8f, 0x50, 0x5f, 0x70, 0x00, 0xde,
    0x10,

    /* U+0059 "Y" */
    0x6f, 0x60, 0x00, 0xce, 0x00, 0xde, 0x00, 0x5f,
    0x60, 0x03, 0xf7, 0x0d, 0xc0, 0x00, 0x0a, 0xf7,
    0xf3, 0x00, 0x00, 0x1f, 0xfa, 0x00, 0x00, 0x00,
    0x9f, 0x20, 0x00, 0x00, 0x07, 0xf1, 0x00, 0x00,
    0x00, 0x7f, 0x10, 0x00, 0x00, 0x07, 0xf1, 0x00,
    0x00,

    /* U+005A "Z" */
    0x5f, 0xff, 0xff, 0xf2, 0x16, 0x66, 0x6f, 0xc0,
    0x00, 0x00, 0x9f, 0x20, 0x00, 0x04, 0xf7, 0x00,
    0x00, 0x0e, 0xc0, 0x00, 0x00, 0xaf, 0x20, 0x00,
    0x04, 0xf6, 0x00, 0x00, 0x1e, 0xf6, 0x66, 0x60,
    0x4f, 0xff, 0xff, 0xf2,

    /* U+005B "[" */
    0x00, 0x0d, 0xfd, 0xdb, 0x2d, 0xa0, 0xda, 0x0d,
    0xa0, 0xda, 0x0d, 0xa0, 0xda, 0x0d, 0xa0, 0xda,
    0x0d, 0xfd, 0x23, 0x20,

    /* U+005C "\\" */
    0xaa, 0x00, 0x06, 0xe0, 0x00, 0x2f, 0x20, 0x00,
    0xe6, 0x00, 0x0a, 0xa0, 0x00, 0x6e, 0x00, 0x02,
    0xf3, 0x00, 0x0e, 0x70, 0x00, 0xab, 0x00, 0x05,
    0xf0, 0x00, 0x1f, 0x30,

    /* U+005D "]" */
    0x00, 0x00, 0x5f, 0xf5, 0x15, 0xf5, 0x02, 0xf5,
    0x02, 0xf5, 0x02, 0xf5, 0x02, 0xf5, 0x02, 0xf5,
    0x02, 0xf5, 0x02, 0xf5, 0x02, 0xf5, 0x5f, 0xf5,
    0x13, 0x31,

    /* U+005E "^" */
    0x00, 0x64, 0x00, 0x02, 0xff, 0x00, 0x09, 0x9c,
    0x60, 0x1f, 0x26, 0xd0, 0x49, 0x00, 0xb2,

    /* U+005F "_" */
    0x11, 0x11, 0x10, 0xff, 0xff, 0xfa, 0x33, 0x33,
    0x32,

    /* U+0060 "`" */
    0x0b, 0x80, 0x03, 0xf0,

    /* U+0061 "a" */
    0x05, 0xdf, 0xc3, 0x01, 0xf9, 0x4c, 0xe0, 0x00,
    0x02, 0xaf, 0x10, 0xaf, 0xed, 0xf1, 0x7f, 0x20,
    0x7f, 0x17, 0xf5, 0x4e, 0xf1, 0x0b, 0xfc, 0x8f,
    0x10,

    /* U+0062 "b" */
    0x3f, 0x50, 0x00, 0x03, 0xf5, 0x00, 0x00, 0x3f,
    0x7c, 0xfa, 0x03, 0xfe, 0x68, 0xf8, 0x3f, 0x70,
    0x0c, 0xd3, 0xf5, 0x00, 0xaf, 0x3f, 0x70, 0x0c,
    0xd3, 0xfe, 0x68, 0xf8, 0x3f, 0x7c, 0xfa, 0x00,

    /* U+0063 "c" */
    0x03, 0xcf, 0xd5, 0x00, 0xed, 0x5a, 0xf3, 0x5f,
    0x40, 0x05, 0x17, 0xf1, 0x00, 0x00, 0x5f, 0x40,
    0x06, 0x10, 0xed, 0x5a, 0xf3, 0x03, 0xcf, 0xd5,
    0x00,

    /* U+0064 "d" */
    0x00, 0x00, 0x0d, 0xb0, 0x00, 0x00, 0xdb, 0x04,
    0xde, 0x7d, 0xb1, 0xfd, 0x5a, 0xfb, 0x6f, 0x40,
    0x0f, 0xb7, 0xf1, 0x00, 0xdb, 0x6f, 0x40, 0x0f,
    0xb1, 0xfd, 0x5a, 0xfb, 0x04, 0xde, 0x7d, 0xb0,

    /* U+0065 "e" */
    0x03, 0xcf, 0xc4, 0x01, 0xec, 0x5a, 0xf1, 0x5f,
    0x20, 0x0f, 0x77, 0xff, 0xff, 0xf9, 0x5f, 0x52,
    0x22, 0x11, 0xec, 0x57, 0xe3, 0x03, 0xcf, 0xd7,
    0x00,

    /* U+0066 "f" */
    0x02, 0xcf, 0x60, 0x9f, 0x61, 0xef, 0xff, 0x43,
    0xff, 0x41, 0x0b, 0xd0, 0x00, 0xbd, 0x00, 0x0b,
    0xd0, 0x00, 0xbd, 0x00, 0x0b, 0xd0, 0x00,

    /* U+0067 "g" */
    0x04, 0xde, 0x8c, 0xb1, 0xfd, 0x5a, 0xfb, 0x5f,
    0x40, 0x0f, 0xb7, 0xf1, 0x00, 0xdb, 0x6f, 0x30,
    0x0f, 0xb1, 0xfc, 0x5a, 0xfb, 0x04, 0xdf, 0x8d,
    0xb0, 0x00, 0x00, 0xda, 0x0e, 0xa4, 0x7f, 0x60,
    0x4c, 0xfe, 0x80,

    /* U+0068 "h" */
    0x3f, 0x50, 0x00, 0x03, 0xf5, 0x00, 0x00, 0x3f,
    0x6c, 0xfa, 0x03, 0xfe, 0x6a, 0xf5, 0x3f, 0x60,
    0x0f, 0x83, 0xf5, 0x00, 0xf8, 0x3f, 0x50, 0x0f,
    0x83, 0xf5, 0x00, 0xf8, 0x3f, 0x50, 0x0f, 0x80,

    /* U+0069 "i" */
    0x2e, 0x41, 0xb3, 0x3f, 0x53, 0xf5, 0x3f, 0x53,
    0xf5, 0x3f, 0x53, 0xf5, 0x3f, 0x50,

    /* U+006A "j" */
    0x02, 0xe4, 0x01, 0xb2, 0x03, 0xf5, 0x03, 0xf5,
    0x03, 0xf5, 0x03, 0xf5, 0x03, 0xf5, 0x03, 0xf5,
    0x03, 0xf5, 0x03, 0xf5, 0x19, 0xf3, 0x4e, 0x80,

    /* U+006B "k" */
    0x3f, 0x50, 0x00, 0x03, 0xf5, 0x00, 0x00, 0x3f,
    0x50, 0x9f, 0x33, 0xf5, 0x6f, 0x50, 0x3f, 0x9f,
    0x80, 0x03, 0xff, 0xf5, 0x00, 0x3f, 0xac, 0xe1,
    0x03, 0xf5, 0x2f, 0xb0, 0x3f, 0x50, 0x6f, 0x60,

    /* U+006C "l" */
    0x3f, 0x53, 0xf5, 0x3f, 0x53, 0xf5, 0x3f, 0x53,
    0xf5, 0x3f, 0x53, 0xf5, 0x3f, 0x50,

    /* U+006D "m" */
    0x3f, 0x7d, 0xe4, 0x7e, 0xe4, 0x3f, 0xc5, 0xce,
    0xa5, 0xed, 0x3f, 0x60, 0x5f, 0x20, 0x8f, 0x3f,
    0x50, 0x5f, 0x20, 0x8f, 0x3f, 0x50, 0x5f, 0x20,
    0x8f, 0x3f, 0x50, 0x5f, 0x20, 0x8f, 0x3f, 0x50,
    0x5f, 0x20, 0x8f,

    /* U+006E "n" */
    0x3f, 0x6d, 0xfa, 0x03, 0xfd, 0x59, 0xf5, 0x3f,
    0x60, 0x0f, 0x83, 0xf5, 0x00, 0xf8, 0x3f, 0x50,
    0x0f, 0x83, 0xf5, 0x00, 0xf8, 0x3f, 0x50, 0x0f,
    0x80,

    /* U+006F "o" */
    0x03, 0xcf, 0xd6, 0x00, 0xed, 0x5a, 0xf4, 0x5f,
    0x40, 0x0e, 0xa7, 0xf1, 0x00, 0xcc, 0x5f, 0x40,
    0x0e, 0xa0, 0xed, 0x5a, 0xf4, 0x03, 0xcf, 0xd6,
    0x00,

    /* U+0070 "p" */
    0x3f, 0x7d, 0xfa, 0x03, 0xfe, 0x57, 0xf8, 0x3f,
    0x70, 0x0c, 0xd3, 0xf5, 0x00, 0xaf, 0x3f, 0x70,
    0x0c, 0xd3, 0xfe, 0x68, 0xf8, 0x3f, 0x7c, 0xfa,
    0x03, 0xf5, 0x00, 0x00, 0x3f, 0x50, 0x00, 0x03,
    0xf5, 0x00, 0x00,

    /* U+0071 "q" */
    0x04, 0xde, 0x7d, 0xb1, 0xfd, 0x5a, 0xfb, 0x6f,
    0x40, 0x0f, 0xb7, 0xf1, 0x00, 0xdb, 0x6f, 0x40,
    0x0f, 0xb1, 0xfd, 0x5a, 0xfb, 0x04, 0xde, 0x7d,
    0xb0, 0x00, 0x00, 0xdb, 0x00, 0x00, 0x0d, 0xb0,
    0x00, 0x00, 0xdb,

    /* U+0072 "r" */
    0x00, 0x00, 0x03, 0xf8, 0xe8, 0x3f, 0xe6, 0x33,
    0xf6, 0x00, 0x3f, 0x50, 0x03, 0xf5, 0x00, 0x3f,
    0x50, 0x03, 0xf5, 0x00,

    /* U+0073 "s" */
    0x07, 0xdf, 0xc2, 0x02, 0xf9, 0x4c, 0xa0, 0x3f,
    0x92, 0x00, 0x00, 0x7e, 0xfe, 0x60, 0x02, 0x02,
    0xbf, 0x05, 0xf9, 0x4c, 0xe0, 0x07, 0xdf, 0xc3,
    0x00,

    /* U+0074 "t" */
    0x07, 0x40, 0x00, 0xf9, 0x00, 0xef, 0xfd, 0x03,
    0xfd, 0x30, 0x0f, 0x90, 0x00, 0xf9, 0x00, 0x0f,
    0x90, 0x00, 0xec, 0x40, 0x06, 0xee, 0x00,

    /* U+0075 "u" */
    0x3f, 0x50, 0x0f, 0x83, 0xf5, 0x00, 0xf8, 0x3f,
    0x50, 0x0f, 0x83, 0xf5, 0x00, 0xf8, 0x2f, 0x60,
    0x1f, 0x80, 0xfd, 0x6b, 0xf8, 0x05, 0xee, 0x6e,
    0x80,

    /* U+0076 "v" */
    0x9f, 0x00, 0x0e, 0xa3, 0xf5, 0x04, 0xf4, 0x0e,
    0xa0, 0x9e, 0x00, 0x8e, 0x0e, 0x90, 0x03, 0xf6,
    0xf4, 0x00, 0x0d, 0xee, 0x00, 0x00, 0x8f, 0x80,
    0x00,

    /* U+0077 "w" */
    0x9f, 0x00, 0xce, 0x00, 0xea, 0x5f, 0x30, 0xff,
    0x12, 0xf6, 0x0f, 0x74, 0xed, 0x56, 0xf1, 0x0c,
    0xa8, 0xa9, 0x99, 0xd0, 0x07, 0xeb, 0x65, 0xcd,
    0x80, 0x03, 0xff, 0x21, 0xff, 0x40, 0x00, 0xee,
    0x00, 0xdf, 0x00,

    /* U+0078 "x" */
    0x4f, 0x50, 0x7f, 0x20, 0xae, 0x1f, 0x80, 0x01,
    0xff, 0xe0, 0x00, 0x0e, 0xfb, 0x00, 0x03, 0xfc,
    0xe1, 0x00, 0xcc, 0x0e, 0x90, 0x6f, 0x30, 0x6f,
    0x30,

    /* U+0079 "y" */
    0x9f, 0x00, 0x0e, 0xa4, 0xf4, 0x04, 0xf5, 0x0e,
    0x90, 0x9f, 0x00, 0x9e, 0x0e, 0xa0, 0x03, 0xf5,
    0xf4, 0x00, 0x0e, 0xde, 0x00, 0x00, 0x8f, 0x90,
    0x00, 0x05, 0xf4, 0x00, 0x06, 0xcd, 0x00, 0x01,
    0xfd, 0x30, 0x00,

    /* U+007A "z" */
    0x2f, 0xff, 0xff, 0x01, 0x66, 0x7f, 0xa0, 0x00,
    0x0b, 0xe1, 0x00, 0x07, 0xf4, 0x00, 0x03, 0xf8,
    0x00, 0x00, 0xdf, 0x65, 0x50, 0x4f, 0xff, 0xff,
    0x10,

    /* U+007B "{" */
    0x00, 0x3c, 0xc0, 0x0c, 0xd4, 0x00, 0xd8, 0x00,
    0x0e, 0x80, 0x07, 0xf6, 0x05, 0xfd, 0x00, 0x1d,
    0xf5, 0x00, 0x0e, 0x80, 0x00, 0xd8, 0x00, 0x0c,
    0xc1, 0x00, 0x5f, 0xd0, 0x00, 0x02,

    /* U+007C "|" */
    0x9d, 0x9d, 0x9d, 0x9d, 0x9d, 0x9d, 0x9d, 0x9d,
    0x9d, 0x9d, 0x9d, 0x9d, 0x9d, 0x9d, 0x9d,

    /* U+007D "}" */
    0x5e, 0x80, 0x01, 0x8f, 0x30, 0x01, 0xf5, 0x00,
    0x1f, 0x50, 0x00, 0xec, 0x30, 0x03, 0xff, 0x00,
    0xef, 0x60, 0x1f, 0x50, 0x01, 0xf5, 0x00, 0x5f,
    0x40, 0x5f, 0xb0, 0x01, 0x10, 0x00,

    /* U+007E "~" */
    0x00, 0x00, 0x00, 0x10, 0x07, 0xfe, 0x55, 0xf1,
    0x0f, 0x88, 0xff, 0xa0, 0x04, 0x00, 0x13, 0x00,

    /* U+00A0 " " */

    /* U+00A1 "¡" */
    0x0d, 0xa0, 0xca, 0x00, 0x00, 0xca, 0x0c, 0xa0,
    0xdb, 0x0d, 0xb0, 0xdb, 0x0e, 0xc0, 0x33,

    /* U+00A2 "¢" */
    0x00, 0x0b, 0x00, 0x00, 0x3d, 0xfe, 0x60, 0x0e,
    0xdf, 0x9f, 0x35, 0xf4, 0xb0, 0x51, 0x7f, 0x1b,
    0x00, 0x06, 0xf3, 0xb0, 0x30, 0x1f, 0xbc, 0x6f,
    0x40, 0x5f, 0xff, 0x90, 0x00, 0x0e, 0x10, 0x00,

    /* U+00A3 "£" */
    0x00, 0x7e, 0xfa, 0x00, 0x5f, 0xa7, 0xfa, 0x09,
    0xe0, 0x05, 0x60, 0x9e, 0x00, 0x00, 0x6f, 0xff,
    0xf5, 0x00, 0xaf, 0x22, 0x00, 0x07, 0xf0, 0x01,
    0x24, 0xfc, 0x66, 0xaf, 0x6f, 0xff, 0xff, 0x70,

    /* U+00A4 "¤" */
    0x00, 0x00, 0x00, 0x00, 0x00, 0xd6, 0xce, 0xc5,
    0xd1, 0x0b, 0xf6, 0x26, 0xfb, 0x00, 0xc6, 0x00,
    0x06, 0xb0, 0x0f, 0x00, 0x00, 0x1f, 0x00, 0xf0,
    0x00, 0x01, 0xf0, 0x0c, 0x60, 0x00, 0x7c, 0x00,
    0xdf, 0x62, 0x6f, 0xd0, 0x0b, 0x6d, 0xfd, 0x5b,
    0x00,

    /* U+00A5 "¥" */
    0x9f, 0x10, 0x4f, 0x52, 0xf7, 0x0b, 0xd0, 0x0a,
    0xe2, 0xf6, 0x00, 0x2f, 0xee, 0x00, 0x4f, 0xff,
    0xfe, 0x00, 0x2a, 0xf5, 0x20, 0x4f, 0xff, 0xff,
    0x00, 0x06, 0xf2, 0x00, 0x00, 0x6f, 0x20, 0x00,

    /* U+00A6 "¦" */
    0xc9, 0xc9, 0xc9, 0xc9, 0x32, 0x00, 0x32, 0xc9,
    0xc9, 0xc9, 0xc9,

    /* U+00A7 "§" */
    0x03, 0xdf, 0xb1, 0x00, 0xdc, 0x5d, 0x90, 0x0d,
    0x90, 0x21, 0x00, 0x5f, 0xb3, 0x00, 0x2e, 0x5b,
    0xf8, 0x05, 0xe0, 0x04, 0xf2, 0x1e, 0xd5, 0x3f,
    0x10, 0x18, 0xff, 0x30, 0x00, 0x01, 0xda, 0x00,
    0xe7, 0x1c, 0xb0, 0x07, 0xff, 0xe3, 0x00, 0x01,
    0x20, 0x00,

    /* U+00A8 "¨" */
    0x29, 0x06, 0x54, 0xe1, 0xa8,

    /* U+00A9 "©" */
    0x00, 0x00, 0x00, 0x00, 0x00, 0x00, 0x08, 0xef,
    0xe8, 0x00, 0x00, 0xce, 0x64, 0x7e, 0xc0, 0x07,
    0xe2, 0xbf, 0xb3, 0xf7, 0x0d, 0x7a, 0xb4, 0xba,
    0x8d, 0x0f, 0x4e, 0x40, 0x00, 0x5f, 0x0e, 0x6b,
    0x91, 0x98, 0x7d, 0x09, 0xd2, 0xef, 0xe3, 0xe8,
    0x00, 0xec, 0x44, 0x5d, 0xe1, 0x00, 0x2c, 0xff,
    0xfb, 0x10, 0x00, 0x00, 0x13, 0x10, 0x00,

    /* U+00AA "ª" */
    0x1b, 0xed, 0x42, 0x60, 0x8d, 0x2b, 0xdd, 0xe9,
    0xb0, 0x8e, 0x3e, 0xda, 0xe0,

    /* U+00AB "«" */
    0x00, 0x8f, 0x3d, 0xc0, 0x05, 0xf5, 0xae, 0x10,
    0x2f, 0x97, 0xf3, 0x00, 0x1e, 0xa5, 0xf5, 0x00,
    0x03, 0xf7, 0x8f, 0x20, 0x00, 0x5d, 0x3a, 0xa0,

    /* U+00AC "¬" */
    0x01, 0x11, 0x10, 0xbf, 0xff, 0xf7, 0x24, 0x44,
    0xe7, 0x00, 0x00, 0xa5,

    /* U+00AE "®" */
    0x00, 0x8e, 0xe8, 0x00, 0x0b, 0xbb, 0xba, 0xa0,
    0x3a, 0x38, 0x85, 0xb3, 0x67, 0x3d, 0xf0, 0x85,
    0x4a, 0x37, 0x73, 0xb3, 0x0b, 0x80, 0x09, 0xa0,
    0x00, 0x8e, 0xe8, 0x00,

    /* U+00AF "¯" */
    0xef, 0xf5, 0x12, 0x20,

    /* U+00B0 "°" */
    0x07, 0xec, 0x12, 0xf4, 0x9a, 0x3e, 0x17, 0xb0,
    0xaf, 0xe3, 0x00, 0x10, 0x00,

    /* U+00B1 "±" */
    0x00, 0xab, 0x00, 0x01, 0xbc, 0x10, 0xef, 0xff,
    0xff, 0x34, 0xef, 0x43, 0x11, 0x55, 0x11, 0xef,
    0xff, 0xff, 0x34, 0x44, 0x44,

    /* U+00B2 "²" */
    0x1b, 0xfd, 0x33, 0x80, 0xaa, 0x00, 0x4e, 0x40,
    0x8d, 0x30, 0x5f, 0xff, 0xd0,

    /* U+00B3 "³" */
    0x0a, 0xed, 0x40, 0x27, 0x19, 0xb0, 0x00, 0xae,
    0x50, 0x27, 0x18, 0xf0, 0x1a, 0xfe, 0x60,

    /* U+00B4 "´" */
    0x05, 0xd1, 0x0c, 0x60,

    /* U+00B5 "µ" */
    0x3f, 0x50, 0x0f, 0x80, 0x3f, 0x50, 0x0f, 0x80,
    0x3f, 0x50, 0x0f, 0x80, 0x3f, 0x50, 0x0f, 0x80,
    0x3f, 0x60, 0x0f, 0x80, 0x3f, 0xf4, 0x9f, 0xb1,
    0x3f, 0xbf, 0xc9, 0xf5, 0x3f, 0x50, 0x00, 0x00,
    0x3f, 0x50, 0x00, 0x00, 0x3f, 0x50, 0x00, 0x00,

    /* U+00B6 "¶" */
    0x05, 0xdf, 0xff, 0x92, 0xff, 0xf4, 0xf6, 0x7f,
    0xff, 0x0f, 0x56, 0xff, 0xf0, 0xf5, 0x1e, 0xff,
    0x0f, 0x50, 0x18, 0xa0, 0xf5, 0x00, 0x00, 0x0f,
    0x50, 0x00, 0x00, 0xf5, 0x00, 0x00, 0x0f, 0x50,

    /* U+00B7 "·" */
    0x0c, 0x90, 0xda,

    /* U+00B8 "¸" */
    0x00, 0x07, 0x60, 0x2b, 0x58, 0xb2,

    /* U+00B9 "¹" */
    0x2c, 0xf3, 0x45, 0xf3, 0x00, 0xf3, 0x00, 0xf3,
    0x00, 0xf3,

    /* U+00BA "º" */
    0x08, 0xfe, 0x70, 0x6e, 0x23, 0xf3, 0x9b, 0x00,
    0xe6, 0x6e, 0x23, 0xf3, 0x08, 0xfe, 0x70,

    /* U+00BB "»" */
    0x3f, 0x78, 0xf2, 0x00, 0x05, 0xf5, 0xbd, 0x10,
    0x00, 0x9f, 0x3e, 0xb0, 0x00, 0xbe, 0x3f, 0x90,
    0x08, 0xf3, 0xdc, 0x00, 0x3d, 0x57, 0xc1, 0x00,

    /* U+00BC "¼" */
    0x00, 0x00, 0x00, 0x01, 0x00, 0x4f, 0xb0, 0x00,
    0x3d, 0x00, 0x47, 0xb0, 0x00, 0xd4, 0x00, 0x06,
    0xb0, 0x08, 0x90, 0x00, 0x06, 0xb0, 0x3d, 0x00,
    0x10, 0x06, 0xb0, 0xd3, 0x0c, 0xf0, 0x00, 0x09,
    0x80, 0x5c, 0xf0, 0x00, 0x4d, 0x00, 0xd3, 0xf0,
    0x01, 0xe3, 0x04, 0xff, 0xf8, 0x06, 0x60, 0x00,
    0x00, 0xb0,

    /* U+00BD "½" */
    0x3e, 0xb0, 0x00, 0x2e, 0x10, 0x58, 0xb0, 0x00,
    0xc5, 0x00, 0x06, 0xb0, 0x07, 0xa0, 0x00, 0x06,
    0xb0, 0x2e, 0x10, 0x00, 0x06, 0xb0, 0xc5, 0x1c,
    0xd5, 0x00, 0x17, 0xa0, 0x47, 0x6d, 0x00, 0x2e,
    0x10, 0x00, 0xb6, 0x00, 0xc5, 0x00, 0x0b, 0x80,
    0x07, 0xa0, 0x00, 0x6f, 0xff,

    /* U+00BE "¾" */
    0x1b, 0xe7, 0x00, 0x03, 0xd0, 0x02, 0x53, 0xe0,
    0x00, 0xc5, 0x00, 0x03, 0xf8, 0x00, 0x6b, 0x00,
    0x00, 0x01, 0xf1, 0x1e, 0x20, 0x00, 0x37, 0x3f,
    0x1a, 0x70, 0x01, 0x01, 0xbd, 0x74, 0xd0, 0x0f,
    0xf0, 0x00, 0x00, 0xd3, 0x07, 0xdf, 0x00, 0x00,
    0x89, 0x01, 0xe3, 0xe0, 0x00, 0x2e, 0x10, 0x6f,
    0xff, 0x70, 0x07, 0x50, 0x00, 0x01, 0xa0,

    /* U+00BF "¿" */
    0x00, 0x3f, 0x40, 0x00, 0x03, 0xe4, 0x00, 0x00,
    0x00, 0x00, 0x00, 0x03, 0xf3, 0x00, 0x00, 0x9f,
    0x10, 0x00, 0x9f, 0x70, 0x00, 0x4f, 0x70, 0x00,
    0x06, 0xf3, 0x05, 0xa0, 0x2f, 0xb6, 0xec, 0x00,
    0x5d, 0xfb, 0x20,

    /* U+00C0 "À" */
    0x00, 0x1f, 0x50, 0x00, 0x00, 0x00, 0x6a, 0x00,
    0x00, 0x00, 0x00, 0x00, 0x00, 0x00, 0x00, 0xdf,
    0x70, 0x00, 0x00, 0x2f, 0xdd, 0x00, 0x00, 0x08,
    0xf5, 0xf3, 0x00, 0x00, 0xdb, 0x1f, 0x80, 0x00,
    0x2f, 0x71, 0xde, 0x00, 0x08, 0xff, 0xff, 0xf3,
    0x00, 0xdf, 0x44, 0x5f, 0x90, 0x3f, 0x70, 0x00,
    0xce, 0x08, 0xf2, 0x00, 0x06, 0xf4,

    /* U+00C1 "Á" */
    0x00, 0x00, 0xac, 0x00, 0x00, 0x00, 0x0d, 0x20,
    0x00, 0x00, 0x00, 0x00, 0x00, 0x00, 0x00, 0xdf,
    0x70, 0x00, 0x00, 0x2f, 0xdd, 0x00, 0x00, 0x08,
    0xf5, 0xf3, 0x00, 0x00, 0xdb, 0x1f, 0x80, 0x00,
    0x2f, 0x71, 0xde, 0x00, 0x08, 0xff, 0xff, 0xf3,
    0x00, 0xdf, 0x44, 0x5f, 0x90, 0x3f, 0x70, 0x00,
    0xce, 0x08, 0xf2, 0x00, 0x06, 0xf4,

    /* U+00C2 "Â" */
    0x00, 0x0a, 0xf5, 0x00, 0x00, 0x07, 0xd3, 0xf3,
    0x00, 0x00, 0x00, 0x00, 0x00, 0x00, 0x00, 0xdf,
    0x70, 0x00, 0x00, 0x2f, 0xdd, 0x00, 0x00, 0x08,
    0xf5, 0xf3, 0x00, 0x00, 0xdb, 0x1f, 0x80, 0x00,
    0x2f, 0x71, 0xde, 0x00, 0x08, 0xff, 0xff, 0xf3,
    0x00, 0xdf, 0x44, 0x5f, 0x90, 0x3f, 0x70, 0x00,
    0xce, 0x08, 0xf2, 0x00, 0x06, 0xf4,

    /* U+00C3 "Ã" */
    0x00, 0x3e, 0x5a, 0x30, 0x00, 0x08, 0x6a, 0xc0,
    0x00, 0x00, 0x00, 0x00, 0x00, 0x00, 0x00, 0xdf,
    0x70, 0x00, 0x00, 0x2f, 0xdd, 0x00, 0x00, 0x08,
    0xf5, 0xf3, 0x00, 0x00, 0xdb, 0x1f, 0x80, 0x00,
    0x2f, 0x71, 0xde, 0x00, 0x08, 0xff, 0xff, 0xf3,
    0x00, 0xdf, 0x44, 0x5f, 0x90, 0x3f, 0x70, 0x00,
    0xce, 0x08, 0xf2, 0x00, 0x06, 0xf4,

    /* U+00C4 "Ä" */
    0x00, 0x8a, 0x1e, 0x40, 0x00, 0x05, 0x60, 0x92,
    0x00, 0x00, 0x00, 0x00, 0x00, 0x00, 0x00, 0xdf,
    0x70, 0x00, 0x00, 0x2f, 0xdd, 0x00, 0x00, 0x08,
    0xf5, 0xf3, 0x00, 0x00, 0xdb, 0x1f, 0x80, 0x00,
    0x2f, 0x71, 0xde, 0x00, 0x08, 0xff, 0xff, 0xf3,
    0x00, 0xdf, 0x44, 0x5f, 0x90, 0x3f, 0x70, 0x00,
    0xce, 0x08, 0xf2, 0x00, 0x06, 0xf4,

    /* U+00C5 "Å" */
    0x00, 0x07, 0xc4, 0x00, 0x00, 0x02, 0xc1, 0xd0,
    0x00, 0x00, 0x2c, 0x1d, 0x00, 0x00, 0x00, 0x7c,
    0x40, 0x00, 0x00, 0x0d, 0xf7, 0x00, 0x00, 0x02,
    0xfd, 0xd0, 0x00, 0x00, 0x8f, 0x5f, 0x30, 0x00,
    0x0d, 0xb1, 0xf8, 0x00, 0x02, 0xf7, 0x1d, 0xe0,
    0x00, 0x8f, 0xff, 0xff, 0x30, 0x0d, 0xf4, 0x45,
    0xf9, 0x03, 0xf7, 0x00, 0x0c, 0xe0, 0x8f, 0x20,
    0x00, 0x6f, 0x40,

    /* U+00C6 "Æ" */
    0x00, 0x00, 0xff, 0xff, 0xff, 0xf7, 0x00, 0x07,
    0xf5, 0xf9, 0x66, 0x62, 0x00, 0x0d, 0xb2, 0xf5,
    0x00, 0x00, 0x00, 0x5f, 0x52, 0xf6, 0x11, 0x10,
    0x00, 0xce, 0x02, 0xff, 0xff, 0xf2, 0x02, 0xff,
    0xff, 0xf5, 0x00, 0x00, 0x09, 0xf4, 0x35, 0xf5,
    0x00, 0x00, 0x1f, 0xa0, 0x02, 0xf9, 0x66, 0x62,
    0x7f, 0x30, 0x02, 0xff, 0xff, 0xf7,

    /* U+00C7 "Ç" */
    0x00, 0x5d, 0xfd, 0x70, 0x00, 0x7f, 0xc8, 0xaf,
    0x90, 0x0f, 0xb0, 0x00, 0x9f, 0x14, 0xf4, 0x00,
    0x00, 0x10, 0x5f, 0x30, 0x00, 0x00, 0x04, 0xf4,
    0x00, 0x00, 0x10, 0x0f, 0xb0, 0x00, 0x8f, 0x10,
    0x7f, 0xc8, 0xaf, 0x90, 0x00, 0x6d, 0xfd, 0x70,
    0x00, 0x00, 0x0c, 0x50, 0x00, 0x00, 0x00, 0x0e,
    0x00, 0x00, 0x00, 0x1b, 0xb0, 0x00,

    /* U+00C8 "È" */
    0x00, 0xab, 0x00, 0x00, 0x01, 0xd1, 0x00, 0x00,
    0x00, 0x00, 0x02, 0xff, 0xff, 0xf8, 0x2f, 0xa6,
    0x66, 0x32, 0xf7, 0x00, 0x00, 0x2f, 0x71, 0x11,
    0x02, 0xff, 0xff, 0xf4, 0x2f, 0x94, 0x44, 0x12,
    0xf7, 0x00, 0x00, 0x2f, 0xa6, 0x66, 0x32, 0xff,
    0xff, 0xf9,

    /* U+00C9 "É" */
    0x00, 0x04, 0xf2, 0x00, 0x00, 0x97, 0x00, 0x00,
    0x00, 0x00, 0x02, 0xff, 0xff, 0xf8, 0x2f, 0xa6,
    0x66, 0x32, 0xf7, 0x00, 0x00, 0x2f, 0x71, 0x11,
    0x02, 0xff, 0xff, 0xf4, 0x2f, 0x94, 0x44, 0x12,
    0xf7, 0x00, 0x00, 0x2f, 0xa6, 0x66, 0x32, 0xff,
    0xff, 0xf9,

    /* U+00CA "Ê" */
    0x00, 0x4f, 0xb0, 0x00, 0x2e, 0x4c, 0x80, 0x00,
    0x00, 0x00, 0x02, 0xff, 0xff, 0xf8, 0x2f, 0xa6,
    0x66, 0x32, 0xf7, 0x00, 0x00, 0x2f, 0x71, 0x11,
    0x02, 0xff, 0xff, 0xf4, 0x2f, 0x94, 0x44, 0x12,
    0xf7, 0x00, 0x00, 0x2f, 0xa6, 0x66, 0x32, 0xff,
    0xff, 0xf9,

    /* U+00CB "Ë" */
    0x03, 0xe1, 0x99, 0x00, 0x19, 0x05, 0x50, 0x00,
    0x00, 0x00, 0x02, 0xff, 0xff, 0xf8, 0x2f, 0xa6,
    0x66, 0x32, 0xf7, 0x00, 0x00, 0x2f, 0x71, 0x11,
    0x02, 0xff, 0xff, 0xf4, 0x2f, 0x94, 0x44, 0x12,
    0xf7, 0x00, 0x00, 0x2f, 0xa6, 0x66, 0x32, 0xff,
    0xff, 0xf9,

    /* U+00CC "Ì" */
    0x0b, 0xa0, 0x02, 0xd1, 0x00, 0x00, 0x02, 0xf7,
    0x02, 0xf7, 0x02, 0xf7, 0x02, 0xf7, 0x02, 0xf7,
    0x02, 0xf7, 0x02, 0xf7, 0x02, 0xf7, 0x02, 0xf7,

    /* U+00CD "Í" */
    0x05, 0xf1, 0x0a, 0x60, 0x00, 0x00, 0x2f, 0x70,
    0x2f, 0x70, 0x2f, 0x70, 0x2f, 0x70, 0x2f, 0x70,
    0x2f, 0x70, 0x2f, 0x70, 0x2f, 0x70, 0x2f, 0x70,

    /* U+00CE "Î" */
    0x05, 0xfa, 0x03, 0xf3, 0xd7, 0x00, 0x00, 0x00,
    0x2f, 0x70, 0x02, 0xf7, 0x00, 0x2f, 0x70, 0x02,
    0xf7, 0x00, 0x2f, 0x70, 0x02, 0xf7, 0x00, 0x2f,
    0x70, 0x02, 0xf7, 0x00, 0x2f, 0x70,

    /* U+00CF "Ï" */
    0x3e, 0x1a, 0x82, 0x90, 0x65, 0x00, 0x00, 0x00,
    0x2f, 0x70, 0x02, 0xf7, 0x00, 0x2f, 0x70, 0x02,
    0xf7, 0x00, 0x2f, 0x70, 0x02, 0xf7, 0x00, 0x2f,
    0x70, 0x02, 0xf7, 0x00, 0x2f, 0x70,

    /* U+00D0 "Ð" */
    0x0d, 0xff, 0xfd, 0x60, 0x00, 0xcf, 0x67, 0xbf,
    0x80, 0x0c, 0xc0, 0x00, 0xaf, 0x10, 0xcc, 0x00,
    0x03, 0xf4, 0xdf, 0xff, 0xc0, 0x2f, 0x62, 0xff,
    0x22, 0x03, 0xf4, 0x0c, 0xc0, 0x00, 0xaf, 0x10,
    0xcf, 0x67, 0xbf, 0x70, 0x0c, 0xff, 0xfc, 0x60,
    0x00,

    /* U+00D1 "Ñ" */
    0x00, 0x0d, 0x87, 0x60, 0x00, 0x04, 0x97, 0xd1,
    0x00, 0x00, 0x00, 0x00, 0x00, 0x02, 0xfe, 0x00,
    0x05, 0xf3, 0x2f, 0xf8, 0x00, 0x5f, 0x32, 0xfb,
    0xf2, 0x05, 0xf3, 0x2f, 0x7c, 0xb0, 0x5f, 0x32,
    0xf7, 0x3f, 0x55, 0xf3, 0x2f, 0x70, 0xad, 0x5f,
    0x32, 0xf7, 0x01, 0xfb, 0xf3, 0x2f, 0x70, 0x07,
    0xff, 0x32, 0xf7, 0x00, 0x0d, 0xf3,

    /* U+00D2 "Ò" */
    0x00, 0x0c, 0x90, 0x00, 0x00, 0x00, 0x2d, 0x00,
    0x00, 0x00, 0x00, 0x00, 0x00, 0x00, 0x05, 0xdf,
    0xe8, 0x00, 0x07, 0xfc, 0x8a, 0xfa, 0x00, 0xfb,
    0x00, 0x08, 0xf3, 0x4f, 0x40, 0x00, 0x1f, 0x85,
    0xf3, 0x00, 0x00, 0xf9, 0x4f, 0x40, 0x00, 0x1f,
    0x80, 0xfb, 0x00, 0x08, 0xf3, 0x07, 0xfc, 0x8a,
    0xfa, 0x00, 0x06, 0xdf, 0xe8, 0x00,

    /* U+00D3 "Ó" */
    0x00, 0x00, 0x5e, 0x10, 0x00, 0x00, 0x0a, 0x50,
    0x00, 0x00, 0x00, 0x00, 0x00, 0x00, 0x05, 0xdf,
    0xe8, 0x00, 0x07, 0xfc, 0x8a, 0xfa, 0x00, 0xfb,
    0x00, 0x08, 0xf3, 0x4f, 0x40, 0x00, 0x1f, 0x85,
    0xf3, 0x00, 0x00, 0xf9, 0x4f, 0x40, 0x00, 0x1f,
    0x80, 0xfb, 0x00, 0x08, 0xf3, 0x07, 0xfc, 0x8a,
    0xfa, 0x00, 0x06, 0xdf, 0xe8, 0x00,

    /* U+00D4 "Ô" */
    0x00, 0x08, 0xdb, 0x00, 0x00, 0x02, 0x70, 0x64,
    0x00, 0x00, 0x00, 0x00, 0x00, 0x00, 0x05, 0xdf,
    0xe8, 0x00, 0x07, 0xfc, 0x8a, 0xfa, 0x00, 0xfb,
    0x00, 0x08, 0xf3, 0x4f, 0x40, 0x00, 0x1f, 0x85,
    0xf3, 0x00, 0x00, 0xf9, 0x4f, 0x40, 0x00, 0x1f,
    0x80, 0xfb, 0x00, 0x08, 0xf3, 0x07, 0xfc, 0x8a,
    0xfa, 0x00, 0x06, 0xdf, 0xe8, 0x00,

    /* U+00D5 "Õ" */
    0x00, 0x0d, 0x96, 0x70, 0x00, 0x03, 0xa6, 0xe2,
    0x00, 0x00, 0x00, 0x00, 0x00, 0x00, 0x05, 0xdf,
    0xe8, 0x00, 0x07, 0xfc, 0x8a, 0xfa, 0x00, 0xfb,
    0x00, 0x08, 0xf3, 0x4f, 0x40, 0x00, 0x1f, 0x85,
    0xf3, 0x00, 0x00, 0xf9, 0x4f, 0x40, 0x00, 0x1f,
    0x80, 0xfb, 0x00, 0x08, 0xf3, 0x07, 0xfc, 0x8a,
    0xfa, 0x00, 0x06, 0xdf, 0xe8, 0x00,

    /* U+00D6 "Ö" */
    0x00, 0x4d, 0x0b, 0x70, 0x00, 0x02, 0x90, 0x74,
    0x00, 0x00, 0x00, 0x00, 0x00, 0x00, 0x05, 0xdf,
    0xe8, 0x00, 0x07, 0xfc, 0x8a, 0xfa, 0x00, 0xfb,
    0x00, 0x08, 0xf3, 0x4f, 0x40, 0x00, 0x1f, 0x85,
    0xf3, 0x00, 0x00, 0xf9, 0x4f, 0x40, 0x00, 0x1f,
    0x80, 0xfb, 0x00, 0x08, 0xf3, 0x07, 0xfc, 0x8a,
    0xfa, 0x00, 0x06, 0xdf, 0xe8, 0x00,

    /* U+00D7 "×" */
    0x44, 0x00, 0x35, 0x09, 0xf4, 0x3f, 0xb0, 0x0b,
    0xff, 0xc0, 0x00, 0x2f, 0xf4, 0x00, 0x1e, 0xed,
    0xe2, 0x0a, 0xd1, 0x0c, 0xc0, 0x12, 0x00, 0x12,
    0x00,

    /* U+00D8 "Ø" */
    0x00, 0x00, 0x00, 0x00, 0x00, 0x05, 0xdf, 0xeb,
    0xe0, 0x07, 0xfc, 0x8b, 0xff, 0x00, 0xfb, 0x00,
    0x9f, 0xf3, 0x4f, 0x40, 0x5e, 0x2f, 0x85, 0xf3,
    0x1e, 0x40, 0xf9, 0x4f, 0x4b, 0x80, 0x1f, 0x80,
    0xff, 0xd0, 0x08, 0xf3, 0x09, 0xff, 0x8a, 0xfa,
    0x00, 0xad, 0xdf, 0xe8, 0x00, 0x00, 0x00, 0x00,
    0x00, 0x00,

    /* U+00D9 "Ù" */
    0x00, 0x1e, 0x60, 0x00, 0x00, 0x05, 0xb0, 0x00,
    0x00, 0x00, 0x00, 0x00, 0x2f, 0x70, 0x00, 0x9f,
    0x2f, 0x70, 0x00, 0x9f, 0x2f, 0x70, 0x00, 0x9f,
    0x2f, 0x70, 0x00, 0x9f, 0x2f, 0x70, 0x00, 0x9f,
    0x1f, 0x70, 0x00, 0xaf, 0x0f, 0xb0, 0x00, 0xdd,
    0x09, 0xfc, 0x8d, 0xf7, 0x00, 0x8e, 0xfd, 0x60,

    /* U+00DA "Ú" */
    0x00, 0x00, 0x9c, 0x00, 0x00, 0x00, 0xd3, 0x00,
    0x00, 0x00, 0x00, 0x00, 0x2f, 0x70, 0x00, 0x9f,
    0x2f, 0x70, 0x00, 0x9f, 0x2f, 0x70, 0x00, 0x9f,
    0x2f, 0x70, 0x00, 0x9f, 0x2f, 0x70, 0x00, 0x9f,
    0x1f, 0x70, 0x00, 0xaf, 0x0f, 0xb0, 0x00, 0xdd,
    0x09, 0xfc, 0x8d, 0xf7, 0x00, 0x8e, 0xfd, 0x60,

    /* U+00DB "Û" */
    0x00, 0x0b, 0xd8, 0x00, 0x00, 0x46, 0x07, 0x20,
    0x00, 0x00, 0x00, 0x00, 0x2f, 0x70, 0x00, 0x9f,
    0x2f, 0x70, 0x00, 0x9f, 0x2f, 0x70, 0x00, 0x9f,
    0x2f, 0x70, 0x00, 0x9f, 0x2f, 0x70, 0x00, 0x9f,
    0x1f, 0x70, 0x00, 0xaf, 0x0f, 0xb0, 0x00, 0xdd,
    0x09, 0xfc, 0x8d, 0xf7, 0x00, 0x8e, 0xfd, 0x60,

    /* U+00DC "Ü" */
    0x00, 0x7b, 0x0d, 0x50, 0x00, 0x47, 0x08, 0x20,
    0x00, 0x00, 0x00, 0x00, 0x2f, 0x70, 0x00, 0x9f,
    0x2f, 0x70, 0x00, 0x9f, 0x2f, 0x70, 0x00, 0x9f,
    0x2f, 0x70, 0x00, 0x9f, 0x2f, 0x70, 0x00, 0x9f,
    0x1f, 0x70, 0x00, 0xaf, 0x0f, 0xb0, 0x00, 0xdd,
    0x09, 0xfc, 0x8d, 0xf7, 0x00, 0x8e, 0xfd, 0x60,

    /* U+00DD "Ý" */
    0x00, 0x00, 0xba, 0x00, 0x00, 0x00, 0x1d, 0x10,
    0x00, 0x00, 0x00, 0x00, 0x00, 0x06, 0xf6, 0x00,
    0x0c, 0xe0, 0x0d, 0xe0, 0x05, 0xf6, 0x00, 0x3f,
    0x70, 0xdc, 0x00, 0x00, 0xaf, 0x7f, 0x30, 0x00,
    0x01, 0xff, 0xa0, 0x00, 0x00, 0x09, 0xf2, 0x00,
    0x00, 0x00, 0x7f, 0x10, 0x00, 0x00, 0x07, 0xf1,
    0x00, 0x00, 0x00, 0x7f, 0x10, 0x00,

    /* U+00DE "Þ" */
    0x2f, 0x60, 0x00, 0x02, 0xf7, 0x00, 0x00, 0x2f,
    0xff, 0xfa, 0x12, 0xfa, 0x46, 0xfa, 0x2f, 0x60,
    0x09, 0xe2, 0xf7, 0x13, 0xdc, 0x2f, 0xff, 0xfd,
    0x22, 0xfa, 0x32, 0x00, 0x2f, 0x60, 0x00, 0x00,

    /* U+00DF "ß" */
    0x03, 0xcf, 0xe8, 0x00, 0x0e, 0xe7, 0xaf, 0x60,
    0x1f, 0x70, 0x0f, 0x90, 0x2f, 0x60, 0x5f, 0x40,
    0x2f, 0x69, 0xfc, 0x10, 0x2f, 0x62, 0x5d, 0xd0,
    0x2f, 0x60, 0x06, 0xf2, 0x2f, 0x63, 0x6d, 0xf0,
    0x2f, 0x69, 0xfd, 0x40,

    /* U+00E0 "à" */
    0x01, 0xd4, 0x00, 0x00, 0x07, 0xb0, 0x00, 0x00,
    0x00, 0x00, 0x00, 0x5d, 0xfc, 0x30, 0x1f, 0x94,
    0xce, 0x00, 0x00, 0x2a, 0xf1, 0x0a, 0xfe, 0xdf,
    0x17, 0xf2, 0x07, 0xf1, 0x7f, 0x54, 0xef, 0x10,
    0xbf, 0xc8, 0xf1,

    /* U+00E1 "á" */
    0x00, 0x08, 0xb0, 0x00, 0x00, 0xe3, 0x00, 0x00,
    0x00, 0x00, 0x00, 0x5d, 0xfc, 0x30, 0x1f, 0x94,
    0xce, 0x00, 0x00, 0x2a, 0xf1, 0x0a, 0xfe, 0xdf,
    0x17, 0xf2, 0x07, 0xf1, 0x7f, 0x54, 0xef, 0x10,
    0xbf, 0xc8, 0xf1,

    /* U+00E2 "â" */
    0x00, 0xaf, 0x60, 0x00, 0x7d, 0x3f, 0x30, 0x00,
    0x00, 0x00, 0x00, 0x5d, 0xfc, 0x30, 0x1f, 0x94,
    0xce, 0x00, 0x00, 0x2a, 0xf1, 0x0a, 0xfe, 0xdf,
    0x17, 0xf2, 0x07, 0xf1, 0x7f, 0x54, 0xef, 0x10,
    0xbf, 0xc8, 0xf1,

    /* U+00E3 "ã" */
    0x04, 0xef, 0xd2, 0x00, 0x00, 0x00, 0x00, 0x05,
    0xdf, 0xc3, 0x01, 0xf9, 0x4c, 0xe0, 0x00, 0x02,
    0xaf, 0x10, 0xaf, 0xed, 0xf1, 0x7f, 0x20, 0x7f,
    0x17, 0xf5, 0x4e, 0xf1, 0x0b, 0xfc, 0x8f, 0x10,

    /* U+00E4 "ä" */
    0x07, 0xb0, 0xd4, 0x00, 0x47, 0x09, 0x20, 0x05,
    0xdf, 0xc3, 0x01, 0xf9, 0x4c, 0xe0, 0x00, 0x02,
    0xaf, 0x10, 0xaf, 0xed, 0xf1, 0x7f, 0x20, 0x7f,
    0x17, 0xf5, 0x4e, 0xf1, 0x0b, 0xfc, 0x8f, 0x10,

    /* U+00E5 "å" */
    0x00, 0x7d, 0x40, 0x00, 0x1d, 0x1d, 0x00, 0x01,
    0xd1, 0xd0, 0x00, 0x07, 0xc4, 0x00, 0x05, 0xdf,
    0xc3, 0x01, 0xf9, 0x4c, 0xe0, 0x00, 0x02, 0xaf,
    0x10, 0xaf, 0xed, 0xf1, 0x7f, 0x20, 0x7f, 0x17,
    0xf5, 0x4e, 0xf1, 0x0b, 0xfc, 0x8f, 0x10,

    /* U+00E6 "æ" */
    0x05, 0xdf, 0xb5, 0xcf, 0xc3, 0x02, 0xf9, 0x4c,
    0xfa, 0x4c, 0xe0, 0x00, 0x00, 0x7f, 0x00, 0x2f,
    0x50, 0x8d, 0xff, 0xff, 0xff, 0xf7, 0x6f, 0x52,
    0xbf, 0x22, 0x22, 0x17, 0xf6, 0x6f, 0xfb, 0x59,
    0xf2, 0x1a, 0xfe, 0x64, 0xcf, 0xd5, 0x00,

    /* U+00E7 "ç" */
    0x03, 0xcf, 0xd5, 0x00, 0xed, 0x5a, 0xf3, 0x5f,
    0x40, 0x05, 0x17, 0xf1, 0x00, 0x00, 0x5f, 0x40,
    0x06, 0x10, 0xed, 0x5a, 0xf3, 0x03, 0xcf, 0xd5,
    0x00, 0x00, 0xc6, 0x00, 0x00, 0x00, 0xd0, 0x00,
    0x00, 0xbc, 0x00,

    /* U+00E8 "è" */
    0x00, 0xc7, 0x00, 0x00, 0x04, 0xe0, 0x00, 0x00,
    0x00, 0x00, 0x00, 0x3c, 0xfc, 0x40, 0x1e, 0xc5,
    0xaf, 0x15, 0xf2, 0x00, 0xf7, 0x7f, 0xff, 0xff,
    0x95, 0xf5, 0x22, 0x21, 0x1e, 0xc5, 0x7e, 0x30,
    0x3c, 0xfd, 0x70,

    /* U+00E9 "é" */
    0x00, 0x05, 0xd1, 0x00, 0x00, 0xc6, 0x00, 0x00,
    0x00, 0x00, 0x00, 0x3c, 0xfc, 0x40, 0x1e, 0xc5,
    0xaf, 0x15, 0xf2, 0x00, 0xf7, 0x7f, 0xff, 0xff,
    0x95, 0xf5, 0x22, 0x21, 0x1e, 0xc5, 0x7e, 0x30,
    0x3c, 0xfd, 0x70,

    /* U+00EA "ê" */
    0x00, 0x7f, 0x90, 0x00, 0x4f, 0x3e, 0x60, 0x00,
    0x00, 0x00, 0x00, 0x3c, 0xfc, 0x40, 0x1e, 0xc5,
    0xaf, 0x15, 0xf2, 0x00, 0xf7, 0x7f, 0xff, 0xff,
    0x95, 0xf5, 0x22, 0x21, 0x1e, 0xc5, 0x7e, 0x30,
    0x3c, 0xfd, 0x70,

    /* U+00EB "ë" */
    0x05, 0xd0, 0xc7, 0x00, 0x28, 0x07, 0x40, 0x03,
    0xcf, 0xc4, 0x01, 0xec, 0x5a, 0xf1, 0x5f, 0x20,
    0x0f, 0x77, 0xff, 0xff, 0xf9, 0x5f, 0x52, 0x22,
    0x11, 0xec, 0x57, 0xe3, 0x03, 0xcf, 0xd7, 0x00,

    /* U+00EC "ì" */
    0x0c, 0x70, 0x04, 0xe0, 0x00, 0x00, 0x03, 0xf5,
    0x03, 0xf5, 0x03, 0xf5, 0x03, 0xf5, 0x03, 0xf5,
    0x03, 0xf5, 0x03, 0xf5,

    /* U+00ED "í" */
    0x05, 0xd1, 0x0c, 0x60, 0x00, 0x00, 0x3f, 0x50,
    0x3f, 0x50, 0x3f, 0x50, 0x3f, 0x50, 0x3f, 0x50,
    0x3f, 0x50, 0x3f, 0x50,

    /* U+00EE "î" */
    0x02, 0x83, 0x03, 0xe6, 0xe4, 0x00, 0x00, 0x00,
    0x3f, 0x50, 0x03, 0xf5, 0x00, 0x3f, 0x50, 0x03,
    0xf5, 0x00, 0x3f, 0x50, 0x03, 0xf5, 0x00, 0x3f,
    0x50,

    /* U+00EF "ï" */
    0x5d, 0x0c, 0x72, 0x80, 0x74, 0x03, 0xf5, 0x00,
    0x3f, 0x50, 0x03, 0xf5, 0x00, 0x3f, 0x50, 0x03,
    0xf5, 0x00, 0x3f, 0x50, 0x03, 0xf5, 0x00,

    /* U+00F0 "ð" */
    0x00, 0x10, 0x00, 0x00, 0x3f, 0x78, 0x70, 0x00,
    0xaf, 0xe0, 0x00, 0x36, 0x2d, 0x70, 0x03, 0xde,
    0xaf, 0x01, 0xeb, 0x29, 0xf5, 0x5f, 0x20, 0x0f,
    0x87, 0xf0, 0x00, 0xd9, 0x5f, 0x30, 0x0f, 0x71,
    0xec, 0x5b, 0xf1, 0x03, 0xcf, 0xd4, 0x00,

    /* U+00F1 "ñ" */
    0x01, 0xdf, 0xe5, 0x00, 0x00, 0x00, 0x00, 0x3f,
    0x6d, 0xfa, 0x03, 0xfd, 0x59, 0xf5, 0x3f, 0x60,
    0x0f, 0x83, 0xf5, 0x00, 0xf8, 0x3f, 0x50, 0x0f,
    0x83, 0xf5, 0x00, 0xf8, 0x3f, 0x50, 0x0f, 0x80,

    /* U+00F2 "ò" */
    0x00, 0xb8, 0x00, 0x00, 0x03, 0xf0, 0x00, 0x00,
    0x00, 0x00, 0x00, 0x3c, 0xfd, 0x60, 0x0e, 0xd5,
    0xaf, 0x45, 0xf4, 0x00, 0xea, 0x7f, 0x10, 0x0c,
    0xc5, 0xf4, 0x00, 0xea, 0x0e, 0xd5, 0xaf, 0x40,
    0x3c, 0xfd, 0x60,

    /* U+00F3 "ó" */
    0x00, 0x04, 0xd1, 0x00, 0x00, 0xb7, 0x00, 0x00,
    0x00, 0x00, 0x00, 0x3c, 0xfd, 0x60, 0x0e, 0xd5,
    0xaf, 0x45, 0xf4, 0x00, 0xea, 0x7f, 0x10, 0x0c,
    0xc5, 0xf4, 0x00, 0xea, 0x0e, 0xd5, 0xaf, 0x40,
    0x3c, 0xfd, 0x60,

    /* U+00F4 "ô" */
    0x00, 0x5f, 0xa0, 0x00, 0x3f, 0x3d, 0x70, 0x00,
    0x00, 0x00, 0x00, 0x3c, 0xfd, 0x60, 0x0e, 0xd5,
    0xaf, 0x45, 0xf4, 0x00, 0xea, 0x7f, 0x10, 0x0c,
    0xc5, 0xf4, 0x00, 0xea, 0x0e, 0xd5, 0xaf, 0x40,
    0x3c, 0xfd, 0x60,

    /* U+00F5 "õ" */
    0x01, 0xdf, 0xe5, 0x00, 0x00, 0x00, 0x00, 0x03,
    0xcf, 0xd6, 0x00, 0xed, 0x5a, 0xf4, 0x5f, 0x40,
    0x0e, 0xa7, 0xf1, 0x00, 0xcc, 0x5f, 0x40, 0x0e,
    0xa0, 0xed, 0x5a, 0xf4, 0x03, 0xcf, 0xd6, 0x00,

    /* U+00F6 "ö" */
    0x04, 0xe1, 0xa8, 0x00, 0x29, 0x06, 0x50, 0x03,
    0xcf, 0xd6, 0x00, 0xed, 0x5a, 0xf4, 0x5f, 0x40,
    0x0e, 0xa7, 0xf1, 0x00, 0xcc, 0x5f, 0x40, 0x0e,
    0xa0, 0xed, 0x5a, 0xf4, 0x03, 0xcf, 0xd6, 0x00,

    /* U+00F7 "÷" */
    0x00, 0xab, 0x00, 0x00, 0xab, 0x00, 0x11, 0x11,
    0x11, 0xdf, 0xff, 0xff, 0x34, 0x44, 0x43, 0x00,
    0xab, 0x00, 0x00, 0xac, 0x00,

    /* U+00F8 "ø" */
    0x00, 0x00, 0x00, 0x00, 0x3c, 0xfd, 0xc9, 0x0e,
    0xd5, 0xef, 0x55, 0xf4, 0x1d, 0xfa, 0x7f, 0x2c,
    0x3c, 0xc5, 0xff, 0x60, 0xea, 0x0f, 0xf5, 0xaf,
    0x44, 0xec, 0xfd, 0x60, 0x00, 0x00, 0x00, 0x00,

    /* U+00F9 "ù" */
    0x00, 0xa8, 0x00, 0x00, 0x03, 0xf1, 0x00, 0x00,
    0x00, 0x00, 0x03, 0xf5, 0x00, 0xf8, 0x3f, 0x50,
    0x0f, 0x83, 0xf5, 0x00, 0xf8, 0x3f, 0x50, 0x0f,
    0x82, 0xf6, 0x01, 0xf8, 0x0f, 0xd6, 0xbf, 0x80,
    0x5e, 0xe6, 0xe8,

    /* U+00FA "ú" */
    0x00, 0x04, 0xd1, 0x00, 0x00, 0xb8, 0x00, 0x00,
    0x00, 0x00, 0x03, 0xf5, 0x00, 0xf8, 0x3f, 0x50,
    0x0f, 0x83, 0xf5, 0x00, 0xf8, 0x3f, 0x50, 0x0f,
    0x82, 0xf6, 0x01, 0xf8, 0x0f, 0xd6, 0xbf, 0x80,
    0x5e, 0xe6, 0xe8,

    /* U+00FB "û" */
    0x00, 0x5f, 0xa0, 0x00, 0x3f, 0x4d, 0x70, 0x00,
    0x00, 0x00, 0x03, 0xf5, 0x00, 0xf8, 0x3f, 0x50,
    0x0f, 0x83, 0xf5, 0x00, 0xf8, 0x3f, 0x50, 0x0f,
    0x82, 0xf6, 0x01, 0xf8, 0x0f, 0xd6, 0xbf, 0x80,
    0x5e, 0xe6, 0xe8,

    /* U+00FC "ü" */
    0x03, 0xe1, 0xa8, 0x00, 0x29, 0x06, 0x50, 0x3f,
    0x50, 0x0f, 0x83, 0xf5, 0x00, 0xf8, 0x3f, 0x50,
    0x0f, 0x83, 0xf5, 0x00, 0xf8, 0x2f, 0x60, 0x1f,
    0x80, 0xfd, 0x6b, 0xf8, 0x05, 0xee, 0x6e, 0x80,

    /* U+00FD "ý" */
    0x00, 0x07, 0xe0, 0x00, 0x00, 0xb5, 0x00, 0x9f,
    0x00, 0x0e, 0xa4, 0xf4, 0x04, 0xf5, 0x0e, 0x90,
    0x9f, 0x00, 0x9e, 0x0e, 0xa0, 0x03, 0xf5, 0xf4,
    0x00, 0x0e, 0xde, 0x00, 0x00, 0x8f, 0x90, 0x00,
    0x05, 0xf4, 0x00, 0x06, 0xcd, 0x00, 0x01, 0xfd,
    0x30, 0x00,

    /* U+00FE "þ" */
    0x3f, 0x50, 0x00, 0x03, 0xf5, 0x00, 0x00, 0x3f,
    0x7c, 0xfa, 0x03, 0xfe, 0x68, 0xf8, 0x3f, 0x70,
    0x0c, 0xd3, 0xf5, 0x00, 0xaf, 0x3f, 0x70, 0x0c,
    0xd3, 0xfe, 0x68, 0xf8, 0x3f, 0x7c, 0xfa, 0x03,
    0xf5, 0x00, 0x00, 0x3f, 0x50, 0x00, 0x03, 0xf5,
    0x00, 0x00,

    /* U+00FF "ÿ" */
    0x05, 0xd0, 0xc6, 0x00, 0x38, 0x07, 0x40, 0x9f,
    0x00, 0x0e, 0xa4, 0xf4, 0x04, 0xf5, 0x0e, 0x90,
    0x9f, 0x00, 0x9e, 0x0e, 0xa0, 0x03, 0xf5, 0xf4,
    0x00, 0x0e, 0xde, 0x00, 0x00, 0x8f, 0x90, 0x00,
    0x05, 0xf4, 0x00, 0x06, 0xcd, 0x00, 0x01, 0xfd,
    0x30, 0x00,

    /* U+0100 "Ā" */
    0x00, 0x4f, 0xff, 0x00, 0x00, 0x00, 0x22, 0x20,
    0x00, 0x00, 0x00, 0x00, 0x00, 0x00, 0x00, 0xdf,
    0x70, 0x00, 0x00, 0x2f, 0xdd, 0x00, 0x00, 0x08,
    0xf5, 0xf3, 0x00, 0x00, 0xdb, 0x1f, 0x80, 0x00,
    0x2f, 0x71, 0xde, 0x00, 0x08, 0xff, 0xff, 0xf3,
    0x00, 0xdf, 0x44, 0x5f, 0x90, 0x3f, 0x70, 0x00,
    0xce, 0x08, 0xf2, 0x00, 0x06, 0xf4,

    /* U+0101 "ā" */
    0x04, 0xff, 0xf1, 0x00, 0x01, 0x11, 0x00, 0x05,
    0xdf, 0xc3, 0x01, 0xf9, 0x4c, 0xe0, 0x00, 0x02,
    0xaf, 0x10, 0xaf, 0xed, 0xf1, 0x7f, 0x20, 0x7f,
    0x17, 0xf5, 0x4e, 0xf1, 0x0b, 0xfc, 0x8f, 0x10,

    /* U+0102 "Ă" */
    0x00, 0x79, 0x0d, 0x20, 0x00, 0x00, 0xbe, 0x70,
    0x00, 0x00, 0x00, 0x00, 0x00, 0x00, 0x00, 0xdf,
    0x70, 0x00, 0x00, 0x2f, 0xdd, 0x00, 0x00, 0x08,
    0xf5, 0xf3, 0x00, 0x00, 0xdb, 0x1f, 0x80, 0x00,
    0x2f, 0x71, 0xde, 0x00, 0x08, 0xff, 0xff, 0xf3,
    0x00, 0xdf, 0x44, 0x5f, 0x90, 0x3f, 0x70, 0x00,
    0xce, 0x08, 0xf2, 0x00, 0x06, 0xf4,

    /* U+0103 "ă" */
    0x05, 0x70, 0xa2, 0x00, 0x1b, 0xe8, 0x00, 0x00,
    0x00, 0x00, 0x00, 0x5d, 0xfc, 0x30, 0x1f, 0x94,
    0xce, 0x00, 0x00, 0x2a, 0xf1, 0x0a, 0xfe, 0xdf,
    0x17, 0xf2, 0x07, 0xf1, 0x7f, 0x54, 0xef, 0x10,
    0xbf, 0xc8, 0xf1,

    /* U+0104 "Ą" */
    0x00, 0x0d, 0xf7, 0x00, 0x00, 0x02, 0xfe, 0xd0,
    0x00, 0x00, 0x8f, 0x6f, 0x30, 0x00, 0x0d, 0xb1,
    0xf8, 0x00, 0x02, 0xf7, 0x0c, 0xe0, 0x00, 0x8f,
    0x31, 0x8f, 0x30, 0x0d, 0xff, 0xff, 0xf9, 0x03,
    0xfb, 0x44, 0x4f, 0xe0, 0x8f, 0x20, 0x00, 0x7f,
    0x40, 0x00, 0x00, 0x09, 0xd1, 0x00, 0x00, 0x00,
    0xe9, 0x10, 0x00, 0x00, 0x08, 0xf8,

    /* U+0105 "ą" */
    0x05, 0xdf, 0xc3, 0x01, 0xf9, 0x4c, 0xe0, 0x00,
    0x02, 0xaf, 0x10, 0xaf, 0xed, 0xf1, 0x7f, 0x20,
    0x7f, 0x17, 0xf5, 0x4e, 0xf1, 0x0b, 0xfc, 0x9f,
    0x10, 0x00, 0x0d, 0x60, 0x00, 0x03, 0xf4, 0x00,
    0x00, 0x0c, 0xf3,

    /* U+0106 "Ć" */
    0x00, 0x00, 0x6e, 0x10, 0x00, 0x00, 0x0b, 0x50,
    0x00, 0x00, 0x00, 0x00, 0x00, 0x00, 0x05, 0xdf,
    0xd7, 0x00, 0x07, 0xfc, 0x8a, 0xf9, 0x00, 0xfb,
    0x00, 0x09, 0xf1, 0x4f, 0x40, 0x00, 0x01, 0x05,
    0xf3, 0x00, 0x00, 0x00, 0x4f, 0x40, 0x00, 0x01,
    0x00, 0xfb, 0x00, 0x08, 0xf1, 0x07, 0xfc, 0x8a,
    0xf9, 0x00, 0x06, 0xdf, 0xd7, 0x00,

    /* U+0107 "ć" */
    0x00, 0x04, 0xd1, 0x00, 0x00, 0xb7, 0x00, 0x00,
    0x00, 0x00, 0x00, 0x3c, 0xfd, 0x50, 0x0e, 0xd5,
    0xaf, 0x35, 0xf4, 0x00, 0x51, 0x7f, 0x10, 0x00,
    0x05, 0xf4, 0x00, 0x61, 0x0e, 0xd5, 0xaf, 0x30,
    0x3c, 0xfd, 0x50,

    /* U+0108 "Ĉ" */
    0x00, 0x08, 0xdb, 0x00, 0x00, 0x02, 0x70, 0x64,
    0x00, 0x00, 0x00, 0x00, 0x00, 0x00, 0x05, 0xdf,
    0xd7, 0x00, 0x07, 0xfc, 0x8a, 0xf9, 0x00, 0xfb,
    0x00, 0x09, 0xf1, 0x4f, 0x40, 0x00, 0x01, 0x05,
    0xf3, 0x00, 0x00, 0x00, 0x4f, 0x40, 0x00, 0x01,
    0x00, 0xfb, 0x00, 0x08, 0xf1, 0x07, 0xfc, 0x8a,
    0xf9, 0x00, 0x06, 0xdf, 0xd7, 0x00,

    /* U+0109 "ĉ" */
    0x00, 0x5f, 0xa0, 0x00, 0x3f, 0x3d, 0x70, 0x00,
    0x00, 0x00, 0x00, 0x3c, 0xfd, 0x50, 0x0e, 0xd5,
    0xaf, 0x35, 0xf4, 0x00, 0x51, 0x7f, 0x10, 0x00,
    0x05, 0xf4, 0x00, 0x61, 0x0e, 0xd5, 0xaf, 0x30,
    0x3c, 0xfd, 0x50,

    /* U+010A "Ċ" */
    0x00, 0x02, 0xe5, 0x00, 0x00, 0x00, 0x1b, 0x30,
    0x00, 0x00, 0x00, 0x00, 0x00, 0x00, 0x05, 0xdf,
    0xd7, 0x00, 0x07, 0xfc, 0x8a, 0xf9, 0x00, 0xfb,
    0x00, 0x09, 0xf1, 0x4f, 0x40, 0x00, 0x01, 0x05,
    0xf3, 0x00, 0x00, 0x00, 0x4f, 0x40, 0x00, 0x01,
    0x00, 0xfb, 0x00, 0x08, 0xf1, 0x07, 0xfc, 0x8a,
    0xf9, 0x00, 0x06, 0xdf, 0xd7, 0x00,

    /* U+010B "ċ" */
    0x00, 0x1e, 0x50, 0x00, 0x00, 0xb3, 0x00, 0x03,
    0xcf, 0xd5, 0x00, 0xed, 0x5a, 0xf3, 0x5f, 0x40,
    0x05, 0x17, 0xf1, 0x00, 0x00, 0x5f, 0x40, 0x06,
    0x10, 0xed, 0x5a, 0xf3, 0x03, 0xcf, 0xd5, 0x00,

    /* U+010C "Č" */
    0x00, 0x3f, 0x3d, 0x70, 0x00, 0x00, 0x7f, 0xa0,
    0x00, 0x00, 0x00, 0x10, 0x00, 0x00, 0x05, 0xdf,
    0xd8, 0x00, 0x07, 0xfc, 0x8a, 0xfb, 0x00, 0xfb,
    0x00, 0x06, 0xd1, 0x4f, 0x40, 0x00, 0x00, 0x05,
    0xf3, 0x00, 0x00, 0x00, 0x4f, 0x40, 0x00, 0x02,
    0x00, 0xfb, 0x00, 0x09, 0xf1, 0x07, 0xfc, 0x8a,
    0xf9, 0x00, 0x06, 0xdf, 0xd7, 0x00,

    /* U+010D "č" */
    0x03, 0xf3, 0xd7, 0x00, 0x05, 0xfa, 0x00, 0x00,
    0x00, 0x00, 0x00, 0x3c, 0xfd, 0x50, 0x0e, 0xd5,
    0xaf, 0x35, 0xf4, 0x00, 0x51, 0x7f, 0x10, 0x00,
    0x05, 0xf4, 0x00, 0x61, 0x0e, 0xd5, 0xaf, 0x30,
    0x3c, 0xfd, 0x50,

    /* U+010E "Ď" */
    0x03, 0xe3, 0xe6, 0x00, 0x00, 0x07, 0xf9, 0x00,
    0x00, 0x00, 0x00, 0x00, 0x00, 0x02, 0xff, 0xfe,
    0xb3, 0x00, 0x2f, 0xd6, 0x8e, 0xf3, 0x02, 0xf7,
    0x00, 0x1e, 0xb0, 0x2f, 0x70, 0x00, 0x9f, 0x02,
    0xf7, 0x00, 0x08, 0xf0, 0x2f, 0x70, 0x00, 0x9f,
    0x02, 0xf7, 0x00, 0x1e, 0xb0, 0x2f, 0xd6, 0x8e,
    0xf2, 0x02, 0xff, 0xfe, 0xb3, 0x00,

    /* U+010F "ď" */
    0x00, 0x00, 0x00, 0x09, 0x90, 0x00, 0x00, 0xdb,
    0x97, 0x00, 0x00, 0x0d, 0xb3, 0x20, 0x4d, 0xe7,
    0xdb, 0x00, 0x1f, 0xd5, 0xaf, 0xb0, 0x06, 0xf4,
    0x00, 0xfb, 0x00, 0x7f, 0x10, 0x0d, 0xb0, 0x06,
    0xf4, 0x00, 0xfb, 0x00, 0x1f, 0xd5, 0xaf, 0xb0,
    0x00, 0x4d, 0xe7, 0xdb, 0x00,

    /* U+0110 "Đ" */
    0x0d, 0xff, 0xfd, 0x60, 0x00, 0xcf, 0x67, 0xbf,
    0x80, 0x0c, 0xc0, 0x00, 0xaf, 0x10, 0xcc, 0x00,
    0x03, 0xf4, 0xdf, 0xff, 0xc0, 0x2f, 0x62, 0xff,
    0x22, 0x03, 0xf4, 0x0c, 0xc0, 0x00, 0xaf, 0x10,
    0xcf, 0x67, 0xbf, 0x70, 0x0c, 0xff, 0xfc, 0x60,
    0x00,

    /* U+0111 "đ" */
    0x00, 0x08, 0xef, 0xf6, 0x00, 0x00, 0x1f, 0xc0,
    0x04, 0xde, 0x7d, 0xb0, 0x1f, 0xd5, 0xaf, 0xb0,
    0x6f, 0x40, 0x0f, 0xb0, 0x7f, 0x10, 0x0d, 0xb0,
    0x6f, 0x40, 0x0f, 0xb0, 0x1f, 0xd5, 0xaf, 0xb0,
    0x04, 0xde, 0x7d, 0xb0,

    /* U+0112 "Ē" */
    0x00, 0xef, 0xf6, 0x00, 0x01, 0x22, 0x00, 0x00,
    0x00, 0x00, 0x02, 0xff, 0xff, 0xf8, 0x2f, 0xa6,
    0x66, 0x32, 0xf7, 0x00, 0x00, 0x2f, 0x71, 0x11,
    0x02, 0xff, 0xff, 0xf4, 0x2f, 0x94, 0x44, 0x12,
    0xf7, 0x00, 0x00, 0x2f, 0xa6, 0x66, 0x32, 0xff,
    0xff, 0xf9,

    /* U+0113 "ē" */
    0x01, 0xff, 0xf4, 0x00, 0x01, 0x11, 0x00, 0x03,
    0xcf, 0xc4, 0x01, 0xec, 0x5a, 0xf1, 0x5f, 0x20,
    0x0f, 0x77, 0xff, 0xff, 0xf9, 0x5f, 0x52, 0x22,
    0x11, 0xec, 0x57, 0xe3, 0x03, 0xcf, 0xd7, 0x00,

    /* U+0114 "Ĕ" */
    0x01, 0xe1, 0x78, 0x00, 0x06, 0xec, 0x10, 0x00,
    0x00, 0x00, 0x02, 0xff, 0xff, 0xf8, 0x2f, 0xa6,
    0x66, 0x32, 0xf7, 0x00, 0x00, 0x2f, 0x71, 0x11,
    0x02, 0xff, 0xff, 0xf4, 0x2f, 0x94, 0x44, 0x12,
    0xf7, 0x00, 0x00, 0x2f, 0xa6, 0x66, 0x32, 0xff,
    0xff, 0xf9,

    /* U+0115 "ĕ" */
    0x03, 0xc0, 0xa5, 0x00, 0x08, 0xea, 0x00, 0x00,
    0x00, 0x00, 0x00, 0x3c, 0xfc, 0x40, 0x1e, 0xc5,
    0xaf, 0x15, 0xf2, 0x00, 0xf7, 0x7f, 0xff, 0xff,
    0x95, 0xf5, 0x22, 0x21, 0x1e, 0xc5, 0x7e, 0x30,
    0x3c, 0xfd, 0x70,

    /* U+0116 "Ė" */
    0x00, 0x1e, 0x70, 0x00, 0x00, 0xa4, 0x00, 0x00,
    0x00, 0x00, 0x02, 0xff, 0xff, 0xf8, 0x2f, 0xa6,
    0x66, 0x32, 0xf7, 0x00, 0x00, 0x2f, 0x71, 0x11,
    0x02, 0xff, 0xff, 0xf4, 0x2f, 0x94, 0x44, 0x12,
    0xf7, 0x00, 0x00, 0x2f, 0xa6, 0x66, 0x32, 0xff,
    0xff, 0xf9,

    /* U+0117 "ė" */
    0x00, 0x2e, 0x40, 0x00, 0x01, 0xb3, 0x00, 0x03,
    0xcf, 0xc4, 0x01, 0xec, 0x5a, 0xf1, 0x5f, 0x20,
    0x0f, 0x77, 0xff, 0xff, 0xf9, 0x5f, 0x52, 0x22,
    0x11, 0xec, 0x57, 0xe3, 0x03, 0xcf, 0xd7, 0x00,

    /* U+0118 "Ę" */
    0x2f, 0xff, 0xff, 0x82, 0xfa, 0x66, 0x63, 0x2f,
    0x70, 0x00, 0x02, 0xf7, 0x11, 0x10, 0x2f, 0xff,
    0xff, 0x42, 0xf9, 0x44, 0x41, 0x2f, 0x70, 0x00,
    0x02, 0xfa, 0x66, 0x63, 0x2f, 0xff, 0xff, 0x90,
    0x00, 0x05, 0xe2, 0x00, 0x00, 0xbb, 0x10, 0x00,
    0x06, 0xfa,

    /* U+0119 "ę" */
    0x03, 0xcf, 0xc4, 0x01, 0xec, 0x5a, 0xf1, 0x5f,
    0x20, 0x0f, 0x77, 0xff, 0xff, 0xf9, 0x5f, 0x52,
    0x22, 0x11, 0xec, 0x57, 0xf6, 0x03, 0xcf, 0xff,
    0x00, 0x00, 0x0d, 0x70, 0x00, 0x02, 0xf5, 0x00,
    0x00, 0x0c, 0xf4,

    /* U+011A "Ě" */
    0x02, 0xe4, 0xc9, 0x00, 0x04, 0xfb, 0x00, 0x00,
    0x00, 0x00, 0x02, 0xff, 0xff, 0xf8, 0x2f, 0xa6,
    0x66, 0x32, 0xf7, 0x00, 0x00, 0x2f, 0x71, 0x11,
    0x02, 0xff, 0xff, 0xf4, 0x2f, 0x94, 0x44, 0x12,
    0xf7, 0x00, 0x00, 0x2f, 0xa6, 0x66, 0x32, 0xff,
    0xff, 0xf9,

    /* U+011B "ě" */
    0x03, 0xe3, 0xe6, 0x00, 0x07, 0xf9, 0x00, 0x00,
    0x00, 0x00, 0x00, 0x3c, 0xfc, 0x40, 0x1e, 0xc5,
    0xaf, 0x15, 0xf2, 0x00, 0xf7, 0x7f, 0xff, 0xff,
    0x95, 0xf5, 0x22, 0x21, 0x1e, 0xc5, 0x7e, 0x30,
    0x3c, 0xfd, 0x70,

    /* U+011C "Ĝ" */
    0x00, 0x09, 0xda, 0x00, 0x00, 0x03, 0x70, 0x64,
    0x00, 0x00, 0x00, 0x00, 0x00, 0x00, 0x05, 0xdf,
    0xd8, 0x00, 0x07, 0xfc, 0x8a, 0xfa, 0x00, 0xfb,
    0x00, 0x06, 0xc1, 0x4f, 0x40, 0x00, 0x00, 0x05,
    0xf3, 0x03, 0xff, 0xf5, 0x4f, 0x40, 0x03, 0x6f,
    0x40, 0xfb, 0x00, 0x08, 0xf1, 0x07, 0xfc, 0x8a,
    0xf9, 0x00, 0x06, 0xdf, 0xe8, 0x00,

    /* U+011D "ĝ" */
    0x00, 0x17, 0x30, 0x00, 0x0c, 0xbe, 0x20, 0x03,
    0x70, 0x55, 0x00, 0x4d, 0xe8, 0xcb, 0x1f, 0xd5,
    0xaf, 0xb5, 0xf4, 0x00, 0xfb, 0x7f, 0x10, 0x0d,
    0xb6, 0xf3, 0x00, 0xfb, 0x1f, 0xc5, 0xaf, 0xb0,
    0x4d, 0xf8, 0xdb, 0x00, 0x00, 0x0d, 0xa0, 0xea,
    0x47, 0xf6, 0x04, 0xcf, 0xe8, 0x00,

    /* U+011E "Ğ" */
    0x00, 0x3c, 0x0a, 0x50, 0x00, 0x00, 0x8e, 0xa0,
    0x00, 0x00, 0x00, 0x00, 0x00, 0x00, 0x05, 0xdf,
    0xd8, 0x00, 0x07, 0xfc, 0x8a, 0xfa, 0x00, 0xfb,
    0x00, 0x06, 0xc1, 0x4f, 0x40, 0x00, 0x00, 0x05,
    0xf3, 0x03, 0xff, 0xf5, 0x4f, 0x40, 0x03, 0x6f,
    0x40, 0xfb, 0x00, 0x08, 0xf1, 0x07, 0xfc, 0x8a,
    0xf9, 0x00, 0x06, 0xdf, 0xe8, 0x00,

    /* U+011F "ğ" */
    0x01, 0x50, 0x33, 0x00, 0x0a, 0xec, 0x20, 0x00,
    0x00, 0x00, 0x00, 0x4d, 0xe8, 0xcb, 0x1f, 0xd5,
    0xaf, 0xb5, 0xf4, 0x00, 0xfb, 0x7f, 0x10, 0x0d,
    0xb6, 0xf3, 0x00, 0xfb, 0x1f, 0xc5, 0xaf, 0xb0,
    0x4d, 0xf9, 0xdb, 0x00, 0x00, 0x0d, 0xa0, 0xea,
    0x47, 0xf6, 0x04, 0xcf, 0xe8, 0x00,

    /* U+0120 "Ġ" */
    0x00, 0x02, 0xe4, 0x00, 0x00, 0x00, 0x1b, 0x30,
    0x00, 0x00, 0x00, 0x00, 0x00, 0x00, 0x05, 0xdf,
    0xd8, 0x00, 0x07, 0xfc, 0x8a, 0xfa, 0x00, 0xfb,
    0x00, 0x06, 0xc1, 0x4f, 0x40, 0x00, 0x00, 0x05,
    0xf3, 0x03, 0xff, 0xf5, 0x4f, 0x40, 0x03, 0x6f,
    0x40, 0xfb, 0x00, 0x08, 0xf1, 0x07, 0xfc, 0x8a,
    0xf9, 0x00, 0x06, 0xdf, 0xe8, 0x00,

    /* U+0121 "ġ" */
    0x00, 0x2e, 0x50, 0x00, 0x01, 0xb3, 0x00, 0x04,
    0xde, 0x8c, 0xb1, 0xfd, 0x5a, 0xfb, 0x5f, 0x40,
    0x0f, 0xb7, 0xf1, 0x00, 0xdb, 0x6f, 0x30, 0x0f,
    0xb1, 0xfc, 0x5a, 0xfb, 0x04, 0xdf, 0x8d, 0xb0,
    0x00, 0x00, 0xda, 0x0e, 0xa4, 0x7f, 0x60, 0x4c,
    0xfe, 0x80,

    /* U+0122 "Ģ" */
    0x00, 0x5d, 0xfd, 0x80, 0x00, 0x7f, 0xc8, 0xaf,
    0xa0, 0x0f, 0xb0, 0x00, 0x6c, 0x14, 0xf4, 0x00,
    0x00, 0x00, 0x5f, 0x30, 0x3f, 0xff, 0x54, 0xf4,
    0x00, 0x36, 0xf4, 0x0f, 0xb0, 0x00, 0x8f, 0x10,
    0x7f, 0xc8, 0xaf, 0x90, 0x00, 0x6d, 0xfe, 0x80,
    0x00, 0x00, 0x04, 0x00, 0x00, 0x00, 0x05, 0xf0,
    0x00, 0x00, 0x00, 0x99, 0x00, 0x00,

    /* U+0123 "ģ" */
    0x00, 0x00, 0x00, 0x00, 0x00, 0xa7, 0x00, 0x00,
    0x0e, 0x30, 0x00, 0x00, 0x71, 0x00, 0x04, 0xde,
    0x8c, 0xb1, 0xfd, 0x5a, 0xfb, 0x5f, 0x40, 0x0f,
    0xb7, 0xf1, 0x00, 0xdb, 0x6f, 0x30, 0x0f, 0xb1,
    0xfc, 0x5a, 0xfb, 0x04, 0xdf, 0x8d, 0xb0, 0x00,
    0x00, 0xda, 0x0e, 0xa4, 0x7f, 0x60, 0x4c, 0xfe,
    0x80,

    /* U+0124 "Ĥ" */
    0x00, 0x08, 0xf7, 0x00, 0x00, 0x05, 0xe3, 0xe4,
    0x00, 0x00, 0x00, 0x00, 0x00, 0x02, 0xf7, 0x00,
    0x08, 0xf1, 0x2f, 0x70, 0x00, 0x8f, 0x12, 0xf7,
    0x00, 0x08, 0xf1, 0x2f, 0x71, 0x11, 0x8f, 0x12,
    0xff, 0xff, 0xff, 0xf1, 0x2f, 0x94, 0x44, 0xaf,
    0x12, 0xf7, 0x00, 0x08, 0xf1, 0x2f, 0x70, 0x00,
    0x8f, 0x12, 0xf7, 0x00, 0x08, 0xf1,

    /* U+0125 "ĥ" */
    0x07, 0xf9, 0x00, 0x00, 0x4e, 0x3e, 0x50, 0x00,
    0x00, 0x00, 0x00, 0x00, 0x03, 0xf5, 0x00, 0x00,
    0x03, 0xf5, 0x00, 0x00, 0x03, 0xf6, 0xcf, 0xa0,
    0x03, 0xfe, 0x6a, 0xf5, 0x03, 0xf6, 0x00, 0xf8,
    0x03, 0xf5, 0x00, 0xf8, 0x03, 0xf5, 0x00, 0xf8,
    0x03, 0xf5, 0x00, 0xf8, 0x03, 0xf5, 0x00, 0xf8,

    /* U+0126 "Ħ" */
    0x0c, 0xc0, 0x00, 0x2f, 0x60, 0x7f, 0xfe, 0xee,
    0xff, 0xf1, 0x0e, 0xe1, 0x11, 0x4f, 0x80, 0x0c,
    0xc1, 0x11, 0x3f, 0x60, 0x0c, 0xff, 0xff, 0xff,
    0x60, 0x0c, 0xd4, 0x44, 0x6f, 0x60, 0x0c, 0xc0,
    0x00, 0x2f, 0x60, 0x0c, 0xc0, 0x00, 0x2f, 0x60,
    0x0c, 0xc0, 0x00, 0x2f, 0x60,

    /* U+0127 "ħ" */
    0x0f, 0xff, 0xe0, 0x00, 0x04, 0xf6, 0x10, 0x00,
    0x03, 0xf7, 0xcf, 0xa0, 0x03, 0xfe, 0x6a, 0xf5,
    0x03, 0xf6, 0x00, 0xf8, 0x03, 0xf5, 0x00, 0xf8,
    0x03, 0xf5, 0x00, 0xf8, 0x03, 0xf5, 0x00, 0xf8,
    0x03, 0xf5, 0x00, 0xf8,

    /* U+0128 "Ĩ" */
    0x0c, 0x96, 0x83, 0xa6, 0xe3, 0x00, 0x00, 0x00,
    0x2f, 0x70, 0x02, 0xf7, 0x00, 0x2f, 0x70, 0x02,
    0xf7, 0x00, 0x2f, 0x70, 0x02, 0xf7, 0x00, 0x2f,
    0x70, 0x02, 0xf7, 0x00, 0x2f, 0x70,

    /* U+0129 "ĩ" */
    0x2e, 0xfe, 0x40, 0x00, 0x00, 0x03, 0xf5, 0x00,
    0x3f, 0x50, 0x03, 0xf5, 0x00, 0x3f, 0x50, 0x03,
    0xf5, 0x00, 0x3f, 0x50, 0x03, 0xf5, 0x00,

    /* U+012A "Ī" */
    0x0f, 0xff, 0x40, 0x22, 0x20, 0x00, 0x00, 0x00,
    0x2f, 0x70, 0x02, 0xf7, 0x00, 0x2f, 0x70, 0x02,
    0xf7, 0x00, 0x2f, 0x70, 0x02, 0xf7, 0x00, 0x2f,
    0x70, 0x02, 0xf7, 0x00, 0x2f, 0x70,

    /* U+012B "ī" */
    0x1f, 0xff, 0x30, 0x11, 0x10, 0x03, 0xf5, 0x00,
    0x3f, 0x50, 0x03, 0xf5, 0x00, 0x3f, 0x50, 0x03,
    0xf5, 0x00, 0x3f, 0x50, 0x03, 0xf5, 0x00,

    /* U+012C "Ĭ" */
    0x2d, 0x09, 0x70, 0x7e, 0xb0, 0x00, 0x00, 0x00,
    0x2f, 0x70, 0x02, 0xf7, 0x00, 0x2f, 0x70, 0x02,
    0xf7, 0x00, 0x2f, 0x70, 0x02, 0xf7, 0x00, 0x2f,
    0x70, 0x02, 0xf7, 0x00, 0x2f, 0x70,

    /* U+012D "ĭ" */
    0x26, 0x05, 0x30, 0xae, 0xb1, 0x00, 0x00, 0x00,
    0x3f, 0x50, 0x03, 0xf5, 0x00, 0x3f, 0x50, 0x03,
    0xf5, 0x00, 0x3f, 0x50, 0x03, 0xf5, 0x00, 0x3f,
    0x50,

    /* U+012E "Į" */
    0x2f, 0x72, 0xf7, 0x2f, 0x72, 0xf7, 0x2f, 0x72,
    0xf7, 0x2f, 0x72, 0xf7, 0x2f, 0x78, 0xd1, 0xd9,
    0x18, 0xf8,

    /* U+012F "į" */
    0x02, 0xe4, 0x01, 0xb3, 0x03, 0xf5, 0x03, 0xf5,
    0x03, 0xf5, 0x03, 0xf5, 0x03, 0xf5, 0x03, 0xf5,
    0x03, 0xf5, 0x09, 0xc0, 0x0f, 0x71, 0x09, 0xf7,

    /* U+0130 "İ" */
    0x1e, 0x60, 0xa4, 0x00, 0x02, 0xf7, 0x2f, 0x72,
    0xf7, 0x2f, 0x72, 0xf7, 0x2f, 0x72, 0xf7, 0x2f,
    0x72, 0xf7,

    /* U+0131 "ı" */
    0x3f, 0x53, 0xf5, 0x3f, 0x53, 0xf5, 0x3f, 0x53,
    0xf5, 0x3f, 0x50,

    /* U+0132 "Ĳ" */
    0x2f, 0x70, 0x00, 0x02, 0xf6, 0x2f, 0x70, 0x00,
    0x02, 0xf6, 0x2f, 0x70, 0x00, 0x02, 0xf6, 0x2f,
    0x70, 0x00, 0x02, 0xf6, 0x2f, 0x70, 0x00, 0x02,
    0xf6, 0x2f, 0x70, 0x31, 0x02, 0xf6, 0x2f, 0x72,
    0xf6, 0x02, 0xf5, 0x2f, 0x70, 0xec, 0x4a, 0xf2,
    0x2f, 0x70, 0x3c, 0xfd, 0x50,

    /* U+0133 "ĳ" */
    0x2e, 0x40, 0xe6, 0x1b, 0x30, 0xa4, 0x3f, 0x51,
    0xf7, 0x3f, 0x51, 0xf7, 0x3f, 0x51, 0xf7, 0x3f,
    0x51, 0xf7, 0x3f, 0x51, 0xf7, 0x3f, 0x51, 0xf7,
    0x3f, 0x51, 0xf7, 0x00, 0x01, 0xf7, 0x00, 0x08,
    0xf5, 0x00, 0x1e, 0x90,

    /* U+0134 "Ĵ" */
    0x00, 0x01, 0xcd, 0x70, 0x00, 0x05, 0x50, 0x71,
    0x00, 0x00, 0x00, 0x00, 0x00, 0x00, 0x7f, 0x10,
    0x00, 0x00, 0x7f, 0x10, 0x00, 0x00, 0x7f, 0x10,
    0x00, 0x00, 0x7f, 0x10, 0x00, 0x00, 0x7f, 0x10,
    0x24, 0x00, 0x7f, 0x10, 0x7f, 0x10, 0x8f, 0x00,
    0x4f, 0xa6, 0xec, 0x00, 0x06, 0xef, 0xb2, 0x00,

    /* U+0135 "ĵ" */
    0x02, 0x83, 0x00, 0xdb, 0xe1, 0x37, 0x06, 0x40,
    0x3f, 0x50, 0x03, 0xf5, 0x00, 0x3f, 0x50, 0x03,
    0xf5, 0x00, 0x3f, 0x50, 0x03, 0xf5, 0x00, 0x3f,
    0x50, 0x03, 0xf5, 0x01, 0x9f, 0x30, 0x4e, 0x80,
    0x00,

    /* U+0136 "Ķ" */
    0x2f, 0x70, 0x04, 0xfa, 0x02, 0xf7, 0x03, 0xfc,
    0x00, 0x2f, 0x61, 0xed, 0x10, 0x02, 0xf7, 0xcf,
    0x20, 0x00, 0x2f, 0xef, 0xf2, 0x00, 0x02, 0xff,
    0x4e, 0xc0, 0x00, 0x2f, 0xb0, 0x5f, 0x70, 0x02,
    0xf7, 0x00, 0xbf, 0x20, 0x2f, 0x70, 0x01, 0xfc,
    0x00, 0x00, 0x23, 0x00, 0x00, 0x00, 0x0a, 0xa0,
    0x00, 0x00, 0x00, 0xe4, 0x00, 0x00,

    /* U+0137 "ķ" */
    0x3f, 0x50, 0x00, 0x03, 0xf5, 0x00, 0x00, 0x3f,
    0x50, 0x9f, 0x33, 0xf5, 0x6f, 0x50, 0x3f, 0x9f,
    0x80, 0x03, 0xff, 0xf5, 0x00, 0x3f, 0xac, 0xe1,
    0x03, 0xf5, 0x2f, 0xb0, 0x3f, 0x50, 0x6f, 0x60,
    0x00, 0x40, 0x00, 0x00, 0x6e, 0x00, 0x00, 0x09,
    0x90, 0x00,

    /* U+0138 "ĸ" */
    0x3f, 0x50, 0x7f, 0x53, 0xf5, 0x2f, 0x90, 0x3f,
    0x5c, 0xd0, 0x03, 0xff, 0xf5, 0x00, 0x3f, 0x8f,
    0xc0, 0x03, 0xf5, 0x3f, 0x80, 0x3f, 0x50, 0x8f,
    0x40,

    /* U+0139 "Ĺ" */
    0x05, 0xf1, 0x00, 0x00, 0xa6, 0x00, 0x00, 0x00,
    0x00, 0x00, 0x02, 0xf7, 0x00, 0x00, 0x2f, 0x70,
    0x00, 0x02, 0xf7, 0x00, 0x00, 0x2f, 0x70, 0x00,
    0x02, 0xf7, 0x00, 0x00, 0x2f, 0x70, 0x00, 0x02,
    0xf7, 0x00, 0x00, 0x2f, 0xa6, 0x66, 0x12, 0xff,
    0xff, 0xf4,

    /* U+013A "ĺ" */
    0x06, 0xe0, 0x0b, 0x50, 0x00, 0x00, 0x3f, 0x50,
    0x3f, 0x50, 0x3f, 0x50, 0x3f, 0x50, 0x3f, 0x50,
    0x3f, 0x50, 0x3f, 0x50, 0x3f, 0x50, 0x3f, 0x50,

    /* U+013B "Ļ" */
    0x2f, 0x70, 0x00, 0x02, 0xf7, 0x00, 0x00, 0x2f,
    0x70, 0x00, 0x02, 0xf7, 0x00, 0x00, 0x2f, 0x70,
    0x00, 0x02, 0xf7, 0x00, 0x00, 0x2f, 0x70, 0x00,
    0x02, 0xfa, 0x66, 0x61, 0x2f, 0xff, 0xff, 0x40,
    0x00, 0x41, 0x00, 0x00, 0x4f, 0x00, 0x00, 0x08,
    0xa0, 0x00,

    /* U+013C "ļ" */
    0x3f, 0x53, 0xf5, 0x3f, 0x53, 0xf5, 0x3f, 0x53,
    0xf5, 0x3f, 0x53, 0xf5, 0x3f, 0x50, 0x40, 0x5f,
    0x08, 0xa0,

    /* U+013D "Ľ" */
    0x00, 0x01, 0x50, 0x02, 0xf7, 0x3f, 0x00, 0x2f,
    0x73, 0xd0, 0x02, 0xf7, 0x00, 0x00, 0x2f, 0x70,
    0x00, 0x02, 0xf7, 0x00, 0x00, 0x2f, 0x70, 0x00,
    0x02, 0xf7, 0x00, 0x00, 0x2f, 0xa6, 0x66, 0x12,
    0xff, 0xff, 0xf4,

    /* U+013E "ľ" */
    0x00, 0x05, 0x13, 0xf5, 0xe3, 0x3f, 0x5e, 0x13,
    0xf5, 0x00, 0x3f, 0x50, 0x03, 0xf5, 0x00, 0x3f,
    0x50, 0x03, 0xf5, 0x00, 0x3f, 0x50, 0x03, 0xf5,
    0x00,

    /* U+013F "Ŀ" */
    0x1f, 0x70, 0x00, 0x01, 0xf7, 0x00, 0x00, 0x1f,
    0x70, 0x00, 0x01, 0xf7, 0x6e, 0x10, 0x1f, 0x74,
    0xa0, 0x01, 0xf7, 0x00, 0x00, 0x1f, 0x70, 0x00,
    0x01, 0xfa, 0x66, 0x61, 0x1f, 0xff, 0xff, 0x50,

    /* U+0140 "ŀ" */
    0x3f, 0x50, 0x03, 0xf5, 0x00, 0x3f, 0x50, 0x03,
    0xf5, 0xab, 0x3f, 0x5b, 0xc3, 0xf5, 0x00, 0x3f,
    0x50, 0x03, 0xf5, 0x00, 0x3f, 0x50, 0x00,

    /* U+0141 "Ł" */
    0x0b, 0xe0, 0x00, 0x00, 0xbe, 0x00, 0x00, 0x0b,
    0xe2, 0xa0, 0x00, 0xbf, 0xfa, 0x00, 0x5f, 0xf4,
    0x00, 0x0c, 0xfe, 0x00, 0x00, 0x0b, 0xe0, 0x00,
    0x00, 0xbe, 0x66, 0x64, 0x0b, 0xff, 0xff, 0xb0,

    /* U+0142 "ł" */
    0x03, 0xf5, 0x00, 0x3f, 0x50, 0x03, 0xfb, 0x20,
    0x6f, 0xf1, 0x1f, 0xf5, 0x00, 0x4f, 0x50, 0x03,
    0xf5, 0x00, 0x3f, 0x50, 0x03, 0xf5, 0x00,

    /* U+0143 "Ń" */
    0x00, 0x00, 0x6e, 0x00, 0x00, 0x00, 0x0b, 0x50,
    0x00, 0x00, 0x00, 0x00, 0x00, 0x02, 0xfe, 0x00,
    0x05, 0xf3, 0x2f, 0xf8, 0x00, 0x5f, 0x32, 0xfb,
    0xf2, 0x05, 0xf3, 0x2f, 0x7c, 0xb0, 0x5f, 0x32,
    0xf7, 0x3f, 0x55, 0xf3, 0x2f, 0x70, 0xad, 0x5f,
    0x32, 0xf7, 0x01, 0xfb, 0xf3, 0x2f, 0x70, 0x07,
    0xff, 0x32, 0xf7, 0x00, 0x0d, 0xf3,

    /* U+0144 "ń" */
    0x00, 0x04, 0xd1, 0x00, 0x00, 0xb8, 0x00, 0x00,
    0x00, 0x00, 0x03, 0xf6, 0xdf, 0xa0, 0x3f, 0xd5,
    0x9f, 0x53, 0xf6, 0x00, 0xf8, 0x3f, 0x50, 0x0f,
    0x83, 0xf5, 0x00, 0xf8, 0x3f, 0x50, 0x0f, 0x83,
    0xf5, 0x00, 0xf8,

    /* U+0145 "Ņ" */
    0x2f, 0xe0, 0x00, 0x5f, 0x32, 0xff, 0x80, 0x05,
    0xf3, 0x2f, 0xbf, 0x20, 0x5f, 0x32, 0xf7, 0xcb,
    0x05, 0xf3, 0x2f, 0x73, 0xf5, 0x5f, 0x32, 0xf7,
    0x0a, 0xd5, 0xf3, 0x2f, 0x70, 0x1f, 0xbf, 0x32,
    0xf7, 0x00, 0x7f, 0xf3, 0x2f, 0x70, 0x00, 0xdf,
    0x30, 0x00, 0x04, 0x00, 0x00, 0x00, 0x05, 0xf0,
    0x00, 0x00, 0x00, 0x89, 0x00, 0x00,

    /* U+0146 "ņ" */
    0x3f, 0x6d, 0xfa, 0x03, 0xfd, 0x59, 0xf5, 0x3f,
    0x60, 0x0f, 0x83, 0xf5, 0x00, 0xf8, 0x3f, 0x50,
    0x0f, 0x83, 0xf5, 0x00, 0xf8, 0x3f, 0x50, 0x0f,
    0x80, 0x00, 0x41, 0x00, 0x00, 0x3f, 0x10, 0x00,
    0x07, 0xb0, 0x00,

    /* U+0147 "Ň" */
    0x00, 0x4e, 0x3e, 0x60, 0x00, 0x00, 0x7f, 0x90,
    0x00, 0x00, 0x00, 0x00, 0x00, 0x02, 0xfe, 0x00,
    0x05, 0xf3, 0x2f, 0xf8, 0x00, 0x5f, 0x32, 0xfb,
    0xf2, 0x05, 0xf3, 0x2f, 0x7c, 0xb0, 0x5f, 0x32,
    0xf7, 0x3f, 0x55, 0xf3, 0x2f, 0x70, 0xad, 0x5f,
    0x32, 0xf7, 0x01, 0xfb, 0xf3, 0x2f, 0x70, 0x07,
    0xff, 0x32, 0xf7, 0x00, 0x0d, 0xf3,

    /* U+0148 "ň" */
    0x02, 0xa1, 0x86, 0x00, 0x07, 0xec, 0x00, 0x00,
    0x01, 0x00, 0x03, 0xf6, 0xdf, 0xa0, 0x3f, 0xd5,
    0x9f, 0x53, 0xf6, 0x00, 0xf8, 0x3f, 0x50, 0x0f,
    0x83, 0xf5, 0x00, 0xf8, 0x3f, 0x50, 0x0f, 0x83,
    0xf5, 0x00, 0xf8,

    /* U+014A "Ŋ" */
    0x2f, 0xe0, 0x00, 0x5f, 0x32, 0xff, 0x80, 0x05,
    0xf3, 0x2f, 0xbf, 0x20, 0x5f, 0x32, 0xf7, 0xcb,
    0x05, 0xf3, 0x2f, 0x73, 0xf5, 0x5f, 0x32, 0xf7,
    0x0a, 0xd5, 0xf3, 0x2f, 0x70, 0x1f, 0xbf, 0x32,
    0xf7, 0x00, 0x7f, 0xf3, 0x2f, 0x70, 0x00, 0xff,
    0x70, 0x00, 0x00, 0x04, 0xf4, 0x00, 0x00, 0x02,
    0xaf, 0x30, 0x00, 0x00, 0x7f, 0x90,

    /* U+014B "ŋ" */
    0x3f, 0x6d, 0xfa, 0x03, 0xfd, 0x59, 0xf5, 0x3f,
    0x60, 0x0f, 0x83, 0xf5, 0x00, 0xf8, 0x3f, 0x50,
    0x0f, 0x83, 0xf5, 0x00, 0xf8, 0x3f, 0x50, 0x0f,
    0x80, 0x00, 0x00, 0xf8, 0x00, 0x01, 0x7f, 0x70,
    0x00, 0x3f, 0xc1,

    /* U+014C "Ō" */
    0x00, 0x0f, 0xff, 0x40, 0x00, 0x00, 0x22, 0x20,
    0x00, 0x00, 0x00, 0x00, 0x00, 0x00, 0x05, 0xdf,
    0xe8, 0x00, 0x07, 0xfc, 0x8a, 0xfa, 0x00, 0xfb,
    0x00, 0x08, 0xf3, 0x4f, 0x40, 0x00, 0x1f, 0x85,
    0xf3, 0x00, 0x00, 0xf9, 0x4f, 0x40, 0x00, 0x1f,
    0x80, 0xfb, 0x00, 0x08, 0xf3, 0x07, 0xfc, 0x8a,
    0xfa, 0x00, 0x06, 0xdf, 0xe8, 0x00,

    /* U+014D "ō" */
    0x00, 0xff, 0xf5, 0x00, 0x01, 0x11, 0x00, 0x03,
    0xcf, 0xd6, 0x00, 0xed, 0x5a, 0xf4, 0x5f, 0x40,
    0x0e, 0xa7, 0xf1, 0x00, 0xcc, 0x5f, 0x40, 0x0e,
    0xa0, 0xed, 0x5a, 0xf4, 0x03, 0xcf, 0xd6, 0x00,

    /* U+014E "Ŏ" */
    0x00, 0x2c, 0x09, 0x60, 0x00, 0x00, 0x8e, 0xb0,
    0x00, 0x00, 0x00, 0x00, 0x00, 0x00, 0x05, 0xdf,
    0xe8, 0x00, 0x07, 0xfc, 0x8a, 0xfa, 0x00, 0xfb,
    0x00, 0x08, 0xf3, 0x4f, 0x40, 0x00, 0x1f, 0x85,
    0xf3, 0x00, 0x00, 0xf9, 0x4f, 0x40, 0x00, 0x1f,
    0x80, 0xfb, 0x00, 0x08, 0xf3, 0x07, 0xfc, 0x8a,
    0xfa, 0x00, 0x06, 0xdf, 0xe8, 0x00,

    /* U+014F "ŏ" */
    0x02, 0xd0, 0x96, 0x00, 0x07, 0xeb, 0x00, 0x00,
    0x00, 0x00, 0x00, 0x3c, 0xfd, 0x60, 0x0e, 0xd5,
    0xaf, 0x45, 0xf4, 0x00, 0xea, 0x7f, 0x10, 0x0c,
    0xc5, 0xf4, 0x00, 0xea, 0x0e, 0xd5, 0xaf, 0x40,
    0x3c, 0xfd, 0x60,

    /* U+0150 "Ő" */
    0x00, 0x0e, 0x6b, 0xb0, 0x00, 0x03, 0xc2, 0xd1,
    0x00, 0x00, 0x00, 0x00, 0x00, 0x00, 0x05, 0xdf,
    0xe8, 0x00, 0x07, 0xfc, 0x8a, 0xfa, 0x00, 0xfb,
    0x00, 0x08, 0xf3, 0x4f, 0x40, 0x00, 0x1f, 0x85,
    0xf3, 0x00, 0x00, 0xf9, 0x4f, 0x40, 0x00, 0x1f,
    0x80, 0xfb, 0x00, 0x08, 0xf3, 0x07, 0xfc, 0x8a,
    0xfa, 0x00, 0x06, 0xdf, 0xe8, 0x00,

    /* U+0151 "ő" */
    0x00, 0xc6, 0x8b, 0x00, 0x3f, 0x3e, 0x20, 0x00,
    0x00, 0x00, 0x00, 0x3c, 0xfd, 0x60, 0x0e, 0xd5,
    0xaf, 0x45, 0xf4, 0x00, 0xea, 0x7f, 0x10, 0x0c,
    0xc5, 0xf4, 0x00, 0xea, 0x0e, 0xd5, 0xaf, 0x40,
    0x3c, 0xfd, 0x60,

    /* U+0152 "Œ" */
    0x00, 0x5d, 0xff, 0xff, 0xff, 0xf7, 0x07, 0xfc,
    0x7a, 0xf9, 0x66, 0x63, 0x0f, 0xa0, 0x03, 0xf5,
    0x00, 0x00, 0x4f, 0x40, 0x03, 0xf6, 0x11, 0x10,
    0x5f, 0x20, 0x03, 0xff, 0xff, 0xf2, 0x4f, 0x40,
    0x03, 0xf8, 0x44, 0x40, 0x0f, 0xa0, 0x03, 0xf5,
    0x00, 0x00, 0x07, 0xfb, 0x7a, 0xf9, 0x66, 0x63,
    0x00, 0x5d, 0xff, 0xff, 0xff, 0xf7,

    /* U+0153 "œ" */
    0x03, 0xcf, 0xd6, 0x5d, 0xfb, 0x20, 0x0e, 0xd5,
    0xaf, 0xfa, 0x5c, 0xd0, 0x5f, 0x40, 0x0f, 0xf0,
    0x03, 0xf4, 0x7f, 0x10, 0x0f, 0xff, 0xff, 0xf6,
    0x5f, 0x40, 0x0f, 0xf2, 0x22, 0x20, 0x0e, 0xd5,
    0xaf, 0xfb, 0x59, 0xe1, 0x03, 0xcf, 0xd6, 0x5d,
    0xfd, 0x50,

    /* U+0154 "Ŕ" */
    0x00, 0x02, 0xf4, 0x00, 0x00, 0x07, 0x90, 0x00,
    0x00, 0x00, 0x00, 0x00, 0x2f, 0xff, 0xfc, 0x30,
    0x2f, 0xa6, 0x7e, 0xe0, 0x2f, 0x70, 0x07, 0xf2,
    0x2f, 0x81, 0x2c, 0xf1, 0x2f, 0xff, 0xff, 0x70,
    0x2f, 0xb4, 0xfe, 0x00, 0x2f, 0x70, 0x6f, 0x50,
    0x2f, 0x70, 0x0e, 0xd0, 0x2f, 0x70, 0x07, 0xf4,

    /* U+0155 "ŕ" */
    0x00, 0x4d, 0x10, 0x0b, 0x70, 0x00, 0x00, 0x03,
    0xf8, 0xe8, 0x3f, 0xe6, 0x33, 0xf6, 0x00, 0x3f,
    0x50, 0x03, 0xf5, 0x00, 0x3f, 0x50, 0x03, 0xf5,
    0x00,

    /* U+0156 "Ŗ" */
    0x2f, 0xff, 0xfc, 0x30, 0x2f, 0xa6, 0x7e, 0xe0,
    0x2f, 0x70, 0x07, 0xf2, 0x2f, 0x81, 0x2c, 0xf1,
    0x2f, 0xff, 0xff, 0x70, 0x2f, 0xb4, 0xfe, 0x00,
    0x2f, 0x70, 0x6f, 0x50, 0x2f, 0x70, 0x0e, 0xd0,
    0x2f, 0x70, 0x07, 0xf4, 0x00, 0x02, 0x20, 0x00,
    0x00, 0x0e, 0x70, 0x00, 0x00, 0x1f, 0x10, 0x00,

    /* U+0157 "ŗ" */
    0x00, 0x00, 0x03, 0xf8, 0xe8, 0x3f, 0xe6, 0x33,
    0xf6, 0x00, 0x3f, 0x50, 0x03, 0xf5, 0x00, 0x3f,
    0x50, 0x03, 0xf5, 0x00, 0x04, 0x00, 0x05, 0xf0,
    0x00, 0x8a, 0x00, 0x00,

    /* U+0158 "Ř" */
    0x01, 0xd6, 0xab, 0x00, 0x00, 0x3f, 0xd0, 0x00,
    0x00, 0x00, 0x00, 0x00, 0x2f, 0xff, 0xfc, 0x30,
    0x2f, 0xa6, 0x7e, 0xe0, 0x2f, 0x70, 0x07, 0xf2,
    0x2f, 0x81, 0x2c, 0xf1, 0x2f, 0xff, 0xff, 0x70,
    0x2f, 0xb4, 0xfe, 0x00, 0x2f, 0x70, 0x6f, 0x50,
    0x2f, 0x70, 0x0e, 0xd0, 0x2f, 0x70, 0x07, 0xf4,

    /* U+0159 "ř" */
    0x27, 0x06, 0x40, 0x8d, 0xb0, 0x00, 0x00, 0x03,
    0xf8, 0xe8, 0x3f, 0xe6, 0x33, 0xf6, 0x00, 0x3f,
    0x50, 0x03, 0xf5, 0x00, 0x3f, 0x50, 0x03, 0xf5,
    0x00,

    /* U+015A "Ś" */
    0x00, 0x01, 0xf4, 0x00, 0x00, 0x06, 0x90, 0x00,
    0x00, 0x00, 0x00, 0x00, 0x02, 0xbf, 0xfb, 0x20,
    0x0e, 0xe7, 0x7e, 0xd0, 0x2f, 0x70, 0x04, 0x80,
    0x0e, 0xe6, 0x10, 0x00, 0x02, 0xaf, 0xfc, 0x30,
    0x00, 0x00, 0x4c, 0xe0, 0x4c, 0x20, 0x06, 0xf3,
    0x1f, 0xd7, 0x8e, 0xe0, 0x03, 0xcf, 0xfb, 0x30,

    /* U+015B "ś" */
    0x00, 0x08, 0xa0, 0x00, 0x01, 0xf3, 0x00, 0x00,
    0x00, 0x00, 0x00, 0x7d, 0xfc, 0x20, 0x2f, 0x94,
    0xca, 0x03, 0xf9, 0x20, 0x00, 0x07, 0xef, 0xe6,
    0x00, 0x20, 0x2b, 0xf0, 0x5f, 0x94, 0xce, 0x00,
    0x7d, 0xfc, 0x30,

    /* U+015C "Ŝ" */
    0x00, 0x4d, 0xd2, 0x00, 0x00, 0x72, 0x46, 0x00,
    0x00, 0x00, 0x00, 0x00, 0x02, 0xbf, 0xfb, 0x20,
    0x0e, 0xe7, 0x7e, 0xd0, 0x2f, 0x70, 0x04, 0x80,
    0x0e, 0xe6, 0x10, 0x00, 0x02, 0xaf, 0xfc, 0x30,
    0x00, 0x00, 0x4c, 0xe0, 0x4c, 0x20, 0x06, 0xf3,
    0x1f, 0xd7, 0x8e, 0xe0, 0x03, 0xcf, 0xfb, 0x30,

    /* U+015D "ŝ" */
    0x00, 0xaf, 0x50, 0x00, 0x8d, 0x3e, 0x20, 0x00,
    0x00, 0x00, 0x00, 0x7d, 0xfc, 0x20, 0x2f, 0x94,
    0xca, 0x03, 0xf9, 0x20, 0x00, 0x07, 0xef, 0xe6,
    0x00, 0x20, 0x2b, 0xf0, 0x5f, 0x94, 0xce, 0x00,
    0x7d, 0xfc, 0x30,

    /* U+015E "Ş" */
    0x02, 0xbf, 0xfb, 0x20, 0x0e, 0xe7, 0x7e, 0xd0,
    0x2f, 0x70, 0x04, 0x80, 0x0e, 0xe6, 0x10, 0x00,
    0x02, 0xaf, 0xfc, 0x30, 0x00, 0x00, 0x4c, 0xe0,
    0x4c, 0x20, 0x06, 0xf3, 0x1f, 0xd7, 0x8e, 0xe0,
    0x03, 0xcf, 0xfb, 0x30, 0x00, 0x08, 0xa0, 0x00,
    0x00, 0x00, 0x95, 0x00, 0x00, 0x08, 0xd2, 0x00,

    /* U+015F "ş" */
    0x07, 0xdf, 0xc2, 0x02, 0xf9, 0x4c, 0xa0, 0x3f,
    0x92, 0x00, 0x00, 0x7e, 0xfe, 0x60, 0x02, 0x02,
    0xbf, 0x05, 0xf9, 0x4c, 0xe0, 0x07, 0xef, 0xc3,
    0x00, 0x01, 0xd3, 0x00, 0x00, 0x03, 0xb0, 0x00,
    0x04, 0xc7, 0x00,

    /* U+0160 "Š" */
    0x00, 0xd6, 0x9b, 0x00, 0x00, 0x2e, 0xe1, 0x00,
    0x00, 0x00, 0x00, 0x00, 0x02, 0xbf, 0xfb, 0x20,
    0x0e, 0xe7, 0x7e, 0xe0, 0x2f, 0x70, 0x02, 0x40,
    0x0e, 0xe6, 0x10, 0x00, 0x02, 0xaf, 0xfc, 0x30,
    0x00, 0x00, 0x4c, 0xe0, 0x4d, 0x30, 0x06, 0xf3,
    0x1f, 0xe7, 0x8e, 0xe0, 0x03, 0xcf, 0xfb, 0x30,

    /* U+0161 "š" */
    0x07, 0xd3, 0xf3, 0x00, 0x0a, 0xf5, 0x00, 0x00,
    0x00, 0x00, 0x00, 0x7d, 0xfc, 0x20, 0x2f, 0x94,
    0xca, 0x03, 0xf9, 0x20, 0x00, 0x07, 0xef, 0xe6,
    0x00, 0x20, 0x2b, 0xf0, 0x5f, 0x94, 0xce, 0x00,
    0x7d, 0xfc, 0x30,

    /* U+0162 "Ţ" */
    0x8f, 0xff, 0xff, 0xf7, 0x36, 0x6e, 0xd6, 0x62,
    0x00, 0x0d, 0xc0, 0x00, 0x00, 0x0d, 0xc0, 0x00,
    0x00, 0x0d, 0xc0, 0x00, 0x00, 0x0d, 0xc0, 0x00,
    0x00, 0x0d, 0xc0, 0x00, 0x00, 0x0d, 0xc0, 0x00,
    0x00, 0x0e, 0xd0, 0x00, 0x00, 0x07, 0x90, 0x00,
    0x00, 0x00, 0x95, 0x00, 0x00, 0x08, 0xd3, 0x00,

    /* U+0163 "ţ" */
    0x0f, 0x90, 0x0e, 0xff, 0xd0, 0x3f, 0xd3, 0x00,
    0xf9, 0x00, 0x0f, 0x90, 0x00, 0xf9, 0x00, 0x0e,
    0xc4, 0x00, 0x6f, 0xe0, 0x00, 0xc6, 0x00, 0x00,
    0xd1, 0x00, 0xbc, 0x00,

    /* U+0164 "Ť" */
    0x00, 0xc7, 0x8c, 0x00, 0x00, 0x1e, 0xe1, 0x00,
    0x00, 0x00, 0x00, 0x00, 0x8f, 0xff, 0xff, 0xf7,
    0x36, 0x6e, 0xd6, 0x62, 0x00, 0x0d, 0xc0, 0x00,
    0x00, 0x0d, 0xc0, 0x00, 0x00, 0x0d, 0xc0, 0x00,
    0x00, 0x0d, 0xc0, 0x00, 0x00, 0x0d, 0xc0, 0x00,
    0x00, 0x0d, 0xc0, 0x00, 0x00, 0x0d, 0xc0, 0x00,

    /* U+0165 "ť" */
    0x00, 0x04, 0x20, 0x00, 0xb6, 0x0c, 0x7b, 0x40,
    0xf9, 0x00, 0xef, 0xfd, 0x03, 0xfd, 0x30, 0x0f,
    0x90, 0x00, 0xf9, 0x00, 0x0f, 0x90, 0x00, 0xec,
    0x40, 0x05, 0xee, 0x00,

    /* U+0166 "Ŧ" */
    0x8f, 0xff, 0xff, 0xf7, 0x36, 0x6e, 0xd6, 0x62,
    0x00, 0x0d, 0xc0, 0x00, 0x00, 0x0d, 0xc0, 0x00,
    0x08, 0xff, 0xff, 0x70, 0x01, 0x2f, 0xe2, 0x10,
    0x00, 0x0d, 0xc0, 0x00, 0x00, 0x0d, 0xc0, 0x00,
    0x00, 0x0d, 0xc0, 0x00,

    /* U+0167 "ŧ" */
    0x07, 0x40, 0x00, 0xf9, 0x00, 0xef, 0xfd, 0x03,
    0xfd, 0x30, 0xdf, 0xfc, 0x01, 0xfb, 0x10, 0x0f,
    0x90, 0x00, 0xec, 0x40, 0x06, 0xee, 0x00,

    /* U+0168 "Ũ" */
    0x00, 0x2e, 0x69, 0x40, 0x00, 0x77, 0x9d, 0x00,
    0x00, 0x00, 0x00, 0x00, 0x2f, 0x70, 0x00, 0x9f,
    0x2f, 0x70, 0x00, 0x9f, 0x2f, 0x70, 0x00, 0x9f,
    0x2f, 0x70, 0x00, 0x9f, 0x2f, 0x70, 0x00, 0x9f,
    0x1f, 0x70, 0x00, 0xaf, 0x0f, 0xb0, 0x00, 0xdd,
    0x09, 0xfc, 0x8d, 0xf7, 0x00, 0x8e, 0xfd, 0x60,

    /* U+0169 "ũ" */
    0x01, 0xdf, 0xe5, 0x00, 0x00, 0x00, 0x00, 0x3f,
    0x50, 0x0f, 0x83, 0xf5, 0x00, 0xf8, 0x3f, 0x50,
    0x0f, 0x83, 0xf5, 0x00, 0xf8, 0x2f, 0x60, 0x1f,
    0x80, 0xfd, 0x6b, 0xf8, 0x05, 0xee, 0x6e, 0x80,

    /* U+016A "Ū" */
    0x00, 0x3f, 0xff, 0x10, 0x00, 0x02, 0x22, 0x00,
    0x00, 0x00, 0x00, 0x00, 0x2f, 0x70, 0x00, 0x9f,
    0x2f, 0x70, 0x00, 0x9f, 0x2f, 0x70, 0x00, 0x9f,
    0x2f, 0x70, 0x00, 0x9f, 0x2f, 0x70, 0x00, 0x9f,
    0x1f, 0x70, 0x00, 0xaf, 0x0f, 0xb0, 0x00, 0xdd,
    0x09, 0xfc, 0x8d, 0xf7, 0x00, 0x8e, 0xfd, 0x60,

    /* U+016B "ū" */
    0x00, 0xff, 0xf5, 0x00, 0x01, 0x11, 0x00, 0x3f,
    0x50, 0x0f, 0x83, 0xf5, 0x00, 0xf8, 0x3f, 0x50,
    0x0f, 0x83, 0xf5, 0x00, 0xf8, 0x2f, 0x60, 0x1f,
    0x80, 0xfd, 0x6b, 0xf8, 0x05, 0xee, 0x6e, 0x80,

    /* U+016C "Ŭ" */
    0x00, 0x6a, 0x0c, 0x30, 0x00, 0x0a, 0xe8, 0x00,
    0x00, 0x00, 0x00, 0x00, 0x2f, 0x70, 0x00, 0x9f,
    0x2f, 0x70, 0x00, 0x9f, 0x2f, 0x70, 0x00, 0x9f,
    0x2f, 0x70, 0x00, 0x9f, 0x2f, 0x70, 0x00, 0x9f,
    0x1f, 0x70, 0x00, 0xaf, 0x0f, 0xb0, 0x00, 0xdd,
    0x09, 0xfc, 0x8d, 0xf7, 0x00, 0x8e, 0xfd, 0x60,

    /* U+016D "ŭ" */
    0x01, 0xd0, 0x87, 0x00, 0x07, 0xeb, 0x00, 0x00,
    0x00, 0x00, 0x03, 0xf5, 0x00, 0xf8, 0x3f, 0x50,
    0x0f, 0x83, 0xf5, 0x00, 0xf8, 0x3f, 0x50, 0x0f,
    0x82, 0xf6, 0x01, 0xf8, 0x0f, 0xd6, 0xbf, 0x80,
    0x5e, 0xe6, 0xe8,

    /* U+016E "Ů" */
    0x00, 0x09, 0xc6, 0x00, 0x00, 0x1d, 0x0e, 0x00,
    0x00, 0x09, 0xc6, 0x00, 0x00, 0x00, 0x00, 0x00,
    0x2f, 0x70, 0x00, 0x9f, 0x2f, 0x70, 0x00, 0x9f,
    0x2f, 0x70, 0x00, 0x9f, 0x2f, 0x70, 0x00, 0x9f,
    0x2f, 0x70, 0x00, 0x9f, 0x1f, 0x70, 0x00, 0xaf,
    0x0f, 0xb0, 0x00, 0xdd, 0x09, 0xfc, 0x8d, 0xf7,
    0x00, 0x8e, 0xfd, 0x60,

    /* U+016F "ů" */
    0x00, 0x4d, 0x80, 0x00, 0x0c, 0x1c, 0x20, 0x00,
    0xc1, 0xc2, 0x00, 0x04, 0xc8, 0x00, 0x3f, 0x50,
    0x0f, 0x83, 0xf5, 0x00, 0xf8, 0x3f, 0x50, 0x0f,
    0x83, 0xf5, 0x00, 0xf8, 0x2f, 0x60, 0x1f, 0x80,
    0xfd, 0x6b, 0xf8, 0x05, 0xee, 0x6e, 0x80,

    /* U+0170 "Ű" */
    0x00, 0x2f, 0x3d, 0x80, 0x00, 0x6a, 0x5b, 0x00,
    0x00, 0x00, 0x00, 0x00, 0x2f, 0x70, 0x00, 0x9f,
    0x2f, 0x70, 0x00, 0x9f, 0x2f, 0x70, 0x00, 0x9f,
    0x2f, 0x70, 0x00, 0x9f, 0x2f, 0x70, 0x00, 0x9f,
    0x1f, 0x70, 0x00, 0xaf, 0x0f, 0xb0, 0x00, 0xdd,
    0x09, 0xfc, 0x8d, 0xf7, 0x00, 0x8e, 0xfd, 0x60,

    /* U+0171 "ű" */
    0x00, 0xc7, 0x8b, 0x00, 0x2f, 0x3f, 0x20, 0x00,
    0x00, 0x00, 0x03, 0xf5, 0x00, 0xf8, 0x3f, 0x50,
    0x0f, 0x83, 0xf5, 0x00, 0xf8, 0x3f, 0x50, 0x0f,
    0x82, 0xf6, 0x01, 0xf8, 0x0f, 0xd6, 0xbf, 0x80,
    0x5e, 0xe6, 0xe8,

    /* U+0172 "Ų" */
    0x2f, 0x70, 0x00, 0x9f, 0x2f, 0x70, 0x00, 0x9f,
    0x2f, 0x70, 0x00, 0x9f, 0x2f, 0x70, 0x00, 0x9f,
    0x2f, 0x70, 0x00, 0x9f, 0x1f, 0x70, 0x00, 0xaf,
    0x0f, 0xb0, 0x00, 0xdf, 0x09, 0xfc, 0x8d, 0xff,
    0x00, 0x8e, 0xff, 0xf0, 0x00, 0x02, 0xd7, 0x00,
    0x00, 0x09, 0xc1, 0x00, 0x00, 0x05, 0xec, 0x00,

    /* U+0173 "ų" */
    0x3f, 0x50, 0x0f, 0x83, 0xf5, 0x00, 0xf8, 0x3f,
    0x50, 0x0f, 0x83, 0xf5, 0x00, 0xf8, 0x2f, 0x60,
    0x1f, 0x80, 0xfd, 0x6b, 0xf8, 0x05, 0xee, 0x6f,
    0x90, 0x00, 0x07, 0xe1, 0x00, 0x00, 0xbb, 0x10,
    0x00, 0x06, 0xfa,

    /* U+0174 "Ŵ" */
    0x00, 0x00, 0x0d, 0xe2, 0x00, 0x00, 0x00, 0x00,
    0xba, 0x6d, 0x10, 0x00, 0x00, 0x00, 0x00, 0x00,
    0x00, 0x00, 0x9f, 0x10, 0x0d, 0xf1, 0x00, 0xdd,
    0x4f, 0x50, 0x1f, 0xf5, 0x01, 0xf8, 0x0f, 0x90,
    0x5f, 0xd9, 0x05, 0xf4, 0x0c, 0xc0, 0x9d, 0x9c,
    0x09, 0xf0, 0x08, 0xf0, 0xd9, 0x5f, 0x1c, 0xc0,
    0x04, 0xf4, 0xf5, 0x1f, 0x4f, 0x80, 0x00, 0xfa,
    0xf1, 0x0d, 0xaf, 0x30, 0x00, 0xbf, 0xd0, 0x09,
    0xff, 0x00, 0x00, 0x7f, 0x90, 0x05, 0xfb, 0x00,

    /* U+0175 "ŵ" */
    0x00, 0x00, 0x67, 0x00, 0x00, 0x00, 0x0a, 0xa9,
    0xa0, 0x00, 0x00, 0x00, 0x00, 0x00, 0x00, 0x9f,
    0x00, 0xce, 0x00, 0xea, 0x5f, 0x30, 0xff, 0x12,
    0xf6, 0x0f, 0x74, 0xed, 0x56, 0xf1, 0x0c, 0xa8,
    0xa9, 0x99, 0xd0, 0x07, 0xeb, 0x65, 0xcd, 0x80,
    0x03, 0xff, 0x21, 0xff, 0x40, 0x00, 0xee, 0x00,
    0xdf, 0x00,

    /* U+0176 "Ŷ" */
    0x00, 0x0b, 0xf4, 0x00, 0x00, 0x08, 0xc4, 0xe2,
    0x00, 0x00, 0x00, 0x00, 0x00, 0x06, 0xf6, 0x00,
    0x0d, 0xe0, 0x0c, 0xe0, 0x06, 0xf6, 0x00, 0x3f,
    0x80, 0xec, 0x00, 0x00, 0x9f, 0x8f, 0x30, 0x00,
    0x01, 0xff, 0x90, 0x00, 0x00, 0x08, 0xf2, 0x00,
    0x00, 0x00, 0x7f, 0x10, 0x00, 0x00, 0x07, 0xf1,
    0x00, 0x00, 0x00, 0x7f, 0x10, 0x00,

    /* U+0177 "ŷ" */
    0x00, 0x03, 0x00, 0x00, 0x1c, 0xad, 0x10, 0x02,
    0x30, 0x22, 0x09, 0xf0, 0x00, 0xea, 0x4f, 0x40,
    0x3f, 0x50, 0xe9, 0x08, 0xf0, 0x09, 0xe0, 0xda,
    0x00, 0x4f, 0x4f, 0x40, 0x00, 0xec, 0xe0, 0x00,
    0x09, 0xf9, 0x00, 0x00, 0x5f, 0x40, 0x00, 0x4b,
    0xd0, 0x00, 0x1f, 0xd3, 0x00, 0x00,

    /* U+0178 "Ÿ" */
    0x00, 0x99, 0x2e, 0x30, 0x00, 0x05, 0x50, 0x91,
    0x00, 0x00, 0x00, 0x00, 0x00, 0x06, 0xf6, 0x00,
    0x0c, 0xe0, 0x0d, 0xe0, 0x05, 0xf6, 0x00, 0x3f,
    0x70, 0xdc, 0x00, 0x00, 0xaf, 0x7f, 0x30, 0x00,
    0x01, 0xff, 0xa0, 0x00, 0x00, 0x09, 0xf2, 0x00,
    0x00, 0x00, 0x7f, 0x10, 0x00, 0x00, 0x07, 0xf1,
    0x00, 0x00, 0x00, 0x7f, 0x10, 0x00,

    /* U+0179 "Ź" */
    0x00, 0x01, 0xf5, 0x00, 0x00, 0x06, 0xa0, 0x00,
    0x00, 0x00, 0x00, 0x00, 0x5f, 0xff, 0xff, 0xf2,
    0x16, 0x66, 0x6f, 0xc0, 0x00, 0x00, 0x9f, 0x20,
    0x00, 0x04, 0xf7, 0x00, 0x00, 0x0e, 0xc0, 0x00,
    0x00, 0xaf, 0x20, 0x00, 0x04, 0xf6, 0x00, 0x00,
    0x1e, 0xf6, 0x66, 0x60, 0x4f, 0xff, 0xff, 0xf2,

    /* U+017A "ź" */
    0x00, 0x08, 0xb0, 0x00, 0x00, 0xf3, 0x00, 0x00,
    0x00, 0x00, 0x02, 0xff, 0xff, 0xf0, 0x16, 0x67,
    0xfa, 0x00, 0x00, 0xbe, 0x10, 0x00, 0x7f, 0x40,
    0x00, 0x3f, 0x80, 0x00, 0x0d, 0xf6, 0x55, 0x04,
    0xff, 0xff, 0xf1,

    /* U+017B "Ż" */
    0x00, 0x0b, 0xa0, 0x00, 0x00, 0x08, 0x60, 0x00,
    0x00, 0x00, 0x00, 0x00, 0x5f, 0xff, 0xff, 0xf2,
    0x16, 0x66, 0x6f, 0xc0, 0x00, 0x00, 0x9f, 0x20,
    0x00, 0x04, 0xf7, 0x00, 0x00, 0x0e, 0xc0, 0x00,
    0x00, 0xaf, 0x20, 0x00, 0x04, 0xf6, 0x00, 0x00,
    0x1e, 0xf6, 0x66, 0x60, 0x4f, 0xff, 0xff, 0xf2,

    /* U+017C "ż" */
    0x00, 0x5e, 0x10, 0x00, 0x03, 0xb1, 0x00, 0x2f,
    0xff, 0xff, 0x01, 0x66, 0x7f, 0xa0, 0x00, 0x0b,
    0xe1, 0x00, 0x07, 0xf4, 0x00, 0x03, 0xf8, 0x00,
    0x00, 0xdf, 0x65, 0x50, 0x4f, 0xff, 0xff, 0x10,

    /* U+017D "Ž" */
    0x00, 0xd7, 0x9b, 0x00, 0x00, 0x2e, 0xd1, 0x00,
    0x00, 0x00, 0x00, 0x00, 0x5f, 0xff, 0xff, 0xf2,
    0x16, 0x66, 0x6f, 0xc0, 0x00, 0x00, 0x9f, 0x20,
    0x00, 0x04, 0xf7, 0x00, 0x00, 0x0e, 0xc0, 0x00,
    0x00, 0xaf, 0x20, 0x00, 0x04, 0xf6, 0x00, 0x00,
    0x1e, 0xf6, 0x66, 0x60, 0x4f, 0xff, 0xff, 0xf2,

    /* U+017E "ž" */
    0x04, 0x60, 0x72, 0x00, 0x0b, 0xd8, 0x00, 0x00,
    0x00, 0x00, 0x02, 0xff, 0xff, 0xf0, 0x16, 0x67,
    0xfa, 0x00, 0x00, 0xbe, 0x10, 0x00, 0x7f, 0x40,
    0x00, 0x3f, 0x80, 0x00, 0x0d, 0xf6, 0x55, 0x04,
    0xff, 0xff, 0xf1,

    /* U+017F "ſ" */
    0x07, 0xed, 0x01, 0xfb, 0x40, 0x3f, 0x50, 0x03,
    0xf5, 0x00, 0x3f, 0x50, 0x03, 0xf5, 0x00, 0x3f,
    0x50, 0x03, 0xf5, 0x00, 0x3f, 0x50, 0x00,

    /* U+2000 " " */

    /* U+2001 " " */

    /* U+2002 " " */

    /* U+2003 " " */

    /* U+2004 " " */

    /* U+2005 " " */

    /* U+2006 " " */

    /* U+2007 " " */

    /* U+2008 " " */

    /* U+2009 " " */

    /* U+200A " " */

    /* U+200B "​" */

    /* U+2010 "‐" */
    0x01, 0x11, 0x05, 0xff, 0xf9, 0x14, 0x44, 0x20,

    /* U+2011 "‑" */
    0x01, 0x11, 0x05, 0xff, 0xf9, 0x14, 0x44, 0x20,

    /* U+2012 "‒" */
    0x01, 0x11, 0x11, 0x10, 0x8f, 0xff, 0xff, 0xf4,
    0x24, 0x44, 0x44, 0x41,

    /* U+2013 "–" */
    0x11, 0x11, 0x11, 0xff, 0xff, 0xff, 0x44, 0x44,
    0x44,

    /* U+2014 "—" */
    0x11, 0x11, 0x11, 0x11, 0x11, 0x11, 0xff, 0xff,
    0xff, 0xff, 0xff, 0xff, 0x44, 0x44, 0x44, 0x44,
    0x44, 0x44,

    /* U+2015 "―" */
    0x11, 0x11, 0x11, 0x11, 0x11, 0x11, 0xff, 0xff,
    0xff, 0xff, 0xff, 0xff, 0x44, 0x44, 0x44, 0x44,
    0x44, 0x44,

    /* U+2016 "‖" */
    0x9d, 0x6f, 0x9d, 0x6f, 0x9d, 0x6f, 0x9d, 0x6f,
    0x9d, 0x6f, 0x9d, 0x6f, 0x9d, 0x6f, 0x9d, 0x6f,
    0x9d, 0x6f, 0x9d, 0x6f, 0x9d, 0x6f, 0x9d, 0x6f,
    0x9d, 0x6f, 0x9d, 0x6f, 0x9d, 0x6f,

    /* U+2017 "‗" */
    0xef, 0xff, 0xf8, 0x00, 0x00, 0x00, 0xef, 0xff,
    0xf8,

    /* U+2018 "‘" */
    0x02, 0xf0, 0x06, 0xd0, 0x0b, 0xb0, 0x0a, 0x60,

    /* U+2019 "’" */
    0x06, 0xa0, 0x0b, 0xb0, 0x0d, 0x70, 0x0f, 0x20,

    /* U+201A "‚" */
    0x09, 0x70, 0xf7, 0x1f, 0x23, 0xe0,

    /* U+201B "‛" */
    0x6f, 0x11, 0xf4, 0x0d, 0x60, 0x65,

    /* U+201C "“" */
    0x02, 0xf0, 0x98, 0x06, 0xd0, 0xe6, 0x0b, 0xb2,
    0xf4, 0x0a, 0x64, 0xb1,

    /* U+201D "”" */
    0x06, 0xa1, 0xb4, 0x0b, 0xb3, 0xf3, 0x0d, 0x75,
    0xe0, 0x0f, 0x27, 0xa0,

    /* U+201E "„" */
    0x09, 0x73, 0xb2, 0x0f, 0x77, 0xe0, 0x1f, 0x29,
    0xa0, 0x3e, 0x0b, 0x60,

    /* U+201F "‟" */
    0x6f, 0x1e, 0x90, 0x1f, 0x49, 0xc0, 0x0d, 0x65,
    0xe0, 0x06, 0x51, 0xb0,

    /* U+2020 "†" */
    0x00, 0x6f, 0x00, 0x00, 0x6f, 0x00, 0x2f, 0xff,
    0xfc, 0x02, 0x9f, 0x32, 0x00, 0x6f, 0x00, 0x00,
    0x4e, 0x00, 0x00, 0x3c, 0x00,

    /* U+2021 "‡" */
    0x00, 0x6f, 0x00, 0x00, 0x6f, 0x00, 0x2f, 0xff,
    0xfc, 0x02, 0x9f, 0x32, 0x2f, 0xff, 0xfc, 0x02,
    0x9f, 0x32, 0x00, 0x5f, 0x00, 0x00, 0x4e, 0x00,
    0x00, 0x2c, 0x00,

    /* U+2022 "•" */
    0x2d, 0xd3, 0xbf, 0xfc, 0xbf, 0xfd, 0x3e, 0xe3,

    /* U+2023 "‣" */
    0x32, 0x00, 0x5f, 0x80, 0x5f, 0xf6, 0x5c, 0x20,
    0x10, 0x00,

    /* U+2024 "․" */
    0x0c, 0x90, 0xda,

    /* U+2025 "‥" */
    0x0c, 0x90, 0x1d, 0x70, 0xda, 0x01, 0xe7,

    /* U+2026 "…" */
    0x0c, 0x90, 0x1d, 0x70, 0x3e, 0x40, 0xda, 0x01,
    0xe7, 0x03, 0xf4,

    /* U+2027 "‧" */
    0x0c, 0x90, 0xda,

    /* U+202F " " */

    /* U+2030 "‰" */
    0x4d, 0xe4, 0x00, 0x0d, 0x30, 0x00, 0x00, 0x0b,
    0x76, 0xc0, 0x09, 0x80, 0x00, 0x00, 0x00, 0xc6,
    0x5c, 0x04, 0xd0, 0x00, 0x00, 0x00, 0x05, 0xff,
    0x50, 0xd3, 0x00, 0x00, 0x00, 0x00, 0x00, 0x00,
    0x98, 0x1c, 0xc2, 0x08, 0xd7, 0x00, 0x00, 0x4d,
    0x0a, 0x87, 0xb3, 0xe2, 0xf2, 0x00, 0x0d, 0x30,
    0xc5, 0x3d, 0x6b, 0x0d, 0x40, 0x09, 0x80, 0x0a,
    0x86, 0xb4, 0xd1, 0xf2, 0x03, 0xd0, 0x00, 0x2e,
    0xe3, 0x0a, 0xf8, 0x00,

    /* U+2031 "‱" */
    0x4d, 0xe4, 0x00, 0x0d, 0x30, 0x00, 0x00, 0x00,
    0x00, 0x0b, 0x76, 0xc0, 0x09, 0x80, 0x00, 0x00,
    0x00, 0x00, 0x00, 0xc6, 0x5c, 0x04, 0xd0, 0x00,
    0x00, 0x00, 0x00, 0x00, 0x05, 0xff, 0x50, 0xd3,
    0x00, 0x00, 0x00, 0x00, 0x00, 0x00, 0x00, 0x00,
    0x98, 0x1c, 0xc2, 0x08, 0xd7, 0x03, 0xdb, 0x10,
    0x00, 0x4d, 0x0a, 0x87, 0xb3, 0xe2, 0xf2, 0xd6,
    0xa8, 0x00, 0x0d, 0x30, 0xc5, 0x3d, 0x6b, 0x0d,
    0x4f, 0x26, 0xa0, 0x09, 0x80, 0x0a, 0x86, 0xb4,
    0xd1, 0xf2, 0xd5, 0x98, 0x03, 0xd0, 0x00, 0x2e,
    0xe3, 0x0a, 0xf8, 0x04, 0xed, 0x10,

    /* U+2032 "′" */
    0x1f, 0x52, 0xf2, 0x4e, 0x02, 0x50,

    /* U+2033 "″" */
    0x1f, 0x50, 0xf6, 0x2f, 0x21, 0xf3, 0x4e, 0x03,
    0xf0, 0x25, 0x02, 0x60,

    /* U+2034 "‴" */
    0x1f, 0x50, 0xf6, 0x0f, 0x72, 0xf2, 0x1f, 0x30,
    0xf3, 0x4e, 0x03, 0xf0, 0x2f, 0x02, 0x50, 0x26,
    0x01, 0x60,

    /* U+2035 "‵" */
    0x3f, 0x20, 0xf4, 0x0d, 0x50, 0x53,

    /* U+2036 "‶" */
    0x3f, 0x22, 0xf3, 0x0f, 0x40, 0xf5, 0x0d, 0x50,
    0xc6, 0x05, 0x30, 0x43,

    /* U+2037 "‷" */
    0x3f, 0x22, 0xf3, 0x1f, 0x40, 0xf4, 0x0f, 0x50,
    0xe6, 0x0d, 0x50, 0xc6, 0x0b, 0x70, 0x53, 0x04,
    0x30, 0x44,

    /* U+2038 "‸" */
    0x00, 0xdf, 0x00, 0x06, 0xc9, 0x90, 0x1e, 0x31,
    0xe3,

    /* U+2039 "‹" */
    0x00, 0x8f, 0x30, 0x5f, 0x50, 0x2f, 0x90, 0x01,
    0xea, 0x00, 0x03, 0xf7, 0x00, 0x05, 0xd2,

    /* U+203A "›" */
    0x3f, 0x70, 0x00, 0x5f, 0x40, 0x00, 0x9f, 0x20,
    0x0b, 0xe1, 0x08, 0xf3, 0x03, 0xd5, 0x00,

    /* U+203B "※" */
    0x00, 0x01, 0x81, 0x00, 0x00, 0x09, 0x5e, 0x59,
    0x00, 0x01, 0xdd, 0x2c, 0xe1, 0x00, 0x85, 0xef,
    0xf5, 0x80, 0x0d, 0x7d, 0xff, 0x7e, 0x00, 0x09,
    0xf8, 0xfa, 0x00, 0x01, 0xe7, 0x86, 0xe1, 0x00,
    0x00, 0x3e, 0x30, 0x00,

    /* U+203C "‼" */
    0x0e, 0xb0, 0x0f, 0x90, 0xeb, 0x00, 0xf9, 0x0d,
    0xb0, 0x0f, 0x90, 0xdb, 0x00, 0xf8, 0x0d, 0xa0,
    0x0f, 0x80, 0xda, 0x00, 0xf8, 0x03, 0x20, 0x04,
    0x20, 0xca, 0x00, 0xd7, 0x0d, 0xa0, 0x1e, 0x80,

    /* U+203D "‽" */
    0x08, 0xef, 0xb2, 0x6f, 0x76, 0xeb, 0x00, 0xa4,
    0xad, 0x00, 0xb9, 0xf7, 0x00, 0xdf, 0x60, 0x00,
    0xff, 0x00, 0x00, 0x00, 0x00, 0x00, 0xbb, 0x00,
    0x00, 0xbb, 0x00,

    /* U+203E "‾" */
    0x00, 0x00, 0x00, 0xbf, 0xff, 0xfe, 0x23, 0x33,
    0x33,

    /* U+203F "‿" */
    0x00, 0x00, 0x00, 0x00, 0x00, 0x5c, 0x63, 0x11,
    0x36, 0xb7, 0x06, 0xdf, 0xff, 0xfe, 0x70, 0x00,
    0x02, 0x33, 0x20, 0x00,

    /* U+2040 "⁀" */
    0x02, 0x8c, 0xef, 0xd9, 0x30, 0x4e, 0xa6, 0x44,
    0x59, 0xf6, 0x01, 0x00, 0x00, 0x00, 0x01,

    /* U+2041 "⁁" */
    0x00, 0x01, 0x80, 0x00, 0x0a, 0xb0, 0x00, 0x3f,
    0x20, 0x00, 0xea, 0x00, 0x06, 0xfa, 0x00, 0x0e,
    0x9f, 0x20, 0x3c, 0x09, 0x70, 0x00, 0x00, 0x00,

    /* U+2042 "⁂" */
    0x00, 0x00, 0x20, 0x00, 0x00, 0x00, 0x9f, 0xa0,
    0x00, 0x00, 0x2f, 0xff, 0x20, 0x00, 0x00, 0x9f,
    0x90, 0x00, 0x00, 0x40, 0x30, 0x40, 0x00, 0x9f,
    0xb0, 0xbf, 0x90, 0x1f, 0xff, 0x6f, 0xff, 0x10,
    0x5b, 0x80, 0x6b, 0x70,

    /* U+2043 "⁃" */
    0x01, 0x10, 0xaf, 0xfa, 0x24, 0x42,

    /* U+2044 "⁄" */
    0x00, 0x00, 0x00, 0xa7, 0x00, 0x00, 0x05, 0xc0,
    0x00, 0x00, 0x1e, 0x20, 0x00, 0x00, 0xa7, 0x00,
    0x00, 0x05, 0xc0, 0x00, 0x00, 0x1e, 0x20, 0x00,
    0x00, 0xa7, 0x00, 0x00, 0x05, 0xc0, 0x00, 0x00,
    0x1e, 0x20, 0x00, 0x00,

    /* U+2045 "⁅" */
    0x00, 0x0d, 0xfd, 0xdb, 0x2d, 0xa0, 0xda, 0x0d,
    0xa0, 0xff, 0xdd, 0xd2, 0xda, 0x0d, 0xa0, 0xda,
    0x0d, 0xfd, 0x23, 0x20,

    /* U+2046 "⁆" */
    0x00, 0x00, 0x5f, 0xf5, 0x15, 0xf5, 0x02, 0xf5,
    0x02, 0xf5, 0x02, 0xf5, 0x5f, 0xf5, 0x15, 0xf5,
    0x02, 0xf5, 0x02, 0xf5, 0x02, 0xf5, 0x5f, 0xf5,
    0x13, 0x31,

    /* U+2047 "⁇" */
    0x07, 0xef, 0xb2, 0x02, 0xbf, 0xe7, 0x04, 0xf9,
    0x6f, 0xc0, 0xce, 0x6a, 0xf4, 0x37, 0x00, 0xae,
    0x07, 0x40, 0x2f, 0x60, 0x00, 0x5f, 0x90, 0x00,
    0x0b, 0xf2, 0x00, 0x5f, 0x80, 0x00, 0x0d, 0xd3,
    0x00, 0x0a, 0xc0, 0x00, 0x02, 0xf4, 0x00, 0x00,
    0x11, 0x00, 0x00, 0x02, 0x00, 0x00, 0x0b, 0xa0,
    0x00, 0x04, 0xe4, 0x00, 0x00, 0xcb, 0x00, 0x00,
    0x4f, 0x40, 0x00,

    /* U+2048 "⁈" */
    0x07, 0xef, 0xb1, 0x05, 0xf4, 0x4f, 0x96, 0xfb,
    0x05, 0xf4, 0x49, 0x00, 0xae, 0x05, 0xf3, 0x00,
    0x03, 0xfb, 0x05, 0xf3, 0x00, 0x3f, 0xc1, 0x05,
    0xf3, 0x00, 0xad, 0x00, 0x04, 0xf2, 0x00, 0x55,
    0x00, 0x01, 0x61, 0x00, 0xba, 0x00, 0x04, 0xe3,
    0x00, 0xcb, 0x00, 0x05, 0xf3,

    /* U+2049 "⁉" */
    0x0e, 0xb0, 0x09, 0xef, 0xa1, 0x0e, 0xb0, 0x7f,
    0x65, 0xf9, 0x0d, 0xb0, 0x46, 0x00, 0xdc, 0x0d,
    0xb0, 0x00, 0x06, 0xf8, 0x0d, 0xa0, 0x00, 0x6f,
    0x90, 0x0d, 0xa0, 0x00, 0xdb, 0x00, 0x03, 0x20,
    0x00, 0x53, 0x00, 0x0c, 0xa0, 0x00, 0xd8, 0x00,
    0x0d, 0xa0, 0x00, 0xe9, 0x00,

    /* U+204A "⁊" */
    0x8f, 0xff, 0xf0, 0x36, 0x6a, 0xe0, 0x00, 0x07,
    0xc0, 0x00, 0x09, 0xb0, 0x00, 0x0a, 0x90, 0x00,
    0x0c, 0x80, 0x00, 0x0d, 0x60, 0x00, 0x0f, 0x50,
    0x00, 0x0f, 0x30, 0x00, 0x2f, 0x20,

    /* U+204B "⁋" */
    0x2f, 0xff, 0xe7, 0x02, 0xf7, 0xdf, 0xf5, 0x2f,
    0x3c, 0xff, 0xa2, 0xf3, 0xcf, 0xf9, 0x2f, 0x3c,
    0xff, 0x32, 0xf3, 0x89, 0x30, 0x2f, 0x30, 0x00,
    0x02, 0xf3, 0x00, 0x00, 0x2f, 0x30, 0x00, 0x00,

    /* U+204C "⁌" */
    0x04, 0xdf, 0xff, 0x40, 0xef, 0xf0, 0xf4, 0x1f,
    0xff, 0x0f, 0x40, 0xef, 0xf0, 0xf4, 0x04, 0xdf,
    0xff, 0x40,

    /* U+204D "⁍" */
    0x0f, 0xff, 0xe6, 0x01, 0xf4, 0xbf, 0xf2, 0x1f,
    0x4b, 0xff, 0x51, 0xf4, 0xbf, 0xf2, 0x1f, 0xff,
    0xe6, 0x00,

    /* U+204E "⁎" */
    0x00, 0x02, 0x00, 0x02, 0x3b, 0x11, 0x0d, 0xbd,
    0xe6, 0x02, 0xef, 0x80, 0x0d, 0x9c, 0xc6, 0x00,
    0x4b, 0x00,

    /* U+204F "⁏" */
    0x0c, 0x90, 0x0d, 0xa0, 0x00, 0x00, 0x00, 0x00,
    0x00, 0x00, 0x08, 0x80, 0x08, 0xe0, 0x03, 0xf0,
    0x00, 0xf2,

    /* U+2050 "⁐" */
    0x03, 0x9e, 0xff, 0xda, 0x30, 0x5e, 0xa6, 0x55,
    0x7a, 0xf5, 0x00, 0x00, 0x00, 0x00, 0x00, 0x00,
    0x00, 0x00, 0x00, 0x00, 0x00, 0x00, 0x00, 0x00,
    0x00, 0x00, 0x00, 0x00, 0x00, 0x00, 0x00, 0x00,
    0x00, 0x00, 0x00, 0x00, 0x00, 0x00, 0x00, 0x00,
    0x00, 0x00, 0x00, 0x00, 0x00, 0x00, 0x00, 0x00,
    0x00, 0x00, 0x5c, 0x62, 0x11, 0x36, 0xb6, 0x07,
    0xdf, 0xff, 0xfe, 0x70, 0x00, 0x02, 0x33, 0x20,
    0x00,

    /* U+2051 "⁑" */
    0x00, 0xa5, 0x00, 0x5c, 0xb9, 0xe0, 0x07, 0xff,
    0x30, 0x5e, 0xcb, 0xe0, 0x01, 0xa4, 0x20, 0x00,
    0x10, 0x00, 0x00, 0x21, 0x00, 0x01, 0xa5, 0x20,
    0x4e, 0xcb, 0xe1, 0x07, 0xff, 0x30, 0x5c, 0xb9,
    0xe1, 0x00, 0xa5, 0x00,

    /* U+2052 "⁒" */
    0x03, 0x10, 0x00, 0x2e, 0x13, 0xfc, 0x00, 0x0c,
    0x50, 0x1e, 0x90, 0x07, 0xa0, 0x00, 0x00, 0x02,
    0xe1, 0x00, 0x00, 0x00, 0xc5, 0x00, 0x00, 0x00,
    0x7a, 0x00, 0x31, 0x00, 0x2e, 0x10, 0x3f, 0xb0,
    0x0c, 0x50, 0x02, 0xe8, 0x07, 0xa0, 0x00, 0x00,
    0x00,

    /* U+2053 "⁓" */
    0x00, 0x00, 0x00, 0x00, 0x01, 0xcf, 0xf9, 0x32,
    0x60, 0x08, 0x56, 0xcf, 0xfe, 0x10, 0x00, 0x00,
    0x23, 0x00,

    /* U+2054 "⁔" */
    0x00, 0x00, 0x00, 0x00, 0x00, 0x03, 0xbf, 0xff,
    0xeb, 0x40, 0x5e, 0x96, 0x44, 0x69, 0xe7, 0x00,
    0x00, 0x00, 0x00, 0x00,

    /* U+2055 "⁕" */
    0x15, 0xa9, 0x60, 0x3f, 0xff, 0xe2, 0xff, 0xff,
    0xfe, 0x3b, 0xff, 0xa3, 0x4f, 0xed, 0xf3, 0x02,
    0xa9, 0x20,

    /* U+2057 "⁗" */
    0x1f, 0x50, 0xf6, 0x0f, 0x70, 0xe8, 0x2f, 0x21,
    0xf3, 0x0f, 0x30, 0xf5, 0x4e, 0x03, 0xf0, 0x2f,
    0x01, 0xf1, 0x25, 0x02, 0x60, 0x16, 0x01, 0x70,

    /* U+205F " " */

};

/*---------------------
 *  GLYPH DESCRIPTION
 *--------------------*/

static const lv_font_fmt_txt_glyph_dsc_t glyph_dsc[] = {
    {.bitmap_index = 0, .adv_w = 0, .box_w = 0, .box_h = 0, .ofs_x = 0, .ofs_y = 0} /* id = 0 reserved */,
    {.bitmap_index = 0, .adv_w = 48, .box_w = 0, .box_h = 0, .ofs_x = 0, .ofs_y = 0},
    {.bitmap_index = 0, .adv_w = 62, .box_w = 3, .box_h = 9, .ofs_x = 0, .ofs_y = 0},
    {.bitmap_index = 14, .adv_w = 100, .box_w = 5, .box_h = 4, .ofs_x = 1, .ofs_y = 5},
    {.bitmap_index = 24, .adv_w = 124, .box_w = 8, .box_h = 9, .ofs_x = 0, .ofs_y = 0},
    {.bitmap_index = 60, .adv_w = 125, .box_w = 8, .box_h = 13, .ofs_x = 0, .ofs_y = -2},
    {.bitmap_index = 112, .adv_w = 193, .box_w = 10, .box_h = 9, .ofs_x = 1, .ofs_y = 0},
    {.bitmap_index = 157, .adv_w = 127, .box_w = 8, .box_h = 9, .ofs_x = 0, .ofs_y = 0},
    {.bitmap_index = 193, .adv_w = 63, .box_w = 2, .box_h = 4, .ofs_x = 1, .ofs_y = 5},
    {.bitmap_index = 197, .adv_w = 72, .box_w = 4, .box_h = 12, .ofs_x = 1, .ofs_y = -2},
    {.bitmap_index = 221, .adv_w = 72, .box_w = 4, .box_h = 12, .ofs_x = 0, .ofs_y = -2},
    {.bitmap_index = 245, .adv_w = 104, .box_w = 6, .box_h = 6, .ofs_x = 0, .ofs_y = 3},
    {.bitmap_index = 263, .adv_w = 129, .box_w = 6, .box_h = 6, .ofs_x = 1, .ofs_y = 1},
    {.bitmap_index = 281, .adv_w = 61, .box_w = 3, .box_h = 4, .ofs_x = 0, .ofs_y = -3},
    {.bitmap_index = 287, .adv_w = 89, .box_w = 5, .box_h = 3, .ofs_x = 0, .ofs_y = 2},
    {.bitmap_index = 295, .adv_w = 61, .box_w = 3, .box_h = 2, .ofs_x = 0, .ofs_y = 0},
    {.bitmap_index = 298, .adv_w = 73, .box_w = 5, .box_h = 11, .ofs_x = 0, .ofs_y = -1},
    {.bitmap_index = 326, .adv_w = 127, .box_w = 8, .box_h = 9, .ofs_x = 0, .ofs_y = 0},
    {.bitmap_index = 362, .adv_w = 81, .box_w = 5, .box_h = 9, .ofs_x = 0, .ofs_y = 0},
    {.bitmap_index = 385, .adv_w = 120, .box_w = 7, .box_h = 9, .ofs_x = 0, .ofs_y = 0},
    {.bitmap_index = 417, .adv_w = 122, .box_w = 8, .box_h = 9, .ofs_x = 0, .ofs_y = 0},
    {.bitmap_index = 453, .adv_w = 128, .box_w = 8, .box_h = 9, .ofs_x = 0, .ofs_y = 0},
    {.bitmap_index = 489, .adv_w = 118, .box_w = 7, .box_h = 9, .ofs_x = 0, .ofs_y = 0},
    {.bitmap_index = 521, .adv_w = 123, .box_w = 8, .box_h = 9, .ofs_x = 0, .ofs_y = 0},
    {.bitmap_index = 557, .adv_w = 111, .box_w = 7, .box_h = 9, .ofs_x = 0, .ofs_y = 0},
    {.bitmap_index = 589, .adv_w = 123, .box_w = 8, .box_h = 9, .ofs_x = 0, .ofs_y = 0},
    {.bitmap_index = 625, .adv_w = 123, .box_w = 8, .box_h = 9, .ofs_x = 0, .ofs_y = 0},
    {.bitmap_index = 661, .adv_w = 61, .box_w = 3, .box_h = 7, .ofs_x = 0, .ofs_y = 0},
    {.bitmap_index = 672, .adv_w = 63, .box_w = 3, .box_h = 9, .ofs_x = 0, .ofs_y = -3},
    {.bitmap_index = 686, .adv_w = 129, .box_w = 7, .box_h = 8, .ofs_x = 0, .ofs_y = 0},
    {.bitmap_index = 714, .adv_w = 129, .box_w = 6, .box_h = 6, .ofs_x = 1, .ofs_y = 1},
    {.bitmap_index = 732, .adv_w = 129, .box_w = 7, .box_h = 8, .ofs_x = 1, .ofs_y = 0},
    {.bitmap_index = 760, .adv_w = 104, .box_w = 6, .box_h = 9, .ofs_x = 0, .ofs_y = 0},
    {.bitmap_index = 787, .adv_w = 192, .box_w = 12, .box_h = 12, .ofs_x = 0, .ofs_y = -3},
    {.bitmap_index = 859, .adv_w = 140, .box_w = 9, .box_h = 9, .ofs_x = 0, .ofs_y = 0},
    {.bitmap_index = 900, .adv_w = 127, .box_w = 8, .box_h = 9, .ofs_x = 0, .ofs_y = 0},
    {.bitmap_index = 936, .adv_w = 141, .box_w = 9, .box_h = 9, .ofs_x = 0, .ofs_y = 0},
    {.bitmap_index = 977, .adv_w = 139, .box_w = 9, .box_h = 9, .ofs_x = 0, .ofs_y = 0},
    {.bitmap_index = 1018, .adv_w = 116, .box_w = 7, .box_h = 9, .ofs_x = 0, .ofs_y = 0},
    {.bitmap_index = 1050, .adv_w = 113, .box_w = 7, .box_h = 9, .ofs_x = 0, .ofs_y = 0},
    {.bitmap_index = 1082, .adv_w = 144, .box_w = 9, .box_h = 9, .ofs_x = 0, .ofs_y = 0},
    {.bitmap_index = 1123, .adv_w = 143, .box_w = 9, .box_h = 9, .ofs_x = 0, .ofs_y = 0},
    {.bitmap_index = 1164, .adv_w = 53, .box_w = 3, .box_h = 9, .ofs_x = 0, .ofs_y = 0},
    {.bitmap_index = 1178, .adv_w = 111, .box_w = 7, .box_h = 9, .ofs_x = 0, .ofs_y = 0},
    {.bitmap_index = 1210, .adv_w = 135, .box_w = 9, .box_h = 9, .ofs_x = 0, .ofs_y = 0},
    {.bitmap_index = 1251, .adv_w = 109, .box_w = 7, .box_h = 9, .ofs_x = 0, .ofs_y = 0},
    {.bitmap_index = 1283, .adv_w = 177, .box_w = 11, .box_h = 9, .ofs_x = 0, .ofs_y = 0},
    {.bitmap_index = 1333, .adv_w = 146, .box_w = 9, .box_h = 9, .ofs_x = 0, .ofs_y = 0},
    {.bitmap_index = 1374, .adv_w = 148, .box_w = 9, .box_h = 9, .ofs_x = 0, .ofs_y = 0},
    {.bitmap_index = 1415, .adv_w = 124, .box_w = 8, .box_h = 9, .ofs_x = 0, .ofs_y = 0},
    {.bitmap_index = 1451, .adv_w = 148, .box_w = 9, .box_h = 10, .ofs_x = 0, .ofs_y = -1},
    {.bitmap_index = 1496, .adv_w = 125, .box_w = 8, .box_h = 9, .ofs_x = 0, .ofs_y = 0},
    {.bitmap_index = 1532, .adv_w = 125, .box_w = 8, .box_h = 9, .ofs_x = 0, .ofs_y = 0},
    {.bitmap_index = 1568, .adv_w = 127, .box_w = 8, .box_h = 9, .ofs_x = 0, .ofs_y = 0},
    {.bitmap_index = 1604, .adv_w = 141, .box_w = 8, .box_h = 9, .ofs_x = 0, .ofs_y = 0},
    {.bitmap_index = 1640, .adv_w = 140, .box_w = 9, .box_h = 9, .ofs_x = 0, .ofs_y = 0},
    {.bitmap_index = 1681, .adv_w = 196, .box_w = 12, .box_h = 9, .ofs_x = 0, .ofs_y = 0},
    {.bitmap_index = 1735, .adv_w = 138, .box_w = 9, .box_h = 9, .ofs_x = 0, .ofs_y = 0},
    {.bitmap_index = 1776, .adv_w = 137, .box_w = 9, .box_h = 9, .ofs_x = 0, .ofs_y = 0},
    {.bitmap_index = 1817, .adv_w = 125, .box_w = 8, .box_h = 9, .ofs_x = 0, .ofs_y = 0},
    {.bitmap_index = 1853, .adv_w = 72, .box_w = 3, .box_h = 13, .ofs_x = 1, .ofs_y = -2},
    {.bitmap_index = 1873, .adv_w = 73, .box_w = 5, .box_h = 11, .ofs_x = 0, .ofs_y = -1},
    {.bitmap_index = 1901, .adv_w = 72, .box_w = 4, .box_h = 13, .ofs_x = 0, .ofs_y = -2},
    {.bitmap_index = 1927, .adv_w = 92, .box_w = 6, .box_h = 5, .ofs_x = 0, .ofs_y = 5},
    {.bitmap_index = 1942, .adv_w = 90, .box_w = 6, .box_h = 3, .ofs_x = 0, .ofs_y = -2},
    {.bitmap_index = 1951, .adv_w = 67, .box_w = 4, .box_h = 2, .ofs_x = 0, .ofs_y = 8},
    {.bitmap_index = 1955, .adv_w = 110, .box_w = 7, .box_h = 7, .ofs_x = 0, .ofs_y = 0},
    {.bitmap_index = 1980, .adv_w = 120, .box_w = 7, .box_h = 9, .ofs_x = 0, .ofs_y = 0},
    {.bitmap_index = 2012, .adv_w = 112, .box_w = 7, .box_h = 7, .ofs_x = 0, .ofs_y = 0},
    {.bitmap_index = 2037, .adv_w = 120, .box_w = 7, .box_h = 9, .ofs_x = 0, .ofs_y = 0},
    {.bitmap_index = 2069, .adv_w = 114, .box_w = 7, .box_h = 7, .ofs_x = 0, .ofs_y = 0},
    {.bitmap_index = 2094, .adv_w = 75, .box_w = 5, .box_h = 9, .ofs_x = 0, .ofs_y = 0},
    {.bitmap_index = 2117, .adv_w = 120, .box_w = 7, .box_h = 10, .ofs_x = 0, .ofs_y = -3},
    {.bitmap_index = 2152, .adv_w = 118, .box_w = 7, .box_h = 9, .ofs_x = 0, .ofs_y = 0},
    {.bitmap_index = 2184, .adv_w = 50, .box_w = 3, .box_h = 9, .ofs_x = 0, .ofs_y = 0},
    {.bitmap_index = 2198, .adv_w = 50, .box_w = 4, .box_h = 12, .ofs_x = -1, .ofs_y = -3},
    {.bitmap_index = 2222, .adv_w = 109, .box_w = 7, .box_h = 9, .ofs_x = 0, .ofs_y = 0},
    {.bitmap_index = 2254, .adv_w = 50, .box_w = 3, .box_h = 9, .ofs_x = 0, .ofs_y = 0},
    {.bitmap_index = 2268, .adv_w = 173, .box_w = 10, .box_h = 7, .ofs_x = 0, .ofs_y = 0},
    {.bitmap_index = 2303, .adv_w = 117, .box_w = 7, .box_h = 7, .ofs_x = 0, .ofs_y = 0},
    {.bitmap_index = 2328, .adv_w = 117, .box_w = 7, .box_h = 7, .ofs_x = 0, .ofs_y = 0},
    {.bitmap_index = 2353, .adv_w = 120, .box_w = 7, .box_h = 10, .ofs_x = 0, .ofs_y = -3},
    {.bitmap_index = 2388, .adv_w = 120, .box_w = 7, .box_h = 10, .ofs_x = 0, .ofs_y = -3},
    {.bitmap_index = 2423, .adv_w = 76, .box_w = 5, .box_h = 8, .ofs_x = 0, .ofs_y = 0},
    {.bitmap_index = 2443, .adv_w = 105, .box_w = 7, .box_h = 7, .ofs_x = 0, .ofs_y = 0},
    {.bitmap_index = 2468, .adv_w = 68, .box_w = 5, .box_h = 9, .ofs_x = 0, .ofs_y = 0},
    {.bitmap_index = 2491, .adv_w = 118, .box_w = 7, .box_h = 7, .ofs_x = 0, .ofs_y = 0},
    {.bitmap_index = 2516, .adv_w = 113, .box_w = 7, .box_h = 7, .ofs_x = 0, .ofs_y = 0},
    {.bitmap_index = 2541, .adv_w = 161, .box_w = 10, .box_h = 7, .ofs_x = 0, .ofs_y = 0},
    {.bitmap_index = 2576, .adv_w = 109, .box_w = 7, .box_h = 7, .ofs_x = 0, .ofs_y = 0},
    {.bitmap_index = 2601, .adv_w = 113, .box_w = 7, .box_h = 10, .ofs_x = 0, .ofs_y = -3},
    {.bitmap_index = 2636, .adv_w = 109, .box_w = 7, .box_h = 7, .ofs_x = 0, .ofs_y = 0},
    {.bitmap_index = 2661, .adv_w = 87, .box_w = 5, .box_h = 12, .ofs_x = 0, .ofs_y = -3},
    {.bitmap_index = 2691, .adv_w = 69, .box_w = 2, .box_h = 15, .ofs_x = 1, .ofs_y = -3},
    {.bitmap_index = 2706, .adv_w = 87, .box_w = 5, .box_h = 12, .ofs_x = 0, .ofs_y = -3},
    {.bitmap_index = 2736, .adv_w = 129, .box_w = 8, .box_h = 4, .ofs_x = 0, .ofs_y = 2},
    {.bitmap_index = 2752, .adv_w = 48, .box_w = 0, .box_h = 0, .ofs_x = 0, .ofs_y = 0},
    {.bitmap_index = 2752, .adv_w = 62, .box_w = 3, .box_h = 10, .ofs_x = 0, .ofs_y = -3},
    {.bitmap_index = 2767, .adv_w = 112, .box_w = 7, .box_h = 9, .ofs_x = 0, .ofs_y = 0},
    {.bitmap_index = 2799, .adv_w = 121, .box_w = 7, .box_h = 9, .ofs_x = 0, .ofs_y = 0},
    {.bitmap_index = 2831, .adv_w = 144, .box_w = 9, .box_h = 9, .ofs_x = 0, .ofs_y = 0},
    {.bitmap_index = 2872, .adv_w = 108, .box_w = 7, .box_h = 9, .ofs_x = 0, .ofs_y = 0},
    {.bitmap_index = 2904, .adv_w = 61, .box_w = 2, .box_h = 11, .ofs_x = 1, .ofs_y = -2},
    {.bitmap_index = 2915, .adv_w = 109, .box_w = 7, .box_h = 12, .ofs_x = 0, .ofs_y = -3},
    {.bitmap_index = 2957, .adv_w = 117, .box_w = 5, .box_h = 2, .ofs_x = 1, .ofs_y = 8},
    {.bitmap_index = 2962, .adv_w = 176, .box_w = 10, .box_h = 11, .ofs_x = 0, .ofs_y = -1},
    {.bitmap_index = 3017, .adv_w = 88, .box_w = 5, .box_h = 5, .ofs_x = 0, .ofs_y = 4},
    {.bitmap_index = 3030, .adv_w = 122, .box_w = 8, .box_h = 6, .ofs_x = 0, .ofs_y = 1},
    {.bitmap_index = 3054, .adv_w = 129, .box_w = 6, .box_h = 4, .ofs_x = 1, .ofs_y = 2},
    {.bitmap_index = 3066, .adv_w = 127, .box_w = 8, .box_h = 7, .ofs_x = 0, .ofs_y = 2},
    {.bitmap_index = 3094, .adv_w = 87, .box_w = 4, .box_h = 2, .ofs_x = 1, .ofs_y = 7},
    {.bitmap_index = 3098, .adv_w = 88, .box_w = 5, .box_h = 5, .ofs_x = 0, .ofs_y = 4},
    {.bitmap_index = 3111, .adv_w = 129, .box_w = 6, .box_h = 7, .ofs_x = 1, .ofs_y = 0},
    {.bitmap_index = 3132, .adv_w = 87, .box_w = 5, .box_h = 5, .ofs_x = 0, .ofs_y = 5},
    {.bitmap_index = 3145, .adv_w = 89, .box_w = 6, .box_h = 5, .ofs_x = 0, .ofs_y = 5},
    {.bitmap_index = 3160, .adv_w = 67, .box_w = 4, .box_h = 2, .ofs_x = 0, .ofs_y = 8},
    {.bitmap_index = 3164, .adv_w = 118, .box_w = 8, .box_h = 10, .ofs_x = 0, .ofs_y = -3},
    {.bitmap_index = 3204, .adv_w = 115, .box_w = 7, .box_h = 9, .ofs_x = 0, .ofs_y = 0},
    {.bitmap_index = 3236, .adv_w = 61, .box_w = 3, .box_h = 2, .ofs_x = 0, .ofs_y = 3},
    {.bitmap_index = 3239, .adv_w = 64, .box_w = 3, .box_h = 4, .ofs_x = 1, .ofs_y = -3},
    {.bitmap_index = 3245, .adv_w = 62, .box_w = 4, .box_h = 5, .ofs_x = 0, .ofs_y = 5},
    {.bitmap_index = 3255, .adv_w = 94, .box_w = 6, .box_h = 5, .ofs_x = 0, .ofs_y = 4},
    {.bitmap_index = 3270, .adv_w = 122, .box_w = 8, .box_h = 6, .ofs_x = 0, .ofs_y = 1},
    {.bitmap_index = 3294, .adv_w = 160, .box_w = 10, .box_h = 10, .ofs_x = 0, .ofs_y = 0},
    {.bitmap_index = 3344, .adv_w = 167, .box_w = 10, .box_h = 9, .ofs_x = 0, .ofs_y = 0},
    {.bitmap_index = 3389, .adv_w = 174, .box_w = 11, .box_h = 10, .ofs_x = 0, .ofs_y = 0},
    {.bitmap_index = 3444, .adv_w = 104, .box_w = 7, .box_h = 10, .ofs_x = 0, .ofs_y = -3},
    {.bitmap_index = 3479, .adv_w = 140, .box_w = 9, .box_h = 12, .ofs_x = 0, .ofs_y = 0},
    {.bitmap_index = 3533, .adv_w = 140, .box_w = 9, .box_h = 12, .ofs_x = 0, .ofs_y = 0},
    {.bitmap_index = 3587, .adv_w = 140, .box_w = 9, .box_h = 12, .ofs_x = 0, .ofs_y = 0},
    {.bitmap_index = 3641, .adv_w = 140, .box_w = 9, .box_h = 12, .ofs_x = 0, .ofs_y = 0},
    {.bitmap_index = 3695, .adv_w = 140, .box_w = 9, .box_h = 12, .ofs_x = 0, .ofs_y = 0},
    {.bitmap_index = 3749, .adv_w = 140, .box_w = 9, .box_h = 13, .ofs_x = 0, .ofs_y = 0},
    {.bitmap_index = 3808, .adv_w = 195, .box_w = 12, .box_h = 9, .ofs_x = 0, .ofs_y = 0},
    {.bitmap_index = 3862, .adv_w = 141, .box_w = 9, .box_h = 12, .ofs_x = 0, .ofs_y = -3},
    {.bitmap_index = 3916, .adv_w = 116, .box_w = 7, .box_h = 12, .ofs_x = 0, .ofs_y = 0},
    {.bitmap_index = 3958, .adv_w = 116, .box_w = 7, .box_h = 12, .ofs_x = 0, .ofs_y = 0},
    {.bitmap_index = 4000, .adv_w = 116, .box_w = 7, .box_h = 12, .ofs_x = 0, .ofs_y = 0},
    {.bitmap_index = 4042, .adv_w = 116, .box_w = 7, .box_h = 12, .ofs_x = 0, .ofs_y = 0},
    {.bitmap_index = 4084, .adv_w = 53, .box_w = 4, .box_h = 12, .ofs_x = -1, .ofs_y = 0},
    {.bitmap_index = 4108, .adv_w = 53, .box_w = 4, .box_h = 12, .ofs_x = 0, .ofs_y = 0},
    {.bitmap_index = 4132, .adv_w = 53, .box_w = 5, .box_h = 12, .ofs_x = -1, .ofs_y = 0},
    {.bitmap_index = 4162, .adv_w = 53, .box_w = 5, .box_h = 12, .ofs_x = -1, .ofs_y = 0},
    {.bitmap_index = 4192, .adv_w = 144, .box_w = 9, .box_h = 9, .ofs_x = 0, .ofs_y = 0},
    {.bitmap_index = 4233, .adv_w = 146, .box_w = 9, .box_h = 12, .ofs_x = 0, .ofs_y = 0},
    {.bitmap_index = 4287, .adv_w = 148, .box_w = 9, .box_h = 12, .ofs_x = 0, .ofs_y = 0},
    {.bitmap_index = 4341, .adv_w = 148, .box_w = 9, .box_h = 12, .ofs_x = 0, .ofs_y = 0},
    {.bitmap_index = 4395, .adv_w = 148, .box_w = 9, .box_h = 12, .ofs_x = 0, .ofs_y = 0},
    {.bitmap_index = 4449, .adv_w = 148, .box_w = 9, .box_h = 12, .ofs_x = 0, .ofs_y = 0},
    {.bitmap_index = 4503, .adv_w = 148, .box_w = 9, .box_h = 12, .ofs_x = 0, .ofs_y = 0},
    {.bitmap_index = 4557, .adv_w = 129, .box_w = 7, .box_h = 7, .ofs_x = 1, .ofs_y = 0},
    {.bitmap_index = 4582, .adv_w = 148, .box_w = 9, .box_h = 11, .ofs_x = 0, .ofs_y = -1},
    {.bitmap_index = 4632, .adv_w = 141, .box_w = 8, .box_h = 12, .ofs_x = 0, .ofs_y = 0},
    {.bitmap_index = 4680, .adv_w = 141, .box_w = 8, .box_h = 12, .ofs_x = 0, .ofs_y = 0},
    {.bitmap_index = 4728, .adv_w = 141, .box_w = 8, .box_h = 12, .ofs_x = 0, .ofs_y = 0},
    {.bitmap_index = 4776, .adv_w = 141, .box_w = 8, .box_h = 12, .ofs_x = 0, .ofs_y = 0},
    {.bitmap_index = 4824, .adv_w = 137, .box_w = 9, .box_h = 12, .ofs_x = 0, .ofs_y = 0},
    {.bitmap_index = 4878, .adv_w = 126, .box_w = 7, .box_h = 9, .ofs_x = 0, .ofs_y = 0},
    {.bitmap_index = 4910, .adv_w = 124, .box_w = 8, .box_h = 9, .ofs_x = 0, .ofs_y = 0},
    {.bitmap_index = 4946, .adv_w = 110, .box_w = 7, .box_h = 10, .ofs_x = 0, .ofs_y = 0},
    {.bitmap_index = 4981, .adv_w = 110, .box_w = 7, .box_h = 10, .ofs_x = 0, .ofs_y = 0},
    {.bitmap_index = 5016, .adv_w = 110, .box_w = 7, .box_h = 10, .ofs_x = 0, .ofs_y = 0},
    {.bitmap_index = 5051, .adv_w = 110, .box_w = 7, .box_h = 9, .ofs_x = 0, .ofs_y = 0},
    {.bitmap_index = 5083, .adv_w = 110, .box_w = 7, .box_h = 9, .ofs_x = 0, .ofs_y = 0},
    {.bitmap_index = 5115, .adv_w = 110, .box_w = 7, .box_h = 11, .ofs_x = 0, .ofs_y = 0},
    {.bitmap_index = 5154, .adv_w = 175, .box_w = 11, .box_h = 7, .ofs_x = 0, .ofs_y = 0},
    {.bitmap_index = 5193, .adv_w = 112, .box_w = 7, .box_h = 10, .ofs_x = 0, .ofs_y = -3},
    {.bitmap_index = 5228, .adv_w = 114, .box_w = 7, .box_h = 10, .ofs_x = 0, .ofs_y = 0},
    {.bitmap_index = 5263, .adv_w = 114, .box_w = 7, .box_h = 10, .ofs_x = 0, .ofs_y = 0},
    {.bitmap_index = 5298, .adv_w = 114, .box_w = 7, .box_h = 10, .ofs_x = 0, .ofs_y = 0},
    {.bitmap_index = 5333, .adv_w = 114, .box_w = 7, .box_h = 9, .ofs_x = 0, .ofs_y = 0},
    {.bitmap_index = 5365, .adv_w = 50, .box_w = 4, .box_h = 10, .ofs_x = -1, .ofs_y = 0},
    {.bitmap_index = 5385, .adv_w = 50, .box_w = 4, .box_h = 10, .ofs_x = 0, .ofs_y = 0},
    {.bitmap_index = 5405, .adv_w = 50, .box_w = 5, .box_h = 10, .ofs_x = -1, .ofs_y = 0},
    {.bitmap_index = 5430, .adv_w = 50, .box_w = 5, .box_h = 9, .ofs_x = -1, .ofs_y = 0},
    {.bitmap_index = 5453, .adv_w = 114, .box_w = 7, .box_h = 11, .ofs_x = 0, .ofs_y = 0},
    {.bitmap_index = 5492, .adv_w = 117, .box_w = 7, .box_h = 9, .ofs_x = 0, .ofs_y = 0},
    {.bitmap_index = 5524, .adv_w = 117, .box_w = 7, .box_h = 10, .ofs_x = 0, .ofs_y = 0},
    {.bitmap_index = 5559, .adv_w = 117, .box_w = 7, .box_h = 10, .ofs_x = 0, .ofs_y = 0},
    {.bitmap_index = 5594, .adv_w = 117, .box_w = 7, .box_h = 10, .ofs_x = 0, .ofs_y = 0},
    {.bitmap_index = 5629, .adv_w = 117, .box_w = 7, .box_h = 9, .ofs_x = 0, .ofs_y = 0},
    {.bitmap_index = 5661, .adv_w = 117, .box_w = 7, .box_h = 9, .ofs_x = 0, .ofs_y = 0},
    {.bitmap_index = 5693, .adv_w = 129, .box_w = 6, .box_h = 7, .ofs_x = 1, .ofs_y = 0},
    {.bitmap_index = 5714, .adv_w = 117, .box_w = 7, .box_h = 9, .ofs_x = 0, .ofs_y = -1},
    {.bitmap_index = 5746, .adv_w = 118, .box_w = 7, .box_h = 10, .ofs_x = 0, .ofs_y = 0},
    {.bitmap_index = 5781, .adv_w = 118, .box_w = 7, .box_h = 10, .ofs_x = 0, .ofs_y = 0},
    {.bitmap_index = 5816, .adv_w = 118, .box_w = 7, .box_h = 10, .ofs_x = 0, .ofs_y = 0},
    {.bitmap_index = 5851, .adv_w = 118, .box_w = 7, .box_h = 9, .ofs_x = 0, .ofs_y = 0},
    {.bitmap_index = 5883, .adv_w = 113, .box_w = 7, .box_h = 12, .ofs_x = 0, .ofs_y = -3},
    {.bitmap_index = 5925, .adv_w = 120, .box_w = 7, .box_h = 12, .ofs_x = 0, .ofs_y = -3},
    {.bitmap_index = 5967, .adv_w = 113, .box_w = 7, .box_h = 12, .ofs_x = 0, .ofs_y = -3},
    {.bitmap_index = 6009, .adv_w = 140, .box_w = 9, .box_h = 12, .ofs_x = 0, .ofs_y = 0},
    {.bitmap_index = 6063, .adv_w = 110, .box_w = 7, .box_h = 9, .ofs_x = 0, .ofs_y = 0},
    {.bitmap_index = 6095, .adv_w = 140, .box_w = 9, .box_h = 12, .ofs_x = 0, .ofs_y = 0},
    {.bitmap_index = 6149, .adv_w = 110, .box_w = 7, .box_h = 10, .ofs_x = 0, .ofs_y = 0},
    {.bitmap_index = 6184, .adv_w = 140, .box_w = 9, .box_h = 12, .ofs_x = 0, .ofs_y = -3},
    {.bitmap_index = 6238, .adv_w = 110, .box_w = 7, .box_h = 10, .ofs_x = 0, .ofs_y = -3},
    {.bitmap_index = 6273, .adv_w = 141, .box_w = 9, .box_h = 12, .ofs_x = 0, .ofs_y = 0},
    {.bitmap_index = 6327, .adv_w = 112, .box_w = 7, .box_h = 10, .ofs_x = 0, .ofs_y = 0},
    {.bitmap_index = 6362, .adv_w = 141, .box_w = 9, .box_h = 12, .ofs_x = 0, .ofs_y = 0},
    {.bitmap_index = 6416, .adv_w = 112, .box_w = 7, .box_h = 10, .ofs_x = 0, .ofs_y = 0},
    {.bitmap_index = 6451, .adv_w = 141, .box_w = 9, .box_h = 12, .ofs_x = 0, .ofs_y = 0},
    {.bitmap_index = 6505, .adv_w = 112, .box_w = 7, .box_h = 9, .ofs_x = 0, .ofs_y = 0},
    {.bitmap_index = 6537, .adv_w = 141, .box_w = 9, .box_h = 12, .ofs_x = 0, .ofs_y = 0},
    {.bitmap_index = 6591, .adv_w = 112, .box_w = 7, .box_h = 10, .ofs_x = 0, .ofs_y = 0},
    {.bitmap_index = 6626, .adv_w = 139, .box_w = 9, .box_h = 12, .ofs_x = 0, .ofs_y = 0},
    {.bitmap_index = 6680, .adv_w = 142, .box_w = 9, .box_h = 10, .ofs_x = 0, .ofs_y = 0},
    {.bitmap_index = 6725, .adv_w = 144, .box_w = 9, .box_h = 9, .ofs_x = 0, .ofs_y = 0},
    {.bitmap_index = 6766, .adv_w = 120, .box_w = 8, .box_h = 9, .ofs_x = 0, .ofs_y = 0},
    {.bitmap_index = 6802, .adv_w = 116, .box_w = 7, .box_h = 12, .ofs_x = 0, .ofs_y = 0},
    {.bitmap_index = 6844, .adv_w = 114, .box_w = 7, .box_h = 9, .ofs_x = 0, .ofs_y = 0},
    {.bitmap_index = 6876, .adv_w = 116, .box_w = 7, .box_h = 12, .ofs_x = 0, .ofs_y = 0},
    {.bitmap_index = 6918, .adv_w = 114, .box_w = 7, .box_h = 10, .ofs_x = 0, .ofs_y = 0},
    {.bitmap_index = 6953, .adv_w = 116, .box_w = 7, .box_h = 12, .ofs_x = 0, .ofs_y = 0},
    {.bitmap_index = 6995, .adv_w = 114, .box_w = 7, .box_h = 9, .ofs_x = 0, .ofs_y = 0},
    {.bitmap_index = 7027, .adv_w = 116, .box_w = 7, .box_h = 12, .ofs_x = 0, .ofs_y = -3},
    {.bitmap_index = 7069, .adv_w = 114, .box_w = 7, .box_h = 10, .ofs_x = 0, .ofs_y = -3},
    {.bitmap_index = 7104, .adv_w = 116, .box_w = 7, .box_h = 12, .ofs_x = 0, .ofs_y = 0},
    {.bitmap_index = 7146, .adv_w = 114, .box_w = 7, .box_h = 10, .ofs_x = 0, .ofs_y = 0},
    {.bitmap_index = 7181, .adv_w = 144, .box_w = 9, .box_h = 12, .ofs_x = 0, .ofs_y = 0},
    {.bitmap_index = 7235, .adv_w = 120, .box_w = 7, .box_h = 13, .ofs_x = 0, .ofs_y = -3},
    {.bitmap_index = 7281, .adv_w = 144, .box_w = 9, .box_h = 12, .ofs_x = 0, .ofs_y = 0},
    {.bitmap_index = 7335, .adv_w = 120, .box_w = 7, .box_h = 13, .ofs_x = 0, .ofs_y = -3},
    {.bitmap_index = 7381, .adv_w = 144, .box_w = 9, .box_h = 12, .ofs_x = 0, .ofs_y = 0},
    {.bitmap_index = 7435, .adv_w = 120, .box_w = 7, .box_h = 12, .ofs_x = 0, .ofs_y = -3},
    {.bitmap_index = 7477, .adv_w = 144, .box_w = 9, .box_h = 12, .ofs_x = 0, .ofs_y = -3},
    {.bitmap_index = 7531, .adv_w = 120, .box_w = 7, .box_h = 14, .ofs_x = 0, .ofs_y = -3},
    {.bitmap_index = 7580, .adv_w = 143, .box_w = 9, .box_h = 12, .ofs_x = 0, .ofs_y = 0},
    {.bitmap_index = 7634, .adv_w = 118, .box_w = 8, .box_h = 12, .ofs_x = -1, .ofs_y = 0},
    {.bitmap_index = 7682, .adv_w = 153, .box_w = 10, .box_h = 9, .ofs_x = 0, .ofs_y = 0},
    {.bitmap_index = 7727, .adv_w = 118, .box_w = 8, .box_h = 9, .ofs_x = -1, .ofs_y = 0},
    {.bitmap_index = 7763, .adv_w = 53, .box_w = 5, .box_h = 12, .ofs_x = -1, .ofs_y = 0},
    {.bitmap_index = 7793, .adv_w = 50, .box_w = 5, .box_h = 9, .ofs_x = -1, .ofs_y = 0},
    {.bitmap_index = 7816, .adv_w = 53, .box_w = 5, .box_h = 12, .ofs_x = -1, .ofs_y = 0},
    {.bitmap_index = 7846, .adv_w = 50, .box_w = 5, .box_h = 9, .ofs_x = -1, .ofs_y = 0},
    {.bitmap_index = 7869, .adv_w = 53, .box_w = 5, .box_h = 12, .ofs_x = -1, .ofs_y = 0},
    {.bitmap_index = 7899, .adv_w = 50, .box_w = 5, .box_h = 10, .ofs_x = -1, .ofs_y = 0},
    {.bitmap_index = 7924, .adv_w = 53, .box_w = 3, .box_h = 12, .ofs_x = 0, .ofs_y = -3},
    {.bitmap_index = 7942, .adv_w = 50, .box_w = 4, .box_h = 12, .ofs_x = -1, .ofs_y = -3},
    {.bitmap_index = 7966, .adv_w = 53, .box_w = 3, .box_h = 12, .ofs_x = 0, .ofs_y = 0},
    {.bitmap_index = 7984, .adv_w = 50, .box_w = 3, .box_h = 7, .ofs_x = 0, .ofs_y = 0},
    {.bitmap_index = 7995, .adv_w = 164, .box_w = 10, .box_h = 9, .ofs_x = 0, .ofs_y = 0},
    {.bitmap_index = 8040, .adv_w = 100, .box_w = 6, .box_h = 12, .ofs_x = 0, .ofs_y = -3},
    {.bitmap_index = 8076, .adv_w = 111, .box_w = 8, .box_h = 12, .ofs_x = 0, .ofs_y = 0},
    {.bitmap_index = 8124, .adv_w = 50, .box_w = 5, .box_h = 13, .ofs_x = -1, .ofs_y = -3},
    {.bitmap_index = 8157, .adv_w = 135, .box_w = 9, .box_h = 12, .ofs_x = 0, .ofs_y = -3},
    {.bitmap_index = 8211, .adv_w = 109, .box_w = 7, .box_h = 12, .ofs_x = 0, .ofs_y = -3},
    {.bitmap_index = 8253, .adv_w = 109, .box_w = 7, .box_h = 7, .ofs_x = 0, .ofs_y = 0},
    {.bitmap_index = 8278, .adv_w = 109, .box_w = 7, .box_h = 12, .ofs_x = 0, .ofs_y = 0},
    {.bitmap_index = 8320, .adv_w = 50, .box_w = 4, .box_h = 12, .ofs_x = 0, .ofs_y = 0},
    {.bitmap_index = 8344, .adv_w = 109, .box_w = 7, .box_h = 12, .ofs_x = 0, .ofs_y = -3},
    {.bitmap_index = 8386, .adv_w = 50, .box_w = 3, .box_h = 12, .ofs_x = 0, .ofs_y = -3},
    {.bitmap_index = 8404, .adv_w = 109, .box_w = 7, .box_h = 10, .ofs_x = 0, .ofs_y = 0},
    {.bitmap_index = 8439, .adv_w = 72, .box_w = 5, .box_h = 10, .ofs_x = 0, .ofs_y = 0},
    {.bitmap_index = 8464, .adv_w = 110, .box_w = 7, .box_h = 9, .ofs_x = 0, .ofs_y = 0},
    {.bitmap_index = 8496, .adv_w = 80, .box_w = 5, .box_h = 9, .ofs_x = 0, .ofs_y = 0},
    {.bitmap_index = 8519, .adv_w = 116, .box_w = 7, .box_h = 9, .ofs_x = 0, .ofs_y = 0},
    {.bitmap_index = 8551, .adv_w = 50, .box_w = 5, .box_h = 9, .ofs_x = -1, .ofs_y = 0},
    {.bitmap_index = 8574, .adv_w = 146, .box_w = 9, .box_h = 12, .ofs_x = 0, .ofs_y = 0},
    {.bitmap_index = 8628, .adv_w = 117, .box_w = 7, .box_h = 10, .ofs_x = 0, .ofs_y = 0},
    {.bitmap_index = 8663, .adv_w = 146, .box_w = 9, .box_h = 12, .ofs_x = 0, .ofs_y = -3},
    {.bitmap_index = 8717, .adv_w = 117, .box_w = 7, .box_h = 10, .ofs_x = 0, .ofs_y = -3},
    {.bitmap_index = 8752, .adv_w = 146, .box_w = 9, .box_h = 12, .ofs_x = 0, .ofs_y = 0},
    {.bitmap_index = 8806, .adv_w = 117, .box_w = 7, .box_h = 10, .ofs_x = 0, .ofs_y = 0},
    {.bitmap_index = 8841, .adv_w = 146, .box_w = 9, .box_h = 12, .ofs_x = 0, .ofs_y = -3},
    {.bitmap_index = 8895, .adv_w = 117, .box_w = 7, .box_h = 10, .ofs_x = 0, .ofs_y = -3},
    {.bitmap_index = 8930, .adv_w = 148, .box_w = 9, .box_h = 12, .ofs_x = 0, .ofs_y = 0},
    {.bitmap_index = 8984, .adv_w = 117, .box_w = 7, .box_h = 9, .ofs_x = 0, .ofs_y = 0},
    {.bitmap_index = 9016, .adv_w = 148, .box_w = 9, .box_h = 12, .ofs_x = 0, .ofs_y = 0},
    {.bitmap_index = 9070, .adv_w = 117, .box_w = 7, .box_h = 10, .ofs_x = 0, .ofs_y = 0},
    {.bitmap_index = 9105, .adv_w = 148, .box_w = 9, .box_h = 12, .ofs_x = 0, .ofs_y = 0},
    {.bitmap_index = 9159, .adv_w = 117, .box_w = 7, .box_h = 10, .ofs_x = 0, .ofs_y = 0},
    {.bitmap_index = 9194, .adv_w = 195, .box_w = 12, .box_h = 9, .ofs_x = 0, .ofs_y = 0},
    {.bitmap_index = 9248, .adv_w = 190, .box_w = 12, .box_h = 7, .ofs_x = 0, .ofs_y = 0},
    {.bitmap_index = 9290, .adv_w = 125, .box_w = 8, .box_h = 12, .ofs_x = 0, .ofs_y = 0},
    {.bitmap_index = 9338, .adv_w = 76, .box_w = 5, .box_h = 10, .ofs_x = 0, .ofs_y = 0},
    {.bitmap_index = 9363, .adv_w = 125, .box_w = 8, .box_h = 12, .ofs_x = 0, .ofs_y = -3},
    {.bitmap_index = 9411, .adv_w = 76, .box_w = 5, .box_h = 11, .ofs_x = 0, .ofs_y = -3},
    {.bitmap_index = 9439, .adv_w = 125, .box_w = 8, .box_h = 12, .ofs_x = 0, .ofs_y = 0},
    {.bitmap_index = 9487, .adv_w = 76, .box_w = 5, .box_h = 10, .ofs_x = 0, .ofs_y = 0},
    {.bitmap_index = 9512, .adv_w = 125, .box_w = 8, .box_h = 12, .ofs_x = 0, .ofs_y = 0},
    {.bitmap_index = 9560, .adv_w = 105, .box_w = 7, .box_h = 10, .ofs_x = 0, .ofs_y = 0},
    {.bitmap_index = 9595, .adv_w = 125, .box_w = 8, .box_h = 12, .ofs_x = 0, .ofs_y = 0},
    {.bitmap_index = 9643, .adv_w = 105, .box_w = 7, .box_h = 10, .ofs_x = 0, .ofs_y = 0},
    {.bitmap_index = 9678, .adv_w = 125, .box_w = 8, .box_h = 12, .ofs_x = 0, .ofs_y = -3},
    {.bitmap_index = 9726, .adv_w = 105, .box_w = 7, .box_h = 10, .ofs_x = 0, .ofs_y = -3},
    {.bitmap_index = 9761, .adv_w = 125, .box_w = 8, .box_h = 12, .ofs_x = 0, .ofs_y = 0},
    {.bitmap_index = 9809, .adv_w = 105, .box_w = 7, .box_h = 10, .ofs_x = 0, .ofs_y = 0},
    {.bitmap_index = 9844, .adv_w = 127, .box_w = 8, .box_h = 12, .ofs_x = 0, .ofs_y = -3},
    {.bitmap_index = 9892, .adv_w = 68, .box_w = 5, .box_h = 11, .ofs_x = 0, .ofs_y = -3},
    {.bitmap_index = 9920, .adv_w = 127, .box_w = 8, .box_h = 12, .ofs_x = 0, .ofs_y = 0},
    {.bitmap_index = 9968, .adv_w = 81, .box_w = 5, .box_h = 11, .ofs_x = 0, .ofs_y = 0},
    {.bitmap_index = 9996, .adv_w = 127, .box_w = 8, .box_h = 9, .ofs_x = 0, .ofs_y = 0},
    {.bitmap_index = 10032, .adv_w = 68, .box_w = 5, .box_h = 9, .ofs_x = 0, .ofs_y = 0},
    {.bitmap_index = 10055, .adv_w = 141, .box_w = 8, .box_h = 12, .ofs_x = 0, .ofs_y = 0},
    {.bitmap_index = 10103, .adv_w = 118, .box_w = 7, .box_h = 9, .ofs_x = 0, .ofs_y = 0},
    {.bitmap_index = 10135, .adv_w = 141, .box_w = 8, .box_h = 12, .ofs_x = 0, .ofs_y = 0},
    {.bitmap_index = 10183, .adv_w = 118, .box_w = 7, .box_h = 9, .ofs_x = 0, .ofs_y = 0},
    {.bitmap_index = 10215, .adv_w = 141, .box_w = 8, .box_h = 12, .ofs_x = 0, .ofs_y = 0},
    {.bitmap_index = 10263, .adv_w = 118, .box_w = 7, .box_h = 10, .ofs_x = 0, .ofs_y = 0},
    {.bitmap_index = 10298, .adv_w = 141, .box_w = 8, .box_h = 13, .ofs_x = 0, .ofs_y = 0},
    {.bitmap_index = 10350, .adv_w = 118, .box_w = 7, .box_h = 11, .ofs_x = 0, .ofs_y = 0},
    {.bitmap_index = 10389, .adv_w = 141, .box_w = 8, .box_h = 12, .ofs_x = 0, .ofs_y = 0},
    {.bitmap_index = 10437, .adv_w = 118, .box_w = 7, .box_h = 10, .ofs_x = 0, .ofs_y = 0},
    {.bitmap_index = 10472, .adv_w = 141, .box_w = 8, .box_h = 12, .ofs_x = 0, .ofs_y = -3},
    {.bitmap_index = 10520, .adv_w = 118, .box_w = 7, .box_h = 10, .ofs_x = 0, .ofs_y = -3},
    {.bitmap_index = 10555, .adv_w = 196, .box_w = 12, .box_h = 12, .ofs_x = 0, .ofs_y = 0},
    {.bitmap_index = 10627, .adv_w = 161, .box_w = 10, .box_h = 10, .ofs_x = 0, .ofs_y = 0},
    {.bitmap_index = 10677, .adv_w = 137, .box_w = 9, .box_h = 12, .ofs_x = 0, .ofs_y = 0},
    {.bitmap_index = 10731, .adv_w = 113, .box_w = 7, .box_h = 13, .ofs_x = 0, .ofs_y = -3},
    {.bitmap_index = 10777, .adv_w = 137, .box_w = 9, .box_h = 12, .ofs_x = 0, .ofs_y = 0},
    {.bitmap_index = 10831, .adv_w = 125, .box_w = 8, .box_h = 12, .ofs_x = 0, .ofs_y = 0},
    {.bitmap_index = 10879, .adv_w = 109, .box_w = 7, .box_h = 10, .ofs_x = 0, .ofs_y = 0},
    {.bitmap_index = 10914, .adv_w = 125, .box_w = 8, .box_h = 12, .ofs_x = 0, .ofs_y = 0},
    {.bitmap_index = 10962, .adv_w = 109, .box_w = 7, .box_h = 9, .ofs_x = 0, .ofs_y = 0},
    {.bitmap_index = 10994, .adv_w = 125, .box_w = 8, .box_h = 12, .ofs_x = 0, .ofs_y = 0},
    {.bitmap_index = 11042, .adv_w = 109, .box_w = 7, .box_h = 10, .ofs_x = 0, .ofs_y = 0},
    {.bitmap_index = 11077, .adv_w = 64, .box_w = 5, .box_h = 9, .ofs_x = 0, .ofs_y = 0},
    {.bitmap_index = 11100, .adv_w = 108, .box_w = 0, .box_h = 0, .ofs_x = 0, .ofs_y = 0},
    {.bitmap_index = 11100, .adv_w = 214, .box_w = 0, .box_h = 0, .ofs_x = 0, .ofs_y = 0},
    {.bitmap_index = 11100, .adv_w = 96, .box_w = 0, .box_h = 0, .ofs_x = 0, .ofs_y = 0},
    {.bitmap_index = 11100, .adv_w = 192, .box_w = 0, .box_h = 0, .ofs_x = 0, .ofs_y = 0},
    {.bitmap_index = 11100, .adv_w = 64, .box_w = 0, .box_h = 0, .ofs_x = 0, .ofs_y = 0},
    {.bitmap_index = 11100, .adv_w = 48, .box_w = 0, .box_h = 0, .ofs_x = 0, .ofs_y = 0},
    {.bitmap_index = 11100, .adv_w = 32, .box_w = 0, .box_h = 0, .ofs_x = 0, .ofs_y = 0},
    {.bitmap_index = 11100, .adv_w = 124, .box_w = 0, .box_h = 0, .ofs_x = 0, .ofs_y = 0},
    {.bitmap_index = 11100, .adv_w = 61, .box_w = 0, .box_h = 0, .ofs_x = 0, .ofs_y = 0},
    {.bitmap_index = 11100, .adv_w = 32, .box_w = 0, .box_h = 0, .ofs_x = 0, .ofs_y = 0},
    {.bitmap_index = 11100, .adv_w = 16, .box_w = 0, .box_h = 0, .ofs_x = 0, .ofs_y = 0},
    {.bitmap_index = 11100, .adv_w = 0, .box_w = 0, .box_h = 0, .ofs_x = 0, .ofs_y = 0},
    {.bitmap_index = 11100, .adv_w = 81, .box_w = 5, .box_h = 3, .ofs_x = 0, .ofs_y = 2},
    {.bitmap_index = 11108, .adv_w = 81, .box_w = 5, .box_h = 3, .ofs_x = 0, .ofs_y = 2},
    {.bitmap_index = 11116, .adv_w = 124, .box_w = 8, .box_h = 3, .ofs_x = 0, .ofs_y = 3},
    {.bitmap_index = 11128, .adv_w = 96, .box_w = 6, .box_h = 3, .ofs_x = 0, .ofs_y = 2},
    {.bitmap_index = 11137, .adv_w = 192, .box_w = 12, .box_h = 3, .ofs_x = 0, .ofs_y = 2},
    {.bitmap_index = 11155, .adv_w = 192, .box_w = 12, .box_h = 3, .ofs_x = 0, .ofs_y = 2},
    {.bitmap_index = 11173, .adv_w = 103, .box_w = 4, .box_h = 15, .ofs_x = 1, .ofs_y = -3},
    {.bitmap_index = 11203, .adv_w = 90, .box_w = 6, .box_h = 3, .ofs_x = 0, .ofs_y = -3},
    {.bitmap_index = 11212, .adv_w = 56, .box_w = 4, .box_h = 4, .ofs_x = 0, .ofs_y = 5},
    {.bitmap_index = 11220, .adv_w = 56, .box_w = 4, .box_h = 4, .ofs_x = 0, .ofs_y = 5},
    {.bitmap_index = 11228, .adv_w = 52, .box_w = 3, .box_h = 4, .ofs_x = 0, .ofs_y = -3},
    {.bitmap_index = 11234, .adv_w = 56, .box_w = 3, .box_h = 4, .ofs_x = 0, .ofs_y = 5},
    {.bitmap_index = 11240, .adv_w = 97, .box_w = 6, .box_h = 4, .ofs_x = 0, .ofs_y = 5},
    {.bitmap_index = 11252, .adv_w = 96, .box_w = 6, .box_h = 4, .ofs_x = 0, .ofs_y = 5},
    {.bitmap_index = 11264, .adv_w = 92, .box_w = 6, .box_h = 4, .ofs_x = 0, .ofs_y = -3},
    {.bitmap_index = 11276, .adv_w = 96, .box_w = 6, .box_h = 4, .ofs_x = 0, .ofs_y = 5},
    {.bitmap_index = 11288, .adv_w = 106, .box_w = 6, .box_h = 7, .ofs_x = 0, .ofs_y = 2},
    {.bitmap_index = 11309, .adv_w = 106, .box_w = 6, .box_h = 9, .ofs_x = 0, .ofs_y = 0},
    {.bitmap_index = 11336, .adv_w = 97, .box_w = 4, .box_h = 4, .ofs_x = 1, .ofs_y = 2},
    {.bitmap_index = 11344, .adv_w = 97, .box_w = 4, .box_h = 5, .ofs_x = 1, .ofs_y = 1},
    {.bitmap_index = 11354, .adv_w = 61, .box_w = 3, .box_h = 2, .ofs_x = 0, .ofs_y = 0},
    {.bitmap_index = 11357, .adv_w = 122, .box_w = 7, .box_h = 2, .ofs_x = 0, .ofs_y = 0},
    {.bitmap_index = 11364, .adv_w = 184, .box_w = 11, .box_h = 2, .ofs_x = 0, .ofs_y = 0},
    {.bitmap_index = 11375, .adv_w = 61, .box_w = 3, .box_h = 2, .ofs_x = 0, .ofs_y = 3},
    {.bitmap_index = 11378, .adv_w = 32, .box_w = 0, .box_h = 0, .ofs_x = 0, .ofs_y = 0},
    {.bitmap_index = 11378, .adv_w = 263, .box_w = 15, .box_h = 9, .ofs_x = 1, .ofs_y = 0},
    {.bitmap_index = 11446, .adv_w = 334, .box_w = 19, .box_h = 9, .ofs_x = 1, .ofs_y = 0},
    {.bitmap_index = 11532, .adv_w = 49, .box_w = 3, .box_h = 4, .ofs_x = 0, .ofs_y = 5},
    {.bitmap_index = 11538, .adv_w = 98, .box_w = 6, .box_h = 4, .ofs_x = 0, .ofs_y = 5},
    {.bitmap_index = 11550, .adv_w = 147, .box_w = 9, .box_h = 4, .ofs_x = 0, .ofs_y = 5},
    {.bitmap_index = 11568, .adv_w = 49, .box_w = 3, .box_h = 4, .ofs_x = 0, .ofs_y = 5},
    {.bitmap_index = 11574, .adv_w = 98, .box_w = 6, .box_h = 4, .ofs_x = 0, .ofs_y = 5},
    {.bitmap_index = 11586, .adv_w = 147, .box_w = 9, .box_h = 4, .ofs_x = 0, .ofs_y = 5},
    {.bitmap_index = 11604, .adv_w = 99, .box_w = 6, .box_h = 3, .ofs_x = 0, .ofs_y = -3},
    {.bitmap_index = 11613, .adv_w = 80, .box_w = 5, .box_h = 6, .ofs_x = 0, .ofs_y = 1},
    {.bitmap_index = 11628, .adv_w = 80, .box_w = 5, .box_h = 6, .ofs_x = 0, .ofs_y = 1},
    {.bitmap_index = 11643, .adv_w = 144, .box_w = 9, .box_h = 8, .ofs_x = 0, .ofs_y = 1},
    {.bitmap_index = 11679, .adv_w = 123, .box_w = 7, .box_h = 9, .ofs_x = 0, .ofs_y = 0},
    {.bitmap_index = 11711, .adv_w = 104, .box_w = 6, .box_h = 9, .ofs_x = 0, .ofs_y = 0},
    {.bitmap_index = 11738, .adv_w = 98, .box_w = 6, .box_h = 3, .ofs_x = 0, .ofs_y = 9},
    {.bitmap_index = 11747, .adv_w = 161, .box_w = 10, .box_h = 4, .ofs_x = 0, .ofs_y = -4},
    {.bitmap_index = 11767, .adv_w = 161, .box_w = 10, .box_h = 3, .ofs_x = 0, .ofs_y = 6},
    {.bitmap_index = 11782, .adv_w = 90, .box_w = 6, .box_h = 8, .ofs_x = 0, .ofs_y = -4},
    {.bitmap_index = 11806, .adv_w = 144, .box_w = 9, .box_h = 8, .ofs_x = 0, .ofs_y = 1},
    {.bitmap_index = 11842, .adv_w = 97, .box_w = 4, .box_h = 3, .ofs_x = 1, .ofs_y = 2},
    {.bitmap_index = 11848, .adv_w = 39, .box_w = 8, .box_h = 9, .ofs_x = -3, .ofs_y = 0},
    {.bitmap_index = 11884, .adv_w = 72, .box_w = 3, .box_h = 13, .ofs_x = 1, .ofs_y = -2},
    {.bitmap_index = 11904, .adv_w = 72, .box_w = 4, .box_h = 13, .ofs_x = 0, .ofs_y = -2},
    {.bitmap_index = 11930, .adv_w = 209, .box_w = 13, .box_h = 9, .ofs_x = 0, .ofs_y = 0},
    {.bitmap_index = 11989, .adv_w = 166, .box_w = 10, .box_h = 9, .ofs_x = 0, .ofs_y = 0},
    {.bitmap_index = 12034, .adv_w = 166, .box_w = 10, .box_h = 9, .ofs_x = 0, .ofs_y = 0},
    {.bitmap_index = 12079, .adv_w = 88, .box_w = 6, .box_h = 10, .ofs_x = 0, .ofs_y = -3},
    {.bitmap_index = 12109, .adv_w = 115, .box_w = 7, .box_h = 9, .ofs_x = 0, .ofs_y = 0},
    {.bitmap_index = 12141, .adv_w = 116, .box_w = 7, .box_h = 5, .ofs_x = 0, .ofs_y = 1},
    {.bitmap_index = 12159, .adv_w = 116, .box_w = 7, .box_h = 5, .ofs_x = 0, .ofs_y = 1},
    {.bitmap_index = 12177, .adv_w = 104, .box_w = 6, .box_h = 6, .ofs_x = 0, .ofs_y = -1},
    {.bitmap_index = 12195, .adv_w = 63, .box_w = 4, .box_h = 9, .ofs_x = 0, .ofs_y = -3},
    {.bitmap_index = 12213, .adv_w = 161, .box_w = 10, .box_h = 13, .ofs_x = 0, .ofs_y = -4},
    {.bitmap_index = 12278, .adv_w = 108, .box_w = 6, .box_h = 12, .ofs_x = 1, .ofs_y = -3},
    {.bitmap_index = 12314, .adv_w = 152, .box_w = 9, .box_h = 9, .ofs_x = 0, .ofs_y = 0},
    {.bitmap_index = 12355, .adv_w = 144, .box_w = 9, .box_h = 4, .ofs_x = 0, .ofs_y = 2},
    {.bitmap_index = 12373, .adv_w = 161, .box_w = 10, .box_h = 4, .ofs_x = 0, .ofs_y = -4},
    {.bitmap_index = 12393, .adv_w = 127, .box_w = 6, .box_h = 6, .ofs_x = 1, .ofs_y = 0},
    {.bitmap_index = 12411, .adv_w = 196, .box_w = 12, .box_h = 4, .ofs_x = 0, .ofs_y = 5},
    {.bitmap_index = 12435, .adv_w = 56, .box_w = 0, .box_h = 0, .ofs_x = 0, .ofs_y = 0}
};

/*---------------------
 *  CHARACTER MAPPING
 *--------------------*/

static const uint16_t unicode_list_7[] = {
    0x00, 0x08
};

/*Collect the unicode lists and glyph_id offsets*/
static const lv_font_fmt_txt_cmap_t cmaps[] =
{
    {
        .range_start = 32, .range_length = 95, .glyph_id_start = 1,
        .unicode_list = NULL, .glyph_id_ofs_list = NULL, .list_length = 0, .type = LV_FONT_FMT_TXT_CMAP_FORMAT0_TINY
    },
    {
        .range_start = 160, .range_length = 13, .glyph_id_start = 96,
        .unicode_list = NULL, .glyph_id_ofs_list = NULL, .list_length = 0, .type = LV_FONT_FMT_TXT_CMAP_FORMAT0_TINY
    },
    {
        .range_start = 174, .range_length = 155, .glyph_id_start = 109,
        .unicode_list = NULL, .glyph_id_ofs_list = NULL, .list_length = 0, .type = LV_FONT_FMT_TXT_CMAP_FORMAT0_TINY
    },
    {
        .range_start = 330, .range_length = 54, .glyph_id_start = 264,
        .unicode_list = NULL, .glyph_id_ofs_list = NULL, .list_length = 0, .type = LV_FONT_FMT_TXT_CMAP_FORMAT0_TINY
    },
    {
        .range_start = 8192, .range_length = 12, .glyph_id_start = 318,
        .unicode_list = NULL, .glyph_id_ofs_list = NULL, .list_length = 0, .type = LV_FONT_FMT_TXT_CMAP_FORMAT0_TINY
    },
    {
        .range_start = 8208, .range_length = 24, .glyph_id_start = 330,
        .unicode_list = NULL, .glyph_id_ofs_list = NULL, .list_length = 0, .type = LV_FONT_FMT_TXT_CMAP_FORMAT0_TINY
    },
    {
        .range_start = 8239, .range_length = 39, .glyph_id_start = 354,
        .unicode_list = NULL, .glyph_id_ofs_list = NULL, .list_length = 0, .type = LV_FONT_FMT_TXT_CMAP_FORMAT0_TINY
    },
    {
        .range_start = 8279, .range_length = 9, .glyph_id_start = 393,
        .unicode_list = unicode_list_7, .glyph_id_ofs_list = NULL, .list_length = 2, .type = LV_FONT_FMT_TXT_CMAP_SPARSE_TINY
    }
};

/*-----------------
 *    KERNING
 *----------------*/

/*Map glyph_ids to kern left classes*/
static const uint8_t kern_left_class_mapping[] =
{
    0, 0, 0, 1, 0, 0, 2, 3,
    1, 4, 5, 6, 7, 8, 7, 8,
    9, 10, 11, 12, 13, 14, 15, 16,
    17, 13, 10, 18, 18, 0, 19, 20,
    0, 21, 0, 0, 0, 0, 0, 0,
    0, 0, 0, 0, 0, 0, 0, 0,
    0, 0, 0, 0, 0, 0, 0, 0,
    0, 0, 0, 0, 4, 22, 5, 6,
    23, 0, 0, 0, 0, 0, 0, 0,
    0, 0, 0, 0, 0, 0, 0, 0,
    0, 0, 0, 0, 0, 0, 0, 0,
    0, 0, 0, 0, 4, 11, 5, 7,
    0, 24, 25, 0, 0, 0, 0, 0,
    0, 21, 0, 0, 0, 26, 0, 6,
    19, 0, 0, 0, 27, 11, 28, 0,
    0, 0, 29, 0, 0, 0, 30, 0,
    0, 0, 0, 0, 0, 0, 0, 0,
    0, 0, 0, 0, 0, 0, 0, 0,
    0, 0, 0, 0, 0, 0, 31, 0,
    0, 0, 0, 0, 0, 0, 0, 0,
    0, 0, 0, 0, 0, 0, 0, 0,
    0, 0, 0, 0, 0, 0, 0, 0,
    0, 0, 0, 0, 0, 0, 7, 0,
    0, 0, 0, 0, 0, 0, 0, 0,
    0, 0, 0, 0, 0, 0, 0, 0,
    0, 0, 0, 0, 0, 0, 0, 0,
    0, 0, 0, 0, 0, 0, 0, 0,
    0, 0, 0, 0, 0, 0, 0, 0,
    0, 0, 0, 0, 0, 0, 0, 0,
    0, 0, 0, 0, 0, 0, 0, 0,
    0, 0, 0, 0, 0, 0, 0, 0,
    0, 0, 0, 0, 0, 0, 0, 0,
    0, 0, 0, 0, 0, 0, 0, 0,
    0, 0, 0, 0, 0, 0, 0, 0,
    0, 0, 0, 0, 0, 0, 0, 0,
    0, 0, 0, 0, 0, 0, 0, 0,
    0, 0, 0, 0, 0, 0, 0, 0,
    0, 0, 0, 0, 0, 0, 0, 0,
    0, 0, 0, 0, 0, 0, 0, 0,
    0, 0, 0, 0, 0, 0, 0, 0,
    0, 0, 0, 0, 0, 0, 0, 0,
    0, 0, 0, 0, 0, 0, 0, 0,
    0, 0, 32, 33, 34, 0, 32, 33,
    34, 0, 35, 35, 31, 31, 0, 0,
    36, 0, 0, 0, 0, 0, 0, 33,
    0, 0, 0, 0, 0, 29, 0, 0,
    0, 0, 0, 0, 0, 0, 31, 0,
    0, 0, 0, 0, 0, 0, 37, 38,
    31, 0, 18, 0, 0, 0, 0, 0,
    0, 0, 0
};

/*Map glyph_ids to kern right classes*/
static const uint8_t kern_right_class_mapping[] =
{
    0, 1, 2, 3, 4, 5, 0, 6,
    3, 0, 7, 8, 9, 10, 9, 11,
    12, 13, 14, 15, 16, 17, 18, 13,
    19, 20, 21, 22, 22, 23, 24, 0,
    25, 26, 0, 0, 0, 0, 0, 0,
    0, 0, 0, 0, 0, 0, 0, 0,
    0, 0, 0, 0, 0, 0, 0, 0,
    0, 0, 0, 0, 0, 27, 7, 8,
    28, 0, 0, 0, 0, 0, 0, 0,
    0, 0, 0, 0, 0, 0, 0, 0,
    0, 0, 0, 0, 0, 0, 0, 0,
    0, 0, 0, 0, 0, 29, 7, 30,
    0, 0, 31, 0, 0, 0, 0, 0,
    0, 26, 0, 32, 33, 34, 0, 8,
    24, 0, 0, 0, 35, 36, 9, 0,
    0, 0, 37, 0, 0, 0, 38, 0,
    0, 0, 0, 0, 0, 0, 0, 0,
    0, 0, 0, 0, 0, 0, 0, 0,
    0, 0, 0, 0, 0, 0, 37, 0,
    0, 0, 0, 0, 0, 0, 0, 0,
    0, 0, 0, 0, 0, 0, 0, 0,
    0, 0, 0, 0, 0, 0, 0, 0,
    0, 0, 0, 0, 0, 0, 9, 0,
    0, 0, 0, 0, 0, 0, 0, 0,
    0, 0, 0, 0, 0, 0, 0, 0,
    0, 0, 0, 0, 0, 0, 0, 0,
    0, 0, 0, 0, 0, 0, 0, 0,
    0, 0, 0, 0, 0, 0, 0, 0,
    0, 0, 0, 0, 0, 0, 0, 0,
    0, 0, 0, 0, 0, 0, 0, 0,
    0, 0, 0, 0, 0, 0, 0, 0,
    0, 0, 0, 0, 0, 0, 0, 0,
    0, 0, 0, 0, 0, 0, 0, 0,
    0, 0, 0, 0, 0, 0, 0, 0,
    0, 0, 0, 0, 0, 0, 0, 0,
    0, 0, 0, 0, 0, 0, 0, 0,
    0, 0, 0, 0, 0, 0, 0, 0,
    0, 0, 0, 0, 0, 0, 0, 0,
    0, 0, 0, 0, 0, 0, 0, 0,
    0, 0, 0, 0, 0, 0, 0, 0,
    0, 0, 0, 0, 0, 0, 0, 0,
    0, 0, 0, 0, 0, 0, 0, 0,
    0, 0, 39, 40, 41, 42, 39, 40,
    41, 43, 44, 44, 37, 37, 0, 0,
    45, 0, 0, 0, 0, 0, 0, 40,
    0, 0, 0, 0, 32, 37, 0, 0,
    25, 0, 0, 0, 0, 0, 37, 5,
    0, 0, 0, 0, 0, 46, 29, 37,
    47, 0, 22, 0, 0, 0, 0, 0,
    0, 0, 0
};

/*Kern values between classes*/
static const int8_t kern_class_values[] =
{
    0, 0, 0, 0, 0, -6, 0, 0,
    0, -17, -17, 0, 0, 0, 0, 0,
    -12, 0, 0, 0, 0, 0, 0, 0,
    0, 0, 0, 0, 0, 0, -3, 0,
    0, 0, 0, 0, 0, 0, 0, 0,
    0, 0, 0, 0, -17, 0, 0, 0,
    0, 0, 0, 0, 0, 0, 0, 0,
    0, 0, 0, 0, 0, 0, 0, 0,
    0, 0, 0, 0, 0, 0, 0, 0,
    0, 0, 0, 0, 0, 0, 0, 0,
    0, 0, 0, 0, 0, -12, -13, 0,
    0, 0, 0, 0, 0, 0, 0, 0,
    -6, 0, 0, 0, 0, 0, 0, 0,
    0, 0, 0, 0, 0, 0, 0, 0,
    0, 0, 0, 0, 0, 0, 0, 0,
    -12, 0, 0, 0, 0, 0, 0, -4,
    0, 0, 0, 0, -17, 0, 0, 0,
    0, -8, 0, 0, 0, 0, 0, 0,
    0, 0, 0, 0, 0, 0, 0, 0,
    0, 0, 0, 0, 0, 0, 0, 0,
    0, 0, 0, 0, 0, 0, 0, 0,
    0, 2, 0, -1, 0, 0, 0, 0,
    0, 0, 0, 0, 0, 0, 0, 0,
    0, 0, 0, 2, 0, 0, 0, 0,
    0, 0, 0, 0, 0, 0, 0, 0,
    0, 0, 0, 0, 0, 0, 0, 0,
    0, 0, 0, 0, 0, 0, 0, 0,
    0, 0, 0, 0, 0, 0, 0, 0,
    0, 0, -6, 0, 0, 0, 0, 0,
    0, 0, 0, 0, 0, 0, 0, 0,
    -6, 0, 0, 0, -26, -26, 0, 0,
    0, 0, 0, -9, 0, 0, 0, 0,
    0, 0, 0, 0, -3, 0, -13, 0,
    0, 0, 0, 0, 0, 0, 0, 0,
    0, 0, 0, 0, 0, 0, 0, -26,
    0, 0, 0, 0, 0, 0, 0, 0,
    0, 0, 0, 0, 0, 0, 0, 0,
    -5, -1, 0, 0, -5, 0, 0, 0,
    0, 0, 0, 0, -9, 0, 0, 0,
    0, 0, 0, 0, 0, -2, 0, 0,
    -8, 0, 0, 0, 0, 0, 0, 0,
    0, -4, -2, -18, 0, 0, 0, 0,
    0, 0, 0, 0, 0, -5, -17, 0,
    -5, 0, -2, -4, -5, -2, 0, 0,
    0, -17, -8, 0, 0, 0, 0, 0,
    0, 0, 0, 0, -10, 0, 0, 0,
    -16, 0, -26, -26, 0, 0, 0, 0,
    0, 0, 0, 0, 0, 0, 0, 0,
    0, -8, -8, 0, 0, 0, 0, 0,
    0, 0, 0, 0, 0, 0, 0, 0,
    0, 0, 1, 0, 0, 0, 0, 0,
    0, 0, 0, 0, 0, 0, 0, 0,
    0, 0, 0, 0, -8, 0, 0, 0,
    0, 0, 0, 0, 0, 0, 0, 0,
    -5, -5, 0, 0, 0, 0, 0, 0,
    0, -4, 0, 0, 0, 0, 0, 0,
    0, -4, -9, 0, 0, 0, 0, 0,
    0, 0, 0, 0, 0, -9, 0, -10,
    0, 0, 0, -5, 3, 0, 0, 0,
    0, 0, 0, 0, 2, 0, 0, 0,
    0, 0, 0, 0, 0, 0, 0, 0,
    0, 0, 0, 0, 0, 0, 0, 0,
    0, 2, 0, 0, 0, 0, 0, 0,
    0, 0, 0, 0, 0, 0, 0, 0,
    0, 0, 0, 3, 0, 0, 0, 0,
    0, 0, 0, 0, 0, 0, 0, 0,
    0, 0, 0, 0, 0, -3, 0, 0,
    0, 0, 0, 0, 0, 0, 0, 0,
    0, 0, 0, 0, 0, 0, 0, 0,
    0, 0, 0, 0, 0, 0, 0, 0,
    0, 0, 0, 0, 0, 0, 0, 0,
    0, 0, 0, -2, 0, -4, -4, 0,
    0, 0, 0, 0, 0, 0, 0, 0,
    0, 0, 0, 0, 0, 0, 0, 0,
    0, 0, 0, -6, 0, 0, 0, 0,
    0, 0, 0, 0, -10, 0, 0, 0,
    -4, 0, 0, 0, 0, 0, 0, 0,
    0, 0, -6, 0, -6, -6, 0, 0,
    -6, 0, 0, 0, 0, 0, 0, 0,
    0, 0, 0, 0, 0, 0, 0, 0,
    0, 0, 0, 0, -1, 0, -8, 0,
    0, 0, 0, 0, 0, 0, 0, -6,
    0, 0, 0, 0, 0, 0, 0, 0,
    0, -1, 0, -5, -5, 0, 0, 0,
    0, 0, 0, 0, 0, 0, 0, 0,
    0, 0, 0, 0, 0, 0, 0, 0,
    0, 0, 0, -1, 0, 0, 0, 0,
    0, 0, 0, 0, 0, 0, -5, 0,
    0, 0, 0, 0, 0, 0, 0, 0,
    0, 0, -6, -6, 0, 0, 0, 0,
    0, 0, 0, 0, 0, 0, 0, 0,
    0, 0, 0, 0, -9, 0, 0, 0,
    0, 0, 0, 0, 0, 0, 0, 0,
    0, -9, 0, 0, 0, -6, 0, 0,
    0, 0, 0, -11, 0, -9, 0, 0,
    0, -24, -24, 0, -3, 0, 0, -3,
    -11, -2, 4, -3, -2, -6, -17, 0,
    0, 0, 0, -30, 0, 0, -10, -12,
    0, 0, 0, 0, 0, 0, 0, 0,
    -27, 0, 0, 0, -24, 0, -10, 0,
    0, 0, 0, 0, 0, 0, 0, 0,
    0, 0, 0, 0, 0, 0, 0, 0,
    0, 0, 0, 0, 0, 0, 0, 0,
    0, -12, 0, 0, 0, 0, 0, 0,
    0, 0, 0, 0, 0, -9, 0, 0,
    0, 0, 0, 0, 0, 0, 0, 0,
    0, 0, 0, 0, 0, 0, 0, 0,
    0, 0, 0, 0, 0, 0, 0, 0,
    0, 0, 0, 0, 0, 0, 0, 0,
    -13, 0, 0, 0, 0, 0, 0, 0,
    0, 0, 0, 0, -11, 0, 0, 0,
    0, 0, 0, 0, 0, 0, 0, 0,
    0, 0, 0, 0, 0, 0, 0, 0,
    0, 0, 0, 0, 0, 0, 0, -14,
    0, 0, 0, 0, 0, 0, 0, -14,
    0, 0, 0, 0, 0, 0, 0, 0,
    0, 0, 0, -18, 0, 0, 0, 0,
    0, 0, 0, 0, 0, 0, 0, 0,
    0, 0, 0, 0, 0, -8, -8, -8,
    0, 0, 0, 0, 0, 0, 0, 0,
    0, 0, 0, 0, 0, 0, -7, -8,
    0, 0, 0, 0, 0, -1, 0, 0,
    0, 0, -6, 0, -8, 0, 0, 0,
    -8, 0, 0, 0, 0, -15, 0, -2,
    0, 0, -17, -6, 0, 0, 3, 0,
    -9, 0, 0, 0, 0, 0, 0, 0,
    0, -5, -10, -12, -8, -9, 0, 0,
    -6, -3, -6, -6, -14, 0, -10, -6,
    0, -8, -11, 0, 0, 0, -14, 0,
    -5, 0, 0, 0, 0, 0, 0, 0,
    0, -13, 0, 0, 0, 0, -9, -21,
    0, -9, -11, -9, 0, -9, -9, 0,
    0, 0, 0, -8, -15, 0, 6, 0,
    0, 0, 0, 0, 0, -9, 0, 0,
    -8, 0, 0, 0, 0, 0, 0, 0,
    6, 0, 0, 0, 0, 0, 0, 0,
    0, 0, 0, 0, 0, 0, 0, 0,
    0, 0, 0, 0, 0, 0, 0, 0,
    0, 0, 0, -6, 0, 0, 0, 0,
    0, 0, 0, 0, 0, 0, 0, -6,
    0, 0, 0, 0, 0, 0, 0, 0,
    0, 0, -3, 0, 0, 0, -2, 0,
    0, 0, 0, 0, 0, -6, 0, 0,
    0, 0, 0, 0, 0, 0, 0, 0,
    0, 0, -11, 0, 0, 0, 0, 0,
    0, -2, 0, 0, 0, 0, -12, -4,
    0, 0, 0, -6, 0, 0, 0, 0,
    0, 0, 0, 0, -6, 0, 0, 0,
    0, 0, 0, 0, 0, 0, 0, -9,
    0, 0, 0, 0, 0, 0, 0, 0,
    -1, 0, 0, 0, 0, -5, 0, 0,
    0, 0, 0, 0, 0, 0, 0, 0,
    0, 0, 0, 0, 0, 0, 0, 0,
    0, 0, 0, 0, 0, 0, -7, 0,
    0, -6, 0, 0, 0, 0, 0, 0,
    0, 0, 0, 0, -8, 0, 0, 0,
    0, -6, 0, -7, 0, 0, -6, 0,
    0, 0, 0, 0, -10, 3, 0, 0,
    0, 0, 0, 0, 0, 0, 0, 0,
    0, 0, 0, 0, 0, 0, 0, 0,
    0, 0, 0, -5, -1, 0, 0, -5,
    0, 0, 0, 0, 0, 0, 0, -8,
    0, 0, 0, 0, 0, 0, 0, 0,
    -2, 0, 0, -8, 0, 0, 0, 0,
    0, 0, 0, 0, 0, 0, 0, 0,
    0, 0, 0, 0, 0, 0, 0, 0,
    0, -8, -10, -9, 0, 0, -10, -6,
    0, 0, 0, 0, 0, 0, -12, 0,
    0, 0, 0, 0, 0, 0, 0, 0,
    0, 0, -16, 0, 0, 0, 0, 0,
    0, 0, 0, 0, 0, 0, 0, 0,
    0, 0, 0, 0, 0, 0, 0, 0,
    0, 0, 0, 0, 0, 0, 0, 0,
    0, 0, 0, 0, 0, -20, 0, 0,
    0, 0, 0, 0, 0, 0, 0, 0,
    0, -12, -6, 0, 0, 0, 0, 0,
    0, 0, 0, 0, 0, 0, 0, 0,
    0, 0, 0, 0, 0, 0, 0, 0,
    0, 0, 0, 0, 0, 0, 0, 0,
    0, 0, 0, 0, -8, 0, 0, 0,
    0, 0, 0, 0, 0, 0, 0, 0,
    0, 0, 0, 0, 0, 0, 0, 0,
    0, 0, 0, 0, 0, 0, -12, 0,
    0, 0, -19, -19, -18, 0, 0, 0,
    0, -12, 0, 0, 0, 0, 0, 0,
    0, 0, 0, 0, 0, 0, 0, -7,
    0, 0, 0, 0, 0, 0, -12, 0,
    0, -16, 0, 0, 0, -19, 0, 0,
    0, 0, 0, -24, 0, -13, 0, 0,
    -11, -23, -23, -27, -9, 0, 0, 0,
    -18, 0, -12, -8, 0, -11, -18, -11,
    0, -11, 0, -8, 0, -9, -12, -16,
    -11, 0, -9, -2, 0, -13, 0, 0,
    0, 0, 0, 0, -23, 2, -5, 0,
    0, 0, 0, 0, 0, 0, 0, 0,
    0, 0, 0, 0, -13, 0, 0, 0,
    0, 0, 0, 0, 0, 0, 0, 0,
    0, -17, 0, 0, 0, 0, 0, 0,
    0, 0, 0, 0, 0, -24, -18, 0,
    0, 0, 0, 0, 0, 0, 0, 0,
    0, 0, 0, -8, 0, 0, 0, 0,
    0, 0, 0, 0, 0, 0, 0, 0,
    0, 0, 0, 0, 0, 0, 0, 0,
    0, 0, 0, 0, -6, 0, 0, 0,
    0, 0, 0, 0, 0, 0, 0, 0,
    0, 0, 0, 0, 0, -4, -2, -18,
    0, 0, 0, 0, 0, 0, 0, 0,
    0, -5, -17, 0, -5, 0, -2, -4,
    -5, -2, 0, 0, 0, -17, -8, 0,
    0, 0, 0, 0, 0, 0, 0, 0,
    -10, 0, 0, 0, -16, 0, -26, -35,
    0, 0, 0, 0, 0, 0, 0, 0,
    0, -6, 0, 0, -6, -8, -6, 0,
    0, 0, 0, 0, 0, 0, 0, 0,
    0, 0, 0, 0, 0, 0, 0, 0,
    0, -6, -1, 0, -6, 0, 0, 0,
    0, 0, 0, 0, -27, 0, 0, 0,
    -18, 0, 0, 0, 0, -3, 0, 0,
    0, 0, 0, 0, 0, 0, 0, 0,
    -8, 0, 0, 0, 0, 0, 0, 0,
    0, 0, 0, 0, 0, -10, 0, 0,
    0, 0, 0, 0, -2, 0, 0, 0,
    0, -9, -4, 0, 0, 0, 0, 0,
    0, 0
};

/*Collect the kern class' data in one place*/
static const lv_font_fmt_txt_kern_classes_t kern_classes =
{
    .class_pair_values   = kern_class_values,
    .left_class_mapping  = kern_left_class_mapping,
    .right_class_mapping = kern_right_class_mapping,
    .left_class_cnt      = 38,
    .right_class_cnt     = 47,
};

/*--------------------
 *  ALL CUSTOM DATA
 *--------------------*/

#if LVGL_VERSION_MAJOR == 8
/*Store all the custom data of the font*/
static  lv_font_fmt_txt_glyph_cache_t cache;
#endif

#if LVGL_VERSION_MAJOR >= 8
static const lv_font_fmt_txt_dsc_t font_dsc = {
#else
static lv_font_fmt_txt_dsc_t font_dsc = {
#endif
    .glyph_bitmap = glyph_bitmap,
    .glyph_dsc = glyph_dsc,
    .cmaps = cmaps,
    .kern_dsc = &kern_classes,
    .kern_scale = 16,
    .cmap_num = 8,
    .bpp = 4,
    .kern_classes = 1,
    .bitmap_format = 0,
#if LVGL_VERSION_MAJOR == 8
    .cache = &cache
#endif

};



/*-----------------
 *  PUBLIC FONT
 *----------------*/

/*Initialize a public general font descriptor*/
#if LVGL_VERSION_MAJOR >= 8
const lv_font_t font_inter_semi_bold_12_data = {
#else
lv_font_t font_inter_semi_bold_12_data = {
#endif
    .get_glyph_dsc = lv_font_get_glyph_dsc_fmt_txt,    /*Function pointer to get glyph's data*/
    .get_glyph_bitmap = lv_font_get_bitmap_fmt_txt,    /*Function pointer to get glyph's bitmap*/
    .line_height = 17,          /*The maximum line height required by the font*/
    .base_line = 4,             /*Baseline measured from the bottom of the line*/
#if LV_VERSION_CHECK(9, 6, 0) || LVGL_VERSION_MAJOR >= 10
    .cap_height = 9,           /*Cap height of the font*/
    .x_height = 7,               /*x-height of the font*/
#endif
#if !(LVGL_VERSION_MAJOR == 6 && LVGL_VERSION_MINOR == 0)
    .subpx = LV_FONT_SUBPX_NONE,
#endif
#if LV_VERSION_CHECK(7, 4, 0) || LVGL_VERSION_MAJOR >= 8
    .underline_position = -2,
    .underline_thickness = 1,
#endif

#if LV_VERSION_CHECK(9, 3, 0)
    .static_bitmap = 1,    /*Bitmaps are stored as const so they are always static if not compressed */
#endif

    .dsc = &font_dsc,          /*The custom font data. Will be accessed by `get_glyph_bitmap/dsc` */
#if LV_VERSION_CHECK(8, 2, 0) || LVGL_VERSION_MAJOR >= 9
    .fallback = NULL,
#endif
    .user_data = NULL,
};



#endif /*#if FONT_INTER_SEMI_BOLD_12_DATA*/
