/*******************************************************************************
 * Size: 19 px
 * Bpp: 4
 * Opts: --font /fonts/Gabarito-SemiBold.ttf -o /fonts/font_gabarito_semibold_19_19999885559082_data.c --size 19 --bpp 4 --format lvgl --no-compress --symbols ·ÁÃÄÇÈÉÍÓÖÚÜßàáâãäçèéêíîñóõöúûüŐő–• --range 0x20-0x7F, 0xA0-0xFF, 0x2000-0x206F
 ******************************************************************************/

#ifdef __has_include
    #if __has_include("lvgl.h")
        #ifndef LV_LVGL_H_INCLUDE_SIMPLE
            #define LV_LVGL_H_INCLUDE_SIMPLE
        #endif
    #endif
#endif

#ifdef LV_LVGL_H_INCLUDE_SIMPLE
    #include "lvgl.h"
#else
    #include "lvgl/lvgl.h"
#endif



#ifndef FONT_GABARITO_SEMIBOLD_19_19999885559082_DATA
#define FONT_GABARITO_SEMIBOLD_19_19999885559082_DATA 1
#endif

#if FONT_GABARITO_SEMIBOLD_19_19999885559082_DATA

/*-----------------
 *    BITMAPS
 *----------------*/

/*Store the image of the glyphs*/
static LV_ATTRIBUTE_LARGE_CONST const uint8_t glyph_bitmap[] = {
    /* U+0020 " " */

    /* U+0021 "!" */
    0xbf, 0xf2, 0xbf, 0xf2, 0xaf, 0xf1, 0xaf, 0xf1,
    0x9f, 0xf0, 0x9f, 0xf0, 0x8f, 0xf0, 0x7f, 0xe0,
    0x6f, 0xd0, 0x4d, 0xa0, 0x17, 0x40, 0xbf, 0xf3,
    0xef, 0xf5, 0x6f, 0xb0,

    /* U+0022 "\"" */
    0x8f, 0xf2, 0xff, 0x48, 0xff, 0x2f, 0xf4, 0x7f,
    0xf2, 0xff, 0x46, 0xff, 0x0f, 0xf4, 0x2f, 0xf0,
    0xdf, 0x40, 0xff, 0x0a, 0xf4, 0x01, 0x10, 0x01,
    0x00,

    /* U+0023 "#" */
    0x00, 0x00, 0xcf, 0x50, 0x8f, 0x90, 0x00, 0x00,
    0x0f, 0xf2, 0x0b, 0xf6, 0x00, 0x00, 0x02, 0xff,
    0x00, 0xdf, 0x30, 0x00, 0x00, 0x5f, 0xd0, 0x1f,
    0xf1, 0x00, 0x06, 0xff, 0xff, 0xff, 0xff, 0xff,
    0x20, 0x6f, 0xff, 0xff, 0xff, 0xff, 0xf2, 0x00,
    0x0d, 0xf4, 0x09, 0xf8, 0x00, 0x00, 0x00, 0xff,
    0x10, 0xbf, 0x50, 0x00, 0x00, 0x2f, 0xf0, 0x0e,
    0xf3, 0x00, 0x05, 0xff, 0xff, 0xff, 0xff, 0xff,
    0x40, 0x5f, 0xff, 0xff, 0xff, 0xff, 0xf4, 0x00,
    0x0b, 0xf6, 0x06, 0xfa, 0x00, 0x00, 0x00, 0xdf,
    0x30, 0x9f, 0x80, 0x00, 0x00, 0x0f, 0xf1, 0x0c,
    0xf5, 0x00, 0x00,

    /* U+0024 "$" */
    0x00, 0x00, 0x78, 0x20, 0x00, 0x00, 0x00, 0xef,
    0x40, 0x00, 0x00, 0x2a, 0xff, 0xf7, 0x00, 0x02,
    0xff, 0xff, 0xff, 0xc0, 0x0a, 0xff, 0x98, 0xdf,
    0xf4, 0x0e, 0xf9, 0x00, 0x09, 0x30, 0x0f, 0xfb,
    0x00, 0x00, 0x00, 0x0c, 0xff, 0xd7, 0x20, 0x00,
    0x03, 0xff, 0xff, 0xfb, 0x20, 0x00, 0x2a, 0xff,
    0xff, 0xe1, 0x00, 0x00, 0x04, 0xcf, 0xf8, 0x00,
    0x20, 0x00, 0x0f, 0xfa, 0x0a, 0xf4, 0x00, 0x0e,
    0xfa, 0x1f, 0xff, 0xb8, 0xdf, 0xf5, 0x05, 0xff,
    0xff, 0xff, 0xa0, 0x00, 0x4b, 0xff, 0xf6, 0x00,
    0x00, 0x00, 0xef, 0x40, 0x00, 0x00, 0x00, 0xef,
    0x40, 0x00,

    /* U+0025 "%" */
    0x03, 0xcf, 0xc3, 0x00, 0x00, 0x0a, 0x30, 0x01,
    0xef, 0xff, 0xe1, 0x00, 0x09, 0xfd, 0x00, 0x7f,
    0xb1, 0xbf, 0x70, 0x06, 0xff, 0x20, 0x09, 0xf6,
    0x06, 0xf9, 0x03, 0xff, 0x40, 0x00, 0x7f, 0xb1,
    0xbf, 0x71, 0xef, 0x70, 0x00, 0x01, 0xef, 0xff,
    0xe1, 0xcf, 0xa0, 0x00, 0x00, 0x03, 0xcf, 0xc3,
    0xaf, 0xd0, 0x00, 0x00, 0x00, 0x00, 0x00, 0x7f,
    0xe2, 0x00, 0x00, 0x00, 0x00, 0x00, 0x4f, 0xf4,
    0x1a, 0xfe, 0x80, 0x00, 0x00, 0x2e, 0xf7, 0x0b,
    0xff, 0xff, 0x90, 0x00, 0x0d, 0xfa, 0x01, 0xfe,
    0x13, 0xff, 0x00, 0x0a, 0xfc, 0x00, 0x1f, 0xe1,
    0x3f, 0xf0, 0x07, 0xfe, 0x10, 0x00, 0xbf, 0xff,
    0xf9, 0x00, 0x1b, 0x30, 0x00, 0x01, 0xaf, 0xe8,
    0x00, 0x00, 0x00, 0x00, 0x00, 0x00, 0x00, 0x00,
    0x00,

    /* U+0026 "&" */
    0x00, 0x08, 0xdf, 0xd8, 0x00, 0x00, 0x00, 0xbf,
    0xff, 0xff, 0xd0, 0x00, 0x03, 0xff, 0xd9, 0xbf,
    0x60, 0x00, 0x06, 0xff, 0x20, 0x01, 0x00, 0x00,
    0x03, 0xff, 0x81, 0x00, 0x00, 0x00, 0x00, 0xaf,
    0xff, 0xff, 0xff, 0xfe, 0x00, 0x8f, 0xff, 0xff,
    0xff, 0xfe, 0x07, 0xff, 0xa6, 0x5b, 0xff, 0x85,
    0x0e, 0xfa, 0x00, 0x05, 0xff, 0x20, 0x0f, 0xf7,
    0x00, 0x07, 0xff, 0x10, 0x0f, 0xfc, 0x00, 0x0c,
    0xfe, 0x00, 0x09, 0xff, 0xd9, 0xdf, 0xf9, 0x00,
    0x01, 0xef, 0xff, 0xff, 0xd1, 0x00, 0x00, 0x19,
    0xef, 0xd9, 0x10, 0x00,

    /* U+0027 "'" */
    0x8f, 0xf8, 0xff, 0x7f, 0xf6, 0xff, 0x2f, 0xf0,
    0xff, 0x01, 0x10,

    /* U+0028 "(" */
    0x00, 0x00, 0x95, 0x00, 0x00, 0x7f, 0xf4, 0x00,
    0x2f, 0xfc, 0x00, 0x0b, 0xff, 0x20, 0x02, 0xff,
    0x80, 0x00, 0x7f, 0xf1, 0x00, 0x0b, 0xfc, 0x00,
    0x00, 0xef, 0x90, 0x00, 0x0f, 0xf7, 0x00, 0x00,
    0xff, 0x60, 0x00, 0x0f, 0xf7, 0x00, 0x00, 0xef,
    0x90, 0x00, 0x0b, 0xfd, 0x00, 0x00, 0x7f, 0xf2,
    0x00, 0x01, 0xff, 0x90, 0x00, 0x0a, 0xff, 0x20,
    0x00, 0x1f, 0xfd, 0x00, 0x00, 0x5f, 0xf3, 0x00,
    0x00, 0x74, 0x00,

    /* U+0029 ")" */
    0x0a, 0x40, 0x00, 0x9f, 0xf2, 0x00, 0x3f, 0xfc,
    0x00, 0x07, 0xff, 0x50, 0x00, 0xdf, 0xc0, 0x00,
    0x7f, 0xf2, 0x00, 0x2f, 0xf6, 0x00, 0x0e, 0xf9,
    0x00, 0x0d, 0xfa, 0x00, 0x0c, 0xfa, 0x00, 0x0d,
    0xfa, 0x00, 0x0e, 0xf8, 0x00, 0x2f, 0xf5, 0x00,
    0x7f, 0xf1, 0x00, 0xef, 0xc0, 0x07, 0xff, 0x40,
    0x4f, 0xfb, 0x00, 0x8f, 0xe1, 0x00, 0x08, 0x30,
    0x00,

    /* U+002A "*" */
    0x00, 0x22, 0x04, 0x00, 0x03, 0xfa, 0x2f, 0xa0,
    0x00, 0xbf, 0xbf, 0x30, 0x4a, 0xaf, 0xfd, 0x99,
    0x6f, 0xff, 0xff, 0xfd, 0x11, 0x6f, 0xfd, 0x11,
    0x02, 0xfe, 0x5f, 0x90, 0x01, 0x96, 0x0b, 0x40,

    /* U+002B "+" */
    0x00, 0x00, 0xef, 0x70, 0x00, 0x00, 0x00, 0xef,
    0x70, 0x00, 0x00, 0x00, 0xef, 0x70, 0x00, 0x17,
    0x77, 0xff, 0xf7, 0x77, 0x3f, 0xff, 0xff, 0xff,
    0xff, 0x3f, 0xff, 0xff, 0xff, 0xff, 0x00, 0x00,
    0xef, 0x70, 0x00, 0x00, 0x00, 0xef, 0x70, 0x00,
    0x00, 0x00, 0xef, 0x70, 0x00, 0x00, 0x00, 0x78,
    0x30, 0x00,

    /* U+002C "," */
    0x08, 0xfb, 0x00, 0xef, 0xf7, 0x02, 0xff, 0x80,
    0x0f, 0xf5, 0x05, 0xfe, 0x01, 0xef, 0x40, 0x08,
    0x40, 0x00,

    /* U+002D "-" */
    0x26, 0x66, 0x66, 0x27, 0xff, 0xff, 0xf7, 0x7f,
    0xff, 0xff, 0x70,

    /* U+002E "." */
    0x04, 0xa6, 0x00, 0xff, 0xf3, 0x1f, 0xff, 0x50,
    0x7e, 0xa0,

    /* U+002F "/" */
    0x00, 0x00, 0x00, 0x00, 0x81, 0x00, 0x00, 0x00,
    0x00, 0x6f, 0xf0, 0x00, 0x00, 0x00, 0x0e, 0xfa,
    0x00, 0x00, 0x00, 0x05, 0xff, 0x20, 0x00, 0x00,
    0x00, 0xdf, 0xb0, 0x00, 0x00, 0x00, 0x4f, 0xf3,
    0x00, 0x00, 0x00, 0x0b, 0xfc, 0x00, 0x00, 0x00,
    0x03, 0xff, 0x40, 0x00, 0x00, 0x00, 0xaf, 0xd0,
    0x00, 0x00, 0x00, 0x2f, 0xf6, 0x00, 0x00, 0x00,
    0x09, 0xfe, 0x00, 0x00, 0x00, 0x01, 0xff, 0x70,
    0x00, 0x00, 0x00, 0x8f, 0xe0, 0x00, 0x00, 0x00,
    0x0e, 0xf8, 0x00, 0x00, 0x00, 0x07, 0xff, 0x10,
    0x00, 0x00, 0x00, 0xdf, 0x90, 0x00, 0x00, 0x00,
    0x02, 0x92, 0x00, 0x00, 0x00, 0x00,

    /* U+0030 "0" */
    0x00, 0x08, 0xdf, 0xc4, 0x00, 0x00, 0xbf, 0xff,
    0xff, 0x50, 0x06, 0xff, 0xda, 0xff, 0xe0, 0x0d,
    0xfd, 0x00, 0x5f, 0xf6, 0x1f, 0xf7, 0x00, 0x0f,
    0xfa, 0x4f, 0xf4, 0x00, 0x0c, 0xfc, 0x5f, 0xf3,
    0x00, 0x0a, 0xfd, 0x5f, 0xf3, 0x00, 0x0a, 0xfd,
    0x4f, 0xf4, 0x00, 0x0c, 0xfc, 0x1f, 0xf6, 0x00,
    0x0e, 0xfa, 0x0d, 0xfc, 0x00, 0x4f, 0xf6, 0x06,
    0xff, 0xc9, 0xff, 0xe0, 0x00, 0xcf, 0xff, 0xff,
    0x50, 0x00, 0x08, 0xef, 0xc4, 0x00,

    /* U+0031 "1" */
    0x00, 0x0b, 0xf6, 0x00, 0x4f, 0xf6, 0x3a, 0xff,
    0xf6, 0x7f, 0xff, 0xf6, 0x7d, 0xbf, 0xf6, 0x00,
    0x1f, 0xf6, 0x00, 0x1f, 0xf6, 0x00, 0x1f, 0xf6,
    0x00, 0x1f, 0xf6, 0x00, 0x1f, 0xf6, 0x00, 0x1f,
    0xf6, 0x00, 0x1f, 0xf6, 0x00, 0x1f, 0xf6, 0x00,
    0x1f, 0xf6,

    /* U+0032 "2" */
    0x00, 0x3b, 0xfe, 0xb2, 0x00, 0x5f, 0xff, 0xff,
    0xe1, 0x2f, 0xff, 0xab, 0xff, 0x81, 0xce, 0x20,
    0x0d, 0xfc, 0x00, 0x20, 0x00, 0xbf, 0xb0, 0x00,
    0x00, 0x1f, 0xf8, 0x00, 0x00, 0x0a, 0xff, 0x20,
    0x00, 0x07, 0xff, 0x80, 0x00, 0x05, 0xff, 0xc0,
    0x00, 0x03, 0xff, 0xe1, 0x00, 0x01, 0xef, 0xf2,
    0x00, 0x00, 0xdf, 0xfd, 0x88, 0x87, 0x2f, 0xff,
    0xff, 0xff, 0xf2, 0xff, 0xff, 0xff, 0xff,

    /* U+0033 "3" */
    0x00, 0x5c, 0xff, 0xb3, 0x00, 0x09, 0xff, 0xff,
    0xff, 0x20, 0x2f, 0xfd, 0x9c, 0xff, 0x90, 0x04,
    0xa0, 0x00, 0xdf, 0xc0, 0x00, 0x00, 0x00, 0xdf,
    0xa0, 0x00, 0x02, 0x49, 0xff, 0x30, 0x00, 0x0d,
    0xff, 0xf9, 0x00, 0x00, 0x0d, 0xff, 0xff, 0x70,
    0x00, 0x00, 0x03, 0xdf, 0xf1, 0x00, 0x00, 0x00,
    0x4f, 0xf4, 0x05, 0x60, 0x00, 0x6f, 0xf3, 0x4f,
    0xfc, 0x8a, 0xff, 0xe0, 0x0c, 0xff, 0xff, 0xff,
    0x60, 0x00, 0x7c, 0xff, 0xc4, 0x00,

    /* U+0034 "4" */
    0x00, 0x06, 0xff, 0x10, 0x00, 0x00, 0x00, 0xcf,
    0xb0, 0x00, 0x00, 0x00, 0x1f, 0xf6, 0x00, 0x00,
    0x00, 0x07, 0xff, 0x10, 0x00, 0x00, 0x00, 0xcf,
    0xb0, 0x05, 0x40, 0x00, 0x2f, 0xf6, 0x03, 0xfb,
    0x00, 0x07, 0xff, 0x10, 0x8f, 0xb0, 0x00, 0xdf,
    0xb0, 0x0d, 0xfb, 0x00, 0x2f, 0xff, 0xff, 0xff,
    0xff, 0x75, 0xff, 0xff, 0xff, 0xff, 0xf7, 0x28,
    0x88, 0x88, 0xff, 0xf8, 0x30, 0x00, 0x00, 0x0d,
    0xfb, 0x00, 0x00, 0x00, 0x00, 0xdf, 0xb0, 0x00,
    0x00, 0x00, 0x0d, 0xfb, 0x00,

    /* U+0035 "5" */
    0x0e, 0xff, 0xff, 0xff, 0xc0, 0x0e, 0xff, 0xff,
    0xff, 0xc0, 0x0e, 0xff, 0x88, 0x88, 0x60, 0x0e,
    0xf7, 0x00, 0x00, 0x00, 0x0e, 0xf7, 0x00, 0x00,
    0x00, 0x0e, 0xfb, 0xcf, 0xe7, 0x00, 0x0e, 0xff,
    0xff, 0xff, 0x90, 0x0e, 0xff, 0xaa, 0xff, 0xf3,
    0x03, 0x72, 0x00, 0x4f, 0xf7, 0x00, 0x00, 0x00,
    0x0f, 0xf8, 0x00, 0x61, 0x00, 0x3f, 0xf7, 0x1c,
    0xfe, 0x99, 0xff, 0xf2, 0x09, 0xff, 0xff, 0xff,
    0x80, 0x00, 0x5c, 0xef, 0xc5, 0x00,

    /* U+0036 "6" */
    0x00, 0x05, 0xce, 0xfb, 0x50, 0x00, 0x08, 0xff,
    0xff, 0xff, 0x70, 0x04, 0xff, 0xe8, 0x8c, 0xe1,
    0x00, 0xcf, 0xe1, 0x00, 0x01, 0x00, 0x0f, 0xf8,
    0x00, 0x00, 0x00, 0x04, 0xff, 0x59, 0xef, 0xc3,
    0x00, 0x5f, 0xff, 0xff, 0xff, 0xf3, 0x06, 0xff,
    0xfb, 0x7b, 0xff, 0xb0, 0x5f, 0xfa, 0x00, 0x0b,
    0xff, 0x03, 0xff, 0x60, 0x00, 0x7f, 0xf0, 0x0f,
    0xfa, 0x00, 0x0b, 0xfe, 0x00, 0x9f, 0xfa, 0x7b,
    0xff, 0x90, 0x01, 0xdf, 0xff, 0xff, 0xe1, 0x00,
    0x01, 0x9d, 0xfe, 0x91, 0x00,

    /* U+0037 "7" */
    0x7f, 0xff, 0xff, 0xff, 0xf7, 0xff, 0xff, 0xff,
    0xff, 0x48, 0x88, 0x88, 0xff, 0xd0, 0x00, 0x00,
    0x3f, 0xf6, 0x00, 0x00, 0x0b, 0xfe, 0x00, 0x00,
    0x02, 0xff, 0x80, 0x00, 0x00, 0x9f, 0xf1, 0x00,
    0x00, 0x1f, 0xfa, 0x00, 0x00, 0x07, 0xff, 0x30,
    0x00, 0x00, 0xef, 0xd0, 0x00, 0x00, 0x5f, 0xf6,
    0x00, 0x00, 0x0c, 0xfe, 0x00, 0x00, 0x04, 0xff,
    0x80, 0x00, 0x00, 0xbf, 0xf1, 0x00, 0x00,

    /* U+0038 "8" */
    0x00, 0x3b, 0xef, 0xc5, 0x00, 0x02, 0xff, 0xff,
    0xff, 0x70, 0x0a, 0xff, 0xa8, 0xef, 0xf0, 0x0e,
    0xfa, 0x00, 0x5f, 0xf3, 0x0d, 0xfa, 0x00, 0x5f,
    0xf2, 0x07, 0xff, 0x98, 0xef, 0xd0, 0x00, 0xbf,
    0xff, 0xff, 0x20, 0x02, 0xef, 0xff, 0xff, 0x70,
    0x0d, 0xfc, 0x20, 0x8f, 0xf3, 0x3f, 0xf5, 0x00,
    0x0f, 0xf8, 0x3f, 0xf7, 0x00, 0x2f, 0xf8, 0x0f,
    0xff, 0xa8, 0xef, 0xf5, 0x06, 0xff, 0xff, 0xff,
    0xb0, 0x00, 0x4c, 0xff, 0xd7, 0x00,

    /* U+0039 "9" */
    0x00, 0x4b, 0xef, 0xc5, 0x00, 0x00, 0x6f, 0xff,
    0xff, 0xf8, 0x00, 0x0f, 0xff, 0x97, 0xdf, 0xf3,
    0x05, 0xff, 0x50, 0x01, 0xff, 0x90, 0x6f, 0xf1,
    0x00, 0x0c, 0xfd, 0x05, 0xff, 0x50, 0x01, 0xff,
    0xe0, 0x2f, 0xff, 0x98, 0xdf, 0xff, 0x00, 0x9f,
    0xff, 0xff, 0xff, 0xf0, 0x00, 0x7e, 0xfc, 0x5b,
    0xfd, 0x00, 0x00, 0x00, 0x00, 0xef, 0xa0, 0x00,
    0x10, 0x00, 0x7f, 0xf5, 0x00, 0x6f, 0xa7, 0xaf,
    0xfd, 0x00, 0x0d, 0xff, 0xff, 0xfe, 0x20, 0x00,
    0x18, 0xdf, 0xe9, 0x20, 0x00,

    /* U+003A ":" */
    0x07, 0xfa, 0x01, 0xff, 0xf5, 0x0f, 0xff, 0x30,
    0x4b, 0x60, 0x00, 0x00, 0x00, 0x00, 0x00, 0x04,
    0xa6, 0x00, 0xff, 0xf3, 0x1f, 0xff, 0x50, 0x7e,
    0xa0,

    /* U+003B ";" */
    0x07, 0xfb, 0x00, 0xff, 0xf5, 0x0f, 0xff, 0x40,
    0x4b, 0x70, 0x00, 0x00, 0x00, 0x00, 0x00, 0x04,
    0xa7, 0x00, 0xff, 0xf5, 0x05, 0xff, 0x80, 0x0f,
    0xf6, 0x03, 0xff, 0x10, 0xcf, 0x60, 0x1c, 0x80,
    0x00, 0x00, 0x00,

    /* U+003C "<" */
    0x00, 0x00, 0x00, 0x02, 0x00, 0x00, 0x00, 0x2c,
    0xd0, 0x00, 0x00, 0x8f, 0xff, 0x40, 0x03, 0xdf,
    0xfd, 0x30, 0x09, 0xff, 0xf8, 0x00, 0x0b, 0xff,
    0xd3, 0x00, 0x00, 0xbf, 0xfd, 0x30, 0x00, 0x00,
    0x9f, 0xff, 0x80, 0x00, 0x00, 0x3d, 0xff, 0xd3,
    0x00, 0x00, 0x08, 0xff, 0xf4, 0x00, 0x00, 0x02,
    0xcd, 0x00, 0x00, 0x00, 0x00, 0x20,

    /* U+003D "=" */
    0x45, 0x55, 0x55, 0x55, 0x3f, 0xff, 0xff, 0xff,
    0xfb, 0xff, 0xff, 0xff, 0xff, 0xb0, 0x00, 0x00,
    0x00, 0x00, 0x55, 0x55, 0x55, 0x55, 0x3f, 0xff,
    0xff, 0xff, 0xfb, 0xff, 0xff, 0xff, 0xff, 0xb0,

    /* U+003E ">" */
    0x01, 0x00, 0x00, 0x00, 0x02, 0xf8, 0x00, 0x00,
    0x00, 0x8f, 0xfd, 0x30, 0x00, 0x00, 0x6f, 0xff,
    0x90, 0x00, 0x00, 0x1b, 0xff, 0xe5, 0x00, 0x00,
    0x05, 0xff, 0xf7, 0x00, 0x00, 0x4e, 0xff, 0x70,
    0x00, 0x9f, 0xfe, 0x60, 0x04, 0xef, 0xfa, 0x10,
    0x08, 0xff, 0xe5, 0x00, 0x00, 0x3f, 0x90, 0x00,
    0x00, 0x00, 0x20, 0x00, 0x00, 0x00,

    /* U+003F "?" */
    0x00, 0x03, 0x78, 0x50, 0x00, 0x01, 0xbf, 0xff,
    0xfe, 0x30, 0x1d, 0xff, 0xff, 0xff, 0xd0, 0x1e,
    0xf9, 0x21, 0xaf, 0xf4, 0x03, 0x60, 0x00, 0x1f,
    0xf7, 0x00, 0x00, 0x00, 0x3f, 0xf6, 0x00, 0x00,
    0x01, 0xcf, 0xf2, 0x00, 0x00, 0x3e, 0xff, 0x80,
    0x00, 0x06, 0xff, 0xf9, 0x00, 0x00, 0x02, 0xff,
    0x50, 0x00, 0x00, 0x00, 0x61, 0x00, 0x00, 0x00,
    0x00, 0x66, 0x00, 0x00, 0x00, 0x07, 0xff, 0x80,
    0x00, 0x00, 0x09, 0xff, 0xa0, 0x00, 0x00, 0x02,
    0xde, 0x30, 0x00,

    /* U+0040 "@" */
    0x00, 0x00, 0x06, 0xbe, 0xfe, 0xa4, 0x00, 0x00,
    0x00, 0x03, 0xdf, 0xff, 0xff, 0xff, 0xb0, 0x00,
    0x00, 0x3f, 0xff, 0xa6, 0x46, 0xbf, 0xfc, 0x00,
    0x01, 0xef, 0xd2, 0x00, 0x00, 0x05, 0xff, 0x80,
    0x08, 0xff, 0x20, 0x9e, 0xe6, 0xea, 0x7f, 0xf1,
    0x0e, 0xf8, 0x0b, 0xff, 0xff, 0xf7, 0x0f, 0xf5,
    0x2f, 0xf3, 0x5f, 0xf4, 0x2f, 0xf4, 0x0c, 0xf8,
    0x4f, 0xf0, 0xbf, 0xb0, 0x0f, 0xf1, 0x0c, 0xf7,
    0x4f, 0xf0, 0xdf, 0x80, 0x4f, 0xf0, 0x0e, 0xf5,
    0x3f, 0xf2, 0xcf, 0xa1, 0xdf, 0xf1, 0x7f, 0xf1,
    0x0f, 0xf7, 0x7f, 0xff, 0xff, 0xff, 0xff, 0x60,
    0x0a, 0xfe, 0x29, 0xfe, 0x63, 0xdf, 0xc4, 0x00,
    0x02, 0xff, 0xd2, 0x00, 0x00, 0x01, 0x50, 0x00,
    0x00, 0x6f, 0xff, 0xa6, 0x45, 0x9f, 0xf4, 0x00,
    0x00, 0x05, 0xef, 0xff, 0xff, 0xff, 0xd3, 0x00,
    0x00, 0x00, 0x07, 0xbe, 0xfe, 0xb6, 0x00, 0x00,

    /* U+0041 "A" */
    0x00, 0x00, 0x4f, 0xfe, 0x00, 0x00, 0x00, 0x00,
    0x0a, 0xff, 0xf3, 0x00, 0x00, 0x00, 0x00, 0xff,
    0xff, 0x80, 0x00, 0x00, 0x00, 0x4f, 0xfb, 0xfe,
    0x00, 0x00, 0x00, 0x09, 0xfd, 0x3f, 0xf3, 0x00,
    0x00, 0x00, 0xef, 0x80, 0xef, 0x80, 0x00, 0x00,
    0x4f, 0xf3, 0x09, 0xfd, 0x00, 0x00, 0x09, 0xfe,
    0x00, 0x4f, 0xf2, 0x00, 0x00, 0xef, 0x80, 0x00,
    0xff, 0x70, 0x00, 0x4f, 0xff, 0xff, 0xff, 0xfc,
    0x00, 0x09, 0xff, 0xff, 0xff, 0xff, 0xf1, 0x00,
    0xef, 0xf7, 0x77, 0x78, 0xff, 0x60, 0x3f, 0xf4,
    0x00, 0x00, 0x0c, 0xfb, 0x09, 0xfe, 0x00, 0x00,
    0x00, 0x7f, 0xf1,

    /* U+0042 "B" */
    0xbf, 0xff, 0xff, 0xc5, 0x00, 0xbf, 0xff, 0xff,
    0xff, 0x60, 0xbf, 0xf8, 0x8a, 0xff, 0xe0, 0xbf,
    0xc0, 0x00, 0x9f, 0xf1, 0xbf, 0xc0, 0x00, 0x7f,
    0xf1, 0xbf, 0xc0, 0x01, 0xcf, 0xe0, 0xbf, 0xff,
    0xff, 0xff, 0x60, 0xbf, 0xff, 0xff, 0xff, 0x10,
    0xbf, 0xf5, 0x55, 0xcf, 0xd0, 0xbf, 0xc0, 0x00,
    0x1f, 0xf5, 0xbf, 0xc0, 0x00, 0x3f, 0xf7, 0xbf,
    0xf8, 0x88, 0xef, 0xf5, 0xbf, 0xff, 0xff, 0xff,
    0xd0, 0xbf, 0xff, 0xff, 0xe9, 0x10,

    /* U+0043 "C" */
    0x00, 0x00, 0x7c, 0xff, 0xd9, 0x10, 0x00, 0x03,
    0xef, 0xff, 0xff, 0xff, 0x40, 0x02, 0xff, 0xfd,
    0x99, 0xdf, 0xff, 0x20, 0xbf, 0xf7, 0x00, 0x00,
    0x6f, 0xfb, 0x2f, 0xfa, 0x00, 0x00, 0x00, 0x66,
    0x16, 0xff, 0x30, 0x00, 0x00, 0x00, 0x00, 0x8f,
    0xf0, 0x00, 0x00, 0x00, 0x00, 0x07, 0xff, 0x00,
    0x00, 0x00, 0x00, 0x00, 0x6f, 0xf3, 0x00, 0x00,
    0x00, 0x00, 0x02, 0xff, 0xa0, 0x00, 0x00, 0x06,
    0x60, 0x0c, 0xff, 0x70, 0x00, 0x06, 0xff, 0xb0,
    0x2f, 0xff, 0xd9, 0x9d, 0xff, 0xf2, 0x00, 0x4e,
    0xff, 0xff, 0xff, 0xf4, 0x00, 0x00, 0x18, 0xdf,
    0xfd, 0x81, 0x00,

    /* U+0044 "D" */
    0xbf, 0xff, 0xfe, 0xc6, 0x00, 0x00, 0xbf, 0xff,
    0xff, 0xff, 0xd2, 0x00, 0xbf, 0xf8, 0x89, 0xef,
    0xfd, 0x00, 0xbf, 0xc0, 0x00, 0x0a, 0xff, 0x70,
    0xbf, 0xc0, 0x00, 0x00, 0xef, 0xd0, 0xbf, 0xc0,
    0x00, 0x00, 0x8f, 0xf1, 0xbf, 0xc0, 0x00, 0x00,
    0x6f, 0xf2, 0xbf, 0xc0, 0x00, 0x00, 0x6f, 0xf2,
    0xbf, 0xc0, 0x00, 0x00, 0x8f, 0xf1, 0xbf, 0xc0,
    0x00, 0x00, 0xdf, 0xd0, 0xbf, 0xc0, 0x00, 0x0a,
    0xff, 0x80, 0xbf, 0xf8, 0x89, 0xef, 0xfd, 0x00,
    0xbf, 0xff, 0xff, 0xff, 0xd2, 0x00, 0xbf, 0xff,
    0xfe, 0xc6, 0x00, 0x00,

    /* U+0045 "E" */
    0xbf, 0xff, 0xff, 0xff, 0x6b, 0xff, 0xff, 0xff,
    0xf6, 0xbf, 0xf7, 0x77, 0x77, 0x3b, 0xfc, 0x00,
    0x00, 0x00, 0xbf, 0xc0, 0x00, 0x00, 0x0b, 0xfc,
    0x00, 0x00, 0x00, 0xbf, 0xff, 0xff, 0xf5, 0x0b,
    0xff, 0xff, 0xff, 0x50, 0xbf, 0xf8, 0x88, 0x82,
    0x0b, 0xfc, 0x00, 0x00, 0x00, 0xbf, 0xc0, 0x00,
    0x00, 0x0b, 0xff, 0x88, 0x88, 0x83, 0xbf, 0xff,
    0xff, 0xff, 0x6b, 0xff, 0xff, 0xff, 0xf6,

    /* U+0046 "F" */
    0xbf, 0xff, 0xff, 0xff, 0x4b, 0xff, 0xff, 0xff,
    0xf4, 0xbf, 0xf8, 0x88, 0x88, 0x2b, 0xfc, 0x00,
    0x00, 0x00, 0xbf, 0xc0, 0x00, 0x00, 0x0b, 0xfc,
    0x00, 0x00, 0x00, 0xbf, 0xff, 0xff, 0xf4, 0x0b,
    0xff, 0xff, 0xff, 0x40, 0xbf, 0xf8, 0x88, 0x82,
    0x0b, 0xfc, 0x00, 0x00, 0x00, 0xbf, 0xc0, 0x00,
    0x00, 0x0b, 0xfc, 0x00, 0x00, 0x00, 0xbf, 0xc0,
    0x00, 0x00, 0x0b, 0xfc, 0x00, 0x00, 0x00,

    /* U+0047 "G" */
    0x00, 0x00, 0x7c, 0xff, 0xd8, 0x10, 0x00, 0x00,
    0x3e, 0xff, 0xff, 0xff, 0xf4, 0x00, 0x02, 0xff,
    0xfd, 0x99, 0xdf, 0xff, 0x20, 0x0b, 0xff, 0x70,
    0x00, 0x06, 0xff, 0xa0, 0x2f, 0xfa, 0x00, 0x00,
    0x00, 0x64, 0x00, 0x6f, 0xf3, 0x00, 0x00, 0x00,
    0x00, 0x00, 0x8f, 0xf0, 0x00, 0x06, 0x66, 0x66,
    0x61, 0x8f, 0xf0, 0x00, 0x2f, 0xff, 0xff, 0xf4,
    0x6f, 0xf3, 0x00, 0x2f, 0xff, 0xff, 0xf3, 0x2f,
    0xf9, 0x00, 0x00, 0x00, 0x8f, 0xf1, 0x0c, 0xff,
    0x60, 0x00, 0x04, 0xff, 0xa0, 0x02, 0xff, 0xfc,
    0x88, 0xbf, 0xfe, 0x20, 0x00, 0x4e, 0xff, 0xff,
    0xff, 0xe3, 0x00, 0x00, 0x01, 0x8d, 0xff, 0xd8,
    0x10, 0x00,

    /* U+0048 "H" */
    0xbf, 0xc0, 0x00, 0x00, 0xcf, 0xbb, 0xfc, 0x00,
    0x00, 0x0c, 0xfb, 0xbf, 0xc0, 0x00, 0x00, 0xcf,
    0xbb, 0xfc, 0x00, 0x00, 0x0c, 0xfb, 0xbf, 0xc0,
    0x00, 0x00, 0xcf, 0xbb, 0xfc, 0x00, 0x00, 0x0c,
    0xfb, 0xbf, 0xff, 0xff, 0xff, 0xff, 0xbb, 0xff,
    0xff, 0xff, 0xff, 0xfb, 0xbf, 0xf8, 0x88, 0x88,
    0xff, 0xbb, 0xfc, 0x00, 0x00, 0x0c, 0xfb, 0xbf,
    0xc0, 0x00, 0x00, 0xcf, 0xbb, 0xfc, 0x00, 0x00,
    0x0c, 0xfb, 0xbf, 0xc0, 0x00, 0x00, 0xcf, 0xbb,
    0xfc, 0x00, 0x00, 0x0c, 0xfb,

    /* U+0049 "I" */
    0xbf, 0xcb, 0xfc, 0xbf, 0xcb, 0xfc, 0xbf, 0xcb,
    0xfc, 0xbf, 0xcb, 0xfc, 0xbf, 0xcb, 0xfc, 0xbf,
    0xcb, 0xfc, 0xbf, 0xcb, 0xfc,

    /* U+004A "J" */
    0x00, 0x00, 0x00, 0x6f, 0xf1, 0x00, 0x00, 0x00,
    0x6f, 0xf1, 0x00, 0x00, 0x00, 0x6f, 0xf1, 0x00,
    0x00, 0x00, 0x6f, 0xf1, 0x00, 0x00, 0x00, 0x6f,
    0xf1, 0x00, 0x00, 0x00, 0x6f, 0xf1, 0x00, 0x00,
    0x00, 0x6f, 0xf1, 0x00, 0x00, 0x00, 0x6f, 0xf1,
    0x13, 0x30, 0x00, 0x6f, 0xf1, 0x5f, 0xf3, 0x00,
    0x7f, 0xf1, 0x3f, 0xf6, 0x00, 0xaf, 0xf0, 0x0f,
    0xff, 0x9a, 0xff, 0xb0, 0x07, 0xff, 0xff, 0xff,
    0x20, 0x00, 0x5c, 0xfe, 0xb3, 0x00,

    /* U+004B "K" */
    0xbf, 0xc0, 0x00, 0x0c, 0xff, 0x4b, 0xfc, 0x00,
    0x0a, 0xff, 0x70, 0xbf, 0xc0, 0x07, 0xff, 0x90,
    0x0b, 0xfc, 0x05, 0xff, 0xc0, 0x00, 0xbf, 0xc3,
    0xff, 0xd1, 0x00, 0x0b, 0xfe, 0xef, 0xf2, 0x00,
    0x00, 0xbf, 0xff, 0xf4, 0x00, 0x00, 0x0b, 0xff,
    0xff, 0x50, 0x00, 0x00, 0xbf, 0xee, 0xff, 0x30,
    0x00, 0x0b, 0xfc, 0x3f, 0xfe, 0x10, 0x00, 0xbf,
    0xc0, 0x6f, 0xfc, 0x00, 0x0b, 0xfc, 0x00, 0x9f,
    0xfa, 0x00, 0xbf, 0xc0, 0x00, 0xbf, 0xf8, 0x0b,
    0xfc, 0x00, 0x01, 0xdf, 0xf5,

    /* U+004C "L" */
    0xbf, 0xc0, 0x00, 0x00, 0x0b, 0xfc, 0x00, 0x00,
    0x00, 0xbf, 0xc0, 0x00, 0x00, 0x0b, 0xfc, 0x00,
    0x00, 0x00, 0xbf, 0xc0, 0x00, 0x00, 0x0b, 0xfc,
    0x00, 0x00, 0x00, 0xbf, 0xc0, 0x00, 0x00, 0x0b,
    0xfc, 0x00, 0x00, 0x00, 0xbf, 0xc0, 0x00, 0x00,
    0x0b, 0xfc, 0x00, 0x00, 0x00, 0xbf, 0xc0, 0x00,
    0x00, 0x0b, 0xff, 0x88, 0x88, 0x80, 0xbf, 0xff,
    0xff, 0xff, 0x0b, 0xff, 0xff, 0xff, 0xf0,

    /* U+004D "M" */
    0x00, 0x4f, 0xf3, 0x00, 0x00, 0x0b, 0xfc, 0x00,
    0x00, 0x7f, 0xf8, 0x00, 0x00, 0x1f, 0xfe, 0x00,
    0x00, 0x9f, 0xfd, 0x00, 0x00, 0x6f, 0xff, 0x10,
    0x00, 0xcf, 0xff, 0x30, 0x00, 0xbf, 0xff, 0x40,
    0x00, 0xef, 0xff, 0x80, 0x01, 0xff, 0xff, 0x60,
    0x01, 0xff, 0xaf, 0xd0, 0x06, 0xfe, 0xcf, 0x90,
    0x04, 0xff, 0x3f, 0xf3, 0x0b, 0xf9, 0x9f, 0xc0,
    0x06, 0xff, 0x0d, 0xf8, 0x1f, 0xf5, 0x7f, 0xe0,
    0x09, 0xfd, 0x08, 0xfd, 0x5f, 0xf0, 0x5f, 0xf1,
    0x0c, 0xfa, 0x03, 0xff, 0xdf, 0xb0, 0x2f, 0xf4,
    0x0e, 0xf8, 0x00, 0xdf, 0xff, 0x50, 0x0f, 0xf6,
    0x1f, 0xf6, 0x00, 0x8f, 0xff, 0x00, 0x0e, 0xf9,
    0x4f, 0xf3, 0x00, 0x3f, 0xfb, 0x00, 0x0b, 0xfc,
    0x6f, 0xf1, 0x00, 0x0e, 0xf6, 0x00, 0x09, 0xfe,

    /* U+004E "N" */
    0xbf, 0xd0, 0x00, 0x00, 0x2f, 0xf5, 0xbf, 0xf8,
    0x00, 0x00, 0x2f, 0xf5, 0xbf, 0xff, 0x40, 0x00,
    0x2f, 0xf5, 0xbf, 0xff, 0xe0, 0x00, 0x2f, 0xf5,
    0xbf, 0xff, 0xfa, 0x00, 0x2f, 0xf5, 0xbf, 0xcc,
    0xff, 0x50, 0x2f, 0xf5, 0xbf, 0xc1, 0xff, 0xe1,
    0x2f, 0xf5, 0xbf, 0xc0, 0x6f, 0xfb, 0x2f, 0xf5,
    0xbf, 0xc0, 0x0a, 0xff, 0x8f, 0xf5, 0xbf, 0xc0,
    0x01, 0xef, 0xff, 0xf5, 0xbf, 0xc0, 0x00, 0x4f,
    0xff, 0xf5, 0xbf, 0xc0, 0x00, 0x09, 0xff, 0xf5,
    0xbf, 0xc0, 0x00, 0x00, 0xdf, 0xf5, 0xbf, 0xc0,
    0x00, 0x00, 0x3f, 0xf5,

    /* U+004F "O" */
    0x00, 0x00, 0x7c, 0xff, 0xd8, 0x10, 0x00, 0x00,
    0x3e, 0xff, 0xff, 0xff, 0xf5, 0x00, 0x02, 0xef,
    0xfe, 0xa9, 0xcf, 0xff, 0x50, 0x0b, 0xff, 0x80,
    0x00, 0x05, 0xff, 0xe0, 0x2f, 0xfa, 0x00, 0x00,
    0x00, 0x6f, 0xf6, 0x6f, 0xf3, 0x00, 0x00, 0x00,
    0x0f, 0xfa, 0x8f, 0xf0, 0x00, 0x00, 0x00, 0x0c,
    0xfc, 0x8f, 0xf0, 0x00, 0x00, 0x00, 0x0c, 0xfc,
    0x6f, 0xf3, 0x00, 0x00, 0x00, 0x0f, 0xfa, 0x2f,
    0xfa, 0x00, 0x00, 0x00, 0x6f, 0xf6, 0x0b, 0xff,
    0x80, 0x00, 0x05, 0xff, 0xe0, 0x02, 0xff, 0xfe,
    0xa9, 0xdf, 0xff, 0x50, 0x00, 0x3e, 0xff, 0xff,
    0xff, 0xf6, 0x00, 0x00, 0x00, 0x7c, 0xff, 0xd9,
    0x20, 0x00,

    /* U+0050 "P" */
    0xbf, 0xff, 0xfe, 0xb4, 0x00, 0xbf, 0xff, 0xff,
    0xff, 0x60, 0xbf, 0xf8, 0x8a, 0xff, 0xf1, 0xbf,
    0xc0, 0x00, 0x5f, 0xf6, 0xbf, 0xc0, 0x00, 0x0f,
    0xf9, 0xbf, 0xc0, 0x00, 0x0f, 0xf9, 0xbf, 0xc0,
    0x00, 0x5f, 0xf6, 0xbf, 0xf8, 0x8a, 0xff, 0xf1,
    0xbf, 0xff, 0xff, 0xff, 0x60, 0xbf, 0xff, 0xff,
    0xb4, 0x00, 0xbf, 0xc0, 0x00, 0x00, 0x00, 0xbf,
    0xc0, 0x00, 0x00, 0x00, 0xbf, 0xc0, 0x00, 0x00,
    0x00, 0xbf, 0xc0, 0x00, 0x00, 0x00,

    /* U+0051 "Q" */
    0x00, 0x00, 0x7c, 0xff, 0xd8, 0x10, 0x00, 0x00,
    0x3e, 0xff, 0xff, 0xff, 0xf5, 0x00, 0x02, 0xef,
    0xfe, 0xa9, 0xcf, 0xff, 0x50, 0x0b, 0xff, 0x80,
    0x00, 0x05, 0xff, 0xe0, 0x2f, 0xfa, 0x00, 0x00,
    0x00, 0x6f, 0xf6, 0x6f, 0xf3, 0x00, 0x00, 0x00,
    0x0f, 0xfa, 0x8f, 0xf0, 0x00, 0x00, 0x00, 0x0c,
    0xfc, 0x8f, 0xf0, 0x00, 0x01, 0x10, 0x0c, 0xfc,
    0x6f, 0xf3, 0x00, 0x0c, 0xfb, 0x0f, 0xfa, 0x2f,
    0xfa, 0x00, 0x03, 0xff, 0xbf, 0xf6, 0x0b, 0xff,
    0x80, 0x00, 0xaf, 0xff, 0xe0, 0x02, 0xff, 0xfe,
    0xa9, 0xef, 0xff, 0x50, 0x00, 0x3e, 0xff, 0xff,
    0xff, 0xff, 0x10, 0x00, 0x00, 0x7c, 0xff, 0xd9,
    0xff, 0xa0, 0x00, 0x00, 0x00, 0x00, 0x00, 0x38,
    0x70,

    /* U+0052 "R" */
    0xbf, 0xff, 0xff, 0xc5, 0x00, 0xbf, 0xff, 0xff,
    0xff, 0x80, 0xbf, 0xf8, 0x89, 0xff, 0xf3, 0xbf,
    0xc0, 0x00, 0x2f, 0xf9, 0xbf, 0xc0, 0x00, 0x0d,
    0xfb, 0xbf, 0xc0, 0x00, 0x0e, 0xfa, 0xbf, 0xc0,
    0x01, 0x9f, 0xf7, 0xbf, 0xff, 0xff, 0xff, 0xe1,
    0xbf, 0xff, 0xff, 0xff, 0x20, 0xbf, 0xf8, 0x9f,
    0xfa, 0x00, 0xbf, 0xc0, 0x09, 0xff, 0x20, 0xbf,
    0xc0, 0x01, 0xff, 0xa0, 0xbf, 0xc0, 0x00, 0x9f,
    0xf2, 0xbf, 0xc0, 0x00, 0x1f, 0xfa,

    /* U+0053 "S" */
    0x00, 0x19, 0xef, 0xe9, 0x20, 0x00, 0x2e, 0xff,
    0xff, 0xff, 0x30, 0x0b, 0xff, 0xa8, 0xbf, 0xfa,
    0x00, 0xef, 0xa0, 0x00, 0x56, 0x00, 0x0e, 0xfb,
    0x00, 0x00, 0x00, 0x00, 0xaf, 0xfc, 0x61, 0x00,
    0x00, 0x02, 0xef, 0xff, 0xfc, 0x40, 0x00, 0x01,
    0x8e, 0xff, 0xff, 0x60, 0x00, 0x00, 0x03, 0x8f,
    0xfe, 0x00, 0x04, 0x00, 0x00, 0x8f, 0xf2, 0x2d,
    0xf4, 0x00, 0x07, 0xff, 0x21, 0xff, 0xfa, 0x79,
    0xff, 0xd0, 0x04, 0xff, 0xff, 0xff, 0xf4, 0x00,
    0x02, 0xae, 0xfe, 0xa2, 0x00,

    /* U+0054 "T" */
    0xdf, 0xff, 0xff, 0xff, 0xff, 0x9d, 0xff, 0xff,
    0xff, 0xff, 0xf9, 0x68, 0x88, 0xff, 0xf8, 0x88,
    0x40, 0x00, 0x0e, 0xf9, 0x00, 0x00, 0x00, 0x00,
    0xef, 0x90, 0x00, 0x00, 0x00, 0x0e, 0xf9, 0x00,
    0x00, 0x00, 0x00, 0xef, 0x90, 0x00, 0x00, 0x00,
    0x0e, 0xf9, 0x00, 0x00, 0x00, 0x00, 0xef, 0x90,
    0x00, 0x00, 0x00, 0x0e, 0xf9, 0x00, 0x00, 0x00,
    0x00, 0xef, 0x90, 0x00, 0x00, 0x00, 0x0e, 0xf9,
    0x00, 0x00, 0x00, 0x00, 0xef, 0x90, 0x00, 0x00,
    0x00, 0x0e, 0xf9, 0x00, 0x00,

    /* U+0055 "U" */
    0xcf, 0xb0, 0x00, 0x00, 0xef, 0x9c, 0xfb, 0x00,
    0x00, 0x0e, 0xf9, 0xcf, 0xb0, 0x00, 0x00, 0xef,
    0x9c, 0xfb, 0x00, 0x00, 0x0e, 0xf9, 0xcf, 0xb0,
    0x00, 0x00, 0xef, 0x9c, 0xfb, 0x00, 0x00, 0x0e,
    0xf9, 0xcf, 0xb0, 0x00, 0x00, 0xef, 0x9c, 0xfb,
    0x00, 0x00, 0x0e, 0xf9, 0xcf, 0xc0, 0x00, 0x00,
    0xff, 0x9a, 0xfe, 0x00, 0x00, 0x1f, 0xf7, 0x7f,
    0xf6, 0x00, 0x09, 0xff, 0x41, 0xff, 0xfb, 0x9c,
    0xff, 0xd0, 0x05, 0xff, 0xff, 0xff, 0xf3, 0x00,
    0x03, 0xae, 0xfe, 0x92, 0x00,

    /* U+0056 "V" */
    0xbf, 0xd0, 0x00, 0x00, 0x09, 0xfe, 0x05, 0xff,
    0x20, 0x00, 0x00, 0xef, 0x90, 0x1f, 0xf7, 0x00,
    0x00, 0x3f, 0xf4, 0x00, 0xbf, 0xc0, 0x00, 0x08,
    0xfe, 0x00, 0x06, 0xff, 0x10, 0x00, 0xdf, 0xa0,
    0x00, 0x1f, 0xf6, 0x00, 0x2f, 0xf4, 0x00, 0x00,
    0xcf, 0xb0, 0x08, 0xff, 0x00, 0x00, 0x07, 0xff,
    0x10, 0xdf, 0xa0, 0x00, 0x00, 0x2f, 0xf6, 0x2f,
    0xf5, 0x00, 0x00, 0x00, 0xdf, 0xb7, 0xff, 0x00,
    0x00, 0x00, 0x08, 0xff, 0xdf, 0xb0, 0x00, 0x00,
    0x00, 0x3f, 0xff, 0xf6, 0x00, 0x00, 0x00, 0x00,
    0xdf, 0xff, 0x10, 0x00, 0x00, 0x00, 0x08, 0xff,
    0xc0, 0x00, 0x00,

    /* U+0057 "W" */
    0x9f, 0xe0, 0x00, 0x00, 0xff, 0xf0, 0x00, 0x04,
    0xff, 0x35, 0xff, 0x20, 0x00, 0x4f, 0xff, 0x00,
    0x00, 0x8f, 0xf0, 0x1f, 0xf6, 0x00, 0x09, 0xff,
    0xf3, 0x00, 0x0c, 0xfb, 0x00, 0xdf, 0xa0, 0x00,
    0xdf, 0xff, 0x80, 0x00, 0xff, 0x70, 0x09, 0xfd,
    0x00, 0x2f, 0xfe, 0xfc, 0x00, 0x3f, 0xf3, 0x00,
    0x5f, 0xf1, 0x06, 0xff, 0x5f, 0xf1, 0x07, 0xff,
    0x00, 0x01, 0xff, 0x50, 0xbf, 0xb1, 0xff, 0x50,
    0xbf, 0xb0, 0x00, 0x0d, 0xf9, 0x0f, 0xf6, 0x0c,
    0xf9, 0x0f, 0xf7, 0x00, 0x00, 0x9f, 0xd4, 0xff,
    0x20, 0x7f, 0xe3, 0xff, 0x30, 0x00, 0x05, 0xff,
    0xaf, 0xd0, 0x03, 0xff, 0x9f, 0xf0, 0x00, 0x00,
    0x1f, 0xff, 0xf9, 0x00, 0x0e, 0xff, 0xfb, 0x00,
    0x00, 0x00, 0xdf, 0xff, 0x40, 0x00, 0xaf, 0xff,
    0x70, 0x00, 0x00, 0x09, 0xff, 0xf0, 0x00, 0x06,
    0xff, 0xf3, 0x00, 0x00, 0x00, 0x5f, 0xfb, 0x00,
    0x00, 0x1f, 0xff, 0x00, 0x00,

    /* U+0058 "X" */
    0x6f, 0xf9, 0x00, 0x00, 0x0d, 0xff, 0x10, 0xbf,
    0xf3, 0x00, 0x08, 0xff, 0x60, 0x02, 0xff, 0xc0,
    0x02, 0xff, 0xc0, 0x00, 0x07, 0xff, 0x70, 0xcf,
    0xf2, 0x00, 0x00, 0x0c, 0xff, 0x7f, 0xf7, 0x00,
    0x00, 0x00, 0x3f, 0xff, 0xfd, 0x00, 0x00, 0x00,
    0x00, 0xaf, 0xff, 0x30, 0x00, 0x00, 0x00, 0x0b,
    0xff, 0xf3, 0x00, 0x00, 0x00, 0x05, 0xff, 0xff,
    0xd0, 0x00, 0x00, 0x00, 0xef, 0xe8, 0xff, 0x70,
    0x00, 0x00, 0x9f, 0xf5, 0x0d, 0xff, 0x20, 0x00,
    0x3f, 0xfb, 0x00, 0x3f, 0xfc, 0x00, 0x0d, 0xff,
    0x20, 0x00, 0x9f, 0xf6, 0x08, 0xff, 0x70, 0x00,
    0x00, 0xef, 0xf2,

    /* U+0059 "Y" */
    0x0c, 0xfe, 0x00, 0x00, 0x0c, 0xfe, 0x00, 0x5f,
    0xf6, 0x00, 0x03, 0xff, 0x70, 0x00, 0xdf, 0xd0,
    0x00, 0xbf, 0xe0, 0x00, 0x05, 0xff, 0x50, 0x2f,
    0xf7, 0x00, 0x00, 0x0d, 0xfc, 0x0a, 0xff, 0x10,
    0x00, 0x00, 0x6f, 0xf6, 0xff, 0x80, 0x00, 0x00,
    0x00, 0xef, 0xff, 0xf1, 0x00, 0x00, 0x00, 0x07,
    0xff, 0xf9, 0x00, 0x00, 0x00, 0x00, 0x0f, 0xff,
    0x10, 0x00, 0x00, 0x00, 0x00, 0xbf, 0xe0, 0x00,
    0x00, 0x00, 0x00, 0x0a, 0xfd, 0x00, 0x00, 0x00,
    0x00, 0x00, 0xaf, 0xd0, 0x00, 0x00, 0x00, 0x00,
    0x0a, 0xfd, 0x00, 0x00, 0x00, 0x00, 0x00, 0xaf,
    0xd0, 0x00, 0x00,

    /* U+005A "Z" */
    0x0f, 0xff, 0xff, 0xff, 0xff, 0x20, 0xff, 0xff,
    0xff, 0xff, 0xf2, 0x08, 0x88, 0x88, 0x9f, 0xfc,
    0x00, 0x00, 0x00, 0x0a, 0xff, 0x20, 0x00, 0x00,
    0x04, 0xff, 0x80, 0x00, 0x00, 0x00, 0xef, 0xd0,
    0x00, 0x00, 0x00, 0x9f, 0xf3, 0x00, 0x00, 0x00,
    0x4f, 0xf9, 0x00, 0x00, 0x00, 0x0d, 0xfe, 0x00,
    0x00, 0x00, 0x09, 0xff, 0x40, 0x00, 0x00, 0x03,
    0xff, 0xa0, 0x00, 0x00, 0x00, 0xdf, 0xf9, 0x88,
    0x88, 0x81, 0x3f, 0xff, 0xff, 0xff, 0xff, 0x33,
    0xff, 0xff, 0xff, 0xff, 0xf3,

    /* U+005B "[" */
    0x57, 0xc7, 0x5c, 0xff, 0xfc, 0xcf, 0xff, 0xcc,
    0xfb, 0x00, 0xcf, 0xb0, 0x0c, 0xfb, 0x00, 0xcf,
    0xb0, 0x0c, 0xfb, 0x00, 0xcf, 0xb0, 0x0c, 0xfb,
    0x00, 0xcf, 0xb0, 0x0c, 0xfb, 0x00, 0xcf, 0xb0,
    0x0c, 0xfb, 0x00, 0xcf, 0xb0, 0x0c, 0xfb, 0x00,
    0xcf, 0xf6, 0x5c, 0xff, 0xfc, 0xcf, 0xff, 0xc0,

    /* U+005C "\\" */
    0x01, 0x81, 0x00, 0x00, 0x00, 0x00, 0xdf, 0x80,
    0x00, 0x00, 0x00, 0x07, 0xff, 0x10, 0x00, 0x00,
    0x00, 0x1f, 0xf7, 0x00, 0x00, 0x00, 0x00, 0x9f,
    0xe0, 0x00, 0x00, 0x00, 0x01, 0xff, 0x60, 0x00,
    0x00, 0x00, 0x0a, 0xfd, 0x00, 0x00, 0x00, 0x00,
    0x2f, 0xf5, 0x00, 0x00, 0x00, 0x00, 0xbf, 0xc0,
    0x00, 0x00, 0x00, 0x03, 0xff, 0x40, 0x00, 0x00,
    0x00, 0x0c, 0xfb, 0x00, 0x00, 0x00, 0x00, 0x5f,
    0xf3, 0x00, 0x00, 0x00, 0x00, 0xdf, 0xa0, 0x00,
    0x00, 0x00, 0x06, 0xff, 0x20, 0x00, 0x00, 0x00,
    0x0e, 0xf9, 0x00, 0x00, 0x00, 0x00, 0x7f, 0xf0,
    0x00, 0x00, 0x00, 0x00, 0xa3, 0x00,

    /* U+005D "]" */
    0x57, 0xb7, 0x6b, 0xff, 0xfd, 0xbf, 0xff, 0xd0,
    0x0a, 0xfd, 0x00, 0xaf, 0xd0, 0x0a, 0xfd, 0x00,
    0xaf, 0xd0, 0x0a, 0xfd, 0x00, 0xaf, 0xd0, 0x0a,
    0xfd, 0x00, 0xaf, 0xd0, 0x0a, 0xfd, 0x00, 0xaf,
    0xd0, 0x0a, 0xfd, 0x00, 0xaf, 0xd0, 0x0a, 0xfd,
    0x46, 0xff, 0xdb, 0xff, 0xfd, 0xbf, 0xff, 0xd0,

    /* U+005E "^" */
    0x00, 0x00, 0x00, 0x00, 0x00, 0x00, 0x6e, 0x30,
    0x00, 0x00, 0x7f, 0xff, 0x40, 0x00, 0x9f, 0xfc,
    0xff, 0x50, 0x8f, 0xf5, 0x09, 0xff, 0x43, 0xe4,
    0x00, 0x07, 0xd0, 0x00, 0x00, 0x00, 0x00, 0x00,

    /* U+005F "_" */
    0x12, 0x22, 0x22, 0x22, 0x22, 0x0a, 0xff, 0xff,
    0xff, 0xff, 0xf1, 0xaf, 0xff, 0xff, 0xff, 0xff,
    0x10,

    /* U+0060 "`" */
    0x00, 0x00, 0x06, 0xd1, 0x00, 0x8f, 0xe2, 0x00,
    0x7f, 0xe0, 0x00, 0x77, 0x00,

    /* U+0061 "a" */
    0x02, 0x9d, 0xfe, 0xa2, 0x00, 0x8f, 0xff, 0xff,
    0xe1, 0x01, 0x74, 0x37, 0xff, 0x60, 0x1a, 0xee,
    0xaf, 0xf9, 0x0d, 0xff, 0xff, 0xff, 0x95, 0xff,
    0x70, 0x5f, 0xf9, 0x7f, 0xf1, 0x00, 0xef, 0x95,
    0xff, 0x80, 0x5f, 0xf9, 0x0e, 0xff, 0xff, 0xff,
    0x90, 0x2b, 0xfe, 0xa9, 0xf9,

    /* U+0062 "b" */
    0xff, 0x80, 0x00, 0x00, 0x00, 0xff, 0x80, 0x00,
    0x00, 0x00, 0xff, 0x80, 0x00, 0x00, 0x00, 0xff,
    0x80, 0x00, 0x00, 0x00, 0xff, 0xba, 0xef, 0xb3,
    0x00, 0xff, 0xff, 0xff, 0xff, 0x30, 0xff, 0xfc,
    0x7a, 0xff, 0xd0, 0xff, 0xf0, 0x00, 0x9f, 0xf2,
    0xff, 0xd0, 0x00, 0x4f, 0xf4, 0xff, 0xd0, 0x00,
    0x4f, 0xf4, 0xff, 0xf0, 0x00, 0xaf, 0xf2, 0xff,
    0xfd, 0x9c, 0xff, 0xc0, 0xff, 0xff, 0xff, 0xff,
    0x30, 0xff, 0x2a, 0xef, 0xb3, 0x00,

    /* U+0063 "c" */
    0x00, 0x3a, 0xef, 0xc5, 0x00, 0x04, 0xff, 0xff,
    0xff, 0x90, 0x0e, 0xff, 0xa9, 0xef, 0xf3, 0x4f,
    0xf7, 0x00, 0x1b, 0x50, 0x6f, 0xf1, 0x00, 0x00,
    0x00, 0x6f, 0xf1, 0x00, 0x00, 0x00, 0x4f, 0xf7,
    0x00, 0x2b, 0x50, 0x0e, 0xff, 0xb9, 0xef, 0xf3,
    0x04, 0xff, 0xff, 0xff, 0x80, 0x00, 0x3a, 0xef,
    0xc5, 0x00,

    /* U+0064 "d" */
    0x00, 0x00, 0x00, 0x0b, 0xfc, 0x00, 0x00, 0x00,
    0x0b, 0xfc, 0x00, 0x00, 0x00, 0x0b, 0xfc, 0x00,
    0x00, 0x00, 0x0b, 0xfc, 0x00, 0x4c, 0xfe, 0x9c,
    0xfc, 0x05, 0xff, 0xff, 0xff, 0xfc, 0x0e, 0xff,
    0x97, 0xdf, 0xfc, 0x4f, 0xf7, 0x00, 0x1f, 0xfc,
    0x7f, 0xf1, 0x00, 0x0f, 0xfc, 0x6f, 0xf1, 0x00,
    0x0f, 0xfc, 0x4f, 0xf7, 0x00, 0x1f, 0xfc, 0x0e,
    0xff, 0x97, 0xdf, 0xfc, 0x05, 0xff, 0xff, 0xff,
    0xfc, 0x00, 0x4c, 0xfe, 0x94, 0xfc,

    /* U+0065 "e" */
    0x00, 0x3b, 0xef, 0xc5, 0x00, 0x04, 0xff, 0xff,
    0xff, 0x70, 0x0e, 0xfb, 0x22, 0x9f, 0xf2, 0x4f,
    0xf1, 0x00, 0x0d, 0xf8, 0x6f, 0xff, 0xff, 0xff,
    0xfa, 0x7f, 0xff, 0xff, 0xff, 0xfb, 0x4f, 0xf1,
    0x00, 0x02, 0x00, 0x0e, 0xfc, 0x32, 0x6f, 0xe2,
    0x05, 0xff, 0xff, 0xff, 0xb0, 0x00, 0x3b, 0xef,
    0xd7, 0x00,

    /* U+0066 "f" */
    0x00, 0x2c, 0xfe, 0x10, 0x0d, 0xff, 0xf2, 0x02,
    0xff, 0xc7, 0x10, 0x4f, 0xf4, 0x00, 0x9f, 0xff,
    0xfe, 0x09, 0xff, 0xff, 0xe0, 0x3a, 0xff, 0xa5,
    0x00, 0x4f, 0xf3, 0x00, 0x04, 0xff, 0x30, 0x00,
    0x4f, 0xf3, 0x00, 0x04, 0xff, 0x30, 0x00, 0x4f,
    0xf3, 0x00, 0x04, 0xff, 0x30, 0x00, 0x4f, 0xf3,
    0x00,

    /* U+0067 "g" */
    0x00, 0x4c, 0xfe, 0x93, 0xfd, 0x05, 0xff, 0xff,
    0xff, 0xfd, 0x0f, 0xff, 0x75, 0xbf, 0xfd, 0x4f,
    0xf6, 0x00, 0x0f, 0xfd, 0x6f, 0xf2, 0x00, 0x0f,
    0xfd, 0x5f, 0xf4, 0x00, 0x0f, 0xfd, 0x1f, 0xfd,
    0x30, 0x6f, 0xfd, 0x09, 0xff, 0xff, 0xff, 0xfd,
    0x00, 0x9f, 0xff, 0xee, 0xfd, 0x00, 0x01, 0x43,
    0x0a, 0xfc, 0x01, 0x92, 0x00, 0x0e, 0xf9, 0x0b,
    0xfe, 0x54, 0xbf, 0xf4, 0x02, 0xff, 0xff, 0xff,
    0x90, 0x00, 0x2a, 0xef, 0xd6, 0x00,

    /* U+0068 "h" */
    0xff, 0x80, 0x00, 0x00, 0x0f, 0xf8, 0x00, 0x00,
    0x00, 0xff, 0x80, 0x00, 0x00, 0x0f, 0xf8, 0x00,
    0x00, 0x00, 0xff, 0x86, 0xdf, 0xe5, 0x0f, 0xff,
    0xff, 0xff, 0xf1, 0xff, 0xfe, 0xac, 0xff, 0x6f,
    0xff, 0x10, 0x0f, 0xf7, 0xff, 0x80, 0x00, 0xff,
    0x8f, 0xf8, 0x00, 0x0f, 0xf8, 0xff, 0x80, 0x00,
    0xff, 0x8f, 0xf8, 0x00, 0x0f, 0xf8, 0xff, 0x80,
    0x00, 0xff, 0x8f, 0xf8, 0x00, 0x0f, 0xf8,

    /* U+0069 "i" */
    0x00, 0x10, 0x0d, 0xf8, 0x1f, 0xfc, 0x0a, 0xf6,
    0x00, 0x00, 0x0e, 0xf9, 0x0e, 0xf9, 0x0e, 0xf9,
    0x0e, 0xf9, 0x0e, 0xf9, 0x0e, 0xf9, 0x0e, 0xf9,
    0x0e, 0xf9, 0x0e, 0xf9, 0x0e, 0xf9,

    /* U+006A "j" */
    0x00, 0x01, 0x00, 0x0b, 0xfa, 0x00, 0xff, 0xe0,
    0x09, 0xf8, 0x00, 0x00, 0x00, 0x0c, 0xfb, 0x00,
    0xcf, 0xb0, 0x0c, 0xfb, 0x00, 0xcf, 0xb0, 0x0c,
    0xfb, 0x00, 0xcf, 0xb0, 0x0c, 0xfb, 0x00, 0xcf,
    0xb0, 0x0c, 0xfb, 0x00, 0xcf, 0xb0, 0x0c, 0xfb,
    0x06, 0xff, 0xa1, 0xff, 0xf6, 0x1e, 0xf9, 0x00,

    /* U+006B "k" */
    0xff, 0x80, 0x00, 0x00, 0x0f, 0xf8, 0x00, 0x00,
    0x00, 0xff, 0x80, 0x00, 0x00, 0x0f, 0xf8, 0x00,
    0x00, 0x00, 0xff, 0x80, 0x0b, 0xff, 0x2f, 0xf8,
    0x09, 0xff, 0x40, 0xff, 0x86, 0xff, 0x60, 0x0f,
    0xfc, 0xff, 0x90, 0x00, 0xff, 0xff, 0xf0, 0x00,
    0x0f, 0xff, 0xff, 0x30, 0x00, 0xff, 0xae, 0xfd,
    0x00, 0x0f, 0xf8, 0x4f, 0xfa, 0x00, 0xff, 0x80,
    0x7f, 0xf7, 0x0f, 0xf8, 0x00, 0xbf, 0xf3,

    /* U+006C "l" */
    0xff, 0x80, 0xff, 0x80, 0xff, 0x80, 0xff, 0x80,
    0xff, 0x80, 0xff, 0x80, 0xff, 0x80, 0xff, 0x80,
    0xff, 0x80, 0xff, 0x80, 0xff, 0x80, 0xef, 0xe4,
    0xbf, 0xf7, 0x2d, 0xf6,

    /* U+006D "m" */
    0xff, 0x17, 0xdf, 0xd3, 0x29, 0xef, 0xb1, 0x0f,
    0xff, 0xff, 0xff, 0xff, 0xff, 0xff, 0x90, 0xff,
    0xfc, 0x6b, 0xff, 0xf9, 0x6e, 0xfe, 0x0f, 0xff,
    0x00, 0x3f, 0xfb, 0x00, 0x7f, 0xf0, 0xff, 0x80,
    0x02, 0xff, 0x50, 0x07, 0xff, 0x0f, 0xf8, 0x00,
    0x2f, 0xf5, 0x00, 0x7f, 0xf1, 0xff, 0x80, 0x02,
    0xff, 0x50, 0x07, 0xff, 0x1f, 0xf8, 0x00, 0x2f,
    0xf5, 0x00, 0x7f, 0xf1, 0xff, 0x80, 0x02, 0xff,
    0x50, 0x07, 0xff, 0x1f, 0xf8, 0x00, 0x2f, 0xf5,
    0x00, 0x7f, 0xf1,

    /* U+006E "n" */
    0xff, 0x16, 0xdf, 0xe5, 0x0f, 0xff, 0xff, 0xff,
    0xf1, 0xff, 0xfe, 0xac, 0xff, 0x6f, 0xff, 0x10,
    0x0f, 0xf7, 0xff, 0x80, 0x00, 0xff, 0x8f, 0xf8,
    0x00, 0x0f, 0xf8, 0xff, 0x80, 0x00, 0xff, 0x8f,
    0xf8, 0x00, 0x0f, 0xf8, 0xff, 0x80, 0x00, 0xff,
    0x8f, 0xf8, 0x00, 0x0f, 0xf8,

    /* U+006F "o" */
    0x00, 0x2a, 0xef, 0xd8, 0x00, 0x00, 0x3f, 0xff,
    0xff, 0xfd, 0x10, 0x0e, 0xff, 0xb9, 0xdf, 0xf9,
    0x04, 0xff, 0x80, 0x00, 0xcf, 0xf0, 0x6f, 0xf2,
    0x00, 0x06, 0xff, 0x26, 0xff, 0x20, 0x00, 0x6f,
    0xf2, 0x4f, 0xf8, 0x00, 0x0c, 0xff, 0x00, 0xef,
    0xfb, 0x9d, 0xff, 0x90, 0x03, 0xff, 0xff, 0xff,
    0xd1, 0x00, 0x02, 0xae, 0xfd, 0x80, 0x00,

    /* U+0070 "p" */
    0xff, 0x2a, 0xef, 0xb3, 0x00, 0xff, 0xff, 0xff,
    0xff, 0x30, 0xff, 0xfd, 0x9c, 0xff, 0xc0, 0xff,
    0xf0, 0x00, 0xaf, 0xf2, 0xff, 0xd0, 0x00, 0x4f,
    0xf4, 0xff, 0xd0, 0x00, 0x4f, 0xf4, 0xff, 0xf0,
    0x00, 0x9f, 0xf2, 0xff, 0xfc, 0x7a, 0xff, 0xc0,
    0xff, 0xff, 0xff, 0xff, 0x30, 0xff, 0xaa, 0xef,
    0xb3, 0x00, 0xff, 0x80, 0x00, 0x00, 0x00, 0xff,
    0x80, 0x00, 0x00, 0x00, 0xff, 0x80, 0x00, 0x00,
    0x00, 0xff, 0x80, 0x00, 0x00, 0x00,

    /* U+0071 "q" */
    0x00, 0x4c, 0xfe, 0x94, 0xfc, 0x05, 0xff, 0xff,
    0xff, 0xfc, 0x0e, 0xff, 0x97, 0xdf, 0xfc, 0x4f,
    0xf7, 0x00, 0x1f, 0xfc, 0x7f, 0xf1, 0x00, 0x0f,
    0xfc, 0x7f, 0xf1, 0x00, 0x0f, 0xfc, 0x4f, 0xf7,
    0x00, 0x1f, 0xfc, 0x0e, 0xff, 0x97, 0xdf, 0xfc,
    0x05, 0xff, 0xff, 0xff, 0xfc, 0x00, 0x4c, 0xfe,
    0x9c, 0xfc, 0x00, 0x00, 0x00, 0x0b, 0xfc, 0x00,
    0x00, 0x00, 0x0b, 0xfc, 0x00, 0x00, 0x00, 0x0b,
    0xfc, 0x00, 0x00, 0x00, 0x0b, 0xfc,

    /* U+0072 "r" */
    0x00, 0x00, 0x00, 0xff, 0x3b, 0xf7, 0xff, 0xff,
    0xf7, 0xff, 0xf9, 0x62, 0xff, 0xe0, 0x00, 0xff,
    0x80, 0x00, 0xff, 0x80, 0x00, 0xff, 0x80, 0x00,
    0xff, 0x80, 0x00, 0xff, 0x80, 0x00, 0xff, 0x80,
    0x00,

    /* U+0073 "s" */
    0x00, 0x9e, 0xfd, 0x60, 0x0b, 0xff, 0xff, 0xf9,
    0x2f, 0xf6, 0x49, 0xe3, 0x1f, 0xf6, 0x00, 0x00,
    0x0b, 0xff, 0xfb, 0x40, 0x00, 0x7d, 0xff, 0xf6,
    0x00, 0x10, 0x2c, 0xfc, 0x1c, 0xe5, 0x2a, 0xfc,
    0x1d, 0xff, 0xff, 0xf6, 0x01, 0x9e, 0xfd, 0x60,

    /* U+0074 "t" */
    0x00, 0x58, 0x30, 0x00, 0x0d, 0xf6, 0x00, 0x00,
    0xff, 0x60, 0x08, 0xff, 0xff, 0xf6, 0x8f, 0xff,
    0xff, 0x63, 0x8f, 0xfd, 0x62, 0x01, 0xff, 0x60,
    0x00, 0x1f, 0xf6, 0x00, 0x01, 0xff, 0x60, 0x00,
    0x1f, 0xf7, 0x00, 0x00, 0xff, 0xe8, 0x40, 0x0b,
    0xff, 0xf6, 0x00, 0x1a, 0xef, 0x50,

    /* U+0075 "u" */
    0x0f, 0xf7, 0x00, 0x0f, 0xf7, 0x0f, 0xf7, 0x00,
    0x0f, 0xf7, 0x0f, 0xf7, 0x00, 0x0f, 0xf7, 0x0f,
    0xf7, 0x00, 0x0f, 0xf7, 0x0f, 0xf7, 0x00, 0x0f,
    0xf7, 0x0f, 0xf7, 0x00, 0x0f, 0xf7, 0x0f, 0xf8,
    0x00, 0x5f, 0xf7, 0x0e, 0xff, 0xab, 0xff, 0xf7,
    0x09, 0xff, 0xff, 0xff, 0xf7, 0x00, 0xaf, 0xfb,
    0x28, 0xf7,

    /* U+0076 "v" */
    0x9f, 0xf0, 0x00, 0x1f, 0xf6, 0x3f, 0xf5, 0x00,
    0x6f, 0xf1, 0x0d, 0xfa, 0x00, 0xbf, 0xb0, 0x08,
    0xfe, 0x00, 0xff, 0x60, 0x02, 0xff, 0x45, 0xff,
    0x10, 0x00, 0xcf, 0x9a, 0xfb, 0x00, 0x00, 0x7f,
    0xef, 0xf6, 0x00, 0x00, 0x1f, 0xff, 0xf1, 0x00,
    0x00, 0x0b, 0xff, 0xb0, 0x00, 0x00, 0x06, 0xff,
    0x50, 0x00,

    /* U+0077 "w" */
    0xaf, 0xc0, 0x00, 0xff, 0x50, 0x06, 0xfe, 0x06,
    0xff, 0x00, 0x4f, 0xf9, 0x00, 0xaf, 0xa0, 0x1f,
    0xf4, 0x09, 0xff, 0xe0, 0x0e, 0xf5, 0x00, 0xdf,
    0x80, 0xef, 0xff, 0x33, 0xff, 0x10, 0x08, 0xfc,
    0x3f, 0xfb, 0xf8, 0x7f, 0xc0, 0x00, 0x4f, 0xf8,
    0xfa, 0x5f, 0xdb, 0xf8, 0x00, 0x00, 0xff, 0xff,
    0x51, 0xff, 0xff, 0x30, 0x00, 0x0b, 0xff, 0xf1,
    0x0b, 0xff, 0xe0, 0x00, 0x00, 0x6f, 0xfb, 0x00,
    0x6f, 0xfa, 0x00, 0x00, 0x02, 0xff, 0x60, 0x02,
    0xff, 0x60, 0x00,

    /* U+0078 "x" */
    0x6f, 0xf6, 0x00, 0xaf, 0xf3, 0x0c, 0xfe, 0x13,
    0xff, 0x80, 0x02, 0xff, 0x9c, 0xfd, 0x00, 0x00,
    0x8f, 0xff, 0xf4, 0x00, 0x00, 0x0e, 0xff, 0xb0,
    0x00, 0x00, 0x0e, 0xff, 0xc0, 0x00, 0x00, 0x8f,
    0xff, 0xf5, 0x00, 0x02, 0xff, 0x8c, 0xfe, 0x00,
    0x0c, 0xfe, 0x02, 0xff, 0x90, 0x7f, 0xf5, 0x00,
    0x9f, 0xf3,

    /* U+0079 "y" */
    0x9f, 0xe0, 0x00, 0x0b, 0xfc, 0x03, 0xff, 0x50,
    0x02, 0xff, 0x60, 0x0c, 0xfc, 0x00, 0x8f, 0xf0,
    0x00, 0x6f, 0xf2, 0x0e, 0xf9, 0x00, 0x00, 0xef,
    0x95, 0xff, 0x20, 0x00, 0x09, 0xfe, 0xcf, 0xc0,
    0x00, 0x00, 0x2f, 0xff, 0xf5, 0x00, 0x00, 0x00,
    0xcf, 0xfe, 0x00, 0x00, 0x00, 0x06, 0xff, 0x90,
    0x00, 0x00, 0x00, 0x6f, 0xf2, 0x00, 0x00, 0x00,
    0x0c, 0xfb, 0x00, 0x00, 0x00, 0x03, 0xff, 0x50,
    0x00, 0x00, 0x00, 0x9f, 0xe0, 0x00, 0x00, 0x00,
    0x0f, 0xf8, 0x00, 0x00, 0x00,

    /* U+007A "z" */
    0x3f, 0xff, 0xff, 0xff, 0x23, 0xff, 0xff, 0xff,
    0xf2, 0x15, 0x55, 0x7f, 0xfc, 0x00, 0x00, 0x0c,
    0xfe, 0x10, 0x00, 0x09, 0xff, 0x30, 0x00, 0x05,
    0xff, 0x60, 0x00, 0x03, 0xff, 0xa0, 0x00, 0x01,
    0xef, 0xf6, 0x55, 0x51, 0x4f, 0xff, 0xff, 0xff,
    0x34, 0xff, 0xff, 0xff, 0xf3,

    /* U+007B "{" */
    0x00, 0x16, 0x62, 0x05, 0xff, 0xf6, 0x0e, 0xff,
    0xf6, 0x1f, 0xfa, 0x00, 0x0e, 0xf8, 0x00, 0x07,
    0xfd, 0x00, 0x00, 0xdf, 0x60, 0x00, 0x6f, 0xd0,
    0x00, 0x6f, 0xf0, 0x08, 0xff, 0xb0, 0x1f, 0xff,
    0x20, 0x0b, 0xff, 0xb0, 0x00, 0x7f, 0xf0, 0x00,
    0x6f, 0xc0, 0x00, 0xdf, 0x50, 0x08, 0xfc, 0x00,
    0x0f, 0xf7, 0x00, 0x1f, 0xfd, 0x72, 0x0c, 0xff,
    0xf6, 0x01, 0xae, 0xf6,

    /* U+007C "|" */
    0xaf, 0x9a, 0xfa, 0xaf, 0xaa, 0xfa, 0xaf, 0xaa,
    0xfa, 0xaf, 0xaa, 0xfa, 0xaf, 0xaa, 0xfa, 0xaf,
    0xaa, 0xfa, 0xaf, 0xaa, 0xfa, 0xaf, 0xaa, 0xfa,
    0xaf, 0xaa, 0xfa, 0xaf, 0xa0,

    /* U+007D "}" */
    0x16, 0x52, 0x00, 0x4f, 0xff, 0x60, 0x3f, 0xff,
    0xf1, 0x00, 0x8f, 0xf3, 0x00, 0x6f, 0xf1, 0x00,
    0xcf, 0x90, 0x04, 0xfe, 0x10, 0x0b, 0xf8, 0x00,
    0x0e, 0xf9, 0x00, 0x0a, 0xff, 0x91, 0x01, 0xff,
    0xf3, 0x09, 0xff, 0xc1, 0x0e, 0xfa, 0x00, 0x0b,
    0xf8, 0x00, 0x03, 0xff, 0x10, 0x00, 0xaf, 0xa0,
    0x00, 0x5f, 0xf2, 0x17, 0xcf, 0xf3, 0x4f, 0xff,
    0xd0, 0x4f, 0xea, 0x20,

    /* U+007E "~" */
    0x00, 0x02, 0x00, 0x00, 0x21, 0x00, 0x7f, 0xff,
    0xa4, 0x4d, 0xf5, 0x5f, 0xff, 0xff, 0xff, 0xfe,
    0x18, 0xf9, 0x03, 0x9e, 0xfb, 0x20, 0x02, 0x00,
    0x00, 0x00, 0x00, 0x00,

    /* U+00A0 " " */

    /* U+00A1 "¡" */
    0x17, 0x40, 0xcf, 0xf3, 0xef, 0xf5, 0x5e, 0xb0,
    0x00, 0x00, 0x4c, 0xa0, 0x6f, 0xd0, 0x7f, 0xf0,
    0x8f, 0xf0, 0x8f, 0xf0, 0x9f, 0xf1, 0x9f, 0xf1,
    0xaf, 0xf2, 0xaf, 0xf2, 0xbf, 0xf3,

    /* U+00A2 "¢" */
    0x00, 0x00, 0xff, 0x60, 0x00, 0x00, 0x00, 0xff,
    0x60, 0x00, 0x00, 0x18, 0xff, 0xf7, 0x00, 0x01,
    0xdf, 0xff, 0xff, 0xc0, 0x0b, 0xff, 0xa7, 0xcf,
    0xf7, 0x1f, 0xf9, 0x00, 0x0b, 0x91, 0x4f, 0xf3,
    0x00, 0x00, 0x00, 0x5f, 0xf3, 0x00, 0x00, 0x00,
    0x3f, 0xf7, 0x00, 0x07, 0x40, 0x0d, 0xff, 0x63,
    0x8f, 0xf7, 0x04, 0xff, 0xff, 0xff, 0xe1, 0x00,
    0x4d, 0xff, 0xfb, 0x20, 0x00, 0x00, 0xff, 0x70,
    0x00, 0x00, 0x00, 0xff, 0x60, 0x00,

    /* U+00A3 "£" */
    0x00, 0x09, 0xef, 0xd7, 0x00, 0x00, 0xcf, 0xff,
    0xff, 0xb0, 0x05, 0xff, 0xd9, 0xdf, 0xd1, 0x08,
    0xff, 0x00, 0x0b, 0x20, 0x07, 0xfe, 0x00, 0x00,
    0x00, 0x04, 0xff, 0x20, 0x00, 0x00, 0x00, 0xef,
    0x80, 0x00, 0x00, 0x2f, 0xff, 0xff, 0xfa, 0x00,
    0x2f, 0xff, 0xff, 0xfa, 0x00, 0x04, 0x6f, 0xf7,
    0x42, 0x00, 0x00, 0x6f, 0xf0, 0x00, 0x00, 0x02,
    0xff, 0xf8, 0x88, 0x83, 0x1f, 0xff, 0xff, 0xff,
    0xf6, 0x0e, 0xff, 0xff, 0xff, 0xf6,

    /* U+00A4 "¤" */
    0x00, 0x10, 0x00, 0x00, 0x10, 0x00, 0x8e, 0x23,
    0x64, 0x1d, 0xa0, 0x2f, 0xff, 0xff, 0xff, 0xff,
    0x40, 0x5f, 0xff, 0xff, 0xff, 0x70, 0x03, 0xff,
    0x70, 0x5f, 0xf5, 0x00, 0x5f, 0xf0, 0x00, 0xdf,
    0x70, 0x05, 0xff, 0x10, 0x0e, 0xf7, 0x00, 0x1f,
    0xfd, 0x7c, 0xff, 0x30, 0x0b, 0xff, 0xff, 0xff,
    0xfc, 0x01, 0xef, 0xed, 0xfd, 0xef, 0xf3, 0x02,
    0x90, 0x00, 0x00, 0x84, 0x00,

    /* U+00A5 "¥" */
    0x8f, 0xd0, 0x00, 0x05, 0xff, 0x11, 0xff, 0x50,
    0x00, 0xcf, 0x90, 0x09, 0xfc, 0x00, 0x4f, 0xf1,
    0x00, 0x1f, 0xf3, 0x0b, 0xf9, 0x00, 0x00, 0xaf,
    0xa2, 0xff, 0x20, 0x00, 0x36, 0xff, 0xbf, 0xc3,
    0x20, 0x2f, 0xff, 0xff, 0xff, 0xfa, 0x02, 0xff,
    0xff, 0xff, 0xff, 0xa0, 0x00, 0x00, 0xff, 0x70,
    0x00, 0x02, 0xff, 0xff, 0xff, 0xff, 0xa0, 0x2f,
    0xff, 0xff, 0xff, 0xfa, 0x00, 0x33, 0x3f, 0xf9,
    0x33, 0x20, 0x00, 0x00, 0xff, 0x70, 0x00, 0x00,

    /* U+00A6 "¦" */
    0xaf, 0xaa, 0xfa, 0xaf, 0xaa, 0xfa, 0xaf, 0xaa,
    0xfa, 0xaf, 0xaa, 0xfa, 0x35, 0x30, 0x00, 0x35,
    0x3a, 0xfa, 0xaf, 0xaa, 0xfa, 0xaf, 0xaa, 0xfa,
    0xaf, 0xaa, 0xfa, 0xaf, 0xa0,

    /* U+00A7 "§" */
    0x00, 0x2a, 0xef, 0xd7, 0x00, 0x02, 0xef, 0xff,
    0xff, 0xc0, 0x09, 0xff, 0x87, 0xcf, 0xd2, 0x0d,
    0xfa, 0x00, 0x07, 0x10, 0x0c, 0xfe, 0x10, 0x00,
    0x00, 0x08, 0xff, 0xfa, 0x50, 0x00, 0x01, 0xff,
    0xff, 0xfd, 0x30, 0x05, 0xff, 0xff, 0xff, 0xf1,
    0x0d, 0xf8, 0x01, 0xaf, 0xf6, 0x0e, 0xfa, 0x00,
    0x0f, 0xf7, 0x0a, 0xff, 0xd8, 0x7f, 0xf3, 0x02,
    0xef, 0xff, 0xff, 0xa0, 0x00, 0x06, 0xbf, 0xff,
    0xe1, 0x00, 0x00, 0x01, 0x9f, 0xf5, 0x06, 0xd1,
    0x00, 0x2f, 0xf6, 0x2f, 0xfe, 0x87, 0xcf, 0xf3,
    0x06, 0xff, 0xff, 0xff, 0x90, 0x00, 0x4b, 0xef,
    0xc6, 0x00,

    /* U+00A8 "¨" */
    0x00, 0x00, 0x00, 0x00, 0x09, 0xf6, 0x0c, 0xe3,
    0x0f, 0xfc, 0x4f, 0xf8, 0x09, 0xf6, 0x0c, 0xe3,

    /* U+00A9 "©" */
    0x00, 0x00, 0x6a, 0xb9, 0x40, 0x00, 0x00, 0x2d,
    0xff, 0xff, 0xfb, 0x00, 0x01, 0xef, 0x82, 0x03,
    0xbf, 0xb0, 0x0a, 0xf5, 0x3c, 0xfc, 0x2a, 0xf5,
    0x0f, 0xc1, 0xff, 0xbf, 0xc1, 0xfb, 0x3f, 0x85,
    0xf6, 0x03, 0x00, 0xde, 0x3f, 0x75, 0xf6, 0x03,
    0x00, 0xce, 0x1f, 0xa1, 0xef, 0xbf, 0xc0, 0xfc,
    0x0c, 0xf2, 0x3c, 0xfc, 0x27, 0xf7, 0x03, 0xfe,
    0x30, 0x00, 0x6f, 0xd0, 0x00, 0x6f, 0xfd, 0xce,
    0xfe, 0x20, 0x00, 0x02, 0xae, 0xfd, 0x81, 0x00,

    /* U+00AA "ª" */
    0x07, 0xdf, 0xd7, 0x00, 0xac, 0xaf, 0xf4, 0x00,
    0x01, 0x6f, 0x80, 0x9f, 0xff, 0xf9, 0x6f, 0xb6,
    0xff, 0x96, 0xf9, 0x3c, 0xf9, 0x1d, 0xff, 0xff,
    0x90, 0x03, 0x40, 0x53,

    /* U+00AB "«" */
    0x00, 0x0d, 0xfb, 0x09, 0xfe, 0x10, 0x09, 0xfe,
    0x14, 0xff, 0x50, 0x03, 0xff, 0x50, 0xef, 0xa0,
    0x00, 0xdf, 0xa0, 0x9f, 0xe1, 0x00, 0x1e, 0xf8,
    0x0b, 0xfd, 0x00, 0x00, 0x5f, 0xf3, 0x1e, 0xf8,
    0x00, 0x00, 0xaf, 0xd0, 0x5f, 0xf3, 0x00, 0x01,
    0xef, 0x90, 0xbf, 0xd0, 0x00, 0x01, 0x22, 0x00,
    0x22, 0x00,

    /* U+00AC "¬" */
    0x18, 0x88, 0x88, 0x8c, 0xff, 0x2f, 0xff, 0xff,
    0xff, 0xff, 0x2f, 0xff, 0xff, 0xff, 0xff, 0x00,
    0x00, 0x00, 0x07, 0xfe, 0x00, 0x00, 0x00, 0x07,
    0xfe, 0x00, 0x00, 0x00, 0x07, 0xfe,

    /* U+00AE "®" */
    0x00, 0x00, 0x6a, 0xb9, 0x40, 0x00, 0x00, 0x2d,
    0xff, 0xff, 0xfb, 0x00, 0x01, 0xef, 0x82, 0x03,
    0xbf, 0xb0, 0x0a, 0xf5, 0x9d, 0xd9, 0x0a, 0xf5,
    0x0f, 0xc0, 0xbf, 0xff, 0x91, 0xfb, 0x3f, 0x80,
    0xbd, 0x0e, 0xb0, 0xde, 0x3f, 0x70, 0xbf, 0xff,
    0x60, 0xce, 0x1f, 0xa0, 0xbf, 0xff, 0x00, 0xfc,
    0x0c, 0xf2, 0xac, 0x3f, 0x67, 0xf7, 0x03, 0xfe,
    0x30, 0x00, 0x6f, 0xd0, 0x00, 0x6f, 0xfd, 0xce,
    0xfe, 0x20, 0x00, 0x02, 0xae, 0xfd, 0x81, 0x00,

    /* U+00AF "¯" */
    0x00, 0x00, 0x00, 0x7f, 0xff, 0xff, 0x7f, 0xff,
    0xff,

    /* U+00B0 "°" */
    0x01, 0xae, 0xd6, 0x00, 0x0d, 0xff, 0xff, 0x70,
    0x5f, 0xc1, 0x4f, 0xe0, 0x8f, 0x60, 0x0d, 0xf1,
    0x5f, 0xb0, 0x3f, 0xf0, 0x0d, 0xff, 0xff, 0x80,
    0x01, 0xbf, 0xe7, 0x00,

    /* U+00B1 "±" */
    0x00, 0x00, 0x78, 0x30, 0x00, 0x00, 0x00, 0xef,
    0x70, 0x00, 0x00, 0x00, 0xef, 0x70, 0x00, 0x3f,
    0xff, 0xff, 0xff, 0xff, 0x3f, 0xff, 0xff, 0xff,
    0xff, 0x18, 0x88, 0xff, 0xf8, 0x87, 0x00, 0x00,
    0xef, 0x70, 0x00, 0x00, 0x00, 0xef, 0x70, 0x00,
    0x00, 0x00, 0xde, 0x60, 0x00, 0x00, 0x00, 0x00,
    0x00, 0x00, 0x18, 0x88, 0x88, 0x88, 0x87, 0x3f,
    0xff, 0xff, 0xff, 0xff, 0x3f, 0xff, 0xff, 0xff,
    0xff,

    /* U+00B2 "²" */
    0x05, 0xdf, 0xc2, 0x04, 0xff, 0xef, 0xd0, 0x07,
    0x30, 0xff, 0x00, 0x00, 0x6f, 0xa0, 0x00, 0x5f,
    0xe1, 0x00, 0x5f, 0xe2, 0x00, 0x3f, 0xff, 0xee,
    0x16, 0xff, 0xff, 0xf2,

    /* U+00B3 "³" */
    0x09, 0xef, 0xb1, 0x07, 0xfe, 0xef, 0xa0, 0x05,
    0x05, 0xfa, 0x00, 0x0f, 0xff, 0x50, 0x00, 0x8a,
    0xfe, 0x00, 0x81, 0x0e, 0xf1, 0x6f, 0xee, 0xfc,
    0x00, 0x8e, 0xfb, 0x10,

    /* U+00B4 "´" */
    0x00, 0x00, 0x00, 0x07, 0xd1, 0x07, 0xfe, 0x26,
    0xfe, 0x20, 0x1b, 0x10, 0x00,

    /* U+00B5 "µ" */
    0x0f, 0xf7, 0x00, 0x0f, 0xf7, 0x0f, 0xf7, 0x00,
    0x0f, 0xf7, 0x0f, 0xf7, 0x00, 0x0f, 0xf7, 0x0f,
    0xf7, 0x00, 0x0f, 0xf7, 0x0f, 0xf7, 0x00, 0x0f,
    0xf7, 0x1f, 0xfd, 0x00, 0x0f, 0xf7, 0x0f, 0xfe,
    0x00, 0x4f, 0xf7, 0x0f, 0xff, 0x68, 0xff, 0xf7,
    0x0f, 0xff, 0xff, 0xff, 0xf7, 0x0f, 0xff, 0xeb,
    0x49, 0xf7, 0x0f, 0xf7, 0x00, 0x00, 0x00, 0x0f,
    0xf7, 0x00, 0x00, 0x00, 0x0f, 0xf7, 0x00, 0x00,
    0x00, 0x0f, 0xf7, 0x00, 0x00, 0x00,

    /* U+00B6 "¶" */
    0x00, 0x05, 0xbe, 0xff, 0xff, 0xff, 0xa0, 0x09,
    0xff, 0xff, 0xff, 0xff, 0xf7, 0x05, 0xff, 0xff,
    0xf7, 0xbf, 0xf6, 0x00, 0xcf, 0xff, 0xf9, 0x04,
    0xff, 0x30, 0x0f, 0xff, 0xff, 0x90, 0x4f, 0xf3,
    0x01, 0xff, 0xff, 0xf9, 0x04, 0xff, 0x30, 0x0f,
    0xff, 0xff, 0x90, 0x4f, 0xf3, 0x00, 0xbf, 0xff,
    0xf9, 0x04, 0xff, 0x30, 0x03, 0xff, 0xff, 0x90,
    0x4f, 0xf3, 0x00, 0x04, 0xff, 0xf9, 0x04, 0xff,
    0x30, 0x00, 0x01, 0x69, 0x50, 0x4f, 0xf3, 0x00,
    0x00, 0x00, 0x00, 0x04, 0xff, 0x30, 0x00, 0x00,
    0x10, 0x00, 0x4f, 0xf2, 0x00, 0x03, 0xcb, 0x00,
    0x08, 0xff, 0x10, 0x00, 0x5f, 0xfb, 0x69, 0xff,
    0xb0, 0x00, 0x00, 0xaf, 0xff, 0xff, 0xf2, 0x00,
    0x00, 0x00, 0x6c, 0xfe, 0xa2, 0x00, 0x00,

    /* U+00B7 "·" */
    0x04, 0xa6, 0x00, 0xff, 0xf3, 0x1f, 0xff, 0x50,
    0x7e, 0xa0,

    /* U+00B8 "¸" */
    0x0d, 0xe1, 0x00, 0xdf, 0xe0, 0x33, 0x6f, 0x2b,
    0xff, 0xc0, 0x03, 0x30, 0x00,

    /* U+00B9 "¹" */
    0x01, 0xdf, 0xbf, 0xff, 0xcd, 0xff, 0x00, 0xff,
    0x00, 0xff, 0x00, 0xff, 0x00, 0xff, 0x00, 0xff,

    /* U+00BA "º" */
    0x01, 0xae, 0xfb, 0x30, 0x0d, 0xff, 0xff, 0xf2,
    0x6f, 0xd1, 0x0b, 0xf9, 0x8f, 0x90, 0x05, 0xfb,
    0x6f, 0xd1, 0x0b, 0xf9, 0x0e, 0xff, 0xff, 0xf2,
    0x02, 0xae, 0xfc, 0x30,

    /* U+00BB "»" */
    0x2f, 0xf7, 0x0c, 0xfc, 0x00, 0x00, 0x7f, 0xf2,
    0x2f, 0xf7, 0x00, 0x00, 0xcf, 0xd0, 0x7f, 0xf2,
    0x00, 0x02, 0xff, 0x80, 0xcf, 0xc0, 0x00, 0x1e,
    0xf9, 0x0a, 0xfe, 0x00, 0x0a, 0xfe, 0x05, 0xff,
    0x40, 0x05, 0xff, 0x41, 0xef, 0x90, 0x01, 0xef,
    0x90, 0xaf, 0xd0, 0x00, 0x02, 0x20, 0x02, 0x21,
    0x00, 0x00,

    /* U+00BC "¼" */
    0x00, 0x00, 0x00, 0x00, 0x00, 0x31, 0x00, 0x00,
    0x00, 0x2d, 0xf0, 0x00, 0x00, 0x0e, 0xf1, 0x00,
    0x00, 0xcf, 0xff, 0x00, 0x00, 0x09, 0xf9, 0x00,
    0x00, 0x0c, 0xdf, 0xf0, 0x00, 0x03, 0xfe, 0x10,
    0x00, 0x00, 0x00, 0xff, 0x00, 0x00, 0xcf, 0x50,
    0x00, 0x00, 0x00, 0x0f, 0xf0, 0x00, 0x7f, 0xb0,
    0x00, 0x00, 0x00, 0x00, 0xff, 0x00, 0x1f, 0xf2,
    0x07, 0x91, 0x00, 0x00, 0x0f, 0xf0, 0x0b, 0xf7,
    0x00, 0xfe, 0x00, 0x00, 0x00, 0xff, 0x04, 0xfd,
    0x00, 0x5f, 0x90, 0x00, 0x00, 0x02, 0x20, 0xef,
    0x30, 0x0a, 0xf3, 0x5f, 0x30, 0x00, 0x00, 0x8f,
    0x90, 0x00, 0xfe, 0x09, 0xf3, 0x00, 0x00, 0x3f,
    0xe1, 0x00, 0x4f, 0xff, 0xff, 0xf3, 0x00, 0x0c,
    0xf5, 0x00, 0x07, 0xff, 0xff, 0xff, 0x40, 0x06,
    0xfb, 0x00, 0x00, 0x00, 0x00, 0xbf, 0x30, 0x00,
    0xcf, 0x20, 0x00, 0x00, 0x00, 0x05, 0x81, 0x00,
    0x00, 0x40, 0x00, 0x00, 0x00, 0x00, 0x00, 0x00,

    /* U+00BD "½" */
    0x00, 0x00, 0x00, 0x00, 0x00, 0x20, 0x00, 0x00,
    0x00, 0xbf, 0x00, 0x00, 0x00, 0xed, 0x10, 0x00,
    0x17, 0xff, 0x00, 0x00, 0x08, 0xfc, 0x00, 0x00,
    0xcf, 0xff, 0x00, 0x00, 0x2f, 0xf3, 0x00, 0x00,
    0xbb, 0xff, 0x00, 0x00, 0xbf, 0x90, 0x00, 0x00,
    0x00, 0xff, 0x00, 0x05, 0xfe, 0x00, 0x00, 0x00,
    0x00, 0xff, 0x00, 0x0e, 0xf5, 0x00, 0x00, 0x00,
    0x00, 0xff, 0x00, 0x8f, 0xb0, 0x0a, 0xfe, 0x80,
    0x00, 0xff, 0x02, 0xff, 0x20, 0xaf, 0xff, 0xf5,
    0x00, 0x22, 0x0b, 0xf7, 0x00, 0x02, 0x07, 0xf8,
    0x00, 0x00, 0x5f, 0xd0, 0x00, 0x00, 0x0d, 0xf3,
    0x00, 0x00, 0xef, 0x40, 0x00, 0x00, 0xbf, 0x70,
    0x00, 0x08, 0xfa, 0x00, 0x00, 0x0b, 0xf9, 0x00,
    0x00, 0x2f, 0xf1, 0x00, 0x00, 0xbf, 0xff, 0xfa,
    0x00, 0xbf, 0x60, 0x00, 0x00, 0xdf, 0xff, 0xfa,
    0x00, 0x6b, 0x00, 0x00, 0x00, 0x00, 0x00, 0x00,

    /* U+00BE "¾" */
    0x00, 0x00, 0x00, 0x00, 0x00, 0x00, 0x10, 0x00,
    0x00, 0x08, 0xef, 0xa1, 0x00, 0x00, 0x02, 0xfa,
    0x00, 0x00, 0x7f, 0xff, 0xf9, 0x00, 0x00, 0x0c,
    0xf6, 0x00, 0x00, 0x08, 0x13, 0xfb, 0x00, 0x00,
    0x6f, 0xc0, 0x00, 0x00, 0x00, 0x9f, 0xf5, 0x00,
    0x01, 0xef, 0x20, 0x00, 0x00, 0x00, 0xff, 0xfc,
    0x00, 0x0a, 0xf8, 0x00, 0x00, 0x00, 0x05, 0x01,
    0xff, 0x10, 0x4f, 0xd0, 0x09, 0x80, 0x00, 0x6f,
    0xff, 0xfd, 0x00, 0xdf, 0x40, 0x4f, 0x90, 0x00,
    0x08, 0xef, 0xb2, 0x08, 0xfa, 0x00, 0x9f, 0x42,
    0x50, 0x00, 0x00, 0x00, 0x3f, 0xe1, 0x00, 0xef,
    0x0a, 0xe0, 0x00, 0x00, 0x00, 0xcf, 0x60, 0x04,
    0xfa, 0x0e, 0xe0, 0x00, 0x00, 0x07, 0xfb, 0x00,
    0x09, 0xff, 0xff, 0xff, 0x00, 0x00, 0x1f, 0xf2,
    0x00, 0x0b, 0xff, 0xff, 0xff, 0x00, 0x00, 0xbf,
    0x70, 0x00, 0x00, 0x00, 0x0f, 0xe0, 0x00, 0x02,
    0xfd, 0x00, 0x00, 0x00, 0x00, 0x07, 0x70, 0x00,
    0x00, 0x12, 0x00, 0x00, 0x00, 0x00, 0x00, 0x00,

    /* U+00BF "¿" */
    0x00, 0x00, 0x47, 0x10, 0x00, 0x00, 0x04, 0xff,
    0xb0, 0x00, 0x00, 0x06, 0xff, 0xd0, 0x00, 0x00,
    0x00, 0xce, 0x50, 0x00, 0x00, 0x00, 0x00, 0x00,
    0x00, 0x00, 0x00, 0x6e, 0x20, 0x00, 0x00, 0x0b,
    0xff, 0xb0, 0x00, 0x00, 0xcf, 0xfd, 0x30, 0x00,
    0x09, 0xff, 0xa0, 0x00, 0x00, 0x0f, 0xfb, 0x00,
    0x00, 0x00, 0x2f, 0xf6, 0x00, 0x00, 0x10, 0x1f,
    0xf9, 0x00, 0x0b, 0xd0, 0x0d, 0xff, 0xa9, 0xef,
    0xf7, 0x04, 0xff, 0xff, 0xff, 0xa0, 0x00, 0x3b,
    0xff, 0xc5, 0x00,

    /* U+00C0 "À" */
    0x00, 0x00, 0x30, 0x00, 0x00, 0x00, 0x00, 0x00,
    0x4f, 0x80, 0x00, 0x00, 0x00, 0x00, 0x01, 0xdf,
    0x90, 0x00, 0x00, 0x00, 0x00, 0x01, 0xdf, 0x50,
    0x00, 0x00, 0x00, 0x00, 0x01, 0x70, 0x00, 0x00,
    0x00, 0x00, 0x00, 0x00, 0x00, 0x00, 0x00, 0x00,
    0x00, 0x4f, 0xfe, 0x00, 0x00, 0x00, 0x00, 0x0a,
    0xff, 0xf3, 0x00, 0x00, 0x00, 0x00, 0xff, 0xff,
    0x80, 0x00, 0x00, 0x00, 0x4f, 0xfb, 0xfe, 0x00,
    0x00, 0x00, 0x09, 0xfd, 0x3f, 0xf3, 0x00, 0x00,
    0x00, 0xef, 0x80, 0xef, 0x80, 0x00, 0x00, 0x4f,
    0xf3, 0x09, 0xfd, 0x00, 0x00, 0x09, 0xfe, 0x00,
    0x4f, 0xf2, 0x00, 0x00, 0xef, 0x80, 0x00, 0xff,
    0x70, 0x00, 0x4f, 0xff, 0xff, 0xff, 0xfc, 0x00,
    0x09, 0xff, 0xff, 0xff, 0xff, 0xf1, 0x00, 0xef,
    0xf7, 0x77, 0x78, 0xff, 0x60, 0x3f, 0xf4, 0x00,
    0x00, 0x0c, 0xfb, 0x09, 0xfe, 0x00, 0x00, 0x00,
    0x7f, 0xf1,

    /* U+00C1 "Á" */
    0x00, 0x00, 0x00, 0x01, 0x10, 0x00, 0x00, 0x00,
    0x00, 0x01, 0xdc, 0x00, 0x00, 0x00, 0x00, 0x02,
    0xdf, 0x80, 0x00, 0x00, 0x00, 0x00, 0xcf, 0x70,
    0x00, 0x00, 0x00, 0x00, 0x02, 0x60, 0x00, 0x00,
    0x00, 0x00, 0x00, 0x00, 0x00, 0x00, 0x00, 0x00,
    0x00, 0x4f, 0xfe, 0x00, 0x00, 0x00, 0x00, 0x0a,
    0xff, 0xf3, 0x00, 0x00, 0x00, 0x00, 0xff, 0xff,
    0x80, 0x00, 0x00, 0x00, 0x4f, 0xfb, 0xfe, 0x00,
    0x00, 0x00, 0x09, 0xfd, 0x3f, 0xf3, 0x00, 0x00,
    0x00, 0xef, 0x80, 0xef, 0x80, 0x00, 0x00, 0x4f,
    0xf3, 0x09, 0xfd, 0x00, 0x00, 0x09, 0xfe, 0x00,
    0x4f, 0xf2, 0x00, 0x00, 0xef, 0x80, 0x00, 0xff,
    0x70, 0x00, 0x4f, 0xff, 0xff, 0xff, 0xfc, 0x00,
    0x09, 0xff, 0xff, 0xff, 0xff, 0xf1, 0x00, 0xef,
    0xf7, 0x77, 0x78, 0xff, 0x60, 0x3f, 0xf4, 0x00,
    0x00, 0x0c, 0xfb, 0x09, 0xfe, 0x00, 0x00, 0x00,
    0x7f, 0xf1,

    /* U+00C2 "Â" */
    0x00, 0x00, 0x02, 0x80, 0x00, 0x00, 0x00, 0x00,
    0x02, 0xef, 0xa0, 0x00, 0x00, 0x00, 0x03, 0xef,
    0xff, 0xb0, 0x00, 0x00, 0x00, 0x1d, 0x50, 0x87,
    0x00, 0x00, 0x00, 0x00, 0x00, 0x00, 0x00, 0x00,
    0x00, 0x00, 0x04, 0xff, 0xe0, 0x00, 0x00, 0x00,
    0x00, 0xaf, 0xff, 0x30, 0x00, 0x00, 0x00, 0x0f,
    0xff, 0xf8, 0x00, 0x00, 0x00, 0x04, 0xff, 0xbf,
    0xe0, 0x00, 0x00, 0x00, 0x9f, 0xd3, 0xff, 0x30,
    0x00, 0x00, 0x0e, 0xf8, 0x0e, 0xf8, 0x00, 0x00,
    0x04, 0xff, 0x30, 0x9f, 0xd0, 0x00, 0x00, 0x9f,
    0xe0, 0x04, 0xff, 0x20, 0x00, 0x0e, 0xf8, 0x00,
    0x0f, 0xf7, 0x00, 0x04, 0xff, 0xff, 0xff, 0xff,
    0xc0, 0x00, 0x9f, 0xff, 0xff, 0xff, 0xff, 0x10,
    0x0e, 0xff, 0x77, 0x77, 0x8f, 0xf6, 0x03, 0xff,
    0x40, 0x00, 0x00, 0xcf, 0xb0, 0x9f, 0xe0, 0x00,
    0x00, 0x07, 0xff, 0x10,

    /* U+00C3 "Ã" */
    0x00, 0x04, 0xde, 0x61, 0xc5, 0x00, 0x00, 0x00,
    0xef, 0xff, 0xff, 0x90, 0x00, 0x00, 0x06, 0x81,
    0x9e, 0xa0, 0x00, 0x00, 0x00, 0x00, 0x00, 0x00,
    0x00, 0x00, 0x00, 0x00, 0x4f, 0xfe, 0x00, 0x00,
    0x00, 0x00, 0x0a, 0xff, 0xf3, 0x00, 0x00, 0x00,
    0x00, 0xff, 0xff, 0x80, 0x00, 0x00, 0x00, 0x4f,
    0xfb, 0xfe, 0x00, 0x00, 0x00, 0x09, 0xfd, 0x3f,
    0xf3, 0x00, 0x00, 0x00, 0xef, 0x80, 0xef, 0x80,
    0x00, 0x00, 0x4f, 0xf3, 0x09, 0xfd, 0x00, 0x00,
    0x09, 0xfe, 0x00, 0x4f, 0xf2, 0x00, 0x00, 0xef,
    0x80, 0x00, 0xff, 0x70, 0x00, 0x4f, 0xff, 0xff,
    0xff, 0xfc, 0x00, 0x09, 0xff, 0xff, 0xff, 0xff,
    0xf1, 0x00, 0xef, 0xf7, 0x77, 0x78, 0xff, 0x60,
    0x3f, 0xf4, 0x00, 0x00, 0x0c, 0xfb, 0x09, 0xfe,
    0x00, 0x00, 0x00, 0x7f, 0xf1,

    /* U+00C4 "Ä" */
    0x00, 0x00, 0x00, 0x00, 0x00, 0x00, 0x00, 0x00,
    0x8f, 0x70, 0xce, 0x30, 0x00, 0x00, 0x0f, 0xfd,
    0x3f, 0xf9, 0x00, 0x00, 0x00, 0x8f, 0x70, 0xce,
    0x30, 0x00, 0x00, 0x00, 0x00, 0x00, 0x00, 0x00,
    0x00, 0x00, 0x04, 0xff, 0xe0, 0x00, 0x00, 0x00,
    0x00, 0xaf, 0xff, 0x30, 0x00, 0x00, 0x00, 0x0f,
    0xff, 0xf8, 0x00, 0x00, 0x00, 0x04, 0xff, 0xbf,
    0xe0, 0x00, 0x00, 0x00, 0x9f, 0xd3, 0xff, 0x30,
    0x00, 0x00, 0x0e, 0xf8, 0x0e, 0xf8, 0x00, 0x00,
    0x04, 0xff, 0x30, 0x9f, 0xd0, 0x00, 0x00, 0x9f,
    0xe0, 0x04, 0xff, 0x20, 0x00, 0x0e, 0xf8, 0x00,
    0x0f, 0xf7, 0x00, 0x04, 0xff, 0xff, 0xff, 0xff,
    0xc0, 0x00, 0x9f, 0xff, 0xff, 0xff, 0xff, 0x10,
    0x0e, 0xff, 0x77, 0x77, 0x8f, 0xf6, 0x03, 0xff,
    0x40, 0x00, 0x00, 0xcf, 0xb0, 0x9f, 0xe0, 0x00,
    0x00, 0x07, 0xff, 0x10,

    /* U+00C5 "Å" */
    0x00, 0x00, 0x05, 0x72, 0x00, 0x00, 0x00, 0x00,
    0x06, 0xff, 0xe2, 0x00, 0x00, 0x00, 0x00, 0xcc,
    0x2f, 0x70, 0x00, 0x00, 0x00, 0x0b, 0xfa, 0xf5,
    0x00, 0x00, 0x00, 0x00, 0x1c, 0xf9, 0x00, 0x00,
    0x00, 0x00, 0x00, 0x00, 0x00, 0x00, 0x00, 0x00,
    0x00, 0x4f, 0xfe, 0x00, 0x00, 0x00, 0x00, 0x0a,
    0xff, 0xf3, 0x00, 0x00, 0x00, 0x00, 0xff, 0xff,
    0x80, 0x00, 0x00, 0x00, 0x4f, 0xfb, 0xfe, 0x00,
    0x00, 0x00, 0x09, 0xfd, 0x3f, 0xf3, 0x00, 0x00,
    0x00, 0xef, 0x80, 0xef, 0x80, 0x00, 0x00, 0x4f,
    0xf3, 0x09, 0xfd, 0x00, 0x00, 0x09, 0xfe, 0x00,
    0x4f, 0xf2, 0x00, 0x00, 0xef, 0x80, 0x00, 0xff,
    0x70, 0x00, 0x4f, 0xff, 0xff, 0xff, 0xfc, 0x00,
    0x09, 0xff, 0xff, 0xff, 0xff, 0xf1, 0x00, 0xef,
    0xf7, 0x77, 0x78, 0xff, 0x60, 0x3f, 0xf4, 0x00,
    0x00, 0x0c, 0xfb, 0x09, 0xfe, 0x00, 0x00, 0x00,
    0x7f, 0xf1,

    /* U+00C6 "Æ" */
    0x00, 0x00, 0x0d, 0xff, 0xff, 0xff, 0xff, 0xd0,
    0x00, 0x00, 0x3f, 0xff, 0xff, 0xff, 0xff, 0xd0,
    0x00, 0x00, 0x9f, 0xff, 0xff, 0x88, 0x88, 0x60,
    0x00, 0x00, 0xef, 0xad, 0xfa, 0x00, 0x00, 0x00,
    0x00, 0x05, 0xff, 0x4c, 0xfb, 0x00, 0x00, 0x00,
    0x00, 0x0a, 0xfe, 0x0a, 0xfc, 0x00, 0x00, 0x00,
    0x00, 0x1f, 0xf8, 0x09, 0xff, 0xff, 0xff, 0x30,
    0x00, 0x6f, 0xf2, 0x07, 0xff, 0xff, 0xff, 0x30,
    0x00, 0xff, 0xf7, 0x7d, 0xff, 0x88, 0x88, 0x10,
    0x01, 0xff, 0xff, 0xff, 0xff, 0x10, 0x00, 0x00,
    0x07, 0xff, 0xff, 0xff, 0xff, 0x20, 0x00, 0x00,
    0x0d, 0xfa, 0x00, 0x02, 0xff, 0xc8, 0x88, 0x81,
    0x3f, 0xf4, 0x00, 0x00, 0xff, 0xff, 0xff, 0xf3,
    0x8f, 0xe0, 0x00, 0x00, 0xff, 0xff, 0xff, 0xf3,

    /* U+00C7 "Ç" */
    0x00, 0x00, 0x7c, 0xff, 0xd9, 0x10, 0x00, 0x03,
    0xef, 0xff, 0xff, 0xff, 0x40, 0x02, 0xff, 0xfd,
    0x99, 0xdf, 0xff, 0x20, 0xbf, 0xf7, 0x00, 0x00,
    0x6f, 0xfb, 0x2f, 0xfa, 0x00, 0x00, 0x00, 0x66,
    0x16, 0xff, 0x30, 0x00, 0x00, 0x00, 0x00, 0x8f,
    0xf0, 0x00, 0x00, 0x00, 0x00, 0x07, 0xff, 0x00,
    0x00, 0x00, 0x00, 0x00, 0x6f, 0xf3, 0x00, 0x00,
    0x00, 0x00, 0x02, 0xff, 0xa0, 0x00, 0x00, 0x06,
    0x60, 0x0c, 0xff, 0x70, 0x00, 0x06, 0xff, 0xb0,
    0x2f, 0xff, 0xd9, 0x9d, 0xff, 0xf2, 0x00, 0x4e,
    0xff, 0xff, 0xff, 0xf4, 0x00, 0x00, 0x18, 0xdf,
    0xfd, 0x81, 0x00, 0x00, 0x00, 0x02, 0xfc, 0x10,
    0x00, 0x00, 0x00, 0x00, 0x3a, 0xec, 0x00, 0x00,
    0x00, 0x00, 0x09, 0x7c, 0xd0, 0x00, 0x00, 0x00,
    0x01, 0xbf, 0xe5, 0x00, 0x00,

    /* U+00C8 "È" */
    0x00, 0x20, 0x00, 0x00, 0x00, 0x4f, 0x90, 0x00,
    0x00, 0x01, 0xdf, 0x90, 0x00, 0x00, 0x01, 0xcf,
    0x50, 0x00, 0x00, 0x01, 0x70, 0x00, 0x00, 0x00,
    0x00, 0x00, 0x00, 0xbf, 0xff, 0xff, 0xff, 0x6b,
    0xff, 0xff, 0xff, 0xf6, 0xbf, 0xf7, 0x77, 0x77,
    0x3b, 0xfc, 0x00, 0x00, 0x00, 0xbf, 0xc0, 0x00,
    0x00, 0x0b, 0xfc, 0x00, 0x00, 0x00, 0xbf, 0xff,
    0xff, 0xf5, 0x0b, 0xff, 0xff, 0xff, 0x50, 0xbf,
    0xf8, 0x88, 0x82, 0x0b, 0xfc, 0x00, 0x00, 0x00,
    0xbf, 0xc0, 0x00, 0x00, 0x0b, 0xff, 0x88, 0x88,
    0x83, 0xbf, 0xff, 0xff, 0xff, 0x6b, 0xff, 0xff,
    0xff, 0xf6,

    /* U+00C9 "É" */
    0x00, 0x00, 0x01, 0x10, 0x00, 0x00, 0x01, 0xdd,
    0x00, 0x00, 0x01, 0xdf, 0x80, 0x00, 0x00, 0xbf,
    0x80, 0x00, 0x00, 0x02, 0x70, 0x00, 0x00, 0x00,
    0x00, 0x00, 0x00, 0xbf, 0xff, 0xff, 0xff, 0x6b,
    0xff, 0xff, 0xff, 0xf6, 0xbf, 0xf7, 0x77, 0x77,
    0x3b, 0xfc, 0x00, 0x00, 0x00, 0xbf, 0xc0, 0x00,
    0x00, 0x0b, 0xfc, 0x00, 0x00, 0x00, 0xbf, 0xff,
    0xff, 0xf5, 0x0b, 0xff, 0xff, 0xff, 0x50, 0xbf,
    0xf8, 0x88, 0x82, 0x0b, 0xfc, 0x00, 0x00, 0x00,
    0xbf, 0xc0, 0x00, 0x00, 0x0b, 0xff, 0x88, 0x88,
    0x83, 0xbf, 0xff, 0xff, 0xff, 0x6b, 0xff, 0xff,
    0xff, 0xf6,

    /* U+00CA "Ê" */
    0x00, 0x01, 0x80, 0x00, 0x00, 0x02, 0xef, 0xb0,
    0x00, 0x03, 0xef, 0xff, 0xc0, 0x00, 0x1c, 0x50,
    0x77, 0x00, 0x00, 0x00, 0x00, 0x00, 0x0b, 0xff,
    0xff, 0xff, 0xf6, 0xbf, 0xff, 0xff, 0xff, 0x6b,
    0xff, 0x77, 0x77, 0x73, 0xbf, 0xc0, 0x00, 0x00,
    0x0b, 0xfc, 0x00, 0x00, 0x00, 0xbf, 0xc0, 0x00,
    0x00, 0x0b, 0xff, 0xff, 0xff, 0x50, 0xbf, 0xff,
    0xff, 0xf5, 0x0b, 0xff, 0x88, 0x88, 0x20, 0xbf,
    0xc0, 0x00, 0x00, 0x0b, 0xfc, 0x00, 0x00, 0x00,
    0xbf, 0xf8, 0x88, 0x88, 0x3b, 0xff, 0xff, 0xff,
    0xf6, 0xbf, 0xff, 0xff, 0xff, 0x60,

    /* U+00CB "Ë" */
    0x00, 0x00, 0x00, 0x00, 0x00, 0x8f, 0x70, 0xce,
    0x40, 0x0e, 0xfd, 0x2f, 0xf9, 0x00, 0x8f, 0x70,
    0xbe, 0x40, 0x00, 0x00, 0x00, 0x00, 0x0b, 0xff,
    0xff, 0xff, 0xf6, 0xbf, 0xff, 0xff, 0xff, 0x6b,
    0xff, 0x77, 0x77, 0x73, 0xbf, 0xc0, 0x00, 0x00,
    0x0b, 0xfc, 0x00, 0x00, 0x00, 0xbf, 0xc0, 0x00,
    0x00, 0x0b, 0xff, 0xff, 0xff, 0x50, 0xbf, 0xff,
    0xff, 0xf5, 0x0b, 0xff, 0x88, 0x88, 0x20, 0xbf,
    0xc0, 0x00, 0x00, 0x0b, 0xfc, 0x00, 0x00, 0x00,
    0xbf, 0xf8, 0x88, 0x88, 0x3b, 0xff, 0xff, 0xff,
    0xf6, 0xbf, 0xff, 0xff, 0xff, 0x60,

    /* U+00CC "Ì" */
    0x02, 0x00, 0x02, 0xeb, 0x00, 0x0b, 0xfc, 0x00,
    0x0a, 0xf8, 0x00, 0x08, 0x00, 0x00, 0x00, 0x00,
    0xbf, 0xc0, 0x0b, 0xfc, 0x00, 0xbf, 0xc0, 0x0b,
    0xfc, 0x00, 0xbf, 0xc0, 0x0b, 0xfc, 0x00, 0xbf,
    0xc0, 0x0b, 0xfc, 0x00, 0xbf, 0xc0, 0x0b, 0xfc,
    0x00, 0xbf, 0xc0, 0x0b, 0xfc, 0x00, 0xbf, 0xc0,
    0x0b, 0xfc,

    /* U+00CD "Í" */
    0x00, 0x02, 0x00, 0x0b, 0xe2, 0x0b, 0xfb, 0x08,
    0xfa, 0x00, 0x08, 0x00, 0x00, 0x00, 0x00, 0xbf,
    0xc0, 0x0b, 0xfc, 0x00, 0xbf, 0xc0, 0x0b, 0xfc,
    0x00, 0xbf, 0xc0, 0x0b, 0xfc, 0x00, 0xbf, 0xc0,
    0x0b, 0xfc, 0x00, 0xbf, 0xc0, 0x0b, 0xfc, 0x00,
    0xbf, 0xc0, 0x0b, 0xfc, 0x00, 0xbf, 0xc0, 0x0b,
    0xfc, 0x00,

    /* U+00CE "Î" */
    0x00, 0x1b, 0x10, 0x00, 0x0c, 0xfd, 0x10, 0x0b,
    0xff, 0xfc, 0x00, 0x5a, 0x08, 0x40, 0x00, 0x00,
    0x00, 0x00, 0x0b, 0xfc, 0x00, 0x00, 0xbf, 0xc0,
    0x00, 0x0b, 0xfc, 0x00, 0x00, 0xbf, 0xc0, 0x00,
    0x0b, 0xfc, 0x00, 0x00, 0xbf, 0xc0, 0x00, 0x0b,
    0xfc, 0x00, 0x00, 0xbf, 0xc0, 0x00, 0x0b, 0xfc,
    0x00, 0x00, 0xbf, 0xc0, 0x00, 0x0b, 0xfc, 0x00,
    0x00, 0xbf, 0xc0, 0x00, 0x0b, 0xfc, 0x00, 0x00,
    0xbf, 0xc0, 0x00,

    /* U+00CF "Ï" */
    0x00, 0x00, 0x00, 0x02, 0xed, 0x2d, 0xe3, 0x6f,
    0xfa, 0xff, 0x82, 0xed, 0x2d, 0xe3, 0x00, 0x00,
    0x00, 0x00, 0x0b, 0xfc, 0x00, 0x00, 0xbf, 0xc0,
    0x00, 0x0b, 0xfc, 0x00, 0x00, 0xbf, 0xc0, 0x00,
    0x0b, 0xfc, 0x00, 0x00, 0xbf, 0xc0, 0x00, 0x0b,
    0xfc, 0x00, 0x00, 0xbf, 0xc0, 0x00, 0x0b, 0xfc,
    0x00, 0x00, 0xbf, 0xc0, 0x00, 0x0b, 0xfc, 0x00,
    0x00, 0xbf, 0xc0, 0x00, 0x0b, 0xfc, 0x00, 0x00,
    0xbf, 0xc0, 0x00,

    /* U+00D0 "Ð" */
    0x03, 0xff, 0xff, 0xfd, 0x93, 0x00, 0x00, 0x3f,
    0xff, 0xff, 0xff, 0xf7, 0x00, 0x03, 0xff, 0xc8,
    0x8c, 0xff, 0xf5, 0x00, 0x3f, 0xf4, 0x00, 0x04,
    0xff, 0xe0, 0x03, 0xff, 0x40, 0x00, 0x07, 0xff,
    0x50, 0x3f, 0xf4, 0x00, 0x00, 0x1f, 0xf8, 0xaf,
    0xff, 0xff, 0xc0, 0x00, 0xef, 0xaa, 0xff, 0xff,
    0xfc, 0x00, 0x0e, 0xfa, 0x4a, 0xff, 0xa6, 0x50,
    0x00, 0xff, 0x80, 0x3f, 0xf4, 0x00, 0x00, 0x6f,
    0xf5, 0x03, 0xff, 0x40, 0x00, 0x4f, 0xff, 0x00,
    0x3f, 0xfc, 0x88, 0xcf, 0xff, 0x60, 0x03, 0xff,
    0xff, 0xff, 0xff, 0x70, 0x00, 0x3f, 0xff, 0xff,
    0xd9, 0x30, 0x00,

    /* U+00D1 "Ñ" */
    0x00, 0x09, 0xfb, 0x36, 0xa1, 0x00, 0x00, 0x6f,
    0xff, 0xff, 0xf2, 0x00, 0x00, 0x1a, 0x34, 0xce,
    0x60, 0x00, 0x00, 0x00, 0x00, 0x00, 0x00, 0x00,
    0xbf, 0xd0, 0x00, 0x00, 0x2f, 0xf5, 0xbf, 0xf8,
    0x00, 0x00, 0x2f, 0xf5, 0xbf, 0xff, 0x40, 0x00,
    0x2f, 0xf5, 0xbf, 0xff, 0xe0, 0x00, 0x2f, 0xf5,
    0xbf, 0xff, 0xfa, 0x00, 0x2f, 0xf5, 0xbf, 0xcc,
    0xff, 0x50, 0x2f, 0xf5, 0xbf, 0xc1, 0xff, 0xe1,
    0x2f, 0xf5, 0xbf, 0xc0, 0x6f, 0xfb, 0x2f, 0xf5,
    0xbf, 0xc0, 0x0a, 0xff, 0x8f, 0xf5, 0xbf, 0xc0,
    0x01, 0xef, 0xff, 0xf5, 0xbf, 0xc0, 0x00, 0x4f,
    0xff, 0xf5, 0xbf, 0xc0, 0x00, 0x09, 0xff, 0xf5,
    0xbf, 0xc0, 0x00, 0x00, 0xdf, 0xf5, 0xbf, 0xc0,
    0x00, 0x00, 0x3f, 0xf5,

    /* U+00D2 "Ò" */
    0x00, 0x00, 0x00, 0x00, 0x00, 0x00, 0x00, 0x00,
    0x00, 0x4e, 0x30, 0x00, 0x00, 0x00, 0x00, 0x00,
    0x5f, 0xe3, 0x00, 0x00, 0x00, 0x00, 0x00, 0x05,
    0xff, 0x20, 0x00, 0x00, 0x00, 0x00, 0x00, 0x59,
    0x00, 0x00, 0x00, 0x00, 0x00, 0x00, 0x00, 0x00,
    0x00, 0x00, 0x00, 0x00, 0x7c, 0xff, 0xd8, 0x10,
    0x00, 0x00, 0x3e, 0xff, 0xff, 0xff, 0xf5, 0x00,
    0x02, 0xef, 0xfe, 0xa9, 0xcf, 0xff, 0x50, 0x0b,
    0xff, 0x80, 0x00, 0x05, 0xff, 0xe0, 0x2f, 0xfa,
    0x00, 0x00, 0x00, 0x6f, 0xf6, 0x6f, 0xf3, 0x00,
    0x00, 0x00, 0x0f, 0xfa, 0x8f, 0xf0, 0x00, 0x00,
    0x00, 0x0c, 0xfc, 0x8f, 0xf0, 0x00, 0x00, 0x00,
    0x0c, 0xfc, 0x6f, 0xf3, 0x00, 0x00, 0x00, 0x0f,
    0xfa, 0x2f, 0xfa, 0x00, 0x00, 0x00, 0x6f, 0xf6,
    0x0b, 0xff, 0x80, 0x00, 0x05, 0xff, 0xe0, 0x02,
    0xff, 0xfe, 0xa9, 0xdf, 0xff, 0x50, 0x00, 0x3e,
    0xff, 0xff, 0xff, 0xf6, 0x00, 0x00, 0x00, 0x7c,
    0xff, 0xd9, 0x20, 0x00,

    /* U+00D3 "Ó" */
    0x00, 0x00, 0x00, 0x00, 0x00, 0x00, 0x00, 0x00,
    0x00, 0x00, 0x01, 0xd7, 0x00, 0x00, 0x00, 0x00,
    0x00, 0x1d, 0xf8, 0x00, 0x00, 0x00, 0x00, 0x00,
    0xdf, 0x80, 0x00, 0x00, 0x00, 0x00, 0x00, 0x77,
    0x00, 0x00, 0x00, 0x00, 0x00, 0x00, 0x00, 0x00,
    0x00, 0x00, 0x00, 0x00, 0x7c, 0xff, 0xd8, 0x10,
    0x00, 0x00, 0x3e, 0xff, 0xff, 0xff, 0xf5, 0x00,
    0x02, 0xef, 0xfe, 0xa9, 0xcf, 0xff, 0x50, 0x0b,
    0xff, 0x80, 0x00, 0x05, 0xff, 0xe0, 0x2f, 0xfa,
    0x00, 0x00, 0x00, 0x6f, 0xf6, 0x6f, 0xf3, 0x00,
    0x00, 0x00, 0x0f, 0xfa, 0x8f, 0xf0, 0x00, 0x00,
    0x00, 0x0c, 0xfc, 0x8f, 0xf0, 0x00, 0x00, 0x00,
    0x0c, 0xfc, 0x6f, 0xf3, 0x00, 0x00, 0x00, 0x0f,
    0xfa, 0x2f, 0xfa, 0x00, 0x00, 0x00, 0x6f, 0xf6,
    0x0b, 0xff, 0x80, 0x00, 0x05, 0xff, 0xe0, 0x02,
    0xff, 0xfe, 0xa9, 0xdf, 0xff, 0x50, 0x00, 0x3e,
    0xff, 0xff, 0xff, 0xf6, 0x00, 0x00, 0x00, 0x7c,
    0xff, 0xd9, 0x20, 0x00,

    /* U+00D4 "Ô" */
    0x00, 0x00, 0x00, 0x00, 0x00, 0x00, 0x00, 0x00,
    0x00, 0x00, 0xac, 0x10, 0x00, 0x00, 0x00, 0x00,
    0x0a, 0xff, 0xc1, 0x00, 0x00, 0x00, 0x00, 0x8f,
    0xb9, 0xfb, 0x00, 0x00, 0x00, 0x00, 0x08, 0x00,
    0x82, 0x00, 0x00, 0x00, 0x00, 0x00, 0x00, 0x00,
    0x00, 0x00, 0x00, 0x00, 0x7c, 0xff, 0xd8, 0x10,
    0x00, 0x00, 0x3e, 0xff, 0xff, 0xff, 0xf5, 0x00,
    0x02, 0xef, 0xfe, 0xa9, 0xcf, 0xff, 0x50, 0x0b,
    0xff, 0x80, 0x00, 0x05, 0xff, 0xe0, 0x2f, 0xfa,
    0x00, 0x00, 0x00, 0x6f, 0xf6, 0x6f, 0xf3, 0x00,
    0x00, 0x00, 0x0f, 0xfa, 0x8f, 0xf0, 0x00, 0x00,
    0x00, 0x0c, 0xfc, 0x8f, 0xf0, 0x00, 0x00, 0x00,
    0x0c, 0xfc, 0x6f, 0xf3, 0x00, 0x00, 0x00, 0x0f,
    0xfa, 0x2f, 0xfa, 0x00, 0x00, 0x00, 0x6f, 0xf6,
    0x0b, 0xff, 0x80, 0x00, 0x05, 0xff, 0xe0, 0x02,
    0xff, 0xfe, 0xa9, 0xdf, 0xff, 0x50, 0x00, 0x3e,
    0xff, 0xff, 0xff, 0xf6, 0x00, 0x00, 0x00, 0x7c,
    0xff, 0xd9, 0x20, 0x00,

    /* U+00D5 "Õ" */
    0x00, 0x00, 0x6e, 0xd4, 0x3c, 0x30, 0x00, 0x00,
    0x03, 0xff, 0xff, 0xff, 0x60, 0x00, 0x00, 0x00,
    0x85, 0x2b, 0xe8, 0x00, 0x00, 0x00, 0x00, 0x00,
    0x00, 0x00, 0x00, 0x00, 0x00, 0x00, 0x7c, 0xff,
    0xd8, 0x10, 0x00, 0x00, 0x3e, 0xff, 0xff, 0xff,
    0xf5, 0x00, 0x02, 0xef, 0xfe, 0xa9, 0xcf, 0xff,
    0x50, 0x0b, 0xff, 0x80, 0x00, 0x05, 0xff, 0xe0,
    0x2f, 0xfa, 0x00, 0x00, 0x00, 0x6f, 0xf6, 0x6f,
    0xf3, 0x00, 0x00, 0x00, 0x0f, 0xfa, 0x8f, 0xf0,
    0x00, 0x00, 0x00, 0x0c, 0xfc, 0x8f, 0xf0, 0x00,
    0x00, 0x00, 0x0c, 0xfc, 0x6f, 0xf3, 0x00, 0x00,
    0x00, 0x0f, 0xfa, 0x2f, 0xfa, 0x00, 0x00, 0x00,
    0x6f, 0xf6, 0x0b, 0xff, 0x80, 0x00, 0x05, 0xff,
    0xe0, 0x02, 0xff, 0xfe, 0xa9, 0xdf, 0xff, 0x50,
    0x00, 0x3e, 0xff, 0xff, 0xff, 0xf6, 0x00, 0x00,
    0x00, 0x7c, 0xff, 0xd9, 0x20, 0x00,

    /* U+00D6 "Ö" */
    0x00, 0x00, 0x00, 0x00, 0x00, 0x00, 0x00, 0x00,
    0x00, 0xbf, 0x42, 0xed, 0x10, 0x00, 0x00, 0x02,
    0xff, 0xa6, 0xff, 0x50, 0x00, 0x00, 0x00, 0xbe,
    0x42, 0xdd, 0x10, 0x00, 0x00, 0x00, 0x00, 0x00,
    0x00, 0x00, 0x00, 0x00, 0x00, 0x7c, 0xff, 0xd8,
    0x10, 0x00, 0x00, 0x3e, 0xff, 0xff, 0xff, 0xf5,
    0x00, 0x02, 0xef, 0xfe, 0xa9, 0xcf, 0xff, 0x50,
    0x0b, 0xff, 0x80, 0x00, 0x05, 0xff, 0xe0, 0x2f,
    0xfa, 0x00, 0x00, 0x00, 0x6f, 0xf6, 0x6f, 0xf3,
    0x00, 0x00, 0x00, 0x0f, 0xfa, 0x8f, 0xf0, 0x00,
    0x00, 0x00, 0x0c, 0xfc, 0x8f, 0xf0, 0x00, 0x00,
    0x00, 0x0c, 0xfc, 0x6f, 0xf3, 0x00, 0x00, 0x00,
    0x0f, 0xfa, 0x2f, 0xfa, 0x00, 0x00, 0x00, 0x6f,
    0xf6, 0x0b, 0xff, 0x80, 0x00, 0x05, 0xff, 0xe0,
    0x02, 0xff, 0xfe, 0xa9, 0xdf, 0xff, 0x50, 0x00,
    0x3e, 0xff, 0xff, 0xff, 0xf6, 0x00, 0x00, 0x00,
    0x7c, 0xff, 0xd9, 0x20, 0x00,

    /* U+00D7 "×" */
    0x00, 0x20, 0x00, 0x00, 0x20, 0x05, 0xf7, 0x00,
    0x0b, 0xe2, 0x0b, 0xff, 0x70, 0xaf, 0xf7, 0x00,
    0xcf, 0xff, 0xff, 0x90, 0x00, 0x1d, 0xff, 0xfa,
    0x00, 0x00, 0x0a, 0xff, 0xf5, 0x00, 0x00, 0x8f,
    0xff, 0xff, 0x40, 0x07, 0xff, 0xc2, 0xef, 0xf3,
    0x0a, 0xfc, 0x00, 0x2e, 0xf6, 0x00, 0x81, 0x00,
    0x03, 0x60,

    /* U+00D8 "Ø" */
    0x00, 0x00, 0x00, 0x00, 0x00, 0x04, 0x00, 0x00,
    0x00, 0x7c, 0xff, 0xd8, 0x9f, 0xa0, 0x00, 0x3e,
    0xff, 0xff, 0xff, 0xff, 0xa0, 0x02, 0xef, 0xfe,
    0xa9, 0xef, 0xff, 0x50, 0x0b, 0xff, 0x80, 0x00,
    0xbf, 0xff, 0xe0, 0x2f, 0xfa, 0x00, 0x07, 0xff,
    0xcf, 0xf6, 0x6f, 0xf3, 0x00, 0x4f, 0xfa, 0x0f,
    0xfa, 0x8f, 0xf0, 0x01, 0xef, 0xd0, 0x0c, 0xfc,
    0x8f, 0xf0, 0x0b, 0xff, 0x20, 0x0c, 0xfc, 0x6f,
    0xf3, 0x8f, 0xf5, 0x00, 0x0f, 0xfa, 0x2f, 0xff,
    0xff, 0x90, 0x00, 0x6f, 0xf6, 0x0b, 0xff, 0xfd,
    0x00, 0x05, 0xff, 0xe0, 0x02, 0xff, 0xff, 0xa9,
    0xdf, 0xff, 0x50, 0x08, 0xff, 0xff, 0xff, 0xff,
    0xf6, 0x00, 0x08, 0xfa, 0x7c, 0xff, 0xd9, 0x20,
    0x00, 0x00, 0x40, 0x00, 0x00, 0x00, 0x00, 0x00,

    /* U+00D9 "Ù" */
    0x00, 0x02, 0x00, 0x00, 0x00, 0x00, 0x03, 0xfa,
    0x00, 0x00, 0x00, 0x00, 0x0c, 0xfa, 0x00, 0x00,
    0x00, 0x00, 0x0c, 0xf6, 0x00, 0x00, 0x00, 0x00,
    0x08, 0x00, 0x00, 0x00, 0x00, 0x00, 0x00, 0x00,
    0x00, 0xcf, 0xb0, 0x00, 0x00, 0xef, 0x9c, 0xfb,
    0x00, 0x00, 0x0e, 0xf9, 0xcf, 0xb0, 0x00, 0x00,
    0xef, 0x9c, 0xfb, 0x00, 0x00, 0x0e, 0xf9, 0xcf,
    0xb0, 0x00, 0x00, 0xef, 0x9c, 0xfb, 0x00, 0x00,
    0x0e, 0xf9, 0xcf, 0xb0, 0x00, 0x00, 0xef, 0x9c,
    0xfb, 0x00, 0x00, 0x0e, 0xf9, 0xcf, 0xc0, 0x00,
    0x00, 0xff, 0x9a, 0xfe, 0x00, 0x00, 0x1f, 0xf7,
    0x7f, 0xf6, 0x00, 0x09, 0xff, 0x41, 0xff, 0xfb,
    0x9c, 0xff, 0xd0, 0x05, 0xff, 0xff, 0xff, 0xf3,
    0x00, 0x03, 0xae, 0xfe, 0x92, 0x00,

    /* U+00DA "Ú" */
    0x00, 0x00, 0x00, 0x11, 0x00, 0x00, 0x00, 0x00,
    0x1c, 0xd1, 0x00, 0x00, 0x00, 0x1d, 0xf9, 0x00,
    0x00, 0x00, 0x0a, 0xf9, 0x00, 0x00, 0x00, 0x00,
    0x17, 0x00, 0x00, 0x00, 0x00, 0x00, 0x00, 0x00,
    0x00, 0xcf, 0xb0, 0x00, 0x00, 0xef, 0x9c, 0xfb,
    0x00, 0x00, 0x0e, 0xf9, 0xcf, 0xb0, 0x00, 0x00,
    0xef, 0x9c, 0xfb, 0x00, 0x00, 0x0e, 0xf9, 0xcf,
    0xb0, 0x00, 0x00, 0xef, 0x9c, 0xfb, 0x00, 0x00,
    0x0e, 0xf9, 0xcf, 0xb0, 0x00, 0x00, 0xef, 0x9c,
    0xfb, 0x00, 0x00, 0x0e, 0xf9, 0xcf, 0xc0, 0x00,
    0x00, 0xff, 0x9a, 0xfe, 0x00, 0x00, 0x1f, 0xf7,
    0x7f, 0xf6, 0x00, 0x09, 0xff, 0x41, 0xff, 0xfb,
    0x9c, 0xff, 0xd0, 0x05, 0xff, 0xff, 0xff, 0xf3,
    0x00, 0x03, 0xae, 0xfe, 0x92, 0x00,

    /* U+00DB "Û" */
    0x00, 0x00, 0x01, 0x00, 0x00, 0x00, 0x00, 0x06,
    0xf3, 0x00, 0x00, 0x00, 0x07, 0xff, 0xf4, 0x00,
    0x00, 0x03, 0xfd, 0x5f, 0xe0, 0x00, 0x00, 0x06,
    0x10, 0x34, 0x00, 0x00, 0x00, 0x00, 0x00, 0x00,
    0x00, 0xcf, 0xb0, 0x00, 0x00, 0xef, 0x9c, 0xfb,
    0x00, 0x00, 0x0e, 0xf9, 0xcf, 0xb0, 0x00, 0x00,
    0xef, 0x9c, 0xfb, 0x00, 0x00, 0x0e, 0xf9, 0xcf,
    0xb0, 0x00, 0x00, 0xef, 0x9c, 0xfb, 0x00, 0x00,
    0x0e, 0xf9, 0xcf, 0xb0, 0x00, 0x00, 0xef, 0x9c,
    0xfb, 0x00, 0x00, 0x0e, 0xf9, 0xcf, 0xc0, 0x00,
    0x00, 0xff, 0x9a, 0xfe, 0x00, 0x00, 0x1f, 0xf7,
    0x7f, 0xf6, 0x00, 0x09, 0xff, 0x41, 0xff, 0xfb,
    0x9c, 0xff, 0xd0, 0x05, 0xff, 0xff, 0xff, 0xf3,
    0x00, 0x03, 0xae, 0xfe, 0x92, 0x00,

    /* U+00DC "Ü" */
    0x00, 0x00, 0x00, 0x00, 0x00, 0x00, 0x07, 0xf8,
    0x0b, 0xf4, 0x00, 0x00, 0xdf, 0xe1, 0xff, 0xa0,
    0x00, 0x07, 0xf8, 0x0b, 0xf4, 0x00, 0x00, 0x00,
    0x00, 0x00, 0x00, 0x0c, 0xfb, 0x00, 0x00, 0x0e,
    0xf9, 0xcf, 0xb0, 0x00, 0x00, 0xef, 0x9c, 0xfb,
    0x00, 0x00, 0x0e, 0xf9, 0xcf, 0xb0, 0x00, 0x00,
    0xef, 0x9c, 0xfb, 0x00, 0x00, 0x0e, 0xf9, 0xcf,
    0xb0, 0x00, 0x00, 0xef, 0x9c, 0xfb, 0x00, 0x00,
    0x0e, 0xf9, 0xcf, 0xb0, 0x00, 0x00, 0xef, 0x9c,
    0xfc, 0x00, 0x00, 0x0f, 0xf9, 0xaf, 0xe0, 0x00,
    0x01, 0xff, 0x77, 0xff, 0x60, 0x00, 0x9f, 0xf4,
    0x1f, 0xff, 0xb9, 0xcf, 0xfd, 0x00, 0x5f, 0xff,
    0xff, 0xff, 0x30, 0x00, 0x3a, 0xef, 0xe9, 0x20,
    0x00,

    /* U+00DD "Ý" */
    0x00, 0x00, 0x00, 0x00, 0x20, 0x00, 0x00, 0x00,
    0x00, 0x00, 0xbe, 0x20, 0x00, 0x00, 0x00, 0x00,
    0xbf, 0xb0, 0x00, 0x00, 0x00, 0x00, 0x8f, 0xb0,
    0x00, 0x00, 0x00, 0x00, 0x00, 0x80, 0x00, 0x00,
    0x00, 0x00, 0x00, 0x00, 0x00, 0x00, 0x00, 0x0c,
    0xfe, 0x00, 0x00, 0x0c, 0xfe, 0x00, 0x5f, 0xf6,
    0x00, 0x03, 0xff, 0x70, 0x00, 0xdf, 0xd0, 0x00,
    0xbf, 0xe0, 0x00, 0x05, 0xff, 0x50, 0x2f, 0xf7,
    0x00, 0x00, 0x0d, 0xfc, 0x0a, 0xff, 0x10, 0x00,
    0x00, 0x6f, 0xf6, 0xff, 0x80, 0x00, 0x00, 0x00,
    0xef, 0xff, 0xf1, 0x00, 0x00, 0x00, 0x07, 0xff,
    0xf9, 0x00, 0x00, 0x00, 0x00, 0x0f, 0xff, 0x10,
    0x00, 0x00, 0x00, 0x00, 0xbf, 0xe0, 0x00, 0x00,
    0x00, 0x00, 0x0a, 0xfd, 0x00, 0x00, 0x00, 0x00,
    0x00, 0xaf, 0xd0, 0x00, 0x00, 0x00, 0x00, 0x0a,
    0xfd, 0x00, 0x00, 0x00, 0x00, 0x00, 0xaf, 0xd0,
    0x00, 0x00,

    /* U+00DE "Þ" */
    0xbf, 0xc0, 0x00, 0x00, 0x00, 0xbf, 0xc0, 0x00,
    0x00, 0x00, 0xbf, 0xf8, 0x76, 0x30, 0x00, 0xbf,
    0xff, 0xff, 0xfc, 0x10, 0xbf, 0xff, 0xff, 0xff,
    0xc0, 0xbf, 0xc0, 0x02, 0xbf, 0xf5, 0xbf, 0xc0,
    0x00, 0x0f, 0xf8, 0xbf, 0xc0, 0x00, 0x0f, 0xf9,
    0xbf, 0xc0, 0x00, 0x4f, 0xf7, 0xbf, 0xf8, 0x8a,
    0xff, 0xf2, 0xbf, 0xff, 0xff, 0xff, 0x70, 0xbf,
    0xff, 0xff, 0xc4, 0x00, 0xbf, 0xc0, 0x00, 0x00,
    0x00, 0xbf, 0xc0, 0x00, 0x00, 0x00,

    /* U+00DF "ß" */
    0x01, 0x9e, 0xfe, 0x81, 0x00, 0x1e, 0xff, 0xff,
    0xfd, 0x00, 0x9f, 0xfb, 0x7c, 0xff, 0x50, 0xdf,
    0xc0, 0x02, 0xff, 0x70, 0xff, 0x80, 0x06, 0xff,
    0x20, 0xff, 0x80, 0x3f, 0xf6, 0x00, 0xff, 0x80,
    0xbf, 0xc0, 0x00, 0xff, 0x80, 0xaf, 0xf3, 0x00,
    0xff, 0x80, 0x1e, 0xff, 0x50, 0xff, 0x80, 0x01,
    0xcf, 0xf3, 0xff, 0x80, 0x20, 0x0e, 0xf8, 0xff,
    0x87, 0xf4, 0x3e, 0xf8, 0xff, 0x8a, 0xff, 0xff,
    0xf3, 0xff, 0x80, 0x7d, 0xfd, 0x50,

    /* U+00E0 "à" */
    0x00, 0x00, 0x00, 0x00, 0x00, 0x09, 0xc0, 0x00,
    0x00, 0x00, 0xaf, 0xc1, 0x00, 0x00, 0x00, 0xaf,
    0xc0, 0x00, 0x00, 0x00, 0x95, 0x00, 0x00, 0x00,
    0x00, 0x00, 0x00, 0x02, 0x9d, 0xfe, 0xa2, 0x00,
    0x8f, 0xff, 0xff, 0xe1, 0x01, 0x74, 0x37, 0xff,
    0x60, 0x1a, 0xee, 0xaf, 0xf9, 0x0d, 0xff, 0xff,
    0xff, 0x95, 0xff, 0x70, 0x5f, 0xf9, 0x7f, 0xf1,
    0x00, 0xef, 0x95, 0xff, 0x80, 0x5f, 0xf9, 0x0e,
    0xff, 0xff, 0xff, 0x90, 0x2b, 0xfe, 0xa9, 0xf9,

    /* U+00E1 "á" */
    0x00, 0x00, 0x00, 0x00, 0x00, 0x00, 0x00, 0x4e,
    0x30, 0x00, 0x00, 0x4f, 0xf4, 0x00, 0x00, 0x3f,
    0xf4, 0x00, 0x00, 0x00, 0xa3, 0x00, 0x00, 0x00,
    0x00, 0x00, 0x00, 0x02, 0x9d, 0xfe, 0xa2, 0x00,
    0x8f, 0xff, 0xff, 0xe1, 0x01, 0x74, 0x37, 0xff,
    0x60, 0x1a, 0xee, 0xaf, 0xf9, 0x0d, 0xff, 0xff,
    0xff, 0x95, 0xff, 0x70, 0x5f, 0xf9, 0x7f, 0xf1,
    0x00, 0xef, 0x95, 0xff, 0x80, 0x5f, 0xf9, 0x0e,
    0xff, 0xff, 0xff, 0x90, 0x2b, 0xfe, 0xa9, 0xf9,

    /* U+00E2 "â" */
    0x00, 0x00, 0x62, 0x00, 0x00, 0x00, 0x6f, 0xe2,
    0x00, 0x00, 0x6f, 0xff, 0xd1, 0x00, 0x0b, 0xe2,
    0x8f, 0x60, 0x00, 0x02, 0x00, 0x60, 0x00, 0x00,
    0x00, 0x00, 0x00, 0x02, 0x9d, 0xfe, 0xa2, 0x00,
    0x8f, 0xff, 0xff, 0xe1, 0x01, 0x74, 0x37, 0xff,
    0x60, 0x1a, 0xee, 0xaf, 0xf9, 0x0d, 0xff, 0xff,
    0xff, 0x95, 0xff, 0x70, 0x5f, 0xf9, 0x7f, 0xf1,
    0x00, 0xef, 0x95, 0xff, 0x80, 0x5f, 0xf9, 0x0e,
    0xff, 0xff, 0xff, 0x90, 0x2b, 0xfe, 0xa9, 0xf9,

    /* U+00E3 "ã" */
    0x00, 0xaf, 0xff, 0xff, 0x20, 0x7f, 0xff, 0xfe,
    0x50, 0x00, 0x00, 0x00, 0x00, 0x00, 0x00, 0x00,
    0x00, 0x00, 0x02, 0x9d, 0xfe, 0xa2, 0x00, 0x8f,
    0xff, 0xff, 0xe1, 0x01, 0x74, 0x37, 0xff, 0x60,
    0x1a, 0xee, 0xaf, 0xf9, 0x0d, 0xff, 0xff, 0xff,
    0x95, 0xff, 0x70, 0x5f, 0xf9, 0x7f, 0xf1, 0x00,
    0xef, 0x95, 0xff, 0x80, 0x5f, 0xf9, 0x0e, 0xff,
    0xff, 0xff, 0x90, 0x2b, 0xfe, 0xa9, 0xf9,

    /* U+00E4 "ä" */
    0x02, 0xed, 0x15, 0xfa, 0x00, 0x7f, 0xf5, 0xbf,
    0xf1, 0x02, 0xed, 0x15, 0xfa, 0x00, 0x00, 0x00,
    0x00, 0x00, 0x02, 0x9d, 0xfe, 0xa2, 0x00, 0x8f,
    0xff, 0xff, 0xe1, 0x01, 0x74, 0x37, 0xff, 0x60,
    0x1a, 0xee, 0xaf, 0xf9, 0x0d, 0xff, 0xff, 0xff,
    0x95, 0xff, 0x70, 0x5f, 0xf9, 0x7f, 0xf1, 0x00,
    0xef, 0x95, 0xff, 0x80, 0x5f, 0xf9, 0x0e, 0xff,
    0xff, 0xff, 0x90, 0x2b, 0xfe, 0xa9, 0xf9,

    /* U+00E5 "å" */
    0x00, 0x07, 0xfd, 0x20, 0x00, 0x03, 0xfb, 0xed,
    0x00, 0x00, 0x4f, 0x4a, 0xf0, 0x00, 0x01, 0xdf,
    0xf8, 0x00, 0x00, 0x01, 0x75, 0x00, 0x00, 0x00,
    0x00, 0x00, 0x00, 0x02, 0x9d, 0xfe, 0xa2, 0x00,
    0x8f, 0xff, 0xff, 0xe1, 0x01, 0x74, 0x37, 0xff,
    0x60, 0x1a, 0xee, 0xaf, 0xf9, 0x0d, 0xff, 0xff,
    0xff, 0x95, 0xff, 0x70, 0x5f, 0xf9, 0x7f, 0xf1,
    0x00, 0xef, 0x95, 0xff, 0x80, 0x5f, 0xf9, 0x0e,
    0xff, 0xff, 0xff, 0x90, 0x2b, 0xfe, 0xa9, 0xf9,

    /* U+00E6 "æ" */
    0x02, 0x9d, 0xfe, 0x91, 0x8d, 0xfd, 0x60, 0x00,
    0x7f, 0xff, 0xff, 0xff, 0xff, 0xff, 0x80, 0x01,
    0x74, 0x39, 0xff, 0xf7, 0x49, 0xff, 0x10, 0x1a,
    0xee, 0x8f, 0xff, 0x00, 0x0e, 0xf5, 0x0d, 0xff,
    0xff, 0xff, 0xff, 0xff, 0xff, 0x75, 0xff, 0x80,
    0x5f, 0xff, 0xdd, 0xdd, 0xd6, 0x7f, 0xf2, 0x00,
    0xff, 0xf0, 0x00, 0x31, 0x05, 0xff, 0x80, 0x5f,
    0xff, 0x50, 0x3e, 0xf3, 0x0e, 0xff, 0xff, 0xfd,
    0xff, 0xff, 0xfb, 0x00, 0x2a, 0xef, 0xb3, 0x08,
    0xdf, 0xd8, 0x00,

    /* U+00E7 "ç" */
    0x00, 0x3a, 0xef, 0xc5, 0x00, 0x04, 0xff, 0xff,
    0xff, 0x90, 0x0e, 0xff, 0xa9, 0xef, 0xf3, 0x4f,
    0xf7, 0x00, 0x1b, 0x50, 0x6f, 0xf1, 0x00, 0x00,
    0x00, 0x6f, 0xf1, 0x00, 0x00, 0x00, 0x4f, 0xf7,
    0x00, 0x2b, 0x50, 0x0e, 0xff, 0xb9, 0xef, 0xf3,
    0x04, 0xff, 0xff, 0xff, 0x80, 0x00, 0x3a, 0xff,
    0xc5, 0x00, 0x00, 0x00, 0xfe, 0x20, 0x00, 0x00,
    0x02, 0xad, 0xe0, 0x00, 0x00, 0x07, 0x7b, 0xf0,
    0x00, 0x00, 0x0a, 0xfe, 0x60, 0x00,

    /* U+00E8 "è" */
    0x00, 0x00, 0x00, 0x00, 0x00, 0x00, 0x4e, 0x30,
    0x00, 0x00, 0x00, 0x5f, 0xf3, 0x00, 0x00, 0x00,
    0x05, 0xff, 0x20, 0x00, 0x00, 0x00, 0x59, 0x00,
    0x00, 0x00, 0x00, 0x00, 0x00, 0x00, 0x00, 0x3b,
    0xef, 0xc5, 0x00, 0x04, 0xff, 0xff, 0xff, 0x70,
    0x0e, 0xfb, 0x22, 0x9f, 0xf2, 0x4f, 0xf1, 0x00,
    0x0d, 0xf8, 0x6f, 0xff, 0xff, 0xff, 0xfa, 0x7f,
    0xff, 0xff, 0xff, 0xfb, 0x4f, 0xf1, 0x00, 0x02,
    0x00, 0x0e, 0xfc, 0x32, 0x6f, 0xe2, 0x05, 0xff,
    0xff, 0xff, 0xb0, 0x00, 0x3b, 0xef, 0xd7, 0x00,

    /* U+00E9 "é" */
    0x00, 0x00, 0x00, 0x00, 0x00, 0x00, 0x00, 0x01,
    0xd7, 0x00, 0x00, 0x00, 0x1d, 0xf8, 0x00, 0x00,
    0x00, 0xdf, 0x80, 0x00, 0x00, 0x00, 0x68, 0x00,
    0x00, 0x00, 0x00, 0x00, 0x00, 0x00, 0x00, 0x3b,
    0xef, 0xc5, 0x00, 0x04, 0xff, 0xff, 0xff, 0x70,
    0x0e, 0xfb, 0x22, 0x9f, 0xf2, 0x4f, 0xf1, 0x00,
    0x0d, 0xf8, 0x6f, 0xff, 0xff, 0xff, 0xfa, 0x7f,
    0xff, 0xff, 0xff, 0xfb, 0x4f, 0xf1, 0x00, 0x02,
    0x00, 0x0e, 0xfc, 0x32, 0x6f, 0xe2, 0x05, 0xff,
    0xff, 0xff, 0xb0, 0x00, 0x3b, 0xef, 0xd7, 0x00,

    /* U+00EA "ê" */
    0x00, 0x00, 0x35, 0x00, 0x00, 0x00, 0x02, 0xef,
    0x50, 0x00, 0x00, 0x2e, 0xff, 0xf4, 0x00, 0x00,
    0x7f, 0x54, 0xfb, 0x00, 0x00, 0x03, 0x00, 0x51,
    0x00, 0x00, 0x00, 0x00, 0x00, 0x00, 0x00, 0x3b,
    0xef, 0xc5, 0x00, 0x04, 0xff, 0xff, 0xff, 0x70,
    0x0e, 0xfb, 0x22, 0x9f, 0xf2, 0x4f, 0xf1, 0x00,
    0x0d, 0xf8, 0x6f, 0xff, 0xff, 0xff, 0xfa, 0x7f,
    0xff, 0xff, 0xff, 0xfb, 0x4f, 0xf1, 0x00, 0x02,
    0x00, 0x0e, 0xfc, 0x32, 0x6f, 0xe2, 0x05, 0xff,
    0xff, 0xff, 0xb0, 0x00, 0x3b, 0xef, 0xd7, 0x00,

    /* U+00EB "ë" */
    0x00, 0xbe, 0x41, 0xdd, 0x10, 0x01, 0xff, 0xa5,
    0xff, 0x60, 0x00, 0xbf, 0x41, 0xde, 0x20, 0x00,
    0x00, 0x00, 0x00, 0x00, 0x00, 0x3b, 0xef, 0xc5,
    0x00, 0x04, 0xff, 0xff, 0xff, 0x70, 0x0e, 0xfb,
    0x22, 0x9f, 0xf2, 0x4f, 0xf1, 0x00, 0x0d, 0xf8,
    0x6f, 0xff, 0xff, 0xff, 0xfa, 0x7f, 0xff, 0xff,
    0xff, 0xfb, 0x4f, 0xf1, 0x00, 0x02, 0x00, 0x0e,
    0xfc, 0x32, 0x6f, 0xe2, 0x05, 0xff, 0xff, 0xff,
    0xb0, 0x00, 0x3b, 0xef, 0xd7, 0x00,

    /* U+00EC "ì" */
    0x02, 0x00, 0x04, 0xf9, 0x00, 0x1d, 0xf9, 0x00,
    0x1d, 0xf5, 0x00, 0x17, 0x00, 0x00, 0x00, 0x00,
    0xef, 0x90, 0x0e, 0xf9, 0x00, 0xef, 0x90, 0x0e,
    0xf9, 0x00, 0xef, 0x90, 0x0e, 0xf9, 0x00, 0xef,
    0x90, 0x0e, 0xf9, 0x00, 0xef, 0x90, 0x0e, 0xf9,

    /* U+00ED "í" */
    0x00, 0x11, 0x00, 0x1d, 0xd0, 0x1d, 0xf8, 0x0b,
    0xf8, 0x00, 0x27, 0x00, 0x00, 0x00, 0x00, 0xef,
    0x90, 0x0e, 0xf9, 0x00, 0xef, 0x90, 0x0e, 0xf9,
    0x00, 0xef, 0x90, 0x0e, 0xf9, 0x00, 0xef, 0x90,
    0x0e, 0xf9, 0x00, 0xef, 0x90, 0x0e, 0xf9, 0x00,

    /* U+00EE "î" */
    0x00, 0x2a, 0x00, 0x01, 0xdf, 0x90, 0x0b, 0xff,
    0xf6, 0x0b, 0xa2, 0xf8, 0x00, 0x00, 0x30, 0x00,
    0x00, 0x00, 0x00, 0xef, 0x90, 0x00, 0xef, 0x90,
    0x00, 0xef, 0x90, 0x00, 0xef, 0x90, 0x00, 0xef,
    0x90, 0x00, 0xef, 0x90, 0x00, 0xef, 0x90, 0x00,
    0xef, 0x90, 0x00, 0xef, 0x90, 0x00, 0xef, 0x90,

    /* U+00EF "ï" */
    0x4e, 0xb3, 0xed, 0x19, 0xff, 0xaf, 0xf5, 0x4f,
    0xc3, 0xed, 0x10, 0x00, 0x00, 0x00, 0x00, 0xef,
    0x90, 0x00, 0x0e, 0xf9, 0x00, 0x00, 0xef, 0x90,
    0x00, 0x0e, 0xf9, 0x00, 0x00, 0xef, 0x90, 0x00,
    0x0e, 0xf9, 0x00, 0x00, 0xef, 0x90, 0x00, 0x0e,
    0xf9, 0x00, 0x00, 0xef, 0x90, 0x00, 0x0e, 0xf9,
    0x00,

    /* U+00F0 "ð" */
    0x00, 0x21, 0x00, 0x11, 0x00, 0x00, 0xdf, 0xb6,
    0xdc, 0x00, 0x02, 0xef, 0xff, 0xf9, 0x00, 0x00,
    0x07, 0xff, 0xfc, 0x00, 0x00, 0x0e, 0xfa, 0xff,
    0x90, 0x00, 0x04, 0x30, 0x4f, 0xf2, 0x00, 0x4c,
    0xfe, 0x8b, 0xf8, 0x05, 0xff, 0xff, 0xff, 0xfc,
    0x0e, 0xff, 0x97, 0xcf, 0xfd, 0x3f, 0xf7, 0x00,
    0x0d, 0xfe, 0x4f, 0xf2, 0x00, 0x09, 0xfd, 0x3f,
    0xf6, 0x00, 0x0c, 0xf9, 0x0d, 0xff, 0x75, 0xbf,
    0xf3, 0x04, 0xff, 0xff, 0xff, 0x90, 0x00, 0x3b,
    0xef, 0xc6, 0x00,

    /* U+00F1 "ñ" */
    0x04, 0xef, 0xff, 0xf9, 0x01, 0xef, 0xff, 0xfb,
    0x00, 0x00, 0x00, 0x00, 0x00, 0x00, 0x00, 0x00,
    0x00, 0x00, 0xff, 0x16, 0xdf, 0xe5, 0x0f, 0xff,
    0xff, 0xff, 0xf1, 0xff, 0xfe, 0xac, 0xff, 0x6f,
    0xff, 0x10, 0x0f, 0xf7, 0xff, 0x80, 0x00, 0xff,
    0x8f, 0xf8, 0x00, 0x0f, 0xf8, 0xff, 0x80, 0x00,
    0xff, 0x8f, 0xf8, 0x00, 0x0f, 0xf8, 0xff, 0x80,
    0x00, 0xff, 0x8f, 0xf8, 0x00, 0x0f, 0xf8,

    /* U+00F2 "ò" */
    0x00, 0x00, 0x00, 0x00, 0x00, 0x00, 0x02, 0xe5,
    0x00, 0x00, 0x00, 0x00, 0x3e, 0xf6, 0x00, 0x00,
    0x00, 0x00, 0x3e, 0xf5, 0x00, 0x00, 0x00, 0x00,
    0x2b, 0x00, 0x00, 0x00, 0x00, 0x00, 0x00, 0x00,
    0x00, 0x00, 0x2a, 0xef, 0xd8, 0x00, 0x00, 0x3f,
    0xff, 0xff, 0xfd, 0x10, 0x0e, 0xff, 0xb9, 0xdf,
    0xf9, 0x04, 0xff, 0x80, 0x00, 0xcf, 0xf0, 0x6f,
    0xf2, 0x00, 0x06, 0xff, 0x26, 0xff, 0x20, 0x00,
    0x6f, 0xf2, 0x4f, 0xf8, 0x00, 0x0c, 0xff, 0x00,
    0xef, 0xfb, 0x9d, 0xff, 0x90, 0x03, 0xff, 0xff,
    0xff, 0xd1, 0x00, 0x02, 0xae, 0xfd, 0x80, 0x00,

    /* U+00F3 "ó" */
    0x00, 0x00, 0x00, 0x00, 0x00, 0x00, 0x00, 0x00,
    0x0b, 0xa0, 0x00, 0x00, 0x00, 0x0b, 0xfb, 0x00,
    0x00, 0x00, 0x0a, 0xfb, 0x00, 0x00, 0x00, 0x00,
    0x4a, 0x00, 0x00, 0x00, 0x00, 0x00, 0x00, 0x00,
    0x00, 0x00, 0x2a, 0xef, 0xd8, 0x00, 0x00, 0x3f,
    0xff, 0xff, 0xfd, 0x10, 0x0e, 0xff, 0xb9, 0xdf,
    0xf9, 0x04, 0xff, 0x80, 0x00, 0xcf, 0xf0, 0x6f,
    0xf2, 0x00, 0x06, 0xff, 0x26, 0xff, 0x20, 0x00,
    0x6f, 0xf2, 0x4f, 0xf8, 0x00, 0x0c, 0xff, 0x00,
    0xef, 0xfb, 0x9d, 0xff, 0x90, 0x03, 0xff, 0xff,
    0xff, 0xd1, 0x00, 0x02, 0xae, 0xfd, 0x80, 0x00,

    /* U+00F4 "ô" */
    0x00, 0x00, 0x17, 0x00, 0x00, 0x00, 0x00, 0x1d,
    0xf9, 0x00, 0x00, 0x00, 0x0c, 0xff, 0xf8, 0x00,
    0x00, 0x03, 0xf9, 0x1e, 0xe0, 0x00, 0x00, 0x03,
    0x00, 0x33, 0x00, 0x00, 0x00, 0x00, 0x00, 0x00,
    0x00, 0x00, 0x2a, 0xef, 0xd8, 0x00, 0x00, 0x3f,
    0xff, 0xff, 0xfd, 0x10, 0x0e, 0xff, 0xb9, 0xdf,
    0xf9, 0x04, 0xff, 0x80, 0x00, 0xcf, 0xf0, 0x6f,
    0xf2, 0x00, 0x06, 0xff, 0x26, 0xff, 0x20, 0x00,
    0x6f, 0xf2, 0x4f, 0xf8, 0x00, 0x0c, 0xff, 0x00,
    0xef, 0xfb, 0x9d, 0xff, 0x90, 0x03, 0xff, 0xff,
    0xff, 0xd1, 0x00, 0x02, 0xae, 0xfd, 0x80, 0x00,

    /* U+00F5 "õ" */
    0x00, 0x3d, 0xff, 0xff, 0xa0, 0x00, 0x0e, 0xff,
    0xff, 0xb1, 0x00, 0x00, 0x00, 0x00, 0x00, 0x00,
    0x00, 0x00, 0x00, 0x00, 0x00, 0x00, 0x00, 0x2a,
    0xef, 0xd8, 0x00, 0x00, 0x3f, 0xff, 0xff, 0xfd,
    0x10, 0x0e, 0xff, 0xb9, 0xdf, 0xf9, 0x04, 0xff,
    0x80, 0x00, 0xcf, 0xf0, 0x6f, 0xf2, 0x00, 0x06,
    0xff, 0x26, 0xff, 0x20, 0x00, 0x6f, 0xf2, 0x4f,
    0xf8, 0x00, 0x0c, 0xff, 0x00, 0xef, 0xfb, 0x9d,
    0xff, 0x90, 0x03, 0xff, 0xff, 0xff, 0xd1, 0x00,
    0x02, 0xae, 0xfd, 0x80, 0x00,

    /* U+00F6 "ö" */
    0x00, 0x8f, 0x70, 0xbe, 0x30, 0x00, 0x0e, 0xfd,
    0x2f, 0xf9, 0x00, 0x00, 0x8f, 0x70, 0xcf, 0x40,
    0x00, 0x00, 0x00, 0x00, 0x00, 0x00, 0x00, 0x2a,
    0xef, 0xd8, 0x00, 0x00, 0x3f, 0xff, 0xff, 0xfd,
    0x10, 0x0e, 0xff, 0xb9, 0xdf, 0xf9, 0x04, 0xff,
    0x80, 0x00, 0xcf, 0xf0, 0x6f, 0xf2, 0x00, 0x06,
    0xff, 0x26, 0xff, 0x20, 0x00, 0x6f, 0xf2, 0x4f,
    0xf8, 0x00, 0x0c, 0xff, 0x00, 0xef, 0xfb, 0x9d,
    0xff, 0x90, 0x03, 0xff, 0xff, 0xff, 0xd1, 0x00,
    0x02, 0xae, 0xfd, 0x80, 0x00,

    /* U+00F7 "÷" */
    0x00, 0x01, 0xcf, 0x80, 0x00, 0x00, 0x00, 0x6f,
    0xff, 0x00, 0x00, 0x00, 0x03, 0xff, 0xd0, 0x00,
    0x00, 0x00, 0x02, 0x51, 0x00, 0x00, 0x6f, 0xff,
    0xff, 0xff, 0xff, 0x26, 0xff, 0xff, 0xff, 0xff,
    0xf2, 0x37, 0x77, 0x77, 0x77, 0x77, 0x10, 0x00,
    0x02, 0x51, 0x00, 0x00, 0x00, 0x03, 0xff, 0xd0,
    0x00, 0x00, 0x00, 0x6f, 0xff, 0x00, 0x00, 0x00,
    0x01, 0xcf, 0x80, 0x00, 0x00,

    /* U+00F8 "ø" */
    0x00, 0x00, 0x00, 0x00, 0x50, 0x00, 0x01, 0x9e,
    0xfd, 0xef, 0x90, 0x02, 0xef, 0xff, 0xff, 0xf4,
    0x00, 0xcf, 0xf8, 0x5f, 0xff, 0xb0, 0x2f, 0xf5,
    0x09, 0xff, 0xff, 0x14, 0xff, 0x05, 0xfd, 0x1f,
    0xf4, 0x4f, 0xf2, 0xff, 0x30, 0xff, 0x42, 0xff,
    0xff, 0x60, 0x6f, 0xf1, 0x0c, 0xff, 0xf5, 0x8f,
    0xfb, 0x00, 0x8f, 0xff, 0xff, 0xfe, 0x10, 0x09,
    0xfc, 0xef, 0xe9, 0x10, 0x00, 0x02, 0x00, 0x00,
    0x00, 0x00,

    /* U+00F9 "ù" */
    0x00, 0x03, 0x00, 0x00, 0x00, 0x00, 0x6f, 0x70,
    0x00, 0x00, 0x00, 0x2e, 0xf7, 0x00, 0x00, 0x00,
    0x02, 0xef, 0x30, 0x00, 0x00, 0x00, 0x26, 0x00,
    0x00, 0x00, 0x00, 0x00, 0x00, 0x00, 0x0f, 0xf7,
    0x00, 0x0f, 0xf7, 0x0f, 0xf7, 0x00, 0x0f, 0xf7,
    0x0f, 0xf7, 0x00, 0x0f, 0xf7, 0x0f, 0xf7, 0x00,
    0x0f, 0xf7, 0x0f, 0xf7, 0x00, 0x0f, 0xf7, 0x0f,
    0xf7, 0x00, 0x0f, 0xf7, 0x0f, 0xf8, 0x00, 0x5f,
    0xf7, 0x0e, 0xff, 0xab, 0xff, 0xf7, 0x09, 0xff,
    0xff, 0xff, 0xf7, 0x00, 0xaf, 0xfb, 0x28, 0xf7,

    /* U+00FA "ú" */
    0x00, 0x00, 0x00, 0x20, 0x00, 0x00, 0x00, 0x02,
    0xeb, 0x00, 0x00, 0x00, 0x3e, 0xf6, 0x00, 0x00,
    0x00, 0xdf, 0x60, 0x00, 0x00, 0x00, 0x35, 0x00,
    0x00, 0x00, 0x00, 0x00, 0x00, 0x00, 0x0f, 0xf7,
    0x00, 0x0f, 0xf7, 0x0f, 0xf7, 0x00, 0x0f, 0xf7,
    0x0f, 0xf7, 0x00, 0x0f, 0xf7, 0x0f, 0xf7, 0x00,
    0x0f, 0xf7, 0x0f, 0xf7, 0x00, 0x0f, 0xf7, 0x0f,
    0xf7, 0x00, 0x0f, 0xf7, 0x0f, 0xf8, 0x00, 0x5f,
    0xf7, 0x0e, 0xff, 0xab, 0xff, 0xf7, 0x09, 0xff,
    0xff, 0xff, 0xf7, 0x00, 0xaf, 0xfb, 0x28, 0xf7,

    /* U+00FB "û" */
    0x00, 0x00, 0x26, 0x00, 0x00, 0x00, 0x02, 0xef,
    0x70, 0x00, 0x00, 0x2e, 0xff, 0xf6, 0x00, 0x00,
    0x5f, 0x62, 0xeb, 0x00, 0x00, 0x02, 0x00, 0x30,
    0x00, 0x00, 0x00, 0x00, 0x00, 0x00, 0x0f, 0xf7,
    0x00, 0x0f, 0xf7, 0x0f, 0xf7, 0x00, 0x0f, 0xf7,
    0x0f, 0xf7, 0x00, 0x0f, 0xf7, 0x0f, 0xf7, 0x00,
    0x0f, 0xf7, 0x0f, 0xf7, 0x00, 0x0f, 0xf7, 0x0f,
    0xf7, 0x00, 0x0f, 0xf7, 0x0f, 0xf8, 0x00, 0x5f,
    0xf7, 0x0e, 0xff, 0xab, 0xff, 0xf7, 0x09, 0xff,
    0xff, 0xff, 0xf7, 0x00, 0xaf, 0xfb, 0x28, 0xf7,

    /* U+00FC "ü" */
    0x00, 0xaf, 0x51, 0xde, 0x20, 0x00, 0xff, 0xb5,
    0xff, 0x70, 0x00, 0xaf, 0x51, 0xde, 0x20, 0x00,
    0x00, 0x00, 0x00, 0x00, 0x0f, 0xf7, 0x00, 0x0f,
    0xf7, 0x0f, 0xf7, 0x00, 0x0f, 0xf7, 0x0f, 0xf7,
    0x00, 0x0f, 0xf7, 0x0f, 0xf7, 0x00, 0x0f, 0xf7,
    0x0f, 0xf7, 0x00, 0x0f, 0xf7, 0x0f, 0xf7, 0x00,
    0x0f, 0xf7, 0x0f, 0xf8, 0x00, 0x5f, 0xf7, 0x0e,
    0xff, 0xab, 0xff, 0xf7, 0x09, 0xff, 0xff, 0xff,
    0xf7, 0x00, 0xaf, 0xfb, 0x28, 0xf7,

    /* U+00FD "ý" */
    0x00, 0x00, 0x00, 0x20, 0x00, 0x00, 0x00, 0x00,
    0x3f, 0xa0, 0x00, 0x00, 0x00, 0x4f, 0xf5, 0x00,
    0x00, 0x00, 0x0e, 0xf4, 0x00, 0x00, 0x00, 0x00,
    0x44, 0x00, 0x00, 0x00, 0x00, 0x00, 0x00, 0x00,
    0x00, 0x9f, 0xe0, 0x00, 0x0b, 0xfc, 0x03, 0xff,
    0x50, 0x02, 0xff, 0x60, 0x0c, 0xfc, 0x00, 0x8f,
    0xf0, 0x00, 0x6f, 0xf2, 0x0e, 0xf9, 0x00, 0x00,
    0xef, 0x95, 0xff, 0x20, 0x00, 0x09, 0xfe, 0xcf,
    0xc0, 0x00, 0x00, 0x2f, 0xff, 0xf5, 0x00, 0x00,
    0x00, 0xcf, 0xfe, 0x00, 0x00, 0x00, 0x06, 0xff,
    0x90, 0x00, 0x00, 0x00, 0x6f, 0xf2, 0x00, 0x00,
    0x00, 0x0c, 0xfb, 0x00, 0x00, 0x00, 0x03, 0xff,
    0x50, 0x00, 0x00, 0x00, 0x9f, 0xe0, 0x00, 0x00,
    0x00, 0x0f, 0xf8, 0x00, 0x00, 0x00,

    /* U+00FE "þ" */
    0xff, 0x80, 0x00, 0x00, 0x00, 0xff, 0x80, 0x00,
    0x00, 0x00, 0xff, 0x80, 0x00, 0x00, 0x00, 0xff,
    0x80, 0x00, 0x00, 0x00, 0xff, 0xaa, 0xef, 0xb3,
    0x00, 0xff, 0xff, 0xff, 0xff, 0x30, 0xff, 0xf9,
    0x37, 0xff, 0xc0, 0xff, 0xf0, 0x00, 0x8f, 0xf2,
    0xff, 0xd0, 0x00, 0x3f, 0xf4, 0xff, 0xd0, 0x00,
    0x4f, 0xf4, 0xff, 0xf0, 0x00, 0xaf, 0xf2, 0xff,
    0xfc, 0x7a, 0xff, 0xc0, 0xff, 0xff, 0xff, 0xff,
    0x30, 0xff, 0xaa, 0xef, 0xb3, 0x00, 0xff, 0x80,
    0x00, 0x00, 0x00, 0xff, 0x80, 0x00, 0x00, 0x00,
    0xff, 0x80, 0x00, 0x00, 0x00, 0xff, 0x80, 0x00,
    0x00, 0x00,

    /* U+00FF "ÿ" */
    0x00, 0xbe, 0x42, 0xdd, 0x10, 0x00, 0x2f, 0xf9,
    0x6f, 0xf5, 0x00, 0x00, 0xbf, 0x42, 0xed, 0x10,
    0x00, 0x00, 0x00, 0x00, 0x00, 0x00, 0x9f, 0xe0,
    0x00, 0x0b, 0xfc, 0x03, 0xff, 0x50, 0x02, 0xff,
    0x60, 0x0c, 0xfc, 0x00, 0x8f, 0xf0, 0x00, 0x6f,
    0xf2, 0x0e, 0xf9, 0x00, 0x00, 0xef, 0x95, 0xff,
    0x20, 0x00, 0x09, 0xfe, 0xcf, 0xc0, 0x00, 0x00,
    0x2f, 0xff, 0xf5, 0x00, 0x00, 0x00, 0xcf, 0xfe,
    0x00, 0x00, 0x00, 0x06, 0xff, 0x90, 0x00, 0x00,
    0x00, 0x6f, 0xf2, 0x00, 0x00, 0x00, 0x0c, 0xfb,
    0x00, 0x00, 0x00, 0x03, 0xff, 0x50, 0x00, 0x00,
    0x00, 0x9f, 0xe0, 0x00, 0x00, 0x00, 0x0f, 0xf8,
    0x00, 0x00, 0x00,

    /* U+0150 "Ő" */
    0x00, 0x00, 0x00, 0x20, 0x02, 0x00, 0x00, 0x00,
    0x00, 0x03, 0xf8, 0x5f, 0x60, 0x00, 0x00, 0x00,
    0x0a, 0xf3, 0xcf, 0x20, 0x00, 0x00, 0x00, 0x1f,
    0xc3, 0xfa, 0x00, 0x00, 0x00, 0x00, 0x2c, 0x53,
    0xd3, 0x00, 0x00, 0x00, 0x00, 0x00, 0x00, 0x00,
    0x00, 0x00, 0x00, 0x00, 0x7c, 0xff, 0xd8, 0x10,
    0x00, 0x00, 0x3e, 0xff, 0xff, 0xff, 0xf5, 0x00,
    0x02, 0xef, 0xfe, 0xa9, 0xcf, 0xff, 0x50, 0x0b,
    0xff, 0x80, 0x00, 0x05, 0xff, 0xe0, 0x2f, 0xfa,
    0x00, 0x00, 0x00, 0x6f, 0xf6, 0x6f, 0xf3, 0x00,
    0x00, 0x00, 0x0f, 0xfa, 0x8f, 0xf0, 0x00, 0x00,
    0x00, 0x0c, 0xfc, 0x8f, 0xf0, 0x00, 0x00, 0x00,
    0x0c, 0xfc, 0x6f, 0xf3, 0x00, 0x00, 0x00, 0x0f,
    0xfa, 0x2f, 0xfa, 0x00, 0x00, 0x00, 0x6f, 0xf6,
    0x0b, 0xff, 0x80, 0x00, 0x05, 0xff, 0xe0, 0x02,
    0xff, 0xfe, 0xa9, 0xdf, 0xff, 0x50, 0x00, 0x3e,
    0xff, 0xff, 0xff, 0xf6, 0x00, 0x00, 0x00, 0x7c,
    0xff, 0xd9, 0x20, 0x00,

    /* U+0151 "ő" */
    0x00, 0x00, 0x20, 0x02, 0x00, 0x00, 0x00, 0x0e,
    0xc1, 0xfa, 0x00, 0x00, 0x06, 0xf7, 0x8f, 0x50,
    0x00, 0x00, 0xdf, 0x1e, 0xe0, 0x00, 0x00, 0x0a,
    0x91, 0xb7, 0x00, 0x00, 0x00, 0x00, 0x00, 0x00,
    0x00, 0x00, 0x2a, 0xef, 0xd8, 0x00, 0x00, 0x3f,
    0xff, 0xff, 0xfd, 0x10, 0x0e, 0xff, 0xb9, 0xdf,
    0xf9, 0x04, 0xff, 0x80, 0x00, 0xcf, 0xf0, 0x6f,
    0xf2, 0x00, 0x06, 0xff, 0x26, 0xff, 0x20, 0x00,
    0x6f, 0xf2, 0x4f, 0xf8, 0x00, 0x0c, 0xff, 0x00,
    0xef, 0xfb, 0x9d, 0xff, 0x90, 0x03, 0xff, 0xff,
    0xff, 0xd1, 0x00, 0x02, 0xae, 0xfd, 0x80, 0x00,

    /* U+2000 " " */

    /* U+2001 " " */

    /* U+2002 " " */

    /* U+2003 " " */

    /* U+2004 " " */

    /* U+2005 " " */

    /* U+2006 " " */

    /* U+2007 " " */

    /* U+2008 " " */

    /* U+2009 " " */

    /* U+200A " " */

    /* U+200B "​" */

    /* U+200C "‌" */

    /* U+2013 "–" */
    0x36, 0x66, 0x66, 0x66, 0x66, 0x29, 0xff, 0xff,
    0xff, 0xff, 0xf7, 0x9f, 0xff, 0xff, 0xff, 0xff,
    0x70,

    /* U+2014 "—" */
    0x36, 0x66, 0x66, 0x66, 0x66, 0x66, 0x66, 0x66,
    0x66, 0x19, 0xff, 0xff, 0xff, 0xff, 0xff, 0xff,
    0xff, 0xff, 0xf4, 0x9f, 0xff, 0xff, 0xff, 0xff,
    0xff, 0xff, 0xff, 0xff, 0x40,

    /* U+2018 "‘" */
    0x00, 0x12, 0x00, 0x2e, 0xc0, 0x0d, 0xf5, 0x05,
    0xfe, 0x00, 0x9f, 0xd0, 0x08, 0xff, 0x80, 0x0c,
    0xf6, 0x00,

    /* U+2019 "’" */
    0x3d, 0xe3, 0x4f, 0xfc, 0x09, 0xfd, 0x09, 0xf9,
    0x1f, 0xf2, 0x8f, 0x50, 0x02, 0x00,

    /* U+201A "‚" */
    0x2d, 0xe4, 0x3f, 0xfd, 0x08, 0xfe, 0x08, 0xfb,
    0x0e, 0xf3, 0x6f, 0x50, 0x03, 0x00,

    /* U+201C "“" */
    0x00, 0x12, 0x00, 0x03, 0x00, 0x2e, 0xc0, 0x0a,
    0xf2, 0x0d, 0xf5, 0x08, 0xfa, 0x05, 0xfe, 0x01,
    0xff, 0x30, 0x9f, 0xd0, 0x4f, 0xf2, 0x08, 0xff,
    0x83, 0xff, 0xc1, 0x0c, 0xf6, 0x08, 0xfa, 0x00,

    /* U+201D "”" */
    0x3d, 0xe3, 0x0b, 0xf7, 0x04, 0xff, 0xc1, 0xdf,
    0xf1, 0x09, 0xfd, 0x04, 0xff, 0x20, 0x9f, 0x90,
    0x4f, 0xe0, 0x1f, 0xf2, 0x0b, 0xf6, 0x08, 0xf5,
    0x03, 0xf9, 0x00, 0x02, 0x00, 0x03, 0x00, 0x00,

    /* U+201E "„" */
    0x2d, 0xe4, 0x0a, 0xf8, 0x03, 0xff, 0xd1, 0xcf,
    0xf2, 0x08, 0xfe, 0x03, 0xff, 0x30, 0x8f, 0xb0,
    0x3f, 0xf0, 0x0e, 0xf3, 0x0a, 0xf8, 0x06, 0xf6,
    0x02, 0xfa, 0x00, 0x03, 0x00, 0x03, 0x00, 0x00,

    /* U+2022 "•" */
    0x00, 0x48, 0x50, 0x00, 0x7f, 0xff, 0x90, 0x0e,
    0xff, 0xff, 0x10, 0xff, 0xff, 0xf2, 0x0b, 0xff,
    0xfd, 0x00, 0x0b, 0xfc, 0x10,

    /* U+2026 "…" */
    0x04, 0xa6, 0x00, 0x4a, 0x60, 0x04, 0xa6, 0x00,
    0xff, 0xf3, 0x0f, 0xff, 0x30, 0xff, 0xf3, 0x1f,
    0xff, 0x51, 0xff, 0xf4, 0x1f, 0xff, 0x40, 0x7e,
    0xa0, 0x08, 0xea, 0x00, 0x7e, 0xa0,

    /* U+202F " " */

    /* U+2030 "‰" */
    0x03, 0xcf, 0xc3, 0x00, 0x00, 0x0b, 0x30, 0x00,
    0x00, 0x00, 0x01, 0xef, 0xff, 0xe1, 0x00, 0x0b,
    0xfd, 0x00, 0x00, 0x00, 0x00, 0x7f, 0x90, 0xaf,
    0x70, 0x08, 0xff, 0x20, 0x00, 0x00, 0x00, 0x09,
    0xf5, 0x05, 0xf9, 0x05, 0xff, 0x40, 0x00, 0x00,
    0x00, 0x00, 0x6f, 0xa0, 0xaf, 0x72, 0xff, 0x70,
    0x00, 0x00, 0x00, 0x00, 0x01, 0xef, 0xff, 0xe2,
    0xdf, 0xa0, 0x00, 0x00, 0x00, 0x00, 0x00, 0x02,
    0xbe, 0xb2, 0xbf, 0xd0, 0x00, 0x00, 0x00, 0x00,
    0x00, 0x00, 0x00, 0x00, 0x8f, 0xe2, 0x00, 0x00,
    0x00, 0x00, 0x00, 0x00, 0x00, 0x00, 0x5f, 0xf4,
    0x3c, 0xfd, 0x50, 0x07, 0xef, 0xa1, 0x00, 0x00,
    0x3f, 0xf7, 0x2f, 0xff, 0xff, 0x37, 0xff, 0xff,
    0xd0, 0x00, 0x1e, 0xfa, 0x08, 0xf9, 0x07, 0xf9,
    0xdf, 0x30, 0xcf, 0x30, 0x0c, 0xfc, 0x00, 0x8f,
    0x90, 0x7f, 0x9d, 0xf3, 0x0c, 0xf3, 0x08, 0xfe,
    0x10, 0x02, 0xff, 0xff, 0xf3, 0x7f, 0xff, 0xfd,
    0x00, 0x1b, 0x30, 0x00, 0x03, 0xcf, 0xd4, 0x00,
    0x7e, 0xfa, 0x10, 0x00, 0x00, 0x00, 0x00, 0x00,
    0x00, 0x00, 0x00, 0x00, 0x00, 0x00,

    /* U+2039 "‹" */
    0x00, 0x0d, 0xfb, 0x00, 0x09, 0xfe, 0x10, 0x03,
    0xff, 0x50, 0x00, 0xdf, 0xa0, 0x00, 0x1e, 0xf8,
    0x00, 0x00, 0x5f, 0xf3, 0x00, 0x00, 0xaf, 0xd0,
    0x00, 0x01, 0xef, 0x90, 0x00, 0x01, 0x22, 0x00,

    /* U+203A "›" */
    0x2f, 0xf7, 0x00, 0x07, 0xff, 0x20, 0x00, 0xcf,
    0xd0, 0x00, 0x2f, 0xf8, 0x00, 0x1e, 0xf9, 0x00,
    0xaf, 0xe0, 0x05, 0xff, 0x40, 0x1e, 0xf9, 0x00,
    0x02, 0x20, 0x00,

    /* U+2044 "⁄" */
    0x00, 0x00, 0x00, 0x00, 0x00, 0x00, 0x00, 0x00,
    0x00, 0x04, 0xd4, 0x00, 0x00, 0x00, 0x00, 0xef,
    0x40, 0x00, 0x00, 0x00, 0x8f, 0xa0, 0x00, 0x00,
    0x00, 0x2f, 0xe1, 0x00, 0x00, 0x00, 0x0c, 0xf6,
    0x00, 0x00, 0x00, 0x06, 0xfc, 0x00, 0x00, 0x00,
    0x01, 0xef, 0x20, 0x00, 0x00, 0x00, 0xaf, 0x80,
    0x00, 0x00, 0x00, 0x3f, 0xe0, 0x00, 0x00, 0x00,
    0x0d, 0xf4, 0x00, 0x00, 0x00, 0x07, 0xfa, 0x00,
    0x00, 0x00, 0x02, 0xff, 0x10, 0x00, 0x00, 0x00,
    0xbf, 0x70, 0x00, 0x00, 0x00, 0x5f, 0xc0, 0x00,
    0x00, 0x00, 0x02, 0xb3, 0x00, 0x00, 0x00, 0x00,

    /* U+205F " " */

};

/*---------------------
 *  GLYPH DESCRIPTION
 *--------------------*/

static const lv_font_fmt_txt_glyph_dsc_t glyph_dsc[] = {
    {.bitmap_index = 0, .adv_w = 0, .box_w = 0, .box_h = 0, .ofs_x = 0, .ofs_y = 0} /* id = 0 reserved */,
    {.bitmap_index = 0, .adv_w = 79, .box_w = 0, .box_h = 0, .ofs_x = 0, .ofs_y = 0},
    {.bitmap_index = 0, .adv_w = 88, .box_w = 4, .box_h = 14, .ofs_x = 1, .ofs_y = 0},
    {.bitmap_index = 28, .adv_w = 109, .box_w = 7, .box_h = 7, .ofs_x = 0, .ofs_y = 7},
    {.bitmap_index = 53, .adv_w = 206, .box_w = 13, .box_h = 14, .ofs_x = 0, .ofs_y = 0},
    {.bitmap_index = 144, .adv_w = 166, .box_w = 10, .box_h = 18, .ofs_x = 0, .ofs_y = -2},
    {.bitmap_index = 234, .adv_w = 231, .box_w = 15, .box_h = 15, .ofs_x = 0, .ofs_y = -1},
    {.bitmap_index = 347, .adv_w = 196, .box_w = 12, .box_h = 14, .ofs_x = 0, .ofs_y = 0},
    {.bitmap_index = 431, .adv_w = 56, .box_w = 3, .box_h = 7, .ofs_x = 0, .ofs_y = 7},
    {.bitmap_index = 442, .adv_w = 107, .box_w = 7, .box_h = 19, .ofs_x = 0, .ofs_y = -3},
    {.bitmap_index = 509, .adv_w = 107, .box_w = 6, .box_h = 19, .ofs_x = 0, .ofs_y = -3},
    {.bitmap_index = 566, .adv_w = 135, .box_w = 8, .box_h = 8, .ofs_x = 0, .ofs_y = 7},
    {.bitmap_index = 598, .adv_w = 204, .box_w = 10, .box_h = 10, .ofs_x = 1, .ofs_y = 2},
    {.bitmap_index = 648, .adv_w = 86, .box_w = 5, .box_h = 7, .ofs_x = 0, .ofs_y = -3},
    {.bitmap_index = 666, .adv_w = 112, .box_w = 7, .box_h = 3, .ofs_x = 0, .ofs_y = 5},
    {.bitmap_index = 677, .adv_w = 84, .box_w = 5, .box_h = 4, .ofs_x = 0, .ofs_y = 0},
    {.bitmap_index = 687, .adv_w = 146, .box_w = 11, .box_h = 17, .ofs_x = -1, .ofs_y = -2},
    {.bitmap_index = 781, .adv_w = 169, .box_w = 10, .box_h = 14, .ofs_x = 0, .ofs_y = 0},
    {.bitmap_index = 851, .adv_w = 109, .box_w = 6, .box_h = 14, .ofs_x = 0, .ofs_y = 0},
    {.bitmap_index = 893, .adv_w = 155, .box_w = 9, .box_h = 14, .ofs_x = 0, .ofs_y = 0},
    {.bitmap_index = 956, .adv_w = 158, .box_w = 10, .box_h = 14, .ofs_x = 0, .ofs_y = 0},
    {.bitmap_index = 1026, .adv_w = 174, .box_w = 11, .box_h = 14, .ofs_x = 0, .ofs_y = 0},
    {.bitmap_index = 1103, .adv_w = 161, .box_w = 10, .box_h = 14, .ofs_x = 0, .ofs_y = 0},
    {.bitmap_index = 1173, .adv_w = 168, .box_w = 11, .box_h = 14, .ofs_x = 0, .ofs_y = 0},
    {.bitmap_index = 1250, .adv_w = 150, .box_w = 9, .box_h = 14, .ofs_x = 0, .ofs_y = 0},
    {.bitmap_index = 1313, .adv_w = 165, .box_w = 10, .box_h = 14, .ofs_x = 0, .ofs_y = 0},
    {.bitmap_index = 1383, .adv_w = 168, .box_w = 11, .box_h = 14, .ofs_x = 0, .ofs_y = 0},
    {.bitmap_index = 1460, .adv_w = 84, .box_w = 5, .box_h = 10, .ofs_x = 0, .ofs_y = 0},
    {.bitmap_index = 1485, .adv_w = 86, .box_w = 5, .box_h = 14, .ofs_x = 0, .ofs_y = -4},
    {.bitmap_index = 1520, .adv_w = 204, .box_w = 9, .box_h = 12, .ofs_x = 2, .ofs_y = 0},
    {.bitmap_index = 1574, .adv_w = 204, .box_w = 9, .box_h = 7, .ofs_x = 2, .ofs_y = 3},
    {.bitmap_index = 1606, .adv_w = 204, .box_w = 9, .box_h = 12, .ofs_x = 2, .ofs_y = 0},
    {.bitmap_index = 1660, .adv_w = 164, .box_w = 10, .box_h = 15, .ofs_x = 0, .ofs_y = 0},
    {.bitmap_index = 1735, .adv_w = 259, .box_w = 16, .box_h = 16, .ofs_x = 0, .ofs_y = -1},
    {.bitmap_index = 1863, .adv_w = 200, .box_w = 13, .box_h = 14, .ofs_x = 0, .ofs_y = 0},
    {.bitmap_index = 1954, .adv_w = 180, .box_w = 10, .box_h = 14, .ofs_x = 1, .ofs_y = 0},
    {.bitmap_index = 2024, .adv_w = 213, .box_w = 13, .box_h = 14, .ofs_x = 0, .ofs_y = 0},
    {.bitmap_index = 2115, .adv_w = 203, .box_w = 12, .box_h = 14, .ofs_x = 1, .ofs_y = 0},
    {.bitmap_index = 2199, .adv_w = 164, .box_w = 9, .box_h = 14, .ofs_x = 1, .ofs_y = 0},
    {.bitmap_index = 2262, .adv_w = 157, .box_w = 9, .box_h = 14, .ofs_x = 1, .ofs_y = 0},
    {.bitmap_index = 2325, .adv_w = 219, .box_w = 14, .box_h = 14, .ofs_x = 0, .ofs_y = 0},
    {.bitmap_index = 2423, .adv_w = 208, .box_w = 11, .box_h = 14, .ofs_x = 1, .ofs_y = 0},
    {.bitmap_index = 2500, .adv_w = 81, .box_w = 3, .box_h = 14, .ofs_x = 1, .ofs_y = 0},
    {.bitmap_index = 2521, .adv_w = 165, .box_w = 10, .box_h = 14, .ofs_x = 0, .ofs_y = 0},
    {.bitmap_index = 2591, .adv_w = 190, .box_w = 11, .box_h = 14, .ofs_x = 1, .ofs_y = 0},
    {.bitmap_index = 2668, .adv_w = 151, .box_w = 9, .box_h = 14, .ofs_x = 1, .ofs_y = 0},
    {.bitmap_index = 2731, .adv_w = 264, .box_w = 16, .box_h = 14, .ofs_x = 0, .ofs_y = 0},
    {.bitmap_index = 2843, .adv_w = 218, .box_w = 12, .box_h = 14, .ofs_x = 1, .ofs_y = 0},
    {.bitmap_index = 2927, .adv_w = 228, .box_w = 14, .box_h = 14, .ofs_x = 0, .ofs_y = 0},
    {.bitmap_index = 3025, .adv_w = 177, .box_w = 10, .box_h = 14, .ofs_x = 1, .ofs_y = 0},
    {.bitmap_index = 3095, .adv_w = 228, .box_w = 14, .box_h = 15, .ofs_x = 0, .ofs_y = -1},
    {.bitmap_index = 3200, .adv_w = 185, .box_w = 10, .box_h = 14, .ofs_x = 1, .ofs_y = 0},
    {.bitmap_index = 3270, .adv_w = 172, .box_w = 11, .box_h = 14, .ofs_x = 0, .ofs_y = 0},
    {.bitmap_index = 3347, .adv_w = 173, .box_w = 11, .box_h = 14, .ofs_x = 0, .ofs_y = 0},
    {.bitmap_index = 3424, .adv_w = 205, .box_w = 11, .box_h = 14, .ofs_x = 1, .ofs_y = 0},
    {.bitmap_index = 3501, .adv_w = 195, .box_w = 13, .box_h = 14, .ofs_x = 0, .ofs_y = 0},
    {.bitmap_index = 3592, .adv_w = 298, .box_w = 19, .box_h = 14, .ofs_x = 0, .ofs_y = 0},
    {.bitmap_index = 3725, .adv_w = 201, .box_w = 13, .box_h = 14, .ofs_x = 0, .ofs_y = 0},
    {.bitmap_index = 3816, .adv_w = 179, .box_w = 13, .box_h = 14, .ofs_x = -1, .ofs_y = 0},
    {.bitmap_index = 3907, .adv_w = 174, .box_w = 11, .box_h = 14, .ofs_x = 0, .ofs_y = 0},
    {.bitmap_index = 3984, .adv_w = 99, .box_w = 5, .box_h = 19, .ofs_x = 1, .ofs_y = -3},
    {.bitmap_index = 4032, .adv_w = 146, .box_w = 11, .box_h = 17, .ofs_x = -1, .ofs_y = -2},
    {.bitmap_index = 4126, .adv_w = 97, .box_w = 5, .box_h = 19, .ofs_x = 0, .ofs_y = -3},
    {.bitmap_index = 4174, .adv_w = 204, .box_w = 9, .box_h = 7, .ofs_x = 2, .ofs_y = 5},
    {.bitmap_index = 4206, .adv_w = 168, .box_w = 11, .box_h = 3, .ofs_x = 0, .ofs_y = -2},
    {.bitmap_index = 4223, .adv_w = 168, .box_w = 5, .box_h = 5, .ofs_x = 3, .ofs_y = 11},
    {.bitmap_index = 4236, .adv_w = 153, .box_w = 9, .box_h = 10, .ofs_x = 0, .ofs_y = 0},
    {.bitmap_index = 4281, .adv_w = 174, .box_w = 10, .box_h = 14, .ofs_x = 1, .ofs_y = 0},
    {.bitmap_index = 4351, .adv_w = 155, .box_w = 10, .box_h = 10, .ofs_x = 0, .ofs_y = 0},
    {.bitmap_index = 4401, .adv_w = 174, .box_w = 10, .box_h = 14, .ofs_x = 0, .ofs_y = 0},
    {.bitmap_index = 4471, .adv_w = 163, .box_w = 10, .box_h = 10, .ofs_x = 0, .ofs_y = 0},
    {.bitmap_index = 4521, .adv_w = 100, .box_w = 7, .box_h = 14, .ofs_x = 0, .ofs_y = 0},
    {.bitmap_index = 4570, .adv_w = 175, .box_w = 10, .box_h = 14, .ofs_x = 0, .ofs_y = -4},
    {.bitmap_index = 4640, .adv_w = 168, .box_w = 9, .box_h = 14, .ofs_x = 1, .ofs_y = 0},
    {.bitmap_index = 4703, .adv_w = 75, .box_w = 4, .box_h = 15, .ofs_x = 0, .ofs_y = 0},
    {.bitmap_index = 4733, .adv_w = 77, .box_w = 5, .box_h = 19, .ofs_x = -1, .ofs_y = -4},
    {.bitmap_index = 4781, .adv_w = 150, .box_w = 9, .box_h = 14, .ofs_x = 1, .ofs_y = 0},
    {.bitmap_index = 4844, .adv_w = 80, .box_w = 4, .box_h = 14, .ofs_x = 1, .ofs_y = 0},
    {.bitmap_index = 4872, .adv_w = 256, .box_w = 15, .box_h = 10, .ofs_x = 1, .ofs_y = 0},
    {.bitmap_index = 4947, .adv_w = 168, .box_w = 9, .box_h = 10, .ofs_x = 1, .ofs_y = 0},
    {.bitmap_index = 4992, .adv_w = 171, .box_w = 11, .box_h = 10, .ofs_x = 0, .ofs_y = 0},
    {.bitmap_index = 5047, .adv_w = 174, .box_w = 10, .box_h = 14, .ofs_x = 1, .ofs_y = -4},
    {.bitmap_index = 5117, .adv_w = 174, .box_w = 10, .box_h = 14, .ofs_x = 0, .ofs_y = -4},
    {.bitmap_index = 5187, .adv_w = 109, .box_w = 6, .box_h = 11, .ofs_x = 1, .ofs_y = 0},
    {.bitmap_index = 5220, .adv_w = 135, .box_w = 8, .box_h = 10, .ofs_x = 0, .ofs_y = 0},
    {.bitmap_index = 5260, .adv_w = 117, .box_w = 7, .box_h = 13, .ofs_x = 0, .ofs_y = 0},
    {.bitmap_index = 5306, .adv_w = 168, .box_w = 10, .box_h = 10, .ofs_x = 0, .ofs_y = 0},
    {.bitmap_index = 5356, .adv_w = 157, .box_w = 10, .box_h = 10, .ofs_x = 0, .ofs_y = 0},
    {.bitmap_index = 5406, .adv_w = 228, .box_w = 15, .box_h = 10, .ofs_x = 0, .ofs_y = 0},
    {.bitmap_index = 5481, .adv_w = 157, .box_w = 10, .box_h = 10, .ofs_x = 0, .ofs_y = 0},
    {.bitmap_index = 5531, .adv_w = 162, .box_w = 11, .box_h = 14, .ofs_x = 0, .ofs_y = -4},
    {.bitmap_index = 5608, .adv_w = 143, .box_w = 9, .box_h = 10, .ofs_x = 0, .ofs_y = 0},
    {.bitmap_index = 5653, .adv_w = 98, .box_w = 6, .box_h = 20, .ofs_x = 0, .ofs_y = -3},
    {.bitmap_index = 5713, .adv_w = 79, .box_w = 3, .box_h = 19, .ofs_x = 1, .ofs_y = -2},
    {.bitmap_index = 5742, .adv_w = 98, .box_w = 6, .box_h = 20, .ofs_x = 0, .ofs_y = -3},
    {.bitmap_index = 5802, .adv_w = 204, .box_w = 11, .box_h = 5, .ofs_x = 1, .ofs_y = 3},
    {.bitmap_index = 5830, .adv_w = 79, .box_w = 0, .box_h = 0, .ofs_x = 0, .ofs_y = 0},
    {.bitmap_index = 5830, .adv_w = 88, .box_w = 4, .box_h = 15, .ofs_x = 1, .ofs_y = -4},
    {.bitmap_index = 5860, .adv_w = 160, .box_w = 10, .box_h = 14, .ofs_x = 0, .ofs_y = 0},
    {.bitmap_index = 5930, .adv_w = 159, .box_w = 10, .box_h = 14, .ofs_x = 0, .ofs_y = 0},
    {.bitmap_index = 6000, .adv_w = 178, .box_w = 11, .box_h = 11, .ofs_x = 0, .ofs_y = 1},
    {.bitmap_index = 6061, .adv_w = 168, .box_w = 11, .box_h = 13, .ofs_x = 0, .ofs_y = 0},
    {.bitmap_index = 6133, .adv_w = 79, .box_w = 3, .box_h = 19, .ofs_x = 1, .ofs_y = -2},
    {.bitmap_index = 6162, .adv_w = 162, .box_w = 10, .box_h = 18, .ofs_x = 0, .ofs_y = -2},
    {.bitmap_index = 6252, .adv_w = 168, .box_w = 8, .box_h = 4, .ofs_x = 1, .ofs_y = 11},
    {.bitmap_index = 6268, .adv_w = 203, .box_w = 12, .box_h = 12, .ofs_x = 0, .ofs_y = 3},
    {.bitmap_index = 6340, .adv_w = 114, .box_w = 7, .box_h = 8, .ofs_x = 0, .ofs_y = 5},
    {.bitmap_index = 6368, .adv_w = 174, .box_w = 11, .box_h = 9, .ofs_x = 0, .ofs_y = 1},
    {.bitmap_index = 6418, .adv_w = 204, .box_w = 10, .box_h = 6, .ofs_x = 1, .ofs_y = 2},
    {.bitmap_index = 6448, .adv_w = 203, .box_w = 12, .box_h = 12, .ofs_x = 0, .ofs_y = 3},
    {.bitmap_index = 6520, .adv_w = 168, .box_w = 6, .box_h = 3, .ofs_x = 2, .ofs_y = 12},
    {.bitmap_index = 6529, .adv_w = 122, .box_w = 8, .box_h = 7, .ofs_x = 0, .ofs_y = 7},
    {.bitmap_index = 6557, .adv_w = 204, .box_w = 10, .box_h = 13, .ofs_x = 1, .ofs_y = 0},
    {.bitmap_index = 6622, .adv_w = 107, .box_w = 7, .box_h = 8, .ofs_x = 0, .ofs_y = 7},
    {.bitmap_index = 6650, .adv_w = 104, .box_w = 7, .box_h = 8, .ofs_x = 0, .ofs_y = 7},
    {.bitmap_index = 6678, .adv_w = 168, .box_w = 5, .box_h = 5, .ofs_x = 3, .ofs_y = 11},
    {.bitmap_index = 6691, .adv_w = 168, .box_w = 10, .box_h = 14, .ofs_x = 0, .ofs_y = -4},
    {.bitmap_index = 6761, .adv_w = 212, .box_w = 13, .box_h = 17, .ofs_x = 0, .ofs_y = -3},
    {.bitmap_index = 6872, .adv_w = 84, .box_w = 5, .box_h = 4, .ofs_x = 0, .ofs_y = 4},
    {.bitmap_index = 6882, .adv_w = 168, .box_w = 5, .box_h = 5, .ofs_x = 3, .ofs_y = -5},
    {.bitmap_index = 6895, .adv_w = 74, .box_w = 4, .box_h = 8, .ofs_x = 0, .ofs_y = 7},
    {.bitmap_index = 6911, .adv_w = 132, .box_w = 8, .box_h = 7, .ofs_x = 0, .ofs_y = 6},
    {.bitmap_index = 6939, .adv_w = 174, .box_w = 11, .box_h = 9, .ofs_x = 0, .ofs_y = 1},
    {.bitmap_index = 6989, .adv_w = 264, .box_w = 17, .box_h = 16, .ofs_x = 0, .ofs_y = -1},
    {.bitmap_index = 7125, .adv_w = 260, .box_w = 16, .box_h = 16, .ofs_x = 0, .ofs_y = -1},
    {.bitmap_index = 7253, .adv_w = 292, .box_w = 18, .box_h = 16, .ofs_x = 0, .ofs_y = -1},
    {.bitmap_index = 7397, .adv_w = 153, .box_w = 10, .box_h = 15, .ofs_x = 0, .ofs_y = -4},
    {.bitmap_index = 7472, .adv_w = 200, .box_w = 13, .box_h = 20, .ofs_x = 0, .ofs_y = 0},
    {.bitmap_index = 7602, .adv_w = 200, .box_w = 13, .box_h = 20, .ofs_x = 0, .ofs_y = 0},
    {.bitmap_index = 7732, .adv_w = 200, .box_w = 13, .box_h = 19, .ofs_x = 0, .ofs_y = 0},
    {.bitmap_index = 7856, .adv_w = 200, .box_w = 13, .box_h = 18, .ofs_x = 0, .ofs_y = 0},
    {.bitmap_index = 7973, .adv_w = 200, .box_w = 13, .box_h = 19, .ofs_x = 0, .ofs_y = 0},
    {.bitmap_index = 8097, .adv_w = 200, .box_w = 13, .box_h = 20, .ofs_x = 0, .ofs_y = 0},
    {.bitmap_index = 8227, .adv_w = 258, .box_w = 16, .box_h = 14, .ofs_x = 0, .ofs_y = 0},
    {.bitmap_index = 8339, .adv_w = 213, .box_w = 13, .box_h = 18, .ofs_x = 0, .ofs_y = -4},
    {.bitmap_index = 8456, .adv_w = 164, .box_w = 9, .box_h = 20, .ofs_x = 1, .ofs_y = 0},
    {.bitmap_index = 8546, .adv_w = 164, .box_w = 9, .box_h = 20, .ofs_x = 1, .ofs_y = 0},
    {.bitmap_index = 8636, .adv_w = 164, .box_w = 9, .box_h = 19, .ofs_x = 1, .ofs_y = 0},
    {.bitmap_index = 8722, .adv_w = 164, .box_w = 9, .box_h = 19, .ofs_x = 1, .ofs_y = 0},
    {.bitmap_index = 8808, .adv_w = 81, .box_w = 5, .box_h = 20, .ofs_x = -1, .ofs_y = 0},
    {.bitmap_index = 8858, .adv_w = 81, .box_w = 5, .box_h = 20, .ofs_x = 1, .ofs_y = 0},
    {.bitmap_index = 8908, .adv_w = 81, .box_w = 7, .box_h = 19, .ofs_x = -1, .ofs_y = 0},
    {.bitmap_index = 8975, .adv_w = 81, .box_w = 7, .box_h = 19, .ofs_x = -1, .ofs_y = 0},
    {.bitmap_index = 9042, .adv_w = 215, .box_w = 13, .box_h = 14, .ofs_x = 0, .ofs_y = 0},
    {.bitmap_index = 9133, .adv_w = 218, .box_w = 12, .box_h = 18, .ofs_x = 1, .ofs_y = 0},
    {.bitmap_index = 9241, .adv_w = 228, .box_w = 14, .box_h = 20, .ofs_x = 0, .ofs_y = 0},
    {.bitmap_index = 9381, .adv_w = 228, .box_w = 14, .box_h = 20, .ofs_x = 0, .ofs_y = 0},
    {.bitmap_index = 9521, .adv_w = 228, .box_w = 14, .box_h = 20, .ofs_x = 0, .ofs_y = 0},
    {.bitmap_index = 9661, .adv_w = 228, .box_w = 14, .box_h = 18, .ofs_x = 0, .ofs_y = 0},
    {.bitmap_index = 9787, .adv_w = 228, .box_w = 14, .box_h = 19, .ofs_x = 0, .ofs_y = 0},
    {.bitmap_index = 9920, .adv_w = 204, .box_w = 10, .box_h = 10, .ofs_x = 1, .ofs_y = 2},
    {.bitmap_index = 9970, .adv_w = 228, .box_w = 14, .box_h = 16, .ofs_x = 0, .ofs_y = -1},
    {.bitmap_index = 10082, .adv_w = 205, .box_w = 11, .box_h = 20, .ofs_x = 1, .ofs_y = 0},
    {.bitmap_index = 10192, .adv_w = 205, .box_w = 11, .box_h = 20, .ofs_x = 1, .ofs_y = 0},
    {.bitmap_index = 10302, .adv_w = 205, .box_w = 11, .box_h = 20, .ofs_x = 1, .ofs_y = 0},
    {.bitmap_index = 10412, .adv_w = 205, .box_w = 11, .box_h = 19, .ofs_x = 1, .ofs_y = 0},
    {.bitmap_index = 10517, .adv_w = 179, .box_w = 13, .box_h = 20, .ofs_x = -1, .ofs_y = 0},
    {.bitmap_index = 10647, .adv_w = 177, .box_w = 10, .box_h = 14, .ofs_x = 1, .ofs_y = 0},
    {.bitmap_index = 10717, .adv_w = 177, .box_w = 10, .box_h = 14, .ofs_x = 1, .ofs_y = 0},
    {.bitmap_index = 10787, .adv_w = 153, .box_w = 9, .box_h = 16, .ofs_x = 0, .ofs_y = 0},
    {.bitmap_index = 10859, .adv_w = 153, .box_w = 9, .box_h = 16, .ofs_x = 0, .ofs_y = 0},
    {.bitmap_index = 10931, .adv_w = 153, .box_w = 9, .box_h = 16, .ofs_x = 0, .ofs_y = 0},
    {.bitmap_index = 11003, .adv_w = 153, .box_w = 9, .box_h = 14, .ofs_x = 0, .ofs_y = 0},
    {.bitmap_index = 11066, .adv_w = 153, .box_w = 9, .box_h = 14, .ofs_x = 0, .ofs_y = 0},
    {.bitmap_index = 11129, .adv_w = 153, .box_w = 9, .box_h = 16, .ofs_x = 0, .ofs_y = 0},
    {.bitmap_index = 11201, .adv_w = 240, .box_w = 15, .box_h = 10, .ofs_x = 0, .ofs_y = 0},
    {.bitmap_index = 11276, .adv_w = 155, .box_w = 10, .box_h = 14, .ofs_x = 0, .ofs_y = -4},
    {.bitmap_index = 11346, .adv_w = 163, .box_w = 10, .box_h = 16, .ofs_x = 0, .ofs_y = 0},
    {.bitmap_index = 11426, .adv_w = 163, .box_w = 10, .box_h = 16, .ofs_x = 0, .ofs_y = 0},
    {.bitmap_index = 11506, .adv_w = 163, .box_w = 10, .box_h = 16, .ofs_x = 0, .ofs_y = 0},
    {.bitmap_index = 11586, .adv_w = 163, .box_w = 10, .box_h = 14, .ofs_x = 0, .ofs_y = 0},
    {.bitmap_index = 11656, .adv_w = 75, .box_w = 5, .box_h = 16, .ofs_x = -1, .ofs_y = 0},
    {.bitmap_index = 11696, .adv_w = 75, .box_w = 5, .box_h = 16, .ofs_x = 1, .ofs_y = 0},
    {.bitmap_index = 11736, .adv_w = 75, .box_w = 6, .box_h = 16, .ofs_x = -1, .ofs_y = 0},
    {.bitmap_index = 11784, .adv_w = 75, .box_w = 7, .box_h = 14, .ofs_x = -1, .ofs_y = 0},
    {.bitmap_index = 11833, .adv_w = 170, .box_w = 10, .box_h = 15, .ofs_x = 0, .ofs_y = 0},
    {.bitmap_index = 11908, .adv_w = 168, .box_w = 9, .box_h = 14, .ofs_x = 1, .ofs_y = 0},
    {.bitmap_index = 11971, .adv_w = 171, .box_w = 11, .box_h = 16, .ofs_x = 0, .ofs_y = 0},
    {.bitmap_index = 12059, .adv_w = 171, .box_w = 11, .box_h = 16, .ofs_x = 0, .ofs_y = 0},
    {.bitmap_index = 12147, .adv_w = 171, .box_w = 11, .box_h = 16, .ofs_x = 0, .ofs_y = 0},
    {.bitmap_index = 12235, .adv_w = 171, .box_w = 11, .box_h = 14, .ofs_x = 0, .ofs_y = 0},
    {.bitmap_index = 12312, .adv_w = 171, .box_w = 11, .box_h = 14, .ofs_x = 0, .ofs_y = 0},
    {.bitmap_index = 12389, .adv_w = 204, .box_w = 11, .box_h = 11, .ofs_x = 1, .ofs_y = 1},
    {.bitmap_index = 12450, .adv_w = 175, .box_w = 11, .box_h = 12, .ofs_x = 0, .ofs_y = -1},
    {.bitmap_index = 12516, .adv_w = 168, .box_w = 10, .box_h = 16, .ofs_x = 0, .ofs_y = 0},
    {.bitmap_index = 12596, .adv_w = 168, .box_w = 10, .box_h = 16, .ofs_x = 0, .ofs_y = 0},
    {.bitmap_index = 12676, .adv_w = 168, .box_w = 10, .box_h = 16, .ofs_x = 0, .ofs_y = 0},
    {.bitmap_index = 12756, .adv_w = 168, .box_w = 10, .box_h = 14, .ofs_x = 0, .ofs_y = 0},
    {.bitmap_index = 12826, .adv_w = 162, .box_w = 11, .box_h = 20, .ofs_x = 0, .ofs_y = -4},
    {.bitmap_index = 12936, .adv_w = 174, .box_w = 10, .box_h = 18, .ofs_x = 1, .ofs_y = -4},
    {.bitmap_index = 13026, .adv_w = 162, .box_w = 11, .box_h = 18, .ofs_x = 0, .ofs_y = -4},
    {.bitmap_index = 13125, .adv_w = 228, .box_w = 14, .box_h = 20, .ofs_x = 0, .ofs_y = 0},
    {.bitmap_index = 13265, .adv_w = 171, .box_w = 11, .box_h = 16, .ofs_x = 0, .ofs_y = 0},
    {.bitmap_index = 13353, .adv_w = 152, .box_w = 0, .box_h = 0, .ofs_x = 0, .ofs_y = 0},
    {.bitmap_index = 13353, .adv_w = 304, .box_w = 0, .box_h = 0, .ofs_x = 0, .ofs_y = 0},
    {.bitmap_index = 13353, .adv_w = 152, .box_w = 0, .box_h = 0, .ofs_x = 0, .ofs_y = 0},
    {.bitmap_index = 13353, .adv_w = 304, .box_w = 0, .box_h = 0, .ofs_x = 0, .ofs_y = 0},
    {.bitmap_index = 13353, .adv_w = 101, .box_w = 0, .box_h = 0, .ofs_x = 0, .ofs_y = 0},
    {.bitmap_index = 13353, .adv_w = 76, .box_w = 0, .box_h = 0, .ofs_x = 0, .ofs_y = 0},
    {.bitmap_index = 13353, .adv_w = 51, .box_w = 0, .box_h = 0, .ofs_x = 0, .ofs_y = 0},
    {.bitmap_index = 13353, .adv_w = 168, .box_w = 0, .box_h = 0, .ofs_x = 0, .ofs_y = 0},
    {.bitmap_index = 13353, .adv_w = 84, .box_w = 0, .box_h = 0, .ofs_x = 0, .ofs_y = 0},
    {.bitmap_index = 13353, .adv_w = 61, .box_w = 0, .box_h = 0, .ofs_x = 0, .ofs_y = 0},
    {.bitmap_index = 13353, .adv_w = 43, .box_w = 0, .box_h = 0, .ofs_x = 0, .ofs_y = 0},
    {.bitmap_index = 13353, .adv_w = 0, .box_w = 0, .box_h = 0, .ofs_x = 0, .ofs_y = 0},
    {.bitmap_index = 13353, .adv_w = 0, .box_w = 0, .box_h = 0, .ofs_x = 0, .ofs_y = 0},
    {.bitmap_index = 13353, .adv_w = 174, .box_w = 11, .box_h = 3, .ofs_x = 0, .ofs_y = 5},
    {.bitmap_index = 13370, .adv_w = 299, .box_w = 19, .box_h = 3, .ofs_x = 0, .ofs_y = 5},
    {.bitmap_index = 13399, .adv_w = 69, .box_w = 5, .box_h = 7, .ofs_x = 0, .ofs_y = 8},
    {.bitmap_index = 13417, .adv_w = 69, .box_w = 4, .box_h = 7, .ofs_x = 0, .ofs_y = 7},
    {.bitmap_index = 13431, .adv_w = 69, .box_w = 4, .box_h = 7, .ofs_x = 0, .ofs_y = -5},
    {.bitmap_index = 13445, .adv_w = 138, .box_w = 9, .box_h = 7, .ofs_x = 0, .ofs_y = 8},
    {.bitmap_index = 13477, .adv_w = 137, .box_w = 9, .box_h = 7, .ofs_x = 0, .ofs_y = 7},
    {.bitmap_index = 13509, .adv_w = 138, .box_w = 9, .box_h = 7, .ofs_x = 0, .ofs_y = -5},
    {.bitmap_index = 13541, .adv_w = 114, .box_w = 7, .box_h = 6, .ofs_x = 0, .ofs_y = 3},
    {.bitmap_index = 13562, .adv_w = 244, .box_w = 15, .box_h = 4, .ofs_x = 0, .ofs_y = 0},
    {.bitmap_index = 13592, .adv_w = 63, .box_w = 0, .box_h = 0, .ofs_x = 0, .ofs_y = 0},
    {.bitmap_index = 13592, .adv_w = 328, .box_w = 21, .box_h = 15, .ofs_x = 0, .ofs_y = -1},
    {.bitmap_index = 13750, .adv_w = 105, .box_w = 7, .box_h = 9, .ofs_x = 0, .ofs_y = 1},
    {.bitmap_index = 13782, .adv_w = 105, .box_w = 6, .box_h = 9, .ofs_x = 0, .ofs_y = 1},
    {.bitmap_index = 13809, .adv_w = 80, .box_w = 11, .box_h = 16, .ofs_x = -3, .ofs_y = -1},
    {.bitmap_index = 13897, .adv_w = 67, .box_w = 0, .box_h = 0, .ofs_x = 0, .ofs_y = 0}
};

/*---------------------
 *  CHARACTER MAPPING
 *--------------------*/

static const uint16_t unicode_list_3[] = {
    0x00, 0x01, 0x1eb0, 0x1eb1, 0x1eb2, 0x1eb3, 0x1eb4, 0x1eb5,
    0x1eb6, 0x1eb7, 0x1eb8, 0x1eb9, 0x1eba, 0x1ebb, 0x1ebc, 0x1ec3,
    0x1ec4, 0x1ec8, 0x1ec9, 0x1eca, 0x1ecc, 0x1ecd, 0x1ece, 0x1ed2,
    0x1ed6, 0x1edf, 0x1ee0, 0x1ee9, 0x1eea, 0x1ef4, 0x1f0f
};

/*Collect the unicode lists and glyph_id offsets*/
static const lv_font_fmt_txt_cmap_t cmaps[] =
{
    {
        .range_start = 32, .range_length = 95, .glyph_id_start = 1,
        .unicode_list = NULL, .glyph_id_ofs_list = NULL, .list_length = 0, .type = LV_FONT_FMT_TXT_CMAP_FORMAT0_TINY
    },
    {
        .range_start = 160, .range_length = 13, .glyph_id_start = 96,
        .unicode_list = NULL, .glyph_id_ofs_list = NULL, .list_length = 0, .type = LV_FONT_FMT_TXT_CMAP_FORMAT0_TINY
    },
    {
        .range_start = 174, .range_length = 82, .glyph_id_start = 109,
        .unicode_list = NULL, .glyph_id_ofs_list = NULL, .list_length = 0, .type = LV_FONT_FMT_TXT_CMAP_FORMAT0_TINY
    },
    {
        .range_start = 336, .range_length = 7952, .glyph_id_start = 191,
        .unicode_list = unicode_list_3, .glyph_id_ofs_list = NULL, .list_length = 31, .type = LV_FONT_FMT_TXT_CMAP_SPARSE_TINY
    }
};



/*--------------------
 *  ALL CUSTOM DATA
 *--------------------*/

#if LVGL_VERSION_MAJOR == 8
/*Store all the custom data of the font*/
static  lv_font_fmt_txt_glyph_cache_t cache;
#endif

#if LVGL_VERSION_MAJOR >= 8
static const lv_font_fmt_txt_dsc_t font_dsc = {
#else
static lv_font_fmt_txt_dsc_t font_dsc = {
#endif
    .glyph_bitmap = glyph_bitmap,
    .glyph_dsc = glyph_dsc,
    .cmaps = cmaps,
    .kern_dsc = NULL,
    .kern_scale = 0,
    .cmap_num = 4,
    .bpp = 4,
    .kern_classes = 0,
    .bitmap_format = 0,
#if LVGL_VERSION_MAJOR == 8
    .cache = &cache
#endif

};



/*-----------------
 *  PUBLIC FONT
 *----------------*/

/*Initialize a public general font descriptor*/
#if LVGL_VERSION_MAJOR >= 8
const lv_font_t font_gabarito_semibold_19_19999885559082_data = {
#else
lv_font_t font_gabarito_semibold_19_19999885559082_data = {
#endif
    .get_glyph_dsc = lv_font_get_glyph_dsc_fmt_txt,    /*Function pointer to get glyph's data*/
    .get_glyph_bitmap = lv_font_get_bitmap_fmt_txt,    /*Function pointer to get glyph's bitmap*/
    .line_height = 25,          /*The maximum line height required by the font*/
    .base_line = 5,             /*Baseline measured from the bottom of the line*/
#if LV_VERSION_CHECK(9, 6, 0) || LVGL_VERSION_MAJOR >= 10
    .cap_height = 13,           /*Cap height of the font*/
    .x_height = 9,               /*x-height of the font*/
#endif
#if !(LVGL_VERSION_MAJOR == 6 && LVGL_VERSION_MINOR == 0)
    .subpx = LV_FONT_SUBPX_NONE,
#endif
#if LV_VERSION_CHECK(7, 4, 0) || LVGL_VERSION_MAJOR >= 8
    .underline_position = -4,
    .underline_thickness = 2,
#endif

#if LV_VERSION_CHECK(9, 3, 0)
    .static_bitmap = 1,    /*Bitmaps are stored as const so they are always static if not compressed */
#endif

    .dsc = &font_dsc,          /*The custom font data. Will be accessed by `get_glyph_bitmap/dsc` */
#if LV_VERSION_CHECK(8, 2, 0) || LVGL_VERSION_MAJOR >= 9
    .fallback = NULL,
#endif
    .user_data = NULL,
};



#endif /*#if FONT_GABARITO_SEMIBOLD_19_19999885559082_DATA*/
