/*******************************************************************************
 * Size: 13 px
 * Bpp: 4
 * Opts: --font /fonts/Inter-SemiBold.ttf -o /fonts/font_inter_semi_bold_13_data.c --size 13 --bpp 4 --format lvgl --no-compress --symbols ·ÁÃÄÇÈÉÍÓÖÚÜßàáâãäçèéêíîñóõöúûüŐő–• --range 0x20-0x7F, 0xA0-0xFF, 0x0100-0x017F, 0x2000-0x206F
 ******************************************************************************/

#ifdef __has_include
    #if __has_include("lvgl.h")
        #ifndef LV_LVGL_H_INCLUDE_SIMPLE
            #define LV_LVGL_H_INCLUDE_SIMPLE
        #endif
    #endif
#endif

#ifdef LV_LVGL_H_INCLUDE_SIMPLE
    #include "lvgl.h"
#else
    #include "lvgl/lvgl.h"
#endif



#ifndef FONT_INTER_SEMI_BOLD_13_DATA
#define FONT_INTER_SEMI_BOLD_13_DATA 1
#endif

#if FONT_INTER_SEMI_BOLD_13_DATA

/*-----------------
 *    BITMAPS
 *----------------*/

/*Store the image of the glyphs*/
static LV_ATTRIBUTE_LARGE_CONST const uint8_t glyph_bitmap[] = {
    /* U+0020 " " */

    /* U+0021 "!" */
    0xcf, 0x0c, 0xf0, 0xce, 0x0c, 0xe0, 0xbe, 0x0b,
    0xd0, 0x33, 0x0a, 0xc0, 0xbd, 0x00,

    /* U+0022 "\"" */
    0xae, 0x1f, 0x7a, 0xd1, 0xf6, 0x9d, 0x0f, 0x66,
    0x90, 0xb4,

    /* U+0023 "#" */
    0x00, 0x6d, 0x01, 0xf2, 0x00, 0x09, 0xa0, 0x4f,
    0x00, 0x2f, 0xff, 0xff, 0xff, 0x11, 0x4f, 0x94,
    0xee, 0x30, 0x02, 0xf3, 0x0d, 0x80, 0x0b, 0xff,
    0xff, 0xff, 0x80, 0x2a, 0xf3, 0x5f, 0x51, 0x00,
    0xaa, 0x05, 0xf0, 0x00, 0x0c, 0x70, 0x7c, 0x00,
    0x00,

    /* U+0024 "$" */
    0x00, 0x00, 0x10, 0x00, 0x00, 0x01, 0xa0, 0x00,
    0x01, 0xaf, 0xfd, 0x60, 0x0d, 0xfa, 0xfb, 0xf6,
    0x1f, 0xa1, 0xa0, 0x85, 0x0d, 0xf9, 0xd0, 0x00,
    0x01, 0x9f, 0xfe, 0x80, 0x00, 0x01, 0xc8, 0xf8,
    0x3c, 0x51, 0xa0, 0xec, 0x1e, 0xfa, 0xfb, 0xf8,
    0x02, 0xbf, 0xfd, 0x80, 0x00, 0x01, 0xa0, 0x00,
    0x00, 0x00, 0x10, 0x00,

    /* U+0025 "%" */
    0x2c, 0xe8, 0x00, 0x03, 0xe1, 0x0a, 0xa2, 0xf2,
    0x01, 0xe4, 0x00, 0xa9, 0x1f, 0x20, 0xa8, 0x00,
    0x03, 0xef, 0xa0, 0x6c, 0x00, 0x00, 0x00, 0x00,
    0x2e, 0x25, 0xdc, 0x10, 0x00, 0x0d, 0x60, 0xf4,
    0xa9, 0x00, 0x09, 0xa0, 0x3f, 0x06, 0xc0, 0x04,
    0xd1, 0x01, 0xf3, 0xaa, 0x01, 0xe3, 0x00, 0x07,
    0xfd, 0x20,

    /* U+0026 "&" */
    0x00, 0x9f, 0xe6, 0x00, 0x00, 0x7f, 0x6a, 0xf2,
    0x00, 0x08, 0xe0, 0x5f, 0x20, 0x00, 0x3f, 0xff,
    0x70, 0x00, 0x02, 0xff, 0xb0, 0x36, 0x01, 0xeb,
    0x9f, 0x5a, 0xd0, 0x6f, 0x40, 0x9f, 0xf8, 0x03,
    0xfc, 0x58, 0xff, 0x40, 0x05, 0xdf, 0xe8, 0xce,
    0x20,

    /* U+0027 "'" */
    0xae, 0xad, 0x9d, 0x69,

    /* U+0028 "(" */
    0x02, 0x82, 0x0b, 0xe0, 0x1f, 0x90, 0x5f, 0x40,
    0x9f, 0x10, 0xbf, 0x00, 0xce, 0x00, 0xbf, 0x00,
    0x9f, 0x10, 0x5f, 0x60, 0x0e, 0xb0, 0x07, 0xf2,

    /* U+0029 ")" */
    0x38, 0x10, 0x2f, 0x80, 0x0b, 0xe0, 0x07, 0xf3,
    0x03, 0xf7, 0x01, 0xf9, 0x00, 0xfa, 0x01, 0xf9,
    0x04, 0xf6, 0x08, 0xf2, 0x0e, 0xc0, 0x4f, 0x40,

    /* U+002A "*" */
    0x00, 0x0f, 0x00, 0x00, 0xd8, 0xf8, 0xd0, 0x01,
    0xdf, 0xd1, 0x00, 0xcb, 0xfb, 0xc0, 0x02, 0x0f,
    0x02, 0x00, 0x00, 0x30, 0x00,

    /* U+002B "+" */
    0x00, 0x5f, 0x10, 0x00, 0x05, 0xf1, 0x00, 0x01,
    0x6f, 0x21, 0x0d, 0xff, 0xff, 0xf9, 0x34, 0x9f,
    0x54, 0x20, 0x05, 0xf1, 0x00,

    /* U+002C "," */
    0x08, 0xa0, 0x0d, 0xa0, 0x0f, 0x60, 0x2f, 0x10,

    /* U+002D "-" */
    0x01, 0x11, 0x10, 0x1f, 0xff, 0xf2, 0x04, 0x44,
    0x40,

    /* U+002E "." */
    0xbc, 0x0b, 0xd0,

    /* U+002F "/" */
    0x00, 0x0d, 0x90, 0x02, 0xf4, 0x00, 0x6f, 0x00,
    0x0b, 0xb0, 0x00, 0xf7, 0x00, 0x4f, 0x20, 0x08,
    0xe0, 0x00, 0xd9, 0x00, 0x1f, 0x50, 0x05, 0xf1,
    0x00, 0xac, 0x00, 0x00,

    /* U+0030 "0" */
    0x00, 0x8e, 0xfc, 0x30, 0x08, 0xfa, 0x6d, 0xf2,
    0x0f, 0xb0, 0x02, 0xf9, 0x4f, 0x70, 0x00, 0xdd,
    0x5f, 0x50, 0x00, 0xce, 0x4f, 0x70, 0x00, 0xdd,
    0x0f, 0xb0, 0x02, 0xf9, 0x09, 0xfa, 0x7d, 0xf2,
    0x00, 0x8e, 0xfc, 0x30,

    /* U+0031 "1" */
    0x03, 0xdf, 0x84, 0xfb, 0xf8, 0x55, 0x2f, 0x80,
    0x02, 0xf8, 0x00, 0x2f, 0x80, 0x02, 0xf8, 0x00,
    0x2f, 0x80, 0x02, 0xf8, 0x00, 0x2f, 0x80,

    /* U+0032 "2" */
    0x02, 0xbf, 0xfb, 0x20, 0x0d, 0xf7, 0x7f, 0xd0,
    0x1c, 0x60, 0x08, 0xf2, 0x00, 0x00, 0x0b, 0xe0,
    0x00, 0x00, 0x8f, 0x50, 0x00, 0x09, 0xf6, 0x00,
    0x00, 0xaf, 0x50, 0x00, 0x0c, 0xfb, 0x66, 0x62,
    0x2f, 0xff, 0xff, 0xf5,

    /* U+0033 "3" */
    0x01, 0xae, 0xfc, 0x30, 0x0c, 0xf8, 0x6e, 0xe0,
    0x09, 0x50, 0x07, 0xf3, 0x00, 0x00, 0x2c, 0xe1,
    0x00, 0x0e, 0xfe, 0x30, 0x00, 0x03, 0x5b, 0xf3,
    0x17, 0x30, 0x03, 0xf9, 0x1f, 0xe7, 0x7d, 0xf5,
    0x03, 0xbf, 0xfc, 0x50,

    /* U+0034 "4" */
    0x00, 0x00, 0xaf, 0xd0, 0x00, 0x00, 0x4f, 0xfd,
    0x00, 0x00, 0x1e, 0xbc, 0xd0, 0x00, 0x0a, 0xe1,
    0xcd, 0x00, 0x05, 0xf5, 0x0c, 0xd0, 0x01, 0xeb,
    0x11, 0xee, 0x10, 0x5f, 0xff, 0xff, 0xff, 0x01,
    0x44, 0x44, 0xff, 0x40, 0x00, 0x00, 0x0d, 0xd0,
    0x00,

    /* U+0035 "5" */
    0x0b, 0xff, 0xff, 0xd0, 0x0d, 0xd6, 0x66, 0x50,
    0x0e, 0x90, 0x00, 0x00, 0x0f, 0xce, 0xfc, 0x20,
    0x1a, 0xa4, 0x6f, 0xd0, 0x00, 0x00, 0x07, 0xf3,
    0x29, 0x30, 0x07, 0xf3, 0x1e, 0xe6, 0x7f, 0xd0,
    0x03, 0xbf, 0xfa, 0x10,

    /* U+0036 "6" */
    0x00, 0x7d, 0xfd, 0x50, 0x07, 0xfa, 0x7c, 0xf3,
    0x0f, 0xa0, 0x01, 0x63, 0x3f, 0x8b, 0xfe, 0x60,
    0x5f, 0xf7, 0x4c, 0xf4, 0x4f, 0x90, 0x01, 0xf9,
    0x1f, 0xa0, 0x02, 0xf9, 0x0a, 0xf9, 0x6d, 0xf3,
    0x00, 0x8e, 0xfc, 0x40,

    /* U+0037 "7" */
    0x7f, 0xff, 0xff, 0xf3, 0x66, 0x66, 0xfe, 0x00,
    0x00, 0x5f, 0x60, 0x00, 0x0e, 0xd0, 0x00, 0x07,
    0xf5, 0x00, 0x00, 0xec, 0x00, 0x00, 0x8f, 0x40,
    0x00, 0x1f, 0xb0, 0x00, 0x09, 0xf3, 0x00, 0x00,

    /* U+0038 "8" */
    0x01, 0x9e, 0xfc, 0x30, 0x0b, 0xf7, 0x6d, 0xf1,
    0x0f, 0xb0, 0x06, 0xf4, 0x0a, 0xe3, 0x1c, 0xe1,
    0x01, 0xcf, 0xff, 0x40, 0x0d, 0xe5, 0x4b, 0xf3,
    0x4f, 0x70, 0x02, 0xfa, 0x1f, 0xe6, 0x5b, 0xf6,
    0x03, 0xbf, 0xfd, 0x60,

    /* U+0039 "9" */
    0x02, 0xbf, 0xeb, 0x20, 0x1e, 0xe7, 0x6d, 0xe0,
    0x4f, 0x60, 0x04, 0xf6, 0x2f, 0xb2, 0x1a, 0xf9,
    0x07, 0xff, 0xf7, 0xfa, 0x00, 0x03, 0x12, 0xf8,
    0x2e, 0x80, 0x07, 0xf4, 0x0b, 0xf8, 0x8f, 0xc0,
    0x01, 0xaf, 0xfa, 0x10,

    /* U+003A ":" */
    0xbc, 0x0b, 0xd0, 0x00, 0x00, 0x00, 0x00, 0x0b,
    0xc0, 0xbd, 0x00,

    /* U+003B ";" */
    0x08, 0xd1, 0x09, 0xe1, 0x00, 0x00, 0x00, 0x00,
    0x00, 0x00, 0x08, 0xa0, 0x0d, 0xa0, 0x0f, 0x60,
    0x2f, 0x10,

    /* U+003C "<" */
    0x00, 0x00, 0x00, 0x00, 0x00, 0x04, 0xb5, 0x00,
    0x6d, 0xfd, 0x37, 0xef, 0xa3, 0x00, 0xef, 0x70,
    0x00, 0x02, 0xaf, 0xe8, 0x20, 0x00, 0x18, 0xef,
    0x40, 0x00, 0x00, 0x64,

    /* U+003D "=" */
    0x11, 0x11, 0x11, 0x0b, 0xff, 0xff, 0xf7, 0x34,
    0x44, 0x44, 0x11, 0x11, 0x11, 0x10, 0xbf, 0xff,
    0xff, 0x73, 0x44, 0x44, 0x41,

    /* U+003E ">" */
    0x00, 0x00, 0x00, 0x09, 0xa2, 0x00, 0x00, 0x5e,
    0xfb, 0x40, 0x00, 0x05, 0xcf, 0xd4, 0x00, 0x01,
    0xaf, 0xa0, 0x3a, 0xfe, 0x81, 0x8f, 0xd6, 0x00,
    0x06, 0x50, 0x00, 0x00,

    /* U+003F "?" */
    0x06, 0xdf, 0xd6, 0x04, 0xfb, 0x5c, 0xf3, 0x37,
    0x10, 0x5f, 0x60, 0x00, 0x2d, 0xe1, 0x00, 0x2f,
    0xc2, 0x00, 0x07, 0xf1, 0x00, 0x00, 0x12, 0x00,
    0x00, 0x08, 0xd1, 0x00, 0x00, 0x9e, 0x10, 0x00,

    /* U+0040 "@" */
    0x00, 0x04, 0xae, 0xfe, 0xb5, 0x00, 0x00, 0x09,
    0xfb, 0x64, 0x59, 0xfb, 0x00, 0x06, 0xf5, 0x00,
    0x00, 0x02, 0xe8, 0x00, 0xe9, 0x05, 0xef, 0xaf,
    0x36, 0xf0, 0x2f, 0x42, 0xf9, 0x4a, 0xf3, 0x1f,
    0x44, 0xf1, 0x6e, 0x00, 0x1f, 0x30, 0xf4, 0x4f,
    0x16, 0xe0, 0x01, 0xf3, 0x1f, 0x33, 0xf3, 0x2f,
    0x72, 0xaf, 0x67, 0xe0, 0x0e, 0x90, 0x5e, 0xf9,
    0x7f, 0xe4, 0x00, 0x7f, 0x40, 0x00, 0x00, 0x00,
    0x00, 0x00, 0xaf, 0xa6, 0x45, 0x85, 0x00, 0x00,
    0x00, 0x4b, 0xef, 0xfc, 0x50, 0x00,

    /* U+0041 "A" */
    0x00, 0x09, 0xfe, 0x00, 0x00, 0x00, 0x0e, 0xdf,
    0x50, 0x00, 0x00, 0x4f, 0x5e, 0xb0, 0x00, 0x00,
    0xaf, 0x0a, 0xf1, 0x00, 0x01, 0xfc, 0x16, 0xf7,
    0x00, 0x06, 0xff, 0xff, 0xff, 0x00, 0x0c, 0xf5,
    0x44, 0xdf, 0x30, 0x2f, 0xb0, 0x00, 0x4f, 0x90,
    0x8f, 0x50, 0x00, 0x0e, 0xe0,

    /* U+0042 "B" */
    0x0f, 0xff, 0xfe, 0x80, 0x0f, 0xc6, 0x6c, 0xf6,
    0x0f, 0xa0, 0x02, 0xf9, 0x0f, 0xa0, 0x08, 0xf4,
    0x0f, 0xff, 0xff, 0x80, 0x0f, 0xb3, 0x37, 0xf9,
    0x0f, 0xa0, 0x00, 0xcf, 0x0f, 0xc6, 0x68, 0xfc,
    0x0f, 0xff, 0xff, 0xa1,

    /* U+0043 "C" */
    0x00, 0x4b, 0xfe, 0xb3, 0x00, 0x5f, 0xe8, 0x8e,
    0xf4, 0x0e, 0xe1, 0x00, 0x1e, 0xc3, 0xf7, 0x00,
    0x00, 0x00, 0x5f, 0x60, 0x00, 0x00, 0x03, 0xf7,
    0x00, 0x00, 0x00, 0x0e, 0xe1, 0x00, 0x1e, 0xc0,
    0x5f, 0xe8, 0x8e, 0xf3, 0x00, 0x4b, 0xfe, 0xb3,
    0x00,

    /* U+0044 "D" */
    0x0f, 0xff, 0xfd, 0x70, 0x00, 0xff, 0x77, 0xbf,
    0xb0, 0x0f, 0xa0, 0x00, 0x8f, 0x50, 0xfa, 0x00,
    0x01, 0xf9, 0x0f, 0xa0, 0x00, 0x0f, 0xb0, 0xfa,
    0x00, 0x01, 0xf9, 0x0f, 0xa0, 0x00, 0x8f, 0x50,
    0xff, 0x67, 0xbf, 0xb0, 0x0f, 0xff, 0xfd, 0x70,
    0x00,

    /* U+0045 "E" */
    0x0f, 0xff, 0xff, 0xf1, 0x0f, 0xc6, 0x66, 0x60,
    0x0f, 0xa0, 0x00, 0x00, 0x0f, 0xa1, 0x11, 0x00,
    0x0f, 0xff, 0xff, 0xc0, 0x0f, 0xb4, 0x44, 0x30,
    0x0f, 0xa0, 0x00, 0x00, 0x0f, 0xc6, 0x66, 0x60,
    0x0f, 0xff, 0xff, 0xf2,

    /* U+0046 "F" */
    0x0f, 0xff, 0xff, 0xf0, 0x0f, 0xc6, 0x66, 0x60,
    0x0f, 0xa0, 0x00, 0x00, 0x0f, 0xa1, 0x11, 0x00,
    0x0f, 0xff, 0xff, 0x90, 0x0f, 0xb4, 0x44, 0x20,
    0x0f, 0xa0, 0x00, 0x00, 0x0f, 0xa0, 0x00, 0x00,
    0x0f, 0xa0, 0x00, 0x00,

    /* U+0047 "G" */
    0x00, 0x4b, 0xfe, 0xb4, 0x00, 0x05, 0xfe, 0x88,
    0xdf, 0x50, 0x0e, 0xe1, 0x00, 0x0b, 0x90, 0x3f,
    0x70, 0x00, 0x00, 0x00, 0x5f, 0x60, 0x0c, 0xff,
    0xf0, 0x3f, 0x80, 0x02, 0x3b, 0xf0, 0x0e, 0xe1,
    0x00, 0x1e, 0xc0, 0x05, 0xfe, 0x88, 0xef, 0x40,
    0x00, 0x4b, 0xff, 0xc4, 0x00,

    /* U+0048 "H" */
    0x0f, 0xa0, 0x00, 0x0f, 0xb0, 0xfa, 0x00, 0x00,
    0xfb, 0x0f, 0xa0, 0x00, 0x0f, 0xb0, 0xfa, 0x11,
    0x11, 0xfb, 0x0f, 0xff, 0xff, 0xff, 0xb0, 0xfb,
    0x44, 0x44, 0xfb, 0x0f, 0xa0, 0x00, 0x0f, 0xb0,
    0xfa, 0x00, 0x00, 0xfb, 0x0f, 0xa0, 0x00, 0x0f,
    0xb0,

    /* U+0049 "I" */
    0x0f, 0xa0, 0xfa, 0x0f, 0xa0, 0xfa, 0x0f, 0xa0,
    0xfa, 0x0f, 0xa0, 0xfa, 0x0f, 0xa0,

    /* U+004A "J" */
    0x00, 0x00, 0x1f, 0x90, 0x00, 0x01, 0xf9, 0x00,
    0x00, 0x1f, 0x90, 0x00, 0x01, 0xf9, 0x00, 0x00,
    0x1f, 0x92, 0x40, 0x01, 0xf9, 0x7f, 0x30, 0x2f,
    0x83, 0xfc, 0x6b, 0xf4, 0x05, 0xdf, 0xd6, 0x00,

    /* U+004B "K" */
    0x0f, 0xa0, 0x00, 0xcf, 0x40, 0xfa, 0x00, 0xbf,
    0x50, 0x0f, 0xa0, 0xaf, 0x60, 0x00, 0xfa, 0x8f,
    0x80, 0x00, 0x0f, 0xef, 0xf8, 0x00, 0x00, 0xff,
    0x6a, 0xf4, 0x00, 0x0f, 0xe0, 0x1e, 0xe1, 0x00,
    0xfa, 0x00, 0x4f, 0xb0, 0x0f, 0xa0, 0x00, 0x8f,
    0x60,

    /* U+004C "L" */
    0x0f, 0xa0, 0x00, 0x00, 0xfa, 0x00, 0x00, 0x0f,
    0xa0, 0x00, 0x00, 0xfa, 0x00, 0x00, 0x0f, 0xa0,
    0x00, 0x00, 0xfa, 0x00, 0x00, 0x0f, 0xa0, 0x00,
    0x00, 0xfc, 0x66, 0x65, 0x0f, 0xff, 0xff, 0xd0,

    /* U+004D "M" */
    0x0f, 0xfb, 0x00, 0x00, 0xbf, 0xf0, 0x0f, 0xff,
    0x10, 0x01, 0xff, 0xf0, 0x0f, 0xaf, 0x70, 0x07,
    0xfa, 0xf0, 0x0f, 0x9c, 0xd0, 0x0d, 0xba, 0xf0,
    0x0f, 0x97, 0xf3, 0x3f, 0x6a, 0xf0, 0x0f, 0x91,
    0xf8, 0x9f, 0x1a, 0xf0, 0x0f, 0x90, 0xad, 0xda,
    0x0a, 0xf0, 0x0f, 0x90, 0x4f, 0xf4, 0x0a, 0xf0,
    0x0f, 0x90, 0x0e, 0xe0, 0x0a, 0xf0,

    /* U+004E "N" */
    0x0f, 0xf3, 0x00, 0x0c, 0xe0, 0xff, 0xd0, 0x00,
    0xce, 0x0f, 0xbf, 0x70, 0x0c, 0xe0, 0xfa, 0x8f,
    0x20, 0xce, 0x0f, 0xa0, 0xdc, 0x0c, 0xe0, 0xfa,
    0x04, 0xf6, 0xce, 0x0f, 0xa0, 0x09, 0xec, 0xe0,
    0xfa, 0x00, 0x1e, 0xfe, 0x0f, 0xa0, 0x00, 0x5f,
    0xe0,

    /* U+004F "O" */
    0x00, 0x3b, 0xff, 0xb3, 0x00, 0x05, 0xfe, 0x88,
    0xef, 0x50, 0x0e, 0xe1, 0x00, 0x1e, 0xe0, 0x3f,
    0x70, 0x00, 0x08, 0xf3, 0x5f, 0x60, 0x00, 0x06,
    0xf5, 0x3f, 0x70, 0x00, 0x08, 0xf3, 0x0e, 0xe1,
    0x00, 0x1e, 0xe0, 0x05, 0xfe, 0x88, 0xef, 0x50,
    0x00, 0x4b, 0xff, 0xb4, 0x00,

    /* U+0050 "P" */
    0x0f, 0xff, 0xfd, 0x60, 0x0f, 0xc6, 0x7c, 0xf6,
    0x0f, 0xa0, 0x01, 0xfb, 0x0f, 0xa0, 0x00, 0xfc,
    0x0f, 0xb1, 0x28, 0xf8, 0x0f, 0xff, 0xff, 0xb0,
    0x0f, 0xd4, 0x41, 0x00, 0x0f, 0xa0, 0x00, 0x00,
    0x0f, 0xa0, 0x00, 0x00,

    /* U+0051 "Q" */
    0x00, 0x3b, 0xff, 0xb3, 0x00, 0x05, 0xfe, 0x88,
    0xef, 0x50, 0x0e, 0xe1, 0x00, 0x1e, 0xe0, 0x3f,
    0x70, 0x00, 0x08, 0xf3, 0x5f, 0x60, 0x00, 0x06,
    0xf5, 0x3f, 0x70, 0x01, 0x08, 0xf3, 0x0e, 0xe1,
    0x2e, 0x9e, 0xe0, 0x05, 0xfe, 0x8c, 0xff, 0x50,
    0x00, 0x4b, 0xff, 0xff, 0x40, 0x00, 0x00, 0x00,
    0x05, 0x70,

    /* U+0052 "R" */
    0x0f, 0xff, 0xfe, 0x80, 0x00, 0xfc, 0x66, 0xbf,
    0x80, 0x0f, 0xa0, 0x00, 0xfc, 0x00, 0xfb, 0x12,
    0x6f, 0xa0, 0x0f, 0xff, 0xff, 0xd1, 0x00, 0xfe,
    0x4c, 0xf5, 0x00, 0x0f, 0xa0, 0x1f, 0xd0, 0x00,
    0xfa, 0x00, 0x8f, 0x60, 0x0f, 0xa0, 0x00, 0xee,
    0x00,

    /* U+0053 "S" */
    0x01, 0xae, 0xfd, 0x60, 0x0d, 0xf8, 0x6b, 0xf6,
    0x1f, 0xa0, 0x00, 0x85, 0x0d, 0xf8, 0x30, 0x00,
    0x01, 0x9e, 0xfe, 0x80, 0x00, 0x00, 0x28, 0xf8,
    0x3c, 0x50, 0x00, 0xec, 0x1e, 0xf8, 0x7b, 0xf8,
    0x02, 0xbe, 0xfd, 0x80,

    /* U+0054 "T" */
    0x7f, 0xff, 0xff, 0xff, 0x13, 0x66, 0xbf, 0x76,
    0x60, 0x00, 0x08, 0xf2, 0x00, 0x00, 0x00, 0x8f,
    0x20, 0x00, 0x00, 0x08, 0xf2, 0x00, 0x00, 0x00,
    0x8f, 0x20, 0x00, 0x00, 0x08, 0xf2, 0x00, 0x00,
    0x00, 0x8f, 0x20, 0x00, 0x00, 0x08, 0xf2, 0x00,
    0x00,

    /* U+0055 "U" */
    0x0f, 0xa0, 0x00, 0x1f, 0xa0, 0xfa, 0x00, 0x01,
    0xfa, 0x0f, 0xa0, 0x00, 0x1f, 0xa0, 0xfa, 0x00,
    0x01, 0xfa, 0x0f, 0xa0, 0x00, 0x1f, 0xa0, 0xfa,
    0x00, 0x01, 0xf9, 0x0e, 0xd0, 0x00, 0x5f, 0x80,
    0x8f, 0xd8, 0xaf, 0xe2, 0x00, 0x6d, 0xfe, 0xa2,
    0x00,

    /* U+0056 "V" */
    0x8f, 0x50, 0x00, 0x0d, 0xe0, 0x2f, 0xb0, 0x00,
    0x3f, 0x90, 0x0c, 0xf1, 0x00, 0x9f, 0x30, 0x06,
    0xf6, 0x00, 0xed, 0x00, 0x00, 0xfc, 0x04, 0xf7,
    0x00, 0x00, 0xaf, 0x19, 0xf1, 0x00, 0x00, 0x4f,
    0x6e, 0xb0, 0x00, 0x00, 0x0d, 0xdf, 0x60, 0x00,
    0x00, 0x08, 0xff, 0x00, 0x00,

    /* U+0057 "W" */
    0x8f, 0x40, 0x06, 0xfa, 0x00, 0x0f, 0xc4, 0xf8,
    0x00, 0xaf, 0xe0, 0x04, 0xf8, 0x0f, 0xc0, 0x0e,
    0xcf, 0x30, 0x8f, 0x30, 0xbf, 0x03, 0xf5, 0xf7,
    0x0c, 0xe0, 0x06, 0xf4, 0x7f, 0x1c, 0xb0, 0xfa,
    0x00, 0x1f, 0x8b, 0xc0, 0x8f, 0x4f, 0x60, 0x00,
    0xdb, 0xe8, 0x04, 0xfa, 0xf1, 0x00, 0x08, 0xff,
    0x30, 0x0f, 0xfd, 0x00, 0x00, 0x4f, 0xf0, 0x00,
    0xbf, 0x80, 0x00,

    /* U+0058 "X" */
    0x1e, 0xd0, 0x00, 0x8f, 0x60, 0x05, 0xf9, 0x03,
    0xfb, 0x00, 0x00, 0x9f, 0x4d, 0xe1, 0x00, 0x00,
    0x0d, 0xff, 0x40, 0x00, 0x00, 0x08, 0xff, 0x00,
    0x00, 0x00, 0x2f, 0xef, 0x70, 0x00, 0x00, 0xcf,
    0x2b, 0xf3, 0x00, 0x08, 0xf5, 0x01, 0xed, 0x00,
    0x4f, 0xa0, 0x00, 0x5f, 0xa0,

    /* U+0059 "Y" */
    0x5f, 0x90, 0x00, 0x4f, 0xa0, 0xbf, 0x30, 0x0d,
    0xe1, 0x02, 0xfc, 0x07, 0xf6, 0x00, 0x07, 0xf6,
    0xfc, 0x00, 0x00, 0x0d, 0xff, 0x20, 0x00, 0x00,
    0x4f, 0x90, 0x00, 0x00, 0x03, 0xf8, 0x00, 0x00,
    0x00, 0x3f, 0x80, 0x00, 0x00, 0x03, 0xf8, 0x00,
    0x00,

    /* U+005A "Z" */
    0x4f, 0xff, 0xff, 0xfb, 0x16, 0x66, 0x6c, 0xf6,
    0x00, 0x00, 0x3f, 0xa0, 0x00, 0x01, 0xed, 0x00,
    0x00, 0x0a, 0xf3, 0x00, 0x00, 0x6f, 0x70, 0x00,
    0x02, 0xfb, 0x00, 0x00, 0x0d, 0xf6, 0x66, 0x64,
    0x3f, 0xff, 0xff, 0xfc,

    /* U+005B "[" */
    0x00, 0x00, 0xcf, 0xf2, 0xce, 0x30, 0xcd, 0x00,
    0xcd, 0x00, 0xcd, 0x00, 0xcd, 0x00, 0xcd, 0x00,
    0xcd, 0x00, 0xcd, 0x00, 0xcd, 0x00, 0xcf, 0xf2,
    0x23, 0x30,

    /* U+005C "\\" */
    0xac, 0x00, 0x05, 0xf1, 0x00, 0x1f, 0x50, 0x00,
    0xd9, 0x00, 0x08, 0xe0, 0x00, 0x4f, 0x20, 0x00,
    0xf7, 0x00, 0x0b, 0xb0, 0x00, 0x6f, 0x00, 0x02,
    0xf4, 0x00, 0x0d, 0x90,

    /* U+005D "]" */
    0x00, 0x00, 0x5f, 0xf9, 0x13, 0xf9, 0x00, 0xf9,
    0x00, 0xf9, 0x00, 0xf9, 0x00, 0xf9, 0x00, 0xf9,
    0x00, 0xf9, 0x00, 0xf9, 0x00, 0xf9, 0x5f, 0xf9,
    0x13, 0x32,

    /* U+005E "^" */
    0x00, 0x46, 0x00, 0x01, 0xff, 0x40, 0x07, 0xc8,
    0xc0, 0x0e, 0x51, 0xf3, 0x4b, 0x00, 0x87,

    /* U+005F "_" */
    0x11, 0x11, 0x11, 0x0f, 0xff, 0xff, 0xf1, 0x33,
    0x33, 0x33, 0x00,

    /* U+0060 "`" */
    0x9b, 0x01, 0xf4,

    /* U+0061 "a" */
    0x04, 0xcf, 0xe8, 0x01, 0xeb, 0x48, 0xf6, 0x00,
    0x01, 0x5f, 0x90, 0x9f, 0xfc, 0xf9, 0x6f, 0x50,
    0x1f, 0x96, 0xf7, 0x3a, 0xf9, 0x0a, 0xee, 0x6f,
    0x90,

    /* U+0062 "b" */
    0x2f, 0x80, 0x00, 0x00, 0x2f, 0x80, 0x00, 0x00,
    0x2f, 0x9a, 0xfd, 0x40, 0x2f, 0xf8, 0x6e, 0xf1,
    0x2f, 0xb0, 0x05, 0xf6, 0x2f, 0x80, 0x02, 0xf8,
    0x2f, 0xb0, 0x05, 0xf6, 0x2f, 0xf8, 0x6e, 0xf1,
    0x2f, 0x8a, 0xfd, 0x40,

    /* U+0063 "c" */
    0x01, 0xbf, 0xea, 0x10, 0x0d, 0xf6, 0x6f, 0xb0,
    0x4f, 0x70, 0x04, 0x40, 0x6f, 0x40, 0x00, 0x00,
    0x4f, 0x70, 0x04, 0x40, 0x0d, 0xf6, 0x6f, 0xb0,
    0x02, 0xbf, 0xea, 0x10,

    /* U+0064 "d" */
    0x00, 0x00, 0x06, 0xf4, 0x00, 0x00, 0x06, 0xf4,
    0x03, 0xcf, 0xb7, 0xf4, 0x0e, 0xf6, 0x7f, 0xf4,
    0x5f, 0x70, 0x09, 0xf4, 0x6f, 0x40, 0x06, 0xf4,
    0x5f, 0x70, 0x09, 0xf4, 0x0e, 0xf6, 0x7f, 0xf4,
    0x03, 0xcf, 0xb7, 0xf4,

    /* U+0065 "e" */
    0x01, 0xbf, 0xe8, 0x00, 0x0d, 0xe6, 0x6f, 0x90,
    0x4f, 0x50, 0x09, 0xf0, 0x6f, 0xff, 0xff, 0xf2,
    0x4f, 0x72, 0x22, 0x20, 0x0d, 0xe6, 0x5d, 0xb0,
    0x02, 0xbf, 0xeb, 0x20,

    /* U+0066 "f" */
    0x01, 0xbf, 0xb0, 0x8f, 0x83, 0xef, 0xff, 0x93,
    0xdf, 0x52, 0x09, 0xf1, 0x00, 0x9f, 0x10, 0x09,
    0xf1, 0x00, 0x9f, 0x10, 0x09, 0xf1, 0x00,

    /* U+0067 "g" */
    0x02, 0xcf, 0xb7, 0xf4, 0x0e, 0xf6, 0x7f, 0xf4,
    0x4f, 0x70, 0x09, 0xf4, 0x6f, 0x40, 0x06, 0xf4,
    0x5f, 0x60, 0x08, 0xf4, 0x1e, 0xe5, 0x6f, 0xf4,
    0x03, 0xdf, 0xc7, 0xf4, 0x00, 0x00, 0x06, 0xf3,
    0x0d, 0xc4, 0x5d, 0xe0, 0x03, 0xbe, 0xfb, 0x20,

    /* U+0068 "h" */
    0x2f, 0x80, 0x00, 0x00, 0x2f, 0x80, 0x00, 0x00,
    0x2f, 0x8a, 0xfd, 0x30, 0x2f, 0xf8, 0x7f, 0xe0,
    0x2f, 0xa0, 0x0a, 0xf0, 0x2f, 0x80, 0x09, 0xf1,
    0x2f, 0x80, 0x09, 0xf1, 0x2f, 0x80, 0x09, 0xf1,
    0x2f, 0x80, 0x09, 0xf1,

    /* U+0069 "i" */
    0x1e, 0x71, 0xa4, 0x2f, 0x82, 0xf8, 0x2f, 0x82,
    0xf8, 0x2f, 0x82, 0xf8, 0x2f, 0x80,

    /* U+006A "j" */
    0x02, 0xe7, 0x01, 0xa4, 0x02, 0xf8, 0x02, 0xf8,
    0x02, 0xf8, 0x02, 0xf8, 0x02, 0xf8, 0x02, 0xf8,
    0x02, 0xf8, 0x02, 0xf8, 0x19, 0xf6, 0x4e, 0xa0,

    /* U+006B "k" */
    0x2f, 0x80, 0x00, 0x00, 0x2f, 0x80, 0x00, 0x00,
    0x2f, 0x80, 0x4f, 0xa0, 0x2f, 0x83, 0xfc, 0x00,
    0x2f, 0xae, 0xe1, 0x00, 0x2f, 0xff, 0xd0, 0x00,
    0x2f, 0xd8, 0xf7, 0x00, 0x2f, 0x80, 0xcf, 0x30,
    0x2f, 0x80, 0x1e, 0xd1,

    /* U+006C "l" */
    0x2f, 0x82, 0xf8, 0x2f, 0x82, 0xf8, 0x2f, 0x82,
    0xf8, 0x2f, 0x82, 0xf8, 0x2f, 0x80,

    /* U+006D "m" */
    0x2f, 0x8c, 0xfa, 0x2b, 0xfc, 0x22, 0xfe, 0x58,
    0xfd, 0x66, 0xfa, 0x2f, 0x90, 0x0f, 0xb0, 0x0d,
    0xd2, 0xf8, 0x00, 0xfa, 0x00, 0xdd, 0x2f, 0x80,
    0x0f, 0xa0, 0x0d, 0xd2, 0xf8, 0x00, 0xfa, 0x00,
    0xdd, 0x2f, 0x80, 0x0f, 0xa0, 0x0d, 0xd0,

    /* U+006E "n" */
    0x2f, 0x8b, 0xfd, 0x30, 0x2f, 0xe7, 0x6f, 0xd0,
    0x2f, 0x90, 0x0a, 0xf0, 0x2f, 0x80, 0x09, 0xf1,
    0x2f, 0x80, 0x09, 0xf1, 0x2f, 0x80, 0x09, 0xf1,
    0x2f, 0x80, 0x09, 0xf1,

    /* U+006F "o" */
    0x01, 0xbf, 0xea, 0x10, 0x0d, 0xf6, 0x7f, 0xc0,
    0x4f, 0x70, 0x08, 0xf3, 0x6f, 0x40, 0x05, 0xf5,
    0x4f, 0x70, 0x08, 0xf3, 0x0d, 0xf6, 0x6f, 0xc0,
    0x02, 0xbf, 0xfa, 0x10,

    /* U+0070 "p" */
    0x2f, 0x8b, 0xfd, 0x40, 0x2f, 0xf6, 0x4d, 0xf1,
    0x2f, 0xa0, 0x05, 0xf6, 0x2f, 0x80, 0x02, 0xf8,
    0x2f, 0xb0, 0x05, 0xf6, 0x2f, 0xf8, 0x6e, 0xf1,
    0x2f, 0x9a, 0xfd, 0x40, 0x2f, 0x80, 0x00, 0x00,
    0x2f, 0x80, 0x00, 0x00, 0x2f, 0x80, 0x00, 0x00,

    /* U+0071 "q" */
    0x03, 0xcf, 0xb7, 0xf4, 0x0e, 0xf6, 0x7f, 0xf4,
    0x5f, 0x70, 0x09, 0xf4, 0x6f, 0x40, 0x06, 0xf4,
    0x5f, 0x70, 0x09, 0xf4, 0x0e, 0xf6, 0x7f, 0xf4,
    0x03, 0xcf, 0xb7, 0xf4, 0x00, 0x00, 0x06, 0xf4,
    0x00, 0x00, 0x06, 0xf4, 0x00, 0x00, 0x06, 0xf4,

    /* U+0072 "r" */
    0x00, 0x00, 0x02, 0xf9, 0xce, 0x2f, 0xf8, 0x52,
    0xfa, 0x00, 0x2f, 0x80, 0x02, 0xf8, 0x00, 0x2f,
    0x80, 0x02, 0xf8, 0x00,

    /* U+0073 "s" */
    0x05, 0xcf, 0xd7, 0x02, 0xfb, 0x48, 0xf3, 0x2f,
    0xb3, 0x00, 0x00, 0x6d, 0xff, 0xa1, 0x01, 0x01,
    0x7f, 0x84, 0xfa, 0x48, 0xf7, 0x06, 0xdf, 0xe8,
    0x00,

    /* U+0074 "t" */
    0x06, 0x60, 0x00, 0xdc, 0x00, 0xef, 0xff, 0x23,
    0xff, 0x40, 0x0d, 0xc0, 0x00, 0xdc, 0x00, 0x0d,
    0xc0, 0x00, 0xce, 0x50, 0x04, 0xdf, 0x30,

    /* U+0075 "u" */
    0x2f, 0x80, 0x09, 0xf1, 0x2f, 0x80, 0x09, 0xf1,
    0x2f, 0x80, 0x09, 0xf1, 0x2f, 0x80, 0x09, 0xf1,
    0x1f, 0x90, 0x0a, 0xf1, 0x0e, 0xf7, 0x8f, 0xf1,
    0x04, 0xdf, 0xa8, 0xf1,

    /* U+0076 "v" */
    0x9f, 0x20, 0x08, 0xf3, 0x2f, 0x80, 0x0d, 0xd0,
    0x0c, 0xd0, 0x3f, 0x70, 0x06, 0xf3, 0x8f, 0x10,
    0x01, 0xf8, 0xda, 0x00, 0x00, 0xae, 0xf4, 0x00,
    0x00, 0x4f, 0xe0, 0x00,

    /* U+0077 "w" */
    0x9f, 0x20, 0x7f, 0x60, 0x4f, 0x74, 0xf6, 0x0b,
    0xfa, 0x08, 0xf2, 0x0f, 0xa0, 0xfb, 0xe0, 0xcd,
    0x00, 0xae, 0x3f, 0x3f, 0x2f, 0x90, 0x05, 0xf9,
    0xc0, 0xe9, 0xf4, 0x00, 0x1f, 0xf7, 0x09, 0xff,
    0x00, 0x00, 0xcf, 0x30, 0x4f, 0xa0, 0x00,

    /* U+0078 "x" */
    0x3f, 0x90, 0x2f, 0xa0, 0x09, 0xf2, 0xbe, 0x10,
    0x00, 0xef, 0xf5, 0x00, 0x00, 0xaf, 0xf0, 0x00,
    0x01, 0xfc, 0xf6, 0x00, 0x0b, 0xf1, 0xaf, 0x20,
    0x5f, 0x60, 0x1e, 0xb0,

    /* U+0079 "y" */
    0x9f, 0x20, 0x08, 0xf3, 0x3f, 0x80, 0x0d, 0xd0,
    0x0d, 0xd0, 0x3f, 0x70, 0x07, 0xf2, 0x8f, 0x10,
    0x01, 0xf7, 0xdb, 0x00, 0x00, 0xbd, 0xf5, 0x00,
    0x00, 0x5f, 0xf0, 0x00, 0x00, 0x2f, 0x90, 0x00,
    0x06, 0xbf, 0x20, 0x00, 0x1f, 0xe6, 0x00, 0x00,

    /* U+007A "z" */
    0x1f, 0xff, 0xff, 0x70, 0x66, 0x6e, 0xf3, 0x00,
    0x07, 0xf6, 0x00, 0x04, 0xf9, 0x00, 0x01, 0xed,
    0x00, 0x00, 0xcf, 0x75, 0x53, 0x3f, 0xff, 0xff,
    0x90,

    /* U+007B "{" */
    0x00, 0x1b, 0xe3, 0x00, 0x8f, 0x60, 0x00, 0xbd,
    0x00, 0x00, 0xbd, 0x00, 0x06, 0xfa, 0x00, 0x3f,
    0xf1, 0x00, 0x1c, 0xfa, 0x00, 0x00, 0xbd, 0x00,
    0x00, 0xbd, 0x00, 0x00, 0xaf, 0x20, 0x00, 0x2e,
    0xf3, 0x00, 0x00, 0x20,

    /* U+007C "|" */
    0x7f, 0x17, 0xf1, 0x7f, 0x17, 0xf1, 0x7f, 0x17,
    0xf1, 0x7f, 0x17, 0xf1, 0x7f, 0x17, 0xf1, 0x7f,
    0x17, 0xf1, 0x7f, 0x17, 0xf1, 0x7f, 0x10,

    /* U+007D "}" */
    0x4e, 0xa0, 0x00, 0x17, 0xf7, 0x00, 0x00, 0xf9,
    0x00, 0x00, 0xe9, 0x00, 0x00, 0xcf, 0x50, 0x00,
    0x2f, 0xf0, 0x00, 0xbf, 0xb0, 0x00, 0xea, 0x00,
    0x00, 0xe9, 0x00, 0x03, 0xf8, 0x00, 0x5f, 0xd1,
    0x00, 0x02, 0x00, 0x00,

    /* U+007E "~" */
    0x00, 0x00, 0x00, 0x06, 0xff, 0x92, 0xca, 0xea,
    0x6e, 0xff, 0x44, 0x10, 0x03, 0x10,

    /* U+00A0 " " */

    /* U+00A1 "¡" */
    0xbd, 0x0b, 0xd0, 0x00, 0x0b, 0xe0, 0xbe, 0x0b,
    0xe0, 0xce, 0x0c, 0xf0, 0xcf, 0x03, 0x40,

    /* U+00A2 "¢" */
    0x00, 0x07, 0x40, 0x00, 0x02, 0xbf, 0xfa, 0x10,
    0x0d, 0xec, 0xaf, 0xb0, 0x4f, 0x77, 0x44, 0x30,
    0x6f, 0x47, 0x40, 0x00, 0x5f, 0x67, 0x42, 0x20,
    0x1e, 0xd9, 0x7e, 0xd0, 0x04, 0xef, 0xfd, 0x20,
    0x00, 0x0a, 0x70, 0x00,

    /* U+00A3 "£" */
    0x00, 0x5d, 0xfd, 0x40, 0x02, 0xfc, 0x7c, 0xf3,
    0x07, 0xf3, 0x01, 0x83, 0x07, 0xf2, 0x00, 0x00,
    0x5f, 0xff, 0xfc, 0x00, 0x08, 0xf5, 0x21, 0x00,
    0x05, 0xf3, 0x00, 0x21, 0x4f, 0xe6, 0x66, 0xf8,
    0x6f, 0xff, 0xff, 0xd2,

    /* U+00A4 "¤" */
    0x00, 0x00, 0x00, 0x00, 0x00, 0xd7, 0xae, 0xe8,
    0x9a, 0x07, 0xf8, 0x34, 0xcf, 0x30, 0xa9, 0x00,
    0x00, 0xd6, 0x0e, 0x30, 0x00, 0x08, 0xa0, 0xf3,
    0x00, 0x00, 0x8a, 0x0a, 0x90, 0x00, 0x0d, 0x60,
    0xaf, 0x82, 0x3c, 0xf4, 0x0b, 0x5b, 0xfe, 0x97,
    0x80,

    /* U+00A5 "¥" */
    0x8f, 0x30, 0x0d, 0xd0, 0x1f, 0xa0, 0x5f, 0x50,
    0x08, 0xf2, 0xcd, 0x00, 0x01, 0xfe, 0xf5, 0x00,
    0x3f, 0xff, 0xff, 0x60, 0x02, 0x6f, 0xb2, 0x10,
    0x3f, 0xff, 0xff, 0x70, 0x00, 0x3f, 0x70, 0x00,
    0x00, 0x3f, 0x70, 0x00,

    /* U+00A6 "¦" */
    0xbc, 0xbc, 0xbc, 0xbc, 0x23, 0x00, 0x33, 0xbc,
    0xbc, 0xbc, 0xbc,

    /* U+00A7 "§" */
    0x02, 0xcf, 0xd5, 0x00, 0xbd, 0x5a, 0xf1, 0x0c,
    0xc0, 0x03, 0x00, 0x4f, 0xd5, 0x00, 0x1d, 0x79,
    0xfd, 0x24, 0xf1, 0x01, 0xda, 0x0d, 0xe7, 0x1c,
    0x80, 0x07, 0xef, 0xa0, 0x00, 0x00, 0x9f, 0x20,
    0xda, 0x17, 0xf3, 0x05, 0xff, 0xfa, 0x00, 0x00,
    0x21, 0x00,

    /* U+00A8 "¨" */
    0x09, 0x23, 0x90, 0x2e, 0x55, 0xe2,

    /* U+00A9 "©" */
    0x00, 0x00, 0x00, 0x00, 0x00, 0x00, 0x6d, 0xff,
    0xc5, 0x00, 0x0a, 0xf9, 0x55, 0xaf, 0x80, 0x6f,
    0x47, 0xee, 0x66, 0xf4, 0xca, 0x5e, 0x55, 0xf4,
    0xca, 0xe7, 0xa9, 0x00, 0x00, 0x9c, 0xd9, 0x7d,
    0x23, 0xd4, 0xbb, 0x7f, 0x3a, 0xff, 0x94, 0xf5,
    0x0c, 0xe6, 0x44, 0x7f, 0xb0, 0x00, 0x9f, 0xff,
    0xf8, 0x00, 0x00, 0x00, 0x33, 0x00, 0x00,

    /* U+00AA "ª" */
    0x09, 0xee, 0x70, 0x2a, 0x35, 0xf2, 0x04, 0x8b,
    0xf4, 0x6f, 0x85, 0xf4, 0x8c, 0x16, 0xf4, 0x2c,
    0xe8, 0xf4,

    /* U+00AB "«" */
    0x00, 0x4f, 0x77, 0xf5, 0x03, 0xfa, 0x5f, 0x70,
    0x1e, 0xc3, 0xfa, 0x00, 0x1d, 0xd3, 0xeb, 0x00,
    0x01, 0xec, 0x3f, 0x90, 0x00, 0x3d, 0x75, 0xd5,

    /* U+00AC "¬" */
    0x01, 0x11, 0x11, 0x9f, 0xff, 0xff, 0x24, 0x44,
    0x9f, 0x00, 0x00, 0x5b,

    /* U+00AE "®" */
    0x00, 0x6d, 0xeb, 0x30, 0x09, 0xad, 0xa9, 0xd3,
    0x3c, 0x0d, 0x2b, 0x3d, 0x59, 0x0f, 0xe7, 0x0f,
    0x3c, 0x0a, 0x29, 0x3d, 0x09, 0xb1, 0x03, 0xd4,
    0x00, 0x7d, 0xeb, 0x30,

    /* U+00AF "¯" */
    0xdf, 0xfb, 0x12, 0x21,

    /* U+00B0 "°" */
    0x05, 0xee, 0x50, 0x1f, 0x56, 0xf1, 0x2f, 0x23,
    0xf1, 0x08, 0xff, 0x80, 0x00, 0x11, 0x00,

    /* U+00B1 "±" */
    0x00, 0x5f, 0x10, 0x00, 0x16, 0xf2, 0x10, 0xcf,
    0xff, 0xff, 0x83, 0x49, 0xf5, 0x42, 0x01, 0x38,
    0x11, 0x0c, 0xff, 0xff, 0xf8, 0x34, 0x44, 0x44,
    0x20,

    /* U+00B2 "²" */
    0x0a, 0xfe, 0x80, 0x3b, 0x26, 0xf0, 0x00, 0x3d,
    0x90, 0x07, 0xe6, 0x20, 0x4f, 0xff, 0xf4,

    /* U+00B3 "³" */
    0x09, 0xee, 0x80, 0x18, 0x36, 0xf1, 0x00, 0x9f,
    0xa0, 0x28, 0x34, 0xf5, 0x09, 0xee, 0xb1,

    /* U+00B4 "´" */
    0x3e, 0x3b, 0x90,

    /* U+00B5 "µ" */
    0x2f, 0x80, 0x09, 0xf1, 0x2f, 0x80, 0x09, 0xf1,
    0x2f, 0x80, 0x09, 0xf1, 0x2f, 0x80, 0x09, 0xf1,
    0x2f, 0x90, 0x0a, 0xf1, 0x2f, 0xf5, 0x5f, 0xf5,
    0x2f, 0xce, 0xe7, 0xde, 0x2f, 0x80, 0x00, 0x00,
    0x2f, 0x80, 0x00, 0x00, 0x2f, 0x80, 0x00, 0x00,

    /* U+00B6 "¶" */
    0x04, 0xcf, 0xff, 0xf2, 0xff, 0xf8, 0xef, 0x6f,
    0xff, 0x49, 0xd5, 0xff, 0xf4, 0x9d, 0x0d, 0xff,
    0x49, 0xd0, 0x17, 0xa3, 0x9d, 0x00, 0x00, 0x09,
    0xd0, 0x00, 0x00, 0x9d, 0x00, 0x00, 0x09, 0xd0,

    /* U+00B7 "·" */
    0xbd, 0x0b, 0xd0,

    /* U+00B8 "¸" */
    0x00, 0x05, 0x90, 0x19, 0x97, 0xc5,

    /* U+00B9 "¹" */
    0x1b, 0xf7, 0x46, 0xe7, 0x00, 0xe7, 0x00, 0xe7,
    0x00, 0xe7,

    /* U+00BA "º" */
    0x06, 0xef, 0xa0, 0x3f, 0x73, 0xe8, 0x8e, 0x00,
    0x9d, 0x8e, 0x00, 0x9d, 0x3f, 0x63, 0xe8, 0x06,
    0xef, 0xa0,

    /* U+00BB "»" */
    0x2e, 0xb4, 0xf8, 0x00, 0x04, 0xf9, 0x6f, 0x60,
    0x00, 0x6f, 0x78, 0xf4, 0x00, 0x8f, 0x5a, 0xf3,
    0x06, 0xf6, 0x8f, 0x40, 0x2c, 0x84, 0xd6, 0x00,

    /* U+00BC "¼" */
    0x00, 0x10, 0x00, 0x00, 0x10, 0x04, 0xef, 0x00,
    0x00, 0xa9, 0x00, 0x45, 0xf0, 0x00, 0x6d, 0x00,
    0x00, 0x4f, 0x00, 0x2e, 0x20, 0x00, 0x04, 0xf0,
    0x0d, 0x60, 0x10, 0x00, 0x4f, 0x09, 0xa0, 0x2f,
    0xc0, 0x00, 0x05, 0xd0, 0x0c, 0xdb, 0x00, 0x02,
    0xe3, 0x07, 0xb6, 0xb0, 0x00, 0xc6, 0x00, 0xdf,
    0xff, 0x50, 0x49, 0x00, 0x00, 0x04, 0x80,

    /* U+00BD "½" */
    0x3e, 0xf0, 0x00, 0x09, 0xa0, 0x05, 0x6f, 0x00,
    0x04, 0xe1, 0x00, 0x04, 0xf0, 0x01, 0xe3, 0x00,
    0x00, 0x4f, 0x00, 0xb8, 0x00, 0x00, 0x04, 0xf0,
    0x7c, 0x06, 0xdc, 0x30, 0x01, 0x3e, 0x20, 0x84,
    0xaa, 0x00, 0x0d, 0x50, 0x00, 0x2d, 0x30, 0x0a,
    0x90, 0x00, 0x3e, 0x40, 0x05, 0xd0, 0x00, 0x0e,
    0xff, 0xc0,

    /* U+00BE "¾" */
    0x0a, 0xeb, 0x00, 0x00, 0x8a, 0x00, 0x15, 0x0f,
    0x40, 0x03, 0xe1, 0x00, 0x01, 0xec, 0x00, 0x0d,
    0x50, 0x00, 0x00, 0x0d, 0x70, 0x8a, 0x00, 0x00,
    0x38, 0x2e, 0x73, 0xe1, 0x01, 0x00, 0x1a, 0xea,
    0x1d, 0x50, 0x2f, 0xc0, 0x00, 0x00, 0x9a, 0x00,
    0xcd, 0xb0, 0x00, 0x03, 0xe1, 0x07, 0xb6, 0xb0,
    0x00, 0x0d, 0x50, 0x0d, 0xff, 0xf5, 0x00, 0x58,
    0x00, 0x00, 0x04, 0x70,

    /* U+00BF "¿" */
    0x00, 0x1e, 0xa0, 0x00, 0x01, 0xd9, 0x00, 0x00,
    0x00, 0x00, 0x00, 0x00, 0xf9, 0x00, 0x00, 0x7f,
    0x60, 0x00, 0x9f, 0xb0, 0x00, 0x3f, 0xa0, 0x00,
    0x05, 0xf5, 0x01, 0xa5, 0x1f, 0xd6, 0xbf, 0x40,
    0x4d, 0xfd, 0x60,

    /* U+00C0 "À" */
    0x00, 0x0c, 0xa0, 0x00, 0x00, 0x00, 0x02, 0xd1,
    0x00, 0x00, 0x00, 0x00, 0x00, 0x00, 0x00, 0x00,
    0x09, 0xfe, 0x00, 0x00, 0x00, 0x0e, 0xdf, 0x50,
    0x00, 0x00, 0x4f, 0x5e, 0xb0, 0x00, 0x00, 0xaf,
    0x0a, 0xf1, 0x00, 0x01, 0xfc, 0x16, 0xf7, 0x00,
    0x06, 0xff, 0xff, 0xff, 0x00, 0x0c, 0xf5, 0x44,
    0xdf, 0x30, 0x2f, 0xb0, 0x00, 0x4f, 0x90, 0x8f,
    0x50, 0x00, 0x0e, 0xe0,

    /* U+00C1 "Á" */
    0x00, 0x00, 0x4f, 0x30, 0x00, 0x00, 0x00, 0x98,
    0x00, 0x00, 0x00, 0x00, 0x00, 0x00, 0x00, 0x00,
    0x09, 0xfe, 0x00, 0x00, 0x00, 0x0e, 0xdf, 0x50,
    0x00, 0x00, 0x4f, 0x5e, 0xb0, 0x00, 0x00, 0xaf,
    0x0a, 0xf1, 0x00, 0x01, 0xfc, 0x16, 0xf7, 0x00,
    0x06, 0xff, 0xff, 0xff, 0x00, 0x0c, 0xf5, 0x44,
    0xdf, 0x30, 0x2f, 0xb0, 0x00, 0x4f, 0x90, 0x8f,
    0x50, 0x00, 0x0e, 0xe0,

    /* U+00C2 "Â" */
    0x00, 0x06, 0xfc, 0x00, 0x00, 0x00, 0x4f, 0x3c,
    0xa0, 0x00, 0x00, 0x00, 0x00, 0x00, 0x00, 0x00,
    0x09, 0xfe, 0x00, 0x00, 0x00, 0x0e, 0xdf, 0x50,
    0x00, 0x00, 0x4f, 0x5e, 0xb0, 0x00, 0x00, 0xaf,
    0x0a, 0xf1, 0x00, 0x01, 0xfc, 0x16, 0xf7, 0x00,
    0x06, 0xff, 0xff, 0xff, 0x00, 0x0c, 0xf5, 0x44,
    0xdf, 0x30, 0x2f, 0xb0, 0x00, 0x4f, 0x90, 0x8f,
    0x50, 0x00, 0x0e, 0xe0,

    /* U+00C3 "Ã" */
    0x00, 0x0d, 0xa4, 0xb0, 0x00, 0x00, 0x4a, 0x5e,
    0x50, 0x00, 0x00, 0x00, 0x00, 0x00, 0x00, 0x00,
    0x09, 0xfe, 0x00, 0x00, 0x00, 0x0e, 0xdf, 0x50,
    0x00, 0x00, 0x4f, 0x5e, 0xb0, 0x00, 0x00, 0xaf,
    0x0a, 0xf1, 0x00, 0x01, 0xfc, 0x16, 0xf7, 0x00,
    0x06, 0xff, 0xff, 0xff, 0x00, 0x0c, 0xf5, 0x44,
    0xdf, 0x30, 0x2f, 0xb0, 0x00, 0x4f, 0x90, 0x8f,
    0x50, 0x00, 0x0e, 0xe0,

    /* U+00C4 "Ä" */
    0x00, 0x5e, 0x19, 0xc0, 0x00, 0x00, 0x29, 0x05,
    0x70, 0x00, 0x00, 0x00, 0x00, 0x00, 0x00, 0x00,
    0x09, 0xfe, 0x00, 0x00, 0x00, 0x0e, 0xdf, 0x50,
    0x00, 0x00, 0x4f, 0x5e, 0xb0, 0x00, 0x00, 0xaf,
    0x0a, 0xf1, 0x00, 0x01, 0xfc, 0x16, 0xf7, 0x00,
    0x06, 0xff, 0xff, 0xff, 0x00, 0x0c, 0xf5, 0x44,
    0xdf, 0x30, 0x2f, 0xb0, 0x00, 0x4f, 0x90, 0x8f,
    0x50, 0x00, 0x0e, 0xe0,

    /* U+00C5 "Å" */
    0x00, 0x04, 0xc9, 0x00, 0x00, 0x00, 0x0e, 0x1a,
    0x50, 0x00, 0x00, 0x0e, 0x1a, 0x50, 0x00, 0x00,
    0x04, 0xc9, 0x00, 0x00, 0x00, 0x09, 0xfe, 0x00,
    0x00, 0x00, 0x0e, 0xdf, 0x50, 0x00, 0x00, 0x4f,
    0x5e, 0xb0, 0x00, 0x00, 0xaf, 0x0a, 0xf1, 0x00,
    0x01, 0xfc, 0x16, 0xf7, 0x00, 0x06, 0xff, 0xff,
    0xff, 0x00, 0x0c, 0xf5, 0x44, 0xdf, 0x30, 0x2f,
    0xb0, 0x00, 0x4f, 0x90, 0x8f, 0x50, 0x00, 0x0e,
    0xe0,

    /* U+00C6 "Æ" */
    0x00, 0x00, 0xaf, 0xff, 0xff, 0xff, 0x60, 0x00,
    0x2f, 0x9b, 0xf6, 0x66, 0x62, 0x00, 0x09, 0xf2,
    0xaf, 0x00, 0x00, 0x00, 0x01, 0xfb, 0x0a, 0xf1,
    0x11, 0x10, 0x00, 0x9f, 0x30, 0xbf, 0xff, 0xff,
    0x10, 0x1f, 0xff, 0xff, 0xf0, 0x00, 0x00, 0x08,
    0xf8, 0x33, 0xef, 0x00, 0x00, 0x00, 0xed, 0x00,
    0x0a, 0xf6, 0x66, 0x62, 0x7f, 0x60, 0x00, 0xaf,
    0xff, 0xff, 0x60,

    /* U+00C7 "Ç" */
    0x00, 0x4b, 0xfe, 0xb3, 0x00, 0x5f, 0xe8, 0x8e,
    0xf4, 0x0e, 0xe1, 0x00, 0x1e, 0xc3, 0xf7, 0x00,
    0x00, 0x00, 0x5f, 0x60, 0x00, 0x00, 0x03, 0xf7,
    0x00, 0x00, 0x00, 0x0e, 0xe1, 0x00, 0x1e, 0xc0,
    0x5f, 0xe8, 0x8e, 0xf3, 0x00, 0x4b, 0xff, 0xb3,
    0x00, 0x00, 0x08, 0xa1, 0x00, 0x00, 0x00, 0x08,
    0x70, 0x00, 0x00, 0x09, 0xd4, 0x00,

    /* U+00C8 "È" */
    0x00, 0x7f, 0x10, 0x00, 0x00, 0x0b, 0x60, 0x00,
    0x00, 0x00, 0x00, 0x00, 0x0f, 0xff, 0xff, 0xf1,
    0x0f, 0xc6, 0x66, 0x60, 0x0f, 0xa0, 0x00, 0x00,
    0x0f, 0xa1, 0x11, 0x00, 0x0f, 0xff, 0xff, 0xc0,
    0x0f, 0xb4, 0x44, 0x30, 0x0f, 0xa0, 0x00, 0x00,
    0x0f, 0xc6, 0x66, 0x60, 0x0f, 0xff, 0xff, 0xf2,

    /* U+00C9 "É" */
    0x00, 0x00, 0xe8, 0x00, 0x00, 0x05, 0xc0, 0x00,
    0x00, 0x00, 0x00, 0x00, 0x0f, 0xff, 0xff, 0xf1,
    0x0f, 0xc6, 0x66, 0x60, 0x0f, 0xa0, 0x00, 0x00,
    0x0f, 0xa1, 0x11, 0x00, 0x0f, 0xff, 0xff, 0xc0,
    0x0f, 0xb4, 0x44, 0x30, 0x0f, 0xa0, 0x00, 0x00,
    0x0f, 0xc6, 0x66, 0x60, 0x0f, 0xff, 0xff, 0xf2,

    /* U+00CA "Ê" */
    0x00, 0x2e, 0xe2, 0x00, 0x01, 0xd8, 0x7e, 0x10,
    0x00, 0x00, 0x00, 0x00, 0x0f, 0xff, 0xff, 0xf1,
    0x0f, 0xc6, 0x66, 0x60, 0x0f, 0xa0, 0x00, 0x00,
    0x0f, 0xa1, 0x11, 0x00, 0x0f, 0xff, 0xff, 0xc0,
    0x0f, 0xb4, 0x44, 0x30, 0x0f, 0xa0, 0x00, 0x00,
    0x0f, 0xc6, 0x66, 0x60, 0x0f, 0xff, 0xff, 0xf2,

    /* U+00CB "Ë" */
    0x01, 0xe5, 0x4e, 0x20, 0x00, 0x93, 0x29, 0x10,
    0x00, 0x00, 0x00, 0x00, 0x0f, 0xff, 0xff, 0xf1,
    0x0f, 0xc6, 0x66, 0x60, 0x0f, 0xa0, 0x00, 0x00,
    0x0f, 0xa1, 0x11, 0x00, 0x0f, 0xff, 0xff, 0xc0,
    0x0f, 0xb4, 0x44, 0x30, 0x0f, 0xa0, 0x00, 0x00,
    0x0f, 0xc6, 0x66, 0x60, 0x0f, 0xff, 0xff, 0xf2,

    /* U+00CC "Ì" */
    0x0b, 0xc0, 0x01, 0xd3, 0x00, 0x00, 0x00, 0xfa,
    0x00, 0xfa, 0x00, 0xfa, 0x00, 0xfa, 0x00, 0xfa,
    0x00, 0xfa, 0x00, 0xfa, 0x00, 0xfa, 0x00, 0xfa,

    /* U+00CD "Í" */
    0x02, 0xf5, 0x08, 0x90, 0x00, 0x00, 0x0f, 0xa0,
    0x0f, 0xa0, 0x0f, 0xa0, 0x0f, 0xa0, 0x0f, 0xa0,
    0x0f, 0xa0, 0x0f, 0xa0, 0x0f, 0xa0, 0x0f, 0xa0,

    /* U+00CE "Î" */
    0x04, 0xfd, 0x00, 0x3f, 0x4a, 0xb0, 0x00, 0x00,
    0x00, 0x00, 0xfa, 0x00, 0x00, 0xfa, 0x00, 0x00,
    0xfa, 0x00, 0x00, 0xfa, 0x00, 0x00, 0xfa, 0x00,
    0x00, 0xfa, 0x00, 0x00, 0xfa, 0x00, 0x00, 0xfa,
    0x00, 0x00, 0xfa, 0x00,

    /* U+00CF "Ï" */
    0x4e, 0x27, 0xd0, 0x29, 0x14, 0x80, 0x00, 0x00,
    0x00, 0x00, 0xfa, 0x00, 0x00, 0xfa, 0x00, 0x00,
    0xfa, 0x00, 0x00, 0xfa, 0x00, 0x00, 0xfa, 0x00,
    0x00, 0xfa, 0x00, 0x00, 0xfa, 0x00, 0x00, 0xfa,
    0x00, 0x00, 0xfa, 0x00,

    /* U+00D0 "Ð" */
    0x0a, 0xff, 0xfe, 0xa2, 0x00, 0x0a, 0xf7, 0x79,
    0xff, 0x20, 0x0a, 0xf0, 0x00, 0x2f, 0xb0, 0x0a,
    0xf0, 0x00, 0x0b, 0xf0, 0xdf, 0xff, 0xf3, 0x09,
    0xf1, 0x2d, 0xf3, 0x20, 0x0b, 0xf0, 0x0a, 0xf0,
    0x00, 0x2f, 0xb0, 0x0a, 0xf7, 0x69, 0xff, 0x20,
    0x0a, 0xff, 0xfe, 0xa2, 0x00,

    /* U+00D1 "Ñ" */
    0x00, 0x0a, 0xc2, 0xe0, 0x00, 0x01, 0xe3, 0xd8,
    0x00, 0x00, 0x00, 0x00, 0x00, 0x00, 0xff, 0x30,
    0x00, 0xce, 0x0f, 0xfd, 0x00, 0x0c, 0xe0, 0xfb,
    0xf7, 0x00, 0xce, 0x0f, 0xa8, 0xf2, 0x0c, 0xe0,
    0xfa, 0x0d, 0xc0, 0xce, 0x0f, 0xa0, 0x4f, 0x6c,
    0xe0, 0xfa, 0x00, 0x9e, 0xce, 0x0f, 0xa0, 0x01,
    0xef, 0xe0, 0xfa, 0x00, 0x05, 0xfe,

    /* U+00D2 "Ò" */
    0x00, 0x08, 0xe0, 0x00, 0x00, 0x00, 0x00, 0xc5,
    0x00, 0x00, 0x00, 0x00, 0x00, 0x00, 0x00, 0x00,
    0x3b, 0xff, 0xb3, 0x00, 0x05, 0xfe, 0x88, 0xef,
    0x50, 0x0e, 0xe1, 0x00, 0x1e, 0xe0, 0x3f, 0x70,
    0x00, 0x08, 0xf3, 0x5f, 0x60, 0x00, 0x06, 0xf5,
    0x3f, 0x70, 0x00, 0x08, 0xf3, 0x0e, 0xe1, 0x00,
    0x1e, 0xe0, 0x05, 0xfe, 0x88, 0xef, 0x50, 0x00,
    0x4b, 0xff, 0xb4, 0x00,

    /* U+00D3 "Ó" */
    0x00, 0x00, 0x0e, 0x80, 0x00, 0x00, 0x00, 0x5c,
    0x00, 0x00, 0x00, 0x00, 0x00, 0x00, 0x00, 0x00,
    0x3b, 0xff, 0xb3, 0x00, 0x05, 0xfe, 0x88, 0xef,
    0x50, 0x0e, 0xe1, 0x00, 0x1e, 0xe0, 0x3f, 0x70,
    0x00, 0x08, 0xf3, 0x5f, 0x60, 0x00, 0x06, 0xf5,
    0x3f, 0x70, 0x00, 0x08, 0xf3, 0x0e, 0xe1, 0x00,
    0x1e, 0xe0, 0x05, 0xfe, 0x88, 0xef, 0x50, 0x00,
    0x4b, 0xff, 0xb4, 0x00,

    /* U+00D4 "Ô" */
    0x00, 0x04, 0xee, 0x40, 0x00, 0x00, 0x17, 0x22,
    0x71, 0x00, 0x00, 0x00, 0x00, 0x00, 0x00, 0x00,
    0x3b, 0xff, 0xb3, 0x00, 0x05, 0xfe, 0x88, 0xef,
    0x50, 0x0e, 0xe1, 0x00, 0x1e, 0xe0, 0x3f, 0x70,
    0x00, 0x08, 0xf3, 0x5f, 0x60, 0x00, 0x06, 0xf5,
    0x3f, 0x70, 0x00, 0x08, 0xf3, 0x0e, 0xe1, 0x00,
    0x1e, 0xe0, 0x05, 0xfe, 0x88, 0xef, 0x50, 0x00,
    0x4b, 0xff, 0xb4, 0x00,

    /* U+00D5 "Õ" */
    0x00, 0x09, 0xd2, 0xe0, 0x00, 0x00, 0x0e, 0x2d,
    0x90, 0x00, 0x00, 0x00, 0x00, 0x00, 0x00, 0x00,
    0x3b, 0xff, 0xb3, 0x00, 0x05, 0xfe, 0x88, 0xef,
    0x50, 0x0e, 0xe1, 0x00, 0x1e, 0xe0, 0x3f, 0x70,
    0x00, 0x08, 0xf3, 0x5f, 0x60, 0x00, 0x06, 0xf5,
    0x3f, 0x70, 0x00, 0x08, 0xf3, 0x0e, 0xe1, 0x00,
    0x1e, 0xe0, 0x05, 0xfe, 0x88, 0xef, 0x50, 0x00,
    0x4b, 0xff, 0xb4, 0x00,

    /* U+00D6 "Ö" */
    0x00, 0x1e, 0x54, 0xe2, 0x00, 0x00, 0x09, 0x22,
    0x90, 0x00, 0x00, 0x00, 0x00, 0x00, 0x00, 0x00,
    0x3b, 0xff, 0xb3, 0x00, 0x05, 0xfe, 0x88, 0xef,
    0x50, 0x0e, 0xe1, 0x00, 0x1e, 0xe0, 0x3f, 0x70,
    0x00, 0x08, 0xf3, 0x5f, 0x60, 0x00, 0x06, 0xf5,
    0x3f, 0x70, 0x00, 0x08, 0xf3, 0x0e, 0xe1, 0x00,
    0x1e, 0xe0, 0x05, 0xfe, 0x88, 0xef, 0x50, 0x00,
    0x4b, 0xff, 0xb4, 0x00,

    /* U+00D7 "×" */
    0x27, 0x00, 0x08, 0x17, 0xf8, 0x0b, 0xf4, 0x08,
    0xff, 0xf5, 0x00, 0x0f, 0xfd, 0x00, 0x0c, 0xfb,
    0xf9, 0x09, 0xf4, 0x07, 0xf5, 0x03, 0x00, 0x03,
    0x00,

    /* U+00D8 "Ø" */
    0x00, 0x00, 0x00, 0x00, 0x00, 0x00, 0x3b, 0xff,
    0xbe, 0x80, 0x05, 0xfe, 0x88, 0xff, 0x60, 0x0e,
    0xe1, 0x03, 0xff, 0xe0, 0x3f, 0x70, 0x0d, 0x68,
    0xf3, 0x5f, 0x60, 0xaa, 0x06, 0xf5, 0x3f, 0x76,
    0xd0, 0x08, 0xf3, 0x0e, 0xff, 0x30, 0x1e, 0xe0,
    0x06, 0xff, 0x88, 0xef, 0x50, 0x08, 0xeb, 0xff,
    0xb4, 0x00, 0x00, 0x00, 0x00, 0x00, 0x00,

    /* U+00D9 "Ù" */
    0x00, 0x0b, 0xc0, 0x00, 0x00, 0x00, 0x1d, 0x20,
    0x00, 0x00, 0x00, 0x00, 0x00, 0x00, 0xfa, 0x00,
    0x01, 0xfa, 0x0f, 0xa0, 0x00, 0x1f, 0xa0, 0xfa,
    0x00, 0x01, 0xfa, 0x0f, 0xa0, 0x00, 0x1f, 0xa0,
    0xfa, 0x00, 0x01, 0xfa, 0x0f, 0xa0, 0x00, 0x1f,
    0x90, 0xed, 0x00, 0x05, 0xf8, 0x08, 0xfd, 0x8a,
    0xfe, 0x20, 0x06, 0xdf, 0xea, 0x20,

    /* U+00DA "Ú" */
    0x00, 0x00, 0x3f, 0x40, 0x00, 0x00, 0x09, 0x90,
    0x00, 0x00, 0x00, 0x00, 0x00, 0x00, 0xfa, 0x00,
    0x01, 0xfa, 0x0f, 0xa0, 0x00, 0x1f, 0xa0, 0xfa,
    0x00, 0x01, 0xfa, 0x0f, 0xa0, 0x00, 0x1f, 0xa0,
    0xfa, 0x00, 0x01, 0xfa, 0x0f, 0xa0, 0x00, 0x1f,
    0x90, 0xed, 0x00, 0x05, 0xf8, 0x08, 0xfd, 0x8a,
    0xfe, 0x20, 0x06, 0xdf, 0xea, 0x20,

    /* U+00DB "Û" */
    0x00, 0x07, 0xdd, 0x20, 0x00, 0x02, 0x71, 0x46,
    0x00, 0x00, 0x00, 0x00, 0x00, 0x00, 0xfa, 0x00,
    0x01, 0xfa, 0x0f, 0xa0, 0x00, 0x1f, 0xa0, 0xfa,
    0x00, 0x01, 0xfa, 0x0f, 0xa0, 0x00, 0x1f, 0xa0,
    0xfa, 0x00, 0x01, 0xfa, 0x0f, 0xa0, 0x00, 0x1f,
    0x90, 0xed, 0x00, 0x05, 0xf8, 0x08, 0xfd, 0x8a,
    0xfe, 0x20, 0x06, 0xdf, 0xea, 0x20,

    /* U+00DC "Ü" */
    0x00, 0x4e, 0x28, 0xd0, 0x00, 0x02, 0x91, 0x48,
    0x00, 0x00, 0x00, 0x00, 0x00, 0x00, 0xfa, 0x00,
    0x01, 0xfa, 0x0f, 0xa0, 0x00, 0x1f, 0xa0, 0xfa,
    0x00, 0x01, 0xfa, 0x0f, 0xa0, 0x00, 0x1f, 0xa0,
    0xfa, 0x00, 0x01, 0xfa, 0x0f, 0xa0, 0x00, 0x1f,
    0x90, 0xed, 0x00, 0x05, 0xf8, 0x08, 0xfd, 0x8a,
    0xfe, 0x20, 0x06, 0xdf, 0xea, 0x20,

    /* U+00DD "Ý" */
    0x00, 0x00, 0x5f, 0x20, 0x00, 0x00, 0x0b, 0x70,
    0x00, 0x00, 0x00, 0x00, 0x00, 0x05, 0xf9, 0x00,
    0x04, 0xfa, 0x0b, 0xf3, 0x00, 0xde, 0x10, 0x2f,
    0xc0, 0x7f, 0x60, 0x00, 0x7f, 0x6f, 0xc0, 0x00,
    0x00, 0xdf, 0xf2, 0x00, 0x00, 0x04, 0xf9, 0x00,
    0x00, 0x00, 0x3f, 0x80, 0x00, 0x00, 0x03, 0xf8,
    0x00, 0x00, 0x00, 0x3f, 0x80, 0x00,

    /* U+00DE "Þ" */
    0x1f, 0x90, 0x00, 0x00, 0x1f, 0xa1, 0x00, 0x00,
    0x1f, 0xff, 0xfd, 0x50, 0x1f, 0xd4, 0x5b, 0xf3,
    0x1f, 0x90, 0x02, 0xf7, 0x1f, 0xa1, 0x19, 0xf5,
    0x1f, 0xff, 0xff, 0x90, 0x1f, 0xd4, 0x31, 0x00,
    0x1f, 0x90, 0x00, 0x00,

    /* U+00DF "ß" */
    0x02, 0xbf, 0xfb, 0x30, 0x0d, 0xf8, 0x7f, 0xe0,
    0x0f, 0xa0, 0x09, 0xf2, 0x0f, 0x90, 0x2d, 0xd0,
    0x0f, 0x94, 0xff, 0x60, 0x0f, 0x91, 0x48, 0xf7,
    0x0f, 0x90, 0x00, 0xfb, 0x0f, 0x91, 0x59, 0xf9,
    0x0f, 0x95, 0xfe, 0x90,

    /* U+00E0 "à" */
    0x00, 0xc8, 0x00, 0x00, 0x04, 0xf1, 0x00, 0x00,
    0x00, 0x00, 0x00, 0x4c, 0xfe, 0x80, 0x1e, 0xb4,
    0x8f, 0x60, 0x00, 0x15, 0xf9, 0x09, 0xff, 0xcf,
    0x96, 0xf5, 0x01, 0xf9, 0x6f, 0x73, 0xaf, 0x90,
    0xae, 0xe6, 0xf9,

    /* U+00E1 "á" */
    0x00, 0x04, 0xe3, 0x00, 0x00, 0xb9, 0x00, 0x00,
    0x00, 0x00, 0x00, 0x4c, 0xfe, 0x80, 0x1e, 0xb4,
    0x8f, 0x60, 0x00, 0x15, 0xf9, 0x09, 0xff, 0xcf,
    0x96, 0xf5, 0x01, 0xf9, 0x6f, 0x73, 0xaf, 0x90,
    0xae, 0xe6, 0xf9,

    /* U+00E2 "â" */
    0x00, 0x6f, 0xb0, 0x00, 0x5f, 0x3c, 0xa0, 0x00,
    0x00, 0x00, 0x00, 0x4c, 0xfe, 0x80, 0x1e, 0xb4,
    0x8f, 0x60, 0x00, 0x15, 0xf9, 0x09, 0xff, 0xcf,
    0x96, 0xf5, 0x01, 0xf9, 0x6f, 0x73, 0xaf, 0x90,
    0xae, 0xe6, 0xf9,

    /* U+00E3 "ã" */
    0x03, 0xdf, 0xe7, 0x00, 0x00, 0x00, 0x00, 0x04,
    0xcf, 0xe8, 0x01, 0xeb, 0x48, 0xf6, 0x00, 0x01,
    0x5f, 0x90, 0x9f, 0xfc, 0xf9, 0x6f, 0x50, 0x1f,
    0x96, 0xf7, 0x3a, 0xf9, 0x0a, 0xee, 0x6f, 0x90,

    /* U+00E4 "ä" */
    0x06, 0xe1, 0x9b, 0x00, 0x39, 0x05, 0x70, 0x04,
    0xcf, 0xe8, 0x01, 0xeb, 0x48, 0xf6, 0x00, 0x01,
    0x5f, 0x90, 0x9f, 0xfc, 0xf9, 0x6f, 0x50, 0x1f,
    0x96, 0xf7, 0x3a, 0xf9, 0x0a, 0xee, 0x6f, 0x90,

    /* U+00E5 "å" */
    0x00, 0x5d, 0x90, 0x00, 0x0e, 0x1b, 0x40, 0x00,
    0xe1, 0xb4, 0x00, 0x05, 0xc9, 0x00, 0x04, 0xcf,
    0xe8, 0x01, 0xeb, 0x48, 0xf6, 0x00, 0x01, 0x5f,
    0x90, 0x9f, 0xfc, 0xf9, 0x6f, 0x50, 0x1f, 0x96,
    0xf7, 0x3a, 0xf9, 0x0a, 0xee, 0x6f, 0x90,

    /* U+00E6 "æ" */
    0x04, 0xcf, 0xd5, 0x8e, 0xea, 0x10, 0x1f, 0xc5,
    0x9f, 0xf6, 0x5e, 0xb0, 0x00, 0x00, 0x1f, 0xa0,
    0x07, 0xf3, 0x07, 0xde, 0xff, 0xff, 0xff, 0xf5,
    0x6f, 0x72, 0x4f, 0xc2, 0x22, 0x20, 0x6f, 0x85,
    0xbf, 0xf7, 0x4c, 0xe1, 0x0a, 0xee, 0xa2, 0x9e,
    0xfc, 0x30,

    /* U+00E7 "ç" */
    0x01, 0xbf, 0xea, 0x10, 0x0d, 0xf6, 0x6f, 0xb0,
    0x4f, 0x70, 0x04, 0x40, 0x6f, 0x40, 0x00, 0x00,
    0x4f, 0x70, 0x04, 0x40, 0x0d, 0xf6, 0x6f, 0xb0,
    0x02, 0xbf, 0xfa, 0x10, 0x00, 0x07, 0xa1, 0x00,
    0x00, 0x00, 0x87, 0x00, 0x00, 0x09, 0xd3, 0x00,

    /* U+00E8 "è" */
    0x00, 0x9b, 0x00, 0x00, 0x00, 0x1f, 0x40, 0x00,
    0x00, 0x00, 0x00, 0x00, 0x01, 0xbf, 0xe8, 0x00,
    0x0d, 0xe6, 0x6f, 0x90, 0x4f, 0x50, 0x09, 0xf0,
    0x6f, 0xff, 0xff, 0xf2, 0x4f, 0x72, 0x22, 0x20,
    0x0d, 0xe6, 0x5d, 0xb0, 0x02, 0xbf, 0xeb, 0x20,

    /* U+00E9 "é" */
    0x00, 0x01, 0xd5, 0x00, 0x00, 0x08, 0xc0, 0x00,
    0x00, 0x00, 0x00, 0x00, 0x01, 0xbf, 0xe8, 0x00,
    0x0d, 0xe6, 0x6f, 0x90, 0x4f, 0x50, 0x09, 0xf0,
    0x6f, 0xff, 0xff, 0xf2, 0x4f, 0x72, 0x22, 0x20,
    0x0d, 0xe6, 0x5d, 0xb0, 0x02, 0xbf, 0xeb, 0x20,

    /* U+00EA "ê" */
    0x00, 0x4f, 0xd1, 0x00, 0x02, 0xf5, 0x9c, 0x00,
    0x00, 0x00, 0x00, 0x00, 0x01, 0xbf, 0xe8, 0x00,
    0x0d, 0xe6, 0x6f, 0x90, 0x4f, 0x50, 0x09, 0xf0,
    0x6f, 0xff, 0xff, 0xf2, 0x4f, 0x72, 0x22, 0x20,
    0x0d, 0xe6, 0x5d, 0xb0, 0x02, 0xbf, 0xeb, 0x20,

    /* U+00EB "ë" */
    0x03, 0xe3, 0x6d, 0x00, 0x01, 0x91, 0x38, 0x00,
    0x01, 0xbf, 0xe8, 0x00, 0x0d, 0xe6, 0x6f, 0x90,
    0x4f, 0x50, 0x09, 0xf0, 0x6f, 0xff, 0xff, 0xf2,
    0x4f, 0x72, 0x22, 0x20, 0x0d, 0xe6, 0x5d, 0xb0,
    0x02, 0xbf, 0xeb, 0x20,

    /* U+00EC "ì" */
    0x0c, 0x90, 0x03, 0xf1, 0x00, 0x00, 0x02, 0xf8,
    0x02, 0xf8, 0x02, 0xf8, 0x02, 0xf8, 0x02, 0xf8,
    0x02, 0xf8, 0x02, 0xf8,

    /* U+00ED "í" */
    0x03, 0xe3, 0x0b, 0x90, 0x00, 0x00, 0x2f, 0x80,
    0x2f, 0x80, 0x2f, 0x80, 0x2f, 0x80, 0x2f, 0x80,
    0x2f, 0x80, 0x2f, 0x80,

    /* U+00EE "î" */
    0x02, 0x75, 0x00, 0x3e, 0x6d, 0x80, 0x00, 0x00,
    0x00, 0x02, 0xf8, 0x00, 0x02, 0xf8, 0x00, 0x02,
    0xf8, 0x00, 0x02, 0xf8, 0x00, 0x02, 0xf8, 0x00,
    0x02, 0xf8, 0x00, 0x02, 0xf8, 0x00,

    /* U+00EF "ï" */
    0x5e, 0x19, 0xc3, 0x90, 0x57, 0x02, 0xf8, 0x00,
    0x2f, 0x80, 0x02, 0xf8, 0x00, 0x2f, 0x80, 0x02,
    0xf8, 0x00, 0x2f, 0x80, 0x02, 0xf8, 0x00,

    /* U+00F0 "ð" */
    0x00, 0x10, 0x00, 0x00, 0x01, 0xfa, 0x6c, 0x00,
    0x00, 0x7f, 0xf3, 0x00, 0x01, 0x81, 0xad, 0x00,
    0x02, 0xbe, 0xae, 0x80, 0x0e, 0xd3, 0x5f, 0xe0,
    0x4f, 0x50, 0x09, 0xf1, 0x6f, 0x30, 0x07, 0xf2,
    0x4f, 0x50, 0x09, 0xf0, 0x0d, 0xe5, 0x7f, 0x90,
    0x02, 0xbf, 0xe8, 0x00,

    /* U+00F1 "ñ" */
    0x00, 0xcf, 0xfb, 0x00, 0x00, 0x00, 0x00, 0x00,
    0x2f, 0x8b, 0xfd, 0x30, 0x2f, 0xe7, 0x6f, 0xd0,
    0x2f, 0x90, 0x0a, 0xf0, 0x2f, 0x80, 0x09, 0xf1,
    0x2f, 0x80, 0x09, 0xf1, 0x2f, 0x80, 0x09, 0xf1,
    0x2f, 0x80, 0x09, 0xf1,

    /* U+00F2 "ò" */
    0x00, 0x8c, 0x00, 0x00, 0x00, 0x1e, 0x50, 0x00,
    0x00, 0x00, 0x00, 0x00, 0x01, 0xbf, 0xea, 0x10,
    0x0d, 0xf6, 0x7f, 0xc0, 0x4f, 0x70, 0x08, 0xf3,
    0x6f, 0x40, 0x05, 0xf5, 0x4f, 0x70, 0x08, 0xf3,
    0x0d, 0xf6, 0x6f, 0xc0, 0x02, 0xbf, 0xfa, 0x10,

    /* U+00F3 "ó" */
    0x00, 0x00, 0xd7, 0x00, 0x00, 0x07, 0xd0, 0x00,
    0x00, 0x00, 0x00, 0x00, 0x01, 0xbf, 0xea, 0x10,
    0x0d, 0xf6, 0x7f, 0xc0, 0x4f, 0x70, 0x08, 0xf3,
    0x6f, 0x40, 0x05, 0xf5, 0x4f, 0x70, 0x08, 0xf3,
    0x0d, 0xf6, 0x6f, 0xc0, 0x02, 0xbf, 0xfa, 0x10,

    /* U+00F4 "ô" */
    0x00, 0x3f, 0xe2, 0x00, 0x02, 0xe7, 0x8d, 0x10,
    0x00, 0x00, 0x00, 0x00, 0x01, 0xbf, 0xea, 0x10,
    0x0d, 0xf6, 0x7f, 0xc0, 0x4f, 0x70, 0x08, 0xf3,
    0x6f, 0x40, 0x05, 0xf5, 0x4f, 0x70, 0x08, 0xf3,
    0x0d, 0xf6, 0x6f, 0xc0, 0x02, 0xbf, 0xfa, 0x10,

    /* U+00F5 "õ" */
    0x00, 0xcf, 0xfb, 0x00, 0x00, 0x00, 0x00, 0x00,
    0x01, 0xbf, 0xea, 0x10, 0x0d, 0xf6, 0x7f, 0xc0,
    0x4f, 0x70, 0x08, 0xf3, 0x6f, 0x40, 0x05, 0xf5,
    0x4f, 0x70, 0x08, 0xf3, 0x0d, 0xf6, 0x6f, 0xc0,
    0x02, 0xbf, 0xfa, 0x10,

    /* U+00F6 "ö" */
    0x02, 0xe4, 0x5e, 0x10, 0x01, 0x92, 0x39, 0x00,
    0x01, 0xbf, 0xea, 0x10, 0x0d, 0xf6, 0x7f, 0xc0,
    0x4f, 0x70, 0x08, 0xf3, 0x6f, 0x40, 0x05, 0xf5,
    0x4f, 0x70, 0x08, 0xf3, 0x0d, 0xf6, 0x6f, 0xc0,
    0x02, 0xbf, 0xfa, 0x10,

    /* U+00F7 "÷" */
    0x00, 0x6e, 0x30, 0x00, 0x06, 0xe2, 0x00, 0x01,
    0x11, 0x11, 0x0c, 0xff, 0xff, 0xf8, 0x34, 0x44,
    0x44, 0x20, 0x06, 0xe2, 0x00, 0x00, 0x6f, 0x30,
    0x00,

    /* U+00F8 "ø" */
    0x00, 0x00, 0x00, 0x00, 0x01, 0xbf, 0xeb, 0xe2,
    0x0d, 0xf6, 0x7f, 0xf0, 0x4f, 0x70, 0xbf, 0xf3,
    0x6f, 0x49, 0x95, 0xf5, 0x4f, 0xfa, 0x08, 0xf3,
    0x0f, 0xf6, 0x6f, 0xc0, 0x3f, 0xcf, 0xfa, 0x10,
    0x01, 0x00, 0x00, 0x00,

    /* U+00F9 "ù" */
    0x00, 0x8c, 0x00, 0x00, 0x00, 0x0e, 0x50, 0x00,
    0x00, 0x00, 0x00, 0x00, 0x2f, 0x80, 0x09, 0xf1,
    0x2f, 0x80, 0x09, 0xf1, 0x2f, 0x80, 0x09, 0xf1,
    0x2f, 0x80, 0x09, 0xf1, 0x1f, 0x90, 0x0a, 0xf1,
    0x0e, 0xf7, 0x8f, 0xf1, 0x04, 0xdf, 0xa8, 0xf1,

    /* U+00FA "ú" */
    0x00, 0x00, 0xd7, 0x00, 0x00, 0x06, 0xd0, 0x00,
    0x00, 0x00, 0x00, 0x00, 0x2f, 0x80, 0x09, 0xf1,
    0x2f, 0x80, 0x09, 0xf1, 0x2f, 0x80, 0x09, 0xf1,
    0x2f, 0x80, 0x09, 0xf1, 0x1f, 0x90, 0x0a, 0xf1,
    0x0e, 0xf7, 0x8f, 0xf1, 0x04, 0xdf, 0xa8, 0xf1,

    /* U+00FB "û" */
    0x00, 0x2e, 0xe2, 0x00, 0x01, 0xe7, 0x8d, 0x10,
    0x00, 0x00, 0x00, 0x00, 0x2f, 0x80, 0x09, 0xf1,
    0x2f, 0x80, 0x09, 0xf1, 0x2f, 0x80, 0x09, 0xf1,
    0x2f, 0x80, 0x09, 0xf1, 0x1f, 0x90, 0x0a, 0xf1,
    0x0e, 0xf7, 0x8f, 0xf1, 0x04, 0xdf, 0xa8, 0xf1,

    /* U+00FC "ü" */
    0x02, 0xe5, 0x5e, 0x20, 0x00, 0x92, 0x39, 0x00,
    0x2f, 0x80, 0x09, 0xf1, 0x2f, 0x80, 0x09, 0xf1,
    0x2f, 0x80, 0x09, 0xf1, 0x2f, 0x80, 0x09, 0xf1,
    0x1f, 0x90, 0x0a, 0xf1, 0x0e, 0xf7, 0x8f, 0xf1,
    0x04, 0xdf, 0xa8, 0xf1,

    /* U+00FD "ý" */
    0x00, 0x02, 0xf5, 0x00, 0x00, 0x08, 0xa0, 0x00,
    0x9f, 0x20, 0x08, 0xf3, 0x3f, 0x80, 0x0d, 0xd0,
    0x0d, 0xd0, 0x3f, 0x70, 0x07, 0xf2, 0x8f, 0x10,
    0x01, 0xf7, 0xdb, 0x00, 0x00, 0xbd, 0xf5, 0x00,
    0x00, 0x5f, 0xf0, 0x00, 0x00, 0x2f, 0x90, 0x00,
    0x06, 0xbf, 0x20, 0x00, 0x1f, 0xe6, 0x00, 0x00,

    /* U+00FE "þ" */
    0x2f, 0x80, 0x00, 0x00, 0x2f, 0x80, 0x00, 0x00,
    0x2f, 0x9a, 0xfd, 0x40, 0x2f, 0xf8, 0x6e, 0xf1,
    0x2f, 0xb0, 0x05, 0xf6, 0x2f, 0x80, 0x02, 0xf8,
    0x2f, 0xb0, 0x05, 0xf6, 0x2f, 0xf8, 0x6e, 0xf1,
    0x2f, 0x9a, 0xfd, 0x40, 0x2f, 0x80, 0x00, 0x00,
    0x2f, 0x80, 0x00, 0x00, 0x2f, 0x80, 0x00, 0x00,

    /* U+00FF "ÿ" */
    0x03, 0xe3, 0x7d, 0x00, 0x01, 0x91, 0x48, 0x00,
    0x9f, 0x20, 0x08, 0xf3, 0x3f, 0x80, 0x0d, 0xd0,
    0x0d, 0xd0, 0x3f, 0x70, 0x07, 0xf2, 0x8f, 0x10,
    0x01, 0xf7, 0xdb, 0x00, 0x00, 0xbd, 0xf5, 0x00,
    0x00, 0x5f, 0xf0, 0x00, 0x00, 0x2f, 0x90, 0x00,
    0x06, 0xbf, 0x20, 0x00, 0x1f, 0xe6, 0x00, 0x00,

    /* U+0100 "Ā" */
    0x00, 0x1f, 0xff, 0x70, 0x00, 0x00, 0x02, 0x22,
    0x10, 0x00, 0x00, 0x00, 0x00, 0x00, 0x00, 0x00,
    0x09, 0xfe, 0x00, 0x00, 0x00, 0x0e, 0xdf, 0x50,
    0x00, 0x00, 0x4f, 0x5e, 0xb0, 0x00, 0x00, 0xaf,
    0x0a, 0xf1, 0x00, 0x01, 0xfc, 0x16, 0xf7, 0x00,
    0x06, 0xff, 0xff, 0xff, 0x00, 0x0c, 0xf5, 0x44,
    0xdf, 0x30, 0x2f, 0xb0, 0x00, 0x4f, 0x90, 0x8f,
    0x50, 0x00, 0x0e, 0xe0,

    /* U+0101 "ā" */
    0x02, 0xff, 0xf7, 0x00, 0x01, 0x11, 0x00, 0x04,
    0xcf, 0xe8, 0x01, 0xeb, 0x48, 0xf6, 0x00, 0x01,
    0x5f, 0x90, 0x9f, 0xfc, 0xf9, 0x6f, 0x50, 0x1f,
    0x96, 0xf7, 0x3a, 0xf9, 0x0a, 0xee, 0x6f, 0x90,

    /* U+0102 "Ă" */
    0x00, 0x4d, 0x07, 0xb0, 0x00, 0x00, 0x08, 0xec,
    0x10, 0x00, 0x00, 0x00, 0x00, 0x00, 0x00, 0x00,
    0x09, 0xfe, 0x00, 0x00, 0x00, 0x0e, 0xdf, 0x50,
    0x00, 0x00, 0x4f, 0x5e, 0xb0, 0x00, 0x00, 0xaf,
    0x0a, 0xf1, 0x00, 0x01, 0xfc, 0x16, 0xf7, 0x00,
    0x06, 0xff, 0xff, 0xff, 0x00, 0x0c, 0xf5, 0x44,
    0xdf, 0x30, 0x2f, 0xb0, 0x00, 0x4f, 0x90, 0x8f,
    0x50, 0x00, 0x0e, 0xe0,

    /* U+0103 "ă" */
    0x04, 0xa0, 0x68, 0x00, 0x09, 0xec, 0x20, 0x00,
    0x00, 0x00, 0x00, 0x4c, 0xfe, 0x80, 0x1e, 0xb4,
    0x8f, 0x60, 0x00, 0x15, 0xf9, 0x09, 0xff, 0xcf,
    0x96, 0xf5, 0x01, 0xf9, 0x6f, 0x73, 0xaf, 0x90,
    0xae, 0xe6, 0xf9,

    /* U+0104 "Ą" */
    0x00, 0x09, 0xfe, 0x00, 0x00, 0x00, 0x0e, 0xef,
    0x50, 0x00, 0x00, 0x4f, 0x5f, 0xb0, 0x00, 0x00,
    0xaf, 0x1a, 0xf1, 0x00, 0x01, 0xfb, 0x05, 0xf7,
    0x00, 0x06, 0xf7, 0x11, 0xfd, 0x00, 0x0c, 0xff,
    0xff, 0xff, 0x30, 0x2f, 0xe4, 0x44, 0x8f, 0x90,
    0x8f, 0x50, 0x00, 0x0e, 0xf0, 0x00, 0x00, 0x00,
    0x1e, 0x80, 0x00, 0x00, 0x00, 0x6f, 0x40, 0x00,
    0x00, 0x00, 0x2d, 0xf4,

    /* U+0105 "ą" */
    0x04, 0xcf, 0xe8, 0x01, 0xeb, 0x48, 0xf6, 0x00,
    0x01, 0x5f, 0x90, 0x9f, 0xfc, 0xf9, 0x6f, 0x50,
    0x1f, 0x96, 0xf7, 0x3a, 0xf9, 0x0a, 0xee, 0x6f,
    0xa0, 0x00, 0x08, 0xd1, 0x00, 0x00, 0xea, 0x10,
    0x00, 0x07, 0xfb,

    /* U+0106 "Ć" */
    0x00, 0x00, 0x0f, 0x70, 0x00, 0x00, 0x06, 0xb0,
    0x00, 0x00, 0x00, 0x00, 0x00, 0x00, 0x04, 0xbf,
    0xeb, 0x30, 0x05, 0xfe, 0x88, 0xef, 0x40, 0xee,
    0x10, 0x01, 0xec, 0x3f, 0x70, 0x00, 0x00, 0x05,
    0xf6, 0x00, 0x00, 0x00, 0x3f, 0x70, 0x00, 0x00,
    0x00, 0xee, 0x10, 0x01, 0xec, 0x05, 0xfe, 0x88,
    0xef, 0x30, 0x04, 0xbf, 0xeb, 0x30,

    /* U+0107 "ć" */
    0x00, 0x00, 0xd7, 0x00, 0x00, 0x07, 0xd0, 0x00,
    0x00, 0x00, 0x00, 0x00, 0x01, 0xbf, 0xea, 0x10,
    0x0d, 0xf6, 0x6f, 0xb0, 0x4f, 0x70, 0x04, 0x40,
    0x6f, 0x40, 0x00, 0x00, 0x4f, 0x70, 0x04, 0x40,
    0x0d, 0xf6, 0x6f, 0xb0, 0x02, 0xbf, 0xea, 0x10,

    /* U+0108 "Ĉ" */
    0x00, 0x05, 0xee, 0x40, 0x00, 0x01, 0x72, 0x27,
    0x00, 0x00, 0x00, 0x00, 0x00, 0x00, 0x04, 0xbf,
    0xeb, 0x30, 0x05, 0xfe, 0x88, 0xef, 0x40, 0xee,
    0x10, 0x01, 0xec, 0x3f, 0x70, 0x00, 0x00, 0x05,
    0xf6, 0x00, 0x00, 0x00, 0x3f, 0x70, 0x00, 0x00,
    0x00, 0xee, 0x10, 0x01, 0xec, 0x05, 0xfe, 0x88,
    0xef, 0x30, 0x04, 0xbf, 0xeb, 0x30,

    /* U+0109 "ĉ" */
    0x00, 0x3f, 0xe2, 0x00, 0x02, 0xe7, 0x8d, 0x10,
    0x00, 0x00, 0x00, 0x00, 0x01, 0xbf, 0xea, 0x10,
    0x0d, 0xf6, 0x6f, 0xb0, 0x4f, 0x70, 0x04, 0x40,
    0x6f, 0x40, 0x00, 0x00, 0x4f, 0x70, 0x04, 0x40,
    0x0d, 0xf6, 0x6f, 0xb0, 0x02, 0xbf, 0xea, 0x10,

    /* U+010A "Ċ" */
    0x00, 0x00, 0xcb, 0x00, 0x00, 0x00, 0x08, 0x80,
    0x00, 0x00, 0x00, 0x00, 0x00, 0x00, 0x04, 0xbf,
    0xeb, 0x30, 0x05, 0xfe, 0x88, 0xef, 0x40, 0xee,
    0x10, 0x01, 0xec, 0x3f, 0x70, 0x00, 0x00, 0x05,
    0xf6, 0x00, 0x00, 0x00, 0x3f, 0x70, 0x00, 0x00,
    0x00, 0xee, 0x10, 0x01, 0xec, 0x05, 0xfe, 0x88,
    0xef, 0x30, 0x04, 0xbf, 0xeb, 0x30,

    /* U+010B "ċ" */
    0x00, 0x0c, 0xb0, 0x00, 0x00, 0x08, 0x70, 0x00,
    0x01, 0xbf, 0xea, 0x10, 0x0d, 0xf6, 0x6f, 0xb0,
    0x4f, 0x70, 0x04, 0x40, 0x6f, 0x40, 0x00, 0x00,
    0x4f, 0x70, 0x04, 0x40, 0x0d, 0xf6, 0x6f, 0xb0,
    0x02, 0xbf, 0xea, 0x10,

    /* U+010C "Č" */
    0x00, 0x1e, 0x77, 0xe1, 0x00, 0x00, 0x3e, 0xe2,
    0x00, 0x00, 0x00, 0x00, 0x00, 0x00, 0x04, 0xbf,
    0xeb, 0x40, 0x05, 0xfe, 0x88, 0xdf, 0x50, 0xee,
    0x10, 0x00, 0xca, 0x3f, 0x70, 0x00, 0x00, 0x05,
    0xf6, 0x00, 0x00, 0x00, 0x3f, 0x70, 0x00, 0x01,
    0x20, 0xee, 0x10, 0x01, 0xfb, 0x05, 0xfe, 0x88,
    0xef, 0x30, 0x04, 0xbf, 0xeb, 0x30,

    /* U+010D "č" */
    0x01, 0xe6, 0x8d, 0x10, 0x00, 0x3e, 0xe2, 0x00,
    0x00, 0x00, 0x00, 0x00, 0x01, 0xbf, 0xea, 0x10,
    0x0d, 0xf6, 0x6f, 0xb0, 0x4f, 0x70, 0x04, 0x40,
    0x6f, 0x40, 0x00, 0x00, 0x4f, 0x70, 0x04, 0x40,
    0x0d, 0xf6, 0x6f, 0xb0, 0x02, 0xbf, 0xea, 0x10,

    /* U+010E "Ď" */
    0x02, 0xe5, 0x9c, 0x00, 0x00, 0x04, 0xfe, 0x10,
    0x00, 0x00, 0x00, 0x00, 0x00, 0x00, 0xff, 0xff,
    0xd7, 0x00, 0x0f, 0xf7, 0x7b, 0xfb, 0x00, 0xfa,
    0x00, 0x08, 0xf5, 0x0f, 0xa0, 0x00, 0x1f, 0x90,
    0xfa, 0x00, 0x00, 0xfb, 0x0f, 0xa0, 0x00, 0x1f,
    0x90, 0xfa, 0x00, 0x08, 0xf5, 0x0f, 0xf6, 0x7b,
    0xfb, 0x00, 0xff, 0xff, 0xd7, 0x00,

    /* U+010F "ď" */
    0x00, 0x00, 0x00, 0x00, 0xf5, 0x00, 0x00, 0x06,
    0xf4, 0xf3, 0x00, 0x00, 0x06, 0xf4, 0x50, 0x03,
    0xcf, 0xb7, 0xf4, 0x00, 0x0e, 0xf6, 0x7f, 0xf4,
    0x00, 0x5f, 0x70, 0x09, 0xf4, 0x00, 0x6f, 0x40,
    0x06, 0xf4, 0x00, 0x5f, 0x70, 0x09, 0xf4, 0x00,
    0x0e, 0xf6, 0x7f, 0xf4, 0x00, 0x03, 0xcf, 0xb7,
    0xf4, 0x00,

    /* U+0110 "Đ" */
    0x0a, 0xff, 0xfe, 0xa2, 0x00, 0x0a, 0xf7, 0x79,
    0xff, 0x20, 0x0a, 0xf0, 0x00, 0x2f, 0xb0, 0x0a,
    0xf0, 0x00, 0x0b, 0xf0, 0xdf, 0xff, 0xf3, 0x09,
    0xf1, 0x2d, 0xf3, 0x20, 0x0b, 0xf0, 0x0a, 0xf0,
    0x00, 0x2f, 0xb0, 0x0a, 0xf7, 0x69, 0xff, 0x20,
    0x0a, 0xff, 0xfe, 0xa2, 0x00,

    /* U+0111 "đ" */
    0x00, 0x04, 0xef, 0xff, 0x10, 0x00, 0x01, 0x8f,
    0x50, 0x03, 0xcf, 0xb7, 0xf4, 0x00, 0xef, 0x67,
    0xff, 0x40, 0x5f, 0x70, 0x09, 0xf4, 0x06, 0xf4,
    0x00, 0x6f, 0x40, 0x5f, 0x70, 0x09, 0xf4, 0x00,
    0xef, 0x67, 0xff, 0x40, 0x03, 0xcf, 0xb7, 0xf4,
    0x00,

    /* U+0112 "Ē" */
    0x00, 0xbf, 0xfc, 0x00, 0x00, 0x12, 0x21, 0x00,
    0x00, 0x00, 0x00, 0x00, 0x0f, 0xff, 0xff, 0xf1,
    0x0f, 0xc6, 0x66, 0x60, 0x0f, 0xa0, 0x00, 0x00,
    0x0f, 0xa1, 0x11, 0x00, 0x0f, 0xff, 0xff, 0xc0,
    0x0f, 0xb4, 0x44, 0x30, 0x0f, 0xa0, 0x00, 0x00,
    0x0f, 0xc6, 0x66, 0x60, 0x0f, 0xff, 0xff, 0xf2,

    /* U+0113 "ē" */
    0x00, 0xff, 0xfb, 0x00, 0x00, 0x11, 0x10, 0x00,
    0x01, 0xbf, 0xe8, 0x00, 0x0d, 0xe6, 0x6f, 0x90,
    0x4f, 0x50, 0x09, 0xf0, 0x6f, 0xff, 0xff, 0xf2,
    0x4f, 0x72, 0x22, 0x20, 0x0d, 0xe6, 0x5d, 0xb0,
    0x02, 0xbf, 0xeb, 0x20,

    /* U+0114 "Ĕ" */
    0x00, 0xe3, 0x2f, 0x00, 0x00, 0x4d, 0xe5, 0x00,
    0x00, 0x00, 0x00, 0x00, 0x0f, 0xff, 0xff, 0xf1,
    0x0f, 0xc6, 0x66, 0x60, 0x0f, 0xa0, 0x00, 0x00,
    0x0f, 0xa1, 0x11, 0x00, 0x0f, 0xff, 0xff, 0xc0,
    0x0f, 0xb4, 0x44, 0x30, 0x0f, 0xa0, 0x00, 0x00,
    0x0f, 0xc6, 0x66, 0x60, 0x0f, 0xff, 0xff, 0xf2,

    /* U+0115 "ĕ" */
    0x01, 0xe1, 0x4d, 0x00, 0x00, 0x6e, 0xd3, 0x00,
    0x00, 0x00, 0x00, 0x00, 0x01, 0xbf, 0xe8, 0x00,
    0x0d, 0xe6, 0x6f, 0x90, 0x4f, 0x50, 0x09, 0xf0,
    0x6f, 0xff, 0xff, 0xf2, 0x4f, 0x72, 0x22, 0x20,
    0x0d, 0xe6, 0x5d, 0xb0, 0x02, 0xbf, 0xeb, 0x20,

    /* U+0116 "Ė" */
    0x00, 0x0b, 0xc0, 0x00, 0x00, 0x07, 0x80, 0x00,
    0x00, 0x00, 0x00, 0x00, 0x0f, 0xff, 0xff, 0xf1,
    0x0f, 0xc6, 0x66, 0x60, 0x0f, 0xa0, 0x00, 0x00,
    0x0f, 0xa1, 0x11, 0x00, 0x0f, 0xff, 0xff, 0xc0,
    0x0f, 0xb4, 0x44, 0x30, 0x0f, 0xa0, 0x00, 0x00,
    0x0f, 0xc6, 0x66, 0x60, 0x0f, 0xff, 0xff, 0xf2,

    /* U+0117 "ė" */
    0x00, 0x0d, 0xa0, 0x00, 0x00, 0x09, 0x60, 0x00,
    0x01, 0xbf, 0xe8, 0x00, 0x0d, 0xe6, 0x6f, 0x90,
    0x4f, 0x50, 0x09, 0xf0, 0x6f, 0xff, 0xff, 0xf2,
    0x4f, 0x72, 0x22, 0x20, 0x0d, 0xe6, 0x5d, 0xb0,
    0x02, 0xbf, 0xeb, 0x20,

    /* U+0118 "Ę" */
    0x0f, 0xff, 0xff, 0xf1, 0x0f, 0xc6, 0x66, 0x60,
    0x0f, 0xa0, 0x00, 0x00, 0x0f, 0xa1, 0x11, 0x00,
    0x0f, 0xff, 0xff, 0xc0, 0x0f, 0xb4, 0x44, 0x30,
    0x0f, 0xa0, 0x00, 0x00, 0x0f, 0xc6, 0x66, 0x60,
    0x0f, 0xff, 0xff, 0xf2, 0x00, 0x00, 0x1e, 0x80,
    0x00, 0x00, 0x5f, 0x30, 0x00, 0x00, 0x1d, 0xf4,

    /* U+0119 "ę" */
    0x01, 0xbf, 0xe8, 0x00, 0x0d, 0xe6, 0x6f, 0x90,
    0x4f, 0x50, 0x09, 0xf0, 0x6f, 0xff, 0xff, 0xf2,
    0x4f, 0x72, 0x22, 0x20, 0x0d, 0xe6, 0x5d, 0xf0,
    0x02, 0xbf, 0xff, 0xa0, 0x00, 0x00, 0x7e, 0x00,
    0x00, 0x00, 0xdb, 0x10, 0x00, 0x00, 0x7f, 0xc0,

    /* U+011A "Ě" */
    0x01, 0xd8, 0x7e, 0x20, 0x00, 0x2e, 0xe3, 0x00,
    0x00, 0x00, 0x00, 0x00, 0x0f, 0xff, 0xff, 0xf1,
    0x0f, 0xc6, 0x66, 0x60, 0x0f, 0xa0, 0x00, 0x00,
    0x0f, 0xa1, 0x11, 0x00, 0x0f, 0xff, 0xff, 0xc0,
    0x0f, 0xb4, 0x44, 0x30, 0x0f, 0xa0, 0x00, 0x00,
    0x0f, 0xc6, 0x66, 0x60, 0x0f, 0xff, 0xff, 0xf2,

    /* U+011B "ě" */
    0x02, 0xe5, 0x9c, 0x00, 0x00, 0x4f, 0xe1, 0x00,
    0x00, 0x00, 0x00, 0x00, 0x01, 0xbf, 0xe8, 0x00,
    0x0d, 0xe6, 0x6f, 0x90, 0x4f, 0x50, 0x09, 0xf0,
    0x6f, 0xff, 0xff, 0xf2, 0x4f, 0x72, 0x22, 0x20,
    0x0d, 0xe6, 0x5d, 0xb0, 0x02, 0xbf, 0xeb, 0x20,

    /* U+011C "Ĝ" */
    0x00, 0x05, 0xee, 0x40, 0x00, 0x00, 0x17, 0x23,
    0x70, 0x00, 0x00, 0x00, 0x00, 0x00, 0x00, 0x00,
    0x4b, 0xfe, 0xb4, 0x00, 0x05, 0xfe, 0x88, 0xdf,
    0x50, 0x0e, 0xe1, 0x00, 0x0b, 0x90, 0x3f, 0x70,
    0x00, 0x00, 0x00, 0x5f, 0x60, 0x0c, 0xff, 0xf0,
    0x3f, 0x80, 0x02, 0x3b, 0xf0, 0x0e, 0xe1, 0x00,
    0x1e, 0xc0, 0x05, 0xfe, 0x88, 0xef, 0x40, 0x00,
    0x4b, 0xff, 0xc4, 0x00,

    /* U+011D "ĝ" */
    0x00, 0x07, 0x60, 0x00, 0x00, 0x9c, 0xd7, 0x00,
    0x02, 0x81, 0x27, 0x00, 0x02, 0xcf, 0xb7, 0xf4,
    0x0e, 0xf6, 0x7f, 0xf4, 0x4f, 0x70, 0x09, 0xf4,
    0x6f, 0x40, 0x06, 0xf4, 0x5f, 0x60, 0x08, 0xf4,
    0x1e, 0xe5, 0x6f, 0xf4, 0x03, 0xdf, 0xc7, 0xf4,
    0x00, 0x00, 0x06, 0xf3, 0x0d, 0xc4, 0x5d, 0xe0,
    0x03, 0xbe, 0xfb, 0x20,

    /* U+011E "Ğ" */
    0x00, 0x0f, 0x23, 0xe0, 0x00, 0x00, 0x05, 0xed,
    0x40, 0x00, 0x00, 0x00, 0x00, 0x00, 0x00, 0x00,
    0x4b, 0xfe, 0xb4, 0x00, 0x05, 0xfe, 0x88, 0xdf,
    0x50, 0x0e, 0xe1, 0x00, 0x0b, 0x90, 0x3f, 0x70,
    0x00, 0x00, 0x00, 0x5f, 0x60, 0x0c, 0xff, 0xf0,
    0x3f, 0x80, 0x02, 0x3b, 0xf0, 0x0e, 0xe1, 0x00,
    0x1e, 0xc0, 0x05, 0xfe, 0x88, 0xef, 0x40, 0x00,
    0x4b, 0xff, 0xc4, 0x00,

    /* U+011F "ğ" */
    0x00, 0x60, 0x16, 0x00, 0x00, 0x8e, 0xd6, 0x00,
    0x00, 0x00, 0x00, 0x00, 0x02, 0xcf, 0xb7, 0xf4,
    0x0e, 0xf6, 0x7f, 0xf4, 0x4f, 0x70, 0x09, 0xf4,
    0x6f, 0x40, 0x06, 0xf4, 0x5f, 0x60, 0x08, 0xf4,
    0x1e, 0xe5, 0x6f, 0xf4, 0x03, 0xdf, 0xc8, 0xf4,
    0x00, 0x00, 0x06, 0xf3, 0x0d, 0xc4, 0x5d, 0xe0,
    0x03, 0xbe, 0xfb, 0x20,

    /* U+0120 "Ġ" */
    0x00, 0x00, 0xcb, 0x00, 0x00, 0x00, 0x00, 0x87,
    0x00, 0x00, 0x00, 0x00, 0x00, 0x00, 0x00, 0x00,
    0x4b, 0xfe, 0xb4, 0x00, 0x05, 0xfe, 0x88, 0xdf,
    0x50, 0x0e, 0xe1, 0x00, 0x0b, 0x90, 0x3f, 0x70,
    0x00, 0x00, 0x00, 0x5f, 0x60, 0x0c, 0xff, 0xf0,
    0x3f, 0x80, 0x02, 0x3b, 0xf0, 0x0e, 0xe1, 0x00,
    0x1e, 0xc0, 0x05, 0xfe, 0x88, 0xef, 0x40, 0x00,
    0x4b, 0xff, 0xc4, 0x00,

    /* U+0121 "ġ" */
    0x00, 0x0d, 0xb0, 0x00, 0x00, 0x08, 0x70, 0x00,
    0x02, 0xcf, 0xb7, 0xf4, 0x0e, 0xf6, 0x7f, 0xf4,
    0x4f, 0x70, 0x09, 0xf4, 0x6f, 0x40, 0x06, 0xf4,
    0x5f, 0x60, 0x08, 0xf4, 0x1e, 0xe5, 0x6f, 0xf4,
    0x03, 0xdf, 0xc7, 0xf4, 0x00, 0x00, 0x06, 0xf3,
    0x0d, 0xc4, 0x5d, 0xe0, 0x03, 0xbe, 0xfb, 0x20,

    /* U+0122 "Ģ" */
    0x00, 0x4b, 0xfe, 0xb4, 0x00, 0x05, 0xfe, 0x88,
    0xdf, 0x50, 0x0e, 0xe1, 0x00, 0x0b, 0x90, 0x3f,
    0x70, 0x00, 0x00, 0x00, 0x5f, 0x60, 0x0c, 0xff,
    0xf0, 0x3f, 0x80, 0x02, 0x3b, 0xf0, 0x0e, 0xe1,
    0x00, 0x1e, 0xc0, 0x05, 0xfe, 0x88, 0xef, 0x40,
    0x00, 0x4b, 0xff, 0xc4, 0x00, 0x00, 0x00, 0x32,
    0x00, 0x00, 0x00, 0x00, 0xf6, 0x00, 0x00, 0x00,
    0x04, 0xf0, 0x00, 0x00,

    /* U+0123 "ģ" */
    0x00, 0x00, 0x10, 0x00, 0x00, 0x05, 0xd0, 0x00,
    0x00, 0x0a, 0x90, 0x00, 0x00, 0x05, 0x40, 0x00,
    0x02, 0xcf, 0xb7, 0xf4, 0x0e, 0xf6, 0x7f, 0xf4,
    0x4f, 0x70, 0x09, 0xf4, 0x6f, 0x40, 0x06, 0xf4,
    0x5f, 0x60, 0x08, 0xf4, 0x1e, 0xe5, 0x6f, 0xf4,
    0x03, 0xdf, 0xc7, 0xf4, 0x00, 0x00, 0x06, 0xf3,
    0x0d, 0xc4, 0x5d, 0xe0, 0x03, 0xbe, 0xfb, 0x20,

    /* U+0124 "Ĥ" */
    0x00, 0x04, 0xfd, 0x10, 0x00, 0x03, 0xf5, 0xac,
    0x00, 0x00, 0x00, 0x00, 0x00, 0x00, 0xfa, 0x00,
    0x00, 0xfb, 0x0f, 0xa0, 0x00, 0x0f, 0xb0, 0xfa,
    0x00, 0x00, 0xfb, 0x0f, 0xa1, 0x11, 0x1f, 0xb0,
    0xff, 0xff, 0xff, 0xfb, 0x0f, 0xb4, 0x44, 0x4f,
    0xb0, 0xfa, 0x00, 0x00, 0xfb, 0x0f, 0xa0, 0x00,
    0x0f, 0xb0, 0xfa, 0x00, 0x00, 0xfb,

    /* U+0125 "ĥ" */
    0x06, 0xfb, 0x00, 0x00, 0x05, 0xf3, 0xca, 0x00,
    0x00, 0x00, 0x00, 0x00, 0x00, 0x00, 0x2f, 0x80,
    0x00, 0x00, 0x02, 0xf8, 0x00, 0x00, 0x00, 0x2f,
    0x8a, 0xfd, 0x30, 0x02, 0xff, 0x87, 0xfe, 0x00,
    0x2f, 0xa0, 0x0a, 0xf0, 0x02, 0xf8, 0x00, 0x9f,
    0x10, 0x2f, 0x80, 0x09, 0xf1, 0x02, 0xf8, 0x00,
    0x9f, 0x10, 0x2f, 0x80, 0x09, 0xf1,

    /* U+0126 "Ħ" */
    0x0b, 0xf0, 0x00, 0x09, 0xf1, 0x6f, 0xfe, 0xee,
    0xef, 0xfd, 0x0c, 0xf1, 0x11, 0x1b, 0xf2, 0x0b,
    0xf1, 0x11, 0x1a, 0xf1, 0x0b, 0xff, 0xff, 0xff,
    0xf1, 0x0b, 0xf4, 0x44, 0x4b, 0xf1, 0x0b, 0xf0,
    0x00, 0x09, 0xf1, 0x0b, 0xf0, 0x00, 0x09, 0xf1,
    0x0b, 0xf0, 0x00, 0x09, 0xf1,

    /* U+0127 "ħ" */
    0x0f, 0xff, 0xe5, 0x00, 0x00, 0x3f, 0x91, 0x00,
    0x00, 0x02, 0xf8, 0xaf, 0xd3, 0x00, 0x2f, 0xf8,
    0x7f, 0xe0, 0x02, 0xfa, 0x00, 0xaf, 0x00, 0x2f,
    0x80, 0x09, 0xf1, 0x02, 0xf8, 0x00, 0x9f, 0x10,
    0x2f, 0x80, 0x09, 0xf1, 0x02, 0xf8, 0x00, 0x9f,
    0x10,

    /* U+0128 "Ĩ" */
    0x0c, 0xb3, 0xc3, 0xc4, 0xe6, 0x00, 0x00, 0x00,
    0x0f, 0xa0, 0x00, 0xfa, 0x00, 0x0f, 0xa0, 0x00,
    0xfa, 0x00, 0x0f, 0xa0, 0x00, 0xfa, 0x00, 0x0f,
    0xa0, 0x00, 0xfa, 0x00, 0x0f, 0xa0,

    /* U+0129 "ĩ" */
    0x3d, 0xfe, 0x70, 0x00, 0x00, 0x02, 0xf8, 0x00,
    0x2f, 0x80, 0x02, 0xf8, 0x00, 0x2f, 0x80, 0x02,
    0xf8, 0x00, 0x2f, 0x80, 0x02, 0xf8, 0x00,

    /* U+012A "Ī" */
    0x0f, 0xff, 0x90, 0x22, 0x21, 0x00, 0x00, 0x00,
    0x0f, 0xa0, 0x00, 0xfa, 0x00, 0x0f, 0xa0, 0x00,
    0xfa, 0x00, 0x0f, 0xa0, 0x00, 0xfa, 0x00, 0x0f,
    0xa0, 0x00, 0xfa, 0x00, 0x0f, 0xa0,

    /* U+012B "ī" */
    0x1f, 0xff, 0x80, 0x11, 0x10, 0x02, 0xf8, 0x00,
    0x2f, 0x80, 0x02, 0xf8, 0x00, 0x2f, 0x80, 0x02,
    0xf8, 0x00, 0x2f, 0x80, 0x02, 0xf8, 0x00,

    /* U+012C "Ĭ" */
    0x2e, 0x15, 0xc0, 0x7e, 0xd2, 0x00, 0x00, 0x00,
    0x0f, 0xa0, 0x00, 0xfa, 0x00, 0x0f, 0xa0, 0x00,
    0xfa, 0x00, 0x0f, 0xa0, 0x00, 0xfa, 0x00, 0x0f,
    0xa0, 0x00, 0xfa, 0x00, 0x0f, 0xa0,

    /* U+012D "ĭ" */
    0x26, 0x03, 0x50, 0xae, 0xc3, 0x00, 0x00, 0x00,
    0x2f, 0x80, 0x02, 0xf8, 0x00, 0x2f, 0x80, 0x02,
    0xf8, 0x00, 0x2f, 0x80, 0x02, 0xf8, 0x00, 0x2f,
    0x80,

    /* U+012E "Į" */
    0x0f, 0xa0, 0xfa, 0x0f, 0xa0, 0xfa, 0x0f, 0xa0,
    0xfa, 0x0f, 0xa0, 0xfa, 0x0f, 0xa7, 0xe2, 0xdb,
    0x17, 0xfc,

    /* U+012F "į" */
    0x01, 0xe7, 0x01, 0xa4, 0x02, 0xf8, 0x02, 0xf8,
    0x02, 0xf8, 0x02, 0xf8, 0x02, 0xf8, 0x02, 0xf8,
    0x02, 0xf8, 0x09, 0xd1, 0x0f, 0x91, 0x09, 0xfa,

    /* U+0130 "İ" */
    0x1e, 0x90, 0xa6, 0x00, 0x00, 0xfa, 0x0f, 0xa0,
    0xfa, 0x0f, 0xa0, 0xfa, 0x0f, 0xa0, 0xfa, 0x0f,
    0xa0, 0xfa,

    /* U+0131 "ı" */
    0x2f, 0x82, 0xf8, 0x2f, 0x82, 0xf8, 0x2f, 0x82,
    0xf8, 0x2f, 0x80,

    /* U+0132 "Ĳ" */
    0x0f, 0xa0, 0x00, 0x00, 0x8f, 0x30, 0xfa, 0x00,
    0x00, 0x08, 0xf3, 0x0f, 0xa0, 0x00, 0x00, 0x8f,
    0x30, 0xfa, 0x00, 0x00, 0x08, 0xf3, 0x0f, 0xa0,
    0x00, 0x00, 0x8f, 0x30, 0xfa, 0x02, 0x20, 0x08,
    0xf3, 0x0f, 0xa0, 0xdd, 0x00, 0x8f, 0x20, 0xfa,
    0x09, 0xf6, 0x5e, 0xd0, 0x0f, 0xa0, 0x09, 0xef,
    0xb2, 0x00,

    /* U+0133 "ĳ" */
    0x1e, 0x70, 0xad, 0x01, 0xa4, 0x07, 0x90, 0x2f,
    0x80, 0xbe, 0x02, 0xf8, 0x0b, 0xe0, 0x2f, 0x80,
    0xbe, 0x02, 0xf8, 0x0b, 0xe0, 0x2f, 0x80, 0xbe,
    0x02, 0xf8, 0x0b, 0xe0, 0x2f, 0x80, 0xbe, 0x00,
    0x00, 0x0b, 0xe0, 0x00, 0x04, 0xfc, 0x00, 0x00,
    0xdc, 0x30,

    /* U+0134 "Ĵ" */
    0x00, 0x00, 0x8d, 0xd2, 0x00, 0x00, 0x37, 0x14,
    0x60, 0x00, 0x00, 0x00, 0x00, 0x00, 0x00, 0x01,
    0xf9, 0x00, 0x00, 0x00, 0x1f, 0x90, 0x00, 0x00,
    0x01, 0xf9, 0x00, 0x00, 0x00, 0x1f, 0x90, 0x00,
    0x00, 0x01, 0xf9, 0x00, 0x24, 0x00, 0x1f, 0x90,
    0x07, 0xf3, 0x02, 0xf8, 0x00, 0x3f, 0xc6, 0xbf,
    0x40, 0x00, 0x5d, 0xfd, 0x60, 0x00,

    /* U+0135 "ĵ" */
    0x01, 0x74, 0x00, 0x0c, 0xbf, 0x40, 0x47, 0x04,
    0x60, 0x02, 0xf8, 0x00, 0x02, 0xf8, 0x00, 0x02,
    0xf8, 0x00, 0x02, 0xf8, 0x00, 0x02, 0xf8, 0x00,
    0x02, 0xf8, 0x00, 0x02, 0xf8, 0x00, 0x02, 0xf8,
    0x00, 0x19, 0xf6, 0x00, 0x4e, 0xa0, 0x00,

    /* U+0136 "Ķ" */
    0x0f, 0xa0, 0x00, 0xcf, 0x40, 0xfa, 0x00, 0xbf,
    0x50, 0x0f, 0xa0, 0xaf, 0x60, 0x00, 0xfa, 0x8f,
    0x80, 0x00, 0x0f, 0xef, 0xf8, 0x00, 0x00, 0xff,
    0x6a, 0xf4, 0x00, 0x0f, 0xe0, 0x1e, 0xe1, 0x00,
    0xfa, 0x00, 0x4f, 0xb0, 0x0f, 0xa0, 0x00, 0x8f,
    0x60, 0x00, 0x04, 0x10, 0x00, 0x00, 0x06, 0xf1,
    0x00, 0x00, 0x00, 0xaa, 0x00, 0x00,

    /* U+0137 "ķ" */
    0x2f, 0x80, 0x00, 0x00, 0x2f, 0x80, 0x00, 0x00,
    0x2f, 0x80, 0x4f, 0xa0, 0x2f, 0x83, 0xfc, 0x00,
    0x2f, 0xae, 0xe1, 0x00, 0x2f, 0xff, 0xd0, 0x00,
    0x2f, 0xd8, 0xf7, 0x00, 0x2f, 0x80, 0xcf, 0x30,
    0x2f, 0x80, 0x1e, 0xd1, 0x00, 0x03, 0x20, 0x00,
    0x00, 0x2f, 0x40, 0x00, 0x00, 0x6d, 0x00, 0x00,

    /* U+0138 "ĸ" */
    0x2f, 0x80, 0x2f, 0xd0, 0x2f, 0x80, 0xcf, 0x20,
    0x2f, 0x88, 0xf5, 0x00, 0x2f, 0xff, 0xe0, 0x00,
    0x2f, 0xbd, 0xf3, 0x00, 0x2f, 0x80, 0xde, 0x10,
    0x2f, 0x80, 0x3f, 0xc0,

    /* U+0139 "Ĺ" */
    0x03, 0xf4, 0x00, 0x00, 0x99, 0x00, 0x00, 0x00,
    0x00, 0x00, 0x00, 0xfa, 0x00, 0x00, 0x0f, 0xa0,
    0x00, 0x00, 0xfa, 0x00, 0x00, 0x0f, 0xa0, 0x00,
    0x00, 0xfa, 0x00, 0x00, 0x0f, 0xa0, 0x00, 0x00,
    0xfa, 0x00, 0x00, 0x0f, 0xc6, 0x66, 0x50, 0xff,
    0xff, 0xfd,

    /* U+013A "ĺ" */
    0x04, 0xf3, 0x0a, 0x80, 0x00, 0x00, 0x2f, 0x80,
    0x2f, 0x80, 0x2f, 0x80, 0x2f, 0x80, 0x2f, 0x80,
    0x2f, 0x80, 0x2f, 0x80, 0x2f, 0x80, 0x2f, 0x80,

    /* U+013B "Ļ" */
    0x0f, 0xa0, 0x00, 0x00, 0xfa, 0x00, 0x00, 0x0f,
    0xa0, 0x00, 0x00, 0xfa, 0x00, 0x00, 0x0f, 0xa0,
    0x00, 0x00, 0xfa, 0x00, 0x00, 0x0f, 0xa0, 0x00,
    0x00, 0xfc, 0x66, 0x65, 0x0f, 0xff, 0xff, 0xd0,
    0x00, 0x32, 0x00, 0x00, 0x1f, 0x50, 0x00, 0x05,
    0xe0, 0x00,

    /* U+013C "ļ" */
    0x2f, 0x82, 0xf8, 0x2f, 0x82, 0xf8, 0x2f, 0x82,
    0xf8, 0x2f, 0x82, 0xf8, 0x2f, 0x80, 0x41, 0x4f,
    0x28, 0xc0,

    /* U+013D "Ľ" */
    0x00, 0x00, 0x52, 0x00, 0xfa, 0x0e, 0x50, 0x0f,
    0xa0, 0xe3, 0x00, 0xfa, 0x00, 0x00, 0x0f, 0xa0,
    0x00, 0x00, 0xfa, 0x00, 0x00, 0x0f, 0xa0, 0x00,
    0x00, 0xfa, 0x00, 0x00, 0x0f, 0xc6, 0x66, 0x50,
    0xff, 0xff, 0xfd,

    /* U+013E "ľ" */
    0x00, 0x03, 0x32, 0xf8, 0xa9, 0x2f, 0x8a, 0x72,
    0xf8, 0x00, 0x2f, 0x80, 0x02, 0xf8, 0x00, 0x2f,
    0x80, 0x02, 0xf8, 0x00, 0x2f, 0x80, 0x02, 0xf8,
    0x00,

    /* U+013F "Ŀ" */
    0x0f, 0xa0, 0x00, 0x00, 0xfa, 0x00, 0x00, 0x0f,
    0xa0, 0x00, 0x00, 0xfa, 0x2e, 0x70, 0x0f, 0xa1,
    0xa4, 0x00, 0xfa, 0x00, 0x00, 0x0f, 0xa0, 0x00,
    0x00, 0xfc, 0x66, 0x65, 0x0f, 0xff, 0xff, 0xd0,

    /* U+0140 "ŀ" */
    0x2f, 0x80, 0x00, 0x2f, 0x80, 0x00, 0x2f, 0x80,
    0x00, 0x2f, 0x86, 0xe3, 0x2f, 0x87, 0xe3, 0x2f,
    0x80, 0x00, 0x2f, 0x80, 0x00, 0x2f, 0x80, 0x00,
    0x2f, 0x80, 0x00,

    /* U+0141 "Ł" */
    0x09, 0xf1, 0x00, 0x00, 0x09, 0xf1, 0x00, 0x00,
    0x09, 0xf2, 0x85, 0x00, 0x09, 0xff, 0xe3, 0x00,
    0x4f, 0xf9, 0x00, 0x00, 0xcf, 0xf1, 0x00, 0x00,
    0x19, 0xf1, 0x00, 0x00, 0x09, 0xf7, 0x66, 0x61,
    0x09, 0xff, 0xff, 0xf4,

    /* U+0142 "ł" */
    0x02, 0xf8, 0x00, 0x2f, 0x80, 0x02, 0xfc, 0x50,
    0x4f, 0xf4, 0x1f, 0xf9, 0x00, 0x3f, 0x80, 0x02,
    0xf8, 0x00, 0x2f, 0x80, 0x02, 0xf8, 0x00,

    /* U+0143 "Ń" */
    0x00, 0x00, 0x1f, 0x70, 0x00, 0x00, 0x06, 0xb0,
    0x00, 0x00, 0x00, 0x00, 0x00, 0x00, 0xff, 0x30,
    0x00, 0xce, 0x0f, 0xfd, 0x00, 0x0c, 0xe0, 0xfb,
    0xf7, 0x00, 0xce, 0x0f, 0xa8, 0xf2, 0x0c, 0xe0,
    0xfa, 0x0d, 0xc0, 0xce, 0x0f, 0xa0, 0x4f, 0x6c,
    0xe0, 0xfa, 0x00, 0x9e, 0xce, 0x0f, 0xa0, 0x01,
    0xef, 0xe0, 0xfa, 0x00, 0x05, 0xfe,

    /* U+0144 "ń" */
    0x00, 0x00, 0xd7, 0x00, 0x00, 0x06, 0xd0, 0x00,
    0x00, 0x00, 0x00, 0x00, 0x2f, 0x8b, 0xfd, 0x30,
    0x2f, 0xe7, 0x6f, 0xd0, 0x2f, 0x90, 0x0a, 0xf0,
    0x2f, 0x80, 0x09, 0xf1, 0x2f, 0x80, 0x09, 0xf1,
    0x2f, 0x80, 0x09, 0xf1, 0x2f, 0x80, 0x09, 0xf1,

    /* U+0145 "Ņ" */
    0x0f, 0xf3, 0x00, 0x0c, 0xe0, 0xff, 0xd0, 0x00,
    0xce, 0x0f, 0xbf, 0x70, 0x0c, 0xe0, 0xfa, 0x8f,
    0x20, 0xce, 0x0f, 0xa0, 0xdc, 0x0c, 0xe0, 0xfa,
    0x04, 0xf6, 0xce, 0x0f, 0xa0, 0x09, 0xec, 0xe0,
    0xfa, 0x00, 0x1e, 0xfe, 0x0f, 0xa0, 0x00, 0x5f,
    0xe0, 0x00, 0x03, 0x20, 0x00, 0x00, 0x00, 0xf6,
    0x00, 0x00, 0x00, 0x4f, 0x00, 0x00,

    /* U+0146 "ņ" */
    0x2f, 0x8b, 0xfd, 0x30, 0x2f, 0xe7, 0x6f, 0xd0,
    0x2f, 0x90, 0x0a, 0xf0, 0x2f, 0x80, 0x09, 0xf1,
    0x2f, 0x80, 0x09, 0xf1, 0x2f, 0x80, 0x09, 0xf1,
    0x2f, 0x80, 0x09, 0xf1, 0x00, 0x03, 0x20, 0x00,
    0x00, 0x0f, 0x70, 0x00, 0x00, 0x3f, 0x10, 0x00,

    /* U+0147 "Ň" */
    0x00, 0x1e, 0x68, 0xd1, 0x00, 0x00, 0x3f, 0xe2,
    0x00, 0x00, 0x00, 0x00, 0x00, 0x00, 0xff, 0x30,
    0x00, 0xce, 0x0f, 0xfd, 0x00, 0x0c, 0xe0, 0xfb,
    0xf7, 0x00, 0xce, 0x0f, 0xa8, 0xf2, 0x0c, 0xe0,
    0xfa, 0x0d, 0xc0, 0xce, 0x0f, 0xa0, 0x4f, 0x6c,
    0xe0, 0xfa, 0x00, 0x9e, 0xce, 0x0f, 0xa0, 0x01,
    0xef, 0xe0, 0xfa, 0x00, 0x05, 0xfe,

    /* U+0148 "ň" */
    0x01, 0xa3, 0x4a, 0x10, 0x00, 0x4e, 0xe4, 0x00,
    0x00, 0x00, 0x00, 0x00, 0x2f, 0x8b, 0xfd, 0x30,
    0x2f, 0xe7, 0x6f, 0xd0, 0x2f, 0x90, 0x0a, 0xf0,
    0x2f, 0x80, 0x09, 0xf1, 0x2f, 0x80, 0x09, 0xf1,
    0x2f, 0x80, 0x09, 0xf1, 0x2f, 0x80, 0x09, 0xf1,

    /* U+014A "Ŋ" */
    0x0f, 0xf3, 0x00, 0x0c, 0xe0, 0xff, 0xd0, 0x00,
    0xce, 0x0f, 0xbf, 0x70, 0x0c, 0xe0, 0xfa, 0x8f,
    0x20, 0xce, 0x0f, 0xa0, 0xdc, 0x0c, 0xe0, 0xfa,
    0x04, 0xf6, 0xce, 0x0f, 0xa0, 0x09, 0xec, 0xe0,
    0xfa, 0x00, 0x1e, 0xfe, 0x0f, 0xa0, 0x00, 0x5f,
    0xf0, 0x00, 0x00, 0x00, 0xbf, 0x00, 0x00, 0x00,
    0x5e, 0xe0, 0x00, 0x00, 0x0f, 0xe5,

    /* U+014B "ŋ" */
    0x2f, 0x8b, 0xfd, 0x30, 0x2f, 0xe7, 0x6f, 0xd0,
    0x2f, 0x90, 0x0a, 0xf0, 0x2f, 0x80, 0x09, 0xf1,
    0x2f, 0x80, 0x09, 0xf1, 0x2f, 0x80, 0x09, 0xf1,
    0x2f, 0x80, 0x09, 0xf1, 0x00, 0x00, 0x09, 0xf1,
    0x00, 0x00, 0x5d, 0xf0, 0x00, 0x00, 0xee, 0x60,

    /* U+014C "Ō" */
    0x00, 0x0c, 0xff, 0xc0, 0x00, 0x00, 0x01, 0x22,
    0x10, 0x00, 0x00, 0x00, 0x00, 0x00, 0x00, 0x00,
    0x3b, 0xff, 0xb3, 0x00, 0x05, 0xfe, 0x88, 0xef,
    0x50, 0x0e, 0xe1, 0x00, 0x1e, 0xe0, 0x3f, 0x70,
    0x00, 0x08, 0xf3, 0x5f, 0x60, 0x00, 0x06, 0xf5,
    0x3f, 0x70, 0x00, 0x08, 0xf3, 0x0e, 0xe1, 0x00,
    0x1e, 0xe0, 0x05, 0xfe, 0x88, 0xef, 0x50, 0x00,
    0x4b, 0xff, 0xb4, 0x00,

    /* U+014D "ō" */
    0x00, 0xdf, 0xfc, 0x00, 0x00, 0x11, 0x10, 0x00,
    0x01, 0xbf, 0xea, 0x10, 0x0d, 0xf6, 0x7f, 0xc0,
    0x4f, 0x70, 0x08, 0xf3, 0x6f, 0x40, 0x05, 0xf5,
    0x4f, 0x70, 0x08, 0xf3, 0x0d, 0xf6, 0x6f, 0xc0,
    0x02, 0xbf, 0xfa, 0x10,

    /* U+014E "Ŏ" */
    0x00, 0x0f, 0x22, 0xf0, 0x00, 0x00, 0x04, 0xee,
    0x40, 0x00, 0x00, 0x00, 0x00, 0x00, 0x00, 0x00,
    0x3b, 0xff, 0xb3, 0x00, 0x05, 0xfe, 0x88, 0xef,
    0x50, 0x0e, 0xe1, 0x00, 0x1e, 0xe0, 0x3f, 0x70,
    0x00, 0x08, 0xf3, 0x5f, 0x60, 0x00, 0x06, 0xf5,
    0x3f, 0x70, 0x00, 0x08, 0xf3, 0x0e, 0xe1, 0x00,
    0x1e, 0xe0, 0x05, 0xfe, 0x88, 0xef, 0x50, 0x00,
    0x4b, 0xff, 0xb4, 0x00,

    /* U+014F "ŏ" */
    0x00, 0xf2, 0x3e, 0x00, 0x00, 0x5e, 0xd4, 0x00,
    0x00, 0x00, 0x00, 0x00, 0x01, 0xbf, 0xea, 0x10,
    0x0d, 0xf6, 0x7f, 0xc0, 0x4f, 0x70, 0x08, 0xf3,
    0x6f, 0x40, 0x05, 0xf5, 0x4f, 0x70, 0x08, 0xf3,
    0x0d, 0xf6, 0x6f, 0xc0, 0x02, 0xbf, 0xfa, 0x10,

    /* U+0150 "Ő" */
    0x00, 0x0a, 0xc3, 0xf4, 0x00, 0x00, 0x0d, 0x3a,
    0x70, 0x00, 0x00, 0x00, 0x00, 0x00, 0x00, 0x00,
    0x3b, 0xff, 0xb3, 0x00, 0x05, 0xfe, 0x88, 0xef,
    0x50, 0x0e, 0xe1, 0x00, 0x1e, 0xe0, 0x3f, 0x70,
    0x00, 0x08, 0xf3, 0x5f, 0x60, 0x00, 0x06, 0xf5,
    0x3f, 0x70, 0x00, 0x08, 0xf3, 0x0e, 0xe1, 0x00,
    0x1e, 0xe0, 0x05, 0xfe, 0x88, 0xef, 0x50, 0x00,
    0x4b, 0xff, 0xb4, 0x00,

    /* U+0151 "ő" */
    0x00, 0x9b, 0x3e, 0x40, 0x01, 0xf4, 0xc8, 0x00,
    0x00, 0x00, 0x00, 0x00, 0x01, 0xbf, 0xea, 0x10,
    0x0d, 0xf6, 0x7f, 0xc0, 0x4f, 0x70, 0x08, 0xf3,
    0x6f, 0x40, 0x05, 0xf5, 0x4f, 0x70, 0x08, 0xf3,
    0x0d, 0xf6, 0x6f, 0xc0, 0x02, 0xbf, 0xfa, 0x10,

    /* U+0152 "Œ" */
    0x00, 0x3b, 0xef, 0xff, 0xff, 0xff, 0x60, 0x5f,
    0xd8, 0x7f, 0xf7, 0x77, 0x72, 0x0e, 0xd0, 0x00,
    0xbf, 0x00, 0x00, 0x03, 0xf7, 0x00, 0x0b, 0xf1,
    0x11, 0x10, 0x5f, 0x50, 0x00, 0xbf, 0xff, 0xff,
    0x13, 0xf7, 0x00, 0x0b, 0xf4, 0x44, 0x40, 0x0e,
    0xd0, 0x00, 0xbf, 0x00, 0x00, 0x00, 0x5f, 0xd8,
    0x6f, 0xf6, 0x66, 0x62, 0x00, 0x4b, 0xff, 0xff,
    0xff, 0xff, 0x60,

    /* U+0153 "œ" */
    0x01, 0xbf, 0xea, 0x29, 0xee, 0xa1, 0x00, 0xdf,
    0x67, 0xff, 0xf7, 0x6e, 0xc0, 0x4f, 0x70, 0x0a,
    0xfb, 0x00, 0x6f, 0x36, 0xf4, 0x00, 0x9f, 0xff,
    0xff, 0xf5, 0x4f, 0x70, 0x0a, 0xfe, 0x22, 0x22,
    0x00, 0xdf, 0x66, 0xff, 0xf7, 0x5b, 0xd0, 0x02,
    0xbf, 0xfa, 0x29, 0xef, 0xc4, 0x00,

    /* U+0154 "Ŕ" */
    0x00, 0x00, 0xcb, 0x00, 0x00, 0x00, 0x3d, 0x10,
    0x00, 0x00, 0x00, 0x00, 0x00, 0x00, 0xff, 0xff,
    0xe8, 0x00, 0x0f, 0xc6, 0x6b, 0xf8, 0x00, 0xfa,
    0x00, 0x0f, 0xc0, 0x0f, 0xb1, 0x26, 0xfa, 0x00,
    0xff, 0xff, 0xfd, 0x10, 0x0f, 0xe4, 0xcf, 0x50,
    0x00, 0xfa, 0x01, 0xfd, 0x00, 0x0f, 0xa0, 0x08,
    0xf6, 0x00, 0xfa, 0x00, 0x0e, 0xe0,

    /* U+0155 "ŕ" */
    0x00, 0x1e, 0x50, 0x09, 0xb0, 0x00, 0x00, 0x02,
    0xf9, 0xce, 0x2f, 0xf8, 0x52, 0xfa, 0x00, 0x2f,
    0x80, 0x02, 0xf8, 0x00, 0x2f, 0x80, 0x02, 0xf8,
    0x00,

    /* U+0156 "Ŗ" */
    0x0f, 0xff, 0xfe, 0x80, 0x00, 0xfc, 0x66, 0xbf,
    0x80, 0x0f, 0xa0, 0x00, 0xfc, 0x00, 0xfb, 0x12,
    0x6f, 0xa0, 0x0f, 0xff, 0xff, 0xd1, 0x00, 0xfe,
    0x4c, 0xf5, 0x00, 0x0f, 0xa0, 0x1f, 0xd0, 0x00,
    0xfa, 0x00, 0x8f, 0x60, 0x0f, 0xa0, 0x00, 0xee,
    0x00, 0x00, 0x14, 0x00, 0x00, 0x00, 0x09, 0xd0,
    0x00, 0x00, 0x00, 0xd6, 0x00, 0x00,

    /* U+0157 "ŗ" */
    0x00, 0x00, 0x02, 0xf9, 0xce, 0x2f, 0xf8, 0x52,
    0xfa, 0x00, 0x2f, 0x80, 0x02, 0xf8, 0x00, 0x2f,
    0x80, 0x02, 0xf8, 0x00, 0x04, 0x10, 0x04, 0xf2,
    0x00, 0x8c, 0x00, 0x00,

    /* U+0158 "Ř" */
    0x00, 0xca, 0x4f, 0x30, 0x00, 0x01, 0xdf, 0x40,
    0x00, 0x00, 0x00, 0x00, 0x00, 0x00, 0xff, 0xff,
    0xe8, 0x00, 0x0f, 0xc6, 0x6b, 0xf8, 0x00, 0xfa,
    0x00, 0x0f, 0xc0, 0x0f, 0xb1, 0x26, 0xfa, 0x00,
    0xff, 0xff, 0xfd, 0x10, 0x0f, 0xe4, 0xcf, 0x50,
    0x00, 0xfa, 0x01, 0xfd, 0x00, 0x0f, 0xa0, 0x08,
    0xf6, 0x00, 0xfa, 0x00, 0x0e, 0xe0,

    /* U+0159 "ř" */
    0x27, 0x14, 0x70, 0x06, 0xdd, 0x30, 0x00, 0x00,
    0x00, 0x2f, 0x9c, 0xe0, 0x2f, 0xf8, 0x50, 0x2f,
    0xa0, 0x00, 0x2f, 0x80, 0x00, 0x2f, 0x80, 0x00,
    0x2f, 0x80, 0x00, 0x2f, 0x80, 0x00,

    /* U+015A "Ś" */
    0x00, 0x00, 0xcb, 0x00, 0x00, 0x02, 0xd2, 0x00,
    0x00, 0x00, 0x00, 0x00, 0x01, 0xae, 0xfd, 0x60,
    0x0d, 0xf8, 0x6b, 0xf6, 0x1f, 0xa0, 0x00, 0x85,
    0x0d, 0xf8, 0x30, 0x00, 0x01, 0x9e, 0xfe, 0x80,
    0x00, 0x00, 0x28, 0xf8, 0x3c, 0x50, 0x00, 0xec,
    0x1e, 0xf8, 0x7b, 0xf8, 0x02, 0xbe, 0xfd, 0x80,

    /* U+015B "ś" */
    0x00, 0x04, 0xe2, 0x00, 0x00, 0xc8, 0x00, 0x00,
    0x00, 0x00, 0x00, 0x5c, 0xfd, 0x70, 0x2f, 0xb4,
    0x8f, 0x32, 0xfb, 0x30, 0x00, 0x06, 0xdf, 0xfa,
    0x10, 0x10, 0x17, 0xf8, 0x4f, 0xa4, 0x8f, 0x70,
    0x6d, 0xfe, 0x80,

    /* U+015C "Ŝ" */
    0x00, 0x2d, 0xd7, 0x00, 0x00, 0x64, 0x17, 0x20,
    0x00, 0x00, 0x00, 0x00, 0x01, 0xae, 0xfd, 0x60,
    0x0d, 0xf8, 0x6b, 0xf6, 0x1f, 0xa0, 0x00, 0x85,
    0x0d, 0xf8, 0x30, 0x00, 0x01, 0x9e, 0xfe, 0x80,
    0x00, 0x00, 0x28, 0xf8, 0x3c, 0x50, 0x00, 0xec,
    0x1e, 0xf8, 0x7b, 0xf8, 0x02, 0xbe, 0xfd, 0x80,

    /* U+015D "ŝ" */
    0x00, 0x7f, 0xb0, 0x00, 0x6f, 0x3d, 0x90, 0x00,
    0x00, 0x00, 0x00, 0x5c, 0xfd, 0x70, 0x2f, 0xb4,
    0x8f, 0x32, 0xfb, 0x30, 0x00, 0x06, 0xdf, 0xfa,
    0x10, 0x10, 0x17, 0xf8, 0x4f, 0xa4, 0x8f, 0x70,
    0x6d, 0xfe, 0x80,

    /* U+015E "Ş" */
    0x01, 0xae, 0xfd, 0x60, 0x0d, 0xf8, 0x6b, 0xf6,
    0x1f, 0xa0, 0x00, 0x85, 0x0d, 0xf8, 0x30, 0x00,
    0x01, 0x9e, 0xfe, 0x80, 0x00, 0x00, 0x28, 0xf8,
    0x3c, 0x50, 0x00, 0xec, 0x1e, 0xf8, 0x7b, 0xf8,
    0x02, 0xbf, 0xfd, 0x80, 0x00, 0x03, 0xc3, 0x00,
    0x00, 0x00, 0x3c, 0x00, 0x00, 0x05, 0xc7, 0x00,

    /* U+015F "ş" */
    0x05, 0xcf, 0xd7, 0x02, 0xfb, 0x48, 0xf3, 0x2f,
    0xb3, 0x00, 0x00, 0x6d, 0xff, 0xa1, 0x01, 0x01,
    0x7f, 0x84, 0xfa, 0x48, 0xf7, 0x06, 0xdf, 0xe8,
    0x00, 0x00, 0xc7, 0x00, 0x00, 0x00, 0xd2, 0x00,
    0x01, 0xbc, 0x00,

    /* U+0160 "Š" */
    0x00, 0xbb, 0x4f, 0x30, 0x00, 0x0d, 0xf5, 0x00,
    0x00, 0x00, 0x00, 0x00, 0x01, 0xae, 0xfd, 0x70,
    0x0d, 0xf8, 0x6a, 0xf7, 0x1f, 0xa0, 0x00, 0x43,
    0x0d, 0xf8, 0x30, 0x00, 0x01, 0x9e, 0xfe, 0x80,
    0x00, 0x00, 0x28, 0xf8, 0x4d, 0x50, 0x00, 0xec,
    0x1e, 0xf8, 0x7b, 0xf8, 0x02, 0xbe, 0xfd, 0x80,

    /* U+0161 "š" */
    0x05, 0xf3, 0xd9, 0x00, 0x07, 0xfb, 0x00, 0x00,
    0x00, 0x00, 0x00, 0x5c, 0xfd, 0x70, 0x2f, 0xb4,
    0x8f, 0x32, 0xfb, 0x30, 0x00, 0x06, 0xdf, 0xfa,
    0x10, 0x10, 0x17, 0xf8, 0x4f, 0xa4, 0x8f, 0x70,
    0x6d, 0xfe, 0x80,

    /* U+0162 "Ţ" */
    0x7f, 0xff, 0xff, 0xff, 0x13, 0x66, 0xbf, 0x76,
    0x60, 0x00, 0x08, 0xf2, 0x00, 0x00, 0x00, 0x8f,
    0x20, 0x00, 0x00, 0x08, 0xf2, 0x00, 0x00, 0x00,
    0x8f, 0x20, 0x00, 0x00, 0x08, 0xf2, 0x00, 0x00,
    0x00, 0x8f, 0x20, 0x00, 0x00, 0x08, 0xf2, 0x00,
    0x00, 0x00, 0x2c, 0x20, 0x00, 0x00, 0x00, 0x4c,
    0x00, 0x00, 0x00, 0x5c, 0x80, 0x00,

    /* U+0163 "ţ" */
    0x0d, 0xc0, 0x0e, 0xff, 0xf2, 0x3f, 0xf4, 0x00,
    0xdc, 0x00, 0x0d, 0xc0, 0x00, 0xdc, 0x00, 0x0c,
    0xe5, 0x00, 0x4f, 0xf3, 0x00, 0x99, 0x00, 0x00,
    0x96, 0x00, 0xad, 0x30,

    /* U+0164 "Ť" */
    0x00, 0xac, 0x3f, 0x40, 0x00, 0x00, 0xcf, 0x60,
    0x00, 0x00, 0x00, 0x00, 0x00, 0x07, 0xff, 0xff,
    0xff, 0xf1, 0x36, 0x6b, 0xf7, 0x66, 0x00, 0x00,
    0x8f, 0x20, 0x00, 0x00, 0x08, 0xf2, 0x00, 0x00,
    0x00, 0x8f, 0x20, 0x00, 0x00, 0x08, 0xf2, 0x00,
    0x00, 0x00, 0x8f, 0x20, 0x00, 0x00, 0x08, 0xf2,
    0x00, 0x00, 0x00, 0x8f, 0x20, 0x00,

    /* U+0165 "ť" */
    0x00, 0x02, 0x50, 0x00, 0x7c, 0x0b, 0xa7, 0xa0,
    0xdc, 0x00, 0xef, 0xff, 0x23, 0xff, 0x40, 0x0d,
    0xc0, 0x00, 0xdc, 0x00, 0x0d, 0xc0, 0x00, 0xce,
    0x50, 0x04, 0xdf, 0x30,

    /* U+0166 "Ŧ" */
    0x7f, 0xff, 0xff, 0xff, 0x13, 0x66, 0xbf, 0x76,
    0x60, 0x00, 0x08, 0xf2, 0x00, 0x00, 0x00, 0x8f,
    0x20, 0x00, 0x06, 0xff, 0xff, 0xf0, 0x00, 0x12,
    0xbf, 0x52, 0x00, 0x00, 0x08, 0xf2, 0x00, 0x00,
    0x00, 0x8f, 0x20, 0x00, 0x00, 0x08, 0xf2, 0x00,
    0x00,

    /* U+0167 "ŧ" */
    0x06, 0x60, 0x00, 0xdc, 0x00, 0xef, 0xff, 0x23,
    0xff, 0x40, 0xdf, 0xff, 0x21, 0xfe, 0x20, 0x0d,
    0xc0, 0x00, 0xce, 0x50, 0x04, 0xdf, 0x30,

    /* U+0168 "Ũ" */
    0x00, 0x0c, 0xb3, 0xc0, 0x00, 0x03, 0xb4, 0xe6,
    0x00, 0x00, 0x00, 0x00, 0x00, 0x00, 0xfa, 0x00,
    0x01, 0xfa, 0x0f, 0xa0, 0x00, 0x1f, 0xa0, 0xfa,
    0x00, 0x01, 0xfa, 0x0f, 0xa0, 0x00, 0x1f, 0xa0,
    0xfa, 0x00, 0x01, 0xfa, 0x0f, 0xa0, 0x00, 0x1f,
    0x90, 0xed, 0x00, 0x05, 0xf8, 0x08, 0xfd, 0x8a,
    0xfe, 0x20, 0x06, 0xdf, 0xea, 0x20,

    /* U+0169 "ũ" */
    0x00, 0xcf, 0xfb, 0x00, 0x00, 0x00, 0x00, 0x00,
    0x2f, 0x80, 0x09, 0xf1, 0x2f, 0x80, 0x09, 0xf1,
    0x2f, 0x80, 0x09, 0xf1, 0x2f, 0x80, 0x09, 0xf1,
    0x1f, 0x90, 0x0a, 0xf1, 0x0e, 0xf7, 0x8f, 0xf1,
    0x04, 0xdf, 0xa8, 0xf1,

    /* U+016A "Ū" */
    0x00, 0x0f, 0xff, 0x80, 0x00, 0x00, 0x22, 0x21,
    0x00, 0x00, 0x00, 0x00, 0x00, 0x00, 0xfa, 0x00,
    0x01, 0xfa, 0x0f, 0xa0, 0x00, 0x1f, 0xa0, 0xfa,
    0x00, 0x01, 0xfa, 0x0f, 0xa0, 0x00, 0x1f, 0xa0,
    0xfa, 0x00, 0x01, 0xfa, 0x0f, 0xa0, 0x00, 0x1f,
    0x90, 0xed, 0x00, 0x05, 0xf8, 0x08, 0xfd, 0x8a,
    0xfe, 0x20, 0x06, 0xdf, 0xea, 0x20,

    /* U+016B "ū" */
    0x00, 0xdf, 0xfc, 0x00, 0x00, 0x11, 0x10, 0x00,
    0x2f, 0x80, 0x09, 0xf1, 0x2f, 0x80, 0x09, 0xf1,
    0x2f, 0x80, 0x09, 0xf1, 0x2f, 0x80, 0x09, 0xf1,
    0x1f, 0x90, 0x0a, 0xf1, 0x0e, 0xf7, 0x8f, 0xf1,
    0x04, 0xdf, 0xa8, 0xf1,

    /* U+016C "Ŭ" */
    0x00, 0x3e, 0x06, 0xc0, 0x00, 0x00, 0x7e, 0xd2,
    0x00, 0x00, 0x00, 0x00, 0x00, 0x00, 0xfa, 0x00,
    0x01, 0xfa, 0x0f, 0xa0, 0x00, 0x1f, 0xa0, 0xfa,
    0x00, 0x01, 0xfa, 0x0f, 0xa0, 0x00, 0x1f, 0xa0,
    0xfa, 0x00, 0x01, 0xfa, 0x0f, 0xa0, 0x00, 0x1f,
    0x90, 0xed, 0x00, 0x05, 0xf8, 0x08, 0xfd, 0x8a,
    0xfe, 0x20, 0x06, 0xdf, 0xea, 0x20,

    /* U+016D "ŭ" */
    0x00, 0xf2, 0x2e, 0x00, 0x00, 0x5e, 0xe4, 0x00,
    0x00, 0x00, 0x00, 0x00, 0x2f, 0x80, 0x09, 0xf1,
    0x2f, 0x80, 0x09, 0xf1, 0x2f, 0x80, 0x09, 0xf1,
    0x2f, 0x80, 0x09, 0xf1, 0x1f, 0x90, 0x0a, 0xf1,
    0x0e, 0xf7, 0x8f, 0xf1, 0x04, 0xdf, 0xa8, 0xf1,

    /* U+016E "Ů" */
    0x00, 0x05, 0xcb, 0x10, 0x00, 0x00, 0xd2, 0x96,
    0x00, 0x00, 0x05, 0xcb, 0x10, 0x00, 0x00, 0x00,
    0x00, 0x00, 0x0f, 0xa0, 0x00, 0x1f, 0xa0, 0xfa,
    0x00, 0x01, 0xfa, 0x0f, 0xa0, 0x00, 0x1f, 0xa0,
    0xfa, 0x00, 0x01, 0xfa, 0x0f, 0xa0, 0x00, 0x1f,
    0xa0, 0xfa, 0x00, 0x01, 0xf9, 0x0e, 0xd0, 0x00,
    0x5f, 0x80, 0x8f, 0xd8, 0xaf, 0xe2, 0x00, 0x6d,
    0xfe, 0xa2, 0x00,

    /* U+016F "ů" */
    0x00, 0x1c, 0xc1, 0x00, 0x00, 0x95, 0x69, 0x00,
    0x00, 0x95, 0x69, 0x00, 0x00, 0x2b, 0xb1, 0x00,
    0x2f, 0x80, 0x09, 0xf1, 0x2f, 0x80, 0x09, 0xf1,
    0x2f, 0x80, 0x09, 0xf1, 0x2f, 0x80, 0x09, 0xf1,
    0x1f, 0x90, 0x0a, 0xf1, 0x0e, 0xf7, 0x8f, 0xf1,
    0x04, 0xdf, 0xa8, 0xf1,

    /* U+0170 "Ű" */
    0x00, 0x0e, 0x97, 0xe2, 0x00, 0x03, 0xd2, 0xd4,
    0x00, 0x00, 0x00, 0x00, 0x00, 0x00, 0xfa, 0x00,
    0x01, 0xfa, 0x0f, 0xa0, 0x00, 0x1f, 0xa0, 0xfa,
    0x00, 0x01, 0xfa, 0x0f, 0xa0, 0x00, 0x1f, 0xa0,
    0xfa, 0x00, 0x01, 0xfa, 0x0f, 0xa0, 0x00, 0x1f,
    0x90, 0xed, 0x00, 0x05, 0xf8, 0x08, 0xfd, 0x8a,
    0xfe, 0x20, 0x06, 0xdf, 0xea, 0x20,

    /* U+0171 "ű" */
    0x00, 0x9b, 0x3e, 0x40, 0x00, 0xf4, 0xc9, 0x00,
    0x00, 0x00, 0x00, 0x00, 0x2f, 0x80, 0x09, 0xf1,
    0x2f, 0x80, 0x09, 0xf1, 0x2f, 0x80, 0x09, 0xf1,
    0x2f, 0x80, 0x09, 0xf1, 0x1f, 0x90, 0x0a, 0xf1,
    0x0e, 0xf7, 0x8f, 0xf1, 0x04, 0xdf, 0xa8, 0xf1,

    /* U+0172 "Ų" */
    0x0f, 0xa0, 0x00, 0x1f, 0xa0, 0xfa, 0x00, 0x01,
    0xfa, 0x0f, 0xa0, 0x00, 0x1f, 0xa0, 0xfa, 0x00,
    0x01, 0xfa, 0x0f, 0xa0, 0x00, 0x1f, 0xa0, 0xfa,
    0x00, 0x01, 0xfc, 0x0e, 0xd0, 0x00, 0x5f, 0xf0,
    0x8f, 0xd8, 0xaf, 0xf4, 0x00, 0x6d, 0xff, 0xf8,
    0x00, 0x00, 0x0a, 0xc2, 0x00, 0x00, 0x05, 0xf4,
    0x00, 0x00, 0x00, 0x2d, 0xf4, 0x00,

    /* U+0173 "ų" */
    0x2f, 0x80, 0x09, 0xf1, 0x2f, 0x80, 0x09, 0xf1,
    0x2f, 0x80, 0x09, 0xf1, 0x2f, 0x80, 0x09, 0xf1,
    0x1f, 0x90, 0x0a, 0xf1, 0x0e, 0xf7, 0x8f, 0xf1,
    0x04, 0xdf, 0xaa, 0xf1, 0x00, 0x00, 0x2f, 0x70,
    0x00, 0x00, 0x6f, 0x30, 0x00, 0x00, 0x2d, 0xf3,

    /* U+0174 "Ŵ" */
    0x00, 0x00, 0x07, 0xfb, 0x00, 0x00, 0x00, 0x00,
    0x05, 0xf3, 0xd9, 0x00, 0x00, 0x00, 0x00, 0x00,
    0x00, 0x00, 0x00, 0x08, 0xf4, 0x00, 0x6f, 0xa0,
    0x00, 0xfc, 0x4f, 0x80, 0x0a, 0xfe, 0x00, 0x4f,
    0x80, 0xfc, 0x00, 0xec, 0xf3, 0x08, 0xf3, 0x0b,
    0xf0, 0x3f, 0x5f, 0x70, 0xce, 0x00, 0x6f, 0x47,
    0xf1, 0xcb, 0x0f, 0xa0, 0x01, 0xf8, 0xbc, 0x08,
    0xf4, 0xf6, 0x00, 0x0d, 0xbe, 0x80, 0x4f, 0xaf,
    0x10, 0x00, 0x8f, 0xf3, 0x00, 0xff, 0xd0, 0x00,
    0x04, 0xff, 0x00, 0x0b, 0xf8, 0x00,

    /* U+0175 "ŵ" */
    0x00, 0x00, 0x48, 0x30, 0x00, 0x00, 0x00, 0x6e,
    0x5e, 0x40, 0x00, 0x00, 0x00, 0x00, 0x00, 0x00,
    0x09, 0xf2, 0x07, 0xf6, 0x04, 0xf7, 0x4f, 0x60,
    0xbf, 0xa0, 0x8f, 0x20, 0xfa, 0x0f, 0xbe, 0x0c,
    0xd0, 0x0a, 0xe3, 0xf3, 0xf2, 0xf9, 0x00, 0x5f,
    0x9c, 0x0e, 0x9f, 0x40, 0x01, 0xff, 0x70, 0x9f,
    0xf0, 0x00, 0x0c, 0xf3, 0x04, 0xfa, 0x00,

    /* U+0176 "Ŷ" */
    0x00, 0x07, 0xfb, 0x00, 0x00, 0x05, 0xe3, 0xc9,
    0x00, 0x00, 0x00, 0x00, 0x00, 0x05, 0xf9, 0x00,
    0x05, 0xfa, 0x0b, 0xf3, 0x00, 0xee, 0x10, 0x1f,
    0xc0, 0x8f, 0x50, 0x00, 0x6f, 0x7f, 0xb0, 0x00,
    0x00, 0xcf, 0xf2, 0x00, 0x00, 0x03, 0xf8, 0x00,
    0x00, 0x00, 0x3f, 0x80, 0x00, 0x00, 0x03, 0xf8,
    0x00, 0x00, 0x00, 0x3f, 0x80, 0x00,

    /* U+0177 "ŷ" */
    0x00, 0x03, 0x20, 0x00, 0x00, 0xab, 0xd5, 0x00,
    0x01, 0x30, 0x13, 0x00, 0x9f, 0x20, 0x08, 0xf3,
    0x3f, 0x70, 0x0d, 0xd0, 0x0d, 0xc0, 0x2f, 0x70,
    0x08, 0xf2, 0x8f, 0x10, 0x02, 0xf6, 0xcb, 0x00,
    0x00, 0xcb, 0xf5, 0x00, 0x00, 0x6f, 0xf0, 0x00,
    0x00, 0x2f, 0x90, 0x00, 0x04, 0x9f, 0x20, 0x00,
    0x0f, 0xe6, 0x00, 0x00,

    /* U+0178 "Ÿ" */
    0x00, 0x6d, 0x0a, 0xb0, 0x00, 0x03, 0x80, 0x66,
    0x00, 0x00, 0x00, 0x00, 0x00, 0x05, 0xf9, 0x00,
    0x04, 0xfa, 0x0b, 0xf3, 0x00, 0xde, 0x10, 0x2f,
    0xc0, 0x7f, 0x60, 0x00, 0x7f, 0x6f, 0xc0, 0x00,
    0x00, 0xdf, 0xf2, 0x00, 0x00, 0x04, 0xf9, 0x00,
    0x00, 0x00, 0x3f, 0x80, 0x00, 0x00, 0x03, 0xf8,
    0x00, 0x00, 0x00, 0x3f, 0x80, 0x00,

    /* U+0179 "Ź" */
    0x00, 0x00, 0xbc, 0x00, 0x00, 0x02, 0xd2, 0x00,
    0x00, 0x00, 0x00, 0x00, 0x4f, 0xff, 0xff, 0xfb,
    0x16, 0x66, 0x6c, 0xf6, 0x00, 0x00, 0x3f, 0xa0,
    0x00, 0x01, 0xed, 0x00, 0x00, 0x0a, 0xf3, 0x00,
    0x00, 0x6f, 0x70, 0x00, 0x02, 0xfb, 0x00, 0x00,
    0x0d, 0xf6, 0x66, 0x64, 0x3f, 0xff, 0xff, 0xfc,

    /* U+017A "ź" */
    0x00, 0x04, 0xe2, 0x00, 0x00, 0xc8, 0x00, 0x00,
    0x00, 0x00, 0x01, 0xff, 0xff, 0xf7, 0x06, 0x66,
    0xef, 0x30, 0x00, 0x7f, 0x60, 0x00, 0x4f, 0x90,
    0x00, 0x1e, 0xd0, 0x00, 0x0c, 0xf7, 0x55, 0x33,
    0xff, 0xff, 0xf9,

    /* U+017B "Ż" */
    0x00, 0x08, 0xe1, 0x00, 0x00, 0x05, 0xa0, 0x00,
    0x00, 0x00, 0x00, 0x00, 0x4f, 0xff, 0xff, 0xfb,
    0x16, 0x66, 0x6c, 0xf6, 0x00, 0x00, 0x3f, 0xa0,
    0x00, 0x01, 0xed, 0x00, 0x00, 0x0a, 0xf3, 0x00,
    0x00, 0x6f, 0x70, 0x00, 0x02, 0xfb, 0x00, 0x00,
    0x0d, 0xf6, 0x66, 0x64, 0x3f, 0xff, 0xff, 0xfc,

    /* U+017C "ż" */
    0x00, 0x2e, 0x60, 0x00, 0x01, 0xa4, 0x00, 0x1f,
    0xff, 0xff, 0x70, 0x66, 0x6e, 0xf3, 0x00, 0x07,
    0xf6, 0x00, 0x04, 0xf9, 0x00, 0x01, 0xed, 0x00,
    0x00, 0xcf, 0x75, 0x53, 0x3f, 0xff, 0xff, 0x90,

    /* U+017D "Ž" */
    0x00, 0xbb, 0x4f, 0x40, 0x00, 0x0c, 0xf5, 0x00,
    0x00, 0x00, 0x00, 0x00, 0x4f, 0xff, 0xff, 0xfb,
    0x16, 0x66, 0x6c, 0xf6, 0x00, 0x00, 0x3f, 0xa0,
    0x00, 0x01, 0xed, 0x00, 0x00, 0x0a, 0xf3, 0x00,
    0x00, 0x6f, 0x70, 0x00, 0x02, 0xfb, 0x00, 0x00,
    0x0d, 0xf6, 0x66, 0x64, 0x3f, 0xff, 0xff, 0xfc,

    /* U+017E "ž" */
    0x03, 0x70, 0x56, 0x00, 0x09, 0xdc, 0x10, 0x00,
    0x00, 0x00, 0x01, 0xff, 0xff, 0xf7, 0x06, 0x66,
    0xef, 0x30, 0x00, 0x7f, 0x60, 0x00, 0x4f, 0x90,
    0x00, 0x1e, 0xd0, 0x00, 0x0c, 0xf7, 0x55, 0x33,
    0xff, 0xff, 0xf9,

    /* U+017F "ſ" */
    0x06, 0xef, 0x31, 0xfd, 0x50, 0x2f, 0x80, 0x02,
    0xf8, 0x00, 0x2f, 0x80, 0x02, 0xf8, 0x00, 0x2f,
    0x80, 0x02, 0xf8, 0x00, 0x2f, 0x80, 0x00,

    /* U+2000 " " */

    /* U+2001 " " */

    /* U+2002 " " */

    /* U+2003 " " */

    /* U+2004 " " */

    /* U+2005 " " */

    /* U+2006 " " */

    /* U+2007 " " */

    /* U+2008 " " */

    /* U+2009 " " */

    /* U+200A " " */

    /* U+200B "​" */

    /* U+2010 "‐" */
    0x01, 0x11, 0x15, 0xff, 0xff, 0x14, 0x44, 0x30,

    /* U+2011 "‑" */
    0x01, 0x11, 0x15, 0xff, 0xff, 0x14, 0x44, 0x30,

    /* U+2012 "‒" */
    0x01, 0x11, 0x11, 0x11, 0x8f, 0xff, 0xff, 0xfe,
    0x24, 0x44, 0x44, 0x43,

    /* U+2013 "–" */
    0x11, 0x11, 0x11, 0x0f, 0xff, 0xff, 0xf8, 0x44,
    0x44, 0x44, 0x20,

    /* U+2014 "—" */
    0x11, 0x11, 0x11, 0x11, 0x11, 0x11, 0x1f, 0xff,
    0xff, 0xff, 0xff, 0xff, 0xff, 0x44, 0x44, 0x44,
    0x44, 0x44, 0x44, 0x40,

    /* U+2015 "―" */
    0x11, 0x11, 0x11, 0x11, 0x11, 0x11, 0x1f, 0xff,
    0xff, 0xff, 0xff, 0xff, 0xff, 0x44, 0x44, 0x44,
    0x44, 0x44, 0x44, 0x40,

    /* U+2016 "‖" */
    0x7f, 0x3f, 0x67, 0xf3, 0xf6, 0x7f, 0x3f, 0x67,
    0xf3, 0xf6, 0x7f, 0x3f, 0x67, 0xf3, 0xf6, 0x7f,
    0x3f, 0x67, 0xf3, 0xf6, 0x7f, 0x3f, 0x67, 0xf3,
    0xf6, 0x7f, 0x3f, 0x67, 0xf3, 0xf6, 0x7f, 0x3f,
    0x67, 0xf3, 0xf6, 0x7f, 0x3f, 0x60,

    /* U+2017 "‗" */
    0xef, 0xff, 0xff, 0x00, 0x00, 0x00, 0x00, 0xef,
    0xff, 0xff, 0x00,

    /* U+2018 "‘" */
    0x0f, 0x34, 0xf1, 0x9e, 0x09, 0x90,

    /* U+2019 "’" */
    0x5b, 0x29, 0xe0, 0xba, 0x0e, 0x50,

    /* U+201A "‚" */
    0x08, 0xa0, 0x0d, 0xa0, 0x0f, 0x50, 0x2f, 0x10,

    /* U+201B "‛" */
    0x5f, 0x40, 0xf7, 0x0b, 0x90, 0x58,

    /* U+201C "“" */
    0x0f, 0x33, 0xf0, 0x4f, 0x18, 0xd0, 0x9e, 0x0d,
    0xb0, 0x99, 0x0b, 0x60,

    /* U+201D "”" */
    0x5b, 0x28, 0xa9, 0xe0, 0xea, 0xba, 0x0f, 0x5e,
    0x53, 0xf0,

    /* U+201E "„" */
    0x08, 0xa0, 0xb7, 0x0d, 0xa2, 0xf5, 0x0f, 0x55,
    0xf1, 0x2f, 0x17, 0xc0,

    /* U+201F "‟" */
    0x5f, 0x4a, 0xf0, 0x0f, 0x75, 0xf2, 0x0b, 0x90,
    0xf4, 0x05, 0x80, 0x95,

    /* U+2020 "†" */
    0x00, 0x2f, 0x50, 0x00, 0x02, 0xf5, 0x00, 0x1f,
    0xff, 0xff, 0x40, 0x25, 0xf8, 0x20, 0x00, 0x2f,
    0x50, 0x00, 0x00, 0xf3, 0x00, 0x00, 0x0f, 0x10,
    0x00,

    /* U+2021 "‡" */
    0x00, 0x2f, 0x50, 0x00, 0x02, 0xf5, 0x00, 0x1f,
    0xff, 0xff, 0x40, 0x25, 0xf8, 0x20, 0x1f, 0xff,
    0xff, 0x40, 0x25, 0xf8, 0x20, 0x00, 0x2f, 0x50,
    0x00, 0x00, 0xf3, 0x00, 0x00, 0x0f, 0x10, 0x00,

    /* U+2022 "•" */
    0x1c, 0xe7, 0x0a, 0xff, 0xf3, 0xaf, 0xff, 0x31,
    0xcf, 0x80,

    /* U+2023 "‣" */
    0x24, 0x00, 0x03, 0xfa, 0x20, 0x3f, 0xfb, 0x03,
    0xe5, 0x00, 0x00, 0x00, 0x00,

    /* U+2024 "․" */
    0xbc, 0x0b, 0xd0,

    /* U+2025 "‥" */
    0xbc, 0x00, 0x8d, 0x1b, 0xd0, 0x09, 0xe1,

    /* U+2026 "…" */
    0xbc, 0x00, 0x8d, 0x10, 0x6e, 0x3b, 0xd0, 0x09,
    0xe1, 0x07, 0xe3,

    /* U+2027 "‧" */
    0xbd, 0x0b, 0xd0,

    /* U+202F " " */

    /* U+2030 "‰" */
    0x2c, 0xe8, 0x00, 0x03, 0xe1, 0x00, 0x00, 0x00,
    0xaa, 0x2f, 0x20, 0x1e, 0x40, 0x00, 0x00, 0x00,
    0xa9, 0x1f, 0x20, 0xa8, 0x00, 0x00, 0x00, 0x00,
    0x3e, 0xfa, 0x06, 0xc0, 0x00, 0x00, 0x00, 0x00,
    0x00, 0x00, 0x2e, 0x25, 0xdc, 0x10, 0x8d, 0xa0,
    0x00, 0x00, 0xd6, 0x0f, 0x4a, 0x94, 0xf2, 0xd6,
    0x00, 0x09, 0xa0, 0x3f, 0x06, 0xc6, 0xc0, 0xa8,
    0x00, 0x4d, 0x10, 0x1f, 0x3a, 0xa4, 0xe1, 0xd6,
    0x01, 0xe3, 0x00, 0x07, 0xfd, 0x20, 0xaf, 0xb0,

    /* U+2031 "‱" */
    0x2c, 0xe8, 0x00, 0x03, 0xe1, 0x00, 0x00, 0x00,
    0x00, 0x00, 0x0a, 0xa2, 0xf2, 0x01, 0xe4, 0x00,
    0x00, 0x00, 0x00, 0x00, 0x00, 0xa9, 0x1f, 0x20,
    0xa8, 0x00, 0x00, 0x00, 0x00, 0x00, 0x00, 0x03,
    0xef, 0xa0, 0x6c, 0x00, 0x00, 0x00, 0x00, 0x00,
    0x00, 0x00, 0x00, 0x00, 0x2e, 0x25, 0xdc, 0x10,
    0x8d, 0xa0, 0x0a, 0xd7, 0x00, 0x00, 0x0d, 0x60,
    0xf4, 0xa9, 0x4f, 0x2d, 0x67, 0xc3, 0xf2, 0x00,
    0x09, 0xa0, 0x3f, 0x06, 0xc6, 0xc0, 0xa8, 0xa8,
    0x0e, 0x50, 0x04, 0xd1, 0x01, 0xf3, 0xaa, 0x4e,
    0x1d, 0x68, 0xb2, 0xf2, 0x01, 0xe3, 0x00, 0x07,
    0xfd, 0x20, 0xaf, 0xb0, 0x1c, 0xf8, 0x00,

    /* U+2032 "′" */
    0x0f, 0x81, 0xf4, 0x3f, 0x12, 0x70,

    /* U+2033 "″" */
    0x0f, 0x80, 0xad, 0x1f, 0x40, 0xc9, 0x3f, 0x10,
    0xd6, 0x27, 0x00, 0x71,

    /* U+2034 "‴" */
    0x0f, 0x80, 0xad, 0x05, 0xf2, 0x1f, 0x40, 0xc9,
    0x07, 0xe0, 0x3f, 0x10, 0xd6, 0x08, 0xb0, 0x27,
    0x00, 0x71, 0x04, 0x40,

    /* U+2035 "‵" */
    0x2f, 0x50, 0xf7, 0x0b, 0x80, 0x44,

    /* U+2036 "‶" */
    0x2f, 0x50, 0xda, 0x0f, 0x70, 0xac, 0x0b, 0x80,
    0x6d, 0x04, 0x40, 0x17,

    /* U+2037 "‷" */
    0x2f, 0x50, 0xda, 0x08, 0xf0, 0x0f, 0x70, 0xac,
    0x05, 0xf1, 0x0b, 0x80, 0x6d, 0x01, 0xf2, 0x04,
    0x40, 0x17, 0x00, 0x71,

    /* U+2038 "‸" */
    0x00, 0x9f, 0x40, 0x00, 0x4e, 0x6e, 0x10, 0x1e,
    0x60, 0xaa, 0x00,

    /* U+2039 "‹" */
    0x00, 0x4f, 0x70, 0x3f, 0xa0, 0x1e, 0xc0, 0x01,
    0xdd, 0x10, 0x01, 0xec, 0x00, 0x03, 0xd7,

    /* U+203A "›" */
    0x2e, 0xb0, 0x00, 0x4f, 0x90, 0x00, 0x6f, 0x70,
    0x08, 0xf5, 0x06, 0xf6, 0x02, 0xc8, 0x00,

    /* U+203B "※" */
    0x00, 0x00, 0x75, 0x00, 0x00, 0x07, 0x4d, 0xa6,
    0x50, 0x00, 0xbf, 0x46, 0xf9, 0x00, 0x76, 0xbf,
    0xf9, 0x75, 0x0d, 0xa6, 0xff, 0x4d, 0xa0, 0x06,
    0xfa, 0xcf, 0x40, 0x00, 0xc9, 0x76, 0xca, 0x00,
    0x00, 0x0d, 0xa0, 0x00,

    /* U+203C "‼" */
    0xcf, 0x00, 0xaf, 0x2c, 0xf0, 0x09, 0xf2, 0xce,
    0x00, 0x9f, 0x1c, 0xe0, 0x09, 0xf1, 0xbe, 0x00,
    0x8f, 0x1b, 0xd0, 0x08, 0xf0, 0x33, 0x00, 0x24,
    0x0a, 0xc0, 0x08, 0xd2, 0xbd, 0x00, 0x8e, 0x20,

    /* U+203D "‽" */
    0x07, 0xdf, 0xd6, 0x05, 0xf9, 0x5b, 0xf3, 0x00,
    0x88, 0x5f, 0x50, 0x08, 0xbc, 0xd0, 0x00, 0x7f,
    0xa1, 0x00, 0x0a, 0xf0, 0x00, 0x00, 0x00, 0x00,
    0x00, 0x08, 0xe1, 0x00, 0x00, 0x8e, 0x10, 0x00,

    /* U+203E "‾" */
    0x01, 0x11, 0x11, 0x0b, 0xff, 0xff, 0xf6, 0x23,
    0x33, 0x33, 0x10,

    /* U+203F "‿" */
    0x00, 0x00, 0x00, 0x00, 0x00, 0x04, 0xd7, 0x31,
    0x12, 0x47, 0xd4, 0x05, 0xcf, 0xff, 0xff, 0xc5,
    0x00, 0x00, 0x13, 0x43, 0x10, 0x00,

    /* U+2040 "⁀" */
    0x01, 0x7c, 0xef, 0xec, 0x71, 0x03, 0xeb, 0x75,
    0x45, 0x7b, 0xf3, 0x02, 0x00, 0x00, 0x00, 0x02,
    0x00,

    /* U+2041 "⁁" */
    0x00, 0x00, 0x83, 0x00, 0x06, 0xf2, 0x00, 0x1e,
    0x80, 0x00, 0xaf, 0x00, 0x04, 0xff, 0x00, 0x0d,
    0xae, 0x80, 0x3d, 0x14, 0xc0, 0x00, 0x00, 0x00,

    /* U+2042 "⁂" */
    0x00, 0x00, 0x11, 0x00, 0x00, 0x00, 0x6f, 0xe3,
    0x00, 0x00, 0x0c, 0xff, 0x80, 0x00, 0x00, 0x6f,
    0xd3, 0x00, 0x00, 0x31, 0x21, 0x22, 0x00, 0x7f,
    0xf2, 0x5f, 0xf4, 0x0e, 0xff, 0x7c, 0xff, 0x90,
    0x49, 0xa2, 0x38, 0xa3,

    /* U+2043 "⁃" */
    0x01, 0x11, 0x08, 0xff, 0xf1, 0x24, 0x44, 0x00,

    /* U+2044 "⁄" */
    0x00, 0x00, 0x00, 0x6d, 0x00, 0x00, 0x00, 0x2e,
    0x20, 0x00, 0x00, 0x0c, 0x60, 0x00, 0x00, 0x09,
    0xa0, 0x00, 0x00, 0x04, 0xe1, 0x00, 0x00, 0x01,
    0xe3, 0x00, 0x00, 0x00, 0xb8, 0x00, 0x00, 0x00,
    0x7c, 0x00, 0x00, 0x00, 0x3e, 0x10, 0x00, 0x00,
    0x00,

    /* U+2045 "⁅" */
    0x00, 0x00, 0xcf, 0xf2, 0xce, 0x30, 0xcd, 0x00,
    0xcd, 0x00, 0xcd, 0x00, 0xcf, 0xf2, 0xcf, 0x30,
    0xcd, 0x00, 0xcd, 0x00, 0xcd, 0x00, 0xcf, 0xf2,
    0x23, 0x30,

    /* U+2046 "⁆" */
    0x00, 0x00, 0x5f, 0xf9, 0x13, 0xf9, 0x00, 0xf9,
    0x00, 0xf9, 0x00, 0xf9, 0x4f, 0xf9, 0x03, 0xf9,
    0x00, 0xf9, 0x00, 0xf9, 0x00, 0xf9, 0x5f, 0xf9,
    0x13, 0x32,

    /* U+2047 "⁇" */
    0x06, 0xdf, 0xd6, 0x00, 0x5d, 0xfd, 0x70, 0x4f,
    0xb5, 0xcf, 0x33, 0xfc, 0x5b, 0xf4, 0x37, 0x10,
    0x5f, 0x62, 0x71, 0x04, 0xf7, 0x00, 0x02, 0xde,
    0x10, 0x00, 0x2c, 0xf2, 0x00, 0x2f, 0xc2, 0x00,
    0x02, 0xfd, 0x20, 0x00, 0x7f, 0x10, 0x00, 0x06,
    0xf2, 0x00, 0x00, 0x12, 0x00, 0x00, 0x01, 0x20,
    0x00, 0x00, 0x8d, 0x10, 0x00, 0x07, 0xe2, 0x00,
    0x00, 0x9e, 0x10, 0x00, 0x08, 0xe2, 0x00,

    /* U+2048 "⁈" */
    0x06, 0xdf, 0xd5, 0x00, 0xbf, 0x03, 0xfb, 0x5c,
    0xf3, 0x0b, 0xf0, 0x49, 0x10, 0x4f, 0x60, 0xbf,
    0x00, 0x00, 0x0c, 0xf2, 0x0b, 0xf0, 0x00, 0x1e,
    0xf5, 0x00, 0xaf, 0x00, 0x07, 0xf3, 0x00, 0x0a,
    0xe0, 0x00, 0x37, 0x00, 0x00, 0x45, 0x00, 0x08,
    0xd1, 0x00, 0x09, 0xd0, 0x00, 0x9e, 0x10, 0x00,
    0xae, 0x10,

    /* U+2049 "⁉" */
    0xcf, 0x00, 0x4d, 0xfe, 0x80, 0xcf, 0x01, 0xfc,
    0x49, 0xf6, 0xce, 0x02, 0x72, 0x02, 0xf9, 0xce,
    0x00, 0x00, 0x0b, 0xf5, 0xbe, 0x00, 0x00, 0xdf,
    0x60, 0xbd, 0x00, 0x04, 0xf5, 0x00, 0x33, 0x00,
    0x02, 0x50, 0x00, 0xac, 0x00, 0x06, 0xe3, 0x00,
    0xbd, 0x00, 0x06, 0xf4, 0x00,

    /* U+204A "⁊" */
    0x7f, 0xff, 0xf6, 0x26, 0x67, 0xf4, 0x00, 0x03,
    0xf3, 0x00, 0x04, 0xf1, 0x00, 0x06, 0xf0, 0x00,
    0x07, 0xe0, 0x00, 0x09, 0xc0, 0x00, 0x0b, 0xb0,
    0x00, 0x0c, 0x90, 0x00, 0x0e, 0x80,

    /* U+204B "⁋" */
    0x0f, 0xff, 0xfb, 0x20, 0x0f, 0xba, 0xff, 0xd0,
    0x0f, 0x67, 0xff, 0xf3, 0x0f, 0x67, 0xff, 0xf2,
    0x0f, 0x67, 0xff, 0xa0, 0x0f, 0x65, 0xa6, 0x00,
    0x0f, 0x60, 0x00, 0x00, 0x0f, 0x60, 0x00, 0x00,
    0x0f, 0x60, 0x00, 0x00,

    /* U+204C "⁌" */
    0x02, 0xcf, 0xff, 0xf0, 0xdf, 0xf4, 0x9d, 0x0f,
    0xff, 0x49, 0xd0, 0xdf, 0xf4, 0x9d, 0x03, 0xcf,
    0xff, 0xf0,

    /* U+204D "⁍" */
    0xff, 0xff, 0xb1, 0xf7, 0x6f, 0xfb, 0xf7, 0x6f,
    0xfe, 0xf7, 0x6f, 0xfb, 0xff, 0xff, 0xb1,

    /* U+204E "⁎" */
    0x00, 0x03, 0x00, 0x00, 0x20, 0xf0, 0x20, 0x0c,
    0xbf, 0xbc, 0x00, 0x1d, 0xfd, 0x10, 0x0d, 0x8f,
    0x8d, 0x00, 0x00, 0xf0, 0x00,

    /* U+204F "⁏" */
    0xbc, 0x0b, 0xd0, 0x00, 0x00, 0x00, 0x00, 0x07,
    0xb0, 0x6f, 0x21, 0xf4, 0x0c, 0x60,

    /* U+2050 "⁐" */
    0x02, 0x8d, 0xff, 0xec, 0x71, 0x04, 0xfb, 0x76,
    0x56, 0x8c, 0xe2, 0x01, 0x00, 0x00, 0x00, 0x01,
    0x00, 0x00, 0x00, 0x00, 0x00, 0x00, 0x00, 0x00,
    0x00, 0x00, 0x00, 0x00, 0x00, 0x00, 0x00, 0x00,
    0x00, 0x00, 0x00, 0x00, 0x00, 0x00, 0x00, 0x00,
    0x00, 0x00, 0x00, 0x00, 0x00, 0x00, 0x00, 0x00,
    0x00, 0x00, 0x00, 0x00, 0x00, 0x00, 0x00, 0x5c,
    0x73, 0x11, 0x24, 0x7d, 0x30, 0x6c, 0xff, 0xff,
    0xfc, 0x50, 0x00, 0x01, 0x34, 0x30, 0x00, 0x00,

    /* U+2051 "⁑" */
    0x00, 0x6a, 0x00, 0x3e, 0x9b, 0xb8, 0x05, 0xff,
    0x90, 0x3e, 0xbc, 0xe7, 0x02, 0x5a, 0x01, 0x00,
    0x12, 0x00, 0x00, 0x12, 0x00, 0x02, 0x5a, 0x01,
    0x3e, 0xbc, 0xe7, 0x04, 0xff, 0x90, 0x3e, 0x9b,
    0xb8, 0x00, 0x6b, 0x00,

    /* U+2052 "⁒" */
    0x03, 0x20, 0x00, 0x09, 0xa0, 0x2f, 0xf0, 0x00,
    0x4e, 0x10, 0x1d, 0xc0, 0x01, 0xe3, 0x00, 0x00,
    0x00, 0x0b, 0x80, 0x00, 0x00, 0x00, 0x7c, 0x00,
    0x00, 0x00, 0x03, 0xe1, 0x01, 0x40, 0x00, 0x0d,
    0x50, 0x0a, 0xf7, 0x00, 0xa9, 0x00, 0x07, 0xe4,
    0x05, 0xd0, 0x00, 0x00, 0x00,

    /* U+2053 "⁓" */
    0x00, 0x00, 0x00, 0x00, 0x00, 0xbf, 0xfb, 0x52,
    0x44, 0x07, 0x55, 0xaf, 0xff, 0xa0, 0x00, 0x00,
    0x03, 0x20,

    /* U+2054 "⁔" */
    0x00, 0x00, 0x01, 0x00, 0x00, 0x00, 0x3a, 0xef,
    0xff, 0xd9, 0x20, 0x4f, 0xa6, 0x54, 0x57, 0xbf,
    0x40, 0x10, 0x00, 0x00, 0x00, 0x10,

    /* U+2055 "⁕" */
    0x06, 0x6f, 0x24, 0x02, 0xef, 0xff, 0x90, 0xef,
    0xff, 0xff, 0x73, 0x8f, 0xff, 0x41, 0x2f, 0xdf,
    0xcb, 0x00, 0x25, 0xf0, 0x10,

    /* U+2057 "⁗" */
    0x0f, 0x80, 0xad, 0x05, 0xf2, 0x0f, 0x71, 0xf4,
    0x0c, 0x90, 0x7e, 0x02, 0xf4, 0x3f, 0x10, 0xd6,
    0x08, 0xb0, 0x3f, 0x02, 0x70, 0x07, 0x10, 0x44,
    0x02, 0x60,

    /* U+205F " " */

};

/*---------------------
 *  GLYPH DESCRIPTION
 *--------------------*/

static const lv_font_fmt_txt_glyph_dsc_t glyph_dsc[] = {
    {.bitmap_index = 0, .adv_w = 0, .box_w = 0, .box_h = 0, .ofs_x = 0, .ofs_y = 0} /* id = 0 reserved */,
    {.bitmap_index = 0, .adv_w = 52, .box_w = 0, .box_h = 0, .ofs_x = 0, .ofs_y = 0},
    {.bitmap_index = 0, .adv_w = 67, .box_w = 3, .box_h = 9, .ofs_x = 1, .ofs_y = 0},
    {.bitmap_index = 14, .adv_w = 109, .box_w = 5, .box_h = 4, .ofs_x = 1, .ofs_y = 5},
    {.bitmap_index = 24, .adv_w = 134, .box_w = 9, .box_h = 9, .ofs_x = 0, .ofs_y = 0},
    {.bitmap_index = 65, .adv_w = 135, .box_w = 8, .box_h = 13, .ofs_x = 0, .ofs_y = -2},
    {.bitmap_index = 117, .adv_w = 209, .box_w = 11, .box_h = 9, .ofs_x = 1, .ofs_y = 0},
    {.bitmap_index = 167, .adv_w = 138, .box_w = 9, .box_h = 9, .ofs_x = 0, .ofs_y = 0},
    {.bitmap_index = 208, .adv_w = 68, .box_w = 2, .box_h = 4, .ofs_x = 1, .ofs_y = 5},
    {.bitmap_index = 212, .adv_w = 78, .box_w = 4, .box_h = 12, .ofs_x = 1, .ofs_y = -2},
    {.bitmap_index = 236, .adv_w = 78, .box_w = 4, .box_h = 12, .ofs_x = 0, .ofs_y = -2},
    {.bitmap_index = 260, .adv_w = 112, .box_w = 7, .box_h = 6, .ofs_x = 0, .ofs_y = 3},
    {.bitmap_index = 281, .adv_w = 140, .box_w = 7, .box_h = 6, .ofs_x = 1, .ofs_y = 1},
    {.bitmap_index = 302, .adv_w = 66, .box_w = 4, .box_h = 4, .ofs_x = 0, .ofs_y = -3},
    {.bitmap_index = 310, .adv_w = 97, .box_w = 6, .box_h = 3, .ofs_x = 0, .ofs_y = 2},
    {.bitmap_index = 319, .adv_w = 66, .box_w = 3, .box_h = 2, .ofs_x = 1, .ofs_y = 0},
    {.bitmap_index = 322, .adv_w = 79, .box_w = 5, .box_h = 11, .ofs_x = 0, .ofs_y = -1},
    {.bitmap_index = 350, .adv_w = 137, .box_w = 8, .box_h = 9, .ofs_x = 0, .ofs_y = 0},
    {.bitmap_index = 386, .adv_w = 88, .box_w = 5, .box_h = 9, .ofs_x = 0, .ofs_y = 0},
    {.bitmap_index = 409, .adv_w = 130, .box_w = 8, .box_h = 9, .ofs_x = 0, .ofs_y = 0},
    {.bitmap_index = 445, .adv_w = 132, .box_w = 8, .box_h = 9, .ofs_x = 0, .ofs_y = 0},
    {.bitmap_index = 481, .adv_w = 139, .box_w = 9, .box_h = 9, .ofs_x = 0, .ofs_y = 0},
    {.bitmap_index = 522, .adv_w = 127, .box_w = 8, .box_h = 9, .ofs_x = 0, .ofs_y = 0},
    {.bitmap_index = 558, .adv_w = 133, .box_w = 8, .box_h = 9, .ofs_x = 0, .ofs_y = 0},
    {.bitmap_index = 594, .adv_w = 120, .box_w = 7, .box_h = 9, .ofs_x = 0, .ofs_y = 0},
    {.bitmap_index = 626, .adv_w = 133, .box_w = 8, .box_h = 9, .ofs_x = 0, .ofs_y = 0},
    {.bitmap_index = 662, .adv_w = 133, .box_w = 8, .box_h = 9, .ofs_x = 0, .ofs_y = 0},
    {.bitmap_index = 698, .adv_w = 66, .box_w = 3, .box_h = 7, .ofs_x = 1, .ofs_y = 0},
    {.bitmap_index = 709, .adv_w = 68, .box_w = 4, .box_h = 9, .ofs_x = 0, .ofs_y = -3},
    {.bitmap_index = 727, .adv_w = 140, .box_w = 7, .box_h = 8, .ofs_x = 1, .ofs_y = 0},
    {.bitmap_index = 755, .adv_w = 140, .box_w = 7, .box_h = 6, .ofs_x = 1, .ofs_y = 1},
    {.bitmap_index = 776, .adv_w = 140, .box_w = 7, .box_h = 8, .ofs_x = 1, .ofs_y = 0},
    {.bitmap_index = 804, .adv_w = 113, .box_w = 7, .box_h = 9, .ofs_x = 0, .ofs_y = 0},
    {.bitmap_index = 836, .adv_w = 208, .box_w = 13, .box_h = 12, .ofs_x = 0, .ofs_y = -3},
    {.bitmap_index = 914, .adv_w = 151, .box_w = 10, .box_h = 9, .ofs_x = 0, .ofs_y = 0},
    {.bitmap_index = 959, .adv_w = 137, .box_w = 8, .box_h = 9, .ofs_x = 0, .ofs_y = 0},
    {.bitmap_index = 995, .adv_w = 153, .box_w = 9, .box_h = 9, .ofs_x = 0, .ofs_y = 0},
    {.bitmap_index = 1036, .adv_w = 150, .box_w = 9, .box_h = 9, .ofs_x = 0, .ofs_y = 0},
    {.bitmap_index = 1077, .adv_w = 126, .box_w = 8, .box_h = 9, .ofs_x = 0, .ofs_y = 0},
    {.bitmap_index = 1113, .adv_w = 122, .box_w = 8, .box_h = 9, .ofs_x = 0, .ofs_y = 0},
    {.bitmap_index = 1149, .adv_w = 156, .box_w = 10, .box_h = 9, .ofs_x = 0, .ofs_y = 0},
    {.bitmap_index = 1194, .adv_w = 155, .box_w = 9, .box_h = 9, .ofs_x = 0, .ofs_y = 0},
    {.bitmap_index = 1235, .adv_w = 58, .box_w = 3, .box_h = 9, .ofs_x = 0, .ofs_y = 0},
    {.bitmap_index = 1249, .adv_w = 121, .box_w = 7, .box_h = 9, .ofs_x = 0, .ofs_y = 0},
    {.bitmap_index = 1281, .adv_w = 146, .box_w = 9, .box_h = 9, .ofs_x = 0, .ofs_y = 0},
    {.bitmap_index = 1322, .adv_w = 118, .box_w = 7, .box_h = 9, .ofs_x = 0, .ofs_y = 0},
    {.bitmap_index = 1354, .adv_w = 192, .box_w = 12, .box_h = 9, .ofs_x = 0, .ofs_y = 0},
    {.bitmap_index = 1408, .adv_w = 158, .box_w = 9, .box_h = 9, .ofs_x = 0, .ofs_y = 0},
    {.bitmap_index = 1449, .adv_w = 160, .box_w = 10, .box_h = 9, .ofs_x = 0, .ofs_y = 0},
    {.bitmap_index = 1494, .adv_w = 134, .box_w = 8, .box_h = 9, .ofs_x = 0, .ofs_y = 0},
    {.bitmap_index = 1530, .adv_w = 161, .box_w = 10, .box_h = 10, .ofs_x = 0, .ofs_y = -1},
    {.bitmap_index = 1580, .adv_w = 136, .box_w = 9, .box_h = 9, .ofs_x = 0, .ofs_y = 0},
    {.bitmap_index = 1621, .adv_w = 135, .box_w = 8, .box_h = 9, .ofs_x = 0, .ofs_y = 0},
    {.bitmap_index = 1657, .adv_w = 137, .box_w = 9, .box_h = 9, .ofs_x = 0, .ofs_y = 0},
    {.bitmap_index = 1698, .adv_w = 153, .box_w = 9, .box_h = 9, .ofs_x = 0, .ofs_y = 0},
    {.bitmap_index = 1739, .adv_w = 151, .box_w = 10, .box_h = 9, .ofs_x = 0, .ofs_y = 0},
    {.bitmap_index = 1784, .adv_w = 212, .box_w = 13, .box_h = 9, .ofs_x = 0, .ofs_y = 0},
    {.bitmap_index = 1843, .adv_w = 150, .box_w = 10, .box_h = 9, .ofs_x = 0, .ofs_y = 0},
    {.bitmap_index = 1888, .adv_w = 148, .box_w = 9, .box_h = 9, .ofs_x = 0, .ofs_y = 0},
    {.bitmap_index = 1929, .adv_w = 136, .box_w = 8, .box_h = 9, .ofs_x = 0, .ofs_y = 0},
    {.bitmap_index = 1965, .adv_w = 78, .box_w = 4, .box_h = 13, .ofs_x = 1, .ofs_y = -2},
    {.bitmap_index = 1991, .adv_w = 79, .box_w = 5, .box_h = 11, .ofs_x = 0, .ofs_y = -1},
    {.bitmap_index = 2019, .adv_w = 78, .box_w = 4, .box_h = 13, .ofs_x = 0, .ofs_y = -2},
    {.bitmap_index = 2045, .adv_w = 100, .box_w = 6, .box_h = 5, .ofs_x = 0, .ofs_y = 5},
    {.bitmap_index = 2060, .adv_w = 98, .box_w = 7, .box_h = 3, .ofs_x = 0, .ofs_y = -2},
    {.bitmap_index = 2071, .adv_w = 73, .box_w = 3, .box_h = 2, .ofs_x = 1, .ofs_y = 8},
    {.bitmap_index = 2074, .adv_w = 119, .box_w = 7, .box_h = 7, .ofs_x = 0, .ofs_y = 0},
    {.bitmap_index = 2099, .adv_w = 130, .box_w = 8, .box_h = 9, .ofs_x = 0, .ofs_y = 0},
    {.bitmap_index = 2135, .adv_w = 121, .box_w = 8, .box_h = 7, .ofs_x = 0, .ofs_y = 0},
    {.bitmap_index = 2163, .adv_w = 130, .box_w = 8, .box_h = 9, .ofs_x = 0, .ofs_y = 0},
    {.bitmap_index = 2199, .adv_w = 123, .box_w = 8, .box_h = 7, .ofs_x = 0, .ofs_y = 0},
    {.bitmap_index = 2227, .adv_w = 81, .box_w = 5, .box_h = 9, .ofs_x = 0, .ofs_y = 0},
    {.bitmap_index = 2250, .adv_w = 130, .box_w = 8, .box_h = 10, .ofs_x = 0, .ofs_y = -3},
    {.bitmap_index = 2290, .adv_w = 127, .box_w = 8, .box_h = 9, .ofs_x = 0, .ofs_y = 0},
    {.bitmap_index = 2326, .adv_w = 54, .box_w = 3, .box_h = 9, .ofs_x = 0, .ofs_y = 0},
    {.bitmap_index = 2340, .adv_w = 54, .box_w = 4, .box_h = 12, .ofs_x = -1, .ofs_y = -3},
    {.bitmap_index = 2364, .adv_w = 118, .box_w = 8, .box_h = 9, .ofs_x = 0, .ofs_y = 0},
    {.bitmap_index = 2400, .adv_w = 54, .box_w = 3, .box_h = 9, .ofs_x = 0, .ofs_y = 0},
    {.bitmap_index = 2414, .adv_w = 187, .box_w = 11, .box_h = 7, .ofs_x = 0, .ofs_y = 0},
    {.bitmap_index = 2453, .adv_w = 127, .box_w = 8, .box_h = 7, .ofs_x = 0, .ofs_y = 0},
    {.bitmap_index = 2481, .adv_w = 127, .box_w = 8, .box_h = 7, .ofs_x = 0, .ofs_y = 0},
    {.bitmap_index = 2509, .adv_w = 130, .box_w = 8, .box_h = 10, .ofs_x = 0, .ofs_y = -3},
    {.bitmap_index = 2549, .adv_w = 130, .box_w = 8, .box_h = 10, .ofs_x = 0, .ofs_y = -3},
    {.bitmap_index = 2589, .adv_w = 83, .box_w = 5, .box_h = 8, .ofs_x = 0, .ofs_y = 0},
    {.bitmap_index = 2609, .adv_w = 114, .box_w = 7, .box_h = 7, .ofs_x = 0, .ofs_y = 0},
    {.bitmap_index = 2634, .adv_w = 73, .box_w = 5, .box_h = 9, .ofs_x = 0, .ofs_y = 0},
    {.bitmap_index = 2657, .adv_w = 127, .box_w = 8, .box_h = 7, .ofs_x = 0, .ofs_y = 0},
    {.bitmap_index = 2685, .adv_w = 122, .box_w = 8, .box_h = 7, .ofs_x = 0, .ofs_y = 0},
    {.bitmap_index = 2713, .adv_w = 175, .box_w = 11, .box_h = 7, .ofs_x = 0, .ofs_y = 0},
    {.bitmap_index = 2752, .adv_w = 118, .box_w = 8, .box_h = 7, .ofs_x = 0, .ofs_y = 0},
    {.bitmap_index = 2780, .adv_w = 122, .box_w = 8, .box_h = 10, .ofs_x = 0, .ofs_y = -3},
    {.bitmap_index = 2820, .adv_w = 118, .box_w = 7, .box_h = 7, .ofs_x = 0, .ofs_y = 0},
    {.bitmap_index = 2845, .adv_w = 95, .box_w = 6, .box_h = 12, .ofs_x = 0, .ofs_y = -3},
    {.bitmap_index = 2881, .adv_w = 75, .box_w = 3, .box_h = 15, .ofs_x = 1, .ofs_y = -3},
    {.bitmap_index = 2904, .adv_w = 95, .box_w = 6, .box_h = 12, .ofs_x = 0, .ofs_y = -3},
    {.bitmap_index = 2940, .adv_w = 140, .box_w = 7, .box_h = 4, .ofs_x = 1, .ofs_y = 2},
    {.bitmap_index = 2954, .adv_w = 52, .box_w = 0, .box_h = 0, .ofs_x = 0, .ofs_y = 0},
    {.bitmap_index = 2954, .adv_w = 67, .box_w = 3, .box_h = 10, .ofs_x = 1, .ofs_y = -3},
    {.bitmap_index = 2969, .adv_w = 121, .box_w = 8, .box_h = 9, .ofs_x = 0, .ofs_y = 0},
    {.bitmap_index = 3005, .adv_w = 131, .box_w = 8, .box_h = 9, .ofs_x = 0, .ofs_y = 0},
    {.bitmap_index = 3041, .adv_w = 156, .box_w = 9, .box_h = 9, .ofs_x = 0, .ofs_y = 0},
    {.bitmap_index = 3082, .adv_w = 117, .box_w = 8, .box_h = 9, .ofs_x = 0, .ofs_y = 0},
    {.bitmap_index = 3118, .adv_w = 66, .box_w = 2, .box_h = 11, .ofs_x = 1, .ofs_y = -2},
    {.bitmap_index = 3129, .adv_w = 118, .box_w = 7, .box_h = 12, .ofs_x = 0, .ofs_y = -3},
    {.bitmap_index = 3171, .adv_w = 127, .box_w = 6, .box_h = 2, .ofs_x = 1, .ofs_y = 8},
    {.bitmap_index = 3177, .adv_w = 190, .box_w = 10, .box_h = 11, .ofs_x = 1, .ofs_y = -1},
    {.bitmap_index = 3232, .adv_w = 96, .box_w = 6, .box_h = 6, .ofs_x = 0, .ofs_y = 4},
    {.bitmap_index = 3250, .adv_w = 132, .box_w = 8, .box_h = 6, .ofs_x = 0, .ofs_y = 1},
    {.bitmap_index = 3274, .adv_w = 140, .box_w = 6, .box_h = 4, .ofs_x = 1, .ofs_y = 2},
    {.bitmap_index = 3286, .adv_w = 138, .box_w = 8, .box_h = 7, .ofs_x = 0, .ofs_y = 2},
    {.bitmap_index = 3314, .adv_w = 94, .box_w = 4, .box_h = 2, .ofs_x = 1, .ofs_y = 7},
    {.bitmap_index = 3318, .adv_w = 95, .box_w = 6, .box_h = 5, .ofs_x = 0, .ofs_y = 4},
    {.bitmap_index = 3333, .adv_w = 140, .box_w = 7, .box_h = 7, .ofs_x = 1, .ofs_y = 0},
    {.bitmap_index = 3358, .adv_w = 94, .box_w = 6, .box_h = 5, .ofs_x = 0, .ofs_y = 6},
    {.bitmap_index = 3373, .adv_w = 96, .box_w = 6, .box_h = 5, .ofs_x = 0, .ofs_y = 6},
    {.bitmap_index = 3388, .adv_w = 73, .box_w = 3, .box_h = 2, .ofs_x = 1, .ofs_y = 8},
    {.bitmap_index = 3391, .adv_w = 128, .box_w = 8, .box_h = 10, .ofs_x = 0, .ofs_y = -3},
    {.bitmap_index = 3431, .adv_w = 125, .box_w = 7, .box_h = 9, .ofs_x = 0, .ofs_y = 0},
    {.bitmap_index = 3463, .adv_w = 66, .box_w = 3, .box_h = 2, .ofs_x = 1, .ofs_y = 3},
    {.bitmap_index = 3466, .adv_w = 69, .box_w = 3, .box_h = 4, .ofs_x = 1, .ofs_y = -3},
    {.bitmap_index = 3472, .adv_w = 67, .box_w = 4, .box_h = 5, .ofs_x = 0, .ofs_y = 6},
    {.bitmap_index = 3482, .adv_w = 101, .box_w = 6, .box_h = 6, .ofs_x = 0, .ofs_y = 4},
    {.bitmap_index = 3500, .adv_w = 132, .box_w = 8, .box_h = 6, .ofs_x = 0, .ofs_y = 1},
    {.bitmap_index = 3524, .adv_w = 173, .box_w = 11, .box_h = 10, .ofs_x = 0, .ofs_y = 0},
    {.bitmap_index = 3579, .adv_w = 181, .box_w = 11, .box_h = 9, .ofs_x = 0, .ofs_y = 0},
    {.bitmap_index = 3629, .adv_w = 189, .box_w = 12, .box_h = 10, .ofs_x = 0, .ofs_y = 0},
    {.bitmap_index = 3689, .adv_w = 113, .box_w = 7, .box_h = 10, .ofs_x = 0, .ofs_y = -3},
    {.bitmap_index = 3724, .adv_w = 151, .box_w = 10, .box_h = 12, .ofs_x = 0, .ofs_y = 0},
    {.bitmap_index = 3784, .adv_w = 151, .box_w = 10, .box_h = 12, .ofs_x = 0, .ofs_y = 0},
    {.bitmap_index = 3844, .adv_w = 151, .box_w = 10, .box_h = 12, .ofs_x = 0, .ofs_y = 0},
    {.bitmap_index = 3904, .adv_w = 151, .box_w = 10, .box_h = 12, .ofs_x = 0, .ofs_y = 0},
    {.bitmap_index = 3964, .adv_w = 151, .box_w = 10, .box_h = 12, .ofs_x = 0, .ofs_y = 0},
    {.bitmap_index = 4024, .adv_w = 151, .box_w = 10, .box_h = 13, .ofs_x = 0, .ofs_y = 0},
    {.bitmap_index = 4089, .adv_w = 211, .box_w = 13, .box_h = 9, .ofs_x = 0, .ofs_y = 0},
    {.bitmap_index = 4148, .adv_w = 153, .box_w = 9, .box_h = 12, .ofs_x = 0, .ofs_y = -3},
    {.bitmap_index = 4202, .adv_w = 126, .box_w = 8, .box_h = 12, .ofs_x = 0, .ofs_y = 0},
    {.bitmap_index = 4250, .adv_w = 126, .box_w = 8, .box_h = 12, .ofs_x = 0, .ofs_y = 0},
    {.bitmap_index = 4298, .adv_w = 126, .box_w = 8, .box_h = 12, .ofs_x = 0, .ofs_y = 0},
    {.bitmap_index = 4346, .adv_w = 126, .box_w = 8, .box_h = 12, .ofs_x = 0, .ofs_y = 0},
    {.bitmap_index = 4394, .adv_w = 58, .box_w = 4, .box_h = 12, .ofs_x = -1, .ofs_y = 0},
    {.bitmap_index = 4418, .adv_w = 58, .box_w = 4, .box_h = 12, .ofs_x = 0, .ofs_y = 0},
    {.bitmap_index = 4442, .adv_w = 58, .box_w = 6, .box_h = 12, .ofs_x = -1, .ofs_y = 0},
    {.bitmap_index = 4478, .adv_w = 58, .box_w = 6, .box_h = 12, .ofs_x = -1, .ofs_y = 0},
    {.bitmap_index = 4514, .adv_w = 156, .box_w = 10, .box_h = 9, .ofs_x = 0, .ofs_y = 0},
    {.bitmap_index = 4559, .adv_w = 158, .box_w = 9, .box_h = 12, .ofs_x = 0, .ofs_y = 0},
    {.bitmap_index = 4613, .adv_w = 160, .box_w = 10, .box_h = 12, .ofs_x = 0, .ofs_y = 0},
    {.bitmap_index = 4673, .adv_w = 160, .box_w = 10, .box_h = 12, .ofs_x = 0, .ofs_y = 0},
    {.bitmap_index = 4733, .adv_w = 160, .box_w = 10, .box_h = 12, .ofs_x = 0, .ofs_y = 0},
    {.bitmap_index = 4793, .adv_w = 160, .box_w = 10, .box_h = 12, .ofs_x = 0, .ofs_y = 0},
    {.bitmap_index = 4853, .adv_w = 160, .box_w = 10, .box_h = 12, .ofs_x = 0, .ofs_y = 0},
    {.bitmap_index = 4913, .adv_w = 140, .box_w = 7, .box_h = 7, .ofs_x = 1, .ofs_y = 0},
    {.bitmap_index = 4938, .adv_w = 160, .box_w = 10, .box_h = 11, .ofs_x = 0, .ofs_y = -1},
    {.bitmap_index = 4993, .adv_w = 153, .box_w = 9, .box_h = 12, .ofs_x = 0, .ofs_y = 0},
    {.bitmap_index = 5047, .adv_w = 153, .box_w = 9, .box_h = 12, .ofs_x = 0, .ofs_y = 0},
    {.bitmap_index = 5101, .adv_w = 153, .box_w = 9, .box_h = 12, .ofs_x = 0, .ofs_y = 0},
    {.bitmap_index = 5155, .adv_w = 153, .box_w = 9, .box_h = 12, .ofs_x = 0, .ofs_y = 0},
    {.bitmap_index = 5209, .adv_w = 148, .box_w = 9, .box_h = 12, .ofs_x = 0, .ofs_y = 0},
    {.bitmap_index = 5263, .adv_w = 137, .box_w = 8, .box_h = 9, .ofs_x = 0, .ofs_y = 0},
    {.bitmap_index = 5299, .adv_w = 134, .box_w = 8, .box_h = 9, .ofs_x = 0, .ofs_y = 0},
    {.bitmap_index = 5335, .adv_w = 119, .box_w = 7, .box_h = 10, .ofs_x = 0, .ofs_y = 0},
    {.bitmap_index = 5370, .adv_w = 119, .box_w = 7, .box_h = 10, .ofs_x = 0, .ofs_y = 0},
    {.bitmap_index = 5405, .adv_w = 119, .box_w = 7, .box_h = 10, .ofs_x = 0, .ofs_y = 0},
    {.bitmap_index = 5440, .adv_w = 119, .box_w = 7, .box_h = 9, .ofs_x = 0, .ofs_y = 0},
    {.bitmap_index = 5472, .adv_w = 119, .box_w = 7, .box_h = 9, .ofs_x = 0, .ofs_y = 0},
    {.bitmap_index = 5504, .adv_w = 119, .box_w = 7, .box_h = 11, .ofs_x = 0, .ofs_y = 0},
    {.bitmap_index = 5543, .adv_w = 190, .box_w = 12, .box_h = 7, .ofs_x = 0, .ofs_y = 0},
    {.bitmap_index = 5585, .adv_w = 121, .box_w = 8, .box_h = 10, .ofs_x = 0, .ofs_y = -3},
    {.bitmap_index = 5625, .adv_w = 123, .box_w = 8, .box_h = 10, .ofs_x = 0, .ofs_y = 0},
    {.bitmap_index = 5665, .adv_w = 123, .box_w = 8, .box_h = 10, .ofs_x = 0, .ofs_y = 0},
    {.bitmap_index = 5705, .adv_w = 123, .box_w = 8, .box_h = 10, .ofs_x = 0, .ofs_y = 0},
    {.bitmap_index = 5745, .adv_w = 123, .box_w = 8, .box_h = 9, .ofs_x = 0, .ofs_y = 0},
    {.bitmap_index = 5781, .adv_w = 54, .box_w = 4, .box_h = 10, .ofs_x = -1, .ofs_y = 0},
    {.bitmap_index = 5801, .adv_w = 54, .box_w = 4, .box_h = 10, .ofs_x = 0, .ofs_y = 0},
    {.bitmap_index = 5821, .adv_w = 54, .box_w = 6, .box_h = 10, .ofs_x = -1, .ofs_y = 0},
    {.bitmap_index = 5851, .adv_w = 54, .box_w = 5, .box_h = 9, .ofs_x = -1, .ofs_y = 0},
    {.bitmap_index = 5874, .adv_w = 124, .box_w = 8, .box_h = 11, .ofs_x = 0, .ofs_y = 0},
    {.bitmap_index = 5918, .adv_w = 127, .box_w = 8, .box_h = 9, .ofs_x = 0, .ofs_y = 0},
    {.bitmap_index = 5954, .adv_w = 127, .box_w = 8, .box_h = 10, .ofs_x = 0, .ofs_y = 0},
    {.bitmap_index = 5994, .adv_w = 127, .box_w = 8, .box_h = 10, .ofs_x = 0, .ofs_y = 0},
    {.bitmap_index = 6034, .adv_w = 127, .box_w = 8, .box_h = 10, .ofs_x = 0, .ofs_y = 0},
    {.bitmap_index = 6074, .adv_w = 127, .box_w = 8, .box_h = 9, .ofs_x = 0, .ofs_y = 0},
    {.bitmap_index = 6110, .adv_w = 127, .box_w = 8, .box_h = 9, .ofs_x = 0, .ofs_y = 0},
    {.bitmap_index = 6146, .adv_w = 140, .box_w = 7, .box_h = 7, .ofs_x = 1, .ofs_y = 0},
    {.bitmap_index = 6171, .adv_w = 127, .box_w = 8, .box_h = 9, .ofs_x = 0, .ofs_y = -1},
    {.bitmap_index = 6207, .adv_w = 127, .box_w = 8, .box_h = 10, .ofs_x = 0, .ofs_y = 0},
    {.bitmap_index = 6247, .adv_w = 127, .box_w = 8, .box_h = 10, .ofs_x = 0, .ofs_y = 0},
    {.bitmap_index = 6287, .adv_w = 127, .box_w = 8, .box_h = 10, .ofs_x = 0, .ofs_y = 0},
    {.bitmap_index = 6327, .adv_w = 127, .box_w = 8, .box_h = 9, .ofs_x = 0, .ofs_y = 0},
    {.bitmap_index = 6363, .adv_w = 122, .box_w = 8, .box_h = 12, .ofs_x = 0, .ofs_y = -3},
    {.bitmap_index = 6411, .adv_w = 130, .box_w = 8, .box_h = 12, .ofs_x = 0, .ofs_y = -3},
    {.bitmap_index = 6459, .adv_w = 122, .box_w = 8, .box_h = 12, .ofs_x = 0, .ofs_y = -3},
    {.bitmap_index = 6507, .adv_w = 151, .box_w = 10, .box_h = 12, .ofs_x = 0, .ofs_y = 0},
    {.bitmap_index = 6567, .adv_w = 119, .box_w = 7, .box_h = 9, .ofs_x = 0, .ofs_y = 0},
    {.bitmap_index = 6599, .adv_w = 151, .box_w = 10, .box_h = 12, .ofs_x = 0, .ofs_y = 0},
    {.bitmap_index = 6659, .adv_w = 119, .box_w = 7, .box_h = 10, .ofs_x = 0, .ofs_y = 0},
    {.bitmap_index = 6694, .adv_w = 151, .box_w = 10, .box_h = 12, .ofs_x = 0, .ofs_y = -3},
    {.bitmap_index = 6754, .adv_w = 119, .box_w = 7, .box_h = 10, .ofs_x = 0, .ofs_y = -3},
    {.bitmap_index = 6789, .adv_w = 153, .box_w = 9, .box_h = 12, .ofs_x = 0, .ofs_y = 0},
    {.bitmap_index = 6843, .adv_w = 121, .box_w = 8, .box_h = 10, .ofs_x = 0, .ofs_y = 0},
    {.bitmap_index = 6883, .adv_w = 153, .box_w = 9, .box_h = 12, .ofs_x = 0, .ofs_y = 0},
    {.bitmap_index = 6937, .adv_w = 121, .box_w = 8, .box_h = 10, .ofs_x = 0, .ofs_y = 0},
    {.bitmap_index = 6977, .adv_w = 153, .box_w = 9, .box_h = 12, .ofs_x = 0, .ofs_y = 0},
    {.bitmap_index = 7031, .adv_w = 121, .box_w = 8, .box_h = 9, .ofs_x = 0, .ofs_y = 0},
    {.bitmap_index = 7067, .adv_w = 153, .box_w = 9, .box_h = 12, .ofs_x = 0, .ofs_y = 0},
    {.bitmap_index = 7121, .adv_w = 121, .box_w = 8, .box_h = 10, .ofs_x = 0, .ofs_y = 0},
    {.bitmap_index = 7161, .adv_w = 150, .box_w = 9, .box_h = 12, .ofs_x = 0, .ofs_y = 0},
    {.bitmap_index = 7215, .adv_w = 154, .box_w = 10, .box_h = 10, .ofs_x = 0, .ofs_y = 0},
    {.bitmap_index = 7265, .adv_w = 156, .box_w = 10, .box_h = 9, .ofs_x = 0, .ofs_y = 0},
    {.bitmap_index = 7310, .adv_w = 130, .box_w = 9, .box_h = 9, .ofs_x = 0, .ofs_y = 0},
    {.bitmap_index = 7351, .adv_w = 126, .box_w = 8, .box_h = 12, .ofs_x = 0, .ofs_y = 0},
    {.bitmap_index = 7399, .adv_w = 123, .box_w = 8, .box_h = 9, .ofs_x = 0, .ofs_y = 0},
    {.bitmap_index = 7435, .adv_w = 126, .box_w = 8, .box_h = 12, .ofs_x = 0, .ofs_y = 0},
    {.bitmap_index = 7483, .adv_w = 123, .box_w = 8, .box_h = 10, .ofs_x = 0, .ofs_y = 0},
    {.bitmap_index = 7523, .adv_w = 126, .box_w = 8, .box_h = 12, .ofs_x = 0, .ofs_y = 0},
    {.bitmap_index = 7571, .adv_w = 123, .box_w = 8, .box_h = 9, .ofs_x = 0, .ofs_y = 0},
    {.bitmap_index = 7607, .adv_w = 126, .box_w = 8, .box_h = 12, .ofs_x = 0, .ofs_y = -3},
    {.bitmap_index = 7655, .adv_w = 123, .box_w = 8, .box_h = 10, .ofs_x = 0, .ofs_y = -3},
    {.bitmap_index = 7695, .adv_w = 126, .box_w = 8, .box_h = 12, .ofs_x = 0, .ofs_y = 0},
    {.bitmap_index = 7743, .adv_w = 123, .box_w = 8, .box_h = 10, .ofs_x = 0, .ofs_y = 0},
    {.bitmap_index = 7783, .adv_w = 156, .box_w = 10, .box_h = 12, .ofs_x = 0, .ofs_y = 0},
    {.bitmap_index = 7843, .adv_w = 130, .box_w = 8, .box_h = 13, .ofs_x = 0, .ofs_y = -3},
    {.bitmap_index = 7895, .adv_w = 156, .box_w = 10, .box_h = 12, .ofs_x = 0, .ofs_y = 0},
    {.bitmap_index = 7955, .adv_w = 130, .box_w = 8, .box_h = 13, .ofs_x = 0, .ofs_y = -3},
    {.bitmap_index = 8007, .adv_w = 156, .box_w = 10, .box_h = 12, .ofs_x = 0, .ofs_y = 0},
    {.bitmap_index = 8067, .adv_w = 130, .box_w = 8, .box_h = 12, .ofs_x = 0, .ofs_y = -3},
    {.bitmap_index = 8115, .adv_w = 156, .box_w = 10, .box_h = 12, .ofs_x = 0, .ofs_y = -3},
    {.bitmap_index = 8175, .adv_w = 130, .box_w = 8, .box_h = 14, .ofs_x = 0, .ofs_y = -3},
    {.bitmap_index = 8231, .adv_w = 155, .box_w = 9, .box_h = 12, .ofs_x = 0, .ofs_y = 0},
    {.bitmap_index = 8285, .adv_w = 127, .box_w = 9, .box_h = 12, .ofs_x = -1, .ofs_y = 0},
    {.bitmap_index = 8339, .adv_w = 166, .box_w = 10, .box_h = 9, .ofs_x = 0, .ofs_y = 0},
    {.bitmap_index = 8384, .adv_w = 127, .box_w = 9, .box_h = 9, .ofs_x = -1, .ofs_y = 0},
    {.bitmap_index = 8425, .adv_w = 58, .box_w = 5, .box_h = 12, .ofs_x = -1, .ofs_y = 0},
    {.bitmap_index = 8455, .adv_w = 54, .box_w = 5, .box_h = 9, .ofs_x = -1, .ofs_y = 0},
    {.bitmap_index = 8478, .adv_w = 58, .box_w = 5, .box_h = 12, .ofs_x = -1, .ofs_y = 0},
    {.bitmap_index = 8508, .adv_w = 54, .box_w = 5, .box_h = 9, .ofs_x = -1, .ofs_y = 0},
    {.bitmap_index = 8531, .adv_w = 58, .box_w = 5, .box_h = 12, .ofs_x = -1, .ofs_y = 0},
    {.bitmap_index = 8561, .adv_w = 54, .box_w = 5, .box_h = 10, .ofs_x = -1, .ofs_y = 0},
    {.bitmap_index = 8586, .adv_w = 58, .box_w = 3, .box_h = 12, .ofs_x = 0, .ofs_y = -3},
    {.bitmap_index = 8604, .adv_w = 54, .box_w = 4, .box_h = 12, .ofs_x = -1, .ofs_y = -3},
    {.bitmap_index = 8628, .adv_w = 58, .box_w = 3, .box_h = 12, .ofs_x = 0, .ofs_y = 0},
    {.bitmap_index = 8646, .adv_w = 54, .box_w = 3, .box_h = 7, .ofs_x = 0, .ofs_y = 0},
    {.bitmap_index = 8657, .adv_w = 178, .box_w = 11, .box_h = 9, .ofs_x = 0, .ofs_y = 0},
    {.bitmap_index = 8707, .adv_w = 109, .box_w = 7, .box_h = 12, .ofs_x = 0, .ofs_y = -3},
    {.bitmap_index = 8749, .adv_w = 121, .box_w = 9, .box_h = 12, .ofs_x = 0, .ofs_y = 0},
    {.bitmap_index = 8803, .adv_w = 54, .box_w = 6, .box_h = 13, .ofs_x = -1, .ofs_y = -3},
    {.bitmap_index = 8842, .adv_w = 146, .box_w = 9, .box_h = 12, .ofs_x = 0, .ofs_y = -3},
    {.bitmap_index = 8896, .adv_w = 118, .box_w = 8, .box_h = 12, .ofs_x = 0, .ofs_y = -3},
    {.bitmap_index = 8944, .adv_w = 118, .box_w = 8, .box_h = 7, .ofs_x = 0, .ofs_y = 0},
    {.bitmap_index = 8972, .adv_w = 118, .box_w = 7, .box_h = 12, .ofs_x = 0, .ofs_y = 0},
    {.bitmap_index = 9014, .adv_w = 54, .box_w = 4, .box_h = 12, .ofs_x = 0, .ofs_y = 0},
    {.bitmap_index = 9038, .adv_w = 118, .box_w = 7, .box_h = 12, .ofs_x = 0, .ofs_y = -3},
    {.bitmap_index = 9080, .adv_w = 54, .box_w = 3, .box_h = 12, .ofs_x = 0, .ofs_y = -3},
    {.bitmap_index = 9098, .adv_w = 118, .box_w = 7, .box_h = 10, .ofs_x = 0, .ofs_y = 0},
    {.bitmap_index = 9133, .adv_w = 78, .box_w = 5, .box_h = 10, .ofs_x = 0, .ofs_y = 0},
    {.bitmap_index = 9158, .adv_w = 119, .box_w = 7, .box_h = 9, .ofs_x = 0, .ofs_y = 0},
    {.bitmap_index = 9190, .adv_w = 87, .box_w = 6, .box_h = 9, .ofs_x = 0, .ofs_y = 0},
    {.bitmap_index = 9217, .adv_w = 125, .box_w = 8, .box_h = 9, .ofs_x = 0, .ofs_y = 0},
    {.bitmap_index = 9253, .adv_w = 54, .box_w = 5, .box_h = 9, .ofs_x = -1, .ofs_y = 0},
    {.bitmap_index = 9276, .adv_w = 158, .box_w = 9, .box_h = 12, .ofs_x = 0, .ofs_y = 0},
    {.bitmap_index = 9330, .adv_w = 127, .box_w = 8, .box_h = 10, .ofs_x = 0, .ofs_y = 0},
    {.bitmap_index = 9370, .adv_w = 158, .box_w = 9, .box_h = 12, .ofs_x = 0, .ofs_y = -3},
    {.bitmap_index = 9424, .adv_w = 127, .box_w = 8, .box_h = 10, .ofs_x = 0, .ofs_y = -3},
    {.bitmap_index = 9464, .adv_w = 158, .box_w = 9, .box_h = 12, .ofs_x = 0, .ofs_y = 0},
    {.bitmap_index = 9518, .adv_w = 127, .box_w = 8, .box_h = 10, .ofs_x = 0, .ofs_y = 0},
    {.bitmap_index = 9558, .adv_w = 158, .box_w = 9, .box_h = 12, .ofs_x = 0, .ofs_y = -3},
    {.bitmap_index = 9612, .adv_w = 127, .box_w = 8, .box_h = 10, .ofs_x = 0, .ofs_y = -3},
    {.bitmap_index = 9652, .adv_w = 160, .box_w = 10, .box_h = 12, .ofs_x = 0, .ofs_y = 0},
    {.bitmap_index = 9712, .adv_w = 127, .box_w = 8, .box_h = 9, .ofs_x = 0, .ofs_y = 0},
    {.bitmap_index = 9748, .adv_w = 160, .box_w = 10, .box_h = 12, .ofs_x = 0, .ofs_y = 0},
    {.bitmap_index = 9808, .adv_w = 127, .box_w = 8, .box_h = 10, .ofs_x = 0, .ofs_y = 0},
    {.bitmap_index = 9848, .adv_w = 160, .box_w = 10, .box_h = 12, .ofs_x = 0, .ofs_y = 0},
    {.bitmap_index = 9908, .adv_w = 127, .box_w = 8, .box_h = 10, .ofs_x = 0, .ofs_y = 0},
    {.bitmap_index = 9948, .adv_w = 211, .box_w = 13, .box_h = 9, .ofs_x = 0, .ofs_y = 0},
    {.bitmap_index = 10007, .adv_w = 206, .box_w = 13, .box_h = 7, .ofs_x = 0, .ofs_y = 0},
    {.bitmap_index = 10053, .adv_w = 136, .box_w = 9, .box_h = 12, .ofs_x = 0, .ofs_y = 0},
    {.bitmap_index = 10107, .adv_w = 83, .box_w = 5, .box_h = 10, .ofs_x = 0, .ofs_y = 0},
    {.bitmap_index = 10132, .adv_w = 136, .box_w = 9, .box_h = 12, .ofs_x = 0, .ofs_y = -3},
    {.bitmap_index = 10186, .adv_w = 83, .box_w = 5, .box_h = 11, .ofs_x = 0, .ofs_y = -3},
    {.bitmap_index = 10214, .adv_w = 136, .box_w = 9, .box_h = 12, .ofs_x = 0, .ofs_y = 0},
    {.bitmap_index = 10268, .adv_w = 83, .box_w = 6, .box_h = 10, .ofs_x = 0, .ofs_y = 0},
    {.bitmap_index = 10298, .adv_w = 135, .box_w = 8, .box_h = 12, .ofs_x = 0, .ofs_y = 0},
    {.bitmap_index = 10346, .adv_w = 114, .box_w = 7, .box_h = 10, .ofs_x = 0, .ofs_y = 0},
    {.bitmap_index = 10381, .adv_w = 135, .box_w = 8, .box_h = 12, .ofs_x = 0, .ofs_y = 0},
    {.bitmap_index = 10429, .adv_w = 114, .box_w = 7, .box_h = 10, .ofs_x = 0, .ofs_y = 0},
    {.bitmap_index = 10464, .adv_w = 135, .box_w = 8, .box_h = 12, .ofs_x = 0, .ofs_y = -3},
    {.bitmap_index = 10512, .adv_w = 114, .box_w = 7, .box_h = 10, .ofs_x = 0, .ofs_y = -3},
    {.bitmap_index = 10547, .adv_w = 135, .box_w = 8, .box_h = 12, .ofs_x = 0, .ofs_y = 0},
    {.bitmap_index = 10595, .adv_w = 114, .box_w = 7, .box_h = 10, .ofs_x = 0, .ofs_y = 0},
    {.bitmap_index = 10630, .adv_w = 137, .box_w = 9, .box_h = 12, .ofs_x = 0, .ofs_y = -3},
    {.bitmap_index = 10684, .adv_w = 73, .box_w = 5, .box_h = 11, .ofs_x = 0, .ofs_y = -3},
    {.bitmap_index = 10712, .adv_w = 137, .box_w = 9, .box_h = 12, .ofs_x = 0, .ofs_y = 0},
    {.bitmap_index = 10766, .adv_w = 87, .box_w = 5, .box_h = 11, .ofs_x = 0, .ofs_y = 0},
    {.bitmap_index = 10794, .adv_w = 137, .box_w = 9, .box_h = 9, .ofs_x = 0, .ofs_y = 0},
    {.bitmap_index = 10835, .adv_w = 73, .box_w = 5, .box_h = 9, .ofs_x = 0, .ofs_y = 0},
    {.bitmap_index = 10858, .adv_w = 153, .box_w = 9, .box_h = 12, .ofs_x = 0, .ofs_y = 0},
    {.bitmap_index = 10912, .adv_w = 127, .box_w = 8, .box_h = 9, .ofs_x = 0, .ofs_y = 0},
    {.bitmap_index = 10948, .adv_w = 153, .box_w = 9, .box_h = 12, .ofs_x = 0, .ofs_y = 0},
    {.bitmap_index = 11002, .adv_w = 127, .box_w = 8, .box_h = 9, .ofs_x = 0, .ofs_y = 0},
    {.bitmap_index = 11038, .adv_w = 153, .box_w = 9, .box_h = 12, .ofs_x = 0, .ofs_y = 0},
    {.bitmap_index = 11092, .adv_w = 127, .box_w = 8, .box_h = 10, .ofs_x = 0, .ofs_y = 0},
    {.bitmap_index = 11132, .adv_w = 153, .box_w = 9, .box_h = 13, .ofs_x = 0, .ofs_y = 0},
    {.bitmap_index = 11191, .adv_w = 127, .box_w = 8, .box_h = 11, .ofs_x = 0, .ofs_y = 0},
    {.bitmap_index = 11235, .adv_w = 153, .box_w = 9, .box_h = 12, .ofs_x = 0, .ofs_y = 0},
    {.bitmap_index = 11289, .adv_w = 127, .box_w = 8, .box_h = 10, .ofs_x = 0, .ofs_y = 0},
    {.bitmap_index = 11329, .adv_w = 153, .box_w = 9, .box_h = 12, .ofs_x = 0, .ofs_y = -3},
    {.bitmap_index = 11383, .adv_w = 127, .box_w = 8, .box_h = 10, .ofs_x = 0, .ofs_y = -3},
    {.bitmap_index = 11423, .adv_w = 212, .box_w = 13, .box_h = 12, .ofs_x = 0, .ofs_y = 0},
    {.bitmap_index = 11501, .adv_w = 175, .box_w = 11, .box_h = 10, .ofs_x = 0, .ofs_y = 0},
    {.bitmap_index = 11556, .adv_w = 148, .box_w = 9, .box_h = 12, .ofs_x = 0, .ofs_y = 0},
    {.bitmap_index = 11610, .adv_w = 122, .box_w = 8, .box_h = 13, .ofs_x = 0, .ofs_y = -3},
    {.bitmap_index = 11662, .adv_w = 148, .box_w = 9, .box_h = 12, .ofs_x = 0, .ofs_y = 0},
    {.bitmap_index = 11716, .adv_w = 136, .box_w = 8, .box_h = 12, .ofs_x = 0, .ofs_y = 0},
    {.bitmap_index = 11764, .adv_w = 118, .box_w = 7, .box_h = 10, .ofs_x = 0, .ofs_y = 0},
    {.bitmap_index = 11799, .adv_w = 136, .box_w = 8, .box_h = 12, .ofs_x = 0, .ofs_y = 0},
    {.bitmap_index = 11847, .adv_w = 118, .box_w = 7, .box_h = 9, .ofs_x = 0, .ofs_y = 0},
    {.bitmap_index = 11879, .adv_w = 136, .box_w = 8, .box_h = 12, .ofs_x = 0, .ofs_y = 0},
    {.bitmap_index = 11927, .adv_w = 118, .box_w = 7, .box_h = 10, .ofs_x = 0, .ofs_y = 0},
    {.bitmap_index = 11962, .adv_w = 70, .box_w = 5, .box_h = 9, .ofs_x = 0, .ofs_y = 0},
    {.bitmap_index = 11985, .adv_w = 117, .box_w = 0, .box_h = 0, .ofs_x = 0, .ofs_y = 0},
    {.bitmap_index = 11985, .adv_w = 232, .box_w = 0, .box_h = 0, .ofs_x = 0, .ofs_y = 0},
    {.bitmap_index = 11985, .adv_w = 104, .box_w = 0, .box_h = 0, .ofs_x = 0, .ofs_y = 0},
    {.bitmap_index = 11985, .adv_w = 208, .box_w = 0, .box_h = 0, .ofs_x = 0, .ofs_y = 0},
    {.bitmap_index = 11985, .adv_w = 69, .box_w = 0, .box_h = 0, .ofs_x = 0, .ofs_y = 0},
    {.bitmap_index = 11985, .adv_w = 52, .box_w = 0, .box_h = 0, .ofs_x = 0, .ofs_y = 0},
    {.bitmap_index = 11985, .adv_w = 35, .box_w = 0, .box_h = 0, .ofs_x = 0, .ofs_y = 0},
    {.bitmap_index = 11985, .adv_w = 135, .box_w = 0, .box_h = 0, .ofs_x = 0, .ofs_y = 0},
    {.bitmap_index = 11985, .adv_w = 66, .box_w = 0, .box_h = 0, .ofs_x = 0, .ofs_y = 0},
    {.bitmap_index = 11985, .adv_w = 34, .box_w = 0, .box_h = 0, .ofs_x = 0, .ofs_y = 0},
    {.bitmap_index = 11985, .adv_w = 17, .box_w = 0, .box_h = 0, .ofs_x = 0, .ofs_y = 0},
    {.bitmap_index = 11985, .adv_w = 0, .box_w = 0, .box_h = 0, .ofs_x = 0, .ofs_y = 0},
    {.bitmap_index = 11985, .adv_w = 88, .box_w = 5, .box_h = 3, .ofs_x = 0, .ofs_y = 2},
    {.bitmap_index = 11993, .adv_w = 88, .box_w = 5, .box_h = 3, .ofs_x = 0, .ofs_y = 2},
    {.bitmap_index = 12001, .adv_w = 135, .box_w = 8, .box_h = 3, .ofs_x = 0, .ofs_y = 3},
    {.bitmap_index = 12013, .adv_w = 104, .box_w = 7, .box_h = 3, .ofs_x = 0, .ofs_y = 2},
    {.bitmap_index = 12024, .adv_w = 208, .box_w = 13, .box_h = 3, .ofs_x = 0, .ofs_y = 2},
    {.bitmap_index = 12044, .adv_w = 208, .box_w = 13, .box_h = 3, .ofs_x = 0, .ofs_y = 2},
    {.bitmap_index = 12064, .adv_w = 112, .box_w = 5, .box_h = 15, .ofs_x = 1, .ofs_y = -3},
    {.bitmap_index = 12102, .adv_w = 97, .box_w = 7, .box_h = 3, .ofs_x = 0, .ofs_y = -3},
    {.bitmap_index = 12113, .adv_w = 61, .box_w = 3, .box_h = 4, .ofs_x = 1, .ofs_y = 5},
    {.bitmap_index = 12119, .adv_w = 61, .box_w = 3, .box_h = 4, .ofs_x = 1, .ofs_y = 5},
    {.bitmap_index = 12125, .adv_w = 57, .box_w = 4, .box_h = 4, .ofs_x = 0, .ofs_y = -3},
    {.bitmap_index = 12133, .adv_w = 61, .box_w = 3, .box_h = 4, .ofs_x = 0, .ofs_y = 5},
    {.bitmap_index = 12139, .adv_w = 105, .box_w = 6, .box_h = 4, .ofs_x = 1, .ofs_y = 5},
    {.bitmap_index = 12151, .adv_w = 104, .box_w = 5, .box_h = 4, .ofs_x = 1, .ofs_y = 5},
    {.bitmap_index = 12161, .adv_w = 100, .box_w = 6, .box_h = 4, .ofs_x = 0, .ofs_y = -3},
    {.bitmap_index = 12173, .adv_w = 104, .box_w = 6, .box_h = 4, .ofs_x = 0, .ofs_y = 5},
    {.bitmap_index = 12185, .adv_w = 115, .box_w = 7, .box_h = 7, .ofs_x = 0, .ofs_y = 2},
    {.bitmap_index = 12210, .adv_w = 115, .box_w = 7, .box_h = 9, .ofs_x = 0, .ofs_y = 0},
    {.bitmap_index = 12242, .adv_w = 105, .box_w = 5, .box_h = 4, .ofs_x = 1, .ofs_y = 2},
    {.bitmap_index = 12252, .adv_w = 105, .box_w = 5, .box_h = 5, .ofs_x = 1, .ofs_y = 1},
    {.bitmap_index = 12265, .adv_w = 66, .box_w = 3, .box_h = 2, .ofs_x = 1, .ofs_y = 0},
    {.bitmap_index = 12268, .adv_w = 133, .box_w = 7, .box_h = 2, .ofs_x = 1, .ofs_y = 0},
    {.bitmap_index = 12275, .adv_w = 199, .box_w = 11, .box_h = 2, .ofs_x = 1, .ofs_y = 0},
    {.bitmap_index = 12286, .adv_w = 66, .box_w = 3, .box_h = 2, .ofs_x = 1, .ofs_y = 3},
    {.bitmap_index = 12289, .adv_w = 34, .box_w = 0, .box_h = 0, .ofs_x = 0, .ofs_y = 0},
    {.bitmap_index = 12289, .adv_w = 285, .box_w = 16, .box_h = 9, .ofs_x = 1, .ofs_y = 0},
    {.bitmap_index = 12361, .adv_w = 362, .box_w = 21, .box_h = 9, .ofs_x = 1, .ofs_y = 0},
    {.bitmap_index = 12456, .adv_w = 54, .box_w = 3, .box_h = 4, .ofs_x = 0, .ofs_y = 5},
    {.bitmap_index = 12462, .adv_w = 107, .box_w = 6, .box_h = 4, .ofs_x = 0, .ofs_y = 5},
    {.bitmap_index = 12474, .adv_w = 160, .box_w = 10, .box_h = 4, .ofs_x = 0, .ofs_y = 5},
    {.bitmap_index = 12494, .adv_w = 54, .box_w = 3, .box_h = 4, .ofs_x = 0, .ofs_y = 5},
    {.bitmap_index = 12500, .adv_w = 107, .box_w = 6, .box_h = 4, .ofs_x = 0, .ofs_y = 5},
    {.bitmap_index = 12512, .adv_w = 160, .box_w = 10, .box_h = 4, .ofs_x = 0, .ofs_y = 5},
    {.bitmap_index = 12532, .adv_w = 108, .box_w = 7, .box_h = 3, .ofs_x = 0, .ofs_y = -3},
    {.bitmap_index = 12543, .adv_w = 86, .box_w = 5, .box_h = 6, .ofs_x = 0, .ofs_y = 1},
    {.bitmap_index = 12558, .adv_w = 86, .box_w = 5, .box_h = 6, .ofs_x = 0, .ofs_y = 1},
    {.bitmap_index = 12573, .adv_w = 157, .box_w = 9, .box_h = 8, .ofs_x = 0, .ofs_y = 1},
    {.bitmap_index = 12609, .adv_w = 134, .box_w = 7, .box_h = 9, .ofs_x = 1, .ofs_y = 0},
    {.bitmap_index = 12641, .adv_w = 112, .box_w = 7, .box_h = 9, .ofs_x = 0, .ofs_y = 0},
    {.bitmap_index = 12673, .adv_w = 107, .box_w = 7, .box_h = 3, .ofs_x = 0, .ofs_y = 9},
    {.bitmap_index = 12684, .adv_w = 174, .box_w = 11, .box_h = 4, .ofs_x = 0, .ofs_y = -4},
    {.bitmap_index = 12706, .adv_w = 174, .box_w = 11, .box_h = 3, .ofs_x = 0, .ofs_y = 6},
    {.bitmap_index = 12723, .adv_w = 98, .box_w = 6, .box_h = 8, .ofs_x = 0, .ofs_y = -4},
    {.bitmap_index = 12747, .adv_w = 156, .box_w = 9, .box_h = 8, .ofs_x = 0, .ofs_y = 1},
    {.bitmap_index = 12783, .adv_w = 105, .box_w = 5, .box_h = 3, .ofs_x = 1, .ofs_y = 2},
    {.bitmap_index = 12791, .adv_w = 43, .box_w = 9, .box_h = 9, .ofs_x = -3, .ofs_y = 0},
    {.bitmap_index = 12832, .adv_w = 78, .box_w = 4, .box_h = 13, .ofs_x = 1, .ofs_y = -2},
    {.bitmap_index = 12858, .adv_w = 78, .box_w = 4, .box_h = 13, .ofs_x = 0, .ofs_y = -2},
    {.bitmap_index = 12884, .adv_w = 226, .box_w = 14, .box_h = 9, .ofs_x = 0, .ofs_y = 0},
    {.bitmap_index = 12947, .adv_w = 180, .box_w = 11, .box_h = 9, .ofs_x = 0, .ofs_y = 0},
    {.bitmap_index = 12997, .adv_w = 180, .box_w = 10, .box_h = 9, .ofs_x = 1, .ofs_y = 0},
    {.bitmap_index = 13042, .adv_w = 96, .box_w = 6, .box_h = 10, .ofs_x = 0, .ofs_y = -3},
    {.bitmap_index = 13072, .adv_w = 125, .box_w = 8, .box_h = 9, .ofs_x = 0, .ofs_y = 0},
    {.bitmap_index = 13108, .adv_w = 125, .box_w = 7, .box_h = 5, .ofs_x = 0, .ofs_y = 1},
    {.bitmap_index = 13126, .adv_w = 125, .box_w = 6, .box_h = 5, .ofs_x = 1, .ofs_y = 1},
    {.bitmap_index = 13141, .adv_w = 112, .box_w = 7, .box_h = 6, .ofs_x = 0, .ofs_y = -1},
    {.bitmap_index = 13162, .adv_w = 68, .box_w = 3, .box_h = 9, .ofs_x = 1, .ofs_y = -3},
    {.bitmap_index = 13176, .adv_w = 174, .box_w = 11, .box_h = 13, .ofs_x = 0, .ofs_y = -4},
    {.bitmap_index = 13248, .adv_w = 117, .box_w = 6, .box_h = 12, .ofs_x = 1, .ofs_y = -3},
    {.bitmap_index = 13284, .adv_w = 165, .box_w = 10, .box_h = 9, .ofs_x = 0, .ofs_y = 0},
    {.bitmap_index = 13329, .adv_w = 156, .box_w = 9, .box_h = 4, .ofs_x = 0, .ofs_y = 2},
    {.bitmap_index = 13347, .adv_w = 174, .box_w = 11, .box_h = 4, .ofs_x = 0, .ofs_y = -4},
    {.bitmap_index = 13369, .adv_w = 138, .box_w = 7, .box_h = 6, .ofs_x = 1, .ofs_y = 0},
    {.bitmap_index = 13390, .adv_w = 213, .box_w = 13, .box_h = 4, .ofs_x = 0, .ofs_y = 5},
    {.bitmap_index = 13416, .adv_w = 60, .box_w = 0, .box_h = 0, .ofs_x = 0, .ofs_y = 0}
};

/*---------------------
 *  CHARACTER MAPPING
 *--------------------*/

static const uint16_t unicode_list_7[] = {
    0x00, 0x08
};

/*Collect the unicode lists and glyph_id offsets*/
static const lv_font_fmt_txt_cmap_t cmaps[] =
{
    {
        .range_start = 32, .range_length = 95, .glyph_id_start = 1,
        .unicode_list = NULL, .glyph_id_ofs_list = NULL, .list_length = 0, .type = LV_FONT_FMT_TXT_CMAP_FORMAT0_TINY
    },
    {
        .range_start = 160, .range_length = 13, .glyph_id_start = 96,
        .unicode_list = NULL, .glyph_id_ofs_list = NULL, .list_length = 0, .type = LV_FONT_FMT_TXT_CMAP_FORMAT0_TINY
    },
    {
        .range_start = 174, .range_length = 155, .glyph_id_start = 109,
        .unicode_list = NULL, .glyph_id_ofs_list = NULL, .list_length = 0, .type = LV_FONT_FMT_TXT_CMAP_FORMAT0_TINY
    },
    {
        .range_start = 330, .range_length = 54, .glyph_id_start = 264,
        .unicode_list = NULL, .glyph_id_ofs_list = NULL, .list_length = 0, .type = LV_FONT_FMT_TXT_CMAP_FORMAT0_TINY
    },
    {
        .range_start = 8192, .range_length = 12, .glyph_id_start = 318,
        .unicode_list = NULL, .glyph_id_ofs_list = NULL, .list_length = 0, .type = LV_FONT_FMT_TXT_CMAP_FORMAT0_TINY
    },
    {
        .range_start = 8208, .range_length = 24, .glyph_id_start = 330,
        .unicode_list = NULL, .glyph_id_ofs_list = NULL, .list_length = 0, .type = LV_FONT_FMT_TXT_CMAP_FORMAT0_TINY
    },
    {
        .range_start = 8239, .range_length = 39, .glyph_id_start = 354,
        .unicode_list = NULL, .glyph_id_ofs_list = NULL, .list_length = 0, .type = LV_FONT_FMT_TXT_CMAP_FORMAT0_TINY
    },
    {
        .range_start = 8279, .range_length = 9, .glyph_id_start = 393,
        .unicode_list = unicode_list_7, .glyph_id_ofs_list = NULL, .list_length = 2, .type = LV_FONT_FMT_TXT_CMAP_SPARSE_TINY
    }
};

/*-----------------
 *    KERNING
 *----------------*/

/*Map glyph_ids to kern left classes*/
static const uint8_t kern_left_class_mapping[] =
{
    0, 0, 0, 1, 0, 0, 2, 3,
    1, 4, 5, 6, 7, 8, 7, 8,
    9, 10, 11, 12, 13, 14, 15, 16,
    17, 13, 10, 18, 18, 0, 19, 20,
    0, 21, 0, 0, 0, 0, 0, 0,
    0, 0, 0, 0, 0, 0, 0, 0,
    0, 0, 0, 0, 0, 0, 0, 0,
    0, 0, 0, 0, 4, 22, 5, 6,
    23, 0, 0, 0, 0, 0, 0, 0,
    0, 0, 0, 0, 0, 0, 0, 0,
    0, 0, 0, 0, 0, 0, 0, 0,
    0, 0, 0, 0, 4, 11, 5, 7,
    0, 24, 25, 0, 0, 0, 0, 0,
    0, 21, 0, 0, 0, 26, 0, 6,
    19, 0, 0, 0, 27, 11, 28, 0,
    0, 0, 29, 0, 0, 0, 30, 0,
    0, 0, 0, 0, 0, 0, 0, 0,
    0, 0, 0, 0, 0, 0, 0, 0,
    0, 0, 0, 0, 0, 0, 31, 0,
    0, 0, 0, 0, 0, 0, 0, 0,
    0, 0, 0, 0, 0, 0, 0, 0,
    0, 0, 0, 0, 0, 0, 0, 0,
    0, 0, 0, 0, 0, 0, 7, 0,
    0, 0, 0, 0, 0, 0, 0, 0,
    0, 0, 0, 0, 0, 0, 0, 0,
    0, 0, 0, 0, 0, 0, 0, 0,
    0, 0, 0, 0, 0, 0, 0, 0,
    0, 0, 0, 0, 0, 0, 0, 0,
    0, 0, 0, 0, 0, 0, 0, 0,
    0, 0, 0, 0, 0, 0, 0, 0,
    0, 0, 0, 0, 0, 0, 0, 0,
    0, 0, 0, 0, 0, 0, 0, 0,
    0, 0, 0, 0, 0, 0, 0, 0,
    0, 0, 0, 0, 0, 0, 0, 0,
    0, 0, 0, 0, 0, 0, 0, 0,
    0, 0, 0, 0, 0, 0, 0, 0,
    0, 0, 0, 0, 0, 0, 0, 0,
    0, 0, 0, 0, 0, 0, 0, 0,
    0, 0, 0, 0, 0, 0, 0, 0,
    0, 0, 0, 0, 0, 0, 0, 0,
    0, 0, 0, 0, 0, 0, 0, 0,
    0, 0, 0, 0, 0, 0, 0, 0,
    0, 0, 32, 33, 34, 0, 32, 33,
    34, 0, 35, 35, 31, 31, 0, 0,
    36, 0, 0, 0, 0, 0, 0, 33,
    0, 0, 0, 0, 0, 29, 0, 0,
    0, 0, 0, 0, 0, 0, 31, 0,
    0, 0, 0, 0, 0, 0, 37, 38,
    31, 0, 18, 0, 0, 0, 0, 0,
    0, 0, 0
};

/*Map glyph_ids to kern right classes*/
static const uint8_t kern_right_class_mapping[] =
{
    0, 1, 2, 3, 4, 5, 0, 6,
    3, 0, 7, 8, 9, 10, 9, 11,
    12, 13, 14, 15, 16, 17, 18, 13,
    19, 20, 21, 22, 22, 23, 24, 0,
    25, 26, 0, 0, 0, 0, 0, 0,
    0, 0, 0, 0, 0, 0, 0, 0,
    0, 0, 0, 0, 0, 0, 0, 0,
    0, 0, 0, 0, 0, 27, 7, 8,
    28, 0, 0, 0, 0, 0, 0, 0,
    0, 0, 0, 0, 0, 0, 0, 0,
    0, 0, 0, 0, 0, 0, 0, 0,
    0, 0, 0, 0, 0, 29, 7, 30,
    0, 0, 31, 0, 0, 0, 0, 0,
    0, 26, 0, 32, 33, 34, 0, 8,
    24, 0, 0, 0, 35, 36, 9, 0,
    0, 0, 37, 0, 0, 0, 38, 0,
    0, 0, 0, 0, 0, 0, 0, 0,
    0, 0, 0, 0, 0, 0, 0, 0,
    0, 0, 0, 0, 0, 0, 37, 0,
    0, 0, 0, 0, 0, 0, 0, 0,
    0, 0, 0, 0, 0, 0, 0, 0,
    0, 0, 0, 0, 0, 0, 0, 0,
    0, 0, 0, 0, 0, 0, 9, 0,
    0, 0, 0, 0, 0, 0, 0, 0,
    0, 0, 0, 0, 0, 0, 0, 0,
    0, 0, 0, 0, 0, 0, 0, 0,
    0, 0, 0, 0, 0, 0, 0, 0,
    0, 0, 0, 0, 0, 0, 0, 0,
    0, 0, 0, 0, 0, 0, 0, 0,
    0, 0, 0, 0, 0, 0, 0, 0,
    0, 0, 0, 0, 0, 0, 0, 0,
    0, 0, 0, 0, 0, 0, 0, 0,
    0, 0, 0, 0, 0, 0, 0, 0,
    0, 0, 0, 0, 0, 0, 0, 0,
    0, 0, 0, 0, 0, 0, 0, 0,
    0, 0, 0, 0, 0, 0, 0, 0,
    0, 0, 0, 0, 0, 0, 0, 0,
    0, 0, 0, 0, 0, 0, 0, 0,
    0, 0, 0, 0, 0, 0, 0, 0,
    0, 0, 0, 0, 0, 0, 0, 0,
    0, 0, 0, 0, 0, 0, 0, 0,
    0, 0, 0, 0, 0, 0, 0, 0,
    0, 0, 39, 40, 41, 42, 39, 40,
    41, 43, 44, 44, 37, 37, 0, 0,
    45, 0, 0, 0, 0, 0, 0, 40,
    0, 0, 0, 0, 32, 37, 0, 0,
    25, 0, 0, 0, 0, 0, 37, 5,
    0, 0, 0, 0, 0, 46, 29, 37,
    47, 0, 22, 0, 0, 0, 0, 0,
    0, 0, 0
};

/*Kern values between classes*/
static const int8_t kern_class_values[] =
{
    0, 0, 0, 0, 0, -7, 0, 0,
    0, -18, -18, 0, 0, 0, 0, 0,
    -13, 0, 0, 0, 0, 0, 0, 0,
    0, 0, 0, 0, 0, 0, -4, 0,
    0, 0, 0, 0, 0, 0, 0, 0,
    0, 0, 0, 0, -18, 0, 0, 0,
    0, 0, 0, 0, 0, 0, 0, 0,
    0, 0, 0, 0, 0, 0, 0, 0,
    0, 0, 0, 0, 0, 0, 0, 0,
    0, 0, 0, 0, 0, 0, 0, 0,
    0, 0, 0, 0, 0, -13, -14, 0,
    0, 0, 0, 0, 0, 0, 0, 0,
    -7, 0, 0, 0, 0, 0, 0, 0,
    0, 0, 0, 0, 0, 0, 0, 0,
    0, 0, 0, 0, 0, 0, 0, 0,
    -13, 0, 0, 0, 0, 0, 0, -5,
    0, 0, 0, 0, -19, 0, 0, 0,
    0, -8, 0, 0, 0, 0, 0, 0,
    0, 0, 0, 0, 0, 0, 0, 0,
    0, 0, 0, 0, 0, 0, 0, 0,
    0, 0, 0, 0, 0, 0, 0, 0,
    0, 3, 0, -2, 0, 0, 0, 0,
    0, 0, 0, 0, 0, 0, 0, 0,
    0, 0, 0, 3, 0, 0, 0, 0,
    0, 0, 0, 0, 0, 0, 0, 0,
    0, 0, 0, 0, 0, 0, 0, 0,
    0, 0, 0, 0, 0, 0, 0, 0,
    0, 0, 0, 0, 0, 0, 0, 0,
    0, 0, -7, 0, 0, 0, 0, 0,
    0, 0, 0, 0, 0, 0, 0, 0,
    -7, 0, 0, 0, -28, -28, 0, 0,
    0, 0, 0, -9, 0, 0, 0, 0,
    0, 0, 0, 0, -3, 0, -14, 0,
    0, 0, 0, 0, 0, 0, 0, 0,
    0, 0, 0, 0, 0, 0, 0, -28,
    0, 0, 0, 0, 0, 0, 0, 0,
    0, 0, 0, 0, 0, 0, 0, 0,
    -5, -2, 0, 0, -5, 0, 0, 0,
    0, 0, 0, 0, -10, 0, 0, 0,
    0, 0, 0, 0, 0, -2, 0, 0,
    -8, 0, 0, 0, 0, 0, 0, 0,
    0, -4, -2, -19, 0, 0, 0, 0,
    0, 0, 0, 0, 0, -6, -18, 0,
    -5, 0, -2, -4, -5, -2, 0, 0,
    0, -18, -9, 0, 0, 0, 0, 0,
    0, 0, 0, 0, -11, 0, 0, 0,
    -17, 0, -28, -28, 0, 0, 0, 0,
    0, 0, 0, 0, 0, 0, 0, 0,
    0, -8, -8, 0, 0, 0, 0, 0,
    0, 0, 0, 0, 0, 0, 0, 0,
    0, 0, 1, 0, 0, 0, 0, 0,
    0, 0, 0, 0, 0, 0, 0, 0,
    0, 0, 0, 0, -8, 0, 0, 0,
    0, 0, 0, 0, 0, 0, 0, 0,
    -6, -6, 0, 0, 0, 0, 0, 0,
    0, -4, 0, 0, 0, 0, 0, 0,
    0, -4, -9, 0, 0, 0, 0, 0,
    0, 0, 0, 0, 0, -9, 0, -11,
    0, 0, 0, -6, 3, 0, 0, 0,
    0, 0, 0, 0, 3, 0, 0, 0,
    0, 0, 0, 0, 0, 0, 0, 0,
    0, 0, 0, 0, 0, 0, 0, 0,
    0, 3, 0, 0, 0, 0, 0, 0,
    0, 0, 0, 0, 0, 0, 0, 0,
    0, 0, 0, 3, 0, 0, 0, 0,
    0, 0, 0, 0, 0, 0, 0, 0,
    0, 0, 0, 0, 0, -3, 0, 0,
    0, 0, 0, 0, 0, 0, 0, 0,
    0, 0, 0, 0, 0, 0, 0, 0,
    0, 0, 0, 0, 0, 0, 0, 0,
    0, 0, 0, 0, 0, 0, 0, 0,
    0, 0, 0, -2, 0, -4, -4, 0,
    0, 0, 0, 0, 0, 0, 0, 0,
    0, 0, 0, 0, 0, 0, 0, 0,
    0, 0, 0, -7, 0, 0, 0, 0,
    0, 0, 0, 0, -11, 0, 0, 0,
    -4, 0, 0, 0, 0, 0, 0, 0,
    0, 0, -6, 0, -7, -7, 0, 0,
    -7, 0, 0, 0, 0, 0, 0, 0,
    0, 0, 0, 0, 0, 0, 0, 0,
    0, 0, 0, 0, -1, 0, -9, 0,
    0, 0, 0, 0, 0, 0, 0, -7,
    0, 0, 0, 0, 0, 0, 0, 0,
    0, -1, 0, -5, -5, 0, 0, 0,
    0, 0, 0, 0, 0, 0, 0, 0,
    0, 0, 0, 0, 0, 0, 0, 0,
    0, 0, 0, -1, 0, 0, 0, 0,
    0, 0, 0, 0, 0, 0, -5, 0,
    0, 0, 0, 0, 0, 0, 0, 0,
    0, 0, -6, -6, 0, 0, 0, 0,
    0, 0, 0, 0, 0, 0, 0, 0,
    0, 0, 0, 0, -9, 0, 0, 0,
    0, 0, 0, 0, 0, 0, 0, 0,
    0, -9, 0, 0, 0, -6, 0, 0,
    0, 0, 0, -12, 0, -9, 0, 0,
    0, -26, -26, 0, -3, 0, 0, -3,
    -12, -2, 4, -3, -2, -7, -19, 0,
    0, 0, 0, -33, 0, 0, -11, -13,
    0, 0, 0, 0, 0, 0, 0, 0,
    -29, 0, 0, 0, -26, 0, -11, 0,
    0, 0, 0, 0, 0, 0, 0, 0,
    0, 0, 0, 0, 0, 0, 0, 0,
    0, 0, 0, 0, 0, 0, 0, 0,
    0, -13, 0, 0, 0, 0, 0, 0,
    0, 0, 0, 0, 0, -9, 0, 0,
    0, 0, 0, 0, 0, 0, 0, 0,
    0, 0, 0, 0, 0, 0, 0, 0,
    0, 0, 0, 0, 0, 0, 0, 0,
    0, 0, 0, 0, 0, 0, 0, 0,
    -14, 0, 0, 0, 0, 0, 0, 0,
    0, 0, 0, 0, -12, 0, 0, 0,
    0, 0, 0, 0, 0, 0, 0, 0,
    0, 0, 0, 0, 0, 0, 0, 0,
    0, 0, 0, 0, 0, 0, 0, -15,
    0, 0, 0, 0, 0, 0, 0, -15,
    0, 0, 0, 0, 0, 0, 0, 0,
    0, 0, 0, -20, 0, 0, 0, 0,
    0, 0, 0, 0, 0, 0, 0, 0,
    0, 0, 0, 0, 0, -9, -9, -8,
    0, 0, 0, 0, 0, 0, 0, 0,
    0, 0, 0, 0, 0, 0, -8, -8,
    0, 0, 0, 0, 0, -1, 0, 0,
    0, 0, -7, 0, -8, 0, 0, 0,
    -9, 0, 0, 0, 0, -16, 0, -2,
    0, 0, -19, -7, 0, 0, 3, 0,
    -9, 0, 0, 0, 0, 0, 0, 0,
    0, -5, -11, -13, -8, -10, 0, 0,
    -7, -3, -7, -7, -15, 0, -11, -7,
    0, -9, -12, 0, 0, 0, -15, 0,
    -5, 0, 0, 0, 0, 0, 0, 0,
    0, -14, 0, 0, 0, 0, -9, -22,
    0, -9, -12, -9, 0, -9, -9, 0,
    0, 0, 0, -8, -16, 0, 7, 0,
    0, 0, 0, 0, 0, -9, 0, 0,
    -8, 0, 0, 0, 0, 0, 0, 0,
    7, 0, 0, 0, 0, 0, 0, 0,
    0, 0, 0, 0, 0, 0, 0, 0,
    0, 0, 0, 0, 0, 0, 0, 0,
    0, 0, 0, -7, 0, 0, 0, 0,
    0, 0, 0, 0, 0, 0, 0, -7,
    0, 0, 0, 0, 0, 0, 0, 0,
    0, 0, -4, 0, 0, 0, -3, 0,
    0, 0, 0, 0, 0, -7, 0, 0,
    0, 0, 0, 0, 0, 0, 0, 0,
    0, 0, -12, 0, 0, 0, 0, 0,
    0, -2, 0, 0, 0, 0, -13, -5,
    0, 0, 0, -7, 0, 0, 0, 0,
    0, 0, 0, 0, -7, 0, 0, 0,
    0, 0, 0, 0, 0, 0, 0, -10,
    0, 0, 0, 0, 0, 0, 0, 0,
    -1, 0, 0, 0, 0, -6, 0, 0,
    0, 0, 0, 0, 0, 0, 0, 0,
    0, 0, 0, 0, 0, 0, 0, 0,
    0, 0, 0, 0, 0, 0, -8, 0,
    0, -7, 0, 0, 0, 0, 0, 0,
    0, 0, 0, 0, -8, 0, 0, 0,
    0, -7, 0, -8, 0, 0, -7, 0,
    0, 0, 0, 0, -11, 3, 0, 0,
    0, 0, 0, 0, 0, 0, 0, 0,
    0, 0, 0, 0, 0, 0, 0, 0,
    0, 0, 0, -5, -2, 0, 0, -5,
    0, 0, 0, 0, 0, 0, 0, -8,
    0, 0, 0, 0, 0, 0, 0, 0,
    -2, 0, 0, -8, 0, 0, 0, 0,
    0, 0, 0, 0, 0, 0, 0, 0,
    0, 0, 0, 0, 0, 0, 0, 0,
    0, -8, -11, -9, 0, 0, -11, -7,
    0, 0, 0, 0, 0, 0, -13, 0,
    0, 0, 0, 0, 0, 0, 0, 0,
    0, 0, -18, 0, 0, 0, 0, 0,
    0, 0, 0, 0, 0, 0, 0, 0,
    0, 0, 0, 0, 0, 0, 0, 0,
    0, 0, 0, 0, 0, 0, 0, 0,
    0, 0, 0, 0, 0, -22, 0, 0,
    0, 0, 0, 0, 0, 0, 0, 0,
    0, -13, -7, 0, 0, 0, 0, 0,
    0, 0, 0, 0, 0, 0, 0, 0,
    0, 0, 0, 0, 0, 0, 0, 0,
    0, 0, 0, 0, 0, 0, 0, 0,
    0, 0, 0, 0, -8, 0, 0, 0,
    0, 0, 0, 0, 0, 0, 0, 0,
    0, 0, 0, 0, 0, 0, 0, 0,
    0, 0, 0, 0, 0, 0, -13, 0,
    0, 0, -21, -21, -20, 0, 0, 0,
    0, -13, 0, 0, 0, 0, 0, 0,
    0, 0, 0, 0, 0, 0, 0, -8,
    0, 0, 0, 0, 0, 0, -13, 0,
    0, -18, 0, 0, 0, -21, 0, 0,
    0, 0, 0, -26, 0, -14, 0, 0,
    -12, -25, -25, -29, -9, 0, 0, 0,
    -20, 0, -13, -8, 0, -12, -20, -12,
    0, -12, 0, -8, 0, -9, -13, -18,
    -12, 0, -9, -2, 0, -14, 0, 0,
    0, 0, 0, 0, -25, 2, -5, 0,
    0, 0, 0, 0, 0, 0, 0, 0,
    0, 0, 0, 0, -14, 0, 0, 0,
    0, 0, 0, 0, 0, 0, 0, 0,
    0, -19, 0, 0, 0, 0, 0, 0,
    0, 0, 0, 0, 0, -26, -20, 0,
    0, 0, 0, 0, 0, 0, 0, 0,
    0, 0, 0, -8, 0, 0, 0, 0,
    0, 0, 0, 0, 0, 0, 0, 0,
    0, 0, 0, 0, 0, 0, 0, 0,
    0, 0, 0, 0, -7, 0, 0, 0,
    0, 0, 0, 0, 0, 0, 0, 0,
    0, 0, 0, 0, 0, -4, -2, -19,
    0, 0, 0, 0, 0, 0, 0, 0,
    0, -6, -18, 0, -5, 0, -2, -4,
    -5, -2, 0, 0, 0, -18, -9, 0,
    0, 0, 0, 0, 0, 0, 0, 0,
    -11, 0, 0, 0, -17, 0, -28, -38,
    0, 0, 0, 0, 0, 0, 0, 0,
    0, -7, 0, 0, -6, -8, -7, 0,
    0, 0, 0, 0, 0, 0, 0, 0,
    0, 0, 0, 0, 0, 0, 0, 0,
    0, -6, -2, 0, -6, 0, 0, 0,
    0, 0, 0, 0, -29, 0, 0, 0,
    -20, 0, 0, 0, 0, -3, 0, 0,
    0, 0, 0, 0, 0, 0, 0, 0,
    -8, 0, 0, 0, 0, 0, 0, 0,
    0, 0, 0, 0, 0, -11, 0, 0,
    0, 0, 0, 0, -2, 0, 0, 0,
    0, -9, -5, 0, 0, 0, 0, 0,
    0, 0
};

/*Collect the kern class' data in one place*/
static const lv_font_fmt_txt_kern_classes_t kern_classes =
{
    .class_pair_values   = kern_class_values,
    .left_class_mapping  = kern_left_class_mapping,
    .right_class_mapping = kern_right_class_mapping,
    .left_class_cnt      = 38,
    .right_class_cnt     = 47,
};

/*--------------------
 *  ALL CUSTOM DATA
 *--------------------*/

#if LVGL_VERSION_MAJOR == 8
/*Store all the custom data of the font*/
static  lv_font_fmt_txt_glyph_cache_t cache;
#endif

#if LVGL_VERSION_MAJOR >= 8
static const lv_font_fmt_txt_dsc_t font_dsc = {
#else
static lv_font_fmt_txt_dsc_t font_dsc = {
#endif
    .glyph_bitmap = glyph_bitmap,
    .glyph_dsc = glyph_dsc,
    .cmaps = cmaps,
    .kern_dsc = &kern_classes,
    .kern_scale = 16,
    .cmap_num = 8,
    .bpp = 4,
    .kern_classes = 1,
    .bitmap_format = 0,
#if LVGL_VERSION_MAJOR == 8
    .cache = &cache
#endif

};



/*-----------------
 *  PUBLIC FONT
 *----------------*/

/*Initialize a public general font descriptor*/
#if LVGL_VERSION_MAJOR >= 8
const lv_font_t font_inter_semi_bold_13_data = {
#else
lv_font_t font_inter_semi_bold_13_data = {
#endif
    .get_glyph_dsc = lv_font_get_glyph_dsc_fmt_txt,    /*Function pointer to get glyph's data*/
    .get_glyph_bitmap = lv_font_get_bitmap_fmt_txt,    /*Function pointer to get glyph's bitmap*/
    .line_height = 17,          /*The maximum line height required by the font*/
    .base_line = 4,             /*Baseline measured from the bottom of the line*/
#if LV_VERSION_CHECK(9, 6, 0) || LVGL_VERSION_MAJOR >= 10
    .cap_height = 9,           /*Cap height of the font*/
    .x_height = 7,               /*x-height of the font*/
#endif
#if !(LVGL_VERSION_MAJOR == 6 && LVGL_VERSION_MINOR == 0)
    .subpx = LV_FONT_SUBPX_NONE,
#endif
#if LV_VERSION_CHECK(7, 4, 0) || LVGL_VERSION_MAJOR >= 8
    .underline_position = -2,
    .underline_thickness = 1,
#endif

#if LV_VERSION_CHECK(9, 3, 0)
    .static_bitmap = 1,    /*Bitmaps are stored as const so they are always static if not compressed */
#endif

    .dsc = &font_dsc,          /*The custom font data. Will be accessed by `get_glyph_bitmap/dsc` */
#if LV_VERSION_CHECK(8, 2, 0) || LVGL_VERSION_MAJOR >= 9
    .fallback = NULL,
#endif
    .user_data = NULL,
};



#endif /*#if FONT_INTER_SEMI_BOLD_13_DATA*/
