/*******************************************************************************
 * Size: 13 px
 * Bpp: 4
 * Opts: --font /fonts/Inter-Regular.ttf -o /fonts/font_inter_regular_12_5_data.c --size 13 --bpp 4 --format lvgl --no-compress --symbols ·ÁÃÄÇÈÉÍÓÖÚÜßàáâãäçèéêíîñóõöúûüŐő–• --range 0x20-0x7F, 0xA0-0xFF, 0x0100-0x017F, 0x2000-0x206F
 ******************************************************************************/

#ifdef __has_include
    #if __has_include("lvgl.h")
        #ifndef LV_LVGL_H_INCLUDE_SIMPLE
            #define LV_LVGL_H_INCLUDE_SIMPLE
        #endif
    #endif
#endif

#ifdef LV_LVGL_H_INCLUDE_SIMPLE
    #include "lvgl.h"
#else
    #include "lvgl/lvgl.h"
#endif



#ifndef FONT_INTER_REGULAR_12_5_DATA
#define FONT_INTER_REGULAR_12_5_DATA 1
#endif

#if FONT_INTER_REGULAR_12_5_DATA

/*-----------------
 *    BITMAPS
 *----------------*/

/*Store the image of the glyphs*/
static LV_ATTRIBUTE_LARGE_CONST const uint8_t glyph_bitmap[] = {
    /* U+0020 " " */

    /* U+0021 "!" */
    0xc8, 0xc7, 0xc7, 0xb7, 0xb7, 0xb7, 0x21, 0x74,
    0xc8,

    /* U+0022 "\"" */
    0xa8, 0x7b, 0x98, 0x7a, 0x97, 0x69, 0x43, 0x34,

    /* U+0023 "#" */
    0x00, 0x59, 0x00, 0xe0, 0x00, 0x87, 0x02, 0xc0,
    0x2f, 0xff, 0xff, 0xfd, 0x00, 0xd1, 0x08, 0x60,
    0x00, 0xe0, 0x0b, 0x40, 0xaf, 0xfe, 0xef, 0xf5,
    0x05, 0x90, 0x0e, 0x00, 0x08, 0x60, 0x3b, 0x00,
    0x0b, 0x30, 0x69, 0x00,

    /* U+0024 "$" */
    0x00, 0x00, 0x20, 0x00, 0x00, 0x03, 0x80, 0x00,
    0x01, 0x9f, 0xfc, 0x50, 0x0b, 0xb5, 0x95, 0xf3,
    0x0f, 0x33, 0x80, 0x42, 0x09, 0xd8, 0x90, 0x00,
    0x00, 0x5e, 0xfb, 0x40, 0x00, 0x03, 0x95, 0xe4,
    0x17, 0x03, 0x80, 0x99, 0x0e, 0x95, 0xa6, 0xf5,
    0x02, 0xbf, 0xfd, 0x60, 0x00, 0x03, 0x80, 0x00,
    0x00, 0x00, 0x10, 0x00,

    /* U+0025 "%" */
    0x1b, 0xc8, 0x00, 0x04, 0xc0, 0x07, 0x80, 0xe1,
    0x01, 0xd1, 0x00, 0x78, 0x0e, 0x10, 0xb5, 0x00,
    0x01, 0xac, 0x70, 0x79, 0x00, 0x00, 0x00, 0x00,
    0x3d, 0x00, 0x00, 0x00, 0x00, 0x0d, 0x30, 0x9c,
    0x80, 0x00, 0x0a, 0x70, 0x5b, 0x0c, 0x30, 0x05,
    0xb0, 0x05, 0xa0, 0xc3, 0x02, 0xd1, 0x00, 0x0b,
    0xca, 0x00,

    /* U+0026 "&" */
    0x00, 0xaf, 0xd4, 0x00, 0x00, 0x7c, 0x04, 0xf0,
    0x00, 0x07, 0xb0, 0x5d, 0x00, 0x00, 0x1e, 0xde,
    0x30, 0x00, 0x02, 0xff, 0x50, 0x11, 0x00, 0xe6,
    0x5e, 0x29, 0x80, 0x4e, 0x00, 0x6f, 0xf4, 0x02,
    0xf5, 0x02, 0xff, 0x00, 0x04, 0xdf, 0xd7, 0xab,
    0x00,

    /* U+0027 "'" */
    0xa8, 0x98, 0x97, 0x43,

    /* U+0028 "(" */
    0x00, 0x70, 0x07, 0xb0, 0x0e, 0x40, 0x2f, 0x00,
    0x6c, 0x00, 0x8a, 0x00, 0x99, 0x00, 0x8a, 0x00,
    0x6c, 0x00, 0x1f, 0x10, 0x0b, 0x70, 0x03, 0xe0,

    /* U+0029 ")" */
    0x26, 0x00, 0x0e, 0x30, 0x09, 0x90, 0x04, 0xe0,
    0x00, 0xf2, 0x00, 0xe4, 0x00, 0xd5, 0x00, 0xe4,
    0x01, 0xf1, 0x05, 0xd0, 0x0b, 0x70, 0x2e, 0x00,

    /* U+002A "*" */
    0x00, 0x2b, 0x00, 0x1d, 0x6b, 0x98, 0x02, 0xdf,
    0x80, 0x1d, 0x9c, 0xb7, 0x01, 0x2b, 0x01, 0x00,
    0x02, 0x00,

    /* U+002B "+" */
    0x00, 0x16, 0x00, 0x00, 0x03, 0xd0, 0x00, 0x00,
    0x3d, 0x00, 0x0c, 0xff, 0xff, 0xf5, 0x00, 0x3d,
    0x00, 0x00, 0x03, 0xd0, 0x00, 0x00, 0x16, 0x00,
    0x00,

    /* U+002C "," */
    0x05, 0x40, 0xc6, 0x0f, 0x11, 0xd0,

    /* U+002D "-" */
    0x1e, 0xee, 0xe0, 0x01, 0x11, 0x10,

    /* U+002E "." */
    0x74, 0xc8,

    /* U+002F "/" */
    0x00, 0x0c, 0x40, 0x01, 0xf0, 0x00, 0x5b, 0x00,
    0x0a, 0x60, 0x00, 0xe2, 0x00, 0x2d, 0x00, 0x07,
    0x90, 0x00, 0xb4, 0x00, 0x0f, 0x00, 0x04, 0xc0,
    0x00, 0x97, 0x00, 0x00,

    /* U+0030 "0" */
    0x00, 0x8e, 0xfa, 0x00, 0x08, 0xd2, 0x1b, 0xb0,
    0x0e, 0x40, 0x01, 0xf2, 0x2f, 0x00, 0x00, 0xd5,
    0x3f, 0x00, 0x00, 0xc6, 0x2f, 0x00, 0x00, 0xd5,
    0x0e, 0x40, 0x01, 0xf2, 0x08, 0xd2, 0x1b, 0xb0,
    0x00, 0x8e, 0xfa, 0x10,

    /* U+0031 "1" */
    0x03, 0xdf, 0x24, 0xe6, 0xf2, 0x31, 0x0f, 0x20,
    0x00, 0xf2, 0x00, 0x0f, 0x20, 0x00, 0xf2, 0x00,
    0x0f, 0x20, 0x00, 0xf2, 0x00, 0x0f, 0x20,

    /* U+0032 "2" */
    0x01, 0xaf, 0xe9, 0x00, 0xba, 0x12, 0xc9, 0x0a,
    0x20, 0x05, 0xc0, 0x00, 0x00, 0xa9, 0x00, 0x00,
    0x7e, 0x10, 0x00, 0x6e, 0x20, 0x00, 0x6e, 0x20,
    0x00, 0x6e, 0x31, 0x11, 0x0f, 0xff, 0xff, 0xf0,

    /* U+0033 "3" */
    0x01, 0xae, 0xfa, 0x10, 0x0b, 0xa2, 0x1b, 0xa0,
    0x06, 0x10, 0x05, 0xd0, 0x00, 0x00, 0x0b, 0x90,
    0x00, 0x0d, 0xfc, 0x10, 0x00, 0x01, 0x39, 0xd0,
    0x04, 0x00, 0x00, 0xf3, 0x0e, 0x81, 0x18, 0xe0,
    0x03, 0xbf, 0xfb, 0x30,

    /* U+0034 "4" */
    0x00, 0x00, 0x6f, 0x50, 0x00, 0x02, 0xef, 0x50,
    0x00, 0x0c, 0x7c, 0x50, 0x00, 0x7c, 0x0c, 0x50,
    0x02, 0xe2, 0x0c, 0x50, 0x0c, 0x60, 0x0c, 0x50,
    0x3f, 0xff, 0xff, 0xf9, 0x02, 0x22, 0x2e, 0x71,
    0x00, 0x00, 0x0c, 0x50,

    /* U+0035 "5" */
    0x08, 0xff, 0xff, 0x80, 0xa7, 0x00, 0x00, 0x0c,
    0x50, 0x00, 0x00, 0xea, 0xdc, 0x70, 0x08, 0x62,
    0x4e, 0x70, 0x00, 0x00, 0x5d, 0x05, 0x00, 0x05,
    0xe0, 0xe8, 0x13, 0xd8, 0x02, 0xbf, 0xe8, 0x00,

    /* U+0036 "6" */
    0x00, 0x7e, 0xfb, 0x10, 0x06, 0xd3, 0x18, 0xe0,
    0x0e, 0x30, 0x00, 0x40, 0x1f, 0x4c, 0xda, 0x10,
    0x3f, 0xc3, 0x2a, 0xd0, 0x2f, 0x30, 0x00, 0xf3,
    0x0f, 0x30, 0x00, 0xf3, 0x09, 0xc2, 0x1a, 0xd0,
    0x00, 0x9e, 0xfb, 0x20,

    /* U+0037 "7" */
    0x6f, 0xff, 0xff, 0xb0, 0x11, 0x11, 0xc8, 0x00,
    0x00, 0x4e, 0x10, 0x00, 0x0c, 0x70, 0x00, 0x05,
    0xe0, 0x00, 0x00, 0xd6, 0x00, 0x00, 0x6d, 0x00,
    0x00, 0x0e, 0x50, 0x00, 0x07, 0xc0, 0x00, 0x00,

    /* U+0038 "8" */
    0x01, 0xaf, 0xfa, 0x10, 0x0a, 0xb1, 0x1b, 0xa0,
    0x0d, 0x50, 0x05, 0xd0, 0x08, 0xb1, 0x1b, 0x90,
    0x01, 0xcf, 0xfd, 0x10, 0x0d, 0x91, 0x18, 0xd0,
    0x2f, 0x00, 0x00, 0xf3, 0x0e, 0x81, 0x18, 0xf1,
    0x03, 0xbf, 0xfb, 0x30,

    /* U+0039 "9" */
    0x01, 0xaf, 0xe9, 0x00, 0x0c, 0xb2, 0x2c, 0xa0,
    0x2f, 0x10, 0x02, 0xf1, 0x2f, 0x10, 0x01, 0xf3,
    0x0d, 0x90, 0x0b, 0xf3, 0x02, 0xcf, 0xe7, 0xe2,
    0x03, 0x00, 0x02, 0xe0, 0x0d, 0x81, 0x2c, 0x70,
    0x01, 0xbf, 0xe8, 0x00,

    /* U+003A ":" */
    0x74, 0xc8, 0x00, 0x00, 0x00, 0x74, 0xc8,

    /* U+003B ";" */
    0x05, 0x60, 0x9b, 0x00, 0x00, 0x00, 0x00, 0x00,
    0x54, 0x0c, 0x60, 0xf1, 0x1d, 0x00,

    /* U+003C "<" */
    0x00, 0x00, 0x2a, 0x10, 0x02, 0xaf, 0x80, 0x3a,
    0xe7, 0x10, 0x0d, 0xe2, 0x00, 0x00, 0x07, 0xea,
    0x30, 0x00, 0x00, 0x7e, 0xb0, 0x00, 0x00, 0x07,
    0x10,

    /* U+003D "=" */
    0x8e, 0xee, 0xee, 0x20, 0x11, 0x11, 0x10, 0x00,
    0x00, 0x00, 0x08, 0xee, 0xee, 0xe2, 0x01, 0x11,
    0x11, 0x00,

    /* U+003E ">" */
    0x67, 0x00, 0x00, 0x03, 0xbe, 0x70, 0x00, 0x00,
    0x3a, 0xe7, 0x00, 0x00, 0x07, 0xf7, 0x00, 0x6d,
    0xc4, 0x04, 0xec, 0x40, 0x00, 0x43, 0x00, 0x00,
    0x00,

    /* U+003F "?" */
    0x06, 0xef, 0xc2, 0x4f, 0x30, 0x9c, 0x24, 0x00,
    0x3f, 0x00, 0x01, 0xca, 0x00, 0x2e, 0x80, 0x00,
    0x8b, 0x00, 0x00, 0x11, 0x00, 0x00, 0x55, 0x00,
    0x00, 0x9a, 0x00,

    /* U+0040 "@" */
    0x00, 0x04, 0xad, 0xed, 0xa3, 0x00, 0x00, 0xac,
    0x40, 0x00, 0x5d, 0x70, 0x07, 0xc0, 0x5d, 0xea,
    0xc1, 0xd3, 0x0e, 0x32, 0xe2, 0x09, 0xc0, 0x69,
    0x2e, 0x07, 0x90, 0x03, 0xc0, 0x4c, 0x3d, 0x07,
    0x90, 0x04, 0xc0, 0x4b, 0x2e, 0x02, 0xe1, 0x09,
    0xe0, 0x88, 0x0e, 0x20, 0x6e, 0xe5, 0xae, 0xc1,
    0x08, 0xb0, 0x00, 0x00, 0x00, 0x00, 0x00, 0xbb,
    0x30, 0x00, 0x41, 0x00, 0x00, 0x05, 0xbe, 0xee,
    0xb2, 0x00,

    /* U+0041 "A" */
    0x00, 0x06, 0xf5, 0x00, 0x00, 0x00, 0xca, 0xb0,
    0x00, 0x00, 0x3e, 0x1f, 0x20, 0x00, 0x09, 0x90,
    0xb8, 0x00, 0x00, 0xe3, 0x05, 0xe0, 0x00, 0x5f,
    0xee, 0xef, 0x40, 0x0b, 0x91, 0x11, 0xaa, 0x01,
    0xf2, 0x00, 0x03, 0xf1, 0x7c, 0x00, 0x00, 0x0d,
    0x70,

    /* U+0042 "B" */
    0xdf, 0xff, 0xd5, 0x0d, 0x50, 0x14, 0xf3, 0xd5,
    0x00, 0x0d, 0x5d, 0x50, 0x05, 0xe1, 0xdf, 0xff,
    0xf6, 0x0d, 0x50, 0x03, 0xd6, 0xd5, 0x00, 0x07,
    0xbd, 0x50, 0x02, 0xc9, 0xdf, 0xff, 0xe9, 0x00,

    /* U+0043 "C" */
    0x00, 0x3b, 0xfe, 0xb3, 0x00, 0x4f, 0x72, 0x28,
    0xf2, 0x0d, 0x70, 0x00, 0x08, 0x81, 0xf1, 0x00,
    0x00, 0x00, 0x3f, 0x00, 0x00, 0x00, 0x01, 0xf1,
    0x00, 0x00, 0x00, 0x0d, 0x70, 0x00, 0x09, 0x80,
    0x4f, 0x72, 0x28, 0xf2, 0x00, 0x3b, 0xfe, 0xb2,
    0x00,

    /* U+0044 "D" */
    0xff, 0xff, 0xd7, 0x00, 0xd6, 0x01, 0x4d, 0xa0,
    0xd5, 0x00, 0x01, 0xf3, 0xd5, 0x00, 0x00, 0xa8,
    0xd5, 0x00, 0x00, 0x99, 0xd5, 0x00, 0x00, 0xa7,
    0xd5, 0x00, 0x01, 0xf3, 0xd6, 0x01, 0x4d, 0xa0,
    0xff, 0xff, 0xd7, 0x00,

    /* U+0045 "E" */
    0xdf, 0xff, 0xfe, 0xd5, 0x00, 0x00, 0xd5, 0x00,
    0x00, 0xd5, 0x00, 0x00, 0xdf, 0xee, 0xe8, 0xd6,
    0x11, 0x11, 0xd5, 0x00, 0x00, 0xd5, 0x00, 0x00,
    0xdf, 0xff, 0xff,

    /* U+0046 "F" */
    0xdf, 0xff, 0xfd, 0xd5, 0x00, 0x00, 0xd5, 0x00,
    0x00, 0xd5, 0x00, 0x00, 0xdf, 0xee, 0xe6, 0xd6,
    0x11, 0x10, 0xd5, 0x00, 0x00, 0xd5, 0x00, 0x00,
    0xd5, 0x00, 0x00,

    /* U+0047 "G" */
    0x00, 0x3b, 0xfe, 0xb3, 0x00, 0x4f, 0x72, 0x28,
    0xf3, 0x0d, 0x70, 0x00, 0x06, 0x71, 0xf1, 0x00,
    0x00, 0x00, 0x3f, 0x00, 0x0a, 0xee, 0xc1, 0xf1,
    0x00, 0x11, 0x6d, 0x0d, 0x70, 0x00, 0x0a, 0xa0,
    0x4f, 0x72, 0x28, 0xf2, 0x00, 0x3b, 0xff, 0xb3,
    0x00,

    /* U+0048 "H" */
    0xd5, 0x00, 0x00, 0xb8, 0xd5, 0x00, 0x00, 0xb8,
    0xd5, 0x00, 0x00, 0xb8, 0xd5, 0x00, 0x00, 0xb8,
    0xdf, 0xee, 0xee, 0xf8, 0xd6, 0x11, 0x11, 0xb8,
    0xd5, 0x00, 0x00, 0xb8, 0xd5, 0x00, 0x00, 0xb8,
    0xd5, 0x00, 0x00, 0xb8,

    /* U+0049 "I" */
    0xd5, 0xd5, 0xd5, 0xd5, 0xd5, 0xd5, 0xd5, 0xd5,
    0xd5,

    /* U+004A "J" */
    0x00, 0x00, 0x0e, 0x40, 0x00, 0x00, 0xe4, 0x00,
    0x00, 0x0e, 0x40, 0x00, 0x00, 0xe4, 0x00, 0x00,
    0x0e, 0x40, 0x20, 0x00, 0xe4, 0x5e, 0x00, 0x0f,
    0x31, 0xf5, 0x17, 0xf0, 0x04, 0xdf, 0xc4, 0x00,

    /* U+004B "K" */
    0xd5, 0x00, 0x0a, 0xc1, 0xd5, 0x00, 0xad, 0x10,
    0xd5, 0x09, 0xd1, 0x00, 0xd5, 0x9f, 0x10, 0x00,
    0xdc, 0xff, 0x10, 0x00, 0xef, 0x1a, 0xb0, 0x00,
    0xd6, 0x01, 0xd7, 0x00, 0xd5, 0x00, 0x3f, 0x40,
    0xd5, 0x00, 0x07, 0xe1,

    /* U+004C "L" */
    0xd5, 0x00, 0x00, 0xd5, 0x00, 0x00, 0xd5, 0x00,
    0x00, 0xd5, 0x00, 0x00, 0xd5, 0x00, 0x00, 0xd5,
    0x00, 0x00, 0xd5, 0x00, 0x00, 0xd5, 0x00, 0x00,
    0xdf, 0xff, 0xfb,

    /* U+004D "M" */
    0xdf, 0x10, 0x00, 0x05, 0xf9, 0xde, 0x70, 0x00,
    0x0b, 0xe9, 0xd9, 0xd0, 0x00, 0x2f, 0xa9, 0xd5,
    0xe4, 0x00, 0x8a, 0x99, 0xd4, 0x8b, 0x00, 0xe3,
    0x99, 0xd4, 0x2f, 0x15, 0xd0, 0x99, 0xd4, 0x0b,
    0x7b, 0x60, 0x99, 0xd4, 0x04, 0xde, 0x00, 0x99,
    0xd4, 0x00, 0xe9, 0x00, 0x99,

    /* U+004E "N" */
    0xde, 0x00, 0x00, 0x8a, 0xdd, 0x80, 0x00, 0x8a,
    0xd6, 0xe3, 0x00, 0x8a, 0xd5, 0x5d, 0x00, 0x8a,
    0xd5, 0x0b, 0x70, 0x8a, 0xd5, 0x01, 0xe2, 0x8a,
    0xd5, 0x00, 0x6c, 0x8a, 0xd5, 0x00, 0x0c, 0xda,
    0xd5, 0x00, 0x02, 0xfa,

    /* U+004F "O" */
    0x00, 0x3b, 0xfe, 0xb3, 0x00, 0x04, 0xf7, 0x22,
    0x8f, 0x30, 0x0d, 0x70, 0x00, 0x08, 0xc0, 0x1f,
    0x10, 0x00, 0x02, 0xf0, 0x3f, 0x00, 0x00, 0x00,
    0xf2, 0x1f, 0x10, 0x00, 0x02, 0xf0, 0x0d, 0x70,
    0x00, 0x08, 0xc0, 0x04, 0xf7, 0x22, 0x8f, 0x30,
    0x00, 0x3b, 0xff, 0xb3, 0x00,

    /* U+0050 "P" */
    0xdf, 0xff, 0xd5, 0x0d, 0x50, 0x15, 0xf3, 0xd5,
    0x00, 0x0b, 0x8d, 0x50, 0x00, 0xa8, 0xd5, 0x00,
    0x3f, 0x4d, 0xfe, 0xfe, 0x70, 0xd7, 0x11, 0x00,
    0x0d, 0x50, 0x00, 0x00, 0xd5, 0x00, 0x00, 0x00,

    /* U+0051 "Q" */
    0x00, 0x3b, 0xfe, 0xb3, 0x00, 0x04, 0xf7, 0x22,
    0x8f, 0x30, 0x0d, 0x70, 0x00, 0x08, 0xc0, 0x1f,
    0x10, 0x00, 0x02, 0xf0, 0x3f, 0x00, 0x00, 0x00,
    0xf2, 0x1f, 0x10, 0x00, 0x02, 0xf0, 0x0d, 0x70,
    0x1c, 0x38, 0xc0, 0x04, 0xf7, 0x26, 0xff, 0x30,
    0x00, 0x3b, 0xff, 0xff, 0x00, 0x00, 0x00, 0x00,
    0x05, 0x40,

    /* U+0052 "R" */
    0xdf, 0xff, 0xd7, 0x0d, 0x50, 0x14, 0xe5, 0xd5,
    0x00, 0x0a, 0x9d, 0x50, 0x02, 0xe6, 0xff, 0xef,
    0xf9, 0x0e, 0x71, 0x5f, 0x20, 0xd5, 0x00, 0xba,
    0x0d, 0x50, 0x03, 0xf3, 0xd5, 0x00, 0x0a, 0xb0,

    /* U+0053 "S" */
    0x01, 0x9e, 0xfc, 0x50, 0x0b, 0xb2, 0x15, 0xf3,
    0x0f, 0x30, 0x00, 0x42, 0x09, 0xd4, 0x00, 0x00,
    0x00, 0x5b, 0xfb, 0x40, 0x00, 0x00, 0x05, 0xe4,
    0x17, 0x00, 0x00, 0x99, 0x0e, 0x92, 0x16, 0xf5,
    0x02, 0xbf, 0xfd, 0x60,

    /* U+0054 "T" */
    0x6f, 0xff, 0xff, 0xfc, 0x00, 0x06, 0xd0, 0x00,
    0x00, 0x06, 0xd0, 0x00, 0x00, 0x06, 0xd0, 0x00,
    0x00, 0x06, 0xd0, 0x00, 0x00, 0x06, 0xd0, 0x00,
    0x00, 0x06, 0xd0, 0x00, 0x00, 0x06, 0xd0, 0x00,
    0x00, 0x06, 0xd0, 0x00,

    /* U+0055 "U" */
    0xd5, 0x00, 0x00, 0xa8, 0xd5, 0x00, 0x00, 0xa8,
    0xd5, 0x00, 0x00, 0xa8, 0xd5, 0x00, 0x00, 0xa8,
    0xd5, 0x00, 0x00, 0xa8, 0xd5, 0x00, 0x00, 0xa8,
    0xc8, 0x00, 0x00, 0xd6, 0x5f, 0x61, 0x29, 0xe1,
    0x05, 0xcf, 0xea, 0x20,

    /* U+0056 "V" */
    0x7c, 0x00, 0x00, 0x0d, 0x71, 0xf2, 0x00, 0x03,
    0xf1, 0x0b, 0x80, 0x00, 0x8a, 0x00, 0x5e, 0x00,
    0x0e, 0x40, 0x00, 0xe4, 0x04, 0xe0, 0x00, 0x08,
    0xa0, 0xa8, 0x00, 0x00, 0x2f, 0x1f, 0x20, 0x00,
    0x00, 0xca, 0xc0, 0x00, 0x00, 0x06, 0xf6, 0x00,
    0x00,

    /* U+0057 "W" */
    0x8b, 0x00, 0x06, 0xf3, 0x00, 0x0e, 0x53, 0xf0,
    0x00, 0xbe, 0x80, 0x02, 0xf1, 0x0f, 0x30, 0x0f,
    0x7c, 0x00, 0x7c, 0x00, 0xa8, 0x04, 0xe1, 0xf1,
    0x0b, 0x70, 0x06, 0xc0, 0x89, 0x0c, 0x50, 0xf2,
    0x00, 0x1f, 0x1c, 0x40, 0x89, 0x3e, 0x00, 0x00,
    0xd5, 0xf0, 0x03, 0xd8, 0x90, 0x00, 0x08, 0xcb,
    0x00, 0x0e, 0xd5, 0x00, 0x00, 0x3f, 0x70, 0x00,
    0xaf, 0x00, 0x00,

    /* U+0058 "X" */
    0x1e, 0x50, 0x00, 0x6e, 0x10, 0x5e, 0x10, 0x2f,
    0x30, 0x00, 0x9b, 0x0d, 0x70, 0x00, 0x00, 0xdc,
    0xc0, 0x00, 0x00, 0x08, 0xf5, 0x00, 0x00, 0x02,
    0xe9, 0xe1, 0x00, 0x00, 0xc8, 0x0b, 0xb0, 0x00,
    0x8c, 0x00, 0x1e, 0x60, 0x4f, 0x20, 0x00, 0x4f,
    0x20,

    /* U+0059 "Y" */
    0x5f, 0x10, 0x00, 0x3f, 0x30, 0xbb, 0x00, 0x0d,
    0x80, 0x01, 0xe5, 0x08, 0xd0, 0x00, 0x06, 0xe3,
    0xf3, 0x00, 0x00, 0x0b, 0xf8, 0x00, 0x00, 0x00,
    0x3f, 0x00, 0x00, 0x00, 0x03, 0xf0, 0x00, 0x00,
    0x00, 0x3f, 0x00, 0x00, 0x00, 0x03, 0xf0, 0x00,
    0x00,

    /* U+005A "Z" */
    0x3f, 0xff, 0xff, 0xf5, 0x00, 0x00, 0x06, 0xd0,
    0x00, 0x00, 0x3f, 0x30, 0x00, 0x00, 0xd7, 0x00,
    0x00, 0x09, 0xb0, 0x00, 0x00, 0x4e, 0x10, 0x00,
    0x01, 0xe5, 0x00, 0x00, 0x0b, 0x90, 0x00, 0x00,
    0x2f, 0xff, 0xff, 0xf6,

    /* U+005B "[" */
    0x8f, 0xe9, 0x80, 0x98, 0x09, 0x80, 0x98, 0x09,
    0x80, 0x98, 0x09, 0x80, 0x98, 0x09, 0x80, 0x98,
    0x08, 0xfe,

    /* U+005C "\\" */
    0x97, 0x00, 0x04, 0xc0, 0x00, 0x0f, 0x00, 0x00,
    0xb4, 0x00, 0x07, 0x90, 0x00, 0x2d, 0x00, 0x00,
    0xe2, 0x00, 0x0a, 0x60, 0x00, 0x5b, 0x00, 0x01,
    0xf0, 0x00, 0x0c, 0x40,

    /* U+005D "]" */
    0x3f, 0xf4, 0x00, 0xc5, 0x00, 0xc5, 0x00, 0xc5,
    0x00, 0xc5, 0x00, 0xc5, 0x00, 0xc5, 0x00, 0xc5,
    0x00, 0xc5, 0x00, 0xc5, 0x00, 0xc5, 0x3f, 0xf4,

    /* U+005E "^" */
    0x00, 0x22, 0x00, 0x00, 0xef, 0x10, 0x06, 0xa8,
    0x80, 0x0d, 0x31, 0xe1, 0x39, 0x00, 0x85,

    /* U+005F "_" */
    0xee, 0xee, 0xed, 0x11, 0x11, 0x11,

    /* U+0060 "`" */
    0x0a, 0x50, 0x03, 0xd0,

    /* U+0061 "a" */
    0x04, 0xcf, 0xd6, 0x00, 0xd5, 0x03, 0xf2, 0x00,
    0x01, 0x3e, 0x40, 0x8e, 0xda, 0xe4, 0x5e, 0x10,
    0x0e, 0x45, 0xe2, 0x07, 0xf4, 0x08, 0xee, 0x8d,
    0x40,

    /* U+0062 "b" */
    0xf2, 0x00, 0x00, 0x0f, 0x20, 0x00, 0x00, 0xf5,
    0xdf, 0xb1, 0x0f, 0xc2, 0x1a, 0xc0, 0xf5, 0x00,
    0x1f, 0x2f, 0x20, 0x00, 0xe4, 0xf5, 0x00, 0x1f,
    0x2f, 0xc1, 0x0a, 0xc0, 0xf5, 0xdf, 0xb1, 0x00,

    /* U+0063 "c" */
    0x01, 0xaf, 0xe8, 0x00, 0xca, 0x11, 0xc8, 0x3f,
    0x00, 0x00, 0x05, 0xd0, 0x00, 0x00, 0x3f, 0x00,
    0x01, 0x00, 0xca, 0x01, 0xb8, 0x01, 0xbf, 0xe9,
    0x00,

    /* U+0064 "d" */
    0x00, 0x00, 0x03, 0xf0, 0x00, 0x00, 0x3f, 0x02,
    0xbf, 0xd6, 0xf0, 0xd9, 0x02, 0xdf, 0x3f, 0x00,
    0x05, 0xf5, 0xd0, 0x00, 0x3f, 0x3f, 0x00, 0x05,
    0xf0, 0xd9, 0x02, 0xdf, 0x02, 0xbf, 0xd5, 0xf0,

    /* U+0065 "e" */
    0x01, 0xaf, 0xe7, 0x00, 0xc9, 0x02, 0xd7, 0x3f,
    0x00, 0x05, 0xd5, 0xff, 0xff, 0xfe, 0x3e, 0x00,
    0x00, 0x00, 0xc9, 0x01, 0x97, 0x01, 0xaf, 0xea,
    0x10,

    /* U+0066 "f" */
    0x01, 0xbf, 0x60, 0x6d, 0x10, 0xdf, 0xff, 0x40,
    0x7a, 0x00, 0x07, 0xa0, 0x00, 0x7a, 0x00, 0x07,
    0xa0, 0x00, 0x7a, 0x00, 0x07, 0xa0, 0x00,

    /* U+0067 "g" */
    0x01, 0xbf, 0xd5, 0xf0, 0xca, 0x02, 0xdf, 0x3f,
    0x00, 0x05, 0xf5, 0xd0, 0x00, 0x3f, 0x3f, 0x00,
    0x05, 0xf0, 0xd9, 0x01, 0xcf, 0x02, 0xcf, 0xd6,
    0xf0, 0x00, 0x00, 0x3f, 0x0b, 0x70, 0x1a, 0xb0,
    0x3b, 0xff, 0xa1,

    /* U+0068 "h" */
    0xf2, 0x00, 0x00, 0xf2, 0x00, 0x00, 0xf5, 0xdf,
    0xa0, 0xfb, 0x12, 0xd7, 0xf3, 0x00, 0x8a, 0xf2,
    0x00, 0x7b, 0xf2, 0x00, 0x7b, 0xf2, 0x00, 0x7b,
    0xf2, 0x00, 0x7b,

    /* U+0069 "i" */
    0x1e, 0x30, 0x60, 0x0f, 0x20, 0xf2, 0x0f, 0x20,
    0xf2, 0x0f, 0x20, 0xf2, 0x0f, 0x20,

    /* U+006A "j" */
    0x01, 0xe3, 0x00, 0x60, 0x00, 0xf2, 0x00, 0xf2,
    0x00, 0xf2, 0x00, 0xf2, 0x00, 0xf2, 0x00, 0xf2,
    0x00, 0xf2, 0x00, 0xf2, 0x04, 0xf0, 0x2e, 0x60,

    /* U+006B "k" */
    0xf2, 0x00, 0x00, 0xf2, 0x00, 0x00, 0xf2, 0x03,
    0xe4, 0xf2, 0x3e, 0x40, 0xf5, 0xe5, 0x00, 0xff,
    0xf2, 0x00, 0xf4, 0x8d, 0x10, 0xf2, 0x0b, 0xb0,
    0xf2, 0x01, 0xd8,

    /* U+006C "l" */
    0xf2, 0xf2, 0xf2, 0xf2, 0xf2, 0xf2, 0xf2, 0xf2,
    0xf2,

    /* U+006D "m" */
    0xf6, 0xde, 0x56, 0xde, 0x80, 0xf8, 0x02, 0xf9,
    0x01, 0xe3, 0xf2, 0x00, 0xe4, 0x00, 0xc6, 0xf2,
    0x00, 0xe4, 0x00, 0xc6, 0xf2, 0x00, 0xe4, 0x00,
    0xc6, 0xf2, 0x00, 0xe4, 0x00, 0xc6, 0xf2, 0x00,
    0xe4, 0x00, 0xc6,

    /* U+006E "n" */
    0xf5, 0xdf, 0xa0, 0xfa, 0x01, 0xd7, 0xf3, 0x00,
    0x8a, 0xf2, 0x00, 0x7a, 0xf2, 0x00, 0x7a, 0xf2,
    0x00, 0x7a, 0xf2, 0x00, 0x7a,

    /* U+006F "o" */
    0x01, 0xaf, 0xe9, 0x00, 0x0c, 0xa1, 0x1c, 0x90,
    0x3f, 0x00, 0x03, 0xf0, 0x5d, 0x00, 0x01, 0xf1,
    0x3f, 0x00, 0x03, 0xf0, 0x0c, 0xa0, 0x1c, 0x90,
    0x01, 0xbf, 0xe9, 0x00,

    /* U+0070 "p" */
    0xf5, 0xde, 0xb1, 0x0f, 0xc0, 0x09, 0xc0, 0xf4,
    0x00, 0x0f, 0x2f, 0x20, 0x00, 0xe4, 0xf5, 0x00,
    0x1f, 0x2f, 0xd1, 0x0a, 0xc0, 0xf5, 0xdf, 0xb1,
    0x0f, 0x20, 0x00, 0x00, 0xf2, 0x00, 0x00, 0x0f,
    0x20, 0x00, 0x00,

    /* U+0071 "q" */
    0x02, 0xbf, 0xd5, 0xf0, 0xd9, 0x02, 0xdf, 0x3f,
    0x00, 0x05, 0xf5, 0xd0, 0x00, 0x3f, 0x3f, 0x00,
    0x05, 0xf0, 0xd9, 0x02, 0xdf, 0x02, 0xbf, 0xd6,
    0xf0, 0x00, 0x00, 0x3f, 0x00, 0x00, 0x03, 0xf0,
    0x00, 0x00, 0x3f,

    /* U+0072 "r" */
    0xf7, 0xe9, 0xfa, 0x10, 0xf3, 0x00, 0xf2, 0x00,
    0xf2, 0x00, 0xf2, 0x00, 0xf2, 0x00,

    /* U+0073 "s" */
    0x03, 0xce, 0xd4, 0x00, 0xf5, 0x04, 0xb0, 0x0f,
    0x70, 0x00, 0x00, 0x3b, 0xfc, 0x50, 0x00, 0x00,
    0x5f, 0x11, 0xe3, 0x04, 0xf1, 0x06, 0xdf, 0xd5,
    0x00,

    /* U+0074 "t" */
    0x06, 0x20, 0x0d, 0x50, 0xdf, 0xfc, 0x0d, 0x50,
    0x0d, 0x50, 0x0d, 0x50, 0x0d, 0x50, 0x0c, 0x70,
    0x04, 0xed,

    /* U+0075 "u" */
    0xf2, 0x00, 0x7b, 0xf2, 0x00, 0x7b, 0xf2, 0x00,
    0x7b, 0xf2, 0x00, 0x7b, 0xf2, 0x00, 0x8b, 0xc9,
    0x13, 0xeb, 0x3d, 0xfb, 0x8b,

    /* U+0076 "v" */
    0x7c, 0x00, 0x07, 0xc1, 0xf2, 0x00, 0xd6, 0x0b,
    0x80, 0x3f, 0x00, 0x4d, 0x08, 0x90, 0x00, 0xe3,
    0xe3, 0x00, 0x08, 0xbd, 0x00, 0x00, 0x2f, 0x70,
    0x00,

    /* U+0077 "w" */
    0x6c, 0x00, 0x6f, 0x10, 0x2f, 0x01, 0xf1, 0x0b,
    0xe5, 0x07, 0xb0, 0x0c, 0x50, 0xe6, 0xa0, 0xb6,
    0x00, 0x7a, 0x3b, 0x1e, 0x0f, 0x10, 0x02, 0xe8,
    0x70, 0xd6, 0xc0, 0x00, 0x0d, 0xd2, 0x08, 0xd8,
    0x00, 0x00, 0x8e, 0x00, 0x3f, 0x30, 0x00,

    /* U+0078 "x" */
    0x2f, 0x30, 0x1e, 0x30, 0x6d, 0x0b, 0x80, 0x00,
    0xbb, 0xd0, 0x00, 0x04, 0xf6, 0x00, 0x00, 0xd9,
    0xd0, 0x00, 0x8b, 0x0a, 0xa0, 0x4f, 0x10, 0x1e,
    0x50,

    /* U+0079 "y" */
    0x7c, 0x00, 0x07, 0xc1, 0xf2, 0x00, 0xd6, 0x0b,
    0x70, 0x2f, 0x00, 0x5d, 0x08, 0xa0, 0x00, 0xf2,
    0xd4, 0x00, 0x09, 0xae, 0x00, 0x00, 0x3f, 0x80,
    0x00, 0x00, 0xf2, 0x00, 0x01, 0x8b, 0x00, 0x00,
    0xec, 0x20, 0x00,

    /* U+007A "z" */
    0x1f, 0xff, 0xff, 0x30, 0x11, 0x19, 0xc0, 0x00,
    0x05, 0xe1, 0x00, 0x02, 0xf4, 0x00, 0x00, 0xd7,
    0x00, 0x00, 0xac, 0x11, 0x10, 0x3f, 0xff, 0xff,
    0x60,

    /* U+007B "{" */
    0x00, 0x2c, 0xb0, 0x09, 0x90, 0x00, 0xb5, 0x00,
    0x0b, 0x50, 0x01, 0xe4, 0x02, 0xf8, 0x00, 0x06,
    0xe2, 0x00, 0x0b, 0x50, 0x00, 0xb5, 0x00, 0x0a,
    0x60, 0x00, 0x8a, 0x00, 0x01, 0xbb,

    /* U+007C "|" */
    0x5a, 0x5a, 0x5a, 0x5a, 0x5a, 0x5a, 0x5a, 0x5a,
    0x5a, 0x5a, 0x5a, 0x5a, 0x5a, 0x5a, 0x5a,

    /* U+007D "}" */
    0x3e, 0x70, 0x00, 0x1f, 0x10, 0x00, 0xd3, 0x00,
    0x0d, 0x30, 0x00, 0xb7, 0x00, 0x02, 0xff, 0x00,
    0x9b, 0x30, 0x0c, 0x40, 0x00, 0xd3, 0x00, 0x0d,
    0x30, 0x02, 0xf1, 0x03, 0xd6, 0x00,

    /* U+007E "~" */
    0x5d, 0xc6, 0x06, 0x5b, 0x54, 0xcf, 0xe2, 0x00,
    0x00, 0x00, 0x00,

    /* U+00A0 " " */

    /* U+00A1 "¡" */
    0xc8, 0x74, 0x00, 0xb7, 0xb7, 0xb7, 0xb7, 0xc7,
    0xc8, 0x32,

    /* U+00A2 "¢" */
    0x00, 0x08, 0x30, 0x00, 0x1a, 0xff, 0x80, 0x0c,
    0xa9, 0x5c, 0x83, 0xf0, 0x83, 0x00, 0x5d, 0x08,
    0x30, 0x03, 0xf0, 0x83, 0x10, 0x0c, 0xa9, 0x4b,
    0x80, 0x1a, 0xff, 0x80, 0x00, 0x08, 0x30, 0x00,

    /* U+00A3 "£" */
    0x00, 0x5d, 0xfc, 0x20, 0x02, 0xf5, 0x16, 0xe0,
    0x06, 0xc0, 0x00, 0x40, 0x06, 0xc0, 0x00, 0x00,
    0x4f, 0xfe, 0xec, 0x00, 0x04, 0xd0, 0x00, 0x00,
    0x04, 0xd0, 0x00, 0x00, 0x08, 0x90, 0x00, 0xd3,
    0x5f, 0xff, 0xff, 0xc0,

    /* U+00A4 "¤" */
    0x00, 0x00, 0x00, 0x00, 0x00, 0xd6, 0xcf, 0xd7,
    0xb6, 0x09, 0xf5, 0x02, 0xdf, 0x00, 0xc5, 0x00,
    0x00, 0xe2, 0x0f, 0x00, 0x00, 0x0a, 0x60, 0xf0,
    0x00, 0x00, 0xa6, 0x0c, 0x50, 0x00, 0x1e, 0x20,
    0xcf, 0x50, 0x2e, 0xf1, 0x0b, 0x5c, 0xfe, 0x79,
    0x50,

    /* U+00A5 "¥" */
    0x8c, 0x00, 0x09, 0xa0, 0xe4, 0x02, 0xf2, 0x06,
    0xc0, 0xa8, 0x00, 0x0d, 0xaf, 0x10, 0x1d, 0xff,
    0xfd, 0x30, 0x00, 0xf2, 0x00, 0x1d, 0xdf, 0xfd,
    0x30, 0x00, 0xf2, 0x00, 0x00, 0x0f, 0x20, 0x00,

    /* U+00A6 "¦" */
    0xc4, 0xc4, 0xc4, 0xc4, 0x20, 0x00, 0x21, 0xc4,
    0xc4, 0xc4, 0xc4,

    /* U+00A7 "§" */
    0x01, 0xbf, 0xd4, 0x00, 0x8a, 0x03, 0xe0, 0x06,
    0xb0, 0x00, 0x00, 0x4a, 0xc4, 0x00, 0x1d, 0x00,
    0x8a, 0x01, 0xf4, 0x00, 0x87, 0x05, 0xfa, 0x3b,
    0x70, 0x01, 0x9f, 0x90, 0x00, 0x00, 0x5d, 0x00,
    0xc8, 0x05, 0xf0, 0x02, 0xbe, 0xc4, 0x00,

    /* U+00A8 "¨" */
    0x00, 0x00, 0x02, 0xf2, 0x7c, 0x03, 0x01, 0x20,

    /* U+00A9 "©" */
    0x00, 0x4b, 0xee, 0xa3, 0x00, 0x09, 0xe6, 0x23,
    0x7f, 0x70, 0x5e, 0x17, 0xdd, 0x62, 0xf3, 0xc6,
    0x6d, 0x33, 0xd5, 0x8a, 0xe3, 0xb6, 0x00, 0x00,
    0x4c, 0xd5, 0x8b, 0x11, 0xc4, 0x7b, 0x7d, 0x1a,
    0xff, 0x91, 0xe5, 0x0b, 0xc3, 0x11, 0x4d, 0xa0,
    0x00, 0x7e, 0xff, 0xd6, 0x00, 0x00, 0x00, 0x11,
    0x00, 0x00,

    /* U+00AA "ª" */
    0x09, 0xee, 0x60, 0x29, 0x01, 0xf0, 0x03, 0x7a,
    0xf2, 0x5e, 0x73, 0xf2, 0x79, 0x04, 0xf2, 0x1c,
    0xe9, 0xe2,

    /* U+00AB "«" */
    0x00, 0x4e, 0x2a, 0xa0, 0x02, 0xe3, 0x8c, 0x00,
    0x1e, 0x56, 0xd1, 0x00, 0x0c, 0x74, 0xe2, 0x00,
    0x01, 0xd5, 0x6d, 0x10, 0x00, 0x2c, 0x28, 0x90,

    /* U+00AC "¬" */
    0x9f, 0xff, 0xfb, 0x00, 0x00, 0x5b, 0x00, 0x00,
    0x25,

    /* U+00AE "®" */
    0x00, 0x6c, 0xdb, 0x30, 0x00, 0x99, 0xc9, 0x8c,
    0x40, 0x2c, 0x0c, 0x1b, 0x2d, 0x05, 0x90, 0xfe,
    0x70, 0xe0, 0x2c, 0x0a, 0x19, 0x2d, 0x00, 0x99,
    0x10, 0x3d, 0x40, 0x00, 0x6d, 0xeb, 0x30, 0x00,

    /* U+00AF "¯" */
    0x9e, 0xec,

    /* U+00B0 "°" */
    0x05, 0xdd, 0x40, 0x1e, 0x12, 0xe0, 0x1e, 0x12,
    0xe0, 0x05, 0xdd, 0x40,

    /* U+00B1 "±" */
    0x00, 0x3d, 0x00, 0x00, 0x03, 0xd0, 0x00, 0xae,
    0xff, 0xee, 0x41, 0x15, 0xf1, 0x10, 0x00, 0x16,
    0x00, 0x0a, 0xee, 0xee, 0xe4, 0x11, 0x11, 0x11,
    0x00,

    /* U+00B2 "²" */
    0x0a, 0xee, 0x50, 0x17, 0x04, 0xd0, 0x00, 0x2c,
    0x50, 0x05, 0xd3, 0x00, 0x3f, 0xff, 0xf0,

    /* U+00B3 "³" */
    0x09, 0xee, 0x60, 0x17, 0x03, 0xe0, 0x00, 0x9f,
    0x70, 0x26, 0x02, 0xf2, 0x0a, 0xee, 0x80,

    /* U+00B4 "´" */
    0x4e, 0x0b, 0x40,

    /* U+00B5 "µ" */
    0xf2, 0x00, 0x7b, 0x0f, 0x20, 0x07, 0xb0, 0xf2,
    0x00, 0x7b, 0x0f, 0x20, 0x07, 0xb0, 0xf3, 0x00,
    0x8b, 0x0f, 0xb0, 0x1f, 0xb0, 0xfa, 0xed, 0x7d,
    0x7f, 0x20, 0x00, 0x00, 0xf2, 0x00, 0x00, 0x0f,
    0x20, 0x00, 0x00,

    /* U+00B6 "¶" */
    0x03, 0xcf, 0xff, 0xf0, 0xef, 0xf6, 0x8b, 0x4f,
    0xff, 0x58, 0xb3, 0xff, 0xf5, 0x8b, 0x0c, 0xff,
    0x58, 0xb0, 0x07, 0xa3, 0x8b, 0x00, 0x00, 0x08,
    0xb0, 0x00, 0x00, 0x8b, 0x00, 0x00, 0x08, 0xb0,

    /* U+00B7 "·" */
    0x74, 0xc8,

    /* U+00B8 "¸" */
    0x01, 0x00, 0x0a, 0x20, 0x03, 0xc2, 0x0a, 0xa0,

    /* U+00B9 "¹" */
    0x2b, 0xf2, 0x33, 0xf2, 0x00, 0xf2, 0x00, 0xf2,
    0x00, 0xf2,

    /* U+00BA "º" */
    0x06, 0xee, 0x90, 0x2f, 0x20, 0xc7, 0x7a, 0x00,
    0x6b, 0x7a, 0x00, 0x6b, 0x2f, 0x20, 0xc6, 0x06,
    0xee, 0x90,

    /* U+00BB "»" */
    0x2e, 0x47, 0xc0, 0x00, 0x3e, 0x2a, 0xa0, 0x00,
    0x5e, 0x1c, 0x90, 0x07, 0xc1, 0xd6, 0x05, 0xd1,
    0xb8, 0x02, 0xc2, 0x79, 0x00,

    /* U+00BC "¼" */
    0x2e, 0xc0, 0x00, 0x0a, 0x60, 0x77, 0xc0, 0x00,
    0x4c, 0x00, 0x03, 0xc0, 0x01, 0xd2, 0x00, 0x03,
    0xc0, 0x0a, 0x60, 0x00, 0x03, 0xc0, 0x5b, 0x00,
    0x00, 0x00, 0x01, 0xd2, 0x05, 0xf4, 0x00, 0x0a,
    0x60, 0x1d, 0xd4, 0x00, 0x5b, 0x00, 0xa5, 0xb4,
    0x01, 0xd1, 0x01, 0xed, 0xff, 0x06, 0x50, 0x00,
    0x00, 0x82,

    /* U+00BD "½" */
    0x00, 0x10, 0x00, 0x00, 0x10, 0x04, 0xec, 0x00,
    0x00, 0xb5, 0x00, 0x44, 0xc0, 0x00, 0x79, 0x00,
    0x00, 0x3c, 0x00, 0x3d, 0x00, 0x00, 0x03, 0xc0,
    0x0d, 0x30, 0x00, 0x00, 0x3b, 0x09, 0x70, 0x9e,
    0xb0, 0x00, 0x05, 0xb0, 0x07, 0x0c, 0x40, 0x01,
    0xd1, 0x00, 0x04, 0xb0, 0x00, 0xc4, 0x00, 0x05,
    0xc0, 0x00, 0x68, 0x00, 0x01, 0xee, 0xd5,

    /* U+00BE "¾" */
    0x09, 0xda, 0x00, 0x00, 0x87, 0x00, 0x40, 0xd2,
    0x00, 0x3d, 0x00, 0x00, 0xdc, 0x00, 0x0d, 0x30,
    0x00, 0x00, 0xc5, 0x09, 0x80, 0x00, 0x27, 0x0c,
    0x54, 0xc0, 0x00, 0x00, 0x9d, 0x91, 0xd2, 0x04,
    0xf4, 0x00, 0x00, 0x97, 0x01, 0xdd, 0x40, 0x00,
    0x4c, 0x00, 0xa5, 0xa4, 0x00, 0x1d, 0x20, 0x0e,
    0xdf, 0xf0, 0x05, 0x50, 0x00, 0x00, 0x73,

    /* U+00BF "¿" */
    0x00, 0x1e, 0x40, 0x00, 0x00, 0x82, 0x00, 0x00,
    0x00, 0x00, 0x00, 0x00, 0xf3, 0x00, 0x00, 0x7f,
    0x00, 0x00, 0x9f, 0x40, 0x00, 0x3f, 0x30, 0x00,
    0x05, 0xd0, 0x01, 0x90, 0x1f, 0x40, 0x9d, 0x00,
    0x5d, 0xfc, 0x10,

    /* U+00C0 "À" */
    0x00, 0x0d, 0x50, 0x00, 0x00, 0x00, 0x3a, 0x00,
    0x00, 0x00, 0x00, 0x00, 0x00, 0x00, 0x00, 0x6f,
    0x50, 0x00, 0x00, 0x0c, 0xab, 0x00, 0x00, 0x03,
    0xe1, 0xf2, 0x00, 0x00, 0x99, 0x0b, 0x80, 0x00,
    0x0e, 0x30, 0x5e, 0x00, 0x05, 0xfe, 0xee, 0xf4,
    0x00, 0xb9, 0x11, 0x1a, 0xa0, 0x1f, 0x20, 0x00,
    0x3f, 0x17, 0xc0, 0x00, 0x00, 0xd7,

    /* U+00C1 "Á" */
    0x00, 0x00, 0x5d, 0x00, 0x00, 0x00, 0x0c, 0x30,
    0x00, 0x00, 0x00, 0x00, 0x00, 0x00, 0x00, 0x6f,
    0x50, 0x00, 0x00, 0x0c, 0xab, 0x00, 0x00, 0x03,
    0xe1, 0xf2, 0x00, 0x00, 0x99, 0x0b, 0x80, 0x00,
    0x0e, 0x30, 0x5e, 0x00, 0x05, 0xfe, 0xee, 0xf4,
    0x00, 0xb9, 0x11, 0x1a, 0xa0, 0x1f, 0x20, 0x00,
    0x3f, 0x17, 0xc0, 0x00, 0x00, 0xd7,

    /* U+00C2 "Â" */
    0x00, 0x07, 0xf6, 0x00, 0x00, 0x03, 0xd2, 0xd2,
    0x00, 0x00, 0x00, 0x00, 0x00, 0x00, 0x00, 0x6f,
    0x50, 0x00, 0x00, 0x0c, 0xab, 0x00, 0x00, 0x03,
    0xe1, 0xf2, 0x00, 0x00, 0x99, 0x0b, 0x80, 0x00,
    0x0e, 0x30, 0x5e, 0x00, 0x05, 0xfe, 0xee, 0xf4,
    0x00, 0xb9, 0x11, 0x1a, 0xa0, 0x1f, 0x20, 0x00,
    0x3f, 0x17, 0xc0, 0x00, 0x00, 0xd7,

    /* U+00C3 "Ã" */
    0x00, 0x1c, 0x57, 0x30, 0x00, 0x04, 0x77, 0xc0,
    0x00, 0x00, 0x00, 0x00, 0x00, 0x00, 0x00, 0x6f,
    0x50, 0x00, 0x00, 0x0c, 0xab, 0x00, 0x00, 0x03,
    0xe1, 0xf2, 0x00, 0x00, 0x99, 0x0b, 0x80, 0x00,
    0x0e, 0x30, 0x5e, 0x00, 0x05, 0xfe, 0xee, 0xf4,
    0x00, 0xb9, 0x11, 0x1a, 0xa0, 0x1f, 0x20, 0x00,
    0x3f, 0x17, 0xc0, 0x00, 0x00, 0xd7,

    /* U+00C4 "Ä" */
    0x00, 0x00, 0x00, 0x00, 0x00, 0x07, 0xc0, 0xd7,
    0x00, 0x00, 0x12, 0x02, 0x10, 0x00, 0x00, 0x00,
    0x00, 0x00, 0x00, 0x06, 0xf5, 0x00, 0x00, 0x00,
    0xca, 0xb0, 0x00, 0x00, 0x3e, 0x1f, 0x20, 0x00,
    0x09, 0x90, 0xb8, 0x00, 0x00, 0xe3, 0x05, 0xe0,
    0x00, 0x5f, 0xee, 0xef, 0x40, 0x0b, 0x91, 0x11,
    0xaa, 0x01, 0xf2, 0x00, 0x03, 0xf1, 0x7c, 0x00,
    0x00, 0x0d, 0x70,

    /* U+00C5 "Å" */
    0x00, 0x06, 0xc6, 0x00, 0x00, 0x01, 0xd0, 0xd0,
    0x00, 0x00, 0x1d, 0x0d, 0x00, 0x00, 0x00, 0x6c,
    0x60, 0x00, 0x00, 0x06, 0xf5, 0x00, 0x00, 0x00,
    0xca, 0xb0, 0x00, 0x00, 0x3e, 0x1f, 0x20, 0x00,
    0x09, 0x90, 0xb8, 0x00, 0x00, 0xe3, 0x05, 0xe0,
    0x00, 0x5f, 0xee, 0xef, 0x40, 0x0b, 0x91, 0x11,
    0xaa, 0x01, 0xf2, 0x00, 0x03, 0xf1, 0x7c, 0x00,
    0x00, 0x0d, 0x70,

    /* U+00C6 "Æ" */
    0x00, 0x00, 0x6e, 0xef, 0xff, 0xff, 0x00, 0x00,
    0x0d, 0x5b, 0x70, 0x00, 0x00, 0x00, 0x06, 0xd0,
    0xb7, 0x00, 0x00, 0x00, 0x00, 0xd5, 0x0b, 0x70,
    0x00, 0x00, 0x00, 0x6d, 0x00, 0xbf, 0xee, 0xea,
    0x00, 0x0f, 0xff, 0xff, 0x70, 0x00, 0x00, 0x06,
    0xd0, 0x00, 0xb7, 0x00, 0x00, 0x00, 0xe6, 0x00,
    0x0b, 0x70, 0x00, 0x00, 0x6e, 0x00, 0x00, 0xbf,
    0xff, 0xff, 0x10,

    /* U+00C7 "Ç" */
    0x00, 0x3b, 0xfe, 0xb3, 0x00, 0x4f, 0x72, 0x28,
    0xf2, 0x0d, 0x70, 0x00, 0x08, 0x81, 0xf1, 0x00,
    0x00, 0x00, 0x3f, 0x00, 0x00, 0x00, 0x01, 0xf1,
    0x00, 0x00, 0x00, 0x0d, 0x70, 0x00, 0x09, 0x80,
    0x4f, 0x72, 0x28, 0xf2, 0x00, 0x3b, 0xff, 0xb2,
    0x00, 0x00, 0x07, 0x91, 0x00, 0x00, 0x00, 0x08,
    0x70, 0x00, 0x00, 0x07, 0xc3, 0x00,

    /* U+00C8 "È" */
    0x04, 0xe0, 0x00, 0x00, 0x84, 0x00, 0x00, 0x00,
    0x00, 0xdf, 0xff, 0xfe, 0xd5, 0x00, 0x00, 0xd5,
    0x00, 0x00, 0xd5, 0x00, 0x00, 0xdf, 0xee, 0xe8,
    0xd6, 0x11, 0x11, 0xd5, 0x00, 0x00, 0xd5, 0x00,
    0x00, 0xdf, 0xff, 0xff,

    /* U+00C9 "É" */
    0x00, 0x0c, 0x60, 0x00, 0x3c, 0x00, 0x00, 0x00,
    0x00, 0xdf, 0xff, 0xfe, 0xd5, 0x00, 0x00, 0xd5,
    0x00, 0x00, 0xd5, 0x00, 0x00, 0xdf, 0xee, 0xe8,
    0xd6, 0x11, 0x11, 0xd5, 0x00, 0x00, 0xd5, 0x00,
    0x00, 0xdf, 0xff, 0xff,

    /* U+00CA "Ê" */
    0x00, 0xdd, 0x10, 0x0a, 0x86, 0xb0, 0x00, 0x00,
    0x00, 0xdf, 0xff, 0xfe, 0xd5, 0x00, 0x00, 0xd5,
    0x00, 0x00, 0xd5, 0x00, 0x00, 0xdf, 0xee, 0xe8,
    0xd6, 0x11, 0x11, 0xd5, 0x00, 0x00, 0xd5, 0x00,
    0x00, 0xdf, 0xff, 0xff,

    /* U+00CB "Ë" */
    0x00, 0x00, 0x00, 0x0e, 0x53, 0xf0, 0x03, 0x00,
    0x30, 0x00, 0x00, 0x00, 0xdf, 0xff, 0xfe, 0xd5,
    0x00, 0x00, 0xd5, 0x00, 0x00, 0xd5, 0x00, 0x00,
    0xdf, 0xee, 0xe8, 0xd6, 0x11, 0x11, 0xd5, 0x00,
    0x00, 0xd5, 0x00, 0x00, 0xdf, 0xff, 0xff,

    /* U+00CC "Ì" */
    0x99, 0x00, 0xb0, 0x00, 0x00, 0xd5, 0x0d, 0x50,
    0xd5, 0x0d, 0x50, 0xd5, 0x0d, 0x50, 0xd5, 0x0d,
    0x50, 0xd5,

    /* U+00CD "Í" */
    0x1f, 0x28, 0x70, 0x00, 0x0d, 0x50, 0xd5, 0x0d,
    0x50, 0xd5, 0x0d, 0x50, 0xd5, 0x0d, 0x50, 0xd5,
    0x0d, 0x50,

    /* U+00CE "Î" */
    0x03, 0xea, 0x01, 0xd3, 0xb6, 0x00, 0x00, 0x00,
    0x0d, 0x50, 0x00, 0xd5, 0x00, 0x0d, 0x50, 0x00,
    0xd5, 0x00, 0x0d, 0x50, 0x00, 0xd5, 0x00, 0x0d,
    0x50, 0x00, 0xd5, 0x00, 0x0d, 0x50,

    /* U+00CF "Ï" */
    0x00, 0x00, 0x03, 0xf0, 0x8b, 0x03, 0x01, 0x20,
    0x00, 0x00, 0x00, 0xd5, 0x00, 0x0d, 0x50, 0x00,
    0xd5, 0x00, 0x0d, 0x50, 0x00, 0xd5, 0x00, 0x0d,
    0x50, 0x00, 0xd5, 0x00, 0x0d, 0x50, 0x00, 0xd5,
    0x00,

    /* U+00D0 "Ð" */
    0x0c, 0xff, 0xfd, 0x80, 0x00, 0xb9, 0x01, 0x3b,
    0xc0, 0x0b, 0x80, 0x00, 0x0d, 0x60, 0xb8, 0x00,
    0x00, 0x8a, 0xdf, 0xff, 0xf0, 0x06, 0xc0, 0xb8,
    0x00, 0x00, 0x8a, 0x0b, 0x80, 0x00, 0x0d, 0x60,
    0xb8, 0x01, 0x3b, 0xc0, 0x0b, 0xff, 0xfd, 0x80,
    0x00,

    /* U+00D1 "Ñ" */
    0x00, 0x7a, 0x29, 0x00, 0x00, 0xb2, 0xc5, 0x00,
    0x00, 0x00, 0x00, 0x00, 0xde, 0x00, 0x00, 0x8a,
    0xdd, 0x80, 0x00, 0x8a, 0xd6, 0xe3, 0x00, 0x8a,
    0xd5, 0x5d, 0x00, 0x8a, 0xd5, 0x0b, 0x70, 0x8a,
    0xd5, 0x01, 0xe2, 0x8a, 0xd5, 0x00, 0x6c, 0x8a,
    0xd5, 0x00, 0x0c, 0xda, 0xd5, 0x00, 0x02, 0xfa,

    /* U+00D2 "Ò" */
    0x00, 0x05, 0xd0, 0x00, 0x00, 0x00, 0x00, 0x93,
    0x00, 0x00, 0x00, 0x00, 0x00, 0x00, 0x00, 0x00,
    0x3b, 0xfe, 0xb3, 0x00, 0x04, 0xf7, 0x22, 0x8f,
    0x30, 0x0d, 0x70, 0x00, 0x08, 0xc0, 0x1f, 0x10,
    0x00, 0x02, 0xf0, 0x3f, 0x00, 0x00, 0x00, 0xf2,
    0x1f, 0x10, 0x00, 0x02, 0xf0, 0x0d, 0x70, 0x00,
    0x08, 0xc0, 0x04, 0xf7, 0x22, 0x8f, 0x30, 0x00,
    0x3b, 0xff, 0xb3, 0x00,

    /* U+00D3 "Ó" */
    0x00, 0x00, 0x0d, 0x50, 0x00, 0x00, 0x00, 0x4b,
    0x00, 0x00, 0x00, 0x00, 0x00, 0x00, 0x00, 0x00,
    0x3b, 0xfe, 0xb3, 0x00, 0x04, 0xf7, 0x22, 0x8f,
    0x30, 0x0d, 0x70, 0x00, 0x08, 0xc0, 0x1f, 0x10,
    0x00, 0x02, 0xf0, 0x3f, 0x00, 0x00, 0x00, 0xf2,
    0x1f, 0x10, 0x00, 0x02, 0xf0, 0x0d, 0x70, 0x00,
    0x08, 0xc0, 0x04, 0xf7, 0x22, 0x8f, 0x30, 0x00,
    0x3b, 0xff, 0xb3, 0x00,

    /* U+00D4 "Ô" */
    0x00, 0x02, 0xcc, 0x20, 0x00, 0x00, 0x06, 0x22,
    0x60, 0x00, 0x00, 0x00, 0x00, 0x00, 0x00, 0x00,
    0x3b, 0xfe, 0xb3, 0x00, 0x04, 0xf7, 0x22, 0x8f,
    0x30, 0x0d, 0x70, 0x00, 0x08, 0xc0, 0x1f, 0x10,
    0x00, 0x02, 0xf0, 0x3f, 0x00, 0x00, 0x00, 0xf2,
    0x1f, 0x10, 0x00, 0x02, 0xf0, 0x0d, 0x70, 0x00,
    0x08, 0xc0, 0x04, 0xf7, 0x22, 0x8f, 0x30, 0x00,
    0x3b, 0xff, 0xb3, 0x00,

    /* U+00D5 "Õ" */
    0x00, 0x06, 0xb1, 0xa0, 0x00, 0x00, 0x0b, 0x2b,
    0x60, 0x00, 0x00, 0x00, 0x00, 0x00, 0x00, 0x00,
    0x3b, 0xfe, 0xb3, 0x00, 0x04, 0xf7, 0x22, 0x8f,
    0x30, 0x0d, 0x70, 0x00, 0x08, 0xc0, 0x1f, 0x10,
    0x00, 0x02, 0xf0, 0x3f, 0x00, 0x00, 0x00, 0xf2,
    0x1f, 0x10, 0x00, 0x02, 0xf0, 0x0d, 0x70, 0x00,
    0x08, 0xc0, 0x04, 0xf7, 0x22, 0x8f, 0x30, 0x00,
    0x3b, 0xff, 0xb3, 0x00,

    /* U+00D6 "Ö" */
    0x00, 0x00, 0x00, 0x00, 0x00, 0x00, 0x0f, 0x45,
    0xe0, 0x00, 0x00, 0x03, 0x00, 0x30, 0x00, 0x00,
    0x00, 0x00, 0x00, 0x00, 0x00, 0x3b, 0xfe, 0xb3,
    0x00, 0x04, 0xf7, 0x22, 0x8f, 0x30, 0x0d, 0x70,
    0x00, 0x08, 0xc0, 0x1f, 0x10, 0x00, 0x02, 0xf0,
    0x3f, 0x00, 0x00, 0x00, 0xf2, 0x1f, 0x10, 0x00,
    0x02, 0xf0, 0x0d, 0x70, 0x00, 0x08, 0xc0, 0x04,
    0xf7, 0x22, 0x8f, 0x30, 0x00, 0x3b, 0xff, 0xb3,
    0x00,

    /* U+00D7 "×" */
    0x12, 0x00, 0x04, 0x05, 0xe2, 0x07, 0xd1, 0x05,
    0xeb, 0xd1, 0x00, 0x0d, 0xf5, 0x00, 0x08, 0xd6,
    0xe3, 0x06, 0xd1, 0x04, 0xe1, 0x01, 0x00, 0x01,
    0x00,

    /* U+00D8 "Ø" */
    0x00, 0x00, 0x00, 0x00, 0x00, 0x00, 0x3b, 0xfe,
    0xbd, 0x60, 0x04, 0xf7, 0x22, 0xef, 0x30, 0x0d,
    0x70, 0x02, 0xeb, 0xc0, 0x1f, 0x10, 0x0d, 0x52,
    0xf0, 0x3f, 0x00, 0xa9, 0x00, 0xf2, 0x1f, 0x16,
    0xc0, 0x02, 0xf0, 0x0d, 0xae, 0x20, 0x08, 0xc0,
    0x05, 0xfd, 0x22, 0x8f, 0x30, 0x07, 0xcb, 0xff,
    0xb3, 0x00, 0x00, 0x00, 0x00, 0x00, 0x00,

    /* U+00D9 "Ù" */
    0x00, 0x7a, 0x00, 0x00, 0x00, 0x0b, 0x10, 0x00,
    0x00, 0x00, 0x00, 0x00, 0xd5, 0x00, 0x00, 0xa8,
    0xd5, 0x00, 0x00, 0xa8, 0xd5, 0x00, 0x00, 0xa8,
    0xd5, 0x00, 0x00, 0xa8, 0xd5, 0x00, 0x00, 0xa8,
    0xd5, 0x00, 0x00, 0xa8, 0xc8, 0x00, 0x00, 0xd6,
    0x5f, 0x61, 0x29, 0xe1, 0x05, 0xcf, 0xea, 0x20,

    /* U+00DA "Ú" */
    0x00, 0x01, 0xe2, 0x00, 0x00, 0x04, 0x30, 0x00,
    0x00, 0x00, 0x00, 0x00, 0xd5, 0x00, 0x00, 0xa8,
    0xd5, 0x00, 0x00, 0xa8, 0xd5, 0x00, 0x00, 0xa8,
    0xd5, 0x00, 0x00, 0xa8, 0xd5, 0x00, 0x00, 0xa8,
    0xd5, 0x00, 0x00, 0xa8, 0xc8, 0x00, 0x00, 0xd6,
    0x5f, 0x61, 0x29, 0xe1, 0x05, 0xcf, 0xea, 0x20,

    /* U+00DB "Û" */
    0x00, 0x4c, 0xc1, 0x00, 0x00, 0x71, 0x35, 0x00,
    0x00, 0x00, 0x00, 0x00, 0xd5, 0x00, 0x00, 0xa8,
    0xd5, 0x00, 0x00, 0xa8, 0xd5, 0x00, 0x00, 0xa8,
    0xd5, 0x00, 0x00, 0xa8, 0xd5, 0x00, 0x00, 0xa8,
    0xd5, 0x00, 0x00, 0xa8, 0xc8, 0x00, 0x00, 0xd6,
    0x5f, 0x61, 0x29, 0xe1, 0x05, 0xcf, 0xea, 0x20,

    /* U+00DC "Ü" */
    0x00, 0x00, 0x00, 0x00, 0x02, 0xf2, 0x7d, 0x00,
    0x00, 0x30, 0x12, 0x00, 0x00, 0x00, 0x00, 0x00,
    0xd5, 0x00, 0x00, 0xa8, 0xd5, 0x00, 0x00, 0xa8,
    0xd5, 0x00, 0x00, 0xa8, 0xd5, 0x00, 0x00, 0xa8,
    0xd5, 0x00, 0x00, 0xa8, 0xd5, 0x00, 0x00, 0xa8,
    0xc8, 0x00, 0x00, 0xd6, 0x5f, 0x61, 0x29, 0xe1,
    0x05, 0xcf, 0xea, 0x20,

    /* U+00DD "Ý" */
    0x00, 0x00, 0x6c, 0x00, 0x00, 0x00, 0x0d, 0x20,
    0x00, 0x00, 0x00, 0x00, 0x00, 0x05, 0xf1, 0x00,
    0x03, 0xf3, 0x0b, 0xb0, 0x00, 0xd8, 0x00, 0x1e,
    0x50, 0x8d, 0x00, 0x00, 0x6e, 0x3f, 0x30, 0x00,
    0x00, 0xbf, 0x80, 0x00, 0x00, 0x03, 0xf0, 0x00,
    0x00, 0x00, 0x3f, 0x00, 0x00, 0x00, 0x03, 0xf0,
    0x00, 0x00, 0x00, 0x3f, 0x00, 0x00,

    /* U+00DE "Þ" */
    0xf4, 0x00, 0x00, 0x0f, 0x40, 0x00, 0x00, 0xff,
    0xed, 0xa2, 0x0f, 0x61, 0x29, 0xe0, 0xf4, 0x00,
    0x0f, 0x2f, 0x40, 0x05, 0xf0, 0xff, 0xef, 0xd4,
    0x0f, 0x61, 0x00, 0x00, 0xf4, 0x00, 0x00, 0x00,

    /* U+00DF "ß" */
    0x1a, 0xfe, 0x90, 0x0a, 0xb1, 0x2d, 0x80, 0xd5,
    0x00, 0x8a, 0x0d, 0x40, 0x1d, 0x50, 0xd4, 0x7f,
    0xb1, 0x0d, 0x41, 0x28, 0xe0, 0xd4, 0x00, 0x0e,
    0x3d, 0x40, 0x05, 0xf1, 0xd4, 0x8f, 0xd4, 0x00,

    /* U+00E0 "à" */
    0x00, 0xb4, 0x00, 0x00, 0x04, 0xc0, 0x00, 0x00,
    0x00, 0x00, 0x00, 0x4c, 0xfd, 0x60, 0x0d, 0x50,
    0x3f, 0x20, 0x00, 0x13, 0xe4, 0x08, 0xed, 0xae,
    0x45, 0xe1, 0x00, 0xe4, 0x5e, 0x20, 0x7f, 0x40,
    0x8e, 0xe8, 0xd4,

    /* U+00E1 "á" */
    0x00, 0x04, 0xd0, 0x00, 0x00, 0xb4, 0x00, 0x00,
    0x00, 0x00, 0x00, 0x4c, 0xfd, 0x60, 0x0d, 0x50,
    0x3f, 0x20, 0x00, 0x13, 0xe4, 0x08, 0xed, 0xae,
    0x45, 0xe1, 0x00, 0xe4, 0x5e, 0x20, 0x7f, 0x40,
    0x8e, 0xe8, 0xd4,

    /* U+00E2 "â" */
    0x00, 0x6f, 0x70, 0x00, 0x3d, 0x2d, 0x30, 0x00,
    0x00, 0x00, 0x00, 0x4c, 0xfd, 0x60, 0x0d, 0x50,
    0x3f, 0x20, 0x00, 0x13, 0xe4, 0x08, 0xed, 0xae,
    0x45, 0xe1, 0x00, 0xe4, 0x5e, 0x20, 0x7f, 0x40,
    0x8e, 0xe8, 0xd4,

    /* U+00E3 "ã" */
    0x01, 0xcc, 0xc2, 0x00, 0x00, 0x00, 0x00, 0x04,
    0xcf, 0xd6, 0x00, 0xd5, 0x03, 0xf2, 0x00, 0x01,
    0x3e, 0x40, 0x8e, 0xda, 0xe4, 0x5e, 0x10, 0x0e,
    0x45, 0xe2, 0x07, 0xf4, 0x08, 0xee, 0x8d, 0x40,

    /* U+00E4 "ä" */
    0x06, 0xc0, 0xb7, 0x00, 0x14, 0x04, 0x20, 0x04,
    0xcf, 0xd6, 0x00, 0xd5, 0x03, 0xf2, 0x00, 0x01,
    0x3e, 0x40, 0x8e, 0xda, 0xe4, 0x5e, 0x10, 0x0e,
    0x45, 0xe2, 0x07, 0xf4, 0x08, 0xee, 0x8d, 0x40,

    /* U+00E5 "å" */
    0x00, 0x6b, 0x60, 0x00, 0x0d, 0x0c, 0x10, 0x00,
    0xd0, 0xd1, 0x00, 0x06, 0xc7, 0x00, 0x04, 0xcf,
    0xd6, 0x00, 0xd5, 0x03, 0xf2, 0x00, 0x01, 0x3e,
    0x40, 0x8e, 0xda, 0xe4, 0x5e, 0x10, 0x0e, 0x45,
    0xe2, 0x07, 0xf4, 0x08, 0xee, 0x8d, 0x40,

    /* U+00E6 "æ" */
    0x04, 0xcf, 0xd5, 0x6d, 0xfa, 0x10, 0x0d, 0x50,
    0x3f, 0xd2, 0x09, 0xd0, 0x00, 0x00, 0x0f, 0x40,
    0x00, 0xf2, 0x07, 0xde, 0xff, 0xff, 0xff, 0xf4,
    0x5e, 0x20, 0x0f, 0x40, 0x00, 0x00, 0x5e, 0x21,
    0x7f, 0xd2, 0x05, 0xc0, 0x08, 0xee, 0xa1, 0x7d,
    0xfc, 0x30,

    /* U+00E7 "ç" */
    0x01, 0xaf, 0xe8, 0x00, 0xca, 0x11, 0xc8, 0x3f,
    0x00, 0x00, 0x05, 0xd0, 0x00, 0x00, 0x3f, 0x00,
    0x01, 0x00, 0xca, 0x01, 0xb8, 0x01, 0xbf, 0xf9,
    0x00, 0x00, 0x89, 0x00, 0x00, 0x00, 0x85, 0x00,
    0x00, 0x8c, 0x20,

    /* U+00E8 "è" */
    0x00, 0x78, 0x00, 0x00, 0x01, 0xd1, 0x00, 0x00,
    0x00, 0x00, 0x00, 0x1a, 0xfe, 0x70, 0x0c, 0x90,
    0x2d, 0x73, 0xf0, 0x00, 0x5d, 0x5f, 0xff, 0xff,
    0xe3, 0xe0, 0x00, 0x00, 0x0c, 0x90, 0x19, 0x70,
    0x1a, 0xfe, 0xa1,

    /* U+00E9 "é" */
    0x00, 0x00, 0xe3, 0x00, 0x00, 0x79, 0x00, 0x00,
    0x00, 0x00, 0x00, 0x1a, 0xfe, 0x70, 0x0c, 0x90,
    0x2d, 0x73, 0xf0, 0x00, 0x5d, 0x5f, 0xff, 0xff,
    0xe3, 0xe0, 0x00, 0x00, 0x0c, 0x90, 0x19, 0x70,
    0x1a, 0xfe, 0xa1,

    /* U+00EA "ê" */
    0x00, 0x2e, 0xb0, 0x00, 0x0d, 0x4a, 0x70, 0x00,
    0x00, 0x00, 0x00, 0x1a, 0xfe, 0x70, 0x0c, 0x90,
    0x2d, 0x73, 0xf0, 0x00, 0x5d, 0x5f, 0xff, 0xff,
    0xe3, 0xe0, 0x00, 0x00, 0x0c, 0x90, 0x19, 0x70,
    0x1a, 0xfe, 0xa1,

    /* U+00EB "ë" */
    0x02, 0xe1, 0x6b, 0x00, 0x06, 0x02, 0x40, 0x01,
    0xaf, 0xe7, 0x00, 0xc9, 0x02, 0xd7, 0x3f, 0x00,
    0x05, 0xd5, 0xff, 0xff, 0xfe, 0x3e, 0x00, 0x00,
    0x00, 0xc9, 0x01, 0x97, 0x01, 0xaf, 0xea, 0x10,

    /* U+00EC "ì" */
    0x0a, 0x40, 0x03, 0xc0, 0x00, 0x00, 0x00, 0xf2,
    0x00, 0xf2, 0x00, 0xf2, 0x00, 0xf2, 0x00, 0xf2,
    0x00, 0xf2, 0x00, 0xf2,

    /* U+00ED "í" */
    0x17, 0x0a, 0x60, 0x00, 0x0f, 0x20, 0xf2, 0x0f,
    0x20, 0xf2, 0x0f, 0x20, 0xf2, 0x0f, 0x20,

    /* U+00EE "î" */
    0x01, 0x72, 0x02, 0xd5, 0xc3, 0x00, 0x00, 0x00,
    0x0f, 0x20, 0x00, 0xf2, 0x00, 0x0f, 0x20, 0x00,
    0xf2, 0x00, 0x0f, 0x20, 0x00, 0xf2, 0x00, 0x0f,
    0x20,

    /* U+00EF "ï" */
    0x5c, 0x0a, 0x71, 0x50, 0x32, 0x00, 0xf2, 0x00,
    0x0f, 0x20, 0x00, 0xf2, 0x00, 0x0f, 0x20, 0x00,
    0xf2, 0x00, 0x0f, 0x20, 0x00, 0xf2, 0x00,

    /* U+00F0 "ð" */
    0x00, 0x10, 0x00, 0x00, 0x0a, 0xa5, 0xa0, 0x00,
    0x5f, 0xf2, 0x00, 0x05, 0x16, 0xb0, 0x01, 0xbe,
    0xac, 0x40, 0xc9, 0x02, 0xea, 0x3f, 0x00, 0x06,
    0xd5, 0xd0, 0x00, 0x3e, 0x3f, 0x00, 0x06, 0xc0,
    0xd9, 0x02, 0xe6, 0x01, 0xbf, 0xe7, 0x00,

    /* U+00F1 "ñ" */
    0x0a, 0xcc, 0x60, 0x00, 0x00, 0x00, 0xf5, 0xdf,
    0xa0, 0xfa, 0x01, 0xd7, 0xf3, 0x00, 0x8a, 0xf2,
    0x00, 0x7a, 0xf2, 0x00, 0x7a, 0xf2, 0x00, 0x7a,
    0xf2, 0x00, 0x7a,

    /* U+00F2 "ò" */
    0x00, 0x68, 0x00, 0x00, 0x00, 0x0d, 0x20, 0x00,
    0x00, 0x00, 0x00, 0x00, 0x01, 0xaf, 0xe9, 0x00,
    0x0c, 0xa1, 0x1c, 0x90, 0x3f, 0x00, 0x03, 0xf0,
    0x5d, 0x00, 0x01, 0xf1, 0x3f, 0x00, 0x03, 0xf0,
    0x0c, 0xa0, 0x1c, 0x90, 0x01, 0xbf, 0xe9, 0x00,

    /* U+00F3 "ó" */
    0x00, 0x00, 0xe3, 0x00, 0x00, 0x06, 0xa0, 0x00,
    0x00, 0x00, 0x00, 0x00, 0x01, 0xaf, 0xe9, 0x00,
    0x0c, 0xa1, 0x1c, 0x90, 0x3f, 0x00, 0x03, 0xf0,
    0x5d, 0x00, 0x01, 0xf1, 0x3f, 0x00, 0x03, 0xf0,
    0x0c, 0xa0, 0x1c, 0x90, 0x01, 0xbf, 0xe9, 0x00,

    /* U+00F4 "ô" */
    0x00, 0x1e, 0xc0, 0x00, 0x00, 0xc5, 0x98, 0x00,
    0x00, 0x00, 0x00, 0x00, 0x01, 0xaf, 0xe9, 0x00,
    0x0c, 0xa1, 0x1c, 0x90, 0x3f, 0x00, 0x03, 0xf0,
    0x5d, 0x00, 0x01, 0xf1, 0x3f, 0x00, 0x03, 0xf0,
    0x0c, 0xa0, 0x1c, 0x90, 0x01, 0xbf, 0xe9, 0x00,

    /* U+00F5 "õ" */
    0x00, 0xac, 0xc6, 0x00, 0x00, 0x00, 0x00, 0x00,
    0x01, 0xaf, 0xe9, 0x00, 0x0c, 0xa1, 0x1c, 0x90,
    0x3f, 0x00, 0x03, 0xf0, 0x5d, 0x00, 0x01, 0xf1,
    0x3f, 0x00, 0x03, 0xf0, 0x0c, 0xa0, 0x1c, 0x90,
    0x01, 0xbf, 0xe9, 0x00,

    /* U+00F6 "ö" */
    0x01, 0xe2, 0x5c, 0x00, 0x00, 0x50, 0x14, 0x00,
    0x01, 0xaf, 0xe9, 0x00, 0x0c, 0xa1, 0x1c, 0x90,
    0x3f, 0x00, 0x03, 0xf0, 0x5d, 0x00, 0x01, 0xf1,
    0x3f, 0x00, 0x03, 0xf0, 0x0c, 0xa0, 0x1c, 0x90,
    0x01, 0xbf, 0xe9, 0x00,

    /* U+00F7 "÷" */
    0x00, 0x5d, 0x00, 0x00, 0x02, 0x80, 0x00, 0x00,
    0x00, 0x00, 0x09, 0xee, 0xee, 0xe4, 0x11, 0x11,
    0x11, 0x00, 0x05, 0xd0, 0x00, 0x00, 0x28, 0x00,
    0x00,

    /* U+00F8 "ø" */
    0x00, 0x00, 0x00, 0x00, 0x01, 0xaf, 0xeb, 0xd0,
    0x0c, 0xa1, 0x3f, 0xd0, 0x3f, 0x00, 0xb9, 0xf0,
    0x5d, 0x0a, 0x81, 0xf1, 0x3f, 0x9a, 0x03, 0xf0,
    0x0f, 0xf1, 0x1c, 0x90, 0x3e, 0xcf, 0xe9, 0x00,
    0x01, 0x00, 0x00, 0x00,

    /* U+00F9 "ù" */
    0x07, 0x80, 0x00, 0x00, 0xd1, 0x00, 0x00, 0x00,
    0x00, 0xf2, 0x00, 0x7b, 0xf2, 0x00, 0x7b, 0xf2,
    0x00, 0x7b, 0xf2, 0x00, 0x7b, 0xf2, 0x00, 0x8b,
    0xc9, 0x13, 0xeb, 0x3d, 0xfb, 0x8b,

    /* U+00FA "ú" */
    0x00, 0x07, 0x20, 0x00, 0x5a, 0x00, 0x00, 0x00,
    0x00, 0xf2, 0x00, 0x7b, 0xf2, 0x00, 0x7b, 0xf2,
    0x00, 0x7b, 0xf2, 0x00, 0x7b, 0xf2, 0x00, 0x8b,
    0xc9, 0x13, 0xeb, 0x3d, 0xfb, 0x8b,

    /* U+00FB "û" */
    0x00, 0x74, 0x00, 0x0b, 0x6b, 0x60, 0x00, 0x00,
    0x00, 0xf2, 0x00, 0x7b, 0xf2, 0x00, 0x7b, 0xf2,
    0x00, 0x7b, 0xf2, 0x00, 0x7b, 0xf2, 0x00, 0x8b,
    0xc9, 0x13, 0xeb, 0x3d, 0xfb, 0x8b,

    /* U+00FC "ü" */
    0x2e, 0x16, 0xb0, 0x06, 0x02, 0x40, 0xf2, 0x00,
    0x7b, 0xf2, 0x00, 0x7b, 0xf2, 0x00, 0x7b, 0xf2,
    0x00, 0x7b, 0xf2, 0x00, 0x8b, 0xc9, 0x13, 0xeb,
    0x3d, 0xfb, 0x8b,

    /* U+00FD "ý" */
    0x00, 0x00, 0x71, 0x00, 0x00, 0x6b, 0x00, 0x00,
    0x05, 0x10, 0x07, 0xc0, 0x00, 0x7c, 0x1f, 0x20,
    0x0d, 0x60, 0xb7, 0x02, 0xf0, 0x05, 0xd0, 0x8a,
    0x00, 0x0f, 0x2d, 0x40, 0x00, 0x9a, 0xe0, 0x00,
    0x03, 0xf8, 0x00, 0x00, 0x0f, 0x20, 0x00, 0x18,
    0xb0, 0x00, 0x0e, 0xc2, 0x00, 0x00,

    /* U+00FE "þ" */
    0xf2, 0x00, 0x00, 0x0f, 0x20, 0x00, 0x00, 0xf5,
    0xdf, 0xb1, 0x0f, 0xc2, 0x1a, 0xc0, 0xf5, 0x00,
    0x1f, 0x2f, 0x20, 0x00, 0xe4, 0xf5, 0x00, 0x1f,
    0x2f, 0xc1, 0x0a, 0xc0, 0xf5, 0xdf, 0xb1, 0x0f,
    0x20, 0x00, 0x00, 0xf2, 0x00, 0x00, 0x0f, 0x20,
    0x00, 0x00,

    /* U+00FF "ÿ" */
    0x04, 0xd0, 0x99, 0x00, 0x15, 0x03, 0x30, 0x7c,
    0x00, 0x07, 0xc1, 0xf2, 0x00, 0xd6, 0x0b, 0x70,
    0x2f, 0x00, 0x5d, 0x08, 0xa0, 0x00, 0xf2, 0xd4,
    0x00, 0x09, 0xae, 0x00, 0x00, 0x3f, 0x80, 0x00,
    0x00, 0xf2, 0x00, 0x01, 0x8b, 0x00, 0x00, 0xec,
    0x20, 0x00,

    /* U+0100 "Ā" */
    0x00, 0x3e, 0xee, 0x30, 0x00, 0x00, 0x00, 0x00,
    0x00, 0x00, 0x00, 0x00, 0x00, 0x00, 0x00, 0x6f,
    0x50, 0x00, 0x00, 0x0c, 0xab, 0x00, 0x00, 0x03,
    0xe1, 0xf2, 0x00, 0x00, 0x99, 0x0b, 0x80, 0x00,
    0x0e, 0x30, 0x5e, 0x00, 0x05, 0xfe, 0xee, 0xf4,
    0x00, 0xb9, 0x11, 0x1a, 0xa0, 0x1f, 0x20, 0x00,
    0x3f, 0x17, 0xc0, 0x00, 0x00, 0xd7,

    /* U+0101 "ā" */
    0x03, 0xee, 0xe4, 0x00, 0x00, 0x00, 0x00, 0x04,
    0xcf, 0xd6, 0x00, 0xd5, 0x03, 0xf2, 0x00, 0x01,
    0x3e, 0x40, 0x8e, 0xda, 0xe4, 0x5e, 0x10, 0x0e,
    0x45, 0xe2, 0x07, 0xf4, 0x08, 0xee, 0x8d, 0x40,

    /* U+0102 "Ă" */
    0x00, 0x3a, 0x0a, 0x30, 0x00, 0x00, 0x8c, 0x70,
    0x00, 0x00, 0x00, 0x00, 0x00, 0x00, 0x00, 0x6f,
    0x50, 0x00, 0x00, 0x0c, 0xab, 0x00, 0x00, 0x03,
    0xe1, 0xf2, 0x00, 0x00, 0x99, 0x0b, 0x80, 0x00,
    0x0e, 0x30, 0x5e, 0x00, 0x05, 0xfe, 0xee, 0xf4,
    0x00, 0xb9, 0x11, 0x1a, 0xa0, 0x1f, 0x20, 0x00,
    0x3f, 0x17, 0xc0, 0x00, 0x00, 0xd7,

    /* U+0103 "ă" */
    0x02, 0x80, 0x73, 0x00, 0x08, 0xc8, 0x00, 0x00,
    0x00, 0x00, 0x00, 0x4c, 0xfd, 0x60, 0x0d, 0x50,
    0x3f, 0x20, 0x00, 0x13, 0xe4, 0x08, 0xed, 0xae,
    0x45, 0xe1, 0x00, 0xe4, 0x5e, 0x20, 0x7f, 0x40,
    0x8e, 0xe8, 0xd4,

    /* U+0104 "Ą" */
    0x00, 0x06, 0xf5, 0x00, 0x00, 0x00, 0x0c, 0xab,
    0x00, 0x00, 0x00, 0x3f, 0x1f, 0x20, 0x00, 0x00,
    0x9a, 0x0b, 0x80, 0x00, 0x00, 0xe4, 0x05, 0xe0,
    0x00, 0x05, 0xe0, 0x00, 0xe4, 0x00, 0x0b, 0xfe,
    0xee, 0xfa, 0x00, 0x1f, 0x31, 0x11, 0x4f, 0x10,
    0x7c, 0x00, 0x00, 0x0d, 0x70, 0x00, 0x00, 0x00,
    0x2d, 0x30, 0x00, 0x00, 0x00, 0x8a, 0x00, 0x00,
    0x00, 0x00, 0x3e, 0xc0,

    /* U+0105 "ą" */
    0x04, 0xcf, 0xd6, 0x00, 0xd5, 0x03, 0xf2, 0x00,
    0x01, 0x3e, 0x40, 0x8e, 0xda, 0xe4, 0x5e, 0x10,
    0x0e, 0x45, 0xe2, 0x07, 0xf4, 0x08, 0xee, 0x8f,
    0x50, 0x00, 0x08, 0xa0, 0x00, 0x00, 0xe4, 0x00,
    0x00, 0x08, 0xf7,

    /* U+0106 "Ć" */
    0x00, 0x00, 0x0d, 0x50, 0x00, 0x00, 0x04, 0xb0,
    0x00, 0x00, 0x00, 0x00, 0x00, 0x00, 0x03, 0xbf,
    0xeb, 0x30, 0x04, 0xf7, 0x22, 0x8f, 0x20, 0xd7,
    0x00, 0x00, 0x88, 0x1f, 0x10, 0x00, 0x00, 0x03,
    0xf0, 0x00, 0x00, 0x00, 0x1f, 0x10, 0x00, 0x00,
    0x00, 0xd7, 0x00, 0x00, 0x98, 0x04, 0xf7, 0x22,
    0x8f, 0x20, 0x03, 0xbf, 0xeb, 0x20,

    /* U+0107 "ć" */
    0x00, 0x00, 0xe3, 0x00, 0x00, 0x6a, 0x00, 0x00,
    0x00, 0x00, 0x00, 0x1a, 0xfe, 0x80, 0x0c, 0xa1,
    0x1c, 0x83, 0xf0, 0x00, 0x00, 0x5d, 0x00, 0x00,
    0x03, 0xf0, 0x00, 0x10, 0x0c, 0xa0, 0x1b, 0x80,
    0x1b, 0xfe, 0x90,

    /* U+0108 "Ĉ" */
    0x00, 0x02, 0xcc, 0x20, 0x00, 0x00, 0x62, 0x26,
    0x00, 0x00, 0x00, 0x00, 0x00, 0x00, 0x03, 0xbf,
    0xeb, 0x30, 0x04, 0xf7, 0x22, 0x8f, 0x20, 0xd7,
    0x00, 0x00, 0x88, 0x1f, 0x10, 0x00, 0x00, 0x03,
    0xf0, 0x00, 0x00, 0x00, 0x1f, 0x10, 0x00, 0x00,
    0x00, 0xd7, 0x00, 0x00, 0x98, 0x04, 0xf7, 0x22,
    0x8f, 0x20, 0x03, 0xbf, 0xeb, 0x20,

    /* U+0109 "ĉ" */
    0x00, 0x1e, 0xc0, 0x00, 0x0c, 0x59, 0x80, 0x00,
    0x00, 0x00, 0x00, 0x1a, 0xfe, 0x80, 0x0c, 0xa1,
    0x1c, 0x83, 0xf0, 0x00, 0x00, 0x5d, 0x00, 0x00,
    0x03, 0xf0, 0x00, 0x10, 0x0c, 0xa0, 0x1b, 0x80,
    0x1b, 0xfe, 0x90,

    /* U+010A "Ċ" */
    0x00, 0x00, 0x00, 0x00, 0x00, 0x00, 0x0b, 0xa0,
    0x00, 0x00, 0x00, 0x21, 0x00, 0x00, 0x00, 0x00,
    0x00, 0x00, 0x00, 0x3b, 0xfe, 0xb3, 0x00, 0x4f,
    0x72, 0x28, 0xf2, 0x0d, 0x70, 0x00, 0x08, 0x81,
    0xf1, 0x00, 0x00, 0x00, 0x3f, 0x00, 0x00, 0x00,
    0x01, 0xf1, 0x00, 0x00, 0x00, 0x0d, 0x70, 0x00,
    0x09, 0x80, 0x4f, 0x72, 0x28, 0xf2, 0x00, 0x3b,
    0xfe, 0xb2, 0x00,

    /* U+010B "ċ" */
    0x00, 0x0b, 0x80, 0x00, 0x00, 0x42, 0x00, 0x01,
    0xaf, 0xe8, 0x00, 0xca, 0x11, 0xc8, 0x3f, 0x00,
    0x00, 0x05, 0xd0, 0x00, 0x00, 0x3f, 0x00, 0x01,
    0x00, 0xca, 0x01, 0xb8, 0x01, 0xbf, 0xe9, 0x00,

    /* U+010C "Č" */
    0x00, 0x09, 0x89, 0x80, 0x00, 0x00, 0x06, 0x60,
    0x00, 0x00, 0x00, 0x00, 0x00, 0x00, 0x03, 0xbf,
    0xeb, 0x30, 0x04, 0xf7, 0x22, 0x8f, 0x20, 0xd7,
    0x00, 0x00, 0x88, 0x1f, 0x10, 0x00, 0x00, 0x03,
    0xf0, 0x00, 0x00, 0x00, 0x1f, 0x10, 0x00, 0x00,
    0x00, 0xd7, 0x00, 0x00, 0x98, 0x04, 0xf7, 0x22,
    0x8f, 0x20, 0x03, 0xbf, 0xeb, 0x20,

    /* U+010D "č" */
    0x00, 0xc5, 0x99, 0x00, 0x01, 0xdc, 0x00, 0x00,
    0x00, 0x00, 0x00, 0x1a, 0xfe, 0x80, 0x0c, 0xa1,
    0x1c, 0x83, 0xf0, 0x00, 0x00, 0x5d, 0x00, 0x00,
    0x03, 0xf0, 0x00, 0x10, 0x0c, 0xa0, 0x1b, 0x80,
    0x1b, 0xfe, 0x90,

    /* U+010E "Ď" */
    0x0b, 0x58, 0xa0, 0x00, 0x01, 0xdc, 0x00, 0x00,
    0x00, 0x00, 0x00, 0x00, 0xff, 0xff, 0xd7, 0x00,
    0xd6, 0x01, 0x4d, 0xa0, 0xd5, 0x00, 0x01, 0xf3,
    0xd5, 0x00, 0x00, 0xa8, 0xd5, 0x00, 0x00, 0x99,
    0xd5, 0x00, 0x00, 0xa7, 0xd5, 0x00, 0x01, 0xf3,
    0xd6, 0x01, 0x4d, 0xa0, 0xff, 0xff, 0xd7, 0x00,

    /* U+010F "ď" */
    0x00, 0x00, 0x00, 0x02, 0xe0, 0x00, 0x00, 0x3f,
    0x2c, 0x00, 0x00, 0x03, 0xf0, 0x30, 0x2b, 0xfd,
    0x6f, 0x00, 0x0d, 0x90, 0x2d, 0xf0, 0x03, 0xf0,
    0x00, 0x5f, 0x00, 0x5d, 0x00, 0x03, 0xf0, 0x03,
    0xf0, 0x00, 0x5f, 0x00, 0x0d, 0x90, 0x2d, 0xf0,
    0x00, 0x2b, 0xfd, 0x5f, 0x00,

    /* U+0110 "Đ" */
    0x0c, 0xff, 0xfd, 0x80, 0x00, 0xb9, 0x01, 0x3b,
    0xc0, 0x0b, 0x80, 0x00, 0x0d, 0x60, 0xb8, 0x00,
    0x00, 0x8a, 0xdf, 0xff, 0xf0, 0x06, 0xc0, 0xb8,
    0x00, 0x00, 0x8a, 0x0b, 0x80, 0x00, 0x0d, 0x60,
    0xb8, 0x01, 0x3b, 0xc0, 0x0b, 0xff, 0xfd, 0x80,
    0x00,

    /* U+0111 "đ" */
    0x00, 0x02, 0xdf, 0xfc, 0x00, 0x00, 0x03, 0xf0,
    0x02, 0xbf, 0xd6, 0xf0, 0x0d, 0x90, 0x2d, 0xf0,
    0x3f, 0x00, 0x05, 0xf0, 0x5d, 0x00, 0x03, 0xf0,
    0x3f, 0x00, 0x05, 0xf0, 0x0d, 0x90, 0x2d, 0xf0,
    0x02, 0xbf, 0xd5, 0xf0,

    /* U+0112 "Ē" */
    0x09, 0xee, 0xb0, 0x00, 0x00, 0x00, 0x00, 0x00,
    0x00, 0xdf, 0xff, 0xfe, 0xd5, 0x00, 0x00, 0xd5,
    0x00, 0x00, 0xd5, 0x00, 0x00, 0xdf, 0xee, 0xe8,
    0xd6, 0x11, 0x11, 0xd5, 0x00, 0x00, 0xd5, 0x00,
    0x00, 0xdf, 0xff, 0xff,

    /* U+0113 "ē" */
    0x00, 0xde, 0xe8, 0x00, 0x00, 0x00, 0x00, 0x01,
    0xaf, 0xe7, 0x00, 0xc9, 0x02, 0xd7, 0x3f, 0x00,
    0x05, 0xd5, 0xff, 0xff, 0xfe, 0x3e, 0x00, 0x00,
    0x00, 0xc9, 0x01, 0x97, 0x01, 0xaf, 0xea, 0x10,

    /* U+0114 "Ĕ" */
    0x0a, 0x31, 0xb0, 0x02, 0xbb, 0x30, 0x00, 0x00,
    0x00, 0xdf, 0xff, 0xfe, 0xd5, 0x00, 0x00, 0xd5,
    0x00, 0x00, 0xd5, 0x00, 0x00, 0xdf, 0xee, 0xe8,
    0xd6, 0x11, 0x11, 0xd5, 0x00, 0x00, 0xd5, 0x00,
    0x00, 0xdf, 0xff, 0xff,

    /* U+0115 "ĕ" */
    0x00, 0xd0, 0x58, 0x00, 0x04, 0xca, 0x10, 0x00,
    0x00, 0x00, 0x00, 0x1a, 0xfe, 0x70, 0x0c, 0x90,
    0x2d, 0x73, 0xf0, 0x00, 0x5d, 0x5f, 0xff, 0xff,
    0xe3, 0xe0, 0x00, 0x00, 0x0c, 0x90, 0x19, 0x70,
    0x1a, 0xfe, 0xa1,

    /* U+0116 "Ė" */
    0x00, 0x00, 0x00, 0x00, 0x9b, 0x00, 0x00, 0x12,
    0x00, 0x00, 0x00, 0x00, 0xdf, 0xff, 0xfe, 0xd5,
    0x00, 0x00, 0xd5, 0x00, 0x00, 0xd5, 0x00, 0x00,
    0xdf, 0xee, 0xe8, 0xd6, 0x11, 0x11, 0xd5, 0x00,
    0x00, 0xd5, 0x00, 0x00, 0xdf, 0xff, 0xff,

    /* U+0117 "ė" */
    0x00, 0x0c, 0x70, 0x00, 0x00, 0x42, 0x00, 0x01,
    0xaf, 0xe7, 0x00, 0xc9, 0x02, 0xd7, 0x3f, 0x00,
    0x05, 0xd5, 0xff, 0xff, 0xfe, 0x3e, 0x00, 0x00,
    0x00, 0xc9, 0x01, 0x97, 0x01, 0xaf, 0xea, 0x10,

    /* U+0118 "Ę" */
    0xdf, 0xff, 0xfe, 0x0d, 0x50, 0x00, 0x00, 0xd5,
    0x00, 0x00, 0x0d, 0x50, 0x00, 0x00, 0xdf, 0xee,
    0xe8, 0x0d, 0x61, 0x11, 0x10, 0xd5, 0x00, 0x00,
    0x0d, 0x50, 0x00, 0x00, 0xdf, 0xff, 0xff, 0x00,
    0x00, 0x0b, 0x70, 0x00, 0x03, 0xf0, 0x00, 0x00,
    0x0c, 0xe3,

    /* U+0119 "ę" */
    0x01, 0xaf, 0xe7, 0x00, 0xc9, 0x02, 0xd7, 0x3f,
    0x00, 0x05, 0xd5, 0xff, 0xff, 0xfe, 0x3e, 0x00,
    0x00, 0x00, 0xc9, 0x01, 0x9b, 0x01, 0xaf, 0xef,
    0x60, 0x00, 0x07, 0xb0, 0x00, 0x00, 0xc5, 0x00,
    0x00, 0x07, 0xf8,

    /* U+011A "Ě" */
    0x09, 0x86, 0xb0, 0x00, 0xcd, 0x10, 0x00, 0x00,
    0x00, 0xdf, 0xff, 0xfe, 0xd5, 0x00, 0x00, 0xd5,
    0x00, 0x00, 0xd5, 0x00, 0x00, 0xdf, 0xee, 0xe8,
    0xd6, 0x11, 0x11, 0xd5, 0x00, 0x00, 0xd5, 0x00,
    0x00, 0xdf, 0xff, 0xff,

    /* U+011B "ě" */
    0x00, 0xc4, 0xa8, 0x00, 0x02, 0xeb, 0x00, 0x00,
    0x00, 0x00, 0x00, 0x1a, 0xfe, 0x70, 0x0c, 0x90,
    0x2d, 0x73, 0xf0, 0x00, 0x5d, 0x5f, 0xff, 0xff,
    0xe3, 0xe0, 0x00, 0x00, 0x0c, 0x90, 0x19, 0x70,
    0x1a, 0xfe, 0xa1,

    /* U+011C "Ĝ" */
    0x00, 0x03, 0xcc, 0x10, 0x00, 0x00, 0x72, 0x35,
    0x00, 0x00, 0x00, 0x00, 0x00, 0x00, 0x03, 0xbf,
    0xeb, 0x30, 0x04, 0xf7, 0x22, 0x8f, 0x30, 0xd7,
    0x00, 0x00, 0x67, 0x1f, 0x10, 0x00, 0x00, 0x03,
    0xf0, 0x00, 0xae, 0xec, 0x1f, 0x10, 0x01, 0x16,
    0xd0, 0xd7, 0x00, 0x00, 0xaa, 0x04, 0xf7, 0x22,
    0x8f, 0x20, 0x03, 0xbf, 0xfb, 0x30,

    /* U+011D "ĝ" */
    0x00, 0x07, 0x40, 0x00, 0x07, 0xad, 0x20, 0x00,
    0x70, 0x35, 0x00, 0x1b, 0xfd, 0x5f, 0x0c, 0xa0,
    0x2d, 0xf3, 0xf0, 0x00, 0x5f, 0x5d, 0x00, 0x03,
    0xf3, 0xf0, 0x00, 0x5f, 0x0d, 0x90, 0x1c, 0xf0,
    0x2c, 0xfd, 0x6f, 0x00, 0x00, 0x03, 0xf0, 0xb7,
    0x01, 0xab, 0x03, 0xbf, 0xfa, 0x10,

    /* U+011E "Ğ" */
    0x00, 0x0c, 0x13, 0xa0, 0x00, 0x00, 0x3b, 0xb1,
    0x00, 0x00, 0x00, 0x00, 0x00, 0x00, 0x03, 0xbf,
    0xeb, 0x30, 0x04, 0xf7, 0x22, 0x8f, 0x30, 0xd7,
    0x00, 0x00, 0x67, 0x1f, 0x10, 0x00, 0x00, 0x03,
    0xf0, 0x00, 0xae, 0xec, 0x1f, 0x10, 0x01, 0x16,
    0xd0, 0xd7, 0x00, 0x00, 0xaa, 0x04, 0xf7, 0x22,
    0x8f, 0x20, 0x03, 0xbf, 0xfb, 0x30,

    /* U+011F "ğ" */
    0x00, 0x60, 0x24, 0x00, 0x05, 0xcb, 0x20, 0x00,
    0x00, 0x00, 0x00, 0x1b, 0xfd, 0x5f, 0x0c, 0xa0,
    0x2d, 0xf3, 0xf0, 0x00, 0x5f, 0x5d, 0x00, 0x03,
    0xf3, 0xf0, 0x00, 0x5f, 0x0d, 0x90, 0x1c, 0xf0,
    0x2c, 0xfd, 0x6f, 0x00, 0x00, 0x03, 0xf0, 0xb7,
    0x01, 0xab, 0x03, 0xbf, 0xfa, 0x10,

    /* U+0120 "Ġ" */
    0x00, 0x00, 0x00, 0x00, 0x00, 0x00, 0x0b, 0x90,
    0x00, 0x00, 0x00, 0x21, 0x00, 0x00, 0x00, 0x00,
    0x00, 0x00, 0x00, 0x3b, 0xfe, 0xb3, 0x00, 0x4f,
    0x72, 0x28, 0xf3, 0x0d, 0x70, 0x00, 0x06, 0x71,
    0xf1, 0x00, 0x00, 0x00, 0x3f, 0x00, 0x0a, 0xee,
    0xc1, 0xf1, 0x00, 0x11, 0x6d, 0x0d, 0x70, 0x00,
    0x0a, 0xa0, 0x4f, 0x72, 0x28, 0xf2, 0x00, 0x3b,
    0xff, 0xb3, 0x00,

    /* U+0121 "ġ" */
    0x00, 0x0c, 0x70, 0x00, 0x00, 0x42, 0x00, 0x01,
    0xbf, 0xd5, 0xf0, 0xca, 0x02, 0xdf, 0x3f, 0x00,
    0x05, 0xf5, 0xd0, 0x00, 0x3f, 0x3f, 0x00, 0x05,
    0xf0, 0xd9, 0x01, 0xcf, 0x02, 0xcf, 0xd6, 0xf0,
    0x00, 0x00, 0x3f, 0x0b, 0x70, 0x1a, 0xb0, 0x3b,
    0xff, 0xa1,

    /* U+0122 "Ģ" */
    0x00, 0x3b, 0xfe, 0xb3, 0x00, 0x4f, 0x72, 0x28,
    0xf3, 0x0d, 0x70, 0x00, 0x06, 0x71, 0xf1, 0x00,
    0x00, 0x00, 0x3f, 0x00, 0x0a, 0xee, 0xc1, 0xf1,
    0x00, 0x11, 0x6d, 0x0d, 0x70, 0x00, 0x0a, 0xa0,
    0x4f, 0x72, 0x28, 0xf2, 0x00, 0x3b, 0xff, 0xb3,
    0x00, 0x00, 0x03, 0x20, 0x00, 0x00, 0x00, 0xd3,
    0x00, 0x00, 0x00, 0x1d, 0x00, 0x00,

    /* U+0123 "ģ" */
    0x00, 0x00, 0x00, 0x00, 0x00, 0x4a, 0x00, 0x00,
    0x09, 0x60, 0x00, 0x00, 0x52, 0x00, 0x01, 0xbf,
    0xd5, 0xf0, 0xca, 0x02, 0xdf, 0x3f, 0x00, 0x05,
    0xf5, 0xd0, 0x00, 0x3f, 0x3f, 0x00, 0x05, 0xf0,
    0xd9, 0x01, 0xcf, 0x02, 0xcf, 0xd6, 0xf0, 0x00,
    0x00, 0x3f, 0x0b, 0x70, 0x1a, 0xb0, 0x3b, 0xff,
    0xa1,

    /* U+0124 "Ĥ" */
    0x00, 0x2e, 0xb0, 0x00, 0x00, 0xd4, 0xa7, 0x00,
    0x00, 0x00, 0x00, 0x00, 0xd5, 0x00, 0x00, 0xb8,
    0xd5, 0x00, 0x00, 0xb8, 0xd5, 0x00, 0x00, 0xb8,
    0xd5, 0x00, 0x00, 0xb8, 0xdf, 0xee, 0xee, 0xf8,
    0xd6, 0x11, 0x11, 0xb8, 0xd5, 0x00, 0x00, 0xb8,
    0xd5, 0x00, 0x00, 0xb8, 0xd5, 0x00, 0x00, 0xb8,

    /* U+0125 "ĥ" */
    0x05, 0xf7, 0x00, 0x00, 0x2e, 0x2d, 0x30, 0x00,
    0x00, 0x00, 0x00, 0x00, 0x00, 0xf2, 0x00, 0x00,
    0x00, 0xf2, 0x00, 0x00, 0x00, 0xf5, 0xdf, 0xa0,
    0x00, 0xfb, 0x12, 0xd7, 0x00, 0xf3, 0x00, 0x8a,
    0x00, 0xf2, 0x00, 0x7b, 0x00, 0xf2, 0x00, 0x7b,
    0x00, 0xf2, 0x00, 0x7b, 0x00, 0xf2, 0x00, 0x7b,

    /* U+0126 "Ħ" */
    0x09, 0x90, 0x00, 0x07, 0xc0, 0x09, 0x90, 0x00,
    0x07, 0xc0, 0x5f, 0xff, 0xff, 0xff, 0xf7, 0x09,
    0x90, 0x00, 0x07, 0xc0, 0x09, 0xfe, 0xee, 0xef,
    0xc0, 0x09, 0xa1, 0x11, 0x18, 0xc0, 0x09, 0x90,
    0x00, 0x07, 0xc0, 0x09, 0x90, 0x00, 0x07, 0xc0,
    0x09, 0x90, 0x00, 0x07, 0xc0,

    /* U+0127 "ħ" */
    0xcf, 0xfd, 0x20, 0x00, 0xf2, 0x00, 0x00, 0x0f,
    0x6d, 0xfa, 0x00, 0xfb, 0x12, 0xd7, 0x0f, 0x30,
    0x08, 0xa0, 0xf2, 0x00, 0x7b, 0x0f, 0x20, 0x07,
    0xb0, 0xf2, 0x00, 0x7b, 0x0f, 0x20, 0x07, 0xb0,

    /* U+0128 "Ĩ" */
    0x0a, 0x83, 0x70, 0xa3, 0xc3, 0x00, 0x00, 0x00,
    0x0d, 0x50, 0x00, 0xd5, 0x00, 0x0d, 0x50, 0x00,
    0xd5, 0x00, 0x0d, 0x50, 0x00, 0xd5, 0x00, 0x0d,
    0x50, 0x00, 0xd5, 0x00, 0x0d, 0x50,

    /* U+0129 "ĩ" */
    0x1c, 0xcc, 0x20, 0x00, 0x00, 0x00, 0xf2, 0x00,
    0x0f, 0x20, 0x00, 0xf2, 0x00, 0x0f, 0x20, 0x00,
    0xf2, 0x00, 0x0f, 0x20, 0x00, 0xf2, 0x00,

    /* U+012A "Ī" */
    0x0e, 0xee, 0x70, 0x00, 0x00, 0x00, 0x00, 0x00,
    0x0d, 0x50, 0x00, 0xd5, 0x00, 0x0d, 0x50, 0x00,
    0xd5, 0x00, 0x0d, 0x50, 0x00, 0xd5, 0x00, 0x0d,
    0x50, 0x00, 0xd5, 0x00, 0x0d, 0x50,

    /* U+012B "ī" */
    0x2e, 0xee, 0x40, 0x00, 0x00, 0x00, 0xf2, 0x00,
    0x0f, 0x20, 0x00, 0xf2, 0x00, 0x0f, 0x20, 0x00,
    0xf2, 0x00, 0x0f, 0x20, 0x00, 0xf2, 0x00,

    /* U+012C "Ĭ" */
    0x0d, 0x06, 0x70, 0x5c, 0xa0, 0x00, 0x00, 0x00,
    0x0d, 0x50, 0x00, 0xd5, 0x00, 0x0d, 0x50, 0x00,
    0xd5, 0x00, 0x0d, 0x50, 0x00, 0xd5, 0x00, 0x0d,
    0x50, 0x00, 0xd5, 0x00, 0x0d, 0x50,

    /* U+012D "ĭ" */
    0x15, 0x04, 0x20, 0x8c, 0xa0, 0x00, 0x00, 0x00,
    0x0f, 0x20, 0x00, 0xf2, 0x00, 0x0f, 0x20, 0x00,
    0xf2, 0x00, 0x0f, 0x20, 0x00, 0xf2, 0x00, 0x0f,
    0x20,

    /* U+012E "Į" */
    0x0d, 0x50, 0xd5, 0x0d, 0x50, 0xd5, 0x0d, 0x50,
    0xd5, 0x0d, 0x50, 0xd5, 0x0e, 0x55, 0xc0, 0xc5,
    0x07, 0xf8,

    /* U+012F "į" */
    0x01, 0xe3, 0x00, 0x60, 0x00, 0xf2, 0x00, 0xf2,
    0x00, 0xf2, 0x00, 0xf2, 0x00, 0xf2, 0x00, 0xf2,
    0x00, 0xf2, 0x08, 0x90, 0x0f, 0x20, 0x0a, 0xf5,

    /* U+0130 "İ" */
    0x00, 0x00, 0xe6, 0x03, 0x00, 0x00, 0x0d, 0x50,
    0xd5, 0x0d, 0x50, 0xd5, 0x0d, 0x50, 0xd5, 0x0d,
    0x50, 0xd5, 0x0d, 0x50,

    /* U+0131 "ı" */
    0xf2, 0xf2, 0xf2, 0xf2, 0xf2, 0xf2, 0xf2,

    /* U+0132 "Ĳ" */
    0xd5, 0x00, 0x00, 0x07, 0xcd, 0x50, 0x00, 0x00,
    0x7c, 0xd5, 0x00, 0x00, 0x07, 0xcd, 0x50, 0x00,
    0x00, 0x7c, 0xd5, 0x00, 0x00, 0x07, 0xcd, 0x50,
    0x00, 0x00, 0x7c, 0xd5, 0x0d, 0x50, 0x07, 0xbd,
    0x50, 0x9b, 0x00, 0xc7, 0xd5, 0x01, 0xae, 0xe9,
    0x00,

    /* U+0133 "ĳ" */
    0x1e, 0x30, 0xd5, 0x06, 0x00, 0x51, 0x0f, 0x20,
    0xd4, 0x0f, 0x20, 0xd4, 0x0f, 0x20, 0xd4, 0x0f,
    0x20, 0xd4, 0x0f, 0x20, 0xd4, 0x0f, 0x20, 0xd4,
    0x0f, 0x20, 0xd4, 0x00, 0x00, 0xd4, 0x00, 0x02,
    0xf2, 0x00, 0x0e, 0x80,

    /* U+0134 "Ĵ" */
    0x00, 0x00, 0x6c, 0xa0, 0x00, 0x01, 0x70, 0x53,
    0x00, 0x00, 0x00, 0x00, 0x00, 0x00, 0x0e, 0x40,
    0x00, 0x00, 0x0e, 0x40, 0x00, 0x00, 0x0e, 0x40,
    0x00, 0x00, 0x0e, 0x40, 0x00, 0x00, 0x0e, 0x40,
    0x02, 0x00, 0x0e, 0x40, 0x5e, 0x00, 0x0f, 0x30,
    0x1f, 0x51, 0x7f, 0x00, 0x04, 0xdf, 0xc4, 0x00,

    /* U+0135 "ĵ" */
    0x07, 0xc9, 0x02, 0x70, 0x62, 0x00, 0xf2, 0x00,
    0x0f, 0x20, 0x00, 0xf2, 0x00, 0x0f, 0x20, 0x00,
    0xf2, 0x00, 0x0f, 0x20, 0x00, 0xf2, 0x00, 0x0f,
    0x20, 0x04, 0xf0, 0x02, 0xe6, 0x00,

    /* U+0136 "Ķ" */
    0xd5, 0x00, 0x0a, 0xc1, 0xd5, 0x00, 0xad, 0x10,
    0xd5, 0x09, 0xd1, 0x00, 0xd5, 0x9f, 0x10, 0x00,
    0xdc, 0xff, 0x10, 0x00, 0xef, 0x1a, 0xb0, 0x00,
    0xd6, 0x01, 0xd7, 0x00, 0xd5, 0x00, 0x3f, 0x40,
    0xd5, 0x00, 0x07, 0xe1, 0x00, 0x04, 0x00, 0x00,
    0x00, 0x4c, 0x00, 0x00, 0x00, 0x86, 0x00, 0x00,

    /* U+0137 "ķ" */
    0xf2, 0x00, 0x00, 0xf2, 0x00, 0x00, 0xf2, 0x03,
    0xe4, 0xf2, 0x3e, 0x40, 0xf5, 0xe5, 0x00, 0xff,
    0xf2, 0x00, 0xf4, 0x8d, 0x10, 0xf2, 0x0b, 0xb0,
    0xf2, 0x01, 0xd8, 0x00, 0x41, 0x00, 0x01, 0xf0,
    0x00, 0x04, 0xa0, 0x00,

    /* U+0138 "ĸ" */
    0xf2, 0x02, 0xe3, 0xf2, 0x1d, 0x50, 0xf2, 0xc7,
    0x00, 0xff, 0xf0, 0x00, 0xf2, 0xd7, 0x00, 0xf2,
    0x2e, 0x50, 0xf2, 0x03, 0xf3,

    /* U+0139 "Ĺ" */
    0x1f, 0x20, 0x00, 0x87, 0x00, 0x00, 0x00, 0x00,
    0x00, 0xd5, 0x00, 0x00, 0xd5, 0x00, 0x00, 0xd5,
    0x00, 0x00, 0xd5, 0x00, 0x00, 0xd5, 0x00, 0x00,
    0xd5, 0x00, 0x00, 0xd5, 0x00, 0x00, 0xd5, 0x00,
    0x00, 0xdf, 0xff, 0xfb,

    /* U+013A "ĺ" */
    0x4e, 0x0b, 0x40, 0x00, 0x0f, 0x20, 0xf2, 0x0f,
    0x20, 0xf2, 0x0f, 0x20, 0xf2, 0x0f, 0x20, 0xf2,
    0x0f, 0x20,

    /* U+013B "Ļ" */
    0xd5, 0x00, 0x00, 0xd5, 0x00, 0x00, 0xd5, 0x00,
    0x00, 0xd5, 0x00, 0x00, 0xd5, 0x00, 0x00, 0xd5,
    0x00, 0x00, 0xd5, 0x00, 0x00, 0xd5, 0x00, 0x00,
    0xdf, 0xff, 0xfb, 0x00, 0x32, 0x00, 0x00, 0xd3,
    0x00, 0x01, 0xd0, 0x00,

    /* U+013C "ļ" */
    0x0f, 0x20, 0xf2, 0x0f, 0x20, 0xf2, 0x0f, 0x20,
    0xf2, 0x0f, 0x20, 0xf2, 0x0f, 0x20, 0x50, 0x3d,
    0x06, 0x80,

    /* U+013D "Ľ" */
    0x00, 0x05, 0x00, 0xd5, 0x0f, 0x00, 0xd5, 0x0d,
    0x00, 0xd5, 0x00, 0x00, 0xd5, 0x00, 0x00, 0xd5,
    0x00, 0x00, 0xd5, 0x00, 0x00, 0xd5, 0x00, 0x00,
    0xd5, 0x00, 0x00, 0xdf, 0xff, 0xfb,

    /* U+013E "ľ" */
    0x00, 0x50, 0xf2, 0xf1, 0xf2, 0xe0, 0xf2, 0x00,
    0xf2, 0x00, 0xf2, 0x00, 0xf2, 0x00, 0xf2, 0x00,
    0xf2, 0x00, 0xf2, 0x00,

    /* U+013F "Ŀ" */
    0xd5, 0x00, 0x00, 0xd5, 0x00, 0x00, 0xd5, 0x00,
    0x00, 0xd5, 0x2f, 0x20, 0xd5, 0x03, 0x00, 0xd5,
    0x00, 0x00, 0xd5, 0x00, 0x00, 0xd5, 0x00, 0x00,
    0xdf, 0xff, 0xfb,

    /* U+0140 "ŀ" */
    0xf2, 0x00, 0xf2, 0x00, 0xf2, 0x00, 0xf2, 0x74,
    0xf2, 0xd7, 0xf2, 0x00, 0xf2, 0x00, 0xf2, 0x00,
    0xf2, 0x00,

    /* U+0141 "Ł" */
    0x07, 0xb0, 0x00, 0x00, 0x07, 0xb0, 0x00, 0x00,
    0x07, 0xb0, 0x80, 0x00, 0x07, 0xfe, 0x90, 0x00,
    0x4f, 0xf2, 0x00, 0x00, 0x7b, 0xb0, 0x00, 0x00,
    0x07, 0xb0, 0x00, 0x00, 0x07, 0xb0, 0x00, 0x00,
    0x07, 0xff, 0xff, 0xf1,

    /* U+0142 "ł" */
    0x00, 0xf2, 0x00, 0x0f, 0x20, 0x00, 0xf8, 0x20,
    0x4f, 0xb0, 0x1a, 0xf2, 0x00, 0x0f, 0x20, 0x00,
    0xf2, 0x00, 0x0f, 0x20, 0x00, 0xf2, 0x00,

    /* U+0143 "Ń" */
    0x00, 0x00, 0xe4, 0x00, 0x00, 0x06, 0xa0, 0x00,
    0x00, 0x00, 0x00, 0x00, 0xde, 0x00, 0x00, 0x8a,
    0xdd, 0x80, 0x00, 0x8a, 0xd6, 0xe3, 0x00, 0x8a,
    0xd5, 0x5d, 0x00, 0x8a, 0xd5, 0x0b, 0x70, 0x8a,
    0xd5, 0x01, 0xe2, 0x8a, 0xd5, 0x00, 0x6c, 0x8a,
    0xd5, 0x00, 0x0c, 0xda, 0xd5, 0x00, 0x02, 0xfa,

    /* U+0144 "ń" */
    0x00, 0x07, 0x20, 0x00, 0x5a, 0x00, 0x00, 0x00,
    0x00, 0xf5, 0xdf, 0xa0, 0xfa, 0x01, 0xd7, 0xf3,
    0x00, 0x8a, 0xf2, 0x00, 0x7a, 0xf2, 0x00, 0x7a,
    0xf2, 0x00, 0x7a, 0xf2, 0x00, 0x7a,

    /* U+0145 "Ņ" */
    0xde, 0x00, 0x00, 0x8a, 0xdd, 0x80, 0x00, 0x8a,
    0xd6, 0xe3, 0x00, 0x8a, 0xd5, 0x5d, 0x00, 0x8a,
    0xd5, 0x0b, 0x70, 0x8a, 0xd5, 0x01, 0xe2, 0x8a,
    0xd5, 0x00, 0x6c, 0x8a, 0xd5, 0x00, 0x0c, 0xda,
    0xd5, 0x00, 0x02, 0xfa, 0x00, 0x03, 0x20, 0x00,
    0x00, 0x0e, 0x30, 0x00, 0x00, 0x1d, 0x00, 0x00,

    /* U+0146 "ņ" */
    0xf5, 0xdf, 0xa0, 0xfa, 0x01, 0xd7, 0xf3, 0x00,
    0x8a, 0xf2, 0x00, 0x7a, 0xf2, 0x00, 0x7a, 0xf2,
    0x00, 0x7a, 0xf2, 0x00, 0x7a, 0x00, 0x31, 0x00,
    0x00, 0xe2, 0x00, 0x02, 0xc0, 0x00,

    /* U+0147 "Ň" */
    0x00, 0xc5, 0x89, 0x00, 0x00, 0x1d, 0xc0, 0x00,
    0x00, 0x00, 0x00, 0x00, 0xde, 0x00, 0x00, 0x8a,
    0xdd, 0x80, 0x00, 0x8a, 0xd6, 0xe3, 0x00, 0x8a,
    0xd5, 0x5d, 0x00, 0x8a, 0xd5, 0x0b, 0x70, 0x8a,
    0xd5, 0x01, 0xe2, 0x8a, 0xd5, 0x00, 0x6c, 0x8a,
    0xd5, 0x00, 0x0c, 0xda, 0xd5, 0x00, 0x02, 0xfa,

    /* U+0148 "ň" */
    0x08, 0x25, 0x60, 0x03, 0xdc, 0x00, 0x00, 0x00,
    0x00, 0xf5, 0xdf, 0xa0, 0xfa, 0x01, 0xd7, 0xf3,
    0x00, 0x8a, 0xf2, 0x00, 0x7a, 0xf2, 0x00, 0x7a,
    0xf2, 0x00, 0x7a, 0xf2, 0x00, 0x7a,

    /* U+014A "Ŋ" */
    0xde, 0x00, 0x00, 0x8a, 0xdd, 0x80, 0x00, 0x8a,
    0xd6, 0xe3, 0x00, 0x8a, 0xd5, 0x5d, 0x00, 0x8a,
    0xd5, 0x0b, 0x70, 0x8a, 0xd5, 0x01, 0xe2, 0x8a,
    0xd5, 0x00, 0x6c, 0x8a, 0xd5, 0x00, 0x0c, 0xda,
    0xd5, 0x00, 0x02, 0xff, 0x00, 0x00, 0x00, 0x7b,
    0x00, 0x00, 0x00, 0x9a, 0x00, 0x00, 0x0c, 0xe4,

    /* U+014B "ŋ" */
    0xf5, 0xdf, 0xa0, 0xfa, 0x01, 0xd7, 0xf3, 0x00,
    0x8a, 0xf2, 0x00, 0x7a, 0xf2, 0x00, 0x7a, 0xf2,
    0x00, 0x7a, 0xf2, 0x00, 0x7a, 0x00, 0x00, 0x7b,
    0x00, 0x00, 0x9a, 0x00, 0x0d, 0xe3,

    /* U+014C "Ō" */
    0x00, 0x0a, 0xee, 0xa0, 0x00, 0x00, 0x00, 0x00,
    0x00, 0x00, 0x00, 0x00, 0x00, 0x00, 0x00, 0x00,
    0x3b, 0xfe, 0xb3, 0x00, 0x04, 0xf7, 0x22, 0x8f,
    0x30, 0x0d, 0x70, 0x00, 0x08, 0xc0, 0x1f, 0x10,
    0x00, 0x02, 0xf0, 0x3f, 0x00, 0x00, 0x00, 0xf2,
    0x1f, 0x10, 0x00, 0x02, 0xf0, 0x0d, 0x70, 0x00,
    0x08, 0xc0, 0x04, 0xf7, 0x22, 0x8f, 0x30, 0x00,
    0x3b, 0xff, 0xb3, 0x00,

    /* U+014D "ō" */
    0x00, 0xce, 0xe9, 0x00, 0x00, 0x00, 0x00, 0x00,
    0x01, 0xaf, 0xe9, 0x00, 0x0c, 0xa1, 0x1c, 0x90,
    0x3f, 0x00, 0x03, 0xf0, 0x5d, 0x00, 0x01, 0xf1,
    0x3f, 0x00, 0x03, 0xf0, 0x0c, 0xa0, 0x1c, 0x90,
    0x01, 0xbf, 0xe9, 0x00,

    /* U+014E "Ŏ" */
    0x00, 0x0b, 0x22, 0xa0, 0x00, 0x00, 0x03, 0xbb,
    0x20, 0x00, 0x00, 0x00, 0x00, 0x00, 0x00, 0x00,
    0x3b, 0xfe, 0xb3, 0x00, 0x04, 0xf7, 0x22, 0x8f,
    0x30, 0x0d, 0x70, 0x00, 0x08, 0xc0, 0x1f, 0x10,
    0x00, 0x02, 0xf0, 0x3f, 0x00, 0x00, 0x00, 0xf2,
    0x1f, 0x10, 0x00, 0x02, 0xf0, 0x0d, 0x70, 0x00,
    0x08, 0xc0, 0x04, 0xf7, 0x22, 0x8f, 0x30, 0x00,
    0x3b, 0xff, 0xb3, 0x00,

    /* U+014F "ŏ" */
    0x00, 0xc1, 0x49, 0x00, 0x00, 0x3b, 0xb1, 0x00,
    0x00, 0x00, 0x00, 0x00, 0x01, 0xaf, 0xe9, 0x00,
    0x0c, 0xa1, 0x1c, 0x90, 0x3f, 0x00, 0x03, 0xf0,
    0x5d, 0x00, 0x01, 0xf1, 0x3f, 0x00, 0x03, 0xf0,
    0x0c, 0xa0, 0x1c, 0x90, 0x01, 0xbf, 0xe9, 0x00,

    /* U+0150 "Ő" */
    0x00, 0x08, 0xa3, 0xe1, 0x00, 0x00, 0x0b, 0x19,
    0x30, 0x00, 0x00, 0x00, 0x00, 0x00, 0x00, 0x00,
    0x3b, 0xfe, 0xb3, 0x00, 0x04, 0xf7, 0x22, 0x8f,
    0x30, 0x0d, 0x70, 0x00, 0x08, 0xc0, 0x1f, 0x10,
    0x00, 0x02, 0xf0, 0x3f, 0x00, 0x00, 0x00, 0xf2,
    0x1f, 0x10, 0x00, 0x02, 0xf0, 0x0d, 0x70, 0x00,
    0x08, 0xc0, 0x04, 0xf7, 0x22, 0x8f, 0x30, 0x00,
    0x3b, 0xff, 0xb3, 0x00,

    /* U+0151 "ő" */
    0x00, 0x78, 0x2b, 0x00, 0x00, 0xd2, 0xb4, 0x00,
    0x00, 0x00, 0x00, 0x00, 0x01, 0xaf, 0xe9, 0x00,
    0x0c, 0xa1, 0x1c, 0x90, 0x3f, 0x00, 0x03, 0xf0,
    0x5d, 0x00, 0x01, 0xf1, 0x3f, 0x00, 0x03, 0xf0,
    0x0c, 0xa0, 0x1c, 0x90, 0x01, 0xbf, 0xe9, 0x00,

    /* U+0152 "Œ" */
    0x00, 0x3b, 0xef, 0xff, 0xff, 0xff, 0x20, 0x3f,
    0x71, 0x0a, 0x90, 0x00, 0x00, 0x0d, 0x70, 0x00,
    0x99, 0x00, 0x00, 0x01, 0xf1, 0x00, 0x09, 0x90,
    0x00, 0x00, 0x3f, 0x00, 0x00, 0x9f, 0xee, 0xec,
    0x01, 0xf1, 0x00, 0x09, 0xa1, 0x11, 0x10, 0x0d,
    0x70, 0x00, 0x99, 0x00, 0x00, 0x00, 0x3f, 0x71,
    0x0a, 0x90, 0x00, 0x00, 0x00, 0x3b, 0xff, 0xff,
    0xff, 0xff, 0x30,

    /* U+0153 "œ" */
    0x01, 0xaf, 0xe9, 0x07, 0xef, 0xb2, 0x00, 0xca,
    0x11, 0xcf, 0xe2, 0x09, 0xd0, 0x3f, 0x00, 0x03,
    0xf6, 0x00, 0x0f, 0x35, 0xd0, 0x00, 0x1f, 0xff,
    0xff, 0xf5, 0x3f, 0x00, 0x03, 0xf6, 0x00, 0x00,
    0x00, 0xca, 0x01, 0xcf, 0xe3, 0x04, 0xd0, 0x01,
    0xbf, 0xe9, 0x07, 0xdf, 0xc4, 0x00,

    /* U+0154 "Ŕ" */
    0x00, 0x0b, 0x70, 0x00, 0x02, 0xd0, 0x00, 0x00,
    0x00, 0x00, 0x0d, 0xff, 0xfd, 0x70, 0xd5, 0x01,
    0x4e, 0x5d, 0x50, 0x00, 0xa9, 0xd5, 0x00, 0x2e,
    0x6f, 0xfe, 0xff, 0x90, 0xe7, 0x15, 0xf2, 0x0d,
    0x50, 0x0b, 0xa0, 0xd5, 0x00, 0x3f, 0x3d, 0x50,
    0x00, 0xab,

    /* U+0155 "ŕ" */
    0x00, 0x71, 0x08, 0x80, 0x00, 0x00, 0xf7, 0xe9,
    0xfa, 0x10, 0xf3, 0x00, 0xf2, 0x00, 0xf2, 0x00,
    0xf2, 0x00, 0xf2, 0x00,

    /* U+0156 "Ŗ" */
    0xdf, 0xff, 0xd7, 0x0d, 0x50, 0x14, 0xe5, 0xd5,
    0x00, 0x0a, 0x9d, 0x50, 0x02, 0xe6, 0xff, 0xef,
    0xf9, 0x0e, 0x71, 0x5f, 0x20, 0xd5, 0x00, 0xba,
    0x0d, 0x50, 0x03, 0xf3, 0xd5, 0x00, 0x0a, 0xb0,
    0x01, 0x40, 0x00, 0x00, 0x79, 0x00, 0x00, 0x0b,
    0x30, 0x00,

    /* U+0157 "ŗ" */
    0x0f, 0x7e, 0x90, 0xfa, 0x10, 0x0f, 0x30, 0x00,
    0xf2, 0x00, 0x0f, 0x20, 0x00, 0xf2, 0x00, 0x0f,
    0x20, 0x00, 0x50, 0x00, 0x3d, 0x00, 0x06, 0x80,
    0x00,

    /* U+0158 "Ř" */
    0x08, 0x95, 0xc0, 0x00, 0x0c, 0xe2, 0x00, 0x00,
    0x00, 0x00, 0x0d, 0xff, 0xfd, 0x70, 0xd5, 0x01,
    0x4e, 0x5d, 0x50, 0x00, 0xa9, 0xd5, 0x00, 0x2e,
    0x6f, 0xfe, 0xff, 0x90, 0xe7, 0x15, 0xf2, 0x0d,
    0x50, 0x0b, 0xa0, 0xd5, 0x00, 0x3f, 0x3d, 0x50,
    0x00, 0xab,

    /* U+0159 "ř" */
    0x07, 0x05, 0x40, 0x5c, 0xb0, 0x00, 0x00, 0x00,
    0xf7, 0xe9, 0x0f, 0xa1, 0x00, 0xf3, 0x00, 0x0f,
    0x20, 0x00, 0xf2, 0x00, 0x0f, 0x20, 0x00, 0xf2,
    0x00,

    /* U+015A "Ś" */
    0x00, 0x00, 0xb6, 0x00, 0x00, 0x01, 0x60, 0x00,
    0x00, 0x00, 0x00, 0x00, 0x01, 0x9e, 0xfc, 0x50,
    0x0b, 0xb2, 0x15, 0xf3, 0x0f, 0x30, 0x00, 0x42,
    0x09, 0xd4, 0x00, 0x00, 0x00, 0x5b, 0xfb, 0x40,
    0x00, 0x00, 0x05, 0xe4, 0x17, 0x00, 0x00, 0x99,
    0x0e, 0x92, 0x16, 0xf5, 0x02, 0xbf, 0xfd, 0x60,

    /* U+015B "ś" */
    0x00, 0x05, 0xd0, 0x00, 0x00, 0xc3, 0x00, 0x00,
    0x00, 0x00, 0x00, 0x3c, 0xed, 0x40, 0x0f, 0x50,
    0x4b, 0x00, 0xf7, 0x00, 0x00, 0x03, 0xbf, 0xc5,
    0x00, 0x00, 0x05, 0xf1, 0x1e, 0x30, 0x4f, 0x10,
    0x6d, 0xfd, 0x50,

    /* U+015C "Ŝ" */
    0x00, 0x1c, 0xc3, 0x00, 0x00, 0x53, 0x17, 0x00,
    0x00, 0x00, 0x00, 0x00, 0x01, 0x9e, 0xfc, 0x50,
    0x0b, 0xb2, 0x15, 0xf3, 0x0f, 0x30, 0x00, 0x42,
    0x09, 0xd4, 0x00, 0x00, 0x00, 0x5b, 0xfb, 0x40,
    0x00, 0x00, 0x05, 0xe4, 0x17, 0x00, 0x00, 0x99,
    0x0e, 0x92, 0x16, 0xf5, 0x02, 0xbf, 0xfd, 0x60,

    /* U+015D "ŝ" */
    0x00, 0x6f, 0x60, 0x00, 0x3d, 0x2d, 0x30, 0x00,
    0x00, 0x00, 0x00, 0x3c, 0xed, 0x40, 0x0f, 0x50,
    0x4b, 0x00, 0xf7, 0x00, 0x00, 0x03, 0xbf, 0xc5,
    0x00, 0x00, 0x05, 0xf1, 0x1e, 0x30, 0x4f, 0x10,
    0x6d, 0xfd, 0x50,

    /* U+015E "Ş" */
    0x01, 0x9e, 0xfc, 0x50, 0x0b, 0xb2, 0x15, 0xf3,
    0x0f, 0x30, 0x00, 0x42, 0x09, 0xd4, 0x00, 0x00,
    0x00, 0x5b, 0xfb, 0x40, 0x00, 0x00, 0x05, 0xe4,
    0x17, 0x00, 0x00, 0x99, 0x0e, 0x92, 0x16, 0xf5,
    0x02, 0xbf, 0xfd, 0x60, 0x00, 0x03, 0xc3, 0x00,
    0x00, 0x00, 0x3a, 0x00, 0x00, 0x05, 0xb6, 0x00,

    /* U+015F "ş" */
    0x03, 0xce, 0xd4, 0x00, 0xf5, 0x04, 0xb0, 0x0f,
    0x70, 0x00, 0x00, 0x3b, 0xfc, 0x50, 0x00, 0x00,
    0x5f, 0x11, 0xe3, 0x04, 0xf1, 0x06, 0xdf, 0xd5,
    0x00, 0x00, 0xd5, 0x00, 0x00, 0x00, 0xe0, 0x00,
    0x02, 0xaa, 0x00,

    /* U+0160 "Š" */
    0x00, 0x6b, 0x6b, 0x00, 0x00, 0x05, 0x70, 0x00,
    0x00, 0x00, 0x00, 0x00, 0x01, 0x9e, 0xfc, 0x50,
    0x0b, 0xb2, 0x15, 0xf3, 0x0f, 0x30, 0x00, 0x42,
    0x09, 0xd4, 0x00, 0x00, 0x00, 0x5b, 0xfb, 0x40,
    0x00, 0x00, 0x05, 0xe4, 0x17, 0x00, 0x00, 0x99,
    0x0e, 0x92, 0x16, 0xf5, 0x02, 0xbf, 0xfd, 0x60,

    /* U+0161 "š" */
    0x03, 0xd2, 0xd3, 0x00, 0x06, 0xf6, 0x00, 0x00,
    0x00, 0x00, 0x00, 0x3c, 0xed, 0x40, 0x0f, 0x50,
    0x4b, 0x00, 0xf7, 0x00, 0x00, 0x03, 0xbf, 0xc5,
    0x00, 0x00, 0x05, 0xf1, 0x1e, 0x30, 0x4f, 0x10,
    0x6d, 0xfd, 0x50,

    /* U+0162 "Ţ" */
    0x6f, 0xff, 0xff, 0xfc, 0x00, 0x06, 0xd0, 0x00,
    0x00, 0x06, 0xd0, 0x00, 0x00, 0x06, 0xd0, 0x00,
    0x00, 0x06, 0xd0, 0x00, 0x00, 0x06, 0xd0, 0x00,
    0x00, 0x06, 0xd0, 0x00, 0x00, 0x06, 0xd0, 0x00,
    0x00, 0x06, 0xf0, 0x00, 0x00, 0x02, 0xb2, 0x00,
    0x00, 0x00, 0x5a, 0x00, 0x00, 0x05, 0xb6, 0x00,

    /* U+0163 "ţ" */
    0x0d, 0x50, 0x0d, 0xff, 0xc0, 0x0d, 0x50, 0x00,
    0xd5, 0x00, 0x0d, 0x50, 0x00, 0xd5, 0x00, 0x0c,
    0x70, 0x00, 0x4f, 0xe0, 0x00, 0xa7, 0x00, 0x00,
    0xb3, 0x00, 0xac, 0x10,

    /* U+0164 "Ť" */
    0x00, 0x7a, 0x4d, 0x00, 0x00, 0x0b, 0xe2, 0x00,
    0x00, 0x00, 0x00, 0x00, 0x6f, 0xff, 0xff, 0xfc,
    0x00, 0x06, 0xd0, 0x00, 0x00, 0x06, 0xd0, 0x00,
    0x00, 0x06, 0xd0, 0x00, 0x00, 0x06, 0xd0, 0x00,
    0x00, 0x06, 0xd0, 0x00, 0x00, 0x06, 0xd0, 0x00,
    0x00, 0x06, 0xd0, 0x00, 0x00, 0x06, 0xd0, 0x00,

    /* U+0165 "ť" */
    0x00, 0x05, 0x10, 0x00, 0xe1, 0x0a, 0x4e, 0x00,
    0xd5, 0x00, 0xdf, 0xfc, 0x00, 0xd5, 0x00, 0x0d,
    0x50, 0x00, 0xd5, 0x00, 0x0d, 0x50, 0x00, 0xc7,
    0x00, 0x04, 0xed, 0x00,

    /* U+0166 "Ŧ" */
    0x6f, 0xff, 0xff, 0xfc, 0x00, 0x06, 0xd0, 0x00,
    0x00, 0x06, 0xd0, 0x00, 0x00, 0x06, 0xd0, 0x00,
    0x05, 0xff, 0xff, 0xb0, 0x00, 0x06, 0xd0, 0x00,
    0x00, 0x06, 0xd0, 0x00, 0x00, 0x06, 0xd0, 0x00,
    0x00, 0x06, 0xd0, 0x00,

    /* U+0167 "ŧ" */
    0x06, 0x20, 0x0d, 0x50, 0xdf, 0xfc, 0x0d, 0x50,
    0xdf, 0xfb, 0x0d, 0x50, 0x0d, 0x50, 0x0c, 0x70,
    0x04, 0xed,

    /* U+0168 "Ũ" */
    0x00, 0x89, 0x29, 0x00, 0x00, 0xb2, 0xc4, 0x00,
    0x00, 0x00, 0x00, 0x00, 0xd5, 0x00, 0x00, 0xa8,
    0xd5, 0x00, 0x00, 0xa8, 0xd5, 0x00, 0x00, 0xa8,
    0xd5, 0x00, 0x00, 0xa8, 0xd5, 0x00, 0x00, 0xa8,
    0xd5, 0x00, 0x00, 0xa8, 0xc8, 0x00, 0x00, 0xd6,
    0x5f, 0x61, 0x29, 0xe1, 0x05, 0xcf, 0xea, 0x20,

    /* U+0169 "ũ" */
    0x0a, 0xcc, 0x60, 0x00, 0x00, 0x00, 0xf2, 0x00,
    0x7b, 0xf2, 0x00, 0x7b, 0xf2, 0x00, 0x7b, 0xf2,
    0x00, 0x7b, 0xf2, 0x00, 0x8b, 0xc9, 0x13, 0xeb,
    0x3d, 0xfb, 0x8b,

    /* U+016A "Ū" */
    0x00, 0xce, 0xe8, 0x00, 0x00, 0x00, 0x00, 0x00,
    0x00, 0x00, 0x00, 0x00, 0xd5, 0x00, 0x00, 0xa8,
    0xd5, 0x00, 0x00, 0xa8, 0xd5, 0x00, 0x00, 0xa8,
    0xd5, 0x00, 0x00, 0xa8, 0xd5, 0x00, 0x00, 0xa8,
    0xd5, 0x00, 0x00, 0xa8, 0xc8, 0x00, 0x00, 0xd6,
    0x5f, 0x61, 0x29, 0xe1, 0x05, 0xcf, 0xea, 0x20,

    /* U+016B "ū" */
    0x0c, 0xee, 0x80, 0x00, 0x00, 0x00, 0xf2, 0x00,
    0x7b, 0xf2, 0x00, 0x7b, 0xf2, 0x00, 0x7b, 0xf2,
    0x00, 0x7b, 0xf2, 0x00, 0x8b, 0xc9, 0x13, 0xeb,
    0x3d, 0xfb, 0x8b,

    /* U+016C "Ŭ" */
    0x00, 0xc1, 0x58, 0x00, 0x00, 0x4c, 0xa1, 0x00,
    0x00, 0x00, 0x00, 0x00, 0xd5, 0x00, 0x00, 0xa8,
    0xd5, 0x00, 0x00, 0xa8, 0xd5, 0x00, 0x00, 0xa8,
    0xd5, 0x00, 0x00, 0xa8, 0xd5, 0x00, 0x00, 0xa8,
    0xd5, 0x00, 0x00, 0xa8, 0xc8, 0x00, 0x00, 0xd6,
    0x5f, 0x61, 0x29, 0xe1, 0x05, 0xcf, 0xea, 0x20,

    /* U+016D "ŭ" */
    0x06, 0x02, 0x40, 0x05, 0xcb, 0x20, 0x00, 0x00,
    0x00, 0xf2, 0x00, 0x7b, 0xf2, 0x00, 0x7b, 0xf2,
    0x00, 0x7b, 0xf2, 0x00, 0x7b, 0xf2, 0x00, 0x8b,
    0xc9, 0x13, 0xeb, 0x3d, 0xfb, 0x8b,

    /* U+016E "Ů" */
    0x00, 0x4c, 0xb1, 0x00, 0x00, 0xc3, 0x86, 0x00,
    0x00, 0x4c, 0xb1, 0x00, 0x00, 0x00, 0x00, 0x00,
    0xd5, 0x00, 0x00, 0xa8, 0xd5, 0x00, 0x00, 0xa8,
    0xd5, 0x00, 0x00, 0xa8, 0xd5, 0x00, 0x00, 0xa8,
    0xd5, 0x00, 0x00, 0xa8, 0xd5, 0x00, 0x00, 0xa8,
    0xc8, 0x00, 0x00, 0xd6, 0x5f, 0x61, 0x29, 0xe1,
    0x05, 0xcf, 0xea, 0x20,

    /* U+016F "ů" */
    0x02, 0xb9, 0x00, 0x0b, 0x38, 0x60, 0x0b, 0x38,
    0x60, 0x02, 0xba, 0x00, 0xf2, 0x00, 0x7b, 0xf2,
    0x00, 0x7b, 0xf2, 0x00, 0x7b, 0xf2, 0x00, 0x7b,
    0xf2, 0x00, 0x8b, 0xc9, 0x13, 0xeb, 0x3d, 0xfb,
    0x8b,

    /* U+0170 "Ű" */
    0x00, 0xa8, 0x5d, 0x00, 0x00, 0xb1, 0xa2, 0x00,
    0x00, 0x00, 0x00, 0x00, 0xd5, 0x00, 0x00, 0xa8,
    0xd5, 0x00, 0x00, 0xa8, 0xd5, 0x00, 0x00, 0xa8,
    0xd5, 0x00, 0x00, 0xa8, 0xd5, 0x00, 0x00, 0xa8,
    0xd5, 0x00, 0x00, 0xa8, 0xc8, 0x00, 0x00, 0xd6,
    0x5f, 0x61, 0x29, 0xe1, 0x05, 0xcf, 0xea, 0x20,

    /* U+0171 "ű" */
    0x07, 0x73, 0xb0, 0x0e, 0x1c, 0x30, 0x00, 0x00,
    0x00, 0xf2, 0x00, 0x7b, 0xf2, 0x00, 0x7b, 0xf2,
    0x00, 0x7b, 0xf2, 0x00, 0x7b, 0xf2, 0x00, 0x8b,
    0xc9, 0x13, 0xeb, 0x3d, 0xfb, 0x8b,

    /* U+0172 "Ų" */
    0xd5, 0x00, 0x00, 0xa8, 0xd5, 0x00, 0x00, 0xa8,
    0xd5, 0x00, 0x00, 0xa8, 0xd5, 0x00, 0x00, 0xa8,
    0xd5, 0x00, 0x00, 0xa8, 0xd5, 0x00, 0x00, 0xa9,
    0xc8, 0x00, 0x00, 0xee, 0x5f, 0x61, 0x29, 0xf3,
    0x05, 0xcf, 0xff, 0x70, 0x00, 0x06, 0xa1, 0x00,
    0x00, 0x2f, 0x00, 0x00, 0x00, 0x1c, 0xe2, 0x00,

    /* U+0173 "ų" */
    0xf2, 0x00, 0x7b, 0x0f, 0x20, 0x07, 0xb0, 0xf2,
    0x00, 0x7b, 0x0f, 0x20, 0x07, 0xb0, 0xf2, 0x00,
    0x8b, 0x0c, 0x91, 0x3e, 0xb0, 0x3d, 0xfb, 0x9c,
    0x00, 0x00, 0x2d, 0x20, 0x00, 0x07, 0xb0, 0x00,
    0x00, 0x3e, 0xd0,

    /* U+0174 "Ŵ" */
    0x00, 0x00, 0x08, 0xf4, 0x00, 0x00, 0x00, 0x00,
    0x04, 0xd2, 0xd2, 0x00, 0x00, 0x00, 0x00, 0x00,
    0x00, 0x00, 0x00, 0x08, 0xb0, 0x00, 0x6f, 0x30,
    0x00, 0xe5, 0x3f, 0x00, 0x0b, 0xe8, 0x00, 0x2f,
    0x10, 0xf3, 0x00, 0xf7, 0xc0, 0x07, 0xc0, 0x0a,
    0x80, 0x4e, 0x1f, 0x10, 0xb7, 0x00, 0x6c, 0x08,
    0x90, 0xc5, 0x0f, 0x20, 0x01, 0xf1, 0xc4, 0x08,
    0x93, 0xe0, 0x00, 0x0d, 0x5f, 0x00, 0x3d, 0x89,
    0x00, 0x00, 0x8c, 0xb0, 0x00, 0xed, 0x50, 0x00,
    0x03, 0xf7, 0x00, 0x0a, 0xf0, 0x00,

    /* U+0175 "ŵ" */
    0x00, 0x00, 0x37, 0x10, 0x00, 0x00, 0x00, 0x4c,
    0x5c, 0x10, 0x00, 0x00, 0x00, 0x00, 0x00, 0x00,
    0x06, 0xc0, 0x06, 0xf1, 0x02, 0xf0, 0x1f, 0x10,
    0xbe, 0x50, 0x7b, 0x00, 0xc5, 0x0e, 0x6a, 0x0b,
    0x60, 0x07, 0xa3, 0xb1, 0xe0, 0xf1, 0x00, 0x2e,
    0x87, 0x0d, 0x6c, 0x00, 0x00, 0xdd, 0x20, 0x8d,
    0x80, 0x00, 0x08, 0xe0, 0x03, 0xf3, 0x00,

    /* U+0176 "Ŷ" */
    0x00, 0x08, 0xe5, 0x00, 0x00, 0x04, 0xb1, 0xc2,
    0x00, 0x00, 0x00, 0x00, 0x00, 0x05, 0xf1, 0x00,
    0x03, 0xf2, 0x0a, 0xb0, 0x00, 0xd7, 0x00, 0x1e,
    0x60, 0x8c, 0x00, 0x00, 0x5e, 0x4f, 0x20, 0x00,
    0x00, 0xaf, 0x70, 0x00, 0x00, 0x03, 0xf0, 0x00,
    0x00, 0x00, 0x3f, 0x00, 0x00, 0x00, 0x03, 0xf0,
    0x00, 0x00, 0x00, 0x3f, 0x00, 0x00,

    /* U+0177 "ŷ" */
    0x00, 0x04, 0x10, 0x00, 0x0b, 0x7c, 0x20, 0x00,
    0x10, 0x11, 0x07, 0xc0, 0x00, 0x7c, 0x1f, 0x10,
    0x0c, 0x60, 0xb7, 0x02, 0xf0, 0x05, 0xd0, 0x8a,
    0x00, 0x0f, 0x2d, 0x40, 0x00, 0xa9, 0xe0, 0x00,
    0x04, 0xf8, 0x00, 0x00, 0x0f, 0x20, 0x00, 0x07,
    0xb0, 0x00, 0x0e, 0xc2, 0x00, 0x00,

    /* U+0178 "Ÿ" */
    0x00, 0x00, 0x00, 0x00, 0x00, 0x08, 0xb0, 0xe6,
    0x00, 0x00, 0x12, 0x03, 0x00, 0x00, 0x00, 0x00,
    0x00, 0x00, 0x5f, 0x10, 0x00, 0x3f, 0x30, 0xbb,
    0x00, 0x0d, 0x80, 0x01, 0xe5, 0x08, 0xd0, 0x00,
    0x06, 0xe3, 0xf3, 0x00, 0x00, 0x0b, 0xf8, 0x00,
    0x00, 0x00, 0x3f, 0x00, 0x00, 0x00, 0x03, 0xf0,
    0x00, 0x00, 0x00, 0x3f, 0x00, 0x00, 0x00, 0x03,
    0xf0, 0x00, 0x00,

    /* U+0179 "Ź" */
    0x00, 0x00, 0xc7, 0x00, 0x00, 0x03, 0xc0, 0x00,
    0x00, 0x00, 0x00, 0x00, 0x3f, 0xff, 0xff, 0xf5,
    0x00, 0x00, 0x06, 0xd0, 0x00, 0x00, 0x3f, 0x30,
    0x00, 0x00, 0xd7, 0x00, 0x00, 0x09, 0xb0, 0x00,
    0x00, 0x4e, 0x10, 0x00, 0x01, 0xe5, 0x00, 0x00,
    0x0b, 0x90, 0x00, 0x00, 0x2f, 0xff, 0xff, 0xf6,

    /* U+017A "ź" */
    0x00, 0x01, 0x70, 0x00, 0x00, 0xb5, 0x00, 0x00,
    0x00, 0x00, 0x01, 0xff, 0xff, 0xf3, 0x01, 0x11,
    0x9c, 0x00, 0x00, 0x5e, 0x10, 0x00, 0x2f, 0x40,
    0x00, 0x0d, 0x70, 0x00, 0x0a, 0xc1, 0x11, 0x03,
    0xff, 0xff, 0xf6,

    /* U+017B "Ż" */
    0x00, 0x00, 0x00, 0x00, 0x00, 0x09, 0xc0, 0x00,
    0x00, 0x01, 0x20, 0x00, 0x00, 0x00, 0x00, 0x00,
    0x3f, 0xff, 0xff, 0xf5, 0x00, 0x00, 0x06, 0xd0,
    0x00, 0x00, 0x3f, 0x30, 0x00, 0x00, 0xd7, 0x00,
    0x00, 0x09, 0xb0, 0x00, 0x00, 0x4e, 0x10, 0x00,
    0x01, 0xe5, 0x00, 0x00, 0x0b, 0x90, 0x00, 0x00,
    0x2f, 0xff, 0xff, 0xf6,

    /* U+017C "ż" */
    0x00, 0x2e, 0x20, 0x00, 0x00, 0x60, 0x00, 0x1f,
    0xff, 0xff, 0x30, 0x11, 0x19, 0xc0, 0x00, 0x05,
    0xe1, 0x00, 0x02, 0xf4, 0x00, 0x00, 0xd7, 0x00,
    0x00, 0xac, 0x11, 0x10, 0x3f, 0xff, 0xff, 0x60,

    /* U+017D "Ž" */
    0x00, 0x98, 0x5c, 0x00, 0x00, 0x0c, 0xd1, 0x00,
    0x00, 0x00, 0x00, 0x00, 0x3f, 0xff, 0xff, 0xf5,
    0x00, 0x00, 0x06, 0xd0, 0x00, 0x00, 0x3f, 0x30,
    0x00, 0x00, 0xd7, 0x00, 0x00, 0x09, 0xb0, 0x00,
    0x00, 0x4e, 0x10, 0x00, 0x01, 0xe5, 0x00, 0x00,
    0x0b, 0x90, 0x00, 0x00, 0x2f, 0xff, 0xff, 0xf6,

    /* U+017E "ž" */
    0x02, 0x60, 0x62, 0x00, 0x08, 0xc9, 0x00, 0x00,
    0x00, 0x00, 0x01, 0xff, 0xff, 0xf3, 0x01, 0x11,
    0x9c, 0x00, 0x00, 0x5e, 0x10, 0x00, 0x2f, 0x40,
    0x00, 0x0d, 0x70, 0x00, 0x0a, 0xc1, 0x11, 0x03,
    0xff, 0xff, 0xf6,

    /* U+017F "ſ" */
    0x6e, 0xe0, 0xf5, 0x00, 0xf2, 0x00, 0xf2, 0x00,
    0xf2, 0x00, 0xf2, 0x00, 0xf2, 0x00, 0xf2, 0x00,
    0xf2, 0x00,

    /* U+2000 " " */

    /* U+2001 " " */

    /* U+2002 " " */

    /* U+2003 " " */

    /* U+2004 " " */

    /* U+2005 " " */

    /* U+2006 " " */

    /* U+2007 " " */

    /* U+2008 " " */

    /* U+2009 " " */

    /* U+200A " " */

    /* U+200B "​" */

    /* U+2010 "‐" */
    0xbe, 0xee, 0x51, 0x11, 0x10,

    /* U+2011 "‑" */
    0xbe, 0xee, 0x51, 0x11, 0x10,

    /* U+2012 "‒" */
    0x5e, 0xee, 0xee, 0xeb, 0x01, 0x11, 0x11, 0x11,

    /* U+2013 "–" */
    0xee, 0xee, 0xee, 0x71, 0x11, 0x11, 0x10,

    /* U+2014 "—" */
    0xee, 0xee, 0xee, 0xee, 0xee, 0xee, 0xe1, 0x11,
    0x11, 0x11, 0x11, 0x11, 0x11,

    /* U+2015 "―" */
    0xee, 0xee, 0xee, 0xee, 0xee, 0xee, 0xe1, 0x11,
    0x11, 0x11, 0x11, 0x11, 0x11,

    /* U+2016 "‖" */
    0x5a, 0x79, 0x5a, 0x79, 0x5a, 0x79, 0x5a, 0x79,
    0x5a, 0x79, 0x5a, 0x79, 0x5a, 0x79, 0x5a, 0x79,
    0x5a, 0x79, 0x5a, 0x79, 0x5a, 0x79, 0x5a, 0x79,
    0x5a, 0x79, 0x5a, 0x79, 0x5a, 0x79,

    /* U+2017 "‗" */
    0x0f, 0xff, 0xff, 0xd0, 0x00, 0x00, 0x00, 0x0f,
    0xff, 0xff, 0xe0,

    /* U+2018 "‘" */
    0x2c, 0x6a, 0xb7, 0x73,

    /* U+2019 "’" */
    0x36, 0x99, 0xb4, 0xe0,

    /* U+201A "‚" */
    0x05, 0x40, 0xd5, 0x0f, 0x12, 0xc0,

    /* U+201B "‛" */
    0x5e, 0x01, 0xf0, 0x0c, 0x30, 0x42,

    /* U+201C "“" */
    0x2c, 0x0c, 0x26, 0xa1, 0xf0, 0xb7, 0x5d, 0x07,
    0x34, 0x50,

    /* U+201D "”" */
    0x36, 0x18, 0x19, 0x94, 0xe0, 0xb4, 0x6a, 0x0e,
    0x09, 0x50,

    /* U+201E "„" */
    0x05, 0x43, 0x70, 0xd5, 0x8a, 0x0f, 0x1a, 0x62,
    0xc0, 0xd1,

    /* U+201F "‟" */
    0x5e, 0x0f, 0x31, 0xf0, 0xb6, 0x0c, 0x37, 0x80,
    0x42, 0x25,

    /* U+2020 "†" */
    0x00, 0x6c, 0x00, 0x00, 0x6c, 0x00, 0x4e, 0xff,
    0xe9, 0x00, 0x6c, 0x00, 0x00, 0x5b, 0x00, 0x00,
    0x4a, 0x00, 0x00, 0x39, 0x00,

    /* U+2021 "‡" */
    0x00, 0x6c, 0x00, 0x00, 0x6c, 0x00, 0x4f, 0xff,
    0xf9, 0x00, 0x6c, 0x00, 0x4f, 0xff, 0xf9, 0x00,
    0x6c, 0x00, 0x00, 0x5b, 0x00, 0x00, 0x4a, 0x00,
    0x00, 0x39, 0x00,

    /* U+2022 "•" */
    0x08, 0xeb, 0x14, 0xff, 0xf9, 0x4f, 0xff, 0x90,
    0x9f, 0xc1,

    /* U+2023 "‣" */
    0x50, 0x00, 0xce, 0x50, 0xcf, 0xe3, 0xc9, 0x10,
    0x10, 0x00,

    /* U+2024 "․" */
    0x74, 0xc8,

    /* U+2025 "‥" */
    0x74, 0x00, 0x82, 0xc8, 0x01, 0xe4,

    /* U+2026 "…" */
    0x74, 0x00, 0x82, 0x02, 0x80, 0xc8, 0x01, 0xe4,
    0x05, 0xe1,

    /* U+2027 "‧" */
    0x74, 0xc8,

    /* U+202F " " */

    /* U+2030 "‰" */
    0x1b, 0xc8, 0x00, 0x04, 0xc0, 0x00, 0x00, 0x07,
    0x80, 0xe1, 0x01, 0xd1, 0x00, 0x00, 0x00, 0x78,
    0x0e, 0x10, 0xb5, 0x00, 0x00, 0x00, 0x01, 0xac,
    0x70, 0x79, 0x00, 0x00, 0x00, 0x00, 0x00, 0x00,
    0x3d, 0x00, 0x00, 0x00, 0x00, 0x00, 0x00, 0x0d,
    0x30, 0x9c, 0x80, 0x3c, 0xc4, 0x00, 0x0a, 0x70,
    0x5b, 0x0c, 0x3b, 0x43, 0xd0, 0x05, 0xb0, 0x05,
    0xa0, 0xc3, 0xb4, 0x2d, 0x02, 0xd1, 0x00, 0x0b,
    0xca, 0x04, 0xcc, 0x50,

    /* U+2031 "‱" */
    0x1b, 0xc8, 0x00, 0x04, 0xc0, 0x00, 0x00, 0x00,
    0x00, 0x00, 0x78, 0x0e, 0x10, 0x1d, 0x10, 0x00,
    0x00, 0x00, 0x00, 0x00, 0x78, 0x0e, 0x10, 0xb5,
    0x00, 0x00, 0x00, 0x00, 0x00, 0x00, 0x1a, 0xc7,
    0x07, 0x90, 0x00, 0x00, 0x00, 0x00, 0x00, 0x00,
    0x00, 0x00, 0x3d, 0x00, 0x00, 0x00, 0x00, 0x00,
    0x00, 0x00, 0x00, 0x00, 0xd3, 0x09, 0xc8, 0x03,
    0xcc, 0x40, 0x7c, 0xa0, 0x00, 0x0a, 0x70, 0x5b,
    0x0c, 0x3b, 0x43, 0xd1, 0xe0, 0x96, 0x00, 0x5b,
    0x00, 0x5a, 0x0c, 0x3b, 0x42, 0xd2, 0xd0, 0x86,
    0x02, 0xd1, 0x00, 0x0b, 0xca, 0x04, 0xcc, 0x50,
    0x9c, 0xb1,

    /* U+2032 "′" */
    0x1f, 0x22, 0xe0, 0x4a, 0x01, 0x20,

    /* U+2033 "″" */
    0x1f, 0x23, 0xf0, 0x2e, 0x05, 0xc0, 0x4a, 0x06,
    0x80, 0x12, 0x02, 0x20,

    /* U+2034 "‴" */
    0x1f, 0x23, 0xf0, 0x5d, 0x2e, 0x05, 0xc0, 0x79,
    0x4a, 0x06, 0x80, 0x86, 0x12, 0x02, 0x20, 0x31,

    /* U+2035 "‵" */
    0x3f, 0x00, 0xf1, 0x0c, 0x20, 0x31,

    /* U+2036 "‶" */
    0x3f, 0x06, 0xd0, 0x0f, 0x12, 0xe0, 0x0c, 0x20,
    0xe0, 0x03, 0x10, 0x40,

    /* U+2037 "‷" */
    0x3f, 0x06, 0xd0, 0x8a, 0x0f, 0x12, 0xe0, 0x4c,
    0x0c, 0x20, 0xe0, 0x1d, 0x03, 0x10, 0x40, 0x04,

    /* U+2038 "‸" */
    0x00, 0xfd, 0x00, 0x07, 0x9b, 0x50, 0x2e, 0x12,
    0xe1,

    /* U+2039 "‹" */
    0x00, 0x4e, 0x20, 0x2e, 0x30, 0x1e, 0x50, 0x00,
    0xc7, 0x00, 0x01, 0xd5, 0x00, 0x02, 0xc2,

    /* U+203A "›" */
    0x2e, 0x40, 0x00, 0x3e, 0x20, 0x00, 0x5e, 0x10,
    0x07, 0xc0, 0x05, 0xd1, 0x02, 0xc2, 0x00,

    /* U+203B "※" */
    0x00, 0x00, 0x00, 0x00, 0x01, 0x47, 0xc0, 0x40,
    0x06, 0xf6, 0x3d, 0xc0, 0x3f, 0x6f, 0xfb, 0xc8,
    0x03, 0x3f, 0xf8, 0x21, 0x04, 0xf8, 0x3e, 0x90,
    0x03, 0x67, 0xc2, 0x70, 0x00, 0x01, 0x20, 0x00,

    /* U+203C "‼" */
    0xc8, 0x00, 0xf3, 0xc7, 0x00, 0xf3, 0xc7, 0x00,
    0xf3, 0xb7, 0x00, 0xf3, 0xb7, 0x00, 0xf3, 0xb7,
    0x00, 0xf2, 0x21, 0x00, 0x30, 0x74, 0x00, 0x82,
    0xc8, 0x01, 0xe4,

    /* U+203D "‽" */
    0x08, 0xdf, 0xb2, 0x5c, 0x10, 0x8c, 0x00, 0x88,
    0x3e, 0x00, 0x79, 0xb7, 0x00, 0x7f, 0x60, 0x00,
    0xbf, 0x00, 0x00, 0x11, 0x00, 0x00, 0x56, 0x00,
    0x00, 0x9a, 0x00,

    /* U+203E "‾" */
    0x7e, 0xee, 0xee, 0x60, 0x11, 0x11, 0x10,

    /* U+203F "‿" */
    0x00, 0x00, 0x00, 0x00, 0x00, 0x03, 0xd7, 0x31,
    0x01, 0x48, 0xc0, 0x04, 0xcf, 0xff, 0xff, 0xa1,
    0x00, 0x00, 0x02, 0x32, 0x00, 0x00,

    /* U+2040 "⁀" */
    0x01, 0x7c, 0xef, 0xdb, 0x50, 0x03, 0xe9, 0x42,
    0x12, 0x6b, 0xc0, 0x01, 0x00, 0x00, 0x00, 0x01,
    0x00,

    /* U+2041 "⁁" */
    0x00, 0x00, 0x51, 0x00, 0x02, 0xd0, 0x00, 0x0c,
    0x40, 0x00, 0x6a, 0x00, 0x01, 0xf8, 0x00, 0x0b,
    0x6d, 0x20, 0x3b, 0x04, 0xa0, 0x00, 0x00, 0x00,

    /* U+2042 "⁂" */
    0x00, 0x00, 0x30, 0x00, 0x00, 0x00, 0x7f, 0xa0,
    0x00, 0x00, 0x0a, 0xff, 0x40, 0x00, 0x00, 0x7c,
    0x80, 0x00, 0x00, 0x40, 0x20, 0x30, 0x00, 0x7e,
    0xa0, 0x7e, 0xb0, 0x1a, 0xff, 0x5a, 0xff, 0x50,
    0x6c, 0x80, 0x6b, 0x90, 0x00, 0x00, 0x00, 0x00,
    0x00,

    /* U+2043 "⁃" */
    0x0e, 0xee, 0x50, 0x11, 0x10,

    /* U+2044 "⁄" */
    0x00, 0x00, 0x00, 0x6a, 0x00, 0x00, 0x00, 0x2d,
    0x10, 0x00, 0x00, 0x0c, 0x30, 0x00, 0x00, 0x09,
    0x80, 0x00, 0x00, 0x04, 0xc0, 0x00, 0x00, 0x01,
    0xd1, 0x00, 0x00, 0x00, 0xb5, 0x00, 0x00, 0x00,
    0x79, 0x00, 0x00, 0x00, 0x3d, 0x00, 0x00, 0x00,
    0x00,

    /* U+2045 "⁅" */
    0x8f, 0xe9, 0x80, 0x98, 0x09, 0x80, 0x98, 0x09,
    0x80, 0x9f, 0xe9, 0x80, 0x98, 0x09, 0x80, 0x98,
    0x08, 0xfe,

    /* U+2046 "⁆" */
    0x3f, 0xf4, 0x00, 0xc5, 0x00, 0xc5, 0x00, 0xc5,
    0x00, 0xc5, 0x00, 0xc5, 0x3f, 0xf5, 0x00, 0xc5,
    0x00, 0xc5, 0x00, 0xc5, 0x00, 0xc5, 0x3f, 0xf4,

    /* U+2047 "⁇" */
    0x06, 0xef, 0xc2, 0x01, 0xaf, 0xe9, 0x04, 0xf3,
    0x09, 0xc0, 0x9c, 0x11, 0xd7, 0x24, 0x00, 0x3f,
    0x04, 0x20, 0x09, 0x90, 0x00, 0x1c, 0xa0, 0x00,
    0x04, 0xf4, 0x00, 0x2e, 0x80, 0x00, 0x07, 0xe4,
    0x00, 0x08, 0xb0, 0x00, 0x00, 0xd5, 0x00, 0x00,
    0x11, 0x00, 0x00, 0x02, 0x00, 0x00, 0x05, 0x50,
    0x00, 0x00, 0x82, 0x00, 0x00, 0x9a, 0x00, 0x00,
    0x1e, 0x50, 0x00,

    /* U+2048 "⁈" */
    0x06, 0xef, 0xc2, 0x02, 0xf2, 0x3f, 0x30, 0x9c,
    0x01, 0xf2, 0x35, 0x00, 0x3f, 0x01, 0xf1, 0x00,
    0x00, 0xbb, 0x01, 0xf1, 0x00, 0x1d, 0xb1, 0x01,
    0xf1, 0x00, 0x7c, 0x00, 0x01, 0xf1, 0x00, 0x45,
    0x00, 0x00, 0x80, 0x00, 0x55, 0x00, 0x01, 0x81,
    0x00, 0x9a, 0x00, 0x02, 0xe3,

    /* U+2049 "⁉" */
    0xc8, 0x00, 0x9e, 0xea, 0x0c, 0x70, 0x8c, 0x00,
    0xb8, 0xc7, 0x03, 0x20, 0x08, 0xbb, 0x70, 0x00,
    0x04, 0xe6, 0xb7, 0x00, 0x05, 0xf6, 0x0b, 0x70,
    0x00, 0xc7, 0x00, 0x21, 0x00, 0x03, 0x10, 0x07,
    0x40, 0x00, 0x83, 0x00, 0xc8, 0x00, 0x0d, 0x60,
    0x00,

    /* U+204A "⁊" */
    0x6f, 0xff, 0xf1, 0x00, 0x00, 0xf0, 0x00, 0x01,
    0xe0, 0x00, 0x03, 0xd0, 0x00, 0x04, 0xb0, 0x00,
    0x06, 0xa0, 0x00, 0x07, 0x80, 0x00, 0x09, 0x70,
    0x00, 0x0a, 0x50, 0x00, 0x0c, 0x40,

    /* U+204B "⁋" */
    0xff, 0xff, 0xa1, 0x0e, 0x58, 0xff, 0xc0, 0xd5,
    0x8f, 0xff, 0x1d, 0x58, 0xff, 0xf0, 0xd5, 0x8f,
    0xf9, 0x0d, 0x55, 0xa5, 0x00, 0xd5, 0x00, 0x00,
    0x0d, 0x50, 0x00, 0x00, 0xd5, 0x00, 0x00, 0x00,

    /* U+204C "⁌" */
    0x03, 0xcf, 0xff, 0xf0, 0xdf, 0xf6, 0x7b, 0x0f,
    0xff, 0x67, 0xb0, 0xdf, 0xf6, 0x7b, 0x02, 0xcf,
    0xff, 0xf0,

    /* U+204D "⁍" */
    0x0f, 0xff, 0xe9, 0x00, 0xf2, 0xbf, 0xf8, 0x0f,
    0x2b, 0xff, 0xb0, 0xf2, 0xbf, 0xf8, 0x0f, 0xff,
    0xe9, 0x00,

    /* U+204E "⁎" */
    0x00, 0x02, 0x00, 0x01, 0x2b, 0x01, 0x1d, 0x9c,
    0xb7, 0x02, 0xdf, 0x80, 0x1d, 0x6b, 0x98, 0x00,
    0x2b, 0x00,

    /* U+204F "⁏" */
    0x74, 0x0c, 0x80, 0x00, 0x00, 0x00, 0x00, 0x05,
    0x40, 0x7b, 0x03, 0xd0, 0x0e, 0x00,

    /* U+2050 "⁐" */
    0x02, 0x8d, 0xff, 0xeb, 0x50, 0x04, 0xe9, 0x54,
    0x45, 0x7c, 0xa0, 0x00, 0x00, 0x00, 0x00, 0x01,
    0x00, 0x00, 0x00, 0x00, 0x00, 0x00, 0x00, 0x00,
    0x00, 0x00, 0x00, 0x00, 0x00, 0x00, 0x00, 0x00,
    0x00, 0x00, 0x00, 0x00, 0x00, 0x00, 0x00, 0x00,
    0x00, 0x00, 0x00, 0x00, 0x00, 0x00, 0x00, 0x00,
    0x00, 0x00, 0x00, 0x00, 0x00, 0x00, 0x00, 0x4c,
    0x62, 0x10, 0x14, 0x9b, 0x00, 0x5c, 0xff, 0xff,
    0xe9, 0x10, 0x00, 0x01, 0x23, 0x20, 0x00, 0x00,

    /* U+2051 "⁑" */
    0x00, 0x85, 0x00, 0x6a, 0x97, 0xc3, 0x05, 0xff,
    0x30, 0x5c, 0xa9, 0xd3, 0x00, 0x85, 0x10, 0x00,
    0x11, 0x00, 0x00, 0x11, 0x00, 0x00, 0x85, 0x10,
    0x5d, 0xa9, 0xd3, 0x05, 0xff, 0x30, 0x6a, 0x97,
    0xc3, 0x00, 0x85, 0x00,

    /* U+2052 "⁒" */
    0x00, 0x00, 0x00, 0x0c, 0x31, 0xe8, 0x00, 0x09,
    0x80, 0x1e, 0x80, 0x04, 0xc0, 0x00, 0x00, 0x01,
    0xd2, 0x00, 0x00, 0x00, 0xb5, 0x00, 0x00, 0x00,
    0x79, 0x00, 0x00, 0x00, 0x3d, 0x00, 0x1d, 0x90,
    0x0d, 0x30, 0x01, 0xd9, 0x0a, 0x70, 0x00, 0x00,
    0x00,

    /* U+2053 "⁓" */
    0x08, 0xdd, 0x82, 0x03, 0x10, 0x41, 0x28, 0xef,
    0xe4, 0x00, 0x00, 0x00, 0x10, 0x00,

    /* U+2054 "⁔" */
    0x00, 0x00, 0x00, 0x00, 0x00, 0x00, 0x19, 0xdf,
    0xff, 0xc6, 0x00, 0x3e, 0x95, 0x43, 0x47, 0xcc,
    0x00, 0x10, 0x00, 0x00, 0x00, 0x10,

    /* U+2055 "⁕" */
    0x00, 0x00, 0x00, 0x00, 0x33, 0xe2, 0x40, 0x03,
    0xdf, 0xe4, 0x02, 0xef, 0xff, 0xe3, 0x03, 0xdf,
    0xe5, 0x00, 0x33, 0xd2, 0x40,

    /* U+2057 "⁗" */
    0x1f, 0x23, 0xf0, 0x5d, 0x08, 0xb2, 0xe0, 0x5c,
    0x07, 0x90, 0x97, 0x4a, 0x06, 0x80, 0x86, 0x0b,
    0x31, 0x20, 0x22, 0x03, 0x10, 0x40,

    /* U+205F " " */

};

/*---------------------
 *  GLYPH DESCRIPTION
 *--------------------*/

static const lv_font_fmt_txt_glyph_dsc_t glyph_dsc[] = {
    {.bitmap_index = 0, .adv_w = 0, .box_w = 0, .box_h = 0, .ofs_x = 0, .ofs_y = 0} /* id = 0 reserved */,
    {.bitmap_index = 0, .adv_w = 59, .box_w = 0, .box_h = 0, .ofs_x = 0, .ofs_y = 0},
    {.bitmap_index = 0, .adv_w = 60, .box_w = 2, .box_h = 9, .ofs_x = 1, .ofs_y = 0},
    {.bitmap_index = 9, .adv_w = 97, .box_w = 4, .box_h = 4, .ofs_x = 1, .ofs_y = 5},
    {.bitmap_index = 17, .adv_w = 132, .box_w = 8, .box_h = 9, .ofs_x = 0, .ofs_y = 0},
    {.bitmap_index = 53, .adv_w = 133, .box_w = 8, .box_h = 13, .ofs_x = 0, .ofs_y = -2},
    {.bitmap_index = 105, .adv_w = 204, .box_w = 11, .box_h = 9, .ofs_x = 1, .ofs_y = 0},
    {.bitmap_index = 155, .adv_w = 134, .box_w = 9, .box_h = 9, .ofs_x = 0, .ofs_y = 0},
    {.bitmap_index = 196, .adv_w = 62, .box_w = 2, .box_h = 4, .ofs_x = 1, .ofs_y = 5},
    {.bitmap_index = 200, .adv_w = 76, .box_w = 4, .box_h = 12, .ofs_x = 1, .ofs_y = -2},
    {.bitmap_index = 224, .adv_w = 76, .box_w = 4, .box_h = 12, .ofs_x = 0, .ofs_y = -2},
    {.bitmap_index = 248, .adv_w = 104, .box_w = 6, .box_h = 6, .ofs_x = 0, .ofs_y = 3},
    {.bitmap_index = 266, .adv_w = 138, .box_w = 7, .box_h = 7, .ofs_x = 1, .ofs_y = 0},
    {.bitmap_index = 291, .adv_w = 60, .box_w = 3, .box_h = 4, .ofs_x = 0, .ofs_y = -2},
    {.bitmap_index = 297, .adv_w = 96, .box_w = 6, .box_h = 2, .ofs_x = 0, .ofs_y = 3},
    {.bitmap_index = 303, .adv_w = 60, .box_w = 2, .box_h = 2, .ofs_x = 1, .ofs_y = 0},
    {.bitmap_index = 305, .adv_w = 75, .box_w = 5, .box_h = 11, .ofs_x = 0, .ofs_y = -1},
    {.bitmap_index = 333, .adv_w = 131, .box_w = 8, .box_h = 9, .ofs_x = 0, .ofs_y = 0},
    {.bitmap_index = 369, .adv_w = 85, .box_w = 5, .box_h = 9, .ofs_x = 0, .ofs_y = 0},
    {.bitmap_index = 392, .adv_w = 127, .box_w = 7, .box_h = 9, .ofs_x = 0, .ofs_y = 0},
    {.bitmap_index = 424, .adv_w = 128, .box_w = 8, .box_h = 9, .ofs_x = 0, .ofs_y = 0},
    {.bitmap_index = 460, .adv_w = 134, .box_w = 8, .box_h = 9, .ofs_x = 0, .ofs_y = 0},
    {.bitmap_index = 496, .adv_w = 123, .box_w = 7, .box_h = 9, .ofs_x = 0, .ofs_y = 0},
    {.bitmap_index = 528, .adv_w = 129, .box_w = 8, .box_h = 9, .ofs_x = 0, .ofs_y = 0},
    {.bitmap_index = 564, .adv_w = 118, .box_w = 7, .box_h = 9, .ofs_x = 0, .ofs_y = 0},
    {.bitmap_index = 596, .adv_w = 129, .box_w = 8, .box_h = 9, .ofs_x = 0, .ofs_y = 0},
    {.bitmap_index = 632, .adv_w = 129, .box_w = 8, .box_h = 9, .ofs_x = 0, .ofs_y = 0},
    {.bitmap_index = 668, .adv_w = 60, .box_w = 2, .box_h = 7, .ofs_x = 1, .ofs_y = 0},
    {.bitmap_index = 675, .adv_w = 63, .box_w = 3, .box_h = 9, .ofs_x = 0, .ofs_y = -2},
    {.bitmap_index = 689, .adv_w = 138, .box_w = 7, .box_h = 7, .ofs_x = 1, .ofs_y = 0},
    {.bitmap_index = 714, .adv_w = 138, .box_w = 7, .box_h = 5, .ofs_x = 1, .ofs_y = 1},
    {.bitmap_index = 732, .adv_w = 138, .box_w = 7, .box_h = 7, .ofs_x = 1, .ofs_y = 0},
    {.bitmap_index = 757, .adv_w = 106, .box_w = 6, .box_h = 9, .ofs_x = 0, .ofs_y = 0},
    {.bitmap_index = 784, .adv_w = 201, .box_w = 12, .box_h = 11, .ofs_x = 0, .ofs_y = -3},
    {.bitmap_index = 850, .adv_w = 144, .box_w = 9, .box_h = 9, .ofs_x = 0, .ofs_y = 0},
    {.bitmap_index = 891, .adv_w = 136, .box_w = 7, .box_h = 9, .ofs_x = 1, .ofs_y = 0},
    {.bitmap_index = 923, .adv_w = 152, .box_w = 9, .box_h = 9, .ofs_x = 0, .ofs_y = 0},
    {.bitmap_index = 964, .adv_w = 150, .box_w = 8, .box_h = 9, .ofs_x = 1, .ofs_y = 0},
    {.bitmap_index = 1000, .adv_w = 125, .box_w = 6, .box_h = 9, .ofs_x = 1, .ofs_y = 0},
    {.bitmap_index = 1027, .adv_w = 123, .box_w = 6, .box_h = 9, .ofs_x = 1, .ofs_y = 0},
    {.bitmap_index = 1054, .adv_w = 155, .box_w = 9, .box_h = 9, .ofs_x = 0, .ofs_y = 0},
    {.bitmap_index = 1095, .adv_w = 155, .box_w = 8, .box_h = 9, .ofs_x = 1, .ofs_y = 0},
    {.bitmap_index = 1131, .adv_w = 56, .box_w = 2, .box_h = 9, .ofs_x = 1, .ofs_y = 0},
    {.bitmap_index = 1140, .adv_w = 119, .box_w = 7, .box_h = 9, .ofs_x = 0, .ofs_y = 0},
    {.bitmap_index = 1172, .adv_w = 140, .box_w = 8, .box_h = 9, .ofs_x = 1, .ofs_y = 0},
    {.bitmap_index = 1208, .adv_w = 118, .box_w = 6, .box_h = 9, .ofs_x = 1, .ofs_y = 0},
    {.bitmap_index = 1235, .adv_w = 188, .box_w = 10, .box_h = 9, .ofs_x = 1, .ofs_y = 0},
    {.bitmap_index = 1280, .adv_w = 157, .box_w = 8, .box_h = 9, .ofs_x = 1, .ofs_y = 0},
    {.bitmap_index = 1316, .adv_w = 159, .box_w = 10, .box_h = 9, .ofs_x = 0, .ofs_y = 0},
    {.bitmap_index = 1361, .adv_w = 133, .box_w = 7, .box_h = 9, .ofs_x = 1, .ofs_y = 0},
    {.bitmap_index = 1393, .adv_w = 159, .box_w = 10, .box_h = 10, .ofs_x = 0, .ofs_y = -1},
    {.bitmap_index = 1443, .adv_w = 134, .box_w = 7, .box_h = 9, .ofs_x = 1, .ofs_y = 0},
    {.bitmap_index = 1475, .adv_w = 133, .box_w = 8, .box_h = 9, .ofs_x = 0, .ofs_y = 0},
    {.bitmap_index = 1511, .adv_w = 134, .box_w = 8, .box_h = 9, .ofs_x = 0, .ofs_y = 0},
    {.bitmap_index = 1547, .adv_w = 155, .box_w = 8, .box_h = 9, .ofs_x = 1, .ofs_y = 0},
    {.bitmap_index = 1583, .adv_w = 144, .box_w = 9, .box_h = 9, .ofs_x = 0, .ofs_y = 0},
    {.bitmap_index = 1624, .adv_w = 205, .box_w = 13, .box_h = 9, .ofs_x = 0, .ofs_y = 0},
    {.bitmap_index = 1683, .adv_w = 142, .box_w = 9, .box_h = 9, .ofs_x = 0, .ofs_y = 0},
    {.bitmap_index = 1724, .adv_w = 141, .box_w = 9, .box_h = 9, .ofs_x = 0, .ofs_y = 0},
    {.bitmap_index = 1765, .adv_w = 131, .box_w = 8, .box_h = 9, .ofs_x = 0, .ofs_y = 0},
    {.bitmap_index = 1801, .adv_w = 76, .box_w = 3, .box_h = 12, .ofs_x = 1, .ofs_y = -2},
    {.bitmap_index = 1819, .adv_w = 75, .box_w = 5, .box_h = 11, .ofs_x = 0, .ofs_y = -1},
    {.bitmap_index = 1847, .adv_w = 76, .box_w = 4, .box_h = 12, .ofs_x = 0, .ofs_y = -2},
    {.bitmap_index = 1871, .adv_w = 98, .box_w = 6, .box_h = 5, .ofs_x = 0, .ofs_y = 5},
    {.bitmap_index = 1886, .adv_w = 95, .box_w = 6, .box_h = 2, .ofs_x = 0, .ofs_y = -2},
    {.bitmap_index = 1892, .adv_w = 67, .box_w = 4, .box_h = 2, .ofs_x = 0, .ofs_y = 8},
    {.bitmap_index = 1896, .adv_w = 117, .box_w = 7, .box_h = 7, .ofs_x = 0, .ofs_y = 0},
    {.bitmap_index = 1921, .adv_w = 127, .box_w = 7, .box_h = 9, .ofs_x = 1, .ofs_y = 0},
    {.bitmap_index = 1953, .adv_w = 119, .box_w = 7, .box_h = 7, .ofs_x = 0, .ofs_y = 0},
    {.bitmap_index = 1978, .adv_w = 127, .box_w = 7, .box_h = 9, .ofs_x = 0, .ofs_y = 0},
    {.bitmap_index = 2010, .adv_w = 121, .box_w = 7, .box_h = 7, .ofs_x = 0, .ofs_y = 0},
    {.bitmap_index = 2035, .adv_w = 77, .box_w = 5, .box_h = 9, .ofs_x = 0, .ofs_y = 0},
    {.bitmap_index = 2058, .adv_w = 128, .box_w = 7, .box_h = 10, .ofs_x = 0, .ofs_y = -3},
    {.bitmap_index = 2093, .adv_w = 123, .box_w = 6, .box_h = 9, .ofs_x = 1, .ofs_y = 0},
    {.bitmap_index = 2120, .adv_w = 50, .box_w = 3, .box_h = 9, .ofs_x = 0, .ofs_y = 0},
    {.bitmap_index = 2134, .adv_w = 50, .box_w = 4, .box_h = 12, .ofs_x = -1, .ofs_y = -3},
    {.bitmap_index = 2158, .adv_w = 114, .box_w = 6, .box_h = 9, .ofs_x = 1, .ofs_y = 0},
    {.bitmap_index = 2185, .adv_w = 50, .box_w = 2, .box_h = 9, .ofs_x = 1, .ofs_y = 0},
    {.bitmap_index = 2194, .adv_w = 182, .box_w = 10, .box_h = 7, .ofs_x = 1, .ofs_y = 0},
    {.bitmap_index = 2229, .adv_w = 123, .box_w = 6, .box_h = 7, .ofs_x = 1, .ofs_y = 0},
    {.bitmap_index = 2250, .adv_w = 125, .box_w = 8, .box_h = 7, .ofs_x = 0, .ofs_y = 0},
    {.bitmap_index = 2278, .adv_w = 127, .box_w = 7, .box_h = 10, .ofs_x = 1, .ofs_y = -3},
    {.bitmap_index = 2313, .adv_w = 127, .box_w = 7, .box_h = 10, .ofs_x = 0, .ofs_y = -3},
    {.bitmap_index = 2348, .adv_w = 78, .box_w = 4, .box_h = 7, .ofs_x = 1, .ofs_y = 0},
    {.bitmap_index = 2362, .adv_w = 110, .box_w = 7, .box_h = 7, .ofs_x = 0, .ofs_y = 0},
    {.bitmap_index = 2387, .adv_w = 68, .box_w = 4, .box_h = 9, .ofs_x = 0, .ofs_y = 0},
    {.bitmap_index = 2405, .adv_w = 123, .box_w = 6, .box_h = 7, .ofs_x = 1, .ofs_y = 0},
    {.bitmap_index = 2426, .adv_w = 117, .box_w = 7, .box_h = 7, .ofs_x = 0, .ofs_y = 0},
    {.bitmap_index = 2451, .adv_w = 170, .box_w = 11, .box_h = 7, .ofs_x = 0, .ofs_y = 0},
    {.bitmap_index = 2490, .adv_w = 114, .box_w = 7, .box_h = 7, .ofs_x = 0, .ofs_y = 0},
    {.bitmap_index = 2515, .adv_w = 117, .box_w = 7, .box_h = 10, .ofs_x = 0, .ofs_y = -3},
    {.bitmap_index = 2550, .adv_w = 115, .box_w = 7, .box_h = 7, .ofs_x = 0, .ofs_y = 0},
    {.bitmap_index = 2575, .adv_w = 89, .box_w = 5, .box_h = 12, .ofs_x = 0, .ofs_y = -3},
    {.bitmap_index = 2605, .adv_w = 69, .box_w = 2, .box_h = 15, .ofs_x = 1, .ofs_y = -3},
    {.bitmap_index = 2620, .adv_w = 89, .box_w = 5, .box_h = 12, .ofs_x = 0, .ofs_y = -3},
    {.bitmap_index = 2650, .adv_w = 138, .box_w = 7, .box_h = 3, .ofs_x = 1, .ofs_y = 2},
    {.bitmap_index = 2661, .adv_w = 59, .box_w = 0, .box_h = 0, .ofs_x = 0, .ofs_y = 0},
    {.bitmap_index = 2661, .adv_w = 60, .box_w = 2, .box_h = 10, .ofs_x = 1, .ofs_y = -3},
    {.bitmap_index = 2671, .adv_w = 119, .box_w = 7, .box_h = 9, .ofs_x = 0, .ofs_y = 0},
    {.bitmap_index = 2703, .adv_w = 127, .box_w = 8, .box_h = 9, .ofs_x = 0, .ofs_y = 0},
    {.bitmap_index = 2739, .adv_w = 151, .box_w = 9, .box_h = 9, .ofs_x = 0, .ofs_y = 0},
    {.bitmap_index = 2780, .adv_w = 114, .box_w = 7, .box_h = 9, .ofs_x = 0, .ofs_y = 0},
    {.bitmap_index = 2812, .adv_w = 56, .box_w = 2, .box_h = 11, .ofs_x = 1, .ofs_y = -2},
    {.bitmap_index = 2823, .adv_w = 118, .box_w = 7, .box_h = 11, .ofs_x = 0, .ofs_y = -2},
    {.bitmap_index = 2862, .adv_w = 123, .box_w = 5, .box_h = 3, .ofs_x = 1, .ofs_y = 7},
    {.bitmap_index = 2870, .adv_w = 190, .box_w = 10, .box_h = 10, .ofs_x = 1, .ofs_y = -1},
    {.bitmap_index = 2920, .adv_w = 94, .box_w = 6, .box_h = 6, .ofs_x = 0, .ofs_y = 4},
    {.bitmap_index = 2938, .adv_w = 121, .box_w = 8, .box_h = 6, .ofs_x = 0, .ofs_y = 1},
    {.bitmap_index = 2962, .adv_w = 138, .box_w = 6, .box_h = 3, .ofs_x = 1, .ofs_y = 2},
    {.bitmap_index = 2971, .adv_w = 139, .box_w = 9, .box_h = 7, .ofs_x = 0, .ofs_y = 2},
    {.bitmap_index = 3003, .adv_w = 99, .box_w = 4, .box_h = 1, .ofs_x = 1, .ofs_y = 8},
    {.bitmap_index = 3005, .adv_w = 95, .box_w = 6, .box_h = 4, .ofs_x = 0, .ofs_y = 5},
    {.bitmap_index = 3017, .adv_w = 138, .box_w = 7, .box_h = 7, .ofs_x = 1, .ofs_y = 0},
    {.bitmap_index = 3042, .adv_w = 92, .box_w = 6, .box_h = 5, .ofs_x = 0, .ofs_y = 6},
    {.bitmap_index = 3057, .adv_w = 93, .box_w = 6, .box_h = 5, .ofs_x = 0, .ofs_y = 6},
    {.bitmap_index = 3072, .adv_w = 67, .box_w = 3, .box_h = 2, .ofs_x = 1, .ofs_y = 8},
    {.bitmap_index = 3075, .adv_w = 122, .box_w = 7, .box_h = 10, .ofs_x = 1, .ofs_y = -3},
    {.bitmap_index = 3110, .adv_w = 125, .box_w = 7, .box_h = 9, .ofs_x = 0, .ofs_y = 0},
    {.bitmap_index = 3142, .adv_w = 60, .box_w = 2, .box_h = 2, .ofs_x = 1, .ofs_y = 4},
    {.bitmap_index = 3144, .adv_w = 56, .box_w = 4, .box_h = 4, .ofs_x = 0, .ofs_y = -3},
    {.bitmap_index = 3152, .adv_w = 63, .box_w = 4, .box_h = 5, .ofs_x = 0, .ofs_y = 6},
    {.bitmap_index = 3162, .adv_w = 100, .box_w = 6, .box_h = 6, .ofs_x = 0, .ofs_y = 4},
    {.bitmap_index = 3180, .adv_w = 121, .box_w = 7, .box_h = 6, .ofs_x = 0, .ofs_y = 1},
    {.bitmap_index = 3201, .adv_w = 167, .box_w = 10, .box_h = 10, .ofs_x = 0, .ofs_y = 0},
    {.bitmap_index = 3251, .adv_w = 176, .box_w = 11, .box_h = 10, .ofs_x = 0, .ofs_y = 0},
    {.bitmap_index = 3306, .adv_w = 183, .box_w = 11, .box_h = 10, .ofs_x = 0, .ofs_y = 0},
    {.bitmap_index = 3361, .adv_w = 106, .box_w = 7, .box_h = 10, .ofs_x = 0, .ofs_y = -3},
    {.bitmap_index = 3396, .adv_w = 144, .box_w = 9, .box_h = 12, .ofs_x = 0, .ofs_y = 0},
    {.bitmap_index = 3450, .adv_w = 144, .box_w = 9, .box_h = 12, .ofs_x = 0, .ofs_y = 0},
    {.bitmap_index = 3504, .adv_w = 144, .box_w = 9, .box_h = 12, .ofs_x = 0, .ofs_y = 0},
    {.bitmap_index = 3558, .adv_w = 144, .box_w = 9, .box_h = 12, .ofs_x = 0, .ofs_y = 0},
    {.bitmap_index = 3612, .adv_w = 144, .box_w = 9, .box_h = 13, .ofs_x = 0, .ofs_y = 0},
    {.bitmap_index = 3671, .adv_w = 144, .box_w = 9, .box_h = 13, .ofs_x = 0, .ofs_y = 0},
    {.bitmap_index = 3730, .adv_w = 207, .box_w = 13, .box_h = 9, .ofs_x = 0, .ofs_y = 0},
    {.bitmap_index = 3789, .adv_w = 152, .box_w = 9, .box_h = 12, .ofs_x = 0, .ofs_y = -3},
    {.bitmap_index = 3843, .adv_w = 125, .box_w = 6, .box_h = 12, .ofs_x = 1, .ofs_y = 0},
    {.bitmap_index = 3879, .adv_w = 125, .box_w = 6, .box_h = 12, .ofs_x = 1, .ofs_y = 0},
    {.bitmap_index = 3915, .adv_w = 125, .box_w = 6, .box_h = 12, .ofs_x = 1, .ofs_y = 0},
    {.bitmap_index = 3951, .adv_w = 125, .box_w = 6, .box_h = 13, .ofs_x = 1, .ofs_y = 0},
    {.bitmap_index = 3990, .adv_w = 56, .box_w = 3, .box_h = 12, .ofs_x = 0, .ofs_y = 0},
    {.bitmap_index = 4008, .adv_w = 56, .box_w = 3, .box_h = 12, .ofs_x = 1, .ofs_y = 0},
    {.bitmap_index = 4026, .adv_w = 56, .box_w = 5, .box_h = 12, .ofs_x = -1, .ofs_y = 0},
    {.bitmap_index = 4056, .adv_w = 56, .box_w = 5, .box_h = 13, .ofs_x = -1, .ofs_y = 0},
    {.bitmap_index = 4089, .adv_w = 153, .box_w = 9, .box_h = 9, .ofs_x = 0, .ofs_y = 0},
    {.bitmap_index = 4130, .adv_w = 157, .box_w = 8, .box_h = 12, .ofs_x = 1, .ofs_y = 0},
    {.bitmap_index = 4178, .adv_w = 159, .box_w = 10, .box_h = 12, .ofs_x = 0, .ofs_y = 0},
    {.bitmap_index = 4238, .adv_w = 159, .box_w = 10, .box_h = 12, .ofs_x = 0, .ofs_y = 0},
    {.bitmap_index = 4298, .adv_w = 159, .box_w = 10, .box_h = 12, .ofs_x = 0, .ofs_y = 0},
    {.bitmap_index = 4358, .adv_w = 159, .box_w = 10, .box_h = 12, .ofs_x = 0, .ofs_y = 0},
    {.bitmap_index = 4418, .adv_w = 159, .box_w = 10, .box_h = 13, .ofs_x = 0, .ofs_y = 0},
    {.bitmap_index = 4483, .adv_w = 138, .box_w = 7, .box_h = 7, .ofs_x = 1, .ofs_y = 0},
    {.bitmap_index = 4508, .adv_w = 159, .box_w = 10, .box_h = 11, .ofs_x = 0, .ofs_y = -1},
    {.bitmap_index = 4563, .adv_w = 155, .box_w = 8, .box_h = 12, .ofs_x = 1, .ofs_y = 0},
    {.bitmap_index = 4611, .adv_w = 155, .box_w = 8, .box_h = 12, .ofs_x = 1, .ofs_y = 0},
    {.bitmap_index = 4659, .adv_w = 155, .box_w = 8, .box_h = 12, .ofs_x = 1, .ofs_y = 0},
    {.bitmap_index = 4707, .adv_w = 155, .box_w = 8, .box_h = 13, .ofs_x = 1, .ofs_y = 0},
    {.bitmap_index = 4759, .adv_w = 141, .box_w = 9, .box_h = 12, .ofs_x = 0, .ofs_y = 0},
    {.bitmap_index = 4813, .adv_w = 132, .box_w = 7, .box_h = 9, .ofs_x = 1, .ofs_y = 0},
    {.bitmap_index = 4845, .adv_w = 128, .box_w = 7, .box_h = 9, .ofs_x = 1, .ofs_y = 0},
    {.bitmap_index = 4877, .adv_w = 117, .box_w = 7, .box_h = 10, .ofs_x = 0, .ofs_y = 0},
    {.bitmap_index = 4912, .adv_w = 117, .box_w = 7, .box_h = 10, .ofs_x = 0, .ofs_y = 0},
    {.bitmap_index = 4947, .adv_w = 117, .box_w = 7, .box_h = 10, .ofs_x = 0, .ofs_y = 0},
    {.bitmap_index = 4982, .adv_w = 117, .box_w = 7, .box_h = 9, .ofs_x = 0, .ofs_y = 0},
    {.bitmap_index = 5014, .adv_w = 117, .box_w = 7, .box_h = 9, .ofs_x = 0, .ofs_y = 0},
    {.bitmap_index = 5046, .adv_w = 117, .box_w = 7, .box_h = 11, .ofs_x = 0, .ofs_y = 0},
    {.bitmap_index = 5085, .adv_w = 191, .box_w = 12, .box_h = 7, .ofs_x = 0, .ofs_y = 0},
    {.bitmap_index = 5127, .adv_w = 119, .box_w = 7, .box_h = 10, .ofs_x = 0, .ofs_y = -3},
    {.bitmap_index = 5162, .adv_w = 121, .box_w = 7, .box_h = 10, .ofs_x = 0, .ofs_y = 0},
    {.bitmap_index = 5197, .adv_w = 121, .box_w = 7, .box_h = 10, .ofs_x = 0, .ofs_y = 0},
    {.bitmap_index = 5232, .adv_w = 121, .box_w = 7, .box_h = 10, .ofs_x = 0, .ofs_y = 0},
    {.bitmap_index = 5267, .adv_w = 121, .box_w = 7, .box_h = 9, .ofs_x = 0, .ofs_y = 0},
    {.bitmap_index = 5299, .adv_w = 50, .box_w = 4, .box_h = 10, .ofs_x = -1, .ofs_y = 0},
    {.bitmap_index = 5319, .adv_w = 50, .box_w = 3, .box_h = 10, .ofs_x = 1, .ofs_y = 0},
    {.bitmap_index = 5334, .adv_w = 50, .box_w = 5, .box_h = 10, .ofs_x = -1, .ofs_y = 0},
    {.bitmap_index = 5359, .adv_w = 50, .box_w = 5, .box_h = 9, .ofs_x = -1, .ofs_y = 0},
    {.bitmap_index = 5382, .adv_w = 121, .box_w = 7, .box_h = 11, .ofs_x = 0, .ofs_y = 0},
    {.bitmap_index = 5421, .adv_w = 123, .box_w = 6, .box_h = 9, .ofs_x = 1, .ofs_y = 0},
    {.bitmap_index = 5448, .adv_w = 125, .box_w = 8, .box_h = 10, .ofs_x = 0, .ofs_y = 0},
    {.bitmap_index = 5488, .adv_w = 125, .box_w = 8, .box_h = 10, .ofs_x = 0, .ofs_y = 0},
    {.bitmap_index = 5528, .adv_w = 125, .box_w = 8, .box_h = 10, .ofs_x = 0, .ofs_y = 0},
    {.bitmap_index = 5568, .adv_w = 125, .box_w = 8, .box_h = 9, .ofs_x = 0, .ofs_y = 0},
    {.bitmap_index = 5604, .adv_w = 125, .box_w = 8, .box_h = 9, .ofs_x = 0, .ofs_y = 0},
    {.bitmap_index = 5640, .adv_w = 138, .box_w = 7, .box_h = 7, .ofs_x = 1, .ofs_y = 0},
    {.bitmap_index = 5665, .adv_w = 125, .box_w = 8, .box_h = 9, .ofs_x = 0, .ofs_y = -1},
    {.bitmap_index = 5701, .adv_w = 123, .box_w = 6, .box_h = 10, .ofs_x = 1, .ofs_y = 0},
    {.bitmap_index = 5731, .adv_w = 123, .box_w = 6, .box_h = 10, .ofs_x = 1, .ofs_y = 0},
    {.bitmap_index = 5761, .adv_w = 123, .box_w = 6, .box_h = 10, .ofs_x = 1, .ofs_y = 0},
    {.bitmap_index = 5791, .adv_w = 123, .box_w = 6, .box_h = 9, .ofs_x = 1, .ofs_y = 0},
    {.bitmap_index = 5818, .adv_w = 117, .box_w = 7, .box_h = 13, .ofs_x = 0, .ofs_y = -3},
    {.bitmap_index = 5864, .adv_w = 127, .box_w = 7, .box_h = 12, .ofs_x = 1, .ofs_y = -3},
    {.bitmap_index = 5906, .adv_w = 117, .box_w = 7, .box_h = 12, .ofs_x = 0, .ofs_y = -3},
    {.bitmap_index = 5948, .adv_w = 144, .box_w = 9, .box_h = 12, .ofs_x = 0, .ofs_y = 0},
    {.bitmap_index = 6002, .adv_w = 117, .box_w = 7, .box_h = 9, .ofs_x = 0, .ofs_y = 0},
    {.bitmap_index = 6034, .adv_w = 144, .box_w = 9, .box_h = 12, .ofs_x = 0, .ofs_y = 0},
    {.bitmap_index = 6088, .adv_w = 117, .box_w = 7, .box_h = 10, .ofs_x = 0, .ofs_y = 0},
    {.bitmap_index = 6123, .adv_w = 144, .box_w = 10, .box_h = 12, .ofs_x = 0, .ofs_y = -3},
    {.bitmap_index = 6183, .adv_w = 117, .box_w = 7, .box_h = 10, .ofs_x = 0, .ofs_y = -3},
    {.bitmap_index = 6218, .adv_w = 152, .box_w = 9, .box_h = 12, .ofs_x = 0, .ofs_y = 0},
    {.bitmap_index = 6272, .adv_w = 119, .box_w = 7, .box_h = 10, .ofs_x = 0, .ofs_y = 0},
    {.bitmap_index = 6307, .adv_w = 152, .box_w = 9, .box_h = 12, .ofs_x = 0, .ofs_y = 0},
    {.bitmap_index = 6361, .adv_w = 119, .box_w = 7, .box_h = 10, .ofs_x = 0, .ofs_y = 0},
    {.bitmap_index = 6396, .adv_w = 152, .box_w = 9, .box_h = 13, .ofs_x = 0, .ofs_y = 0},
    {.bitmap_index = 6455, .adv_w = 119, .box_w = 7, .box_h = 9, .ofs_x = 0, .ofs_y = 0},
    {.bitmap_index = 6487, .adv_w = 152, .box_w = 9, .box_h = 12, .ofs_x = 0, .ofs_y = 0},
    {.bitmap_index = 6541, .adv_w = 119, .box_w = 7, .box_h = 10, .ofs_x = 0, .ofs_y = 0},
    {.bitmap_index = 6576, .adv_w = 150, .box_w = 8, .box_h = 12, .ofs_x = 1, .ofs_y = 0},
    {.bitmap_index = 6624, .adv_w = 148, .box_w = 9, .box_h = 10, .ofs_x = 0, .ofs_y = 0},
    {.bitmap_index = 6669, .adv_w = 153, .box_w = 9, .box_h = 9, .ofs_x = 0, .ofs_y = 0},
    {.bitmap_index = 6710, .adv_w = 127, .box_w = 8, .box_h = 9, .ofs_x = 0, .ofs_y = 0},
    {.bitmap_index = 6746, .adv_w = 125, .box_w = 6, .box_h = 12, .ofs_x = 1, .ofs_y = 0},
    {.bitmap_index = 6782, .adv_w = 121, .box_w = 7, .box_h = 9, .ofs_x = 0, .ofs_y = 0},
    {.bitmap_index = 6814, .adv_w = 125, .box_w = 6, .box_h = 12, .ofs_x = 1, .ofs_y = 0},
    {.bitmap_index = 6850, .adv_w = 121, .box_w = 7, .box_h = 10, .ofs_x = 0, .ofs_y = 0},
    {.bitmap_index = 6885, .adv_w = 125, .box_w = 6, .box_h = 13, .ofs_x = 1, .ofs_y = 0},
    {.bitmap_index = 6924, .adv_w = 121, .box_w = 7, .box_h = 9, .ofs_x = 0, .ofs_y = 0},
    {.bitmap_index = 6956, .adv_w = 125, .box_w = 7, .box_h = 12, .ofs_x = 1, .ofs_y = -3},
    {.bitmap_index = 6998, .adv_w = 121, .box_w = 7, .box_h = 10, .ofs_x = 0, .ofs_y = -3},
    {.bitmap_index = 7033, .adv_w = 125, .box_w = 6, .box_h = 12, .ofs_x = 1, .ofs_y = 0},
    {.bitmap_index = 7069, .adv_w = 121, .box_w = 7, .box_h = 10, .ofs_x = 0, .ofs_y = 0},
    {.bitmap_index = 7104, .adv_w = 155, .box_w = 9, .box_h = 12, .ofs_x = 0, .ofs_y = 0},
    {.bitmap_index = 7158, .adv_w = 128, .box_w = 7, .box_h = 13, .ofs_x = 0, .ofs_y = -3},
    {.bitmap_index = 7204, .adv_w = 155, .box_w = 9, .box_h = 12, .ofs_x = 0, .ofs_y = 0},
    {.bitmap_index = 7258, .adv_w = 128, .box_w = 7, .box_h = 13, .ofs_x = 0, .ofs_y = -3},
    {.bitmap_index = 7304, .adv_w = 155, .box_w = 9, .box_h = 13, .ofs_x = 0, .ofs_y = 0},
    {.bitmap_index = 7363, .adv_w = 128, .box_w = 7, .box_h = 12, .ofs_x = 0, .ofs_y = -3},
    {.bitmap_index = 7405, .adv_w = 155, .box_w = 9, .box_h = 12, .ofs_x = 0, .ofs_y = -3},
    {.bitmap_index = 7459, .adv_w = 128, .box_w = 7, .box_h = 14, .ofs_x = 0, .ofs_y = -3},
    {.bitmap_index = 7508, .adv_w = 155, .box_w = 8, .box_h = 12, .ofs_x = 1, .ofs_y = 0},
    {.bitmap_index = 7556, .adv_w = 123, .box_w = 8, .box_h = 12, .ofs_x = -1, .ofs_y = 0},
    {.bitmap_index = 7604, .adv_w = 161, .box_w = 10, .box_h = 9, .ofs_x = 0, .ofs_y = 0},
    {.bitmap_index = 7649, .adv_w = 123, .box_w = 7, .box_h = 9, .ofs_x = 0, .ofs_y = 0},
    {.bitmap_index = 7681, .adv_w = 56, .box_w = 5, .box_h = 12, .ofs_x = -1, .ofs_y = 0},
    {.bitmap_index = 7711, .adv_w = 50, .box_w = 5, .box_h = 9, .ofs_x = -1, .ofs_y = 0},
    {.bitmap_index = 7734, .adv_w = 56, .box_w = 5, .box_h = 12, .ofs_x = -1, .ofs_y = 0},
    {.bitmap_index = 7764, .adv_w = 50, .box_w = 5, .box_h = 9, .ofs_x = -1, .ofs_y = 0},
    {.bitmap_index = 7787, .adv_w = 56, .box_w = 5, .box_h = 12, .ofs_x = -1, .ofs_y = 0},
    {.bitmap_index = 7817, .adv_w = 50, .box_w = 5, .box_h = 10, .ofs_x = -1, .ofs_y = 0},
    {.bitmap_index = 7842, .adv_w = 56, .box_w = 3, .box_h = 12, .ofs_x = 0, .ofs_y = -3},
    {.bitmap_index = 7860, .adv_w = 50, .box_w = 4, .box_h = 12, .ofs_x = -1, .ofs_y = -3},
    {.bitmap_index = 7884, .adv_w = 56, .box_w = 3, .box_h = 13, .ofs_x = 0, .ofs_y = 0},
    {.bitmap_index = 7904, .adv_w = 50, .box_w = 2, .box_h = 7, .ofs_x = 1, .ofs_y = 0},
    {.bitmap_index = 7911, .adv_w = 175, .box_w = 9, .box_h = 9, .ofs_x = 1, .ofs_y = 0},
    {.bitmap_index = 7952, .adv_w = 101, .box_w = 6, .box_h = 12, .ofs_x = 0, .ofs_y = -3},
    {.bitmap_index = 7988, .adv_w = 119, .box_w = 8, .box_h = 12, .ofs_x = 0, .ofs_y = 0},
    {.bitmap_index = 8036, .adv_w = 50, .box_w = 5, .box_h = 12, .ofs_x = -1, .ofs_y = -3},
    {.bitmap_index = 8066, .adv_w = 140, .box_w = 8, .box_h = 12, .ofs_x = 1, .ofs_y = -3},
    {.bitmap_index = 8114, .adv_w = 114, .box_w = 6, .box_h = 12, .ofs_x = 1, .ofs_y = -3},
    {.bitmap_index = 8150, .adv_w = 109, .box_w = 6, .box_h = 7, .ofs_x = 1, .ofs_y = 0},
    {.bitmap_index = 8171, .adv_w = 118, .box_w = 6, .box_h = 12, .ofs_x = 1, .ofs_y = 0},
    {.bitmap_index = 8207, .adv_w = 50, .box_w = 3, .box_h = 12, .ofs_x = 1, .ofs_y = 0},
    {.bitmap_index = 8225, .adv_w = 118, .box_w = 6, .box_h = 12, .ofs_x = 1, .ofs_y = -3},
    {.bitmap_index = 8261, .adv_w = 50, .box_w = 3, .box_h = 12, .ofs_x = 0, .ofs_y = -3},
    {.bitmap_index = 8279, .adv_w = 118, .box_w = 6, .box_h = 10, .ofs_x = 1, .ofs_y = 0},
    {.bitmap_index = 8309, .adv_w = 71, .box_w = 4, .box_h = 10, .ofs_x = 1, .ofs_y = 0},
    {.bitmap_index = 8329, .adv_w = 117, .box_w = 6, .box_h = 9, .ofs_x = 1, .ofs_y = 0},
    {.bitmap_index = 8356, .adv_w = 75, .box_w = 4, .box_h = 9, .ofs_x = 1, .ofs_y = 0},
    {.bitmap_index = 8374, .adv_w = 124, .box_w = 8, .box_h = 9, .ofs_x = 0, .ofs_y = 0},
    {.bitmap_index = 8410, .adv_w = 50, .box_w = 5, .box_h = 9, .ofs_x = -1, .ofs_y = 0},
    {.bitmap_index = 8433, .adv_w = 157, .box_w = 8, .box_h = 12, .ofs_x = 1, .ofs_y = 0},
    {.bitmap_index = 8481, .adv_w = 123, .box_w = 6, .box_h = 10, .ofs_x = 1, .ofs_y = 0},
    {.bitmap_index = 8511, .adv_w = 157, .box_w = 8, .box_h = 12, .ofs_x = 1, .ofs_y = -3},
    {.bitmap_index = 8559, .adv_w = 123, .box_w = 6, .box_h = 10, .ofs_x = 1, .ofs_y = -3},
    {.bitmap_index = 8589, .adv_w = 157, .box_w = 8, .box_h = 12, .ofs_x = 1, .ofs_y = 0},
    {.bitmap_index = 8637, .adv_w = 123, .box_w = 6, .box_h = 10, .ofs_x = 1, .ofs_y = 0},
    {.bitmap_index = 8667, .adv_w = 157, .box_w = 8, .box_h = 12, .ofs_x = 1, .ofs_y = -3},
    {.bitmap_index = 8715, .adv_w = 123, .box_w = 6, .box_h = 10, .ofs_x = 1, .ofs_y = -3},
    {.bitmap_index = 8745, .adv_w = 159, .box_w = 10, .box_h = 12, .ofs_x = 0, .ofs_y = 0},
    {.bitmap_index = 8805, .adv_w = 125, .box_w = 8, .box_h = 9, .ofs_x = 0, .ofs_y = 0},
    {.bitmap_index = 8841, .adv_w = 159, .box_w = 10, .box_h = 12, .ofs_x = 0, .ofs_y = 0},
    {.bitmap_index = 8901, .adv_w = 125, .box_w = 8, .box_h = 10, .ofs_x = 0, .ofs_y = 0},
    {.bitmap_index = 8941, .adv_w = 159, .box_w = 10, .box_h = 12, .ofs_x = 0, .ofs_y = 0},
    {.bitmap_index = 9001, .adv_w = 125, .box_w = 8, .box_h = 10, .ofs_x = 0, .ofs_y = 0},
    {.bitmap_index = 9041, .adv_w = 209, .box_w = 13, .box_h = 9, .ofs_x = 0, .ofs_y = 0},
    {.bitmap_index = 9100, .adv_w = 208, .box_w = 13, .box_h = 7, .ofs_x = 0, .ofs_y = 0},
    {.bitmap_index = 9146, .adv_w = 134, .box_w = 7, .box_h = 12, .ofs_x = 1, .ofs_y = 0},
    {.bitmap_index = 9188, .adv_w = 78, .box_w = 4, .box_h = 10, .ofs_x = 1, .ofs_y = 0},
    {.bitmap_index = 9208, .adv_w = 134, .box_w = 7, .box_h = 12, .ofs_x = 1, .ofs_y = -3},
    {.bitmap_index = 9250, .adv_w = 78, .box_w = 5, .box_h = 10, .ofs_x = 0, .ofs_y = -3},
    {.bitmap_index = 9275, .adv_w = 134, .box_w = 7, .box_h = 12, .ofs_x = 1, .ofs_y = 0},
    {.bitmap_index = 9317, .adv_w = 78, .box_w = 5, .box_h = 10, .ofs_x = 0, .ofs_y = 0},
    {.bitmap_index = 9342, .adv_w = 133, .box_w = 8, .box_h = 12, .ofs_x = 0, .ofs_y = 0},
    {.bitmap_index = 9390, .adv_w = 110, .box_w = 7, .box_h = 10, .ofs_x = 0, .ofs_y = 0},
    {.bitmap_index = 9425, .adv_w = 133, .box_w = 8, .box_h = 12, .ofs_x = 0, .ofs_y = 0},
    {.bitmap_index = 9473, .adv_w = 110, .box_w = 7, .box_h = 10, .ofs_x = 0, .ofs_y = 0},
    {.bitmap_index = 9508, .adv_w = 133, .box_w = 8, .box_h = 12, .ofs_x = 0, .ofs_y = -3},
    {.bitmap_index = 9556, .adv_w = 110, .box_w = 7, .box_h = 10, .ofs_x = 0, .ofs_y = -3},
    {.bitmap_index = 9591, .adv_w = 133, .box_w = 8, .box_h = 12, .ofs_x = 0, .ofs_y = 0},
    {.bitmap_index = 9639, .adv_w = 110, .box_w = 7, .box_h = 10, .ofs_x = 0, .ofs_y = 0},
    {.bitmap_index = 9674, .adv_w = 134, .box_w = 8, .box_h = 12, .ofs_x = 0, .ofs_y = -3},
    {.bitmap_index = 9722, .adv_w = 68, .box_w = 5, .box_h = 11, .ofs_x = 0, .ofs_y = -3},
    {.bitmap_index = 9750, .adv_w = 134, .box_w = 8, .box_h = 12, .ofs_x = 0, .ofs_y = 0},
    {.bitmap_index = 9798, .adv_w = 78, .box_w = 5, .box_h = 11, .ofs_x = 0, .ofs_y = 0},
    {.bitmap_index = 9826, .adv_w = 134, .box_w = 8, .box_h = 9, .ofs_x = 0, .ofs_y = 0},
    {.bitmap_index = 9862, .adv_w = 68, .box_w = 4, .box_h = 9, .ofs_x = 0, .ofs_y = 0},
    {.bitmap_index = 9880, .adv_w = 155, .box_w = 8, .box_h = 12, .ofs_x = 1, .ofs_y = 0},
    {.bitmap_index = 9928, .adv_w = 123, .box_w = 6, .box_h = 9, .ofs_x = 1, .ofs_y = 0},
    {.bitmap_index = 9955, .adv_w = 155, .box_w = 8, .box_h = 12, .ofs_x = 1, .ofs_y = 0},
    {.bitmap_index = 10003, .adv_w = 123, .box_w = 6, .box_h = 9, .ofs_x = 1, .ofs_y = 0},
    {.bitmap_index = 10030, .adv_w = 155, .box_w = 8, .box_h = 12, .ofs_x = 1, .ofs_y = 0},
    {.bitmap_index = 10078, .adv_w = 123, .box_w = 6, .box_h = 10, .ofs_x = 1, .ofs_y = 0},
    {.bitmap_index = 10108, .adv_w = 155, .box_w = 8, .box_h = 13, .ofs_x = 1, .ofs_y = 0},
    {.bitmap_index = 10160, .adv_w = 123, .box_w = 6, .box_h = 11, .ofs_x = 1, .ofs_y = 0},
    {.bitmap_index = 10193, .adv_w = 155, .box_w = 8, .box_h = 12, .ofs_x = 1, .ofs_y = 0},
    {.bitmap_index = 10241, .adv_w = 123, .box_w = 6, .box_h = 10, .ofs_x = 1, .ofs_y = 0},
    {.bitmap_index = 10271, .adv_w = 155, .box_w = 8, .box_h = 12, .ofs_x = 1, .ofs_y = -3},
    {.bitmap_index = 10319, .adv_w = 123, .box_w = 7, .box_h = 10, .ofs_x = 1, .ofs_y = -3},
    {.bitmap_index = 10354, .adv_w = 205, .box_w = 13, .box_h = 12, .ofs_x = 0, .ofs_y = 0},
    {.bitmap_index = 10432, .adv_w = 170, .box_w = 11, .box_h = 10, .ofs_x = 0, .ofs_y = 0},
    {.bitmap_index = 10487, .adv_w = 141, .box_w = 9, .box_h = 12, .ofs_x = 0, .ofs_y = 0},
    {.bitmap_index = 10541, .adv_w = 117, .box_w = 7, .box_h = 13, .ofs_x = 0, .ofs_y = -3},
    {.bitmap_index = 10587, .adv_w = 141, .box_w = 9, .box_h = 13, .ofs_x = 0, .ofs_y = 0},
    {.bitmap_index = 10646, .adv_w = 131, .box_w = 8, .box_h = 12, .ofs_x = 0, .ofs_y = 0},
    {.bitmap_index = 10694, .adv_w = 115, .box_w = 7, .box_h = 10, .ofs_x = 0, .ofs_y = 0},
    {.bitmap_index = 10729, .adv_w = 131, .box_w = 8, .box_h = 13, .ofs_x = 0, .ofs_y = 0},
    {.bitmap_index = 10781, .adv_w = 115, .box_w = 7, .box_h = 9, .ofs_x = 0, .ofs_y = 0},
    {.bitmap_index = 10813, .adv_w = 131, .box_w = 8, .box_h = 12, .ofs_x = 0, .ofs_y = 0},
    {.bitmap_index = 10861, .adv_w = 115, .box_w = 7, .box_h = 10, .ofs_x = 0, .ofs_y = 0},
    {.bitmap_index = 10896, .adv_w = 65, .box_w = 4, .box_h = 9, .ofs_x = 1, .ofs_y = 0},
    {.bitmap_index = 10914, .adv_w = 114, .box_w = 0, .box_h = 0, .ofs_x = 0, .ofs_y = 0},
    {.bitmap_index = 10914, .adv_w = 227, .box_w = 0, .box_h = 0, .ofs_x = 0, .ofs_y = 0},
    {.bitmap_index = 10914, .adv_w = 104, .box_w = 0, .box_h = 0, .ofs_x = 0, .ofs_y = 0},
    {.bitmap_index = 10914, .adv_w = 208, .box_w = 0, .box_h = 0, .ofs_x = 0, .ofs_y = 0},
    {.bitmap_index = 10914, .adv_w = 69, .box_w = 0, .box_h = 0, .ofs_x = 0, .ofs_y = 0},
    {.bitmap_index = 10914, .adv_w = 52, .box_w = 0, .box_h = 0, .ofs_x = 0, .ofs_y = 0},
    {.bitmap_index = 10914, .adv_w = 35, .box_w = 0, .box_h = 0, .ofs_x = 0, .ofs_y = 0},
    {.bitmap_index = 10914, .adv_w = 135, .box_w = 0, .box_h = 0, .ofs_x = 0, .ofs_y = 0},
    {.bitmap_index = 10914, .adv_w = 60, .box_w = 0, .box_h = 0, .ofs_x = 0, .ofs_y = 0},
    {.bitmap_index = 10914, .adv_w = 38, .box_w = 0, .box_h = 0, .ofs_x = 0, .ofs_y = 0},
    {.bitmap_index = 10914, .adv_w = 19, .box_w = 0, .box_h = 0, .ofs_x = 0, .ofs_y = 0},
    {.bitmap_index = 10914, .adv_w = 0, .box_w = 0, .box_h = 0, .ofs_x = 0, .ofs_y = 0},
    {.bitmap_index = 10914, .adv_w = 75, .box_w = 5, .box_h = 2, .ofs_x = 0, .ofs_y = 3},
    {.bitmap_index = 10919, .adv_w = 75, .box_w = 5, .box_h = 2, .ofs_x = 0, .ofs_y = 3},
    {.bitmap_index = 10924, .adv_w = 135, .box_w = 8, .box_h = 2, .ofs_x = 0, .ofs_y = 3},
    {.bitmap_index = 10932, .adv_w = 104, .box_w = 7, .box_h = 2, .ofs_x = 0, .ofs_y = 3},
    {.bitmap_index = 10939, .adv_w = 208, .box_w = 13, .box_h = 2, .ofs_x = 0, .ofs_y = 3},
    {.bitmap_index = 10952, .adv_w = 208, .box_w = 13, .box_h = 2, .ofs_x = 0, .ofs_y = 3},
    {.bitmap_index = 10965, .adv_w = 100, .box_w = 4, .box_h = 15, .ofs_x = 1, .ofs_y = -3},
    {.bitmap_index = 10995, .adv_w = 94, .box_w = 7, .box_h = 3, .ofs_x = -1, .ofs_y = -3},
    {.bitmap_index = 11006, .adv_w = 54, .box_w = 2, .box_h = 4, .ofs_x = 1, .ofs_y = 5},
    {.bitmap_index = 11010, .adv_w = 54, .box_w = 2, .box_h = 4, .ofs_x = 1, .ofs_y = 6},
    {.bitmap_index = 11014, .adv_w = 50, .box_w = 3, .box_h = 4, .ofs_x = 0, .ofs_y = -2},
    {.bitmap_index = 11020, .adv_w = 54, .box_w = 3, .box_h = 4, .ofs_x = 0, .ofs_y = 5},
    {.bitmap_index = 11026, .adv_w = 92, .box_w = 5, .box_h = 4, .ofs_x = 1, .ofs_y = 5},
    {.bitmap_index = 11036, .adv_w = 92, .box_w = 5, .box_h = 4, .ofs_x = 1, .ofs_y = 6},
    {.bitmap_index = 11046, .adv_w = 88, .box_w = 5, .box_h = 4, .ofs_x = 0, .ofs_y = -2},
    {.bitmap_index = 11056, .adv_w = 92, .box_w = 5, .box_h = 4, .ofs_x = 0, .ofs_y = 5},
    {.bitmap_index = 11066, .adv_w = 102, .box_w = 6, .box_h = 7, .ofs_x = 0, .ofs_y = 2},
    {.bitmap_index = 11087, .adv_w = 102, .box_w = 6, .box_h = 9, .ofs_x = 0, .ofs_y = 0},
    {.bitmap_index = 11114, .adv_w = 117, .box_w = 5, .box_h = 4, .ofs_x = 1, .ofs_y = 2},
    {.bitmap_index = 11124, .adv_w = 117, .box_w = 4, .box_h = 5, .ofs_x = 2, .ofs_y = 1},
    {.bitmap_index = 11134, .adv_w = 60, .box_w = 2, .box_h = 2, .ofs_x = 1, .ofs_y = 0},
    {.bitmap_index = 11136, .adv_w = 120, .box_w = 6, .box_h = 2, .ofs_x = 1, .ofs_y = 0},
    {.bitmap_index = 11142, .adv_w = 180, .box_w = 10, .box_h = 2, .ofs_x = 1, .ofs_y = 0},
    {.bitmap_index = 11152, .adv_w = 60, .box_w = 2, .box_h = 2, .ofs_x = 1, .ofs_y = 4},
    {.bitmap_index = 11154, .adv_w = 38, .box_w = 0, .box_h = 0, .ofs_x = 0, .ofs_y = 0},
    {.bitmap_index = 11154, .adv_w = 278, .box_w = 15, .box_h = 9, .ofs_x = 1, .ofs_y = 0},
    {.bitmap_index = 11222, .adv_w = 351, .box_w = 20, .box_h = 9, .ofs_x = 1, .ofs_y = 0},
    {.bitmap_index = 11312, .adv_w = 46, .box_w = 3, .box_h = 4, .ofs_x = 0, .ofs_y = 5},
    {.bitmap_index = 11318, .adv_w = 92, .box_w = 6, .box_h = 4, .ofs_x = 0, .ofs_y = 5},
    {.bitmap_index = 11330, .adv_w = 138, .box_w = 8, .box_h = 4, .ofs_x = 0, .ofs_y = 5},
    {.bitmap_index = 11346, .adv_w = 46, .box_w = 3, .box_h = 4, .ofs_x = 0, .ofs_y = 5},
    {.bitmap_index = 11352, .adv_w = 92, .box_w = 6, .box_h = 4, .ofs_x = 0, .ofs_y = 5},
    {.bitmap_index = 11364, .adv_w = 138, .box_w = 8, .box_h = 4, .ofs_x = 0, .ofs_y = 5},
    {.bitmap_index = 11380, .adv_w = 95, .box_w = 6, .box_h = 3, .ofs_x = 0, .ofs_y = -3},
    {.bitmap_index = 11389, .adv_w = 80, .box_w = 5, .box_h = 6, .ofs_x = 0, .ofs_y = 1},
    {.bitmap_index = 11404, .adv_w = 80, .box_w = 5, .box_h = 6, .ofs_x = 0, .ofs_y = 1},
    {.bitmap_index = 11419, .adv_w = 133, .box_w = 8, .box_h = 8, .ofs_x = 0, .ofs_y = 0},
    {.bitmap_index = 11451, .adv_w = 120, .box_w = 6, .box_h = 9, .ofs_x = 1, .ofs_y = 0},
    {.bitmap_index = 11478, .adv_w = 105, .box_w = 6, .box_h = 9, .ofs_x = 0, .ofs_y = 0},
    {.bitmap_index = 11505, .adv_w = 112, .box_w = 7, .box_h = 2, .ofs_x = 0, .ofs_y = 9},
    {.bitmap_index = 11512, .adv_w = 170, .box_w = 11, .box_h = 4, .ofs_x = 0, .ofs_y = -4},
    {.bitmap_index = 11534, .adv_w = 170, .box_w = 11, .box_h = 3, .ofs_x = 0, .ofs_y = 6},
    {.bitmap_index = 11551, .adv_w = 94, .box_w = 6, .box_h = 8, .ofs_x = 0, .ofs_y = -4},
    {.bitmap_index = 11575, .adv_w = 150, .box_w = 9, .box_h = 9, .ofs_x = 0, .ofs_y = 0},
    {.bitmap_index = 11616, .adv_w = 117, .box_w = 5, .box_h = 2, .ofs_x = 1, .ofs_y = 2},
    {.bitmap_index = 11621, .adv_w = 40, .box_w = 9, .box_h = 9, .ofs_x = -3, .ofs_y = 0},
    {.bitmap_index = 11662, .adv_w = 76, .box_w = 3, .box_h = 12, .ofs_x = 1, .ofs_y = -2},
    {.bitmap_index = 11680, .adv_w = 76, .box_w = 4, .box_h = 12, .ofs_x = 0, .ofs_y = -2},
    {.bitmap_index = 11704, .adv_w = 213, .box_w = 13, .box_h = 9, .ofs_x = 0, .ofs_y = 0},
    {.bitmap_index = 11763, .adv_w = 166, .box_w = 10, .box_h = 9, .ofs_x = 0, .ofs_y = 0},
    {.bitmap_index = 11808, .adv_w = 166, .box_w = 9, .box_h = 9, .ofs_x = 1, .ofs_y = 0},
    {.bitmap_index = 11849, .adv_w = 92, .box_w = 6, .box_h = 10, .ofs_x = 0, .ofs_y = -3},
    {.bitmap_index = 11879, .adv_w = 125, .box_w = 7, .box_h = 9, .ofs_x = 1, .ofs_y = 0},
    {.bitmap_index = 11911, .adv_w = 123, .box_w = 7, .box_h = 5, .ofs_x = 0, .ofs_y = 1},
    {.bitmap_index = 11929, .adv_w = 123, .box_w = 7, .box_h = 5, .ofs_x = 0, .ofs_y = 1},
    {.bitmap_index = 11947, .adv_w = 104, .box_w = 6, .box_h = 6, .ofs_x = 0, .ofs_y = -1},
    {.bitmap_index = 11965, .adv_w = 63, .box_w = 3, .box_h = 9, .ofs_x = 1, .ofs_y = -2},
    {.bitmap_index = 11979, .adv_w = 169, .box_w = 11, .box_h = 13, .ofs_x = 0, .ofs_y = -4},
    {.bitmap_index = 12051, .adv_w = 112, .box_w = 6, .box_h = 12, .ofs_x = 1, .ofs_y = -3},
    {.bitmap_index = 12087, .adv_w = 154, .box_w = 9, .box_h = 9, .ofs_x = 0, .ofs_y = 0},
    {.bitmap_index = 12128, .adv_w = 151, .box_w = 9, .box_h = 3, .ofs_x = 0, .ofs_y = 2},
    {.bitmap_index = 12142, .adv_w = 170, .box_w = 11, .box_h = 4, .ofs_x = 0, .ofs_y = -4},
    {.bitmap_index = 12164, .adv_w = 114, .box_w = 7, .box_h = 6, .ofs_x = 0, .ofs_y = 1},
    {.bitmap_index = 12185, .adv_w = 183, .box_w = 11, .box_h = 4, .ofs_x = 0, .ofs_y = 5},
    {.bitmap_index = 12207, .adv_w = 59, .box_w = 0, .box_h = 0, .ofs_x = 0, .ofs_y = 0}
};

/*---------------------
 *  CHARACTER MAPPING
 *--------------------*/

static const uint16_t unicode_list_7[] = {
    0x00, 0x08
};

/*Collect the unicode lists and glyph_id offsets*/
static const lv_font_fmt_txt_cmap_t cmaps[] =
{
    {
        .range_start = 32, .range_length = 95, .glyph_id_start = 1,
        .unicode_list = NULL, .glyph_id_ofs_list = NULL, .list_length = 0, .type = LV_FONT_FMT_TXT_CMAP_FORMAT0_TINY
    },
    {
        .range_start = 160, .range_length = 13, .glyph_id_start = 96,
        .unicode_list = NULL, .glyph_id_ofs_list = NULL, .list_length = 0, .type = LV_FONT_FMT_TXT_CMAP_FORMAT0_TINY
    },
    {
        .range_start = 174, .range_length = 155, .glyph_id_start = 109,
        .unicode_list = NULL, .glyph_id_ofs_list = NULL, .list_length = 0, .type = LV_FONT_FMT_TXT_CMAP_FORMAT0_TINY
    },
    {
        .range_start = 330, .range_length = 54, .glyph_id_start = 264,
        .unicode_list = NULL, .glyph_id_ofs_list = NULL, .list_length = 0, .type = LV_FONT_FMT_TXT_CMAP_FORMAT0_TINY
    },
    {
        .range_start = 8192, .range_length = 12, .glyph_id_start = 318,
        .unicode_list = NULL, .glyph_id_ofs_list = NULL, .list_length = 0, .type = LV_FONT_FMT_TXT_CMAP_FORMAT0_TINY
    },
    {
        .range_start = 8208, .range_length = 24, .glyph_id_start = 330,
        .unicode_list = NULL, .glyph_id_ofs_list = NULL, .list_length = 0, .type = LV_FONT_FMT_TXT_CMAP_FORMAT0_TINY
    },
    {
        .range_start = 8239, .range_length = 39, .glyph_id_start = 354,
        .unicode_list = NULL, .glyph_id_ofs_list = NULL, .list_length = 0, .type = LV_FONT_FMT_TXT_CMAP_FORMAT0_TINY
    },
    {
        .range_start = 8279, .range_length = 9, .glyph_id_start = 393,
        .unicode_list = unicode_list_7, .glyph_id_ofs_list = NULL, .list_length = 2, .type = LV_FONT_FMT_TXT_CMAP_SPARSE_TINY
    }
};

/*-----------------
 *    KERNING
 *----------------*/

/*Map glyph_ids to kern left classes*/
static const uint8_t kern_left_class_mapping[] =
{
    0, 0, 0, 1, 0, 0, 2, 3,
    1, 4, 5, 6, 7, 8, 7, 8,
    9, 10, 11, 12, 13, 14, 15, 16,
    17, 13, 10, 18, 18, 0, 19, 20,
    0, 21, 0, 0, 0, 0, 0, 0,
    0, 0, 0, 0, 0, 0, 0, 0,
    0, 0, 0, 0, 0, 0, 0, 0,
    0, 0, 0, 0, 4, 22, 5, 6,
    23, 0, 0, 0, 0, 0, 0, 0,
    0, 0, 0, 0, 0, 0, 0, 0,
    0, 0, 0, 0, 0, 0, 0, 0,
    0, 0, 0, 0, 4, 11, 5, 7,
    0, 24, 25, 0, 0, 0, 0, 0,
    0, 21, 0, 0, 0, 26, 0, 6,
    19, 0, 0, 0, 27, 11, 28, 0,
    0, 0, 29, 0, 0, 0, 30, 0,
    0, 0, 0, 0, 0, 0, 0, 0,
    0, 0, 0, 0, 0, 0, 0, 0,
    0, 0, 0, 0, 0, 0, 31, 0,
    0, 0, 0, 0, 0, 0, 0, 0,
    0, 0, 0, 0, 0, 0, 0, 0,
    0, 0, 0, 0, 0, 0, 0, 0,
    0, 0, 0, 0, 0, 0, 7, 0,
    0, 0, 0, 0, 0, 0, 0, 0,
    0, 0, 0, 0, 0, 0, 0, 0,
    0, 0, 0, 0, 0, 0, 0, 0,
    0, 0, 0, 0, 0, 0, 0, 0,
    0, 0, 0, 0, 0, 0, 0, 0,
    0, 0, 0, 0, 0, 0, 0, 0,
    0, 0, 0, 0, 0, 0, 0, 0,
    0, 0, 0, 0, 0, 0, 0, 0,
    0, 0, 0, 0, 0, 0, 0, 0,
    0, 0, 0, 0, 0, 0, 0, 0,
    0, 0, 0, 0, 0, 0, 0, 0,
    0, 0, 0, 0, 0, 0, 0, 0,
    0, 0, 0, 0, 0, 0, 0, 0,
    0, 0, 0, 0, 0, 0, 0, 0,
    0, 0, 0, 0, 0, 0, 0, 0,
    0, 0, 0, 0, 0, 0, 0, 0,
    0, 0, 0, 0, 0, 0, 0, 0,
    0, 0, 0, 0, 0, 0, 0, 0,
    0, 0, 0, 0, 0, 0, 0, 0,
    0, 0, 32, 33, 34, 0, 32, 33,
    34, 0, 35, 35, 31, 31, 0, 0,
    36, 0, 0, 0, 0, 0, 0, 33,
    0, 0, 0, 0, 0, 29, 0, 0,
    0, 0, 0, 0, 0, 0, 31, 0,
    0, 0, 0, 0, 0, 0, 37, 38,
    31, 0, 18, 0, 0, 0, 0, 0,
    0, 0, 0
};

/*Map glyph_ids to kern right classes*/
static const uint8_t kern_right_class_mapping[] =
{
    0, 0, 0, 1, 2, 0, 0, 3,
    1, 0, 4, 5, 6, 7, 6, 8,
    9, 10, 11, 12, 13, 14, 15, 10,
    16, 17, 18, 19, 19, 20, 21, 0,
    22, 23, 0, 0, 0, 0, 0, 0,
    0, 0, 0, 0, 0, 0, 0, 0,
    0, 0, 0, 0, 0, 0, 0, 0,
    0, 0, 0, 0, 0, 24, 4, 5,
    25, 0, 0, 0, 0, 0, 0, 0,
    0, 0, 0, 0, 0, 0, 0, 0,
    0, 0, 0, 0, 0, 0, 0, 0,
    0, 0, 0, 0, 0, 26, 4, 27,
    0, 0, 28, 0, 0, 0, 0, 0,
    0, 23, 0, 29, 30, 31, 0, 5,
    21, 0, 0, 0, 32, 33, 6, 0,
    0, 0, 34, 0, 0, 0, 35, 0,
    0, 0, 0, 0, 0, 0, 0, 0,
    0, 0, 0, 0, 0, 0, 0, 0,
    0, 0, 0, 0, 0, 0, 34, 0,
    0, 0, 0, 0, 0, 0, 0, 0,
    0, 0, 0, 0, 0, 0, 0, 0,
    0, 0, 0, 0, 0, 0, 0, 0,
    0, 0, 0, 0, 0, 0, 6, 0,
    0, 0, 0, 0, 0, 0, 0, 0,
    0, 0, 0, 0, 0, 0, 0, 0,
    0, 0, 0, 0, 0, 0, 0, 0,
    0, 0, 0, 0, 0, 0, 0, 0,
    0, 0, 0, 0, 0, 0, 0, 0,
    0, 0, 0, 0, 0, 0, 0, 0,
    0, 0, 0, 0, 0, 0, 0, 0,
    0, 0, 0, 0, 0, 0, 0, 0,
    0, 0, 0, 0, 0, 0, 0, 0,
    0, 0, 0, 0, 0, 0, 0, 0,
    0, 0, 0, 0, 0, 0, 0, 0,
    0, 0, 0, 0, 0, 0, 0, 0,
    0, 0, 0, 0, 0, 0, 0, 0,
    0, 0, 0, 0, 0, 0, 0, 0,
    0, 0, 0, 0, 0, 0, 0, 0,
    0, 0, 0, 0, 0, 0, 0, 0,
    0, 0, 0, 0, 0, 0, 0, 0,
    0, 0, 0, 0, 0, 0, 0, 0,
    0, 0, 0, 0, 0, 0, 0, 0,
    0, 0, 36, 37, 38, 39, 36, 37,
    38, 40, 41, 41, 34, 34, 0, 0,
    42, 0, 0, 0, 0, 0, 0, 37,
    0, 0, 0, 0, 29, 34, 0, 0,
    22, 0, 0, 0, 0, 0, 34, 43,
    0, 0, 0, 0, 0, 44, 26, 34,
    45, 0, 19, 0, 0, 0, 0, 0,
    0, 0, 0
};

/*Kern values between classes*/
static const int8_t kern_class_values[] =
{
    0, 0, -7, 0, 0, 0, -17, -17,
    0, 0, 0, 0, 0, -13, 0, 0,
    0, 0, 0, 0, 0, 0, 0, 0,
    0, 0, 0, -3, 0, 0, 0, 0,
    0, 0, 0, 0, 0, 0, 0, 0,
    0, -17, 0, 0, 0, 0, 0, 0,
    0, 0, 0, 0, 0, 0, 0, 0,
    0, 0, 0, 0, 0, 0, 0, 0,
    0, 0, 0, 0, 0, 0, 0, 0,
    0, 0, 0, 0, 0, 0, 0, 0,
    -13, -14, 0, 0, 0, 0, 0, 0,
    0, 0, -7, 0, 0, 0, 0, 0,
    0, 0, 0, 0, 0, 0, 0, 0,
    0, 0, 0, 0, 0, 0, 0, 0,
    0, -13, 0, 0, 0, 0, 0, 0,
    -5, 0, 0, 0, 0, -19, 0, 0,
    0, 0, -8, 0, 0, 0, 0, 0,
    0, 0, 0, 0, 0, 0, 0, 0,
    0, 0, 0, 0, 0, 0, 0, 0,
    0, 0, 0, 0, 0, 0, 0, 0,
    0, 0, -2, 0, 0, 0, 0, 0,
    0, 0, 0, 0, 0, 0, 0, 0,
    0, 0, 0, 0, 0, 0, 0, 0,
    0, 0, 0, 0, 0, 0, 0, 0,
    0, 0, 0, 0, 0, 0, 0, 0,
    0, 0, 0, 0, 0, 0, 0, 0,
    0, 0, 0, 0, 0, 0, 0, -7,
    0, 0, 0, 0, 0, 0, 0, 0,
    0, 0, 0, -7, 0, 0, 0, -28,
    -28, 0, 0, 0, 0, 0, -9, 0,
    0, 0, 0, 0, 0, 0, 0, -2,
    0, -14, 0, 0, 0, 0, 0, 0,
    0, 0, 0, 0, 0, 0, 0, 0,
    0, 0, -28, 0, 0, 0, 0, 0,
    0, 0, 0, 0, 0, 0, 0, 0,
    0, -7, -2, 0, 0, -5, 0, 0,
    0, 0, 0, 0, 0, -11, 0, 0,
    0, 0, 0, 0, 0, 0, -3, 0,
    0, -13, 0, 0, 0, 0, 0, 0,
    0, 0, 0, -17, 0, 0, 0, 0,
    0, 0, 0, 0, -5, -18, 0, -6,
    0, -3, -3, -5, -1, 0, 0, 0,
    -18, -9, 0, 0, 0, 0, 0, 0,
    0, 0, 0, -11, 0, 0, 0, -12,
    0, -28, -28, 0, 0, 0, 0, 0,
    0, 0, 0, 0, 0, 0, -8, -8,
    0, 0, 0, 0, 0, 0, 0, 0,
    0, 0, 0, 0, 0, 0, 0, 0,
    0, 0, 0, 0, 0, 0, 0, 0,
    0, 0, 0, 0, 0, 0, 0, 0,
    0, -8, 0, 0, 0, 0, 0, 0,
    0, 0, 0, -5, -5, 0, 0, 0,
    0, 0, 0, 0, -4, 0, 0, 0,
    0, 0, 0, 0, -2, -9, 0, 0,
    0, 0, 0, 0, 0, 0, 0, 0,
    -9, 0, -11, 0, 0, 0, -5, 0,
    3, 0, 0, 0, 0, 0, 0, 0,
    0, 0, 0, 0, 0, 0, 0, 0,
    0, 0, 0, 0, 0, 0, 0, 0,
    0, 0, 0, 0, 0, 0, 0, 0,
    0, 0, 0, 0, 0, 0, 0, 0,
    0, 0, 0, 0, 0, 3, 0, 0,
    0, 0, 0, 0, 0, 0, 0, 0,
    0, 0, 0, 0, -3, 0, 0, 0,
    0, 0, 0, 0, 0, 0, 0, 0,
    0, 0, 0, 0, 0, 0, 0, 0,
    0, 0, 0, 0, 0, 0, 0, 0,
    0, 0, 0, 0, 0, 0, 0, 0,
    -3, 0, -5, -5, 0, 0, 0, 0,
    0, 0, 0, 0, 0, 0, 0, 0,
    0, 0, 0, 0, 0, 0, 0, 0,
    -7, 0, 0, 0, 0, 0, 0, 0,
    0, -11, 0, 0, 0, -5, 0, 0,
    0, 0, 0, 0, 0, -4, 0, -7,
    -7, 0, 0, -4, 0, 0, 0, 0,
    0, 0, 0, 0, 0, 0, 0, 0,
    0, 0, 0, 0, 0, 0, 0, -1,
    0, -8, 0, 0, 0, 0, 0, 0,
    0, 0, -7, 0, 0, 0, 0, 0,
    0, 0, 0, 0, -6, -6, 0, 0,
    0, 0, 0, 0, 0, 0, 0, 0,
    0, 0, 0, 0, 0, 0, 0, 0,
    0, 0, 0, 0, -1, 0, 0, 0,
    0, 0, 0, 0, 0, 0, 0, -6,
    0, 0, 0, 0, 0, 0, 0, 0,
    0, -7, -7, 0, 0, 0, 0, 0,
    0, 0, 0, 0, 0, 0, 0, 0,
    0, 0, 0, -9, 0, 0, 0, 0,
    0, 0, 0, 0, 0, 0, 0, 0,
    -9, 0, 0, 0, -7, 0, 0, 0,
    0, -12, -9, 0, 0, 0, -26, -26,
    0, -3, 0, 0, -3, -12, -2, 4,
    -3, -2, -7, -19, 0, 0, 0, 0,
    -33, 0, 0, -11, -13, 0, 0, 0,
    0, 0, 0, 0, 0, -29, 0, 0,
    0, -26, 0, 0, -11, 0, 0, 0,
    0, 0, 0, 0, 0, 0, 0, 0,
    0, 0, 0, 0, 0, 0, 0, 0,
    0, 0, 0, 0, -13, 0, 0, 0,
    0, 0, 0, 0, 0, 0, 0, 0,
    -9, 0, 0, 0, 0, 0, 0, 0,
    0, 0, 0, 0, 0, 0, 0, 0,
    0, 0, 0, 0, 0, 0, 0, 0,
    0, 0, 0, 0, 0, 0, 0, 0,
    0, -14, 0, 0, 0, 0, 0, 0,
    0, 0, 0, 0, 0, -12, 0, 0,
    0, 0, 0, 0, 0, 0, 0, 0,
    0, 0, 0, 0, 0, 0, 0, 0,
    0, 0, 0, 0, 0, 0, -15, 0,
    0, 0, 0, 0, 0, 0, -15, 0,
    0, 0, 0, 0, 0, 0, 0, 0,
    0, 0, -20, 0, 0, 0, 0, 0,
    0, 0, 0, 0, 0, 0, 0, 0,
    0, 0, -9, -9, -8, 0, 0, 0,
    0, 0, 0, 0, 0, 0, 0, 0,
    0, 0, 0, -7, -8, 0, 0, 0,
    0, 0, -1, 0, 0, 0, 0, -7,
    0, -8, 0, 0, 0, -9, 0, 0,
    0, -16, 0, 0, 0, -16, -7, 0,
    0, 4, 0, -7, 0, 0, 0, 0,
    0, 0, 0, 0, 0, -11, -13, -7,
    -10, 0, 0, -7, 0, -7, -7, -15,
    0, -10, -7, 0, -9, -12, 0, 0,
    0, -15, 0, -1, -4, 0, 0, 0,
    0, 0, -14, 0, 0, 0, 0, -9,
    -22, 0, -9, -12, -9, 0, -9, -9,
    0, 0, 0, 0, -8, -16, 0, 7,
    0, 0, 0, 0, 0, 0, -9, 0,
    0, -8, 0, 0, 0, 0, 0, 0,
    0, 0, 7, 0, 0, 0, 0, 0,
    0, 0, 0, 0, 0, 0, 0, 0,
    0, 0, 0, 0, 0, 0, 0, 0,
    0, 0, -7, 0, 0, 0, 0, 0,
    0, 0, 0, 0, 0, 0, -7, 0,
    0, 0, 0, 0, 0, 0, 0, 0,
    -3, 0, 0, -2, 0, 0, 0, 0,
    0, 0, -7, 0, 0, 0, 0, 0,
    0, 0, 0, 0, 0, 0, 0, -11,
    0, 0, 0, 0, 0, 0, -2, 0,
    0, 0, 0, -13, -5, 0, 0, 0,
    -7, 0, 0, 0, 0, 0, 0, -7,
    0, 0, 0, 0, 0, 0, 0, 0,
    0, 0, -10, 0, 0, 0, 0, 0,
    0, 0, 0, -1, 0, 0, 0, 0,
    -6, 0, 0, 0, 0, 0, 0, 0,
    0, 0, 0, 0, 0, 0, 0, 0,
    0, 0, 0, 0, 0, 0, 0, -8,
    0, 0, -7, 0, 0, 0, 0, 0,
    0, 0, 0, 0, 0, -8, 0, 0,
    0, 0, -7, 0, -8, 0, 0, -7,
    0, 0, 0, 0, 0, -11, 3, 0,
    0, 0, 0, 0, 0, 0, 0, 0,
    0, 0, 0, 0, 0, 0, 0, 0,
    0, 0, -7, -2, 0, 0, -5, 0,
    0, 0, 0, 0, 0, 0, -8, 0,
    0, 0, 0, 0, 0, 0, 0, -3,
    0, 0, -13, 0, 0, 0, 0, 0,
    0, 0, 0, 0, 0, 0, 0, 0,
    0, 0, 0, 0, 0, 0, -8, -11,
    -9, 0, 0, -11, -7, 0, 0, 0,
    0, 0, 0, -13, 0, 0, 0, 0,
    0, 0, 0, 0, 0, 0, 0, -18,
    0, 0, 0, 0, 0, 0, 0, 0,
    0, 0, 0, 0, 0, 0, 0, 0,
    0, 0, 0, 0, 0, 0, 0, 0,
    0, 0, 0, 0, 0, 0, 0, 0,
    -16, 0, 0, 0, 0, 0, 0, 0,
    0, 0, 0, 0, -13, -7, 0, 0,
    0, 0, 0, 0, 0, 0, 0, 0,
    0, 0, 0, 0, 0, 0, 0, 0,
    0, 0, 0, 0, 0, 0, 0, 0,
    0, 0, 0, 0, 0, -8, 0, 0,
    0, 0, 0, 0, 0, 0, 0, 0,
    0, 0, 0, 0, 0, 0, 0, 0,
    0, 0, 0, 0, 0, -13, 0, 0,
    0, -18, -18, -20, 0, 0, 0, 0,
    -13, 0, 0, 0, 0, 0, 0, 0,
    0, 0, 0, 0, 0, 0, -8, 0,
    0, 0, 0, 0, 0, -13, 0, 0,
    -13, 0, 0, 0, -18, 0, 0, 0,
    0, -26, -14, 0, 0, -13, -21, -21,
    -29, -9, 0, 0, 0, -20, 0, -13,
    -8, 0, -12, -20, -12, 0, -12, 0,
    -8, 0, -9, -13, -18, -13, 0, -9,
    -2, 0, -14, 0, 0, 0, 0, 0,
    0, -21, 0, 3, -4, 0, 0, 0,
    0, 0, 0, 0, 0, 0, 0, -14,
    0, 0, 0, 0, 0, 0, 0, 0,
    0, 0, 0, 0, -19, 0, 0, 0,
    0, 0, 0, 0, 0, 0, 0, 0,
    -26, -20, 0, 0, 0, 0, 0, 0,
    0, 0, 0, 0, -8, 0, 0, 0,
    0, 0, 0, 0, 0, 0, 0, 0,
    0, 0, 0, 0, 0, 0, 0, 0,
    0, 0, 0, 0, 0, -7, 0, 0,
    0, 0, 0, 0, 0, 0, 0, 0,
    0, 0, 0, 0, 0, 0, 0, -17,
    0, 0, 0, 0, 0, 0, 0, 0,
    -5, -18, 0, -6, 0, -3, -3, -5,
    -1, 0, 0, 0, -18, -9, 0, 0,
    0, 0, 0, 0, 0, 0, 0, -11,
    0, 0, 0, -12, 0, -28, -38, 0,
    0, 0, 0, 0, 0, 0, -7, 0,
    0, -9, -8, -7, 0, 0, 0, 0,
    0, 0, 0, 0, 0, 0, 0, 0,
    0, 0, 0, 0, 0, 0, -9, -1,
    0, -9, 0, 0, 0, 0, 0, 0,
    0, -29, 0, 0, 0, -20, 0, 0,
    0, 0, 0, 0, 0, 0, 0, 0,
    0, 0, 0, -8, 0, 0, 0, 0,
    0, 0, 0, 0, 0, 0, 0, 0,
    -11, 0, 0, 0, 0, 0, 0, -2,
    0, 0, 0, 0, -9, -4, 0, 0,
    0, 0, 0, 0, 0, 0
};

/*Collect the kern class' data in one place*/
static const lv_font_fmt_txt_kern_classes_t kern_classes =
{
    .class_pair_values   = kern_class_values,
    .left_class_mapping  = kern_left_class_mapping,
    .right_class_mapping = kern_right_class_mapping,
    .left_class_cnt      = 38,
    .right_class_cnt     = 45,
};

/*--------------------
 *  ALL CUSTOM DATA
 *--------------------*/

#if LVGL_VERSION_MAJOR == 8
/*Store all the custom data of the font*/
static  lv_font_fmt_txt_glyph_cache_t cache;
#endif

#if LVGL_VERSION_MAJOR >= 8
static const lv_font_fmt_txt_dsc_t font_dsc = {
#else
static lv_font_fmt_txt_dsc_t font_dsc = {
#endif
    .glyph_bitmap = glyph_bitmap,
    .glyph_dsc = glyph_dsc,
    .cmaps = cmaps,
    .kern_dsc = &kern_classes,
    .kern_scale = 16,
    .cmap_num = 8,
    .bpp = 4,
    .kern_classes = 1,
    .bitmap_format = 0,
#if LVGL_VERSION_MAJOR == 8
    .cache = &cache
#endif

};



/*-----------------
 *  PUBLIC FONT
 *----------------*/

/*Initialize a public general font descriptor*/
#if LVGL_VERSION_MAJOR >= 8
const lv_font_t font_inter_regular_12_5_data = {
#else
lv_font_t font_inter_regular_12_5_data = {
#endif
    .get_glyph_dsc = lv_font_get_glyph_dsc_fmt_txt,    /*Function pointer to get glyph's data*/
    .get_glyph_bitmap = lv_font_get_bitmap_fmt_txt,    /*Function pointer to get glyph's bitmap*/
    .line_height = 17,          /*The maximum line height required by the font*/
    .base_line = 4,             /*Baseline measured from the bottom of the line*/
#if LV_VERSION_CHECK(9, 6, 0) || LVGL_VERSION_MAJOR >= 10
    .cap_height = 9,           /*Cap height of the font*/
    .x_height = 7,               /*x-height of the font*/
#endif
#if !(LVGL_VERSION_MAJOR == 6 && LVGL_VERSION_MINOR == 0)
    .subpx = LV_FONT_SUBPX_NONE,
#endif
#if LV_VERSION_CHECK(7, 4, 0) || LVGL_VERSION_MAJOR >= 8
    .underline_position = -2,
    .underline_thickness = 1,
#endif

#if LV_VERSION_CHECK(9, 3, 0)
    .static_bitmap = 1,    /*Bitmaps are stored as const so they are always static if not compressed */
#endif

    .dsc = &font_dsc,          /*The custom font data. Will be accessed by `get_glyph_bitmap/dsc` */
#if LV_VERSION_CHECK(8, 2, 0) || LVGL_VERSION_MAJOR >= 9
    .fallback = NULL,
#endif
    .user_data = NULL,
};



#endif /*#if FONT_INTER_REGULAR_12_5_DATA*/
