/*******************************************************************************
 * Size: 25 px
 * Bpp: 4
 * Opts: --font /fonts/Gabarito-Regular.ttf -o /fonts/font_gabarito_regular_24_576000213623047_data.c --size 25 --bpp 4 --format lvgl --no-compress --symbols ·ÁÃÄÇÈÉÍÓÖÚÜßàáâãäçèéêíîñóõöúûüŐő–• --range 0x20-0x7F
 ******************************************************************************/

#ifdef __has_include
    #if __has_include("lvgl.h")
        #ifndef LV_LVGL_H_INCLUDE_SIMPLE
            #define LV_LVGL_H_INCLUDE_SIMPLE
        #endif
    #endif
#endif

#ifdef LV_LVGL_H_INCLUDE_SIMPLE
    #include "lvgl.h"
#else
    #include "lvgl/lvgl.h"
#endif



#ifndef FONT_GABARITO_REGULAR_24_576000213623047_DATA
#define FONT_GABARITO_REGULAR_24_576000213623047_DATA 1
#endif

#if FONT_GABARITO_REGULAR_24_576000213623047_DATA

/*-----------------
 *    BITMAPS
 *----------------*/

/*Store the image of the glyphs*/
static LV_ATTRIBUTE_LARGE_CONST const uint8_t glyph_bitmap[] = {
    /* U+0020 " " */

    /* U+0021 "!" */
    0x0c, 0xdd, 0x20, 0xef, 0xf2, 0x0e, 0xff, 0x20,
    0xef, 0xf1, 0x0d, 0xff, 0x10, 0xdf, 0xf1, 0x0c,
    0xff, 0x00, 0xcf, 0xf0, 0x0b, 0xff, 0x00, 0xaf,
    0xe0, 0x09, 0xfd, 0x00, 0x8f, 0xc0, 0x07, 0xfb,
    0x00, 0x00, 0x00, 0x00, 0x00, 0x00, 0x9f, 0xc1,
    0x3f, 0xff, 0x73, 0xff, 0xf7, 0x08, 0xfb, 0x00,

    /* U+0022 "\"" */
    0x4f, 0xf2, 0x8f, 0xd4, 0xff, 0x28, 0xfd, 0x4f,
    0xf2, 0x8f, 0xd3, 0xff, 0x28, 0xfd, 0x1f, 0xf2,
    0x5f, 0xd0, 0xef, 0x22, 0xfd, 0x0b, 0xf2, 0x0f,
    0xd0, 0x36, 0x00, 0x55,

    /* U+0023 "#" */
    0x00, 0x00, 0x04, 0xfe, 0x00, 0x0e, 0xf4, 0x00,
    0x00, 0x00, 0x07, 0xfb, 0x00, 0x1f, 0xf1, 0x00,
    0x00, 0x00, 0x0a, 0xf8, 0x00, 0x4f, 0xe0, 0x00,
    0x00, 0x00, 0x0c, 0xf5, 0x00, 0x6f, 0xb0, 0x00,
    0x00, 0xcf, 0xff, 0xff, 0xff, 0xff, 0xff, 0xf6,
    0x00, 0xcf, 0xff, 0xff, 0xff, 0xff, 0xff, 0xf6,
    0x00, 0x00, 0x5f, 0xc0, 0x00, 0xff, 0x20, 0x00,
    0x00, 0x00, 0x8f, 0xa0, 0x02, 0xff, 0x00, 0x00,
    0x00, 0x00, 0xbf, 0x70, 0x05, 0xfd, 0x00, 0x00,
    0x00, 0x00, 0xef, 0x40, 0x08, 0xfa, 0x00, 0x00,
    0x00, 0x01, 0xff, 0x10, 0x0b, 0xf7, 0x00, 0x00,
    0x0f, 0xff, 0xff, 0xff, 0xff, 0xff, 0xff, 0x20,
    0x0f, 0xff, 0xff, 0xff, 0xff, 0xff, 0xff, 0x20,
    0x00, 0x09, 0xf8, 0x00, 0x3f, 0xe0, 0x00, 0x00,
    0x00, 0x0c, 0xf6, 0x00, 0x6f, 0xc0, 0x00, 0x00,
    0x00, 0x0f, 0xf3, 0x00, 0x9f, 0x90, 0x00, 0x00,
    0x00, 0x2f, 0xf0, 0x00, 0xcf, 0x60, 0x00, 0x00,
    0x00, 0x5f, 0xd0, 0x00, 0xff, 0x30, 0x00, 0x00,

    /* U+0024 "$" */
    0x00, 0x00, 0x08, 0xf7, 0x00, 0x00, 0x00, 0x00,
    0x00, 0x8f, 0x70, 0x00, 0x00, 0x00, 0x00, 0x2f,
    0xfe, 0x30, 0x00, 0x00, 0x00, 0x9f, 0xff, 0xff,
    0xd2, 0x00, 0x00, 0x9f, 0xff, 0xff, 0xff, 0xf3,
    0x00, 0x2f, 0xfb, 0x20, 0x29, 0xff, 0x90, 0x06,
    0xff, 0x10, 0x00, 0x07, 0x60, 0x00, 0x8f, 0xf0,
    0x00, 0x00, 0x00, 0x00, 0x05, 0xff, 0x60, 0x00,
    0x00, 0x00, 0x00, 0x0e, 0xff, 0xa4, 0x00, 0x00,
    0x00, 0x00, 0x3e, 0xff, 0xfe, 0xa3, 0x00, 0x00,
    0x00, 0x06, 0xcf, 0xff, 0xfa, 0x00, 0x00, 0x00,
    0x00, 0x15, 0xdf, 0xf9, 0x00, 0x00, 0x00, 0x00,
    0x00, 0xcf, 0xf0, 0x00, 0x00, 0x00, 0x00, 0x06,
    0xff, 0x20, 0x2c, 0x60, 0x00, 0x00, 0x6f, 0xf1,
    0x0d, 0xff, 0x50, 0x00, 0x1d, 0xfd, 0x00, 0x4f,
    0xff, 0xc8, 0x9e, 0xff, 0x50, 0x00, 0x7f, 0xff,
    0xff, 0xff, 0x80, 0x00, 0x00, 0x3a, 0xff, 0xfa,
    0x30, 0x00, 0x00, 0x00, 0x08, 0xf7, 0x00, 0x00,
    0x00, 0x00, 0x00, 0x8f, 0x70, 0x00, 0x00, 0x00,
    0x00, 0x04, 0x83, 0x00, 0x00, 0x00,

    /* U+0025 "%" */
    0x00, 0x5d, 0xfd, 0x50, 0x00, 0x00, 0x00, 0x69,
    0x00, 0x07, 0xff, 0xff, 0xf6, 0x00, 0x00, 0x03,
    0xff, 0x50, 0x1f, 0xf7, 0x17, 0xfe, 0x00, 0x00,
    0x1e, 0xf9, 0x00, 0x4f, 0xd0, 0x00, 0xef, 0x30,
    0x00, 0xcf, 0xb0, 0x00, 0x4f, 0xd0, 0x00, 0xef,
    0x30, 0x0a, 0xfd, 0x10, 0x00, 0x1f, 0xf6, 0x07,
    0xff, 0x00, 0x7f, 0xf2, 0x00, 0x00, 0x08, 0xff,
    0xff, 0xf7, 0x04, 0xff, 0x50, 0x00, 0x00, 0x00,
    0x6e, 0xfe, 0x60, 0x2e, 0xf8, 0x00, 0x00, 0x00,
    0x00, 0x00, 0x00, 0x00, 0xdf, 0xb0, 0x00, 0x00,
    0x00, 0x00, 0x00, 0x00, 0x0b, 0xfd, 0x00, 0x00,
    0x00, 0x00, 0x00, 0x00, 0x00, 0x8f, 0xe2, 0x05,
    0xdf, 0xd6, 0x00, 0x00, 0x00, 0x05, 0xff, 0x40,
    0x6f, 0xff, 0xff, 0x70, 0x00, 0x00, 0x2f, 0xf7,
    0x00, 0xff, 0x71, 0x7f, 0xf1, 0x00, 0x01, 0xdf,
    0xa0, 0x03, 0xfe, 0x00, 0x0d, 0xf4, 0x00, 0x0b,
    0xfc, 0x00, 0x03, 0xfe, 0x00, 0x0d, 0xf4, 0x00,
    0x9f, 0xe1, 0x00, 0x00, 0xff, 0x81, 0x7f, 0xf1,
    0x05, 0xff, 0x30, 0x00, 0x00, 0x6f, 0xff, 0xff,
    0x70, 0x00, 0x96, 0x00, 0x00, 0x00, 0x05, 0xdf,
    0xd6, 0x00,

    /* U+0026 "&" */
    0x00, 0x00, 0x26, 0x76, 0x20, 0x00, 0x00, 0x00,
    0x00, 0x9f, 0xff, 0xff, 0x90, 0x00, 0x00, 0x00,
    0x8f, 0xff, 0xff, 0xff, 0x80, 0x00, 0x00, 0x1f,
    0xfe, 0x51, 0x3a, 0xb0, 0x00, 0x00, 0x05, 0xff,
    0x40, 0x00, 0x00, 0x00, 0x00, 0x00, 0x7f, 0xf2,
    0x00, 0x00, 0x00, 0x00, 0x00, 0x05, 0xff, 0x60,
    0x00, 0x00, 0x00, 0x00, 0x00, 0x0e, 0xff, 0x61,
    0x00, 0x00, 0x00, 0x00, 0x00, 0x3f, 0xff, 0xff,
    0xff, 0xff, 0xff, 0x90, 0x03, 0xff, 0xff, 0xff,
    0xff, 0xff, 0xf9, 0x04, 0xff, 0xe9, 0x77, 0x7d,
    0xff, 0x87, 0x40, 0xef, 0xd0, 0x00, 0x00, 0x6f,
    0xf1, 0x00, 0x4f, 0xf5, 0x00, 0x00, 0x06, 0xff,
    0x10, 0x06, 0xff, 0x30, 0x00, 0x00, 0x8f, 0xf0,
    0x00, 0x4f, 0xf5, 0x00, 0x00, 0x0c, 0xfe, 0x00,
    0x00, 0xff, 0xd1, 0x00, 0x05, 0xff, 0x90, 0x00,
    0x08, 0xff, 0xfb, 0x9c, 0xff, 0xf2, 0x00, 0x00,
    0x0a, 0xff, 0xff, 0xff, 0xf5, 0x00, 0x00, 0x00,
    0x05, 0xbe, 0xfe, 0xa2, 0x00, 0x00, 0x00,

    /* U+0027 "'" */
    0x4f, 0xf2, 0x4f, 0xf2, 0x4f, 0xf2, 0x3f, 0xf2,
    0x1f, 0xf2, 0x0e, 0xf2, 0x0b, 0xf2, 0x03, 0x60,

    /* U+0028 "(" */
    0x00, 0x00, 0x08, 0x30, 0x00, 0x00, 0x7f, 0xf3,
    0x00, 0x03, 0xff, 0xe1, 0x00, 0x0d, 0xff, 0x30,
    0x00, 0x6f, 0xf7, 0x00, 0x00, 0xef, 0xe0, 0x00,
    0x04, 0xff, 0x60, 0x00, 0x0a, 0xff, 0x00, 0x00,
    0x0d, 0xfb, 0x00, 0x00, 0x0f, 0xf7, 0x00, 0x00,
    0x2f, 0xf5, 0x00, 0x00, 0x3f, 0xf3, 0x00, 0x00,
    0x4f, 0xf3, 0x00, 0x00, 0x3f, 0xf3, 0x00, 0x00,
    0x2f, 0xf4, 0x00, 0x00, 0x1f, 0xf7, 0x00, 0x00,
    0x0e, 0xfa, 0x00, 0x00, 0x0a, 0xfe, 0x00, 0x00,
    0x05, 0xff, 0x40, 0x00, 0x00, 0xff, 0xc0, 0x00,
    0x00, 0x8f, 0xf5, 0x00, 0x00, 0x1e, 0xfe, 0x10,
    0x00, 0x05, 0xff, 0xc0, 0x00, 0x00, 0x9f, 0xf4,
    0x00, 0x00, 0x0b, 0x60, 0x00, 0x00, 0x00, 0x00,

    /* U+0029 ")" */
    0x07, 0x50, 0x00, 0x00, 0x7f, 0xf3, 0x00, 0x00,
    0x3f, 0xfe, 0x10, 0x00, 0x06, 0xff, 0xa0, 0x00,
    0x00, 0xbf, 0xf2, 0x00, 0x00, 0x3f, 0xfa, 0x00,
    0x00, 0x0a, 0xff, 0x00, 0x00, 0x04, 0xff, 0x50,
    0x00, 0x00, 0xff, 0x90, 0x00, 0x00, 0xbf, 0xc0,
    0x00, 0x00, 0x9f, 0xe0, 0x00, 0x00, 0x8f, 0xf0,
    0x00, 0x00, 0x7f, 0xf0, 0x00, 0x00, 0x7f, 0xf0,
    0x00, 0x00, 0x9f, 0xe0, 0x00, 0x00, 0xbf, 0xd0,
    0x00, 0x00, 0xef, 0xa0, 0x00, 0x03, 0xff, 0x60,
    0x00, 0x09, 0xff, 0x10, 0x00, 0x1f, 0xfb, 0x00,
    0x00, 0xaf, 0xf4, 0x00, 0x04, 0xff, 0xb0, 0x00,
    0x2e, 0xff, 0x20, 0x00, 0x8f, 0xf5, 0x00, 0x00,
    0x0a, 0x70, 0x00, 0x00, 0x00, 0x00, 0x00, 0x00,

    /* U+002A "*" */
    0x00, 0x00, 0x00, 0x00, 0x00, 0x02, 0xb9, 0x04,
    0xe5, 0x00, 0x02, 0xff, 0x0a, 0xf7, 0x00, 0x00,
    0x6f, 0x8f, 0xb0, 0x00, 0x87, 0x5d, 0xff, 0x66,
    0x82, 0xef, 0xff, 0xff, 0xff, 0xf4, 0x87, 0x5d,
    0xff, 0x66, 0x82, 0x00, 0x6f, 0x8f, 0xb0, 0x00,
    0x02, 0xff, 0x0a, 0xf7, 0x00, 0x02, 0xc9, 0x04,
    0xe5, 0x00, 0x00, 0x00, 0x00, 0x00, 0x00,

    /* U+002B "+" */
    0x00, 0x00, 0x07, 0x82, 0x00, 0x00, 0x00, 0x00,
    0x00, 0xef, 0x50, 0x00, 0x00, 0x00, 0x00, 0x0e,
    0xf5, 0x00, 0x00, 0x00, 0x00, 0x00, 0xef, 0x50,
    0x00, 0x00, 0x00, 0x00, 0x0e, 0xf5, 0x00, 0x00,
    0x02, 0x55, 0x55, 0xff, 0xb5, 0x55, 0x51, 0x8f,
    0xff, 0xff, 0xff, 0xff, 0xff, 0x48, 0xff, 0xff,
    0xff, 0xff, 0xff, 0xf4, 0x00, 0x00, 0x0e, 0xf5,
    0x00, 0x00, 0x00, 0x00, 0x00, 0xef, 0x50, 0x00,
    0x00, 0x00, 0x00, 0x0e, 0xf5, 0x00, 0x00, 0x00,
    0x00, 0x00, 0xef, 0x50, 0x00, 0x00, 0x00, 0x00,
    0x0e, 0xf5, 0x00, 0x00, 0x00,

    /* U+002C "," */
    0x4d, 0xf7, 0x06, 0xff, 0xf2, 0x08, 0xff, 0x50,
    0x3f, 0xf4, 0x03, 0xfe, 0x00, 0x8f, 0x80, 0x1f,
    0xc0, 0x09, 0xc1, 0x00, 0x00, 0x00, 0x00,

    /* U+002D "-" */
    0x17, 0x77, 0x77, 0x77, 0x22, 0xff, 0xff, 0xff,
    0xf5, 0x2f, 0xff, 0xff, 0xff, 0x50,

    /* U+002E "." */
    0x00, 0x10, 0x01, 0xdf, 0xa0, 0x8f, 0xff, 0x48,
    0xff, 0xf3, 0x0b, 0xf8, 0x00,

    /* U+002F "/" */
    0x00, 0x00, 0x00, 0x00, 0x0a, 0x40, 0x00, 0x00,
    0x00, 0x00, 0x5f, 0xf1, 0x00, 0x00, 0x00, 0x00,
    0xcf, 0xa0, 0x00, 0x00, 0x00, 0x04, 0xff, 0x20,
    0x00, 0x00, 0x00, 0x0b, 0xfb, 0x00, 0x00, 0x00,
    0x00, 0x3f, 0xf3, 0x00, 0x00, 0x00, 0x00, 0xaf,
    0xc0, 0x00, 0x00, 0x00, 0x02, 0xff, 0x40, 0x00,
    0x00, 0x00, 0x09, 0xfd, 0x00, 0x00, 0x00, 0x00,
    0x1f, 0xf5, 0x00, 0x00, 0x00, 0x00, 0x8f, 0xe0,
    0x00, 0x00, 0x00, 0x00, 0xff, 0x60, 0x00, 0x00,
    0x00, 0x07, 0xfe, 0x00, 0x00, 0x00, 0x00, 0x0e,
    0xf8, 0x00, 0x00, 0x00, 0x00, 0x6f, 0xf1, 0x00,
    0x00, 0x00, 0x00, 0xdf, 0x90, 0x00, 0x00, 0x00,
    0x05, 0xff, 0x10, 0x00, 0x00, 0x00, 0x0c, 0xfa,
    0x00, 0x00, 0x00, 0x00, 0x4f, 0xf2, 0x00, 0x00,
    0x00, 0x00, 0xbf, 0xb0, 0x00, 0x00, 0x00, 0x00,
    0x18, 0x30, 0x00, 0x00, 0x00, 0x00,

    /* U+0030 "0" */
    0x00, 0x00, 0x7d, 0xfe, 0xa2, 0x00, 0x00, 0x00,
    0xaf, 0xff, 0xff, 0xf3, 0x00, 0x00, 0x8f, 0xfd,
    0x9a, 0xff, 0xe1, 0x00, 0x1f, 0xfc, 0x00, 0x06,
    0xff, 0x80, 0x06, 0xff, 0x30, 0x00, 0x0c, 0xfe,
    0x00, 0xaf, 0xe0, 0x00, 0x00, 0x7f, 0xf2, 0x0d,
    0xfa, 0x00, 0x00, 0x03, 0xff, 0x50, 0xff, 0x80,
    0x00, 0x00, 0x1f, 0xf7, 0x0f, 0xf7, 0x00, 0x00,
    0x00, 0xff, 0x80, 0xff, 0x70, 0x00, 0x00, 0x0f,
    0xf8, 0x0f, 0xf8, 0x00, 0x00, 0x00, 0xff, 0x70,
    0xdf, 0xa0, 0x00, 0x00, 0x3f, 0xf5, 0x0a, 0xfd,
    0x00, 0x00, 0x06, 0xff, 0x20, 0x6f, 0xf2, 0x00,
    0x00, 0xbf, 0xe0, 0x01, 0xff, 0xc0, 0x00, 0x5f,
    0xf8, 0x00, 0x08, 0xff, 0xd9, 0xaf, 0xfe, 0x10,
    0x00, 0x0b, 0xff, 0xff, 0xff, 0x30, 0x00, 0x00,
    0x07, 0xdf, 0xea, 0x20, 0x00,

    /* U+0031 "1" */
    0x00, 0x00, 0x5f, 0x80, 0x00, 0x0d, 0xf8, 0x00,
    0x4c, 0xff, 0x80, 0xff, 0xff, 0xf8, 0x0f, 0xfe,
    0xff, 0x80, 0x75, 0x0f, 0xf8, 0x00, 0x00, 0xff,
    0x80, 0x00, 0x0f, 0xf8, 0x00, 0x00, 0xff, 0x80,
    0x00, 0x0f, 0xf8, 0x00, 0x00, 0xff, 0x80, 0x00,
    0x0f, 0xf8, 0x00, 0x00, 0xff, 0x80, 0x00, 0x0f,
    0xf8, 0x00, 0x00, 0xff, 0x80, 0x00, 0x0f, 0xf8,
    0x00, 0x00, 0xff, 0x80, 0x00, 0x0f, 0xf8,

    /* U+0032 "2" */
    0x00, 0x03, 0xbe, 0xfd, 0x80, 0x00, 0x00, 0x7f,
    0xff, 0xff, 0xfd, 0x00, 0x05, 0xff, 0xfa, 0x8d,
    0xff, 0x90, 0x0e, 0xfd, 0x20, 0x00, 0xcf, 0xf0,
    0x03, 0xd2, 0x00, 0x00, 0x6f, 0xf1, 0x00, 0x00,
    0x00, 0x00, 0x6f, 0xf1, 0x00, 0x00, 0x00, 0x00,
    0xaf, 0xe0, 0x00, 0x00, 0x00, 0x02, 0xff, 0x90,
    0x00, 0x00, 0x00, 0x0c, 0xff, 0x20, 0x00, 0x00,
    0x00, 0x8f, 0xf8, 0x00, 0x00, 0x00, 0x05, 0xff,
    0xc0, 0x00, 0x00, 0x00, 0x2f, 0xfe, 0x10, 0x00,
    0x00, 0x01, 0xef, 0xf3, 0x00, 0x00, 0x00, 0x0c,
    0xff, 0x60, 0x00, 0x00, 0x00, 0x9f, 0xf9, 0x00,
    0x00, 0x00, 0x06, 0xff, 0xf7, 0x77, 0x77, 0x73,
    0x0b, 0xff, 0xff, 0xff, 0xff, 0xf7, 0x0b, 0xff,
    0xff, 0xff, 0xff, 0xf7,

    /* U+0033 "3" */
    0x00, 0x05, 0xbe, 0xfd, 0x80, 0x00, 0x00, 0xbf,
    0xff, 0xff, 0xfd, 0x00, 0x0a, 0xff, 0xc8, 0x9d,
    0xff, 0x80, 0x02, 0xd6, 0x00, 0x00, 0xdf, 0xd0,
    0x00, 0x00, 0x00, 0x00, 0x9f, 0xe0, 0x00, 0x00,
    0x00, 0x00, 0xcf, 0xd0, 0x00, 0x00, 0x00, 0x3b,
    0xff, 0x70, 0x00, 0x02, 0xff, 0xff, 0xfa, 0x00,
    0x00, 0x02, 0xff, 0xff, 0xf7, 0x00, 0x00, 0x00,
    0x34, 0x6b, 0xff, 0x90, 0x00, 0x00, 0x00, 0x00,
    0x8f, 0xf3, 0x00, 0x00, 0x00, 0x00, 0x0f, 0xf8,
    0x00, 0x00, 0x00, 0x00, 0x0e, 0xfa, 0x00, 0x30,
    0x00, 0x00, 0x0f, 0xf9, 0x08, 0xf6, 0x00, 0x00,
    0x9f, 0xf5, 0x1e, 0xff, 0xd9, 0x9d, 0xff, 0xd0,
    0x02, 0xdf, 0xff, 0xff, 0xfe, 0x20, 0x00, 0x07,
    0xce, 0xfd, 0x81, 0x00,

    /* U+0034 "4" */
    0x00, 0x00, 0x0a, 0xfe, 0x00, 0x00, 0x00, 0x00,
    0x00, 0x1f, 0xf8, 0x00, 0x00, 0x00, 0x00, 0x00,
    0x6f, 0xf2, 0x00, 0x00, 0x00, 0x00, 0x00, 0xcf,
    0xc0, 0x00, 0x00, 0x00, 0x00, 0x03, 0xff, 0x60,
    0x00, 0x00, 0x00, 0x00, 0x09, 0xff, 0x00, 0x00,
    0x00, 0x00, 0x00, 0x0e, 0xfa, 0x00, 0x03, 0x40,
    0x00, 0x00, 0x5f, 0xf4, 0x00, 0x0f, 0xc0, 0x00,
    0x00, 0xbf, 0xe0, 0x00, 0x5f, 0xc0, 0x00, 0x02,
    0xff, 0x80, 0x00, 0xbf, 0xc0, 0x00, 0x08, 0xff,
    0x20, 0x02, 0xff, 0xc0, 0x00, 0x0e, 0xff, 0xff,
    0xff, 0xff, 0xff, 0xf2, 0x0f, 0xff, 0xff, 0xff,
    0xff, 0xff, 0xf2, 0x08, 0x88, 0x88, 0x88, 0xff,
    0xf8, 0x81, 0x00, 0x00, 0x00, 0x00, 0xcf, 0xc0,
    0x00, 0x00, 0x00, 0x00, 0x00, 0xcf, 0xc0, 0x00,
    0x00, 0x00, 0x00, 0x00, 0xcf, 0xc0, 0x00, 0x00,
    0x00, 0x00, 0x00, 0xcf, 0xc0, 0x00,

    /* U+0035 "5" */
    0x5f, 0xff, 0xff, 0xff, 0xff, 0x10, 0x5f, 0xff,
    0xff, 0xff, 0xff, 0x10, 0x5f, 0xf8, 0x88, 0x88,
    0x88, 0x00, 0x5f, 0xf0, 0x00, 0x00, 0x00, 0x00,
    0x5f, 0xf0, 0x00, 0x00, 0x00, 0x00, 0x5f, 0xf0,
    0x00, 0x00, 0x00, 0x00, 0x5f, 0xf6, 0xcf, 0xeb,
    0x40, 0x00, 0x5f, 0xff, 0xff, 0xff, 0xf7, 0x00,
    0x5f, 0xff, 0xcb, 0xdf, 0xff, 0x40, 0x4f, 0xf4,
    0x00, 0x07, 0xff, 0xb0, 0x01, 0x20, 0x00, 0x00,
    0xaf, 0xf0, 0x00, 0x00, 0x00, 0x00, 0x6f, 0xf2,
    0x00, 0x00, 0x00, 0x00, 0x6f, 0xf2, 0x02, 0x00,
    0x00, 0x00, 0xaf, 0xf0, 0x4e, 0xb1, 0x00, 0x04,
    0xff, 0xc0, 0x9f, 0xff, 0xa9, 0xbf, 0xff, 0x40,
    0x0a, 0xff, 0xff, 0xff, 0xf7, 0x00, 0x00, 0x4a,
    0xef, 0xea, 0x30, 0x00,

    /* U+0036 "6" */
    0x00, 0x00, 0x29, 0xef, 0xeb, 0x60, 0x00, 0x00,
    0x5f, 0xff, 0xff, 0xff, 0xd1, 0x00, 0x4f, 0xff,
    0xb7, 0x8c, 0xfb, 0x00, 0x0d, 0xff, 0x40, 0x00,
    0x04, 0x10, 0x06, 0xff, 0x70, 0x00, 0x00, 0x00,
    0x00, 0xbf, 0xf0, 0x00, 0x00, 0x00, 0x00, 0x0f,
    0xfb, 0x01, 0x57, 0x63, 0x00, 0x01, 0xff, 0x77,
    0xff, 0xff, 0xfb, 0x10, 0x2f, 0xfd, 0xff, 0xff,
    0xff, 0xfc, 0x03, 0xff, 0xfe, 0x51, 0x15, 0xef,
    0xf5, 0x3f, 0xff, 0x30, 0x00, 0x04, 0xff, 0xa2,
    0xff, 0xd0, 0x00, 0x00, 0x0d, 0xfd, 0x0f, 0xfc,
    0x00, 0x00, 0x00, 0xcf, 0xd0, 0xcf, 0xe0, 0x00,
    0x00, 0x0e, 0xfb, 0x06, 0xff, 0x80, 0x00, 0x08,
    0xff, 0x60, 0x0d, 0xff, 0xc8, 0x8c, 0xff, 0xe0,
    0x00, 0x2e, 0xff, 0xff, 0xff, 0xe3, 0x00, 0x00,
    0x17, 0xce, 0xfd, 0x81, 0x00,

    /* U+0037 "7" */
    0x5f, 0xff, 0xff, 0xff, 0xff, 0xf9, 0x5f, 0xff,
    0xff, 0xff, 0xff, 0xf9, 0x28, 0x88, 0x88, 0x88,
    0xaf, 0xf7, 0x00, 0x00, 0x00, 0x00, 0xaf, 0xf1,
    0x00, 0x00, 0x00, 0x01, 0xff, 0x90, 0x00, 0x00,
    0x00, 0x08, 0xff, 0x20, 0x00, 0x00, 0x00, 0x1f,
    0xfa, 0x00, 0x00, 0x00, 0x00, 0x7f, 0xf3, 0x00,
    0x00, 0x00, 0x00, 0xef, 0xc0, 0x00, 0x00, 0x00,
    0x06, 0xff, 0x50, 0x00, 0x00, 0x00, 0x0d, 0xfe,
    0x00, 0x00, 0x00, 0x00, 0x5f, 0xf7, 0x00, 0x00,
    0x00, 0x00, 0xcf, 0xf0, 0x00, 0x00, 0x00, 0x04,
    0xff, 0x80, 0x00, 0x00, 0x00, 0x0b, 0xff, 0x10,
    0x00, 0x00, 0x00, 0x2f, 0xfa, 0x00, 0x00, 0x00,
    0x00, 0xaf, 0xf3, 0x00, 0x00, 0x00, 0x01, 0xff,
    0xc0, 0x00, 0x00, 0x00,

    /* U+0038 "8" */
    0x00, 0x19, 0xdf, 0xeb, 0x40, 0x00, 0x02, 0xef,
    0xff, 0xff, 0xf6, 0x00, 0x0c, 0xff, 0xc9, 0xbf,
    0xff, 0x10, 0x2f, 0xf9, 0x00, 0x04, 0xff, 0x60,
    0x4f, 0xf2, 0x00, 0x00, 0xdf, 0x80, 0x2f, 0xf4,
    0x00, 0x00, 0xff, 0x70, 0x0d, 0xfe, 0x40, 0x2b,
    0xff, 0x20, 0x03, 0xff, 0xff, 0xff, 0xf7, 0x00,
    0x00, 0x7f, 0xff, 0xff, 0xd0, 0x00, 0x07, 0xff,
    0xb8, 0x9f, 0xfc, 0x00, 0x3f, 0xf6, 0x00, 0x02,
    0xff, 0x80, 0xaf, 0xe0, 0x00, 0x00, 0x9f, 0xe0,
    0xcf, 0xb0, 0x00, 0x00, 0x7f, 0xf1, 0xcf, 0xe0,
    0x00, 0x00, 0x9f, 0xf0, 0x9f, 0xf7, 0x00, 0x03,
    0xff, 0xd0, 0x2f, 0xff, 0xc9, 0xbf, 0xff, 0x60,
    0x06, 0xff, 0xff, 0xff, 0xfa, 0x00, 0x00, 0x3a,
    0xef, 0xeb, 0x50, 0x00,

    /* U+0039 "9" */
    0x00, 0x04, 0xbe, 0xfe, 0xb5, 0x00, 0x00, 0x09,
    0xff, 0xff, 0xff, 0xfb, 0x00, 0x06, 0xff, 0xfa,
    0x79, 0xef, 0xf8, 0x00, 0xdf, 0xf2, 0x00, 0x00,
    0xcf, 0xf1, 0x1f, 0xf8, 0x00, 0x00, 0x04, 0xff,
    0x63, 0xff, 0x60, 0x00, 0x00, 0x2f, 0xfa, 0x2f,
    0xf9, 0x00, 0x00, 0x04, 0xff, 0xc0, 0xef, 0xf3,
    0x00, 0x01, 0xdf, 0xfd, 0x08, 0xff, 0xfb, 0x8a,
    0xff, 0xff, 0xd0, 0x0c, 0xff, 0xff, 0xff, 0xad,
    0xfc, 0x00, 0x07, 0xdf, 0xec, 0x50, 0xef, 0xb0,
    0x00, 0x00, 0x00, 0x00, 0x2f, 0xf9, 0x00, 0x00,
    0x00, 0x00, 0x07, 0xff, 0x40, 0x00, 0x00, 0x00,
    0x00, 0xef, 0xf0, 0x00, 0x52, 0x00, 0x00, 0xaf,
    0xf8, 0x00, 0x2f, 0xfb, 0x78, 0xef, 0xfd, 0x00,
    0x05, 0xff, 0xff, 0xff, 0xfd, 0x10, 0x00, 0x01,
    0x8d, 0xff, 0xc7, 0x00, 0x00,

    /* U+003A ":" */
    0x0b, 0xf8, 0x08, 0xff, 0xf3, 0x8f, 0xff, 0x41,
    0xdf, 0xa0, 0x00, 0x10, 0x00, 0x00, 0x00, 0x00,
    0x00, 0x00, 0x00, 0x00, 0x00, 0x10, 0x01, 0xdf,
    0xa0, 0x8f, 0xff, 0x48, 0xff, 0xf3, 0x0b, 0xf8,
    0x00,

    /* U+003B ";" */
    0x1c, 0xf7, 0x09, 0xff, 0xf2, 0x9f, 0xff, 0x32,
    0xef, 0x90, 0x00, 0x10, 0x00, 0x00, 0x00, 0x00,
    0x00, 0x00, 0x00, 0x00, 0x03, 0x50, 0x08, 0xff,
    0xc0, 0x1d, 0xff, 0x40, 0x5f, 0xf5, 0x03, 0xff,
    0x30, 0x5f, 0xd0, 0x0b, 0xf4, 0x05, 0xf7, 0x00,
    0x66, 0x00, 0x00,

    /* U+003C "<" */
    0x00, 0x00, 0x00, 0x00, 0x01, 0x00, 0x00, 0x00,
    0x00, 0x1b, 0xc0, 0x00, 0x00, 0x00, 0x6f, 0xff,
    0x30, 0x00, 0x02, 0xcf, 0xfe, 0x40, 0x00, 0x07,
    0xff, 0xf9, 0x00, 0x00, 0x3d, 0xff, 0xd3, 0x00,
    0x00, 0x7f, 0xff, 0x80, 0x00, 0x00, 0x0b, 0xff,
    0xa0, 0x00, 0x00, 0x00, 0x3d, 0xff, 0xd3, 0x00,
    0x00, 0x00, 0x07, 0xff, 0xf8, 0x00, 0x00, 0x00,
    0x02, 0xcf, 0xfd, 0x40, 0x00, 0x00, 0x00, 0x6f,
    0xff, 0x91, 0x00, 0x00, 0x00, 0x1b, 0xff, 0x20,
    0x00, 0x00, 0x00, 0x05, 0x80,

    /* U+003D "=" */
    0xef, 0xff, 0xff, 0xff, 0xff, 0xbe, 0xff, 0xff,
    0xff, 0xff, 0xfb, 0x11, 0x11, 0x11, 0x11, 0x11,
    0x10, 0x00, 0x00, 0x00, 0x00, 0x00, 0x11, 0x11,
    0x11, 0x11, 0x11, 0x1e, 0xff, 0xff, 0xff, 0xff,
    0xfb, 0xef, 0xff, 0xff, 0xff, 0xff, 0xb0,

    /* U+003E ">" */
    0x00, 0x00, 0x00, 0x00, 0x00, 0x01, 0xd4, 0x00,
    0x00, 0x00, 0x00, 0x7f, 0xfa, 0x10, 0x00, 0x00,
    0x00, 0x6f, 0xfe, 0x60, 0x00, 0x00, 0x00, 0x1b,
    0xff, 0xb2, 0x00, 0x00, 0x00, 0x05, 0xef, 0xf7,
    0x00, 0x00, 0x00, 0x01, 0xaf, 0xfd, 0x20, 0x00,
    0x00, 0x00, 0xcf, 0xf7, 0x00, 0x00, 0x02, 0xcf,
    0xfa, 0x10, 0x00, 0x08, 0xff, 0xe5, 0x00, 0x00,
    0x3d, 0xff, 0x90, 0x00, 0x00, 0x9f, 0xfd, 0x30,
    0x00, 0x00, 0x7f, 0xf7, 0x00, 0x00, 0x00, 0x00,
    0xa2, 0x00, 0x00, 0x00, 0x00,

    /* U+003F "?" */
    0x00, 0x00, 0x25, 0x76, 0x30, 0x00, 0x00, 0x02,
    0xbf, 0xff, 0xff, 0xc1, 0x00, 0x03, 0xff, 0xff,
    0xff, 0xff, 0xe1, 0x00, 0xef, 0xf8, 0x21, 0x3b,
    0xff, 0xa0, 0x03, 0xd2, 0x00, 0x00, 0x0c, 0xff,
    0x00, 0x00, 0x00, 0x00, 0x00, 0x6f, 0xf3, 0x00,
    0x00, 0x00, 0x00, 0x05, 0xff, 0x30, 0x00, 0x00,
    0x00, 0x00, 0x9f, 0xf1, 0x00, 0x00, 0x00, 0x00,
    0x4f, 0xfc, 0x00, 0x00, 0x00, 0x00, 0x6f, 0xff,
    0x30, 0x00, 0x00, 0x01, 0xaf, 0xff, 0x50, 0x00,
    0x00, 0x03, 0xff, 0xfe, 0x40, 0x00, 0x00, 0x00,
    0x0d, 0xfb, 0x10, 0x00, 0x00, 0x00, 0x00, 0x45,
    0x00, 0x00, 0x00, 0x00, 0x00, 0x00, 0x00, 0x00,
    0x00, 0x00, 0x00, 0x00, 0xaf, 0xa0, 0x00, 0x00,
    0x00, 0x00, 0x5f, 0xff, 0x50, 0x00, 0x00, 0x00,
    0x05, 0xff, 0xf5, 0x00, 0x00, 0x00, 0x00, 0x0a,
    0xfa, 0x00, 0x00, 0x00,

    /* U+0040 "@" */
    0x00, 0x00, 0x00, 0x00, 0x35, 0x43, 0x00, 0x00,
    0x00, 0x00, 0x00, 0x00, 0x3b, 0xff, 0xff, 0xfe,
    0x91, 0x00, 0x00, 0x00, 0x00, 0x9f, 0xff, 0xff,
    0xff, 0xff, 0xf5, 0x00, 0x00, 0x00, 0xbf, 0xfd,
    0x62, 0x01, 0x38, 0xef, 0xf5, 0x00, 0x00, 0x9f,
    0xf8, 0x00, 0x00, 0x00, 0x01, 0xcf, 0xf3, 0x00,
    0x4f, 0xf7, 0x00, 0x00, 0x00, 0x00, 0x01, 0xef,
    0xc0, 0x0c, 0xfc, 0x00, 0x08, 0xdf, 0xb1, 0xaf,
    0x04, 0xff, 0x32, 0xff, 0x40, 0x0c, 0xff, 0xff,
    0xdf, 0xd0, 0x0e, 0xf8, 0x6f, 0xe0, 0x08, 0xff,
    0x40, 0x7f, 0xfa, 0x00, 0xaf, 0xa9, 0xfb, 0x00,
    0xff, 0x70, 0x01, 0xff, 0x60, 0x08, 0xfb, 0xaf,
    0x90, 0x5f, 0xf1, 0x00, 0x1f, 0xf3, 0x00, 0x9f,
    0xaa, 0xf9, 0x07, 0xfe, 0x00, 0x05, 0xff, 0x10,
    0x0b, 0xf8, 0x9f, 0xb0, 0x7f, 0xe0, 0x00, 0xdf,
    0xf0, 0x01, 0xff, 0x37, 0xfe, 0x04, 0xff, 0x50,
    0x7f, 0xff, 0x41, 0xbf, 0xb0, 0x2f, 0xf5, 0x0b,
    0xff, 0xff, 0x9b, 0xff, 0xff, 0xd1, 0x00, 0xcf,
    0xd1, 0x08, 0xdc, 0x60, 0x08, 0xcc, 0x70, 0x00,
    0x04, 0xff, 0xb0, 0x00, 0x00, 0x00, 0x00, 0x00,
    0x00, 0x00, 0x08, 0xff, 0xd3, 0x00, 0x00, 0x00,
    0x19, 0xb0, 0x00, 0x00, 0x09, 0xff, 0xfd, 0x97,
    0x78, 0xbf, 0xff, 0x50, 0x00, 0x00, 0x05, 0xef,
    0xff, 0xff, 0xff, 0xff, 0x70, 0x00, 0x00, 0x00,
    0x00, 0x5a, 0xdf, 0xfe, 0xb6, 0x00, 0x00, 0x00,

    /* U+0041 "A" */
    0x00, 0x00, 0x00, 0x9f, 0xff, 0x20, 0x00, 0x00,
    0x00, 0x00, 0x00, 0x0e, 0xff, 0xf7, 0x00, 0x00,
    0x00, 0x00, 0x00, 0x04, 0xff, 0xff, 0xc0, 0x00,
    0x00, 0x00, 0x00, 0x00, 0x9f, 0xe6, 0xff, 0x20,
    0x00, 0x00, 0x00, 0x00, 0x0e, 0xf9, 0x1f, 0xf7,
    0x00, 0x00, 0x00, 0x00, 0x04, 0xff, 0x40, 0xbf,
    0xd0, 0x00, 0x00, 0x00, 0x00, 0x9f, 0xe0, 0x06,
    0xff, 0x20, 0x00, 0x00, 0x00, 0x0e, 0xf9, 0x00,
    0x1f, 0xf8, 0x00, 0x00, 0x00, 0x04, 0xff, 0x40,
    0x00, 0xbf, 0xd0, 0x00, 0x00, 0x00, 0xaf, 0xe0,
    0x00, 0x06, 0xff, 0x20, 0x00, 0x00, 0x0f, 0xf9,
    0x00, 0x00, 0x1f, 0xf8, 0x00, 0x00, 0x04, 0xff,
    0xb7, 0x77, 0x77, 0xff, 0xd0, 0x00, 0x00, 0xaf,
    0xff, 0xff, 0xff, 0xff, 0xff, 0x30, 0x00, 0x0f,
    0xff, 0xff, 0xff, 0xff, 0xff, 0xf8, 0x00, 0x05,
    0xff, 0x30, 0x00, 0x00, 0x00, 0xaf, 0xd0, 0x00,
    0xaf, 0xe0, 0x00, 0x00, 0x00, 0x05, 0xff, 0x30,
    0x0f, 0xf8, 0x00, 0x00, 0x00, 0x00, 0x0f, 0xf8,
    0x05, 0xff, 0x30, 0x00, 0x00, 0x00, 0x00, 0xaf,
    0xd0,

    /* U+0042 "B" */
    0xef, 0xff, 0xff, 0xfc, 0x80, 0x00, 0xef, 0xff,
    0xff, 0xff, 0xfe, 0x10, 0xef, 0xf8, 0x88, 0x9e,
    0xff, 0xa0, 0xef, 0xa0, 0x00, 0x01, 0xef, 0xf0,
    0xef, 0xa0, 0x00, 0x00, 0x8f, 0xf1, 0xef, 0xa0,
    0x00, 0x00, 0x7f, 0xf0, 0xef, 0xa0, 0x00, 0x00,
    0xcf, 0xd0, 0xef, 0xf6, 0x66, 0x7d, 0xff, 0x50,
    0xef, 0xff, 0xff, 0xff, 0xf8, 0x00, 0xef, 0xff,
    0xff, 0xff, 0xff, 0x50, 0xef, 0xa0, 0x00, 0x03,
    0xcf, 0xf2, 0xef, 0xa0, 0x00, 0x00, 0x1f, 0xf8,
    0xef, 0xa0, 0x00, 0x00, 0x0d, 0xfb, 0xef, 0xa0,
    0x00, 0x00, 0x0e, 0xfb, 0xef, 0xa0, 0x00, 0x00,
    0x7f, 0xf9, 0xef, 0xf8, 0x88, 0x8b, 0xff, 0xf3,
    0xef, 0xff, 0xff, 0xff, 0xff, 0x70, 0xef, 0xff,
    0xff, 0xfe, 0xa4, 0x00,

    /* U+0043 "C" */
    0x00, 0x00, 0x01, 0x7c, 0xef, 0xec, 0x82, 0x00,
    0x00, 0x00, 0x00, 0x8f, 0xff, 0xff, 0xff, 0xff,
    0x60, 0x00, 0x00, 0x0b, 0xff, 0xfd, 0x98, 0x9d,
    0xff, 0xf9, 0x00, 0x00, 0x8f, 0xfe, 0x40, 0x00,
    0x00, 0x3d, 0xff, 0x60, 0x02, 0xff, 0xd1, 0x00,
    0x00, 0x00, 0x01, 0xdf, 0xa0, 0x09, 0xff, 0x30,
    0x00, 0x00, 0x00, 0x00, 0x10, 0x00, 0x0e, 0xfc,
    0x00, 0x00, 0x00, 0x00, 0x00, 0x00, 0x00, 0x1f,
    0xf7, 0x00, 0x00, 0x00, 0x00, 0x00, 0x00, 0x00,
    0x3f, 0xf5, 0x00, 0x00, 0x00, 0x00, 0x00, 0x00,
    0x00, 0x3f, 0xf5, 0x00, 0x00, 0x00, 0x00, 0x00,
    0x00, 0x00, 0x2f, 0xf7, 0x00, 0x00, 0x00, 0x00,
    0x00, 0x00, 0x00, 0x0f, 0xfc, 0x00, 0x00, 0x00,
    0x00, 0x00, 0x00, 0x00, 0x0a, 0xff, 0x30, 0x00,
    0x00, 0x00, 0x00, 0x10, 0x00, 0x03, 0xff, 0xe1,
    0x00, 0x00, 0x00, 0x01, 0xdf, 0xa0, 0x00, 0x8f,
    0xfe, 0x40, 0x00, 0x00, 0x4d, 0xff, 0x60, 0x00,
    0x0b, 0xff, 0xfd, 0x98, 0xad, 0xff, 0xf9, 0x00,
    0x00, 0x00, 0x8f, 0xff, 0xff, 0xff, 0xff, 0x60,
    0x00, 0x00, 0x00, 0x02, 0x8d, 0xff, 0xec, 0x82,
    0x00, 0x00,

    /* U+0044 "D" */
    0xef, 0xff, 0xff, 0xfd, 0x93, 0x00, 0x00, 0x0e,
    0xff, 0xff, 0xff, 0xff, 0xf9, 0x00, 0x00, 0xef,
    0xf7, 0x77, 0x9c, 0xff, 0xfc, 0x00, 0x0e, 0xfa,
    0x00, 0x00, 0x02, 0xdf, 0xf9, 0x00, 0xef, 0xa0,
    0x00, 0x00, 0x00, 0xdf, 0xf4, 0x0e, 0xfa, 0x00,
    0x00, 0x00, 0x02, 0xff, 0xa0, 0xef, 0xa0, 0x00,
    0x00, 0x00, 0x0c, 0xff, 0x0e, 0xfa, 0x00, 0x00,
    0x00, 0x00, 0x8f, 0xf1, 0xef, 0xa0, 0x00, 0x00,
    0x00, 0x06, 0xff, 0x3e, 0xfa, 0x00, 0x00, 0x00,
    0x00, 0x6f, 0xf3, 0xef, 0xa0, 0x00, 0x00, 0x00,
    0x08, 0xff, 0x2e, 0xfa, 0x00, 0x00, 0x00, 0x00,
    0xbf, 0xf0, 0xef, 0xa0, 0x00, 0x00, 0x00, 0x2f,
    0xfb, 0x0e, 0xfa, 0x00, 0x00, 0x00, 0x0c, 0xff,
    0x40, 0xef, 0xa0, 0x00, 0x00, 0x2c, 0xff, 0xa0,
    0x0e, 0xff, 0x77, 0x78, 0xcf, 0xff, 0xd0, 0x00,
    0xef, 0xff, 0xff, 0xff, 0xff, 0xa0, 0x00, 0x0e,
    0xff, 0xff, 0xff, 0xd9, 0x30, 0x00, 0x00,

    /* U+0045 "E" */
    0xef, 0xff, 0xff, 0xff, 0xff, 0x7e, 0xff, 0xff,
    0xff, 0xff, 0xf7, 0xef, 0xf7, 0x77, 0x77, 0x77,
    0x3e, 0xfa, 0x00, 0x00, 0x00, 0x00, 0xef, 0xa0,
    0x00, 0x00, 0x00, 0x0e, 0xfa, 0x00, 0x00, 0x00,
    0x00, 0xef, 0xa0, 0x00, 0x00, 0x00, 0x0e, 0xfa,
    0x00, 0x00, 0x00, 0x00, 0xef, 0xff, 0xff, 0xff,
    0xf0, 0x0e, 0xff, 0xff, 0xff, 0xff, 0x00, 0xef,
    0xf7, 0x77, 0x77, 0x70, 0x0e, 0xfa, 0x00, 0x00,
    0x00, 0x00, 0xef, 0xa0, 0x00, 0x00, 0x00, 0x0e,
    0xfa, 0x00, 0x00, 0x00, 0x00, 0xef, 0xa0, 0x00,
    0x00, 0x00, 0x0e, 0xff, 0x77, 0x77, 0x77, 0x73,
    0xef, 0xff, 0xff, 0xff, 0xff, 0x7e, 0xff, 0xff,
    0xff, 0xff, 0xf7,

    /* U+0046 "F" */
    0xef, 0xff, 0xff, 0xff, 0xff, 0x3e, 0xff, 0xff,
    0xff, 0xff, 0xf3, 0xef, 0xf7, 0x77, 0x77, 0x77,
    0x1e, 0xfa, 0x00, 0x00, 0x00, 0x00, 0xef, 0xa0,
    0x00, 0x00, 0x00, 0x0e, 0xfa, 0x00, 0x00, 0x00,
    0x00, 0xef, 0xa0, 0x00, 0x00, 0x00, 0x0e, 0xfa,
    0x00, 0x00, 0x00, 0x00, 0xef, 0xff, 0xff, 0xff,
    0xc0, 0x0e, 0xff, 0xff, 0xff, 0xfc, 0x00, 0xef,
    0xf7, 0x77, 0x77, 0x50, 0x0e, 0xfa, 0x00, 0x00,
    0x00, 0x00, 0xef, 0xa0, 0x00, 0x00, 0x00, 0x0e,
    0xfa, 0x00, 0x00, 0x00, 0x00, 0xef, 0xa0, 0x00,
    0x00, 0x00, 0x0e, 0xfa, 0x00, 0x00, 0x00, 0x00,
    0xef, 0xa0, 0x00, 0x00, 0x00, 0x0e, 0xfa, 0x00,
    0x00, 0x00, 0x00,

    /* U+0047 "G" */
    0x00, 0x00, 0x01, 0x7c, 0xef, 0xec, 0x82, 0x00,
    0x00, 0x00, 0x00, 0x8f, 0xff, 0xff, 0xff, 0xff,
    0x70, 0x00, 0x00, 0x0b, 0xff, 0xfd, 0x98, 0x9d,
    0xff, 0xf9, 0x00, 0x00, 0x8f, 0xfe, 0x40, 0x00,
    0x00, 0x3d, 0xff, 0x60, 0x02, 0xff, 0xd1, 0x00,
    0x00, 0x00, 0x01, 0xde, 0x90, 0x09, 0xff, 0x30,
    0x00, 0x00, 0x00, 0x00, 0x00, 0x00, 0x0e, 0xfc,
    0x00, 0x00, 0x00, 0x00, 0x00, 0x00, 0x00, 0x1f,
    0xf7, 0x00, 0x00, 0x00, 0x00, 0x00, 0x00, 0x00,
    0x3f, 0xf5, 0x00, 0x00, 0x05, 0x77, 0x77, 0x77,
    0x74, 0x3f, 0xf5, 0x00, 0x00, 0x0c, 0xff, 0xff,
    0xff, 0xfa, 0x2f, 0xf7, 0x00, 0x00, 0x0c, 0xff,
    0xff, 0xff, 0xfa, 0x0f, 0xfc, 0x00, 0x00, 0x00,
    0x00, 0x00, 0x1f, 0xf8, 0x0a, 0xff, 0x30, 0x00,
    0x00, 0x00, 0x00, 0x7f, 0xf3, 0x03, 0xff, 0xe1,
    0x00, 0x00, 0x00, 0x03, 0xff, 0xc0, 0x00, 0x8f,
    0xfe, 0x40, 0x00, 0x00, 0x6f, 0xff, 0x30, 0x00,
    0x0b, 0xff, 0xfd, 0x98, 0xae, 0xff, 0xf5, 0x00,
    0x00, 0x00, 0x8f, 0xff, 0xff, 0xff, 0xfe, 0x40,
    0x00, 0x00, 0x00, 0x02, 0x8d, 0xff, 0xeb, 0x60,
    0x00, 0x00,

    /* U+0048 "H" */
    0xef, 0xa0, 0x00, 0x00, 0x00, 0x2f, 0xf5, 0xef,
    0xa0, 0x00, 0x00, 0x00, 0x2f, 0xf5, 0xef, 0xa0,
    0x00, 0x00, 0x00, 0x2f, 0xf5, 0xef, 0xa0, 0x00,
    0x00, 0x00, 0x2f, 0xf5, 0xef, 0xa0, 0x00, 0x00,
    0x00, 0x2f, 0xf5, 0xef, 0xa0, 0x00, 0x00, 0x00,
    0x2f, 0xf5, 0xef, 0xa0, 0x00, 0x00, 0x00, 0x2f,
    0xf5, 0xef, 0xa0, 0x00, 0x00, 0x00, 0x2f, 0xf5,
    0xef, 0xff, 0xff, 0xff, 0xff, 0xff, 0xf5, 0xef,
    0xff, 0xff, 0xff, 0xff, 0xff, 0xf5, 0xef, 0xf7,
    0x77, 0x77, 0x77, 0xaf, 0xf5, 0xef, 0xa0, 0x00,
    0x00, 0x00, 0x2f, 0xf5, 0xef, 0xa0, 0x00, 0x00,
    0x00, 0x2f, 0xf5, 0xef, 0xa0, 0x00, 0x00, 0x00,
    0x2f, 0xf5, 0xef, 0xa0, 0x00, 0x00, 0x00, 0x2f,
    0xf5, 0xef, 0xa0, 0x00, 0x00, 0x00, 0x2f, 0xf5,
    0xef, 0xa0, 0x00, 0x00, 0x00, 0x2f, 0xf5, 0xef,
    0xa0, 0x00, 0x00, 0x00, 0x2f, 0xf5,

    /* U+0049 "I" */
    0xef, 0xae, 0xfa, 0xef, 0xae, 0xfa, 0xef, 0xae,
    0xfa, 0xef, 0xae, 0xfa, 0xef, 0xae, 0xfa, 0xef,
    0xae, 0xfa, 0xef, 0xae, 0xfa, 0xef, 0xae, 0xfa,
    0xef, 0xae, 0xfa,

    /* U+004A "J" */
    0x00, 0x00, 0x00, 0x04, 0xff, 0x40, 0x00, 0x00,
    0x00, 0x4f, 0xf4, 0x00, 0x00, 0x00, 0x04, 0xff,
    0x40, 0x00, 0x00, 0x00, 0x4f, 0xf4, 0x00, 0x00,
    0x00, 0x04, 0xff, 0x40, 0x00, 0x00, 0x00, 0x4f,
    0xf4, 0x00, 0x00, 0x00, 0x04, 0xff, 0x40, 0x00,
    0x00, 0x00, 0x4f, 0xf4, 0x00, 0x00, 0x00, 0x04,
    0xff, 0x40, 0x00, 0x00, 0x00, 0x4f, 0xf4, 0x00,
    0x00, 0x00, 0x04, 0xff, 0x43, 0x43, 0x00, 0x00,
    0x4f, 0xf4, 0xdf, 0xb0, 0x00, 0x04, 0xff, 0x3c,
    0xfd, 0x00, 0x00, 0x6f, 0xf2, 0x9f, 0xf3, 0x00,
    0x0c, 0xff, 0x03, 0xff, 0xf9, 0x8c, 0xff, 0x90,
    0x08, 0xff, 0xff, 0xff, 0xc0, 0x00, 0x05, 0xbe,
    0xfd, 0x70, 0x00,

    /* U+004B "K" */
    0xef, 0xa0, 0x00, 0x00, 0x09, 0xff, 0x80, 0xef,
    0xa0, 0x00, 0x00, 0x8f, 0xf9, 0x00, 0xef, 0xa0,
    0x00, 0x06, 0xff, 0xa0, 0x00, 0xef, 0xa0, 0x00,
    0x5f, 0xfb, 0x00, 0x00, 0xef, 0xa0, 0x04, 0xff,
    0xc0, 0x00, 0x00, 0xef, 0xa0, 0x3f, 0xfd, 0x10,
    0x00, 0x00, 0xef, 0xa2, 0xef, 0xe1, 0x00, 0x00,
    0x00, 0xef, 0xce, 0xfe, 0x20, 0x00, 0x00, 0x00,
    0xef, 0xff, 0xf3, 0x00, 0x00, 0x00, 0x00, 0xef,
    0xff, 0xf5, 0x00, 0x00, 0x00, 0x00, 0xef, 0xce,
    0xff, 0x40, 0x00, 0x00, 0x00, 0xef, 0xa3, 0xff,
    0xf3, 0x00, 0x00, 0x00, 0xef, 0xa0, 0x4f, 0xfe,
    0x20, 0x00, 0x00, 0xef, 0xa0, 0x05, 0xff, 0xe2,
    0x00, 0x00, 0xef, 0xa0, 0x00, 0x6f, 0xfd, 0x10,
    0x00, 0xef, 0xa0, 0x00, 0x08, 0xff, 0xc0, 0x00,
    0xef, 0xa0, 0x00, 0x00, 0x9f, 0xfb, 0x00, 0xef,
    0xa0, 0x00, 0x00, 0x0a, 0xff, 0xa0,

    /* U+004C "L" */
    0xef, 0xa0, 0x00, 0x00, 0x00, 0xef, 0xa0, 0x00,
    0x00, 0x00, 0xef, 0xa0, 0x00, 0x00, 0x00, 0xef,
    0xa0, 0x00, 0x00, 0x00, 0xef, 0xa0, 0x00, 0x00,
    0x00, 0xef, 0xa0, 0x00, 0x00, 0x00, 0xef, 0xa0,
    0x00, 0x00, 0x00, 0xef, 0xa0, 0x00, 0x00, 0x00,
    0xef, 0xa0, 0x00, 0x00, 0x00, 0xef, 0xa0, 0x00,
    0x00, 0x00, 0xef, 0xa0, 0x00, 0x00, 0x00, 0xef,
    0xa0, 0x00, 0x00, 0x00, 0xef, 0xa0, 0x00, 0x00,
    0x00, 0xef, 0xa0, 0x00, 0x00, 0x00, 0xef, 0xa0,
    0x00, 0x00, 0x00, 0xef, 0xd7, 0x77, 0x77, 0x77,
    0xef, 0xff, 0xff, 0xff, 0xff, 0xef, 0xff, 0xff,
    0xff, 0xff,

    /* U+004D "M" */
    0x00, 0x00, 0xff, 0x60, 0x00, 0x00, 0x00, 0x08,
    0xff, 0x00, 0x00, 0x00, 0x03, 0xff, 0xc0, 0x00,
    0x00, 0x00, 0x0d, 0xff, 0x20, 0x00, 0x00, 0x06,
    0xff, 0xf2, 0x00, 0x00, 0x00, 0x3f, 0xff, 0x50,
    0x00, 0x00, 0x09, 0xff, 0xf7, 0x00, 0x00, 0x00,
    0x8f, 0xff, 0x80, 0x00, 0x00, 0x0c, 0xff, 0xfd,
    0x00, 0x00, 0x00, 0xef, 0xff, 0xa0, 0x00, 0x00,
    0x0e, 0xf9, 0xff, 0x20, 0x00, 0x04, 0xff, 0x9f,
    0xd0, 0x00, 0x00, 0x1f, 0xf4, 0xef, 0x80, 0x00,
    0x09, 0xfd, 0x6f, 0xf0, 0x00, 0x00, 0x4f, 0xf2,
    0x9f, 0xd0, 0x00, 0x0e, 0xf8, 0x3f, 0xf3, 0x00,
    0x00, 0x7f, 0xf0, 0x4f, 0xf3, 0x00, 0x4f, 0xf3,
    0x1f, 0xf6, 0x00, 0x00, 0x9f, 0xe0, 0x0e, 0xf9,
    0x00, 0xaf, 0xd0, 0x0f, 0xf8, 0x00, 0x00, 0xcf,
    0xb0, 0x09, 0xfe, 0x00, 0xff, 0x80, 0x0c, 0xfb,
    0x00, 0x00, 0xff, 0x90, 0x04, 0xff, 0x45, 0xff,
    0x20, 0x0a, 0xfe, 0x00, 0x02, 0xff, 0x60, 0x00,
    0xef, 0xab, 0xfd, 0x00, 0x07, 0xff, 0x10, 0x05,
    0xff, 0x40, 0x00, 0x9f, 0xff, 0xf7, 0x00, 0x05,
    0xff, 0x30, 0x07, 0xff, 0x10, 0x00, 0x3f, 0xff,
    0xf2, 0x00, 0x02, 0xff, 0x60, 0x0a, 0xfe, 0x00,
    0x00, 0x0d, 0xff, 0xc0, 0x00, 0x00, 0xff, 0x90,
    0x0d, 0xfc, 0x00, 0x00, 0x08, 0xff, 0x70, 0x00,
    0x00, 0xdf, 0xc0, 0x0f, 0xf9, 0x00, 0x00, 0x02,
    0xff, 0x10, 0x00, 0x00, 0xaf, 0xf0,

    /* U+004E "N" */
    0xef, 0x90, 0x00, 0x00, 0x00, 0x02, 0xff, 0x5e,
    0xff, 0x50, 0x00, 0x00, 0x00, 0x2f, 0xf5, 0xef,
    0xff, 0x20, 0x00, 0x00, 0x02, 0xff, 0x5e, 0xff,
    0xfc, 0x00, 0x00, 0x00, 0x2f, 0xf5, 0xef, 0xff,
    0xf9, 0x00, 0x00, 0x02, 0xff, 0x5e, 0xfa, 0xdf,
    0xf5, 0x00, 0x00, 0x2f, 0xf5, 0xef, 0xa2, 0xff,
    0xe1, 0x00, 0x02, 0xff, 0x5e, 0xfa, 0x06, 0xff,
    0xc0, 0x00, 0x2f, 0xf5, 0xef, 0xa0, 0x0b, 0xff,
    0x80, 0x02, 0xff, 0x5e, 0xfa, 0x00, 0x1e, 0xff,
    0x40, 0x2f, 0xf5, 0xef, 0xa0, 0x00, 0x3f, 0xfe,
    0x12, 0xff, 0x5e, 0xfa, 0x00, 0x00, 0x8f, 0xfb,
    0x2f, 0xf5, 0xef, 0xa0, 0x00, 0x00, 0xcf, 0xfa,
    0xff, 0x5e, 0xfa, 0x00, 0x00, 0x01, 0xef, 0xff,
    0xf5, 0xef, 0xa0, 0x00, 0x00, 0x05, 0xff, 0xff,
    0x5e, 0xfa, 0x00, 0x00, 0x00, 0x09, 0xff, 0xf5,
    0xef, 0xa0, 0x00, 0x00, 0x00, 0x0d, 0xff, 0x5e,
    0xfa, 0x00, 0x00, 0x00, 0x00, 0x2f, 0xf5,

    /* U+004F "O" */
    0x00, 0x00, 0x01, 0x7b, 0xef, 0xec, 0x71, 0x00,
    0x00, 0x00, 0x00, 0x07, 0xff, 0xff, 0xff, 0xff,
    0xf8, 0x00, 0x00, 0x00, 0x0a, 0xff, 0xfd, 0xa8,
    0x9c, 0xff, 0xfb, 0x00, 0x00, 0x08, 0xff, 0xe5,
    0x00, 0x00, 0x03, 0xdf, 0xfa, 0x00, 0x02, 0xff,
    0xe1, 0x00, 0x00, 0x00, 0x00, 0xcf, 0xf3, 0x00,
    0x9f, 0xf4, 0x00, 0x00, 0x00, 0x00, 0x02, 0xff,
    0xb0, 0x0e, 0xfc, 0x00, 0x00, 0x00, 0x00, 0x00,
    0x0a, 0xff, 0x01, 0xff, 0x70, 0x00, 0x00, 0x00,
    0x00, 0x00, 0x5f, 0xf3, 0x3f, 0xf5, 0x00, 0x00,
    0x00, 0x00, 0x00, 0x03, 0xff, 0x53, 0xff, 0x50,
    0x00, 0x00, 0x00, 0x00, 0x00, 0x3f, 0xf5, 0x1f,
    0xf7, 0x00, 0x00, 0x00, 0x00, 0x00, 0x05, 0xff,
    0x30, 0xef, 0xc0, 0x00, 0x00, 0x00, 0x00, 0x00,
    0xaf, 0xf0, 0x09, 0xff, 0x40, 0x00, 0x00, 0x00,
    0x00, 0x2f, 0xfb, 0x00, 0x2f, 0xfe, 0x20, 0x00,
    0x00, 0x00, 0x0d, 0xff, 0x30, 0x00, 0x7f, 0xfe,
    0x50, 0x00, 0x00, 0x3d, 0xff, 0x90, 0x00, 0x00,
    0x9f, 0xff, 0xea, 0x8a, 0xdf, 0xff, 0xb0, 0x00,
    0x00, 0x00, 0x6f, 0xff, 0xff, 0xff, 0xff, 0x80,
    0x00, 0x00, 0x00, 0x00, 0x17, 0xbe, 0xfe, 0xc8,
    0x10, 0x00, 0x00,

    /* U+0050 "P" */
    0xef, 0xff, 0xff, 0xfd, 0x70, 0x00, 0xef, 0xff,
    0xff, 0xff, 0xfd, 0x20, 0xef, 0xe7, 0x77, 0x9d,
    0xff, 0xc0, 0xef, 0xa0, 0x00, 0x00, 0xaf, 0xf5,
    0xef, 0xa0, 0x00, 0x00, 0x0f, 0xfb, 0xef, 0xa0,
    0x00, 0x00, 0x0c, 0xfd, 0xef, 0xa0, 0x00, 0x00,
    0x0b, 0xfe, 0xef, 0xa0, 0x00, 0x00, 0x0d, 0xfc,
    0xef, 0xa0, 0x00, 0x00, 0x5f, 0xf8, 0xef, 0xa0,
    0x00, 0x27, 0xff, 0xf2, 0xef, 0xff, 0xff, 0xff,
    0xff, 0x60, 0xef, 0xff, 0xff, 0xff, 0xe5, 0x00,
    0xef, 0xf7, 0x77, 0x64, 0x00, 0x00, 0xef, 0xa0,
    0x00, 0x00, 0x00, 0x00, 0xef, 0xa0, 0x00, 0x00,
    0x00, 0x00, 0xef, 0xa0, 0x00, 0x00, 0x00, 0x00,
    0xef, 0xa0, 0x00, 0x00, 0x00, 0x00, 0xef, 0xa0,
    0x00, 0x00, 0x00, 0x00,

    /* U+0051 "Q" */
    0x00, 0x00, 0x01, 0x7b, 0xef, 0xec, 0x71, 0x00,
    0x00, 0x00, 0x00, 0x07, 0xff, 0xff, 0xff, 0xff,
    0xf8, 0x00, 0x00, 0x00, 0x0a, 0xff, 0xfd, 0xa8,
    0x9c, 0xff, 0xfb, 0x00, 0x00, 0x08, 0xff, 0xe5,
    0x00, 0x00, 0x03, 0xdf, 0xfa, 0x00, 0x02, 0xff,
    0xe1, 0x00, 0x00, 0x00, 0x00, 0xcf, 0xf3, 0x00,
    0x9f, 0xf4, 0x00, 0x00, 0x00, 0x00, 0x02, 0xff,
    0xb0, 0x0e, 0xfc, 0x00, 0x00, 0x00, 0x00, 0x00,
    0x0a, 0xff, 0x01, 0xff, 0x70, 0x00, 0x00, 0x00,
    0x00, 0x00, 0x5f, 0xf3, 0x3f, 0xf5, 0x00, 0x00,
    0x00, 0x00, 0x00, 0x03, 0xff, 0x53, 0xff, 0x50,
    0x00, 0x00, 0x00, 0x00, 0x00, 0x3f, 0xf5, 0x1f,
    0xf7, 0x00, 0x00, 0x00, 0x58, 0x80, 0x05, 0xff,
    0x30, 0xef, 0xc0, 0x00, 0x00, 0x03, 0xff, 0x60,
    0xaf, 0xf0, 0x09, 0xff, 0x40, 0x00, 0x00, 0x0a,
    0xfe, 0x3f, 0xfb, 0x00, 0x2f, 0xfe, 0x20, 0x00,
    0x00, 0x2f, 0xff, 0xff, 0x30, 0x00, 0x7f, 0xfe,
    0x50, 0x00, 0x00, 0xcf, 0xff, 0x90, 0x00, 0x00,
    0x9f, 0xff, 0xea, 0x8a, 0xdf, 0xff, 0xf0, 0x00,
    0x00, 0x00, 0x6f, 0xff, 0xff, 0xff, 0xff, 0xff,
    0x30, 0x00, 0x00, 0x00, 0x17, 0xbe, 0xfe, 0xc8,
    0x2d, 0xfc, 0x00, 0x00, 0x00, 0x00, 0x00, 0x00,
    0x00, 0x00, 0x4f, 0xf5, 0x00,

    /* U+0052 "R" */
    0xef, 0xff, 0xff, 0xfd, 0x92, 0x00, 0x0e, 0xff,
    0xff, 0xff, 0xff, 0xf5, 0x00, 0xef, 0xe7, 0x77,
    0x8c, 0xff, 0xf2, 0x0e, 0xfa, 0x00, 0x00, 0x05,
    0xff, 0xa0, 0xef, 0xa0, 0x00, 0x00, 0x0b, 0xff,
    0x0e, 0xfa, 0x00, 0x00, 0x00, 0x7f, 0xf2, 0xef,
    0xa0, 0x00, 0x00, 0x07, 0xff, 0x2e, 0xfa, 0x00,
    0x00, 0x00, 0xbf, 0xf0, 0xef, 0xa0, 0x00, 0x00,
    0x6f, 0xfa, 0x0e, 0xff, 0x77, 0x78, 0xcf, 0xff,
    0x20, 0xef, 0xff, 0xff, 0xff, 0xff, 0x50, 0x0e,
    0xff, 0xff, 0xff, 0xff, 0x20, 0x00, 0xef, 0xa0,
    0x00, 0x7f, 0xf4, 0x00, 0x0e, 0xfa, 0x00, 0x00,
    0xdf, 0xd0, 0x00, 0xef, 0xa0, 0x00, 0x05, 0xff,
    0x60, 0x0e, 0xfa, 0x00, 0x00, 0x0c, 0xfe, 0x00,
    0xef, 0xa0, 0x00, 0x00, 0x3f, 0xf8, 0x0e, 0xfa,
    0x00, 0x00, 0x00, 0xaf, 0xf2,

    /* U+0053 "S" */
    0x00, 0x01, 0x8d, 0xff, 0xd8, 0x20, 0x00, 0x00,
    0x2e, 0xff, 0xff, 0xff, 0xf4, 0x00, 0x00, 0xcf,
    0xfd, 0x99, 0xdf, 0xff, 0x30, 0x02, 0xff, 0x80,
    0x00, 0x06, 0xfa, 0x10, 0x04, 0xff, 0x20, 0x00,
    0x00, 0x20, 0x00, 0x04, 0xff, 0x40, 0x00, 0x00,
    0x00, 0x00, 0x00, 0xff, 0xd2, 0x00, 0x00, 0x00,
    0x00, 0x00, 0x8f, 0xff, 0xb6, 0x10, 0x00, 0x00,
    0x00, 0x07, 0xff, 0xff, 0xfc, 0x40, 0x00, 0x00,
    0x00, 0x17, 0xcf, 0xff, 0xfa, 0x00, 0x00, 0x00,
    0x00, 0x01, 0x7e, 0xff, 0x70, 0x00, 0x00, 0x00,
    0x00, 0x01, 0xef, 0xd0, 0x00, 0x40, 0x00, 0x00,
    0x00, 0x8f, 0xf0, 0x0b, 0xf9, 0x00, 0x00, 0x00,
    0x8f, 0xf0, 0x0b, 0xff, 0x80, 0x00, 0x01, 0xef,
    0xc0, 0x02, 0xef, 0xfe, 0x98, 0xaf, 0xff, 0x50,
    0x00, 0x3e, 0xff, 0xff, 0xff, 0xf7, 0x00, 0x00,
    0x00, 0x7c, 0xef, 0xea, 0x30, 0x00,

    /* U+0054 "T" */
    0xcf, 0xff, 0xff, 0xff, 0xff, 0xff, 0xfa, 0xcf,
    0xff, 0xff, 0xff, 0xff, 0xff, 0xfa, 0x57, 0x77,
    0x7e, 0xff, 0x87, 0x77, 0x74, 0x00, 0x00, 0x06,
    0xff, 0x10, 0x00, 0x00, 0x00, 0x00, 0x06, 0xff,
    0x10, 0x00, 0x00, 0x00, 0x00, 0x06, 0xff, 0x10,
    0x00, 0x00, 0x00, 0x00, 0x06, 0xff, 0x10, 0x00,
    0x00, 0x00, 0x00, 0x06, 0xff, 0x10, 0x00, 0x00,
    0x00, 0x00, 0x06, 0xff, 0x10, 0x00, 0x00, 0x00,
    0x00, 0x06, 0xff, 0x10, 0x00, 0x00, 0x00, 0x00,
    0x06, 0xff, 0x10, 0x00, 0x00, 0x00, 0x00, 0x06,
    0xff, 0x10, 0x00, 0x00, 0x00, 0x00, 0x06, 0xff,
    0x10, 0x00, 0x00, 0x00, 0x00, 0x06, 0xff, 0x10,
    0x00, 0x00, 0x00, 0x00, 0x06, 0xff, 0x10, 0x00,
    0x00, 0x00, 0x00, 0x06, 0xff, 0x10, 0x00, 0x00,
    0x00, 0x00, 0x06, 0xff, 0x10, 0x00, 0x00, 0x00,
    0x00, 0x06, 0xff, 0x10, 0x00, 0x00,

    /* U+0055 "U" */
    0xff, 0x80, 0x00, 0x00, 0x00, 0x4f, 0xf3, 0xff,
    0x80, 0x00, 0x00, 0x00, 0x4f, 0xf3, 0xff, 0x80,
    0x00, 0x00, 0x00, 0x4f, 0xf3, 0xff, 0x80, 0x00,
    0x00, 0x00, 0x4f, 0xf3, 0xff, 0x80, 0x00, 0x00,
    0x00, 0x4f, 0xf3, 0xff, 0x80, 0x00, 0x00, 0x00,
    0x4f, 0xf3, 0xff, 0x80, 0x00, 0x00, 0x00, 0x4f,
    0xf3, 0xff, 0x80, 0x00, 0x00, 0x00, 0x4f, 0xf3,
    0xff, 0x80, 0x00, 0x00, 0x00, 0x4f, 0xf3, 0xff,
    0x80, 0x00, 0x00, 0x00, 0x4f, 0xf3, 0xff, 0x80,
    0x00, 0x00, 0x00, 0x4f, 0xf3, 0xff, 0x80, 0x00,
    0x00, 0x00, 0x5f, 0xf2, 0xdf, 0xb0, 0x00, 0x00,
    0x00, 0x8f, 0xf0, 0xaf, 0xf2, 0x00, 0x00, 0x00,
    0xef, 0xd0, 0x4f, 0xfc, 0x10, 0x00, 0x0a, 0xff,
    0x70, 0x0b, 0xff, 0xfa, 0x89, 0xef, 0xfd, 0x00,
    0x00, 0xbf, 0xff, 0xff, 0xff, 0xd2, 0x00, 0x00,
    0x05, 0xbe, 0xfe, 0xc6, 0x00, 0x00,

    /* U+0056 "V" */
    0x9f, 0xf0, 0x00, 0x00, 0x00, 0x00, 0x0e, 0xfa,
    0x3f, 0xf4, 0x00, 0x00, 0x00, 0x00, 0x4f, 0xf4,
    0x0e, 0xfa, 0x00, 0x00, 0x00, 0x00, 0x9f, 0xe0,
    0x09, 0xff, 0x00, 0x00, 0x00, 0x00, 0xef, 0x90,
    0x03, 0xff, 0x50, 0x00, 0x00, 0x04, 0xff, 0x40,
    0x00, 0xef, 0xa0, 0x00, 0x00, 0x09, 0xfe, 0x00,
    0x00, 0x8f, 0xf0, 0x00, 0x00, 0x0e, 0xf9, 0x00,
    0x00, 0x3f, 0xf5, 0x00, 0x00, 0x4f, 0xf4, 0x00,
    0x00, 0x0e, 0xfa, 0x00, 0x00, 0x9f, 0xe0, 0x00,
    0x00, 0x08, 0xff, 0x00, 0x00, 0xef, 0x90, 0x00,
    0x00, 0x03, 0xff, 0x50, 0x04, 0xff, 0x40, 0x00,
    0x00, 0x00, 0xdf, 0xa0, 0x0a, 0xfe, 0x00, 0x00,
    0x00, 0x00, 0x8f, 0xf0, 0x0f, 0xf9, 0x00, 0x00,
    0x00, 0x00, 0x3f, 0xf5, 0x5f, 0xf3, 0x00, 0x00,
    0x00, 0x00, 0x0d, 0xfb, 0xaf, 0xe0, 0x00, 0x00,
    0x00, 0x00, 0x08, 0xff, 0xff, 0x80, 0x00, 0x00,
    0x00, 0x00, 0x02, 0xff, 0xff, 0x30, 0x00, 0x00,
    0x00, 0x00, 0x00, 0xdf, 0xfe, 0x00, 0x00, 0x00,

    /* U+0057 "W" */
    0x6f, 0xf2, 0x00, 0x00, 0x00, 0x5f, 0xf9, 0x00,
    0x00, 0x00, 0x0f, 0xf8, 0x1f, 0xf6, 0x00, 0x00,
    0x00, 0x9f, 0xfb, 0x00, 0x00, 0x00, 0x4f, 0xf4,
    0x0d, 0xfa, 0x00, 0x00, 0x00, 0xdf, 0xff, 0x00,
    0x00, 0x00, 0x8f, 0xf0, 0x09, 0xfe, 0x00, 0x00,
    0x02, 0xff, 0xff, 0x40, 0x00, 0x00, 0xcf, 0xc0,
    0x05, 0xff, 0x20, 0x00, 0x07, 0xff, 0xdf, 0x90,
    0x00, 0x00, 0xff, 0x70, 0x01, 0xff, 0x60, 0x00,
    0x0b, 0xfa, 0x8f, 0xd0, 0x00, 0x04, 0xff, 0x30,
    0x00, 0xdf, 0xa0, 0x00, 0x0f, 0xf6, 0x4f, 0xf2,
    0x00, 0x08, 0xff, 0x00, 0x00, 0x9f, 0xe0, 0x00,
    0x4f, 0xf1, 0x0f, 0xf7, 0x00, 0x0c, 0xfb, 0x00,
    0x00, 0x5f, 0xf2, 0x00, 0x9f, 0xc0, 0x0a, 0xfb,
    0x00, 0x0f, 0xf7, 0x00, 0x00, 0x1f, 0xf6, 0x00,
    0xdf, 0x80, 0x06, 0xff, 0x00, 0x4f, 0xf3, 0x00,
    0x00, 0x0c, 0xfa, 0x02, 0xff, 0x30, 0x01, 0xff,
    0x40, 0x8f, 0xf0, 0x00, 0x00, 0x08, 0xfe, 0x07,
    0xfe, 0x00, 0x00, 0xcf, 0x90, 0xcf, 0xb0, 0x00,
    0x00, 0x04, 0xff, 0x2b, 0xfa, 0x00, 0x00, 0x8f,
    0xe0, 0xff, 0x70, 0x00, 0x00, 0x00, 0xff, 0x7f,
    0xf5, 0x00, 0x00, 0x3f, 0xf7, 0xff, 0x20, 0x00,
    0x00, 0x00, 0xcf, 0xff, 0xf1, 0x00, 0x00, 0x0e,
    0xff, 0xfe, 0x00, 0x00, 0x00, 0x00, 0x8f, 0xff,
    0xc0, 0x00, 0x00, 0x0a, 0xff, 0xfa, 0x00, 0x00,
    0x00, 0x00, 0x4f, 0xff, 0x70, 0x00, 0x00, 0x05,
    0xff, 0xf6, 0x00, 0x00, 0x00, 0x00, 0x0f, 0xff,
    0x30, 0x00, 0x00, 0x01, 0xff, 0xf2, 0x00, 0x00,

    /* U+0058 "X" */
    0x2f, 0xfc, 0x00, 0x00, 0x00, 0x00, 0x8f, 0xf7,
    0x07, 0xff, 0x70, 0x00, 0x00, 0x03, 0xff, 0xc0,
    0x00, 0xcf, 0xf2, 0x00, 0x00, 0x0d, 0xff, 0x20,
    0x00, 0x2f, 0xfc, 0x00, 0x00, 0x8f, 0xf6, 0x00,
    0x00, 0x07, 0xff, 0x60, 0x02, 0xff, 0xb0, 0x00,
    0x00, 0x00, 0xcf, 0xf1, 0x0c, 0xfe, 0x10, 0x00,
    0x00, 0x00, 0x2f, 0xfb, 0x7f, 0xf5, 0x00, 0x00,
    0x00, 0x00, 0x06, 0xff, 0xff, 0xa0, 0x00, 0x00,
    0x00, 0x00, 0x00, 0xff, 0xff, 0x10, 0x00, 0x00,
    0x00, 0x00, 0x01, 0xff, 0xfe, 0x00, 0x00, 0x00,
    0x00, 0x00, 0x0a, 0xff, 0xff, 0x90, 0x00, 0x00,
    0x00, 0x00, 0x5f, 0xf8, 0x9f, 0xf4, 0x00, 0x00,
    0x00, 0x01, 0xef, 0xd0, 0x0d, 0xfe, 0x10, 0x00,
    0x00, 0x0b, 0xff, 0x30, 0x03, 0xff, 0xa0, 0x00,
    0x00, 0x6f, 0xf8, 0x00, 0x00, 0x8f, 0xf5, 0x00,
    0x01, 0xff, 0xd0, 0x00, 0x00, 0x0d, 0xfe, 0x10,
    0x0b, 0xff, 0x30, 0x00, 0x00, 0x03, 0xff, 0xb0,
    0x6f, 0xf8, 0x00, 0x00, 0x00, 0x00, 0x8f, 0xf6,

    /* U+0059 "Y" */
    0xcf, 0xf1, 0x00, 0x00, 0x00, 0x3f, 0xf9, 0x4f,
    0xf7, 0x00, 0x00, 0x00, 0xbf, 0xf1, 0x0c, 0xfe,
    0x00, 0x00, 0x02, 0xff, 0x90, 0x04, 0xff, 0x60,
    0x00, 0x0a, 0xff, 0x10, 0x00, 0xcf, 0xe0, 0x00,
    0x2f, 0xf9, 0x00, 0x00, 0x4f, 0xf5, 0x00, 0x9f,
    0xf1, 0x00, 0x00, 0x0c, 0xfd, 0x01, 0xff, 0x90,
    0x00, 0x00, 0x04, 0xff, 0x48, 0xff, 0x10, 0x00,
    0x00, 0x00, 0xcf, 0xdf, 0xf9, 0x00, 0x00, 0x00,
    0x00, 0x4f, 0xff, 0xf1, 0x00, 0x00, 0x00, 0x00,
    0x0e, 0xff, 0xb0, 0x00, 0x00, 0x00, 0x00, 0x08,
    0xff, 0x40, 0x00, 0x00, 0x00, 0x00, 0x05, 0xff,
    0x20, 0x00, 0x00, 0x00, 0x00, 0x05, 0xff, 0x20,
    0x00, 0x00, 0x00, 0x00, 0x05, 0xff, 0x20, 0x00,
    0x00, 0x00, 0x00, 0x05, 0xff, 0x20, 0x00, 0x00,
    0x00, 0x00, 0x05, 0xff, 0x20, 0x00, 0x00, 0x00,
    0x00, 0x05, 0xff, 0x20, 0x00, 0x00,

    /* U+005A "Z" */
    0x8f, 0xff, 0xff, 0xff, 0xff, 0xfc, 0x8f, 0xff,
    0xff, 0xff, 0xff, 0xfc, 0x37, 0x77, 0x77, 0x77,
    0x9f, 0xf9, 0x00, 0x00, 0x00, 0x00, 0xcf, 0xe1,
    0x00, 0x00, 0x00, 0x07, 0xff, 0x50, 0x00, 0x00,
    0x00, 0x2f, 0xfb, 0x00, 0x00, 0x00, 0x00, 0xbf,
    0xf1, 0x00, 0x00, 0x00, 0x06, 0xff, 0x60, 0x00,
    0x00, 0x00, 0x1e, 0xfc, 0x00, 0x00, 0x00, 0x00,
    0xbf, 0xf2, 0x00, 0x00, 0x00, 0x05, 0xff, 0x70,
    0x00, 0x00, 0x00, 0x1e, 0xfd, 0x00, 0x00, 0x00,
    0x00, 0xaf, 0xf3, 0x00, 0x00, 0x00, 0x04, 0xff,
    0x80, 0x00, 0x00, 0x00, 0x0e, 0xfd, 0x00, 0x00,
    0x00, 0x00, 0x9f, 0xfb, 0x77, 0x77, 0x77, 0x76,
    0xcf, 0xff, 0xff, 0xff, 0xff, 0xfe, 0xcf, 0xff,
    0xff, 0xff, 0xff, 0xfe,

    /* U+005B "[" */
    0x44, 0x74, 0x41, 0xff, 0xff, 0xf4, 0xff, 0xff,
    0xf4, 0xff, 0x80, 0x00, 0xff, 0x80, 0x00, 0xff,
    0x80, 0x00, 0xff, 0x80, 0x00, 0xff, 0x80, 0x00,
    0xff, 0x80, 0x00, 0xff, 0x80, 0x00, 0xff, 0x80,
    0x00, 0xff, 0x80, 0x00, 0xff, 0x80, 0x00, 0xff,
    0x80, 0x00, 0xff, 0x80, 0x00, 0xff, 0x80, 0x00,
    0xff, 0x80, 0x00, 0xff, 0x80, 0x00, 0xff, 0x80,
    0x00, 0xff, 0x80, 0x00, 0xff, 0x80, 0x00, 0xff,
    0x80, 0x00, 0xff, 0xc4, 0x41, 0xff, 0xff, 0xf4,
    0xff, 0xff, 0xf4,

    /* U+005C "\\" */
    0x18, 0x30, 0x00, 0x00, 0x00, 0x00, 0xbf, 0xb0,
    0x00, 0x00, 0x00, 0x00, 0x4f, 0xf2, 0x00, 0x00,
    0x00, 0x00, 0x0c, 0xfa, 0x00, 0x00, 0x00, 0x00,
    0x05, 0xff, 0x10, 0x00, 0x00, 0x00, 0x00, 0xdf,
    0x90, 0x00, 0x00, 0x00, 0x00, 0x6f, 0xf1, 0x00,
    0x00, 0x00, 0x00, 0x0e, 0xf8, 0x00, 0x00, 0x00,
    0x00, 0x07, 0xfe, 0x00, 0x00, 0x00, 0x00, 0x00,
    0xff, 0x70, 0x00, 0x00, 0x00, 0x00, 0x8f, 0xe0,
    0x00, 0x00, 0x00, 0x00, 0x1f, 0xf6, 0x00, 0x00,
    0x00, 0x00, 0x09, 0xfd, 0x00, 0x00, 0x00, 0x00,
    0x02, 0xff, 0x40, 0x00, 0x00, 0x00, 0x00, 0xaf,
    0xc0, 0x00, 0x00, 0x00, 0x00, 0x3f, 0xf3, 0x00,
    0x00, 0x00, 0x00, 0x0b, 0xfb, 0x00, 0x00, 0x00,
    0x00, 0x04, 0xff, 0x20, 0x00, 0x00, 0x00, 0x00,
    0xcf, 0xa0, 0x00, 0x00, 0x00, 0x00, 0x5f, 0xf1,
    0x00, 0x00, 0x00, 0x00, 0x09, 0x30,

    /* U+005D "]" */
    0x34, 0x47, 0x42, 0xcf, 0xff, 0xf8, 0xcf, 0xff,
    0xf8, 0x00, 0x0f, 0xf8, 0x00, 0x0f, 0xf8, 0x00,
    0x0f, 0xf8, 0x00, 0x0f, 0xf8, 0x00, 0x0f, 0xf8,
    0x00, 0x0f, 0xf8, 0x00, 0x0f, 0xf8, 0x00, 0x0f,
    0xf8, 0x00, 0x0f, 0xf8, 0x00, 0x0f, 0xf8, 0x00,
    0x0f, 0xf8, 0x00, 0x0f, 0xf8, 0x00, 0x0f, 0xf8,
    0x00, 0x0f, 0xf8, 0x00, 0x0f, 0xf8, 0x00, 0x0f,
    0xf8, 0x00, 0x0f, 0xf8, 0x00, 0x0f, 0xf8, 0x00,
    0x0f, 0xf8, 0x34, 0x4f, 0xf8, 0xcf, 0xff, 0xf8,
    0xcf, 0xff, 0xf8,

    /* U+005E "^" */
    0x00, 0x00, 0x01, 0x00, 0x00, 0x00, 0x00, 0x07,
    0xe3, 0x00, 0x00, 0x00, 0x08, 0xff, 0xf4, 0x00,
    0x00, 0x09, 0xff, 0xbf, 0xf6, 0x00, 0x0a, 0xff,
    0x40, 0x7f, 0xf7, 0x06, 0xfe, 0x30, 0x00, 0x6f,
    0xf2, 0x09, 0x20, 0x00, 0x00, 0x47, 0x00,

    /* U+005F "_" */
    0x01, 0x11, 0x11, 0x11, 0x11, 0x11, 0x10, 0x9f,
    0xff, 0xff, 0xff, 0xff, 0xff, 0xf2, 0x9f, 0xff,
    0xff, 0xff, 0xff, 0xff, 0xf2,

    /* U+0060 "`" */
    0x04, 0x00, 0x00, 0xaf, 0x60, 0x00, 0x4f, 0xf6,
    0x00, 0x03, 0xff, 0x70, 0x00, 0x3f, 0xb0, 0x00,
    0x02, 0x00,

    /* U+0061 "a" */
    0x00, 0x28, 0xdf, 0xfd, 0x70, 0x00, 0x0e, 0xff,
    0xff, 0xff, 0xc0, 0x00, 0x6a, 0x65, 0x6b, 0xff,
    0x60, 0x00, 0x00, 0x00, 0x0e, 0xfa, 0x00, 0x19,
    0xef, 0xd8, 0xcf, 0xc0, 0x2e, 0xff, 0xff, 0xff,
    0xfc, 0x0b, 0xff, 0xa5, 0x6c, 0xff, 0xc0, 0xff,
    0xa0, 0x00, 0x0f, 0xfc, 0x2f, 0xf7, 0x00, 0x00,
    0xbf, 0xc0, 0xff, 0xa0, 0x00, 0x0e, 0xfc, 0x0c,
    0xff, 0xa5, 0x6d, 0xff, 0xc0, 0x3f, 0xff, 0xff,
    0xff, 0xfc, 0x00, 0x2a, 0xef, 0xd8, 0x2f, 0xc0,

    /* U+0062 "b" */
    0x6f, 0xf1, 0x00, 0x00, 0x00, 0x00, 0x06, 0xff,
    0x10, 0x00, 0x00, 0x00, 0x00, 0x6f, 0xf1, 0x00,
    0x00, 0x00, 0x00, 0x06, 0xff, 0x10, 0x00, 0x00,
    0x00, 0x00, 0x6f, 0xf1, 0x00, 0x00, 0x00, 0x00,
    0x06, 0xff, 0x27, 0xdf, 0xeb, 0x40, 0x00, 0x6f,
    0xfe, 0xff, 0xff, 0xff, 0x80, 0x06, 0xff, 0xfd,
    0x64, 0x7e, 0xff, 0x50, 0x6f, 0xfd, 0x00, 0x00,
    0x2f, 0xfd, 0x06, 0xff, 0x50, 0x00, 0x00, 0x8f,
    0xf2, 0x6f, 0xf1, 0x00, 0x00, 0x04, 0xff, 0x46,
    0xff, 0x00, 0x00, 0x00, 0x3f, 0xf6, 0x6f, 0xf1,
    0x00, 0x00, 0x04, 0xff, 0x46, 0xff, 0x50, 0x00,
    0x00, 0x8f, 0xf2, 0x6f, 0xfd, 0x00, 0x00, 0x2f,
    0xfd, 0x06, 0xff, 0xfd, 0x64, 0x7e, 0xff, 0x40,
    0x6f, 0xec, 0xff, 0xff, 0xff, 0x80, 0x06, 0xf9,
    0x07, 0xdf, 0xeb, 0x40, 0x00,

    /* U+0063 "c" */
    0x00, 0x01, 0x7d, 0xfe, 0xc5, 0x00, 0x00, 0x03,
    0xef, 0xff, 0xff, 0xfb, 0x00, 0x01, 0xef, 0xfd,
    0x89, 0xef, 0xfa, 0x00, 0x8f, 0xf8, 0x00, 0x00,
    0xcf, 0xf1, 0x0e, 0xfd, 0x00, 0x00, 0x02, 0x60,
    0x00, 0xff, 0x80, 0x00, 0x00, 0x00, 0x00, 0x2f,
    0xf7, 0x00, 0x00, 0x00, 0x00, 0x00, 0xff, 0x80,
    0x00, 0x00, 0x00, 0x00, 0x0e, 0xfd, 0x00, 0x00,
    0x02, 0x60, 0x00, 0x8f, 0xf8, 0x00, 0x00, 0xcf,
    0xe1, 0x01, 0xef, 0xfd, 0x89, 0xef, 0xf9, 0x00,
    0x03, 0xef, 0xff, 0xff, 0xfb, 0x00, 0x00, 0x01,
    0x7d, 0xfe, 0xc5, 0x00, 0x00,

    /* U+0064 "d" */
    0x00, 0x00, 0x00, 0x00, 0x00, 0xdf, 0xa0, 0x00,
    0x00, 0x00, 0x00, 0x0d, 0xfa, 0x00, 0x00, 0x00,
    0x00, 0x00, 0xdf, 0xa0, 0x00, 0x00, 0x00, 0x00,
    0x0d, 0xfa, 0x00, 0x00, 0x00, 0x00, 0x00, 0xdf,
    0xa0, 0x00, 0x29, 0xdf, 0xd9, 0x1d, 0xfa, 0x00,
    0x4f, 0xff, 0xff, 0xfe, 0xff, 0xa0, 0x2f, 0xff,
    0x84, 0x5b, 0xff, 0xfa, 0x09, 0xff, 0x50, 0x00,
    0x0a, 0xff, 0xa0, 0xef, 0xc0, 0x00, 0x00, 0x1f,
    0xfa, 0x1f, 0xf8, 0x00, 0x00, 0x00, 0xff, 0xa2,
    0xff, 0x70, 0x00, 0x00, 0x0f, 0xfa, 0x0f, 0xf8,
    0x00, 0x00, 0x00, 0xff, 0xa0, 0xef, 0xc0, 0x00,
    0x00, 0x1f, 0xfa, 0x09, 0xff, 0x50, 0x00, 0x0a,
    0xff, 0xa0, 0x1f, 0xff, 0x84, 0x5b, 0xff, 0xfa,
    0x00, 0x4f, 0xff, 0xff, 0xfe, 0xcf, 0xa0, 0x00,
    0x29, 0xef, 0xd9, 0x15, 0xfa,

    /* U+0065 "e" */
    0x00, 0x01, 0x8d, 0xfe, 0xc6, 0x00, 0x00, 0x03,
    0xef, 0xff, 0xff, 0xfb, 0x10, 0x01, 0xef, 0xe6,
    0x23, 0x8f, 0xfa, 0x00, 0x8f, 0xf2, 0x00, 0x00,
    0x8f, 0xf3, 0x0e, 0xfc, 0x22, 0x22, 0x23, 0xff,
    0x90, 0xff, 0xff, 0xff, 0xff, 0xff, 0xfb, 0x2f,
    0xff, 0xff, 0xff, 0xff, 0xff, 0xc0, 0xff, 0x70,
    0x00, 0x00, 0x00, 0x00, 0x0e, 0xfa, 0x00, 0x00,
    0x00, 0x40, 0x00, 0x8f, 0xf3, 0x00, 0x00, 0x5f,
    0xd2, 0x01, 0xef, 0xf8, 0x45, 0x9f, 0xfc, 0x00,
    0x03, 0xef, 0xff, 0xff, 0xfd, 0x20, 0x00, 0x01,
    0x8d, 0xfe, 0xc7, 0x00, 0x00,

    /* U+0066 "f" */
    0x00, 0x02, 0xbf, 0xf8, 0x00, 0x0d, 0xff, 0xfa,
    0x00, 0x4f, 0xfe, 0x96, 0x00, 0x6f, 0xf2, 0x00,
    0x00, 0x7f, 0xf0, 0x00, 0x5f, 0xff, 0xff, 0xf6,
    0x5f, 0xff, 0xff, 0xf6, 0x26, 0xef, 0xf7, 0x62,
    0x00, 0x7f, 0xf0, 0x00, 0x00, 0x7f, 0xf0, 0x00,
    0x00, 0x7f, 0xf0, 0x00, 0x00, 0x7f, 0xf0, 0x00,
    0x00, 0x7f, 0xf0, 0x00, 0x00, 0x7f, 0xf0, 0x00,
    0x00, 0x7f, 0xf0, 0x00, 0x00, 0x7f, 0xf0, 0x00,
    0x00, 0x7f, 0xf0, 0x00, 0x00, 0x7f, 0xf0, 0x00,

    /* U+0067 "g" */
    0x00, 0x02, 0x9d, 0xfe, 0xa3, 0x3f, 0xc0, 0x04,
    0xff, 0xff, 0xff, 0xfd, 0xfc, 0x01, 0xef, 0xf9,
    0x44, 0x9f, 0xff, 0xc0, 0x8f, 0xf5, 0x00, 0x00,
    0x6f, 0xfc, 0x0d, 0xfd, 0x00, 0x00, 0x00, 0xff,
    0xc0, 0xff, 0x90, 0x00, 0x00, 0x0f, 0xfc, 0x0f,
    0xf9, 0x00, 0x00, 0x00, 0xff, 0xd0, 0xdf, 0xc0,
    0x00, 0x00, 0x0f, 0xfc, 0x09, 0xff, 0x50, 0x00,
    0x06, 0xff, 0xc0, 0x2f, 0xff, 0x94, 0x49, 0xff,
    0xfc, 0x00, 0x4f, 0xff, 0xff, 0xff, 0xff, 0xc0,
    0x00, 0x29, 0xdf, 0xea, 0x3b, 0xfc, 0x00, 0x00,
    0x00, 0x00, 0x00, 0xcf, 0xa0, 0x00, 0x50, 0x00,
    0x00, 0x0f, 0xf8, 0x01, 0xdf, 0x80, 0x00, 0x07,
    0xff, 0x20, 0x0b, 0xff, 0xa5, 0x6a, 0xff, 0xa0,
    0x00, 0x1d, 0xff, 0xff, 0xff, 0xc1, 0x00, 0x00,
    0x07, 0xdf, 0xfc, 0x70, 0x00,

    /* U+0068 "h" */
    0x6f, 0xf1, 0x00, 0x00, 0x00, 0x00, 0x6f, 0xf1,
    0x00, 0x00, 0x00, 0x00, 0x6f, 0xf1, 0x00, 0x00,
    0x00, 0x00, 0x6f, 0xf1, 0x00, 0x00, 0x00, 0x00,
    0x6f, 0xf1, 0x00, 0x00, 0x00, 0x00, 0x6f, 0xf1,
    0x29, 0xef, 0xe8, 0x00, 0x6f, 0xf9, 0xff, 0xff,
    0xff, 0x90, 0x6f, 0xff, 0xfc, 0x9b, 0xff, 0xf0,
    0x6f, 0xff, 0x50, 0x00, 0x8f, 0xf2, 0x6f, 0xf3,
    0x00, 0x00, 0x4f, 0xf3, 0x6f, 0xf1, 0x00, 0x00,
    0x3f, 0xf4, 0x6f, 0xf1, 0x00, 0x00, 0x3f, 0xf4,
    0x6f, 0xf1, 0x00, 0x00, 0x3f, 0xf4, 0x6f, 0xf1,
    0x00, 0x00, 0x3f, 0xf4, 0x6f, 0xf1, 0x00, 0x00,
    0x3f, 0xf4, 0x6f, 0xf1, 0x00, 0x00, 0x3f, 0xf4,
    0x6f, 0xf1, 0x00, 0x00, 0x3f, 0xf4, 0x6f, 0xf1,
    0x00, 0x00, 0x3f, 0xf4,

    /* U+0069 "i" */
    0x06, 0x50, 0x8f, 0xf5, 0xaf, 0xf7, 0x3d, 0xc1,
    0x00, 0x00, 0x00, 0x00, 0x5f, 0xf2, 0x5f, 0xf2,
    0x5f, 0xf2, 0x5f, 0xf2, 0x5f, 0xf2, 0x5f, 0xf2,
    0x5f, 0xf2, 0x5f, 0xf2, 0x5f, 0xf2, 0x5f, 0xf2,
    0x5f, 0xf2, 0x5f, 0xf2, 0x5f, 0xf2,

    /* U+006A "j" */
    0x00, 0x56, 0x00, 0x6f, 0xf7, 0x08, 0xff, 0x90,
    0x2c, 0xc2, 0x00, 0x00, 0x00, 0x00, 0x00, 0x03,
    0xff, 0x40, 0x3f, 0xf4, 0x03, 0xff, 0x40, 0x3f,
    0xf4, 0x03, 0xff, 0x40, 0x3f, 0xf4, 0x03, 0xff,
    0x40, 0x3f, 0xf4, 0x03, 0xff, 0x40, 0x3f, 0xf4,
    0x03, 0xff, 0x40, 0x3f, 0xf4, 0x03, 0xff, 0x40,
    0x3f, 0xf4, 0x04, 0xff, 0x46, 0xbf, 0xf2, 0xff,
    0xfc, 0x0d, 0xfc, 0x20,

    /* U+006B "k" */
    0x6f, 0xf0, 0x00, 0x00, 0x00, 0x06, 0xff, 0x00,
    0x00, 0x00, 0x00, 0x6f, 0xf0, 0x00, 0x00, 0x00,
    0x06, 0xff, 0x00, 0x00, 0x00, 0x00, 0x6f, 0xf0,
    0x00, 0x00, 0x00, 0x06, 0xff, 0x00, 0x00, 0xaf,
    0xf4, 0x6f, 0xf0, 0x00, 0x8f, 0xf6, 0x06, 0xff,
    0x00, 0x6f, 0xf8, 0x00, 0x6f, 0xf0, 0x4f, 0xfb,
    0x00, 0x06, 0xff, 0x4f, 0xfc, 0x00, 0x00, 0x6f,
    0xff, 0xfe, 0x10, 0x00, 0x06, 0xff, 0xff, 0xc0,
    0x00, 0x00, 0x6f, 0xfb, 0xff, 0x50, 0x00, 0x06,
    0xff, 0x1d, 0xff, 0x30, 0x00, 0x6f, 0xf0, 0x2e,
    0xfe, 0x10, 0x06, 0xff, 0x00, 0x4f, 0xfb, 0x00,
    0x6f, 0xf0, 0x00, 0x7f, 0xf8, 0x06, 0xff, 0x00,
    0x00, 0xaf, 0xf5,

    /* U+006C "l" */
    0x6f, 0xf0, 0x06, 0xff, 0x00, 0x6f, 0xf0, 0x06,
    0xff, 0x00, 0x6f, 0xf0, 0x06, 0xff, 0x00, 0x6f,
    0xf0, 0x06, 0xff, 0x00, 0x6f, 0xf0, 0x06, 0xff,
    0x00, 0x6f, 0xf0, 0x06, 0xff, 0x00, 0x6f, 0xf0,
    0x06, 0xff, 0x00, 0x6f, 0xf1, 0x06, 0xff, 0xa2,
    0x2f, 0xff, 0x50, 0x7f, 0xe4,

    /* U+006D "m" */
    0x6f, 0x90, 0x3b, 0xef, 0xc5, 0x00, 0x5c, 0xff,
    0xb3, 0x06, 0xfd, 0x8f, 0xff, 0xff, 0xf4, 0xaf,
    0xff, 0xff, 0xe1, 0x6f, 0xff, 0xfb, 0x9d, 0xff,
    0xff, 0xfa, 0x9e, 0xff, 0x66, 0xff, 0xe2, 0x00,
    0x0d, 0xff, 0xb1, 0x00, 0x2f, 0xf9, 0x6f, 0xf3,
    0x00, 0x00, 0xaf, 0xf0, 0x00, 0x00, 0xdf, 0xa6,
    0xff, 0x10, 0x00, 0x09, 0xfe, 0x00, 0x00, 0x0c,
    0xfb, 0x6f, 0xf1, 0x00, 0x00, 0x9f, 0xe0, 0x00,
    0x00, 0xcf, 0xb6, 0xff, 0x10, 0x00, 0x09, 0xfe,
    0x00, 0x00, 0x0c, 0xfb, 0x6f, 0xf1, 0x00, 0x00,
    0x9f, 0xe0, 0x00, 0x00, 0xcf, 0xb6, 0xff, 0x10,
    0x00, 0x09, 0xfe, 0x00, 0x00, 0x0c, 0xfb, 0x6f,
    0xf1, 0x00, 0x00, 0x9f, 0xe0, 0x00, 0x00, 0xcf,
    0xb6, 0xff, 0x10, 0x00, 0x09, 0xfe, 0x00, 0x00,
    0x0c, 0xfb, 0x6f, 0xf1, 0x00, 0x00, 0x9f, 0xe0,
    0x00, 0x00, 0xcf, 0xb0,

    /* U+006E "n" */
    0x6f, 0x90, 0x29, 0xef, 0xe8, 0x00, 0x6f, 0xd7,
    0xff, 0xff, 0xff, 0x90, 0x6f, 0xff, 0xfc, 0x9b,
    0xff, 0xf0, 0x6f, 0xfe, 0x50, 0x00, 0x8f, 0xf2,
    0x6f, 0xf3, 0x00, 0x00, 0x4f, 0xf3, 0x6f, 0xf1,
    0x00, 0x00, 0x3f, 0xf4, 0x6f, 0xf1, 0x00, 0x00,
    0x3f, 0xf4, 0x6f, 0xf1, 0x00, 0x00, 0x3f, 0xf4,
    0x6f, 0xf1, 0x00, 0x00, 0x3f, 0xf4, 0x6f, 0xf1,
    0x00, 0x00, 0x3f, 0xf4, 0x6f, 0xf1, 0x00, 0x00,
    0x3f, 0xf4, 0x6f, 0xf1, 0x00, 0x00, 0x3f, 0xf4,
    0x6f, 0xf1, 0x00, 0x00, 0x3f, 0xf4,

    /* U+006F "o" */
    0x00, 0x00, 0x7c, 0xef, 0xd8, 0x10, 0x00, 0x00,
    0x2d, 0xff, 0xff, 0xff, 0xe4, 0x00, 0x00, 0xdf,
    0xfd, 0x98, 0xcf, 0xff, 0x20, 0x07, 0xff, 0x90,
    0x00, 0x06, 0xff, 0xb0, 0x0d, 0xfd, 0x00, 0x00,
    0x00, 0xaf, 0xf1, 0x0f, 0xf8, 0x00, 0x00, 0x00,
    0x5f, 0xf3, 0x1f, 0xf7, 0x00, 0x00, 0x00, 0x3f,
    0xf5, 0x0f, 0xf8, 0x00, 0x00, 0x00, 0x5f, 0xf3,
    0x0d, 0xfd, 0x00, 0x00, 0x00, 0xaf, 0xf1, 0x08,
    0xff, 0x90, 0x00, 0x06, 0xff, 0xb0, 0x01, 0xef,
    0xfd, 0x98, 0xcf, 0xff, 0x20, 0x00, 0x2d, 0xff,
    0xff, 0xff, 0xf4, 0x00, 0x00, 0x00, 0x7c, 0xef,
    0xd8, 0x10, 0x00,

    /* U+0070 "p" */
    0x6f, 0x90, 0x7d, 0xfe, 0xb4, 0x00, 0x06, 0xfe,
    0xcf, 0xff, 0xff, 0xf7, 0x00, 0x6f, 0xff, 0xd6,
    0x47, 0xef, 0xf4, 0x06, 0xff, 0xd0, 0x00, 0x02,
    0xff, 0xd0, 0x6f, 0xf5, 0x00, 0x00, 0x08, 0xff,
    0x26, 0xff, 0x10, 0x00, 0x00, 0x4f, 0xf4, 0x6f,
    0xf0, 0x00, 0x00, 0x03, 0xff, 0x66, 0xff, 0x10,
    0x00, 0x00, 0x4f, 0xf4, 0x6f, 0xf5, 0x00, 0x00,
    0x08, 0xff, 0x26, 0xff, 0xd0, 0x00, 0x02, 0xff,
    0xd0, 0x6f, 0xff, 0xd6, 0x47, 0xef, 0xf5, 0x06,
    0xff, 0xef, 0xff, 0xff, 0xf8, 0x00, 0x6f, 0xf2,
    0x7d, 0xfe, 0xb4, 0x00, 0x06, 0xff, 0x10, 0x00,
    0x00, 0x00, 0x00, 0x6f, 0xf1, 0x00, 0x00, 0x00,
    0x00, 0x06, 0xff, 0x10, 0x00, 0x00, 0x00, 0x00,
    0x6f, 0xf1, 0x00, 0x00, 0x00, 0x00, 0x06, 0xff,
    0x10, 0x00, 0x00, 0x00, 0x00,

    /* U+0071 "q" */
    0x00, 0x02, 0x9d, 0xfd, 0x91, 0x5f, 0xa0, 0x04,
    0xff, 0xff, 0xff, 0xec, 0xfa, 0x01, 0xff, 0xf8,
    0x45, 0xbf, 0xff, 0xa0, 0x9f, 0xf5, 0x00, 0x00,
    0xaf, 0xfa, 0x0e, 0xfc, 0x00, 0x00, 0x01, 0xff,
    0xa0, 0xff, 0x80, 0x00, 0x00, 0x0f, 0xfa, 0x2f,
    0xf7, 0x00, 0x00, 0x00, 0xff, 0xa1, 0xff, 0x80,
    0x00, 0x00, 0x0f, 0xfa, 0x0e, 0xfc, 0x00, 0x00,
    0x01, 0xff, 0xa0, 0x9f, 0xf5, 0x00, 0x00, 0xaf,
    0xfa, 0x01, 0xff, 0xf8, 0x45, 0xbf, 0xff, 0xa0,
    0x04, 0xff, 0xff, 0xff, 0xef, 0xfa, 0x00, 0x02,
    0x9e, 0xfd, 0x91, 0xdf, 0xa0, 0x00, 0x00, 0x00,
    0x00, 0x0d, 0xfa, 0x00, 0x00, 0x00, 0x00, 0x00,
    0xdf, 0xa0, 0x00, 0x00, 0x00, 0x00, 0x0d, 0xfa,
    0x00, 0x00, 0x00, 0x00, 0x00, 0xdf, 0xa0, 0x00,
    0x00, 0x00, 0x00, 0x0d, 0xfa,

    /* U+0072 "r" */
    0x6f, 0x91, 0xaf, 0xf1, 0x6f, 0xde, 0xff, 0xf1,
    0x6f, 0xff, 0xda, 0x90, 0x6f, 0xf8, 0x00, 0x00,
    0x6f, 0xf1, 0x00, 0x00, 0x6f, 0xf1, 0x00, 0x00,
    0x6f, 0xf1, 0x00, 0x00, 0x6f, 0xf1, 0x00, 0x00,
    0x6f, 0xf1, 0x00, 0x00, 0x6f, 0xf1, 0x00, 0x00,
    0x6f, 0xf1, 0x00, 0x00, 0x6f, 0xf1, 0x00, 0x00,
    0x6f, 0xf1, 0x00, 0x00,

    /* U+0073 "s" */
    0x00, 0x19, 0xef, 0xe9, 0x10, 0x01, 0xdf, 0xff,
    0xff, 0xe3, 0x07, 0xff, 0x86, 0xaf, 0xf7, 0x0a,
    0xf9, 0x00, 0x04, 0x40, 0x09, 0xfd, 0x00, 0x00,
    0x00, 0x04, 0xff, 0xfa, 0x50, 0x00, 0x00, 0x5e,
    0xff, 0xff, 0x70, 0x00, 0x00, 0x4a, 0xff, 0xf6,
    0x00, 0x00, 0x00, 0x1d, 0xfb, 0x02, 0xc4, 0x00,
    0x09, 0xfc, 0x0c, 0xff, 0x84, 0x6f, 0xf8, 0x02,
    0xef, 0xff, 0xff, 0xd1, 0x00, 0x19, 0xdf, 0xe8,
    0x10,

    /* U+0074 "t" */
    0x00, 0x0f, 0xf2, 0x00, 0x00, 0x2f, 0xf2, 0x00,
    0x00, 0x4f, 0xf2, 0x00, 0x4f, 0xff, 0xff, 0xfb,
    0x4f, 0xff, 0xff, 0xfb, 0x16, 0xcf, 0xf8, 0x64,
    0x00, 0x6f, 0xf2, 0x00, 0x00, 0x6f, 0xf2, 0x00,
    0x00, 0x6f, 0xf2, 0x00, 0x00, 0x6f, 0xf2, 0x00,
    0x00, 0x6f, 0xf2, 0x00, 0x00, 0x6f, 0xf2, 0x00,
    0x00, 0x5f, 0xf3, 0x00, 0x00, 0x3f, 0xfd, 0x86,
    0x00, 0x0c, 0xff, 0xfb, 0x00, 0x01, 0x9e, 0xf9,

    /* U+0075 "u" */
    0x8f, 0xf0, 0x00, 0x00, 0x5f, 0xf2, 0x8f, 0xf0,
    0x00, 0x00, 0x5f, 0xf2, 0x8f, 0xf0, 0x00, 0x00,
    0x5f, 0xf2, 0x8f, 0xf0, 0x00, 0x00, 0x5f, 0xf2,
    0x8f, 0xf0, 0x00, 0x00, 0x5f, 0xf2, 0x8f, 0xf0,
    0x00, 0x00, 0x5f, 0xf2, 0x8f, 0xf0, 0x00, 0x00,
    0x5f, 0xf2, 0x7f, 0xf0, 0x00, 0x00, 0x5f, 0xf2,
    0x7f, 0xf0, 0x00, 0x00, 0xaf, 0xf2, 0x6f, 0xf4,
    0x00, 0x07, 0xff, 0xf2, 0x3f, 0xff, 0xa9, 0xdf,
    0xff, 0xf2, 0x0c, 0xff, 0xff, 0xff, 0x5f, 0xf2,
    0x01, 0x9e, 0xfe, 0x91, 0x0d, 0xf2,

    /* U+0076 "v" */
    0x6f, 0xf5, 0x00, 0x00, 0x0a, 0xff, 0x10, 0xff,
    0xb0, 0x00, 0x00, 0xef, 0xb0, 0x0a, 0xff, 0x10,
    0x00, 0x4f, 0xf5, 0x00, 0x4f, 0xf6, 0x00, 0x09,
    0xff, 0x00, 0x00, 0xef, 0xb0, 0x00, 0xef, 0xa0,
    0x00, 0x08, 0xff, 0x10, 0x3f, 0xf4, 0x00, 0x00,
    0x2f, 0xf6, 0x09, 0xfe, 0x00, 0x00, 0x00, 0xcf,
    0xb0, 0xef, 0x90, 0x00, 0x00, 0x06, 0xff, 0x4f,
    0xf3, 0x00, 0x00, 0x00, 0x0f, 0xfe, 0xfe, 0x00,
    0x00, 0x00, 0x00, 0xaf, 0xff, 0x80, 0x00, 0x00,
    0x00, 0x04, 0xff, 0xf2, 0x00, 0x00, 0x00, 0x00,
    0x0e, 0xfd, 0x00, 0x00, 0x00,

    /* U+0077 "w" */
    0x8f, 0xf0, 0x00, 0x02, 0xff, 0x60, 0x00, 0x0b,
    0xfc, 0x3f, 0xf3, 0x00, 0x07, 0xff, 0xb0, 0x00,
    0x0f, 0xf7, 0x0e, 0xf7, 0x00, 0x0c, 0xff, 0xf0,
    0x00, 0x4f, 0xf2, 0x0a, 0xfb, 0x00, 0x1f, 0xff,
    0xf4, 0x00, 0x8f, 0xd0, 0x05, 0xff, 0x00, 0x5f,
    0xd9, 0xf9, 0x00, 0xcf, 0x90, 0x01, 0xff, 0x40,
    0xaf, 0x84, 0xfe, 0x00, 0xff, 0x40, 0x00, 0xcf,
    0x80, 0xff, 0x30, 0xff, 0x25, 0xff, 0x00, 0x00,
    0x7f, 0xc4, 0xfe, 0x00, 0xbf, 0x79, 0xfa, 0x00,
    0x00, 0x2f, 0xfa, 0xfa, 0x00, 0x6f, 0xcd, 0xf6,
    0x00, 0x00, 0x0d, 0xff, 0xf5, 0x00, 0x1f, 0xff,
    0xf1, 0x00, 0x00, 0x09, 0xff, 0xf0, 0x00, 0x0d,
    0xff, 0xc0, 0x00, 0x00, 0x04, 0xff, 0xb0, 0x00,
    0x08, 0xff, 0x70, 0x00, 0x00, 0x00, 0xff, 0x70,
    0x00, 0x03, 0xff, 0x30, 0x00,

    /* U+0078 "x" */
    0x4f, 0xfb, 0x00, 0x00, 0x8f, 0xf7, 0x09, 0xff,
    0x50, 0x02, 0xff, 0xd0, 0x01, 0xef, 0xe0, 0x0b,
    0xff, 0x30, 0x00, 0x5f, 0xf8, 0x5f, 0xf8, 0x00,
    0x00, 0x0a, 0xff, 0xff, 0xd0, 0x00, 0x00, 0x01,
    0xff, 0xff, 0x40, 0x00, 0x00, 0x00, 0xcf, 0xff,
    0x00, 0x00, 0x00, 0x01, 0xff, 0xff, 0x40, 0x00,
    0x00, 0x0a, 0xff, 0xff, 0xd0, 0x00, 0x00, 0x5f,
    0xf8, 0x5f, 0xf8, 0x00, 0x01, 0xef, 0xe0, 0x0b,
    0xff, 0x30, 0x09, 0xff, 0x50, 0x02, 0xff, 0xd0,
    0x4f, 0xfc, 0x00, 0x00, 0x8f, 0xf7,

    /* U+0079 "y" */
    0x6f, 0xf3, 0x00, 0x00, 0x08, 0xff, 0x10, 0xff,
    0xa0, 0x00, 0x00, 0xef, 0xa0, 0x08, 0xff, 0x10,
    0x00, 0x5f, 0xf4, 0x00, 0x2f, 0xf7, 0x00, 0x0c,
    0xfd, 0x00, 0x00, 0xbf, 0xe0, 0x03, 0xff, 0x60,
    0x00, 0x04, 0xff, 0x50, 0xaf, 0xe0, 0x00, 0x00,
    0x0d, 0xfc, 0x1f, 0xf8, 0x00, 0x00, 0x00, 0x6f,
    0xfb, 0xff, 0x20, 0x00, 0x00, 0x00, 0xff, 0xff,
    0xb0, 0x00, 0x00, 0x00, 0x08, 0xff, 0xf4, 0x00,
    0x00, 0x00, 0x00, 0x2f, 0xfd, 0x00, 0x00, 0x00,
    0x00, 0x03, 0xff, 0x60, 0x00, 0x00, 0x00, 0x00,
    0xaf, 0xe0, 0x00, 0x00, 0x00, 0x00, 0x1f, 0xf8,
    0x00, 0x00, 0x00, 0x00, 0x08, 0xff, 0x20, 0x00,
    0x00, 0x00, 0x00, 0xef, 0xb0, 0x00, 0x00, 0x00,
    0x00, 0x5f, 0xf4, 0x00, 0x00, 0x00, 0x00, 0x0c,
    0xfd, 0x00, 0x00, 0x00, 0x00,

    /* U+007A "z" */
    0x0e, 0xff, 0xff, 0xff, 0xff, 0x40, 0xef, 0xff,
    0xff, 0xff, 0xf4, 0x05, 0x66, 0x66, 0x7f, 0xfe,
    0x10, 0x00, 0x00, 0x09, 0xff, 0x30, 0x00, 0x00,
    0x05, 0xff, 0x70, 0x00, 0x00, 0x02, 0xff, 0xb0,
    0x00, 0x00, 0x00, 0xcf, 0xe1, 0x00, 0x00, 0x00,
    0x8f, 0xf4, 0x00, 0x00, 0x00, 0x4f, 0xf8, 0x00,
    0x00, 0x00, 0x1e, 0xfc, 0x00, 0x00, 0x00, 0x0c,
    0xff, 0x86, 0x66, 0x66, 0x20, 0xff, 0xff, 0xff,
    0xff, 0xf6, 0x0f, 0xff, 0xff, 0xff, 0xff, 0x60,

    /* U+007B "{" */
    0x01, 0xae, 0xf8, 0x1e, 0xff, 0xf8, 0x9f, 0xf8,
    0x42, 0xbf, 0xc0, 0x00, 0x9f, 0xd0, 0x00, 0x2f,
    0xf4, 0x00, 0x08, 0xfd, 0x00, 0x00, 0xdf, 0x80,
    0x00, 0x6f, 0xf0, 0x00, 0x3f, 0xf2, 0x00, 0xaf,
    0xf0, 0x4d, 0xff, 0x70, 0xbf, 0xfc, 0x00, 0x4d,
    0xff, 0x70, 0x00, 0xaf, 0xf1, 0x00, 0x3f, 0xf2,
    0x00, 0x6f, 0xf0, 0x00, 0xdf, 0x80, 0x07, 0xfd,
    0x00, 0x2f, 0xf4, 0x00, 0x9f, 0xd0, 0x00, 0xbf,
    0xc0, 0x00, 0x9f, 0xf8, 0x42, 0x1e, 0xff, 0xf8,
    0x02, 0xae, 0xf8,

    /* U+007C "|" */
    0x78, 0x3e, 0xf7, 0xef, 0x7e, 0xf7, 0xef, 0x7e,
    0xf7, 0xef, 0x7e, 0xf7, 0xef, 0x7e, 0xf7, 0xef,
    0x7e, 0xf7, 0xef, 0x7e, 0xf7, 0xef, 0x7e, 0xf7,
    0xef, 0x7e, 0xf7, 0xef, 0x7e, 0xf7, 0xef, 0x7e,
    0xf7, 0xef, 0x7e, 0xf7, 0xef, 0x70,

    /* U+007D "}" */
    0xbf, 0xe8, 0x00, 0xcf, 0xff, 0xc0, 0x24, 0xaf,
    0xf5, 0x00, 0x0f, 0xf8, 0x00, 0x0f, 0xf5, 0x00,
    0x7f, 0xe0, 0x02, 0xff, 0x50, 0x0b, 0xfa, 0x00,
    0x3f, 0xf2, 0x00, 0x6f, 0xf0, 0x00, 0x3f, 0xf7,
    0x00, 0x0b, 0xff, 0xb3, 0x00, 0xff, 0xf8, 0x0b,
    0xff, 0xb3, 0x3f, 0xf7, 0x00, 0x6f, 0xf0, 0x00,
    0x3f, 0xf2, 0x00, 0x0b, 0xfa, 0x00, 0x02, 0xff,
    0x40, 0x00, 0x7f, 0xd0, 0x00, 0x0f, 0xf5, 0x00,
    0x0f, 0xf8, 0x34, 0xaf, 0xf5, 0xcf, 0xff, 0xc0,
    0xbf, 0xe8, 0x00,

    /* U+007E "~" */
    0x00, 0x00, 0x00, 0x00, 0x00, 0x00, 0x10, 0x00,
    0x03, 0xbf, 0xfa, 0x20, 0x00, 0x3f, 0x80, 0x03,
    0xff, 0xff, 0xff, 0x83, 0x5e, 0xfb, 0x00, 0xdf,
    0xc4, 0x3b, 0xff, 0xff, 0xfd, 0x10, 0x1a, 0xe1,
    0x00, 0x04, 0xcf, 0xea, 0x10, 0x00, 0x00, 0x00,
    0x00, 0x00, 0x00, 0x00, 0x00,

    /* U+00B7 "·" */
    0x00, 0x10, 0x01, 0xdf, 0xa0, 0x8f, 0xff, 0x48,
    0xff, 0xf3, 0x0b, 0xf8, 0x00,

    /* U+00C1 "Á" */
    0x00, 0x00, 0x00, 0x00, 0x00, 0x81, 0x00, 0x00,
    0x00, 0x00, 0x00, 0x00, 0x00, 0xbf, 0x90, 0x00,
    0x00, 0x00, 0x00, 0x00, 0x00, 0xcf, 0xc0, 0x00,
    0x00, 0x00, 0x00, 0x00, 0x00, 0xcf, 0xb0, 0x00,
    0x00, 0x00, 0x00, 0x00, 0x00, 0x09, 0xb0, 0x00,
    0x00, 0x00, 0x00, 0x00, 0x00, 0x00, 0x00, 0x00,
    0x00, 0x00, 0x00, 0x00, 0x00, 0x00, 0x00, 0x00,
    0x00, 0x00, 0x00, 0x00, 0x00, 0x00, 0x09, 0xff,
    0xf2, 0x00, 0x00, 0x00, 0x00, 0x00, 0x00, 0xef,
    0xff, 0x70, 0x00, 0x00, 0x00, 0x00, 0x00, 0x4f,
    0xff, 0xfc, 0x00, 0x00, 0x00, 0x00, 0x00, 0x09,
    0xfe, 0x6f, 0xf2, 0x00, 0x00, 0x00, 0x00, 0x00,
    0xef, 0x91, 0xff, 0x70, 0x00, 0x00, 0x00, 0x00,
    0x4f, 0xf4, 0x0b, 0xfd, 0x00, 0x00, 0x00, 0x00,
    0x09, 0xfe, 0x00, 0x6f, 0xf2, 0x00, 0x00, 0x00,
    0x00, 0xef, 0x90, 0x01, 0xff, 0x80, 0x00, 0x00,
    0x00, 0x4f, 0xf4, 0x00, 0x0b, 0xfd, 0x00, 0x00,
    0x00, 0x0a, 0xfe, 0x00, 0x00, 0x6f, 0xf2, 0x00,
    0x00, 0x00, 0xff, 0x90, 0x00, 0x01, 0xff, 0x80,
    0x00, 0x00, 0x4f, 0xfb, 0x77, 0x77, 0x7f, 0xfd,
    0x00, 0x00, 0x0a, 0xff, 0xff, 0xff, 0xff, 0xff,
    0xf3, 0x00, 0x00, 0xff, 0xff, 0xff, 0xff, 0xff,
    0xff, 0x80, 0x00, 0x5f, 0xf3, 0x00, 0x00, 0x00,
    0x0a, 0xfd, 0x00, 0x0a, 0xfe, 0x00, 0x00, 0x00,
    0x00, 0x5f, 0xf3, 0x00, 0xff, 0x80, 0x00, 0x00,
    0x00, 0x00, 0xff, 0x80, 0x5f, 0xf3, 0x00, 0x00,
    0x00, 0x00, 0x0a, 0xfd, 0x00,

    /* U+00C3 "Ã" */
    0x00, 0x00, 0x1b, 0xfd, 0x81, 0x4d, 0x50, 0x00,
    0x00, 0x00, 0x0c, 0xff, 0xff, 0xff, 0xf5, 0x00,
    0x00, 0x00, 0x00, 0x7a, 0x13, 0xae, 0xe7, 0x00,
    0x00, 0x00, 0x00, 0x00, 0x00, 0x00, 0x00, 0x00,
    0x00, 0x00, 0x00, 0x00, 0x00, 0x00, 0x00, 0x00,
    0x00, 0x00, 0x00, 0x00, 0x00, 0x09, 0xff, 0xf2,
    0x00, 0x00, 0x00, 0x00, 0x00, 0x00, 0xef, 0xff,
    0x70, 0x00, 0x00, 0x00, 0x00, 0x00, 0x4f, 0xff,
    0xfc, 0x00, 0x00, 0x00, 0x00, 0x00, 0x09, 0xfe,
    0x6f, 0xf2, 0x00, 0x00, 0x00, 0x00, 0x00, 0xef,
    0x91, 0xff, 0x70, 0x00, 0x00, 0x00, 0x00, 0x4f,
    0xf4, 0x0b, 0xfd, 0x00, 0x00, 0x00, 0x00, 0x09,
    0xfe, 0x00, 0x6f, 0xf2, 0x00, 0x00, 0x00, 0x00,
    0xef, 0x90, 0x01, 0xff, 0x80, 0x00, 0x00, 0x00,
    0x4f, 0xf4, 0x00, 0x0b, 0xfd, 0x00, 0x00, 0x00,
    0x0a, 0xfe, 0x00, 0x00, 0x6f, 0xf2, 0x00, 0x00,
    0x00, 0xff, 0x90, 0x00, 0x01, 0xff, 0x80, 0x00,
    0x00, 0x4f, 0xfb, 0x77, 0x77, 0x7f, 0xfd, 0x00,
    0x00, 0x0a, 0xff, 0xff, 0xff, 0xff, 0xff, 0xf3,
    0x00, 0x00, 0xff, 0xff, 0xff, 0xff, 0xff, 0xff,
    0x80, 0x00, 0x5f, 0xf3, 0x00, 0x00, 0x00, 0x0a,
    0xfd, 0x00, 0x0a, 0xfe, 0x00, 0x00, 0x00, 0x00,
    0x5f, 0xf3, 0x00, 0xff, 0x80, 0x00, 0x00, 0x00,
    0x00, 0xff, 0x80, 0x5f, 0xf3, 0x00, 0x00, 0x00,
    0x00, 0x0a, 0xfd, 0x00,

    /* U+00C4 "Ä" */
    0x00, 0x00, 0x05, 0x40, 0x01, 0x52, 0x00, 0x00,
    0x00, 0x00, 0x08, 0xff, 0x40, 0xcf, 0xf1, 0x00,
    0x00, 0x00, 0x00, 0xaf, 0xf7, 0x0e, 0xff, 0x30,
    0x00, 0x00, 0x00, 0x04, 0xed, 0x20, 0x7f, 0xb0,
    0x00, 0x00, 0x00, 0x00, 0x00, 0x00, 0x00, 0x00,
    0x00, 0x00, 0x00, 0x00, 0x00, 0x00, 0x00, 0x00,
    0x00, 0x00, 0x00, 0x00, 0x00, 0x00, 0x9f, 0xff,
    0x20, 0x00, 0x00, 0x00, 0x00, 0x00, 0x0e, 0xff,
    0xf7, 0x00, 0x00, 0x00, 0x00, 0x00, 0x04, 0xff,
    0xff, 0xc0, 0x00, 0x00, 0x00, 0x00, 0x00, 0x9f,
    0xe6, 0xff, 0x20, 0x00, 0x00, 0x00, 0x00, 0x0e,
    0xf9, 0x1f, 0xf7, 0x00, 0x00, 0x00, 0x00, 0x04,
    0xff, 0x40, 0xbf, 0xd0, 0x00, 0x00, 0x00, 0x00,
    0x9f, 0xe0, 0x06, 0xff, 0x20, 0x00, 0x00, 0x00,
    0x0e, 0xf9, 0x00, 0x1f, 0xf8, 0x00, 0x00, 0x00,
    0x04, 0xff, 0x40, 0x00, 0xbf, 0xd0, 0x00, 0x00,
    0x00, 0xaf, 0xe0, 0x00, 0x06, 0xff, 0x20, 0x00,
    0x00, 0x0f, 0xf9, 0x00, 0x00, 0x1f, 0xf8, 0x00,
    0x00, 0x04, 0xff, 0xb7, 0x77, 0x77, 0xff, 0xd0,
    0x00, 0x00, 0xaf, 0xff, 0xff, 0xff, 0xff, 0xff,
    0x30, 0x00, 0x0f, 0xff, 0xff, 0xff, 0xff, 0xff,
    0xf8, 0x00, 0x05, 0xff, 0x30, 0x00, 0x00, 0x00,
    0xaf, 0xd0, 0x00, 0xaf, 0xe0, 0x00, 0x00, 0x00,
    0x05, 0xff, 0x30, 0x0f, 0xf8, 0x00, 0x00, 0x00,
    0x00, 0x0f, 0xf8, 0x05, 0xff, 0x30, 0x00, 0x00,
    0x00, 0x00, 0xaf, 0xd0,

    /* U+00C7 "Ç" */
    0x00, 0x00, 0x01, 0x7c, 0xef, 0xec, 0x82, 0x00,
    0x00, 0x00, 0x00, 0x8f, 0xff, 0xff, 0xff, 0xff,
    0x60, 0x00, 0x00, 0x0b, 0xff, 0xfd, 0x98, 0x9d,
    0xff, 0xf9, 0x00, 0x00, 0x8f, 0xfe, 0x40, 0x00,
    0x00, 0x3d, 0xff, 0x60, 0x02, 0xff, 0xd1, 0x00,
    0x00, 0x00, 0x01, 0xdf, 0xa0, 0x09, 0xff, 0x30,
    0x00, 0x00, 0x00, 0x00, 0x10, 0x00, 0x0e, 0xfc,
    0x00, 0x00, 0x00, 0x00, 0x00, 0x00, 0x00, 0x1f,
    0xf7, 0x00, 0x00, 0x00, 0x00, 0x00, 0x00, 0x00,
    0x3f, 0xf5, 0x00, 0x00, 0x00, 0x00, 0x00, 0x00,
    0x00, 0x3f, 0xf5, 0x00, 0x00, 0x00, 0x00, 0x00,
    0x00, 0x00, 0x2f, 0xf7, 0x00, 0x00, 0x00, 0x00,
    0x00, 0x00, 0x00, 0x0f, 0xfc, 0x00, 0x00, 0x00,
    0x00, 0x00, 0x00, 0x00, 0x0a, 0xff, 0x30, 0x00,
    0x00, 0x00, 0x00, 0x10, 0x00, 0x03, 0xff, 0xe1,
    0x00, 0x00, 0x00, 0x01, 0xdf, 0xa0, 0x00, 0x8f,
    0xfe, 0x40, 0x00, 0x00, 0x4d, 0xff, 0x60, 0x00,
    0x0b, 0xff, 0xfd, 0x98, 0xad, 0xff, 0xf9, 0x00,
    0x00, 0x00, 0x8f, 0xff, 0xff, 0xff, 0xff, 0x60,
    0x00, 0x00, 0x00, 0x02, 0x8d, 0xff, 0xec, 0x82,
    0x00, 0x00, 0x00, 0x00, 0x00, 0x00, 0xed, 0x10,
    0x00, 0x00, 0x00, 0x00, 0x00, 0x00, 0x01, 0xff,
    0xf6, 0x00, 0x00, 0x00, 0x00, 0x00, 0x00, 0x00,
    0x01, 0xcd, 0x00, 0x00, 0x00, 0x00, 0x00, 0x00,
    0x0c, 0x88, 0xfb, 0x00, 0x00, 0x00, 0x00, 0x00,
    0x00, 0x1a, 0xef, 0xc2, 0x00, 0x00, 0x00,

    /* U+00C8 "È" */
    0x00, 0x63, 0x00, 0x00, 0x00, 0x00, 0x2f, 0xf4,
    0x00, 0x00, 0x00, 0x00, 0x6f, 0xf4, 0x00, 0x00,
    0x00, 0x00, 0x5f, 0xf4, 0x00, 0x00, 0x00, 0x00,
    0x5e, 0x20, 0x00, 0x00, 0x00, 0x00, 0x00, 0x00,
    0x00, 0x00, 0x00, 0x00, 0x00, 0x00, 0x0e, 0xff,
    0xff, 0xff, 0xff, 0xf7, 0xef, 0xff, 0xff, 0xff,
    0xff, 0x7e, 0xff, 0x77, 0x77, 0x77, 0x73, 0xef,
    0xa0, 0x00, 0x00, 0x00, 0x0e, 0xfa, 0x00, 0x00,
    0x00, 0x00, 0xef, 0xa0, 0x00, 0x00, 0x00, 0x0e,
    0xfa, 0x00, 0x00, 0x00, 0x00, 0xef, 0xa0, 0x00,
    0x00, 0x00, 0x0e, 0xff, 0xff, 0xff, 0xff, 0x00,
    0xef, 0xff, 0xff, 0xff, 0xf0, 0x0e, 0xff, 0x77,
    0x77, 0x77, 0x00, 0xef, 0xa0, 0x00, 0x00, 0x00,
    0x0e, 0xfa, 0x00, 0x00, 0x00, 0x00, 0xef, 0xa0,
    0x00, 0x00, 0x00, 0x0e, 0xfa, 0x00, 0x00, 0x00,
    0x00, 0xef, 0xf7, 0x77, 0x77, 0x77, 0x3e, 0xff,
    0xff, 0xff, 0xff, 0xf7, 0xef, 0xff, 0xff, 0xff,
    0xff, 0x70,

    /* U+00C9 "É" */
    0x00, 0x00, 0x00, 0x08, 0x10, 0x00, 0x00, 0x00,
    0x0b, 0xf9, 0x00, 0x00, 0x00, 0x0c, 0xfc, 0x10,
    0x00, 0x00, 0x0c, 0xfc, 0x00, 0x00, 0x00, 0x00,
    0x9b, 0x00, 0x00, 0x00, 0x00, 0x00, 0x00, 0x00,
    0x00, 0x00, 0x00, 0x00, 0x00, 0x00, 0x0e, 0xff,
    0xff, 0xff, 0xff, 0xf7, 0xef, 0xff, 0xff, 0xff,
    0xff, 0x7e, 0xff, 0x77, 0x77, 0x77, 0x73, 0xef,
    0xa0, 0x00, 0x00, 0x00, 0x0e, 0xfa, 0x00, 0x00,
    0x00, 0x00, 0xef, 0xa0, 0x00, 0x00, 0x00, 0x0e,
    0xfa, 0x00, 0x00, 0x00, 0x00, 0xef, 0xa0, 0x00,
    0x00, 0x00, 0x0e, 0xff, 0xff, 0xff, 0xff, 0x00,
    0xef, 0xff, 0xff, 0xff, 0xf0, 0x0e, 0xff, 0x77,
    0x77, 0x77, 0x00, 0xef, 0xa0, 0x00, 0x00, 0x00,
    0x0e, 0xfa, 0x00, 0x00, 0x00, 0x00, 0xef, 0xa0,
    0x00, 0x00, 0x00, 0x0e, 0xfa, 0x00, 0x00, 0x00,
    0x00, 0xef, 0xf7, 0x77, 0x77, 0x77, 0x3e, 0xff,
    0xff, 0xff, 0xff, 0xf7, 0xef, 0xff, 0xff, 0xff,
    0xff, 0x70,

    /* U+00CD "Í" */
    0x00, 0x00, 0x81, 0x00, 0x0a, 0xfb, 0x00, 0xbf,
    0xd1, 0x0b, 0xfc, 0x10, 0x08, 0xc1, 0x00, 0x00,
    0x00, 0x00, 0x00, 0x00, 0x00, 0x0e, 0xfa, 0x00,
    0x0e, 0xfa, 0x00, 0x0e, 0xfa, 0x00, 0x0e, 0xfa,
    0x00, 0x0e, 0xfa, 0x00, 0x0e, 0xfa, 0x00, 0x0e,
    0xfa, 0x00, 0x0e, 0xfa, 0x00, 0x0e, 0xfa, 0x00,
    0x0e, 0xfa, 0x00, 0x0e, 0xfa, 0x00, 0x0e, 0xfa,
    0x00, 0x0e, 0xfa, 0x00, 0x0e, 0xfa, 0x00, 0x0e,
    0xfa, 0x00, 0x0e, 0xfa, 0x00, 0x0e, 0xfa, 0x00,
    0x0e, 0xfa, 0x00,

    /* U+00D3 "Ó" */
    0x00, 0x00, 0x00, 0x00, 0x00, 0x04, 0x10, 0x00,
    0x00, 0x00, 0x00, 0x00, 0x00, 0x00, 0x04, 0xfc,
    0x00, 0x00, 0x00, 0x00, 0x00, 0x00, 0x00, 0x05,
    0xff, 0x50, 0x00, 0x00, 0x00, 0x00, 0x00, 0x00,
    0x06, 0xff, 0x50, 0x00, 0x00, 0x00, 0x00, 0x00,
    0x00, 0x00, 0x8f, 0x40, 0x00, 0x00, 0x00, 0x00,
    0x00, 0x00, 0x00, 0x00, 0x20, 0x00, 0x00, 0x00,
    0x00, 0x00, 0x00, 0x00, 0x00, 0x00, 0x00, 0x00,
    0x00, 0x00, 0x00, 0x00, 0x00, 0x17, 0xbe, 0xfe,
    0xc7, 0x10, 0x00, 0x00, 0x00, 0x00, 0x7f, 0xff,
    0xff, 0xff, 0xff, 0x80, 0x00, 0x00, 0x00, 0xaf,
    0xff, 0xda, 0x89, 0xcf, 0xff, 0xb0, 0x00, 0x00,
    0x8f, 0xfe, 0x50, 0x00, 0x00, 0x3d, 0xff, 0xa0,
    0x00, 0x2f, 0xfe, 0x10, 0x00, 0x00, 0x00, 0x0c,
    0xff, 0x30, 0x09, 0xff, 0x40, 0x00, 0x00, 0x00,
    0x00, 0x2f, 0xfb, 0x00, 0xef, 0xc0, 0x00, 0x00,
    0x00, 0x00, 0x00, 0xaf, 0xf0, 0x1f, 0xf7, 0x00,
    0x00, 0x00, 0x00, 0x00, 0x05, 0xff, 0x33, 0xff,
    0x50, 0x00, 0x00, 0x00, 0x00, 0x00, 0x3f, 0xf5,
    0x3f, 0xf5, 0x00, 0x00, 0x00, 0x00, 0x00, 0x03,
    0xff, 0x51, 0xff, 0x70, 0x00, 0x00, 0x00, 0x00,
    0x00, 0x5f, 0xf3, 0x0e, 0xfc, 0x00, 0x00, 0x00,
    0x00, 0x00, 0x0a, 0xff, 0x00, 0x9f, 0xf4, 0x00,
    0x00, 0x00, 0x00, 0x02, 0xff, 0xb0, 0x02, 0xff,
    0xe2, 0x00, 0x00, 0x00, 0x00, 0xdf, 0xf3, 0x00,
    0x07, 0xff, 0xe5, 0x00, 0x00, 0x03, 0xdf, 0xf9,
    0x00, 0x00, 0x09, 0xff, 0xfe, 0xa8, 0xad, 0xff,
    0xfb, 0x00, 0x00, 0x00, 0x06, 0xff, 0xff, 0xff,
    0xff, 0xf8, 0x00, 0x00, 0x00, 0x00, 0x01, 0x7b,
    0xef, 0xec, 0x81, 0x00, 0x00, 0x00,

    /* U+00D6 "Ö" */
    0x00, 0x00, 0x00, 0x35, 0x00, 0x05, 0x40, 0x00,
    0x00, 0x00, 0x00, 0x00, 0x3f, 0xf9, 0x07, 0xff,
    0x50, 0x00, 0x00, 0x00, 0x00, 0x06, 0xff, 0xb0,
    0xaf, 0xf7, 0x00, 0x00, 0x00, 0x00, 0x00, 0x1d,
    0xe4, 0x03, 0xed, 0x20, 0x00, 0x00, 0x00, 0x00,
    0x00, 0x00, 0x00, 0x00, 0x00, 0x00, 0x00, 0x00,
    0x00, 0x00, 0x00, 0x00, 0x00, 0x00, 0x00, 0x00,
    0x00, 0x00, 0x00, 0x01, 0x7b, 0xef, 0xec, 0x71,
    0x00, 0x00, 0x00, 0x00, 0x07, 0xff, 0xff, 0xff,
    0xff, 0xf8, 0x00, 0x00, 0x00, 0x0a, 0xff, 0xfd,
    0xa8, 0x9c, 0xff, 0xfb, 0x00, 0x00, 0x08, 0xff,
    0xe5, 0x00, 0x00, 0x03, 0xdf, 0xfa, 0x00, 0x02,
    0xff, 0xe1, 0x00, 0x00, 0x00, 0x00, 0xcf, 0xf3,
    0x00, 0x9f, 0xf4, 0x00, 0x00, 0x00, 0x00, 0x02,
    0xff, 0xb0, 0x0e, 0xfc, 0x00, 0x00, 0x00, 0x00,
    0x00, 0x0a, 0xff, 0x01, 0xff, 0x70, 0x00, 0x00,
    0x00, 0x00, 0x00, 0x5f, 0xf3, 0x3f, 0xf5, 0x00,
    0x00, 0x00, 0x00, 0x00, 0x03, 0xff, 0x53, 0xff,
    0x50, 0x00, 0x00, 0x00, 0x00, 0x00, 0x3f, 0xf5,
    0x1f, 0xf7, 0x00, 0x00, 0x00, 0x00, 0x00, 0x05,
    0xff, 0x30, 0xef, 0xc0, 0x00, 0x00, 0x00, 0x00,
    0x00, 0xaf, 0xf0, 0x09, 0xff, 0x40, 0x00, 0x00,
    0x00, 0x00, 0x2f, 0xfb, 0x00, 0x2f, 0xfe, 0x20,
    0x00, 0x00, 0x00, 0x0d, 0xff, 0x30, 0x00, 0x7f,
    0xfe, 0x50, 0x00, 0x00, 0x3d, 0xff, 0x90, 0x00,
    0x00, 0x9f, 0xff, 0xea, 0x8a, 0xdf, 0xff, 0xb0,
    0x00, 0x00, 0x00, 0x6f, 0xff, 0xff, 0xff, 0xff,
    0x80, 0x00, 0x00, 0x00, 0x00, 0x17, 0xbe, 0xfe,
    0xc8, 0x10, 0x00, 0x00,

    /* U+00DA "Ú" */
    0x00, 0x00, 0x00, 0x00, 0x63, 0x00, 0x00, 0x00,
    0x00, 0x00, 0x07, 0xfe, 0x00, 0x00, 0x00, 0x00,
    0x00, 0x8f, 0xe3, 0x00, 0x00, 0x00, 0x00, 0x08,
    0xfe, 0x20, 0x00, 0x00, 0x00, 0x00, 0x04, 0xe2,
    0x00, 0x00, 0x00, 0x00, 0x00, 0x00, 0x00, 0x00,
    0x00, 0x00, 0x00, 0x00, 0x00, 0x00, 0x00, 0x00,
    0x00, 0xff, 0x80, 0x00, 0x00, 0x00, 0x4f, 0xf3,
    0xff, 0x80, 0x00, 0x00, 0x00, 0x4f, 0xf3, 0xff,
    0x80, 0x00, 0x00, 0x00, 0x4f, 0xf3, 0xff, 0x80,
    0x00, 0x00, 0x00, 0x4f, 0xf3, 0xff, 0x80, 0x00,
    0x00, 0x00, 0x4f, 0xf3, 0xff, 0x80, 0x00, 0x00,
    0x00, 0x4f, 0xf3, 0xff, 0x80, 0x00, 0x00, 0x00,
    0x4f, 0xf3, 0xff, 0x80, 0x00, 0x00, 0x00, 0x4f,
    0xf3, 0xff, 0x80, 0x00, 0x00, 0x00, 0x4f, 0xf3,
    0xff, 0x80, 0x00, 0x00, 0x00, 0x4f, 0xf3, 0xff,
    0x80, 0x00, 0x00, 0x00, 0x4f, 0xf3, 0xff, 0x80,
    0x00, 0x00, 0x00, 0x5f, 0xf2, 0xdf, 0xb0, 0x00,
    0x00, 0x00, 0x8f, 0xf0, 0xaf, 0xf2, 0x00, 0x00,
    0x00, 0xef, 0xd0, 0x4f, 0xfc, 0x10, 0x00, 0x0a,
    0xff, 0x70, 0x0b, 0xff, 0xfa, 0x89, 0xef, 0xfd,
    0x00, 0x00, 0xbf, 0xff, 0xff, 0xff, 0xd2, 0x00,
    0x00, 0x05, 0xbe, 0xfe, 0xc6, 0x00, 0x00,

    /* U+00DC "Ü" */
    0x00, 0x03, 0x50, 0x00, 0x54, 0x00, 0x00, 0x00,
    0x3f, 0xf9, 0x07, 0xff, 0x50, 0x00, 0x00, 0x5f,
    0xfc, 0x09, 0xff, 0x80, 0x00, 0x00, 0x1c, 0xe5,
    0x03, 0xed, 0x20, 0x00, 0x00, 0x00, 0x00, 0x00,
    0x00, 0x00, 0x00, 0x00, 0x00, 0x00, 0x00, 0x00,
    0x00, 0x00, 0xff, 0x80, 0x00, 0x00, 0x00, 0x4f,
    0xf3, 0xff, 0x80, 0x00, 0x00, 0x00, 0x4f, 0xf3,
    0xff, 0x80, 0x00, 0x00, 0x00, 0x4f, 0xf3, 0xff,
    0x80, 0x00, 0x00, 0x00, 0x4f, 0xf3, 0xff, 0x80,
    0x00, 0x00, 0x00, 0x4f, 0xf3, 0xff, 0x80, 0x00,
    0x00, 0x00, 0x4f, 0xf3, 0xff, 0x80, 0x00, 0x00,
    0x00, 0x4f, 0xf3, 0xff, 0x80, 0x00, 0x00, 0x00,
    0x4f, 0xf3, 0xff, 0x80, 0x00, 0x00, 0x00, 0x4f,
    0xf3, 0xff, 0x80, 0x00, 0x00, 0x00, 0x4f, 0xf3,
    0xff, 0x80, 0x00, 0x00, 0x00, 0x4f, 0xf3, 0xff,
    0x80, 0x00, 0x00, 0x00, 0x5f, 0xf2, 0xdf, 0xb0,
    0x00, 0x00, 0x00, 0x8f, 0xf0, 0xaf, 0xf2, 0x00,
    0x00, 0x00, 0xef, 0xd0, 0x4f, 0xfc, 0x10, 0x00,
    0x0a, 0xff, 0x70, 0x0b, 0xff, 0xfa, 0x89, 0xef,
    0xfd, 0x00, 0x00, 0xbf, 0xff, 0xff, 0xff, 0xd2,
    0x00, 0x00, 0x05, 0xbe, 0xfe, 0xc6, 0x00, 0x00,

    /* U+00DF "ß" */
    0x00, 0x07, 0xdf, 0xec, 0x50, 0x00, 0x00, 0x0c,
    0xff, 0xff, 0xff, 0x90, 0x00, 0x09, 0xff, 0xd9,
    0x9e, 0xff, 0x40, 0x00, 0xff, 0xc0, 0x00, 0x2f,
    0xf9, 0x00, 0x4f, 0xf4, 0x00, 0x00, 0xff, 0xa0,
    0x06, 0xff, 0x20, 0x00, 0x9f, 0xf6, 0x00, 0x6f,
    0xf1, 0x00, 0x8f, 0xfa, 0x00, 0x06, 0xff, 0x10,
    0x4f, 0xfb, 0x00, 0x00, 0x6f, 0xf1, 0x08, 0xff,
    0x00, 0x00, 0x06, 0xff, 0x10, 0x6f, 0xf4, 0x00,
    0x00, 0x6f, 0xf1, 0x00, 0xdf, 0xf6, 0x00, 0x06,
    0xff, 0x10, 0x01, 0xcf, 0xf9, 0x00, 0x6f, 0xf1,
    0x00, 0x00, 0x9f, 0xf6, 0x06, 0xff, 0x10, 0x00,
    0x00, 0xaf, 0xd0, 0x6f, 0xf1, 0x2c, 0x10, 0x05,
    0xff, 0x06, 0xff, 0x1e, 0xfd, 0x54, 0xcf, 0xe0,
    0x6f, 0xf1, 0x4f, 0xff, 0xff, 0xf6, 0x06, 0xff,
    0x10, 0x3a, 0xef, 0xc4, 0x00,

    /* U+00E0 "à" */
    0x00, 0x04, 0x00, 0x00, 0x00, 0x00, 0x05, 0xfa,
    0x00, 0x00, 0x00, 0x00, 0x1d, 0xfb, 0x00, 0x00,
    0x00, 0x00, 0x1c, 0xfb, 0x00, 0x00, 0x00, 0x00,
    0x0c, 0xe2, 0x00, 0x00, 0x00, 0x00, 0x02, 0x00,
    0x00, 0x00, 0x00, 0x00, 0x00, 0x00, 0x00, 0x02,
    0x8d, 0xff, 0xd7, 0x00, 0x00, 0xef, 0xff, 0xff,
    0xfc, 0x00, 0x06, 0xa6, 0x56, 0xbf, 0xf6, 0x00,
    0x00, 0x00, 0x00, 0xef, 0xa0, 0x01, 0x9e, 0xfd,
    0x8c, 0xfc, 0x02, 0xef, 0xff, 0xff, 0xff, 0xc0,
    0xbf, 0xfa, 0x56, 0xcf, 0xfc, 0x0f, 0xfa, 0x00,
    0x00, 0xff, 0xc2, 0xff, 0x70, 0x00, 0x0b, 0xfc,
    0x0f, 0xfa, 0x00, 0x00, 0xef, 0xc0, 0xcf, 0xfa,
    0x56, 0xdf, 0xfc, 0x03, 0xff, 0xff, 0xff, 0xff,
    0xc0, 0x02, 0xae, 0xfd, 0x82, 0xfc,

    /* U+00E1 "á" */
    0x00, 0x00, 0x00, 0x00, 0x40, 0x00, 0x00, 0x00,
    0x00, 0xaf, 0x50, 0x00, 0x00, 0x00, 0xbf, 0xd1,
    0x00, 0x00, 0x00, 0xbf, 0xc1, 0x00, 0x00, 0x00,
    0x2e, 0xc0, 0x00, 0x00, 0x00, 0x00, 0x20, 0x00,
    0x00, 0x00, 0x00, 0x00, 0x00, 0x00, 0x00, 0x02,
    0x8d, 0xff, 0xd7, 0x00, 0x00, 0xef, 0xff, 0xff,
    0xfc, 0x00, 0x06, 0xa6, 0x56, 0xbf, 0xf6, 0x00,
    0x00, 0x00, 0x00, 0xef, 0xa0, 0x01, 0x9e, 0xfd,
    0x8c, 0xfc, 0x02, 0xef, 0xff, 0xff, 0xff, 0xc0,
    0xbf, 0xfa, 0x56, 0xcf, 0xfc, 0x0f, 0xfa, 0x00,
    0x00, 0xff, 0xc2, 0xff, 0x70, 0x00, 0x0b, 0xfc,
    0x0f, 0xfa, 0x00, 0x00, 0xef, 0xc0, 0xcf, 0xfa,
    0x56, 0xdf, 0xfc, 0x03, 0xff, 0xff, 0xff, 0xff,
    0xc0, 0x02, 0xae, 0xfd, 0x82, 0xfc,

    /* U+00E2 "â" */
    0x00, 0x00, 0x03, 0x40, 0x00, 0x00, 0x00, 0x03,
    0xff, 0x40, 0x00, 0x00, 0x02, 0xef, 0xff, 0x30,
    0x00, 0x02, 0xef, 0x76, 0xfe, 0x30, 0x00, 0x2e,
    0x80, 0x07, 0xf2, 0x00, 0x00, 0x10, 0x00, 0x02,
    0x00, 0x00, 0x00, 0x00, 0x00, 0x00, 0x00, 0x02,
    0x8d, 0xff, 0xd7, 0x00, 0x00, 0xef, 0xff, 0xff,
    0xfc, 0x00, 0x06, 0xa6, 0x56, 0xbf, 0xf6, 0x00,
    0x00, 0x00, 0x00, 0xef, 0xa0, 0x01, 0x9e, 0xfd,
    0x8c, 0xfc, 0x02, 0xef, 0xff, 0xff, 0xff, 0xc0,
    0xbf, 0xfa, 0x56, 0xcf, 0xfc, 0x0f, 0xfa, 0x00,
    0x00, 0xff, 0xc2, 0xff, 0x70, 0x00, 0x0b, 0xfc,
    0x0f, 0xfa, 0x00, 0x00, 0xef, 0xc0, 0xcf, 0xfa,
    0x56, 0xdf, 0xfc, 0x03, 0xff, 0xff, 0xff, 0xff,
    0xc0, 0x02, 0xae, 0xfd, 0x82, 0xfc,

    /* U+00E3 "ã" */
    0x00, 0x04, 0x73, 0x00, 0x12, 0x00, 0x08, 0xff,
    0xfa, 0x19, 0xf5, 0x03, 0xff, 0x8e, 0xff, 0xff,
    0x10, 0x06, 0x50, 0x19, 0xed, 0x40, 0x00, 0x00,
    0x00, 0x00, 0x00, 0x00, 0x00, 0x00, 0x00, 0x00,
    0x00, 0x00, 0x28, 0xdf, 0xfd, 0x70, 0x00, 0x0e,
    0xff, 0xff, 0xff, 0xc0, 0x00, 0x6a, 0x65, 0x6b,
    0xff, 0x60, 0x00, 0x00, 0x00, 0x0e, 0xfa, 0x00,
    0x19, 0xef, 0xd8, 0xcf, 0xc0, 0x2e, 0xff, 0xff,
    0xff, 0xfc, 0x0b, 0xff, 0xa5, 0x6c, 0xff, 0xc0,
    0xff, 0xa0, 0x00, 0x0f, 0xfc, 0x2f, 0xf7, 0x00,
    0x00, 0xbf, 0xc0, 0xff, 0xa0, 0x00, 0x0e, 0xfc,
    0x0c, 0xff, 0xa5, 0x6d, 0xff, 0xc0, 0x3f, 0xff,
    0xff, 0xff, 0xfc, 0x00, 0x2a, 0xef, 0xd8, 0x2f,
    0xc0,

    /* U+00E4 "ä" */
    0x00, 0x6f, 0xb0, 0x0a, 0xf8, 0x00, 0x0d, 0xff,
    0x41, 0xff, 0xf0, 0x00, 0xbf, 0xf2, 0x0e, 0xfd,
    0x00, 0x00, 0x52, 0x00, 0x26, 0x10, 0x00, 0x00,
    0x00, 0x00, 0x00, 0x00, 0x02, 0x8d, 0xff, 0xd7,
    0x00, 0x00, 0xef, 0xff, 0xff, 0xfc, 0x00, 0x06,
    0xa6, 0x56, 0xbf, 0xf6, 0x00, 0x00, 0x00, 0x00,
    0xef, 0xa0, 0x01, 0x9e, 0xfd, 0x8c, 0xfc, 0x02,
    0xef, 0xff, 0xff, 0xff, 0xc0, 0xbf, 0xfa, 0x56,
    0xcf, 0xfc, 0x0f, 0xfa, 0x00, 0x00, 0xff, 0xc2,
    0xff, 0x70, 0x00, 0x0b, 0xfc, 0x0f, 0xfa, 0x00,
    0x00, 0xef, 0xc0, 0xcf, 0xfa, 0x56, 0xdf, 0xfc,
    0x03, 0xff, 0xff, 0xff, 0xff, 0xc0, 0x02, 0xae,
    0xfd, 0x82, 0xfc,

    /* U+00E7 "ç" */
    0x00, 0x01, 0x7d, 0xfe, 0xc5, 0x00, 0x00, 0x03,
    0xef, 0xff, 0xff, 0xfb, 0x00, 0x01, 0xef, 0xfd,
    0x89, 0xef, 0xfa, 0x00, 0x8f, 0xf8, 0x00, 0x00,
    0xcf, 0xf1, 0x0e, 0xfd, 0x00, 0x00, 0x02, 0x60,
    0x00, 0xff, 0x80, 0x00, 0x00, 0x00, 0x00, 0x2f,
    0xf7, 0x00, 0x00, 0x00, 0x00, 0x00, 0xff, 0x80,
    0x00, 0x00, 0x00, 0x00, 0x0e, 0xfd, 0x00, 0x00,
    0x02, 0x60, 0x00, 0x8f, 0xf8, 0x00, 0x00, 0xcf,
    0xe1, 0x01, 0xef, 0xfd, 0x89, 0xef, 0xf9, 0x00,
    0x03, 0xef, 0xff, 0xff, 0xfb, 0x00, 0x00, 0x01,
    0x7e, 0xff, 0xc5, 0x00, 0x00, 0x00, 0x00, 0x7f,
    0x40, 0x00, 0x00, 0x00, 0x00, 0x0a, 0xff, 0xc0,
    0x00, 0x00, 0x00, 0x00, 0x00, 0x6f, 0x40, 0x00,
    0x00, 0x00, 0x7a, 0x7b, 0xf2, 0x00, 0x00, 0x00,
    0x06, 0xdf, 0xe7, 0x00, 0x00,

    /* U+00E8 "è" */
    0x00, 0x00, 0x40, 0x00, 0x00, 0x00, 0x00, 0x00,
    0x8f, 0x70, 0x00, 0x00, 0x00, 0x00, 0x03, 0xef,
    0x80, 0x00, 0x00, 0x00, 0x00, 0x02, 0xef, 0x90,
    0x00, 0x00, 0x00, 0x00, 0x02, 0xec, 0x00, 0x00,
    0x00, 0x00, 0x00, 0x02, 0x10, 0x00, 0x00, 0x00,
    0x00, 0x00, 0x00, 0x00, 0x00, 0x00, 0x00, 0x18,
    0xdf, 0xec, 0x60, 0x00, 0x00, 0x3e, 0xff, 0xff,
    0xff, 0xb1, 0x00, 0x1e, 0xfe, 0x62, 0x38, 0xff,
    0xa0, 0x08, 0xff, 0x20, 0x00, 0x08, 0xff, 0x30,
    0xef, 0xc2, 0x22, 0x22, 0x3f, 0xf9, 0x0f, 0xff,
    0xff, 0xff, 0xff, 0xff, 0xb2, 0xff, 0xff, 0xff,
    0xff, 0xff, 0xfc, 0x0f, 0xf7, 0x00, 0x00, 0x00,
    0x00, 0x00, 0xef, 0xa0, 0x00, 0x00, 0x04, 0x00,
    0x08, 0xff, 0x30, 0x00, 0x05, 0xfd, 0x20, 0x1e,
    0xff, 0x84, 0x59, 0xff, 0xc0, 0x00, 0x3e, 0xff,
    0xff, 0xff, 0xd2, 0x00, 0x00, 0x18, 0xdf, 0xec,
    0x70, 0x00,

    /* U+00E9 "é" */
    0x00, 0x00, 0x00, 0x00, 0x13, 0x00, 0x00, 0x00,
    0x00, 0x00, 0x1d, 0xf2, 0x00, 0x00, 0x00, 0x00,
    0x1d, 0xfa, 0x00, 0x00, 0x00, 0x00, 0x2e, 0xfa,
    0x00, 0x00, 0x00, 0x00, 0x04, 0xf9, 0x00, 0x00,
    0x00, 0x00, 0x00, 0x03, 0x00, 0x00, 0x00, 0x00,
    0x00, 0x00, 0x00, 0x00, 0x00, 0x00, 0x00, 0x18,
    0xdf, 0xec, 0x60, 0x00, 0x00, 0x3e, 0xff, 0xff,
    0xff, 0xb1, 0x00, 0x1e, 0xfe, 0x62, 0x38, 0xff,
    0xa0, 0x08, 0xff, 0x20, 0x00, 0x08, 0xff, 0x30,
    0xef, 0xc2, 0x22, 0x22, 0x3f, 0xf9, 0x0f, 0xff,
    0xff, 0xff, 0xff, 0xff, 0xb2, 0xff, 0xff, 0xff,
    0xff, 0xff, 0xfc, 0x0f, 0xf7, 0x00, 0x00, 0x00,
    0x00, 0x00, 0xef, 0xa0, 0x00, 0x00, 0x04, 0x00,
    0x08, 0xff, 0x30, 0x00, 0x05, 0xfd, 0x20, 0x1e,
    0xff, 0x84, 0x59, 0xff, 0xc0, 0x00, 0x3e, 0xff,
    0xff, 0xff, 0xd2, 0x00, 0x00, 0x18, 0xdf, 0xec,
    0x70, 0x00,

    /* U+00EA "ê" */
    0x00, 0x00, 0x00, 0x62, 0x00, 0x00, 0x00, 0x00,
    0x00, 0x6f, 0xe1, 0x00, 0x00, 0x00, 0x00, 0x5f,
    0xff, 0xd1, 0x00, 0x00, 0x00, 0x4f, 0xf4, 0x9f,
    0xd1, 0x00, 0x00, 0x04, 0xf4, 0x00, 0xbd, 0x10,
    0x00, 0x00, 0x01, 0x00, 0x00, 0x10, 0x00, 0x00,
    0x00, 0x00, 0x00, 0x00, 0x00, 0x00, 0x00, 0x18,
    0xdf, 0xec, 0x60, 0x00, 0x00, 0x3e, 0xff, 0xff,
    0xff, 0xb1, 0x00, 0x1e, 0xfe, 0x62, 0x38, 0xff,
    0xa0, 0x08, 0xff, 0x20, 0x00, 0x08, 0xff, 0x30,
    0xef, 0xc2, 0x22, 0x22, 0x3f, 0xf9, 0x0f, 0xff,
    0xff, 0xff, 0xff, 0xff, 0xb2, 0xff, 0xff, 0xff,
    0xff, 0xff, 0xfc, 0x0f, 0xf7, 0x00, 0x00, 0x00,
    0x00, 0x00, 0xef, 0xa0, 0x00, 0x00, 0x04, 0x00,
    0x08, 0xff, 0x30, 0x00, 0x05, 0xfd, 0x20, 0x1e,
    0xff, 0x84, 0x59, 0xff, 0xc0, 0x00, 0x3e, 0xff,
    0xff, 0xff, 0xd2, 0x00, 0x00, 0x18, 0xdf, 0xec,
    0x70, 0x00,

    /* U+00ED "í" */
    0x00, 0x03, 0x70, 0x00, 0x3f, 0xf3, 0x03, 0xff,
    0x70, 0x4f, 0xf6, 0x00, 0x1d, 0x60, 0x00, 0x00,
    0x00, 0x00, 0x00, 0x00, 0x00, 0x5f, 0xf2, 0x00,
    0x5f, 0xf2, 0x00, 0x5f, 0xf2, 0x00, 0x5f, 0xf2,
    0x00, 0x5f, 0xf2, 0x00, 0x5f, 0xf2, 0x00, 0x5f,
    0xf2, 0x00, 0x5f, 0xf2, 0x00, 0x5f, 0xf2, 0x00,
    0x5f, 0xf2, 0x00, 0x5f, 0xf2, 0x00, 0x5f, 0xf2,
    0x00, 0x5f, 0xf2, 0x00,

    /* U+00EE "î" */
    0x00, 0x08, 0x40, 0x00, 0x00, 0x6f, 0xe2, 0x00,
    0x04, 0xff, 0xfd, 0x10, 0x1e, 0xf6, 0xbf, 0xb0,
    0x08, 0x90, 0x1d, 0x50, 0x00, 0x00, 0x00, 0x00,
    0x00, 0x00, 0x00, 0x00, 0x00, 0x5f, 0xf2, 0x00,
    0x00, 0x5f, 0xf2, 0x00, 0x00, 0x5f, 0xf2, 0x00,
    0x00, 0x5f, 0xf2, 0x00, 0x00, 0x5f, 0xf2, 0x00,
    0x00, 0x5f, 0xf2, 0x00, 0x00, 0x5f, 0xf2, 0x00,
    0x00, 0x5f, 0xf2, 0x00, 0x00, 0x5f, 0xf2, 0x00,
    0x00, 0x5f, 0xf2, 0x00, 0x00, 0x5f, 0xf2, 0x00,
    0x00, 0x5f, 0xf2, 0x00, 0x00, 0x5f, 0xf2, 0x00,

    /* U+00F1 "ñ" */
    0x00, 0x05, 0x62, 0x00, 0x21, 0x00, 0x00, 0xbf,
    0xff, 0x80, 0xbf, 0x30, 0x05, 0xfe, 0x9f, 0xff,
    0xfe, 0x00, 0x00, 0x73, 0x02, 0xbf, 0xc2, 0x00,
    0x00, 0x00, 0x00, 0x00, 0x00, 0x00, 0x00, 0x00,
    0x00, 0x00, 0x00, 0x00, 0x6f, 0x90, 0x29, 0xef,
    0xe8, 0x00, 0x6f, 0xd7, 0xff, 0xff, 0xff, 0x90,
    0x6f, 0xff, 0xfc, 0x9b, 0xff, 0xf0, 0x6f, 0xfe,
    0x50, 0x00, 0x8f, 0xf2, 0x6f, 0xf3, 0x00, 0x00,
    0x4f, 0xf3, 0x6f, 0xf1, 0x00, 0x00, 0x3f, 0xf4,
    0x6f, 0xf1, 0x00, 0x00, 0x3f, 0xf4, 0x6f, 0xf1,
    0x00, 0x00, 0x3f, 0xf4, 0x6f, 0xf1, 0x00, 0x00,
    0x3f, 0xf4, 0x6f, 0xf1, 0x00, 0x00, 0x3f, 0xf4,
    0x6f, 0xf1, 0x00, 0x00, 0x3f, 0xf4, 0x6f, 0xf1,
    0x00, 0x00, 0x3f, 0xf4, 0x6f, 0xf1, 0x00, 0x00,
    0x3f, 0xf4,

    /* U+00F3 "ó" */
    0x00, 0x00, 0x00, 0x00, 0x04, 0x00, 0x00, 0x00,
    0x00, 0x00, 0x00, 0xaf, 0x50, 0x00, 0x00, 0x00,
    0x00, 0x0b, 0xfd, 0x10, 0x00, 0x00, 0x00, 0x00,
    0xbf, 0xc1, 0x00, 0x00, 0x00, 0x00, 0x02, 0xec,
    0x10, 0x00, 0x00, 0x00, 0x00, 0x00, 0x20, 0x00,
    0x00, 0x00, 0x00, 0x00, 0x00, 0x00, 0x00, 0x00,
    0x00, 0x00, 0x00, 0x7c, 0xef, 0xd8, 0x10, 0x00,
    0x00, 0x2d, 0xff, 0xff, 0xff, 0xe4, 0x00, 0x00,
    0xdf, 0xfd, 0x98, 0xcf, 0xff, 0x20, 0x07, 0xff,
    0x90, 0x00, 0x06, 0xff, 0xb0, 0x0d, 0xfd, 0x00,
    0x00, 0x00, 0xaf, 0xf1, 0x0f, 0xf8, 0x00, 0x00,
    0x00, 0x5f, 0xf3, 0x1f, 0xf7, 0x00, 0x00, 0x00,
    0x3f, 0xf5, 0x0f, 0xf8, 0x00, 0x00, 0x00, 0x5f,
    0xf3, 0x0d, 0xfd, 0x00, 0x00, 0x00, 0xaf, 0xf1,
    0x08, 0xff, 0x90, 0x00, 0x06, 0xff, 0xb0, 0x01,
    0xef, 0xfd, 0x98, 0xcf, 0xff, 0x20, 0x00, 0x2d,
    0xff, 0xff, 0xff, 0xf4, 0x00, 0x00, 0x00, 0x7c,
    0xef, 0xd8, 0x10, 0x00,

    /* U+00F5 "õ" */
    0x00, 0x00, 0x47, 0x30, 0x01, 0x20, 0x00, 0x00,
    0x08, 0xff, 0xfb, 0x18, 0xf5, 0x00, 0x00, 0x3f,
    0xf8, 0xef, 0xff, 0xf2, 0x00, 0x00, 0x05, 0x50,
    0x19, 0xed, 0x40, 0x00, 0x00, 0x00, 0x00, 0x00,
    0x00, 0x00, 0x00, 0x00, 0x00, 0x00, 0x00, 0x00,
    0x00, 0x00, 0x00, 0x00, 0x7c, 0xef, 0xd8, 0x10,
    0x00, 0x00, 0x2d, 0xff, 0xff, 0xff, 0xe4, 0x00,
    0x00, 0xdf, 0xfd, 0x98, 0xcf, 0xff, 0x20, 0x07,
    0xff, 0x90, 0x00, 0x06, 0xff, 0xb0, 0x0d, 0xfd,
    0x00, 0x00, 0x00, 0xaf, 0xf1, 0x0f, 0xf8, 0x00,
    0x00, 0x00, 0x5f, 0xf3, 0x1f, 0xf7, 0x00, 0x00,
    0x00, 0x3f, 0xf5, 0x0f, 0xf8, 0x00, 0x00, 0x00,
    0x5f, 0xf3, 0x0d, 0xfd, 0x00, 0x00, 0x00, 0xaf,
    0xf1, 0x08, 0xff, 0x90, 0x00, 0x06, 0xff, 0xb0,
    0x01, 0xef, 0xfd, 0x98, 0xcf, 0xff, 0x20, 0x00,
    0x2d, 0xff, 0xff, 0xff, 0xf4, 0x00, 0x00, 0x00,
    0x7c, 0xef, 0xd8, 0x10, 0x00,

    /* U+00F6 "ö" */
    0x00, 0x06, 0xfb, 0x00, 0x9f, 0x80, 0x00, 0x00,
    0x0d, 0xff, 0x41, 0xff, 0xf0, 0x00, 0x00, 0x0b,
    0xff, 0x20, 0xef, 0xd0, 0x00, 0x00, 0x00, 0x53,
    0x00, 0x26, 0x10, 0x00, 0x00, 0x00, 0x00, 0x00,
    0x00, 0x00, 0x00, 0x00, 0x00, 0x7c, 0xef, 0xd8,
    0x10, 0x00, 0x00, 0x2d, 0xff, 0xff, 0xff, 0xe4,
    0x00, 0x00, 0xdf, 0xfd, 0x98, 0xcf, 0xff, 0x20,
    0x07, 0xff, 0x90, 0x00, 0x06, 0xff, 0xb0, 0x0d,
    0xfd, 0x00, 0x00, 0x00, 0xaf, 0xf1, 0x0f, 0xf8,
    0x00, 0x00, 0x00, 0x5f, 0xf3, 0x1f, 0xf7, 0x00,
    0x00, 0x00, 0x3f, 0xf5, 0x0f, 0xf8, 0x00, 0x00,
    0x00, 0x5f, 0xf3, 0x0d, 0xfd, 0x00, 0x00, 0x00,
    0xaf, 0xf1, 0x08, 0xff, 0x90, 0x00, 0x06, 0xff,
    0xb0, 0x01, 0xef, 0xfd, 0x98, 0xcf, 0xff, 0x20,
    0x00, 0x2d, 0xff, 0xff, 0xff, 0xf4, 0x00, 0x00,
    0x00, 0x7c, 0xef, 0xd8, 0x10, 0x00,

    /* U+00FA "ú" */
    0x00, 0x00, 0x00, 0x03, 0x60, 0x00, 0x00, 0x00,
    0x00, 0x4f, 0xf2, 0x00, 0x00, 0x00, 0x04, 0xff,
    0x60, 0x00, 0x00, 0x00, 0x4f, 0xf5, 0x00, 0x00,
    0x00, 0x00, 0x2e, 0x50, 0x00, 0x00, 0x00, 0x00,
    0x00, 0x00, 0x00, 0x00, 0x00, 0x00, 0x00, 0x00,
    0x00, 0x00, 0x8f, 0xf0, 0x00, 0x00, 0x5f, 0xf2,
    0x8f, 0xf0, 0x00, 0x00, 0x5f, 0xf2, 0x8f, 0xf0,
    0x00, 0x00, 0x5f, 0xf2, 0x8f, 0xf0, 0x00, 0x00,
    0x5f, 0xf2, 0x8f, 0xf0, 0x00, 0x00, 0x5f, 0xf2,
    0x8f, 0xf0, 0x00, 0x00, 0x5f, 0xf2, 0x8f, 0xf0,
    0x00, 0x00, 0x5f, 0xf2, 0x7f, 0xf0, 0x00, 0x00,
    0x5f, 0xf2, 0x7f, 0xf0, 0x00, 0x00, 0xaf, 0xf2,
    0x6f, 0xf4, 0x00, 0x07, 0xff, 0xf2, 0x3f, 0xff,
    0xa9, 0xdf, 0xff, 0xf2, 0x0c, 0xff, 0xff, 0xff,
    0x5f, 0xf2, 0x01, 0x9e, 0xfe, 0x91, 0x0d, 0xf2,

    /* U+00FB "û" */
    0x00, 0x00, 0x06, 0x20, 0x00, 0x00, 0x00, 0x00,
    0x6f, 0xe2, 0x00, 0x00, 0x00, 0x06, 0xff, 0xfe,
    0x20, 0x00, 0x00, 0x5f, 0xf3, 0x8f, 0xe1, 0x00,
    0x00, 0x3e, 0x30, 0x09, 0xb0, 0x00, 0x00, 0x00,
    0x00, 0x00, 0x00, 0x00, 0x00, 0x00, 0x00, 0x00,
    0x00, 0x00, 0x8f, 0xf0, 0x00, 0x00, 0x5f, 0xf2,
    0x8f, 0xf0, 0x00, 0x00, 0x5f, 0xf2, 0x8f, 0xf0,
    0x00, 0x00, 0x5f, 0xf2, 0x8f, 0xf0, 0x00, 0x00,
    0x5f, 0xf2, 0x8f, 0xf0, 0x00, 0x00, 0x5f, 0xf2,
    0x8f, 0xf0, 0x00, 0x00, 0x5f, 0xf2, 0x8f, 0xf0,
    0x00, 0x00, 0x5f, 0xf2, 0x7f, 0xf0, 0x00, 0x00,
    0x5f, 0xf2, 0x7f, 0xf0, 0x00, 0x00, 0xaf, 0xf2,
    0x6f, 0xf4, 0x00, 0x07, 0xff, 0xf2, 0x3f, 0xff,
    0xa9, 0xdf, 0xff, 0xf2, 0x0c, 0xff, 0xff, 0xff,
    0x5f, 0xf2, 0x01, 0x9e, 0xfe, 0x91, 0x0d, 0xf2,

    /* U+00FC "ü" */
    0x00, 0x9f, 0x80, 0x1c, 0xe5, 0x00, 0x01, 0xff,
    0xf0, 0x5f, 0xfc, 0x00, 0x00, 0xef, 0xd0, 0x3f,
    0xfa, 0x00, 0x00, 0x26, 0x10, 0x03, 0x50, 0x00,
    0x00, 0x00, 0x00, 0x00, 0x00, 0x00, 0x8f, 0xf0,
    0x00, 0x00, 0x5f, 0xf2, 0x8f, 0xf0, 0x00, 0x00,
    0x5f, 0xf2, 0x8f, 0xf0, 0x00, 0x00, 0x5f, 0xf2,
    0x8f, 0xf0, 0x00, 0x00, 0x5f, 0xf2, 0x8f, 0xf0,
    0x00, 0x00, 0x5f, 0xf2, 0x8f, 0xf0, 0x00, 0x00,
    0x5f, 0xf2, 0x8f, 0xf0, 0x00, 0x00, 0x5f, 0xf2,
    0x7f, 0xf0, 0x00, 0x00, 0x5f, 0xf2, 0x7f, 0xf0,
    0x00, 0x00, 0xaf, 0xf2, 0x6f, 0xf4, 0x00, 0x07,
    0xff, 0xf2, 0x3f, 0xff, 0xa9, 0xdf, 0xff, 0xf2,
    0x0c, 0xff, 0xff, 0xff, 0x5f, 0xf2, 0x01, 0x9e,
    0xfe, 0x91, 0x0d, 0xf2,

    /* U+0150 "Ő" */
    0x00, 0x00, 0x00, 0x00, 0x67, 0x00, 0x93, 0x00,
    0x00, 0x00, 0x00, 0x00, 0x00, 0x0e, 0xf1, 0x7f,
    0x80, 0x00, 0x00, 0x00, 0x00, 0x00, 0x05, 0xf9,
    0x0d, 0xf1, 0x00, 0x00, 0x00, 0x00, 0x00, 0x00,
    0xcf, 0x25, 0xfa, 0x00, 0x00, 0x00, 0x00, 0x00,
    0x00, 0x3f, 0xb0, 0xbf, 0x30, 0x00, 0x00, 0x00,
    0x00, 0x00, 0x00, 0x33, 0x01, 0x60, 0x00, 0x00,
    0x00, 0x00, 0x00, 0x00, 0x00, 0x00, 0x00, 0x00,
    0x00, 0x00, 0x00, 0x00, 0x00, 0x17, 0xbe, 0xfe,
    0xc7, 0x10, 0x00, 0x00, 0x00, 0x00, 0x7f, 0xff,
    0xff, 0xff, 0xff, 0x80, 0x00, 0x00, 0x00, 0xaf,
    0xff, 0xda, 0x89, 0xcf, 0xff, 0xb0, 0x00, 0x00,
    0x8f, 0xfe, 0x50, 0x00, 0x00, 0x3d, 0xff, 0xa0,
    0x00, 0x2f, 0xfe, 0x10, 0x00, 0x00, 0x00, 0x0c,
    0xff, 0x30, 0x09, 0xff, 0x40, 0x00, 0x00, 0x00,
    0x00, 0x2f, 0xfb, 0x00, 0xef, 0xc0, 0x00, 0x00,
    0x00, 0x00, 0x00, 0xaf, 0xf0, 0x1f, 0xf7, 0x00,
    0x00, 0x00, 0x00, 0x00, 0x05, 0xff, 0x33, 0xff,
    0x50, 0x00, 0x00, 0x00, 0x00, 0x00, 0x3f, 0xf5,
    0x3f, 0xf5, 0x00, 0x00, 0x00, 0x00, 0x00, 0x03,
    0xff, 0x51, 0xff, 0x70, 0x00, 0x00, 0x00, 0x00,
    0x00, 0x5f, 0xf3, 0x0e, 0xfc, 0x00, 0x00, 0x00,
    0x00, 0x00, 0x0a, 0xff, 0x00, 0x9f, 0xf4, 0x00,
    0x00, 0x00, 0x00, 0x02, 0xff, 0xb0, 0x02, 0xff,
    0xe2, 0x00, 0x00, 0x00, 0x00, 0xdf, 0xf3, 0x00,
    0x07, 0xff, 0xe5, 0x00, 0x00, 0x03, 0xdf, 0xf9,
    0x00, 0x00, 0x09, 0xff, 0xfe, 0xa8, 0xad, 0xff,
    0xfb, 0x00, 0x00, 0x00, 0x06, 0xff, 0xff, 0xff,
    0xff, 0xf8, 0x00, 0x00, 0x00, 0x00, 0x01, 0x7b,
    0xef, 0xec, 0x81, 0x00, 0x00, 0x00,

    /* U+0151 "ő" */
    0x00, 0x00, 0x00, 0x93, 0x05, 0x60, 0x00, 0x00,
    0x00, 0x05, 0xf9, 0x0d, 0xf1, 0x00, 0x00, 0x00,
    0x0c, 0xf2, 0x4f, 0xa0, 0x00, 0x00, 0x00, 0x3f,
    0xb0, 0xbf, 0x30, 0x00, 0x00, 0x00, 0xaf, 0x42,
    0xfc, 0x00, 0x00, 0x00, 0x00, 0x16, 0x00, 0x43,
    0x00, 0x00, 0x00, 0x00, 0x00, 0x00, 0x00, 0x00,
    0x00, 0x00, 0x00, 0x7c, 0xef, 0xd8, 0x10, 0x00,
    0x00, 0x2d, 0xff, 0xff, 0xff, 0xe4, 0x00, 0x00,
    0xdf, 0xfd, 0x98, 0xcf, 0xff, 0x20, 0x07, 0xff,
    0x90, 0x00, 0x06, 0xff, 0xb0, 0x0d, 0xfd, 0x00,
    0x00, 0x00, 0xaf, 0xf1, 0x0f, 0xf8, 0x00, 0x00,
    0x00, 0x5f, 0xf3, 0x1f, 0xf7, 0x00, 0x00, 0x00,
    0x3f, 0xf5, 0x0f, 0xf8, 0x00, 0x00, 0x00, 0x5f,
    0xf3, 0x0d, 0xfd, 0x00, 0x00, 0x00, 0xaf, 0xf1,
    0x08, 0xff, 0x90, 0x00, 0x06, 0xff, 0xb0, 0x01,
    0xef, 0xfd, 0x98, 0xcf, 0xff, 0x20, 0x00, 0x2d,
    0xff, 0xff, 0xff, 0xf4, 0x00, 0x00, 0x00, 0x7c,
    0xef, 0xd8, 0x10, 0x00,

    /* U+2013 "–" */
    0x36, 0x66, 0x66, 0x66, 0x66, 0x66, 0x64, 0x7f,
    0xff, 0xff, 0xff, 0xff, 0xff, 0xfa, 0x7f, 0xff,
    0xff, 0xff, 0xff, 0xff, 0xfa,

    /* U+2022 "•" */
    0x00, 0x27, 0x60, 0x00, 0x6f, 0xff, 0xd1, 0x1f,
    0xff, 0xff, 0xa4, 0xff, 0xff, 0xfd, 0x2f, 0xff,
    0xff, 0xc0, 0xcf, 0xff, 0xf5, 0x01, 0xaf, 0xe6,
    0x00
};

/*---------------------
 *  GLYPH DESCRIPTION
 *--------------------*/

static const lv_font_fmt_txt_glyph_dsc_t glyph_dsc[] = {
    {.bitmap_index = 0, .adv_w = 0, .box_w = 0, .box_h = 0, .ofs_x = 0, .ofs_y = 0} /* id = 0 reserved */,
    {.bitmap_index = 0, .adv_w = 104, .box_w = 0, .box_h = 0, .ofs_x = 0, .ofs_y = 0},
    {.bitmap_index = 0, .adv_w = 116, .box_w = 5, .box_h = 19, .ofs_x = 1, .ofs_y = 0},
    {.bitmap_index = 48, .adv_w = 120, .box_w = 7, .box_h = 8, .ofs_x = 0, .ofs_y = 10},
    {.bitmap_index = 76, .adv_w = 262, .box_w = 16, .box_h = 18, .ofs_x = 0, .ofs_y = 0},
    {.bitmap_index = 220, .adv_w = 210, .box_w = 13, .box_h = 23, .ofs_x = 0, .ofs_y = -3},
    {.bitmap_index = 370, .adv_w = 288, .box_w = 18, .box_h = 18, .ofs_x = 0, .ofs_y = 0},
    {.bitmap_index = 532, .adv_w = 258, .box_w = 15, .box_h = 19, .ofs_x = 1, .ofs_y = 0},
    {.bitmap_index = 675, .adv_w = 61, .box_w = 4, .box_h = 8, .ofs_x = 0, .ofs_y = 10},
    {.bitmap_index = 691, .adv_w = 140, .box_w = 8, .box_h = 26, .ofs_x = 1, .ofs_y = -5},
    {.bitmap_index = 795, .adv_w = 140, .box_w = 8, .box_h = 26, .ofs_x = 0, .ofs_y = -5},
    {.bitmap_index = 899, .adv_w = 182, .box_w = 10, .box_h = 11, .ofs_x = 1, .ofs_y = 9},
    {.bitmap_index = 954, .adv_w = 268, .box_w = 13, .box_h = 13, .ofs_x = 2, .ofs_y = 3},
    {.bitmap_index = 1039, .adv_w = 108, .box_w = 5, .box_h = 9, .ofs_x = 1, .ofs_y = -5},
    {.bitmap_index = 1062, .adv_w = 147, .box_w = 9, .box_h = 3, .ofs_x = 0, .ofs_y = 6},
    {.bitmap_index = 1076, .adv_w = 108, .box_w = 5, .box_h = 5, .ofs_x = 1, .ofs_y = 0},
    {.bitmap_index = 1089, .adv_w = 182, .box_w = 12, .box_h = 21, .ofs_x = 0, .ofs_y = -2},
    {.bitmap_index = 1215, .adv_w = 216, .box_w = 13, .box_h = 18, .ofs_x = 0, .ofs_y = 0},
    {.bitmap_index = 1332, .adv_w = 139, .box_w = 7, .box_h = 18, .ofs_x = 0, .ofs_y = 0},
    {.bitmap_index = 1395, .adv_w = 198, .box_w = 12, .box_h = 18, .ofs_x = 0, .ofs_y = 0},
    {.bitmap_index = 1503, .adv_w = 199, .box_w = 12, .box_h = 18, .ofs_x = 0, .ofs_y = 0},
    {.bitmap_index = 1611, .adv_w = 221, .box_w = 14, .box_h = 18, .ofs_x = 0, .ofs_y = 0},
    {.bitmap_index = 1737, .adv_w = 208, .box_w = 12, .box_h = 18, .ofs_x = 1, .ofs_y = 0},
    {.bitmap_index = 1845, .adv_w = 214, .box_w = 13, .box_h = 18, .ofs_x = 0, .ofs_y = 0},
    {.bitmap_index = 1962, .adv_w = 191, .box_w = 12, .box_h = 18, .ofs_x = 0, .ofs_y = 0},
    {.bitmap_index = 2070, .adv_w = 213, .box_w = 12, .box_h = 18, .ofs_x = 1, .ofs_y = 0},
    {.bitmap_index = 2178, .adv_w = 214, .box_w = 13, .box_h = 18, .ofs_x = 0, .ofs_y = 0},
    {.bitmap_index = 2295, .adv_w = 108, .box_w = 5, .box_h = 13, .ofs_x = 1, .ofs_y = 0},
    {.bitmap_index = 2328, .adv_w = 108, .box_w = 5, .box_h = 17, .ofs_x = 1, .ofs_y = -4},
    {.bitmap_index = 2371, .adv_w = 268, .box_w = 11, .box_h = 14, .ofs_x = 3, .ofs_y = 1},
    {.bitmap_index = 2448, .adv_w = 268, .box_w = 11, .box_h = 7, .ofs_x = 3, .ofs_y = 4},
    {.bitmap_index = 2487, .adv_w = 268, .box_w = 11, .box_h = 14, .ofs_x = 3, .ofs_y = 1},
    {.bitmap_index = 2564, .adv_w = 215, .box_w = 13, .box_h = 19, .ofs_x = 0, .ofs_y = 0},
    {.bitmap_index = 2688, .adv_w = 336, .box_w = 19, .box_h = 21, .ofs_x = 1, .ofs_y = -1},
    {.bitmap_index = 2888, .adv_w = 265, .box_w = 17, .box_h = 18, .ofs_x = 0, .ofs_y = 0},
    {.bitmap_index = 3041, .adv_w = 240, .box_w = 12, .box_h = 18, .ofs_x = 2, .ofs_y = 0},
    {.bitmap_index = 3149, .adv_w = 284, .box_w = 18, .box_h = 18, .ofs_x = 0, .ofs_y = 0},
    {.bitmap_index = 3311, .adv_w = 272, .box_w = 15, .box_h = 18, .ofs_x = 2, .ofs_y = 0},
    {.bitmap_index = 3446, .adv_w = 222, .box_w = 11, .box_h = 18, .ofs_x = 2, .ofs_y = 0},
    {.bitmap_index = 3545, .adv_w = 208, .box_w = 11, .box_h = 18, .ofs_x = 2, .ofs_y = 0},
    {.bitmap_index = 3644, .adv_w = 291, .box_w = 18, .box_h = 18, .ofs_x = 0, .ofs_y = 0},
    {.bitmap_index = 3806, .adv_w = 279, .box_w = 14, .box_h = 18, .ofs_x = 2, .ofs_y = 0},
    {.bitmap_index = 3932, .adv_w = 108, .box_w = 3, .box_h = 18, .ofs_x = 2, .ofs_y = 0},
    {.bitmap_index = 3959, .adv_w = 212, .box_w = 11, .box_h = 18, .ofs_x = 1, .ofs_y = 0},
    {.bitmap_index = 4058, .adv_w = 244, .box_w = 14, .box_h = 18, .ofs_x = 2, .ofs_y = 0},
    {.bitmap_index = 4184, .adv_w = 202, .box_w = 10, .box_h = 18, .ofs_x = 2, .ofs_y = 0},
    {.bitmap_index = 4274, .adv_w = 351, .box_w = 22, .box_h = 18, .ofs_x = 0, .ofs_y = 0},
    {.bitmap_index = 4472, .adv_w = 296, .box_w = 15, .box_h = 18, .ofs_x = 2, .ofs_y = 0},
    {.bitmap_index = 4607, .adv_w = 306, .box_w = 19, .box_h = 18, .ofs_x = 0, .ofs_y = 0},
    {.bitmap_index = 4778, .adv_w = 235, .box_w = 12, .box_h = 18, .ofs_x = 2, .ofs_y = 0},
    {.bitmap_index = 4886, .adv_w = 306, .box_w = 19, .box_h = 19, .ofs_x = 0, .ofs_y = -1},
    {.bitmap_index = 5067, .adv_w = 248, .box_w = 13, .box_h = 18, .ofs_x = 2, .ofs_y = 0},
    {.bitmap_index = 5184, .adv_w = 222, .box_w = 14, .box_h = 18, .ofs_x = 0, .ofs_y = 0},
    {.bitmap_index = 5310, .adv_w = 222, .box_w = 14, .box_h = 18, .ofs_x = 0, .ofs_y = 0},
    {.bitmap_index = 5436, .adv_w = 275, .box_w = 14, .box_h = 18, .ofs_x = 2, .ofs_y = 0},
    {.bitmap_index = 5562, .adv_w = 257, .box_w = 16, .box_h = 18, .ofs_x = 0, .ofs_y = 0},
    {.bitmap_index = 5706, .adv_w = 386, .box_w = 24, .box_h = 18, .ofs_x = 0, .ofs_y = 0},
    {.bitmap_index = 5922, .adv_w = 256, .box_w = 16, .box_h = 18, .ofs_x = 0, .ofs_y = 0},
    {.bitmap_index = 6066, .adv_w = 221, .box_w = 14, .box_h = 18, .ofs_x = 0, .ofs_y = 0},
    {.bitmap_index = 6192, .adv_w = 223, .box_w = 12, .box_h = 18, .ofs_x = 1, .ofs_y = 0},
    {.bitmap_index = 6300, .adv_w = 125, .box_w = 6, .box_h = 25, .ofs_x = 2, .ofs_y = -4},
    {.bitmap_index = 6375, .adv_w = 182, .box_w = 12, .box_h = 21, .ofs_x = 0, .ofs_y = -2},
    {.bitmap_index = 6501, .adv_w = 121, .box_w = 6, .box_h = 25, .ofs_x = 0, .ofs_y = -4},
    {.bitmap_index = 6576, .adv_w = 268, .box_w = 11, .box_h = 7, .ofs_x = 3, .ofs_y = 8},
    {.bitmap_index = 6615, .adv_w = 218, .box_w = 14, .box_h = 3, .ofs_x = 0, .ofs_y = -2},
    {.bitmap_index = 6636, .adv_w = 216, .box_w = 6, .box_h = 6, .ofs_x = 4, .ofs_y = 14},
    {.bitmap_index = 6654, .adv_w = 197, .box_w = 11, .box_h = 13, .ofs_x = 0, .ofs_y = 0},
    {.bitmap_index = 6726, .adv_w = 228, .box_w = 13, .box_h = 18, .ofs_x = 1, .ofs_y = 0},
    {.bitmap_index = 6843, .adv_w = 204, .box_w = 13, .box_h = 13, .ofs_x = 0, .ofs_y = 0},
    {.bitmap_index = 6928, .adv_w = 228, .box_w = 13, .box_h = 18, .ofs_x = 0, .ofs_y = 0},
    {.bitmap_index = 7045, .adv_w = 217, .box_w = 13, .box_h = 13, .ofs_x = 0, .ofs_y = 0},
    {.bitmap_index = 7130, .adv_w = 126, .box_w = 8, .box_h = 18, .ofs_x = 0, .ofs_y = 0},
    {.bitmap_index = 7202, .adv_w = 230, .box_w = 13, .box_h = 18, .ofs_x = 0, .ofs_y = -5},
    {.bitmap_index = 7319, .adv_w = 220, .box_w = 12, .box_h = 18, .ofs_x = 1, .ofs_y = 0},
    {.bitmap_index = 7427, .adv_w = 93, .box_w = 4, .box_h = 19, .ofs_x = 1, .ofs_y = 0},
    {.bitmap_index = 7465, .adv_w = 94, .box_w = 5, .box_h = 24, .ofs_x = 0, .ofs_y = -5},
    {.bitmap_index = 7525, .adv_w = 184, .box_w = 11, .box_h = 18, .ofs_x = 1, .ofs_y = 0},
    {.bitmap_index = 7624, .adv_w = 99, .box_w = 5, .box_h = 18, .ofs_x = 1, .ofs_y = 0},
    {.bitmap_index = 7669, .adv_w = 339, .box_w = 19, .box_h = 13, .ofs_x = 1, .ofs_y = 0},
    {.bitmap_index = 7793, .adv_w = 220, .box_w = 12, .box_h = 13, .ofs_x = 1, .ofs_y = 0},
    {.bitmap_index = 7871, .adv_w = 228, .box_w = 14, .box_h = 13, .ofs_x = 0, .ofs_y = 0},
    {.bitmap_index = 7962, .adv_w = 228, .box_w = 13, .box_h = 18, .ofs_x = 1, .ofs_y = -5},
    {.bitmap_index = 8079, .adv_w = 228, .box_w = 13, .box_h = 18, .ofs_x = 0, .ofs_y = -5},
    {.bitmap_index = 8196, .adv_w = 138, .box_w = 8, .box_h = 13, .ofs_x = 1, .ofs_y = 0},
    {.bitmap_index = 8248, .adv_w = 173, .box_w = 10, .box_h = 13, .ofs_x = 0, .ofs_y = 0},
    {.bitmap_index = 8313, .adv_w = 144, .box_w = 8, .box_h = 16, .ofs_x = 0, .ofs_y = 0},
    {.bitmap_index = 8377, .adv_w = 220, .box_w = 12, .box_h = 13, .ofs_x = 1, .ofs_y = 0},
    {.bitmap_index = 8455, .adv_w = 203, .box_w = 13, .box_h = 13, .ofs_x = 0, .ofs_y = 0},
    {.bitmap_index = 8540, .adv_w = 292, .box_w = 18, .box_h = 13, .ofs_x = 0, .ofs_y = 0},
    {.bitmap_index = 8657, .adv_w = 196, .box_w = 12, .box_h = 13, .ofs_x = 0, .ofs_y = 0},
    {.bitmap_index = 8735, .adv_w = 201, .box_w = 13, .box_h = 18, .ofs_x = 0, .ofs_y = -5},
    {.bitmap_index = 8852, .adv_w = 181, .box_w = 11, .box_h = 13, .ofs_x = 0, .ofs_y = 0},
    {.bitmap_index = 8924, .adv_w = 125, .box_w = 6, .box_h = 25, .ofs_x = 1, .ofs_y = -4},
    {.bitmap_index = 8999, .adv_w = 106, .box_w = 3, .box_h = 25, .ofs_x = 2, .ofs_y = -3},
    {.bitmap_index = 9037, .adv_w = 125, .box_w = 6, .box_h = 25, .ofs_x = 1, .ofs_y = -4},
    {.bitmap_index = 9112, .adv_w = 268, .box_w = 15, .box_h = 6, .ofs_x = 1, .ofs_y = 5},
    {.bitmap_index = 9157, .adv_w = 108, .box_w = 5, .box_h = 5, .ofs_x = 1, .ofs_y = 5},
    {.bitmap_index = 9170, .adv_w = 265, .box_w = 17, .box_h = 25, .ofs_x = 0, .ofs_y = 0},
    {.bitmap_index = 9383, .adv_w = 265, .box_w = 17, .box_h = 23, .ofs_x = 0, .ofs_y = 0},
    {.bitmap_index = 9579, .adv_w = 265, .box_w = 17, .box_h = 24, .ofs_x = 0, .ofs_y = 0},
    {.bitmap_index = 9783, .adv_w = 284, .box_w = 18, .box_h = 23, .ofs_x = 0, .ofs_y = -5},
    {.bitmap_index = 9990, .adv_w = 222, .box_w = 11, .box_h = 25, .ofs_x = 2, .ofs_y = 0},
    {.bitmap_index = 10128, .adv_w = 222, .box_w = 11, .box_h = 25, .ofs_x = 2, .ofs_y = 0},
    {.bitmap_index = 10266, .adv_w = 108, .box_w = 6, .box_h = 25, .ofs_x = 1, .ofs_y = 0},
    {.bitmap_index = 10341, .adv_w = 306, .box_w = 19, .box_h = 25, .ofs_x = 0, .ofs_y = 0},
    {.bitmap_index = 10579, .adv_w = 306, .box_w = 19, .box_h = 24, .ofs_x = 0, .ofs_y = 0},
    {.bitmap_index = 10807, .adv_w = 275, .box_w = 14, .box_h = 25, .ofs_x = 2, .ofs_y = 0},
    {.bitmap_index = 10982, .adv_w = 275, .box_w = 14, .box_h = 24, .ofs_x = 2, .ofs_y = 0},
    {.bitmap_index = 11150, .adv_w = 220, .box_w = 13, .box_h = 18, .ofs_x = 1, .ofs_y = 0},
    {.bitmap_index = 11267, .adv_w = 197, .box_w = 11, .box_h = 20, .ofs_x = 0, .ofs_y = 0},
    {.bitmap_index = 11377, .adv_w = 197, .box_w = 11, .box_h = 20, .ofs_x = 0, .ofs_y = 0},
    {.bitmap_index = 11487, .adv_w = 197, .box_w = 11, .box_h = 20, .ofs_x = 0, .ofs_y = 0},
    {.bitmap_index = 11597, .adv_w = 197, .box_w = 11, .box_h = 19, .ofs_x = 0, .ofs_y = 0},
    {.bitmap_index = 11702, .adv_w = 197, .box_w = 11, .box_h = 18, .ofs_x = 0, .ofs_y = 0},
    {.bitmap_index = 11801, .adv_w = 204, .box_w = 13, .box_h = 18, .ofs_x = 0, .ofs_y = -5},
    {.bitmap_index = 11918, .adv_w = 217, .box_w = 13, .box_h = 20, .ofs_x = 0, .ofs_y = 0},
    {.bitmap_index = 12048, .adv_w = 217, .box_w = 13, .box_h = 20, .ofs_x = 0, .ofs_y = 0},
    {.bitmap_index = 12178, .adv_w = 217, .box_w = 13, .box_h = 20, .ofs_x = 0, .ofs_y = 0},
    {.bitmap_index = 12308, .adv_w = 93, .box_w = 6, .box_h = 20, .ofs_x = 1, .ofs_y = 0},
    {.bitmap_index = 12368, .adv_w = 93, .box_w = 8, .box_h = 20, .ofs_x = -1, .ofs_y = 0},
    {.bitmap_index = 12448, .adv_w = 220, .box_w = 12, .box_h = 19, .ofs_x = 1, .ofs_y = 0},
    {.bitmap_index = 12562, .adv_w = 228, .box_w = 14, .box_h = 20, .ofs_x = 0, .ofs_y = 0},
    {.bitmap_index = 12702, .adv_w = 228, .box_w = 14, .box_h = 19, .ofs_x = 0, .ofs_y = 0},
    {.bitmap_index = 12835, .adv_w = 228, .box_w = 14, .box_h = 18, .ofs_x = 0, .ofs_y = 0},
    {.bitmap_index = 12961, .adv_w = 220, .box_w = 12, .box_h = 20, .ofs_x = 1, .ofs_y = 0},
    {.bitmap_index = 13081, .adv_w = 220, .box_w = 12, .box_h = 20, .ofs_x = 1, .ofs_y = 0},
    {.bitmap_index = 13201, .adv_w = 220, .box_w = 12, .box_h = 18, .ofs_x = 1, .ofs_y = 0},
    {.bitmap_index = 13309, .adv_w = 306, .box_w = 19, .box_h = 25, .ofs_x = 0, .ofs_y = 0},
    {.bitmap_index = 13547, .adv_w = 228, .box_w = 14, .box_h = 20, .ofs_x = 0, .ofs_y = 0},
    {.bitmap_index = 13687, .adv_w = 227, .box_w = 14, .box_h = 3, .ofs_x = 0, .ofs_y = 6},
    {.bitmap_index = 13708, .adv_w = 154, .box_w = 7, .box_h = 7, .ofs_x = 1, .ofs_y = 4}
};

/*---------------------
 *  CHARACTER MAPPING
 *--------------------*/

static const uint16_t unicode_list_1[] = {
    0x00, 0x0a, 0x0c, 0x0d, 0x10, 0x11, 0x12, 0x16,
    0x1c, 0x1f, 0x23, 0x25, 0x28, 0x29, 0x2a, 0x2b,
    0x2c, 0x2d, 0x30, 0x31, 0x32, 0x33, 0x36, 0x37,
    0x3a, 0x3c, 0x3e, 0x3f, 0x43, 0x44, 0x45, 0x99,
    0x9a, 0x1f5c, 0x1f6b
};

/*Collect the unicode lists and glyph_id offsets*/
static const lv_font_fmt_txt_cmap_t cmaps[] =
{
    {
        .range_start = 32, .range_length = 95, .glyph_id_start = 1,
        .unicode_list = NULL, .glyph_id_ofs_list = NULL, .list_length = 0, .type = LV_FONT_FMT_TXT_CMAP_FORMAT0_TINY
    },
    {
        .range_start = 183, .range_length = 8044, .glyph_id_start = 96,
        .unicode_list = unicode_list_1, .glyph_id_ofs_list = NULL, .list_length = 35, .type = LV_FONT_FMT_TXT_CMAP_SPARSE_TINY
    }
};



/*--------------------
 *  ALL CUSTOM DATA
 *--------------------*/

#if LVGL_VERSION_MAJOR == 8
/*Store all the custom data of the font*/
static  lv_font_fmt_txt_glyph_cache_t cache;
#endif

#if LVGL_VERSION_MAJOR >= 8
static const lv_font_fmt_txt_dsc_t font_dsc = {
#else
static lv_font_fmt_txt_dsc_t font_dsc = {
#endif
    .glyph_bitmap = glyph_bitmap,
    .glyph_dsc = glyph_dsc,
    .cmaps = cmaps,
    .kern_dsc = NULL,
    .kern_scale = 0,
    .cmap_num = 2,
    .bpp = 4,
    .kern_classes = 0,
    .bitmap_format = 0,
#if LVGL_VERSION_MAJOR == 8
    .cache = &cache
#endif

};



/*-----------------
 *  PUBLIC FONT
 *----------------*/

/*Initialize a public general font descriptor*/
#if LVGL_VERSION_MAJOR >= 8
const lv_font_t font_gabarito_regular_24_576000213623047_data = {
#else
lv_font_t font_gabarito_regular_24_576000213623047_data = {
#endif
    .get_glyph_dsc = lv_font_get_glyph_dsc_fmt_txt,    /*Function pointer to get glyph's data*/
    .get_glyph_bitmap = lv_font_get_bitmap_fmt_txt,    /*Function pointer to get glyph's bitmap*/
    .line_height = 30,          /*The maximum line height required by the font*/
    .base_line = 5,             /*Baseline measured from the bottom of the line*/
#if LV_VERSION_CHECK(9, 6, 0) || LVGL_VERSION_MAJOR >= 10
    .cap_height = 17,           /*Cap height of the font*/
    .x_height = 12,               /*x-height of the font*/
#endif
#if !(LVGL_VERSION_MAJOR == 6 && LVGL_VERSION_MINOR == 0)
    .subpx = LV_FONT_SUBPX_NONE,
#endif
#if LV_VERSION_CHECK(7, 4, 0) || LVGL_VERSION_MAJOR >= 8
    .underline_position = -5,
    .underline_thickness = 2,
#endif

#if LV_VERSION_CHECK(9, 3, 0)
    .static_bitmap = 1,    /*Bitmaps are stored as const so they are always static if not compressed */
#endif

    .dsc = &font_dsc,          /*The custom font data. Will be accessed by `get_glyph_bitmap/dsc` */
#if LV_VERSION_CHECK(8, 2, 0) || LVGL_VERSION_MAJOR >= 9
    .fallback = NULL,
#endif
    .user_data = NULL,
};



#endif /*#if FONT_GABARITO_REGULAR_24_576000213623047_DATA*/
