/*******************************************************************************
 * Size: 30 px
 * Bpp: 4
 * Opts: --font /fonts/Inter-SemiBold.ttf -o /fonts/font_inter_semi_bold_30_data.c --size 30 --bpp 4 --format lvgl --no-compress --symbols ·ÁÃÄÇÈÉÍÓÖÚÜßàáâãäçèéêíîñóõöúûüŐő–• --range 0x20-0x7F, 0xA0-0xFF, 0x0100-0x017F, 0x2000-0x206F
 ******************************************************************************/

#ifdef __has_include
    #if __has_include("lvgl.h")
        #ifndef LV_LVGL_H_INCLUDE_SIMPLE
            #define LV_LVGL_H_INCLUDE_SIMPLE
        #endif
    #endif
#endif

#ifdef LV_LVGL_H_INCLUDE_SIMPLE
    #include "lvgl.h"
#else
    #include "lvgl/lvgl.h"
#endif



#ifndef FONT_INTER_SEMI_BOLD_30_DATA
#define FONT_INTER_SEMI_BOLD_30_DATA 1
#endif

#if FONT_INTER_SEMI_BOLD_30_DATA

/*-----------------
 *    BITMAPS
 *----------------*/

/*Store the image of the glyphs*/
static LV_ATTRIBUTE_LARGE_CONST const uint8_t glyph_bitmap[] = {
    /* U+0020 " " */

    /* U+0021 "!" */
    0x4f, 0xff, 0xe0, 0x3f, 0xff, 0xd0, 0x3f, 0xff,
    0xd0, 0x3f, 0xff, 0xd0, 0x3f, 0xff, 0xc0, 0x2f,
    0xff, 0xc0, 0x2f, 0xff, 0xc0, 0x2f, 0xff, 0xc0,
    0x1f, 0xff, 0xb0, 0x1f, 0xff, 0xb0, 0x1f, 0xff,
    0xb0, 0x1f, 0xff, 0xa0, 0x0f, 0xff, 0xa0, 0x0f,
    0xff, 0xa0, 0x0f, 0xff, 0x90, 0x04, 0x44, 0x20,
    0x00, 0x00, 0x00, 0x04, 0xa9, 0x10, 0x3f, 0xff,
    0xd0, 0x8f, 0xff, 0xf2, 0x5f, 0xff, 0xf0, 0x09,
    0xfd, 0x50,

    /* U+0022 "\"" */
    0xff, 0xfb, 0x00, 0xff, 0xfa, 0xef, 0xfb, 0x00,
    0xff, 0xf9, 0xef, 0xfa, 0x00, 0xff, 0xf9, 0xdf,
    0xf9, 0x00, 0xef, 0xf8, 0xcf, 0xf9, 0x00, 0xef,
    0xf7, 0xcf, 0xf8, 0x00, 0xdf, 0xf7, 0xbf, 0xf7,
    0x00, 0xcf, 0xf6, 0xaf, 0xf7, 0x00, 0xcf, 0xf5,
    0x9f, 0xf6, 0x00, 0xbf, 0xf5, 0x00, 0x00, 0x00,
    0x00, 0x00,

    /* U+0023 "#" */
    0x00, 0x00, 0x00, 0xff, 0xf0, 0x00, 0x04, 0xff,
    0xa0, 0x00, 0x00, 0x00, 0x1f, 0xfd, 0x00, 0x00,
    0x7f, 0xf8, 0x00, 0x00, 0x00, 0x04, 0xff, 0xa0,
    0x00, 0x09, 0xff, 0x50, 0x00, 0x00, 0x00, 0x7f,
    0xf8, 0x00, 0x00, 0xcf, 0xf3, 0x00, 0x00, 0x00,
    0x09, 0xff, 0x50, 0x00, 0x0f, 0xff, 0x00, 0x00,
    0x0e, 0xff, 0xff, 0xff, 0xff, 0xff, 0xff, 0xff,
    0xfd, 0x01, 0xff, 0xff, 0xff, 0xff, 0xff, 0xff,
    0xff, 0xff, 0xa0, 0x4f, 0xff, 0xff, 0xff, 0xff,
    0xff, 0xff, 0xff, 0xf8, 0x00, 0x00, 0x4f, 0xfb,
    0x00, 0x00, 0xaf, 0xf6, 0x00, 0x00, 0x00, 0x06,
    0xff, 0x80, 0x00, 0x0c, 0xff, 0x30, 0x00, 0x00,
    0x00, 0x9f, 0xf6, 0x00, 0x00, 0xef, 0xf0, 0x00,
    0x00, 0x00, 0x0b, 0xff, 0x30, 0x00, 0x1f, 0xfe,
    0x00, 0x00, 0x00, 0x00, 0xef, 0xf0, 0x00, 0x03,
    0xff, 0xb0, 0x00, 0x03, 0xff, 0xff, 0xff, 0xff,
    0xff, 0xff, 0xff, 0xff, 0x90, 0x6f, 0xff, 0xff,
    0xff, 0xff, 0xff, 0xff, 0xff, 0xf6, 0x08, 0xff,
    0xff, 0xff, 0xff, 0xff, 0xff, 0xff, 0xff, 0x40,
    0x00, 0x09, 0xff, 0x60, 0x00, 0x0e, 0xff, 0x10,
    0x00, 0x00, 0x00, 0xbf, 0xf3, 0x00, 0x01, 0xff,
    0xe0, 0x00, 0x00, 0x00, 0x0e, 0xff, 0x10, 0x00,
    0x3f, 0xfb, 0x00, 0x00, 0x00, 0x00, 0xff, 0xe0,
    0x00, 0x06, 0xff, 0x90, 0x00, 0x00, 0x00, 0x3f,
    0xfc, 0x00, 0x00, 0x8f, 0xf6, 0x00, 0x00, 0x00,
    0x05, 0xff, 0x90, 0x00, 0x0b, 0xff, 0x40, 0x00,
    0x00,

    /* U+0024 "$" */
    0x00, 0x00, 0x00, 0x00, 0xfb, 0x00, 0x00, 0x00,
    0x00, 0x00, 0x00, 0x00, 0x00, 0xfb, 0x00, 0x00,
    0x00, 0x00, 0x00, 0x00, 0x00, 0x00, 0xfb, 0x00,
    0x00, 0x00, 0x00, 0x00, 0x00, 0x00, 0x00, 0xfb,
    0x00, 0x00, 0x00, 0x00, 0x00, 0x00, 0x16, 0xbe,
    0xff, 0xda, 0x50, 0x00, 0x00, 0x00, 0x06, 0xef,
    0xff, 0xff, 0xff, 0xfd, 0x40, 0x00, 0x00, 0x8f,
    0xff, 0xff, 0xff, 0xff, 0xff, 0xf5, 0x00, 0x04,
    0xff, 0xff, 0xe9, 0xff, 0xaf, 0xff, 0xff, 0x10,
    0x0b, 0xff, 0xfb, 0x00, 0xfb, 0x01, 0xdf, 0xff,
    0x70, 0x0f, 0xff, 0xf1, 0x00, 0xfb, 0x00, 0x3f,
    0xff, 0xb0, 0x0f, 0xff, 0xf0, 0x00, 0xfb, 0x00,
    0x03, 0x44, 0x30, 0x0d, 0xff, 0xf7, 0x00, 0xfb,
    0x00, 0x00, 0x00, 0x00, 0x07, 0xff, 0xff, 0xa4,
    0xfb, 0x00, 0x00, 0x00, 0x00, 0x00, 0xcf, 0xff,
    0xff, 0xff, 0x61, 0x00, 0x00, 0x00, 0x00, 0x09,
    0xff, 0xff, 0xff, 0xff, 0xc5, 0x00, 0x00, 0x00,
    0x00, 0x28, 0xdf, 0xff, 0xff, 0xff, 0xc2, 0x00,
    0x00, 0x00, 0x00, 0x02, 0xff, 0xef, 0xff, 0xfe,
    0x10, 0x00, 0x00, 0x00, 0x00, 0xfb, 0x05, 0xef,
    0xff, 0x90, 0x00, 0x00, 0x00, 0x00, 0xfb, 0x00,
    0x1f, 0xff, 0xf0, 0x6b, 0xbb, 0x30, 0x00, 0xfb,
    0x00, 0x0d, 0xff, 0xf1, 0x6f, 0xff, 0x90, 0x00,
    0xfb, 0x00, 0x1f, 0xff, 0xf0, 0x2f, 0xff, 0xf6,
    0x00, 0xfb, 0x01, 0xbf, 0xff, 0xd0, 0x0a, 0xff,
    0xff, 0xd9, 0xff, 0xaf, 0xff, 0xff, 0x60, 0x01,
    0xdf, 0xff, 0xff, 0xff, 0xff, 0xff, 0xfa, 0x00,
    0x00, 0x1a, 0xff, 0xff, 0xff, 0xff, 0xff, 0x80,
    0x00, 0x00, 0x00, 0x38, 0xce, 0xff, 0xdb, 0x71,
    0x00, 0x00, 0x00, 0x00, 0x00, 0x00, 0xfb, 0x00,
    0x00, 0x00, 0x00, 0x00, 0x00, 0x00, 0x00, 0xfb,
    0x00, 0x00, 0x00, 0x00, 0x00, 0x00, 0x00, 0x00,
    0x85, 0x00, 0x00, 0x00, 0x00,

    /* U+0025 "%" */
    0x00, 0x19, 0xef, 0xea, 0x20, 0x00, 0x00, 0x00,
    0x00, 0x4f, 0xf9, 0x00, 0x00, 0x01, 0xef, 0xff,
    0xff, 0xf2, 0x00, 0x00, 0x00, 0x01, 0xef, 0xd0,
    0x00, 0x00, 0x0a, 0xff, 0xc8, 0xbf, 0xfc, 0x00,
    0x00, 0x00, 0x0a, 0xff, 0x30, 0x00, 0x00, 0x0f,
    0xfe, 0x00, 0x0d, 0xff, 0x00, 0x00, 0x00, 0x5f,
    0xf8, 0x00, 0x00, 0x00, 0x0f, 0xfb, 0x00, 0x0a,
    0xff, 0x10, 0x00, 0x01, 0xef, 0xd0, 0x00, 0x00,
    0x00, 0x0f, 0xfc, 0x00, 0x0b, 0xff, 0x10, 0x00,
    0x0a, 0xff, 0x30, 0x00, 0x00, 0x00, 0x0d, 0xff,
    0x40, 0x4f, 0xfe, 0x00, 0x00, 0x5f, 0xf7, 0x00,
    0x00, 0x00, 0x00, 0x06, 0xff, 0xff, 0xff, 0xf7,
    0x00, 0x01, 0xff, 0xc0, 0x00, 0x00, 0x00, 0x00,
    0x00, 0x8f, 0xff, 0xff, 0x90, 0x00, 0x0b, 0xff,
    0x20, 0x00, 0x00, 0x00, 0x00, 0x00, 0x01, 0x67,
    0x62, 0x00, 0x00, 0x6f, 0xf7, 0x00, 0x00, 0x00,
    0x00, 0x00, 0x00, 0x00, 0x00, 0x00, 0x00, 0x02,
    0xff, 0xc0, 0x00, 0x00, 0x00, 0x00, 0x00, 0x00,
    0x00, 0x00, 0x00, 0x00, 0x0c, 0xff, 0x20, 0x00,
    0x8d, 0xfe, 0x91, 0x00, 0x00, 0x00, 0x00, 0x00,
    0x00, 0x7f, 0xf6, 0x00, 0x0c, 0xff, 0xff, 0xfe,
    0x10, 0x00, 0x00, 0x00, 0x00, 0x02, 0xff, 0xb0,
    0x00, 0x7f, 0xfd, 0x8c, 0xff, 0xa0, 0x00, 0x00,
    0x00, 0x00, 0x0c, 0xfe, 0x10, 0x00, 0xdf, 0xf1,
    0x00, 0xdf, 0xf0, 0x00, 0x00, 0x00, 0x00, 0x8f,
    0xf5, 0x00, 0x00, 0xff, 0xd0, 0x00, 0xaf, 0xf2,
    0x00, 0x00, 0x00, 0x03, 0xff, 0xa0, 0x00, 0x00,
    0xff, 0xc0, 0x00, 0x9f, 0xf3, 0x00, 0x00, 0x00,
    0x0d, 0xfe, 0x10, 0x00, 0x00, 0xff, 0xd0, 0x00,
    0xaf, 0xf2, 0x00, 0x00, 0x00, 0x8f, 0xf4, 0x00,
    0x00, 0x00, 0xdf, 0xf1, 0x00, 0xef, 0xf0, 0x00,
    0x00, 0x03, 0xff, 0xa0, 0x00, 0x00, 0x00, 0x7f,
    0xfd, 0x8c, 0xff, 0xa0, 0x00, 0x00, 0x0d, 0xfe,
    0x00, 0x00, 0x00, 0x00, 0x0c, 0xff, 0xff, 0xfe,
    0x10, 0x00, 0x00, 0x9f, 0xf4, 0x00, 0x00, 0x00,
    0x00, 0x00, 0x8d, 0xfe, 0x91, 0x00,

    /* U+0026 "&" */
    0x00, 0x00, 0x18, 0xdf, 0xec, 0x70, 0x00, 0x00,
    0x00, 0x00, 0x00, 0x4e, 0xff, 0xff, 0xff, 0xd1,
    0x00, 0x00, 0x00, 0x00, 0x1e, 0xff, 0xff, 0xff,
    0xff, 0xb0, 0x00, 0x00, 0x00, 0x07, 0xff, 0xfa,
    0x44, 0xcf, 0xff, 0x20, 0x00, 0x00, 0x00, 0xbf,
    0xfc, 0x00, 0x00, 0xff, 0xf5, 0x00, 0x00, 0x00,
    0x0c, 0xff, 0x90, 0x00, 0x0f, 0xff, 0x50, 0x00,
    0x00, 0x00, 0xbf, 0xfc, 0x00, 0x05, 0xff, 0xf1,
    0x00, 0x00, 0x00, 0x06, 0xff, 0xf5, 0x05, 0xff,
    0xf9, 0x00, 0x00, 0x00, 0x00, 0x0e, 0xff, 0xfc,
    0xff, 0xfc, 0x00, 0x00, 0x00, 0x00, 0x00, 0x4f,
    0xff, 0xff, 0xfa, 0x00, 0x00, 0x00, 0x00, 0x00,
    0x01, 0xff, 0xff, 0xf6, 0x00, 0x00, 0x00, 0x00,
    0x00, 0x03, 0xef, 0xff, 0xff, 0x90, 0x00, 0x08,
    0x88, 0x20, 0x03, 0xff, 0xff, 0xff, 0xff, 0x70,
    0x00, 0xff, 0xf4, 0x01, 0xef, 0xff, 0x51, 0xdf,
    0xff, 0x50, 0x3f, 0xff, 0x30, 0x6f, 0xff, 0x70,
    0x02, 0xef, 0xff, 0x38, 0xff, 0xf0, 0x0a, 0xff,
    0xf1, 0x00, 0x03, 0xff, 0xff, 0xff, 0xfb, 0x00,
    0xaf, 0xff, 0x20, 0x00, 0x05, 0xff, 0xff, 0xff,
    0x40, 0x07, 0xff, 0xf9, 0x00, 0x00, 0x09, 0xff,
    0xff, 0xc0, 0x00, 0x2f, 0xff, 0xfb, 0x53, 0x59,
    0xff, 0xff, 0xfb, 0x00, 0x00, 0x7f, 0xff, 0xff,
    0xff, 0xff, 0xff, 0xff, 0xf7, 0x00, 0x00, 0x7f,
    0xff, 0xff, 0xff, 0xff, 0x9c, 0xff, 0xf5, 0x00,
    0x00, 0x28, 0xce, 0xfe, 0xc8, 0x10, 0x1d, 0xff,
    0xf3,

    /* U+0027 "'" */
    0xff, 0xfb, 0xef, 0xfb, 0xef, 0xfa, 0xdf, 0xf9,
    0xcf, 0xf9, 0xcf, 0xf8, 0xbf, 0xf7, 0xaf, 0xf7,
    0x9f, 0xf6, 0x00, 0x00,

    /* U+0028 "(" */
    0x00, 0x00, 0xbf, 0xfc, 0x00, 0x00, 0x4f, 0xff,
    0x70, 0x00, 0x0b, 0xff, 0xf1, 0x00, 0x02, 0xff,
    0xfb, 0x00, 0x00, 0x8f, 0xff, 0x50, 0x00, 0x0c,
    0xff, 0xf0, 0x00, 0x01, 0xff, 0xfc, 0x00, 0x00,
    0x5f, 0xff, 0x80, 0x00, 0x09, 0xff, 0xf4, 0x00,
    0x00, 0xcf, 0xff, 0x10, 0x00, 0x0e, 0xff, 0xe0,
    0x00, 0x01, 0xff, 0xfc, 0x00, 0x00, 0x2f, 0xff,
    0xb0, 0x00, 0x03, 0xff, 0xfa, 0x00, 0x00, 0x4f,
    0xff, 0x90, 0x00, 0x03, 0xff, 0xfa, 0x00, 0x00,
    0x2f, 0xff, 0xa0, 0x00, 0x01, 0xff, 0xfc, 0x00,
    0x00, 0x0f, 0xff, 0xe0, 0x00, 0x00, 0xbf, 0xff,
    0x20, 0x00, 0x08, 0xff, 0xf5, 0x00, 0x00, 0x4f,
    0xff, 0xa0, 0x00, 0x00, 0xef, 0xfe, 0x00, 0x00,
    0x09, 0xff, 0xf4, 0x00, 0x00, 0x3f, 0xff, 0xa0,
    0x00, 0x00, 0xcf, 0xff, 0x00, 0x00, 0x04, 0xff,
    0xf6, 0x00, 0x00, 0x0c, 0xff, 0xd0,

    /* U+0029 ")" */
    0xaf, 0xfd, 0x00, 0x00, 0x4f, 0xff, 0x70, 0x00,
    0x0d, 0xff, 0xe0, 0x00, 0x08, 0xff, 0xf4, 0x00,
    0x02, 0xff, 0xfa, 0x00, 0x00, 0xdf, 0xff, 0x00,
    0x00, 0x9f, 0xff, 0x40, 0x00, 0x5f, 0xff, 0x80,
    0x00, 0x1f, 0xff, 0xc0, 0x00, 0x0e, 0xff, 0xf0,
    0x00, 0x0c, 0xff, 0xf1, 0x00, 0x0a, 0xff, 0xf4,
    0x00, 0x08, 0xff, 0xf5, 0x00, 0x07, 0xff, 0xf6,
    0x00, 0x06, 0xff, 0xf7, 0x00, 0x07, 0xff, 0xf6,
    0x00, 0x07, 0xff, 0xf5, 0x00, 0x09, 0xff, 0xf4,
    0x00, 0x0c, 0xff, 0xf2, 0x00, 0x0f, 0xff, 0xe0,
    0x00, 0x2f, 0xff, 0xb0, 0x00, 0x7f, 0xff, 0x70,
    0x00, 0xcf, 0xff, 0x20, 0x01, 0xff, 0xfc, 0x00,
    0x07, 0xff, 0xf6, 0x00, 0x0d, 0xff, 0xe0, 0x00,
    0x3f, 0xff, 0x70, 0x00, 0xaf, 0xfe, 0x00, 0x00,

    /* U+002A "*" */
    0x00, 0x00, 0x2f, 0xf5, 0x00, 0x00, 0x00, 0x00,
    0x01, 0xff, 0x40, 0x00, 0x00, 0x0b, 0x40, 0x1f,
    0xf3, 0x02, 0xc1, 0x06, 0xff, 0x91, 0xff, 0x37,
    0xff, 0x90, 0x7f, 0xff, 0xef, 0xfd, 0xff, 0xf9,
    0x00, 0x18, 0xff, 0xff, 0xff, 0xa2, 0x00, 0x00,
    0x08, 0xff, 0xff, 0xa1, 0x00, 0x00, 0x6e, 0xff,
    0xff, 0xff, 0xf8, 0x10, 0xaf, 0xff, 0x8f, 0xf8,
    0xff, 0xfd, 0x03, 0xfd, 0x30, 0xff, 0x31, 0xbf,
    0x60, 0x05, 0x00, 0x1f, 0xf4, 0x00, 0x50, 0x00,
    0x00, 0x02, 0xff, 0x50, 0x00, 0x00, 0x00, 0x00,
    0x19, 0x93, 0x00, 0x00, 0x00,

    /* U+002B "+" */
    0x00, 0x00, 0x00, 0x9f, 0xfc, 0x00, 0x00, 0x00,
    0x00, 0x00, 0x00, 0x9f, 0xfc, 0x00, 0x00, 0x00,
    0x00, 0x00, 0x00, 0x9f, 0xfc, 0x00, 0x00, 0x00,
    0x00, 0x00, 0x00, 0x9f, 0xfc, 0x00, 0x00, 0x00,
    0x00, 0x00, 0x00, 0x9f, 0xfc, 0x00, 0x00, 0x00,
    0x00, 0x00, 0x00, 0x9f, 0xfc, 0x00, 0x00, 0x00,
    0x4f, 0xff, 0xff, 0xff, 0xff, 0xff, 0xff, 0xf7,
    0x4f, 0xff, 0xff, 0xff, 0xff, 0xff, 0xff, 0xf7,
    0x4f, 0xff, 0xff, 0xff, 0xff, 0xff, 0xff, 0xf7,
    0x03, 0x33, 0x33, 0xcf, 0xff, 0x33, 0x33, 0x31,
    0x00, 0x00, 0x00, 0x9f, 0xfc, 0x00, 0x00, 0x00,
    0x00, 0x00, 0x00, 0x9f, 0xfc, 0x00, 0x00, 0x00,
    0x00, 0x00, 0x00, 0x9f, 0xfc, 0x00, 0x00, 0x00,
    0x00, 0x00, 0x00, 0x9f, 0xfc, 0x00, 0x00, 0x00,
    0x00, 0x00, 0x00, 0x9f, 0xfc, 0x00, 0x00, 0x00,

    /* U+002C "," */
    0x00, 0x01, 0x10, 0x00, 0x0f, 0xff, 0xd0, 0x02,
    0xff, 0xf9, 0x00, 0x4f, 0xff, 0x40, 0x06, 0xff,
    0xf0, 0x00, 0x8f, 0xfb, 0x00, 0x0b, 0xff, 0x70,
    0x00, 0xdf, 0xf2, 0x00, 0x0f, 0xfe, 0x00, 0x02,
    0xff, 0x90, 0x00,

    /* U+002D "-" */
    0x33, 0x33, 0x33, 0x33, 0x33, 0xff, 0xff, 0xff,
    0xff, 0xfe, 0xff, 0xff, 0xff, 0xff, 0xfe, 0xff,
    0xff, 0xff, 0xff, 0xfe,

    /* U+002E "." */
    0x05, 0xb9, 0x10, 0x4f, 0xff, 0xd0, 0x8f, 0xff,
    0xf1, 0x5f, 0xff, 0xe0, 0x09, 0xfd, 0x30,

    /* U+002F "/" */
    0x00, 0x00, 0x00, 0x09, 0xff, 0xb0, 0x00, 0x00,
    0x00, 0xdf, 0xf7, 0x00, 0x00, 0x00, 0x1f, 0xff,
    0x30, 0x00, 0x00, 0x06, 0xff, 0xf0, 0x00, 0x00,
    0x00, 0xaf, 0xfb, 0x00, 0x00, 0x00, 0x0e, 0xff,
    0x70, 0x00, 0x00, 0x02, 0xff, 0xf2, 0x00, 0x00,
    0x00, 0x6f, 0xfe, 0x00, 0x00, 0x00, 0x0a, 0xff,
    0xa0, 0x00, 0x00, 0x00, 0xef, 0xf6, 0x00, 0x00,
    0x00, 0x3f, 0xff, 0x20, 0x00, 0x00, 0x07, 0xff,
    0xe0, 0x00, 0x00, 0x00, 0xbf, 0xf9, 0x00, 0x00,
    0x00, 0x0f, 0xff, 0x50, 0x00, 0x00, 0x03, 0xff,
    0xf1, 0x00, 0x00, 0x00, 0x8f, 0xfd, 0x00, 0x00,
    0x00, 0x0c, 0xff, 0x90, 0x00, 0x00, 0x00, 0xff,
    0xf5, 0x00, 0x00, 0x00, 0x4f, 0xff, 0x10, 0x00,
    0x00, 0x08, 0xff, 0xc0, 0x00, 0x00, 0x00, 0xcf,
    0xf8, 0x00, 0x00, 0x00, 0x1f, 0xff, 0x40, 0x00,
    0x00, 0x05, 0xff, 0xf0, 0x00, 0x00, 0x00, 0x9f,
    0xfc, 0x00, 0x00, 0x00, 0x0d, 0xff, 0x70, 0x00,
    0x00, 0x01, 0xff, 0xf3, 0x00, 0x00, 0x00, 0x5f,
    0xff, 0x00, 0x00, 0x00, 0x00,

    /* U+0030 "0" */
    0x00, 0x00, 0x04, 0xae, 0xff, 0xd9, 0x30, 0x00,
    0x00, 0x00, 0x01, 0xbf, 0xff, 0xff, 0xff, 0xf9,
    0x00, 0x00, 0x00, 0x1d, 0xff, 0xff, 0xff, 0xff,
    0xff, 0xb0, 0x00, 0x00, 0xaf, 0xff, 0xfa, 0x67,
    0xcf, 0xff, 0xf7, 0x00, 0x03, 0xff, 0xff, 0x50,
    0x00, 0x08, 0xff, 0xff, 0x00, 0x0a, 0xff, 0xf9,
    0x00, 0x00, 0x00, 0xcf, 0xff, 0x60, 0x0e, 0xff,
    0xf2, 0x00, 0x00, 0x00, 0x5f, 0xff, 0xb0, 0x2f,
    0xff, 0xd0, 0x00, 0x00, 0x00, 0x1f, 0xff, 0xf0,
    0x5f, 0xff, 0xa0, 0x00, 0x00, 0x00, 0x0d, 0xff,
    0xf1, 0x6f, 0xff, 0x80, 0x00, 0x00, 0x00, 0x0b,
    0xff, 0xf3, 0x7f, 0xff, 0x70, 0x00, 0x00, 0x00,
    0x0b, 0xff, 0xf4, 0x7f, 0xff, 0x70, 0x00, 0x00,
    0x00, 0x0a, 0xff, 0xf4, 0x6f, 0xff, 0x80, 0x00,
    0x00, 0x00, 0x0b, 0xff, 0xf3, 0x5f, 0xff, 0xa0,
    0x00, 0x00, 0x00, 0x0d, 0xff, 0xf1, 0x2f, 0xff,
    0xd0, 0x00, 0x00, 0x00, 0x0f, 0xff, 0xf0, 0x0f,
    0xff, 0xf1, 0x00, 0x00, 0x00, 0x5f, 0xff, 0xb0,
    0x0a, 0xff, 0xf8, 0x00, 0x00, 0x00, 0xcf, 0xff,
    0x60, 0x03, 0xff, 0xff, 0x40, 0x00, 0x08, 0xff,
    0xff, 0x10, 0x00, 0xaf, 0xff, 0xfa, 0x67, 0xcf,
    0xff, 0xf7, 0x00, 0x00, 0x1d, 0xff, 0xff, 0xff,
    0xff, 0xff, 0xb0, 0x00, 0x00, 0x01, 0xcf, 0xff,
    0xff, 0xff, 0xf9, 0x00, 0x00, 0x00, 0x00, 0x05,
    0xae, 0xff, 0xd9, 0x30, 0x00, 0x00,

    /* U+0031 "1" */
    0x00, 0x00, 0x8f, 0xff, 0xf8, 0x00, 0x2c, 0xff,
    0xff, 0xf8, 0x05, 0xff, 0xff, 0xff, 0xf8, 0x7f,
    0xff, 0xfc, 0xff, 0xf8, 0xaf, 0xfe, 0x36, 0xff,
    0xf8, 0xaf, 0xa1, 0x06, 0xff, 0xf8, 0x96, 0x00,
    0x06, 0xff, 0xf8, 0x00, 0x00, 0x06, 0xff, 0xf8,
    0x00, 0x00, 0x06, 0xff, 0xf8, 0x00, 0x00, 0x06,
    0xff, 0xf8, 0x00, 0x00, 0x06, 0xff, 0xf8, 0x00,
    0x00, 0x06, 0xff, 0xf8, 0x00, 0x00, 0x06, 0xff,
    0xf8, 0x00, 0x00, 0x06, 0xff, 0xf8, 0x00, 0x00,
    0x06, 0xff, 0xf8, 0x00, 0x00, 0x06, 0xff, 0xf8,
    0x00, 0x00, 0x06, 0xff, 0xf8, 0x00, 0x00, 0x06,
    0xff, 0xf8, 0x00, 0x00, 0x06, 0xff, 0xf8, 0x00,
    0x00, 0x06, 0xff, 0xf8, 0x00, 0x00, 0x06, 0xff,
    0xf8, 0x00, 0x00, 0x06, 0xff, 0xf8,

    /* U+0032 "2" */
    0x00, 0x00, 0x28, 0xce, 0xfd, 0xb5, 0x00, 0x00,
    0x00, 0x08, 0xff, 0xff, 0xff, 0xff, 0xd3, 0x00,
    0x00, 0x9f, 0xff, 0xff, 0xff, 0xff, 0xff, 0x30,
    0x05, 0xff, 0xff, 0xa5, 0x58, 0xef, 0xff, 0xd0,
    0x0b, 0xff, 0xf5, 0x00, 0x00, 0x1e, 0xff, 0xf4,
    0x0f, 0xff, 0xc0, 0x00, 0x00, 0x06, 0xff, 0xf7,
    0x1d, 0xdd, 0x80, 0x00, 0x00, 0x03, 0xff, 0xf8,
    0x00, 0x00, 0x00, 0x00, 0x00, 0x05, 0xff, 0xf6,
    0x00, 0x00, 0x00, 0x00, 0x00, 0x0b, 0xff, 0xf2,
    0x00, 0x00, 0x00, 0x00, 0x00, 0x6f, 0xff, 0xa0,
    0x00, 0x00, 0x00, 0x00, 0x04, 0xff, 0xfe, 0x10,
    0x00, 0x00, 0x00, 0x00, 0x3f, 0xff, 0xf4, 0x00,
    0x00, 0x00, 0x00, 0x03, 0xff, 0xff, 0x60, 0x00,
    0x00, 0x00, 0x00, 0x4f, 0xff, 0xf6, 0x00, 0x00,
    0x00, 0x00, 0x04, 0xff, 0xff, 0x60, 0x00, 0x00,
    0x00, 0x00, 0x5f, 0xff, 0xf6, 0x00, 0x00, 0x00,
    0x00, 0x05, 0xff, 0xff, 0x70, 0x00, 0x00, 0x00,
    0x00, 0x5f, 0xff, 0xf7, 0x00, 0x00, 0x00, 0x00,
    0x06, 0xff, 0xff, 0xc6, 0x66, 0x66, 0x66, 0x66,
    0x0f, 0xff, 0xff, 0xff, 0xff, 0xff, 0xff, 0xfe,
    0x0f, 0xff, 0xff, 0xff, 0xff, 0xff, 0xff, 0xfe,
    0x0f, 0xff, 0xff, 0xff, 0xff, 0xff, 0xff, 0xfe,

    /* U+0033 "3" */
    0x00, 0x00, 0x17, 0xce, 0xfe, 0xc8, 0x20, 0x00,
    0x00, 0x00, 0x7f, 0xff, 0xff, 0xff, 0xff, 0x80,
    0x00, 0x00, 0x9f, 0xff, 0xff, 0xff, 0xff, 0xff,
    0x80, 0x00, 0x4f, 0xff, 0xfb, 0x64, 0x6b, 0xff,
    0xff, 0x30, 0x0b, 0xff, 0xf6, 0x00, 0x00, 0x09,
    0xff, 0xf9, 0x00, 0xdf, 0xfd, 0x00, 0x00, 0x00,
    0x1f, 0xff, 0xb0, 0x00, 0x00, 0x00, 0x00, 0x00,
    0x01, 0xff, 0xfb, 0x00, 0x00, 0x00, 0x00, 0x00,
    0x00, 0x8f, 0xff, 0x60, 0x00, 0x00, 0x00, 0x11,
    0x14, 0xaf, 0xff, 0xc0, 0x00, 0x00, 0x00, 0x0c,
    0xff, 0xff, 0xff, 0x90, 0x00, 0x00, 0x00, 0x00,
    0xcf, 0xff, 0xff, 0x71, 0x00, 0x00, 0x00, 0x00,
    0x0c, 0xff, 0xff, 0xff, 0xf8, 0x00, 0x00, 0x00,
    0x00, 0x00, 0x02, 0x7e, 0xff, 0xf9, 0x00, 0x00,
    0x00, 0x00, 0x00, 0x00, 0x2f, 0xff, 0xf2, 0x00,
    0x00, 0x00, 0x00, 0x00, 0x00, 0x9f, 0xff, 0x71,
    0x44, 0x42, 0x00, 0x00, 0x00, 0x07, 0xff, 0xf8,
    0x4f, 0xff, 0xb0, 0x00, 0x00, 0x00, 0xbf, 0xff,
    0x71, 0xff, 0xff, 0x60, 0x00, 0x00, 0x6f, 0xff,
    0xf3, 0x09, 0xff, 0xff, 0xc7, 0x67, 0xcf, 0xff,
    0xfc, 0x00, 0x0c, 0xff, 0xff, 0xff, 0xff, 0xff,
    0xfd, 0x10, 0x00, 0x1a, 0xff, 0xff, 0xff, 0xff,
    0xfb, 0x10, 0x00, 0x00, 0x03, 0x8c, 0xef, 0xed,
    0x93, 0x00, 0x00,

    /* U+0034 "4" */
    0x00, 0x00, 0x00, 0x00, 0x07, 0xff, 0xff, 0xb0,
    0x00, 0x00, 0x00, 0x00, 0x00, 0x2f, 0xff, 0xff,
    0xb0, 0x00, 0x00, 0x00, 0x00, 0x00, 0xbf, 0xff,
    0xff, 0xb0, 0x00, 0x00, 0x00, 0x00, 0x05, 0xff,
    0xff, 0xff, 0xb0, 0x00, 0x00, 0x00, 0x00, 0x1e,
    0xff, 0xdf, 0xff, 0xb0, 0x00, 0x00, 0x00, 0x00,
    0x9f, 0xff, 0x4f, 0xff, 0xb0, 0x00, 0x00, 0x00,
    0x03, 0xff, 0xfa, 0x0f, 0xff, 0xb0, 0x00, 0x00,
    0x00, 0x0d, 0xff, 0xe1, 0x0f, 0xff, 0xb0, 0x00,
    0x00, 0x00, 0x7f, 0xff, 0x60, 0x0f, 0xff, 0xb0,
    0x00, 0x00, 0x02, 0xff, 0xfb, 0x00, 0x0f, 0xff,
    0xb0, 0x00, 0x00, 0x0b, 0xff, 0xf2, 0x00, 0x0f,
    0xff, 0xb0, 0x00, 0x00, 0x5f, 0xff, 0x70, 0x00,
    0x0f, 0xff, 0xb0, 0x00, 0x01, 0xef, 0xfd, 0x00,
    0x00, 0x0f, 0xff, 0xb0, 0x00, 0x0a, 0xff, 0xf4,
    0x00, 0x00, 0x0f, 0xff, 0xb0, 0x00, 0x3f, 0xff,
    0xd6, 0x66, 0x66, 0x6f, 0xff, 0xf6, 0x63, 0x7f,
    0xff, 0xff, 0xff, 0xff, 0xff, 0xff, 0xff, 0xf8,
    0x7f, 0xff, 0xff, 0xff, 0xff, 0xff, 0xff, 0xff,
    0xf8, 0x7f, 0xff, 0xff, 0xff, 0xff, 0xff, 0xff,
    0xff, 0xf8, 0x00, 0x00, 0x00, 0x00, 0x00, 0x0f,
    0xff, 0xb0, 0x00, 0x00, 0x00, 0x00, 0x00, 0x00,
    0x0f, 0xff, 0xb0, 0x00, 0x00, 0x00, 0x00, 0x00,
    0x00, 0x0f, 0xff, 0xb0, 0x00, 0x00, 0x00, 0x00,
    0x00, 0x00, 0x0f, 0xff, 0xb0, 0x00,

    /* U+0035 "5" */
    0x00, 0xff, 0xff, 0xff, 0xff, 0xff, 0xff, 0xb0,
    0x01, 0xff, 0xff, 0xff, 0xff, 0xff, 0xff, 0xb0,
    0x02, 0xff, 0xff, 0xff, 0xff, 0xff, 0xff, 0xb0,
    0x04, 0xff, 0xf8, 0x55, 0x55, 0x55, 0x55, 0x40,
    0x06, 0xff, 0xf3, 0x00, 0x00, 0x00, 0x00, 0x00,
    0x07, 0xff, 0xf1, 0x00, 0x00, 0x00, 0x00, 0x00,
    0x09, 0xff, 0xf0, 0x00, 0x00, 0x00, 0x00, 0x00,
    0x0b, 0xff, 0xd0, 0x7c, 0xff, 0xc8, 0x10, 0x00,
    0x0c, 0xff, 0xdd, 0xff, 0xff, 0xff, 0xe4, 0x00,
    0x0e, 0xff, 0xff, 0xff, 0xff, 0xff, 0xff, 0x30,
    0x0f, 0xff, 0xfc, 0x52, 0x26, 0xef, 0xff, 0xd0,
    0x00, 0x25, 0x50, 0x00, 0x00, 0x1e, 0xff, 0xf5,
    0x00, 0x00, 0x00, 0x00, 0x00, 0x05, 0xff, 0xfa,
    0x00, 0x00, 0x00, 0x00, 0x00, 0x00, 0xff, 0xfc,
    0x00, 0x00, 0x00, 0x00, 0x00, 0x00, 0xff, 0xfd,
    0x25, 0x55, 0x20, 0x00, 0x00, 0x01, 0xff, 0xfb,
    0x5f, 0xff, 0x80, 0x00, 0x00, 0x06, 0xff, 0xf9,
    0x1f, 0xff, 0xf3, 0x00, 0x00, 0x2e, 0xff, 0xf3,
    0x0a, 0xff, 0xff, 0x84, 0x48, 0xff, 0xff, 0xb0,
    0x01, 0xdf, 0xff, 0xff, 0xff, 0xff, 0xfd, 0x10,
    0x00, 0x1b, 0xff, 0xff, 0xff, 0xff, 0xb1, 0x00,
    0x00, 0x00, 0x49, 0xdf, 0xfd, 0xa4, 0x00, 0x00,

    /* U+0036 "6" */
    0x00, 0x00, 0x02, 0x8d, 0xff, 0xda, 0x40, 0x00,
    0x00, 0x00, 0x08, 0xff, 0xff, 0xff, 0xff, 0xb1,
    0x00, 0x00, 0x0a, 0xff, 0xff, 0xff, 0xff, 0xff,
    0xd1, 0x00, 0x07, 0xff, 0xff, 0xc8, 0x8b, 0xff,
    0xff, 0xa0, 0x01, 0xff, 0xff, 0x50, 0x00, 0x03,
    0xff, 0xff, 0x20, 0x7f, 0xff, 0x60, 0x00, 0x00,
    0x06, 0xbb, 0xb4, 0x0c, 0xff, 0xe0, 0x00, 0x00,
    0x00, 0x00, 0x00, 0x00, 0xff, 0xf9, 0x01, 0x8d,
    0xfe, 0xc6, 0x00, 0x00, 0x3f, 0xff, 0x64, 0xef,
    0xff, 0xff, 0xfd, 0x20, 0x05, 0xff, 0xf8, 0xff,
    0xff, 0xff, 0xff, 0xfe, 0x10, 0x6f, 0xff, 0xff,
    0xd5, 0x12, 0x7f, 0xff, 0xfb, 0x07, 0xff, 0xff,
    0xd0, 0x00, 0x00, 0x3f, 0xff, 0xf2, 0x6f, 0xff,
    0xf3, 0x00, 0x00, 0x00, 0x8f, 0xff, 0x75, 0xff,
    0xfd, 0x00, 0x00, 0x00, 0x03, 0xff, 0xf9, 0x4f,
    0xff, 0xc0, 0x00, 0x00, 0x00, 0x2f, 0xff, 0xa0,
    0xff, 0xfe, 0x00, 0x00, 0x00, 0x04, 0xff, 0xf8,
    0x0c, 0xff, 0xf4, 0x00, 0x00, 0x00, 0xaf, 0xff,
    0x50, 0x5f, 0xff, 0xe1, 0x00, 0x00, 0x5f, 0xff,
    0xf0, 0x00, 0xcf, 0xff, 0xe8, 0x45, 0xaf, 0xff,
    0xf8, 0x00, 0x02, 0xef, 0xff, 0xff, 0xff, 0xff,
    0xfb, 0x00, 0x00, 0x02, 0xdf, 0xff, 0xff, 0xff,
    0xf9, 0x00, 0x00, 0x00, 0x00, 0x5a, 0xef, 0xed,
    0x92, 0x00, 0x00,

    /* U+0037 "7" */
    0xcf, 0xff, 0xff, 0xff, 0xff, 0xff, 0xff, 0xf1,
    0xcf, 0xff, 0xff, 0xff, 0xff, 0xff, 0xff, 0xf1,
    0xcf, 0xff, 0xff, 0xff, 0xff, 0xff, 0xff, 0xf1,
    0x57, 0x77, 0x77, 0x77, 0x77, 0x8f, 0xff, 0xf0,
    0x00, 0x00, 0x00, 0x00, 0x00, 0x8f, 0xff, 0x80,
    0x00, 0x00, 0x00, 0x00, 0x01, 0xff, 0xff, 0x10,
    0x00, 0x00, 0x00, 0x00, 0x08, 0xff, 0xf8, 0x00,
    0x00, 0x00, 0x00, 0x00, 0x1f, 0xff, 0xf1, 0x00,
    0x00, 0x00, 0x00, 0x00, 0x8f, 0xff, 0x80, 0x00,
    0x00, 0x00, 0x00, 0x01, 0xff, 0xff, 0x10, 0x00,
    0x00, 0x00, 0x00, 0x08, 0xff, 0xf8, 0x00, 0x00,
    0x00, 0x00, 0x00, 0x1f, 0xff, 0xf1, 0x00, 0x00,
    0x00, 0x00, 0x00, 0x8f, 0xff, 0x80, 0x00, 0x00,
    0x00, 0x00, 0x01, 0xff, 0xff, 0x10, 0x00, 0x00,
    0x00, 0x00, 0x08, 0xff, 0xf8, 0x00, 0x00, 0x00,
    0x00, 0x00, 0x1f, 0xff, 0xf1, 0x00, 0x00, 0x00,
    0x00, 0x00, 0x8f, 0xff, 0x80, 0x00, 0x00, 0x00,
    0x00, 0x01, 0xff, 0xff, 0x10, 0x00, 0x00, 0x00,
    0x00, 0x08, 0xff, 0xf8, 0x00, 0x00, 0x00, 0x00,
    0x00, 0x1f, 0xff, 0xf1, 0x00, 0x00, 0x00, 0x00,
    0x00, 0x8f, 0xff, 0x80, 0x00, 0x00, 0x00, 0x00,
    0x01, 0xff, 0xff, 0x10, 0x00, 0x00, 0x00, 0x00,

    /* U+0038 "8" */
    0x00, 0x00, 0x17, 0xce, 0xfe, 0xc8, 0x20, 0x00,
    0x00, 0x00, 0x7f, 0xff, 0xff, 0xff, 0xff, 0x90,
    0x00, 0x00, 0x8f, 0xff, 0xff, 0xff, 0xff, 0xff,
    0xb0, 0x00, 0x2f, 0xff, 0xfb, 0x42, 0x49, 0xff,
    0xff, 0x50, 0x08, 0xff, 0xf9, 0x00, 0x00, 0x07,
    0xff, 0xfb, 0x00, 0xaf, 0xff, 0x30, 0x00, 0x00,
    0x0f, 0xff, 0xd0, 0x09, 0xff, 0xf3, 0x00, 0x00,
    0x00, 0xff, 0xfc, 0x00, 0x4f, 0xff, 0x90, 0x00,
    0x00, 0x6f, 0xff, 0x70, 0x00, 0xaf, 0xff, 0x93,
    0x12, 0x8f, 0xff, 0xd0, 0x00, 0x00, 0x8f, 0xff,
    0xff, 0xff, 0xff, 0xa0, 0x00, 0x00, 0x01, 0x8f,
    0xff, 0xff, 0xff, 0xa2, 0x00, 0x00, 0x06, 0xff,
    0xff, 0xff, 0xff, 0xff, 0xf8, 0x00, 0x05, 0xff,
    0xff, 0x72, 0x01, 0x6e, 0xff, 0xf8, 0x00, 0xef,
    0xff, 0x40, 0x00, 0x00, 0x2f, 0xff, 0xf2, 0x4f,
    0xff, 0xb0, 0x00, 0x00, 0x00, 0x8f, 0xff, 0x87,
    0xff, 0xf8, 0x00, 0x00, 0x00, 0x06, 0xff, 0xfa,
    0x6f, 0xff, 0xa0, 0x00, 0x00, 0x00, 0x8f, 0xff,
    0xa3, 0xff, 0xff, 0x30, 0x00, 0x00, 0x2e, 0xff,
    0xf6, 0x0c, 0xff, 0xff, 0x83, 0x12, 0x7e, 0xff,
    0xfe, 0x00, 0x1d, 0xff, 0xff, 0xff, 0xff, 0xff,
    0xff, 0x30, 0x00, 0x1a, 0xff, 0xff, 0xff, 0xff,
    0xfc, 0x20, 0x00, 0x00, 0x03, 0x8c, 0xef, 0xed,
    0x94, 0x00, 0x00,

    /* U+0039 "9" */
    0x00, 0x00, 0x28, 0xce, 0xfe, 0xb6, 0x00, 0x00,
    0x00, 0x00, 0x8f, 0xff, 0xff, 0xff, 0xfe, 0x30,
    0x00, 0x00, 0xaf, 0xff, 0xff, 0xff, 0xff, 0xff,
    0x40, 0x00, 0x7f, 0xff, 0xfc, 0x65, 0x7d, 0xff,
    0xfe, 0x10, 0x0e, 0xff, 0xf7, 0x00, 0x00, 0x0a,
    0xff, 0xf8, 0x04, 0xff, 0xfb, 0x00, 0x00, 0x00,
    0x0e, 0xff, 0xf0, 0x6f, 0xff, 0x60, 0x00, 0x00,
    0x00, 0x9f, 0xff, 0x37, 0xff, 0xf5, 0x00, 0x00,
    0x00, 0x09, 0xff, 0xf7, 0x5f, 0xff, 0x90, 0x00,
    0x00, 0x00, 0xdf, 0xff, 0x91, 0xff, 0xff, 0x30,
    0x00, 0x00, 0x8f, 0xff, 0xfa, 0x0a, 0xff, 0xff,
    0x72, 0x13, 0xbf, 0xff, 0xff, 0xa0, 0x1e, 0xff,
    0xff, 0xff, 0xff, 0xf7, 0xff, 0xf9, 0x00, 0x2d,
    0xff, 0xff, 0xff, 0xf6, 0x3f, 0xff, 0x90, 0x00,
    0x06, 0xce, 0xfd, 0x92, 0x05, 0xff, 0xf6, 0x00,
    0x00, 0x00, 0x00, 0x00, 0x00, 0x8f, 0xff, 0x31,
    0x55, 0x53, 0x00, 0x00, 0x00, 0x0e, 0xff, 0xf0,
    0x1f, 0xff, 0xe0, 0x00, 0x00, 0x06, 0xff, 0xfa,
    0x00, 0xcf, 0xff, 0x90, 0x00, 0x04, 0xff, 0xff,
    0x30, 0x04, 0xff, 0xff, 0xd9, 0x8b, 0xff, 0xff,
    0xa0, 0x00, 0x08, 0xff, 0xff, 0xff, 0xff, 0xff,
    0xc0, 0x00, 0x00, 0x07, 0xff, 0xff, 0xff, 0xff,
    0xa1, 0x00, 0x00, 0x00, 0x02, 0x8d, 0xef, 0xda,
    0x40, 0x00, 0x00,

    /* U+003A ":" */
    0x08, 0xed, 0x30, 0x5f, 0xff, 0xe0, 0x8f, 0xff,
    0xf1, 0x4f, 0xff, 0xd0, 0x05, 0xba, 0x10, 0x00,
    0x00, 0x00, 0x00, 0x00, 0x00, 0x00, 0x00, 0x00,
    0x00, 0x00, 0x00, 0x00, 0x00, 0x00, 0x00, 0x00,
    0x00, 0x05, 0xb9, 0x10, 0x4f, 0xff, 0xd0, 0x8f,
    0xff, 0xf1, 0x5f, 0xff, 0xe0, 0x09, 0xfd, 0x30,

    /* U+003B ";" */
    0x00, 0x2a, 0xb4, 0x00, 0x0e, 0xff, 0xf2, 0x03,
    0xff, 0xff, 0x60, 0x1f, 0xff, 0xf3, 0x00, 0x5e,
    0xe7, 0x00, 0x00, 0x00, 0x00, 0x00, 0x00, 0x00,
    0x00, 0x00, 0x00, 0x00, 0x00, 0x00, 0x00, 0x00,
    0x00, 0x00, 0x00, 0x00, 0x00, 0x00, 0x00, 0x00,
    0x00, 0x00, 0x00, 0x01, 0x10, 0x00, 0x0f, 0xff,
    0xd0, 0x02, 0xff, 0xf9, 0x00, 0x4f, 0xff, 0x40,
    0x06, 0xff, 0xf0, 0x00, 0x8f, 0xfb, 0x00, 0x0b,
    0xff, 0x70, 0x00, 0xdf, 0xf2, 0x00, 0x0f, 0xfe,
    0x00, 0x02, 0xff, 0x90, 0x00,

    /* U+003C "<" */
    0x00, 0x00, 0x00, 0x00, 0x00, 0x00, 0x00, 0x10,
    0x00, 0x00, 0x00, 0x00, 0x00, 0x00, 0x29, 0xf0,
    0x00, 0x00, 0x00, 0x00, 0x00, 0x3a, 0xff, 0xf0,
    0x00, 0x00, 0x00, 0x00, 0x3b, 0xff, 0xff, 0xf0,
    0x00, 0x00, 0x00, 0x4c, 0xff, 0xff, 0xff, 0xc0,
    0x00, 0x00, 0x5c, 0xff, 0xff, 0xff, 0xa3, 0x00,
    0x00, 0x6d, 0xff, 0xff, 0xfe, 0x81, 0x00, 0x00,
    0x4e, 0xff, 0xff, 0xfd, 0x60, 0x00, 0x00, 0x00,
    0x8f, 0xff, 0xfb, 0x40, 0x00, 0x00, 0x00, 0x00,
    0x8f, 0xff, 0xf7, 0x00, 0x00, 0x00, 0x00, 0x00,
    0x6f, 0xff, 0xff, 0xf9, 0x20, 0x00, 0x00, 0x00,
    0x02, 0xaf, 0xff, 0xff, 0xfa, 0x30, 0x00, 0x00,
    0x00, 0x02, 0x9f, 0xff, 0xff, 0xfc, 0x50, 0x00,
    0x00, 0x00, 0x01, 0x8f, 0xff, 0xff, 0xfe, 0x70,
    0x00, 0x00, 0x00, 0x01, 0x7e, 0xff, 0xff, 0xf0,
    0x00, 0x00, 0x00, 0x00, 0x00, 0x7e, 0xff, 0xf0,
    0x00, 0x00, 0x00, 0x00, 0x00, 0x00, 0x6d, 0xf0,
    0x00, 0x00, 0x00, 0x00, 0x00, 0x00, 0x00, 0x50,

    /* U+003D "=" */
    0x55, 0x55, 0x55, 0x55, 0x55, 0x55, 0x55, 0x0f,
    0xff, 0xff, 0xff, 0xff, 0xff, 0xff, 0xf2, 0xff,
    0xff, 0xff, 0xff, 0xff, 0xff, 0xff, 0x2f, 0xff,
    0xff, 0xff, 0xff, 0xff, 0xff, 0xf2, 0x00, 0x00,
    0x00, 0x00, 0x00, 0x00, 0x00, 0x00, 0x00, 0x00,
    0x00, 0x00, 0x00, 0x00, 0x00, 0x00, 0x00, 0x00,
    0x00, 0x00, 0x00, 0x00, 0x05, 0x66, 0x66, 0x66,
    0x66, 0x66, 0x66, 0x61, 0xff, 0xff, 0xff, 0xff,
    0xff, 0xff, 0xff, 0x2f, 0xff, 0xff, 0xff, 0xff,
    0xff, 0xff, 0xf2, 0xff, 0xff, 0xff, 0xff, 0xff,
    0xff, 0xff, 0x20,

    /* U+003E ">" */
    0x10, 0x00, 0x00, 0x00, 0x00, 0x00, 0x00, 0x0d,
    0xb3, 0x00, 0x00, 0x00, 0x00, 0x00, 0x00, 0xdf,
    0xfc, 0x40, 0x00, 0x00, 0x00, 0x00, 0x0d, 0xff,
    0xff, 0xc5, 0x00, 0x00, 0x00, 0x00, 0x9f, 0xff,
    0xff, 0xfd, 0x60, 0x00, 0x00, 0x00, 0x28, 0xff,
    0xff, 0xff, 0xe6, 0x00, 0x00, 0x00, 0x00, 0x7d,
    0xff, 0xff, 0xfe, 0x70, 0x00, 0x00, 0x00, 0x05,
    0xcf, 0xff, 0xff, 0xe6, 0x00, 0x00, 0x00, 0x00,
    0x3a, 0xff, 0xff, 0xb0, 0x00, 0x00, 0x00, 0x00,
    0x5e, 0xff, 0xfb, 0x00, 0x00, 0x00, 0x17, 0xef,
    0xff, 0xff, 0x90, 0x00, 0x02, 0x9f, 0xff, 0xff,
    0xfb, 0x30, 0x00, 0x4b, 0xff, 0xff, 0xff, 0xa3,
    0x00, 0x05, 0xdf, 0xff, 0xff, 0xfa, 0x20, 0x00,
    0x00, 0xdf, 0xff, 0xff, 0x91, 0x00, 0x00, 0x00,
    0x0d, 0xff, 0xf8, 0x10, 0x00, 0x00, 0x00, 0x00,
    0xde, 0x71, 0x00, 0x00, 0x00, 0x00, 0x00, 0x05,
    0x00, 0x00, 0x00, 0x00, 0x00, 0x00, 0x00,

    /* U+003F "?" */
    0x00, 0x03, 0x9d, 0xff, 0xda, 0x40, 0x00, 0x00,
    0x9f, 0xff, 0xff, 0xff, 0xfb, 0x10, 0x0a, 0xff,
    0xff, 0xff, 0xff, 0xff, 0xc0, 0x3f, 0xff, 0xf9,
    0x44, 0x9f, 0xff, 0xf5, 0x9f, 0xff, 0x70, 0x00,
    0x07, 0xff, 0xfb, 0xbf, 0xff, 0x00, 0x00, 0x01,
    0xff, 0xfd, 0x01, 0x10, 0x00, 0x00, 0x02, 0xff,
    0xfc, 0x00, 0x00, 0x00, 0x00, 0x09, 0xff, 0xf8,
    0x00, 0x00, 0x00, 0x00, 0x8f, 0xff, 0xf2, 0x00,
    0x00, 0x00, 0x2c, 0xff, 0xff, 0x50, 0x00, 0x00,
    0x03, 0xff, 0xff, 0xd3, 0x00, 0x00, 0x00, 0x0c,
    0xff, 0xfa, 0x00, 0x00, 0x00, 0x00, 0x1f, 0xff,
    0xb0, 0x00, 0x00, 0x00, 0x00, 0x3f, 0xff, 0x50,
    0x00, 0x00, 0x00, 0x00, 0x4f, 0xff, 0x30, 0x00,
    0x00, 0x00, 0x00, 0x01, 0x11, 0x00, 0x00, 0x00,
    0x00, 0x00, 0x00, 0x00, 0x00, 0x00, 0x00, 0x00,
    0x00, 0x07, 0xa7, 0x00, 0x00, 0x00, 0x00, 0x00,
    0x9f, 0xff, 0x80, 0x00, 0x00, 0x00, 0x00, 0xef,
    0xff, 0xc0, 0x00, 0x00, 0x00, 0x00, 0xcf, 0xff,
    0xa0, 0x00, 0x00, 0x00, 0x00, 0x2c, 0xfb, 0x10,
    0x00, 0x00,

    /* U+0040 "@" */
    0x00, 0x00, 0x00, 0x00, 0x04, 0x9c, 0xde, 0xfe,
    0xca, 0x61, 0x00, 0x00, 0x00, 0x00, 0x00, 0x00,
    0x00, 0x18, 0xff, 0xff, 0xff, 0xff, 0xff, 0xff,
    0xa2, 0x00, 0x00, 0x00, 0x00, 0x00, 0x05, 0xff,
    0xff, 0xff, 0xff, 0xff, 0xff, 0xff, 0xff, 0x70,
    0x00, 0x00, 0x00, 0x00, 0x7f, 0xff, 0xfe, 0x95,
    0x21, 0x01, 0x26, 0xaf, 0xff, 0xfa, 0x00, 0x00,
    0x00, 0x06, 0xff, 0xff, 0x70, 0x00, 0x00, 0x00,
    0x00, 0x02, 0xbf, 0xff, 0x90, 0x00, 0x00, 0x3f,
    0xff, 0xe2, 0x00, 0x00, 0x00, 0x00, 0x00, 0x00,
    0x08, 0xff, 0xf5, 0x00, 0x00, 0xbf, 0xff, 0x20,
    0x00, 0x2a, 0xef, 0xe9, 0x15, 0xaa, 0x20, 0xaf,
    0xfe, 0x00, 0x03, 0xff, 0xf6, 0x00, 0x05, 0xff,
    0xff, 0xff, 0xea, 0xff, 0x40, 0x1f, 0xff, 0x60,
    0x09, 0xff, 0xe0, 0x00, 0x3f, 0xff, 0xff, 0xff,
    0xff, 0xff, 0x40, 0x08, 0xff, 0xc0, 0x0e, 0xff,
    0x70, 0x00, 0xcf, 0xfd, 0x51, 0x27, 0xff, 0xff,
    0x40, 0x03, 0xff, 0xf0, 0x2f, 0xff, 0x30, 0x03,
    0xff, 0xf2, 0x00, 0x00, 0x5f, 0xff, 0x40, 0x00,
    0xff, 0xf4, 0x4f, 0xff, 0x00, 0x08, 0xff, 0x80,
    0x00, 0x00, 0x0e, 0xff, 0x40, 0x00, 0xcf, 0xf5,
    0x5f, 0xfe, 0x00, 0x0a, 0xff, 0x40, 0x00, 0x00,
    0x0b, 0xff, 0x40, 0x00, 0xbf, 0xf6, 0x7f, 0xfd,
    0x00, 0x0c, 0xff, 0x20, 0x00, 0x00, 0x0a, 0xff,
    0x40, 0x00, 0xbf, 0xf7, 0x7f, 0xfd, 0x00, 0x0c,
    0xff, 0x20, 0x00, 0x00, 0x0a, 0xff, 0x40, 0x00,
    0xbf, 0xf6, 0x6f, 0xfe, 0x00, 0x0a, 0xff, 0x40,
    0x00, 0x00, 0x0b, 0xff, 0x40, 0x00, 0xcf, 0xf4,
    0x4f, 0xff, 0x00, 0x08, 0xff, 0x70, 0x00, 0x00,
    0x0e, 0xff, 0x40, 0x00, 0xef, 0xf2, 0x2f, 0xff,
    0x30, 0x04, 0xff, 0xd0, 0x00, 0x00, 0x4f, 0xff,
    0x40, 0x02, 0xff, 0xe0, 0x0e, 0xff, 0x70, 0x00,
    0xdf, 0xf9, 0x00, 0x02, 0xef, 0xff, 0x80, 0x0a,
    0xff, 0x80, 0x0a, 0xff, 0xd0, 0x00, 0x5f, 0xff,
    0xeb, 0xcf, 0xfd, 0xff, 0xfb, 0xdf, 0xff, 0x10,
    0x05, 0xff, 0xf5, 0x00, 0x07, 0xff, 0xff, 0xff,
    0xe1, 0xcf, 0xff, 0xff, 0xf5, 0x00, 0x00, 0xdf,
    0xff, 0x20, 0x00, 0x4b, 0xef, 0xd9, 0x10, 0x08,
    0xdf, 0xeb, 0x30, 0x00, 0x00, 0x4f, 0xff, 0xd2,
    0x00, 0x00, 0x00, 0x00, 0x00, 0x00, 0x00, 0x00,
    0x00, 0x00, 0x00, 0x08, 0xff, 0xff, 0x70, 0x00,
    0x00, 0x00, 0x00, 0x00, 0x00, 0x00, 0x00, 0x00,
    0x00, 0x00, 0xaf, 0xff, 0xfe, 0xa6, 0x31, 0x01,
    0x24, 0x7b, 0x90, 0x00, 0x00, 0x00, 0x00, 0x00,
    0x06, 0xff, 0xff, 0xff, 0xff, 0xff, 0xff, 0xff,
    0xf1, 0x00, 0x00, 0x00, 0x00, 0x00, 0x00, 0x19,
    0xff, 0xff, 0xff, 0xff, 0xff, 0xff, 0xf3, 0x00,
    0x00, 0x00, 0x00, 0x00, 0x00, 0x00, 0x15, 0x9c,
    0xde, 0xfe, 0xdb, 0x84, 0x00, 0x00, 0x00, 0x00,

    /* U+0041 "A" */
    0x00, 0x00, 0x00, 0x00, 0xdf, 0xff, 0xf7, 0x00,
    0x00, 0x00, 0x00, 0x00, 0x00, 0x00, 0x02, 0xff,
    0xff, 0xfd, 0x00, 0x00, 0x00, 0x00, 0x00, 0x00,
    0x00, 0x08, 0xff, 0xff, 0xff, 0x30, 0x00, 0x00,
    0x00, 0x00, 0x00, 0x00, 0x0d, 0xff, 0xbf, 0xff,
    0x80, 0x00, 0x00, 0x00, 0x00, 0x00, 0x00, 0x3f,
    0xff, 0x6c, 0xff, 0xe0, 0x00, 0x00, 0x00, 0x00,
    0x00, 0x00, 0x8f, 0xff, 0x28, 0xff, 0xf4, 0x00,
    0x00, 0x00, 0x00, 0x00, 0x00, 0xef, 0xfe, 0x04,
    0xff, 0xf9, 0x00, 0x00, 0x00, 0x00, 0x00, 0x04,
    0xff, 0xf9, 0x00, 0xff, 0xff, 0x00, 0x00, 0x00,
    0x00, 0x00, 0x09, 0xff, 0xf5, 0x00, 0xbf, 0xff,
    0x50, 0x00, 0x00, 0x00, 0x00, 0x0e, 0xff, 0xf1,
    0x00, 0x6f, 0xff, 0xa0, 0x00, 0x00, 0x00, 0x00,
    0x4f, 0xff, 0xc0, 0x00, 0x1f, 0xff, 0xf0, 0x00,
    0x00, 0x00, 0x00, 0xaf, 0xff, 0x70, 0x00, 0x0b,
    0xff, 0xf6, 0x00, 0x00, 0x00, 0x00, 0xff, 0xff,
    0x20, 0x00, 0x06, 0xff, 0xfb, 0x00, 0x00, 0x00,
    0x05, 0xff, 0xff, 0xff, 0xff, 0xff, 0xff, 0xff,
    0x10, 0x00, 0x00, 0x0a, 0xff, 0xff, 0xff, 0xff,
    0xff, 0xff, 0xff, 0x70, 0x00, 0x00, 0x0f, 0xff,
    0xff, 0xff, 0xff, 0xff, 0xff, 0xff, 0xc0, 0x00,
    0x00, 0x5f, 0xff, 0xf3, 0x33, 0x33, 0x33, 0x4f,
    0xff, 0xf2, 0x00, 0x00, 0xbf, 0xff, 0x70, 0x00,
    0x00, 0x00, 0x0b, 0xff, 0xf8, 0x00, 0x01, 0xff,
    0xff, 0x20, 0x00, 0x00, 0x00, 0x05, 0xff, 0xfd,
    0x00, 0x06, 0xff, 0xfd, 0x00, 0x00, 0x00, 0x00,
    0x00, 0xff, 0xff, 0x30, 0x0b, 0xff, 0xf8, 0x00,
    0x00, 0x00, 0x00, 0x00, 0xbf, 0xff, 0x90, 0x1f,
    0xff, 0xf2, 0x00, 0x00, 0x00, 0x00, 0x00, 0x5f,
    0xff, 0xe0,

    /* U+0042 "B" */
    0xcf, 0xff, 0xff, 0xff, 0xfe, 0xd9, 0x30, 0x00,
    0x0c, 0xff, 0xff, 0xff, 0xff, 0xff, 0xff, 0x90,
    0x00, 0xcf, 0xff, 0xff, 0xff, 0xff, 0xff, 0xff,
    0x90, 0x0c, 0xff, 0xf6, 0x55, 0x56, 0x8e, 0xff,
    0xff, 0x20, 0xcf, 0xff, 0x10, 0x00, 0x00, 0x1d,
    0xff, 0xf7, 0x0c, 0xff, 0xf1, 0x00, 0x00, 0x00,
    0x7f, 0xff, 0x80, 0xcf, 0xff, 0x10, 0x00, 0x00,
    0x05, 0xff, 0xf7, 0x0c, 0xff, 0xf1, 0x00, 0x00,
    0x00, 0xbf, 0xff, 0x30, 0xcf, 0xff, 0x10, 0x00,
    0x02, 0xaf, 0xff, 0x80, 0x0c, 0xff, 0xfe, 0xee,
    0xef, 0xff, 0xfe, 0x60, 0x00, 0xcf, 0xff, 0xff,
    0xff, 0xff, 0xfe, 0x82, 0x00, 0x0c, 0xff, 0xff,
    0xff, 0xff, 0xff, 0xff, 0xf8, 0x00, 0xcf, 0xff,
    0x10, 0x00, 0x01, 0x7f, 0xff, 0xf6, 0x0c, 0xff,
    0xf1, 0x00, 0x00, 0x00, 0x3f, 0xff, 0xe0, 0xcf,
    0xff, 0x10, 0x00, 0x00, 0x00, 0xbf, 0xff, 0x4c,
    0xff, 0xf1, 0x00, 0x00, 0x00, 0x09, 0xff, 0xf6,
    0xcf, 0xff, 0x10, 0x00, 0x00, 0x00, 0xbf, 0xff,
    0x5c, 0xff, 0xf1, 0x00, 0x00, 0x00, 0x4f, 0xff,
    0xf3, 0xcf, 0xff, 0x65, 0x55, 0x56, 0xaf, 0xff,
    0xfd, 0x0c, 0xff, 0xff, 0xff, 0xff, 0xff, 0xff,
    0xff, 0x30, 0xcf, 0xff, 0xff, 0xff, 0xff, 0xff,
    0xfe, 0x40, 0x0c, 0xff, 0xff, 0xff, 0xff, 0xfd,
    0xb6, 0x10, 0x00,

    /* U+0043 "C" */
    0x00, 0x00, 0x00, 0x39, 0xcf, 0xfe, 0xc9, 0x30,
    0x00, 0x00, 0x00, 0x00, 0x2b, 0xff, 0xff, 0xff,
    0xff, 0xfb, 0x20, 0x00, 0x00, 0x03, 0xff, 0xff,
    0xff, 0xff, 0xff, 0xff, 0xf3, 0x00, 0x00, 0x2f,
    0xff, 0xff, 0xeb, 0x9a, 0xef, 0xff, 0xfe, 0x10,
    0x00, 0xcf, 0xff, 0xf7, 0x00, 0x00, 0x06, 0xff,
    0xff, 0xb0, 0x05, 0xff, 0xff, 0x40, 0x00, 0x00,
    0x00, 0x4f, 0xff, 0xf2, 0x0c, 0xff, 0xf8, 0x00,
    0x00, 0x00, 0x00, 0x09, 0xff, 0xf7, 0x1f, 0xff,
    0xf1, 0x00, 0x00, 0x00, 0x00, 0x02, 0x88, 0x85,
    0x4f, 0xff, 0xb0, 0x00, 0x00, 0x00, 0x00, 0x00,
    0x00, 0x00, 0x6f, 0xff, 0x90, 0x00, 0x00, 0x00,
    0x00, 0x00, 0x00, 0x00, 0x7f, 0xff, 0x70, 0x00,
    0x00, 0x00, 0x00, 0x00, 0x00, 0x00, 0x7f, 0xff,
    0x70, 0x00, 0x00, 0x00, 0x00, 0x00, 0x00, 0x00,
    0x6f, 0xff, 0x90, 0x00, 0x00, 0x00, 0x00, 0x00,
    0x00, 0x00, 0x4f, 0xff, 0xb0, 0x00, 0x00, 0x00,
    0x00, 0x00, 0x00, 0x00, 0x1f, 0xff, 0xf0, 0x00,
    0x00, 0x00, 0x00, 0x02, 0x77, 0x75, 0x0c, 0xff,
    0xf7, 0x00, 0x00, 0x00, 0x00, 0x08, 0xff, 0xf7,
    0x05, 0xff, 0xff, 0x30, 0x00, 0x00, 0x00, 0x3f,
    0xff, 0xf2, 0x00, 0xdf, 0xff, 0xf6, 0x00, 0x00,
    0x06, 0xff, 0xff, 0xa0, 0x00, 0x2f, 0xff, 0xff,
    0xeb, 0xab, 0xef, 0xff, 0xfe, 0x10, 0x00, 0x04,
    0xff, 0xff, 0xff, 0xff, 0xff, 0xff, 0xe2, 0x00,
    0x00, 0x00, 0x2b, 0xff, 0xff, 0xff, 0xff, 0xfb,
    0x10, 0x00, 0x00, 0x00, 0x00, 0x39, 0xcf, 0xfe,
    0xc8, 0x30, 0x00, 0x00,

    /* U+0044 "D" */
    0xcf, 0xff, 0xff, 0xff, 0xfe, 0xb7, 0x10, 0x00,
    0x00, 0x0c, 0xff, 0xff, 0xff, 0xff, 0xff, 0xff,
    0x80, 0x00, 0x00, 0xcf, 0xff, 0xff, 0xff, 0xff,
    0xff, 0xff, 0xd1, 0x00, 0x0c, 0xff, 0xf9, 0x77,
    0x79, 0xbf, 0xff, 0xff, 0xc0, 0x00, 0xcf, 0xff,
    0x10, 0x00, 0x00, 0x08, 0xff, 0xff, 0x80, 0x0c,
    0xff, 0xf1, 0x00, 0x00, 0x00, 0x05, 0xff, 0xff,
    0x10, 0xcf, 0xff, 0x10, 0x00, 0x00, 0x00, 0x0b,
    0xff, 0xf7, 0x0c, 0xff, 0xf1, 0x00, 0x00, 0x00,
    0x00, 0x4f, 0xff, 0xb0, 0xcf, 0xff, 0x10, 0x00,
    0x00, 0x00, 0x00, 0xff, 0xfe, 0x0c, 0xff, 0xf1,
    0x00, 0x00, 0x00, 0x00, 0x0d, 0xff, 0xf1, 0xcf,
    0xff, 0x10, 0x00, 0x00, 0x00, 0x00, 0xbf, 0xff,
    0x1c, 0xff, 0xf1, 0x00, 0x00, 0x00, 0x00, 0x0c,
    0xff, 0xf1, 0xcf, 0xff, 0x10, 0x00, 0x00, 0x00,
    0x00, 0xdf, 0xff, 0x0c, 0xff, 0xf1, 0x00, 0x00,
    0x00, 0x00, 0x0f, 0xff, 0xe0, 0xcf, 0xff, 0x10,
    0x00, 0x00, 0x00, 0x04, 0xff, 0xfb, 0x0c, 0xff,
    0xf1, 0x00, 0x00, 0x00, 0x00, 0xbf, 0xff, 0x70,
    0xcf, 0xff, 0x10, 0x00, 0x00, 0x00, 0x6f, 0xff,
    0xf1, 0x0c, 0xff, 0xf1, 0x00, 0x00, 0x01, 0x8f,
    0xff, 0xf8, 0x00, 0xcf, 0xff, 0x97, 0x77, 0x9b,
    0xff, 0xff, 0xfc, 0x00, 0x0c, 0xff, 0xff, 0xff,
    0xff, 0xff, 0xff, 0xfc, 0x10, 0x00, 0xcf, 0xff,
    0xff, 0xff, 0xff, 0xff, 0xf8, 0x00, 0x00, 0x0c,
    0xff, 0xff, 0xff, 0xff, 0xdb, 0x61, 0x00, 0x00,
    0x00,

    /* U+0045 "E" */
    0xcf, 0xff, 0xff, 0xff, 0xff, 0xff, 0xff, 0x6c,
    0xff, 0xff, 0xff, 0xff, 0xff, 0xff, 0xf6, 0xcf,
    0xff, 0xff, 0xff, 0xff, 0xff, 0xff, 0x6c, 0xff,
    0xf7, 0x66, 0x66, 0x66, 0x66, 0x62, 0xcf, 0xff,
    0x10, 0x00, 0x00, 0x00, 0x00, 0x0c, 0xff, 0xf1,
    0x00, 0x00, 0x00, 0x00, 0x00, 0xcf, 0xff, 0x10,
    0x00, 0x00, 0x00, 0x00, 0x0c, 0xff, 0xf1, 0x00,
    0x00, 0x00, 0x00, 0x00, 0xcf, 0xff, 0x10, 0x00,
    0x00, 0x00, 0x00, 0x0c, 0xff, 0xff, 0xff, 0xff,
    0xff, 0xff, 0x90, 0xcf, 0xff, 0xff, 0xff, 0xff,
    0xff, 0xf9, 0x0c, 0xff, 0xff, 0xff, 0xff, 0xff,
    0xff, 0x90, 0xcf, 0xff, 0x65, 0x55, 0x55, 0x55,
    0x53, 0x0c, 0xff, 0xf1, 0x00, 0x00, 0x00, 0x00,
    0x00, 0xcf, 0xff, 0x10, 0x00, 0x00, 0x00, 0x00,
    0x0c, 0xff, 0xf1, 0x00, 0x00, 0x00, 0x00, 0x00,
    0xcf, 0xff, 0x10, 0x00, 0x00, 0x00, 0x00, 0x0c,
    0xff, 0xf1, 0x00, 0x00, 0x00, 0x00, 0x00, 0xcf,
    0xff, 0x76, 0x66, 0x66, 0x66, 0x66, 0x2c, 0xff,
    0xff, 0xff, 0xff, 0xff, 0xff, 0xf7, 0xcf, 0xff,
    0xff, 0xff, 0xff, 0xff, 0xff, 0x7c, 0xff, 0xff,
    0xff, 0xff, 0xff, 0xff, 0xf7,

    /* U+0046 "F" */
    0xcf, 0xff, 0xff, 0xff, 0xff, 0xff, 0xff, 0x2c,
    0xff, 0xff, 0xff, 0xff, 0xff, 0xff, 0xf2, 0xcf,
    0xff, 0xff, 0xff, 0xff, 0xff, 0xff, 0x2c, 0xff,
    0xf7, 0x66, 0x66, 0x66, 0x66, 0x61, 0xcf, 0xff,
    0x10, 0x00, 0x00, 0x00, 0x00, 0x0c, 0xff, 0xf1,
    0x00, 0x00, 0x00, 0x00, 0x00, 0xcf, 0xff, 0x10,
    0x00, 0x00, 0x00, 0x00, 0x0c, 0xff, 0xf1, 0x00,
    0x00, 0x00, 0x00, 0x00, 0xcf, 0xff, 0x10, 0x00,
    0x00, 0x00, 0x00, 0x0c, 0xff, 0xf6, 0x55, 0x55,
    0x55, 0x55, 0x00, 0xcf, 0xff, 0xff, 0xff, 0xff,
    0xff, 0xf3, 0x0c, 0xff, 0xff, 0xff, 0xff, 0xff,
    0xff, 0x30, 0xcf, 0xff, 0xff, 0xff, 0xff, 0xff,
    0xf3, 0x0c, 0xff, 0xf1, 0x00, 0x00, 0x00, 0x00,
    0x00, 0xcf, 0xff, 0x10, 0x00, 0x00, 0x00, 0x00,
    0x0c, 0xff, 0xf1, 0x00, 0x00, 0x00, 0x00, 0x00,
    0xcf, 0xff, 0x10, 0x00, 0x00, 0x00, 0x00, 0x0c,
    0xff, 0xf1, 0x00, 0x00, 0x00, 0x00, 0x00, 0xcf,
    0xff, 0x10, 0x00, 0x00, 0x00, 0x00, 0x0c, 0xff,
    0xf1, 0x00, 0x00, 0x00, 0x00, 0x00, 0xcf, 0xff,
    0x10, 0x00, 0x00, 0x00, 0x00, 0x0c, 0xff, 0xf1,
    0x00, 0x00, 0x00, 0x00, 0x00,

    /* U+0047 "G" */
    0x00, 0x00, 0x00, 0x39, 0xcf, 0xfe, 0xc9, 0x30,
    0x00, 0x00, 0x00, 0x00, 0x2b, 0xff, 0xff, 0xff,
    0xff, 0xfc, 0x20, 0x00, 0x00, 0x03, 0xff, 0xff,
    0xff, 0xff, 0xff, 0xff, 0xf4, 0x00, 0x00, 0x2f,
    0xff, 0xff, 0xeb, 0xab, 0xef, 0xff, 0xff, 0x30,
    0x00, 0xcf, 0xff, 0xf7, 0x00, 0x00, 0x05, 0xef,
    0xff, 0xd0, 0x05, 0xff, 0xff, 0x40, 0x00, 0x00,
    0x00, 0x2f, 0xff, 0xf4, 0x0c, 0xff, 0xf8, 0x00,
    0x00, 0x00, 0x00, 0x08, 0xff, 0xf8, 0x1f, 0xff,
    0xf1, 0x00, 0x00, 0x00, 0x00, 0x00, 0x00, 0x00,
    0x4f, 0xff, 0xb0, 0x00, 0x00, 0x00, 0x00, 0x00,
    0x00, 0x00, 0x6f, 0xff, 0x90, 0x00, 0x00, 0x00,
    0x00, 0x00, 0x00, 0x00, 0x7f, 0xff, 0x70, 0x00,
    0x00, 0x0f, 0xff, 0xff, 0xff, 0xfe, 0x7f, 0xff,
    0x70, 0x00, 0x00, 0x0f, 0xff, 0xff, 0xff, 0xfe,
    0x6f, 0xff, 0x90, 0x00, 0x00, 0x0f, 0xff, 0xff,
    0xff, 0xfd, 0x4f, 0xff, 0xb0, 0x00, 0x00, 0x02,
    0x22, 0x22, 0xff, 0xfd, 0x1f, 0xff, 0xf1, 0x00,
    0x00, 0x00, 0x00, 0x01, 0xff, 0xfb, 0x0c, 0xff,
    0xf8, 0x00, 0x00, 0x00, 0x00, 0x07, 0xff, 0xf8,
    0x06, 0xff, 0xff, 0x40, 0x00, 0x00, 0x00, 0x1e,
    0xff, 0xf3, 0x00, 0xdf, 0xff, 0xf7, 0x00, 0x00,
    0x04, 0xef, 0xff, 0xb0, 0x00, 0x2f, 0xff, 0xff,
    0xfb, 0x9a, 0xdf, 0xff, 0xfe, 0x10, 0x00, 0x04,
    0xff, 0xff, 0xff, 0xff, 0xff, 0xff, 0xe4, 0x00,
    0x00, 0x00, 0x2b, 0xff, 0xff, 0xff, 0xff, 0xfc,
    0x20, 0x00, 0x00, 0x00, 0x00, 0x39, 0xcf, 0xff,
    0xd9, 0x40, 0x00, 0x00,

    /* U+0048 "H" */
    0xcf, 0xff, 0x10, 0x00, 0x00, 0x00, 0x00, 0xbf,
    0xff, 0x2c, 0xff, 0xf1, 0x00, 0x00, 0x00, 0x00,
    0x0b, 0xff, 0xf2, 0xcf, 0xff, 0x10, 0x00, 0x00,
    0x00, 0x00, 0xbf, 0xff, 0x2c, 0xff, 0xf1, 0x00,
    0x00, 0x00, 0x00, 0x0b, 0xff, 0xf2, 0xcf, 0xff,
    0x10, 0x00, 0x00, 0x00, 0x00, 0xbf, 0xff, 0x2c,
    0xff, 0xf1, 0x00, 0x00, 0x00, 0x00, 0x0b, 0xff,
    0xf2, 0xcf, 0xff, 0x10, 0x00, 0x00, 0x00, 0x00,
    0xbf, 0xff, 0x2c, 0xff, 0xf1, 0x00, 0x00, 0x00,
    0x00, 0x0b, 0xff, 0xf2, 0xcf, 0xff, 0x10, 0x00,
    0x00, 0x00, 0x00, 0xbf, 0xff, 0x2c, 0xff, 0xff,
    0xff, 0xff, 0xff, 0xff, 0xff, 0xff, 0xf2, 0xcf,
    0xff, 0xff, 0xff, 0xff, 0xff, 0xff, 0xff, 0xff,
    0x2c, 0xff, 0xff, 0xff, 0xff, 0xff, 0xff, 0xff,
    0xff, 0xf2, 0xcf, 0xff, 0x76, 0x66, 0x66, 0x66,
    0x66, 0xdf, 0xff, 0x2c, 0xff, 0xf1, 0x00, 0x00,
    0x00, 0x00, 0x0b, 0xff, 0xf2, 0xcf, 0xff, 0x10,
    0x00, 0x00, 0x00, 0x00, 0xbf, 0xff, 0x2c, 0xff,
    0xf1, 0x00, 0x00, 0x00, 0x00, 0x0b, 0xff, 0xf2,
    0xcf, 0xff, 0x10, 0x00, 0x00, 0x00, 0x00, 0xbf,
    0xff, 0x2c, 0xff, 0xf1, 0x00, 0x00, 0x00, 0x00,
    0x0b, 0xff, 0xf2, 0xcf, 0xff, 0x10, 0x00, 0x00,
    0x00, 0x00, 0xbf, 0xff, 0x2c, 0xff, 0xf1, 0x00,
    0x00, 0x00, 0x00, 0x0b, 0xff, 0xf2, 0xcf, 0xff,
    0x10, 0x00, 0x00, 0x00, 0x00, 0xbf, 0xff, 0x2c,
    0xff, 0xf1, 0x00, 0x00, 0x00, 0x00, 0x0b, 0xff,
    0xf2,

    /* U+0049 "I" */
    0xcf, 0xff, 0x1c, 0xff, 0xf1, 0xcf, 0xff, 0x1c,
    0xff, 0xf1, 0xcf, 0xff, 0x1c, 0xff, 0xf1, 0xcf,
    0xff, 0x1c, 0xff, 0xf1, 0xcf, 0xff, 0x1c, 0xff,
    0xf1, 0xcf, 0xff, 0x1c, 0xff, 0xf1, 0xcf, 0xff,
    0x1c, 0xff, 0xf1, 0xcf, 0xff, 0x1c, 0xff, 0xf1,
    0xcf, 0xff, 0x1c, 0xff, 0xf1, 0xcf, 0xff, 0x1c,
    0xff, 0xf1, 0xcf, 0xff, 0x1c, 0xff, 0xf1,

    /* U+004A "J" */
    0x00, 0x00, 0x00, 0x00, 0x00, 0xaf, 0xff, 0x30,
    0x00, 0x00, 0x00, 0x00, 0x0a, 0xff, 0xf3, 0x00,
    0x00, 0x00, 0x00, 0x00, 0xaf, 0xff, 0x30, 0x00,
    0x00, 0x00, 0x00, 0x0a, 0xff, 0xf3, 0x00, 0x00,
    0x00, 0x00, 0x00, 0xaf, 0xff, 0x30, 0x00, 0x00,
    0x00, 0x00, 0x0a, 0xff, 0xf3, 0x00, 0x00, 0x00,
    0x00, 0x00, 0xaf, 0xff, 0x30, 0x00, 0x00, 0x00,
    0x00, 0x0a, 0xff, 0xf3, 0x00, 0x00, 0x00, 0x00,
    0x00, 0xaf, 0xff, 0x30, 0x00, 0x00, 0x00, 0x00,
    0x0a, 0xff, 0xf3, 0x00, 0x00, 0x00, 0x00, 0x00,
    0xaf, 0xff, 0x30, 0x00, 0x00, 0x00, 0x00, 0x0a,
    0xff, 0xf3, 0x00, 0x00, 0x00, 0x00, 0x00, 0xaf,
    0xff, 0x30, 0x00, 0x00, 0x00, 0x00, 0x0a, 0xff,
    0xf3, 0xdf, 0xff, 0x00, 0x00, 0x00, 0xaf, 0xff,
    0x3d, 0xff, 0xf1, 0x00, 0x00, 0x0b, 0xff, 0xf2,
    0xcf, 0xff, 0x30, 0x00, 0x00, 0xdf, 0xff, 0x18,
    0xff, 0xfb, 0x00, 0x00, 0x5f, 0xff, 0xe0, 0x3f,
    0xff, 0xfc, 0x65, 0x9f, 0xff, 0xf8, 0x00, 0x9f,
    0xff, 0xff, 0xff, 0xff, 0xfd, 0x10, 0x00, 0x9f,
    0xff, 0xff, 0xff, 0xfd, 0x20, 0x00, 0x00, 0x39,
    0xdf, 0xfe, 0xb5, 0x00, 0x00,

    /* U+004B "K" */
    0xcf, 0xff, 0x10, 0x00, 0x00, 0x00, 0x2f, 0xff,
    0xfb, 0x0c, 0xff, 0xf1, 0x00, 0x00, 0x00, 0x1e,
    0xff, 0xfc, 0x00, 0xcf, 0xff, 0x10, 0x00, 0x00,
    0x0d, 0xff, 0xfe, 0x10, 0x0c, 0xff, 0xf1, 0x00,
    0x00, 0x0b, 0xff, 0xfe, 0x20, 0x00, 0xcf, 0xff,
    0x10, 0x00, 0x09, 0xff, 0xff, 0x30, 0x00, 0x0c,
    0xff, 0xf1, 0x00, 0x07, 0xff, 0xff, 0x50, 0x00,
    0x00, 0xcf, 0xff, 0x10, 0x05, 0xff, 0xff, 0x70,
    0x00, 0x00, 0x0c, 0xff, 0xf1, 0x03, 0xff, 0xff,
    0x90, 0x00, 0x00, 0x00, 0xcf, 0xff, 0x11, 0xef,
    0xff, 0xa0, 0x00, 0x00, 0x00, 0x0c, 0xff, 0xf1,
    0xbf, 0xff, 0xf0, 0x00, 0x00, 0x00, 0x00, 0xcf,
    0xff, 0x8f, 0xff, 0xff, 0x70, 0x00, 0x00, 0x00,
    0x0c, 0xff, 0xff, 0xff, 0xff, 0xff, 0x20, 0x00,
    0x00, 0x00, 0xcf, 0xff, 0xff, 0xbb, 0xff, 0xfc,
    0x00, 0x00, 0x00, 0x0c, 0xff, 0xff, 0xc0, 0x1e,
    0xff, 0xf8, 0x00, 0x00, 0x00, 0xcf, 0xff, 0xf1,
    0x00, 0x5f, 0xff, 0xf3, 0x00, 0x00, 0x0c, 0xff,
    0xf3, 0x00, 0x00, 0xaf, 0xff, 0xd0, 0x00, 0x00,
    0xcf, 0xff, 0x10, 0x00, 0x01, 0xef, 0xff, 0x80,
    0x00, 0x0c, 0xff, 0xf1, 0x00, 0x00, 0x05, 0xff,
    0xff, 0x30, 0x00, 0xcf, 0xff, 0x10, 0x00, 0x00,
    0x0a, 0xff, 0xfd, 0x00, 0x0c, 0xff, 0xf1, 0x00,
    0x00, 0x00, 0x1e, 0xff, 0xf9, 0x00, 0xcf, 0xff,
    0x10, 0x00, 0x00, 0x00, 0x4f, 0xff, 0xf4, 0x0c,
    0xff, 0xf1, 0x00, 0x00, 0x00, 0x00, 0xaf, 0xff,
    0xe1,

    /* U+004C "L" */
    0xcf, 0xff, 0x10, 0x00, 0x00, 0x00, 0x00, 0xcf,
    0xff, 0x10, 0x00, 0x00, 0x00, 0x00, 0xcf, 0xff,
    0x10, 0x00, 0x00, 0x00, 0x00, 0xcf, 0xff, 0x10,
    0x00, 0x00, 0x00, 0x00, 0xcf, 0xff, 0x10, 0x00,
    0x00, 0x00, 0x00, 0xcf, 0xff, 0x10, 0x00, 0x00,
    0x00, 0x00, 0xcf, 0xff, 0x10, 0x00, 0x00, 0x00,
    0x00, 0xcf, 0xff, 0x10, 0x00, 0x00, 0x00, 0x00,
    0xcf, 0xff, 0x10, 0x00, 0x00, 0x00, 0x00, 0xcf,
    0xff, 0x10, 0x00, 0x00, 0x00, 0x00, 0xcf, 0xff,
    0x10, 0x00, 0x00, 0x00, 0x00, 0xcf, 0xff, 0x10,
    0x00, 0x00, 0x00, 0x00, 0xcf, 0xff, 0x10, 0x00,
    0x00, 0x00, 0x00, 0xcf, 0xff, 0x10, 0x00, 0x00,
    0x00, 0x00, 0xcf, 0xff, 0x10, 0x00, 0x00, 0x00,
    0x00, 0xcf, 0xff, 0x10, 0x00, 0x00, 0x00, 0x00,
    0xcf, 0xff, 0x10, 0x00, 0x00, 0x00, 0x00, 0xcf,
    0xff, 0x10, 0x00, 0x00, 0x00, 0x00, 0xcf, 0xff,
    0x76, 0x66, 0x66, 0x66, 0x64, 0xcf, 0xff, 0xff,
    0xff, 0xff, 0xff, 0xfc, 0xcf, 0xff, 0xff, 0xff,
    0xff, 0xff, 0xfc, 0xcf, 0xff, 0xff, 0xff, 0xff,
    0xff, 0xfc,

    /* U+004D "M" */
    0xcf, 0xff, 0xff, 0x40, 0x00, 0x00, 0x00, 0x00,
    0x09, 0xff, 0xff, 0xf7, 0xcf, 0xff, 0xff, 0xa0,
    0x00, 0x00, 0x00, 0x00, 0x0e, 0xff, 0xff, 0xf7,
    0xcf, 0xff, 0xff, 0xf0, 0x00, 0x00, 0x00, 0x00,
    0x5f, 0xff, 0xff, 0xf7, 0xcf, 0xff, 0xff, 0xf5,
    0x00, 0x00, 0x00, 0x00, 0xbf, 0xff, 0xff, 0xf7,
    0xcf, 0xfe, 0xcf, 0xfb, 0x00, 0x00, 0x00, 0x01,
    0xff, 0xfb, 0xff, 0xf7, 0xcf, 0xff, 0x8f, 0xff,
    0x10, 0x00, 0x00, 0x06, 0xff, 0xf6, 0xff, 0xf7,
    0xcf, 0xff, 0x3f, 0xff, 0x70, 0x00, 0x00, 0x0c,
    0xff, 0xc5, 0xff, 0xf7, 0xcf, 0xff, 0x0e, 0xff,
    0xd0, 0x00, 0x00, 0x2f, 0xff, 0x86, 0xff, 0xf7,
    0xcf, 0xff, 0x0a, 0xff, 0xf3, 0x00, 0x00, 0x8f,
    0xff, 0x36, 0xff, 0xf7, 0xcf, 0xff, 0x05, 0xff,
    0xf9, 0x00, 0x00, 0xdf, 0xfe, 0x06, 0xff, 0xf7,
    0xcf, 0xff, 0x00, 0xff, 0xfe, 0x00, 0x03, 0xff,
    0xf9, 0x06, 0xff, 0xf7, 0xcf, 0xff, 0x00, 0x9f,
    0xff, 0x40, 0x09, 0xff, 0xf3, 0x06, 0xff, 0xf7,
    0xcf, 0xff, 0x00, 0x4f, 0xff, 0x90, 0x0e, 0xff,
    0xe0, 0x06, 0xff, 0xf7, 0xcf, 0xff, 0x00, 0x0e,
    0xff, 0xd0, 0x2f, 0xff, 0x80, 0x06, 0xff, 0xf7,
    0xcf, 0xff, 0x00, 0x08, 0xff, 0xf1, 0x6f, 0xff,
    0x20, 0x06, 0xff, 0xf7, 0xcf, 0xff, 0x00, 0x02,
    0xff, 0xf5, 0xaf, 0xfd, 0x00, 0x06, 0xff, 0xf7,
    0xcf, 0xff, 0x00, 0x00, 0xdf, 0xf9, 0xef, 0xf7,
    0x00, 0x06, 0xff, 0xf7, 0xcf, 0xff, 0x00, 0x00,
    0x7f, 0xff, 0xff, 0xf1, 0x00, 0x06, 0xff, 0xf7,
    0xcf, 0xff, 0x00, 0x00, 0x1f, 0xff, 0xff, 0xb0,
    0x00, 0x06, 0xff, 0xf7, 0xcf, 0xff, 0x00, 0x00,
    0x0b, 0xff, 0xff, 0x60, 0x00, 0x06, 0xff, 0xf7,
    0xcf, 0xff, 0x00, 0x00, 0x05, 0xff, 0xff, 0x10,
    0x00, 0x06, 0xff, 0xf7, 0xcf, 0xff, 0x00, 0x00,
    0x00, 0xff, 0xfa, 0x00, 0x00, 0x06, 0xff, 0xf7,

    /* U+004E "N" */
    0xcf, 0xff, 0xe0, 0x00, 0x00, 0x00, 0x00, 0x6f,
    0xff, 0x9c, 0xff, 0xff, 0x80, 0x00, 0x00, 0x00,
    0x06, 0xff, 0xf9, 0xcf, 0xff, 0xff, 0x20, 0x00,
    0x00, 0x00, 0x6f, 0xff, 0x9c, 0xff, 0xff, 0xfc,
    0x00, 0x00, 0x00, 0x06, 0xff, 0xf9, 0xcf, 0xff,
    0xff, 0xf6, 0x00, 0x00, 0x00, 0x6f, 0xff, 0x9c,
    0xff, 0xf9, 0xff, 0xe1, 0x00, 0x00, 0x06, 0xff,
    0xf9, 0xcf, 0xff, 0x2f, 0xff, 0x90, 0x00, 0x00,
    0x6f, 0xff, 0x9c, 0xff, 0xf0, 0x9f, 0xff, 0x30,
    0x00, 0x06, 0xff, 0xf9, 0xcf, 0xff, 0x11, 0xff,
    0xfc, 0x00, 0x00, 0x6f, 0xff, 0x9c, 0xff, 0xf2,
    0x07, 0xff, 0xf7, 0x00, 0x06, 0xff, 0xf9, 0xcf,
    0xff, 0x20, 0x0d, 0xff, 0xf1, 0x00, 0x6f, 0xff,
    0x9c, 0xff, 0xf3, 0x00, 0x4f, 0xff, 0xa0, 0x06,
    0xff, 0xf9, 0xcf, 0xff, 0x30, 0x00, 0xbf, 0xff,
    0x40, 0x6f, 0xff, 0x9c, 0xff, 0xf3, 0x00, 0x01,
    0xff, 0xfd, 0x05, 0xff, 0xf9, 0xcf, 0xff, 0x30,
    0x00, 0x07, 0xff, 0xf5, 0x5f, 0xff, 0x9c, 0xff,
    0xf3, 0x00, 0x00, 0x0d, 0xff, 0xd4, 0xff, 0xf9,
    0xcf, 0xff, 0x30, 0x00, 0x00, 0x3f, 0xff, 0x9f,
    0xff, 0x9c, 0xff, 0xf3, 0x00, 0x00, 0x00, 0xaf,
    0xff, 0xff, 0xf9, 0xcf, 0xff, 0x30, 0x00, 0x00,
    0x01, 0xef, 0xff, 0xff, 0x9c, 0xff, 0xf3, 0x00,
    0x00, 0x00, 0x06, 0xff, 0xff, 0xf9, 0xcf, 0xff,
    0x30, 0x00, 0x00, 0x00, 0x0c, 0xff, 0xff, 0x9c,
    0xff, 0xf3, 0x00, 0x00, 0x00, 0x00, 0x2f, 0xff,
    0xf9,

    /* U+004F "O" */
    0x00, 0x00, 0x00, 0x39, 0xce, 0xff, 0xd9, 0x30,
    0x00, 0x00, 0x00, 0x00, 0x02, 0xbf, 0xff, 0xff,
    0xff, 0xff, 0xc2, 0x00, 0x00, 0x00, 0x03, 0xff,
    0xff, 0xff, 0xff, 0xff, 0xff, 0xf4, 0x00, 0x00,
    0x02, 0xff, 0xff, 0xfe, 0xba, 0xbe, 0xff, 0xff,
    0xf3, 0x00, 0x00, 0xcf, 0xff, 0xf6, 0x00, 0x00,
    0x06, 0xff, 0xff, 0xd0, 0x00, 0x5f, 0xff, 0xf3,
    0x00, 0x00, 0x00, 0x03, 0xff, 0xff, 0x60, 0x0c,
    0xff, 0xf8, 0x00, 0x00, 0x00, 0x00, 0x07, 0xff,
    0xfd, 0x01, 0xff, 0xff, 0x10, 0x00, 0x00, 0x00,
    0x00, 0x0f, 0xff, 0xf2, 0x4f, 0xff, 0xb0, 0x00,
    0x00, 0x00, 0x00, 0x00, 0xaf, 0xff, 0x56, 0xff,
    0xf9, 0x00, 0x00, 0x00, 0x00, 0x00, 0x08, 0xff,
    0xf7, 0x7f, 0xff, 0x70, 0x00, 0x00, 0x00, 0x00,
    0x00, 0x7f, 0xff, 0x87, 0xff, 0xf7, 0x00, 0x00,
    0x00, 0x00, 0x00, 0x06, 0xff, 0xf8, 0x6f, 0xff,
    0x90, 0x00, 0x00, 0x00, 0x00, 0x00, 0x8f, 0xff,
    0x74, 0xff, 0xfb, 0x00, 0x00, 0x00, 0x00, 0x00,
    0x0a, 0xff, 0xf5, 0x1f, 0xff, 0xf1, 0x00, 0x00,
    0x00, 0x00, 0x00, 0xff, 0xff, 0x20, 0xcf, 0xff,
    0x80, 0x00, 0x00, 0x00, 0x00, 0x7f, 0xff, 0xd0,
    0x05, 0xff, 0xff, 0x30, 0x00, 0x00, 0x00, 0x3f,
    0xff, 0xf6, 0x00, 0x0d, 0xff, 0xff, 0x60, 0x00,
    0x00, 0x6f, 0xff, 0xfd, 0x00, 0x00, 0x2f, 0xff,
    0xff, 0xeb, 0x9b, 0xef, 0xff, 0xff, 0x30, 0x00,
    0x00, 0x3f, 0xff, 0xff, 0xff, 0xff, 0xff, 0xff,
    0x40, 0x00, 0x00, 0x00, 0x2b, 0xff, 0xff, 0xff,
    0xff, 0xfc, 0x20, 0x00, 0x00, 0x00, 0x00, 0x03,
    0x9c, 0xff, 0xfd, 0x94, 0x00, 0x00, 0x00,

    /* U+0050 "P" */
    0xcf, 0xff, 0xff, 0xff, 0xfe, 0xc7, 0x10, 0x00,
    0x0c, 0xff, 0xff, 0xff, 0xff, 0xff, 0xff, 0x60,
    0x00, 0xcf, 0xff, 0xff, 0xff, 0xff, 0xff, 0xff,
    0x60, 0x0c, 0xff, 0xf6, 0x55, 0x56, 0x9f, 0xff,
    0xff, 0x20, 0xcf, 0xff, 0x10, 0x00, 0x00, 0x1d,
    0xff, 0xf8, 0x0c, 0xff, 0xf1, 0x00, 0x00, 0x00,
    0x4f, 0xff, 0xd0, 0xcf, 0xff, 0x10, 0x00, 0x00,
    0x00, 0xff, 0xff, 0x0c, 0xff, 0xf1, 0x00, 0x00,
    0x00, 0x0f, 0xff, 0xf0, 0xcf, 0xff, 0x10, 0x00,
    0x00, 0x02, 0xff, 0xfe, 0x0c, 0xff, 0xf1, 0x00,
    0x00, 0x00, 0xaf, 0xff, 0xa0, 0xcf, 0xff, 0x10,
    0x00, 0x13, 0xbf, 0xff, 0xf4, 0x0c, 0xff, 0xff,
    0xff, 0xff, 0xff, 0xff, 0xfa, 0x00, 0xcf, 0xff,
    0xff, 0xff, 0xff, 0xff, 0xfa, 0x00, 0x0c, 0xff,
    0xff, 0xff, 0xff, 0xff, 0xc5, 0x00, 0x00, 0xcf,
    0xff, 0x64, 0x44, 0x42, 0x10, 0x00, 0x00, 0x0c,
    0xff, 0xf1, 0x00, 0x00, 0x00, 0x00, 0x00, 0x00,
    0xcf, 0xff, 0x10, 0x00, 0x00, 0x00, 0x00, 0x00,
    0x0c, 0xff, 0xf1, 0x00, 0x00, 0x00, 0x00, 0x00,
    0x00, 0xcf, 0xff, 0x10, 0x00, 0x00, 0x00, 0x00,
    0x00, 0x0c, 0xff, 0xf1, 0x00, 0x00, 0x00, 0x00,
    0x00, 0x00, 0xcf, 0xff, 0x10, 0x00, 0x00, 0x00,
    0x00, 0x00, 0x0c, 0xff, 0xf1, 0x00, 0x00, 0x00,
    0x00, 0x00, 0x00,

    /* U+0051 "Q" */
    0x00, 0x00, 0x00, 0x39, 0xce, 0xff, 0xd9, 0x30,
    0x00, 0x00, 0x00, 0x00, 0x02, 0xbf, 0xff, 0xff,
    0xff, 0xff, 0xc2, 0x00, 0x00, 0x00, 0x03, 0xff,
    0xff, 0xff, 0xff, 0xff, 0xff, 0xf4, 0x00, 0x00,
    0x02, 0xff, 0xff, 0xfe, 0xba, 0xbe, 0xff, 0xff,
    0xf3, 0x00, 0x00, 0xcf, 0xff, 0xf6, 0x00, 0x00,
    0x06, 0xff, 0xff, 0xd0, 0x00, 0x5f, 0xff, 0xf3,
    0x00, 0x00, 0x00, 0x03, 0xff, 0xff, 0x60, 0x0c,
    0xff, 0xf8, 0x00, 0x00, 0x00, 0x00, 0x07, 0xff,
    0xfd, 0x01, 0xff, 0xff, 0x10, 0x00, 0x00, 0x00,
    0x00, 0x0f, 0xff, 0xf2, 0x4f, 0xff, 0xb0, 0x00,
    0x00, 0x00, 0x00, 0x00, 0xaf, 0xff, 0x56, 0xff,
    0xf9, 0x00, 0x00, 0x00, 0x00, 0x00, 0x08, 0xff,
    0xf7, 0x7f, 0xff, 0x70, 0x00, 0x00, 0x00, 0x00,
    0x00, 0x7f, 0xff, 0x87, 0xff, 0xf7, 0x00, 0x00,
    0x00, 0x00, 0x00, 0x06, 0xff, 0xf8, 0x6f, 0xff,
    0x90, 0x00, 0x00, 0x00, 0x00, 0x00, 0x8f, 0xff,
    0x74, 0xff, 0xfb, 0x00, 0x00, 0x00, 0x00, 0x00,
    0x0a, 0xff, 0xf5, 0x1f, 0xff, 0xf1, 0x00, 0x03,
    0x88, 0x70, 0x00, 0xff, 0xff, 0x20, 0xcf, 0xff,
    0x80, 0x00, 0x0d, 0xff, 0x90, 0x7f, 0xff, 0xd0,
    0x05, 0xff, 0xff, 0x30, 0x00, 0x2f, 0xff, 0x9f,
    0xff, 0xf6, 0x00, 0x0d, 0xff, 0xff, 0x60, 0x00,
    0x5f, 0xff, 0xff, 0xfd, 0x00, 0x00, 0x2f, 0xff,
    0xff, 0xeb, 0x9b, 0xff, 0xff, 0xff, 0x30, 0x00,
    0x00, 0x3f, 0xff, 0xff, 0xff, 0xff, 0xff, 0xff,
    0x50, 0x00, 0x00, 0x00, 0x2b, 0xff, 0xff, 0xff,
    0xff, 0xff, 0xfa, 0x00, 0x00, 0x00, 0x00, 0x03,
    0x9c, 0xff, 0xfd, 0x99, 0xff, 0xf7, 0x00, 0x00,
    0x00, 0x00, 0x00, 0x00, 0x00, 0x00, 0x08, 0xff,
    0xf4, 0x00, 0x00, 0x00, 0x00, 0x00, 0x00, 0x00,
    0x00, 0x07, 0x88, 0x60,

    /* U+0052 "R" */
    0xcf, 0xff, 0xff, 0xff, 0xfe, 0xc7, 0x20, 0x00,
    0x0c, 0xff, 0xff, 0xff, 0xff, 0xff, 0xff, 0x70,
    0x00, 0xcf, 0xff, 0xff, 0xff, 0xff, 0xff, 0xff,
    0x80, 0x0c, 0xff, 0xf6, 0x55, 0x56, 0x9e, 0xff,
    0xff, 0x30, 0xcf, 0xff, 0x10, 0x00, 0x00, 0x1d,
    0xff, 0xf9, 0x0c, 0xff, 0xf1, 0x00, 0x00, 0x00,
    0x4f, 0xff, 0xd0, 0xcf, 0xff, 0x10, 0x00, 0x00,
    0x00, 0xff, 0xff, 0x0c, 0xff, 0xf1, 0x00, 0x00,
    0x00, 0x0f, 0xff, 0xf0, 0xcf, 0xff, 0x10, 0x00,
    0x00, 0x03, 0xff, 0xfe, 0x0c, 0xff, 0xf1, 0x00,
    0x00, 0x00, 0xcf, 0xff, 0xa0, 0xcf, 0xff, 0x65,
    0x55, 0x58, 0xef, 0xff, 0xf3, 0x0c, 0xff, 0xff,
    0xff, 0xff, 0xff, 0xff, 0xf9, 0x00, 0xcf, 0xff,
    0xff, 0xff, 0xff, 0xff, 0xf8, 0x00, 0x0c, 0xff,
    0xff, 0xff, 0xff, 0xff, 0xf6, 0x00, 0x00, 0xcf,
    0xff, 0x10, 0x00, 0x8f, 0xff, 0xc0, 0x00, 0x0c,
    0xff, 0xf1, 0x00, 0x01, 0xef, 0xff, 0x50, 0x00,
    0xcf, 0xff, 0x10, 0x00, 0x07, 0xff, 0xfd, 0x00,
    0x0c, 0xff, 0xf1, 0x00, 0x00, 0x0e, 0xff, 0xf6,
    0x00, 0xcf, 0xff, 0x10, 0x00, 0x00, 0x6f, 0xff,
    0xe0, 0x0c, 0xff, 0xf1, 0x00, 0x00, 0x00, 0xdf,
    0xff, 0x70, 0xcf, 0xff, 0x10, 0x00, 0x00, 0x05,
    0xff, 0xff, 0x1c, 0xff, 0xf1, 0x00, 0x00, 0x00,
    0x0c, 0xff, 0xf9,

    /* U+0053 "S" */
    0x00, 0x00, 0x16, 0xbd, 0xff, 0xda, 0x50, 0x00,
    0x00, 0x00, 0x06, 0xef, 0xff, 0xff, 0xff, 0xfd,
    0x40, 0x00, 0x00, 0x8f, 0xff, 0xff, 0xff, 0xff,
    0xff, 0xf5, 0x00, 0x04, 0xff, 0xff, 0xe9, 0x77,
    0xaf, 0xff, 0xff, 0x10, 0x0b, 0xff, 0xfb, 0x00,
    0x00, 0x01, 0xdf, 0xff, 0x70, 0x0f, 0xff, 0xf1,
    0x00, 0x00, 0x00, 0x3f, 0xff, 0xb0, 0x0f, 0xff,
    0xf0, 0x00, 0x00, 0x00, 0x03, 0x44, 0x30, 0x0d,
    0xff, 0xf7, 0x00, 0x00, 0x00, 0x00, 0x00, 0x00,
    0x07, 0xff, 0xff, 0xa3, 0x00, 0x00, 0x00, 0x00,
    0x00, 0x00, 0xcf, 0xff, 0xff, 0xea, 0x61, 0x00,
    0x00, 0x00, 0x00, 0x09, 0xff, 0xff, 0xff, 0xff,
    0xc5, 0x00, 0x00, 0x00, 0x00, 0x28, 0xdf, 0xff,
    0xff, 0xff, 0xc2, 0x00, 0x00, 0x00, 0x00, 0x02,
    0x6a, 0xef, 0xff, 0xfe, 0x10, 0x00, 0x00, 0x00,
    0x00, 0x00, 0x05, 0xef, 0xff, 0x90, 0x00, 0x00,
    0x00, 0x00, 0x00, 0x00, 0x1f, 0xff, 0xf0, 0x6b,
    0xbb, 0x30, 0x00, 0x00, 0x00, 0x0d, 0xff, 0xf1,
    0x6f, 0xff, 0x90, 0x00, 0x00, 0x00, 0x1f, 0xff,
    0xf0, 0x2f, 0xff, 0xf6, 0x00, 0x00, 0x01, 0xbf,
    0xff, 0xd0, 0x0a, 0xff, 0xff, 0xd8, 0x77, 0xaf,
    0xff, 0xff, 0x60, 0x01, 0xdf, 0xff, 0xff, 0xff,
    0xff, 0xff, 0xfa, 0x00, 0x00, 0x1a, 0xff, 0xff,
    0xff, 0xff, 0xff, 0x80, 0x00, 0x00, 0x00, 0x38,
    0xce, 0xff, 0xdb, 0x71, 0x00, 0x00,

    /* U+0054 "T" */
    0xcf, 0xff, 0xff, 0xff, 0xff, 0xff, 0xff, 0xff,
    0xf9, 0xcf, 0xff, 0xff, 0xff, 0xff, 0xff, 0xff,
    0xff, 0xf9, 0xcf, 0xff, 0xff, 0xff, 0xff, 0xff,
    0xff, 0xff, 0xf9, 0x46, 0x66, 0x66, 0x6f, 0xff,
    0xe6, 0x66, 0x66, 0x63, 0x00, 0x00, 0x00, 0x0f,
    0xff, 0xd0, 0x00, 0x00, 0x00, 0x00, 0x00, 0x00,
    0x0f, 0xff, 0xd0, 0x00, 0x00, 0x00, 0x00, 0x00,
    0x00, 0x0f, 0xff, 0xd0, 0x00, 0x00, 0x00, 0x00,
    0x00, 0x00, 0x0f, 0xff, 0xd0, 0x00, 0x00, 0x00,
    0x00, 0x00, 0x00, 0x0f, 0xff, 0xd0, 0x00, 0x00,
    0x00, 0x00, 0x00, 0x00, 0x0f, 0xff, 0xd0, 0x00,
    0x00, 0x00, 0x00, 0x00, 0x00, 0x0f, 0xff, 0xd0,
    0x00, 0x00, 0x00, 0x00, 0x00, 0x00, 0x0f, 0xff,
    0xd0, 0x00, 0x00, 0x00, 0x00, 0x00, 0x00, 0x0f,
    0xff, 0xd0, 0x00, 0x00, 0x00, 0x00, 0x00, 0x00,
    0x0f, 0xff, 0xd0, 0x00, 0x00, 0x00, 0x00, 0x00,
    0x00, 0x0f, 0xff, 0xd0, 0x00, 0x00, 0x00, 0x00,
    0x00, 0x00, 0x0f, 0xff, 0xd0, 0x00, 0x00, 0x00,
    0x00, 0x00, 0x00, 0x0f, 0xff, 0xd0, 0x00, 0x00,
    0x00, 0x00, 0x00, 0x00, 0x0f, 0xff, 0xd0, 0x00,
    0x00, 0x00, 0x00, 0x00, 0x00, 0x0f, 0xff, 0xd0,
    0x00, 0x00, 0x00, 0x00, 0x00, 0x00, 0x0f, 0xff,
    0xd0, 0x00, 0x00, 0x00, 0x00, 0x00, 0x00, 0x0f,
    0xff, 0xd0, 0x00, 0x00, 0x00, 0x00, 0x00, 0x00,
    0x0f, 0xff, 0xd0, 0x00, 0x00, 0x00,

    /* U+0055 "U" */
    0xcf, 0xff, 0x10, 0x00, 0x00, 0x00, 0x00, 0xff,
    0xfe, 0xcf, 0xff, 0x10, 0x00, 0x00, 0x00, 0x00,
    0xff, 0xfe, 0xcf, 0xff, 0x10, 0x00, 0x00, 0x00,
    0x00, 0xff, 0xfe, 0xcf, 0xff, 0x10, 0x00, 0x00,
    0x00, 0x00, 0xff, 0xfe, 0xcf, 0xff, 0x10, 0x00,
    0x00, 0x00, 0x00, 0xff, 0xfe, 0xcf, 0xff, 0x10,
    0x00, 0x00, 0x00, 0x00, 0xff, 0xfe, 0xcf, 0xff,
    0x10, 0x00, 0x00, 0x00, 0x00, 0xff, 0xfe, 0xcf,
    0xff, 0x10, 0x00, 0x00, 0x00, 0x00, 0xff, 0xfe,
    0xcf, 0xff, 0x10, 0x00, 0x00, 0x00, 0x00, 0xff,
    0xfe, 0xcf, 0xff, 0x10, 0x00, 0x00, 0x00, 0x00,
    0xff, 0xfe, 0xcf, 0xff, 0x10, 0x00, 0x00, 0x00,
    0x00, 0xff, 0xfe, 0xcf, 0xff, 0x10, 0x00, 0x00,
    0x00, 0x00, 0xff, 0xfe, 0xcf, 0xff, 0x10, 0x00,
    0x00, 0x00, 0x00, 0xff, 0xfe, 0xcf, 0xff, 0x10,
    0x00, 0x00, 0x00, 0x00, 0xff, 0xfe, 0xcf, 0xff,
    0x30, 0x00, 0x00, 0x00, 0x01, 0xff, 0xfd, 0xaf,
    0xff, 0x70, 0x00, 0x00, 0x00, 0x05, 0xff, 0xfc,
    0x7f, 0xff, 0xe1, 0x00, 0x00, 0x00, 0x0d, 0xff,
    0xf8, 0x1f, 0xff, 0xfd, 0x30, 0x00, 0x02, 0xcf,
    0xff, 0xf2, 0x07, 0xff, 0xff, 0xfc, 0xaa, 0xcf,
    0xff, 0xff, 0x80, 0x00, 0xaf, 0xff, 0xff, 0xff,
    0xff, 0xff, 0xfb, 0x00, 0x00, 0x06, 0xff, 0xff,
    0xff, 0xff, 0xff, 0x70, 0x00, 0x00, 0x00, 0x16,
    0xbd, 0xff, 0xdb, 0x61, 0x00, 0x00,

    /* U+0056 "V" */
    0x1f, 0xff, 0xf3, 0x00, 0x00, 0x00, 0x00, 0x00,
    0x5f, 0xff, 0xe0, 0x0b, 0xff, 0xf8, 0x00, 0x00,
    0x00, 0x00, 0x00, 0xaf, 0xff, 0x90, 0x06, 0xff,
    0xfd, 0x00, 0x00, 0x00, 0x00, 0x00, 0xff, 0xff,
    0x30, 0x00, 0xff, 0xff, 0x30, 0x00, 0x00, 0x00,
    0x05, 0xff, 0xfe, 0x00, 0x00, 0xaf, 0xff, 0x80,
    0x00, 0x00, 0x00, 0x0a, 0xff, 0xf8, 0x00, 0x00,
    0x5f, 0xff, 0xe0, 0x00, 0x00, 0x00, 0x0f, 0xff,
    0xf3, 0x00, 0x00, 0x0f, 0xff, 0xf3, 0x00, 0x00,
    0x00, 0x4f, 0xff, 0xd0, 0x00, 0x00, 0x09, 0xff,
    0xf8, 0x00, 0x00, 0x00, 0xaf, 0xff, 0x80, 0x00,
    0x00, 0x04, 0xff, 0xfe, 0x00, 0x00, 0x00, 0xef,
    0xff, 0x20, 0x00, 0x00, 0x00, 0xef, 0xff, 0x30,
    0x00, 0x04, 0xff, 0xfc, 0x00, 0x00, 0x00, 0x00,
    0x8f, 0xff, 0x90, 0x00, 0x09, 0xff, 0xf7, 0x00,
    0x00, 0x00, 0x00, 0x3f, 0xff, 0xe0, 0x00, 0x0e,
    0xff, 0xf1, 0x00, 0x00, 0x00, 0x00, 0x0d, 0xff,
    0xf3, 0x00, 0x3f, 0xff, 0xc0, 0x00, 0x00, 0x00,
    0x00, 0x07, 0xff, 0xf8, 0x00, 0x8f, 0xff, 0x60,
    0x00, 0x00, 0x00, 0x00, 0x02, 0xff, 0xfc, 0x00,
    0xdf, 0xff, 0x10, 0x00, 0x00, 0x00, 0x00, 0x00,
    0xcf, 0xff, 0x11, 0xff, 0xfb, 0x00, 0x00, 0x00,
    0x00, 0x00, 0x00, 0x6f, 0xff, 0x55, 0xff, 0xf6,
    0x00, 0x00, 0x00, 0x00, 0x00, 0x00, 0x1f, 0xff,
    0xaa, 0xff, 0xf0, 0x00, 0x00, 0x00, 0x00, 0x00,
    0x00, 0x0b, 0xff, 0xee, 0xff, 0xa0, 0x00, 0x00,
    0x00, 0x00, 0x00, 0x00, 0x05, 0xff, 0xff, 0xff,
    0x50, 0x00, 0x00, 0x00, 0x00, 0x00, 0x00, 0x00,
    0xff, 0xff, 0xff, 0x00, 0x00, 0x00, 0x00, 0x00,
    0x00, 0x00, 0x00, 0xaf, 0xff, 0xfa, 0x00, 0x00,
    0x00, 0x00,

    /* U+0057 "W" */
    0x2f, 0xff, 0xf1, 0x00, 0x00, 0x00, 0x0e, 0xff,
    0xf7, 0x00, 0x00, 0x00, 0x07, 0xff, 0xfb, 0x0d,
    0xff, 0xf4, 0x00, 0x00, 0x00, 0x2f, 0xff, 0xfc,
    0x00, 0x00, 0x00, 0x0b, 0xff, 0xf7, 0x09, 0xff,
    0xf8, 0x00, 0x00, 0x00, 0x6f, 0xff, 0xff, 0x00,
    0x00, 0x00, 0x0f, 0xff, 0xf3, 0x05, 0xff, 0xfc,
    0x00, 0x00, 0x00, 0xaf, 0xff, 0xff, 0x40, 0x00,
    0x00, 0x3f, 0xff, 0xe0, 0x01, 0xff, 0xff, 0x00,
    0x00, 0x00, 0xef, 0xff, 0xff, 0x80, 0x00, 0x00,
    0x6f, 0xff, 0xa0, 0x00, 0xcf, 0xff, 0x40, 0x00,
    0x02, 0xff, 0xfb, 0xff, 0xc0, 0x00, 0x00, 0xaf,
    0xff, 0x60, 0x00, 0x8f, 0xff, 0x80, 0x00, 0x06,
    0xff, 0xf6, 0xff, 0xf0, 0x00, 0x00, 0xef, 0xff,
    0x20, 0x00, 0x4f, 0xff, 0xc0, 0x00, 0x0a, 0xff,
    0xc3, 0xff, 0xf4, 0x00, 0x02, 0xff, 0xfd, 0x00,
    0x00, 0x0f, 0xff, 0xf0, 0x00, 0x0e, 0xff, 0x80,
    0xff, 0xf8, 0x00, 0x06, 0xff, 0xf9, 0x00, 0x00,
    0x0b, 0xff, 0xf3, 0x00, 0x2f, 0xff, 0x50, 0xcf,
    0xfc, 0x00, 0x0a, 0xff, 0xf5, 0x00, 0x00, 0x07,
    0xff, 0xf7, 0x00, 0x6f, 0xff, 0x10, 0x8f, 0xff,
    0x00, 0x0e, 0xff, 0xf1, 0x00, 0x00, 0x03, 0xff,
    0xfb, 0x00, 0xaf, 0xfd, 0x00, 0x4f, 0xff, 0x40,
    0x1f, 0xff, 0xc0, 0x00, 0x00, 0x00, 0xef, 0xfe,
    0x00, 0xef, 0xf9, 0x00, 0x0f, 0xff, 0x70, 0x5f,
    0xff, 0x80, 0x00, 0x00, 0x00, 0xaf, 0xff, 0x21,
    0xff, 0xf5, 0x00, 0x0b, 0xff, 0xb0, 0x8f, 0xff,
    0x30, 0x00, 0x00, 0x00, 0x6f, 0xff, 0x55, 0xff,
    0xf1, 0x00, 0x07, 0xff, 0xe0, 0xcf, 0xff, 0x00,
    0x00, 0x00, 0x00, 0x1f, 0xff, 0x88, 0xff, 0xc0,
    0x00, 0x03, 0xff, 0xf1, 0xef, 0xfb, 0x00, 0x00,
    0x00, 0x00, 0x0d, 0xff, 0xbb, 0xff, 0x80, 0x00,
    0x00, 0xff, 0xf6, 0xff, 0xf7, 0x00, 0x00, 0x00,
    0x00, 0x09, 0xff, 0xde, 0xff, 0x40, 0x00, 0x00,
    0xbf, 0xfc, 0xff, 0xf2, 0x00, 0x00, 0x00, 0x00,
    0x05, 0xff, 0xff, 0xff, 0x00, 0x00, 0x00, 0x6f,
    0xff, 0xff, 0xe0, 0x00, 0x00, 0x00, 0x00, 0x00,
    0xff, 0xff, 0xfc, 0x00, 0x00, 0x00, 0x2f, 0xff,
    0xff, 0xa0, 0x00, 0x00, 0x00, 0x00, 0x00, 0xcf,
    0xff, 0xf7, 0x00, 0x00, 0x00, 0x0e, 0xff, 0xff,
    0x50, 0x00, 0x00, 0x00, 0x00, 0x00, 0x8f, 0xff,
    0xf3, 0x00, 0x00, 0x00, 0x0a, 0xff, 0xff, 0x10,
    0x00, 0x00,

    /* U+0058 "X" */
    0x04, 0xff, 0xff, 0x40, 0x00, 0x00, 0x00, 0x08,
    0xff, 0xfd, 0x00, 0x09, 0xff, 0xfd, 0x00, 0x00,
    0x00, 0x03, 0xff, 0xff, 0x30, 0x00, 0x0d, 0xff,
    0xf9, 0x00, 0x00, 0x00, 0xdf, 0xff, 0x80, 0x00,
    0x00, 0x4f, 0xff, 0xf3, 0x00, 0x00, 0x8f, 0xff,
    0xd0, 0x00, 0x00, 0x00, 0x9f, 0xff, 0xd0, 0x00,
    0x3f, 0xff, 0xf3, 0x00, 0x00, 0x00, 0x00, 0xdf,
    0xff, 0x70, 0x0c, 0xff, 0xf8, 0x00, 0x00, 0x00,
    0x00, 0x03, 0xff, 0xff, 0x15, 0xff, 0xfd, 0x00,
    0x00, 0x00, 0x00, 0x00, 0x09, 0xff, 0xf9, 0xdf,
    0xff, 0x30, 0x00, 0x00, 0x00, 0x00, 0x00, 0x0d,
    0xff, 0xff, 0xff, 0x80, 0x00, 0x00, 0x00, 0x00,
    0x00, 0x00, 0x3f, 0xff, 0xff, 0xd0, 0x00, 0x00,
    0x00, 0x00, 0x00, 0x00, 0x00, 0xcf, 0xff, 0xf4,
    0x00, 0x00, 0x00, 0x00, 0x00, 0x00, 0x00, 0x0e,
    0xff, 0xff, 0xa0, 0x00, 0x00, 0x00, 0x00, 0x00,
    0x00, 0x09, 0xff, 0xff, 0xff, 0x50, 0x00, 0x00,
    0x00, 0x00, 0x00, 0x04, 0xff, 0xff, 0xff, 0xfe,
    0x10, 0x00, 0x00, 0x00, 0x00, 0x01, 0xef, 0xff,
    0x3a, 0xff, 0xfb, 0x00, 0x00, 0x00, 0x00, 0x00,
    0xbf, 0xff, 0xa0, 0x1f, 0xff, 0xf6, 0x00, 0x00,
    0x00, 0x00, 0x6f, 0xff, 0xe1, 0x00, 0x7f, 0xff,
    0xf2, 0x00, 0x00, 0x00, 0x2f, 0xff, 0xf5, 0x00,
    0x00, 0xcf, 0xff, 0xb0, 0x00, 0x00, 0x0c, 0xff,
    0xfa, 0x00, 0x00, 0x02, 0xff, 0xff, 0x60, 0x00,
    0x07, 0xff, 0xfe, 0x10, 0x00, 0x00, 0x07, 0xff,
    0xff, 0x20, 0x03, 0xff, 0xff, 0x40, 0x00, 0x00,
    0x00, 0x0c, 0xff, 0xfc, 0x00, 0xdf, 0xff, 0x90,
    0x00, 0x00, 0x00, 0x00, 0x2f, 0xff, 0xf7,

    /* U+0059 "Y" */
    0x0e, 0xff, 0xf9, 0x00, 0x00, 0x00, 0x00, 0x02,
    0xff, 0xff, 0x50, 0x5f, 0xff, 0xf2, 0x00, 0x00,
    0x00, 0x00, 0xbf, 0xff, 0xc0, 0x00, 0xcf, 0xff,
    0xb0, 0x00, 0x00, 0x00, 0x4f, 0xff, 0xf3, 0x00,
    0x02, 0xff, 0xff, 0x40, 0x00, 0x00, 0x0c, 0xff,
    0xf9, 0x00, 0x00, 0x09, 0xff, 0xfd, 0x00, 0x00,
    0x05, 0xff, 0xfe, 0x10, 0x00, 0x00, 0x0e, 0xff,
    0xf6, 0x00, 0x00, 0xef, 0xff, 0x60, 0x00, 0x00,
    0x00, 0x6f, 0xff, 0xe0, 0x00, 0x7f, 0xff, 0xd0,
    0x00, 0x00, 0x00, 0x00, 0xcf, 0xff, 0x70, 0x0e,
    0xff, 0xf3, 0x00, 0x00, 0x00, 0x00, 0x03, 0xff,
    0xff, 0x17, 0xff, 0xfa, 0x00, 0x00, 0x00, 0x00,
    0x00, 0x09, 0xff, 0xf8, 0xef, 0xff, 0x10, 0x00,
    0x00, 0x00, 0x00, 0x00, 0x1e, 0xff, 0xff, 0xff,
    0x70, 0x00, 0x00, 0x00, 0x00, 0x00, 0x00, 0x6f,
    0xff, 0xff, 0xd0, 0x00, 0x00, 0x00, 0x00, 0x00,
    0x00, 0x00, 0xcf, 0xff, 0xf4, 0x00, 0x00, 0x00,
    0x00, 0x00, 0x00, 0x00, 0x04, 0xff, 0xfc, 0x00,
    0x00, 0x00, 0x00, 0x00, 0x00, 0x00, 0x00, 0x3f,
    0xff, 0xb0, 0x00, 0x00, 0x00, 0x00, 0x00, 0x00,
    0x00, 0x03, 0xff, 0xfb, 0x00, 0x00, 0x00, 0x00,
    0x00, 0x00, 0x00, 0x00, 0x3f, 0xff, 0xb0, 0x00,
    0x00, 0x00, 0x00, 0x00, 0x00, 0x00, 0x03, 0xff,
    0xfb, 0x00, 0x00, 0x00, 0x00, 0x00, 0x00, 0x00,
    0x00, 0x3f, 0xff, 0xb0, 0x00, 0x00, 0x00, 0x00,
    0x00, 0x00, 0x00, 0x03, 0xff, 0xfb, 0x00, 0x00,
    0x00, 0x00, 0x00, 0x00, 0x00, 0x00, 0x3f, 0xff,
    0xb0, 0x00, 0x00, 0x00, 0x00, 0x00, 0x00, 0x00,
    0x03, 0xff, 0xfb, 0x00, 0x00, 0x00, 0x00,

    /* U+005A "Z" */
    0x4f, 0xff, 0xff, 0xff, 0xff, 0xff, 0xff, 0xff,
    0xd4, 0xff, 0xff, 0xff, 0xff, 0xff, 0xff, 0xff,
    0xfd, 0x4f, 0xff, 0xff, 0xff, 0xff, 0xff, 0xff,
    0xff, 0xb1, 0x55, 0x55, 0x55, 0x55, 0x55, 0x6f,
    0xff, 0xf2, 0x00, 0x00, 0x00, 0x00, 0x00, 0x0b,
    0xff, 0xf6, 0x00, 0x00, 0x00, 0x00, 0x00, 0x08,
    0xff, 0xfb, 0x00, 0x00, 0x00, 0x00, 0x00, 0x04,
    0xff, 0xff, 0x10, 0x00, 0x00, 0x00, 0x00, 0x00,
    0xef, 0xff, 0x50, 0x00, 0x00, 0x00, 0x00, 0x00,
    0xaf, 0xff, 0xa0, 0x00, 0x00, 0x00, 0x00, 0x00,
    0x5f, 0xff, 0xe1, 0x00, 0x00, 0x00, 0x00, 0x00,
    0x1e, 0xff, 0xf4, 0x00, 0x00, 0x00, 0x00, 0x00,
    0x0b, 0xff, 0xf9, 0x00, 0x00, 0x00, 0x00, 0x00,
    0x06, 0xff, 0xfd, 0x00, 0x00, 0x00, 0x00, 0x00,
    0x02, 0xff, 0xff, 0x30, 0x00, 0x00, 0x00, 0x00,
    0x00, 0xcf, 0xff, 0x80, 0x00, 0x00, 0x00, 0x00,
    0x00, 0x7f, 0xff, 0xc0, 0x00, 0x00, 0x00, 0x00,
    0x00, 0x2f, 0xff, 0xe2, 0x00, 0x00, 0x00, 0x00,
    0x00, 0x0d, 0xff, 0xf5, 0x00, 0x00, 0x00, 0x00,
    0x00, 0x08, 0xff, 0xfc, 0x55, 0x55, 0x55, 0x55,
    0x55, 0x42, 0xff, 0xff, 0xff, 0xff, 0xff, 0xff,
    0xff, 0xfe, 0x3f, 0xff, 0xff, 0xff, 0xff, 0xff,
    0xff, 0xff, 0xe3, 0xff, 0xff, 0xff, 0xff, 0xff,
    0xff, 0xff, 0xfe,

    /* U+005B "[" */
    0x2f, 0xff, 0xff, 0xf9, 0x2f, 0xff, 0xff, 0xf9,
    0x2f, 0xff, 0xff, 0xf9, 0x2f, 0xff, 0x90, 0x00,
    0x2f, 0xff, 0x80, 0x00, 0x2f, 0xff, 0x80, 0x00,
    0x2f, 0xff, 0x80, 0x00, 0x2f, 0xff, 0x80, 0x00,
    0x2f, 0xff, 0x80, 0x00, 0x2f, 0xff, 0x80, 0x00,
    0x2f, 0xff, 0x80, 0x00, 0x2f, 0xff, 0x80, 0x00,
    0x2f, 0xff, 0x80, 0x00, 0x2f, 0xff, 0x80, 0x00,
    0x2f, 0xff, 0x80, 0x00, 0x2f, 0xff, 0x80, 0x00,
    0x2f, 0xff, 0x80, 0x00, 0x2f, 0xff, 0x80, 0x00,
    0x2f, 0xff, 0x80, 0x00, 0x2f, 0xff, 0x80, 0x00,
    0x2f, 0xff, 0x80, 0x00, 0x2f, 0xff, 0x80, 0x00,
    0x2f, 0xff, 0x80, 0x00, 0x2f, 0xff, 0x80, 0x00,
    0x2f, 0xff, 0x90, 0x00, 0x2f, 0xff, 0xff, 0xf9,
    0x2f, 0xff, 0xff, 0xf9, 0x2f, 0xff, 0xff, 0xf9,

    /* U+005C "\\" */
    0x5f, 0xff, 0x00, 0x00, 0x00, 0x01, 0xff, 0xf3,
    0x00, 0x00, 0x00, 0x0d, 0xff, 0x70, 0x00, 0x00,
    0x00, 0x9f, 0xfc, 0x00, 0x00, 0x00, 0x05, 0xff,
    0xf0, 0x00, 0x00, 0x00, 0x1f, 0xff, 0x40, 0x00,
    0x00, 0x00, 0xcf, 0xf8, 0x00, 0x00, 0x00, 0x08,
    0xff, 0xc0, 0x00, 0x00, 0x00, 0x4f, 0xff, 0x10,
    0x00, 0x00, 0x00, 0xff, 0xf5, 0x00, 0x00, 0x00,
    0x0c, 0xff, 0x90, 0x00, 0x00, 0x00, 0x8f, 0xfd,
    0x00, 0x00, 0x00, 0x03, 0xff, 0xf1, 0x00, 0x00,
    0x00, 0x0f, 0xff, 0x50, 0x00, 0x00, 0x00, 0xbf,
    0xf9, 0x00, 0x00, 0x00, 0x07, 0xff, 0xe0, 0x00,
    0x00, 0x00, 0x3f, 0xff, 0x20, 0x00, 0x00, 0x00,
    0xef, 0xf6, 0x00, 0x00, 0x00, 0x0a, 0xff, 0xa0,
    0x00, 0x00, 0x00, 0x6f, 0xfe, 0x00, 0x00, 0x00,
    0x02, 0xff, 0xf2, 0x00, 0x00, 0x00, 0x0e, 0xff,
    0x70, 0x00, 0x00, 0x00, 0xaf, 0xfb, 0x00, 0x00,
    0x00, 0x06, 0xff, 0xf0, 0x00, 0x00, 0x00, 0x1f,
    0xff, 0x30, 0x00, 0x00, 0x00, 0xdf, 0xf7, 0x00,
    0x00, 0x00, 0x09, 0xff, 0xb0,

    /* U+005D "]" */
    0x6f, 0xff, 0xff, 0xf5, 0x6f, 0xff, 0xff, 0xf5,
    0x6f, 0xff, 0xff, 0xf5, 0x00, 0x06, 0xff, 0xf5,
    0x00, 0x05, 0xff, 0xf5, 0x00, 0x05, 0xff, 0xf5,
    0x00, 0x05, 0xff, 0xf5, 0x00, 0x05, 0xff, 0xf5,
    0x00, 0x05, 0xff, 0xf5, 0x00, 0x05, 0xff, 0xf5,
    0x00, 0x05, 0xff, 0xf5, 0x00, 0x05, 0xff, 0xf5,
    0x00, 0x05, 0xff, 0xf5, 0x00, 0x05, 0xff, 0xf5,
    0x00, 0x05, 0xff, 0xf5, 0x00, 0x05, 0xff, 0xf5,
    0x00, 0x05, 0xff, 0xf5, 0x00, 0x05, 0xff, 0xf5,
    0x00, 0x05, 0xff, 0xf5, 0x00, 0x05, 0xff, 0xf5,
    0x00, 0x05, 0xff, 0xf5, 0x00, 0x05, 0xff, 0xf5,
    0x00, 0x05, 0xff, 0xf5, 0x00, 0x05, 0xff, 0xf5,
    0x00, 0x06, 0xff, 0xf5, 0x6f, 0xff, 0xff, 0xf5,
    0x6f, 0xff, 0xff, 0xf5, 0x6f, 0xff, 0xff, 0xf5,

    /* U+005E "^" */
    0x00, 0x00, 0x8d, 0xdc, 0x10, 0x00, 0x00, 0x00,
    0x1f, 0xff, 0xf8, 0x00, 0x00, 0x00, 0x08, 0xff,
    0xff, 0xf0, 0x00, 0x00, 0x01, 0xff, 0xfb, 0xff,
    0x70, 0x00, 0x00, 0x8f, 0xf8, 0x1f, 0xfe, 0x00,
    0x00, 0x0e, 0xff, 0x10, 0xaf, 0xf6, 0x00, 0x07,
    0xff, 0xa0, 0x02, 0xff, 0xd0, 0x00, 0xef, 0xf3,
    0x00, 0x0b, 0xff, 0x50, 0x6f, 0xfb, 0x00, 0x00,
    0x4f, 0xfc, 0x08, 0xbb, 0x30, 0x00, 0x00, 0x9b,
    0xb2,

    /* U+005F "_" */
    0x22, 0x22, 0x22, 0x22, 0x22, 0x22, 0x22, 0x0f,
    0xff, 0xff, 0xff, 0xff, 0xff, 0xff, 0xf1, 0xff,
    0xff, 0xff, 0xff, 0xff, 0xff, 0xff, 0x1f, 0xff,
    0xff, 0xff, 0xff, 0xff, 0xff, 0xf1,

    /* U+0060 "`" */
    0x49, 0x99, 0x10, 0x01, 0xef, 0xf7, 0x00, 0x05,
    0xff, 0xe0, 0x00, 0x0b, 0xff, 0x60, 0x00, 0x1f,
    0xfd, 0x00,

    /* U+0061 "a" */
    0x00, 0x01, 0x7c, 0xef, 0xec, 0x81, 0x00, 0x00,
    0x06, 0xff, 0xff, 0xff, 0xff, 0xf5, 0x00, 0x06,
    0xff, 0xff, 0xff, 0xff, 0xff, 0xf4, 0x01, 0xff,
    0xff, 0x82, 0x01, 0x9f, 0xff, 0xc0, 0x28, 0xbe,
    0x70, 0x00, 0x00, 0xcf, 0xff, 0x10, 0x00, 0x00,
    0x00, 0x00, 0x0a, 0xff, 0xf2, 0x00, 0x00, 0x00,
    0x00, 0x26, 0xef, 0xff, 0x30, 0x00, 0x59, 0xce,
    0xff, 0xff, 0xff, 0xf3, 0x04, 0xef, 0xff, 0xff,
    0xff, 0xff, 0xff, 0x33, 0xff, 0xff, 0xeb, 0x85,
    0x29, 0xff, 0xf3, 0xaf, 0xff, 0x70, 0x00, 0x00,
    0x9f, 0xff, 0x3d, 0xff, 0xe0, 0x00, 0x00, 0x0b,
    0xff, 0xf3, 0xdf, 0xfe, 0x00, 0x00, 0x02, 0xff,
    0xff, 0x3a, 0xff, 0xf9, 0x10, 0x05, 0xef, 0xff,
    0xf3, 0x4f, 0xff, 0xff, 0xef, 0xff, 0xcf, 0xff,
    0x30, 0x8f, 0xff, 0xff, 0xff, 0x87, 0xff, 0xf3,
    0x00, 0x3a, 0xef, 0xeb, 0x40, 0x7f, 0xff, 0x30,

    /* U+0062 "b" */
    0xff, 0xfd, 0x00, 0x00, 0x00, 0x00, 0x00, 0x00,
    0xff, 0xfd, 0x00, 0x00, 0x00, 0x00, 0x00, 0x00,
    0xff, 0xfd, 0x00, 0x00, 0x00, 0x00, 0x00, 0x00,
    0xff, 0xfd, 0x00, 0x00, 0x00, 0x00, 0x00, 0x00,
    0xff, 0xfd, 0x00, 0x00, 0x00, 0x00, 0x00, 0x00,
    0xff, 0xfd, 0x01, 0x8d, 0xfe, 0xb4, 0x00, 0x00,
    0xff, 0xfd, 0x1d, 0xff, 0xff, 0xff, 0xa0, 0x00,
    0xff, 0xfd, 0xbf, 0xff, 0xff, 0xff, 0xfa, 0x00,
    0xff, 0xff, 0xfd, 0x63, 0x5b, 0xff, 0xff, 0x40,
    0xff, 0xff, 0xd1, 0x00, 0x00, 0xaf, 0xff, 0xb0,
    0xff, 0xff, 0x50, 0x00, 0x00, 0x1f, 0xff, 0xf1,
    0xff, 0xff, 0x00, 0x00, 0x00, 0x0b, 0xff, 0xf4,
    0xff, 0xfd, 0x00, 0x00, 0x00, 0x08, 0xff, 0xf5,
    0xff, 0xfc, 0x00, 0x00, 0x00, 0x08, 0xff, 0xf6,
    0xff, 0xfd, 0x00, 0x00, 0x00, 0x09, 0xff, 0xf5,
    0xff, 0xff, 0x00, 0x00, 0x00, 0x0b, 0xff, 0xf4,
    0xff, 0xff, 0x50, 0x00, 0x00, 0x1f, 0xff, 0xf1,
    0xff, 0xff, 0xd1, 0x00, 0x00, 0xaf, 0xff, 0xb0,
    0xff, 0xff, 0xfd, 0x64, 0x5c, 0xff, 0xff, 0x40,
    0xff, 0xfc, 0xbf, 0xff, 0xff, 0xff, 0xfa, 0x00,
    0xff, 0xfc, 0x1e, 0xff, 0xff, 0xff, 0xa0, 0x00,
    0xff, 0xfc, 0x01, 0x8d, 0xfe, 0xb4, 0x00, 0x00,

    /* U+0063 "c" */
    0x00, 0x00, 0x39, 0xdf, 0xfe, 0xa4, 0x00, 0x00,
    0x00, 0x08, 0xff, 0xff, 0xff, 0xff, 0xc1, 0x00,
    0x00, 0xaf, 0xff, 0xff, 0xff, 0xff, 0xfd, 0x00,
    0x06, 0xff, 0xff, 0x94, 0x37, 0xef, 0xff, 0x80,
    0x0e, 0xff, 0xf6, 0x00, 0x00, 0x2f, 0xff, 0xf0,
    0x4f, 0xff, 0xc0, 0x00, 0x00, 0x08, 0xc8, 0x50,
    0x8f, 0xff, 0x70, 0x00, 0x00, 0x00, 0x00, 0x00,
    0x9f, 0xff, 0x40, 0x00, 0x00, 0x00, 0x00, 0x00,
    0xaf, 0xff, 0x30, 0x00, 0x00, 0x00, 0x00, 0x00,
    0x9f, 0xff, 0x40, 0x00, 0x00, 0x00, 0x00, 0x00,
    0x8f, 0xff, 0x70, 0x00, 0x00, 0x00, 0x00, 0x00,
    0x4f, 0xff, 0xc0, 0x00, 0x00, 0x08, 0xea, 0x71,
    0x0e, 0xff, 0xf6, 0x00, 0x00, 0x2f, 0xff, 0xf0,
    0x06, 0xff, 0xff, 0x94, 0x37, 0xef, 0xff, 0x80,
    0x00, 0xaf, 0xff, 0xff, 0xff, 0xff, 0xfd, 0x00,
    0x00, 0x08, 0xff, 0xff, 0xff, 0xff, 0xb1, 0x00,
    0x00, 0x00, 0x39, 0xdf, 0xfe, 0xa4, 0x00, 0x00,

    /* U+0064 "d" */
    0x00, 0x00, 0x00, 0x00, 0x00, 0x01, 0xff, 0xfb,
    0x00, 0x00, 0x00, 0x00, 0x00, 0x01, 0xff, 0xfb,
    0x00, 0x00, 0x00, 0x00, 0x00, 0x01, 0xff, 0xfb,
    0x00, 0x00, 0x00, 0x00, 0x00, 0x01, 0xff, 0xfb,
    0x00, 0x00, 0x00, 0x00, 0x00, 0x01, 0xff, 0xfb,
    0x00, 0x00, 0x6c, 0xef, 0xc6, 0x01, 0xff, 0xfb,
    0x00, 0x1d, 0xff, 0xff, 0xff, 0xb1, 0xff, 0xfb,
    0x00, 0xdf, 0xff, 0xff, 0xff, 0xf8, 0xff, 0xfb,
    0x09, 0xff, 0xff, 0x94, 0x48, 0xff, 0xff, 0xfb,
    0x0f, 0xff, 0xf6, 0x00, 0x00, 0x3f, 0xff, 0xfb,
    0x5f, 0xff, 0xc0, 0x00, 0x00, 0x09, 0xff, 0xfb,
    0x8f, 0xff, 0x70, 0x00, 0x00, 0x04, 0xff, 0xfb,
    0x9f, 0xff, 0x40, 0x00, 0x00, 0x01, 0xff, 0xfb,
    0xaf, 0xff, 0x30, 0x00, 0x00, 0x00, 0xff, 0xfb,
    0x9f, 0xff, 0x40, 0x00, 0x00, 0x01, 0xff, 0xfb,
    0x8f, 0xff, 0x70, 0x00, 0x00, 0x04, 0xff, 0xfb,
    0x5f, 0xff, 0xc0, 0x00, 0x00, 0x09, 0xff, 0xfb,
    0x0f, 0xff, 0xf6, 0x00, 0x00, 0x3f, 0xff, 0xfb,
    0x09, 0xff, 0xff, 0x94, 0x48, 0xff, 0xff, 0xfb,
    0x00, 0xef, 0xff, 0xff, 0xff, 0xf8, 0xff, 0xfb,
    0x00, 0x1d, 0xff, 0xff, 0xff, 0xb0, 0xff, 0xfb,
    0x00, 0x00, 0x6c, 0xef, 0xd6, 0x00, 0xff, 0xfb,

    /* U+0065 "e" */
    0x00, 0x00, 0x39, 0xdf, 0xfd, 0x93, 0x00, 0x00,
    0x00, 0x09, 0xff, 0xff, 0xff, 0xff, 0x90, 0x00,
    0x00, 0xaf, 0xff, 0xff, 0xff, 0xff, 0xfa, 0x00,
    0x06, 0xff, 0xfe, 0x62, 0x25, 0xef, 0xff, 0x50,
    0x0e, 0xff, 0xe1, 0x00, 0x00, 0x2f, 0xff, 0xd0,
    0x4f, 0xff, 0x70, 0x00, 0x00, 0x09, 0xff, 0xf1,
    0x8f, 0xff, 0x20, 0x00, 0x00, 0x04, 0xff, 0xf5,
    0x9f, 0xff, 0xff, 0xff, 0xff, 0xff, 0xff, 0xf6,
    0xaf, 0xff, 0xff, 0xff, 0xff, 0xff, 0xff, 0xf7,
    0x9f, 0xff, 0xca, 0xaa, 0xaa, 0xaa, 0xaa, 0xa5,
    0x8f, 0xff, 0x30, 0x00, 0x00, 0x00, 0x00, 0x00,
    0x4f, 0xff, 0x80, 0x00, 0x00, 0x00, 0x00, 0x00,
    0x0e, 0xff, 0xf2, 0x00, 0x00, 0x0a, 0xfb, 0x81,
    0x06, 0xff, 0xfe, 0x72, 0x14, 0xbf, 0xff, 0xd0,
    0x00, 0xbf, 0xff, 0xff, 0xff, 0xff, 0xff, 0x30,
    0x00, 0x09, 0xff, 0xff, 0xff, 0xff, 0xe3, 0x00,
    0x00, 0x00, 0x39, 0xdf, 0xfe, 0xb6, 0x00, 0x00,

    /* U+0066 "f" */
    0x00, 0x00, 0x00, 0x02, 0x32, 0x00, 0x00, 0x00,
    0x07, 0xef, 0xff, 0xf2, 0x00, 0x00, 0xaf, 0xff,
    0xff, 0xf0, 0x00, 0x04, 0xff, 0xff, 0xff, 0xb0,
    0x00, 0x09, 0xff, 0xfa, 0x10, 0x10, 0x00, 0x0a,
    0xff, 0xf2, 0x00, 0x00, 0x00, 0x0b, 0xff, 0xf1,
    0x00, 0x00, 0xbf, 0xff, 0xff, 0xff, 0xff, 0xa0,
    0xbf, 0xff, 0xff, 0xff, 0xff, 0xa0, 0xbf, 0xff,
    0xff, 0xff, 0xff, 0xa0, 0x01, 0x1c, 0xff, 0xf2,
    0x11, 0x00, 0x00, 0x0b, 0xff, 0xf1, 0x00, 0x00,
    0x00, 0x0b, 0xff, 0xf1, 0x00, 0x00, 0x00, 0x0b,
    0xff, 0xf1, 0x00, 0x00, 0x00, 0x0b, 0xff, 0xf1,
    0x00, 0x00, 0x00, 0x0b, 0xff, 0xf1, 0x00, 0x00,
    0x00, 0x0b, 0xff, 0xf1, 0x00, 0x00, 0x00, 0x0b,
    0xff, 0xf1, 0x00, 0x00, 0x00, 0x0b, 0xff, 0xf1,
    0x00, 0x00, 0x00, 0x0b, 0xff, 0xf1, 0x00, 0x00,
    0x00, 0x0b, 0xff, 0xf1, 0x00, 0x00, 0x00, 0x0b,
    0xff, 0xf1, 0x00, 0x00, 0x00, 0x0b, 0xff, 0xf1,
    0x00, 0x00, 0x00, 0x0b, 0xff, 0xf1, 0x00, 0x00,

    /* U+0067 "g" */
    0x00, 0x00, 0x6c, 0xff, 0xd7, 0x00, 0xff, 0xfc,
    0x00, 0x1c, 0xff, 0xff, 0xff, 0xb0, 0xff, 0xfc,
    0x00, 0xdf, 0xff, 0xff, 0xff, 0xf8, 0xff, 0xfc,
    0x08, 0xff, 0xff, 0x94, 0x48, 0xff, 0xff, 0xfc,
    0x0f, 0xff, 0xf7, 0x00, 0x00, 0x3f, 0xff, 0xfc,
    0x4f, 0xff, 0xd0, 0x00, 0x00, 0x09, 0xff, 0xfc,
    0x8f, 0xff, 0x70, 0x00, 0x00, 0x04, 0xff, 0xfc,
    0x9f, 0xff, 0x40, 0x00, 0x00, 0x01, 0xff, 0xfc,
    0xaf, 0xff, 0x30, 0x00, 0x00, 0x00, 0xff, 0xfc,
    0xaf, 0xff, 0x40, 0x00, 0x00, 0x01, 0xff, 0xfc,
    0x8f, 0xff, 0x60, 0x00, 0x00, 0x03, 0xff, 0xfc,
    0x6f, 0xff, 0xb0, 0x00, 0x00, 0x08, 0xff, 0xfc,
    0x1f, 0xff, 0xf4, 0x00, 0x00, 0x1e, 0xff, 0xfc,
    0x0a, 0xff, 0xff, 0x72, 0x25, 0xef, 0xff, 0xfc,
    0x01, 0xef, 0xff, 0xff, 0xff, 0xf9, 0xff, 0xfc,
    0x00, 0x2d, 0xff, 0xff, 0xff, 0xc0, 0xff, 0xfc,
    0x00, 0x00, 0x7c, 0xef, 0xd7, 0x00, 0xff, 0xfb,
    0x00, 0x00, 0x00, 0x00, 0x00, 0x01, 0xff, 0xfa,
    0x00, 0x16, 0x40, 0x00, 0x00, 0x06, 0xff, 0xf7,
    0x0b, 0xff, 0xf7, 0x20, 0x02, 0x8f, 0xff, 0xf1,
    0x05, 0xff, 0xff, 0xff, 0xff, 0xff, 0xff, 0x60,
    0x00, 0x5f, 0xff, 0xff, 0xff, 0xff, 0xf6, 0x00,
    0x00, 0x01, 0x7b, 0xef, 0xfe, 0xb7, 0x10, 0x00,

    /* U+0068 "h" */
    0xff, 0xfc, 0x00, 0x00, 0x00, 0x00, 0x00, 0x0f,
    0xff, 0xc0, 0x00, 0x00, 0x00, 0x00, 0x00, 0xff,
    0xfc, 0x00, 0x00, 0x00, 0x00, 0x00, 0x0f, 0xff,
    0xc0, 0x00, 0x00, 0x00, 0x00, 0x00, 0xff, 0xfc,
    0x00, 0x00, 0x00, 0x00, 0x00, 0x0f, 0xff, 0xc0,
    0x08, 0xdf, 0xeb, 0x50, 0x00, 0xff, 0xfc, 0x1d,
    0xff, 0xff, 0xff, 0x90, 0x0f, 0xff, 0xca, 0xff,
    0xff, 0xff, 0xff, 0x60, 0xff, 0xff, 0xfc, 0x65,
    0x8f, 0xff, 0xfd, 0x0f, 0xff, 0xfb, 0x00, 0x00,
    0x3f, 0xff, 0xf2, 0xff, 0xff, 0x20, 0x00, 0x00,
    0xbf, 0xff, 0x4f, 0xff, 0xe0, 0x00, 0x00, 0x08,
    0xff, 0xf5, 0xff, 0xfd, 0x00, 0x00, 0x00, 0x7f,
    0xff, 0x5f, 0xff, 0xd0, 0x00, 0x00, 0x07, 0xff,
    0xf5, 0xff, 0xfd, 0x00, 0x00, 0x00, 0x7f, 0xff,
    0x5f, 0xff, 0xd0, 0x00, 0x00, 0x07, 0xff, 0xf5,
    0xff, 0xfd, 0x00, 0x00, 0x00, 0x7f, 0xff, 0x5f,
    0xff, 0xd0, 0x00, 0x00, 0x07, 0xff, 0xf5, 0xff,
    0xfd, 0x00, 0x00, 0x00, 0x7f, 0xff, 0x5f, 0xff,
    0xd0, 0x00, 0x00, 0x07, 0xff, 0xf5, 0xff, 0xfd,
    0x00, 0x00, 0x00, 0x7f, 0xff, 0x5f, 0xff, 0xd0,
    0x00, 0x00, 0x07, 0xff, 0xf5,

    /* U+0069 "i" */
    0x00, 0x32, 0x00, 0x0b, 0xff, 0x80, 0x3f, 0xff,
    0xf1, 0x2f, 0xff, 0xf0, 0x06, 0xee, 0x50, 0x00,
    0x00, 0x00, 0x00, 0x00, 0x00, 0x0f, 0xff, 0xd0,
    0x0f, 0xff, 0xd0, 0x0f, 0xff, 0xd0, 0x0f, 0xff,
    0xd0, 0x0f, 0xff, 0xd0, 0x0f, 0xff, 0xd0, 0x0f,
    0xff, 0xd0, 0x0f, 0xff, 0xd0, 0x0f, 0xff, 0xd0,
    0x0f, 0xff, 0xd0, 0x0f, 0xff, 0xd0, 0x0f, 0xff,
    0xd0, 0x0f, 0xff, 0xd0, 0x0f, 0xff, 0xd0, 0x0f,
    0xff, 0xd0, 0x0f, 0xff, 0xd0, 0x0f, 0xff, 0xd0,

    /* U+006A "j" */
    0x00, 0x06, 0xee, 0x40, 0x00, 0x2f, 0xff, 0xf0,
    0x00, 0x3f, 0xff, 0xf1, 0x00, 0x0b, 0xff, 0x80,
    0x00, 0x00, 0x32, 0x00, 0x00, 0x00, 0x00, 0x00,
    0x00, 0x00, 0x00, 0x00, 0x00, 0x0f, 0xff, 0xd0,
    0x00, 0x0f, 0xff, 0xd0, 0x00, 0x0f, 0xff, 0xd0,
    0x00, 0x0f, 0xff, 0xd0, 0x00, 0x0f, 0xff, 0xd0,
    0x00, 0x0f, 0xff, 0xd0, 0x00, 0x0f, 0xff, 0xd0,
    0x00, 0x0f, 0xff, 0xd0, 0x00, 0x0f, 0xff, 0xd0,
    0x00, 0x0f, 0xff, 0xd0, 0x00, 0x0f, 0xff, 0xd0,
    0x00, 0x0f, 0xff, 0xd0, 0x00, 0x0f, 0xff, 0xd0,
    0x00, 0x0f, 0xff, 0xd0, 0x00, 0x0f, 0xff, 0xd0,
    0x00, 0x0f, 0xff, 0xd0, 0x00, 0x0f, 0xff, 0xd0,
    0x00, 0x0f, 0xff, 0xd0, 0x00, 0x2f, 0xff, 0xb0,
    0x14, 0xcf, 0xff, 0x90, 0x9f, 0xff, 0xff, 0x30,
    0x9f, 0xff, 0xf7, 0x00, 0x9f, 0xea, 0x40, 0x00,

    /* U+006B "k" */
    0xff, 0xfd, 0x00, 0x00, 0x00, 0x00, 0x00, 0x0f,
    0xff, 0xd0, 0x00, 0x00, 0x00, 0x00, 0x00, 0xff,
    0xfd, 0x00, 0x00, 0x00, 0x00, 0x00, 0x0f, 0xff,
    0xd0, 0x00, 0x00, 0x00, 0x00, 0x00, 0xff, 0xfd,
    0x00, 0x00, 0x00, 0x00, 0x00, 0x0f, 0xff, 0xd0,
    0x00, 0x00, 0x6f, 0xff, 0xe2, 0xff, 0xfd, 0x00,
    0x00, 0x4f, 0xff, 0xf3, 0x0f, 0xff, 0xd0, 0x00,
    0x2e, 0xff, 0xf5, 0x00, 0xff, 0xfd, 0x00, 0x1d,
    0xff, 0xf7, 0x00, 0x0f, 0xff, 0xd0, 0x0c, 0xff,
    0xfa, 0x00, 0x00, 0xff, 0xfd, 0x0a, 0xff, 0xfc,
    0x00, 0x00, 0x0f, 0xff, 0xd7, 0xff, 0xfd, 0x10,
    0x00, 0x00, 0xff, 0xff, 0xff, 0xff, 0x50, 0x00,
    0x00, 0x0f, 0xff, 0xff, 0xff, 0xfd, 0x00, 0x00,
    0x00, 0xff, 0xff, 0xff, 0xff, 0xf8, 0x00, 0x00,
    0x0f, 0xff, 0xf9, 0x4f, 0xff, 0xf4, 0x00, 0x00,
    0xff, 0xff, 0x00, 0x9f, 0xff, 0xe1, 0x00, 0x0f,
    0xff, 0xd0, 0x00, 0xdf, 0xff, 0xa0, 0x00, 0xff,
    0xfd, 0x00, 0x03, 0xff, 0xff, 0x60, 0x0f, 0xff,
    0xd0, 0x00, 0x07, 0xff, 0xff, 0x20, 0xff, 0xfd,
    0x00, 0x00, 0x0c, 0xff, 0xfc, 0x0f, 0xff, 0xd0,
    0x00, 0x00, 0x1e, 0xff, 0xf8,

    /* U+006C "l" */
    0xff, 0xfd, 0xff, 0xfd, 0xff, 0xfd, 0xff, 0xfd,
    0xff, 0xfd, 0xff, 0xfd, 0xff, 0xfd, 0xff, 0xfd,
    0xff, 0xfd, 0xff, 0xfd, 0xff, 0xfd, 0xff, 0xfd,
    0xff, 0xfd, 0xff, 0xfd, 0xff, 0xfd, 0xff, 0xfd,
    0xff, 0xfd, 0xff, 0xfd, 0xff, 0xfd, 0xff, 0xfd,
    0xff, 0xfd, 0xff, 0xfd,

    /* U+006D "m" */
    0xff, 0xf9, 0x03, 0xbe, 0xfd, 0x60, 0x00, 0x08,
    0xdf, 0xeb, 0x40, 0x0f, 0xff, 0xa5, 0xff, 0xff,
    0xff, 0x70, 0x2e, 0xff, 0xff, 0xff, 0x70, 0xff,
    0xfb, 0xef, 0xff, 0xff, 0xff, 0x2d, 0xff, 0xff,
    0xff, 0xff, 0x3f, 0xff, 0xff, 0xa6, 0x7d, 0xff,
    0xfd, 0xfe, 0x75, 0x9f, 0xff, 0xfa, 0xff, 0xff,
    0x80, 0x00, 0x0d, 0xff, 0xfe, 0x10, 0x00, 0x5f,
    0xff, 0xdf, 0xff, 0xf0, 0x00, 0x00, 0x7f, 0xff,
    0x80, 0x00, 0x00, 0xff, 0xff, 0xff, 0xfd, 0x00,
    0x00, 0x05, 0xff, 0xf5, 0x00, 0x00, 0x0d, 0xff,
    0xff, 0xff, 0xd0, 0x00, 0x00, 0x5f, 0xff, 0x50,
    0x00, 0x00, 0xdf, 0xff, 0xff, 0xfd, 0x00, 0x00,
    0x05, 0xff, 0xf5, 0x00, 0x00, 0x0d, 0xff, 0xff,
    0xff, 0xd0, 0x00, 0x00, 0x5f, 0xff, 0x50, 0x00,
    0x00, 0xdf, 0xff, 0xff, 0xfd, 0x00, 0x00, 0x05,
    0xff, 0xf5, 0x00, 0x00, 0x0d, 0xff, 0xff, 0xff,
    0xd0, 0x00, 0x00, 0x5f, 0xff, 0x50, 0x00, 0x00,
    0xdf, 0xff, 0xff, 0xfd, 0x00, 0x00, 0x05, 0xff,
    0xf5, 0x00, 0x00, 0x0d, 0xff, 0xff, 0xff, 0xd0,
    0x00, 0x00, 0x5f, 0xff, 0x50, 0x00, 0x00, 0xdf,
    0xff, 0xff, 0xfd, 0x00, 0x00, 0x05, 0xff, 0xf5,
    0x00, 0x00, 0x0d, 0xff, 0xff, 0xff, 0xd0, 0x00,
    0x00, 0x5f, 0xff, 0x50, 0x00, 0x00, 0xdf, 0xff,
    0xff, 0xfd, 0x00, 0x00, 0x05, 0xff, 0xf5, 0x00,
    0x00, 0x0d, 0xff, 0xf0,

    /* U+006E "n" */
    0xff, 0xfa, 0x01, 0x9d, 0xfe, 0xb5, 0x00, 0x0f,
    0xff, 0xa2, 0xef, 0xff, 0xff, 0xf9, 0x00, 0xff,
    0xfa, 0xdf, 0xff, 0xff, 0xff, 0xf5, 0x0f, 0xff,
    0xff, 0xa3, 0x25, 0xef, 0xff, 0xd0, 0xff, 0xff,
    0x90, 0x00, 0x02, 0xff, 0xff, 0x2f, 0xff, 0xf1,
    0x00, 0x00, 0x0a, 0xff, 0xf4, 0xff, 0xfe, 0x00,
    0x00, 0x00, 0x8f, 0xff, 0x5f, 0xff, 0xd0, 0x00,
    0x00, 0x07, 0xff, 0xf5, 0xff, 0xfd, 0x00, 0x00,
    0x00, 0x7f, 0xff, 0x5f, 0xff, 0xd0, 0x00, 0x00,
    0x07, 0xff, 0xf5, 0xff, 0xfd, 0x00, 0x00, 0x00,
    0x7f, 0xff, 0x5f, 0xff, 0xd0, 0x00, 0x00, 0x07,
    0xff, 0xf5, 0xff, 0xfd, 0x00, 0x00, 0x00, 0x7f,
    0xff, 0x5f, 0xff, 0xd0, 0x00, 0x00, 0x07, 0xff,
    0xf5, 0xff, 0xfd, 0x00, 0x00, 0x00, 0x7f, 0xff,
    0x5f, 0xff, 0xd0, 0x00, 0x00, 0x07, 0xff, 0xf5,
    0xff, 0xfd, 0x00, 0x00, 0x00, 0x7f, 0xff, 0x50,

    /* U+006F "o" */
    0x00, 0x00, 0x39, 0xdf, 0xfe, 0xa5, 0x00, 0x00,
    0x00, 0x08, 0xff, 0xff, 0xff, 0xff, 0xb1, 0x00,
    0x00, 0xaf, 0xff, 0xff, 0xff, 0xff, 0xfd, 0x10,
    0x06, 0xff, 0xff, 0x94, 0x37, 0xef, 0xff, 0xa0,
    0x0e, 0xff, 0xf5, 0x00, 0x00, 0x2f, 0xff, 0xf2,
    0x4f, 0xff, 0xc0, 0x00, 0x00, 0x07, 0xff, 0xf8,
    0x8f, 0xff, 0x60, 0x00, 0x00, 0x02, 0xff, 0xfc,
    0x9f, 0xff, 0x40, 0x00, 0x00, 0x00, 0xff, 0xfd,
    0xaf, 0xff, 0x30, 0x00, 0x00, 0x00, 0xef, 0xff,
    0x9f, 0xff, 0x40, 0x00, 0x00, 0x00, 0xff, 0xfd,
    0x8f, 0xff, 0x60, 0x00, 0x00, 0x02, 0xff, 0xfc,
    0x4f, 0xff, 0xc0, 0x00, 0x00, 0x07, 0xff, 0xf8,
    0x0e, 0xff, 0xf5, 0x00, 0x00, 0x2f, 0xff, 0xf2,
    0x06, 0xff, 0xff, 0x94, 0x37, 0xef, 0xff, 0xa0,
    0x00, 0xaf, 0xff, 0xff, 0xff, 0xff, 0xfd, 0x10,
    0x00, 0x08, 0xff, 0xff, 0xff, 0xff, 0xb1, 0x00,
    0x00, 0x00, 0x39, 0xdf, 0xfe, 0xa5, 0x00, 0x00,

    /* U+0070 "p" */
    0xff, 0xfc, 0x01, 0x9e, 0xfe, 0xb4, 0x00, 0x00,
    0xff, 0xfc, 0x2e, 0xff, 0xff, 0xff, 0xa0, 0x00,
    0xff, 0xfc, 0xcf, 0xff, 0xff, 0xff, 0xfa, 0x00,
    0xff, 0xff, 0xfb, 0x30, 0x29, 0xff, 0xff, 0x40,
    0xff, 0xff, 0xc0, 0x00, 0x00, 0x8f, 0xff, 0xb0,
    0xff, 0xff, 0x40, 0x00, 0x00, 0x0f, 0xff, 0xf1,
    0xff, 0xff, 0x00, 0x00, 0x00, 0x0b, 0xff, 0xf4,
    0xff, 0xfd, 0x00, 0x00, 0x00, 0x08, 0xff, 0xf5,
    0xff, 0xfc, 0x00, 0x00, 0x00, 0x08, 0xff, 0xf6,
    0xff, 0xfd, 0x00, 0x00, 0x00, 0x09, 0xff, 0xf5,
    0xff, 0xff, 0x00, 0x00, 0x00, 0x0c, 0xff, 0xf4,
    0xff, 0xff, 0x50, 0x00, 0x00, 0x1f, 0xff, 0xf1,
    0xff, 0xff, 0xd1, 0x00, 0x00, 0xbf, 0xff, 0xb0,
    0xff, 0xff, 0xfe, 0x64, 0x5c, 0xff, 0xff, 0x40,
    0xff, 0xfd, 0xbf, 0xff, 0xff, 0xff, 0xfa, 0x00,
    0xff, 0xfd, 0x1d, 0xff, 0xff, 0xff, 0xa0, 0x00,
    0xff, 0xfd, 0x01, 0x8d, 0xfe, 0xb4, 0x00, 0x00,
    0xff, 0xfd, 0x00, 0x00, 0x00, 0x00, 0x00, 0x00,
    0xff, 0xfd, 0x00, 0x00, 0x00, 0x00, 0x00, 0x00,
    0xff, 0xfd, 0x00, 0x00, 0x00, 0x00, 0x00, 0x00,
    0xff, 0xfd, 0x00, 0x00, 0x00, 0x00, 0x00, 0x00,
    0xff, 0xfd, 0x00, 0x00, 0x00, 0x00, 0x00, 0x00,
    0xff, 0xfd, 0x00, 0x00, 0x00, 0x00, 0x00, 0x00,

    /* U+0071 "q" */
    0x00, 0x00, 0x6c, 0xef, 0xc6, 0x00, 0xff, 0xfb,
    0x00, 0x1d, 0xff, 0xff, 0xff, 0xb0, 0xff, 0xfb,
    0x00, 0xdf, 0xff, 0xff, 0xff, 0xf7, 0xff, 0xfb,
    0x09, 0xff, 0xff, 0x94, 0x48, 0xff, 0xff, 0xfb,
    0x0f, 0xff, 0xf6, 0x00, 0x00, 0x3f, 0xff, 0xfb,
    0x5f, 0xff, 0xc0, 0x00, 0x00, 0x09, 0xff, 0xfb,
    0x8f, 0xff, 0x70, 0x00, 0x00, 0x04, 0xff, 0xfb,
    0x9f, 0xff, 0x40, 0x00, 0x00, 0x01, 0xff, 0xfb,
    0xaf, 0xff, 0x30, 0x00, 0x00, 0x00, 0xff, 0xfb,
    0x9f, 0xff, 0x40, 0x00, 0x00, 0x01, 0xff, 0xfb,
    0x8f, 0xff, 0x70, 0x00, 0x00, 0x04, 0xff, 0xfb,
    0x5f, 0xff, 0xc0, 0x00, 0x00, 0x09, 0xff, 0xfb,
    0x0f, 0xff, 0xf6, 0x00, 0x00, 0x3f, 0xff, 0xfb,
    0x09, 0xff, 0xff, 0x94, 0x48, 0xff, 0xff, 0xfb,
    0x00, 0xef, 0xff, 0xff, 0xff, 0xf9, 0xff, 0xfb,
    0x00, 0x1d, 0xff, 0xff, 0xff, 0xb1, 0xff, 0xfb,
    0x00, 0x00, 0x6c, 0xef, 0xd6, 0x01, 0xff, 0xfb,
    0x00, 0x00, 0x00, 0x00, 0x00, 0x01, 0xff, 0xfb,
    0x00, 0x00, 0x00, 0x00, 0x00, 0x01, 0xff, 0xfb,
    0x00, 0x00, 0x00, 0x00, 0x00, 0x01, 0xff, 0xfb,
    0x00, 0x00, 0x00, 0x00, 0x00, 0x01, 0xff, 0xfb,
    0x00, 0x00, 0x00, 0x00, 0x00, 0x01, 0xff, 0xfb,
    0x00, 0x00, 0x00, 0x00, 0x00, 0x01, 0xff, 0xfb,

    /* U+0072 "r" */
    0x00, 0x00, 0x00, 0x00, 0x00, 0xff, 0xfb, 0x04,
    0xbf, 0xf5, 0xff, 0xfb, 0x5f, 0xff, 0xf5, 0xff,
    0xfc, 0xef, 0xff, 0xf5, 0xff, 0xff, 0xfd, 0x74,
    0x52, 0xff, 0xff, 0xb0, 0x00, 0x00, 0xff, 0xff,
    0x20, 0x00, 0x00, 0xff, 0xfe, 0x00, 0x00, 0x00,
    0xff, 0xfd, 0x00, 0x00, 0x00, 0xff, 0xfd, 0x00,
    0x00, 0x00, 0xff, 0xfd, 0x00, 0x00, 0x00, 0xff,
    0xfd, 0x00, 0x00, 0x00, 0xff, 0xfd, 0x00, 0x00,
    0x00, 0xff, 0xfd, 0x00, 0x00, 0x00, 0xff, 0xfd,
    0x00, 0x00, 0x00, 0xff, 0xfd, 0x00, 0x00, 0x00,
    0xff, 0xfd, 0x00, 0x00, 0x00, 0xff, 0xfd, 0x00,
    0x00, 0x00,

    /* U+0073 "s" */
    0x00, 0x02, 0x8d, 0xef, 0xeb, 0x70, 0x00, 0x00,
    0x08, 0xff, 0xff, 0xff, 0xff, 0xe3, 0x00, 0x07,
    0xff, 0xff, 0xff, 0xff, 0xff, 0xe1, 0x00, 0xff,
    0xff, 0x60, 0x01, 0x9f, 0xff, 0x90, 0x2f, 0xff,
    0xa0, 0x00, 0x00, 0xbc, 0x84, 0x03, 0xff, 0xfc,
    0x00, 0x00, 0x00, 0x00, 0x00, 0x0f, 0xff, 0xfc,
    0x62, 0x00, 0x00, 0x00, 0x00, 0x7f, 0xff, 0xff,
    0xfe, 0xb7, 0x10, 0x00, 0x00, 0x6e, 0xff, 0xff,
    0xff, 0xff, 0x80, 0x00, 0x00, 0x05, 0x9d, 0xff,
    0xff, 0xff, 0x90, 0x00, 0x00, 0x00, 0x00, 0x4b,
    0xff, 0xff, 0x10, 0x01, 0x40, 0x00, 0x00, 0x0c,
    0xff, 0xf3, 0x7e, 0xff, 0x40, 0x00, 0x00, 0xcf,
    0xff, 0x25, 0xff, 0xfe, 0x51, 0x02, 0x9f, 0xff,
    0xd0, 0x0b, 0xff, 0xff, 0xff, 0xff, 0xff, 0xf4,
    0x00, 0x0b, 0xff, 0xff, 0xff, 0xff, 0xe5, 0x00,
    0x00, 0x04, 0x9d, 0xff, 0xeb, 0x71, 0x00, 0x00,

    /* U+0074 "t" */
    0x00, 0x6f, 0xff, 0x70, 0x00, 0x00, 0x06, 0xff,
    0xf7, 0x00, 0x00, 0x00, 0x6f, 0xff, 0x70, 0x00,
    0x00, 0x06, 0xff, 0xf7, 0x00, 0x00, 0xbf, 0xff,
    0xff, 0xff, 0xf9, 0x0b, 0xff, 0xff, 0xff, 0xff,
    0x90, 0xbf, 0xff, 0xff, 0xff, 0xf9, 0x00, 0x17,
    0xff, 0xf8, 0x11, 0x00, 0x00, 0x6f, 0xff, 0x70,
    0x00, 0x00, 0x06, 0xff, 0xf7, 0x00, 0x00, 0x00,
    0x6f, 0xff, 0x70, 0x00, 0x00, 0x06, 0xff, 0xf7,
    0x00, 0x00, 0x00, 0x6f, 0xff, 0x70, 0x00, 0x00,
    0x06, 0xff, 0xf7, 0x00, 0x00, 0x00, 0x6f, 0xff,
    0x70, 0x00, 0x00, 0x06, 0xff, 0xf7, 0x00, 0x00,
    0x00, 0x5f, 0xff, 0x70, 0x00, 0x00, 0x04, 0xff,
    0xfd, 0x43, 0x20, 0x00, 0x0e, 0xff, 0xff, 0xf9,
    0x00, 0x00, 0x6f, 0xff, 0xff, 0xd0, 0x00, 0x00,
    0x4b, 0xef, 0xeb, 0x00,

    /* U+0075 "u" */
    0xff, 0xfd, 0x00, 0x00, 0x00, 0x7f, 0xff, 0x5f,
    0xff, 0xd0, 0x00, 0x00, 0x07, 0xff, 0xf5, 0xff,
    0xfd, 0x00, 0x00, 0x00, 0x7f, 0xff, 0x5f, 0xff,
    0xd0, 0x00, 0x00, 0x07, 0xff, 0xf5, 0xff, 0xfd,
    0x00, 0x00, 0x00, 0x7f, 0xff, 0x5f, 0xff, 0xd0,
    0x00, 0x00, 0x07, 0xff, 0xf5, 0xff, 0xfd, 0x00,
    0x00, 0x00, 0x7f, 0xff, 0x5f, 0xff, 0xd0, 0x00,
    0x00, 0x07, 0xff, 0xf5, 0xff, 0xfd, 0x00, 0x00,
    0x00, 0x7f, 0xff, 0x5f, 0xff, 0xd0, 0x00, 0x00,
    0x07, 0xff, 0xf5, 0xff, 0xfe, 0x00, 0x00, 0x00,
    0x8f, 0xff, 0x5e, 0xff, 0xf1, 0x00, 0x00, 0x0c,
    0xff, 0xf5, 0xcf, 0xff, 0x90, 0x00, 0x05, 0xff,
    0xff, 0x58, 0xff, 0xff, 0xb6, 0x5a, 0xff, 0xff,
    0xf5, 0x1e, 0xff, 0xff, 0xff, 0xff, 0x7f, 0xff,
    0x50, 0x4f, 0xff, 0xff, 0xff, 0x64, 0xff, 0xf5,
    0x00, 0x29, 0xdf, 0xea, 0x30, 0x4f, 0xff, 0x50,

    /* U+0076 "v" */
    0x3f, 0xff, 0xc0, 0x00, 0x00, 0x00, 0x2f, 0xff,
    0xd0, 0x0e, 0xff, 0xf2, 0x00, 0x00, 0x00, 0x7f,
    0xff, 0x80, 0x08, 0xff, 0xf7, 0x00, 0x00, 0x00,
    0xcf, 0xff, 0x20, 0x02, 0xff, 0xfc, 0x00, 0x00,
    0x01, 0xff, 0xfc, 0x00, 0x00, 0xcf, 0xff, 0x10,
    0x00, 0x07, 0xff, 0xf6, 0x00, 0x00, 0x7f, 0xff,
    0x60, 0x00, 0x0c, 0xff, 0xf1, 0x00, 0x00, 0x1f,
    0xff, 0xb0, 0x00, 0x1f, 0xff, 0xb0, 0x00, 0x00,
    0x0b, 0xff, 0xf1, 0x00, 0x6f, 0xff, 0x50, 0x00,
    0x00, 0x06, 0xff, 0xf6, 0x00, 0xbf, 0xff, 0x00,
    0x00, 0x00, 0x00, 0xff, 0xfb, 0x00, 0xff, 0xf9,
    0x00, 0x00, 0x00, 0x00, 0xaf, 0xff, 0x05, 0xff,
    0xf4, 0x00, 0x00, 0x00, 0x00, 0x4f, 0xff, 0x39,
    0xff, 0xe0, 0x00, 0x00, 0x00, 0x00, 0x0e, 0xff,
    0x8d, 0xff, 0x80, 0x00, 0x00, 0x00, 0x00, 0x09,
    0xff, 0xdf, 0xff, 0x20, 0x00, 0x00, 0x00, 0x00,
    0x03, 0xff, 0xff, 0xfd, 0x00, 0x00, 0x00, 0x00,
    0x00, 0x00, 0xdf, 0xff, 0xf7, 0x00, 0x00, 0x00,
    0x00, 0x00, 0x00, 0x8f, 0xff, 0xf1, 0x00, 0x00,
    0x00,

    /* U+0077 "w" */
    0x3f, 0xff, 0xc0, 0x00, 0x00, 0x5f, 0xff, 0x80,
    0x00, 0x00, 0xaf, 0xff, 0x60, 0xef, 0xff, 0x00,
    0x00, 0x09, 0xff, 0xfc, 0x00, 0x00, 0x0d, 0xff,
    0xf1, 0x0a, 0xff, 0xf4, 0x00, 0x00, 0xdf, 0xff,
    0xf0, 0x00, 0x01, 0xff, 0xfc, 0x00, 0x5f, 0xff,
    0x80, 0x00, 0x1f, 0xff, 0xff, 0x40, 0x00, 0x5f,
    0xff, 0x80, 0x01, 0xff, 0xfb, 0x00, 0x05, 0xff,
    0xff, 0xf8, 0x00, 0x09, 0xff, 0xf3, 0x00, 0x0c,
    0xff, 0xf0, 0x00, 0x9f, 0xf9, 0xff, 0xc0, 0x00,
    0xdf, 0xfe, 0x00, 0x00, 0x7f, 0xff, 0x30, 0x0d,
    0xff, 0x2f, 0xff, 0x00, 0x1f, 0xff, 0xa0, 0x00,
    0x03, 0xff, 0xf7, 0x01, 0xff, 0xe0, 0xcf, 0xf3,
    0x05, 0xff, 0xf5, 0x00, 0x00, 0x0e, 0xff, 0xa0,
    0x4f, 0xfb, 0x08, 0xff, 0x70, 0x8f, 0xff, 0x10,
    0x00, 0x00, 0xaf, 0xfe, 0x08, 0xff, 0x70, 0x4f,
    0xfb, 0x0c, 0xff, 0xc0, 0x00, 0x00, 0x05, 0xff,
    0xf1, 0xcf, 0xf2, 0x00, 0xff, 0xe0, 0xff, 0xf8,
    0x00, 0x00, 0x00, 0x1f, 0xff, 0x5f, 0xfe, 0x00,
    0x0b, 0xff, 0x4f, 0xff, 0x30, 0x00, 0x00, 0x00,
    0xcf, 0xfb, 0xff, 0x90, 0x00, 0x7f, 0xfb, 0xff,
    0xe0, 0x00, 0x00, 0x00, 0x07, 0xff, 0xff, 0xf5,
    0x00, 0x02, 0xff, 0xff, 0xfa, 0x00, 0x00, 0x00,
    0x00, 0x3f, 0xff, 0xff, 0x10, 0x00, 0x0e, 0xff,
    0xff, 0x50, 0x00, 0x00, 0x00, 0x00, 0xef, 0xff,
    0xc0, 0x00, 0x00, 0x9f, 0xff, 0xf1, 0x00, 0x00,
    0x00, 0x00, 0x0a, 0xff, 0xf8, 0x00, 0x00, 0x05,
    0xff, 0xfc, 0x00, 0x00, 0x00,

    /* U+0078 "x" */
    0x0a, 0xff, 0xf8, 0x00, 0x00, 0x05, 0xff, 0xfc,
    0x00, 0x1e, 0xff, 0xf2, 0x00, 0x00, 0xef, 0xff,
    0x20, 0x00, 0x6f, 0xff, 0xb0, 0x00, 0x8f, 0xff,
    0x80, 0x00, 0x00, 0xcf, 0xff, 0x30, 0x1f, 0xff,
    0xd0, 0x00, 0x00, 0x03, 0xff, 0xfb, 0x09, 0xff,
    0xf4, 0x00, 0x00, 0x00, 0x08, 0xff, 0xf5, 0xff,
    0xfa, 0x00, 0x00, 0x00, 0x00, 0x0e, 0xff, 0xff,
    0xff, 0x10, 0x00, 0x00, 0x00, 0x00, 0x5f, 0xff,
    0xff, 0x60, 0x00, 0x00, 0x00, 0x00, 0x01, 0xff,
    0xff, 0xf1, 0x00, 0x00, 0x00, 0x00, 0x00, 0x9f,
    0xff, 0xff, 0x90, 0x00, 0x00, 0x00, 0x00, 0x3f,
    0xff, 0xef, 0xff, 0x30, 0x00, 0x00, 0x00, 0x0d,
    0xff, 0xe1, 0xef, 0xfd, 0x00, 0x00, 0x00, 0x07,
    0xff, 0xf6, 0x06, 0xff, 0xf8, 0x00, 0x00, 0x02,
    0xff, 0xfe, 0x00, 0x0d, 0xff, 0xf2, 0x00, 0x00,
    0xbf, 0xff, 0x50, 0x00, 0x5f, 0xff, 0xc0, 0x00,
    0x5f, 0xff, 0xb0, 0x00, 0x00, 0xbf, 0xff, 0x60,
    0x0e, 0xff, 0xf2, 0x00, 0x00, 0x02, 0xff, 0xfe,
    0x10,

    /* U+0079 "y" */
    0x3f, 0xff, 0xc0, 0x00, 0x00, 0x00, 0x2f, 0xff,
    0xe0, 0x0d, 0xff, 0xf2, 0x00, 0x00, 0x00, 0x7f,
    0xff, 0x80, 0x08, 0xff, 0xf7, 0x00, 0x00, 0x00,
    0xcf, 0xff, 0x20, 0x02, 0xff, 0xfc, 0x00, 0x00,
    0x02, 0xff, 0xfc, 0x00, 0x00, 0xcf, 0xff, 0x10,
    0x00, 0x07, 0xff, 0xf6, 0x00, 0x00, 0x6f, 0xff,
    0x70, 0x00, 0x0d, 0xff, 0xf0, 0x00, 0x00, 0x0f,
    0xff, 0xc0, 0x00, 0x2f, 0xff, 0xa0, 0x00, 0x00,
    0x0a, 0xff, 0xf1, 0x00, 0x8f, 0xff, 0x40, 0x00,
    0x00, 0x04, 0xff, 0xf7, 0x00, 0xdf, 0xfe, 0x00,
    0x00, 0x00, 0x00, 0xef, 0xfb, 0x02, 0xff, 0xf8,
    0x00, 0x00, 0x00, 0x00, 0x8f, 0xff, 0x07, 0xff,
    0xf2, 0x00, 0x00, 0x00, 0x00, 0x2f, 0xff, 0x4c,
    0xff, 0xc0, 0x00, 0x00, 0x00, 0x00, 0x0c, 0xff,
    0x9f, 0xff, 0x60, 0x00, 0x00, 0x00, 0x00, 0x06,
    0xff, 0xff, 0xff, 0x00, 0x00, 0x00, 0x00, 0x00,
    0x01, 0xff, 0xff, 0xfa, 0x00, 0x00, 0x00, 0x00,
    0x00, 0x00, 0xbf, 0xff, 0xf4, 0x00, 0x00, 0x00,
    0x00, 0x00, 0x00, 0x5f, 0xff, 0xe0, 0x00, 0x00,
    0x00, 0x00, 0x00, 0x00, 0x6f, 0xff, 0x80, 0x00,
    0x00, 0x00, 0x00, 0x00, 0x00, 0xbf, 0xff, 0x20,
    0x00, 0x00, 0x00, 0x00, 0x13, 0x28, 0xff, 0xfb,
    0x00, 0x00, 0x00, 0x00, 0x00, 0x8f, 0xff, 0xff,
    0xf3, 0x00, 0x00, 0x00, 0x00, 0x00, 0xdf, 0xff,
    0xff, 0x60, 0x00, 0x00, 0x00, 0x00, 0x00, 0xce,
    0xfe, 0xa3, 0x00, 0x00, 0x00, 0x00, 0x00,

    /* U+007A "z" */
    0x0f, 0xff, 0xff, 0xff, 0xff, 0xff, 0xfe, 0x00,
    0xff, 0xff, 0xff, 0xff, 0xff, 0xff, 0xe0, 0x0f,
    0xff, 0xff, 0xff, 0xff, 0xff, 0xfe, 0x00, 0x55,
    0x55, 0x55, 0x56, 0xff, 0xff, 0x50, 0x00, 0x00,
    0x00, 0x00, 0xaf, 0xff, 0x90, 0x00, 0x00, 0x00,
    0x00, 0x6f, 0xff, 0xd0, 0x00, 0x00, 0x00, 0x00,
    0x3f, 0xff, 0xf2, 0x00, 0x00, 0x00, 0x00, 0x0d,
    0xff, 0xf6, 0x00, 0x00, 0x00, 0x00, 0x0a, 0xff,
    0xfa, 0x00, 0x00, 0x00, 0x00, 0x06, 0xff, 0xfd,
    0x00, 0x00, 0x00, 0x00, 0x03, 0xff, 0xff, 0x30,
    0x00, 0x00, 0x00, 0x01, 0xdf, 0xff, 0x70, 0x00,
    0x00, 0x00, 0x00, 0xbf, 0xff, 0xb0, 0x00, 0x00,
    0x00, 0x00, 0x7f, 0xff, 0xf6, 0x55, 0x55, 0x55,
    0x50, 0x2f, 0xff, 0xff, 0xff, 0xff, 0xff, 0xff,
    0x33, 0xff, 0xff, 0xff, 0xff, 0xff, 0xff, 0xf3,
    0x3f, 0xff, 0xff, 0xff, 0xff, 0xff, 0xff, 0x30,

    /* U+007B "{" */
    0x00, 0x00, 0x01, 0x7c, 0xef, 0x00, 0x00, 0x03,
    0xff, 0xff, 0xf0, 0x00, 0x00, 0xef, 0xff, 0xff,
    0x00, 0x00, 0x5f, 0xff, 0xd4, 0x10, 0x00, 0x09,
    0xff, 0xf3, 0x00, 0x00, 0x00, 0xaf, 0xfe, 0x00,
    0x00, 0x00, 0x0b, 0xff, 0xd0, 0x00, 0x00, 0x00,
    0xbf, 0xfd, 0x00, 0x00, 0x00, 0x0b, 0xff, 0xd0,
    0x00, 0x00, 0x00, 0xcf, 0xfd, 0x00, 0x00, 0x00,
    0x0e, 0xff, 0xc0, 0x00, 0x00, 0x06, 0xff, 0xfa,
    0x00, 0x00, 0xff, 0xff, 0xff, 0x40, 0x00, 0x0f,
    0xff, 0xfe, 0x60, 0x00, 0x00, 0xff, 0xff, 0x10,
    0x00, 0x00, 0x0f, 0xff, 0xff, 0x70, 0x00, 0x00,
    0x03, 0xbf, 0xff, 0x60, 0x00, 0x00, 0x01, 0xff,
    0xfa, 0x00, 0x00, 0x00, 0x0c, 0xff, 0xd0, 0x00,
    0x00, 0x00, 0xbf, 0xfd, 0x00, 0x00, 0x00, 0x0b,
    0xff, 0xd0, 0x00, 0x00, 0x00, 0xbf, 0xfd, 0x00,
    0x00, 0x00, 0x0a, 0xff, 0xe0, 0x00, 0x00, 0x00,
    0x9f, 0xff, 0x20, 0x00, 0x00, 0x06, 0xff, 0xfc,
    0x30, 0x00, 0x00, 0x1e, 0xff, 0xff, 0xf0, 0x00,
    0x00, 0x4f, 0xff, 0xff, 0x00, 0x00, 0x00, 0x18,
    0xce, 0xf0,

    /* U+007C "|" */
    0x6f, 0xff, 0x26, 0xff, 0xf2, 0x6f, 0xff, 0x26,
    0xff, 0xf2, 0x6f, 0xff, 0x26, 0xff, 0xf2, 0x6f,
    0xff, 0x26, 0xff, 0xf2, 0x6f, 0xff, 0x26, 0xff,
    0xf2, 0x6f, 0xff, 0x26, 0xff, 0xf2, 0x6f, 0xff,
    0x26, 0xff, 0xf2, 0x6f, 0xff, 0x26, 0xff, 0xf2,
    0x6f, 0xff, 0x26, 0xff, 0xf2, 0x6f, 0xff, 0x26,
    0xff, 0xf2, 0x6f, 0xff, 0x26, 0xff, 0xf2, 0x6f,
    0xff, 0x26, 0xff, 0xf2, 0x6f, 0xff, 0x26, 0xff,
    0xf2, 0x6f, 0xff, 0x26, 0xff, 0xf2, 0x6f, 0xff,
    0x26, 0xff, 0xf2, 0x6f, 0xff, 0x26, 0xff, 0xf2,
    0x6f, 0xff, 0x26, 0xff, 0xf2, 0x6f, 0xff, 0x26,
    0xff, 0xf2, 0x6f, 0xff, 0x20,

    /* U+007D "}" */
    0x6f, 0xda, 0x50, 0x00, 0x00, 0x06, 0xff, 0xff,
    0xc0, 0x00, 0x00, 0x6f, 0xff, 0xff, 0x90, 0x00,
    0x00, 0x16, 0xff, 0xff, 0x00, 0x00, 0x00, 0x09,
    0xff, 0xf3, 0x00, 0x00, 0x00, 0x4f, 0xff, 0x40,
    0x00, 0x00, 0x03, 0xff, 0xf5, 0x00, 0x00, 0x00,
    0x3f, 0xff, 0x50, 0x00, 0x00, 0x03, 0xff, 0xf5,
    0x00, 0x00, 0x00, 0x3f, 0xff, 0x60, 0x00, 0x00,
    0x02, 0xff, 0xf8, 0x00, 0x00, 0x00, 0x0f, 0xff,
    0xe1, 0x00, 0x00, 0x00, 0xaf, 0xff, 0xff, 0xb0,
    0x00, 0x00, 0xaf, 0xff, 0xff, 0x00, 0x00, 0x00,
    0x4f, 0xff, 0xf0, 0x00, 0x01, 0xbf, 0xff, 0xff,
    0x00, 0x00, 0xbf, 0xff, 0x71, 0x00, 0x00, 0x0f,
    0xff, 0xa0, 0x00, 0x00, 0x02, 0xff, 0xf6, 0x00,
    0x00, 0x00, 0x3f, 0xff, 0x50, 0x00, 0x00, 0x03,
    0xff, 0xf5, 0x00, 0x00, 0x00, 0x3f, 0xff, 0x50,
    0x00, 0x00, 0x04, 0xff, 0xf4, 0x00, 0x00, 0x00,
    0x8f, 0xff, 0x30, 0x00, 0x01, 0x5f, 0xff, 0xf0,
    0x00, 0x06, 0xff, 0xff, 0xf9, 0x00, 0x00, 0x6f,
    0xff, 0xfc, 0x10, 0x00, 0x06, 0xfe, 0xb6, 0x00,
    0x00, 0x00,

    /* U+007E "~" */
    0x00, 0x02, 0x44, 0x00, 0x00, 0x00, 0x00, 0x00,
    0x00, 0xaf, 0xff, 0xf7, 0x00, 0x00, 0x3d, 0xda,
    0x0a, 0xff, 0xff, 0xff, 0xb1, 0x00, 0x7f, 0xfc,
    0x3f, 0xff, 0xff, 0xff, 0xfe, 0x67, 0xff, 0xf9,
    0x7f, 0xfe, 0x30, 0x7f, 0xff, 0xff, 0xff, 0xf3,
    0x9f, 0xf8, 0x00, 0x04, 0xef, 0xff, 0xff, 0x90,
    0x47, 0x73, 0x00, 0x00, 0x19, 0xef, 0xd6, 0x00,

    /* U+00A0 " " */

    /* U+00A1 "¡" */
    0x09, 0xed, 0x40, 0x5f, 0xff, 0xf0, 0x8f, 0xff,
    0xf2, 0x3f, 0xff, 0xd0, 0x05, 0xa9, 0x20, 0x00,
    0x00, 0x00, 0x00, 0x00, 0x00, 0x04, 0x44, 0x20,
    0x0f, 0xff, 0xa0, 0x0f, 0xff, 0xa0, 0x0f, 0xff,
    0xa0, 0x0f, 0xff, 0xb0, 0x0f, 0xff, 0xb0, 0x1f,
    0xff, 0xb0, 0x1f, 0xff, 0xb0, 0x1f, 0xff, 0xc0,
    0x2f, 0xff, 0xc0, 0x2f, 0xff, 0xc0, 0x2f, 0xff,
    0xd0, 0x3f, 0xff, 0xd0, 0x3f, 0xff, 0xd0, 0x3f,
    0xff, 0xe0, 0x3f, 0xff, 0xe0,

    /* U+00A2 "¢" */
    0x00, 0x00, 0x00, 0x0d, 0xe0, 0x00, 0x00, 0x00,
    0x00, 0x00, 0x00, 0x0d, 0xe0, 0x00, 0x00, 0x00,
    0x00, 0x00, 0x39, 0xdf, 0xfe, 0xa4, 0x00, 0x00,
    0x00, 0x08, 0xff, 0xff, 0xff, 0xff, 0xb1, 0x00,
    0x00, 0xaf, 0xff, 0xff, 0xff, 0xff, 0xfd, 0x00,
    0x05, 0xff, 0xff, 0x9f, 0xf7, 0xef, 0xff, 0x80,
    0x0e, 0xff, 0xf6, 0x0d, 0xe0, 0x2f, 0xff, 0xf0,
    0x3f, 0xff, 0xc0, 0x0d, 0xe0, 0x09, 0xd9, 0x60,
    0x7f, 0xff, 0x70, 0x0d, 0xe0, 0x00, 0x00, 0x00,
    0x9f, 0xff, 0x40, 0x0d, 0xe0, 0x00, 0x00, 0x00,
    0xaf, 0xff, 0x30, 0x0d, 0xe0, 0x00, 0x00, 0x00,
    0x9f, 0xff, 0x40, 0x0d, 0xe0, 0x00, 0x00, 0x00,
    0x8f, 0xff, 0x60, 0x0d, 0xe0, 0x00, 0x00, 0x00,
    0x4f, 0xff, 0xb0, 0x0d, 0xe0, 0x07, 0xc8, 0x50,
    0x0e, 0xff, 0xf4, 0x0d, 0xe0, 0x1e, 0xff, 0xf0,
    0x07, 0xff, 0xff, 0x6e, 0xf4, 0xdf, 0xff, 0x90,
    0x00, 0xcf, 0xff, 0xff, 0xff, 0xff, 0xfe, 0x10,
    0x00, 0x0b, 0xff, 0xff, 0xff, 0xff, 0xd2, 0x00,
    0x00, 0x00, 0x5c, 0xff, 0xff, 0xd7, 0x00, 0x00,
    0x00, 0x00, 0x00, 0x0f, 0xf0, 0x00, 0x00, 0x00,
    0x00, 0x00, 0x00, 0x0d, 0xe0, 0x00, 0x00, 0x00,
    0x00, 0x00, 0x00, 0x0d, 0xe0, 0x00, 0x00, 0x00,

    /* U+00A3 "£" */
    0x00, 0x00, 0x00, 0x6b, 0xef, 0xeb, 0x60, 0x00,
    0x00, 0x00, 0x03, 0xdf, 0xff, 0xff, 0xff, 0xd2,
    0x00, 0x00, 0x02, 0xff, 0xff, 0xff, 0xff, 0xff,
    0xe1, 0x00, 0x00, 0xcf, 0xff, 0xe8, 0x68, 0xef,
    0xff, 0xa0, 0x00, 0x2f, 0xff, 0xd1, 0x00, 0x01,
    0xdf, 0xff, 0x10, 0x06, 0xff, 0xf6, 0x00, 0x00,
    0x06, 0xfd, 0xb3, 0x00, 0x7f, 0xff, 0x30, 0x00,
    0x00, 0x00, 0x00, 0x00, 0x07, 0xff, 0xf3, 0x00,
    0x00, 0x00, 0x00, 0x00, 0x00, 0x7f, 0xff, 0x30,
    0x00, 0x00, 0x00, 0x00, 0x05, 0xaf, 0xff, 0xff,
    0xaa, 0xaa, 0xa5, 0x00, 0x00, 0x8f, 0xff, 0xff,
    0xff, 0xff, 0xff, 0x70, 0x00, 0x08, 0xff, 0xff,
    0xff, 0xff, 0xff, 0xf7, 0x00, 0x00, 0x00, 0x4f,
    0xff, 0x50, 0x00, 0x00, 0x00, 0x00, 0x00, 0x03,
    0xff, 0xf6, 0x00, 0x00, 0x00, 0x00, 0x00, 0x00,
    0x2f, 0xff, 0x70, 0x00, 0x00, 0x00, 0x00, 0x00,
    0x02, 0xff, 0xf7, 0x00, 0x00, 0x00, 0x00, 0x00,
    0x00, 0x2f, 0xff, 0x60, 0x00, 0x00, 0x04, 0x44,
    0x20, 0x06, 0xff, 0xe1, 0x00, 0x00, 0x01, 0xff,
    0xf7, 0x6f, 0xff, 0xf8, 0x66, 0x66, 0x66, 0x9f,
    0xff, 0x6b, 0xff, 0xff, 0xff, 0xff, 0xff, 0xff,
    0xff, 0xf2, 0x8f, 0xff, 0xff, 0xff, 0xff, 0xff,
    0xff, 0xfa, 0x08, 0xff, 0xff, 0xff, 0xff, 0xff,
    0xff, 0xd7, 0x00,

    /* U+00A4 "¤" */
    0x00, 0x20, 0x00, 0x00, 0x00, 0x00, 0x00, 0x00,
    0x02, 0x00, 0x02, 0xeb, 0x00, 0x28, 0xce, 0xfd,
    0xa4, 0x00, 0x3f, 0x80, 0x0d, 0xff, 0xb9, 0xff,
    0xff, 0xff, 0xff, 0xc6, 0xff, 0xf5, 0x04, 0xff,
    0xff, 0xff, 0xec, 0xbd, 0xff, 0xff, 0xff, 0xb0,
    0x00, 0x5f, 0xff, 0xe5, 0x00, 0x00, 0x2b, 0xff,
    0xfe, 0x00, 0x00, 0x5f, 0xfd, 0x10, 0x00, 0x00,
    0x00, 0x8f, 0xfd, 0x00, 0x00, 0xdf, 0xf2, 0x00,
    0x00, 0x00, 0x00, 0x0b, 0xff, 0x40, 0x03, 0xff,
    0x90, 0x00, 0x00, 0x00, 0x00, 0x03, 0xff, 0x90,
    0x07, 0xff, 0x30, 0x00, 0x00, 0x00, 0x00, 0x00,
    0xdf, 0xe0, 0x09, 0xff, 0x00, 0x00, 0x00, 0x00,
    0x00, 0x00, 0xaf, 0xf0, 0x0a, 0xff, 0x00, 0x00,
    0x00, 0x00, 0x00, 0x00, 0x8f, 0xf1, 0x09, 0xff,
    0x00, 0x00, 0x00, 0x00, 0x00, 0x00, 0xaf, 0xf0,
    0x07, 0xff, 0x30, 0x00, 0x00, 0x00, 0x00, 0x00,
    0xdf, 0xe0, 0x03, 0xff, 0x90, 0x00, 0x00, 0x00,
    0x00, 0x03, 0xff, 0x90, 0x00, 0xdf, 0xf3, 0x00,
    0x00, 0x00, 0x00, 0x0c, 0xff, 0x40, 0x00, 0x5f,
    0xfd, 0x20, 0x00, 0x00, 0x00, 0x9f, 0xff, 0x00,
    0x00, 0xaf, 0xff, 0xe6, 0x00, 0x00, 0x3b, 0xff,
    0xff, 0x30, 0x0a, 0xff, 0xff, 0xff, 0xfc, 0xbd,
    0xff, 0xff, 0xff, 0xf3, 0x09, 0xff, 0x58, 0xff,
    0xff, 0xff, 0xff, 0xc3, 0xcf, 0xe2, 0x00, 0xa5,
    0x00, 0x28, 0xce, 0xfd, 0xa5, 0x00, 0x0b, 0x30,
    0x00, 0x00, 0x00, 0x00, 0x00, 0x00, 0x00, 0x00,
    0x00, 0x00,

    /* U+00A5 "¥" */
    0x5f, 0xff, 0xb0, 0x00, 0x00, 0x00, 0xdf, 0xff,
    0x40, 0xdf, 0xff, 0x20, 0x00, 0x00, 0x4f, 0xff,
    0xc0, 0x06, 0xff, 0xf9, 0x00, 0x00, 0x0b, 0xff,
    0xf4, 0x00, 0x0e, 0xff, 0xf1, 0x00, 0x02, 0xff,
    0xfd, 0x00, 0x00, 0x6f, 0xff, 0x70, 0x00, 0x8f,
    0xff, 0x50, 0x00, 0x00, 0xef, 0xfe, 0x00, 0x0e,
    0xff, 0xd0, 0x00, 0x00, 0x07, 0xff, 0xf5, 0x06,
    0xff, 0xf6, 0x00, 0x00, 0x00, 0x0f, 0xff, 0xc0,
    0xdf, 0xfe, 0x00, 0x00, 0x00, 0x00, 0x8f, 0xff,
    0x7f, 0xff, 0x70, 0x00, 0x00, 0x00, 0x01, 0xff,
    0xff, 0xff, 0xe0, 0x00, 0x00, 0x01, 0x77, 0x7f,
    0xff, 0xff, 0xff, 0x77, 0x60, 0x00, 0x3f, 0xff,
    0xff, 0xff, 0xff, 0xff, 0xfd, 0x00, 0x03, 0xff,
    0xff, 0xff, 0xff, 0xff, 0xff, 0xd0, 0x00, 0x00,
    0x00, 0x08, 0xff, 0xf6, 0x00, 0x00, 0x00, 0x00,
    0x00, 0x00, 0x8f, 0xff, 0x50, 0x00, 0x00, 0x00,
    0x3f, 0xff, 0xff, 0xff, 0xff, 0xff, 0xfd, 0x00,
    0x03, 0xff, 0xff, 0xff, 0xff, 0xff, 0xff, 0xd0,
    0x00, 0x17, 0x77, 0x7f, 0xff, 0xfd, 0x77, 0x76,
    0x00, 0x00, 0x00, 0x00, 0x8f, 0xff, 0x50, 0x00,
    0x00, 0x00, 0x00, 0x00, 0x08, 0xff, 0xf5, 0x00,
    0x00, 0x00, 0x00, 0x00, 0x00, 0x8f, 0xff, 0x50,
    0x00, 0x00, 0x00, 0x00, 0x00, 0x08, 0xff, 0xf5,
    0x00, 0x00, 0x00,

    /* U+00A6 "¦" */
    0xff, 0xf7, 0xff, 0xf7, 0xff, 0xf7, 0xff, 0xf7,
    0xff, 0xf7, 0xff, 0xf7, 0xff, 0xf7, 0xff, 0xf7,
    0xff, 0xf7, 0xff, 0xf7, 0x45, 0x52, 0x00, 0x00,
    0x00, 0x00, 0x00, 0x00, 0x00, 0x00, 0x00, 0x00,
    0xff, 0xf7, 0xff, 0xf7, 0xff, 0xf7, 0xff, 0xf7,
    0xff, 0xf7, 0xff, 0xf7, 0xff, 0xf7, 0xff, 0xf7,
    0xff, 0xf7, 0xff, 0xf7, 0x56, 0x62,

    /* U+00A7 "§" */
    0x00, 0x00, 0x6c, 0xef, 0xeb, 0x50, 0x00, 0x00,
    0x01, 0xcf, 0xff, 0xff, 0xff, 0xb0, 0x00, 0x00,
    0xbf, 0xff, 0xff, 0xff, 0xff, 0x80, 0x00, 0x2f,
    0xff, 0xd4, 0x24, 0xdf, 0xff, 0x10, 0x05, 0xff,
    0xf2, 0x00, 0x02, 0xff, 0xf6, 0x00, 0x5f, 0xff,
    0x10, 0x00, 0x06, 0x52, 0x00, 0x03, 0xff, 0xf8,
    0x00, 0x00, 0x00, 0x00, 0x00, 0x0c, 0xff, 0xfa,
    0x20, 0x00, 0x00, 0x00, 0x00, 0x1d, 0xff, 0xff,
    0xa2, 0x00, 0x00, 0x00, 0x03, 0x9f, 0xff, 0xff,
    0xfb, 0x30, 0x00, 0x08, 0xff, 0x95, 0xbf, 0xff,
    0xff, 0x80, 0x03, 0xff, 0xc0, 0x00, 0x3b, 0xff,
    0xff, 0x80, 0x7f, 0xf9, 0x00, 0x00, 0x03, 0xcf,
    0xff, 0x26, 0xff, 0xd0, 0x00, 0x00, 0x01, 0xef,
    0xf7, 0x2f, 0xff, 0xa1, 0x00, 0x00, 0x09, 0xff,
    0x80, 0x9f, 0xff, 0xe7, 0x10, 0x00, 0xbf, 0xf4,
    0x00, 0x9f, 0xff, 0xff, 0x83, 0x7f, 0xfa, 0x00,
    0x00, 0x4d, 0xff, 0xff, 0xff, 0xb5, 0x00, 0x00,
    0x00, 0x05, 0xcf, 0xff, 0xfd, 0x10, 0x00, 0x00,
    0x00, 0x00, 0x4c, 0xff, 0xfc, 0x00, 0x00, 0x00,
    0x00, 0x00, 0x0a, 0xff, 0xf3, 0x00, 0x01, 0x53,
    0x00, 0x00, 0x1f, 0xff, 0x60, 0x0c, 0xff, 0xb0,
    0x00, 0x01, 0xff, 0xf6, 0x00, 0x8f, 0xff, 0x91,
    0x02, 0xbf, 0xff, 0x30, 0x01, 0xef, 0xff, 0xff,
    0xff, 0xff, 0xc0, 0x00, 0x03, 0xff, 0xff, 0xff,
    0xff, 0xd1, 0x00, 0x00, 0x01, 0x9e, 0xff, 0xfd,
    0x80, 0x00, 0x00, 0x00, 0x00, 0x00, 0x10, 0x00,
    0x00, 0x00,

    /* U+00A8 "¨" */
    0x00, 0x00, 0x00, 0x00, 0x00, 0x00, 0x06, 0xff,
    0x50, 0x02, 0xdf, 0xb0, 0x0f, 0xff, 0xe0, 0x09,
    0xff, 0xf5, 0x0e, 0xff, 0xe0, 0x08, 0xff, 0xf4,
    0x04, 0xee, 0x40, 0x01, 0xcf, 0x90,

    /* U+00A9 "©" */
    0x00, 0x00, 0x00, 0x02, 0x7c, 0xef, 0xed, 0x94,
    0x00, 0x00, 0x00, 0x00, 0x00, 0x00, 0x19, 0xff,
    0xff, 0xff, 0xff, 0xfd, 0x40, 0x00, 0x00, 0x00,
    0x00, 0x4e, 0xff, 0xff, 0xff, 0xff, 0xff, 0xff,
    0x90, 0x00, 0x00, 0x00, 0x5f, 0xff, 0xfe, 0x95,
    0x45, 0x7c, 0xff, 0xff, 0xb0, 0x00, 0x00, 0x3f,
    0xff, 0xf7, 0x00, 0x00, 0x00, 0x04, 0xdf, 0xff,
    0x80, 0x00, 0x0d, 0xff, 0xf4, 0x00, 0x5b, 0xdc,
    0x93, 0x00, 0xbf, 0xff, 0x40, 0x06, 0xff, 0xf5,
    0x01, 0xcf, 0xff, 0xff, 0xf8, 0x00, 0xdf, 0xfc,
    0x00, 0xcf, 0xfa, 0x00, 0xdf, 0xff, 0xff, 0xff,
    0xf7, 0x04, 0xff, 0xf3, 0x1f, 0xff, 0x30, 0x9f,
    0xfe, 0x50, 0x18, 0xff, 0xf1, 0x0c, 0xff, 0x85,
    0xff, 0xe0, 0x0f, 0xff, 0x20, 0x00, 0x09, 0xff,
    0x60, 0x7f, 0xfc, 0x7f, 0xfb, 0x03, 0xff, 0xa0,
    0x00, 0x00, 0x13, 0x31, 0x04, 0xff, 0xd8, 0xff,
    0xa0, 0x4f, 0xf7, 0x00, 0x00, 0x00, 0x00, 0x00,
    0x3f, 0xff, 0x7f, 0xfb, 0x03, 0xff, 0xa0, 0x00,
    0x00, 0x13, 0x31, 0x04, 0xff, 0xd5, 0xff, 0xe0,
    0x0f, 0xff, 0x20, 0x00, 0x0c, 0xff, 0x40, 0x7f,
    0xfc, 0x1f, 0xff, 0x30, 0x9f, 0xfe, 0x50, 0x19,
    0xff, 0xe0, 0x0c, 0xff, 0x80, 0xdf, 0xfa, 0x00,
    0xdf, 0xff, 0xff, 0xff, 0xf6, 0x04, 0xff, 0xf3,
    0x06, 0xff, 0xf4, 0x01, 0xdf, 0xff, 0xff, 0xf7,
    0x00, 0xdf, 0xfc, 0x00, 0x0d, 0xff, 0xf3, 0x00,
    0x6b, 0xdd, 0x93, 0x00, 0xbf, 0xff, 0x40, 0x00,
    0x3f, 0xff, 0xf7, 0x00, 0x00, 0x00, 0x03, 0xdf,
    0xff, 0x90, 0x00, 0x00, 0x5f, 0xff, 0xfe, 0x95,
    0x45, 0x7c, 0xff, 0xff, 0xb0, 0x00, 0x00, 0x00,
    0x4f, 0xff, 0xff, 0xff, 0xff, 0xff, 0xff, 0x90,
    0x00, 0x00, 0x00, 0x00, 0x1a, 0xff, 0xff, 0xff,
    0xff, 0xfd, 0x50, 0x00, 0x00, 0x00, 0x00, 0x00,
    0x02, 0x7c, 0xef, 0xed, 0x94, 0x00, 0x00, 0x00,
    0x00,

    /* U+00AA "ª" */
    0x00, 0x03, 0x9d, 0xfe, 0xc7, 0x10, 0x00, 0x07,
    0xff, 0xff, 0xff, 0xfe, 0x20, 0x04, 0xff, 0xfa,
    0x77, 0xef, 0xfc, 0x00, 0x49, 0xc6, 0x00, 0x01,
    0xff, 0xf1, 0x00, 0x00, 0x00, 0x00, 0x1f, 0xff,
    0x30, 0x00, 0x15, 0x8b, 0xcf, 0xff, 0xf3, 0x01,
    0xaf, 0xff, 0xff, 0xff, 0xff, 0x30, 0xbf, 0xff,
    0x96, 0x30, 0xef, 0xf3, 0x0f, 0xff, 0x20, 0x00,
    0x0e, 0xff, 0x31, 0xff, 0xf0, 0x00, 0x05, 0xff,
    0xf3, 0x0e, 0xff, 0xb5, 0x59, 0xff, 0xff, 0x30,
    0x5f, 0xff, 0xff, 0xfb, 0xcf, 0xf3, 0x00, 0x4b,
    0xef, 0xd8, 0x0c, 0xff, 0x30,

    /* U+00AB "«" */
    0x00, 0x00, 0x03, 0xff, 0xfd, 0x10, 0x9f, 0xff,
    0x80, 0x00, 0x01, 0xef, 0xff, 0x20, 0x7f, 0xff,
    0xb0, 0x00, 0x00, 0xcf, 0xff, 0x50, 0x4f, 0xff,
    0xd0, 0x00, 0x00, 0xaf, 0xff, 0x80, 0x2f, 0xff,
    0xe2, 0x00, 0x00, 0x7f, 0xff, 0xa0, 0x1d, 0xff,
    0xf4, 0x00, 0x00, 0x5f, 0xff, 0xd0, 0x0b, 0xff,
    0xf7, 0x00, 0x00, 0x3f, 0xff, 0xe2, 0x09, 0xff,
    0xf9, 0x00, 0x00, 0x04, 0xff, 0xfd, 0x00, 0xbf,
    0xff, 0x70, 0x00, 0x00, 0x07, 0xff, 0xfb, 0x01,
    0xdf, 0xff, 0x40, 0x00, 0x00, 0x0a, 0xff, 0xf8,
    0x02, 0xef, 0xff, 0x20, 0x00, 0x00, 0x0c, 0xff,
    0xf5, 0x04, 0xff, 0xfd, 0x10, 0x00, 0x00, 0x1e,
    0xff, 0xf3, 0x06, 0xff, 0xfb, 0x00, 0x00, 0x00,
    0x3f, 0xff, 0xe1, 0x09, 0xff, 0xf8, 0x00, 0x00,
    0x00, 0x5f, 0xff, 0xc0, 0x0c, 0xff, 0xf5, 0x00,
    0x00, 0x00, 0x23, 0x33, 0x00, 0x03, 0x33, 0x20,

    /* U+00AC "¬" */
    0x23, 0x33, 0x33, 0x33, 0x33, 0x33, 0x30, 0xdf,
    0xff, 0xff, 0xff, 0xff, 0xff, 0xf1, 0xdf, 0xff,
    0xff, 0xff, 0xff, 0xff, 0xf1, 0xdf, 0xff, 0xff,
    0xff, 0xff, 0xff, 0xf1, 0x00, 0x00, 0x00, 0x00,
    0x03, 0xff, 0xf1, 0x00, 0x00, 0x00, 0x00, 0x03,
    0xff, 0xf1, 0x00, 0x00, 0x00, 0x00, 0x03, 0xff,
    0xf1, 0x00, 0x00, 0x00, 0x00, 0x03, 0xff, 0xf1,

    /* U+00AE "®" */
    0x00, 0x00, 0x00, 0x01, 0x33, 0x10, 0x00, 0x00,
    0x00, 0x00, 0x00, 0x07, 0xdf, 0xff, 0xfc, 0x60,
    0x00, 0x00, 0x00, 0x03, 0xef, 0xff, 0xff, 0xff,
    0xfd, 0x20, 0x00, 0x00, 0x4f, 0xff, 0x83, 0x01,
    0x39, 0xff, 0xf3, 0x00, 0x01, 0xef, 0xc2, 0x22,
    0x21, 0x00, 0x2d, 0xfe, 0x00, 0x09, 0xfe, 0x11,
    0xff, 0xff, 0xf7, 0x02, 0xff, 0x80, 0x1f, 0xf5,
    0x01, 0xfe, 0x56, 0xff, 0x30, 0x6f, 0xe0, 0x5f,
    0xe0, 0x01, 0xfd, 0x00, 0xaf, 0x60, 0x0f, 0xf3,
    0x7f, 0xb0, 0x01, 0xfe, 0x12, 0xef, 0x30, 0x0d,
    0xf6, 0x8f, 0xa0, 0x01, 0xff, 0xff, 0xf9, 0x00,
    0x0b, 0xf7, 0x7f, 0xb0, 0x01, 0xff, 0x4e, 0xf7,
    0x00, 0x0d, 0xf5, 0x4f, 0xf0, 0x01, 0xfd, 0x02,
    0xfe, 0x00, 0x1f, 0xf2, 0x0f, 0xf7, 0x01, 0xfd,
    0x00, 0xbf, 0x60, 0x8f, 0xd0, 0x07, 0xff, 0x30,
    0x21, 0x00, 0x02, 0x14, 0xff, 0x60, 0x00, 0xdf,
    0xe4, 0x00, 0x00, 0x00, 0x5f, 0xfc, 0x00, 0x00,
    0x2d, 0xff, 0xc6, 0x44, 0x7d, 0xff, 0xd1, 0x00,
    0x00, 0x01, 0xbf, 0xff, 0xff, 0xff, 0xfa, 0x00,
    0x00, 0x00, 0x00, 0x03, 0x9d, 0xff, 0xd9, 0x30,
    0x00, 0x00,

    /* U+00AF "¯" */
    0x4a, 0xaa, 0xaa, 0xaa, 0x96, 0xff, 0xff, 0xff,
    0xff, 0x6f, 0xff, 0xff, 0xff, 0xf0,

    /* U+00B0 "°" */
    0x00, 0x02, 0x8b, 0xb7, 0x10, 0x00, 0x06, 0xff,
    0xff, 0xfe, 0x30, 0x04, 0xff, 0xff, 0xff, 0xfe,
    0x10, 0xcf, 0xf9, 0x12, 0xcf, 0xf8, 0x1f, 0xfb,
    0x00, 0x00, 0xef, 0xd3, 0xff, 0x80, 0x00, 0x0c,
    0xff, 0x2f, 0xfa, 0x00, 0x00, 0xef, 0xe0, 0xdf,
    0xf5, 0x00, 0x9f, 0xfa, 0x06, 0xff, 0xfd, 0xef,
    0xff, 0x20, 0x09, 0xff, 0xff, 0xff, 0x60, 0x00,
    0x05, 0xcf, 0xeb, 0x30, 0x00,

    /* U+00B1 "±" */
    0x00, 0x00, 0x00, 0x8f, 0xfc, 0x00, 0x00, 0x00,
    0x00, 0x00, 0x00, 0x8f, 0xfc, 0x00, 0x00, 0x00,
    0x00, 0x00, 0x00, 0x8f, 0xfc, 0x00, 0x00, 0x00,
    0x00, 0x00, 0x00, 0x8f, 0xfc, 0x00, 0x00, 0x00,
    0x3f, 0xff, 0xff, 0xff, 0xff, 0xff, 0xff, 0xf6,
    0x3f, 0xff, 0xff, 0xff, 0xff, 0xff, 0xff, 0xf6,
    0x3f, 0xff, 0xff, 0xff, 0xff, 0xff, 0xff, 0xf6,
    0x02, 0x22, 0x22, 0xbf, 0xfe, 0x22, 0x22, 0x21,
    0x00, 0x00, 0x00, 0x8f, 0xfc, 0x00, 0x00, 0x00,
    0x00, 0x00, 0x00, 0x8f, 0xfc, 0x00, 0x00, 0x00,
    0x00, 0x00, 0x00, 0x8f, 0xfc, 0x00, 0x00, 0x00,
    0x00, 0x00, 0x00, 0x24, 0x43, 0x00, 0x00, 0x00,
    0x00, 0x00, 0x00, 0x00, 0x00, 0x00, 0x00, 0x00,
    0x3f, 0xff, 0xff, 0xff, 0xff, 0xff, 0xff, 0xf6,
    0x3f, 0xff, 0xff, 0xff, 0xff, 0xff, 0xff, 0xf6,
    0x3f, 0xff, 0xff, 0xff, 0xff, 0xff, 0xff, 0xf6,
    0x04, 0x44, 0x44, 0x44, 0x44, 0x44, 0x44, 0x41,

    /* U+00B2 "²" */
    0x00, 0x4b, 0xef, 0xec, 0x60, 0x00, 0x08, 0xff,
    0xff, 0xff, 0xfc, 0x00, 0x2f, 0xff, 0xa7, 0x9f,
    0xff, 0x70, 0x7f, 0xf9, 0x00, 0x07, 0xff, 0xb0,
    0x00, 0x00, 0x00, 0x06, 0xff, 0xb0, 0x00, 0x00,
    0x00, 0x1e, 0xff, 0x70, 0x00, 0x00, 0x03, 0xef,
    0xfd, 0x00, 0x00, 0x00, 0x5f, 0xff, 0xd1, 0x00,
    0x00, 0x08, 0xff, 0xf9, 0x00, 0x00, 0x01, 0xbf,
    0xfe, 0x40, 0x00, 0x00, 0x1d, 0xff, 0xfb, 0x99,
    0x99, 0x91, 0x5f, 0xff, 0xff, 0xff, 0xff, 0xf1,
    0x5f, 0xff, 0xff, 0xff, 0xff, 0xf1,

    /* U+00B3 "³" */
    0x00, 0x18, 0xdf, 0xfc, 0x70, 0x00, 0x03, 0xef,
    0xff, 0xff, 0xfd, 0x10, 0x0d, 0xff, 0xd8, 0x9f,
    0xff, 0x90, 0x2f, 0xfe, 0x00, 0x04, 0xff, 0xe0,
    0x01, 0x10, 0x00, 0x02, 0xff, 0xe0, 0x00, 0x00,
    0x00, 0x2b, 0xff, 0x70, 0x00, 0x00, 0xaf, 0xff,
    0xc5, 0x00, 0x00, 0x00, 0xaf, 0xff, 0xfc, 0x40,
    0x00, 0x00, 0x00, 0x05, 0xff, 0xf3, 0x49, 0x97,
    0x00, 0x00, 0xef, 0xf7, 0x4f, 0xff, 0xd9, 0xae,
    0xff, 0xf4, 0x07, 0xff, 0xff, 0xff, 0xff, 0x90,
    0x00, 0x39, 0xdf, 0xfd, 0xa4, 0x00,

    /* U+00B4 "´" */
    0x00, 0x59, 0x99, 0x00, 0x0e, 0xff, 0x70, 0x06,
    0xff, 0xd0, 0x00, 0xdf, 0xf3, 0x00, 0x4f, 0xf9,
    0x00, 0x00,

    /* U+00B5 "µ" */
    0xff, 0xfd, 0x00, 0x00, 0x00, 0x7f, 0xff, 0x50,
    0x0f, 0xff, 0xd0, 0x00, 0x00, 0x07, 0xff, 0xf5,
    0x00, 0xff, 0xfd, 0x00, 0x00, 0x00, 0x7f, 0xff,
    0x50, 0x0f, 0xff, 0xd0, 0x00, 0x00, 0x07, 0xff,
    0xf5, 0x00, 0xff, 0xfd, 0x00, 0x00, 0x00, 0x7f,
    0xff, 0x50, 0x0f, 0xff, 0xd0, 0x00, 0x00, 0x07,
    0xff, 0xf5, 0x00, 0xff, 0xfd, 0x00, 0x00, 0x00,
    0x7f, 0xff, 0x50, 0x0f, 0xff, 0xd0, 0x00, 0x00,
    0x07, 0xff, 0xf5, 0x00, 0xff, 0xfd, 0x00, 0x00,
    0x00, 0x7f, 0xff, 0x50, 0x0f, 0xff, 0xd0, 0x00,
    0x00, 0x07, 0xff, 0xf5, 0x00, 0xff, 0xfd, 0x00,
    0x00, 0x00, 0x7f, 0xff, 0x50, 0x0f, 0xff, 0xf0,
    0x00, 0x00, 0x0e, 0xff, 0xf5, 0x00, 0xff, 0xff,
    0x60, 0x00, 0x01, 0xff, 0xff, 0x50, 0x0f, 0xff,
    0xff, 0x61, 0x03, 0xdf, 0xff, 0xf9, 0x00, 0xff,
    0xff, 0xff, 0xff, 0xff, 0xdf, 0xff, 0xff, 0x4f,
    0xff, 0xda, 0xff, 0xff, 0xf3, 0x8f, 0xff, 0xf4,
    0xff, 0xfd, 0x07, 0xef, 0xb3, 0x00, 0x7d, 0xff,
    0x4f, 0xff, 0xd0, 0x00, 0x00, 0x00, 0x00, 0x00,
    0x00, 0xff, 0xfd, 0x00, 0x00, 0x00, 0x00, 0x00,
    0x00, 0x0f, 0xff, 0xd0, 0x00, 0x00, 0x00, 0x00,
    0x00, 0x00, 0xff, 0xfd, 0x00, 0x00, 0x00, 0x00,
    0x00, 0x00, 0x0f, 0xff, 0xd0, 0x00, 0x00, 0x00,
    0x00, 0x00, 0x00, 0xff, 0xfd, 0x00, 0x00, 0x00,
    0x00, 0x00, 0x00, 0x00,

    /* U+00B6 "¶" */
    0x00, 0x01, 0x6c, 0xef, 0xff, 0xff, 0xff, 0xf0,
    0x04, 0xef, 0xff, 0xff, 0xff, 0xff, 0xff, 0x03,
    0xff, 0xff, 0xff, 0xff, 0xff, 0xff, 0xf0, 0xdf,
    0xff, 0xff, 0xfe, 0x22, 0xaf, 0xfe, 0x4f, 0xff,
    0xff, 0xff, 0xe0, 0x07, 0xff, 0xd8, 0xff, 0xff,
    0xff, 0xfe, 0x00, 0x7f, 0xfd, 0xaf, 0xff, 0xff,
    0xff, 0xe0, 0x07, 0xff, 0xda, 0xff, 0xff, 0xff,
    0xfe, 0x00, 0x7f, 0xfd, 0x8f, 0xff, 0xff, 0xff,
    0xe0, 0x07, 0xff, 0xd3, 0xff, 0xff, 0xff, 0xfe,
    0x00, 0x7f, 0xfd, 0x0c, 0xff, 0xff, 0xff, 0xe0,
    0x07, 0xff, 0xd0, 0x2f, 0xff, 0xff, 0xfe, 0x00,
    0x7f, 0xfd, 0x00, 0x2d, 0xff, 0xff, 0xe0, 0x07,
    0xff, 0xd0, 0x00, 0x04, 0x9b, 0xdc, 0x00, 0x7f,
    0xfd, 0x00, 0x00, 0x00, 0x00, 0x00, 0x07, 0xff,
    0xd0, 0x00, 0x00, 0x00, 0x00, 0x00, 0x7f, 0xfd,
    0x00, 0x00, 0x00, 0x00, 0x00, 0x07, 0xff, 0xd0,
    0x00, 0x00, 0x00, 0x00, 0x00, 0x7f, 0xfd, 0x00,
    0x00, 0x00, 0x00, 0x00, 0x07, 0xff, 0xd0, 0x00,
    0x00, 0x00, 0x00, 0x00, 0x7f, 0xfd, 0x00, 0x00,
    0x00, 0x00, 0x00, 0x07, 0xff, 0xd0, 0x00, 0x00,
    0x00, 0x00, 0x00, 0x7f, 0xfd,

    /* U+00B7 "·" */
    0x05, 0xba, 0x10, 0x4f, 0xff, 0xd0, 0x8f, 0xff,
    0xf1, 0x5f, 0xff, 0xe0, 0x09, 0xfd, 0x30,

    /* U+00B8 "¸" */
    0x0f, 0xa0, 0x00, 0x2f, 0xa0, 0x00, 0x4f, 0xfe,
    0x80, 0x25, 0x7f, 0xf4, 0x00, 0x0d, 0xf6, 0xab,
    0xdf, 0xf3, 0xff, 0xfd, 0x60,

    /* U+00B9 "¹" */
    0x00, 0x4e, 0xff, 0xf1, 0xaf, 0xff, 0xff, 0x7f,
    0xff, 0xff, 0xf7, 0xf9, 0x3f, 0xff, 0x43, 0x02,
    0xff, 0xf0, 0x00, 0x2f, 0xff, 0x00, 0x02, 0xff,
    0xf0, 0x00, 0x2f, 0xff, 0x00, 0x02, 0xff, 0xf0,
    0x00, 0x2f, 0xff, 0x00, 0x02, 0xff, 0xf0, 0x00,
    0x2f, 0xff, 0x00, 0x02, 0xff, 0xf0,

    /* U+00BA "º" */
    0x00, 0x06, 0xce, 0xfd, 0xa3, 0x00, 0x00, 0x1c,
    0xff, 0xff, 0xff, 0xf8, 0x00, 0x0c, 0xff, 0xfb,
    0x9d, 0xff, 0xf6, 0x05, 0xff, 0xf3, 0x00, 0x09,
    0xff, 0xf0, 0xbf, 0xf9, 0x00, 0x00, 0x0e, 0xff,
    0x5d, 0xff, 0x50, 0x00, 0x00, 0xaf, 0xf7, 0xff,
    0xf3, 0x00, 0x00, 0x09, 0xff, 0x9d, 0xff, 0x50,
    0x00, 0x00, 0xaf, 0xf7, 0xbf, 0xf9, 0x00, 0x00,
    0x0e, 0xff, 0x55, 0xff, 0xf3, 0x00, 0x08, 0xff,
    0xf0, 0x0c, 0xff, 0xfa, 0x9c, 0xff, 0xf6, 0x00,
    0x1c, 0xff, 0xff, 0xff, 0xf8, 0x00, 0x00, 0x06,
    0xce, 0xfd, 0xa3, 0x00, 0x00,

    /* U+00BB "»" */
    0x7f, 0xff, 0xa0, 0x1d, 0xff, 0xf3, 0x00, 0x00,
    0x00, 0xaf, 0xff, 0x70, 0x2f, 0xff, 0xe1, 0x00,
    0x00, 0x00, 0xdf, 0xff, 0x40, 0x4f, 0xff, 0xd0,
    0x00, 0x00, 0x01, 0xef, 0xff, 0x20, 0x7f, 0xff,
    0xa0, 0x00, 0x00, 0x03, 0xff, 0xfe, 0x10, 0xaf,
    0xff, 0x80, 0x00, 0x00, 0x06, 0xff, 0xfc, 0x00,
    0xcf, 0xff, 0x50, 0x00, 0x00, 0x09, 0xff, 0xf9,
    0x01, 0xef, 0xff, 0x30, 0x00, 0x00, 0x7f, 0xff,
    0xc0, 0x0d, 0xff, 0xf5, 0x00, 0x00, 0x4f, 0xff,
    0xd1, 0x0b, 0xff, 0xf8, 0x00, 0x00, 0x2e, 0xff,
    0xf2, 0x08, 0xff, 0xfa, 0x00, 0x00, 0x0d, 0xff,
    0xf4, 0x05, 0xff, 0xfc, 0x00, 0x00, 0x0b, 0xff,
    0xf7, 0x02, 0xff, 0xfe, 0x10, 0x00, 0x08, 0xff,
    0xfa, 0x01, 0xdf, 0xff, 0x30, 0x00, 0x05, 0xff,
    0xfc, 0x00, 0xcf, 0xff, 0x50, 0x00, 0x00, 0x23,
    0x33, 0x00, 0x03, 0x33, 0x20, 0x00, 0x00, 0x00,

    /* U+00BC "¼" */
    0x00, 0x35, 0x54, 0x00, 0x00, 0x00, 0x00, 0x00,
    0x05, 0x54, 0x00, 0x00, 0x8f, 0xff, 0xc0, 0x00,
    0x00, 0x00, 0x00, 0x09, 0xff, 0x40, 0x00, 0xaf,
    0xff, 0xfc, 0x00, 0x00, 0x00, 0x00, 0x04, 0xff,
    0x90, 0x00, 0x0d, 0xf5, 0xff, 0xc0, 0x00, 0x00,
    0x00, 0x01, 0xef, 0xd0, 0x00, 0x00, 0xb2, 0x0f,
    0xfc, 0x00, 0x00, 0x00, 0x00, 0xaf, 0xf3, 0x00,
    0x00, 0x00, 0x00, 0xff, 0xc0, 0x00, 0x00, 0x00,
    0x5f, 0xf8, 0x00, 0x00, 0x00, 0x00, 0x0f, 0xfc,
    0x00, 0x00, 0x00, 0x1e, 0xfd, 0x00, 0x00, 0x00,
    0x00, 0x00, 0xff, 0xc0, 0x00, 0x00, 0x0b, 0xff,
    0x20, 0x00, 0x00, 0x00, 0x00, 0x0f, 0xfc, 0x00,
    0x00, 0x06, 0xff, 0x70, 0x00, 0x00, 0x00, 0x00,
    0x00, 0xff, 0xc0, 0x00, 0x02, 0xff, 0xc0, 0x00,
    0x00, 0x00, 0x00, 0x00, 0x0f, 0xfc, 0x00, 0x00,
    0xcf, 0xf2, 0x00, 0x00, 0x59, 0x42, 0x00, 0x00,
    0xff, 0xc0, 0x00, 0x7f, 0xf6, 0x00, 0x00, 0x7f,
    0xff, 0x70, 0x00, 0x0f, 0xfc, 0x00, 0x2f, 0xfb,
    0x00, 0x00, 0x1f, 0xff, 0xf7, 0x00, 0x00, 0x00,
    0x00, 0x0c, 0xfe, 0x10, 0x00, 0x0a, 0xff, 0xff,
    0x70, 0x00, 0x00, 0x00, 0x08, 0xff, 0x50, 0x00,
    0x04, 0xff, 0x8f, 0xf7, 0x00, 0x00, 0x00, 0x03,
    0xff, 0xa0, 0x00, 0x00, 0xdf, 0xd2, 0xff, 0x70,
    0x00, 0x00, 0x00, 0xdf, 0xe1, 0x00, 0x00, 0x6f,
    0xf4, 0x1f, 0xf7, 0x00, 0x00, 0x00, 0x9f, 0xf4,
    0x00, 0x00, 0x1e, 0xfb, 0x01, 0xff, 0x70, 0x00,
    0x00, 0x4f, 0xf9, 0x00, 0x00, 0x09, 0xff, 0x86,
    0x7f, 0xfd, 0x50, 0x00, 0x0e, 0xfd, 0x00, 0x00,
    0x00, 0xcf, 0xff, 0xff, 0xff, 0xfe, 0x00, 0x0a,
    0xff, 0x30, 0x00, 0x00, 0x0c, 0xff, 0xff, 0xff,
    0xff, 0xe0, 0x05, 0xff, 0x80, 0x00, 0x00, 0x00,
    0x00, 0x00, 0x03, 0xff, 0x70, 0x00, 0x68, 0x70,
    0x00, 0x00, 0x00, 0x00, 0x00, 0x00, 0x18, 0x83,
    0x00,

    /* U+00BD "½" */
    0x00, 0x35, 0x54, 0x00, 0x00, 0x00, 0x00, 0x00,
    0x05, 0x54, 0x00, 0x00, 0x07, 0xff, 0xfc, 0x00,
    0x00, 0x00, 0x00, 0x00, 0x9f, 0xf4, 0x00, 0x00,
    0xaf, 0xff, 0xfc, 0x00, 0x00, 0x00, 0x00, 0x04,
    0xff, 0x90, 0x00, 0x00, 0xdf, 0x6f, 0xfc, 0x00,
    0x00, 0x00, 0x00, 0x0d, 0xfe, 0x00, 0x00, 0x00,
    0xb3, 0x0f, 0xfc, 0x00, 0x00, 0x00, 0x00, 0x9f,
    0xf4, 0x00, 0x00, 0x00, 0x00, 0x0f, 0xfc, 0x00,
    0x00, 0x00, 0x04, 0xff, 0x90, 0x00, 0x00, 0x00,
    0x00, 0x0f, 0xfc, 0x00, 0x00, 0x00, 0x0e, 0xfe,
    0x00, 0x00, 0x00, 0x00, 0x00, 0x0f, 0xfc, 0x00,
    0x00, 0x00, 0x9f, 0xf4, 0x00, 0x00, 0x00, 0x00,
    0x00, 0x0f, 0xfc, 0x00, 0x00, 0x04, 0xff, 0x90,
    0x00, 0x00, 0x00, 0x00, 0x00, 0x0f, 0xfc, 0x00,
    0x00, 0x0e, 0xfd, 0x00, 0x00, 0x00, 0x00, 0x00,
    0x00, 0x0f, 0xfc, 0x00, 0x00, 0x9f, 0xf4, 0x00,
    0x00, 0x12, 0x10, 0x00, 0x00, 0x0f, 0xfc, 0x00,
    0x04, 0xff, 0x90, 0x00, 0x5d, 0xff, 0xfc, 0x30,
    0x00, 0x0f, 0xfc, 0x00, 0x1e, 0xfd, 0x00, 0x05,
    0xff, 0xff, 0xff, 0xf3, 0x00, 0x00, 0x00, 0x00,
    0xaf, 0xf3, 0x00, 0x0c, 0xff, 0x30, 0x7f, 0xf9,
    0x00, 0x00, 0x00, 0x04, 0xff, 0x80, 0x00, 0x02,
    0x32, 0x00, 0x0f, 0xfa, 0x00, 0x00, 0x00, 0x1e,
    0xfd, 0x00, 0x00, 0x00, 0x00, 0x00, 0x4f, 0xf6,
    0x00, 0x00, 0x00, 0xaf, 0xf3, 0x00, 0x00, 0x00,
    0x00, 0x02, 0xef, 0xd0, 0x00, 0x00, 0x04, 0xff,
    0x80, 0x00, 0x00, 0x00, 0x00, 0x2e, 0xfe, 0x20,
    0x00, 0x00, 0x1e, 0xfd, 0x00, 0x00, 0x00, 0x00,
    0x02, 0xef, 0xf3, 0x00, 0x00, 0x00, 0xaf, 0xf3,
    0x00, 0x00, 0x00, 0x00, 0x2e, 0xff, 0x30, 0x00,
    0x00, 0x05, 0xff, 0x80, 0x00, 0x00, 0x00, 0x03,
    0xef, 0xfa, 0x66, 0x65, 0x00, 0x1e, 0xfd, 0x00,
    0x00, 0x00, 0x00, 0x0a, 0xff, 0xff, 0xff, 0xfe,
    0x00, 0xaf, 0xf3, 0x00, 0x00, 0x00, 0x00, 0x0a,
    0xff, 0xff, 0xff, 0xfe,

    /* U+00BE "¾" */
    0x00, 0x7c, 0xff, 0xb4, 0x00, 0x00, 0x00, 0x00,
    0x00, 0x1f, 0xfc, 0x00, 0x00, 0x0b, 0xff, 0xff,
    0xff, 0x40, 0x00, 0x00, 0x00, 0x00, 0xbf, 0xf2,
    0x00, 0x00, 0x5f, 0xfb, 0x57, 0xff, 0xd0, 0x00,
    0x00, 0x00, 0x06, 0xff, 0x70, 0x00, 0x00, 0x24,
    0x40, 0x00, 0xbf, 0xf0, 0x00, 0x00, 0x00, 0x1f,
    0xfc, 0x00, 0x00, 0x00, 0x00, 0x00, 0x03, 0xff,
    0xb0, 0x00, 0x00, 0x00, 0xbf, 0xf2, 0x00, 0x00,
    0x00, 0x00, 0x0a, 0xff, 0xfa, 0x10, 0x00, 0x00,
    0x06, 0xff, 0x70, 0x00, 0x00, 0x00, 0x00, 0x0a,
    0xff, 0xfb, 0x30, 0x00, 0x00, 0x1f, 0xfc, 0x00,
    0x00, 0x00, 0x00, 0x00, 0x00, 0x14, 0xef, 0xf1,
    0x00, 0x00, 0xbf, 0xf2, 0x00, 0x00, 0x00, 0x00,
    0x00, 0x00, 0x00, 0x8f, 0xf6, 0x00, 0x06, 0xff,
    0x70, 0x00, 0x00, 0x00, 0x00, 0x12, 0x20, 0x00,
    0x8f, 0xf7, 0x00, 0x1f, 0xfc, 0x00, 0x00, 0x00,
    0x00, 0x00, 0xaf, 0xfa, 0x35, 0xef, 0xf4, 0x00,
    0xbf, 0xf2, 0x00, 0x00, 0x25, 0x32, 0x00, 0x3f,
    0xff, 0xff, 0xff, 0xb0, 0x06, 0xff, 0x70, 0x00,
    0x02, 0xff, 0xfb, 0x00, 0x03, 0xbf, 0xff, 0xe8,
    0x00, 0x1f, 0xfc, 0x00, 0x00, 0x0c, 0xff, 0xfb,
    0x00, 0x00, 0x00, 0x21, 0x00, 0x00, 0xbf, 0xf2,
    0x00, 0x00, 0x5f, 0xff, 0xfb, 0x00, 0x00, 0x00,
    0x00, 0x00, 0x06, 0xff, 0x70, 0x00, 0x00, 0xef,
    0xbd, 0xfb, 0x00, 0x00, 0x00, 0x00, 0x00, 0x1f,
    0xfc, 0x00, 0x00, 0x08, 0xff, 0x2d, 0xfb, 0x00,
    0x00, 0x00, 0x00, 0x00, 0xbf, 0xf2, 0x00, 0x00,
    0x2f, 0xf8, 0x0d, 0xfb, 0x00, 0x00, 0x00, 0x00,
    0x06, 0xff, 0x70, 0x00, 0x00, 0xbf, 0xe0, 0x0d,
    0xfb, 0x00, 0x00, 0x00, 0x00, 0x1f, 0xfc, 0x00,
    0x00, 0x04, 0xff, 0xa6, 0x6f, 0xff, 0x60, 0x00,
    0x00, 0x00, 0xbf, 0xf2, 0x00, 0x00, 0x07, 0xff,
    0xff, 0xff, 0xff, 0xf2, 0x00, 0x00, 0x06, 0xff,
    0x70, 0x00, 0x00, 0x07, 0xff, 0xff, 0xff, 0xff,
    0xf2, 0x00, 0x00, 0x1f, 0xfc, 0x00, 0x00, 0x00,
    0x00, 0x00, 0x00, 0x0e, 0xfb, 0x00, 0x00, 0x00,
    0x48, 0x82, 0x00, 0x00, 0x00, 0x00, 0x00, 0x00,
    0x07, 0x85, 0x00,

    /* U+00BF "¿" */
    0x00, 0x00, 0x00, 0x9e, 0xe5, 0x00, 0x00, 0x00,
    0x00, 0x00, 0x5f, 0xff, 0xf1, 0x00, 0x00, 0x00,
    0x00, 0x07, 0xff, 0xff, 0x30, 0x00, 0x00, 0x00,
    0x00, 0x3f, 0xff, 0xe0, 0x00, 0x00, 0x00, 0x00,
    0x00, 0x4a, 0x92, 0x00, 0x00, 0x00, 0x00, 0x00,
    0x00, 0x00, 0x00, 0x00, 0x00, 0x00, 0x00, 0x00,
    0x00, 0x00, 0x00, 0x00, 0x00, 0x00, 0x00, 0x0c,
    0xee, 0x80, 0x00, 0x00, 0x00, 0x00, 0x00, 0xff,
    0xf9, 0x00, 0x00, 0x00, 0x00, 0x00, 0x4f, 0xff,
    0x70, 0x00, 0x00, 0x00, 0x00, 0x1d, 0xff, 0xf3,
    0x00, 0x00, 0x00, 0x00, 0x4e, 0xff, 0xfc, 0x00,
    0x00, 0x00, 0x00, 0x8f, 0xff, 0xfd, 0x10, 0x00,
    0x00, 0x00, 0x7f, 0xff, 0xf9, 0x00, 0x00, 0x00,
    0x00, 0x1f, 0xff, 0xf7, 0x00, 0x00, 0x00, 0x00,
    0x05, 0xff, 0xfb, 0x00, 0x00, 0x00, 0x00, 0x00,
    0x8f, 0xff, 0x60, 0x00, 0x00, 0x24, 0x44, 0x08,
    0xff, 0xf6, 0x00, 0x00, 0x0b, 0xff, 0xf0, 0x5f,
    0xff, 0xc0, 0x00, 0x03, 0xff, 0xfd, 0x00, 0xff,
    0xff, 0xc5, 0x37, 0xff, 0xff, 0x70, 0x06, 0xff,
    0xff, 0xff, 0xff, 0xff, 0xd0, 0x00, 0x07, 0xff,
    0xff, 0xff, 0xff, 0xc1, 0x00, 0x00, 0x02, 0x8c,
    0xef, 0xea, 0x50, 0x00, 0x00,

    /* U+00C0 "À" */
    0x00, 0x00, 0x00, 0x2f, 0xff, 0x80, 0x00, 0x00,
    0x00, 0x00, 0x00, 0x00, 0x00, 0x00, 0x07, 0xff,
    0xe0, 0x00, 0x00, 0x00, 0x00, 0x00, 0x00, 0x00,
    0x00, 0x00, 0xcf, 0xf6, 0x00, 0x00, 0x00, 0x00,
    0x00, 0x00, 0x00, 0x00, 0x00, 0x3f, 0xfd, 0x00,
    0x00, 0x00, 0x00, 0x00, 0x00, 0x00, 0x00, 0x00,
    0x06, 0x99, 0x10, 0x00, 0x00, 0x00, 0x00, 0x00,
    0x00, 0x00, 0x00, 0x00, 0x00, 0x00, 0x00, 0x00,
    0x00, 0x00, 0x00, 0x00, 0x00, 0x00, 0x00, 0x00,
    0x00, 0x00, 0x00, 0x00, 0x00, 0x00, 0x00, 0x00,
    0x00, 0xdf, 0xff, 0xf7, 0x00, 0x00, 0x00, 0x00,
    0x00, 0x00, 0x00, 0x02, 0xff, 0xff, 0xfd, 0x00,
    0x00, 0x00, 0x00, 0x00, 0x00, 0x00, 0x08, 0xff,
    0xff, 0xff, 0x30, 0x00, 0x00, 0x00, 0x00, 0x00,
    0x00, 0x0d, 0xff, 0xbf, 0xff, 0x80, 0x00, 0x00,
    0x00, 0x00, 0x00, 0x00, 0x3f, 0xff, 0x6c, 0xff,
    0xe0, 0x00, 0x00, 0x00, 0x00, 0x00, 0x00, 0x8f,
    0xff, 0x28, 0xff, 0xf4, 0x00, 0x00, 0x00, 0x00,
    0x00, 0x00, 0xef, 0xfe, 0x04, 0xff, 0xf9, 0x00,
    0x00, 0x00, 0x00, 0x00, 0x04, 0xff, 0xf9, 0x00,
    0xff, 0xff, 0x00, 0x00, 0x00, 0x00, 0x00, 0x09,
    0xff, 0xf5, 0x00, 0xbf, 0xff, 0x50, 0x00, 0x00,
    0x00, 0x00, 0x0e, 0xff, 0xf1, 0x00, 0x6f, 0xff,
    0xa0, 0x00, 0x00, 0x00, 0x00, 0x4f, 0xff, 0xc0,
    0x00, 0x1f, 0xff, 0xf0, 0x00, 0x00, 0x00, 0x00,
    0xaf, 0xff, 0x70, 0x00, 0x0b, 0xff, 0xf6, 0x00,
    0x00, 0x00, 0x00, 0xff, 0xff, 0x20, 0x00, 0x06,
    0xff, 0xfb, 0x00, 0x00, 0x00, 0x05, 0xff, 0xff,
    0xff, 0xff, 0xff, 0xff, 0xff, 0x10, 0x00, 0x00,
    0x0a, 0xff, 0xff, 0xff, 0xff, 0xff, 0xff, 0xff,
    0x70, 0x00, 0x00, 0x0f, 0xff, 0xff, 0xff, 0xff,
    0xff, 0xff, 0xff, 0xc0, 0x00, 0x00, 0x5f, 0xff,
    0xf3, 0x33, 0x33, 0x33, 0x4f, 0xff, 0xf2, 0x00,
    0x00, 0xbf, 0xff, 0x70, 0x00, 0x00, 0x00, 0x0b,
    0xff, 0xf8, 0x00, 0x01, 0xff, 0xff, 0x20, 0x00,
    0x00, 0x00, 0x05, 0xff, 0xfd, 0x00, 0x06, 0xff,
    0xfd, 0x00, 0x00, 0x00, 0x00, 0x00, 0xff, 0xff,
    0x30, 0x0b, 0xff, 0xf8, 0x00, 0x00, 0x00, 0x00,
    0x00, 0xbf, 0xff, 0x90, 0x1f, 0xff, 0xf2, 0x00,
    0x00, 0x00, 0x00, 0x00, 0x5f, 0xff, 0xe0,

    /* U+00C1 "Á" */
    0x00, 0x00, 0x00, 0x00, 0x00, 0x0b, 0xff, 0xd0,
    0x00, 0x00, 0x00, 0x00, 0x00, 0x00, 0x00, 0x00,
    0x2f, 0xff, 0x30, 0x00, 0x00, 0x00, 0x00, 0x00,
    0x00, 0x00, 0x00, 0x9f, 0xf9, 0x00, 0x00, 0x00,
    0x00, 0x00, 0x00, 0x00, 0x00, 0x01, 0xff, 0xe0,
    0x00, 0x00, 0x00, 0x00, 0x00, 0x00, 0x00, 0x00,
    0x03, 0x99, 0x30, 0x00, 0x00, 0x00, 0x00, 0x00,
    0x00, 0x00, 0x00, 0x00, 0x00, 0x00, 0x00, 0x00,
    0x00, 0x00, 0x00, 0x00, 0x00, 0x00, 0x00, 0x00,
    0x00, 0x00, 0x00, 0x00, 0x00, 0x00, 0x00, 0x00,
    0x00, 0xdf, 0xff, 0xf7, 0x00, 0x00, 0x00, 0x00,
    0x00, 0x00, 0x00, 0x02, 0xff, 0xff, 0xfd, 0x00,
    0x00, 0x00, 0x00, 0x00, 0x00, 0x00, 0x08, 0xff,
    0xff, 0xff, 0x30, 0x00, 0x00, 0x00, 0x00, 0x00,
    0x00, 0x0d, 0xff, 0xbf, 0xff, 0x80, 0x00, 0x00,
    0x00, 0x00, 0x00, 0x00, 0x3f, 0xff, 0x6c, 0xff,
    0xe0, 0x00, 0x00, 0x00, 0x00, 0x00, 0x00, 0x8f,
    0xff, 0x28, 0xff, 0xf4, 0x00, 0x00, 0x00, 0x00,
    0x00, 0x00, 0xef, 0xfe, 0x04, 0xff, 0xf9, 0x00,
    0x00, 0x00, 0x00, 0x00, 0x04, 0xff, 0xf9, 0x00,
    0xff, 0xff, 0x00, 0x00, 0x00, 0x00, 0x00, 0x09,
    0xff, 0xf5, 0x00, 0xbf, 0xff, 0x50, 0x00, 0x00,
    0x00, 0x00, 0x0e, 0xff, 0xf1, 0x00, 0x6f, 0xff,
    0xa0, 0x00, 0x00, 0x00, 0x00, 0x4f, 0xff, 0xc0,
    0x00, 0x1f, 0xff, 0xf0, 0x00, 0x00, 0x00, 0x00,
    0xaf, 0xff, 0x70, 0x00, 0x0b, 0xff, 0xf6, 0x00,
    0x00, 0x00, 0x00, 0xff, 0xff, 0x20, 0x00, 0x06,
    0xff, 0xfb, 0x00, 0x00, 0x00, 0x05, 0xff, 0xff,
    0xff, 0xff, 0xff, 0xff, 0xff, 0x10, 0x00, 0x00,
    0x0a, 0xff, 0xff, 0xff, 0xff, 0xff, 0xff, 0xff,
    0x70, 0x00, 0x00, 0x0f, 0xff, 0xff, 0xff, 0xff,
    0xff, 0xff, 0xff, 0xc0, 0x00, 0x00, 0x5f, 0xff,
    0xf3, 0x33, 0x33, 0x33, 0x4f, 0xff, 0xf2, 0x00,
    0x00, 0xbf, 0xff, 0x70, 0x00, 0x00, 0x00, 0x0b,
    0xff, 0xf8, 0x00, 0x01, 0xff, 0xff, 0x20, 0x00,
    0x00, 0x00, 0x05, 0xff, 0xfd, 0x00, 0x06, 0xff,
    0xfd, 0x00, 0x00, 0x00, 0x00, 0x00, 0xff, 0xff,
    0x30, 0x0b, 0xff, 0xf8, 0x00, 0x00, 0x00, 0x00,
    0x00, 0xbf, 0xff, 0x90, 0x1f, 0xff, 0xf2, 0x00,
    0x00, 0x00, 0x00, 0x00, 0x5f, 0xff, 0xe0,

    /* U+00C2 "Â" */
    0x00, 0x00, 0x00, 0x00, 0x2e, 0xff, 0xc0, 0x00,
    0x00, 0x00, 0x00, 0x00, 0x00, 0x00, 0x01, 0xef,
    0xff, 0xfb, 0x00, 0x00, 0x00, 0x00, 0x00, 0x00,
    0x00, 0x1d, 0xff, 0x69, 0xff, 0x90, 0x00, 0x00,
    0x00, 0x00, 0x00, 0x00, 0xcf, 0xf9, 0x00, 0xcf,
    0xf8, 0x00, 0x00, 0x00, 0x00, 0x00, 0x03, 0x88,
    0x70, 0x00, 0x18, 0x87, 0x10, 0x00, 0x00, 0x00,
    0x00, 0x00, 0x00, 0x00, 0x00, 0x00, 0x00, 0x00,
    0x00, 0x00, 0x00, 0x00, 0x00, 0x00, 0x00, 0x00,
    0x00, 0x00, 0x00, 0x00, 0x00, 0x00, 0x00, 0x00,
    0x00, 0xdf, 0xff, 0xf7, 0x00, 0x00, 0x00, 0x00,
    0x00, 0x00, 0x00, 0x02, 0xff, 0xff, 0xfd, 0x00,
    0x00, 0x00, 0x00, 0x00, 0x00, 0x00, 0x08, 0xff,
    0xff, 0xff, 0x30, 0x00, 0x00, 0x00, 0x00, 0x00,
    0x00, 0x0d, 0xff, 0xbf, 0xff, 0x80, 0x00, 0x00,
    0x00, 0x00, 0x00, 0x00, 0x3f, 0xff, 0x6c, 0xff,
    0xe0, 0x00, 0x00, 0x00, 0x00, 0x00, 0x00, 0x8f,
    0xff, 0x28, 0xff, 0xf4, 0x00, 0x00, 0x00, 0x00,
    0x00, 0x00, 0xef, 0xfe, 0x04, 0xff, 0xf9, 0x00,
    0x00, 0x00, 0x00, 0x00, 0x04, 0xff, 0xf9, 0x00,
    0xff, 0xff, 0x00, 0x00, 0x00, 0x00, 0x00, 0x09,
    0xff, 0xf5, 0x00, 0xbf, 0xff, 0x50, 0x00, 0x00,
    0x00, 0x00, 0x0e, 0xff, 0xf1, 0x00, 0x6f, 0xff,
    0xa0, 0x00, 0x00, 0x00, 0x00, 0x4f, 0xff, 0xc0,
    0x00, 0x1f, 0xff, 0xf0, 0x00, 0x00, 0x00, 0x00,
    0xaf, 0xff, 0x70, 0x00, 0x0b, 0xff, 0xf6, 0x00,
    0x00, 0x00, 0x00, 0xff, 0xff, 0x20, 0x00, 0x06,
    0xff, 0xfb, 0x00, 0x00, 0x00, 0x05, 0xff, 0xff,
    0xff, 0xff, 0xff, 0xff, 0xff, 0x10, 0x00, 0x00,
    0x0a, 0xff, 0xff, 0xff, 0xff, 0xff, 0xff, 0xff,
    0x70, 0x00, 0x00, 0x0f, 0xff, 0xff, 0xff, 0xff,
    0xff, 0xff, 0xff, 0xc0, 0x00, 0x00, 0x5f, 0xff,
    0xf3, 0x33, 0x33, 0x33, 0x4f, 0xff, 0xf2, 0x00,
    0x00, 0xbf, 0xff, 0x70, 0x00, 0x00, 0x00, 0x0b,
    0xff, 0xf8, 0x00, 0x01, 0xff, 0xff, 0x20, 0x00,
    0x00, 0x00, 0x05, 0xff, 0xfd, 0x00, 0x06, 0xff,
    0xfd, 0x00, 0x00, 0x00, 0x00, 0x00, 0xff, 0xff,
    0x30, 0x0b, 0xff, 0xf8, 0x00, 0x00, 0x00, 0x00,
    0x00, 0xbf, 0xff, 0x90, 0x1f, 0xff, 0xf2, 0x00,
    0x00, 0x00, 0x00, 0x00, 0x5f, 0xff, 0xe0,

    /* U+00C3 "Ã" */
    0x00, 0x00, 0x00, 0x08, 0xfe, 0x70, 0x08, 0xfa,
    0x00, 0x00, 0x00, 0x00, 0x00, 0x00, 0x5f, 0xff,
    0xfc, 0x6e, 0xf7, 0x00, 0x00, 0x00, 0x00, 0x00,
    0x00, 0xbf, 0xc6, 0xef, 0xff, 0xf1, 0x00, 0x00,
    0x00, 0x00, 0x00, 0x00, 0xdf, 0x60, 0x19, 0xee,
    0x50, 0x00, 0x00, 0x00, 0x00, 0x00, 0x00, 0x00,
    0x00, 0x00, 0x00, 0x00, 0x00, 0x00, 0x00, 0x00,
    0x00, 0x00, 0x00, 0x00, 0x00, 0x00, 0x00, 0x00,
    0x00, 0x00, 0x00, 0x00, 0x00, 0x00, 0x00, 0x00,
    0x00, 0x00, 0x00, 0x00, 0x00, 0x00, 0x00, 0x00,
    0x00, 0xdf, 0xff, 0xf7, 0x00, 0x00, 0x00, 0x00,
    0x00, 0x00, 0x00, 0x02, 0xff, 0xff, 0xfd, 0x00,
    0x00, 0x00, 0x00, 0x00, 0x00, 0x00, 0x08, 0xff,
    0xff, 0xff, 0x30, 0x00, 0x00, 0x00, 0x00, 0x00,
    0x00, 0x0d, 0xff, 0xbf, 0xff, 0x80, 0x00, 0x00,
    0x00, 0x00, 0x00, 0x00, 0x3f, 0xff, 0x6c, 0xff,
    0xe0, 0x00, 0x00, 0x00, 0x00, 0x00, 0x00, 0x8f,
    0xff, 0x28, 0xff, 0xf4, 0x00, 0x00, 0x00, 0x00,
    0x00, 0x00, 0xef, 0xfe, 0x04, 0xff, 0xf9, 0x00,
    0x00, 0x00, 0x00, 0x00, 0x04, 0xff, 0xf9, 0x00,
    0xff, 0xff, 0x00, 0x00, 0x00, 0x00, 0x00, 0x09,
    0xff, 0xf5, 0x00, 0xbf, 0xff, 0x50, 0x00, 0x00,
    0x00, 0x00, 0x0e, 0xff, 0xf1, 0x00, 0x6f, 0xff,
    0xa0, 0x00, 0x00, 0x00, 0x00, 0x4f, 0xff, 0xc0,
    0x00, 0x1f, 0xff, 0xf0, 0x00, 0x00, 0x00, 0x00,
    0xaf, 0xff, 0x70, 0x00, 0x0b, 0xff, 0xf6, 0x00,
    0x00, 0x00, 0x00, 0xff, 0xff, 0x20, 0x00, 0x06,
    0xff, 0xfb, 0x00, 0x00, 0x00, 0x05, 0xff, 0xff,
    0xff, 0xff, 0xff, 0xff, 0xff, 0x10, 0x00, 0x00,
    0x0a, 0xff, 0xff, 0xff, 0xff, 0xff, 0xff, 0xff,
    0x70, 0x00, 0x00, 0x0f, 0xff, 0xff, 0xff, 0xff,
    0xff, 0xff, 0xff, 0xc0, 0x00, 0x00, 0x5f, 0xff,
    0xf3, 0x33, 0x33, 0x33, 0x4f, 0xff, 0xf2, 0x00,
    0x00, 0xbf, 0xff, 0x70, 0x00, 0x00, 0x00, 0x0b,
    0xff, 0xf8, 0x00, 0x01, 0xff, 0xff, 0x20, 0x00,
    0x00, 0x00, 0x05, 0xff, 0xfd, 0x00, 0x06, 0xff,
    0xfd, 0x00, 0x00, 0x00, 0x00, 0x00, 0xff, 0xff,
    0x30, 0x0b, 0xff, 0xf8, 0x00, 0x00, 0x00, 0x00,
    0x00, 0xbf, 0xff, 0x90, 0x1f, 0xff, 0xf2, 0x00,
    0x00, 0x00, 0x00, 0x00, 0x5f, 0xff, 0xe0,

    /* U+00C4 "Ä" */
    0x00, 0x00, 0x00, 0x8f, 0xc1, 0x00, 0x3d, 0xe5,
    0x00, 0x00, 0x00, 0x00, 0x00, 0x03, 0xff, 0xf9,
    0x00, 0xdf, 0xff, 0x00, 0x00, 0x00, 0x00, 0x00,
    0x03, 0xff, 0xfa, 0x00, 0xdf, 0xff, 0x00, 0x00,
    0x00, 0x00, 0x00, 0x00, 0xaf, 0xe2, 0x00, 0x5f,
    0xf7, 0x00, 0x00, 0x00, 0x00, 0x00, 0x00, 0x00,
    0x00, 0x00, 0x00, 0x00, 0x00, 0x00, 0x00, 0x00,
    0x00, 0x00, 0x00, 0x00, 0x00, 0x00, 0x00, 0x00,
    0x00, 0x00, 0x00, 0x00, 0x00, 0x00, 0x00, 0x00,
    0x00, 0x00, 0x00, 0x00, 0x00, 0x00, 0x00, 0x00,
    0x00, 0xdf, 0xff, 0xf7, 0x00, 0x00, 0x00, 0x00,
    0x00, 0x00, 0x00, 0x02, 0xff, 0xff, 0xfd, 0x00,
    0x00, 0x00, 0x00, 0x00, 0x00, 0x00, 0x08, 0xff,
    0xff, 0xff, 0x30, 0x00, 0x00, 0x00, 0x00, 0x00,
    0x00, 0x0d, 0xff, 0xbf, 0xff, 0x80, 0x00, 0x00,
    0x00, 0x00, 0x00, 0x00, 0x3f, 0xff, 0x6c, 0xff,
    0xe0, 0x00, 0x00, 0x00, 0x00, 0x00, 0x00, 0x8f,
    0xff, 0x28, 0xff, 0xf4, 0x00, 0x00, 0x00, 0x00,
    0x00, 0x00, 0xef, 0xfe, 0x04, 0xff, 0xf9, 0x00,
    0x00, 0x00, 0x00, 0x00, 0x04, 0xff, 0xf9, 0x00,
    0xff, 0xff, 0x00, 0x00, 0x00, 0x00, 0x00, 0x09,
    0xff, 0xf5, 0x00, 0xbf, 0xff, 0x50, 0x00, 0x00,
    0x00, 0x00, 0x0e, 0xff, 0xf1, 0x00, 0x6f, 0xff,
    0xa0, 0x00, 0x00, 0x00, 0x00, 0x4f, 0xff, 0xc0,
    0x00, 0x1f, 0xff, 0xf0, 0x00, 0x00, 0x00, 0x00,
    0xaf, 0xff, 0x70, 0x00, 0x0b, 0xff, 0xf6, 0x00,
    0x00, 0x00, 0x00, 0xff, 0xff, 0x20, 0x00, 0x06,
    0xff, 0xfb, 0x00, 0x00, 0x00, 0x05, 0xff, 0xff,
    0xff, 0xff, 0xff, 0xff, 0xff, 0x10, 0x00, 0x00,
    0x0a, 0xff, 0xff, 0xff, 0xff, 0xff, 0xff, 0xff,
    0x70, 0x00, 0x00, 0x0f, 0xff, 0xff, 0xff, 0xff,
    0xff, 0xff, 0xff, 0xc0, 0x00, 0x00, 0x5f, 0xff,
    0xf3, 0x33, 0x33, 0x33, 0x4f, 0xff, 0xf2, 0x00,
    0x00, 0xbf, 0xff, 0x70, 0x00, 0x00, 0x00, 0x0b,
    0xff, 0xf8, 0x00, 0x01, 0xff, 0xff, 0x20, 0x00,
    0x00, 0x00, 0x05, 0xff, 0xfd, 0x00, 0x06, 0xff,
    0xfd, 0x00, 0x00, 0x00, 0x00, 0x00, 0xff, 0xff,
    0x30, 0x0b, 0xff, 0xf8, 0x00, 0x00, 0x00, 0x00,
    0x00, 0xbf, 0xff, 0x90, 0x1f, 0xff, 0xf2, 0x00,
    0x00, 0x00, 0x00, 0x00, 0x5f, 0xff, 0xe0,

    /* U+00C5 "Å" */
    0x00, 0x00, 0x00, 0x00, 0x2a, 0xed, 0x91, 0x00,
    0x00, 0x00, 0x00, 0x00, 0x00, 0x00, 0x03, 0xff,
    0xff, 0xfd, 0x10, 0x00, 0x00, 0x00, 0x00, 0x00,
    0x00, 0x0c, 0xfb, 0x12, 0xdf, 0x80, 0x00, 0x00,
    0x00, 0x00, 0x00, 0x00, 0x0f, 0xf3, 0x00, 0x6f,
    0xc0, 0x00, 0x00, 0x00, 0x00, 0x00, 0x00, 0x0f,
    0xf3, 0x00, 0x6f, 0xc0, 0x00, 0x00, 0x00, 0x00,
    0x00, 0x00, 0x0c, 0xfb, 0x12, 0xdf, 0x80, 0x00,
    0x00, 0x00, 0x00, 0x00, 0x00, 0x03, 0xff, 0xff,
    0xfd, 0x10, 0x00, 0x00, 0x00, 0x00, 0x00, 0x00,
    0x00, 0x2a, 0xed, 0x91, 0x00, 0x00, 0x00, 0x00,
    0x00, 0x00, 0x00, 0x00, 0x00, 0x00, 0x00, 0x00,
    0x00, 0x00, 0x00, 0x00, 0x00, 0x00, 0x00, 0xdf,
    0xff, 0xf7, 0x00, 0x00, 0x00, 0x00, 0x00, 0x00,
    0x00, 0x02, 0xff, 0xff, 0xfd, 0x00, 0x00, 0x00,
    0x00, 0x00, 0x00, 0x00, 0x08, 0xff, 0xff, 0xff,
    0x30, 0x00, 0x00, 0x00, 0x00, 0x00, 0x00, 0x0d,
    0xff, 0xbf, 0xff, 0x80, 0x00, 0x00, 0x00, 0x00,
    0x00, 0x00, 0x3f, 0xff, 0x6c, 0xff, 0xe0, 0x00,
    0x00, 0x00, 0x00, 0x00, 0x00, 0x8f, 0xff, 0x28,
    0xff, 0xf4, 0x00, 0x00, 0x00, 0x00, 0x00, 0x00,
    0xef, 0xfe, 0x04, 0xff, 0xf9, 0x00, 0x00, 0x00,
    0x00, 0x00, 0x04, 0xff, 0xf9, 0x00, 0xff, 0xff,
    0x00, 0x00, 0x00, 0x00, 0x00, 0x09, 0xff, 0xf5,
    0x00, 0xbf, 0xff, 0x50, 0x00, 0x00, 0x00, 0x00,
    0x0e, 0xff, 0xf1, 0x00, 0x6f, 0xff, 0xa0, 0x00,
    0x00, 0x00, 0x00, 0x4f, 0xff, 0xc0, 0x00, 0x1f,
    0xff, 0xf0, 0x00, 0x00, 0x00, 0x00, 0xaf, 0xff,
    0x70, 0x00, 0x0b, 0xff, 0xf6, 0x00, 0x00, 0x00,
    0x00, 0xff, 0xff, 0x20, 0x00, 0x06, 0xff, 0xfb,
    0x00, 0x00, 0x00, 0x05, 0xff, 0xff, 0xff, 0xff,
    0xff, 0xff, 0xff, 0x10, 0x00, 0x00, 0x0a, 0xff,
    0xff, 0xff, 0xff, 0xff, 0xff, 0xff, 0x70, 0x00,
    0x00, 0x0f, 0xff, 0xff, 0xff, 0xff, 0xff, 0xff,
    0xff, 0xc0, 0x00, 0x00, 0x5f, 0xff, 0xf3, 0x33,
    0x33, 0x33, 0x4f, 0xff, 0xf2, 0x00, 0x00, 0xbf,
    0xff, 0x70, 0x00, 0x00, 0x00, 0x0b, 0xff, 0xf8,
    0x00, 0x01, 0xff, 0xff, 0x20, 0x00, 0x00, 0x00,
    0x05, 0xff, 0xfd, 0x00, 0x06, 0xff, 0xfd, 0x00,
    0x00, 0x00, 0x00, 0x00, 0xff, 0xff, 0x30, 0x0b,
    0xff, 0xf8, 0x00, 0x00, 0x00, 0x00, 0x00, 0xbf,
    0xff, 0x90, 0x1f, 0xff, 0xf2, 0x00, 0x00, 0x00,
    0x00, 0x00, 0x5f, 0xff, 0xe0,

    /* U+00C6 "Æ" */
    0x00, 0x00, 0x00, 0x00, 0x00, 0xbf, 0xff, 0xff,
    0xff, 0xff, 0xff, 0xff, 0xff, 0xff, 0x90, 0x00,
    0x00, 0x00, 0x00, 0x2f, 0xff, 0xff, 0xff, 0xff,
    0xff, 0xff, 0xff, 0xff, 0xf9, 0x00, 0x00, 0x00,
    0x00, 0x09, 0xff, 0xfa, 0xbf, 0xff, 0xff, 0xff,
    0xff, 0xff, 0xff, 0x90, 0x00, 0x00, 0x00, 0x01,
    0xff, 0xfe, 0x06, 0xff, 0xf9, 0x66, 0x66, 0x66,
    0x66, 0x63, 0x00, 0x00, 0x00, 0x00, 0x7f, 0xff,
    0x80, 0x6f, 0xff, 0x50, 0x00, 0x00, 0x00, 0x00,
    0x00, 0x00, 0x00, 0x00, 0x0e, 0xff, 0xf2, 0x06,
    0xff, 0xf5, 0x00, 0x00, 0x00, 0x00, 0x00, 0x00,
    0x00, 0x00, 0x06, 0xff, 0xfb, 0x00, 0x6f, 0xff,
    0x50, 0x00, 0x00, 0x00, 0x00, 0x00, 0x00, 0x00,
    0x00, 0xdf, 0xff, 0x40, 0x06, 0xff, 0xf5, 0x00,
    0x00, 0x00, 0x00, 0x00, 0x00, 0x00, 0x00, 0x4f,
    0xff, 0xd0, 0x00, 0x6f, 0xff, 0x50, 0x00, 0x00,
    0x00, 0x00, 0x00, 0x00, 0x00, 0x0b, 0xff, 0xf6,
    0x00, 0x06, 0xff, 0xff, 0xff, 0xff, 0xff, 0xff,
    0xd0, 0x00, 0x00, 0x02, 0xff, 0xfe, 0x00, 0x00,
    0x6f, 0xff, 0xff, 0xff, 0xff, 0xff, 0xfd, 0x00,
    0x00, 0x00, 0x9f, 0xff, 0x80, 0x00, 0x06, 0xff,
    0xff, 0xff, 0xff, 0xff, 0xff, 0xd0, 0x00, 0x00,
    0x1f, 0xff, 0xf2, 0x00, 0x00, 0x6f, 0xff, 0x95,
    0x55, 0x55, 0x55, 0x54, 0x00, 0x00, 0x07, 0xff,
    0xff, 0xff, 0xff, 0xff, 0xff, 0xf5, 0x00, 0x00,
    0x00, 0x00, 0x00, 0x00, 0x00, 0xef, 0xff, 0xff,
    0xff, 0xff, 0xff, 0xff, 0x50, 0x00, 0x00, 0x00,
    0x00, 0x00, 0x00, 0x6f, 0xff, 0xff, 0xff, 0xff,
    0xff, 0xff, 0xf5, 0x00, 0x00, 0x00, 0x00, 0x00,
    0x00, 0x0d, 0xff, 0xf6, 0x00, 0x00, 0x00, 0x6f,
    0xff, 0x50, 0x00, 0x00, 0x00, 0x00, 0x00, 0x04,
    0xff, 0xfe, 0x00, 0x00, 0x00, 0x06, 0xff, 0xf5,
    0x00, 0x00, 0x00, 0x00, 0x00, 0x00, 0xbf, 0xff,
    0x80, 0x00, 0x00, 0x00, 0x6f, 0xff, 0x96, 0x66,
    0x66, 0x66, 0x66, 0x40, 0x2f, 0xff, 0xf2, 0x00,
    0x00, 0x00, 0x06, 0xff, 0xff, 0xff, 0xff, 0xff,
    0xff, 0xfa, 0x09, 0xff, 0xfb, 0x00, 0x00, 0x00,
    0x00, 0x6f, 0xff, 0xff, 0xff, 0xff, 0xff, 0xff,
    0xa1, 0xff, 0xff, 0x40, 0x00, 0x00, 0x00, 0x06,
    0xff, 0xff, 0xff, 0xff, 0xff, 0xff, 0xfa,

    /* U+00C7 "Ç" */
    0x00, 0x00, 0x00, 0x39, 0xcf, 0xfe, 0xc9, 0x30,
    0x00, 0x00, 0x00, 0x00, 0x2b, 0xff, 0xff, 0xff,
    0xff, 0xfb, 0x20, 0x00, 0x00, 0x03, 0xff, 0xff,
    0xff, 0xff, 0xff, 0xff, 0xf3, 0x00, 0x00, 0x2f,
    0xff, 0xff, 0xeb, 0x9a, 0xef, 0xff, 0xfe, 0x10,
    0x00, 0xcf, 0xff, 0xf7, 0x00, 0x00, 0x06, 0xff,
    0xff, 0xb0, 0x05, 0xff, 0xff, 0x40, 0x00, 0x00,
    0x00, 0x4f, 0xff, 0xf2, 0x0c, 0xff, 0xf8, 0x00,
    0x00, 0x00, 0x00, 0x09, 0xff, 0xf7, 0x1f, 0xff,
    0xf1, 0x00, 0x00, 0x00, 0x00, 0x02, 0x88, 0x85,
    0x4f, 0xff, 0xb0, 0x00, 0x00, 0x00, 0x00, 0x00,
    0x00, 0x00, 0x6f, 0xff, 0x90, 0x00, 0x00, 0x00,
    0x00, 0x00, 0x00, 0x00, 0x7f, 0xff, 0x70, 0x00,
    0x00, 0x00, 0x00, 0x00, 0x00, 0x00, 0x7f, 0xff,
    0x70, 0x00, 0x00, 0x00, 0x00, 0x00, 0x00, 0x00,
    0x6f, 0xff, 0x90, 0x00, 0x00, 0x00, 0x00, 0x00,
    0x00, 0x00, 0x4f, 0xff, 0xb0, 0x00, 0x00, 0x00,
    0x00, 0x00, 0x00, 0x00, 0x1f, 0xff, 0xf0, 0x00,
    0x00, 0x00, 0x00, 0x02, 0x77, 0x75, 0x0c, 0xff,
    0xf7, 0x00, 0x00, 0x00, 0x00, 0x08, 0xff, 0xf7,
    0x05, 0xff, 0xff, 0x30, 0x00, 0x00, 0x00, 0x3f,
    0xff, 0xf2, 0x00, 0xdf, 0xff, 0xf6, 0x00, 0x00,
    0x06, 0xff, 0xff, 0xa0, 0x00, 0x2f, 0xff, 0xff,
    0xeb, 0xab, 0xef, 0xff, 0xfe, 0x10, 0x00, 0x04,
    0xff, 0xff, 0xff, 0xff, 0xff, 0xff, 0xe2, 0x00,
    0x00, 0x00, 0x2b, 0xff, 0xff, 0xff, 0xff, 0xfb,
    0x10, 0x00, 0x00, 0x00, 0x00, 0x39, 0xcf, 0xff,
    0xc8, 0x30, 0x00, 0x00, 0x00, 0x00, 0x00, 0x00,
    0x08, 0xf3, 0x00, 0x00, 0x00, 0x00, 0x00, 0x00,
    0x00, 0x00, 0x0a, 0xfe, 0xb3, 0x00, 0x00, 0x00,
    0x00, 0x00, 0x00, 0x00, 0x05, 0x6b, 0xfd, 0x00,
    0x00, 0x00, 0x00, 0x00, 0x00, 0x00, 0x00, 0x04,
    0xff, 0x00, 0x00, 0x00, 0x00, 0x00, 0x00, 0x00,
    0x3b, 0xbe, 0xfd, 0x00, 0x00, 0x00, 0x00, 0x00,
    0x00, 0x00, 0x5f, 0xfe, 0xb2, 0x00, 0x00, 0x00,

    /* U+00C8 "È" */
    0x00, 0x0a, 0xff, 0xe0, 0x00, 0x00, 0x00, 0x00,
    0x00, 0x1e, 0xff, 0x60, 0x00, 0x00, 0x00, 0x00,
    0x00, 0x6f, 0xfd, 0x00, 0x00, 0x00, 0x00, 0x00,
    0x00, 0xbf, 0xf4, 0x00, 0x00, 0x00, 0x00, 0x00,
    0x02, 0x99, 0x50, 0x00, 0x00, 0x00, 0x00, 0x00,
    0x00, 0x00, 0x00, 0x00, 0x00, 0x00, 0x00, 0x00,
    0x00, 0x00, 0x00, 0x00, 0x0c, 0xff, 0xff, 0xff,
    0xff, 0xff, 0xff, 0xf6, 0xcf, 0xff, 0xff, 0xff,
    0xff, 0xff, 0xff, 0x6c, 0xff, 0xff, 0xff, 0xff,
    0xff, 0xff, 0xf6, 0xcf, 0xff, 0x76, 0x66, 0x66,
    0x66, 0x66, 0x2c, 0xff, 0xf1, 0x00, 0x00, 0x00,
    0x00, 0x00, 0xcf, 0xff, 0x10, 0x00, 0x00, 0x00,
    0x00, 0x0c, 0xff, 0xf1, 0x00, 0x00, 0x00, 0x00,
    0x00, 0xcf, 0xff, 0x10, 0x00, 0x00, 0x00, 0x00,
    0x0c, 0xff, 0xf1, 0x00, 0x00, 0x00, 0x00, 0x00,
    0xcf, 0xff, 0xff, 0xff, 0xff, 0xff, 0xf9, 0x0c,
    0xff, 0xff, 0xff, 0xff, 0xff, 0xff, 0x90, 0xcf,
    0xff, 0xff, 0xff, 0xff, 0xff, 0xf9, 0x0c, 0xff,
    0xf6, 0x55, 0x55, 0x55, 0x55, 0x30, 0xcf, 0xff,
    0x10, 0x00, 0x00, 0x00, 0x00, 0x0c, 0xff, 0xf1,
    0x00, 0x00, 0x00, 0x00, 0x00, 0xcf, 0xff, 0x10,
    0x00, 0x00, 0x00, 0x00, 0x0c, 0xff, 0xf1, 0x00,
    0x00, 0x00, 0x00, 0x00, 0xcf, 0xff, 0x10, 0x00,
    0x00, 0x00, 0x00, 0x0c, 0xff, 0xf7, 0x66, 0x66,
    0x66, 0x66, 0x62, 0xcf, 0xff, 0xff, 0xff, 0xff,
    0xff, 0xff, 0x7c, 0xff, 0xff, 0xff, 0xff, 0xff,
    0xff, 0xf7, 0xcf, 0xff, 0xff, 0xff, 0xff, 0xff,
    0xff, 0x70,

    /* U+00C9 "É" */
    0x00, 0x00, 0x00, 0x04, 0xff, 0xf4, 0x00, 0x00,
    0x00, 0x00, 0x00, 0xcf, 0xfa, 0x00, 0x00, 0x00,
    0x00, 0x00, 0x3f, 0xfe, 0x10, 0x00, 0x00, 0x00,
    0x00, 0x0a, 0xff, 0x50, 0x00, 0x00, 0x00, 0x00,
    0x00, 0x99, 0x80, 0x00, 0x00, 0x00, 0x00, 0x00,
    0x00, 0x00, 0x00, 0x00, 0x00, 0x00, 0x00, 0x00,
    0x00, 0x00, 0x00, 0x00, 0x0c, 0xff, 0xff, 0xff,
    0xff, 0xff, 0xff, 0xf6, 0xcf, 0xff, 0xff, 0xff,
    0xff, 0xff, 0xff, 0x6c, 0xff, 0xff, 0xff, 0xff,
    0xff, 0xff, 0xf6, 0xcf, 0xff, 0x76, 0x66, 0x66,
    0x66, 0x66, 0x2c, 0xff, 0xf1, 0x00, 0x00, 0x00,
    0x00, 0x00, 0xcf, 0xff, 0x10, 0x00, 0x00, 0x00,
    0x00, 0x0c, 0xff, 0xf1, 0x00, 0x00, 0x00, 0x00,
    0x00, 0xcf, 0xff, 0x10, 0x00, 0x00, 0x00, 0x00,
    0x0c, 0xff, 0xf1, 0x00, 0x00, 0x00, 0x00, 0x00,
    0xcf, 0xff, 0xff, 0xff, 0xff, 0xff, 0xf9, 0x0c,
    0xff, 0xff, 0xff, 0xff, 0xff, 0xff, 0x90, 0xcf,
    0xff, 0xff, 0xff, 0xff, 0xff, 0xf9, 0x0c, 0xff,
    0xf6, 0x55, 0x55, 0x55, 0x55, 0x30, 0xcf, 0xff,
    0x10, 0x00, 0x00, 0x00, 0x00, 0x0c, 0xff, 0xf1,
    0x00, 0x00, 0x00, 0x00, 0x00, 0xcf, 0xff, 0x10,
    0x00, 0x00, 0x00, 0x00, 0x0c, 0xff, 0xf1, 0x00,
    0x00, 0x00, 0x00, 0x00, 0xcf, 0xff, 0x10, 0x00,
    0x00, 0x00, 0x00, 0x0c, 0xff, 0xf7, 0x66, 0x66,
    0x66, 0x66, 0x62, 0xcf, 0xff, 0xff, 0xff, 0xff,
    0xff, 0xff, 0x7c, 0xff, 0xff, 0xff, 0xff, 0xff,
    0xff, 0xf7, 0xcf, 0xff, 0xff, 0xff, 0xff, 0xff,
    0xff, 0x70,

    /* U+00CA "Ê" */
    0x00, 0x00, 0x0a, 0xff, 0xf5, 0x00, 0x00, 0x00,
    0x00, 0x09, 0xff, 0xff, 0xf3, 0x00, 0x00, 0x00,
    0x07, 0xff, 0xc3, 0xff, 0xe2, 0x00, 0x00, 0x06,
    0xff, 0xe1, 0x06, 0xff, 0xd1, 0x00, 0x00, 0x78,
    0x83, 0x00, 0x06, 0x88, 0x40, 0x00, 0x00, 0x00,
    0x00, 0x00, 0x00, 0x00, 0x00, 0x00, 0x00, 0x00,
    0x00, 0x00, 0x00, 0x00, 0x0c, 0xff, 0xff, 0xff,
    0xff, 0xff, 0xff, 0xf6, 0xcf, 0xff, 0xff, 0xff,
    0xff, 0xff, 0xff, 0x6c, 0xff, 0xff, 0xff, 0xff,
    0xff, 0xff, 0xf6, 0xcf, 0xff, 0x76, 0x66, 0x66,
    0x66, 0x66, 0x2c, 0xff, 0xf1, 0x00, 0x00, 0x00,
    0x00, 0x00, 0xcf, 0xff, 0x10, 0x00, 0x00, 0x00,
    0x00, 0x0c, 0xff, 0xf1, 0x00, 0x00, 0x00, 0x00,
    0x00, 0xcf, 0xff, 0x10, 0x00, 0x00, 0x00, 0x00,
    0x0c, 0xff, 0xf1, 0x00, 0x00, 0x00, 0x00, 0x00,
    0xcf, 0xff, 0xff, 0xff, 0xff, 0xff, 0xf9, 0x0c,
    0xff, 0xff, 0xff, 0xff, 0xff, 0xff, 0x90, 0xcf,
    0xff, 0xff, 0xff, 0xff, 0xff, 0xf9, 0x0c, 0xff,
    0xf6, 0x55, 0x55, 0x55, 0x55, 0x30, 0xcf, 0xff,
    0x10, 0x00, 0x00, 0x00, 0x00, 0x0c, 0xff, 0xf1,
    0x00, 0x00, 0x00, 0x00, 0x00, 0xcf, 0xff, 0x10,
    0x00, 0x00, 0x00, 0x00, 0x0c, 0xff, 0xf1, 0x00,
    0x00, 0x00, 0x00, 0x00, 0xcf, 0xff, 0x10, 0x00,
    0x00, 0x00, 0x00, 0x0c, 0xff, 0xf7, 0x66, 0x66,
    0x66, 0x66, 0x62, 0xcf, 0xff, 0xff, 0xff, 0xff,
    0xff, 0xff, 0x7c, 0xff, 0xff, 0xff, 0xff, 0xff,
    0xff, 0xf7, 0xcf, 0xff, 0xff, 0xff, 0xff, 0xff,
    0xff, 0x70,

    /* U+00CB "Ë" */
    0x00, 0x3d, 0xe6, 0x00, 0x0a, 0xfa, 0x00, 0x00,
    0x0c, 0xff, 0xf1, 0x06, 0xff, 0xf6, 0x00, 0x00,
    0xcf, 0xff, 0x10, 0x7f, 0xff, 0x70, 0x00, 0x04,
    0xff, 0x70, 0x00, 0xcf, 0xc1, 0x00, 0x00, 0x00,
    0x00, 0x00, 0x00, 0x00, 0x00, 0x00, 0x00, 0x00,
    0x00, 0x00, 0x00, 0x00, 0x00, 0x00, 0x00, 0x00,
    0x00, 0x00, 0x00, 0x00, 0x0c, 0xff, 0xff, 0xff,
    0xff, 0xff, 0xff, 0xf6, 0xcf, 0xff, 0xff, 0xff,
    0xff, 0xff, 0xff, 0x6c, 0xff, 0xff, 0xff, 0xff,
    0xff, 0xff, 0xf6, 0xcf, 0xff, 0x76, 0x66, 0x66,
    0x66, 0x66, 0x2c, 0xff, 0xf1, 0x00, 0x00, 0x00,
    0x00, 0x00, 0xcf, 0xff, 0x10, 0x00, 0x00, 0x00,
    0x00, 0x0c, 0xff, 0xf1, 0x00, 0x00, 0x00, 0x00,
    0x00, 0xcf, 0xff, 0x10, 0x00, 0x00, 0x00, 0x00,
    0x0c, 0xff, 0xf1, 0x00, 0x00, 0x00, 0x00, 0x00,
    0xcf, 0xff, 0xff, 0xff, 0xff, 0xff, 0xf9, 0x0c,
    0xff, 0xff, 0xff, 0xff, 0xff, 0xff, 0x90, 0xcf,
    0xff, 0xff, 0xff, 0xff, 0xff, 0xf9, 0x0c, 0xff,
    0xf6, 0x55, 0x55, 0x55, 0x55, 0x30, 0xcf, 0xff,
    0x10, 0x00, 0x00, 0x00, 0x00, 0x0c, 0xff, 0xf1,
    0x00, 0x00, 0x00, 0x00, 0x00, 0xcf, 0xff, 0x10,
    0x00, 0x00, 0x00, 0x00, 0x0c, 0xff, 0xf1, 0x00,
    0x00, 0x00, 0x00, 0x00, 0xcf, 0xff, 0x10, 0x00,
    0x00, 0x00, 0x00, 0x0c, 0xff, 0xf7, 0x66, 0x66,
    0x66, 0x66, 0x62, 0xcf, 0xff, 0xff, 0xff, 0xff,
    0xff, 0xff, 0x7c, 0xff, 0xff, 0xff, 0xff, 0xff,
    0xff, 0xf7, 0xcf, 0xff, 0xff, 0xff, 0xff, 0xff,
    0xff, 0x70,

    /* U+00CC "Ì" */
    0x0c, 0xff, 0xc0, 0x00, 0x03, 0xff, 0xf3, 0x00,
    0x00, 0x8f, 0xfa, 0x00, 0x00, 0x0d, 0xff, 0x10,
    0x00, 0x03, 0x99, 0x40, 0x00, 0x00, 0x00, 0x00,
    0x00, 0x00, 0x00, 0x00, 0x00, 0x0c, 0xff, 0xf1,
    0x00, 0x0c, 0xff, 0xf1, 0x00, 0x0c, 0xff, 0xf1,
    0x00, 0x0c, 0xff, 0xf1, 0x00, 0x0c, 0xff, 0xf1,
    0x00, 0x0c, 0xff, 0xf1, 0x00, 0x0c, 0xff, 0xf1,
    0x00, 0x0c, 0xff, 0xf1, 0x00, 0x0c, 0xff, 0xf1,
    0x00, 0x0c, 0xff, 0xf1, 0x00, 0x0c, 0xff, 0xf1,
    0x00, 0x0c, 0xff, 0xf1, 0x00, 0x0c, 0xff, 0xf1,
    0x00, 0x0c, 0xff, 0xf1, 0x00, 0x0c, 0xff, 0xf1,
    0x00, 0x0c, 0xff, 0xf1, 0x00, 0x0c, 0xff, 0xf1,
    0x00, 0x0c, 0xff, 0xf1, 0x00, 0x0c, 0xff, 0xf1,
    0x00, 0x0c, 0xff, 0xf1, 0x00, 0x0c, 0xff, 0xf1,
    0x00, 0x0c, 0xff, 0xf1,

    /* U+00CD "Í" */
    0x00, 0x7f, 0xff, 0x20, 0x0e, 0xff, 0x70, 0x05,
    0xff, 0xd0, 0x00, 0xcf, 0xf3, 0x00, 0x19, 0x96,
    0x00, 0x00, 0x00, 0x00, 0x00, 0x00, 0x00, 0x00,
    0x0c, 0xff, 0xf1, 0x00, 0xcf, 0xff, 0x10, 0x0c,
    0xff, 0xf1, 0x00, 0xcf, 0xff, 0x10, 0x0c, 0xff,
    0xf1, 0x00, 0xcf, 0xff, 0x10, 0x0c, 0xff, 0xf1,
    0x00, 0xcf, 0xff, 0x10, 0x0c, 0xff, 0xf1, 0x00,
    0xcf, 0xff, 0x10, 0x0c, 0xff, 0xf1, 0x00, 0xcf,
    0xff, 0x10, 0x0c, 0xff, 0xf1, 0x00, 0xcf, 0xff,
    0x10, 0x0c, 0xff, 0xf1, 0x00, 0xcf, 0xff, 0x10,
    0x0c, 0xff, 0xf1, 0x00, 0xcf, 0xff, 0x10, 0x0c,
    0xff, 0xf1, 0x00, 0xcf, 0xff, 0x10, 0x0c, 0xff,
    0xf1, 0x00, 0xcf, 0xff, 0x10, 0x00,

    /* U+00CE "Î" */
    0x00, 0x00, 0xcf, 0xff, 0x30, 0x00, 0x00, 0x0b,
    0xff, 0xff, 0xe1, 0x00, 0x00, 0xaf, 0xfa, 0x5f,
    0xfd, 0x10, 0x08, 0xff, 0xd0, 0x08, 0xff, 0xc0,
    0x18, 0x88, 0x20, 0x00, 0x78, 0x83, 0x00, 0x00,
    0x00, 0x00, 0x00, 0x00, 0x00, 0x00, 0x00, 0x00,
    0x00, 0x00, 0x00, 0x00, 0xcf, 0xff, 0x10, 0x00,
    0x00, 0x00, 0xcf, 0xff, 0x10, 0x00, 0x00, 0x00,
    0xcf, 0xff, 0x10, 0x00, 0x00, 0x00, 0xcf, 0xff,
    0x10, 0x00, 0x00, 0x00, 0xcf, 0xff, 0x10, 0x00,
    0x00, 0x00, 0xcf, 0xff, 0x10, 0x00, 0x00, 0x00,
    0xcf, 0xff, 0x10, 0x00, 0x00, 0x00, 0xcf, 0xff,
    0x10, 0x00, 0x00, 0x00, 0xcf, 0xff, 0x10, 0x00,
    0x00, 0x00, 0xcf, 0xff, 0x10, 0x00, 0x00, 0x00,
    0xcf, 0xff, 0x10, 0x00, 0x00, 0x00, 0xcf, 0xff,
    0x10, 0x00, 0x00, 0x00, 0xcf, 0xff, 0x10, 0x00,
    0x00, 0x00, 0xcf, 0xff, 0x10, 0x00, 0x00, 0x00,
    0xcf, 0xff, 0x10, 0x00, 0x00, 0x00, 0xcf, 0xff,
    0x10, 0x00, 0x00, 0x00, 0xcf, 0xff, 0x10, 0x00,
    0x00, 0x00, 0xcf, 0xff, 0x10, 0x00, 0x00, 0x00,
    0xcf, 0xff, 0x10, 0x00, 0x00, 0x00, 0xcf, 0xff,
    0x10, 0x00, 0x00, 0x00, 0xcf, 0xff, 0x10, 0x00,
    0x00, 0x00, 0xcf, 0xff, 0x10, 0x00,

    /* U+00CF "Ï" */
    0x04, 0xee, 0x40, 0x01, 0xcf, 0x90, 0x0e, 0xff,
    0xe0, 0x09, 0xff, 0xf4, 0x0f, 0xff, 0xe0, 0x09,
    0xff, 0xf4, 0x06, 0xff, 0x50, 0x02, 0xdf, 0xa0,
    0x00, 0x00, 0x00, 0x00, 0x00, 0x00, 0x00, 0x00,
    0x00, 0x00, 0x00, 0x00, 0x00, 0x00, 0x00, 0x00,
    0x00, 0x00, 0x00, 0x00, 0xcf, 0xff, 0x10, 0x00,
    0x00, 0x00, 0xcf, 0xff, 0x10, 0x00, 0x00, 0x00,
    0xcf, 0xff, 0x10, 0x00, 0x00, 0x00, 0xcf, 0xff,
    0x10, 0x00, 0x00, 0x00, 0xcf, 0xff, 0x10, 0x00,
    0x00, 0x00, 0xcf, 0xff, 0x10, 0x00, 0x00, 0x00,
    0xcf, 0xff, 0x10, 0x00, 0x00, 0x00, 0xcf, 0xff,
    0x10, 0x00, 0x00, 0x00, 0xcf, 0xff, 0x10, 0x00,
    0x00, 0x00, 0xcf, 0xff, 0x10, 0x00, 0x00, 0x00,
    0xcf, 0xff, 0x10, 0x00, 0x00, 0x00, 0xcf, 0xff,
    0x10, 0x00, 0x00, 0x00, 0xcf, 0xff, 0x10, 0x00,
    0x00, 0x00, 0xcf, 0xff, 0x10, 0x00, 0x00, 0x00,
    0xcf, 0xff, 0x10, 0x00, 0x00, 0x00, 0xcf, 0xff,
    0x10, 0x00, 0x00, 0x00, 0xcf, 0xff, 0x10, 0x00,
    0x00, 0x00, 0xcf, 0xff, 0x10, 0x00, 0x00, 0x00,
    0xcf, 0xff, 0x10, 0x00, 0x00, 0x00, 0xcf, 0xff,
    0x10, 0x00, 0x00, 0x00, 0xcf, 0xff, 0x10, 0x00,
    0x00, 0x00, 0xcf, 0xff, 0x10, 0x00,

    /* U+00D0 "Ð" */
    0x00, 0x0e, 0xff, 0xff, 0xff, 0xff, 0xda, 0x61,
    0x00, 0x00, 0x00, 0x00, 0x0e, 0xff, 0xff, 0xff,
    0xff, 0xff, 0xff, 0x70, 0x00, 0x00, 0x00, 0x0e,
    0xff, 0xff, 0xff, 0xff, 0xff, 0xff, 0xfb, 0x00,
    0x00, 0x00, 0x0e, 0xff, 0xf7, 0x77, 0x79, 0xbf,
    0xff, 0xff, 0xb0, 0x00, 0x00, 0x0e, 0xff, 0xf0,
    0x00, 0x00, 0x01, 0x9f, 0xff, 0xf6, 0x00, 0x00,
    0x0e, 0xff, 0xf0, 0x00, 0x00, 0x00, 0x07, 0xff,
    0xfe, 0x00, 0x00, 0x0e, 0xff, 0xf0, 0x00, 0x00,
    0x00, 0x00, 0xcf, 0xff, 0x50, 0x00, 0x0e, 0xff,
    0xf0, 0x00, 0x00, 0x00, 0x00, 0x6f, 0xff, 0x90,
    0x00, 0x0e, 0xff, 0xf0, 0x00, 0x00, 0x00, 0x00,
    0x1f, 0xff, 0xc0, 0x9d, 0xdf, 0xff, 0xfd, 0xdd,
    0xdd, 0x00, 0x00, 0x0f, 0xff, 0xf0, 0xbf, 0xff,
    0xff, 0xff, 0xff, 0xff, 0x00, 0x00, 0x0d, 0xff,
    0xf0, 0xbf, 0xff, 0xff, 0xff, 0xff, 0xff, 0x00,
    0x00, 0x0e, 0xff, 0xf0, 0x00, 0x0e, 0xff, 0xf0,
    0x00, 0x00, 0x00, 0x00, 0x0f, 0xff, 0xe0, 0x00,
    0x0e, 0xff, 0xf0, 0x00, 0x00, 0x00, 0x00, 0x1f,
    0xff, 0xc0, 0x00, 0x0e, 0xff, 0xf0, 0x00, 0x00,
    0x00, 0x00, 0x6f, 0xff, 0x90, 0x00, 0x0e, 0xff,
    0xf0, 0x00, 0x00, 0x00, 0x00, 0xdf, 0xff, 0x50,
    0x00, 0x0e, 0xff, 0xf0, 0x00, 0x00, 0x00, 0x08,
    0xff, 0xfe, 0x00, 0x00, 0x0e, 0xff, 0xf0, 0x00,
    0x00, 0x01, 0xaf, 0xff, 0xf6, 0x00, 0x00, 0x0e,
    0xff, 0xf7, 0x77, 0x79, 0xbf, 0xff, 0xff, 0xb0,
    0x00, 0x00, 0x0e, 0xff, 0xff, 0xff, 0xff, 0xff,
    0xff, 0xfb, 0x00, 0x00, 0x00, 0x0e, 0xff, 0xff,
    0xff, 0xff, 0xff, 0xfe, 0x70, 0x00, 0x00, 0x00,
    0x0e, 0xff, 0xff, 0xff, 0xff, 0xda, 0x60, 0x00,
    0x00, 0x00,

    /* U+00D1 "Ñ" */
    0x00, 0x00, 0x02, 0xcf, 0xb3, 0x00, 0xff, 0x20,
    0x00, 0x00, 0x00, 0x00, 0xdf, 0xff, 0xf8, 0x9f,
    0xf0, 0x00, 0x00, 0x00, 0x00, 0x3f, 0xf7, 0xaf,
    0xff, 0xf9, 0x00, 0x00, 0x00, 0x00, 0x05, 0xfe,
    0x00, 0x5c, 0xfb, 0x10, 0x00, 0x00, 0x00, 0x00,
    0x00, 0x00, 0x00, 0x00, 0x00, 0x00, 0x00, 0x00,
    0x00, 0x00, 0x00, 0x00, 0x00, 0x00, 0x00, 0x00,
    0x00, 0x00, 0x00, 0x00, 0x00, 0x00, 0x00, 0x00,
    0x00, 0x00, 0x0c, 0xff, 0xfe, 0x00, 0x00, 0x00,
    0x00, 0x06, 0xff, 0xf9, 0xcf, 0xff, 0xf8, 0x00,
    0x00, 0x00, 0x00, 0x6f, 0xff, 0x9c, 0xff, 0xff,
    0xf2, 0x00, 0x00, 0x00, 0x06, 0xff, 0xf9, 0xcf,
    0xff, 0xff, 0xc0, 0x00, 0x00, 0x00, 0x6f, 0xff,
    0x9c, 0xff, 0xff, 0xff, 0x60, 0x00, 0x00, 0x06,
    0xff, 0xf9, 0xcf, 0xff, 0x9f, 0xfe, 0x10, 0x00,
    0x00, 0x6f, 0xff, 0x9c, 0xff, 0xf2, 0xff, 0xf9,
    0x00, 0x00, 0x06, 0xff, 0xf9, 0xcf, 0xff, 0x09,
    0xff, 0xf3, 0x00, 0x00, 0x6f, 0xff, 0x9c, 0xff,
    0xf1, 0x1f, 0xff, 0xc0, 0x00, 0x06, 0xff, 0xf9,
    0xcf, 0xff, 0x20, 0x7f, 0xff, 0x70, 0x00, 0x6f,
    0xff, 0x9c, 0xff, 0xf2, 0x00, 0xdf, 0xff, 0x10,
    0x06, 0xff, 0xf9, 0xcf, 0xff, 0x30, 0x04, 0xff,
    0xfa, 0x00, 0x6f, 0xff, 0x9c, 0xff, 0xf3, 0x00,
    0x0b, 0xff, 0xf4, 0x06, 0xff, 0xf9, 0xcf, 0xff,
    0x30, 0x00, 0x1f, 0xff, 0xd0, 0x5f, 0xff, 0x9c,
    0xff, 0xf3, 0x00, 0x00, 0x7f, 0xff, 0x55, 0xff,
    0xf9, 0xcf, 0xff, 0x30, 0x00, 0x00, 0xdf, 0xfd,
    0x4f, 0xff, 0x9c, 0xff, 0xf3, 0x00, 0x00, 0x03,
    0xff, 0xf9, 0xff, 0xf9, 0xcf, 0xff, 0x30, 0x00,
    0x00, 0x0a, 0xff, 0xff, 0xff, 0x9c, 0xff, 0xf3,
    0x00, 0x00, 0x00, 0x1e, 0xff, 0xff, 0xf9, 0xcf,
    0xff, 0x30, 0x00, 0x00, 0x00, 0x6f, 0xff, 0xff,
    0x9c, 0xff, 0xf3, 0x00, 0x00, 0x00, 0x00, 0xcf,
    0xff, 0xf9, 0xcf, 0xff, 0x30, 0x00, 0x00, 0x00,
    0x02, 0xff, 0xff, 0x90,

    /* U+00D2 "Ò" */
    0x00, 0x00, 0x00, 0x59, 0x99, 0x00, 0x00, 0x00,
    0x00, 0x00, 0x00, 0x00, 0x00, 0x01, 0xff, 0xf6,
    0x00, 0x00, 0x00, 0x00, 0x00, 0x00, 0x00, 0x00,
    0x06, 0xff, 0xd0, 0x00, 0x00, 0x00, 0x00, 0x00,
    0x00, 0x00, 0x00, 0x0c, 0xff, 0x40, 0x00, 0x00,
    0x00, 0x00, 0x00, 0x00, 0x00, 0x00, 0x2f, 0xfb,
    0x00, 0x00, 0x00, 0x00, 0x00, 0x00, 0x00, 0x00,
    0x00, 0x00, 0x00, 0x00, 0x00, 0x00, 0x00, 0x00,
    0x00, 0x00, 0x00, 0x00, 0x00, 0x00, 0x00, 0x00,
    0x00, 0x00, 0x00, 0x00, 0x00, 0x00, 0x00, 0x00,
    0x00, 0x00, 0x00, 0x00, 0x00, 0x00, 0x00, 0x39,
    0xce, 0xff, 0xd9, 0x30, 0x00, 0x00, 0x00, 0x00,
    0x02, 0xbf, 0xff, 0xff, 0xff, 0xff, 0xc2, 0x00,
    0x00, 0x00, 0x03, 0xff, 0xff, 0xff, 0xff, 0xff,
    0xff, 0xf4, 0x00, 0x00, 0x02, 0xff, 0xff, 0xfe,
    0xba, 0xbe, 0xff, 0xff, 0xf3, 0x00, 0x00, 0xcf,
    0xff, 0xf6, 0x00, 0x00, 0x06, 0xff, 0xff, 0xd0,
    0x00, 0x5f, 0xff, 0xf3, 0x00, 0x00, 0x00, 0x03,
    0xff, 0xff, 0x60, 0x0c, 0xff, 0xf8, 0x00, 0x00,
    0x00, 0x00, 0x07, 0xff, 0xfd, 0x01, 0xff, 0xff,
    0x10, 0x00, 0x00, 0x00, 0x00, 0x0f, 0xff, 0xf2,
    0x4f, 0xff, 0xb0, 0x00, 0x00, 0x00, 0x00, 0x00,
    0xaf, 0xff, 0x56, 0xff, 0xf9, 0x00, 0x00, 0x00,
    0x00, 0x00, 0x08, 0xff, 0xf7, 0x7f, 0xff, 0x70,
    0x00, 0x00, 0x00, 0x00, 0x00, 0x7f, 0xff, 0x87,
    0xff, 0xf7, 0x00, 0x00, 0x00, 0x00, 0x00, 0x06,
    0xff, 0xf8, 0x6f, 0xff, 0x90, 0x00, 0x00, 0x00,
    0x00, 0x00, 0x8f, 0xff, 0x74, 0xff, 0xfb, 0x00,
    0x00, 0x00, 0x00, 0x00, 0x0a, 0xff, 0xf5, 0x1f,
    0xff, 0xf1, 0x00, 0x00, 0x00, 0x00, 0x00, 0xff,
    0xff, 0x20, 0xcf, 0xff, 0x80, 0x00, 0x00, 0x00,
    0x00, 0x7f, 0xff, 0xd0, 0x05, 0xff, 0xff, 0x30,
    0x00, 0x00, 0x00, 0x3f, 0xff, 0xf6, 0x00, 0x0d,
    0xff, 0xff, 0x60, 0x00, 0x00, 0x6f, 0xff, 0xfd,
    0x00, 0x00, 0x2f, 0xff, 0xff, 0xeb, 0x9b, 0xef,
    0xff, 0xff, 0x30, 0x00, 0x00, 0x3f, 0xff, 0xff,
    0xff, 0xff, 0xff, 0xff, 0x40, 0x00, 0x00, 0x00,
    0x2b, 0xff, 0xff, 0xff, 0xff, 0xfc, 0x20, 0x00,
    0x00, 0x00, 0x00, 0x03, 0x9c, 0xff, 0xfd, 0x94,
    0x00, 0x00, 0x00,

    /* U+00D3 "Ó" */
    0x00, 0x00, 0x00, 0x00, 0x00, 0x09, 0x99, 0x60,
    0x00, 0x00, 0x00, 0x00, 0x00, 0x00, 0x00, 0x05,
    0xff, 0xf2, 0x00, 0x00, 0x00, 0x00, 0x00, 0x00,
    0x00, 0x00, 0xcf, 0xf7, 0x00, 0x00, 0x00, 0x00,
    0x00, 0x00, 0x00, 0x00, 0x3f, 0xfc, 0x00, 0x00,
    0x00, 0x00, 0x00, 0x00, 0x00, 0x00, 0x0a, 0xff,
    0x30, 0x00, 0x00, 0x00, 0x00, 0x00, 0x00, 0x00,
    0x00, 0x00, 0x00, 0x00, 0x00, 0x00, 0x00, 0x00,
    0x00, 0x00, 0x00, 0x00, 0x00, 0x00, 0x00, 0x00,
    0x00, 0x00, 0x00, 0x00, 0x00, 0x00, 0x00, 0x00,
    0x00, 0x00, 0x00, 0x00, 0x00, 0x00, 0x00, 0x39,
    0xce, 0xff, 0xd9, 0x30, 0x00, 0x00, 0x00, 0x00,
    0x02, 0xbf, 0xff, 0xff, 0xff, 0xff, 0xc2, 0x00,
    0x00, 0x00, 0x03, 0xff, 0xff, 0xff, 0xff, 0xff,
    0xff, 0xf4, 0x00, 0x00, 0x02, 0xff, 0xff, 0xfe,
    0xba, 0xbe, 0xff, 0xff, 0xf3, 0x00, 0x00, 0xcf,
    0xff, 0xf6, 0x00, 0x00, 0x06, 0xff, 0xff, 0xd0,
    0x00, 0x5f, 0xff, 0xf3, 0x00, 0x00, 0x00, 0x03,
    0xff, 0xff, 0x60, 0x0c, 0xff, 0xf8, 0x00, 0x00,
    0x00, 0x00, 0x07, 0xff, 0xfd, 0x01, 0xff, 0xff,
    0x10, 0x00, 0x00, 0x00, 0x00, 0x0f, 0xff, 0xf2,
    0x4f, 0xff, 0xb0, 0x00, 0x00, 0x00, 0x00, 0x00,
    0xaf, 0xff, 0x56, 0xff, 0xf9, 0x00, 0x00, 0x00,
    0x00, 0x00, 0x08, 0xff, 0xf7, 0x7f, 0xff, 0x70,
    0x00, 0x00, 0x00, 0x00, 0x00, 0x7f, 0xff, 0x87,
    0xff, 0xf7, 0x00, 0x00, 0x00, 0x00, 0x00, 0x06,
    0xff, 0xf8, 0x6f, 0xff, 0x90, 0x00, 0x00, 0x00,
    0x00, 0x00, 0x8f, 0xff, 0x74, 0xff, 0xfb, 0x00,
    0x00, 0x00, 0x00, 0x00, 0x0a, 0xff, 0xf5, 0x1f,
    0xff, 0xf1, 0x00, 0x00, 0x00, 0x00, 0x00, 0xff,
    0xff, 0x20, 0xcf, 0xff, 0x80, 0x00, 0x00, 0x00,
    0x00, 0x7f, 0xff, 0xd0, 0x05, 0xff, 0xff, 0x30,
    0x00, 0x00, 0x00, 0x3f, 0xff, 0xf6, 0x00, 0x0d,
    0xff, 0xff, 0x60, 0x00, 0x00, 0x6f, 0xff, 0xfd,
    0x00, 0x00, 0x2f, 0xff, 0xff, 0xeb, 0x9b, 0xef,
    0xff, 0xff, 0x30, 0x00, 0x00, 0x3f, 0xff, 0xff,
    0xff, 0xff, 0xff, 0xff, 0x40, 0x00, 0x00, 0x00,
    0x2b, 0xff, 0xff, 0xff, 0xff, 0xfc, 0x20, 0x00,
    0x00, 0x00, 0x00, 0x03, 0x9c, 0xff, 0xfd, 0x94,
    0x00, 0x00, 0x00,

    /* U+00D4 "Ô" */
    0x00, 0x00, 0x00, 0x00, 0x18, 0x88, 0x20, 0x00,
    0x00, 0x00, 0x00, 0x00, 0x00, 0x00, 0x1d, 0xff,
    0xfd, 0x10, 0x00, 0x00, 0x00, 0x00, 0x00, 0x00,
    0x0c, 0xff, 0xbf, 0xfc, 0x00, 0x00, 0x00, 0x00,
    0x00, 0x00, 0x0b, 0xff, 0xa0, 0x9f, 0xfb, 0x00,
    0x00, 0x00, 0x00, 0x00, 0x09, 0xff, 0xd0, 0x00,
    0xcf, 0xf9, 0x00, 0x00, 0x00, 0x00, 0x00, 0x00,
    0x00, 0x00, 0x00, 0x00, 0x00, 0x00, 0x00, 0x00,
    0x00, 0x00, 0x00, 0x00, 0x00, 0x00, 0x00, 0x00,
    0x00, 0x00, 0x00, 0x00, 0x00, 0x00, 0x00, 0x00,
    0x00, 0x00, 0x00, 0x00, 0x00, 0x00, 0x00, 0x39,
    0xce, 0xff, 0xd9, 0x30, 0x00, 0x00, 0x00, 0x00,
    0x02, 0xbf, 0xff, 0xff, 0xff, 0xff, 0xc2, 0x00,
    0x00, 0x00, 0x03, 0xff, 0xff, 0xff, 0xff, 0xff,
    0xff, 0xf4, 0x00, 0x00, 0x02, 0xff, 0xff, 0xfe,
    0xba, 0xbe, 0xff, 0xff, 0xf3, 0x00, 0x00, 0xcf,
    0xff, 0xf6, 0x00, 0x00, 0x06, 0xff, 0xff, 0xd0,
    0x00, 0x5f, 0xff, 0xf3, 0x00, 0x00, 0x00, 0x03,
    0xff, 0xff, 0x60, 0x0c, 0xff, 0xf8, 0x00, 0x00,
    0x00, 0x00, 0x07, 0xff, 0xfd, 0x01, 0xff, 0xff,
    0x10, 0x00, 0x00, 0x00, 0x00, 0x0f, 0xff, 0xf2,
    0x4f, 0xff, 0xb0, 0x00, 0x00, 0x00, 0x00, 0x00,
    0xaf, 0xff, 0x56, 0xff, 0xf9, 0x00, 0x00, 0x00,
    0x00, 0x00, 0x08, 0xff, 0xf7, 0x7f, 0xff, 0x70,
    0x00, 0x00, 0x00, 0x00, 0x00, 0x7f, 0xff, 0x87,
    0xff, 0xf7, 0x00, 0x00, 0x00, 0x00, 0x00, 0x06,
    0xff, 0xf8, 0x6f, 0xff, 0x90, 0x00, 0x00, 0x00,
    0x00, 0x00, 0x8f, 0xff, 0x74, 0xff, 0xfb, 0x00,
    0x00, 0x00, 0x00, 0x00, 0x0a, 0xff, 0xf5, 0x1f,
    0xff, 0xf1, 0x00, 0x00, 0x00, 0x00, 0x00, 0xff,
    0xff, 0x20, 0xcf, 0xff, 0x80, 0x00, 0x00, 0x00,
    0x00, 0x7f, 0xff, 0xd0, 0x05, 0xff, 0xff, 0x30,
    0x00, 0x00, 0x00, 0x3f, 0xff, 0xf6, 0x00, 0x0d,
    0xff, 0xff, 0x60, 0x00, 0x00, 0x6f, 0xff, 0xfd,
    0x00, 0x00, 0x2f, 0xff, 0xff, 0xeb, 0x9b, 0xef,
    0xff, 0xff, 0x30, 0x00, 0x00, 0x3f, 0xff, 0xff,
    0xff, 0xff, 0xff, 0xff, 0x40, 0x00, 0x00, 0x00,
    0x2b, 0xff, 0xff, 0xff, 0xff, 0xfc, 0x20, 0x00,
    0x00, 0x00, 0x00, 0x03, 0x9c, 0xff, 0xfd, 0x94,
    0x00, 0x00, 0x00,

    /* U+00D5 "Õ" */
    0x00, 0x00, 0x00, 0x1b, 0xfc, 0x40, 0x0e, 0xf4,
    0x00, 0x00, 0x00, 0x00, 0x00, 0x0b, 0xff, 0xff,
    0x97, 0xff, 0x10, 0x00, 0x00, 0x00, 0x00, 0x01,
    0xff, 0x89, 0xff, 0xff, 0xb0, 0x00, 0x00, 0x00,
    0x00, 0x00, 0x3f, 0xf0, 0x03, 0xcf, 0xc1, 0x00,
    0x00, 0x00, 0x00, 0x00, 0x00, 0x00, 0x00, 0x00,
    0x00, 0x00, 0x00, 0x00, 0x00, 0x00, 0x00, 0x00,
    0x00, 0x00, 0x00, 0x00, 0x00, 0x00, 0x00, 0x00,
    0x00, 0x00, 0x00, 0x00, 0x00, 0x00, 0x00, 0x00,
    0x00, 0x00, 0x00, 0x00, 0x03, 0x9c, 0xef, 0xfd,
    0x93, 0x00, 0x00, 0x00, 0x00, 0x00, 0x2b, 0xff,
    0xff, 0xff, 0xff, 0xfc, 0x20, 0x00, 0x00, 0x00,
    0x3f, 0xff, 0xff, 0xff, 0xff, 0xff, 0xff, 0x40,
    0x00, 0x00, 0x2f, 0xff, 0xff, 0xeb, 0xab, 0xef,
    0xff, 0xff, 0x30, 0x00, 0x0c, 0xff, 0xff, 0x60,
    0x00, 0x00, 0x6f, 0xff, 0xfd, 0x00, 0x05, 0xff,
    0xff, 0x30, 0x00, 0x00, 0x00, 0x3f, 0xff, 0xf6,
    0x00, 0xcf, 0xff, 0x80, 0x00, 0x00, 0x00, 0x00,
    0x7f, 0xff, 0xd0, 0x1f, 0xff, 0xf1, 0x00, 0x00,
    0x00, 0x00, 0x00, 0xff, 0xff, 0x24, 0xff, 0xfb,
    0x00, 0x00, 0x00, 0x00, 0x00, 0x0a, 0xff, 0xf5,
    0x6f, 0xff, 0x90, 0x00, 0x00, 0x00, 0x00, 0x00,
    0x8f, 0xff, 0x77, 0xff, 0xf7, 0x00, 0x00, 0x00,
    0x00, 0x00, 0x07, 0xff, 0xf8, 0x7f, 0xff, 0x70,
    0x00, 0x00, 0x00, 0x00, 0x00, 0x6f, 0xff, 0x86,
    0xff, 0xf9, 0x00, 0x00, 0x00, 0x00, 0x00, 0x08,
    0xff, 0xf7, 0x4f, 0xff, 0xb0, 0x00, 0x00, 0x00,
    0x00, 0x00, 0xaf, 0xff, 0x51, 0xff, 0xff, 0x10,
    0x00, 0x00, 0x00, 0x00, 0x0f, 0xff, 0xf2, 0x0c,
    0xff, 0xf8, 0x00, 0x00, 0x00, 0x00, 0x07, 0xff,
    0xfd, 0x00, 0x5f, 0xff, 0xf3, 0x00, 0x00, 0x00,
    0x03, 0xff, 0xff, 0x60, 0x00, 0xdf, 0xff, 0xf6,
    0x00, 0x00, 0x06, 0xff, 0xff, 0xd0, 0x00, 0x02,
    0xff, 0xff, 0xfe, 0xb9, 0xbe, 0xff, 0xff, 0xf3,
    0x00, 0x00, 0x03, 0xff, 0xff, 0xff, 0xff, 0xff,
    0xff, 0xf4, 0x00, 0x00, 0x00, 0x02, 0xbf, 0xff,
    0xff, 0xff, 0xff, 0xc2, 0x00, 0x00, 0x00, 0x00,
    0x00, 0x39, 0xcf, 0xff, 0xd9, 0x40, 0x00, 0x00,
    0x00,

    /* U+00D6 "Ö" */
    0x00, 0x00, 0x00, 0x00, 0x00, 0x00, 0x00, 0x00,
    0x00, 0x00, 0x00, 0x00, 0x00, 0x2d, 0xfa, 0x00,
    0x09, 0xfe, 0x20, 0x00, 0x00, 0x00, 0x00, 0x09,
    0xff, 0xf4, 0x03, 0xff, 0xfa, 0x00, 0x00, 0x00,
    0x00, 0x00, 0x9f, 0xff, 0x40, 0x3f, 0xff, 0xa0,
    0x00, 0x00, 0x00, 0x00, 0x01, 0xcf, 0x90, 0x00,
    0x8f, 0xc2, 0x00, 0x00, 0x00, 0x00, 0x00, 0x00,
    0x00, 0x00, 0x00, 0x00, 0x00, 0x00, 0x00, 0x00,
    0x00, 0x00, 0x00, 0x00, 0x00, 0x00, 0x00, 0x00,
    0x00, 0x00, 0x00, 0x00, 0x00, 0x00, 0x00, 0x00,
    0x00, 0x00, 0x00, 0x00, 0x00, 0x00, 0x00, 0x39,
    0xce, 0xff, 0xd9, 0x30, 0x00, 0x00, 0x00, 0x00,
    0x02, 0xbf, 0xff, 0xff, 0xff, 0xff, 0xc2, 0x00,
    0x00, 0x00, 0x03, 0xff, 0xff, 0xff, 0xff, 0xff,
    0xff, 0xf4, 0x00, 0x00, 0x02, 0xff, 0xff, 0xfe,
    0xba, 0xbe, 0xff, 0xff, 0xf3, 0x00, 0x00, 0xcf,
    0xff, 0xf6, 0x00, 0x00, 0x06, 0xff, 0xff, 0xd0,
    0x00, 0x5f, 0xff, 0xf3, 0x00, 0x00, 0x00, 0x03,
    0xff, 0xff, 0x60, 0x0c, 0xff, 0xf8, 0x00, 0x00,
    0x00, 0x00, 0x07, 0xff, 0xfd, 0x01, 0xff, 0xff,
    0x10, 0x00, 0x00, 0x00, 0x00, 0x0f, 0xff, 0xf2,
    0x4f, 0xff, 0xb0, 0x00, 0x00, 0x00, 0x00, 0x00,
    0xaf, 0xff, 0x56, 0xff, 0xf9, 0x00, 0x00, 0x00,
    0x00, 0x00, 0x08, 0xff, 0xf7, 0x7f, 0xff, 0x70,
    0x00, 0x00, 0x00, 0x00, 0x00, 0x7f, 0xff, 0x87,
    0xff, 0xf7, 0x00, 0x00, 0x00, 0x00, 0x00, 0x06,
    0xff, 0xf8, 0x6f, 0xff, 0x90, 0x00, 0x00, 0x00,
    0x00, 0x00, 0x8f, 0xff, 0x74, 0xff, 0xfb, 0x00,
    0x00, 0x00, 0x00, 0x00, 0x0a, 0xff, 0xf5, 0x1f,
    0xff, 0xf1, 0x00, 0x00, 0x00, 0x00, 0x00, 0xff,
    0xff, 0x20, 0xcf, 0xff, 0x80, 0x00, 0x00, 0x00,
    0x00, 0x7f, 0xff, 0xd0, 0x05, 0xff, 0xff, 0x30,
    0x00, 0x00, 0x00, 0x3f, 0xff, 0xf6, 0x00, 0x0d,
    0xff, 0xff, 0x60, 0x00, 0x00, 0x6f, 0xff, 0xfd,
    0x00, 0x00, 0x2f, 0xff, 0xff, 0xeb, 0x9b, 0xef,
    0xff, 0xff, 0x30, 0x00, 0x00, 0x3f, 0xff, 0xff,
    0xff, 0xff, 0xff, 0xff, 0x40, 0x00, 0x00, 0x00,
    0x2b, 0xff, 0xff, 0xff, 0xff, 0xfc, 0x20, 0x00,
    0x00, 0x00, 0x00, 0x03, 0x9c, 0xff, 0xfd, 0x94,
    0x00, 0x00, 0x00,

    /* U+00D7 "×" */
    0x00, 0x12, 0x00, 0x00, 0x00, 0x00, 0x03, 0x00,
    0x01, 0xde, 0x20, 0x00, 0x00, 0x00, 0xcf, 0x30,
    0x0c, 0xff, 0xe2, 0x00, 0x00, 0x0b, 0xff, 0xe2,
    0x0b, 0xff, 0xfe, 0x10, 0x00, 0xbf, 0xff, 0xe2,
    0x00, 0xcf, 0xff, 0xd1, 0x0b, 0xff, 0xfe, 0x20,
    0x00, 0x0c, 0xff, 0xfd, 0xcf, 0xff, 0xe2, 0x00,
    0x00, 0x00, 0xcf, 0xff, 0xff, 0xfe, 0x20, 0x00,
    0x00, 0x00, 0x1d, 0xff, 0xff, 0xf3, 0x00, 0x00,
    0x00, 0x00, 0x0b, 0xff, 0xff, 0xf1, 0x00, 0x00,
    0x00, 0x00, 0x9f, 0xff, 0xff, 0xfc, 0x00, 0x00,
    0x00, 0x08, 0xff, 0xff, 0xff, 0xff, 0xc0, 0x00,
    0x00, 0x8f, 0xff, 0xf4, 0x1d, 0xff, 0xfb, 0x00,
    0x08, 0xff, 0xff, 0x40, 0x01, 0xef, 0xff, 0xb0,
    0x1e, 0xff, 0xf4, 0x00, 0x00, 0x2e, 0xff, 0xf4,
    0x03, 0xff, 0x50, 0x00, 0x00, 0x02, 0xef, 0x60,
    0x00, 0x35, 0x00, 0x00, 0x00, 0x00, 0x26, 0x00,

    /* U+00D8 "Ø" */
    0x00, 0x00, 0x00, 0x00, 0x00, 0x00, 0x00, 0x00,
    0x04, 0x00, 0x00, 0x00, 0x00, 0x03, 0x9c, 0xef,
    0xfd, 0x93, 0x08, 0xfa, 0x00, 0x00, 0x00, 0x2b,
    0xff, 0xff, 0xff, 0xff, 0xff, 0xff, 0xd0, 0x00,
    0x00, 0x3f, 0xff, 0xff, 0xff, 0xff, 0xff, 0xff,
    0xf3, 0x00, 0x00, 0x2f, 0xff, 0xff, 0xeb, 0xab,
    0xef, 0xff, 0xff, 0x30, 0x00, 0x0c, 0xff, 0xff,
    0x60, 0x00, 0x00, 0xcf, 0xff, 0xfd, 0x00, 0x05,
    0xff, 0xff, 0x30, 0x00, 0x00, 0x2f, 0xff, 0xff,
    0xf6, 0x00, 0xcf, 0xff, 0x80, 0x00, 0x00, 0x0c,
    0xff, 0xcf, 0xff, 0xd0, 0x1f, 0xff, 0xf1, 0x00,
    0x00, 0x08, 0xff, 0x90, 0xff, 0xff, 0x24, 0xff,
    0xfb, 0x00, 0x00, 0x03, 0xff, 0xd0, 0x0a, 0xff,
    0xf5, 0x6f, 0xff, 0x90, 0x00, 0x01, 0xef, 0xf3,
    0x00, 0x8f, 0xff, 0x77, 0xff, 0xf7, 0x00, 0x00,
    0xaf, 0xf7, 0x00, 0x07, 0xff, 0xf8, 0x7f, 0xff,
    0x70, 0x00, 0x6f, 0xfb, 0x00, 0x00, 0x6f, 0xff,
    0x86, 0xff, 0xf9, 0x00, 0x2f, 0xfe, 0x10, 0x00,
    0x08, 0xff, 0xf7, 0x4f, 0xff, 0xb0, 0x0c, 0xff,
    0x50, 0x00, 0x00, 0xaf, 0xff, 0x51, 0xff, 0xff,
    0x18, 0xff, 0x90, 0x00, 0x00, 0x0f, 0xff, 0xf2,
    0x0c, 0xff, 0xfc, 0xff, 0xd0, 0x00, 0x00, 0x07,
    0xff, 0xfd, 0x00, 0x5f, 0xff, 0xff, 0xf3, 0x00,
    0x00, 0x03, 0xff, 0xff, 0x60, 0x00, 0xdf, 0xff,
    0xfe, 0x00, 0x00, 0x06, 0xff, 0xff, 0xd0, 0x00,
    0x02, 0xff, 0xff, 0xfe, 0xb9, 0xbe, 0xff, 0xff,
    0xf3, 0x00, 0x00, 0x2f, 0xff, 0xff, 0xff, 0xff,
    0xff, 0xff, 0xf4, 0x00, 0x00, 0x0c, 0xff, 0xff,
    0xff, 0xff, 0xff, 0xff, 0xc2, 0x00, 0x00, 0x00,
    0x9f, 0x90, 0x39, 0xcf, 0xff, 0xd9, 0x40, 0x00,
    0x00, 0x00, 0x00, 0x40, 0x00, 0x00, 0x00, 0x00,
    0x00, 0x00, 0x00, 0x00,

    /* U+00D9 "Ù" */
    0x00, 0x00, 0x09, 0x99, 0x50, 0x00, 0x00, 0x00,
    0x00, 0x00, 0x00, 0x08, 0xff, 0xe0, 0x00, 0x00,
    0x00, 0x00, 0x00, 0x00, 0x00, 0xdf, 0xf5, 0x00,
    0x00, 0x00, 0x00, 0x00, 0x00, 0x00, 0x4f, 0xfd,
    0x00, 0x00, 0x00, 0x00, 0x00, 0x00, 0x00, 0x09,
    0xff, 0x40, 0x00, 0x00, 0x00, 0x00, 0x00, 0x00,
    0x00, 0x00, 0x00, 0x00, 0x00, 0x00, 0x00, 0x00,
    0x00, 0x00, 0x00, 0x00, 0x00, 0x00, 0x00, 0x00,
    0x00, 0x00, 0x00, 0x00, 0x00, 0x00, 0x00, 0x00,
    0xcf, 0xff, 0x10, 0x00, 0x00, 0x00, 0x00, 0xff,
    0xfe, 0xcf, 0xff, 0x10, 0x00, 0x00, 0x00, 0x00,
    0xff, 0xfe, 0xcf, 0xff, 0x10, 0x00, 0x00, 0x00,
    0x00, 0xff, 0xfe, 0xcf, 0xff, 0x10, 0x00, 0x00,
    0x00, 0x00, 0xff, 0xfe, 0xcf, 0xff, 0x10, 0x00,
    0x00, 0x00, 0x00, 0xff, 0xfe, 0xcf, 0xff, 0x10,
    0x00, 0x00, 0x00, 0x00, 0xff, 0xfe, 0xcf, 0xff,
    0x10, 0x00, 0x00, 0x00, 0x00, 0xff, 0xfe, 0xcf,
    0xff, 0x10, 0x00, 0x00, 0x00, 0x00, 0xff, 0xfe,
    0xcf, 0xff, 0x10, 0x00, 0x00, 0x00, 0x00, 0xff,
    0xfe, 0xcf, 0xff, 0x10, 0x00, 0x00, 0x00, 0x00,
    0xff, 0xfe, 0xcf, 0xff, 0x10, 0x00, 0x00, 0x00,
    0x00, 0xff, 0xfe, 0xcf, 0xff, 0x10, 0x00, 0x00,
    0x00, 0x00, 0xff, 0xfe, 0xcf, 0xff, 0x10, 0x00,
    0x00, 0x00, 0x00, 0xff, 0xfe, 0xcf, 0xff, 0x10,
    0x00, 0x00, 0x00, 0x00, 0xff, 0xfe, 0xcf, 0xff,
    0x30, 0x00, 0x00, 0x00, 0x01, 0xff, 0xfd, 0xaf,
    0xff, 0x70, 0x00, 0x00, 0x00, 0x05, 0xff, 0xfc,
    0x7f, 0xff, 0xe1, 0x00, 0x00, 0x00, 0x0d, 0xff,
    0xf8, 0x1f, 0xff, 0xfd, 0x30, 0x00, 0x02, 0xcf,
    0xff, 0xf2, 0x07, 0xff, 0xff, 0xfc, 0xaa, 0xcf,
    0xff, 0xff, 0x80, 0x00, 0xaf, 0xff, 0xff, 0xff,
    0xff, 0xff, 0xfb, 0x00, 0x00, 0x06, 0xff, 0xff,
    0xff, 0xff, 0xff, 0x70, 0x00, 0x00, 0x00, 0x16,
    0xbd, 0xff, 0xdb, 0x61, 0x00, 0x00,

    /* U+00DA "Ú" */
    0x00, 0x00, 0x00, 0x00, 0x04, 0x99, 0x91, 0x00,
    0x00, 0x00, 0x00, 0x00, 0x00, 0x0d, 0xff, 0x90,
    0x00, 0x00, 0x00, 0x00, 0x00, 0x00, 0x4f, 0xfe,
    0x10, 0x00, 0x00, 0x00, 0x00, 0x00, 0x00, 0xbf,
    0xf5, 0x00, 0x00, 0x00, 0x00, 0x00, 0x00, 0x02,
    0xff, 0xa0, 0x00, 0x00, 0x00, 0x00, 0x00, 0x00,
    0x00, 0x00, 0x00, 0x00, 0x00, 0x00, 0x00, 0x00,
    0x00, 0x00, 0x00, 0x00, 0x00, 0x00, 0x00, 0x00,
    0x00, 0x00, 0x00, 0x00, 0x00, 0x00, 0x00, 0x00,
    0xcf, 0xff, 0x10, 0x00, 0x00, 0x00, 0x00, 0xff,
    0xfe, 0xcf, 0xff, 0x10, 0x00, 0x00, 0x00, 0x00,
    0xff, 0xfe, 0xcf, 0xff, 0x10, 0x00, 0x00, 0x00,
    0x00, 0xff, 0xfe, 0xcf, 0xff, 0x10, 0x00, 0x00,
    0x00, 0x00, 0xff, 0xfe, 0xcf, 0xff, 0x10, 0x00,
    0x00, 0x00, 0x00, 0xff, 0xfe, 0xcf, 0xff, 0x10,
    0x00, 0x00, 0x00, 0x00, 0xff, 0xfe, 0xcf, 0xff,
    0x10, 0x00, 0x00, 0x00, 0x00, 0xff, 0xfe, 0xcf,
    0xff, 0x10, 0x00, 0x00, 0x00, 0x00, 0xff, 0xfe,
    0xcf, 0xff, 0x10, 0x00, 0x00, 0x00, 0x00, 0xff,
    0xfe, 0xcf, 0xff, 0x10, 0x00, 0x00, 0x00, 0x00,
    0xff, 0xfe, 0xcf, 0xff, 0x10, 0x00, 0x00, 0x00,
    0x00, 0xff, 0xfe, 0xcf, 0xff, 0x10, 0x00, 0x00,
    0x00, 0x00, 0xff, 0xfe, 0xcf, 0xff, 0x10, 0x00,
    0x00, 0x00, 0x00, 0xff, 0xfe, 0xcf, 0xff, 0x10,
    0x00, 0x00, 0x00, 0x00, 0xff, 0xfe, 0xcf, 0xff,
    0x30, 0x00, 0x00, 0x00, 0x01, 0xff, 0xfd, 0xaf,
    0xff, 0x70, 0x00, 0x00, 0x00, 0x05, 0xff, 0xfc,
    0x7f, 0xff, 0xe1, 0x00, 0x00, 0x00, 0x0d, 0xff,
    0xf8, 0x1f, 0xff, 0xfd, 0x30, 0x00, 0x02, 0xcf,
    0xff, 0xf2, 0x07, 0xff, 0xff, 0xfc, 0xaa, 0xcf,
    0xff, 0xff, 0x80, 0x00, 0xaf, 0xff, 0xff, 0xff,
    0xff, 0xff, 0xfb, 0x00, 0x00, 0x06, 0xff, 0xff,
    0xff, 0xff, 0xff, 0x70, 0x00, 0x00, 0x00, 0x16,
    0xbd, 0xff, 0xdb, 0x61, 0x00, 0x00,

    /* U+00DB "Û" */
    0x00, 0x00, 0x00, 0x05, 0x88, 0x60, 0x00, 0x00,
    0x00, 0x00, 0x00, 0x00, 0x6f, 0xff, 0xf7, 0x00,
    0x00, 0x00, 0x00, 0x00, 0x05, 0xff, 0xdd, 0xff,
    0x50, 0x00, 0x00, 0x00, 0x00, 0x4f, 0xff, 0x32,
    0xef, 0xf4, 0x00, 0x00, 0x00, 0x02, 0xff, 0xf5,
    0x00, 0x4f, 0xfe, 0x20, 0x00, 0x00, 0x00, 0x00,
    0x00, 0x00, 0x00, 0x00, 0x00, 0x00, 0x00, 0x00,
    0x00, 0x00, 0x00, 0x00, 0x00, 0x00, 0x00, 0x00,
    0x00, 0x00, 0x00, 0x00, 0x00, 0x00, 0x00, 0x00,
    0xcf, 0xff, 0x10, 0x00, 0x00, 0x00, 0x00, 0xff,
    0xfe, 0xcf, 0xff, 0x10, 0x00, 0x00, 0x00, 0x00,
    0xff, 0xfe, 0xcf, 0xff, 0x10, 0x00, 0x00, 0x00,
    0x00, 0xff, 0xfe, 0xcf, 0xff, 0x10, 0x00, 0x00,
    0x00, 0x00, 0xff, 0xfe, 0xcf, 0xff, 0x10, 0x00,
    0x00, 0x00, 0x00, 0xff, 0xfe, 0xcf, 0xff, 0x10,
    0x00, 0x00, 0x00, 0x00, 0xff, 0xfe, 0xcf, 0xff,
    0x10, 0x00, 0x00, 0x00, 0x00, 0xff, 0xfe, 0xcf,
    0xff, 0x10, 0x00, 0x00, 0x00, 0x00, 0xff, 0xfe,
    0xcf, 0xff, 0x10, 0x00, 0x00, 0x00, 0x00, 0xff,
    0xfe, 0xcf, 0xff, 0x10, 0x00, 0x00, 0x00, 0x00,
    0xff, 0xfe, 0xcf, 0xff, 0x10, 0x00, 0x00, 0x00,
    0x00, 0xff, 0xfe, 0xcf, 0xff, 0x10, 0x00, 0x00,
    0x00, 0x00, 0xff, 0xfe, 0xcf, 0xff, 0x10, 0x00,
    0x00, 0x00, 0x00, 0xff, 0xfe, 0xcf, 0xff, 0x10,
    0x00, 0x00, 0x00, 0x00, 0xff, 0xfe, 0xcf, 0xff,
    0x30, 0x00, 0x00, 0x00, 0x01, 0xff, 0xfd, 0xaf,
    0xff, 0x70, 0x00, 0x00, 0x00, 0x05, 0xff, 0xfc,
    0x7f, 0xff, 0xe1, 0x00, 0x00, 0x00, 0x0d, 0xff,
    0xf8, 0x1f, 0xff, 0xfd, 0x30, 0x00, 0x02, 0xcf,
    0xff, 0xf2, 0x07, 0xff, 0xff, 0xfc, 0xaa, 0xcf,
    0xff, 0xff, 0x80, 0x00, 0xaf, 0xff, 0xff, 0xff,
    0xff, 0xff, 0xfb, 0x00, 0x00, 0x06, 0xff, 0xff,
    0xff, 0xff, 0xff, 0x70, 0x00, 0x00, 0x00, 0x16,
    0xbd, 0xff, 0xdb, 0x61, 0x00, 0x00,

    /* U+00DC "Ü" */
    0x00, 0x00, 0x00, 0x00, 0x00, 0x00, 0x00, 0x00,
    0x00, 0x00, 0x00, 0x8f, 0xe4, 0x00, 0x3e, 0xf9,
    0x00, 0x00, 0x00, 0x01, 0xff, 0xfc, 0x00, 0xbf,
    0xff, 0x30, 0x00, 0x00, 0x01, 0xff, 0xfc, 0x00,
    0xbf, 0xff, 0x20, 0x00, 0x00, 0x00, 0x6e, 0xd3,
    0x00, 0x2d, 0xf7, 0x00, 0x00, 0x00, 0x00, 0x00,
    0x00, 0x00, 0x00, 0x00, 0x00, 0x00, 0x00, 0x00,
    0x00, 0x00, 0x00, 0x00, 0x00, 0x00, 0x00, 0x00,
    0x00, 0x00, 0x00, 0x00, 0x00, 0x00, 0x00, 0x00,
    0xcf, 0xff, 0x10, 0x00, 0x00, 0x00, 0x00, 0xff,
    0xfe, 0xcf, 0xff, 0x10, 0x00, 0x00, 0x00, 0x00,
    0xff, 0xfe, 0xcf, 0xff, 0x10, 0x00, 0x00, 0x00,
    0x00, 0xff, 0xfe, 0xcf, 0xff, 0x10, 0x00, 0x00,
    0x00, 0x00, 0xff, 0xfe, 0xcf, 0xff, 0x10, 0x00,
    0x00, 0x00, 0x00, 0xff, 0xfe, 0xcf, 0xff, 0x10,
    0x00, 0x00, 0x00, 0x00, 0xff, 0xfe, 0xcf, 0xff,
    0x10, 0x00, 0x00, 0x00, 0x00, 0xff, 0xfe, 0xcf,
    0xff, 0x10, 0x00, 0x00, 0x00, 0x00, 0xff, 0xfe,
    0xcf, 0xff, 0x10, 0x00, 0x00, 0x00, 0x00, 0xff,
    0xfe, 0xcf, 0xff, 0x10, 0x00, 0x00, 0x00, 0x00,
    0xff, 0xfe, 0xcf, 0xff, 0x10, 0x00, 0x00, 0x00,
    0x00, 0xff, 0xfe, 0xcf, 0xff, 0x10, 0x00, 0x00,
    0x00, 0x00, 0xff, 0xfe, 0xcf, 0xff, 0x10, 0x00,
    0x00, 0x00, 0x00, 0xff, 0xfe, 0xcf, 0xff, 0x10,
    0x00, 0x00, 0x00, 0x00, 0xff, 0xfe, 0xcf, 0xff,
    0x30, 0x00, 0x00, 0x00, 0x01, 0xff, 0xfd, 0xaf,
    0xff, 0x70, 0x00, 0x00, 0x00, 0x05, 0xff, 0xfc,
    0x7f, 0xff, 0xe1, 0x00, 0x00, 0x00, 0x0d, 0xff,
    0xf8, 0x1f, 0xff, 0xfd, 0x30, 0x00, 0x02, 0xcf,
    0xff, 0xf2, 0x07, 0xff, 0xff, 0xfc, 0xaa, 0xcf,
    0xff, 0xff, 0x80, 0x00, 0xaf, 0xff, 0xff, 0xff,
    0xff, 0xff, 0xfb, 0x00, 0x00, 0x06, 0xff, 0xff,
    0xff, 0xff, 0xff, 0x70, 0x00, 0x00, 0x00, 0x16,
    0xbd, 0xff, 0xdb, 0x61, 0x00, 0x00,

    /* U+00DD "Ý" */
    0x00, 0x00, 0x00, 0x00, 0x00, 0x0e, 0xff, 0xa0,
    0x00, 0x00, 0x00, 0x00, 0x00, 0x00, 0x00, 0x05,
    0xff, 0xe1, 0x00, 0x00, 0x00, 0x00, 0x00, 0x00,
    0x00, 0x00, 0xcf, 0xf6, 0x00, 0x00, 0x00, 0x00,
    0x00, 0x00, 0x00, 0x00, 0x4f, 0xfb, 0x00, 0x00,
    0x00, 0x00, 0x00, 0x00, 0x00, 0x00, 0x05, 0x99,
    0x20, 0x00, 0x00, 0x00, 0x00, 0x00, 0x00, 0x00,
    0x00, 0x00, 0x00, 0x00, 0x00, 0x00, 0x00, 0x00,
    0x00, 0x00, 0x00, 0x00, 0x00, 0x00, 0x00, 0x00,
    0x00, 0x00, 0xef, 0xff, 0x90, 0x00, 0x00, 0x00,
    0x00, 0x2f, 0xff, 0xf5, 0x05, 0xff, 0xff, 0x20,
    0x00, 0x00, 0x00, 0x0b, 0xff, 0xfc, 0x00, 0x0c,
    0xff, 0xfb, 0x00, 0x00, 0x00, 0x04, 0xff, 0xff,
    0x30, 0x00, 0x2f, 0xff, 0xf4, 0x00, 0x00, 0x00,
    0xcf, 0xff, 0x90, 0x00, 0x00, 0x9f, 0xff, 0xd0,
    0x00, 0x00, 0x5f, 0xff, 0xe1, 0x00, 0x00, 0x00,
    0xef, 0xff, 0x60, 0x00, 0x0e, 0xff, 0xf6, 0x00,
    0x00, 0x00, 0x06, 0xff, 0xfe, 0x00, 0x07, 0xff,
    0xfd, 0x00, 0x00, 0x00, 0x00, 0x0c, 0xff, 0xf7,
    0x00, 0xef, 0xff, 0x30, 0x00, 0x00, 0x00, 0x00,
    0x3f, 0xff, 0xf1, 0x7f, 0xff, 0xa0, 0x00, 0x00,
    0x00, 0x00, 0x00, 0x9f, 0xff, 0x8e, 0xff, 0xf1,
    0x00, 0x00, 0x00, 0x00, 0x00, 0x01, 0xef, 0xff,
    0xff, 0xf7, 0x00, 0x00, 0x00, 0x00, 0x00, 0x00,
    0x06, 0xff, 0xff, 0xfd, 0x00, 0x00, 0x00, 0x00,
    0x00, 0x00, 0x00, 0x0c, 0xff, 0xff, 0x40, 0x00,
    0x00, 0x00, 0x00, 0x00, 0x00, 0x00, 0x4f, 0xff,
    0xc0, 0x00, 0x00, 0x00, 0x00, 0x00, 0x00, 0x00,
    0x03, 0xff, 0xfb, 0x00, 0x00, 0x00, 0x00, 0x00,
    0x00, 0x00, 0x00, 0x3f, 0xff, 0xb0, 0x00, 0x00,
    0x00, 0x00, 0x00, 0x00, 0x00, 0x03, 0xff, 0xfb,
    0x00, 0x00, 0x00, 0x00, 0x00, 0x00, 0x00, 0x00,
    0x3f, 0xff, 0xb0, 0x00, 0x00, 0x00, 0x00, 0x00,
    0x00, 0x00, 0x03, 0xff, 0xfb, 0x00, 0x00, 0x00,
    0x00, 0x00, 0x00, 0x00, 0x00, 0x3f, 0xff, 0xb0,
    0x00, 0x00, 0x00, 0x00, 0x00, 0x00, 0x00, 0x03,
    0xff, 0xfb, 0x00, 0x00, 0x00, 0x00, 0x00, 0x00,
    0x00, 0x00, 0x3f, 0xff, 0xb0, 0x00, 0x00, 0x00,
    0x00,

    /* U+00DE "Þ" */
    0xef, 0xff, 0x00, 0x00, 0x00, 0x00, 0x00, 0x00,
    0xef, 0xff, 0x00, 0x00, 0x00, 0x00, 0x00, 0x00,
    0xef, 0xff, 0x00, 0x00, 0x00, 0x00, 0x00, 0x00,
    0xef, 0xff, 0x00, 0x00, 0x00, 0x00, 0x00, 0x00,
    0xef, 0xff, 0xff, 0xff, 0xed, 0x93, 0x00, 0x00,
    0xef, 0xff, 0xff, 0xff, 0xff, 0xff, 0xa1, 0x00,
    0xef, 0xff, 0xff, 0xff, 0xff, 0xff, 0xfd, 0x00,
    0xef, 0xff, 0x33, 0x33, 0x48, 0xff, 0xff, 0x90,
    0xef, 0xff, 0x00, 0x00, 0x00, 0x2f, 0xff, 0xf0,
    0xef, 0xff, 0x00, 0x00, 0x00, 0x08, 0xff, 0xf3,
    0xef, 0xff, 0x00, 0x00, 0x00, 0x05, 0xff, 0xf5,
    0xef, 0xff, 0x00, 0x00, 0x00, 0x07, 0xff, 0xf4,
    0xef, 0xff, 0x00, 0x00, 0x00, 0x0d, 0xff, 0xf1,
    0xef, 0xff, 0x00, 0x00, 0x14, 0xcf, 0xff, 0xb0,
    0xef, 0xff, 0xff, 0xff, 0xff, 0xff, 0xfe, 0x20,
    0xef, 0xff, 0xff, 0xff, 0xff, 0xff, 0xd3, 0x00,
    0xef, 0xff, 0xff, 0xff, 0xff, 0xc7, 0x00, 0x00,
    0xef, 0xff, 0x33, 0x33, 0x10, 0x00, 0x00, 0x00,
    0xef, 0xff, 0x00, 0x00, 0x00, 0x00, 0x00, 0x00,
    0xef, 0xff, 0x00, 0x00, 0x00, 0x00, 0x00, 0x00,
    0xef, 0xff, 0x00, 0x00, 0x00, 0x00, 0x00, 0x00,
    0xef, 0xff, 0x00, 0x00, 0x00, 0x00, 0x00, 0x00,

    /* U+00DF "ß" */
    0x00, 0x03, 0x9d, 0xef, 0xeb, 0x71, 0x00, 0x00,
    0x00, 0x9f, 0xff, 0xff, 0xff, 0xff, 0x70, 0x00,
    0x0a, 0xff, 0xff, 0xff, 0xff, 0xff, 0xf7, 0x00,
    0x3f, 0xff, 0xfe, 0x86, 0x8e, 0xff, 0xff, 0x10,
    0x9f, 0xff, 0xc0, 0x00, 0x01, 0xef, 0xff, 0x60,
    0xbf, 0xff, 0x30, 0x00, 0x00, 0x7f, 0xff, 0x80,
    0xcf, 0xff, 0x00, 0x00, 0x00, 0x5f, 0xff, 0x60,
    0xcf, 0xff, 0x00, 0x00, 0x00, 0xaf, 0xff, 0x20,
    0xcf, 0xff, 0x00, 0x00, 0x18, 0xff, 0xf8, 0x00,
    0xcf, 0xff, 0x00, 0x7f, 0xff, 0xfe, 0x60, 0x00,
    0xcf, 0xff, 0x00, 0x7f, 0xff, 0xfc, 0x81, 0x00,
    0xcf, 0xff, 0x00, 0x7f, 0xff, 0xff, 0xff, 0x40,
    0xcf, 0xff, 0x00, 0x13, 0x46, 0xcf, 0xff, 0xf1,
    0xcf, 0xff, 0x00, 0x00, 0x00, 0x09, 0xff, 0xf9,
    0xcf, 0xff, 0x00, 0x00, 0x00, 0x01, 0xff, 0xfd,
    0xcf, 0xff, 0x00, 0x00, 0x00, 0x00, 0xef, 0xff,
    0xcf, 0xff, 0x00, 0x00, 0x00, 0x01, 0xff, 0xfe,
    0xcf, 0xff, 0x00, 0x00, 0x00, 0x09, 0xff, 0xfb,
    0xcf, 0xff, 0x00, 0x25, 0x56, 0xcf, 0xff, 0xf5,
    0xcf, 0xff, 0x00, 0x8f, 0xff, 0xff, 0xff, 0xc0,
    0xcf, 0xff, 0x00, 0x8f, 0xff, 0xff, 0xfb, 0x10,
    0xcf, 0xff, 0x00, 0x8f, 0xff, 0xda, 0x50, 0x00,

    /* U+00E0 "à" */
    0x00, 0x08, 0xff, 0xf1, 0x00, 0x00, 0x00, 0x00,
    0x00, 0x0d, 0xff, 0x80, 0x00, 0x00, 0x00, 0x00,
    0x00, 0x3f, 0xfe, 0x00, 0x00, 0x00, 0x00, 0x00,
    0x00, 0x9f, 0xf6, 0x00, 0x00, 0x00, 0x00, 0x00,
    0x00, 0x99, 0x70, 0x00, 0x00, 0x00, 0x00, 0x00,
    0x00, 0x00, 0x00, 0x00, 0x00, 0x00, 0x00, 0x00,
    0x00, 0x00, 0x00, 0x00, 0x00, 0x00, 0x17, 0xce,
    0xfe, 0xc8, 0x10, 0x00, 0x00, 0x6f, 0xff, 0xff,
    0xff, 0xff, 0x50, 0x00, 0x6f, 0xff, 0xff, 0xff,
    0xff, 0xff, 0x40, 0x1f, 0xff, 0xf8, 0x20, 0x19,
    0xff, 0xfc, 0x02, 0x8b, 0xe7, 0x00, 0x00, 0x0c,
    0xff, 0xf1, 0x00, 0x00, 0x00, 0x00, 0x00, 0xaf,
    0xff, 0x20, 0x00, 0x00, 0x00, 0x02, 0x6e, 0xff,
    0xf3, 0x00, 0x05, 0x9c, 0xef, 0xff, 0xff, 0xff,
    0x30, 0x4e, 0xff, 0xff, 0xff, 0xff, 0xff, 0xf3,
    0x3f, 0xff, 0xfe, 0xb8, 0x52, 0x9f, 0xff, 0x3a,
    0xff, 0xf7, 0x00, 0x00, 0x09, 0xff, 0xf3, 0xdf,
    0xfe, 0x00, 0x00, 0x00, 0xbf, 0xff, 0x3d, 0xff,
    0xe0, 0x00, 0x00, 0x2f, 0xff, 0xf3, 0xaf, 0xff,
    0x91, 0x00, 0x5e, 0xff, 0xff, 0x34, 0xff, 0xff,
    0xfe, 0xff, 0xfc, 0xff, 0xf3, 0x08, 0xff, 0xff,
    0xff, 0xf8, 0x7f, 0xff, 0x30, 0x03, 0xae, 0xfe,
    0xb4, 0x07, 0xff, 0xf3,

    /* U+00E1 "á" */
    0x00, 0x00, 0x00, 0x02, 0xff, 0xf7, 0x00, 0x00,
    0x00, 0x00, 0x00, 0x9f, 0xfc, 0x00, 0x00, 0x00,
    0x00, 0x00, 0x1f, 0xff, 0x20, 0x00, 0x00, 0x00,
    0x00, 0x07, 0xff, 0x80, 0x00, 0x00, 0x00, 0x00,
    0x00, 0x79, 0x80, 0x00, 0x00, 0x00, 0x00, 0x00,
    0x00, 0x00, 0x00, 0x00, 0x00, 0x00, 0x00, 0x00,
    0x00, 0x00, 0x00, 0x00, 0x00, 0x00, 0x17, 0xce,
    0xfe, 0xc8, 0x10, 0x00, 0x00, 0x6f, 0xff, 0xff,
    0xff, 0xff, 0x50, 0x00, 0x6f, 0xff, 0xff, 0xff,
    0xff, 0xff, 0x40, 0x1f, 0xff, 0xf8, 0x20, 0x19,
    0xff, 0xfc, 0x02, 0x8b, 0xe7, 0x00, 0x00, 0x0c,
    0xff, 0xf1, 0x00, 0x00, 0x00, 0x00, 0x00, 0xaf,
    0xff, 0x20, 0x00, 0x00, 0x00, 0x02, 0x6e, 0xff,
    0xf3, 0x00, 0x05, 0x9c, 0xef, 0xff, 0xff, 0xff,
    0x30, 0x4e, 0xff, 0xff, 0xff, 0xff, 0xff, 0xf3,
    0x3f, 0xff, 0xfe, 0xb8, 0x52, 0x9f, 0xff, 0x3a,
    0xff, 0xf7, 0x00, 0x00, 0x09, 0xff, 0xf3, 0xdf,
    0xfe, 0x00, 0x00, 0x00, 0xbf, 0xff, 0x3d, 0xff,
    0xe0, 0x00, 0x00, 0x2f, 0xff, 0xf3, 0xaf, 0xff,
    0x91, 0x00, 0x5e, 0xff, 0xff, 0x34, 0xff, 0xff,
    0xfe, 0xff, 0xfc, 0xff, 0xf3, 0x08, 0xff, 0xff,
    0xff, 0xf8, 0x7f, 0xff, 0x30, 0x03, 0xae, 0xfe,
    0xb4, 0x07, 0xff, 0xf3,

    /* U+00E2 "â" */
    0x00, 0x00, 0x08, 0xff, 0xf7, 0x00, 0x00, 0x00,
    0x00, 0x06, 0xff, 0xff, 0xf5, 0x00, 0x00, 0x00,
    0x05, 0xff, 0xe3, 0xef, 0xf3, 0x00, 0x00, 0x04,
    0xff, 0xf3, 0x03, 0xff, 0xe2, 0x00, 0x00, 0x78,
    0x84, 0x00, 0x05, 0x88, 0x60, 0x00, 0x00, 0x00,
    0x00, 0x00, 0x00, 0x00, 0x00, 0x00, 0x00, 0x00,
    0x00, 0x00, 0x00, 0x00, 0x00, 0x00, 0x17, 0xce,
    0xfe, 0xc8, 0x10, 0x00, 0x00, 0x6f, 0xff, 0xff,
    0xff, 0xff, 0x50, 0x00, 0x6f, 0xff, 0xff, 0xff,
    0xff, 0xff, 0x40, 0x1f, 0xff, 0xf8, 0x20, 0x19,
    0xff, 0xfc, 0x02, 0x8b, 0xe7, 0x00, 0x00, 0x0c,
    0xff, 0xf1, 0x00, 0x00, 0x00, 0x00, 0x00, 0xaf,
    0xff, 0x20, 0x00, 0x00, 0x00, 0x02, 0x6e, 0xff,
    0xf3, 0x00, 0x05, 0x9c, 0xef, 0xff, 0xff, 0xff,
    0x30, 0x4e, 0xff, 0xff, 0xff, 0xff, 0xff, 0xf3,
    0x3f, 0xff, 0xfe, 0xb8, 0x52, 0x9f, 0xff, 0x3a,
    0xff, 0xf7, 0x00, 0x00, 0x09, 0xff, 0xf3, 0xdf,
    0xfe, 0x00, 0x00, 0x00, 0xbf, 0xff, 0x3d, 0xff,
    0xe0, 0x00, 0x00, 0x2f, 0xff, 0xf3, 0xaf, 0xff,
    0x91, 0x00, 0x5e, 0xff, 0xff, 0x34, 0xff, 0xff,
    0xfe, 0xff, 0xfc, 0xff, 0xf3, 0x08, 0xff, 0xff,
    0xff, 0xf8, 0x7f, 0xff, 0x30, 0x03, 0xae, 0xfe,
    0xb4, 0x07, 0xff, 0xf3,

    /* U+00E3 "ã" */
    0x00, 0x00, 0x14, 0x10, 0x00, 0x45, 0x10, 0x00,
    0x00, 0x5f, 0xff, 0xb3, 0x2f, 0xf2, 0x00, 0x00,
    0x0e, 0xff, 0xff, 0xff, 0xfe, 0x00, 0x00, 0x03,
    0xff, 0x23, 0xcf, 0xff, 0x40, 0x00, 0x00, 0x15,
    0x40, 0x00, 0x24, 0x10, 0x00, 0x00, 0x00, 0x00,
    0x00, 0x00, 0x00, 0x00, 0x00, 0x00, 0x00, 0x00,
    0x00, 0x00, 0x00, 0x00, 0x00, 0x00, 0x17, 0xce,
    0xfe, 0xc8, 0x10, 0x00, 0x00, 0x6f, 0xff, 0xff,
    0xff, 0xff, 0x50, 0x00, 0x6f, 0xff, 0xff, 0xff,
    0xff, 0xff, 0x40, 0x1f, 0xff, 0xf8, 0x20, 0x19,
    0xff, 0xfc, 0x02, 0x8b, 0xe7, 0x00, 0x00, 0x0c,
    0xff, 0xf1, 0x00, 0x00, 0x00, 0x00, 0x00, 0xaf,
    0xff, 0x20, 0x00, 0x00, 0x00, 0x02, 0x6e, 0xff,
    0xf3, 0x00, 0x05, 0x9c, 0xef, 0xff, 0xff, 0xff,
    0x30, 0x4e, 0xff, 0xff, 0xff, 0xff, 0xff, 0xf3,
    0x3f, 0xff, 0xfe, 0xb8, 0x52, 0x9f, 0xff, 0x3a,
    0xff, 0xf7, 0x00, 0x00, 0x09, 0xff, 0xf3, 0xdf,
    0xfe, 0x00, 0x00, 0x00, 0xbf, 0xff, 0x3d, 0xff,
    0xe0, 0x00, 0x00, 0x2f, 0xff, 0xf3, 0xaf, 0xff,
    0x91, 0x00, 0x5e, 0xff, 0xff, 0x34, 0xff, 0xff,
    0xfe, 0xff, 0xfc, 0xff, 0xf3, 0x08, 0xff, 0xff,
    0xff, 0xf8, 0x7f, 0xff, 0x30, 0x03, 0xae, 0xfe,
    0xb4, 0x07, 0xff, 0xf3,

    /* U+00E4 "ä" */
    0x00, 0x1c, 0xf8, 0x00, 0x08, 0xfc, 0x10, 0x00,
    0x0a, 0xff, 0xf3, 0x04, 0xff, 0xf9, 0x00, 0x00,
    0xaf, 0xff, 0x30, 0x4f, 0xff, 0xa0, 0x00, 0x02,
    0xef, 0xa0, 0x00, 0xaf, 0xd2, 0x00, 0x00, 0x00,
    0x00, 0x00, 0x00, 0x00, 0x00, 0x00, 0x00, 0x00,
    0x00, 0x00, 0x00, 0x00, 0x00, 0x00, 0x00, 0x00,
    0x00, 0x00, 0x00, 0x00, 0x00, 0x00, 0x17, 0xce,
    0xfe, 0xc8, 0x10, 0x00, 0x00, 0x6f, 0xff, 0xff,
    0xff, 0xff, 0x50, 0x00, 0x6f, 0xff, 0xff, 0xff,
    0xff, 0xff, 0x40, 0x1f, 0xff, 0xf8, 0x20, 0x19,
    0xff, 0xfc, 0x02, 0x8b, 0xe7, 0x00, 0x00, 0x0c,
    0xff, 0xf1, 0x00, 0x00, 0x00, 0x00, 0x00, 0xaf,
    0xff, 0x20, 0x00, 0x00, 0x00, 0x02, 0x6e, 0xff,
    0xf3, 0x00, 0x05, 0x9c, 0xef, 0xff, 0xff, 0xff,
    0x30, 0x4e, 0xff, 0xff, 0xff, 0xff, 0xff, 0xf3,
    0x3f, 0xff, 0xfe, 0xb8, 0x52, 0x9f, 0xff, 0x3a,
    0xff, 0xf7, 0x00, 0x00, 0x09, 0xff, 0xf3, 0xdf,
    0xfe, 0x00, 0x00, 0x00, 0xbf, 0xff, 0x3d, 0xff,
    0xe0, 0x00, 0x00, 0x2f, 0xff, 0xf3, 0xaf, 0xff,
    0x91, 0x00, 0x5e, 0xff, 0xff, 0x34, 0xff, 0xff,
    0xfe, 0xff, 0xfc, 0xff, 0xf3, 0x08, 0xff, 0xff,
    0xff, 0xf8, 0x7f, 0xff, 0x30, 0x03, 0xae, 0xfe,
    0xb4, 0x07, 0xff, 0xf3,

    /* U+00E5 "å" */
    0x00, 0x00, 0x06, 0xdf, 0xd6, 0x00, 0x00, 0x00,
    0x00, 0x09, 0xff, 0xff, 0xf8, 0x00, 0x00, 0x00,
    0x02, 0xff, 0x60, 0x6f, 0xf2, 0x00, 0x00, 0x00,
    0x6f, 0xc0, 0x00, 0xdf, 0x60, 0x00, 0x00, 0x06,
    0xfc, 0x00, 0x0d, 0xf6, 0x00, 0x00, 0x00, 0x2f,
    0xf6, 0x06, 0xff, 0x20, 0x00, 0x00, 0x00, 0x9f,
    0xff, 0xff, 0x80, 0x00, 0x00, 0x00, 0x00, 0x6d,
    0xfd, 0x60, 0x00, 0x00, 0x00, 0x00, 0x00, 0x00,
    0x00, 0x00, 0x00, 0x00, 0x00, 0x17, 0xce, 0xfe,
    0xc8, 0x10, 0x00, 0x00, 0x6f, 0xff, 0xff, 0xff,
    0xff, 0x50, 0x00, 0x6f, 0xff, 0xff, 0xff, 0xff,
    0xff, 0x40, 0x1f, 0xff, 0xf8, 0x20, 0x19, 0xff,
    0xfc, 0x02, 0x8b, 0xe7, 0x00, 0x00, 0x0c, 0xff,
    0xf1, 0x00, 0x00, 0x00, 0x00, 0x00, 0xaf, 0xff,
    0x20, 0x00, 0x00, 0x00, 0x02, 0x6e, 0xff, 0xf3,
    0x00, 0x05, 0x9c, 0xef, 0xff, 0xff, 0xff, 0x30,
    0x4e, 0xff, 0xff, 0xff, 0xff, 0xff, 0xf3, 0x3f,
    0xff, 0xfe, 0xb8, 0x52, 0x9f, 0xff, 0x3a, 0xff,
    0xf7, 0x00, 0x00, 0x09, 0xff, 0xf3, 0xdf, 0xfe,
    0x00, 0x00, 0x00, 0xbf, 0xff, 0x3d, 0xff, 0xe0,
    0x00, 0x00, 0x2f, 0xff, 0xf3, 0xaf, 0xff, 0x91,
    0x00, 0x5e, 0xff, 0xff, 0x34, 0xff, 0xff, 0xfe,
    0xff, 0xfc, 0xff, 0xf3, 0x08, 0xff, 0xff, 0xff,
    0xf8, 0x7f, 0xff, 0x30, 0x03, 0xae, 0xfe, 0xb4,
    0x07, 0xff, 0xf3,

    /* U+00E6 "æ" */
    0x00, 0x01, 0x7c, 0xef, 0xeb, 0x60, 0x00, 0x4a,
    0xef, 0xec, 0x71, 0x00, 0x00, 0x00, 0x6f, 0xff,
    0xff, 0xff, 0xfc, 0x1b, 0xff, 0xff, 0xff, 0xff,
    0x40, 0x00, 0x06, 0xff, 0xff, 0xff, 0xff, 0xff,
    0xff, 0xff, 0xff, 0xff, 0xff, 0xf4, 0x00, 0x1f,
    0xff, 0xf9, 0x31, 0x2a, 0xff, 0xff, 0xfb, 0x41,
    0x28, 0xff, 0xfe, 0x00, 0x29, 0xcf, 0x70, 0x00,
    0x00, 0xdf, 0xff, 0xa0, 0x00, 0x00, 0x6f, 0xff,
    0x70, 0x00, 0x00, 0x00, 0x00, 0x00, 0xaf, 0xff,
    0x10, 0x00, 0x00, 0x0e, 0xff, 0xc0, 0x00, 0x00,
    0x00, 0x00, 0x00, 0x9f, 0xff, 0x00, 0x00, 0x00,
    0x0a, 0xff, 0xf0, 0x00, 0x05, 0xad, 0xff, 0xff,
    0xff, 0xff, 0xff, 0xff, 0xff, 0xff, 0xff, 0xf1,
    0x03, 0xef, 0xff, 0xff, 0xff, 0xff, 0xff, 0xff,
    0xff, 0xff, 0xff, 0xff, 0xf2, 0x2f, 0xff, 0xff,
    0xba, 0xaa, 0xff, 0xff, 0xaa, 0xaa, 0xaa, 0xaa,
    0xaa, 0xa1, 0x9f, 0xff, 0x80, 0x00, 0x00, 0x9f,
    0xfe, 0x00, 0x00, 0x00, 0x00, 0x00, 0x00, 0xdf,
    0xfe, 0x00, 0x00, 0x00, 0xcf, 0xff, 0x20, 0x00,
    0x00, 0x01, 0x00, 0x00, 0xdf, 0xff, 0x00, 0x00,
    0x04, 0xff, 0xff, 0xb0, 0x00, 0x00, 0x1e, 0xfe,
    0x90, 0xbf, 0xff, 0xb3, 0x12, 0x8f, 0xff, 0xff,
    0xfc, 0x41, 0x25, 0xef, 0xff, 0x70, 0x4f, 0xff,
    0xff, 0xff, 0xff, 0xf9, 0xdf, 0xff, 0xff, 0xff,
    0xff, 0xfc, 0x00, 0x08, 0xff, 0xff, 0xff, 0xff,
    0x70, 0x1c, 0xff, 0xff, 0xff, 0xff, 0xb1, 0x00,
    0x00, 0x3a, 0xef, 0xec, 0x82, 0x00, 0x00, 0x5a,
    0xef, 0xfd, 0x94, 0x00, 0x00,

    /* U+00E7 "ç" */
    0x00, 0x00, 0x39, 0xdf, 0xfe, 0xa4, 0x00, 0x00,
    0x00, 0x08, 0xff, 0xff, 0xff, 0xff, 0xc1, 0x00,
    0x00, 0xaf, 0xff, 0xff, 0xff, 0xff, 0xfd, 0x00,
    0x06, 0xff, 0xff, 0x94, 0x37, 0xef, 0xff, 0x80,
    0x0e, 0xff, 0xf6, 0x00, 0x00, 0x2f, 0xff, 0xf0,
    0x4f, 0xff, 0xc0, 0x00, 0x00, 0x08, 0xc8, 0x50,
    0x8f, 0xff, 0x70, 0x00, 0x00, 0x00, 0x00, 0x00,
    0x9f, 0xff, 0x40, 0x00, 0x00, 0x00, 0x00, 0x00,
    0xaf, 0xff, 0x30, 0x00, 0x00, 0x00, 0x00, 0x00,
    0x9f, 0xff, 0x40, 0x00, 0x00, 0x00, 0x00, 0x00,
    0x8f, 0xff, 0x70, 0x00, 0x00, 0x00, 0x00, 0x00,
    0x4f, 0xff, 0xc0, 0x00, 0x00, 0x08, 0xea, 0x71,
    0x0e, 0xff, 0xf6, 0x00, 0x00, 0x2f, 0xff, 0xf0,
    0x06, 0xff, 0xff, 0x94, 0x37, 0xef, 0xff, 0x80,
    0x00, 0xaf, 0xff, 0xff, 0xff, 0xff, 0xfd, 0x00,
    0x00, 0x08, 0xff, 0xff, 0xff, 0xff, 0xb1, 0x00,
    0x00, 0x00, 0x39, 0xdf, 0xfe, 0xa4, 0x00, 0x00,
    0x00, 0x00, 0x00, 0x0e, 0xe0, 0x00, 0x00, 0x00,
    0x00, 0x00, 0x00, 0x0f, 0xff, 0xa1, 0x00, 0x00,
    0x00, 0x00, 0x00, 0x05, 0x6d, 0xf8, 0x00, 0x00,
    0x00, 0x00, 0x00, 0x00, 0x09, 0xfa, 0x00, 0x00,
    0x00, 0x00, 0x00, 0x7b, 0xcf, 0xf7, 0x00, 0x00,
    0x00, 0x00, 0x00, 0xaf, 0xfe, 0x90, 0x00, 0x00,

    /* U+00E8 "è" */
    0x00, 0x01, 0xff, 0xf8, 0x00, 0x00, 0x00, 0x00,
    0x00, 0x00, 0x6f, 0xff, 0x00, 0x00, 0x00, 0x00,
    0x00, 0x00, 0x0c, 0xff, 0x60, 0x00, 0x00, 0x00,
    0x00, 0x00, 0x02, 0xff, 0xd0, 0x00, 0x00, 0x00,
    0x00, 0x00, 0x00, 0x59, 0x92, 0x00, 0x00, 0x00,
    0x00, 0x00, 0x00, 0x00, 0x00, 0x00, 0x00, 0x00,
    0x00, 0x00, 0x00, 0x00, 0x00, 0x00, 0x00, 0x00,
    0x00, 0x00, 0x39, 0xdf, 0xfd, 0x93, 0x00, 0x00,
    0x00, 0x09, 0xff, 0xff, 0xff, 0xff, 0x90, 0x00,
    0x00, 0xaf, 0xff, 0xff, 0xff, 0xff, 0xfa, 0x00,
    0x06, 0xff, 0xfe, 0x62, 0x25, 0xef, 0xff, 0x50,
    0x0e, 0xff, 0xe1, 0x00, 0x00, 0x2f, 0xff, 0xd0,
    0x4f, 0xff, 0x70, 0x00, 0x00, 0x09, 0xff, 0xf1,
    0x8f, 0xff, 0x20, 0x00, 0x00, 0x04, 0xff, 0xf5,
    0x9f, 0xff, 0xff, 0xff, 0xff, 0xff, 0xff, 0xf6,
    0xaf, 0xff, 0xff, 0xff, 0xff, 0xff, 0xff, 0xf7,
    0x9f, 0xff, 0xca, 0xaa, 0xaa, 0xaa, 0xaa, 0xa5,
    0x8f, 0xff, 0x30, 0x00, 0x00, 0x00, 0x00, 0x00,
    0x4f, 0xff, 0x80, 0x00, 0x00, 0x00, 0x00, 0x00,
    0x0e, 0xff, 0xf2, 0x00, 0x00, 0x0a, 0xfb, 0x81,
    0x06, 0xff, 0xfe, 0x72, 0x14, 0xbf, 0xff, 0xd0,
    0x00, 0xbf, 0xff, 0xff, 0xff, 0xff, 0xff, 0x30,
    0x00, 0x09, 0xff, 0xff, 0xff, 0xff, 0xe3, 0x00,
    0x00, 0x00, 0x39, 0xdf, 0xfe, 0xb6, 0x00, 0x00,

    /* U+00E9 "é" */
    0x00, 0x00, 0x00, 0x00, 0xbf, 0xfd, 0x00, 0x00,
    0x00, 0x00, 0x00, 0x02, 0xff, 0xf4, 0x00, 0x00,
    0x00, 0x00, 0x00, 0x09, 0xff, 0x90, 0x00, 0x00,
    0x00, 0x00, 0x00, 0x1f, 0xfe, 0x00, 0x00, 0x00,
    0x00, 0x00, 0x00, 0x39, 0x94, 0x00, 0x00, 0x00,
    0x00, 0x00, 0x00, 0x00, 0x00, 0x00, 0x00, 0x00,
    0x00, 0x00, 0x00, 0x00, 0x00, 0x00, 0x00, 0x00,
    0x00, 0x00, 0x39, 0xdf, 0xfd, 0x93, 0x00, 0x00,
    0x00, 0x09, 0xff, 0xff, 0xff, 0xff, 0x90, 0x00,
    0x00, 0xaf, 0xff, 0xff, 0xff, 0xff, 0xfa, 0x00,
    0x06, 0xff, 0xfe, 0x62, 0x25, 0xef, 0xff, 0x50,
    0x0e, 0xff, 0xe1, 0x00, 0x00, 0x2f, 0xff, 0xd0,
    0x4f, 0xff, 0x70, 0x00, 0x00, 0x09, 0xff, 0xf1,
    0x8f, 0xff, 0x20, 0x00, 0x00, 0x04, 0xff, 0xf5,
    0x9f, 0xff, 0xff, 0xff, 0xff, 0xff, 0xff, 0xf6,
    0xaf, 0xff, 0xff, 0xff, 0xff, 0xff, 0xff, 0xf7,
    0x9f, 0xff, 0xca, 0xaa, 0xaa, 0xaa, 0xaa, 0xa5,
    0x8f, 0xff, 0x30, 0x00, 0x00, 0x00, 0x00, 0x00,
    0x4f, 0xff, 0x80, 0x00, 0x00, 0x00, 0x00, 0x00,
    0x0e, 0xff, 0xf2, 0x00, 0x00, 0x0a, 0xfb, 0x81,
    0x06, 0xff, 0xfe, 0x72, 0x14, 0xbf, 0xff, 0xd0,
    0x00, 0xbf, 0xff, 0xff, 0xff, 0xff, 0xff, 0x30,
    0x00, 0x09, 0xff, 0xff, 0xff, 0xff, 0xe3, 0x00,
    0x00, 0x00, 0x39, 0xdf, 0xfe, 0xb6, 0x00, 0x00,

    /* U+00EA "ê" */
    0x00, 0x00, 0x02, 0xef, 0xfd, 0x10, 0x00, 0x00,
    0x00, 0x00, 0x1d, 0xff, 0xff, 0xc0, 0x00, 0x00,
    0x00, 0x00, 0xdf, 0xf7, 0x9f, 0xfa, 0x00, 0x00,
    0x00, 0x0c, 0xff, 0xa0, 0x0c, 0xff, 0x80, 0x00,
    0x00, 0x38, 0x87, 0x00, 0x01, 0x78, 0x71, 0x00,
    0x00, 0x00, 0x00, 0x00, 0x00, 0x00, 0x00, 0x00,
    0x00, 0x00, 0x00, 0x00, 0x00, 0x00, 0x00, 0x00,
    0x00, 0x00, 0x39, 0xdf, 0xfd, 0x93, 0x00, 0x00,
    0x00, 0x09, 0xff, 0xff, 0xff, 0xff, 0x90, 0x00,
    0x00, 0xaf, 0xff, 0xff, 0xff, 0xff, 0xfa, 0x00,
    0x06, 0xff, 0xfe, 0x62, 0x25, 0xef, 0xff, 0x50,
    0x0e, 0xff, 0xe1, 0x00, 0x00, 0x2f, 0xff, 0xd0,
    0x4f, 0xff, 0x70, 0x00, 0x00, 0x09, 0xff, 0xf1,
    0x8f, 0xff, 0x20, 0x00, 0x00, 0x04, 0xff, 0xf5,
    0x9f, 0xff, 0xff, 0xff, 0xff, 0xff, 0xff, 0xf6,
    0xaf, 0xff, 0xff, 0xff, 0xff, 0xff, 0xff, 0xf7,
    0x9f, 0xff, 0xca, 0xaa, 0xaa, 0xaa, 0xaa, 0xa5,
    0x8f, 0xff, 0x30, 0x00, 0x00, 0x00, 0x00, 0x00,
    0x4f, 0xff, 0x80, 0x00, 0x00, 0x00, 0x00, 0x00,
    0x0e, 0xff, 0xf2, 0x00, 0x00, 0x0a, 0xfb, 0x81,
    0x06, 0xff, 0xfe, 0x72, 0x14, 0xbf, 0xff, 0xd0,
    0x00, 0xbf, 0xff, 0xff, 0xff, 0xff, 0xff, 0x30,
    0x00, 0x09, 0xff, 0xff, 0xff, 0xff, 0xe3, 0x00,
    0x00, 0x00, 0x39, 0xdf, 0xfe, 0xb6, 0x00, 0x00,

    /* U+00EB "ë" */
    0x00, 0x07, 0xfc, 0x20, 0x03, 0xde, 0x60, 0x00,
    0x00, 0x2f, 0xff, 0xa0, 0x0c, 0xff, 0xf1, 0x00,
    0x00, 0x3f, 0xff, 0xb0, 0x0d, 0xff, 0xf1, 0x00,
    0x00, 0x09, 0xfe, 0x30, 0x04, 0xff, 0x70, 0x00,
    0x00, 0x00, 0x00, 0x00, 0x00, 0x00, 0x00, 0x00,
    0x00, 0x00, 0x00, 0x00, 0x00, 0x00, 0x00, 0x00,
    0x00, 0x00, 0x00, 0x00, 0x00, 0x00, 0x00, 0x00,
    0x00, 0x00, 0x39, 0xdf, 0xfd, 0x93, 0x00, 0x00,
    0x00, 0x09, 0xff, 0xff, 0xff, 0xff, 0x90, 0x00,
    0x00, 0xaf, 0xff, 0xff, 0xff, 0xff, 0xfa, 0x00,
    0x06, 0xff, 0xfe, 0x62, 0x25, 0xef, 0xff, 0x50,
    0x0e, 0xff, 0xe1, 0x00, 0x00, 0x2f, 0xff, 0xd0,
    0x4f, 0xff, 0x70, 0x00, 0x00, 0x09, 0xff, 0xf1,
    0x8f, 0xff, 0x20, 0x00, 0x00, 0x04, 0xff, 0xf5,
    0x9f, 0xff, 0xff, 0xff, 0xff, 0xff, 0xff, 0xf6,
    0xaf, 0xff, 0xff, 0xff, 0xff, 0xff, 0xff, 0xf7,
    0x9f, 0xff, 0xca, 0xaa, 0xaa, 0xaa, 0xaa, 0xa5,
    0x8f, 0xff, 0x30, 0x00, 0x00, 0x00, 0x00, 0x00,
    0x4f, 0xff, 0x80, 0x00, 0x00, 0x00, 0x00, 0x00,
    0x0e, 0xff, 0xf2, 0x00, 0x00, 0x0a, 0xfb, 0x81,
    0x06, 0xff, 0xfe, 0x72, 0x14, 0xbf, 0xff, 0xd0,
    0x00, 0xbf, 0xff, 0xff, 0xff, 0xff, 0xff, 0x30,
    0x00, 0x09, 0xff, 0xff, 0xff, 0xff, 0xe3, 0x00,
    0x00, 0x00, 0x39, 0xdf, 0xfe, 0xb6, 0x00, 0x00,

    /* U+00EC "ì" */
    0x19, 0x99, 0x40, 0x00, 0xaf, 0xfc, 0x00, 0x01,
    0xef, 0xf4, 0x00, 0x06, 0xff, 0xb0, 0x00, 0x0b,
    0xff, 0x20, 0x00, 0x00, 0x00, 0x00, 0x00, 0x00,
    0x00, 0x00, 0xff, 0xfd, 0x00, 0x0f, 0xff, 0xd0,
    0x00, 0xff, 0xfd, 0x00, 0x0f, 0xff, 0xd0, 0x00,
    0xff, 0xfd, 0x00, 0x0f, 0xff, 0xd0, 0x00, 0xff,
    0xfd, 0x00, 0x0f, 0xff, 0xd0, 0x00, 0xff, 0xfd,
    0x00, 0x0f, 0xff, 0xd0, 0x00, 0xff, 0xfd, 0x00,
    0x0f, 0xff, 0xd0, 0x00, 0xff, 0xfd, 0x00, 0x0f,
    0xff, 0xd0, 0x00, 0xff, 0xfd, 0x00, 0x0f, 0xff,
    0xd0, 0x00, 0xff, 0xfd,

    /* U+00ED "í" */
    0x00, 0x59, 0x99, 0x00, 0x0e, 0xff, 0x80, 0x06,
    0xff, 0xd0, 0x00, 0xdf, 0xf3, 0x00, 0x4f, 0xf9,
    0x00, 0x00, 0x00, 0x00, 0x00, 0x00, 0x00, 0x00,
    0x0f, 0xff, 0xd0, 0x00, 0xff, 0xfd, 0x00, 0x0f,
    0xff, 0xd0, 0x00, 0xff, 0xfd, 0x00, 0x0f, 0xff,
    0xd0, 0x00, 0xff, 0xfd, 0x00, 0x0f, 0xff, 0xd0,
    0x00, 0xff, 0xfd, 0x00, 0x0f, 0xff, 0xd0, 0x00,
    0xff, 0xfd, 0x00, 0x0f, 0xff, 0xd0, 0x00, 0xff,
    0xfd, 0x00, 0x0f, 0xff, 0xd0, 0x00, 0xff, 0xfd,
    0x00, 0x0f, 0xff, 0xd0, 0x00, 0xff, 0xfd, 0x00,
    0x0f, 0xff, 0xd0, 0x00,

    /* U+00EE "î" */
    0x00, 0x00, 0x68, 0x85, 0x00, 0x00, 0x00, 0x08,
    0xff, 0xff, 0x50, 0x00, 0x00, 0x6f, 0xfc, 0xef,
    0xf4, 0x00, 0x05, 0xff, 0xe1, 0x3f, 0xff, 0x20,
    0x4f, 0xff, 0x30, 0x06, 0xff, 0xe1, 0x00, 0x00,
    0x00, 0x00, 0x00, 0x00, 0x00, 0x00, 0x00, 0x00,
    0x00, 0x00, 0x00, 0x00, 0xff, 0xfd, 0x00, 0x00,
    0x00, 0x00, 0xff, 0xfd, 0x00, 0x00, 0x00, 0x00,
    0xff, 0xfd, 0x00, 0x00, 0x00, 0x00, 0xff, 0xfd,
    0x00, 0x00, 0x00, 0x00, 0xff, 0xfd, 0x00, 0x00,
    0x00, 0x00, 0xff, 0xfd, 0x00, 0x00, 0x00, 0x00,
    0xff, 0xfd, 0x00, 0x00, 0x00, 0x00, 0xff, 0xfd,
    0x00, 0x00, 0x00, 0x00, 0xff, 0xfd, 0x00, 0x00,
    0x00, 0x00, 0xff, 0xfd, 0x00, 0x00, 0x00, 0x00,
    0xff, 0xfd, 0x00, 0x00, 0x00, 0x00, 0xff, 0xfd,
    0x00, 0x00, 0x00, 0x00, 0xff, 0xfd, 0x00, 0x00,
    0x00, 0x00, 0xff, 0xfd, 0x00, 0x00, 0x00, 0x00,
    0xff, 0xfd, 0x00, 0x00, 0x00, 0x00, 0xff, 0xfd,
    0x00, 0x00, 0x00, 0x00, 0xff, 0xfd, 0x00, 0x00,

    /* U+00EF "ï" */
    0x00, 0x00, 0x00, 0x00, 0x00, 0x00, 0x09, 0xfe,
    0x20, 0x04, 0xff, 0x70, 0x3f, 0xff, 0xa0, 0x0d,
    0xff, 0xf1, 0x2f, 0xff, 0xa0, 0x0d, 0xff, 0xf0,
    0x08, 0xfc, 0x20, 0x03, 0xde, 0x60, 0x00, 0x00,
    0x00, 0x00, 0x00, 0x00, 0x00, 0x00, 0x00, 0x00,
    0x00, 0x00, 0x00, 0x00, 0xff, 0xfd, 0x00, 0x00,
    0x00, 0x00, 0xff, 0xfd, 0x00, 0x00, 0x00, 0x00,
    0xff, 0xfd, 0x00, 0x00, 0x00, 0x00, 0xff, 0xfd,
    0x00, 0x00, 0x00, 0x00, 0xff, 0xfd, 0x00, 0x00,
    0x00, 0x00, 0xff, 0xfd, 0x00, 0x00, 0x00, 0x00,
    0xff, 0xfd, 0x00, 0x00, 0x00, 0x00, 0xff, 0xfd,
    0x00, 0x00, 0x00, 0x00, 0xff, 0xfd, 0x00, 0x00,
    0x00, 0x00, 0xff, 0xfd, 0x00, 0x00, 0x00, 0x00,
    0xff, 0xfd, 0x00, 0x00, 0x00, 0x00, 0xff, 0xfd,
    0x00, 0x00, 0x00, 0x00, 0xff, 0xfd, 0x00, 0x00,
    0x00, 0x00, 0xff, 0xfd, 0x00, 0x00, 0x00, 0x00,
    0xff, 0xfd, 0x00, 0x00, 0x00, 0x00, 0xff, 0xfd,
    0x00, 0x00, 0x00, 0x00, 0xff, 0xfd, 0x00, 0x00,

    /* U+00F0 "ð" */
    0x00, 0x00, 0x00, 0x00, 0x00, 0x00, 0x00, 0x00,
    0x00, 0x05, 0xc5, 0x00, 0x00, 0x00, 0x30, 0x00,
    0x00, 0x0a, 0xff, 0xd5, 0x00, 0x6e, 0xc0, 0x00,
    0x00, 0x05, 0xef, 0xff, 0xfe, 0xff, 0xb0, 0x00,
    0x00, 0x00, 0x08, 0xff, 0xff, 0xe4, 0x00, 0x00,
    0x00, 0x00, 0x4d, 0xff, 0xff, 0xe2, 0x00, 0x00,
    0x00, 0x0b, 0xff, 0xd6, 0xdf, 0xfe, 0x10, 0x00,
    0x00, 0x0b, 0xd5, 0x00, 0x1d, 0xff, 0xb0, 0x00,
    0x00, 0x02, 0x00, 0x00, 0x02, 0xff, 0xf6, 0x00,
    0x00, 0x00, 0x8d, 0xff, 0xb4, 0x6f, 0xfe, 0x00,
    0x00, 0x2d, 0xff, 0xff, 0xff, 0x9d, 0xff, 0x60,
    0x01, 0xef, 0xff, 0xeb, 0xbe, 0xfe, 0xff, 0xb0,
    0x09, 0xff, 0xf9, 0x00, 0x01, 0xbf, 0xff, 0xf0,
    0x1f, 0xff, 0xc0, 0x00, 0x00, 0x0e, 0xff, 0xf4,
    0x6f, 0xff, 0x50, 0x00, 0x00, 0x07, 0xff, 0xf5,
    0x9f, 0xff, 0x10, 0x00, 0x00, 0x03, 0xff, 0xf7,
    0xaf, 0xff, 0x00, 0x00, 0x00, 0x01, 0xff, 0xf7,
    0xaf, 0xff, 0x00, 0x00, 0x00, 0x02, 0xff, 0xf6,
    0x8f, 0xff, 0x30, 0x00, 0x00, 0x04, 0xff, 0xf4,
    0x5f, 0xff, 0x80, 0x00, 0x00, 0x09, 0xff, 0xf0,
    0x0f, 0xff, 0xf2, 0x00, 0x00, 0x3f, 0xff, 0xb0,
    0x08, 0xff, 0xfe, 0x62, 0x37, 0xff, 0xff, 0x30,
    0x00, 0xcf, 0xff, 0xff, 0xff, 0xff, 0xf7, 0x00,
    0x00, 0x0a, 0xff, 0xff, 0xff, 0xff, 0x70, 0x00,
    0x00, 0x00, 0x4a, 0xef, 0xfd, 0x92, 0x00, 0x00,

    /* U+00F1 "ñ" */
    0x00, 0x00, 0x23, 0x00, 0x01, 0x54, 0x00, 0x00,
    0x00, 0x9f, 0xff, 0x81, 0x7f, 0xd0, 0x00, 0x00,
    0x4f, 0xff, 0xff, 0xff, 0xf9, 0x00, 0x00, 0x08,
    0xfd, 0x16, 0xef, 0xfd, 0x10, 0x00, 0x00, 0x35,
    0x30, 0x00, 0x34, 0x00, 0x00, 0x00, 0x00, 0x00,
    0x00, 0x00, 0x00, 0x00, 0x00, 0x00, 0x00, 0x00,
    0x00, 0x00, 0x00, 0x00, 0x0f, 0xff, 0xa0, 0x19,
    0xdf, 0xeb, 0x50, 0x00, 0xff, 0xfa, 0x2e, 0xff,
    0xff, 0xff, 0x90, 0x0f, 0xff, 0xad, 0xff, 0xff,
    0xff, 0xff, 0x50, 0xff, 0xff, 0xfa, 0x32, 0x5e,
    0xff, 0xfd, 0x0f, 0xff, 0xf9, 0x00, 0x00, 0x2f,
    0xff, 0xf2, 0xff, 0xff, 0x10, 0x00, 0x00, 0xaf,
    0xff, 0x4f, 0xff, 0xe0, 0x00, 0x00, 0x08, 0xff,
    0xf5, 0xff, 0xfd, 0x00, 0x00, 0x00, 0x7f, 0xff,
    0x5f, 0xff, 0xd0, 0x00, 0x00, 0x07, 0xff, 0xf5,
    0xff, 0xfd, 0x00, 0x00, 0x00, 0x7f, 0xff, 0x5f,
    0xff, 0xd0, 0x00, 0x00, 0x07, 0xff, 0xf5, 0xff,
    0xfd, 0x00, 0x00, 0x00, 0x7f, 0xff, 0x5f, 0xff,
    0xd0, 0x00, 0x00, 0x07, 0xff, 0xf5, 0xff, 0xfd,
    0x00, 0x00, 0x00, 0x7f, 0xff, 0x5f, 0xff, 0xd0,
    0x00, 0x00, 0x07, 0xff, 0xf5, 0xff, 0xfd, 0x00,
    0x00, 0x00, 0x7f, 0xff, 0x5f, 0xff, 0xd0, 0x00,
    0x00, 0x07, 0xff, 0xf5,

    /* U+00F2 "ò" */
    0x00, 0x00, 0xdf, 0xfb, 0x00, 0x00, 0x00, 0x00,
    0x00, 0x00, 0x3f, 0xff, 0x20, 0x00, 0x00, 0x00,
    0x00, 0x00, 0x09, 0xff, 0x90, 0x00, 0x00, 0x00,
    0x00, 0x00, 0x00, 0xef, 0xf1, 0x00, 0x00, 0x00,
    0x00, 0x00, 0x00, 0x49, 0x93, 0x00, 0x00, 0x00,
    0x00, 0x00, 0x00, 0x00, 0x00, 0x00, 0x00, 0x00,
    0x00, 0x00, 0x00, 0x00, 0x00, 0x00, 0x00, 0x00,
    0x00, 0x00, 0x39, 0xdf, 0xfe, 0xa5, 0x00, 0x00,
    0x00, 0x08, 0xff, 0xff, 0xff, 0xff, 0xb1, 0x00,
    0x00, 0xaf, 0xff, 0xff, 0xff, 0xff, 0xfd, 0x10,
    0x06, 0xff, 0xff, 0x94, 0x37, 0xef, 0xff, 0xa0,
    0x0e, 0xff, 0xf5, 0x00, 0x00, 0x2f, 0xff, 0xf2,
    0x4f, 0xff, 0xc0, 0x00, 0x00, 0x07, 0xff, 0xf8,
    0x8f, 0xff, 0x60, 0x00, 0x00, 0x02, 0xff, 0xfc,
    0x9f, 0xff, 0x40, 0x00, 0x00, 0x00, 0xff, 0xfd,
    0xaf, 0xff, 0x30, 0x00, 0x00, 0x00, 0xef, 0xff,
    0x9f, 0xff, 0x40, 0x00, 0x00, 0x00, 0xff, 0xfd,
    0x8f, 0xff, 0x60, 0x00, 0x00, 0x02, 0xff, 0xfc,
    0x4f, 0xff, 0xc0, 0x00, 0x00, 0x07, 0xff, 0xf8,
    0x0e, 0xff, 0xf5, 0x00, 0x00, 0x2f, 0xff, 0xf2,
    0x06, 0xff, 0xff, 0x94, 0x37, 0xef, 0xff, 0xa0,
    0x00, 0xaf, 0xff, 0xff, 0xff, 0xff, 0xfd, 0x10,
    0x00, 0x08, 0xff, 0xff, 0xff, 0xff, 0xb1, 0x00,
    0x00, 0x00, 0x39, 0xdf, 0xfe, 0xa5, 0x00, 0x00,

    /* U+00F3 "ó" */
    0x00, 0x00, 0x00, 0x00, 0x8f, 0xff, 0x20, 0x00,
    0x00, 0x00, 0x00, 0x00, 0xef, 0xf6, 0x00, 0x00,
    0x00, 0x00, 0x00, 0x06, 0xff, 0xc0, 0x00, 0x00,
    0x00, 0x00, 0x00, 0x0d, 0xff, 0x20, 0x00, 0x00,
    0x00, 0x00, 0x00, 0x19, 0x95, 0x00, 0x00, 0x00,
    0x00, 0x00, 0x00, 0x00, 0x00, 0x00, 0x00, 0x00,
    0x00, 0x00, 0x00, 0x00, 0x00, 0x00, 0x00, 0x00,
    0x00, 0x00, 0x39, 0xdf, 0xfe, 0xa5, 0x00, 0x00,
    0x00, 0x08, 0xff, 0xff, 0xff, 0xff, 0xb1, 0x00,
    0x00, 0xaf, 0xff, 0xff, 0xff, 0xff, 0xfd, 0x10,
    0x06, 0xff, 0xff, 0x94, 0x37, 0xef, 0xff, 0xa0,
    0x0e, 0xff, 0xf5, 0x00, 0x00, 0x2f, 0xff, 0xf2,
    0x4f, 0xff, 0xc0, 0x00, 0x00, 0x07, 0xff, 0xf8,
    0x8f, 0xff, 0x60, 0x00, 0x00, 0x02, 0xff, 0xfc,
    0x9f, 0xff, 0x40, 0x00, 0x00, 0x00, 0xff, 0xfd,
    0xaf, 0xff, 0x30, 0x00, 0x00, 0x00, 0xef, 0xff,
    0x9f, 0xff, 0x40, 0x00, 0x00, 0x00, 0xff, 0xfd,
    0x8f, 0xff, 0x60, 0x00, 0x00, 0x02, 0xff, 0xfc,
    0x4f, 0xff, 0xc0, 0x00, 0x00, 0x07, 0xff, 0xf8,
    0x0e, 0xff, 0xf5, 0x00, 0x00, 0x2f, 0xff, 0xf2,
    0x06, 0xff, 0xff, 0x94, 0x37, 0xef, 0xff, 0xa0,
    0x00, 0xaf, 0xff, 0xff, 0xff, 0xff, 0xfd, 0x10,
    0x00, 0x08, 0xff, 0xff, 0xff, 0xff, 0xb1, 0x00,
    0x00, 0x00, 0x39, 0xdf, 0xfe, 0xa5, 0x00, 0x00,

    /* U+00F4 "ô" */
    0x00, 0x00, 0x00, 0xcf, 0xff, 0x20, 0x00, 0x00,
    0x00, 0x00, 0x0b, 0xff, 0xff, 0xe1, 0x00, 0x00,
    0x00, 0x00, 0xaf, 0xfa, 0x6f, 0xfd, 0x00, 0x00,
    0x00, 0x09, 0xff, 0xc0, 0x09, 0xff, 0xb0, 0x00,
    0x00, 0x18, 0x88, 0x10, 0x00, 0x78, 0x83, 0x00,
    0x00, 0x00, 0x00, 0x00, 0x00, 0x00, 0x00, 0x00,
    0x00, 0x00, 0x00, 0x00, 0x00, 0x00, 0x00, 0x00,
    0x00, 0x00, 0x39, 0xdf, 0xfe, 0xa5, 0x00, 0x00,
    0x00, 0x08, 0xff, 0xff, 0xff, 0xff, 0xb1, 0x00,
    0x00, 0xaf, 0xff, 0xff, 0xff, 0xff, 0xfd, 0x10,
    0x06, 0xff, 0xff, 0x94, 0x37, 0xef, 0xff, 0xa0,
    0x0e, 0xff, 0xf5, 0x00, 0x00, 0x2f, 0xff, 0xf2,
    0x4f, 0xff, 0xc0, 0x00, 0x00, 0x07, 0xff, 0xf8,
    0x8f, 0xff, 0x60, 0x00, 0x00, 0x02, 0xff, 0xfc,
    0x9f, 0xff, 0x40, 0x00, 0x00, 0x00, 0xff, 0xfd,
    0xaf, 0xff, 0x30, 0x00, 0x00, 0x00, 0xef, 0xff,
    0x9f, 0xff, 0x40, 0x00, 0x00, 0x00, 0xff, 0xfd,
    0x8f, 0xff, 0x60, 0x00, 0x00, 0x02, 0xff, 0xfc,
    0x4f, 0xff, 0xc0, 0x00, 0x00, 0x07, 0xff, 0xf8,
    0x0e, 0xff, 0xf5, 0x00, 0x00, 0x2f, 0xff, 0xf2,
    0x06, 0xff, 0xff, 0x94, 0x37, 0xef, 0xff, 0xa0,
    0x00, 0xaf, 0xff, 0xff, 0xff, 0xff, 0xfd, 0x10,
    0x00, 0x08, 0xff, 0xff, 0xff, 0xff, 0xb1, 0x00,
    0x00, 0x00, 0x39, 0xdf, 0xfe, 0xa5, 0x00, 0x00,

    /* U+00F5 "õ" */
    0x00, 0x00, 0x02, 0x30, 0x00, 0x15, 0x40, 0x00,
    0x00, 0x00, 0xaf, 0xff, 0x81, 0x7f, 0xd0, 0x00,
    0x00, 0x04, 0xff, 0xff, 0xff, 0xff, 0x90, 0x00,
    0x00, 0x09, 0xfc, 0x16, 0xef, 0xfd, 0x10, 0x00,
    0x00, 0x03, 0x53, 0x00, 0x03, 0x30, 0x00, 0x00,
    0x00, 0x00, 0x00, 0x00, 0x00, 0x00, 0x00, 0x00,
    0x00, 0x00, 0x00, 0x00, 0x00, 0x00, 0x00, 0x00,
    0x00, 0x00, 0x39, 0xdf, 0xfe, 0xa5, 0x00, 0x00,
    0x00, 0x08, 0xff, 0xff, 0xff, 0xff, 0xb1, 0x00,
    0x00, 0xaf, 0xff, 0xff, 0xff, 0xff, 0xfd, 0x10,
    0x06, 0xff, 0xff, 0x94, 0x37, 0xef, 0xff, 0xa0,
    0x0e, 0xff, 0xf5, 0x00, 0x00, 0x2f, 0xff, 0xf2,
    0x4f, 0xff, 0xc0, 0x00, 0x00, 0x07, 0xff, 0xf8,
    0x8f, 0xff, 0x60, 0x00, 0x00, 0x02, 0xff, 0xfc,
    0x9f, 0xff, 0x40, 0x00, 0x00, 0x00, 0xff, 0xfd,
    0xaf, 0xff, 0x30, 0x00, 0x00, 0x00, 0xef, 0xff,
    0x9f, 0xff, 0x40, 0x00, 0x00, 0x00, 0xff, 0xfd,
    0x8f, 0xff, 0x60, 0x00, 0x00, 0x02, 0xff, 0xfc,
    0x4f, 0xff, 0xc0, 0x00, 0x00, 0x07, 0xff, 0xf8,
    0x0e, 0xff, 0xf5, 0x00, 0x00, 0x2f, 0xff, 0xf2,
    0x06, 0xff, 0xff, 0x94, 0x37, 0xef, 0xff, 0xa0,
    0x00, 0xaf, 0xff, 0xff, 0xff, 0xff, 0xfd, 0x10,
    0x00, 0x08, 0xff, 0xff, 0xff, 0xff, 0xb1, 0x00,
    0x00, 0x00, 0x39, 0xdf, 0xfe, 0xa5, 0x00, 0x00,

    /* U+00F6 "ö" */
    0x00, 0x05, 0xed, 0x30, 0x01, 0xcf, 0x80, 0x00,
    0x00, 0x0f, 0xff, 0xd0, 0x09, 0xff, 0xf3, 0x00,
    0x00, 0x0f, 0xff, 0xe0, 0x0a, 0xff, 0xf4, 0x00,
    0x00, 0x07, 0xff, 0x50, 0x02, 0xef, 0xa0, 0x00,
    0x00, 0x00, 0x00, 0x00, 0x00, 0x00, 0x00, 0x00,
    0x00, 0x00, 0x00, 0x00, 0x00, 0x00, 0x00, 0x00,
    0x00, 0x00, 0x00, 0x00, 0x00, 0x00, 0x00, 0x00,
    0x00, 0x00, 0x39, 0xdf, 0xfe, 0xa5, 0x00, 0x00,
    0x00, 0x08, 0xff, 0xff, 0xff, 0xff, 0xb1, 0x00,
    0x00, 0xaf, 0xff, 0xff, 0xff, 0xff, 0xfd, 0x10,
    0x06, 0xff, 0xff, 0x94, 0x37, 0xef, 0xff, 0xa0,
    0x0e, 0xff, 0xf5, 0x00, 0x00, 0x2f, 0xff, 0xf2,
    0x4f, 0xff, 0xc0, 0x00, 0x00, 0x07, 0xff, 0xf8,
    0x8f, 0xff, 0x60, 0x00, 0x00, 0x02, 0xff, 0xfc,
    0x9f, 0xff, 0x40, 0x00, 0x00, 0x00, 0xff, 0xfd,
    0xaf, 0xff, 0x30, 0x00, 0x00, 0x00, 0xef, 0xff,
    0x9f, 0xff, 0x40, 0x00, 0x00, 0x00, 0xff, 0xfd,
    0x8f, 0xff, 0x60, 0x00, 0x00, 0x02, 0xff, 0xfc,
    0x4f, 0xff, 0xc0, 0x00, 0x00, 0x07, 0xff, 0xf8,
    0x0e, 0xff, 0xf5, 0x00, 0x00, 0x2f, 0xff, 0xf2,
    0x06, 0xff, 0xff, 0x94, 0x37, 0xef, 0xff, 0xa0,
    0x00, 0xaf, 0xff, 0xff, 0xff, 0xff, 0xfd, 0x10,
    0x00, 0x08, 0xff, 0xff, 0xff, 0xff, 0xb1, 0x00,
    0x00, 0x00, 0x39, 0xdf, 0xfe, 0xa5, 0x00, 0x00,

    /* U+00F7 "÷" */
    0x00, 0x00, 0x00, 0x4d, 0xe6, 0x00, 0x00, 0x00,
    0x00, 0x00, 0x01, 0xff, 0xff, 0x30, 0x00, 0x00,
    0x00, 0x00, 0x02, 0xff, 0xff, 0x50, 0x00, 0x00,
    0x00, 0x00, 0x00, 0xef, 0xff, 0x10, 0x00, 0x00,
    0x00, 0x00, 0x00, 0x2a, 0xb3, 0x00, 0x00, 0x00,
    0x00, 0x00, 0x00, 0x00, 0x00, 0x00, 0x00, 0x00,
    0x04, 0x44, 0x44, 0x44, 0x44, 0x44, 0x44, 0x41,
    0x2f, 0xff, 0xff, 0xff, 0xff, 0xff, 0xff, 0xf5,
    0x2f, 0xff, 0xff, 0xff, 0xff, 0xff, 0xff, 0xf5,
    0x2f, 0xff, 0xff, 0xff, 0xff, 0xff, 0xff, 0xf5,
    0x00, 0x00, 0x00, 0x00, 0x00, 0x00, 0x00, 0x00,
    0x00, 0x00, 0x00, 0x00, 0x00, 0x00, 0x00, 0x00,
    0x00, 0x00, 0x00, 0x5e, 0xe6, 0x00, 0x00, 0x00,
    0x00, 0x00, 0x01, 0xff, 0xff, 0x30, 0x00, 0x00,
    0x00, 0x00, 0x02, 0xff, 0xff, 0x50, 0x00, 0x00,
    0x00, 0x00, 0x00, 0xef, 0xff, 0x10, 0x00, 0x00,
    0x00, 0x00, 0x00, 0x2a, 0xa3, 0x00, 0x00, 0x00,

    /* U+00F8 "ø" */
    0x00, 0x00, 0x00, 0x00, 0x00, 0x00, 0x00, 0x30,
    0x00, 0x00, 0x03, 0x9d, 0xff, 0xea, 0x50, 0x5f,
    0x90, 0x00, 0x08, 0xff, 0xff, 0xff, 0xff, 0xff,
    0xf8, 0x00, 0x0a, 0xff, 0xff, 0xff, 0xff, 0xff,
    0xfb, 0x00, 0x06, 0xff, 0xff, 0x94, 0x37, 0xff,
    0xff, 0xa0, 0x00, 0xef, 0xff, 0x50, 0x00, 0x0e,
    0xff, 0xff, 0x20, 0x4f, 0xff, 0xc0, 0x00, 0x09,
    0xff, 0xff, 0xf8, 0x08, 0xff, 0xf6, 0x00, 0x07,
    0xff, 0x7f, 0xff, 0xc0, 0x9f, 0xff, 0x40, 0x04,
    0xff, 0x60, 0xff, 0xfd, 0x0a, 0xff, 0xf3, 0x03,
    0xff, 0x80, 0x0e, 0xff, 0xf0, 0x9f, 0xff, 0x41,
    0xef, 0xb0, 0x00, 0xff, 0xfd, 0x08, 0xff, 0xf7,
    0xcf, 0xd0, 0x00, 0x2f, 0xff, 0xc0, 0x4f, 0xff,
    0xff, 0xe1, 0x00, 0x07, 0xff, 0xf8, 0x00, 0xef,
    0xff, 0xf3, 0x00, 0x02, 0xff, 0xff, 0x20, 0x06,
    0xff, 0xff, 0x94, 0x37, 0xef, 0xff, 0xa0, 0x00,
    0x4f, 0xff, 0xff, 0xff, 0xff, 0xff, 0xd1, 0x00,
    0x2f, 0xff, 0xff, 0xff, 0xff, 0xff, 0xb1, 0x00,
    0x07, 0xfb, 0x03, 0x9d, 0xff, 0xea, 0x50, 0x00,
    0x00, 0x06, 0x10, 0x00, 0x00, 0x00, 0x00, 0x00,
    0x00, 0x00,

    /* U+00F9 "ù" */
    0x00, 0x08, 0x99, 0x60, 0x00, 0x00, 0x00, 0x00,
    0x00, 0x6f, 0xff, 0x10, 0x00, 0x00, 0x00, 0x00,
    0x00, 0xcf, 0xf8, 0x00, 0x00, 0x00, 0x00, 0x00,
    0x02, 0xff, 0xe0, 0x00, 0x00, 0x00, 0x00, 0x00,
    0x07, 0xff, 0x60, 0x00, 0x00, 0x00, 0x00, 0x00,
    0x00, 0x00, 0x00, 0x00, 0x00, 0x00, 0x00, 0x00,
    0x00, 0x00, 0x00, 0x00, 0x0f, 0xff, 0xd0, 0x00,
    0x00, 0x07, 0xff, 0xf5, 0xff, 0xfd, 0x00, 0x00,
    0x00, 0x7f, 0xff, 0x5f, 0xff, 0xd0, 0x00, 0x00,
    0x07, 0xff, 0xf5, 0xff, 0xfd, 0x00, 0x00, 0x00,
    0x7f, 0xff, 0x5f, 0xff, 0xd0, 0x00, 0x00, 0x07,
    0xff, 0xf5, 0xff, 0xfd, 0x00, 0x00, 0x00, 0x7f,
    0xff, 0x5f, 0xff, 0xd0, 0x00, 0x00, 0x07, 0xff,
    0xf5, 0xff, 0xfd, 0x00, 0x00, 0x00, 0x7f, 0xff,
    0x5f, 0xff, 0xd0, 0x00, 0x00, 0x07, 0xff, 0xf5,
    0xff, 0xfd, 0x00, 0x00, 0x00, 0x7f, 0xff, 0x5f,
    0xff, 0xe0, 0x00, 0x00, 0x08, 0xff, 0xf5, 0xef,
    0xff, 0x10, 0x00, 0x00, 0xcf, 0xff, 0x5c, 0xff,
    0xf9, 0x00, 0x00, 0x5f, 0xff, 0xf5, 0x8f, 0xff,
    0xfb, 0x65, 0xaf, 0xff, 0xff, 0x51, 0xef, 0xff,
    0xff, 0xff, 0xf7, 0xff, 0xf5, 0x04, 0xff, 0xff,
    0xff, 0xf6, 0x4f, 0xff, 0x50, 0x02, 0x9d, 0xfe,
    0xa3, 0x04, 0xff, 0xf5,

    /* U+00FA "ú" */
    0x00, 0x00, 0x00, 0x03, 0x99, 0x92, 0x00, 0x00,
    0x00, 0x00, 0x00, 0xbf, 0xfc, 0x00, 0x00, 0x00,
    0x00, 0x00, 0x2f, 0xff, 0x20, 0x00, 0x00, 0x00,
    0x00, 0x09, 0xff, 0x70, 0x00, 0x00, 0x00, 0x00,
    0x01, 0xff, 0xc0, 0x00, 0x00, 0x00, 0x00, 0x00,
    0x00, 0x00, 0x00, 0x00, 0x00, 0x00, 0x00, 0x00,
    0x00, 0x00, 0x00, 0x00, 0x0f, 0xff, 0xd0, 0x00,
    0x00, 0x07, 0xff, 0xf5, 0xff, 0xfd, 0x00, 0x00,
    0x00, 0x7f, 0xff, 0x5f, 0xff, 0xd0, 0x00, 0x00,
    0x07, 0xff, 0xf5, 0xff, 0xfd, 0x00, 0x00, 0x00,
    0x7f, 0xff, 0x5f, 0xff, 0xd0, 0x00, 0x00, 0x07,
    0xff, 0xf5, 0xff, 0xfd, 0x00, 0x00, 0x00, 0x7f,
    0xff, 0x5f, 0xff, 0xd0, 0x00, 0x00, 0x07, 0xff,
    0xf5, 0xff, 0xfd, 0x00, 0x00, 0x00, 0x7f, 0xff,
    0x5f, 0xff, 0xd0, 0x00, 0x00, 0x07, 0xff, 0xf5,
    0xff, 0xfd, 0x00, 0x00, 0x00, 0x7f, 0xff, 0x5f,
    0xff, 0xe0, 0x00, 0x00, 0x08, 0xff, 0xf5, 0xef,
    0xff, 0x10, 0x00, 0x00, 0xcf, 0xff, 0x5c, 0xff,
    0xf9, 0x00, 0x00, 0x5f, 0xff, 0xf5, 0x8f, 0xff,
    0xfb, 0x65, 0xaf, 0xff, 0xff, 0x51, 0xef, 0xff,
    0xff, 0xff, 0xf7, 0xff, 0xf5, 0x04, 0xff, 0xff,
    0xff, 0xf6, 0x4f, 0xff, 0x50, 0x02, 0x9d, 0xfe,
    0xa3, 0x04, 0xff, 0xf5,

    /* U+00FB "û" */
    0x00, 0x00, 0x04, 0x88, 0x70, 0x00, 0x00, 0x00,
    0x00, 0x06, 0xff, 0xff, 0xa0, 0x00, 0x00, 0x00,
    0x06, 0xff, 0xd8, 0xff, 0xa0, 0x00, 0x00, 0x06,
    0xff, 0xe1, 0x0a, 0xff, 0xa0, 0x00, 0x01, 0x78,
    0x82, 0x00, 0x07, 0x88, 0x30, 0x00, 0x00, 0x00,
    0x00, 0x00, 0x00, 0x00, 0x00, 0x00, 0x00, 0x00,
    0x00, 0x00, 0x00, 0x00, 0x0f, 0xff, 0xd0, 0x00,
    0x00, 0x07, 0xff, 0xf5, 0xff, 0xfd, 0x00, 0x00,
    0x00, 0x7f, 0xff, 0x5f, 0xff, 0xd0, 0x00, 0x00,
    0x07, 0xff, 0xf5, 0xff, 0xfd, 0x00, 0x00, 0x00,
    0x7f, 0xff, 0x5f, 0xff, 0xd0, 0x00, 0x00, 0x07,
    0xff, 0xf5, 0xff, 0xfd, 0x00, 0x00, 0x00, 0x7f,
    0xff, 0x5f, 0xff, 0xd0, 0x00, 0x00, 0x07, 0xff,
    0xf5, 0xff, 0xfd, 0x00, 0x00, 0x00, 0x7f, 0xff,
    0x5f, 0xff, 0xd0, 0x00, 0x00, 0x07, 0xff, 0xf5,
    0xff, 0xfd, 0x00, 0x00, 0x00, 0x7f, 0xff, 0x5f,
    0xff, 0xe0, 0x00, 0x00, 0x08, 0xff, 0xf5, 0xef,
    0xff, 0x10, 0x00, 0x00, 0xcf, 0xff, 0x5c, 0xff,
    0xf9, 0x00, 0x00, 0x5f, 0xff, 0xf5, 0x8f, 0xff,
    0xfb, 0x65, 0xaf, 0xff, 0xff, 0x51, 0xef, 0xff,
    0xff, 0xff, 0xf7, 0xff, 0xf5, 0x04, 0xff, 0xff,
    0xff, 0xf6, 0x4f, 0xff, 0x50, 0x02, 0x9d, 0xfe,
    0xa3, 0x04, 0xff, 0xf5,

    /* U+00FC "ü" */
    0x00, 0x4e, 0xe4, 0x00, 0x1b, 0xf9, 0x00, 0x00,
    0x0e, 0xff, 0xe0, 0x08, 0xff, 0xf4, 0x00, 0x00,
    0xff, 0xfe, 0x00, 0x9f, 0xff, 0x50, 0x00, 0x06,
    0xff, 0x60, 0x02, 0xdf, 0xb0, 0x00, 0x00, 0x00,
    0x00, 0x00, 0x00, 0x00, 0x00, 0x00, 0x00, 0x00,
    0x00, 0x00, 0x00, 0x00, 0x00, 0x00, 0x00, 0x00,
    0x00, 0x00, 0x00, 0x00, 0x0f, 0xff, 0xd0, 0x00,
    0x00, 0x07, 0xff, 0xf5, 0xff, 0xfd, 0x00, 0x00,
    0x00, 0x7f, 0xff, 0x5f, 0xff, 0xd0, 0x00, 0x00,
    0x07, 0xff, 0xf5, 0xff, 0xfd, 0x00, 0x00, 0x00,
    0x7f, 0xff, 0x5f, 0xff, 0xd0, 0x00, 0x00, 0x07,
    0xff, 0xf5, 0xff, 0xfd, 0x00, 0x00, 0x00, 0x7f,
    0xff, 0x5f, 0xff, 0xd0, 0x00, 0x00, 0x07, 0xff,
    0xf5, 0xff, 0xfd, 0x00, 0x00, 0x00, 0x7f, 0xff,
    0x5f, 0xff, 0xd0, 0x00, 0x00, 0x07, 0xff, 0xf5,
    0xff, 0xfd, 0x00, 0x00, 0x00, 0x7f, 0xff, 0x5f,
    0xff, 0xe0, 0x00, 0x00, 0x08, 0xff, 0xf5, 0xef,
    0xff, 0x10, 0x00, 0x00, 0xcf, 0xff, 0x5c, 0xff,
    0xf9, 0x00, 0x00, 0x5f, 0xff, 0xf5, 0x8f, 0xff,
    0xfb, 0x65, 0xaf, 0xff, 0xff, 0x51, 0xef, 0xff,
    0xff, 0xff, 0xf7, 0xff, 0xf5, 0x04, 0xff, 0xff,
    0xff, 0xf6, 0x4f, 0xff, 0x50, 0x02, 0x9d, 0xfe,
    0xa3, 0x04, 0xff, 0xf5,

    /* U+00FD "ý" */
    0x00, 0x00, 0x00, 0x00, 0x0c, 0xff, 0xc0, 0x00,
    0x00, 0x00, 0x00, 0x00, 0x00, 0x3f, 0xff, 0x30,
    0x00, 0x00, 0x00, 0x00, 0x00, 0x00, 0xaf, 0xf8,
    0x00, 0x00, 0x00, 0x00, 0x00, 0x00, 0x01, 0xff,
    0xd0, 0x00, 0x00, 0x00, 0x00, 0x00, 0x00, 0x04,
    0x99, 0x30, 0x00, 0x00, 0x00, 0x00, 0x00, 0x00,
    0x00, 0x00, 0x00, 0x00, 0x00, 0x00, 0x00, 0x00,
    0x00, 0x00, 0x00, 0x00, 0x00, 0x00, 0x00, 0x3f,
    0xff, 0xc0, 0x00, 0x00, 0x00, 0x2f, 0xff, 0xe0,
    0x0d, 0xff, 0xf2, 0x00, 0x00, 0x00, 0x7f, 0xff,
    0x80, 0x08, 0xff, 0xf7, 0x00, 0x00, 0x00, 0xcf,
    0xff, 0x20, 0x02, 0xff, 0xfc, 0x00, 0x00, 0x02,
    0xff, 0xfc, 0x00, 0x00, 0xcf, 0xff, 0x10, 0x00,
    0x07, 0xff, 0xf6, 0x00, 0x00, 0x6f, 0xff, 0x70,
    0x00, 0x0d, 0xff, 0xf0, 0x00, 0x00, 0x0f, 0xff,
    0xc0, 0x00, 0x2f, 0xff, 0xa0, 0x00, 0x00, 0x0a,
    0xff, 0xf1, 0x00, 0x8f, 0xff, 0x40, 0x00, 0x00,
    0x04, 0xff, 0xf7, 0x00, 0xdf, 0xfe, 0x00, 0x00,
    0x00, 0x00, 0xef, 0xfb, 0x02, 0xff, 0xf8, 0x00,
    0x00, 0x00, 0x00, 0x8f, 0xff, 0x07, 0xff, 0xf2,
    0x00, 0x00, 0x00, 0x00, 0x2f, 0xff, 0x4c, 0xff,
    0xc0, 0x00, 0x00, 0x00, 0x00, 0x0c, 0xff, 0x9f,
    0xff, 0x60, 0x00, 0x00, 0x00, 0x00, 0x06, 0xff,
    0xff, 0xff, 0x00, 0x00, 0x00, 0x00, 0x00, 0x01,
    0xff, 0xff, 0xfa, 0x00, 0x00, 0x00, 0x00, 0x00,
    0x00, 0xbf, 0xff, 0xf4, 0x00, 0x00, 0x00, 0x00,
    0x00, 0x00, 0x5f, 0xff, 0xe0, 0x00, 0x00, 0x00,
    0x00, 0x00, 0x00, 0x6f, 0xff, 0x80, 0x00, 0x00,
    0x00, 0x00, 0x00, 0x00, 0xbf, 0xff, 0x20, 0x00,
    0x00, 0x00, 0x00, 0x13, 0x28, 0xff, 0xfb, 0x00,
    0x00, 0x00, 0x00, 0x00, 0x8f, 0xff, 0xff, 0xf3,
    0x00, 0x00, 0x00, 0x00, 0x00, 0xdf, 0xff, 0xff,
    0x60, 0x00, 0x00, 0x00, 0x00, 0x00, 0xce, 0xfe,
    0xa3, 0x00, 0x00, 0x00, 0x00, 0x00,

    /* U+00FE "þ" */
    0xff, 0xfd, 0x00, 0x00, 0x00, 0x00, 0x00, 0x00,
    0xff, 0xfd, 0x00, 0x00, 0x00, 0x00, 0x00, 0x00,
    0xff, 0xfd, 0x00, 0x00, 0x00, 0x00, 0x00, 0x00,
    0xff, 0xfd, 0x00, 0x00, 0x00, 0x00, 0x00, 0x00,
    0xff, 0xfd, 0x00, 0x00, 0x00, 0x00, 0x00, 0x00,
    0xff, 0xfd, 0x01, 0x8d, 0xfe, 0xb4, 0x00, 0x00,
    0xff, 0xfd, 0x1d, 0xff, 0xff, 0xff, 0xa0, 0x00,
    0xff, 0xfd, 0xbf, 0xff, 0xff, 0xff, 0xfa, 0x00,
    0xff, 0xff, 0xfd, 0x63, 0x5b, 0xff, 0xff, 0x40,
    0xff, 0xff, 0xd1, 0x00, 0x00, 0xaf, 0xff, 0xb0,
    0xff, 0xff, 0x50, 0x00, 0x00, 0x1f, 0xff, 0xf1,
    0xff, 0xff, 0x00, 0x00, 0x00, 0x0b, 0xff, 0xf4,
    0xff, 0xfd, 0x00, 0x00, 0x00, 0x08, 0xff, 0xf5,
    0xff, 0xfc, 0x00, 0x00, 0x00, 0x08, 0xff, 0xf6,
    0xff, 0xfd, 0x00, 0x00, 0x00, 0x09, 0xff, 0xf5,
    0xff, 0xff, 0x00, 0x00, 0x00, 0x0b, 0xff, 0xf4,
    0xff, 0xff, 0x50, 0x00, 0x00, 0x1f, 0xff, 0xf1,
    0xff, 0xff, 0xd1, 0x00, 0x00, 0xaf, 0xff, 0xb0,
    0xff, 0xff, 0xfd, 0x64, 0x5c, 0xff, 0xff, 0x40,
    0xff, 0xfd, 0xbf, 0xff, 0xff, 0xff, 0xfa, 0x00,
    0xff, 0xfd, 0x1d, 0xff, 0xff, 0xff, 0xa0, 0x00,
    0xff, 0xfd, 0x01, 0x8d, 0xfe, 0xb4, 0x00, 0x00,
    0xff, 0xfd, 0x00, 0x00, 0x00, 0x00, 0x00, 0x00,
    0xff, 0xfd, 0x00, 0x00, 0x00, 0x00, 0x00, 0x00,
    0xff, 0xfd, 0x00, 0x00, 0x00, 0x00, 0x00, 0x00,
    0xff, 0xfd, 0x00, 0x00, 0x00, 0x00, 0x00, 0x00,
    0xff, 0xfd, 0x00, 0x00, 0x00, 0x00, 0x00, 0x00,
    0xff, 0xfd, 0x00, 0x00, 0x00, 0x00, 0x00, 0x00,

    /* U+00FF "ÿ" */
    0x00, 0x00, 0x8f, 0xc1, 0x00, 0x4d, 0xe5, 0x00,
    0x00, 0x00, 0x03, 0xff, 0xf9, 0x00, 0xef, 0xff,
    0x00, 0x00, 0x00, 0x04, 0xff, 0xf9, 0x00, 0xef,
    0xff, 0x00, 0x00, 0x00, 0x00, 0xaf, 0xd2, 0x00,
    0x5f, 0xf6, 0x00, 0x00, 0x00, 0x00, 0x00, 0x00,
    0x00, 0x00, 0x00, 0x00, 0x00, 0x00, 0x00, 0x00,
    0x00, 0x00, 0x00, 0x00, 0x00, 0x00, 0x00, 0x00,
    0x00, 0x00, 0x00, 0x00, 0x00, 0x00, 0x00, 0x3f,
    0xff, 0xc0, 0x00, 0x00, 0x00, 0x2f, 0xff, 0xe0,
    0x0d, 0xff, 0xf2, 0x00, 0x00, 0x00, 0x7f, 0xff,
    0x80, 0x08, 0xff, 0xf7, 0x00, 0x00, 0x00, 0xcf,
    0xff, 0x20, 0x02, 0xff, 0xfc, 0x00, 0x00, 0x02,
    0xff, 0xfc, 0x00, 0x00, 0xcf, 0xff, 0x10, 0x00,
    0x07, 0xff, 0xf6, 0x00, 0x00, 0x6f, 0xff, 0x70,
    0x00, 0x0d, 0xff, 0xf0, 0x00, 0x00, 0x0f, 0xff,
    0xc0, 0x00, 0x2f, 0xff, 0xa0, 0x00, 0x00, 0x0a,
    0xff, 0xf1, 0x00, 0x8f, 0xff, 0x40, 0x00, 0x00,
    0x04, 0xff, 0xf7, 0x00, 0xdf, 0xfe, 0x00, 0x00,
    0x00, 0x00, 0xef, 0xfb, 0x02, 0xff, 0xf8, 0x00,
    0x00, 0x00, 0x00, 0x8f, 0xff, 0x07, 0xff, 0xf2,
    0x00, 0x00, 0x00, 0x00, 0x2f, 0xff, 0x4c, 0xff,
    0xc0, 0x00, 0x00, 0x00, 0x00, 0x0c, 0xff, 0x9f,
    0xff, 0x60, 0x00, 0x00, 0x00, 0x00, 0x06, 0xff,
    0xff, 0xff, 0x00, 0x00, 0x00, 0x00, 0x00, 0x01,
    0xff, 0xff, 0xfa, 0x00, 0x00, 0x00, 0x00, 0x00,
    0x00, 0xbf, 0xff, 0xf4, 0x00, 0x00, 0x00, 0x00,
    0x00, 0x00, 0x5f, 0xff, 0xe0, 0x00, 0x00, 0x00,
    0x00, 0x00, 0x00, 0x6f, 0xff, 0x80, 0x00, 0x00,
    0x00, 0x00, 0x00, 0x00, 0xbf, 0xff, 0x20, 0x00,
    0x00, 0x00, 0x00, 0x13, 0x28, 0xff, 0xfb, 0x00,
    0x00, 0x00, 0x00, 0x00, 0x8f, 0xff, 0xff, 0xf3,
    0x00, 0x00, 0x00, 0x00, 0x00, 0xdf, 0xff, 0xff,
    0x60, 0x00, 0x00, 0x00, 0x00, 0x00, 0xce, 0xfe,
    0xa3, 0x00, 0x00, 0x00, 0x00, 0x00,

    /* U+0100 "Ā" */
    0x00, 0x00, 0x00, 0x4f, 0xff, 0xff, 0xff, 0xf1,
    0x00, 0x00, 0x00, 0x00, 0x00, 0x00, 0x4f, 0xff,
    0xff, 0xff, 0xf1, 0x00, 0x00, 0x00, 0x00, 0x00,
    0x00, 0x2a, 0xaa, 0xaa, 0xaa, 0xa0, 0x00, 0x00,
    0x00, 0x00, 0x00, 0x00, 0x00, 0x00, 0x00, 0x00,
    0x00, 0x00, 0x00, 0x00, 0x00, 0x00, 0x00, 0x00,
    0x00, 0x00, 0x00, 0x00, 0x00, 0x00, 0x00, 0x00,
    0x00, 0x00, 0x00, 0x00, 0x00, 0x00, 0x00, 0x00,
    0x00, 0x00, 0x00, 0x00, 0x00, 0x00, 0xdf, 0xff,
    0xf7, 0x00, 0x00, 0x00, 0x00, 0x00, 0x00, 0x00,
    0x02, 0xff, 0xff, 0xfd, 0x00, 0x00, 0x00, 0x00,
    0x00, 0x00, 0x00, 0x08, 0xff, 0xff, 0xff, 0x30,
    0x00, 0x00, 0x00, 0x00, 0x00, 0x00, 0x0d, 0xff,
    0xbf, 0xff, 0x80, 0x00, 0x00, 0x00, 0x00, 0x00,
    0x00, 0x3f, 0xff, 0x6c, 0xff, 0xe0, 0x00, 0x00,
    0x00, 0x00, 0x00, 0x00, 0x8f, 0xff, 0x28, 0xff,
    0xf4, 0x00, 0x00, 0x00, 0x00, 0x00, 0x00, 0xef,
    0xfe, 0x04, 0xff, 0xf9, 0x00, 0x00, 0x00, 0x00,
    0x00, 0x04, 0xff, 0xf9, 0x00, 0xff, 0xff, 0x00,
    0x00, 0x00, 0x00, 0x00, 0x09, 0xff, 0xf5, 0x00,
    0xbf, 0xff, 0x50, 0x00, 0x00, 0x00, 0x00, 0x0e,
    0xff, 0xf1, 0x00, 0x6f, 0xff, 0xa0, 0x00, 0x00,
    0x00, 0x00, 0x4f, 0xff, 0xc0, 0x00, 0x1f, 0xff,
    0xf0, 0x00, 0x00, 0x00, 0x00, 0xaf, 0xff, 0x70,
    0x00, 0x0b, 0xff, 0xf6, 0x00, 0x00, 0x00, 0x00,
    0xff, 0xff, 0x20, 0x00, 0x06, 0xff, 0xfb, 0x00,
    0x00, 0x00, 0x05, 0xff, 0xff, 0xff, 0xff, 0xff,
    0xff, 0xff, 0x10, 0x00, 0x00, 0x0a, 0xff, 0xff,
    0xff, 0xff, 0xff, 0xff, 0xff, 0x70, 0x00, 0x00,
    0x0f, 0xff, 0xff, 0xff, 0xff, 0xff, 0xff, 0xff,
    0xc0, 0x00, 0x00, 0x5f, 0xff, 0xf3, 0x33, 0x33,
    0x33, 0x4f, 0xff, 0xf2, 0x00, 0x00, 0xbf, 0xff,
    0x70, 0x00, 0x00, 0x00, 0x0b, 0xff, 0xf8, 0x00,
    0x01, 0xff, 0xff, 0x20, 0x00, 0x00, 0x00, 0x05,
    0xff, 0xfd, 0x00, 0x06, 0xff, 0xfd, 0x00, 0x00,
    0x00, 0x00, 0x00, 0xff, 0xff, 0x30, 0x0b, 0xff,
    0xf8, 0x00, 0x00, 0x00, 0x00, 0x00, 0xbf, 0xff,
    0x90, 0x1f, 0xff, 0xf2, 0x00, 0x00, 0x00, 0x00,
    0x00, 0x5f, 0xff, 0xe0,

    /* U+0101 "ā" */
    0x00, 0x0b, 0xff, 0xff, 0xff, 0xfa, 0x00, 0x00,
    0x00, 0xbf, 0xff, 0xff, 0xff, 0xa0, 0x00, 0x00,
    0x07, 0xaa, 0xaa, 0xaa, 0xa6, 0x00, 0x00, 0x00,
    0x00, 0x00, 0x00, 0x00, 0x00, 0x00, 0x00, 0x00,
    0x00, 0x00, 0x00, 0x00, 0x00, 0x00, 0x00, 0x17,
    0xce, 0xfe, 0xc8, 0x10, 0x00, 0x00, 0x6f, 0xff,
    0xff, 0xff, 0xff, 0x50, 0x00, 0x6f, 0xff, 0xff,
    0xff, 0xff, 0xff, 0x40, 0x1f, 0xff, 0xf8, 0x20,
    0x19, 0xff, 0xfc, 0x02, 0x8b, 0xe7, 0x00, 0x00,
    0x0c, 0xff, 0xf1, 0x00, 0x00, 0x00, 0x00, 0x00,
    0xaf, 0xff, 0x20, 0x00, 0x00, 0x00, 0x02, 0x6e,
    0xff, 0xf3, 0x00, 0x05, 0x9c, 0xef, 0xff, 0xff,
    0xff, 0x30, 0x4e, 0xff, 0xff, 0xff, 0xff, 0xff,
    0xf3, 0x3f, 0xff, 0xfe, 0xb8, 0x52, 0x9f, 0xff,
    0x3a, 0xff, 0xf7, 0x00, 0x00, 0x09, 0xff, 0xf3,
    0xdf, 0xfe, 0x00, 0x00, 0x00, 0xbf, 0xff, 0x3d,
    0xff, 0xe0, 0x00, 0x00, 0x2f, 0xff, 0xf3, 0xaf,
    0xff, 0x91, 0x00, 0x5e, 0xff, 0xff, 0x34, 0xff,
    0xff, 0xfe, 0xff, 0xfc, 0xff, 0xf3, 0x08, 0xff,
    0xff, 0xff, 0xf8, 0x7f, 0xff, 0x30, 0x03, 0xae,
    0xfe, 0xb4, 0x07, 0xff, 0xf3,

    /* U+0102 "Ă" */
    0x00, 0x00, 0x00, 0xdf, 0x90, 0x00, 0x0c, 0xf9,
    0x00, 0x00, 0x00, 0x00, 0x00, 0x00, 0x9f, 0xf6,
    0x01, 0x8f, 0xf5, 0x00, 0x00, 0x00, 0x00, 0x00,
    0x00, 0x1e, 0xff, 0xff, 0xff, 0xb0, 0x00, 0x00,
    0x00, 0x00, 0x00, 0x00, 0x01, 0xbf, 0xff, 0xf9,
    0x00, 0x00, 0x00, 0x00, 0x00, 0x00, 0x00, 0x00,
    0x01, 0x43, 0x10, 0x00, 0x00, 0x00, 0x00, 0x00,
    0x00, 0x00, 0x00, 0x00, 0x00, 0x00, 0x00, 0x00,
    0x00, 0x00, 0x00, 0x00, 0x00, 0x00, 0x00, 0x00,
    0x00, 0x00, 0x00, 0x00, 0x00, 0x00, 0x00, 0x00,
    0x00, 0xdf, 0xff, 0xf7, 0x00, 0x00, 0x00, 0x00,
    0x00, 0x00, 0x00, 0x02, 0xff, 0xff, 0xfd, 0x00,
    0x00, 0x00, 0x00, 0x00, 0x00, 0x00, 0x08, 0xff,
    0xff, 0xff, 0x30, 0x00, 0x00, 0x00, 0x00, 0x00,
    0x00, 0x0d, 0xff, 0xbf, 0xff, 0x80, 0x00, 0x00,
    0x00, 0x00, 0x00, 0x00, 0x3f, 0xff, 0x6c, 0xff,
    0xe0, 0x00, 0x00, 0x00, 0x00, 0x00, 0x00, 0x8f,
    0xff, 0x28, 0xff, 0xf4, 0x00, 0x00, 0x00, 0x00,
    0x00, 0x00, 0xef, 0xfe, 0x04, 0xff, 0xf9, 0x00,
    0x00, 0x00, 0x00, 0x00, 0x04, 0xff, 0xf9, 0x00,
    0xff, 0xff, 0x00, 0x00, 0x00, 0x00, 0x00, 0x09,
    0xff, 0xf5, 0x00, 0xbf, 0xff, 0x50, 0x00, 0x00,
    0x00, 0x00, 0x0e, 0xff, 0xf1, 0x00, 0x6f, 0xff,
    0xa0, 0x00, 0x00, 0x00, 0x00, 0x4f, 0xff, 0xc0,
    0x00, 0x1f, 0xff, 0xf0, 0x00, 0x00, 0x00, 0x00,
    0xaf, 0xff, 0x70, 0x00, 0x0b, 0xff, 0xf6, 0x00,
    0x00, 0x00, 0x00, 0xff, 0xff, 0x20, 0x00, 0x06,
    0xff, 0xfb, 0x00, 0x00, 0x00, 0x05, 0xff, 0xff,
    0xff, 0xff, 0xff, 0xff, 0xff, 0x10, 0x00, 0x00,
    0x0a, 0xff, 0xff, 0xff, 0xff, 0xff, 0xff, 0xff,
    0x70, 0x00, 0x00, 0x0f, 0xff, 0xff, 0xff, 0xff,
    0xff, 0xff, 0xff, 0xc0, 0x00, 0x00, 0x5f, 0xff,
    0xf3, 0x33, 0x33, 0x33, 0x4f, 0xff, 0xf2, 0x00,
    0x00, 0xbf, 0xff, 0x70, 0x00, 0x00, 0x00, 0x0b,
    0xff, 0xf8, 0x00, 0x01, 0xff, 0xff, 0x20, 0x00,
    0x00, 0x00, 0x05, 0xff, 0xfd, 0x00, 0x06, 0xff,
    0xfd, 0x00, 0x00, 0x00, 0x00, 0x00, 0xff, 0xff,
    0x30, 0x0b, 0xff, 0xf8, 0x00, 0x00, 0x00, 0x00,
    0x00, 0xbf, 0xff, 0x90, 0x1f, 0xff, 0xf2, 0x00,
    0x00, 0x00, 0x00, 0x00, 0x5f, 0xff, 0xe0,

    /* U+0103 "ă" */
    0x00, 0x28, 0x80, 0x00, 0x01, 0x88, 0x10, 0x00,
    0x02, 0xff, 0x50, 0x00, 0x6f, 0xf1, 0x00, 0x00,
    0x0c, 0xff, 0x85, 0x8f, 0xfb, 0x00, 0x00, 0x00,
    0x2e, 0xff, 0xff, 0xfe, 0x10, 0x00, 0x00, 0x00,
    0x19, 0xef, 0xe9, 0x10, 0x00, 0x00, 0x00, 0x00,
    0x00, 0x00, 0x00, 0x00, 0x00, 0x00, 0x00, 0x00,
    0x00, 0x00, 0x00, 0x00, 0x00, 0x00, 0x17, 0xce,
    0xfe, 0xc8, 0x10, 0x00, 0x00, 0x6f, 0xff, 0xff,
    0xff, 0xff, 0x50, 0x00, 0x6f, 0xff, 0xff, 0xff,
    0xff, 0xff, 0x40, 0x1f, 0xff, 0xf8, 0x20, 0x19,
    0xff, 0xfc, 0x02, 0x8b, 0xe7, 0x00, 0x00, 0x0c,
    0xff, 0xf1, 0x00, 0x00, 0x00, 0x00, 0x00, 0xaf,
    0xff, 0x20, 0x00, 0x00, 0x00, 0x02, 0x6e, 0xff,
    0xf3, 0x00, 0x05, 0x9c, 0xef, 0xff, 0xff, 0xff,
    0x30, 0x4e, 0xff, 0xff, 0xff, 0xff, 0xff, 0xf3,
    0x3f, 0xff, 0xfe, 0xb8, 0x52, 0x9f, 0xff, 0x3a,
    0xff, 0xf7, 0x00, 0x00, 0x09, 0xff, 0xf3, 0xdf,
    0xfe, 0x00, 0x00, 0x00, 0xbf, 0xff, 0x3d, 0xff,
    0xe0, 0x00, 0x00, 0x2f, 0xff, 0xf3, 0xaf, 0xff,
    0x91, 0x00, 0x5e, 0xff, 0xff, 0x34, 0xff, 0xff,
    0xfe, 0xff, 0xfc, 0xff, 0xf3, 0x08, 0xff, 0xff,
    0xff, 0xf8, 0x7f, 0xff, 0x30, 0x03, 0xae, 0xfe,
    0xb4, 0x07, 0xff, 0xf3,

    /* U+0104 "Ą" */
    0x00, 0x00, 0x00, 0x00, 0xdf, 0xff, 0xf7, 0x00,
    0x00, 0x00, 0x00, 0x00, 0x00, 0x00, 0x02, 0xff,
    0xff, 0xfd, 0x00, 0x00, 0x00, 0x00, 0x00, 0x00,
    0x00, 0x08, 0xff, 0xff, 0xff, 0x30, 0x00, 0x00,
    0x00, 0x00, 0x00, 0x00, 0x0d, 0xff, 0xbf, 0xff,
    0x80, 0x00, 0x00, 0x00, 0x00, 0x00, 0x00, 0x3f,
    0xff, 0x6c, 0xff, 0xe0, 0x00, 0x00, 0x00, 0x00,
    0x00, 0x00, 0x8f, 0xff, 0x28, 0xff, 0xf4, 0x00,
    0x00, 0x00, 0x00, 0x00, 0x00, 0xef, 0xfe, 0x04,
    0xff, 0xf9, 0x00, 0x00, 0x00, 0x00, 0x00, 0x04,
    0xff, 0xf9, 0x00, 0xff, 0xff, 0x00, 0x00, 0x00,
    0x00, 0x00, 0x09, 0xff, 0xf5, 0x00, 0xbf, 0xff,
    0x50, 0x00, 0x00, 0x00, 0x00, 0x0e, 0xff, 0xf1,
    0x00, 0x6f, 0xff, 0xa0, 0x00, 0x00, 0x00, 0x00,
    0x4f, 0xff, 0xc0, 0x00, 0x1f, 0xff, 0xf0, 0x00,
    0x00, 0x00, 0x00, 0xaf, 0xff, 0x70, 0x00, 0x0b,
    0xff, 0xf6, 0x00, 0x00, 0x00, 0x00, 0xff, 0xff,
    0x53, 0x33, 0x39, 0xff, 0xfb, 0x00, 0x00, 0x00,
    0x05, 0xff, 0xff, 0xff, 0xff, 0xff, 0xff, 0xff,
    0x10, 0x00, 0x00, 0x0a, 0xff, 0xff, 0xff, 0xff,
    0xff, 0xff, 0xff, 0x70, 0x00, 0x00, 0x0f, 0xff,
    0xff, 0xff, 0xff, 0xff, 0xff, 0xff, 0xc0, 0x00,
    0x00, 0x5f, 0xff, 0xd0, 0x00, 0x00, 0x00, 0x1f,
    0xff, 0xf2, 0x00, 0x00, 0xbf, 0xff, 0x70, 0x00,
    0x00, 0x00, 0x0b, 0xff, 0xf8, 0x00, 0x01, 0xff,
    0xff, 0x20, 0x00, 0x00, 0x00, 0x05, 0xff, 0xfd,
    0x00, 0x06, 0xff, 0xfd, 0x00, 0x00, 0x00, 0x00,
    0x00, 0xff, 0xff, 0x30, 0x0b, 0xff, 0xf8, 0x00,
    0x00, 0x00, 0x00, 0x00, 0xbf, 0xff, 0x90, 0x1f,
    0xff, 0xf2, 0x00, 0x00, 0x00, 0x00, 0x00, 0x5f,
    0xff, 0xf0, 0x00, 0x00, 0x00, 0x00, 0x00, 0x00,
    0x00, 0x00, 0x8f, 0xfd, 0x30, 0x00, 0x00, 0x00,
    0x00, 0x00, 0x00, 0x00, 0x06, 0xff, 0xe1, 0x00,
    0x00, 0x00, 0x00, 0x00, 0x00, 0x00, 0x00, 0x0d,
    0xff, 0xb0, 0x00, 0x00, 0x00, 0x00, 0x00, 0x00,
    0x00, 0x00, 0x0e, 0xff, 0xfa, 0xb2, 0x00, 0x00,
    0x00, 0x00, 0x00, 0x00, 0x00, 0x08, 0xff, 0xff,
    0xf9, 0x00, 0x00, 0x00, 0x00, 0x00, 0x00, 0x00,
    0x00, 0x6c, 0xfe, 0xc6,

    /* U+0105 "ą" */
    0x00, 0x01, 0x7c, 0xef, 0xec, 0x81, 0x00, 0x00,
    0x00, 0x6f, 0xff, 0xff, 0xff, 0xff, 0x50, 0x00,
    0x06, 0xff, 0xff, 0xff, 0xff, 0xff, 0xf4, 0x00,
    0x1f, 0xff, 0xf8, 0x20, 0x19, 0xff, 0xfc, 0x00,
    0x28, 0xbe, 0x70, 0x00, 0x00, 0xcf, 0xff, 0x10,
    0x00, 0x00, 0x00, 0x00, 0x00, 0xaf, 0xff, 0x20,
    0x00, 0x00, 0x00, 0x00, 0x26, 0xef, 0xff, 0x30,
    0x00, 0x05, 0x9c, 0xef, 0xff, 0xff, 0xff, 0x30,
    0x04, 0xef, 0xff, 0xff, 0xff, 0xff, 0xff, 0x30,
    0x3f, 0xff, 0xfe, 0xb8, 0x52, 0x9f, 0xff, 0x30,
    0xaf, 0xff, 0x70, 0x00, 0x00, 0x9f, 0xff, 0x30,
    0xdf, 0xfe, 0x00, 0x00, 0x00, 0xbf, 0xff, 0x30,
    0xdf, 0xfe, 0x00, 0x00, 0x02, 0xff, 0xff, 0x30,
    0xaf, 0xff, 0x91, 0x00, 0x5e, 0xff, 0xff, 0x30,
    0x4f, 0xff, 0xff, 0xef, 0xff, 0xcf, 0xff, 0x30,
    0x08, 0xff, 0xff, 0xff, 0xf8, 0x7f, 0xff, 0x30,
    0x00, 0x3a, 0xef, 0xeb, 0x40, 0x8f, 0xff, 0x30,
    0x00, 0x00, 0x00, 0x00, 0x04, 0xff, 0xe4, 0x00,
    0x00, 0x00, 0x00, 0x00, 0x2f, 0xff, 0x10, 0x00,
    0x00, 0x00, 0x00, 0x00, 0x8f, 0xfd, 0x00, 0x00,
    0x00, 0x00, 0x00, 0x00, 0x9f, 0xff, 0xbb, 0x40,
    0x00, 0x00, 0x00, 0x00, 0x4f, 0xff, 0xff, 0xb0,
    0x00, 0x00, 0x00, 0x00, 0x04, 0xbe, 0xfc, 0x70,

    /* U+0106 "Ć" */
    0x00, 0x00, 0x00, 0x00, 0x00, 0x09, 0x99, 0x50,
    0x00, 0x00, 0x00, 0x00, 0x00, 0x00, 0x00, 0x6f,
    0xff, 0x10, 0x00, 0x00, 0x00, 0x00, 0x00, 0x00,
    0x00, 0xdf, 0xf6, 0x00, 0x00, 0x00, 0x00, 0x00,
    0x00, 0x00, 0x04, 0xff, 0xc0, 0x00, 0x00, 0x00,
    0x00, 0x00, 0x00, 0x00, 0x0b, 0xff, 0x20, 0x00,
    0x00, 0x00, 0x00, 0x00, 0x00, 0x00, 0x00, 0x00,
    0x00, 0x00, 0x00, 0x00, 0x00, 0x00, 0x00, 0x00,
    0x00, 0x00, 0x00, 0x00, 0x00, 0x00, 0x00, 0x00,
    0x00, 0x00, 0x00, 0x00, 0x00, 0x00, 0x00, 0x00,
    0x00, 0x00, 0x00, 0x39, 0xcf, 0xfe, 0xc9, 0x30,
    0x00, 0x00, 0x00, 0x00, 0x2b, 0xff, 0xff, 0xff,
    0xff, 0xfb, 0x20, 0x00, 0x00, 0x03, 0xff, 0xff,
    0xff, 0xff, 0xff, 0xff, 0xf3, 0x00, 0x00, 0x2f,
    0xff, 0xff, 0xeb, 0x9a, 0xef, 0xff, 0xfe, 0x10,
    0x00, 0xcf, 0xff, 0xf7, 0x00, 0x00, 0x06, 0xff,
    0xff, 0xb0, 0x05, 0xff, 0xff, 0x40, 0x00, 0x00,
    0x00, 0x4f, 0xff, 0xf2, 0x0c, 0xff, 0xf8, 0x00,
    0x00, 0x00, 0x00, 0x09, 0xff, 0xf7, 0x1f, 0xff,
    0xf1, 0x00, 0x00, 0x00, 0x00, 0x02, 0x88, 0x85,
    0x4f, 0xff, 0xb0, 0x00, 0x00, 0x00, 0x00, 0x00,
    0x00, 0x00, 0x6f, 0xff, 0x90, 0x00, 0x00, 0x00,
    0x00, 0x00, 0x00, 0x00, 0x7f, 0xff, 0x70, 0x00,
    0x00, 0x00, 0x00, 0x00, 0x00, 0x00, 0x7f, 0xff,
    0x70, 0x00, 0x00, 0x00, 0x00, 0x00, 0x00, 0x00,
    0x6f, 0xff, 0x90, 0x00, 0x00, 0x00, 0x00, 0x00,
    0x00, 0x00, 0x4f, 0xff, 0xb0, 0x00, 0x00, 0x00,
    0x00, 0x00, 0x00, 0x00, 0x1f, 0xff, 0xf0, 0x00,
    0x00, 0x00, 0x00, 0x02, 0x77, 0x75, 0x0c, 0xff,
    0xf7, 0x00, 0x00, 0x00, 0x00, 0x08, 0xff, 0xf7,
    0x05, 0xff, 0xff, 0x30, 0x00, 0x00, 0x00, 0x3f,
    0xff, 0xf2, 0x00, 0xdf, 0xff, 0xf6, 0x00, 0x00,
    0x06, 0xff, 0xff, 0xa0, 0x00, 0x2f, 0xff, 0xff,
    0xeb, 0xab, 0xef, 0xff, 0xfe, 0x10, 0x00, 0x04,
    0xff, 0xff, 0xff, 0xff, 0xff, 0xff, 0xe2, 0x00,
    0x00, 0x00, 0x2b, 0xff, 0xff, 0xff, 0xff, 0xfb,
    0x10, 0x00, 0x00, 0x00, 0x00, 0x39, 0xcf, 0xfe,
    0xc8, 0x30, 0x00, 0x00,

    /* U+0107 "ć" */
    0x00, 0x00, 0x00, 0x00, 0x8f, 0xff, 0x20, 0x00,
    0x00, 0x00, 0x00, 0x00, 0xef, 0xf6, 0x00, 0x00,
    0x00, 0x00, 0x00, 0x06, 0xff, 0xc0, 0x00, 0x00,
    0x00, 0x00, 0x00, 0x0d, 0xff, 0x20, 0x00, 0x00,
    0x00, 0x00, 0x00, 0x19, 0x95, 0x00, 0x00, 0x00,
    0x00, 0x00, 0x00, 0x00, 0x00, 0x00, 0x00, 0x00,
    0x00, 0x00, 0x00, 0x00, 0x00, 0x00, 0x00, 0x00,
    0x00, 0x00, 0x39, 0xdf, 0xfe, 0xa4, 0x00, 0x00,
    0x00, 0x08, 0xff, 0xff, 0xff, 0xff, 0xc1, 0x00,
    0x00, 0xaf, 0xff, 0xff, 0xff, 0xff, 0xfd, 0x00,
    0x06, 0xff, 0xff, 0x94, 0x37, 0xef, 0xff, 0x80,
    0x0e, 0xff, 0xf6, 0x00, 0x00, 0x2f, 0xff, 0xf0,
    0x4f, 0xff, 0xc0, 0x00, 0x00, 0x08, 0xc8, 0x50,
    0x8f, 0xff, 0x70, 0x00, 0x00, 0x00, 0x00, 0x00,
    0x9f, 0xff, 0x40, 0x00, 0x00, 0x00, 0x00, 0x00,
    0xaf, 0xff, 0x30, 0x00, 0x00, 0x00, 0x00, 0x00,
    0x9f, 0xff, 0x40, 0x00, 0x00, 0x00, 0x00, 0x00,
    0x8f, 0xff, 0x70, 0x00, 0x00, 0x00, 0x00, 0x00,
    0x4f, 0xff, 0xc0, 0x00, 0x00, 0x08, 0xea, 0x71,
    0x0e, 0xff, 0xf6, 0x00, 0x00, 0x2f, 0xff, 0xf0,
    0x06, 0xff, 0xff, 0x94, 0x37, 0xef, 0xff, 0x80,
    0x00, 0xaf, 0xff, 0xff, 0xff, 0xff, 0xfd, 0x00,
    0x00, 0x08, 0xff, 0xff, 0xff, 0xff, 0xb1, 0x00,
    0x00, 0x00, 0x39, 0xdf, 0xfe, 0xa4, 0x00, 0x00,

    /* U+0108 "Ĉ" */
    0x00, 0x00, 0x00, 0x00, 0x28, 0x88, 0x20, 0x00,
    0x00, 0x00, 0x00, 0x00, 0x00, 0x01, 0xdf, 0xff,
    0xd1, 0x00, 0x00, 0x00, 0x00, 0x00, 0x00, 0x0c,
    0xff, 0xbf, 0xfc, 0x00, 0x00, 0x00, 0x00, 0x00,
    0x00, 0xbf, 0xf9, 0x09, 0xff, 0xa0, 0x00, 0x00,
    0x00, 0x00, 0x0a, 0xff, 0xc0, 0x00, 0xcf, 0xf8,
    0x00, 0x00, 0x00, 0x00, 0x00, 0x00, 0x00, 0x00,
    0x00, 0x00, 0x00, 0x00, 0x00, 0x00, 0x00, 0x00,
    0x00, 0x00, 0x00, 0x00, 0x00, 0x00, 0x00, 0x00,
    0x00, 0x00, 0x00, 0x00, 0x00, 0x00, 0x00, 0x00,
    0x00, 0x00, 0x00, 0x39, 0xcf, 0xfe, 0xc9, 0x30,
    0x00, 0x00, 0x00, 0x00, 0x2b, 0xff, 0xff, 0xff,
    0xff, 0xfb, 0x20, 0x00, 0x00, 0x03, 0xff, 0xff,
    0xff, 0xff, 0xff, 0xff, 0xf3, 0x00, 0x00, 0x2f,
    0xff, 0xff, 0xeb, 0x9a, 0xef, 0xff, 0xfe, 0x10,
    0x00, 0xcf, 0xff, 0xf7, 0x00, 0x00, 0x06, 0xff,
    0xff, 0xb0, 0x05, 0xff, 0xff, 0x40, 0x00, 0x00,
    0x00, 0x4f, 0xff, 0xf2, 0x0c, 0xff, 0xf8, 0x00,
    0x00, 0x00, 0x00, 0x09, 0xff, 0xf7, 0x1f, 0xff,
    0xf1, 0x00, 0x00, 0x00, 0x00, 0x02, 0x88, 0x85,
    0x4f, 0xff, 0xb0, 0x00, 0x00, 0x00, 0x00, 0x00,
    0x00, 0x00, 0x6f, 0xff, 0x90, 0x00, 0x00, 0x00,
    0x00, 0x00, 0x00, 0x00, 0x7f, 0xff, 0x70, 0x00,
    0x00, 0x00, 0x00, 0x00, 0x00, 0x00, 0x7f, 0xff,
    0x70, 0x00, 0x00, 0x00, 0x00, 0x00, 0x00, 0x00,
    0x6f, 0xff, 0x90, 0x00, 0x00, 0x00, 0x00, 0x00,
    0x00, 0x00, 0x4f, 0xff, 0xb0, 0x00, 0x00, 0x00,
    0x00, 0x00, 0x00, 0x00, 0x1f, 0xff, 0xf0, 0x00,
    0x00, 0x00, 0x00, 0x02, 0x77, 0x75, 0x0c, 0xff,
    0xf7, 0x00, 0x00, 0x00, 0x00, 0x08, 0xff, 0xf7,
    0x05, 0xff, 0xff, 0x30, 0x00, 0x00, 0x00, 0x3f,
    0xff, 0xf2, 0x00, 0xdf, 0xff, 0xf6, 0x00, 0x00,
    0x06, 0xff, 0xff, 0xa0, 0x00, 0x2f, 0xff, 0xff,
    0xeb, 0xab, 0xef, 0xff, 0xfe, 0x10, 0x00, 0x04,
    0xff, 0xff, 0xff, 0xff, 0xff, 0xff, 0xe2, 0x00,
    0x00, 0x00, 0x2b, 0xff, 0xff, 0xff, 0xff, 0xfb,
    0x10, 0x00, 0x00, 0x00, 0x00, 0x39, 0xcf, 0xfe,
    0xc8, 0x30, 0x00, 0x00,

    /* U+0109 "ĉ" */
    0x00, 0x00, 0x00, 0xcf, 0xff, 0x20, 0x00, 0x00,
    0x00, 0x00, 0x0b, 0xff, 0xff, 0xe1, 0x00, 0x00,
    0x00, 0x00, 0xaf, 0xfa, 0x6f, 0xfd, 0x00, 0x00,
    0x00, 0x09, 0xff, 0xc0, 0x09, 0xff, 0xb0, 0x00,
    0x00, 0x18, 0x88, 0x10, 0x00, 0x78, 0x83, 0x00,
    0x00, 0x00, 0x00, 0x00, 0x00, 0x00, 0x00, 0x00,
    0x00, 0x00, 0x00, 0x00, 0x00, 0x00, 0x00, 0x00,
    0x00, 0x00, 0x39, 0xdf, 0xfe, 0xa4, 0x00, 0x00,
    0x00, 0x08, 0xff, 0xff, 0xff, 0xff, 0xc1, 0x00,
    0x00, 0xaf, 0xff, 0xff, 0xff, 0xff, 0xfd, 0x00,
    0x06, 0xff, 0xff, 0x94, 0x37, 0xef, 0xff, 0x80,
    0x0e, 0xff, 0xf6, 0x00, 0x00, 0x2f, 0xff, 0xf0,
    0x4f, 0xff, 0xc0, 0x00, 0x00, 0x08, 0xc8, 0x50,
    0x8f, 0xff, 0x70, 0x00, 0x00, 0x00, 0x00, 0x00,
    0x9f, 0xff, 0x40, 0x00, 0x00, 0x00, 0x00, 0x00,
    0xaf, 0xff, 0x30, 0x00, 0x00, 0x00, 0x00, 0x00,
    0x9f, 0xff, 0x40, 0x00, 0x00, 0x00, 0x00, 0x00,
    0x8f, 0xff, 0x70, 0x00, 0x00, 0x00, 0x00, 0x00,
    0x4f, 0xff, 0xc0, 0x00, 0x00, 0x08, 0xea, 0x71,
    0x0e, 0xff, 0xf6, 0x00, 0x00, 0x2f, 0xff, 0xf0,
    0x06, 0xff, 0xff, 0x94, 0x37, 0xef, 0xff, 0x80,
    0x00, 0xaf, 0xff, 0xff, 0xff, 0xff, 0xfd, 0x00,
    0x00, 0x08, 0xff, 0xff, 0xff, 0xff, 0xb1, 0x00,
    0x00, 0x00, 0x39, 0xdf, 0xfe, 0xa4, 0x00, 0x00,

    /* U+010A "Ċ" */
    0x00, 0x00, 0x00, 0x00, 0x01, 0x31, 0x00, 0x00,
    0x00, 0x00, 0x00, 0x00, 0x00, 0x00, 0x3e, 0xfe,
    0x30, 0x00, 0x00, 0x00, 0x00, 0x00, 0x00, 0x00,
    0xaf, 0xff, 0xa0, 0x00, 0x00, 0x00, 0x00, 0x00,
    0x00, 0x00, 0x9f, 0xff, 0x80, 0x00, 0x00, 0x00,
    0x00, 0x00, 0x00, 0x00, 0x1b, 0xfb, 0x10, 0x00,
    0x00, 0x00, 0x00, 0x00, 0x00, 0x00, 0x00, 0x00,
    0x00, 0x00, 0x00, 0x00, 0x00, 0x00, 0x00, 0x00,
    0x00, 0x00, 0x00, 0x00, 0x00, 0x00, 0x00, 0x00,
    0x00, 0x00, 0x00, 0x00, 0x00, 0x00, 0x00, 0x00,
    0x00, 0x00, 0x00, 0x39, 0xcf, 0xfe, 0xc9, 0x30,
    0x00, 0x00, 0x00, 0x00, 0x2b, 0xff, 0xff, 0xff,
    0xff, 0xfb, 0x20, 0x00, 0x00, 0x03, 0xff, 0xff,
    0xff, 0xff, 0xff, 0xff, 0xf3, 0x00, 0x00, 0x2f,
    0xff, 0xff, 0xeb, 0x9a, 0xef, 0xff, 0xfe, 0x10,
    0x00, 0xcf, 0xff, 0xf7, 0x00, 0x00, 0x06, 0xff,
    0xff, 0xb0, 0x05, 0xff, 0xff, 0x40, 0x00, 0x00,
    0x00, 0x4f, 0xff, 0xf2, 0x0c, 0xff, 0xf8, 0x00,
    0x00, 0x00, 0x00, 0x09, 0xff, 0xf7, 0x1f, 0xff,
    0xf1, 0x00, 0x00, 0x00, 0x00, 0x02, 0x88, 0x85,
    0x4f, 0xff, 0xb0, 0x00, 0x00, 0x00, 0x00, 0x00,
    0x00, 0x00, 0x6f, 0xff, 0x90, 0x00, 0x00, 0x00,
    0x00, 0x00, 0x00, 0x00, 0x7f, 0xff, 0x70, 0x00,
    0x00, 0x00, 0x00, 0x00, 0x00, 0x00, 0x7f, 0xff,
    0x70, 0x00, 0x00, 0x00, 0x00, 0x00, 0x00, 0x00,
    0x6f, 0xff, 0x90, 0x00, 0x00, 0x00, 0x00, 0x00,
    0x00, 0x00, 0x4f, 0xff, 0xb0, 0x00, 0x00, 0x00,
    0x00, 0x00, 0x00, 0x00, 0x1f, 0xff, 0xf0, 0x00,
    0x00, 0x00, 0x00, 0x02, 0x77, 0x75, 0x0c, 0xff,
    0xf7, 0x00, 0x00, 0x00, 0x00, 0x08, 0xff, 0xf7,
    0x05, 0xff, 0xff, 0x30, 0x00, 0x00, 0x00, 0x3f,
    0xff, 0xf2, 0x00, 0xdf, 0xff, 0xf6, 0x00, 0x00,
    0x06, 0xff, 0xff, 0xa0, 0x00, 0x2f, 0xff, 0xff,
    0xeb, 0xab, 0xef, 0xff, 0xfe, 0x10, 0x00, 0x04,
    0xff, 0xff, 0xff, 0xff, 0xff, 0xff, 0xe2, 0x00,
    0x00, 0x00, 0x2b, 0xff, 0xff, 0xff, 0xff, 0xfb,
    0x10, 0x00, 0x00, 0x00, 0x00, 0x39, 0xcf, 0xfe,
    0xc8, 0x30, 0x00, 0x00,

    /* U+010B "ċ" */
    0x00, 0x00, 0x00, 0x4d, 0xe7, 0x00, 0x00, 0x00,
    0x00, 0x00, 0x00, 0xef, 0xff, 0x30, 0x00, 0x00,
    0x00, 0x00, 0x00, 0xff, 0xff, 0x40, 0x00, 0x00,
    0x00, 0x00, 0x00, 0x8f, 0xfb, 0x00, 0x00, 0x00,
    0x00, 0x00, 0x00, 0x02, 0x30, 0x00, 0x00, 0x00,
    0x00, 0x00, 0x00, 0x00, 0x00, 0x00, 0x00, 0x00,
    0x00, 0x00, 0x00, 0x00, 0x00, 0x00, 0x00, 0x00,
    0x00, 0x00, 0x39, 0xdf, 0xfe, 0xa4, 0x00, 0x00,
    0x00, 0x08, 0xff, 0xff, 0xff, 0xff, 0xc1, 0x00,
    0x00, 0xaf, 0xff, 0xff, 0xff, 0xff, 0xfd, 0x00,
    0x06, 0xff, 0xff, 0x94, 0x37, 0xef, 0xff, 0x80,
    0x0e, 0xff, 0xf6, 0x00, 0x00, 0x2f, 0xff, 0xf0,
    0x4f, 0xff, 0xc0, 0x00, 0x00, 0x08, 0xc8, 0x50,
    0x8f, 0xff, 0x70, 0x00, 0x00, 0x00, 0x00, 0x00,
    0x9f, 0xff, 0x40, 0x00, 0x00, 0x00, 0x00, 0x00,
    0xaf, 0xff, 0x30, 0x00, 0x00, 0x00, 0x00, 0x00,
    0x9f, 0xff, 0x40, 0x00, 0x00, 0x00, 0x00, 0x00,
    0x8f, 0xff, 0x70, 0x00, 0x00, 0x00, 0x00, 0x00,
    0x4f, 0xff, 0xc0, 0x00, 0x00, 0x08, 0xea, 0x71,
    0x0e, 0xff, 0xf6, 0x00, 0x00, 0x2f, 0xff, 0xf0,
    0x06, 0xff, 0xff, 0x94, 0x37, 0xef, 0xff, 0x80,
    0x00, 0xaf, 0xff, 0xff, 0xff, 0xff, 0xfd, 0x00,
    0x00, 0x08, 0xff, 0xff, 0xff, 0xff, 0xb1, 0x00,
    0x00, 0x00, 0x39, 0xdf, 0xfe, 0xa4, 0x00, 0x00,

    /* U+010C "Č" */
    0x00, 0x00, 0x02, 0x33, 0x10, 0x00, 0x13, 0x32,
    0x00, 0x00, 0x00, 0x00, 0x07, 0xff, 0xd0, 0x00,
    0xdf, 0xf8, 0x00, 0x00, 0x00, 0x00, 0x00, 0xaf,
    0xfa, 0x0a, 0xff, 0xb0, 0x00, 0x00, 0x00, 0x00,
    0x00, 0x0c, 0xff, 0xaf, 0xfd, 0x00, 0x00, 0x00,
    0x00, 0x00, 0x00, 0x01, 0xef, 0xff, 0xe2, 0x00,
    0x00, 0x00, 0x00, 0x00, 0x00, 0x00, 0x4c, 0xcc,
    0x40, 0x00, 0x00, 0x00, 0x00, 0x00, 0x00, 0x00,
    0x00, 0x00, 0x00, 0x00, 0x00, 0x00, 0x00, 0x00,
    0x00, 0x00, 0x00, 0x00, 0x00, 0x00, 0x00, 0x00,
    0x00, 0x00, 0x00, 0x39, 0xcf, 0xfe, 0xd9, 0x40,
    0x00, 0x00, 0x00, 0x00, 0x2b, 0xff, 0xff, 0xff,
    0xff, 0xfc, 0x30, 0x00, 0x00, 0x03, 0xff, 0xff,
    0xff, 0xff, 0xff, 0xff, 0xf5, 0x00, 0x00, 0x2f,
    0xff, 0xff, 0xeb, 0xab, 0xef, 0xff, 0xff, 0x30,
    0x00, 0xcf, 0xff, 0xf7, 0x00, 0x00, 0x04, 0xef,
    0xff, 0xd0, 0x05, 0xff, 0xff, 0x40, 0x00, 0x00,
    0x00, 0x1e, 0xff, 0xf4, 0x0c, 0xff, 0xf8, 0x00,
    0x00, 0x00, 0x00, 0x06, 0xff, 0xf9, 0x1f, 0xff,
    0xf1, 0x00, 0x00, 0x00, 0x00, 0x00, 0x00, 0x00,
    0x4f, 0xff, 0xb0, 0x00, 0x00, 0x00, 0x00, 0x00,
    0x00, 0x00, 0x6f, 0xff, 0x90, 0x00, 0x00, 0x00,
    0x00, 0x00, 0x00, 0x00, 0x7f, 0xff, 0x70, 0x00,
    0x00, 0x00, 0x00, 0x00, 0x00, 0x00, 0x7f, 0xff,
    0x70, 0x00, 0x00, 0x00, 0x00, 0x00, 0x00, 0x00,
    0x6f, 0xff, 0x90, 0x00, 0x00, 0x00, 0x00, 0x00,
    0x00, 0x00, 0x4f, 0xff, 0xb0, 0x00, 0x00, 0x00,
    0x00, 0x00, 0x00, 0x00, 0x1f, 0xff, 0xf0, 0x00,
    0x00, 0x00, 0x00, 0x03, 0xaa, 0xa6, 0x0c, 0xff,
    0xf7, 0x00, 0x00, 0x00, 0x00, 0x09, 0xff, 0xf7,
    0x05, 0xff, 0xff, 0x30, 0x00, 0x00, 0x00, 0x4f,
    0xff, 0xf1, 0x00, 0xdf, 0xff, 0xf6, 0x00, 0x00,
    0x06, 0xff, 0xff, 0x90, 0x00, 0x2f, 0xff, 0xff,
    0xeb, 0x9a, 0xef, 0xff, 0xfe, 0x10, 0x00, 0x04,
    0xff, 0xff, 0xff, 0xff, 0xff, 0xff, 0xe2, 0x00,
    0x00, 0x00, 0x2b, 0xff, 0xff, 0xff, 0xff, 0xfa,
    0x10, 0x00, 0x00, 0x00, 0x00, 0x39, 0xcf, 0xfe,
    0xc8, 0x20, 0x00, 0x00,

    /* U+010D "č" */
    0x00, 0x1d, 0xff, 0x60, 0x03, 0xff, 0xf4, 0x00,
    0x00, 0x02, 0xef, 0xf3, 0x1e, 0xff, 0x60, 0x00,
    0x00, 0x00, 0x3f, 0xfe, 0xcf, 0xf7, 0x00, 0x00,
    0x00, 0x00, 0x04, 0xff, 0xff, 0x90, 0x00, 0x00,
    0x00, 0x00, 0x00, 0x58, 0x87, 0x00, 0x00, 0x00,
    0x00, 0x00, 0x00, 0x00, 0x00, 0x00, 0x00, 0x00,
    0x00, 0x00, 0x00, 0x00, 0x00, 0x00, 0x00, 0x00,
    0x00, 0x00, 0x39, 0xdf, 0xfe, 0xa4, 0x00, 0x00,
    0x00, 0x08, 0xff, 0xff, 0xff, 0xff, 0xc1, 0x00,
    0x00, 0xaf, 0xff, 0xff, 0xff, 0xff, 0xfd, 0x00,
    0x06, 0xff, 0xff, 0x94, 0x37, 0xef, 0xff, 0x80,
    0x0e, 0xff, 0xf6, 0x00, 0x00, 0x2f, 0xff, 0xf0,
    0x4f, 0xff, 0xc0, 0x00, 0x00, 0x08, 0xc8, 0x50,
    0x8f, 0xff, 0x70, 0x00, 0x00, 0x00, 0x00, 0x00,
    0x9f, 0xff, 0x40, 0x00, 0x00, 0x00, 0x00, 0x00,
    0xaf, 0xff, 0x30, 0x00, 0x00, 0x00, 0x00, 0x00,
    0x9f, 0xff, 0x40, 0x00, 0x00, 0x00, 0x00, 0x00,
    0x8f, 0xff, 0x70, 0x00, 0x00, 0x00, 0x00, 0x00,
    0x4f, 0xff, 0xc0, 0x00, 0x00, 0x08, 0xea, 0x71,
    0x0e, 0xff, 0xf6, 0x00, 0x00, 0x2f, 0xff, 0xf0,
    0x06, 0xff, 0xff, 0x94, 0x37, 0xef, 0xff, 0x80,
    0x00, 0xaf, 0xff, 0xff, 0xff, 0xff, 0xfd, 0x00,
    0x00, 0x08, 0xff, 0xff, 0xff, 0xff, 0xb1, 0x00,
    0x00, 0x00, 0x39, 0xdf, 0xfe, 0xa4, 0x00, 0x00,

    /* U+010E "Ď" */
    0x03, 0xff, 0xf4, 0x00, 0x6f, 0xfe, 0x20, 0x00,
    0x00, 0x00, 0x04, 0xff, 0xe1, 0x3f, 0xff, 0x30,
    0x00, 0x00, 0x00, 0x00, 0x06, 0xff, 0xce, 0xff,
    0x40, 0x00, 0x00, 0x00, 0x00, 0x00, 0x07, 0xff,
    0xff, 0x60, 0x00, 0x00, 0x00, 0x00, 0x00, 0x00,
    0x06, 0x88, 0x50, 0x00, 0x00, 0x00, 0x00, 0x00,
    0x00, 0x00, 0x00, 0x00, 0x00, 0x00, 0x00, 0x00,
    0x00, 0x00, 0x00, 0x00, 0x00, 0x00, 0x00, 0x00,
    0x00, 0x00, 0x0c, 0xff, 0xff, 0xff, 0xff, 0xeb,
    0x71, 0x00, 0x00, 0x00, 0xcf, 0xff, 0xff, 0xff,
    0xff, 0xff, 0xf8, 0x00, 0x00, 0x0c, 0xff, 0xff,
    0xff, 0xff, 0xff, 0xff, 0xfd, 0x10, 0x00, 0xcf,
    0xff, 0x97, 0x77, 0x9b, 0xff, 0xff, 0xfc, 0x00,
    0x0c, 0xff, 0xf1, 0x00, 0x00, 0x00, 0x8f, 0xff,
    0xf8, 0x00, 0xcf, 0xff, 0x10, 0x00, 0x00, 0x00,
    0x5f, 0xff, 0xf1, 0x0c, 0xff, 0xf1, 0x00, 0x00,
    0x00, 0x00, 0xbf, 0xff, 0x70, 0xcf, 0xff, 0x10,
    0x00, 0x00, 0x00, 0x04, 0xff, 0xfb, 0x0c, 0xff,
    0xf1, 0x00, 0x00, 0x00, 0x00, 0x0f, 0xff, 0xe0,
    0xcf, 0xff, 0x10, 0x00, 0x00, 0x00, 0x00, 0xdf,
    0xff, 0x1c, 0xff, 0xf1, 0x00, 0x00, 0x00, 0x00,
    0x0b, 0xff, 0xf1, 0xcf, 0xff, 0x10, 0x00, 0x00,
    0x00, 0x00, 0xcf, 0xff, 0x1c, 0xff, 0xf1, 0x00,
    0x00, 0x00, 0x00, 0x0d, 0xff, 0xf0, 0xcf, 0xff,
    0x10, 0x00, 0x00, 0x00, 0x00, 0xff, 0xfe, 0x0c,
    0xff, 0xf1, 0x00, 0x00, 0x00, 0x00, 0x4f, 0xff,
    0xb0, 0xcf, 0xff, 0x10, 0x00, 0x00, 0x00, 0x0b,
    0xff, 0xf7, 0x0c, 0xff, 0xf1, 0x00, 0x00, 0x00,
    0x06, 0xff, 0xff, 0x10, 0xcf, 0xff, 0x10, 0x00,
    0x00, 0x18, 0xff, 0xff, 0x80, 0x0c, 0xff, 0xf9,
    0x77, 0x79, 0xbf, 0xff, 0xff, 0xc0, 0x00, 0xcf,
    0xff, 0xff, 0xff, 0xff, 0xff, 0xff, 0xc1, 0x00,
    0x0c, 0xff, 0xff, 0xff, 0xff, 0xff, 0xff, 0x80,
    0x00, 0x00, 0xcf, 0xff, 0xff, 0xff, 0xfd, 0xb6,
    0x10, 0x00, 0x00, 0x00,

    /* U+010F "ď" */
    0x00, 0x00, 0x00, 0x00, 0x00, 0x00, 0x00, 0x00,
    0x04, 0xcc, 0x80, 0x00, 0x00, 0x00, 0x00, 0x00,
    0x00, 0x00, 0x00, 0x6f, 0xf8, 0x00, 0x00, 0x00,
    0x00, 0x00, 0x01, 0xff, 0xfb, 0x06, 0xff, 0x60,
    0x00, 0x00, 0x00, 0x00, 0x00, 0x1f, 0xff, 0xb0,
    0x6f, 0xf4, 0x00, 0x00, 0x00, 0x00, 0x00, 0x01,
    0xff, 0xfb, 0x06, 0xff, 0x20, 0x00, 0x00, 0x00,
    0x00, 0x00, 0x1f, 0xff, 0xb0, 0x6f, 0xf0, 0x00,
    0x00, 0x00, 0x00, 0x00, 0x01, 0xff, 0xfb, 0x00,
    0x00, 0x00, 0x00, 0x06, 0xce, 0xfc, 0x60, 0x1f,
    0xff, 0xb0, 0x00, 0x00, 0x00, 0x1d, 0xff, 0xff,
    0xff, 0xb1, 0xff, 0xfb, 0x00, 0x00, 0x00, 0x0d,
    0xff, 0xff, 0xff, 0xff, 0x8f, 0xff, 0xb0, 0x00,
    0x00, 0x09, 0xff, 0xff, 0x94, 0x48, 0xff, 0xff,
    0xfb, 0x00, 0x00, 0x00, 0xff, 0xff, 0x60, 0x00,
    0x03, 0xff, 0xff, 0xb0, 0x00, 0x00, 0x5f, 0xff,
    0xc0, 0x00, 0x00, 0x09, 0xff, 0xfb, 0x00, 0x00,
    0x08, 0xff, 0xf7, 0x00, 0x00, 0x00, 0x4f, 0xff,
    0xb0, 0x00, 0x00, 0x9f, 0xff, 0x40, 0x00, 0x00,
    0x01, 0xff, 0xfb, 0x00, 0x00, 0x0a, 0xff, 0xf3,
    0x00, 0x00, 0x00, 0x0f, 0xff, 0xb0, 0x00, 0x00,
    0x9f, 0xff, 0x40, 0x00, 0x00, 0x01, 0xff, 0xfb,
    0x00, 0x00, 0x08, 0xff, 0xf7, 0x00, 0x00, 0x00,
    0x4f, 0xff, 0xb0, 0x00, 0x00, 0x5f, 0xff, 0xc0,
    0x00, 0x00, 0x09, 0xff, 0xfb, 0x00, 0x00, 0x00,
    0xff, 0xff, 0x60, 0x00, 0x03, 0xff, 0xff, 0xb0,
    0x00, 0x00, 0x09, 0xff, 0xff, 0x94, 0x48, 0xff,
    0xff, 0xfb, 0x00, 0x00, 0x00, 0x0e, 0xff, 0xff,
    0xff, 0xff, 0x8f, 0xff, 0xb0, 0x00, 0x00, 0x00,
    0x1d, 0xff, 0xff, 0xff, 0xb0, 0xff, 0xfb, 0x00,
    0x00, 0x00, 0x00, 0x06, 0xce, 0xfd, 0x60, 0x0f,
    0xff, 0xb0, 0x00, 0x00,

    /* U+0110 "Đ" */
    0x00, 0x0e, 0xff, 0xff, 0xff, 0xff, 0xda, 0x61,
    0x00, 0x00, 0x00, 0x00, 0x0e, 0xff, 0xff, 0xff,
    0xff, 0xff, 0xff, 0x70, 0x00, 0x00, 0x00, 0x0e,
    0xff, 0xff, 0xff, 0xff, 0xff, 0xff, 0xfb, 0x00,
    0x00, 0x00, 0x0e, 0xff, 0xf7, 0x77, 0x79, 0xbf,
    0xff, 0xff, 0xb0, 0x00, 0x00, 0x0e, 0xff, 0xf0,
    0x00, 0x00, 0x01, 0x9f, 0xff, 0xf6, 0x00, 0x00,
    0x0e, 0xff, 0xf0, 0x00, 0x00, 0x00, 0x07, 0xff,
    0xfe, 0x00, 0x00, 0x0e, 0xff, 0xf0, 0x00, 0x00,
    0x00, 0x00, 0xcf, 0xff, 0x50, 0x00, 0x0e, 0xff,
    0xf0, 0x00, 0x00, 0x00, 0x00, 0x6f, 0xff, 0x90,
    0x00, 0x0e, 0xff, 0xf0, 0x00, 0x00, 0x00, 0x00,
    0x1f, 0xff, 0xc0, 0x9d, 0xdf, 0xff, 0xfd, 0xdd,
    0xdd, 0x00, 0x00, 0x0f, 0xff, 0xf0, 0xbf, 0xff,
    0xff, 0xff, 0xff, 0xff, 0x00, 0x00, 0x0d, 0xff,
    0xf0, 0xbf, 0xff, 0xff, 0xff, 0xff, 0xff, 0x00,
    0x00, 0x0e, 0xff, 0xf0, 0x00, 0x0e, 0xff, 0xf0,
    0x00, 0x00, 0x00, 0x00, 0x0f, 0xff, 0xe0, 0x00,
    0x0e, 0xff, 0xf0, 0x00, 0x00, 0x00, 0x00, 0x1f,
    0xff, 0xc0, 0x00, 0x0e, 0xff, 0xf0, 0x00, 0x00,
    0x00, 0x00, 0x6f, 0xff, 0x90, 0x00, 0x0e, 0xff,
    0xf0, 0x00, 0x00, 0x00, 0x00, 0xdf, 0xff, 0x50,
    0x00, 0x0e, 0xff, 0xf0, 0x00, 0x00, 0x00, 0x08,
    0xff, 0xfe, 0x00, 0x00, 0x0e, 0xff, 0xf0, 0x00,
    0x00, 0x01, 0xaf, 0xff, 0xf6, 0x00, 0x00, 0x0e,
    0xff, 0xf7, 0x77, 0x79, 0xbf, 0xff, 0xff, 0xb0,
    0x00, 0x00, 0x0e, 0xff, 0xff, 0xff, 0xff, 0xff,
    0xff, 0xfb, 0x00, 0x00, 0x00, 0x0e, 0xff, 0xff,
    0xff, 0xff, 0xff, 0xfe, 0x70, 0x00, 0x00, 0x00,
    0x0e, 0xff, 0xff, 0xff, 0xff, 0xda, 0x60, 0x00,
    0x00, 0x00,

    /* U+0111 "đ" */
    0x00, 0x00, 0x00, 0x00, 0x00, 0x01, 0xff, 0xfb,
    0x00, 0x00, 0x00, 0x00, 0x08, 0xff, 0xff, 0xff,
    0xff, 0xfa, 0x00, 0x00, 0x00, 0x08, 0xff, 0xff,
    0xff, 0xff, 0xfa, 0x00, 0x00, 0x00, 0x03, 0x77,
    0x79, 0xff, 0xff, 0x75, 0x00, 0x00, 0x00, 0x00,
    0x00, 0x01, 0xff, 0xfb, 0x00, 0x00, 0x00, 0x6c,
    0xef, 0xc6, 0x01, 0xff, 0xfb, 0x00, 0x00, 0x1d,
    0xff, 0xff, 0xff, 0xb1, 0xff, 0xfb, 0x00, 0x00,
    0xdf, 0xff, 0xff, 0xff, 0xf8, 0xff, 0xfb, 0x00,
    0x09, 0xff, 0xff, 0x94, 0x48, 0xff, 0xff, 0xfb,
    0x00, 0x0f, 0xff, 0xf6, 0x00, 0x00, 0x3f, 0xff,
    0xfb, 0x00, 0x5f, 0xff, 0xc0, 0x00, 0x00, 0x09,
    0xff, 0xfb, 0x00, 0x8f, 0xff, 0x70, 0x00, 0x00,
    0x04, 0xff, 0xfb, 0x00, 0x9f, 0xff, 0x40, 0x00,
    0x00, 0x01, 0xff, 0xfb, 0x00, 0xaf, 0xff, 0x30,
    0x00, 0x00, 0x00, 0xff, 0xfb, 0x00, 0x9f, 0xff,
    0x40, 0x00, 0x00, 0x01, 0xff, 0xfb, 0x00, 0x8f,
    0xff, 0x70, 0x00, 0x00, 0x04, 0xff, 0xfb, 0x00,
    0x5f, 0xff, 0xc0, 0x00, 0x00, 0x09, 0xff, 0xfb,
    0x00, 0x0f, 0xff, 0xf6, 0x00, 0x00, 0x3f, 0xff,
    0xfb, 0x00, 0x09, 0xff, 0xff, 0x94, 0x48, 0xff,
    0xff, 0xfb, 0x00, 0x00, 0xef, 0xff, 0xff, 0xff,
    0xf8, 0xff, 0xfb, 0x00, 0x00, 0x1d, 0xff, 0xff,
    0xff, 0xb0, 0xff, 0xfb, 0x00, 0x00, 0x00, 0x6c,
    0xef, 0xd6, 0x00, 0xff, 0xfb, 0x00,

    /* U+0112 "Ē" */
    0x00, 0x0d, 0xff, 0xff, 0xff, 0xf8, 0x00, 0x00,
    0x00, 0xdf, 0xff, 0xff, 0xff, 0x80, 0x00, 0x00,
    0x08, 0xaa, 0xaa, 0xaa, 0xa5, 0x00, 0x00, 0x00,
    0x00, 0x00, 0x00, 0x00, 0x00, 0x00, 0x00, 0x00,
    0x00, 0x00, 0x00, 0x00, 0x00, 0x00, 0x00, 0x00,
    0x00, 0x00, 0x00, 0x00, 0x00, 0xcf, 0xff, 0xff,
    0xff, 0xff, 0xff, 0xff, 0x6c, 0xff, 0xff, 0xff,
    0xff, 0xff, 0xff, 0xf6, 0xcf, 0xff, 0xff, 0xff,
    0xff, 0xff, 0xff, 0x6c, 0xff, 0xf7, 0x66, 0x66,
    0x66, 0x66, 0x62, 0xcf, 0xff, 0x10, 0x00, 0x00,
    0x00, 0x00, 0x0c, 0xff, 0xf1, 0x00, 0x00, 0x00,
    0x00, 0x00, 0xcf, 0xff, 0x10, 0x00, 0x00, 0x00,
    0x00, 0x0c, 0xff, 0xf1, 0x00, 0x00, 0x00, 0x00,
    0x00, 0xcf, 0xff, 0x10, 0x00, 0x00, 0x00, 0x00,
    0x0c, 0xff, 0xff, 0xff, 0xff, 0xff, 0xff, 0x90,
    0xcf, 0xff, 0xff, 0xff, 0xff, 0xff, 0xf9, 0x0c,
    0xff, 0xff, 0xff, 0xff, 0xff, 0xff, 0x90, 0xcf,
    0xff, 0x65, 0x55, 0x55, 0x55, 0x53, 0x0c, 0xff,
    0xf1, 0x00, 0x00, 0x00, 0x00, 0x00, 0xcf, 0xff,
    0x10, 0x00, 0x00, 0x00, 0x00, 0x0c, 0xff, 0xf1,
    0x00, 0x00, 0x00, 0x00, 0x00, 0xcf, 0xff, 0x10,
    0x00, 0x00, 0x00, 0x00, 0x0c, 0xff, 0xf1, 0x00,
    0x00, 0x00, 0x00, 0x00, 0xcf, 0xff, 0x76, 0x66,
    0x66, 0x66, 0x66, 0x2c, 0xff, 0xff, 0xff, 0xff,
    0xff, 0xff, 0xf7, 0xcf, 0xff, 0xff, 0xff, 0xff,
    0xff, 0xff, 0x7c, 0xff, 0xff, 0xff, 0xff, 0xff,
    0xff, 0xf7,

    /* U+0113 "ē" */
    0x00, 0x04, 0xff, 0xff, 0xff, 0xff, 0x10, 0x00,
    0x00, 0x04, 0xff, 0xff, 0xff, 0xff, 0x10, 0x00,
    0x00, 0x02, 0xaa, 0xaa, 0xaa, 0xaa, 0x10, 0x00,
    0x00, 0x00, 0x00, 0x00, 0x00, 0x00, 0x00, 0x00,
    0x00, 0x00, 0x00, 0x00, 0x00, 0x00, 0x00, 0x00,
    0x00, 0x00, 0x39, 0xdf, 0xfd, 0x93, 0x00, 0x00,
    0x00, 0x09, 0xff, 0xff, 0xff, 0xff, 0x90, 0x00,
    0x00, 0xaf, 0xff, 0xff, 0xff, 0xff, 0xfa, 0x00,
    0x06, 0xff, 0xfe, 0x62, 0x25, 0xef, 0xff, 0x50,
    0x0e, 0xff, 0xe1, 0x00, 0x00, 0x2f, 0xff, 0xd0,
    0x4f, 0xff, 0x70, 0x00, 0x00, 0x09, 0xff, 0xf1,
    0x8f, 0xff, 0x20, 0x00, 0x00, 0x04, 0xff, 0xf5,
    0x9f, 0xff, 0xff, 0xff, 0xff, 0xff, 0xff, 0xf6,
    0xaf, 0xff, 0xff, 0xff, 0xff, 0xff, 0xff, 0xf7,
    0x9f, 0xff, 0xca, 0xaa, 0xaa, 0xaa, 0xaa, 0xa5,
    0x8f, 0xff, 0x30, 0x00, 0x00, 0x00, 0x00, 0x00,
    0x4f, 0xff, 0x80, 0x00, 0x00, 0x00, 0x00, 0x00,
    0x0e, 0xff, 0xf2, 0x00, 0x00, 0x0a, 0xfb, 0x81,
    0x06, 0xff, 0xfe, 0x72, 0x14, 0xbf, 0xff, 0xd0,
    0x00, 0xbf, 0xff, 0xff, 0xff, 0xff, 0xff, 0x30,
    0x00, 0x09, 0xff, 0xff, 0xff, 0xff, 0xe3, 0x00,
    0x00, 0x00, 0x39, 0xdf, 0xfe, 0xb6, 0x00, 0x00,

    /* U+0114 "Ĕ" */
    0x00, 0x6f, 0xf0, 0x00, 0x05, 0xff, 0x00, 0x00,
    0x02, 0xff, 0xb2, 0x04, 0xef, 0xc0, 0x00, 0x00,
    0x08, 0xff, 0xff, 0xff, 0xf3, 0x00, 0x00, 0x00,
    0x07, 0xef, 0xff, 0xc3, 0x00, 0x00, 0x00, 0x00,
    0x00, 0x34, 0x20, 0x00, 0x00, 0x00, 0x00, 0x00,
    0x00, 0x00, 0x00, 0x00, 0x00, 0x00, 0x00, 0x00,
    0x00, 0x00, 0x00, 0x00, 0x0c, 0xff, 0xff, 0xff,
    0xff, 0xff, 0xff, 0xf6, 0xcf, 0xff, 0xff, 0xff,
    0xff, 0xff, 0xff, 0x6c, 0xff, 0xff, 0xff, 0xff,
    0xff, 0xff, 0xf6, 0xcf, 0xff, 0x76, 0x66, 0x66,
    0x66, 0x66, 0x2c, 0xff, 0xf1, 0x00, 0x00, 0x00,
    0x00, 0x00, 0xcf, 0xff, 0x10, 0x00, 0x00, 0x00,
    0x00, 0x0c, 0xff, 0xf1, 0x00, 0x00, 0x00, 0x00,
    0x00, 0xcf, 0xff, 0x10, 0x00, 0x00, 0x00, 0x00,
    0x0c, 0xff, 0xf1, 0x00, 0x00, 0x00, 0x00, 0x00,
    0xcf, 0xff, 0xff, 0xff, 0xff, 0xff, 0xf9, 0x0c,
    0xff, 0xff, 0xff, 0xff, 0xff, 0xff, 0x90, 0xcf,
    0xff, 0xff, 0xff, 0xff, 0xff, 0xf9, 0x0c, 0xff,
    0xf6, 0x55, 0x55, 0x55, 0x55, 0x30, 0xcf, 0xff,
    0x10, 0x00, 0x00, 0x00, 0x00, 0x0c, 0xff, 0xf1,
    0x00, 0x00, 0x00, 0x00, 0x00, 0xcf, 0xff, 0x10,
    0x00, 0x00, 0x00, 0x00, 0x0c, 0xff, 0xf1, 0x00,
    0x00, 0x00, 0x00, 0x00, 0xcf, 0xff, 0x10, 0x00,
    0x00, 0x00, 0x00, 0x0c, 0xff, 0xf7, 0x66, 0x66,
    0x66, 0x66, 0x62, 0xcf, 0xff, 0xff, 0xff, 0xff,
    0xff, 0xff, 0x7c, 0xff, 0xff, 0xff, 0xff, 0xff,
    0xff, 0xf7, 0xcf, 0xff, 0xff, 0xff, 0xff, 0xff,
    0xff, 0x70,

    /* U+0115 "ĕ" */
    0x00, 0x0c, 0xf9, 0x00, 0x00, 0xbf, 0xa0, 0x00,
    0x00, 0x09, 0xfe, 0x00, 0x01, 0xff, 0x70, 0x00,
    0x00, 0x03, 0xff, 0xc6, 0x6d, 0xff, 0x10, 0x00,
    0x00, 0x00, 0x7f, 0xff, 0xff, 0xf5, 0x00, 0x00,
    0x00, 0x00, 0x04, 0xcf, 0xeb, 0x30, 0x00, 0x00,
    0x00, 0x00, 0x00, 0x00, 0x00, 0x00, 0x00, 0x00,
    0x00, 0x00, 0x00, 0x00, 0x00, 0x00, 0x00, 0x00,
    0x00, 0x00, 0x39, 0xdf, 0xfd, 0x93, 0x00, 0x00,
    0x00, 0x09, 0xff, 0xff, 0xff, 0xff, 0x90, 0x00,
    0x00, 0xaf, 0xff, 0xff, 0xff, 0xff, 0xfa, 0x00,
    0x06, 0xff, 0xfe, 0x62, 0x25, 0xef, 0xff, 0x50,
    0x0e, 0xff, 0xe1, 0x00, 0x00, 0x2f, 0xff, 0xd0,
    0x4f, 0xff, 0x70, 0x00, 0x00, 0x09, 0xff, 0xf1,
    0x8f, 0xff, 0x20, 0x00, 0x00, 0x04, 0xff, 0xf5,
    0x9f, 0xff, 0xff, 0xff, 0xff, 0xff, 0xff, 0xf6,
    0xaf, 0xff, 0xff, 0xff, 0xff, 0xff, 0xff, 0xf7,
    0x9f, 0xff, 0xca, 0xaa, 0xaa, 0xaa, 0xaa, 0xa5,
    0x8f, 0xff, 0x30, 0x00, 0x00, 0x00, 0x00, 0x00,
    0x4f, 0xff, 0x80, 0x00, 0x00, 0x00, 0x00, 0x00,
    0x0e, 0xff, 0xf2, 0x00, 0x00, 0x0a, 0xfb, 0x81,
    0x06, 0xff, 0xfe, 0x72, 0x14, 0xbf, 0xff, 0xd0,
    0x00, 0xbf, 0xff, 0xff, 0xff, 0xff, 0xff, 0x30,
    0x00, 0x09, 0xff, 0xff, 0xff, 0xff, 0xe3, 0x00,
    0x00, 0x00, 0x39, 0xdf, 0xfe, 0xb6, 0x00, 0x00,

    /* U+0116 "Ė" */
    0x00, 0x00, 0x02, 0xcf, 0xa0, 0x00, 0x00, 0x00,
    0x00, 0x00, 0xbf, 0xff, 0x60, 0x00, 0x00, 0x00,
    0x00, 0x0c, 0xff, 0xf7, 0x00, 0x00, 0x00, 0x00,
    0x00, 0x5f, 0xfd, 0x10, 0x00, 0x00, 0x00, 0x00,
    0x00, 0x13, 0x00, 0x00, 0x00, 0x00, 0x00, 0x00,
    0x00, 0x00, 0x00, 0x00, 0x00, 0x00, 0x00, 0x00,
    0x00, 0x00, 0x00, 0x00, 0x0c, 0xff, 0xff, 0xff,
    0xff, 0xff, 0xff, 0xf6, 0xcf, 0xff, 0xff, 0xff,
    0xff, 0xff, 0xff, 0x6c, 0xff, 0xff, 0xff, 0xff,
    0xff, 0xff, 0xf6, 0xcf, 0xff, 0x76, 0x66, 0x66,
    0x66, 0x66, 0x2c, 0xff, 0xf1, 0x00, 0x00, 0x00,
    0x00, 0x00, 0xcf, 0xff, 0x10, 0x00, 0x00, 0x00,
    0x00, 0x0c, 0xff, 0xf1, 0x00, 0x00, 0x00, 0x00,
    0x00, 0xcf, 0xff, 0x10, 0x00, 0x00, 0x00, 0x00,
    0x0c, 0xff, 0xf1, 0x00, 0x00, 0x00, 0x00, 0x00,
    0xcf, 0xff, 0xff, 0xff, 0xff, 0xff, 0xf9, 0x0c,
    0xff, 0xff, 0xff, 0xff, 0xff, 0xff, 0x90, 0xcf,
    0xff, 0xff, 0xff, 0xff, 0xff, 0xf9, 0x0c, 0xff,
    0xf6, 0x55, 0x55, 0x55, 0x55, 0x30, 0xcf, 0xff,
    0x10, 0x00, 0x00, 0x00, 0x00, 0x0c, 0xff, 0xf1,
    0x00, 0x00, 0x00, 0x00, 0x00, 0xcf, 0xff, 0x10,
    0x00, 0x00, 0x00, 0x00, 0x0c, 0xff, 0xf1, 0x00,
    0x00, 0x00, 0x00, 0x00, 0xcf, 0xff, 0x10, 0x00,
    0x00, 0x00, 0x00, 0x0c, 0xff, 0xf7, 0x66, 0x66,
    0x66, 0x66, 0x62, 0xcf, 0xff, 0xff, 0xff, 0xff,
    0xff, 0xff, 0x7c, 0xff, 0xff, 0xff, 0xff, 0xff,
    0xff, 0xf7, 0xcf, 0xff, 0xff, 0xff, 0xff, 0xff,
    0xff, 0x70,

    /* U+0117 "ė" */
    0x00, 0x00, 0x00, 0x6e, 0xe5, 0x00, 0x00, 0x00,
    0x00, 0x00, 0x02, 0xff, 0xff, 0x00, 0x00, 0x00,
    0x00, 0x00, 0x03, 0xff, 0xff, 0x10, 0x00, 0x00,
    0x00, 0x00, 0x00, 0xaf, 0xf9, 0x00, 0x00, 0x00,
    0x00, 0x00, 0x00, 0x03, 0x20, 0x00, 0x00, 0x00,
    0x00, 0x00, 0x00, 0x00, 0x00, 0x00, 0x00, 0x00,
    0x00, 0x00, 0x00, 0x00, 0x00, 0x00, 0x00, 0x00,
    0x00, 0x00, 0x39, 0xdf, 0xfd, 0x93, 0x00, 0x00,
    0x00, 0x09, 0xff, 0xff, 0xff, 0xff, 0x90, 0x00,
    0x00, 0xaf, 0xff, 0xff, 0xff, 0xff, 0xfa, 0x00,
    0x06, 0xff, 0xfe, 0x62, 0x25, 0xef, 0xff, 0x50,
    0x0e, 0xff, 0xe1, 0x00, 0x00, 0x2f, 0xff, 0xd0,
    0x4f, 0xff, 0x70, 0x00, 0x00, 0x09, 0xff, 0xf1,
    0x8f, 0xff, 0x20, 0x00, 0x00, 0x04, 0xff, 0xf5,
    0x9f, 0xff, 0xff, 0xff, 0xff, 0xff, 0xff, 0xf6,
    0xaf, 0xff, 0xff, 0xff, 0xff, 0xff, 0xff, 0xf7,
    0x9f, 0xff, 0xca, 0xaa, 0xaa, 0xaa, 0xaa, 0xa5,
    0x8f, 0xff, 0x30, 0x00, 0x00, 0x00, 0x00, 0x00,
    0x4f, 0xff, 0x80, 0x00, 0x00, 0x00, 0x00, 0x00,
    0x0e, 0xff, 0xf2, 0x00, 0x00, 0x0a, 0xfb, 0x81,
    0x06, 0xff, 0xfe, 0x72, 0x14, 0xbf, 0xff, 0xd0,
    0x00, 0xbf, 0xff, 0xff, 0xff, 0xff, 0xff, 0x30,
    0x00, 0x09, 0xff, 0xff, 0xff, 0xff, 0xe3, 0x00,
    0x00, 0x00, 0x39, 0xdf, 0xfe, 0xb6, 0x00, 0x00,

    /* U+0118 "Ę" */
    0xcf, 0xff, 0xff, 0xff, 0xff, 0xff, 0xff, 0x60,
    0xcf, 0xff, 0xff, 0xff, 0xff, 0xff, 0xff, 0x60,
    0xcf, 0xff, 0xff, 0xff, 0xff, 0xff, 0xff, 0x60,
    0xcf, 0xff, 0x76, 0x66, 0x66, 0x66, 0x66, 0x20,
    0xcf, 0xff, 0x10, 0x00, 0x00, 0x00, 0x00, 0x00,
    0xcf, 0xff, 0x10, 0x00, 0x00, 0x00, 0x00, 0x00,
    0xcf, 0xff, 0x10, 0x00, 0x00, 0x00, 0x00, 0x00,
    0xcf, 0xff, 0x10, 0x00, 0x00, 0x00, 0x00, 0x00,
    0xcf, 0xff, 0x65, 0x55, 0x55, 0x55, 0x53, 0x00,
    0xcf, 0xff, 0xff, 0xff, 0xff, 0xff, 0xf9, 0x00,
    0xcf, 0xff, 0xff, 0xff, 0xff, 0xff, 0xf9, 0x00,
    0xcf, 0xff, 0xff, 0xff, 0xff, 0xff, 0xf9, 0x00,
    0xcf, 0xff, 0x10, 0x00, 0x00, 0x00, 0x00, 0x00,
    0xcf, 0xff, 0x10, 0x00, 0x00, 0x00, 0x00, 0x00,
    0xcf, 0xff, 0x10, 0x00, 0x00, 0x00, 0x00, 0x00,
    0xcf, 0xff, 0x10, 0x00, 0x00, 0x00, 0x00, 0x00,
    0xcf, 0xff, 0x10, 0x00, 0x00, 0x00, 0x00, 0x00,
    0xcf, 0xff, 0x10, 0x00, 0x00, 0x00, 0x00, 0x00,
    0xcf, 0xff, 0x76, 0x66, 0x66, 0x66, 0x66, 0x20,
    0xcf, 0xff, 0xff, 0xff, 0xff, 0xff, 0xff, 0x70,
    0xcf, 0xff, 0xff, 0xff, 0xff, 0xff, 0xff, 0x70,
    0xcf, 0xff, 0xff, 0xff, 0xff, 0xff, 0xff, 0x70,
    0x00, 0x00, 0x00, 0x00, 0x03, 0xef, 0xf8, 0x00,
    0x00, 0x00, 0x00, 0x00, 0x0e, 0xff, 0x60, 0x00,
    0x00, 0x00, 0x00, 0x00, 0x4f, 0xff, 0x10, 0x00,
    0x00, 0x00, 0x00, 0x00, 0x5f, 0xff, 0xca, 0x70,
    0x00, 0x00, 0x00, 0x00, 0x1e, 0xff, 0xff, 0xe0,
    0x00, 0x00, 0x00, 0x00, 0x02, 0xae, 0xfd, 0x91,

    /* U+0119 "ę" */
    0x00, 0x00, 0x39, 0xdf, 0xfd, 0xa4, 0x00, 0x00,
    0x00, 0x09, 0xff, 0xff, 0xff, 0xff, 0xb1, 0x00,
    0x00, 0xaf, 0xff, 0xff, 0xff, 0xff, 0xfc, 0x00,
    0x06, 0xff, 0xfe, 0x62, 0x15, 0xdf, 0xff, 0x70,
    0x0e, 0xff, 0xe1, 0x00, 0x00, 0x1e, 0xff, 0xe0,
    0x4f, 0xff, 0x70, 0x00, 0x00, 0x07, 0xff, 0xf3,
    0x8f, 0xff, 0xda, 0xaa, 0xaa, 0xae, 0xff, 0xf6,
    0x9f, 0xff, 0xff, 0xff, 0xff, 0xff, 0xff, 0xf7,
    0xaf, 0xff, 0xff, 0xff, 0xff, 0xff, 0xff, 0xf8,
    0x9f, 0xff, 0x10, 0x00, 0x00, 0x00, 0x00, 0x00,
    0x8f, 0xff, 0x30, 0x00, 0x00, 0x00, 0x00, 0x00,
    0x4f, 0xff, 0x80, 0x00, 0x00, 0x02, 0x30, 0x00,
    0x0e, 0xff, 0xf2, 0x00, 0x00, 0x0c, 0xff, 0xe2,
    0x06, 0xff, 0xfe, 0x72, 0x13, 0xcf, 0xff, 0xf0,
    0x00, 0xbf, 0xff, 0xff, 0xff, 0xff, 0xff, 0x80,
    0x00, 0x09, 0xff, 0xff, 0xff, 0xff, 0xff, 0x00,
    0x00, 0x00, 0x39, 0xdf, 0xff, 0xff, 0xf3, 0x00,
    0x00, 0x00, 0x00, 0x00, 0x0b, 0xff, 0x90, 0x00,
    0x00, 0x00, 0x00, 0x00, 0x2f, 0xff, 0x10, 0x00,
    0x00, 0x00, 0x00, 0x00, 0x7f, 0xff, 0x00, 0x00,
    0x00, 0x00, 0x00, 0x00, 0x6f, 0xff, 0xca, 0x60,
    0x00, 0x00, 0x00, 0x00, 0x1f, 0xff, 0xff, 0xd0,
    0x00, 0x00, 0x00, 0x00, 0x02, 0xae, 0xfd, 0x80,

    /* U+011A "Ě" */
    0x00, 0xbf, 0xfa, 0x00, 0x1e, 0xff, 0x70, 0x00,
    0x00, 0xcf, 0xf6, 0x0c, 0xff, 0x90, 0x00, 0x00,
    0x01, 0xdf, 0xfb, 0xff, 0xa0, 0x00, 0x00, 0x00,
    0x02, 0xef, 0xff, 0xc0, 0x00, 0x00, 0x00, 0x00,
    0x03, 0x88, 0x70, 0x00, 0x00, 0x00, 0x00, 0x00,
    0x00, 0x00, 0x00, 0x00, 0x00, 0x00, 0x00, 0x00,
    0x00, 0x00, 0x00, 0x00, 0x0c, 0xff, 0xff, 0xff,
    0xff, 0xff, 0xff, 0xf6, 0xcf, 0xff, 0xff, 0xff,
    0xff, 0xff, 0xff, 0x6c, 0xff, 0xff, 0xff, 0xff,
    0xff, 0xff, 0xf6, 0xcf, 0xff, 0x76, 0x66, 0x66,
    0x66, 0x66, 0x2c, 0xff, 0xf1, 0x00, 0x00, 0x00,
    0x00, 0x00, 0xcf, 0xff, 0x10, 0x00, 0x00, 0x00,
    0x00, 0x0c, 0xff, 0xf1, 0x00, 0x00, 0x00, 0x00,
    0x00, 0xcf, 0xff, 0x10, 0x00, 0x00, 0x00, 0x00,
    0x0c, 0xff, 0xf1, 0x00, 0x00, 0x00, 0x00, 0x00,
    0xcf, 0xff, 0xff, 0xff, 0xff, 0xff, 0xf9, 0x0c,
    0xff, 0xff, 0xff, 0xff, 0xff, 0xff, 0x90, 0xcf,
    0xff, 0xff, 0xff, 0xff, 0xff, 0xf9, 0x0c, 0xff,
    0xf6, 0x55, 0x55, 0x55, 0x55, 0x30, 0xcf, 0xff,
    0x10, 0x00, 0x00, 0x00, 0x00, 0x0c, 0xff, 0xf1,
    0x00, 0x00, 0x00, 0x00, 0x00, 0xcf, 0xff, 0x10,
    0x00, 0x00, 0x00, 0x00, 0x0c, 0xff, 0xf1, 0x00,
    0x00, 0x00, 0x00, 0x00, 0xcf, 0xff, 0x10, 0x00,
    0x00, 0x00, 0x00, 0x0c, 0xff, 0xf7, 0x66, 0x66,
    0x66, 0x66, 0x62, 0xcf, 0xff, 0xff, 0xff, 0xff,
    0xff, 0xff, 0x7c, 0xff, 0xff, 0xff, 0xff, 0xff,
    0xff, 0xf7, 0xcf, 0xff, 0xff, 0xff, 0xff, 0xff,
    0xff, 0x70,

    /* U+011B "ě" */
    0x00, 0x3f, 0xff, 0x40, 0x06, 0xff, 0xe2, 0x00,
    0x00, 0x04, 0xff, 0xe1, 0x3f, 0xff, 0x30, 0x00,
    0x00, 0x00, 0x6f, 0xfc, 0xef, 0xf4, 0x00, 0x00,
    0x00, 0x00, 0x07, 0xff, 0xff, 0x60, 0x00, 0x00,
    0x00, 0x00, 0x00, 0x68, 0x85, 0x00, 0x00, 0x00,
    0x00, 0x00, 0x00, 0x00, 0x00, 0x00, 0x00, 0x00,
    0x00, 0x00, 0x00, 0x00, 0x00, 0x00, 0x00, 0x00,
    0x00, 0x00, 0x39, 0xdf, 0xfd, 0x93, 0x00, 0x00,
    0x00, 0x09, 0xff, 0xff, 0xff, 0xff, 0x90, 0x00,
    0x00, 0xaf, 0xff, 0xff, 0xff, 0xff, 0xfa, 0x00,
    0x06, 0xff, 0xfe, 0x62, 0x25, 0xef, 0xff, 0x50,
    0x0e, 0xff, 0xe1, 0x00, 0x00, 0x2f, 0xff, 0xd0,
    0x4f, 0xff, 0x70, 0x00, 0x00, 0x09, 0xff, 0xf1,
    0x8f, 0xff, 0x20, 0x00, 0x00, 0x04, 0xff, 0xf5,
    0x9f, 0xff, 0xff, 0xff, 0xff, 0xff, 0xff, 0xf6,
    0xaf, 0xff, 0xff, 0xff, 0xff, 0xff, 0xff, 0xf7,
    0x9f, 0xff, 0xca, 0xaa, 0xaa, 0xaa, 0xaa, 0xa5,
    0x8f, 0xff, 0x30, 0x00, 0x00, 0x00, 0x00, 0x00,
    0x4f, 0xff, 0x80, 0x00, 0x00, 0x00, 0x00, 0x00,
    0x0e, 0xff, 0xf2, 0x00, 0x00, 0x0a, 0xfb, 0x81,
    0x06, 0xff, 0xfe, 0x72, 0x14, 0xbf, 0xff, 0xd0,
    0x00, 0xbf, 0xff, 0xff, 0xff, 0xff, 0xff, 0x30,
    0x00, 0x09, 0xff, 0xff, 0xff, 0xff, 0xe3, 0x00,
    0x00, 0x00, 0x39, 0xdf, 0xfe, 0xb6, 0x00, 0x00,

    /* U+011C "Ĝ" */
    0x00, 0x00, 0x00, 0x00, 0x28, 0x87, 0x10, 0x00,
    0x00, 0x00, 0x00, 0x00, 0x00, 0x01, 0xef, 0xff,
    0xc0, 0x00, 0x00, 0x00, 0x00, 0x00, 0x00, 0x1d,
    0xff, 0xbf, 0xfb, 0x00, 0x00, 0x00, 0x00, 0x00,
    0x00, 0xcf, 0xf8, 0x0a, 0xff, 0x90, 0x00, 0x00,
    0x00, 0x00, 0x0b, 0xff, 0xb0, 0x00, 0xdf, 0xf7,
    0x00, 0x00, 0x00, 0x00, 0x00, 0x00, 0x00, 0x00,
    0x00, 0x00, 0x00, 0x00, 0x00, 0x00, 0x00, 0x00,
    0x00, 0x00, 0x00, 0x00, 0x00, 0x00, 0x00, 0x00,
    0x00, 0x00, 0x00, 0x00, 0x00, 0x00, 0x00, 0x00,
    0x00, 0x00, 0x00, 0x39, 0xcf, 0xfe, 0xc9, 0x30,
    0x00, 0x00, 0x00, 0x00, 0x2b, 0xff, 0xff, 0xff,
    0xff, 0xfc, 0x20, 0x00, 0x00, 0x03, 0xff, 0xff,
    0xff, 0xff, 0xff, 0xff, 0xf4, 0x00, 0x00, 0x2f,
    0xff, 0xff, 0xeb, 0xab, 0xef, 0xff, 0xff, 0x30,
    0x00, 0xcf, 0xff, 0xf7, 0x00, 0x00, 0x05, 0xef,
    0xff, 0xd0, 0x05, 0xff, 0xff, 0x40, 0x00, 0x00,
    0x00, 0x2f, 0xff, 0xf4, 0x0c, 0xff, 0xf8, 0x00,
    0x00, 0x00, 0x00, 0x08, 0xff, 0xf8, 0x1f, 0xff,
    0xf1, 0x00, 0x00, 0x00, 0x00, 0x00, 0x00, 0x00,
    0x4f, 0xff, 0xb0, 0x00, 0x00, 0x00, 0x00, 0x00,
    0x00, 0x00, 0x6f, 0xff, 0x90, 0x00, 0x00, 0x00,
    0x00, 0x00, 0x00, 0x00, 0x7f, 0xff, 0x70, 0x00,
    0x00, 0x0f, 0xff, 0xff, 0xff, 0xfe, 0x7f, 0xff,
    0x70, 0x00, 0x00, 0x0f, 0xff, 0xff, 0xff, 0xfe,
    0x6f, 0xff, 0x90, 0x00, 0x00, 0x0f, 0xff, 0xff,
    0xff, 0xfd, 0x4f, 0xff, 0xb0, 0x00, 0x00, 0x02,
    0x22, 0x22, 0xff, 0xfd, 0x1f, 0xff, 0xf1, 0x00,
    0x00, 0x00, 0x00, 0x01, 0xff, 0xfb, 0x0c, 0xff,
    0xf8, 0x00, 0x00, 0x00, 0x00, 0x07, 0xff, 0xf8,
    0x06, 0xff, 0xff, 0x40, 0x00, 0x00, 0x00, 0x1e,
    0xff, 0xf3, 0x00, 0xdf, 0xff, 0xf7, 0x00, 0x00,
    0x04, 0xef, 0xff, 0xb0, 0x00, 0x2f, 0xff, 0xff,
    0xfb, 0x9a, 0xdf, 0xff, 0xfe, 0x10, 0x00, 0x04,
    0xff, 0xff, 0xff, 0xff, 0xff, 0xff, 0xe4, 0x00,
    0x00, 0x00, 0x2b, 0xff, 0xff, 0xff, 0xff, 0xfc,
    0x20, 0x00, 0x00, 0x00, 0x00, 0x39, 0xcf, 0xff,
    0xd9, 0x40, 0x00, 0x00,

    /* U+011D "ĝ" */
    0x00, 0x00, 0x01, 0xdf, 0xff, 0x30, 0x00, 0x00,
    0x00, 0x00, 0x1d, 0xff, 0xef, 0xe3, 0x00, 0x00,
    0x00, 0x01, 0xdf, 0xf5, 0x3f, 0xfe, 0x30, 0x00,
    0x00, 0x1d, 0xff, 0x70, 0x04, 0xff, 0xe3, 0x00,
    0x00, 0x00, 0x00, 0x00, 0x00, 0x00, 0x00, 0x00,
    0x00, 0x00, 0x00, 0x00, 0x00, 0x00, 0x00, 0x00,
    0x00, 0x00, 0x00, 0x00, 0x00, 0x00, 0x00, 0x00,
    0x00, 0x00, 0x6c, 0xff, 0xd7, 0x00, 0xff, 0xfc,
    0x00, 0x1c, 0xff, 0xff, 0xff, 0xb0, 0xff, 0xfc,
    0x00, 0xdf, 0xff, 0xff, 0xff, 0xf8, 0xff, 0xfc,
    0x08, 0xff, 0xff, 0x94, 0x48, 0xff, 0xff, 0xfc,
    0x0f, 0xff, 0xf7, 0x00, 0x00, 0x3f, 0xff, 0xfc,
    0x4f, 0xff, 0xd0, 0x00, 0x00, 0x09, 0xff, 0xfc,
    0x8f, 0xff, 0x70, 0x00, 0x00, 0x04, 0xff, 0xfc,
    0x9f, 0xff, 0x40, 0x00, 0x00, 0x01, 0xff, 0xfc,
    0xaf, 0xff, 0x30, 0x00, 0x00, 0x00, 0xff, 0xfc,
    0xaf, 0xff, 0x40, 0x00, 0x00, 0x01, 0xff, 0xfc,
    0x8f, 0xff, 0x60, 0x00, 0x00, 0x03, 0xff, 0xfc,
    0x6f, 0xff, 0xb0, 0x00, 0x00, 0x08, 0xff, 0xfc,
    0x1f, 0xff, 0xf4, 0x00, 0x00, 0x1e, 0xff, 0xfc,
    0x0a, 0xff, 0xff, 0x72, 0x25, 0xef, 0xff, 0xfc,
    0x01, 0xef, 0xff, 0xff, 0xff, 0xf9, 0xff, 0xfc,
    0x00, 0x2d, 0xff, 0xff, 0xff, 0xc0, 0xff, 0xfc,
    0x00, 0x00, 0x7c, 0xef, 0xd7, 0x00, 0xff, 0xfb,
    0x00, 0x00, 0x00, 0x00, 0x00, 0x01, 0xff, 0xfa,
    0x00, 0x16, 0x40, 0x00, 0x00, 0x06, 0xff, 0xf7,
    0x0b, 0xff, 0xf7, 0x20, 0x02, 0x8f, 0xff, 0xf1,
    0x05, 0xff, 0xff, 0xff, 0xff, 0xff, 0xff, 0x60,
    0x00, 0x5f, 0xff, 0xff, 0xff, 0xff, 0xf6, 0x00,
    0x00, 0x01, 0x7b, 0xef, 0xfe, 0xb7, 0x10, 0x00,

    /* U+011E "Ğ" */
    0x00, 0x00, 0x02, 0x88, 0x00, 0x00, 0x18, 0x81,
    0x00, 0x00, 0x00, 0x00, 0x03, 0xff, 0x30, 0x00,
    0x6f, 0xf1, 0x00, 0x00, 0x00, 0x00, 0x00, 0xef,
    0xd3, 0x04, 0xef, 0xb0, 0x00, 0x00, 0x00, 0x00,
    0x00, 0x4f, 0xff, 0xff, 0xff, 0x20, 0x00, 0x00,
    0x00, 0x00, 0x00, 0x04, 0xdf, 0xff, 0xc3, 0x00,
    0x00, 0x00, 0x00, 0x00, 0x00, 0x00, 0x02, 0x42,
    0x00, 0x00, 0x00, 0x00, 0x00, 0x00, 0x00, 0x00,
    0x00, 0x00, 0x00, 0x00, 0x00, 0x00, 0x00, 0x00,
    0x00, 0x00, 0x00, 0x00, 0x00, 0x00, 0x00, 0x00,
    0x00, 0x00, 0x00, 0x39, 0xcf, 0xfe, 0xc9, 0x30,
    0x00, 0x00, 0x00, 0x00, 0x2b, 0xff, 0xff, 0xff,
    0xff, 0xfc, 0x20, 0x00, 0x00, 0x03, 0xff, 0xff,
    0xff, 0xff, 0xff, 0xff, 0xf4, 0x00, 0x00, 0x2f,
    0xff, 0xff, 0xeb, 0xab, 0xef, 0xff, 0xff, 0x30,
    0x00, 0xcf, 0xff, 0xf7, 0x00, 0x00, 0x05, 0xef,
    0xff, 0xd0, 0x05, 0xff, 0xff, 0x40, 0x00, 0x00,
    0x00, 0x2f, 0xff, 0xf4, 0x0c, 0xff, 0xf8, 0x00,
    0x00, 0x00, 0x00, 0x08, 0xff, 0xf8, 0x1f, 0xff,
    0xf1, 0x00, 0x00, 0x00, 0x00, 0x00, 0x00, 0x00,
    0x4f, 0xff, 0xb0, 0x00, 0x00, 0x00, 0x00, 0x00,
    0x00, 0x00, 0x6f, 0xff, 0x90, 0x00, 0x00, 0x00,
    0x00, 0x00, 0x00, 0x00, 0x7f, 0xff, 0x70, 0x00,
    0x00, 0x0f, 0xff, 0xff, 0xff, 0xfe, 0x7f, 0xff,
    0x70, 0x00, 0x00, 0x0f, 0xff, 0xff, 0xff, 0xfe,
    0x6f, 0xff, 0x90, 0x00, 0x00, 0x0f, 0xff, 0xff,
    0xff, 0xfd, 0x4f, 0xff, 0xb0, 0x00, 0x00, 0x02,
    0x22, 0x22, 0xff, 0xfd, 0x1f, 0xff, 0xf1, 0x00,
    0x00, 0x00, 0x00, 0x01, 0xff, 0xfb, 0x0c, 0xff,
    0xf8, 0x00, 0x00, 0x00, 0x00, 0x07, 0xff, 0xf8,
    0x06, 0xff, 0xff, 0x40, 0x00, 0x00, 0x00, 0x1e,
    0xff, 0xf3, 0x00, 0xdf, 0xff, 0xf7, 0x00, 0x00,
    0x04, 0xef, 0xff, 0xb0, 0x00, 0x2f, 0xff, 0xff,
    0xfb, 0x9a, 0xdf, 0xff, 0xfe, 0x10, 0x00, 0x04,
    0xff, 0xff, 0xff, 0xff, 0xff, 0xff, 0xe4, 0x00,
    0x00, 0x00, 0x2b, 0xff, 0xff, 0xff, 0xff, 0xfc,
    0x20, 0x00, 0x00, 0x00, 0x00, 0x39, 0xcf, 0xff,
    0xd9, 0x40, 0x00, 0x00,

    /* U+011F "ğ" */
    0x00, 0x09, 0xfc, 0x00, 0x00, 0x9f, 0xd0, 0x00,
    0x00, 0x05, 0xff, 0x81, 0x06, 0xff, 0x80, 0x00,
    0x00, 0x00, 0xcf, 0xff, 0xff, 0xfe, 0x10, 0x00,
    0x00, 0x00, 0x09, 0xff, 0xff, 0xb1, 0x00, 0x00,
    0x00, 0x00, 0x00, 0x03, 0x41, 0x00, 0x00, 0x00,
    0x00, 0x00, 0x00, 0x00, 0x00, 0x00, 0x00, 0x00,
    0x00, 0x00, 0x00, 0x00, 0x00, 0x00, 0x00, 0x00,
    0x00, 0x00, 0x6c, 0xff, 0xd7, 0x00, 0xff, 0xfc,
    0x00, 0x1c, 0xff, 0xff, 0xff, 0xb0, 0xff, 0xfc,
    0x00, 0xdf, 0xff, 0xff, 0xff, 0xf8, 0xff, 0xfc,
    0x08, 0xff, 0xff, 0x94, 0x48, 0xff, 0xff, 0xfc,
    0x0f, 0xff, 0xf7, 0x00, 0x00, 0x3f, 0xff, 0xfc,
    0x4f, 0xff, 0xd0, 0x00, 0x00, 0x09, 0xff, 0xfc,
    0x8f, 0xff, 0x70, 0x00, 0x00, 0x04, 0xff, 0xfc,
    0x9f, 0xff, 0x40, 0x00, 0x00, 0x01, 0xff, 0xfc,
    0xaf, 0xff, 0x30, 0x00, 0x00, 0x00, 0xff, 0xfc,
    0xaf, 0xff, 0x40, 0x00, 0x00, 0x01, 0xff, 0xfc,
    0x8f, 0xff, 0x60, 0x00, 0x00, 0x03, 0xff, 0xfc,
    0x6f, 0xff, 0xb0, 0x00, 0x00, 0x08, 0xff, 0xfc,
    0x1f, 0xff, 0xf4, 0x00, 0x00, 0x1e, 0xff, 0xfc,
    0x0a, 0xff, 0xff, 0x72, 0x25, 0xec, 0xff, 0xfc,
    0x01, 0xef, 0xff, 0xff, 0xff, 0xf3, 0xff, 0xfc,
    0x00, 0x2d, 0xff, 0xff, 0xff, 0x70, 0xff, 0xfc,
    0x00, 0x00, 0x7c, 0xef, 0xc5, 0x00, 0xff, 0xfb,
    0x00, 0x00, 0x00, 0x00, 0x00, 0x02, 0xff, 0xfa,
    0x00, 0x16, 0x40, 0x00, 0x00, 0x08, 0xff, 0xf7,
    0x0b, 0xff, 0xf7, 0x20, 0x02, 0x9f, 0xff, 0xf1,
    0x05, 0xff, 0xff, 0xff, 0xff, 0xff, 0xff, 0x60,
    0x00, 0x5f, 0xff, 0xff, 0xff, 0xff, 0xf6, 0x00,
    0x00, 0x01, 0x7b, 0xef, 0xfe, 0xb7, 0x10, 0x00,

    /* U+0120 "Ġ" */
    0x00, 0x00, 0x00, 0x00, 0x01, 0x30, 0x00, 0x00,
    0x00, 0x00, 0x00, 0x00, 0x00, 0x00, 0x4f, 0xfe,
    0x20, 0x00, 0x00, 0x00, 0x00, 0x00, 0x00, 0x00,
    0xbf, 0xff, 0x90, 0x00, 0x00, 0x00, 0x00, 0x00,
    0x00, 0x00, 0xaf, 0xff, 0x70, 0x00, 0x00, 0x00,
    0x00, 0x00, 0x00, 0x00, 0x1c, 0xfa, 0x00, 0x00,
    0x00, 0x00, 0x00, 0x00, 0x00, 0x00, 0x00, 0x00,
    0x00, 0x00, 0x00, 0x00, 0x00, 0x00, 0x00, 0x00,
    0x00, 0x00, 0x00, 0x00, 0x00, 0x00, 0x00, 0x00,
    0x00, 0x00, 0x00, 0x00, 0x00, 0x00, 0x00, 0x00,
    0x00, 0x00, 0x00, 0x39, 0xcf, 0xfe, 0xc9, 0x30,
    0x00, 0x00, 0x00, 0x00, 0x2b, 0xff, 0xff, 0xff,
    0xff, 0xfc, 0x20, 0x00, 0x00, 0x03, 0xff, 0xff,
    0xff, 0xff, 0xff, 0xff, 0xf4, 0x00, 0x00, 0x2f,
    0xff, 0xff, 0xeb, 0xab, 0xef, 0xff, 0xff, 0x30,
    0x00, 0xcf, 0xff, 0xf7, 0x00, 0x00, 0x05, 0xef,
    0xff, 0xd0, 0x05, 0xff, 0xff, 0x40, 0x00, 0x00,
    0x00, 0x2f, 0xff, 0xf4, 0x0c, 0xff, 0xf8, 0x00,
    0x00, 0x00, 0x00, 0x08, 0xff, 0xf8, 0x1f, 0xff,
    0xf1, 0x00, 0x00, 0x00, 0x00, 0x00, 0x00, 0x00,
    0x4f, 0xff, 0xb0, 0x00, 0x00, 0x00, 0x00, 0x00,
    0x00, 0x00, 0x6f, 0xff, 0x90, 0x00, 0x00, 0x00,
    0x00, 0x00, 0x00, 0x00, 0x7f, 0xff, 0x70, 0x00,
    0x00, 0x0f, 0xff, 0xff, 0xff, 0xfe, 0x7f, 0xff,
    0x70, 0x00, 0x00, 0x0f, 0xff, 0xff, 0xff, 0xfe,
    0x6f, 0xff, 0x90, 0x00, 0x00, 0x0f, 0xff, 0xff,
    0xff, 0xfd, 0x4f, 0xff, 0xb0, 0x00, 0x00, 0x02,
    0x22, 0x22, 0xff, 0xfd, 0x1f, 0xff, 0xf1, 0x00,
    0x00, 0x00, 0x00, 0x01, 0xff, 0xfb, 0x0c, 0xff,
    0xf8, 0x00, 0x00, 0x00, 0x00, 0x07, 0xff, 0xf8,
    0x06, 0xff, 0xff, 0x40, 0x00, 0x00, 0x00, 0x1e,
    0xff, 0xf3, 0x00, 0xdf, 0xff, 0xf7, 0x00, 0x00,
    0x04, 0xef, 0xff, 0xb0, 0x00, 0x2f, 0xff, 0xff,
    0xfb, 0x9a, 0xdf, 0xff, 0xfe, 0x10, 0x00, 0x04,
    0xff, 0xff, 0xff, 0xff, 0xff, 0xff, 0xe4, 0x00,
    0x00, 0x00, 0x2b, 0xff, 0xff, 0xff, 0xff, 0xfc,
    0x20, 0x00, 0x00, 0x00, 0x00, 0x39, 0xcf, 0xff,
    0xd9, 0x40, 0x00, 0x00,

    /* U+0121 "ġ" */
    0x00, 0x00, 0x00, 0x4d, 0xe7, 0x00, 0x00, 0x00,
    0x00, 0x00, 0x00, 0xff, 0xff, 0x20, 0x00, 0x00,
    0x00, 0x00, 0x00, 0xff, 0xff, 0x40, 0x00, 0x00,
    0x00, 0x00, 0x00, 0x8f, 0xfb, 0x00, 0x00, 0x00,
    0x00, 0x00, 0x00, 0x02, 0x30, 0x00, 0x00, 0x00,
    0x00, 0x00, 0x00, 0x00, 0x00, 0x00, 0x00, 0x00,
    0x00, 0x00, 0x00, 0x00, 0x00, 0x00, 0x00, 0x00,
    0x00, 0x00, 0x6c, 0xff, 0xd7, 0x00, 0xff, 0xfc,
    0x00, 0x1c, 0xff, 0xff, 0xff, 0xb0, 0xff, 0xfc,
    0x00, 0xdf, 0xff, 0xff, 0xff, 0xf8, 0xff, 0xfc,
    0x08, 0xff, 0xff, 0x94, 0x48, 0xff, 0xff, 0xfc,
    0x0f, 0xff, 0xf7, 0x00, 0x00, 0x3f, 0xff, 0xfc,
    0x4f, 0xff, 0xd0, 0x00, 0x00, 0x09, 0xff, 0xfc,
    0x8f, 0xff, 0x70, 0x00, 0x00, 0x04, 0xff, 0xfc,
    0x9f, 0xff, 0x40, 0x00, 0x00, 0x01, 0xff, 0xfc,
    0xaf, 0xff, 0x30, 0x00, 0x00, 0x00, 0xff, 0xfc,
    0xaf, 0xff, 0x40, 0x00, 0x00, 0x01, 0xff, 0xfc,
    0x8f, 0xff, 0x60, 0x00, 0x00, 0x03, 0xff, 0xfc,
    0x6f, 0xff, 0xb0, 0x00, 0x00, 0x08, 0xff, 0xfc,
    0x1f, 0xff, 0xf4, 0x00, 0x00, 0x1e, 0xff, 0xfc,
    0x0a, 0xff, 0xff, 0x72, 0x25, 0xef, 0xff, 0xfc,
    0x01, 0xef, 0xff, 0xff, 0xff, 0xf9, 0xff, 0xfc,
    0x00, 0x2d, 0xff, 0xff, 0xff, 0xc0, 0xff, 0xfc,
    0x00, 0x00, 0x7c, 0xef, 0xd7, 0x00, 0xff, 0xfb,
    0x00, 0x00, 0x00, 0x00, 0x00, 0x01, 0xff, 0xfa,
    0x00, 0x16, 0x40, 0x00, 0x00, 0x06, 0xff, 0xf7,
    0x0b, 0xff, 0xf7, 0x20, 0x02, 0x8f, 0xff, 0xf1,
    0x05, 0xff, 0xff, 0xff, 0xff, 0xff, 0xff, 0x60,
    0x00, 0x5f, 0xff, 0xff, 0xff, 0xff, 0xf6, 0x00,
    0x00, 0x01, 0x7b, 0xef, 0xfe, 0xb7, 0x10, 0x00,

    /* U+0122 "Ģ" */
    0x00, 0x00, 0x00, 0x39, 0xcf, 0xfe, 0xc9, 0x30,
    0x00, 0x00, 0x00, 0x00, 0x2b, 0xff, 0xff, 0xff,
    0xff, 0xfc, 0x20, 0x00, 0x00, 0x03, 0xff, 0xff,
    0xff, 0xff, 0xff, 0xff, 0xf4, 0x00, 0x00, 0x2f,
    0xff, 0xff, 0xeb, 0xab, 0xef, 0xff, 0xff, 0x30,
    0x00, 0xcf, 0xff, 0xf7, 0x00, 0x00, 0x05, 0xef,
    0xff, 0xd0, 0x05, 0xff, 0xff, 0x40, 0x00, 0x00,
    0x00, 0x2f, 0xff, 0xf4, 0x0c, 0xff, 0xf8, 0x00,
    0x00, 0x00, 0x00, 0x08, 0xff, 0xf8, 0x1f, 0xff,
    0xf1, 0x00, 0x00, 0x00, 0x00, 0x00, 0x00, 0x00,
    0x4f, 0xff, 0xb0, 0x00, 0x00, 0x00, 0x00, 0x00,
    0x00, 0x00, 0x6f, 0xff, 0x90, 0x00, 0x00, 0x00,
    0x00, 0x00, 0x00, 0x00, 0x7f, 0xff, 0x70, 0x00,
    0x00, 0x0f, 0xff, 0xff, 0xff, 0xfe, 0x7f, 0xff,
    0x70, 0x00, 0x00, 0x0f, 0xff, 0xff, 0xff, 0xfe,
    0x6f, 0xff, 0x90, 0x00, 0x00, 0x0f, 0xff, 0xff,
    0xff, 0xfd, 0x4f, 0xff, 0xb0, 0x00, 0x00, 0x02,
    0x22, 0x22, 0xff, 0xfd, 0x1f, 0xff, 0xf1, 0x00,
    0x00, 0x00, 0x00, 0x01, 0xff, 0xfb, 0x0c, 0xff,
    0xf8, 0x00, 0x00, 0x00, 0x00, 0x07, 0xff, 0xf8,
    0x06, 0xff, 0xff, 0x40, 0x00, 0x00, 0x00, 0x1e,
    0xff, 0xf3, 0x00, 0xdf, 0xff, 0xf7, 0x00, 0x00,
    0x04, 0xef, 0xff, 0xb0, 0x00, 0x2f, 0xff, 0xff,
    0xfb, 0x9a, 0xdf, 0xff, 0xfe, 0x10, 0x00, 0x04,
    0xff, 0xff, 0xff, 0xff, 0xff, 0xff, 0xe4, 0x00,
    0x00, 0x00, 0x2b, 0xff, 0xff, 0xff, 0xff, 0xfc,
    0x20, 0x00, 0x00, 0x00, 0x00, 0x39, 0xcf, 0xff,
    0xd9, 0x40, 0x00, 0x00, 0x00, 0x00, 0x00, 0x00,
    0x00, 0x00, 0x00, 0x00, 0x00, 0x00, 0x00, 0x00,
    0x00, 0x00, 0x37, 0x77, 0x00, 0x00, 0x00, 0x00,
    0x00, 0x00, 0x00, 0x00, 0xaf, 0xfc, 0x00, 0x00,
    0x00, 0x00, 0x00, 0x00, 0x00, 0x00, 0xef, 0xf6,
    0x00, 0x00, 0x00, 0x00, 0x00, 0x00, 0x00, 0x02,
    0xff, 0xf0, 0x00, 0x00, 0x00, 0x00, 0x00, 0x00,
    0x00, 0x05, 0xff, 0x90, 0x00, 0x00, 0x00, 0x00,
    0x00, 0x00, 0x00, 0x09, 0xff, 0x30, 0x00, 0x00,
    0x00, 0x00,

    /* U+0123 "ģ" */
    0x00, 0x00, 0x00, 0x00, 0x64, 0x00, 0x00, 0x00,
    0x00, 0x00, 0x00, 0x04, 0xff, 0x70, 0x00, 0x00,
    0x00, 0x00, 0x00, 0x0c, 0xff, 0x20, 0x00, 0x00,
    0x00, 0x00, 0x00, 0x2f, 0xfb, 0x00, 0x00, 0x00,
    0x00, 0x00, 0x00, 0x4f, 0xf8, 0x00, 0x00, 0x00,
    0x00, 0x00, 0x00, 0x5f, 0xf7, 0x00, 0x00, 0x00,
    0x00, 0x00, 0x00, 0x5f, 0xf7, 0x00, 0x00, 0x00,
    0x00, 0x00, 0x00, 0x00, 0x00, 0x00, 0x00, 0x00,
    0x00, 0x00, 0x00, 0x00, 0x00, 0x00, 0x00, 0x00,
    0x00, 0x00, 0x6c, 0xff, 0xd7, 0x00, 0xff, 0xfc,
    0x00, 0x1c, 0xff, 0xff, 0xff, 0xb0, 0xff, 0xfc,
    0x00, 0xdf, 0xff, 0xff, 0xff, 0xf8, 0xff, 0xfc,
    0x08, 0xff, 0xff, 0x94, 0x48, 0xff, 0xff, 0xfc,
    0x0f, 0xff, 0xf7, 0x00, 0x00, 0x3f, 0xff, 0xfc,
    0x4f, 0xff, 0xd0, 0x00, 0x00, 0x09, 0xff, 0xfc,
    0x8f, 0xff, 0x70, 0x00, 0x00, 0x04, 0xff, 0xfc,
    0x9f, 0xff, 0x40, 0x00, 0x00, 0x01, 0xff, 0xfc,
    0xaf, 0xff, 0x30, 0x00, 0x00, 0x00, 0xff, 0xfc,
    0xaf, 0xff, 0x40, 0x00, 0x00, 0x01, 0xff, 0xfc,
    0x8f, 0xff, 0x60, 0x00, 0x00, 0x03, 0xff, 0xfc,
    0x6f, 0xff, 0xb0, 0x00, 0x00, 0x08, 0xff, 0xfc,
    0x1f, 0xff, 0xf4, 0x00, 0x00, 0x1e, 0xff, 0xfc,
    0x0a, 0xff, 0xff, 0x72, 0x25, 0xef, 0xff, 0xfc,
    0x01, 0xef, 0xff, 0xff, 0xff, 0xf9, 0xff, 0xfc,
    0x00, 0x2d, 0xff, 0xff, 0xff, 0xc0, 0xff, 0xfc,
    0x00, 0x00, 0x7c, 0xef, 0xd7, 0x00, 0xff, 0xfb,
    0x00, 0x00, 0x00, 0x00, 0x00, 0x01, 0xff, 0xfa,
    0x00, 0x16, 0x40, 0x00, 0x00, 0x06, 0xff, 0xf7,
    0x0b, 0xff, 0xf7, 0x20, 0x02, 0x8f, 0xff, 0xf1,
    0x05, 0xff, 0xff, 0xff, 0xff, 0xff, 0xff, 0x60,
    0x00, 0x5f, 0xff, 0xff, 0xff, 0xff, 0xf6, 0x00,
    0x00, 0x01, 0x7b, 0xef, 0xfe, 0xb7, 0x10, 0x00,

    /* U+0124 "Ĥ" */
    0x00, 0x00, 0x00, 0x0c, 0xff, 0xf3, 0x00, 0x00,
    0x00, 0x00, 0x00, 0x00, 0x0b, 0xff, 0xff, 0xe2,
    0x00, 0x00, 0x00, 0x00, 0x00, 0x09, 0xff, 0xa5,
    0xff, 0xd1, 0x00, 0x00, 0x00, 0x00, 0x08, 0xff,
    0xd0, 0x08, 0xff, 0xc0, 0x00, 0x00, 0x00, 0x01,
    0x78, 0x82, 0x00, 0x07, 0x88, 0x30, 0x00, 0x00,
    0x00, 0x00, 0x00, 0x00, 0x00, 0x00, 0x00, 0x00,
    0x00, 0x00, 0x00, 0x00, 0x00, 0x00, 0x00, 0x00,
    0x00, 0x00, 0x0c, 0xff, 0xf1, 0x00, 0x00, 0x00,
    0x00, 0x0b, 0xff, 0xf2, 0xcf, 0xff, 0x10, 0x00,
    0x00, 0x00, 0x00, 0xbf, 0xff, 0x2c, 0xff, 0xf1,
    0x00, 0x00, 0x00, 0x00, 0x0b, 0xff, 0xf2, 0xcf,
    0xff, 0x10, 0x00, 0x00, 0x00, 0x00, 0xbf, 0xff,
    0x2c, 0xff, 0xf1, 0x00, 0x00, 0x00, 0x00, 0x0b,
    0xff, 0xf2, 0xcf, 0xff, 0x10, 0x00, 0x00, 0x00,
    0x00, 0xbf, 0xff, 0x2c, 0xff, 0xf1, 0x00, 0x00,
    0x00, 0x00, 0x0b, 0xff, 0xf2, 0xcf, 0xff, 0x10,
    0x00, 0x00, 0x00, 0x00, 0xbf, 0xff, 0x2c, 0xff,
    0xf1, 0x00, 0x00, 0x00, 0x00, 0x0b, 0xff, 0xf2,
    0xcf, 0xff, 0xff, 0xff, 0xff, 0xff, 0xff, 0xff,
    0xff, 0x2c, 0xff, 0xff, 0xff, 0xff, 0xff, 0xff,
    0xff, 0xff, 0xf2, 0xcf, 0xff, 0xff, 0xff, 0xff,
    0xff, 0xff, 0xff, 0xff, 0x2c, 0xff, 0xf7, 0x66,
    0x66, 0x66, 0x66, 0x6d, 0xff, 0xf2, 0xcf, 0xff,
    0x10, 0x00, 0x00, 0x00, 0x00, 0xbf, 0xff, 0x2c,
    0xff, 0xf1, 0x00, 0x00, 0x00, 0x00, 0x0b, 0xff,
    0xf2, 0xcf, 0xff, 0x10, 0x00, 0x00, 0x00, 0x00,
    0xbf, 0xff, 0x2c, 0xff, 0xf1, 0x00, 0x00, 0x00,
    0x00, 0x0b, 0xff, 0xf2, 0xcf, 0xff, 0x10, 0x00,
    0x00, 0x00, 0x00, 0xbf, 0xff, 0x2c, 0xff, 0xf1,
    0x00, 0x00, 0x00, 0x00, 0x0b, 0xff, 0xf2, 0xcf,
    0xff, 0x10, 0x00, 0x00, 0x00, 0x00, 0xbf, 0xff,
    0x2c, 0xff, 0xf1, 0x00, 0x00, 0x00, 0x00, 0x0b,
    0xff, 0xf2, 0xcf, 0xff, 0x10, 0x00, 0x00, 0x00,
    0x00, 0xbf, 0xff, 0x20,

    /* U+0125 "ĥ" */
    0x00, 0x02, 0xef, 0xfc, 0x00, 0x00, 0x00, 0x00,
    0x00, 0x00, 0x01, 0xef, 0xff, 0xfb, 0x00, 0x00,
    0x00, 0x00, 0x00, 0x01, 0xdf, 0xf6, 0xaf, 0xf9,
    0x00, 0x00, 0x00, 0x00, 0x00, 0xcf, 0xf9, 0x00,
    0xcf, 0xf8, 0x00, 0x00, 0x00, 0x00, 0x38, 0x87,
    0x00, 0x01, 0x88, 0x71, 0x00, 0x00, 0x00, 0x00,
    0x00, 0x00, 0x00, 0x00, 0x00, 0x00, 0x00, 0x00,
    0x00, 0x00, 0x00, 0x00, 0x00, 0x00, 0x00, 0x00,
    0x00, 0x00, 0x00, 0x00, 0x0f, 0xff, 0xc0, 0x00,
    0x00, 0x00, 0x00, 0x00, 0x00, 0x00, 0xff, 0xfc,
    0x00, 0x00, 0x00, 0x00, 0x00, 0x00, 0x00, 0x0f,
    0xff, 0xc0, 0x00, 0x00, 0x00, 0x00, 0x00, 0x00,
    0x00, 0xff, 0xfc, 0x00, 0x00, 0x00, 0x00, 0x00,
    0x00, 0x00, 0x0f, 0xff, 0xc0, 0x00, 0x00, 0x00,
    0x00, 0x00, 0x00, 0x00, 0xff, 0xfc, 0x00, 0x8d,
    0xfe, 0xb5, 0x00, 0x00, 0x00, 0x0f, 0xff, 0xc1,
    0xdf, 0xff, 0xff, 0xf9, 0x00, 0x00, 0x00, 0xff,
    0xfc, 0xaf, 0xff, 0xff, 0xff, 0xf6, 0x00, 0x00,
    0x0f, 0xff, 0xff, 0xc6, 0x58, 0xff, 0xff, 0xd0,
    0x00, 0x00, 0xff, 0xff, 0xb0, 0x00, 0x03, 0xff,
    0xff, 0x20, 0x00, 0x0f, 0xff, 0xf2, 0x00, 0x00,
    0x0b, 0xff, 0xf4, 0x00, 0x00, 0xff, 0xfe, 0x00,
    0x00, 0x00, 0x8f, 0xff, 0x50, 0x00, 0x0f, 0xff,
    0xd0, 0x00, 0x00, 0x07, 0xff, 0xf5, 0x00, 0x00,
    0xff, 0xfd, 0x00, 0x00, 0x00, 0x7f, 0xff, 0x50,
    0x00, 0x0f, 0xff, 0xd0, 0x00, 0x00, 0x07, 0xff,
    0xf5, 0x00, 0x00, 0xff, 0xfd, 0x00, 0x00, 0x00,
    0x7f, 0xff, 0x50, 0x00, 0x0f, 0xff, 0xd0, 0x00,
    0x00, 0x07, 0xff, 0xf5, 0x00, 0x00, 0xff, 0xfd,
    0x00, 0x00, 0x00, 0x7f, 0xff, 0x50, 0x00, 0x0f,
    0xff, 0xd0, 0x00, 0x00, 0x07, 0xff, 0xf5, 0x00,
    0x00, 0xff, 0xfd, 0x00, 0x00, 0x00, 0x7f, 0xff,
    0x50, 0x00, 0x0f, 0xff, 0xd0, 0x00, 0x00, 0x07,
    0xff, 0xf5, 0x00, 0x00, 0xff, 0xfd, 0x00, 0x00,
    0x00, 0x7f, 0xff, 0x50,

    /* U+0126 "Ħ" */
    0x00, 0xff, 0xfe, 0x00, 0x00, 0x00, 0x00, 0x00,
    0xff, 0xff, 0x00, 0x00, 0xff, 0xfe, 0x00, 0x00,
    0x00, 0x00, 0x00, 0xff, 0xff, 0x00, 0x00, 0xff,
    0xfe, 0x00, 0x00, 0x00, 0x00, 0x00, 0xff, 0xff,
    0x00, 0x00, 0xff, 0xfe, 0x00, 0x00, 0x00, 0x00,
    0x00, 0xff, 0xff, 0x00, 0xcf, 0xff, 0xff, 0xff,
    0xff, 0xff, 0xff, 0xff, 0xff, 0xff, 0xfb, 0xcf,
    0xff, 0xff, 0xff, 0xff, 0xff, 0xff, 0xff, 0xff,
    0xff, 0xfb, 0x68, 0xff, 0xff, 0x77, 0x77, 0x77,
    0x77, 0x77, 0xff, 0xff, 0x75, 0x00, 0xff, 0xfe,
    0x00, 0x00, 0x00, 0x00, 0x00, 0xff, 0xff, 0x00,
    0x00, 0xff, 0xfe, 0x00, 0x00, 0x00, 0x00, 0x00,
    0xff, 0xff, 0x00, 0x00, 0xff, 0xff, 0xff, 0xff,
    0xff, 0xff, 0xff, 0xff, 0xff, 0x00, 0x00, 0xff,
    0xff, 0xff, 0xff, 0xff, 0xff, 0xff, 0xff, 0xff,
    0x00, 0x00, 0xff, 0xff, 0xff, 0xff, 0xff, 0xff,
    0xff, 0xff, 0xff, 0x00, 0x00, 0xff, 0xff, 0x66,
    0x66, 0x66, 0x66, 0x66, 0xff, 0xff, 0x00, 0x00,
    0xff, 0xfe, 0x00, 0x00, 0x00, 0x00, 0x00, 0xff,
    0xff, 0x00, 0x00, 0xff, 0xfe, 0x00, 0x00, 0x00,
    0x00, 0x00, 0xff, 0xff, 0x00, 0x00, 0xff, 0xfe,
    0x00, 0x00, 0x00, 0x00, 0x00, 0xff, 0xff, 0x00,
    0x00, 0xff, 0xfe, 0x00, 0x00, 0x00, 0x00, 0x00,
    0xff, 0xff, 0x00, 0x00, 0xff, 0xfe, 0x00, 0x00,
    0x00, 0x00, 0x00, 0xff, 0xff, 0x00, 0x00, 0xff,
    0xfe, 0x00, 0x00, 0x00, 0x00, 0x00, 0xff, 0xff,
    0x00, 0x00, 0xff, 0xfe, 0x00, 0x00, 0x00, 0x00,
    0x00, 0xff, 0xff, 0x00, 0x00, 0xff, 0xfe, 0x00,
    0x00, 0x00, 0x00, 0x00, 0xff, 0xff, 0x00, 0x00,
    0xff, 0xfe, 0x00, 0x00, 0x00, 0x00, 0x00, 0xff,
    0xff, 0x00,

    /* U+0127 "ħ" */
    0x00, 0x0f, 0xff, 0xc0, 0x00, 0x00, 0x00, 0x00,
    0x00, 0x0f, 0xff, 0xff, 0xff, 0xff, 0xf2, 0x00,
    0x00, 0x00, 0x0f, 0xff, 0xff, 0xff, 0xff, 0xf2,
    0x00, 0x00, 0x00, 0x07, 0x7f, 0xff, 0xf7, 0x77,
    0x71, 0x00, 0x00, 0x00, 0x00, 0x0f, 0xff, 0xc0,
    0x00, 0x00, 0x00, 0x00, 0x00, 0x00, 0x0f, 0xff,
    0xc0, 0x18, 0xdf, 0xeb, 0x50, 0x00, 0x00, 0x0f,
    0xff, 0xc2, 0xef, 0xff, 0xff, 0xf9, 0x00, 0x00,
    0x0f, 0xff, 0xcc, 0xff, 0xff, 0xff, 0xff, 0x60,
    0x00, 0x0f, 0xff, 0xff, 0xc6, 0x58, 0xff, 0xff,
    0xd0, 0x00, 0x0f, 0xff, 0xfb, 0x00, 0x00, 0x3f,
    0xff, 0xf2, 0x00, 0x0f, 0xff, 0xf2, 0x00, 0x00,
    0x0b, 0xff, 0xf4, 0x00, 0x0f, 0xff, 0xe0, 0x00,
    0x00, 0x08, 0xff, 0xf5, 0x00, 0x0f, 0xff, 0xd0,
    0x00, 0x00, 0x07, 0xff, 0xf5, 0x00, 0x0f, 0xff,
    0xd0, 0x00, 0x00, 0x07, 0xff, 0xf5, 0x00, 0x0f,
    0xff, 0xd0, 0x00, 0x00, 0x07, 0xff, 0xf5, 0x00,
    0x0f, 0xff, 0xd0, 0x00, 0x00, 0x07, 0xff, 0xf5,
    0x00, 0x0f, 0xff, 0xd0, 0x00, 0x00, 0x07, 0xff,
    0xf5, 0x00, 0x0f, 0xff, 0xd0, 0x00, 0x00, 0x07,
    0xff, 0xf5, 0x00, 0x0f, 0xff, 0xd0, 0x00, 0x00,
    0x07, 0xff, 0xf5, 0x00, 0x0f, 0xff, 0xd0, 0x00,
    0x00, 0x07, 0xff, 0xf5, 0x00, 0x0f, 0xff, 0xd0,
    0x00, 0x00, 0x07, 0xff, 0xf5, 0x00, 0x0f, 0xff,
    0xd0, 0x00, 0x00, 0x07, 0xff, 0xf5,

    /* U+0128 "Ĩ" */
    0x05, 0xef, 0x91, 0x04, 0xfe, 0x1f, 0xff, 0xfe,
    0x7b, 0xfc, 0x7f, 0xe6, 0xcf, 0xff, 0xf5, 0x9f,
    0xa0, 0x07, 0xdf, 0x80, 0x00, 0x00, 0x00, 0x00,
    0x00, 0x00, 0x00, 0x00, 0x00, 0x00, 0x00, 0x00,
    0x00, 0x00, 0x00, 0x00, 0x0c, 0xff, 0xf1, 0x00,
    0x00, 0x0c, 0xff, 0xf1, 0x00, 0x00, 0x0c, 0xff,
    0xf1, 0x00, 0x00, 0x0c, 0xff, 0xf1, 0x00, 0x00,
    0x0c, 0xff, 0xf1, 0x00, 0x00, 0x0c, 0xff, 0xf1,
    0x00, 0x00, 0x0c, 0xff, 0xf1, 0x00, 0x00, 0x0c,
    0xff, 0xf1, 0x00, 0x00, 0x0c, 0xff, 0xf1, 0x00,
    0x00, 0x0c, 0xff, 0xf1, 0x00, 0x00, 0x0c, 0xff,
    0xf1, 0x00, 0x00, 0x0c, 0xff, 0xf1, 0x00, 0x00,
    0x0c, 0xff, 0xf1, 0x00, 0x00, 0x0c, 0xff, 0xf1,
    0x00, 0x00, 0x0c, 0xff, 0xf1, 0x00, 0x00, 0x0c,
    0xff, 0xf1, 0x00, 0x00, 0x0c, 0xff, 0xf1, 0x00,
    0x00, 0x0c, 0xff, 0xf1, 0x00, 0x00, 0x0c, 0xff,
    0xf1, 0x00, 0x00, 0x0c, 0xff, 0xf1, 0x00, 0x00,
    0x0c, 0xff, 0xf1, 0x00, 0x00, 0x0c, 0xff, 0xf1,
    0x00,

    /* U+0129 "ĩ" */
    0x00, 0x33, 0x00, 0x02, 0x53, 0x1c, 0xff, 0xe6,
    0x1a, 0xfa, 0x8f, 0xff, 0xff, 0xff, 0xf5, 0xcf,
    0x91, 0x8f, 0xff, 0xb0, 0x45, 0x10, 0x00, 0x43,
    0x00, 0x00, 0x00, 0x00, 0x00, 0x00, 0x00, 0x00,
    0x00, 0x00, 0x00, 0x00, 0x0f, 0xff, 0xd0, 0x00,
    0x00, 0x0f, 0xff, 0xd0, 0x00, 0x00, 0x0f, 0xff,
    0xd0, 0x00, 0x00, 0x0f, 0xff, 0xd0, 0x00, 0x00,
    0x0f, 0xff, 0xd0, 0x00, 0x00, 0x0f, 0xff, 0xd0,
    0x00, 0x00, 0x0f, 0xff, 0xd0, 0x00, 0x00, 0x0f,
    0xff, 0xd0, 0x00, 0x00, 0x0f, 0xff, 0xd0, 0x00,
    0x00, 0x0f, 0xff, 0xd0, 0x00, 0x00, 0x0f, 0xff,
    0xd0, 0x00, 0x00, 0x0f, 0xff, 0xd0, 0x00, 0x00,
    0x0f, 0xff, 0xd0, 0x00, 0x00, 0x0f, 0xff, 0xd0,
    0x00, 0x00, 0x0f, 0xff, 0xd0, 0x00, 0x00, 0x0f,
    0xff, 0xd0, 0x00, 0x00, 0x0f, 0xff, 0xd0, 0x00,

    /* U+012A "Ī" */
    0x0f, 0xff, 0xff, 0xff, 0xf5, 0x0f, 0xff, 0xff,
    0xff, 0xf5, 0x0a, 0xaa, 0xaa, 0xaa, 0xa3, 0x00,
    0x00, 0x00, 0x00, 0x00, 0x00, 0x00, 0x00, 0x00,
    0x00, 0x00, 0x00, 0x00, 0x00, 0x00, 0x00, 0x0c,
    0xff, 0xf1, 0x00, 0x00, 0x0c, 0xff, 0xf1, 0x00,
    0x00, 0x0c, 0xff, 0xf1, 0x00, 0x00, 0x0c, 0xff,
    0xf1, 0x00, 0x00, 0x0c, 0xff, 0xf1, 0x00, 0x00,
    0x0c, 0xff, 0xf1, 0x00, 0x00, 0x0c, 0xff, 0xf1,
    0x00, 0x00, 0x0c, 0xff, 0xf1, 0x00, 0x00, 0x0c,
    0xff, 0xf1, 0x00, 0x00, 0x0c, 0xff, 0xf1, 0x00,
    0x00, 0x0c, 0xff, 0xf1, 0x00, 0x00, 0x0c, 0xff,
    0xf1, 0x00, 0x00, 0x0c, 0xff, 0xf1, 0x00, 0x00,
    0x0c, 0xff, 0xf1, 0x00, 0x00, 0x0c, 0xff, 0xf1,
    0x00, 0x00, 0x0c, 0xff, 0xf1, 0x00, 0x00, 0x0c,
    0xff, 0xf1, 0x00, 0x00, 0x0c, 0xff, 0xf1, 0x00,
    0x00, 0x0c, 0xff, 0xf1, 0x00, 0x00, 0x0c, 0xff,
    0xf1, 0x00, 0x00, 0x0c, 0xff, 0xf1, 0x00, 0x00,
    0x0c, 0xff, 0xf1, 0x00,

    /* U+012B "ī" */
    0x4f, 0xff, 0xff, 0xff, 0xf1, 0x4f, 0xff, 0xff,
    0xff, 0xf1, 0x2a, 0xaa, 0xaa, 0xaa, 0xa0, 0x00,
    0x00, 0x00, 0x00, 0x00, 0x00, 0x00, 0x00, 0x00,
    0x00, 0x00, 0x0f, 0xff, 0xd0, 0x00, 0x00, 0x0f,
    0xff, 0xd0, 0x00, 0x00, 0x0f, 0xff, 0xd0, 0x00,
    0x00, 0x0f, 0xff, 0xd0, 0x00, 0x00, 0x0f, 0xff,
    0xd0, 0x00, 0x00, 0x0f, 0xff, 0xd0, 0x00, 0x00,
    0x0f, 0xff, 0xd0, 0x00, 0x00, 0x0f, 0xff, 0xd0,
    0x00, 0x00, 0x0f, 0xff, 0xd0, 0x00, 0x00, 0x0f,
    0xff, 0xd0, 0x00, 0x00, 0x0f, 0xff, 0xd0, 0x00,
    0x00, 0x0f, 0xff, 0xd0, 0x00, 0x00, 0x0f, 0xff,
    0xd0, 0x00, 0x00, 0x0f, 0xff, 0xd0, 0x00, 0x00,
    0x0f, 0xff, 0xd0, 0x00, 0x00, 0x0f, 0xff, 0xd0,
    0x00, 0x00, 0x0f, 0xff, 0xd0, 0x00,

    /* U+012C "Ĭ" */
    0x8f, 0xd0, 0x00, 0x08, 0xfd, 0x4f, 0xf9, 0x10,
    0x5f, 0xf9, 0x0b, 0xff, 0xff, 0xff, 0xe1, 0x00,
    0x9f, 0xff, 0xfb, 0x20, 0x00, 0x00, 0x34, 0x10,
    0x00, 0x00, 0x00, 0x00, 0x00, 0x00, 0x00, 0x00,
    0x00, 0x00, 0x00, 0x00, 0x0c, 0xff, 0xf1, 0x00,
    0x00, 0x0c, 0xff, 0xf1, 0x00, 0x00, 0x0c, 0xff,
    0xf1, 0x00, 0x00, 0x0c, 0xff, 0xf1, 0x00, 0x00,
    0x0c, 0xff, 0xf1, 0x00, 0x00, 0x0c, 0xff, 0xf1,
    0x00, 0x00, 0x0c, 0xff, 0xf1, 0x00, 0x00, 0x0c,
    0xff, 0xf1, 0x00, 0x00, 0x0c, 0xff, 0xf1, 0x00,
    0x00, 0x0c, 0xff, 0xf1, 0x00, 0x00, 0x0c, 0xff,
    0xf1, 0x00, 0x00, 0x0c, 0xff, 0xf1, 0x00, 0x00,
    0x0c, 0xff, 0xf1, 0x00, 0x00, 0x0c, 0xff, 0xf1,
    0x00, 0x00, 0x0c, 0xff, 0xf1, 0x00, 0x00, 0x0c,
    0xff, 0xf1, 0x00, 0x00, 0x0c, 0xff, 0xf1, 0x00,
    0x00, 0x0c, 0xff, 0xf1, 0x00, 0x00, 0x0c, 0xff,
    0xf1, 0x00, 0x00, 0x0c, 0xff, 0xf1, 0x00, 0x00,
    0x0c, 0xff, 0xf1, 0x00, 0x00, 0x0c, 0xff, 0xf1,
    0x00,

    /* U+012D "ĭ" */
    0x68, 0x40, 0x00, 0x05, 0x85, 0xbf, 0xc0, 0x00,
    0x0e, 0xf8, 0x5f, 0xfb, 0x56, 0xcf, 0xf2, 0x09,
    0xff, 0xff, 0xff, 0x70, 0x00, 0x5c, 0xfe, 0xb4,
    0x00, 0x00, 0x00, 0x00, 0x00, 0x00, 0x00, 0x00,
    0x00, 0x00, 0x00, 0x00, 0x0f, 0xff, 0xd0, 0x00,
    0x00, 0x0f, 0xff, 0xd0, 0x00, 0x00, 0x0f, 0xff,
    0xd0, 0x00, 0x00, 0x0f, 0xff, 0xd0, 0x00, 0x00,
    0x0f, 0xff, 0xd0, 0x00, 0x00, 0x0f, 0xff, 0xd0,
    0x00, 0x00, 0x0f, 0xff, 0xd0, 0x00, 0x00, 0x0f,
    0xff, 0xd0, 0x00, 0x00, 0x0f, 0xff, 0xd0, 0x00,
    0x00, 0x0f, 0xff, 0xd0, 0x00, 0x00, 0x0f, 0xff,
    0xd0, 0x00, 0x00, 0x0f, 0xff, 0xd0, 0x00, 0x00,
    0x0f, 0xff, 0xd0, 0x00, 0x00, 0x0f, 0xff, 0xd0,
    0x00, 0x00, 0x0f, 0xff, 0xd0, 0x00, 0x00, 0x0f,
    0xff, 0xd0, 0x00, 0x00, 0x0f, 0xff, 0xd0, 0x00,

    /* U+012E "Į" */
    0x00, 0xcf, 0xff, 0x10, 0x0c, 0xff, 0xf1, 0x00,
    0xcf, 0xff, 0x10, 0x0c, 0xff, 0xf1, 0x00, 0xcf,
    0xff, 0x10, 0x0c, 0xff, 0xf1, 0x00, 0xcf, 0xff,
    0x10, 0x0c, 0xff, 0xf1, 0x00, 0xcf, 0xff, 0x10,
    0x0c, 0xff, 0xf1, 0x00, 0xcf, 0xff, 0x10, 0x0c,
    0xff, 0xf1, 0x00, 0xcf, 0xff, 0x10, 0x0c, 0xff,
    0xf1, 0x00, 0xcf, 0xff, 0x10, 0x0c, 0xff, 0xf1,
    0x00, 0xcf, 0xff, 0x10, 0x0c, 0xff, 0xf1, 0x00,
    0xcf, 0xff, 0x10, 0x0c, 0xff, 0xf1, 0x00, 0xcf,
    0xff, 0x10, 0x0f, 0xff, 0xf1, 0x07, 0xff, 0xe5,
    0x04, 0xff, 0xe1, 0x00, 0xaf, 0xfb, 0x00, 0x0b,
    0xff, 0xfa, 0xb2, 0x5f, 0xff, 0xff, 0x90, 0x5c,
    0xfe, 0xc6,

    /* U+012F "į" */
    0x00, 0x06, 0xee, 0x50, 0x00, 0x2f, 0xff, 0xf0,
    0x00, 0x3f, 0xff, 0xf1, 0x00, 0x0b, 0xff, 0x90,
    0x00, 0x00, 0x32, 0x00, 0x00, 0x00, 0x00, 0x00,
    0x00, 0x00, 0x00, 0x00, 0x00, 0x0f, 0xff, 0xd0,
    0x00, 0x0f, 0xff, 0xd0, 0x00, 0x0f, 0xff, 0xd0,
    0x00, 0x0f, 0xff, 0xd0, 0x00, 0x0f, 0xff, 0xd0,
    0x00, 0x0f, 0xff, 0xd0, 0x00, 0x0f, 0xff, 0xd0,
    0x00, 0x0f, 0xff, 0xd0, 0x00, 0x0f, 0xff, 0xd0,
    0x00, 0x0f, 0xff, 0xd0, 0x00, 0x0f, 0xff, 0xd0,
    0x00, 0x0f, 0xff, 0xd0, 0x00, 0x0f, 0xff, 0xd0,
    0x00, 0x0f, 0xff, 0xd0, 0x00, 0x0f, 0xff, 0xd0,
    0x00, 0x0f, 0xff, 0xd0, 0x00, 0x0f, 0xff, 0xd0,
    0x00, 0xbf, 0xfc, 0x20, 0x08, 0xff, 0xc0, 0x00,
    0x0e, 0xff, 0x70, 0x00, 0x0f, 0xff, 0xe9, 0xb0,
    0x0a, 0xff, 0xff, 0xf5, 0x00, 0x7d, 0xfe, 0xb3,

    /* U+0130 "İ" */
    0x04, 0xde, 0x80, 0x0e, 0xff, 0xf3, 0x0f, 0xff,
    0xf4, 0x07, 0xff, 0xc0, 0x00, 0x23, 0x00, 0x00,
    0x00, 0x00, 0x00, 0x00, 0x00, 0x0c, 0xff, 0xf1,
    0x0c, 0xff, 0xf1, 0x0c, 0xff, 0xf1, 0x0c, 0xff,
    0xf1, 0x0c, 0xff, 0xf1, 0x0c, 0xff, 0xf1, 0x0c,
    0xff, 0xf1, 0x0c, 0xff, 0xf1, 0x0c, 0xff, 0xf1,
    0x0c, 0xff, 0xf1, 0x0c, 0xff, 0xf1, 0x0c, 0xff,
    0xf1, 0x0c, 0xff, 0xf1, 0x0c, 0xff, 0xf1, 0x0c,
    0xff, 0xf1, 0x0c, 0xff, 0xf1, 0x0c, 0xff, 0xf1,
    0x0c, 0xff, 0xf1, 0x0c, 0xff, 0xf1, 0x0c, 0xff,
    0xf1, 0x0c, 0xff, 0xf1, 0x0c, 0xff, 0xf1,

    /* U+0131 "ı" */
    0xff, 0xfd, 0xff, 0xfd, 0xff, 0xfd, 0xff, 0xfd,
    0xff, 0xfd, 0xff, 0xfd, 0xff, 0xfd, 0xff, 0xfd,
    0xff, 0xfd, 0xff, 0xfd, 0xff, 0xfd, 0xff, 0xfd,
    0xff, 0xfd, 0xff, 0xfd, 0xff, 0xfd, 0xff, 0xfd,
    0xff, 0xfd,

    /* U+0132 "Ĳ" */
    0xcf, 0xff, 0x10, 0x00, 0x00, 0x00, 0x00, 0x00,
    0x06, 0xff, 0xf8, 0xcf, 0xff, 0x10, 0x00, 0x00,
    0x00, 0x00, 0x00, 0x06, 0xff, 0xf8, 0xcf, 0xff,
    0x10, 0x00, 0x00, 0x00, 0x00, 0x00, 0x06, 0xff,
    0xf8, 0xcf, 0xff, 0x10, 0x00, 0x00, 0x00, 0x00,
    0x00, 0x06, 0xff, 0xf8, 0xcf, 0xff, 0x10, 0x00,
    0x00, 0x00, 0x00, 0x00, 0x06, 0xff, 0xf8, 0xcf,
    0xff, 0x10, 0x00, 0x00, 0x00, 0x00, 0x00, 0x06,
    0xff, 0xf8, 0xcf, 0xff, 0x10, 0x00, 0x00, 0x00,
    0x00, 0x00, 0x06, 0xff, 0xf8, 0xcf, 0xff, 0x10,
    0x00, 0x00, 0x00, 0x00, 0x00, 0x06, 0xff, 0xf8,
    0xcf, 0xff, 0x10, 0x00, 0x00, 0x00, 0x00, 0x00,
    0x06, 0xff, 0xf8, 0xcf, 0xff, 0x10, 0x00, 0x00,
    0x00, 0x00, 0x00, 0x06, 0xff, 0xf8, 0xcf, 0xff,
    0x10, 0x00, 0x00, 0x00, 0x00, 0x00, 0x06, 0xff,
    0xf8, 0xcf, 0xff, 0x10, 0x00, 0x00, 0x00, 0x00,
    0x00, 0x06, 0xff, 0xf8, 0xcf, 0xff, 0x10, 0x00,
    0x00, 0x00, 0x00, 0x00, 0x06, 0xff, 0xf8, 0xcf,
    0xff, 0x10, 0x00, 0x00, 0x00, 0x00, 0x00, 0x06,
    0xff, 0xf8, 0xcf, 0xff, 0x10, 0x08, 0xff, 0xf5,
    0x00, 0x00, 0x06, 0xff, 0xf8, 0xcf, 0xff, 0x10,
    0x08, 0xff, 0xf6, 0x00, 0x00, 0x06, 0xff, 0xf7,
    0xcf, 0xff, 0x10, 0x07, 0xff, 0xf8, 0x00, 0x00,
    0x09, 0xff, 0xf6, 0xcf, 0xff, 0x10, 0x03, 0xff,
    0xfe, 0x10, 0x00, 0x1f, 0xff, 0xf3, 0xcf, 0xff,
    0x10, 0x00, 0xdf, 0xff, 0xe7, 0x57, 0xef, 0xff,
    0xd0, 0xcf, 0xff, 0x10, 0x00, 0x4f, 0xff, 0xff,
    0xff, 0xff, 0xff, 0x40, 0xcf, 0xff, 0x10, 0x00,
    0x05, 0xff, 0xff, 0xff, 0xff, 0xf5, 0x00, 0xcf,
    0xff, 0x10, 0x00, 0x00, 0x18, 0xce, 0xfe, 0xc7,
    0x10, 0x00,

    /* U+0133 "ĳ" */
    0x06, 0xee, 0x50, 0x00, 0x08, 0xfd, 0x32, 0xff,
    0xff, 0x00, 0x04, 0xff, 0xfd, 0x3f, 0xff, 0xf1,
    0x00, 0x6f, 0xff, 0xe0, 0xbf, 0xf9, 0x00, 0x00,
    0xcf, 0xf6, 0x00, 0x32, 0x00, 0x00, 0x00, 0x31,
    0x00, 0x00, 0x00, 0x00, 0x00, 0x00, 0x00, 0x00,
    0x00, 0x00, 0x00, 0x00, 0x00, 0x00, 0xff, 0xfd,
    0x00, 0x02, 0xff, 0xfb, 0x0f, 0xff, 0xd0, 0x00,
    0x2f, 0xff, 0xb0, 0xff, 0xfd, 0x00, 0x02, 0xff,
    0xfb, 0x0f, 0xff, 0xd0, 0x00, 0x2f, 0xff, 0xb0,
    0xff, 0xfd, 0x00, 0x02, 0xff, 0xfb, 0x0f, 0xff,
    0xd0, 0x00, 0x2f, 0xff, 0xb0, 0xff, 0xfd, 0x00,
    0x02, 0xff, 0xfb, 0x0f, 0xff, 0xd0, 0x00, 0x2f,
    0xff, 0xb0, 0xff, 0xfd, 0x00, 0x02, 0xff, 0xfb,
    0x0f, 0xff, 0xd0, 0x00, 0x2f, 0xff, 0xb0, 0xff,
    0xfd, 0x00, 0x02, 0xff, 0xfb, 0x0f, 0xff, 0xd0,
    0x00, 0x2f, 0xff, 0xb0, 0xff, 0xfd, 0x00, 0x02,
    0xff, 0xfb, 0x0f, 0xff, 0xd0, 0x00, 0x2f, 0xff,
    0xb0, 0xff, 0xfd, 0x00, 0x02, 0xff, 0xfb, 0x0f,
    0xff, 0xd0, 0x00, 0x2f, 0xff, 0xb0, 0xff, 0xfd,
    0x00, 0x02, 0xff, 0xfb, 0x00, 0x00, 0x00, 0x00,
    0x2f, 0xff, 0xa0, 0x00, 0x00, 0x00, 0x04, 0xff,
    0xf9, 0x00, 0x00, 0x00, 0x25, 0xdf, 0xff, 0x70,
    0x00, 0x00, 0x0c, 0xff, 0xff, 0xf1, 0x00, 0x00,
    0x00, 0xcf, 0xff, 0xf5, 0x00, 0x00, 0x00, 0x0c,
    0xfd, 0x92, 0x00,

    /* U+0134 "Ĵ" */
    0x00, 0x00, 0x00, 0x00, 0x00, 0x48, 0x87, 0x00,
    0x00, 0x00, 0x00, 0x00, 0x00, 0x03, 0xff, 0xff,
    0xa0, 0x00, 0x00, 0x00, 0x00, 0x00, 0x2e, 0xff,
    0xbf, 0xf8, 0x00, 0x00, 0x00, 0x00, 0x01, 0xef,
    0xf5, 0x0d, 0xff, 0x70, 0x00, 0x00, 0x00, 0x1d,
    0xff, 0x80, 0x02, 0xef, 0xf5, 0x00, 0x00, 0x00,
    0x00, 0x00, 0x00, 0x00, 0x00, 0x00, 0x00, 0x00,
    0x00, 0x00, 0x00, 0x00, 0x00, 0x00, 0x00, 0x00,
    0x00, 0x00, 0x00, 0x00, 0x00, 0x00, 0x00, 0x00,
    0x00, 0x00, 0x00, 0x00, 0x00, 0xaf, 0xff, 0x30,
    0x00, 0x00, 0x00, 0x00, 0x00, 0x00, 0xaf, 0xff,
    0x30, 0x00, 0x00, 0x00, 0x00, 0x00, 0x00, 0xaf,
    0xff, 0x30, 0x00, 0x00, 0x00, 0x00, 0x00, 0x00,
    0xaf, 0xff, 0x30, 0x00, 0x00, 0x00, 0x00, 0x00,
    0x00, 0xaf, 0xff, 0x30, 0x00, 0x00, 0x00, 0x00,
    0x00, 0x00, 0xaf, 0xff, 0x30, 0x00, 0x00, 0x00,
    0x00, 0x00, 0x00, 0xaf, 0xff, 0x30, 0x00, 0x00,
    0x00, 0x00, 0x00, 0x00, 0xaf, 0xff, 0x30, 0x00,
    0x00, 0x00, 0x00, 0x00, 0x00, 0xaf, 0xff, 0x30,
    0x00, 0x00, 0x00, 0x00, 0x00, 0x00, 0xaf, 0xff,
    0x30, 0x00, 0x00, 0x00, 0x00, 0x00, 0x00, 0xaf,
    0xff, 0x30, 0x00, 0x00, 0x00, 0x00, 0x00, 0x00,
    0xaf, 0xff, 0x30, 0x00, 0x00, 0x00, 0x00, 0x00,
    0x00, 0xaf, 0xff, 0x30, 0x00, 0x00, 0x00, 0x00,
    0x00, 0x00, 0xaf, 0xff, 0x30, 0x00, 0xdf, 0xff,
    0x00, 0x00, 0x00, 0xaf, 0xff, 0x30, 0x00, 0xdf,
    0xff, 0x10, 0x00, 0x00, 0xbf, 0xff, 0x20, 0x00,
    0xcf, 0xff, 0x30, 0x00, 0x00, 0xdf, 0xff, 0x10,
    0x00, 0x8f, 0xff, 0xb0, 0x00, 0x05, 0xff, 0xfe,
    0x00, 0x00, 0x3f, 0xff, 0xfc, 0x65, 0x9f, 0xff,
    0xf8, 0x00, 0x00, 0x09, 0xff, 0xff, 0xff, 0xff,
    0xff, 0xd1, 0x00, 0x00, 0x00, 0x9f, 0xff, 0xff,
    0xff, 0xfd, 0x20, 0x00, 0x00, 0x00, 0x03, 0x9d,
    0xff, 0xeb, 0x50, 0x00, 0x00, 0x00,

    /* U+0135 "ĵ" */
    0x00, 0x02, 0xef, 0xfd, 0x10, 0x00, 0x00, 0x1d,
    0xff, 0xff, 0xc0, 0x00, 0x00, 0xdf, 0xf6, 0x9f,
    0xfa, 0x00, 0x0c, 0xff, 0xa0, 0x0c, 0xff, 0x80,
    0x38, 0x87, 0x00, 0x01, 0x88, 0x71, 0x00, 0x00,
    0x00, 0x00, 0x00, 0x00, 0x00, 0x00, 0x00, 0x00,
    0x00, 0x00, 0x00, 0x00, 0xff, 0xfd, 0x00, 0x00,
    0x00, 0x00, 0xff, 0xfd, 0x00, 0x00, 0x00, 0x00,
    0xff, 0xfd, 0x00, 0x00, 0x00, 0x00, 0xff, 0xfd,
    0x00, 0x00, 0x00, 0x00, 0xff, 0xfd, 0x00, 0x00,
    0x00, 0x00, 0xff, 0xfd, 0x00, 0x00, 0x00, 0x00,
    0xff, 0xfd, 0x00, 0x00, 0x00, 0x00, 0xff, 0xfd,
    0x00, 0x00, 0x00, 0x00, 0xff, 0xfd, 0x00, 0x00,
    0x00, 0x00, 0xff, 0xfd, 0x00, 0x00, 0x00, 0x00,
    0xff, 0xfd, 0x00, 0x00, 0x00, 0x00, 0xff, 0xfd,
    0x00, 0x00, 0x00, 0x00, 0xff, 0xfd, 0x00, 0x00,
    0x00, 0x00, 0xff, 0xfd, 0x00, 0x00, 0x00, 0x00,
    0xff, 0xfd, 0x00, 0x00, 0x00, 0x00, 0xff, 0xfd,
    0x00, 0x00, 0x00, 0x00, 0xff, 0xfd, 0x00, 0x00,
    0x00, 0x00, 0xff, 0xfd, 0x00, 0x00, 0x00, 0x02,
    0xff, 0xfb, 0x00, 0x00, 0x01, 0x4c, 0xff, 0xf9,
    0x00, 0x00, 0x09, 0xff, 0xff, 0xf3, 0x00, 0x00,
    0x09, 0xff, 0xff, 0x70, 0x00, 0x00, 0x09, 0xfe,
    0xa4, 0x00, 0x00, 0x00,

    /* U+0136 "Ķ" */
    0xcf, 0xff, 0x10, 0x00, 0x00, 0x00, 0x2f, 0xff,
    0xfb, 0x0c, 0xff, 0xf1, 0x00, 0x00, 0x00, 0x1e,
    0xff, 0xfc, 0x00, 0xcf, 0xff, 0x10, 0x00, 0x00,
    0x0d, 0xff, 0xfe, 0x10, 0x0c, 0xff, 0xf1, 0x00,
    0x00, 0x0b, 0xff, 0xfe, 0x20, 0x00, 0xcf, 0xff,
    0x10, 0x00, 0x09, 0xff, 0xff, 0x30, 0x00, 0x0c,
    0xff, 0xf1, 0x00, 0x07, 0xff, 0xff, 0x50, 0x00,
    0x00, 0xcf, 0xff, 0x10, 0x05, 0xff, 0xff, 0x70,
    0x00, 0x00, 0x0c, 0xff, 0xf1, 0x03, 0xff, 0xff,
    0x90, 0x00, 0x00, 0x00, 0xcf, 0xff, 0x11, 0xef,
    0xff, 0xa0, 0x00, 0x00, 0x00, 0x0c, 0xff, 0xf1,
    0xbf, 0xff, 0xf0, 0x00, 0x00, 0x00, 0x00, 0xcf,
    0xff, 0x8f, 0xff, 0xff, 0x70, 0x00, 0x00, 0x00,
    0x0c, 0xff, 0xff, 0xff, 0xff, 0xff, 0x20, 0x00,
    0x00, 0x00, 0xcf, 0xff, 0xff, 0xbb, 0xff, 0xfc,
    0x00, 0x00, 0x00, 0x0c, 0xff, 0xff, 0xc0, 0x1e,
    0xff, 0xf8, 0x00, 0x00, 0x00, 0xcf, 0xff, 0xf1,
    0x00, 0x5f, 0xff, 0xf3, 0x00, 0x00, 0x0c, 0xff,
    0xf3, 0x00, 0x00, 0xaf, 0xff, 0xd0, 0x00, 0x00,
    0xcf, 0xff, 0x10, 0x00, 0x01, 0xef, 0xff, 0x80,
    0x00, 0x0c, 0xff, 0xf1, 0x00, 0x00, 0x05, 0xff,
    0xff, 0x30, 0x00, 0xcf, 0xff, 0x10, 0x00, 0x00,
    0x0a, 0xff, 0xfd, 0x00, 0x0c, 0xff, 0xf1, 0x00,
    0x00, 0x00, 0x1e, 0xff, 0xf9, 0x00, 0xcf, 0xff,
    0x10, 0x00, 0x00, 0x00, 0x4f, 0xff, 0xf4, 0x0c,
    0xff, 0xf1, 0x00, 0x00, 0x00, 0x00, 0xaf, 0xff,
    0xe1, 0x00, 0x00, 0x00, 0x00, 0x00, 0x00, 0x00,
    0x00, 0x00, 0x00, 0x00, 0x00, 0x00, 0x00, 0x00,
    0x00, 0x00, 0x00, 0x00, 0x00, 0x00, 0x00, 0x5f,
    0xff, 0x20, 0x00, 0x00, 0x00, 0x00, 0x00, 0x00,
    0x09, 0xff, 0xc0, 0x00, 0x00, 0x00, 0x00, 0x00,
    0x00, 0x00, 0xdf, 0xf6, 0x00, 0x00, 0x00, 0x00,
    0x00, 0x00, 0x00, 0x1f, 0xff, 0x00, 0x00, 0x00,
    0x00, 0x00, 0x00, 0x00, 0x04, 0xff, 0x90, 0x00,
    0x00, 0x00, 0x00, 0x00, 0x00, 0x00, 0x37, 0x72,
    0x00, 0x00, 0x00, 0x00, 0x00,

    /* U+0137 "ķ" */
    0xff, 0xfd, 0x00, 0x00, 0x00, 0x00, 0x00, 0x0f,
    0xff, 0xd0, 0x00, 0x00, 0x00, 0x00, 0x00, 0xff,
    0xfd, 0x00, 0x00, 0x00, 0x00, 0x00, 0x0f, 0xff,
    0xd0, 0x00, 0x00, 0x00, 0x00, 0x00, 0xff, 0xfd,
    0x00, 0x00, 0x00, 0x00, 0x00, 0x0f, 0xff, 0xd0,
    0x00, 0x00, 0x6f, 0xff, 0xe2, 0xff, 0xfd, 0x00,
    0x00, 0x4f, 0xff, 0xf3, 0x0f, 0xff, 0xd0, 0x00,
    0x2e, 0xff, 0xf5, 0x00, 0xff, 0xfd, 0x00, 0x1d,
    0xff, 0xf7, 0x00, 0x0f, 0xff, 0xd0, 0x0c, 0xff,
    0xfa, 0x00, 0x00, 0xff, 0xfd, 0x0a, 0xff, 0xfc,
    0x00, 0x00, 0x0f, 0xff, 0xd7, 0xff, 0xfd, 0x10,
    0x00, 0x00, 0xff, 0xff, 0xff, 0xff, 0x50, 0x00,
    0x00, 0x0f, 0xff, 0xff, 0xff, 0xfd, 0x00, 0x00,
    0x00, 0xff, 0xff, 0xff, 0xff, 0xf8, 0x00, 0x00,
    0x0f, 0xff, 0xf9, 0x4f, 0xff, 0xf4, 0x00, 0x00,
    0xff, 0xff, 0x00, 0x9f, 0xff, 0xe1, 0x00, 0x0f,
    0xff, 0xd0, 0x00, 0xdf, 0xff, 0xa0, 0x00, 0xff,
    0xfd, 0x00, 0x03, 0xff, 0xff, 0x60, 0x0f, 0xff,
    0xd0, 0x00, 0x07, 0xff, 0xff, 0x20, 0xff, 0xfd,
    0x00, 0x00, 0x0c, 0xff, 0xfc, 0x0f, 0xff, 0xd0,
    0x00, 0x00, 0x1e, 0xff, 0xf8, 0x00, 0x00, 0x00,
    0x00, 0x00, 0x00, 0x00, 0x00, 0x00, 0x00, 0x00,
    0x00, 0x00, 0x00, 0x00, 0x00, 0x00, 0x2f, 0xff,
    0x60, 0x00, 0x00, 0x00, 0x00, 0x06, 0xff, 0xf0,
    0x00, 0x00, 0x00, 0x00, 0x00, 0xaf, 0xf9, 0x00,
    0x00, 0x00, 0x00, 0x00, 0x0d, 0xff, 0x30, 0x00,
    0x00, 0x00, 0x00, 0x01, 0xff, 0xc0, 0x00, 0x00,
    0x00, 0x00, 0x00, 0x17, 0x73, 0x00, 0x00, 0x00,
    0x00,

    /* U+0138 "ĸ" */
    0xff, 0xfd, 0x00, 0x00, 0x03, 0xff, 0xff, 0x6f,
    0xff, 0xd0, 0x00, 0x00, 0xdf, 0xff, 0xa0, 0xff,
    0xfd, 0x00, 0x00, 0x9f, 0xff, 0xd0, 0x0f, 0xff,
    0xd0, 0x00, 0x4f, 0xff, 0xf2, 0x00, 0xff, 0xfd,
    0x00, 0x1e, 0xff, 0xf6, 0x00, 0x0f, 0xff, 0xd0,
    0x0a, 0xff, 0xf9, 0x00, 0x00, 0xff, 0xfd, 0x05,
    0xff, 0xfd, 0x00, 0x00, 0x0f, 0xff, 0xfd, 0xff,
    0xff, 0x20, 0x00, 0x00, 0xff, 0xff, 0xff, 0xff,
    0xa0, 0x00, 0x00, 0x0f, 0xff, 0xff, 0xff, 0xfe,
    0x10, 0x00, 0x00, 0xff, 0xfd, 0x08, 0xff, 0xfc,
    0x00, 0x00, 0x0f, 0xff, 0xd0, 0x0d, 0xff, 0xf8,
    0x00, 0x00, 0xff, 0xfd, 0x00, 0x2f, 0xff, 0xf4,
    0x00, 0x0f, 0xff, 0xd0, 0x00, 0x7f, 0xff, 0xe1,
    0x00, 0xff, 0xfd, 0x00, 0x00, 0xcf, 0xff, 0xb0,
    0x0f, 0xff, 0xd0, 0x00, 0x02, 0xff, 0xff, 0x70,
    0xff, 0xfd, 0x00, 0x00, 0x06, 0xff, 0xff, 0x30,

    /* U+0139 "Ĺ" */
    0x00, 0x8f, 0xff, 0x20, 0x00, 0x00, 0x00, 0x00,
    0xef, 0xf7, 0x00, 0x00, 0x00, 0x00, 0x06, 0xff,
    0xc0, 0x00, 0x00, 0x00, 0x00, 0x0d, 0xff, 0x20,
    0x00, 0x00, 0x00, 0x00, 0x19, 0x96, 0x00, 0x00,
    0x00, 0x00, 0x00, 0x00, 0x00, 0x00, 0x00, 0x00,
    0x00, 0x00, 0x00, 0x00, 0x00, 0x00, 0x00, 0x00,
    0x00, 0xcf, 0xff, 0x10, 0x00, 0x00, 0x00, 0x00,
    0xcf, 0xff, 0x10, 0x00, 0x00, 0x00, 0x00, 0xcf,
    0xff, 0x10, 0x00, 0x00, 0x00, 0x00, 0xcf, 0xff,
    0x10, 0x00, 0x00, 0x00, 0x00, 0xcf, 0xff, 0x10,
    0x00, 0x00, 0x00, 0x00, 0xcf, 0xff, 0x10, 0x00,
    0x00, 0x00, 0x00, 0xcf, 0xff, 0x10, 0x00, 0x00,
    0x00, 0x00, 0xcf, 0xff, 0x10, 0x00, 0x00, 0x00,
    0x00, 0xcf, 0xff, 0x10, 0x00, 0x00, 0x00, 0x00,
    0xcf, 0xff, 0x10, 0x00, 0x00, 0x00, 0x00, 0xcf,
    0xff, 0x10, 0x00, 0x00, 0x00, 0x00, 0xcf, 0xff,
    0x10, 0x00, 0x00, 0x00, 0x00, 0xcf, 0xff, 0x10,
    0x00, 0x00, 0x00, 0x00, 0xcf, 0xff, 0x10, 0x00,
    0x00, 0x00, 0x00, 0xcf, 0xff, 0x10, 0x00, 0x00,
    0x00, 0x00, 0xcf, 0xff, 0x10, 0x00, 0x00, 0x00,
    0x00, 0xcf, 0xff, 0x10, 0x00, 0x00, 0x00, 0x00,
    0xcf, 0xff, 0x10, 0x00, 0x00, 0x00, 0x00, 0xcf,
    0xff, 0x76, 0x66, 0x66, 0x66, 0x64, 0xcf, 0xff,
    0xff, 0xff, 0xff, 0xff, 0xfc, 0xcf, 0xff, 0xff,
    0xff, 0xff, 0xff, 0xfc, 0xcf, 0xff, 0xff, 0xff,
    0xff, 0xff, 0xfc,

    /* U+013A "ĺ" */
    0x00, 0xbf, 0xfd, 0x00, 0x2f, 0xff, 0x30, 0x09,
    0xff, 0x90, 0x01, 0xff, 0xe0, 0x00, 0x39, 0x94,
    0x00, 0x00, 0x00, 0x00, 0x00, 0x00, 0x00, 0x00,
    0x0f, 0xff, 0xd0, 0x00, 0xff, 0xfd, 0x00, 0x0f,
    0xff, 0xd0, 0x00, 0xff, 0xfd, 0x00, 0x0f, 0xff,
    0xd0, 0x00, 0xff, 0xfd, 0x00, 0x0f, 0xff, 0xd0,
    0x00, 0xff, 0xfd, 0x00, 0x0f, 0xff, 0xd0, 0x00,
    0xff, 0xfd, 0x00, 0x0f, 0xff, 0xd0, 0x00, 0xff,
    0xfd, 0x00, 0x0f, 0xff, 0xd0, 0x00, 0xff, 0xfd,
    0x00, 0x0f, 0xff, 0xd0, 0x00, 0xff, 0xfd, 0x00,
    0x0f, 0xff, 0xd0, 0x00, 0xff, 0xfd, 0x00, 0x0f,
    0xff, 0xd0, 0x00, 0xff, 0xfd, 0x00, 0x0f, 0xff,
    0xd0, 0x00, 0xff, 0xfd, 0x00, 0x00,

    /* U+013B "Ļ" */
    0xcf, 0xff, 0x10, 0x00, 0x00, 0x00, 0x00, 0xcf,
    0xff, 0x10, 0x00, 0x00, 0x00, 0x00, 0xcf, 0xff,
    0x10, 0x00, 0x00, 0x00, 0x00, 0xcf, 0xff, 0x10,
    0x00, 0x00, 0x00, 0x00, 0xcf, 0xff, 0x10, 0x00,
    0x00, 0x00, 0x00, 0xcf, 0xff, 0x10, 0x00, 0x00,
    0x00, 0x00, 0xcf, 0xff, 0x10, 0x00, 0x00, 0x00,
    0x00, 0xcf, 0xff, 0x10, 0x00, 0x00, 0x00, 0x00,
    0xcf, 0xff, 0x10, 0x00, 0x00, 0x00, 0x00, 0xcf,
    0xff, 0x10, 0x00, 0x00, 0x00, 0x00, 0xcf, 0xff,
    0x10, 0x00, 0x00, 0x00, 0x00, 0xcf, 0xff, 0x10,
    0x00, 0x00, 0x00, 0x00, 0xcf, 0xff, 0x10, 0x00,
    0x00, 0x00, 0x00, 0xcf, 0xff, 0x10, 0x00, 0x00,
    0x00, 0x00, 0xcf, 0xff, 0x10, 0x00, 0x00, 0x00,
    0x00, 0xcf, 0xff, 0x10, 0x00, 0x00, 0x00, 0x00,
    0xcf, 0xff, 0x10, 0x00, 0x00, 0x00, 0x00, 0xcf,
    0xff, 0x10, 0x00, 0x00, 0x00, 0x00, 0xcf, 0xff,
    0x76, 0x66, 0x66, 0x66, 0x64, 0xcf, 0xff, 0xff,
    0xff, 0xff, 0xff, 0xfc, 0xcf, 0xff, 0xff, 0xff,
    0xff, 0xff, 0xfc, 0xcf, 0xff, 0xff, 0xff, 0xff,
    0xff, 0xfc, 0x00, 0x00, 0x00, 0x00, 0x00, 0x00,
    0x00, 0x00, 0x00, 0x00, 0x00, 0x00, 0x00, 0x00,
    0x00, 0x00, 0x0f, 0xff, 0x90, 0x00, 0x00, 0x00,
    0x00, 0x3f, 0xff, 0x30, 0x00, 0x00, 0x00, 0x00,
    0x6f, 0xfc, 0x00, 0x00, 0x00, 0x00, 0x00, 0xaf,
    0xf6, 0x00, 0x00, 0x00, 0x00, 0x00, 0xef, 0xf0,
    0x00, 0x00, 0x00, 0x00, 0x00, 0x77, 0x50, 0x00,
    0x00, 0x00,

    /* U+013C "ļ" */
    0x00, 0xff, 0xfd, 0x00, 0xff, 0xfd, 0x00, 0xff,
    0xfd, 0x00, 0xff, 0xfd, 0x00, 0xff, 0xfd, 0x00,
    0xff, 0xfd, 0x00, 0xff, 0xfd, 0x00, 0xff, 0xfd,
    0x00, 0xff, 0xfd, 0x00, 0xff, 0xfd, 0x00, 0xff,
    0xfd, 0x00, 0xff, 0xfd, 0x00, 0xff, 0xfd, 0x00,
    0xff, 0xfd, 0x00, 0xff, 0xfd, 0x00, 0xff, 0xfd,
    0x00, 0xff, 0xfd, 0x00, 0xff, 0xfd, 0x00, 0xff,
    0xfd, 0x00, 0xff, 0xfd, 0x00, 0xff, 0xfd, 0x00,
    0xff, 0xfd, 0x00, 0x00, 0x00, 0x00, 0x00, 0x00,
    0x00, 0xff, 0xf8, 0x03, 0xff, 0xf2, 0x07, 0xff,
    0xc0, 0x0b, 0xff, 0x50, 0x0e, 0xfe, 0x00, 0x07,
    0x75, 0x00,

    /* U+013D "Ľ" */
    0x00, 0x00, 0x00, 0x05, 0xcc, 0x70, 0x00, 0x00,
    0x00, 0x00, 0x07, 0xff, 0x70, 0x00, 0xcf, 0xff,
    0x10, 0x07, 0xff, 0x50, 0x00, 0xcf, 0xff, 0x10,
    0x07, 0xff, 0x30, 0x00, 0xcf, 0xff, 0x10, 0x07,
    0xff, 0x10, 0x00, 0xcf, 0xff, 0x10, 0x07, 0xff,
    0x00, 0x00, 0xcf, 0xff, 0x10, 0x00, 0x00, 0x00,
    0x00, 0xcf, 0xff, 0x10, 0x00, 0x00, 0x00, 0x00,
    0xcf, 0xff, 0x10, 0x00, 0x00, 0x00, 0x00, 0xcf,
    0xff, 0x10, 0x00, 0x00, 0x00, 0x00, 0xcf, 0xff,
    0x10, 0x00, 0x00, 0x00, 0x00, 0xcf, 0xff, 0x10,
    0x00, 0x00, 0x00, 0x00, 0xcf, 0xff, 0x10, 0x00,
    0x00, 0x00, 0x00, 0xcf, 0xff, 0x10, 0x00, 0x00,
    0x00, 0x00, 0xcf, 0xff, 0x10, 0x00, 0x00, 0x00,
    0x00, 0xcf, 0xff, 0x10, 0x00, 0x00, 0x00, 0x00,
    0xcf, 0xff, 0x10, 0x00, 0x00, 0x00, 0x00, 0xcf,
    0xff, 0x10, 0x00, 0x00, 0x00, 0x00, 0xcf, 0xff,
    0x10, 0x00, 0x00, 0x00, 0x00, 0xcf, 0xff, 0x10,
    0x00, 0x00, 0x00, 0x00, 0xcf, 0xff, 0x76, 0x66,
    0x66, 0x66, 0x64, 0xcf, 0xff, 0xff, 0xff, 0xff,
    0xff, 0xfc, 0xcf, 0xff, 0xff, 0xff, 0xff, 0xff,
    0xfc, 0xcf, 0xff, 0xff, 0xff, 0xff, 0xff, 0xfc,

    /* U+013E "ľ" */
    0x00, 0x00, 0x02, 0xcc, 0xa0, 0x00, 0x00, 0x3f,
    0xfb, 0xff, 0xfd, 0x03, 0xff, 0x9f, 0xff, 0xd0,
    0x3f, 0xf7, 0xff, 0xfd, 0x03, 0xff, 0x5f, 0xff,
    0xd0, 0x3f, 0xf3, 0xff, 0xfd, 0x00, 0x00, 0x0f,
    0xff, 0xd0, 0x00, 0x00, 0xff, 0xfd, 0x00, 0x00,
    0x0f, 0xff, 0xd0, 0x00, 0x00, 0xff, 0xfd, 0x00,
    0x00, 0x0f, 0xff, 0xd0, 0x00, 0x00, 0xff, 0xfd,
    0x00, 0x00, 0x0f, 0xff, 0xd0, 0x00, 0x00, 0xff,
    0xfd, 0x00, 0x00, 0x0f, 0xff, 0xd0, 0x00, 0x00,
    0xff, 0xfd, 0x00, 0x00, 0x0f, 0xff, 0xd0, 0x00,
    0x00, 0xff, 0xfd, 0x00, 0x00, 0x0f, 0xff, 0xd0,
    0x00, 0x00, 0xff, 0xfd, 0x00, 0x00, 0x0f, 0xff,
    0xd0, 0x00, 0x00, 0xff, 0xfd, 0x00, 0x00, 0x0f,
    0xff, 0xd0, 0x00, 0x00,

    /* U+013F "Ŀ" */
    0xcf, 0xff, 0x20, 0x00, 0x00, 0x00, 0x00, 0xcf,
    0xff, 0x20, 0x00, 0x00, 0x00, 0x00, 0xcf, 0xff,
    0x20, 0x00, 0x00, 0x00, 0x00, 0xcf, 0xff, 0x20,
    0x00, 0x00, 0x00, 0x00, 0xcf, 0xff, 0x20, 0x00,
    0x00, 0x00, 0x00, 0xcf, 0xff, 0x20, 0x00, 0x00,
    0x00, 0x00, 0xcf, 0xff, 0x20, 0x00, 0x32, 0x00,
    0x00, 0xcf, 0xff, 0x20, 0x0c, 0xff, 0x60, 0x00,
    0xcf, 0xff, 0x20, 0x5f, 0xff, 0xf0, 0x00, 0xcf,
    0xff, 0x20, 0x4f, 0xff, 0xd0, 0x00, 0xcf, 0xff,
    0x20, 0x08, 0xfd, 0x30, 0x00, 0xcf, 0xff, 0x20,
    0x00, 0x00, 0x00, 0x00, 0xcf, 0xff, 0x20, 0x00,
    0x00, 0x00, 0x00, 0xcf, 0xff, 0x20, 0x00, 0x00,
    0x00, 0x00, 0xcf, 0xff, 0x20, 0x00, 0x00, 0x00,
    0x00, 0xcf, 0xff, 0x20, 0x00, 0x00, 0x00, 0x00,
    0xcf, 0xff, 0x20, 0x00, 0x00, 0x00, 0x00, 0xcf,
    0xff, 0x20, 0x00, 0x00, 0x00, 0x00, 0xcf, 0xff,
    0x76, 0x66, 0x66, 0x66, 0x64, 0xcf, 0xff, 0xff,
    0xff, 0xff, 0xff, 0xfc, 0xcf, 0xff, 0xff, 0xff,
    0xff, 0xff, 0xfc, 0xcf, 0xff, 0xff, 0xff, 0xff,
    0xff, 0xfc,

    /* U+0140 "ŀ" */
    0xff, 0xfd, 0x00, 0x00, 0x00, 0x0f, 0xff, 0xd0,
    0x00, 0x00, 0x00, 0xff, 0xfd, 0x00, 0x00, 0x00,
    0x0f, 0xff, 0xd0, 0x00, 0x00, 0x00, 0xff, 0xfd,
    0x00, 0x00, 0x00, 0x0f, 0xff, 0xd0, 0x00, 0x00,
    0x00, 0xff, 0xfd, 0x00, 0x00, 0x00, 0x0f, 0xff,
    0xd0, 0x00, 0x00, 0x00, 0xff, 0xfd, 0x00, 0x3b,
    0xb4, 0x0f, 0xff, 0xd0, 0x1e, 0xff, 0xf2, 0xff,
    0xfd, 0x04, 0xff, 0xff, 0x5f, 0xff, 0xd0, 0x1f,
    0xff, 0xf3, 0xff, 0xfd, 0x00, 0x5e, 0xe6, 0x0f,
    0xff, 0xd0, 0x00, 0x00, 0x00, 0xff, 0xfd, 0x00,
    0x00, 0x00, 0x0f, 0xff, 0xd0, 0x00, 0x00, 0x00,
    0xff, 0xfd, 0x00, 0x00, 0x00, 0x0f, 0xff, 0xd0,
    0x00, 0x00, 0x00, 0xff, 0xfd, 0x00, 0x00, 0x00,
    0x0f, 0xff, 0xd0, 0x00, 0x00, 0x00, 0xff, 0xfd,
    0x00, 0x00, 0x00, 0x0f, 0xff, 0xd0, 0x00, 0x00,
    0x00,

    /* U+0141 "Ł" */
    0x00, 0x0b, 0xff, 0xf3, 0x00, 0x00, 0x00, 0x00,
    0x00, 0x00, 0xbf, 0xff, 0x30, 0x00, 0x00, 0x00,
    0x00, 0x00, 0x0b, 0xff, 0xf3, 0x00, 0x00, 0x00,
    0x00, 0x00, 0x00, 0xbf, 0xff, 0x30, 0x00, 0x00,
    0x00, 0x00, 0x00, 0x0b, 0xff, 0xf3, 0x00, 0x00,
    0x00, 0x00, 0x00, 0x00, 0xbf, 0xff, 0x30, 0x01,
    0x85, 0x00, 0x00, 0x00, 0x0b, 0xff, 0xf3, 0x06,
    0xef, 0x60, 0x00, 0x00, 0x00, 0xbf, 0xff, 0x6c,
    0xff, 0xf6, 0x00, 0x00, 0x00, 0x0b, 0xff, 0xff,
    0xff, 0xfe, 0x30, 0x00, 0x00, 0x00, 0xcf, 0xff,
    0xff, 0xf8, 0x00, 0x00, 0x00, 0x00, 0x5f, 0xff,
    0xff, 0xa2, 0x00, 0x00, 0x00, 0x02, 0xcf, 0xff,
    0xff, 0x70, 0x00, 0x00, 0x00, 0x00, 0x8f, 0xff,
    0xff, 0xf3, 0x00, 0x00, 0x00, 0x00, 0x08, 0xff,
    0xff, 0xff, 0x30, 0x00, 0x00, 0x00, 0x00, 0x8b,
    0x2b, 0xff, 0xf3, 0x00, 0x00, 0x00, 0x00, 0x01,
    0x00, 0xbf, 0xff, 0x30, 0x00, 0x00, 0x00, 0x00,
    0x00, 0x0b, 0xff, 0xf3, 0x00, 0x00, 0x00, 0x00,
    0x00, 0x00, 0xbf, 0xff, 0x30, 0x00, 0x00, 0x00,
    0x00, 0x00, 0x0b, 0xff, 0xf7, 0x66, 0x66, 0x66,
    0x66, 0x40, 0x00, 0xbf, 0xff, 0xff, 0xff, 0xff,
    0xff, 0xfd, 0x00, 0x0b, 0xff, 0xff, 0xff, 0xff,
    0xff, 0xff, 0xd0, 0x00, 0xbf, 0xff, 0xff, 0xff,
    0xff, 0xff, 0xfd,

    /* U+0142 "ł" */
    0x00, 0x0f, 0xff, 0xd0, 0x00, 0x00, 0x0f, 0xff,
    0xd0, 0x00, 0x00, 0x0f, 0xff, 0xd0, 0x00, 0x00,
    0x0f, 0xff, 0xd0, 0x00, 0x00, 0x0f, 0xff, 0xd0,
    0x00, 0x00, 0x0f, 0xff, 0xd0, 0x40, 0x00, 0x0f,
    0xff, 0xfb, 0xf1, 0x00, 0x0f, 0xff, 0xff, 0xf1,
    0x00, 0x0f, 0xff, 0xff, 0xb0, 0x03, 0xcf, 0xff,
    0xf5, 0x00, 0x3f, 0xff, 0xff, 0xd0, 0x00, 0x3f,
    0xff, 0xff, 0xd0, 0x00, 0x3c, 0x3f, 0xff, 0xd0,
    0x00, 0x00, 0x0f, 0xff, 0xd0, 0x00, 0x00, 0x0f,
    0xff, 0xd0, 0x00, 0x00, 0x0f, 0xff, 0xd0, 0x00,
    0x00, 0x0f, 0xff, 0xd0, 0x00, 0x00, 0x0f, 0xff,
    0xd0, 0x00, 0x00, 0x0f, 0xff, 0xd0, 0x00, 0x00,
    0x0f, 0xff, 0xd0, 0x00, 0x00, 0x0f, 0xff, 0xd0,
    0x00, 0x00, 0x0f, 0xff, 0xd0, 0x00,

    /* U+0143 "Ń" */
    0x00, 0x00, 0x00, 0x00, 0x03, 0xff, 0xf5, 0x00,
    0x00, 0x00, 0x00, 0x00, 0x00, 0x00, 0xaf, 0xfb,
    0x00, 0x00, 0x00, 0x00, 0x00, 0x00, 0x00, 0x2f,
    0xff, 0x10, 0x00, 0x00, 0x00, 0x00, 0x00, 0x00,
    0x09, 0xff, 0x60, 0x00, 0x00, 0x00, 0x00, 0x00,
    0x00, 0x00, 0x89, 0x80, 0x00, 0x00, 0x00, 0x00,
    0x00, 0x00, 0x00, 0x00, 0x00, 0x00, 0x00, 0x00,
    0x00, 0x00, 0x00, 0x00, 0x00, 0x00, 0x00, 0x00,
    0x00, 0x00, 0x0c, 0xff, 0xfe, 0x00, 0x00, 0x00,
    0x00, 0x06, 0xff, 0xf9, 0xcf, 0xff, 0xf8, 0x00,
    0x00, 0x00, 0x00, 0x6f, 0xff, 0x9c, 0xff, 0xff,
    0xf2, 0x00, 0x00, 0x00, 0x06, 0xff, 0xf9, 0xcf,
    0xff, 0xff, 0xc0, 0x00, 0x00, 0x00, 0x6f, 0xff,
    0x9c, 0xff, 0xff, 0xff, 0x60, 0x00, 0x00, 0x06,
    0xff, 0xf9, 0xcf, 0xff, 0x9f, 0xfe, 0x10, 0x00,
    0x00, 0x6f, 0xff, 0x9c, 0xff, 0xf2, 0xff, 0xf9,
    0x00, 0x00, 0x06, 0xff, 0xf9, 0xcf, 0xff, 0x09,
    0xff, 0xf3, 0x00, 0x00, 0x6f, 0xff, 0x9c, 0xff,
    0xf1, 0x1f, 0xff, 0xc0, 0x00, 0x06, 0xff, 0xf9,
    0xcf, 0xff, 0x20, 0x7f, 0xff, 0x70, 0x00, 0x6f,
    0xff, 0x9c, 0xff, 0xf2, 0x00, 0xdf, 0xff, 0x10,
    0x06, 0xff, 0xf9, 0xcf, 0xff, 0x30, 0x04, 0xff,
    0xfa, 0x00, 0x6f, 0xff, 0x9c, 0xff, 0xf3, 0x00,
    0x0b, 0xff, 0xf4, 0x06, 0xff, 0xf9, 0xcf, 0xff,
    0x30, 0x00, 0x1f, 0xff, 0xd0, 0x5f, 0xff, 0x9c,
    0xff, 0xf3, 0x00, 0x00, 0x7f, 0xff, 0x55, 0xff,
    0xf9, 0xcf, 0xff, 0x30, 0x00, 0x00, 0xdf, 0xfd,
    0x4f, 0xff, 0x9c, 0xff, 0xf3, 0x00, 0x00, 0x03,
    0xff, 0xf9, 0xff, 0xf9, 0xcf, 0xff, 0x30, 0x00,
    0x00, 0x0a, 0xff, 0xff, 0xff, 0x9c, 0xff, 0xf3,
    0x00, 0x00, 0x00, 0x1e, 0xff, 0xff, 0xf9, 0xcf,
    0xff, 0x30, 0x00, 0x00, 0x00, 0x6f, 0xff, 0xff,
    0x9c, 0xff, 0xf3, 0x00, 0x00, 0x00, 0x00, 0xcf,
    0xff, 0xf9, 0xcf, 0xff, 0x30, 0x00, 0x00, 0x00,
    0x02, 0xff, 0xff, 0x90,

    /* U+0144 "ń" */
    0x00, 0x00, 0x00, 0x03, 0x99, 0x92, 0x00, 0x00,
    0x00, 0x00, 0x00, 0xbf, 0xfc, 0x00, 0x00, 0x00,
    0x00, 0x00, 0x2f, 0xff, 0x20, 0x00, 0x00, 0x00,
    0x00, 0x09, 0xff, 0x70, 0x00, 0x00, 0x00, 0x00,
    0x01, 0xff, 0xc0, 0x00, 0x00, 0x00, 0x00, 0x00,
    0x00, 0x00, 0x00, 0x00, 0x00, 0x00, 0x00, 0x00,
    0x00, 0x00, 0x00, 0x00, 0x0f, 0xff, 0xa0, 0x19,
    0xdf, 0xeb, 0x50, 0x00, 0xff, 0xfa, 0x2e, 0xff,
    0xff, 0xff, 0x90, 0x0f, 0xff, 0xad, 0xff, 0xff,
    0xff, 0xff, 0x50, 0xff, 0xff, 0xfa, 0x32, 0x5e,
    0xff, 0xfd, 0x0f, 0xff, 0xf9, 0x00, 0x00, 0x2f,
    0xff, 0xf2, 0xff, 0xff, 0x10, 0x00, 0x00, 0xaf,
    0xff, 0x4f, 0xff, 0xe0, 0x00, 0x00, 0x08, 0xff,
    0xf5, 0xff, 0xfd, 0x00, 0x00, 0x00, 0x7f, 0xff,
    0x5f, 0xff, 0xd0, 0x00, 0x00, 0x07, 0xff, 0xf5,
    0xff, 0xfd, 0x00, 0x00, 0x00, 0x7f, 0xff, 0x5f,
    0xff, 0xd0, 0x00, 0x00, 0x07, 0xff, 0xf5, 0xff,
    0xfd, 0x00, 0x00, 0x00, 0x7f, 0xff, 0x5f, 0xff,
    0xd0, 0x00, 0x00, 0x07, 0xff, 0xf5, 0xff, 0xfd,
    0x00, 0x00, 0x00, 0x7f, 0xff, 0x5f, 0xff, 0xd0,
    0x00, 0x00, 0x07, 0xff, 0xf5, 0xff, 0xfd, 0x00,
    0x00, 0x00, 0x7f, 0xff, 0x5f, 0xff, 0xd0, 0x00,
    0x00, 0x07, 0xff, 0xf5,

    /* U+0145 "Ņ" */
    0xcf, 0xff, 0xe0, 0x00, 0x00, 0x00, 0x00, 0x6f,
    0xff, 0x9c, 0xff, 0xff, 0x80, 0x00, 0x00, 0x00,
    0x06, 0xff, 0xf9, 0xcf, 0xff, 0xff, 0x20, 0x00,
    0x00, 0x00, 0x6f, 0xff, 0x9c, 0xff, 0xff, 0xfc,
    0x00, 0x00, 0x00, 0x06, 0xff, 0xf9, 0xcf, 0xff,
    0xff, 0xf6, 0x00, 0x00, 0x00, 0x6f, 0xff, 0x9c,
    0xff, 0xf9, 0xff, 0xe1, 0x00, 0x00, 0x06, 0xff,
    0xf9, 0xcf, 0xff, 0x2f, 0xff, 0x90, 0x00, 0x00,
    0x6f, 0xff, 0x9c, 0xff, 0xf0, 0x9f, 0xff, 0x30,
    0x00, 0x06, 0xff, 0xf9, 0xcf, 0xff, 0x11, 0xff,
    0xfc, 0x00, 0x00, 0x6f, 0xff, 0x9c, 0xff, 0xf2,
    0x07, 0xff, 0xf7, 0x00, 0x06, 0xff, 0xf9, 0xcf,
    0xff, 0x20, 0x0d, 0xff, 0xf1, 0x00, 0x6f, 0xff,
    0x9c, 0xff, 0xf3, 0x00, 0x4f, 0xff, 0xa0, 0x06,
    0xff, 0xf9, 0xcf, 0xff, 0x30, 0x00, 0xbf, 0xff,
    0x40, 0x6f, 0xff, 0x9c, 0xff, 0xf3, 0x00, 0x01,
    0xff, 0xfd, 0x05, 0xff, 0xf9, 0xcf, 0xff, 0x30,
    0x00, 0x07, 0xff, 0xf5, 0x5f, 0xff, 0x9c, 0xff,
    0xf3, 0x00, 0x00, 0x0d, 0xff, 0xd4, 0xff, 0xf9,
    0xcf, 0xff, 0x30, 0x00, 0x00, 0x3f, 0xff, 0x9f,
    0xff, 0x9c, 0xff, 0xf3, 0x00, 0x00, 0x00, 0xaf,
    0xff, 0xff, 0xf9, 0xcf, 0xff, 0x30, 0x00, 0x00,
    0x01, 0xef, 0xff, 0xff, 0x9c, 0xff, 0xf3, 0x00,
    0x00, 0x00, 0x06, 0xff, 0xff, 0xf9, 0xcf, 0xff,
    0x30, 0x00, 0x00, 0x00, 0x0c, 0xff, 0xff, 0x9c,
    0xff, 0xf3, 0x00, 0x00, 0x00, 0x00, 0x2f, 0xff,
    0xf9, 0x00, 0x00, 0x00, 0x00, 0x00, 0x00, 0x00,
    0x00, 0x00, 0x00, 0x00, 0x00, 0x00, 0x00, 0x00,
    0x00, 0x00, 0x00, 0x00, 0x00, 0x00, 0x00, 0x08,
    0xff, 0xf0, 0x00, 0x00, 0x00, 0x00, 0x00, 0x00,
    0x00, 0xcf, 0xfa, 0x00, 0x00, 0x00, 0x00, 0x00,
    0x00, 0x00, 0x0f, 0xff, 0x30, 0x00, 0x00, 0x00,
    0x00, 0x00, 0x00, 0x03, 0xff, 0xd0, 0x00, 0x00,
    0x00, 0x00, 0x00, 0x00, 0x00, 0x7f, 0xf7, 0x00,
    0x00, 0x00, 0x00, 0x00, 0x00, 0x00, 0x04, 0x77,
    0x10, 0x00, 0x00, 0x00, 0x00,

    /* U+0146 "ņ" */
    0xff, 0xfa, 0x01, 0x9d, 0xfe, 0xb5, 0x00, 0x0f,
    0xff, 0xa2, 0xef, 0xff, 0xff, 0xf9, 0x00, 0xff,
    0xfa, 0xdf, 0xff, 0xff, 0xff, 0xf5, 0x0f, 0xff,
    0xff, 0xa3, 0x25, 0xef, 0xff, 0xd0, 0xff, 0xff,
    0x90, 0x00, 0x02, 0xff, 0xff, 0x2f, 0xff, 0xf1,
    0x00, 0x00, 0x0a, 0xff, 0xf4, 0xff, 0xfe, 0x00,
    0x00, 0x00, 0x8f, 0xff, 0x5f, 0xff, 0xd0, 0x00,
    0x00, 0x07, 0xff, 0xf5, 0xff, 0xfd, 0x00, 0x00,
    0x00, 0x7f, 0xff, 0x5f, 0xff, 0xd0, 0x00, 0x00,
    0x07, 0xff, 0xf5, 0xff, 0xfd, 0x00, 0x00, 0x00,
    0x7f, 0xff, 0x5f, 0xff, 0xd0, 0x00, 0x00, 0x07,
    0xff, 0xf5, 0xff, 0xfd, 0x00, 0x00, 0x00, 0x7f,
    0xff, 0x5f, 0xff, 0xd0, 0x00, 0x00, 0x07, 0xff,
    0xf5, 0xff, 0xfd, 0x00, 0x00, 0x00, 0x7f, 0xff,
    0x5f, 0xff, 0xd0, 0x00, 0x00, 0x07, 0xff, 0xf5,
    0xff, 0xfd, 0x00, 0x00, 0x00, 0x7f, 0xff, 0x50,
    0x00, 0x00, 0x00, 0x00, 0x00, 0x00, 0x00, 0x00,
    0x00, 0x00, 0x00, 0x00, 0x00, 0x00, 0x00, 0x00,
    0x00, 0xbf, 0xfc, 0x00, 0x00, 0x00, 0x00, 0x00,
    0x0f, 0xff, 0x60, 0x00, 0x00, 0x00, 0x00, 0x03,
    0xff, 0xf0, 0x00, 0x00, 0x00, 0x00, 0x00, 0x7f,
    0xf9, 0x00, 0x00, 0x00, 0x00, 0x00, 0x0a, 0xff,
    0x30, 0x00, 0x00, 0x00, 0x00, 0x00, 0x67, 0x70,
    0x00, 0x00, 0x00, 0x00,

    /* U+0147 "Ň" */
    0x00, 0x00, 0xaf, 0xfb, 0x00, 0x0d, 0xff, 0x80,
    0x00, 0x00, 0x00, 0x00, 0xcf, 0xf7, 0x0b, 0xff,
    0xa0, 0x00, 0x00, 0x00, 0x00, 0x01, 0xdf, 0xfb,
    0xff, 0xb0, 0x00, 0x00, 0x00, 0x00, 0x00, 0x01,
    0xef, 0xff, 0xc0, 0x00, 0x00, 0x00, 0x00, 0x00,
    0x00, 0x02, 0x88, 0x71, 0x00, 0x00, 0x00, 0x00,
    0x00, 0x00, 0x00, 0x00, 0x00, 0x00, 0x00, 0x00,
    0x00, 0x00, 0x00, 0x00, 0x00, 0x00, 0x00, 0x00,
    0x00, 0x00, 0x0c, 0xff, 0xfe, 0x00, 0x00, 0x00,
    0x00, 0x06, 0xff, 0xf9, 0xcf, 0xff, 0xf8, 0x00,
    0x00, 0x00, 0x00, 0x6f, 0xff, 0x9c, 0xff, 0xff,
    0xf2, 0x00, 0x00, 0x00, 0x06, 0xff, 0xf9, 0xcf,
    0xff, 0xff, 0xc0, 0x00, 0x00, 0x00, 0x6f, 0xff,
    0x9c, 0xff, 0xff, 0xff, 0x60, 0x00, 0x00, 0x06,
    0xff, 0xf9, 0xcf, 0xff, 0x9f, 0xfe, 0x10, 0x00,
    0x00, 0x6f, 0xff, 0x9c, 0xff, 0xf2, 0xff, 0xf9,
    0x00, 0x00, 0x06, 0xff, 0xf9, 0xcf, 0xff, 0x09,
    0xff, 0xf3, 0x00, 0x00, 0x6f, 0xff, 0x9c, 0xff,
    0xf1, 0x1f, 0xff, 0xc0, 0x00, 0x06, 0xff, 0xf9,
    0xcf, 0xff, 0x20, 0x7f, 0xff, 0x70, 0x00, 0x6f,
    0xff, 0x9c, 0xff, 0xf2, 0x00, 0xdf, 0xff, 0x10,
    0x06, 0xff, 0xf9, 0xcf, 0xff, 0x30, 0x04, 0xff,
    0xfa, 0x00, 0x6f, 0xff, 0x9c, 0xff, 0xf3, 0x00,
    0x0b, 0xff, 0xf4, 0x06, 0xff, 0xf9, 0xcf, 0xff,
    0x30, 0x00, 0x1f, 0xff, 0xd0, 0x5f, 0xff, 0x9c,
    0xff, 0xf3, 0x00, 0x00, 0x7f, 0xff, 0x55, 0xff,
    0xf9, 0xcf, 0xff, 0x30, 0x00, 0x00, 0xdf, 0xfd,
    0x4f, 0xff, 0x9c, 0xff, 0xf3, 0x00, 0x00, 0x03,
    0xff, 0xf9, 0xff, 0xf9, 0xcf, 0xff, 0x30, 0x00,
    0x00, 0x0a, 0xff, 0xff, 0xff, 0x9c, 0xff, 0xf3,
    0x00, 0x00, 0x00, 0x1e, 0xff, 0xff, 0xf9, 0xcf,
    0xff, 0x30, 0x00, 0x00, 0x00, 0x6f, 0xff, 0xff,
    0x9c, 0xff, 0xf3, 0x00, 0x00, 0x00, 0x00, 0xcf,
    0xff, 0xf9, 0xcf, 0xff, 0x30, 0x00, 0x00, 0x00,
    0x02, 0xff, 0xff, 0x90,

    /* U+0148 "ň" */
    0x01, 0x88, 0x82, 0x00, 0x07, 0x88, 0x40, 0x00,
    0x06, 0xff, 0xd1, 0x09, 0xff, 0xc0, 0x00, 0x00,
    0x07, 0xff, 0xc7, 0xff, 0xc0, 0x00, 0x00, 0x00,
    0x08, 0xff, 0xff, 0xd1, 0x00, 0x00, 0x00, 0x00,
    0x08, 0xbb, 0xb1, 0x00, 0x00, 0x00, 0x00, 0x00,
    0x00, 0x00, 0x00, 0x00, 0x00, 0x00, 0x00, 0x00,
    0x00, 0x00, 0x00, 0x00, 0x0f, 0xff, 0xa0, 0x19,
    0xdf, 0xeb, 0x50, 0x00, 0xff, 0xfa, 0x2e, 0xff,
    0xff, 0xff, 0x90, 0x0f, 0xff, 0xad, 0xff, 0xff,
    0xff, 0xff, 0x50, 0xff, 0xff, 0xfa, 0x32, 0x5e,
    0xff, 0xfd, 0x0f, 0xff, 0xf9, 0x00, 0x00, 0x2f,
    0xff, 0xf2, 0xff, 0xff, 0x10, 0x00, 0x00, 0xaf,
    0xff, 0x4f, 0xff, 0xe0, 0x00, 0x00, 0x08, 0xff,
    0xf5, 0xff, 0xfd, 0x00, 0x00, 0x00, 0x7f, 0xff,
    0x5f, 0xff, 0xd0, 0x00, 0x00, 0x07, 0xff, 0xf5,
    0xff, 0xfd, 0x00, 0x00, 0x00, 0x7f, 0xff, 0x5f,
    0xff, 0xd0, 0x00, 0x00, 0x07, 0xff, 0xf5, 0xff,
    0xfd, 0x00, 0x00, 0x00, 0x7f, 0xff, 0x5f, 0xff,
    0xd0, 0x00, 0x00, 0x07, 0xff, 0xf5, 0xff, 0xfd,
    0x00, 0x00, 0x00, 0x7f, 0xff, 0x5f, 0xff, 0xd0,
    0x00, 0x00, 0x07, 0xff, 0xf5, 0xff, 0xfd, 0x00,
    0x00, 0x00, 0x7f, 0xff, 0x5f, 0xff, 0xd0, 0x00,
    0x00, 0x07, 0xff, 0xf5,

    /* U+014A "Ŋ" */
    0xcf, 0xff, 0xe0, 0x00, 0x00, 0x00, 0x00, 0x6f,
    0xff, 0x9c, 0xff, 0xff, 0x80, 0x00, 0x00, 0x00,
    0x06, 0xff, 0xf9, 0xcf, 0xff, 0xff, 0x20, 0x00,
    0x00, 0x00, 0x6f, 0xff, 0x9c, 0xff, 0xff, 0xfc,
    0x00, 0x00, 0x00, 0x06, 0xff, 0xf9, 0xcf, 0xff,
    0xff, 0xf6, 0x00, 0x00, 0x00, 0x6f, 0xff, 0x9c,
    0xff, 0xf9, 0xff, 0xe1, 0x00, 0x00, 0x06, 0xff,
    0xf9, 0xcf, 0xff, 0x2f, 0xff, 0x90, 0x00, 0x00,
    0x6f, 0xff, 0x9c, 0xff, 0xf0, 0x9f, 0xff, 0x30,
    0x00, 0x06, 0xff, 0xf9, 0xcf, 0xff, 0x11, 0xff,
    0xfc, 0x00, 0x00, 0x6f, 0xff, 0x9c, 0xff, 0xf2,
    0x07, 0xff, 0xf7, 0x00, 0x06, 0xff, 0xf9, 0xcf,
    0xff, 0x20, 0x0d, 0xff, 0xf1, 0x00, 0x6f, 0xff,
    0x9c, 0xff, 0xf3, 0x00, 0x4f, 0xff, 0xa0, 0x06,
    0xff, 0xf9, 0xcf, 0xff, 0x30, 0x00, 0xbf, 0xff,
    0x40, 0x6f, 0xff, 0x9c, 0xff, 0xf3, 0x00, 0x01,
    0xff, 0xfd, 0x05, 0xff, 0xf9, 0xcf, 0xff, 0x30,
    0x00, 0x07, 0xff, 0xf5, 0x5f, 0xff, 0x9c, 0xff,
    0xf3, 0x00, 0x00, 0x0d, 0xff, 0xd4, 0xff, 0xf9,
    0xcf, 0xff, 0x30, 0x00, 0x00, 0x3f, 0xff, 0x9f,
    0xff, 0x9c, 0xff, 0xf3, 0x00, 0x00, 0x00, 0xaf,
    0xff, 0xff, 0xf9, 0xcf, 0xff, 0x30, 0x00, 0x00,
    0x01, 0xef, 0xff, 0xff, 0x9c, 0xff, 0xf3, 0x00,
    0x00, 0x00, 0x06, 0xff, 0xff, 0xf9, 0xcf, 0xff,
    0x30, 0x00, 0x00, 0x00, 0x0c, 0xff, 0xff, 0xfc,
    0xff, 0xf3, 0x00, 0x00, 0x00, 0x00, 0x2f, 0xff,
    0xff, 0x00, 0x00, 0x00, 0x00, 0x00, 0x00, 0x00,
    0x3f, 0xff, 0xb0, 0x00, 0x00, 0x00, 0x00, 0x00,
    0x00, 0x04, 0xff, 0xfa, 0x00, 0x00, 0x00, 0x00,
    0x00, 0x01, 0x44, 0xbf, 0xff, 0x90, 0x00, 0x00,
    0x00, 0x00, 0x00, 0x4f, 0xff, 0xff, 0xf6, 0x00,
    0x00, 0x00, 0x00, 0x00, 0x04, 0xff, 0xff, 0xfc,
    0x00, 0x00, 0x00, 0x00, 0x00, 0x00, 0x3e, 0xff,
    0xc7, 0x00,

    /* U+014B "ŋ" */
    0xff, 0xfa, 0x01, 0x9d, 0xfe, 0xb5, 0x00, 0x0f,
    0xff, 0xa2, 0xef, 0xff, 0xff, 0xf9, 0x00, 0xff,
    0xfa, 0xdf, 0xff, 0xff, 0xff, 0xf5, 0x0f, 0xff,
    0xff, 0xa3, 0x25, 0xef, 0xff, 0xd0, 0xff, 0xff,
    0x90, 0x00, 0x02, 0xff, 0xff, 0x2f, 0xff, 0xf1,
    0x00, 0x00, 0x0a, 0xff, 0xf4, 0xff, 0xfe, 0x00,
    0x00, 0x00, 0x8f, 0xff, 0x5f, 0xff, 0xd0, 0x00,
    0x00, 0x07, 0xff, 0xf5, 0xff, 0xfd, 0x00, 0x00,
    0x00, 0x7f, 0xff, 0x5f, 0xff, 0xd0, 0x00, 0x00,
    0x07, 0xff, 0xf5, 0xff, 0xfd, 0x00, 0x00, 0x00,
    0x7f, 0xff, 0x5f, 0xff, 0xd0, 0x00, 0x00, 0x07,
    0xff, 0xf5, 0xff, 0xfd, 0x00, 0x00, 0x00, 0x7f,
    0xff, 0x5f, 0xff, 0xd0, 0x00, 0x00, 0x07, 0xff,
    0xf5, 0xff, 0xfd, 0x00, 0x00, 0x00, 0x7f, 0xff,
    0x5f, 0xff, 0xd0, 0x00, 0x00, 0x07, 0xff, 0xf5,
    0xff, 0xfd, 0x00, 0x00, 0x00, 0x7f, 0xff, 0x50,
    0x00, 0x00, 0x00, 0x00, 0x07, 0xff, 0xf5, 0x00,
    0x00, 0x00, 0x00, 0x00, 0x7f, 0xff, 0x50, 0x00,
    0x00, 0x00, 0x34, 0x5d, 0xff, 0xf4, 0x00, 0x00,
    0x00, 0x0a, 0xff, 0xff, 0xff, 0x10, 0x00, 0x00,
    0x00, 0xaf, 0xff, 0xff, 0x70, 0x00, 0x00, 0x00,
    0x08, 0xff, 0xeb, 0x50, 0x00,

    /* U+014C "Ō" */
    0x00, 0x00, 0x00, 0x6a, 0xaa, 0xaa, 0xaa, 0x70,
    0x00, 0x00, 0x00, 0x00, 0x00, 0x0a, 0xff, 0xff,
    0xff, 0xfb, 0x00, 0x00, 0x00, 0x00, 0x00, 0x00,
    0xaf, 0xff, 0xff, 0xff, 0xb0, 0x00, 0x00, 0x00,
    0x00, 0x00, 0x00, 0x00, 0x00, 0x00, 0x00, 0x00,
    0x00, 0x00, 0x00, 0x00, 0x00, 0x00, 0x00, 0x00,
    0x00, 0x00, 0x00, 0x00, 0x00, 0x00, 0x00, 0x00,
    0x00, 0x00, 0x00, 0x00, 0x00, 0x00, 0x00, 0x00,
    0x00, 0x00, 0x00, 0x00, 0x00, 0x00, 0x00, 0x00,
    0x00, 0x00, 0x00, 0x00, 0x03, 0x9c, 0xef, 0xfd,
    0x93, 0x00, 0x00, 0x00, 0x00, 0x00, 0x2b, 0xff,
    0xff, 0xff, 0xff, 0xfc, 0x20, 0x00, 0x00, 0x00,
    0x3f, 0xff, 0xff, 0xff, 0xff, 0xff, 0xff, 0x40,
    0x00, 0x00, 0x2f, 0xff, 0xff, 0xeb, 0xab, 0xef,
    0xff, 0xff, 0x30, 0x00, 0x0c, 0xff, 0xff, 0x60,
    0x00, 0x00, 0x6f, 0xff, 0xfd, 0x00, 0x05, 0xff,
    0xff, 0x30, 0x00, 0x00, 0x00, 0x3f, 0xff, 0xf6,
    0x00, 0xcf, 0xff, 0x80, 0x00, 0x00, 0x00, 0x00,
    0x7f, 0xff, 0xd0, 0x1f, 0xff, 0xf1, 0x00, 0x00,
    0x00, 0x00, 0x00, 0xff, 0xff, 0x24, 0xff, 0xfb,
    0x00, 0x00, 0x00, 0x00, 0x00, 0x0a, 0xff, 0xf5,
    0x6f, 0xff, 0x90, 0x00, 0x00, 0x00, 0x00, 0x00,
    0x8f, 0xff, 0x77, 0xff, 0xf7, 0x00, 0x00, 0x00,
    0x00, 0x00, 0x07, 0xff, 0xf8, 0x7f, 0xff, 0x70,
    0x00, 0x00, 0x00, 0x00, 0x00, 0x6f, 0xff, 0x86,
    0xff, 0xf9, 0x00, 0x00, 0x00, 0x00, 0x00, 0x08,
    0xff, 0xf7, 0x4f, 0xff, 0xb0, 0x00, 0x00, 0x00,
    0x00, 0x00, 0xaf, 0xff, 0x51, 0xff, 0xff, 0x10,
    0x00, 0x00, 0x00, 0x00, 0x0f, 0xff, 0xf2, 0x0c,
    0xff, 0xf8, 0x00, 0x00, 0x00, 0x00, 0x07, 0xff,
    0xfd, 0x00, 0x5f, 0xff, 0xf3, 0x00, 0x00, 0x00,
    0x03, 0xff, 0xff, 0x60, 0x00, 0xdf, 0xff, 0xf6,
    0x00, 0x00, 0x06, 0xff, 0xff, 0xd0, 0x00, 0x02,
    0xff, 0xff, 0xfe, 0xb9, 0xbe, 0xff, 0xff, 0xf3,
    0x00, 0x00, 0x03, 0xff, 0xff, 0xff, 0xff, 0xff,
    0xff, 0xf4, 0x00, 0x00, 0x00, 0x02, 0xbf, 0xff,
    0xff, 0xff, 0xff, 0xc2, 0x00, 0x00, 0x00, 0x00,
    0x00, 0x39, 0xcf, 0xff, 0xd9, 0x40, 0x00, 0x00,
    0x00,

    /* U+014D "ō" */
    0x00, 0x01, 0xff, 0xff, 0xff, 0xff, 0x40, 0x00,
    0x00, 0x01, 0xff, 0xff, 0xff, 0xff, 0x40, 0x00,
    0x00, 0x00, 0xaa, 0xaa, 0xaa, 0xaa, 0x20, 0x00,
    0x00, 0x00, 0x00, 0x00, 0x00, 0x00, 0x00, 0x00,
    0x00, 0x00, 0x00, 0x00, 0x00, 0x00, 0x00, 0x00,
    0x00, 0x00, 0x39, 0xdf, 0xfe, 0xa5, 0x00, 0x00,
    0x00, 0x08, 0xff, 0xff, 0xff, 0xff, 0xb1, 0x00,
    0x00, 0xaf, 0xff, 0xff, 0xff, 0xff, 0xfd, 0x10,
    0x06, 0xff, 0xff, 0x94, 0x37, 0xef, 0xff, 0xa0,
    0x0e, 0xff, 0xf5, 0x00, 0x00, 0x2f, 0xff, 0xf2,
    0x4f, 0xff, 0xc0, 0x00, 0x00, 0x07, 0xff, 0xf8,
    0x8f, 0xff, 0x60, 0x00, 0x00, 0x02, 0xff, 0xfc,
    0x9f, 0xff, 0x40, 0x00, 0x00, 0x00, 0xff, 0xfd,
    0xaf, 0xff, 0x30, 0x00, 0x00, 0x00, 0xef, 0xff,
    0x9f, 0xff, 0x40, 0x00, 0x00, 0x00, 0xff, 0xfd,
    0x8f, 0xff, 0x60, 0x00, 0x00, 0x02, 0xff, 0xfc,
    0x4f, 0xff, 0xc0, 0x00, 0x00, 0x07, 0xff, 0xf8,
    0x0e, 0xff, 0xf5, 0x00, 0x00, 0x2f, 0xff, 0xf2,
    0x06, 0xff, 0xff, 0x94, 0x37, 0xef, 0xff, 0xa0,
    0x00, 0xaf, 0xff, 0xff, 0xff, 0xff, 0xfd, 0x10,
    0x00, 0x08, 0xff, 0xff, 0xff, 0xff, 0xb1, 0x00,
    0x00, 0x00, 0x39, 0xdf, 0xfe, 0xa5, 0x00, 0x00,

    /* U+014E "Ŏ" */
    0x00, 0x00, 0x01, 0x88, 0x10, 0x00, 0x08, 0x82,
    0x00, 0x00, 0x00, 0x00, 0x00, 0x1f, 0xf5, 0x00,
    0x04, 0xff, 0x20, 0x00, 0x00, 0x00, 0x00, 0x00,
    0xcf, 0xe4, 0x03, 0xdf, 0xd0, 0x00, 0x00, 0x00,
    0x00, 0x00, 0x03, 0xff, 0xff, 0xff, 0xf4, 0x00,
    0x00, 0x00, 0x00, 0x00, 0x00, 0x03, 0xdf, 0xff,
    0xd4, 0x00, 0x00, 0x00, 0x00, 0x00, 0x00, 0x00,
    0x00, 0x24, 0x20, 0x00, 0x00, 0x00, 0x00, 0x00,
    0x00, 0x00, 0x00, 0x00, 0x00, 0x00, 0x00, 0x00,
    0x00, 0x00, 0x00, 0x00, 0x00, 0x00, 0x00, 0x00,
    0x00, 0x00, 0x00, 0x00, 0x00, 0x00, 0x00, 0x39,
    0xce, 0xff, 0xd9, 0x30, 0x00, 0x00, 0x00, 0x00,
    0x02, 0xbf, 0xff, 0xff, 0xff, 0xff, 0xc2, 0x00,
    0x00, 0x00, 0x03, 0xff, 0xff, 0xff, 0xff, 0xff,
    0xff, 0xf4, 0x00, 0x00, 0x02, 0xff, 0xff, 0xfe,
    0xba, 0xbe, 0xff, 0xff, 0xf3, 0x00, 0x00, 0xcf,
    0xff, 0xf6, 0x00, 0x00, 0x06, 0xff, 0xff, 0xd0,
    0x00, 0x5f, 0xff, 0xf3, 0x00, 0x00, 0x00, 0x03,
    0xff, 0xff, 0x60, 0x0c, 0xff, 0xf8, 0x00, 0x00,
    0x00, 0x00, 0x07, 0xff, 0xfd, 0x01, 0xff, 0xff,
    0x10, 0x00, 0x00, 0x00, 0x00, 0x0f, 0xff, 0xf2,
    0x4f, 0xff, 0xb0, 0x00, 0x00, 0x00, 0x00, 0x00,
    0xaf, 0xff, 0x56, 0xff, 0xf9, 0x00, 0x00, 0x00,
    0x00, 0x00, 0x08, 0xff, 0xf7, 0x7f, 0xff, 0x70,
    0x00, 0x00, 0x00, 0x00, 0x00, 0x7f, 0xff, 0x87,
    0xff, 0xf7, 0x00, 0x00, 0x00, 0x00, 0x00, 0x06,
    0xff, 0xf8, 0x6f, 0xff, 0x90, 0x00, 0x00, 0x00,
    0x00, 0x00, 0x8f, 0xff, 0x74, 0xff, 0xfb, 0x00,
    0x00, 0x00, 0x00, 0x00, 0x0a, 0xff, 0xf5, 0x1f,
    0xff, 0xf1, 0x00, 0x00, 0x00, 0x00, 0x00, 0xff,
    0xff, 0x20, 0xcf, 0xff, 0x80, 0x00, 0x00, 0x00,
    0x00, 0x7f, 0xff, 0xd0, 0x05, 0xff, 0xff, 0x30,
    0x00, 0x00, 0x00, 0x3f, 0xff, 0xf6, 0x00, 0x0d,
    0xff, 0xff, 0x60, 0x00, 0x00, 0x6f, 0xff, 0xfd,
    0x00, 0x00, 0x2f, 0xff, 0xff, 0xeb, 0x9b, 0xef,
    0xff, 0xff, 0x30, 0x00, 0x00, 0x3f, 0xff, 0xff,
    0xff, 0xff, 0xff, 0xff, 0x40, 0x00, 0x00, 0x00,
    0x2b, 0xff, 0xff, 0xff, 0xff, 0xfc, 0x20, 0x00,
    0x00, 0x00, 0x00, 0x03, 0x9c, 0xff, 0xfd, 0x94,
    0x00, 0x00, 0x00,

    /* U+014F "ŏ" */
    0x00, 0x09, 0xfc, 0x00, 0x00, 0x8f, 0xd0, 0x00,
    0x00, 0x06, 0xff, 0x20, 0x00, 0xdf, 0xa0, 0x00,
    0x00, 0x01, 0xef, 0xe6, 0x5c, 0xff, 0x30, 0x00,
    0x00, 0x00, 0x4f, 0xff, 0xff, 0xf8, 0x00, 0x00,
    0x00, 0x00, 0x03, 0xbe, 0xfc, 0x50, 0x00, 0x00,
    0x00, 0x00, 0x00, 0x00, 0x00, 0x00, 0x00, 0x00,
    0x00, 0x00, 0x00, 0x00, 0x00, 0x00, 0x00, 0x00,
    0x00, 0x00, 0x39, 0xdf, 0xfe, 0xa5, 0x00, 0x00,
    0x00, 0x08, 0xff, 0xff, 0xff, 0xff, 0xb1, 0x00,
    0x00, 0xaf, 0xff, 0xff, 0xff, 0xff, 0xfd, 0x10,
    0x06, 0xff, 0xff, 0x94, 0x37, 0xef, 0xff, 0xa0,
    0x0e, 0xff, 0xf5, 0x00, 0x00, 0x2f, 0xff, 0xf2,
    0x4f, 0xff, 0xc0, 0x00, 0x00, 0x07, 0xff, 0xf8,
    0x8f, 0xff, 0x60, 0x00, 0x00, 0x02, 0xff, 0xfc,
    0x9f, 0xff, 0x40, 0x00, 0x00, 0x00, 0xff, 0xfd,
    0xaf, 0xff, 0x30, 0x00, 0x00, 0x00, 0xef, 0xff,
    0x9f, 0xff, 0x40, 0x00, 0x00, 0x00, 0xff, 0xfd,
    0x8f, 0xff, 0x60, 0x00, 0x00, 0x02, 0xff, 0xfc,
    0x4f, 0xff, 0xc0, 0x00, 0x00, 0x07, 0xff, 0xf8,
    0x0e, 0xff, 0xf5, 0x00, 0x00, 0x2f, 0xff, 0xf2,
    0x06, 0xff, 0xff, 0x94, 0x37, 0xef, 0xff, 0xa0,
    0x00, 0xaf, 0xff, 0xff, 0xff, 0xff, 0xfd, 0x10,
    0x00, 0x08, 0xff, 0xff, 0xff, 0xff, 0xb1, 0x00,
    0x00, 0x00, 0x39, 0xdf, 0xfe, 0xa5, 0x00, 0x00,

    /* U+0150 "Ő" */
    0x00, 0x00, 0x00, 0x09, 0x99, 0x50, 0x19, 0x99,
    0x40, 0x00, 0x00, 0x00, 0x00, 0x04, 0xff, 0xf2,
    0x0a, 0xff, 0xd0, 0x00, 0x00, 0x00, 0x00, 0x00,
    0xaf, 0xf9, 0x02, 0xff, 0xf3, 0x00, 0x00, 0x00,
    0x00, 0x00, 0x0f, 0xff, 0x10, 0xbf, 0xf6, 0x00,
    0x00, 0x00, 0x00, 0x00, 0x05, 0xff, 0x80, 0x3f,
    0xfa, 0x00, 0x00, 0x00, 0x00, 0x00, 0x00, 0x00,
    0x00, 0x00, 0x00, 0x00, 0x00, 0x00, 0x00, 0x00,
    0x00, 0x00, 0x00, 0x00, 0x00, 0x00, 0x00, 0x00,
    0x00, 0x00, 0x00, 0x00, 0x00, 0x00, 0x00, 0x00,
    0x00, 0x00, 0x00, 0x00, 0x00, 0x00, 0x00, 0x39,
    0xce, 0xff, 0xd9, 0x30, 0x00, 0x00, 0x00, 0x00,
    0x02, 0xbf, 0xff, 0xff, 0xff, 0xff, 0xc2, 0x00,
    0x00, 0x00, 0x03, 0xff, 0xff, 0xff, 0xff, 0xff,
    0xff, 0xf4, 0x00, 0x00, 0x02, 0xff, 0xff, 0xfe,
    0xba, 0xbe, 0xff, 0xff, 0xf3, 0x00, 0x00, 0xcf,
    0xff, 0xf6, 0x00, 0x00, 0x06, 0xff, 0xff, 0xd0,
    0x00, 0x5f, 0xff, 0xf3, 0x00, 0x00, 0x00, 0x03,
    0xff, 0xff, 0x60, 0x0c, 0xff, 0xf8, 0x00, 0x00,
    0x00, 0x00, 0x07, 0xff, 0xfd, 0x01, 0xff, 0xff,
    0x10, 0x00, 0x00, 0x00, 0x00, 0x0f, 0xff, 0xf2,
    0x4f, 0xff, 0xb0, 0x00, 0x00, 0x00, 0x00, 0x00,
    0xaf, 0xff, 0x56, 0xff, 0xf9, 0x00, 0x00, 0x00,
    0x00, 0x00, 0x08, 0xff, 0xf7, 0x7f, 0xff, 0x70,
    0x00, 0x00, 0x00, 0x00, 0x00, 0x7f, 0xff, 0x87,
    0xff, 0xf7, 0x00, 0x00, 0x00, 0x00, 0x00, 0x06,
    0xff, 0xf8, 0x6f, 0xff, 0x90, 0x00, 0x00, 0x00,
    0x00, 0x00, 0x8f, 0xff, 0x74, 0xff, 0xfb, 0x00,
    0x00, 0x00, 0x00, 0x00, 0x0a, 0xff, 0xf5, 0x1f,
    0xff, 0xf1, 0x00, 0x00, 0x00, 0x00, 0x00, 0xff,
    0xff, 0x20, 0xcf, 0xff, 0x80, 0x00, 0x00, 0x00,
    0x00, 0x7f, 0xff, 0xd0, 0x05, 0xff, 0xff, 0x30,
    0x00, 0x00, 0x00, 0x3f, 0xff, 0xf6, 0x00, 0x0d,
    0xff, 0xff, 0x60, 0x00, 0x00, 0x6f, 0xff, 0xfd,
    0x00, 0x00, 0x2f, 0xff, 0xff, 0xeb, 0x9b, 0xef,
    0xff, 0xff, 0x30, 0x00, 0x00, 0x3f, 0xff, 0xff,
    0xff, 0xff, 0xff, 0xff, 0x40, 0x00, 0x00, 0x00,
    0x2b, 0xff, 0xff, 0xff, 0xff, 0xfc, 0x20, 0x00,
    0x00, 0x00, 0x00, 0x03, 0x9c, 0xff, 0xfd, 0x94,
    0x00, 0x00, 0x00,

    /* U+0151 "ő" */
    0x00, 0x00, 0x7f, 0xff, 0x10, 0xbf, 0xfe, 0x10,
    0x00, 0x00, 0xdf, 0xf8, 0x04, 0xff, 0xf3, 0x00,
    0x00, 0x02, 0xff, 0xe0, 0x0c, 0xff, 0x70, 0x00,
    0x00, 0x08, 0xff, 0x70, 0x5f, 0xfb, 0x00, 0x00,
    0x00, 0x07, 0x99, 0x00, 0x79, 0x91, 0x00, 0x00,
    0x00, 0x00, 0x00, 0x00, 0x00, 0x00, 0x00, 0x00,
    0x00, 0x00, 0x00, 0x00, 0x00, 0x00, 0x00, 0x00,
    0x00, 0x00, 0x39, 0xdf, 0xfe, 0xa5, 0x00, 0x00,
    0x00, 0x08, 0xff, 0xff, 0xff, 0xff, 0xb1, 0x00,
    0x00, 0xaf, 0xff, 0xff, 0xff, 0xff, 0xfd, 0x10,
    0x06, 0xff, 0xff, 0x94, 0x37, 0xef, 0xff, 0xa0,
    0x0e, 0xff, 0xf5, 0x00, 0x00, 0x2f, 0xff, 0xf2,
    0x4f, 0xff, 0xc0, 0x00, 0x00, 0x07, 0xff, 0xf8,
    0x8f, 0xff, 0x60, 0x00, 0x00, 0x02, 0xff, 0xfc,
    0x9f, 0xff, 0x40, 0x00, 0x00, 0x00, 0xff, 0xfd,
    0xaf, 0xff, 0x30, 0x00, 0x00, 0x00, 0xef, 0xff,
    0x9f, 0xff, 0x40, 0x00, 0x00, 0x00, 0xff, 0xfd,
    0x8f, 0xff, 0x60, 0x00, 0x00, 0x02, 0xff, 0xfc,
    0x4f, 0xff, 0xc0, 0x00, 0x00, 0x07, 0xff, 0xf8,
    0x0e, 0xff, 0xf5, 0x00, 0x00, 0x2f, 0xff, 0xf2,
    0x06, 0xff, 0xff, 0x94, 0x37, 0xef, 0xff, 0xa0,
    0x00, 0xaf, 0xff, 0xff, 0xff, 0xff, 0xfd, 0x10,
    0x00, 0x08, 0xff, 0xff, 0xff, 0xff, 0xb1, 0x00,
    0x00, 0x00, 0x39, 0xdf, 0xfe, 0xa5, 0x00, 0x00,

    /* U+0152 "Œ" */
    0x00, 0x00, 0x00, 0x38, 0xce, 0xff, 0xff, 0xff,
    0xff, 0xff, 0xff, 0xff, 0xff, 0xfa, 0x00, 0x00,
    0x1b, 0xff, 0xff, 0xff, 0xff, 0xff, 0xff, 0xff,
    0xff, 0xff, 0xff, 0xfa, 0x00, 0x03, 0xef, 0xff,
    0xff, 0xff, 0xff, 0xff, 0xff, 0xff, 0xff, 0xff,
    0xff, 0xfa, 0x00, 0x2f, 0xff, 0xff, 0xea, 0x87,
    0x7f, 0xff, 0xfa, 0x77, 0x77, 0x77, 0x77, 0x74,
    0x00, 0xcf, 0xff, 0xe5, 0x00, 0x00, 0x09, 0xff,
    0xf5, 0x00, 0x00, 0x00, 0x00, 0x00, 0x05, 0xff,
    0xff, 0x20, 0x00, 0x00, 0x09, 0xff, 0xf5, 0x00,
    0x00, 0x00, 0x00, 0x00, 0x0c, 0xff, 0xf6, 0x00,
    0x00, 0x00, 0x09, 0xff, 0xf5, 0x00, 0x00, 0x00,
    0x00, 0x00, 0x1f, 0xff, 0xf0, 0x00, 0x00, 0x00,
    0x09, 0xff, 0xf5, 0x00, 0x00, 0x00, 0x00, 0x00,
    0x4f, 0xff, 0xa0, 0x00, 0x00, 0x00, 0x09, 0xff,
    0xf5, 0x00, 0x00, 0x00, 0x00, 0x00, 0x6f, 0xff,
    0x80, 0x00, 0x00, 0x00, 0x09, 0xff, 0xff, 0xff,
    0xff, 0xff, 0xff, 0xd0, 0x7f, 0xff, 0x60, 0x00,
    0x00, 0x00, 0x09, 0xff, 0xff, 0xff, 0xff, 0xff,
    0xff, 0xd0, 0x7f, 0xff, 0x60, 0x00, 0x00, 0x00,
    0x09, 0xff, 0xff, 0xff, 0xff, 0xff, 0xff, 0xd0,
    0x6f, 0xff, 0x80, 0x00, 0x00, 0x00, 0x09, 0xff,
    0xf9, 0x55, 0x55, 0x55, 0x55, 0x40, 0x4f, 0xff,
    0xa0, 0x00, 0x00, 0x00, 0x09, 0xff, 0xf5, 0x00,
    0x00, 0x00, 0x00, 0x00, 0x1f, 0xff, 0xf0, 0x00,
    0x00, 0x00, 0x09, 0xff, 0xf5, 0x00, 0x00, 0x00,
    0x00, 0x00, 0x0c, 0xff, 0xf6, 0x00, 0x00, 0x00,
    0x09, 0xff, 0xf5, 0x00, 0x00, 0x00, 0x00, 0x00,
    0x05, 0xff, 0xff, 0x20, 0x00, 0x00, 0x09, 0xff,
    0xf5, 0x00, 0x00, 0x00, 0x00, 0x00, 0x00, 0xcf,
    0xff, 0xe5, 0x00, 0x00, 0x09, 0xff, 0xf5, 0x00,
    0x00, 0x00, 0x00, 0x00, 0x00, 0x2e, 0xff, 0xff,
    0xd9, 0x87, 0x7f, 0xff, 0xfa, 0x77, 0x77, 0x77,
    0x77, 0x75, 0x00, 0x03, 0xef, 0xff, 0xff, 0xff,
    0xff, 0xff, 0xff, 0xff, 0xff, 0xff, 0xff, 0xfb,
    0x00, 0x00, 0x1b, 0xff, 0xff, 0xff, 0xff, 0xff,
    0xff, 0xff, 0xff, 0xff, 0xff, 0xfb, 0x00, 0x00,
    0x00, 0x38, 0xce, 0xff, 0xff, 0xff, 0xff, 0xff,
    0xff, 0xff, 0xff, 0xfb,

    /* U+0153 "œ" */
    0x00, 0x00, 0x39, 0xdf, 0xfe, 0xa5, 0x00, 0x00,
    0x39, 0xdf, 0xfd, 0x93, 0x00, 0x00, 0x00, 0x08,
    0xff, 0xff, 0xff, 0xff, 0xb1, 0x08, 0xff, 0xff,
    0xff, 0xff, 0x90, 0x00, 0x00, 0xaf, 0xff, 0xff,
    0xff, 0xff, 0xfd, 0xbf, 0xff, 0xff, 0xff, 0xff,
    0xfa, 0x00, 0x06, 0xff, 0xff, 0x94, 0x37, 0xef,
    0xff, 0xff, 0xfe, 0x73, 0x37, 0xef, 0xff, 0x50,
    0x0e, 0xff, 0xf5, 0x00, 0x00, 0x2f, 0xff, 0xff,
    0xf2, 0x00, 0x00, 0x2f, 0xff, 0xd0, 0x4f, 0xff,
    0xc0, 0x00, 0x00, 0x07, 0xff, 0xff, 0x70, 0x00,
    0x00, 0x09, 0xff, 0xf1, 0x8f, 0xff, 0x60, 0x00,
    0x00, 0x02, 0xff, 0xff, 0x30, 0x00, 0x00, 0x04,
    0xff, 0xf5, 0x9f, 0xff, 0x40, 0x00, 0x00, 0x00,
    0xff, 0xff, 0xff, 0xff, 0xff, 0xff, 0xff, 0xf6,
    0xaf, 0xff, 0x30, 0x00, 0x00, 0x00, 0xff, 0xff,
    0xff, 0xff, 0xff, 0xff, 0xff, 0xf7, 0x9f, 0xff,
    0x40, 0x00, 0x00, 0x00, 0xff, 0xff, 0xca, 0xaa,
    0xaa, 0xaa, 0xaa, 0xa5, 0x8f, 0xff, 0x60, 0x00,
    0x00, 0x02, 0xff, 0xff, 0x30, 0x00, 0x00, 0x00,
    0x00, 0x00, 0x4f, 0xff, 0xc0, 0x00, 0x00, 0x07,
    0xff, 0xff, 0x80, 0x00, 0x00, 0x00, 0x00, 0x00,
    0x0e, 0xff, 0xf5, 0x00, 0x00, 0x2f, 0xff, 0xff,
    0xf3, 0x00, 0x00, 0x0a, 0xfc, 0x91, 0x06, 0xff,
    0xff, 0x94, 0x37, 0xef, 0xff, 0xff, 0xff, 0x84,
    0x35, 0xcf, 0xff, 0xd0, 0x00, 0xaf, 0xff, 0xff,
    0xff, 0xff, 0xfd, 0xbf, 0xff, 0xff, 0xff, 0xff,
    0xff, 0x30, 0x00, 0x08, 0xff, 0xff, 0xff, 0xff,
    0xb1, 0x08, 0xff, 0xff, 0xff, 0xff, 0xe4, 0x00,
    0x00, 0x00, 0x39, 0xdf, 0xfe, 0xa5, 0x00, 0x00,
    0x39, 0xdf, 0xfe, 0xb6, 0x00, 0x00,

    /* U+0154 "Ŕ" */
    0x00, 0x00, 0x00, 0x00, 0xef, 0xfa, 0x00, 0x00,
    0x00, 0x00, 0x00, 0x00, 0x6f, 0xfe, 0x10, 0x00,
    0x00, 0x00, 0x00, 0x00, 0x0d, 0xff, 0x50, 0x00,
    0x00, 0x00, 0x00, 0x00, 0x04, 0xff, 0xb0, 0x00,
    0x00, 0x00, 0x00, 0x00, 0x00, 0x69, 0x91, 0x00,
    0x00, 0x00, 0x00, 0x00, 0x00, 0x00, 0x00, 0x00,
    0x00, 0x00, 0x00, 0x00, 0x00, 0x00, 0x00, 0x00,
    0x00, 0x00, 0x00, 0x0c, 0xff, 0xff, 0xff, 0xff,
    0xec, 0x72, 0x00, 0x00, 0xcf, 0xff, 0xff, 0xff,
    0xff, 0xff, 0xf7, 0x00, 0x0c, 0xff, 0xff, 0xff,
    0xff, 0xff, 0xff, 0xf8, 0x00, 0xcf, 0xff, 0x65,
    0x55, 0x69, 0xef, 0xff, 0xf3, 0x0c, 0xff, 0xf1,
    0x00, 0x00, 0x01, 0xdf, 0xff, 0x90, 0xcf, 0xff,
    0x10, 0x00, 0x00, 0x04, 0xff, 0xfd, 0x0c, 0xff,
    0xf1, 0x00, 0x00, 0x00, 0x0f, 0xff, 0xf0, 0xcf,
    0xff, 0x10, 0x00, 0x00, 0x00, 0xff, 0xff, 0x0c,
    0xff, 0xf1, 0x00, 0x00, 0x00, 0x3f, 0xff, 0xe0,
    0xcf, 0xff, 0x10, 0x00, 0x00, 0x0c, 0xff, 0xfa,
    0x0c, 0xff, 0xf6, 0x55, 0x55, 0x8e, 0xff, 0xff,
    0x30, 0xcf, 0xff, 0xff, 0xff, 0xff, 0xff, 0xff,
    0x90, 0x0c, 0xff, 0xff, 0xff, 0xff, 0xff, 0xff,
    0x80, 0x00, 0xcf, 0xff, 0xff, 0xff, 0xff, 0xff,
    0x60, 0x00, 0x0c, 0xff, 0xf1, 0x00, 0x08, 0xff,
    0xfc, 0x00, 0x00, 0xcf, 0xff, 0x10, 0x00, 0x1e,
    0xff, 0xf5, 0x00, 0x0c, 0xff, 0xf1, 0x00, 0x00,
    0x7f, 0xff, 0xd0, 0x00, 0xcf, 0xff, 0x10, 0x00,
    0x00, 0xef, 0xff, 0x60, 0x0c, 0xff, 0xf1, 0x00,
    0x00, 0x06, 0xff, 0xfe, 0x00, 0xcf, 0xff, 0x10,
    0x00, 0x00, 0x0d, 0xff, 0xf7, 0x0c, 0xff, 0xf1,
    0x00, 0x00, 0x00, 0x5f, 0xff, 0xf1, 0xcf, 0xff,
    0x10, 0x00, 0x00, 0x00, 0xcf, 0xff, 0x90,

    /* U+0155 "ŕ" */
    0x00, 0x00, 0x09, 0x99, 0x60, 0x00, 0x00, 0x5f,
    0xff, 0x20, 0x00, 0x00, 0xcf, 0xf7, 0x00, 0x00,
    0x03, 0xff, 0xc0, 0x00, 0x00, 0x0a, 0xff, 0x30,
    0x00, 0x00, 0x00, 0x00, 0x00, 0x00, 0x00, 0x00,
    0x00, 0x00, 0x00, 0xff, 0xfb, 0x04, 0xbf, 0xf5,
    0xff, 0xfb, 0x5f, 0xff, 0xf5, 0xff, 0xfc, 0xef,
    0xff, 0xf5, 0xff, 0xff, 0xfd, 0x74, 0x52, 0xff,
    0xff, 0xb0, 0x00, 0x00, 0xff, 0xff, 0x20, 0x00,
    0x00, 0xff, 0xfe, 0x00, 0x00, 0x00, 0xff, 0xfd,
    0x00, 0x00, 0x00, 0xff, 0xfd, 0x00, 0x00, 0x00,
    0xff, 0xfd, 0x00, 0x00, 0x00, 0xff, 0xfd, 0x00,
    0x00, 0x00, 0xff, 0xfd, 0x00, 0x00, 0x00, 0xff,
    0xfd, 0x00, 0x00, 0x00, 0xff, 0xfd, 0x00, 0x00,
    0x00, 0xff, 0xfd, 0x00, 0x00, 0x00, 0xff, 0xfd,
    0x00, 0x00, 0x00, 0xff, 0xfd, 0x00, 0x00, 0x00,

    /* U+0156 "Ŗ" */
    0xcf, 0xff, 0xff, 0xff, 0xfe, 0xc7, 0x20, 0x00,
    0x0c, 0xff, 0xff, 0xff, 0xff, 0xff, 0xff, 0x70,
    0x00, 0xcf, 0xff, 0xff, 0xff, 0xff, 0xff, 0xff,
    0x80, 0x0c, 0xff, 0xf6, 0x55, 0x56, 0x9e, 0xff,
    0xff, 0x30, 0xcf, 0xff, 0x10, 0x00, 0x00, 0x1d,
    0xff, 0xf9, 0x0c, 0xff, 0xf1, 0x00, 0x00, 0x00,
    0x4f, 0xff, 0xd0, 0xcf, 0xff, 0x10, 0x00, 0x00,
    0x00, 0xff, 0xff, 0x0c, 0xff, 0xf1, 0x00, 0x00,
    0x00, 0x0f, 0xff, 0xf0, 0xcf, 0xff, 0x10, 0x00,
    0x00, 0x03, 0xff, 0xfe, 0x0c, 0xff, 0xf1, 0x00,
    0x00, 0x00, 0xcf, 0xff, 0xa0, 0xcf, 0xff, 0x65,
    0x55, 0x58, 0xef, 0xff, 0xf3, 0x0c, 0xff, 0xff,
    0xff, 0xff, 0xff, 0xff, 0xf9, 0x00, 0xcf, 0xff,
    0xff, 0xff, 0xff, 0xff, 0xf8, 0x00, 0x0c, 0xff,
    0xff, 0xff, 0xff, 0xff, 0xf6, 0x00, 0x00, 0xcf,
    0xff, 0x10, 0x00, 0x8f, 0xff, 0xc0, 0x00, 0x0c,
    0xff, 0xf1, 0x00, 0x01, 0xef, 0xff, 0x50, 0x00,
    0xcf, 0xff, 0x10, 0x00, 0x07, 0xff, 0xfd, 0x00,
    0x0c, 0xff, 0xf1, 0x00, 0x00, 0x0e, 0xff, 0xf6,
    0x00, 0xcf, 0xff, 0x10, 0x00, 0x00, 0x6f, 0xff,
    0xe0, 0x0c, 0xff, 0xf1, 0x00, 0x00, 0x00, 0xdf,
    0xff, 0x70, 0xcf, 0xff, 0x10, 0x00, 0x00, 0x05,
    0xff, 0xff, 0x1c, 0xff, 0xf1, 0x00, 0x00, 0x00,
    0x0c, 0xff, 0xf9, 0x00, 0x00, 0x00, 0x00, 0x00,
    0x00, 0x00, 0x00, 0x00, 0x00, 0x00, 0x00, 0x00,
    0x00, 0x00, 0x00, 0x00, 0x00, 0x00, 0x00, 0xef,
    0xfa, 0x00, 0x00, 0x00, 0x00, 0x00, 0x00, 0x2f,
    0xff, 0x40, 0x00, 0x00, 0x00, 0x00, 0x00, 0x05,
    0xff, 0xd0, 0x00, 0x00, 0x00, 0x00, 0x00, 0x00,
    0x9f, 0xf7, 0x00, 0x00, 0x00, 0x00, 0x00, 0x00,
    0x0d, 0xff, 0x10, 0x00, 0x00, 0x00, 0x00, 0x00,
    0x00, 0x77, 0x60, 0x00, 0x00, 0x00, 0x00,

    /* U+0157 "ŗ" */
    0x00, 0x00, 0x00, 0x00, 0x00, 0x00, 0x00, 0xff,
    0xfb, 0x04, 0xbf, 0xf5, 0x00, 0xff, 0xfb, 0x5f,
    0xff, 0xf5, 0x00, 0xff, 0xfc, 0xef, 0xff, 0xf5,
    0x00, 0xff, 0xff, 0xfd, 0x74, 0x52, 0x00, 0xff,
    0xff, 0xb0, 0x00, 0x00, 0x00, 0xff, 0xff, 0x20,
    0x00, 0x00, 0x00, 0xff, 0xfe, 0x00, 0x00, 0x00,
    0x00, 0xff, 0xfd, 0x00, 0x00, 0x00, 0x00, 0xff,
    0xfd, 0x00, 0x00, 0x00, 0x00, 0xff, 0xfd, 0x00,
    0x00, 0x00, 0x00, 0xff, 0xfd, 0x00, 0x00, 0x00,
    0x00, 0xff, 0xfd, 0x00, 0x00, 0x00, 0x00, 0xff,
    0xfd, 0x00, 0x00, 0x00, 0x00, 0xff, 0xfd, 0x00,
    0x00, 0x00, 0x00, 0xff, 0xfd, 0x00, 0x00, 0x00,
    0x00, 0xff, 0xfd, 0x00, 0x00, 0x00, 0x00, 0xff,
    0xfd, 0x00, 0x00, 0x00, 0x00, 0x00, 0x00, 0x00,
    0x00, 0x00, 0x00, 0x00, 0x00, 0x00, 0x00, 0x00,
    0x00, 0xff, 0xf8, 0x00, 0x00, 0x00, 0x03, 0xff,
    0xf2, 0x00, 0x00, 0x00, 0x07, 0xff, 0xc0, 0x00,
    0x00, 0x00, 0x0b, 0xff, 0x50, 0x00, 0x00, 0x00,
    0x0e, 0xff, 0x00, 0x00, 0x00, 0x00, 0x07, 0x75,
    0x00, 0x00, 0x00, 0x00,

    /* U+0158 "Ř" */
    0x00, 0x6f, 0xfe, 0x10, 0x0a, 0xff, 0xc0, 0x00,
    0x00, 0x00, 0x8f, 0xfb, 0x07, 0xff, 0xd1, 0x00,
    0x00, 0x00, 0x00, 0xaf, 0xfb, 0xff, 0xe1, 0x00,
    0x00, 0x00, 0x00, 0x00, 0xbf, 0xff, 0xe2, 0x00,
    0x00, 0x00, 0x00, 0x00, 0x01, 0x78, 0x83, 0x00,
    0x00, 0x00, 0x00, 0x00, 0x00, 0x00, 0x00, 0x00,
    0x00, 0x00, 0x00, 0x00, 0x00, 0x00, 0x00, 0x00,
    0x00, 0x00, 0x00, 0x0c, 0xff, 0xff, 0xff, 0xff,
    0xec, 0x72, 0x00, 0x00, 0xcf, 0xff, 0xff, 0xff,
    0xff, 0xff, 0xf7, 0x00, 0x0c, 0xff, 0xff, 0xff,
    0xff, 0xff, 0xff, 0xf8, 0x00, 0xcf, 0xff, 0x65,
    0x55, 0x69, 0xef, 0xff, 0xf3, 0x0c, 0xff, 0xf1,
    0x00, 0x00, 0x01, 0xdf, 0xff, 0x90, 0xcf, 0xff,
    0x10, 0x00, 0x00, 0x04, 0xff, 0xfd, 0x0c, 0xff,
    0xf1, 0x00, 0x00, 0x00, 0x0f, 0xff, 0xf0, 0xcf,
    0xff, 0x10, 0x00, 0x00, 0x00, 0xff, 0xff, 0x0c,
    0xff, 0xf1, 0x00, 0x00, 0x00, 0x3f, 0xff, 0xe0,
    0xcf, 0xff, 0x10, 0x00, 0x00, 0x0c, 0xff, 0xfa,
    0x0c, 0xff, 0xf6, 0x55, 0x55, 0x8e, 0xff, 0xff,
    0x30, 0xcf, 0xff, 0xff, 0xff, 0xff, 0xff, 0xff,
    0x90, 0x0c, 0xff, 0xff, 0xff, 0xff, 0xff, 0xff,
    0x80, 0x00, 0xcf, 0xff, 0xff, 0xff, 0xff, 0xff,
    0x60, 0x00, 0x0c, 0xff, 0xf1, 0x00, 0x08, 0xff,
    0xfc, 0x00, 0x00, 0xcf, 0xff, 0x10, 0x00, 0x1e,
    0xff, 0xf5, 0x00, 0x0c, 0xff, 0xf1, 0x00, 0x00,
    0x7f, 0xff, 0xd0, 0x00, 0xcf, 0xff, 0x10, 0x00,
    0x00, 0xef, 0xff, 0x60, 0x0c, 0xff, 0xf1, 0x00,
    0x00, 0x06, 0xff, 0xfe, 0x00, 0xcf, 0xff, 0x10,
    0x00, 0x00, 0x0d, 0xff, 0xf7, 0x0c, 0xff, 0xf1,
    0x00, 0x00, 0x00, 0x5f, 0xff, 0xf1, 0xcf, 0xff,
    0x10, 0x00, 0x00, 0x00, 0xcf, 0xff, 0x90,

    /* U+0159 "ř" */
    0x58, 0x85, 0x00, 0x04, 0x88, 0x70, 0x2e, 0xff,
    0x40, 0x3f, 0xff, 0x40, 0x03, 0xff, 0xe3, 0xef,
    0xf5, 0x00, 0x00, 0x5f, 0xff, 0xff, 0x70, 0x00,
    0x00, 0x06, 0xff, 0xf8, 0x00, 0x00, 0x00, 0x00,
    0x00, 0x00, 0x00, 0x00, 0x00, 0x00, 0x00, 0x00,
    0x00, 0x00, 0x0f, 0xff, 0xb0, 0x4b, 0xff, 0x50,
    0x0f, 0xff, 0xb5, 0xff, 0xff, 0x50, 0x0f, 0xff,
    0xce, 0xff, 0xff, 0x50, 0x0f, 0xff, 0xff, 0xd7,
    0x45, 0x20, 0x0f, 0xff, 0xfb, 0x00, 0x00, 0x00,
    0x0f, 0xff, 0xf2, 0x00, 0x00, 0x00, 0x0f, 0xff,
    0xe0, 0x00, 0x00, 0x00, 0x0f, 0xff, 0xd0, 0x00,
    0x00, 0x00, 0x0f, 0xff, 0xd0, 0x00, 0x00, 0x00,
    0x0f, 0xff, 0xd0, 0x00, 0x00, 0x00, 0x0f, 0xff,
    0xd0, 0x00, 0x00, 0x00, 0x0f, 0xff, 0xd0, 0x00,
    0x00, 0x00, 0x0f, 0xff, 0xd0, 0x00, 0x00, 0x00,
    0x0f, 0xff, 0xd0, 0x00, 0x00, 0x00, 0x0f, 0xff,
    0xd0, 0x00, 0x00, 0x00, 0x0f, 0xff, 0xd0, 0x00,
    0x00, 0x00, 0x0f, 0xff, 0xd0, 0x00, 0x00, 0x00,

    /* U+015A "Ś" */
    0x00, 0x00, 0x00, 0x00, 0x07, 0x99, 0x80, 0x00,
    0x00, 0x00, 0x00, 0x00, 0x00, 0x2f, 0xff, 0x50,
    0x00, 0x00, 0x00, 0x00, 0x00, 0x00, 0x9f, 0xfb,
    0x00, 0x00, 0x00, 0x00, 0x00, 0x00, 0x00, 0xff,
    0xf1, 0x00, 0x00, 0x00, 0x00, 0x00, 0x00, 0x07,
    0xff, 0x60, 0x00, 0x00, 0x00, 0x00, 0x00, 0x00,
    0x00, 0x00, 0x00, 0x00, 0x00, 0x00, 0x00, 0x00,
    0x00, 0x00, 0x00, 0x00, 0x00, 0x00, 0x00, 0x00,
    0x00, 0x00, 0x00, 0x00, 0x00, 0x00, 0x00, 0x00,
    0x00, 0x00, 0x16, 0xbd, 0xff, 0xda, 0x50, 0x00,
    0x00, 0x00, 0x06, 0xef, 0xff, 0xff, 0xff, 0xfd,
    0x40, 0x00, 0x00, 0x8f, 0xff, 0xff, 0xff, 0xff,
    0xff, 0xf5, 0x00, 0x04, 0xff, 0xff, 0xe9, 0x77,
    0xaf, 0xff, 0xff, 0x10, 0x0b, 0xff, 0xfb, 0x00,
    0x00, 0x01, 0xdf, 0xff, 0x70, 0x0f, 0xff, 0xf1,
    0x00, 0x00, 0x00, 0x3f, 0xff, 0xb0, 0x0f, 0xff,
    0xf0, 0x00, 0x00, 0x00, 0x03, 0x44, 0x30, 0x0d,
    0xff, 0xf7, 0x00, 0x00, 0x00, 0x00, 0x00, 0x00,
    0x07, 0xff, 0xff, 0xa3, 0x00, 0x00, 0x00, 0x00,
    0x00, 0x00, 0xcf, 0xff, 0xff, 0xea, 0x61, 0x00,
    0x00, 0x00, 0x00, 0x09, 0xff, 0xff, 0xff, 0xff,
    0xc5, 0x00, 0x00, 0x00, 0x00, 0x28, 0xdf, 0xff,
    0xff, 0xff, 0xc2, 0x00, 0x00, 0x00, 0x00, 0x02,
    0x6a, 0xef, 0xff, 0xfe, 0x10, 0x00, 0x00, 0x00,
    0x00, 0x00, 0x05, 0xef, 0xff, 0x90, 0x00, 0x00,
    0x00, 0x00, 0x00, 0x00, 0x1f, 0xff, 0xf0, 0x6b,
    0xbb, 0x30, 0x00, 0x00, 0x00, 0x0d, 0xff, 0xf1,
    0x6f, 0xff, 0x90, 0x00, 0x00, 0x00, 0x1f, 0xff,
    0xf0, 0x2f, 0xff, 0xf6, 0x00, 0x00, 0x01, 0xbf,
    0xff, 0xd0, 0x0a, 0xff, 0xff, 0xd8, 0x77, 0xaf,
    0xff, 0xff, 0x60, 0x01, 0xdf, 0xff, 0xff, 0xff,
    0xff, 0xff, 0xfa, 0x00, 0x00, 0x1a, 0xff, 0xff,
    0xff, 0xff, 0xff, 0x80, 0x00, 0x00, 0x00, 0x38,
    0xce, 0xff, 0xdb, 0x71, 0x00, 0x00,

    /* U+015B "ś" */
    0x00, 0x00, 0x00, 0x04, 0xff, 0xf4, 0x00, 0x00,
    0x00, 0x00, 0x00, 0xbf, 0xfa, 0x00, 0x00, 0x00,
    0x00, 0x00, 0x2f, 0xfe, 0x10, 0x00, 0x00, 0x00,
    0x00, 0x0a, 0xff, 0x50, 0x00, 0x00, 0x00, 0x00,
    0x00, 0x99, 0x80, 0x00, 0x00, 0x00, 0x00, 0x00,
    0x00, 0x00, 0x00, 0x00, 0x00, 0x00, 0x00, 0x00,
    0x00, 0x00, 0x00, 0x00, 0x00, 0x00, 0x28, 0xde,
    0xfe, 0xb7, 0x00, 0x00, 0x00, 0x8f, 0xff, 0xff,
    0xff, 0xfe, 0x30, 0x00, 0x7f, 0xff, 0xff, 0xff,
    0xff, 0xfe, 0x10, 0x0f, 0xff, 0xf6, 0x00, 0x19,
    0xff, 0xf9, 0x02, 0xff, 0xfa, 0x00, 0x00, 0x0b,
    0xc8, 0x40, 0x3f, 0xff, 0xc0, 0x00, 0x00, 0x00,
    0x00, 0x00, 0xff, 0xff, 0xc6, 0x20, 0x00, 0x00,
    0x00, 0x07, 0xff, 0xff, 0xff, 0xeb, 0x71, 0x00,
    0x00, 0x06, 0xef, 0xff, 0xff, 0xff, 0xf8, 0x00,
    0x00, 0x00, 0x59, 0xdf, 0xff, 0xff, 0xf9, 0x00,
    0x00, 0x00, 0x00, 0x04, 0xbf, 0xff, 0xf1, 0x00,
    0x14, 0x00, 0x00, 0x00, 0xcf, 0xff, 0x37, 0xef,
    0xf4, 0x00, 0x00, 0x0c, 0xff, 0xf2, 0x5f, 0xff,
    0xe5, 0x10, 0x29, 0xff, 0xfd, 0x00, 0xbf, 0xff,
    0xff, 0xff, 0xff, 0xff, 0x40, 0x00, 0xbf, 0xff,
    0xff, 0xff, 0xfe, 0x50, 0x00, 0x00, 0x49, 0xdf,
    0xfe, 0xb7, 0x10, 0x00,

    /* U+015C "Ŝ" */
    0x00, 0x00, 0x00, 0x07, 0x88, 0x40, 0x00, 0x00,
    0x00, 0x00, 0x00, 0x00, 0xaf, 0xff, 0xf3, 0x00,
    0x00, 0x00, 0x00, 0x00, 0x09, 0xff, 0xbf, 0xfe,
    0x20, 0x00, 0x00, 0x00, 0x00, 0x8f, 0xfd, 0x05,
    0xff, 0xd1, 0x00, 0x00, 0x00, 0x06, 0xff, 0xe2,
    0x00, 0x8f, 0xfc, 0x00, 0x00, 0x00, 0x00, 0x00,
    0x00, 0x00, 0x00, 0x00, 0x00, 0x00, 0x00, 0x00,
    0x00, 0x00, 0x00, 0x00, 0x00, 0x00, 0x00, 0x00,
    0x00, 0x00, 0x00, 0x00, 0x00, 0x00, 0x00, 0x00,
    0x00, 0x00, 0x16, 0xbd, 0xff, 0xda, 0x50, 0x00,
    0x00, 0x00, 0x06, 0xef, 0xff, 0xff, 0xff, 0xfd,
    0x40, 0x00, 0x00, 0x8f, 0xff, 0xff, 0xff, 0xff,
    0xff, 0xf5, 0x00, 0x04, 0xff, 0xff, 0xe9, 0x77,
    0xaf, 0xff, 0xff, 0x10, 0x0b, 0xff, 0xfb, 0x00,
    0x00, 0x01, 0xdf, 0xff, 0x70, 0x0f, 0xff, 0xf1,
    0x00, 0x00, 0x00, 0x3f, 0xff, 0xb0, 0x0f, 0xff,
    0xf0, 0x00, 0x00, 0x00, 0x03, 0x44, 0x30, 0x0d,
    0xff, 0xf7, 0x00, 0x00, 0x00, 0x00, 0x00, 0x00,
    0x07, 0xff, 0xff, 0xa3, 0x00, 0x00, 0x00, 0x00,
    0x00, 0x00, 0xcf, 0xff, 0xff, 0xea, 0x61, 0x00,
    0x00, 0x00, 0x00, 0x09, 0xff, 0xff, 0xff, 0xff,
    0xc5, 0x00, 0x00, 0x00, 0x00, 0x28, 0xdf, 0xff,
    0xff, 0xff, 0xc2, 0x00, 0x00, 0x00, 0x00, 0x02,
    0x6a, 0xef, 0xff, 0xfe, 0x10, 0x00, 0x00, 0x00,
    0x00, 0x00, 0x05, 0xef, 0xff, 0x90, 0x00, 0x00,
    0x00, 0x00, 0x00, 0x00, 0x1f, 0xff, 0xf0, 0x6b,
    0xbb, 0x30, 0x00, 0x00, 0x00, 0x0d, 0xff, 0xf1,
    0x6f, 0xff, 0x90, 0x00, 0x00, 0x00, 0x1f, 0xff,
    0xf0, 0x2f, 0xff, 0xf6, 0x00, 0x00, 0x01, 0xbf,
    0xff, 0xd0, 0x0a, 0xff, 0xff, 0xd8, 0x77, 0xaf,
    0xff, 0xff, 0x60, 0x01, 0xdf, 0xff, 0xff, 0xff,
    0xff, 0xff, 0xfa, 0x00, 0x00, 0x1a, 0xff, 0xff,
    0xff, 0xff, 0xff, 0x80, 0x00, 0x00, 0x00, 0x38,
    0xce, 0xff, 0xdb, 0x71, 0x00, 0x00,

    /* U+015D "ŝ" */
    0x00, 0x00, 0x0a, 0xff, 0xf5, 0x00, 0x00, 0x00,
    0x00, 0x09, 0xff, 0xff, 0xf3, 0x00, 0x00, 0x00,
    0x07, 0xff, 0xc3, 0xff, 0xe2, 0x00, 0x00, 0x06,
    0xff, 0xe1, 0x06, 0xff, 0xd1, 0x00, 0x00, 0x78,
    0x83, 0x00, 0x06, 0x88, 0x40, 0x00, 0x00, 0x00,
    0x00, 0x00, 0x00, 0x00, 0x00, 0x00, 0x00, 0x00,
    0x00, 0x00, 0x00, 0x00, 0x00, 0x00, 0x28, 0xde,
    0xfe, 0xb7, 0x00, 0x00, 0x00, 0x8f, 0xff, 0xff,
    0xff, 0xfe, 0x30, 0x00, 0x7f, 0xff, 0xff, 0xff,
    0xff, 0xfe, 0x10, 0x0f, 0xff, 0xf6, 0x00, 0x19,
    0xff, 0xf9, 0x02, 0xff, 0xfa, 0x00, 0x00, 0x0b,
    0xc8, 0x40, 0x3f, 0xff, 0xc0, 0x00, 0x00, 0x00,
    0x00, 0x00, 0xff, 0xff, 0xc6, 0x20, 0x00, 0x00,
    0x00, 0x07, 0xff, 0xff, 0xff, 0xeb, 0x71, 0x00,
    0x00, 0x06, 0xef, 0xff, 0xff, 0xff, 0xf8, 0x00,
    0x00, 0x00, 0x59, 0xdf, 0xff, 0xff, 0xf9, 0x00,
    0x00, 0x00, 0x00, 0x04, 0xbf, 0xff, 0xf1, 0x00,
    0x14, 0x00, 0x00, 0x00, 0xcf, 0xff, 0x37, 0xef,
    0xf4, 0x00, 0x00, 0x0c, 0xff, 0xf2, 0x5f, 0xff,
    0xe5, 0x10, 0x29, 0xff, 0xfd, 0x00, 0xbf, 0xff,
    0xff, 0xff, 0xff, 0xff, 0x40, 0x00, 0xbf, 0xff,
    0xff, 0xff, 0xfe, 0x50, 0x00, 0x00, 0x49, 0xdf,
    0xfe, 0xb7, 0x10, 0x00,

    /* U+015E "Ş" */
    0x00, 0x00, 0x16, 0xbd, 0xff, 0xda, 0x50, 0x00,
    0x00, 0x00, 0x06, 0xef, 0xff, 0xff, 0xff, 0xfd,
    0x40, 0x00, 0x00, 0x8f, 0xff, 0xff, 0xff, 0xff,
    0xff, 0xf5, 0x00, 0x04, 0xff, 0xff, 0xe9, 0x77,
    0xaf, 0xff, 0xff, 0x10, 0x0b, 0xff, 0xfb, 0x00,
    0x00, 0x01, 0xdf, 0xff, 0x70, 0x0f, 0xff, 0xf1,
    0x00, 0x00, 0x00, 0x3f, 0xff, 0xb0, 0x0f, 0xff,
    0xf0, 0x00, 0x00, 0x00, 0x03, 0x44, 0x30, 0x0d,
    0xff, 0xf7, 0x00, 0x00, 0x00, 0x00, 0x00, 0x00,
    0x07, 0xff, 0xff, 0xa3, 0x00, 0x00, 0x00, 0x00,
    0x00, 0x00, 0xcf, 0xff, 0xff, 0xea, 0x61, 0x00,
    0x00, 0x00, 0x00, 0x09, 0xff, 0xff, 0xff, 0xff,
    0xc5, 0x00, 0x00, 0x00, 0x00, 0x28, 0xdf, 0xff,
    0xff, 0xff, 0xc2, 0x00, 0x00, 0x00, 0x00, 0x02,
    0x6a, 0xef, 0xff, 0xfe, 0x10, 0x00, 0x00, 0x00,
    0x00, 0x00, 0x05, 0xef, 0xff, 0x90, 0x00, 0x00,
    0x00, 0x00, 0x00, 0x00, 0x1f, 0xff, 0xf0, 0x6b,
    0xbb, 0x30, 0x00, 0x00, 0x00, 0x0d, 0xff, 0xf1,
    0x6f, 0xff, 0x90, 0x00, 0x00, 0x00, 0x1f, 0xff,
    0xf0, 0x2f, 0xff, 0xf6, 0x00, 0x00, 0x01, 0xbf,
    0xff, 0xd0, 0x0a, 0xff, 0xff, 0xd8, 0x77, 0xaf,
    0xff, 0xff, 0x60, 0x01, 0xdf, 0xff, 0xff, 0xff,
    0xff, 0xff, 0xfa, 0x00, 0x00, 0x1a, 0xff, 0xff,
    0xff, 0xff, 0xff, 0x80, 0x00, 0x00, 0x00, 0x38,
    0xce, 0xff, 0xdb, 0x71, 0x00, 0x00, 0x00, 0x00,
    0x00, 0x03, 0xf9, 0x00, 0x00, 0x00, 0x00, 0x00,
    0x00, 0x00, 0x05, 0xff, 0xe7, 0x00, 0x00, 0x00,
    0x00, 0x00, 0x00, 0x02, 0x57, 0xff, 0x30, 0x00,
    0x00, 0x00, 0x00, 0x00, 0x00, 0x00, 0xef, 0x50,
    0x00, 0x00, 0x00, 0x00, 0x00, 0x0b, 0xbd, 0xff,
    0x20, 0x00, 0x00, 0x00, 0x00, 0x00, 0x0f, 0xff,
    0xc5, 0x00, 0x00, 0x00,

    /* U+015F "ş" */
    0x00, 0x02, 0x8d, 0xef, 0xeb, 0x70, 0x00, 0x00,
    0x08, 0xff, 0xff, 0xff, 0xff, 0xe3, 0x00, 0x07,
    0xff, 0xff, 0xff, 0xff, 0xff, 0xe1, 0x00, 0xff,
    0xff, 0x60, 0x01, 0x9f, 0xff, 0x90, 0x2f, 0xff,
    0xa0, 0x00, 0x00, 0xbc, 0x84, 0x03, 0xff, 0xfc,
    0x00, 0x00, 0x00, 0x00, 0x00, 0x0f, 0xff, 0xfc,
    0x62, 0x00, 0x00, 0x00, 0x00, 0x7f, 0xff, 0xff,
    0xfe, 0xb7, 0x10, 0x00, 0x00, 0x6e, 0xff, 0xff,
    0xff, 0xff, 0x80, 0x00, 0x00, 0x05, 0x9d, 0xff,
    0xff, 0xff, 0x90, 0x00, 0x00, 0x00, 0x00, 0x4b,
    0xff, 0xff, 0x10, 0x01, 0x40, 0x00, 0x00, 0x0c,
    0xff, 0xf3, 0x7e, 0xff, 0x40, 0x00, 0x00, 0xcf,
    0xff, 0x25, 0xff, 0xfe, 0x51, 0x02, 0x9f, 0xff,
    0xd0, 0x0b, 0xff, 0xff, 0xff, 0xff, 0xff, 0xf4,
    0x00, 0x0b, 0xff, 0xff, 0xff, 0xff, 0xe5, 0x00,
    0x00, 0x04, 0x9d, 0xff, 0xfb, 0x71, 0x00, 0x00,
    0x00, 0x00, 0x0a, 0xf2, 0x00, 0x00, 0x00, 0x00,
    0x00, 0x00, 0xcf, 0xfc, 0x20, 0x00, 0x00, 0x00,
    0x00, 0x05, 0x6b, 0xfc, 0x00, 0x00, 0x00, 0x00,
    0x00, 0x00, 0x5f, 0xe0, 0x00, 0x00, 0x00, 0x00,
    0x5b, 0xbe, 0xfb, 0x00, 0x00, 0x00, 0x00, 0x07,
    0xff, 0xea, 0x10, 0x00, 0x00,

    /* U+0160 "Š" */
    0x00, 0x06, 0xee, 0xc0, 0x00, 0x6e, 0xed, 0x10,
    0x00, 0x00, 0x00, 0xbf, 0xf9, 0x01, 0xff, 0xf5,
    0x00, 0x00, 0x00, 0x00, 0x1e, 0xff, 0x3b, 0xff,
    0x90, 0x00, 0x00, 0x00, 0x00, 0x04, 0xff, 0xff,
    0xfc, 0x00, 0x00, 0x00, 0x00, 0x00, 0x00, 0x8f,
    0xff, 0xf2, 0x00, 0x00, 0x00, 0x00, 0x00, 0x00,
    0x07, 0x88, 0x40, 0x00, 0x00, 0x00, 0x00, 0x00,
    0x00, 0x00, 0x00, 0x00, 0x00, 0x00, 0x00, 0x00,
    0x00, 0x00, 0x00, 0x00, 0x00, 0x00, 0x00, 0x00,
    0x00, 0x00, 0x16, 0xbd, 0xff, 0xeb, 0x72, 0x00,
    0x00, 0x00, 0x06, 0xef, 0xff, 0xff, 0xff, 0xff,
    0x90, 0x00, 0x00, 0x8f, 0xff, 0xff, 0xff, 0xff,
    0xff, 0xfc, 0x00, 0x04, 0xff, 0xff, 0xe9, 0x77,
    0x8c, 0xff, 0xff, 0x60, 0x0b, 0xff, 0xfb, 0x00,
    0x00, 0x00, 0x5f, 0xff, 0xb0, 0x0f, 0xff, 0xf1,
    0x00, 0x00, 0x00, 0x00, 0x00, 0x00, 0x0f, 0xff,
    0xf0, 0x00, 0x00, 0x00, 0x00, 0x00, 0x00, 0x0d,
    0xff, 0xf7, 0x00, 0x00, 0x00, 0x00, 0x00, 0x00,
    0x07, 0xff, 0xff, 0xa3, 0x00, 0x00, 0x00, 0x00,
    0x00, 0x00, 0xcf, 0xff, 0xff, 0xea, 0x61, 0x00,
    0x00, 0x00, 0x00, 0x09, 0xff, 0xff, 0xff, 0xff,
    0xc5, 0x00, 0x00, 0x00, 0x00, 0x28, 0xdf, 0xff,
    0xff, 0xff, 0xc2, 0x00, 0x00, 0x00, 0x00, 0x02,
    0x6a, 0xef, 0xff, 0xfe, 0x10, 0x00, 0x00, 0x00,
    0x00, 0x00, 0x05, 0xef, 0xff, 0x90, 0x00, 0x00,
    0x00, 0x00, 0x00, 0x00, 0x1f, 0xff, 0xf0, 0x8f,
    0xff, 0x50, 0x00, 0x00, 0x00, 0x0d, 0xff, 0xf1,
    0x5f, 0xff, 0xb0, 0x00, 0x00, 0x00, 0x1f, 0xff,
    0xf0, 0x1f, 0xff, 0xf8, 0x00, 0x00, 0x01, 0xbf,
    0xff, 0xd0, 0x09, 0xff, 0xff, 0xd9, 0x77, 0xaf,
    0xff, 0xff, 0x60, 0x00, 0xcf, 0xff, 0xff, 0xff,
    0xff, 0xff, 0xfa, 0x00, 0x00, 0x09, 0xff, 0xff,
    0xff, 0xff, 0xff, 0x80, 0x00, 0x00, 0x00, 0x27,
    0xce, 0xff, 0xdb, 0x71, 0x00, 0x00,

    /* U+0161 "š" */
    0x00, 0xbf, 0xfa, 0x00, 0x1e, 0xff, 0x70, 0x00,
    0x00, 0xcf, 0xf6, 0x0c, 0xff, 0x90, 0x00, 0x00,
    0x01, 0xdf, 0xfb, 0xff, 0xa0, 0x00, 0x00, 0x00,
    0x02, 0xef, 0xff, 0xb0, 0x00, 0x00, 0x00, 0x00,
    0x03, 0x88, 0x70, 0x00, 0x00, 0x00, 0x00, 0x00,
    0x00, 0x00, 0x00, 0x00, 0x00, 0x00, 0x00, 0x00,
    0x00, 0x00, 0x00, 0x00, 0x00, 0x00, 0x28, 0xde,
    0xfe, 0xb7, 0x00, 0x00, 0x00, 0x8f, 0xff, 0xff,
    0xff, 0xfe, 0x30, 0x00, 0x7f, 0xff, 0xff, 0xff,
    0xff, 0xfe, 0x10, 0x0f, 0xff, 0xf6, 0x00, 0x19,
    0xff, 0xf9, 0x02, 0xff, 0xfa, 0x00, 0x00, 0x0b,
    0xc8, 0x40, 0x3f, 0xff, 0xc0, 0x00, 0x00, 0x00,
    0x00, 0x00, 0xff, 0xff, 0xc6, 0x20, 0x00, 0x00,
    0x00, 0x07, 0xff, 0xff, 0xff, 0xeb, 0x71, 0x00,
    0x00, 0x06, 0xef, 0xff, 0xff, 0xff, 0xf8, 0x00,
    0x00, 0x00, 0x59, 0xdf, 0xff, 0xff, 0xf9, 0x00,
    0x00, 0x00, 0x00, 0x04, 0xbf, 0xff, 0xf1, 0x00,
    0x14, 0x00, 0x00, 0x00, 0xcf, 0xff, 0x37, 0xef,
    0xf4, 0x00, 0x00, 0x0c, 0xff, 0xf2, 0x5f, 0xff,
    0xe5, 0x10, 0x29, 0xff, 0xfd, 0x00, 0xbf, 0xff,
    0xff, 0xff, 0xff, 0xff, 0x40, 0x00, 0xbf, 0xff,
    0xff, 0xff, 0xfe, 0x50, 0x00, 0x00, 0x49, 0xdf,
    0xfe, 0xb7, 0x10, 0x00,

    /* U+0162 "Ţ" */
    0xcf, 0xff, 0xff, 0xff, 0xff, 0xff, 0xff, 0xff,
    0xf9, 0xcf, 0xff, 0xff, 0xff, 0xff, 0xff, 0xff,
    0xff, 0xf9, 0xcf, 0xff, 0xff, 0xff, 0xff, 0xff,
    0xff, 0xff, 0xf9, 0x46, 0x66, 0x66, 0x6f, 0xff,
    0xe6, 0x66, 0x66, 0x63, 0x00, 0x00, 0x00, 0x0f,
    0xff, 0xd0, 0x00, 0x00, 0x00, 0x00, 0x00, 0x00,
    0x0f, 0xff, 0xd0, 0x00, 0x00, 0x00, 0x00, 0x00,
    0x00, 0x0f, 0xff, 0xd0, 0x00, 0x00, 0x00, 0x00,
    0x00, 0x00, 0x0f, 0xff, 0xd0, 0x00, 0x00, 0x00,
    0x00, 0x00, 0x00, 0x0f, 0xff, 0xd0, 0x00, 0x00,
    0x00, 0x00, 0x00, 0x00, 0x0f, 0xff, 0xd0, 0x00,
    0x00, 0x00, 0x00, 0x00, 0x00, 0x0f, 0xff, 0xd0,
    0x00, 0x00, 0x00, 0x00, 0x00, 0x00, 0x0f, 0xff,
    0xd0, 0x00, 0x00, 0x00, 0x00, 0x00, 0x00, 0x0f,
    0xff, 0xd0, 0x00, 0x00, 0x00, 0x00, 0x00, 0x00,
    0x0f, 0xff, 0xd0, 0x00, 0x00, 0x00, 0x00, 0x00,
    0x00, 0x0f, 0xff, 0xd0, 0x00, 0x00, 0x00, 0x00,
    0x00, 0x00, 0x0f, 0xff, 0xd0, 0x00, 0x00, 0x00,
    0x00, 0x00, 0x00, 0x0f, 0xff, 0xd0, 0x00, 0x00,
    0x00, 0x00, 0x00, 0x00, 0x0f, 0xff, 0xd0, 0x00,
    0x00, 0x00, 0x00, 0x00, 0x00, 0x0f, 0xff, 0xd0,
    0x00, 0x00, 0x00, 0x00, 0x00, 0x00, 0x0f, 0xff,
    0xd0, 0x00, 0x00, 0x00, 0x00, 0x00, 0x00, 0x0f,
    0xff, 0xd0, 0x00, 0x00, 0x00, 0x00, 0x00, 0x00,
    0x0f, 0xff, 0xd0, 0x00, 0x00, 0x00, 0x00, 0x00,
    0x00, 0x00, 0xfb, 0x00, 0x00, 0x00, 0x00, 0x00,
    0x00, 0x00, 0x03, 0xfe, 0xa5, 0x00, 0x00, 0x00,
    0x00, 0x00, 0x00, 0x02, 0x89, 0xff, 0x40, 0x00,
    0x00, 0x00, 0x00, 0x00, 0x00, 0x00, 0xcf, 0x70,
    0x00, 0x00, 0x00, 0x00, 0x00, 0x0a, 0xbc, 0xff,
    0x40, 0x00, 0x00, 0x00, 0x00, 0x00, 0x0e, 0xff,
    0xd7, 0x00, 0x00, 0x00,

    /* U+0163 "ţ" */
    0x00, 0x6f, 0xff, 0x70, 0x00, 0x00, 0x06, 0xff,
    0xf7, 0x00, 0x00, 0x00, 0x6f, 0xff, 0x70, 0x00,
    0x00, 0x06, 0xff, 0xf7, 0x00, 0x00, 0xbf, 0xff,
    0xff, 0xff, 0xf9, 0x0b, 0xff, 0xff, 0xff, 0xff,
    0x90, 0xbf, 0xff, 0xff, 0xff, 0xf9, 0x00, 0x17,
    0xff, 0xf8, 0x11, 0x00, 0x00, 0x6f, 0xff, 0x70,
    0x00, 0x00, 0x06, 0xff, 0xf7, 0x00, 0x00, 0x00,
    0x6f, 0xff, 0x70, 0x00, 0x00, 0x06, 0xff, 0xf7,
    0x00, 0x00, 0x00, 0x6f, 0xff, 0x70, 0x00, 0x00,
    0x06, 0xff, 0xf7, 0x00, 0x00, 0x00, 0x6f, 0xff,
    0x70, 0x00, 0x00, 0x06, 0xff, 0xf7, 0x00, 0x00,
    0x00, 0x5f, 0xff, 0x70, 0x00, 0x00, 0x04, 0xff,
    0xfd, 0x43, 0x20, 0x00, 0x0e, 0xff, 0xff, 0xf9,
    0x00, 0x00, 0x6f, 0xff, 0xff, 0xd0, 0x00, 0x00,
    0x4d, 0xff, 0xeb, 0x00, 0x00, 0x00, 0x5f, 0x70,
    0x00, 0x00, 0x00, 0x07, 0xfe, 0xc4, 0x00, 0x00,
    0x00, 0x36, 0x9f, 0xf1, 0x00, 0x00, 0x00, 0x00,
    0xff, 0x30, 0x00, 0x01, 0xbb, 0xdf, 0xf1, 0x00,
    0x00, 0x2f, 0xff, 0xc4, 0x00,

    /* U+0164 "Ť" */
    0x00, 0x03, 0xff, 0xf3, 0x00, 0x6f, 0xfe, 0x20,
    0x00, 0x00, 0x00, 0x4f, 0xfe, 0x13, 0xff, 0xf3,
    0x00, 0x00, 0x00, 0x00, 0x06, 0xff, 0xce, 0xff,
    0x40, 0x00, 0x00, 0x00, 0x00, 0x00, 0x8f, 0xff,
    0xf5, 0x00, 0x00, 0x00, 0x00, 0x00, 0x00, 0x06,
    0x88, 0x50, 0x00, 0x00, 0x00, 0x00, 0x00, 0x00,
    0x00, 0x00, 0x00, 0x00, 0x00, 0x00, 0x00, 0x00,
    0x00, 0x00, 0x00, 0x00, 0x00, 0x00, 0x00, 0xcf,
    0xff, 0xff, 0xff, 0xff, 0xff, 0xff, 0xff, 0xf9,
    0xcf, 0xff, 0xff, 0xff, 0xff, 0xff, 0xff, 0xff,
    0xf9, 0xcf, 0xff, 0xff, 0xff, 0xff, 0xff, 0xff,
    0xff, 0xf9, 0x46, 0x66, 0x66, 0x6f, 0xff, 0xe6,
    0x66, 0x66, 0x63, 0x00, 0x00, 0x00, 0x0f, 0xff,
    0xd0, 0x00, 0x00, 0x00, 0x00, 0x00, 0x00, 0x0f,
    0xff, 0xd0, 0x00, 0x00, 0x00, 0x00, 0x00, 0x00,
    0x0f, 0xff, 0xd0, 0x00, 0x00, 0x00, 0x00, 0x00,
    0x00, 0x0f, 0xff, 0xd0, 0x00, 0x00, 0x00, 0x00,
    0x00, 0x00, 0x0f, 0xff, 0xd0, 0x00, 0x00, 0x00,
    0x00, 0x00, 0x00, 0x0f, 0xff, 0xd0, 0x00, 0x00,
    0x00, 0x00, 0x00, 0x00, 0x0f, 0xff, 0xd0, 0x00,
    0x00, 0x00, 0x00, 0x00, 0x00, 0x0f, 0xff, 0xd0,
    0x00, 0x00, 0x00, 0x00, 0x00, 0x00, 0x0f, 0xff,
    0xd0, 0x00, 0x00, 0x00, 0x00, 0x00, 0x00, 0x0f,
    0xff, 0xd0, 0x00, 0x00, 0x00, 0x00, 0x00, 0x00,
    0x0f, 0xff, 0xd0, 0x00, 0x00, 0x00, 0x00, 0x00,
    0x00, 0x0f, 0xff, 0xd0, 0x00, 0x00, 0x00, 0x00,
    0x00, 0x00, 0x0f, 0xff, 0xd0, 0x00, 0x00, 0x00,
    0x00, 0x00, 0x00, 0x0f, 0xff, 0xd0, 0x00, 0x00,
    0x00, 0x00, 0x00, 0x00, 0x0f, 0xff, 0xd0, 0x00,
    0x00, 0x00, 0x00, 0x00, 0x00, 0x0f, 0xff, 0xd0,
    0x00, 0x00, 0x00, 0x00, 0x00, 0x00, 0x0f, 0xff,
    0xd0, 0x00, 0x00, 0x00, 0x00, 0x00, 0x00, 0x0f,
    0xff, 0xd0, 0x00, 0x00, 0x00,

    /* U+0165 "ť" */
    0x00, 0x00, 0x00, 0x00, 0x9b, 0xb3, 0x00, 0x00,
    0x00, 0x00, 0xcf, 0xf2, 0x00, 0x00, 0x00, 0x00,
    0xcf, 0xf0, 0x00, 0x00, 0x00, 0x00, 0xcf, 0xe0,
    0x00, 0x5f, 0xff, 0x60, 0xcf, 0xb0, 0x00, 0x6f,
    0xff, 0x70, 0xcf, 0x90, 0x00, 0x6f, 0xff, 0x70,
    0x00, 0x00, 0x00, 0x6f, 0xff, 0x70, 0x00, 0x00,
    0xbf, 0xff, 0xff, 0xff, 0xf9, 0x00, 0xbf, 0xff,
    0xff, 0xff, 0xf9, 0x00, 0xbf, 0xff, 0xff, 0xff,
    0xf9, 0x00, 0x01, 0x7f, 0xff, 0x81, 0x10, 0x00,
    0x00, 0x6f, 0xff, 0x70, 0x00, 0x00, 0x00, 0x6f,
    0xff, 0x70, 0x00, 0x00, 0x00, 0x6f, 0xff, 0x70,
    0x00, 0x00, 0x00, 0x6f, 0xff, 0x70, 0x00, 0x00,
    0x00, 0x6f, 0xff, 0x70, 0x00, 0x00, 0x00, 0x6f,
    0xff, 0x70, 0x00, 0x00, 0x00, 0x6f, 0xff, 0x70,
    0x00, 0x00, 0x00, 0x6f, 0xff, 0x70, 0x00, 0x00,
    0x00, 0x5f, 0xff, 0x70, 0x00, 0x00, 0x00, 0x4f,
    0xff, 0xd4, 0x32, 0x00, 0x00, 0x0e, 0xff, 0xff,
    0xf9, 0x00, 0x00, 0x06, 0xff, 0xff, 0xfd, 0x00,
    0x00, 0x00, 0x4b, 0xef, 0xeb, 0x00,

    /* U+0166 "Ŧ" */
    0xcf, 0xff, 0xff, 0xff, 0xff, 0xff, 0xff, 0xff,
    0xf9, 0xcf, 0xff, 0xff, 0xff, 0xff, 0xff, 0xff,
    0xff, 0xf9, 0xcf, 0xff, 0xff, 0xff, 0xff, 0xff,
    0xff, 0xff, 0xf9, 0x46, 0x66, 0x66, 0x6f, 0xff,
    0xe6, 0x66, 0x66, 0x63, 0x00, 0x00, 0x00, 0x0f,
    0xff, 0xd0, 0x00, 0x00, 0x00, 0x00, 0x00, 0x00,
    0x0f, 0xff, 0xd0, 0x00, 0x00, 0x00, 0x00, 0x00,
    0x00, 0x0f, 0xff, 0xd0, 0x00, 0x00, 0x00, 0x00,
    0x00, 0x00, 0x0f, 0xff, 0xd0, 0x00, 0x00, 0x00,
    0x00, 0x00, 0x00, 0x0f, 0xff, 0xd0, 0x00, 0x00,
    0x00, 0x00, 0x00, 0x00, 0x0f, 0xff, 0xd0, 0x00,
    0x00, 0x00, 0x00, 0x5f, 0xff, 0xff, 0xff, 0xff,
    0xff, 0xf2, 0x00, 0x00, 0x5f, 0xff, 0xff, 0xff,
    0xff, 0xff, 0xf2, 0x00, 0x00, 0x4d, 0xdd, 0xdf,
    0xff, 0xfd, 0xdd, 0xd2, 0x00, 0x00, 0x00, 0x00,
    0x0f, 0xff, 0xd0, 0x00, 0x00, 0x00, 0x00, 0x00,
    0x00, 0x0f, 0xff, 0xd0, 0x00, 0x00, 0x00, 0x00,
    0x00, 0x00, 0x0f, 0xff, 0xd0, 0x00, 0x00, 0x00,
    0x00, 0x00, 0x00, 0x0f, 0xff, 0xd0, 0x00, 0x00,
    0x00, 0x00, 0x00, 0x00, 0x0f, 0xff, 0xd0, 0x00,
    0x00, 0x00, 0x00, 0x00, 0x00, 0x0f, 0xff, 0xd0,
    0x00, 0x00, 0x00, 0x00, 0x00, 0x00, 0x0f, 0xff,
    0xd0, 0x00, 0x00, 0x00, 0x00, 0x00, 0x00, 0x0f,
    0xff, 0xd0, 0x00, 0x00, 0x00, 0x00, 0x00, 0x00,
    0x0f, 0xff, 0xd0, 0x00, 0x00, 0x00,

    /* U+0167 "ŧ" */
    0x00, 0x6f, 0xff, 0x70, 0x00, 0x00, 0x06, 0xff,
    0xf7, 0x00, 0x00, 0x00, 0x6f, 0xff, 0x70, 0x00,
    0x00, 0x06, 0xff, 0xf7, 0x00, 0x00, 0xbf, 0xff,
    0xff, 0xff, 0xf9, 0x0b, 0xff, 0xff, 0xff, 0xff,
    0x90, 0xbf, 0xff, 0xff, 0xff, 0xf9, 0x00, 0x17,
    0xff, 0xf8, 0x11, 0x00, 0x00, 0x6f, 0xff, 0x70,
    0x00, 0x00, 0x06, 0xff, 0xf7, 0x00, 0x00, 0xbf,
    0xff, 0xff, 0xff, 0xf9, 0x0b, 0xff, 0xff, 0xff,
    0xff, 0x90, 0x7b, 0xff, 0xff, 0xfb, 0xb6, 0x00,
    0x06, 0xff, 0xf7, 0x00, 0x00, 0x00, 0x6f, 0xff,
    0x70, 0x00, 0x00, 0x06, 0xff, 0xf7, 0x00, 0x00,
    0x00, 0x5f, 0xff, 0x70, 0x00, 0x00, 0x04, 0xff,
    0xfd, 0x43, 0x20, 0x00, 0x0e, 0xff, 0xff, 0xf9,
    0x00, 0x00, 0x6f, 0xff, 0xff, 0xd0, 0x00, 0x00,
    0x4b, 0xef, 0xeb, 0x00,

    /* U+0168 "Ũ" */
    0x00, 0x00, 0x06, 0xef, 0x90, 0x06, 0xfc, 0x00,
    0x00, 0x00, 0x00, 0x2f, 0xff, 0xfd, 0x6c, 0xfa,
    0x00, 0x00, 0x00, 0x00, 0x8f, 0xe6, 0xdf, 0xff,
    0xf4, 0x00, 0x00, 0x00, 0x00, 0xbf, 0x80, 0x08,
    0xee, 0x70, 0x00, 0x00, 0x00, 0x00, 0x00, 0x00,
    0x00, 0x00, 0x00, 0x00, 0x00, 0x00, 0x00, 0x00,
    0x00, 0x00, 0x00, 0x00, 0x00, 0x00, 0x00, 0x00,
    0x00, 0x00, 0x00, 0x00, 0x00, 0x00, 0x00, 0xcf,
    0xff, 0x10, 0x00, 0x00, 0x00, 0x00, 0xff, 0xfe,
    0xcf, 0xff, 0x10, 0x00, 0x00, 0x00, 0x00, 0xff,
    0xfe, 0xcf, 0xff, 0x10, 0x00, 0x00, 0x00, 0x00,
    0xff, 0xfe, 0xcf, 0xff, 0x10, 0x00, 0x00, 0x00,
    0x00, 0xff, 0xfe, 0xcf, 0xff, 0x10, 0x00, 0x00,
    0x00, 0x00, 0xff, 0xfe, 0xcf, 0xff, 0x10, 0x00,
    0x00, 0x00, 0x00, 0xff, 0xfe, 0xcf, 0xff, 0x10,
    0x00, 0x00, 0x00, 0x00, 0xff, 0xfe, 0xcf, 0xff,
    0x10, 0x00, 0x00, 0x00, 0x00, 0xff, 0xfe, 0xcf,
    0xff, 0x10, 0x00, 0x00, 0x00, 0x00, 0xff, 0xfe,
    0xcf, 0xff, 0x10, 0x00, 0x00, 0x00, 0x00, 0xff,
    0xfe, 0xcf, 0xff, 0x10, 0x00, 0x00, 0x00, 0x00,
    0xff, 0xfe, 0xcf, 0xff, 0x10, 0x00, 0x00, 0x00,
    0x00, 0xff, 0xfe, 0xcf, 0xff, 0x10, 0x00, 0x00,
    0x00, 0x00, 0xff, 0xfe, 0xcf, 0xff, 0x10, 0x00,
    0x00, 0x00, 0x00, 0xff, 0xfe, 0xcf, 0xff, 0x30,
    0x00, 0x00, 0x00, 0x01, 0xff, 0xfd, 0xaf, 0xff,
    0x70, 0x00, 0x00, 0x00, 0x05, 0xff, 0xfc, 0x7f,
    0xff, 0xe1, 0x00, 0x00, 0x00, 0x0d, 0xff, 0xf8,
    0x1f, 0xff, 0xfd, 0x30, 0x00, 0x02, 0xcf, 0xff,
    0xf2, 0x07, 0xff, 0xff, 0xfc, 0xaa, 0xcf, 0xff,
    0xff, 0x80, 0x00, 0xaf, 0xff, 0xff, 0xff, 0xff,
    0xff, 0xfb, 0x00, 0x00, 0x06, 0xff, 0xff, 0xff,
    0xff, 0xff, 0x70, 0x00, 0x00, 0x00, 0x16, 0xbd,
    0xff, 0xdb, 0x61, 0x00, 0x00,

    /* U+0169 "ũ" */
    0x00, 0x00, 0x24, 0x10, 0x00, 0x54, 0x00, 0x00,
    0x00, 0x9f, 0xff, 0x81, 0x6f, 0xe0, 0x00, 0x00,
    0x4f, 0xff, 0xff, 0xff, 0xf9, 0x00, 0x00, 0x08,
    0xfd, 0x16, 0xef, 0xfd, 0x10, 0x00, 0x00, 0x35,
    0x30, 0x00, 0x34, 0x00, 0x00, 0x00, 0x00, 0x00,
    0x00, 0x00, 0x00, 0x00, 0x00, 0x00, 0x00, 0x00,
    0x00, 0x00, 0x00, 0x00, 0x0f, 0xff, 0xd0, 0x00,
    0x00, 0x07, 0xff, 0xf5, 0xff, 0xfd, 0x00, 0x00,
    0x00, 0x7f, 0xff, 0x5f, 0xff, 0xd0, 0x00, 0x00,
    0x07, 0xff, 0xf5, 0xff, 0xfd, 0x00, 0x00, 0x00,
    0x7f, 0xff, 0x5f, 0xff, 0xd0, 0x00, 0x00, 0x07,
    0xff, 0xf5, 0xff, 0xfd, 0x00, 0x00, 0x00, 0x7f,
    0xff, 0x5f, 0xff, 0xd0, 0x00, 0x00, 0x07, 0xff,
    0xf5, 0xff, 0xfd, 0x00, 0x00, 0x00, 0x7f, 0xff,
    0x5f, 0xff, 0xd0, 0x00, 0x00, 0x07, 0xff, 0xf5,
    0xff, 0xfd, 0x00, 0x00, 0x00, 0x7f, 0xff, 0x5f,
    0xff, 0xe0, 0x00, 0x00, 0x08, 0xff, 0xf5, 0xef,
    0xff, 0x10, 0x00, 0x00, 0xcf, 0xff, 0x5c, 0xff,
    0xf9, 0x00, 0x00, 0x5f, 0xff, 0xf5, 0x8f, 0xff,
    0xfb, 0x65, 0xaf, 0xff, 0xff, 0x51, 0xef, 0xff,
    0xff, 0xff, 0xf7, 0xff, 0xf5, 0x04, 0xff, 0xff,
    0xff, 0xf6, 0x4f, 0xff, 0x50, 0x02, 0x9d, 0xfe,
    0xa3, 0x04, 0xff, 0xf5,

    /* U+016A "Ū" */
    0x00, 0x00, 0x1a, 0xaa, 0xaa, 0xaa, 0xa2, 0x00,
    0x00, 0x00, 0x00, 0x2f, 0xff, 0xff, 0xff, 0xf3,
    0x00, 0x00, 0x00, 0x00, 0x2f, 0xff, 0xff, 0xff,
    0xf3, 0x00, 0x00, 0x00, 0x00, 0x00, 0x00, 0x00,
    0x00, 0x00, 0x00, 0x00, 0x00, 0x00, 0x00, 0x00,
    0x00, 0x00, 0x00, 0x00, 0x00, 0x00, 0x00, 0x00,
    0x00, 0x00, 0x00, 0x00, 0x00, 0x00, 0x00, 0x00,
    0x00, 0x00, 0x00, 0x00, 0x00, 0x00, 0x00, 0xcf,
    0xff, 0x10, 0x00, 0x00, 0x00, 0x00, 0xff, 0xfe,
    0xcf, 0xff, 0x10, 0x00, 0x00, 0x00, 0x00, 0xff,
    0xfe, 0xcf, 0xff, 0x10, 0x00, 0x00, 0x00, 0x00,
    0xff, 0xfe, 0xcf, 0xff, 0x10, 0x00, 0x00, 0x00,
    0x00, 0xff, 0xfe, 0xcf, 0xff, 0x10, 0x00, 0x00,
    0x00, 0x00, 0xff, 0xfe, 0xcf, 0xff, 0x10, 0x00,
    0x00, 0x00, 0x00, 0xff, 0xfe, 0xcf, 0xff, 0x10,
    0x00, 0x00, 0x00, 0x00, 0xff, 0xfe, 0xcf, 0xff,
    0x10, 0x00, 0x00, 0x00, 0x00, 0xff, 0xfe, 0xcf,
    0xff, 0x10, 0x00, 0x00, 0x00, 0x00, 0xff, 0xfe,
    0xcf, 0xff, 0x10, 0x00, 0x00, 0x00, 0x00, 0xff,
    0xfe, 0xcf, 0xff, 0x10, 0x00, 0x00, 0x00, 0x00,
    0xff, 0xfe, 0xcf, 0xff, 0x10, 0x00, 0x00, 0x00,
    0x00, 0xff, 0xfe, 0xcf, 0xff, 0x10, 0x00, 0x00,
    0x00, 0x00, 0xff, 0xfe, 0xcf, 0xff, 0x10, 0x00,
    0x00, 0x00, 0x00, 0xff, 0xfe, 0xcf, 0xff, 0x30,
    0x00, 0x00, 0x00, 0x01, 0xff, 0xfd, 0xaf, 0xff,
    0x70, 0x00, 0x00, 0x00, 0x05, 0xff, 0xfc, 0x7f,
    0xff, 0xe1, 0x00, 0x00, 0x00, 0x0d, 0xff, 0xf8,
    0x1f, 0xff, 0xfd, 0x30, 0x00, 0x02, 0xcf, 0xff,
    0xf2, 0x07, 0xff, 0xff, 0xfc, 0xaa, 0xcf, 0xff,
    0xff, 0x80, 0x00, 0xaf, 0xff, 0xff, 0xff, 0xff,
    0xff, 0xfb, 0x00, 0x00, 0x06, 0xff, 0xff, 0xff,
    0xff, 0xff, 0x70, 0x00, 0x00, 0x00, 0x16, 0xbd,
    0xff, 0xdb, 0x61, 0x00, 0x00,

    /* U+016B "ū" */
    0x00, 0x0f, 0xff, 0xff, 0xff, 0xf5, 0x00, 0x00,
    0x00, 0xff, 0xff, 0xff, 0xff, 0x50, 0x00, 0x00,
    0x0a, 0xaa, 0xaa, 0xaa, 0xa3, 0x00, 0x00, 0x00,
    0x00, 0x00, 0x00, 0x00, 0x00, 0x00, 0x00, 0x00,
    0x00, 0x00, 0x00, 0x00, 0x00, 0x0f, 0xff, 0xd0,
    0x00, 0x00, 0x07, 0xff, 0xf5, 0xff, 0xfd, 0x00,
    0x00, 0x00, 0x7f, 0xff, 0x5f, 0xff, 0xd0, 0x00,
    0x00, 0x07, 0xff, 0xf5, 0xff, 0xfd, 0x00, 0x00,
    0x00, 0x7f, 0xff, 0x5f, 0xff, 0xd0, 0x00, 0x00,
    0x07, 0xff, 0xf5, 0xff, 0xfd, 0x00, 0x00, 0x00,
    0x7f, 0xff, 0x5f, 0xff, 0xd0, 0x00, 0x00, 0x07,
    0xff, 0xf5, 0xff, 0xfd, 0x00, 0x00, 0x00, 0x7f,
    0xff, 0x5f, 0xff, 0xd0, 0x00, 0x00, 0x07, 0xff,
    0xf5, 0xff, 0xfd, 0x00, 0x00, 0x00, 0x7f, 0xff,
    0x5f, 0xff, 0xe0, 0x00, 0x00, 0x08, 0xff, 0xf5,
    0xef, 0xff, 0x10, 0x00, 0x00, 0xcf, 0xff, 0x5c,
    0xff, 0xf9, 0x00, 0x00, 0x5f, 0xff, 0xf5, 0x8f,
    0xff, 0xfb, 0x65, 0xaf, 0xff, 0xff, 0x51, 0xef,
    0xff, 0xff, 0xff, 0xf7, 0xff, 0xf5, 0x04, 0xff,
    0xff, 0xff, 0xf6, 0x4f, 0xff, 0x50, 0x02, 0x9d,
    0xfe, 0xa3, 0x04, 0xff, 0xf5,

    /* U+016C "Ŭ" */
    0x00, 0x00, 0x58, 0x50, 0x00, 0x04, 0x86, 0x00,
    0x00, 0x00, 0x00, 0x9f, 0xd0, 0x00, 0x0d, 0xfa,
    0x00, 0x00, 0x00, 0x00, 0x3f, 0xfc, 0x65, 0xcf,
    0xf4, 0x00, 0x00, 0x00, 0x00, 0x08, 0xff, 0xff,
    0xff, 0x90, 0x00, 0x00, 0x00, 0x00, 0x00, 0x4b,
    0xff, 0xc5, 0x00, 0x00, 0x00, 0x00, 0x00, 0x00,
    0x00, 0x00, 0x00, 0x00, 0x00, 0x00, 0x00, 0x00,
    0x00, 0x00, 0x00, 0x00, 0x00, 0x00, 0x00, 0x00,
    0x00, 0x00, 0x00, 0x00, 0x00, 0x00, 0x00, 0x00,
    0xcf, 0xff, 0x10, 0x00, 0x00, 0x00, 0x00, 0xff,
    0xfe, 0xcf, 0xff, 0x10, 0x00, 0x00, 0x00, 0x00,
    0xff, 0xfe, 0xcf, 0xff, 0x10, 0x00, 0x00, 0x00,
    0x00, 0xff, 0xfe, 0xcf, 0xff, 0x10, 0x00, 0x00,
    0x00, 0x00, 0xff, 0xfe, 0xcf, 0xff, 0x10, 0x00,
    0x00, 0x00, 0x00, 0xff, 0xfe, 0xcf, 0xff, 0x10,
    0x00, 0x00, 0x00, 0x00, 0xff, 0xfe, 0xcf, 0xff,
    0x10, 0x00, 0x00, 0x00, 0x00, 0xff, 0xfe, 0xcf,
    0xff, 0x10, 0x00, 0x00, 0x00, 0x00, 0xff, 0xfe,
    0xcf, 0xff, 0x10, 0x00, 0x00, 0x00, 0x00, 0xff,
    0xfe, 0xcf, 0xff, 0x10, 0x00, 0x00, 0x00, 0x00,
    0xff, 0xfe, 0xcf, 0xff, 0x10, 0x00, 0x00, 0x00,
    0x00, 0xff, 0xfe, 0xcf, 0xff, 0x10, 0x00, 0x00,
    0x00, 0x00, 0xff, 0xfe, 0xcf, 0xff, 0x10, 0x00,
    0x00, 0x00, 0x00, 0xff, 0xfe, 0xcf, 0xff, 0x10,
    0x00, 0x00, 0x00, 0x00, 0xff, 0xfe, 0xcf, 0xff,
    0x30, 0x00, 0x00, 0x00, 0x01, 0xff, 0xfd, 0xaf,
    0xff, 0x70, 0x00, 0x00, 0x00, 0x05, 0xff, 0xfc,
    0x7f, 0xff, 0xe1, 0x00, 0x00, 0x00, 0x0d, 0xff,
    0xf8, 0x1f, 0xff, 0xfd, 0x30, 0x00, 0x02, 0xcf,
    0xff, 0xf2, 0x07, 0xff, 0xff, 0xfc, 0xaa, 0xcf,
    0xff, 0xff, 0x80, 0x00, 0xaf, 0xff, 0xff, 0xff,
    0xff, 0xff, 0xfb, 0x00, 0x00, 0x06, 0xff, 0xff,
    0xff, 0xff, 0xff, 0x70, 0x00, 0x00, 0x00, 0x16,
    0xbd, 0xff, 0xdb, 0x61, 0x00, 0x00,

    /* U+016D "ŭ" */
    0x00, 0x48, 0x60, 0x00, 0x03, 0x87, 0x00, 0x00,
    0x07, 0xff, 0x10, 0x00, 0xbf, 0xc0, 0x00, 0x00,
    0x1f, 0xfd, 0x65, 0xaf, 0xf7, 0x00, 0x00, 0x00,
    0x5f, 0xff, 0xff, 0xfb, 0x00, 0x00, 0x00, 0x00,
    0x3b, 0xef, 0xd6, 0x00, 0x00, 0x00, 0x00, 0x00,
    0x00, 0x00, 0x00, 0x00, 0x00, 0x00, 0x00, 0x00,
    0x00, 0x00, 0x00, 0x00, 0x0f, 0xff, 0xd0, 0x00,
    0x00, 0x07, 0xff, 0xf5, 0xff, 0xfd, 0x00, 0x00,
    0x00, 0x7f, 0xff, 0x5f, 0xff, 0xd0, 0x00, 0x00,
    0x07, 0xff, 0xf5, 0xff, 0xfd, 0x00, 0x00, 0x00,
    0x7f, 0xff, 0x5f, 0xff, 0xd0, 0x00, 0x00, 0x07,
    0xff, 0xf5, 0xff, 0xfd, 0x00, 0x00, 0x00, 0x7f,
    0xff, 0x5f, 0xff, 0xd0, 0x00, 0x00, 0x07, 0xff,
    0xf5, 0xff, 0xfd, 0x00, 0x00, 0x00, 0x7f, 0xff,
    0x5f, 0xff, 0xd0, 0x00, 0x00, 0x07, 0xff, 0xf5,
    0xff, 0xfd, 0x00, 0x00, 0x00, 0x7f, 0xff, 0x5f,
    0xff, 0xe0, 0x00, 0x00, 0x08, 0xff, 0xf5, 0xef,
    0xff, 0x10, 0x00, 0x00, 0xcf, 0xff, 0x5c, 0xff,
    0xf9, 0x00, 0x00, 0x5f, 0xff, 0xf5, 0x8f, 0xff,
    0xfb, 0x65, 0xaf, 0xff, 0xff, 0x51, 0xef, 0xff,
    0xff, 0xff, 0xf7, 0xff, 0xf5, 0x04, 0xff, 0xff,
    0xff, 0xf6, 0x4f, 0xff, 0x50, 0x02, 0x9d, 0xfe,
    0xa3, 0x04, 0xff, 0xf5,

    /* U+016E "Ů" */
    0x00, 0x00, 0x00, 0x19, 0xde, 0xa2, 0x00, 0x00,
    0x00, 0x00, 0x00, 0x01, 0xef, 0xff, 0xfe, 0x20,
    0x00, 0x00, 0x00, 0x00, 0x09, 0xfd, 0x21, 0xcf,
    0xb0, 0x00, 0x00, 0x00, 0x00, 0x0d, 0xf5, 0x00,
    0x4f, 0xf0, 0x00, 0x00, 0x00, 0x00, 0x0d, 0xf5,
    0x00, 0x4f, 0xf0, 0x00, 0x00, 0x00, 0x00, 0x09,
    0xfd, 0x21, 0xcf, 0xb0, 0x00, 0x00, 0x00, 0x00,
    0x01, 0xef, 0xff, 0xfe, 0x20, 0x00, 0x00, 0x00,
    0x00, 0x00, 0x19, 0xde, 0xa2, 0x00, 0x00, 0x00,
    0x00, 0x00, 0x00, 0x00, 0x00, 0x00, 0x00, 0x00,
    0x00, 0xcf, 0xff, 0x10, 0x00, 0x00, 0x00, 0x00,
    0xff, 0xfe, 0xcf, 0xff, 0x10, 0x00, 0x00, 0x00,
    0x00, 0xff, 0xfe, 0xcf, 0xff, 0x10, 0x00, 0x00,
    0x00, 0x00, 0xff, 0xfe, 0xcf, 0xff, 0x10, 0x00,
    0x00, 0x00, 0x00, 0xff, 0xfe, 0xcf, 0xff, 0x10,
    0x00, 0x00, 0x00, 0x00, 0xff, 0xfe, 0xcf, 0xff,
    0x10, 0x00, 0x00, 0x00, 0x00, 0xff, 0xfe, 0xcf,
    0xff, 0x10, 0x00, 0x00, 0x00, 0x00, 0xff, 0xfe,
    0xcf, 0xff, 0x10, 0x00, 0x00, 0x00, 0x00, 0xff,
    0xfe, 0xcf, 0xff, 0x10, 0x00, 0x00, 0x00, 0x00,
    0xff, 0xfe, 0xcf, 0xff, 0x10, 0x00, 0x00, 0x00,
    0x00, 0xff, 0xfe, 0xcf, 0xff, 0x10, 0x00, 0x00,
    0x00, 0x00, 0xff, 0xfe, 0xcf, 0xff, 0x10, 0x00,
    0x00, 0x00, 0x00, 0xff, 0xfe, 0xcf, 0xff, 0x10,
    0x00, 0x00, 0x00, 0x00, 0xff, 0xfe, 0xcf, 0xff,
    0x10, 0x00, 0x00, 0x00, 0x00, 0xff, 0xfe, 0xcf,
    0xff, 0x30, 0x00, 0x00, 0x00, 0x01, 0xff, 0xfd,
    0xaf, 0xff, 0x70, 0x00, 0x00, 0x00, 0x05, 0xff,
    0xfc, 0x7f, 0xff, 0xe1, 0x00, 0x00, 0x00, 0x0d,
    0xff, 0xf8, 0x1f, 0xff, 0xfd, 0x30, 0x00, 0x02,
    0xcf, 0xff, 0xf2, 0x07, 0xff, 0xff, 0xfc, 0xaa,
    0xcf, 0xff, 0xff, 0x80, 0x00, 0xaf, 0xff, 0xff,
    0xff, 0xff, 0xff, 0xfb, 0x00, 0x00, 0x06, 0xff,
    0xff, 0xff, 0xff, 0xff, 0x70, 0x00, 0x00, 0x00,
    0x16, 0xbd, 0xff, 0xdb, 0x61, 0x00, 0x00,

    /* U+016F "ů" */
    0x00, 0x00, 0x09, 0xef, 0xb3, 0x00, 0x00, 0x00,
    0x00, 0x0d, 0xff, 0xff, 0xf3, 0x00, 0x00, 0x00,
    0x07, 0xfe, 0x31, 0xaf, 0xd0, 0x00, 0x00, 0x00,
    0xbf, 0x70, 0x02, 0xff, 0x10, 0x00, 0x00, 0x0b,
    0xf7, 0x00, 0x2f, 0xf1, 0x00, 0x00, 0x00, 0x7f,
    0xe3, 0x1a, 0xfd, 0x00, 0x00, 0x00, 0x00, 0xdf,
    0xff, 0xff, 0x40, 0x00, 0x00, 0x00, 0x01, 0x9e,
    0xfb, 0x30, 0x00, 0x00, 0x00, 0x00, 0x00, 0x00,
    0x00, 0x00, 0x00, 0x0f, 0xff, 0xd0, 0x00, 0x00,
    0x07, 0xff, 0xf5, 0xff, 0xfd, 0x00, 0x00, 0x00,
    0x7f, 0xff, 0x5f, 0xff, 0xd0, 0x00, 0x00, 0x07,
    0xff, 0xf5, 0xff, 0xfd, 0x00, 0x00, 0x00, 0x7f,
    0xff, 0x5f, 0xff, 0xd0, 0x00, 0x00, 0x07, 0xff,
    0xf5, 0xff, 0xfd, 0x00, 0x00, 0x00, 0x7f, 0xff,
    0x5f, 0xff, 0xd0, 0x00, 0x00, 0x07, 0xff, 0xf5,
    0xff, 0xfd, 0x00, 0x00, 0x00, 0x7f, 0xff, 0x5f,
    0xff, 0xd0, 0x00, 0x00, 0x07, 0xff, 0xf5, 0xff,
    0xfd, 0x00, 0x00, 0x00, 0x7f, 0xff, 0x5f, 0xff,
    0xe0, 0x00, 0x00, 0x08, 0xff, 0xf5, 0xef, 0xff,
    0x10, 0x00, 0x00, 0xcf, 0xff, 0x5c, 0xff, 0xf9,
    0x00, 0x00, 0x5f, 0xff, 0xf5, 0x8f, 0xff, 0xfb,
    0x65, 0xaf, 0xff, 0xff, 0x51, 0xef, 0xff, 0xff,
    0xff, 0xf7, 0xff, 0xf5, 0x04, 0xff, 0xff, 0xff,
    0xf6, 0x4f, 0xff, 0x50, 0x02, 0x9d, 0xfe, 0xa3,
    0x04, 0xff, 0xf5,

    /* U+0170 "Ű" */
    0x00, 0x00, 0x04, 0x99, 0x90, 0x06, 0x99, 0x90,
    0x00, 0x00, 0x00, 0x0c, 0xff, 0xa0, 0x2f, 0xff,
    0x60, 0x00, 0x00, 0x00, 0x1f, 0xff, 0x20, 0xaf,
    0xfa, 0x00, 0x00, 0x00, 0x00, 0x7f, 0xf9, 0x03,
    0xff, 0xd0, 0x00, 0x00, 0x00, 0x00, 0xdf, 0xf1,
    0x0b, 0xff, 0x30, 0x00, 0x00, 0x00, 0x00, 0x00,
    0x00, 0x00, 0x00, 0x00, 0x00, 0x00, 0x00, 0x00,
    0x00, 0x00, 0x00, 0x00, 0x00, 0x00, 0x00, 0x00,
    0x00, 0x00, 0x00, 0x00, 0x00, 0x00, 0x00, 0x00,
    0xcf, 0xff, 0x10, 0x00, 0x00, 0x00, 0x00, 0xff,
    0xfe, 0xcf, 0xff, 0x10, 0x00, 0x00, 0x00, 0x00,
    0xff, 0xfe, 0xcf, 0xff, 0x10, 0x00, 0x00, 0x00,
    0x00, 0xff, 0xfe, 0xcf, 0xff, 0x10, 0x00, 0x00,
    0x00, 0x00, 0xff, 0xfe, 0xcf, 0xff, 0x10, 0x00,
    0x00, 0x00, 0x00, 0xff, 0xfe, 0xcf, 0xff, 0x10,
    0x00, 0x00, 0x00, 0x00, 0xff, 0xfe, 0xcf, 0xff,
    0x10, 0x00, 0x00, 0x00, 0x00, 0xff, 0xfe, 0xcf,
    0xff, 0x10, 0x00, 0x00, 0x00, 0x00, 0xff, 0xfe,
    0xcf, 0xff, 0x10, 0x00, 0x00, 0x00, 0x00, 0xff,
    0xfe, 0xcf, 0xff, 0x10, 0x00, 0x00, 0x00, 0x00,
    0xff, 0xfe, 0xcf, 0xff, 0x10, 0x00, 0x00, 0x00,
    0x00, 0xff, 0xfe, 0xcf, 0xff, 0x10, 0x00, 0x00,
    0x00, 0x00, 0xff, 0xfe, 0xcf, 0xff, 0x10, 0x00,
    0x00, 0x00, 0x00, 0xff, 0xfe, 0xcf, 0xff, 0x10,
    0x00, 0x00, 0x00, 0x00, 0xff, 0xfe, 0xcf, 0xff,
    0x30, 0x00, 0x00, 0x00, 0x01, 0xff, 0xfd, 0xaf,
    0xff, 0x70, 0x00, 0x00, 0x00, 0x05, 0xff, 0xfc,
    0x7f, 0xff, 0xe1, 0x00, 0x00, 0x00, 0x0d, 0xff,
    0xf8, 0x1f, 0xff, 0xfd, 0x30, 0x00, 0x02, 0xcf,
    0xff, 0xf2, 0x07, 0xff, 0xff, 0xfc, 0xaa, 0xcf,
    0xff, 0xff, 0x80, 0x00, 0xaf, 0xff, 0xff, 0xff,
    0xff, 0xff, 0xfb, 0x00, 0x00, 0x06, 0xff, 0xff,
    0xff, 0xff, 0xff, 0x70, 0x00, 0x00, 0x00, 0x16,
    0xbd, 0xff, 0xdb, 0x61, 0x00, 0x00,

    /* U+0171 "ű" */
    0x00, 0x03, 0x99, 0x91, 0x05, 0x99, 0x91, 0x00,
    0x00, 0xaf, 0xfc, 0x01, 0xef, 0xf8, 0x00, 0x00,
    0x0f, 0xff, 0x30, 0x8f, 0xfc, 0x00, 0x00, 0x05,
    0xff, 0xb0, 0x1f, 0xfe, 0x20, 0x00, 0x00, 0xaf,
    0xf3, 0x09, 0xff, 0x50, 0x00, 0x00, 0x00, 0x00,
    0x00, 0x00, 0x00, 0x00, 0x00, 0x00, 0x00, 0x00,
    0x00, 0x00, 0x00, 0x00, 0x0f, 0xff, 0xd0, 0x00,
    0x00, 0x07, 0xff, 0xf5, 0xff, 0xfd, 0x00, 0x00,
    0x00, 0x7f, 0xff, 0x5f, 0xff, 0xd0, 0x00, 0x00,
    0x07, 0xff, 0xf5, 0xff, 0xfd, 0x00, 0x00, 0x00,
    0x7f, 0xff, 0x5f, 0xff, 0xd0, 0x00, 0x00, 0x07,
    0xff, 0xf5, 0xff, 0xfd, 0x00, 0x00, 0x00, 0x7f,
    0xff, 0x5f, 0xff, 0xd0, 0x00, 0x00, 0x07, 0xff,
    0xf5, 0xff, 0xfd, 0x00, 0x00, 0x00, 0x7f, 0xff,
    0x5f, 0xff, 0xd0, 0x00, 0x00, 0x07, 0xff, 0xf5,
    0xff, 0xfd, 0x00, 0x00, 0x00, 0x7f, 0xff, 0x5f,
    0xff, 0xe0, 0x00, 0x00, 0x08, 0xff, 0xf5, 0xef,
    0xff, 0x10, 0x00, 0x00, 0xcf, 0xff, 0x5c, 0xff,
    0xf9, 0x00, 0x00, 0x5f, 0xff, 0xf5, 0x8f, 0xff,
    0xfb, 0x65, 0xaf, 0xff, 0xff, 0x51, 0xef, 0xff,
    0xff, 0xff, 0xf7, 0xff, 0xf5, 0x04, 0xff, 0xff,
    0xff, 0xf6, 0x4f, 0xff, 0x50, 0x02, 0x9d, 0xfe,
    0xa3, 0x04, 0xff, 0xf5,

    /* U+0172 "Ų" */
    0xcf, 0xff, 0x10, 0x00, 0x00, 0x00, 0x00, 0xff,
    0xfe, 0xcf, 0xff, 0x10, 0x00, 0x00, 0x00, 0x00,
    0xff, 0xfe, 0xcf, 0xff, 0x10, 0x00, 0x00, 0x00,
    0x00, 0xff, 0xfe, 0xcf, 0xff, 0x10, 0x00, 0x00,
    0x00, 0x00, 0xff, 0xfe, 0xcf, 0xff, 0x10, 0x00,
    0x00, 0x00, 0x00, 0xff, 0xfe, 0xcf, 0xff, 0x10,
    0x00, 0x00, 0x00, 0x00, 0xff, 0xfe, 0xcf, 0xff,
    0x10, 0x00, 0x00, 0x00, 0x00, 0xff, 0xfe, 0xcf,
    0xff, 0x10, 0x00, 0x00, 0x00, 0x00, 0xff, 0xfe,
    0xcf, 0xff, 0x10, 0x00, 0x00, 0x00, 0x00, 0xff,
    0xfe, 0xcf, 0xff, 0x10, 0x00, 0x00, 0x00, 0x00,
    0xff, 0xfe, 0xcf, 0xff, 0x10, 0x00, 0x00, 0x00,
    0x00, 0xff, 0xfe, 0xcf, 0xff, 0x10, 0x00, 0x00,
    0x00, 0x00, 0xff, 0xfe, 0xcf, 0xff, 0x10, 0x00,
    0x00, 0x00, 0x00, 0xff, 0xfe, 0xcf, 0xff, 0x10,
    0x00, 0x00, 0x00, 0x00, 0xff, 0xfe, 0xcf, 0xff,
    0x30, 0x00, 0x00, 0x00, 0x01, 0xff, 0xff, 0xaf,
    0xff, 0x70, 0x00, 0x00, 0x00, 0x05, 0xff, 0xff,
    0x7f, 0xff, 0xe1, 0x00, 0x00, 0x00, 0x0d, 0xff,
    0xff, 0x1f, 0xff, 0xfd, 0x30, 0x00, 0x02, 0xcf,
    0xff, 0xf5, 0x07, 0xff, 0xff, 0xfc, 0xaa, 0xcf,
    0xff, 0xff, 0xf0, 0x00, 0xaf, 0xff, 0xff, 0xff,
    0xff, 0xff, 0xff, 0x00, 0x00, 0x06, 0xff, 0xff,
    0xff, 0xff, 0xff, 0xe0, 0x00, 0x00, 0x00, 0x16,
    0xbd, 0xff, 0xff, 0xf3, 0x00, 0x00, 0x00, 0x00,
    0x00, 0x06, 0xff, 0xd4, 0x00, 0x00, 0x00, 0x00,
    0x00, 0x00, 0x3f, 0xfe, 0x10, 0x00, 0x00, 0x00,
    0x00, 0x00, 0x00, 0x9f, 0xfc, 0x00, 0x00, 0x00,
    0x00, 0x00, 0x00, 0x00, 0xaf, 0xff, 0xab, 0x30,
    0x00, 0x00, 0x00, 0x00, 0x00, 0x4f, 0xff, 0xff,
    0xa0, 0x00, 0x00, 0x00, 0x00, 0x00, 0x04, 0xbe,
    0xfc, 0x70, 0x00, 0x00,

    /* U+0173 "ų" */
    0xff, 0xfd, 0x00, 0x00, 0x00, 0x7f, 0xff, 0x50,
    0xff, 0xfd, 0x00, 0x00, 0x00, 0x7f, 0xff, 0x50,
    0xff, 0xfd, 0x00, 0x00, 0x00, 0x7f, 0xff, 0x50,
    0xff, 0xfd, 0x00, 0x00, 0x00, 0x7f, 0xff, 0x50,
    0xff, 0xfd, 0x00, 0x00, 0x00, 0x7f, 0xff, 0x50,
    0xff, 0xfd, 0x00, 0x00, 0x00, 0x7f, 0xff, 0x50,
    0xff, 0xfd, 0x00, 0x00, 0x00, 0x7f, 0xff, 0x50,
    0xff, 0xfd, 0x00, 0x00, 0x00, 0x7f, 0xff, 0x50,
    0xff, 0xfd, 0x00, 0x00, 0x00, 0x7f, 0xff, 0x50,
    0xff, 0xfd, 0x00, 0x00, 0x00, 0x7f, 0xff, 0x50,
    0xff, 0xfe, 0x00, 0x00, 0x00, 0x8f, 0xff, 0x50,
    0xef, 0xff, 0x10, 0x00, 0x00, 0xcf, 0xff, 0x50,
    0xcf, 0xff, 0x90, 0x00, 0x05, 0xff, 0xff, 0x50,
    0x8f, 0xff, 0xfb, 0x65, 0xaf, 0xff, 0xff, 0x50,
    0x1e, 0xff, 0xff, 0xff, 0xff, 0x7f, 0xff, 0x50,
    0x04, 0xff, 0xff, 0xff, 0xf6, 0x4f, 0xff, 0x50,
    0x00, 0x29, 0xdf, 0xea, 0x30, 0x9f, 0xff, 0x60,
    0x00, 0x00, 0x00, 0x00, 0x06, 0xff, 0xe4, 0x00,
    0x00, 0x00, 0x00, 0x00, 0x1f, 0xff, 0x30, 0x00,
    0x00, 0x00, 0x00, 0x00, 0x6f, 0xff, 0x00, 0x00,
    0x00, 0x00, 0x00, 0x00, 0x7f, 0xff, 0xba, 0x60,
    0x00, 0x00, 0x00, 0x00, 0x2f, 0xff, 0xff, 0xd0,
    0x00, 0x00, 0x00, 0x00, 0x02, 0xae, 0xfd, 0x80,

    /* U+0174 "Ŵ" */
    0x00, 0x00, 0x00, 0x00, 0x00, 0x00, 0x0a, 0xff,
    0xf4, 0x00, 0x00, 0x00, 0x00, 0x00, 0x00, 0x00,
    0x00, 0x00, 0x00, 0x00, 0x00, 0x9f, 0xff, 0xff,
    0x30, 0x00, 0x00, 0x00, 0x00, 0x00, 0x00, 0x00,
    0x00, 0x00, 0x00, 0x08, 0xff, 0xc3, 0xff, 0xe2,
    0x00, 0x00, 0x00, 0x00, 0x00, 0x00, 0x00, 0x00,
    0x00, 0x00, 0x6f, 0xfe, 0x10, 0x6f, 0xfd, 0x10,
    0x00, 0x00, 0x00, 0x00, 0x00, 0x00, 0x00, 0x00,
    0x00, 0x78, 0x83, 0x00, 0x06, 0x88, 0x40, 0x00,
    0x00, 0x00, 0x00, 0x00, 0x00, 0x00, 0x00, 0x00,
    0x00, 0x00, 0x00, 0x00, 0x00, 0x00, 0x00, 0x00,
    0x00, 0x00, 0x00, 0x00, 0x00, 0x00, 0x00, 0x00,
    0x00, 0x00, 0x00, 0x00, 0x00, 0x00, 0x00, 0x00,
    0x00, 0x2f, 0xff, 0xf1, 0x00, 0x00, 0x00, 0x0e,
    0xff, 0xf7, 0x00, 0x00, 0x00, 0x07, 0xff, 0xfb,
    0x0d, 0xff, 0xf4, 0x00, 0x00, 0x00, 0x2f, 0xff,
    0xfc, 0x00, 0x00, 0x00, 0x0b, 0xff, 0xf7, 0x09,
    0xff, 0xf8, 0x00, 0x00, 0x00, 0x6f, 0xff, 0xff,
    0x00, 0x00, 0x00, 0x0f, 0xff, 0xf3, 0x05, 0xff,
    0xfc, 0x00, 0x00, 0x00, 0xaf, 0xff, 0xff, 0x40,
    0x00, 0x00, 0x3f, 0xff, 0xe0, 0x01, 0xff, 0xff,
    0x00, 0x00, 0x00, 0xef, 0xff, 0xff, 0x80, 0x00,
    0x00, 0x6f, 0xff, 0xa0, 0x00, 0xcf, 0xff, 0x40,
    0x00, 0x02, 0xff, 0xfb, 0xff, 0xc0, 0x00, 0x00,
    0xaf, 0xff, 0x60, 0x00, 0x8f, 0xff, 0x80, 0x00,
    0x06, 0xff, 0xf6, 0xff, 0xf0, 0x00, 0x00, 0xef,
    0xff, 0x20, 0x00, 0x4f, 0xff, 0xc0, 0x00, 0x0a,
    0xff, 0xc3, 0xff, 0xf4, 0x00, 0x02, 0xff, 0xfd,
    0x00, 0x00, 0x0f, 0xff, 0xf0, 0x00, 0x0e, 0xff,
    0x80, 0xff, 0xf8, 0x00, 0x06, 0xff, 0xf9, 0x00,
    0x00, 0x0b, 0xff, 0xf3, 0x00, 0x2f, 0xff, 0x50,
    0xcf, 0xfc, 0x00, 0x0a, 0xff, 0xf5, 0x00, 0x00,
    0x07, 0xff, 0xf7, 0x00, 0x6f, 0xff, 0x10, 0x8f,
    0xff, 0x00, 0x0e, 0xff, 0xf1, 0x00, 0x00, 0x03,
    0xff, 0xfb, 0x00, 0xaf, 0xfd, 0x00, 0x4f, 0xff,
    0x40, 0x1f, 0xff, 0xc0, 0x00, 0x00, 0x00, 0xef,
    0xfe, 0x00, 0xef, 0xf9, 0x00, 0x0f, 0xff, 0x70,
    0x5f, 0xff, 0x80, 0x00, 0x00, 0x00, 0xaf, 0xff,
    0x21, 0xff, 0xf5, 0x00, 0x0b, 0xff, 0xb0, 0x8f,
    0xff, 0x30, 0x00, 0x00, 0x00, 0x6f, 0xff, 0x55,
    0xff, 0xf1, 0x00, 0x07, 0xff, 0xe0, 0xcf, 0xff,
    0x00, 0x00, 0x00, 0x00, 0x1f, 0xff, 0x88, 0xff,
    0xc0, 0x00, 0x03, 0xff, 0xf1, 0xef, 0xfb, 0x00,
    0x00, 0x00, 0x00, 0x0d, 0xff, 0xbb, 0xff, 0x80,
    0x00, 0x00, 0xff, 0xf6, 0xff, 0xf7, 0x00, 0x00,
    0x00, 0x00, 0x09, 0xff, 0xde, 0xff, 0x40, 0x00,
    0x00, 0xbf, 0xfc, 0xff, 0xf2, 0x00, 0x00, 0x00,
    0x00, 0x05, 0xff, 0xff, 0xff, 0x00, 0x00, 0x00,
    0x6f, 0xff, 0xff, 0xe0, 0x00, 0x00, 0x00, 0x00,
    0x00, 0xff, 0xff, 0xfc, 0x00, 0x00, 0x00, 0x2f,
    0xff, 0xff, 0xa0, 0x00, 0x00, 0x00, 0x00, 0x00,
    0xcf, 0xff, 0xf7, 0x00, 0x00, 0x00, 0x0e, 0xff,
    0xff, 0x50, 0x00, 0x00, 0x00, 0x00, 0x00, 0x8f,
    0xff, 0xf3, 0x00, 0x00, 0x00, 0x0a, 0xff, 0xff,
    0x10, 0x00, 0x00,

    /* U+0175 "ŵ" */
    0x00, 0x00, 0x00, 0x00, 0x00, 0x17, 0x88, 0x20,
    0x00, 0x00, 0x00, 0x00, 0x00, 0x00, 0x00, 0x00,
    0x00, 0x0c, 0xff, 0xfe, 0x10, 0x00, 0x00, 0x00,
    0x00, 0x00, 0x00, 0x00, 0x00, 0x0b, 0xff, 0xbf,
    0xfd, 0x00, 0x00, 0x00, 0x00, 0x00, 0x00, 0x00,
    0x00, 0x0a, 0xff, 0xa0, 0x8f, 0xfb, 0x00, 0x00,
    0x00, 0x00, 0x00, 0x00, 0x00, 0x09, 0xff, 0xd0,
    0x00, 0xbf, 0xfa, 0x00, 0x00, 0x00, 0x00, 0x00,
    0x00, 0x00, 0x00, 0x00, 0x00, 0x00, 0x00, 0x00,
    0x00, 0x00, 0x00, 0x00, 0x00, 0x00, 0x00, 0x00,
    0x00, 0x00, 0x00, 0x00, 0x00, 0x00, 0x00, 0x03,
    0xff, 0xfc, 0x00, 0x00, 0x05, 0xff, 0xf8, 0x00,
    0x00, 0x0a, 0xff, 0xf6, 0x0e, 0xff, 0xf0, 0x00,
    0x00, 0x9f, 0xff, 0xc0, 0x00, 0x00, 0xdf, 0xff,
    0x10, 0xaf, 0xff, 0x40, 0x00, 0x0d, 0xff, 0xff,
    0x00, 0x00, 0x1f, 0xff, 0xc0, 0x05, 0xff, 0xf8,
    0x00, 0x01, 0xff, 0xff, 0xf4, 0x00, 0x05, 0xff,
    0xf8, 0x00, 0x1f, 0xff, 0xb0, 0x00, 0x5f, 0xff,
    0xff, 0x80, 0x00, 0x9f, 0xff, 0x30, 0x00, 0xcf,
    0xff, 0x00, 0x09, 0xff, 0x9f, 0xfc, 0x00, 0x0d,
    0xff, 0xe0, 0x00, 0x07, 0xff, 0xf3, 0x00, 0xdf,
    0xf2, 0xff, 0xf0, 0x01, 0xff, 0xfa, 0x00, 0x00,
    0x3f, 0xff, 0x70, 0x1f, 0xfe, 0x0c, 0xff, 0x30,
    0x5f, 0xff, 0x50, 0x00, 0x00, 0xef, 0xfa, 0x04,
    0xff, 0xb0, 0x8f, 0xf7, 0x08, 0xff, 0xf1, 0x00,
    0x00, 0x0a, 0xff, 0xe0, 0x8f, 0xf7, 0x04, 0xff,
    0xb0, 0xcf, 0xfc, 0x00, 0x00, 0x00, 0x5f, 0xff,
    0x1c, 0xff, 0x20, 0x0f, 0xfe, 0x0f, 0xff, 0x80,
    0x00, 0x00, 0x01, 0xff, 0xf5, 0xff, 0xe0, 0x00,
    0xbf, 0xf4, 0xff, 0xf3, 0x00, 0x00, 0x00, 0x0c,
    0xff, 0xbf, 0xf9, 0x00, 0x07, 0xff, 0xbf, 0xfe,
    0x00, 0x00, 0x00, 0x00, 0x7f, 0xff, 0xff, 0x50,
    0x00, 0x2f, 0xff, 0xff, 0xa0, 0x00, 0x00, 0x00,
    0x03, 0xff, 0xff, 0xf1, 0x00, 0x00, 0xef, 0xff,
    0xf5, 0x00, 0x00, 0x00, 0x00, 0x0e, 0xff, 0xfc,
    0x00, 0x00, 0x09, 0xff, 0xff, 0x10, 0x00, 0x00,
    0x00, 0x00, 0xaf, 0xff, 0x80, 0x00, 0x00, 0x5f,
    0xff, 0xc0, 0x00, 0x00,

    /* U+0176 "Ŷ" */
    0x00, 0x00, 0x00, 0x00, 0x4f, 0xff, 0xa0, 0x00,
    0x00, 0x00, 0x00, 0x00, 0x00, 0x00, 0x3f, 0xff,
    0xff, 0x80, 0x00, 0x00, 0x00, 0x00, 0x00, 0x00,
    0x2e, 0xff, 0x4c, 0xff, 0x60, 0x00, 0x00, 0x00,
    0x00, 0x00, 0x1d, 0xff, 0x70, 0x2e, 0xff, 0x40,
    0x00, 0x00, 0x00, 0x00, 0x05, 0x99, 0x70, 0x00,
    0x49, 0x98, 0x00, 0x00, 0x00, 0x00, 0x00, 0x00,
    0x00, 0x00, 0x00, 0x00, 0x00, 0x00, 0x00, 0x00,
    0x00, 0x00, 0x00, 0x00, 0x00, 0x00, 0x00, 0x00,
    0x00, 0x00, 0xef, 0xff, 0x90, 0x00, 0x00, 0x00,
    0x00, 0x2f, 0xff, 0xf5, 0x05, 0xff, 0xff, 0x20,
    0x00, 0x00, 0x00, 0x0b, 0xff, 0xfc, 0x00, 0x0c,
    0xff, 0xfb, 0x00, 0x00, 0x00, 0x04, 0xff, 0xff,
    0x30, 0x00, 0x2f, 0xff, 0xf4, 0x00, 0x00, 0x00,
    0xcf, 0xff, 0x90, 0x00, 0x00, 0x9f, 0xff, 0xd0,
    0x00, 0x00, 0x5f, 0xff, 0xe1, 0x00, 0x00, 0x00,
    0xef, 0xff, 0x60, 0x00, 0x0e, 0xff, 0xf6, 0x00,
    0x00, 0x00, 0x05, 0xff, 0xfe, 0x00, 0x07, 0xff,
    0xfc, 0x00, 0x00, 0x00, 0x00, 0x0c, 0xff, 0xf8,
    0x01, 0xef, 0xff, 0x30, 0x00, 0x00, 0x00, 0x00,
    0x2f, 0xff, 0xf1, 0x8f, 0xff, 0xa0, 0x00, 0x00,
    0x00, 0x00, 0x00, 0x9f, 0xff, 0x8e, 0xff, 0xf1,
    0x00, 0x00, 0x00, 0x00, 0x00, 0x00, 0xef, 0xff,
    0xff, 0xf7, 0x00, 0x00, 0x00, 0x00, 0x00, 0x00,
    0x05, 0xff, 0xff, 0xfd, 0x00, 0x00, 0x00, 0x00,
    0x00, 0x00, 0x00, 0x0c, 0xff, 0xff, 0x40, 0x00,
    0x00, 0x00, 0x00, 0x00, 0x00, 0x00, 0x4f, 0xff,
    0xc0, 0x00, 0x00, 0x00, 0x00, 0x00, 0x00, 0x00,
    0x03, 0xff, 0xfb, 0x00, 0x00, 0x00, 0x00, 0x00,
    0x00, 0x00, 0x00, 0x3f, 0xff, 0xb0, 0x00, 0x00,
    0x00, 0x00, 0x00, 0x00, 0x00, 0x03, 0xff, 0xfb,
    0x00, 0x00, 0x00, 0x00, 0x00, 0x00, 0x00, 0x00,
    0x3f, 0xff, 0xb0, 0x00, 0x00, 0x00, 0x00, 0x00,
    0x00, 0x00, 0x03, 0xff, 0xfb, 0x00, 0x00, 0x00,
    0x00, 0x00, 0x00, 0x00, 0x00, 0x3f, 0xff, 0xb0,
    0x00, 0x00, 0x00, 0x00, 0x00, 0x00, 0x00, 0x03,
    0xff, 0xfb, 0x00, 0x00, 0x00, 0x00, 0x00, 0x00,
    0x00, 0x00, 0x3f, 0xff, 0xb0, 0x00, 0x00, 0x00,
    0x00,

    /* U+0177 "ŷ" */
    0x00, 0x00, 0x00, 0x3f, 0xff, 0xc0, 0x00, 0x00,
    0x00, 0x00, 0x00, 0x01, 0xef, 0xff, 0xfa, 0x00,
    0x00, 0x00, 0x00, 0x00, 0x1d, 0xff, 0x6b, 0xff,
    0x80, 0x00, 0x00, 0x00, 0x00, 0xcf, 0xf9, 0x01,
    0xdf, 0xf6, 0x00, 0x00, 0x00, 0x04, 0x99, 0x80,
    0x00, 0x29, 0x99, 0x10, 0x00, 0x00, 0x00, 0x00,
    0x00, 0x00, 0x00, 0x00, 0x00, 0x00, 0x00, 0x00,
    0x00, 0x00, 0x00, 0x00, 0x00, 0x00, 0x00, 0x3f,
    0xff, 0xc0, 0x00, 0x00, 0x00, 0x2f, 0xff, 0xe0,
    0x0d, 0xff, 0xf2, 0x00, 0x00, 0x00, 0x7f, 0xff,
    0x80, 0x07, 0xff, 0xf7, 0x00, 0x00, 0x00, 0xdf,
    0xff, 0x20, 0x02, 0xff, 0xfc, 0x00, 0x00, 0x02,
    0xff, 0xfc, 0x00, 0x00, 0xcf, 0xff, 0x20, 0x00,
    0x07, 0xff, 0xf6, 0x00, 0x00, 0x6f, 0xff, 0x70,
    0x00, 0x0d, 0xff, 0xf0, 0x00, 0x00, 0x0f, 0xff,
    0xc0, 0x00, 0x2f, 0xff, 0xa0, 0x00, 0x00, 0x0a,
    0xff, 0xf2, 0x00, 0x8f, 0xff, 0x40, 0x00, 0x00,
    0x04, 0xff, 0xf7, 0x00, 0xdf, 0xfe, 0x00, 0x00,
    0x00, 0x00, 0xef, 0xfc, 0x02, 0xff, 0xf8, 0x00,
    0x00, 0x00, 0x00, 0x8f, 0xff, 0x07, 0xff, 0xf2,
    0x00, 0x00, 0x00, 0x00, 0x2f, 0xff, 0x4c, 0xff,
    0xc0, 0x00, 0x00, 0x00, 0x00, 0x0c, 0xff, 0xaf,
    0xff, 0x60, 0x00, 0x00, 0x00, 0x00, 0x06, 0xff,
    0xff, 0xff, 0x00, 0x00, 0x00, 0x00, 0x00, 0x01,
    0xff, 0xff, 0xfa, 0x00, 0x00, 0x00, 0x00, 0x00,
    0x00, 0xaf, 0xff, 0xf4, 0x00, 0x00, 0x00, 0x00,
    0x00, 0x00, 0x5f, 0xff, 0xe0, 0x00, 0x00, 0x00,
    0x00, 0x00, 0x00, 0x7f, 0xff, 0x80, 0x00, 0x00,
    0x00, 0x00, 0x00, 0x00, 0xcf, 0xff, 0x20, 0x00,
    0x00, 0x00, 0x00, 0x24, 0x39, 0xff, 0xfb, 0x00,
    0x00, 0x00, 0x00, 0x00, 0x8f, 0xff, 0xff, 0xf3,
    0x00, 0x00, 0x00, 0x00, 0x00, 0xdf, 0xff, 0xff,
    0x60, 0x00, 0x00, 0x00, 0x00, 0x00, 0xce, 0xfe,
    0xa3, 0x00, 0x00, 0x00, 0x00, 0x00,

    /* U+0178 "Ÿ" */
    0x00, 0x00, 0x00, 0xaf, 0xa0, 0x00, 0x6e, 0xd3,
    0x00, 0x00, 0x00, 0x00, 0x00, 0x6f, 0xff, 0x60,
    0x0f, 0xff, 0xc0, 0x00, 0x00, 0x00, 0x00, 0x06,
    0xff, 0xf7, 0x01, 0xff, 0xfd, 0x00, 0x00, 0x00,
    0x00, 0x00, 0x0c, 0xfc, 0x10, 0x07, 0xff, 0x40,
    0x00, 0x00, 0x00, 0x00, 0x00, 0x00, 0x00, 0x00,
    0x00, 0x00, 0x00, 0x00, 0x00, 0x00, 0x00, 0x00,
    0x00, 0x00, 0x00, 0x00, 0x00, 0x00, 0x00, 0x00,
    0x00, 0x00, 0x00, 0x00, 0x00, 0x00, 0x00, 0x00,
    0x00, 0x00, 0xef, 0xff, 0x90, 0x00, 0x00, 0x00,
    0x00, 0x2f, 0xff, 0xf5, 0x05, 0xff, 0xff, 0x20,
    0x00, 0x00, 0x00, 0x0b, 0xff, 0xfc, 0x00, 0x0c,
    0xff, 0xfb, 0x00, 0x00, 0x00, 0x04, 0xff, 0xff,
    0x30, 0x00, 0x2f, 0xff, 0xf4, 0x00, 0x00, 0x00,
    0xcf, 0xff, 0x90, 0x00, 0x00, 0x9f, 0xff, 0xd0,
    0x00, 0x00, 0x5f, 0xff, 0xe1, 0x00, 0x00, 0x00,
    0xef, 0xff, 0x60, 0x00, 0x0e, 0xff, 0xf6, 0x00,
    0x00, 0x00, 0x06, 0xff, 0xfe, 0x00, 0x07, 0xff,
    0xfd, 0x00, 0x00, 0x00, 0x00, 0x0c, 0xff, 0xf7,
    0x00, 0xef, 0xff, 0x30, 0x00, 0x00, 0x00, 0x00,
    0x3f, 0xff, 0xf1, 0x7f, 0xff, 0xa0, 0x00, 0x00,
    0x00, 0x00, 0x00, 0x9f, 0xff, 0x8e, 0xff, 0xf1,
    0x00, 0x00, 0x00, 0x00, 0x00, 0x01, 0xef, 0xff,
    0xff, 0xf7, 0x00, 0x00, 0x00, 0x00, 0x00, 0x00,
    0x06, 0xff, 0xff, 0xfd, 0x00, 0x00, 0x00, 0x00,
    0x00, 0x00, 0x00, 0x0c, 0xff, 0xff, 0x40, 0x00,
    0x00, 0x00, 0x00, 0x00, 0x00, 0x00, 0x4f, 0xff,
    0xc0, 0x00, 0x00, 0x00, 0x00, 0x00, 0x00, 0x00,
    0x03, 0xff, 0xfb, 0x00, 0x00, 0x00, 0x00, 0x00,
    0x00, 0x00, 0x00, 0x3f, 0xff, 0xb0, 0x00, 0x00,
    0x00, 0x00, 0x00, 0x00, 0x00, 0x03, 0xff, 0xfb,
    0x00, 0x00, 0x00, 0x00, 0x00, 0x00, 0x00, 0x00,
    0x3f, 0xff, 0xb0, 0x00, 0x00, 0x00, 0x00, 0x00,
    0x00, 0x00, 0x03, 0xff, 0xfb, 0x00, 0x00, 0x00,
    0x00, 0x00, 0x00, 0x00, 0x00, 0x3f, 0xff, 0xb0,
    0x00, 0x00, 0x00, 0x00, 0x00, 0x00, 0x00, 0x03,
    0xff, 0xfb, 0x00, 0x00, 0x00, 0x00, 0x00, 0x00,
    0x00, 0x00, 0x3f, 0xff, 0xb0, 0x00, 0x00, 0x00,
    0x00,

    /* U+0179 "Ź" */
    0x00, 0x00, 0x00, 0x00, 0x0d, 0xff, 0xc0, 0x00,
    0x00, 0x00, 0x00, 0x00, 0x04, 0xff, 0xf2, 0x00,
    0x00, 0x00, 0x00, 0x00, 0x00, 0xbf, 0xf7, 0x00,
    0x00, 0x00, 0x00, 0x00, 0x00, 0x2f, 0xfd, 0x00,
    0x00, 0x00, 0x00, 0x00, 0x00, 0x04, 0x99, 0x30,
    0x00, 0x00, 0x00, 0x00, 0x00, 0x00, 0x00, 0x00,
    0x00, 0x00, 0x00, 0x00, 0x00, 0x00, 0x00, 0x00,
    0x00, 0x00, 0x00, 0x04, 0xff, 0xff, 0xff, 0xff,
    0xff, 0xff, 0xff, 0xfd, 0x4f, 0xff, 0xff, 0xff,
    0xff, 0xff, 0xff, 0xff, 0xd4, 0xff, 0xff, 0xff,
    0xff, 0xff, 0xff, 0xff, 0xfb, 0x15, 0x55, 0x55,
    0x55, 0x55, 0x56, 0xff, 0xff, 0x20, 0x00, 0x00,
    0x00, 0x00, 0x00, 0xbf, 0xff, 0x60, 0x00, 0x00,
    0x00, 0x00, 0x00, 0x8f, 0xff, 0xb0, 0x00, 0x00,
    0x00, 0x00, 0x00, 0x4f, 0xff, 0xf1, 0x00, 0x00,
    0x00, 0x00, 0x00, 0x0e, 0xff, 0xf5, 0x00, 0x00,
    0x00, 0x00, 0x00, 0x0a, 0xff, 0xfa, 0x00, 0x00,
    0x00, 0x00, 0x00, 0x05, 0xff, 0xfe, 0x10, 0x00,
    0x00, 0x00, 0x00, 0x01, 0xef, 0xff, 0x40, 0x00,
    0x00, 0x00, 0x00, 0x00, 0xbf, 0xff, 0x90, 0x00,
    0x00, 0x00, 0x00, 0x00, 0x6f, 0xff, 0xd0, 0x00,
    0x00, 0x00, 0x00, 0x00, 0x2f, 0xff, 0xf3, 0x00,
    0x00, 0x00, 0x00, 0x00, 0x0c, 0xff, 0xf8, 0x00,
    0x00, 0x00, 0x00, 0x00, 0x07, 0xff, 0xfc, 0x00,
    0x00, 0x00, 0x00, 0x00, 0x02, 0xff, 0xfe, 0x20,
    0x00, 0x00, 0x00, 0x00, 0x00, 0xdf, 0xff, 0x50,
    0x00, 0x00, 0x00, 0x00, 0x00, 0x8f, 0xff, 0xc5,
    0x55, 0x55, 0x55, 0x55, 0x54, 0x2f, 0xff, 0xff,
    0xff, 0xff, 0xff, 0xff, 0xff, 0xe3, 0xff, 0xff,
    0xff, 0xff, 0xff, 0xff, 0xff, 0xfe, 0x3f, 0xff,
    0xff, 0xff, 0xff, 0xff, 0xff, 0xff, 0xe0,

    /* U+017A "ź" */
    0x00, 0x00, 0x00, 0x01, 0x99, 0x94, 0x00, 0x00,
    0x00, 0x00, 0x00, 0x7f, 0xfe, 0x10, 0x00, 0x00,
    0x00, 0x00, 0x0e, 0xff, 0x50, 0x00, 0x00, 0x00,
    0x00, 0x06, 0xff, 0xb0, 0x00, 0x00, 0x00, 0x00,
    0x00, 0xdf, 0xf1, 0x00, 0x00, 0x00, 0x00, 0x00,
    0x00, 0x00, 0x00, 0x00, 0x00, 0x00, 0x00, 0x00,
    0x00, 0x00, 0x00, 0x00, 0x00, 0xff, 0xff, 0xff,
    0xff, 0xff, 0xff, 0xe0, 0x0f, 0xff, 0xff, 0xff,
    0xff, 0xff, 0xfe, 0x00, 0xff, 0xff, 0xff, 0xff,
    0xff, 0xff, 0xe0, 0x05, 0x55, 0x55, 0x55, 0x6f,
    0xff, 0xf5, 0x00, 0x00, 0x00, 0x00, 0x0a, 0xff,
    0xf9, 0x00, 0x00, 0x00, 0x00, 0x06, 0xff, 0xfd,
    0x00, 0x00, 0x00, 0x00, 0x03, 0xff, 0xff, 0x20,
    0x00, 0x00, 0x00, 0x00, 0xdf, 0xff, 0x60, 0x00,
    0x00, 0x00, 0x00, 0xaf, 0xff, 0xa0, 0x00, 0x00,
    0x00, 0x00, 0x6f, 0xff, 0xd0, 0x00, 0x00, 0x00,
    0x00, 0x3f, 0xff, 0xf3, 0x00, 0x00, 0x00, 0x00,
    0x1d, 0xff, 0xf7, 0x00, 0x00, 0x00, 0x00, 0x0b,
    0xff, 0xfb, 0x00, 0x00, 0x00, 0x00, 0x07, 0xff,
    0xff, 0x65, 0x55, 0x55, 0x55, 0x02, 0xff, 0xff,
    0xff, 0xff, 0xff, 0xff, 0xf3, 0x3f, 0xff, 0xff,
    0xff, 0xff, 0xff, 0xff, 0x33, 0xff, 0xff, 0xff,
    0xff, 0xff, 0xff, 0xf3,

    /* U+017B "Ż" */
    0x00, 0x00, 0x00, 0x08, 0xed, 0x30, 0x00, 0x00,
    0x00, 0x00, 0x00, 0x03, 0xff, 0xfe, 0x00, 0x00,
    0x00, 0x00, 0x00, 0x00, 0x5f, 0xff, 0xf0, 0x00,
    0x00, 0x00, 0x00, 0x00, 0x00, 0xcf, 0xf7, 0x00,
    0x00, 0x00, 0x00, 0x00, 0x00, 0x00, 0x32, 0x00,
    0x00, 0x00, 0x00, 0x00, 0x00, 0x00, 0x00, 0x00,
    0x00, 0x00, 0x00, 0x00, 0x00, 0x00, 0x00, 0x00,
    0x00, 0x00, 0x00, 0x04, 0xff, 0xff, 0xff, 0xff,
    0xff, 0xff, 0xff, 0xfd, 0x4f, 0xff, 0xff, 0xff,
    0xff, 0xff, 0xff, 0xff, 0xd4, 0xff, 0xff, 0xff,
    0xff, 0xff, 0xff, 0xff, 0xfb, 0x15, 0x55, 0x55,
    0x55, 0x55, 0x56, 0xff, 0xff, 0x20, 0x00, 0x00,
    0x00, 0x00, 0x00, 0xbf, 0xff, 0x60, 0x00, 0x00,
    0x00, 0x00, 0x00, 0x8f, 0xff, 0xb0, 0x00, 0x00,
    0x00, 0x00, 0x00, 0x4f, 0xff, 0xf1, 0x00, 0x00,
    0x00, 0x00, 0x00, 0x0e, 0xff, 0xf5, 0x00, 0x00,
    0x00, 0x00, 0x00, 0x0a, 0xff, 0xfa, 0x00, 0x00,
    0x00, 0x00, 0x00, 0x05, 0xff, 0xfe, 0x10, 0x00,
    0x00, 0x00, 0x00, 0x01, 0xef, 0xff, 0x40, 0x00,
    0x00, 0x00, 0x00, 0x00, 0xbf, 0xff, 0x90, 0x00,
    0x00, 0x00, 0x00, 0x00, 0x6f, 0xff, 0xd0, 0x00,
    0x00, 0x00, 0x00, 0x00, 0x2f, 0xff, 0xf3, 0x00,
    0x00, 0x00, 0x00, 0x00, 0x0c, 0xff, 0xf8, 0x00,
    0x00, 0x00, 0x00, 0x00, 0x07, 0xff, 0xfc, 0x00,
    0x00, 0x00, 0x00, 0x00, 0x02, 0xff, 0xfe, 0x20,
    0x00, 0x00, 0x00, 0x00, 0x00, 0xdf, 0xff, 0x50,
    0x00, 0x00, 0x00, 0x00, 0x00, 0x8f, 0xff, 0xc5,
    0x55, 0x55, 0x55, 0x55, 0x54, 0x2f, 0xff, 0xff,
    0xff, 0xff, 0xff, 0xff, 0xff, 0xe3, 0xff, 0xff,
    0xff, 0xff, 0xff, 0xff, 0xff, 0xfe, 0x3f, 0xff,
    0xff, 0xff, 0xff, 0xff, 0xff, 0xff, 0xe0,

    /* U+017C "ż" */
    0x00, 0x00, 0x00, 0x13, 0x00, 0x00, 0x00, 0x00,
    0x00, 0x00, 0x4f, 0xfe, 0x20, 0x00, 0x00, 0x00,
    0x00, 0x0b, 0xff, 0xf8, 0x00, 0x00, 0x00, 0x00,
    0x00, 0xaf, 0xff, 0x70, 0x00, 0x00, 0x00, 0x00,
    0x01, 0xcf, 0xa0, 0x00, 0x00, 0x00, 0x00, 0x00,
    0x00, 0x00, 0x00, 0x00, 0x00, 0x00, 0x00, 0x00,
    0x00, 0x00, 0x00, 0x00, 0x00, 0xff, 0xff, 0xff,
    0xff, 0xff, 0xff, 0xe0, 0x0f, 0xff, 0xff, 0xff,
    0xff, 0xff, 0xfe, 0x00, 0xff, 0xff, 0xff, 0xff,
    0xff, 0xff, 0xe0, 0x05, 0x55, 0x55, 0x55, 0x6f,
    0xff, 0xf5, 0x00, 0x00, 0x00, 0x00, 0x0a, 0xff,
    0xf9, 0x00, 0x00, 0x00, 0x00, 0x06, 0xff, 0xfd,
    0x00, 0x00, 0x00, 0x00, 0x03, 0xff, 0xff, 0x20,
    0x00, 0x00, 0x00, 0x00, 0xdf, 0xff, 0x60, 0x00,
    0x00, 0x00, 0x00, 0xaf, 0xff, 0xa0, 0x00, 0x00,
    0x00, 0x00, 0x6f, 0xff, 0xd0, 0x00, 0x00, 0x00,
    0x00, 0x3f, 0xff, 0xf3, 0x00, 0x00, 0x00, 0x00,
    0x1d, 0xff, 0xf7, 0x00, 0x00, 0x00, 0x00, 0x0b,
    0xff, 0xfb, 0x00, 0x00, 0x00, 0x00, 0x07, 0xff,
    0xff, 0x65, 0x55, 0x55, 0x55, 0x02, 0xff, 0xff,
    0xff, 0xff, 0xff, 0xff, 0xf3, 0x3f, 0xff, 0xff,
    0xff, 0xff, 0xff, 0xff, 0x33, 0xff, 0xff, 0xff,
    0xff, 0xff, 0xff, 0xf3,

    /* U+017D "Ž" */
    0x00, 0x04, 0xff, 0xf2, 0x00, 0x8f, 0xfe, 0x10,
    0x00, 0x00, 0x05, 0xff, 0xd0, 0x4f, 0xfe, 0x20,
    0x00, 0x00, 0x00, 0x07, 0xff, 0xbf, 0xff, 0x30,
    0x00, 0x00, 0x00, 0x00, 0x09, 0xff, 0xff, 0x40,
    0x00, 0x00, 0x00, 0x00, 0x00, 0x07, 0x88, 0x40,
    0x00, 0x00, 0x00, 0x00, 0x00, 0x00, 0x00, 0x00,
    0x00, 0x00, 0x00, 0x00, 0x00, 0x00, 0x00, 0x00,
    0x00, 0x00, 0x00, 0x04, 0xff, 0xff, 0xff, 0xff,
    0xff, 0xff, 0xff, 0xfd, 0x4f, 0xff, 0xff, 0xff,
    0xff, 0xff, 0xff, 0xff, 0xd4, 0xff, 0xff, 0xff,
    0xff, 0xff, 0xff, 0xff, 0xfb, 0x15, 0x55, 0x55,
    0x55, 0x55, 0x56, 0xff, 0xff, 0x20, 0x00, 0x00,
    0x00, 0x00, 0x00, 0xbf, 0xff, 0x60, 0x00, 0x00,
    0x00, 0x00, 0x00, 0x8f, 0xff, 0xb0, 0x00, 0x00,
    0x00, 0x00, 0x00, 0x4f, 0xff, 0xf1, 0x00, 0x00,
    0x00, 0x00, 0x00, 0x0e, 0xff, 0xf5, 0x00, 0x00,
    0x00, 0x00, 0x00, 0x0a, 0xff, 0xfa, 0x00, 0x00,
    0x00, 0x00, 0x00, 0x05, 0xff, 0xfe, 0x10, 0x00,
    0x00, 0x00, 0x00, 0x01, 0xef, 0xff, 0x40, 0x00,
    0x00, 0x00, 0x00, 0x00, 0xbf, 0xff, 0x90, 0x00,
    0x00, 0x00, 0x00, 0x00, 0x6f, 0xff, 0xd0, 0x00,
    0x00, 0x00, 0x00, 0x00, 0x2f, 0xff, 0xf3, 0x00,
    0x00, 0x00, 0x00, 0x00, 0x0c, 0xff, 0xf8, 0x00,
    0x00, 0x00, 0x00, 0x00, 0x07, 0xff, 0xfc, 0x00,
    0x00, 0x00, 0x00, 0x00, 0x02, 0xff, 0xfe, 0x20,
    0x00, 0x00, 0x00, 0x00, 0x00, 0xdf, 0xff, 0x50,
    0x00, 0x00, 0x00, 0x00, 0x00, 0x8f, 0xff, 0xc5,
    0x55, 0x55, 0x55, 0x55, 0x54, 0x2f, 0xff, 0xff,
    0xff, 0xff, 0xff, 0xff, 0xff, 0xe3, 0xff, 0xff,
    0xff, 0xff, 0xff, 0xff, 0xff, 0xfe, 0x3f, 0xff,
    0xff, 0xff, 0xff, 0xff, 0xff, 0xff, 0xe0,

    /* U+017E "ž" */
    0x00, 0x78, 0x83, 0x00, 0x05, 0x88, 0x60, 0x00,
    0x04, 0xff, 0xf2, 0x05, 0xff, 0xe2, 0x00, 0x00,
    0x05, 0xff, 0xd3, 0xff, 0xf3, 0x00, 0x00, 0x00,
    0x07, 0xff, 0xff, 0xf4, 0x00, 0x00, 0x00, 0x00,
    0x09, 0xff, 0xf6, 0x00, 0x00, 0x00, 0x00, 0x00,
    0x00, 0x00, 0x00, 0x00, 0x00, 0x00, 0x00, 0x00,
    0x00, 0x00, 0x00, 0x00, 0x00, 0xff, 0xff, 0xff,
    0xff, 0xff, 0xff, 0xe0, 0x0f, 0xff, 0xff, 0xff,
    0xff, 0xff, 0xfe, 0x00, 0xff, 0xff, 0xff, 0xff,
    0xff, 0xff, 0xe0, 0x05, 0x55, 0x55, 0x55, 0x6f,
    0xff, 0xf5, 0x00, 0x00, 0x00, 0x00, 0x0a, 0xff,
    0xf9, 0x00, 0x00, 0x00, 0x00, 0x06, 0xff, 0xfd,
    0x00, 0x00, 0x00, 0x00, 0x03, 0xff, 0xff, 0x20,
    0x00, 0x00, 0x00, 0x00, 0xdf, 0xff, 0x60, 0x00,
    0x00, 0x00, 0x00, 0xaf, 0xff, 0xa0, 0x00, 0x00,
    0x00, 0x00, 0x6f, 0xff, 0xd0, 0x00, 0x00, 0x00,
    0x00, 0x3f, 0xff, 0xf3, 0x00, 0x00, 0x00, 0x00,
    0x1d, 0xff, 0xf7, 0x00, 0x00, 0x00, 0x00, 0x0b,
    0xff, 0xfb, 0x00, 0x00, 0x00, 0x00, 0x07, 0xff,
    0xff, 0x65, 0x55, 0x55, 0x55, 0x02, 0xff, 0xff,
    0xff, 0xff, 0xff, 0xff, 0xf3, 0x3f, 0xff, 0xff,
    0xff, 0xff, 0xff, 0xff, 0x33, 0xff, 0xff, 0xff,
    0xff, 0xff, 0xff, 0xf3,

    /* U+017F "ſ" */
    0x00, 0x00, 0x33, 0x20, 0x00, 0x1a, 0xff, 0xff,
    0xe0, 0x1d, 0xff, 0xff, 0xfb, 0x08, 0xff, 0xff,
    0xff, 0x70, 0xdf, 0xff, 0x60, 0x10, 0x0f, 0xff,
    0xe0, 0x00, 0x00, 0xff, 0xfd, 0x00, 0x00, 0x0f,
    0xff, 0xd0, 0x00, 0x00, 0xff, 0xfd, 0x00, 0x00,
    0x0f, 0xff, 0xd0, 0x00, 0x00, 0xff, 0xfd, 0x00,
    0x00, 0x0f, 0xff, 0xd0, 0x00, 0x00, 0xff, 0xfd,
    0x00, 0x00, 0x0f, 0xff, 0xd0, 0x00, 0x00, 0xff,
    0xfd, 0x00, 0x00, 0x0f, 0xff, 0xd0, 0x00, 0x00,
    0xff, 0xfd, 0x00, 0x00, 0x0f, 0xff, 0xd0, 0x00,
    0x00, 0xff, 0xfd, 0x00, 0x00, 0x0f, 0xff, 0xd0,
    0x00, 0x00, 0xff, 0xfd, 0x00, 0x00, 0x0f, 0xff,
    0xd0, 0x00, 0x00, 0xff, 0xfd, 0x00, 0x00, 0x0f,
    0xff, 0xd0, 0x00, 0x00,

    /* U+2000 " " */

    /* U+2001 " " */

    /* U+2002 " " */

    /* U+2003 " " */

    /* U+2004 " " */

    /* U+2005 " " */

    /* U+2006 " " */

    /* U+2007 " " */

    /* U+2008 " " */

    /* U+2009 " " */

    /* U+200A " " */

    /* U+200B "​" */

    /* U+2010 "‐" */
    0x13, 0x33, 0x33, 0x33, 0x33, 0x16, 0xff, 0xff,
    0xff, 0xff, 0xf6, 0x6f, 0xff, 0xff, 0xff, 0xff,
    0x66, 0xff, 0xff, 0xff, 0xff, 0xf6,

    /* U+2011 "‑" */
    0x13, 0x33, 0x33, 0x33, 0x33, 0x16, 0xff, 0xff,
    0xff, 0xff, 0xf6, 0x6f, 0xff, 0xff, 0xff, 0xff,
    0x66, 0xff, 0xff, 0xff, 0xff, 0xf6,

    /* U+2012 "‒" */
    0x33, 0x33, 0x33, 0x33, 0x33, 0x33, 0x33, 0x33,
    0x30, 0xdf, 0xff, 0xff, 0xff, 0xff, 0xff, 0xff,
    0xff, 0xf3, 0xdf, 0xff, 0xff, 0xff, 0xff, 0xff,
    0xff, 0xff, 0xf3, 0xdf, 0xff, 0xff, 0xff, 0xff,
    0xff, 0xff, 0xff, 0xf3,

    /* U+2013 "–" */
    0x33, 0x33, 0x33, 0x33, 0x33, 0x33, 0x33, 0x3f,
    0xff, 0xff, 0xff, 0xff, 0xff, 0xff, 0xff, 0xff,
    0xff, 0xff, 0xff, 0xff, 0xff, 0xff, 0xff, 0xff,
    0xff, 0xff, 0xff, 0xff, 0xff, 0xff,

    /* U+2014 "—" */
    0x33, 0x33, 0x33, 0x33, 0x33, 0x33, 0x33, 0x33,
    0x33, 0x33, 0x33, 0x33, 0x33, 0x33, 0x33, 0xff,
    0xff, 0xff, 0xff, 0xff, 0xff, 0xff, 0xff, 0xff,
    0xff, 0xff, 0xff, 0xff, 0xff, 0xff, 0xff, 0xff,
    0xff, 0xff, 0xff, 0xff, 0xff, 0xff, 0xff, 0xff,
    0xff, 0xff, 0xff, 0xff, 0xff, 0xff, 0xff, 0xff,
    0xff, 0xff, 0xff, 0xff, 0xff, 0xff, 0xff, 0xff,
    0xff, 0xff, 0xff, 0xff,

    /* U+2015 "―" */
    0x33, 0x33, 0x33, 0x33, 0x33, 0x33, 0x33, 0x33,
    0x33, 0x33, 0x33, 0x33, 0x33, 0x33, 0x33, 0xff,
    0xff, 0xff, 0xff, 0xff, 0xff, 0xff, 0xff, 0xff,
    0xff, 0xff, 0xff, 0xff, 0xff, 0xff, 0xff, 0xff,
    0xff, 0xff, 0xff, 0xff, 0xff, 0xff, 0xff, 0xff,
    0xff, 0xff, 0xff, 0xff, 0xff, 0xff, 0xff, 0xff,
    0xff, 0xff, 0xff, 0xff, 0xff, 0xff, 0xff, 0xff,
    0xff, 0xff, 0xff, 0xff,

    /* U+2016 "‖" */
    0x6f, 0xff, 0x21, 0xff, 0xf7, 0x6f, 0xff, 0x21,
    0xff, 0xf7, 0x6f, 0xff, 0x21, 0xff, 0xf7, 0x6f,
    0xff, 0x21, 0xff, 0xf7, 0x6f, 0xff, 0x21, 0xff,
    0xf7, 0x6f, 0xff, 0x21, 0xff, 0xf7, 0x6f, 0xff,
    0x21, 0xff, 0xf7, 0x6f, 0xff, 0x21, 0xff, 0xf7,
    0x6f, 0xff, 0x21, 0xff, 0xf7, 0x6f, 0xff, 0x21,
    0xff, 0xf7, 0x6f, 0xff, 0x21, 0xff, 0xf7, 0x6f,
    0xff, 0x21, 0xff, 0xf7, 0x6f, 0xff, 0x21, 0xff,
    0xf7, 0x6f, 0xff, 0x21, 0xff, 0xf7, 0x6f, 0xff,
    0x21, 0xff, 0xf7, 0x6f, 0xff, 0x21, 0xff, 0xf7,
    0x6f, 0xff, 0x21, 0xff, 0xf7, 0x6f, 0xff, 0x21,
    0xff, 0xf7, 0x6f, 0xff, 0x21, 0xff, 0xf7, 0x6f,
    0xff, 0x21, 0xff, 0xf7, 0x6f, 0xff, 0x21, 0xff,
    0xf7, 0x6f, 0xff, 0x21, 0xff, 0xf7, 0x6f, 0xff,
    0x21, 0xff, 0xf7, 0x6f, 0xff, 0x21, 0xff, 0xf7,
    0x6f, 0xff, 0x21, 0xff, 0xf7, 0x6f, 0xff, 0x21,
    0xff, 0xf7, 0x6f, 0xff, 0x21, 0xff, 0xf7, 0x6f,
    0xff, 0x21, 0xff, 0xf7, 0x6f, 0xff, 0x21, 0xff,
    0xf7, 0x6f, 0xff, 0x21, 0xff, 0xf7, 0x6f, 0xff,
    0x21, 0xff, 0xf7, 0x6f, 0xff, 0x21, 0xff, 0xf7,
    0x6f, 0xff, 0x21, 0xff, 0xf7, 0x6f, 0xff, 0x21,
    0xff, 0xf7, 0x6f, 0xff, 0x21, 0xff, 0xf7, 0x6f,
    0xff, 0x21, 0xff, 0xf7, 0x6f, 0xff, 0x21, 0xff,
    0xf7,

    /* U+2017 "‗" */
    0x45, 0x55, 0x55, 0x55, 0x55, 0x55, 0x54, 0xdf,
    0xff, 0xff, 0xff, 0xff, 0xff, 0xfe, 0xdf, 0xff,
    0xff, 0xff, 0xff, 0xff, 0xfe, 0x00, 0x00, 0x00,
    0x00, 0x00, 0x00, 0x00, 0x44, 0x44, 0x44, 0x44,
    0x44, 0x44, 0x44, 0xdf, 0xff, 0xff, 0xff, 0xff,
    0xff, 0xfe, 0xdf, 0xff, 0xff, 0xff, 0xff, 0xff,
    0xfe,

    /* U+2018 "‘" */
    0x00, 0x3f, 0xf8, 0x00, 0x7f, 0xf6, 0x00, 0xcf,
    0xf4, 0x00, 0xff, 0xf1, 0x05, 0xff, 0xf0, 0x09,
    0xff, 0xd0, 0x0e, 0xff, 0xb0, 0x2f, 0xff, 0x80,
    0x7f, 0xff, 0x60, 0x00, 0x00, 0x00,

    /* U+2019 "’" */
    0x00, 0x00, 0x00, 0x06, 0xff, 0xf7, 0x08, 0xff,
    0xf2, 0x0a, 0xff, 0xe0, 0x0d, 0xff, 0x90, 0x0f,
    0xff, 0x50, 0x1f, 0xff, 0x10, 0x3f, 0xfc, 0x00,
    0x6f, 0xf7, 0x00, 0x8f, 0xf3, 0x00,

    /* U+201A "‚" */
    0x00, 0x01, 0x10, 0x00, 0xff, 0xfc, 0x02, 0xff,
    0xf8, 0x05, 0xff, 0xf3, 0x07, 0xff, 0xf0, 0x09,
    0xff, 0xa0, 0x0b, 0xff, 0x60, 0x0e, 0xff, 0x10,
    0x0f, 0xfd, 0x00, 0x2f, 0xf8, 0x00,

    /* U+201B "‛" */
    0xaf, 0xff, 0x30, 0x5f, 0xff, 0x50, 0x1f, 0xff,
    0x70, 0x0c, 0xff, 0xa0, 0x08, 0xff, 0xc0, 0x03,
    0xff, 0xe0, 0x00, 0xff, 0xf0, 0x00, 0xaf, 0xf3,
    0x00, 0x6f, 0xf5, 0x00, 0x00, 0x00,

    /* U+201C "“" */
    0x00, 0x3f, 0xf8, 0x00, 0x0c, 0xfe, 0x00, 0x7f,
    0xf6, 0x00, 0x1f, 0xfc, 0x00, 0xcf, 0xf4, 0x00,
    0x5f, 0xfa, 0x00, 0xff, 0xf1, 0x00, 0xaf, 0xf8,
    0x05, 0xff, 0xf0, 0x00, 0xef, 0xf5, 0x09, 0xff,
    0xd0, 0x03, 0xff, 0xf3, 0x0e, 0xff, 0xb0, 0x07,
    0xff, 0xf1, 0x2f, 0xff, 0x80, 0x0c, 0xff, 0xe0,
    0x7f, 0xff, 0x60, 0x1f, 0xff, 0xc0, 0x00, 0x00,
    0x00, 0x00, 0x00, 0x00,

    /* U+201D "”" */
    0x00, 0x00, 0x00, 0x00, 0x00, 0x00, 0x06, 0xff,
    0xf7, 0x02, 0xff, 0xfb, 0x08, 0xff, 0xf2, 0x04,
    0xff, 0xf6, 0x0a, 0xff, 0xe0, 0x07, 0xff, 0xf2,
    0x0d, 0xff, 0x90, 0x09, 0xff, 0xd0, 0x0f, 0xff,
    0x50, 0x0b, 0xff, 0x90, 0x1f, 0xff, 0x10, 0x0e,
    0xff, 0x40, 0x3f, 0xfc, 0x00, 0x0f, 0xff, 0x00,
    0x6f, 0xf7, 0x00, 0x2f, 0xfb, 0x00, 0x8f, 0xf3,
    0x00, 0x4f, 0xf7, 0x00,

    /* U+201E "„" */
    0x00, 0x01, 0x10, 0x00, 0x01, 0x11, 0x00, 0x0f,
    0xff, 0xc0, 0x0d, 0xff, 0xf0, 0x02, 0xff, 0xf8,
    0x00, 0xff, 0xfc, 0x00, 0x5f, 0xff, 0x30, 0x1f,
    0xff, 0x70, 0x07, 0xff, 0xf0, 0x03, 0xff, 0xf3,
    0x00, 0x9f, 0xfa, 0x00, 0x6f, 0xfe, 0x00, 0x0b,
    0xff, 0x60, 0x08, 0xff, 0xa0, 0x00, 0xef, 0xf1,
    0x00, 0xaf, 0xf5, 0x00, 0x0f, 0xfd, 0x00, 0x0c,
    0xff, 0x10, 0x02, 0xff, 0x80, 0x00, 0xff, 0xc0,
    0x00,

    /* U+201F "‟" */
    0xaf, 0xff, 0x30, 0x7f, 0xff, 0x60, 0x5f, 0xff,
    0x50, 0x2f, 0xff, 0x90, 0x1f, 0xff, 0x70, 0x0d,
    0xff, 0xb0, 0x0c, 0xff, 0xa0, 0x09, 0xff, 0xd0,
    0x08, 0xff, 0xc0, 0x04, 0xff, 0xf0, 0x03, 0xff,
    0xe0, 0x00, 0xff, 0xf2, 0x00, 0xff, 0xf0, 0x00,
    0xbf, 0xf4, 0x00, 0xaf, 0xf3, 0x00, 0x7f, 0xf6,
    0x00, 0x6f, 0xf5, 0x00, 0x2f, 0xf9, 0x00, 0x00,
    0x00, 0x00, 0x00, 0x00,

    /* U+2020 "†" */
    0x00, 0x00, 0x7f, 0xff, 0x00, 0x00, 0x00, 0x00,
    0x07, 0xff, 0xf0, 0x00, 0x00, 0x00, 0x00, 0x7f,
    0xff, 0x00, 0x00, 0x00, 0x00, 0x07, 0xff, 0xf0,
    0x00, 0x00, 0xce, 0xee, 0xff, 0xff, 0xee, 0xee,
    0x6e, 0xff, 0xff, 0xff, 0xff, 0xff, 0xf7, 0xef,
    0xff, 0xff, 0xff, 0xff, 0xff, 0x70, 0x00, 0x07,
    0xff, 0xf0, 0x00, 0x00, 0x00, 0x00, 0x7f, 0xff,
    0x00, 0x00, 0x00, 0x00, 0x07, 0xff, 0xf0, 0x00,
    0x00, 0x00, 0x00, 0x7f, 0xff, 0x00, 0x00, 0x00,
    0x00, 0x05, 0xff, 0xe0, 0x00, 0x00, 0x00, 0x00,
    0x4f, 0xfc, 0x00, 0x00, 0x00, 0x00, 0x02, 0xff,
    0xb0, 0x00, 0x00, 0x00, 0x00, 0x0f, 0xf9, 0x00,
    0x00, 0x00, 0x00, 0x00, 0xff, 0x70, 0x00, 0x00,
    0x00, 0x00, 0x06, 0x83, 0x00, 0x00, 0x00,

    /* U+2021 "‡" */
    0x00, 0x00, 0x7f, 0xff, 0x00, 0x00, 0x00, 0x00,
    0x07, 0xff, 0xf0, 0x00, 0x00, 0x00, 0x00, 0x7f,
    0xff, 0x00, 0x00, 0x00, 0x00, 0x07, 0xff, 0xf0,
    0x00, 0x00, 0xef, 0xff, 0xff, 0xff, 0xff, 0xff,
    0x7e, 0xff, 0xff, 0xff, 0xff, 0xff, 0xf7, 0xcd,
    0xdd, 0xff, 0xff, 0xed, 0xdd, 0x60, 0x00, 0x07,
    0xff, 0xf0, 0x00, 0x00, 0x00, 0x00, 0x7f, 0xff,
    0x00, 0x00, 0x00, 0x00, 0x07, 0xff, 0xf0, 0x00,
    0x00, 0x00, 0x00, 0x7f, 0xff, 0x00, 0x00, 0x0e,
    0xff, 0xff, 0xff, 0xff, 0xff, 0xf7, 0xef, 0xff,
    0xff, 0xff, 0xff, 0xff, 0x7c, 0xdd, 0xdf, 0xff,
    0xfe, 0xdd, 0xd6, 0x00, 0x00, 0x7f, 0xff, 0x00,
    0x00, 0x00, 0x00, 0x07, 0xff, 0xf0, 0x00, 0x00,
    0x00, 0x00, 0x6f, 0xff, 0x00, 0x00, 0x00, 0x00,
    0x05, 0xff, 0xe0, 0x00, 0x00, 0x00, 0x00, 0x3f,
    0xfc, 0x00, 0x00, 0x00, 0x00, 0x01, 0xff, 0xa0,
    0x00, 0x00, 0x00, 0x00, 0x0f, 0xf8, 0x00, 0x00,
    0x00, 0x00, 0x00, 0xef, 0x70, 0x00, 0x00,

    /* U+2022 "•" */
    0x00, 0x01, 0x79, 0x72, 0x00, 0x00, 0x06, 0xff,
    0xff, 0xf8, 0x00, 0x04, 0xff, 0xff, 0xff, 0xf6,
    0x00, 0xcf, 0xff, 0xff, 0xff, 0xe0, 0x0f, 0xff,
    0xff, 0xff, 0xff, 0x21, 0xff, 0xff, 0xff, 0xff,
    0xf3, 0x0e, 0xff, 0xff, 0xff, 0xff, 0x10, 0x8f,
    0xff, 0xff, 0xff, 0xa0, 0x00, 0xcf, 0xff, 0xff,
    0xd1, 0x00, 0x00, 0x7d, 0xfd, 0x80, 0x00,

    /* U+2023 "‣" */
    0x71, 0x00, 0x00, 0x00, 0x0d, 0xe5, 0x00, 0x00,
    0x00, 0xdf, 0xfb, 0x20, 0x00, 0x0d, 0xff, 0xff,
    0x70, 0x00, 0xdf, 0xff, 0xff, 0xd4, 0x0d, 0xff,
    0xff, 0xff, 0x60, 0xdf, 0xff, 0xfa, 0x10, 0x0d,
    0xff, 0xd4, 0x00, 0x00, 0xdf, 0x80, 0x00, 0x00,
    0x09, 0x20, 0x00, 0x00, 0x00,

    /* U+2024 "․" */
    0x05, 0xb9, 0x10, 0x4f, 0xff, 0xd0, 0x8f, 0xff,
    0xf1, 0x5f, 0xff, 0xe0, 0x09, 0xfd, 0x30,

    /* U+2025 "‥" */
    0x05, 0xb9, 0x10, 0x00, 0x00, 0x19, 0xb6, 0x04,
    0xff, 0xfd, 0x00, 0x00, 0x0b, 0xff, 0xf6, 0x8f,
    0xff, 0xf1, 0x00, 0x00, 0xff, 0xff, 0xa5, 0xff,
    0xfe, 0x00, 0x00, 0x0c, 0xff, 0xf7, 0x09, 0xfd,
    0x30, 0x00, 0x00, 0x2c, 0xfa, 0x00,

    /* U+2026 "…" */
    0x05, 0xb9, 0x10, 0x00, 0x00, 0x19, 0xb6, 0x00,
    0x00, 0x00, 0x4b, 0xa2, 0x04, 0xff, 0xfd, 0x00,
    0x00, 0x0b, 0xff, 0xf6, 0x00, 0x00, 0x2f, 0xff,
    0xe0, 0x8f, 0xff, 0xf1, 0x00, 0x00, 0xff, 0xff,
    0xa0, 0x00, 0x06, 0xff, 0xff, 0x35, 0xff, 0xfe,
    0x00, 0x00, 0x0c, 0xff, 0xf7, 0x00, 0x00, 0x3f,
    0xff, 0xf1, 0x09, 0xfd, 0x30, 0x00, 0x00, 0x2c,
    0xfa, 0x00, 0x00, 0x00, 0x7e, 0xe5, 0x00,

    /* U+2027 "‧" */
    0x05, 0xba, 0x10, 0x4f, 0xff, 0xd0, 0x8f, 0xff,
    0xf1, 0x5f, 0xff, 0xe0, 0x09, 0xfd, 0x30,

    /* U+202F " " */

    /* U+2030 "‰" */
    0x00, 0x19, 0xef, 0xea, 0x20, 0x00, 0x00, 0x00,
    0x00, 0x4f, 0xf9, 0x00, 0x00, 0x00, 0x00, 0x00,
    0x00, 0x00, 0x00, 0x1e, 0xff, 0xff, 0xff, 0x20,
    0x00, 0x00, 0x00, 0x1e, 0xfd, 0x00, 0x00, 0x00,
    0x00, 0x00, 0x00, 0x00, 0x00, 0x0a, 0xff, 0xc8,
    0xbf, 0xfc, 0x00, 0x00, 0x00, 0x0a, 0xff, 0x30,
    0x00, 0x00, 0x00, 0x00, 0x00, 0x00, 0x00, 0x00,
    0xff, 0xe0, 0x00, 0xdf, 0xf0, 0x00, 0x00, 0x05,
    0xff, 0x80, 0x00, 0x00, 0x00, 0x00, 0x00, 0x00,
    0x00, 0x00, 0x0f, 0xfb, 0x00, 0x0a, 0xff, 0x10,
    0x00, 0x01, 0xef, 0xd0, 0x00, 0x00, 0x00, 0x00,
    0x00, 0x00, 0x00, 0x00, 0x00, 0xff, 0xc0, 0x00,
    0xbf, 0xf1, 0x00, 0x00, 0xaf, 0xf3, 0x00, 0x00,
    0x00, 0x00, 0x00, 0x00, 0x00, 0x00, 0x00, 0x0d,
    0xff, 0x40, 0x4f, 0xfe, 0x00, 0x00, 0x5f, 0xf7,
    0x00, 0x00, 0x00, 0x00, 0x00, 0x00, 0x00, 0x00,
    0x00, 0x00, 0x6f, 0xff, 0xff, 0xff, 0x70, 0x00,
    0x1f, 0xfc, 0x00, 0x00, 0x00, 0x00, 0x00, 0x00,
    0x00, 0x00, 0x00, 0x00, 0x00, 0x8f, 0xff, 0xff,
    0x90, 0x00, 0x0b, 0xff, 0x20, 0x00, 0x00, 0x00,
    0x00, 0x00, 0x00, 0x00, 0x00, 0x00, 0x00, 0x00,
    0x16, 0x76, 0x20, 0x00, 0x06, 0xff, 0x70, 0x00,
    0x00, 0x00, 0x00, 0x00, 0x00, 0x00, 0x00, 0x00,
    0x00, 0x00, 0x00, 0x00, 0x00, 0x00, 0x02, 0xff,
    0xc0, 0x00, 0x00, 0x00, 0x00, 0x00, 0x00, 0x00,
    0x00, 0x00, 0x00, 0x00, 0x00, 0x00, 0x00, 0x00,
    0x00, 0xcf, 0xf2, 0x00, 0x08, 0xdf, 0xe9, 0x10,
    0x00, 0x00, 0x7d, 0xfe, 0x91, 0x00, 0x00, 0x00,
    0x00, 0x00, 0x00, 0x7f, 0xf6, 0x00, 0x0c, 0xff,
    0xff, 0xfe, 0x10, 0x00, 0xbf, 0xff, 0xff, 0xe1,
    0x00, 0x00, 0x00, 0x00, 0x00, 0x2f, 0xfb, 0x00,
    0x07, 0xff, 0xd8, 0xcf, 0xfa, 0x00, 0x6f, 0xfd,
    0x8b, 0xff, 0xa0, 0x00, 0x00, 0x00, 0x00, 0x0c,
    0xfe, 0x10, 0x00, 0xdf, 0xf1, 0x00, 0xdf, 0xf0,
    0x0c, 0xff, 0x10, 0x0d, 0xff, 0x00, 0x00, 0x00,
    0x00, 0x08, 0xff, 0x50, 0x00, 0x0f, 0xfd, 0x00,
    0x0a, 0xff, 0x20, 0xff, 0xd0, 0x00, 0x9f, 0xf2,
    0x00, 0x00, 0x00, 0x03, 0xff, 0xa0, 0x00, 0x00,
    0xff, 0xc0, 0x00, 0x9f, 0xf3, 0x0f, 0xfc, 0x00,
    0x09, 0xff, 0x30, 0x00, 0x00, 0x00, 0xdf, 0xe1,
    0x00, 0x00, 0x0f, 0xfd, 0x00, 0x0a, 0xff, 0x20,
    0xff, 0xd0, 0x00, 0x9f, 0xf2, 0x00, 0x00, 0x00,
    0x8f, 0xf4, 0x00, 0x00, 0x00, 0xdf, 0xf1, 0x00,
    0xef, 0xf0, 0x0c, 0xff, 0x10, 0x0d, 0xff, 0x00,
    0x00, 0x00, 0x3f, 0xfa, 0x00, 0x00, 0x00, 0x07,
    0xff, 0xd8, 0xcf, 0xfa, 0x00, 0x7f, 0xfd, 0x8c,
    0xff, 0xa0, 0x00, 0x00, 0x0d, 0xfe, 0x00, 0x00,
    0x00, 0x00, 0x0c, 0xff, 0xff, 0xfe, 0x10, 0x00,
    0xcf, 0xff, 0xff, 0xe1, 0x00, 0x00, 0x09, 0xff,
    0x40, 0x00, 0x00, 0x00, 0x00, 0x08, 0xdf, 0xe9,
    0x10, 0x00, 0x00, 0x8d, 0xfe, 0x91, 0x00,

    /* U+2031 "‱" */
    0x00, 0x19, 0xef, 0xea, 0x20, 0x00, 0x00, 0x00,
    0x00, 0x4f, 0xf9, 0x00, 0x00, 0x00, 0x00, 0x00,
    0x00, 0x00, 0x00, 0x00, 0x00, 0x00, 0x00, 0x00,
    0x01, 0xef, 0xff, 0xff, 0xf2, 0x00, 0x00, 0x00,
    0x01, 0xef, 0xd0, 0x00, 0x00, 0x00, 0x00, 0x00,
    0x00, 0x00, 0x00, 0x00, 0x00, 0x00, 0x00, 0x00,
    0x0a, 0xff, 0xc8, 0xbf, 0xfc, 0x00, 0x00, 0x00,
    0x0a, 0xff, 0x30, 0x00, 0x00, 0x00, 0x00, 0x00,
    0x00, 0x00, 0x00, 0x00, 0x00, 0x00, 0x00, 0x00,
    0x0f, 0xfe, 0x00, 0x0d, 0xff, 0x00, 0x00, 0x00,
    0x5f, 0xf8, 0x00, 0x00, 0x00, 0x00, 0x00, 0x00,
    0x00, 0x00, 0x00, 0x00, 0x00, 0x00, 0x00, 0x00,
    0x0f, 0xfb, 0x00, 0x0a, 0xff, 0x10, 0x00, 0x01,
    0xef, 0xd0, 0x00, 0x00, 0x00, 0x00, 0x00, 0x00,
    0x00, 0x00, 0x00, 0x00, 0x00, 0x00, 0x00, 0x00,
    0x0f, 0xfc, 0x00, 0x0b, 0xff, 0x10, 0x00, 0x0a,
    0xff, 0x30, 0x00, 0x00, 0x00, 0x00, 0x00, 0x00,
    0x00, 0x00, 0x00, 0x00, 0x00, 0x00, 0x00, 0x00,
    0x0d, 0xff, 0x40, 0x4f, 0xfe, 0x00, 0x00, 0x5f,
    0xf7, 0x00, 0x00, 0x00, 0x00, 0x00, 0x00, 0x00,
    0x00, 0x00, 0x00, 0x00, 0x00, 0x00, 0x00, 0x00,
    0x06, 0xff, 0xff, 0xff, 0xf7, 0x00, 0x01, 0xff,
    0xc0, 0x00, 0x00, 0x00, 0x00, 0x00, 0x00, 0x00,
    0x00, 0x00, 0x00, 0x00, 0x00, 0x00, 0x00, 0x00,
    0x00, 0x8f, 0xff, 0xff, 0x90, 0x00, 0x0b, 0xff,
    0x20, 0x00, 0x00, 0x00, 0x00, 0x00, 0x00, 0x00,
    0x00, 0x00, 0x00, 0x00, 0x00, 0x00, 0x00, 0x00,
    0x00, 0x01, 0x67, 0x62, 0x00, 0x00, 0x6f, 0xf7,
    0x00, 0x00, 0x00, 0x00, 0x00, 0x00, 0x00, 0x00,
    0x00, 0x00, 0x00, 0x00, 0x00, 0x00, 0x00, 0x00,
    0x00, 0x00, 0x00, 0x00, 0x00, 0x02, 0xff, 0xc0,
    0x00, 0x00, 0x00, 0x00, 0x00, 0x00, 0x00, 0x00,
    0x00, 0x00, 0x00, 0x00, 0x00, 0x00, 0x00, 0x00,
    0x00, 0x00, 0x00, 0x00, 0x00, 0x0c, 0xff, 0x20,
    0x00, 0x8d, 0xfe, 0x91, 0x00, 0x00, 0x07, 0xdf,
    0xe9, 0x10, 0x00, 0x00, 0x7d, 0xfe, 0x91, 0x00,
    0x00, 0x00, 0x00, 0x00, 0x00, 0x7f, 0xf6, 0x00,
    0x0c, 0xff, 0xff, 0xfe, 0x10, 0x00, 0xbf, 0xff,
    0xff, 0xe1, 0x00, 0x0b, 0xff, 0xff, 0xfe, 0x20,
    0x00, 0x00, 0x00, 0x00, 0x02, 0xff, 0xb0, 0x00,
    0x7f, 0xfd, 0x8c, 0xff, 0xa0, 0x06, 0xff, 0xd8,
    0xbf, 0xfa, 0x00, 0x6f, 0xfd, 0x8b, 0xff, 0xa0,
    0x00, 0x00, 0x00, 0x00, 0x0c, 0xfe, 0x10, 0x00,
    0xdf, 0xf1, 0x00, 0xdf, 0xf0, 0x0c, 0xff, 0x10,
    0x0d, 0xff, 0x00, 0xcf, 0xf2, 0x00, 0xdf, 0xf0,
    0x00, 0x00, 0x00, 0x00, 0x8f, 0xf5, 0x00, 0x00,
    0xff, 0xd0, 0x00, 0xaf, 0xf2, 0x0f, 0xfd, 0x00,
    0x09, 0xff, 0x20, 0xff, 0xd0, 0x00, 0x9f, 0xf2,
    0x00, 0x00, 0x00, 0x03, 0xff, 0xa0, 0x00, 0x00,
    0xff, 0xc0, 0x00, 0x9f, 0xf3, 0x0f, 0xfc, 0x00,
    0x09, 0xff, 0x30, 0xff, 0xd0, 0x00, 0x9f, 0xf3,
    0x00, 0x00, 0x00, 0x0d, 0xfe, 0x10, 0x00, 0x00,
    0xff, 0xd0, 0x00, 0xaf, 0xf2, 0x0f, 0xfd, 0x00,
    0x09, 0xff, 0x20, 0xff, 0xd0, 0x00, 0x9f, 0xf2,
    0x00, 0x00, 0x00, 0x8f, 0xf4, 0x00, 0x00, 0x00,
    0xdf, 0xf1, 0x00, 0xef, 0xf0, 0x0c, 0xff, 0x10,
    0x0d, 0xff, 0x00, 0xcf, 0xf2, 0x00, 0xdf, 0xf0,
    0x00, 0x00, 0x03, 0xff, 0xa0, 0x00, 0x00, 0x00,
    0x7f, 0xfd, 0x8c, 0xff, 0xa0, 0x07, 0xff, 0xd8,
    0xcf, 0xfa, 0x00, 0x6f, 0xfd, 0x8c, 0xff, 0xa0,
    0x00, 0x00, 0x0d, 0xfe, 0x00, 0x00, 0x00, 0x00,
    0x0c, 0xff, 0xff, 0xfe, 0x10, 0x00, 0xcf, 0xff,
    0xff, 0xe1, 0x00, 0x0c, 0xff, 0xff, 0xfe, 0x10,
    0x00, 0x00, 0x9f, 0xf4, 0x00, 0x00, 0x00, 0x00,
    0x00, 0x8d, 0xfe, 0x91, 0x00, 0x00, 0x08, 0xdf,
    0xe9, 0x10, 0x00, 0x00, 0x7d, 0xfe, 0x91, 0x00,

    /* U+2032 "′" */
    0x0a, 0xff, 0xf0, 0x0b, 0xff, 0xc0, 0x0c, 0xff,
    0x80, 0x0e, 0xff, 0x50, 0x0f, 0xff, 0x10, 0x1f,
    0xfe, 0x00, 0x2f, 0xfb, 0x00, 0x4f, 0xf7, 0x00,
    0x27, 0x72, 0x00,

    /* U+2033 "″" */
    0x0a, 0xff, 0xf0, 0x00, 0x0f, 0xff, 0xa0, 0xbf,
    0xfc, 0x00, 0x01, 0xff, 0xf6, 0x0c, 0xff, 0x80,
    0x00, 0x2f, 0xff, 0x30, 0xef, 0xf5, 0x00, 0x03,
    0xff, 0xf0, 0x0f, 0xff, 0x10, 0x00, 0x5f, 0xfc,
    0x01, 0xff, 0xe0, 0x00, 0x06, 0xff, 0x90, 0x2f,
    0xfb, 0x00, 0x00, 0x8f, 0xf5, 0x04, 0xff, 0x70,
    0x00, 0x09, 0xff, 0x20, 0x27, 0x72, 0x00, 0x00,
    0x47, 0x70, 0x00,

    /* U+2034 "‴" */
    0x0a, 0xff, 0xf0, 0x00, 0x0f, 0xff, 0xa0, 0x00,
    0x5f, 0xff, 0x40, 0xbf, 0xfc, 0x00, 0x01, 0xff,
    0xf6, 0x00, 0x06, 0xff, 0xf1, 0x0c, 0xff, 0x80,
    0x00, 0x2f, 0xff, 0x30, 0x00, 0x8f, 0xfd, 0x00,
    0xef, 0xf5, 0x00, 0x03, 0xff, 0xf0, 0x00, 0x09,
    0xff, 0xa0, 0x0f, 0xff, 0x10, 0x00, 0x5f, 0xfc,
    0x00, 0x00, 0xbf, 0xf6, 0x01, 0xff, 0xe0, 0x00,
    0x06, 0xff, 0x90, 0x00, 0x0c, 0xff, 0x30, 0x2f,
    0xfb, 0x00, 0x00, 0x8f, 0xf5, 0x00, 0x00, 0xdf,
    0xf0, 0x04, 0xff, 0x70, 0x00, 0x09, 0xff, 0x20,
    0x00, 0x0f, 0xfc, 0x00, 0x27, 0x72, 0x00, 0x00,
    0x47, 0x70, 0x00, 0x00, 0x77, 0x40, 0x00,

    /* U+2035 "‵" */
    0x4f, 0xff, 0x50, 0x0f, 0xff, 0x60, 0x0d, 0xff,
    0x80, 0x09, 0xff, 0x90, 0x06, 0xff, 0xb0, 0x03,
    0xff, 0xc0, 0x00, 0xff, 0xe0, 0x00, 0xcf, 0xf0,
    0x00, 0x47, 0x70,

    /* U+2036 "‶" */
    0x4f, 0xff, 0x50, 0x00, 0x9f, 0xff, 0x00, 0xff,
    0xf6, 0x00, 0x06, 0xff, 0xf1, 0x0d, 0xff, 0x80,
    0x00, 0x2f, 0xff, 0x30, 0x9f, 0xf9, 0x00, 0x00,
    0xff, 0xf4, 0x06, 0xff, 0xb0, 0x00, 0x0b, 0xff,
    0x50, 0x3f, 0xfc, 0x00, 0x00, 0x8f, 0xf7, 0x00,
    0xff, 0xe0, 0x00, 0x04, 0xff, 0x80, 0x0c, 0xff,
    0x00, 0x00, 0x1f, 0xfa, 0x00, 0x47, 0x70, 0x00,
    0x00, 0x67, 0x50,

    /* U+2037 "‷" */
    0x4f, 0xff, 0x50, 0x00, 0x9f, 0xff, 0x00, 0x00,
    0xef, 0xfa, 0x00, 0xff, 0xf6, 0x00, 0x06, 0xff,
    0xf1, 0x00, 0x0b, 0xff, 0xb0, 0x0d, 0xff, 0x80,
    0x00, 0x2f, 0xff, 0x30, 0x00, 0x8f, 0xfd, 0x00,
    0x9f, 0xf9, 0x00, 0x00, 0xff, 0xf4, 0x00, 0x04,
    0xff, 0xe0, 0x06, 0xff, 0xb0, 0x00, 0x0b, 0xff,
    0x50, 0x00, 0x1f, 0xff, 0x00, 0x3f, 0xfc, 0x00,
    0x00, 0x8f, 0xf7, 0x00, 0x00, 0xef, 0xf1, 0x00,
    0xff, 0xe0, 0x00, 0x04, 0xff, 0x80, 0x00, 0x0a,
    0xff, 0x30, 0x0c, 0xff, 0x00, 0x00, 0x1f, 0xfa,
    0x00, 0x00, 0x7f, 0xf4, 0x00, 0x47, 0x70, 0x00,
    0x00, 0x67, 0x50, 0x00, 0x02, 0x77, 0x20,

    /* U+2038 "‸" */
    0x00, 0x00, 0x0e, 0xff, 0x60, 0x00, 0x00, 0x00,
    0x09, 0xff, 0xff, 0x20, 0x00, 0x00, 0x04, 0xff,
    0xbf, 0xfc, 0x00, 0x00, 0x01, 0xef, 0xe1, 0x8f,
    0xf7, 0x00, 0x00, 0xaf, 0xf5, 0x00, 0xdf, 0xf3,
    0x00, 0x5f, 0xfb, 0x00, 0x03, 0xff, 0xd0, 0x1e,
    0xff, 0x10, 0x00, 0x08, 0xff, 0x80,

    /* U+2039 "‹" */
    0x00, 0x00, 0x03, 0xff, 0xfd, 0x10, 0x00, 0x01,
    0xef, 0xff, 0x20, 0x00, 0x00, 0xcf, 0xff, 0x50,
    0x00, 0x00, 0xaf, 0xff, 0x80, 0x00, 0x00, 0x7f,
    0xff, 0xa0, 0x00, 0x00, 0x5f, 0xff, 0xd0, 0x00,
    0x00, 0x3f, 0xff, 0xe2, 0x00, 0x00, 0x04, 0xff,
    0xfd, 0x00, 0x00, 0x00, 0x07, 0xff, 0xfb, 0x00,
    0x00, 0x00, 0x0a, 0xff, 0xf8, 0x00, 0x00, 0x00,
    0x0c, 0xff, 0xf5, 0x00, 0x00, 0x00, 0x1e, 0xff,
    0xf3, 0x00, 0x00, 0x00, 0x3f, 0xff, 0xe1, 0x00,
    0x00, 0x00, 0x5f, 0xff, 0xc0, 0x00, 0x00, 0x00,
    0x23, 0x33, 0x00,

    /* U+203A "›" */
    0x7f, 0xff, 0xa0, 0x00, 0x00, 0x00, 0xaf, 0xff,
    0x70, 0x00, 0x00, 0x00, 0xdf, 0xff, 0x40, 0x00,
    0x00, 0x01, 0xef, 0xff, 0x20, 0x00, 0x00, 0x03,
    0xff, 0xfe, 0x10, 0x00, 0x00, 0x06, 0xff, 0xfc,
    0x00, 0x00, 0x00, 0x09, 0xff, 0xf9, 0x00, 0x00,
    0x00, 0x7f, 0xff, 0xc0, 0x00, 0x00, 0x4f, 0xff,
    0xd1, 0x00, 0x00, 0x2e, 0xff, 0xf2, 0x00, 0x00,
    0x0d, 0xff, 0xf4, 0x00, 0x00, 0x0b, 0xff, 0xf7,
    0x00, 0x00, 0x08, 0xff, 0xfa, 0x00, 0x00, 0x05,
    0xff, 0xfc, 0x00, 0x00, 0x00, 0x23, 0x33, 0x00,
    0x00, 0x00, 0x00,

    /* U+203B "※" */
    0x00, 0x00, 0x00, 0x03, 0xdf, 0xa0, 0x00, 0x00,
    0x00, 0x00, 0x00, 0x00, 0x00, 0xcf, 0xff, 0x60,
    0x00, 0x00, 0x00, 0x00, 0x01, 0xd5, 0x0c, 0xff,
    0xf6, 0x0a, 0xa0, 0x00, 0x00, 0x01, 0xdf, 0xf5,
    0x3c, 0xe9, 0x09, 0xff, 0x90, 0x00, 0x00, 0x5f,
    0xff, 0xf5, 0x00, 0x09, 0xff, 0xfe, 0x20, 0x00,
    0x00, 0x7f, 0xff, 0xf4, 0x09, 0xff, 0xff, 0x30,
    0x00, 0x00, 0x00, 0x7f, 0xff, 0xfd, 0xff, 0xff,
    0x30, 0x00, 0x02, 0xcf, 0xb1, 0x7f, 0xff, 0xff,
    0xff, 0x34, 0xdf, 0x90, 0xbf, 0xff, 0x80, 0x8f,
    0xff, 0xff, 0x30, 0xef, 0xff, 0x4b, 0xff, 0xf7,
    0x07, 0xff, 0xff, 0xf3, 0x0e, 0xff, 0xf4, 0x2c,
    0xfb, 0x17, 0xff, 0xff, 0xff, 0xf3, 0x4d, 0xe9,
    0x00, 0x00, 0x06, 0xff, 0xff, 0xef, 0xff, 0xe3,
    0x00, 0x00, 0x00, 0x06, 0xff, 0xff, 0x50, 0x9f,
    0xff, 0xe2, 0x00, 0x00, 0x05, 0xff, 0xff, 0x50,
    0x00, 0x9f, 0xff, 0xe1, 0x00, 0x00, 0x1d, 0xff,
    0x53, 0xce, 0xa0, 0xaf, 0xfa, 0x00, 0x00, 0x00,
    0x1d, 0x60, 0xcf, 0xff, 0x60, 0xaa, 0x00, 0x00,
    0x00, 0x00, 0x00, 0x0c, 0xff, 0xf6, 0x00, 0x00,
    0x00, 0x00, 0x00, 0x00, 0x00, 0x3d, 0xfa, 0x00,
    0x00, 0x00, 0x00,

    /* U+203C "‼" */
    0x4f, 0xff, 0xe0, 0x00, 0x00, 0x9f, 0xff, 0x83,
    0xff, 0xfd, 0x00, 0x00, 0x09, 0xff, 0xf8, 0x3f,
    0xff, 0xd0, 0x00, 0x00, 0x9f, 0xff, 0x73, 0xff,
    0xfd, 0x00, 0x00, 0x09, 0xff, 0xf7, 0x3f, 0xff,
    0xc0, 0x00, 0x00, 0x8f, 0xff, 0x72, 0xff, 0xfc,
    0x00, 0x00, 0x08, 0xff, 0xf6, 0x2f, 0xff, 0xc0,
    0x00, 0x00, 0x8f, 0xff, 0x62, 0xff, 0xfc, 0x00,
    0x00, 0x07, 0xff, 0xf6, 0x1f, 0xff, 0xb0, 0x00,
    0x00, 0x7f, 0xff, 0x51, 0xff, 0xfb, 0x00, 0x00,
    0x07, 0xff, 0xf5, 0x1f, 0xff, 0xb0, 0x00, 0x00,
    0x7f, 0xff, 0x51, 0xff, 0xfa, 0x00, 0x00, 0x06,
    0xff, 0xf5, 0x0f, 0xff, 0xa0, 0x00, 0x00, 0x6f,
    0xff, 0x40, 0xff, 0xfa, 0x00, 0x00, 0x06, 0xff,
    0xf4, 0x0f, 0xff, 0x90, 0x00, 0x00, 0x6f, 0xff,
    0x40, 0x44, 0x42, 0x00, 0x00, 0x01, 0x44, 0x41,
    0x00, 0x00, 0x00, 0x00, 0x00, 0x00, 0x00, 0x00,
    0x4a, 0x91, 0x00, 0x00, 0x00, 0x7a, 0x70, 0x3f,
    0xff, 0xd0, 0x00, 0x00, 0x9f, 0xff, 0x88, 0xff,
    0xff, 0x20, 0x00, 0x0d, 0xff, 0xfc, 0x5f, 0xff,
    0xf0, 0x00, 0x00, 0xbf, 0xff, 0xa0, 0x9f, 0xd5,
    0x00, 0x00, 0x02, 0xcf, 0xb1,

    /* U+203D "‽" */
    0x00, 0x04, 0xad, 0xff, 0xd9, 0x40, 0x00, 0x01,
    0xbf, 0xff, 0xff, 0xff, 0xfa, 0x00, 0x0c, 0xff,
    0xff, 0xff, 0xff, 0xff, 0xb0, 0x5f, 0xff, 0xe7,
    0x33, 0x8f, 0xff, 0xf4, 0xaf, 0xff, 0x30, 0x00,
    0x07, 0xff, 0xf9, 0x68, 0x87, 0x00, 0x00, 0x01,
    0xff, 0xfb, 0x00, 0x00, 0x7f, 0xf7, 0x01, 0xff,
    0xfa, 0x00, 0x00, 0x6f, 0xf6, 0x05, 0xff, 0xf7,
    0x00, 0x00, 0x5f, 0xf6, 0x1e, 0xff, 0xf1, 0x00,
    0x00, 0x3f, 0xf9, 0xef, 0xff, 0x50, 0x00, 0x00,
    0x2f, 0xff, 0xff, 0xf5, 0x00, 0x00, 0x00, 0x1f,
    0xff, 0xfc, 0x20, 0x00, 0x00, 0x00, 0x0f, 0xff,
    0xb0, 0x00, 0x00, 0x00, 0x00, 0x0f, 0xff, 0x20,
    0x00, 0x00, 0x00, 0x00, 0x0f, 0xff, 0x00, 0x00,
    0x00, 0x00, 0x00, 0x08, 0xa6, 0x00, 0x00, 0x00,
    0x00, 0x00, 0x00, 0x00, 0x00, 0x00, 0x00, 0x00,
    0x00, 0x08, 0xb8, 0x00, 0x00, 0x00, 0x00, 0x00,
    0x8f, 0xff, 0x80, 0x00, 0x00, 0x00, 0x00, 0xcf,
    0xff, 0xc0, 0x00, 0x00, 0x00, 0x00, 0xaf, 0xff,
    0xa0, 0x00, 0x00, 0x00, 0x00, 0x1b, 0xfb, 0x10,
    0x00, 0x00,

    /* U+203E "‾" */
    0x02, 0x22, 0x22, 0x22, 0x22, 0x22, 0x22, 0x14,
    0xff, 0xff, 0xff, 0xff, 0xff, 0xff, 0xfd, 0x4f,
    0xff, 0xff, 0xff, 0xff, 0xff, 0xff, 0xd4, 0xff,
    0xff, 0xff, 0xff, 0xff, 0xff, 0xfd,

    /* U+203F "‿" */
    0x00, 0x52, 0x00, 0x00, 0x00, 0x00, 0x00, 0x00,
    0x00, 0x00, 0x00, 0x51, 0x00, 0xaf, 0xfa, 0x40,
    0x00, 0x00, 0x00, 0x00, 0x00, 0x00, 0x38, 0xef,
    0xd1, 0x06, 0xff, 0xff, 0xfb, 0x86, 0x54, 0x44,
    0x46, 0x8a, 0xef, 0xff, 0xfa, 0x00, 0x03, 0xdf,
    0xff, 0xff, 0xff, 0xff, 0xff, 0xff, 0xff, 0xff,
    0xf6, 0x00, 0x00, 0x00, 0x6d, 0xff, 0xff, 0xff,
    0xff, 0xff, 0xff, 0xfe, 0x81, 0x00, 0x00, 0x00,
    0x00, 0x02, 0x7a, 0xce, 0xff, 0xfe, 0xda, 0x73,
    0x00, 0x00, 0x00,

    /* U+2040 "⁀" */
    0x00, 0x00, 0x00, 0x05, 0x8b, 0xde, 0xfe, 0xec,
    0x96, 0x20, 0x00, 0x00, 0x00, 0x00, 0x04, 0xaf,
    0xff, 0xff, 0xff, 0xff, 0xff, 0xff, 0xd7, 0x00,
    0x00, 0x00, 0x2b, 0xff, 0xff, 0xff, 0xff, 0xff,
    0xff, 0xff, 0xff, 0xfe, 0x50, 0x00, 0x5f, 0xff,
    0xfd, 0x96, 0x31, 0x00, 0x01, 0x35, 0x9d, 0xff,
    0xff, 0x90, 0x0a, 0xff, 0x93, 0x00, 0x00, 0x00,
    0x00, 0x00, 0x00, 0x02, 0x8e, 0xfd, 0x10, 0x06,
    0x20, 0x00, 0x00, 0x00, 0x00, 0x00, 0x00, 0x00,
    0x00, 0x06, 0x10,

    /* U+2041 "⁁" */
    0x00, 0x00, 0x00, 0x00, 0x01, 0x00, 0x00, 0x00,
    0x00, 0x00, 0x3f, 0x80, 0x00, 0x00, 0x00, 0x00,
    0xcf, 0xfa, 0x00, 0x00, 0x00, 0x06, 0xff, 0xf2,
    0x00, 0x00, 0x00, 0x1e, 0xff, 0x80, 0x00, 0x00,
    0x00, 0x9f, 0xfd, 0x00, 0x00, 0x00, 0x02, 0xff,
    0xf5, 0x00, 0x00, 0x00, 0x0c, 0xff, 0xb0, 0x00,
    0x00, 0x00, 0x5f, 0xff, 0x20, 0x00, 0x00, 0x00,
    0xef, 0xf8, 0x00, 0x00, 0x00, 0x08, 0xff, 0xf8,
    0x00, 0x00, 0x00, 0x2f, 0xff, 0xff, 0x20, 0x00,
    0x00, 0xbf, 0xff, 0xff, 0xb0, 0x00, 0x05, 0xff,
    0xf4, 0xff, 0xf5, 0x00, 0x0e, 0xff, 0x80, 0x7f,
    0xfe, 0x00, 0x8f, 0xfe, 0x00, 0x0d, 0xff, 0x80,
    0x2a, 0xf5, 0x00, 0x03, 0xfc, 0x40, 0x00, 0x30,
    0x00, 0x00, 0x30, 0x00,

    /* U+2042 "⁂" */
    0x00, 0x00, 0x00, 0x00, 0x11, 0x00, 0x00, 0x00,
    0x00, 0x00, 0x00, 0x00, 0x02, 0x2a, 0xf3, 0x40,
    0x00, 0x00, 0x00, 0x00, 0x00, 0x01, 0xee, 0xcf,
    0xbf, 0x90, 0x00, 0x00, 0x00, 0x00, 0x00, 0x08,
    0xff, 0xff, 0xe2, 0x00, 0x00, 0x00, 0x00, 0x00,
    0x0f, 0xff, 0xff, 0xff, 0xf8, 0x00, 0x00, 0x00,
    0x00, 0x00, 0xde, 0xff, 0xff, 0xfe, 0x70, 0x00,
    0x00, 0x00, 0x00, 0x00, 0x8f, 0xff, 0xfe, 0x20,
    0x00, 0x00, 0x00, 0x00, 0x00, 0x1e, 0xed, 0xfb,
    0xf9, 0x00, 0x00, 0x00, 0x00, 0x00, 0x00, 0x32,
    0xaf, 0x35, 0x00, 0x00, 0x00, 0x00, 0x00, 0x01,
    0x00, 0x01, 0x20, 0x00, 0x11, 0x00, 0x00, 0x00,
    0x37, 0xf7, 0x30, 0x00, 0x03, 0x0e, 0xf0, 0x40,
    0x00, 0xcf, 0xbf, 0xbf, 0xc0, 0x04, 0xfb, 0xef,
    0xaf, 0x60, 0x06, 0xff, 0xff, 0xf6, 0x00, 0x0c,
    0xff, 0xff, 0xd1, 0x0a, 0xef, 0xff, 0xff, 0xea,
    0x2e, 0xff, 0xff, 0xff, 0xe4, 0xcf, 0xff, 0xff,
    0xff, 0xb3, 0xff, 0xff, 0xff, 0xff, 0x40, 0x3f,
    0xff, 0xff, 0x30, 0x00, 0x9f, 0xff, 0xfb, 0x00,
    0x0d, 0xfe, 0xfe, 0xfe, 0x00, 0x5f, 0xef, 0xfd,
    0xf7, 0x00, 0x27, 0x7f, 0x77, 0x20, 0x00, 0x72,
    0xef, 0x18, 0x00, 0x00, 0x02, 0x62, 0x00, 0x00,
    0x00, 0x05, 0x60, 0x00, 0x00,

    /* U+2043 "⁃" */
    0x23, 0x33, 0x33, 0x33, 0x29, 0xff, 0xff, 0xff,
    0xfb, 0x9f, 0xff, 0xff, 0xff, 0xb9, 0xff, 0xff,
    0xff, 0xfb,

    /* U+2044 "⁄" */
    0x00, 0x00, 0x00, 0x00, 0x00, 0x00, 0x00, 0x3f,
    0xfa, 0x00, 0x00, 0x00, 0x00, 0x00, 0x00, 0x00,
    0xdf, 0xe1, 0x00, 0x00, 0x00, 0x00, 0x00, 0x00,
    0x09, 0xff, 0x40, 0x00, 0x00, 0x00, 0x00, 0x00,
    0x00, 0x4f, 0xf9, 0x00, 0x00, 0x00, 0x00, 0x00,
    0x00, 0x00, 0xef, 0xe0, 0x00, 0x00, 0x00, 0x00,
    0x00, 0x00, 0x09, 0xff, 0x40, 0x00, 0x00, 0x00,
    0x00, 0x00, 0x00, 0x4f, 0xf9, 0x00, 0x00, 0x00,
    0x00, 0x00, 0x00, 0x01, 0xef, 0xd0, 0x00, 0x00,
    0x00, 0x00, 0x00, 0x00, 0x0a, 0xff, 0x30, 0x00,
    0x00, 0x00, 0x00, 0x00, 0x00, 0x5f, 0xf8, 0x00,
    0x00, 0x00, 0x00, 0x00, 0x00, 0x01, 0xef, 0xd0,
    0x00, 0x00, 0x00, 0x00, 0x00, 0x00, 0x0b, 0xff,
    0x20, 0x00, 0x00, 0x00, 0x00, 0x00, 0x00, 0x6f,
    0xf7, 0x00, 0x00, 0x00, 0x00, 0x00, 0x00, 0x01,
    0xff, 0xc0, 0x00, 0x00, 0x00, 0x00, 0x00, 0x00,
    0x0b, 0xff, 0x20, 0x00, 0x00, 0x00, 0x00, 0x00,
    0x00, 0x6f, 0xf6, 0x00, 0x00, 0x00, 0x00, 0x00,
    0x00, 0x02, 0xff, 0xb0, 0x00, 0x00, 0x00, 0x00,
    0x00, 0x00, 0x0c, 0xff, 0x10, 0x00, 0x00, 0x00,
    0x00, 0x00, 0x00, 0x7f, 0xf6, 0x00, 0x00, 0x00,
    0x00, 0x00, 0x00, 0x02, 0xff, 0xb0, 0x00, 0x00,
    0x00, 0x00, 0x00, 0x00, 0x0d, 0xfe, 0x10, 0x00,
    0x00, 0x00, 0x00, 0x00, 0x00, 0x8f, 0xf5, 0x00,
    0x00, 0x00, 0x00, 0x00, 0x00, 0x00,

    /* U+2045 "⁅" */
    0x2f, 0xff, 0xff, 0xf9, 0x2f, 0xff, 0xff, 0xf9,
    0x2f, 0xff, 0xff, 0xf9, 0x2f, 0xff, 0x90, 0x00,
    0x2f, 0xff, 0x80, 0x00, 0x2f, 0xff, 0x80, 0x00,
    0x2f, 0xff, 0x80, 0x00, 0x2f, 0xff, 0x80, 0x00,
    0x2f, 0xff, 0x80, 0x00, 0x2f, 0xff, 0x80, 0x00,
    0x2f, 0xff, 0x80, 0x00, 0x2f, 0xff, 0x80, 0x00,
    0x2f, 0xff, 0x80, 0x00, 0x2f, 0xff, 0xff, 0xf9,
    0x2f, 0xff, 0xff, 0xf9, 0x2f, 0xff, 0xff, 0xf9,
    0x2f, 0xff, 0x80, 0x00, 0x2f, 0xff, 0x80, 0x00,
    0x2f, 0xff, 0x80, 0x00, 0x2f, 0xff, 0x80, 0x00,
    0x2f, 0xff, 0x80, 0x00, 0x2f, 0xff, 0x80, 0x00,
    0x2f, 0xff, 0x80, 0x00, 0x2f, 0xff, 0x80, 0x00,
    0x2f, 0xff, 0x90, 0x00, 0x2f, 0xff, 0xff, 0xf9,
    0x2f, 0xff, 0xff, 0xf9, 0x2f, 0xff, 0xff, 0xf9,

    /* U+2046 "⁆" */
    0x6f, 0xff, 0xff, 0xf5, 0x6f, 0xff, 0xff, 0xf5,
    0x6f, 0xff, 0xff, 0xf5, 0x00, 0x06, 0xff, 0xf5,
    0x00, 0x05, 0xff, 0xf5, 0x00, 0x05, 0xff, 0xf5,
    0x00, 0x05, 0xff, 0xf5, 0x00, 0x05, 0xff, 0xf5,
    0x00, 0x05, 0xff, 0xf5, 0x00, 0x05, 0xff, 0xf5,
    0x00, 0x05, 0xff, 0xf5, 0x00, 0x05, 0xff, 0xf5,
    0x00, 0x05, 0xff, 0xf5, 0x6f, 0xff, 0xff, 0xf5,
    0x6f, 0xff, 0xff, 0xf5, 0x5f, 0xff, 0xff, 0xf5,
    0x00, 0x05, 0xff, 0xf5, 0x00, 0x05, 0xff, 0xf5,
    0x00, 0x05, 0xff, 0xf5, 0x00, 0x05, 0xff, 0xf5,
    0x00, 0x05, 0xff, 0xf5, 0x00, 0x05, 0xff, 0xf5,
    0x00, 0x05, 0xff, 0xf5, 0x00, 0x05, 0xff, 0xf5,
    0x00, 0x06, 0xff, 0xf5, 0x6f, 0xff, 0xff, 0xf5,
    0x6f, 0xff, 0xff, 0xf5, 0x6f, 0xff, 0xff, 0xf5,

    /* U+2047 "⁇" */
    0x00, 0x03, 0x9d, 0xff, 0xda, 0x40, 0x00, 0x00,
    0x00, 0x01, 0x8c, 0xef, 0xeb, 0x60, 0x00, 0x00,
    0x09, 0xff, 0xff, 0xff, 0xff, 0xb1, 0x00, 0x00,
    0x06, 0xff, 0xff, 0xff, 0xff, 0xd3, 0x00, 0x0a,
    0xff, 0xff, 0xff, 0xff, 0xff, 0xc0, 0x00, 0x05,
    0xff, 0xff, 0xff, 0xff, 0xff, 0xe2, 0x03, 0xff,
    0xff, 0x94, 0x49, 0xff, 0xff, 0x50, 0x00, 0xef,
    0xff, 0xb5, 0x37, 0xef, 0xff, 0xa0, 0x9f, 0xff,
    0x70, 0x00, 0x07, 0xff, 0xfb, 0x00, 0x4f, 0xff,
    0xb0, 0x00, 0x02, 0xff, 0xff, 0x0b, 0xff, 0xf0,
    0x00, 0x00, 0x1f, 0xff, 0xd0, 0x07, 0xff, 0xf5,
    0x00, 0x00, 0x0c, 0xff, 0xf1, 0x01, 0x10, 0x00,
    0x00, 0x02, 0xff, 0xfc, 0x00, 0x01, 0x11, 0x00,
    0x00, 0x00, 0xdf, 0xff, 0x00, 0x00, 0x00, 0x00,
    0x00, 0x9f, 0xff, 0x80, 0x00, 0x00, 0x00, 0x00,
    0x00, 0x4f, 0xff, 0xd0, 0x00, 0x00, 0x00, 0x00,
    0x8f, 0xff, 0xf2, 0x00, 0x00, 0x00, 0x00, 0x00,
    0x4f, 0xff, 0xf6, 0x00, 0x00, 0x00, 0x02, 0xcf,
    0xff, 0xf5, 0x00, 0x00, 0x00, 0x00, 0x00, 0x9f,
    0xff, 0xf9, 0x00, 0x00, 0x00, 0x03, 0xff, 0xff,
    0xd3, 0x00, 0x00, 0x00, 0x00, 0x00, 0xcf, 0xff,
    0xf6, 0x00, 0x00, 0x00, 0x00, 0xcf, 0xff, 0xa0,
    0x00, 0x00, 0x00, 0x00, 0x00, 0x7f, 0xff, 0xd2,
    0x00, 0x00, 0x00, 0x00, 0x1f, 0xff, 0xb0, 0x00,
    0x00, 0x00, 0x00, 0x00, 0x0c, 0xff, 0xe1, 0x00,
    0x00, 0x00, 0x00, 0x03, 0xff, 0xf5, 0x00, 0x00,
    0x00, 0x00, 0x00, 0x00, 0xff, 0xf9, 0x00, 0x00,
    0x00, 0x00, 0x00, 0x4f, 0xff, 0x30, 0x00, 0x00,
    0x00, 0x00, 0x00, 0x0f, 0xff, 0x80, 0x00, 0x00,
    0x00, 0x00, 0x00, 0x11, 0x10, 0x00, 0x00, 0x00,
    0x00, 0x00, 0x00, 0x11, 0x10, 0x00, 0x00, 0x00,
    0x00, 0x00, 0x00, 0x00, 0x00, 0x00, 0x00, 0x00,
    0x00, 0x00, 0x00, 0x00, 0x00, 0x00, 0x00, 0x00,
    0x00, 0x00, 0x7a, 0x70, 0x00, 0x00, 0x00, 0x00,
    0x00, 0x00, 0x5a, 0x91, 0x00, 0x00, 0x00, 0x00,
    0x00, 0x9f, 0xff, 0x80, 0x00, 0x00, 0x00, 0x00,
    0x00, 0x5f, 0xff, 0xc0, 0x00, 0x00, 0x00, 0x00,
    0x0e, 0xff, 0xfc, 0x00, 0x00, 0x00, 0x00, 0x00,
    0x09, 0xff, 0xff, 0x10, 0x00, 0x00, 0x00, 0x00,
    0xcf, 0xff, 0xa0, 0x00, 0x00, 0x00, 0x00, 0x00,
    0x7f, 0xff, 0xe0, 0x00, 0x00, 0x00, 0x00, 0x02,
    0xcf, 0xb1, 0x00, 0x00, 0x00, 0x00, 0x00, 0x00,
    0xaf, 0xd4, 0x00, 0x00, 0x00,

    /* U+2048 "⁈" */
    0x00, 0x03, 0x9d, 0xff, 0xda, 0x40, 0x00, 0x00,
    0x00, 0xff, 0xff, 0x20, 0x09, 0xff, 0xff, 0xff,
    0xff, 0xb0, 0x00, 0x00, 0x0e, 0xff, 0xf2, 0x09,
    0xff, 0xff, 0xff, 0xff, 0xff, 0xb0, 0x00, 0x00,
    0xef, 0xff, 0x23, 0xff, 0xff, 0x94, 0x49, 0xff,
    0xff, 0x50, 0x00, 0x0e, 0xff, 0xf1, 0x9f, 0xff,
    0x70, 0x00, 0x08, 0xff, 0xfa, 0x00, 0x00, 0xef,
    0xff, 0x1b, 0xff, 0xf0, 0x00, 0x00, 0x1f, 0xff,
    0xc0, 0x00, 0x0d, 0xff, 0xf1, 0x22, 0x22, 0x00,
    0x00, 0x02, 0xff, 0xfc, 0x00, 0x00, 0xdf, 0xff,
    0x10, 0x00, 0x00, 0x00, 0x00, 0x7f, 0xff, 0xa0,
    0x00, 0x0d, 0xff, 0xf0, 0x00, 0x00, 0x00, 0x00,
    0x5f, 0xff, 0xf3, 0x00, 0x00, 0xcf, 0xff, 0x00,
    0x00, 0x00, 0x00, 0x9f, 0xff, 0xf9, 0x00, 0x00,
    0x0c, 0xff, 0xf0, 0x00, 0x00, 0x01, 0xdf, 0xff,
    0xf8, 0x00, 0x00, 0x00, 0xcf, 0xff, 0x00, 0x00,
    0x00, 0xaf, 0xff, 0xe3, 0x00, 0x00, 0x00, 0x0c,
    0xff, 0xf0, 0x00, 0x00, 0x0f, 0xff, 0xe1, 0x00,
    0x00, 0x00, 0x00, 0xbf, 0xff, 0x00, 0x00, 0x03,
    0xff, 0xf6, 0x00, 0x00, 0x00, 0x00, 0x0b, 0xff,
    0xe0, 0x00, 0x00, 0x4f, 0xff, 0x30, 0x00, 0x00,
    0x00, 0x00, 0xbf, 0xfe, 0x00, 0x00, 0x02, 0x77,
    0x71, 0x00, 0x00, 0x00, 0x00, 0x02, 0x44, 0x30,
    0x00, 0x00, 0x00, 0x00, 0x00, 0x00, 0x00, 0x00,
    0x00, 0x00, 0x00, 0x00, 0x00, 0x00, 0x7a, 0x70,
    0x00, 0x00, 0x00, 0x00, 0x02, 0x9a, 0x40, 0x00,
    0x00, 0x9f, 0xff, 0x80, 0x00, 0x00, 0x00, 0x00,
    0xef, 0xff, 0x30, 0x00, 0x0e, 0xff, 0xfc, 0x00,
    0x00, 0x00, 0x00, 0x3f, 0xff, 0xf7, 0x00, 0x00,
    0xcf, 0xff, 0xa0, 0x00, 0x00, 0x00, 0x01, 0xff,
    0xff, 0x50, 0x00, 0x02, 0xcf, 0xb1, 0x00, 0x00,
    0x00, 0x00, 0x05, 0xee, 0x80,

    /* U+2049 "⁉" */
    0x4f, 0xff, 0xe0, 0x00, 0x00, 0x00, 0x5b, 0xef,
    0xec, 0x82, 0x00, 0x03, 0xff, 0xfd, 0x00, 0x00,
    0x02, 0xdf, 0xff, 0xff, 0xff, 0xf6, 0x00, 0x3f,
    0xff, 0xd0, 0x00, 0x01, 0xef, 0xff, 0xff, 0xff,
    0xff, 0xf6, 0x03, 0xff, 0xfd, 0x00, 0x00, 0x8f,
    0xff, 0xe7, 0x35, 0xcf, 0xff, 0xe0, 0x3f, 0xff,
    0xc0, 0x00, 0x0e, 0xff, 0xf2, 0x00, 0x00, 0xdf,
    0xff, 0x42, 0xff, 0xfc, 0x00, 0x01, 0xff, 0xfa,
    0x00, 0x00, 0x07, 0xff, 0xf7, 0x2f, 0xff, 0xc0,
    0x00, 0x02, 0x22, 0x10, 0x00, 0x00, 0x7f, 0xff,
    0x62, 0xff, 0xfc, 0x00, 0x00, 0x00, 0x00, 0x00,
    0x00, 0x0d, 0xff, 0xf4, 0x1f, 0xff, 0xb0, 0x00,
    0x00, 0x00, 0x00, 0x00, 0x0a, 0xff, 0xfd, 0x01,
    0xff, 0xfb, 0x00, 0x00, 0x00, 0x00, 0x00, 0x3d,
    0xff, 0xff, 0x30, 0x1f, 0xff, 0xb0, 0x00, 0x00,
    0x00, 0x00, 0x4f, 0xff, 0xfe, 0x40, 0x01, 0xff,
    0xfa, 0x00, 0x00, 0x00, 0x00, 0x1f, 0xff, 0xfb,
    0x10, 0x00, 0x0f, 0xff, 0xa0, 0x00, 0x00, 0x00,
    0x06, 0xff, 0xfa, 0x00, 0x00, 0x00, 0xff, 0xfa,
    0x00, 0x00, 0x00, 0x00, 0x9f, 0xff, 0x10, 0x00,
    0x00, 0x0f, 0xff, 0x90, 0x00, 0x00, 0x00, 0x0a,
    0xff, 0xe0, 0x00, 0x00, 0x00, 0x44, 0x42, 0x00,
    0x00, 0x00, 0x00, 0x57, 0x76, 0x00, 0x00, 0x00,
    0x00, 0x00, 0x00, 0x00, 0x00, 0x00, 0x00, 0x00,
    0x00, 0x00, 0x00, 0x00, 0x4a, 0x91, 0x00, 0x00,
    0x00, 0x00, 0x29, 0xa4, 0x00, 0x00, 0x00, 0x3f,
    0xff, 0xd0, 0x00, 0x00, 0x00, 0x1e, 0xff, 0xf2,
    0x00, 0x00, 0x08, 0xff, 0xff, 0x20, 0x00, 0x00,
    0x04, 0xff, 0xff, 0x60, 0x00, 0x00, 0x5f, 0xff,
    0xf0, 0x00, 0x00, 0x00, 0x2f, 0xff, 0xf4, 0x00,
    0x00, 0x00, 0x9f, 0xd5, 0x00, 0x00, 0x00, 0x00,
    0x6e, 0xe8, 0x00, 0x00, 0x00,

    /* U+204A "⁊" */
    0xcf, 0xff, 0xff, 0xff, 0xff, 0xf8, 0xcf, 0xff,
    0xff, 0xff, 0xff, 0xf6, 0xcf, 0xff, 0xff, 0xff,
    0xff, 0xf5, 0x45, 0x55, 0x55, 0x55, 0xff, 0xf3,
    0x00, 0x00, 0x00, 0x01, 0xff, 0xf1, 0x00, 0x00,
    0x00, 0x03, 0xff, 0xf0, 0x00, 0x00, 0x00, 0x04,
    0xff, 0xe0, 0x00, 0x00, 0x00, 0x06, 0xff, 0xd0,
    0x00, 0x00, 0x00, 0x07, 0xff, 0xb0, 0x00, 0x00,
    0x00, 0x09, 0xff, 0x90, 0x00, 0x00, 0x00, 0x0b,
    0xff, 0x80, 0x00, 0x00, 0x00, 0x0c, 0xff, 0x60,
    0x00, 0x00, 0x00, 0x0e, 0xff, 0x50, 0x00, 0x00,
    0x00, 0x0f, 0xff, 0x30, 0x00, 0x00, 0x00, 0x1f,
    0xff, 0x10, 0x00, 0x00, 0x00, 0x2f, 0xff, 0x00,
    0x00, 0x00, 0x00, 0x4f, 0xfe, 0x00, 0x00, 0x00,
    0x00, 0x6f, 0xfd, 0x00, 0x00, 0x00, 0x00, 0x7f,
    0xfb, 0x00, 0x00, 0x00, 0x00, 0x9f, 0xfa, 0x00,
    0x00, 0x00, 0x00, 0xaf, 0xf8, 0x00, 0x00, 0x00,
    0x00, 0xcf, 0xf6, 0x00, 0x00, 0x00, 0x00, 0xdf,
    0xf5, 0x00,

    /* U+204B "⁋" */
    0xff, 0xff, 0xff, 0xff, 0xec, 0x61, 0x00, 0x0f,
    0xff, 0xff, 0xff, 0xff, 0xff, 0xe4, 0x00, 0xff,
    0xff, 0xff, 0xff, 0xff, 0xff, 0xf3, 0x0e, 0xff,
    0xa2, 0x2e, 0xff, 0xff, 0xff, 0xd0, 0xcf, 0xf7,
    0x00, 0xef, 0xff, 0xff, 0xff, 0x4c, 0xff, 0x70,
    0x0e, 0xff, 0xff, 0xff, 0xf8, 0xcf, 0xf7, 0x00,
    0xef, 0xff, 0xff, 0xff, 0xac, 0xff, 0x70, 0x0e,
    0xff, 0xff, 0xff, 0xfa, 0xcf, 0xf7, 0x00, 0xef,
    0xff, 0xff, 0xff, 0x8c, 0xff, 0x70, 0x0e, 0xff,
    0xff, 0xff, 0xf3, 0xcf, 0xf7, 0x00, 0xef, 0xff,
    0xff, 0xfc, 0x0c, 0xff, 0x70, 0x0e, 0xff, 0xff,
    0xff, 0x20, 0xcf, 0xf7, 0x00, 0xef, 0xff, 0xfd,
    0x20, 0x0c, 0xff, 0x70, 0x0c, 0xdb, 0x94, 0x00,
    0x00, 0xcf, 0xf7, 0x00, 0x00, 0x00, 0x00, 0x00,
    0x0c, 0xff, 0x70, 0x00, 0x00, 0x00, 0x00, 0x00,
    0xcf, 0xf7, 0x00, 0x00, 0x00, 0x00, 0x00, 0x0c,
    0xff, 0x70, 0x00, 0x00, 0x00, 0x00, 0x00, 0xcf,
    0xf7, 0x00, 0x00, 0x00, 0x00, 0x00, 0x0c, 0xff,
    0x70, 0x00, 0x00, 0x00, 0x00, 0x00, 0xcf, 0xf7,
    0x00, 0x00, 0x00, 0x00, 0x00, 0x0c, 0xff, 0x70,
    0x00, 0x00, 0x00, 0x00, 0x00,

    /* U+204C "⁌" */
    0x00, 0x05, 0xbe, 0xff, 0xff, 0xff, 0xfb, 0x01,
    0xbf, 0xff, 0xff, 0xff, 0xff, 0xfb, 0x0b, 0xff,
    0xff, 0xfe, 0x66, 0xff, 0xfb, 0x4f, 0xff, 0xff,
    0xfd, 0x00, 0x8f, 0xfb, 0x9f, 0xff, 0xff, 0xfd,
    0x00, 0x8f, 0xfb, 0xcf, 0xff, 0xff, 0xfd, 0x00,
    0x8f, 0xfb, 0xdf, 0xff, 0xff, 0xfd, 0x00, 0x8f,
    0xfb, 0xcf, 0xff, 0xff, 0xfd, 0x00, 0x8f, 0xfb,
    0x9f, 0xff, 0xff, 0xfd, 0x00, 0x8f, 0xfb, 0x4f,
    0xff, 0xff, 0xfd, 0x00, 0x8f, 0xfb, 0x0a, 0xff,
    0xff, 0xfe, 0x66, 0xff, 0xfb, 0x00, 0xbf, 0xff,
    0xff, 0xff, 0xff, 0xfb, 0x00, 0x05, 0xbe, 0xff,
    0xff, 0xff, 0xfb,

    /* U+204D "⁍" */
    0xaf, 0xff, 0xff, 0xff, 0xeb, 0x50, 0x00, 0xaf,
    0xff, 0xff, 0xff, 0xff, 0xfc, 0x10, 0xaf, 0xff,
    0x66, 0xdf, 0xff, 0xff, 0xc0, 0xaf, 0xfa, 0x00,
    0xbf, 0xff, 0xff, 0xf5, 0xaf, 0xfa, 0x00, 0xbf,
    0xff, 0xff, 0xfb, 0xaf, 0xfa, 0x00, 0xbf, 0xff,
    0xff, 0xfd, 0xaf, 0xfa, 0x00, 0xbf, 0xff, 0xff,
    0xfe, 0xaf, 0xfa, 0x00, 0xbf, 0xff, 0xff, 0xfd,
    0xaf, 0xfa, 0x00, 0xbf, 0xff, 0xff, 0xfb, 0xaf,
    0xfa, 0x00, 0xbf, 0xff, 0xff, 0xf5, 0xaf, 0xff,
    0x66, 0xdf, 0xff, 0xff, 0xc0, 0xaf, 0xff, 0xff,
    0xff, 0xff, 0xfc, 0x10, 0xaf, 0xff, 0xff, 0xff,
    0xeb, 0x60, 0x00,

    /* U+204E "⁎" */
    0x00, 0x00, 0x19, 0x93, 0x00, 0x00, 0x00, 0x00,
    0x02, 0xff, 0x50, 0x00, 0x00, 0x05, 0x00, 0x1f,
    0xf4, 0x00, 0x50, 0x03, 0xfd, 0x30, 0xff, 0x31,
    0xbf, 0x60, 0xaf, 0xff, 0x8f, 0xf8, 0xff, 0xfd,
    0x00, 0x7e, 0xff, 0xff, 0xff, 0xf8, 0x10, 0x00,
    0x08, 0xff, 0xff, 0xb1, 0x00, 0x00, 0x18, 0xff,
    0xff, 0xff, 0x91, 0x00, 0x6e, 0xff, 0xef, 0xfd,
    0xff, 0xf9, 0x06, 0xff, 0x91, 0xff, 0x37, 0xff,
    0x90, 0x0b, 0x40, 0x1f, 0xf3, 0x02, 0xc1, 0x00,
    0x00, 0x01, 0xff, 0x40, 0x00, 0x00, 0x00, 0x00,
    0x2f, 0xf5, 0x00, 0x00, 0x00,

    /* U+204F "⁏" */
    0x05, 0xba, 0x10, 0x04, 0xff, 0xfd, 0x00, 0x8f,
    0xff, 0xf1, 0x05, 0xff, 0xfe, 0x00, 0x08, 0xfd,
    0x30, 0x00, 0x00, 0x00, 0x00, 0x00, 0x00, 0x00,
    0x00, 0x00, 0x00, 0x00, 0x00, 0x00, 0x00, 0x00,
    0x00, 0x00, 0x00, 0x00, 0x00, 0x00, 0x00, 0x00,
    0x00, 0x00, 0x01, 0x11, 0x00, 0x00, 0xff, 0xfe,
    0x00, 0x0b, 0xff, 0xf0, 0x00, 0x6f, 0xff, 0x20,
    0x02, 0xff, 0xf4, 0x00, 0x0d, 0xff, 0x70, 0x00,
    0x9f, 0xf9, 0x00, 0x04, 0xff, 0xb0, 0x00, 0x0f,
    0xfe, 0x00, 0x00, 0xbf, 0xf0,

    /* U+2050 "⁐" */
    0x00, 0x00, 0x00, 0x38, 0xad, 0xef, 0xff, 0xec,
    0x97, 0x20, 0x00, 0x00, 0x00, 0x00, 0x07, 0xef,
    0xff, 0xff, 0xff, 0xff, 0xff, 0xff, 0xd6, 0x00,
    0x00, 0x00, 0x4e, 0xff, 0xff, 0xff, 0xff, 0xff,
    0xff, 0xff, 0xff, 0xfe, 0x40, 0x00, 0x7f, 0xff,
    0xfe, 0xb8, 0x65, 0x44, 0x45, 0x68, 0xbf, 0xff,
    0xff, 0x60, 0x0c, 0xff, 0x94, 0x00, 0x00, 0x00,
    0x00, 0x00, 0x00, 0x04, 0xaf, 0xfb, 0x00, 0x06,
    0x10, 0x00, 0x00, 0x00, 0x00, 0x00, 0x00, 0x00,
    0x00, 0x16, 0x00, 0x00, 0x00, 0x00, 0x00, 0x00,
    0x00, 0x00, 0x00, 0x00, 0x00, 0x00, 0x00, 0x00,
    0x00, 0x00, 0x00, 0x00, 0x00, 0x00, 0x00, 0x00,
    0x00, 0x00, 0x00, 0x00, 0x00, 0x00, 0x00, 0x00,
    0x00, 0x00, 0x00, 0x00, 0x00, 0x00, 0x00, 0x00,
    0x00, 0x00, 0x00, 0x00, 0x00, 0x00, 0x00, 0x00,
    0x00, 0x00, 0x00, 0x00, 0x00, 0x00, 0x00, 0x00,
    0x00, 0x00, 0x00, 0x00, 0x00, 0x00, 0x00, 0x00,
    0x00, 0x00, 0x00, 0x00, 0x00, 0x00, 0x00, 0x00,
    0x00, 0x00, 0x00, 0x00, 0x00, 0x00, 0x00, 0x00,
    0x00, 0x00, 0x00, 0x00, 0x00, 0x00, 0x00, 0x00,
    0x00, 0x00, 0x00, 0x00, 0x00, 0x00, 0x00, 0x00,
    0x00, 0x00, 0x00, 0x00, 0x00, 0x00, 0x00, 0x00,
    0x00, 0x00, 0x00, 0x00, 0x00, 0x00, 0x00, 0x00,
    0x00, 0x00, 0x00, 0x00, 0x00, 0x00, 0x00, 0x00,
    0x00, 0x00, 0x00, 0x00, 0x00, 0x00, 0x00, 0x00,
    0x00, 0x00, 0x00, 0x00, 0x00, 0x00, 0x00, 0x00,
    0x00, 0x00, 0x00, 0x00, 0x00, 0x00, 0x00, 0x00,
    0x00, 0x00, 0x00, 0x00, 0x00, 0x00, 0x00, 0x00,
    0x00, 0x00, 0x00, 0x00, 0x00, 0x00, 0x00, 0x00,
    0x00, 0x00, 0x00, 0x00, 0x00, 0x00, 0x00, 0x00,
    0x00, 0x00, 0x00, 0x00, 0x00, 0x00, 0x00, 0x00,
    0x00, 0x00, 0x00, 0x00, 0x00, 0x00, 0x00, 0x00,
    0x00, 0x00, 0x00, 0x00, 0x00, 0x00, 0x00, 0x00,
    0x00, 0x00, 0x00, 0x00, 0x00, 0x00, 0x00, 0x00,
    0x00, 0x00, 0x00, 0x00, 0x00, 0x00, 0x00, 0x00,
    0x00, 0x00, 0x00, 0x00, 0x00, 0x00, 0x00, 0x00,
    0x00, 0x00, 0x00, 0x00, 0x00, 0x00, 0x00, 0x00,
    0x00, 0x00, 0x00, 0x00, 0x00, 0x00, 0x00, 0x00,
    0x00, 0x00, 0x00, 0x00, 0x00, 0x00, 0x00, 0x00,
    0x00, 0x06, 0x10, 0x00, 0x00, 0x00, 0x00, 0x00,
    0x00, 0x00, 0x00, 0x06, 0x00, 0x0b, 0xff, 0xa4,
    0x00, 0x00, 0x00, 0x00, 0x00, 0x00, 0x03, 0x9f,
    0xfc, 0x00, 0x7f, 0xff, 0xfe, 0xb8, 0x65, 0x44,
    0x45, 0x69, 0xcf, 0xff, 0xff, 0x80, 0x00, 0x4e,
    0xff, 0xff, 0xff, 0xff, 0xff, 0xff, 0xff, 0xff,
    0xfe, 0x50, 0x00, 0x00, 0x07, 0xef, 0xff, 0xff,
    0xff, 0xff, 0xff, 0xff, 0xe7, 0x00, 0x00, 0x00,
    0x00, 0x00, 0x37, 0xad, 0xef, 0xff, 0xed, 0xa7,
    0x30, 0x00, 0x00, 0x00,

    /* U+2051 "⁑" */
    0x00, 0x00, 0x0b, 0xfd, 0x00, 0x00, 0x00, 0x00,
    0x00, 0xaf, 0xc0, 0x00, 0x00, 0x06, 0x90, 0x09,
    0xfb, 0x00, 0x88, 0x00, 0xef, 0xe4, 0x8f, 0xa3,
    0xdf, 0xf1, 0x2c, 0xff, 0xfe, 0xfe, 0xff, 0xfd,
    0x30, 0x04, 0xcf, 0xff, 0xff, 0xd5, 0x00, 0x00,
    0x03, 0xef, 0xff, 0xf4, 0x00, 0x00, 0x2a, 0xff,
    0xff, 0xff, 0xfc, 0x40, 0x2f, 0xff, 0xda, 0xfb,
    0xbf, 0xff, 0x50, 0xbf, 0x80, 0x8f, 0xb0, 0x6f,
    0xd0, 0x02, 0x30, 0x09, 0xfb, 0x00, 0x23, 0x00,
    0x00, 0x00, 0xaf, 0xc0, 0x00, 0x00, 0x00, 0x00,
    0x06, 0x97, 0x00, 0x00, 0x00, 0x00, 0x00, 0x00,
    0x00, 0x00, 0x00, 0x00, 0x00, 0x00, 0x00, 0x00,
    0x00, 0x00, 0x00, 0x00, 0x69, 0x80, 0x00, 0x00,
    0x00, 0x00, 0x0a, 0xfd, 0x00, 0x00, 0x00, 0x23,
    0x00, 0x9f, 0xc0, 0x02, 0x30, 0x0a, 0xf8, 0x08,
    0xfb, 0x06, 0xfd, 0x02, 0xff, 0xfd, 0xaf, 0xcb,
    0xff, 0xf5, 0x02, 0xbf, 0xff, 0xff, 0xff, 0xc4,
    0x00, 0x00, 0x3d, 0xff, 0xff, 0x50, 0x00, 0x00,
    0x3c, 0xff, 0xff, 0xfd, 0x50, 0x01, 0xbf, 0xff,
    0xdf, 0xef, 0xff, 0xd3, 0x0e, 0xfe, 0x47, 0xfb,
    0x2c, 0xff, 0x20, 0x5a, 0x10, 0x8f, 0xc0, 0x07,
    0x80, 0x00, 0x00, 0x09, 0xfc, 0x00, 0x00, 0x00,
    0x00, 0x00, 0xaf, 0xd0, 0x00, 0x00,

    /* U+2052 "⁒" */
    0x00, 0x00, 0x00, 0x00, 0x00, 0x00, 0x00, 0x00,
    0x6f, 0xf7, 0x00, 0x00, 0x00, 0x00, 0x00, 0x00,
    0x00, 0x00, 0x01, 0xff, 0xc0, 0x00, 0x03, 0xcf,
    0xb2, 0x00, 0x00, 0x00, 0x00, 0x0b, 0xff, 0x20,
    0x00, 0x0e, 0xff, 0xfc, 0x00, 0x00, 0x00, 0x00,
    0x6f, 0xf7, 0x00, 0x00, 0x4f, 0xff, 0xff, 0x10,
    0x00, 0x00, 0x02, 0xff, 0xc0, 0x00, 0x00, 0x3f,
    0xff, 0xff, 0x10, 0x00, 0x00, 0x0c, 0xff, 0x20,
    0x00, 0x00, 0x0b, 0xff, 0xf9, 0x00, 0x00, 0x00,
    0x7f, 0xf6, 0x00, 0x00, 0x00, 0x00, 0x7a, 0x60,
    0x00, 0x00, 0x02, 0xff, 0xb0, 0x00, 0x00, 0x00,
    0x00, 0x00, 0x00, 0x00, 0x00, 0x0c, 0xfe, 0x10,
    0x00, 0x00, 0x00, 0x00, 0x00, 0x00, 0x00, 0x00,
    0x8f, 0xf5, 0x00, 0x00, 0x00, 0x00, 0x00, 0x00,
    0x00, 0x00, 0x03, 0xff, 0xa0, 0x00, 0x00, 0x00,
    0x00, 0x00, 0x00, 0x00, 0x00, 0x0d, 0xfe, 0x10,
    0x00, 0x00, 0x00, 0x00, 0x00, 0x00, 0x00, 0x00,
    0x8f, 0xf4, 0x00, 0x00, 0x00, 0x00, 0x00, 0x00,
    0x00, 0x00, 0x03, 0xff, 0x90, 0x00, 0x00, 0x00,
    0x00, 0x00, 0x00, 0x00, 0x00, 0x0d, 0xfe, 0x00,
    0x00, 0x00, 0x3d, 0xfb, 0x10, 0x00, 0x00, 0x00,
    0x9f, 0xf4, 0x00, 0x00, 0x01, 0xff, 0xff, 0xc0,
    0x00, 0x00, 0x04, 0xff, 0x90, 0x00, 0x00, 0x05,
    0xff, 0xff, 0xf1, 0x00, 0x00, 0x1e, 0xfd, 0x00,
    0x00, 0x00, 0x04, 0xff, 0xff, 0xf1, 0x00, 0x00,
    0xaf, 0xf3, 0x00, 0x00, 0x00, 0x00, 0xcf, 0xff,
    0x80, 0x00, 0x05, 0xff, 0x80, 0x00, 0x00, 0x00,
    0x00, 0x08, 0xa6, 0x00, 0x00, 0x1e, 0xfd, 0x00,
    0x00, 0x00, 0x00, 0x00, 0x00, 0x00, 0x00, 0x00,
    0xbf, 0xf3, 0x00, 0x00, 0x00, 0x00, 0x00, 0x00,
    0x00, 0x00,

    /* U+2053 "⁓" */
    0x00, 0x00, 0x13, 0x31, 0x00, 0x00, 0x00, 0x00,
    0x00, 0x00, 0x00, 0x4c, 0xff, 0xff, 0xb3, 0x00,
    0x00, 0x00, 0x00, 0x00, 0x0b, 0xff, 0xff, 0xff,
    0xff, 0xc3, 0x00, 0x00, 0x05, 0x30, 0x0b, 0xff,
    0xff, 0xff, 0xff, 0xff, 0xb6, 0x56, 0xcf, 0xd0,
    0x03, 0xfa, 0x30, 0x14, 0xbf, 0xff, 0xff, 0xff,
    0xff, 0xf7, 0x00, 0x20, 0x00, 0x00, 0x03, 0xbf,
    0xff, 0xff, 0xff, 0xb1, 0x00, 0x00, 0x00, 0x00,
    0x00, 0x02, 0x9d, 0xfe, 0xb4, 0x00,

    /* U+2054 "⁔" */
    0x00, 0x00, 0x00, 0x00, 0x01, 0x23, 0x33, 0x21,
    0x00, 0x00, 0x00, 0x00, 0x00, 0x00, 0x00, 0x16,
    0xbe, 0xff, 0xff, 0xff, 0xfe, 0xb7, 0x20, 0x00,
    0x00, 0x00, 0x02, 0xaf, 0xff, 0xff, 0xff, 0xff,
    0xff, 0xff, 0xff, 0xc4, 0x00, 0x00, 0x07, 0xff,
    0xff, 0xff, 0xff, 0xff, 0xff, 0xff, 0xff, 0xff,
    0xfa, 0x10, 0x0a, 0xff, 0xff, 0xb7, 0x42, 0x10,
    0x00, 0x12, 0x47, 0xaf, 0xff, 0xfc, 0x10, 0x6f,
    0xd6, 0x10, 0x00, 0x00, 0x00, 0x00, 0x00, 0x00,
    0x04, 0xaf, 0xa0, 0x00, 0x20, 0x00, 0x00, 0x00,
    0x00, 0x00, 0x00, 0x00, 0x00, 0x00, 0x20, 0x00,

    /* U+2055 "⁕" */
    0x00, 0x00, 0x00, 0x9f, 0xf6, 0x00, 0x00, 0x00,
    0x00, 0x08, 0x40, 0x9f, 0xf6, 0x06, 0x60, 0x00,
    0x00, 0x8f, 0xf4, 0x9f, 0xf6, 0x6f, 0xf6, 0x00,
    0x01, 0xef, 0xff, 0xdf, 0xfc, 0xff, 0xfc, 0x00,
    0x00, 0x2e, 0xff, 0xff, 0xff, 0xff, 0xd1, 0x00,
    0x01, 0x14, 0xff, 0xff, 0xff, 0xfe, 0x21, 0x10,
    0x6f, 0xff, 0xff, 0xff, 0xff, 0xff, 0xff, 0xf3,
    0x6f, 0xff, 0xff, 0xff, 0xff, 0xff, 0xff, 0xf3,
    0x6f, 0xff, 0xff, 0xff, 0xff, 0xff, 0xff, 0xf3,
    0x00, 0x02, 0xef, 0xff, 0xff, 0xfd, 0x10, 0x00,
    0x00, 0x2e, 0xff, 0xff, 0xff, 0xff, 0xd1, 0x00,
    0x01, 0xef, 0xff, 0xdf, 0xfc, 0xff, 0xfc, 0x00,
    0x00, 0x8f, 0xf3, 0x9f, 0xf6, 0x6f, 0xf6, 0x00,
    0x00, 0x08, 0x40, 0x9f, 0xf6, 0x06, 0x60, 0x00,
    0x00, 0x00, 0x00, 0x9f, 0xf6, 0x00, 0x00, 0x00,

    /* U+2057 "⁗" */
    0x0a, 0xff, 0xf0, 0x00, 0x0f, 0xff, 0xa0, 0x00,
    0x5f, 0xff, 0x40, 0x00, 0xaf, 0xfe, 0x00, 0xbf,
    0xfc, 0x00, 0x01, 0xff, 0xf6, 0x00, 0x06, 0xff,
    0xf1, 0x00, 0x0c, 0xff, 0xb0, 0x0c, 0xff, 0x80,
    0x00, 0x2f, 0xff, 0x30, 0x00, 0x8f, 0xfd, 0x00,
    0x00, 0xdf, 0xf8, 0x00, 0xef, 0xf5, 0x00, 0x03,
    0xff, 0xf0, 0x00, 0x09, 0xff, 0xa0, 0x00, 0x0e,
    0xff, 0x40, 0x0f, 0xff, 0x10, 0x00, 0x5f, 0xfc,
    0x00, 0x00, 0xbf, 0xf6, 0x00, 0x00, 0xff, 0xf1,
    0x01, 0xff, 0xe0, 0x00, 0x06, 0xff, 0x90, 0x00,
    0x0c, 0xff, 0x30, 0x00, 0x1f, 0xfe, 0x00, 0x2f,
    0xfb, 0x00, 0x00, 0x8f, 0xf5, 0x00, 0x00, 0xdf,
    0xf0, 0x00, 0x03, 0xff, 0xa0, 0x04, 0xff, 0x70,
    0x00, 0x09, 0xff, 0x20, 0x00, 0x0f, 0xfc, 0x00,
    0x00, 0x4f, 0xf7, 0x00, 0x27, 0x72, 0x00, 0x00,
    0x47, 0x70, 0x00, 0x00, 0x77, 0x40, 0x00, 0x02,
    0x77, 0x20, 0x00,

    /* U+205F " " */

};

/*---------------------
 *  GLYPH DESCRIPTION
 *--------------------*/

static const lv_font_fmt_txt_glyph_dsc_t glyph_dsc[] = {
    {.bitmap_index = 0, .adv_w = 0, .box_w = 0, .box_h = 0, .ofs_x = 0, .ofs_y = 0} /* id = 0 reserved */,
    {.bitmap_index = 0, .adv_w = 121, .box_w = 0, .box_h = 0, .ofs_x = 0, .ofs_y = 0},
    {.bitmap_index = 0, .adv_w = 154, .box_w = 6, .box_h = 22, .ofs_x = 2, .ofs_y = 0},
    {.bitmap_index = 66, .adv_w = 251, .box_w = 10, .box_h = 10, .ofs_x = 3, .ofs_y = 12},
    {.bitmap_index = 116, .adv_w = 309, .box_w = 19, .box_h = 22, .ofs_x = 0, .ofs_y = 0},
    {.bitmap_index = 325, .adv_w = 312, .box_w = 18, .box_h = 29, .ofs_x = 1, .ofs_y = -3},
    {.bitmap_index = 586, .adv_w = 482, .box_w = 26, .box_h = 22, .ofs_x = 2, .ofs_y = 0},
    {.bitmap_index = 872, .adv_w = 318, .box_w = 19, .box_h = 22, .ofs_x = 1, .ofs_y = 0},
    {.bitmap_index = 1081, .adv_w = 156, .box_w = 4, .box_h = 10, .ofs_x = 3, .ofs_y = 12},
    {.bitmap_index = 1101, .adv_w = 179, .box_w = 9, .box_h = 28, .ofs_x = 2, .ofs_y = -4},
    {.bitmap_index = 1227, .adv_w = 179, .box_w = 8, .box_h = 28, .ofs_x = 1, .ofs_y = -4},
    {.bitmap_index = 1339, .adv_w = 259, .box_w = 13, .box_h = 13, .ofs_x = 2, .ofs_y = 9},
    {.bitmap_index = 1424, .adv_w = 323, .box_w = 16, .box_h = 15, .ofs_x = 2, .ofs_y = 2},
    {.bitmap_index = 1544, .adv_w = 153, .box_w = 7, .box_h = 10, .ofs_x = 1, .ofs_y = -6},
    {.bitmap_index = 1579, .adv_w = 223, .box_w = 10, .box_h = 4, .ofs_x = 2, .ofs_y = 8},
    {.bitmap_index = 1599, .adv_w = 153, .box_w = 6, .box_h = 5, .ofs_x = 2, .ofs_y = 0},
    {.bitmap_index = 1614, .adv_w = 182, .box_w = 11, .box_h = 27, .ofs_x = 0, .ofs_y = -3},
    {.bitmap_index = 1763, .adv_w = 317, .box_w = 18, .box_h = 22, .ofs_x = 1, .ofs_y = 0},
    {.bitmap_index = 1961, .adv_w = 203, .box_w = 10, .box_h = 22, .ofs_x = 1, .ofs_y = 0},
    {.bitmap_index = 2071, .adv_w = 299, .box_w = 16, .box_h = 22, .ofs_x = 1, .ofs_y = 0},
    {.bitmap_index = 2247, .adv_w = 305, .box_w = 17, .box_h = 22, .ofs_x = 1, .ofs_y = 0},
    {.bitmap_index = 2434, .adv_w = 320, .box_w = 18, .box_h = 22, .ofs_x = 1, .ofs_y = 0},
    {.bitmap_index = 2632, .adv_w = 294, .box_w = 16, .box_h = 22, .ofs_x = 1, .ofs_y = 0},
    {.bitmap_index = 2808, .adv_w = 307, .box_w = 17, .box_h = 22, .ofs_x = 1, .ofs_y = 0},
    {.bitmap_index = 2995, .adv_w = 277, .box_w = 16, .box_h = 22, .ofs_x = 1, .ofs_y = 0},
    {.bitmap_index = 3171, .adv_w = 307, .box_w = 17, .box_h = 22, .ofs_x = 1, .ofs_y = 0},
    {.bitmap_index = 3358, .adv_w = 307, .box_w = 17, .box_h = 22, .ofs_x = 1, .ofs_y = 0},
    {.bitmap_index = 3545, .adv_w = 153, .box_w = 6, .box_h = 16, .ofs_x = 2, .ofs_y = 0},
    {.bitmap_index = 3593, .adv_w = 158, .box_w = 7, .box_h = 22, .ofs_x = 1, .ofs_y = -6},
    {.bitmap_index = 3670, .adv_w = 323, .box_w = 16, .box_h = 18, .ofs_x = 2, .ofs_y = 0},
    {.bitmap_index = 3814, .adv_w = 323, .box_w = 15, .box_h = 11, .ofs_x = 3, .ofs_y = 4},
    {.bitmap_index = 3897, .adv_w = 323, .box_w = 15, .box_h = 18, .ofs_x = 3, .ofs_y = 0},
    {.bitmap_index = 4032, .adv_w = 261, .box_w = 14, .box_h = 22, .ofs_x = 1, .ofs_y = 0},
    {.bitmap_index = 4186, .adv_w = 480, .box_w = 28, .box_h = 28, .ofs_x = 1, .ofs_y = -6},
    {.bitmap_index = 4578, .adv_w = 349, .box_w = 22, .box_h = 22, .ofs_x = 0, .ofs_y = 0},
    {.bitmap_index = 4820, .adv_w = 316, .box_w = 17, .box_h = 22, .ofs_x = 2, .ofs_y = 0},
    {.bitmap_index = 5007, .adv_w = 354, .box_w = 20, .box_h = 22, .ofs_x = 1, .ofs_y = 0},
    {.bitmap_index = 5227, .adv_w = 347, .box_w = 19, .box_h = 22, .ofs_x = 2, .ofs_y = 0},
    {.bitmap_index = 5436, .adv_w = 291, .box_w = 15, .box_h = 22, .ofs_x = 2, .ofs_y = 0},
    {.bitmap_index = 5601, .adv_w = 282, .box_w = 15, .box_h = 22, .ofs_x = 2, .ofs_y = 0},
    {.bitmap_index = 5766, .adv_w = 360, .box_w = 20, .box_h = 22, .ofs_x = 1, .ofs_y = 0},
    {.bitmap_index = 5986, .adv_w = 358, .box_w = 19, .box_h = 22, .ofs_x = 2, .ofs_y = 0},
    {.bitmap_index = 6195, .adv_w = 133, .box_w = 5, .box_h = 22, .ofs_x = 2, .ofs_y = 0},
    {.bitmap_index = 6250, .adv_w = 278, .box_w = 15, .box_h = 22, .ofs_x = 1, .ofs_y = 0},
    {.bitmap_index = 6415, .adv_w = 338, .box_w = 19, .box_h = 22, .ofs_x = 2, .ofs_y = 0},
    {.bitmap_index = 6624, .adv_w = 271, .box_w = 14, .box_h = 22, .ofs_x = 2, .ofs_y = 0},
    {.bitmap_index = 6778, .adv_w = 443, .box_w = 24, .box_h = 22, .ofs_x = 2, .ofs_y = 0},
    {.bitmap_index = 7042, .adv_w = 364, .box_w = 19, .box_h = 22, .ofs_x = 2, .ofs_y = 0},
    {.bitmap_index = 7251, .adv_w = 369, .box_w = 21, .box_h = 22, .ofs_x = 1, .ofs_y = 0},
    {.bitmap_index = 7482, .adv_w = 310, .box_w = 17, .box_h = 22, .ofs_x = 2, .ofs_y = 0},
    {.bitmap_index = 7669, .adv_w = 371, .box_w = 21, .box_h = 24, .ofs_x = 1, .ofs_y = -2},
    {.bitmap_index = 7921, .adv_w = 313, .box_w = 17, .box_h = 22, .ofs_x = 2, .ofs_y = 0},
    {.bitmap_index = 8108, .adv_w = 312, .box_w = 18, .box_h = 22, .ofs_x = 1, .ofs_y = 0},
    {.bitmap_index = 8306, .adv_w = 317, .box_w = 18, .box_h = 22, .ofs_x = 1, .ofs_y = 0},
    {.bitmap_index = 8504, .adv_w = 353, .box_w = 18, .box_h = 22, .ofs_x = 2, .ofs_y = 0},
    {.bitmap_index = 8702, .adv_w = 349, .box_w = 22, .box_h = 22, .ofs_x = 0, .ofs_y = 0},
    {.bitmap_index = 8944, .adv_w = 490, .box_w = 30, .box_h = 22, .ofs_x = 0, .ofs_y = 0},
    {.bitmap_index = 9274, .adv_w = 345, .box_w = 21, .box_h = 22, .ofs_x = 0, .ofs_y = 0},
    {.bitmap_index = 9505, .adv_w = 342, .box_w = 21, .box_h = 22, .ofs_x = 0, .ofs_y = 0},
    {.bitmap_index = 9736, .adv_w = 313, .box_w = 17, .box_h = 22, .ofs_x = 1, .ofs_y = 0},
    {.bitmap_index = 9923, .adv_w = 179, .box_w = 8, .box_h = 28, .ofs_x = 2, .ofs_y = -4},
    {.bitmap_index = 10035, .adv_w = 182, .box_w = 11, .box_h = 27, .ofs_x = 0, .ofs_y = -3},
    {.bitmap_index = 10184, .adv_w = 179, .box_w = 8, .box_h = 28, .ofs_x = 1, .ofs_y = -4},
    {.bitmap_index = 10296, .adv_w = 231, .box_w = 13, .box_h = 10, .ofs_x = 1, .ofs_y = 12},
    {.bitmap_index = 10361, .adv_w = 225, .box_w = 15, .box_h = 4, .ofs_x = 0, .ofs_y = -3},
    {.bitmap_index = 10391, .adv_w = 169, .box_w = 7, .box_h = 5, .ofs_x = 2, .ofs_y = 19},
    {.bitmap_index = 10409, .adv_w = 276, .box_w = 15, .box_h = 17, .ofs_x = 1, .ofs_y = 0},
    {.bitmap_index = 10537, .adv_w = 300, .box_w = 16, .box_h = 22, .ofs_x = 2, .ofs_y = 0},
    {.bitmap_index = 10713, .adv_w = 280, .box_w = 16, .box_h = 17, .ofs_x = 1, .ofs_y = 0},
    {.bitmap_index = 10849, .adv_w = 300, .box_w = 16, .box_h = 22, .ofs_x = 1, .ofs_y = 0},
    {.bitmap_index = 11025, .adv_w = 284, .box_w = 16, .box_h = 17, .ofs_x = 1, .ofs_y = 0},
    {.bitmap_index = 11161, .adv_w = 187, .box_w = 12, .box_h = 24, .ofs_x = 0, .ofs_y = 0},
    {.bitmap_index = 11305, .adv_w = 300, .box_w = 16, .box_h = 23, .ofs_x = 1, .ofs_y = -6},
    {.bitmap_index = 11489, .adv_w = 294, .box_w = 15, .box_h = 22, .ofs_x = 2, .ofs_y = 0},
    {.bitmap_index = 11654, .adv_w = 126, .box_w = 6, .box_h = 24, .ofs_x = 1, .ofs_y = 0},
    {.bitmap_index = 11726, .adv_w = 126, .box_w = 8, .box_h = 30, .ofs_x = -1, .ofs_y = -6},
    {.bitmap_index = 11846, .adv_w = 273, .box_w = 15, .box_h = 22, .ofs_x = 2, .ofs_y = 0},
    {.bitmap_index = 12011, .adv_w = 126, .box_w = 4, .box_h = 22, .ofs_x = 2, .ofs_y = 0},
    {.bitmap_index = 12055, .adv_w = 432, .box_w = 23, .box_h = 17, .ofs_x = 2, .ofs_y = 0},
    {.bitmap_index = 12251, .adv_w = 294, .box_w = 15, .box_h = 17, .ofs_x = 2, .ofs_y = 0},
    {.bitmap_index = 12379, .adv_w = 292, .box_w = 16, .box_h = 17, .ofs_x = 1, .ofs_y = 0},
    {.bitmap_index = 12515, .adv_w = 300, .box_w = 16, .box_h = 23, .ofs_x = 2, .ofs_y = -6},
    {.bitmap_index = 12699, .adv_w = 300, .box_w = 16, .box_h = 23, .ofs_x = 1, .ofs_y = -6},
    {.bitmap_index = 12883, .adv_w = 191, .box_w = 10, .box_h = 18, .ofs_x = 2, .ofs_y = 0},
    {.bitmap_index = 12973, .adv_w = 264, .box_w = 15, .box_h = 17, .ofs_x = 1, .ofs_y = 0},
    {.bitmap_index = 13101, .adv_w = 169, .box_w = 11, .box_h = 21, .ofs_x = 0, .ofs_y = 0},
    {.bitmap_index = 13217, .adv_w = 294, .box_w = 15, .box_h = 17, .ofs_x = 2, .ofs_y = 0},
    {.bitmap_index = 13345, .adv_w = 282, .box_w = 18, .box_h = 17, .ofs_x = 0, .ofs_y = 0},
    {.bitmap_index = 13498, .adv_w = 403, .box_w = 25, .box_h = 17, .ofs_x = 0, .ofs_y = 0},
    {.bitmap_index = 13711, .adv_w = 273, .box_w = 17, .box_h = 17, .ofs_x = 0, .ofs_y = 0},
    {.bitmap_index = 13856, .adv_w = 282, .box_w = 18, .box_h = 23, .ofs_x = 0, .ofs_y = -6},
    {.bitmap_index = 14063, .adv_w = 272, .box_w = 15, .box_h = 17, .ofs_x = 1, .ofs_y = 0},
    {.bitmap_index = 14191, .adv_w = 218, .box_w = 11, .box_h = 28, .ofs_x = 2, .ofs_y = -4},
    {.bitmap_index = 14345, .adv_w = 172, .box_w = 5, .box_h = 37, .ofs_x = 3, .ofs_y = -7},
    {.bitmap_index = 14438, .adv_w = 218, .box_w = 11, .box_h = 28, .ofs_x = 1, .ofs_y = -4},
    {.bitmap_index = 14592, .adv_w = 323, .box_w = 16, .box_h = 7, .ofs_x = 2, .ofs_y = 6},
    {.bitmap_index = 14648, .adv_w = 121, .box_w = 0, .box_h = 0, .ofs_x = 0, .ofs_y = 0},
    {.bitmap_index = 14648, .adv_w = 154, .box_w = 6, .box_h = 23, .ofs_x = 2, .ofs_y = -6},
    {.bitmap_index = 14717, .adv_w = 280, .box_w = 16, .box_h = 22, .ofs_x = 1, .ofs_y = 0},
    {.bitmap_index = 14893, .adv_w = 302, .box_w = 17, .box_h = 22, .ofs_x = 1, .ofs_y = 0},
    {.bitmap_index = 15080, .adv_w = 360, .box_w = 20, .box_h = 21, .ofs_x = 1, .ofs_y = -1},
    {.bitmap_index = 15290, .adv_w = 270, .box_w = 17, .box_h = 22, .ofs_x = 0, .ofs_y = 0},
    {.bitmap_index = 15477, .adv_w = 152, .box_w = 4, .box_h = 27, .ofs_x = 3, .ofs_y = -5},
    {.bitmap_index = 15531, .adv_w = 273, .box_w = 15, .box_h = 28, .ofs_x = 1, .ofs_y = -6},
    {.bitmap_index = 15741, .adv_w = 294, .box_w = 12, .box_h = 5, .ofs_x = 3, .ofs_y = 19},
    {.bitmap_index = 15771, .adv_w = 439, .box_w = 23, .box_h = 23, .ofs_x = 2, .ofs_y = 0},
    {.bitmap_index = 16036, .adv_w = 221, .box_w = 13, .box_h = 13, .ofs_x = 0, .ofs_y = 10},
    {.bitmap_index = 16121, .adv_w = 304, .box_w = 17, .box_h = 15, .ofs_x = 1, .ofs_y = 2},
    {.bitmap_index = 16249, .adv_w = 323, .box_w = 14, .box_h = 8, .ofs_x = 3, .ofs_y = 4},
    {.bitmap_index = 16305, .adv_w = 319, .box_w = 18, .box_h = 18, .ofs_x = 1, .ofs_y = 5},
    {.bitmap_index = 16467, .adv_w = 217, .box_w = 9, .box_h = 3, .ofs_x = 2, .ofs_y = 20},
    {.bitmap_index = 16481, .adv_w = 220, .box_w = 11, .box_h = 11, .ofs_x = 1, .ofs_y = 12},
    {.bitmap_index = 16542, .adv_w = 323, .box_w = 16, .box_h = 17, .ofs_x = 2, .ofs_y = 0},
    {.bitmap_index = 16678, .adv_w = 218, .box_w = 12, .box_h = 13, .ofs_x = 1, .ofs_y = 13},
    {.bitmap_index = 16756, .adv_w = 222, .box_w = 12, .box_h = 13, .ofs_x = 1, .ofs_y = 13},
    {.bitmap_index = 16834, .adv_w = 169, .box_w = 7, .box_h = 5, .ofs_x = 2, .ofs_y = 19},
    {.bitmap_index = 16852, .adv_w = 295, .box_w = 17, .box_h = 23, .ofs_x = 2, .ofs_y = -6},
    {.bitmap_index = 17048, .adv_w = 288, .box_w = 15, .box_h = 22, .ofs_x = 1, .ofs_y = 0},
    {.bitmap_index = 17213, .adv_w = 153, .box_w = 6, .box_h = 5, .ofs_x = 2, .ofs_y = 8},
    {.bitmap_index = 17228, .adv_w = 159, .box_w = 6, .box_h = 7, .ofs_x = 3, .ofs_y = -6},
    {.bitmap_index = 17249, .adv_w = 155, .box_w = 7, .box_h = 13, .ofs_x = 1, .ofs_y = 13},
    {.bitmap_index = 17295, .adv_w = 234, .box_w = 13, .box_h = 13, .ofs_x = 1, .ofs_y = 10},
    {.bitmap_index = 17380, .adv_w = 304, .box_w = 17, .box_h = 15, .ofs_x = 1, .ofs_y = 2},
    {.bitmap_index = 17508, .adv_w = 399, .box_w = 23, .box_h = 23, .ofs_x = 1, .ofs_y = 0},
    {.bitmap_index = 17773, .adv_w = 417, .box_w = 24, .box_h = 23, .ofs_x = 1, .ofs_y = 0},
    {.bitmap_index = 18049, .adv_w = 435, .box_w = 26, .box_h = 23, .ofs_x = 1, .ofs_y = 0},
    {.bitmap_index = 18348, .adv_w = 261, .box_w = 15, .box_h = 23, .ofs_x = 1, .ofs_y = -6},
    {.bitmap_index = 18521, .adv_w = 349, .box_w = 22, .box_h = 29, .ofs_x = 0, .ofs_y = 0},
    {.bitmap_index = 18840, .adv_w = 349, .box_w = 22, .box_h = 29, .ofs_x = 0, .ofs_y = 0},
    {.bitmap_index = 19159, .adv_w = 349, .box_w = 22, .box_h = 29, .ofs_x = 0, .ofs_y = 0},
    {.bitmap_index = 19478, .adv_w = 349, .box_w = 22, .box_h = 29, .ofs_x = 0, .ofs_y = 0},
    {.bitmap_index = 19797, .adv_w = 349, .box_w = 22, .box_h = 29, .ofs_x = 0, .ofs_y = 0},
    {.bitmap_index = 20116, .adv_w = 349, .box_w = 22, .box_h = 31, .ofs_x = 0, .ofs_y = 0},
    {.bitmap_index = 20457, .adv_w = 486, .box_w = 29, .box_h = 22, .ofs_x = 0, .ofs_y = 0},
    {.bitmap_index = 20776, .adv_w = 354, .box_w = 20, .box_h = 28, .ofs_x = 1, .ofs_y = -6},
    {.bitmap_index = 21056, .adv_w = 291, .box_w = 15, .box_h = 29, .ofs_x = 2, .ofs_y = 0},
    {.bitmap_index = 21274, .adv_w = 291, .box_w = 15, .box_h = 29, .ofs_x = 2, .ofs_y = 0},
    {.bitmap_index = 21492, .adv_w = 291, .box_w = 15, .box_h = 29, .ofs_x = 2, .ofs_y = 0},
    {.bitmap_index = 21710, .adv_w = 291, .box_w = 15, .box_h = 29, .ofs_x = 2, .ofs_y = 0},
    {.bitmap_index = 21928, .adv_w = 133, .box_w = 8, .box_h = 29, .ofs_x = -1, .ofs_y = 0},
    {.bitmap_index = 22044, .adv_w = 133, .box_w = 7, .box_h = 29, .ofs_x = 2, .ofs_y = 0},
    {.bitmap_index = 22146, .adv_w = 133, .box_w = 12, .box_h = 29, .ofs_x = -2, .ofs_y = 0},
    {.bitmap_index = 22320, .adv_w = 133, .box_w = 12, .box_h = 29, .ofs_x = -2, .ofs_y = 0},
    {.bitmap_index = 22494, .adv_w = 361, .box_w = 22, .box_h = 22, .ofs_x = 0, .ofs_y = 0},
    {.bitmap_index = 22736, .adv_w = 364, .box_w = 19, .box_h = 29, .ofs_x = 2, .ofs_y = 0},
    {.bitmap_index = 23012, .adv_w = 369, .box_w = 21, .box_h = 30, .ofs_x = 1, .ofs_y = 0},
    {.bitmap_index = 23327, .adv_w = 369, .box_w = 21, .box_h = 30, .ofs_x = 1, .ofs_y = 0},
    {.bitmap_index = 23642, .adv_w = 369, .box_w = 21, .box_h = 30, .ofs_x = 1, .ofs_y = 0},
    {.bitmap_index = 23957, .adv_w = 369, .box_w = 21, .box_h = 29, .ofs_x = 1, .ofs_y = 0},
    {.bitmap_index = 24262, .adv_w = 369, .box_w = 21, .box_h = 30, .ofs_x = 1, .ofs_y = 0},
    {.bitmap_index = 24577, .adv_w = 323, .box_w = 16, .box_h = 16, .ofs_x = 2, .ofs_y = 1},
    {.bitmap_index = 24705, .adv_w = 369, .box_w = 21, .box_h = 24, .ofs_x = 1, .ofs_y = -1},
    {.bitmap_index = 24957, .adv_w = 353, .box_w = 18, .box_h = 30, .ofs_x = 2, .ofs_y = 0},
    {.bitmap_index = 25227, .adv_w = 353, .box_w = 18, .box_h = 30, .ofs_x = 2, .ofs_y = 0},
    {.bitmap_index = 25497, .adv_w = 353, .box_w = 18, .box_h = 30, .ofs_x = 2, .ofs_y = 0},
    {.bitmap_index = 25767, .adv_w = 353, .box_w = 18, .box_h = 30, .ofs_x = 2, .ofs_y = 0},
    {.bitmap_index = 26037, .adv_w = 342, .box_w = 21, .box_h = 29, .ofs_x = 0, .ofs_y = 0},
    {.bitmap_index = 26342, .adv_w = 316, .box_w = 16, .box_h = 22, .ofs_x = 2, .ofs_y = 0},
    {.bitmap_index = 26518, .adv_w = 309, .box_w = 16, .box_h = 22, .ofs_x = 2, .ofs_y = 0},
    {.bitmap_index = 26694, .adv_w = 276, .box_w = 15, .box_h = 24, .ofs_x = 1, .ofs_y = 0},
    {.bitmap_index = 26874, .adv_w = 276, .box_w = 15, .box_h = 24, .ofs_x = 1, .ofs_y = 0},
    {.bitmap_index = 27054, .adv_w = 276, .box_w = 15, .box_h = 24, .ofs_x = 1, .ofs_y = 0},
    {.bitmap_index = 27234, .adv_w = 276, .box_w = 15, .box_h = 24, .ofs_x = 1, .ofs_y = 0},
    {.bitmap_index = 27414, .adv_w = 276, .box_w = 15, .box_h = 24, .ofs_x = 1, .ofs_y = 0},
    {.bitmap_index = 27594, .adv_w = 276, .box_w = 15, .box_h = 26, .ofs_x = 1, .ofs_y = 0},
    {.bitmap_index = 27789, .adv_w = 438, .box_w = 26, .box_h = 17, .ofs_x = 1, .ofs_y = 0},
    {.bitmap_index = 28010, .adv_w = 280, .box_w = 16, .box_h = 23, .ofs_x = 1, .ofs_y = -6},
    {.bitmap_index = 28194, .adv_w = 284, .box_w = 16, .box_h = 24, .ofs_x = 1, .ofs_y = 0},
    {.bitmap_index = 28386, .adv_w = 284, .box_w = 16, .box_h = 24, .ofs_x = 1, .ofs_y = 0},
    {.bitmap_index = 28578, .adv_w = 284, .box_w = 16, .box_h = 24, .ofs_x = 1, .ofs_y = 0},
    {.bitmap_index = 28770, .adv_w = 284, .box_w = 16, .box_h = 24, .ofs_x = 1, .ofs_y = 0},
    {.bitmap_index = 28962, .adv_w = 126, .box_w = 7, .box_h = 24, .ofs_x = -1, .ofs_y = 0},
    {.bitmap_index = 29046, .adv_w = 126, .box_w = 7, .box_h = 24, .ofs_x = 2, .ofs_y = 0},
    {.bitmap_index = 29130, .adv_w = 126, .box_w = 12, .box_h = 24, .ofs_x = -2, .ofs_y = 0},
    {.bitmap_index = 29274, .adv_w = 126, .box_w = 12, .box_h = 24, .ofs_x = -2, .ofs_y = 0},
    {.bitmap_index = 29418, .adv_w = 285, .box_w = 16, .box_h = 25, .ofs_x = 1, .ofs_y = 0},
    {.bitmap_index = 29618, .adv_w = 294, .box_w = 15, .box_h = 24, .ofs_x = 2, .ofs_y = 0},
    {.bitmap_index = 29798, .adv_w = 292, .box_w = 16, .box_h = 24, .ofs_x = 1, .ofs_y = 0},
    {.bitmap_index = 29990, .adv_w = 292, .box_w = 16, .box_h = 24, .ofs_x = 1, .ofs_y = 0},
    {.bitmap_index = 30182, .adv_w = 292, .box_w = 16, .box_h = 24, .ofs_x = 1, .ofs_y = 0},
    {.bitmap_index = 30374, .adv_w = 292, .box_w = 16, .box_h = 24, .ofs_x = 1, .ofs_y = 0},
    {.bitmap_index = 30566, .adv_w = 292, .box_w = 16, .box_h = 24, .ofs_x = 1, .ofs_y = 0},
    {.bitmap_index = 30758, .adv_w = 323, .box_w = 16, .box_h = 17, .ofs_x = 2, .ofs_y = 0},
    {.bitmap_index = 30894, .adv_w = 292, .box_w = 17, .box_h = 19, .ofs_x = 1, .ofs_y = -1},
    {.bitmap_index = 31056, .adv_w = 294, .box_w = 15, .box_h = 24, .ofs_x = 2, .ofs_y = 0},
    {.bitmap_index = 31236, .adv_w = 294, .box_w = 15, .box_h = 24, .ofs_x = 2, .ofs_y = 0},
    {.bitmap_index = 31416, .adv_w = 294, .box_w = 15, .box_h = 24, .ofs_x = 2, .ofs_y = 0},
    {.bitmap_index = 31596, .adv_w = 294, .box_w = 15, .box_h = 24, .ofs_x = 2, .ofs_y = 0},
    {.bitmap_index = 31776, .adv_w = 282, .box_w = 18, .box_h = 30, .ofs_x = 0, .ofs_y = -6},
    {.bitmap_index = 32046, .adv_w = 300, .box_w = 16, .box_h = 28, .ofs_x = 2, .ofs_y = -6},
    {.bitmap_index = 32270, .adv_w = 282, .box_w = 18, .box_h = 30, .ofs_x = 0, .ofs_y = -6},
    {.bitmap_index = 32540, .adv_w = 349, .box_w = 22, .box_h = 28, .ofs_x = 0, .ofs_y = 0},
    {.bitmap_index = 32848, .adv_w = 276, .box_w = 15, .box_h = 22, .ofs_x = 1, .ofs_y = 0},
    {.bitmap_index = 33013, .adv_w = 349, .box_w = 22, .box_h = 29, .ofs_x = 0, .ofs_y = 0},
    {.bitmap_index = 33332, .adv_w = 276, .box_w = 15, .box_h = 24, .ofs_x = 1, .ofs_y = 0},
    {.bitmap_index = 33512, .adv_w = 349, .box_w = 22, .box_h = 28, .ofs_x = 0, .ofs_y = -6},
    {.bitmap_index = 33820, .adv_w = 276, .box_w = 16, .box_h = 23, .ofs_x = 1, .ofs_y = -6},
    {.bitmap_index = 34004, .adv_w = 354, .box_w = 20, .box_h = 30, .ofs_x = 1, .ofs_y = 0},
    {.bitmap_index = 34304, .adv_w = 280, .box_w = 16, .box_h = 24, .ofs_x = 1, .ofs_y = 0},
    {.bitmap_index = 34496, .adv_w = 354, .box_w = 20, .box_h = 30, .ofs_x = 1, .ofs_y = 0},
    {.bitmap_index = 34796, .adv_w = 280, .box_w = 16, .box_h = 24, .ofs_x = 1, .ofs_y = 0},
    {.bitmap_index = 34988, .adv_w = 354, .box_w = 20, .box_h = 30, .ofs_x = 1, .ofs_y = 0},
    {.bitmap_index = 35288, .adv_w = 280, .box_w = 16, .box_h = 24, .ofs_x = 1, .ofs_y = 0},
    {.bitmap_index = 35480, .adv_w = 354, .box_w = 20, .box_h = 30, .ofs_x = 1, .ofs_y = 0},
    {.bitmap_index = 35780, .adv_w = 280, .box_w = 16, .box_h = 24, .ofs_x = 1, .ofs_y = 0},
    {.bitmap_index = 35972, .adv_w = 347, .box_w = 19, .box_h = 29, .ofs_x = 2, .ofs_y = 0},
    {.bitmap_index = 36248, .adv_w = 355, .box_w = 21, .box_h = 24, .ofs_x = 1, .ofs_y = 0},
    {.bitmap_index = 36500, .adv_w = 361, .box_w = 22, .box_h = 22, .ofs_x = 0, .ofs_y = 0},
    {.bitmap_index = 36742, .adv_w = 300, .box_w = 18, .box_h = 22, .ofs_x = 1, .ofs_y = 0},
    {.bitmap_index = 36940, .adv_w = 291, .box_w = 15, .box_h = 28, .ofs_x = 2, .ofs_y = 0},
    {.bitmap_index = 37150, .adv_w = 284, .box_w = 16, .box_h = 22, .ofs_x = 1, .ofs_y = 0},
    {.bitmap_index = 37326, .adv_w = 291, .box_w = 15, .box_h = 29, .ofs_x = 2, .ofs_y = 0},
    {.bitmap_index = 37544, .adv_w = 284, .box_w = 16, .box_h = 24, .ofs_x = 1, .ofs_y = 0},
    {.bitmap_index = 37736, .adv_w = 291, .box_w = 15, .box_h = 29, .ofs_x = 2, .ofs_y = 0},
    {.bitmap_index = 37954, .adv_w = 284, .box_w = 16, .box_h = 24, .ofs_x = 1, .ofs_y = 0},
    {.bitmap_index = 38146, .adv_w = 291, .box_w = 16, .box_h = 28, .ofs_x = 2, .ofs_y = -6},
    {.bitmap_index = 38370, .adv_w = 284, .box_w = 16, .box_h = 23, .ofs_x = 1, .ofs_y = -6},
    {.bitmap_index = 38554, .adv_w = 291, .box_w = 15, .box_h = 29, .ofs_x = 2, .ofs_y = 0},
    {.bitmap_index = 38772, .adv_w = 284, .box_w = 16, .box_h = 24, .ofs_x = 1, .ofs_y = 0},
    {.bitmap_index = 38964, .adv_w = 360, .box_w = 20, .box_h = 30, .ofs_x = 1, .ofs_y = 0},
    {.bitmap_index = 39264, .adv_w = 300, .box_w = 16, .box_h = 30, .ofs_x = 1, .ofs_y = -6},
    {.bitmap_index = 39504, .adv_w = 360, .box_w = 20, .box_h = 30, .ofs_x = 1, .ofs_y = 0},
    {.bitmap_index = 39804, .adv_w = 300, .box_w = 16, .box_h = 30, .ofs_x = 1, .ofs_y = -6},
    {.bitmap_index = 40044, .adv_w = 360, .box_w = 20, .box_h = 30, .ofs_x = 1, .ofs_y = 0},
    {.bitmap_index = 40344, .adv_w = 300, .box_w = 16, .box_h = 30, .ofs_x = 1, .ofs_y = -6},
    {.bitmap_index = 40584, .adv_w = 360, .box_w = 20, .box_h = 29, .ofs_x = 1, .ofs_y = -7},
    {.bitmap_index = 40874, .adv_w = 300, .box_w = 16, .box_h = 32, .ofs_x = 1, .ofs_y = -6},
    {.bitmap_index = 41130, .adv_w = 358, .box_w = 19, .box_h = 29, .ofs_x = 2, .ofs_y = 0},
    {.bitmap_index = 41406, .adv_w = 294, .box_w = 19, .box_h = 29, .ofs_x = -2, .ofs_y = 0},
    {.bitmap_index = 41682, .adv_w = 383, .box_w = 22, .box_h = 22, .ofs_x = 1, .ofs_y = 0},
    {.bitmap_index = 41924, .adv_w = 294, .box_w = 18, .box_h = 22, .ofs_x = -1, .ofs_y = 0},
    {.bitmap_index = 42122, .adv_w = 133, .box_w = 10, .box_h = 29, .ofs_x = -1, .ofs_y = 0},
    {.bitmap_index = 42267, .adv_w = 126, .box_w = 10, .box_h = 24, .ofs_x = -1, .ofs_y = 0},
    {.bitmap_index = 42387, .adv_w = 133, .box_w = 10, .box_h = 28, .ofs_x = -1, .ofs_y = 0},
    {.bitmap_index = 42527, .adv_w = 126, .box_w = 10, .box_h = 22, .ofs_x = -1, .ofs_y = 0},
    {.bitmap_index = 42637, .adv_w = 133, .box_w = 10, .box_h = 29, .ofs_x = -1, .ofs_y = 0},
    {.bitmap_index = 42782, .adv_w = 126, .box_w = 10, .box_h = 24, .ofs_x = -1, .ofs_y = 0},
    {.bitmap_index = 42902, .adv_w = 133, .box_w = 7, .box_h = 28, .ofs_x = 0, .ofs_y = -6},
    {.bitmap_index = 43000, .adv_w = 126, .box_w = 8, .box_h = 30, .ofs_x = -1, .ofs_y = -6},
    {.bitmap_index = 43120, .adv_w = 133, .box_w = 6, .box_h = 29, .ofs_x = 1, .ofs_y = 0},
    {.bitmap_index = 43207, .adv_w = 126, .box_w = 4, .box_h = 17, .ofs_x = 2, .ofs_y = 0},
    {.bitmap_index = 43241, .adv_w = 411, .box_w = 22, .box_h = 22, .ofs_x = 2, .ofs_y = 0},
    {.bitmap_index = 43483, .adv_w = 251, .box_w = 13, .box_h = 30, .ofs_x = 1, .ofs_y = -6},
    {.bitmap_index = 43678, .adv_w = 278, .box_w = 18, .box_h = 30, .ofs_x = 1, .ofs_y = 0},
    {.bitmap_index = 43948, .adv_w = 126, .box_w = 12, .box_h = 30, .ofs_x = -2, .ofs_y = -6},
    {.bitmap_index = 44128, .adv_w = 338, .box_w = 19, .box_h = 30, .ofs_x = 2, .ofs_y = -8},
    {.bitmap_index = 44413, .adv_w = 273, .box_w = 15, .box_h = 30, .ofs_x = 2, .ofs_y = -8},
    {.bitmap_index = 44638, .adv_w = 272, .box_w = 15, .box_h = 17, .ofs_x = 2, .ofs_y = 0},
    {.bitmap_index = 44766, .adv_w = 271, .box_w = 14, .box_h = 29, .ofs_x = 2, .ofs_y = 0},
    {.bitmap_index = 44969, .adv_w = 126, .box_w = 7, .box_h = 29, .ofs_x = 2, .ofs_y = 0},
    {.bitmap_index = 45071, .adv_w = 271, .box_w = 14, .box_h = 30, .ofs_x = 2, .ofs_y = -8},
    {.bitmap_index = 45281, .adv_w = 126, .box_w = 6, .box_h = 30, .ofs_x = 0, .ofs_y = -8},
    {.bitmap_index = 45371, .adv_w = 271, .box_w = 14, .box_h = 24, .ofs_x = 2, .ofs_y = 0},
    {.bitmap_index = 45539, .adv_w = 181, .box_w = 9, .box_h = 24, .ofs_x = 2, .ofs_y = 0},
    {.bitmap_index = 45647, .adv_w = 275, .box_w = 14, .box_h = 22, .ofs_x = 2, .ofs_y = 0},
    {.bitmap_index = 45801, .adv_w = 201, .box_w = 11, .box_h = 22, .ofs_x = 2, .ofs_y = 0},
    {.bitmap_index = 45922, .adv_w = 289, .box_w = 17, .box_h = 22, .ofs_x = 0, .ofs_y = 0},
    {.bitmap_index = 46109, .adv_w = 126, .box_w = 10, .box_h = 22, .ofs_x = -1, .ofs_y = 0},
    {.bitmap_index = 46219, .adv_w = 364, .box_w = 19, .box_h = 29, .ofs_x = 2, .ofs_y = 0},
    {.bitmap_index = 46495, .adv_w = 294, .box_w = 15, .box_h = 24, .ofs_x = 2, .ofs_y = 0},
    {.bitmap_index = 46675, .adv_w = 364, .box_w = 19, .box_h = 30, .ofs_x = 2, .ofs_y = -8},
    {.bitmap_index = 46960, .adv_w = 294, .box_w = 15, .box_h = 25, .ofs_x = 2, .ofs_y = -8},
    {.bitmap_index = 47148, .adv_w = 364, .box_w = 19, .box_h = 29, .ofs_x = 2, .ofs_y = 0},
    {.bitmap_index = 47424, .adv_w = 294, .box_w = 15, .box_h = 24, .ofs_x = 2, .ofs_y = 0},
    {.bitmap_index = 47604, .adv_w = 364, .box_w = 19, .box_h = 28, .ofs_x = 2, .ofs_y = -6},
    {.bitmap_index = 47870, .adv_w = 294, .box_w = 15, .box_h = 23, .ofs_x = 2, .ofs_y = -6},
    {.bitmap_index = 48043, .adv_w = 369, .box_w = 21, .box_h = 29, .ofs_x = 1, .ofs_y = 0},
    {.bitmap_index = 48348, .adv_w = 292, .box_w = 16, .box_h = 22, .ofs_x = 1, .ofs_y = 0},
    {.bitmap_index = 48524, .adv_w = 369, .box_w = 21, .box_h = 30, .ofs_x = 1, .ofs_y = 0},
    {.bitmap_index = 48839, .adv_w = 292, .box_w = 16, .box_h = 24, .ofs_x = 1, .ofs_y = 0},
    {.bitmap_index = 49031, .adv_w = 369, .box_w = 21, .box_h = 30, .ofs_x = 1, .ofs_y = 0},
    {.bitmap_index = 49346, .adv_w = 292, .box_w = 16, .box_h = 24, .ofs_x = 1, .ofs_y = 0},
    {.bitmap_index = 49538, .adv_w = 487, .box_w = 28, .box_h = 22, .ofs_x = 1, .ofs_y = 0},
    {.bitmap_index = 49846, .adv_w = 476, .box_w = 28, .box_h = 17, .ofs_x = 1, .ofs_y = 0},
    {.bitmap_index = 50084, .adv_w = 313, .box_w = 17, .box_h = 29, .ofs_x = 2, .ofs_y = 0},
    {.bitmap_index = 50331, .adv_w = 191, .box_w = 10, .box_h = 24, .ofs_x = 2, .ofs_y = 0},
    {.bitmap_index = 50451, .adv_w = 313, .box_w = 17, .box_h = 30, .ofs_x = 2, .ofs_y = -8},
    {.bitmap_index = 50706, .adv_w = 191, .box_w = 12, .box_h = 26, .ofs_x = 0, .ofs_y = -8},
    {.bitmap_index = 50862, .adv_w = 313, .box_w = 17, .box_h = 29, .ofs_x = 2, .ofs_y = 0},
    {.bitmap_index = 51109, .adv_w = 191, .box_w = 12, .box_h = 24, .ofs_x = 1, .ofs_y = 0},
    {.bitmap_index = 51253, .adv_w = 312, .box_w = 18, .box_h = 30, .ofs_x = 1, .ofs_y = 0},
    {.bitmap_index = 51523, .adv_w = 264, .box_w = 15, .box_h = 24, .ofs_x = 1, .ofs_y = 0},
    {.bitmap_index = 51703, .adv_w = 312, .box_w = 18, .box_h = 30, .ofs_x = 1, .ofs_y = 0},
    {.bitmap_index = 51973, .adv_w = 264, .box_w = 15, .box_h = 24, .ofs_x = 1, .ofs_y = 0},
    {.bitmap_index = 52153, .adv_w = 312, .box_w = 18, .box_h = 28, .ofs_x = 1, .ofs_y = -6},
    {.bitmap_index = 52405, .adv_w = 264, .box_w = 15, .box_h = 23, .ofs_x = 1, .ofs_y = -6},
    {.bitmap_index = 52578, .adv_w = 312, .box_w = 18, .box_h = 30, .ofs_x = 1, .ofs_y = 0},
    {.bitmap_index = 52848, .adv_w = 264, .box_w = 15, .box_h = 24, .ofs_x = 1, .ofs_y = 0},
    {.bitmap_index = 53028, .adv_w = 317, .box_w = 18, .box_h = 28, .ofs_x = 1, .ofs_y = -6},
    {.bitmap_index = 53280, .adv_w = 169, .box_w = 11, .box_h = 27, .ofs_x = 0, .ofs_y = -6},
    {.bitmap_index = 53429, .adv_w = 317, .box_w = 18, .box_h = 29, .ofs_x = 1, .ofs_y = 0},
    {.bitmap_index = 53690, .adv_w = 201, .box_w = 12, .box_h = 25, .ofs_x = 0, .ofs_y = 0},
    {.bitmap_index = 53840, .adv_w = 317, .box_w = 18, .box_h = 22, .ofs_x = 1, .ofs_y = 0},
    {.bitmap_index = 54038, .adv_w = 169, .box_w = 11, .box_h = 21, .ofs_x = 0, .ofs_y = 0},
    {.bitmap_index = 54154, .adv_w = 353, .box_w = 18, .box_h = 29, .ofs_x = 2, .ofs_y = 0},
    {.bitmap_index = 54415, .adv_w = 294, .box_w = 15, .box_h = 24, .ofs_x = 2, .ofs_y = 0},
    {.bitmap_index = 54595, .adv_w = 353, .box_w = 18, .box_h = 29, .ofs_x = 2, .ofs_y = 0},
    {.bitmap_index = 54856, .adv_w = 294, .box_w = 15, .box_h = 22, .ofs_x = 2, .ofs_y = 0},
    {.bitmap_index = 55021, .adv_w = 353, .box_w = 18, .box_h = 30, .ofs_x = 2, .ofs_y = 0},
    {.bitmap_index = 55291, .adv_w = 294, .box_w = 15, .box_h = 24, .ofs_x = 2, .ofs_y = 0},
    {.bitmap_index = 55471, .adv_w = 353, .box_w = 18, .box_h = 31, .ofs_x = 2, .ofs_y = 0},
    {.bitmap_index = 55750, .adv_w = 294, .box_w = 15, .box_h = 26, .ofs_x = 2, .ofs_y = 0},
    {.bitmap_index = 55945, .adv_w = 353, .box_w = 18, .box_h = 30, .ofs_x = 2, .ofs_y = 0},
    {.bitmap_index = 56215, .adv_w = 294, .box_w = 15, .box_h = 24, .ofs_x = 2, .ofs_y = 0},
    {.bitmap_index = 56395, .adv_w = 353, .box_w = 18, .box_h = 28, .ofs_x = 2, .ofs_y = -6},
    {.bitmap_index = 56647, .adv_w = 294, .box_w = 16, .box_h = 23, .ofs_x = 2, .ofs_y = -6},
    {.bitmap_index = 56831, .adv_w = 490, .box_w = 30, .box_h = 29, .ofs_x = 0, .ofs_y = 0},
    {.bitmap_index = 57266, .adv_w = 403, .box_w = 25, .box_h = 24, .ofs_x = 0, .ofs_y = 0},
    {.bitmap_index = 57566, .adv_w = 342, .box_w = 21, .box_h = 29, .ofs_x = 0, .ofs_y = 0},
    {.bitmap_index = 57871, .adv_w = 282, .box_w = 18, .box_h = 30, .ofs_x = 0, .ofs_y = -6},
    {.bitmap_index = 58141, .adv_w = 342, .box_w = 21, .box_h = 29, .ofs_x = 0, .ofs_y = 0},
    {.bitmap_index = 58446, .adv_w = 313, .box_w = 17, .box_h = 29, .ofs_x = 1, .ofs_y = 0},
    {.bitmap_index = 58693, .adv_w = 272, .box_w = 15, .box_h = 24, .ofs_x = 1, .ofs_y = 0},
    {.bitmap_index = 58873, .adv_w = 313, .box_w = 17, .box_h = 29, .ofs_x = 1, .ofs_y = 0},
    {.bitmap_index = 59120, .adv_w = 272, .box_w = 15, .box_h = 24, .ofs_x = 1, .ofs_y = 0},
    {.bitmap_index = 59300, .adv_w = 313, .box_w = 17, .box_h = 29, .ofs_x = 1, .ofs_y = 0},
    {.bitmap_index = 59547, .adv_w = 272, .box_w = 15, .box_h = 24, .ofs_x = 1, .ofs_y = 0},
    {.bitmap_index = 59727, .adv_w = 161, .box_w = 9, .box_h = 24, .ofs_x = 2, .ofs_y = 0},
    {.bitmap_index = 59835, .adv_w = 269, .box_w = 0, .box_h = 0, .ofs_x = 0, .ofs_y = 0},
    {.bitmap_index = 59835, .adv_w = 536, .box_w = 0, .box_h = 0, .ofs_x = 0, .ofs_y = 0},
    {.bitmap_index = 59835, .adv_w = 240, .box_w = 0, .box_h = 0, .ofs_x = 0, .ofs_y = 0},
    {.bitmap_index = 59835, .adv_w = 480, .box_w = 0, .box_h = 0, .ofs_x = 0, .ofs_y = 0},
    {.bitmap_index = 59835, .adv_w = 160, .box_w = 0, .box_h = 0, .ofs_x = 0, .ofs_y = 0},
    {.bitmap_index = 59835, .adv_w = 120, .box_w = 0, .box_h = 0, .ofs_x = 0, .ofs_y = 0},
    {.bitmap_index = 59835, .adv_w = 80, .box_w = 0, .box_h = 0, .ofs_x = 0, .ofs_y = 0},
    {.bitmap_index = 59835, .adv_w = 311, .box_w = 0, .box_h = 0, .ofs_x = 0, .ofs_y = 0},
    {.bitmap_index = 59835, .adv_w = 153, .box_w = 0, .box_h = 0, .ofs_x = 0, .ofs_y = 0},
    {.bitmap_index = 59835, .adv_w = 79, .box_w = 0, .box_h = 0, .ofs_x = 0, .ofs_y = 0},
    {.bitmap_index = 59835, .adv_w = 40, .box_w = 0, .box_h = 0, .ofs_x = 0, .ofs_y = 0},
    {.bitmap_index = 59835, .adv_w = 0, .box_w = 0, .box_h = 0, .ofs_x = 0, .ofs_y = 0},
    {.bitmap_index = 59835, .adv_w = 203, .box_w = 11, .box_h = 4, .ofs_x = 1, .ofs_y = 8},
    {.bitmap_index = 59857, .adv_w = 203, .box_w = 11, .box_h = 4, .ofs_x = 1, .ofs_y = 8},
    {.bitmap_index = 59879, .adv_w = 311, .box_w = 18, .box_h = 4, .ofs_x = 1, .ofs_y = 8},
    {.bitmap_index = 59915, .adv_w = 240, .box_w = 15, .box_h = 4, .ofs_x = 0, .ofs_y = 8},
    {.bitmap_index = 59945, .adv_w = 480, .box_w = 30, .box_h = 4, .ofs_x = 0, .ofs_y = 8},
    {.bitmap_index = 60005, .adv_w = 480, .box_w = 30, .box_h = 4, .ofs_x = 0, .ofs_y = 8},
    {.bitmap_index = 60065, .adv_w = 258, .box_w = 10, .box_h = 37, .ofs_x = 3, .ofs_y = -7},
    {.bitmap_index = 60250, .adv_w = 225, .box_w = 14, .box_h = 7, .ofs_x = 0, .ofs_y = -6},
    {.bitmap_index = 60299, .adv_w = 141, .box_w = 6, .box_h = 10, .ofs_x = 2, .ofs_y = 12},
    {.bitmap_index = 60329, .adv_w = 141, .box_w = 6, .box_h = 10, .ofs_x = 2, .ofs_y = 13},
    {.bitmap_index = 60359, .adv_w = 131, .box_w = 6, .box_h = 10, .ofs_x = 1, .ofs_y = -6},
    {.bitmap_index = 60389, .adv_w = 141, .box_w = 6, .box_h = 10, .ofs_x = 1, .ofs_y = 12},
    {.bitmap_index = 60419, .adv_w = 243, .box_w = 12, .box_h = 10, .ofs_x = 2, .ofs_y = 12},
    {.bitmap_index = 60479, .adv_w = 241, .box_w = 12, .box_h = 10, .ofs_x = 2, .ofs_y = 13},
    {.bitmap_index = 60539, .adv_w = 230, .box_w = 13, .box_h = 10, .ofs_x = 1, .ofs_y = -6},
    {.bitmap_index = 60604, .adv_w = 241, .box_w = 12, .box_h = 10, .ofs_x = 1, .ofs_y = 12},
    {.bitmap_index = 60664, .adv_w = 265, .box_w = 13, .box_h = 17, .ofs_x = 2, .ofs_y = 5},
    {.bitmap_index = 60775, .adv_w = 265, .box_w = 13, .box_h = 22, .ofs_x = 2, .ofs_y = 0},
    {.bitmap_index = 60918, .adv_w = 242, .box_w = 11, .box_h = 10, .ofs_x = 2, .ofs_y = 4},
    {.bitmap_index = 60973, .adv_w = 242, .box_w = 9, .box_h = 10, .ofs_x = 4, .ofs_y = 4},
    {.bitmap_index = 61018, .adv_w = 153, .box_w = 6, .box_h = 5, .ofs_x = 2, .ofs_y = 0},
    {.bitmap_index = 61033, .adv_w = 306, .box_w = 15, .box_h = 5, .ofs_x = 2, .ofs_y = 0},
    {.bitmap_index = 61071, .adv_w = 459, .box_w = 25, .box_h = 5, .ofs_x = 2, .ofs_y = 0},
    {.bitmap_index = 61134, .adv_w = 153, .box_w = 6, .box_h = 5, .ofs_x = 2, .ofs_y = 8},
    {.bitmap_index = 61149, .adv_w = 79, .box_w = 0, .box_h = 0, .ofs_x = 0, .ofs_y = 0},
    {.bitmap_index = 61149, .adv_w = 658, .box_w = 37, .box_h = 22, .ofs_x = 2, .ofs_y = 0},
    {.bitmap_index = 61556, .adv_w = 835, .box_w = 48, .box_h = 22, .ofs_x = 2, .ofs_y = 0},
    {.bitmap_index = 62084, .adv_w = 124, .box_w = 6, .box_h = 9, .ofs_x = 1, .ofs_y = 13},
    {.bitmap_index = 62111, .adv_w = 246, .box_w = 13, .box_h = 9, .ofs_x = 1, .ofs_y = 13},
    {.bitmap_index = 62170, .adv_w = 368, .box_w = 21, .box_h = 9, .ofs_x = 1, .ofs_y = 13},
    {.bitmap_index = 62265, .adv_w = 124, .box_w = 6, .box_h = 9, .ofs_x = 1, .ofs_y = 13},
    {.bitmap_index = 62292, .adv_w = 246, .box_w = 13, .box_h = 9, .ofs_x = 1, .ofs_y = 13},
    {.bitmap_index = 62351, .adv_w = 368, .box_w = 21, .box_h = 9, .ofs_x = 1, .ofs_y = 13},
    {.bitmap_index = 62446, .adv_w = 248, .box_w = 13, .box_h = 7, .ofs_x = 1, .ofs_y = -8},
    {.bitmap_index = 62492, .adv_w = 199, .box_w = 11, .box_h = 15, .ofs_x = 1, .ofs_y = 2},
    {.bitmap_index = 62575, .adv_w = 199, .box_w = 11, .box_h = 15, .ofs_x = 1, .ofs_y = 2},
    {.bitmap_index = 62658, .adv_w = 361, .box_w = 19, .box_h = 18, .ofs_x = 2, .ofs_y = 1},
    {.bitmap_index = 62829, .adv_w = 308, .box_w = 15, .box_h = 22, .ofs_x = 2, .ofs_y = 0},
    {.bitmap_index = 62994, .adv_w = 259, .box_w = 14, .box_h = 22, .ofs_x = 1, .ofs_y = 0},
    {.bitmap_index = 63148, .adv_w = 246, .box_w = 15, .box_h = 4, .ofs_x = 0, .ofs_y = 23},
    {.bitmap_index = 63178, .adv_w = 403, .box_w = 25, .box_h = 6, .ofs_x = 0, .ofs_y = -7},
    {.bitmap_index = 63253, .adv_w = 403, .box_w = 25, .box_h = 6, .ofs_x = 0, .ofs_y = 17},
    {.bitmap_index = 63328, .adv_w = 225, .box_w = 12, .box_h = 18, .ofs_x = 1, .ofs_y = -8},
    {.bitmap_index = 63436, .adv_w = 360, .box_w = 19, .box_h = 19, .ofs_x = 2, .ofs_y = 2},
    {.bitmap_index = 63617, .adv_w = 242, .box_w = 9, .box_h = 4, .ofs_x = 3, .ofs_y = 7},
    {.bitmap_index = 63635, .adv_w = 98, .box_w = 18, .box_h = 22, .ofs_x = -6, .ofs_y = 0},
    {.bitmap_index = 63833, .adv_w = 179, .box_w = 8, .box_h = 28, .ofs_x = 2, .ofs_y = -4},
    {.bitmap_index = 63945, .adv_w = 179, .box_w = 8, .box_h = 28, .ofs_x = 1, .ofs_y = -4},
    {.bitmap_index = 64057, .adv_w = 522, .box_w = 31, .box_h = 22, .ofs_x = 1, .ofs_y = 0},
    {.bitmap_index = 64398, .adv_w = 415, .box_w = 23, .box_h = 22, .ofs_x = 1, .ofs_y = 0},
    {.bitmap_index = 64651, .adv_w = 415, .box_w = 23, .box_h = 22, .ofs_x = 2, .ofs_y = 0},
    {.bitmap_index = 64904, .adv_w = 221, .box_w = 12, .box_h = 23, .ofs_x = 1, .ofs_y = -6},
    {.bitmap_index = 65042, .adv_w = 288, .box_w = 15, .box_h = 22, .ofs_x = 2, .ofs_y = 0},
    {.bitmap_index = 65207, .adv_w = 289, .box_w = 14, .box_h = 13, .ofs_x = 2, .ofs_y = 3},
    {.bitmap_index = 65298, .adv_w = 289, .box_w = 14, .box_h = 13, .ofs_x = 2, .ofs_y = 3},
    {.bitmap_index = 65389, .adv_w = 259, .box_w = 13, .box_h = 13, .ofs_x = 2, .ofs_y = -2},
    {.bitmap_index = 65474, .adv_w = 158, .box_w = 7, .box_h = 22, .ofs_x = 2, .ofs_y = -6},
    {.bitmap_index = 65551, .adv_w = 401, .box_w = 25, .box_h = 31, .ofs_x = 0, .ofs_y = -7},
    {.bitmap_index = 65939, .adv_w = 271, .box_w = 13, .box_h = 28, .ofs_x = 3, .ofs_y = -6},
    {.bitmap_index = 66121, .adv_w = 381, .box_w = 22, .box_h = 22, .ofs_x = 1, .ofs_y = 0},
    {.bitmap_index = 66363, .adv_w = 360, .box_w = 20, .box_h = 7, .ofs_x = 1, .ofs_y = 7},
    {.bitmap_index = 66433, .adv_w = 403, .box_w = 25, .box_h = 7, .ofs_x = 0, .ofs_y = -8},
    {.bitmap_index = 66521, .adv_w = 317, .box_w = 16, .box_h = 15, .ofs_x = 2, .ofs_y = 1},
    {.bitmap_index = 66641, .adv_w = 491, .box_w = 29, .box_h = 9, .ofs_x = 1, .ofs_y = 13},
    {.bitmap_index = 66772, .adv_w = 139, .box_w = 0, .box_h = 0, .ofs_x = 0, .ofs_y = 0}
};

/*---------------------
 *  CHARACTER MAPPING
 *--------------------*/

static const uint16_t unicode_list_7[] = {
    0x00, 0x08
};

/*Collect the unicode lists and glyph_id offsets*/
static const lv_font_fmt_txt_cmap_t cmaps[] =
{
    {
        .range_start = 32, .range_length = 95, .glyph_id_start = 1,
        .unicode_list = NULL, .glyph_id_ofs_list = NULL, .list_length = 0, .type = LV_FONT_FMT_TXT_CMAP_FORMAT0_TINY
    },
    {
        .range_start = 160, .range_length = 13, .glyph_id_start = 96,
        .unicode_list = NULL, .glyph_id_ofs_list = NULL, .list_length = 0, .type = LV_FONT_FMT_TXT_CMAP_FORMAT0_TINY
    },
    {
        .range_start = 174, .range_length = 155, .glyph_id_start = 109,
        .unicode_list = NULL, .glyph_id_ofs_list = NULL, .list_length = 0, .type = LV_FONT_FMT_TXT_CMAP_FORMAT0_TINY
    },
    {
        .range_start = 330, .range_length = 54, .glyph_id_start = 264,
        .unicode_list = NULL, .glyph_id_ofs_list = NULL, .list_length = 0, .type = LV_FONT_FMT_TXT_CMAP_FORMAT0_TINY
    },
    {
        .range_start = 8192, .range_length = 12, .glyph_id_start = 318,
        .unicode_list = NULL, .glyph_id_ofs_list = NULL, .list_length = 0, .type = LV_FONT_FMT_TXT_CMAP_FORMAT0_TINY
    },
    {
        .range_start = 8208, .range_length = 24, .glyph_id_start = 330,
        .unicode_list = NULL, .glyph_id_ofs_list = NULL, .list_length = 0, .type = LV_FONT_FMT_TXT_CMAP_FORMAT0_TINY
    },
    {
        .range_start = 8239, .range_length = 39, .glyph_id_start = 354,
        .unicode_list = NULL, .glyph_id_ofs_list = NULL, .list_length = 0, .type = LV_FONT_FMT_TXT_CMAP_FORMAT0_TINY
    },
    {
        .range_start = 8279, .range_length = 9, .glyph_id_start = 393,
        .unicode_list = unicode_list_7, .glyph_id_ofs_list = NULL, .list_length = 2, .type = LV_FONT_FMT_TXT_CMAP_SPARSE_TINY
    }
};

/*-----------------
 *    KERNING
 *----------------*/

/*Map glyph_ids to kern left classes*/
static const uint8_t kern_left_class_mapping[] =
{
    0, 0, 0, 1, 0, 0, 2, 3,
    1, 4, 5, 6, 7, 8, 7, 8,
    9, 10, 11, 12, 13, 14, 15, 16,
    17, 13, 10, 18, 18, 0, 19, 20,
    0, 21, 0, 0, 0, 0, 0, 0,
    0, 0, 0, 0, 0, 0, 0, 0,
    0, 0, 0, 0, 0, 0, 0, 0,
    0, 0, 0, 0, 4, 22, 5, 6,
    23, 0, 0, 0, 0, 0, 0, 0,
    0, 0, 0, 0, 0, 0, 0, 0,
    0, 0, 0, 0, 0, 0, 0, 0,
    0, 0, 0, 0, 4, 11, 5, 7,
    0, 24, 25, 0, 0, 0, 0, 0,
    0, 21, 0, 0, 0, 26, 0, 6,
    19, 0, 0, 0, 27, 11, 28, 0,
    0, 0, 29, 0, 0, 0, 30, 0,
    0, 0, 0, 0, 0, 0, 0, 0,
    0, 0, 0, 0, 0, 0, 0, 0,
    0, 0, 0, 0, 0, 0, 31, 0,
    0, 0, 0, 0, 0, 0, 0, 0,
    0, 0, 0, 0, 0, 0, 0, 0,
    0, 0, 0, 0, 0, 0, 0, 0,
    0, 0, 0, 0, 0, 0, 7, 0,
    0, 0, 0, 0, 0, 0, 0, 0,
    0, 0, 0, 0, 0, 0, 0, 0,
    0, 0, 0, 0, 0, 0, 0, 0,
    0, 0, 0, 0, 0, 0, 0, 0,
    0, 0, 0, 0, 0, 0, 0, 0,
    0, 0, 0, 0, 0, 0, 0, 0,
    0, 0, 0, 0, 0, 0, 0, 0,
    0, 0, 0, 0, 0, 0, 0, 0,
    0, 0, 0, 0, 0, 0, 0, 0,
    0, 0, 0, 0, 0, 0, 0, 0,
    0, 0, 0, 0, 0, 0, 0, 0,
    0, 0, 0, 0, 0, 0, 0, 0,
    0, 0, 0, 0, 0, 0, 0, 0,
    0, 0, 0, 0, 0, 0, 0, 0,
    0, 0, 0, 0, 0, 0, 0, 0,
    0, 0, 0, 0, 0, 0, 0, 0,
    0, 0, 0, 0, 0, 0, 0, 0,
    0, 0, 0, 0, 0, 0, 0, 0,
    0, 0, 0, 0, 0, 0, 0, 0,
    0, 0, 32, 33, 34, 0, 32, 33,
    34, 0, 35, 35, 31, 31, 0, 0,
    36, 0, 0, 0, 0, 0, 0, 33,
    0, 0, 0, 0, 0, 29, 0, 0,
    0, 0, 0, 0, 0, 0, 31, 0,
    0, 0, 0, 0, 0, 0, 37, 38,
    31, 0, 18, 0, 0, 0, 0, 0,
    0, 0, 0
};

/*Map glyph_ids to kern right classes*/
static const uint8_t kern_right_class_mapping[] =
{
    0, 1, 2, 3, 4, 5, 0, 6,
    3, 0, 7, 8, 9, 10, 9, 11,
    12, 13, 14, 15, 16, 17, 18, 13,
    19, 20, 21, 22, 22, 23, 24, 0,
    25, 26, 0, 0, 0, 0, 0, 0,
    0, 0, 0, 0, 0, 0, 0, 0,
    0, 0, 0, 0, 0, 0, 0, 0,
    0, 0, 0, 0, 0, 27, 7, 8,
    28, 0, 0, 0, 0, 0, 0, 0,
    0, 0, 0, 0, 0, 0, 0, 0,
    0, 0, 0, 0, 0, 0, 0, 0,
    0, 0, 0, 0, 0, 29, 7, 30,
    0, 0, 31, 0, 0, 0, 0, 0,
    0, 26, 0, 32, 33, 34, 0, 8,
    24, 0, 0, 0, 35, 36, 9, 0,
    0, 0, 37, 0, 0, 0, 38, 0,
    0, 0, 0, 0, 0, 0, 0, 0,
    0, 0, 0, 0, 0, 0, 0, 0,
    0, 0, 0, 0, 0, 0, 37, 0,
    0, 0, 0, 0, 0, 0, 0, 0,
    0, 0, 0, 0, 0, 0, 0, 0,
    0, 0, 0, 0, 0, 0, 0, 0,
    0, 0, 0, 0, 0, 0, 9, 0,
    0, 0, 0, 0, 0, 0, 0, 0,
    0, 0, 0, 0, 0, 0, 0, 0,
    0, 0, 0, 0, 0, 0, 0, 0,
    0, 0, 0, 0, 0, 0, 0, 0,
    0, 0, 0, 0, 0, 0, 0, 0,
    0, 0, 0, 0, 0, 0, 0, 0,
    0, 0, 0, 0, 0, 0, 0, 0,
    0, 0, 0, 0, 0, 0, 0, 0,
    0, 0, 0, 0, 0, 0, 0, 0,
    0, 0, 0, 0, 0, 0, 0, 0,
    0, 0, 0, 0, 0, 0, 0, 0,
    0, 0, 0, 0, 0, 0, 0, 0,
    0, 0, 0, 0, 0, 0, 0, 0,
    0, 0, 0, 0, 0, 0, 0, 0,
    0, 0, 0, 0, 0, 0, 0, 0,
    0, 0, 0, 0, 0, 0, 0, 0,
    0, 0, 0, 0, 0, 0, 0, 0,
    0, 0, 0, 0, 0, 0, 0, 0,
    0, 0, 0, 0, 0, 0, 0, 0,
    0, 0, 39, 40, 41, 42, 39, 40,
    41, 43, 44, 44, 37, 37, 0, 0,
    45, 0, 0, 0, 0, 0, 0, 40,
    0, 0, 0, 0, 32, 37, 0, 0,
    25, 0, 0, 0, 0, 0, 37, 5,
    0, 0, 0, 0, 0, 46, 29, 37,
    47, 0, 22, 0, 0, 0, 0, 0,
    0, 0, 0
};

/*Kern values between classes*/
static const int8_t kern_class_values[] =
{
    0, 0, 0, 0, 0, -16, 0, 0,
    0, -42, -42, 0, 0, 0, 0, 0,
    -30, 0, 0, 0, 0, 0, 0, 0,
    0, 0, 0, 0, 0, 0, -9, 0,
    0, 0, 0, 0, 0, 0, 0, 0,
    0, 0, 0, 0, -42, 0, 0, 0,
    0, 0, 0, 0, 0, 0, 0, 0,
    0, 0, 0, 0, 0, 0, 0, 0,
    0, 0, 0, 0, 0, 0, 0, 0,
    0, 0, 0, 0, 0, 0, 0, 0,
    0, 0, 0, 0, 0, -30, -33, 0,
    0, 0, 0, 0, 0, 0, 0, 0,
    -16, 0, 0, 0, 0, 0, 0, 0,
    0, 0, 0, 0, 0, 0, 0, 0,
    0, 0, 0, 0, 0, 0, 0, 0,
    -30, 0, 0, 0, 0, 0, 0, -11,
    0, 0, 0, 0, -44, 0, 0, 0,
    0, -19, 0, 0, 0, 0, 0, 0,
    0, 0, 0, 0, 0, 0, 0, 0,
    0, 0, 0, 0, 0, 0, 0, 0,
    0, 0, 0, 0, 0, 0, 0, 0,
    0, 6, 0, -4, 0, 0, 0, 0,
    0, 0, 0, 0, 0, 0, 0, 0,
    0, 0, 0, 6, 0, 0, 0, 0,
    0, 0, 0, 0, 0, 0, 0, 0,
    0, 0, 0, 0, 0, 0, 0, 0,
    0, 0, 0, 0, 0, 0, 0, 0,
    0, 0, 0, 0, 0, 0, 0, 0,
    0, 0, -16, 0, 0, 0, 0, 0,
    0, 0, 0, 0, 0, 0, 0, 0,
    -16, 0, 0, 0, -65, -65, 0, 0,
    0, 0, 0, -22, 0, 0, 0, 0,
    0, 0, 0, 0, -7, 0, -33, 0,
    0, 0, 0, 0, 0, 0, 0, 0,
    0, 0, 0, 0, 0, 0, 0, -65,
    0, 0, 0, 0, 0, 0, 0, 0,
    0, 0, 0, 0, 0, 0, 0, 0,
    -12, -4, 0, 0, -13, 0, 0, 0,
    0, 0, 0, 0, -22, 0, 0, 0,
    0, 0, 0, 0, 0, -5, 0, 0,
    -19, 0, 0, 0, 0, 0, 0, 0,
    0, -10, -4, -45, 0, 0, 0, 0,
    0, 0, 0, 0, 0, -13, -43, 0,
    -12, 0, -4, -10, -13, -5, 0, 0,
    0, -42, -21, 0, 0, 0, 0, 0,
    0, 0, 0, 0, -24, 0, 0, 0,
    -39, 0, -65, -65, 0, 0, 0, 0,
    0, 0, 0, 0, 0, 0, 0, 0,
    0, -19, -19, 0, 0, 0, 0, 0,
    0, 0, 0, 0, 0, 0, 0, 0,
    0, 0, 2, 0, 0, 0, 0, 0,
    0, 0, 0, 0, 0, 0, 0, 0,
    0, 0, 0, 0, -19, 0, 0, 0,
    0, 0, 0, 0, 0, 0, 0, 0,
    -13, -13, 0, 0, 0, 0, 0, 0,
    0, -9, 0, 0, 0, 0, 0, 0,
    0, -10, -22, 0, 0, 0, 0, 0,
    0, 0, 0, 0, 0, -22, 0, -24,
    0, 0, 0, -13, 8, 0, 0, 0,
    0, 0, 0, 0, 6, 0, 0, 0,
    0, 0, 0, 0, 0, 0, 0, 0,
    0, 0, 0, 0, 0, 0, 0, 0,
    0, 6, 0, 0, 0, 0, 0, 0,
    0, 0, 0, 0, 0, 0, 0, 0,
    0, 0, 0, 7, 0, 0, 0, 0,
    0, 0, 0, 0, 0, 0, 0, 0,
    0, 0, 0, 0, 0, -7, 0, 0,
    0, 0, 0, 0, 0, 0, 0, 0,
    0, 0, 0, 0, 0, 0, 0, 0,
    0, 0, 0, 0, 0, 0, 0, 0,
    0, 0, 0, 0, 0, 0, 0, 0,
    0, 0, 0, -4, 0, -10, -10, 0,
    0, 0, 0, 0, 0, 0, 0, 0,
    0, 0, 0, 0, 0, 0, 0, 0,
    0, 0, 0, -16, 0, 0, 0, 0,
    0, 0, 0, 0, -24, 0, 0, 0,
    -10, 0, 0, 0, 0, 0, 0, 0,
    0, 0, -15, 0, -16, -16, 0, 0,
    -15, 0, 0, 0, 0, 0, 0, 0,
    0, 0, 0, 0, 0, 0, 0, 0,
    0, 0, 0, 0, -3, 0, -20, 0,
    0, 0, 0, 0, 0, 0, 0, -16,
    0, 0, 0, 0, 0, 0, 0, 0,
    0, -2, 0, -12, -12, 0, 0, 0,
    0, 0, 0, 0, 0, 0, 0, 0,
    0, 0, 0, 0, 0, 0, 0, 0,
    0, 0, 0, -3, 0, 0, 0, 0,
    0, 0, 0, 0, 0, 0, -12, 0,
    0, 0, 0, 0, 0, 0, 0, 0,
    0, 0, -15, -15, 0, 0, 0, 0,
    0, 0, 0, 0, 0, 0, 0, 0,
    0, 0, 0, 0, -22, 0, 0, 0,
    0, 0, 0, 0, 0, 0, 0, 0,
    0, -22, 0, 0, 0, -15, 0, 0,
    0, 0, 0, -27, 0, -22, 0, 0,
    0, -60, -60, 0, -7, 0, 0, -8,
    -28, -5, 9, -7, -5, -16, -44, 0,
    0, 0, 0, -76, 0, 0, -24, -30,
    0, 0, 0, 0, 0, 0, 0, 0,
    -68, 0, 0, 0, -60, 0, -24, 0,
    0, 0, 0, 0, 0, 0, 0, 0,
    0, 0, 0, 0, 0, 0, 0, 0,
    0, 0, 0, 0, 0, 0, 0, 0,
    0, -30, 0, 0, 0, 0, 0, 0,
    0, 0, 0, 0, 0, -22, 0, 0,
    0, 0, 0, 0, 0, 0, 0, 0,
    0, 0, 0, 0, 0, 0, 0, 0,
    0, 0, 0, 0, 0, 0, 0, 0,
    0, 0, 0, 0, 0, 0, 0, 0,
    -33, 0, 0, 0, 0, 0, 0, 0,
    0, 0, 0, 0, -27, 0, 0, 0,
    0, 0, 0, 0, 0, 0, 0, 0,
    0, 0, 0, 0, 0, 0, 0, 0,
    0, 0, 0, 0, 0, 0, 0, -35,
    0, 0, 0, 0, 0, 0, 0, -35,
    0, 0, 0, 0, 0, 0, 0, 0,
    0, 0, 0, -46, 0, 0, 0, 0,
    0, 0, 0, 0, 0, 0, 0, 0,
    0, 0, 0, 0, 0, -21, -21, -19,
    0, 0, 0, 0, 0, 0, 0, 0,
    0, 0, 0, 0, 0, 0, -18, -19,
    0, 0, 0, 0, 0, -3, 0, 0,
    0, 0, -16, 0, -19, 0, 0, 0,
    -21, 0, 0, 0, 0, -38, 0, -5,
    0, 0, -43, -16, 0, 0, 7, 0,
    -21, 0, 0, 0, 0, 0, 0, 0,
    0, -12, -24, -30, -19, -23, 0, 0,
    -16, -7, -16, -16, -34, 0, -24, -16,
    0, -20, -27, 0, 0, 0, -35, 0,
    -12, 0, 0, 0, 0, 0, 0, 0,
    0, -33, 0, 0, 0, 0, -22, -52,
    0, -22, -27, -22, 0, -22, -22, 0,
    0, 0, 0, -19, -38, 0, 16, 0,
    0, 0, 0, 0, 0, -22, 0, 0,
    -19, 0, 0, 0, 0, 0, 0, 0,
    16, 0, 0, 0, 0, 0, 0, 0,
    0, 0, 0, 0, 0, 0, 0, 0,
    0, 0, 0, 0, 0, 0, 0, 0,
    0, 0, 0, -16, 0, 0, 0, 0,
    0, 0, 0, 0, 0, 0, 0, -16,
    0, 0, 0, 0, 0, 0, 0, 0,
    0, 0, -9, 0, 0, 0, -6, 0,
    0, 0, 0, 0, 0, -16, 0, 0,
    0, 0, 0, 0, 0, 0, 0, 0,
    0, 0, -28, 0, 0, 0, 0, 0,
    0, -5, 0, 0, 0, 0, -30, -11,
    0, 0, 0, -16, 0, 0, 0, 0,
    0, 0, 0, 0, -16, 0, 0, 0,
    0, 0, 0, 0, 0, 0, 0, -24,
    0, 0, 0, 0, 0, 0, 0, 0,
    -3, 0, 0, 0, 0, -14, 0, 0,
    0, 0, 0, 0, 0, 0, 0, 0,
    0, 0, 0, 0, 0, 0, 0, 0,
    0, 0, 0, 0, 0, 0, -18, 0,
    0, -16, 0, 0, 0, 0, 0, 0,
    0, 0, 0, 0, -19, 0, 0, 0,
    0, -16, 0, -18, 0, 0, -16, 0,
    0, 0, 0, 0, -24, 7, 0, 0,
    0, 0, 0, 0, 0, 0, 0, 0,
    0, 0, 0, 0, 0, 0, 0, 0,
    0, 0, 0, -12, -4, 0, 0, -13,
    0, 0, 0, 0, 0, 0, 0, -19,
    0, 0, 0, 0, 0, 0, 0, 0,
    -5, 0, 0, -19, 0, 0, 0, 0,
    0, 0, 0, 0, 0, 0, 0, 0,
    0, 0, 0, 0, 0, 0, 0, 0,
    0, -19, -24, -22, 0, 0, -24, -16,
    0, 0, 0, 0, 0, 0, -30, 0,
    0, 0, 0, 0, 0, 0, 0, 0,
    0, 0, -41, 0, 0, 0, 0, 0,
    0, 0, 0, 0, 0, 0, 0, 0,
    0, 0, 0, 0, 0, 0, 0, 0,
    0, 0, 0, 0, 0, 0, 0, 0,
    0, 0, 0, 0, 0, -50, 0, 0,
    0, 0, 0, 0, 0, 0, 0, 0,
    0, -30, -16, 0, 0, 0, 0, 0,
    0, 0, 0, 0, 0, 0, 0, 0,
    0, 0, 0, 0, 0, 0, 0, 0,
    0, 0, 0, 0, 0, 0, 0, 0,
    0, 0, 0, 0, -19, 0, 0, 0,
    0, 0, 0, 0, 0, 0, 0, 0,
    0, 0, 0, 0, 0, 0, 0, 0,
    0, 0, 0, 0, 0, 0, -30, 0,
    0, 0, -48, -48, -46, 0, 0, 0,
    0, -30, 0, 0, 0, 0, 0, 0,
    0, 0, 0, 0, 0, 0, 0, -19,
    0, 0, 0, 0, 0, 0, -30, 0,
    0, -41, 0, 0, 0, -48, 0, 0,
    0, 0, 0, -60, 0, -33, 0, 0,
    -27, -57, -57, -68, -22, 0, 0, 0,
    -46, 0, -30, -19, 0, -27, -46, -27,
    0, -27, 0, -19, 0, -22, -30, -41,
    -27, 0, -22, -5, 0, -33, 0, 0,
    0, 0, 0, 0, -57, 4, -12, 0,
    0, 0, 0, 0, 0, 0, 0, 0,
    0, 0, 0, 0, -33, 0, 0, 0,
    0, 0, 0, 0, 0, 0, 0, 0,
    0, -44, 0, 0, 0, 0, 0, 0,
    0, 0, 0, 0, 0, -60, -46, 0,
    0, 0, 0, 0, 0, 0, 0, 0,
    0, 0, 0, -19, 0, 0, 0, 0,
    0, 0, 0, 0, 0, 0, 0, 0,
    0, 0, 0, 0, 0, 0, 0, 0,
    0, 0, 0, 0, -16, 0, 0, 0,
    0, 0, 0, 0, 0, 0, 0, 0,
    0, 0, 0, 0, 0, -10, -4, -45,
    0, 0, 0, 0, 0, 0, 0, 0,
    0, -13, -43, 0, -12, 0, -4, -10,
    -13, -5, 0, 0, 0, -42, -21, 0,
    0, 0, 0, 0, 0, 0, 0, 0,
    -24, 0, 0, 0, -39, 0, -65, -87,
    0, 0, 0, 0, 0, 0, 0, 0,
    0, -16, 0, 0, -14, -19, -16, 0,
    0, 0, 0, 0, 0, 0, 0, 0,
    0, 0, 0, 0, 0, 0, 0, 0,
    0, -14, -4, 0, -14, 0, 0, 0,
    0, 0, 0, 0, -68, 0, 0, 0,
    -46, 0, 0, 0, 0, -7, 0, 0,
    0, 0, 0, 0, 0, 0, 0, 0,
    -19, 0, 0, 0, 0, 0, 0, 0,
    0, 0, 0, 0, 0, -24, 0, 0,
    0, 0, 0, 0, -4, 0, 0, 0,
    0, -22, -11, 0, 0, 0, 0, 0,
    0, 0
};

/*Collect the kern class' data in one place*/
static const lv_font_fmt_txt_kern_classes_t kern_classes =
{
    .class_pair_values   = kern_class_values,
    .left_class_mapping  = kern_left_class_mapping,
    .right_class_mapping = kern_right_class_mapping,
    .left_class_cnt      = 38,
    .right_class_cnt     = 47,
};

/*--------------------
 *  ALL CUSTOM DATA
 *--------------------*/

#if LVGL_VERSION_MAJOR == 8
/*Store all the custom data of the font*/
static  lv_font_fmt_txt_glyph_cache_t cache;
#endif

#if LVGL_VERSION_MAJOR >= 8
static const lv_font_fmt_txt_dsc_t font_dsc = {
#else
static lv_font_fmt_txt_dsc_t font_dsc = {
#endif
    .glyph_bitmap = glyph_bitmap,
    .glyph_dsc = glyph_dsc,
    .cmaps = cmaps,
    .kern_dsc = &kern_classes,
    .kern_scale = 16,
    .cmap_num = 8,
    .bpp = 4,
    .kern_classes = 1,
    .bitmap_format = 0,
#if LVGL_VERSION_MAJOR == 8
    .cache = &cache
#endif

};



/*-----------------
 *  PUBLIC FONT
 *----------------*/

/*Initialize a public general font descriptor*/
#if LVGL_VERSION_MAJOR >= 8
const lv_font_t font_inter_semi_bold_30_data = {
#else
lv_font_t font_inter_semi_bold_30_data = {
#endif
    .get_glyph_dsc = lv_font_get_glyph_dsc_fmt_txt,    /*Function pointer to get glyph's data*/
    .get_glyph_bitmap = lv_font_get_bitmap_fmt_txt,    /*Function pointer to get glyph's bitmap*/
    .line_height = 39,          /*The maximum line height required by the font*/
    .base_line = 8,             /*Baseline measured from the bottom of the line*/
#if LV_VERSION_CHECK(9, 6, 0) || LVGL_VERSION_MAJOR >= 10
    .cap_height = 22,           /*Cap height of the font*/
    .x_height = 16,               /*x-height of the font*/
#endif
#if !(LVGL_VERSION_MAJOR == 6 && LVGL_VERSION_MINOR == 0)
    .subpx = LV_FONT_SUBPX_NONE,
#endif
#if LV_VERSION_CHECK(7, 4, 0) || LVGL_VERSION_MAJOR >= 8
    .underline_position = -5,
    .underline_thickness = 3,
#endif

#if LV_VERSION_CHECK(9, 3, 0)
    .static_bitmap = 1,    /*Bitmaps are stored as const so they are always static if not compressed */
#endif

    .dsc = &font_dsc,          /*The custom font data. Will be accessed by `get_glyph_bitmap/dsc` */
#if LV_VERSION_CHECK(8, 2, 0) || LVGL_VERSION_MAJOR >= 9
    .fallback = NULL,
#endif
    .user_data = NULL,
};



#endif /*#if FONT_INTER_SEMI_BOLD_30_DATA*/
