/*******************************************************************************
 * Size: 38 px
 * Bpp: 4
 * Opts: --font /fonts/Inter-SemiBold.ttf -o /fonts/font_inter_semi_bold_38_data.c --size 38 --bpp 4 --format lvgl --no-compress --symbols ·ÁÃÄÇÈÉÍÓÖÚÜßàáâãäçèéêíîñóõöúûüŐő–• --range 0x20-0x7F, 0xA0-0xFF, 0x0100-0x017F, 0x2000-0x206F
 ******************************************************************************/

#ifdef __has_include
    #if __has_include("lvgl.h")
        #ifndef LV_LVGL_H_INCLUDE_SIMPLE
            #define LV_LVGL_H_INCLUDE_SIMPLE
        #endif
    #endif
#endif

#ifdef LV_LVGL_H_INCLUDE_SIMPLE
    #include "lvgl.h"
#else
    #include "lvgl/lvgl.h"
#endif



#ifndef FONT_INTER_SEMI_BOLD_38_DATA
#define FONT_INTER_SEMI_BOLD_38_DATA 1
#endif

#if FONT_INTER_SEMI_BOLD_38_DATA

/*-----------------
 *    BITMAPS
 *----------------*/

/*Store the image of the glyphs*/
static LV_ATTRIBUTE_LARGE_CONST const uint8_t glyph_bitmap[] = {
    /* U+0020 " " */

    /* U+0021 "!" */
    0x8f, 0xff, 0xfb, 0x08, 0xff, 0xff, 0xb0, 0x7f,
    0xff, 0xfa, 0x07, 0xff, 0xff, 0xa0, 0x7f, 0xff,
    0xfa, 0x07, 0xff, 0xff, 0x90, 0x6f, 0xff, 0xf9,
    0x06, 0xff, 0xff, 0x90, 0x6f, 0xff, 0xf8, 0x05,
    0xff, 0xff, 0x80, 0x5f, 0xff, 0xf8, 0x05, 0xff,
    0xff, 0x80, 0x5f, 0xff, 0xf7, 0x04, 0xff, 0xff,
    0x70, 0x4f, 0xff, 0xf7, 0x04, 0xff, 0xff, 0x60,
    0x3f, 0xff, 0xf6, 0x03, 0xff, 0xff, 0x60, 0x2d,
    0xdd, 0xd5, 0x00, 0x00, 0x00, 0x00, 0x00, 0x00,
    0x00, 0x00, 0x00, 0x00, 0x00, 0x06, 0xbc, 0x70,
    0x06, 0xff, 0xff, 0x90, 0xdf, 0xff, 0xff, 0x0d,
    0xff, 0xff, 0xf0, 0x8f, 0xff, 0xfb, 0x00, 0x8e,
    0xea, 0x10,

    /* U+0022 "\"" */
    0x2f, 0xff, 0xf8, 0x00, 0xaf, 0xff, 0xf0, 0x2f,
    0xff, 0xf8, 0x00, 0xaf, 0xff, 0xf0, 0x1f, 0xff,
    0xf7, 0x00, 0x9f, 0xff, 0xf0, 0x0f, 0xff, 0xf6,
    0x00, 0x8f, 0xff, 0xe0, 0x0f, 0xff, 0xf6, 0x00,
    0x8f, 0xff, 0xd0, 0x0f, 0xff, 0xf5, 0x00, 0x7f,
    0xff, 0xd0, 0x0e, 0xff, 0xf4, 0x00, 0x6f, 0xff,
    0xc0, 0x0d, 0xff, 0xf3, 0x00, 0x5f, 0xff, 0xb0,
    0x0d, 0xff, 0xf3, 0x00, 0x5f, 0xff, 0xa0, 0x0c,
    0xff, 0xf2, 0x00, 0x4f, 0xff, 0xa0, 0x0b, 0xff,
    0xf1, 0x00, 0x3f, 0xff, 0x90, 0x02, 0x33, 0x30,
    0x00, 0x03, 0x33, 0x10,

    /* U+0023 "#" */
    0x00, 0x00, 0x00, 0x05, 0xff, 0xf6, 0x00, 0x00,
    0x09, 0xff, 0xf2, 0x00, 0x00, 0x00, 0x00, 0x07,
    0xff, 0xf4, 0x00, 0x00, 0x0c, 0xff, 0xf0, 0x00,
    0x00, 0x00, 0x00, 0x0a, 0xff, 0xf1, 0x00, 0x00,
    0x0e, 0xff, 0xd0, 0x00, 0x00, 0x00, 0x00, 0x0d,
    0xff, 0xe0, 0x00, 0x00, 0x1f, 0xff, 0xa0, 0x00,
    0x00, 0x00, 0x00, 0x0f, 0xff, 0xc0, 0x00, 0x00,
    0x3f, 0xff, 0x80, 0x00, 0x00, 0x00, 0x00, 0x2f,
    0xff, 0x90, 0x00, 0x00, 0x6f, 0xff, 0x50, 0x00,
    0x00, 0x00, 0x00, 0x4f, 0xff, 0x70, 0x00, 0x00,
    0x9f, 0xff, 0x20, 0x00, 0x00, 0x5f, 0xff, 0xff,
    0xff, 0xff, 0xff, 0xff, 0xff, 0xff, 0xff, 0xfd,
    0x00, 0x8f, 0xff, 0xff, 0xff, 0xff, 0xff, 0xff,
    0xff, 0xff, 0xff, 0xfb, 0x00, 0xbf, 0xff, 0xff,
    0xff, 0xff, 0xff, 0xff, 0xff, 0xff, 0xff, 0xf8,
    0x00, 0xac, 0xcc, 0xff, 0xff, 0xcc, 0xcc, 0xcf,
    0xff, 0xff, 0xcc, 0xc4, 0x00, 0x00, 0x01, 0xff,
    0xfa, 0x00, 0x00, 0x06, 0xff, 0xf5, 0x00, 0x00,
    0x00, 0x00, 0x04, 0xff, 0xf7, 0x00, 0x00, 0x08,
    0xff, 0xf3, 0x00, 0x00, 0x00, 0x00, 0x06, 0xff,
    0xf5, 0x00, 0x00, 0x0b, 0xff, 0xf0, 0x00, 0x00,
    0x00, 0x00, 0x09, 0xff, 0xf2, 0x00, 0x00, 0x0d,
    0xff, 0xe0, 0x00, 0x00, 0x00, 0x00, 0x0c, 0xff,
    0xf0, 0x00, 0x00, 0x0f, 0xff, 0xb0, 0x00, 0x00,
    0x00, 0x00, 0x0e, 0xff, 0xd0, 0x00, 0x00, 0x3f,
    0xff, 0x80, 0x00, 0x00, 0x0f, 0xff, 0xff, 0xff,
    0xff, 0xff, 0xff, 0xff, 0xff, 0xff, 0xff, 0x40,
    0x2f, 0xff, 0xff, 0xff, 0xff, 0xff, 0xff, 0xff,
    0xff, 0xff, 0xff, 0x10, 0x4f, 0xff, 0xff, 0xff,
    0xff, 0xff, 0xff, 0xff, 0xff, 0xff, 0xff, 0x00,
    0x5c, 0xcc, 0xff, 0xff, 0xfc, 0xcc, 0xcc, 0xff,
    0xff, 0xcc, 0xc9, 0x00, 0x00, 0x00, 0xbf, 0xff,
    0x00, 0x00, 0x00, 0xff, 0xfb, 0x00, 0x00, 0x00,
    0x00, 0x00, 0xef, 0xfd, 0x00, 0x00, 0x02, 0xff,
    0xf9, 0x00, 0x00, 0x00, 0x00, 0x00, 0xff, 0xfb,
    0x00, 0x00, 0x05, 0xff, 0xf6, 0x00, 0x00, 0x00,
    0x00, 0x03, 0xff, 0xf8, 0x00, 0x00, 0x07, 0xff,
    0xf4, 0x00, 0x00, 0x00, 0x00, 0x05, 0xff, 0xf6,
    0x00, 0x00, 0x0a, 0xff, 0xf1, 0x00, 0x00, 0x00,
    0x00, 0x08, 0xff, 0xf3, 0x00, 0x00, 0x0d, 0xff,
    0xe0, 0x00, 0x00, 0x00, 0x00, 0x0a, 0xff, 0xf1,
    0x00, 0x00, 0x0f, 0xff, 0xc0, 0x00, 0x00, 0x00,

    /* U+0024 "$" */
    0x00, 0x00, 0x00, 0x00, 0x00, 0xaf, 0x90, 0x00,
    0x00, 0x00, 0x00, 0x00, 0x00, 0x00, 0x00, 0x00,
    0xaf, 0x90, 0x00, 0x00, 0x00, 0x00, 0x00, 0x00,
    0x00, 0x00, 0x00, 0xaf, 0x90, 0x00, 0x00, 0x00,
    0x00, 0x00, 0x00, 0x00, 0x00, 0x00, 0xaf, 0x90,
    0x00, 0x00, 0x00, 0x00, 0x00, 0x00, 0x00, 0x05,
    0xac, 0xff, 0xfd, 0xb7, 0x10, 0x00, 0x00, 0x00,
    0x00, 0x07, 0xff, 0xff, 0xff, 0xff, 0xff, 0xf8,
    0x00, 0x00, 0x00, 0x01, 0xdf, 0xff, 0xff, 0xff,
    0xff, 0xff, 0xff, 0xe2, 0x00, 0x00, 0x0c, 0xff,
    0xff, 0xff, 0xff, 0xff, 0xff, 0xff, 0xfd, 0x10,
    0x00, 0x9f, 0xff, 0xff, 0xd7, 0xef, 0xe7, 0xdf,
    0xff, 0xff, 0xa0, 0x01, 0xff, 0xff, 0xf9, 0x00,
    0xaf, 0x90, 0x06, 0xff, 0xff, 0xf2, 0x04, 0xff,
    0xff, 0xd0, 0x00, 0xaf, 0x90, 0x00, 0xaf, 0xff,
    0xf6, 0x06, 0xff, 0xff, 0x90, 0x00, 0xaf, 0x90,
    0x00, 0x4d, 0xdd, 0xd7, 0x06, 0xff, 0xff, 0xa0,
    0x00, 0xaf, 0x90, 0x00, 0x00, 0x00, 0x00, 0x04,
    0xff, 0xff, 0xf3, 0x00, 0xaf, 0x90, 0x00, 0x00,
    0x00, 0x00, 0x00, 0xff, 0xff, 0xff, 0x71, 0xaf,
    0x90, 0x00, 0x00, 0x00, 0x00, 0x00, 0x7f, 0xff,
    0xff, 0xff, 0xff, 0xb0, 0x00, 0x00, 0x00, 0x00,
    0x00, 0x0a, 0xff, 0xff, 0xff, 0xff, 0xfe, 0x94,
    0x00, 0x00, 0x00, 0x00, 0x00, 0x6f, 0xff, 0xff,
    0xff, 0xff, 0xff, 0xe8, 0x10, 0x00, 0x00, 0x00,
    0x01, 0x7d, 0xff, 0xff, 0xff, 0xff, 0xff, 0xe4,
    0x00, 0x00, 0x00, 0x00, 0x00, 0x27, 0xff, 0xff,
    0xff, 0xff, 0xff, 0x40, 0x00, 0x00, 0x00, 0x00,
    0x00, 0xaf, 0xc8, 0xef, 0xff, 0xff, 0xe1, 0x00,
    0x00, 0x00, 0x00, 0x00, 0xaf, 0x90, 0x06, 0xff,
    0xff, 0xf7, 0x00, 0x00, 0x00, 0x00, 0x00, 0xaf,
    0x90, 0x00, 0x6f, 0xff, 0xfc, 0x17, 0x77, 0x74,
    0x00, 0x00, 0xaf, 0x90, 0x00, 0x0f, 0xff, 0xfe,
    0x2f, 0xff, 0xfd, 0x00, 0x00, 0xaf, 0x90, 0x00,
    0x1f, 0xff, 0xfe, 0x0f, 0xff, 0xff, 0x50, 0x00,
    0xaf, 0x90, 0x00, 0x7f, 0xff, 0xfc, 0x0a, 0xff,
    0xff, 0xf4, 0x00, 0xaf, 0x90, 0x06, 0xff, 0xff,
    0xf8, 0x02, 0xff, 0xff, 0xff, 0xc7, 0xef, 0xe7,
    0xdf, 0xff, 0xff, 0xf1, 0x00, 0x7f, 0xff, 0xff,
    0xff, 0xff, 0xff, 0xff, 0xff, 0xff, 0x60, 0x00,
    0x08, 0xff, 0xff, 0xff, 0xff, 0xff, 0xff, 0xff,
    0xf7, 0x00, 0x00, 0x00, 0x4c, 0xff, 0xff, 0xff,
    0xff, 0xff, 0xfc, 0x30, 0x00, 0x00, 0x00, 0x00,
    0x37, 0xbd, 0xff, 0xfe, 0xb8, 0x30, 0x00, 0x00,
    0x00, 0x00, 0x00, 0x00, 0x00, 0xaf, 0x90, 0x00,
    0x00, 0x00, 0x00, 0x00, 0x00, 0x00, 0x00, 0x00,
    0xaf, 0x90, 0x00, 0x00, 0x00, 0x00, 0x00, 0x00,
    0x00, 0x00, 0x00, 0xaf, 0x90, 0x00, 0x00, 0x00,
    0x00, 0x00, 0x00, 0x00, 0x00, 0x00, 0x58, 0x40,
    0x00, 0x00, 0x00, 0x00,

    /* U+0025 "%" */
    0x00, 0x03, 0xae, 0xfe, 0xb4, 0x00, 0x00, 0x00,
    0x00, 0x00, 0x00, 0x0a, 0xff, 0xe1, 0x00, 0x00,
    0x00, 0x7f, 0xff, 0xff, 0xff, 0x90, 0x00, 0x00,
    0x00, 0x00, 0x00, 0x5f, 0xff, 0x40, 0x00, 0x00,
    0x05, 0xff, 0xff, 0xff, 0xff, 0xf6, 0x00, 0x00,
    0x00, 0x00, 0x01, 0xef, 0xf9, 0x00, 0x00, 0x00,
    0x0d, 0xff, 0xf5, 0x14, 0xef, 0xfe, 0x00, 0x00,
    0x00, 0x00, 0x0b, 0xff, 0xd0, 0x00, 0x00, 0x00,
    0x2f, 0xff, 0x80, 0x00, 0x6f, 0xff, 0x30, 0x00,
    0x00, 0x00, 0x5f, 0xff, 0x40, 0x00, 0x00, 0x00,
    0x3f, 0xff, 0x40, 0x00, 0x3f, 0xff, 0x50, 0x00,
    0x00, 0x01, 0xef, 0xf9, 0x00, 0x00, 0x00, 0x00,
    0x4f, 0xff, 0x40, 0x00, 0x2f, 0xff, 0x50, 0x00,
    0x00, 0x0b, 0xff, 0xd0, 0x00, 0x00, 0x00, 0x00,
    0x3f, 0xff, 0x40, 0x00, 0x3f, 0xff, 0x50, 0x00,
    0x00, 0x6f, 0xff, 0x30, 0x00, 0x00, 0x00, 0x00,
    0x2f, 0xff, 0x80, 0x00, 0x6f, 0xff, 0x30, 0x00,
    0x02, 0xff, 0xf8, 0x00, 0x00, 0x00, 0x00, 0x00,
    0x0d, 0xff, 0xf5, 0x24, 0xef, 0xfe, 0x00, 0x00,
    0x0c, 0xff, 0xd0, 0x00, 0x00, 0x00, 0x00, 0x00,
    0x05, 0xff, 0xff, 0xff, 0xff, 0xf6, 0x00, 0x00,
    0x7f, 0xff, 0x30, 0x00, 0x00, 0x00, 0x00, 0x00,
    0x00, 0x7f, 0xff, 0xff, 0xff, 0x90, 0x00, 0x02,
    0xff, 0xf7, 0x00, 0x00, 0x00, 0x00, 0x00, 0x00,
    0x00, 0x03, 0xae, 0xfe, 0xb4, 0x00, 0x00, 0x0c,
    0xff, 0xc0, 0x00, 0x00, 0x00, 0x00, 0x00, 0x00,
    0x00, 0x00, 0x00, 0x00, 0x00, 0x00, 0x00, 0x7f,
    0xff, 0x20, 0x00, 0x00, 0x00, 0x00, 0x00, 0x00,
    0x00, 0x00, 0x00, 0x00, 0x00, 0x00, 0x02, 0xff,
    0xf7, 0x00, 0x00, 0x00, 0x00, 0x00, 0x00, 0x00,
    0x00, 0x00, 0x00, 0x00, 0x00, 0x00, 0x0c, 0xff,
    0xc0, 0x00, 0x00, 0x3b, 0xef, 0xfc, 0x60, 0x00,
    0x00, 0x00, 0x00, 0x00, 0x00, 0x00, 0x8f, 0xff,
    0x20, 0x00, 0x07, 0xff, 0xff, 0xff, 0xfb, 0x00,
    0x00, 0x00, 0x00, 0x00, 0x00, 0x03, 0xff, 0xf6,
    0x00, 0x00, 0x4f, 0xff, 0xff, 0xff, 0xff, 0x80,
    0x00, 0x00, 0x00, 0x00, 0x00, 0x0d, 0xff, 0xb0,
    0x00, 0x00, 0xcf, 0xff, 0x50, 0x3d, 0xff, 0xf0,
    0x00, 0x00, 0x00, 0x00, 0x00, 0x8f, 0xff, 0x10,
    0x00, 0x01, 0xff, 0xf9, 0x00, 0x05, 0xff, 0xf4,
    0x00, 0x00, 0x00, 0x00, 0x03, 0xff, 0xf6, 0x00,
    0x00, 0x03, 0xff, 0xf5, 0x00, 0x02, 0xff, 0xf6,
    0x00, 0x00, 0x00, 0x00, 0x0d, 0xff, 0xb0, 0x00,
    0x00, 0x03, 0xff, 0xf5, 0x00, 0x01, 0xff, 0xf7,
    0x00, 0x00, 0x00, 0x00, 0x9f, 0xfe, 0x10, 0x00,
    0x00, 0x02, 0xff, 0xf5, 0x00, 0x02, 0xff, 0xf6,
    0x00, 0x00, 0x00, 0x04, 0xff, 0xf5, 0x00, 0x00,
    0x00, 0x01, 0xff, 0xf9, 0x00, 0x05, 0xff, 0xf4,
    0x00, 0x00, 0x00, 0x0e, 0xff, 0xa0, 0x00, 0x00,
    0x00, 0x00, 0xcf, 0xff, 0x62, 0x4e, 0xff, 0xf0,
    0x00, 0x00, 0x00, 0x9f, 0xfe, 0x10, 0x00, 0x00,
    0x00, 0x00, 0x4f, 0xff, 0xff, 0xff, 0xff, 0x70,
    0x00, 0x00, 0x04, 0xff, 0xf5, 0x00, 0x00, 0x00,
    0x00, 0x00, 0x07, 0xff, 0xff, 0xff, 0xfa, 0x00,
    0x00, 0x00, 0x1e, 0xff, 0xa0, 0x00, 0x00, 0x00,
    0x00, 0x00, 0x00, 0x3a, 0xef, 0xeb, 0x50, 0x00,

    /* U+0026 "&" */
    0x00, 0x00, 0x00, 0x28, 0xce, 0xfd, 0xb5, 0x00,
    0x00, 0x00, 0x00, 0x00, 0x00, 0x00, 0x06, 0xff,
    0xff, 0xff, 0xff, 0xc1, 0x00, 0x00, 0x00, 0x00,
    0x00, 0x00, 0x7f, 0xff, 0xff, 0xff, 0xff, 0xfd,
    0x00, 0x00, 0x00, 0x00, 0x00, 0x02, 0xff, 0xff,
    0xff, 0xff, 0xff, 0xff, 0x90, 0x00, 0x00, 0x00,
    0x00, 0x09, 0xff, 0xff, 0x81, 0x03, 0xcf, 0xff,
    0xf0, 0x00, 0x00, 0x00, 0x00, 0x0d, 0xff, 0xfa,
    0x00, 0x00, 0x2f, 0xff, 0xf2, 0x00, 0x00, 0x00,
    0x00, 0x0f, 0xff, 0xf5, 0x00, 0x00, 0x0e, 0xff,
    0xf3, 0x00, 0x00, 0x00, 0x00, 0x0e, 0xff, 0xf6,
    0x00, 0x00, 0x1f, 0xff, 0xf1, 0x00, 0x00, 0x00,
    0x00, 0x0c, 0xff, 0xfb, 0x00, 0x00, 0xbf, 0xff,
    0xd0, 0x00, 0x00, 0x00, 0x00, 0x07, 0xff, 0xff,
    0x40, 0x1b, 0xff, 0xff, 0x50, 0x00, 0x00, 0x00,
    0x00, 0x01, 0xef, 0xff, 0xe6, 0xef, 0xff, 0xf9,
    0x00, 0x00, 0x00, 0x00, 0x00, 0x00, 0x6f, 0xff,
    0xff, 0xff, 0xff, 0x90, 0x00, 0x00, 0x00, 0x00,
    0x00, 0x00, 0x0b, 0xff, 0xff, 0xff, 0xf6, 0x00,
    0x00, 0x00, 0x00, 0x00, 0x00, 0x00, 0x0a, 0xff,
    0xff, 0xff, 0x20, 0x00, 0x00, 0x00, 0x00, 0x00,
    0x00, 0x02, 0xdf, 0xff, 0xff, 0xff, 0x50, 0x00,
    0x00, 0x00, 0x00, 0x00, 0x00, 0x2e, 0xff, 0xff,
    0xff, 0xff, 0xf3, 0x00, 0x00, 0xff, 0xff, 0x30,
    0x01, 0xef, 0xff, 0xfc, 0x7f, 0xff, 0xfe, 0x20,
    0x01, 0xff, 0xff, 0x20, 0x0a, 0xff, 0xff, 0xa0,
    0x08, 0xff, 0xff, 0xd1, 0x04, 0xff, 0xff, 0x00,
    0x1f, 0xff, 0xfe, 0x00, 0x00, 0xaf, 0xff, 0xfb,
    0x09, 0xff, 0xfd, 0x00, 0x3f, 0xff, 0xf8, 0x00,
    0x00, 0x0c, 0xff, 0xff, 0xbf, 0xff, 0xf9, 0x00,
    0x5f, 0xff, 0xf7, 0x00, 0x00, 0x01, 0xdf, 0xff,
    0xff, 0xff, 0xf3, 0x00, 0x4f, 0xff, 0xfa, 0x00,
    0x00, 0x00, 0x2e, 0xff, 0xff, 0xff, 0xc0, 0x00,
    0x0f, 0xff, 0xff, 0x30, 0x00, 0x00, 0x04, 0xff,
    0xff, 0xff, 0x30, 0x00, 0x0a, 0xff, 0xff, 0xf7,
    0x10, 0x02, 0x7e, 0xff, 0xff, 0xff, 0x10, 0x00,
    0x01, 0xef, 0xff, 0xff, 0xff, 0xff, 0xff, 0xff,
    0xff, 0xff, 0xd0, 0x00, 0x00, 0x3f, 0xff, 0xff,
    0xff, 0xff, 0xff, 0xff, 0xff, 0xff, 0xfb, 0x00,
    0x00, 0x02, 0xbf, 0xff, 0xff, 0xff, 0xff, 0xf8,
    0x0a, 0xff, 0xff, 0x90, 0x00, 0x00, 0x03, 0x8c,
    0xef, 0xfd, 0xa6, 0x10, 0x00, 0xcf, 0xff, 0xf7,

    /* U+0027 "'" */
    0x2f, 0xff, 0xf8, 0x2f, 0xff, 0xf8, 0x1f, 0xff,
    0xf7, 0x0f, 0xff, 0xf6, 0x0f, 0xff, 0xf6, 0x0f,
    0xff, 0xf5, 0x0e, 0xff, 0xf4, 0x0d, 0xff, 0xf3,
    0x0d, 0xff, 0xf3, 0x0c, 0xff, 0xf2, 0x0b, 0xff,
    0xf1, 0x02, 0x33, 0x30,

    /* U+0028 "(" */
    0x00, 0x00, 0x07, 0x88, 0x85, 0x00, 0x00, 0x4f,
    0xff, 0xf5, 0x00, 0x00, 0xdf, 0xff, 0xe0, 0x00,
    0x05, 0xff, 0xff, 0x70, 0x00, 0x0b, 0xff, 0xff,
    0x10, 0x00, 0x2f, 0xff, 0xfb, 0x00, 0x00, 0x7f,
    0xff, 0xf6, 0x00, 0x00, 0xcf, 0xff, 0xf1, 0x00,
    0x01, 0xff, 0xff, 0xd0, 0x00, 0x05, 0xff, 0xff,
    0x80, 0x00, 0x09, 0xff, 0xff, 0x50, 0x00, 0x0c,
    0xff, 0xff, 0x20, 0x00, 0x0f, 0xff, 0xfe, 0x00,
    0x00, 0x2f, 0xff, 0xfc, 0x00, 0x00, 0x4f, 0xff,
    0xfa, 0x00, 0x00, 0x6f, 0xff, 0xf8, 0x00, 0x00,
    0x7f, 0xff, 0xf7, 0x00, 0x00, 0x7f, 0xff, 0xf6,
    0x00, 0x00, 0x8f, 0xff, 0xf5, 0x00, 0x00, 0x8f,
    0xff, 0xf6, 0x00, 0x00, 0x7f, 0xff, 0xf6, 0x00,
    0x00, 0x6f, 0xff, 0xf8, 0x00, 0x00, 0x4f, 0xff,
    0xfa, 0x00, 0x00, 0x1f, 0xff, 0xfc, 0x00, 0x00,
    0x0e, 0xff, 0xff, 0x00, 0x00, 0x0b, 0xff, 0xff,
    0x40, 0x00, 0x07, 0xff, 0xff, 0x80, 0x00, 0x02,
    0xff, 0xff, 0xd0, 0x00, 0x00, 0xcf, 0xff, 0xf2,
    0x00, 0x00, 0x7f, 0xff, 0xf8, 0x00, 0x00, 0x1f,
    0xff, 0xfd, 0x00, 0x00, 0x09, 0xff, 0xff, 0x40,
    0x00, 0x02, 0xff, 0xff, 0xa0, 0x00, 0x00, 0x9f,
    0xff, 0xf1, 0x00, 0x00, 0x1f, 0xff, 0xf8,

    /* U+0029 ")" */
    0x38, 0x88, 0x70, 0x00, 0x00, 0x2f, 0xff, 0xf7,
    0x00, 0x00, 0x0b, 0xff, 0xff, 0x10, 0x00, 0x04,
    0xff, 0xff, 0x70, 0x00, 0x00, 0xef, 0xff, 0xe0,
    0x00, 0x00, 0x9f, 0xff, 0xf4, 0x00, 0x00, 0x3f,
    0xff, 0xfa, 0x00, 0x00, 0x0e, 0xff, 0xfe, 0x00,
    0x00, 0x0a, 0xff, 0xff, 0x40, 0x00, 0x06, 0xff,
    0xff, 0x80, 0x00, 0x02, 0xff, 0xff, 0xb0, 0x00,
    0x00, 0xff, 0xff, 0xf0, 0x00, 0x00, 0xcf, 0xff,
    0xf2, 0x00, 0x00, 0x9f, 0xff, 0xf4, 0x00, 0x00,
    0x7f, 0xff, 0xf6, 0x00, 0x00, 0x5f, 0xff, 0xf8,
    0x00, 0x00, 0x4f, 0xff, 0xf9, 0x00, 0x00, 0x3f,
    0xff, 0xfa, 0x00, 0x00, 0x2f, 0xff, 0xfb, 0x00,
    0x00, 0x3f, 0xff, 0xfa, 0x00, 0x00, 0x4f, 0xff,
    0xfa, 0x00, 0x00, 0x5f, 0xff, 0xf8, 0x00, 0x00,
    0x8f, 0xff, 0xf6, 0x00, 0x00, 0xaf, 0xff, 0xf4,
    0x00, 0x00, 0xdf, 0xff, 0xf1, 0x00, 0x01, 0xff,
    0xff, 0xd0, 0x00, 0x05, 0xff, 0xff, 0x90, 0x00,
    0x0a, 0xff, 0xff, 0x40, 0x00, 0x0f, 0xff, 0xff,
    0x00, 0x00, 0x5f, 0xff, 0xf9, 0x00, 0x00, 0xbf,
    0xff, 0xf3, 0x00, 0x01, 0xff, 0xff, 0xc0, 0x00,
    0x08, 0xff, 0xff, 0x40, 0x00, 0x0e, 0xff, 0xfc,
    0x00, 0x00, 0x5f, 0xff, 0xf3, 0x00, 0x00,

    /* U+002A "*" */
    0x00, 0x00, 0x00, 0x5f, 0xfd, 0x00, 0x00, 0x00,
    0x00, 0x00, 0x00, 0x4f, 0xfc, 0x00, 0x00, 0x00,
    0x00, 0x40, 0x00, 0x4f, 0xfb, 0x00, 0x02, 0x20,
    0x04, 0xfc, 0x20, 0x3f, 0xfa, 0x00, 0x7f, 0xc0,
    0x0d, 0xff, 0xf7, 0x2f, 0xfa, 0x2c, 0xff, 0xf5,
    0x1c, 0xff, 0xff, 0xdf, 0xfd, 0xff, 0xff, 0xf6,
    0x00, 0x3b, 0xff, 0xff, 0xff, 0xff, 0xf8, 0x10,
    0x00, 0x00, 0x3d, 0xff, 0xff, 0xf8, 0x10, 0x00,
    0x00, 0x02, 0xaf, 0xff, 0xff, 0xfe, 0x60, 0x00,
    0x02, 0xaf, 0xff, 0xff, 0xff, 0xff, 0xfe, 0x60,
    0x1f, 0xff, 0xfe, 0x7f, 0xfb, 0xaf, 0xff, 0xf9,
    0x09, 0xff, 0xa1, 0x2f, 0xfa, 0x05, 0xef, 0xf2,
    0x01, 0xd5, 0x00, 0x3f, 0xfb, 0x00, 0x1a, 0x80,
    0x00, 0x00, 0x00, 0x4f, 0xfc, 0x00, 0x00, 0x00,
    0x00, 0x00, 0x00, 0x5f, 0xfd, 0x00, 0x00, 0x00,
    0x00, 0x00, 0x00, 0x38, 0x87, 0x00, 0x00, 0x00,

    /* U+002B "+" */
    0x00, 0x00, 0x00, 0x05, 0xff, 0xfe, 0x00, 0x00,
    0x00, 0x00, 0x00, 0x00, 0x00, 0x05, 0xff, 0xfe,
    0x00, 0x00, 0x00, 0x00, 0x00, 0x00, 0x00, 0x05,
    0xff, 0xfe, 0x00, 0x00, 0x00, 0x00, 0x00, 0x00,
    0x00, 0x05, 0xff, 0xfe, 0x00, 0x00, 0x00, 0x00,
    0x00, 0x00, 0x00, 0x05, 0xff, 0xfe, 0x00, 0x00,
    0x00, 0x00, 0x00, 0x00, 0x00, 0x05, 0xff, 0xfe,
    0x00, 0x00, 0x00, 0x00, 0x00, 0x00, 0x00, 0x05,
    0xff, 0xfe, 0x00, 0x00, 0x00, 0x00, 0x8f, 0xff,
    0xff, 0xff, 0xff, 0xff, 0xff, 0xff, 0xff, 0xf1,
    0x8f, 0xff, 0xff, 0xff, 0xff, 0xff, 0xff, 0xff,
    0xff, 0xf2, 0x8f, 0xff, 0xff, 0xff, 0xff, 0xff,
    0xff, 0xff, 0xff, 0xf2, 0x8f, 0xff, 0xff, 0xff,
    0xff, 0xff, 0xff, 0xff, 0xff, 0xf2, 0x00, 0x00,
    0x00, 0x05, 0xff, 0xfe, 0x00, 0x00, 0x00, 0x00,
    0x00, 0x00, 0x00, 0x05, 0xff, 0xfe, 0x00, 0x00,
    0x00, 0x00, 0x00, 0x00, 0x00, 0x05, 0xff, 0xfe,
    0x00, 0x00, 0x00, 0x00, 0x00, 0x00, 0x00, 0x05,
    0xff, 0xfe, 0x00, 0x00, 0x00, 0x00, 0x00, 0x00,
    0x00, 0x05, 0xff, 0xfe, 0x00, 0x00, 0x00, 0x00,
    0x00, 0x00, 0x00, 0x05, 0xff, 0xfe, 0x00, 0x00,
    0x00, 0x00, 0x00, 0x00, 0x00, 0x05, 0xff, 0xfe,
    0x00, 0x00, 0x00, 0x00, 0x00, 0x00, 0x00, 0x02,
    0x88, 0x87, 0x00, 0x00, 0x00, 0x00,

    /* U+002C "," */
    0x00, 0x33, 0x33, 0x20, 0x2f, 0xff, 0xfb, 0x05,
    0xff, 0xff, 0x60, 0x7f, 0xff, 0xf1, 0x09, 0xff,
    0xfd, 0x00, 0xcf, 0xff, 0x80, 0x0e, 0xff, 0xf3,
    0x00, 0xff, 0xff, 0x00, 0x3f, 0xff, 0xa0, 0x05,
    0xff, 0xf6, 0x00, 0x8f, 0xff, 0x10, 0x0a, 0xff,
    0xc0, 0x00,

    /* U+002D "-" */
    0x6f, 0xff, 0xff, 0xff, 0xff, 0xff, 0xf0, 0x6f,
    0xff, 0xff, 0xff, 0xff, 0xff, 0xf0, 0x6f, 0xff,
    0xff, 0xff, 0xff, 0xff, 0xf0, 0x6f, 0xff, 0xff,
    0xff, 0xff, 0xff, 0xf0,

    /* U+002E "." */
    0x06, 0xdd, 0x80, 0x07, 0xff, 0xff, 0x80, 0xdf,
    0xff, 0xfe, 0x0d, 0xff, 0xff, 0xf0, 0x7f, 0xff,
    0xf9, 0x00, 0x8e, 0xe9, 0x00,

    /* U+002F "/" */
    0x00, 0x00, 0x00, 0x00, 0x09, 0xff, 0xfa, 0x00,
    0x00, 0x00, 0x00, 0x0e, 0xff, 0xf5, 0x00, 0x00,
    0x00, 0x00, 0x2f, 0xff, 0xf1, 0x00, 0x00, 0x00,
    0x00, 0x6f, 0xff, 0xd0, 0x00, 0x00, 0x00, 0x00,
    0xaf, 0xff, 0x80, 0x00, 0x00, 0x00, 0x00, 0xff,
    0xff, 0x40, 0x00, 0x00, 0x00, 0x03, 0xff, 0xff,
    0x00, 0x00, 0x00, 0x00, 0x07, 0xff, 0xfb, 0x00,
    0x00, 0x00, 0x00, 0x0c, 0xff, 0xf7, 0x00, 0x00,
    0x00, 0x00, 0x0f, 0xff, 0xf3, 0x00, 0x00, 0x00,
    0x00, 0x4f, 0xff, 0xe0, 0x00, 0x00, 0x00, 0x00,
    0x9f, 0xff, 0xa0, 0x00, 0x00, 0x00, 0x00, 0xdf,
    0xff, 0x60, 0x00, 0x00, 0x00, 0x01, 0xff, 0xff,
    0x10, 0x00, 0x00, 0x00, 0x06, 0xff, 0xfd, 0x00,
    0x00, 0x00, 0x00, 0x0a, 0xff, 0xf9, 0x00, 0x00,
    0x00, 0x00, 0x0e, 0xff, 0xf4, 0x00, 0x00, 0x00,
    0x00, 0x3f, 0xff, 0xf0, 0x00, 0x00, 0x00, 0x00,
    0x7f, 0xff, 0xc0, 0x00, 0x00, 0x00, 0x00, 0xbf,
    0xff, 0x80, 0x00, 0x00, 0x00, 0x00, 0xff, 0xff,
    0x30, 0x00, 0x00, 0x00, 0x04, 0xff, 0xff, 0x00,
    0x00, 0x00, 0x00, 0x08, 0xff, 0xfb, 0x00, 0x00,
    0x00, 0x00, 0x0d, 0xff, 0xf6, 0x00, 0x00, 0x00,
    0x00, 0x1f, 0xff, 0xf2, 0x00, 0x00, 0x00, 0x00,
    0x5f, 0xff, 0xe0, 0x00, 0x00, 0x00, 0x00, 0x9f,
    0xff, 0x90, 0x00, 0x00, 0x00, 0x00, 0xef, 0xff,
    0x50, 0x00, 0x00, 0x00, 0x02, 0xff, 0xff, 0x10,
    0x00, 0x00, 0x00, 0x06, 0xff, 0xfc, 0x00, 0x00,
    0x00, 0x00, 0x0b, 0xff, 0xf8, 0x00, 0x00, 0x00,
    0x00, 0x0f, 0xff, 0xf4, 0x00, 0x00, 0x00, 0x00,
    0x3f, 0xff, 0xf0, 0x00, 0x00, 0x00, 0x00,

    /* U+0030 "0" */
    0x00, 0x00, 0x00, 0x03, 0x9c, 0xef, 0xed, 0x94,
    0x00, 0x00, 0x00, 0x00, 0x00, 0x00, 0x2b, 0xff,
    0xff, 0xff, 0xff, 0xfc, 0x20, 0x00, 0x00, 0x00,
    0x00, 0x3e, 0xff, 0xff, 0xff, 0xff, 0xff, 0xff,
    0x40, 0x00, 0x00, 0x00, 0x2e, 0xff, 0xff, 0xff,
    0xff, 0xff, 0xff, 0xff, 0x30, 0x00, 0x00, 0x0c,
    0xff, 0xff, 0xf9, 0x42, 0x49, 0xff, 0xff, 0xfd,
    0x00, 0x00, 0x05, 0xff, 0xff, 0xf5, 0x00, 0x00,
    0x04, 0xff, 0xff, 0xf7, 0x00, 0x00, 0xdf, 0xff,
    0xf8, 0x00, 0x00, 0x00, 0x07, 0xff, 0xff, 0xe0,
    0x00, 0x2f, 0xff, 0xff, 0x00, 0x00, 0x00, 0x00,
    0x0e, 0xff, 0xff, 0x30, 0x07, 0xff, 0xff, 0xa0,
    0x00, 0x00, 0x00, 0x00, 0x9f, 0xff, 0xf8, 0x00,
    0xbf, 0xff, 0xf6, 0x00, 0x00, 0x00, 0x00, 0x05,
    0xff, 0xff, 0xb0, 0x0d, 0xff, 0xff, 0x30, 0x00,
    0x00, 0x00, 0x00, 0x1f, 0xff, 0xfe, 0x00, 0xff,
    0xff, 0xf0, 0x00, 0x00, 0x00, 0x00, 0x00, 0xff,
    0xff, 0xf0, 0x0f, 0xff, 0xff, 0x00, 0x00, 0x00,
    0x00, 0x00, 0x0e, 0xff, 0xff, 0x11, 0xff, 0xff,
    0xe0, 0x00, 0x00, 0x00, 0x00, 0x00, 0xdf, 0xff,
    0xf2, 0x1f, 0xff, 0xfe, 0x00, 0x00, 0x00, 0x00,
    0x00, 0x0d, 0xff, 0xff, 0x20, 0xff, 0xff, 0xf0,
    0x00, 0x00, 0x00, 0x00, 0x00, 0xef, 0xff, 0xf1,
    0x0f, 0xff, 0xff, 0x00, 0x00, 0x00, 0x00, 0x00,
    0x0f, 0xff, 0xff, 0x00, 0xdf, 0xff, 0xf2, 0x00,
    0x00, 0x00, 0x00, 0x01, 0xff, 0xff, 0xe0, 0x0b,
    0xff, 0xff, 0x60, 0x00, 0x00, 0x00, 0x00, 0x5f,
    0xff, 0xfc, 0x00, 0x7f, 0xff, 0xf9, 0x00, 0x00,
    0x00, 0x00, 0x09, 0xff, 0xff, 0x80, 0x03, 0xff,
    0xff, 0xe0, 0x00, 0x00, 0x00, 0x00, 0xef, 0xff,
    0xf4, 0x00, 0x0d, 0xff, 0xff, 0x80, 0x00, 0x00,
    0x00, 0x7f, 0xff, 0xfe, 0x00, 0x00, 0x6f, 0xff,
    0xff, 0x50, 0x00, 0x00, 0x4f, 0xff, 0xff, 0x70,
    0x00, 0x00, 0xcf, 0xff, 0xff, 0x94, 0x24, 0x9f,
    0xff, 0xff, 0xd0, 0x00, 0x00, 0x02, 0xff, 0xff,
    0xff, 0xff, 0xff, 0xff, 0xff, 0xf3, 0x00, 0x00,
    0x00, 0x04, 0xef, 0xff, 0xff, 0xff, 0xff, 0xff,
    0xf5, 0x00, 0x00, 0x00, 0x00, 0x02, 0xbf, 0xff,
    0xff, 0xff, 0xff, 0xc3, 0x00, 0x00, 0x00, 0x00,
    0x00, 0x00, 0x39, 0xcf, 0xff, 0xd9, 0x40, 0x00,
    0x00, 0x00,

    /* U+0031 "1" */
    0x00, 0x00, 0x01, 0xcf, 0xff, 0xff, 0x40, 0x00,
    0x05, 0xef, 0xff, 0xff, 0xf4, 0x00, 0x09, 0xff,
    0xff, 0xff, 0xff, 0x40, 0x2d, 0xff, 0xff, 0xff,
    0xff, 0xf4, 0x2f, 0xff, 0xff, 0xec, 0xff, 0xff,
    0x44, 0xff, 0xff, 0xb1, 0x9f, 0xff, 0xf4, 0x4f,
    0xff, 0x70, 0x09, 0xff, 0xff, 0x44, 0xfd, 0x30,
    0x00, 0x9f, 0xff, 0xf4, 0x3a, 0x00, 0x00, 0x09,
    0xff, 0xff, 0x40, 0x00, 0x00, 0x00, 0x9f, 0xff,
    0xf4, 0x00, 0x00, 0x00, 0x09, 0xff, 0xff, 0x40,
    0x00, 0x00, 0x00, 0x9f, 0xff, 0xf4, 0x00, 0x00,
    0x00, 0x09, 0xff, 0xff, 0x40, 0x00, 0x00, 0x00,
    0x9f, 0xff, 0xf4, 0x00, 0x00, 0x00, 0x09, 0xff,
    0xff, 0x40, 0x00, 0x00, 0x00, 0x9f, 0xff, 0xf4,
    0x00, 0x00, 0x00, 0x09, 0xff, 0xff, 0x40, 0x00,
    0x00, 0x00, 0x9f, 0xff, 0xf4, 0x00, 0x00, 0x00,
    0x09, 0xff, 0xff, 0x40, 0x00, 0x00, 0x00, 0x9f,
    0xff, 0xf4, 0x00, 0x00, 0x00, 0x09, 0xff, 0xff,
    0x40, 0x00, 0x00, 0x00, 0x9f, 0xff, 0xf4, 0x00,
    0x00, 0x00, 0x09, 0xff, 0xff, 0x40, 0x00, 0x00,
    0x00, 0x9f, 0xff, 0xf4, 0x00, 0x00, 0x00, 0x09,
    0xff, 0xff, 0x40, 0x00, 0x00, 0x00, 0x9f, 0xff,
    0xf4, 0x00, 0x00, 0x00, 0x09, 0xff, 0xff, 0x40,
    0x00, 0x00, 0x00, 0x9f, 0xff, 0xf4,

    /* U+0032 "2" */
    0x00, 0x00, 0x03, 0x9c, 0xef, 0xfd, 0xa6, 0x00,
    0x00, 0x00, 0x00, 0x01, 0xbf, 0xff, 0xff, 0xff,
    0xff, 0xe5, 0x00, 0x00, 0x00, 0x3e, 0xff, 0xff,
    0xff, 0xff, 0xff, 0xff, 0x90, 0x00, 0x01, 0xef,
    0xff, 0xff, 0xff, 0xff, 0xff, 0xff, 0xf7, 0x00,
    0x0a, 0xff, 0xff, 0xf8, 0x21, 0x26, 0xdf, 0xff,
    0xff, 0x20, 0x2f, 0xff, 0xff, 0x30, 0x00, 0x00,
    0x0c, 0xff, 0xff, 0x90, 0x6f, 0xff, 0xf8, 0x00,
    0x00, 0x00, 0x02, 0xff, 0xff, 0xd0, 0x9f, 0xff,
    0xf3, 0x00, 0x00, 0x00, 0x00, 0xef, 0xff, 0xf0,
    0x6a, 0xaa, 0xa0, 0x00, 0x00, 0x00, 0x00, 0xdf,
    0xff, 0xf0, 0x00, 0x00, 0x00, 0x00, 0x00, 0x00,
    0x00, 0xff, 0xff, 0xd0, 0x00, 0x00, 0x00, 0x00,
    0x00, 0x00, 0x05, 0xff, 0xff, 0x90, 0x00, 0x00,
    0x00, 0x00, 0x00, 0x00, 0x0d, 0xff, 0xff, 0x20,
    0x00, 0x00, 0x00, 0x00, 0x00, 0x00, 0xaf, 0xff,
    0xfa, 0x00, 0x00, 0x00, 0x00, 0x00, 0x00, 0x08,
    0xff, 0xff, 0xe1, 0x00, 0x00, 0x00, 0x00, 0x00,
    0x00, 0x7f, 0xff, 0xff, 0x40, 0x00, 0x00, 0x00,
    0x00, 0x00, 0x06, 0xff, 0xff, 0xf6, 0x00, 0x00,
    0x00, 0x00, 0x00, 0x00, 0x7f, 0xff, 0xff, 0x70,
    0x00, 0x00, 0x00, 0x00, 0x00, 0x07, 0xff, 0xff,
    0xf8, 0x00, 0x00, 0x00, 0x00, 0x00, 0x00, 0x7f,
    0xff, 0xff, 0x80, 0x00, 0x00, 0x00, 0x00, 0x00,
    0x07, 0xff, 0xff, 0xf8, 0x00, 0x00, 0x00, 0x00,
    0x00, 0x00, 0x8f, 0xff, 0xff, 0x80, 0x00, 0x00,
    0x00, 0x00, 0x00, 0x08, 0xff, 0xff, 0xf9, 0x00,
    0x00, 0x00, 0x00, 0x00, 0x00, 0x8f, 0xff, 0xff,
    0x90, 0x00, 0x00, 0x00, 0x00, 0x00, 0x08, 0xff,
    0xff, 0xfc, 0x33, 0x33, 0x33, 0x33, 0x33, 0x31,
    0x6f, 0xff, 0xff, 0xff, 0xff, 0xff, 0xff, 0xff,
    0xff, 0xf6, 0x8f, 0xff, 0xff, 0xff, 0xff, 0xff,
    0xff, 0xff, 0xff, 0xf6, 0x8f, 0xff, 0xff, 0xff,
    0xff, 0xff, 0xff, 0xff, 0xff, 0xf6, 0x8f, 0xff,
    0xff, 0xff, 0xff, 0xff, 0xff, 0xff, 0xff, 0xf6,

    /* U+0033 "3" */
    0x00, 0x00, 0x00, 0x16, 0xbd, 0xef, 0xec, 0x82,
    0x00, 0x00, 0x00, 0x00, 0x00, 0x07, 0xff, 0xff,
    0xff, 0xff, 0xff, 0x90, 0x00, 0x00, 0x00, 0x01,
    0xdf, 0xff, 0xff, 0xff, 0xff, 0xff, 0xfd, 0x10,
    0x00, 0x00, 0x1d, 0xff, 0xff, 0xff, 0xff, 0xff,
    0xff, 0xff, 0xd0, 0x00, 0x00, 0x9f, 0xff, 0xff,
    0xa4, 0x11, 0x3a, 0xff, 0xff, 0xf8, 0x00, 0x00,
    0xff, 0xff, 0xf5, 0x00, 0x00, 0x00, 0x6f, 0xff,
    0xfe, 0x00, 0x04, 0xff, 0xff, 0xa0, 0x00, 0x00,
    0x00, 0x0d, 0xff, 0xff, 0x20, 0x05, 0xdd, 0xdd,
    0x50, 0x00, 0x00, 0x00, 0x09, 0xff, 0xff, 0x30,
    0x00, 0x00, 0x00, 0x00, 0x00, 0x00, 0x00, 0x0a,
    0xff, 0xff, 0x30, 0x00, 0x00, 0x00, 0x00, 0x00,
    0x00, 0x00, 0x0e, 0xff, 0xff, 0x00, 0x00, 0x00,
    0x00, 0x00, 0x00, 0x00, 0x00, 0x8f, 0xff, 0xf9,
    0x00, 0x00, 0x00, 0x00, 0x00, 0x00, 0x01, 0x4b,
    0xff, 0xff, 0xd1, 0x00, 0x00, 0x00, 0x00, 0x00,
    0xef, 0xff, 0xff, 0xff, 0xfb, 0x10, 0x00, 0x00,
    0x00, 0x00, 0x00, 0xef, 0xff, 0xff, 0xfb, 0x40,
    0x00, 0x00, 0x00, 0x00, 0x00, 0x00, 0xef, 0xff,
    0xff, 0xff, 0xd8, 0x10, 0x00, 0x00, 0x00, 0x00,
    0x00, 0xbd, 0xde, 0xff, 0xff, 0xff, 0xe3, 0x00,
    0x00, 0x00, 0x00, 0x00, 0x00, 0x00, 0x15, 0xdf,
    0xff, 0xff, 0x20, 0x00, 0x00, 0x00, 0x00, 0x00,
    0x00, 0x00, 0x0c, 0xff, 0xff, 0xa0, 0x00, 0x00,
    0x00, 0x00, 0x00, 0x00, 0x00, 0x02, 0xff, 0xff,
    0xf0, 0x00, 0x00, 0x00, 0x00, 0x00, 0x00, 0x00,
    0x00, 0xef, 0xff, 0xf3, 0x0b, 0xbb, 0xbb, 0x00,
    0x00, 0x00, 0x00, 0x00, 0xef, 0xff, 0xf3, 0x0d,
    0xff, 0xff, 0x50, 0x00, 0x00, 0x00, 0x04, 0xff,
    0xff, 0xf1, 0x09, 0xff, 0xff, 0xe2, 0x00, 0x00,
    0x00, 0x2e, 0xff, 0xff, 0xd0, 0x02, 0xff, 0xff,
    0xff, 0x95, 0x33, 0x49, 0xff, 0xff, 0xff, 0x60,
    0x00, 0x7f, 0xff, 0xff, 0xff, 0xff, 0xff, 0xff,
    0xff, 0xfa, 0x00, 0x00, 0x07, 0xff, 0xff, 0xff,
    0xff, 0xff, 0xff, 0xff, 0xa0, 0x00, 0x00, 0x00,
    0x3c, 0xff, 0xff, 0xff, 0xff, 0xff, 0xd5, 0x00,
    0x00, 0x00, 0x00, 0x00, 0x38, 0xcd, 0xff, 0xec,
    0x84, 0x00, 0x00, 0x00,

    /* U+0034 "4" */
    0x00, 0x00, 0x00, 0x00, 0x00, 0x00, 0x9f, 0xff,
    0xff, 0xe0, 0x00, 0x00, 0x00, 0x00, 0x00, 0x00,
    0x00, 0x3f, 0xff, 0xff, 0xfe, 0x00, 0x00, 0x00,
    0x00, 0x00, 0x00, 0x00, 0x0c, 0xff, 0xff, 0xff,
    0xe0, 0x00, 0x00, 0x00, 0x00, 0x00, 0x00, 0x06,
    0xff, 0xff, 0xff, 0xfe, 0x00, 0x00, 0x00, 0x00,
    0x00, 0x00, 0x01, 0xff, 0xff, 0xff, 0xff, 0xe0,
    0x00, 0x00, 0x00, 0x00, 0x00, 0x00, 0xaf, 0xff,
    0xff, 0xff, 0xfe, 0x00, 0x00, 0x00, 0x00, 0x00,
    0x00, 0x4f, 0xff, 0xf7, 0xcf, 0xff, 0xe0, 0x00,
    0x00, 0x00, 0x00, 0x00, 0x0d, 0xff, 0xfd, 0x0c,
    0xff, 0xfe, 0x00, 0x00, 0x00, 0x00, 0x00, 0x08,
    0xff, 0xff, 0x40, 0xcf, 0xff, 0xe0, 0x00, 0x00,
    0x00, 0x00, 0x02, 0xff, 0xff, 0xa0, 0x0c, 0xff,
    0xfe, 0x00, 0x00, 0x00, 0x00, 0x00, 0xbf, 0xff,
    0xf1, 0x00, 0xcf, 0xff, 0xe0, 0x00, 0x00, 0x00,
    0x00, 0x5f, 0xff, 0xf7, 0x00, 0x0c, 0xff, 0xfe,
    0x00, 0x00, 0x00, 0x00, 0x1e, 0xff, 0xfd, 0x00,
    0x00, 0xcf, 0xff, 0xe0, 0x00, 0x00, 0x00, 0x09,
    0xff, 0xff, 0x40, 0x00, 0x0c, 0xff, 0xfe, 0x00,
    0x00, 0x00, 0x03, 0xff, 0xff, 0xa0, 0x00, 0x00,
    0xcf, 0xff, 0xe0, 0x00, 0x00, 0x00, 0xcf, 0xff,
    0xf1, 0x00, 0x00, 0x0c, 0xff, 0xfe, 0x00, 0x00,
    0x00, 0x7f, 0xff, 0xf7, 0x00, 0x00, 0x00, 0xcf,
    0xff, 0xe0, 0x00, 0x00, 0x1f, 0xff, 0xfd, 0x00,
    0x00, 0x00, 0x0c, 0xff, 0xfe, 0x00, 0x00, 0x0a,
    0xff, 0xff, 0x63, 0x33, 0x33, 0x33, 0xff, 0xff,
    0xf3, 0x33, 0x10, 0xff, 0xff, 0xff, 0xff, 0xff,
    0xff, 0xff, 0xff, 0xff, 0xff, 0xf7, 0x0f, 0xff,
    0xff, 0xff, 0xff, 0xff, 0xff, 0xff, 0xff, 0xff,
    0xff, 0x70, 0xff, 0xff, 0xff, 0xff, 0xff, 0xff,
    0xff, 0xff, 0xff, 0xff, 0xf7, 0x0f, 0xff, 0xff,
    0xff, 0xff, 0xff, 0xff, 0xff, 0xff, 0xff, 0xff,
    0x70, 0x00, 0x00, 0x00, 0x00, 0x00, 0x00, 0x0d,
    0xff, 0xfe, 0x00, 0x00, 0x00, 0x00, 0x00, 0x00,
    0x00, 0x00, 0x00, 0xdf, 0xff, 0xe0, 0x00, 0x00,
    0x00, 0x00, 0x00, 0x00, 0x00, 0x00, 0x0d, 0xff,
    0xfe, 0x00, 0x00, 0x00, 0x00, 0x00, 0x00, 0x00,
    0x00, 0x00, 0xdf, 0xff, 0xe0, 0x00, 0x00, 0x00,
    0x00, 0x00, 0x00, 0x00, 0x00, 0x0d, 0xff, 0xfe,
    0x00, 0x00,

    /* U+0035 "5" */
    0x00, 0x2f, 0xff, 0xff, 0xff, 0xff, 0xff, 0xff,
    0xff, 0xe0, 0x00, 0x03, 0xff, 0xff, 0xff, 0xff,
    0xff, 0xff, 0xff, 0xfe, 0x00, 0x00, 0x5f, 0xff,
    0xff, 0xff, 0xff, 0xff, 0xff, 0xff, 0xe0, 0x00,
    0x07, 0xff, 0xff, 0xff, 0xff, 0xff, 0xff, 0xff,
    0xfe, 0x00, 0x00, 0x8f, 0xff, 0xf2, 0x22, 0x22,
    0x22, 0x22, 0x22, 0x20, 0x00, 0x0a, 0xff, 0xfd,
    0x00, 0x00, 0x00, 0x00, 0x00, 0x00, 0x00, 0x00,
    0xcf, 0xff, 0xc0, 0x00, 0x00, 0x00, 0x00, 0x00,
    0x00, 0x00, 0x0d, 0xff, 0xfa, 0x00, 0x00, 0x00,
    0x00, 0x00, 0x00, 0x00, 0x00, 0xff, 0xff, 0x80,
    0x00, 0x00, 0x00, 0x00, 0x00, 0x00, 0x00, 0x1f,
    0xff, 0xf6, 0x03, 0x8b, 0xdc, 0xa5, 0x00, 0x00,
    0x00, 0x02, 0xff, 0xff, 0x5a, 0xff, 0xff, 0xff,
    0xfe, 0x50, 0x00, 0x00, 0x4f, 0xff, 0xfe, 0xff,
    0xff, 0xff, 0xff, 0xff, 0x80, 0x00, 0x06, 0xff,
    0xff, 0xff, 0xff, 0xff, 0xff, 0xff, 0xff, 0x60,
    0x00, 0x7f, 0xff, 0xff, 0xa4, 0x10, 0x28, 0xff,
    0xff, 0xff, 0x10, 0x00, 0x25, 0x8a, 0x40, 0x00,
    0x00, 0x02, 0xef, 0xff, 0xf9, 0x00, 0x00, 0x00,
    0x00, 0x00, 0x00, 0x00, 0x04, 0xff, 0xff, 0xe0,
    0x00, 0x00, 0x00, 0x00, 0x00, 0x00, 0x00, 0x0d,
    0xff, 0xff, 0x20, 0x00, 0x00, 0x00, 0x00, 0x00,
    0x00, 0x00, 0x9f, 0xff, 0xf4, 0x00, 0x00, 0x00,
    0x00, 0x00, 0x00, 0x00, 0x07, 0xff, 0xff, 0x50,
    0x00, 0x00, 0x00, 0x00, 0x00, 0x00, 0x00, 0x9f,
    0xff, 0xf4, 0x0f, 0xff, 0xfd, 0x00, 0x00, 0x00,
    0x00, 0x0c, 0xff, 0xff, 0x20, 0xdf, 0xff, 0xf2,
    0x00, 0x00, 0x00, 0x03, 0xff, 0xff, 0xe0, 0x09,
    0xff, 0xff, 0xc1, 0x00, 0x00, 0x02, 0xdf, 0xff,
    0xf8, 0x00, 0x2f, 0xff, 0xff, 0xe6, 0x20, 0x27,
    0xef, 0xff, 0xfe, 0x10, 0x00, 0x6f, 0xff, 0xff,
    0xff, 0xff, 0xff, 0xff, 0xff, 0x30, 0x00, 0x00,
    0x7f, 0xff, 0xff, 0xff, 0xff, 0xff, 0xff, 0x50,
    0x00, 0x00, 0x00, 0x3d, 0xff, 0xff, 0xff, 0xff,
    0xfc, 0x20, 0x00, 0x00, 0x00, 0x00, 0x05, 0xad,
    0xff, 0xfd, 0x94, 0x00, 0x00, 0x00,

    /* U+0036 "6" */
    0x00, 0x00, 0x00, 0x01, 0x7b, 0xdf, 0xed, 0xa5,
    0x00, 0x00, 0x00, 0x00, 0x00, 0x00, 0x8f, 0xff,
    0xff, 0xff, 0xff, 0xe4, 0x00, 0x00, 0x00, 0x00,
    0x0c, 0xff, 0xff, 0xff, 0xff, 0xff, 0xff, 0x80,
    0x00, 0x00, 0x00, 0xcf, 0xff, 0xff, 0xff, 0xff,
    0xff, 0xff, 0xf7, 0x00, 0x00, 0x08, 0xff, 0xff,
    0xfb, 0x64, 0x69, 0xff, 0xff, 0xff, 0x20, 0x00,
    0x2f, 0xff, 0xff, 0x50, 0x00, 0x00, 0x1d, 0xff,
    0xff, 0x90, 0x00, 0x9f, 0xff, 0xf6, 0x00, 0x00,
    0x00, 0x02, 0xff, 0xff, 0xe0, 0x00, 0xef, 0xff,
    0xd0, 0x00, 0x00, 0x00, 0x00, 0x56, 0x66, 0x60,
    0x05, 0xff, 0xff, 0x60, 0x00, 0x00, 0x00, 0x00,
    0x00, 0x00, 0x00, 0x08, 0xff, 0xff, 0x20, 0x01,
    0x7a, 0xcc, 0xa5, 0x00, 0x00, 0x00, 0x0b, 0xff,
    0xfe, 0x00, 0x9f, 0xff, 0xff, 0xff, 0xe5, 0x00,
    0x00, 0x0e, 0xff, 0xfd, 0x1c, 0xff, 0xff, 0xff,
    0xff, 0xff, 0x90, 0x00, 0x0f, 0xff, 0xfc, 0xbf,
    0xff, 0xff, 0xff, 0xff, 0xff, 0xf7, 0x00, 0x0f,
    0xff, 0xff, 0xff, 0xe6, 0x10, 0x27, 0xef, 0xff,
    0xff, 0x20, 0x1f, 0xff, 0xff, 0xfd, 0x10, 0x00,
    0x00, 0x2d, 0xff, 0xff, 0xa0, 0x1f, 0xff, 0xff,
    0xf2, 0x00, 0x00, 0x00, 0x03, 0xff, 0xff, 0xf0,
    0x0f, 0xff, 0xff, 0xa0, 0x00, 0x00, 0x00, 0x00,
    0xcf, 0xff, 0xf3, 0x0f, 0xff, 0xff, 0x60, 0x00,
    0x00, 0x00, 0x00, 0x8f, 0xff, 0xf5, 0x0d, 0xff,
    0xff, 0x50, 0x00, 0x00, 0x00, 0x00, 0x6f, 0xff,
    0xf5, 0x0a, 0xff, 0xff, 0x60, 0x00, 0x00, 0x00,
    0x00, 0x8f, 0xff, 0xf5, 0x05, 0xff, 0xff, 0xb0,
    0x00, 0x00, 0x00, 0x00, 0xcf, 0xff, 0xf2, 0x00,
    0xff, 0xff, 0xf2, 0x00, 0x00, 0x00, 0x04, 0xff,
    0xff, 0xe0, 0x00, 0x8f, 0xff, 0xfd, 0x10, 0x00,
    0x00, 0x2e, 0xff, 0xff, 0x80, 0x00, 0x1e, 0xff,
    0xff, 0xe7, 0x21, 0x28, 0xff, 0xff, 0xfe, 0x10,
    0x00, 0x04, 0xff, 0xff, 0xff, 0xff, 0xff, 0xff,
    0xff, 0xf3, 0x00, 0x00, 0x00, 0x6f, 0xff, 0xff,
    0xff, 0xff, 0xff, 0xff, 0x50, 0x00, 0x00, 0x00,
    0x03, 0xcf, 0xff, 0xff, 0xff, 0xff, 0xc2, 0x00,
    0x00, 0x00, 0x00, 0x00, 0x04, 0x9c, 0xef, 0xfd,
    0x94, 0x00, 0x00, 0x00,

    /* U+0037 "7" */
    0x7f, 0xff, 0xff, 0xff, 0xff, 0xff, 0xff, 0xff,
    0xff, 0xf5, 0x7f, 0xff, 0xff, 0xff, 0xff, 0xff,
    0xff, 0xff, 0xff, 0xf5, 0x7f, 0xff, 0xff, 0xff,
    0xff, 0xff, 0xff, 0xff, 0xff, 0xf5, 0x7f, 0xff,
    0xff, 0xff, 0xff, 0xff, 0xff, 0xff, 0xff, 0xf5,
    0x14, 0x44, 0x44, 0x44, 0x44, 0x44, 0x44, 0xff,
    0xff, 0xf3, 0x00, 0x00, 0x00, 0x00, 0x00, 0x00,
    0x06, 0xff, 0xff, 0xb0, 0x00, 0x00, 0x00, 0x00,
    0x00, 0x00, 0x0e, 0xff, 0xff, 0x30, 0x00, 0x00,
    0x00, 0x00, 0x00, 0x00, 0x6f, 0xff, 0xfc, 0x00,
    0x00, 0x00, 0x00, 0x00, 0x00, 0x00, 0xef, 0xff,
    0xf4, 0x00, 0x00, 0x00, 0x00, 0x00, 0x00, 0x06,
    0xff, 0xff, 0xc0, 0x00, 0x00, 0x00, 0x00, 0x00,
    0x00, 0x0d, 0xff, 0xff, 0x40, 0x00, 0x00, 0x00,
    0x00, 0x00, 0x00, 0x6f, 0xff, 0xfc, 0x00, 0x00,
    0x00, 0x00, 0x00, 0x00, 0x00, 0xdf, 0xff, 0xf4,
    0x00, 0x00, 0x00, 0x00, 0x00, 0x00, 0x06, 0xff,
    0xff, 0xc0, 0x00, 0x00, 0x00, 0x00, 0x00, 0x00,
    0x0d, 0xff, 0xff, 0x40, 0x00, 0x00, 0x00, 0x00,
    0x00, 0x00, 0x5f, 0xff, 0xfc, 0x00, 0x00, 0x00,
    0x00, 0x00, 0x00, 0x00, 0xdf, 0xff, 0xf4, 0x00,
    0x00, 0x00, 0x00, 0x00, 0x00, 0x05, 0xff, 0xff,
    0xc0, 0x00, 0x00, 0x00, 0x00, 0x00, 0x00, 0x0d,
    0xff, 0xff, 0x40, 0x00, 0x00, 0x00, 0x00, 0x00,
    0x00, 0x5f, 0xff, 0xfc, 0x00, 0x00, 0x00, 0x00,
    0x00, 0x00, 0x00, 0xdf, 0xff, 0xf4, 0x00, 0x00,
    0x00, 0x00, 0x00, 0x00, 0x05, 0xff, 0xff, 0xc0,
    0x00, 0x00, 0x00, 0x00, 0x00, 0x00, 0x0d, 0xff,
    0xff, 0x50, 0x00, 0x00, 0x00, 0x00, 0x00, 0x00,
    0x5f, 0xff, 0xfd, 0x00, 0x00, 0x00, 0x00, 0x00,
    0x00, 0x00, 0xdf, 0xff, 0xf5, 0x00, 0x00, 0x00,
    0x00, 0x00, 0x00, 0x05, 0xff, 0xff, 0xd0, 0x00,
    0x00, 0x00, 0x00, 0x00, 0x00, 0x0d, 0xff, 0xff,
    0x50, 0x00, 0x00, 0x00, 0x00, 0x00, 0x00, 0x5f,
    0xff, 0xfd, 0x00, 0x00, 0x00, 0x00, 0x00, 0x00,

    /* U+0038 "8" */
    0x00, 0x00, 0x00, 0x16, 0xbd, 0xff, 0xec, 0x83,
    0x00, 0x00, 0x00, 0x00, 0x00, 0x18, 0xff, 0xff,
    0xff, 0xff, 0xff, 0xb2, 0x00, 0x00, 0x00, 0x01,
    0xdf, 0xff, 0xff, 0xff, 0xff, 0xff, 0xff, 0x40,
    0x00, 0x00, 0x0d, 0xff, 0xff, 0xff, 0xfe, 0xff,
    0xff, 0xff, 0xf3, 0x00, 0x00, 0x8f, 0xff, 0xff,
    0x82, 0x00, 0x16, 0xef, 0xff, 0xfd, 0x00, 0x00,
    0xef, 0xff, 0xf6, 0x00, 0x00, 0x00, 0x2f, 0xff,
    0xff, 0x20, 0x00, 0xff, 0xff, 0xe0, 0x00, 0x00,
    0x00, 0x0a, 0xff, 0xff, 0x50, 0x00, 0xff, 0xff,
    0xc0, 0x00, 0x00, 0x00, 0x07, 0xff, 0xff, 0x50,
    0x00, 0xef, 0xff, 0xe0, 0x00, 0x00, 0x00, 0x09,
    0xff, 0xff, 0x20, 0x00, 0x8f, 0xff, 0xf6, 0x00,
    0x00, 0x00, 0x2f, 0xff, 0xfd, 0x00, 0x00, 0x1e,
    0xff, 0xff, 0x70, 0x00, 0x04, 0xef, 0xff, 0xf3,
    0x00, 0x00, 0x02, 0xdf, 0xff, 0xff, 0xcc, 0xef,
    0xff, 0xff, 0x50, 0x00, 0x00, 0x00, 0x07, 0xdf,
    0xff, 0xff, 0xff, 0xfe, 0x81, 0x00, 0x00, 0x00,
    0x00, 0x2a, 0xef, 0xff, 0xff, 0xff, 0xff, 0xc5,
    0x00, 0x00, 0x00, 0x07, 0xff, 0xff, 0xff, 0xff,
    0xff, 0xff, 0xff, 0xb0, 0x00, 0x00, 0x7f, 0xff,
    0xff, 0xa4, 0x10, 0x28, 0xff, 0xff, 0xfc, 0x00,
    0x02, 0xff, 0xff, 0xf5, 0x00, 0x00, 0x00, 0x2e,
    0xff, 0xff, 0x70, 0x09, 0xff, 0xff, 0x90, 0x00,
    0x00, 0x00, 0x04, 0xff, 0xff, 0xe0, 0x0e, 0xff,
    0xff, 0x20, 0x00, 0x00, 0x00, 0x00, 0xef, 0xff,
    0xf3, 0x0f, 0xff, 0xff, 0x00, 0x00, 0x00, 0x00,
    0x00, 0xbf, 0xff, 0xf5, 0x0f, 0xff, 0xff, 0x10,
    0x00, 0x00, 0x00, 0x00, 0xcf, 0xff, 0xf6, 0x0e,
    0xff, 0xff, 0x60, 0x00, 0x00, 0x00, 0x01, 0xff,
    0xff, 0xf4, 0x0a, 0xff, 0xff, 0xe1, 0x00, 0x00,
    0x00, 0x0b, 0xff, 0xff, 0xe0, 0x02, 0xff, 0xff,
    0xfe, 0x60, 0x00, 0x04, 0xcf, 0xff, 0xff, 0x70,
    0x00, 0x6f, 0xff, 0xff, 0xff, 0xed, 0xff, 0xff,
    0xff, 0xfc, 0x00, 0x00, 0x07, 0xff, 0xff, 0xff,
    0xff, 0xff, 0xff, 0xff, 0xb0, 0x00, 0x00, 0x00,
    0x2c, 0xff, 0xff, 0xff, 0xff, 0xff, 0xe6, 0x00,
    0x00, 0x00, 0x00, 0x00, 0x38, 0xce, 0xff, 0xec,
    0x95, 0x00, 0x00, 0x00,

    /* U+0039 "9" */
    0x00, 0x00, 0x00, 0x28, 0xce, 0xff, 0xda, 0x50,
    0x00, 0x00, 0x00, 0x00, 0x00, 0x1a, 0xff, 0xff,
    0xff, 0xff, 0xfe, 0x60, 0x00, 0x00, 0x00, 0x03,
    0xef, 0xff, 0xff, 0xff, 0xff, 0xff, 0xf9, 0x00,
    0x00, 0x00, 0x1e, 0xff, 0xff, 0xff, 0xff, 0xff,
    0xff, 0xff, 0xa0, 0x00, 0x00, 0xcf, 0xff, 0xff,
    0xa4, 0x22, 0x5c, 0xff, 0xff, 0xf5, 0x00, 0x05,
    0xff, 0xff, 0xf5, 0x00, 0x00, 0x00, 0x8f, 0xff,
    0xfe, 0x00, 0x0a, 0xff, 0xff, 0x80, 0x00, 0x00,
    0x00, 0x0b, 0xff, 0xff, 0x50, 0x0e, 0xff, 0xff,
    0x10, 0x00, 0x00, 0x00, 0x04, 0xff, 0xff, 0xa0,
    0x0f, 0xff, 0xfd, 0x00, 0x00, 0x00, 0x00, 0x00,
    0xff, 0xff, 0xe0, 0x1f, 0xff, 0xfc, 0x00, 0x00,
    0x00, 0x00, 0x00, 0xff, 0xff, 0xf1, 0x0f, 0xff,
    0xfe, 0x00, 0x00, 0x00, 0x00, 0x02, 0xff, 0xff,
    0xf3, 0x0d, 0xff, 0xff, 0x50, 0x00, 0x00, 0x00,
    0x09, 0xff, 0xff, 0xf5, 0x08, 0xff, 0xff, 0xe1,
    0x00, 0x00, 0x00, 0x5f, 0xff, 0xff, 0xf5, 0x01,
    0xff, 0xff, 0xfe, 0x50, 0x00, 0x18, 0xff, 0xff,
    0xff, 0xf5, 0x00, 0x6f, 0xff, 0xff, 0xff, 0xdd,
    0xff, 0xff, 0xaf, 0xff, 0xf5, 0x00, 0x09, 0xff,
    0xff, 0xff, 0xff, 0xff, 0xf6, 0x7f, 0xff, 0xf4,
    0x00, 0x00, 0x6f, 0xff, 0xff, 0xff, 0xfe, 0x50,
    0x8f, 0xff, 0xf2, 0x00, 0x00, 0x01, 0x7c, 0xef,
    0xeb, 0x70, 0x00, 0xbf, 0xff, 0xf0, 0x00, 0x00,
    0x00, 0x00, 0x00, 0x00, 0x00, 0x00, 0xef, 0xff,
    0xd0, 0x00, 0x00, 0x00, 0x00, 0x00, 0x00, 0x00,
    0x03, 0xff, 0xff, 0x90, 0x0a, 0xff, 0xff, 0x30,
    0x00, 0x00, 0x00, 0x0a, 0xff, 0xff, 0x40, 0x07,
    0xff, 0xff, 0xa0, 0x00, 0x00, 0x00, 0x3f, 0xff,
    0xfe, 0x00, 0x02, 0xff, 0xff, 0xf7, 0x00, 0x00,
    0x03, 0xef, 0xff, 0xf6, 0x00, 0x00, 0x9f, 0xff,
    0xff, 0xc7, 0x45, 0xaf, 0xff, 0xff, 0xc0, 0x00,
    0x00, 0x1d, 0xff, 0xff, 0xff, 0xff, 0xff, 0xff,
    0xfe, 0x20, 0x00, 0x00, 0x02, 0xef, 0xff, 0xff,
    0xff, 0xff, 0xff, 0xe3, 0x00, 0x00, 0x00, 0x00,
    0x1a, 0xff, 0xff, 0xff, 0xff, 0xfb, 0x10, 0x00,
    0x00, 0x00, 0x00, 0x00, 0x38, 0xcf, 0xfe, 0xc8,
    0x30, 0x00, 0x00, 0x00,

    /* U+003A ":" */
    0x08, 0xee, 0x90, 0x07, 0xff, 0xff, 0x90, 0xdf,
    0xff, 0xff, 0x0d, 0xff, 0xff, 0xe0, 0x7f, 0xff,
    0xf8, 0x00, 0x7d, 0xd8, 0x00, 0x00, 0x00, 0x00,
    0x00, 0x00, 0x00, 0x00, 0x00, 0x00, 0x00, 0x00,
    0x00, 0x00, 0x00, 0x00, 0x00, 0x00, 0x00, 0x00,
    0x00, 0x00, 0x00, 0x00, 0x00, 0x00, 0x00, 0x00,
    0x00, 0x06, 0xdd, 0x80, 0x07, 0xff, 0xff, 0x80,
    0xdf, 0xff, 0xfe, 0x0d, 0xff, 0xff, 0xf0, 0x7f,
    0xff, 0xf9, 0x00, 0x8e, 0xe9, 0x00,

    /* U+003B ";" */
    0x00, 0x2b, 0xdb, 0x20, 0x01, 0xef, 0xff, 0xe1,
    0x06, 0xff, 0xff, 0xf5, 0x06, 0xff, 0xff, 0xf5,
    0x02, 0xff, 0xff, 0xe1, 0x00, 0x4c, 0xfc, 0x30,
    0x00, 0x00, 0x00, 0x00, 0x00, 0x00, 0x00, 0x00,
    0x00, 0x00, 0x00, 0x00, 0x00, 0x00, 0x00, 0x00,
    0x00, 0x00, 0x00, 0x00, 0x00, 0x00, 0x00, 0x00,
    0x00, 0x00, 0x00, 0x00, 0x00, 0x00, 0x00, 0x00,
    0x00, 0x00, 0x00, 0x00, 0x00, 0x33, 0x33, 0x20,
    0x02, 0xff, 0xff, 0xb0, 0x05, 0xff, 0xff, 0x60,
    0x07, 0xff, 0xff, 0x10, 0x09, 0xff, 0xfd, 0x00,
    0x0c, 0xff, 0xf8, 0x00, 0x0e, 0xff, 0xf3, 0x00,
    0x0f, 0xff, 0xf0, 0x00, 0x3f, 0xff, 0xa0, 0x00,
    0x5f, 0xff, 0x60, 0x00, 0x8f, 0xff, 0x10, 0x00,
    0xaf, 0xfc, 0x00, 0x00,

    /* U+003C "<" */
    0x00, 0x00, 0x00, 0x00, 0x00, 0x00, 0x00, 0x00,
    0x00, 0x20, 0x00, 0x00, 0x00, 0x00, 0x00, 0x00,
    0x00, 0x07, 0xe9, 0x00, 0x00, 0x00, 0x00, 0x00,
    0x00, 0x01, 0x8f, 0xff, 0x90, 0x00, 0x00, 0x00,
    0x00, 0x00, 0x29, 0xff, 0xff, 0xf9, 0x00, 0x00,
    0x00, 0x00, 0x03, 0xaf, 0xff, 0xff, 0xff, 0x90,
    0x00, 0x00, 0x00, 0x4c, 0xff, 0xff, 0xff, 0xff,
    0xd4, 0x00, 0x00, 0x05, 0xdf, 0xff, 0xff, 0xff,
    0xfa, 0x40, 0x00, 0x00, 0x6e, 0xff, 0xff, 0xff,
    0xfe, 0x81, 0x00, 0x00, 0x18, 0xef, 0xff, 0xff,
    0xff, 0xd6, 0x00, 0x00, 0x00, 0x0d, 0xff, 0xff,
    0xff, 0xfb, 0x40, 0x00, 0x00, 0x00, 0x00, 0xdf,
    0xff, 0xff, 0x82, 0x00, 0x00, 0x00, 0x00, 0x00,
    0x0d, 0xff, 0xff, 0xe6, 0x00, 0x00, 0x00, 0x00,
    0x00, 0x00, 0xdf, 0xff, 0xff, 0xff, 0x92, 0x00,
    0x00, 0x00, 0x00, 0x01, 0x9f, 0xff, 0xff, 0xff,
    0xfb, 0x40, 0x00, 0x00, 0x00, 0x00, 0x17, 0xef,
    0xff, 0xff, 0xff, 0xd6, 0x00, 0x00, 0x00, 0x00,
    0x00, 0x6e, 0xff, 0xff, 0xff, 0xff, 0x92, 0x00,
    0x00, 0x00, 0x00, 0x05, 0xdf, 0xff, 0xff, 0xff,
    0xfb, 0x30, 0x00, 0x00, 0x00, 0x00, 0x4c, 0xff,
    0xff, 0xff, 0xf9, 0x00, 0x00, 0x00, 0x00, 0x00,
    0x03, 0xaf, 0xff, 0xff, 0x90, 0x00, 0x00, 0x00,
    0x00, 0x00, 0x00, 0x29, 0xff, 0xf9, 0x00, 0x00,
    0x00, 0x00, 0x00, 0x00, 0x00, 0x01, 0x8f, 0x90,
    0x00, 0x00, 0x00, 0x00, 0x00, 0x00, 0x00, 0x00,
    0x03,

    /* U+003D "=" */
    0x2f, 0xff, 0xff, 0xff, 0xff, 0xff, 0xff, 0xff,
    0xff, 0xc2, 0xff, 0xff, 0xff, 0xff, 0xff, 0xff,
    0xff, 0xff, 0xfc, 0x2f, 0xff, 0xff, 0xff, 0xff,
    0xff, 0xff, 0xff, 0xff, 0xc2, 0xff, 0xff, 0xff,
    0xff, 0xff, 0xff, 0xff, 0xff, 0xfc, 0x01, 0x11,
    0x11, 0x11, 0x11, 0x11, 0x11, 0x11, 0x11, 0x10,
    0x00, 0x00, 0x00, 0x00, 0x00, 0x00, 0x00, 0x00,
    0x00, 0x00, 0x00, 0x00, 0x00, 0x00, 0x00, 0x00,
    0x00, 0x00, 0x00, 0x00, 0x00, 0x00, 0x00, 0x00,
    0x00, 0x00, 0x00, 0x00, 0x02, 0x22, 0x22, 0x22,
    0x22, 0x22, 0x22, 0x22, 0x22, 0x12, 0xff, 0xff,
    0xff, 0xff, 0xff, 0xff, 0xff, 0xff, 0xfc, 0x2f,
    0xff, 0xff, 0xff, 0xff, 0xff, 0xff, 0xff, 0xff,
    0xc2, 0xff, 0xff, 0xff, 0xff, 0xff, 0xff, 0xff,
    0xff, 0xfc, 0x2f, 0xff, 0xff, 0xff, 0xff, 0xff,
    0xff, 0xff, 0xff, 0xc0,

    /* U+003E ">" */
    0x30, 0x00, 0x00, 0x00, 0x00, 0x00, 0x00, 0x00,
    0x00, 0x0f, 0xb4, 0x00, 0x00, 0x00, 0x00, 0x00,
    0x00, 0x00, 0x00, 0xff, 0xfd, 0x50, 0x00, 0x00,
    0x00, 0x00, 0x00, 0x00, 0x0f, 0xff, 0xff, 0xd6,
    0x00, 0x00, 0x00, 0x00, 0x00, 0x00, 0xff, 0xff,
    0xff, 0xfe, 0x71, 0x00, 0x00, 0x00, 0x00, 0x09,
    0xff, 0xff, 0xff, 0xff, 0xf8, 0x10, 0x00, 0x00,
    0x00, 0x00, 0x6d, 0xff, 0xff, 0xff, 0xff, 0xa2,
    0x00, 0x00, 0x00, 0x00, 0x04, 0xbf, 0xff, 0xff,
    0xff, 0xfb, 0x30, 0x00, 0x00, 0x00, 0x00, 0x29,
    0xff, 0xff, 0xff, 0xff, 0xc4, 0x00, 0x00, 0x00,
    0x00, 0x00, 0x7d, 0xff, 0xff, 0xff, 0xf6, 0x00,
    0x00, 0x00, 0x00, 0x00, 0x04, 0xbf, 0xff, 0xff,
    0x70, 0x00, 0x00, 0x00, 0x00, 0x00, 0x29, 0xff,
    0xff, 0xf7, 0x00, 0x00, 0x00, 0x00, 0x05, 0xcf,
    0xff, 0xff, 0xff, 0x60, 0x00, 0x00, 0x01, 0x7e,
    0xff, 0xff, 0xff, 0xfd, 0x60, 0x00, 0x00, 0x29,
    0xff, 0xff, 0xff, 0xff, 0xc4, 0x00, 0x00, 0x05,
    0xbf, 0xff, 0xff, 0xff, 0xfb, 0x30, 0x00, 0x00,
    0x7e, 0xff, 0xff, 0xff, 0xff, 0xa2, 0x00, 0x00,
    0x00, 0x0f, 0xff, 0xff, 0xff, 0xf8, 0x10, 0x00,
    0x00, 0x00, 0x00, 0xff, 0xff, 0xfe, 0x71, 0x00,
    0x00, 0x00, 0x00, 0x00, 0x0f, 0xff, 0xd6, 0x00,
    0x00, 0x00, 0x00, 0x00, 0x00, 0x00, 0xfc, 0x50,
    0x00, 0x00, 0x00, 0x00, 0x00, 0x00, 0x00, 0x04,
    0x00, 0x00, 0x00, 0x00, 0x00, 0x00, 0x00, 0x00,
    0x00,

    /* U+003F "?" */
    0x00, 0x00, 0x05, 0xad, 0xff, 0xdc, 0x72, 0x00,
    0x00, 0x00, 0x05, 0xef, 0xff, 0xff, 0xff, 0xff,
    0x91, 0x00, 0x00, 0x7f, 0xff, 0xff, 0xff, 0xff,
    0xff, 0xfd, 0x10, 0x04, 0xff, 0xff, 0xff, 0xff,
    0xff, 0xff, 0xff, 0xb0, 0x0d, 0xff, 0xff, 0xd5,
    0x00, 0x3b, 0xff, 0xff, 0xf4, 0x3f, 0xff, 0xfe,
    0x10, 0x00, 0x00, 0xbf, 0xff, 0xf9, 0x6f, 0xff,
    0xf7, 0x00, 0x00, 0x00, 0x4f, 0xff, 0xfc, 0x5a,
    0xaa, 0xa2, 0x00, 0x00, 0x00, 0x2f, 0xff, 0xfc,
    0x00, 0x00, 0x00, 0x00, 0x00, 0x00, 0x5f, 0xff,
    0xfb, 0x00, 0x00, 0x00, 0x00, 0x00, 0x00, 0xcf,
    0xff, 0xf7, 0x00, 0x00, 0x00, 0x00, 0x00, 0x0a,
    0xff, 0xff, 0xf2, 0x00, 0x00, 0x00, 0x00, 0x02,
    0xcf, 0xff, 0xff, 0x70, 0x00, 0x00, 0x00, 0x00,
    0x6f, 0xff, 0xff, 0xf8, 0x00, 0x00, 0x00, 0x00,
    0x06, 0xff, 0xff, 0xfe, 0x50, 0x00, 0x00, 0x00,
    0x00, 0x1f, 0xff, 0xff, 0xb1, 0x00, 0x00, 0x00,
    0x00, 0x00, 0x6f, 0xff, 0xfa, 0x00, 0x00, 0x00,
    0x00, 0x00, 0x00, 0xaf, 0xff, 0xf1, 0x00, 0x00,
    0x00, 0x00, 0x00, 0x00, 0xbf, 0xff, 0xc0, 0x00,
    0x00, 0x00, 0x00, 0x00, 0x00, 0xcf, 0xff, 0xa0,
    0x00, 0x00, 0x00, 0x00, 0x00, 0x00, 0x34, 0x44,
    0x30, 0x00, 0x00, 0x00, 0x00, 0x00, 0x00, 0x00,
    0x00, 0x00, 0x00, 0x00, 0x00, 0x00, 0x00, 0x00,
    0x00, 0x00, 0x00, 0x00, 0x00, 0x00, 0x00, 0x00,
    0x00, 0x2a, 0xca, 0x20, 0x00, 0x00, 0x00, 0x00,
    0x00, 0x02, 0xff, 0xff, 0xe1, 0x00, 0x00, 0x00,
    0x00, 0x00, 0x07, 0xff, 0xff, 0xf5, 0x00, 0x00,
    0x00, 0x00, 0x00, 0x08, 0xff, 0xff, 0xf6, 0x00,
    0x00, 0x00, 0x00, 0x00, 0x03, 0xff, 0xff, 0xf1,
    0x00, 0x00, 0x00, 0x00, 0x00, 0x00, 0x4d, 0xfc,
    0x30, 0x00, 0x00, 0x00,

    /* U+0040 "@" */
    0x00, 0x00, 0x00, 0x00, 0x00, 0x00, 0x37, 0xad,
    0xef, 0xff, 0xec, 0x95, 0x10, 0x00, 0x00, 0x00,
    0x00, 0x00, 0x00, 0x00, 0x00, 0x00, 0x01, 0x8e,
    0xff, 0xff, 0xff, 0xff, 0xff, 0xff, 0xfa, 0x20,
    0x00, 0x00, 0x00, 0x00, 0x00, 0x00, 0x00, 0x00,
    0x7f, 0xff, 0xff, 0xff, 0xff, 0xff, 0xff, 0xff,
    0xff, 0xf9, 0x10, 0x00, 0x00, 0x00, 0x00, 0x00,
    0x00, 0x2c, 0xff, 0xff, 0xff, 0xff, 0xec, 0xbc,
    0xef, 0xff, 0xff, 0xff, 0xe3, 0x00, 0x00, 0x00,
    0x00, 0x00, 0x02, 0xef, 0xff, 0xff, 0xd8, 0x30,
    0x00, 0x00, 0x00, 0x38, 0xef, 0xff, 0xff, 0x50,
    0x00, 0x00, 0x00, 0x00, 0x1e, 0xff, 0xff, 0xd5,
    0x00, 0x00, 0x00, 0x00, 0x00, 0x00, 0x07, 0xff,
    0xff, 0xf4, 0x00, 0x00, 0x00, 0x00, 0xcf, 0xff,
    0xfb, 0x00, 0x00, 0x00, 0x00, 0x00, 0x00, 0x00,
    0x00, 0x2e, 0xff, 0xff, 0x10, 0x00, 0x00, 0x07,
    0xff, 0xff, 0xa0, 0x00, 0x00, 0x00, 0x00, 0x00,
    0x00, 0x00, 0x00, 0x01, 0xef, 0xff, 0xb0, 0x00,
    0x00, 0x1e, 0xff, 0xfd, 0x00, 0x00, 0x00, 0x00,
    0x00, 0x00, 0x00, 0x00, 0x00, 0x00, 0x4f, 0xff,
    0xf4, 0x00, 0x00, 0x7f, 0xff, 0xf2, 0x00, 0x00,
    0x00, 0x38, 0xbb, 0xa6, 0x10, 0x35, 0x54, 0x00,
    0x09, 0xff, 0xfb, 0x00, 0x00, 0xdf, 0xff, 0xa0,
    0x00, 0x00, 0x1b, 0xff, 0xff, 0xff, 0xe5, 0x9f,
    0xff, 0x00, 0x02, 0xff, 0xff, 0x10, 0x03, 0xff,
    0xff, 0x30, 0x00, 0x02, 0xdf, 0xff, 0xff, 0xff,
    0xff, 0xdf, 0xff, 0x00, 0x00, 0xbf, 0xff, 0x60,
    0x07, 0xff, 0xfd, 0x00, 0x00, 0x0c, 0xff, 0xff,
    0xff, 0xff, 0xff, 0xff, 0xff, 0x00, 0x00, 0x7f,
    0xff, 0xa0, 0x0a, 0xff, 0xfa, 0x00, 0x00, 0x7f,
    0xff, 0xf9, 0x20, 0x14, 0xbf, 0xff, 0xff, 0x00,
    0x00, 0x3f, 0xff, 0xd0, 0x0d, 0xff, 0xf6, 0x00,
    0x00, 0xdf, 0xff, 0x60, 0x00, 0x00, 0x0b, 0xff,
    0xff, 0x00, 0x00, 0x1f, 0xff, 0xf0, 0x0f, 0xff,
    0xf4, 0x00, 0x03, 0xff, 0xfb, 0x00, 0x00, 0x00,
    0x02, 0xff, 0xff, 0x00, 0x00, 0x0f, 0xff, 0xf0,
    0x0f, 0xff, 0xf3, 0x00, 0x06, 0xff, 0xf5, 0x00,
    0x00, 0x00, 0x00, 0xef, 0xff, 0x00, 0x00, 0x0f,
    0xff, 0xf0, 0x1f, 0xff, 0xf2, 0x00, 0x08, 0xff,
    0xf3, 0x00, 0x00, 0x00, 0x00, 0xcf, 0xff, 0x00,
    0x00, 0x0f, 0xff, 0xf0, 0x1f, 0xff, 0xf1, 0x00,
    0x09, 0xff, 0xf2, 0x00, 0x00, 0x00, 0x00, 0xbf,
    0xff, 0x00, 0x00, 0x0f, 0xff, 0xf0, 0x0f, 0xff,
    0xf3, 0x00, 0x08, 0xff, 0xf3, 0x00, 0x00, 0x00,
    0x00, 0xcf, 0xff, 0x00, 0x00, 0x0f, 0xff, 0xd0,
    0x0f, 0xff, 0xf4, 0x00, 0x07, 0xff, 0xf5, 0x00,
    0x00, 0x00, 0x00, 0xef, 0xff, 0x00, 0x00, 0x2f,
    0xff, 0xb0, 0x0e, 0xff, 0xf5, 0x00, 0x04, 0xff,
    0xf9, 0x00, 0x00, 0x00, 0x02, 0xff, 0xff, 0x00,
    0x00, 0x5f, 0xff, 0x80, 0x0b, 0xff, 0xf9, 0x00,
    0x00, 0xff, 0xff, 0x20, 0x00, 0x00, 0x0a, 0xff,
    0xff, 0x00, 0x00, 0x9f, 0xff, 0x40, 0x08, 0xff,
    0xfd, 0x00, 0x00, 0xaf, 0xff, 0xd2, 0x00, 0x00,
    0x8f, 0xff, 0xff, 0x20, 0x01, 0xff, 0xfe, 0x00,
    0x04, 0xff, 0xff, 0x20, 0x00, 0x1f, 0xff, 0xff,
    0xca, 0xbe, 0xff, 0xff, 0xff, 0xd6, 0x7e, 0xff,
    0xf7, 0x00, 0x00, 0xff, 0xff, 0x90, 0x00, 0x06,
    0xff, 0xff, 0xff, 0xff, 0xff, 0x5f, 0xff, 0xff,
    0xff, 0xff, 0xd0, 0x00, 0x00, 0x9f, 0xff, 0xf1,
    0x00, 0x00, 0x6f, 0xff, 0xff, 0xff, 0xf7, 0x06,
    0xff, 0xff, 0xff, 0xfd, 0x10, 0x00, 0x00, 0x2f,
    0xff, 0xfc, 0x00, 0x00, 0x02, 0x8d, 0xff, 0xda,
    0x30, 0x00, 0x3a, 0xef, 0xec, 0x60, 0x00, 0x00,
    0x00, 0x0a, 0xff, 0xff, 0x90, 0x00, 0x00, 0x00,
    0x00, 0x00, 0x00, 0x00, 0x00, 0x00, 0x00, 0x00,
    0x00, 0x00, 0x00, 0x01, 0xef, 0xff, 0xfa, 0x00,
    0x00, 0x00, 0x00, 0x00, 0x00, 0x00, 0x00, 0x00,
    0x00, 0x00, 0x00, 0x00, 0x00, 0x00, 0x3f, 0xff,
    0xff, 0xd5, 0x00, 0x00, 0x00, 0x00, 0x00, 0x00,
    0x00, 0x00, 0x00, 0x00, 0x00, 0x00, 0x00, 0x00,
    0x04, 0xff, 0xff, 0xff, 0xd8, 0x40, 0x00, 0x00,
    0x00, 0x14, 0x8d, 0x60, 0x00, 0x00, 0x00, 0x00,
    0x00, 0x00, 0x00, 0x3e, 0xff, 0xff, 0xff, 0xff,
    0xed, 0xcc, 0xdf, 0xff, 0xff, 0xc0, 0x00, 0x00,
    0x00, 0x00, 0x00, 0x00, 0x00, 0x01, 0x9f, 0xff,
    0xff, 0xff, 0xff, 0xff, 0xff, 0xff, 0xff, 0xf2,
    0x00, 0x00, 0x00, 0x00, 0x00, 0x00, 0x00, 0x00,
    0x02, 0x9e, 0xff, 0xff, 0xff, 0xff, 0xff, 0xff,
    0xfe, 0x92, 0x00, 0x00, 0x00, 0x00, 0x00, 0x00,
    0x00, 0x00, 0x00, 0x00, 0x37, 0xac, 0xef, 0xfe,
    0xdc, 0xa7, 0x30, 0x00, 0x00, 0x00, 0x00, 0x00,

    /* U+0041 "A" */
    0x00, 0x00, 0x00, 0x00, 0x00, 0x9f, 0xff, 0xff,
    0xf1, 0x00, 0x00, 0x00, 0x00, 0x00, 0x00, 0x00,
    0x00, 0x00, 0x0e, 0xff, 0xff, 0xff, 0x60, 0x00,
    0x00, 0x00, 0x00, 0x00, 0x00, 0x00, 0x00, 0x04,
    0xff, 0xff, 0xff, 0xfb, 0x00, 0x00, 0x00, 0x00,
    0x00, 0x00, 0x00, 0x00, 0x00, 0xaf, 0xff, 0xff,
    0xff, 0xf1, 0x00, 0x00, 0x00, 0x00, 0x00, 0x00,
    0x00, 0x00, 0x0f, 0xff, 0xfa, 0xff, 0xff, 0x70,
    0x00, 0x00, 0x00, 0x00, 0x00, 0x00, 0x00, 0x05,
    0xff, 0xff, 0x4e, 0xff, 0xfc, 0x00, 0x00, 0x00,
    0x00, 0x00, 0x00, 0x00, 0x00, 0xaf, 0xff, 0xf0,
    0x9f, 0xff, 0xf2, 0x00, 0x00, 0x00, 0x00, 0x00,
    0x00, 0x00, 0x0f, 0xff, 0xfb, 0x05, 0xff, 0xff,
    0x80, 0x00, 0x00, 0x00, 0x00, 0x00, 0x00, 0x05,
    0xff, 0xff, 0x70, 0x1f, 0xff, 0xfd, 0x00, 0x00,
    0x00, 0x00, 0x00, 0x00, 0x00, 0xbf, 0xff, 0xf3,
    0x00, 0xcf, 0xff, 0xf3, 0x00, 0x00, 0x00, 0x00,
    0x00, 0x00, 0x1f, 0xff, 0xfe, 0x00, 0x08, 0xff,
    0xff, 0x80, 0x00, 0x00, 0x00, 0x00, 0x00, 0x06,
    0xff, 0xff, 0xa0, 0x00, 0x3f, 0xff, 0xfe, 0x00,
    0x00, 0x00, 0x00, 0x00, 0x00, 0xbf, 0xff, 0xf5,
    0x00, 0x00, 0xef, 0xff, 0xf4, 0x00, 0x00, 0x00,
    0x00, 0x00, 0x1f, 0xff, 0xff, 0x10, 0x00, 0x09,
    0xff, 0xff, 0x90, 0x00, 0x00, 0x00, 0x00, 0x06,
    0xff, 0xff, 0xc0, 0x00, 0x00, 0x4f, 0xff, 0xff,
    0x00, 0x00, 0x00, 0x00, 0x00, 0xcf, 0xff, 0xf6,
    0x00, 0x00, 0x00, 0xef, 0xff, 0xf5, 0x00, 0x00,
    0x00, 0x00, 0x1f, 0xff, 0xff, 0x10, 0x00, 0x00,
    0x09, 0xff, 0xff, 0xa0, 0x00, 0x00, 0x00, 0x07,
    0xff, 0xff, 0xff, 0xff, 0xff, 0xff, 0xff, 0xff,
    0xff, 0x00, 0x00, 0x00, 0x00, 0xcf, 0xff, 0xff,
    0xff, 0xff, 0xff, 0xff, 0xff, 0xff, 0xf6, 0x00,
    0x00, 0x00, 0x2f, 0xff, 0xff, 0xff, 0xff, 0xff,
    0xff, 0xff, 0xff, 0xff, 0xb0, 0x00, 0x00, 0x07,
    0xff, 0xff, 0xff, 0xff, 0xff, 0xff, 0xff, 0xff,
    0xff, 0xff, 0x10, 0x00, 0x00, 0xdf, 0xff, 0xf7,
    0x00, 0x00, 0x00, 0x00, 0x00, 0xef, 0xff, 0xf7,
    0x00, 0x00, 0x2f, 0xff, 0xff, 0x20, 0x00, 0x00,
    0x00, 0x00, 0x08, 0xff, 0xff, 0xc0, 0x00, 0x08,
    0xff, 0xff, 0xc0, 0x00, 0x00, 0x00, 0x00, 0x00,
    0x3f, 0xff, 0xff, 0x20, 0x00, 0xdf, 0xff, 0xf7,
    0x00, 0x00, 0x00, 0x00, 0x00, 0x00, 0xef, 0xff,
    0xf7, 0x00, 0x3f, 0xff, 0xff, 0x20, 0x00, 0x00,
    0x00, 0x00, 0x00, 0x08, 0xff, 0xff, 0xd0, 0x09,
    0xff, 0xff, 0xd0, 0x00, 0x00, 0x00, 0x00, 0x00,
    0x00, 0x3f, 0xff, 0xff, 0x30, 0xef, 0xff, 0xf8,
    0x00, 0x00, 0x00, 0x00, 0x00, 0x00, 0x00, 0xdf,
    0xff, 0xf8,

    /* U+0042 "B" */
    0x3f, 0xff, 0xff, 0xff, 0xff, 0xff, 0xec, 0x94,
    0x00, 0x00, 0x00, 0x3f, 0xff, 0xff, 0xff, 0xff,
    0xff, 0xff, 0xff, 0xd4, 0x00, 0x00, 0x3f, 0xff,
    0xff, 0xff, 0xff, 0xff, 0xff, 0xff, 0xff, 0x60,
    0x00, 0x3f, 0xff, 0xff, 0xff, 0xff, 0xff, 0xff,
    0xff, 0xff, 0xf3, 0x00, 0x3f, 0xff, 0xfc, 0x11,
    0x11, 0x12, 0x5b, 0xff, 0xff, 0xfb, 0x00, 0x3f,
    0xff, 0xfb, 0x00, 0x00, 0x00, 0x00, 0x8f, 0xff,
    0xff, 0x00, 0x3f, 0xff, 0xfb, 0x00, 0x00, 0x00,
    0x00, 0x0e, 0xff, 0xff, 0x20, 0x3f, 0xff, 0xfb,
    0x00, 0x00, 0x00, 0x00, 0x0b, 0xff, 0xff, 0x30,
    0x3f, 0xff, 0xfb, 0x00, 0x00, 0x00, 0x00, 0x0c,
    0xff, 0xff, 0x20, 0x3f, 0xff, 0xfb, 0x00, 0x00,
    0x00, 0x00, 0x1f, 0xff, 0xfe, 0x00, 0x3f, 0xff,
    0xfb, 0x00, 0x00, 0x00, 0x00, 0xaf, 0xff, 0xf6,
    0x00, 0x3f, 0xff, 0xfb, 0x00, 0x00, 0x01, 0x4c,
    0xff, 0xff, 0xa0, 0x00, 0x3f, 0xff, 0xff, 0xff,
    0xff, 0xff, 0xff, 0xff, 0xe6, 0x00, 0x00, 0x3f,
    0xff, 0xff, 0xff, 0xff, 0xff, 0xff, 0xfc, 0x40,
    0x00, 0x00, 0x3f, 0xff, 0xff, 0xff, 0xff, 0xff,
    0xff, 0xff, 0xfe, 0x50, 0x00, 0x3f, 0xff, 0xfe,
    0x99, 0x99, 0x99, 0xbf, 0xff, 0xff, 0xf8, 0x00,
    0x3f, 0xff, 0xfb, 0x00, 0x00, 0x00, 0x00, 0x8f,
    0xff, 0xff, 0x40, 0x3f, 0xff, 0xfb, 0x00, 0x00,
    0x00, 0x00, 0x07, 0xff, 0xff, 0xc0, 0x3f, 0xff,
    0xfb, 0x00, 0x00, 0x00, 0x00, 0x00, 0xef, 0xff,
    0xf1, 0x3f, 0xff, 0xfb, 0x00, 0x00, 0x00, 0x00,
    0x00, 0xbf, 0xff, 0xf4, 0x3f, 0xff, 0xfb, 0x00,
    0x00, 0x00, 0x00, 0x00, 0xbf, 0xff, 0xf5, 0x3f,
    0xff, 0xfb, 0x00, 0x00, 0x00, 0x00, 0x00, 0xef,
    0xff, 0xf4, 0x3f, 0xff, 0xfb, 0x00, 0x00, 0x00,
    0x00, 0x09, 0xff, 0xff, 0xf1, 0x3f, 0xff, 0xfc,
    0x22, 0x22, 0x22, 0x36, 0xcf, 0xff, 0xff, 0xb0,
    0x3f, 0xff, 0xff, 0xff, 0xff, 0xff, 0xff, 0xff,
    0xff, 0xff, 0x20, 0x3f, 0xff, 0xff, 0xff, 0xff,
    0xff, 0xff, 0xff, 0xff, 0xf5, 0x00, 0x3f, 0xff,
    0xff, 0xff, 0xff, 0xff, 0xff, 0xff, 0xfd, 0x30,
    0x00, 0x3f, 0xff, 0xff, 0xff, 0xff, 0xff, 0xfe,
    0xc9, 0x40, 0x00, 0x00,

    /* U+0043 "C" */
    0x00, 0x00, 0x00, 0x00, 0x05, 0xad, 0xef, 0xed,
    0xa6, 0x10, 0x00, 0x00, 0x00, 0x00, 0x00, 0x00,
    0x08, 0xff, 0xff, 0xff, 0xff, 0xff, 0xfa, 0x10,
    0x00, 0x00, 0x00, 0x00, 0x03, 0xdf, 0xff, 0xff,
    0xff, 0xff, 0xff, 0xff, 0xe5, 0x00, 0x00, 0x00,
    0x00, 0x4f, 0xff, 0xff, 0xff, 0xff, 0xff, 0xff,
    0xff, 0xff, 0x50, 0x00, 0x00, 0x02, 0xff, 0xff,
    0xff, 0xfb, 0x87, 0x8a, 0xff, 0xff, 0xff, 0xf3,
    0x00, 0x00, 0x0d, 0xff, 0xff, 0xfa, 0x10, 0x00,
    0x00, 0x07, 0xff, 0xff, 0xfd, 0x00, 0x00, 0x6f,
    0xff, 0xff, 0x70, 0x00, 0x00, 0x00, 0x00, 0x4f,
    0xff, 0xff, 0x50, 0x00, 0xef, 0xff, 0xfa, 0x00,
    0x00, 0x00, 0x00, 0x00, 0x08, 0xff, 0xff, 0xb0,
    0x04, 0xff, 0xff, 0xf1, 0x00, 0x00, 0x00, 0x00,
    0x00, 0x01, 0xff, 0xff, 0xf0, 0x08, 0xff, 0xff,
    0xa0, 0x00, 0x00, 0x00, 0x00, 0x00, 0x00, 0x67,
    0x77, 0x71, 0x0c, 0xff, 0xff, 0x50, 0x00, 0x00,
    0x00, 0x00, 0x00, 0x00, 0x00, 0x00, 0x00, 0x0e,
    0xff, 0xff, 0x10, 0x00, 0x00, 0x00, 0x00, 0x00,
    0x00, 0x00, 0x00, 0x00, 0x0f, 0xff, 0xff, 0x00,
    0x00, 0x00, 0x00, 0x00, 0x00, 0x00, 0x00, 0x00,
    0x00, 0x1f, 0xff, 0xfe, 0x00, 0x00, 0x00, 0x00,
    0x00, 0x00, 0x00, 0x00, 0x00, 0x00, 0x1f, 0xff,
    0xfe, 0x00, 0x00, 0x00, 0x00, 0x00, 0x00, 0x00,
    0x00, 0x00, 0x00, 0x0f, 0xff, 0xff, 0x00, 0x00,
    0x00, 0x00, 0x00, 0x00, 0x00, 0x00, 0x00, 0x00,
    0x0e, 0xff, 0xff, 0x10, 0x00, 0x00, 0x00, 0x00,
    0x00, 0x00, 0x00, 0x00, 0x00, 0x0c, 0xff, 0xff,
    0x50, 0x00, 0x00, 0x00, 0x00, 0x00, 0x00, 0x00,
    0x00, 0x00, 0x09, 0xff, 0xff, 0xa0, 0x00, 0x00,
    0x00, 0x00, 0x00, 0x00, 0x67, 0x77, 0x71, 0x04,
    0xff, 0xff, 0xf1, 0x00, 0x00, 0x00, 0x00, 0x00,
    0x01, 0xff, 0xff, 0xf0, 0x00, 0xef, 0xff, 0xfa,
    0x00, 0x00, 0x00, 0x00, 0x00, 0x08, 0xff, 0xff,
    0xb0, 0x00, 0x7f, 0xff, 0xff, 0x70, 0x00, 0x00,
    0x00, 0x00, 0x4f, 0xff, 0xff, 0x50, 0x00, 0x0d,
    0xff, 0xff, 0xfa, 0x10, 0x00, 0x00, 0x07, 0xff,
    0xff, 0xfc, 0x00, 0x00, 0x02, 0xff, 0xff, 0xff,
    0xfb, 0x87, 0x7a, 0xff, 0xff, 0xff, 0xf2, 0x00,
    0x00, 0x00, 0x4f, 0xff, 0xff, 0xff, 0xff, 0xff,
    0xff, 0xff, 0xff, 0x40, 0x00, 0x00, 0x00, 0x03,
    0xef, 0xff, 0xff, 0xff, 0xff, 0xff, 0xff, 0xe4,
    0x00, 0x00, 0x00, 0x00, 0x00, 0x18, 0xff, 0xff,
    0xff, 0xff, 0xff, 0xf9, 0x10, 0x00, 0x00, 0x00,
    0x00, 0x00, 0x00, 0x16, 0xad, 0xff, 0xed, 0xa6,
    0x10, 0x00, 0x00, 0x00,

    /* U+0044 "D" */
    0x3f, 0xff, 0xff, 0xff, 0xff, 0xfe, 0xdb, 0x72,
    0x00, 0x00, 0x00, 0x00, 0x3f, 0xff, 0xff, 0xff,
    0xff, 0xff, 0xff, 0xff, 0xb3, 0x00, 0x00, 0x00,
    0x3f, 0xff, 0xff, 0xff, 0xff, 0xff, 0xff, 0xff,
    0xff, 0x90, 0x00, 0x00, 0x3f, 0xff, 0xff, 0xff,
    0xff, 0xff, 0xff, 0xff, 0xff, 0xfb, 0x00, 0x00,
    0x3f, 0xff, 0xff, 0x44, 0x44, 0x46, 0x8d, 0xff,
    0xff, 0xff, 0xa0, 0x00, 0x3f, 0xff, 0xfb, 0x00,
    0x00, 0x00, 0x00, 0x3d, 0xff, 0xff, 0xf5, 0x00,
    0x3f, 0xff, 0xfb, 0x00, 0x00, 0x00, 0x00, 0x00,
    0xbf, 0xff, 0xfe, 0x00, 0x3f, 0xff, 0xfb, 0x00,
    0x00, 0x00, 0x00, 0x00, 0x1e, 0xff, 0xff, 0x50,
    0x3f, 0xff, 0xfb, 0x00, 0x00, 0x00, 0x00, 0x00,
    0x06, 0xff, 0xff, 0xb0, 0x3f, 0xff, 0xfb, 0x00,
    0x00, 0x00, 0x00, 0x00, 0x00, 0xff, 0xff, 0xf0,
    0x3f, 0xff, 0xfb, 0x00, 0x00, 0x00, 0x00, 0x00,
    0x00, 0xbf, 0xff, 0xf3, 0x3f, 0xff, 0xfb, 0x00,
    0x00, 0x00, 0x00, 0x00, 0x00, 0x8f, 0xff, 0xf5,
    0x3f, 0xff, 0xfb, 0x00, 0x00, 0x00, 0x00, 0x00,
    0x00, 0x6f, 0xff, 0xf7, 0x3f, 0xff, 0xfb, 0x00,
    0x00, 0x00, 0x00, 0x00, 0x00, 0x6f, 0xff, 0xf7,
    0x3f, 0xff, 0xfb, 0x00, 0x00, 0x00, 0x00, 0x00,
    0x00, 0x6f, 0xff, 0xf7, 0x3f, 0xff, 0xfb, 0x00,
    0x00, 0x00, 0x00, 0x00, 0x00, 0x6f, 0xff, 0xf7,
    0x3f, 0xff, 0xfb, 0x00, 0x00, 0x00, 0x00, 0x00,
    0x00, 0x8f, 0xff, 0xf5, 0x3f, 0xff, 0xfb, 0x00,
    0x00, 0x00, 0x00, 0x00, 0x00, 0xbf, 0xff, 0xf3,
    0x3f, 0xff, 0xfb, 0x00, 0x00, 0x00, 0x00, 0x00,
    0x00, 0xff, 0xff, 0xf0, 0x3f, 0xff, 0xfb, 0x00,
    0x00, 0x00, 0x00, 0x00, 0x06, 0xff, 0xff, 0xb0,
    0x3f, 0xff, 0xfb, 0x00, 0x00, 0x00, 0x00, 0x00,
    0x1e, 0xff, 0xff, 0x50, 0x3f, 0xff, 0xfb, 0x00,
    0x00, 0x00, 0x00, 0x00, 0xcf, 0xff, 0xfd, 0x00,
    0x3f, 0xff, 0xfb, 0x00, 0x00, 0x00, 0x00, 0x4d,
    0xff, 0xff, 0xf5, 0x00, 0x3f, 0xff, 0xff, 0x44,
    0x44, 0x46, 0x8d, 0xff, 0xff, 0xff, 0x90, 0x00,
    0x3f, 0xff, 0xff, 0xff, 0xff, 0xff, 0xff, 0xff,
    0xff, 0xfb, 0x00, 0x00, 0x3f, 0xff, 0xff, 0xff,
    0xff, 0xff, 0xff, 0xff, 0xff, 0x80, 0x00, 0x00,
    0x3f, 0xff, 0xff, 0xff, 0xff, 0xff, 0xff, 0xff,
    0xb3, 0x00, 0x00, 0x00, 0x3f, 0xff, 0xff, 0xff,
    0xff, 0xfe, 0xda, 0x72, 0x00, 0x00, 0x00, 0x00,

    /* U+0045 "E" */
    0x3f, 0xff, 0xff, 0xff, 0xff, 0xff, 0xff, 0xff,
    0xff, 0xc3, 0xff, 0xff, 0xff, 0xff, 0xff, 0xff,
    0xff, 0xff, 0xfc, 0x3f, 0xff, 0xff, 0xff, 0xff,
    0xff, 0xff, 0xff, 0xff, 0xc3, 0xff, 0xff, 0xff,
    0xff, 0xff, 0xff, 0xff, 0xff, 0xfc, 0x3f, 0xff,
    0xfc, 0x22, 0x22, 0x22, 0x22, 0x22, 0x22, 0x23,
    0xff, 0xff, 0xb0, 0x00, 0x00, 0x00, 0x00, 0x00,
    0x00, 0x3f, 0xff, 0xfb, 0x00, 0x00, 0x00, 0x00,
    0x00, 0x00, 0x03, 0xff, 0xff, 0xb0, 0x00, 0x00,
    0x00, 0x00, 0x00, 0x00, 0x3f, 0xff, 0xfb, 0x00,
    0x00, 0x00, 0x00, 0x00, 0x00, 0x03, 0xff, 0xff,
    0xb0, 0x00, 0x00, 0x00, 0x00, 0x00, 0x00, 0x3f,
    0xff, 0xfb, 0x00, 0x00, 0x00, 0x00, 0x00, 0x00,
    0x03, 0xff, 0xff, 0xb0, 0x00, 0x00, 0x00, 0x00,
    0x00, 0x00, 0x3f, 0xff, 0xff, 0xff, 0xff, 0xff,
    0xff, 0xff, 0xfc, 0x03, 0xff, 0xff, 0xff, 0xff,
    0xff, 0xff, 0xff, 0xff, 0xc0, 0x3f, 0xff, 0xff,
    0xff, 0xff, 0xff, 0xff, 0xff, 0xfc, 0x03, 0xff,
    0xff, 0xff, 0xff, 0xff, 0xff, 0xff, 0xff, 0xc0,
    0x3f, 0xff, 0xfc, 0x22, 0x22, 0x22, 0x22, 0x22,
    0x21, 0x03, 0xff, 0xff, 0xb0, 0x00, 0x00, 0x00,
    0x00, 0x00, 0x00, 0x3f, 0xff, 0xfb, 0x00, 0x00,
    0x00, 0x00, 0x00, 0x00, 0x03, 0xff, 0xff, 0xb0,
    0x00, 0x00, 0x00, 0x00, 0x00, 0x00, 0x3f, 0xff,
    0xfb, 0x00, 0x00, 0x00, 0x00, 0x00, 0x00, 0x03,
    0xff, 0xff, 0xb0, 0x00, 0x00, 0x00, 0x00, 0x00,
    0x00, 0x3f, 0xff, 0xfb, 0x00, 0x00, 0x00, 0x00,
    0x00, 0x00, 0x03, 0xff, 0xff, 0xc2, 0x22, 0x22,
    0x22, 0x22, 0x22, 0x22, 0x3f, 0xff, 0xff, 0xff,
    0xff, 0xff, 0xff, 0xff, 0xff, 0xd3, 0xff, 0xff,
    0xff, 0xff, 0xff, 0xff, 0xff, 0xff, 0xfd, 0x3f,
    0xff, 0xff, 0xff, 0xff, 0xff, 0xff, 0xff, 0xff,
    0xd3, 0xff, 0xff, 0xff, 0xff, 0xff, 0xff, 0xff,
    0xff, 0xfd,

    /* U+0046 "F" */
    0x3f, 0xff, 0xff, 0xff, 0xff, 0xff, 0xff, 0xff,
    0xff, 0x73, 0xff, 0xff, 0xff, 0xff, 0xff, 0xff,
    0xff, 0xff, 0xf7, 0x3f, 0xff, 0xff, 0xff, 0xff,
    0xff, 0xff, 0xff, 0xff, 0x73, 0xff, 0xff, 0xff,
    0xff, 0xff, 0xff, 0xff, 0xff, 0xf7, 0x3f, 0xff,
    0xfc, 0x22, 0x22, 0x22, 0x22, 0x22, 0x22, 0x13,
    0xff, 0xff, 0xb0, 0x00, 0x00, 0x00, 0x00, 0x00,
    0x00, 0x3f, 0xff, 0xfb, 0x00, 0x00, 0x00, 0x00,
    0x00, 0x00, 0x03, 0xff, 0xff, 0xb0, 0x00, 0x00,
    0x00, 0x00, 0x00, 0x00, 0x3f, 0xff, 0xfb, 0x00,
    0x00, 0x00, 0x00, 0x00, 0x00, 0x03, 0xff, 0xff,
    0xb0, 0x00, 0x00, 0x00, 0x00, 0x00, 0x00, 0x3f,
    0xff, 0xfb, 0x00, 0x00, 0x00, 0x00, 0x00, 0x00,
    0x03, 0xff, 0xff, 0xb0, 0x00, 0x00, 0x00, 0x00,
    0x00, 0x00, 0x3f, 0xff, 0xfc, 0x11, 0x11, 0x11,
    0x11, 0x11, 0x10, 0x03, 0xff, 0xff, 0xff, 0xff,
    0xff, 0xff, 0xff, 0xff, 0x30, 0x3f, 0xff, 0xff,
    0xff, 0xff, 0xff, 0xff, 0xff, 0xf3, 0x03, 0xff,
    0xff, 0xff, 0xff, 0xff, 0xff, 0xff, 0xff, 0x30,
    0x3f, 0xff, 0xff, 0xff, 0xff, 0xff, 0xff, 0xff,
    0xf3, 0x03, 0xff, 0xff, 0xb0, 0x00, 0x00, 0x00,
    0x00, 0x00, 0x00, 0x3f, 0xff, 0xfb, 0x00, 0x00,
    0x00, 0x00, 0x00, 0x00, 0x03, 0xff, 0xff, 0xb0,
    0x00, 0x00, 0x00, 0x00, 0x00, 0x00, 0x3f, 0xff,
    0xfb, 0x00, 0x00, 0x00, 0x00, 0x00, 0x00, 0x03,
    0xff, 0xff, 0xb0, 0x00, 0x00, 0x00, 0x00, 0x00,
    0x00, 0x3f, 0xff, 0xfb, 0x00, 0x00, 0x00, 0x00,
    0x00, 0x00, 0x03, 0xff, 0xff, 0xb0, 0x00, 0x00,
    0x00, 0x00, 0x00, 0x00, 0x3f, 0xff, 0xfb, 0x00,
    0x00, 0x00, 0x00, 0x00, 0x00, 0x03, 0xff, 0xff,
    0xb0, 0x00, 0x00, 0x00, 0x00, 0x00, 0x00, 0x3f,
    0xff, 0xfb, 0x00, 0x00, 0x00, 0x00, 0x00, 0x00,
    0x03, 0xff, 0xff, 0xb0, 0x00, 0x00, 0x00, 0x00,
    0x00, 0x00,

    /* U+0047 "G" */
    0x00, 0x00, 0x00, 0x00, 0x05, 0xad, 0xef, 0xed,
    0xa6, 0x10, 0x00, 0x00, 0x00, 0x00, 0x00, 0x00,
    0x08, 0xff, 0xff, 0xff, 0xff, 0xff, 0xfa, 0x10,
    0x00, 0x00, 0x00, 0x00, 0x03, 0xdf, 0xff, 0xff,
    0xff, 0xff, 0xff, 0xff, 0xf5, 0x00, 0x00, 0x00,
    0x00, 0x4f, 0xff, 0xff, 0xff, 0xff, 0xff, 0xff,
    0xff, 0xff, 0x60, 0x00, 0x00, 0x02, 0xff, 0xff,
    0xff, 0xfb, 0x87, 0x7a, 0xef, 0xff, 0xff, 0xf4,
    0x00, 0x00, 0x0d, 0xff, 0xff, 0xfa, 0x10, 0x00,
    0x00, 0x07, 0xff, 0xff, 0xfe, 0x00, 0x00, 0x6f,
    0xff, 0xff, 0x70, 0x00, 0x00, 0x00, 0x00, 0x6f,
    0xff, 0xff, 0x70, 0x00, 0xdf, 0xff, 0xfa, 0x00,
    0x00, 0x00, 0x00, 0x00, 0x09, 0xff, 0xff, 0xd0,
    0x04, 0xff, 0xff, 0xf1, 0x00, 0x00, 0x00, 0x00,
    0x00, 0x01, 0xff, 0xff, 0xf1, 0x08, 0xff, 0xff,
    0xa0, 0x00, 0x00, 0x00, 0x00, 0x00, 0x00, 0x00,
    0x00, 0x00, 0x0c, 0xff, 0xff, 0x50, 0x00, 0x00,
    0x00, 0x00, 0x00, 0x00, 0x00, 0x00, 0x00, 0x0e,
    0xff, 0xff, 0x10, 0x00, 0x00, 0x00, 0x00, 0x00,
    0x00, 0x00, 0x00, 0x00, 0x0f, 0xff, 0xff, 0x00,
    0x00, 0x00, 0x00, 0x00, 0x00, 0x00, 0x00, 0x00,
    0x00, 0x1f, 0xff, 0xfe, 0x00, 0x00, 0x00, 0x00,
    0xae, 0xee, 0xee, 0xee, 0xee, 0xe6, 0x1f, 0xff,
    0xfe, 0x00, 0x00, 0x00, 0x00, 0xcf, 0xff, 0xff,
    0xff, 0xff, 0xf7, 0x0f, 0xff, 0xff, 0x00, 0x00,
    0x00, 0x00, 0xcf, 0xff, 0xff, 0xff, 0xff, 0xf7,
    0x0e, 0xff, 0xff, 0x10, 0x00, 0x00, 0x00, 0xcf,
    0xff, 0xff, 0xff, 0xff, 0xf6, 0x0c, 0xff, 0xff,
    0x50, 0x00, 0x00, 0x00, 0x00, 0x00, 0x00, 0x7f,
    0xff, 0xf6, 0x09, 0xff, 0xff, 0xa0, 0x00, 0x00,
    0x00, 0x00, 0x00, 0x00, 0x8f, 0xff, 0xf4, 0x04,
    0xff, 0xff, 0xf1, 0x00, 0x00, 0x00, 0x00, 0x00,
    0x00, 0xdf, 0xff, 0xf1, 0x00, 0xef, 0xff, 0xfb,
    0x00, 0x00, 0x00, 0x00, 0x00, 0x05, 0xff, 0xff,
    0xd0, 0x00, 0x7f, 0xff, 0xff, 0x80, 0x00, 0x00,
    0x00, 0x00, 0x2e, 0xff, 0xff, 0x70, 0x00, 0x0d,
    0xff, 0xff, 0xfa, 0x10, 0x00, 0x00, 0x05, 0xff,
    0xff, 0xfe, 0x00, 0x00, 0x02, 0xff, 0xff, 0xff,
    0xfb, 0x87, 0x8a, 0xef, 0xff, 0xff, 0xf5, 0x00,
    0x00, 0x00, 0x4f, 0xff, 0xff, 0xff, 0xff, 0xff,
    0xff, 0xff, 0xff, 0x70, 0x00, 0x00, 0x00, 0x03,
    0xef, 0xff, 0xff, 0xff, 0xff, 0xff, 0xff, 0xf6,
    0x00, 0x00, 0x00, 0x00, 0x00, 0x08, 0xff, 0xff,
    0xff, 0xff, 0xff, 0xfb, 0x20, 0x00, 0x00, 0x00,
    0x00, 0x00, 0x00, 0x15, 0xad, 0xef, 0xfe, 0xb7,
    0x20, 0x00, 0x00, 0x00,

    /* U+0048 "H" */
    0x3f, 0xff, 0xfb, 0x00, 0x00, 0x00, 0x00, 0x00,
    0x00, 0x6f, 0xff, 0xf8, 0x3f, 0xff, 0xfb, 0x00,
    0x00, 0x00, 0x00, 0x00, 0x00, 0x6f, 0xff, 0xf8,
    0x3f, 0xff, 0xfb, 0x00, 0x00, 0x00, 0x00, 0x00,
    0x00, 0x6f, 0xff, 0xf8, 0x3f, 0xff, 0xfb, 0x00,
    0x00, 0x00, 0x00, 0x00, 0x00, 0x6f, 0xff, 0xf8,
    0x3f, 0xff, 0xfb, 0x00, 0x00, 0x00, 0x00, 0x00,
    0x00, 0x6f, 0xff, 0xf8, 0x3f, 0xff, 0xfb, 0x00,
    0x00, 0x00, 0x00, 0x00, 0x00, 0x6f, 0xff, 0xf8,
    0x3f, 0xff, 0xfb, 0x00, 0x00, 0x00, 0x00, 0x00,
    0x00, 0x6f, 0xff, 0xf8, 0x3f, 0xff, 0xfb, 0x00,
    0x00, 0x00, 0x00, 0x00, 0x00, 0x6f, 0xff, 0xf8,
    0x3f, 0xff, 0xfb, 0x00, 0x00, 0x00, 0x00, 0x00,
    0x00, 0x6f, 0xff, 0xf8, 0x3f, 0xff, 0xfb, 0x00,
    0x00, 0x00, 0x00, 0x00, 0x00, 0x6f, 0xff, 0xf8,
    0x3f, 0xff, 0xfb, 0x00, 0x00, 0x00, 0x00, 0x00,
    0x00, 0x6f, 0xff, 0xf8, 0x3f, 0xff, 0xfc, 0x22,
    0x22, 0x22, 0x22, 0x22, 0x22, 0x8f, 0xff, 0xf8,
    0x3f, 0xff, 0xff, 0xff, 0xff, 0xff, 0xff, 0xff,
    0xff, 0xff, 0xff, 0xf8, 0x3f, 0xff, 0xff, 0xff,
    0xff, 0xff, 0xff, 0xff, 0xff, 0xff, 0xff, 0xf8,
    0x3f, 0xff, 0xff, 0xff, 0xff, 0xff, 0xff, 0xff,
    0xff, 0xff, 0xff, 0xf8, 0x3f, 0xff, 0xff, 0xff,
    0xff, 0xff, 0xff, 0xff, 0xff, 0xff, 0xff, 0xf8,
    0x3f, 0xff, 0xfb, 0x00, 0x00, 0x00, 0x00, 0x00,
    0x00, 0x6f, 0xff, 0xf8, 0x3f, 0xff, 0xfb, 0x00,
    0x00, 0x00, 0x00, 0x00, 0x00, 0x6f, 0xff, 0xf8,
    0x3f, 0xff, 0xfb, 0x00, 0x00, 0x00, 0x00, 0x00,
    0x00, 0x6f, 0xff, 0xf8, 0x3f, 0xff, 0xfb, 0x00,
    0x00, 0x00, 0x00, 0x00, 0x00, 0x6f, 0xff, 0xf8,
    0x3f, 0xff, 0xfb, 0x00, 0x00, 0x00, 0x00, 0x00,
    0x00, 0x6f, 0xff, 0xf8, 0x3f, 0xff, 0xfb, 0x00,
    0x00, 0x00, 0x00, 0x00, 0x00, 0x6f, 0xff, 0xf8,
    0x3f, 0xff, 0xfb, 0x00, 0x00, 0x00, 0x00, 0x00,
    0x00, 0x6f, 0xff, 0xf8, 0x3f, 0xff, 0xfb, 0x00,
    0x00, 0x00, 0x00, 0x00, 0x00, 0x6f, 0xff, 0xf8,
    0x3f, 0xff, 0xfb, 0x00, 0x00, 0x00, 0x00, 0x00,
    0x00, 0x6f, 0xff, 0xf8, 0x3f, 0xff, 0xfb, 0x00,
    0x00, 0x00, 0x00, 0x00, 0x00, 0x6f, 0xff, 0xf8,
    0x3f, 0xff, 0xfb, 0x00, 0x00, 0x00, 0x00, 0x00,
    0x00, 0x6f, 0xff, 0xf8, 0x3f, 0xff, 0xfb, 0x00,
    0x00, 0x00, 0x00, 0x00, 0x00, 0x6f, 0xff, 0xf8,

    /* U+0049 "I" */
    0x3f, 0xff, 0xfb, 0x3f, 0xff, 0xfb, 0x3f, 0xff,
    0xfb, 0x3f, 0xff, 0xfb, 0x3f, 0xff, 0xfb, 0x3f,
    0xff, 0xfb, 0x3f, 0xff, 0xfb, 0x3f, 0xff, 0xfb,
    0x3f, 0xff, 0xfb, 0x3f, 0xff, 0xfb, 0x3f, 0xff,
    0xfb, 0x3f, 0xff, 0xfb, 0x3f, 0xff, 0xfb, 0x3f,
    0xff, 0xfb, 0x3f, 0xff, 0xfb, 0x3f, 0xff, 0xfb,
    0x3f, 0xff, 0xfb, 0x3f, 0xff, 0xfb, 0x3f, 0xff,
    0xfb, 0x3f, 0xff, 0xfb, 0x3f, 0xff, 0xfb, 0x3f,
    0xff, 0xfb, 0x3f, 0xff, 0xfb, 0x3f, 0xff, 0xfb,
    0x3f, 0xff, 0xfb, 0x3f, 0xff, 0xfb, 0x3f, 0xff,
    0xfb, 0x3f, 0xff, 0xfb,

    /* U+004A "J" */
    0x00, 0x00, 0x00, 0x00, 0x00, 0x00, 0x0a, 0xff,
    0xff, 0x40, 0x00, 0x00, 0x00, 0x00, 0x00, 0x00,
    0xaf, 0xff, 0xf4, 0x00, 0x00, 0x00, 0x00, 0x00,
    0x00, 0x0a, 0xff, 0xff, 0x40, 0x00, 0x00, 0x00,
    0x00, 0x00, 0x00, 0xaf, 0xff, 0xf4, 0x00, 0x00,
    0x00, 0x00, 0x00, 0x00, 0x0a, 0xff, 0xff, 0x40,
    0x00, 0x00, 0x00, 0x00, 0x00, 0x00, 0xaf, 0xff,
    0xf4, 0x00, 0x00, 0x00, 0x00, 0x00, 0x00, 0x0a,
    0xff, 0xff, 0x40, 0x00, 0x00, 0x00, 0x00, 0x00,
    0x00, 0xaf, 0xff, 0xf4, 0x00, 0x00, 0x00, 0x00,
    0x00, 0x00, 0x0a, 0xff, 0xff, 0x40, 0x00, 0x00,
    0x00, 0x00, 0x00, 0x00, 0xaf, 0xff, 0xf4, 0x00,
    0x00, 0x00, 0x00, 0x00, 0x00, 0x0a, 0xff, 0xff,
    0x40, 0x00, 0x00, 0x00, 0x00, 0x00, 0x00, 0xaf,
    0xff, 0xf4, 0x00, 0x00, 0x00, 0x00, 0x00, 0x00,
    0x0a, 0xff, 0xff, 0x40, 0x00, 0x00, 0x00, 0x00,
    0x00, 0x00, 0xaf, 0xff, 0xf4, 0x00, 0x00, 0x00,
    0x00, 0x00, 0x00, 0x0a, 0xff, 0xff, 0x40, 0x00,
    0x00, 0x00, 0x00, 0x00, 0x00, 0xaf, 0xff, 0xf4,
    0x00, 0x00, 0x00, 0x00, 0x00, 0x00, 0x0a, 0xff,
    0xff, 0x40, 0x11, 0x11, 0x00, 0x00, 0x00, 0x00,
    0xaf, 0xff, 0xf4, 0x8f, 0xff, 0xf6, 0x00, 0x00,
    0x00, 0x0a, 0xff, 0xff, 0x48, 0xff, 0xff, 0x60,
    0x00, 0x00, 0x00, 0xaf, 0xff, 0xf4, 0x7f, 0xff,
    0xf7, 0x00, 0x00, 0x00, 0x0b, 0xff, 0xff, 0x25,
    0xff, 0xff, 0xb0, 0x00, 0x00, 0x00, 0xff, 0xff,
    0xf1, 0x1f, 0xff, 0xff, 0x40, 0x00, 0x00, 0x8f,
    0xff, 0xfd, 0x00, 0xbf, 0xff, 0xff, 0x83, 0x13,
    0xaf, 0xff, 0xff, 0x70, 0x03, 0xff, 0xff, 0xff,
    0xff, 0xff, 0xff, 0xff, 0xd0, 0x00, 0x05, 0xff,
    0xff, 0xff, 0xff, 0xff, 0xff, 0xe2, 0x00, 0x00,
    0x04, 0xdf, 0xff, 0xff, 0xff, 0xff, 0xb1, 0x00,
    0x00, 0x00, 0x00, 0x5a, 0xdf, 0xfe, 0xc9, 0x30,
    0x00, 0x00,

    /* U+004B "K" */
    0x3f, 0xff, 0xfb, 0x00, 0x00, 0x00, 0x00, 0x00,
    0x2e, 0xff, 0xff, 0xf2, 0x3f, 0xff, 0xfb, 0x00,
    0x00, 0x00, 0x00, 0x01, 0xdf, 0xff, 0xff, 0x40,
    0x3f, 0xff, 0xfb, 0x00, 0x00, 0x00, 0x00, 0x0c,
    0xff, 0xff, 0xf5, 0x00, 0x3f, 0xff, 0xfb, 0x00,
    0x00, 0x00, 0x00, 0xaf, 0xff, 0xff, 0x70, 0x00,
    0x3f, 0xff, 0xfb, 0x00, 0x00, 0x00, 0x08, 0xff,
    0xff, 0xf9, 0x00, 0x00, 0x3f, 0xff, 0xfb, 0x00,
    0x00, 0x00, 0x5f, 0xff, 0xff, 0xb0, 0x00, 0x00,
    0x3f, 0xff, 0xfb, 0x00, 0x00, 0x04, 0xff, 0xff,
    0xfc, 0x00, 0x00, 0x00, 0x3f, 0xff, 0xfb, 0x00,
    0x00, 0x2e, 0xff, 0xff, 0xe1, 0x00, 0x00, 0x00,
    0x3f, 0xff, 0xfb, 0x00, 0x01, 0xdf, 0xff, 0xff,
    0x20, 0x00, 0x00, 0x00, 0x3f, 0xff, 0xfb, 0x00,
    0x0c, 0xff, 0xff, 0xf4, 0x00, 0x00, 0x00, 0x00,
    0x3f, 0xff, 0xfb, 0x00, 0x9f, 0xff, 0xff, 0x50,
    0x00, 0x00, 0x00, 0x00, 0x3f, 0xff, 0xfb, 0x06,
    0xff, 0xff, 0xf7, 0x00, 0x00, 0x00, 0x00, 0x00,
    0x3f, 0xff, 0xfa, 0x2f, 0xff, 0xff, 0xf3, 0x00,
    0x00, 0x00, 0x00, 0x00, 0x3f, 0xff, 0xfa, 0xcf,
    0xff, 0xff, 0xfd, 0x00, 0x00, 0x00, 0x00, 0x00,
    0x3f, 0xff, 0xff, 0xff, 0xff, 0xff, 0xff, 0x90,
    0x00, 0x00, 0x00, 0x00, 0x3f, 0xff, 0xff, 0xff,
    0xfe, 0xff, 0xff, 0xf3, 0x00, 0x00, 0x00, 0x00,
    0x3f, 0xff, 0xff, 0xff, 0x80, 0xcf, 0xff, 0xfd,
    0x00, 0x00, 0x00, 0x00, 0x3f, 0xff, 0xff, 0xf9,
    0x00, 0x2f, 0xff, 0xff, 0x90, 0x00, 0x00, 0x00,
    0x3f, 0xff, 0xff, 0xb0, 0x00, 0x07, 0xff, 0xff,
    0xf4, 0x00, 0x00, 0x00, 0x3f, 0xff, 0xff, 0x00,
    0x00, 0x00, 0xcf, 0xff, 0xfe, 0x10, 0x00, 0x00,
    0x3f, 0xff, 0xfc, 0x00, 0x00, 0x00, 0x2f, 0xff,
    0xff, 0xa0, 0x00, 0x00, 0x3f, 0xff, 0xfb, 0x00,
    0x00, 0x00, 0x07, 0xff, 0xff, 0xf5, 0x00, 0x00,
    0x3f, 0xff, 0xfb, 0x00, 0x00, 0x00, 0x00, 0xcf,
    0xff, 0xfe, 0x10, 0x00, 0x3f, 0xff, 0xfb, 0x00,
    0x00, 0x00, 0x00, 0x2f, 0xff, 0xff, 0xa0, 0x00,
    0x3f, 0xff, 0xfb, 0x00, 0x00, 0x00, 0x00, 0x07,
    0xff, 0xff, 0xf5, 0x00, 0x3f, 0xff, 0xfb, 0x00,
    0x00, 0x00, 0x00, 0x00, 0xcf, 0xff, 0xfe, 0x10,
    0x3f, 0xff, 0xfb, 0x00, 0x00, 0x00, 0x00, 0x00,
    0x2f, 0xff, 0xff, 0xb0, 0x3f, 0xff, 0xfb, 0x00,
    0x00, 0x00, 0x00, 0x00, 0x07, 0xff, 0xff, 0xf6,

    /* U+004C "L" */
    0x3f, 0xff, 0xfb, 0x00, 0x00, 0x00, 0x00, 0x00,
    0x00, 0x3f, 0xff, 0xfb, 0x00, 0x00, 0x00, 0x00,
    0x00, 0x00, 0x3f, 0xff, 0xfb, 0x00, 0x00, 0x00,
    0x00, 0x00, 0x00, 0x3f, 0xff, 0xfb, 0x00, 0x00,
    0x00, 0x00, 0x00, 0x00, 0x3f, 0xff, 0xfb, 0x00,
    0x00, 0x00, 0x00, 0x00, 0x00, 0x3f, 0xff, 0xfb,
    0x00, 0x00, 0x00, 0x00, 0x00, 0x00, 0x3f, 0xff,
    0xfb, 0x00, 0x00, 0x00, 0x00, 0x00, 0x00, 0x3f,
    0xff, 0xfb, 0x00, 0x00, 0x00, 0x00, 0x00, 0x00,
    0x3f, 0xff, 0xfb, 0x00, 0x00, 0x00, 0x00, 0x00,
    0x00, 0x3f, 0xff, 0xfb, 0x00, 0x00, 0x00, 0x00,
    0x00, 0x00, 0x3f, 0xff, 0xfb, 0x00, 0x00, 0x00,
    0x00, 0x00, 0x00, 0x3f, 0xff, 0xfb, 0x00, 0x00,
    0x00, 0x00, 0x00, 0x00, 0x3f, 0xff, 0xfb, 0x00,
    0x00, 0x00, 0x00, 0x00, 0x00, 0x3f, 0xff, 0xfb,
    0x00, 0x00, 0x00, 0x00, 0x00, 0x00, 0x3f, 0xff,
    0xfb, 0x00, 0x00, 0x00, 0x00, 0x00, 0x00, 0x3f,
    0xff, 0xfb, 0x00, 0x00, 0x00, 0x00, 0x00, 0x00,
    0x3f, 0xff, 0xfb, 0x00, 0x00, 0x00, 0x00, 0x00,
    0x00, 0x3f, 0xff, 0xfb, 0x00, 0x00, 0x00, 0x00,
    0x00, 0x00, 0x3f, 0xff, 0xfb, 0x00, 0x00, 0x00,
    0x00, 0x00, 0x00, 0x3f, 0xff, 0xfb, 0x00, 0x00,
    0x00, 0x00, 0x00, 0x00, 0x3f, 0xff, 0xfb, 0x00,
    0x00, 0x00, 0x00, 0x00, 0x00, 0x3f, 0xff, 0xfb,
    0x00, 0x00, 0x00, 0x00, 0x00, 0x00, 0x3f, 0xff,
    0xfb, 0x00, 0x00, 0x00, 0x00, 0x00, 0x00, 0x3f,
    0xff, 0xfc, 0x22, 0x22, 0x22, 0x22, 0x22, 0x22,
    0x3f, 0xff, 0xff, 0xff, 0xff, 0xff, 0xff, 0xff,
    0xff, 0x3f, 0xff, 0xff, 0xff, 0xff, 0xff, 0xff,
    0xff, 0xff, 0x3f, 0xff, 0xff, 0xff, 0xff, 0xff,
    0xff, 0xff, 0xff, 0x3f, 0xff, 0xff, 0xff, 0xff,
    0xff, 0xff, 0xff, 0xff,

    /* U+004D "M" */
    0x3f, 0xff, 0xff, 0xff, 0x60, 0x00, 0x00, 0x00,
    0x00, 0x00, 0x00, 0x6f, 0xff, 0xff, 0xff, 0x43,
    0xff, 0xff, 0xff, 0xfc, 0x00, 0x00, 0x00, 0x00,
    0x00, 0x00, 0x0b, 0xff, 0xff, 0xff, 0xf4, 0x3f,
    0xff, 0xff, 0xff, 0xf2, 0x00, 0x00, 0x00, 0x00,
    0x00, 0x01, 0xff, 0xff, 0xff, 0xff, 0x43, 0xff,
    0xff, 0xff, 0xff, 0x80, 0x00, 0x00, 0x00, 0x00,
    0x00, 0x7f, 0xff, 0xff, 0xff, 0xf4, 0x3f, 0xff,
    0xff, 0xff, 0xfd, 0x00, 0x00, 0x00, 0x00, 0x00,
    0x0d, 0xff, 0xff, 0xff, 0xff, 0x43, 0xff, 0xff,
    0xdf, 0xff, 0xf3, 0x00, 0x00, 0x00, 0x00, 0x02,
    0xff, 0xff, 0xdf, 0xff, 0xf4, 0x3f, 0xff, 0xf9,
    0xff, 0xff, 0x90, 0x00, 0x00, 0x00, 0x00, 0x8f,
    0xff, 0xf9, 0xff, 0xff, 0x43, 0xff, 0xff, 0x8d,
    0xff, 0xfe, 0x00, 0x00, 0x00, 0x00, 0x0e, 0xff,
    0xfc, 0x8f, 0xff, 0xf4, 0x3f, 0xff, 0xf8, 0x8f,
    0xff, 0xf5, 0x00, 0x00, 0x00, 0x04, 0xff, 0xff,
    0x79, 0xff, 0xff, 0x43, 0xff, 0xff, 0x93, 0xff,
    0xff, 0xb0, 0x00, 0x00, 0x00, 0x9f, 0xff, 0xf2,
    0x9f, 0xff, 0xf4, 0x3f, 0xff, 0xf9, 0x0e, 0xff,
    0xff, 0x10, 0x00, 0x00, 0x0f, 0xff, 0xfd, 0x0a,
    0xff, 0xff, 0x43, 0xff, 0xff, 0x90, 0x9f, 0xff,
    0xf6, 0x00, 0x00, 0x05, 0xff, 0xff, 0x80, 0xaf,
    0xff, 0xf4, 0x3f, 0xff, 0xf9, 0x04, 0xff, 0xff,
    0xc0, 0x00, 0x00, 0xbf, 0xff, 0xf4, 0x0a, 0xff,
    0xff, 0x43, 0xff, 0xff, 0xa0, 0x0e, 0xff, 0xff,
    0x20, 0x00, 0x1f, 0xff, 0xfe, 0x00, 0xaf, 0xff,
    0xf4, 0x3f, 0xff, 0xfa, 0x00, 0x9f, 0xff, 0xf7,
    0x00, 0x06, 0xff, 0xff, 0x90, 0x0a, 0xff, 0xff,
    0x43, 0xff, 0xff, 0xa0, 0x03, 0xff, 0xff, 0xc0,
    0x00, 0xbf, 0xff, 0xf3, 0x00, 0xaf, 0xff, 0xf4,
    0x3f, 0xff, 0xfa, 0x00, 0x0d, 0xff, 0xff, 0x10,
    0x0f, 0xff, 0xfd, 0x00, 0x0a, 0xff, 0xff, 0x43,
    0xff, 0xff, 0xa0, 0x00, 0x7f, 0xff, 0xf5, 0x04,
    0xff, 0xff, 0x70, 0x00, 0xaf, 0xff, 0xf4, 0x3f,
    0xff, 0xfa, 0x00, 0x01, 0xff, 0xff, 0x90, 0x8f,
    0xff, 0xf1, 0x00, 0x0a, 0xff, 0xff, 0x43, 0xff,
    0xff, 0xa0, 0x00, 0x0b, 0xff, 0xfd, 0x0c, 0xff,
    0xfb, 0x00, 0x00, 0xaf, 0xff, 0xf4, 0x3f, 0xff,
    0xfa, 0x00, 0x00, 0x5f, 0xff, 0xf2, 0xff, 0xff,
    0x50, 0x00, 0x0a, 0xff, 0xff, 0x43, 0xff, 0xff,
    0xa0, 0x00, 0x00, 0xff, 0xff, 0x9f, 0xff, 0xf0,
    0x00, 0x00, 0xaf, 0xff, 0xf4, 0x3f, 0xff, 0xfa,
    0x00, 0x00, 0x09, 0xff, 0xff, 0xff, 0xfa, 0x00,
    0x00, 0x0a, 0xff, 0xff, 0x43, 0xff, 0xff, 0xa0,
    0x00, 0x00, 0x3f, 0xff, 0xff, 0xff, 0x40, 0x00,
    0x00, 0xaf, 0xff, 0xf4, 0x3f, 0xff, 0xfa, 0x00,
    0x00, 0x00, 0xdf, 0xff, 0xff, 0xe0, 0x00, 0x00,
    0x0a, 0xff, 0xff, 0x43, 0xff, 0xff, 0xa0, 0x00,
    0x00, 0x08, 0xff, 0xff, 0xf8, 0x00, 0x00, 0x00,
    0xaf, 0xff, 0xf4, 0x3f, 0xff, 0xfa, 0x00, 0x00,
    0x00, 0x2f, 0xff, 0xff, 0x20, 0x00, 0x00, 0x0a,
    0xff, 0xff, 0x43, 0xff, 0xff, 0xa0, 0x00, 0x00,
    0x00, 0xcf, 0xff, 0xc0, 0x00, 0x00, 0x00, 0xaf,
    0xff, 0xf4,

    /* U+004E "N" */
    0x3f, 0xff, 0xff, 0xb0, 0x00, 0x00, 0x00, 0x00,
    0x00, 0x0f, 0xff, 0xff, 0x13, 0xff, 0xff, 0xff,
    0x50, 0x00, 0x00, 0x00, 0x00, 0x00, 0xff, 0xff,
    0xf1, 0x3f, 0xff, 0xff, 0xfe, 0x00, 0x00, 0x00,
    0x00, 0x00, 0x0f, 0xff, 0xff, 0x13, 0xff, 0xff,
    0xff, 0xf9, 0x00, 0x00, 0x00, 0x00, 0x00, 0xff,
    0xff, 0xf1, 0x3f, 0xff, 0xff, 0xff, 0xf3, 0x00,
    0x00, 0x00, 0x00, 0x0f, 0xff, 0xff, 0x13, 0xff,
    0xff, 0xff, 0xff, 0xd0, 0x00, 0x00, 0x00, 0x00,
    0xff, 0xff, 0xf1, 0x3f, 0xff, 0xff, 0xff, 0xff,
    0x70, 0x00, 0x00, 0x00, 0x0f, 0xff, 0xff, 0x13,
    0xff, 0xff, 0x9e, 0xff, 0xff, 0x20, 0x00, 0x00,
    0x00, 0xff, 0xff, 0xf1, 0x3f, 0xff, 0xf9, 0x6f,
    0xff, 0xfb, 0x00, 0x00, 0x00, 0x0f, 0xff, 0xff,
    0x13, 0xff, 0xff, 0xa0, 0xef, 0xff, 0xf5, 0x00,
    0x00, 0x00, 0xff, 0xff, 0xf1, 0x3f, 0xff, 0xfb,
    0x05, 0xff, 0xff, 0xe1, 0x00, 0x00, 0x0f, 0xff,
    0xff, 0x13, 0xff, 0xff, 0xb0, 0x0c, 0xff, 0xff,
    0x90, 0x00, 0x00, 0xff, 0xff, 0xf1, 0x3f, 0xff,
    0xfc, 0x00, 0x3f, 0xff, 0xff, 0x30, 0x00, 0x0f,
    0xff, 0xff, 0x13, 0xff, 0xff, 0xd0, 0x00, 0xaf,
    0xff, 0xfd, 0x00, 0x00, 0xff, 0xff, 0xf1, 0x3f,
    0xff, 0xfd, 0x00, 0x01, 0xff, 0xff, 0xf7, 0x00,
    0x0f, 0xff, 0xff, 0x13, 0xff, 0xff, 0xd0, 0x00,
    0x06, 0xff, 0xff, 0xf2, 0x00, 0xff, 0xff, 0xf1,
    0x3f, 0xff, 0xfd, 0x00, 0x00, 0x0c, 0xff, 0xff,
    0xb0, 0x0e, 0xff, 0xff, 0x13, 0xff, 0xff, 0xd0,
    0x00, 0x00, 0x2f, 0xff, 0xff, 0x40, 0xef, 0xff,
    0xf1, 0x3f, 0xff, 0xfd, 0x00, 0x00, 0x00, 0x8f,
    0xff, 0xfc, 0x0d, 0xff, 0xff, 0x13, 0xff, 0xff,
    0xd0, 0x00, 0x00, 0x00, 0xdf, 0xff, 0xf5, 0xcf,
    0xff, 0xf1, 0x3f, 0xff, 0xfd, 0x00, 0x00, 0x00,
    0x04, 0xff, 0xff, 0xcb, 0xff, 0xff, 0x13, 0xff,
    0xff, 0xd0, 0x00, 0x00, 0x00, 0x0a, 0xff, 0xff,
    0xef, 0xff, 0xf1, 0x3f, 0xff, 0xfd, 0x00, 0x00,
    0x00, 0x00, 0x1e, 0xff, 0xff, 0xff, 0xff, 0x13,
    0xff, 0xff, 0xd0, 0x00, 0x00, 0x00, 0x00, 0x6f,
    0xff, 0xff, 0xff, 0xf1, 0x3f, 0xff, 0xfd, 0x00,
    0x00, 0x00, 0x00, 0x00, 0xbf, 0xff, 0xff, 0xff,
    0x13, 0xff, 0xff, 0xd0, 0x00, 0x00, 0x00, 0x00,
    0x02, 0xff, 0xff, 0xff, 0xf1, 0x3f, 0xff, 0xfd,
    0x00, 0x00, 0x00, 0x00, 0x00, 0x07, 0xff, 0xff,
    0xff, 0x13, 0xff, 0xff, 0xd0, 0x00, 0x00, 0x00,
    0x00, 0x00, 0x0d, 0xff, 0xff, 0xf1,

    /* U+004F "O" */
    0x00, 0x00, 0x00, 0x00, 0x05, 0xad, 0xef, 0xfd,
    0xa6, 0x10, 0x00, 0x00, 0x00, 0x00, 0x00, 0x00,
    0x00, 0x8f, 0xff, 0xff, 0xff, 0xff, 0xff, 0x91,
    0x00, 0x00, 0x00, 0x00, 0x00, 0x03, 0xdf, 0xff,
    0xff, 0xff, 0xff, 0xff, 0xff, 0xf5, 0x00, 0x00,
    0x00, 0x00, 0x04, 0xff, 0xff, 0xff, 0xff, 0xff,
    0xff, 0xff, 0xff, 0xf6, 0x00, 0x00, 0x00, 0x02,
    0xff, 0xff, 0xff, 0xfb, 0x87, 0x8a, 0xff, 0xff,
    0xff, 0xf5, 0x00, 0x00, 0x00, 0xdf, 0xff, 0xff,
    0xa1, 0x00, 0x00, 0x00, 0x8f, 0xff, 0xff, 0xe1,
    0x00, 0x00, 0x6f, 0xff, 0xff, 0x70, 0x00, 0x00,
    0x00, 0x00, 0x4f, 0xff, 0xff, 0x90, 0x00, 0x0e,
    0xff, 0xff, 0xa0, 0x00, 0x00, 0x00, 0x00, 0x00,
    0x6f, 0xff, 0xff, 0x10, 0x04, 0xff, 0xff, 0xf1,
    0x00, 0x00, 0x00, 0x00, 0x00, 0x00, 0xdf, 0xff,
    0xf7, 0x00, 0x8f, 0xff, 0xfa, 0x00, 0x00, 0x00,
    0x00, 0x00, 0x00, 0x07, 0xff, 0xff, 0xc0, 0x0c,
    0xff, 0xff, 0x50, 0x00, 0x00, 0x00, 0x00, 0x00,
    0x00, 0x2f, 0xff, 0xff, 0x00, 0xef, 0xff, 0xf1,
    0x00, 0x00, 0x00, 0x00, 0x00, 0x00, 0x00, 0xef,
    0xff, 0xf2, 0x0f, 0xff, 0xff, 0x00, 0x00, 0x00,
    0x00, 0x00, 0x00, 0x00, 0x0d, 0xff, 0xff, 0x31,
    0xff, 0xff, 0xe0, 0x00, 0x00, 0x00, 0x00, 0x00,
    0x00, 0x00, 0xbf, 0xff, 0xf4, 0x1f, 0xff, 0xfe,
    0x00, 0x00, 0x00, 0x00, 0x00, 0x00, 0x00, 0x0c,
    0xff, 0xff, 0x40, 0xff, 0xff, 0xf0, 0x00, 0x00,
    0x00, 0x00, 0x00, 0x00, 0x00, 0xdf, 0xff, 0xf3,
    0x0e, 0xff, 0xff, 0x10, 0x00, 0x00, 0x00, 0x00,
    0x00, 0x00, 0x0e, 0xff, 0xff, 0x20, 0xcf, 0xff,
    0xf5, 0x00, 0x00, 0x00, 0x00, 0x00, 0x00, 0x02,
    0xff, 0xff, 0xf0, 0x09, 0xff, 0xff, 0xa0, 0x00,
    0x00, 0x00, 0x00, 0x00, 0x00, 0x7f, 0xff, 0xfc,
    0x00, 0x4f, 0xff, 0xff, 0x10, 0x00, 0x00, 0x00,
    0x00, 0x00, 0x0d, 0xff, 0xff, 0x70, 0x00, 0xef,
    0xff, 0xfa, 0x00, 0x00, 0x00, 0x00, 0x00, 0x06,
    0xff, 0xff, 0xf1, 0x00, 0x07, 0xff, 0xff, 0xf7,
    0x00, 0x00, 0x00, 0x00, 0x04, 0xff, 0xff, 0xfa,
    0x00, 0x00, 0x0d, 0xff, 0xff, 0xfa, 0x10, 0x00,
    0x00, 0x07, 0xff, 0xff, 0xff, 0x10, 0x00, 0x00,
    0x2f, 0xff, 0xff, 0xff, 0xb8, 0x77, 0xaf, 0xff,
    0xff, 0xff, 0x50, 0x00, 0x00, 0x00, 0x4f, 0xff,
    0xff, 0xff, 0xff, 0xff, 0xff, 0xff, 0xff, 0x70,
    0x00, 0x00, 0x00, 0x00, 0x3e, 0xff, 0xff, 0xff,
    0xff, 0xff, 0xff, 0xff, 0x50, 0x00, 0x00, 0x00,
    0x00, 0x00, 0x08, 0xff, 0xff, 0xff, 0xff, 0xff,
    0xfa, 0x10, 0x00, 0x00, 0x00, 0x00, 0x00, 0x00,
    0x00, 0x5a, 0xdf, 0xff, 0xdb, 0x61, 0x00, 0x00,
    0x00, 0x00,

    /* U+0050 "P" */
    0x3f, 0xff, 0xff, 0xff, 0xff, 0xff, 0xec, 0x83,
    0x00, 0x00, 0x03, 0xff, 0xff, 0xff, 0xff, 0xff,
    0xff, 0xff, 0xfb, 0x20, 0x00, 0x3f, 0xff, 0xff,
    0xff, 0xff, 0xff, 0xff, 0xff, 0xfe, 0x30, 0x03,
    0xff, 0xff, 0xff, 0xff, 0xff, 0xff, 0xff, 0xff,
    0xfe, 0x10, 0x3f, 0xff, 0xfc, 0x22, 0x22, 0x24,
    0x7d, 0xff, 0xff, 0xfa, 0x03, 0xff, 0xff, 0xb0,
    0x00, 0x00, 0x00, 0x0a, 0xff, 0xff, 0xf2, 0x3f,
    0xff, 0xfb, 0x00, 0x00, 0x00, 0x00, 0x0e, 0xff,
    0xff, 0x73, 0xff, 0xff, 0xb0, 0x00, 0x00, 0x00,
    0x00, 0x8f, 0xff, 0xfa, 0x3f, 0xff, 0xfb, 0x00,
    0x00, 0x00, 0x00, 0x04, 0xff, 0xff, 0xc3, 0xff,
    0xff, 0xb0, 0x00, 0x00, 0x00, 0x00, 0x3f, 0xff,
    0xfd, 0x3f, 0xff, 0xfb, 0x00, 0x00, 0x00, 0x00,
    0x04, 0xff, 0xff, 0xc3, 0xff, 0xff, 0xb0, 0x00,
    0x00, 0x00, 0x00, 0x8f, 0xff, 0xfa, 0x3f, 0xff,
    0xfb, 0x00, 0x00, 0x00, 0x00, 0x0e, 0xff, 0xff,
    0x73, 0xff, 0xff, 0xb0, 0x00, 0x00, 0x00, 0x0a,
    0xff, 0xff, 0xf2, 0x3f, 0xff, 0xfd, 0x11, 0x11,
    0x13, 0x6d, 0xff, 0xff, 0xfa, 0x03, 0xff, 0xff,
    0xff, 0xff, 0xff, 0xff, 0xff, 0xff, 0xfe, 0x10,
    0x3f, 0xff, 0xff, 0xff, 0xff, 0xff, 0xff, 0xff,
    0xfe, 0x30, 0x03, 0xff, 0xff, 0xff, 0xff, 0xff,
    0xff, 0xff, 0xfb, 0x10, 0x00, 0x3f, 0xff, 0xff,
    0xff, 0xff, 0xff, 0xec, 0x83, 0x00, 0x00, 0x03,
    0xff, 0xff, 0xb0, 0x00, 0x00, 0x00, 0x00, 0x00,
    0x00, 0x00, 0x3f, 0xff, 0xfb, 0x00, 0x00, 0x00,
    0x00, 0x00, 0x00, 0x00, 0x03, 0xff, 0xff, 0xb0,
    0x00, 0x00, 0x00, 0x00, 0x00, 0x00, 0x00, 0x3f,
    0xff, 0xfb, 0x00, 0x00, 0x00, 0x00, 0x00, 0x00,
    0x00, 0x03, 0xff, 0xff, 0xb0, 0x00, 0x00, 0x00,
    0x00, 0x00, 0x00, 0x00, 0x3f, 0xff, 0xfb, 0x00,
    0x00, 0x00, 0x00, 0x00, 0x00, 0x00, 0x03, 0xff,
    0xff, 0xb0, 0x00, 0x00, 0x00, 0x00, 0x00, 0x00,
    0x00, 0x3f, 0xff, 0xfb, 0x00, 0x00, 0x00, 0x00,
    0x00, 0x00, 0x00, 0x03, 0xff, 0xff, 0xb0, 0x00,
    0x00, 0x00, 0x00, 0x00, 0x00, 0x00,

    /* U+0051 "Q" */
    0x00, 0x00, 0x00, 0x00, 0x05, 0xad, 0xef, 0xfd,
    0xa6, 0x10, 0x00, 0x00, 0x00, 0x00, 0x00, 0x00,
    0x00, 0x8f, 0xff, 0xff, 0xff, 0xff, 0xff, 0x91,
    0x00, 0x00, 0x00, 0x00, 0x00, 0x03, 0xdf, 0xff,
    0xff, 0xff, 0xff, 0xff, 0xff, 0xf5, 0x00, 0x00,
    0x00, 0x00, 0x04, 0xff, 0xff, 0xff, 0xff, 0xff,
    0xff, 0xff, 0xff, 0xf6, 0x00, 0x00, 0x00, 0x02,
    0xff, 0xff, 0xff, 0xfb, 0x87, 0x8a, 0xff, 0xff,
    0xff, 0xf5, 0x00, 0x00, 0x00, 0xdf, 0xff, 0xff,
    0xa1, 0x00, 0x00, 0x00, 0x8f, 0xff, 0xff, 0xe1,
    0x00, 0x00, 0x6f, 0xff, 0xff, 0x70, 0x00, 0x00,
    0x00, 0x00, 0x4f, 0xff, 0xff, 0x90, 0x00, 0x0e,
    0xff, 0xff, 0xa0, 0x00, 0x00, 0x00, 0x00, 0x00,
    0x6f, 0xff, 0xff, 0x10, 0x04, 0xff, 0xff, 0xf1,
    0x00, 0x00, 0x00, 0x00, 0x00, 0x00, 0xdf, 0xff,
    0xf7, 0x00, 0x8f, 0xff, 0xfa, 0x00, 0x00, 0x00,
    0x00, 0x00, 0x00, 0x07, 0xff, 0xff, 0xc0, 0x0c,
    0xff, 0xff, 0x50, 0x00, 0x00, 0x00, 0x00, 0x00,
    0x00, 0x2f, 0xff, 0xff, 0x00, 0xef, 0xff, 0xf1,
    0x00, 0x00, 0x00, 0x00, 0x00, 0x00, 0x00, 0xef,
    0xff, 0xf2, 0x0f, 0xff, 0xff, 0x00, 0x00, 0x00,
    0x00, 0x00, 0x00, 0x00, 0x0d, 0xff, 0xff, 0x31,
    0xff, 0xff, 0xe0, 0x00, 0x00, 0x00, 0x00, 0x00,
    0x00, 0x00, 0xbf, 0xff, 0xf4, 0x1f, 0xff, 0xfe,
    0x00, 0x00, 0x00, 0x00, 0x00, 0x00, 0x00, 0x0c,
    0xff, 0xff, 0x40, 0xff, 0xff, 0xf0, 0x00, 0x00,
    0x00, 0x00, 0x00, 0x00, 0x00, 0xdf, 0xff, 0xf3,
    0x0e, 0xff, 0xff, 0x10, 0x00, 0x00, 0x00, 0x00,
    0x00, 0x00, 0x0e, 0xff, 0xff, 0x20, 0xcf, 0xff,
    0xf5, 0x00, 0x00, 0x00, 0x00, 0x00, 0x00, 0x02,
    0xff, 0xff, 0xf0, 0x09, 0xff, 0xff, 0xa0, 0x00,
    0x00, 0x57, 0x77, 0x50, 0x00, 0x7f, 0xff, 0xfc,
    0x00, 0x4f, 0xff, 0xff, 0x10, 0x00, 0x03, 0xff,
    0xff, 0x40, 0x0d, 0xff, 0xff, 0x70, 0x00, 0xef,
    0xff, 0xfa, 0x00, 0x00, 0x06, 0xff, 0xfe, 0x26,
    0xff, 0xff, 0xf1, 0x00, 0x07, 0xff, 0xff, 0xf7,
    0x00, 0x00, 0x0a, 0xff, 0xff, 0xff, 0xff, 0xfa,
    0x00, 0x00, 0x0d, 0xff, 0xff, 0xfa, 0x10, 0x00,
    0x0d, 0xff, 0xff, 0xff, 0xff, 0x10, 0x00, 0x00,
    0x2f, 0xff, 0xff, 0xff, 0xb8, 0x77, 0xdf, 0xff,
    0xff, 0xff, 0x50, 0x00, 0x00, 0x00, 0x4f, 0xff,
    0xff, 0xff, 0xff, 0xff, 0xff, 0xff, 0xff, 0x70,
    0x00, 0x00, 0x00, 0x00, 0x3e, 0xff, 0xff, 0xff,
    0xff, 0xff, 0xff, 0xff, 0xf2, 0x00, 0x00, 0x00,
    0x00, 0x00, 0x08, 0xff, 0xff, 0xff, 0xff, 0xff,
    0xff, 0xff, 0xd0, 0x00, 0x00, 0x00, 0x00, 0x00,
    0x00, 0x5a, 0xdf, 0xff, 0xdb, 0x64, 0xff, 0xff,
    0xa0, 0x00, 0x00, 0x00, 0x00, 0x00, 0x00, 0x00,
    0x00, 0x00, 0x00, 0x04, 0xff, 0xff, 0x70, 0x00,
    0x00, 0x00, 0x00, 0x00, 0x00, 0x00, 0x00, 0x00,
    0x00, 0x08, 0xff, 0xff, 0x40,

    /* U+0052 "R" */
    0x3f, 0xff, 0xff, 0xff, 0xff, 0xff, 0xec, 0x94,
    0x00, 0x00, 0x00, 0x3f, 0xff, 0xff, 0xff, 0xff,
    0xff, 0xff, 0xff, 0xd3, 0x00, 0x00, 0x3f, 0xff,
    0xff, 0xff, 0xff, 0xff, 0xff, 0xff, 0xff, 0x50,
    0x00, 0x3f, 0xff, 0xff, 0xff, 0xff, 0xff, 0xff,
    0xff, 0xff, 0xf3, 0x00, 0x3f, 0xff, 0xfc, 0x22,
    0x22, 0x24, 0x7d, 0xff, 0xff, 0xfc, 0x00, 0x3f,
    0xff, 0xfb, 0x00, 0x00, 0x00, 0x00, 0x8f, 0xff,
    0xff, 0x30, 0x3f, 0xff, 0xfb, 0x00, 0x00, 0x00,
    0x00, 0x0c, 0xff, 0xff, 0x80, 0x3f, 0xff, 0xfb,
    0x00, 0x00, 0x00, 0x00, 0x06, 0xff, 0xff, 0xb0,
    0x3f, 0xff, 0xfb, 0x00, 0x00, 0x00, 0x00, 0x04,
    0xff, 0xff, 0xd0, 0x3f, 0xff, 0xfb, 0x00, 0x00,
    0x00, 0x00, 0x03, 0xff, 0xff, 0xd0, 0x3f, 0xff,
    0xfb, 0x00, 0x00, 0x00, 0x00, 0x06, 0xff, 0xff,
    0xc0, 0x3f, 0xff, 0xfb, 0x00, 0x00, 0x00, 0x00,
    0x0b, 0xff, 0xff, 0x90, 0x3f, 0xff, 0xfb, 0x00,
    0x00, 0x00, 0x00, 0x6f, 0xff, 0xff, 0x40, 0x3f,
    0xff, 0xfd, 0x11, 0x11, 0x12, 0x5b, 0xff, 0xff,
    0xfd, 0x00, 0x3f, 0xff, 0xff, 0xff, 0xff, 0xff,
    0xff, 0xff, 0xff, 0xf4, 0x00, 0x3f, 0xff, 0xff,
    0xff, 0xff, 0xff, 0xff, 0xff, 0xff, 0x60, 0x00,
    0x3f, 0xff, 0xff, 0xff, 0xff, 0xff, 0xff, 0xff,
    0xd4, 0x00, 0x00, 0x3f, 0xff, 0xff, 0xff, 0xff,
    0xff, 0xff, 0xff, 0x10, 0x00, 0x00, 0x3f, 0xff,
    0xfb, 0x00, 0x00, 0x0d, 0xff, 0xff, 0xa0, 0x00,
    0x00, 0x3f, 0xff, 0xfb, 0x00, 0x00, 0x04, 0xff,
    0xff, 0xf2, 0x00, 0x00, 0x3f, 0xff, 0xfb, 0x00,
    0x00, 0x00, 0xbf, 0xff, 0xfb, 0x00, 0x00, 0x3f,
    0xff, 0xfb, 0x00, 0x00, 0x00, 0x3f, 0xff, 0xff,
    0x40, 0x00, 0x3f, 0xff, 0xfb, 0x00, 0x00, 0x00,
    0x0a, 0xff, 0xff, 0xd0, 0x00, 0x3f, 0xff, 0xfb,
    0x00, 0x00, 0x00, 0x02, 0xff, 0xff, 0xf6, 0x00,
    0x3f, 0xff, 0xfb, 0x00, 0x00, 0x00, 0x00, 0x9f,
    0xff, 0xfe, 0x00, 0x3f, 0xff, 0xfb, 0x00, 0x00,
    0x00, 0x00, 0x1f, 0xff, 0xff, 0x70, 0x3f, 0xff,
    0xfb, 0x00, 0x00, 0x00, 0x00, 0x07, 0xff, 0xff,
    0xf1, 0x3f, 0xff, 0xfb, 0x00, 0x00, 0x00, 0x00,
    0x00, 0xef, 0xff, 0xf9,

    /* U+0053 "S" */
    0x00, 0x00, 0x00, 0x05, 0xac, 0xef, 0xfd, 0xb7,
    0x10, 0x00, 0x00, 0x00, 0x00, 0x07, 0xff, 0xff,
    0xff, 0xff, 0xff, 0xf8, 0x00, 0x00, 0x00, 0x01,
    0xdf, 0xff, 0xff, 0xff, 0xff, 0xff, 0xff, 0xe2,
    0x00, 0x00, 0x0c, 0xff, 0xff, 0xff, 0xff, 0xff,
    0xff, 0xff, 0xfd, 0x10, 0x00, 0x9f, 0xff, 0xff,
    0xd7, 0x43, 0x57, 0xdf, 0xff, 0xff, 0xa0, 0x01,
    0xff, 0xff, 0xf9, 0x00, 0x00, 0x00, 0x06, 0xff,
    0xff, 0xf2, 0x04, 0xff, 0xff, 0xd0, 0x00, 0x00,
    0x00, 0x00, 0xaf, 0xff, 0xf6, 0x06, 0xff, 0xff,
    0x90, 0x00, 0x00, 0x00, 0x00, 0x4d, 0xdd, 0xd7,
    0x06, 0xff, 0xff, 0xa0, 0x00, 0x00, 0x00, 0x00,
    0x00, 0x00, 0x00, 0x04, 0xff, 0xff, 0xf3, 0x00,
    0x00, 0x00, 0x00, 0x00, 0x00, 0x00, 0x00, 0xff,
    0xff, 0xff, 0x71, 0x00, 0x00, 0x00, 0x00, 0x00,
    0x00, 0x00, 0x7f, 0xff, 0xff, 0xff, 0xb6, 0x20,
    0x00, 0x00, 0x00, 0x00, 0x00, 0x0a, 0xff, 0xff,
    0xff, 0xff, 0xfe, 0x94, 0x00, 0x00, 0x00, 0x00,
    0x00, 0x6f, 0xff, 0xff, 0xff, 0xff, 0xff, 0xe8,
    0x10, 0x00, 0x00, 0x00, 0x01, 0x7d, 0xff, 0xff,
    0xff, 0xff, 0xff, 0xe4, 0x00, 0x00, 0x00, 0x00,
    0x00, 0x27, 0xbf, 0xff, 0xff, 0xff, 0xff, 0x40,
    0x00, 0x00, 0x00, 0x00, 0x00, 0x00, 0x38, 0xef,
    0xff, 0xff, 0xe1, 0x00, 0x00, 0x00, 0x00, 0x00,
    0x00, 0x00, 0x06, 0xff, 0xff, 0xf7, 0x00, 0x00,
    0x00, 0x00, 0x00, 0x00, 0x00, 0x00, 0x6f, 0xff,
    0xfc, 0x17, 0x77, 0x74, 0x00, 0x00, 0x00, 0x00,
    0x00, 0x0f, 0xff, 0xfe, 0x2f, 0xff, 0xfd, 0x00,
    0x00, 0x00, 0x00, 0x00, 0x1f, 0xff, 0xfe, 0x0f,
    0xff, 0xff, 0x50, 0x00, 0x00, 0x00, 0x00, 0x7f,
    0xff, 0xfc, 0x0a, 0xff, 0xff, 0xf4, 0x00, 0x00,
    0x00, 0x06, 0xff, 0xff, 0xf8, 0x02, 0xff, 0xff,
    0xff, 0xc7, 0x43, 0x47, 0xdf, 0xff, 0xff, 0xf1,
    0x00, 0x7f, 0xff, 0xff, 0xff, 0xff, 0xff, 0xff,
    0xff, 0xff, 0x60, 0x00, 0x08, 0xff, 0xff, 0xff,
    0xff, 0xff, 0xff, 0xff, 0xf7, 0x00, 0x00, 0x00,
    0x4c, 0xff, 0xff, 0xff, 0xff, 0xff, 0xfc, 0x30,
    0x00, 0x00, 0x00, 0x00, 0x37, 0xbd, 0xef, 0xfe,
    0xb8, 0x30, 0x00, 0x00,

    /* U+0054 "T" */
    0x7f, 0xff, 0xff, 0xff, 0xff, 0xff, 0xff, 0xff,
    0xff, 0xff, 0xff, 0x87, 0xff, 0xff, 0xff, 0xff,
    0xff, 0xff, 0xff, 0xff, 0xff, 0xff, 0xf8, 0x7f,
    0xff, 0xff, 0xff, 0xff, 0xff, 0xff, 0xff, 0xff,
    0xff, 0xff, 0x87, 0xff, 0xff, 0xff, 0xff, 0xff,
    0xff, 0xff, 0xff, 0xff, 0xff, 0xf8, 0x12, 0x22,
    0x22, 0x22, 0x2e, 0xff, 0xff, 0x32, 0x22, 0x22,
    0x22, 0x10, 0x00, 0x00, 0x00, 0x00, 0xef, 0xff,
    0xf0, 0x00, 0x00, 0x00, 0x00, 0x00, 0x00, 0x00,
    0x00, 0x0e, 0xff, 0xff, 0x00, 0x00, 0x00, 0x00,
    0x00, 0x00, 0x00, 0x00, 0x00, 0xef, 0xff, 0xf0,
    0x00, 0x00, 0x00, 0x00, 0x00, 0x00, 0x00, 0x00,
    0x0e, 0xff, 0xff, 0x00, 0x00, 0x00, 0x00, 0x00,
    0x00, 0x00, 0x00, 0x00, 0xef, 0xff, 0xf0, 0x00,
    0x00, 0x00, 0x00, 0x00, 0x00, 0x00, 0x00, 0x0e,
    0xff, 0xff, 0x00, 0x00, 0x00, 0x00, 0x00, 0x00,
    0x00, 0x00, 0x00, 0xef, 0xff, 0xf0, 0x00, 0x00,
    0x00, 0x00, 0x00, 0x00, 0x00, 0x00, 0x0e, 0xff,
    0xff, 0x00, 0x00, 0x00, 0x00, 0x00, 0x00, 0x00,
    0x00, 0x00, 0xef, 0xff, 0xf0, 0x00, 0x00, 0x00,
    0x00, 0x00, 0x00, 0x00, 0x00, 0x0e, 0xff, 0xff,
    0x00, 0x00, 0x00, 0x00, 0x00, 0x00, 0x00, 0x00,
    0x00, 0xef, 0xff, 0xf0, 0x00, 0x00, 0x00, 0x00,
    0x00, 0x00, 0x00, 0x00, 0x0e, 0xff, 0xff, 0x00,
    0x00, 0x00, 0x00, 0x00, 0x00, 0x00, 0x00, 0x00,
    0xef, 0xff, 0xf0, 0x00, 0x00, 0x00, 0x00, 0x00,
    0x00, 0x00, 0x00, 0x0e, 0xff, 0xff, 0x00, 0x00,
    0x00, 0x00, 0x00, 0x00, 0x00, 0x00, 0x00, 0xef,
    0xff, 0xf0, 0x00, 0x00, 0x00, 0x00, 0x00, 0x00,
    0x00, 0x00, 0x0e, 0xff, 0xff, 0x00, 0x00, 0x00,
    0x00, 0x00, 0x00, 0x00, 0x00, 0x00, 0xef, 0xff,
    0xf0, 0x00, 0x00, 0x00, 0x00, 0x00, 0x00, 0x00,
    0x00, 0x0e, 0xff, 0xff, 0x00, 0x00, 0x00, 0x00,
    0x00, 0x00, 0x00, 0x00, 0x00, 0xef, 0xff, 0xf0,
    0x00, 0x00, 0x00, 0x00, 0x00, 0x00, 0x00, 0x00,
    0x0e, 0xff, 0xff, 0x00, 0x00, 0x00, 0x00, 0x00,
    0x00, 0x00, 0x00, 0x00, 0xef, 0xff, 0xf0, 0x00,
    0x00, 0x00, 0x00, 0x00, 0x00, 0x00, 0x00, 0x0e,
    0xff, 0xff, 0x00, 0x00, 0x00, 0x00, 0x00, 0x00,
    0x00, 0x00, 0x00, 0xef, 0xff, 0xf0, 0x00, 0x00,
    0x00, 0x00,

    /* U+0055 "U" */
    0x3f, 0xff, 0xfb, 0x00, 0x00, 0x00, 0x00, 0x00,
    0x00, 0xcf, 0xff, 0xf3, 0x3f, 0xff, 0xfb, 0x00,
    0x00, 0x00, 0x00, 0x00, 0x00, 0xcf, 0xff, 0xf3,
    0x3f, 0xff, 0xfb, 0x00, 0x00, 0x00, 0x00, 0x00,
    0x00, 0xcf, 0xff, 0xf3, 0x3f, 0xff, 0xfb, 0x00,
    0x00, 0x00, 0x00, 0x00, 0x00, 0xcf, 0xff, 0xf3,
    0x3f, 0xff, 0xfb, 0x00, 0x00, 0x00, 0x00, 0x00,
    0x00, 0xcf, 0xff, 0xf3, 0x3f, 0xff, 0xfb, 0x00,
    0x00, 0x00, 0x00, 0x00, 0x00, 0xcf, 0xff, 0xf3,
    0x3f, 0xff, 0xfb, 0x00, 0x00, 0x00, 0x00, 0x00,
    0x00, 0xcf, 0xff, 0xf3, 0x3f, 0xff, 0xfb, 0x00,
    0x00, 0x00, 0x00, 0x00, 0x00, 0xcf, 0xff, 0xf3,
    0x3f, 0xff, 0xfb, 0x00, 0x00, 0x00, 0x00, 0x00,
    0x00, 0xcf, 0xff, 0xf3, 0x3f, 0xff, 0xfb, 0x00,
    0x00, 0x00, 0x00, 0x00, 0x00, 0xcf, 0xff, 0xf3,
    0x3f, 0xff, 0xfb, 0x00, 0x00, 0x00, 0x00, 0x00,
    0x00, 0xcf, 0xff, 0xf3, 0x3f, 0xff, 0xfb, 0x00,
    0x00, 0x00, 0x00, 0x00, 0x00, 0xcf, 0xff, 0xf3,
    0x3f, 0xff, 0xfb, 0x00, 0x00, 0x00, 0x00, 0x00,
    0x00, 0xcf, 0xff, 0xf3, 0x3f, 0xff, 0xfb, 0x00,
    0x00, 0x00, 0x00, 0x00, 0x00, 0xcf, 0xff, 0xf3,
    0x3f, 0xff, 0xfb, 0x00, 0x00, 0x00, 0x00, 0x00,
    0x00, 0xcf, 0xff, 0xf3, 0x3f, 0xff, 0xfb, 0x00,
    0x00, 0x00, 0x00, 0x00, 0x00, 0xcf, 0xff, 0xf3,
    0x3f, 0xff, 0xfb, 0x00, 0x00, 0x00, 0x00, 0x00,
    0x00, 0xcf, 0xff, 0xf3, 0x3f, 0xff, 0xfb, 0x00,
    0x00, 0x00, 0x00, 0x00, 0x00, 0xcf, 0xff, 0xf3,
    0x3f, 0xff, 0xfd, 0x00, 0x00, 0x00, 0x00, 0x00,
    0x00, 0xdf, 0xff, 0xf2, 0x1f, 0xff, 0xff, 0x10,
    0x00, 0x00, 0x00, 0x00, 0x01, 0xff, 0xff, 0xf1,
    0x0e, 0xff, 0xff, 0x70, 0x00, 0x00, 0x00, 0x00,
    0x07, 0xff, 0xff, 0xe0, 0x0a, 0xff, 0xff, 0xf2,
    0x00, 0x00, 0x00, 0x00, 0x3f, 0xff, 0xff, 0x90,
    0x03, 0xff, 0xff, 0xfe, 0x50, 0x00, 0x00, 0x05,
    0xff, 0xff, 0xff, 0x20, 0x00, 0x9f, 0xff, 0xff,
    0xfe, 0x97, 0x79, 0xef, 0xff, 0xff, 0xf9, 0x00,
    0x00, 0x0c, 0xff, 0xff, 0xff, 0xff, 0xff, 0xff,
    0xff, 0xff, 0xc0, 0x00, 0x00, 0x01, 0xbf, 0xff,
    0xff, 0xff, 0xff, 0xff, 0xff, 0xfb, 0x00, 0x00,
    0x00, 0x00, 0x06, 0xef, 0xff, 0xff, 0xff, 0xff,
    0xfe, 0x50, 0x00, 0x00, 0x00, 0x00, 0x00, 0x04,
    0x9c, 0xef, 0xfe, 0xc9, 0x40, 0x00, 0x00, 0x00,

    /* U+0056 "V" */
    0x0e, 0xff, 0xff, 0x80, 0x00, 0x00, 0x00, 0x00,
    0x00, 0x00, 0x0d, 0xff, 0xff, 0x80, 0x8f, 0xff,
    0xfd, 0x00, 0x00, 0x00, 0x00, 0x00, 0x00, 0x02,
    0xff, 0xff, 0xf3, 0x03, 0xff, 0xff, 0xf3, 0x00,
    0x00, 0x00, 0x00, 0x00, 0x00, 0x8f, 0xff, 0xfd,
    0x00, 0x0d, 0xff, 0xff, 0x80, 0x00, 0x00, 0x00,
    0x00, 0x00, 0x0d, 0xff, 0xff, 0x80, 0x00, 0x7f,
    0xff, 0xfd, 0x00, 0x00, 0x00, 0x00, 0x00, 0x02,
    0xff, 0xff, 0xf2, 0x00, 0x02, 0xff, 0xff, 0xf3,
    0x00, 0x00, 0x00, 0x00, 0x00, 0x7f, 0xff, 0xfd,
    0x00, 0x00, 0x0c, 0xff, 0xff, 0x80, 0x00, 0x00,
    0x00, 0x00, 0x0d, 0xff, 0xff, 0x70, 0x00, 0x00,
    0x7f, 0xff, 0xfe, 0x00, 0x00, 0x00, 0x00, 0x02,
    0xff, 0xff, 0xf2, 0x00, 0x00, 0x01, 0xff, 0xff,
    0xf3, 0x00, 0x00, 0x00, 0x00, 0x7f, 0xff, 0xfc,
    0x00, 0x00, 0x00, 0x0b, 0xff, 0xff, 0x90, 0x00,
    0x00, 0x00, 0x0c, 0xff, 0xff, 0x70, 0x00, 0x00,
    0x00, 0x6f, 0xff, 0xfe, 0x00, 0x00, 0x00, 0x01,
    0xff, 0xff, 0xf1, 0x00, 0x00, 0x00, 0x00, 0xff,
    0xff, 0xf3, 0x00, 0x00, 0x00, 0x7f, 0xff, 0xfc,
    0x00, 0x00, 0x00, 0x00, 0x0a, 0xff, 0xff, 0x90,
    0x00, 0x00, 0x0c, 0xff, 0xff, 0x60, 0x00, 0x00,
    0x00, 0x00, 0x5f, 0xff, 0xfe, 0x00, 0x00, 0x01,
    0xff, 0xff, 0xf1, 0x00, 0x00, 0x00, 0x00, 0x00,
    0xff, 0xff, 0xf3, 0x00, 0x00, 0x6f, 0xff, 0xfb,
    0x00, 0x00, 0x00, 0x00, 0x00, 0x09, 0xff, 0xff,
    0x80, 0x00, 0x0b, 0xff, 0xff, 0x50, 0x00, 0x00,
    0x00, 0x00, 0x00, 0x4f, 0xff, 0xfd, 0x00, 0x00,
    0xff, 0xff, 0xf0, 0x00, 0x00, 0x00, 0x00, 0x00,
    0x00, 0xef, 0xff, 0xf2, 0x00, 0x4f, 0xff, 0xfa,
    0x00, 0x00, 0x00, 0x00, 0x00, 0x00, 0x09, 0xff,
    0xff, 0x70, 0x09, 0xff, 0xff, 0x50, 0x00, 0x00,
    0x00, 0x00, 0x00, 0x00, 0x3f, 0xff, 0xfb, 0x00,
    0xdf, 0xff, 0xf0, 0x00, 0x00, 0x00, 0x00, 0x00,
    0x00, 0x00, 0xdf, 0xff, 0xf0, 0x2f, 0xff, 0xfa,
    0x00, 0x00, 0x00, 0x00, 0x00, 0x00, 0x00, 0x08,
    0xff, 0xff, 0x46, 0xff, 0xff, 0x40, 0x00, 0x00,
    0x00, 0x00, 0x00, 0x00, 0x00, 0x2f, 0xff, 0xf8,
    0xaf, 0xff, 0xe0, 0x00, 0x00, 0x00, 0x00, 0x00,
    0x00, 0x00, 0x00, 0xcf, 0xff, 0xde, 0xff, 0xf9,
    0x00, 0x00, 0x00, 0x00, 0x00, 0x00, 0x00, 0x00,
    0x07, 0xff, 0xff, 0xff, 0xff, 0x40, 0x00, 0x00,
    0x00, 0x00, 0x00, 0x00, 0x00, 0x00, 0x1f, 0xff,
    0xff, 0xff, 0xe0, 0x00, 0x00, 0x00, 0x00, 0x00,
    0x00, 0x00, 0x00, 0x00, 0xcf, 0xff, 0xff, 0xf9,
    0x00, 0x00, 0x00, 0x00, 0x00, 0x00, 0x00, 0x00,
    0x00, 0x06, 0xff, 0xff, 0xff, 0x30, 0x00, 0x00,
    0x00, 0x00,

    /* U+0057 "W" */
    0x0e, 0xff, 0xff, 0x50, 0x00, 0x00, 0x00, 0x00,
    0x6f, 0xff, 0xff, 0x20, 0x00, 0x00, 0x00, 0x00,
    0xaf, 0xff, 0xfb, 0x0a, 0xff, 0xff, 0x90, 0x00,
    0x00, 0x00, 0x00, 0xaf, 0xff, 0xff, 0x60, 0x00,
    0x00, 0x00, 0x00, 0xef, 0xff, 0xf6, 0x06, 0xff,
    0xff, 0xd0, 0x00, 0x00, 0x00, 0x00, 0xef, 0xff,
    0xff, 0xa0, 0x00, 0x00, 0x00, 0x01, 0xff, 0xff,
    0xf2, 0x02, 0xff, 0xff, 0xf1, 0x00, 0x00, 0x00,
    0x02, 0xff, 0xff, 0xff, 0xe0, 0x00, 0x00, 0x00,
    0x05, 0xff, 0xff, 0xe0, 0x00, 0xef, 0xff, 0xf5,
    0x00, 0x00, 0x00, 0x06, 0xff, 0xff, 0xff, 0xf2,
    0x00, 0x00, 0x00, 0x09, 0xff, 0xff, 0xa0, 0x00,
    0x9f, 0xff, 0xf9, 0x00, 0x00, 0x00, 0x0a, 0xff,
    0xff, 0xff, 0xf6, 0x00, 0x00, 0x00, 0x0d, 0xff,
    0xff, 0x50, 0x00, 0x5f, 0xff, 0xfd, 0x00, 0x00,
    0x00, 0x0e, 0xff, 0xfd, 0xff, 0xfa, 0x00, 0x00,
    0x00, 0x1f, 0xff, 0xff, 0x10, 0x00, 0x1f, 0xff,
    0xff, 0x10, 0x00, 0x00, 0x2f, 0xff, 0xf7, 0xff,
    0xfe, 0x00, 0x00, 0x00, 0x5f, 0xff, 0xfd, 0x00,
    0x00, 0x0d, 0xff, 0xff, 0x40, 0x00, 0x00, 0x6f,
    0xff, 0xe3, 0xff, 0xff, 0x20, 0x00, 0x00, 0x8f,
    0xff, 0xf8, 0x00, 0x00, 0x08, 0xff, 0xff, 0x80,
    0x00, 0x00, 0xaf, 0xff, 0xb0, 0xff, 0xff, 0x60,
    0x00, 0x00, 0xcf, 0xff, 0xf4, 0x00, 0x00, 0x04,
    0xff, 0xff, 0xc0, 0x00, 0x00, 0xef, 0xff, 0x80,
    0xdf, 0xff, 0xa0, 0x00, 0x00, 0xff, 0xff, 0xf0,
    0x00, 0x00, 0x00, 0xff, 0xff, 0xf0, 0x00, 0x02,
    0xff, 0xff, 0x40, 0x9f, 0xff, 0xe0, 0x00, 0x04,
    0xff, 0xff, 0xc0, 0x00, 0x00, 0x00, 0xbf, 0xff,
    0xf4, 0x00, 0x06, 0xff, 0xff, 0x10, 0x5f, 0xff,
    0xf2, 0x00, 0x08, 0xff, 0xff, 0x70, 0x00, 0x00,
    0x00, 0x7f, 0xff, 0xf8, 0x00, 0x0a, 0xff, 0xfd,
    0x00, 0x1f, 0xff, 0xf6, 0x00, 0x0c, 0xff, 0xff,
    0x30, 0x00, 0x00, 0x00, 0x3f, 0xff, 0xfc, 0x00,
    0x0e, 0xff, 0xf9, 0x00, 0x0d, 0xff, 0xfa, 0x00,
    0x0f, 0xff, 0xff, 0x00, 0x00, 0x00, 0x00, 0x0e,
    0xff, 0xff, 0x00, 0x2f, 0xff, 0xf5, 0x00, 0x09,
    0xff, 0xfd, 0x00, 0x3f, 0xff, 0xfb, 0x00, 0x00,
    0x00, 0x00, 0x0a, 0xff, 0xff, 0x20, 0x5f, 0xff,
    0xf1, 0x00, 0x05, 0xff, 0xff, 0x10, 0x6f, 0xff,
    0xf6, 0x00, 0x00, 0x00, 0x00, 0x06, 0xff, 0xff,
    0x60, 0x8f, 0xff, 0xc0, 0x00, 0x01, 0xff, 0xff,
    0x40, 0xaf, 0xff, 0xf2, 0x00, 0x00, 0x00, 0x00,
    0x02, 0xff, 0xff, 0x90, 0xcf, 0xff, 0x80, 0x00,
    0x00, 0xcf, 0xff, 0x80, 0xdf, 0xff, 0xe0, 0x00,
    0x00, 0x00, 0x00, 0x00, 0xef, 0xff, 0xc0, 0xff,
    0xff, 0x40, 0x00, 0x00, 0x8f, 0xff, 0xb0, 0xff,
    0xff, 0xa0, 0x00, 0x00, 0x00, 0x00, 0x00, 0x9f,
    0xff, 0xe2, 0xff, 0xff, 0x00, 0x00, 0x00, 0x4f,
    0xff, 0xe3, 0xff, 0xff, 0x50, 0x00, 0x00, 0x00,
    0x00, 0x00, 0x5f, 0xff, 0xf6, 0xff, 0xfc, 0x00,
    0x00, 0x00, 0x0f, 0xff, 0xf7, 0xff, 0xff, 0x10,
    0x00, 0x00, 0x00, 0x00, 0x00, 0x1f, 0xff, 0xfc,
    0xff, 0xf7, 0x00, 0x00, 0x00, 0x0c, 0xff, 0xfc,
    0xff, 0xfd, 0x00, 0x00, 0x00, 0x00, 0x00, 0x00,
    0x0d, 0xff, 0xff, 0xff, 0xf3, 0x00, 0x00, 0x00,
    0x07, 0xff, 0xff, 0xff, 0xf8, 0x00, 0x00, 0x00,
    0x00, 0x00, 0x00, 0x08, 0xff, 0xff, 0xff, 0xf0,
    0x00, 0x00, 0x00, 0x03, 0xff, 0xff, 0xff, 0xf4,
    0x00, 0x00, 0x00, 0x00, 0x00, 0x00, 0x04, 0xff,
    0xff, 0xff, 0xb0, 0x00, 0x00, 0x00, 0x00, 0xff,
    0xff, 0xff, 0xf0, 0x00, 0x00, 0x00, 0x00, 0x00,
    0x00, 0x00, 0xff, 0xff, 0xff, 0x70, 0x00, 0x00,
    0x00, 0x00, 0xbf, 0xff, 0xff, 0xc0, 0x00, 0x00,
    0x00, 0x00, 0x00, 0x00, 0x00, 0xbf, 0xff, 0xff,
    0x30, 0x00, 0x00, 0x00, 0x00, 0x7f, 0xff, 0xff,
    0x70, 0x00, 0x00, 0x00,

    /* U+0058 "X" */
    0x00, 0xdf, 0xff, 0xfd, 0x00, 0x00, 0x00, 0x00,
    0x00, 0x04, 0xff, 0xff, 0xf4, 0x00, 0x03, 0xff,
    0xff, 0xf8, 0x00, 0x00, 0x00, 0x00, 0x01, 0xef,
    0xff, 0xfa, 0x00, 0x00, 0x08, 0xff, 0xff, 0xf2,
    0x00, 0x00, 0x00, 0x00, 0xaf, 0xff, 0xfe, 0x10,
    0x00, 0x00, 0x0d, 0xff, 0xff, 0xc0, 0x00, 0x00,
    0x00, 0x4f, 0xff, 0xff, 0x40, 0x00, 0x00, 0x00,
    0x3f, 0xff, 0xff, 0x70, 0x00, 0x00, 0x1e, 0xff,
    0xff, 0x90, 0x00, 0x00, 0x00, 0x00, 0x8f, 0xff,
    0xff, 0x20, 0x00, 0x0a, 0xff, 0xff, 0xe0, 0x00,
    0x00, 0x00, 0x00, 0x00, 0xdf, 0xff, 0xfb, 0x00,
    0x04, 0xff, 0xff, 0xf4, 0x00, 0x00, 0x00, 0x00,
    0x00, 0x03, 0xff, 0xff, 0xf4, 0x00, 0xdf, 0xff,
    0xf9, 0x00, 0x00, 0x00, 0x00, 0x00, 0x00, 0x08,
    0xff, 0xff, 0xd0, 0x5f, 0xff, 0xfe, 0x00, 0x00,
    0x00, 0x00, 0x00, 0x00, 0x00, 0x0d, 0xff, 0xff,
    0x5d, 0xff, 0xff, 0x40, 0x00, 0x00, 0x00, 0x00,
    0x00, 0x00, 0x00, 0x3f, 0xff, 0xff, 0xff, 0xff,
    0x90, 0x00, 0x00, 0x00, 0x00, 0x00, 0x00, 0x00,
    0x00, 0x8f, 0xff, 0xff, 0xff, 0xd0, 0x00, 0x00,
    0x00, 0x00, 0x00, 0x00, 0x00, 0x00, 0x00, 0xdf,
    0xff, 0xff, 0xf4, 0x00, 0x00, 0x00, 0x00, 0x00,
    0x00, 0x00, 0x00, 0x00, 0x04, 0xff, 0xff, 0xff,
    0x00, 0x00, 0x00, 0x00, 0x00, 0x00, 0x00, 0x00,
    0x00, 0x00, 0xaf, 0xff, 0xff, 0xf3, 0x00, 0x00,
    0x00, 0x00, 0x00, 0x00, 0x00, 0x00, 0x00, 0x5f,
    0xff, 0xff, 0xff, 0xd0, 0x00, 0x00, 0x00, 0x00,
    0x00, 0x00, 0x00, 0x00, 0x1f, 0xff, 0xff, 0xff,
    0xff, 0x90, 0x00, 0x00, 0x00, 0x00, 0x00, 0x00,
    0x00, 0x0b, 0xff, 0xff, 0xaf, 0xff, 0xff, 0x40,
    0x00, 0x00, 0x00, 0x00, 0x00, 0x00, 0x07, 0xff,
    0xff, 0xe0, 0x9f, 0xff, 0xfe, 0x00, 0x00, 0x00,
    0x00, 0x00, 0x00, 0x02, 0xff, 0xff, 0xf6, 0x01,
    0xff, 0xff, 0xf9, 0x00, 0x00, 0x00, 0x00, 0x00,
    0x00, 0xcf, 0xff, 0xfc, 0x00, 0x06, 0xff, 0xff,
    0xf4, 0x00, 0x00, 0x00, 0x00, 0x00, 0x8f, 0xff,
    0xff, 0x20, 0x00, 0x0c, 0xff, 0xff, 0xe1, 0x00,
    0x00, 0x00, 0x00, 0x3f, 0xff, 0xff, 0x60, 0x00,
    0x00, 0x2f, 0xff, 0xff, 0xa0, 0x00, 0x00, 0x00,
    0x0d, 0xff, 0xff, 0xb0, 0x00, 0x00, 0x00, 0x7f,
    0xff, 0xff, 0x50, 0x00, 0x00, 0x09, 0xff, 0xff,
    0xf1, 0x00, 0x00, 0x00, 0x00, 0xcf, 0xff, 0xfe,
    0x10, 0x00, 0x04, 0xff, 0xff, 0xf6, 0x00, 0x00,
    0x00, 0x00, 0x02, 0xff, 0xff, 0xfa, 0x00, 0x01,
    0xef, 0xff, 0xfb, 0x00, 0x00, 0x00, 0x00, 0x00,
    0x07, 0xff, 0xff, 0xf5, 0x00, 0xaf, 0xff, 0xfe,
    0x10, 0x00, 0x00, 0x00, 0x00, 0x00, 0x0c, 0xff,
    0xff, 0xe1,

    /* U+0059 "Y" */
    0x0c, 0xff, 0xff, 0xe1, 0x00, 0x00, 0x00, 0x00,
    0x00, 0x00, 0xdf, 0xff, 0xfd, 0x00, 0x3f, 0xff,
    0xff, 0x80, 0x00, 0x00, 0x00, 0x00, 0x00, 0x6f,
    0xff, 0xff, 0x40, 0x00, 0x9f, 0xff, 0xff, 0x20,
    0x00, 0x00, 0x00, 0x00, 0x0e, 0xff, 0xff, 0xb0,
    0x00, 0x01, 0xef, 0xff, 0xfa, 0x00, 0x00, 0x00,
    0x00, 0x07, 0xff, 0xff, 0xf2, 0x00, 0x00, 0x06,
    0xff, 0xff, 0xf3, 0x00, 0x00, 0x00, 0x01, 0xff,
    0xff, 0xf8, 0x00, 0x00, 0x00, 0x0c, 0xff, 0xff,
    0xc0, 0x00, 0x00, 0x00, 0x9f, 0xff, 0xfe, 0x00,
    0x00, 0x00, 0x00, 0x3f, 0xff, 0xff, 0x50, 0x00,
    0x00, 0x2f, 0xff, 0xff, 0x50, 0x00, 0x00, 0x00,
    0x00, 0x9f, 0xff, 0xfe, 0x00, 0x00, 0x0a, 0xff,
    0xff, 0xc0, 0x00, 0x00, 0x00, 0x00, 0x01, 0xef,
    0xff, 0xf7, 0x00, 0x03, 0xff, 0xff, 0xf3, 0x00,
    0x00, 0x00, 0x00, 0x00, 0x06, 0xff, 0xff, 0xe1,
    0x00, 0xbf, 0xff, 0xf9, 0x00, 0x00, 0x00, 0x00,
    0x00, 0x00, 0x0d, 0xff, 0xff, 0x80, 0x4f, 0xff,
    0xfe, 0x10, 0x00, 0x00, 0x00, 0x00, 0x00, 0x00,
    0x3f, 0xff, 0xff, 0x1c, 0xff, 0xff, 0x60, 0x00,
    0x00, 0x00, 0x00, 0x00, 0x00, 0x00, 0xaf, 0xff,
    0xfa, 0xff, 0xff, 0xd0, 0x00, 0x00, 0x00, 0x00,
    0x00, 0x00, 0x00, 0x01, 0xff, 0xff, 0xff, 0xff,
    0xf3, 0x00, 0x00, 0x00, 0x00, 0x00, 0x00, 0x00,
    0x00, 0x07, 0xff, 0xff, 0xff, 0xfa, 0x00, 0x00,
    0x00, 0x00, 0x00, 0x00, 0x00, 0x00, 0x00, 0x0d,
    0xff, 0xff, 0xff, 0x10, 0x00, 0x00, 0x00, 0x00,
    0x00, 0x00, 0x00, 0x00, 0x00, 0x4f, 0xff, 0xff,
    0x70, 0x00, 0x00, 0x00, 0x00, 0x00, 0x00, 0x00,
    0x00, 0x00, 0x00, 0xdf, 0xff, 0xf1, 0x00, 0x00,
    0x00, 0x00, 0x00, 0x00, 0x00, 0x00, 0x00, 0x00,
    0x0d, 0xff, 0xff, 0x10, 0x00, 0x00, 0x00, 0x00,
    0x00, 0x00, 0x00, 0x00, 0x00, 0x00, 0xdf, 0xff,
    0xf1, 0x00, 0x00, 0x00, 0x00, 0x00, 0x00, 0x00,
    0x00, 0x00, 0x00, 0x0d, 0xff, 0xff, 0x10, 0x00,
    0x00, 0x00, 0x00, 0x00, 0x00, 0x00, 0x00, 0x00,
    0x00, 0xdf, 0xff, 0xf1, 0x00, 0x00, 0x00, 0x00,
    0x00, 0x00, 0x00, 0x00, 0x00, 0x00, 0x0d, 0xff,
    0xff, 0x10, 0x00, 0x00, 0x00, 0x00, 0x00, 0x00,
    0x00, 0x00, 0x00, 0x00, 0xdf, 0xff, 0xf1, 0x00,
    0x00, 0x00, 0x00, 0x00, 0x00, 0x00, 0x00, 0x00,
    0x00, 0x0d, 0xff, 0xff, 0x10, 0x00, 0x00, 0x00,
    0x00, 0x00, 0x00, 0x00, 0x00, 0x00, 0x00, 0xdf,
    0xff, 0xf1, 0x00, 0x00, 0x00, 0x00, 0x00, 0x00,
    0x00, 0x00, 0x00, 0x00, 0x0d, 0xff, 0xff, 0x10,
    0x00, 0x00, 0x00, 0x00, 0x00, 0x00, 0x00, 0x00,
    0x00, 0x00, 0xdf, 0xff, 0xf1, 0x00, 0x00, 0x00,
    0x00, 0x00,

    /* U+005A "Z" */
    0xdf, 0xff, 0xff, 0xff, 0xff, 0xff, 0xff, 0xff,
    0xff, 0xff, 0x9d, 0xff, 0xff, 0xff, 0xff, 0xff,
    0xff, 0xff, 0xff, 0xff, 0xf9, 0xdf, 0xff, 0xff,
    0xff, 0xff, 0xff, 0xff, 0xff, 0xff, 0xff, 0x9d,
    0xff, 0xff, 0xff, 0xff, 0xff, 0xff, 0xff, 0xff,
    0xff, 0xf4, 0x22, 0x22, 0x22, 0x22, 0x22, 0x22,
    0x22, 0x9f, 0xff, 0xf9, 0x00, 0x00, 0x00, 0x00,
    0x00, 0x00, 0x00, 0x5f, 0xff, 0xfe, 0x00, 0x00,
    0x00, 0x00, 0x00, 0x00, 0x00, 0x2f, 0xff, 0xff,
    0x40, 0x00, 0x00, 0x00, 0x00, 0x00, 0x00, 0x0c,
    0xff, 0xff, 0x80, 0x00, 0x00, 0x00, 0x00, 0x00,
    0x00, 0x08, 0xff, 0xff, 0xd0, 0x00, 0x00, 0x00,
    0x00, 0x00, 0x00, 0x03, 0xff, 0xff, 0xf3, 0x00,
    0x00, 0x00, 0x00, 0x00, 0x00, 0x00, 0xdf, 0xff,
    0xf8, 0x00, 0x00, 0x00, 0x00, 0x00, 0x00, 0x00,
    0x9f, 0xff, 0xfc, 0x00, 0x00, 0x00, 0x00, 0x00,
    0x00, 0x00, 0x4f, 0xff, 0xff, 0x20, 0x00, 0x00,
    0x00, 0x00, 0x00, 0x00, 0x1e, 0xff, 0xff, 0x70,
    0x00, 0x00, 0x00, 0x00, 0x00, 0x00, 0x0a, 0xff,
    0xff, 0xc0, 0x00, 0x00, 0x00, 0x00, 0x00, 0x00,
    0x05, 0xff, 0xff, 0xf2, 0x00, 0x00, 0x00, 0x00,
    0x00, 0x00, 0x01, 0xef, 0xff, 0xf6, 0x00, 0x00,
    0x00, 0x00, 0x00, 0x00, 0x00, 0xbf, 0xff, 0xfb,
    0x00, 0x00, 0x00, 0x00, 0x00, 0x00, 0x00, 0x6f,
    0xff, 0xfe, 0x10, 0x00, 0x00, 0x00, 0x00, 0x00,
    0x00, 0x1f, 0xff, 0xff, 0x50, 0x00, 0x00, 0x00,
    0x00, 0x00, 0x00, 0x0b, 0xff, 0xff, 0xa0, 0x00,
    0x00, 0x00, 0x00, 0x00, 0x00, 0x06, 0xff, 0xff,
    0xd0, 0x00, 0x00, 0x00, 0x00, 0x00, 0x00, 0x02,
    0xff, 0xff, 0xf2, 0x00, 0x00, 0x00, 0x00, 0x00,
    0x00, 0x00, 0xcf, 0xff, 0xf6, 0x12, 0x22, 0x22,
    0x22, 0x22, 0x22, 0x21, 0x7f, 0xff, 0xff, 0xff,
    0xff, 0xff, 0xff, 0xff, 0xff, 0xff, 0xac, 0xff,
    0xff, 0xff, 0xff, 0xff, 0xff, 0xff, 0xff, 0xff,
    0xfa, 0xcf, 0xff, 0xff, 0xff, 0xff, 0xff, 0xff,
    0xff, 0xff, 0xff, 0xac, 0xff, 0xff, 0xff, 0xff,
    0xff, 0xff, 0xff, 0xff, 0xff, 0xfa,

    /* U+005B "[" */
    0x4c, 0xcc, 0xcc, 0xcc, 0xc1, 0x5f, 0xff, 0xff,
    0xff, 0xf2, 0x5f, 0xff, 0xff, 0xff, 0xf2, 0x5f,
    0xff, 0xff, 0xff, 0xf2, 0x5f, 0xff, 0xf4, 0x00,
    0x00, 0x5f, 0xff, 0xf4, 0x00, 0x00, 0x5f, 0xff,
    0xf4, 0x00, 0x00, 0x5f, 0xff, 0xf4, 0x00, 0x00,
    0x5f, 0xff, 0xf4, 0x00, 0x00, 0x5f, 0xff, 0xf4,
    0x00, 0x00, 0x5f, 0xff, 0xf4, 0x00, 0x00, 0x5f,
    0xff, 0xf4, 0x00, 0x00, 0x5f, 0xff, 0xf4, 0x00,
    0x00, 0x5f, 0xff, 0xf4, 0x00, 0x00, 0x5f, 0xff,
    0xf4, 0x00, 0x00, 0x5f, 0xff, 0xf4, 0x00, 0x00,
    0x5f, 0xff, 0xf4, 0x00, 0x00, 0x5f, 0xff, 0xf4,
    0x00, 0x00, 0x5f, 0xff, 0xf4, 0x00, 0x00, 0x5f,
    0xff, 0xf4, 0x00, 0x00, 0x5f, 0xff, 0xf4, 0x00,
    0x00, 0x5f, 0xff, 0xf4, 0x00, 0x00, 0x5f, 0xff,
    0xf4, 0x00, 0x00, 0x5f, 0xff, 0xf4, 0x00, 0x00,
    0x5f, 0xff, 0xf4, 0x00, 0x00, 0x5f, 0xff, 0xf4,
    0x00, 0x00, 0x5f, 0xff, 0xf4, 0x00, 0x00, 0x5f,
    0xff, 0xf4, 0x00, 0x00, 0x5f, 0xff, 0xf4, 0x00,
    0x00, 0x5f, 0xff, 0xf4, 0x00, 0x00, 0x5f, 0xff,
    0xf4, 0x00, 0x00, 0x5f, 0xff, 0xfd, 0xcc, 0xc1,
    0x5f, 0xff, 0xff, 0xff, 0xf2, 0x5f, 0xff, 0xff,
    0xff, 0xf2, 0x5f, 0xff, 0xff, 0xff, 0xf2,

    /* U+005C "\\" */
    0x3f, 0xff, 0xf0, 0x00, 0x00, 0x00, 0x00, 0x0f,
    0xff, 0xf4, 0x00, 0x00, 0x00, 0x00, 0x0b, 0xff,
    0xf8, 0x00, 0x00, 0x00, 0x00, 0x06, 0xff, 0xfc,
    0x00, 0x00, 0x00, 0x00, 0x02, 0xff, 0xff, 0x10,
    0x00, 0x00, 0x00, 0x00, 0xef, 0xff, 0x50, 0x00,
    0x00, 0x00, 0x00, 0x9f, 0xff, 0x90, 0x00, 0x00,
    0x00, 0x00, 0x5f, 0xff, 0xe0, 0x00, 0x00, 0x00,
    0x00, 0x1f, 0xff, 0xf2, 0x00, 0x00, 0x00, 0x00,
    0x0d, 0xff, 0xf6, 0x00, 0x00, 0x00, 0x00, 0x08,
    0xff, 0xfb, 0x00, 0x00, 0x00, 0x00, 0x04, 0xff,
    0xff, 0x00, 0x00, 0x00, 0x00, 0x00, 0xff, 0xff,
    0x30, 0x00, 0x00, 0x00, 0x00, 0xbf, 0xff, 0x80,
    0x00, 0x00, 0x00, 0x00, 0x7f, 0xff, 0xc0, 0x00,
    0x00, 0x00, 0x00, 0x3f, 0xff, 0xf0, 0x00, 0x00,
    0x00, 0x00, 0x0e, 0xff, 0xf4, 0x00, 0x00, 0x00,
    0x00, 0x0a, 0xff, 0xf9, 0x00, 0x00, 0x00, 0x00,
    0x06, 0xff, 0xfd, 0x00, 0x00, 0x00, 0x00, 0x01,
    0xff, 0xff, 0x10, 0x00, 0x00, 0x00, 0x00, 0xdf,
    0xff, 0x60, 0x00, 0x00, 0x00, 0x00, 0x9f, 0xff,
    0xa0, 0x00, 0x00, 0x00, 0x00, 0x4f, 0xff, 0xe0,
    0x00, 0x00, 0x00, 0x00, 0x0f, 0xff, 0xf3, 0x00,
    0x00, 0x00, 0x00, 0x0c, 0xff, 0xf7, 0x00, 0x00,
    0x00, 0x00, 0x07, 0xff, 0xfb, 0x00, 0x00, 0x00,
    0x00, 0x03, 0xff, 0xff, 0x00, 0x00, 0x00, 0x00,
    0x00, 0xff, 0xff, 0x40, 0x00, 0x00, 0x00, 0x00,
    0xaf, 0xff, 0x80, 0x00, 0x00, 0x00, 0x00, 0x6f,
    0xff, 0xd0, 0x00, 0x00, 0x00, 0x00, 0x2f, 0xff,
    0xf1, 0x00, 0x00, 0x00, 0x00, 0x0e, 0xff, 0xf5,
    0x00, 0x00, 0x00, 0x00, 0x09, 0xff, 0xfa,

    /* U+005D "]" */
    0xcc, 0xcc, 0xcc, 0xcc, 0x6f, 0xff, 0xff, 0xff,
    0xf8, 0xff, 0xff, 0xff, 0xff, 0x8f, 0xff, 0xff,
    0xff, 0xf8, 0x00, 0x02, 0xff, 0xff, 0x80, 0x00,
    0x2f, 0xff, 0xf8, 0x00, 0x02, 0xff, 0xff, 0x80,
    0x00, 0x2f, 0xff, 0xf8, 0x00, 0x02, 0xff, 0xff,
    0x80, 0x00, 0x2f, 0xff, 0xf8, 0x00, 0x02, 0xff,
    0xff, 0x80, 0x00, 0x2f, 0xff, 0xf8, 0x00, 0x02,
    0xff, 0xff, 0x80, 0x00, 0x2f, 0xff, 0xf8, 0x00,
    0x02, 0xff, 0xff, 0x80, 0x00, 0x2f, 0xff, 0xf8,
    0x00, 0x02, 0xff, 0xff, 0x80, 0x00, 0x2f, 0xff,
    0xf8, 0x00, 0x02, 0xff, 0xff, 0x80, 0x00, 0x2f,
    0xff, 0xf8, 0x00, 0x02, 0xff, 0xff, 0x80, 0x00,
    0x2f, 0xff, 0xf8, 0x00, 0x02, 0xff, 0xff, 0x80,
    0x00, 0x2f, 0xff, 0xf8, 0x00, 0x02, 0xff, 0xff,
    0x80, 0x00, 0x2f, 0xff, 0xf8, 0x00, 0x02, 0xff,
    0xff, 0x80, 0x00, 0x2f, 0xff, 0xf8, 0x00, 0x02,
    0xff, 0xff, 0x80, 0x00, 0x2f, 0xff, 0xf8, 0x00,
    0x02, 0xff, 0xff, 0x8c, 0xcc, 0xcf, 0xff, 0xf8,
    0xff, 0xff, 0xff, 0xff, 0x8f, 0xff, 0xff, 0xff,
    0xf8, 0xff, 0xff, 0xff, 0xff, 0x80,

    /* U+005E "^" */
    0x00, 0x00, 0x00, 0x23, 0x33, 0x00, 0x00, 0x00,
    0x00, 0x00, 0x04, 0xff, 0xff, 0x90, 0x00, 0x00,
    0x00, 0x00, 0x0c, 0xff, 0xff, 0xf1, 0x00, 0x00,
    0x00, 0x00, 0x4f, 0xff, 0xff, 0xf8, 0x00, 0x00,
    0x00, 0x00, 0xbf, 0xff, 0xef, 0xff, 0x10, 0x00,
    0x00, 0x03, 0xff, 0xf8, 0x3f, 0xff, 0x70, 0x00,
    0x00, 0x0a, 0xff, 0xf1, 0x0c, 0xff, 0xe0, 0x00,
    0x00, 0x2f, 0xff, 0xa0, 0x05, 0xff, 0xf6, 0x00,
    0x00, 0x9f, 0xff, 0x30, 0x00, 0xef, 0xfe, 0x00,
    0x01, 0xff, 0xfc, 0x00, 0x00, 0x7f, 0xff, 0x50,
    0x08, 0xff, 0xf5, 0x00, 0x00, 0x1f, 0xff, 0xd0,
    0x1f, 0xff, 0xe0, 0x00, 0x00, 0x09, 0xff, 0xf5,
    0x5d, 0xdd, 0x60, 0x00, 0x00, 0x02, 0xdd, 0xd9,

    /* U+005F "_" */
    0xee, 0xee, 0xee, 0xee, 0xee, 0xee, 0xee, 0xee,
    0xeb, 0xff, 0xff, 0xff, 0xff, 0xff, 0xff, 0xff,
    0xff, 0xfd, 0xff, 0xff, 0xff, 0xff, 0xff, 0xff,
    0xff, 0xff, 0xfd, 0xff, 0xff, 0xff, 0xff, 0xff,
    0xff, 0xff, 0xff, 0xfd,

    /* U+0060 "`" */
    0x09, 0xbb, 0xb8, 0x00, 0x00, 0x4f, 0xff, 0xf2,
    0x00, 0x00, 0xaf, 0xff, 0x90, 0x00, 0x01, 0xef,
    0xff, 0x10, 0x00, 0x05, 0xff, 0xf8, 0x00, 0x00,
    0x0a, 0xff, 0xe0,

    /* U+0061 "a" */
    0x00, 0x00, 0x03, 0x8c, 0xef, 0xfd, 0xb6, 0x10,
    0x00, 0x00, 0x00, 0x2c, 0xff, 0xff, 0xff, 0xff,
    0xff, 0x70, 0x00, 0x00, 0x3f, 0xff, 0xff, 0xff,
    0xff, 0xff, 0xff, 0x90, 0x00, 0x1e, 0xff, 0xff,
    0xfd, 0xbc, 0xff, 0xff, 0xff, 0x50, 0x09, 0xff,
    0xff, 0xc2, 0x00, 0x00, 0x9f, 0xff, 0xfc, 0x00,
    0x6a, 0xdf, 0xd0, 0x00, 0x00, 0x00, 0xdf, 0xff,
    0xf1, 0x00, 0x00, 0x01, 0x00, 0x00, 0x00, 0x09,
    0xff, 0xff, 0x30, 0x00, 0x00, 0x00, 0x00, 0x00,
    0x00, 0xcf, 0xff, 0xf4, 0x00, 0x00, 0x00, 0x01,
    0x46, 0x8a, 0xef, 0xff, 0xff, 0x40, 0x00, 0x17,
    0xce, 0xff, 0xff, 0xff, 0xff, 0xff, 0xf4, 0x00,
    0x7f, 0xff, 0xff, 0xff, 0xff, 0xff, 0xff, 0xff,
    0x40, 0x8f, 0xff, 0xff, 0xff, 0xca, 0x74, 0x8f,
    0xff, 0xf4, 0x1f, 0xff, 0xff, 0x93, 0x00, 0x00,
    0x08, 0xff, 0xff, 0x46, 0xff, 0xff, 0x70, 0x00,
    0x00, 0x00, 0x9f, 0xff, 0xf4, 0x8f, 0xff, 0xf2,
    0x00, 0x00, 0x00, 0x0c, 0xff, 0xff, 0x48, 0xff,
    0xff, 0x30, 0x00, 0x00, 0x04, 0xff, 0xff, 0xf4,
    0x6f, 0xff, 0xfc, 0x10, 0x00, 0x06, 0xff, 0xff,
    0xff, 0x41, 0xff, 0xff, 0xff, 0xb9, 0xae, 0xff,
    0xef, 0xff, 0xf4, 0x07, 0xff, 0xff, 0xff, 0xff,
    0xff, 0xe6, 0xff, 0xff, 0x40, 0x07, 0xff, 0xff,
    0xff, 0xff, 0xd2, 0x5f, 0xff, 0xf4, 0x00, 0x02,
    0x8c, 0xef, 0xeb, 0x60, 0x05, 0xff, 0xff, 0x40,

    /* U+0062 "b" */
    0x7f, 0xff, 0xf6, 0x00, 0x00, 0x00, 0x00, 0x00,
    0x00, 0x00, 0x07, 0xff, 0xff, 0x60, 0x00, 0x00,
    0x00, 0x00, 0x00, 0x00, 0x00, 0x7f, 0xff, 0xf6,
    0x00, 0x00, 0x00, 0x00, 0x00, 0x00, 0x00, 0x07,
    0xff, 0xff, 0x60, 0x00, 0x00, 0x00, 0x00, 0x00,
    0x00, 0x00, 0x7f, 0xff, 0xf6, 0x00, 0x00, 0x00,
    0x00, 0x00, 0x00, 0x00, 0x07, 0xff, 0xff, 0x60,
    0x00, 0x00, 0x00, 0x00, 0x00, 0x00, 0x00, 0x7f,
    0xff, 0xf6, 0x00, 0x00, 0x00, 0x00, 0x00, 0x00,
    0x00, 0x07, 0xff, 0xff, 0x60, 0x05, 0xbe, 0xfe,
    0xc7, 0x00, 0x00, 0x00, 0x7f, 0xff, 0xf6, 0x0b,
    0xff, 0xff, 0xff, 0xfe, 0x50, 0x00, 0x07, 0xff,
    0xff, 0x6a, 0xff, 0xff, 0xff, 0xff, 0xff, 0x60,
    0x00, 0x7f, 0xff, 0xfb, 0xff, 0xff, 0xff, 0xff,
    0xff, 0xff, 0x30, 0x07, 0xff, 0xff, 0xff, 0xc4,
    0x10, 0x29, 0xff, 0xff, 0xfc, 0x00, 0x7f, 0xff,
    0xff, 0xc0, 0x00, 0x00, 0x06, 0xff, 0xff, 0xf3,
    0x07, 0xff, 0xff, 0xf2, 0x00, 0x00, 0x00, 0x0b,
    0xff, 0xff, 0x90, 0x7f, 0xff, 0xfb, 0x00, 0x00,
    0x00, 0x00, 0x5f, 0xff, 0xfc, 0x07, 0xff, 0xff,
    0x70, 0x00, 0x00, 0x00, 0x01, 0xff, 0xff, 0xf0,
    0x7f, 0xff, 0xf5, 0x00, 0x00, 0x00, 0x00, 0x0f,
    0xff, 0xff, 0x07, 0xff, 0xff, 0x50, 0x00, 0x00,
    0x00, 0x00, 0xef, 0xff, 0xf1, 0x7f, 0xff, 0xf6,
    0x00, 0x00, 0x00, 0x00, 0x0f, 0xff, 0xff, 0x07,
    0xff, 0xff, 0x70, 0x00, 0x00, 0x00, 0x01, 0xff,
    0xff, 0xf0, 0x7f, 0xff, 0xfc, 0x00, 0x00, 0x00,
    0x00, 0x5f, 0xff, 0xfc, 0x07, 0xff, 0xff, 0xf2,
    0x00, 0x00, 0x00, 0x0c, 0xff, 0xff, 0x90, 0x7f,
    0xff, 0xff, 0xc0, 0x00, 0x00, 0x07, 0xff, 0xff,
    0xf3, 0x07, 0xff, 0xff, 0xff, 0xc4, 0x10, 0x29,
    0xff, 0xff, 0xfc, 0x00, 0x7f, 0xff, 0xfb, 0xff,
    0xff, 0xff, 0xff, 0xff, 0xff, 0x30, 0x07, 0xff,
    0xff, 0x4b, 0xff, 0xff, 0xff, 0xff, 0xff, 0x60,
    0x00, 0x7f, 0xff, 0xf4, 0x0b, 0xff, 0xff, 0xff,
    0xfe, 0x50, 0x00, 0x07, 0xff, 0xff, 0x40, 0x05,
    0xbe, 0xfe, 0xc7, 0x00, 0x00, 0x00,

    /* U+0063 "c" */
    0x00, 0x00, 0x00, 0x49, 0xcf, 0xfe, 0xd9, 0x40,
    0x00, 0x00, 0x00, 0x00, 0x2c, 0xff, 0xff, 0xff,
    0xff, 0xfd, 0x30, 0x00, 0x00, 0x04, 0xff, 0xff,
    0xff, 0xff, 0xff, 0xff, 0xf5, 0x00, 0x00, 0x3f,
    0xff, 0xff, 0xff, 0xff, 0xff, 0xff, 0xff, 0x30,
    0x00, 0xdf, 0xff, 0xfe, 0x60, 0x00, 0x5d, 0xff,
    0xff, 0xc0, 0x05, 0xff, 0xff, 0xe2, 0x00, 0x00,
    0x01, 0xef, 0xff, 0xf3, 0x0b, 0xff, 0xff, 0x70,
    0x00, 0x00, 0x00, 0x5f, 0xfd, 0xa3, 0x0f, 0xff,
    0xff, 0x00, 0x00, 0x00, 0x00, 0x03, 0x00, 0x00,
    0x3f, 0xff, 0xfc, 0x00, 0x00, 0x00, 0x00, 0x00,
    0x00, 0x00, 0x4f, 0xff, 0xfa, 0x00, 0x00, 0x00,
    0x00, 0x00, 0x00, 0x00, 0x5f, 0xff, 0xf9, 0x00,
    0x00, 0x00, 0x00, 0x00, 0x00, 0x00, 0x4f, 0xff,
    0xfa, 0x00, 0x00, 0x00, 0x00, 0x00, 0x00, 0x00,
    0x3f, 0xff, 0xfc, 0x00, 0x00, 0x00, 0x00, 0x00,
    0x00, 0x00, 0x0f, 0xff, 0xff, 0x00, 0x00, 0x00,
    0x00, 0x06, 0x20, 0x00, 0x0b, 0xff, 0xff, 0x70,
    0x00, 0x00, 0x00, 0x5f, 0xff, 0xc4, 0x05, 0xff,
    0xff, 0xe2, 0x00, 0x00, 0x01, 0xdf, 0xff, 0xf3,
    0x00, 0xdf, 0xff, 0xfe, 0x60, 0x00, 0x5d, 0xff,
    0xff, 0xc0, 0x00, 0x3f, 0xff, 0xff, 0xff, 0xff,
    0xff, 0xff, 0xff, 0x30, 0x00, 0x04, 0xff, 0xff,
    0xff, 0xff, 0xff, 0xff, 0xf5, 0x00, 0x00, 0x00,
    0x2c, 0xff, 0xff, 0xff, 0xff, 0xfc, 0x30, 0x00,
    0x00, 0x00, 0x00, 0x49, 0xdf, 0xff, 0xd9, 0x40,
    0x00, 0x00,

    /* U+0064 "d" */
    0x00, 0x00, 0x00, 0x00, 0x00, 0x00, 0x00, 0x0a,
    0xff, 0xff, 0x20, 0x00, 0x00, 0x00, 0x00, 0x00,
    0x00, 0x00, 0xaf, 0xff, 0xf2, 0x00, 0x00, 0x00,
    0x00, 0x00, 0x00, 0x00, 0x0a, 0xff, 0xff, 0x20,
    0x00, 0x00, 0x00, 0x00, 0x00, 0x00, 0x00, 0xaf,
    0xff, 0xf2, 0x00, 0x00, 0x00, 0x00, 0x00, 0x00,
    0x00, 0x0a, 0xff, 0xff, 0x20, 0x00, 0x00, 0x00,
    0x00, 0x00, 0x00, 0x00, 0xaf, 0xff, 0xf2, 0x00,
    0x00, 0x00, 0x00, 0x00, 0x00, 0x00, 0x0a, 0xff,
    0xff, 0x20, 0x00, 0x00, 0x28, 0xdf, 0xfe, 0x93,
    0x00, 0xaf, 0xff, 0xf2, 0x00, 0x00, 0x8f, 0xff,
    0xff, 0xff, 0xf7, 0x0a, 0xff, 0xff, 0x20, 0x00,
    0xaf, 0xff, 0xff, 0xff, 0xff, 0xf6, 0xaf, 0xff,
    0xf2, 0x00, 0x7f, 0xff, 0xff, 0xff, 0xff, 0xff,
    0xfc, 0xff, 0xff, 0x20, 0x1f, 0xff, 0xff, 0xe7,
    0x10, 0x16, 0xef, 0xff, 0xff, 0xf2, 0x08, 0xff,
    0xff, 0xf3, 0x00, 0x00, 0x02, 0xef, 0xff, 0xff,
    0x20, 0xdf, 0xff, 0xf7, 0x00, 0x00, 0x00, 0x06,
    0xff, 0xff, 0xf2, 0x1f, 0xff, 0xff, 0x00, 0x00,
    0x00, 0x00, 0x0f, 0xff, 0xff, 0x23, 0xff, 0xff,
    0xc0, 0x00, 0x00, 0x00, 0x00, 0xcf, 0xff, 0xf2,
    0x4f, 0xff, 0xfa, 0x00, 0x00, 0x00, 0x00, 0x0a,
    0xff, 0xff, 0x25, 0xff, 0xff, 0x90, 0x00, 0x00,
    0x00, 0x00, 0x9f, 0xff, 0xf2, 0x4f, 0xff, 0xfa,
    0x00, 0x00, 0x00, 0x00, 0x0a, 0xff, 0xff, 0x23,
    0xff, 0xff, 0xc0, 0x00, 0x00, 0x00, 0x00, 0xcf,
    0xff, 0xf2, 0x1f, 0xff, 0xff, 0x10, 0x00, 0x00,
    0x00, 0x0f, 0xff, 0xff, 0x20, 0xdf, 0xff, 0xf7,
    0x00, 0x00, 0x00, 0x07, 0xff, 0xff, 0xf2, 0x08,
    0xff, 0xff, 0xf3, 0x00, 0x00, 0x02, 0xef, 0xff,
    0xff, 0x20, 0x1f, 0xff, 0xff, 0xf7, 0x10, 0x16,
    0xef, 0xff, 0xff, 0xf2, 0x00, 0x7f, 0xff, 0xff,
    0xff, 0xff, 0xff, 0xfb, 0xff, 0xff, 0x20, 0x00,
    0xaf, 0xff, 0xff, 0xff, 0xff, 0xf6, 0x9f, 0xff,
    0xf2, 0x00, 0x00, 0x8f, 0xff, 0xff, 0xff, 0xf7,
    0x09, 0xff, 0xff, 0x20, 0x00, 0x00, 0x28, 0xdf,
    0xfe, 0xa3, 0x00, 0x9f, 0xff, 0xf2,

    /* U+0065 "e" */
    0x00, 0x00, 0x00, 0x49, 0xdf, 0xfe, 0xc8, 0x30,
    0x00, 0x00, 0x00, 0x00, 0x2c, 0xff, 0xff, 0xff,
    0xff, 0xfb, 0x10, 0x00, 0x00, 0x04, 0xff, 0xff,
    0xff, 0xff, 0xff, 0xff, 0xe3, 0x00, 0x00, 0x3f,
    0xff, 0xff, 0xfe, 0xce, 0xff, 0xff, 0xfe, 0x10,
    0x00, 0xdf, 0xff, 0xfb, 0x20, 0x00, 0x3c, 0xff,
    0xff, 0xa0, 0x05, 0xff, 0xff, 0xa0, 0x00, 0x00,
    0x00, 0xcf, 0xff, 0xf2, 0x0b, 0xff, 0xff, 0x10,
    0x00, 0x00, 0x00, 0x3f, 0xff, 0xf6, 0x0f, 0xff,
    0xfa, 0x00, 0x00, 0x00, 0x00, 0x0e, 0xff, 0xfa,
    0x3f, 0xff, 0xff, 0xff, 0xff, 0xff, 0xff, 0xff,
    0xff, 0xfc, 0x4f, 0xff, 0xff, 0xff, 0xff, 0xff,
    0xff, 0xff, 0xff, 0xfd, 0x5f, 0xff, 0xff, 0xff,
    0xff, 0xff, 0xff, 0xff, 0xff, 0xfe, 0x4f, 0xff,
    0xfb, 0x44, 0x44, 0x44, 0x44, 0x44, 0x44, 0x44,
    0x3f, 0xff, 0xf8, 0x00, 0x00, 0x00, 0x00, 0x00,
    0x00, 0x00, 0x0f, 0xff, 0xfb, 0x00, 0x00, 0x00,
    0x00, 0x00, 0x00, 0x00, 0x0c, 0xff, 0xff, 0x20,
    0x00, 0x00, 0x00, 0x08, 0x51, 0x00, 0x06, 0xff,
    0xff, 0xb0, 0x00, 0x00, 0x00, 0x7f, 0xff, 0xe5,
    0x00, 0xdf, 0xff, 0xfc, 0x30, 0x00, 0x18, 0xff,
    0xff, 0xf1, 0x00, 0x3f, 0xff, 0xff, 0xfe, 0xdd,
    0xff, 0xff, 0xff, 0x70, 0x00, 0x05, 0xff, 0xff,
    0xff, 0xff, 0xff, 0xff, 0xf9, 0x00, 0x00, 0x00,
    0x2c, 0xff, 0xff, 0xff, 0xff, 0xfe, 0x60, 0x00,
    0x00, 0x00, 0x00, 0x49, 0xce, 0xff, 0xda, 0x60,
    0x00, 0x00,

    /* U+0066 "f" */
    0x00, 0x00, 0x00, 0x05, 0xae, 0xff, 0xda, 0x20,
    0x00, 0x00, 0x0b, 0xff, 0xff, 0xff, 0xf1, 0x00,
    0x00, 0x0b, 0xff, 0xff, 0xff, 0xfd, 0x00, 0x00,
    0x04, 0xff, 0xff, 0xff, 0xff, 0x80, 0x00, 0x00,
    0x9f, 0xff, 0xfc, 0x30, 0x21, 0x00, 0x00, 0x0b,
    0xff, 0xff, 0x20, 0x00, 0x00, 0x00, 0x00, 0xdf,
    0xff, 0xf0, 0x00, 0x00, 0x00, 0x00, 0x0d, 0xff,
    0xff, 0x00, 0x00, 0x00, 0xaf, 0xff, 0xff, 0xff,
    0xff, 0xff, 0xf7, 0x0a, 0xff, 0xff, 0xff, 0xff,
    0xff, 0xff, 0x70, 0xaf, 0xff, 0xff, 0xff, 0xff,
    0xff, 0xf7, 0x07, 0xcc, 0xcf, 0xff, 0xff, 0xcc,
    0xcc, 0x50, 0x00, 0x00, 0xdf, 0xff, 0xf0, 0x00,
    0x00, 0x00, 0x00, 0x0d, 0xff, 0xff, 0x00, 0x00,
    0x00, 0x00, 0x00, 0xdf, 0xff, 0xf0, 0x00, 0x00,
    0x00, 0x00, 0x0d, 0xff, 0xff, 0x00, 0x00, 0x00,
    0x00, 0x00, 0xdf, 0xff, 0xf0, 0x00, 0x00, 0x00,
    0x00, 0x0d, 0xff, 0xff, 0x00, 0x00, 0x00, 0x00,
    0x00, 0xdf, 0xff, 0xf0, 0x00, 0x00, 0x00, 0x00,
    0x0d, 0xff, 0xff, 0x00, 0x00, 0x00, 0x00, 0x00,
    0xdf, 0xff, 0xf0, 0x00, 0x00, 0x00, 0x00, 0x0d,
    0xff, 0xff, 0x00, 0x00, 0x00, 0x00, 0x00, 0xdf,
    0xff, 0xf0, 0x00, 0x00, 0x00, 0x00, 0x0d, 0xff,
    0xff, 0x00, 0x00, 0x00, 0x00, 0x00, 0xdf, 0xff,
    0xf0, 0x00, 0x00, 0x00, 0x00, 0x0d, 0xff, 0xff,
    0x00, 0x00, 0x00, 0x00, 0x00, 0xdf, 0xff, 0xf0,
    0x00, 0x00, 0x00, 0x00, 0x0d, 0xff, 0xff, 0x00,
    0x00, 0x00, 0x00, 0x00, 0xdf, 0xff, 0xf0, 0x00,
    0x00, 0x00,

    /* U+0067 "g" */
    0x00, 0x00, 0x01, 0x8c, 0xff, 0xea, 0x30, 0x08,
    0xff, 0xff, 0x30, 0x00, 0x07, 0xff, 0xff, 0xff,
    0xff, 0x80, 0x8f, 0xff, 0xf3, 0x00, 0x09, 0xff,
    0xff, 0xff, 0xff, 0xff, 0x78, 0xff, 0xff, 0x30,
    0x06, 0xff, 0xff, 0xff, 0xff, 0xff, 0xff, 0xbf,
    0xff, 0xf3, 0x01, 0xef, 0xff, 0xff, 0x71, 0x01,
    0x7e, 0xff, 0xff, 0xff, 0x30, 0x7f, 0xff, 0xff,
    0x30, 0x00, 0x00, 0x3f, 0xff, 0xff, 0xf3, 0x0c,
    0xff, 0xff, 0x80, 0x00, 0x00, 0x00, 0x7f, 0xff,
    0xff, 0x30, 0xff, 0xff, 0xf1, 0x00, 0x00, 0x00,
    0x00, 0xff, 0xff, 0xf3, 0x3f, 0xff, 0xfd, 0x00,
    0x00, 0x00, 0x00, 0x0c, 0xff, 0xff, 0x34, 0xff,
    0xff, 0xa0, 0x00, 0x00, 0x00, 0x00, 0xaf, 0xff,
    0xf3, 0x5f, 0xff, 0xf9, 0x00, 0x00, 0x00, 0x00,
    0x09, 0xff, 0xff, 0x35, 0xff, 0xff, 0xa0, 0x00,
    0x00, 0x00, 0x00, 0x9f, 0xff, 0xf3, 0x4f, 0xff,
    0xfc, 0x00, 0x00, 0x00, 0x00, 0x0b, 0xff, 0xff,
    0x31, 0xff, 0xff, 0xf0, 0x00, 0x00, 0x00, 0x00,
    0xef, 0xff, 0xf3, 0x0e, 0xff, 0xff, 0x50, 0x00,
    0x00, 0x00, 0x4f, 0xff, 0xff, 0x30, 0x9f, 0xff,
    0xfe, 0x10, 0x00, 0x00, 0x0d, 0xff, 0xff, 0xf3,
    0x02, 0xff, 0xff, 0xfd, 0x40, 0x00, 0x3c, 0xff,
    0xff, 0xff, 0x30, 0x09, 0xff, 0xff, 0xff, 0xfd,
    0xef, 0xff, 0xdf, 0xff, 0xf3, 0x00, 0x0b, 0xff,
    0xff, 0xff, 0xff, 0xff, 0x79, 0xff, 0xff, 0x30,
    0x00, 0x09, 0xff, 0xff, 0xff, 0xff, 0x90, 0x9f,
    0xff, 0xf3, 0x00, 0x00, 0x02, 0x9d, 0xff, 0xea,
    0x40, 0x09, 0xff, 0xff, 0x30, 0x00, 0x00, 0x00,
    0x00, 0x00, 0x00, 0x00, 0x9f, 0xff, 0xf2, 0x00,
    0x00, 0x00, 0x00, 0x00, 0x00, 0x00, 0x0b, 0xff,
    0xff, 0x00, 0x00, 0x5a, 0xd1, 0x00, 0x00, 0x00,
    0x02, 0xff, 0xff, 0xd0, 0x04, 0xff, 0xff, 0xd4,
    0x00, 0x00, 0x06, 0xef, 0xff, 0xf7, 0x00, 0x0d,
    0xff, 0xff, 0xfe, 0xbb, 0xce, 0xff, 0xff, 0xfc,
    0x00, 0x00, 0x2e, 0xff, 0xff, 0xff, 0xff, 0xff,
    0xff, 0xfd, 0x10, 0x00, 0x00, 0x1a, 0xff, 0xff,
    0xff, 0xff, 0xff, 0xf8, 0x00, 0x00, 0x00, 0x00,
    0x01, 0x7b, 0xde, 0xfe, 0xda, 0x61, 0x00, 0x00,
    0x00,

    /* U+0068 "h" */
    0x7f, 0xff, 0xf5, 0x00, 0x00, 0x00, 0x00, 0x00,
    0x00, 0x07, 0xff, 0xff, 0x50, 0x00, 0x00, 0x00,
    0x00, 0x00, 0x00, 0x7f, 0xff, 0xf5, 0x00, 0x00,
    0x00, 0x00, 0x00, 0x00, 0x07, 0xff, 0xff, 0x50,
    0x00, 0x00, 0x00, 0x00, 0x00, 0x00, 0x7f, 0xff,
    0xf5, 0x00, 0x00, 0x00, 0x00, 0x00, 0x00, 0x07,
    0xff, 0xff, 0x50, 0x00, 0x00, 0x00, 0x00, 0x00,
    0x00, 0x7f, 0xff, 0xf5, 0x00, 0x00, 0x00, 0x00,
    0x00, 0x00, 0x07, 0xff, 0xff, 0x50, 0x05, 0xbe,
    0xfe, 0xc6, 0x00, 0x00, 0x7f, 0xff, 0xf5, 0x1c,
    0xff, 0xff, 0xff, 0xfe, 0x30, 0x07, 0xff, 0xff,
    0x5c, 0xff, 0xff, 0xff, 0xff, 0xff, 0x20, 0x7f,
    0xff, 0xfc, 0xff, 0xff, 0xff, 0xff, 0xff, 0xfb,
    0x07, 0xff, 0xff, 0xff, 0xb4, 0x22, 0x6e, 0xff,
    0xff, 0xf2, 0x7f, 0xff, 0xff, 0x80, 0x00, 0x00,
    0x2f, 0xff, 0xff, 0x77, 0xff, 0xff, 0xd0, 0x00,
    0x00, 0x00, 0x8f, 0xff, 0xf9, 0x7f, 0xff, 0xf8,
    0x00, 0x00, 0x00, 0x03, 0xff, 0xff, 0xa7, 0xff,
    0xff, 0x60, 0x00, 0x00, 0x00, 0x2f, 0xff, 0xfb,
    0x7f, 0xff, 0xf6, 0x00, 0x00, 0x00, 0x02, 0xff,
    0xff, 0xb7, 0xff, 0xff, 0x60, 0x00, 0x00, 0x00,
    0x2f, 0xff, 0xfb, 0x7f, 0xff, 0xf6, 0x00, 0x00,
    0x00, 0x02, 0xff, 0xff, 0xb7, 0xff, 0xff, 0x60,
    0x00, 0x00, 0x00, 0x2f, 0xff, 0xfb, 0x7f, 0xff,
    0xf6, 0x00, 0x00, 0x00, 0x02, 0xff, 0xff, 0xb7,
    0xff, 0xff, 0x60, 0x00, 0x00, 0x00, 0x2f, 0xff,
    0xfb, 0x7f, 0xff, 0xf6, 0x00, 0x00, 0x00, 0x02,
    0xff, 0xff, 0xb7, 0xff, 0xff, 0x60, 0x00, 0x00,
    0x00, 0x2f, 0xff, 0xfb, 0x7f, 0xff, 0xf6, 0x00,
    0x00, 0x00, 0x02, 0xff, 0xff, 0xb7, 0xff, 0xff,
    0x60, 0x00, 0x00, 0x00, 0x2f, 0xff, 0xfb, 0x7f,
    0xff, 0xf6, 0x00, 0x00, 0x00, 0x02, 0xff, 0xff,
    0xb7, 0xff, 0xff, 0x60, 0x00, 0x00, 0x00, 0x2f,
    0xff, 0xfb,

    /* U+0069 "i" */
    0x08, 0xee, 0x80, 0x7f, 0xff, 0xf7, 0xcf, 0xff,
    0xfb, 0x9f, 0xff, 0xf9, 0x1d, 0xff, 0xc1, 0x00,
    0x33, 0x00, 0x00, 0x00, 0x00, 0x00, 0x00, 0x00,
    0x7f, 0xff, 0xf6, 0x7f, 0xff, 0xf6, 0x7f, 0xff,
    0xf6, 0x7f, 0xff, 0xf6, 0x7f, 0xff, 0xf6, 0x7f,
    0xff, 0xf6, 0x7f, 0xff, 0xf6, 0x7f, 0xff, 0xf6,
    0x7f, 0xff, 0xf6, 0x7f, 0xff, 0xf6, 0x7f, 0xff,
    0xf6, 0x7f, 0xff, 0xf6, 0x7f, 0xff, 0xf6, 0x7f,
    0xff, 0xf6, 0x7f, 0xff, 0xf6, 0x7f, 0xff, 0xf6,
    0x7f, 0xff, 0xf6, 0x7f, 0xff, 0xf6, 0x7f, 0xff,
    0xf6, 0x7f, 0xff, 0xf6, 0x7f, 0xff, 0xf6,

    /* U+006A "j" */
    0x00, 0x00, 0x8e, 0xe8, 0x00, 0x00, 0x8f, 0xff,
    0xf7, 0x00, 0x0c, 0xff, 0xff, 0xb0, 0x00, 0xaf,
    0xff, 0xf9, 0x00, 0x01, 0xdf, 0xfc, 0x10, 0x00,
    0x00, 0x33, 0x00, 0x00, 0x00, 0x00, 0x00, 0x00,
    0x00, 0x00, 0x00, 0x00, 0x00, 0x07, 0xff, 0xff,
    0x60, 0x00, 0x7f, 0xff, 0xf6, 0x00, 0x07, 0xff,
    0xff, 0x60, 0x00, 0x7f, 0xff, 0xf6, 0x00, 0x07,
    0xff, 0xff, 0x60, 0x00, 0x7f, 0xff, 0xf6, 0x00,
    0x07, 0xff, 0xff, 0x60, 0x00, 0x7f, 0xff, 0xf6,
    0x00, 0x07, 0xff, 0xff, 0x60, 0x00, 0x7f, 0xff,
    0xf6, 0x00, 0x07, 0xff, 0xff, 0x60, 0x00, 0x7f,
    0xff, 0xf6, 0x00, 0x07, 0xff, 0xff, 0x60, 0x00,
    0x7f, 0xff, 0xf6, 0x00, 0x07, 0xff, 0xff, 0x60,
    0x00, 0x7f, 0xff, 0xf6, 0x00, 0x07, 0xff, 0xff,
    0x60, 0x00, 0x7f, 0xff, 0xf6, 0x00, 0x07, 0xff,
    0xff, 0x60, 0x00, 0x7f, 0xff, 0xf6, 0x00, 0x07,
    0xff, 0xff, 0x60, 0x00, 0x7f, 0xff, 0xf6, 0x00,
    0x07, 0xff, 0xff, 0x50, 0x00, 0xaf, 0xff, 0xf4,
    0x00, 0x5f, 0xff, 0xff, 0x2b, 0xff, 0xff, 0xff,
    0xc0, 0xcf, 0xff, 0xff, 0xf3, 0x0c, 0xff, 0xff,
    0xe5, 0x00, 0xcf, 0xec, 0x71, 0x00, 0x00,

    /* U+006B "k" */
    0x7f, 0xff, 0xf6, 0x00, 0x00, 0x00, 0x00, 0x00,
    0x00, 0x00, 0x7f, 0xff, 0xf6, 0x00, 0x00, 0x00,
    0x00, 0x00, 0x00, 0x00, 0x7f, 0xff, 0xf6, 0x00,
    0x00, 0x00, 0x00, 0x00, 0x00, 0x00, 0x7f, 0xff,
    0xf6, 0x00, 0x00, 0x00, 0x00, 0x00, 0x00, 0x00,
    0x7f, 0xff, 0xf6, 0x00, 0x00, 0x00, 0x00, 0x00,
    0x00, 0x00, 0x7f, 0xff, 0xf6, 0x00, 0x00, 0x00,
    0x00, 0x00, 0x00, 0x00, 0x7f, 0xff, 0xf6, 0x00,
    0x00, 0x00, 0x00, 0x00, 0x00, 0x00, 0x7f, 0xff,
    0xf6, 0x00, 0x00, 0x00, 0x3f, 0xff, 0xff, 0x60,
    0x7f, 0xff, 0xf6, 0x00, 0x00, 0x02, 0xef, 0xff,
    0xf9, 0x00, 0x7f, 0xff, 0xf6, 0x00, 0x00, 0x1d,
    0xff, 0xff, 0xa0, 0x00, 0x7f, 0xff, 0xf6, 0x00,
    0x00, 0xcf, 0xff, 0xfc, 0x00, 0x00, 0x7f, 0xff,
    0xf6, 0x00, 0x0a, 0xff, 0xff, 0xd1, 0x00, 0x00,
    0x7f, 0xff, 0xf6, 0x00, 0x8f, 0xff, 0xfe, 0x20,
    0x00, 0x00, 0x7f, 0xff, 0xf6, 0x06, 0xff, 0xff,
    0xf3, 0x00, 0x00, 0x00, 0x7f, 0xff, 0xf6, 0x4f,
    0xff, 0xff, 0x50, 0x00, 0x00, 0x00, 0x7f, 0xff,
    0xfc, 0xff, 0xff, 0xf7, 0x00, 0x00, 0x00, 0x00,
    0x7f, 0xff, 0xff, 0xff, 0xff, 0xf1, 0x00, 0x00,
    0x00, 0x00, 0x7f, 0xff, 0xff, 0xff, 0xff, 0xfc,
    0x00, 0x00, 0x00, 0x00, 0x7f, 0xff, 0xff, 0xff,
    0xff, 0xff, 0x70, 0x00, 0x00, 0x00, 0x7f, 0xff,
    0xff, 0xc9, 0xff, 0xff, 0xf3, 0x00, 0x00, 0x00,
    0x7f, 0xff, 0xff, 0x10, 0xcf, 0xff, 0xfd, 0x00,
    0x00, 0x00, 0x7f, 0xff, 0xf7, 0x00, 0x2f, 0xff,
    0xff, 0xa0, 0x00, 0x00, 0x7f, 0xff, 0xf6, 0x00,
    0x06, 0xff, 0xff, 0xf6, 0x00, 0x00, 0x7f, 0xff,
    0xf6, 0x00, 0x00, 0xaf, 0xff, 0xff, 0x20, 0x00,
    0x7f, 0xff, 0xf6, 0x00, 0x00, 0x1e, 0xff, 0xff,
    0xc0, 0x00, 0x7f, 0xff, 0xf6, 0x00, 0x00, 0x03,
    0xff, 0xff, 0xf8, 0x00, 0x7f, 0xff, 0xf6, 0x00,
    0x00, 0x00, 0x8f, 0xff, 0xff, 0x40, 0x7f, 0xff,
    0xf6, 0x00, 0x00, 0x00, 0x0c, 0xff, 0xff, 0xe1,

    /* U+006C "l" */
    0x7f, 0xff, 0xf6, 0x7f, 0xff, 0xf6, 0x7f, 0xff,
    0xf6, 0x7f, 0xff, 0xf6, 0x7f, 0xff, 0xf6, 0x7f,
    0xff, 0xf6, 0x7f, 0xff, 0xf6, 0x7f, 0xff, 0xf6,
    0x7f, 0xff, 0xf6, 0x7f, 0xff, 0xf6, 0x7f, 0xff,
    0xf6, 0x7f, 0xff, 0xf6, 0x7f, 0xff, 0xf6, 0x7f,
    0xff, 0xf6, 0x7f, 0xff, 0xf6, 0x7f, 0xff, 0xf6,
    0x7f, 0xff, 0xf6, 0x7f, 0xff, 0xf6, 0x7f, 0xff,
    0xf6, 0x7f, 0xff, 0xf6, 0x7f, 0xff, 0xf6, 0x7f,
    0xff, 0xf6, 0x7f, 0xff, 0xf6, 0x7f, 0xff, 0xf6,
    0x7f, 0xff, 0xf6, 0x7f, 0xff, 0xf6, 0x7f, 0xff,
    0xf6, 0x7f, 0xff, 0xf6,

    /* U+006D "m" */
    0x7f, 0xff, 0xf1, 0x01, 0x9d, 0xff, 0xd7, 0x00,
    0x00, 0x01, 0x8d, 0xff, 0xd8, 0x20, 0x00, 0x7f,
    0xff, 0xf2, 0x4f, 0xff, 0xff, 0xff, 0xb0, 0x00,
    0x6f, 0xff, 0xff, 0xff, 0xf5, 0x00, 0x7f, 0xff,
    0xf4, 0xef, 0xff, 0xff, 0xff, 0xf8, 0x06, 0xff,
    0xff, 0xff, 0xff, 0xff, 0x40, 0x7f, 0xff, 0xfc,
    0xff, 0xff, 0xff, 0xff, 0xff, 0x3f, 0xff, 0xff,
    0xff, 0xff, 0xff, 0xe0, 0x7f, 0xff, 0xff, 0xf8,
    0x32, 0x5d, 0xff, 0xff, 0xef, 0xf8, 0x32, 0x5d,
    0xff, 0xff, 0xf4, 0x7f, 0xff, 0xff, 0x40, 0x00,
    0x01, 0xef, 0xff, 0xff, 0x40, 0x00, 0x00, 0xcf,
    0xff, 0xf7, 0x7f, 0xff, 0xfb, 0x00, 0x00, 0x00,
    0x7f, 0xff, 0xfb, 0x00, 0x00, 0x00, 0x5f, 0xff,
    0xf9, 0x7f, 0xff, 0xf7, 0x00, 0x00, 0x00, 0x4f,
    0xff, 0xf8, 0x00, 0x00, 0x00, 0x3f, 0xff, 0xfa,
    0x7f, 0xff, 0xf6, 0x00, 0x00, 0x00, 0x4f, 0xff,
    0xf7, 0x00, 0x00, 0x00, 0x2f, 0xff, 0xfa, 0x7f,
    0xff, 0xf6, 0x00, 0x00, 0x00, 0x4f, 0xff, 0xf7,
    0x00, 0x00, 0x00, 0x2f, 0xff, 0xfa, 0x7f, 0xff,
    0xf6, 0x00, 0x00, 0x00, 0x4f, 0xff, 0xf7, 0x00,
    0x00, 0x00, 0x2f, 0xff, 0xfa, 0x7f, 0xff, 0xf6,
    0x00, 0x00, 0x00, 0x4f, 0xff, 0xf7, 0x00, 0x00,
    0x00, 0x2f, 0xff, 0xfa, 0x7f, 0xff, 0xf6, 0x00,
    0x00, 0x00, 0x4f, 0xff, 0xf7, 0x00, 0x00, 0x00,
    0x2f, 0xff, 0xfa, 0x7f, 0xff, 0xf6, 0x00, 0x00,
    0x00, 0x4f, 0xff, 0xf7, 0x00, 0x00, 0x00, 0x2f,
    0xff, 0xfa, 0x7f, 0xff, 0xf6, 0x00, 0x00, 0x00,
    0x4f, 0xff, 0xf7, 0x00, 0x00, 0x00, 0x2f, 0xff,
    0xfa, 0x7f, 0xff, 0xf6, 0x00, 0x00, 0x00, 0x4f,
    0xff, 0xf7, 0x00, 0x00, 0x00, 0x2f, 0xff, 0xfa,
    0x7f, 0xff, 0xf6, 0x00, 0x00, 0x00, 0x4f, 0xff,
    0xf7, 0x00, 0x00, 0x00, 0x2f, 0xff, 0xfa, 0x7f,
    0xff, 0xf6, 0x00, 0x00, 0x00, 0x4f, 0xff, 0xf7,
    0x00, 0x00, 0x00, 0x2f, 0xff, 0xfa, 0x7f, 0xff,
    0xf6, 0x00, 0x00, 0x00, 0x4f, 0xff, 0xf7, 0x00,
    0x00, 0x00, 0x2f, 0xff, 0xfa, 0x7f, 0xff, 0xf6,
    0x00, 0x00, 0x00, 0x4f, 0xff, 0xf7, 0x00, 0x00,
    0x00, 0x2f, 0xff, 0xfa, 0x7f, 0xff, 0xf6, 0x00,
    0x00, 0x00, 0x4f, 0xff, 0xf7, 0x00, 0x00, 0x00,
    0x2f, 0xff, 0xfa,

    /* U+006E "n" */
    0x7f, 0xff, 0xf2, 0x00, 0x5b, 0xef, 0xec, 0x60,
    0x00, 0x07, 0xff, 0xff, 0x21, 0xcf, 0xff, 0xff,
    0xff, 0xe3, 0x00, 0x7f, 0xff, 0xf2, 0xcf, 0xff,
    0xff, 0xff, 0xff, 0xf1, 0x07, 0xff, 0xff, 0xaf,
    0xff, 0xff, 0xff, 0xff, 0xff, 0xb0, 0x7f, 0xff,
    0xff, 0xfb, 0x42, 0x26, 0xef, 0xff, 0xff, 0x17,
    0xff, 0xff, 0xf8, 0x00, 0x00, 0x02, 0xff, 0xff,
    0xf6, 0x7f, 0xff, 0xfd, 0x00, 0x00, 0x00, 0x08,
    0xff, 0xff, 0x87, 0xff, 0xff, 0x80, 0x00, 0x00,
    0x00, 0x3f, 0xff, 0xfa, 0x7f, 0xff, 0xf6, 0x00,
    0x00, 0x00, 0x02, 0xff, 0xff, 0xb7, 0xff, 0xff,
    0x60, 0x00, 0x00, 0x00, 0x2f, 0xff, 0xfb, 0x7f,
    0xff, 0xf6, 0x00, 0x00, 0x00, 0x02, 0xff, 0xff,
    0xb7, 0xff, 0xff, 0x60, 0x00, 0x00, 0x00, 0x2f,
    0xff, 0xfb, 0x7f, 0xff, 0xf6, 0x00, 0x00, 0x00,
    0x02, 0xff, 0xff, 0xb7, 0xff, 0xff, 0x60, 0x00,
    0x00, 0x00, 0x2f, 0xff, 0xfb, 0x7f, 0xff, 0xf6,
    0x00, 0x00, 0x00, 0x02, 0xff, 0xff, 0xb7, 0xff,
    0xff, 0x60, 0x00, 0x00, 0x00, 0x2f, 0xff, 0xfb,
    0x7f, 0xff, 0xf6, 0x00, 0x00, 0x00, 0x02, 0xff,
    0xff, 0xb7, 0xff, 0xff, 0x60, 0x00, 0x00, 0x00,
    0x2f, 0xff, 0xfb, 0x7f, 0xff, 0xf6, 0x00, 0x00,
    0x00, 0x02, 0xff, 0xff, 0xb7, 0xff, 0xff, 0x60,
    0x00, 0x00, 0x00, 0x2f, 0xff, 0xfb, 0x7f, 0xff,
    0xf6, 0x00, 0x00, 0x00, 0x02, 0xff, 0xff, 0xb0,

    /* U+006F "o" */
    0x00, 0x00, 0x00, 0x49, 0xcf, 0xff, 0xda, 0x40,
    0x00, 0x00, 0x00, 0x00, 0x02, 0xcf, 0xff, 0xff,
    0xff, 0xff, 0xd3, 0x00, 0x00, 0x00, 0x04, 0xff,
    0xff, 0xff, 0xff, 0xff, 0xff, 0xf6, 0x00, 0x00,
    0x03, 0xff, 0xff, 0xff, 0xff, 0xff, 0xff, 0xff,
    0xf4, 0x00, 0x00, 0xdf, 0xff, 0xfe, 0x60, 0x00,
    0x5d, 0xff, 0xff, 0xe0, 0x00, 0x5f, 0xff, 0xfe,
    0x20, 0x00, 0x00, 0x1d, 0xff, 0xff, 0x70, 0x0b,
    0xff, 0xff, 0x70, 0x00, 0x00, 0x00, 0x4f, 0xff,
    0xfd, 0x00, 0xff, 0xff, 0xf0, 0x00, 0x00, 0x00,
    0x00, 0xdf, 0xff, 0xf2, 0x3f, 0xff, 0xfc, 0x00,
    0x00, 0x00, 0x00, 0x09, 0xff, 0xff, 0x54, 0xff,
    0xff, 0xa0, 0x00, 0x00, 0x00, 0x00, 0x7f, 0xff,
    0xf6, 0x5f, 0xff, 0xf9, 0x00, 0x00, 0x00, 0x00,
    0x06, 0xff, 0xff, 0x74, 0xff, 0xff, 0xa0, 0x00,
    0x00, 0x00, 0x00, 0x7f, 0xff, 0xf6, 0x3f, 0xff,
    0xfc, 0x00, 0x00, 0x00, 0x00, 0x09, 0xff, 0xff,
    0x50, 0xff, 0xff, 0xf0, 0x00, 0x00, 0x00, 0x00,
    0xdf, 0xff, 0xf2, 0x0b, 0xff, 0xff, 0x70, 0x00,
    0x00, 0x00, 0x4f, 0xff, 0xfe, 0x00, 0x5f, 0xff,
    0xfe, 0x20, 0x00, 0x00, 0x1d, 0xff, 0xff, 0x70,
    0x00, 0xdf, 0xff, 0xfe, 0x60, 0x00, 0x5d, 0xff,
    0xff, 0xe1, 0x00, 0x03, 0xff, 0xff, 0xff, 0xff,
    0xff, 0xff, 0xff, 0xf4, 0x00, 0x00, 0x04, 0xff,
    0xff, 0xff, 0xff, 0xff, 0xff, 0xf6, 0x00, 0x00,
    0x00, 0x02, 0xcf, 0xff, 0xff, 0xff, 0xff, 0xd3,
    0x00, 0x00, 0x00, 0x00, 0x00, 0x49, 0xdf, 0xff,
    0xda, 0x40, 0x00, 0x00, 0x00,

    /* U+0070 "p" */
    0x7f, 0xff, 0xf4, 0x00, 0x5b, 0xef, 0xec, 0x70,
    0x00, 0x00, 0x07, 0xff, 0xff, 0x40, 0xbf, 0xff,
    0xff, 0xff, 0xe5, 0x00, 0x00, 0x7f, 0xff, 0xf4,
    0xaf, 0xff, 0xff, 0xff, 0xff, 0xf6, 0x00, 0x07,
    0xff, 0xff, 0xaf, 0xff, 0xff, 0xff, 0xff, 0xff,
    0xf3, 0x00, 0x7f, 0xff, 0xff, 0xfc, 0x41, 0x02,
    0x9f, 0xff, 0xff, 0xc0, 0x07, 0xff, 0xff, 0xfc,
    0x00, 0x00, 0x00, 0x6f, 0xff, 0xff, 0x30, 0x7f,
    0xff, 0xff, 0x20, 0x00, 0x00, 0x00, 0xbf, 0xff,
    0xf9, 0x07, 0xff, 0xff, 0xb0, 0x00, 0x00, 0x00,
    0x05, 0xff, 0xff, 0xc0, 0x7f, 0xff, 0xf7, 0x00,
    0x00, 0x00, 0x00, 0x1f, 0xff, 0xff, 0x07, 0xff,
    0xff, 0x50, 0x00, 0x00, 0x00, 0x00, 0xff, 0xff,
    0xf0, 0x7f, 0xff, 0xf5, 0x00, 0x00, 0x00, 0x00,
    0x0e, 0xff, 0xff, 0x17, 0xff, 0xff, 0x60, 0x00,
    0x00, 0x00, 0x00, 0xff, 0xff, 0xf0, 0x7f, 0xff,
    0xf7, 0x00, 0x00, 0x00, 0x00, 0x1f, 0xff, 0xff,
    0x07, 0xff, 0xff, 0xc0, 0x00, 0x00, 0x00, 0x05,
    0xff, 0xff, 0xc0, 0x7f, 0xff, 0xff, 0x20, 0x00,
    0x00, 0x00, 0xcf, 0xff, 0xf9, 0x07, 0xff, 0xff,
    0xfc, 0x00, 0x00, 0x00, 0x7f, 0xff, 0xff, 0x30,
    0x7f, 0xff, 0xff, 0xfc, 0x41, 0x02, 0x9f, 0xff,
    0xff, 0xc0, 0x07, 0xff, 0xff, 0xbf, 0xff, 0xff,
    0xff, 0xff, 0xff, 0xf3, 0x00, 0x7f, 0xff, 0xf6,
    0xaf, 0xff, 0xff, 0xff, 0xff, 0xf6, 0x00, 0x07,
    0xff, 0xff, 0x60, 0xbf, 0xff, 0xff, 0xff, 0xe5,
    0x00, 0x00, 0x7f, 0xff, 0xf6, 0x00, 0x5b, 0xef,
    0xec, 0x70, 0x00, 0x00, 0x07, 0xff, 0xff, 0x60,
    0x00, 0x00, 0x00, 0x00, 0x00, 0x00, 0x00, 0x7f,
    0xff, 0xf6, 0x00, 0x00, 0x00, 0x00, 0x00, 0x00,
    0x00, 0x07, 0xff, 0xff, 0x60, 0x00, 0x00, 0x00,
    0x00, 0x00, 0x00, 0x00, 0x7f, 0xff, 0xf6, 0x00,
    0x00, 0x00, 0x00, 0x00, 0x00, 0x00, 0x07, 0xff,
    0xff, 0x60, 0x00, 0x00, 0x00, 0x00, 0x00, 0x00,
    0x00, 0x7f, 0xff, 0xf6, 0x00, 0x00, 0x00, 0x00,
    0x00, 0x00, 0x00, 0x07, 0xff, 0xff, 0x60, 0x00,
    0x00, 0x00, 0x00, 0x00, 0x00, 0x00, 0x7f, 0xff,
    0xf6, 0x00, 0x00, 0x00, 0x00, 0x00, 0x00, 0x00,
    0x00,

    /* U+0071 "q" */
    0x00, 0x00, 0x02, 0x8d, 0xff, 0xe9, 0x30, 0x09,
    0xff, 0xff, 0x20, 0x00, 0x08, 0xff, 0xff, 0xff,
    0xff, 0x70, 0x9f, 0xff, 0xf2, 0x00, 0x0a, 0xff,
    0xff, 0xff, 0xff, 0xff, 0x69, 0xff, 0xff, 0x20,
    0x07, 0xff, 0xff, 0xff, 0xff, 0xff, 0xff, 0xbf,
    0xff, 0xf2, 0x01, 0xff, 0xff, 0xfe, 0x71, 0x01,
    0x6e, 0xff, 0xff, 0xff, 0x20, 0x8f, 0xff, 0xff,
    0x30, 0x00, 0x00, 0x2e, 0xff, 0xff, 0xf2, 0x0d,
    0xff, 0xff, 0x70, 0x00, 0x00, 0x00, 0x6f, 0xff,
    0xff, 0x21, 0xff, 0xff, 0xf0, 0x00, 0x00, 0x00,
    0x00, 0xff, 0xff, 0xf2, 0x3f, 0xff, 0xfc, 0x00,
    0x00, 0x00, 0x00, 0x0c, 0xff, 0xff, 0x24, 0xff,
    0xff, 0xa0, 0x00, 0x00, 0x00, 0x00, 0xaf, 0xff,
    0xf2, 0x5f, 0xff, 0xf9, 0x00, 0x00, 0x00, 0x00,
    0x09, 0xff, 0xff, 0x24, 0xff, 0xff, 0xa0, 0x00,
    0x00, 0x00, 0x00, 0xaf, 0xff, 0xf2, 0x3f, 0xff,
    0xfc, 0x00, 0x00, 0x00, 0x00, 0x0c, 0xff, 0xff,
    0x21, 0xff, 0xff, 0xf1, 0x00, 0x00, 0x00, 0x00,
    0xff, 0xff, 0xf2, 0x0d, 0xff, 0xff, 0x70, 0x00,
    0x00, 0x00, 0x7f, 0xff, 0xff, 0x20, 0x8f, 0xff,
    0xff, 0x30, 0x00, 0x00, 0x2e, 0xff, 0xff, 0xf2,
    0x01, 0xff, 0xff, 0xff, 0x71, 0x01, 0x6e, 0xff,
    0xff, 0xff, 0x20, 0x07, 0xff, 0xff, 0xff, 0xff,
    0xff, 0xff, 0xcf, 0xff, 0xf2, 0x00, 0x0a, 0xff,
    0xff, 0xff, 0xff, 0xff, 0x6a, 0xff, 0xff, 0x20,
    0x00, 0x08, 0xff, 0xff, 0xff, 0xff, 0x70, 0xaf,
    0xff, 0xf2, 0x00, 0x00, 0x02, 0x8d, 0xff, 0xea,
    0x30, 0x0a, 0xff, 0xff, 0x20, 0x00, 0x00, 0x00,
    0x00, 0x00, 0x00, 0x00, 0xaf, 0xff, 0xf2, 0x00,
    0x00, 0x00, 0x00, 0x00, 0x00, 0x00, 0x0a, 0xff,
    0xff, 0x20, 0x00, 0x00, 0x00, 0x00, 0x00, 0x00,
    0x00, 0xaf, 0xff, 0xf2, 0x00, 0x00, 0x00, 0x00,
    0x00, 0x00, 0x00, 0x0a, 0xff, 0xff, 0x20, 0x00,
    0x00, 0x00, 0x00, 0x00, 0x00, 0x00, 0xaf, 0xff,
    0xf2, 0x00, 0x00, 0x00, 0x00, 0x00, 0x00, 0x00,
    0x0a, 0xff, 0xff, 0x20, 0x00, 0x00, 0x00, 0x00,
    0x00, 0x00, 0x00, 0xaf, 0xff, 0xf2, 0x00, 0x00,
    0x00, 0x00, 0x00, 0x00, 0x00, 0x0a, 0xff, 0xff,
    0x20,

    /* U+0072 "r" */
    0x7f, 0xff, 0xf3, 0x01, 0x9d, 0xff, 0x57, 0xff,
    0xff, 0x33, 0xef, 0xff, 0xf5, 0x7f, 0xff, 0xf4,
    0xef, 0xff, 0xff, 0x57, 0xff, 0xff, 0xbf, 0xff,
    0xff, 0xf5, 0x7f, 0xff, 0xff, 0xfe, 0x96, 0x56,
    0x27, 0xff, 0xff, 0xfc, 0x10, 0x00, 0x00, 0x7f,
    0xff, 0xfe, 0x10, 0x00, 0x00, 0x07, 0xff, 0xff,
    0x90, 0x00, 0x00, 0x00, 0x7f, 0xff, 0xf6, 0x00,
    0x00, 0x00, 0x07, 0xff, 0xff, 0x60, 0x00, 0x00,
    0x00, 0x7f, 0xff, 0xf6, 0x00, 0x00, 0x00, 0x07,
    0xff, 0xff, 0x60, 0x00, 0x00, 0x00, 0x7f, 0xff,
    0xf6, 0x00, 0x00, 0x00, 0x07, 0xff, 0xff, 0x60,
    0x00, 0x00, 0x00, 0x7f, 0xff, 0xf6, 0x00, 0x00,
    0x00, 0x07, 0xff, 0xff, 0x60, 0x00, 0x00, 0x00,
    0x7f, 0xff, 0xf6, 0x00, 0x00, 0x00, 0x07, 0xff,
    0xff, 0x60, 0x00, 0x00, 0x00, 0x7f, 0xff, 0xf6,
    0x00, 0x00, 0x00, 0x07, 0xff, 0xff, 0x60, 0x00,
    0x00, 0x00, 0x7f, 0xff, 0xf6, 0x00, 0x00, 0x00,
    0x00,

    /* U+0073 "s" */
    0x00, 0x00, 0x04, 0x9d, 0xef, 0xed, 0xa5, 0x00,
    0x00, 0x00, 0x00, 0x4d, 0xff, 0xff, 0xff, 0xff,
    0xfd, 0x40, 0x00, 0x00, 0x5f, 0xff, 0xff, 0xff,
    0xff, 0xff, 0xff, 0x50, 0x00, 0x2f, 0xff, 0xff,
    0xfb, 0xab, 0xef, 0xff, 0xff, 0x10, 0x08, 0xff,
    0xff, 0xb1, 0x00, 0x00, 0x9f, 0xff, 0xf8, 0x00,
    0xbf, 0xff, 0xf1, 0x00, 0x00, 0x00, 0xce, 0xb8,
    0x40, 0x0c, 0xff, 0xff, 0x20, 0x00, 0x00, 0x00,
    0x00, 0x00, 0x00, 0x9f, 0xff, 0xfc, 0x20, 0x00,
    0x00, 0x00, 0x00, 0x00, 0x04, 0xff, 0xff, 0xff,
    0xc9, 0x52, 0x00, 0x00, 0x00, 0x00, 0x09, 0xff,
    0xff, 0xff, 0xff, 0xfe, 0xa5, 0x00, 0x00, 0x00,
    0x07, 0xff, 0xff, 0xff, 0xff, 0xff, 0xfe, 0x40,
    0x00, 0x00, 0x01, 0x6b, 0xef, 0xff, 0xff, 0xff,
    0xff, 0x40, 0x00, 0x00, 0x00, 0x00, 0x25, 0x8d,
    0xff, 0xff, 0xfe, 0x00, 0x00, 0x00, 0x00, 0x00,
    0x00, 0x06, 0xff, 0xff, 0xf3, 0x00, 0x25, 0x82,
    0x00, 0x00, 0x00, 0x0b, 0xff, 0xff, 0x43, 0xff,
    0xff, 0xa0, 0x00, 0x00, 0x00, 0xcf, 0xff, 0xf3,
    0x0e, 0xff, 0xff, 0x91, 0x00, 0x01, 0x8f, 0xff,
    0xfe, 0x00, 0x6f, 0xff, 0xff, 0xfc, 0xbc, 0xff,
    0xff, 0xff, 0x60, 0x00, 0xaf, 0xff, 0xff, 0xff,
    0xff, 0xff, 0xff, 0x80, 0x00, 0x00, 0x7e, 0xff,
    0xff, 0xff, 0xff, 0xfe, 0x60, 0x00, 0x00, 0x00,
    0x06, 0xad, 0xef, 0xed, 0x95, 0x00, 0x00, 0x00,

    /* U+0074 "t" */
    0x00, 0x0a, 0xff, 0xff, 0x20, 0x00, 0x00, 0x00,
    0xaf, 0xff, 0xf2, 0x00, 0x00, 0x00, 0x0a, 0xff,
    0xff, 0x20, 0x00, 0x00, 0x00, 0xaf, 0xff, 0xf2,
    0x00, 0x00, 0x00, 0x0a, 0xff, 0xff, 0x20, 0x00,
    0x0a, 0xff, 0xff, 0xff, 0xff, 0xff, 0xf2, 0xaf,
    0xff, 0xff, 0xff, 0xff, 0xff, 0x2a, 0xff, 0xff,
    0xff, 0xff, 0xff, 0xf2, 0x7c, 0xcf, 0xff, 0xff,
    0xfc, 0xcc, 0x10, 0x00, 0xaf, 0xff, 0xf2, 0x00,
    0x00, 0x00, 0x0a, 0xff, 0xff, 0x20, 0x00, 0x00,
    0x00, 0xaf, 0xff, 0xf2, 0x00, 0x00, 0x00, 0x0a,
    0xff, 0xff, 0x20, 0x00, 0x00, 0x00, 0xaf, 0xff,
    0xf2, 0x00, 0x00, 0x00, 0x0a, 0xff, 0xff, 0x20,
    0x00, 0x00, 0x00, 0xaf, 0xff, 0xf2, 0x00, 0x00,
    0x00, 0x0a, 0xff, 0xff, 0x20, 0x00, 0x00, 0x00,
    0xaf, 0xff, 0xf2, 0x00, 0x00, 0x00, 0x0a, 0xff,
    0xff, 0x20, 0x00, 0x00, 0x00, 0xaf, 0xff, 0xf2,
    0x00, 0x00, 0x00, 0x0a, 0xff, 0xff, 0x30, 0x00,
    0x00, 0x00, 0x9f, 0xff, 0xfa, 0x00, 0x10, 0x00,
    0x05, 0xff, 0xff, 0xff, 0xff, 0x10, 0x00, 0x0d,
    0xff, 0xff, 0xff, 0xf4, 0x00, 0x00, 0x2e, 0xff,
    0xff, 0xff, 0x80, 0x00, 0x00, 0x07, 0xce, 0xff,
    0xd6,

    /* U+0075 "u" */
    0x7f, 0xff, 0xf6, 0x00, 0x00, 0x00, 0x02, 0xff,
    0xff, 0xb7, 0xff, 0xff, 0x60, 0x00, 0x00, 0x00,
    0x2f, 0xff, 0xfb, 0x7f, 0xff, 0xf6, 0x00, 0x00,
    0x00, 0x02, 0xff, 0xff, 0xb7, 0xff, 0xff, 0x60,
    0x00, 0x00, 0x00, 0x2f, 0xff, 0xfb, 0x7f, 0xff,
    0xf6, 0x00, 0x00, 0x00, 0x02, 0xff, 0xff, 0xb7,
    0xff, 0xff, 0x60, 0x00, 0x00, 0x00, 0x2f, 0xff,
    0xfb, 0x7f, 0xff, 0xf6, 0x00, 0x00, 0x00, 0x02,
    0xff, 0xff, 0xb7, 0xff, 0xff, 0x60, 0x00, 0x00,
    0x00, 0x2f, 0xff, 0xfb, 0x7f, 0xff, 0xf6, 0x00,
    0x00, 0x00, 0x02, 0xff, 0xff, 0xb7, 0xff, 0xff,
    0x60, 0x00, 0x00, 0x00, 0x2f, 0xff, 0xfb, 0x7f,
    0xff, 0xf6, 0x00, 0x00, 0x00, 0x02, 0xff, 0xff,
    0xb7, 0xff, 0xff, 0x60, 0x00, 0x00, 0x00, 0x2f,
    0xff, 0xfb, 0x7f, 0xff, 0xf6, 0x00, 0x00, 0x00,
    0x02, 0xff, 0xff, 0xb6, 0xff, 0xff, 0x70, 0x00,
    0x00, 0x00, 0x4f, 0xff, 0xfb, 0x5f, 0xff, 0xfc,
    0x00, 0x00, 0x00, 0x0a, 0xff, 0xff, 0xb2, 0xff,
    0xff, 0xf5, 0x00, 0x00, 0x04, 0xff, 0xff, 0xfb,
    0x0d, 0xff, 0xff, 0xf8, 0x32, 0x39, 0xff, 0xff,
    0xff, 0xb0, 0x7f, 0xff, 0xff, 0xff, 0xff, 0xff,
    0xbe, 0xff, 0xfb, 0x00, 0xcf, 0xff, 0xff, 0xff,
    0xff, 0xe2, 0xef, 0xff, 0xb0, 0x01, 0xbf, 0xff,
    0xff, 0xff, 0xe3, 0x0e, 0xff, 0xfb, 0x00, 0x00,
    0x5b, 0xdf, 0xfc, 0x70, 0x00, 0xef, 0xff, 0xb0,

    /* U+0076 "v" */
    0x1f, 0xff, 0xff, 0x10, 0x00, 0x00, 0x00, 0x00,
    0xaf, 0xff, 0xf6, 0x0b, 0xff, 0xff, 0x50, 0x00,
    0x00, 0x00, 0x00, 0xff, 0xff, 0xf1, 0x05, 0xff,
    0xff, 0xb0, 0x00, 0x00, 0x00, 0x05, 0xff, 0xff,
    0xa0, 0x00, 0xff, 0xff, 0xf0, 0x00, 0x00, 0x00,
    0x0a, 0xff, 0xff, 0x40, 0x00, 0xaf, 0xff, 0xf5,
    0x00, 0x00, 0x00, 0x0f, 0xff, 0xfe, 0x00, 0x00,
    0x4f, 0xff, 0xfb, 0x00, 0x00, 0x00, 0x5f, 0xff,
    0xf9, 0x00, 0x00, 0x0e, 0xff, 0xff, 0x00, 0x00,
    0x00, 0xaf, 0xff, 0xf3, 0x00, 0x00, 0x08, 0xff,
    0xff, 0x50, 0x00, 0x00, 0xff, 0xff, 0xd0, 0x00,
    0x00, 0x02, 0xff, 0xff, 0xb0, 0x00, 0x05, 0xff,
    0xff, 0x70, 0x00, 0x00, 0x00, 0xcf, 0xff, 0xf0,
    0x00, 0x0a, 0xff, 0xff, 0x10, 0x00, 0x00, 0x00,
    0x6f, 0xff, 0xf5, 0x00, 0x0f, 0xff, 0xfb, 0x00,
    0x00, 0x00, 0x00, 0x1f, 0xff, 0xfb, 0x00, 0x5f,
    0xff, 0xf5, 0x00, 0x00, 0x00, 0x00, 0x0b, 0xff,
    0xff, 0x00, 0x9f, 0xff, 0xf0, 0x00, 0x00, 0x00,
    0x00, 0x05, 0xff, 0xff, 0x40, 0xef, 0xff, 0x90,
    0x00, 0x00, 0x00, 0x00, 0x00, 0xef, 0xff, 0x82,
    0xff, 0xff, 0x30, 0x00, 0x00, 0x00, 0x00, 0x00,
    0x9f, 0xff, 0xd6, 0xff, 0xfd, 0x00, 0x00, 0x00,
    0x00, 0x00, 0x00, 0x3f, 0xff, 0xfb, 0xff, 0xf8,
    0x00, 0x00, 0x00, 0x00, 0x00, 0x00, 0x0d, 0xff,
    0xff, 0xff, 0xf2, 0x00, 0x00, 0x00, 0x00, 0x00,
    0x00, 0x07, 0xff, 0xff, 0xff, 0xc0, 0x00, 0x00,
    0x00, 0x00, 0x00, 0x00, 0x01, 0xff, 0xff, 0xff,
    0x60, 0x00, 0x00, 0x00, 0x00, 0x00, 0x00, 0x00,
    0xbf, 0xff, 0xff, 0x00, 0x00, 0x00, 0x00,

    /* U+0077 "w" */
    0x0f, 0xff, 0xff, 0x00, 0x00, 0x00, 0x07, 0xff,
    0xff, 0x60, 0x00, 0x00, 0x02, 0xff, 0xff, 0xe0,
    0x0b, 0xff, 0xff, 0x40, 0x00, 0x00, 0x0b, 0xff,
    0xff, 0xa0, 0x00, 0x00, 0x06, 0xff, 0xff, 0xa0,
    0x07, 0xff, 0xff, 0x80, 0x00, 0x00, 0x0f, 0xff,
    0xff, 0xe0, 0x00, 0x00, 0x0a, 0xff, 0xff, 0x50,
    0x02, 0xff, 0xff, 0xc0, 0x00, 0x00, 0x3f, 0xff,
    0xff, 0xf2, 0x00, 0x00, 0x0e, 0xff, 0xff, 0x00,
    0x00, 0xdf, 0xff, 0xf0, 0x00, 0x00, 0x7f, 0xff,
    0xff, 0xf6, 0x00, 0x00, 0x2f, 0xff, 0xfb, 0x00,
    0x00, 0x9f, 0xff, 0xf4, 0x00, 0x00, 0xbf, 0xff,
    0xff, 0xfa, 0x00, 0x00, 0x6f, 0xff, 0xf7, 0x00,
    0x00, 0x4f, 0xff, 0xf8, 0x00, 0x00, 0xff, 0xfb,
    0xdf, 0xfe, 0x00, 0x00, 0xaf, 0xff, 0xf2, 0x00,
    0x00, 0x0f, 0xff, 0xfc, 0x00, 0x03, 0xff, 0xf8,
    0xaf, 0xff, 0x20, 0x00, 0xef, 0xff, 0xd0, 0x00,
    0x00, 0x0a, 0xff, 0xff, 0x00, 0x07, 0xff, 0xf4,
    0x6f, 0xff, 0x60, 0x02, 0xff, 0xff, 0x90, 0x00,
    0x00, 0x06, 0xff, 0xff, 0x30, 0x0b, 0xff, 0xf1,
    0x3f, 0xff, 0x90, 0x06, 0xff, 0xff, 0x40, 0x00,
    0x00, 0x01, 0xff, 0xff, 0x70, 0x0f, 0xff, 0xc0,
    0x0e, 0xff, 0xd0, 0x09, 0xff, 0xff, 0x00, 0x00,
    0x00, 0x00, 0xcf, 0xff, 0xa0, 0x3f, 0xff, 0x80,
    0x0a, 0xff, 0xf1, 0x0d, 0xff, 0xfa, 0x00, 0x00,
    0x00, 0x00, 0x8f, 0xff, 0xe0, 0x7f, 0xff, 0x40,
    0x06, 0xff, 0xf5, 0x0f, 0xff, 0xf6, 0x00, 0x00,
    0x00, 0x00, 0x3f, 0xff, 0xf2, 0xaf, 0xff, 0x00,
    0x01, 0xff, 0xf8, 0x4f, 0xff, 0xf1, 0x00, 0x00,
    0x00, 0x00, 0x0e, 0xff, 0xf5, 0xef, 0xfb, 0x00,
    0x00, 0xdf, 0xfc, 0x7f, 0xff, 0xc0, 0x00, 0x00,
    0x00, 0x00, 0x09, 0xff, 0xfa, 0xff, 0xf7, 0x00,
    0x00, 0x8f, 0xff, 0xaf, 0xff, 0x70, 0x00, 0x00,
    0x00, 0x00, 0x05, 0xff, 0xff, 0xff, 0xf2, 0x00,
    0x00, 0x4f, 0xff, 0xff, 0xff, 0x30, 0x00, 0x00,
    0x00, 0x00, 0x00, 0xff, 0xff, 0xff, 0xd0, 0x00,
    0x00, 0x0f, 0xff, 0xff, 0xfe, 0x00, 0x00, 0x00,
    0x00, 0x00, 0x00, 0xbf, 0xff, 0xff, 0x90, 0x00,
    0x00, 0x0b, 0xff, 0xff, 0xf9, 0x00, 0x00, 0x00,
    0x00, 0x00, 0x00, 0x7f, 0xff, 0xff, 0x40, 0x00,
    0x00, 0x06, 0xff, 0xff, 0xf5, 0x00, 0x00, 0x00,
    0x00, 0x00, 0x00, 0x2f, 0xff, 0xff, 0x00, 0x00,
    0x00, 0x02, 0xff, 0xff, 0xf0, 0x00, 0x00, 0x00,

    /* U+0078 "x" */
    0x05, 0xff, 0xff, 0xe0, 0x00, 0x00, 0x00, 0x2f,
    0xff, 0xff, 0x10, 0x0b, 0xff, 0xff, 0x80, 0x00,
    0x00, 0x0b, 0xff, 0xff, 0x60, 0x00, 0x1f, 0xff,
    0xff, 0x20, 0x00, 0x05, 0xff, 0xff, 0xc0, 0x00,
    0x00, 0x7f, 0xff, 0xfb, 0x00, 0x00, 0xef, 0xff,
    0xf2, 0x00, 0x00, 0x00, 0xcf, 0xff, 0xf4, 0x00,
    0x8f, 0xff, 0xf8, 0x00, 0x00, 0x00, 0x03, 0xff,
    0xff, 0xc0, 0x1f, 0xff, 0xfd, 0x00, 0x00, 0x00,
    0x00, 0x08, 0xff, 0xff, 0x48, 0xff, 0xff, 0x30,
    0x00, 0x00, 0x00, 0x00, 0x0e, 0xff, 0xfe, 0xff,
    0xff, 0x90, 0x00, 0x00, 0x00, 0x00, 0x00, 0x4f,
    0xff, 0xff, 0xff, 0xe1, 0x00, 0x00, 0x00, 0x00,
    0x00, 0x00, 0xaf, 0xff, 0xff, 0xf5, 0x00, 0x00,
    0x00, 0x00, 0x00, 0x00, 0x07, 0xff, 0xff, 0xff,
    0x00, 0x00, 0x00, 0x00, 0x00, 0x00, 0x01, 0xef,
    0xff, 0xff, 0xf8, 0x00, 0x00, 0x00, 0x00, 0x00,
    0x00, 0xaf, 0xff, 0xff, 0xff, 0xf3, 0x00, 0x00,
    0x00, 0x00, 0x00, 0x4f, 0xff, 0xf6, 0xdf, 0xff,
    0xd0, 0x00, 0x00, 0x00, 0x00, 0x0e, 0xff, 0xfd,
    0x05, 0xff, 0xff, 0x70, 0x00, 0x00, 0x00, 0x09,
    0xff, 0xff, 0x50, 0x0d, 0xff, 0xff, 0x20, 0x00,
    0x00, 0x03, 0xff, 0xff, 0xd0, 0x00, 0x4f, 0xff,
    0xfc, 0x00, 0x00, 0x00, 0xdf, 0xff, 0xf4, 0x00,
    0x00, 0xbf, 0xff, 0xf6, 0x00, 0x00, 0x7f, 0xff,
    0xfa, 0x00, 0x00, 0x02, 0xff, 0xff, 0xf1, 0x00,
    0x2f, 0xff, 0xff, 0x10, 0x00, 0x00, 0x07, 0xff,
    0xff, 0xb0, 0x0c, 0xff, 0xff, 0x70, 0x00, 0x00,
    0x00, 0x0d, 0xff, 0xff, 0x50,

    /* U+0079 "y" */
    0x1f, 0xff, 0xff, 0x10, 0x00, 0x00, 0x00, 0x00,
    0xaf, 0xff, 0xf7, 0x0b, 0xff, 0xff, 0x50, 0x00,
    0x00, 0x00, 0x00, 0xff, 0xff, 0xf1, 0x05, 0xff,
    0xff, 0xb0, 0x00, 0x00, 0x00, 0x05, 0xff, 0xff,
    0xb0, 0x00, 0xff, 0xff, 0xf0, 0x00, 0x00, 0x00,
    0x0a, 0xff, 0xff, 0x50, 0x00, 0x9f, 0xff, 0xf5,
    0x00, 0x00, 0x00, 0x0f, 0xff, 0xfe, 0x00, 0x00,
    0x3f, 0xff, 0xfb, 0x00, 0x00, 0x00, 0x5f, 0xff,
    0xf9, 0x00, 0x00, 0x0d, 0xff, 0xff, 0x00, 0x00,
    0x00, 0xbf, 0xff, 0xf3, 0x00, 0x00, 0x07, 0xff,
    0xff, 0x50, 0x00, 0x00, 0xff, 0xff, 0xd0, 0x00,
    0x00, 0x02, 0xff, 0xff, 0xb0, 0x00, 0x06, 0xff,
    0xff, 0x70, 0x00, 0x00, 0x00, 0xcf, 0xff, 0xf0,
    0x00, 0x0b, 0xff, 0xff, 0x10, 0x00, 0x00, 0x00,
    0x6f, 0xff, 0xf5, 0x00, 0x1f, 0xff, 0xfb, 0x00,
    0x00, 0x00, 0x00, 0x0f, 0xff, 0xfa, 0x00, 0x6f,
    0xff, 0xf5, 0x00, 0x00, 0x00, 0x00, 0x0a, 0xff,
    0xff, 0x00, 0xbf, 0xff, 0xe0, 0x00, 0x00, 0x00,
    0x00, 0x04, 0xff, 0xff, 0x30, 0xff, 0xff, 0x90,
    0x00, 0x00, 0x00, 0x00, 0x00, 0xef, 0xff, 0x74,
    0xff, 0xff, 0x30, 0x00, 0x00, 0x00, 0x00, 0x00,
    0x8f, 0xff, 0xc8, 0xff, 0xfd, 0x00, 0x00, 0x00,
    0x00, 0x00, 0x00, 0x2f, 0xff, 0xfd, 0xff, 0xf7,
    0x00, 0x00, 0x00, 0x00, 0x00, 0x00, 0x0c, 0xff,
    0xff, 0xff, 0xf1, 0x00, 0x00, 0x00, 0x00, 0x00,
    0x00, 0x06, 0xff, 0xff, 0xff, 0xb0, 0x00, 0x00,
    0x00, 0x00, 0x00, 0x00, 0x01, 0xff, 0xff, 0xff,
    0x50, 0x00, 0x00, 0x00, 0x00, 0x00, 0x00, 0x00,
    0xaf, 0xff, 0xfe, 0x00, 0x00, 0x00, 0x00, 0x00,
    0x00, 0x00, 0x00, 0x8f, 0xff, 0xf8, 0x00, 0x00,
    0x00, 0x00, 0x00, 0x00, 0x00, 0x00, 0xcf, 0xff,
    0xf2, 0x00, 0x00, 0x00, 0x00, 0x00, 0x00, 0x00,
    0x02, 0xff, 0xff, 0xc0, 0x00, 0x00, 0x00, 0x00,
    0x00, 0x02, 0x10, 0x2c, 0xff, 0xff, 0x50, 0x00,
    0x00, 0x00, 0x00, 0x00, 0x0c, 0xff, 0xff, 0xff,
    0xfd, 0x00, 0x00, 0x00, 0x00, 0x00, 0x00, 0x1f,
    0xff, 0xff, 0xff, 0xf3, 0x00, 0x00, 0x00, 0x00,
    0x00, 0x00, 0x5f, 0xff, 0xff, 0xfe, 0x40, 0x00,
    0x00, 0x00, 0x00, 0x00, 0x00, 0x5c, 0xef, 0xec,
    0x71, 0x00, 0x00, 0x00, 0x00, 0x00, 0x00,

    /* U+007A "z" */
    0x6f, 0xff, 0xff, 0xff, 0xff, 0xff, 0xff, 0xff,
    0xe0, 0x6f, 0xff, 0xff, 0xff, 0xff, 0xff, 0xff,
    0xff, 0xe0, 0x6f, 0xff, 0xff, 0xff, 0xff, 0xff,
    0xff, 0xff, 0xe0, 0x6f, 0xff, 0xff, 0xff, 0xff,
    0xff, 0xff, 0xff, 0xb0, 0x02, 0x22, 0x22, 0x22,
    0x22, 0x7f, 0xff, 0xfe, 0x10, 0x00, 0x00, 0x00,
    0x00, 0x02, 0xff, 0xff, 0xf4, 0x00, 0x00, 0x00,
    0x00, 0x00, 0x0d, 0xff, 0xff, 0x80, 0x00, 0x00,
    0x00, 0x00, 0x00, 0xaf, 0xff, 0xfc, 0x00, 0x00,
    0x00, 0x00, 0x00, 0x06, 0xff, 0xff, 0xe1, 0x00,
    0x00, 0x00, 0x00, 0x00, 0x3f, 0xff, 0xff, 0x40,
    0x00, 0x00, 0x00, 0x00, 0x01, 0xef, 0xff, 0xf8,
    0x00, 0x00, 0x00, 0x00, 0x00, 0x0b, 0xff, 0xff,
    0xb0, 0x00, 0x00, 0x00, 0x00, 0x00, 0x8f, 0xff,
    0xfe, 0x10, 0x00, 0x00, 0x00, 0x00, 0x04, 0xff,
    0xff, 0xf4, 0x00, 0x00, 0x00, 0x00, 0x00, 0x2f,
    0xff, 0xff, 0x70, 0x00, 0x00, 0x00, 0x00, 0x00,
    0xdf, 0xff, 0xfb, 0x00, 0x00, 0x00, 0x00, 0x00,
    0x0a, 0xff, 0xff, 0xe2, 0x11, 0x11, 0x11, 0x11,
    0x10, 0x6f, 0xff, 0xff, 0xff, 0xff, 0xff, 0xff,
    0xff, 0xf3, 0xbf, 0xff, 0xff, 0xff, 0xff, 0xff,
    0xff, 0xff, 0xf3, 0xbf, 0xff, 0xff, 0xff, 0xff,
    0xff, 0xff, 0xff, 0xf3, 0xbf, 0xff, 0xff, 0xff,
    0xff, 0xff, 0xff, 0xff, 0xf3,

    /* U+007B "{" */
    0x00, 0x00, 0x00, 0x00, 0x15, 0x8a, 0xb2, 0x00,
    0x00, 0x00, 0x08, 0xff, 0xff, 0xf4, 0x00, 0x00,
    0x00, 0xbf, 0xff, 0xff, 0xf4, 0x00, 0x00, 0x06,
    0xff, 0xff, 0xff, 0xf4, 0x00, 0x00, 0x0d, 0xff,
    0xff, 0xa3, 0x00, 0x00, 0x00, 0x1f, 0xff, 0xfb,
    0x00, 0x00, 0x00, 0x00, 0x3f, 0xff, 0xf5, 0x00,
    0x00, 0x00, 0x00, 0x4f, 0xff, 0xf3, 0x00, 0x00,
    0x00, 0x00, 0x4f, 0xff, 0xf3, 0x00, 0x00, 0x00,
    0x00, 0x4f, 0xff, 0xf3, 0x00, 0x00, 0x00, 0x00,
    0x4f, 0xff, 0xf3, 0x00, 0x00, 0x00, 0x00, 0x4f,
    0xff, 0xf3, 0x00, 0x00, 0x00, 0x00, 0x5f, 0xff,
    0xf2, 0x00, 0x00, 0x00, 0x00, 0x9f, 0xff, 0xf1,
    0x00, 0x00, 0x00, 0x03, 0xff, 0xff, 0xd0, 0x00,
    0x00, 0x5f, 0xff, 0xff, 0xff, 0x40, 0x00, 0x00,
    0xcf, 0xff, 0xff, 0xc3, 0x00, 0x00, 0x00, 0xff,
    0xff, 0xf4, 0x00, 0x00, 0x00, 0x00, 0xcf, 0xff,
    0xff, 0xc3, 0x00, 0x00, 0x00, 0xcf, 0xff, 0xff,
    0xff, 0x30, 0x00, 0x00, 0x00, 0x3b, 0xff, 0xff,
    0xc0, 0x00, 0x00, 0x00, 0x00, 0xdf, 0xff, 0xf1,
    0x00, 0x00, 0x00, 0x00, 0x7f, 0xff, 0xf2, 0x00,
    0x00, 0x00, 0x00, 0x5f, 0xff, 0xf3, 0x00, 0x00,
    0x00, 0x00, 0x4f, 0xff, 0xf3, 0x00, 0x00, 0x00,
    0x00, 0x4f, 0xff, 0xf3, 0x00, 0x00, 0x00, 0x00,
    0x4f, 0xff, 0xf3, 0x00, 0x00, 0x00, 0x00, 0x4f,
    0xff, 0xf3, 0x00, 0x00, 0x00, 0x00, 0x3f, 0xff,
    0xf4, 0x00, 0x00, 0x00, 0x00, 0x2f, 0xff, 0xf9,
    0x00, 0x00, 0x00, 0x00, 0x0e, 0xff, 0xff, 0x50,
    0x00, 0x00, 0x00, 0x09, 0xff, 0xff, 0xfe, 0xb2,
    0x00, 0x00, 0x01, 0xef, 0xff, 0xff, 0xf4, 0x00,
    0x00, 0x00, 0x2d, 0xff, 0xff, 0xf4, 0x00, 0x00,
    0x00, 0x00, 0x5a, 0xce, 0xf3,

    /* U+007C "|" */
    0x38, 0x88, 0x80, 0x7f, 0xff, 0xf1, 0x7f, 0xff,
    0xf1, 0x7f, 0xff, 0xf1, 0x7f, 0xff, 0xf1, 0x7f,
    0xff, 0xf1, 0x7f, 0xff, 0xf1, 0x7f, 0xff, 0xf1,
    0x7f, 0xff, 0xf1, 0x7f, 0xff, 0xf1, 0x7f, 0xff,
    0xf1, 0x7f, 0xff, 0xf1, 0x7f, 0xff, 0xf1, 0x7f,
    0xff, 0xf1, 0x7f, 0xff, 0xf1, 0x7f, 0xff, 0xf1,
    0x7f, 0xff, 0xf1, 0x7f, 0xff, 0xf1, 0x7f, 0xff,
    0xf1, 0x7f, 0xff, 0xf1, 0x7f, 0xff, 0xf1, 0x7f,
    0xff, 0xf1, 0x7f, 0xff, 0xf1, 0x7f, 0xff, 0xf1,
    0x7f, 0xff, 0xf1, 0x7f, 0xff, 0xf1, 0x7f, 0xff,
    0xf1, 0x7f, 0xff, 0xf1, 0x7f, 0xff, 0xf1, 0x7f,
    0xff, 0xf1, 0x7f, 0xff, 0xf1, 0x7f, 0xff, 0xf1,
    0x7f, 0xff, 0xf1, 0x7f, 0xff, 0xf1, 0x7f, 0xff,
    0xf1, 0x7f, 0xff, 0xf1, 0x7f, 0xff, 0xf1, 0x7f,
    0xff, 0xf1, 0x7f, 0xff, 0xf1, 0x7f, 0xff, 0xf1,
    0x7f, 0xff, 0xf1, 0x7f, 0xff, 0xf1, 0x7f, 0xff,
    0xf1, 0x7f, 0xff, 0xf1, 0x7f, 0xff, 0xf1, 0x7f,
    0xff, 0xf1,

    /* U+007D "}" */
    0xba, 0x96, 0x20, 0x00, 0x00, 0x00, 0x0f, 0xff,
    0xff, 0xb2, 0x00, 0x00, 0x00, 0xff, 0xff, 0xff,
    0xe1, 0x00, 0x00, 0x0f, 0xff, 0xff, 0xff, 0xa0,
    0x00, 0x00, 0x02, 0x7f, 0xff, 0xff, 0x10, 0x00,
    0x00, 0x00, 0x7f, 0xff, 0xf5, 0x00, 0x00, 0x00,
    0x01, 0xff, 0xff, 0x70, 0x00, 0x00, 0x00, 0x0f,
    0xff, 0xf8, 0x00, 0x00, 0x00, 0x00, 0xef, 0xff,
    0x80, 0x00, 0x00, 0x00, 0x0e, 0xff, 0xf8, 0x00,
    0x00, 0x00, 0x00, 0xef, 0xff, 0x80, 0x00, 0x00,
    0x00, 0x0e, 0xff, 0xf8, 0x00, 0x00, 0x00, 0x00,
    0xef, 0xff, 0x90, 0x00, 0x00, 0x00, 0x0d, 0xff,
    0xfd, 0x00, 0x00, 0x00, 0x00, 0x9f, 0xff, 0xf7,
    0x00, 0x00, 0x00, 0x01, 0xef, 0xff, 0xff, 0xfa,
    0x00, 0x00, 0x01, 0xaf, 0xff, 0xff, 0xf0, 0x00,
    0x00, 0x00, 0x2f, 0xff, 0xff, 0x00, 0x00, 0x01,
    0x9f, 0xff, 0xff, 0xf0, 0x00, 0x01, 0xdf, 0xff,
    0xff, 0xff, 0x00, 0x00, 0x8f, 0xff, 0xfd, 0x51,
    0x00, 0x00, 0x0c, 0xff, 0xff, 0x10, 0x00, 0x00,
    0x00, 0xef, 0xff, 0xb0, 0x00, 0x00, 0x00, 0x0e,
    0xff, 0xf9, 0x00, 0x00, 0x00, 0x00, 0xef, 0xff,
    0x80, 0x00, 0x00, 0x00, 0x0e, 0xff, 0xf8, 0x00,
    0x00, 0x00, 0x00, 0xef, 0xff, 0x80, 0x00, 0x00,
    0x00, 0x0e, 0xff, 0xf8, 0x00, 0x00, 0x00, 0x00,
    0xff, 0xff, 0x70, 0x00, 0x00, 0x00, 0x5f, 0xff,
    0xf6, 0x00, 0x00, 0x00, 0x2e, 0xff, 0xff, 0x20,
    0x00, 0x0b, 0xdf, 0xff, 0xff, 0xd0, 0x00, 0x00,
    0xff, 0xff, 0xff, 0xf4, 0x00, 0x00, 0x0f, 0xff,
    0xff, 0xe5, 0x00, 0x00, 0x00, 0xff, 0xdb, 0x61,
    0x00, 0x00, 0x00, 0x00,

    /* U+007E "~" */
    0x00, 0x01, 0x8d, 0xfe, 0xa3, 0x00, 0x00, 0x00,
    0x15, 0x55, 0x30, 0x03, 0xef, 0xff, 0xff, 0xf9,
    0x00, 0x00, 0x06, 0xff, 0xf8, 0x00, 0xdf, 0xff,
    0xff, 0xff, 0xfc, 0x10, 0x00, 0xaf, 0xff, 0x70,
    0x6f, 0xff, 0xff, 0xff, 0xff, 0xfe, 0x52, 0x7f,
    0xff, 0xf4, 0x0b, 0xff, 0xfd, 0x42, 0x9f, 0xff,
    0xff, 0xff, 0xff, 0xff, 0x00, 0xef, 0xff, 0x30,
    0x00, 0x5f, 0xff, 0xff, 0xff, 0xff, 0x70, 0x0f,
    0xff, 0xf0, 0x00, 0x00, 0x3d, 0xff, 0xff, 0xff,
    0xa0, 0x00, 0x55, 0x54, 0x00, 0x00, 0x00, 0x07,
    0xcf, 0xec, 0x50, 0x00,

    /* U+00A0 " " */

    /* U+00A1 "¡" */
    0x08, 0xee, 0xa1, 0x08, 0xff, 0xff, 0xb0, 0xdf,
    0xff, 0xff, 0x0d, 0xff, 0xff, 0xf0, 0x6f, 0xff,
    0xf9, 0x00, 0x6b, 0xc7, 0x00, 0x00, 0x00, 0x00,
    0x00, 0x00, 0x00, 0x00, 0x00, 0x00, 0x00, 0x02,
    0xdd, 0xdd, 0x50, 0x2f, 0xff, 0xf6, 0x03, 0xff,
    0xff, 0x60, 0x3f, 0xff, 0xf7, 0x03, 0xff, 0xff,
    0x70, 0x4f, 0xff, 0xf7, 0x04, 0xff, 0xff, 0x80,
    0x4f, 0xff, 0xf8, 0x05, 0xff, 0xff, 0x80, 0x5f,
    0xff, 0xf8, 0x05, 0xff, 0xff, 0x90, 0x5f, 0xff,
    0xf9, 0x06, 0xff, 0xff, 0x90, 0x6f, 0xff, 0xfa,
    0x06, 0xff, 0xff, 0xa0, 0x7f, 0xff, 0xfa, 0x07,
    0xff, 0xff, 0xa0, 0x7f, 0xff, 0xfb, 0x08, 0xff,
    0xff, 0xb0,

    /* U+00A2 "¢" */
    0x00, 0x00, 0x00, 0x00, 0x0a, 0xf8, 0x00, 0x00,
    0x00, 0x00, 0x00, 0x00, 0x00, 0x00, 0x0a, 0xf8,
    0x00, 0x00, 0x00, 0x00, 0x00, 0x00, 0x00, 0x00,
    0x0a, 0xf8, 0x00, 0x00, 0x00, 0x00, 0x00, 0x00,
    0x00, 0x27, 0xbf, 0xff, 0xb8, 0x20, 0x00, 0x00,
    0x00, 0x00, 0x1a, 0xff, 0xff, 0xff, 0xff, 0xfb,
    0x20, 0x00, 0x00, 0x02, 0xef, 0xff, 0xff, 0xff,
    0xff, 0xff, 0xe3, 0x00, 0x00, 0x1e, 0xff, 0xff,
    0xff, 0xff, 0xff, 0xff, 0xfe, 0x10, 0x00, 0xbf,
    0xff, 0xff, 0x8c, 0xfa, 0x7f, 0xff, 0xff, 0xa0,
    0x03, 0xff, 0xff, 0xf4, 0x0a, 0xf8, 0x02, 0xff,
    0xff, 0xf2, 0x0a, 0xff, 0xff, 0x90, 0x0a, 0xf8,
    0x00, 0x7f, 0xff, 0xe4, 0x0e, 0xff, 0xff, 0x20,
    0x0a, 0xf8, 0x00, 0x18, 0x51, 0x00, 0x2f, 0xff,
    0xfd, 0x00, 0x0a, 0xf8, 0x00, 0x00, 0x00, 0x00,
    0x4f, 0xff, 0xfa, 0x00, 0x0a, 0xf8, 0x00, 0x00,
    0x00, 0x00, 0x5f, 0xff, 0xf9, 0x00, 0x0a, 0xf8,
    0x00, 0x00, 0x00, 0x00, 0x5f, 0xff, 0xf9, 0x00,
    0x0a, 0xf8, 0x00, 0x00, 0x00, 0x00, 0x4f, 0xff,
    0xfa, 0x00, 0x0a, 0xf8, 0x00, 0x00, 0x00, 0x00,
    0x2f, 0xff, 0xfd, 0x00, 0x0a, 0xf8, 0x00, 0x00,
    0x00, 0x00, 0x0e, 0xff, 0xff, 0x20, 0x0a, 0xf8,
    0x00, 0x1b, 0x74, 0x00, 0x0a, 0xff, 0xff, 0x90,
    0x0a, 0xf8, 0x00, 0x7f, 0xff, 0xf6, 0x03, 0xff,
    0xff, 0xf4, 0x0a, 0xf8, 0x02, 0xff, 0xff, 0xf2,
    0x00, 0xbf, 0xff, 0xff, 0x8c, 0xfa, 0x7e, 0xff,
    0xff, 0xa0, 0x00, 0x1e, 0xff, 0xff, 0xff, 0xff,
    0xff, 0xff, 0xfe, 0x10, 0x00, 0x02, 0xef, 0xff,
    0xff, 0xff, 0xff, 0xff, 0xe3, 0x00, 0x00, 0x00,
    0x1a, 0xff, 0xff, 0xff, 0xff, 0xfb, 0x20, 0x00,
    0x00, 0x00, 0x00, 0x27, 0xbf, 0xff, 0xb8, 0x20,
    0x00, 0x00, 0x00, 0x00, 0x00, 0x00, 0x0a, 0xf8,
    0x00, 0x00, 0x00, 0x00, 0x00, 0x00, 0x00, 0x00,
    0x0a, 0xf8, 0x00, 0x00, 0x00, 0x00, 0x00, 0x00,
    0x00, 0x00, 0x0a, 0xf8, 0x00, 0x00, 0x00, 0x00,

    /* U+00A3 "£" */
    0x00, 0x00, 0x00, 0x00, 0x49, 0xdf, 0xfe, 0xb6,
    0x10, 0x00, 0x00, 0x00, 0x00, 0x00, 0x2c, 0xff,
    0xff, 0xff, 0xff, 0xf7, 0x00, 0x00, 0x00, 0x00,
    0x03, 0xef, 0xff, 0xff, 0xff, 0xff, 0xff, 0x90,
    0x00, 0x00, 0x00, 0x1e, 0xff, 0xff, 0xff, 0xff,
    0xff, 0xff, 0xf7, 0x00, 0x00, 0x00, 0xaf, 0xff,
    0xff, 0x84, 0x35, 0xbf, 0xff, 0xff, 0x10, 0x00,
    0x01, 0xff, 0xff, 0xf3, 0x00, 0x00, 0x0a, 0xff,
    0xff, 0x80, 0x00, 0x05, 0xff, 0xff, 0x80, 0x00,
    0x00, 0x00, 0xff, 0xff, 0xc0, 0x00, 0x08, 0xff,
    0xff, 0x30, 0x00, 0x00, 0x00, 0xad, 0xb8, 0x60,
    0x00, 0x08, 0xff, 0xff, 0x20, 0x00, 0x00, 0x00,
    0x00, 0x00, 0x00, 0x00, 0x08, 0xff, 0xff, 0x20,
    0x00, 0x00, 0x00, 0x00, 0x00, 0x00, 0x00, 0x08,
    0xff, 0xff, 0x20, 0x00, 0x00, 0x00, 0x00, 0x00,
    0x00, 0x00, 0x07, 0xff, 0xff, 0x30, 0x00, 0x00,
    0x00, 0x00, 0x00, 0x00, 0x04, 0x4b, 0xff, 0xff,
    0x84, 0x44, 0x44, 0x44, 0x00, 0x00, 0x00, 0x2f,
    0xff, 0xff, 0xff, 0xff, 0xff, 0xff, 0xff, 0x10,
    0x00, 0x00, 0x2f, 0xff, 0xff, 0xff, 0xff, 0xff,
    0xff, 0xff, 0x10, 0x00, 0x00, 0x2f, 0xff, 0xff,
    0xff, 0xff, 0xff, 0xff, 0xff, 0x10, 0x00, 0x00,
    0x00, 0x03, 0xff, 0xff, 0x50, 0x00, 0x00, 0x00,
    0x00, 0x00, 0x00, 0x00, 0x03, 0xff, 0xff, 0x60,
    0x00, 0x00, 0x00, 0x00, 0x00, 0x00, 0x00, 0x02,
    0xff, 0xff, 0x60, 0x00, 0x00, 0x00, 0x00, 0x00,
    0x00, 0x00, 0x01, 0xff, 0xff, 0x70, 0x00, 0x00,
    0x00, 0x00, 0x00, 0x00, 0x00, 0x01, 0xff, 0xff,
    0x70, 0x00, 0x00, 0x00, 0x00, 0x00, 0x00, 0x00,
    0x02, 0xff, 0xff, 0x40, 0x00, 0x00, 0x00, 0x26,
    0x66, 0x61, 0x00, 0x07, 0xff, 0xfc, 0x00, 0x00,
    0x00, 0x00, 0x5f, 0xff, 0xf2, 0x07, 0xbf, 0xff,
    0xc3, 0x22, 0x22, 0x22, 0x23, 0xaf, 0xff, 0xf1,
    0x3f, 0xff, 0xff, 0xff, 0xff, 0xff, 0xff, 0xff,
    0xff, 0xff, 0xe0, 0x2f, 0xff, 0xff, 0xff, 0xff,
    0xff, 0xff, 0xff, 0xff, 0xff, 0x80, 0x2f, 0xff,
    0xff, 0xff, 0xff, 0xff, 0xff, 0xff, 0xff, 0xfc,
    0x00, 0x2f, 0xff, 0xff, 0xff, 0xff, 0xff, 0xff,
    0xff, 0xec, 0x60, 0x00,

    /* U+00A4 "¤" */
    0x00, 0x63, 0x00, 0x00, 0x00, 0x13, 0x32, 0x00,
    0x00, 0x00, 0x08, 0x10, 0x00, 0x6f, 0xe3, 0x00,
    0x39, 0xef, 0xff, 0xff, 0xb6, 0x00, 0x09, 0xfd,
    0x10, 0x4f, 0xff, 0xe4, 0xaf, 0xff, 0xff, 0xff,
    0xff, 0xfd, 0x49, 0xff, 0xfc, 0x00, 0xcf, 0xff,
    0xff, 0xff, 0xff, 0xff, 0xff, 0xff, 0xff, 0xff,
    0xff, 0x50, 0x00, 0xcf, 0xff, 0xff, 0xe7, 0x30,
    0x01, 0x5b, 0xff, 0xff, 0xff, 0x60, 0x00, 0x02,
    0xff, 0xff, 0xa0, 0x00, 0x00, 0x00, 0x05, 0xff,
    0xff, 0xa0, 0x00, 0x00, 0x8f, 0xff, 0x80, 0x00,
    0x00, 0x00, 0x00, 0x03, 0xff, 0xfe, 0x00, 0x00,
    0x1f, 0xff, 0xb0, 0x00, 0x00, 0x00, 0x00, 0x00,
    0x06, 0xff, 0xf6, 0x00, 0x06, 0xff, 0xf2, 0x00,
    0x00, 0x00, 0x00, 0x00, 0x00, 0x0c, 0xff, 0xc0,
    0x00, 0xaf, 0xfb, 0x00, 0x00, 0x00, 0x00, 0x00,
    0x00, 0x00, 0x5f, 0xff, 0x10, 0x0d, 0xff, 0x60,
    0x00, 0x00, 0x00, 0x00, 0x00, 0x00, 0x01, 0xff,
    0xf4, 0x00, 0xff, 0xf4, 0x00, 0x00, 0x00, 0x00,
    0x00, 0x00, 0x00, 0x0e, 0xff, 0x60, 0x0f, 0xff,
    0x30, 0x00, 0x00, 0x00, 0x00, 0x00, 0x00, 0x00,
    0xef, 0xf6, 0x00, 0xef, 0xf5, 0x00, 0x00, 0x00,
    0x00, 0x00, 0x00, 0x00, 0x0f, 0xff, 0x50, 0x0d,
    0xff, 0x80, 0x00, 0x00, 0x00, 0x00, 0x00, 0x00,
    0x02, 0xff, 0xf3, 0x00, 0x9f, 0xfd, 0x00, 0x00,
    0x00, 0x00, 0x00, 0x00, 0x00, 0x7f, 0xff, 0x00,
    0x04, 0xff, 0xf4, 0x00, 0x00, 0x00, 0x00, 0x00,
    0x00, 0x0e, 0xff, 0xb0, 0x00, 0x0d, 0xff, 0xe1,
    0x00, 0x00, 0x00, 0x00, 0x00, 0x0a, 0xff, 0xf4,
    0x00, 0x00, 0x5f, 0xff, 0xc1, 0x00, 0x00, 0x00,
    0x00, 0x08, 0xff, 0xfe, 0x00, 0x00, 0x09, 0xff,
    0xff, 0xe4, 0x00, 0x00, 0x00, 0x1b, 0xff, 0xff,
    0xf2, 0x00, 0x09, 0xff, 0xff, 0xff, 0xfd, 0x85,
    0x57, 0xaf, 0xff, 0xff, 0xff, 0xe3, 0x05, 0xff,
    0xff, 0xff, 0xff, 0xff, 0xff, 0xff, 0xff, 0xff,
    0xff, 0xff, 0xd0, 0x09, 0xff, 0x60, 0x6e, 0xff,
    0xff, 0xff, 0xff, 0xf9, 0x10, 0xcf, 0xe3, 0x00,
    0x0a, 0x50, 0x00, 0x05, 0xad, 0xef, 0xdb, 0x72,
    0x00, 0x01, 0xb3, 0x00, 0x00, 0x00, 0x00, 0x00,
    0x00, 0x00, 0x00, 0x00, 0x00, 0x00, 0x00, 0x00,
    0x00,

    /* U+00A5 "¥" */
    0x3f, 0xff, 0xfe, 0x00, 0x00, 0x00, 0x00, 0x08,
    0xff, 0xff, 0xa0, 0xcf, 0xff, 0xf5, 0x00, 0x00,
    0x00, 0x00, 0xef, 0xff, 0xf3, 0x04, 0xff, 0xff,
    0xc0, 0x00, 0x00, 0x00, 0x5f, 0xff, 0xfb, 0x00,
    0x0d, 0xff, 0xff, 0x20, 0x00, 0x00, 0x0c, 0xff,
    0xff, 0x40, 0x00, 0x5f, 0xff, 0xf9, 0x00, 0x00,
    0x03, 0xff, 0xff, 0xc0, 0x00, 0x00, 0xef, 0xff,
    0xf0, 0x00, 0x00, 0x9f, 0xff, 0xf5, 0x00, 0x00,
    0x07, 0xff, 0xff, 0x60, 0x00, 0x1f, 0xff, 0xfd,
    0x00, 0x00, 0x00, 0x0e, 0xff, 0xfd, 0x00, 0x07,
    0xff, 0xff, 0x60, 0x00, 0x00, 0x00, 0x8f, 0xff,
    0xf4, 0x00, 0xdf, 0xff, 0xe0, 0x00, 0x00, 0x00,
    0x01, 0xff, 0xff, 0xa0, 0x4f, 0xff, 0xf7, 0x00,
    0x00, 0x00, 0x00, 0x09, 0xff, 0xff, 0x1b, 0xff,
    0xff, 0x10, 0x00, 0x00, 0x00, 0x00, 0x2f, 0xff,
    0xfa, 0xff, 0xff, 0x90, 0x00, 0x00, 0x00, 0x00,
    0x00, 0xaf, 0xff, 0xff, 0xff, 0xf1, 0x00, 0x00,
    0x00, 0x00, 0x00, 0x03, 0xff, 0xff, 0xff, 0xfa,
    0x00, 0x00, 0x00, 0x00, 0xbf, 0xff, 0xff, 0xff,
    0xff, 0xff, 0xff, 0xff, 0xc0, 0x00, 0x0b, 0xff,
    0xff, 0xff, 0xff, 0xff, 0xff, 0xff, 0xfc, 0x00,
    0x00, 0xbf, 0xff, 0xff, 0xff, 0xff, 0xff, 0xff,
    0xff, 0xc0, 0x00, 0x00, 0x00, 0x00, 0x0c, 0xff,
    0xff, 0x20, 0x00, 0x00, 0x00, 0x00, 0x00, 0x00,
    0x00, 0xcf, 0xff, 0xf2, 0x00, 0x00, 0x00, 0x00,
    0x0b, 0xff, 0xff, 0xff, 0xff, 0xff, 0xff, 0xff,
    0xfc, 0x00, 0x00, 0xbf, 0xff, 0xff, 0xff, 0xff,
    0xff, 0xff, 0xff, 0xc0, 0x00, 0x0b, 0xff, 0xff,
    0xff, 0xff, 0xff, 0xff, 0xff, 0xfc, 0x00, 0x00,
    0x00, 0x00, 0x00, 0xcf, 0xff, 0xf2, 0x00, 0x00,
    0x00, 0x00, 0x00, 0x00, 0x00, 0x0c, 0xff, 0xff,
    0x20, 0x00, 0x00, 0x00, 0x00, 0x00, 0x00, 0x00,
    0xcf, 0xff, 0xf2, 0x00, 0x00, 0x00, 0x00, 0x00,
    0x00, 0x00, 0x0c, 0xff, 0xff, 0x20, 0x00, 0x00,
    0x00, 0x00, 0x00, 0x00, 0x00, 0xcf, 0xff, 0xf2,
    0x00, 0x00, 0x00, 0x00, 0x00, 0x00, 0x00, 0x0c,
    0xff, 0xff, 0x20, 0x00, 0x00, 0x00,

    /* U+00A6 "¦" */
    0x2f, 0xff, 0xf3, 0x2f, 0xff, 0xf3, 0x2f, 0xff,
    0xf3, 0x2f, 0xff, 0xf3, 0x2f, 0xff, 0xf3, 0x2f,
    0xff, 0xf3, 0x2f, 0xff, 0xf3, 0x2f, 0xff, 0xf3,
    0x2f, 0xff, 0xf3, 0x2f, 0xff, 0xf3, 0x2f, 0xff,
    0xf3, 0x2f, 0xff, 0xf3, 0x2b, 0xbb, 0xb2, 0x00,
    0x00, 0x00, 0x00, 0x00, 0x00, 0x00, 0x00, 0x00,
    0x00, 0x00, 0x00, 0x00, 0x00, 0x00, 0x00, 0x00,
    0x00, 0x00, 0x00, 0x00, 0x2f, 0xff, 0xf3, 0x2f,
    0xff, 0xf3, 0x2f, 0xff, 0xf3, 0x2f, 0xff, 0xf3,
    0x2f, 0xff, 0xf3, 0x2f, 0xff, 0xf3, 0x2f, 0xff,
    0xf3, 0x2f, 0xff, 0xf3, 0x2f, 0xff, 0xf3, 0x2f,
    0xff, 0xf3, 0x2f, 0xff, 0xf3, 0x2f, 0xff, 0xf3,
    0x2d, 0xdd, 0xd2,

    /* U+00A7 "§" */
    0x00, 0x00, 0x01, 0x7c, 0xef, 0xfd, 0xa3, 0x00,
    0x00, 0x00, 0x00, 0x06, 0xff, 0xff, 0xff, 0xff,
    0xfa, 0x00, 0x00, 0x00, 0x06, 0xff, 0xff, 0xff,
    0xff, 0xff, 0xfb, 0x00, 0x00, 0x01, 0xff, 0xff,
    0xff, 0xde, 0xff, 0xff, 0xf6, 0x00, 0x00, 0x7f,
    0xff, 0xf9, 0x00, 0x03, 0xef, 0xff, 0xd0, 0x00,
    0x0a, 0xff, 0xfd, 0x00, 0x00, 0x03, 0xff, 0xff,
    0x30, 0x00, 0xbf, 0xff, 0xa0, 0x00, 0x00, 0x0b,
    0xb7, 0x40, 0x00, 0x09, 0xff, 0xfd, 0x00, 0x00,
    0x00, 0x00, 0x00, 0x00, 0x00, 0x5f, 0xff, 0xf9,
    0x00, 0x00, 0x00, 0x00, 0x00, 0x00, 0x00, 0xcf,
    0xff, 0xfd, 0x50, 0x00, 0x00, 0x00, 0x00, 0x00,
    0x01, 0xdf, 0xff, 0xff, 0xd6, 0x00, 0x00, 0x00,
    0x00, 0x00, 0x04, 0xef, 0xff, 0xff, 0xfe, 0x60,
    0x00, 0x00, 0x00, 0x4e, 0xff, 0xff, 0xff, 0xff,
    0xff, 0xe6, 0x00, 0x00, 0x4f, 0xff, 0x90, 0x06,
    0xef, 0xff, 0xff, 0xfa, 0x00, 0x0c, 0xff, 0xf0,
    0x00, 0x00, 0x6d, 0xff, 0xff, 0xf9, 0x00, 0xff,
    0xfc, 0x00, 0x00, 0x00, 0x05, 0xef, 0xff, 0xf2,
    0x0f, 0xff, 0xe0, 0x00, 0x00, 0x00, 0x01, 0xdf,
    0xff, 0x80, 0xef, 0xff, 0x90, 0x00, 0x00, 0x00,
    0x06, 0xff, 0xfa, 0x08, 0xff, 0xff, 0xc2, 0x00,
    0x00, 0x00, 0x4f, 0xff, 0x90, 0x0d, 0xff, 0xff,
    0xfb, 0x30, 0x00, 0x07, 0xff, 0xf4, 0x00, 0x1d,
    0xff, 0xff, 0xff, 0xc4, 0x05, 0xff, 0xfa, 0x00,
    0x00, 0x08, 0xff, 0xff, 0xff, 0xff, 0xff, 0xe7,
    0x00, 0x00, 0x00, 0x01, 0x8f, 0xff, 0xff, 0xff,
    0xa0, 0x00, 0x00, 0x00, 0x00, 0x00, 0x07, 0xef,
    0xff, 0xff, 0xb0, 0x00, 0x00, 0x00, 0x00, 0x00,
    0x00, 0x7e, 0xff, 0xff, 0x80, 0x00, 0x00, 0x00,
    0x00, 0x00, 0x00, 0x1d, 0xff, 0xff, 0x00, 0x00,
    0x00, 0x00, 0x00, 0x00, 0x00, 0x4f, 0xff, 0xf3,
    0x00, 0x17, 0xad, 0xf0, 0x00, 0x00, 0x01, 0xff,
    0xff, 0x50, 0x02, 0xff, 0xff, 0x70, 0x00, 0x00,
    0x5f, 0xff, 0xf3, 0x00, 0x0c, 0xff, 0xff, 0x82,
    0x01, 0x6e, 0xff, 0xff, 0x00, 0x00, 0x4f, 0xff,
    0xff, 0xff, 0xff, 0xff, 0xff, 0x80, 0x00, 0x00,
    0x8f, 0xff, 0xff, 0xff, 0xff, 0xff, 0xc0, 0x00,
    0x00, 0x00, 0x6e, 0xff, 0xff, 0xff, 0xff, 0x90,
    0x00, 0x00, 0x00, 0x00, 0x16, 0xac, 0xdc, 0xa7,
    0x20, 0x00, 0x00,

    /* U+00A8 "¨" */
    0x00, 0x00, 0x00, 0x00, 0x00, 0x00, 0x00, 0x2c,
    0xfd, 0x30, 0x00, 0x1b, 0xfe, 0x40, 0xbf, 0xff,
    0xe0, 0x00, 0xaf, 0xff, 0xf1, 0xef, 0xff, 0xf1,
    0x00, 0xdf, 0xff, 0xf3, 0xbf, 0xff, 0xe0, 0x00,
    0xaf, 0xff, 0xe0, 0x1b, 0xfc, 0x30, 0x00, 0x1a,
    0xfd, 0x30,

    /* U+00A9 "©" */
    0x00, 0x00, 0x00, 0x00, 0x00, 0x00, 0x00, 0x00,
    0x00, 0x00, 0x00, 0x00, 0x00, 0x00, 0x00, 0x00,
    0x00, 0x00, 0x00, 0x27, 0xbe, 0xff, 0xfd, 0xa6,
    0x10, 0x00, 0x00, 0x00, 0x00, 0x00, 0x00, 0x00,
    0x03, 0xbf, 0xff, 0xff, 0xff, 0xff, 0xff, 0x91,
    0x00, 0x00, 0x00, 0x00, 0x00, 0x00, 0x0a, 0xff,
    0xff, 0xff, 0xff, 0xff, 0xff, 0xff, 0xf7, 0x00,
    0x00, 0x00, 0x00, 0x00, 0x2d, 0xff, 0xff, 0xff,
    0xff, 0xff, 0xff, 0xff, 0xff, 0xfa, 0x00, 0x00,
    0x00, 0x00, 0x2e, 0xff, 0xff, 0xfc, 0x73, 0x10,
    0x13, 0x8d, 0xff, 0xff, 0xfc, 0x00, 0x00, 0x00,
    0x0d, 0xff, 0xff, 0xc4, 0x00, 0x00, 0x00, 0x00,
    0x06, 0xef, 0xff, 0xf9, 0x00, 0x00, 0x0a, 0xff,
    0xff, 0x90, 0x00, 0x6b, 0xef, 0xeb, 0x50, 0x01,
    0xcf, 0xff, 0xf5, 0x00, 0x03, 0xff, 0xff, 0xa0,
    0x02, 0xdf, 0xff, 0xff, 0xff, 0xc2, 0x01, 0xdf,
    0xff, 0xe0, 0x00, 0xbf, 0xff, 0xc0, 0x03, 0xff,
    0xff, 0xff, 0xff, 0xff, 0xe2, 0x02, 0xff, 0xff,
    0x70, 0x2f, 0xff, 0xf4, 0x01, 0xef, 0xff, 0xfb,
    0x9b, 0xff, 0xff, 0xd0, 0x08, 0xff, 0xfd, 0x06,
    0xff, 0xfc, 0x00, 0x8f, 0xff, 0xc1, 0x00, 0x02,
    0xdf, 0xff, 0x50, 0x1f, 0xff, 0xf2, 0xaf, 0xff,
    0x70, 0x0e, 0xff, 0xe1, 0x00, 0x00, 0x02, 0xff,
    0xfa, 0x00, 0xcf, 0xff, 0x6c, 0xff, 0xf4, 0x02,
    0xff, 0xf7, 0x00, 0x00, 0x00, 0x02, 0x33, 0x20,
    0x08, 0xff, 0xf8, 0xdf, 0xff, 0x20, 0x4f, 0xff,
    0x40, 0x00, 0x00, 0x00, 0x00, 0x00, 0x00, 0x7f,
    0xff, 0x9d, 0xff, 0xf2, 0x03, 0xff, 0xf5, 0x00,
    0x00, 0x00, 0x00, 0x00, 0x00, 0x07, 0xff, 0xf9,
    0xcf, 0xff, 0x40, 0x1f, 0xff, 0xa0, 0x00, 0x00,
    0x01, 0xaa, 0xa6, 0x00, 0x8f, 0xff, 0x8a, 0xff,
    0xf7, 0x00, 0xcf, 0xff, 0x50, 0x00, 0x00, 0x9f,
    0xff, 0x50, 0x0c, 0xff, 0xf6, 0x6f, 0xff, 0xc0,
    0x05, 0xff, 0xff, 0x82, 0x02, 0xaf, 0xff, 0xe0,
    0x01, 0xff, 0xff, 0x22, 0xff, 0xff, 0x40, 0x09,
    0xff, 0xff, 0xff, 0xff, 0xff, 0xf6, 0x00, 0x8f,
    0xff, 0xd0, 0x0b, 0xff, 0xfc, 0x00, 0x0a, 0xff,
    0xff, 0xff, 0xff, 0xf9, 0x00, 0x2f, 0xff, 0xf7,
    0x00, 0x3f, 0xff, 0xfa, 0x00, 0x06, 0xef, 0xff,
    0xff, 0xe5, 0x00, 0x1d, 0xff, 0xfe, 0x00, 0x00,
    0xaf, 0xff, 0xf9, 0x00, 0x00, 0x47, 0x87, 0x40,
    0x00, 0x1c, 0xff, 0xff, 0x50, 0x00, 0x00, 0xdf,
    0xff, 0xfc, 0x30, 0x00, 0x00, 0x00, 0x00, 0x6e,
    0xff, 0xff, 0x90, 0x00, 0x00, 0x02, 0xef, 0xff,
    0xff, 0xc6, 0x21, 0x01, 0x38, 0xdf, 0xff, 0xff,
    0xc0, 0x00, 0x00, 0x00, 0x02, 0xdf, 0xff, 0xff,
    0xff, 0xff, 0xff, 0xff, 0xff, 0xff, 0xa0, 0x00,
    0x00, 0x00, 0x00, 0x00, 0xaf, 0xff, 0xff, 0xff,
    0xff, 0xff, 0xff, 0xff, 0x70, 0x00, 0x00, 0x00,
    0x00, 0x00, 0x00, 0x3b, 0xff, 0xff, 0xff, 0xff,
    0xff, 0xf9, 0x10, 0x00, 0x00, 0x00, 0x00, 0x00,
    0x00, 0x00, 0x02, 0x7b, 0xdf, 0xff, 0xda, 0x61,
    0x00, 0x00, 0x00, 0x00, 0x00,

    /* U+00AA "ª" */
    0x00, 0x01, 0x7b, 0xef, 0xfc, 0x82, 0x00, 0x00,
    0x06, 0xff, 0xff, 0xff, 0xff, 0xf9, 0x00, 0x06,
    0xff, 0xff, 0xff, 0xff, 0xff, 0xf9, 0x01, 0xff,
    0xff, 0x92, 0x12, 0x8f, 0xff, 0xf1, 0x16, 0x9b,
    0x70, 0x00, 0x00, 0xaf, 0xff, 0x50, 0x00, 0x00,
    0x00, 0x00, 0x09, 0xff, 0xf7, 0x00, 0x00, 0x03,
    0x57, 0x8b, 0xff, 0xff, 0x70, 0x05, 0xcf, 0xff,
    0xff, 0xff, 0xff, 0xf7, 0x0b, 0xff, 0xff, 0xff,
    0xeb, 0xbf, 0xff, 0x77, 0xff, 0xfe, 0x73, 0x00,
    0x07, 0xff, 0xf7, 0xcf, 0xff, 0x20, 0x00, 0x00,
    0x8f, 0xff, 0x7d, 0xff, 0xf0, 0x00, 0x00, 0x0d,
    0xff, 0xf7, 0xbf, 0xff, 0xa1, 0x00, 0x3c, 0xff,
    0xff, 0x75, 0xff, 0xff, 0xfe, 0xff, 0xfd, 0xff,
    0xf7, 0x09, 0xff, 0xff, 0xff, 0xfb, 0x5f, 0xff,
    0x70, 0x04, 0xae, 0xfe, 0xc6, 0x05, 0xff, 0xf7,

    /* U+00AB "«" */
    0x00, 0x00, 0x00, 0x00, 0x78, 0x88, 0x81, 0x00,
    0x68, 0x88, 0x83, 0x00, 0x00, 0x00, 0x0a, 0xff,
    0xff, 0x80, 0x06, 0xff, 0xff, 0xc0, 0x00, 0x00,
    0x00, 0x8f, 0xff, 0xfa, 0x00, 0x4f, 0xff, 0xfe,
    0x10, 0x00, 0x00, 0x06, 0xff, 0xff, 0xc0, 0x02,
    0xef, 0xff, 0xf3, 0x00, 0x00, 0x00, 0x4f, 0xff,
    0xfe, 0x10, 0x1d, 0xff, 0xff, 0x50, 0x00, 0x00,
    0x02, 0xff, 0xff, 0xf3, 0x00, 0xcf, 0xff, 0xf7,
    0x00, 0x00, 0x00, 0x1d, 0xff, 0xff, 0x50, 0x0a,
    0xff, 0xff, 0xa0, 0x00, 0x00, 0x00, 0xcf, 0xff,
    0xf8, 0x00, 0x7f, 0xff, 0xfc, 0x00, 0x00, 0x00,
    0x0a, 0xff, 0xff, 0xa0, 0x05, 0xff, 0xff, 0xe1,
    0x00, 0x00, 0x00, 0x1e, 0xff, 0xff, 0x50, 0x0b,
    0xff, 0xff, 0xa0, 0x00, 0x00, 0x00, 0x03, 0xff,
    0xff, 0xf2, 0x00, 0xdf, 0xff, 0xf6, 0x00, 0x00,
    0x00, 0x00, 0x5f, 0xff, 0xfd, 0x10, 0x2e, 0xff,
    0xff, 0x40, 0x00, 0x00, 0x00, 0x08, 0xff, 0xff,
    0xc0, 0x03, 0xff, 0xff, 0xf2, 0x00, 0x00, 0x00,
    0x00, 0xaf, 0xff, 0xf9, 0x00, 0x5f, 0xff, 0xfd,
    0x10, 0x00, 0x00, 0x00, 0x0c, 0xff, 0xff, 0x70,
    0x07, 0xff, 0xff, 0xb0, 0x00, 0x00, 0x00, 0x01,
    0xdf, 0xff, 0xf4, 0x00, 0xaf, 0xff, 0xf9, 0x00,
    0x00, 0x00, 0x00, 0x2f, 0xff, 0xff, 0x20, 0x0c,
    0xff, 0xff, 0x60, 0x00, 0x00, 0x00, 0x04, 0xff,
    0xff, 0xd1, 0x01, 0xdf, 0xff, 0xf4,

    /* U+00AC "¬" */
    0xef, 0xff, 0xff, 0xff, 0xff, 0xff, 0xff, 0xff,
    0x6f, 0xff, 0xff, 0xff, 0xff, 0xff, 0xff, 0xff,
    0xf6, 0xff, 0xff, 0xff, 0xff, 0xff, 0xff, 0xff,
    0xff, 0x6f, 0xff, 0xff, 0xff, 0xff, 0xff, 0xff,
    0xff, 0xf6, 0x00, 0x00, 0x00, 0x00, 0x00, 0x00,
    0xcf, 0xff, 0x60, 0x00, 0x00, 0x00, 0x00, 0x00,
    0x0c, 0xff, 0xf6, 0x00, 0x00, 0x00, 0x00, 0x00,
    0x00, 0xcf, 0xff, 0x60, 0x00, 0x00, 0x00, 0x00,
    0x00, 0x0c, 0xff, 0xf6, 0x00, 0x00, 0x00, 0x00,
    0x00, 0x00, 0xcf, 0xff, 0x60,

    /* U+00AE "®" */
    0x00, 0x00, 0x00, 0x00, 0x48, 0xab, 0xa9, 0x50,
    0x00, 0x00, 0x00, 0x00, 0x00, 0x00, 0x06, 0xef,
    0xff, 0xff, 0xff, 0xf8, 0x00, 0x00, 0x00, 0x00,
    0x00, 0x1c, 0xff, 0xff, 0xff, 0xff, 0xff, 0xfe,
    0x30, 0x00, 0x00, 0x00, 0x2e, 0xff, 0xfa, 0x41,
    0x01, 0x38, 0xff, 0xff, 0x40, 0x00, 0x00, 0x0d,
    0xff, 0xd2, 0x00, 0x00, 0x00, 0x01, 0xbf, 0xff,
    0x20, 0x00, 0x09, 0xff, 0xc0, 0x00, 0x00, 0x00,
    0x00, 0x00, 0xaf, 0xfc, 0x00, 0x02, 0xff, 0xe1,
    0x03, 0xcc, 0xcc, 0xca, 0x30, 0x00, 0xcf, 0xf5,
    0x00, 0x8f, 0xf6, 0x00, 0x4f, 0xff, 0xff, 0xff,
    0x50, 0x03, 0xff, 0xb0, 0x0d, 0xff, 0x00, 0x04,
    0xff, 0x30, 0x2e, 0xfd, 0x00, 0x0c, 0xff, 0x10,
    0xff, 0xb0, 0x00, 0x4f, 0xf3, 0x00, 0xaf, 0xf0,
    0x00, 0x8f, 0xf3, 0x2f, 0xf9, 0x00, 0x04, 0xff,
    0x30, 0x2e, 0xfc, 0x00, 0x06, 0xff, 0x52, 0xff,
    0x90, 0x00, 0x4f, 0xff, 0xff, 0xff, 0x30, 0x00,
    0x5f, 0xf5, 0x0f, 0xfa, 0x00, 0x04, 0xff, 0xec,
    0xff, 0xb0, 0x00, 0x07, 0xff, 0x40, 0xef, 0xe0,
    0x00, 0x4f, 0xf3, 0x09, 0xff, 0x10, 0x00, 0xbf,
    0xf1, 0x09, 0xff, 0x40, 0x04, 0xff, 0x30, 0x2f,
    0xf8, 0x00, 0x1f, 0xfd, 0x00, 0x3f, 0xfd, 0x00,
    0x4f, 0xf3, 0x00, 0xaf, 0xf1, 0x0a, 0xff, 0x70,
    0x00, 0xbf, 0xfa, 0x00, 0x11, 0x00, 0x00, 0x11,
    0x06, 0xff, 0xe0, 0x00, 0x02, 0xff, 0xfa, 0x00,
    0x00, 0x00, 0x00, 0x08, 0xff, 0xf5, 0x00, 0x00,
    0x04, 0xff, 0xfe, 0x60, 0x00, 0x00, 0x4c, 0xff,
    0xf7, 0x00, 0x00, 0x00, 0x04, 0xef, 0xff, 0xfd,
    0xcd, 0xff, 0xff, 0xf6, 0x00, 0x00, 0x00, 0x00,
    0x01, 0xaf, 0xff, 0xff, 0xff, 0xff, 0xc3, 0x00,
    0x00, 0x00, 0x00, 0x00, 0x00, 0x28, 0xce, 0xfe,
    0xc9, 0x30, 0x00, 0x00, 0x00,

    /* U+00AF "¯" */
    0x23, 0x33, 0x33, 0x33, 0x33, 0x3b, 0xff, 0xff,
    0xff, 0xff, 0xfe, 0xbf, 0xff, 0xff, 0xff, 0xff,
    0xeb, 0xff, 0xff, 0xff, 0xff, 0xfe,

    /* U+00B0 "°" */
    0x00, 0x02, 0x9d, 0xfe, 0xb5, 0x00, 0x00, 0x00,
    0x6f, 0xff, 0xff, 0xff, 0xb0, 0x00, 0x05, 0xff,
    0xff, 0xff, 0xff, 0xfb, 0x00, 0x0f, 0xff, 0xfb,
    0x79, 0xff, 0xff, 0x60, 0x6f, 0xff, 0x70, 0x00,
    0x2e, 0xff, 0xd0, 0xaf, 0xfd, 0x00, 0x00, 0x07,
    0xff, 0xf0, 0xbf, 0xfb, 0x00, 0x00, 0x04, 0xff,
    0xf2, 0xaf, 0xfd, 0x00, 0x00, 0x06, 0xff, 0xf0,
    0x6f, 0xff, 0x70, 0x00, 0x1e, 0xff, 0xd0, 0x0f,
    0xff, 0xfb, 0x79, 0xef, 0xff, 0x60, 0x05, 0xff,
    0xff, 0xff, 0xff, 0xfb, 0x00, 0x00, 0x6f, 0xff,
    0xff, 0xff, 0xb1, 0x00, 0x00, 0x02, 0x9d, 0xfe,
    0xb5, 0x00, 0x00,

    /* U+00B1 "±" */
    0x00, 0x00, 0x00, 0x04, 0xff, 0xfe, 0x00, 0x00,
    0x00, 0x00, 0x00, 0x00, 0x00, 0x4f, 0xff, 0xe0,
    0x00, 0x00, 0x00, 0x00, 0x00, 0x00, 0x04, 0xff,
    0xfe, 0x00, 0x00, 0x00, 0x00, 0x00, 0x00, 0x00,
    0x4f, 0xff, 0xe0, 0x00, 0x00, 0x00, 0x00, 0x00,
    0x00, 0x04, 0xff, 0xfe, 0x00, 0x00, 0x00, 0x07,
    0xff, 0xff, 0xff, 0xff, 0xff, 0xff, 0xff, 0xff,
    0xff, 0x7f, 0xff, 0xff, 0xff, 0xff, 0xff, 0xff,
    0xff, 0xff, 0xf7, 0xff, 0xff, 0xff, 0xff, 0xff,
    0xff, 0xff, 0xff, 0xff, 0x6f, 0xff, 0xff, 0xff,
    0xff, 0xff, 0xff, 0xff, 0xff, 0xf0, 0x00, 0x00,
    0x00, 0x4f, 0xff, 0xe0, 0x00, 0x00, 0x00, 0x00,
    0x00, 0x00, 0x04, 0xff, 0xfe, 0x00, 0x00, 0x00,
    0x00, 0x00, 0x00, 0x00, 0x4f, 0xff, 0xe0, 0x00,
    0x00, 0x00, 0x00, 0x00, 0x00, 0x04, 0xff, 0xfe,
    0x00, 0x00, 0x00, 0x00, 0x00, 0x00, 0x00, 0x4e,
    0xee, 0xc0, 0x00, 0x00, 0x00, 0x00, 0x00, 0x00,
    0x00, 0x00, 0x00, 0x00, 0x00, 0x00, 0x00, 0x00,
    0x00, 0x00, 0x00, 0x00, 0x00, 0x00, 0x00, 0x00,
    0x7f, 0xff, 0xff, 0xff, 0xff, 0xff, 0xff, 0xff,
    0xff, 0xf7, 0xff, 0xff, 0xff, 0xff, 0xff, 0xff,
    0xff, 0xff, 0xff, 0x7f, 0xff, 0xff, 0xff, 0xff,
    0xff, 0xff, 0xff, 0xff, 0xf7, 0xff, 0xff, 0xff,
    0xff, 0xff, 0xff, 0xff, 0xff, 0xff, 0x00, 0x00,
    0x00, 0x00, 0x00, 0x00, 0x00, 0x00, 0x00, 0x00,

    /* U+00B2 "²" */
    0x00, 0x02, 0x9d, 0xff, 0xec, 0x81, 0x00, 0x00,
    0x07, 0xff, 0xff, 0xff, 0xff, 0xf5, 0x00, 0x06,
    0xff, 0xff, 0xff, 0xff, 0xff, 0xf3, 0x00, 0xdf,
    0xff, 0x92, 0x14, 0xcf, 0xff, 0xb0, 0x0f, 0xff,
    0xc0, 0x00, 0x01, 0xff, 0xfe, 0x00, 0x00, 0x00,
    0x00, 0x00, 0x0f, 0xff, 0xd0, 0x00, 0x00, 0x00,
    0x00, 0x09, 0xff, 0xf9, 0x00, 0x00, 0x00, 0x00,
    0x09, 0xff, 0xff, 0x20, 0x00, 0x00, 0x00, 0x1c,
    0xff, 0xff, 0x40, 0x00, 0x00, 0x00, 0x4e, 0xff,
    0xfe, 0x40, 0x00, 0x00, 0x00, 0x7f, 0xff, 0xfb,
    0x10, 0x00, 0x00, 0x00, 0xaf, 0xff, 0xf6, 0x00,
    0x00, 0x00, 0x02, 0xdf, 0xff, 0xf6, 0x44, 0x44,
    0x44, 0x10, 0xdf, 0xff, 0xff, 0xff, 0xff, 0xff,
    0xf5, 0x0d, 0xff, 0xff, 0xff, 0xff, 0xff, 0xff,
    0x50, 0xdf, 0xff, 0xff, 0xff, 0xff, 0xff, 0xf5,

    /* U+00B3 "³" */
    0x00, 0x00, 0x6b, 0xef, 0xfd, 0x93, 0x00, 0x00,
    0x03, 0xef, 0xff, 0xff, 0xff, 0xf9, 0x00, 0x01,
    0xff, 0xff, 0xff, 0xff, 0xff, 0xf8, 0x00, 0x9f,
    0xff, 0xc5, 0x23, 0x9f, 0xff, 0xf0, 0x07, 0xaa,
    0xa1, 0x00, 0x00, 0xcf, 0xff, 0x10, 0x00, 0x00,
    0x00, 0x00, 0x1e, 0xff, 0xe0, 0x00, 0x00, 0x01,
    0x77, 0x9e, 0xff, 0xe3, 0x00, 0x00, 0x00, 0x3f,
    0xff, 0xfe, 0x80, 0x00, 0x00, 0x00, 0x03, 0xff,
    0xff, 0xff, 0xd5, 0x00, 0x00, 0x00, 0x00, 0x01,
    0x6f, 0xff, 0xf5, 0x00, 0x00, 0x00, 0x00, 0x00,
    0x7f, 0xff, 0xc1, 0xdd, 0xdc, 0x00, 0x00, 0x08,
    0xff, 0xfc, 0x0d, 0xff, 0xfd, 0x64, 0x59, 0xff,
    0xff, 0x90, 0x4f, 0xff, 0xff, 0xff, 0xff, 0xff,
    0xf1, 0x00, 0x5e, 0xff, 0xff, 0xff, 0xff, 0xd3,
    0x00, 0x00, 0x07, 0xbe, 0xff, 0xda, 0x50, 0x00,

    /* U+00B4 "´" */
    0x00, 0x4b, 0xbb, 0xa1, 0x00, 0xdf, 0xff, 0x90,
    0x04, 0xff, 0xfe, 0x00, 0x0b, 0xff, 0xf4, 0x00,
    0x2f, 0xff, 0xa0, 0x00, 0xaf, 0xfe, 0x10, 0x00,

    /* U+00B5 "µ" */
    0x7f, 0xff, 0xf5, 0x00, 0x00, 0x00, 0x01, 0xff,
    0xff, 0xb0, 0x00, 0x7f, 0xff, 0xf5, 0x00, 0x00,
    0x00, 0x01, 0xff, 0xff, 0xb0, 0x00, 0x7f, 0xff,
    0xf5, 0x00, 0x00, 0x00, 0x01, 0xff, 0xff, 0xb0,
    0x00, 0x7f, 0xff, 0xf5, 0x00, 0x00, 0x00, 0x01,
    0xff, 0xff, 0xb0, 0x00, 0x7f, 0xff, 0xf5, 0x00,
    0x00, 0x00, 0x01, 0xff, 0xff, 0xb0, 0x00, 0x7f,
    0xff, 0xf5, 0x00, 0x00, 0x00, 0x01, 0xff, 0xff,
    0xb0, 0x00, 0x7f, 0xff, 0xf5, 0x00, 0x00, 0x00,
    0x01, 0xff, 0xff, 0xb0, 0x00, 0x7f, 0xff, 0xf5,
    0x00, 0x00, 0x00, 0x01, 0xff, 0xff, 0xb0, 0x00,
    0x7f, 0xff, 0xf5, 0x00, 0x00, 0x00, 0x01, 0xff,
    0xff, 0xb0, 0x00, 0x7f, 0xff, 0xf5, 0x00, 0x00,
    0x00, 0x01, 0xff, 0xff, 0xb0, 0x00, 0x7f, 0xff,
    0xf5, 0x00, 0x00, 0x00, 0x01, 0xff, 0xff, 0xb0,
    0x00, 0x7f, 0xff, 0xf5, 0x00, 0x00, 0x00, 0x01,
    0xff, 0xff, 0xb0, 0x00, 0x7f, 0xff, 0xf5, 0x00,
    0x00, 0x00, 0x01, 0xff, 0xff, 0xb0, 0x00, 0x7f,
    0xff, 0xf7, 0x00, 0x00, 0x00, 0x02, 0xff, 0xff,
    0xb0, 0x00, 0x7f, 0xff, 0xfe, 0x00, 0x00, 0x00,
    0x06, 0xff, 0xff, 0xb0, 0x00, 0x7f, 0xff, 0xff,
    0x20, 0x00, 0x00, 0x0d, 0xff, 0xff, 0xb0, 0x00,
    0x7f, 0xff, 0xff, 0xd3, 0x00, 0x01, 0xbf, 0xff,
    0xff, 0xd0, 0x00, 0x7f, 0xff, 0xff, 0xff, 0xdb,
    0xcf, 0xff, 0xff, 0xff, 0xfd, 0xb1, 0x7f, 0xff,
    0xfe, 0xff, 0xff, 0xff, 0xfe, 0x8f, 0xff, 0xff,
    0xf2, 0x7f, 0xff, 0xf6, 0xbf, 0xff, 0xff, 0xf4,
    0x0c, 0xff, 0xff, 0xf2, 0x7f, 0xff, 0xf5, 0x06,
    0xcf, 0xea, 0x20, 0x00, 0x7c, 0xff, 0xf2, 0x7f,
    0xff, 0xf5, 0x00, 0x00, 0x00, 0x00, 0x00, 0x00,
    0x00, 0x00, 0x7f, 0xff, 0xf5, 0x00, 0x00, 0x00,
    0x00, 0x00, 0x00, 0x00, 0x00, 0x7f, 0xff, 0xf5,
    0x00, 0x00, 0x00, 0x00, 0x00, 0x00, 0x00, 0x00,
    0x7f, 0xff, 0xf5, 0x00, 0x00, 0x00, 0x00, 0x00,
    0x00, 0x00, 0x00, 0x7f, 0xff, 0xf5, 0x00, 0x00,
    0x00, 0x00, 0x00, 0x00, 0x00, 0x00, 0x7f, 0xff,
    0xf5, 0x00, 0x00, 0x00, 0x00, 0x00, 0x00, 0x00,
    0x00, 0x7f, 0xff, 0xf5, 0x00, 0x00, 0x00, 0x00,
    0x00, 0x00, 0x00, 0x00, 0x7f, 0xff, 0xf5, 0x00,
    0x00, 0x00, 0x00, 0x00, 0x00, 0x00, 0x00,

    /* U+00B6 "¶" */
    0x00, 0x00, 0x02, 0x8c, 0xef, 0xff, 0xff, 0xff,
    0xff, 0xf0, 0x00, 0x00, 0x9f, 0xff, 0xff, 0xff,
    0xff, 0xff, 0xff, 0xf0, 0x00, 0x1d, 0xff, 0xff,
    0xff, 0xff, 0xff, 0xff, 0xff, 0xf0, 0x00, 0xcf,
    0xff, 0xff, 0xff, 0xff, 0xee, 0xff, 0xff, 0xf0,
    0x05, 0xff, 0xff, 0xff, 0xff, 0xf8, 0x00, 0x2f,
    0xff, 0xf0, 0x0c, 0xff, 0xff, 0xff, 0xff, 0xf8,
    0x00, 0x2f, 0xff, 0xf0, 0x1f, 0xff, 0xff, 0xff,
    0xff, 0xf8, 0x00, 0x2f, 0xff, 0xf0, 0x4f, 0xff,
    0xff, 0xff, 0xff, 0xf8, 0x00, 0x2f, 0xff, 0xf0,
    0x5f, 0xff, 0xff, 0xff, 0xff, 0xf8, 0x00, 0x2f,
    0xff, 0xf0, 0x4f, 0xff, 0xff, 0xff, 0xff, 0xf8,
    0x00, 0x2f, 0xff, 0xf0, 0x3f, 0xff, 0xff, 0xff,
    0xff, 0xf8, 0x00, 0x2f, 0xff, 0xf0, 0x0f, 0xff,
    0xff, 0xff, 0xff, 0xf8, 0x00, 0x2f, 0xff, 0xf0,
    0x0a, 0xff, 0xff, 0xff, 0xff, 0xf8, 0x00, 0x2f,
    0xff, 0xf0, 0x02, 0xff, 0xff, 0xff, 0xff, 0xf8,
    0x00, 0x2f, 0xff, 0xf0, 0x00, 0x7f, 0xff, 0xff,
    0xff, 0xf8, 0x00, 0x2f, 0xff, 0xf0, 0x00, 0x07,
    0xff, 0xff, 0xff, 0xf8, 0x00, 0x2f, 0xff, 0xf0,
    0x00, 0x00, 0x3b, 0xff, 0xff, 0xf8, 0x00, 0x2f,
    0xff, 0xf0, 0x00, 0x00, 0x00, 0x15, 0x89, 0x95,
    0x00, 0x2f, 0xff, 0xf0, 0x00, 0x00, 0x00, 0x00,
    0x00, 0x00, 0x00, 0x2f, 0xff, 0xf0, 0x00, 0x00,
    0x00, 0x00, 0x00, 0x00, 0x00, 0x2f, 0xff, 0xf0,
    0x00, 0x00, 0x00, 0x00, 0x00, 0x00, 0x00, 0x2f,
    0xff, 0xf0, 0x00, 0x00, 0x00, 0x00, 0x00, 0x00,
    0x00, 0x2f, 0xff, 0xf0, 0x00, 0x00, 0x00, 0x00,
    0x00, 0x00, 0x00, 0x2f, 0xff, 0xf0, 0x00, 0x00,
    0x00, 0x00, 0x00, 0x00, 0x00, 0x2f, 0xff, 0xf0,
    0x00, 0x00, 0x00, 0x00, 0x00, 0x00, 0x00, 0x2f,
    0xff, 0xf0, 0x00, 0x00, 0x00, 0x00, 0x00, 0x00,
    0x00, 0x2f, 0xff, 0xf0, 0x00, 0x00, 0x00, 0x00,
    0x00, 0x00, 0x00, 0x2f, 0xff, 0xf0, 0x00, 0x00,
    0x00, 0x00, 0x00, 0x00, 0x00, 0x2f, 0xff, 0xf0,

    /* U+00B7 "·" */
    0x06, 0xcd, 0x70, 0x06, 0xff, 0xff, 0x80, 0xdf,
    0xff, 0xfe, 0x0d, 0xff, 0xff, 0xf0, 0x7f, 0xff,
    0xf9, 0x00, 0x8e, 0xe9, 0x00,

    /* U+00B8 "¸" */
    0x00, 0xef, 0x30, 0x00, 0x00, 0xff, 0x20, 0x00,
    0x03, 0xff, 0x95, 0x00, 0x05, 0xff, 0xff, 0xe1,
    0x00, 0x22, 0x8f, 0xf8, 0x00, 0x00, 0x2f, 0xfa,
    0x01, 0x12, 0x8f, 0xf9, 0x2f, 0xff, 0xff, 0xf4,
    0x2f, 0xff, 0xeb, 0x40,

    /* U+00B9 "¹" */
    0x00, 0x02, 0xcf, 0xff, 0xf2, 0x00, 0x8f, 0xff,
    0xff, 0xf2, 0x0d, 0xff, 0xff, 0xff, 0xf2, 0x0f,
    0xff, 0xce, 0xff, 0xf2, 0x0f, 0xe6, 0x0d, 0xff,
    0xf2, 0x09, 0x10, 0x0d, 0xff, 0xf2, 0x00, 0x00,
    0x0d, 0xff, 0xf2, 0x00, 0x00, 0x0d, 0xff, 0xf2,
    0x00, 0x00, 0x0d, 0xff, 0xf2, 0x00, 0x00, 0x0d,
    0xff, 0xf2, 0x00, 0x00, 0x0d, 0xff, 0xf2, 0x00,
    0x00, 0x0d, 0xff, 0xf2, 0x00, 0x00, 0x0d, 0xff,
    0xf2, 0x00, 0x00, 0x0d, 0xff, 0xf2, 0x00, 0x00,
    0x0d, 0xff, 0xf2, 0x00, 0x00, 0x0d, 0xff, 0xf2,

    /* U+00BA "º" */
    0x00, 0x00, 0x29, 0xce, 0xfd, 0xb5, 0x00, 0x00,
    0x00, 0x00, 0x9f, 0xff, 0xff, 0xff, 0xfe, 0x30,
    0x00, 0x00, 0xbf, 0xff, 0xff, 0xff, 0xff, 0xff,
    0x40, 0x00, 0x8f, 0xff, 0xfa, 0x54, 0x6d, 0xff,
    0xfe, 0x10, 0x0f, 0xff, 0xf7, 0x00, 0x00, 0x1d,
    0xff, 0xf7, 0x05, 0xff, 0xfd, 0x00, 0x00, 0x00,
    0x4f, 0xff, 0xd0, 0x8f, 0xff, 0x80, 0x00, 0x00,
    0x00, 0xff, 0xff, 0x0a, 0xff, 0xf6, 0x00, 0x00,
    0x00, 0x0d, 0xff, 0xf2, 0xaf, 0xff, 0x60, 0x00,
    0x00, 0x00, 0xdf, 0xff, 0x28, 0xff, 0xf8, 0x00,
    0x00, 0x00, 0x0f, 0xff, 0xf0, 0x5f, 0xff, 0xd0,
    0x00, 0x00, 0x04, 0xff, 0xfd, 0x00, 0xff, 0xff,
    0x70, 0x00, 0x01, 0xdf, 0xff, 0x70, 0x07, 0xff,
    0xff, 0xa5, 0x47, 0xef, 0xff, 0xe1, 0x00, 0x0b,
    0xff, 0xff, 0xff, 0xff, 0xff, 0xf4, 0x00, 0x00,
    0x09, 0xff, 0xff, 0xff, 0xff, 0xe3, 0x00, 0x00,
    0x00, 0x03, 0x9d, 0xff, 0xdb, 0x60, 0x00, 0x00,

    /* U+00BB "»" */
    0x38, 0x88, 0x86, 0x00, 0x08, 0x88, 0x88, 0x10,
    0x00, 0x00, 0x00, 0x0b, 0xff, 0xff, 0x70, 0x06,
    0xff, 0xff, 0xc0, 0x00, 0x00, 0x00, 0x01, 0xdf,
    0xff, 0xf5, 0x00, 0x9f, 0xff, 0xfa, 0x00, 0x00,
    0x00, 0x00, 0x2e, 0xff, 0xff, 0x30, 0x0b, 0xff,
    0xff, 0x70, 0x00, 0x00, 0x00, 0x04, 0xff, 0xff,
    0xe2, 0x01, 0xdf, 0xff, 0xf5, 0x00, 0x00, 0x00,
    0x00, 0x6f, 0xff, 0xfd, 0x00, 0x2e, 0xff, 0xff,
    0x30, 0x00, 0x00, 0x00, 0x09, 0xff, 0xff, 0xb0,
    0x04, 0xff, 0xff, 0xe2, 0x00, 0x00, 0x00, 0x00,
    0xbf, 0xff, 0xf9, 0x00, 0x6f, 0xff, 0xfd, 0x00,
    0x00, 0x00, 0x00, 0x0d, 0xff, 0xff, 0x60, 0x09,
    0xff, 0xff, 0xb0, 0x00, 0x00, 0x00, 0x08, 0xff,
    0xff, 0xc0, 0x03, 0xff, 0xff, 0xf2, 0x00, 0x00,
    0x00, 0x5f, 0xff, 0xfe, 0x10, 0x1e, 0xff, 0xff,
    0x40, 0x00, 0x00, 0x03, 0xff, 0xff, 0xf3, 0x00,
    0xdf, 0xff, 0xf7, 0x00, 0x00, 0x00, 0x1e, 0xff,
    0xff, 0x40, 0x0a, 0xff, 0xff, 0x90, 0x00, 0x00,
    0x00, 0xcf, 0xff, 0xf7, 0x00, 0x8f, 0xff, 0xfb,
    0x00, 0x00, 0x00, 0x0a, 0xff, 0xff, 0x90, 0x05,
    0xff, 0xff, 0xd1, 0x00, 0x00, 0x00, 0x8f, 0xff,
    0xfb, 0x00, 0x3f, 0xff, 0xfe, 0x20, 0x00, 0x00,
    0x05, 0xff, 0xff, 0xd0, 0x01, 0xef, 0xff, 0xf3,
    0x00, 0x00, 0x00, 0x3f, 0xff, 0xfe, 0x20, 0x0d,
    0xff, 0xff, 0x50, 0x00, 0x00, 0x00,

    /* U+00BC "¼" */
    0x00, 0x02, 0x44, 0x42, 0x00, 0x00, 0x00, 0x00,
    0x00, 0x00, 0x01, 0x44, 0x41, 0x00, 0x00, 0x00,
    0x7f, 0xff, 0xf9, 0x00, 0x00, 0x00, 0x00, 0x00,
    0x00, 0x0b, 0xff, 0xd0, 0x00, 0x00, 0x1b, 0xff,
    0xff, 0xf9, 0x00, 0x00, 0x00, 0x00, 0x00, 0x00,
    0x6f, 0xff, 0x30, 0x00, 0x00, 0x8f, 0xfe, 0xff,
    0xf9, 0x00, 0x00, 0x00, 0x00, 0x00, 0x02, 0xff,
    0xf7, 0x00, 0x00, 0x00, 0x8f, 0xb1, 0xef, 0xf9,
    0x00, 0x00, 0x00, 0x00, 0x00, 0x0c, 0xff, 0xc0,
    0x00, 0x00, 0x00, 0x87, 0x00, 0xef, 0xf9, 0x00,
    0x00, 0x00, 0x00, 0x00, 0x8f, 0xff, 0x20, 0x00,
    0x00, 0x00, 0x00, 0x00, 0xef, 0xf9, 0x00, 0x00,
    0x00, 0x00, 0x03, 0xff, 0xf6, 0x00, 0x00, 0x00,
    0x00, 0x00, 0x00, 0xef, 0xf9, 0x00, 0x00, 0x00,
    0x00, 0x0d, 0xff, 0xb0, 0x00, 0x00, 0x00, 0x00,
    0x00, 0x00, 0xef, 0xf9, 0x00, 0x00, 0x00, 0x00,
    0x9f, 0xfe, 0x10, 0x00, 0x00, 0x00, 0x00, 0x00,
    0x00, 0xef, 0xf9, 0x00, 0x00, 0x00, 0x04, 0xff,
    0xf5, 0x00, 0x00, 0x00, 0x00, 0x00, 0x00, 0x00,
    0xef, 0xf9, 0x00, 0x00, 0x00, 0x1e, 0xff, 0x90,
    0x00, 0x00, 0x00, 0x00, 0x00, 0x00, 0x00, 0xef,
    0xf9, 0x00, 0x00, 0x00, 0xbf, 0xfd, 0x00, 0x00,
    0x00, 0x00, 0x00, 0x00, 0x00, 0x00, 0xef, 0xf9,
    0x00, 0x00, 0x06, 0xff, 0xf3, 0x00, 0x00, 0x01,
    0x21, 0x10, 0x00, 0x00, 0x00, 0xef, 0xf9, 0x00,
    0x00, 0x2f, 0xff, 0x80, 0x00, 0x00, 0x4f, 0xff,
    0xf6, 0x00, 0x00, 0x00, 0xef, 0xf9, 0x00, 0x00,
    0xcf, 0xfc, 0x00, 0x00, 0x00, 0xdf, 0xff, 0xf6,
    0x00, 0x00, 0x00, 0xef, 0xf9, 0x00, 0x07, 0xff,
    0xf2, 0x00, 0x00, 0x07, 0xff, 0xff, 0xf6, 0x00,
    0x00, 0x00, 0x00, 0x00, 0x00, 0x3f, 0xff, 0x60,
    0x00, 0x00, 0x1f, 0xff, 0xff, 0xf6, 0x00, 0x00,
    0x00, 0x00, 0x00, 0x00, 0xdf, 0xfb, 0x00, 0x00,
    0x00, 0xaf, 0xfb, 0xcf, 0xf6, 0x00, 0x00, 0x00,
    0x00, 0x00, 0x09, 0xff, 0xe1, 0x00, 0x00, 0x03,
    0xff, 0xf2, 0xcf, 0xf6, 0x00, 0x00, 0x00, 0x00,
    0x00, 0x4f, 0xff, 0x50, 0x00, 0x00, 0x0c, 0xff,
    0x90, 0xcf, 0xf6, 0x00, 0x00, 0x00, 0x00, 0x01,
    0xef, 0xfa, 0x00, 0x00, 0x00, 0x6f, 0xff, 0x10,
    0xcf, 0xf6, 0x00, 0x00, 0x00, 0x00, 0x0a, 0xff,
    0xe1, 0x00, 0x00, 0x00, 0xef, 0xf7, 0x00, 0xcf,
    0xf6, 0x00, 0x00, 0x00, 0x00, 0x5f, 0xff, 0x40,
    0x00, 0x00, 0x08, 0xff, 0xd0, 0x00, 0xcf, 0xf6,
    0x00, 0x00, 0x00, 0x01, 0xff, 0xf8, 0x00, 0x00,
    0x00, 0x0f, 0xff, 0xff, 0xff, 0xff, 0xff, 0xf3,
    0x00, 0x00, 0x0c, 0xff, 0xd0, 0x00, 0x00, 0x00,
    0x0f, 0xff, 0xff, 0xff, 0xff, 0xff, 0xf4, 0x00,
    0x00, 0x7f, 0xff, 0x30, 0x00, 0x00, 0x00, 0x0f,
    0xff, 0xff, 0xff, 0xff, 0xff, 0xf4, 0x00, 0x02,
    0xff, 0xf7, 0x00, 0x00, 0x00, 0x00, 0x00, 0x00,
    0x00, 0x00, 0xef, 0xf6, 0x00, 0x00, 0x0d, 0xff,
    0xc0, 0x00, 0x00, 0x00, 0x00, 0x00, 0x00, 0x00,
    0x00, 0xef, 0xf6, 0x00,

    /* U+00BD "½" */
    0x00, 0x3e, 0xff, 0xf9, 0x00, 0x00, 0x00, 0x00,
    0x00, 0x00, 0x08, 0xff, 0xf2, 0x00, 0x00, 0x00,
    0x7f, 0xff, 0xff, 0x90, 0x00, 0x00, 0x00, 0x00,
    0x00, 0x03, 0xff, 0xf6, 0x00, 0x00, 0x00, 0x7f,
    0xff, 0xff, 0xf9, 0x00, 0x00, 0x00, 0x00, 0x00,
    0x00, 0xdf, 0xfb, 0x00, 0x00, 0x00, 0x08, 0xfe,
    0x4e, 0xff, 0x90, 0x00, 0x00, 0x00, 0x00, 0x00,
    0x9f, 0xfe, 0x10, 0x00, 0x00, 0x00, 0x8c, 0x10,
    0xef, 0xf9, 0x00, 0x00, 0x00, 0x00, 0x00, 0x4f,
    0xff, 0x50, 0x00, 0x00, 0x00, 0x03, 0x00, 0x0e,
    0xff, 0x90, 0x00, 0x00, 0x00, 0x00, 0x0e, 0xff,
    0xb0, 0x00, 0x00, 0x00, 0x00, 0x00, 0x00, 0xef,
    0xf9, 0x00, 0x00, 0x00, 0x00, 0x09, 0xff, 0xe1,
    0x00, 0x00, 0x00, 0x00, 0x00, 0x00, 0x0e, 0xff,
    0x90, 0x00, 0x00, 0x00, 0x04, 0xff, 0xf5, 0x00,
    0x00, 0x00, 0x00, 0x00, 0x00, 0x00, 0xef, 0xf9,
    0x00, 0x00, 0x00, 0x01, 0xef, 0xfa, 0x00, 0x00,
    0x00, 0x00, 0x00, 0x00, 0x00, 0x0e, 0xff, 0x90,
    0x00, 0x00, 0x00, 0xaf, 0xfe, 0x10, 0x00, 0x00,
    0x00, 0x00, 0x00, 0x00, 0x00, 0xef, 0xf9, 0x00,
    0x00, 0x00, 0x5f, 0xff, 0x40, 0x00, 0x00, 0x00,
    0x00, 0x00, 0x00, 0x00, 0x0e, 0xff, 0x90, 0x00,
    0x00, 0x1e, 0xff, 0x90, 0x00, 0x00, 0x00, 0x00,
    0x00, 0x00, 0x00, 0x00, 0xef, 0xf9, 0x00, 0x00,
    0x0a, 0xff, 0xe0, 0x00, 0x00, 0x59, 0xbb, 0x83,
    0x00, 0x00, 0x00, 0x0e, 0xff, 0x90, 0x00, 0x05,
    0xff, 0xf4, 0x00, 0x02, 0xdf, 0xff, 0xff, 0xfb,
    0x00, 0x00, 0x00, 0xef, 0xf9, 0x00, 0x01, 0xef,
    0xf9, 0x00, 0x00, 0xdf, 0xff, 0xff, 0xff, 0xfa,
    0x00, 0x00, 0x03, 0x44, 0x20, 0x00, 0xbf, 0xfd,
    0x00, 0x00, 0x5f, 0xff, 0x70, 0x2b, 0xff, 0xf1,
    0x00, 0x00, 0x00, 0x00, 0x00, 0x6f, 0xff, 0x30,
    0x00, 0x06, 0xcc, 0xb0, 0x00, 0x2f, 0xff, 0x40,
    0x00, 0x00, 0x00, 0x00, 0x2f, 0xff, 0x80, 0x00,
    0x00, 0x00, 0x00, 0x00, 0x03, 0xff, 0xf3, 0x00,
    0x00, 0x00, 0x00, 0x0b, 0xff, 0xd0, 0x00, 0x00,
    0x00, 0x00, 0x00, 0x00, 0xaf, 0xfe, 0x00, 0x00,
    0x00, 0x00, 0x07, 0xff, 0xf3, 0x00, 0x00, 0x00,
    0x00, 0x00, 0x00, 0x6f, 0xff, 0x50, 0x00, 0x00,
    0x00, 0x02, 0xff, 0xf8, 0x00, 0x00, 0x00, 0x00,
    0x00, 0x00, 0x5f, 0xff, 0xa0, 0x00, 0x00, 0x00,
    0x00, 0xcf, 0xfc, 0x00, 0x00, 0x00, 0x00, 0x00,
    0x00, 0x5f, 0xff, 0xc0, 0x00, 0x00, 0x00, 0x00,
    0x7f, 0xff, 0x20, 0x00, 0x00, 0x00, 0x00, 0x00,
    0x4f, 0xff, 0xd1, 0x00, 0x00, 0x00, 0x00, 0x2f,
    0xff, 0x70, 0x00, 0x00, 0x00, 0x00, 0x00, 0x4f,
    0xff, 0xd1, 0x00, 0x00, 0x00, 0x00, 0x0c, 0xff,
    0xc0, 0x00, 0x00, 0x00, 0x00, 0x00, 0x4f, 0xff,
    0xe2, 0x00, 0x00, 0x00, 0x00, 0x08, 0xff, 0xf2,
    0x00, 0x00, 0x00, 0x00, 0x00, 0x2f, 0xff, 0xff,
    0xff, 0xff, 0xf8, 0x00, 0x03, 0xff, 0xf7, 0x00,
    0x00, 0x00, 0x00, 0x00, 0x04, 0xff, 0xff, 0xff,
    0xff, 0xff, 0x80, 0x00, 0xdf, 0xfc, 0x00, 0x00,
    0x00, 0x00, 0x00, 0x00, 0x4f, 0xff, 0xff, 0xff,
    0xff, 0xf8,

    /* U+00BE "¾" */
    0x00, 0x02, 0x8b, 0xdb, 0x71, 0x00, 0x00, 0x00,
    0x00, 0x00, 0x00, 0x00, 0x8d, 0xdc, 0x10, 0x00,
    0x00, 0x08, 0xff, 0xff, 0xff, 0xe4, 0x00, 0x00,
    0x00, 0x00, 0x00, 0x00, 0x3f, 0xff, 0x60, 0x00,
    0x00, 0x07, 0xff, 0xff, 0xff, 0xff, 0xe1, 0x00,
    0x00, 0x00, 0x00, 0x00, 0x0d, 0xff, 0xb0, 0x00,
    0x00, 0x00, 0xff, 0xfc, 0x30, 0x5f, 0xff, 0x70,
    0x00, 0x00, 0x00, 0x00, 0x09, 0xff, 0xe1, 0x00,
    0x00, 0x00, 0x08, 0x88, 0x20, 0x00, 0xcf, 0xfa,
    0x00, 0x00, 0x00, 0x00, 0x04, 0xff, 0xf5, 0x00,
    0x00, 0x00, 0x00, 0x00, 0x00, 0x00, 0x0d, 0xff,
    0x90, 0x00, 0x00, 0x00, 0x01, 0xef, 0xfa, 0x00,
    0x00, 0x00, 0x00, 0x00, 0x00, 0x00, 0x18, 0xff,
    0xf3, 0x00, 0x00, 0x00, 0x00, 0xaf, 0xfe, 0x10,
    0x00, 0x00, 0x00, 0x00, 0x00, 0x07, 0xff, 0xff,
    0xe5, 0x00, 0x00, 0x00, 0x00, 0x5f, 0xff, 0x40,
    0x00, 0x00, 0x00, 0x00, 0x00, 0x00, 0x7f, 0xff,
    0xf8, 0x30, 0x00, 0x00, 0x00, 0x1e, 0xff, 0x90,
    0x00, 0x00, 0x00, 0x00, 0x00, 0x00, 0x04, 0x9a,
    0xdf, 0xff, 0x80, 0x00, 0x00, 0x0b, 0xff, 0xd0,
    0x00, 0x00, 0x00, 0x00, 0x00, 0x00, 0x00, 0x00,
    0x00, 0xbf, 0xff, 0x10, 0x00, 0x05, 0xff, 0xf3,
    0x00, 0x00, 0x00, 0x00, 0x00, 0x00, 0x00, 0x00,
    0x00, 0x07, 0xff, 0xf4, 0x00, 0x01, 0xff, 0xf8,
    0x00, 0x00, 0x00, 0x00, 0x00, 0x00, 0x5e, 0xee,
    0x82, 0x03, 0xdf, 0xff, 0x30, 0x00, 0xbf, 0xfd,
    0x00, 0x00, 0x00, 0x00, 0x00, 0x00, 0x01, 0xff,
    0xff, 0xff, 0xff, 0xff, 0xc0, 0x00, 0x6f, 0xff,
    0x30, 0x00, 0x00, 0x6f, 0xff, 0xf4, 0x00, 0x04,
    0xef, 0xff, 0xff, 0xff, 0xc1, 0x00, 0x2f, 0xff,
    0x80, 0x00, 0x00, 0x0e, 0xff, 0xff, 0x40, 0x00,
    0x01, 0x7b, 0xef, 0xdb, 0x50, 0x00, 0x0c, 0xff,
    0xc0, 0x00, 0x00, 0x08, 0xff, 0xff, 0xf4, 0x00,
    0x00, 0x00, 0x00, 0x00, 0x00, 0x00, 0x07, 0xff,
    0xf2, 0x00, 0x00, 0x02, 0xff, 0xff, 0xff, 0x40,
    0x00, 0x00, 0x00, 0x00, 0x00, 0x00, 0x02, 0xff,
    0xf7, 0x00, 0x00, 0x00, 0xbf, 0xf9, 0xef, 0xf4,
    0x00, 0x00, 0x00, 0x00, 0x00, 0x00, 0x00, 0xcf,
    0xfc, 0x00, 0x00, 0x00, 0x5f, 0xfe, 0x1e, 0xff,
    0x40, 0x00, 0x00, 0x00, 0x00, 0x00, 0x00, 0x8f,
    0xff, 0x20, 0x00, 0x00, 0x0d, 0xff, 0x70, 0xef,
    0xf4, 0x00, 0x00, 0x00, 0x00, 0x00, 0x00, 0x3f,
    0xff, 0x60, 0x00, 0x00, 0x07, 0xff, 0xd0, 0x0e,
    0xff, 0x40, 0x00, 0x00, 0x00, 0x00, 0x00, 0x0d,
    0xff, 0xb0, 0x00, 0x00, 0x01, 0xff, 0xf5, 0x00,
    0xef, 0xf4, 0x00, 0x00, 0x00, 0x00, 0x00, 0x08,
    0xff, 0xf1, 0x00, 0x00, 0x00, 0xaf, 0xfc, 0x00,
    0x0e, 0xff, 0x40, 0x00, 0x00, 0x00, 0x00, 0x03,
    0xff, 0xf5, 0x00, 0x00, 0x00, 0x1f, 0xff, 0xff,
    0xff, 0xff, 0xff, 0xf1, 0x00, 0x00, 0x00, 0x00,
    0xdf, 0xfa, 0x00, 0x00, 0x00, 0x01, 0xff, 0xff,
    0xff, 0xff, 0xff, 0xff, 0x20, 0x00, 0x00, 0x00,
    0x9f, 0xfe, 0x10, 0x00, 0x00, 0x00, 0x1f, 0xff,
    0xff, 0xff, 0xff, 0xff, 0xf2, 0x00, 0x00, 0x00,
    0x4f, 0xff, 0x50, 0x00, 0x00, 0x00, 0x00, 0x00,
    0x00, 0x00, 0x0f, 0xff, 0x40, 0x00, 0x00, 0x00,
    0x1e, 0xff, 0xa0, 0x00, 0x00, 0x00, 0x00, 0x00,
    0x00, 0x00, 0x00, 0xff, 0xf4, 0x00,

    /* U+00BF "¿" */
    0x00, 0x00, 0x00, 0x00, 0x7e, 0xfb, 0x20, 0x00,
    0x00, 0x00, 0x00, 0x00, 0x00, 0x6f, 0xff, 0xfd,
    0x00, 0x00, 0x00, 0x00, 0x00, 0x00, 0x0b, 0xff,
    0xff, 0xf2, 0x00, 0x00, 0x00, 0x00, 0x00, 0x00,
    0xbf, 0xff, 0xff, 0x20, 0x00, 0x00, 0x00, 0x00,
    0x00, 0x05, 0xff, 0xff, 0xb0, 0x00, 0x00, 0x00,
    0x00, 0x00, 0x00, 0x05, 0xbc, 0x80, 0x00, 0x00,
    0x00, 0x00, 0x00, 0x00, 0x00, 0x00, 0x00, 0x00,
    0x00, 0x00, 0x00, 0x00, 0x00, 0x00, 0x00, 0x00,
    0x00, 0x00, 0x00, 0x00, 0x00, 0x00, 0x00, 0x00,
    0x22, 0x22, 0x10, 0x00, 0x00, 0x00, 0x00, 0x00,
    0x00, 0x0f, 0xff, 0xf7, 0x00, 0x00, 0x00, 0x00,
    0x00, 0x00, 0x01, 0xff, 0xff, 0x60, 0x00, 0x00,
    0x00, 0x00, 0x00, 0x00, 0x4f, 0xff, 0xf5, 0x00,
    0x00, 0x00, 0x00, 0x00, 0x00, 0x0c, 0xff, 0xff,
    0x20, 0x00, 0x00, 0x00, 0x00, 0x00, 0x0a, 0xff,
    0xff, 0xd0, 0x00, 0x00, 0x00, 0x00, 0x00, 0x2d,
    0xff, 0xff, 0xf6, 0x00, 0x00, 0x00, 0x00, 0x00,
    0x6f, 0xff, 0xff, 0xf9, 0x00, 0x00, 0x00, 0x00,
    0x00, 0x6f, 0xff, 0xff, 0xf6, 0x00, 0x00, 0x00,
    0x00, 0x00, 0x3f, 0xff, 0xff, 0xd2, 0x00, 0x00,
    0x00, 0x00, 0x00, 0x0a, 0xff, 0xff, 0xd1, 0x00,
    0x00, 0x00, 0x00, 0x00, 0x00, 0xff, 0xff, 0xf4,
    0x00, 0x00, 0x00, 0x00, 0x00, 0x00, 0x2f, 0xff,
    0xfe, 0x00, 0x00, 0x00, 0x00, 0x00, 0x00, 0x02,
    0xff, 0xff, 0xc0, 0x00, 0x00, 0x00, 0x8e, 0xee,
    0xe1, 0x1f, 0xff, 0xfe, 0x00, 0x00, 0x00, 0x0d,
    0xff, 0xff, 0x00, 0xef, 0xff, 0xf7, 0x00, 0x00,
    0x06, 0xff, 0xff, 0xc0, 0x08, 0xff, 0xff, 0xf8,
    0x20, 0x28, 0xff, 0xff, 0xf7, 0x00, 0x1e, 0xff,
    0xff, 0xff, 0xff, 0xff, 0xff, 0xfd, 0x00, 0x00,
    0x3f, 0xff, 0xff, 0xff, 0xff, 0xff, 0xfe, 0x10,
    0x00, 0x00, 0x2b, 0xff, 0xff, 0xff, 0xff, 0xfa,
    0x10, 0x00, 0x00, 0x00, 0x03, 0x9c, 0xef, 0xec,
    0x83, 0x00, 0x00, 0x00,

    /* U+00C0 "À" */
    0x00, 0x00, 0x00, 0x00, 0x5f, 0xff, 0xf4, 0x00,
    0x00, 0x00, 0x00, 0x00, 0x00, 0x00, 0x00, 0x00,
    0x00, 0x00, 0xaf, 0xff, 0xb0, 0x00, 0x00, 0x00,
    0x00, 0x00, 0x00, 0x00, 0x00, 0x00, 0x00, 0x01,
    0xef, 0xff, 0x20, 0x00, 0x00, 0x00, 0x00, 0x00,
    0x00, 0x00, 0x00, 0x00, 0x00, 0x05, 0xff, 0xf9,
    0x00, 0x00, 0x00, 0x00, 0x00, 0x00, 0x00, 0x00,
    0x00, 0x00, 0x00, 0x0b, 0xff, 0xf1, 0x00, 0x00,
    0x00, 0x00, 0x00, 0x00, 0x00, 0x00, 0x00, 0x00,
    0x00, 0x1a, 0xbb, 0x40, 0x00, 0x00, 0x00, 0x00,
    0x00, 0x00, 0x00, 0x00, 0x00, 0x00, 0x00, 0x00,
    0x00, 0x00, 0x00, 0x00, 0x00, 0x00, 0x00, 0x00,
    0x00, 0x00, 0x00, 0x00, 0x00, 0x00, 0x00, 0x00,
    0x00, 0x00, 0x00, 0x00, 0x00, 0x00, 0x00, 0x00,
    0x00, 0x9f, 0xff, 0xff, 0xf1, 0x00, 0x00, 0x00,
    0x00, 0x00, 0x00, 0x00, 0x00, 0x00, 0x0e, 0xff,
    0xff, 0xff, 0x60, 0x00, 0x00, 0x00, 0x00, 0x00,
    0x00, 0x00, 0x00, 0x04, 0xff, 0xff, 0xff, 0xfb,
    0x00, 0x00, 0x00, 0x00, 0x00, 0x00, 0x00, 0x00,
    0x00, 0xaf, 0xff, 0xff, 0xff, 0xf1, 0x00, 0x00,
    0x00, 0x00, 0x00, 0x00, 0x00, 0x00, 0x0f, 0xff,
    0xfa, 0xff, 0xff, 0x70, 0x00, 0x00, 0x00, 0x00,
    0x00, 0x00, 0x00, 0x05, 0xff, 0xff, 0x4e, 0xff,
    0xfc, 0x00, 0x00, 0x00, 0x00, 0x00, 0x00, 0x00,
    0x00, 0xaf, 0xff, 0xf0, 0x9f, 0xff, 0xf2, 0x00,
    0x00, 0x00, 0x00, 0x00, 0x00, 0x00, 0x0f, 0xff,
    0xfb, 0x05, 0xff, 0xff, 0x80, 0x00, 0x00, 0x00,
    0x00, 0x00, 0x00, 0x05, 0xff, 0xff, 0x70, 0x1f,
    0xff, 0xfd, 0x00, 0x00, 0x00, 0x00, 0x00, 0x00,
    0x00, 0xbf, 0xff, 0xf3, 0x00, 0xcf, 0xff, 0xf3,
    0x00, 0x00, 0x00, 0x00, 0x00, 0x00, 0x1f, 0xff,
    0xfe, 0x00, 0x08, 0xff, 0xff, 0x80, 0x00, 0x00,
    0x00, 0x00, 0x00, 0x06, 0xff, 0xff, 0xa0, 0x00,
    0x3f, 0xff, 0xfe, 0x00, 0x00, 0x00, 0x00, 0x00,
    0x00, 0xbf, 0xff, 0xf5, 0x00, 0x00, 0xef, 0xff,
    0xf4, 0x00, 0x00, 0x00, 0x00, 0x00, 0x1f, 0xff,
    0xff, 0x10, 0x00, 0x09, 0xff, 0xff, 0x90, 0x00,
    0x00, 0x00, 0x00, 0x06, 0xff, 0xff, 0xc0, 0x00,
    0x00, 0x4f, 0xff, 0xff, 0x00, 0x00, 0x00, 0x00,
    0x00, 0xcf, 0xff, 0xf6, 0x00, 0x00, 0x00, 0xef,
    0xff, 0xf5, 0x00, 0x00, 0x00, 0x00, 0x1f, 0xff,
    0xff, 0x10, 0x00, 0x00, 0x09, 0xff, 0xff, 0xa0,
    0x00, 0x00, 0x00, 0x07, 0xff, 0xff, 0xff, 0xff,
    0xff, 0xff, 0xff, 0xff, 0xff, 0x00, 0x00, 0x00,
    0x00, 0xcf, 0xff, 0xff, 0xff, 0xff, 0xff, 0xff,
    0xff, 0xff, 0xf6, 0x00, 0x00, 0x00, 0x2f, 0xff,
    0xff, 0xff, 0xff, 0xff, 0xff, 0xff, 0xff, 0xff,
    0xb0, 0x00, 0x00, 0x07, 0xff, 0xff, 0xff, 0xff,
    0xff, 0xff, 0xff, 0xff, 0xff, 0xff, 0x10, 0x00,
    0x00, 0xdf, 0xff, 0xf7, 0x00, 0x00, 0x00, 0x00,
    0x00, 0xef, 0xff, 0xf7, 0x00, 0x00, 0x2f, 0xff,
    0xff, 0x20, 0x00, 0x00, 0x00, 0x00, 0x08, 0xff,
    0xff, 0xc0, 0x00, 0x08, 0xff, 0xff, 0xc0, 0x00,
    0x00, 0x00, 0x00, 0x00, 0x3f, 0xff, 0xff, 0x20,
    0x00, 0xdf, 0xff, 0xf7, 0x00, 0x00, 0x00, 0x00,
    0x00, 0x00, 0xef, 0xff, 0xf7, 0x00, 0x3f, 0xff,
    0xff, 0x20, 0x00, 0x00, 0x00, 0x00, 0x00, 0x08,
    0xff, 0xff, 0xd0, 0x09, 0xff, 0xff, 0xd0, 0x00,
    0x00, 0x00, 0x00, 0x00, 0x00, 0x3f, 0xff, 0xff,
    0x30, 0xef, 0xff, 0xf8, 0x00, 0x00, 0x00, 0x00,
    0x00, 0x00, 0x00, 0xdf, 0xff, 0xf8,

    /* U+00C1 "Á" */
    0x00, 0x00, 0x00, 0x00, 0x00, 0x00, 0x00, 0xaf,
    0xff, 0xd0, 0x00, 0x00, 0x00, 0x00, 0x00, 0x00,
    0x00, 0x00, 0x00, 0x00, 0x2f, 0xff, 0xf3, 0x00,
    0x00, 0x00, 0x00, 0x00, 0x00, 0x00, 0x00, 0x00,
    0x00, 0x09, 0xff, 0xf9, 0x00, 0x00, 0x00, 0x00,
    0x00, 0x00, 0x00, 0x00, 0x00, 0x00, 0x01, 0xff,
    0xfd, 0x00, 0x00, 0x00, 0x00, 0x00, 0x00, 0x00,
    0x00, 0x00, 0x00, 0x00, 0x7f, 0xff, 0x40, 0x00,
    0x00, 0x00, 0x00, 0x00, 0x00, 0x00, 0x00, 0x00,
    0x00, 0x09, 0xbb, 0x70, 0x00, 0x00, 0x00, 0x00,
    0x00, 0x00, 0x00, 0x00, 0x00, 0x00, 0x00, 0x00,
    0x00, 0x00, 0x00, 0x00, 0x00, 0x00, 0x00, 0x00,
    0x00, 0x00, 0x00, 0x00, 0x00, 0x00, 0x00, 0x00,
    0x00, 0x00, 0x00, 0x00, 0x00, 0x00, 0x00, 0x00,
    0x00, 0x9f, 0xff, 0xff, 0xf1, 0x00, 0x00, 0x00,
    0x00, 0x00, 0x00, 0x00, 0x00, 0x00, 0x0e, 0xff,
    0xff, 0xff, 0x60, 0x00, 0x00, 0x00, 0x00, 0x00,
    0x00, 0x00, 0x00, 0x04, 0xff, 0xff, 0xff, 0xfb,
    0x00, 0x00, 0x00, 0x00, 0x00, 0x00, 0x00, 0x00,
    0x00, 0xaf, 0xff, 0xff, 0xff, 0xf1, 0x00, 0x00,
    0x00, 0x00, 0x00, 0x00, 0x00, 0x00, 0x0f, 0xff,
    0xfa, 0xff, 0xff, 0x70, 0x00, 0x00, 0x00, 0x00,
    0x00, 0x00, 0x00, 0x05, 0xff, 0xff, 0x4e, 0xff,
    0xfc, 0x00, 0x00, 0x00, 0x00, 0x00, 0x00, 0x00,
    0x00, 0xaf, 0xff, 0xf0, 0x9f, 0xff, 0xf2, 0x00,
    0x00, 0x00, 0x00, 0x00, 0x00, 0x00, 0x0f, 0xff,
    0xfb, 0x05, 0xff, 0xff, 0x80, 0x00, 0x00, 0x00,
    0x00, 0x00, 0x00, 0x05, 0xff, 0xff, 0x70, 0x1f,
    0xff, 0xfd, 0x00, 0x00, 0x00, 0x00, 0x00, 0x00,
    0x00, 0xbf, 0xff, 0xf3, 0x00, 0xcf, 0xff, 0xf3,
    0x00, 0x00, 0x00, 0x00, 0x00, 0x00, 0x1f, 0xff,
    0xfe, 0x00, 0x08, 0xff, 0xff, 0x80, 0x00, 0x00,
    0x00, 0x00, 0x00, 0x06, 0xff, 0xff, 0xa0, 0x00,
    0x3f, 0xff, 0xfe, 0x00, 0x00, 0x00, 0x00, 0x00,
    0x00, 0xbf, 0xff, 0xf5, 0x00, 0x00, 0xef, 0xff,
    0xf4, 0x00, 0x00, 0x00, 0x00, 0x00, 0x1f, 0xff,
    0xff, 0x10, 0x00, 0x09, 0xff, 0xff, 0x90, 0x00,
    0x00, 0x00, 0x00, 0x06, 0xff, 0xff, 0xc0, 0x00,
    0x00, 0x4f, 0xff, 0xff, 0x00, 0x00, 0x00, 0x00,
    0x00, 0xcf, 0xff, 0xf6, 0x00, 0x00, 0x00, 0xef,
    0xff, 0xf5, 0x00, 0x00, 0x00, 0x00, 0x1f, 0xff,
    0xff, 0x10, 0x00, 0x00, 0x09, 0xff, 0xff, 0xa0,
    0x00, 0x00, 0x00, 0x07, 0xff, 0xff, 0xff, 0xff,
    0xff, 0xff, 0xff, 0xff, 0xff, 0x00, 0x00, 0x00,
    0x00, 0xcf, 0xff, 0xff, 0xff, 0xff, 0xff, 0xff,
    0xff, 0xff, 0xf6, 0x00, 0x00, 0x00, 0x2f, 0xff,
    0xff, 0xff, 0xff, 0xff, 0xff, 0xff, 0xff, 0xff,
    0xb0, 0x00, 0x00, 0x07, 0xff, 0xff, 0xff, 0xff,
    0xff, 0xff, 0xff, 0xff, 0xff, 0xff, 0x10, 0x00,
    0x00, 0xdf, 0xff, 0xf7, 0x00, 0x00, 0x00, 0x00,
    0x00, 0xef, 0xff, 0xf7, 0x00, 0x00, 0x2f, 0xff,
    0xff, 0x20, 0x00, 0x00, 0x00, 0x00, 0x08, 0xff,
    0xff, 0xc0, 0x00, 0x08, 0xff, 0xff, 0xc0, 0x00,
    0x00, 0x00, 0x00, 0x00, 0x3f, 0xff, 0xff, 0x20,
    0x00, 0xdf, 0xff, 0xf7, 0x00, 0x00, 0x00, 0x00,
    0x00, 0x00, 0xef, 0xff, 0xf7, 0x00, 0x3f, 0xff,
    0xff, 0x20, 0x00, 0x00, 0x00, 0x00, 0x00, 0x08,
    0xff, 0xff, 0xd0, 0x09, 0xff, 0xff, 0xd0, 0x00,
    0x00, 0x00, 0x00, 0x00, 0x00, 0x3f, 0xff, 0xff,
    0x30, 0xef, 0xff, 0xf8, 0x00, 0x00, 0x00, 0x00,
    0x00, 0x00, 0x00, 0xdf, 0xff, 0xf8,

    /* U+00C2 "Â" */
    0x00, 0x00, 0x00, 0x00, 0x00, 0x09, 0xff, 0xff,
    0x30, 0x00, 0x00, 0x00, 0x00, 0x00, 0x00, 0x00,
    0x00, 0x00, 0x09, 0xff, 0xff, 0xfe, 0x20, 0x00,
    0x00, 0x00, 0x00, 0x00, 0x00, 0x00, 0x00, 0x08,
    0xff, 0xfa, 0xef, 0xfe, 0x10, 0x00, 0x00, 0x00,
    0x00, 0x00, 0x00, 0x00, 0x07, 0xff, 0xfc, 0x03,
    0xff, 0xfd, 0x10, 0x00, 0x00, 0x00, 0x00, 0x00,
    0x00, 0x06, 0xff, 0xfe, 0x10, 0x06, 0xff, 0xfc,
    0x00, 0x00, 0x00, 0x00, 0x00, 0x00, 0x00, 0x78,
    0x88, 0x20, 0x00, 0x06, 0x88, 0x84, 0x00, 0x00,
    0x00, 0x00, 0x00, 0x00, 0x00, 0x00, 0x00, 0x00,
    0x00, 0x00, 0x00, 0x00, 0x00, 0x00, 0x00, 0x00,
    0x00, 0x00, 0x00, 0x00, 0x00, 0x00, 0x00, 0x00,
    0x00, 0x00, 0x00, 0x00, 0x00, 0x00, 0x00, 0x00,
    0x00, 0x9f, 0xff, 0xff, 0xf1, 0x00, 0x00, 0x00,
    0x00, 0x00, 0x00, 0x00, 0x00, 0x00, 0x0e, 0xff,
    0xff, 0xff, 0x60, 0x00, 0x00, 0x00, 0x00, 0x00,
    0x00, 0x00, 0x00, 0x04, 0xff, 0xff, 0xff, 0xfb,
    0x00, 0x00, 0x00, 0x00, 0x00, 0x00, 0x00, 0x00,
    0x00, 0xaf, 0xff, 0xff, 0xff, 0xf1, 0x00, 0x00,
    0x00, 0x00, 0x00, 0x00, 0x00, 0x00, 0x0f, 0xff,
    0xfa, 0xff, 0xff, 0x70, 0x00, 0x00, 0x00, 0x00,
    0x00, 0x00, 0x00, 0x05, 0xff, 0xff, 0x4e, 0xff,
    0xfc, 0x00, 0x00, 0x00, 0x00, 0x00, 0x00, 0x00,
    0x00, 0xaf, 0xff, 0xf0, 0x9f, 0xff, 0xf2, 0x00,
    0x00, 0x00, 0x00, 0x00, 0x00, 0x00, 0x0f, 0xff,
    0xfb, 0x05, 0xff, 0xff, 0x80, 0x00, 0x00, 0x00,
    0x00, 0x00, 0x00, 0x05, 0xff, 0xff, 0x70, 0x1f,
    0xff, 0xfd, 0x00, 0x00, 0x00, 0x00, 0x00, 0x00,
    0x00, 0xbf, 0xff, 0xf3, 0x00, 0xcf, 0xff, 0xf3,
    0x00, 0x00, 0x00, 0x00, 0x00, 0x00, 0x1f, 0xff,
    0xfe, 0x00, 0x08, 0xff, 0xff, 0x80, 0x00, 0x00,
    0x00, 0x00, 0x00, 0x06, 0xff, 0xff, 0xa0, 0x00,
    0x3f, 0xff, 0xfe, 0x00, 0x00, 0x00, 0x00, 0x00,
    0x00, 0xbf, 0xff, 0xf5, 0x00, 0x00, 0xef, 0xff,
    0xf4, 0x00, 0x00, 0x00, 0x00, 0x00, 0x1f, 0xff,
    0xff, 0x10, 0x00, 0x09, 0xff, 0xff, 0x90, 0x00,
    0x00, 0x00, 0x00, 0x06, 0xff, 0xff, 0xc0, 0x00,
    0x00, 0x4f, 0xff, 0xff, 0x00, 0x00, 0x00, 0x00,
    0x00, 0xcf, 0xff, 0xf6, 0x00, 0x00, 0x00, 0xef,
    0xff, 0xf5, 0x00, 0x00, 0x00, 0x00, 0x1f, 0xff,
    0xff, 0x10, 0x00, 0x00, 0x09, 0xff, 0xff, 0xa0,
    0x00, 0x00, 0x00, 0x07, 0xff, 0xff, 0xff, 0xff,
    0xff, 0xff, 0xff, 0xff, 0xff, 0x00, 0x00, 0x00,
    0x00, 0xcf, 0xff, 0xff, 0xff, 0xff, 0xff, 0xff,
    0xff, 0xff, 0xf6, 0x00, 0x00, 0x00, 0x2f, 0xff,
    0xff, 0xff, 0xff, 0xff, 0xff, 0xff, 0xff, 0xff,
    0xb0, 0x00, 0x00, 0x07, 0xff, 0xff, 0xff, 0xff,
    0xff, 0xff, 0xff, 0xff, 0xff, 0xff, 0x10, 0x00,
    0x00, 0xdf, 0xff, 0xf7, 0x00, 0x00, 0x00, 0x00,
    0x00, 0xef, 0xff, 0xf7, 0x00, 0x00, 0x2f, 0xff,
    0xff, 0x20, 0x00, 0x00, 0x00, 0x00, 0x08, 0xff,
    0xff, 0xc0, 0x00, 0x08, 0xff, 0xff, 0xc0, 0x00,
    0x00, 0x00, 0x00, 0x00, 0x3f, 0xff, 0xff, 0x20,
    0x00, 0xdf, 0xff, 0xf7, 0x00, 0x00, 0x00, 0x00,
    0x00, 0x00, 0xef, 0xff, 0xf7, 0x00, 0x3f, 0xff,
    0xff, 0x20, 0x00, 0x00, 0x00, 0x00, 0x00, 0x08,
    0xff, 0xff, 0xd0, 0x09, 0xff, 0xff, 0xd0, 0x00,
    0x00, 0x00, 0x00, 0x00, 0x00, 0x3f, 0xff, 0xff,
    0x30, 0xef, 0xff, 0xf8, 0x00, 0x00, 0x00, 0x00,
    0x00, 0x00, 0x00, 0xdf, 0xff, 0xf8,

    /* U+00C3 "Ã" */
    0x00, 0x00, 0x00, 0x00, 0x05, 0xbd, 0xa2, 0x00,
    0x0c, 0xdb, 0x00, 0x00, 0x00, 0x00, 0x00, 0x00,
    0x00, 0x05, 0xff, 0xff, 0xf8, 0x03, 0xff, 0xb0,
    0x00, 0x00, 0x00, 0x00, 0x00, 0x00, 0x00, 0xdf,
    0xff, 0xff, 0xff, 0xff, 0xf6, 0x00, 0x00, 0x00,
    0x00, 0x00, 0x00, 0x00, 0x1f, 0xfe, 0x14, 0xef,
    0xff, 0xfe, 0x00, 0x00, 0x00, 0x00, 0x00, 0x00,
    0x00, 0x03, 0xff, 0x90, 0x00, 0x8e, 0xfc, 0x20,
    0x00, 0x00, 0x00, 0x00, 0x00, 0x00, 0x00, 0x00,
    0x00, 0x00, 0x00, 0x00, 0x00, 0x00, 0x00, 0x00,
    0x00, 0x00, 0x00, 0x00, 0x00, 0x00, 0x00, 0x00,
    0x00, 0x00, 0x00, 0x00, 0x00, 0x00, 0x00, 0x00,
    0x00, 0x00, 0x00, 0x00, 0x00, 0x00, 0x00, 0x00,
    0x00, 0x00, 0x00, 0x00, 0x00, 0x00, 0x00, 0x00,
    0x00, 0x9f, 0xff, 0xff, 0xf1, 0x00, 0x00, 0x00,
    0x00, 0x00, 0x00, 0x00, 0x00, 0x00, 0x0e, 0xff,
    0xff, 0xff, 0x60, 0x00, 0x00, 0x00, 0x00, 0x00,
    0x00, 0x00, 0x00, 0x04, 0xff, 0xff, 0xff, 0xfb,
    0x00, 0x00, 0x00, 0x00, 0x00, 0x00, 0x00, 0x00,
    0x00, 0xaf, 0xff, 0xff, 0xff, 0xf1, 0x00, 0x00,
    0x00, 0x00, 0x00, 0x00, 0x00, 0x00, 0x0f, 0xff,
    0xfa, 0xff, 0xff, 0x70, 0x00, 0x00, 0x00, 0x00,
    0x00, 0x00, 0x00, 0x05, 0xff, 0xff, 0x4e, 0xff,
    0xfc, 0x00, 0x00, 0x00, 0x00, 0x00, 0x00, 0x00,
    0x00, 0xaf, 0xff, 0xf0, 0x9f, 0xff, 0xf2, 0x00,
    0x00, 0x00, 0x00, 0x00, 0x00, 0x00, 0x0f, 0xff,
    0xfb, 0x05, 0xff, 0xff, 0x80, 0x00, 0x00, 0x00,
    0x00, 0x00, 0x00, 0x05, 0xff, 0xff, 0x70, 0x1f,
    0xff, 0xfd, 0x00, 0x00, 0x00, 0x00, 0x00, 0x00,
    0x00, 0xbf, 0xff, 0xf3, 0x00, 0xcf, 0xff, 0xf3,
    0x00, 0x00, 0x00, 0x00, 0x00, 0x00, 0x1f, 0xff,
    0xfe, 0x00, 0x08, 0xff, 0xff, 0x80, 0x00, 0x00,
    0x00, 0x00, 0x00, 0x06, 0xff, 0xff, 0xa0, 0x00,
    0x3f, 0xff, 0xfe, 0x00, 0x00, 0x00, 0x00, 0x00,
    0x00, 0xbf, 0xff, 0xf5, 0x00, 0x00, 0xef, 0xff,
    0xf4, 0x00, 0x00, 0x00, 0x00, 0x00, 0x1f, 0xff,
    0xff, 0x10, 0x00, 0x09, 0xff, 0xff, 0x90, 0x00,
    0x00, 0x00, 0x00, 0x06, 0xff, 0xff, 0xc0, 0x00,
    0x00, 0x4f, 0xff, 0xff, 0x00, 0x00, 0x00, 0x00,
    0x00, 0xcf, 0xff, 0xf6, 0x00, 0x00, 0x00, 0xef,
    0xff, 0xf5, 0x00, 0x00, 0x00, 0x00, 0x1f, 0xff,
    0xff, 0x10, 0x00, 0x00, 0x09, 0xff, 0xff, 0xa0,
    0x00, 0x00, 0x00, 0x07, 0xff, 0xff, 0xff, 0xff,
    0xff, 0xff, 0xff, 0xff, 0xff, 0x00, 0x00, 0x00,
    0x00, 0xcf, 0xff, 0xff, 0xff, 0xff, 0xff, 0xff,
    0xff, 0xff, 0xf6, 0x00, 0x00, 0x00, 0x2f, 0xff,
    0xff, 0xff, 0xff, 0xff, 0xff, 0xff, 0xff, 0xff,
    0xb0, 0x00, 0x00, 0x07, 0xff, 0xff, 0xff, 0xff,
    0xff, 0xff, 0xff, 0xff, 0xff, 0xff, 0x10, 0x00,
    0x00, 0xdf, 0xff, 0xf7, 0x00, 0x00, 0x00, 0x00,
    0x00, 0xef, 0xff, 0xf7, 0x00, 0x00, 0x2f, 0xff,
    0xff, 0x20, 0x00, 0x00, 0x00, 0x00, 0x08, 0xff,
    0xff, 0xc0, 0x00, 0x08, 0xff, 0xff, 0xc0, 0x00,
    0x00, 0x00, 0x00, 0x00, 0x3f, 0xff, 0xff, 0x20,
    0x00, 0xdf, 0xff, 0xf7, 0x00, 0x00, 0x00, 0x00,
    0x00, 0x00, 0xef, 0xff, 0xf7, 0x00, 0x3f, 0xff,
    0xff, 0x20, 0x00, 0x00, 0x00, 0x00, 0x00, 0x08,
    0xff, 0xff, 0xd0, 0x09, 0xff, 0xff, 0xd0, 0x00,
    0x00, 0x00, 0x00, 0x00, 0x00, 0x3f, 0xff, 0xff,
    0x30, 0xef, 0xff, 0xf8, 0x00, 0x00, 0x00, 0x00,
    0x00, 0x00, 0x00, 0xdf, 0xff, 0xf8,

    /* U+00C4 "Ä" */
    0x00, 0x00, 0x00, 0x00, 0x9f, 0xd4, 0x00, 0x00,
    0x9e, 0xd5, 0x00, 0x00, 0x00, 0x00, 0x00, 0x00,
    0x00, 0x8f, 0xff, 0xf1, 0x00, 0x7f, 0xff, 0xf2,
    0x00, 0x00, 0x00, 0x00, 0x00, 0x00, 0x0c, 0xff,
    0xff, 0x40, 0x0b, 0xff, 0xff, 0x50, 0x00, 0x00,
    0x00, 0x00, 0x00, 0x00, 0x9f, 0xff, 0xf1, 0x00,
    0x7f, 0xff, 0xf2, 0x00, 0x00, 0x00, 0x00, 0x00,
    0x00, 0x00, 0xbf, 0xe5, 0x00, 0x00, 0xaf, 0xe6,
    0x00, 0x00, 0x00, 0x00, 0x00, 0x00, 0x00, 0x00,
    0x00, 0x00, 0x00, 0x00, 0x00, 0x00, 0x00, 0x00,
    0x00, 0x00, 0x00, 0x00, 0x00, 0x00, 0x00, 0x00,
    0x00, 0x00, 0x00, 0x00, 0x00, 0x00, 0x00, 0x00,
    0x00, 0x00, 0x00, 0x00, 0x00, 0x00, 0x00, 0x00,
    0x00, 0x00, 0x00, 0x00, 0x00, 0x00, 0x00, 0x00,
    0x00, 0x9f, 0xff, 0xff, 0xf1, 0x00, 0x00, 0x00,
    0x00, 0x00, 0x00, 0x00, 0x00, 0x00, 0x0e, 0xff,
    0xff, 0xff, 0x60, 0x00, 0x00, 0x00, 0x00, 0x00,
    0x00, 0x00, 0x00, 0x04, 0xff, 0xff, 0xff, 0xfb,
    0x00, 0x00, 0x00, 0x00, 0x00, 0x00, 0x00, 0x00,
    0x00, 0xaf, 0xff, 0xff, 0xff, 0xf1, 0x00, 0x00,
    0x00, 0x00, 0x00, 0x00, 0x00, 0x00, 0x0f, 0xff,
    0xfa, 0xff, 0xff, 0x70, 0x00, 0x00, 0x00, 0x00,
    0x00, 0x00, 0x00, 0x05, 0xff, 0xff, 0x4e, 0xff,
    0xfc, 0x00, 0x00, 0x00, 0x00, 0x00, 0x00, 0x00,
    0x00, 0xaf, 0xff, 0xf0, 0x9f, 0xff, 0xf2, 0x00,
    0x00, 0x00, 0x00, 0x00, 0x00, 0x00, 0x0f, 0xff,
    0xfb, 0x05, 0xff, 0xff, 0x80, 0x00, 0x00, 0x00,
    0x00, 0x00, 0x00, 0x05, 0xff, 0xff, 0x70, 0x1f,
    0xff, 0xfd, 0x00, 0x00, 0x00, 0x00, 0x00, 0x00,
    0x00, 0xbf, 0xff, 0xf3, 0x00, 0xcf, 0xff, 0xf3,
    0x00, 0x00, 0x00, 0x00, 0x00, 0x00, 0x1f, 0xff,
    0xfe, 0x00, 0x08, 0xff, 0xff, 0x80, 0x00, 0x00,
    0x00, 0x00, 0x00, 0x06, 0xff, 0xff, 0xa0, 0x00,
    0x3f, 0xff, 0xfe, 0x00, 0x00, 0x00, 0x00, 0x00,
    0x00, 0xbf, 0xff, 0xf5, 0x00, 0x00, 0xef, 0xff,
    0xf4, 0x00, 0x00, 0x00, 0x00, 0x00, 0x1f, 0xff,
    0xff, 0x10, 0x00, 0x09, 0xff, 0xff, 0x90, 0x00,
    0x00, 0x00, 0x00, 0x06, 0xff, 0xff, 0xc0, 0x00,
    0x00, 0x4f, 0xff, 0xff, 0x00, 0x00, 0x00, 0x00,
    0x00, 0xcf, 0xff, 0xf6, 0x00, 0x00, 0x00, 0xef,
    0xff, 0xf5, 0x00, 0x00, 0x00, 0x00, 0x1f, 0xff,
    0xff, 0x10, 0x00, 0x00, 0x09, 0xff, 0xff, 0xa0,
    0x00, 0x00, 0x00, 0x07, 0xff, 0xff, 0xff, 0xff,
    0xff, 0xff, 0xff, 0xff, 0xff, 0x00, 0x00, 0x00,
    0x00, 0xcf, 0xff, 0xff, 0xff, 0xff, 0xff, 0xff,
    0xff, 0xff, 0xf6, 0x00, 0x00, 0x00, 0x2f, 0xff,
    0xff, 0xff, 0xff, 0xff, 0xff, 0xff, 0xff, 0xff,
    0xb0, 0x00, 0x00, 0x07, 0xff, 0xff, 0xff, 0xff,
    0xff, 0xff, 0xff, 0xff, 0xff, 0xff, 0x10, 0x00,
    0x00, 0xdf, 0xff, 0xf7, 0x00, 0x00, 0x00, 0x00,
    0x00, 0xef, 0xff, 0xf7, 0x00, 0x00, 0x2f, 0xff,
    0xff, 0x20, 0x00, 0x00, 0x00, 0x00, 0x08, 0xff,
    0xff, 0xc0, 0x00, 0x08, 0xff, 0xff, 0xc0, 0x00,
    0x00, 0x00, 0x00, 0x00, 0x3f, 0xff, 0xff, 0x20,
    0x00, 0xdf, 0xff, 0xf7, 0x00, 0x00, 0x00, 0x00,
    0x00, 0x00, 0xef, 0xff, 0xf7, 0x00, 0x3f, 0xff,
    0xff, 0x20, 0x00, 0x00, 0x00, 0x00, 0x00, 0x08,
    0xff, 0xff, 0xd0, 0x09, 0xff, 0xff, 0xd0, 0x00,
    0x00, 0x00, 0x00, 0x00, 0x00, 0x3f, 0xff, 0xff,
    0x30, 0xef, 0xff, 0xf8, 0x00, 0x00, 0x00, 0x00,
    0x00, 0x00, 0x00, 0xdf, 0xff, 0xf8,

    /* U+00C5 "Å" */
    0x00, 0x00, 0x00, 0x00, 0x00, 0x07, 0xdf, 0xeb,
    0x40, 0x00, 0x00, 0x00, 0x00, 0x00, 0x00, 0x00,
    0x00, 0x00, 0x1d, 0xff, 0xff, 0xff, 0x70, 0x00,
    0x00, 0x00, 0x00, 0x00, 0x00, 0x00, 0x00, 0x0a,
    0xff, 0xd7, 0x8f, 0xff, 0x30, 0x00, 0x00, 0x00,
    0x00, 0x00, 0x00, 0x00, 0x00, 0xff, 0xe0, 0x00,
    0x5f, 0xfa, 0x00, 0x00, 0x00, 0x00, 0x00, 0x00,
    0x00, 0x00, 0x2f, 0xf9, 0x00, 0x00, 0xff, 0xc0,
    0x00, 0x00, 0x00, 0x00, 0x00, 0x00, 0x00, 0x01,
    0xff, 0xb0, 0x00, 0x2f, 0xfb, 0x00, 0x00, 0x00,
    0x00, 0x00, 0x00, 0x00, 0x00, 0x0d, 0xff, 0x71,
    0x2c, 0xff, 0x60, 0x00, 0x00, 0x00, 0x00, 0x00,
    0x00, 0x00, 0x00, 0x4f, 0xff, 0xff, 0xff, 0xc0,
    0x00, 0x00, 0x00, 0x00, 0x00, 0x00, 0x00, 0x00,
    0x00, 0x4d, 0xff, 0xff, 0xa1, 0x00, 0x00, 0x00,
    0x00, 0x00, 0x00, 0x00, 0x00, 0x00, 0x00, 0x03,
    0x55, 0x10, 0x00, 0x00, 0x00, 0x00, 0x00, 0x00,
    0x00, 0x00, 0x00, 0x00, 0x9f, 0xff, 0xff, 0xf1,
    0x00, 0x00, 0x00, 0x00, 0x00, 0x00, 0x00, 0x00,
    0x00, 0x0e, 0xff, 0xff, 0xff, 0x60, 0x00, 0x00,
    0x00, 0x00, 0x00, 0x00, 0x00, 0x00, 0x04, 0xff,
    0xff, 0xff, 0xfb, 0x00, 0x00, 0x00, 0x00, 0x00,
    0x00, 0x00, 0x00, 0x00, 0xaf, 0xff, 0xff, 0xff,
    0xf1, 0x00, 0x00, 0x00, 0x00, 0x00, 0x00, 0x00,
    0x00, 0x0f, 0xff, 0xfa, 0xff, 0xff, 0x70, 0x00,
    0x00, 0x00, 0x00, 0x00, 0x00, 0x00, 0x05, 0xff,
    0xff, 0x4e, 0xff, 0xfc, 0x00, 0x00, 0x00, 0x00,
    0x00, 0x00, 0x00, 0x00, 0xaf, 0xff, 0xf0, 0x9f,
    0xff, 0xf2, 0x00, 0x00, 0x00, 0x00, 0x00, 0x00,
    0x00, 0x0f, 0xff, 0xfb, 0x05, 0xff, 0xff, 0x80,
    0x00, 0x00, 0x00, 0x00, 0x00, 0x00, 0x05, 0xff,
    0xff, 0x70, 0x1f, 0xff, 0xfd, 0x00, 0x00, 0x00,
    0x00, 0x00, 0x00, 0x00, 0xbf, 0xff, 0xf3, 0x00,
    0xcf, 0xff, 0xf3, 0x00, 0x00, 0x00, 0x00, 0x00,
    0x00, 0x1f, 0xff, 0xfe, 0x00, 0x08, 0xff, 0xff,
    0x80, 0x00, 0x00, 0x00, 0x00, 0x00, 0x06, 0xff,
    0xff, 0xa0, 0x00, 0x3f, 0xff, 0xfe, 0x00, 0x00,
    0x00, 0x00, 0x00, 0x00, 0xbf, 0xff, 0xf5, 0x00,
    0x00, 0xef, 0xff, 0xf4, 0x00, 0x00, 0x00, 0x00,
    0x00, 0x1f, 0xff, 0xff, 0x10, 0x00, 0x09, 0xff,
    0xff, 0x90, 0x00, 0x00, 0x00, 0x00, 0x06, 0xff,
    0xff, 0xc0, 0x00, 0x00, 0x4f, 0xff, 0xff, 0x00,
    0x00, 0x00, 0x00, 0x00, 0xcf, 0xff, 0xf6, 0x00,
    0x00, 0x00, 0xef, 0xff, 0xf5, 0x00, 0x00, 0x00,
    0x00, 0x1f, 0xff, 0xff, 0x10, 0x00, 0x00, 0x09,
    0xff, 0xff, 0xa0, 0x00, 0x00, 0x00, 0x07, 0xff,
    0xff, 0xff, 0xff, 0xff, 0xff, 0xff, 0xff, 0xff,
    0x00, 0x00, 0x00, 0x00, 0xcf, 0xff, 0xff, 0xff,
    0xff, 0xff, 0xff, 0xff, 0xff, 0xf6, 0x00, 0x00,
    0x00, 0x2f, 0xff, 0xff, 0xff, 0xff, 0xff, 0xff,
    0xff, 0xff, 0xff, 0xb0, 0x00, 0x00, 0x07, 0xff,
    0xff, 0xff, 0xff, 0xff, 0xff, 0xff, 0xff, 0xff,
    0xff, 0x10, 0x00, 0x00, 0xdf, 0xff, 0xf7, 0x00,
    0x00, 0x00, 0x00, 0x00, 0xef, 0xff, 0xf7, 0x00,
    0x00, 0x2f, 0xff, 0xff, 0x20, 0x00, 0x00, 0x00,
    0x00, 0x08, 0xff, 0xff, 0xc0, 0x00, 0x08, 0xff,
    0xff, 0xc0, 0x00, 0x00, 0x00, 0x00, 0x00, 0x3f,
    0xff, 0xff, 0x20, 0x00, 0xdf, 0xff, 0xf7, 0x00,
    0x00, 0x00, 0x00, 0x00, 0x00, 0xef, 0xff, 0xf7,
    0x00, 0x3f, 0xff, 0xff, 0x20, 0x00, 0x00, 0x00,
    0x00, 0x00, 0x08, 0xff, 0xff, 0xd0, 0x09, 0xff,
    0xff, 0xd0, 0x00, 0x00, 0x00, 0x00, 0x00, 0x00,
    0x3f, 0xff, 0xff, 0x30, 0xef, 0xff, 0xf8, 0x00,
    0x00, 0x00, 0x00, 0x00, 0x00, 0x00, 0xdf, 0xff,
    0xf8,

    /* U+00C6 "Æ" */
    0x00, 0x00, 0x00, 0x00, 0x00, 0x00, 0x0e, 0xff,
    0xff, 0xff, 0xff, 0xff, 0xff, 0xff, 0xff, 0xff,
    0xff, 0xff, 0x30, 0x00, 0x00, 0x00, 0x00, 0x00,
    0x05, 0xff, 0xff, 0xff, 0xff, 0xff, 0xff, 0xff,
    0xff, 0xff, 0xff, 0xff, 0xf3, 0x00, 0x00, 0x00,
    0x00, 0x00, 0x00, 0xcf, 0xff, 0xff, 0xff, 0xff,
    0xff, 0xff, 0xff, 0xff, 0xff, 0xff, 0xff, 0x30,
    0x00, 0x00, 0x00, 0x00, 0x00, 0x3f, 0xff, 0xfc,
    0x29, 0xff, 0xff, 0xff, 0xff, 0xff, 0xff, 0xff,
    0xff, 0xf3, 0x00, 0x00, 0x00, 0x00, 0x00, 0x0a,
    0xff, 0xff, 0x50, 0x8f, 0xff, 0xf5, 0x22, 0x22,
    0x22, 0x22, 0x22, 0x22, 0x00, 0x00, 0x00, 0x00,
    0x00, 0x01, 0xff, 0xff, 0xe0, 0x08, 0xff, 0xff,
    0x30, 0x00, 0x00, 0x00, 0x00, 0x00, 0x00, 0x00,
    0x00, 0x00, 0x00, 0x00, 0x8f, 0xff, 0xf8, 0x00,
    0x8f, 0xff, 0xf3, 0x00, 0x00, 0x00, 0x00, 0x00,
    0x00, 0x00, 0x00, 0x00, 0x00, 0x00, 0x0f, 0xff,
    0xff, 0x10, 0x08, 0xff, 0xff, 0x30, 0x00, 0x00,
    0x00, 0x00, 0x00, 0x00, 0x00, 0x00, 0x00, 0x00,
    0x07, 0xff, 0xff, 0xa0, 0x00, 0x8f, 0xff, 0xf3,
    0x00, 0x00, 0x00, 0x00, 0x00, 0x00, 0x00, 0x00,
    0x00, 0x00, 0x00, 0xdf, 0xff, 0xf3, 0x00, 0x08,
    0xff, 0xff, 0x30, 0x00, 0x00, 0x00, 0x00, 0x00,
    0x00, 0x00, 0x00, 0x00, 0x00, 0x5f, 0xff, 0xfd,
    0x00, 0x00, 0x8f, 0xff, 0xf3, 0x00, 0x00, 0x00,
    0x00, 0x00, 0x00, 0x00, 0x00, 0x00, 0x00, 0x0c,
    0xff, 0xff, 0x60, 0x00, 0x08, 0xff, 0xff, 0x30,
    0x00, 0x00, 0x00, 0x00, 0x00, 0x00, 0x00, 0x00,
    0x00, 0x03, 0xff, 0xff, 0xe0, 0x00, 0x00, 0x8f,
    0xff, 0xff, 0xff, 0xff, 0xff, 0xff, 0xff, 0xf4,
    0x00, 0x00, 0x00, 0x00, 0xaf, 0xff, 0xf8, 0x00,
    0x00, 0x08, 0xff, 0xff, 0xff, 0xff, 0xff, 0xff,
    0xff, 0xff, 0x40, 0x00, 0x00, 0x00, 0x1f, 0xff,
    0xff, 0x20, 0x00, 0x00, 0x8f, 0xff, 0xff, 0xff,
    0xff, 0xff, 0xff, 0xff, 0xf4, 0x00, 0x00, 0x00,
    0x08, 0xff, 0xff, 0xb0, 0x00, 0x00, 0x08, 0xff,
    0xff, 0xff, 0xff, 0xff, 0xff, 0xff, 0xff, 0x40,
    0x00, 0x00, 0x00, 0xef, 0xff, 0xf4, 0x00, 0x00,
    0x00, 0x8f, 0xff, 0xf5, 0x11, 0x11, 0x11, 0x11,
    0x11, 0x10, 0x00, 0x00, 0x00, 0x6f, 0xff, 0xff,
    0xaa, 0xaa, 0xaa, 0xaf, 0xff, 0xff, 0x30, 0x00,
    0x00, 0x00, 0x00, 0x00, 0x00, 0x00, 0x00, 0x0d,
    0xff, 0xff, 0xff, 0xff, 0xff, 0xff, 0xff, 0xff,
    0xf3, 0x00, 0x00, 0x00, 0x00, 0x00, 0x00, 0x00,
    0x00, 0x05, 0xff, 0xff, 0xff, 0xff, 0xff, 0xff,
    0xff, 0xff, 0xff, 0x30, 0x00, 0x00, 0x00, 0x00,
    0x00, 0x00, 0x00, 0x00, 0xcf, 0xff, 0xff, 0xff,
    0xff, 0xff, 0xff, 0xff, 0xff, 0xf3, 0x00, 0x00,
    0x00, 0x00, 0x00, 0x00, 0x00, 0x00, 0x3f, 0xff,
    0xff, 0x20, 0x00, 0x00, 0x00, 0x08, 0xff, 0xff,
    0x30, 0x00, 0x00, 0x00, 0x00, 0x00, 0x00, 0x00,
    0x0a, 0xff, 0xff, 0xb0, 0x00, 0x00, 0x00, 0x00,
    0x8f, 0xff, 0xf3, 0x00, 0x00, 0x00, 0x00, 0x00,
    0x00, 0x00, 0x01, 0xff, 0xff, 0xf4, 0x00, 0x00,
    0x00, 0x00, 0x08, 0xff, 0xff, 0x52, 0x22, 0x22,
    0x22, 0x22, 0x22, 0x20, 0x00, 0x8f, 0xff, 0xfd,
    0x00, 0x00, 0x00, 0x00, 0x00, 0x8f, 0xff, 0xff,
    0xff, 0xff, 0xff, 0xff, 0xff, 0xff, 0x50, 0x0e,
    0xff, 0xff, 0x70, 0x00, 0x00, 0x00, 0x00, 0x08,
    0xff, 0xff, 0xff, 0xff, 0xff, 0xff, 0xff, 0xff,
    0xf5, 0x06, 0xff, 0xff, 0xf1, 0x00, 0x00, 0x00,
    0x00, 0x00, 0x8f, 0xff, 0xff, 0xff, 0xff, 0xff,
    0xff, 0xff, 0xff, 0x50, 0xdf, 0xff, 0xf9, 0x00,
    0x00, 0x00, 0x00, 0x00, 0x08, 0xff, 0xff, 0xff,
    0xff, 0xff, 0xff, 0xff, 0xff, 0xf5,

    /* U+00C7 "Ç" */
    0x00, 0x00, 0x00, 0x00, 0x05, 0xad, 0xef, 0xed,
    0xa6, 0x10, 0x00, 0x00, 0x00, 0x00, 0x00, 0x00,
    0x08, 0xff, 0xff, 0xff, 0xff, 0xff, 0xfa, 0x10,
    0x00, 0x00, 0x00, 0x00, 0x03, 0xdf, 0xff, 0xff,
    0xff, 0xff, 0xff, 0xff, 0xe5, 0x00, 0x00, 0x00,
    0x00, 0x4f, 0xff, 0xff, 0xff, 0xff, 0xff, 0xff,
    0xff, 0xff, 0x50, 0x00, 0x00, 0x02, 0xff, 0xff,
    0xff, 0xfb, 0x87, 0x8a, 0xff, 0xff, 0xff, 0xf3,
    0x00, 0x00, 0x0d, 0xff, 0xff, 0xfa, 0x10, 0x00,
    0x00, 0x07, 0xff, 0xff, 0xfd, 0x00, 0x00, 0x6f,
    0xff, 0xff, 0x70, 0x00, 0x00, 0x00, 0x00, 0x4f,
    0xff, 0xff, 0x50, 0x00, 0xef, 0xff, 0xfa, 0x00,
    0x00, 0x00, 0x00, 0x00, 0x08, 0xff, 0xff, 0xb0,
    0x04, 0xff, 0xff, 0xf1, 0x00, 0x00, 0x00, 0x00,
    0x00, 0x01, 0xff, 0xff, 0xf0, 0x08, 0xff, 0xff,
    0xa0, 0x00, 0x00, 0x00, 0x00, 0x00, 0x00, 0x67,
    0x77, 0x71, 0x0c, 0xff, 0xff, 0x50, 0x00, 0x00,
    0x00, 0x00, 0x00, 0x00, 0x00, 0x00, 0x00, 0x0e,
    0xff, 0xff, 0x10, 0x00, 0x00, 0x00, 0x00, 0x00,
    0x00, 0x00, 0x00, 0x00, 0x0f, 0xff, 0xff, 0x00,
    0x00, 0x00, 0x00, 0x00, 0x00, 0x00, 0x00, 0x00,
    0x00, 0x1f, 0xff, 0xfe, 0x00, 0x00, 0x00, 0x00,
    0x00, 0x00, 0x00, 0x00, 0x00, 0x00, 0x1f, 0xff,
    0xfe, 0x00, 0x00, 0x00, 0x00, 0x00, 0x00, 0x00,
    0x00, 0x00, 0x00, 0x0f, 0xff, 0xff, 0x00, 0x00,
    0x00, 0x00, 0x00, 0x00, 0x00, 0x00, 0x00, 0x00,
    0x0e, 0xff, 0xff, 0x10, 0x00, 0x00, 0x00, 0x00,
    0x00, 0x00, 0x00, 0x00, 0x00, 0x0c, 0xff, 0xff,
    0x50, 0x00, 0x00, 0x00, 0x00, 0x00, 0x00, 0x00,
    0x00, 0x00, 0x09, 0xff, 0xff, 0xa0, 0x00, 0x00,
    0x00, 0x00, 0x00, 0x00, 0x67, 0x77, 0x71, 0x04,
    0xff, 0xff, 0xf1, 0x00, 0x00, 0x00, 0x00, 0x00,
    0x01, 0xff, 0xff, 0xf0, 0x00, 0xef, 0xff, 0xfa,
    0x00, 0x00, 0x00, 0x00, 0x00, 0x08, 0xff, 0xff,
    0xb0, 0x00, 0x7f, 0xff, 0xff, 0x70, 0x00, 0x00,
    0x00, 0x00, 0x4f, 0xff, 0xff, 0x50, 0x00, 0x0d,
    0xff, 0xff, 0xfa, 0x10, 0x00, 0x00, 0x07, 0xff,
    0xff, 0xfc, 0x00, 0x00, 0x02, 0xff, 0xff, 0xff,
    0xfb, 0x87, 0x7a, 0xff, 0xff, 0xff, 0xf2, 0x00,
    0x00, 0x00, 0x4f, 0xff, 0xff, 0xff, 0xff, 0xff,
    0xff, 0xff, 0xff, 0x40, 0x00, 0x00, 0x00, 0x03,
    0xef, 0xff, 0xff, 0xff, 0xff, 0xff, 0xff, 0xe4,
    0x00, 0x00, 0x00, 0x00, 0x00, 0x18, 0xff, 0xff,
    0xff, 0xff, 0xff, 0xf9, 0x10, 0x00, 0x00, 0x00,
    0x00, 0x00, 0x00, 0x16, 0xad, 0xff, 0xfd, 0xa6,
    0x10, 0x00, 0x00, 0x00, 0x00, 0x00, 0x00, 0x00,
    0x00, 0x00, 0xbf, 0x80, 0x00, 0x00, 0x00, 0x00,
    0x00, 0x00, 0x00, 0x00, 0x00, 0x00, 0x00, 0xdf,
    0xb6, 0x10, 0x00, 0x00, 0x00, 0x00, 0x00, 0x00,
    0x00, 0x00, 0x00, 0x00, 0xff, 0xff, 0xf5, 0x00,
    0x00, 0x00, 0x00, 0x00, 0x00, 0x00, 0x00, 0x00,
    0x00, 0x55, 0x7f, 0xfe, 0x00, 0x00, 0x00, 0x00,
    0x00, 0x00, 0x00, 0x00, 0x00, 0x00, 0x00, 0x0c,
    0xff, 0x00, 0x00, 0x00, 0x00, 0x00, 0x00, 0x00,
    0x00, 0x00, 0x01, 0x11, 0x4f, 0xff, 0x00, 0x00,
    0x00, 0x00, 0x00, 0x00, 0x00, 0x00, 0x00, 0x0c,
    0xff, 0xff, 0xf9, 0x00, 0x00, 0x00, 0x00, 0x00,
    0x00, 0x00, 0x00, 0x00, 0x0c, 0xff, 0xfd, 0x70,
    0x00, 0x00, 0x00, 0x00,

    /* U+00C8 "È" */
    0x00, 0x00, 0x5f, 0xff, 0xf4, 0x00, 0x00, 0x00,
    0x00, 0x00, 0x00, 0x00, 0xaf, 0xff, 0xb0, 0x00,
    0x00, 0x00, 0x00, 0x00, 0x00, 0x01, 0xef, 0xff,
    0x20, 0x00, 0x00, 0x00, 0x00, 0x00, 0x00, 0x05,
    0xff, 0xfa, 0x00, 0x00, 0x00, 0x00, 0x00, 0x00,
    0x00, 0x0b, 0xff, 0xf1, 0x00, 0x00, 0x00, 0x00,
    0x00, 0x00, 0x00, 0x1a, 0xbb, 0x50, 0x00, 0x00,
    0x00, 0x00, 0x00, 0x00, 0x00, 0x00, 0x00, 0x00,
    0x00, 0x00, 0x00, 0x00, 0x00, 0x00, 0x00, 0x00,
    0x00, 0x00, 0x00, 0x00, 0x3f, 0xff, 0xff, 0xff,
    0xff, 0xff, 0xff, 0xff, 0xff, 0xc3, 0xff, 0xff,
    0xff, 0xff, 0xff, 0xff, 0xff, 0xff, 0xfc, 0x3f,
    0xff, 0xff, 0xff, 0xff, 0xff, 0xff, 0xff, 0xff,
    0xc3, 0xff, 0xff, 0xff, 0xff, 0xff, 0xff, 0xff,
    0xff, 0xfc, 0x3f, 0xff, 0xfc, 0x22, 0x22, 0x22,
    0x22, 0x22, 0x22, 0x23, 0xff, 0xff, 0xb0, 0x00,
    0x00, 0x00, 0x00, 0x00, 0x00, 0x3f, 0xff, 0xfb,
    0x00, 0x00, 0x00, 0x00, 0x00, 0x00, 0x03, 0xff,
    0xff, 0xb0, 0x00, 0x00, 0x00, 0x00, 0x00, 0x00,
    0x3f, 0xff, 0xfb, 0x00, 0x00, 0x00, 0x00, 0x00,
    0x00, 0x03, 0xff, 0xff, 0xb0, 0x00, 0x00, 0x00,
    0x00, 0x00, 0x00, 0x3f, 0xff, 0xfb, 0x00, 0x00,
    0x00, 0x00, 0x00, 0x00, 0x03, 0xff, 0xff, 0xb0,
    0x00, 0x00, 0x00, 0x00, 0x00, 0x00, 0x3f, 0xff,
    0xff, 0xff, 0xff, 0xff, 0xff, 0xff, 0xfc, 0x03,
    0xff, 0xff, 0xff, 0xff, 0xff, 0xff, 0xff, 0xff,
    0xc0, 0x3f, 0xff, 0xff, 0xff, 0xff, 0xff, 0xff,
    0xff, 0xfc, 0x03, 0xff, 0xff, 0xff, 0xff, 0xff,
    0xff, 0xff, 0xff, 0xc0, 0x3f, 0xff, 0xfc, 0x22,
    0x22, 0x22, 0x22, 0x22, 0x21, 0x03, 0xff, 0xff,
    0xb0, 0x00, 0x00, 0x00, 0x00, 0x00, 0x00, 0x3f,
    0xff, 0xfb, 0x00, 0x00, 0x00, 0x00, 0x00, 0x00,
    0x03, 0xff, 0xff, 0xb0, 0x00, 0x00, 0x00, 0x00,
    0x00, 0x00, 0x3f, 0xff, 0xfb, 0x00, 0x00, 0x00,
    0x00, 0x00, 0x00, 0x03, 0xff, 0xff, 0xb0, 0x00,
    0x00, 0x00, 0x00, 0x00, 0x00, 0x3f, 0xff, 0xfb,
    0x00, 0x00, 0x00, 0x00, 0x00, 0x00, 0x03, 0xff,
    0xff, 0xc2, 0x22, 0x22, 0x22, 0x22, 0x22, 0x22,
    0x3f, 0xff, 0xff, 0xff, 0xff, 0xff, 0xff, 0xff,
    0xff, 0xd3, 0xff, 0xff, 0xff, 0xff, 0xff, 0xff,
    0xff, 0xff, 0xfd, 0x3f, 0xff, 0xff, 0xff, 0xff,
    0xff, 0xff, 0xff, 0xff, 0xd3, 0xff, 0xff, 0xff,
    0xff, 0xff, 0xff, 0xff, 0xff, 0xfd,

    /* U+00C9 "É" */
    0x00, 0x00, 0x00, 0x00, 0x00, 0xaf, 0xff, 0xd0,
    0x00, 0x00, 0x00, 0x00, 0x00, 0x00, 0x2f, 0xff,
    0xf4, 0x00, 0x00, 0x00, 0x00, 0x00, 0x00, 0x09,
    0xff, 0xf9, 0x00, 0x00, 0x00, 0x00, 0x00, 0x00,
    0x01, 0xff, 0xfe, 0x00, 0x00, 0x00, 0x00, 0x00,
    0x00, 0x00, 0x7f, 0xff, 0x40, 0x00, 0x00, 0x00,
    0x00, 0x00, 0x00, 0x09, 0xbb, 0x70, 0x00, 0x00,
    0x00, 0x00, 0x00, 0x00, 0x00, 0x00, 0x00, 0x00,
    0x00, 0x00, 0x00, 0x00, 0x00, 0x00, 0x00, 0x00,
    0x00, 0x00, 0x00, 0x00, 0x3f, 0xff, 0xff, 0xff,
    0xff, 0xff, 0xff, 0xff, 0xff, 0xc3, 0xff, 0xff,
    0xff, 0xff, 0xff, 0xff, 0xff, 0xff, 0xfc, 0x3f,
    0xff, 0xff, 0xff, 0xff, 0xff, 0xff, 0xff, 0xff,
    0xc3, 0xff, 0xff, 0xff, 0xff, 0xff, 0xff, 0xff,
    0xff, 0xfc, 0x3f, 0xff, 0xfc, 0x22, 0x22, 0x22,
    0x22, 0x22, 0x22, 0x23, 0xff, 0xff, 0xb0, 0x00,
    0x00, 0x00, 0x00, 0x00, 0x00, 0x3f, 0xff, 0xfb,
    0x00, 0x00, 0x00, 0x00, 0x00, 0x00, 0x03, 0xff,
    0xff, 0xb0, 0x00, 0x00, 0x00, 0x00, 0x00, 0x00,
    0x3f, 0xff, 0xfb, 0x00, 0x00, 0x00, 0x00, 0x00,
    0x00, 0x03, 0xff, 0xff, 0xb0, 0x00, 0x00, 0x00,
    0x00, 0x00, 0x00, 0x3f, 0xff, 0xfb, 0x00, 0x00,
    0x00, 0x00, 0x00, 0x00, 0x03, 0xff, 0xff, 0xb0,
    0x00, 0x00, 0x00, 0x00, 0x00, 0x00, 0x3f, 0xff,
    0xff, 0xff, 0xff, 0xff, 0xff, 0xff, 0xfc, 0x03,
    0xff, 0xff, 0xff, 0xff, 0xff, 0xff, 0xff, 0xff,
    0xc0, 0x3f, 0xff, 0xff, 0xff, 0xff, 0xff, 0xff,
    0xff, 0xfc, 0x03, 0xff, 0xff, 0xff, 0xff, 0xff,
    0xff, 0xff, 0xff, 0xc0, 0x3f, 0xff, 0xfc, 0x22,
    0x22, 0x22, 0x22, 0x22, 0x21, 0x03, 0xff, 0xff,
    0xb0, 0x00, 0x00, 0x00, 0x00, 0x00, 0x00, 0x3f,
    0xff, 0xfb, 0x00, 0x00, 0x00, 0x00, 0x00, 0x00,
    0x03, 0xff, 0xff, 0xb0, 0x00, 0x00, 0x00, 0x00,
    0x00, 0x00, 0x3f, 0xff, 0xfb, 0x00, 0x00, 0x00,
    0x00, 0x00, 0x00, 0x03, 0xff, 0xff, 0xb0, 0x00,
    0x00, 0x00, 0x00, 0x00, 0x00, 0x3f, 0xff, 0xfb,
    0x00, 0x00, 0x00, 0x00, 0x00, 0x00, 0x03, 0xff,
    0xff, 0xc2, 0x22, 0x22, 0x22, 0x22, 0x22, 0x22,
    0x3f, 0xff, 0xff, 0xff, 0xff, 0xff, 0xff, 0xff,
    0xff, 0xd3, 0xff, 0xff, 0xff, 0xff, 0xff, 0xff,
    0xff, 0xff, 0xfd, 0x3f, 0xff, 0xff, 0xff, 0xff,
    0xff, 0xff, 0xff, 0xff, 0xd3, 0xff, 0xff, 0xff,
    0xff, 0xff, 0xff, 0xff, 0xff, 0xfd,

    /* U+00CA "Ê" */
    0x00, 0x00, 0x00, 0x09, 0xff, 0xff, 0x40, 0x00,
    0x00, 0x00, 0x00, 0x00, 0x08, 0xff, 0xff, 0xff,
    0x30, 0x00, 0x00, 0x00, 0x00, 0x07, 0xff, 0xfa,
    0xef, 0xfe, 0x20, 0x00, 0x00, 0x00, 0x06, 0xff,
    0xfc, 0x03, 0xff, 0xfd, 0x10, 0x00, 0x00, 0x05,
    0xff, 0xfe, 0x10, 0x05, 0xff, 0xfd, 0x00, 0x00,
    0x00, 0x78, 0x88, 0x30, 0x00, 0x06, 0x88, 0x84,
    0x00, 0x00, 0x00, 0x00, 0x00, 0x00, 0x00, 0x00,
    0x00, 0x00, 0x00, 0x00, 0x00, 0x00, 0x00, 0x00,
    0x00, 0x00, 0x00, 0x00, 0x3f, 0xff, 0xff, 0xff,
    0xff, 0xff, 0xff, 0xff, 0xff, 0xc3, 0xff, 0xff,
    0xff, 0xff, 0xff, 0xff, 0xff, 0xff, 0xfc, 0x3f,
    0xff, 0xff, 0xff, 0xff, 0xff, 0xff, 0xff, 0xff,
    0xc3, 0xff, 0xff, 0xff, 0xff, 0xff, 0xff, 0xff,
    0xff, 0xfc, 0x3f, 0xff, 0xfc, 0x22, 0x22, 0x22,
    0x22, 0x22, 0x22, 0x23, 0xff, 0xff, 0xb0, 0x00,
    0x00, 0x00, 0x00, 0x00, 0x00, 0x3f, 0xff, 0xfb,
    0x00, 0x00, 0x00, 0x00, 0x00, 0x00, 0x03, 0xff,
    0xff, 0xb0, 0x00, 0x00, 0x00, 0x00, 0x00, 0x00,
    0x3f, 0xff, 0xfb, 0x00, 0x00, 0x00, 0x00, 0x00,
    0x00, 0x03, 0xff, 0xff, 0xb0, 0x00, 0x00, 0x00,
    0x00, 0x00, 0x00, 0x3f, 0xff, 0xfb, 0x00, 0x00,
    0x00, 0x00, 0x00, 0x00, 0x03, 0xff, 0xff, 0xb0,
    0x00, 0x00, 0x00, 0x00, 0x00, 0x00, 0x3f, 0xff,
    0xff, 0xff, 0xff, 0xff, 0xff, 0xff, 0xfc, 0x03,
    0xff, 0xff, 0xff, 0xff, 0xff, 0xff, 0xff, 0xff,
    0xc0, 0x3f, 0xff, 0xff, 0xff, 0xff, 0xff, 0xff,
    0xff, 0xfc, 0x03, 0xff, 0xff, 0xff, 0xff, 0xff,
    0xff, 0xff, 0xff, 0xc0, 0x3f, 0xff, 0xfc, 0x22,
    0x22, 0x22, 0x22, 0x22, 0x21, 0x03, 0xff, 0xff,
    0xb0, 0x00, 0x00, 0x00, 0x00, 0x00, 0x00, 0x3f,
    0xff, 0xfb, 0x00, 0x00, 0x00, 0x00, 0x00, 0x00,
    0x03, 0xff, 0xff, 0xb0, 0x00, 0x00, 0x00, 0x00,
    0x00, 0x00, 0x3f, 0xff, 0xfb, 0x00, 0x00, 0x00,
    0x00, 0x00, 0x00, 0x03, 0xff, 0xff, 0xb0, 0x00,
    0x00, 0x00, 0x00, 0x00, 0x00, 0x3f, 0xff, 0xfb,
    0x00, 0x00, 0x00, 0x00, 0x00, 0x00, 0x03, 0xff,
    0xff, 0xc2, 0x22, 0x22, 0x22, 0x22, 0x22, 0x22,
    0x3f, 0xff, 0xff, 0xff, 0xff, 0xff, 0xff, 0xff,
    0xff, 0xd3, 0xff, 0xff, 0xff, 0xff, 0xff, 0xff,
    0xff, 0xff, 0xfd, 0x3f, 0xff, 0xff, 0xff, 0xff,
    0xff, 0xff, 0xff, 0xff, 0xd3, 0xff, 0xff, 0xff,
    0xff, 0xff, 0xff, 0xff, 0xff, 0xfd,

    /* U+00CB "Ë" */
    0x00, 0x00, 0x9f, 0xd4, 0x00, 0x00, 0x9e, 0xd5,
    0x00, 0x00, 0x00, 0x8f, 0xff, 0xf1, 0x00, 0x7f,
    0xff, 0xf2, 0x00, 0x00, 0x0b, 0xff, 0xff, 0x40,
    0x0a, 0xff, 0xff, 0x60, 0x00, 0x00, 0x8f, 0xff,
    0xf2, 0x00, 0x7f, 0xff, 0xf3, 0x00, 0x00, 0x00,
    0xaf, 0xe5, 0x00, 0x00, 0xaf, 0xe6, 0x00, 0x00,
    0x00, 0x00, 0x00, 0x00, 0x00, 0x00, 0x00, 0x00,
    0x00, 0x00, 0x00, 0x00, 0x00, 0x00, 0x00, 0x00,
    0x00, 0x00, 0x00, 0x00, 0x00, 0x00, 0x00, 0x00,
    0x00, 0x00, 0x00, 0x00, 0x3f, 0xff, 0xff, 0xff,
    0xff, 0xff, 0xff, 0xff, 0xff, 0xc3, 0xff, 0xff,
    0xff, 0xff, 0xff, 0xff, 0xff, 0xff, 0xfc, 0x3f,
    0xff, 0xff, 0xff, 0xff, 0xff, 0xff, 0xff, 0xff,
    0xc3, 0xff, 0xff, 0xff, 0xff, 0xff, 0xff, 0xff,
    0xff, 0xfc, 0x3f, 0xff, 0xfc, 0x22, 0x22, 0x22,
    0x22, 0x22, 0x22, 0x23, 0xff, 0xff, 0xb0, 0x00,
    0x00, 0x00, 0x00, 0x00, 0x00, 0x3f, 0xff, 0xfb,
    0x00, 0x00, 0x00, 0x00, 0x00, 0x00, 0x03, 0xff,
    0xff, 0xb0, 0x00, 0x00, 0x00, 0x00, 0x00, 0x00,
    0x3f, 0xff, 0xfb, 0x00, 0x00, 0x00, 0x00, 0x00,
    0x00, 0x03, 0xff, 0xff, 0xb0, 0x00, 0x00, 0x00,
    0x00, 0x00, 0x00, 0x3f, 0xff, 0xfb, 0x00, 0x00,
    0x00, 0x00, 0x00, 0x00, 0x03, 0xff, 0xff, 0xb0,
    0x00, 0x00, 0x00, 0x00, 0x00, 0x00, 0x3f, 0xff,
    0xff, 0xff, 0xff, 0xff, 0xff, 0xff, 0xfc, 0x03,
    0xff, 0xff, 0xff, 0xff, 0xff, 0xff, 0xff, 0xff,
    0xc0, 0x3f, 0xff, 0xff, 0xff, 0xff, 0xff, 0xff,
    0xff, 0xfc, 0x03, 0xff, 0xff, 0xff, 0xff, 0xff,
    0xff, 0xff, 0xff, 0xc0, 0x3f, 0xff, 0xfc, 0x22,
    0x22, 0x22, 0x22, 0x22, 0x21, 0x03, 0xff, 0xff,
    0xb0, 0x00, 0x00, 0x00, 0x00, 0x00, 0x00, 0x3f,
    0xff, 0xfb, 0x00, 0x00, 0x00, 0x00, 0x00, 0x00,
    0x03, 0xff, 0xff, 0xb0, 0x00, 0x00, 0x00, 0x00,
    0x00, 0x00, 0x3f, 0xff, 0xfb, 0x00, 0x00, 0x00,
    0x00, 0x00, 0x00, 0x03, 0xff, 0xff, 0xb0, 0x00,
    0x00, 0x00, 0x00, 0x00, 0x00, 0x3f, 0xff, 0xfb,
    0x00, 0x00, 0x00, 0x00, 0x00, 0x00, 0x03, 0xff,
    0xff, 0xc2, 0x22, 0x22, 0x22, 0x22, 0x22, 0x22,
    0x3f, 0xff, 0xff, 0xff, 0xff, 0xff, 0xff, 0xff,
    0xff, 0xd3, 0xff, 0xff, 0xff, 0xff, 0xff, 0xff,
    0xff, 0xff, 0xfd, 0x3f, 0xff, 0xff, 0xff, 0xff,
    0xff, 0xff, 0xff, 0xff, 0xd3, 0xff, 0xff, 0xff,
    0xff, 0xff, 0xff, 0xff, 0xff, 0xfd,

    /* U+00CC "Ì" */
    0x0d, 0xff, 0xfb, 0x00, 0x00, 0x3f, 0xff, 0xf3,
    0x00, 0x00, 0x8f, 0xff, 0xa0, 0x00, 0x00, 0xdf,
    0xff, 0x10, 0x00, 0x03, 0xff, 0xf8, 0x00, 0x00,
    0x07, 0xbb, 0xa0, 0x00, 0x00, 0x00, 0x00, 0x00,
    0x00, 0x00, 0x00, 0x00, 0x00, 0x03, 0xff, 0xff,
    0xb0, 0x00, 0x3f, 0xff, 0xfb, 0x00, 0x03, 0xff,
    0xff, 0xb0, 0x00, 0x3f, 0xff, 0xfb, 0x00, 0x03,
    0xff, 0xff, 0xb0, 0x00, 0x3f, 0xff, 0xfb, 0x00,
    0x03, 0xff, 0xff, 0xb0, 0x00, 0x3f, 0xff, 0xfb,
    0x00, 0x03, 0xff, 0xff, 0xb0, 0x00, 0x3f, 0xff,
    0xfb, 0x00, 0x03, 0xff, 0xff, 0xb0, 0x00, 0x3f,
    0xff, 0xfb, 0x00, 0x03, 0xff, 0xff, 0xb0, 0x00,
    0x3f, 0xff, 0xfb, 0x00, 0x03, 0xff, 0xff, 0xb0,
    0x00, 0x3f, 0xff, 0xfb, 0x00, 0x03, 0xff, 0xff,
    0xb0, 0x00, 0x3f, 0xff, 0xfb, 0x00, 0x03, 0xff,
    0xff, 0xb0, 0x00, 0x3f, 0xff, 0xfb, 0x00, 0x03,
    0xff, 0xff, 0xb0, 0x00, 0x3f, 0xff, 0xfb, 0x00,
    0x03, 0xff, 0xff, 0xb0, 0x00, 0x3f, 0xff, 0xfb,
    0x00, 0x03, 0xff, 0xff, 0xb0, 0x00, 0x3f, 0xff,
    0xfb, 0x00, 0x03, 0xff, 0xff, 0xb0, 0x00, 0x3f,
    0xff, 0xfb,

    /* U+00CD "Í" */
    0x00, 0x03, 0xff, 0xff, 0x50, 0x00, 0xaf, 0xff,
    0xb0, 0x00, 0x2f, 0xff, 0xe1, 0x00, 0x09, 0xff,
    0xf6, 0x00, 0x01, 0xff, 0xfb, 0x00, 0x00, 0x4b,
    0xba, 0x10, 0x00, 0x00, 0x00, 0x00, 0x00, 0x00,
    0x00, 0x00, 0x00, 0x00, 0x3f, 0xff, 0xfb, 0x00,
    0x03, 0xff, 0xff, 0xb0, 0x00, 0x3f, 0xff, 0xfb,
    0x00, 0x03, 0xff, 0xff, 0xb0, 0x00, 0x3f, 0xff,
    0xfb, 0x00, 0x03, 0xff, 0xff, 0xb0, 0x00, 0x3f,
    0xff, 0xfb, 0x00, 0x03, 0xff, 0xff, 0xb0, 0x00,
    0x3f, 0xff, 0xfb, 0x00, 0x03, 0xff, 0xff, 0xb0,
    0x00, 0x3f, 0xff, 0xfb, 0x00, 0x03, 0xff, 0xff,
    0xb0, 0x00, 0x3f, 0xff, 0xfb, 0x00, 0x03, 0xff,
    0xff, 0xb0, 0x00, 0x3f, 0xff, 0xfb, 0x00, 0x03,
    0xff, 0xff, 0xb0, 0x00, 0x3f, 0xff, 0xfb, 0x00,
    0x03, 0xff, 0xff, 0xb0, 0x00, 0x3f, 0xff, 0xfb,
    0x00, 0x03, 0xff, 0xff, 0xb0, 0x00, 0x3f, 0xff,
    0xfb, 0x00, 0x03, 0xff, 0xff, 0xb0, 0x00, 0x3f,
    0xff, 0xfb, 0x00, 0x03, 0xff, 0xff, 0xb0, 0x00,
    0x3f, 0xff, 0xfb, 0x00, 0x03, 0xff, 0xff, 0xb0,
    0x00, 0x3f, 0xff, 0xfb, 0x00, 0x03, 0xff, 0xff,
    0xb0, 0x00,

    /* U+00CE "Î" */
    0x00, 0x00, 0x3f, 0xff, 0xfa, 0x00, 0x00, 0x00,
    0x00, 0x2e, 0xff, 0xff, 0xf9, 0x00, 0x00, 0x00,
    0x2e, 0xff, 0xfa, 0xff, 0xf8, 0x00, 0x00, 0x1d,
    0xff, 0xf4, 0x0b, 0xff, 0xf6, 0x00, 0x1d, 0xff,
    0xf7, 0x00, 0x1d, 0xff, 0xf5, 0x04, 0x88, 0x86,
    0x00, 0x00, 0x28, 0x88, 0x70, 0x00, 0x00, 0x00,
    0x00, 0x00, 0x00, 0x00, 0x00, 0x00, 0x00, 0x00,
    0x00, 0x00, 0x00, 0x00, 0x00, 0x00, 0x3f, 0xff,
    0xfb, 0x00, 0x00, 0x00, 0x00, 0x03, 0xff, 0xff,
    0xb0, 0x00, 0x00, 0x00, 0x00, 0x3f, 0xff, 0xfb,
    0x00, 0x00, 0x00, 0x00, 0x03, 0xff, 0xff, 0xb0,
    0x00, 0x00, 0x00, 0x00, 0x3f, 0xff, 0xfb, 0x00,
    0x00, 0x00, 0x00, 0x03, 0xff, 0xff, 0xb0, 0x00,
    0x00, 0x00, 0x00, 0x3f, 0xff, 0xfb, 0x00, 0x00,
    0x00, 0x00, 0x03, 0xff, 0xff, 0xb0, 0x00, 0x00,
    0x00, 0x00, 0x3f, 0xff, 0xfb, 0x00, 0x00, 0x00,
    0x00, 0x03, 0xff, 0xff, 0xb0, 0x00, 0x00, 0x00,
    0x00, 0x3f, 0xff, 0xfb, 0x00, 0x00, 0x00, 0x00,
    0x03, 0xff, 0xff, 0xb0, 0x00, 0x00, 0x00, 0x00,
    0x3f, 0xff, 0xfb, 0x00, 0x00, 0x00, 0x00, 0x03,
    0xff, 0xff, 0xb0, 0x00, 0x00, 0x00, 0x00, 0x3f,
    0xff, 0xfb, 0x00, 0x00, 0x00, 0x00, 0x03, 0xff,
    0xff, 0xb0, 0x00, 0x00, 0x00, 0x00, 0x3f, 0xff,
    0xfb, 0x00, 0x00, 0x00, 0x00, 0x03, 0xff, 0xff,
    0xb0, 0x00, 0x00, 0x00, 0x00, 0x3f, 0xff, 0xfb,
    0x00, 0x00, 0x00, 0x00, 0x03, 0xff, 0xff, 0xb0,
    0x00, 0x00, 0x00, 0x00, 0x3f, 0xff, 0xfb, 0x00,
    0x00, 0x00, 0x00, 0x03, 0xff, 0xff, 0xb0, 0x00,
    0x00, 0x00, 0x00, 0x3f, 0xff, 0xfb, 0x00, 0x00,
    0x00, 0x00, 0x03, 0xff, 0xff, 0xb0, 0x00, 0x00,
    0x00, 0x00, 0x3f, 0xff, 0xfb, 0x00, 0x00, 0x00,
    0x00, 0x03, 0xff, 0xff, 0xb0, 0x00, 0x00, 0x00,
    0x00, 0x3f, 0xff, 0xfb, 0x00, 0x00, 0x00, 0x00,
    0x03, 0xff, 0xff, 0xb0, 0x00, 0x00,

    /* U+00CF "Ï" */
    0x04, 0xde, 0x90, 0x00, 0x03, 0xdf, 0xa0, 0x1f,
    0xff, 0xf8, 0x00, 0x1f, 0xff, 0xf9, 0x4f, 0xff,
    0xfb, 0x00, 0x3f, 0xff, 0xfd, 0x2f, 0xff, 0xf8,
    0x00, 0x1f, 0xff, 0xfa, 0x05, 0xef, 0xa0, 0x00,
    0x04, 0xef, 0xb1, 0x00, 0x00, 0x00, 0x00, 0x00,
    0x00, 0x00, 0x00, 0x00, 0x00, 0x00, 0x00, 0x00,
    0x00, 0x00, 0x00, 0x00, 0x00, 0x00, 0x00, 0x00,
    0x00, 0x00, 0x3f, 0xff, 0xfb, 0x00, 0x00, 0x00,
    0x00, 0x3f, 0xff, 0xfb, 0x00, 0x00, 0x00, 0x00,
    0x3f, 0xff, 0xfb, 0x00, 0x00, 0x00, 0x00, 0x3f,
    0xff, 0xfb, 0x00, 0x00, 0x00, 0x00, 0x3f, 0xff,
    0xfb, 0x00, 0x00, 0x00, 0x00, 0x3f, 0xff, 0xfb,
    0x00, 0x00, 0x00, 0x00, 0x3f, 0xff, 0xfb, 0x00,
    0x00, 0x00, 0x00, 0x3f, 0xff, 0xfb, 0x00, 0x00,
    0x00, 0x00, 0x3f, 0xff, 0xfb, 0x00, 0x00, 0x00,
    0x00, 0x3f, 0xff, 0xfb, 0x00, 0x00, 0x00, 0x00,
    0x3f, 0xff, 0xfb, 0x00, 0x00, 0x00, 0x00, 0x3f,
    0xff, 0xfb, 0x00, 0x00, 0x00, 0x00, 0x3f, 0xff,
    0xfb, 0x00, 0x00, 0x00, 0x00, 0x3f, 0xff, 0xfb,
    0x00, 0x00, 0x00, 0x00, 0x3f, 0xff, 0xfb, 0x00,
    0x00, 0x00, 0x00, 0x3f, 0xff, 0xfb, 0x00, 0x00,
    0x00, 0x00, 0x3f, 0xff, 0xfb, 0x00, 0x00, 0x00,
    0x00, 0x3f, 0xff, 0xfb, 0x00, 0x00, 0x00, 0x00,
    0x3f, 0xff, 0xfb, 0x00, 0x00, 0x00, 0x00, 0x3f,
    0xff, 0xfb, 0x00, 0x00, 0x00, 0x00, 0x3f, 0xff,
    0xfb, 0x00, 0x00, 0x00, 0x00, 0x3f, 0xff, 0xfb,
    0x00, 0x00, 0x00, 0x00, 0x3f, 0xff, 0xfb, 0x00,
    0x00, 0x00, 0x00, 0x3f, 0xff, 0xfb, 0x00, 0x00,
    0x00, 0x00, 0x3f, 0xff, 0xfb, 0x00, 0x00, 0x00,
    0x00, 0x3f, 0xff, 0xfb, 0x00, 0x00, 0x00, 0x00,
    0x3f, 0xff, 0xfb, 0x00, 0x00, 0x00, 0x00, 0x3f,
    0xff, 0xfb, 0x00, 0x00,

    /* U+00D0 "Ð" */
    0x00, 0x01, 0xff, 0xff, 0xff, 0xff, 0xff, 0xfd,
    0xb8, 0x30, 0x00, 0x00, 0x00, 0x00, 0x00, 0x1f,
    0xff, 0xff, 0xff, 0xff, 0xff, 0xff, 0xff, 0xc4,
    0x00, 0x00, 0x00, 0x00, 0x01, 0xff, 0xff, 0xff,
    0xff, 0xff, 0xff, 0xff, 0xff, 0xfa, 0x00, 0x00,
    0x00, 0x00, 0x1f, 0xff, 0xff, 0xff, 0xff, 0xff,
    0xff, 0xff, 0xff, 0xfc, 0x10, 0x00, 0x00, 0x01,
    0xff, 0xff, 0xf4, 0x44, 0x44, 0x58, 0xcf, 0xff,
    0xff, 0xfb, 0x00, 0x00, 0x00, 0x1f, 0xff, 0xfd,
    0x00, 0x00, 0x00, 0x00, 0x3c, 0xff, 0xff, 0xf7,
    0x00, 0x00, 0x01, 0xff, 0xff, 0xd0, 0x00, 0x00,
    0x00, 0x00, 0x0a, 0xff, 0xff, 0xf1, 0x00, 0x00,
    0x1f, 0xff, 0xfd, 0x00, 0x00, 0x00, 0x00, 0x00,
    0x0d, 0xff, 0xff, 0x70, 0x00, 0x01, 0xff, 0xff,
    0xd0, 0x00, 0x00, 0x00, 0x00, 0x00, 0x4f, 0xff,
    0xfd, 0x00, 0x00, 0x1f, 0xff, 0xfd, 0x00, 0x00,
    0x00, 0x00, 0x00, 0x00, 0xef, 0xff, 0xf1, 0x00,
    0x01, 0xff, 0xff, 0xd0, 0x00, 0x00, 0x00, 0x00,
    0x00, 0x09, 0xff, 0xff, 0x50, 0x00, 0x1f, 0xff,
    0xfd, 0x00, 0x00, 0x00, 0x00, 0x00, 0x00, 0x6f,
    0xff, 0xf7, 0x47, 0x79, 0xff, 0xff, 0xf7, 0x77,
    0x77, 0x71, 0x00, 0x00, 0x05, 0xff, 0xff, 0x8a,
    0xff, 0xff, 0xff, 0xff, 0xff, 0xff, 0xff, 0x30,
    0x00, 0x00, 0x4f, 0xff, 0xf9, 0xaf, 0xff, 0xff,
    0xff, 0xff, 0xff, 0xff, 0xf3, 0x00, 0x00, 0x04,
    0xff, 0xff, 0x9a, 0xff, 0xff, 0xff, 0xff, 0xff,
    0xff, 0xff, 0x30, 0x00, 0x00, 0x5f, 0xff, 0xf8,
    0x00, 0x01, 0xff, 0xff, 0xd0, 0x00, 0x00, 0x00,
    0x00, 0x00, 0x07, 0xff, 0xff, 0x70, 0x00, 0x1f,
    0xff, 0xfd, 0x00, 0x00, 0x00, 0x00, 0x00, 0x00,
    0xaf, 0xff, 0xf4, 0x00, 0x01, 0xff, 0xff, 0xd0,
    0x00, 0x00, 0x00, 0x00, 0x00, 0x0e, 0xff, 0xff,
    0x10, 0x00, 0x1f, 0xff, 0xfd, 0x00, 0x00, 0x00,
    0x00, 0x00, 0x05, 0xff, 0xff, 0xd0, 0x00, 0x01,
    0xff, 0xff, 0xd0, 0x00, 0x00, 0x00, 0x00, 0x00,
    0xdf, 0xff, 0xf7, 0x00, 0x00, 0x1f, 0xff, 0xfd,
    0x00, 0x00, 0x00, 0x00, 0x00, 0xbf, 0xff, 0xfe,
    0x10, 0x00, 0x01, 0xff, 0xff, 0xd0, 0x00, 0x00,
    0x00, 0x03, 0xcf, 0xff, 0xff, 0x60, 0x00, 0x00,
    0x1f, 0xff, 0xff, 0x44, 0x44, 0x45, 0x8c, 0xff,
    0xff, 0xff, 0xb0, 0x00, 0x00, 0x01, 0xff, 0xff,
    0xff, 0xff, 0xff, 0xff, 0xff, 0xff, 0xff, 0xc0,
    0x00, 0x00, 0x00, 0x1f, 0xff, 0xff, 0xff, 0xff,
    0xff, 0xff, 0xff, 0xff, 0x90, 0x00, 0x00, 0x00,
    0x01, 0xff, 0xff, 0xff, 0xff, 0xff, 0xff, 0xff,
    0xfc, 0x40, 0x00, 0x00, 0x00, 0x00, 0x1f, 0xff,
    0xff, 0xff, 0xff, 0xfe, 0xdb, 0x72, 0x00, 0x00,
    0x00, 0x00,

    /* U+00D1 "Ñ" */
    0x00, 0x00, 0x00, 0x00, 0x8d, 0xc7, 0x00, 0x03,
    0xdd, 0x60, 0x00, 0x00, 0x00, 0x00, 0x00, 0x00,
    0xaf, 0xff, 0xfe, 0x40, 0x9f, 0xf5, 0x00, 0x00,
    0x00, 0x00, 0x00, 0x00, 0x2f, 0xff, 0xff, 0xff,
    0xef, 0xff, 0x10, 0x00, 0x00, 0x00, 0x00, 0x00,
    0x07, 0xff, 0x91, 0x8f, 0xff, 0xff, 0x90, 0x00,
    0x00, 0x00, 0x00, 0x00, 0x00, 0x9f, 0xf4, 0x00,
    0x2a, 0xfe, 0x90, 0x00, 0x00, 0x00, 0x00, 0x00,
    0x00, 0x00, 0x00, 0x00, 0x00, 0x00, 0x00, 0x00,
    0x00, 0x00, 0x00, 0x00, 0x00, 0x00, 0x00, 0x00,
    0x00, 0x00, 0x00, 0x00, 0x00, 0x00, 0x00, 0x00,
    0x00, 0x00, 0x00, 0x00, 0x00, 0x00, 0x00, 0x00,
    0x00, 0x00, 0x00, 0x00, 0x3f, 0xff, 0xff, 0xb0,
    0x00, 0x00, 0x00, 0x00, 0x00, 0x0f, 0xff, 0xff,
    0x13, 0xff, 0xff, 0xff, 0x50, 0x00, 0x00, 0x00,
    0x00, 0x00, 0xff, 0xff, 0xf1, 0x3f, 0xff, 0xff,
    0xfe, 0x00, 0x00, 0x00, 0x00, 0x00, 0x0f, 0xff,
    0xff, 0x13, 0xff, 0xff, 0xff, 0xf9, 0x00, 0x00,
    0x00, 0x00, 0x00, 0xff, 0xff, 0xf1, 0x3f, 0xff,
    0xff, 0xff, 0xf3, 0x00, 0x00, 0x00, 0x00, 0x0f,
    0xff, 0xff, 0x13, 0xff, 0xff, 0xff, 0xff, 0xd0,
    0x00, 0x00, 0x00, 0x00, 0xff, 0xff, 0xf1, 0x3f,
    0xff, 0xff, 0xff, 0xff, 0x70, 0x00, 0x00, 0x00,
    0x0f, 0xff, 0xff, 0x13, 0xff, 0xff, 0x9e, 0xff,
    0xff, 0x20, 0x00, 0x00, 0x00, 0xff, 0xff, 0xf1,
    0x3f, 0xff, 0xf9, 0x6f, 0xff, 0xfb, 0x00, 0x00,
    0x00, 0x0f, 0xff, 0xff, 0x13, 0xff, 0xff, 0xa0,
    0xef, 0xff, 0xf5, 0x00, 0x00, 0x00, 0xff, 0xff,
    0xf1, 0x3f, 0xff, 0xfb, 0x05, 0xff, 0xff, 0xe1,
    0x00, 0x00, 0x0f, 0xff, 0xff, 0x13, 0xff, 0xff,
    0xb0, 0x0c, 0xff, 0xff, 0x90, 0x00, 0x00, 0xff,
    0xff, 0xf1, 0x3f, 0xff, 0xfc, 0x00, 0x3f, 0xff,
    0xff, 0x30, 0x00, 0x0f, 0xff, 0xff, 0x13, 0xff,
    0xff, 0xd0, 0x00, 0xaf, 0xff, 0xfd, 0x00, 0x00,
    0xff, 0xff, 0xf1, 0x3f, 0xff, 0xfd, 0x00, 0x01,
    0xff, 0xff, 0xf7, 0x00, 0x0f, 0xff, 0xff, 0x13,
    0xff, 0xff, 0xd0, 0x00, 0x06, 0xff, 0xff, 0xf2,
    0x00, 0xff, 0xff, 0xf1, 0x3f, 0xff, 0xfd, 0x00,
    0x00, 0x0c, 0xff, 0xff, 0xb0, 0x0e, 0xff, 0xff,
    0x13, 0xff, 0xff, 0xd0, 0x00, 0x00, 0x2f, 0xff,
    0xff, 0x40, 0xef, 0xff, 0xf1, 0x3f, 0xff, 0xfd,
    0x00, 0x00, 0x00, 0x8f, 0xff, 0xfc, 0x0d, 0xff,
    0xff, 0x13, 0xff, 0xff, 0xd0, 0x00, 0x00, 0x00,
    0xdf, 0xff, 0xf5, 0xcf, 0xff, 0xf1, 0x3f, 0xff,
    0xfd, 0x00, 0x00, 0x00, 0x04, 0xff, 0xff, 0xcb,
    0xff, 0xff, 0x13, 0xff, 0xff, 0xd0, 0x00, 0x00,
    0x00, 0x0a, 0xff, 0xff, 0xef, 0xff, 0xf1, 0x3f,
    0xff, 0xfd, 0x00, 0x00, 0x00, 0x00, 0x1e, 0xff,
    0xff, 0xff, 0xff, 0x13, 0xff, 0xff, 0xd0, 0x00,
    0x00, 0x00, 0x00, 0x6f, 0xff, 0xff, 0xff, 0xf1,
    0x3f, 0xff, 0xfd, 0x00, 0x00, 0x00, 0x00, 0x00,
    0xbf, 0xff, 0xff, 0xff, 0x13, 0xff, 0xff, 0xd0,
    0x00, 0x00, 0x00, 0x00, 0x02, 0xff, 0xff, 0xff,
    0xf1, 0x3f, 0xff, 0xfd, 0x00, 0x00, 0x00, 0x00,
    0x00, 0x07, 0xff, 0xff, 0xff, 0x13, 0xff, 0xff,
    0xd0, 0x00, 0x00, 0x00, 0x00, 0x00, 0x0d, 0xff,
    0xff, 0xf1,

    /* U+00D2 "Ò" */
    0x00, 0x00, 0x00, 0x00, 0x6b, 0xbb, 0xa0, 0x00,
    0x00, 0x00, 0x00, 0x00, 0x00, 0x00, 0x00, 0x00,
    0x00, 0x02, 0xff, 0xff, 0x60, 0x00, 0x00, 0x00,
    0x00, 0x00, 0x00, 0x00, 0x00, 0x00, 0x00, 0x06,
    0xff, 0xfd, 0x00, 0x00, 0x00, 0x00, 0x00, 0x00,
    0x00, 0x00, 0x00, 0x00, 0x00, 0x0c, 0xff, 0xf4,
    0x00, 0x00, 0x00, 0x00, 0x00, 0x00, 0x00, 0x00,
    0x00, 0x00, 0x00, 0x2f, 0xff, 0xb0, 0x00, 0x00,
    0x00, 0x00, 0x00, 0x00, 0x00, 0x00, 0x00, 0x00,
    0x00, 0x7f, 0xff, 0x30, 0x00, 0x00, 0x00, 0x00,
    0x00, 0x00, 0x00, 0x00, 0x00, 0x00, 0x00, 0x00,
    0x00, 0x00, 0x00, 0x00, 0x00, 0x00, 0x00, 0x00,
    0x00, 0x00, 0x00, 0x00, 0x00, 0x00, 0x00, 0x00,
    0x00, 0x00, 0x00, 0x00, 0x00, 0x00, 0x00, 0x00,
    0x00, 0x00, 0x00, 0x00, 0x00, 0x00, 0x00, 0x00,
    0x00, 0x00, 0x00, 0x00, 0x00, 0x00, 0x5a, 0xde,
    0xff, 0xda, 0x61, 0x00, 0x00, 0x00, 0x00, 0x00,
    0x00, 0x00, 0x08, 0xff, 0xff, 0xff, 0xff, 0xff,
    0xf9, 0x10, 0x00, 0x00, 0x00, 0x00, 0x00, 0x3d,
    0xff, 0xff, 0xff, 0xff, 0xff, 0xff, 0xff, 0x50,
    0x00, 0x00, 0x00, 0x00, 0x4f, 0xff, 0xff, 0xff,
    0xff, 0xff, 0xff, 0xff, 0xff, 0x60, 0x00, 0x00,
    0x00, 0x2f, 0xff, 0xff, 0xff, 0xb8, 0x78, 0xaf,
    0xff, 0xff, 0xff, 0x50, 0x00, 0x00, 0x0d, 0xff,
    0xff, 0xfa, 0x10, 0x00, 0x00, 0x08, 0xff, 0xff,
    0xfe, 0x10, 0x00, 0x06, 0xff, 0xff, 0xf7, 0x00,
    0x00, 0x00, 0x00, 0x04, 0xff, 0xff, 0xf9, 0x00,
    0x00, 0xef, 0xff, 0xfa, 0x00, 0x00, 0x00, 0x00,
    0x00, 0x06, 0xff, 0xff, 0xf1, 0x00, 0x4f, 0xff,
    0xff, 0x10, 0x00, 0x00, 0x00, 0x00, 0x00, 0x0d,
    0xff, 0xff, 0x70, 0x08, 0xff, 0xff, 0xa0, 0x00,
    0x00, 0x00, 0x00, 0x00, 0x00, 0x7f, 0xff, 0xfc,
    0x00, 0xcf, 0xff, 0xf5, 0x00, 0x00, 0x00, 0x00,
    0x00, 0x00, 0x02, 0xff, 0xff, 0xf0, 0x0e, 0xff,
    0xff, 0x10, 0x00, 0x00, 0x00, 0x00, 0x00, 0x00,
    0x0e, 0xff, 0xff, 0x20, 0xff, 0xff, 0xf0, 0x00,
    0x00, 0x00, 0x00, 0x00, 0x00, 0x00, 0xdf, 0xff,
    0xf3, 0x1f, 0xff, 0xfe, 0x00, 0x00, 0x00, 0x00,
    0x00, 0x00, 0x00, 0x0b, 0xff, 0xff, 0x41, 0xff,
    0xff, 0xe0, 0x00, 0x00, 0x00, 0x00, 0x00, 0x00,
    0x00, 0xcf, 0xff, 0xf4, 0x0f, 0xff, 0xff, 0x00,
    0x00, 0x00, 0x00, 0x00, 0x00, 0x00, 0x0d, 0xff,
    0xff, 0x30, 0xef, 0xff, 0xf1, 0x00, 0x00, 0x00,
    0x00, 0x00, 0x00, 0x00, 0xef, 0xff, 0xf2, 0x0c,
    0xff, 0xff, 0x50, 0x00, 0x00, 0x00, 0x00, 0x00,
    0x00, 0x2f, 0xff, 0xff, 0x00, 0x9f, 0xff, 0xfa,
    0x00, 0x00, 0x00, 0x00, 0x00, 0x00, 0x07, 0xff,
    0xff, 0xc0, 0x04, 0xff, 0xff, 0xf1, 0x00, 0x00,
    0x00, 0x00, 0x00, 0x00, 0xdf, 0xff, 0xf7, 0x00,
    0x0e, 0xff, 0xff, 0xa0, 0x00, 0x00, 0x00, 0x00,
    0x00, 0x6f, 0xff, 0xff, 0x10, 0x00, 0x7f, 0xff,
    0xff, 0x70, 0x00, 0x00, 0x00, 0x00, 0x4f, 0xff,
    0xff, 0xa0, 0x00, 0x00, 0xdf, 0xff, 0xff, 0xa1,
    0x00, 0x00, 0x00, 0x7f, 0xff, 0xff, 0xf1, 0x00,
    0x00, 0x02, 0xff, 0xff, 0xff, 0xfb, 0x87, 0x7a,
    0xff, 0xff, 0xff, 0xf5, 0x00, 0x00, 0x00, 0x04,
    0xff, 0xff, 0xff, 0xff, 0xff, 0xff, 0xff, 0xff,
    0xf7, 0x00, 0x00, 0x00, 0x00, 0x03, 0xef, 0xff,
    0xff, 0xff, 0xff, 0xff, 0xff, 0xf5, 0x00, 0x00,
    0x00, 0x00, 0x00, 0x00, 0x8f, 0xff, 0xff, 0xff,
    0xff, 0xff, 0xa1, 0x00, 0x00, 0x00, 0x00, 0x00,
    0x00, 0x00, 0x05, 0xad, 0xff, 0xfd, 0xb6, 0x10,
    0x00, 0x00, 0x00, 0x00,

    /* U+00D3 "Ó" */
    0x00, 0x00, 0x00, 0x00, 0x00, 0x00, 0x00, 0x8b,
    0xbb, 0x80, 0x00, 0x00, 0x00, 0x00, 0x00, 0x00,
    0x00, 0x00, 0x00, 0x00, 0x2f, 0xff, 0xf4, 0x00,
    0x00, 0x00, 0x00, 0x00, 0x00, 0x00, 0x00, 0x00,
    0x00, 0x0a, 0xff, 0xf9, 0x00, 0x00, 0x00, 0x00,
    0x00, 0x00, 0x00, 0x00, 0x00, 0x00, 0x01, 0xff,
    0xfe, 0x00, 0x00, 0x00, 0x00, 0x00, 0x00, 0x00,
    0x00, 0x00, 0x00, 0x00, 0x8f, 0xff, 0x40, 0x00,
    0x00, 0x00, 0x00, 0x00, 0x00, 0x00, 0x00, 0x00,
    0x00, 0x0f, 0xff, 0xa0, 0x00, 0x00, 0x00, 0x00,
    0x00, 0x00, 0x00, 0x00, 0x00, 0x00, 0x00, 0x00,
    0x00, 0x00, 0x00, 0x00, 0x00, 0x00, 0x00, 0x00,
    0x00, 0x00, 0x00, 0x00, 0x00, 0x00, 0x00, 0x00,
    0x00, 0x00, 0x00, 0x00, 0x00, 0x00, 0x00, 0x00,
    0x00, 0x00, 0x00, 0x00, 0x00, 0x00, 0x00, 0x00,
    0x00, 0x00, 0x00, 0x00, 0x00, 0x00, 0x5a, 0xde,
    0xff, 0xda, 0x61, 0x00, 0x00, 0x00, 0x00, 0x00,
    0x00, 0x00, 0x08, 0xff, 0xff, 0xff, 0xff, 0xff,
    0xf9, 0x10, 0x00, 0x00, 0x00, 0x00, 0x00, 0x3d,
    0xff, 0xff, 0xff, 0xff, 0xff, 0xff, 0xff, 0x50,
    0x00, 0x00, 0x00, 0x00, 0x4f, 0xff, 0xff, 0xff,
    0xff, 0xff, 0xff, 0xff, 0xff, 0x60, 0x00, 0x00,
    0x00, 0x2f, 0xff, 0xff, 0xff, 0xb8, 0x78, 0xaf,
    0xff, 0xff, 0xff, 0x50, 0x00, 0x00, 0x0d, 0xff,
    0xff, 0xfa, 0x10, 0x00, 0x00, 0x08, 0xff, 0xff,
    0xfe, 0x10, 0x00, 0x06, 0xff, 0xff, 0xf7, 0x00,
    0x00, 0x00, 0x00, 0x04, 0xff, 0xff, 0xf9, 0x00,
    0x00, 0xef, 0xff, 0xfa, 0x00, 0x00, 0x00, 0x00,
    0x00, 0x06, 0xff, 0xff, 0xf1, 0x00, 0x4f, 0xff,
    0xff, 0x10, 0x00, 0x00, 0x00, 0x00, 0x00, 0x0d,
    0xff, 0xff, 0x70, 0x08, 0xff, 0xff, 0xa0, 0x00,
    0x00, 0x00, 0x00, 0x00, 0x00, 0x7f, 0xff, 0xfc,
    0x00, 0xcf, 0xff, 0xf5, 0x00, 0x00, 0x00, 0x00,
    0x00, 0x00, 0x02, 0xff, 0xff, 0xf0, 0x0e, 0xff,
    0xff, 0x10, 0x00, 0x00, 0x00, 0x00, 0x00, 0x00,
    0x0e, 0xff, 0xff, 0x20, 0xff, 0xff, 0xf0, 0x00,
    0x00, 0x00, 0x00, 0x00, 0x00, 0x00, 0xdf, 0xff,
    0xf3, 0x1f, 0xff, 0xfe, 0x00, 0x00, 0x00, 0x00,
    0x00, 0x00, 0x00, 0x0b, 0xff, 0xff, 0x41, 0xff,
    0xff, 0xe0, 0x00, 0x00, 0x00, 0x00, 0x00, 0x00,
    0x00, 0xcf, 0xff, 0xf4, 0x0f, 0xff, 0xff, 0x00,
    0x00, 0x00, 0x00, 0x00, 0x00, 0x00, 0x0d, 0xff,
    0xff, 0x30, 0xef, 0xff, 0xf1, 0x00, 0x00, 0x00,
    0x00, 0x00, 0x00, 0x00, 0xef, 0xff, 0xf2, 0x0c,
    0xff, 0xff, 0x50, 0x00, 0x00, 0x00, 0x00, 0x00,
    0x00, 0x2f, 0xff, 0xff, 0x00, 0x9f, 0xff, 0xfa,
    0x00, 0x00, 0x00, 0x00, 0x00, 0x00, 0x07, 0xff,
    0xff, 0xc0, 0x04, 0xff, 0xff, 0xf1, 0x00, 0x00,
    0x00, 0x00, 0x00, 0x00, 0xdf, 0xff, 0xf7, 0x00,
    0x0e, 0xff, 0xff, 0xa0, 0x00, 0x00, 0x00, 0x00,
    0x00, 0x6f, 0xff, 0xff, 0x10, 0x00, 0x7f, 0xff,
    0xff, 0x70, 0x00, 0x00, 0x00, 0x00, 0x4f, 0xff,
    0xff, 0xa0, 0x00, 0x00, 0xdf, 0xff, 0xff, 0xa1,
    0x00, 0x00, 0x00, 0x7f, 0xff, 0xff, 0xf1, 0x00,
    0x00, 0x02, 0xff, 0xff, 0xff, 0xfb, 0x87, 0x7a,
    0xff, 0xff, 0xff, 0xf5, 0x00, 0x00, 0x00, 0x04,
    0xff, 0xff, 0xff, 0xff, 0xff, 0xff, 0xff, 0xff,
    0xf7, 0x00, 0x00, 0x00, 0x00, 0x03, 0xef, 0xff,
    0xff, 0xff, 0xff, 0xff, 0xff, 0xf5, 0x00, 0x00,
    0x00, 0x00, 0x00, 0x00, 0x8f, 0xff, 0xff, 0xff,
    0xff, 0xff, 0xa1, 0x00, 0x00, 0x00, 0x00, 0x00,
    0x00, 0x00, 0x05, 0xad, 0xff, 0xfd, 0xb6, 0x10,
    0x00, 0x00, 0x00, 0x00,

    /* U+00D4 "Ô" */
    0x00, 0x00, 0x00, 0x00, 0x00, 0x04, 0x88, 0x86,
    0x00, 0x00, 0x00, 0x00, 0x00, 0x00, 0x00, 0x00,
    0x00, 0x00, 0x04, 0xff, 0xff, 0xf7, 0x00, 0x00,
    0x00, 0x00, 0x00, 0x00, 0x00, 0x00, 0x00, 0x03,
    0xff, 0xff, 0xff, 0xf6, 0x00, 0x00, 0x00, 0x00,
    0x00, 0x00, 0x00, 0x00, 0x03, 0xff, 0xfe, 0x2c,
    0xff, 0xf5, 0x00, 0x00, 0x00, 0x00, 0x00, 0x00,
    0x00, 0x02, 0xef, 0xff, 0x30, 0x1e, 0xff, 0xf4,
    0x00, 0x00, 0x00, 0x00, 0x00, 0x00, 0x01, 0xef,
    0xff, 0x60, 0x00, 0x3f, 0xff, 0xf3, 0x00, 0x00,
    0x00, 0x00, 0x00, 0x00, 0x00, 0x00, 0x00, 0x00,
    0x00, 0x00, 0x00, 0x00, 0x00, 0x00, 0x00, 0x00,
    0x00, 0x00, 0x00, 0x00, 0x00, 0x00, 0x00, 0x00,
    0x00, 0x00, 0x00, 0x00, 0x00, 0x00, 0x00, 0x00,
    0x00, 0x00, 0x00, 0x00, 0x00, 0x00, 0x00, 0x00,
    0x00, 0x00, 0x00, 0x00, 0x00, 0x00, 0x5a, 0xde,
    0xff, 0xda, 0x61, 0x00, 0x00, 0x00, 0x00, 0x00,
    0x00, 0x00, 0x08, 0xff, 0xff, 0xff, 0xff, 0xff,
    0xf9, 0x10, 0x00, 0x00, 0x00, 0x00, 0x00, 0x3d,
    0xff, 0xff, 0xff, 0xff, 0xff, 0xff, 0xff, 0x50,
    0x00, 0x00, 0x00, 0x00, 0x4f, 0xff, 0xff, 0xff,
    0xff, 0xff, 0xff, 0xff, 0xff, 0x60, 0x00, 0x00,
    0x00, 0x2f, 0xff, 0xff, 0xff, 0xb8, 0x78, 0xaf,
    0xff, 0xff, 0xff, 0x50, 0x00, 0x00, 0x0d, 0xff,
    0xff, 0xfa, 0x10, 0x00, 0x00, 0x08, 0xff, 0xff,
    0xfe, 0x10, 0x00, 0x06, 0xff, 0xff, 0xf7, 0x00,
    0x00, 0x00, 0x00, 0x04, 0xff, 0xff, 0xf9, 0x00,
    0x00, 0xef, 0xff, 0xfa, 0x00, 0x00, 0x00, 0x00,
    0x00, 0x06, 0xff, 0xff, 0xf1, 0x00, 0x4f, 0xff,
    0xff, 0x10, 0x00, 0x00, 0x00, 0x00, 0x00, 0x0d,
    0xff, 0xff, 0x70, 0x08, 0xff, 0xff, 0xa0, 0x00,
    0x00, 0x00, 0x00, 0x00, 0x00, 0x7f, 0xff, 0xfc,
    0x00, 0xcf, 0xff, 0xf5, 0x00, 0x00, 0x00, 0x00,
    0x00, 0x00, 0x02, 0xff, 0xff, 0xf0, 0x0e, 0xff,
    0xff, 0x10, 0x00, 0x00, 0x00, 0x00, 0x00, 0x00,
    0x0e, 0xff, 0xff, 0x20, 0xff, 0xff, 0xf0, 0x00,
    0x00, 0x00, 0x00, 0x00, 0x00, 0x00, 0xdf, 0xff,
    0xf3, 0x1f, 0xff, 0xfe, 0x00, 0x00, 0x00, 0x00,
    0x00, 0x00, 0x00, 0x0b, 0xff, 0xff, 0x41, 0xff,
    0xff, 0xe0, 0x00, 0x00, 0x00, 0x00, 0x00, 0x00,
    0x00, 0xcf, 0xff, 0xf4, 0x0f, 0xff, 0xff, 0x00,
    0x00, 0x00, 0x00, 0x00, 0x00, 0x00, 0x0d, 0xff,
    0xff, 0x30, 0xef, 0xff, 0xf1, 0x00, 0x00, 0x00,
    0x00, 0x00, 0x00, 0x00, 0xef, 0xff, 0xf2, 0x0c,
    0xff, 0xff, 0x50, 0x00, 0x00, 0x00, 0x00, 0x00,
    0x00, 0x2f, 0xff, 0xff, 0x00, 0x9f, 0xff, 0xfa,
    0x00, 0x00, 0x00, 0x00, 0x00, 0x00, 0x07, 0xff,
    0xff, 0xc0, 0x04, 0xff, 0xff, 0xf1, 0x00, 0x00,
    0x00, 0x00, 0x00, 0x00, 0xdf, 0xff, 0xf7, 0x00,
    0x0e, 0xff, 0xff, 0xa0, 0x00, 0x00, 0x00, 0x00,
    0x00, 0x6f, 0xff, 0xff, 0x10, 0x00, 0x7f, 0xff,
    0xff, 0x70, 0x00, 0x00, 0x00, 0x00, 0x4f, 0xff,
    0xff, 0xa0, 0x00, 0x00, 0xdf, 0xff, 0xff, 0xa1,
    0x00, 0x00, 0x00, 0x7f, 0xff, 0xff, 0xf1, 0x00,
    0x00, 0x02, 0xff, 0xff, 0xff, 0xfb, 0x87, 0x7a,
    0xff, 0xff, 0xff, 0xf5, 0x00, 0x00, 0x00, 0x04,
    0xff, 0xff, 0xff, 0xff, 0xff, 0xff, 0xff, 0xff,
    0xf7, 0x00, 0x00, 0x00, 0x00, 0x03, 0xef, 0xff,
    0xff, 0xff, 0xff, 0xff, 0xff, 0xf5, 0x00, 0x00,
    0x00, 0x00, 0x00, 0x00, 0x8f, 0xff, 0xff, 0xff,
    0xff, 0xff, 0xa1, 0x00, 0x00, 0x00, 0x00, 0x00,
    0x00, 0x00, 0x05, 0xad, 0xff, 0xfd, 0xb6, 0x10,
    0x00, 0x00, 0x00, 0x00,

    /* U+00D5 "Õ" */
    0x00, 0x00, 0x00, 0x00, 0x07, 0xcd, 0x91, 0x00,
    0x1d, 0xd8, 0x00, 0x00, 0x00, 0x00, 0x00, 0x00,
    0x00, 0x08, 0xff, 0xff, 0xf7, 0x07, 0xff, 0x80,
    0x00, 0x00, 0x00, 0x00, 0x00, 0x00, 0x01, 0xff,
    0xff, 0xff, 0xff, 0xff, 0xf3, 0x00, 0x00, 0x00,
    0x00, 0x00, 0x00, 0x00, 0x5f, 0xfb, 0x06, 0xef,
    0xff, 0xfb, 0x00, 0x00, 0x00, 0x00, 0x00, 0x00,
    0x00, 0x06, 0xee, 0x50, 0x01, 0x8c, 0xd8, 0x00,
    0x00, 0x00, 0x00, 0x00, 0x00, 0x00, 0x00, 0x00,
    0x00, 0x00, 0x00, 0x00, 0x00, 0x00, 0x00, 0x00,
    0x00, 0x00, 0x00, 0x00, 0x00, 0x00, 0x00, 0x00,
    0x00, 0x00, 0x00, 0x00, 0x00, 0x00, 0x00, 0x00,
    0x00, 0x00, 0x00, 0x00, 0x00, 0x00, 0x00, 0x00,
    0x00, 0x00, 0x00, 0x00, 0x00, 0x00, 0x00, 0x00,
    0x05, 0xad, 0xef, 0xfd, 0xa6, 0x10, 0x00, 0x00,
    0x00, 0x00, 0x00, 0x00, 0x00, 0x8f, 0xff, 0xff,
    0xff, 0xff, 0xff, 0x91, 0x00, 0x00, 0x00, 0x00,
    0x00, 0x03, 0xdf, 0xff, 0xff, 0xff, 0xff, 0xff,
    0xff, 0xf5, 0x00, 0x00, 0x00, 0x00, 0x04, 0xff,
    0xff, 0xff, 0xff, 0xff, 0xff, 0xff, 0xff, 0xf6,
    0x00, 0x00, 0x00, 0x02, 0xff, 0xff, 0xff, 0xfb,
    0x87, 0x8a, 0xff, 0xff, 0xff, 0xf5, 0x00, 0x00,
    0x00, 0xdf, 0xff, 0xff, 0xa1, 0x00, 0x00, 0x00,
    0x8f, 0xff, 0xff, 0xe1, 0x00, 0x00, 0x6f, 0xff,
    0xff, 0x70, 0x00, 0x00, 0x00, 0x00, 0x4f, 0xff,
    0xff, 0x90, 0x00, 0x0e, 0xff, 0xff, 0xa0, 0x00,
    0x00, 0x00, 0x00, 0x00, 0x6f, 0xff, 0xff, 0x10,
    0x04, 0xff, 0xff, 0xf1, 0x00, 0x00, 0x00, 0x00,
    0x00, 0x00, 0xdf, 0xff, 0xf7, 0x00, 0x8f, 0xff,
    0xfa, 0x00, 0x00, 0x00, 0x00, 0x00, 0x00, 0x07,
    0xff, 0xff, 0xc0, 0x0c, 0xff, 0xff, 0x50, 0x00,
    0x00, 0x00, 0x00, 0x00, 0x00, 0x2f, 0xff, 0xff,
    0x00, 0xef, 0xff, 0xf1, 0x00, 0x00, 0x00, 0x00,
    0x00, 0x00, 0x00, 0xef, 0xff, 0xf2, 0x0f, 0xff,
    0xff, 0x00, 0x00, 0x00, 0x00, 0x00, 0x00, 0x00,
    0x0d, 0xff, 0xff, 0x31, 0xff, 0xff, 0xe0, 0x00,
    0x00, 0x00, 0x00, 0x00, 0x00, 0x00, 0xbf, 0xff,
    0xf4, 0x1f, 0xff, 0xfe, 0x00, 0x00, 0x00, 0x00,
    0x00, 0x00, 0x00, 0x0c, 0xff, 0xff, 0x40, 0xff,
    0xff, 0xf0, 0x00, 0x00, 0x00, 0x00, 0x00, 0x00,
    0x00, 0xdf, 0xff, 0xf3, 0x0e, 0xff, 0xff, 0x10,
    0x00, 0x00, 0x00, 0x00, 0x00, 0x00, 0x0e, 0xff,
    0xff, 0x20, 0xcf, 0xff, 0xf5, 0x00, 0x00, 0x00,
    0x00, 0x00, 0x00, 0x02, 0xff, 0xff, 0xf0, 0x09,
    0xff, 0xff, 0xa0, 0x00, 0x00, 0x00, 0x00, 0x00,
    0x00, 0x7f, 0xff, 0xfc, 0x00, 0x4f, 0xff, 0xff,
    0x10, 0x00, 0x00, 0x00, 0x00, 0x00, 0x0d, 0xff,
    0xff, 0x70, 0x00, 0xef, 0xff, 0xfa, 0x00, 0x00,
    0x00, 0x00, 0x00, 0x06, 0xff, 0xff, 0xf1, 0x00,
    0x07, 0xff, 0xff, 0xf7, 0x00, 0x00, 0x00, 0x00,
    0x04, 0xff, 0xff, 0xfa, 0x00, 0x00, 0x0d, 0xff,
    0xff, 0xfa, 0x10, 0x00, 0x00, 0x07, 0xff, 0xff,
    0xff, 0x10, 0x00, 0x00, 0x2f, 0xff, 0xff, 0xff,
    0xb8, 0x77, 0xaf, 0xff, 0xff, 0xff, 0x50, 0x00,
    0x00, 0x00, 0x4f, 0xff, 0xff, 0xff, 0xff, 0xff,
    0xff, 0xff, 0xff, 0x70, 0x00, 0x00, 0x00, 0x00,
    0x3e, 0xff, 0xff, 0xff, 0xff, 0xff, 0xff, 0xff,
    0x50, 0x00, 0x00, 0x00, 0x00, 0x00, 0x08, 0xff,
    0xff, 0xff, 0xff, 0xff, 0xfa, 0x10, 0x00, 0x00,
    0x00, 0x00, 0x00, 0x00, 0x00, 0x5a, 0xdf, 0xff,
    0xdb, 0x61, 0x00, 0x00, 0x00, 0x00,

    /* U+00D6 "Ö" */
    0x00, 0x00, 0x00, 0x00, 0x00, 0x00, 0x00, 0x00,
    0x00, 0x00, 0x00, 0x00, 0x00, 0x00, 0x00, 0x00,
    0x00, 0x2c, 0xfd, 0x30, 0x00, 0x1b, 0xfd, 0x40,
    0x00, 0x00, 0x00, 0x00, 0x00, 0x00, 0x0c, 0xff,
    0xfe, 0x00, 0x0a, 0xff, 0xff, 0x00, 0x00, 0x00,
    0x00, 0x00, 0x00, 0x00, 0xff, 0xff, 0xf1, 0x00,
    0xef, 0xff, 0xf3, 0x00, 0x00, 0x00, 0x00, 0x00,
    0x00, 0x0b, 0xff, 0xfd, 0x00, 0x0a, 0xff, 0xfe,
    0x00, 0x00, 0x00, 0x00, 0x00, 0x00, 0x00, 0x1b,
    0xfc, 0x20, 0x00, 0x1a, 0xfd, 0x30, 0x00, 0x00,
    0x00, 0x00, 0x00, 0x00, 0x00, 0x00, 0x00, 0x00,
    0x00, 0x00, 0x00, 0x00, 0x00, 0x00, 0x00, 0x00,
    0x00, 0x00, 0x00, 0x00, 0x00, 0x00, 0x00, 0x00,
    0x00, 0x00, 0x00, 0x00, 0x00, 0x00, 0x00, 0x00,
    0x00, 0x00, 0x00, 0x00, 0x00, 0x00, 0x00, 0x00,
    0x00, 0x00, 0x00, 0x00, 0x00, 0x00, 0x5a, 0xde,
    0xff, 0xda, 0x61, 0x00, 0x00, 0x00, 0x00, 0x00,
    0x00, 0x00, 0x08, 0xff, 0xff, 0xff, 0xff, 0xff,
    0xf9, 0x10, 0x00, 0x00, 0x00, 0x00, 0x00, 0x3d,
    0xff, 0xff, 0xff, 0xff, 0xff, 0xff, 0xff, 0x50,
    0x00, 0x00, 0x00, 0x00, 0x4f, 0xff, 0xff, 0xff,
    0xff, 0xff, 0xff, 0xff, 0xff, 0x60, 0x00, 0x00,
    0x00, 0x2f, 0xff, 0xff, 0xff, 0xb8, 0x78, 0xaf,
    0xff, 0xff, 0xff, 0x50, 0x00, 0x00, 0x0d, 0xff,
    0xff, 0xfa, 0x10, 0x00, 0x00, 0x08, 0xff, 0xff,
    0xfe, 0x10, 0x00, 0x06, 0xff, 0xff, 0xf7, 0x00,
    0x00, 0x00, 0x00, 0x04, 0xff, 0xff, 0xf9, 0x00,
    0x00, 0xef, 0xff, 0xfa, 0x00, 0x00, 0x00, 0x00,
    0x00, 0x06, 0xff, 0xff, 0xf1, 0x00, 0x4f, 0xff,
    0xff, 0x10, 0x00, 0x00, 0x00, 0x00, 0x00, 0x0d,
    0xff, 0xff, 0x70, 0x08, 0xff, 0xff, 0xa0, 0x00,
    0x00, 0x00, 0x00, 0x00, 0x00, 0x7f, 0xff, 0xfc,
    0x00, 0xcf, 0xff, 0xf5, 0x00, 0x00, 0x00, 0x00,
    0x00, 0x00, 0x02, 0xff, 0xff, 0xf0, 0x0e, 0xff,
    0xff, 0x10, 0x00, 0x00, 0x00, 0x00, 0x00, 0x00,
    0x0e, 0xff, 0xff, 0x20, 0xff, 0xff, 0xf0, 0x00,
    0x00, 0x00, 0x00, 0x00, 0x00, 0x00, 0xdf, 0xff,
    0xf3, 0x1f, 0xff, 0xfe, 0x00, 0x00, 0x00, 0x00,
    0x00, 0x00, 0x00, 0x0b, 0xff, 0xff, 0x41, 0xff,
    0xff, 0xe0, 0x00, 0x00, 0x00, 0x00, 0x00, 0x00,
    0x00, 0xcf, 0xff, 0xf4, 0x0f, 0xff, 0xff, 0x00,
    0x00, 0x00, 0x00, 0x00, 0x00, 0x00, 0x0d, 0xff,
    0xff, 0x30, 0xef, 0xff, 0xf1, 0x00, 0x00, 0x00,
    0x00, 0x00, 0x00, 0x00, 0xef, 0xff, 0xf2, 0x0c,
    0xff, 0xff, 0x50, 0x00, 0x00, 0x00, 0x00, 0x00,
    0x00, 0x2f, 0xff, 0xff, 0x00, 0x9f, 0xff, 0xfa,
    0x00, 0x00, 0x00, 0x00, 0x00, 0x00, 0x07, 0xff,
    0xff, 0xc0, 0x04, 0xff, 0xff, 0xf1, 0x00, 0x00,
    0x00, 0x00, 0x00, 0x00, 0xdf, 0xff, 0xf7, 0x00,
    0x0e, 0xff, 0xff, 0xa0, 0x00, 0x00, 0x00, 0x00,
    0x00, 0x6f, 0xff, 0xff, 0x10, 0x00, 0x7f, 0xff,
    0xff, 0x70, 0x00, 0x00, 0x00, 0x00, 0x4f, 0xff,
    0xff, 0xa0, 0x00, 0x00, 0xdf, 0xff, 0xff, 0xa1,
    0x00, 0x00, 0x00, 0x7f, 0xff, 0xff, 0xf1, 0x00,
    0x00, 0x02, 0xff, 0xff, 0xff, 0xfb, 0x87, 0x7a,
    0xff, 0xff, 0xff, 0xf5, 0x00, 0x00, 0x00, 0x04,
    0xff, 0xff, 0xff, 0xff, 0xff, 0xff, 0xff, 0xff,
    0xf7, 0x00, 0x00, 0x00, 0x00, 0x03, 0xef, 0xff,
    0xff, 0xff, 0xff, 0xff, 0xff, 0xf5, 0x00, 0x00,
    0x00, 0x00, 0x00, 0x00, 0x8f, 0xff, 0xff, 0xff,
    0xff, 0xff, 0xa1, 0x00, 0x00, 0x00, 0x00, 0x00,
    0x00, 0x00, 0x05, 0xad, 0xff, 0xfd, 0xb6, 0x10,
    0x00, 0x00, 0x00, 0x00,

    /* U+00D7 "×" */
    0x00, 0x02, 0x00, 0x00, 0x00, 0x00, 0x00, 0x00,
    0x20, 0x00, 0x00, 0x7f, 0x50, 0x00, 0x00, 0x00,
    0x00, 0x0a, 0xe2, 0x00, 0x06, 0xff, 0xf5, 0x00,
    0x00, 0x00, 0x00, 0xaf, 0xfe, 0x20, 0x4f, 0xff,
    0xff, 0x50, 0x00, 0x00, 0x0a, 0xff, 0xff, 0xe0,
    0x0b, 0xff, 0xff, 0xf5, 0x00, 0x00, 0xaf, 0xff,
    0xff, 0x60, 0x00, 0xbf, 0xff, 0xff, 0x50, 0x0a,
    0xff, 0xff, 0xf6, 0x00, 0x00, 0x0b, 0xff, 0xff,
    0xf5, 0xaf, 0xff, 0xff, 0x60, 0x00, 0x00, 0x00,
    0xbf, 0xff, 0xff, 0xff, 0xff, 0xf6, 0x00, 0x00,
    0x00, 0x00, 0x0b, 0xff, 0xff, 0xff, 0xff, 0x60,
    0x00, 0x00, 0x00, 0x00, 0x00, 0xbf, 0xff, 0xff,
    0xf6, 0x00, 0x00, 0x00, 0x00, 0x00, 0x00, 0xaf,
    0xff, 0xff, 0xf5, 0x00, 0x00, 0x00, 0x00, 0x00,
    0x0a, 0xff, 0xff, 0xff, 0xff, 0x50, 0x00, 0x00,
    0x00, 0x00, 0xaf, 0xff, 0xff, 0xff, 0xff, 0xf5,
    0x00, 0x00, 0x00, 0x09, 0xff, 0xff, 0xf6, 0xbf,
    0xff, 0xff, 0x40, 0x00, 0x00, 0x9f, 0xff, 0xff,
    0x60, 0x0b, 0xff, 0xff, 0xf4, 0x00, 0x09, 0xff,
    0xff, 0xf6, 0x00, 0x00, 0xbf, 0xff, 0xff, 0x40,
    0x5f, 0xff, 0xff, 0x60, 0x00, 0x00, 0x0b, 0xff,
    0xff, 0xe0, 0x08, 0xff, 0xf6, 0x00, 0x00, 0x00,
    0x00, 0xbf, 0xff, 0x30, 0x00, 0x8f, 0x60, 0x00,
    0x00, 0x00, 0x00, 0x0b, 0xf3, 0x00, 0x00, 0x03,
    0x00, 0x00, 0x00, 0x00, 0x00, 0x00, 0x20, 0x00,

    /* U+00D8 "Ø" */
    0x00, 0x00, 0x00, 0x00, 0x00, 0x00, 0x00, 0x00,
    0x00, 0x00, 0x01, 0x60, 0x00, 0x00, 0x00, 0x00,
    0x00, 0x00, 0x5a, 0xde, 0xff, 0xda, 0x61, 0x00,
    0xbf, 0xb1, 0x00, 0x00, 0x00, 0x00, 0x08, 0xff,
    0xff, 0xff, 0xff, 0xff, 0xf9, 0x9f, 0xff, 0x70,
    0x00, 0x00, 0x00, 0x3d, 0xff, 0xff, 0xff, 0xff,
    0xff, 0xff, 0xff, 0xff, 0xb0, 0x00, 0x00, 0x00,
    0x4f, 0xff, 0xff, 0xff, 0xff, 0xff, 0xff, 0xff,
    0xff, 0xf1, 0x00, 0x00, 0x00, 0x2f, 0xff, 0xff,
    0xff, 0xb8, 0x78, 0xaf, 0xff, 0xff, 0xff, 0x50,
    0x00, 0x00, 0x0d, 0xff, 0xff, 0xfa, 0x10, 0x00,
    0x00, 0x0c, 0xff, 0xff, 0xfe, 0x10, 0x00, 0x06,
    0xff, 0xff, 0xf7, 0x00, 0x00, 0x00, 0x01, 0xef,
    0xff, 0xff, 0xf9, 0x00, 0x00, 0xef, 0xff, 0xfa,
    0x00, 0x00, 0x00, 0x00, 0xbf, 0xff, 0xff, 0xff,
    0xf1, 0x00, 0x4f, 0xff, 0xff, 0x10, 0x00, 0x00,
    0x00, 0x6f, 0xff, 0x8d, 0xff, 0xff, 0x70, 0x08,
    0xff, 0xff, 0xa0, 0x00, 0x00, 0x00, 0x2f, 0xff,
    0xc0, 0x7f, 0xff, 0xfc, 0x00, 0xcf, 0xff, 0xf5,
    0x00, 0x00, 0x00, 0x0d, 0xff, 0xf2, 0x02, 0xff,
    0xff, 0xf0, 0x0e, 0xff, 0xff, 0x10, 0x00, 0x00,
    0x09, 0xff, 0xf5, 0x00, 0x0e, 0xff, 0xff, 0x20,
    0xff, 0xff, 0xf0, 0x00, 0x00, 0x04, 0xff, 0xfa,
    0x00, 0x00, 0xdf, 0xff, 0xf3, 0x1f, 0xff, 0xfe,
    0x00, 0x00, 0x01, 0xef, 0xfe, 0x10, 0x00, 0x0b,
    0xff, 0xff, 0x41, 0xff, 0xff, 0xe0, 0x00, 0x00,
    0xbf, 0xff, 0x30, 0x00, 0x00, 0xcf, 0xff, 0xf4,
    0x0f, 0xff, 0xff, 0x00, 0x00, 0x6f, 0xff, 0x80,
    0x00, 0x00, 0x0d, 0xff, 0xff, 0x30, 0xef, 0xff,
    0xf1, 0x00, 0x2f, 0xff, 0xc0, 0x00, 0x00, 0x00,
    0xef, 0xff, 0xf2, 0x0c, 0xff, 0xff, 0x50, 0x0c,
    0xff, 0xf2, 0x00, 0x00, 0x00, 0x2f, 0xff, 0xff,
    0x00, 0x9f, 0xff, 0xfa, 0x08, 0xff, 0xf6, 0x00,
    0x00, 0x00, 0x07, 0xff, 0xff, 0xc0, 0x04, 0xff,
    0xff, 0xf5, 0xff, 0xfa, 0x00, 0x00, 0x00, 0x00,
    0xdf, 0xff, 0xf7, 0x00, 0x0e, 0xff, 0xff, 0xff,
    0xfe, 0x10, 0x00, 0x00, 0x00, 0x6f, 0xff, 0xff,
    0x10, 0x00, 0x7f, 0xff, 0xff, 0xff, 0x40, 0x00,
    0x00, 0x00, 0x4f, 0xff, 0xff, 0xa0, 0x00, 0x00,
    0xdf, 0xff, 0xff, 0xf1, 0x00, 0x00, 0x00, 0x7f,
    0xff, 0xff, 0xf1, 0x00, 0x00, 0x02, 0xff, 0xff,
    0xff, 0xfb, 0x87, 0x7a, 0xff, 0xff, 0xff, 0xf5,
    0x00, 0x00, 0x00, 0x0f, 0xff, 0xff, 0xff, 0xff,
    0xff, 0xff, 0xff, 0xff, 0xf7, 0x00, 0x00, 0x00,
    0x08, 0xff, 0xff, 0xff, 0xff, 0xff, 0xff, 0xff,
    0xff, 0xf5, 0x00, 0x00, 0x00, 0x03, 0xff, 0xfc,
    0x8f, 0xff, 0xff, 0xff, 0xff, 0xff, 0xa1, 0x00,
    0x00, 0x00, 0x00, 0x09, 0xfe, 0x10, 0x05, 0xad,
    0xff, 0xfd, 0xb6, 0x10, 0x00, 0x00, 0x00, 0x00,
    0x00, 0x04, 0x40, 0x00, 0x00, 0x00, 0x00, 0x00,
    0x00, 0x00, 0x00, 0x00, 0x00,

    /* U+00D9 "Ù" */
    0x00, 0x00, 0x00, 0x2b, 0xbb, 0xb4, 0x00, 0x00,
    0x00, 0x00, 0x00, 0x00, 0x00, 0x00, 0x00, 0x0b,
    0xff, 0xfc, 0x00, 0x00, 0x00, 0x00, 0x00, 0x00,
    0x00, 0x00, 0x00, 0x01, 0xef, 0xff, 0x30, 0x00,
    0x00, 0x00, 0x00, 0x00, 0x00, 0x00, 0x00, 0x00,
    0x5f, 0xff, 0xa0, 0x00, 0x00, 0x00, 0x00, 0x00,
    0x00, 0x00, 0x00, 0x00, 0x0b, 0xff, 0xf2, 0x00,
    0x00, 0x00, 0x00, 0x00, 0x00, 0x00, 0x00, 0x00,
    0x01, 0xff, 0xf9, 0x00, 0x00, 0x00, 0x00, 0x00,
    0x00, 0x00, 0x00, 0x00, 0x00, 0x00, 0x00, 0x00,
    0x00, 0x00, 0x00, 0x00, 0x00, 0x00, 0x00, 0x00,
    0x00, 0x00, 0x00, 0x00, 0x00, 0x00, 0x00, 0x00,
    0x00, 0x00, 0x00, 0x00, 0x00, 0x00, 0x00, 0x00,
    0x00, 0x00, 0x00, 0x00, 0x3f, 0xff, 0xfb, 0x00,
    0x00, 0x00, 0x00, 0x00, 0x00, 0xcf, 0xff, 0xf3,
    0x3f, 0xff, 0xfb, 0x00, 0x00, 0x00, 0x00, 0x00,
    0x00, 0xcf, 0xff, 0xf3, 0x3f, 0xff, 0xfb, 0x00,
    0x00, 0x00, 0x00, 0x00, 0x00, 0xcf, 0xff, 0xf3,
    0x3f, 0xff, 0xfb, 0x00, 0x00, 0x00, 0x00, 0x00,
    0x00, 0xcf, 0xff, 0xf3, 0x3f, 0xff, 0xfb, 0x00,
    0x00, 0x00, 0x00, 0x00, 0x00, 0xcf, 0xff, 0xf3,
    0x3f, 0xff, 0xfb, 0x00, 0x00, 0x00, 0x00, 0x00,
    0x00, 0xcf, 0xff, 0xf3, 0x3f, 0xff, 0xfb, 0x00,
    0x00, 0x00, 0x00, 0x00, 0x00, 0xcf, 0xff, 0xf3,
    0x3f, 0xff, 0xfb, 0x00, 0x00, 0x00, 0x00, 0x00,
    0x00, 0xcf, 0xff, 0xf3, 0x3f, 0xff, 0xfb, 0x00,
    0x00, 0x00, 0x00, 0x00, 0x00, 0xcf, 0xff, 0xf3,
    0x3f, 0xff, 0xfb, 0x00, 0x00, 0x00, 0x00, 0x00,
    0x00, 0xcf, 0xff, 0xf3, 0x3f, 0xff, 0xfb, 0x00,
    0x00, 0x00, 0x00, 0x00, 0x00, 0xcf, 0xff, 0xf3,
    0x3f, 0xff, 0xfb, 0x00, 0x00, 0x00, 0x00, 0x00,
    0x00, 0xcf, 0xff, 0xf3, 0x3f, 0xff, 0xfb, 0x00,
    0x00, 0x00, 0x00, 0x00, 0x00, 0xcf, 0xff, 0xf3,
    0x3f, 0xff, 0xfb, 0x00, 0x00, 0x00, 0x00, 0x00,
    0x00, 0xcf, 0xff, 0xf3, 0x3f, 0xff, 0xfb, 0x00,
    0x00, 0x00, 0x00, 0x00, 0x00, 0xcf, 0xff, 0xf3,
    0x3f, 0xff, 0xfb, 0x00, 0x00, 0x00, 0x00, 0x00,
    0x00, 0xcf, 0xff, 0xf3, 0x3f, 0xff, 0xfb, 0x00,
    0x00, 0x00, 0x00, 0x00, 0x00, 0xcf, 0xff, 0xf3,
    0x3f, 0xff, 0xfb, 0x00, 0x00, 0x00, 0x00, 0x00,
    0x00, 0xcf, 0xff, 0xf3, 0x3f, 0xff, 0xfd, 0x00,
    0x00, 0x00, 0x00, 0x00, 0x00, 0xdf, 0xff, 0xf2,
    0x1f, 0xff, 0xff, 0x10, 0x00, 0x00, 0x00, 0x00,
    0x01, 0xff, 0xff, 0xf1, 0x0e, 0xff, 0xff, 0x70,
    0x00, 0x00, 0x00, 0x00, 0x07, 0xff, 0xff, 0xe0,
    0x0a, 0xff, 0xff, 0xf2, 0x00, 0x00, 0x00, 0x00,
    0x3f, 0xff, 0xff, 0x90, 0x03, 0xff, 0xff, 0xfe,
    0x50, 0x00, 0x00, 0x05, 0xff, 0xff, 0xff, 0x20,
    0x00, 0x9f, 0xff, 0xff, 0xfe, 0x97, 0x79, 0xef,
    0xff, 0xff, 0xf9, 0x00, 0x00, 0x0c, 0xff, 0xff,
    0xff, 0xff, 0xff, 0xff, 0xff, 0xff, 0xc0, 0x00,
    0x00, 0x01, 0xbf, 0xff, 0xff, 0xff, 0xff, 0xff,
    0xff, 0xfb, 0x00, 0x00, 0x00, 0x00, 0x06, 0xef,
    0xff, 0xff, 0xff, 0xff, 0xfe, 0x50, 0x00, 0x00,
    0x00, 0x00, 0x00, 0x04, 0x9c, 0xef, 0xfe, 0xc9,
    0x40, 0x00, 0x00, 0x00,

    /* U+00DA "Ú" */
    0x00, 0x00, 0x00, 0x00, 0x00, 0x00, 0x4b, 0xbb,
    0xa2, 0x00, 0x00, 0x00, 0x00, 0x00, 0x00, 0x00,
    0x00, 0x00, 0xcf, 0xff, 0x90, 0x00, 0x00, 0x00,
    0x00, 0x00, 0x00, 0x00, 0x00, 0x04, 0xff, 0xfe,
    0x10, 0x00, 0x00, 0x00, 0x00, 0x00, 0x00, 0x00,
    0x00, 0x0b, 0xff, 0xf4, 0x00, 0x00, 0x00, 0x00,
    0x00, 0x00, 0x00, 0x00, 0x00, 0x2f, 0xff, 0xa0,
    0x00, 0x00, 0x00, 0x00, 0x00, 0x00, 0x00, 0x00,
    0x00, 0x9f, 0xfe, 0x10, 0x00, 0x00, 0x00, 0x00,
    0x00, 0x00, 0x00, 0x00, 0x00, 0x00, 0x00, 0x00,
    0x00, 0x00, 0x00, 0x00, 0x00, 0x00, 0x00, 0x00,
    0x00, 0x00, 0x00, 0x00, 0x00, 0x00, 0x00, 0x00,
    0x00, 0x00, 0x00, 0x00, 0x00, 0x00, 0x00, 0x00,
    0x00, 0x00, 0x00, 0x00, 0x3f, 0xff, 0xfb, 0x00,
    0x00, 0x00, 0x00, 0x00, 0x00, 0xcf, 0xff, 0xf3,
    0x3f, 0xff, 0xfb, 0x00, 0x00, 0x00, 0x00, 0x00,
    0x00, 0xcf, 0xff, 0xf3, 0x3f, 0xff, 0xfb, 0x00,
    0x00, 0x00, 0x00, 0x00, 0x00, 0xcf, 0xff, 0xf3,
    0x3f, 0xff, 0xfb, 0x00, 0x00, 0x00, 0x00, 0x00,
    0x00, 0xcf, 0xff, 0xf3, 0x3f, 0xff, 0xfb, 0x00,
    0x00, 0x00, 0x00, 0x00, 0x00, 0xcf, 0xff, 0xf3,
    0x3f, 0xff, 0xfb, 0x00, 0x00, 0x00, 0x00, 0x00,
    0x00, 0xcf, 0xff, 0xf3, 0x3f, 0xff, 0xfb, 0x00,
    0x00, 0x00, 0x00, 0x00, 0x00, 0xcf, 0xff, 0xf3,
    0x3f, 0xff, 0xfb, 0x00, 0x00, 0x00, 0x00, 0x00,
    0x00, 0xcf, 0xff, 0xf3, 0x3f, 0xff, 0xfb, 0x00,
    0x00, 0x00, 0x00, 0x00, 0x00, 0xcf, 0xff, 0xf3,
    0x3f, 0xff, 0xfb, 0x00, 0x00, 0x00, 0x00, 0x00,
    0x00, 0xcf, 0xff, 0xf3, 0x3f, 0xff, 0xfb, 0x00,
    0x00, 0x00, 0x00, 0x00, 0x00, 0xcf, 0xff, 0xf3,
    0x3f, 0xff, 0xfb, 0x00, 0x00, 0x00, 0x00, 0x00,
    0x00, 0xcf, 0xff, 0xf3, 0x3f, 0xff, 0xfb, 0x00,
    0x00, 0x00, 0x00, 0x00, 0x00, 0xcf, 0xff, 0xf3,
    0x3f, 0xff, 0xfb, 0x00, 0x00, 0x00, 0x00, 0x00,
    0x00, 0xcf, 0xff, 0xf3, 0x3f, 0xff, 0xfb, 0x00,
    0x00, 0x00, 0x00, 0x00, 0x00, 0xcf, 0xff, 0xf3,
    0x3f, 0xff, 0xfb, 0x00, 0x00, 0x00, 0x00, 0x00,
    0x00, 0xcf, 0xff, 0xf3, 0x3f, 0xff, 0xfb, 0x00,
    0x00, 0x00, 0x00, 0x00, 0x00, 0xcf, 0xff, 0xf3,
    0x3f, 0xff, 0xfb, 0x00, 0x00, 0x00, 0x00, 0x00,
    0x00, 0xcf, 0xff, 0xf3, 0x3f, 0xff, 0xfd, 0x00,
    0x00, 0x00, 0x00, 0x00, 0x00, 0xdf, 0xff, 0xf2,
    0x1f, 0xff, 0xff, 0x10, 0x00, 0x00, 0x00, 0x00,
    0x01, 0xff, 0xff, 0xf1, 0x0e, 0xff, 0xff, 0x70,
    0x00, 0x00, 0x00, 0x00, 0x07, 0xff, 0xff, 0xe0,
    0x0a, 0xff, 0xff, 0xf2, 0x00, 0x00, 0x00, 0x00,
    0x3f, 0xff, 0xff, 0x90, 0x03, 0xff, 0xff, 0xfe,
    0x50, 0x00, 0x00, 0x05, 0xff, 0xff, 0xff, 0x20,
    0x00, 0x9f, 0xff, 0xff, 0xfe, 0x97, 0x79, 0xef,
    0xff, 0xff, 0xf9, 0x00, 0x00, 0x0c, 0xff, 0xff,
    0xff, 0xff, 0xff, 0xff, 0xff, 0xff, 0xc0, 0x00,
    0x00, 0x01, 0xbf, 0xff, 0xff, 0xff, 0xff, 0xff,
    0xff, 0xfb, 0x00, 0x00, 0x00, 0x00, 0x06, 0xef,
    0xff, 0xff, 0xff, 0xff, 0xfe, 0x50, 0x00, 0x00,
    0x00, 0x00, 0x00, 0x04, 0x9c, 0xef, 0xfe, 0xc9,
    0x40, 0x00, 0x00, 0x00,

    /* U+00DB "Û" */
    0x00, 0x00, 0x00, 0x00, 0x01, 0x78, 0x87, 0x10,
    0x00, 0x00, 0x00, 0x00, 0x00, 0x00, 0x00, 0x00,
    0x1d, 0xff, 0xff, 0xc0, 0x00, 0x00, 0x00, 0x00,
    0x00, 0x00, 0x00, 0x00, 0xcf, 0xff, 0xff, 0xfb,
    0x00, 0x00, 0x00, 0x00, 0x00, 0x00, 0x00, 0x0b,
    0xff, 0xf6, 0x7f, 0xff, 0xa0, 0x00, 0x00, 0x00,
    0x00, 0x00, 0x00, 0xbf, 0xff, 0x90, 0x09, 0xff,
    0xf9, 0x00, 0x00, 0x00, 0x00, 0x00, 0x0a, 0xff,
    0xfb, 0x00, 0x00, 0xcf, 0xff, 0x80, 0x00, 0x00,
    0x00, 0x00, 0x00, 0x00, 0x00, 0x00, 0x00, 0x00,
    0x00, 0x00, 0x00, 0x00, 0x00, 0x00, 0x00, 0x00,
    0x00, 0x00, 0x00, 0x00, 0x00, 0x00, 0x00, 0x00,
    0x00, 0x00, 0x00, 0x00, 0x00, 0x00, 0x00, 0x00,
    0x00, 0x00, 0x00, 0x00, 0x3f, 0xff, 0xfb, 0x00,
    0x00, 0x00, 0x00, 0x00, 0x00, 0xcf, 0xff, 0xf3,
    0x3f, 0xff, 0xfb, 0x00, 0x00, 0x00, 0x00, 0x00,
    0x00, 0xcf, 0xff, 0xf3, 0x3f, 0xff, 0xfb, 0x00,
    0x00, 0x00, 0x00, 0x00, 0x00, 0xcf, 0xff, 0xf3,
    0x3f, 0xff, 0xfb, 0x00, 0x00, 0x00, 0x00, 0x00,
    0x00, 0xcf, 0xff, 0xf3, 0x3f, 0xff, 0xfb, 0x00,
    0x00, 0x00, 0x00, 0x00, 0x00, 0xcf, 0xff, 0xf3,
    0x3f, 0xff, 0xfb, 0x00, 0x00, 0x00, 0x00, 0x00,
    0x00, 0xcf, 0xff, 0xf3, 0x3f, 0xff, 0xfb, 0x00,
    0x00, 0x00, 0x00, 0x00, 0x00, 0xcf, 0xff, 0xf3,
    0x3f, 0xff, 0xfb, 0x00, 0x00, 0x00, 0x00, 0x00,
    0x00, 0xcf, 0xff, 0xf3, 0x3f, 0xff, 0xfb, 0x00,
    0x00, 0x00, 0x00, 0x00, 0x00, 0xcf, 0xff, 0xf3,
    0x3f, 0xff, 0xfb, 0x00, 0x00, 0x00, 0x00, 0x00,
    0x00, 0xcf, 0xff, 0xf3, 0x3f, 0xff, 0xfb, 0x00,
    0x00, 0x00, 0x00, 0x00, 0x00, 0xcf, 0xff, 0xf3,
    0x3f, 0xff, 0xfb, 0x00, 0x00, 0x00, 0x00, 0x00,
    0x00, 0xcf, 0xff, 0xf3, 0x3f, 0xff, 0xfb, 0x00,
    0x00, 0x00, 0x00, 0x00, 0x00, 0xcf, 0xff, 0xf3,
    0x3f, 0xff, 0xfb, 0x00, 0x00, 0x00, 0x00, 0x00,
    0x00, 0xcf, 0xff, 0xf3, 0x3f, 0xff, 0xfb, 0x00,
    0x00, 0x00, 0x00, 0x00, 0x00, 0xcf, 0xff, 0xf3,
    0x3f, 0xff, 0xfb, 0x00, 0x00, 0x00, 0x00, 0x00,
    0x00, 0xcf, 0xff, 0xf3, 0x3f, 0xff, 0xfb, 0x00,
    0x00, 0x00, 0x00, 0x00, 0x00, 0xcf, 0xff, 0xf3,
    0x3f, 0xff, 0xfb, 0x00, 0x00, 0x00, 0x00, 0x00,
    0x00, 0xcf, 0xff, 0xf3, 0x3f, 0xff, 0xfd, 0x00,
    0x00, 0x00, 0x00, 0x00, 0x00, 0xdf, 0xff, 0xf2,
    0x1f, 0xff, 0xff, 0x10, 0x00, 0x00, 0x00, 0x00,
    0x01, 0xff, 0xff, 0xf1, 0x0e, 0xff, 0xff, 0x70,
    0x00, 0x00, 0x00, 0x00, 0x07, 0xff, 0xff, 0xe0,
    0x0a, 0xff, 0xff, 0xf2, 0x00, 0x00, 0x00, 0x00,
    0x3f, 0xff, 0xff, 0x90, 0x03, 0xff, 0xff, 0xfe,
    0x50, 0x00, 0x00, 0x05, 0xff, 0xff, 0xff, 0x20,
    0x00, 0x9f, 0xff, 0xff, 0xfe, 0x97, 0x79, 0xef,
    0xff, 0xff, 0xf9, 0x00, 0x00, 0x0c, 0xff, 0xff,
    0xff, 0xff, 0xff, 0xff, 0xff, 0xff, 0xc0, 0x00,
    0x00, 0x01, 0xbf, 0xff, 0xff, 0xff, 0xff, 0xff,
    0xff, 0xfb, 0x00, 0x00, 0x00, 0x00, 0x06, 0xef,
    0xff, 0xff, 0xff, 0xff, 0xfe, 0x50, 0x00, 0x00,
    0x00, 0x00, 0x00, 0x04, 0x9c, 0xef, 0xfe, 0xc9,
    0x40, 0x00, 0x00, 0x00,

    /* U+00DC "Ü" */
    0x00, 0x00, 0x00, 0x00, 0x00, 0x00, 0x00, 0x00,
    0x00, 0x00, 0x00, 0x00, 0x00, 0x00, 0x00, 0x9f,
    0xf7, 0x00, 0x00, 0x8f, 0xf8, 0x00, 0x00, 0x00,
    0x00, 0x00, 0x06, 0xff, 0xff, 0x40, 0x05, 0xff,
    0xff, 0x50, 0x00, 0x00, 0x00, 0x00, 0x09, 0xff,
    0xff, 0x70, 0x08, 0xff, 0xff, 0x80, 0x00, 0x00,
    0x00, 0x00, 0x05, 0xff, 0xff, 0x40, 0x04, 0xff,
    0xff, 0x50, 0x00, 0x00, 0x00, 0x00, 0x00, 0x8e,
    0xe6, 0x00, 0x00, 0x7e, 0xe7, 0x00, 0x00, 0x00,
    0x00, 0x00, 0x00, 0x00, 0x00, 0x00, 0x00, 0x00,
    0x00, 0x00, 0x00, 0x00, 0x00, 0x00, 0x00, 0x00,
    0x00, 0x00, 0x00, 0x00, 0x00, 0x00, 0x00, 0x00,
    0x00, 0x00, 0x00, 0x00, 0x00, 0x00, 0x00, 0x00,
    0x00, 0x00, 0x00, 0x00, 0x3f, 0xff, 0xfb, 0x00,
    0x00, 0x00, 0x00, 0x00, 0x00, 0xcf, 0xff, 0xf3,
    0x3f, 0xff, 0xfb, 0x00, 0x00, 0x00, 0x00, 0x00,
    0x00, 0xcf, 0xff, 0xf3, 0x3f, 0xff, 0xfb, 0x00,
    0x00, 0x00, 0x00, 0x00, 0x00, 0xcf, 0xff, 0xf3,
    0x3f, 0xff, 0xfb, 0x00, 0x00, 0x00, 0x00, 0x00,
    0x00, 0xcf, 0xff, 0xf3, 0x3f, 0xff, 0xfb, 0x00,
    0x00, 0x00, 0x00, 0x00, 0x00, 0xcf, 0xff, 0xf3,
    0x3f, 0xff, 0xfb, 0x00, 0x00, 0x00, 0x00, 0x00,
    0x00, 0xcf, 0xff, 0xf3, 0x3f, 0xff, 0xfb, 0x00,
    0x00, 0x00, 0x00, 0x00, 0x00, 0xcf, 0xff, 0xf3,
    0x3f, 0xff, 0xfb, 0x00, 0x00, 0x00, 0x00, 0x00,
    0x00, 0xcf, 0xff, 0xf3, 0x3f, 0xff, 0xfb, 0x00,
    0x00, 0x00, 0x00, 0x00, 0x00, 0xcf, 0xff, 0xf3,
    0x3f, 0xff, 0xfb, 0x00, 0x00, 0x00, 0x00, 0x00,
    0x00, 0xcf, 0xff, 0xf3, 0x3f, 0xff, 0xfb, 0x00,
    0x00, 0x00, 0x00, 0x00, 0x00, 0xcf, 0xff, 0xf3,
    0x3f, 0xff, 0xfb, 0x00, 0x00, 0x00, 0x00, 0x00,
    0x00, 0xcf, 0xff, 0xf3, 0x3f, 0xff, 0xfb, 0x00,
    0x00, 0x00, 0x00, 0x00, 0x00, 0xcf, 0xff, 0xf3,
    0x3f, 0xff, 0xfb, 0x00, 0x00, 0x00, 0x00, 0x00,
    0x00, 0xcf, 0xff, 0xf3, 0x3f, 0xff, 0xfb, 0x00,
    0x00, 0x00, 0x00, 0x00, 0x00, 0xcf, 0xff, 0xf3,
    0x3f, 0xff, 0xfb, 0x00, 0x00, 0x00, 0x00, 0x00,
    0x00, 0xcf, 0xff, 0xf3, 0x3f, 0xff, 0xfb, 0x00,
    0x00, 0x00, 0x00, 0x00, 0x00, 0xcf, 0xff, 0xf3,
    0x3f, 0xff, 0xfb, 0x00, 0x00, 0x00, 0x00, 0x00,
    0x00, 0xcf, 0xff, 0xf3, 0x3f, 0xff, 0xfd, 0x00,
    0x00, 0x00, 0x00, 0x00, 0x00, 0xdf, 0xff, 0xf2,
    0x1f, 0xff, 0xff, 0x10, 0x00, 0x00, 0x00, 0x00,
    0x01, 0xff, 0xff, 0xf1, 0x0e, 0xff, 0xff, 0x70,
    0x00, 0x00, 0x00, 0x00, 0x07, 0xff, 0xff, 0xe0,
    0x0a, 0xff, 0xff, 0xf2, 0x00, 0x00, 0x00, 0x00,
    0x3f, 0xff, 0xff, 0x90, 0x03, 0xff, 0xff, 0xfe,
    0x50, 0x00, 0x00, 0x05, 0xff, 0xff, 0xff, 0x20,
    0x00, 0x9f, 0xff, 0xff, 0xfe, 0x97, 0x79, 0xef,
    0xff, 0xff, 0xf9, 0x00, 0x00, 0x0c, 0xff, 0xff,
    0xff, 0xff, 0xff, 0xff, 0xff, 0xff, 0xc0, 0x00,
    0x00, 0x01, 0xbf, 0xff, 0xff, 0xff, 0xff, 0xff,
    0xff, 0xfb, 0x00, 0x00, 0x00, 0x00, 0x06, 0xef,
    0xff, 0xff, 0xff, 0xff, 0xfe, 0x50, 0x00, 0x00,
    0x00, 0x00, 0x00, 0x04, 0x9c, 0xef, 0xfe, 0xc9,
    0x40, 0x00, 0x00, 0x00,

    /* U+00DD "Ý" */
    0x00, 0x00, 0x00, 0x00, 0x00, 0x00, 0x00, 0xef,
    0xff, 0xa0, 0x00, 0x00, 0x00, 0x00, 0x00, 0x00,
    0x00, 0x00, 0x00, 0x00, 0x5f, 0xff, 0xe1, 0x00,
    0x00, 0x00, 0x00, 0x00, 0x00, 0x00, 0x00, 0x00,
    0x00, 0x0d, 0xff, 0xf5, 0x00, 0x00, 0x00, 0x00,
    0x00, 0x00, 0x00, 0x00, 0x00, 0x00, 0x04, 0xff,
    0xfa, 0x00, 0x00, 0x00, 0x00, 0x00, 0x00, 0x00,
    0x00, 0x00, 0x00, 0x00, 0xbf, 0xfe, 0x10, 0x00,
    0x00, 0x00, 0x00, 0x00, 0x00, 0x00, 0x00, 0x00,
    0x00, 0x1a, 0xbb, 0x50, 0x00, 0x00, 0x00, 0x00,
    0x00, 0x00, 0x00, 0x00, 0x00, 0x00, 0x00, 0x00,
    0x00, 0x00, 0x00, 0x00, 0x00, 0x00, 0x00, 0x00,
    0x00, 0x00, 0x00, 0x00, 0x00, 0x00, 0x00, 0x00,
    0x00, 0x00, 0x00, 0x00, 0x0c, 0xff, 0xff, 0xe1,
    0x00, 0x00, 0x00, 0x00, 0x00, 0x00, 0xdf, 0xff,
    0xfd, 0x00, 0x3f, 0xff, 0xff, 0x80, 0x00, 0x00,
    0x00, 0x00, 0x00, 0x6f, 0xff, 0xff, 0x40, 0x00,
    0x9f, 0xff, 0xff, 0x20, 0x00, 0x00, 0x00, 0x00,
    0x0e, 0xff, 0xff, 0xb0, 0x00, 0x01, 0xef, 0xff,
    0xfa, 0x00, 0x00, 0x00, 0x00, 0x07, 0xff, 0xff,
    0xf2, 0x00, 0x00, 0x06, 0xff, 0xff, 0xf3, 0x00,
    0x00, 0x00, 0x01, 0xff, 0xff, 0xf8, 0x00, 0x00,
    0x00, 0x0c, 0xff, 0xff, 0xc0, 0x00, 0x00, 0x00,
    0x9f, 0xff, 0xfe, 0x00, 0x00, 0x00, 0x00, 0x3f,
    0xff, 0xff, 0x50, 0x00, 0x00, 0x2f, 0xff, 0xff,
    0x50, 0x00, 0x00, 0x00, 0x00, 0x9f, 0xff, 0xfe,
    0x00, 0x00, 0x0a, 0xff, 0xff, 0xc0, 0x00, 0x00,
    0x00, 0x00, 0x01, 0xef, 0xff, 0xf7, 0x00, 0x03,
    0xff, 0xff, 0xf3, 0x00, 0x00, 0x00, 0x00, 0x00,
    0x06, 0xff, 0xff, 0xe1, 0x00, 0xbf, 0xff, 0xf9,
    0x00, 0x00, 0x00, 0x00, 0x00, 0x00, 0x0d, 0xff,
    0xff, 0x80, 0x4f, 0xff, 0xfe, 0x10, 0x00, 0x00,
    0x00, 0x00, 0x00, 0x00, 0x3f, 0xff, 0xff, 0x1c,
    0xff, 0xff, 0x60, 0x00, 0x00, 0x00, 0x00, 0x00,
    0x00, 0x00, 0xaf, 0xff, 0xfa, 0xff, 0xff, 0xd0,
    0x00, 0x00, 0x00, 0x00, 0x00, 0x00, 0x00, 0x01,
    0xff, 0xff, 0xff, 0xff, 0xf3, 0x00, 0x00, 0x00,
    0x00, 0x00, 0x00, 0x00, 0x00, 0x07, 0xff, 0xff,
    0xff, 0xfa, 0x00, 0x00, 0x00, 0x00, 0x00, 0x00,
    0x00, 0x00, 0x00, 0x0d, 0xff, 0xff, 0xff, 0x10,
    0x00, 0x00, 0x00, 0x00, 0x00, 0x00, 0x00, 0x00,
    0x00, 0x4f, 0xff, 0xff, 0x70, 0x00, 0x00, 0x00,
    0x00, 0x00, 0x00, 0x00, 0x00, 0x00, 0x00, 0xdf,
    0xff, 0xf1, 0x00, 0x00, 0x00, 0x00, 0x00, 0x00,
    0x00, 0x00, 0x00, 0x00, 0x0d, 0xff, 0xff, 0x10,
    0x00, 0x00, 0x00, 0x00, 0x00, 0x00, 0x00, 0x00,
    0x00, 0x00, 0xdf, 0xff, 0xf1, 0x00, 0x00, 0x00,
    0x00, 0x00, 0x00, 0x00, 0x00, 0x00, 0x00, 0x0d,
    0xff, 0xff, 0x10, 0x00, 0x00, 0x00, 0x00, 0x00,
    0x00, 0x00, 0x00, 0x00, 0x00, 0xdf, 0xff, 0xf1,
    0x00, 0x00, 0x00, 0x00, 0x00, 0x00, 0x00, 0x00,
    0x00, 0x00, 0x0d, 0xff, 0xff, 0x10, 0x00, 0x00,
    0x00, 0x00, 0x00, 0x00, 0x00, 0x00, 0x00, 0x00,
    0xdf, 0xff, 0xf1, 0x00, 0x00, 0x00, 0x00, 0x00,
    0x00, 0x00, 0x00, 0x00, 0x00, 0x0d, 0xff, 0xff,
    0x10, 0x00, 0x00, 0x00, 0x00, 0x00, 0x00, 0x00,
    0x00, 0x00, 0x00, 0xdf, 0xff, 0xf1, 0x00, 0x00,
    0x00, 0x00, 0x00, 0x00, 0x00, 0x00, 0x00, 0x00,
    0x0d, 0xff, 0xff, 0x10, 0x00, 0x00, 0x00, 0x00,
    0x00, 0x00, 0x00, 0x00, 0x00, 0x00, 0xdf, 0xff,
    0xf1, 0x00, 0x00, 0x00, 0x00, 0x00,

    /* U+00DE "Þ" */
    0x5f, 0xff, 0xfa, 0x00, 0x00, 0x00, 0x00, 0x00,
    0x00, 0x00, 0x05, 0xff, 0xff, 0xa0, 0x00, 0x00,
    0x00, 0x00, 0x00, 0x00, 0x00, 0x5f, 0xff, 0xfa,
    0x00, 0x00, 0x00, 0x00, 0x00, 0x00, 0x00, 0x05,
    0xff, 0xff, 0xa0, 0x00, 0x00, 0x00, 0x00, 0x00,
    0x00, 0x00, 0x5f, 0xff, 0xfa, 0x00, 0x00, 0x00,
    0x00, 0x00, 0x00, 0x00, 0x05, 0xff, 0xff, 0xa0,
    0x00, 0x00, 0x00, 0x00, 0x00, 0x00, 0x00, 0x5f,
    0xff, 0xff, 0xff, 0xff, 0xfe, 0xc9, 0x50, 0x00,
    0x00, 0x05, 0xff, 0xff, 0xff, 0xff, 0xff, 0xff,
    0xff, 0xe5, 0x00, 0x00, 0x5f, 0xff, 0xff, 0xff,
    0xff, 0xff, 0xff, 0xff, 0xf9, 0x00, 0x05, 0xff,
    0xff, 0xff, 0xff, 0xff, 0xff, 0xff, 0xff, 0xf8,
    0x00, 0x5f, 0xff, 0xfa, 0x00, 0x00, 0x01, 0x5c,
    0xff, 0xff, 0xf3, 0x05, 0xff, 0xff, 0xa0, 0x00,
    0x00, 0x00, 0x0a, 0xff, 0xff, 0x90, 0x5f, 0xff,
    0xfa, 0x00, 0x00, 0x00, 0x00, 0x1f, 0xff, 0xfd,
    0x05, 0xff, 0xff, 0xa0, 0x00, 0x00, 0x00, 0x00,
    0xcf, 0xff, 0xf0, 0x5f, 0xff, 0xfa, 0x00, 0x00,
    0x00, 0x00, 0x0b, 0xff, 0xff, 0x05, 0xff, 0xff,
    0xa0, 0x00, 0x00, 0x00, 0x00, 0xef, 0xff, 0xe0,
    0x5f, 0xff, 0xfa, 0x00, 0x00, 0x00, 0x00, 0x9f,
    0xff, 0xf9, 0x05, 0xff, 0xff, 0xa0, 0x00, 0x00,
    0x14, 0xcf, 0xff, 0xff, 0x30, 0x5f, 0xff, 0xff,
    0xff, 0xff, 0xff, 0xff, 0xff, 0xff, 0x90, 0x05,
    0xff, 0xff, 0xff, 0xff, 0xff, 0xff, 0xff, 0xff,
    0xa0, 0x00, 0x5f, 0xff, 0xff, 0xff, 0xff, 0xff,
    0xff, 0xfe, 0x60, 0x00, 0x05, 0xff, 0xff, 0xff,
    0xff, 0xff, 0xfd, 0xa5, 0x00, 0x00, 0x00, 0x5f,
    0xff, 0xfa, 0x00, 0x00, 0x00, 0x00, 0x00, 0x00,
    0x00, 0x05, 0xff, 0xff, 0xa0, 0x00, 0x00, 0x00,
    0x00, 0x00, 0x00, 0x00, 0x5f, 0xff, 0xfa, 0x00,
    0x00, 0x00, 0x00, 0x00, 0x00, 0x00, 0x05, 0xff,
    0xff, 0xa0, 0x00, 0x00, 0x00, 0x00, 0x00, 0x00,
    0x00, 0x5f, 0xff, 0xfa, 0x00, 0x00, 0x00, 0x00,
    0x00, 0x00, 0x00, 0x05, 0xff, 0xff, 0xa0, 0x00,
    0x00, 0x00, 0x00, 0x00, 0x00, 0x00,

    /* U+00DF "ß" */
    0x00, 0x00, 0x03, 0x8c, 0xef, 0xed, 0xb6, 0x10,
    0x00, 0x00, 0x00, 0x00, 0x2c, 0xff, 0xff, 0xff,
    0xff, 0xff, 0x80, 0x00, 0x00, 0x00, 0x3f, 0xff,
    0xff, 0xff, 0xff, 0xff, 0xff, 0xc1, 0x00, 0x00,
    0x1e, 0xff, 0xff, 0xff, 0xff, 0xff, 0xff, 0xff,
    0xc0, 0x00, 0x09, 0xff, 0xff, 0xfc, 0x53, 0x36,
    0xdf, 0xff, 0xff, 0x60, 0x00, 0xef, 0xff, 0xf9,
    0x00, 0x00, 0x01, 0xdf, 0xff, 0xfb, 0x00, 0x2f,
    0xff, 0xfe, 0x00, 0x00, 0x00, 0x04, 0xff, 0xff,
    0xe0, 0x03, 0xff, 0xff, 0xb0, 0x00, 0x00, 0x00,
    0x0f, 0xff, 0xff, 0x00, 0x3f, 0xff, 0xfa, 0x00,
    0x00, 0x00, 0x00, 0xff, 0xff, 0xd0, 0x03, 0xff,
    0xff, 0xa0, 0x00, 0x00, 0x00, 0x3f, 0xff, 0xfa,
    0x00, 0x3f, 0xff, 0xfa, 0x00, 0x00, 0x00, 0x0b,
    0xff, 0xff, 0x30, 0x03, 0xff, 0xff, 0xa0, 0x00,
    0x00, 0x3b, 0xff, 0xff, 0x70, 0x00, 0x3f, 0xff,
    0xfa, 0x00, 0x2f, 0xff, 0xff, 0xfe, 0x60, 0x00,
    0x03, 0xff, 0xff, 0xa0, 0x02, 0xff, 0xff, 0xff,
    0x61, 0x00, 0x00, 0x3f, 0xff, 0xfa, 0x00, 0x2f,
    0xff, 0xff, 0xff, 0xfa, 0x10, 0x03, 0xff, 0xff,
    0xa0, 0x02, 0xff, 0xff, 0xff, 0xff, 0xfe, 0x10,
    0x3f, 0xff, 0xfa, 0x00, 0x00, 0x00, 0x27, 0xef,
    0xff, 0xfb, 0x03, 0xff, 0xff, 0xa0, 0x00, 0x00,
    0x00, 0x02, 0xef, 0xff, 0xf3, 0x3f, 0xff, 0xfa,
    0x00, 0x00, 0x00, 0x00, 0x07, 0xff, 0xff, 0x83,
    0xff, 0xff, 0xa0, 0x00, 0x00, 0x00, 0x00, 0x2f,
    0xff, 0xfb, 0x3f, 0xff, 0xfa, 0x00, 0x00, 0x00,
    0x00, 0x02, 0xff, 0xff, 0xb3, 0xff, 0xff, 0xa0,
    0x00, 0x00, 0x00, 0x00, 0x6f, 0xff, 0xfa, 0x3f,
    0xff, 0xfa, 0x00, 0x00, 0x00, 0x00, 0x1e, 0xff,
    0xff, 0x73, 0xff, 0xff, 0xa0, 0x00, 0x11, 0x12,
    0x6e, 0xff, 0xff, 0xf2, 0x3f, 0xff, 0xfa, 0x00,
    0x4f, 0xff, 0xff, 0xff, 0xff, 0xf9, 0x03, 0xff,
    0xff, 0xa0, 0x04, 0xff, 0xff, 0xff, 0xff, 0xfb,
    0x00, 0x3f, 0xff, 0xfa, 0x00, 0x4f, 0xff, 0xff,
    0xff, 0xf8, 0x00, 0x03, 0xff, 0xff, 0xa0, 0x04,
    0xff, 0xff, 0xec, 0x72, 0x00, 0x00,

    /* U+00E0 "à" */
    0x00, 0x00, 0x5b, 0xbb, 0xa1, 0x00, 0x00, 0x00,
    0x00, 0x00, 0x00, 0x00, 0xef, 0xff, 0x80, 0x00,
    0x00, 0x00, 0x00, 0x00, 0x00, 0x04, 0xff, 0xfe,
    0x00, 0x00, 0x00, 0x00, 0x00, 0x00, 0x00, 0x0a,
    0xff, 0xf6, 0x00, 0x00, 0x00, 0x00, 0x00, 0x00,
    0x00, 0x1e, 0xff, 0xd0, 0x00, 0x00, 0x00, 0x00,
    0x00, 0x00, 0x00, 0x5f, 0xff, 0x50, 0x00, 0x00,
    0x00, 0x00, 0x00, 0x00, 0x00, 0x00, 0x00, 0x00,
    0x00, 0x00, 0x00, 0x00, 0x00, 0x00, 0x00, 0x00,
    0x00, 0x00, 0x00, 0x00, 0x00, 0x00, 0x00, 0x00,
    0x00, 0x00, 0x00, 0x00, 0x00, 0x00, 0x00, 0x00,
    0x38, 0xce, 0xff, 0xdb, 0x61, 0x00, 0x00, 0x00,
    0x02, 0xcf, 0xff, 0xff, 0xff, 0xff, 0xf7, 0x00,
    0x00, 0x03, 0xff, 0xff, 0xff, 0xff, 0xff, 0xff,
    0xf9, 0x00, 0x01, 0xef, 0xff, 0xff, 0xdb, 0xcf,
    0xff, 0xff, 0xf5, 0x00, 0x9f, 0xff, 0xfc, 0x20,
    0x00, 0x09, 0xff, 0xff, 0xc0, 0x06, 0xad, 0xfd,
    0x00, 0x00, 0x00, 0x0d, 0xff, 0xff, 0x10, 0x00,
    0x00, 0x10, 0x00, 0x00, 0x00, 0x9f, 0xff, 0xf3,
    0x00, 0x00, 0x00, 0x00, 0x00, 0x00, 0x0c, 0xff,
    0xff, 0x40, 0x00, 0x00, 0x00, 0x14, 0x68, 0xae,
    0xff, 0xff, 0xf4, 0x00, 0x01, 0x7c, 0xef, 0xff,
    0xff, 0xff, 0xff, 0xff, 0x40, 0x07, 0xff, 0xff,
    0xff, 0xff, 0xff, 0xff, 0xff, 0xf4, 0x08, 0xff,
    0xff, 0xff, 0xfc, 0xa7, 0x48, 0xff, 0xff, 0x41,
    0xff, 0xff, 0xf9, 0x30, 0x00, 0x00, 0x8f, 0xff,
    0xf4, 0x6f, 0xff, 0xf7, 0x00, 0x00, 0x00, 0x09,
    0xff, 0xff, 0x48, 0xff, 0xff, 0x20, 0x00, 0x00,
    0x00, 0xcf, 0xff, 0xf4, 0x8f, 0xff, 0xf3, 0x00,
    0x00, 0x00, 0x4f, 0xff, 0xff, 0x46, 0xff, 0xff,
    0xc1, 0x00, 0x00, 0x6f, 0xff, 0xff, 0xf4, 0x1f,
    0xff, 0xff, 0xfb, 0x9a, 0xef, 0xfe, 0xff, 0xff,
    0x40, 0x7f, 0xff, 0xff, 0xff, 0xff, 0xfe, 0x6f,
    0xff, 0xf4, 0x00, 0x7f, 0xff, 0xff, 0xff, 0xfd,
    0x25, 0xff, 0xff, 0x40, 0x00, 0x28, 0xce, 0xfe,
    0xb6, 0x00, 0x5f, 0xff, 0xf4,

    /* U+00E1 "á" */
    0x00, 0x00, 0x00, 0x00, 0x00, 0x7b, 0xbb, 0x90,
    0x00, 0x00, 0x00, 0x00, 0x00, 0x00, 0x1f, 0xff,
    0xf5, 0x00, 0x00, 0x00, 0x00, 0x00, 0x00, 0x08,
    0xff, 0xfb, 0x00, 0x00, 0x00, 0x00, 0x00, 0x00,
    0x00, 0xef, 0xff, 0x10, 0x00, 0x00, 0x00, 0x00,
    0x00, 0x00, 0x6f, 0xff, 0x60, 0x00, 0x00, 0x00,
    0x00, 0x00, 0x00, 0x0d, 0xff, 0xb0, 0x00, 0x00,
    0x00, 0x00, 0x00, 0x00, 0x00, 0x00, 0x00, 0x00,
    0x00, 0x00, 0x00, 0x00, 0x00, 0x00, 0x00, 0x00,
    0x00, 0x00, 0x00, 0x00, 0x00, 0x00, 0x00, 0x00,
    0x00, 0x00, 0x00, 0x00, 0x00, 0x00, 0x00, 0x00,
    0x38, 0xce, 0xff, 0xdb, 0x61, 0x00, 0x00, 0x00,
    0x02, 0xcf, 0xff, 0xff, 0xff, 0xff, 0xf7, 0x00,
    0x00, 0x03, 0xff, 0xff, 0xff, 0xff, 0xff, 0xff,
    0xf9, 0x00, 0x01, 0xef, 0xff, 0xff, 0xdb, 0xcf,
    0xff, 0xff, 0xf5, 0x00, 0x9f, 0xff, 0xfc, 0x20,
    0x00, 0x09, 0xff, 0xff, 0xc0, 0x06, 0xad, 0xfd,
    0x00, 0x00, 0x00, 0x0d, 0xff, 0xff, 0x10, 0x00,
    0x00, 0x10, 0x00, 0x00, 0x00, 0x9f, 0xff, 0xf3,
    0x00, 0x00, 0x00, 0x00, 0x00, 0x00, 0x0c, 0xff,
    0xff, 0x40, 0x00, 0x00, 0x00, 0x14, 0x68, 0xae,
    0xff, 0xff, 0xf4, 0x00, 0x01, 0x7c, 0xef, 0xff,
    0xff, 0xff, 0xff, 0xff, 0x40, 0x07, 0xff, 0xff,
    0xff, 0xff, 0xff, 0xff, 0xff, 0xf4, 0x08, 0xff,
    0xff, 0xff, 0xfc, 0xa7, 0x48, 0xff, 0xff, 0x41,
    0xff, 0xff, 0xf9, 0x30, 0x00, 0x00, 0x8f, 0xff,
    0xf4, 0x6f, 0xff, 0xf7, 0x00, 0x00, 0x00, 0x09,
    0xff, 0xff, 0x48, 0xff, 0xff, 0x20, 0x00, 0x00,
    0x00, 0xcf, 0xff, 0xf4, 0x8f, 0xff, 0xf3, 0x00,
    0x00, 0x00, 0x4f, 0xff, 0xff, 0x46, 0xff, 0xff,
    0xc1, 0x00, 0x00, 0x6f, 0xff, 0xff, 0xf4, 0x1f,
    0xff, 0xff, 0xfb, 0x9a, 0xef, 0xfe, 0xff, 0xff,
    0x40, 0x7f, 0xff, 0xff, 0xff, 0xff, 0xfe, 0x6f,
    0xff, 0xf4, 0x00, 0x7f, 0xff, 0xff, 0xff, 0xfd,
    0x25, 0xff, 0xff, 0x40, 0x00, 0x28, 0xce, 0xfe,
    0xb6, 0x00, 0x5f, 0xff, 0xf4,

    /* U+00E2 "â" */
    0x00, 0x00, 0x00, 0x03, 0x88, 0x87, 0x00, 0x00,
    0x00, 0x00, 0x00, 0x00, 0x03, 0xff, 0xff, 0xf9,
    0x00, 0x00, 0x00, 0x00, 0x00, 0x02, 0xef, 0xff,
    0xff, 0xf8, 0x00, 0x00, 0x00, 0x00, 0x02, 0xef,
    0xff, 0x3a, 0xff, 0xf6, 0x00, 0x00, 0x00, 0x01,
    0xdf, 0xff, 0x50, 0x0d, 0xff, 0xf5, 0x00, 0x00,
    0x00, 0xdf, 0xff, 0x80, 0x00, 0x1e, 0xff, 0xf4,
    0x00, 0x00, 0x00, 0x00, 0x00, 0x00, 0x00, 0x00,
    0x00, 0x00, 0x00, 0x00, 0x00, 0x00, 0x00, 0x00,
    0x00, 0x00, 0x00, 0x00, 0x00, 0x00, 0x00, 0x00,
    0x00, 0x00, 0x00, 0x00, 0x00, 0x00, 0x00, 0x00,
    0x38, 0xce, 0xff, 0xdb, 0x61, 0x00, 0x00, 0x00,
    0x02, 0xcf, 0xff, 0xff, 0xff, 0xff, 0xf7, 0x00,
    0x00, 0x03, 0xff, 0xff, 0xff, 0xff, 0xff, 0xff,
    0xf9, 0x00, 0x01, 0xef, 0xff, 0xff, 0xdb, 0xcf,
    0xff, 0xff, 0xf5, 0x00, 0x9f, 0xff, 0xfc, 0x20,
    0x00, 0x09, 0xff, 0xff, 0xc0, 0x06, 0xad, 0xfd,
    0x00, 0x00, 0x00, 0x0d, 0xff, 0xff, 0x10, 0x00,
    0x00, 0x10, 0x00, 0x00, 0x00, 0x9f, 0xff, 0xf3,
    0x00, 0x00, 0x00, 0x00, 0x00, 0x00, 0x0c, 0xff,
    0xff, 0x40, 0x00, 0x00, 0x00, 0x14, 0x68, 0xae,
    0xff, 0xff, 0xf4, 0x00, 0x01, 0x7c, 0xef, 0xff,
    0xff, 0xff, 0xff, 0xff, 0x40, 0x07, 0xff, 0xff,
    0xff, 0xff, 0xff, 0xff, 0xff, 0xf4, 0x08, 0xff,
    0xff, 0xff, 0xfc, 0xa7, 0x48, 0xff, 0xff, 0x41,
    0xff, 0xff, 0xf9, 0x30, 0x00, 0x00, 0x8f, 0xff,
    0xf4, 0x6f, 0xff, 0xf7, 0x00, 0x00, 0x00, 0x09,
    0xff, 0xff, 0x48, 0xff, 0xff, 0x20, 0x00, 0x00,
    0x00, 0xcf, 0xff, 0xf4, 0x8f, 0xff, 0xf3, 0x00,
    0x00, 0x00, 0x4f, 0xff, 0xff, 0x46, 0xff, 0xff,
    0xc1, 0x00, 0x00, 0x6f, 0xff, 0xff, 0xf4, 0x1f,
    0xff, 0xff, 0xfb, 0x9a, 0xef, 0xfe, 0xff, 0xff,
    0x40, 0x7f, 0xff, 0xff, 0xff, 0xff, 0xfe, 0x6f,
    0xff, 0xf4, 0x00, 0x7f, 0xff, 0xff, 0xff, 0xfd,
    0x25, 0xff, 0xff, 0x40, 0x00, 0x28, 0xce, 0xfe,
    0xb6, 0x00, 0x5f, 0xff, 0xf4,

    /* U+00E3 "ã" */
    0x00, 0x00, 0x07, 0xef, 0xc3, 0x00, 0x0f, 0xfc,
    0x00, 0x00, 0x00, 0x06, 0xff, 0xff, 0xf9, 0x15,
    0xff, 0xa0, 0x00, 0x00, 0x00, 0xef, 0xfe, 0xff,
    0xff, 0xff, 0xf5, 0x00, 0x00, 0x00, 0x2f, 0xfc,
    0x03, 0xdf, 0xff, 0xfc, 0x00, 0x00, 0x00, 0x04,
    0xee, 0x70, 0x00, 0x6c, 0xd9, 0x10, 0x00, 0x00,
    0x00, 0x00, 0x00, 0x00, 0x00, 0x00, 0x00, 0x00,
    0x00, 0x00, 0x00, 0x00, 0x00, 0x00, 0x00, 0x00,
    0x00, 0x00, 0x00, 0x00, 0x00, 0x00, 0x00, 0x00,
    0x00, 0x00, 0x00, 0x00, 0x00, 0x00, 0x03, 0x8c,
    0xef, 0xfd, 0xb6, 0x10, 0x00, 0x00, 0x00, 0x2c,
    0xff, 0xff, 0xff, 0xff, 0xff, 0x70, 0x00, 0x00,
    0x3f, 0xff, 0xff, 0xff, 0xff, 0xff, 0xff, 0x90,
    0x00, 0x1e, 0xff, 0xff, 0xfd, 0xbc, 0xff, 0xff,
    0xff, 0x50, 0x09, 0xff, 0xff, 0xc2, 0x00, 0x00,
    0x9f, 0xff, 0xfc, 0x00, 0x6a, 0xdf, 0xd0, 0x00,
    0x00, 0x00, 0xdf, 0xff, 0xf1, 0x00, 0x00, 0x01,
    0x00, 0x00, 0x00, 0x09, 0xff, 0xff, 0x30, 0x00,
    0x00, 0x00, 0x00, 0x00, 0x00, 0xcf, 0xff, 0xf4,
    0x00, 0x00, 0x00, 0x01, 0x46, 0x8a, 0xef, 0xff,
    0xff, 0x40, 0x00, 0x17, 0xce, 0xff, 0xff, 0xff,
    0xff, 0xff, 0xf4, 0x00, 0x7f, 0xff, 0xff, 0xff,
    0xff, 0xff, 0xff, 0xff, 0x40, 0x8f, 0xff, 0xff,
    0xff, 0xca, 0x74, 0x8f, 0xff, 0xf4, 0x1f, 0xff,
    0xff, 0x93, 0x00, 0x00, 0x08, 0xff, 0xff, 0x46,
    0xff, 0xff, 0x70, 0x00, 0x00, 0x00, 0x9f, 0xff,
    0xf4, 0x8f, 0xff, 0xf2, 0x00, 0x00, 0x00, 0x0c,
    0xff, 0xff, 0x48, 0xff, 0xff, 0x30, 0x00, 0x00,
    0x04, 0xff, 0xff, 0xf4, 0x6f, 0xff, 0xfc, 0x10,
    0x00, 0x06, 0xff, 0xff, 0xff, 0x41, 0xff, 0xff,
    0xff, 0xb9, 0xae, 0xff, 0xef, 0xff, 0xf4, 0x07,
    0xff, 0xff, 0xff, 0xff, 0xff, 0xe6, 0xff, 0xff,
    0x40, 0x07, 0xff, 0xff, 0xff, 0xff, 0xd2, 0x5f,
    0xff, 0xf4, 0x00, 0x02, 0x8c, 0xef, 0xeb, 0x60,
    0x05, 0xff, 0xff, 0x40,

    /* U+00E4 "ä" */
    0x00, 0x00, 0x00, 0x00, 0x00, 0x00, 0x00, 0x00,
    0x00, 0x00, 0x00, 0x1b, 0xfe, 0x40, 0x00, 0x0a,
    0xfe, 0x50, 0x00, 0x00, 0x0a, 0xff, 0xff, 0x10,
    0x09, 0xff, 0xff, 0x20, 0x00, 0x00, 0xdf, 0xff,
    0xf3, 0x00, 0xcf, 0xff, 0xf5, 0x00, 0x00, 0x09,
    0xff, 0xff, 0x10, 0x08, 0xff, 0xff, 0x10, 0x00,
    0x00, 0x1a, 0xfd, 0x40, 0x00, 0x09, 0xfd, 0x40,
    0x00, 0x00, 0x00, 0x00, 0x00, 0x00, 0x00, 0x00,
    0x00, 0x00, 0x00, 0x00, 0x00, 0x00, 0x00, 0x00,
    0x00, 0x00, 0x00, 0x00, 0x00, 0x00, 0x00, 0x00,
    0x00, 0x00, 0x00, 0x00, 0x00, 0x00, 0x00, 0x00,
    0x38, 0xce, 0xff, 0xdb, 0x61, 0x00, 0x00, 0x00,
    0x02, 0xcf, 0xff, 0xff, 0xff, 0xff, 0xf7, 0x00,
    0x00, 0x03, 0xff, 0xff, 0xff, 0xff, 0xff, 0xff,
    0xf9, 0x00, 0x01, 0xef, 0xff, 0xff, 0xdb, 0xcf,
    0xff, 0xff, 0xf5, 0x00, 0x9f, 0xff, 0xfc, 0x20,
    0x00, 0x09, 0xff, 0xff, 0xc0, 0x06, 0xad, 0xfd,
    0x00, 0x00, 0x00, 0x0d, 0xff, 0xff, 0x10, 0x00,
    0x00, 0x10, 0x00, 0x00, 0x00, 0x9f, 0xff, 0xf3,
    0x00, 0x00, 0x00, 0x00, 0x00, 0x00, 0x0c, 0xff,
    0xff, 0x40, 0x00, 0x00, 0x00, 0x14, 0x68, 0xae,
    0xff, 0xff, 0xf4, 0x00, 0x01, 0x7c, 0xef, 0xff,
    0xff, 0xff, 0xff, 0xff, 0x40, 0x07, 0xff, 0xff,
    0xff, 0xff, 0xff, 0xff, 0xff, 0xf4, 0x08, 0xff,
    0xff, 0xff, 0xfc, 0xa7, 0x48, 0xff, 0xff, 0x41,
    0xff, 0xff, 0xf9, 0x30, 0x00, 0x00, 0x8f, 0xff,
    0xf4, 0x6f, 0xff, 0xf7, 0x00, 0x00, 0x00, 0x09,
    0xff, 0xff, 0x48, 0xff, 0xff, 0x20, 0x00, 0x00,
    0x00, 0xcf, 0xff, 0xf4, 0x8f, 0xff, 0xf3, 0x00,
    0x00, 0x00, 0x4f, 0xff, 0xff, 0x46, 0xff, 0xff,
    0xc1, 0x00, 0x00, 0x6f, 0xff, 0xff, 0xf4, 0x1f,
    0xff, 0xff, 0xfb, 0x9a, 0xef, 0xfe, 0xff, 0xff,
    0x40, 0x7f, 0xff, 0xff, 0xff, 0xff, 0xfe, 0x6f,
    0xff, 0xf4, 0x00, 0x7f, 0xff, 0xff, 0xff, 0xfd,
    0x25, 0xff, 0xff, 0x40, 0x00, 0x28, 0xce, 0xfe,
    0xb6, 0x00, 0x5f, 0xff, 0xf4,

    /* U+00E5 "å" */
    0x00, 0x00, 0x00, 0x07, 0xdf, 0xea, 0x30, 0x00,
    0x00, 0x00, 0x00, 0x00, 0x1c, 0xff, 0xff, 0xff,
    0x50, 0x00, 0x00, 0x00, 0x00, 0x0a, 0xff, 0xd8,
    0xaf, 0xff, 0x20, 0x00, 0x00, 0x00, 0x01, 0xff,
    0xd0, 0x00, 0x6f, 0xf8, 0x00, 0x00, 0x00, 0x00,
    0x3f, 0xf8, 0x00, 0x00, 0xff, 0xb0, 0x00, 0x00,
    0x00, 0x02, 0xff, 0xa0, 0x00, 0x2f, 0xfa, 0x00,
    0x00, 0x00, 0x00, 0x0e, 0xff, 0x60, 0x2c, 0xff,
    0x50, 0x00, 0x00, 0x00, 0x00, 0x4f, 0xff, 0xff,
    0xff, 0xc0, 0x00, 0x00, 0x00, 0x00, 0x00, 0x4e,
    0xff, 0xff, 0xa0, 0x00, 0x00, 0x00, 0x00, 0x00,
    0x00, 0x04, 0x66, 0x20, 0x00, 0x00, 0x00, 0x00,
    0x00, 0x00, 0x00, 0x00, 0x00, 0x00, 0x00, 0x00,
    0x00, 0x00, 0x00, 0x38, 0xce, 0xff, 0xdb, 0x61,
    0x00, 0x00, 0x00, 0x02, 0xcf, 0xff, 0xff, 0xff,
    0xff, 0xf7, 0x00, 0x00, 0x03, 0xff, 0xff, 0xff,
    0xff, 0xff, 0xff, 0xf9, 0x00, 0x01, 0xef, 0xff,
    0xff, 0xdb, 0xcf, 0xff, 0xff, 0xf5, 0x00, 0x9f,
    0xff, 0xfc, 0x20, 0x00, 0x09, 0xff, 0xff, 0xc0,
    0x06, 0xad, 0xfd, 0x00, 0x00, 0x00, 0x0d, 0xff,
    0xff, 0x10, 0x00, 0x00, 0x10, 0x00, 0x00, 0x00,
    0x9f, 0xff, 0xf3, 0x00, 0x00, 0x00, 0x00, 0x00,
    0x00, 0x0c, 0xff, 0xff, 0x40, 0x00, 0x00, 0x00,
    0x14, 0x68, 0xae, 0xff, 0xff, 0xf4, 0x00, 0x01,
    0x7c, 0xef, 0xff, 0xff, 0xff, 0xff, 0xff, 0x40,
    0x07, 0xff, 0xff, 0xff, 0xff, 0xff, 0xff, 0xff,
    0xf4, 0x08, 0xff, 0xff, 0xff, 0xfc, 0xa7, 0x48,
    0xff, 0xff, 0x41, 0xff, 0xff, 0xf9, 0x30, 0x00,
    0x00, 0x8f, 0xff, 0xf4, 0x6f, 0xff, 0xf7, 0x00,
    0x00, 0x00, 0x09, 0xff, 0xff, 0x48, 0xff, 0xff,
    0x20, 0x00, 0x00, 0x00, 0xcf, 0xff, 0xf4, 0x8f,
    0xff, 0xf3, 0x00, 0x00, 0x00, 0x4f, 0xff, 0xff,
    0x46, 0xff, 0xff, 0xc1, 0x00, 0x00, 0x6f, 0xff,
    0xff, 0xf4, 0x1f, 0xff, 0xff, 0xfb, 0x9a, 0xef,
    0xfe, 0xff, 0xff, 0x40, 0x7f, 0xff, 0xff, 0xff,
    0xff, 0xfe, 0x6f, 0xff, 0xf4, 0x00, 0x7f, 0xff,
    0xff, 0xff, 0xfd, 0x25, 0xff, 0xff, 0x40, 0x00,
    0x28, 0xce, 0xfe, 0xb6, 0x00, 0x5f, 0xff, 0xf4,

    /* U+00E6 "æ" */
    0x00, 0x00, 0x03, 0x8c, 0xef, 0xfd, 0xa4, 0x00,
    0x00, 0x18, 0xce, 0xfe, 0xd9, 0x40, 0x00, 0x00,
    0x00, 0x00, 0x2c, 0xff, 0xff, 0xff, 0xff, 0xfc,
    0x10, 0x8f, 0xff, 0xff, 0xff, 0xff, 0xd3, 0x00,
    0x00, 0x00, 0x4f, 0xff, 0xff, 0xff, 0xff, 0xff,
    0xfe, 0xcf, 0xff, 0xff, 0xff, 0xff, 0xff, 0xf6,
    0x00, 0x00, 0x2f, 0xff, 0xff, 0xfe, 0xcd, 0xff,
    0xff, 0xff, 0xff, 0xff, 0xed, 0xef, 0xff, 0xff,
    0xf4, 0x00, 0x0a, 0xff, 0xff, 0xb3, 0x00, 0x01,
    0xaf, 0xff, 0xff, 0xfd, 0x40, 0x00, 0x19, 0xff,
    0xff, 0xd0, 0x00, 0x47, 0xac, 0xb0, 0x00, 0x00,
    0x00, 0xdf, 0xff, 0xfd, 0x10, 0x00, 0x00, 0x09,
    0xff, 0xff, 0x50, 0x00, 0x00, 0x00, 0x00, 0x00,
    0x00, 0x09, 0xff, 0xff, 0x40, 0x00, 0x00, 0x00,
    0x0f, 0xff, 0xfa, 0x00, 0x00, 0x00, 0x00, 0x00,
    0x00, 0x00, 0x9f, 0xff, 0xe0, 0x00, 0x00, 0x00,
    0x00, 0xbf, 0xff, 0xe0, 0x00, 0x00, 0x16, 0xbd,
    0xff, 0xff, 0xff, 0xff, 0xff, 0xff, 0xff, 0xff,
    0xff, 0xff, 0xff, 0xff, 0x00, 0x01, 0x9f, 0xff,
    0xff, 0xff, 0xff, 0xff, 0xff, 0xff, 0xff, 0xff,
    0xff, 0xff, 0xff, 0xff, 0xf1, 0x01, 0xdf, 0xff,
    0xff, 0xff, 0xff, 0xff, 0xff, 0xff, 0xff, 0xff,
    0xff, 0xff, 0xff, 0xff, 0xff, 0x10, 0xcf, 0xff,
    0xff, 0xa6, 0x44, 0x44, 0xdf, 0xff, 0xf4, 0x44,
    0x44, 0x44, 0x44, 0x44, 0x44, 0x40, 0x3f, 0xff,
    0xfd, 0x20, 0x00, 0x00, 0x09, 0xff, 0xfb, 0x00,
    0x00, 0x00, 0x00, 0x00, 0x00, 0x00, 0x07, 0xff,
    0xff, 0x40, 0x00, 0x00, 0x00, 0x9f, 0xff, 0xe0,
    0x00, 0x00, 0x00, 0x00, 0x00, 0x00, 0x00, 0x9f,
    0xff, 0xf2, 0x00, 0x00, 0x00, 0x0d, 0xff, 0xff,
    0x40, 0x00, 0x00, 0x00, 0x06, 0x75, 0x31, 0x07,
    0xff, 0xff, 0x50, 0x00, 0x00, 0x07, 0xff, 0xff,
    0xfe, 0x10, 0x00, 0x00, 0x04, 0xff, 0xff, 0xa0,
    0x5f, 0xff, 0xfe, 0x40, 0x00, 0x19, 0xff, 0xff,
    0xff, 0xfe, 0x50, 0x00, 0x06, 0xff, 0xff, 0xf4,
    0x00, 0xef, 0xff, 0xff, 0xec, 0xdf, 0xff, 0xff,
    0xdf, 0xff, 0xff, 0xfd, 0xdf, 0xff, 0xff, 0xfa,
    0x00, 0x05, 0xff, 0xff, 0xff, 0xff, 0xff, 0xff,
    0x60, 0xcf, 0xff, 0xff, 0xff, 0xff, 0xff, 0xfb,
    0x00, 0x00, 0x06, 0xff, 0xff, 0xff, 0xff, 0xfd,
    0x40, 0x00, 0x8f, 0xff, 0xff, 0xff, 0xff, 0xf8,
    0x00, 0x00, 0x00, 0x01, 0x7c, 0xef, 0xfd, 0x93,
    0x00, 0x00, 0x00, 0x17, 0xbe, 0xff, 0xdb, 0x61,
    0x00, 0x00, 0x00,

    /* U+00E7 "ç" */
    0x00, 0x00, 0x00, 0x49, 0xcf, 0xfe, 0xd9, 0x40,
    0x00, 0x00, 0x00, 0x00, 0x2c, 0xff, 0xff, 0xff,
    0xff, 0xfd, 0x30, 0x00, 0x00, 0x04, 0xff, 0xff,
    0xff, 0xff, 0xff, 0xff, 0xf5, 0x00, 0x00, 0x3f,
    0xff, 0xff, 0xff, 0xff, 0xff, 0xff, 0xff, 0x30,
    0x00, 0xdf, 0xff, 0xfe, 0x60, 0x00, 0x5d, 0xff,
    0xff, 0xc0, 0x05, 0xff, 0xff, 0xe2, 0x00, 0x00,
    0x01, 0xef, 0xff, 0xf3, 0x0b, 0xff, 0xff, 0x70,
    0x00, 0x00, 0x00, 0x5f, 0xfd, 0xa3, 0x0f, 0xff,
    0xff, 0x00, 0x00, 0x00, 0x00, 0x03, 0x00, 0x00,
    0x3f, 0xff, 0xfc, 0x00, 0x00, 0x00, 0x00, 0x00,
    0x00, 0x00, 0x4f, 0xff, 0xfa, 0x00, 0x00, 0x00,
    0x00, 0x00, 0x00, 0x00, 0x5f, 0xff, 0xf9, 0x00,
    0x00, 0x00, 0x00, 0x00, 0x00, 0x00, 0x4f, 0xff,
    0xfa, 0x00, 0x00, 0x00, 0x00, 0x00, 0x00, 0x00,
    0x3f, 0xff, 0xfc, 0x00, 0x00, 0x00, 0x00, 0x00,
    0x00, 0x00, 0x0f, 0xff, 0xff, 0x00, 0x00, 0x00,
    0x00, 0x06, 0x20, 0x00, 0x0b, 0xff, 0xff, 0x70,
    0x00, 0x00, 0x00, 0x5f, 0xff, 0xc4, 0x05, 0xff,
    0xff, 0xe2, 0x00, 0x00, 0x01, 0xdf, 0xff, 0xf3,
    0x00, 0xdf, 0xff, 0xfe, 0x60, 0x00, 0x5d, 0xff,
    0xff, 0xc0, 0x00, 0x3f, 0xff, 0xff, 0xff, 0xff,
    0xff, 0xff, 0xff, 0x30, 0x00, 0x04, 0xff, 0xff,
    0xff, 0xff, 0xff, 0xff, 0xf5, 0x00, 0x00, 0x00,
    0x2c, 0xff, 0xff, 0xff, 0xff, 0xfc, 0x30, 0x00,
    0x00, 0x00, 0x00, 0x49, 0xdf, 0xff, 0xd9, 0x40,
    0x00, 0x00, 0x00, 0x00, 0x00, 0x00, 0x0a, 0xf8,
    0x00, 0x00, 0x00, 0x00, 0x00, 0x00, 0x00, 0x00,
    0x0c, 0xfd, 0x83, 0x00, 0x00, 0x00, 0x00, 0x00,
    0x00, 0x00, 0x0f, 0xff, 0xff, 0x70, 0x00, 0x00,
    0x00, 0x00, 0x00, 0x00, 0x04, 0x46, 0xff, 0xf0,
    0x00, 0x00, 0x00, 0x00, 0x00, 0x00, 0x00, 0x00,
    0xcf, 0xf1, 0x00, 0x00, 0x00, 0x00, 0x00, 0x00,
    0x11, 0x14, 0xff, 0xf0, 0x00, 0x00, 0x00, 0x00,
    0x00, 0x00, 0xbf, 0xff, 0xff, 0xa0, 0x00, 0x00,
    0x00, 0x00, 0x00, 0x00, 0xbf, 0xff, 0xd8, 0x00,
    0x00, 0x00,

    /* U+00E8 "è" */
    0x00, 0x00, 0x09, 0xbb, 0xb7, 0x00, 0x00, 0x00,
    0x00, 0x00, 0x00, 0x00, 0x06, 0xff, 0xff, 0x10,
    0x00, 0x00, 0x00, 0x00, 0x00, 0x00, 0x00, 0xbf,
    0xff, 0x80, 0x00, 0x00, 0x00, 0x00, 0x00, 0x00,
    0x00, 0x1f, 0xff, 0xf0, 0x00, 0x00, 0x00, 0x00,
    0x00, 0x00, 0x00, 0x06, 0xff, 0xf7, 0x00, 0x00,
    0x00, 0x00, 0x00, 0x00, 0x00, 0x00, 0xbf, 0xfe,
    0x00, 0x00, 0x00, 0x00, 0x00, 0x00, 0x00, 0x00,
    0x00, 0x00, 0x00, 0x00, 0x00, 0x00, 0x00, 0x00,
    0x00, 0x00, 0x00, 0x00, 0x00, 0x00, 0x00, 0x00,
    0x00, 0x00, 0x00, 0x00, 0x00, 0x00, 0x00, 0x00,
    0x00, 0x00, 0x00, 0x00, 0x00, 0x49, 0xdf, 0xfe,
    0xc8, 0x30, 0x00, 0x00, 0x00, 0x00, 0x2c, 0xff,
    0xff, 0xff, 0xff, 0xfb, 0x10, 0x00, 0x00, 0x04,
    0xff, 0xff, 0xff, 0xff, 0xff, 0xff, 0xe3, 0x00,
    0x00, 0x3f, 0xff, 0xff, 0xfe, 0xce, 0xff, 0xff,
    0xfe, 0x10, 0x00, 0xdf, 0xff, 0xfb, 0x20, 0x00,
    0x3c, 0xff, 0xff, 0xa0, 0x05, 0xff, 0xff, 0xa0,
    0x00, 0x00, 0x00, 0xcf, 0xff, 0xf2, 0x0b, 0xff,
    0xff, 0x10, 0x00, 0x00, 0x00, 0x3f, 0xff, 0xf6,
    0x0f, 0xff, 0xfa, 0x00, 0x00, 0x00, 0x00, 0x0e,
    0xff, 0xfa, 0x3f, 0xff, 0xff, 0xff, 0xff, 0xff,
    0xff, 0xff, 0xff, 0xfc, 0x4f, 0xff, 0xff, 0xff,
    0xff, 0xff, 0xff, 0xff, 0xff, 0xfd, 0x5f, 0xff,
    0xff, 0xff, 0xff, 0xff, 0xff, 0xff, 0xff, 0xfe,
    0x4f, 0xff, 0xfb, 0x44, 0x44, 0x44, 0x44, 0x44,
    0x44, 0x44, 0x3f, 0xff, 0xf8, 0x00, 0x00, 0x00,
    0x00, 0x00, 0x00, 0x00, 0x0f, 0xff, 0xfb, 0x00,
    0x00, 0x00, 0x00, 0x00, 0x00, 0x00, 0x0c, 0xff,
    0xff, 0x20, 0x00, 0x00, 0x00, 0x08, 0x51, 0x00,
    0x06, 0xff, 0xff, 0xb0, 0x00, 0x00, 0x00, 0x7f,
    0xff, 0xe5, 0x00, 0xdf, 0xff, 0xfc, 0x30, 0x00,
    0x18, 0xff, 0xff, 0xf1, 0x00, 0x3f, 0xff, 0xff,
    0xfe, 0xdd, 0xff, 0xff, 0xff, 0x70, 0x00, 0x05,
    0xff, 0xff, 0xff, 0xff, 0xff, 0xff, 0xf9, 0x00,
    0x00, 0x00, 0x2c, 0xff, 0xff, 0xff, 0xff, 0xfe,
    0x60, 0x00, 0x00, 0x00, 0x00, 0x49, 0xce, 0xff,
    0xda, 0x60, 0x00, 0x00,

    /* U+00E9 "é" */
    0x00, 0x00, 0x00, 0x00, 0x00, 0x1a, 0xbb, 0xb5,
    0x00, 0x00, 0x00, 0x00, 0x00, 0x00, 0x00, 0x7f,
    0xff, 0xe0, 0x00, 0x00, 0x00, 0x00, 0x00, 0x00,
    0x00, 0xef, 0xff, 0x40, 0x00, 0x00, 0x00, 0x00,
    0x00, 0x00, 0x06, 0xff, 0xfa, 0x00, 0x00, 0x00,
    0x00, 0x00, 0x00, 0x00, 0x0d, 0xff, 0xe1, 0x00,
    0x00, 0x00, 0x00, 0x00, 0x00, 0x00, 0x4f, 0xff,
    0x50, 0x00, 0x00, 0x00, 0x00, 0x00, 0x00, 0x00,
    0x00, 0x00, 0x00, 0x00, 0x00, 0x00, 0x00, 0x00,
    0x00, 0x00, 0x00, 0x00, 0x00, 0x00, 0x00, 0x00,
    0x00, 0x00, 0x00, 0x00, 0x00, 0x00, 0x00, 0x00,
    0x00, 0x00, 0x00, 0x00, 0x00, 0x49, 0xdf, 0xfe,
    0xc8, 0x30, 0x00, 0x00, 0x00, 0x00, 0x2c, 0xff,
    0xff, 0xff, 0xff, 0xfb, 0x10, 0x00, 0x00, 0x04,
    0xff, 0xff, 0xff, 0xff, 0xff, 0xff, 0xe3, 0x00,
    0x00, 0x3f, 0xff, 0xff, 0xfe, 0xce, 0xff, 0xff,
    0xfe, 0x10, 0x00, 0xdf, 0xff, 0xfb, 0x20, 0x00,
    0x3c, 0xff, 0xff, 0xa0, 0x05, 0xff, 0xff, 0xa0,
    0x00, 0x00, 0x00, 0xcf, 0xff, 0xf2, 0x0b, 0xff,
    0xff, 0x10, 0x00, 0x00, 0x00, 0x3f, 0xff, 0xf6,
    0x0f, 0xff, 0xfa, 0x00, 0x00, 0x00, 0x00, 0x0e,
    0xff, 0xfa, 0x3f, 0xff, 0xff, 0xff, 0xff, 0xff,
    0xff, 0xff, 0xff, 0xfc, 0x4f, 0xff, 0xff, 0xff,
    0xff, 0xff, 0xff, 0xff, 0xff, 0xfd, 0x5f, 0xff,
    0xff, 0xff, 0xff, 0xff, 0xff, 0xff, 0xff, 0xfe,
    0x4f, 0xff, 0xfb, 0x44, 0x44, 0x44, 0x44, 0x44,
    0x44, 0x44, 0x3f, 0xff, 0xf8, 0x00, 0x00, 0x00,
    0x00, 0x00, 0x00, 0x00, 0x0f, 0xff, 0xfb, 0x00,
    0x00, 0x00, 0x00, 0x00, 0x00, 0x00, 0x0c, 0xff,
    0xff, 0x20, 0x00, 0x00, 0x00, 0x08, 0x51, 0x00,
    0x06, 0xff, 0xff, 0xb0, 0x00, 0x00, 0x00, 0x7f,
    0xff, 0xe5, 0x00, 0xdf, 0xff, 0xfc, 0x30, 0x00,
    0x18, 0xff, 0xff, 0xf1, 0x00, 0x3f, 0xff, 0xff,
    0xfe, 0xdd, 0xff, 0xff, 0xff, 0x70, 0x00, 0x05,
    0xff, 0xff, 0xff, 0xff, 0xff, 0xff, 0xf9, 0x00,
    0x00, 0x00, 0x2c, 0xff, 0xff, 0xff, 0xff, 0xfe,
    0x60, 0x00, 0x00, 0x00, 0x00, 0x49, 0xce, 0xff,
    0xda, 0x60, 0x00, 0x00,

    /* U+00EA "ê" */
    0x00, 0x00, 0x00, 0x00, 0x68, 0x88, 0x30, 0x00,
    0x00, 0x00, 0x00, 0x00, 0x00, 0x09, 0xff, 0xff,
    0xf3, 0x00, 0x00, 0x00, 0x00, 0x00, 0x00, 0x8f,
    0xff, 0xff, 0xfe, 0x20, 0x00, 0x00, 0x00, 0x00,
    0x07, 0xff, 0xfb, 0x2f, 0xff, 0xe1, 0x00, 0x00,
    0x00, 0x00, 0x6f, 0xff, 0xd1, 0x04, 0xff, 0xfd,
    0x10, 0x00, 0x00, 0x05, 0xff, 0xfe, 0x20, 0x00,
    0x7f, 0xff, 0xc0, 0x00, 0x00, 0x00, 0x00, 0x00,
    0x00, 0x00, 0x00, 0x00, 0x00, 0x00, 0x00, 0x00,
    0x00, 0x00, 0x00, 0x00, 0x00, 0x00, 0x00, 0x00,
    0x00, 0x00, 0x00, 0x00, 0x00, 0x00, 0x00, 0x00,
    0x00, 0x00, 0x00, 0x00, 0x00, 0x49, 0xdf, 0xfe,
    0xc8, 0x30, 0x00, 0x00, 0x00, 0x00, 0x2c, 0xff,
    0xff, 0xff, 0xff, 0xfb, 0x10, 0x00, 0x00, 0x04,
    0xff, 0xff, 0xff, 0xff, 0xff, 0xff, 0xe3, 0x00,
    0x00, 0x3f, 0xff, 0xff, 0xfe, 0xce, 0xff, 0xff,
    0xfe, 0x10, 0x00, 0xdf, 0xff, 0xfb, 0x20, 0x00,
    0x3c, 0xff, 0xff, 0xa0, 0x05, 0xff, 0xff, 0xa0,
    0x00, 0x00, 0x00, 0xcf, 0xff, 0xf2, 0x0b, 0xff,
    0xff, 0x10, 0x00, 0x00, 0x00, 0x3f, 0xff, 0xf6,
    0x0f, 0xff, 0xfa, 0x00, 0x00, 0x00, 0x00, 0x0e,
    0xff, 0xfa, 0x3f, 0xff, 0xff, 0xff, 0xff, 0xff,
    0xff, 0xff, 0xff, 0xfc, 0x4f, 0xff, 0xff, 0xff,
    0xff, 0xff, 0xff, 0xff, 0xff, 0xfd, 0x5f, 0xff,
    0xff, 0xff, 0xff, 0xff, 0xff, 0xff, 0xff, 0xfe,
    0x4f, 0xff, 0xfb, 0x44, 0x44, 0x44, 0x44, 0x44,
    0x44, 0x44, 0x3f, 0xff, 0xf8, 0x00, 0x00, 0x00,
    0x00, 0x00, 0x00, 0x00, 0x0f, 0xff, 0xfb, 0x00,
    0x00, 0x00, 0x00, 0x00, 0x00, 0x00, 0x0c, 0xff,
    0xff, 0x20, 0x00, 0x00, 0x00, 0x08, 0x51, 0x00,
    0x06, 0xff, 0xff, 0xb0, 0x00, 0x00, 0x00, 0x7f,
    0xff, 0xe5, 0x00, 0xdf, 0xff, 0xfc, 0x30, 0x00,
    0x18, 0xff, 0xff, 0xf1, 0x00, 0x3f, 0xff, 0xff,
    0xfe, 0xdd, 0xff, 0xff, 0xff, 0x70, 0x00, 0x05,
    0xff, 0xff, 0xff, 0xff, 0xff, 0xff, 0xf9, 0x00,
    0x00, 0x00, 0x2c, 0xff, 0xff, 0xff, 0xff, 0xfe,
    0x60, 0x00, 0x00, 0x00, 0x00, 0x49, 0xce, 0xff,
    0xda, 0x60, 0x00, 0x00,

    /* U+00EB "ë" */
    0x00, 0x00, 0x00, 0x00, 0x00, 0x00, 0x00, 0x00,
    0x00, 0x00, 0x00, 0x00, 0x5e, 0xfb, 0x10, 0x00,
    0x4e, 0xfc, 0x10, 0x00, 0x00, 0x01, 0xff, 0xff,
    0x90, 0x00, 0xff, 0xff, 0xb0, 0x00, 0x00, 0x04,
    0xff, 0xff, 0xc0, 0x02, 0xff, 0xff, 0xe0, 0x00,
    0x00, 0x01, 0xff, 0xff, 0x90, 0x00, 0xef, 0xff,
    0xa0, 0x00, 0x00, 0x00, 0x4d, 0xfa, 0x00, 0x00,
    0x3d, 0xfa, 0x10, 0x00, 0x00, 0x00, 0x00, 0x00,
    0x00, 0x00, 0x00, 0x00, 0x00, 0x00, 0x00, 0x00,
    0x00, 0x00, 0x00, 0x00, 0x00, 0x00, 0x00, 0x00,
    0x00, 0x00, 0x00, 0x00, 0x00, 0x00, 0x00, 0x00,
    0x00, 0x00, 0x00, 0x00, 0x00, 0x49, 0xdf, 0xfe,
    0xc8, 0x30, 0x00, 0x00, 0x00, 0x00, 0x2c, 0xff,
    0xff, 0xff, 0xff, 0xfb, 0x10, 0x00, 0x00, 0x04,
    0xff, 0xff, 0xff, 0xff, 0xff, 0xff, 0xe3, 0x00,
    0x00, 0x3f, 0xff, 0xff, 0xfe, 0xce, 0xff, 0xff,
    0xfe, 0x10, 0x00, 0xdf, 0xff, 0xfb, 0x20, 0x00,
    0x3c, 0xff, 0xff, 0xa0, 0x05, 0xff, 0xff, 0xa0,
    0x00, 0x00, 0x00, 0xcf, 0xff, 0xf2, 0x0b, 0xff,
    0xff, 0x10, 0x00, 0x00, 0x00, 0x3f, 0xff, 0xf6,
    0x0f, 0xff, 0xfa, 0x00, 0x00, 0x00, 0x00, 0x0e,
    0xff, 0xfa, 0x3f, 0xff, 0xff, 0xff, 0xff, 0xff,
    0xff, 0xff, 0xff, 0xfc, 0x4f, 0xff, 0xff, 0xff,
    0xff, 0xff, 0xff, 0xff, 0xff, 0xfd, 0x5f, 0xff,
    0xff, 0xff, 0xff, 0xff, 0xff, 0xff, 0xff, 0xfe,
    0x4f, 0xff, 0xfb, 0x44, 0x44, 0x44, 0x44, 0x44,
    0x44, 0x44, 0x3f, 0xff, 0xf8, 0x00, 0x00, 0x00,
    0x00, 0x00, 0x00, 0x00, 0x0f, 0xff, 0xfb, 0x00,
    0x00, 0x00, 0x00, 0x00, 0x00, 0x00, 0x0c, 0xff,
    0xff, 0x20, 0x00, 0x00, 0x00, 0x08, 0x51, 0x00,
    0x06, 0xff, 0xff, 0xb0, 0x00, 0x00, 0x00, 0x7f,
    0xff, 0xe5, 0x00, 0xdf, 0xff, 0xfc, 0x30, 0x00,
    0x18, 0xff, 0xff, 0xf1, 0x00, 0x3f, 0xff, 0xff,
    0xfe, 0xdd, 0xff, 0xff, 0xff, 0x70, 0x00, 0x05,
    0xff, 0xff, 0xff, 0xff, 0xff, 0xff, 0xf9, 0x00,
    0x00, 0x00, 0x2c, 0xff, 0xff, 0xff, 0xff, 0xfe,
    0x60, 0x00, 0x00, 0x00, 0x00, 0x49, 0xce, 0xff,
    0xda, 0x60, 0x00, 0x00,

    /* U+00EC "ì" */
    0x2f, 0xff, 0xf7, 0x00, 0x00, 0x7f, 0xff, 0xe0,
    0x00, 0x00, 0xdf, 0xff, 0x50, 0x00, 0x03, 0xff,
    0xfc, 0x00, 0x00, 0x08, 0xff, 0xf4, 0x00, 0x00,
    0x0a, 0xbb, 0x70, 0x00, 0x00, 0x00, 0x00, 0x00,
    0x00, 0x00, 0x00, 0x00, 0x00, 0x07, 0xff, 0xff,
    0x60, 0x00, 0x7f, 0xff, 0xf6, 0x00, 0x07, 0xff,
    0xff, 0x60, 0x00, 0x7f, 0xff, 0xf6, 0x00, 0x07,
    0xff, 0xff, 0x60, 0x00, 0x7f, 0xff, 0xf6, 0x00,
    0x07, 0xff, 0xff, 0x60, 0x00, 0x7f, 0xff, 0xf6,
    0x00, 0x07, 0xff, 0xff, 0x60, 0x00, 0x7f, 0xff,
    0xf6, 0x00, 0x07, 0xff, 0xff, 0x60, 0x00, 0x7f,
    0xff, 0xf6, 0x00, 0x07, 0xff, 0xff, 0x60, 0x00,
    0x7f, 0xff, 0xf6, 0x00, 0x07, 0xff, 0xff, 0x60,
    0x00, 0x7f, 0xff, 0xf6, 0x00, 0x07, 0xff, 0xff,
    0x60, 0x00, 0x7f, 0xff, 0xf6, 0x00, 0x07, 0xff,
    0xff, 0x60, 0x00, 0x7f, 0xff, 0xf6, 0x00, 0x07,
    0xff, 0xff, 0x60,

    /* U+00ED "í" */
    0x00, 0x07, 0xff, 0xff, 0x10, 0x00, 0xef, 0xff,
    0x60, 0x00, 0x6f, 0xff, 0xc0, 0x00, 0x0d, 0xff,
    0xf2, 0x00, 0x04, 0xff, 0xf7, 0x00, 0x00, 0x7b,
    0xb9, 0x00, 0x00, 0x00, 0x00, 0x00, 0x00, 0x00,
    0x00, 0x00, 0x00, 0x00, 0x7f, 0xff, 0xf6, 0x00,
    0x07, 0xff, 0xff, 0x60, 0x00, 0x7f, 0xff, 0xf6,
    0x00, 0x07, 0xff, 0xff, 0x60, 0x00, 0x7f, 0xff,
    0xf6, 0x00, 0x07, 0xff, 0xff, 0x60, 0x00, 0x7f,
    0xff, 0xf6, 0x00, 0x07, 0xff, 0xff, 0x60, 0x00,
    0x7f, 0xff, 0xf6, 0x00, 0x07, 0xff, 0xff, 0x60,
    0x00, 0x7f, 0xff, 0xf6, 0x00, 0x07, 0xff, 0xff,
    0x60, 0x00, 0x7f, 0xff, 0xf6, 0x00, 0x07, 0xff,
    0xff, 0x60, 0x00, 0x7f, 0xff, 0xf6, 0x00, 0x07,
    0xff, 0xff, 0x60, 0x00, 0x7f, 0xff, 0xf6, 0x00,
    0x07, 0xff, 0xff, 0x60, 0x00, 0x7f, 0xff, 0xf6,
    0x00, 0x07, 0xff, 0xff, 0x60, 0x00, 0x7f, 0xff,
    0xf6, 0x00, 0x00,

    /* U+00EE "î" */
    0x00, 0x00, 0x7f, 0xff, 0xf6, 0x00, 0x00, 0x00,
    0x06, 0xff, 0xff, 0xff, 0x40, 0x00, 0x00, 0x5f,
    0xff, 0xcd, 0xff, 0xf3, 0x00, 0x04, 0xff, 0xfe,
    0x11, 0xef, 0xff, 0x20, 0x3f, 0xff, 0xf2, 0x00,
    0x3f, 0xff, 0xe2, 0x78, 0x88, 0x40, 0x00, 0x04,
    0x88, 0x85, 0x00, 0x00, 0x00, 0x00, 0x00, 0x00,
    0x00, 0x00, 0x00, 0x00, 0x00, 0x00, 0x00, 0x00,
    0x00, 0x00, 0x7f, 0xff, 0xf6, 0x00, 0x00, 0x00,
    0x00, 0x7f, 0xff, 0xf6, 0x00, 0x00, 0x00, 0x00,
    0x7f, 0xff, 0xf6, 0x00, 0x00, 0x00, 0x00, 0x7f,
    0xff, 0xf6, 0x00, 0x00, 0x00, 0x00, 0x7f, 0xff,
    0xf6, 0x00, 0x00, 0x00, 0x00, 0x7f, 0xff, 0xf6,
    0x00, 0x00, 0x00, 0x00, 0x7f, 0xff, 0xf6, 0x00,
    0x00, 0x00, 0x00, 0x7f, 0xff, 0xf6, 0x00, 0x00,
    0x00, 0x00, 0x7f, 0xff, 0xf6, 0x00, 0x00, 0x00,
    0x00, 0x7f, 0xff, 0xf6, 0x00, 0x00, 0x00, 0x00,
    0x7f, 0xff, 0xf6, 0x00, 0x00, 0x00, 0x00, 0x7f,
    0xff, 0xf6, 0x00, 0x00, 0x00, 0x00, 0x7f, 0xff,
    0xf6, 0x00, 0x00, 0x00, 0x00, 0x7f, 0xff, 0xf6,
    0x00, 0x00, 0x00, 0x00, 0x7f, 0xff, 0xf6, 0x00,
    0x00, 0x00, 0x00, 0x7f, 0xff, 0xf6, 0x00, 0x00,
    0x00, 0x00, 0x7f, 0xff, 0xf6, 0x00, 0x00, 0x00,
    0x00, 0x7f, 0xff, 0xf6, 0x00, 0x00, 0x00, 0x00,
    0x7f, 0xff, 0xf6, 0x00, 0x00, 0x00, 0x00, 0x7f,
    0xff, 0xf6, 0x00, 0x00, 0x00, 0x00, 0x7f, 0xff,
    0xf6, 0x00, 0x00,

    /* U+00EF "ï" */
    0x08, 0xee, 0x60, 0x00, 0x07, 0xee, 0x70, 0x6f,
    0xff, 0xf3, 0x00, 0x4f, 0xff, 0xf4, 0x9f, 0xff,
    0xf7, 0x00, 0x8f, 0xff, 0xf8, 0x6f, 0xff, 0xf4,
    0x00, 0x5f, 0xff, 0xf5, 0x09, 0xff, 0x70, 0x00,
    0x08, 0xff, 0x80, 0x00, 0x00, 0x00, 0x00, 0x00,
    0x00, 0x00, 0x00, 0x00, 0x00, 0x00, 0x00, 0x00,
    0x00, 0x00, 0x00, 0x00, 0x00, 0x00, 0x00, 0x00,
    0x00, 0x00, 0x7f, 0xff, 0xf6, 0x00, 0x00, 0x00,
    0x00, 0x7f, 0xff, 0xf6, 0x00, 0x00, 0x00, 0x00,
    0x7f, 0xff, 0xf6, 0x00, 0x00, 0x00, 0x00, 0x7f,
    0xff, 0xf6, 0x00, 0x00, 0x00, 0x00, 0x7f, 0xff,
    0xf6, 0x00, 0x00, 0x00, 0x00, 0x7f, 0xff, 0xf6,
    0x00, 0x00, 0x00, 0x00, 0x7f, 0xff, 0xf6, 0x00,
    0x00, 0x00, 0x00, 0x7f, 0xff, 0xf6, 0x00, 0x00,
    0x00, 0x00, 0x7f, 0xff, 0xf6, 0x00, 0x00, 0x00,
    0x00, 0x7f, 0xff, 0xf6, 0x00, 0x00, 0x00, 0x00,
    0x7f, 0xff, 0xf6, 0x00, 0x00, 0x00, 0x00, 0x7f,
    0xff, 0xf6, 0x00, 0x00, 0x00, 0x00, 0x7f, 0xff,
    0xf6, 0x00, 0x00, 0x00, 0x00, 0x7f, 0xff, 0xf6,
    0x00, 0x00, 0x00, 0x00, 0x7f, 0xff, 0xf6, 0x00,
    0x00, 0x00, 0x00, 0x7f, 0xff, 0xf6, 0x00, 0x00,
    0x00, 0x00, 0x7f, 0xff, 0xf6, 0x00, 0x00, 0x00,
    0x00, 0x7f, 0xff, 0xf6, 0x00, 0x00, 0x00, 0x00,
    0x7f, 0xff, 0xf6, 0x00, 0x00, 0x00, 0x00, 0x7f,
    0xff, 0xf6, 0x00, 0x00, 0x00, 0x00, 0x7f, 0xff,
    0xf6, 0x00, 0x00,

    /* U+00F0 "ð" */
    0x00, 0x00, 0x0c, 0x60, 0x00, 0x00, 0x00, 0x00,
    0x00, 0x00, 0x00, 0x00, 0x5f, 0xff, 0x70, 0x00,
    0x00, 0x5d, 0x60, 0x00, 0x00, 0x00, 0x9f, 0xff,
    0xfe, 0x50, 0x5d, 0xff, 0x90, 0x00, 0x00, 0x00,
    0x07, 0xef, 0xff, 0xff, 0xff, 0xfc, 0x40, 0x00,
    0x00, 0x00, 0x00, 0x1a, 0xff, 0xff, 0xff, 0x50,
    0x00, 0x00, 0x00, 0x00, 0x00, 0x5d, 0xff, 0xff,
    0xfe, 0x20, 0x00, 0x00, 0x00, 0x00, 0x5d, 0xff,
    0xff, 0xff, 0xff, 0xe2, 0x00, 0x00, 0x00, 0x00,
    0xbf, 0xfc, 0x40, 0x1d, 0xff, 0xfc, 0x00, 0x00,
    0x00, 0x00, 0x7c, 0x40, 0x00, 0x01, 0xdf, 0xff,
    0x90, 0x00, 0x00, 0x00, 0x00, 0x00, 0x00, 0x00,
    0x2f, 0xff, 0xf4, 0x00, 0x00, 0x00, 0x02, 0x9d,
    0xff, 0xd8, 0x16, 0xff, 0xfc, 0x00, 0x00, 0x00,
    0x8f, 0xff, 0xff, 0xff, 0xf5, 0xcf, 0xff, 0x40,
    0x00, 0x09, 0xff, 0xff, 0xff, 0xff, 0xff, 0xaf,
    0xff, 0xb0, 0x00, 0x6f, 0xff, 0xff, 0xa6, 0x47,
    0xdf, 0xff, 0xff, 0xf1, 0x01, 0xff, 0xff, 0xf3,
    0x00, 0x00, 0x08, 0xff, 0xff, 0xf5, 0x08, 0xff,
    0xff, 0x50, 0x00, 0x00, 0x00, 0xbf, 0xff, 0xf9,
    0x0e, 0xff, 0xfd, 0x00, 0x00, 0x00, 0x00, 0x4f,
    0xff, 0xfb, 0x1f, 0xff, 0xf9, 0x00, 0x00, 0x00,
    0x00, 0x0f, 0xff, 0xfd, 0x4f, 0xff, 0xf6, 0x00,
    0x00, 0x00, 0x00, 0x0c, 0xff, 0xfe, 0x5f, 0xff,
    0xf5, 0x00, 0x00, 0x00, 0x00, 0x0a, 0xff, 0xfe,
    0x5f, 0xff, 0xf6, 0x00, 0x00, 0x00, 0x00, 0x0b,
    0xff, 0xfd, 0x3f, 0xff, 0xf7, 0x00, 0x00, 0x00,
    0x00, 0x0c, 0xff, 0xfb, 0x1f, 0xff, 0xfb, 0x00,
    0x00, 0x00, 0x00, 0x1f, 0xff, 0xf8, 0x0d, 0xff,
    0xff, 0x20, 0x00, 0x00, 0x00, 0x7f, 0xff, 0xf3,
    0x07, 0xff, 0xff, 0xc0, 0x00, 0x00, 0x02, 0xff,
    0xff, 0xd0, 0x00, 0xdf, 0xff, 0xfc, 0x30, 0x00,
    0x6e, 0xff, 0xff, 0x50, 0x00, 0x3f, 0xff, 0xff,
    0xff, 0xef, 0xff, 0xff, 0xfb, 0x00, 0x00, 0x05,
    0xff, 0xff, 0xff, 0xff, 0xff, 0xff, 0xc0, 0x00,
    0x00, 0x00, 0x3d, 0xff, 0xff, 0xff, 0xff, 0xf8,
    0x00, 0x00, 0x00, 0x00, 0x00, 0x5a, 0xdf, 0xfe,
    0xc7, 0x10, 0x00, 0x00,

    /* U+00F1 "ñ" */
    0x00, 0x00, 0x06, 0xcd, 0x91, 0x00, 0x1d, 0xd9,
    0x00, 0x00, 0x00, 0x07, 0xff, 0xff, 0xf6, 0x06,
    0xff, 0x80, 0x00, 0x00, 0x00, 0xff, 0xff, 0xff,
    0xfe, 0xff, 0xf4, 0x00, 0x00, 0x00, 0x4f, 0xfb,
    0x06, 0xff, 0xff, 0xfc, 0x00, 0x00, 0x00, 0x06,
    0xff, 0x60, 0x01, 0x9e, 0xfa, 0x10, 0x00, 0x00,
    0x00, 0x00, 0x00, 0x00, 0x00, 0x00, 0x00, 0x00,
    0x00, 0x00, 0x00, 0x00, 0x00, 0x00, 0x00, 0x00,
    0x00, 0x00, 0x00, 0x00, 0x00, 0x00, 0x00, 0x00,
    0x00, 0x00, 0x00, 0x00, 0x7f, 0xff, 0xf2, 0x00,
    0x5b, 0xef, 0xec, 0x60, 0x00, 0x07, 0xff, 0xff,
    0x21, 0xcf, 0xff, 0xff, 0xff, 0xe3, 0x00, 0x7f,
    0xff, 0xf2, 0xcf, 0xff, 0xff, 0xff, 0xff, 0xf1,
    0x07, 0xff, 0xff, 0xaf, 0xff, 0xff, 0xff, 0xff,
    0xff, 0xb0, 0x7f, 0xff, 0xff, 0xfb, 0x42, 0x26,
    0xef, 0xff, 0xff, 0x17, 0xff, 0xff, 0xf8, 0x00,
    0x00, 0x02, 0xff, 0xff, 0xf6, 0x7f, 0xff, 0xfd,
    0x00, 0x00, 0x00, 0x08, 0xff, 0xff, 0x87, 0xff,
    0xff, 0x80, 0x00, 0x00, 0x00, 0x3f, 0xff, 0xfa,
    0x7f, 0xff, 0xf6, 0x00, 0x00, 0x00, 0x02, 0xff,
    0xff, 0xb7, 0xff, 0xff, 0x60, 0x00, 0x00, 0x00,
    0x2f, 0xff, 0xfb, 0x7f, 0xff, 0xf6, 0x00, 0x00,
    0x00, 0x02, 0xff, 0xff, 0xb7, 0xff, 0xff, 0x60,
    0x00, 0x00, 0x00, 0x2f, 0xff, 0xfb, 0x7f, 0xff,
    0xf6, 0x00, 0x00, 0x00, 0x02, 0xff, 0xff, 0xb7,
    0xff, 0xff, 0x60, 0x00, 0x00, 0x00, 0x2f, 0xff,
    0xfb, 0x7f, 0xff, 0xf6, 0x00, 0x00, 0x00, 0x02,
    0xff, 0xff, 0xb7, 0xff, 0xff, 0x60, 0x00, 0x00,
    0x00, 0x2f, 0xff, 0xfb, 0x7f, 0xff, 0xf6, 0x00,
    0x00, 0x00, 0x02, 0xff, 0xff, 0xb7, 0xff, 0xff,
    0x60, 0x00, 0x00, 0x00, 0x2f, 0xff, 0xfb, 0x7f,
    0xff, 0xf6, 0x00, 0x00, 0x00, 0x02, 0xff, 0xff,
    0xb7, 0xff, 0xff, 0x60, 0x00, 0x00, 0x00, 0x2f,
    0xff, 0xfb, 0x7f, 0xff, 0xf6, 0x00, 0x00, 0x00,
    0x02, 0xff, 0xff, 0xb0,

    /* U+00F2 "ò" */
    0x00, 0x00, 0x07, 0xbb, 0xba, 0x00, 0x00, 0x00,
    0x00, 0x00, 0x00, 0x00, 0x00, 0x2f, 0xff, 0xf5,
    0x00, 0x00, 0x00, 0x00, 0x00, 0x00, 0x00, 0x00,
    0x7f, 0xff, 0xc0, 0x00, 0x00, 0x00, 0x00, 0x00,
    0x00, 0x00, 0x00, 0xcf, 0xff, 0x30, 0x00, 0x00,
    0x00, 0x00, 0x00, 0x00, 0x00, 0x02, 0xff, 0xfa,
    0x00, 0x00, 0x00, 0x00, 0x00, 0x00, 0x00, 0x00,
    0x08, 0xff, 0xf2, 0x00, 0x00, 0x00, 0x00, 0x00,
    0x00, 0x00, 0x00, 0x00, 0x00, 0x00, 0x00, 0x00,
    0x00, 0x00, 0x00, 0x00, 0x00, 0x00, 0x00, 0x00,
    0x00, 0x00, 0x00, 0x00, 0x00, 0x00, 0x00, 0x00,
    0x00, 0x00, 0x00, 0x00, 0x00, 0x00, 0x00, 0x00,
    0x00, 0x04, 0x9c, 0xff, 0xfd, 0xa4, 0x00, 0x00,
    0x00, 0x00, 0x00, 0x2c, 0xff, 0xff, 0xff, 0xff,
    0xfd, 0x30, 0x00, 0x00, 0x00, 0x4f, 0xff, 0xff,
    0xff, 0xff, 0xff, 0xff, 0x60, 0x00, 0x00, 0x3f,
    0xff, 0xff, 0xff, 0xff, 0xff, 0xff, 0xff, 0x40,
    0x00, 0x0d, 0xff, 0xff, 0xe6, 0x00, 0x05, 0xdf,
    0xff, 0xfe, 0x00, 0x05, 0xff, 0xff, 0xe2, 0x00,
    0x00, 0x01, 0xdf, 0xff, 0xf7, 0x00, 0xbf, 0xff,
    0xf7, 0x00, 0x00, 0x00, 0x04, 0xff, 0xff, 0xd0,
    0x0f, 0xff, 0xff, 0x00, 0x00, 0x00, 0x00, 0x0d,
    0xff, 0xff, 0x23, 0xff, 0xff, 0xc0, 0x00, 0x00,
    0x00, 0x00, 0x9f, 0xff, 0xf5, 0x4f, 0xff, 0xfa,
    0x00, 0x00, 0x00, 0x00, 0x07, 0xff, 0xff, 0x65,
    0xff, 0xff, 0x90, 0x00, 0x00, 0x00, 0x00, 0x6f,
    0xff, 0xf7, 0x4f, 0xff, 0xfa, 0x00, 0x00, 0x00,
    0x00, 0x07, 0xff, 0xff, 0x63, 0xff, 0xff, 0xc0,
    0x00, 0x00, 0x00, 0x00, 0x9f, 0xff, 0xf5, 0x0f,
    0xff, 0xff, 0x00, 0x00, 0x00, 0x00, 0x0d, 0xff,
    0xff, 0x20, 0xbf, 0xff, 0xf7, 0x00, 0x00, 0x00,
    0x04, 0xff, 0xff, 0xe0, 0x05, 0xff, 0xff, 0xe2,
    0x00, 0x00, 0x01, 0xdf, 0xff, 0xf7, 0x00, 0x0d,
    0xff, 0xff, 0xe6, 0x00, 0x05, 0xdf, 0xff, 0xfe,
    0x10, 0x00, 0x3f, 0xff, 0xff, 0xff, 0xff, 0xff,
    0xff, 0xff, 0x40, 0x00, 0x00, 0x4f, 0xff, 0xff,
    0xff, 0xff, 0xff, 0xff, 0x60, 0x00, 0x00, 0x00,
    0x2c, 0xff, 0xff, 0xff, 0xff, 0xfd, 0x30, 0x00,
    0x00, 0x00, 0x00, 0x04, 0x9d, 0xff, 0xfd, 0xa4,
    0x00, 0x00, 0x00,

    /* U+00F3 "ó" */
    0x00, 0x00, 0x00, 0x00, 0x00, 0x09, 0xbb, 0xb8,
    0x00, 0x00, 0x00, 0x00, 0x00, 0x00, 0x00, 0x03,
    0xff, 0xff, 0x30, 0x00, 0x00, 0x00, 0x00, 0x00,
    0x00, 0x00, 0xbf, 0xff, 0x80, 0x00, 0x00, 0x00,
    0x00, 0x00, 0x00, 0x00, 0x2f, 0xff, 0xd0, 0x00,
    0x00, 0x00, 0x00, 0x00, 0x00, 0x00, 0x09, 0xff,
    0xf3, 0x00, 0x00, 0x00, 0x00, 0x00, 0x00, 0x00,
    0x01, 0xff, 0xf9, 0x00, 0x00, 0x00, 0x00, 0x00,
    0x00, 0x00, 0x00, 0x00, 0x00, 0x00, 0x00, 0x00,
    0x00, 0x00, 0x00, 0x00, 0x00, 0x00, 0x00, 0x00,
    0x00, 0x00, 0x00, 0x00, 0x00, 0x00, 0x00, 0x00,
    0x00, 0x00, 0x00, 0x00, 0x00, 0x00, 0x00, 0x00,
    0x00, 0x04, 0x9c, 0xff, 0xfd, 0xa4, 0x00, 0x00,
    0x00, 0x00, 0x00, 0x2c, 0xff, 0xff, 0xff, 0xff,
    0xfd, 0x30, 0x00, 0x00, 0x00, 0x4f, 0xff, 0xff,
    0xff, 0xff, 0xff, 0xff, 0x60, 0x00, 0x00, 0x3f,
    0xff, 0xff, 0xff, 0xff, 0xff, 0xff, 0xff, 0x40,
    0x00, 0x0d, 0xff, 0xff, 0xe6, 0x00, 0x05, 0xdf,
    0xff, 0xfe, 0x00, 0x05, 0xff, 0xff, 0xe2, 0x00,
    0x00, 0x01, 0xdf, 0xff, 0xf7, 0x00, 0xbf, 0xff,
    0xf7, 0x00, 0x00, 0x00, 0x04, 0xff, 0xff, 0xd0,
    0x0f, 0xff, 0xff, 0x00, 0x00, 0x00, 0x00, 0x0d,
    0xff, 0xff, 0x23, 0xff, 0xff, 0xc0, 0x00, 0x00,
    0x00, 0x00, 0x9f, 0xff, 0xf5, 0x4f, 0xff, 0xfa,
    0x00, 0x00, 0x00, 0x00, 0x07, 0xff, 0xff, 0x65,
    0xff, 0xff, 0x90, 0x00, 0x00, 0x00, 0x00, 0x6f,
    0xff, 0xf7, 0x4f, 0xff, 0xfa, 0x00, 0x00, 0x00,
    0x00, 0x07, 0xff, 0xff, 0x63, 0xff, 0xff, 0xc0,
    0x00, 0x00, 0x00, 0x00, 0x9f, 0xff, 0xf5, 0x0f,
    0xff, 0xff, 0x00, 0x00, 0x00, 0x00, 0x0d, 0xff,
    0xff, 0x20, 0xbf, 0xff, 0xf7, 0x00, 0x00, 0x00,
    0x04, 0xff, 0xff, 0xe0, 0x05, 0xff, 0xff, 0xe2,
    0x00, 0x00, 0x01, 0xdf, 0xff, 0xf7, 0x00, 0x0d,
    0xff, 0xff, 0xe6, 0x00, 0x05, 0xdf, 0xff, 0xfe,
    0x10, 0x00, 0x3f, 0xff, 0xff, 0xff, 0xff, 0xff,
    0xff, 0xff, 0x40, 0x00, 0x00, 0x4f, 0xff, 0xff,
    0xff, 0xff, 0xff, 0xff, 0x60, 0x00, 0x00, 0x00,
    0x2c, 0xff, 0xff, 0xff, 0xff, 0xfd, 0x30, 0x00,
    0x00, 0x00, 0x00, 0x04, 0x9d, 0xff, 0xfd, 0xa4,
    0x00, 0x00, 0x00,

    /* U+00F4 "ô" */
    0x00, 0x00, 0x00, 0x00, 0x58, 0x88, 0x50, 0x00,
    0x00, 0x00, 0x00, 0x00, 0x00, 0x00, 0x5f, 0xff,
    0xff, 0x60, 0x00, 0x00, 0x00, 0x00, 0x00, 0x00,
    0x4f, 0xff, 0xff, 0xff, 0x50, 0x00, 0x00, 0x00,
    0x00, 0x00, 0x3f, 0xff, 0xe2, 0xdf, 0xff, 0x40,
    0x00, 0x00, 0x00, 0x00, 0x3f, 0xff, 0xf3, 0x02,
    0xef, 0xff, 0x30, 0x00, 0x00, 0x00, 0x2e, 0xff,
    0xf5, 0x00, 0x03, 0xff, 0xfe, 0x20, 0x00, 0x00,
    0x00, 0x00, 0x00, 0x00, 0x00, 0x00, 0x00, 0x00,
    0x00, 0x00, 0x00, 0x00, 0x00, 0x00, 0x00, 0x00,
    0x00, 0x00, 0x00, 0x00, 0x00, 0x00, 0x00, 0x00,
    0x00, 0x00, 0x00, 0x00, 0x00, 0x00, 0x00, 0x00,
    0x00, 0x04, 0x9c, 0xff, 0xfd, 0xa4, 0x00, 0x00,
    0x00, 0x00, 0x00, 0x2c, 0xff, 0xff, 0xff, 0xff,
    0xfd, 0x30, 0x00, 0x00, 0x00, 0x4f, 0xff, 0xff,
    0xff, 0xff, 0xff, 0xff, 0x60, 0x00, 0x00, 0x3f,
    0xff, 0xff, 0xff, 0xff, 0xff, 0xff, 0xff, 0x40,
    0x00, 0x0d, 0xff, 0xff, 0xe6, 0x00, 0x05, 0xdf,
    0xff, 0xfe, 0x00, 0x05, 0xff, 0xff, 0xe2, 0x00,
    0x00, 0x01, 0xdf, 0xff, 0xf7, 0x00, 0xbf, 0xff,
    0xf7, 0x00, 0x00, 0x00, 0x04, 0xff, 0xff, 0xd0,
    0x0f, 0xff, 0xff, 0x00, 0x00, 0x00, 0x00, 0x0d,
    0xff, 0xff, 0x23, 0xff, 0xff, 0xc0, 0x00, 0x00,
    0x00, 0x00, 0x9f, 0xff, 0xf5, 0x4f, 0xff, 0xfa,
    0x00, 0x00, 0x00, 0x00, 0x07, 0xff, 0xff, 0x65,
    0xff, 0xff, 0x90, 0x00, 0x00, 0x00, 0x00, 0x6f,
    0xff, 0xf7, 0x4f, 0xff, 0xfa, 0x00, 0x00, 0x00,
    0x00, 0x07, 0xff, 0xff, 0x63, 0xff, 0xff, 0xc0,
    0x00, 0x00, 0x00, 0x00, 0x9f, 0xff, 0xf5, 0x0f,
    0xff, 0xff, 0x00, 0x00, 0x00, 0x00, 0x0d, 0xff,
    0xff, 0x20, 0xbf, 0xff, 0xf7, 0x00, 0x00, 0x00,
    0x04, 0xff, 0xff, 0xe0, 0x05, 0xff, 0xff, 0xe2,
    0x00, 0x00, 0x01, 0xdf, 0xff, 0xf7, 0x00, 0x0d,
    0xff, 0xff, 0xe6, 0x00, 0x05, 0xdf, 0xff, 0xfe,
    0x10, 0x00, 0x3f, 0xff, 0xff, 0xff, 0xff, 0xff,
    0xff, 0xff, 0x40, 0x00, 0x00, 0x4f, 0xff, 0xff,
    0xff, 0xff, 0xff, 0xff, 0x60, 0x00, 0x00, 0x00,
    0x2c, 0xff, 0xff, 0xff, 0xff, 0xfd, 0x30, 0x00,
    0x00, 0x00, 0x00, 0x04, 0x9d, 0xff, 0xfd, 0xa4,
    0x00, 0x00, 0x00,

    /* U+00F5 "õ" */
    0x00, 0x00, 0x00, 0x9e, 0xfa, 0x20, 0x02, 0xff,
    0x90, 0x00, 0x00, 0x00, 0x00, 0x9f, 0xff, 0xff,
    0x70, 0x8f, 0xf7, 0x00, 0x00, 0x00, 0x00, 0x1f,
    0xff, 0xef, 0xff, 0xff, 0xff, 0x20, 0x00, 0x00,
    0x00, 0x05, 0xff, 0x90, 0x4e, 0xff, 0xff, 0x90,
    0x00, 0x00, 0x00, 0x00, 0x6e, 0xe4, 0x00, 0x08,
    0xcd, 0x80, 0x00, 0x00, 0x00, 0x00, 0x00, 0x00,
    0x00, 0x00, 0x00, 0x00, 0x00, 0x00, 0x00, 0x00,
    0x00, 0x00, 0x00, 0x00, 0x00, 0x00, 0x00, 0x00,
    0x00, 0x00, 0x00, 0x00, 0x00, 0x00, 0x00, 0x00,
    0x00, 0x00, 0x00, 0x00, 0x00, 0x00, 0x00, 0x49,
    0xcf, 0xff, 0xda, 0x40, 0x00, 0x00, 0x00, 0x00,
    0x02, 0xcf, 0xff, 0xff, 0xff, 0xff, 0xd3, 0x00,
    0x00, 0x00, 0x04, 0xff, 0xff, 0xff, 0xff, 0xff,
    0xff, 0xf6, 0x00, 0x00, 0x03, 0xff, 0xff, 0xff,
    0xff, 0xff, 0xff, 0xff, 0xf4, 0x00, 0x00, 0xdf,
    0xff, 0xfe, 0x60, 0x00, 0x5d, 0xff, 0xff, 0xe0,
    0x00, 0x5f, 0xff, 0xfe, 0x20, 0x00, 0x00, 0x1d,
    0xff, 0xff, 0x70, 0x0b, 0xff, 0xff, 0x70, 0x00,
    0x00, 0x00, 0x4f, 0xff, 0xfd, 0x00, 0xff, 0xff,
    0xf0, 0x00, 0x00, 0x00, 0x00, 0xdf, 0xff, 0xf2,
    0x3f, 0xff, 0xfc, 0x00, 0x00, 0x00, 0x00, 0x09,
    0xff, 0xff, 0x54, 0xff, 0xff, 0xa0, 0x00, 0x00,
    0x00, 0x00, 0x7f, 0xff, 0xf6, 0x5f, 0xff, 0xf9,
    0x00, 0x00, 0x00, 0x00, 0x06, 0xff, 0xff, 0x74,
    0xff, 0xff, 0xa0, 0x00, 0x00, 0x00, 0x00, 0x7f,
    0xff, 0xf6, 0x3f, 0xff, 0xfc, 0x00, 0x00, 0x00,
    0x00, 0x09, 0xff, 0xff, 0x50, 0xff, 0xff, 0xf0,
    0x00, 0x00, 0x00, 0x00, 0xdf, 0xff, 0xf2, 0x0b,
    0xff, 0xff, 0x70, 0x00, 0x00, 0x00, 0x4f, 0xff,
    0xfe, 0x00, 0x5f, 0xff, 0xfe, 0x20, 0x00, 0x00,
    0x1d, 0xff, 0xff, 0x70, 0x00, 0xdf, 0xff, 0xfe,
    0x60, 0x00, 0x5d, 0xff, 0xff, 0xe1, 0x00, 0x03,
    0xff, 0xff, 0xff, 0xff, 0xff, 0xff, 0xff, 0xf4,
    0x00, 0x00, 0x04, 0xff, 0xff, 0xff, 0xff, 0xff,
    0xff, 0xf6, 0x00, 0x00, 0x00, 0x02, 0xcf, 0xff,
    0xff, 0xff, 0xff, 0xd3, 0x00, 0x00, 0x00, 0x00,
    0x00, 0x49, 0xdf, 0xff, 0xda, 0x40, 0x00, 0x00,
    0x00,

    /* U+00F6 "ö" */
    0x00, 0x00, 0x00, 0x00, 0x00, 0x00, 0x00, 0x00,
    0x00, 0x00, 0x00, 0x00, 0x02, 0xdf, 0xd3, 0x00,
    0x02, 0xcf, 0xd3, 0x00, 0x00, 0x00, 0x00, 0xdf,
    0xff, 0xd0, 0x00, 0xcf, 0xff, 0xe0, 0x00, 0x00,
    0x00, 0x0f, 0xff, 0xff, 0x00, 0x0f, 0xff, 0xff,
    0x20, 0x00, 0x00, 0x00, 0xcf, 0xff, 0xd0, 0x00,
    0xbf, 0xff, 0xe0, 0x00, 0x00, 0x00, 0x02, 0xbf,
    0xc2, 0x00, 0x01, 0xbf, 0xc3, 0x00, 0x00, 0x00,
    0x00, 0x00, 0x00, 0x00, 0x00, 0x00, 0x00, 0x00,
    0x00, 0x00, 0x00, 0x00, 0x00, 0x00, 0x00, 0x00,
    0x00, 0x00, 0x00, 0x00, 0x00, 0x00, 0x00, 0x00,
    0x00, 0x00, 0x00, 0x00, 0x00, 0x00, 0x00, 0x00,
    0x00, 0x04, 0x9c, 0xff, 0xfd, 0xa4, 0x00, 0x00,
    0x00, 0x00, 0x00, 0x2c, 0xff, 0xff, 0xff, 0xff,
    0xfd, 0x30, 0x00, 0x00, 0x00, 0x4f, 0xff, 0xff,
    0xff, 0xff, 0xff, 0xff, 0x60, 0x00, 0x00, 0x3f,
    0xff, 0xff, 0xff, 0xff, 0xff, 0xff, 0xff, 0x40,
    0x00, 0x0d, 0xff, 0xff, 0xe6, 0x00, 0x05, 0xdf,
    0xff, 0xfe, 0x00, 0x05, 0xff, 0xff, 0xe2, 0x00,
    0x00, 0x01, 0xdf, 0xff, 0xf7, 0x00, 0xbf, 0xff,
    0xf7, 0x00, 0x00, 0x00, 0x04, 0xff, 0xff, 0xd0,
    0x0f, 0xff, 0xff, 0x00, 0x00, 0x00, 0x00, 0x0d,
    0xff, 0xff, 0x23, 0xff, 0xff, 0xc0, 0x00, 0x00,
    0x00, 0x00, 0x9f, 0xff, 0xf5, 0x4f, 0xff, 0xfa,
    0x00, 0x00, 0x00, 0x00, 0x07, 0xff, 0xff, 0x65,
    0xff, 0xff, 0x90, 0x00, 0x00, 0x00, 0x00, 0x6f,
    0xff, 0xf7, 0x4f, 0xff, 0xfa, 0x00, 0x00, 0x00,
    0x00, 0x07, 0xff, 0xff, 0x63, 0xff, 0xff, 0xc0,
    0x00, 0x00, 0x00, 0x00, 0x9f, 0xff, 0xf5, 0x0f,
    0xff, 0xff, 0x00, 0x00, 0x00, 0x00, 0x0d, 0xff,
    0xff, 0x20, 0xbf, 0xff, 0xf7, 0x00, 0x00, 0x00,
    0x04, 0xff, 0xff, 0xe0, 0x05, 0xff, 0xff, 0xe2,
    0x00, 0x00, 0x01, 0xdf, 0xff, 0xf7, 0x00, 0x0d,
    0xff, 0xff, 0xe6, 0x00, 0x05, 0xdf, 0xff, 0xfe,
    0x10, 0x00, 0x3f, 0xff, 0xff, 0xff, 0xff, 0xff,
    0xff, 0xff, 0x40, 0x00, 0x00, 0x4f, 0xff, 0xff,
    0xff, 0xff, 0xff, 0xff, 0x60, 0x00, 0x00, 0x00,
    0x2c, 0xff, 0xff, 0xff, 0xff, 0xfd, 0x30, 0x00,
    0x00, 0x00, 0x00, 0x04, 0x9d, 0xff, 0xfd, 0xa4,
    0x00, 0x00, 0x00,

    /* U+00F7 "÷" */
    0x00, 0x00, 0x00, 0x01, 0xae, 0xd5, 0x00, 0x00,
    0x00, 0x00, 0x00, 0x00, 0x00, 0xbf, 0xff, 0xf4,
    0x00, 0x00, 0x00, 0x00, 0x00, 0x00, 0x1f, 0xff,
    0xff, 0xa0, 0x00, 0x00, 0x00, 0x00, 0x00, 0x01,
    0xff, 0xff, 0xf9, 0x00, 0x00, 0x00, 0x00, 0x00,
    0x00, 0x0a, 0xff, 0xff, 0x30, 0x00, 0x00, 0x00,
    0x00, 0x00, 0x00, 0x08, 0xdc, 0x40, 0x00, 0x00,
    0x00, 0x00, 0x00, 0x00, 0x00, 0x00, 0x00, 0x00,
    0x00, 0x00, 0x00, 0x00, 0x00, 0x00, 0x00, 0x00,
    0x00, 0x00, 0x00, 0x00, 0x5f, 0xff, 0xff, 0xff,
    0xff, 0xff, 0xff, 0xff, 0xff, 0xf5, 0xff, 0xff,
    0xff, 0xff, 0xff, 0xff, 0xff, 0xff, 0xff, 0x5f,
    0xff, 0xff, 0xff, 0xff, 0xff, 0xff, 0xff, 0xff,
    0xf5, 0xff, 0xff, 0xff, 0xff, 0xff, 0xff, 0xff,
    0xff, 0xff, 0x00, 0x00, 0x00, 0x00, 0x00, 0x00,
    0x00, 0x00, 0x00, 0x00, 0x00, 0x00, 0x00, 0x00,
    0x00, 0x00, 0x00, 0x00, 0x00, 0x00, 0x00, 0x00,
    0x00, 0x00, 0x00, 0x00, 0x00, 0x00, 0x00, 0x00,
    0x00, 0x00, 0x1a, 0xfd, 0x50, 0x00, 0x00, 0x00,
    0x00, 0x00, 0x00, 0x0b, 0xff, 0xff, 0x40, 0x00,
    0x00, 0x00, 0x00, 0x00, 0x01, 0xff, 0xff, 0xfa,
    0x00, 0x00, 0x00, 0x00, 0x00, 0x00, 0x1f, 0xff,
    0xff, 0x90, 0x00, 0x00, 0x00, 0x00, 0x00, 0x00,
    0xaf, 0xff, 0xf3, 0x00, 0x00, 0x00, 0x00, 0x00,
    0x00, 0x00, 0x8d, 0xb4, 0x00, 0x00, 0x00, 0x00,

    /* U+00F8 "ø" */
    0x00, 0x00, 0x00, 0x00, 0x00, 0x00, 0x00, 0x00,
    0x00, 0x50, 0x00, 0x00, 0x00, 0x04, 0x9c, 0xff,
    0xfd, 0xa4, 0x00, 0x5f, 0xc1, 0x00, 0x00, 0x2c,
    0xff, 0xff, 0xff, 0xff, 0xfd, 0x7f, 0xff, 0x30,
    0x00, 0x4f, 0xff, 0xff, 0xff, 0xff, 0xff, 0xff,
    0xff, 0x50, 0x00, 0x3f, 0xff, 0xff, 0xff, 0xff,
    0xff, 0xff, 0xff, 0xc0, 0x00, 0x0d, 0xff, 0xff,
    0xe6, 0x00, 0x05, 0xef, 0xff, 0xfe, 0x00, 0x05,
    0xff, 0xff, 0xe2, 0x00, 0x00, 0x0c, 0xff, 0xff,
    0xf7, 0x00, 0xbf, 0xff, 0xf7, 0x00, 0x00, 0x09,
    0xff, 0xff, 0xff, 0xd0, 0x0f, 0xff, 0xff, 0x00,
    0x00, 0x07, 0xff, 0xef, 0xff, 0xff, 0x23, 0xff,
    0xff, 0xc0, 0x00, 0x05, 0xff, 0xf2, 0x9f, 0xff,
    0xf5, 0x4f, 0xff, 0xfa, 0x00, 0x03, 0xff, 0xf4,
    0x07, 0xff, 0xff, 0x65, 0xff, 0xff, 0x90, 0x02,
    0xef, 0xf6, 0x00, 0x6f, 0xff, 0xf7, 0x4f, 0xff,
    0xfa, 0x01, 0xdf, 0xf8, 0x00, 0x07, 0xff, 0xff,
    0x63, 0xff, 0xff, 0xc0, 0xcf, 0xfa, 0x00, 0x00,
    0x9f, 0xff, 0xf5, 0x0f, 0xff, 0xff, 0xbf, 0xfb,
    0x00, 0x00, 0x0d, 0xff, 0xff, 0x20, 0xbf, 0xff,
    0xff, 0xfd, 0x10, 0x00, 0x04, 0xff, 0xff, 0xe0,
    0x05, 0xff, 0xff, 0xff, 0x10, 0x00, 0x01, 0xdf,
    0xff, 0xf7, 0x00, 0x0d, 0xff, 0xff, 0xf6, 0x00,
    0x05, 0xdf, 0xff, 0xfe, 0x10, 0x00, 0x6f, 0xff,
    0xff, 0xff, 0xff, 0xff, 0xff, 0xff, 0x40, 0x00,
    0x2e, 0xff, 0xff, 0xff, 0xff, 0xff, 0xff, 0xff,
    0x60, 0x00, 0x1d, 0xff, 0xbc, 0xff, 0xff, 0xff,
    0xff, 0xfd, 0x30, 0x00, 0x02, 0xef, 0xa0, 0x04,
    0x9d, 0xff, 0xfd, 0xa4, 0x00, 0x00, 0x00, 0x01,
    0x90, 0x00, 0x00, 0x00, 0x00, 0x00, 0x00, 0x00,
    0x00, 0x00,

    /* U+00F9 "ù" */
    0x00, 0x00, 0x8f, 0xff, 0xf1, 0x00, 0x00, 0x00,
    0x00, 0x00, 0x00, 0x00, 0xdf, 0xff, 0x80, 0x00,
    0x00, 0x00, 0x00, 0x00, 0x00, 0x03, 0xff, 0xff,
    0x00, 0x00, 0x00, 0x00, 0x00, 0x00, 0x00, 0x08,
    0xff, 0xf7, 0x00, 0x00, 0x00, 0x00, 0x00, 0x00,
    0x00, 0x0d, 0xff, 0xe0, 0x00, 0x00, 0x00, 0x00,
    0x00, 0x00, 0x00, 0x3b, 0xbb, 0x30, 0x00, 0x00,
    0x00, 0x00, 0x00, 0x00, 0x00, 0x00, 0x00, 0x00,
    0x00, 0x00, 0x00, 0x00, 0x00, 0x00, 0x00, 0x00,
    0x00, 0x00, 0x00, 0x00, 0x7f, 0xff, 0xf6, 0x00,
    0x00, 0x00, 0x02, 0xff, 0xff, 0xb7, 0xff, 0xff,
    0x60, 0x00, 0x00, 0x00, 0x2f, 0xff, 0xfb, 0x7f,
    0xff, 0xf6, 0x00, 0x00, 0x00, 0x02, 0xff, 0xff,
    0xb7, 0xff, 0xff, 0x60, 0x00, 0x00, 0x00, 0x2f,
    0xff, 0xfb, 0x7f, 0xff, 0xf6, 0x00, 0x00, 0x00,
    0x02, 0xff, 0xff, 0xb7, 0xff, 0xff, 0x60, 0x00,
    0x00, 0x00, 0x2f, 0xff, 0xfb, 0x7f, 0xff, 0xf6,
    0x00, 0x00, 0x00, 0x02, 0xff, 0xff, 0xb7, 0xff,
    0xff, 0x60, 0x00, 0x00, 0x00, 0x2f, 0xff, 0xfb,
    0x7f, 0xff, 0xf6, 0x00, 0x00, 0x00, 0x02, 0xff,
    0xff, 0xb7, 0xff, 0xff, 0x60, 0x00, 0x00, 0x00,
    0x2f, 0xff, 0xfb, 0x7f, 0xff, 0xf6, 0x00, 0x00,
    0x00, 0x02, 0xff, 0xff, 0xb7, 0xff, 0xff, 0x60,
    0x00, 0x00, 0x00, 0x2f, 0xff, 0xfb, 0x7f, 0xff,
    0xf6, 0x00, 0x00, 0x00, 0x02, 0xff, 0xff, 0xb6,
    0xff, 0xff, 0x70, 0x00, 0x00, 0x00, 0x4f, 0xff,
    0xfb, 0x5f, 0xff, 0xfc, 0x00, 0x00, 0x00, 0x0a,
    0xff, 0xff, 0xb2, 0xff, 0xff, 0xf5, 0x00, 0x00,
    0x04, 0xff, 0xff, 0xfb, 0x0d, 0xff, 0xff, 0xf8,
    0x32, 0x39, 0xff, 0xff, 0xff, 0xb0, 0x7f, 0xff,
    0xff, 0xff, 0xff, 0xff, 0xbe, 0xff, 0xfb, 0x00,
    0xcf, 0xff, 0xff, 0xff, 0xff, 0xe2, 0xef, 0xff,
    0xb0, 0x01, 0xbf, 0xff, 0xff, 0xff, 0xe3, 0x0e,
    0xff, 0xfb, 0x00, 0x00, 0x5b, 0xdf, 0xfc, 0x70,
    0x00, 0xef, 0xff, 0xb0,

    /* U+00FA "ú" */
    0x00, 0x00, 0x00, 0x00, 0x00, 0xdf, 0xff, 0xb0,
    0x00, 0x00, 0x00, 0x00, 0x00, 0x00, 0x4f, 0xff,
    0xf1, 0x00, 0x00, 0x00, 0x00, 0x00, 0x00, 0x0c,
    0xff, 0xf6, 0x00, 0x00, 0x00, 0x00, 0x00, 0x00,
    0x03, 0xff, 0xfb, 0x00, 0x00, 0x00, 0x00, 0x00,
    0x00, 0x00, 0xaf, 0xff, 0x20, 0x00, 0x00, 0x00,
    0x00, 0x00, 0x00, 0x0a, 0xbb, 0x50, 0x00, 0x00,
    0x00, 0x00, 0x00, 0x00, 0x00, 0x00, 0x00, 0x00,
    0x00, 0x00, 0x00, 0x00, 0x00, 0x00, 0x00, 0x00,
    0x00, 0x00, 0x00, 0x00, 0x7f, 0xff, 0xf6, 0x00,
    0x00, 0x00, 0x02, 0xff, 0xff, 0xb7, 0xff, 0xff,
    0x60, 0x00, 0x00, 0x00, 0x2f, 0xff, 0xfb, 0x7f,
    0xff, 0xf6, 0x00, 0x00, 0x00, 0x02, 0xff, 0xff,
    0xb7, 0xff, 0xff, 0x60, 0x00, 0x00, 0x00, 0x2f,
    0xff, 0xfb, 0x7f, 0xff, 0xf6, 0x00, 0x00, 0x00,
    0x02, 0xff, 0xff, 0xb7, 0xff, 0xff, 0x60, 0x00,
    0x00, 0x00, 0x2f, 0xff, 0xfb, 0x7f, 0xff, 0xf6,
    0x00, 0x00, 0x00, 0x02, 0xff, 0xff, 0xb7, 0xff,
    0xff, 0x60, 0x00, 0x00, 0x00, 0x2f, 0xff, 0xfb,
    0x7f, 0xff, 0xf6, 0x00, 0x00, 0x00, 0x02, 0xff,
    0xff, 0xb7, 0xff, 0xff, 0x60, 0x00, 0x00, 0x00,
    0x2f, 0xff, 0xfb, 0x7f, 0xff, 0xf6, 0x00, 0x00,
    0x00, 0x02, 0xff, 0xff, 0xb7, 0xff, 0xff, 0x60,
    0x00, 0x00, 0x00, 0x2f, 0xff, 0xfb, 0x7f, 0xff,
    0xf6, 0x00, 0x00, 0x00, 0x02, 0xff, 0xff, 0xb6,
    0xff, 0xff, 0x70, 0x00, 0x00, 0x00, 0x4f, 0xff,
    0xfb, 0x5f, 0xff, 0xfc, 0x00, 0x00, 0x00, 0x0a,
    0xff, 0xff, 0xb2, 0xff, 0xff, 0xf5, 0x00, 0x00,
    0x04, 0xff, 0xff, 0xfb, 0x0d, 0xff, 0xff, 0xf8,
    0x32, 0x39, 0xff, 0xff, 0xff, 0xb0, 0x7f, 0xff,
    0xff, 0xff, 0xff, 0xff, 0xbe, 0xff, 0xfb, 0x00,
    0xcf, 0xff, 0xff, 0xff, 0xff, 0xe2, 0xef, 0xff,
    0xb0, 0x01, 0xbf, 0xff, 0xff, 0xff, 0xe3, 0x0e,
    0xff, 0xfb, 0x00, 0x00, 0x5b, 0xdf, 0xfc, 0x70,
    0x00, 0xef, 0xff, 0xb0,

    /* U+00FB "û" */
    0x00, 0x00, 0x00, 0x04, 0x88, 0x86, 0x00, 0x00,
    0x00, 0x00, 0x00, 0x00, 0x04, 0xff, 0xff, 0xf7,
    0x00, 0x00, 0x00, 0x00, 0x00, 0x03, 0xff, 0xff,
    0xff, 0xf6, 0x00, 0x00, 0x00, 0x00, 0x03, 0xff,
    0xfe, 0x2c, 0xff, 0xf5, 0x00, 0x00, 0x00, 0x02,
    0xef, 0xff, 0x30, 0x1e, 0xff, 0xf4, 0x00, 0x00,
    0x01, 0xef, 0xff, 0x60, 0x00, 0x3f, 0xff, 0xf3,
    0x00, 0x00, 0x00, 0x00, 0x00, 0x00, 0x00, 0x00,
    0x00, 0x00, 0x00, 0x00, 0x00, 0x00, 0x00, 0x00,
    0x00, 0x00, 0x00, 0x00, 0x00, 0x00, 0x00, 0x00,
    0x00, 0x00, 0x00, 0x00, 0x00, 0x07, 0xff, 0xff,
    0x60, 0x00, 0x00, 0x00, 0x2f, 0xff, 0xfb, 0x7f,
    0xff, 0xf6, 0x00, 0x00, 0x00, 0x02, 0xff, 0xff,
    0xb7, 0xff, 0xff, 0x60, 0x00, 0x00, 0x00, 0x2f,
    0xff, 0xfb, 0x7f, 0xff, 0xf6, 0x00, 0x00, 0x00,
    0x02, 0xff, 0xff, 0xb7, 0xff, 0xff, 0x60, 0x00,
    0x00, 0x00, 0x2f, 0xff, 0xfb, 0x7f, 0xff, 0xf6,
    0x00, 0x00, 0x00, 0x02, 0xff, 0xff, 0xb7, 0xff,
    0xff, 0x60, 0x00, 0x00, 0x00, 0x2f, 0xff, 0xfb,
    0x7f, 0xff, 0xf6, 0x00, 0x00, 0x00, 0x02, 0xff,
    0xff, 0xb7, 0xff, 0xff, 0x60, 0x00, 0x00, 0x00,
    0x2f, 0xff, 0xfb, 0x7f, 0xff, 0xf6, 0x00, 0x00,
    0x00, 0x02, 0xff, 0xff, 0xb7, 0xff, 0xff, 0x60,
    0x00, 0x00, 0x00, 0x2f, 0xff, 0xfb, 0x7f, 0xff,
    0xf6, 0x00, 0x00, 0x00, 0x02, 0xff, 0xff, 0xb7,
    0xff, 0xff, 0x60, 0x00, 0x00, 0x00, 0x2f, 0xff,
    0xfb, 0x6f, 0xff, 0xf7, 0x00, 0x00, 0x00, 0x04,
    0xff, 0xff, 0xb5, 0xff, 0xff, 0xc0, 0x00, 0x00,
    0x00, 0xaf, 0xff, 0xfb, 0x2f, 0xff, 0xff, 0x50,
    0x00, 0x00, 0x4f, 0xff, 0xff, 0xb0, 0xdf, 0xff,
    0xff, 0x83, 0x23, 0x9f, 0xff, 0xff, 0xfb, 0x07,
    0xff, 0xff, 0xff, 0xff, 0xff, 0xfb, 0xef, 0xff,
    0xb0, 0x0c, 0xff, 0xff, 0xff, 0xff, 0xfe, 0x2e,
    0xff, 0xfb, 0x00, 0x1b, 0xff, 0xff, 0xff, 0xfe,
    0x30, 0xef, 0xff, 0xb0, 0x00, 0x05, 0xbd, 0xff,
    0xc7, 0x00, 0x0e, 0xff, 0xfb,

    /* U+00FC "ü" */
    0x00, 0x00, 0x00, 0x00, 0x00, 0x00, 0x00, 0x00,
    0x00, 0x00, 0x00, 0x2c, 0xfd, 0x30, 0x00, 0x1b,
    0xfe, 0x40, 0x00, 0x00, 0x0b, 0xff, 0xfe, 0x00,
    0x0a, 0xff, 0xff, 0x10, 0x00, 0x00, 0xef, 0xff,
    0xf1, 0x00, 0xdf, 0xff, 0xf3, 0x00, 0x00, 0x0b,
    0xff, 0xfe, 0x00, 0x0a, 0xff, 0xfe, 0x00, 0x00,
    0x00, 0x1b, 0xfc, 0x30, 0x00, 0x1a, 0xfd, 0x30,
    0x00, 0x00, 0x00, 0x00, 0x00, 0x00, 0x00, 0x00,
    0x00, 0x00, 0x00, 0x00, 0x00, 0x00, 0x00, 0x00,
    0x00, 0x00, 0x00, 0x00, 0x00, 0x00, 0x00, 0x00,
    0x00, 0x00, 0x00, 0x00, 0x00, 0x07, 0xff, 0xff,
    0x60, 0x00, 0x00, 0x00, 0x2f, 0xff, 0xfb, 0x7f,
    0xff, 0xf6, 0x00, 0x00, 0x00, 0x02, 0xff, 0xff,
    0xb7, 0xff, 0xff, 0x60, 0x00, 0x00, 0x00, 0x2f,
    0xff, 0xfb, 0x7f, 0xff, 0xf6, 0x00, 0x00, 0x00,
    0x02, 0xff, 0xff, 0xb7, 0xff, 0xff, 0x60, 0x00,
    0x00, 0x00, 0x2f, 0xff, 0xfb, 0x7f, 0xff, 0xf6,
    0x00, 0x00, 0x00, 0x02, 0xff, 0xff, 0xb7, 0xff,
    0xff, 0x60, 0x00, 0x00, 0x00, 0x2f, 0xff, 0xfb,
    0x7f, 0xff, 0xf6, 0x00, 0x00, 0x00, 0x02, 0xff,
    0xff, 0xb7, 0xff, 0xff, 0x60, 0x00, 0x00, 0x00,
    0x2f, 0xff, 0xfb, 0x7f, 0xff, 0xf6, 0x00, 0x00,
    0x00, 0x02, 0xff, 0xff, 0xb7, 0xff, 0xff, 0x60,
    0x00, 0x00, 0x00, 0x2f, 0xff, 0xfb, 0x7f, 0xff,
    0xf6, 0x00, 0x00, 0x00, 0x02, 0xff, 0xff, 0xb7,
    0xff, 0xff, 0x60, 0x00, 0x00, 0x00, 0x2f, 0xff,
    0xfb, 0x6f, 0xff, 0xf7, 0x00, 0x00, 0x00, 0x04,
    0xff, 0xff, 0xb5, 0xff, 0xff, 0xc0, 0x00, 0x00,
    0x00, 0xaf, 0xff, 0xfb, 0x2f, 0xff, 0xff, 0x50,
    0x00, 0x00, 0x4f, 0xff, 0xff, 0xb0, 0xdf, 0xff,
    0xff, 0x83, 0x23, 0x9f, 0xff, 0xff, 0xfb, 0x07,
    0xff, 0xff, 0xff, 0xff, 0xff, 0xfb, 0xef, 0xff,
    0xb0, 0x0c, 0xff, 0xff, 0xff, 0xff, 0xfe, 0x2e,
    0xff, 0xfb, 0x00, 0x1b, 0xff, 0xff, 0xff, 0xfe,
    0x30, 0xef, 0xff, 0xb0, 0x00, 0x05, 0xbd, 0xff,
    0xc7, 0x00, 0x0e, 0xff, 0xfb,

    /* U+00FD "ý" */
    0x00, 0x00, 0x00, 0x00, 0x00, 0x04, 0xff, 0xff,
    0x40, 0x00, 0x00, 0x00, 0x00, 0x00, 0x00, 0x00,
    0x0b, 0xff, 0xfa, 0x00, 0x00, 0x00, 0x00, 0x00,
    0x00, 0x00, 0x00, 0x2f, 0xff, 0xe1, 0x00, 0x00,
    0x00, 0x00, 0x00, 0x00, 0x00, 0x00, 0x9f, 0xff,
    0x50, 0x00, 0x00, 0x00, 0x00, 0x00, 0x00, 0x00,
    0x01, 0xff, 0xfa, 0x00, 0x00, 0x00, 0x00, 0x00,
    0x00, 0x00, 0x00, 0x05, 0xbb, 0xa1, 0x00, 0x00,
    0x00, 0x00, 0x00, 0x00, 0x00, 0x00, 0x00, 0x00,
    0x00, 0x00, 0x00, 0x00, 0x00, 0x00, 0x00, 0x00,
    0x00, 0x00, 0x00, 0x00, 0x00, 0x00, 0x00, 0x00,
    0x1f, 0xff, 0xff, 0x10, 0x00, 0x00, 0x00, 0x00,
    0xaf, 0xff, 0xf7, 0x0b, 0xff, 0xff, 0x50, 0x00,
    0x00, 0x00, 0x00, 0xff, 0xff, 0xf1, 0x05, 0xff,
    0xff, 0xb0, 0x00, 0x00, 0x00, 0x05, 0xff, 0xff,
    0xb0, 0x00, 0xff, 0xff, 0xf0, 0x00, 0x00, 0x00,
    0x0a, 0xff, 0xff, 0x50, 0x00, 0x9f, 0xff, 0xf5,
    0x00, 0x00, 0x00, 0x0f, 0xff, 0xfe, 0x00, 0x00,
    0x3f, 0xff, 0xfb, 0x00, 0x00, 0x00, 0x5f, 0xff,
    0xf9, 0x00, 0x00, 0x0d, 0xff, 0xff, 0x00, 0x00,
    0x00, 0xbf, 0xff, 0xf3, 0x00, 0x00, 0x07, 0xff,
    0xff, 0x50, 0x00, 0x00, 0xff, 0xff, 0xd0, 0x00,
    0x00, 0x02, 0xff, 0xff, 0xb0, 0x00, 0x06, 0xff,
    0xff, 0x70, 0x00, 0x00, 0x00, 0xcf, 0xff, 0xf0,
    0x00, 0x0b, 0xff, 0xff, 0x10, 0x00, 0x00, 0x00,
    0x6f, 0xff, 0xf5, 0x00, 0x1f, 0xff, 0xfb, 0x00,
    0x00, 0x00, 0x00, 0x0f, 0xff, 0xfa, 0x00, 0x6f,
    0xff, 0xf5, 0x00, 0x00, 0x00, 0x00, 0x0a, 0xff,
    0xff, 0x00, 0xbf, 0xff, 0xe0, 0x00, 0x00, 0x00,
    0x00, 0x04, 0xff, 0xff, 0x30, 0xff, 0xff, 0x90,
    0x00, 0x00, 0x00, 0x00, 0x00, 0xef, 0xff, 0x74,
    0xff, 0xff, 0x30, 0x00, 0x00, 0x00, 0x00, 0x00,
    0x8f, 0xff, 0xc8, 0xff, 0xfd, 0x00, 0x00, 0x00,
    0x00, 0x00, 0x00, 0x2f, 0xff, 0xfd, 0xff, 0xf7,
    0x00, 0x00, 0x00, 0x00, 0x00, 0x00, 0x0c, 0xff,
    0xff, 0xff, 0xf1, 0x00, 0x00, 0x00, 0x00, 0x00,
    0x00, 0x06, 0xff, 0xff, 0xff, 0xb0, 0x00, 0x00,
    0x00, 0x00, 0x00, 0x00, 0x01, 0xff, 0xff, 0xff,
    0x50, 0x00, 0x00, 0x00, 0x00, 0x00, 0x00, 0x00,
    0xaf, 0xff, 0xfe, 0x00, 0x00, 0x00, 0x00, 0x00,
    0x00, 0x00, 0x00, 0x8f, 0xff, 0xf8, 0x00, 0x00,
    0x00, 0x00, 0x00, 0x00, 0x00, 0x00, 0xcf, 0xff,
    0xf2, 0x00, 0x00, 0x00, 0x00, 0x00, 0x00, 0x00,
    0x02, 0xff, 0xff, 0xc0, 0x00, 0x00, 0x00, 0x00,
    0x00, 0x02, 0x10, 0x2c, 0xff, 0xff, 0x50, 0x00,
    0x00, 0x00, 0x00, 0x00, 0x0c, 0xff, 0xff, 0xff,
    0xfd, 0x00, 0x00, 0x00, 0x00, 0x00, 0x00, 0x1f,
    0xff, 0xff, 0xff, 0xf3, 0x00, 0x00, 0x00, 0x00,
    0x00, 0x00, 0x5f, 0xff, 0xff, 0xfe, 0x40, 0x00,
    0x00, 0x00, 0x00, 0x00, 0x00, 0x5c, 0xef, 0xec,
    0x71, 0x00, 0x00, 0x00, 0x00, 0x00, 0x00,

    /* U+00FE "þ" */
    0x7f, 0xff, 0xf6, 0x00, 0x00, 0x00, 0x00, 0x00,
    0x00, 0x00, 0x07, 0xff, 0xff, 0x60, 0x00, 0x00,
    0x00, 0x00, 0x00, 0x00, 0x00, 0x7f, 0xff, 0xf6,
    0x00, 0x00, 0x00, 0x00, 0x00, 0x00, 0x00, 0x07,
    0xff, 0xff, 0x60, 0x00, 0x00, 0x00, 0x00, 0x00,
    0x00, 0x00, 0x7f, 0xff, 0xf6, 0x00, 0x00, 0x00,
    0x00, 0x00, 0x00, 0x00, 0x07, 0xff, 0xff, 0x60,
    0x00, 0x00, 0x00, 0x00, 0x00, 0x00, 0x00, 0x7f,
    0xff, 0xf6, 0x00, 0x00, 0x00, 0x00, 0x00, 0x00,
    0x00, 0x07, 0xff, 0xff, 0x60, 0x05, 0xbe, 0xfe,
    0xc7, 0x00, 0x00, 0x00, 0x7f, 0xff, 0xf6, 0x0b,
    0xff, 0xff, 0xff, 0xfe, 0x50, 0x00, 0x07, 0xff,
    0xff, 0x6a, 0xff, 0xff, 0xff, 0xff, 0xff, 0x60,
    0x00, 0x7f, 0xff, 0xfb, 0xff, 0xff, 0xff, 0xff,
    0xff, 0xff, 0x30, 0x07, 0xff, 0xff, 0xff, 0xc4,
    0x10, 0x29, 0xff, 0xff, 0xfc, 0x00, 0x7f, 0xff,
    0xff, 0xc0, 0x00, 0x00, 0x06, 0xff, 0xff, 0xf3,
    0x07, 0xff, 0xff, 0xf2, 0x00, 0x00, 0x00, 0x0b,
    0xff, 0xff, 0x90, 0x7f, 0xff, 0xfb, 0x00, 0x00,
    0x00, 0x00, 0x5f, 0xff, 0xfc, 0x07, 0xff, 0xff,
    0x70, 0x00, 0x00, 0x00, 0x01, 0xff, 0xff, 0xf0,
    0x7f, 0xff, 0xf5, 0x00, 0x00, 0x00, 0x00, 0x0f,
    0xff, 0xff, 0x07, 0xff, 0xff, 0x50, 0x00, 0x00,
    0x00, 0x00, 0xef, 0xff, 0xf1, 0x7f, 0xff, 0xf6,
    0x00, 0x00, 0x00, 0x00, 0x0f, 0xff, 0xff, 0x07,
    0xff, 0xff, 0x70, 0x00, 0x00, 0x00, 0x01, 0xff,
    0xff, 0xf0, 0x7f, 0xff, 0xfc, 0x00, 0x00, 0x00,
    0x00, 0x5f, 0xff, 0xfc, 0x07, 0xff, 0xff, 0xf2,
    0x00, 0x00, 0x00, 0x0c, 0xff, 0xff, 0x90, 0x7f,
    0xff, 0xff, 0xc0, 0x00, 0x00, 0x07, 0xff, 0xff,
    0xf3, 0x07, 0xff, 0xff, 0xff, 0xc4, 0x10, 0x29,
    0xff, 0xff, 0xfc, 0x00, 0x7f, 0xff, 0xfb, 0xff,
    0xff, 0xff, 0xff, 0xff, 0xff, 0x30, 0x07, 0xff,
    0xff, 0x6a, 0xff, 0xff, 0xff, 0xff, 0xff, 0x60,
    0x00, 0x7f, 0xff, 0xf6, 0x0b, 0xff, 0xff, 0xff,
    0xfe, 0x50, 0x00, 0x07, 0xff, 0xff, 0x60, 0x05,
    0xbe, 0xfe, 0xc7, 0x00, 0x00, 0x00, 0x7f, 0xff,
    0xf6, 0x00, 0x00, 0x00, 0x00, 0x00, 0x00, 0x00,
    0x07, 0xff, 0xff, 0x60, 0x00, 0x00, 0x00, 0x00,
    0x00, 0x00, 0x00, 0x7f, 0xff, 0xf6, 0x00, 0x00,
    0x00, 0x00, 0x00, 0x00, 0x00, 0x07, 0xff, 0xff,
    0x60, 0x00, 0x00, 0x00, 0x00, 0x00, 0x00, 0x00,
    0x7f, 0xff, 0xf6, 0x00, 0x00, 0x00, 0x00, 0x00,
    0x00, 0x00, 0x07, 0xff, 0xff, 0x60, 0x00, 0x00,
    0x00, 0x00, 0x00, 0x00, 0x00, 0x7f, 0xff, 0xf6,
    0x00, 0x00, 0x00, 0x00, 0x00, 0x00, 0x00, 0x07,
    0xff, 0xff, 0x60, 0x00, 0x00, 0x00, 0x00, 0x00,
    0x00, 0x00,

    /* U+00FF "ÿ" */
    0x00, 0x00, 0x05, 0xde, 0x90, 0x00, 0x04, 0xdf,
    0xa0, 0x00, 0x00, 0x00, 0x00, 0x2f, 0xff, 0xf7,
    0x00, 0x1f, 0xff, 0xf8, 0x00, 0x00, 0x00, 0x00,
    0x5f, 0xff, 0xfb, 0x00, 0x4f, 0xff, 0xfc, 0x00,
    0x00, 0x00, 0x00, 0x2f, 0xff, 0xf8, 0x00, 0x1f,
    0xff, 0xf9, 0x00, 0x00, 0x00, 0x00, 0x06, 0xff,
    0xa0, 0x00, 0x05, 0xef, 0xb1, 0x00, 0x00, 0x00,
    0x00, 0x00, 0x00, 0x00, 0x00, 0x00, 0x00, 0x00,
    0x00, 0x00, 0x00, 0x00, 0x00, 0x00, 0x00, 0x00,
    0x00, 0x00, 0x00, 0x00, 0x00, 0x00, 0x00, 0x00,
    0x00, 0x00, 0x00, 0x00, 0x00, 0x00, 0x00, 0x00,
    0x1f, 0xff, 0xff, 0x10, 0x00, 0x00, 0x00, 0x00,
    0xaf, 0xff, 0xf7, 0x0b, 0xff, 0xff, 0x50, 0x00,
    0x00, 0x00, 0x00, 0xff, 0xff, 0xf1, 0x05, 0xff,
    0xff, 0xb0, 0x00, 0x00, 0x00, 0x05, 0xff, 0xff,
    0xb0, 0x00, 0xff, 0xff, 0xf0, 0x00, 0x00, 0x00,
    0x0a, 0xff, 0xff, 0x50, 0x00, 0x9f, 0xff, 0xf5,
    0x00, 0x00, 0x00, 0x0f, 0xff, 0xfe, 0x00, 0x00,
    0x3f, 0xff, 0xfb, 0x00, 0x00, 0x00, 0x5f, 0xff,
    0xf9, 0x00, 0x00, 0x0d, 0xff, 0xff, 0x00, 0x00,
    0x00, 0xbf, 0xff, 0xf3, 0x00, 0x00, 0x07, 0xff,
    0xff, 0x50, 0x00, 0x00, 0xff, 0xff, 0xd0, 0x00,
    0x00, 0x02, 0xff, 0xff, 0xb0, 0x00, 0x06, 0xff,
    0xff, 0x70, 0x00, 0x00, 0x00, 0xcf, 0xff, 0xf0,
    0x00, 0x0b, 0xff, 0xff, 0x10, 0x00, 0x00, 0x00,
    0x6f, 0xff, 0xf5, 0x00, 0x1f, 0xff, 0xfb, 0x00,
    0x00, 0x00, 0x00, 0x0f, 0xff, 0xfa, 0x00, 0x6f,
    0xff, 0xf5, 0x00, 0x00, 0x00, 0x00, 0x0a, 0xff,
    0xff, 0x00, 0xbf, 0xff, 0xe0, 0x00, 0x00, 0x00,
    0x00, 0x04, 0xff, 0xff, 0x30, 0xff, 0xff, 0x90,
    0x00, 0x00, 0x00, 0x00, 0x00, 0xef, 0xff, 0x74,
    0xff, 0xff, 0x30, 0x00, 0x00, 0x00, 0x00, 0x00,
    0x8f, 0xff, 0xc8, 0xff, 0xfd, 0x00, 0x00, 0x00,
    0x00, 0x00, 0x00, 0x2f, 0xff, 0xfd, 0xff, 0xf7,
    0x00, 0x00, 0x00, 0x00, 0x00, 0x00, 0x0c, 0xff,
    0xff, 0xff, 0xf1, 0x00, 0x00, 0x00, 0x00, 0x00,
    0x00, 0x06, 0xff, 0xff, 0xff, 0xb0, 0x00, 0x00,
    0x00, 0x00, 0x00, 0x00, 0x01, 0xff, 0xff, 0xff,
    0x50, 0x00, 0x00, 0x00, 0x00, 0x00, 0x00, 0x00,
    0xaf, 0xff, 0xfe, 0x00, 0x00, 0x00, 0x00, 0x00,
    0x00, 0x00, 0x00, 0x8f, 0xff, 0xf8, 0x00, 0x00,
    0x00, 0x00, 0x00, 0x00, 0x00, 0x00, 0xcf, 0xff,
    0xf2, 0x00, 0x00, 0x00, 0x00, 0x00, 0x00, 0x00,
    0x02, 0xff, 0xff, 0xc0, 0x00, 0x00, 0x00, 0x00,
    0x00, 0x02, 0x10, 0x2c, 0xff, 0xff, 0x50, 0x00,
    0x00, 0x00, 0x00, 0x00, 0x0c, 0xff, 0xff, 0xff,
    0xfd, 0x00, 0x00, 0x00, 0x00, 0x00, 0x00, 0x1f,
    0xff, 0xff, 0xff, 0xf3, 0x00, 0x00, 0x00, 0x00,
    0x00, 0x00, 0x5f, 0xff, 0xff, 0xfe, 0x40, 0x00,
    0x00, 0x00, 0x00, 0x00, 0x00, 0x5c, 0xef, 0xec,
    0x71, 0x00, 0x00, 0x00, 0x00, 0x00, 0x00,

    /* U+0100 "Ā" */
    0x00, 0x00, 0x00, 0x00, 0x8f, 0xff, 0xff, 0xff,
    0xff, 0xf1, 0x00, 0x00, 0x00, 0x00, 0x00, 0x00,
    0x00, 0x08, 0xff, 0xff, 0xff, 0xff, 0xff, 0x10,
    0x00, 0x00, 0x00, 0x00, 0x00, 0x00, 0x00, 0x8f,
    0xff, 0xff, 0xff, 0xff, 0xf1, 0x00, 0x00, 0x00,
    0x00, 0x00, 0x00, 0x00, 0x02, 0x44, 0x44, 0x44,
    0x44, 0x44, 0x00, 0x00, 0x00, 0x00, 0x00, 0x00,
    0x00, 0x00, 0x00, 0x00, 0x00, 0x00, 0x00, 0x00,
    0x00, 0x00, 0x00, 0x00, 0x00, 0x00, 0x00, 0x00,
    0x00, 0x00, 0x00, 0x00, 0x00, 0x00, 0x00, 0x00,
    0x00, 0x00, 0x00, 0x00, 0x00, 0x00, 0x00, 0x00,
    0x00, 0x00, 0x00, 0x00, 0x00, 0x00, 0x00, 0x00,
    0x00, 0x00, 0x00, 0x09, 0xff, 0xff, 0xff, 0x10,
    0x00, 0x00, 0x00, 0x00, 0x00, 0x00, 0x00, 0x00,
    0x00, 0xef, 0xff, 0xff, 0xf6, 0x00, 0x00, 0x00,
    0x00, 0x00, 0x00, 0x00, 0x00, 0x00, 0x4f, 0xff,
    0xff, 0xff, 0xb0, 0x00, 0x00, 0x00, 0x00, 0x00,
    0x00, 0x00, 0x00, 0x0a, 0xff, 0xff, 0xff, 0xff,
    0x10, 0x00, 0x00, 0x00, 0x00, 0x00, 0x00, 0x00,
    0x00, 0xff, 0xff, 0xaf, 0xff, 0xf7, 0x00, 0x00,
    0x00, 0x00, 0x00, 0x00, 0x00, 0x00, 0x5f, 0xff,
    0xf4, 0xef, 0xff, 0xc0, 0x00, 0x00, 0x00, 0x00,
    0x00, 0x00, 0x00, 0x0a, 0xff, 0xff, 0x09, 0xff,
    0xff, 0x20, 0x00, 0x00, 0x00, 0x00, 0x00, 0x00,
    0x00, 0xff, 0xff, 0xb0, 0x5f, 0xff, 0xf8, 0x00,
    0x00, 0x00, 0x00, 0x00, 0x00, 0x00, 0x5f, 0xff,
    0xf7, 0x01, 0xff, 0xff, 0xd0, 0x00, 0x00, 0x00,
    0x00, 0x00, 0x00, 0x0b, 0xff, 0xff, 0x30, 0x0c,
    0xff, 0xff, 0x30, 0x00, 0x00, 0x00, 0x00, 0x00,
    0x01, 0xff, 0xff, 0xe0, 0x00, 0x8f, 0xff, 0xf8,
    0x00, 0x00, 0x00, 0x00, 0x00, 0x00, 0x6f, 0xff,
    0xfa, 0x00, 0x03, 0xff, 0xff, 0xe0, 0x00, 0x00,
    0x00, 0x00, 0x00, 0x0b, 0xff, 0xff, 0x50, 0x00,
    0x0e, 0xff, 0xff, 0x40, 0x00, 0x00, 0x00, 0x00,
    0x01, 0xff, 0xff, 0xf1, 0x00, 0x00, 0x9f, 0xff,
    0xf9, 0x00, 0x00, 0x00, 0x00, 0x00, 0x6f, 0xff,
    0xfc, 0x00, 0x00, 0x04, 0xff, 0xff, 0xf0, 0x00,
    0x00, 0x00, 0x00, 0x0c, 0xff, 0xff, 0x60, 0x00,
    0x00, 0x0e, 0xff, 0xff, 0x50, 0x00, 0x00, 0x00,
    0x01, 0xff, 0xff, 0xf1, 0x00, 0x00, 0x00, 0x9f,
    0xff, 0xfa, 0x00, 0x00, 0x00, 0x00, 0x7f, 0xff,
    0xff, 0xff, 0xff, 0xff, 0xff, 0xff, 0xff, 0xf0,
    0x00, 0x00, 0x00, 0x0c, 0xff, 0xff, 0xff, 0xff,
    0xff, 0xff, 0xff, 0xff, 0xff, 0x60, 0x00, 0x00,
    0x02, 0xff, 0xff, 0xff, 0xff, 0xff, 0xff, 0xff,
    0xff, 0xff, 0xfb, 0x00, 0x00, 0x00, 0x7f, 0xff,
    0xff, 0xff, 0xff, 0xff, 0xff, 0xff, 0xff, 0xff,
    0xf1, 0x00, 0x00, 0x0d, 0xff, 0xff, 0x70, 0x00,
    0x00, 0x00, 0x00, 0x0e, 0xff, 0xff, 0x70, 0x00,
    0x02, 0xff, 0xff, 0xf2, 0x00, 0x00, 0x00, 0x00,
    0x00, 0x8f, 0xff, 0xfc, 0x00, 0x00, 0x8f, 0xff,
    0xfc, 0x00, 0x00, 0x00, 0x00, 0x00, 0x03, 0xff,
    0xff, 0xf2, 0x00, 0x0d, 0xff, 0xff, 0x70, 0x00,
    0x00, 0x00, 0x00, 0x00, 0x0e, 0xff, 0xff, 0x70,
    0x03, 0xff, 0xff, 0xf2, 0x00, 0x00, 0x00, 0x00,
    0x00, 0x00, 0x8f, 0xff, 0xfd, 0x00, 0x9f, 0xff,
    0xfd, 0x00, 0x00, 0x00, 0x00, 0x00, 0x00, 0x03,
    0xff, 0xff, 0xf3, 0x0e, 0xff, 0xff, 0x80, 0x00,
    0x00, 0x00, 0x00, 0x00, 0x00, 0x0d, 0xff, 0xff,
    0x80,

    /* U+0101 "ā" */
    0x00, 0x00, 0x9f, 0xff, 0xff, 0xff, 0xff, 0xf0,
    0x00, 0x00, 0x00, 0x09, 0xff, 0xff, 0xff, 0xff,
    0xff, 0x00, 0x00, 0x00, 0x00, 0x9f, 0xff, 0xff,
    0xff, 0xff, 0xf0, 0x00, 0x00, 0x00, 0x02, 0x33,
    0x33, 0x33, 0x33, 0x33, 0x00, 0x00, 0x00, 0x00,
    0x00, 0x00, 0x00, 0x00, 0x00, 0x00, 0x00, 0x00,
    0x00, 0x00, 0x00, 0x00, 0x00, 0x00, 0x00, 0x00,
    0x00, 0x00, 0x00, 0x00, 0x00, 0x00, 0x00, 0x00,
    0x00, 0x00, 0x00, 0x00, 0x00, 0x38, 0xce, 0xff,
    0xdb, 0x61, 0x00, 0x00, 0x00, 0x02, 0xcf, 0xff,
    0xff, 0xff, 0xff, 0xf7, 0x00, 0x00, 0x03, 0xff,
    0xff, 0xff, 0xff, 0xff, 0xff, 0xf9, 0x00, 0x01,
    0xef, 0xff, 0xff, 0xdb, 0xcf, 0xff, 0xff, 0xf5,
    0x00, 0x9f, 0xff, 0xfc, 0x20, 0x00, 0x09, 0xff,
    0xff, 0xc0, 0x06, 0xad, 0xfd, 0x00, 0x00, 0x00,
    0x0d, 0xff, 0xff, 0x10, 0x00, 0x00, 0x10, 0x00,
    0x00, 0x00, 0x9f, 0xff, 0xf3, 0x00, 0x00, 0x00,
    0x00, 0x00, 0x00, 0x0c, 0xff, 0xff, 0x40, 0x00,
    0x00, 0x00, 0x14, 0x68, 0xae, 0xff, 0xff, 0xf4,
    0x00, 0x01, 0x7c, 0xef, 0xff, 0xff, 0xff, 0xff,
    0xff, 0x40, 0x07, 0xff, 0xff, 0xff, 0xff, 0xff,
    0xff, 0xff, 0xf4, 0x08, 0xff, 0xff, 0xff, 0xfc,
    0xa7, 0x48, 0xff, 0xff, 0x41, 0xff, 0xff, 0xf9,
    0x30, 0x00, 0x00, 0x8f, 0xff, 0xf4, 0x6f, 0xff,
    0xf7, 0x00, 0x00, 0x00, 0x09, 0xff, 0xff, 0x48,
    0xff, 0xff, 0x20, 0x00, 0x00, 0x00, 0xcf, 0xff,
    0xf4, 0x8f, 0xff, 0xf3, 0x00, 0x00, 0x00, 0x4f,
    0xff, 0xff, 0x46, 0xff, 0xff, 0xc1, 0x00, 0x00,
    0x6f, 0xff, 0xff, 0xf4, 0x1f, 0xff, 0xff, 0xfb,
    0x9a, 0xef, 0xfe, 0xff, 0xff, 0x40, 0x7f, 0xff,
    0xff, 0xff, 0xff, 0xfe, 0x6f, 0xff, 0xf4, 0x00,
    0x7f, 0xff, 0xff, 0xff, 0xfd, 0x25, 0xff, 0xff,
    0x40, 0x00, 0x28, 0xce, 0xfe, 0xb6, 0x00, 0x5f,
    0xff, 0xf4,

    /* U+0102 "Ă" */
    0x00, 0x00, 0x00, 0x03, 0xff, 0xc0, 0x00, 0x00,
    0x3f, 0xfc, 0x00, 0x00, 0x00, 0x00, 0x00, 0x00,
    0x00, 0x0f, 0xff, 0x20, 0x00, 0x09, 0xff, 0xa0,
    0x00, 0x00, 0x00, 0x00, 0x00, 0x00, 0x00, 0xaf,
    0xfd, 0x40, 0x18, 0xff, 0xf4, 0x00, 0x00, 0x00,
    0x00, 0x00, 0x00, 0x00, 0x01, 0xef, 0xff, 0xff,
    0xff, 0xfa, 0x00, 0x00, 0x00, 0x00, 0x00, 0x00,
    0x00, 0x00, 0x02, 0xdf, 0xff, 0xff, 0xf9, 0x00,
    0x00, 0x00, 0x00, 0x00, 0x00, 0x00, 0x00, 0x00,
    0x00, 0x6a, 0xcc, 0x93, 0x00, 0x00, 0x00, 0x00,
    0x00, 0x00, 0x00, 0x00, 0x00, 0x00, 0x00, 0x00,
    0x00, 0x00, 0x00, 0x00, 0x00, 0x00, 0x00, 0x00,
    0x00, 0x00, 0x00, 0x00, 0x00, 0x00, 0x00, 0x00,
    0x00, 0x00, 0x00, 0x00, 0x00, 0x00, 0x00, 0x00,
    0x00, 0x9f, 0xff, 0xff, 0xf1, 0x00, 0x00, 0x00,
    0x00, 0x00, 0x00, 0x00, 0x00, 0x00, 0x0e, 0xff,
    0xff, 0xff, 0x60, 0x00, 0x00, 0x00, 0x00, 0x00,
    0x00, 0x00, 0x00, 0x04, 0xff, 0xff, 0xff, 0xfb,
    0x00, 0x00, 0x00, 0x00, 0x00, 0x00, 0x00, 0x00,
    0x00, 0xaf, 0xff, 0xff, 0xff, 0xf1, 0x00, 0x00,
    0x00, 0x00, 0x00, 0x00, 0x00, 0x00, 0x0f, 0xff,
    0xfa, 0xff, 0xff, 0x70, 0x00, 0x00, 0x00, 0x00,
    0x00, 0x00, 0x00, 0x05, 0xff, 0xff, 0x4e, 0xff,
    0xfc, 0x00, 0x00, 0x00, 0x00, 0x00, 0x00, 0x00,
    0x00, 0xaf, 0xff, 0xf0, 0x9f, 0xff, 0xf2, 0x00,
    0x00, 0x00, 0x00, 0x00, 0x00, 0x00, 0x0f, 0xff,
    0xfb, 0x05, 0xff, 0xff, 0x80, 0x00, 0x00, 0x00,
    0x00, 0x00, 0x00, 0x05, 0xff, 0xff, 0x70, 0x1f,
    0xff, 0xfd, 0x00, 0x00, 0x00, 0x00, 0x00, 0x00,
    0x00, 0xbf, 0xff, 0xf3, 0x00, 0xcf, 0xff, 0xf3,
    0x00, 0x00, 0x00, 0x00, 0x00, 0x00, 0x1f, 0xff,
    0xfe, 0x00, 0x08, 0xff, 0xff, 0x80, 0x00, 0x00,
    0x00, 0x00, 0x00, 0x06, 0xff, 0xff, 0xa0, 0x00,
    0x3f, 0xff, 0xfe, 0x00, 0x00, 0x00, 0x00, 0x00,
    0x00, 0xbf, 0xff, 0xf5, 0x00, 0x00, 0xef, 0xff,
    0xf4, 0x00, 0x00, 0x00, 0x00, 0x00, 0x1f, 0xff,
    0xff, 0x10, 0x00, 0x09, 0xff, 0xff, 0x90, 0x00,
    0x00, 0x00, 0x00, 0x06, 0xff, 0xff, 0xc0, 0x00,
    0x00, 0x4f, 0xff, 0xff, 0x00, 0x00, 0x00, 0x00,
    0x00, 0xcf, 0xff, 0xf6, 0x00, 0x00, 0x00, 0xef,
    0xff, 0xf5, 0x00, 0x00, 0x00, 0x00, 0x1f, 0xff,
    0xff, 0x10, 0x00, 0x00, 0x09, 0xff, 0xff, 0xa0,
    0x00, 0x00, 0x00, 0x07, 0xff, 0xff, 0xff, 0xff,
    0xff, 0xff, 0xff, 0xff, 0xff, 0x00, 0x00, 0x00,
    0x00, 0xcf, 0xff, 0xff, 0xff, 0xff, 0xff, 0xff,
    0xff, 0xff, 0xf6, 0x00, 0x00, 0x00, 0x2f, 0xff,
    0xff, 0xff, 0xff, 0xff, 0xff, 0xff, 0xff, 0xff,
    0xb0, 0x00, 0x00, 0x07, 0xff, 0xff, 0xff, 0xff,
    0xff, 0xff, 0xff, 0xff, 0xff, 0xff, 0x10, 0x00,
    0x00, 0xdf, 0xff, 0xf7, 0x00, 0x00, 0x00, 0x00,
    0x00, 0xef, 0xff, 0xf7, 0x00, 0x00, 0x2f, 0xff,
    0xff, 0x20, 0x00, 0x00, 0x00, 0x00, 0x08, 0xff,
    0xff, 0xc0, 0x00, 0x08, 0xff, 0xff, 0xc0, 0x00,
    0x00, 0x00, 0x00, 0x00, 0x3f, 0xff, 0xff, 0x20,
    0x00, 0xdf, 0xff, 0xf7, 0x00, 0x00, 0x00, 0x00,
    0x00, 0x00, 0xef, 0xff, 0xf7, 0x00, 0x3f, 0xff,
    0xff, 0x20, 0x00, 0x00, 0x00, 0x00, 0x00, 0x08,
    0xff, 0xff, 0xd0, 0x09, 0xff, 0xff, 0xd0, 0x00,
    0x00, 0x00, 0x00, 0x00, 0x00, 0x3f, 0xff, 0xff,
    0x30, 0xef, 0xff, 0xf8, 0x00, 0x00, 0x00, 0x00,
    0x00, 0x00, 0x00, 0xdf, 0xff, 0xf8,

    /* U+0103 "ă" */
    0x00, 0x00, 0x00, 0x00, 0x00, 0x00, 0x00, 0x00,
    0x00, 0x00, 0x00, 0x4f, 0xfc, 0x00, 0x00, 0x05,
    0xff, 0xb0, 0x00, 0x00, 0x01, 0xff, 0xf8, 0x00,
    0x03, 0xef, 0xf7, 0x00, 0x00, 0x00, 0x07, 0xff,
    0xff, 0xde, 0xff, 0xfe, 0x10, 0x00, 0x00, 0x00,
    0x08, 0xff, 0xff, 0xff, 0xfd, 0x20, 0x00, 0x00,
    0x00, 0x00, 0x03, 0xad, 0xfe, 0xc7, 0x00, 0x00,
    0x00, 0x00, 0x00, 0x00, 0x00, 0x00, 0x00, 0x00,
    0x00, 0x00, 0x00, 0x00, 0x00, 0x00, 0x00, 0x00,
    0x00, 0x00, 0x00, 0x00, 0x00, 0x00, 0x00, 0x00,
    0x00, 0x00, 0x00, 0x00, 0x00, 0x00, 0x00, 0x00,
    0x38, 0xce, 0xff, 0xdb, 0x61, 0x00, 0x00, 0x00,
    0x02, 0xcf, 0xff, 0xff, 0xff, 0xff, 0xf7, 0x00,
    0x00, 0x03, 0xff, 0xff, 0xff, 0xff, 0xff, 0xff,
    0xf9, 0x00, 0x01, 0xef, 0xff, 0xff, 0xdb, 0xcf,
    0xff, 0xff, 0xf5, 0x00, 0x9f, 0xff, 0xfc, 0x20,
    0x00, 0x09, 0xff, 0xff, 0xc0, 0x06, 0xad, 0xfd,
    0x00, 0x00, 0x00, 0x0d, 0xff, 0xff, 0x10, 0x00,
    0x00, 0x10, 0x00, 0x00, 0x00, 0x9f, 0xff, 0xf3,
    0x00, 0x00, 0x00, 0x00, 0x00, 0x00, 0x0c, 0xff,
    0xff, 0x40, 0x00, 0x00, 0x00, 0x14, 0x68, 0xae,
    0xff, 0xff, 0xf4, 0x00, 0x01, 0x7c, 0xef, 0xff,
    0xff, 0xff, 0xff, 0xff, 0x40, 0x07, 0xff, 0xff,
    0xff, 0xff, 0xff, 0xff, 0xff, 0xf4, 0x08, 0xff,
    0xff, 0xff, 0xfc, 0xa7, 0x48, 0xff, 0xff, 0x41,
    0xff, 0xff, 0xf9, 0x30, 0x00, 0x00, 0x8f, 0xff,
    0xf4, 0x6f, 0xff, 0xf7, 0x00, 0x00, 0x00, 0x09,
    0xff, 0xff, 0x48, 0xff, 0xff, 0x20, 0x00, 0x00,
    0x00, 0xcf, 0xff, 0xf4, 0x8f, 0xff, 0xf3, 0x00,
    0x00, 0x00, 0x4f, 0xff, 0xff, 0x46, 0xff, 0xff,
    0xc1, 0x00, 0x00, 0x6f, 0xff, 0xff, 0xf4, 0x1f,
    0xff, 0xff, 0xfb, 0x9a, 0xef, 0xfe, 0xff, 0xff,
    0x40, 0x7f, 0xff, 0xff, 0xff, 0xff, 0xfe, 0x6f,
    0xff, 0xf4, 0x00, 0x7f, 0xff, 0xff, 0xff, 0xfd,
    0x25, 0xff, 0xff, 0x40, 0x00, 0x28, 0xce, 0xfe,
    0xb6, 0x00, 0x5f, 0xff, 0xf4,

    /* U+0104 "Ą" */
    0x00, 0x00, 0x00, 0x00, 0x00, 0x9f, 0xff, 0xff,
    0xf1, 0x00, 0x00, 0x00, 0x00, 0x00, 0x00, 0x00,
    0x00, 0x00, 0x00, 0xef, 0xff, 0xff, 0xf6, 0x00,
    0x00, 0x00, 0x00, 0x00, 0x00, 0x00, 0x00, 0x00,
    0x04, 0xff, 0xff, 0xff, 0xfb, 0x00, 0x00, 0x00,
    0x00, 0x00, 0x00, 0x00, 0x00, 0x00, 0x0a, 0xff,
    0xff, 0xff, 0xff, 0x10, 0x00, 0x00, 0x00, 0x00,
    0x00, 0x00, 0x00, 0x00, 0x0f, 0xff, 0xfa, 0xff,
    0xff, 0x70, 0x00, 0x00, 0x00, 0x00, 0x00, 0x00,
    0x00, 0x00, 0x5f, 0xff, 0xf4, 0xef, 0xff, 0xc0,
    0x00, 0x00, 0x00, 0x00, 0x00, 0x00, 0x00, 0x00,
    0xaf, 0xff, 0xf0, 0x9f, 0xff, 0xf2, 0x00, 0x00,
    0x00, 0x00, 0x00, 0x00, 0x00, 0x00, 0xff, 0xff,
    0xb0, 0x5f, 0xff, 0xf8, 0x00, 0x00, 0x00, 0x00,
    0x00, 0x00, 0x00, 0x05, 0xff, 0xff, 0x70, 0x1f,
    0xff, 0xfd, 0x00, 0x00, 0x00, 0x00, 0x00, 0x00,
    0x00, 0x0b, 0xff, 0xff, 0x30, 0x0c, 0xff, 0xff,
    0x30, 0x00, 0x00, 0x00, 0x00, 0x00, 0x00, 0x1f,
    0xff, 0xfe, 0x00, 0x08, 0xff, 0xff, 0x80, 0x00,
    0x00, 0x00, 0x00, 0x00, 0x00, 0x6f, 0xff, 0xfa,
    0x00, 0x03, 0xff, 0xff, 0xe0, 0x00, 0x00, 0x00,
    0x00, 0x00, 0x00, 0xbf, 0xff, 0xf5, 0x00, 0x00,
    0xef, 0xff, 0xf4, 0x00, 0x00, 0x00, 0x00, 0x00,
    0x01, 0xff, 0xff, 0xf1, 0x00, 0x00, 0x9f, 0xff,
    0xf9, 0x00, 0x00, 0x00, 0x00, 0x00, 0x06, 0xff,
    0xff, 0xc0, 0x00, 0x00, 0x4f, 0xff, 0xff, 0x00,
    0x00, 0x00, 0x00, 0x00, 0x0c, 0xff, 0xff, 0x60,
    0x00, 0x00, 0x0e, 0xff, 0xff, 0x50, 0x00, 0x00,
    0x00, 0x00, 0x1f, 0xff, 0xff, 0x10, 0x00, 0x00,
    0x09, 0xff, 0xff, 0xa0, 0x00, 0x00, 0x00, 0x00,
    0x7f, 0xff, 0xff, 0xff, 0xff, 0xff, 0xff, 0xff,
    0xff, 0xf0, 0x00, 0x00, 0x00, 0x00, 0xcf, 0xff,
    0xff, 0xff, 0xff, 0xff, 0xff, 0xff, 0xff, 0xf6,
    0x00, 0x00, 0x00, 0x02, 0xff, 0xff, 0xff, 0xff,
    0xff, 0xff, 0xff, 0xff, 0xff, 0xfb, 0x00, 0x00,
    0x00, 0x07, 0xff, 0xff, 0xff, 0xff, 0xff, 0xff,
    0xff, 0xff, 0xff, 0xff, 0x10, 0x00, 0x00, 0x0d,
    0xff, 0xff, 0x70, 0x00, 0x00, 0x00, 0x00, 0x0e,
    0xff, 0xff, 0x70, 0x00, 0x00, 0x2f, 0xff, 0xff,
    0x20, 0x00, 0x00, 0x00, 0x00, 0x08, 0xff, 0xff,
    0xc0, 0x00, 0x00, 0x8f, 0xff, 0xfc, 0x00, 0x00,
    0x00, 0x00, 0x00, 0x03, 0xff, 0xff, 0xf2, 0x00,
    0x00, 0xdf, 0xff, 0xf7, 0x00, 0x00, 0x00, 0x00,
    0x00, 0x00, 0xef, 0xff, 0xf7, 0x00, 0x03, 0xff,
    0xff, 0xf2, 0x00, 0x00, 0x00, 0x00, 0x00, 0x00,
    0x8f, 0xff, 0xfd, 0x00, 0x09, 0xff, 0xff, 0xd0,
    0x00, 0x00, 0x00, 0x00, 0x00, 0x00, 0x3f, 0xff,
    0xff, 0x30, 0x0e, 0xff, 0xff, 0x80, 0x00, 0x00,
    0x00, 0x00, 0x00, 0x00, 0x0e, 0xff, 0xff, 0xa0,
    0x00, 0x00, 0x00, 0x00, 0x00, 0x00, 0x00, 0x00,
    0x00, 0x00, 0x2d, 0xff, 0xfa, 0x10, 0x00, 0x00,
    0x00, 0x00, 0x00, 0x00, 0x00, 0x00, 0x00, 0x01,
    0xdf, 0xff, 0x80, 0x00, 0x00, 0x00, 0x00, 0x00,
    0x00, 0x00, 0x00, 0x00, 0x00, 0x08, 0xff, 0xfd,
    0x00, 0x00, 0x00, 0x00, 0x00, 0x00, 0x00, 0x00,
    0x00, 0x00, 0x00, 0x0d, 0xff, 0xfb, 0x00, 0x00,
    0x00, 0x00, 0x00, 0x00, 0x00, 0x00, 0x00, 0x00,
    0x00, 0x0e, 0xff, 0xff, 0x54, 0x60, 0x00, 0x00,
    0x00, 0x00, 0x00, 0x00, 0x00, 0x00, 0x00, 0x0a,
    0xff, 0xff, 0xff, 0xf1, 0x00, 0x00, 0x00, 0x00,
    0x00, 0x00, 0x00, 0x00, 0x00, 0x02, 0xef, 0xff,
    0xff, 0xf8, 0x00, 0x00, 0x00, 0x00, 0x00, 0x00,
    0x00, 0x00, 0x00, 0x00, 0x17, 0xcf, 0xfd, 0x93,

    /* U+0105 "ą" */
    0x00, 0x00, 0x03, 0x8c, 0xef, 0xfd, 0xb6, 0x10,
    0x00, 0x00, 0x00, 0x02, 0xcf, 0xff, 0xff, 0xff,
    0xff, 0xf7, 0x00, 0x00, 0x00, 0x3f, 0xff, 0xff,
    0xff, 0xff, 0xff, 0xff, 0x90, 0x00, 0x01, 0xef,
    0xff, 0xff, 0xdb, 0xcf, 0xff, 0xff, 0xf5, 0x00,
    0x09, 0xff, 0xff, 0xc2, 0x00, 0x00, 0x9f, 0xff,
    0xfc, 0x00, 0x06, 0xad, 0xfd, 0x00, 0x00, 0x00,
    0x0d, 0xff, 0xff, 0x10, 0x00, 0x00, 0x01, 0x00,
    0x00, 0x00, 0x09, 0xff, 0xff, 0x30, 0x00, 0x00,
    0x00, 0x00, 0x00, 0x00, 0x0c, 0xff, 0xff, 0x40,
    0x00, 0x00, 0x00, 0x01, 0x46, 0x8a, 0xef, 0xff,
    0xff, 0x40, 0x00, 0x01, 0x7c, 0xef, 0xff, 0xff,
    0xff, 0xff, 0xff, 0x40, 0x00, 0x7f, 0xff, 0xff,
    0xff, 0xff, 0xff, 0xff, 0xff, 0x40, 0x08, 0xff,
    0xff, 0xff, 0xfc, 0xa7, 0x48, 0xff, 0xff, 0x40,
    0x1f, 0xff, 0xff, 0x93, 0x00, 0x00, 0x08, 0xff,
    0xff, 0x40, 0x6f, 0xff, 0xf7, 0x00, 0x00, 0x00,
    0x09, 0xff, 0xff, 0x40, 0x8f, 0xff, 0xf2, 0x00,
    0x00, 0x00, 0x0c, 0xff, 0xff, 0x40, 0x8f, 0xff,
    0xf3, 0x00, 0x00, 0x00, 0x4f, 0xff, 0xff, 0x40,
    0x6f, 0xff, 0xfc, 0x10, 0x00, 0x06, 0xff, 0xff,
    0xff, 0x40, 0x1f, 0xff, 0xff, 0xfb, 0x9a, 0xef,
    0xfe, 0xff, 0xff, 0x40, 0x07, 0xff, 0xff, 0xff,
    0xff, 0xff, 0xe6, 0xff, 0xff, 0x40, 0x00, 0x7f,
    0xff, 0xff, 0xff, 0xfd, 0x25, 0xff, 0xff, 0x40,
    0x00, 0x02, 0x8c, 0xef, 0xeb, 0x60, 0x06, 0xff,
    0xff, 0x40, 0x00, 0x00, 0x00, 0x00, 0x00, 0x00,
    0x3e, 0xff, 0xe5, 0x00, 0x00, 0x00, 0x00, 0x00,
    0x00, 0x02, 0xff, 0xfe, 0x20, 0x00, 0x00, 0x00,
    0x00, 0x00, 0x00, 0x0b, 0xff, 0xf6, 0x00, 0x00,
    0x00, 0x00, 0x00, 0x00, 0x00, 0x0f, 0xff, 0xf3,
    0x00, 0x00, 0x00, 0x00, 0x00, 0x00, 0x00, 0x1f,
    0xff, 0xfb, 0x46, 0x30, 0x00, 0x00, 0x00, 0x00,
    0x00, 0x0e, 0xff, 0xff, 0xff, 0xa0, 0x00, 0x00,
    0x00, 0x00, 0x00, 0x05, 0xff, 0xff, 0xff, 0xf1,
    0x00, 0x00, 0x00, 0x00, 0x00, 0x00, 0x2a, 0xdf,
    0xeb, 0x60,

    /* U+0106 "Ć" */
    0x00, 0x00, 0x00, 0x00, 0x00, 0x00, 0x00, 0x9b,
    0xbb, 0x80, 0x00, 0x00, 0x00, 0x00, 0x00, 0x00,
    0x00, 0x00, 0x00, 0x03, 0xff, 0xff, 0x30, 0x00,
    0x00, 0x00, 0x00, 0x00, 0x00, 0x00, 0x00, 0x00,
    0x0a, 0xff, 0xf8, 0x00, 0x00, 0x00, 0x00, 0x00,
    0x00, 0x00, 0x00, 0x00, 0x00, 0x2f, 0xff, 0xd0,
    0x00, 0x00, 0x00, 0x00, 0x00, 0x00, 0x00, 0x00,
    0x00, 0x00, 0x9f, 0xff, 0x30, 0x00, 0x00, 0x00,
    0x00, 0x00, 0x00, 0x00, 0x00, 0x00, 0x01, 0xff,
    0xf9, 0x00, 0x00, 0x00, 0x00, 0x00, 0x00, 0x00,
    0x00, 0x00, 0x00, 0x00, 0x00, 0x00, 0x00, 0x00,
    0x00, 0x00, 0x00, 0x00, 0x00, 0x00, 0x00, 0x00,
    0x00, 0x00, 0x00, 0x00, 0x00, 0x00, 0x00, 0x00,
    0x00, 0x00, 0x00, 0x00, 0x00, 0x00, 0x00, 0x00,
    0x00, 0x00, 0x00, 0x00, 0x00, 0x00, 0x00, 0x00,
    0x00, 0x05, 0xad, 0xef, 0xed, 0xa6, 0x10, 0x00,
    0x00, 0x00, 0x00, 0x00, 0x00, 0x08, 0xff, 0xff,
    0xff, 0xff, 0xff, 0xfa, 0x10, 0x00, 0x00, 0x00,
    0x00, 0x03, 0xdf, 0xff, 0xff, 0xff, 0xff, 0xff,
    0xff, 0xe5, 0x00, 0x00, 0x00, 0x00, 0x4f, 0xff,
    0xff, 0xff, 0xff, 0xff, 0xff, 0xff, 0xff, 0x50,
    0x00, 0x00, 0x02, 0xff, 0xff, 0xff, 0xfb, 0x87,
    0x8a, 0xff, 0xff, 0xff, 0xf3, 0x00, 0x00, 0x0d,
    0xff, 0xff, 0xfa, 0x10, 0x00, 0x00, 0x07, 0xff,
    0xff, 0xfd, 0x00, 0x00, 0x6f, 0xff, 0xff, 0x70,
    0x00, 0x00, 0x00, 0x00, 0x4f, 0xff, 0xff, 0x50,
    0x00, 0xef, 0xff, 0xfa, 0x00, 0x00, 0x00, 0x00,
    0x00, 0x08, 0xff, 0xff, 0xb0, 0x04, 0xff, 0xff,
    0xf1, 0x00, 0x00, 0x00, 0x00, 0x00, 0x01, 0xff,
    0xff, 0xf0, 0x08, 0xff, 0xff, 0xa0, 0x00, 0x00,
    0x00, 0x00, 0x00, 0x00, 0x67, 0x77, 0x71, 0x0c,
    0xff, 0xff, 0x50, 0x00, 0x00, 0x00, 0x00, 0x00,
    0x00, 0x00, 0x00, 0x00, 0x0e, 0xff, 0xff, 0x10,
    0x00, 0x00, 0x00, 0x00, 0x00, 0x00, 0x00, 0x00,
    0x00, 0x0f, 0xff, 0xff, 0x00, 0x00, 0x00, 0x00,
    0x00, 0x00, 0x00, 0x00, 0x00, 0x00, 0x1f, 0xff,
    0xfe, 0x00, 0x00, 0x00, 0x00, 0x00, 0x00, 0x00,
    0x00, 0x00, 0x00, 0x1f, 0xff, 0xfe, 0x00, 0x00,
    0x00, 0x00, 0x00, 0x00, 0x00, 0x00, 0x00, 0x00,
    0x0f, 0xff, 0xff, 0x00, 0x00, 0x00, 0x00, 0x00,
    0x00, 0x00, 0x00, 0x00, 0x00, 0x0e, 0xff, 0xff,
    0x10, 0x00, 0x00, 0x00, 0x00, 0x00, 0x00, 0x00,
    0x00, 0x00, 0x0c, 0xff, 0xff, 0x50, 0x00, 0x00,
    0x00, 0x00, 0x00, 0x00, 0x00, 0x00, 0x00, 0x09,
    0xff, 0xff, 0xa0, 0x00, 0x00, 0x00, 0x00, 0x00,
    0x00, 0x67, 0x77, 0x71, 0x04, 0xff, 0xff, 0xf1,
    0x00, 0x00, 0x00, 0x00, 0x00, 0x01, 0xff, 0xff,
    0xf0, 0x00, 0xef, 0xff, 0xfa, 0x00, 0x00, 0x00,
    0x00, 0x00, 0x08, 0xff, 0xff, 0xb0, 0x00, 0x7f,
    0xff, 0xff, 0x70, 0x00, 0x00, 0x00, 0x00, 0x4f,
    0xff, 0xff, 0x50, 0x00, 0x0d, 0xff, 0xff, 0xfa,
    0x10, 0x00, 0x00, 0x07, 0xff, 0xff, 0xfc, 0x00,
    0x00, 0x02, 0xff, 0xff, 0xff, 0xfb, 0x87, 0x7a,
    0xff, 0xff, 0xff, 0xf2, 0x00, 0x00, 0x00, 0x4f,
    0xff, 0xff, 0xff, 0xff, 0xff, 0xff, 0xff, 0xff,
    0x40, 0x00, 0x00, 0x00, 0x03, 0xef, 0xff, 0xff,
    0xff, 0xff, 0xff, 0xff, 0xe4, 0x00, 0x00, 0x00,
    0x00, 0x00, 0x18, 0xff, 0xff, 0xff, 0xff, 0xff,
    0xf9, 0x10, 0x00, 0x00, 0x00, 0x00, 0x00, 0x00,
    0x16, 0xad, 0xff, 0xed, 0xa6, 0x10, 0x00, 0x00,
    0x00,

    /* U+0107 "ć" */
    0x00, 0x00, 0x00, 0x00, 0x00, 0x09, 0xbb, 0xb8,
    0x00, 0x00, 0x00, 0x00, 0x00, 0x00, 0x00, 0x3f,
    0xff, 0xf3, 0x00, 0x00, 0x00, 0x00, 0x00, 0x00,
    0x00, 0xbf, 0xff, 0x80, 0x00, 0x00, 0x00, 0x00,
    0x00, 0x00, 0x02, 0xff, 0xfd, 0x00, 0x00, 0x00,
    0x00, 0x00, 0x00, 0x00, 0x09, 0xff, 0xf3, 0x00,
    0x00, 0x00, 0x00, 0x00, 0x00, 0x00, 0x1f, 0xff,
    0x90, 0x00, 0x00, 0x00, 0x00, 0x00, 0x00, 0x00,
    0x00, 0x00, 0x00, 0x00, 0x00, 0x00, 0x00, 0x00,
    0x00, 0x00, 0x00, 0x00, 0x00, 0x00, 0x00, 0x00,
    0x00, 0x00, 0x00, 0x00, 0x00, 0x00, 0x00, 0x00,
    0x00, 0x00, 0x00, 0x00, 0x00, 0x49, 0xcf, 0xfe,
    0xd9, 0x40, 0x00, 0x00, 0x00, 0x00, 0x2c, 0xff,
    0xff, 0xff, 0xff, 0xfd, 0x30, 0x00, 0x00, 0x04,
    0xff, 0xff, 0xff, 0xff, 0xff, 0xff, 0xf5, 0x00,
    0x00, 0x3f, 0xff, 0xff, 0xff, 0xff, 0xff, 0xff,
    0xff, 0x30, 0x00, 0xdf, 0xff, 0xfe, 0x60, 0x00,
    0x5d, 0xff, 0xff, 0xc0, 0x05, 0xff, 0xff, 0xe2,
    0x00, 0x00, 0x01, 0xef, 0xff, 0xf3, 0x0b, 0xff,
    0xff, 0x70, 0x00, 0x00, 0x00, 0x5f, 0xfd, 0xa3,
    0x0f, 0xff, 0xff, 0x00, 0x00, 0x00, 0x00, 0x03,
    0x00, 0x00, 0x3f, 0xff, 0xfc, 0x00, 0x00, 0x00,
    0x00, 0x00, 0x00, 0x00, 0x4f, 0xff, 0xfa, 0x00,
    0x00, 0x00, 0x00, 0x00, 0x00, 0x00, 0x5f, 0xff,
    0xf9, 0x00, 0x00, 0x00, 0x00, 0x00, 0x00, 0x00,
    0x4f, 0xff, 0xfa, 0x00, 0x00, 0x00, 0x00, 0x00,
    0x00, 0x00, 0x3f, 0xff, 0xfc, 0x00, 0x00, 0x00,
    0x00, 0x00, 0x00, 0x00, 0x0f, 0xff, 0xff, 0x00,
    0x00, 0x00, 0x00, 0x06, 0x20, 0x00, 0x0b, 0xff,
    0xff, 0x70, 0x00, 0x00, 0x00, 0x5f, 0xff, 0xc4,
    0x05, 0xff, 0xff, 0xe2, 0x00, 0x00, 0x01, 0xdf,
    0xff, 0xf3, 0x00, 0xdf, 0xff, 0xfe, 0x60, 0x00,
    0x5d, 0xff, 0xff, 0xc0, 0x00, 0x3f, 0xff, 0xff,
    0xff, 0xff, 0xff, 0xff, 0xff, 0x30, 0x00, 0x04,
    0xff, 0xff, 0xff, 0xff, 0xff, 0xff, 0xf5, 0x00,
    0x00, 0x00, 0x2c, 0xff, 0xff, 0xff, 0xff, 0xfc,
    0x30, 0x00, 0x00, 0x00, 0x00, 0x49, 0xdf, 0xff,
    0xd9, 0x40, 0x00, 0x00,

    /* U+0108 "Ĉ" */
    0x00, 0x00, 0x00, 0x00, 0x00, 0x04, 0x88, 0x85,
    0x00, 0x00, 0x00, 0x00, 0x00, 0x00, 0x00, 0x00,
    0x00, 0x00, 0x5f, 0xff, 0xff, 0x60, 0x00, 0x00,
    0x00, 0x00, 0x00, 0x00, 0x00, 0x00, 0x04, 0xff,
    0xff, 0xff, 0xf5, 0x00, 0x00, 0x00, 0x00, 0x00,
    0x00, 0x00, 0x00, 0x3f, 0xff, 0xe2, 0xdf, 0xff,
    0x40, 0x00, 0x00, 0x00, 0x00, 0x00, 0x00, 0x03,
    0xff, 0xff, 0x30, 0x1e, 0xff, 0xf3, 0x00, 0x00,
    0x00, 0x00, 0x00, 0x00, 0x2e, 0xff, 0xf5, 0x00,
    0x03, 0xff, 0xfe, 0x20, 0x00, 0x00, 0x00, 0x00,
    0x00, 0x00, 0x00, 0x00, 0x00, 0x00, 0x00, 0x00,
    0x00, 0x00, 0x00, 0x00, 0x00, 0x00, 0x00, 0x00,
    0x00, 0x00, 0x00, 0x00, 0x00, 0x00, 0x00, 0x00,
    0x00, 0x00, 0x00, 0x00, 0x00, 0x00, 0x00, 0x00,
    0x00, 0x00, 0x00, 0x00, 0x00, 0x00, 0x00, 0x00,
    0x00, 0x05, 0xad, 0xef, 0xed, 0xa6, 0x10, 0x00,
    0x00, 0x00, 0x00, 0x00, 0x00, 0x08, 0xff, 0xff,
    0xff, 0xff, 0xff, 0xfa, 0x10, 0x00, 0x00, 0x00,
    0x00, 0x03, 0xdf, 0xff, 0xff, 0xff, 0xff, 0xff,
    0xff, 0xe5, 0x00, 0x00, 0x00, 0x00, 0x4f, 0xff,
    0xff, 0xff, 0xff, 0xff, 0xff, 0xff, 0xff, 0x50,
    0x00, 0x00, 0x02, 0xff, 0xff, 0xff, 0xfb, 0x87,
    0x8a, 0xff, 0xff, 0xff, 0xf3, 0x00, 0x00, 0x0d,
    0xff, 0xff, 0xfa, 0x10, 0x00, 0x00, 0x07, 0xff,
    0xff, 0xfd, 0x00, 0x00, 0x6f, 0xff, 0xff, 0x70,
    0x00, 0x00, 0x00, 0x00, 0x4f, 0xff, 0xff, 0x50,
    0x00, 0xef, 0xff, 0xfa, 0x00, 0x00, 0x00, 0x00,
    0x00, 0x08, 0xff, 0xff, 0xb0, 0x04, 0xff, 0xff,
    0xf1, 0x00, 0x00, 0x00, 0x00, 0x00, 0x01, 0xff,
    0xff, 0xf0, 0x08, 0xff, 0xff, 0xa0, 0x00, 0x00,
    0x00, 0x00, 0x00, 0x00, 0x67, 0x77, 0x71, 0x0c,
    0xff, 0xff, 0x50, 0x00, 0x00, 0x00, 0x00, 0x00,
    0x00, 0x00, 0x00, 0x00, 0x0e, 0xff, 0xff, 0x10,
    0x00, 0x00, 0x00, 0x00, 0x00, 0x00, 0x00, 0x00,
    0x00, 0x0f, 0xff, 0xff, 0x00, 0x00, 0x00, 0x00,
    0x00, 0x00, 0x00, 0x00, 0x00, 0x00, 0x1f, 0xff,
    0xfe, 0x00, 0x00, 0x00, 0x00, 0x00, 0x00, 0x00,
    0x00, 0x00, 0x00, 0x1f, 0xff, 0xfe, 0x00, 0x00,
    0x00, 0x00, 0x00, 0x00, 0x00, 0x00, 0x00, 0x00,
    0x0f, 0xff, 0xff, 0x00, 0x00, 0x00, 0x00, 0x00,
    0x00, 0x00, 0x00, 0x00, 0x00, 0x0e, 0xff, 0xff,
    0x10, 0x00, 0x00, 0x00, 0x00, 0x00, 0x00, 0x00,
    0x00, 0x00, 0x0c, 0xff, 0xff, 0x50, 0x00, 0x00,
    0x00, 0x00, 0x00, 0x00, 0x00, 0x00, 0x00, 0x09,
    0xff, 0xff, 0xa0, 0x00, 0x00, 0x00, 0x00, 0x00,
    0x00, 0x67, 0x77, 0x71, 0x04, 0xff, 0xff, 0xf1,
    0x00, 0x00, 0x00, 0x00, 0x00, 0x01, 0xff, 0xff,
    0xf0, 0x00, 0xef, 0xff, 0xfa, 0x00, 0x00, 0x00,
    0x00, 0x00, 0x08, 0xff, 0xff, 0xb0, 0x00, 0x7f,
    0xff, 0xff, 0x70, 0x00, 0x00, 0x00, 0x00, 0x4f,
    0xff, 0xff, 0x50, 0x00, 0x0d, 0xff, 0xff, 0xfa,
    0x10, 0x00, 0x00, 0x07, 0xff, 0xff, 0xfc, 0x00,
    0x00, 0x02, 0xff, 0xff, 0xff, 0xfb, 0x87, 0x7a,
    0xff, 0xff, 0xff, 0xf2, 0x00, 0x00, 0x00, 0x4f,
    0xff, 0xff, 0xff, 0xff, 0xff, 0xff, 0xff, 0xff,
    0x40, 0x00, 0x00, 0x00, 0x03, 0xef, 0xff, 0xff,
    0xff, 0xff, 0xff, 0xff, 0xe4, 0x00, 0x00, 0x00,
    0x00, 0x00, 0x18, 0xff, 0xff, 0xff, 0xff, 0xff,
    0xf9, 0x10, 0x00, 0x00, 0x00, 0x00, 0x00, 0x00,
    0x16, 0xad, 0xff, 0xed, 0xa6, 0x10, 0x00, 0x00,
    0x00,

    /* U+0109 "ĉ" */
    0x00, 0x00, 0x00, 0x00, 0x58, 0x88, 0x50, 0x00,
    0x00, 0x00, 0x00, 0x00, 0x00, 0x05, 0xff, 0xff,
    0xf6, 0x00, 0x00, 0x00, 0x00, 0x00, 0x00, 0x4f,
    0xff, 0xff, 0xff, 0x50, 0x00, 0x00, 0x00, 0x00,
    0x03, 0xff, 0xfe, 0x2d, 0xff, 0xf4, 0x00, 0x00,
    0x00, 0x00, 0x3f, 0xff, 0xf3, 0x02, 0xef, 0xff,
    0x30, 0x00, 0x00, 0x02, 0xef, 0xff, 0x50, 0x00,
    0x3f, 0xff, 0xe2, 0x00, 0x00, 0x00, 0x00, 0x00,
    0x00, 0x00, 0x00, 0x00, 0x00, 0x00, 0x00, 0x00,
    0x00, 0x00, 0x00, 0x00, 0x00, 0x00, 0x00, 0x00,
    0x00, 0x00, 0x00, 0x00, 0x00, 0x00, 0x00, 0x00,
    0x00, 0x00, 0x00, 0x00, 0x00, 0x49, 0xcf, 0xfe,
    0xd9, 0x40, 0x00, 0x00, 0x00, 0x00, 0x2c, 0xff,
    0xff, 0xff, 0xff, 0xfd, 0x30, 0x00, 0x00, 0x04,
    0xff, 0xff, 0xff, 0xff, 0xff, 0xff, 0xf5, 0x00,
    0x00, 0x3f, 0xff, 0xff, 0xff, 0xff, 0xff, 0xff,
    0xff, 0x30, 0x00, 0xdf, 0xff, 0xfe, 0x60, 0x00,
    0x5d, 0xff, 0xff, 0xc0, 0x05, 0xff, 0xff, 0xe2,
    0x00, 0x00, 0x01, 0xef, 0xff, 0xf3, 0x0b, 0xff,
    0xff, 0x70, 0x00, 0x00, 0x00, 0x5f, 0xfd, 0xa3,
    0x0f, 0xff, 0xff, 0x00, 0x00, 0x00, 0x00, 0x03,
    0x00, 0x00, 0x3f, 0xff, 0xfc, 0x00, 0x00, 0x00,
    0x00, 0x00, 0x00, 0x00, 0x4f, 0xff, 0xfa, 0x00,
    0x00, 0x00, 0x00, 0x00, 0x00, 0x00, 0x5f, 0xff,
    0xf9, 0x00, 0x00, 0x00, 0x00, 0x00, 0x00, 0x00,
    0x4f, 0xff, 0xfa, 0x00, 0x00, 0x00, 0x00, 0x00,
    0x00, 0x00, 0x3f, 0xff, 0xfc, 0x00, 0x00, 0x00,
    0x00, 0x00, 0x00, 0x00, 0x0f, 0xff, 0xff, 0x00,
    0x00, 0x00, 0x00, 0x06, 0x20, 0x00, 0x0b, 0xff,
    0xff, 0x70, 0x00, 0x00, 0x00, 0x5f, 0xff, 0xc4,
    0x05, 0xff, 0xff, 0xe2, 0x00, 0x00, 0x01, 0xdf,
    0xff, 0xf3, 0x00, 0xdf, 0xff, 0xfe, 0x60, 0x00,
    0x5d, 0xff, 0xff, 0xc0, 0x00, 0x3f, 0xff, 0xff,
    0xff, 0xff, 0xff, 0xff, 0xff, 0x30, 0x00, 0x04,
    0xff, 0xff, 0xff, 0xff, 0xff, 0xff, 0xf5, 0x00,
    0x00, 0x00, 0x2c, 0xff, 0xff, 0xff, 0xff, 0xfc,
    0x30, 0x00, 0x00, 0x00, 0x00, 0x49, 0xdf, 0xff,
    0xd9, 0x40, 0x00, 0x00,

    /* U+010A "Ċ" */
    0x00, 0x00, 0x00, 0x00, 0x00, 0x00, 0x13, 0x10,
    0x00, 0x00, 0x00, 0x00, 0x00, 0x00, 0x00, 0x00,
    0x00, 0x00, 0x06, 0xff, 0xf7, 0x00, 0x00, 0x00,
    0x00, 0x00, 0x00, 0x00, 0x00, 0x00, 0x00, 0x1f,
    0xff, 0xff, 0x20, 0x00, 0x00, 0x00, 0x00, 0x00,
    0x00, 0x00, 0x00, 0x00, 0x3f, 0xff, 0xff, 0x50,
    0x00, 0x00, 0x00, 0x00, 0x00, 0x00, 0x00, 0x00,
    0x00, 0x0e, 0xff, 0xff, 0x10, 0x00, 0x00, 0x00,
    0x00, 0x00, 0x00, 0x00, 0x00, 0x00, 0x02, 0xcf,
    0xc3, 0x00, 0x00, 0x00, 0x00, 0x00, 0x00, 0x00,
    0x00, 0x00, 0x00, 0x00, 0x00, 0x00, 0x00, 0x00,
    0x00, 0x00, 0x00, 0x00, 0x00, 0x00, 0x00, 0x00,
    0x00, 0x00, 0x00, 0x00, 0x00, 0x00, 0x00, 0x00,
    0x00, 0x00, 0x00, 0x00, 0x00, 0x00, 0x00, 0x00,
    0x00, 0x00, 0x00, 0x00, 0x00, 0x00, 0x00, 0x00,
    0x00, 0x05, 0xad, 0xef, 0xed, 0xa6, 0x10, 0x00,
    0x00, 0x00, 0x00, 0x00, 0x00, 0x08, 0xff, 0xff,
    0xff, 0xff, 0xff, 0xfa, 0x10, 0x00, 0x00, 0x00,
    0x00, 0x03, 0xdf, 0xff, 0xff, 0xff, 0xff, 0xff,
    0xff, 0xe5, 0x00, 0x00, 0x00, 0x00, 0x4f, 0xff,
    0xff, 0xff, 0xff, 0xff, 0xff, 0xff, 0xff, 0x50,
    0x00, 0x00, 0x02, 0xff, 0xff, 0xff, 0xfb, 0x87,
    0x8a, 0xff, 0xff, 0xff, 0xf3, 0x00, 0x00, 0x0d,
    0xff, 0xff, 0xfa, 0x10, 0x00, 0x00, 0x07, 0xff,
    0xff, 0xfd, 0x00, 0x00, 0x6f, 0xff, 0xff, 0x70,
    0x00, 0x00, 0x00, 0x00, 0x4f, 0xff, 0xff, 0x50,
    0x00, 0xef, 0xff, 0xfa, 0x00, 0x00, 0x00, 0x00,
    0x00, 0x08, 0xff, 0xff, 0xb0, 0x04, 0xff, 0xff,
    0xf1, 0x00, 0x00, 0x00, 0x00, 0x00, 0x01, 0xff,
    0xff, 0xf0, 0x08, 0xff, 0xff, 0xa0, 0x00, 0x00,
    0x00, 0x00, 0x00, 0x00, 0x67, 0x77, 0x71, 0x0c,
    0xff, 0xff, 0x50, 0x00, 0x00, 0x00, 0x00, 0x00,
    0x00, 0x00, 0x00, 0x00, 0x0e, 0xff, 0xff, 0x10,
    0x00, 0x00, 0x00, 0x00, 0x00, 0x00, 0x00, 0x00,
    0x00, 0x0f, 0xff, 0xff, 0x00, 0x00, 0x00, 0x00,
    0x00, 0x00, 0x00, 0x00, 0x00, 0x00, 0x1f, 0xff,
    0xfe, 0x00, 0x00, 0x00, 0x00, 0x00, 0x00, 0x00,
    0x00, 0x00, 0x00, 0x1f, 0xff, 0xfe, 0x00, 0x00,
    0x00, 0x00, 0x00, 0x00, 0x00, 0x00, 0x00, 0x00,
    0x0f, 0xff, 0xff, 0x00, 0x00, 0x00, 0x00, 0x00,
    0x00, 0x00, 0x00, 0x00, 0x00, 0x0e, 0xff, 0xff,
    0x10, 0x00, 0x00, 0x00, 0x00, 0x00, 0x00, 0x00,
    0x00, 0x00, 0x0c, 0xff, 0xff, 0x50, 0x00, 0x00,
    0x00, 0x00, 0x00, 0x00, 0x00, 0x00, 0x00, 0x09,
    0xff, 0xff, 0xa0, 0x00, 0x00, 0x00, 0x00, 0x00,
    0x00, 0x67, 0x77, 0x71, 0x04, 0xff, 0xff, 0xf1,
    0x00, 0x00, 0x00, 0x00, 0x00, 0x01, 0xff, 0xff,
    0xf0, 0x00, 0xef, 0xff, 0xfa, 0x00, 0x00, 0x00,
    0x00, 0x00, 0x08, 0xff, 0xff, 0xb0, 0x00, 0x7f,
    0xff, 0xff, 0x70, 0x00, 0x00, 0x00, 0x00, 0x4f,
    0xff, 0xff, 0x50, 0x00, 0x0d, 0xff, 0xff, 0xfa,
    0x10, 0x00, 0x00, 0x07, 0xff, 0xff, 0xfc, 0x00,
    0x00, 0x02, 0xff, 0xff, 0xff, 0xfb, 0x87, 0x7a,
    0xff, 0xff, 0xff, 0xf2, 0x00, 0x00, 0x00, 0x4f,
    0xff, 0xff, 0xff, 0xff, 0xff, 0xff, 0xff, 0xff,
    0x40, 0x00, 0x00, 0x00, 0x03, 0xef, 0xff, 0xff,
    0xff, 0xff, 0xff, 0xff, 0xe4, 0x00, 0x00, 0x00,
    0x00, 0x00, 0x18, 0xff, 0xff, 0xff, 0xff, 0xff,
    0xf9, 0x10, 0x00, 0x00, 0x00, 0x00, 0x00, 0x00,
    0x16, 0xad, 0xff, 0xed, 0xa6, 0x10, 0x00, 0x00,
    0x00,

    /* U+010B "ċ" */
    0x00, 0x00, 0x00, 0x00, 0x01, 0x31, 0x00, 0x00,
    0x00, 0x00, 0x00, 0x00, 0x00, 0x00, 0x6f, 0xff,
    0x70, 0x00, 0x00, 0x00, 0x00, 0x00, 0x00, 0x01,
    0xff, 0xff, 0xf2, 0x00, 0x00, 0x00, 0x00, 0x00,
    0x00, 0x03, 0xff, 0xff, 0xf4, 0x00, 0x00, 0x00,
    0x00, 0x00, 0x00, 0x00, 0xef, 0xff, 0xe1, 0x00,
    0x00, 0x00, 0x00, 0x00, 0x00, 0x00, 0x2c, 0xfc,
    0x30, 0x00, 0x00, 0x00, 0x00, 0x00, 0x00, 0x00,
    0x00, 0x00, 0x00, 0x00, 0x00, 0x00, 0x00, 0x00,
    0x00, 0x00, 0x00, 0x00, 0x00, 0x00, 0x00, 0x00,
    0x00, 0x00, 0x00, 0x00, 0x00, 0x00, 0x00, 0x00,
    0x00, 0x00, 0x00, 0x00, 0x00, 0x49, 0xcf, 0xfe,
    0xd9, 0x40, 0x00, 0x00, 0x00, 0x00, 0x2c, 0xff,
    0xff, 0xff, 0xff, 0xfd, 0x30, 0x00, 0x00, 0x04,
    0xff, 0xff, 0xff, 0xff, 0xff, 0xff, 0xf5, 0x00,
    0x00, 0x3f, 0xff, 0xff, 0xff, 0xff, 0xff, 0xff,
    0xff, 0x30, 0x00, 0xdf, 0xff, 0xfe, 0x60, 0x00,
    0x5d, 0xff, 0xff, 0xc0, 0x05, 0xff, 0xff, 0xe2,
    0x00, 0x00, 0x01, 0xef, 0xff, 0xf3, 0x0b, 0xff,
    0xff, 0x70, 0x00, 0x00, 0x00, 0x5f, 0xfd, 0xa3,
    0x0f, 0xff, 0xff, 0x00, 0x00, 0x00, 0x00, 0x03,
    0x00, 0x00, 0x3f, 0xff, 0xfc, 0x00, 0x00, 0x00,
    0x00, 0x00, 0x00, 0x00, 0x4f, 0xff, 0xfa, 0x00,
    0x00, 0x00, 0x00, 0x00, 0x00, 0x00, 0x5f, 0xff,
    0xf9, 0x00, 0x00, 0x00, 0x00, 0x00, 0x00, 0x00,
    0x4f, 0xff, 0xfa, 0x00, 0x00, 0x00, 0x00, 0x00,
    0x00, 0x00, 0x3f, 0xff, 0xfc, 0x00, 0x00, 0x00,
    0x00, 0x00, 0x00, 0x00, 0x0f, 0xff, 0xff, 0x00,
    0x00, 0x00, 0x00, 0x06, 0x20, 0x00, 0x0b, 0xff,
    0xff, 0x70, 0x00, 0x00, 0x00, 0x5f, 0xff, 0xc4,
    0x05, 0xff, 0xff, 0xe2, 0x00, 0x00, 0x01, 0xdf,
    0xff, 0xf3, 0x00, 0xdf, 0xff, 0xfe, 0x60, 0x00,
    0x5d, 0xff, 0xff, 0xc0, 0x00, 0x3f, 0xff, 0xff,
    0xff, 0xff, 0xff, 0xff, 0xff, 0x30, 0x00, 0x04,
    0xff, 0xff, 0xff, 0xff, 0xff, 0xff, 0xf5, 0x00,
    0x00, 0x00, 0x2c, 0xff, 0xff, 0xff, 0xff, 0xfc,
    0x30, 0x00, 0x00, 0x00, 0x00, 0x49, 0xdf, 0xff,
    0xd9, 0x40, 0x00, 0x00,

    /* U+010C "Č" */
    0x00, 0x00, 0x00, 0x18, 0x88, 0x81, 0x00, 0x00,
    0x88, 0x88, 0x30, 0x00, 0x00, 0x00, 0x00, 0x00,
    0x08, 0xff, 0xfb, 0x00, 0x09, 0xff, 0xfb, 0x00,
    0x00, 0x00, 0x00, 0x00, 0x00, 0x00, 0xaf, 0xff,
    0x70, 0x6f, 0xff, 0xd0, 0x00, 0x00, 0x00, 0x00,
    0x00, 0x00, 0x00, 0x0c, 0xff, 0xf7, 0xff, 0xfe,
    0x10, 0x00, 0x00, 0x00, 0x00, 0x00, 0x00, 0x00,
    0x01, 0xdf, 0xff, 0xff, 0xf2, 0x00, 0x00, 0x00,
    0x00, 0x00, 0x00, 0x00, 0x00, 0x00, 0x2e, 0xff,
    0xff, 0x40, 0x00, 0x00, 0x00, 0x00, 0x00, 0x00,
    0x00, 0x00, 0x00, 0x02, 0x55, 0x53, 0x00, 0x00,
    0x00, 0x00, 0x00, 0x00, 0x00, 0x00, 0x00, 0x00,
    0x00, 0x00, 0x00, 0x00, 0x00, 0x00, 0x00, 0x00,
    0x00, 0x00, 0x00, 0x00, 0x00, 0x00, 0x00, 0x00,
    0x00, 0x00, 0x00, 0x00, 0x00, 0x00, 0x00, 0x00,
    0x00, 0x05, 0xad, 0xef, 0xed, 0xa7, 0x10, 0x00,
    0x00, 0x00, 0x00, 0x00, 0x00, 0x08, 0xff, 0xff,
    0xff, 0xff, 0xff, 0xfb, 0x20, 0x00, 0x00, 0x00,
    0x00, 0x03, 0xdf, 0xff, 0xff, 0xff, 0xff, 0xff,
    0xff, 0xf7, 0x00, 0x00, 0x00, 0x00, 0x4f, 0xff,
    0xff, 0xff, 0xff, 0xff, 0xff, 0xff, 0xff, 0x80,
    0x00, 0x00, 0x02, 0xff, 0xff, 0xff, 0xfb, 0x87,
    0x7a, 0xef, 0xff, 0xff, 0xf5, 0x00, 0x00, 0x0d,
    0xff, 0xff, 0xfa, 0x10, 0x00, 0x00, 0x06, 0xff,
    0xff, 0xff, 0x10, 0x00, 0x6f, 0xff, 0xff, 0x70,
    0x00, 0x00, 0x00, 0x00, 0x2e, 0xff, 0xff, 0x70,
    0x00, 0xef, 0xff, 0xfa, 0x00, 0x00, 0x00, 0x00,
    0x00, 0x05, 0xff, 0xff, 0xd0, 0x04, 0xff, 0xff,
    0xf1, 0x00, 0x00, 0x00, 0x00, 0x00, 0x00, 0xef,
    0xff, 0xf1, 0x08, 0xff, 0xff, 0xa0, 0x00, 0x00,
    0x00, 0x00, 0x00, 0x00, 0x00, 0x00, 0x00, 0x0c,
    0xff, 0xff, 0x50, 0x00, 0x00, 0x00, 0x00, 0x00,
    0x00, 0x00, 0x00, 0x00, 0x0e, 0xff, 0xff, 0x10,
    0x00, 0x00, 0x00, 0x00, 0x00, 0x00, 0x00, 0x00,
    0x00, 0x0f, 0xff, 0xff, 0x00, 0x00, 0x00, 0x00,
    0x00, 0x00, 0x00, 0x00, 0x00, 0x00, 0x1f, 0xff,
    0xfe, 0x00, 0x00, 0x00, 0x00, 0x00, 0x00, 0x00,
    0x00, 0x00, 0x00, 0x1f, 0xff, 0xfe, 0x00, 0x00,
    0x00, 0x00, 0x00, 0x00, 0x00, 0x00, 0x00, 0x00,
    0x0f, 0xff, 0xff, 0x00, 0x00, 0x00, 0x00, 0x00,
    0x00, 0x00, 0x00, 0x00, 0x00, 0x0e, 0xff, 0xff,
    0x10, 0x00, 0x00, 0x00, 0x00, 0x00, 0x00, 0x00,
    0x00, 0x00, 0x0c, 0xff, 0xff, 0x50, 0x00, 0x00,
    0x00, 0x00, 0x00, 0x00, 0x00, 0x00, 0x00, 0x09,
    0xff, 0xff, 0xa0, 0x00, 0x00, 0x00, 0x00, 0x00,
    0x00, 0x8a, 0xaa, 0xa1, 0x04, 0xff, 0xff, 0xf1,
    0x00, 0x00, 0x00, 0x00, 0x00, 0x01, 0xff, 0xff,
    0xf0, 0x00, 0xef, 0xff, 0xfa, 0x00, 0x00, 0x00,
    0x00, 0x00, 0x09, 0xff, 0xff, 0xb0, 0x00, 0x7f,
    0xff, 0xff, 0x70, 0x00, 0x00, 0x00, 0x00, 0x5f,
    0xff, 0xff, 0x40, 0x00, 0x0d, 0xff, 0xff, 0xfa,
    0x10, 0x00, 0x00, 0x08, 0xff, 0xff, 0xfc, 0x00,
    0x00, 0x02, 0xff, 0xff, 0xff, 0xfb, 0x87, 0x8a,
    0xff, 0xff, 0xff, 0xf2, 0x00, 0x00, 0x00, 0x4f,
    0xff, 0xff, 0xff, 0xff, 0xff, 0xff, 0xff, 0xff,
    0x30, 0x00, 0x00, 0x00, 0x03, 0xef, 0xff, 0xff,
    0xff, 0xff, 0xff, 0xff, 0xe3, 0x00, 0x00, 0x00,
    0x00, 0x00, 0x18, 0xff, 0xff, 0xff, 0xff, 0xff,
    0xf8, 0x00, 0x00, 0x00, 0x00, 0x00, 0x00, 0x00,
    0x16, 0xad, 0xff, 0xed, 0xa6, 0x10, 0x00, 0x00,
    0x00,

    /* U+010D "č" */
    0x00, 0x01, 0x78, 0x87, 0x00, 0x00, 0x07, 0x88,
    0x83, 0x00, 0x00, 0x00, 0x8f, 0xff, 0xb0, 0x00,
    0xaf, 0xff, 0xb0, 0x00, 0x00, 0x00, 0x09, 0xff,
    0xf8, 0x07, 0xff, 0xfc, 0x00, 0x00, 0x00, 0x00,
    0x00, 0xaf, 0xff, 0x9f, 0xff, 0xc0, 0x00, 0x00,
    0x00, 0x00, 0x00, 0x0b, 0xff, 0xff, 0xfd, 0x10,
    0x00, 0x00, 0x00, 0x00, 0x00, 0x00, 0xcf, 0xff,
    0xe1, 0x00, 0x00, 0x00, 0x00, 0x00, 0x00, 0x00,
    0x00, 0x00, 0x00, 0x00, 0x00, 0x00, 0x00, 0x00,
    0x00, 0x00, 0x00, 0x00, 0x00, 0x00, 0x00, 0x00,
    0x00, 0x00, 0x00, 0x00, 0x00, 0x00, 0x00, 0x00,
    0x00, 0x00, 0x00, 0x00, 0x00, 0x49, 0xcf, 0xfe,
    0xd9, 0x40, 0x00, 0x00, 0x00, 0x00, 0x2c, 0xff,
    0xff, 0xff, 0xff, 0xfd, 0x30, 0x00, 0x00, 0x04,
    0xff, 0xff, 0xff, 0xff, 0xff, 0xff, 0xf5, 0x00,
    0x00, 0x3f, 0xff, 0xff, 0xff, 0xff, 0xff, 0xff,
    0xff, 0x30, 0x00, 0xdf, 0xff, 0xfe, 0x60, 0x00,
    0x5d, 0xff, 0xff, 0xc0, 0x05, 0xff, 0xff, 0xe2,
    0x00, 0x00, 0x01, 0xef, 0xff, 0xf3, 0x0b, 0xff,
    0xff, 0x70, 0x00, 0x00, 0x00, 0x5f, 0xfd, 0xa3,
    0x0f, 0xff, 0xff, 0x00, 0x00, 0x00, 0x00, 0x03,
    0x00, 0x00, 0x3f, 0xff, 0xfc, 0x00, 0x00, 0x00,
    0x00, 0x00, 0x00, 0x00, 0x4f, 0xff, 0xfa, 0x00,
    0x00, 0x00, 0x00, 0x00, 0x00, 0x00, 0x5f, 0xff,
    0xf9, 0x00, 0x00, 0x00, 0x00, 0x00, 0x00, 0x00,
    0x4f, 0xff, 0xfa, 0x00, 0x00, 0x00, 0x00, 0x00,
    0x00, 0x00, 0x3f, 0xff, 0xfc, 0x00, 0x00, 0x00,
    0x00, 0x00, 0x00, 0x00, 0x0f, 0xff, 0xff, 0x00,
    0x00, 0x00, 0x00, 0x06, 0x20, 0x00, 0x0b, 0xff,
    0xff, 0x70, 0x00, 0x00, 0x00, 0x5f, 0xff, 0xc4,
    0x05, 0xff, 0xff, 0xe2, 0x00, 0x00, 0x01, 0xdf,
    0xff, 0xf3, 0x00, 0xdf, 0xff, 0xfe, 0x60, 0x00,
    0x5d, 0xff, 0xff, 0xc0, 0x00, 0x3f, 0xff, 0xff,
    0xff, 0xff, 0xff, 0xff, 0xff, 0x30, 0x00, 0x04,
    0xff, 0xff, 0xff, 0xff, 0xff, 0xff, 0xf5, 0x00,
    0x00, 0x00, 0x2c, 0xff, 0xff, 0xff, 0xff, 0xfc,
    0x30, 0x00, 0x00, 0x00, 0x00, 0x49, 0xdf, 0xff,
    0xd9, 0x40, 0x00, 0x00,

    /* U+010E "Ď" */
    0x00, 0x3f, 0xff, 0xe2, 0x00, 0x07, 0xff, 0xfd,
    0x10, 0x00, 0x00, 0x00, 0x00, 0x04, 0xff, 0xfd,
    0x00, 0x4f, 0xff, 0xe2, 0x00, 0x00, 0x00, 0x00,
    0x00, 0x00, 0x6f, 0xff, 0xb2, 0xff, 0xfe, 0x20,
    0x00, 0x00, 0x00, 0x00, 0x00, 0x00, 0x07, 0xff,
    0xff, 0xff, 0xf3, 0x00, 0x00, 0x00, 0x00, 0x00,
    0x00, 0x00, 0x00, 0x8f, 0xff, 0xff, 0x30, 0x00,
    0x00, 0x00, 0x00, 0x00, 0x00, 0x00, 0x00, 0x06,
    0x88, 0x84, 0x00, 0x00, 0x00, 0x00, 0x00, 0x00,
    0x00, 0x00, 0x00, 0x00, 0x00, 0x00, 0x00, 0x00,
    0x00, 0x00, 0x00, 0x00, 0x00, 0x00, 0x00, 0x00,
    0x00, 0x00, 0x00, 0x00, 0x00, 0x00, 0x00, 0x00,
    0x3f, 0xff, 0xff, 0xff, 0xff, 0xfe, 0xdb, 0x72,
    0x00, 0x00, 0x00, 0x00, 0x3f, 0xff, 0xff, 0xff,
    0xff, 0xff, 0xff, 0xff, 0xb3, 0x00, 0x00, 0x00,
    0x3f, 0xff, 0xff, 0xff, 0xff, 0xff, 0xff, 0xff,
    0xff, 0x90, 0x00, 0x00, 0x3f, 0xff, 0xff, 0xff,
    0xff, 0xff, 0xff, 0xff, 0xff, 0xfb, 0x00, 0x00,
    0x3f, 0xff, 0xff, 0x44, 0x44, 0x46, 0x8d, 0xff,
    0xff, 0xff, 0xa0, 0x00, 0x3f, 0xff, 0xfb, 0x00,
    0x00, 0x00, 0x00, 0x3d, 0xff, 0xff, 0xf5, 0x00,
    0x3f, 0xff, 0xfb, 0x00, 0x00, 0x00, 0x00, 0x00,
    0xbf, 0xff, 0xfe, 0x00, 0x3f, 0xff, 0xfb, 0x00,
    0x00, 0x00, 0x00, 0x00, 0x1e, 0xff, 0xff, 0x50,
    0x3f, 0xff, 0xfb, 0x00, 0x00, 0x00, 0x00, 0x00,
    0x06, 0xff, 0xff, 0xb0, 0x3f, 0xff, 0xfb, 0x00,
    0x00, 0x00, 0x00, 0x00, 0x00, 0xff, 0xff, 0xf0,
    0x3f, 0xff, 0xfb, 0x00, 0x00, 0x00, 0x00, 0x00,
    0x00, 0xbf, 0xff, 0xf3, 0x3f, 0xff, 0xfb, 0x00,
    0x00, 0x00, 0x00, 0x00, 0x00, 0x8f, 0xff, 0xf5,
    0x3f, 0xff, 0xfb, 0x00, 0x00, 0x00, 0x00, 0x00,
    0x00, 0x6f, 0xff, 0xf7, 0x3f, 0xff, 0xfb, 0x00,
    0x00, 0x00, 0x00, 0x00, 0x00, 0x6f, 0xff, 0xf7,
    0x3f, 0xff, 0xfb, 0x00, 0x00, 0x00, 0x00, 0x00,
    0x00, 0x6f, 0xff, 0xf7, 0x3f, 0xff, 0xfb, 0x00,
    0x00, 0x00, 0x00, 0x00, 0x00, 0x6f, 0xff, 0xf7,
    0x3f, 0xff, 0xfb, 0x00, 0x00, 0x00, 0x00, 0x00,
    0x00, 0x8f, 0xff, 0xf5, 0x3f, 0xff, 0xfb, 0x00,
    0x00, 0x00, 0x00, 0x00, 0x00, 0xbf, 0xff, 0xf3,
    0x3f, 0xff, 0xfb, 0x00, 0x00, 0x00, 0x00, 0x00,
    0x00, 0xff, 0xff, 0xf0, 0x3f, 0xff, 0xfb, 0x00,
    0x00, 0x00, 0x00, 0x00, 0x06, 0xff, 0xff, 0xb0,
    0x3f, 0xff, 0xfb, 0x00, 0x00, 0x00, 0x00, 0x00,
    0x1e, 0xff, 0xff, 0x50, 0x3f, 0xff, 0xfb, 0x00,
    0x00, 0x00, 0x00, 0x00, 0xcf, 0xff, 0xfd, 0x00,
    0x3f, 0xff, 0xfb, 0x00, 0x00, 0x00, 0x00, 0x4d,
    0xff, 0xff, 0xf5, 0x00, 0x3f, 0xff, 0xff, 0x44,
    0x44, 0x46, 0x8d, 0xff, 0xff, 0xff, 0x90, 0x00,
    0x3f, 0xff, 0xff, 0xff, 0xff, 0xff, 0xff, 0xff,
    0xff, 0xfb, 0x00, 0x00, 0x3f, 0xff, 0xff, 0xff,
    0xff, 0xff, 0xff, 0xff, 0xff, 0x80, 0x00, 0x00,
    0x3f, 0xff, 0xff, 0xff, 0xff, 0xff, 0xff, 0xff,
    0xb3, 0x00, 0x00, 0x00, 0x3f, 0xff, 0xff, 0xff,
    0xff, 0xfe, 0xda, 0x72, 0x00, 0x00, 0x00, 0x00,

    /* U+010F "ď" */
    0x00, 0x00, 0x00, 0x00, 0x00, 0x00, 0x00, 0x00,
    0x00, 0x00, 0x00, 0x01, 0x11, 0x00, 0x00, 0x00,
    0x00, 0x00, 0x00, 0x00, 0x00, 0x00, 0x00, 0x00,
    0x07, 0xff, 0xf6, 0x00, 0x00, 0x00, 0x00, 0x00,
    0x00, 0x00, 0x0a, 0xff, 0xff, 0x20, 0x7f, 0xff,
    0x40, 0x00, 0x00, 0x00, 0x00, 0x00, 0x00, 0x00,
    0xaf, 0xff, 0xf2, 0x07, 0xff, 0xf2, 0x00, 0x00,
    0x00, 0x00, 0x00, 0x00, 0x00, 0x0a, 0xff, 0xff,
    0x20, 0x7f, 0xff, 0x00, 0x00, 0x00, 0x00, 0x00,
    0x00, 0x00, 0x00, 0xaf, 0xff, 0xf2, 0x07, 0xff,
    0xe0, 0x00, 0x00, 0x00, 0x00, 0x00, 0x00, 0x00,
    0x0a, 0xff, 0xff, 0x20, 0x7f, 0xfb, 0x00, 0x00,
    0x00, 0x00, 0x00, 0x00, 0x00, 0x00, 0xaf, 0xff,
    0xf2, 0x07, 0xff, 0x90, 0x00, 0x00, 0x00, 0x00,
    0x00, 0x00, 0x00, 0x0a, 0xff, 0xff, 0x20, 0x00,
    0x00, 0x00, 0x00, 0x00, 0x28, 0xdf, 0xfe, 0x93,
    0x00, 0xaf, 0xff, 0xf2, 0x00, 0x00, 0x00, 0x00,
    0x00, 0x8f, 0xff, 0xff, 0xff, 0xf7, 0x0a, 0xff,
    0xff, 0x20, 0x00, 0x00, 0x00, 0x00, 0xaf, 0xff,
    0xff, 0xff, 0xff, 0xf6, 0xaf, 0xff, 0xf2, 0x00,
    0x00, 0x00, 0x00, 0x7f, 0xff, 0xff, 0xff, 0xff,
    0xff, 0xfc, 0xff, 0xff, 0x20, 0x00, 0x00, 0x00,
    0x1f, 0xff, 0xff, 0xe7, 0x10, 0x16, 0xef, 0xff,
    0xff, 0xf2, 0x00, 0x00, 0x00, 0x08, 0xff, 0xff,
    0xf3, 0x00, 0x00, 0x02, 0xef, 0xff, 0xff, 0x20,
    0x00, 0x00, 0x00, 0xdf, 0xff, 0xf7, 0x00, 0x00,
    0x00, 0x06, 0xff, 0xff, 0xf2, 0x00, 0x00, 0x00,
    0x1f, 0xff, 0xff, 0x00, 0x00, 0x00, 0x00, 0x0f,
    0xff, 0xff, 0x20, 0x00, 0x00, 0x03, 0xff, 0xff,
    0xc0, 0x00, 0x00, 0x00, 0x00, 0xcf, 0xff, 0xf2,
    0x00, 0x00, 0x00, 0x4f, 0xff, 0xfa, 0x00, 0x00,
    0x00, 0x00, 0x0a, 0xff, 0xff, 0x20, 0x00, 0x00,
    0x05, 0xff, 0xff, 0x90, 0x00, 0x00, 0x00, 0x00,
    0x9f, 0xff, 0xf2, 0x00, 0x00, 0x00, 0x4f, 0xff,
    0xfa, 0x00, 0x00, 0x00, 0x00, 0x0a, 0xff, 0xff,
    0x20, 0x00, 0x00, 0x03, 0xff, 0xff, 0xc0, 0x00,
    0x00, 0x00, 0x00, 0xcf, 0xff, 0xf2, 0x00, 0x00,
    0x00, 0x1f, 0xff, 0xff, 0x10, 0x00, 0x00, 0x00,
    0x0f, 0xff, 0xff, 0x20, 0x00, 0x00, 0x00, 0xdf,
    0xff, 0xf7, 0x00, 0x00, 0x00, 0x07, 0xff, 0xff,
    0xf2, 0x00, 0x00, 0x00, 0x08, 0xff, 0xff, 0xf3,
    0x00, 0x00, 0x02, 0xef, 0xff, 0xff, 0x20, 0x00,
    0x00, 0x00, 0x1f, 0xff, 0xff, 0xf7, 0x10, 0x16,
    0xef, 0xff, 0xff, 0xf2, 0x00, 0x00, 0x00, 0x00,
    0x7f, 0xff, 0xff, 0xff, 0xff, 0xff, 0xfb, 0xff,
    0xff, 0x20, 0x00, 0x00, 0x00, 0x00, 0xaf, 0xff,
    0xff, 0xff, 0xff, 0xf6, 0x9f, 0xff, 0xf2, 0x00,
    0x00, 0x00, 0x00, 0x00, 0x8f, 0xff, 0xff, 0xff,
    0xf7, 0x09, 0xff, 0xff, 0x20, 0x00, 0x00, 0x00,
    0x00, 0x00, 0x28, 0xdf, 0xfe, 0xa3, 0x00, 0x9f,
    0xff, 0xf2, 0x00, 0x00, 0x00,

    /* U+0110 "Đ" */
    0x00, 0x01, 0xff, 0xff, 0xff, 0xff, 0xff, 0xfd,
    0xb8, 0x30, 0x00, 0x00, 0x00, 0x00, 0x00, 0x1f,
    0xff, 0xff, 0xff, 0xff, 0xff, 0xff, 0xff, 0xc4,
    0x00, 0x00, 0x00, 0x00, 0x01, 0xff, 0xff, 0xff,
    0xff, 0xff, 0xff, 0xff, 0xff, 0xfa, 0x00, 0x00,
    0x00, 0x00, 0x1f, 0xff, 0xff, 0xff, 0xff, 0xff,
    0xff, 0xff, 0xff, 0xfc, 0x10, 0x00, 0x00, 0x01,
    0xff, 0xff, 0xf4, 0x44, 0x44, 0x58, 0xcf, 0xff,
    0xff, 0xfb, 0x00, 0x00, 0x00, 0x1f, 0xff, 0xfd,
    0x00, 0x00, 0x00, 0x00, 0x3c, 0xff, 0xff, 0xf7,
    0x00, 0x00, 0x01, 0xff, 0xff, 0xd0, 0x00, 0x00,
    0x00, 0x00, 0x0a, 0xff, 0xff, 0xf1, 0x00, 0x00,
    0x1f, 0xff, 0xfd, 0x00, 0x00, 0x00, 0x00, 0x00,
    0x0d, 0xff, 0xff, 0x70, 0x00, 0x01, 0xff, 0xff,
    0xd0, 0x00, 0x00, 0x00, 0x00, 0x00, 0x4f, 0xff,
    0xfd, 0x00, 0x00, 0x1f, 0xff, 0xfd, 0x00, 0x00,
    0x00, 0x00, 0x00, 0x00, 0xef, 0xff, 0xf1, 0x00,
    0x01, 0xff, 0xff, 0xd0, 0x00, 0x00, 0x00, 0x00,
    0x00, 0x09, 0xff, 0xff, 0x50, 0x00, 0x1f, 0xff,
    0xfd, 0x00, 0x00, 0x00, 0x00, 0x00, 0x00, 0x6f,
    0xff, 0xf7, 0x47, 0x79, 0xff, 0xff, 0xf7, 0x77,
    0x77, 0x71, 0x00, 0x00, 0x05, 0xff, 0xff, 0x8a,
    0xff, 0xff, 0xff, 0xff, 0xff, 0xff, 0xff, 0x30,
    0x00, 0x00, 0x4f, 0xff, 0xf9, 0xaf, 0xff, 0xff,
    0xff, 0xff, 0xff, 0xff, 0xf3, 0x00, 0x00, 0x04,
    0xff, 0xff, 0x9a, 0xff, 0xff, 0xff, 0xff, 0xff,
    0xff, 0xff, 0x30, 0x00, 0x00, 0x5f, 0xff, 0xf8,
    0x00, 0x01, 0xff, 0xff, 0xd0, 0x00, 0x00, 0x00,
    0x00, 0x00, 0x07, 0xff, 0xff, 0x70, 0x00, 0x1f,
    0xff, 0xfd, 0x00, 0x00, 0x00, 0x00, 0x00, 0x00,
    0xaf, 0xff, 0xf4, 0x00, 0x01, 0xff, 0xff, 0xd0,
    0x00, 0x00, 0x00, 0x00, 0x00, 0x0e, 0xff, 0xff,
    0x10, 0x00, 0x1f, 0xff, 0xfd, 0x00, 0x00, 0x00,
    0x00, 0x00, 0x05, 0xff, 0xff, 0xd0, 0x00, 0x01,
    0xff, 0xff, 0xd0, 0x00, 0x00, 0x00, 0x00, 0x00,
    0xdf, 0xff, 0xf7, 0x00, 0x00, 0x1f, 0xff, 0xfd,
    0x00, 0x00, 0x00, 0x00, 0x00, 0xbf, 0xff, 0xfe,
    0x10, 0x00, 0x01, 0xff, 0xff, 0xd0, 0x00, 0x00,
    0x00, 0x03, 0xcf, 0xff, 0xff, 0x60, 0x00, 0x00,
    0x1f, 0xff, 0xff, 0x44, 0x44, 0x45, 0x8c, 0xff,
    0xff, 0xff, 0xb0, 0x00, 0x00, 0x01, 0xff, 0xff,
    0xff, 0xff, 0xff, 0xff, 0xff, 0xff, 0xff, 0xc0,
    0x00, 0x00, 0x00, 0x1f, 0xff, 0xff, 0xff, 0xff,
    0xff, 0xff, 0xff, 0xff, 0x90, 0x00, 0x00, 0x00,
    0x01, 0xff, 0xff, 0xff, 0xff, 0xff, 0xff, 0xff,
    0xfc, 0x40, 0x00, 0x00, 0x00, 0x00, 0x1f, 0xff,
    0xff, 0xff, 0xff, 0xfe, 0xdb, 0x72, 0x00, 0x00,
    0x00, 0x00,

    /* U+0111 "đ" */
    0x00, 0x00, 0x00, 0x00, 0x00, 0x00, 0x00, 0x0a,
    0xff, 0xff, 0x20, 0x00, 0x00, 0x00, 0x00, 0x00,
    0x01, 0x11, 0x11, 0xbf, 0xff, 0xf4, 0x10, 0x00,
    0x00, 0x00, 0x00, 0x03, 0xff, 0xff, 0xff, 0xff,
    0xff, 0xff, 0xa0, 0x00, 0x00, 0x00, 0x00, 0x3f,
    0xff, 0xff, 0xff, 0xff, 0xff, 0xfa, 0x00, 0x00,
    0x00, 0x00, 0x03, 0xff, 0xff, 0xff, 0xff, 0xff,
    0xff, 0xa0, 0x00, 0x00, 0x00, 0x00, 0x00, 0x00,
    0x00, 0xaf, 0xff, 0xf2, 0x00, 0x00, 0x00, 0x00,
    0x00, 0x00, 0x00, 0x00, 0x0a, 0xff, 0xff, 0x20,
    0x00, 0x00, 0x00, 0x28, 0xdf, 0xfe, 0x93, 0x00,
    0xaf, 0xff, 0xf2, 0x00, 0x00, 0x00, 0x8f, 0xff,
    0xff, 0xff, 0xf7, 0x0a, 0xff, 0xff, 0x20, 0x00,
    0x00, 0xaf, 0xff, 0xff, 0xff, 0xff, 0xf6, 0xaf,
    0xff, 0xf2, 0x00, 0x00, 0x7f, 0xff, 0xff, 0xff,
    0xff, 0xff, 0xfc, 0xff, 0xff, 0x20, 0x00, 0x1f,
    0xff, 0xff, 0xe7, 0x10, 0x16, 0xef, 0xff, 0xff,
    0xf2, 0x00, 0x08, 0xff, 0xff, 0xf3, 0x00, 0x00,
    0x02, 0xef, 0xff, 0xff, 0x20, 0x00, 0xdf, 0xff,
    0xf7, 0x00, 0x00, 0x00, 0x06, 0xff, 0xff, 0xf2,
    0x00, 0x1f, 0xff, 0xff, 0x00, 0x00, 0x00, 0x00,
    0x0f, 0xff, 0xff, 0x20, 0x03, 0xff, 0xff, 0xc0,
    0x00, 0x00, 0x00, 0x00, 0xcf, 0xff, 0xf2, 0x00,
    0x4f, 0xff, 0xfa, 0x00, 0x00, 0x00, 0x00, 0x0a,
    0xff, 0xff, 0x20, 0x05, 0xff, 0xff, 0x90, 0x00,
    0x00, 0x00, 0x00, 0x9f, 0xff, 0xf2, 0x00, 0x4f,
    0xff, 0xfa, 0x00, 0x00, 0x00, 0x00, 0x0a, 0xff,
    0xff, 0x20, 0x03, 0xff, 0xff, 0xc0, 0x00, 0x00,
    0x00, 0x00, 0xcf, 0xff, 0xf2, 0x00, 0x1f, 0xff,
    0xff, 0x10, 0x00, 0x00, 0x00, 0x0f, 0xff, 0xff,
    0x20, 0x00, 0xdf, 0xff, 0xf7, 0x00, 0x00, 0x00,
    0x07, 0xff, 0xff, 0xf2, 0x00, 0x08, 0xff, 0xff,
    0xf3, 0x00, 0x00, 0x02, 0xef, 0xff, 0xff, 0x20,
    0x00, 0x1f, 0xff, 0xff, 0xf7, 0x10, 0x16, 0xef,
    0xff, 0xff, 0xf2, 0x00, 0x00, 0x7f, 0xff, 0xff,
    0xff, 0xff, 0xff, 0xfb, 0xff, 0xff, 0x20, 0x00,
    0x00, 0xaf, 0xff, 0xff, 0xff, 0xff, 0xf6, 0x9f,
    0xff, 0xf2, 0x00, 0x00, 0x00, 0x8f, 0xff, 0xff,
    0xff, 0xf7, 0x09, 0xff, 0xff, 0x20, 0x00, 0x00,
    0x00, 0x28, 0xdf, 0xfe, 0xa3, 0x00, 0x9f, 0xff,
    0xf2, 0x00,

    /* U+0112 "Ē" */
    0x00, 0x00, 0x7f, 0xff, 0xff, 0xff, 0xff, 0xf1,
    0x00, 0x00, 0x00, 0x07, 0xff, 0xff, 0xff, 0xff,
    0xff, 0x10, 0x00, 0x00, 0x00, 0x7f, 0xff, 0xff,
    0xff, 0xff, 0xf1, 0x00, 0x00, 0x00, 0x01, 0x44,
    0x44, 0x44, 0x44, 0x44, 0x00, 0x00, 0x00, 0x00,
    0x00, 0x00, 0x00, 0x00, 0x00, 0x00, 0x00, 0x00,
    0x00, 0x00, 0x00, 0x00, 0x00, 0x00, 0x00, 0x00,
    0x00, 0x00, 0x00, 0x00, 0x00, 0x00, 0x00, 0x00,
    0x00, 0x00, 0x03, 0xff, 0xff, 0xff, 0xff, 0xff,
    0xff, 0xff, 0xff, 0xfc, 0x3f, 0xff, 0xff, 0xff,
    0xff, 0xff, 0xff, 0xff, 0xff, 0xc3, 0xff, 0xff,
    0xff, 0xff, 0xff, 0xff, 0xff, 0xff, 0xfc, 0x3f,
    0xff, 0xff, 0xff, 0xff, 0xff, 0xff, 0xff, 0xff,
    0xc3, 0xff, 0xff, 0xc2, 0x22, 0x22, 0x22, 0x22,
    0x22, 0x22, 0x3f, 0xff, 0xfb, 0x00, 0x00, 0x00,
    0x00, 0x00, 0x00, 0x03, 0xff, 0xff, 0xb0, 0x00,
    0x00, 0x00, 0x00, 0x00, 0x00, 0x3f, 0xff, 0xfb,
    0x00, 0x00, 0x00, 0x00, 0x00, 0x00, 0x03, 0xff,
    0xff, 0xb0, 0x00, 0x00, 0x00, 0x00, 0x00, 0x00,
    0x3f, 0xff, 0xfb, 0x00, 0x00, 0x00, 0x00, 0x00,
    0x00, 0x03, 0xff, 0xff, 0xb0, 0x00, 0x00, 0x00,
    0x00, 0x00, 0x00, 0x3f, 0xff, 0xfb, 0x00, 0x00,
    0x00, 0x00, 0x00, 0x00, 0x03, 0xff, 0xff, 0xff,
    0xff, 0xff, 0xff, 0xff, 0xff, 0xc0, 0x3f, 0xff,
    0xff, 0xff, 0xff, 0xff, 0xff, 0xff, 0xfc, 0x03,
    0xff, 0xff, 0xff, 0xff, 0xff, 0xff, 0xff, 0xff,
    0xc0, 0x3f, 0xff, 0xff, 0xff, 0xff, 0xff, 0xff,
    0xff, 0xfc, 0x03, 0xff, 0xff, 0xc2, 0x22, 0x22,
    0x22, 0x22, 0x22, 0x10, 0x3f, 0xff, 0xfb, 0x00,
    0x00, 0x00, 0x00, 0x00, 0x00, 0x03, 0xff, 0xff,
    0xb0, 0x00, 0x00, 0x00, 0x00, 0x00, 0x00, 0x3f,
    0xff, 0xfb, 0x00, 0x00, 0x00, 0x00, 0x00, 0x00,
    0x03, 0xff, 0xff, 0xb0, 0x00, 0x00, 0x00, 0x00,
    0x00, 0x00, 0x3f, 0xff, 0xfb, 0x00, 0x00, 0x00,
    0x00, 0x00, 0x00, 0x03, 0xff, 0xff, 0xb0, 0x00,
    0x00, 0x00, 0x00, 0x00, 0x00, 0x3f, 0xff, 0xfc,
    0x22, 0x22, 0x22, 0x22, 0x22, 0x22, 0x23, 0xff,
    0xff, 0xff, 0xff, 0xff, 0xff, 0xff, 0xff, 0xfd,
    0x3f, 0xff, 0xff, 0xff, 0xff, 0xff, 0xff, 0xff,
    0xff, 0xd3, 0xff, 0xff, 0xff, 0xff, 0xff, 0xff,
    0xff, 0xff, 0xfd, 0x3f, 0xff, 0xff, 0xff, 0xff,
    0xff, 0xff, 0xff, 0xff, 0xd0,

    /* U+0113 "ē" */
    0x00, 0x00, 0x0f, 0xff, 0xff, 0xff, 0xff, 0xf9,
    0x00, 0x00, 0x00, 0x00, 0x0f, 0xff, 0xff, 0xff,
    0xff, 0xf9, 0x00, 0x00, 0x00, 0x00, 0x0f, 0xff,
    0xff, 0xff, 0xff, 0xf9, 0x00, 0x00, 0x00, 0x00,
    0x03, 0x33, 0x33, 0x33, 0x33, 0x32, 0x00, 0x00,
    0x00, 0x00, 0x00, 0x00, 0x00, 0x00, 0x00, 0x00,
    0x00, 0x00, 0x00, 0x00, 0x00, 0x00, 0x00, 0x00,
    0x00, 0x00, 0x00, 0x00, 0x00, 0x00, 0x00, 0x00,
    0x00, 0x00, 0x00, 0x00, 0x00, 0x00, 0x00, 0x00,
    0x00, 0x49, 0xdf, 0xfe, 0xc8, 0x30, 0x00, 0x00,
    0x00, 0x00, 0x2c, 0xff, 0xff, 0xff, 0xff, 0xfb,
    0x10, 0x00, 0x00, 0x04, 0xff, 0xff, 0xff, 0xff,
    0xff, 0xff, 0xe3, 0x00, 0x00, 0x3f, 0xff, 0xff,
    0xfe, 0xce, 0xff, 0xff, 0xfe, 0x10, 0x00, 0xdf,
    0xff, 0xfb, 0x20, 0x00, 0x3c, 0xff, 0xff, 0xa0,
    0x05, 0xff, 0xff, 0xa0, 0x00, 0x00, 0x00, 0xcf,
    0xff, 0xf2, 0x0b, 0xff, 0xff, 0x10, 0x00, 0x00,
    0x00, 0x3f, 0xff, 0xf6, 0x0f, 0xff, 0xfa, 0x00,
    0x00, 0x00, 0x00, 0x0e, 0xff, 0xfa, 0x3f, 0xff,
    0xff, 0xff, 0xff, 0xff, 0xff, 0xff, 0xff, 0xfc,
    0x4f, 0xff, 0xff, 0xff, 0xff, 0xff, 0xff, 0xff,
    0xff, 0xfd, 0x5f, 0xff, 0xff, 0xff, 0xff, 0xff,
    0xff, 0xff, 0xff, 0xfe, 0x4f, 0xff, 0xfb, 0x44,
    0x44, 0x44, 0x44, 0x44, 0x44, 0x44, 0x3f, 0xff,
    0xf8, 0x00, 0x00, 0x00, 0x00, 0x00, 0x00, 0x00,
    0x0f, 0xff, 0xfb, 0x00, 0x00, 0x00, 0x00, 0x00,
    0x00, 0x00, 0x0c, 0xff, 0xff, 0x20, 0x00, 0x00,
    0x00, 0x08, 0x51, 0x00, 0x06, 0xff, 0xff, 0xb0,
    0x00, 0x00, 0x00, 0x7f, 0xff, 0xe5, 0x00, 0xdf,
    0xff, 0xfc, 0x30, 0x00, 0x18, 0xff, 0xff, 0xf1,
    0x00, 0x3f, 0xff, 0xff, 0xfe, 0xdd, 0xff, 0xff,
    0xff, 0x70, 0x00, 0x05, 0xff, 0xff, 0xff, 0xff,
    0xff, 0xff, 0xf9, 0x00, 0x00, 0x00, 0x2c, 0xff,
    0xff, 0xff, 0xff, 0xfe, 0x60, 0x00, 0x00, 0x00,
    0x00, 0x49, 0xce, 0xff, 0xda, 0x60, 0x00, 0x00,

    /* U+0114 "Ĕ" */
    0x00, 0x03, 0xff, 0xd0, 0x00, 0x00, 0x3f, 0xfc,
    0x00, 0x00, 0x00, 0x0f, 0xff, 0x20, 0x00, 0x08,
    0xff, 0xa0, 0x00, 0x00, 0x00, 0xaf, 0xfe, 0x40,
    0x18, 0xff, 0xf4, 0x00, 0x00, 0x00, 0x01, 0xef,
    0xff, 0xff, 0xff, 0xfa, 0x00, 0x00, 0x00, 0x00,
    0x02, 0xdf, 0xff, 0xff, 0xf9, 0x00, 0x00, 0x00,
    0x00, 0x00, 0x00, 0x6a, 0xcc, 0x93, 0x00, 0x00,
    0x00, 0x00, 0x00, 0x00, 0x00, 0x00, 0x00, 0x00,
    0x00, 0x00, 0x00, 0x00, 0x00, 0x00, 0x00, 0x00,
    0x00, 0x00, 0x00, 0x00, 0x3f, 0xff, 0xff, 0xff,
    0xff, 0xff, 0xff, 0xff, 0xff, 0xc3, 0xff, 0xff,
    0xff, 0xff, 0xff, 0xff, 0xff, 0xff, 0xfc, 0x3f,
    0xff, 0xff, 0xff, 0xff, 0xff, 0xff, 0xff, 0xff,
    0xc3, 0xff, 0xff, 0xff, 0xff, 0xff, 0xff, 0xff,
    0xff, 0xfc, 0x3f, 0xff, 0xfc, 0x22, 0x22, 0x22,
    0x22, 0x22, 0x22, 0x23, 0xff, 0xff, 0xb0, 0x00,
    0x00, 0x00, 0x00, 0x00, 0x00, 0x3f, 0xff, 0xfb,
    0x00, 0x00, 0x00, 0x00, 0x00, 0x00, 0x03, 0xff,
    0xff, 0xb0, 0x00, 0x00, 0x00, 0x00, 0x00, 0x00,
    0x3f, 0xff, 0xfb, 0x00, 0x00, 0x00, 0x00, 0x00,
    0x00, 0x03, 0xff, 0xff, 0xb0, 0x00, 0x00, 0x00,
    0x00, 0x00, 0x00, 0x3f, 0xff, 0xfb, 0x00, 0x00,
    0x00, 0x00, 0x00, 0x00, 0x03, 0xff, 0xff, 0xb0,
    0x00, 0x00, 0x00, 0x00, 0x00, 0x00, 0x3f, 0xff,
    0xff, 0xff, 0xff, 0xff, 0xff, 0xff, 0xfc, 0x03,
    0xff, 0xff, 0xff, 0xff, 0xff, 0xff, 0xff, 0xff,
    0xc0, 0x3f, 0xff, 0xff, 0xff, 0xff, 0xff, 0xff,
    0xff, 0xfc, 0x03, 0xff, 0xff, 0xff, 0xff, 0xff,
    0xff, 0xff, 0xff, 0xc0, 0x3f, 0xff, 0xfc, 0x22,
    0x22, 0x22, 0x22, 0x22, 0x21, 0x03, 0xff, 0xff,
    0xb0, 0x00, 0x00, 0x00, 0x00, 0x00, 0x00, 0x3f,
    0xff, 0xfb, 0x00, 0x00, 0x00, 0x00, 0x00, 0x00,
    0x03, 0xff, 0xff, 0xb0, 0x00, 0x00, 0x00, 0x00,
    0x00, 0x00, 0x3f, 0xff, 0xfb, 0x00, 0x00, 0x00,
    0x00, 0x00, 0x00, 0x03, 0xff, 0xff, 0xb0, 0x00,
    0x00, 0x00, 0x00, 0x00, 0x00, 0x3f, 0xff, 0xfb,
    0x00, 0x00, 0x00, 0x00, 0x00, 0x00, 0x03, 0xff,
    0xff, 0xc2, 0x22, 0x22, 0x22, 0x22, 0x22, 0x22,
    0x3f, 0xff, 0xff, 0xff, 0xff, 0xff, 0xff, 0xff,
    0xff, 0xd3, 0xff, 0xff, 0xff, 0xff, 0xff, 0xff,
    0xff, 0xff, 0xfd, 0x3f, 0xff, 0xff, 0xff, 0xff,
    0xff, 0xff, 0xff, 0xff, 0xd3, 0xff, 0xff, 0xff,
    0xff, 0xff, 0xff, 0xff, 0xff, 0xfd,

    /* U+0115 "ĕ" */
    0x00, 0x00, 0x58, 0x82, 0x00, 0x00, 0x05, 0x88,
    0x20, 0x00, 0x00, 0x00, 0x9f, 0xf7, 0x00, 0x00,
    0x0d, 0xff, 0x30, 0x00, 0x00, 0x00, 0x4f, 0xff,
    0x50, 0x01, 0xaf, 0xfe, 0x00, 0x00, 0x00, 0x00,
    0x0b, 0xff, 0xff, 0xdf, 0xff, 0xf5, 0x00, 0x00,
    0x00, 0x00, 0x01, 0xcf, 0xff, 0xff, 0xff, 0x70,
    0x00, 0x00, 0x00, 0x00, 0x00, 0x05, 0xbe, 0xfd,
    0x93, 0x00, 0x00, 0x00, 0x00, 0x00, 0x00, 0x00,
    0x00, 0x00, 0x00, 0x00, 0x00, 0x00, 0x00, 0x00,
    0x00, 0x00, 0x00, 0x00, 0x00, 0x00, 0x00, 0x00,
    0x00, 0x00, 0x00, 0x00, 0x00, 0x00, 0x00, 0x00,
    0x00, 0x00, 0x00, 0x00, 0x00, 0x49, 0xdf, 0xfe,
    0xc8, 0x30, 0x00, 0x00, 0x00, 0x00, 0x2c, 0xff,
    0xff, 0xff, 0xff, 0xfb, 0x10, 0x00, 0x00, 0x04,
    0xff, 0xff, 0xff, 0xff, 0xff, 0xff, 0xe3, 0x00,
    0x00, 0x3f, 0xff, 0xff, 0xfe, 0xce, 0xff, 0xff,
    0xfe, 0x10, 0x00, 0xdf, 0xff, 0xfb, 0x20, 0x00,
    0x3c, 0xff, 0xff, 0xa0, 0x05, 0xff, 0xff, 0xa0,
    0x00, 0x00, 0x00, 0xcf, 0xff, 0xf2, 0x0b, 0xff,
    0xff, 0x10, 0x00, 0x00, 0x00, 0x3f, 0xff, 0xf6,
    0x0f, 0xff, 0xfa, 0x00, 0x00, 0x00, 0x00, 0x0e,
    0xff, 0xfa, 0x3f, 0xff, 0xff, 0xff, 0xff, 0xff,
    0xff, 0xff, 0xff, 0xfc, 0x4f, 0xff, 0xff, 0xff,
    0xff, 0xff, 0xff, 0xff, 0xff, 0xfd, 0x5f, 0xff,
    0xff, 0xff, 0xff, 0xff, 0xff, 0xff, 0xff, 0xfe,
    0x4f, 0xff, 0xfb, 0x44, 0x44, 0x44, 0x44, 0x44,
    0x44, 0x44, 0x3f, 0xff, 0xf8, 0x00, 0x00, 0x00,
    0x00, 0x00, 0x00, 0x00, 0x0f, 0xff, 0xfb, 0x00,
    0x00, 0x00, 0x00, 0x00, 0x00, 0x00, 0x0c, 0xff,
    0xff, 0x20, 0x00, 0x00, 0x00, 0x08, 0x51, 0x00,
    0x06, 0xff, 0xff, 0xb0, 0x00, 0x00, 0x00, 0x7f,
    0xff, 0xe5, 0x00, 0xdf, 0xff, 0xfc, 0x30, 0x00,
    0x18, 0xff, 0xff, 0xf1, 0x00, 0x3f, 0xff, 0xff,
    0xfe, 0xdd, 0xff, 0xff, 0xff, 0x70, 0x00, 0x05,
    0xff, 0xff, 0xff, 0xff, 0xff, 0xff, 0xf9, 0x00,
    0x00, 0x00, 0x2c, 0xff, 0xff, 0xff, 0xff, 0xfe,
    0x60, 0x00, 0x00, 0x00, 0x00, 0x49, 0xce, 0xff,
    0xda, 0x60, 0x00, 0x00,

    /* U+0116 "Ė" */
    0x00, 0x00, 0x00, 0x01, 0xae, 0xe6, 0x00, 0x00,
    0x00, 0x00, 0x00, 0x00, 0x00, 0xaf, 0xff, 0xf4,
    0x00, 0x00, 0x00, 0x00, 0x00, 0x00, 0x0e, 0xff,
    0xff, 0x90, 0x00, 0x00, 0x00, 0x00, 0x00, 0x00,
    0xcf, 0xff, 0xf6, 0x00, 0x00, 0x00, 0x00, 0x00,
    0x00, 0x02, 0xef, 0xfa, 0x00, 0x00, 0x00, 0x00,
    0x00, 0x00, 0x00, 0x00, 0x32, 0x00, 0x00, 0x00,
    0x00, 0x00, 0x00, 0x00, 0x00, 0x00, 0x00, 0x00,
    0x00, 0x00, 0x00, 0x00, 0x00, 0x00, 0x00, 0x00,
    0x00, 0x00, 0x00, 0x00, 0x3f, 0xff, 0xff, 0xff,
    0xff, 0xff, 0xff, 0xff, 0xff, 0xc3, 0xff, 0xff,
    0xff, 0xff, 0xff, 0xff, 0xff, 0xff, 0xfc, 0x3f,
    0xff, 0xff, 0xff, 0xff, 0xff, 0xff, 0xff, 0xff,
    0xc3, 0xff, 0xff, 0xff, 0xff, 0xff, 0xff, 0xff,
    0xff, 0xfc, 0x3f, 0xff, 0xfc, 0x22, 0x22, 0x22,
    0x22, 0x22, 0x22, 0x23, 0xff, 0xff, 0xb0, 0x00,
    0x00, 0x00, 0x00, 0x00, 0x00, 0x3f, 0xff, 0xfb,
    0x00, 0x00, 0x00, 0x00, 0x00, 0x00, 0x03, 0xff,
    0xff, 0xb0, 0x00, 0x00, 0x00, 0x00, 0x00, 0x00,
    0x3f, 0xff, 0xfb, 0x00, 0x00, 0x00, 0x00, 0x00,
    0x00, 0x03, 0xff, 0xff, 0xb0, 0x00, 0x00, 0x00,
    0x00, 0x00, 0x00, 0x3f, 0xff, 0xfb, 0x00, 0x00,
    0x00, 0x00, 0x00, 0x00, 0x03, 0xff, 0xff, 0xb0,
    0x00, 0x00, 0x00, 0x00, 0x00, 0x00, 0x3f, 0xff,
    0xff, 0xff, 0xff, 0xff, 0xff, 0xff, 0xfc, 0x03,
    0xff, 0xff, 0xff, 0xff, 0xff, 0xff, 0xff, 0xff,
    0xc0, 0x3f, 0xff, 0xff, 0xff, 0xff, 0xff, 0xff,
    0xff, 0xfc, 0x03, 0xff, 0xff, 0xff, 0xff, 0xff,
    0xff, 0xff, 0xff, 0xc0, 0x3f, 0xff, 0xfc, 0x22,
    0x22, 0x22, 0x22, 0x22, 0x21, 0x03, 0xff, 0xff,
    0xb0, 0x00, 0x00, 0x00, 0x00, 0x00, 0x00, 0x3f,
    0xff, 0xfb, 0x00, 0x00, 0x00, 0x00, 0x00, 0x00,
    0x03, 0xff, 0xff, 0xb0, 0x00, 0x00, 0x00, 0x00,
    0x00, 0x00, 0x3f, 0xff, 0xfb, 0x00, 0x00, 0x00,
    0x00, 0x00, 0x00, 0x03, 0xff, 0xff, 0xb0, 0x00,
    0x00, 0x00, 0x00, 0x00, 0x00, 0x3f, 0xff, 0xfb,
    0x00, 0x00, 0x00, 0x00, 0x00, 0x00, 0x03, 0xff,
    0xff, 0xc2, 0x22, 0x22, 0x22, 0x22, 0x22, 0x22,
    0x3f, 0xff, 0xff, 0xff, 0xff, 0xff, 0xff, 0xff,
    0xff, 0xd3, 0xff, 0xff, 0xff, 0xff, 0xff, 0xff,
    0xff, 0xff, 0xfd, 0x3f, 0xff, 0xff, 0xff, 0xff,
    0xff, 0xff, 0xff, 0xff, 0xd3, 0xff, 0xff, 0xff,
    0xff, 0xff, 0xff, 0xff, 0xff, 0xfd,

    /* U+0117 "ė" */
    0x00, 0x00, 0x00, 0x00, 0x02, 0x30, 0x00, 0x00,
    0x00, 0x00, 0x00, 0x00, 0x00, 0x00, 0x9f, 0xfe,
    0x40, 0x00, 0x00, 0x00, 0x00, 0x00, 0x00, 0x04,
    0xff, 0xff, 0xe0, 0x00, 0x00, 0x00, 0x00, 0x00,
    0x00, 0x06, 0xff, 0xff, 0xf1, 0x00, 0x00, 0x00,
    0x00, 0x00, 0x00, 0x02, 0xff, 0xff, 0xc0, 0x00,
    0x00, 0x00, 0x00, 0x00, 0x00, 0x00, 0x4d, 0xfb,
    0x10, 0x00, 0x00, 0x00, 0x00, 0x00, 0x00, 0x00,
    0x00, 0x00, 0x00, 0x00, 0x00, 0x00, 0x00, 0x00,
    0x00, 0x00, 0x00, 0x00, 0x00, 0x00, 0x00, 0x00,
    0x00, 0x00, 0x00, 0x00, 0x00, 0x00, 0x00, 0x00,
    0x00, 0x00, 0x00, 0x00, 0x00, 0x49, 0xdf, 0xfe,
    0xc8, 0x30, 0x00, 0x00, 0x00, 0x00, 0x2c, 0xff,
    0xff, 0xff, 0xff, 0xfb, 0x10, 0x00, 0x00, 0x04,
    0xff, 0xff, 0xff, 0xff, 0xff, 0xff, 0xe3, 0x00,
    0x00, 0x3f, 0xff, 0xff, 0xfe, 0xce, 0xff, 0xff,
    0xfe, 0x10, 0x00, 0xdf, 0xff, 0xfb, 0x20, 0x00,
    0x3c, 0xff, 0xff, 0xa0, 0x05, 0xff, 0xff, 0xa0,
    0x00, 0x00, 0x00, 0xcf, 0xff, 0xf2, 0x0b, 0xff,
    0xff, 0x10, 0x00, 0x00, 0x00, 0x3f, 0xff, 0xf6,
    0x0f, 0xff, 0xfa, 0x00, 0x00, 0x00, 0x00, 0x0e,
    0xff, 0xfa, 0x3f, 0xff, 0xff, 0xff, 0xff, 0xff,
    0xff, 0xff, 0xff, 0xfc, 0x4f, 0xff, 0xff, 0xff,
    0xff, 0xff, 0xff, 0xff, 0xff, 0xfd, 0x5f, 0xff,
    0xff, 0xff, 0xff, 0xff, 0xff, 0xff, 0xff, 0xfe,
    0x4f, 0xff, 0xfb, 0x44, 0x44, 0x44, 0x44, 0x44,
    0x44, 0x44, 0x3f, 0xff, 0xf8, 0x00, 0x00, 0x00,
    0x00, 0x00, 0x00, 0x00, 0x0f, 0xff, 0xfb, 0x00,
    0x00, 0x00, 0x00, 0x00, 0x00, 0x00, 0x0c, 0xff,
    0xff, 0x20, 0x00, 0x00, 0x00, 0x08, 0x51, 0x00,
    0x06, 0xff, 0xff, 0xb0, 0x00, 0x00, 0x00, 0x7f,
    0xff, 0xe5, 0x00, 0xdf, 0xff, 0xfc, 0x30, 0x00,
    0x18, 0xff, 0xff, 0xf1, 0x00, 0x3f, 0xff, 0xff,
    0xfe, 0xdd, 0xff, 0xff, 0xff, 0x70, 0x00, 0x05,
    0xff, 0xff, 0xff, 0xff, 0xff, 0xff, 0xf9, 0x00,
    0x00, 0x00, 0x2c, 0xff, 0xff, 0xff, 0xff, 0xfe,
    0x60, 0x00, 0x00, 0x00, 0x00, 0x49, 0xce, 0xff,
    0xda, 0x60, 0x00, 0x00,

    /* U+0118 "Ę" */
    0x3f, 0xff, 0xff, 0xff, 0xff, 0xff, 0xff, 0xff,
    0xff, 0xc0, 0x3f, 0xff, 0xff, 0xff, 0xff, 0xff,
    0xff, 0xff, 0xff, 0xc0, 0x3f, 0xff, 0xff, 0xff,
    0xff, 0xff, 0xff, 0xff, 0xff, 0xc0, 0x3f, 0xff,
    0xff, 0xff, 0xff, 0xff, 0xff, 0xff, 0xff, 0xc0,
    0x3f, 0xff, 0xfc, 0x22, 0x22, 0x22, 0x22, 0x22,
    0x22, 0x20, 0x3f, 0xff, 0xfb, 0x00, 0x00, 0x00,
    0x00, 0x00, 0x00, 0x00, 0x3f, 0xff, 0xfb, 0x00,
    0x00, 0x00, 0x00, 0x00, 0x00, 0x00, 0x3f, 0xff,
    0xfb, 0x00, 0x00, 0x00, 0x00, 0x00, 0x00, 0x00,
    0x3f, 0xff, 0xfb, 0x00, 0x00, 0x00, 0x00, 0x00,
    0x00, 0x00, 0x3f, 0xff, 0xfb, 0x00, 0x00, 0x00,
    0x00, 0x00, 0x00, 0x00, 0x3f, 0xff, 0xfb, 0x00,
    0x00, 0x00, 0x00, 0x00, 0x00, 0x00, 0x3f, 0xff,
    0xfb, 0x00, 0x00, 0x00, 0x00, 0x00, 0x00, 0x00,
    0x3f, 0xff, 0xff, 0xff, 0xff, 0xff, 0xff, 0xff,
    0xfc, 0x00, 0x3f, 0xff, 0xff, 0xff, 0xff, 0xff,
    0xff, 0xff, 0xfc, 0x00, 0x3f, 0xff, 0xff, 0xff,
    0xff, 0xff, 0xff, 0xff, 0xfc, 0x00, 0x3f, 0xff,
    0xff, 0xff, 0xff, 0xff, 0xff, 0xff, 0xfc, 0x00,
    0x3f, 0xff, 0xfc, 0x22, 0x22, 0x22, 0x22, 0x22,
    0x21, 0x00, 0x3f, 0xff, 0xfb, 0x00, 0x00, 0x00,
    0x00, 0x00, 0x00, 0x00, 0x3f, 0xff, 0xfb, 0x00,
    0x00, 0x00, 0x00, 0x00, 0x00, 0x00, 0x3f, 0xff,
    0xfb, 0x00, 0x00, 0x00, 0x00, 0x00, 0x00, 0x00,
    0x3f, 0xff, 0xfb, 0x00, 0x00, 0x00, 0x00, 0x00,
    0x00, 0x00, 0x3f, 0xff, 0xfb, 0x00, 0x00, 0x00,
    0x00, 0x00, 0x00, 0x00, 0x3f, 0xff, 0xfb, 0x00,
    0x00, 0x00, 0x00, 0x00, 0x00, 0x00, 0x3f, 0xff,
    0xfc, 0x22, 0x22, 0x22, 0x22, 0x22, 0x22, 0x20,
    0x3f, 0xff, 0xff, 0xff, 0xff, 0xff, 0xff, 0xff,
    0xff, 0xd0, 0x3f, 0xff, 0xff, 0xff, 0xff, 0xff,
    0xff, 0xff, 0xff, 0xd0, 0x3f, 0xff, 0xff, 0xff,
    0xff, 0xff, 0xff, 0xff, 0xff, 0xd0, 0x3f, 0xff,
    0xff, 0xff, 0xff, 0xff, 0xff, 0xff, 0xff, 0xd0,
    0x00, 0x00, 0x00, 0x00, 0x00, 0x00, 0x0c, 0xff,
    0xfc, 0x30, 0x00, 0x00, 0x00, 0x00, 0x00, 0x00,
    0xaf, 0xff, 0xa0, 0x00, 0x00, 0x00, 0x00, 0x00,
    0x00, 0x03, 0xff, 0xff, 0x00, 0x00, 0x00, 0x00,
    0x00, 0x00, 0x00, 0x07, 0xff, 0xfc, 0x00, 0x00,
    0x00, 0x00, 0x00, 0x00, 0x00, 0x08, 0xff, 0xff,
    0x64, 0x60, 0x00, 0x00, 0x00, 0x00, 0x00, 0x05,
    0xff, 0xff, 0xff, 0xf3, 0x00, 0x00, 0x00, 0x00,
    0x00, 0x00, 0xbf, 0xff, 0xff, 0xf9, 0x00, 0x00,
    0x00, 0x00, 0x00, 0x00, 0x06, 0xce, 0xfd, 0xa3,

    /* U+0119 "ę" */
    0x00, 0x00, 0x00, 0x49, 0xdf, 0xfe, 0xc8, 0x20,
    0x00, 0x00, 0x00, 0x00, 0x2c, 0xff, 0xff, 0xff,
    0xff, 0xfa, 0x10, 0x00, 0x00, 0x04, 0xff, 0xff,
    0xff, 0xff, 0xff, 0xff, 0xd2, 0x00, 0x00, 0x3f,
    0xff, 0xff, 0xfe, 0xde, 0xff, 0xff, 0xfd, 0x00,
    0x00, 0xdf, 0xff, 0xfb, 0x20, 0x00, 0x4d, 0xff,
    0xff, 0x80, 0x05, 0xff, 0xff, 0xa0, 0x00, 0x00,
    0x01, 0xef, 0xff, 0xf0, 0x0b, 0xff, 0xff, 0x10,
    0x00, 0x00, 0x00, 0x6f, 0xff, 0xf5, 0x0f, 0xff,
    0xfa, 0x00, 0x00, 0x00, 0x00, 0x1f, 0xff, 0xf9,
    0x3f, 0xff, 0xfc, 0x44, 0x44, 0x44, 0x44, 0x4f,
    0xff, 0xfb, 0x4f, 0xff, 0xff, 0xff, 0xff, 0xff,
    0xff, 0xff, 0xff, 0xfd, 0x5f, 0xff, 0xff, 0xff,
    0xff, 0xff, 0xff, 0xff, 0xff, 0xfe, 0x4f, 0xff,
    0xff, 0xff, 0xff, 0xff, 0xff, 0xff, 0xff, 0xfe,
    0x3f, 0xff, 0xf8, 0x00, 0x00, 0x00, 0x00, 0x00,
    0x00, 0x00, 0x0f, 0xff, 0xfb, 0x00, 0x00, 0x00,
    0x00, 0x00, 0x00, 0x00, 0x0c, 0xff, 0xff, 0x20,
    0x00, 0x00, 0x00, 0x02, 0x00, 0x00, 0x06, 0xff,
    0xff, 0xb0, 0x00, 0x00, 0x00, 0x4f, 0xfd, 0xa5,
    0x00, 0xdf, 0xff, 0xfc, 0x30, 0x00, 0x07, 0xff,
    0xff, 0xf6, 0x00, 0x3f, 0xff, 0xff, 0xfe, 0xdd,
    0xff, 0xff, 0xff, 0xf0, 0x00, 0x05, 0xff, 0xff,
    0xff, 0xff, 0xff, 0xff, 0xff, 0x60, 0x00, 0x00,
    0x2c, 0xff, 0xff, 0xff, 0xff, 0xff, 0xfc, 0x00,
    0x00, 0x00, 0x00, 0x49, 0xce, 0xff, 0xef, 0xff,
    0xf3, 0x00, 0x00, 0x00, 0x00, 0x00, 0x00, 0x00,
    0x9f, 0xff, 0x90, 0x00, 0x00, 0x00, 0x00, 0x00,
    0x00, 0x03, 0xff, 0xfe, 0x10, 0x00, 0x00, 0x00,
    0x00, 0x00, 0x00, 0x0a, 0xff, 0xf8, 0x00, 0x00,
    0x00, 0x00, 0x00, 0x00, 0x00, 0x0d, 0xff, 0xf6,
    0x00, 0x00, 0x00, 0x00, 0x00, 0x00, 0x00, 0x0e,
    0xff, 0xfd, 0x45, 0x40, 0x00, 0x00, 0x00, 0x00,
    0x00, 0x0b, 0xff, 0xff, 0xff, 0xd0, 0x00, 0x00,
    0x00, 0x00, 0x00, 0x02, 0xef, 0xff, 0xff, 0xf3,
    0x00, 0x00, 0x00, 0x00, 0x00, 0x00, 0x19, 0xef,
    0xfc, 0x71,

    /* U+011A "Ě" */
    0x00, 0x0a, 0xff, 0xf9, 0x00, 0x01, 0xef, 0xff,
    0x70, 0x00, 0x00, 0x0c, 0xff, 0xf6, 0x00, 0xcf,
    0xff, 0x80, 0x00, 0x00, 0x00, 0x0c, 0xff, 0xf3,
    0x9f, 0xff, 0x90, 0x00, 0x00, 0x00, 0x00, 0x1d,
    0xff, 0xff, 0xff, 0xa0, 0x00, 0x00, 0x00, 0x00,
    0x00, 0x2e, 0xff, 0xff, 0xb0, 0x00, 0x00, 0x00,
    0x00, 0x00, 0x00, 0x28, 0x88, 0x70, 0x00, 0x00,
    0x00, 0x00, 0x00, 0x00, 0x00, 0x00, 0x00, 0x00,
    0x00, 0x00, 0x00, 0x00, 0x00, 0x00, 0x00, 0x00,
    0x00, 0x00, 0x00, 0x00, 0x3f, 0xff, 0xff, 0xff,
    0xff, 0xff, 0xff, 0xff, 0xff, 0xc3, 0xff, 0xff,
    0xff, 0xff, 0xff, 0xff, 0xff, 0xff, 0xfc, 0x3f,
    0xff, 0xff, 0xff, 0xff, 0xff, 0xff, 0xff, 0xff,
    0xc3, 0xff, 0xff, 0xff, 0xff, 0xff, 0xff, 0xff,
    0xff, 0xfc, 0x3f, 0xff, 0xfc, 0x22, 0x22, 0x22,
    0x22, 0x22, 0x22, 0x23, 0xff, 0xff, 0xb0, 0x00,
    0x00, 0x00, 0x00, 0x00, 0x00, 0x3f, 0xff, 0xfb,
    0x00, 0x00, 0x00, 0x00, 0x00, 0x00, 0x03, 0xff,
    0xff, 0xb0, 0x00, 0x00, 0x00, 0x00, 0x00, 0x00,
    0x3f, 0xff, 0xfb, 0x00, 0x00, 0x00, 0x00, 0x00,
    0x00, 0x03, 0xff, 0xff, 0xb0, 0x00, 0x00, 0x00,
    0x00, 0x00, 0x00, 0x3f, 0xff, 0xfb, 0x00, 0x00,
    0x00, 0x00, 0x00, 0x00, 0x03, 0xff, 0xff, 0xb0,
    0x00, 0x00, 0x00, 0x00, 0x00, 0x00, 0x3f, 0xff,
    0xff, 0xff, 0xff, 0xff, 0xff, 0xff, 0xfc, 0x03,
    0xff, 0xff, 0xff, 0xff, 0xff, 0xff, 0xff, 0xff,
    0xc0, 0x3f, 0xff, 0xff, 0xff, 0xff, 0xff, 0xff,
    0xff, 0xfc, 0x03, 0xff, 0xff, 0xff, 0xff, 0xff,
    0xff, 0xff, 0xff, 0xc0, 0x3f, 0xff, 0xfc, 0x22,
    0x22, 0x22, 0x22, 0x22, 0x21, 0x03, 0xff, 0xff,
    0xb0, 0x00, 0x00, 0x00, 0x00, 0x00, 0x00, 0x3f,
    0xff, 0xfb, 0x00, 0x00, 0x00, 0x00, 0x00, 0x00,
    0x03, 0xff, 0xff, 0xb0, 0x00, 0x00, 0x00, 0x00,
    0x00, 0x00, 0x3f, 0xff, 0xfb, 0x00, 0x00, 0x00,
    0x00, 0x00, 0x00, 0x03, 0xff, 0xff, 0xb0, 0x00,
    0x00, 0x00, 0x00, 0x00, 0x00, 0x3f, 0xff, 0xfb,
    0x00, 0x00, 0x00, 0x00, 0x00, 0x00, 0x03, 0xff,
    0xff, 0xc2, 0x22, 0x22, 0x22, 0x22, 0x22, 0x22,
    0x3f, 0xff, 0xff, 0xff, 0xff, 0xff, 0xff, 0xff,
    0xff, 0xd3, 0xff, 0xff, 0xff, 0xff, 0xff, 0xff,
    0xff, 0xff, 0xfd, 0x3f, 0xff, 0xff, 0xff, 0xff,
    0xff, 0xff, 0xff, 0xff, 0xd3, 0xff, 0xff, 0xff,
    0xff, 0xff, 0xff, 0xff, 0xff, 0xfd,

    /* U+011B "ě" */
    0x00, 0x03, 0x88, 0x86, 0x00, 0x00, 0x28, 0x88,
    0x71, 0x00, 0x00, 0x00, 0xbf, 0xff, 0x70, 0x00,
    0xdf, 0xff, 0x80, 0x00, 0x00, 0x00, 0x0c, 0xff,
    0xf5, 0x0a, 0xff, 0xf8, 0x00, 0x00, 0x00, 0x00,
    0x01, 0xdf, 0xff, 0x9f, 0xff, 0x90, 0x00, 0x00,
    0x00, 0x00, 0x00, 0x1e, 0xff, 0xff, 0xfa, 0x00,
    0x00, 0x00, 0x00, 0x00, 0x00, 0x02, 0xef, 0xff,
    0xb0, 0x00, 0x00, 0x00, 0x00, 0x00, 0x00, 0x00,
    0x00, 0x00, 0x00, 0x00, 0x00, 0x00, 0x00, 0x00,
    0x00, 0x00, 0x00, 0x00, 0x00, 0x00, 0x00, 0x00,
    0x00, 0x00, 0x00, 0x00, 0x00, 0x00, 0x00, 0x00,
    0x00, 0x00, 0x00, 0x00, 0x00, 0x49, 0xdf, 0xfe,
    0xc8, 0x30, 0x00, 0x00, 0x00, 0x00, 0x2c, 0xff,
    0xff, 0xff, 0xff, 0xfb, 0x10, 0x00, 0x00, 0x04,
    0xff, 0xff, 0xff, 0xff, 0xff, 0xff, 0xe3, 0x00,
    0x00, 0x3f, 0xff, 0xff, 0xfe, 0xce, 0xff, 0xff,
    0xfe, 0x10, 0x00, 0xdf, 0xff, 0xfb, 0x20, 0x00,
    0x3c, 0xff, 0xff, 0xa0, 0x05, 0xff, 0xff, 0xa0,
    0x00, 0x00, 0x00, 0xcf, 0xff, 0xf2, 0x0b, 0xff,
    0xff, 0x10, 0x00, 0x00, 0x00, 0x3f, 0xff, 0xf6,
    0x0f, 0xff, 0xfa, 0x00, 0x00, 0x00, 0x00, 0x0e,
    0xff, 0xfa, 0x3f, 0xff, 0xff, 0xff, 0xff, 0xff,
    0xff, 0xff, 0xff, 0xfc, 0x4f, 0xff, 0xff, 0xff,
    0xff, 0xff, 0xff, 0xff, 0xff, 0xfd, 0x5f, 0xff,
    0xff, 0xff, 0xff, 0xff, 0xff, 0xff, 0xff, 0xfe,
    0x4f, 0xff, 0xfb, 0x44, 0x44, 0x44, 0x44, 0x44,
    0x44, 0x44, 0x3f, 0xff, 0xf8, 0x00, 0x00, 0x00,
    0x00, 0x00, 0x00, 0x00, 0x0f, 0xff, 0xfb, 0x00,
    0x00, 0x00, 0x00, 0x00, 0x00, 0x00, 0x0c, 0xff,
    0xff, 0x20, 0x00, 0x00, 0x00, 0x08, 0x51, 0x00,
    0x06, 0xff, 0xff, 0xb0, 0x00, 0x00, 0x00, 0x7f,
    0xff, 0xe5, 0x00, 0xdf, 0xff, 0xfc, 0x30, 0x00,
    0x18, 0xff, 0xff, 0xf1, 0x00, 0x3f, 0xff, 0xff,
    0xfe, 0xdd, 0xff, 0xff, 0xff, 0x70, 0x00, 0x05,
    0xff, 0xff, 0xff, 0xff, 0xff, 0xff, 0xf9, 0x00,
    0x00, 0x00, 0x2c, 0xff, 0xff, 0xff, 0xff, 0xfe,
    0x60, 0x00, 0x00, 0x00, 0x00, 0x49, 0xce, 0xff,
    0xda, 0x60, 0x00, 0x00,

    /* U+011C "Ĝ" */
    0x00, 0x00, 0x00, 0x00, 0x00, 0x05, 0x88, 0x85,
    0x00, 0x00, 0x00, 0x00, 0x00, 0x00, 0x00, 0x00,
    0x00, 0x00, 0x6f, 0xff, 0xff, 0x50, 0x00, 0x00,
    0x00, 0x00, 0x00, 0x00, 0x00, 0x00, 0x05, 0xff,
    0xff, 0xff, 0xf4, 0x00, 0x00, 0x00, 0x00, 0x00,
    0x00, 0x00, 0x00, 0x4f, 0xff, 0xd2, 0xdf, 0xff,
    0x30, 0x00, 0x00, 0x00, 0x00, 0x00, 0x00, 0x04,
    0xff, 0xfe, 0x20, 0x2f, 0xff, 0xe2, 0x00, 0x00,
    0x00, 0x00, 0x00, 0x00, 0x3f, 0xff, 0xf3, 0x00,
    0x05, 0xff, 0xfe, 0x10, 0x00, 0x00, 0x00, 0x00,
    0x00, 0x00, 0x00, 0x00, 0x00, 0x00, 0x00, 0x00,
    0x00, 0x00, 0x00, 0x00, 0x00, 0x00, 0x00, 0x00,
    0x00, 0x00, 0x00, 0x00, 0x00, 0x00, 0x00, 0x00,
    0x00, 0x00, 0x00, 0x00, 0x00, 0x00, 0x00, 0x00,
    0x00, 0x00, 0x00, 0x00, 0x00, 0x00, 0x00, 0x00,
    0x00, 0x05, 0xad, 0xef, 0xed, 0xa6, 0x10, 0x00,
    0x00, 0x00, 0x00, 0x00, 0x00, 0x08, 0xff, 0xff,
    0xff, 0xff, 0xff, 0xfa, 0x10, 0x00, 0x00, 0x00,
    0x00, 0x03, 0xdf, 0xff, 0xff, 0xff, 0xff, 0xff,
    0xff, 0xf5, 0x00, 0x00, 0x00, 0x00, 0x4f, 0xff,
    0xff, 0xff, 0xff, 0xff, 0xff, 0xff, 0xff, 0x60,
    0x00, 0x00, 0x02, 0xff, 0xff, 0xff, 0xfb, 0x87,
    0x7a, 0xef, 0xff, 0xff, 0xf4, 0x00, 0x00, 0x0d,
    0xff, 0xff, 0xfa, 0x10, 0x00, 0x00, 0x07, 0xff,
    0xff, 0xfe, 0x00, 0x00, 0x6f, 0xff, 0xff, 0x70,
    0x00, 0x00, 0x00, 0x00, 0x6f, 0xff, 0xff, 0x70,
    0x00, 0xdf, 0xff, 0xfa, 0x00, 0x00, 0x00, 0x00,
    0x00, 0x09, 0xff, 0xff, 0xd0, 0x04, 0xff, 0xff,
    0xf1, 0x00, 0x00, 0x00, 0x00, 0x00, 0x01, 0xff,
    0xff, 0xf1, 0x08, 0xff, 0xff, 0xa0, 0x00, 0x00,
    0x00, 0x00, 0x00, 0x00, 0x00, 0x00, 0x00, 0x0c,
    0xff, 0xff, 0x50, 0x00, 0x00, 0x00, 0x00, 0x00,
    0x00, 0x00, 0x00, 0x00, 0x0e, 0xff, 0xff, 0x10,
    0x00, 0x00, 0x00, 0x00, 0x00, 0x00, 0x00, 0x00,
    0x00, 0x0f, 0xff, 0xff, 0x00, 0x00, 0x00, 0x00,
    0x00, 0x00, 0x00, 0x00, 0x00, 0x00, 0x1f, 0xff,
    0xfe, 0x00, 0x00, 0x00, 0x00, 0xae, 0xee, 0xee,
    0xee, 0xee, 0xe6, 0x1f, 0xff, 0xfe, 0x00, 0x00,
    0x00, 0x00, 0xcf, 0xff, 0xff, 0xff, 0xff, 0xf7,
    0x0f, 0xff, 0xff, 0x00, 0x00, 0x00, 0x00, 0xcf,
    0xff, 0xff, 0xff, 0xff, 0xf7, 0x0e, 0xff, 0xff,
    0x10, 0x00, 0x00, 0x00, 0xcf, 0xff, 0xff, 0xff,
    0xff, 0xf6, 0x0c, 0xff, 0xff, 0x50, 0x00, 0x00,
    0x00, 0x00, 0x00, 0x00, 0x7f, 0xff, 0xf6, 0x09,
    0xff, 0xff, 0xa0, 0x00, 0x00, 0x00, 0x00, 0x00,
    0x00, 0x8f, 0xff, 0xf4, 0x04, 0xff, 0xff, 0xf1,
    0x00, 0x00, 0x00, 0x00, 0x00, 0x00, 0xdf, 0xff,
    0xf1, 0x00, 0xef, 0xff, 0xfb, 0x00, 0x00, 0x00,
    0x00, 0x00, 0x05, 0xff, 0xff, 0xd0, 0x00, 0x7f,
    0xff, 0xff, 0x80, 0x00, 0x00, 0x00, 0x00, 0x2e,
    0xff, 0xff, 0x70, 0x00, 0x0d, 0xff, 0xff, 0xfa,
    0x10, 0x00, 0x00, 0x05, 0xff, 0xff, 0xfe, 0x00,
    0x00, 0x02, 0xff, 0xff, 0xff, 0xfb, 0x87, 0x8a,
    0xef, 0xff, 0xff, 0xf5, 0x00, 0x00, 0x00, 0x4f,
    0xff, 0xff, 0xff, 0xff, 0xff, 0xff, 0xff, 0xff,
    0x70, 0x00, 0x00, 0x00, 0x03, 0xef, 0xff, 0xff,
    0xff, 0xff, 0xff, 0xff, 0xf6, 0x00, 0x00, 0x00,
    0x00, 0x00, 0x08, 0xff, 0xff, 0xff, 0xff, 0xff,
    0xfb, 0x20, 0x00, 0x00, 0x00, 0x00, 0x00, 0x00,
    0x15, 0xad, 0xef, 0xfe, 0xb7, 0x20, 0x00, 0x00,
    0x00,

    /* U+011D "ĝ" */
    0x00, 0x00, 0x00, 0x00, 0x58, 0x88, 0x50, 0x00,
    0x00, 0x00, 0x00, 0x00, 0x00, 0x00, 0x5f, 0xff,
    0xff, 0x60, 0x00, 0x00, 0x00, 0x00, 0x00, 0x00,
    0x4f, 0xff, 0xff, 0xff, 0x50, 0x00, 0x00, 0x00,
    0x00, 0x00, 0x4f, 0xff, 0xe2, 0xdf, 0xff, 0x40,
    0x00, 0x00, 0x00, 0x00, 0x3f, 0xff, 0xf2, 0x02,
    0xef, 0xff, 0x30, 0x00, 0x00, 0x00, 0x2e, 0xff,
    0xf5, 0x00, 0x04, 0xff, 0xfe, 0x20, 0x00, 0x00,
    0x00, 0x00, 0x00, 0x00, 0x00, 0x00, 0x00, 0x00,
    0x00, 0x00, 0x00, 0x00, 0x00, 0x00, 0x00, 0x00,
    0x00, 0x00, 0x00, 0x00, 0x00, 0x00, 0x00, 0x00,
    0x00, 0x00, 0x00, 0x00, 0x00, 0x00, 0x00, 0x00,
    0x00, 0x18, 0xcf, 0xfe, 0xa3, 0x00, 0x8f, 0xff,
    0xf3, 0x00, 0x00, 0x7f, 0xff, 0xff, 0xff, 0xf8,
    0x08, 0xff, 0xff, 0x30, 0x00, 0x9f, 0xff, 0xff,
    0xff, 0xff, 0xf7, 0x8f, 0xff, 0xf3, 0x00, 0x6f,
    0xff, 0xff, 0xff, 0xff, 0xff, 0xfb, 0xff, 0xff,
    0x30, 0x1e, 0xff, 0xff, 0xf7, 0x10, 0x17, 0xef,
    0xff, 0xff, 0xf3, 0x07, 0xff, 0xff, 0xf3, 0x00,
    0x00, 0x03, 0xff, 0xff, 0xff, 0x30, 0xcf, 0xff,
    0xf8, 0x00, 0x00, 0x00, 0x07, 0xff, 0xff, 0xf3,
    0x0f, 0xff, 0xff, 0x10, 0x00, 0x00, 0x00, 0x0f,
    0xff, 0xff, 0x33, 0xff, 0xff, 0xd0, 0x00, 0x00,
    0x00, 0x00, 0xcf, 0xff, 0xf3, 0x4f, 0xff, 0xfa,
    0x00, 0x00, 0x00, 0x00, 0x0a, 0xff, 0xff, 0x35,
    0xff, 0xff, 0x90, 0x00, 0x00, 0x00, 0x00, 0x9f,
    0xff, 0xf3, 0x5f, 0xff, 0xfa, 0x00, 0x00, 0x00,
    0x00, 0x09, 0xff, 0xff, 0x34, 0xff, 0xff, 0xc0,
    0x00, 0x00, 0x00, 0x00, 0xbf, 0xff, 0xf3, 0x1f,
    0xff, 0xff, 0x00, 0x00, 0x00, 0x00, 0x0e, 0xff,
    0xff, 0x30, 0xef, 0xff, 0xf5, 0x00, 0x00, 0x00,
    0x04, 0xff, 0xff, 0xf3, 0x09, 0xff, 0xff, 0xe1,
    0x00, 0x00, 0x00, 0xdf, 0xff, 0xff, 0x30, 0x2f,
    0xff, 0xff, 0xd4, 0x00, 0x03, 0xcf, 0xff, 0xff,
    0xf3, 0x00, 0x9f, 0xff, 0xff, 0xff, 0xde, 0xff,
    0xfd, 0xff, 0xff, 0x30, 0x00, 0xbf, 0xff, 0xff,
    0xff, 0xff, 0xf7, 0x9f, 0xff, 0xf3, 0x00, 0x00,
    0x9f, 0xff, 0xff, 0xff, 0xf9, 0x09, 0xff, 0xff,
    0x30, 0x00, 0x00, 0x29, 0xdf, 0xfe, 0xa4, 0x00,
    0x9f, 0xff, 0xf3, 0x00, 0x00, 0x00, 0x00, 0x00,
    0x00, 0x00, 0x09, 0xff, 0xff, 0x20, 0x00, 0x00,
    0x00, 0x00, 0x00, 0x00, 0x00, 0xbf, 0xff, 0xf0,
    0x00, 0x05, 0xad, 0x10, 0x00, 0x00, 0x00, 0x2f,
    0xff, 0xfd, 0x00, 0x4f, 0xff, 0xfd, 0x40, 0x00,
    0x00, 0x6e, 0xff, 0xff, 0x70, 0x00, 0xdf, 0xff,
    0xff, 0xeb, 0xbc, 0xef, 0xff, 0xff, 0xc0, 0x00,
    0x02, 0xef, 0xff, 0xff, 0xff, 0xff, 0xff, 0xff,
    0xd1, 0x00, 0x00, 0x01, 0xaf, 0xff, 0xff, 0xff,
    0xff, 0xff, 0x80, 0x00, 0x00, 0x00, 0x00, 0x17,
    0xbd, 0xef, 0xed, 0xa6, 0x10, 0x00, 0x00,

    /* U+011E "Ğ" */
    0x00, 0x00, 0x00, 0x04, 0x88, 0x30, 0x00, 0x00,
    0x48, 0x83, 0x00, 0x00, 0x00, 0x00, 0x00, 0x00,
    0x07, 0xff, 0xa0, 0x00, 0x00, 0xbf, 0xf6, 0x00,
    0x00, 0x00, 0x00, 0x00, 0x00, 0x02, 0xff, 0xf7,
    0x00, 0x08, 0xff, 0xf1, 0x00, 0x00, 0x00, 0x00,
    0x00, 0x00, 0x00, 0x9f, 0xff, 0xfe, 0xff, 0xff,
    0x80, 0x00, 0x00, 0x00, 0x00, 0x00, 0x00, 0x00,
    0x0a, 0xff, 0xff, 0xff, 0xf9, 0x00, 0x00, 0x00,
    0x00, 0x00, 0x00, 0x00, 0x00, 0x00, 0x4b, 0xef,
    0xea, 0x40, 0x00, 0x00, 0x00, 0x00, 0x00, 0x00,
    0x00, 0x00, 0x00, 0x00, 0x00, 0x00, 0x00, 0x00,
    0x00, 0x00, 0x00, 0x00, 0x00, 0x00, 0x00, 0x00,
    0x00, 0x00, 0x00, 0x00, 0x00, 0x00, 0x00, 0x00,
    0x00, 0x00, 0x00, 0x00, 0x00, 0x00, 0x00, 0x00,
    0x00, 0x00, 0x00, 0x00, 0x00, 0x00, 0x00, 0x00,
    0x00, 0x05, 0xad, 0xef, 0xed, 0xa6, 0x10, 0x00,
    0x00, 0x00, 0x00, 0x00, 0x00, 0x08, 0xff, 0xff,
    0xff, 0xff, 0xff, 0xfa, 0x10, 0x00, 0x00, 0x00,
    0x00, 0x03, 0xdf, 0xff, 0xff, 0xff, 0xff, 0xff,
    0xff, 0xf5, 0x00, 0x00, 0x00, 0x00, 0x4f, 0xff,
    0xff, 0xff, 0xff, 0xff, 0xff, 0xff, 0xff, 0x60,
    0x00, 0x00, 0x02, 0xff, 0xff, 0xff, 0xfb, 0x87,
    0x7a, 0xef, 0xff, 0xff, 0xf4, 0x00, 0x00, 0x0d,
    0xff, 0xff, 0xfa, 0x10, 0x00, 0x00, 0x07, 0xff,
    0xff, 0xfe, 0x00, 0x00, 0x6f, 0xff, 0xff, 0x70,
    0x00, 0x00, 0x00, 0x00, 0x6f, 0xff, 0xff, 0x70,
    0x00, 0xdf, 0xff, 0xfa, 0x00, 0x00, 0x00, 0x00,
    0x00, 0x09, 0xff, 0xff, 0xd0, 0x04, 0xff, 0xff,
    0xf1, 0x00, 0x00, 0x00, 0x00, 0x00, 0x01, 0xff,
    0xff, 0xf1, 0x08, 0xff, 0xff, 0xa0, 0x00, 0x00,
    0x00, 0x00, 0x00, 0x00, 0x00, 0x00, 0x00, 0x0c,
    0xff, 0xff, 0x50, 0x00, 0x00, 0x00, 0x00, 0x00,
    0x00, 0x00, 0x00, 0x00, 0x0e, 0xff, 0xff, 0x10,
    0x00, 0x00, 0x00, 0x00, 0x00, 0x00, 0x00, 0x00,
    0x00, 0x0f, 0xff, 0xff, 0x00, 0x00, 0x00, 0x00,
    0x00, 0x00, 0x00, 0x00, 0x00, 0x00, 0x1f, 0xff,
    0xfe, 0x00, 0x00, 0x00, 0x00, 0xae, 0xee, 0xee,
    0xee, 0xee, 0xe6, 0x1f, 0xff, 0xfe, 0x00, 0x00,
    0x00, 0x00, 0xcf, 0xff, 0xff, 0xff, 0xff, 0xf7,
    0x0f, 0xff, 0xff, 0x00, 0x00, 0x00, 0x00, 0xcf,
    0xff, 0xff, 0xff, 0xff, 0xf7, 0x0e, 0xff, 0xff,
    0x10, 0x00, 0x00, 0x00, 0xcf, 0xff, 0xff, 0xff,
    0xff, 0xf6, 0x0c, 0xff, 0xff, 0x50, 0x00, 0x00,
    0x00, 0x00, 0x00, 0x00, 0x7f, 0xff, 0xf6, 0x09,
    0xff, 0xff, 0xa0, 0x00, 0x00, 0x00, 0x00, 0x00,
    0x00, 0x8f, 0xff, 0xf4, 0x04, 0xff, 0xff, 0xf1,
    0x00, 0x00, 0x00, 0x00, 0x00, 0x00, 0xdf, 0xff,
    0xf1, 0x00, 0xef, 0xff, 0xfb, 0x00, 0x00, 0x00,
    0x00, 0x00, 0x05, 0xff, 0xff, 0xd0, 0x00, 0x7f,
    0xff, 0xff, 0x80, 0x00, 0x00, 0x00, 0x00, 0x2e,
    0xff, 0xff, 0x70, 0x00, 0x0d, 0xff, 0xff, 0xfa,
    0x10, 0x00, 0x00, 0x05, 0xff, 0xff, 0xfe, 0x00,
    0x00, 0x02, 0xff, 0xff, 0xff, 0xfb, 0x87, 0x8a,
    0xef, 0xff, 0xff, 0xf5, 0x00, 0x00, 0x00, 0x4f,
    0xff, 0xff, 0xff, 0xff, 0xff, 0xff, 0xff, 0xff,
    0x70, 0x00, 0x00, 0x00, 0x03, 0xef, 0xff, 0xff,
    0xff, 0xff, 0xff, 0xff, 0xf6, 0x00, 0x00, 0x00,
    0x00, 0x00, 0x08, 0xff, 0xff, 0xff, 0xff, 0xff,
    0xfb, 0x20, 0x00, 0x00, 0x00, 0x00, 0x00, 0x00,
    0x15, 0xad, 0xef, 0xfe, 0xb7, 0x20, 0x00, 0x00,
    0x00,

    /* U+011F "ğ" */
    0x00, 0x00, 0x24, 0x42, 0x00, 0x00, 0x02, 0x44,
    0x20, 0x00, 0x00, 0x00, 0x06, 0xff, 0xa0, 0x00,
    0x00, 0x9f, 0xf7, 0x00, 0x00, 0x00, 0x00, 0x2f,
    0xff, 0x70, 0x00, 0x6f, 0xff, 0x30, 0x00, 0x00,
    0x00, 0x00, 0x9f, 0xff, 0xfd, 0xff, 0xff, 0xa0,
    0x00, 0x00, 0x00, 0x00, 0x00, 0xaf, 0xff, 0xff,
    0xff, 0xb0, 0x00, 0x00, 0x00, 0x00, 0x00, 0x00,
    0x4a, 0xef, 0xeb, 0x50, 0x00, 0x00, 0x00, 0x00,
    0x00, 0x00, 0x00, 0x00, 0x00, 0x00, 0x00, 0x00,
    0x00, 0x00, 0x00, 0x00, 0x00, 0x00, 0x00, 0x00,
    0x00, 0x00, 0x00, 0x00, 0x00, 0x00, 0x00, 0x00,
    0x00, 0x00, 0x00, 0x00, 0x00, 0x00, 0x00, 0x00,
    0x00, 0x18, 0xcf, 0xfe, 0xa3, 0x00, 0x8f, 0xff,
    0xf3, 0x00, 0x00, 0x7f, 0xff, 0xff, 0xff, 0xf8,
    0x08, 0xff, 0xff, 0x30, 0x00, 0x9f, 0xff, 0xff,
    0xff, 0xff, 0xf7, 0x8f, 0xff, 0xf3, 0x00, 0x6f,
    0xff, 0xff, 0xff, 0xff, 0xff, 0xfb, 0xff, 0xff,
    0x30, 0x1e, 0xff, 0xff, 0xf7, 0x10, 0x17, 0xef,
    0xff, 0xff, 0xf3, 0x07, 0xff, 0xff, 0xf3, 0x00,
    0x00, 0x03, 0xff, 0xff, 0xff, 0x30, 0xcf, 0xff,
    0xf8, 0x00, 0x00, 0x00, 0x07, 0xff, 0xff, 0xf3,
    0x0f, 0xff, 0xff, 0x10, 0x00, 0x00, 0x00, 0x0f,
    0xff, 0xff, 0x33, 0xff, 0xff, 0xd0, 0x00, 0x00,
    0x00, 0x00, 0xcf, 0xff, 0xf3, 0x4f, 0xff, 0xfa,
    0x00, 0x00, 0x00, 0x00, 0x0a, 0xff, 0xff, 0x35,
    0xff, 0xff, 0x90, 0x00, 0x00, 0x00, 0x00, 0x9f,
    0xff, 0xf3, 0x5f, 0xff, 0xfa, 0x00, 0x00, 0x00,
    0x00, 0x09, 0xff, 0xff, 0x34, 0xff, 0xff, 0xc0,
    0x00, 0x00, 0x00, 0x00, 0xbf, 0xff, 0xf3, 0x1f,
    0xff, 0xff, 0x00, 0x00, 0x00, 0x00, 0x0e, 0xff,
    0xff, 0x30, 0xef, 0xff, 0xf5, 0x00, 0x00, 0x00,
    0x04, 0xff, 0xff, 0xf3, 0x09, 0xff, 0xff, 0xe1,
    0x00, 0x00, 0x00, 0xdf, 0xff, 0xff, 0x30, 0x2f,
    0xff, 0xff, 0xd4, 0x00, 0x03, 0xcf, 0xff, 0xff,
    0xf3, 0x00, 0x9f, 0xff, 0xff, 0xff, 0xde, 0xff,
    0xc9, 0xff, 0xff, 0x30, 0x00, 0xbf, 0xff, 0xff,
    0xff, 0xff, 0xf3, 0x9f, 0xff, 0xf3, 0x00, 0x00,
    0x9f, 0xff, 0xff, 0xff, 0xf5, 0x09, 0xff, 0xff,
    0x30, 0x00, 0x00, 0x29, 0xdf, 0xfd, 0x92, 0x00,
    0x9f, 0xff, 0xf3, 0x00, 0x00, 0x00, 0x00, 0x00,
    0x00, 0x00, 0x09, 0xff, 0xff, 0x20, 0x00, 0x00,
    0x00, 0x00, 0x00, 0x00, 0x00, 0xcf, 0xff, 0xf0,
    0x00, 0x05, 0xad, 0x10, 0x00, 0x00, 0x00, 0x4f,
    0xff, 0xfd, 0x00, 0x4f, 0xff, 0xfd, 0x40, 0x00,
    0x00, 0x5f, 0xff, 0xff, 0x70, 0x00, 0xdf, 0xff,
    0xff, 0xeb, 0xab, 0xef, 0xff, 0xff, 0xc0, 0x00,
    0x02, 0xef, 0xff, 0xff, 0xff, 0xff, 0xff, 0xff,
    0xd1, 0x00, 0x00, 0x01, 0xaf, 0xff, 0xff, 0xff,
    0xff, 0xff, 0x80, 0x00, 0x00, 0x00, 0x00, 0x17,
    0xbd, 0xef, 0xed, 0xa6, 0x10, 0x00, 0x00,

    /* U+0120 "Ġ" */
    0x00, 0x00, 0x00, 0x00, 0x00, 0x00, 0x13, 0x10,
    0x00, 0x00, 0x00, 0x00, 0x00, 0x00, 0x00, 0x00,
    0x00, 0x00, 0x06, 0xff, 0xf6, 0x00, 0x00, 0x00,
    0x00, 0x00, 0x00, 0x00, 0x00, 0x00, 0x00, 0x2f,
    0xff, 0xff, 0x10, 0x00, 0x00, 0x00, 0x00, 0x00,
    0x00, 0x00, 0x00, 0x00, 0x4f, 0xff, 0xff, 0x30,
    0x00, 0x00, 0x00, 0x00, 0x00, 0x00, 0x00, 0x00,
    0x00, 0x1e, 0xff, 0xfe, 0x00, 0x00, 0x00, 0x00,
    0x00, 0x00, 0x00, 0x00, 0x00, 0x00, 0x03, 0xcf,
    0xc3, 0x00, 0x00, 0x00, 0x00, 0x00, 0x00, 0x00,
    0x00, 0x00, 0x00, 0x00, 0x00, 0x00, 0x00, 0x00,
    0x00, 0x00, 0x00, 0x00, 0x00, 0x00, 0x00, 0x00,
    0x00, 0x00, 0x00, 0x00, 0x00, 0x00, 0x00, 0x00,
    0x00, 0x00, 0x00, 0x00, 0x00, 0x00, 0x00, 0x00,
    0x00, 0x00, 0x00, 0x00, 0x00, 0x00, 0x00, 0x00,
    0x00, 0x05, 0xad, 0xef, 0xed, 0xa6, 0x10, 0x00,
    0x00, 0x00, 0x00, 0x00, 0x00, 0x08, 0xff, 0xff,
    0xff, 0xff, 0xff, 0xfa, 0x10, 0x00, 0x00, 0x00,
    0x00, 0x03, 0xdf, 0xff, 0xff, 0xff, 0xff, 0xff,
    0xff, 0xf5, 0x00, 0x00, 0x00, 0x00, 0x4f, 0xff,
    0xff, 0xff, 0xff, 0xff, 0xff, 0xff, 0xff, 0x60,
    0x00, 0x00, 0x02, 0xff, 0xff, 0xff, 0xfb, 0x87,
    0x7a, 0xef, 0xff, 0xff, 0xf4, 0x00, 0x00, 0x0d,
    0xff, 0xff, 0xfa, 0x10, 0x00, 0x00, 0x07, 0xff,
    0xff, 0xfe, 0x00, 0x00, 0x6f, 0xff, 0xff, 0x70,
    0x00, 0x00, 0x00, 0x00, 0x6f, 0xff, 0xff, 0x70,
    0x00, 0xdf, 0xff, 0xfa, 0x00, 0x00, 0x00, 0x00,
    0x00, 0x09, 0xff, 0xff, 0xd0, 0x04, 0xff, 0xff,
    0xf1, 0x00, 0x00, 0x00, 0x00, 0x00, 0x01, 0xff,
    0xff, 0xf1, 0x08, 0xff, 0xff, 0xa0, 0x00, 0x00,
    0x00, 0x00, 0x00, 0x00, 0x00, 0x00, 0x00, 0x0c,
    0xff, 0xff, 0x50, 0x00, 0x00, 0x00, 0x00, 0x00,
    0x00, 0x00, 0x00, 0x00, 0x0e, 0xff, 0xff, 0x10,
    0x00, 0x00, 0x00, 0x00, 0x00, 0x00, 0x00, 0x00,
    0x00, 0x0f, 0xff, 0xff, 0x00, 0x00, 0x00, 0x00,
    0x00, 0x00, 0x00, 0x00, 0x00, 0x00, 0x1f, 0xff,
    0xfe, 0x00, 0x00, 0x00, 0x00, 0xae, 0xee, 0xee,
    0xee, 0xee, 0xe6, 0x1f, 0xff, 0xfe, 0x00, 0x00,
    0x00, 0x00, 0xcf, 0xff, 0xff, 0xff, 0xff, 0xf7,
    0x0f, 0xff, 0xff, 0x00, 0x00, 0x00, 0x00, 0xcf,
    0xff, 0xff, 0xff, 0xff, 0xf7, 0x0e, 0xff, 0xff,
    0x10, 0x00, 0x00, 0x00, 0xcf, 0xff, 0xff, 0xff,
    0xff, 0xf6, 0x0c, 0xff, 0xff, 0x50, 0x00, 0x00,
    0x00, 0x00, 0x00, 0x00, 0x7f, 0xff, 0xf6, 0x09,
    0xff, 0xff, 0xa0, 0x00, 0x00, 0x00, 0x00, 0x00,
    0x00, 0x8f, 0xff, 0xf4, 0x04, 0xff, 0xff, 0xf1,
    0x00, 0x00, 0x00, 0x00, 0x00, 0x00, 0xdf, 0xff,
    0xf1, 0x00, 0xef, 0xff, 0xfb, 0x00, 0x00, 0x00,
    0x00, 0x00, 0x05, 0xff, 0xff, 0xd0, 0x00, 0x7f,
    0xff, 0xff, 0x80, 0x00, 0x00, 0x00, 0x00, 0x2e,
    0xff, 0xff, 0x70, 0x00, 0x0d, 0xff, 0xff, 0xfa,
    0x10, 0x00, 0x00, 0x05, 0xff, 0xff, 0xfe, 0x00,
    0x00, 0x02, 0xff, 0xff, 0xff, 0xfb, 0x87, 0x8a,
    0xef, 0xff, 0xff, 0xf5, 0x00, 0x00, 0x00, 0x4f,
    0xff, 0xff, 0xff, 0xff, 0xff, 0xff, 0xff, 0xff,
    0x70, 0x00, 0x00, 0x00, 0x03, 0xef, 0xff, 0xff,
    0xff, 0xff, 0xff, 0xff, 0xf6, 0x00, 0x00, 0x00,
    0x00, 0x00, 0x08, 0xff, 0xff, 0xff, 0xff, 0xff,
    0xfb, 0x20, 0x00, 0x00, 0x00, 0x00, 0x00, 0x00,
    0x15, 0xad, 0xef, 0xfe, 0xb7, 0x20, 0x00, 0x00,
    0x00,

    /* U+0121 "ġ" */
    0x00, 0x00, 0x00, 0x00, 0x01, 0x31, 0x00, 0x00,
    0x00, 0x00, 0x00, 0x00, 0x00, 0x00, 0x06, 0xff,
    0xf7, 0x00, 0x00, 0x00, 0x00, 0x00, 0x00, 0x00,
    0x01, 0xff, 0xff, 0xf2, 0x00, 0x00, 0x00, 0x00,
    0x00, 0x00, 0x00, 0x3f, 0xff, 0xff, 0x40, 0x00,
    0x00, 0x00, 0x00, 0x00, 0x00, 0x00, 0xef, 0xff,
    0xe1, 0x00, 0x00, 0x00, 0x00, 0x00, 0x00, 0x00,
    0x02, 0xcf, 0xc3, 0x00, 0x00, 0x00, 0x00, 0x00,
    0x00, 0x00, 0x00, 0x00, 0x00, 0x00, 0x00, 0x00,
    0x00, 0x00, 0x00, 0x00, 0x00, 0x00, 0x00, 0x00,
    0x00, 0x00, 0x00, 0x00, 0x00, 0x00, 0x00, 0x00,
    0x00, 0x00, 0x00, 0x00, 0x00, 0x00, 0x00, 0x00,
    0x00, 0x18, 0xcf, 0xfe, 0xa3, 0x00, 0x8f, 0xff,
    0xf3, 0x00, 0x00, 0x7f, 0xff, 0xff, 0xff, 0xf8,
    0x08, 0xff, 0xff, 0x30, 0x00, 0x9f, 0xff, 0xff,
    0xff, 0xff, 0xf7, 0x8f, 0xff, 0xf3, 0x00, 0x6f,
    0xff, 0xff, 0xff, 0xff, 0xff, 0xfb, 0xff, 0xff,
    0x30, 0x1e, 0xff, 0xff, 0xf7, 0x10, 0x17, 0xef,
    0xff, 0xff, 0xf3, 0x07, 0xff, 0xff, 0xf3, 0x00,
    0x00, 0x03, 0xff, 0xff, 0xff, 0x30, 0xcf, 0xff,
    0xf8, 0x00, 0x00, 0x00, 0x07, 0xff, 0xff, 0xf3,
    0x0f, 0xff, 0xff, 0x10, 0x00, 0x00, 0x00, 0x0f,
    0xff, 0xff, 0x33, 0xff, 0xff, 0xd0, 0x00, 0x00,
    0x00, 0x00, 0xcf, 0xff, 0xf3, 0x4f, 0xff, 0xfa,
    0x00, 0x00, 0x00, 0x00, 0x0a, 0xff, 0xff, 0x35,
    0xff, 0xff, 0x90, 0x00, 0x00, 0x00, 0x00, 0x9f,
    0xff, 0xf3, 0x5f, 0xff, 0xfa, 0x00, 0x00, 0x00,
    0x00, 0x09, 0xff, 0xff, 0x34, 0xff, 0xff, 0xc0,
    0x00, 0x00, 0x00, 0x00, 0xbf, 0xff, 0xf3, 0x1f,
    0xff, 0xff, 0x00, 0x00, 0x00, 0x00, 0x0e, 0xff,
    0xff, 0x30, 0xef, 0xff, 0xf5, 0x00, 0x00, 0x00,
    0x04, 0xff, 0xff, 0xf3, 0x09, 0xff, 0xff, 0xe1,
    0x00, 0x00, 0x00, 0xdf, 0xff, 0xff, 0x30, 0x2f,
    0xff, 0xff, 0xd4, 0x00, 0x03, 0xcf, 0xff, 0xff,
    0xf3, 0x00, 0x9f, 0xff, 0xff, 0xff, 0xde, 0xff,
    0xfd, 0xff, 0xff, 0x30, 0x00, 0xbf, 0xff, 0xff,
    0xff, 0xff, 0xf7, 0x9f, 0xff, 0xf3, 0x00, 0x00,
    0x9f, 0xff, 0xff, 0xff, 0xf9, 0x09, 0xff, 0xff,
    0x30, 0x00, 0x00, 0x29, 0xdf, 0xfe, 0xa4, 0x00,
    0x9f, 0xff, 0xf3, 0x00, 0x00, 0x00, 0x00, 0x00,
    0x00, 0x00, 0x09, 0xff, 0xff, 0x20, 0x00, 0x00,
    0x00, 0x00, 0x00, 0x00, 0x00, 0xbf, 0xff, 0xf0,
    0x00, 0x05, 0xad, 0x10, 0x00, 0x00, 0x00, 0x2f,
    0xff, 0xfd, 0x00, 0x4f, 0xff, 0xfd, 0x40, 0x00,
    0x00, 0x6e, 0xff, 0xff, 0x70, 0x00, 0xdf, 0xff,
    0xff, 0xeb, 0xbc, 0xef, 0xff, 0xff, 0xc0, 0x00,
    0x02, 0xef, 0xff, 0xff, 0xff, 0xff, 0xff, 0xff,
    0xd1, 0x00, 0x00, 0x01, 0xaf, 0xff, 0xff, 0xff,
    0xff, 0xff, 0x80, 0x00, 0x00, 0x00, 0x00, 0x17,
    0xbd, 0xef, 0xed, 0xa6, 0x10, 0x00, 0x00,

    /* U+0122 "Ģ" */
    0x00, 0x00, 0x00, 0x00, 0x05, 0xad, 0xef, 0xed,
    0xa6, 0x10, 0x00, 0x00, 0x00, 0x00, 0x00, 0x00,
    0x08, 0xff, 0xff, 0xff, 0xff, 0xff, 0xfa, 0x10,
    0x00, 0x00, 0x00, 0x00, 0x03, 0xdf, 0xff, 0xff,
    0xff, 0xff, 0xff, 0xff, 0xf5, 0x00, 0x00, 0x00,
    0x00, 0x4f, 0xff, 0xff, 0xff, 0xff, 0xff, 0xff,
    0xff, 0xff, 0x60, 0x00, 0x00, 0x02, 0xff, 0xff,
    0xff, 0xfb, 0x87, 0x7a, 0xef, 0xff, 0xff, 0xf4,
    0x00, 0x00, 0x0d, 0xff, 0xff, 0xfa, 0x10, 0x00,
    0x00, 0x07, 0xff, 0xff, 0xfe, 0x00, 0x00, 0x6f,
    0xff, 0xff, 0x70, 0x00, 0x00, 0x00, 0x00, 0x6f,
    0xff, 0xff, 0x70, 0x00, 0xdf, 0xff, 0xfa, 0x00,
    0x00, 0x00, 0x00, 0x00, 0x09, 0xff, 0xff, 0xd0,
    0x04, 0xff, 0xff, 0xf1, 0x00, 0x00, 0x00, 0x00,
    0x00, 0x01, 0xff, 0xff, 0xf1, 0x08, 0xff, 0xff,
    0xa0, 0x00, 0x00, 0x00, 0x00, 0x00, 0x00, 0x00,
    0x00, 0x00, 0x0c, 0xff, 0xff, 0x50, 0x00, 0x00,
    0x00, 0x00, 0x00, 0x00, 0x00, 0x00, 0x00, 0x0e,
    0xff, 0xff, 0x10, 0x00, 0x00, 0x00, 0x00, 0x00,
    0x00, 0x00, 0x00, 0x00, 0x0f, 0xff, 0xff, 0x00,
    0x00, 0x00, 0x00, 0x00, 0x00, 0x00, 0x00, 0x00,
    0x00, 0x1f, 0xff, 0xfe, 0x00, 0x00, 0x00, 0x00,
    0xae, 0xee, 0xee, 0xee, 0xee, 0xe6, 0x1f, 0xff,
    0xfe, 0x00, 0x00, 0x00, 0x00, 0xcf, 0xff, 0xff,
    0xff, 0xff, 0xf7, 0x0f, 0xff, 0xff, 0x00, 0x00,
    0x00, 0x00, 0xcf, 0xff, 0xff, 0xff, 0xff, 0xf7,
    0x0e, 0xff, 0xff, 0x10, 0x00, 0x00, 0x00, 0xcf,
    0xff, 0xff, 0xff, 0xff, 0xf6, 0x0c, 0xff, 0xff,
    0x50, 0x00, 0x00, 0x00, 0x00, 0x00, 0x00, 0x7f,
    0xff, 0xf6, 0x09, 0xff, 0xff, 0xa0, 0x00, 0x00,
    0x00, 0x00, 0x00, 0x00, 0x8f, 0xff, 0xf4, 0x04,
    0xff, 0xff, 0xf1, 0x00, 0x00, 0x00, 0x00, 0x00,
    0x00, 0xdf, 0xff, 0xf1, 0x00, 0xef, 0xff, 0xfb,
    0x00, 0x00, 0x00, 0x00, 0x00, 0x05, 0xff, 0xff,
    0xd0, 0x00, 0x7f, 0xff, 0xff, 0x80, 0x00, 0x00,
    0x00, 0x00, 0x2e, 0xff, 0xff, 0x70, 0x00, 0x0d,
    0xff, 0xff, 0xfa, 0x10, 0x00, 0x00, 0x05, 0xff,
    0xff, 0xfe, 0x00, 0x00, 0x02, 0xff, 0xff, 0xff,
    0xfb, 0x87, 0x8a, 0xef, 0xff, 0xff, 0xf5, 0x00,
    0x00, 0x00, 0x4f, 0xff, 0xff, 0xff, 0xff, 0xff,
    0xff, 0xff, 0xff, 0x70, 0x00, 0x00, 0x00, 0x03,
    0xef, 0xff, 0xff, 0xff, 0xff, 0xff, 0xff, 0xf6,
    0x00, 0x00, 0x00, 0x00, 0x00, 0x08, 0xff, 0xff,
    0xff, 0xff, 0xff, 0xfb, 0x20, 0x00, 0x00, 0x00,
    0x00, 0x00, 0x00, 0x15, 0xad, 0xef, 0xfe, 0xb7,
    0x20, 0x00, 0x00, 0x00, 0x00, 0x00, 0x00, 0x00,
    0x00, 0x00, 0x00, 0x00, 0x00, 0x00, 0x00, 0x00,
    0x00, 0x00, 0x00, 0x00, 0x00, 0x00, 0x00, 0x00,
    0x00, 0x00, 0x00, 0x00, 0x00, 0x00, 0x00, 0x00,
    0x00, 0x00, 0x00, 0x0f, 0xff, 0xf7, 0x00, 0x00,
    0x00, 0x00, 0x00, 0x00, 0x00, 0x00, 0x00, 0x00,
    0x3f, 0xff, 0xf1, 0x00, 0x00, 0x00, 0x00, 0x00,
    0x00, 0x00, 0x00, 0x00, 0x00, 0x7f, 0xff, 0xb0,
    0x00, 0x00, 0x00, 0x00, 0x00, 0x00, 0x00, 0x00,
    0x00, 0x00, 0xbf, 0xff, 0x40, 0x00, 0x00, 0x00,
    0x00, 0x00, 0x00, 0x00, 0x00, 0x00, 0x00, 0xff,
    0xfe, 0x00, 0x00, 0x00, 0x00, 0x00, 0x00, 0x00,
    0x00, 0x00, 0x00, 0x03, 0xff, 0xf7, 0x00, 0x00,
    0x00, 0x00, 0x00, 0x00, 0x00, 0x00, 0x00, 0x00,
    0x05, 0xcc, 0xc1, 0x00, 0x00, 0x00, 0x00, 0x00,
    0x00,

    /* U+0123 "ģ" */
    0x00, 0x00, 0x00, 0x00, 0x00, 0x01, 0x00, 0x00,
    0x00, 0x00, 0x00, 0x00, 0x00, 0x00, 0x00, 0x07,
    0xf9, 0x20, 0x00, 0x00, 0x00, 0x00, 0x00, 0x00,
    0x00, 0x02, 0xff, 0xf9, 0x00, 0x00, 0x00, 0x00,
    0x00, 0x00, 0x00, 0x00, 0xaf, 0xff, 0x10, 0x00,
    0x00, 0x00, 0x00, 0x00, 0x00, 0x00, 0x0f, 0xff,
    0xa0, 0x00, 0x00, 0x00, 0x00, 0x00, 0x00, 0x00,
    0x03, 0xff, 0xf6, 0x00, 0x00, 0x00, 0x00, 0x00,
    0x00, 0x00, 0x00, 0x4f, 0xff, 0x40, 0x00, 0x00,
    0x00, 0x00, 0x00, 0x00, 0x00, 0x04, 0xff, 0xf4,
    0x00, 0x00, 0x00, 0x00, 0x00, 0x00, 0x00, 0x00,
    0x4f, 0xff, 0x40, 0x00, 0x00, 0x00, 0x00, 0x00,
    0x00, 0x00, 0x00, 0x00, 0x00, 0x00, 0x00, 0x00,
    0x00, 0x00, 0x00, 0x00, 0x00, 0x00, 0x00, 0x00,
    0x00, 0x00, 0x00, 0x00, 0x00, 0x00, 0x18, 0xcf,
    0xfe, 0xa3, 0x00, 0x8f, 0xff, 0xf3, 0x00, 0x00,
    0x7f, 0xff, 0xff, 0xff, 0xf8, 0x08, 0xff, 0xff,
    0x30, 0x00, 0x9f, 0xff, 0xff, 0xff, 0xff, 0xf7,
    0x8f, 0xff, 0xf3, 0x00, 0x6f, 0xff, 0xff, 0xff,
    0xff, 0xff, 0xfb, 0xff, 0xff, 0x30, 0x1e, 0xff,
    0xff, 0xf7, 0x10, 0x17, 0xef, 0xff, 0xff, 0xf3,
    0x07, 0xff, 0xff, 0xf3, 0x00, 0x00, 0x03, 0xff,
    0xff, 0xff, 0x30, 0xcf, 0xff, 0xf8, 0x00, 0x00,
    0x00, 0x07, 0xff, 0xff, 0xf3, 0x0f, 0xff, 0xff,
    0x10, 0x00, 0x00, 0x00, 0x0f, 0xff, 0xff, 0x33,
    0xff, 0xff, 0xd0, 0x00, 0x00, 0x00, 0x00, 0xcf,
    0xff, 0xf3, 0x4f, 0xff, 0xfa, 0x00, 0x00, 0x00,
    0x00, 0x0a, 0xff, 0xff, 0x35, 0xff, 0xff, 0x90,
    0x00, 0x00, 0x00, 0x00, 0x9f, 0xff, 0xf3, 0x5f,
    0xff, 0xfa, 0x00, 0x00, 0x00, 0x00, 0x09, 0xff,
    0xff, 0x34, 0xff, 0xff, 0xc0, 0x00, 0x00, 0x00,
    0x00, 0xbf, 0xff, 0xf3, 0x1f, 0xff, 0xff, 0x00,
    0x00, 0x00, 0x00, 0x0e, 0xff, 0xff, 0x30, 0xef,
    0xff, 0xf5, 0x00, 0x00, 0x00, 0x04, 0xff, 0xff,
    0xf3, 0x09, 0xff, 0xff, 0xe1, 0x00, 0x00, 0x00,
    0xdf, 0xff, 0xff, 0x30, 0x2f, 0xff, 0xff, 0xd4,
    0x00, 0x03, 0xcf, 0xff, 0xff, 0xf3, 0x00, 0x9f,
    0xff, 0xff, 0xff, 0xde, 0xff, 0xfd, 0xff, 0xff,
    0x30, 0x00, 0xbf, 0xff, 0xff, 0xff, 0xff, 0xf7,
    0x9f, 0xff, 0xf3, 0x00, 0x00, 0x9f, 0xff, 0xff,
    0xff, 0xf9, 0x09, 0xff, 0xff, 0x30, 0x00, 0x00,
    0x29, 0xdf, 0xfe, 0xa4, 0x00, 0x9f, 0xff, 0xf3,
    0x00, 0x00, 0x00, 0x00, 0x00, 0x00, 0x00, 0x09,
    0xff, 0xff, 0x20, 0x00, 0x00, 0x00, 0x00, 0x00,
    0x00, 0x00, 0xbf, 0xff, 0xf0, 0x00, 0x05, 0xad,
    0x10, 0x00, 0x00, 0x00, 0x2f, 0xff, 0xfd, 0x00,
    0x4f, 0xff, 0xfd, 0x40, 0x00, 0x00, 0x6e, 0xff,
    0xff, 0x70, 0x00, 0xdf, 0xff, 0xff, 0xeb, 0xbc,
    0xef, 0xff, 0xff, 0xc0, 0x00, 0x02, 0xef, 0xff,
    0xff, 0xff, 0xff, 0xff, 0xff, 0xd1, 0x00, 0x00,
    0x01, 0xaf, 0xff, 0xff, 0xff, 0xff, 0xff, 0x80,
    0x00, 0x00, 0x00, 0x00, 0x17, 0xbd, 0xef, 0xed,
    0xa6, 0x10, 0x00, 0x00,

    /* U+0124 "Ĥ" */
    0x00, 0x00, 0x00, 0x00, 0x04, 0xff, 0xff, 0x90,
    0x00, 0x00, 0x00, 0x00, 0x00, 0x00, 0x00, 0x00,
    0x3f, 0xff, 0xff, 0xf7, 0x00, 0x00, 0x00, 0x00,
    0x00, 0x00, 0x00, 0x03, 0xff, 0xfe, 0xbf, 0xff,
    0x60, 0x00, 0x00, 0x00, 0x00, 0x00, 0x00, 0x2e,
    0xff, 0xf3, 0x0c, 0xff, 0xf5, 0x00, 0x00, 0x00,
    0x00, 0x00, 0x02, 0xef, 0xff, 0x50, 0x01, 0xef,
    0xff, 0x40, 0x00, 0x00, 0x00, 0x00, 0x05, 0x88,
    0x85, 0x00, 0x00, 0x38, 0x88, 0x70, 0x00, 0x00,
    0x00, 0x00, 0x00, 0x00, 0x00, 0x00, 0x00, 0x00,
    0x00, 0x00, 0x00, 0x00, 0x00, 0x00, 0x00, 0x00,
    0x00, 0x00, 0x00, 0x00, 0x00, 0x00, 0x00, 0x00,
    0x3f, 0xff, 0xfb, 0x00, 0x00, 0x00, 0x00, 0x00,
    0x00, 0x6f, 0xff, 0xf8, 0x3f, 0xff, 0xfb, 0x00,
    0x00, 0x00, 0x00, 0x00, 0x00, 0x6f, 0xff, 0xf8,
    0x3f, 0xff, 0xfb, 0x00, 0x00, 0x00, 0x00, 0x00,
    0x00, 0x6f, 0xff, 0xf8, 0x3f, 0xff, 0xfb, 0x00,
    0x00, 0x00, 0x00, 0x00, 0x00, 0x6f, 0xff, 0xf8,
    0x3f, 0xff, 0xfb, 0x00, 0x00, 0x00, 0x00, 0x00,
    0x00, 0x6f, 0xff, 0xf8, 0x3f, 0xff, 0xfb, 0x00,
    0x00, 0x00, 0x00, 0x00, 0x00, 0x6f, 0xff, 0xf8,
    0x3f, 0xff, 0xfb, 0x00, 0x00, 0x00, 0x00, 0x00,
    0x00, 0x6f, 0xff, 0xf8, 0x3f, 0xff, 0xfb, 0x00,
    0x00, 0x00, 0x00, 0x00, 0x00, 0x6f, 0xff, 0xf8,
    0x3f, 0xff, 0xfb, 0x00, 0x00, 0x00, 0x00, 0x00,
    0x00, 0x6f, 0xff, 0xf8, 0x3f, 0xff, 0xfb, 0x00,
    0x00, 0x00, 0x00, 0x00, 0x00, 0x6f, 0xff, 0xf8,
    0x3f, 0xff, 0xfb, 0x00, 0x00, 0x00, 0x00, 0x00,
    0x00, 0x6f, 0xff, 0xf8, 0x3f, 0xff, 0xfc, 0x22,
    0x22, 0x22, 0x22, 0x22, 0x22, 0x8f, 0xff, 0xf8,
    0x3f, 0xff, 0xff, 0xff, 0xff, 0xff, 0xff, 0xff,
    0xff, 0xff, 0xff, 0xf8, 0x3f, 0xff, 0xff, 0xff,
    0xff, 0xff, 0xff, 0xff, 0xff, 0xff, 0xff, 0xf8,
    0x3f, 0xff, 0xff, 0xff, 0xff, 0xff, 0xff, 0xff,
    0xff, 0xff, 0xff, 0xf8, 0x3f, 0xff, 0xff, 0xff,
    0xff, 0xff, 0xff, 0xff, 0xff, 0xff, 0xff, 0xf8,
    0x3f, 0xff, 0xfb, 0x00, 0x00, 0x00, 0x00, 0x00,
    0x00, 0x6f, 0xff, 0xf8, 0x3f, 0xff, 0xfb, 0x00,
    0x00, 0x00, 0x00, 0x00, 0x00, 0x6f, 0xff, 0xf8,
    0x3f, 0xff, 0xfb, 0x00, 0x00, 0x00, 0x00, 0x00,
    0x00, 0x6f, 0xff, 0xf8, 0x3f, 0xff, 0xfb, 0x00,
    0x00, 0x00, 0x00, 0x00, 0x00, 0x6f, 0xff, 0xf8,
    0x3f, 0xff, 0xfb, 0x00, 0x00, 0x00, 0x00, 0x00,
    0x00, 0x6f, 0xff, 0xf8, 0x3f, 0xff, 0xfb, 0x00,
    0x00, 0x00, 0x00, 0x00, 0x00, 0x6f, 0xff, 0xf8,
    0x3f, 0xff, 0xfb, 0x00, 0x00, 0x00, 0x00, 0x00,
    0x00, 0x6f, 0xff, 0xf8, 0x3f, 0xff, 0xfb, 0x00,
    0x00, 0x00, 0x00, 0x00, 0x00, 0x6f, 0xff, 0xf8,
    0x3f, 0xff, 0xfb, 0x00, 0x00, 0x00, 0x00, 0x00,
    0x00, 0x6f, 0xff, 0xf8, 0x3f, 0xff, 0xfb, 0x00,
    0x00, 0x00, 0x00, 0x00, 0x00, 0x6f, 0xff, 0xf8,
    0x3f, 0xff, 0xfb, 0x00, 0x00, 0x00, 0x00, 0x00,
    0x00, 0x6f, 0xff, 0xf8, 0x3f, 0xff, 0xfb, 0x00,
    0x00, 0x00, 0x00, 0x00, 0x00, 0x6f, 0xff, 0xf8,

    /* U+0125 "ĥ" */
    0x00, 0x00, 0x08, 0xff, 0xff, 0x50, 0x00, 0x00,
    0x00, 0x00, 0x00, 0x00, 0x00, 0x00, 0x7f, 0xff,
    0xff, 0xf4, 0x00, 0x00, 0x00, 0x00, 0x00, 0x00,
    0x00, 0x06, 0xff, 0xfb, 0xdf, 0xff, 0x30, 0x00,
    0x00, 0x00, 0x00, 0x00, 0x00, 0x5f, 0xff, 0xd1,
    0x2f, 0xff, 0xe2, 0x00, 0x00, 0x00, 0x00, 0x00,
    0x04, 0xff, 0xff, 0x20, 0x04, 0xff, 0xfd, 0x10,
    0x00, 0x00, 0x00, 0x00, 0x07, 0x88, 0x83, 0x00,
    0x00, 0x58, 0x88, 0x50, 0x00, 0x00, 0x00, 0x00,
    0x00, 0x00, 0x00, 0x00, 0x00, 0x00, 0x00, 0x00,
    0x00, 0x00, 0x00, 0x00, 0x00, 0x00, 0x00, 0x00,
    0x00, 0x00, 0x00, 0x00, 0x00, 0x00, 0x00, 0x00,
    0x00, 0x00, 0x07, 0xff, 0xff, 0x50, 0x00, 0x00,
    0x00, 0x00, 0x00, 0x00, 0x00, 0x00, 0x07, 0xff,
    0xff, 0x50, 0x00, 0x00, 0x00, 0x00, 0x00, 0x00,
    0x00, 0x00, 0x07, 0xff, 0xff, 0x50, 0x00, 0x00,
    0x00, 0x00, 0x00, 0x00, 0x00, 0x00, 0x07, 0xff,
    0xff, 0x50, 0x00, 0x00, 0x00, 0x00, 0x00, 0x00,
    0x00, 0x00, 0x07, 0xff, 0xff, 0x50, 0x00, 0x00,
    0x00, 0x00, 0x00, 0x00, 0x00, 0x00, 0x07, 0xff,
    0xff, 0x50, 0x00, 0x00, 0x00, 0x00, 0x00, 0x00,
    0x00, 0x00, 0x07, 0xff, 0xff, 0x50, 0x00, 0x00,
    0x00, 0x00, 0x00, 0x00, 0x00, 0x00, 0x07, 0xff,
    0xff, 0x50, 0x05, 0xbe, 0xfe, 0xc6, 0x00, 0x00,
    0x00, 0x00, 0x07, 0xff, 0xff, 0x51, 0xcf, 0xff,
    0xff, 0xff, 0xe3, 0x00, 0x00, 0x00, 0x07, 0xff,
    0xff, 0x5c, 0xff, 0xff, 0xff, 0xff, 0xff, 0x20,
    0x00, 0x00, 0x07, 0xff, 0xff, 0xcf, 0xff, 0xff,
    0xff, 0xff, 0xff, 0xb0, 0x00, 0x00, 0x07, 0xff,
    0xff, 0xff, 0xb4, 0x22, 0x6e, 0xff, 0xff, 0xf2,
    0x00, 0x00, 0x07, 0xff, 0xff, 0xf8, 0x00, 0x00,
    0x02, 0xff, 0xff, 0xf7, 0x00, 0x00, 0x07, 0xff,
    0xff, 0xd0, 0x00, 0x00, 0x00, 0x8f, 0xff, 0xf9,
    0x00, 0x00, 0x07, 0xff, 0xff, 0x80, 0x00, 0x00,
    0x00, 0x3f, 0xff, 0xfa, 0x00, 0x00, 0x07, 0xff,
    0xff, 0x60, 0x00, 0x00, 0x00, 0x2f, 0xff, 0xfb,
    0x00, 0x00, 0x07, 0xff, 0xff, 0x60, 0x00, 0x00,
    0x00, 0x2f, 0xff, 0xfb, 0x00, 0x00, 0x07, 0xff,
    0xff, 0x60, 0x00, 0x00, 0x00, 0x2f, 0xff, 0xfb,
    0x00, 0x00, 0x07, 0xff, 0xff, 0x60, 0x00, 0x00,
    0x00, 0x2f, 0xff, 0xfb, 0x00, 0x00, 0x07, 0xff,
    0xff, 0x60, 0x00, 0x00, 0x00, 0x2f, 0xff, 0xfb,
    0x00, 0x00, 0x07, 0xff, 0xff, 0x60, 0x00, 0x00,
    0x00, 0x2f, 0xff, 0xfb, 0x00, 0x00, 0x07, 0xff,
    0xff, 0x60, 0x00, 0x00, 0x00, 0x2f, 0xff, 0xfb,
    0x00, 0x00, 0x07, 0xff, 0xff, 0x60, 0x00, 0x00,
    0x00, 0x2f, 0xff, 0xfb, 0x00, 0x00, 0x07, 0xff,
    0xff, 0x60, 0x00, 0x00, 0x00, 0x2f, 0xff, 0xfb,
    0x00, 0x00, 0x07, 0xff, 0xff, 0x60, 0x00, 0x00,
    0x00, 0x2f, 0xff, 0xfb, 0x00, 0x00, 0x07, 0xff,
    0xff, 0x60, 0x00, 0x00, 0x00, 0x2f, 0xff, 0xfb,
    0x00, 0x00, 0x07, 0xff, 0xff, 0x60, 0x00, 0x00,
    0x00, 0x2f, 0xff, 0xfb, 0x00, 0x00, 0x07, 0xff,
    0xff, 0x60, 0x00, 0x00, 0x00, 0x2f, 0xff, 0xfb,

    /* U+0126 "Ħ" */
    0x00, 0x3f, 0xff, 0xfb, 0x00, 0x00, 0x00, 0x00,
    0x00, 0x00, 0x6f, 0xff, 0xf9, 0x00, 0x00, 0x3f,
    0xff, 0xfb, 0x00, 0x00, 0x00, 0x00, 0x00, 0x00,
    0x6f, 0xff, 0xf9, 0x00, 0x00, 0x3f, 0xff, 0xfb,
    0x00, 0x00, 0x00, 0x00, 0x00, 0x00, 0x6f, 0xff,
    0xf9, 0x00, 0x00, 0x3f, 0xff, 0xfb, 0x00, 0x00,
    0x00, 0x00, 0x00, 0x00, 0x6f, 0xff, 0xf9, 0x00,
    0x00, 0x3f, 0xff, 0xfb, 0x00, 0x00, 0x00, 0x00,
    0x00, 0x00, 0x6f, 0xff, 0xf9, 0x00, 0x01, 0x4f,
    0xff, 0xfd, 0x11, 0x11, 0x11, 0x11, 0x11, 0x11,
    0x7f, 0xff, 0xfa, 0x10, 0x7f, 0xff, 0xff, 0xff,
    0xff, 0xff, 0xff, 0xff, 0xff, 0xff, 0xff, 0xff,
    0xff, 0xfb, 0x7f, 0xff, 0xff, 0xff, 0xff, 0xff,
    0xff, 0xff, 0xff, 0xff, 0xff, 0xff, 0xff, 0xfb,
    0x7f, 0xff, 0xff, 0xff, 0xff, 0xff, 0xff, 0xff,
    0xff, 0xff, 0xff, 0xff, 0xff, 0xfb, 0x00, 0x3f,
    0xff, 0xfb, 0x00, 0x00, 0x00, 0x00, 0x00, 0x00,
    0x6f, 0xff, 0xf9, 0x00, 0x00, 0x3f, 0xff, 0xfb,
    0x00, 0x00, 0x00, 0x00, 0x00, 0x00, 0x6f, 0xff,
    0xf9, 0x00, 0x00, 0x3f, 0xff, 0xfc, 0x22, 0x22,
    0x22, 0x22, 0x22, 0x22, 0x7f, 0xff, 0xf9, 0x00,
    0x00, 0x3f, 0xff, 0xff, 0xff, 0xff, 0xff, 0xff,
    0xff, 0xff, 0xff, 0xff, 0xf9, 0x00, 0x00, 0x3f,
    0xff, 0xff, 0xff, 0xff, 0xff, 0xff, 0xff, 0xff,
    0xff, 0xff, 0xf9, 0x00, 0x00, 0x3f, 0xff, 0xff,
    0xff, 0xff, 0xff, 0xff, 0xff, 0xff, 0xff, 0xff,
    0xf9, 0x00, 0x00, 0x3f, 0xff, 0xff, 0xff, 0xff,
    0xff, 0xff, 0xff, 0xff, 0xff, 0xff, 0xf9, 0x00,
    0x00, 0x3f, 0xff, 0xfb, 0x00, 0x00, 0x00, 0x00,
    0x00, 0x00, 0x6f, 0xff, 0xf9, 0x00, 0x00, 0x3f,
    0xff, 0xfb, 0x00, 0x00, 0x00, 0x00, 0x00, 0x00,
    0x6f, 0xff, 0xf9, 0x00, 0x00, 0x3f, 0xff, 0xfb,
    0x00, 0x00, 0x00, 0x00, 0x00, 0x00, 0x6f, 0xff,
    0xf9, 0x00, 0x00, 0x3f, 0xff, 0xfb, 0x00, 0x00,
    0x00, 0x00, 0x00, 0x00, 0x6f, 0xff, 0xf9, 0x00,
    0x00, 0x3f, 0xff, 0xfb, 0x00, 0x00, 0x00, 0x00,
    0x00, 0x00, 0x6f, 0xff, 0xf9, 0x00, 0x00, 0x3f,
    0xff, 0xfb, 0x00, 0x00, 0x00, 0x00, 0x00, 0x00,
    0x6f, 0xff, 0xf9, 0x00, 0x00, 0x3f, 0xff, 0xfb,
    0x00, 0x00, 0x00, 0x00, 0x00, 0x00, 0x6f, 0xff,
    0xf9, 0x00, 0x00, 0x3f, 0xff, 0xfb, 0x00, 0x00,
    0x00, 0x00, 0x00, 0x00, 0x6f, 0xff, 0xf9, 0x00,
    0x00, 0x3f, 0xff, 0xfb, 0x00, 0x00, 0x00, 0x00,
    0x00, 0x00, 0x6f, 0xff, 0xf9, 0x00, 0x00, 0x3f,
    0xff, 0xfb, 0x00, 0x00, 0x00, 0x00, 0x00, 0x00,
    0x6f, 0xff, 0xf9, 0x00, 0x00, 0x3f, 0xff, 0xfb,
    0x00, 0x00, 0x00, 0x00, 0x00, 0x00, 0x6f, 0xff,
    0xf9, 0x00, 0x00, 0x3f, 0xff, 0xfb, 0x00, 0x00,
    0x00, 0x00, 0x00, 0x00, 0x6f, 0xff, 0xf9, 0x00,

    /* U+0127 "ħ" */
    0x00, 0x07, 0xff, 0xff, 0x50, 0x00, 0x00, 0x00,
    0x00, 0x00, 0x00, 0x00, 0x07, 0xff, 0xff, 0x50,
    0x00, 0x00, 0x00, 0x00, 0x00, 0x00, 0x1f, 0xff,
    0xff, 0xff, 0xff, 0xff, 0xfd, 0x00, 0x00, 0x00,
    0x00, 0x1f, 0xff, 0xff, 0xff, 0xff, 0xff, 0xfd,
    0x00, 0x00, 0x00, 0x00, 0x1f, 0xff, 0xff, 0xff,
    0xff, 0xff, 0xfd, 0x00, 0x00, 0x00, 0x00, 0x01,
    0x18, 0xff, 0xff, 0x61, 0x11, 0x11, 0x00, 0x00,
    0x00, 0x00, 0x00, 0x07, 0xff, 0xff, 0x50, 0x00,
    0x00, 0x00, 0x00, 0x00, 0x00, 0x00, 0x07, 0xff,
    0xff, 0x50, 0x05, 0xbe, 0xfe, 0xc6, 0x00, 0x00,
    0x00, 0x07, 0xff, 0xff, 0x50, 0xbf, 0xff, 0xff,
    0xff, 0xe3, 0x00, 0x00, 0x07, 0xff, 0xff, 0x5b,
    0xff, 0xff, 0xff, 0xff, 0xff, 0x20, 0x00, 0x07,
    0xff, 0xff, 0xaf, 0xff, 0xff, 0xff, 0xff, 0xff,
    0xb0, 0x00, 0x07, 0xff, 0xff, 0xff, 0xb4, 0x22,
    0x6e, 0xff, 0xff, 0xf2, 0x00, 0x07, 0xff, 0xff,
    0xf8, 0x00, 0x00, 0x02, 0xff, 0xff, 0xf7, 0x00,
    0x07, 0xff, 0xff, 0xd0, 0x00, 0x00, 0x00, 0x8f,
    0xff, 0xf9, 0x00, 0x07, 0xff, 0xff, 0x80, 0x00,
    0x00, 0x00, 0x3f, 0xff, 0xfa, 0x00, 0x07, 0xff,
    0xff, 0x60, 0x00, 0x00, 0x00, 0x2f, 0xff, 0xfb,
    0x00, 0x07, 0xff, 0xff, 0x60, 0x00, 0x00, 0x00,
    0x2f, 0xff, 0xfb, 0x00, 0x07, 0xff, 0xff, 0x60,
    0x00, 0x00, 0x00, 0x2f, 0xff, 0xfb, 0x00, 0x07,
    0xff, 0xff, 0x60, 0x00, 0x00, 0x00, 0x2f, 0xff,
    0xfb, 0x00, 0x07, 0xff, 0xff, 0x60, 0x00, 0x00,
    0x00, 0x2f, 0xff, 0xfb, 0x00, 0x07, 0xff, 0xff,
    0x60, 0x00, 0x00, 0x00, 0x2f, 0xff, 0xfb, 0x00,
    0x07, 0xff, 0xff, 0x60, 0x00, 0x00, 0x00, 0x2f,
    0xff, 0xfb, 0x00, 0x07, 0xff, 0xff, 0x60, 0x00,
    0x00, 0x00, 0x2f, 0xff, 0xfb, 0x00, 0x07, 0xff,
    0xff, 0x60, 0x00, 0x00, 0x00, 0x2f, 0xff, 0xfb,
    0x00, 0x07, 0xff, 0xff, 0x60, 0x00, 0x00, 0x00,
    0x2f, 0xff, 0xfb, 0x00, 0x07, 0xff, 0xff, 0x60,
    0x00, 0x00, 0x00, 0x2f, 0xff, 0xfb, 0x00, 0x07,
    0xff, 0xff, 0x60, 0x00, 0x00, 0x00, 0x2f, 0xff,
    0xfb, 0x00, 0x07, 0xff, 0xff, 0x60, 0x00, 0x00,
    0x00, 0x2f, 0xff, 0xfb,

    /* U+0128 "Ĩ" */
    0x01, 0x9d, 0xc6, 0x00, 0x06, 0xdd, 0x40, 0xdf,
    0xff, 0xfd, 0x30, 0xbf, 0xf2, 0x5f, 0xff, 0xff,
    0xff, 0xef, 0xfe, 0x0a, 0xff, 0x71, 0xaf, 0xff,
    0xff, 0x60, 0xcf, 0xf1, 0x00, 0x4c, 0xfe, 0x70,
    0x00, 0x00, 0x00, 0x00, 0x00, 0x00, 0x00, 0x00,
    0x00, 0x00, 0x00, 0x00, 0x00, 0x00, 0x00, 0x00,
    0x00, 0x00, 0x00, 0x00, 0x00, 0x03, 0xff, 0xff,
    0xb0, 0x00, 0x00, 0x00, 0x3f, 0xff, 0xfb, 0x00,
    0x00, 0x00, 0x03, 0xff, 0xff, 0xb0, 0x00, 0x00,
    0x00, 0x3f, 0xff, 0xfb, 0x00, 0x00, 0x00, 0x03,
    0xff, 0xff, 0xb0, 0x00, 0x00, 0x00, 0x3f, 0xff,
    0xfb, 0x00, 0x00, 0x00, 0x03, 0xff, 0xff, 0xb0,
    0x00, 0x00, 0x00, 0x3f, 0xff, 0xfb, 0x00, 0x00,
    0x00, 0x03, 0xff, 0xff, 0xb0, 0x00, 0x00, 0x00,
    0x3f, 0xff, 0xfb, 0x00, 0x00, 0x00, 0x03, 0xff,
    0xff, 0xb0, 0x00, 0x00, 0x00, 0x3f, 0xff, 0xfb,
    0x00, 0x00, 0x00, 0x03, 0xff, 0xff, 0xb0, 0x00,
    0x00, 0x00, 0x3f, 0xff, 0xfb, 0x00, 0x00, 0x00,
    0x03, 0xff, 0xff, 0xb0, 0x00, 0x00, 0x00, 0x3f,
    0xff, 0xfb, 0x00, 0x00, 0x00, 0x03, 0xff, 0xff,
    0xb0, 0x00, 0x00, 0x00, 0x3f, 0xff, 0xfb, 0x00,
    0x00, 0x00, 0x03, 0xff, 0xff, 0xb0, 0x00, 0x00,
    0x00, 0x3f, 0xff, 0xfb, 0x00, 0x00, 0x00, 0x03,
    0xff, 0xff, 0xb0, 0x00, 0x00, 0x00, 0x3f, 0xff,
    0xfb, 0x00, 0x00, 0x00, 0x03, 0xff, 0xff, 0xb0,
    0x00, 0x00, 0x00, 0x3f, 0xff, 0xfb, 0x00, 0x00,
    0x00, 0x03, 0xff, 0xff, 0xb0, 0x00, 0x00, 0x00,
    0x3f, 0xff, 0xfb, 0x00, 0x00, 0x00, 0x03, 0xff,
    0xff, 0xb0, 0x00, 0x00, 0x00, 0x3f, 0xff, 0xfb,
    0x00, 0x00,

    /* U+0129 "ĩ" */
    0x00, 0x3b, 0xdb, 0x30, 0x00, 0xad, 0xd0, 0x02,
    0xff, 0xff, 0xfa, 0x11, 0xff, 0xe0, 0x0a, 0xff,
    0xff, 0xff, 0xff, 0xff, 0xa0, 0x0e, 0xff, 0x23,
    0xcf, 0xff, 0xff, 0x20, 0x0f, 0xfc, 0x00, 0x06,
    0xdf, 0xd4, 0x00, 0x00, 0x00, 0x00, 0x00, 0x00,
    0x00, 0x00, 0x00, 0x00, 0x00, 0x00, 0x00, 0x00,
    0x00, 0x00, 0x00, 0x00, 0x00, 0x00, 0x00, 0x00,
    0x00, 0x00, 0x7f, 0xff, 0xf6, 0x00, 0x00, 0x00,
    0x00, 0x7f, 0xff, 0xf6, 0x00, 0x00, 0x00, 0x00,
    0x7f, 0xff, 0xf6, 0x00, 0x00, 0x00, 0x00, 0x7f,
    0xff, 0xf6, 0x00, 0x00, 0x00, 0x00, 0x7f, 0xff,
    0xf6, 0x00, 0x00, 0x00, 0x00, 0x7f, 0xff, 0xf6,
    0x00, 0x00, 0x00, 0x00, 0x7f, 0xff, 0xf6, 0x00,
    0x00, 0x00, 0x00, 0x7f, 0xff, 0xf6, 0x00, 0x00,
    0x00, 0x00, 0x7f, 0xff, 0xf6, 0x00, 0x00, 0x00,
    0x00, 0x7f, 0xff, 0xf6, 0x00, 0x00, 0x00, 0x00,
    0x7f, 0xff, 0xf6, 0x00, 0x00, 0x00, 0x00, 0x7f,
    0xff, 0xf6, 0x00, 0x00, 0x00, 0x00, 0x7f, 0xff,
    0xf6, 0x00, 0x00, 0x00, 0x00, 0x7f, 0xff, 0xf6,
    0x00, 0x00, 0x00, 0x00, 0x7f, 0xff, 0xf6, 0x00,
    0x00, 0x00, 0x00, 0x7f, 0xff, 0xf6, 0x00, 0x00,
    0x00, 0x00, 0x7f, 0xff, 0xf6, 0x00, 0x00, 0x00,
    0x00, 0x7f, 0xff, 0xf6, 0x00, 0x00, 0x00, 0x00,
    0x7f, 0xff, 0xf6, 0x00, 0x00, 0x00, 0x00, 0x7f,
    0xff, 0xf6, 0x00, 0x00, 0x00, 0x00, 0x7f, 0xff,
    0xf6, 0x00, 0x00,

    /* U+012A "Ī" */
    0x0f, 0xff, 0xff, 0xff, 0xff, 0xf9, 0x0f, 0xff,
    0xff, 0xff, 0xff, 0xf9, 0x0f, 0xff, 0xff, 0xff,
    0xff, 0xf9, 0x04, 0x44, 0x44, 0x44, 0x44, 0x42,
    0x00, 0x00, 0x00, 0x00, 0x00, 0x00, 0x00, 0x00,
    0x00, 0x00, 0x00, 0x00, 0x00, 0x00, 0x00, 0x00,
    0x00, 0x00, 0x00, 0x03, 0xff, 0xff, 0xb0, 0x00,
    0x00, 0x03, 0xff, 0xff, 0xb0, 0x00, 0x00, 0x03,
    0xff, 0xff, 0xb0, 0x00, 0x00, 0x03, 0xff, 0xff,
    0xb0, 0x00, 0x00, 0x03, 0xff, 0xff, 0xb0, 0x00,
    0x00, 0x03, 0xff, 0xff, 0xb0, 0x00, 0x00, 0x03,
    0xff, 0xff, 0xb0, 0x00, 0x00, 0x03, 0xff, 0xff,
    0xb0, 0x00, 0x00, 0x03, 0xff, 0xff, 0xb0, 0x00,
    0x00, 0x03, 0xff, 0xff, 0xb0, 0x00, 0x00, 0x03,
    0xff, 0xff, 0xb0, 0x00, 0x00, 0x03, 0xff, 0xff,
    0xb0, 0x00, 0x00, 0x03, 0xff, 0xff, 0xb0, 0x00,
    0x00, 0x03, 0xff, 0xff, 0xb0, 0x00, 0x00, 0x03,
    0xff, 0xff, 0xb0, 0x00, 0x00, 0x03, 0xff, 0xff,
    0xb0, 0x00, 0x00, 0x03, 0xff, 0xff, 0xb0, 0x00,
    0x00, 0x03, 0xff, 0xff, 0xb0, 0x00, 0x00, 0x03,
    0xff, 0xff, 0xb0, 0x00, 0x00, 0x03, 0xff, 0xff,
    0xb0, 0x00, 0x00, 0x03, 0xff, 0xff, 0xb0, 0x00,
    0x00, 0x03, 0xff, 0xff, 0xb0, 0x00, 0x00, 0x03,
    0xff, 0xff, 0xb0, 0x00, 0x00, 0x03, 0xff, 0xff,
    0xb0, 0x00, 0x00, 0x03, 0xff, 0xff, 0xb0, 0x00,
    0x00, 0x03, 0xff, 0xff, 0xb0, 0x00, 0x00, 0x03,
    0xff, 0xff, 0xb0, 0x00, 0x00, 0x03, 0xff, 0xff,
    0xb0, 0x00,

    /* U+012B "ī" */
    0x5f, 0xff, 0xff, 0xff, 0xff, 0xf4, 0x5f, 0xff,
    0xff, 0xff, 0xff, 0xf4, 0x5f, 0xff, 0xff, 0xff,
    0xff, 0xf4, 0x13, 0x33, 0x33, 0x33, 0x33, 0x30,
    0x00, 0x00, 0x00, 0x00, 0x00, 0x00, 0x00, 0x00,
    0x00, 0x00, 0x00, 0x00, 0x00, 0x00, 0x00, 0x00,
    0x00, 0x00, 0x00, 0x07, 0xff, 0xff, 0x60, 0x00,
    0x00, 0x07, 0xff, 0xff, 0x60, 0x00, 0x00, 0x07,
    0xff, 0xff, 0x60, 0x00, 0x00, 0x07, 0xff, 0xff,
    0x60, 0x00, 0x00, 0x07, 0xff, 0xff, 0x60, 0x00,
    0x00, 0x07, 0xff, 0xff, 0x60, 0x00, 0x00, 0x07,
    0xff, 0xff, 0x60, 0x00, 0x00, 0x07, 0xff, 0xff,
    0x60, 0x00, 0x00, 0x07, 0xff, 0xff, 0x60, 0x00,
    0x00, 0x07, 0xff, 0xff, 0x60, 0x00, 0x00, 0x07,
    0xff, 0xff, 0x60, 0x00, 0x00, 0x07, 0xff, 0xff,
    0x60, 0x00, 0x00, 0x07, 0xff, 0xff, 0x60, 0x00,
    0x00, 0x07, 0xff, 0xff, 0x60, 0x00, 0x00, 0x07,
    0xff, 0xff, 0x60, 0x00, 0x00, 0x07, 0xff, 0xff,
    0x60, 0x00, 0x00, 0x07, 0xff, 0xff, 0x60, 0x00,
    0x00, 0x07, 0xff, 0xff, 0x60, 0x00, 0x00, 0x07,
    0xff, 0xff, 0x60, 0x00, 0x00, 0x07, 0xff, 0xff,
    0x60, 0x00, 0x00, 0x07, 0xff, 0xff, 0x60, 0x00,

    /* U+012C "Ĭ" */
    0xbf, 0xf4, 0x00, 0x00, 0x0c, 0xff, 0x39, 0xff,
    0x90, 0x00, 0x02, 0xff, 0xf1, 0x3f, 0xff, 0x92,
    0x04, 0xdf, 0xfb, 0x00, 0x9f, 0xff, 0xff, 0xff,
    0xff, 0x20, 0x00, 0x9f, 0xff, 0xff, 0xfe, 0x30,
    0x00, 0x00, 0x39, 0xcc, 0xb6, 0x00, 0x00, 0x00,
    0x00, 0x00, 0x00, 0x00, 0x00, 0x00, 0x00, 0x00,
    0x00, 0x00, 0x00, 0x00, 0x00, 0x03, 0xff, 0xff,
    0xb0, 0x00, 0x00, 0x00, 0x3f, 0xff, 0xfb, 0x00,
    0x00, 0x00, 0x03, 0xff, 0xff, 0xb0, 0x00, 0x00,
    0x00, 0x3f, 0xff, 0xfb, 0x00, 0x00, 0x00, 0x03,
    0xff, 0xff, 0xb0, 0x00, 0x00, 0x00, 0x3f, 0xff,
    0xfb, 0x00, 0x00, 0x00, 0x03, 0xff, 0xff, 0xb0,
    0x00, 0x00, 0x00, 0x3f, 0xff, 0xfb, 0x00, 0x00,
    0x00, 0x03, 0xff, 0xff, 0xb0, 0x00, 0x00, 0x00,
    0x3f, 0xff, 0xfb, 0x00, 0x00, 0x00, 0x03, 0xff,
    0xff, 0xb0, 0x00, 0x00, 0x00, 0x3f, 0xff, 0xfb,
    0x00, 0x00, 0x00, 0x03, 0xff, 0xff, 0xb0, 0x00,
    0x00, 0x00, 0x3f, 0xff, 0xfb, 0x00, 0x00, 0x00,
    0x03, 0xff, 0xff, 0xb0, 0x00, 0x00, 0x00, 0x3f,
    0xff, 0xfb, 0x00, 0x00, 0x00, 0x03, 0xff, 0xff,
    0xb0, 0x00, 0x00, 0x00, 0x3f, 0xff, 0xfb, 0x00,
    0x00, 0x00, 0x03, 0xff, 0xff, 0xb0, 0x00, 0x00,
    0x00, 0x3f, 0xff, 0xfb, 0x00, 0x00, 0x00, 0x03,
    0xff, 0xff, 0xb0, 0x00, 0x00, 0x00, 0x3f, 0xff,
    0xfb, 0x00, 0x00, 0x00, 0x03, 0xff, 0xff, 0xb0,
    0x00, 0x00, 0x00, 0x3f, 0xff, 0xfb, 0x00, 0x00,
    0x00, 0x03, 0xff, 0xff, 0xb0, 0x00, 0x00, 0x00,
    0x3f, 0xff, 0xfb, 0x00, 0x00, 0x00, 0x03, 0xff,
    0xff, 0xb0, 0x00, 0x00, 0x00, 0x3f, 0xff, 0xfb,
    0x00, 0x00,

    /* U+012D "ĭ" */
    0x0f, 0xff, 0x00, 0x00, 0x01, 0xff, 0xf0, 0x0d,
    0xff, 0x50, 0x00, 0x06, 0xff, 0xc0, 0x07, 0xff,
    0xe6, 0x11, 0x6f, 0xff, 0x60, 0x00, 0xdf, 0xff,
    0xff, 0xff, 0xfc, 0x00, 0x00, 0x1c, 0xff, 0xff,
    0xff, 0xb1, 0x00, 0x00, 0x00, 0x4a, 0xcc, 0x94,
    0x00, 0x00, 0x00, 0x00, 0x00, 0x00, 0x00, 0x00,
    0x00, 0x00, 0x00, 0x00, 0x00, 0x00, 0x00, 0x00,
    0x00, 0x00, 0x7f, 0xff, 0xf6, 0x00, 0x00, 0x00,
    0x00, 0x7f, 0xff, 0xf6, 0x00, 0x00, 0x00, 0x00,
    0x7f, 0xff, 0xf6, 0x00, 0x00, 0x00, 0x00, 0x7f,
    0xff, 0xf6, 0x00, 0x00, 0x00, 0x00, 0x7f, 0xff,
    0xf6, 0x00, 0x00, 0x00, 0x00, 0x7f, 0xff, 0xf6,
    0x00, 0x00, 0x00, 0x00, 0x7f, 0xff, 0xf6, 0x00,
    0x00, 0x00, 0x00, 0x7f, 0xff, 0xf6, 0x00, 0x00,
    0x00, 0x00, 0x7f, 0xff, 0xf6, 0x00, 0x00, 0x00,
    0x00, 0x7f, 0xff, 0xf6, 0x00, 0x00, 0x00, 0x00,
    0x7f, 0xff, 0xf6, 0x00, 0x00, 0x00, 0x00, 0x7f,
    0xff, 0xf6, 0x00, 0x00, 0x00, 0x00, 0x7f, 0xff,
    0xf6, 0x00, 0x00, 0x00, 0x00, 0x7f, 0xff, 0xf6,
    0x00, 0x00, 0x00, 0x00, 0x7f, 0xff, 0xf6, 0x00,
    0x00, 0x00, 0x00, 0x7f, 0xff, 0xf6, 0x00, 0x00,
    0x00, 0x00, 0x7f, 0xff, 0xf6, 0x00, 0x00, 0x00,
    0x00, 0x7f, 0xff, 0xf6, 0x00, 0x00, 0x00, 0x00,
    0x7f, 0xff, 0xf6, 0x00, 0x00, 0x00, 0x00, 0x7f,
    0xff, 0xf6, 0x00, 0x00, 0x00, 0x00, 0x7f, 0xff,
    0xf6, 0x00, 0x00,

    /* U+012E "Į" */
    0x00, 0x3f, 0xff, 0xfb, 0x00, 0x03, 0xff, 0xff,
    0xb0, 0x00, 0x3f, 0xff, 0xfb, 0x00, 0x03, 0xff,
    0xff, 0xb0, 0x00, 0x3f, 0xff, 0xfb, 0x00, 0x03,
    0xff, 0xff, 0xb0, 0x00, 0x3f, 0xff, 0xfb, 0x00,
    0x03, 0xff, 0xff, 0xb0, 0x00, 0x3f, 0xff, 0xfb,
    0x00, 0x03, 0xff, 0xff, 0xb0, 0x00, 0x3f, 0xff,
    0xfb, 0x00, 0x03, 0xff, 0xff, 0xb0, 0x00, 0x3f,
    0xff, 0xfb, 0x00, 0x03, 0xff, 0xff, 0xb0, 0x00,
    0x3f, 0xff, 0xfb, 0x00, 0x03, 0xff, 0xff, 0xb0,
    0x00, 0x3f, 0xff, 0xfb, 0x00, 0x03, 0xff, 0xff,
    0xb0, 0x00, 0x3f, 0xff, 0xfb, 0x00, 0x03, 0xff,
    0xff, 0xb0, 0x00, 0x3f, 0xff, 0xfb, 0x00, 0x03,
    0xff, 0xff, 0xb0, 0x00, 0x3f, 0xff, 0xfb, 0x00,
    0x03, 0xff, 0xff, 0xb0, 0x00, 0x3f, 0xff, 0xfb,
    0x00, 0x03, 0xff, 0xff, 0xb0, 0x00, 0x3f, 0xff,
    0xfb, 0x00, 0x04, 0xff, 0xff, 0xc0, 0x01, 0xdf,
    0xff, 0xc2, 0x00, 0xcf, 0xff, 0x90, 0x00, 0x4f,
    0xff, 0xd0, 0x00, 0x09, 0xff, 0xfb, 0x00, 0x00,
    0xaf, 0xff, 0xf5, 0x46, 0x07, 0xff, 0xff, 0xff,
    0xf1, 0x0d, 0xff, 0xff, 0xff, 0x80, 0x06, 0xce,
    0xfd, 0x93,

    /* U+012F "į" */
    0x00, 0x00, 0x8e, 0xe8, 0x00, 0x00, 0x07, 0xff,
    0xff, 0x70, 0x00, 0x0c, 0xff, 0xff, 0xb0, 0x00,
    0x09, 0xff, 0xff, 0x90, 0x00, 0x01, 0xdf, 0xfc,
    0x10, 0x00, 0x00, 0x03, 0x30, 0x00, 0x00, 0x00,
    0x00, 0x00, 0x00, 0x00, 0x00, 0x00, 0x00, 0x00,
    0x00, 0x07, 0xff, 0xff, 0x60, 0x00, 0x07, 0xff,
    0xff, 0x60, 0x00, 0x07, 0xff, 0xff, 0x60, 0x00,
    0x07, 0xff, 0xff, 0x60, 0x00, 0x07, 0xff, 0xff,
    0x60, 0x00, 0x07, 0xff, 0xff, 0x60, 0x00, 0x07,
    0xff, 0xff, 0x60, 0x00, 0x07, 0xff, 0xff, 0x60,
    0x00, 0x07, 0xff, 0xff, 0x60, 0x00, 0x07, 0xff,
    0xff, 0x60, 0x00, 0x07, 0xff, 0xff, 0x60, 0x00,
    0x07, 0xff, 0xff, 0x60, 0x00, 0x07, 0xff, 0xff,
    0x60, 0x00, 0x07, 0xff, 0xff, 0x60, 0x00, 0x07,
    0xff, 0xff, 0x60, 0x00, 0x07, 0xff, 0xff, 0x60,
    0x00, 0x07, 0xff, 0xff, 0x60, 0x00, 0x07, 0xff,
    0xff, 0x60, 0x00, 0x07, 0xff, 0xff, 0x60, 0x00,
    0x07, 0xff, 0xff, 0x60, 0x00, 0x09, 0xff, 0xff,
    0x60, 0x00, 0x4f, 0xff, 0xf8, 0x00, 0x02, 0xff,
    0xff, 0x40, 0x00, 0x0a, 0xff, 0xf8, 0x00, 0x00,
    0x0e, 0xff, 0xf5, 0x00, 0x00, 0x0f, 0xff, 0xfc,
    0x45, 0x30, 0x0c, 0xff, 0xff, 0xff, 0xb0, 0x03,
    0xff, 0xff, 0xff, 0xf2, 0x00, 0x29, 0xdf, 0xfc,
    0x71,

    /* U+0130 "İ" */
    0x05, 0xdf, 0xa1, 0x03, 0xff, 0xff, 0xc0, 0x7f,
    0xff, 0xff, 0x05, 0xff, 0xff, 0xe0, 0x09, 0xff,
    0xe3, 0x00, 0x02, 0x30, 0x00, 0x00, 0x00, 0x00,
    0x00, 0x00, 0x00, 0x00, 0x3f, 0xff, 0xfb, 0x03,
    0xff, 0xff, 0xb0, 0x3f, 0xff, 0xfb, 0x03, 0xff,
    0xff, 0xb0, 0x3f, 0xff, 0xfb, 0x03, 0xff, 0xff,
    0xb0, 0x3f, 0xff, 0xfb, 0x03, 0xff, 0xff, 0xb0,
    0x3f, 0xff, 0xfb, 0x03, 0xff, 0xff, 0xb0, 0x3f,
    0xff, 0xfb, 0x03, 0xff, 0xff, 0xb0, 0x3f, 0xff,
    0xfb, 0x03, 0xff, 0xff, 0xb0, 0x3f, 0xff, 0xfb,
    0x03, 0xff, 0xff, 0xb0, 0x3f, 0xff, 0xfb, 0x03,
    0xff, 0xff, 0xb0, 0x3f, 0xff, 0xfb, 0x03, 0xff,
    0xff, 0xb0, 0x3f, 0xff, 0xfb, 0x03, 0xff, 0xff,
    0xb0, 0x3f, 0xff, 0xfb, 0x03, 0xff, 0xff, 0xb0,
    0x3f, 0xff, 0xfb, 0x03, 0xff, 0xff, 0xb0, 0x3f,
    0xff, 0xfb, 0x03, 0xff, 0xff, 0xb0,

    /* U+0131 "ı" */
    0x7f, 0xff, 0xf6, 0x7f, 0xff, 0xf6, 0x7f, 0xff,
    0xf6, 0x7f, 0xff, 0xf6, 0x7f, 0xff, 0xf6, 0x7f,
    0xff, 0xf6, 0x7f, 0xff, 0xf6, 0x7f, 0xff, 0xf6,
    0x7f, 0xff, 0xf6, 0x7f, 0xff, 0xf6, 0x7f, 0xff,
    0xf6, 0x7f, 0xff, 0xf6, 0x7f, 0xff, 0xf6, 0x7f,
    0xff, 0xf6, 0x7f, 0xff, 0xf6, 0x7f, 0xff, 0xf6,
    0x7f, 0xff, 0xf6, 0x7f, 0xff, 0xf6, 0x7f, 0xff,
    0xf6, 0x7f, 0xff, 0xf6, 0x7f, 0xff, 0xf6,

    /* U+0132 "Ĳ" */
    0x3f, 0xff, 0xfb, 0x00, 0x00, 0x00, 0x00, 0x00,
    0x00, 0x00, 0x00, 0x2f, 0xff, 0xfc, 0x3f, 0xff,
    0xfb, 0x00, 0x00, 0x00, 0x00, 0x00, 0x00, 0x00,
    0x00, 0x2f, 0xff, 0xfc, 0x3f, 0xff, 0xfb, 0x00,
    0x00, 0x00, 0x00, 0x00, 0x00, 0x00, 0x00, 0x2f,
    0xff, 0xfc, 0x3f, 0xff, 0xfb, 0x00, 0x00, 0x00,
    0x00, 0x00, 0x00, 0x00, 0x00, 0x2f, 0xff, 0xfc,
    0x3f, 0xff, 0xfb, 0x00, 0x00, 0x00, 0x00, 0x00,
    0x00, 0x00, 0x00, 0x2f, 0xff, 0xfc, 0x3f, 0xff,
    0xfb, 0x00, 0x00, 0x00, 0x00, 0x00, 0x00, 0x00,
    0x00, 0x2f, 0xff, 0xfc, 0x3f, 0xff, 0xfb, 0x00,
    0x00, 0x00, 0x00, 0x00, 0x00, 0x00, 0x00, 0x2f,
    0xff, 0xfc, 0x3f, 0xff, 0xfb, 0x00, 0x00, 0x00,
    0x00, 0x00, 0x00, 0x00, 0x00, 0x2f, 0xff, 0xfc,
    0x3f, 0xff, 0xfb, 0x00, 0x00, 0x00, 0x00, 0x00,
    0x00, 0x00, 0x00, 0x2f, 0xff, 0xfc, 0x3f, 0xff,
    0xfb, 0x00, 0x00, 0x00, 0x00, 0x00, 0x00, 0x00,
    0x00, 0x2f, 0xff, 0xfc, 0x3f, 0xff, 0xfb, 0x00,
    0x00, 0x00, 0x00, 0x00, 0x00, 0x00, 0x00, 0x2f,
    0xff, 0xfc, 0x3f, 0xff, 0xfb, 0x00, 0x00, 0x00,
    0x00, 0x00, 0x00, 0x00, 0x00, 0x2f, 0xff, 0xfc,
    0x3f, 0xff, 0xfb, 0x00, 0x00, 0x00, 0x00, 0x00,
    0x00, 0x00, 0x00, 0x2f, 0xff, 0xfc, 0x3f, 0xff,
    0xfb, 0x00, 0x00, 0x00, 0x00, 0x00, 0x00, 0x00,
    0x00, 0x2f, 0xff, 0xfc, 0x3f, 0xff, 0xfb, 0x00,
    0x00, 0x00, 0x00, 0x00, 0x00, 0x00, 0x00, 0x2f,
    0xff, 0xfc, 0x3f, 0xff, 0xfb, 0x00, 0x00, 0x00,
    0x00, 0x00, 0x00, 0x00, 0x00, 0x2f, 0xff, 0xfc,
    0x3f, 0xff, 0xfb, 0x00, 0x00, 0x00, 0x00, 0x00,
    0x00, 0x00, 0x00, 0x2f, 0xff, 0xfc, 0x3f, 0xff,
    0xfb, 0x00, 0x00, 0x11, 0x11, 0x10, 0x00, 0x00,
    0x00, 0x2f, 0xff, 0xfc, 0x3f, 0xff, 0xfb, 0x00,
    0x00, 0xff, 0xff, 0xe0, 0x00, 0x00, 0x00, 0x2f,
    0xff, 0xfc, 0x3f, 0xff, 0xfb, 0x00, 0x00, 0xff,
    0xff, 0xe0, 0x00, 0x00, 0x00, 0x2f, 0xff, 0xfc,
    0x3f, 0xff, 0xfb, 0x00, 0x00, 0xff, 0xff, 0xf0,
    0x00, 0x00, 0x00, 0x3f, 0xff, 0xfb, 0x3f, 0xff,
    0xfb, 0x00, 0x00, 0xdf, 0xff, 0xf3, 0x00, 0x00,
    0x00, 0x7f, 0xff, 0xf9, 0x3f, 0xff, 0xfb, 0x00,
    0x00, 0x9f, 0xff, 0xfc, 0x00, 0x00, 0x01, 0xef,
    0xff, 0xf5, 0x3f, 0xff, 0xfb, 0x00, 0x00, 0x3f,
    0xff, 0xff, 0xc5, 0x22, 0x6e, 0xff, 0xff, 0xe0,
    0x3f, 0xff, 0xfb, 0x00, 0x00, 0x0a, 0xff, 0xff,
    0xff, 0xff, 0xff, 0xff, 0xff, 0x60, 0x3f, 0xff,
    0xfb, 0x00, 0x00, 0x00, 0xcf, 0xff, 0xff, 0xff,
    0xff, 0xff, 0xf9, 0x00, 0x3f, 0xff, 0xfb, 0x00,
    0x00, 0x00, 0x09, 0xff, 0xff, 0xff, 0xff, 0xff,
    0x60, 0x00, 0x3f, 0xff, 0xfb, 0x00, 0x00, 0x00,
    0x00, 0x28, 0xce, 0xff, 0xeb, 0x71, 0x00, 0x00,

    /* U+0133 "ĳ" */
    0x08, 0xee, 0x80, 0x00, 0x00, 0x09, 0xee, 0x70,
    0x7f, 0xff, 0xf7, 0x00, 0x00, 0x9f, 0xff, 0xf6,
    0xcf, 0xff, 0xfb, 0x00, 0x00, 0xdf, 0xff, 0xfa,
    0x9f, 0xff, 0xf9, 0x00, 0x00, 0xbf, 0xff, 0xf8,
    0x1d, 0xff, 0xc1, 0x00, 0x00, 0x2d, 0xff, 0xc0,
    0x00, 0x33, 0x00, 0x00, 0x00, 0x00, 0x33, 0x00,
    0x00, 0x00, 0x00, 0x00, 0x00, 0x00, 0x00, 0x00,
    0x00, 0x00, 0x00, 0x00, 0x00, 0x00, 0x00, 0x00,
    0x7f, 0xff, 0xf6, 0x00, 0x00, 0x8f, 0xff, 0xf5,
    0x7f, 0xff, 0xf6, 0x00, 0x00, 0x8f, 0xff, 0xf5,
    0x7f, 0xff, 0xf6, 0x00, 0x00, 0x8f, 0xff, 0xf5,
    0x7f, 0xff, 0xf6, 0x00, 0x00, 0x8f, 0xff, 0xf5,
    0x7f, 0xff, 0xf6, 0x00, 0x00, 0x8f, 0xff, 0xf5,
    0x7f, 0xff, 0xf6, 0x00, 0x00, 0x8f, 0xff, 0xf5,
    0x7f, 0xff, 0xf6, 0x00, 0x00, 0x8f, 0xff, 0xf5,
    0x7f, 0xff, 0xf6, 0x00, 0x00, 0x8f, 0xff, 0xf5,
    0x7f, 0xff, 0xf6, 0x00, 0x00, 0x8f, 0xff, 0xf5,
    0x7f, 0xff, 0xf6, 0x00, 0x00, 0x8f, 0xff, 0xf5,
    0x7f, 0xff, 0xf6, 0x00, 0x00, 0x8f, 0xff, 0xf5,
    0x7f, 0xff, 0xf6, 0x00, 0x00, 0x8f, 0xff, 0xf5,
    0x7f, 0xff, 0xf6, 0x00, 0x00, 0x8f, 0xff, 0xf5,
    0x7f, 0xff, 0xf6, 0x00, 0x00, 0x8f, 0xff, 0xf5,
    0x7f, 0xff, 0xf6, 0x00, 0x00, 0x8f, 0xff, 0xf5,
    0x7f, 0xff, 0xf6, 0x00, 0x00, 0x8f, 0xff, 0xf5,
    0x7f, 0xff, 0xf6, 0x00, 0x00, 0x8f, 0xff, 0xf5,
    0x7f, 0xff, 0xf6, 0x00, 0x00, 0x8f, 0xff, 0xf5,
    0x7f, 0xff, 0xf6, 0x00, 0x00, 0x8f, 0xff, 0xf5,
    0x7f, 0xff, 0xf6, 0x00, 0x00, 0x8f, 0xff, 0xf5,
    0x7f, 0xff, 0xf6, 0x00, 0x00, 0x8f, 0xff, 0xf5,
    0x00, 0x00, 0x00, 0x00, 0x00, 0x8f, 0xff, 0xf5,
    0x00, 0x00, 0x00, 0x00, 0x00, 0x8f, 0xff, 0xf4,
    0x00, 0x00, 0x00, 0x00, 0x00, 0xbf, 0xff, 0xf3,
    0x00, 0x00, 0x00, 0x00, 0x06, 0xff, 0xff, 0xf1,
    0x00, 0x00, 0x00, 0x0c, 0xff, 0xff, 0xff, 0xb0,
    0x00, 0x00, 0x00, 0x0d, 0xff, 0xff, 0xff, 0x30,
    0x00, 0x00, 0x00, 0x0d, 0xff, 0xff, 0xe4, 0x00,
    0x00, 0x00, 0x00, 0x0d, 0xfe, 0xb7, 0x10, 0x00,

    /* U+0134 "Ĵ" */
    0x00, 0x00, 0x00, 0x00, 0x00, 0x00, 0x03, 0x88,
    0x87, 0x00, 0x00, 0x00, 0x00, 0x00, 0x00, 0x00,
    0x00, 0x02, 0xef, 0xff, 0xfa, 0x00, 0x00, 0x00,
    0x00, 0x00, 0x00, 0x00, 0x02, 0xef, 0xff, 0xff,
    0xf8, 0x00, 0x00, 0x00, 0x00, 0x00, 0x00, 0x01,
    0xdf, 0xff, 0x3a, 0xff, 0xf7, 0x00, 0x00, 0x00,
    0x00, 0x00, 0x01, 0xdf, 0xff, 0x60, 0x0c, 0xff,
    0xf6, 0x00, 0x00, 0x00, 0x00, 0x00, 0xcf, 0xff,
    0x80, 0x00, 0x1e, 0xff, 0xf5, 0x00, 0x00, 0x00,
    0x00, 0x00, 0x00, 0x00, 0x00, 0x00, 0x00, 0x00,
    0x00, 0x00, 0x00, 0x00, 0x00, 0x00, 0x00, 0x00,
    0x00, 0x00, 0x00, 0x00, 0x00, 0x00, 0x00, 0x00,
    0x00, 0x00, 0x00, 0x00, 0x00, 0x00, 0x00, 0x00,
    0x00, 0x00, 0x00, 0x00, 0x00, 0x00, 0xaf, 0xff,
    0xf4, 0x00, 0x00, 0x00, 0x00, 0x00, 0x00, 0x00,
    0x00, 0x0a, 0xff, 0xff, 0x40, 0x00, 0x00, 0x00,
    0x00, 0x00, 0x00, 0x00, 0x00, 0xaf, 0xff, 0xf4,
    0x00, 0x00, 0x00, 0x00, 0x00, 0x00, 0x00, 0x00,
    0x0a, 0xff, 0xff, 0x40, 0x00, 0x00, 0x00, 0x00,
    0x00, 0x00, 0x00, 0x00, 0xaf, 0xff, 0xf4, 0x00,
    0x00, 0x00, 0x00, 0x00, 0x00, 0x00, 0x00, 0x0a,
    0xff, 0xff, 0x40, 0x00, 0x00, 0x00, 0x00, 0x00,
    0x00, 0x00, 0x00, 0xaf, 0xff, 0xf4, 0x00, 0x00,
    0x00, 0x00, 0x00, 0x00, 0x00, 0x00, 0x0a, 0xff,
    0xff, 0x40, 0x00, 0x00, 0x00, 0x00, 0x00, 0x00,
    0x00, 0x00, 0xaf, 0xff, 0xf4, 0x00, 0x00, 0x00,
    0x00, 0x00, 0x00, 0x00, 0x00, 0x0a, 0xff, 0xff,
    0x40, 0x00, 0x00, 0x00, 0x00, 0x00, 0x00, 0x00,
    0x00, 0xaf, 0xff, 0xf4, 0x00, 0x00, 0x00, 0x00,
    0x00, 0x00, 0x00, 0x00, 0x0a, 0xff, 0xff, 0x40,
    0x00, 0x00, 0x00, 0x00, 0x00, 0x00, 0x00, 0x00,
    0xaf, 0xff, 0xf4, 0x00, 0x00, 0x00, 0x00, 0x00,
    0x00, 0x00, 0x00, 0x0a, 0xff, 0xff, 0x40, 0x00,
    0x00, 0x00, 0x00, 0x00, 0x00, 0x00, 0x00, 0xaf,
    0xff, 0xf4, 0x00, 0x00, 0x00, 0x00, 0x00, 0x00,
    0x00, 0x00, 0x0a, 0xff, 0xff, 0x40, 0x00, 0x00,
    0x00, 0x00, 0x00, 0x00, 0x00, 0x00, 0xaf, 0xff,
    0xf4, 0x00, 0x00, 0x01, 0x11, 0x10, 0x00, 0x00,
    0x00, 0x0a, 0xff, 0xff, 0x40, 0x00, 0x08, 0xff,
    0xff, 0x60, 0x00, 0x00, 0x00, 0xaf, 0xff, 0xf4,
    0x00, 0x00, 0x8f, 0xff, 0xf6, 0x00, 0x00, 0x00,
    0x0a, 0xff, 0xff, 0x40, 0x00, 0x07, 0xff, 0xff,
    0x70, 0x00, 0x00, 0x00, 0xbf, 0xff, 0xf2, 0x00,
    0x00, 0x5f, 0xff, 0xfb, 0x00, 0x00, 0x00, 0x0f,
    0xff, 0xff, 0x10, 0x00, 0x01, 0xff, 0xff, 0xf4,
    0x00, 0x00, 0x08, 0xff, 0xff, 0xd0, 0x00, 0x00,
    0x0b, 0xff, 0xff, 0xf8, 0x31, 0x3a, 0xff, 0xff,
    0xf7, 0x00, 0x00, 0x00, 0x3f, 0xff, 0xff, 0xff,
    0xff, 0xff, 0xff, 0xfd, 0x00, 0x00, 0x00, 0x00,
    0x5f, 0xff, 0xff, 0xff, 0xff, 0xff, 0xfe, 0x20,
    0x00, 0x00, 0x00, 0x00, 0x4d, 0xff, 0xff, 0xff,
    0xff, 0xfb, 0x10, 0x00, 0x00, 0x00, 0x00, 0x00,
    0x05, 0xad, 0xff, 0xec, 0x93, 0x00, 0x00, 0x00,
    0x00, 0x00,

    /* U+0135 "ĵ" */
    0x00, 0x00, 0x7f, 0xff, 0xf6, 0x00, 0x00, 0x00,
    0x06, 0xff, 0xff, 0xff, 0x40, 0x00, 0x00, 0x5f,
    0xff, 0xcd, 0xff, 0xf3, 0x00, 0x04, 0xff, 0xfe,
    0x11, 0xef, 0xff, 0x20, 0x3f, 0xff, 0xf2, 0x00,
    0x3f, 0xff, 0xe2, 0x78, 0x88, 0x40, 0x00, 0x04,
    0x88, 0x85, 0x00, 0x00, 0x00, 0x00, 0x00, 0x00,
    0x00, 0x00, 0x00, 0x00, 0x00, 0x00, 0x00, 0x00,
    0x00, 0x00, 0x7f, 0xff, 0xf6, 0x00, 0x00, 0x00,
    0x00, 0x7f, 0xff, 0xf6, 0x00, 0x00, 0x00, 0x00,
    0x7f, 0xff, 0xf6, 0x00, 0x00, 0x00, 0x00, 0x7f,
    0xff, 0xf6, 0x00, 0x00, 0x00, 0x00, 0x7f, 0xff,
    0xf6, 0x00, 0x00, 0x00, 0x00, 0x7f, 0xff, 0xf6,
    0x00, 0x00, 0x00, 0x00, 0x7f, 0xff, 0xf6, 0x00,
    0x00, 0x00, 0x00, 0x7f, 0xff, 0xf6, 0x00, 0x00,
    0x00, 0x00, 0x7f, 0xff, 0xf6, 0x00, 0x00, 0x00,
    0x00, 0x7f, 0xff, 0xf6, 0x00, 0x00, 0x00, 0x00,
    0x7f, 0xff, 0xf6, 0x00, 0x00, 0x00, 0x00, 0x7f,
    0xff, 0xf6, 0x00, 0x00, 0x00, 0x00, 0x7f, 0xff,
    0xf6, 0x00, 0x00, 0x00, 0x00, 0x7f, 0xff, 0xf6,
    0x00, 0x00, 0x00, 0x00, 0x7f, 0xff, 0xf6, 0x00,
    0x00, 0x00, 0x00, 0x7f, 0xff, 0xf6, 0x00, 0x00,
    0x00, 0x00, 0x7f, 0xff, 0xf6, 0x00, 0x00, 0x00,
    0x00, 0x7f, 0xff, 0xf6, 0x00, 0x00, 0x00, 0x00,
    0x7f, 0xff, 0xf6, 0x00, 0x00, 0x00, 0x00, 0x7f,
    0xff, 0xf6, 0x00, 0x00, 0x00, 0x00, 0x7f, 0xff,
    0xf6, 0x00, 0x00, 0x00, 0x00, 0x7f, 0xff, 0xf6,
    0x00, 0x00, 0x00, 0x00, 0x7f, 0xff, 0xf5, 0x00,
    0x00, 0x00, 0x00, 0xaf, 0xff, 0xf4, 0x00, 0x00,
    0x00, 0x05, 0xff, 0xff, 0xf2, 0x00, 0x00, 0x0b,
    0xff, 0xff, 0xff, 0xc0, 0x00, 0x00, 0x0c, 0xff,
    0xff, 0xff, 0x30, 0x00, 0x00, 0x0c, 0xff, 0xff,
    0xe5, 0x00, 0x00, 0x00, 0x0c, 0xfe, 0xc7, 0x10,
    0x00, 0x00, 0x00,

    /* U+0136 "Ķ" */
    0x3f, 0xff, 0xfb, 0x00, 0x00, 0x00, 0x00, 0x00,
    0x2e, 0xff, 0xff, 0xf2, 0x3f, 0xff, 0xfb, 0x00,
    0x00, 0x00, 0x00, 0x01, 0xdf, 0xff, 0xff, 0x40,
    0x3f, 0xff, 0xfb, 0x00, 0x00, 0x00, 0x00, 0x0c,
    0xff, 0xff, 0xf5, 0x00, 0x3f, 0xff, 0xfb, 0x00,
    0x00, 0x00, 0x00, 0xaf, 0xff, 0xff, 0x70, 0x00,
    0x3f, 0xff, 0xfb, 0x00, 0x00, 0x00, 0x08, 0xff,
    0xff, 0xf9, 0x00, 0x00, 0x3f, 0xff, 0xfb, 0x00,
    0x00, 0x00, 0x5f, 0xff, 0xff, 0xb0, 0x00, 0x00,
    0x3f, 0xff, 0xfb, 0x00, 0x00, 0x04, 0xff, 0xff,
    0xfc, 0x00, 0x00, 0x00, 0x3f, 0xff, 0xfb, 0x00,
    0x00, 0x2e, 0xff, 0xff, 0xe1, 0x00, 0x00, 0x00,
    0x3f, 0xff, 0xfb, 0x00, 0x01, 0xdf, 0xff, 0xff,
    0x20, 0x00, 0x00, 0x00, 0x3f, 0xff, 0xfb, 0x00,
    0x0c, 0xff, 0xff, 0xf4, 0x00, 0x00, 0x00, 0x00,
    0x3f, 0xff, 0xfb, 0x00, 0x9f, 0xff, 0xff, 0x50,
    0x00, 0x00, 0x00, 0x00, 0x3f, 0xff, 0xfb, 0x06,
    0xff, 0xff, 0xf7, 0x00, 0x00, 0x00, 0x00, 0x00,
    0x3f, 0xff, 0xfa, 0x2f, 0xff, 0xff, 0xf3, 0x00,
    0x00, 0x00, 0x00, 0x00, 0x3f, 0xff, 0xfa, 0xcf,
    0xff, 0xff, 0xfd, 0x00, 0x00, 0x00, 0x00, 0x00,
    0x3f, 0xff, 0xff, 0xff, 0xff, 0xff, 0xff, 0x90,
    0x00, 0x00, 0x00, 0x00, 0x3f, 0xff, 0xff, 0xff,
    0xfe, 0xff, 0xff, 0xf3, 0x00, 0x00, 0x00, 0x00,
    0x3f, 0xff, 0xff, 0xff, 0x80, 0xcf, 0xff, 0xfd,
    0x00, 0x00, 0x00, 0x00, 0x3f, 0xff, 0xff, 0xf9,
    0x00, 0x2f, 0xff, 0xff, 0x90, 0x00, 0x00, 0x00,
    0x3f, 0xff, 0xff, 0xb0, 0x00, 0x07, 0xff, 0xff,
    0xf4, 0x00, 0x00, 0x00, 0x3f, 0xff, 0xff, 0x00,
    0x00, 0x00, 0xcf, 0xff, 0xfe, 0x10, 0x00, 0x00,
    0x3f, 0xff, 0xfc, 0x00, 0x00, 0x00, 0x2f, 0xff,
    0xff, 0xa0, 0x00, 0x00, 0x3f, 0xff, 0xfb, 0x00,
    0x00, 0x00, 0x07, 0xff, 0xff, 0xf5, 0x00, 0x00,
    0x3f, 0xff, 0xfb, 0x00, 0x00, 0x00, 0x00, 0xcf,
    0xff, 0xfe, 0x10, 0x00, 0x3f, 0xff, 0xfb, 0x00,
    0x00, 0x00, 0x00, 0x2f, 0xff, 0xff, 0xa0, 0x00,
    0x3f, 0xff, 0xfb, 0x00, 0x00, 0x00, 0x00, 0x07,
    0xff, 0xff, 0xf5, 0x00, 0x3f, 0xff, 0xfb, 0x00,
    0x00, 0x00, 0x00, 0x00, 0xcf, 0xff, 0xfe, 0x10,
    0x3f, 0xff, 0xfb, 0x00, 0x00, 0x00, 0x00, 0x00,
    0x2f, 0xff, 0xff, 0xb0, 0x3f, 0xff, 0xfb, 0x00,
    0x00, 0x00, 0x00, 0x00, 0x07, 0xff, 0xff, 0xf6,
    0x00, 0x00, 0x00, 0x00, 0x00, 0x00, 0x00, 0x00,
    0x00, 0x00, 0x00, 0x00, 0x00, 0x00, 0x00, 0x00,
    0x00, 0x00, 0x00, 0x00, 0x00, 0x00, 0x00, 0x00,
    0x00, 0x00, 0x00, 0x00, 0x0c, 0xcc, 0xc6, 0x00,
    0x00, 0x00, 0x00, 0x00, 0x00, 0x00, 0x00, 0x00,
    0x3f, 0xff, 0xf2, 0x00, 0x00, 0x00, 0x00, 0x00,
    0x00, 0x00, 0x00, 0x00, 0x7f, 0xff, 0xb0, 0x00,
    0x00, 0x00, 0x00, 0x00, 0x00, 0x00, 0x00, 0x00,
    0xbf, 0xff, 0x50, 0x00, 0x00, 0x00, 0x00, 0x00,
    0x00, 0x00, 0x00, 0x00, 0xef, 0xfe, 0x00, 0x00,
    0x00, 0x00, 0x00, 0x00, 0x00, 0x00, 0x00, 0x02,
    0xff, 0xf8, 0x00, 0x00, 0x00, 0x00, 0x00, 0x00,
    0x00, 0x00, 0x00, 0x06, 0xff, 0xf2, 0x00, 0x00,
    0x00, 0x00, 0x00, 0x00,

    /* U+0137 "ķ" */
    0x7f, 0xff, 0xf6, 0x00, 0x00, 0x00, 0x00, 0x00,
    0x00, 0x00, 0x7f, 0xff, 0xf6, 0x00, 0x00, 0x00,
    0x00, 0x00, 0x00, 0x00, 0x7f, 0xff, 0xf6, 0x00,
    0x00, 0x00, 0x00, 0x00, 0x00, 0x00, 0x7f, 0xff,
    0xf6, 0x00, 0x00, 0x00, 0x00, 0x00, 0x00, 0x00,
    0x7f, 0xff, 0xf6, 0x00, 0x00, 0x00, 0x00, 0x00,
    0x00, 0x00, 0x7f, 0xff, 0xf6, 0x00, 0x00, 0x00,
    0x00, 0x00, 0x00, 0x00, 0x7f, 0xff, 0xf6, 0x00,
    0x00, 0x00, 0x00, 0x00, 0x00, 0x00, 0x7f, 0xff,
    0xf6, 0x00, 0x00, 0x00, 0x3f, 0xff, 0xff, 0x60,
    0x7f, 0xff, 0xf6, 0x00, 0x00, 0x02, 0xef, 0xff,
    0xf9, 0x00, 0x7f, 0xff, 0xf6, 0x00, 0x00, 0x1d,
    0xff, 0xff, 0xa0, 0x00, 0x7f, 0xff, 0xf6, 0x00,
    0x00, 0xcf, 0xff, 0xfc, 0x00, 0x00, 0x7f, 0xff,
    0xf6, 0x00, 0x0a, 0xff, 0xff, 0xd1, 0x00, 0x00,
    0x7f, 0xff, 0xf6, 0x00, 0x8f, 0xff, 0xfe, 0x20,
    0x00, 0x00, 0x7f, 0xff, 0xf6, 0x06, 0xff, 0xff,
    0xf3, 0x00, 0x00, 0x00, 0x7f, 0xff, 0xf6, 0x4f,
    0xff, 0xff, 0x50, 0x00, 0x00, 0x00, 0x7f, 0xff,
    0xfc, 0xff, 0xff, 0xf7, 0x00, 0x00, 0x00, 0x00,
    0x7f, 0xff, 0xff, 0xff, 0xff, 0xf1, 0x00, 0x00,
    0x00, 0x00, 0x7f, 0xff, 0xff, 0xff, 0xff, 0xfc,
    0x00, 0x00, 0x00, 0x00, 0x7f, 0xff, 0xff, 0xff,
    0xff, 0xff, 0x70, 0x00, 0x00, 0x00, 0x7f, 0xff,
    0xff, 0xc9, 0xff, 0xff, 0xf3, 0x00, 0x00, 0x00,
    0x7f, 0xff, 0xff, 0x10, 0xcf, 0xff, 0xfd, 0x00,
    0x00, 0x00, 0x7f, 0xff, 0xf7, 0x00, 0x2f, 0xff,
    0xff, 0xa0, 0x00, 0x00, 0x7f, 0xff, 0xf6, 0x00,
    0x06, 0xff, 0xff, 0xf6, 0x00, 0x00, 0x7f, 0xff,
    0xf6, 0x00, 0x00, 0xaf, 0xff, 0xff, 0x20, 0x00,
    0x7f, 0xff, 0xf6, 0x00, 0x00, 0x1e, 0xff, 0xff,
    0xc0, 0x00, 0x7f, 0xff, 0xf6, 0x00, 0x00, 0x03,
    0xff, 0xff, 0xf8, 0x00, 0x7f, 0xff, 0xf6, 0x00,
    0x00, 0x00, 0x8f, 0xff, 0xff, 0x40, 0x7f, 0xff,
    0xf6, 0x00, 0x00, 0x00, 0x0c, 0xff, 0xff, 0xe1,
    0x00, 0x00, 0x00, 0x00, 0x00, 0x00, 0x00, 0x00,
    0x00, 0x00, 0x00, 0x00, 0x00, 0x00, 0x00, 0x00,
    0x00, 0x00, 0x00, 0x00, 0x00, 0x00, 0x00, 0x3c,
    0xcc, 0xc2, 0x00, 0x00, 0x00, 0x00, 0x00, 0x00,
    0x00, 0x7f, 0xff, 0xd0, 0x00, 0x00, 0x00, 0x00,
    0x00, 0x00, 0x00, 0xbf, 0xff, 0x70, 0x00, 0x00,
    0x00, 0x00, 0x00, 0x00, 0x00, 0xff, 0xff, 0x10,
    0x00, 0x00, 0x00, 0x00, 0x00, 0x00, 0x03, 0xff,
    0xfa, 0x00, 0x00, 0x00, 0x00, 0x00, 0x00, 0x00,
    0x07, 0xff, 0xf4, 0x00, 0x00, 0x00, 0x00, 0x00,
    0x00, 0x00, 0x0a, 0xff, 0xd0, 0x00, 0x00, 0x00,
    0x00, 0x00,

    /* U+0138 "ĸ" */
    0x7f, 0xff, 0xf6, 0x00, 0x00, 0x00, 0x1e, 0xff,
    0xff, 0xd0, 0x7f, 0xff, 0xf6, 0x00, 0x00, 0x00,
    0xaf, 0xff, 0xff, 0x20, 0x7f, 0xff, 0xf6, 0x00,
    0x00, 0x05, 0xff, 0xff, 0xf5, 0x00, 0x7f, 0xff,
    0xf6, 0x00, 0x00, 0x1f, 0xff, 0xff, 0x80, 0x00,
    0x7f, 0xff, 0xf6, 0x00, 0x00, 0xcf, 0xff, 0xfc,
    0x00, 0x00, 0x7f, 0xff, 0xf6, 0x00, 0x07, 0xff,
    0xff, 0xe1, 0x00, 0x00, 0x7f, 0xff, 0xf6, 0x00,
    0x2f, 0xff, 0xff, 0x40, 0x00, 0x00, 0x7f, 0xff,
    0xf6, 0x00, 0xdf, 0xff, 0xf7, 0x00, 0x00, 0x00,
    0x7f, 0xff, 0xf6, 0x08, 0xff, 0xff, 0xb0, 0x00,
    0x00, 0x00, 0x7f, 0xff, 0xff, 0xff, 0xff, 0xfe,
    0x10, 0x00, 0x00, 0x00, 0x7f, 0xff, 0xff, 0xff,
    0xff, 0xf4, 0x00, 0x00, 0x00, 0x00, 0x7f, 0xff,
    0xff, 0xff, 0xff, 0xfb, 0x00, 0x00, 0x00, 0x00,
    0x7f, 0xff, 0xfd, 0x7f, 0xff, 0xff, 0x70, 0x00,
    0x00, 0x00, 0x7f, 0xff, 0xf6, 0x04, 0xff, 0xff,
    0xf4, 0x00, 0x00, 0x00, 0x7f, 0xff, 0xf6, 0x00,
    0x8f, 0xff, 0xfe, 0x10, 0x00, 0x00, 0x7f, 0xff,
    0xf6, 0x00, 0x0c, 0xff, 0xff, 0xc0, 0x00, 0x00,
    0x7f, 0xff, 0xf6, 0x00, 0x02, 0xff, 0xff, 0xf9,
    0x00, 0x00, 0x7f, 0xff, 0xf6, 0x00, 0x00, 0x5f,
    0xff, 0xff, 0x50, 0x00, 0x7f, 0xff, 0xf6, 0x00,
    0x00, 0x0a, 0xff, 0xff, 0xf2, 0x00, 0x7f, 0xff,
    0xf6, 0x00, 0x00, 0x00, 0xdf, 0xff, 0xfd, 0x00,
    0x7f, 0xff, 0xf6, 0x00, 0x00, 0x00, 0x3f, 0xff,
    0xff, 0xa0,

    /* U+0139 "Ĺ" */
    0x00, 0x04, 0xff, 0xff, 0x50, 0x00, 0x00, 0x00,
    0x00, 0x00, 0x0b, 0xff, 0xfa, 0x00, 0x00, 0x00,
    0x00, 0x00, 0x00, 0x2f, 0xff, 0xe1, 0x00, 0x00,
    0x00, 0x00, 0x00, 0x00, 0x9f, 0xff, 0x50, 0x00,
    0x00, 0x00, 0x00, 0x00, 0x01, 0xff, 0xfb, 0x00,
    0x00, 0x00, 0x00, 0x00, 0x00, 0x05, 0xbb, 0xa1,
    0x00, 0x00, 0x00, 0x00, 0x00, 0x00, 0x00, 0x00,
    0x00, 0x00, 0x00, 0x00, 0x00, 0x00, 0x00, 0x00,
    0x00, 0x00, 0x00, 0x00, 0x00, 0x00, 0x00, 0x00,
    0x3f, 0xff, 0xfb, 0x00, 0x00, 0x00, 0x00, 0x00,
    0x00, 0x3f, 0xff, 0xfb, 0x00, 0x00, 0x00, 0x00,
    0x00, 0x00, 0x3f, 0xff, 0xfb, 0x00, 0x00, 0x00,
    0x00, 0x00, 0x00, 0x3f, 0xff, 0xfb, 0x00, 0x00,
    0x00, 0x00, 0x00, 0x00, 0x3f, 0xff, 0xfb, 0x00,
    0x00, 0x00, 0x00, 0x00, 0x00, 0x3f, 0xff, 0xfb,
    0x00, 0x00, 0x00, 0x00, 0x00, 0x00, 0x3f, 0xff,
    0xfb, 0x00, 0x00, 0x00, 0x00, 0x00, 0x00, 0x3f,
    0xff, 0xfb, 0x00, 0x00, 0x00, 0x00, 0x00, 0x00,
    0x3f, 0xff, 0xfb, 0x00, 0x00, 0x00, 0x00, 0x00,
    0x00, 0x3f, 0xff, 0xfb, 0x00, 0x00, 0x00, 0x00,
    0x00, 0x00, 0x3f, 0xff, 0xfb, 0x00, 0x00, 0x00,
    0x00, 0x00, 0x00, 0x3f, 0xff, 0xfb, 0x00, 0x00,
    0x00, 0x00, 0x00, 0x00, 0x3f, 0xff, 0xfb, 0x00,
    0x00, 0x00, 0x00, 0x00, 0x00, 0x3f, 0xff, 0xfb,
    0x00, 0x00, 0x00, 0x00, 0x00, 0x00, 0x3f, 0xff,
    0xfb, 0x00, 0x00, 0x00, 0x00, 0x00, 0x00, 0x3f,
    0xff, 0xfb, 0x00, 0x00, 0x00, 0x00, 0x00, 0x00,
    0x3f, 0xff, 0xfb, 0x00, 0x00, 0x00, 0x00, 0x00,
    0x00, 0x3f, 0xff, 0xfb, 0x00, 0x00, 0x00, 0x00,
    0x00, 0x00, 0x3f, 0xff, 0xfb, 0x00, 0x00, 0x00,
    0x00, 0x00, 0x00, 0x3f, 0xff, 0xfb, 0x00, 0x00,
    0x00, 0x00, 0x00, 0x00, 0x3f, 0xff, 0xfb, 0x00,
    0x00, 0x00, 0x00, 0x00, 0x00, 0x3f, 0xff, 0xfb,
    0x00, 0x00, 0x00, 0x00, 0x00, 0x00, 0x3f, 0xff,
    0xfb, 0x00, 0x00, 0x00, 0x00, 0x00, 0x00, 0x3f,
    0xff, 0xfc, 0x22, 0x22, 0x22, 0x22, 0x22, 0x22,
    0x3f, 0xff, 0xff, 0xff, 0xff, 0xff, 0xff, 0xff,
    0xff, 0x3f, 0xff, 0xff, 0xff, 0xff, 0xff, 0xff,
    0xff, 0xff, 0x3f, 0xff, 0xff, 0xff, 0xff, 0xff,
    0xff, 0xff, 0xff, 0x3f, 0xff, 0xff, 0xff, 0xff,
    0xff, 0xff, 0xff, 0xff,

    /* U+013A "ĺ" */
    0x00, 0x08, 0xff, 0xff, 0x10, 0x00, 0xef, 0xff,
    0x60, 0x00, 0x6f, 0xff, 0xb0, 0x00, 0x0d, 0xff,
    0xf2, 0x00, 0x05, 0xff, 0xf6, 0x00, 0x00, 0x7b,
    0xb9, 0x00, 0x00, 0x00, 0x00, 0x00, 0x00, 0x00,
    0x00, 0x00, 0x00, 0x00, 0x7f, 0xff, 0xf6, 0x00,
    0x07, 0xff, 0xff, 0x60, 0x00, 0x7f, 0xff, 0xf6,
    0x00, 0x07, 0xff, 0xff, 0x60, 0x00, 0x7f, 0xff,
    0xf6, 0x00, 0x07, 0xff, 0xff, 0x60, 0x00, 0x7f,
    0xff, 0xf6, 0x00, 0x07, 0xff, 0xff, 0x60, 0x00,
    0x7f, 0xff, 0xf6, 0x00, 0x07, 0xff, 0xff, 0x60,
    0x00, 0x7f, 0xff, 0xf6, 0x00, 0x07, 0xff, 0xff,
    0x60, 0x00, 0x7f, 0xff, 0xf6, 0x00, 0x07, 0xff,
    0xff, 0x60, 0x00, 0x7f, 0xff, 0xf6, 0x00, 0x07,
    0xff, 0xff, 0x60, 0x00, 0x7f, 0xff, 0xf6, 0x00,
    0x07, 0xff, 0xff, 0x60, 0x00, 0x7f, 0xff, 0xf6,
    0x00, 0x07, 0xff, 0xff, 0x60, 0x00, 0x7f, 0xff,
    0xf6, 0x00, 0x07, 0xff, 0xff, 0x60, 0x00, 0x7f,
    0xff, 0xf6, 0x00, 0x07, 0xff, 0xff, 0x60, 0x00,
    0x7f, 0xff, 0xf6, 0x00, 0x07, 0xff, 0xff, 0x60,
    0x00, 0x7f, 0xff, 0xf6, 0x00, 0x07, 0xff, 0xff,
    0x60, 0x00,

    /* U+013B "Ļ" */
    0x3f, 0xff, 0xfb, 0x00, 0x00, 0x00, 0x00, 0x00,
    0x00, 0x3f, 0xff, 0xfb, 0x00, 0x00, 0x00, 0x00,
    0x00, 0x00, 0x3f, 0xff, 0xfb, 0x00, 0x00, 0x00,
    0x00, 0x00, 0x00, 0x3f, 0xff, 0xfb, 0x00, 0x00,
    0x00, 0x00, 0x00, 0x00, 0x3f, 0xff, 0xfb, 0x00,
    0x00, 0x00, 0x00, 0x00, 0x00, 0x3f, 0xff, 0xfb,
    0x00, 0x00, 0x00, 0x00, 0x00, 0x00, 0x3f, 0xff,
    0xfb, 0x00, 0x00, 0x00, 0x00, 0x00, 0x00, 0x3f,
    0xff, 0xfb, 0x00, 0x00, 0x00, 0x00, 0x00, 0x00,
    0x3f, 0xff, 0xfb, 0x00, 0x00, 0x00, 0x00, 0x00,
    0x00, 0x3f, 0xff, 0xfb, 0x00, 0x00, 0x00, 0x00,
    0x00, 0x00, 0x3f, 0xff, 0xfb, 0x00, 0x00, 0x00,
    0x00, 0x00, 0x00, 0x3f, 0xff, 0xfb, 0x00, 0x00,
    0x00, 0x00, 0x00, 0x00, 0x3f, 0xff, 0xfb, 0x00,
    0x00, 0x00, 0x00, 0x00, 0x00, 0x3f, 0xff, 0xfb,
    0x00, 0x00, 0x00, 0x00, 0x00, 0x00, 0x3f, 0xff,
    0xfb, 0x00, 0x00, 0x00, 0x00, 0x00, 0x00, 0x3f,
    0xff, 0xfb, 0x00, 0x00, 0x00, 0x00, 0x00, 0x00,
    0x3f, 0xff, 0xfb, 0x00, 0x00, 0x00, 0x00, 0x00,
    0x00, 0x3f, 0xff, 0xfb, 0x00, 0x00, 0x00, 0x00,
    0x00, 0x00, 0x3f, 0xff, 0xfb, 0x00, 0x00, 0x00,
    0x00, 0x00, 0x00, 0x3f, 0xff, 0xfb, 0x00, 0x00,
    0x00, 0x00, 0x00, 0x00, 0x3f, 0xff, 0xfb, 0x00,
    0x00, 0x00, 0x00, 0x00, 0x00, 0x3f, 0xff, 0xfb,
    0x00, 0x00, 0x00, 0x00, 0x00, 0x00, 0x3f, 0xff,
    0xfb, 0x00, 0x00, 0x00, 0x00, 0x00, 0x00, 0x3f,
    0xff, 0xfc, 0x22, 0x22, 0x22, 0x22, 0x22, 0x22,
    0x3f, 0xff, 0xff, 0xff, 0xff, 0xff, 0xff, 0xff,
    0xff, 0x3f, 0xff, 0xff, 0xff, 0xff, 0xff, 0xff,
    0xff, 0xff, 0x3f, 0xff, 0xff, 0xff, 0xff, 0xff,
    0xff, 0xff, 0xff, 0x3f, 0xff, 0xff, 0xff, 0xff,
    0xff, 0xff, 0xff, 0xff, 0x00, 0x00, 0x00, 0x00,
    0x00, 0x00, 0x00, 0x00, 0x00, 0x00, 0x00, 0x00,
    0x00, 0x00, 0x00, 0x00, 0x00, 0x00, 0x00, 0x00,
    0x00, 0x0c, 0xcc, 0xc6, 0x00, 0x00, 0x00, 0x00,
    0x00, 0x00, 0x3f, 0xff, 0xf2, 0x00, 0x00, 0x00,
    0x00, 0x00, 0x00, 0x7f, 0xff, 0xb0, 0x00, 0x00,
    0x00, 0x00, 0x00, 0x00, 0xbf, 0xff, 0x50, 0x00,
    0x00, 0x00, 0x00, 0x00, 0x00, 0xff, 0xfe, 0x00,
    0x00, 0x00, 0x00, 0x00, 0x00, 0x03, 0xff, 0xf8,
    0x00, 0x00, 0x00, 0x00, 0x00, 0x00, 0x06, 0xff,
    0xf2, 0x00, 0x00, 0x00, 0x00,

    /* U+013C "ļ" */
    0x07, 0xff, 0xff, 0x60, 0x7f, 0xff, 0xf6, 0x07,
    0xff, 0xff, 0x60, 0x7f, 0xff, 0xf6, 0x07, 0xff,
    0xff, 0x60, 0x7f, 0xff, 0xf6, 0x07, 0xff, 0xff,
    0x60, 0x7f, 0xff, 0xf6, 0x07, 0xff, 0xff, 0x60,
    0x7f, 0xff, 0xf6, 0x07, 0xff, 0xff, 0x60, 0x7f,
    0xff, 0xf6, 0x07, 0xff, 0xff, 0x60, 0x7f, 0xff,
    0xf6, 0x07, 0xff, 0xff, 0x60, 0x7f, 0xff, 0xf6,
    0x07, 0xff, 0xff, 0x60, 0x7f, 0xff, 0xf6, 0x07,
    0xff, 0xff, 0x60, 0x7f, 0xff, 0xf6, 0x07, 0xff,
    0xff, 0x60, 0x7f, 0xff, 0xf6, 0x07, 0xff, 0xff,
    0x60, 0x7f, 0xff, 0xf6, 0x07, 0xff, 0xff, 0x60,
    0x7f, 0xff, 0xf6, 0x07, 0xff, 0xff, 0x60, 0x7f,
    0xff, 0xf6, 0x00, 0x00, 0x00, 0x00, 0x00, 0x00,
    0x00, 0x05, 0xcc, 0xcc, 0x10, 0xaf, 0xff, 0xb0,
    0x0d, 0xff, 0xf5, 0x01, 0xff, 0xfe, 0x00, 0x5f,
    0xff, 0x80, 0x09, 0xff, 0xf2, 0x00, 0xdf, 0xfb,
    0x00, 0x00,

    /* U+013D "Ľ" */
    0x00, 0x00, 0x00, 0x00, 0x00, 0xef, 0xff, 0x00,
    0x00, 0x3f, 0xff, 0xfb, 0x00, 0x00, 0xef, 0xfd,
    0x00, 0x00, 0x3f, 0xff, 0xfb, 0x00, 0x00, 0xef,
    0xfa, 0x00, 0x00, 0x3f, 0xff, 0xfb, 0x00, 0x00,
    0xef, 0xf8, 0x00, 0x00, 0x3f, 0xff, 0xfb, 0x00,
    0x00, 0xef, 0xf6, 0x00, 0x00, 0x3f, 0xff, 0xfb,
    0x00, 0x00, 0xef, 0xf4, 0x00, 0x00, 0x3f, 0xff,
    0xfb, 0x00, 0x00, 0xef, 0xf2, 0x00, 0x00, 0x3f,
    0xff, 0xfb, 0x00, 0x00, 0x11, 0x10, 0x00, 0x00,
    0x3f, 0xff, 0xfb, 0x00, 0x00, 0x00, 0x00, 0x00,
    0x00, 0x3f, 0xff, 0xfb, 0x00, 0x00, 0x00, 0x00,
    0x00, 0x00, 0x3f, 0xff, 0xfb, 0x00, 0x00, 0x00,
    0x00, 0x00, 0x00, 0x3f, 0xff, 0xfb, 0x00, 0x00,
    0x00, 0x00, 0x00, 0x00, 0x3f, 0xff, 0xfb, 0x00,
    0x00, 0x00, 0x00, 0x00, 0x00, 0x3f, 0xff, 0xfb,
    0x00, 0x00, 0x00, 0x00, 0x00, 0x00, 0x3f, 0xff,
    0xfb, 0x00, 0x00, 0x00, 0x00, 0x00, 0x00, 0x3f,
    0xff, 0xfb, 0x00, 0x00, 0x00, 0x00, 0x00, 0x00,
    0x3f, 0xff, 0xfb, 0x00, 0x00, 0x00, 0x00, 0x00,
    0x00, 0x3f, 0xff, 0xfb, 0x00, 0x00, 0x00, 0x00,
    0x00, 0x00, 0x3f, 0xff, 0xfb, 0x00, 0x00, 0x00,
    0x00, 0x00, 0x00, 0x3f, 0xff, 0xfb, 0x00, 0x00,
    0x00, 0x00, 0x00, 0x00, 0x3f, 0xff, 0xfb, 0x00,
    0x00, 0x00, 0x00, 0x00, 0x00, 0x3f, 0xff, 0xfb,
    0x00, 0x00, 0x00, 0x00, 0x00, 0x00, 0x3f, 0xff,
    0xfb, 0x00, 0x00, 0x00, 0x00, 0x00, 0x00, 0x3f,
    0xff, 0xfb, 0x00, 0x00, 0x00, 0x00, 0x00, 0x00,
    0x3f, 0xff, 0xfc, 0x22, 0x22, 0x22, 0x22, 0x22,
    0x22, 0x3f, 0xff, 0xff, 0xff, 0xff, 0xff, 0xff,
    0xff, 0xff, 0x3f, 0xff, 0xff, 0xff, 0xff, 0xff,
    0xff, 0xff, 0xff, 0x3f, 0xff, 0xff, 0xff, 0xff,
    0xff, 0xff, 0xff, 0xff, 0x3f, 0xff, 0xff, 0xff,
    0xff, 0xff, 0xff, 0xff, 0xff,

    /* U+013E "ľ" */
    0x00, 0x00, 0x00, 0x02, 0xff, 0xfb, 0x7f, 0xff,
    0xf6, 0x02, 0xff, 0xf9, 0x7f, 0xff, 0xf6, 0x02,
    0xff, 0xf7, 0x7f, 0xff, 0xf6, 0x02, 0xff, 0xf5,
    0x7f, 0xff, 0xf6, 0x02, 0xff, 0xf2, 0x7f, 0xff,
    0xf6, 0x02, 0xff, 0xf0, 0x7f, 0xff, 0xf6, 0x02,
    0xff, 0xe0, 0x7f, 0xff, 0xf6, 0x00, 0x11, 0x10,
    0x7f, 0xff, 0xf6, 0x00, 0x00, 0x00, 0x7f, 0xff,
    0xf6, 0x00, 0x00, 0x00, 0x7f, 0xff, 0xf6, 0x00,
    0x00, 0x00, 0x7f, 0xff, 0xf6, 0x00, 0x00, 0x00,
    0x7f, 0xff, 0xf6, 0x00, 0x00, 0x00, 0x7f, 0xff,
    0xf6, 0x00, 0x00, 0x00, 0x7f, 0xff, 0xf6, 0x00,
    0x00, 0x00, 0x7f, 0xff, 0xf6, 0x00, 0x00, 0x00,
    0x7f, 0xff, 0xf6, 0x00, 0x00, 0x00, 0x7f, 0xff,
    0xf6, 0x00, 0x00, 0x00, 0x7f, 0xff, 0xf6, 0x00,
    0x00, 0x00, 0x7f, 0xff, 0xf6, 0x00, 0x00, 0x00,
    0x7f, 0xff, 0xf6, 0x00, 0x00, 0x00, 0x7f, 0xff,
    0xf6, 0x00, 0x00, 0x00, 0x7f, 0xff, 0xf6, 0x00,
    0x00, 0x00, 0x7f, 0xff, 0xf6, 0x00, 0x00, 0x00,
    0x7f, 0xff, 0xf6, 0x00, 0x00, 0x00, 0x7f, 0xff,
    0xf6, 0x00, 0x00, 0x00, 0x7f, 0xff, 0xf6, 0x00,
    0x00, 0x00, 0x7f, 0xff, 0xf6, 0x00, 0x00, 0x00,
    0x7f, 0xff, 0xf6, 0x00, 0x00, 0x00,

    /* U+013F "Ŀ" */
    0x2f, 0xff, 0xfc, 0x00, 0x00, 0x00, 0x00, 0x00,
    0x00, 0x2f, 0xff, 0xfc, 0x00, 0x00, 0x00, 0x00,
    0x00, 0x00, 0x2f, 0xff, 0xfc, 0x00, 0x00, 0x00,
    0x00, 0x00, 0x00, 0x2f, 0xff, 0xfc, 0x00, 0x00,
    0x00, 0x00, 0x00, 0x00, 0x2f, 0xff, 0xfc, 0x00,
    0x00, 0x00, 0x00, 0x00, 0x00, 0x2f, 0xff, 0xfc,
    0x00, 0x00, 0x00, 0x00, 0x00, 0x00, 0x2f, 0xff,
    0xfc, 0x00, 0x00, 0x00, 0x00, 0x00, 0x00, 0x2f,
    0xff, 0xfc, 0x00, 0x00, 0x00, 0x00, 0x00, 0x00,
    0x2f, 0xff, 0xfc, 0x00, 0x00, 0x00, 0x00, 0x00,
    0x00, 0x2f, 0xff, 0xfc, 0x00, 0x02, 0xbf, 0xd4,
    0x00, 0x00, 0x2f, 0xff, 0xfc, 0x00, 0x0d, 0xff,
    0xff, 0x20, 0x00, 0x2f, 0xff, 0xfc, 0x00, 0x1f,
    0xff, 0xff, 0x60, 0x00, 0x2f, 0xff, 0xfc, 0x00,
    0x0e, 0xff, 0xff, 0x40, 0x00, 0x2f, 0xff, 0xfc,
    0x00, 0x04, 0xef, 0xf8, 0x00, 0x00, 0x2f, 0xff,
    0xfc, 0x00, 0x00, 0x03, 0x10, 0x00, 0x00, 0x2f,
    0xff, 0xfc, 0x00, 0x00, 0x00, 0x00, 0x00, 0x00,
    0x2f, 0xff, 0xfc, 0x00, 0x00, 0x00, 0x00, 0x00,
    0x00, 0x2f, 0xff, 0xfc, 0x00, 0x00, 0x00, 0x00,
    0x00, 0x00, 0x2f, 0xff, 0xfc, 0x00, 0x00, 0x00,
    0x00, 0x00, 0x00, 0x2f, 0xff, 0xfc, 0x00, 0x00,
    0x00, 0x00, 0x00, 0x00, 0x2f, 0xff, 0xfc, 0x00,
    0x00, 0x00, 0x00, 0x00, 0x00, 0x2f, 0xff, 0xfc,
    0x00, 0x00, 0x00, 0x00, 0x00, 0x00, 0x2f, 0xff,
    0xfc, 0x00, 0x00, 0x00, 0x00, 0x00, 0x00, 0x2f,
    0xff, 0xfd, 0x22, 0x22, 0x22, 0x22, 0x22, 0x22,
    0x2f, 0xff, 0xff, 0xff, 0xff, 0xff, 0xff, 0xff,
    0xff, 0x2f, 0xff, 0xff, 0xff, 0xff, 0xff, 0xff,
    0xff, 0xff, 0x2f, 0xff, 0xff, 0xff, 0xff, 0xff,
    0xff, 0xff, 0xff, 0x2f, 0xff, 0xff, 0xff, 0xff,
    0xff, 0xff, 0xff, 0xff,

    /* U+0140 "ŀ" */
    0x7f, 0xff, 0xf6, 0x00, 0x00, 0x00, 0x00, 0x7f,
    0xff, 0xf6, 0x00, 0x00, 0x00, 0x00, 0x7f, 0xff,
    0xf6, 0x00, 0x00, 0x00, 0x00, 0x7f, 0xff, 0xf6,
    0x00, 0x00, 0x00, 0x00, 0x7f, 0xff, 0xf6, 0x00,
    0x00, 0x00, 0x00, 0x7f, 0xff, 0xf6, 0x00, 0x00,
    0x00, 0x00, 0x7f, 0xff, 0xf6, 0x00, 0x00, 0x00,
    0x00, 0x7f, 0xff, 0xf6, 0x00, 0x00, 0x00, 0x00,
    0x7f, 0xff, 0xf6, 0x00, 0x00, 0x00, 0x00, 0x7f,
    0xff, 0xf6, 0x00, 0x00, 0x00, 0x00, 0x7f, 0xff,
    0xf6, 0x00, 0x00, 0x00, 0x00, 0x7f, 0xff, 0xf6,
    0x00, 0x19, 0xdc, 0x40, 0x7f, 0xff, 0xf6, 0x00,
    0xbf, 0xff, 0xf3, 0x7f, 0xff, 0xf6, 0x02, 0xff,
    0xff, 0xf9, 0x7f, 0xff, 0xf6, 0x02, 0xff, 0xff,
    0xfa, 0x7f, 0xff, 0xf6, 0x00, 0xcf, 0xff, 0xf4,
    0x7f, 0xff, 0xf6, 0x00, 0x1b, 0xfd, 0x60, 0x7f,
    0xff, 0xf6, 0x00, 0x00, 0x00, 0x00, 0x7f, 0xff,
    0xf6, 0x00, 0x00, 0x00, 0x00, 0x7f, 0xff, 0xf6,
    0x00, 0x00, 0x00, 0x00, 0x7f, 0xff, 0xf6, 0x00,
    0x00, 0x00, 0x00, 0x7f, 0xff, 0xf6, 0x00, 0x00,
    0x00, 0x00, 0x7f, 0xff, 0xf6, 0x00, 0x00, 0x00,
    0x00, 0x7f, 0xff, 0xf6, 0x00, 0x00, 0x00, 0x00,
    0x7f, 0xff, 0xf6, 0x00, 0x00, 0x00, 0x00, 0x7f,
    0xff, 0xf6, 0x00, 0x00, 0x00, 0x00, 0x7f, 0xff,
    0xf6, 0x00, 0x00, 0x00, 0x00, 0x7f, 0xff, 0xf6,
    0x00, 0x00, 0x00, 0x00,

    /* U+0141 "Ł" */
    0x00, 0x00, 0xdf, 0xff, 0xf1, 0x00, 0x00, 0x00,
    0x00, 0x00, 0x00, 0x00, 0x00, 0xdf, 0xff, 0xf1,
    0x00, 0x00, 0x00, 0x00, 0x00, 0x00, 0x00, 0x00,
    0xdf, 0xff, 0xf1, 0x00, 0x00, 0x00, 0x00, 0x00,
    0x00, 0x00, 0x00, 0xdf, 0xff, 0xf1, 0x00, 0x00,
    0x00, 0x00, 0x00, 0x00, 0x00, 0x00, 0xdf, 0xff,
    0xf1, 0x00, 0x00, 0x00, 0x00, 0x00, 0x00, 0x00,
    0x00, 0xdf, 0xff, 0xf1, 0x00, 0x00, 0x00, 0x00,
    0x00, 0x00, 0x00, 0x00, 0xdf, 0xff, 0xf1, 0x00,
    0x00, 0x15, 0x00, 0x00, 0x00, 0x00, 0x00, 0xdf,
    0xff, 0xf1, 0x00, 0x06, 0xeb, 0x00, 0x00, 0x00,
    0x00, 0x00, 0xdf, 0xff, 0xf1, 0x03, 0xdf, 0xfb,
    0x00, 0x00, 0x00, 0x00, 0x00, 0xdf, 0xff, 0xf3,
    0xaf, 0xff, 0xfb, 0x00, 0x00, 0x00, 0x00, 0x00,
    0xdf, 0xff, 0xff, 0xff, 0xff, 0xfa, 0x00, 0x00,
    0x00, 0x00, 0x00, 0xdf, 0xff, 0xff, 0xff, 0xff,
    0x70, 0x00, 0x00, 0x00, 0x00, 0x00, 0xff, 0xff,
    0xff, 0xff, 0xa1, 0x00, 0x00, 0x00, 0x00, 0x00,
    0x19, 0xff, 0xff, 0xff, 0xd3, 0x00, 0x00, 0x00,
    0x00, 0x00, 0x06, 0xef, 0xff, 0xff, 0xf8, 0x00,
    0x00, 0x00, 0x00, 0x00, 0x00, 0x6f, 0xff, 0xff,
    0xff, 0xf1, 0x00, 0x00, 0x00, 0x00, 0x00, 0x00,
    0x6f, 0xff, 0xff, 0xff, 0xf1, 0x00, 0x00, 0x00,
    0x00, 0x00, 0x00, 0x6f, 0xfe, 0xff, 0xff, 0xf1,
    0x00, 0x00, 0x00, 0x00, 0x00, 0x00, 0x6f, 0x80,
    0xdf, 0xff, 0xf1, 0x00, 0x00, 0x00, 0x00, 0x00,
    0x00, 0x32, 0x00, 0xdf, 0xff, 0xf1, 0x00, 0x00,
    0x00, 0x00, 0x00, 0x00, 0x00, 0x00, 0xdf, 0xff,
    0xf1, 0x00, 0x00, 0x00, 0x00, 0x00, 0x00, 0x00,
    0x00, 0xdf, 0xff, 0xf1, 0x00, 0x00, 0x00, 0x00,
    0x00, 0x00, 0x00, 0x00, 0xdf, 0xff, 0xf1, 0x00,
    0x00, 0x00, 0x00, 0x00, 0x00, 0x00, 0x00, 0xdf,
    0xff, 0xf4, 0x22, 0x22, 0x22, 0x22, 0x22, 0x20,
    0x00, 0x00, 0xdf, 0xff, 0xff, 0xff, 0xff, 0xff,
    0xff, 0xff, 0xf5, 0x00, 0x00, 0xdf, 0xff, 0xff,
    0xff, 0xff, 0xff, 0xff, 0xff, 0xf5, 0x00, 0x00,
    0xdf, 0xff, 0xff, 0xff, 0xff, 0xff, 0xff, 0xff,
    0xf5, 0x00, 0x00, 0xdf, 0xff, 0xff, 0xff, 0xff,
    0xff, 0xff, 0xff, 0xf5,

    /* U+0142 "ł" */
    0x00, 0x07, 0xff, 0xff, 0x60, 0x00, 0x00, 0x07,
    0xff, 0xff, 0x60, 0x00, 0x00, 0x07, 0xff, 0xff,
    0x60, 0x00, 0x00, 0x07, 0xff, 0xff, 0x60, 0x00,
    0x00, 0x07, 0xff, 0xff, 0x60, 0x00, 0x00, 0x07,
    0xff, 0xff, 0x60, 0x00, 0x00, 0x07, 0xff, 0xff,
    0x60, 0x00, 0x00, 0x07, 0xff, 0xff, 0x62, 0xc3,
    0x00, 0x07, 0xff, 0xff, 0xff, 0xf3, 0x00, 0x07,
    0xff, 0xff, 0xff, 0xf3, 0x00, 0x07, 0xff, 0xff,
    0xff, 0xf2, 0x00, 0x1f, 0xff, 0xff, 0xfb, 0x20,
    0x07, 0xff, 0xff, 0xff, 0xa0, 0x00, 0x4f, 0xff,
    0xff, 0xff, 0x60, 0x00, 0x4f, 0xff, 0xff, 0xff,
    0x60, 0x00, 0x4f, 0xca, 0xff, 0xff, 0x60, 0x00,
    0x36, 0x07, 0xff, 0xff, 0x60, 0x00, 0x00, 0x07,
    0xff, 0xff, 0x60, 0x00, 0x00, 0x07, 0xff, 0xff,
    0x60, 0x00, 0x00, 0x07, 0xff, 0xff, 0x60, 0x00,
    0x00, 0x07, 0xff, 0xff, 0x60, 0x00, 0x00, 0x07,
    0xff, 0xff, 0x60, 0x00, 0x00, 0x07, 0xff, 0xff,
    0x60, 0x00, 0x00, 0x07, 0xff, 0xff, 0x60, 0x00,
    0x00, 0x07, 0xff, 0xff, 0x60, 0x00, 0x00, 0x07,
    0xff, 0xff, 0x60, 0x00, 0x00, 0x07, 0xff, 0xff,
    0x60, 0x00, 0x00, 0x07, 0xff, 0xff, 0x60, 0x00,

    /* U+0143 "Ń" */
    0x00, 0x00, 0x00, 0x00, 0x00, 0x00, 0x1f, 0xff,
    0xf8, 0x00, 0x00, 0x00, 0x00, 0x00, 0x00, 0x00,
    0x00, 0x00, 0x08, 0xff, 0xfd, 0x00, 0x00, 0x00,
    0x00, 0x00, 0x00, 0x00, 0x00, 0x00, 0x00, 0xef,
    0xff, 0x30, 0x00, 0x00, 0x00, 0x00, 0x00, 0x00,
    0x00, 0x00, 0x00, 0x6f, 0xff, 0x80, 0x00, 0x00,
    0x00, 0x00, 0x00, 0x00, 0x00, 0x00, 0x00, 0x0d,
    0xff, 0xd0, 0x00, 0x00, 0x00, 0x00, 0x00, 0x00,
    0x00, 0x00, 0x00, 0x02, 0xbb, 0xb3, 0x00, 0x00,
    0x00, 0x00, 0x00, 0x00, 0x00, 0x00, 0x00, 0x00,
    0x00, 0x00, 0x00, 0x00, 0x00, 0x00, 0x00, 0x00,
    0x00, 0x00, 0x00, 0x00, 0x00, 0x00, 0x00, 0x00,
    0x00, 0x00, 0x00, 0x00, 0x3f, 0xff, 0xff, 0xb0,
    0x00, 0x00, 0x00, 0x00, 0x00, 0x0f, 0xff, 0xff,
    0x13, 0xff, 0xff, 0xff, 0x50, 0x00, 0x00, 0x00,
    0x00, 0x00, 0xff, 0xff, 0xf1, 0x3f, 0xff, 0xff,
    0xfe, 0x00, 0x00, 0x00, 0x00, 0x00, 0x0f, 0xff,
    0xff, 0x13, 0xff, 0xff, 0xff, 0xf9, 0x00, 0x00,
    0x00, 0x00, 0x00, 0xff, 0xff, 0xf1, 0x3f, 0xff,
    0xff, 0xff, 0xf3, 0x00, 0x00, 0x00, 0x00, 0x0f,
    0xff, 0xff, 0x13, 0xff, 0xff, 0xff, 0xff, 0xd0,
    0x00, 0x00, 0x00, 0x00, 0xff, 0xff, 0xf1, 0x3f,
    0xff, 0xff, 0xff, 0xff, 0x70, 0x00, 0x00, 0x00,
    0x0f, 0xff, 0xff, 0x13, 0xff, 0xff, 0x9e, 0xff,
    0xff, 0x20, 0x00, 0x00, 0x00, 0xff, 0xff, 0xf1,
    0x3f, 0xff, 0xf9, 0x6f, 0xff, 0xfb, 0x00, 0x00,
    0x00, 0x0f, 0xff, 0xff, 0x13, 0xff, 0xff, 0xa0,
    0xef, 0xff, 0xf5, 0x00, 0x00, 0x00, 0xff, 0xff,
    0xf1, 0x3f, 0xff, 0xfb, 0x05, 0xff, 0xff, 0xe1,
    0x00, 0x00, 0x0f, 0xff, 0xff, 0x13, 0xff, 0xff,
    0xb0, 0x0c, 0xff, 0xff, 0x90, 0x00, 0x00, 0xff,
    0xff, 0xf1, 0x3f, 0xff, 0xfc, 0x00, 0x3f, 0xff,
    0xff, 0x30, 0x00, 0x0f, 0xff, 0xff, 0x13, 0xff,
    0xff, 0xd0, 0x00, 0xaf, 0xff, 0xfd, 0x00, 0x00,
    0xff, 0xff, 0xf1, 0x3f, 0xff, 0xfd, 0x00, 0x01,
    0xff, 0xff, 0xf7, 0x00, 0x0f, 0xff, 0xff, 0x13,
    0xff, 0xff, 0xd0, 0x00, 0x06, 0xff, 0xff, 0xf2,
    0x00, 0xff, 0xff, 0xf1, 0x3f, 0xff, 0xfd, 0x00,
    0x00, 0x0c, 0xff, 0xff, 0xb0, 0x0e, 0xff, 0xff,
    0x13, 0xff, 0xff, 0xd0, 0x00, 0x00, 0x2f, 0xff,
    0xff, 0x40, 0xef, 0xff, 0xf1, 0x3f, 0xff, 0xfd,
    0x00, 0x00, 0x00, 0x8f, 0xff, 0xfc, 0x0d, 0xff,
    0xff, 0x13, 0xff, 0xff, 0xd0, 0x00, 0x00, 0x00,
    0xdf, 0xff, 0xf5, 0xcf, 0xff, 0xf1, 0x3f, 0xff,
    0xfd, 0x00, 0x00, 0x00, 0x04, 0xff, 0xff, 0xcb,
    0xff, 0xff, 0x13, 0xff, 0xff, 0xd0, 0x00, 0x00,
    0x00, 0x0a, 0xff, 0xff, 0xef, 0xff, 0xf1, 0x3f,
    0xff, 0xfd, 0x00, 0x00, 0x00, 0x00, 0x1e, 0xff,
    0xff, 0xff, 0xff, 0x13, 0xff, 0xff, 0xd0, 0x00,
    0x00, 0x00, 0x00, 0x6f, 0xff, 0xff, 0xff, 0xf1,
    0x3f, 0xff, 0xfd, 0x00, 0x00, 0x00, 0x00, 0x00,
    0xbf, 0xff, 0xff, 0xff, 0x13, 0xff, 0xff, 0xd0,
    0x00, 0x00, 0x00, 0x00, 0x02, 0xff, 0xff, 0xff,
    0xf1, 0x3f, 0xff, 0xfd, 0x00, 0x00, 0x00, 0x00,
    0x00, 0x07, 0xff, 0xff, 0xff, 0x13, 0xff, 0xff,
    0xd0, 0x00, 0x00, 0x00, 0x00, 0x00, 0x0d, 0xff,
    0xff, 0xf1,

    /* U+0144 "ń" */
    0x00, 0x00, 0x00, 0x00, 0x00, 0xdf, 0xff, 0xb0,
    0x00, 0x00, 0x00, 0x00, 0x00, 0x00, 0x4f, 0xff,
    0xf1, 0x00, 0x00, 0x00, 0x00, 0x00, 0x00, 0x0c,
    0xff, 0xf6, 0x00, 0x00, 0x00, 0x00, 0x00, 0x00,
    0x03, 0xff, 0xfb, 0x00, 0x00, 0x00, 0x00, 0x00,
    0x00, 0x00, 0xaf, 0xff, 0x20, 0x00, 0x00, 0x00,
    0x00, 0x00, 0x00, 0x0a, 0xbb, 0x50, 0x00, 0x00,
    0x00, 0x00, 0x00, 0x00, 0x00, 0x00, 0x00, 0x00,
    0x00, 0x00, 0x00, 0x00, 0x00, 0x00, 0x00, 0x00,
    0x00, 0x00, 0x00, 0x00, 0x7f, 0xff, 0xf2, 0x00,
    0x5b, 0xef, 0xec, 0x60, 0x00, 0x07, 0xff, 0xff,
    0x21, 0xcf, 0xff, 0xff, 0xff, 0xe3, 0x00, 0x7f,
    0xff, 0xf2, 0xcf, 0xff, 0xff, 0xff, 0xff, 0xf1,
    0x07, 0xff, 0xff, 0xaf, 0xff, 0xff, 0xff, 0xff,
    0xff, 0xb0, 0x7f, 0xff, 0xff, 0xfb, 0x42, 0x26,
    0xef, 0xff, 0xff, 0x17, 0xff, 0xff, 0xf8, 0x00,
    0x00, 0x02, 0xff, 0xff, 0xf6, 0x7f, 0xff, 0xfd,
    0x00, 0x00, 0x00, 0x08, 0xff, 0xff, 0x87, 0xff,
    0xff, 0x80, 0x00, 0x00, 0x00, 0x3f, 0xff, 0xfa,
    0x7f, 0xff, 0xf6, 0x00, 0x00, 0x00, 0x02, 0xff,
    0xff, 0xb7, 0xff, 0xff, 0x60, 0x00, 0x00, 0x00,
    0x2f, 0xff, 0xfb, 0x7f, 0xff, 0xf6, 0x00, 0x00,
    0x00, 0x02, 0xff, 0xff, 0xb7, 0xff, 0xff, 0x60,
    0x00, 0x00, 0x00, 0x2f, 0xff, 0xfb, 0x7f, 0xff,
    0xf6, 0x00, 0x00, 0x00, 0x02, 0xff, 0xff, 0xb7,
    0xff, 0xff, 0x60, 0x00, 0x00, 0x00, 0x2f, 0xff,
    0xfb, 0x7f, 0xff, 0xf6, 0x00, 0x00, 0x00, 0x02,
    0xff, 0xff, 0xb7, 0xff, 0xff, 0x60, 0x00, 0x00,
    0x00, 0x2f, 0xff, 0xfb, 0x7f, 0xff, 0xf6, 0x00,
    0x00, 0x00, 0x02, 0xff, 0xff, 0xb7, 0xff, 0xff,
    0x60, 0x00, 0x00, 0x00, 0x2f, 0xff, 0xfb, 0x7f,
    0xff, 0xf6, 0x00, 0x00, 0x00, 0x02, 0xff, 0xff,
    0xb7, 0xff, 0xff, 0x60, 0x00, 0x00, 0x00, 0x2f,
    0xff, 0xfb, 0x7f, 0xff, 0xf6, 0x00, 0x00, 0x00,
    0x02, 0xff, 0xff, 0xb0,

    /* U+0145 "Ņ" */
    0x3f, 0xff, 0xff, 0xb0, 0x00, 0x00, 0x00, 0x00,
    0x00, 0x0f, 0xff, 0xff, 0x13, 0xff, 0xff, 0xff,
    0x50, 0x00, 0x00, 0x00, 0x00, 0x00, 0xff, 0xff,
    0xf1, 0x3f, 0xff, 0xff, 0xfe, 0x00, 0x00, 0x00,
    0x00, 0x00, 0x0f, 0xff, 0xff, 0x13, 0xff, 0xff,
    0xff, 0xf9, 0x00, 0x00, 0x00, 0x00, 0x00, 0xff,
    0xff, 0xf1, 0x3f, 0xff, 0xff, 0xff, 0xf3, 0x00,
    0x00, 0x00, 0x00, 0x0f, 0xff, 0xff, 0x13, 0xff,
    0xff, 0xff, 0xff, 0xd0, 0x00, 0x00, 0x00, 0x00,
    0xff, 0xff, 0xf1, 0x3f, 0xff, 0xff, 0xff, 0xff,
    0x70, 0x00, 0x00, 0x00, 0x0f, 0xff, 0xff, 0x13,
    0xff, 0xff, 0x9e, 0xff, 0xff, 0x20, 0x00, 0x00,
    0x00, 0xff, 0xff, 0xf1, 0x3f, 0xff, 0xf9, 0x6f,
    0xff, 0xfb, 0x00, 0x00, 0x00, 0x0f, 0xff, 0xff,
    0x13, 0xff, 0xff, 0xa0, 0xef, 0xff, 0xf5, 0x00,
    0x00, 0x00, 0xff, 0xff, 0xf1, 0x3f, 0xff, 0xfb,
    0x05, 0xff, 0xff, 0xe1, 0x00, 0x00, 0x0f, 0xff,
    0xff, 0x13, 0xff, 0xff, 0xb0, 0x0c, 0xff, 0xff,
    0x90, 0x00, 0x00, 0xff, 0xff, 0xf1, 0x3f, 0xff,
    0xfc, 0x00, 0x3f, 0xff, 0xff, 0x30, 0x00, 0x0f,
    0xff, 0xff, 0x13, 0xff, 0xff, 0xd0, 0x00, 0xaf,
    0xff, 0xfd, 0x00, 0x00, 0xff, 0xff, 0xf1, 0x3f,
    0xff, 0xfd, 0x00, 0x01, 0xff, 0xff, 0xf7, 0x00,
    0x0f, 0xff, 0xff, 0x13, 0xff, 0xff, 0xd0, 0x00,
    0x06, 0xff, 0xff, 0xf2, 0x00, 0xff, 0xff, 0xf1,
    0x3f, 0xff, 0xfd, 0x00, 0x00, 0x0c, 0xff, 0xff,
    0xb0, 0x0e, 0xff, 0xff, 0x13, 0xff, 0xff, 0xd0,
    0x00, 0x00, 0x2f, 0xff, 0xff, 0x40, 0xef, 0xff,
    0xf1, 0x3f, 0xff, 0xfd, 0x00, 0x00, 0x00, 0x8f,
    0xff, 0xfc, 0x0d, 0xff, 0xff, 0x13, 0xff, 0xff,
    0xd0, 0x00, 0x00, 0x00, 0xdf, 0xff, 0xf5, 0xcf,
    0xff, 0xf1, 0x3f, 0xff, 0xfd, 0x00, 0x00, 0x00,
    0x04, 0xff, 0xff, 0xcb, 0xff, 0xff, 0x13, 0xff,
    0xff, 0xd0, 0x00, 0x00, 0x00, 0x0a, 0xff, 0xff,
    0xef, 0xff, 0xf1, 0x3f, 0xff, 0xfd, 0x00, 0x00,
    0x00, 0x00, 0x1e, 0xff, 0xff, 0xff, 0xff, 0x13,
    0xff, 0xff, 0xd0, 0x00, 0x00, 0x00, 0x00, 0x6f,
    0xff, 0xff, 0xff, 0xf1, 0x3f, 0xff, 0xfd, 0x00,
    0x00, 0x00, 0x00, 0x00, 0xbf, 0xff, 0xff, 0xff,
    0x13, 0xff, 0xff, 0xd0, 0x00, 0x00, 0x00, 0x00,
    0x02, 0xff, 0xff, 0xff, 0xf1, 0x3f, 0xff, 0xfd,
    0x00, 0x00, 0x00, 0x00, 0x00, 0x07, 0xff, 0xff,
    0xff, 0x13, 0xff, 0xff, 0xd0, 0x00, 0x00, 0x00,
    0x00, 0x00, 0x0d, 0xff, 0xff, 0xf1, 0x00, 0x00,
    0x00, 0x00, 0x00, 0x00, 0x00, 0x00, 0x00, 0x00,
    0x00, 0x00, 0x00, 0x00, 0x00, 0x00, 0x00, 0x00,
    0x00, 0x00, 0x00, 0x00, 0x00, 0x00, 0x00, 0x00,
    0x00, 0x00, 0x00, 0x00, 0xbc, 0xcc, 0x70, 0x00,
    0x00, 0x00, 0x00, 0x00, 0x00, 0x00, 0x00, 0x00,
    0x2f, 0xff, 0xf3, 0x00, 0x00, 0x00, 0x00, 0x00,
    0x00, 0x00, 0x00, 0x00, 0x06, 0xff, 0xfd, 0x00,
    0x00, 0x00, 0x00, 0x00, 0x00, 0x00, 0x00, 0x00,
    0x00, 0x9f, 0xff, 0x60, 0x00, 0x00, 0x00, 0x00,
    0x00, 0x00, 0x00, 0x00, 0x00, 0x0d, 0xff, 0xf0,
    0x00, 0x00, 0x00, 0x00, 0x00, 0x00, 0x00, 0x00,
    0x00, 0x01, 0xff, 0xf9, 0x00, 0x00, 0x00, 0x00,
    0x00, 0x00, 0x00, 0x00, 0x00, 0x00, 0x5f, 0xff,
    0x30, 0x00, 0x00, 0x00, 0x00, 0x00, 0x00,

    /* U+0146 "ņ" */
    0x7f, 0xff, 0xf2, 0x00, 0x5b, 0xef, 0xec, 0x60,
    0x00, 0x07, 0xff, 0xff, 0x21, 0xcf, 0xff, 0xff,
    0xff, 0xe3, 0x00, 0x7f, 0xff, 0xf2, 0xcf, 0xff,
    0xff, 0xff, 0xff, 0xf1, 0x07, 0xff, 0xff, 0xaf,
    0xff, 0xff, 0xff, 0xff, 0xff, 0xb0, 0x7f, 0xff,
    0xff, 0xfb, 0x42, 0x26, 0xef, 0xff, 0xff, 0x17,
    0xff, 0xff, 0xf8, 0x00, 0x00, 0x02, 0xff, 0xff,
    0xf6, 0x7f, 0xff, 0xfd, 0x00, 0x00, 0x00, 0x08,
    0xff, 0xff, 0x87, 0xff, 0xff, 0x80, 0x00, 0x00,
    0x00, 0x3f, 0xff, 0xfa, 0x7f, 0xff, 0xf6, 0x00,
    0x00, 0x00, 0x02, 0xff, 0xff, 0xb7, 0xff, 0xff,
    0x60, 0x00, 0x00, 0x00, 0x2f, 0xff, 0xfb, 0x7f,
    0xff, 0xf6, 0x00, 0x00, 0x00, 0x02, 0xff, 0xff,
    0xb7, 0xff, 0xff, 0x60, 0x00, 0x00, 0x00, 0x2f,
    0xff, 0xfb, 0x7f, 0xff, 0xf6, 0x00, 0x00, 0x00,
    0x02, 0xff, 0xff, 0xb7, 0xff, 0xff, 0x60, 0x00,
    0x00, 0x00, 0x2f, 0xff, 0xfb, 0x7f, 0xff, 0xf6,
    0x00, 0x00, 0x00, 0x02, 0xff, 0xff, 0xb7, 0xff,
    0xff, 0x60, 0x00, 0x00, 0x00, 0x2f, 0xff, 0xfb,
    0x7f, 0xff, 0xf6, 0x00, 0x00, 0x00, 0x02, 0xff,
    0xff, 0xb7, 0xff, 0xff, 0x60, 0x00, 0x00, 0x00,
    0x2f, 0xff, 0xfb, 0x7f, 0xff, 0xf6, 0x00, 0x00,
    0x00, 0x02, 0xff, 0xff, 0xb7, 0xff, 0xff, 0x60,
    0x00, 0x00, 0x00, 0x2f, 0xff, 0xfb, 0x7f, 0xff,
    0xf6, 0x00, 0x00, 0x00, 0x02, 0xff, 0xff, 0xb0,
    0x00, 0x00, 0x00, 0x00, 0x00, 0x00, 0x00, 0x00,
    0x00, 0x00, 0x00, 0x00, 0x00, 0x00, 0x00, 0x00,
    0x00, 0x00, 0x00, 0x00, 0x00, 0x00, 0x9c, 0xcc,
    0x90, 0x00, 0x00, 0x00, 0x00, 0x00, 0x00, 0x0f,
    0xff, 0xf6, 0x00, 0x00, 0x00, 0x00, 0x00, 0x00,
    0x03, 0xff, 0xff, 0x00, 0x00, 0x00, 0x00, 0x00,
    0x00, 0x00, 0x7f, 0xff, 0x90, 0x00, 0x00, 0x00,
    0x00, 0x00, 0x00, 0x0b, 0xff, 0xf3, 0x00, 0x00,
    0x00, 0x00, 0x00, 0x00, 0x00, 0xef, 0xfc, 0x00,
    0x00, 0x00, 0x00, 0x00, 0x00, 0x00, 0x2f, 0xff,
    0x60, 0x00, 0x00, 0x00, 0x00,

    /* U+0147 "Ň" */
    0x00, 0x00, 0x02, 0xef, 0xff, 0x30, 0x00, 0x5f,
    0xff, 0xe2, 0x00, 0x00, 0x00, 0x00, 0x00, 0x03,
    0xff, 0xfe, 0x10, 0x3f, 0xff, 0xf3, 0x00, 0x00,
    0x00, 0x00, 0x00, 0x00, 0x04, 0xff, 0xfc, 0x2e,
    0xff, 0xf3, 0x00, 0x00, 0x00, 0x00, 0x00, 0x00,
    0x00, 0x05, 0xff, 0xff, 0xff, 0xf4, 0x00, 0x00,
    0x00, 0x00, 0x00, 0x00, 0x00, 0x00, 0x06, 0xff,
    0xff, 0xf5, 0x00, 0x00, 0x00, 0x00, 0x00, 0x00,
    0x00, 0x00, 0x00, 0x05, 0x88, 0x85, 0x00, 0x00,
    0x00, 0x00, 0x00, 0x00, 0x00, 0x00, 0x00, 0x00,
    0x00, 0x00, 0x00, 0x00, 0x00, 0x00, 0x00, 0x00,
    0x00, 0x00, 0x00, 0x00, 0x00, 0x00, 0x00, 0x00,
    0x00, 0x00, 0x00, 0x00, 0x3f, 0xff, 0xff, 0xb0,
    0x00, 0x00, 0x00, 0x00, 0x00, 0x0f, 0xff, 0xff,
    0x13, 0xff, 0xff, 0xff, 0x50, 0x00, 0x00, 0x00,
    0x00, 0x00, 0xff, 0xff, 0xf1, 0x3f, 0xff, 0xff,
    0xfe, 0x00, 0x00, 0x00, 0x00, 0x00, 0x0f, 0xff,
    0xff, 0x13, 0xff, 0xff, 0xff, 0xf9, 0x00, 0x00,
    0x00, 0x00, 0x00, 0xff, 0xff, 0xf1, 0x3f, 0xff,
    0xff, 0xff, 0xf3, 0x00, 0x00, 0x00, 0x00, 0x0f,
    0xff, 0xff, 0x13, 0xff, 0xff, 0xff, 0xff, 0xd0,
    0x00, 0x00, 0x00, 0x00, 0xff, 0xff, 0xf1, 0x3f,
    0xff, 0xff, 0xff, 0xff, 0x70, 0x00, 0x00, 0x00,
    0x0f, 0xff, 0xff, 0x13, 0xff, 0xff, 0x9e, 0xff,
    0xff, 0x20, 0x00, 0x00, 0x00, 0xff, 0xff, 0xf1,
    0x3f, 0xff, 0xf9, 0x6f, 0xff, 0xfb, 0x00, 0x00,
    0x00, 0x0f, 0xff, 0xff, 0x13, 0xff, 0xff, 0xa0,
    0xef, 0xff, 0xf5, 0x00, 0x00, 0x00, 0xff, 0xff,
    0xf1, 0x3f, 0xff, 0xfb, 0x05, 0xff, 0xff, 0xe1,
    0x00, 0x00, 0x0f, 0xff, 0xff, 0x13, 0xff, 0xff,
    0xb0, 0x0c, 0xff, 0xff, 0x90, 0x00, 0x00, 0xff,
    0xff, 0xf1, 0x3f, 0xff, 0xfc, 0x00, 0x3f, 0xff,
    0xff, 0x30, 0x00, 0x0f, 0xff, 0xff, 0x13, 0xff,
    0xff, 0xd0, 0x00, 0xaf, 0xff, 0xfd, 0x00, 0x00,
    0xff, 0xff, 0xf1, 0x3f, 0xff, 0xfd, 0x00, 0x01,
    0xff, 0xff, 0xf7, 0x00, 0x0f, 0xff, 0xff, 0x13,
    0xff, 0xff, 0xd0, 0x00, 0x06, 0xff, 0xff, 0xf2,
    0x00, 0xff, 0xff, 0xf1, 0x3f, 0xff, 0xfd, 0x00,
    0x00, 0x0c, 0xff, 0xff, 0xb0, 0x0e, 0xff, 0xff,
    0x13, 0xff, 0xff, 0xd0, 0x00, 0x00, 0x2f, 0xff,
    0xff, 0x40, 0xef, 0xff, 0xf1, 0x3f, 0xff, 0xfd,
    0x00, 0x00, 0x00, 0x8f, 0xff, 0xfc, 0x0d, 0xff,
    0xff, 0x13, 0xff, 0xff, 0xd0, 0x00, 0x00, 0x00,
    0xdf, 0xff, 0xf5, 0xcf, 0xff, 0xf1, 0x3f, 0xff,
    0xfd, 0x00, 0x00, 0x00, 0x04, 0xff, 0xff, 0xcb,
    0xff, 0xff, 0x13, 0xff, 0xff, 0xd0, 0x00, 0x00,
    0x00, 0x0a, 0xff, 0xff, 0xef, 0xff, 0xf1, 0x3f,
    0xff, 0xfd, 0x00, 0x00, 0x00, 0x00, 0x1e, 0xff,
    0xff, 0xff, 0xff, 0x13, 0xff, 0xff, 0xd0, 0x00,
    0x00, 0x00, 0x00, 0x6f, 0xff, 0xff, 0xff, 0xf1,
    0x3f, 0xff, 0xfd, 0x00, 0x00, 0x00, 0x00, 0x00,
    0xbf, 0xff, 0xff, 0xff, 0x13, 0xff, 0xff, 0xd0,
    0x00, 0x00, 0x00, 0x00, 0x02, 0xff, 0xff, 0xff,
    0xf1, 0x3f, 0xff, 0xfd, 0x00, 0x00, 0x00, 0x00,
    0x00, 0x07, 0xff, 0xff, 0xff, 0x13, 0xff, 0xff,
    0xd0, 0x00, 0x00, 0x00, 0x00, 0x00, 0x0d, 0xff,
    0xff, 0xf1,

    /* U+0148 "ň" */
    0x00, 0x01, 0x11, 0x10, 0x00, 0x00, 0x01, 0x11,
    0x00, 0x00, 0x00, 0xcf, 0xff, 0x70, 0x00, 0x3f,
    0xff, 0xf3, 0x00, 0x00, 0x01, 0xdf, 0xff, 0x40,
    0x2e, 0xff, 0xf4, 0x00, 0x00, 0x00, 0x01, 0xef,
    0xff, 0x3d, 0xff, 0xf4, 0x00, 0x00, 0x00, 0x00,
    0x02, 0xef, 0xff, 0xff, 0xf5, 0x00, 0x00, 0x00,
    0x00, 0x00, 0x03, 0xff, 0xff, 0xf6, 0x00, 0x00,
    0x00, 0x00, 0x00, 0x00, 0x03, 0x66, 0x64, 0x00,
    0x00, 0x00, 0x00, 0x00, 0x00, 0x00, 0x00, 0x00,
    0x00, 0x00, 0x00, 0x00, 0x00, 0x00, 0x00, 0x00,
    0x00, 0x00, 0x00, 0x00, 0x00, 0x07, 0xff, 0xff,
    0x20, 0x05, 0xbe, 0xfe, 0xc6, 0x00, 0x00, 0x7f,
    0xff, 0xf2, 0x1c, 0xff, 0xff, 0xff, 0xfe, 0x30,
    0x07, 0xff, 0xff, 0x2c, 0xff, 0xff, 0xff, 0xff,
    0xff, 0x10, 0x7f, 0xff, 0xfa, 0xff, 0xff, 0xff,
    0xff, 0xff, 0xfb, 0x07, 0xff, 0xff, 0xff, 0xb4,
    0x22, 0x6e, 0xff, 0xff, 0xf1, 0x7f, 0xff, 0xff,
    0x80, 0x00, 0x00, 0x2f, 0xff, 0xff, 0x67, 0xff,
    0xff, 0xd0, 0x00, 0x00, 0x00, 0x8f, 0xff, 0xf8,
    0x7f, 0xff, 0xf8, 0x00, 0x00, 0x00, 0x03, 0xff,
    0xff, 0xa7, 0xff, 0xff, 0x60, 0x00, 0x00, 0x00,
    0x2f, 0xff, 0xfb, 0x7f, 0xff, 0xf6, 0x00, 0x00,
    0x00, 0x02, 0xff, 0xff, 0xb7, 0xff, 0xff, 0x60,
    0x00, 0x00, 0x00, 0x2f, 0xff, 0xfb, 0x7f, 0xff,
    0xf6, 0x00, 0x00, 0x00, 0x02, 0xff, 0xff, 0xb7,
    0xff, 0xff, 0x60, 0x00, 0x00, 0x00, 0x2f, 0xff,
    0xfb, 0x7f, 0xff, 0xf6, 0x00, 0x00, 0x00, 0x02,
    0xff, 0xff, 0xb7, 0xff, 0xff, 0x60, 0x00, 0x00,
    0x00, 0x2f, 0xff, 0xfb, 0x7f, 0xff, 0xf6, 0x00,
    0x00, 0x00, 0x02, 0xff, 0xff, 0xb7, 0xff, 0xff,
    0x60, 0x00, 0x00, 0x00, 0x2f, 0xff, 0xfb, 0x7f,
    0xff, 0xf6, 0x00, 0x00, 0x00, 0x02, 0xff, 0xff,
    0xb7, 0xff, 0xff, 0x60, 0x00, 0x00, 0x00, 0x2f,
    0xff, 0xfb, 0x7f, 0xff, 0xf6, 0x00, 0x00, 0x00,
    0x02, 0xff, 0xff, 0xb7, 0xff, 0xff, 0x60, 0x00,
    0x00, 0x00, 0x2f, 0xff, 0xfb,

    /* U+014A "Ŋ" */
    0x3f, 0xff, 0xff, 0xb0, 0x00, 0x00, 0x00, 0x00,
    0x00, 0x0f, 0xff, 0xff, 0x13, 0xff, 0xff, 0xff,
    0x50, 0x00, 0x00, 0x00, 0x00, 0x00, 0xff, 0xff,
    0xf1, 0x3f, 0xff, 0xff, 0xfe, 0x00, 0x00, 0x00,
    0x00, 0x00, 0x0f, 0xff, 0xff, 0x13, 0xff, 0xff,
    0xff, 0xf9, 0x00, 0x00, 0x00, 0x00, 0x00, 0xff,
    0xff, 0xf1, 0x3f, 0xff, 0xff, 0xff, 0xf3, 0x00,
    0x00, 0x00, 0x00, 0x0f, 0xff, 0xff, 0x13, 0xff,
    0xff, 0xff, 0xff, 0xd0, 0x00, 0x00, 0x00, 0x00,
    0xff, 0xff, 0xf1, 0x3f, 0xff, 0xff, 0xff, 0xff,
    0x70, 0x00, 0x00, 0x00, 0x0f, 0xff, 0xff, 0x13,
    0xff, 0xff, 0x9e, 0xff, 0xff, 0x20, 0x00, 0x00,
    0x00, 0xff, 0xff, 0xf1, 0x3f, 0xff, 0xf9, 0x6f,
    0xff, 0xfb, 0x00, 0x00, 0x00, 0x0f, 0xff, 0xff,
    0x13, 0xff, 0xff, 0xa0, 0xef, 0xff, 0xf5, 0x00,
    0x00, 0x00, 0xff, 0xff, 0xf1, 0x3f, 0xff, 0xfb,
    0x05, 0xff, 0xff, 0xe1, 0x00, 0x00, 0x0f, 0xff,
    0xff, 0x13, 0xff, 0xff, 0xb0, 0x0c, 0xff, 0xff,
    0x90, 0x00, 0x00, 0xff, 0xff, 0xf1, 0x3f, 0xff,
    0xfc, 0x00, 0x3f, 0xff, 0xff, 0x30, 0x00, 0x0f,
    0xff, 0xff, 0x13, 0xff, 0xff, 0xd0, 0x00, 0xaf,
    0xff, 0xfd, 0x00, 0x00, 0xff, 0xff, 0xf1, 0x3f,
    0xff, 0xfd, 0x00, 0x01, 0xff, 0xff, 0xf7, 0x00,
    0x0f, 0xff, 0xff, 0x13, 0xff, 0xff, 0xd0, 0x00,
    0x06, 0xff, 0xff, 0xf2, 0x00, 0xff, 0xff, 0xf1,
    0x3f, 0xff, 0xfd, 0x00, 0x00, 0x0c, 0xff, 0xff,
    0xb0, 0x0e, 0xff, 0xff, 0x13, 0xff, 0xff, 0xd0,
    0x00, 0x00, 0x2f, 0xff, 0xff, 0x40, 0xef, 0xff,
    0xf1, 0x3f, 0xff, 0xfd, 0x00, 0x00, 0x00, 0x8f,
    0xff, 0xfc, 0x0d, 0xff, 0xff, 0x13, 0xff, 0xff,
    0xd0, 0x00, 0x00, 0x00, 0xdf, 0xff, 0xf5, 0xcf,
    0xff, 0xf1, 0x3f, 0xff, 0xfd, 0x00, 0x00, 0x00,
    0x04, 0xff, 0xff, 0xcb, 0xff, 0xff, 0x13, 0xff,
    0xff, 0xd0, 0x00, 0x00, 0x00, 0x0a, 0xff, 0xff,
    0xef, 0xff, 0xf1, 0x3f, 0xff, 0xfd, 0x00, 0x00,
    0x00, 0x00, 0x1e, 0xff, 0xff, 0xff, 0xff, 0x13,
    0xff, 0xff, 0xd0, 0x00, 0x00, 0x00, 0x00, 0x6f,
    0xff, 0xff, 0xff, 0xf1, 0x3f, 0xff, 0xfd, 0x00,
    0x00, 0x00, 0x00, 0x00, 0xbf, 0xff, 0xff, 0xff,
    0x13, 0xff, 0xff, 0xd0, 0x00, 0x00, 0x00, 0x00,
    0x02, 0xff, 0xff, 0xff, 0xf2, 0x3f, 0xff, 0xfd,
    0x00, 0x00, 0x00, 0x00, 0x00, 0x07, 0xff, 0xff,
    0xff, 0x43, 0xff, 0xff, 0xd0, 0x00, 0x00, 0x00,
    0x00, 0x00, 0x0d, 0xff, 0xff, 0xf4, 0x00, 0x00,
    0x00, 0x00, 0x00, 0x00, 0x00, 0x00, 0x00, 0x0c,
    0xff, 0xff, 0x30, 0x00, 0x00, 0x00, 0x00, 0x00,
    0x00, 0x00, 0x00, 0x00, 0xcf, 0xff, 0xf3, 0x00,
    0x00, 0x00, 0x00, 0x00, 0x00, 0x00, 0x00, 0x00,
    0x0c, 0xff, 0xff, 0x30, 0x00, 0x00, 0x00, 0x00,
    0x00, 0x00, 0x00, 0x10, 0x16, 0xff, 0xff, 0xf1,
    0x00, 0x00, 0x00, 0x00, 0x00, 0x00, 0x00, 0x0a,
    0xff, 0xff, 0xff, 0xfe, 0x00, 0x00, 0x00, 0x00,
    0x00, 0x00, 0x00, 0x00, 0xaf, 0xff, 0xff, 0xff,
    0x70, 0x00, 0x00, 0x00, 0x00, 0x00, 0x00, 0x00,
    0x0a, 0xff, 0xff, 0xff, 0xa0, 0x00, 0x00, 0x00,
    0x00, 0x00, 0x00, 0x00, 0x00, 0x8e, 0xff, 0xea,
    0x40, 0x00,

    /* U+014B "ŋ" */
    0x7f, 0xff, 0xf2, 0x00, 0x5b, 0xef, 0xec, 0x60,
    0x00, 0x07, 0xff, 0xff, 0x21, 0xcf, 0xff, 0xff,
    0xff, 0xe3, 0x00, 0x7f, 0xff, 0xf2, 0xcf, 0xff,
    0xff, 0xff, 0xff, 0xf1, 0x07, 0xff, 0xff, 0xaf,
    0xff, 0xff, 0xff, 0xff, 0xff, 0xb0, 0x7f, 0xff,
    0xff, 0xfb, 0x42, 0x26, 0xef, 0xff, 0xff, 0x17,
    0xff, 0xff, 0xf8, 0x00, 0x00, 0x02, 0xff, 0xff,
    0xf6, 0x7f, 0xff, 0xfd, 0x00, 0x00, 0x00, 0x08,
    0xff, 0xff, 0x87, 0xff, 0xff, 0x80, 0x00, 0x00,
    0x00, 0x3f, 0xff, 0xfa, 0x7f, 0xff, 0xf6, 0x00,
    0x00, 0x00, 0x02, 0xff, 0xff, 0xb7, 0xff, 0xff,
    0x60, 0x00, 0x00, 0x00, 0x2f, 0xff, 0xfb, 0x7f,
    0xff, 0xf6, 0x00, 0x00, 0x00, 0x02, 0xff, 0xff,
    0xb7, 0xff, 0xff, 0x60, 0x00, 0x00, 0x00, 0x2f,
    0xff, 0xfb, 0x7f, 0xff, 0xf6, 0x00, 0x00, 0x00,
    0x02, 0xff, 0xff, 0xb7, 0xff, 0xff, 0x60, 0x00,
    0x00, 0x00, 0x2f, 0xff, 0xfb, 0x7f, 0xff, 0xf6,
    0x00, 0x00, 0x00, 0x02, 0xff, 0xff, 0xb7, 0xff,
    0xff, 0x60, 0x00, 0x00, 0x00, 0x2f, 0xff, 0xfb,
    0x7f, 0xff, 0xf6, 0x00, 0x00, 0x00, 0x02, 0xff,
    0xff, 0xb7, 0xff, 0xff, 0x60, 0x00, 0x00, 0x00,
    0x2f, 0xff, 0xfb, 0x7f, 0xff, 0xf6, 0x00, 0x00,
    0x00, 0x02, 0xff, 0xff, 0xb7, 0xff, 0xff, 0x60,
    0x00, 0x00, 0x00, 0x2f, 0xff, 0xfb, 0x7f, 0xff,
    0xf6, 0x00, 0x00, 0x00, 0x02, 0xff, 0xff, 0xb0,
    0x00, 0x00, 0x00, 0x00, 0x00, 0x00, 0x2f, 0xff,
    0xfb, 0x00, 0x00, 0x00, 0x00, 0x00, 0x00, 0x02,
    0xff, 0xff, 0xb0, 0x00, 0x00, 0x00, 0x00, 0x00,
    0x00, 0x3f, 0xff, 0xfb, 0x00, 0x00, 0x00, 0x00,
    0x00, 0x10, 0x2a, 0xff, 0xff, 0x90, 0x00, 0x00,
    0x00, 0x00, 0x2f, 0xff, 0xff, 0xff, 0xf6, 0x00,
    0x00, 0x00, 0x00, 0x02, 0xff, 0xff, 0xff, 0xfe,
    0x00, 0x00, 0x00, 0x00, 0x00, 0x2f, 0xff, 0xff,
    0xfe, 0x30, 0x00, 0x00, 0x00, 0x00, 0x01, 0xdf,
    0xfe, 0xc8, 0x10, 0x00,

    /* U+014C "Ō" */
    0x00, 0x00, 0x00, 0x00, 0x24, 0x44, 0x44, 0x44,
    0x44, 0x30, 0x00, 0x00, 0x00, 0x00, 0x00, 0x00,
    0x00, 0x0b, 0xff, 0xff, 0xff, 0xff, 0xfe, 0x00,
    0x00, 0x00, 0x00, 0x00, 0x00, 0x00, 0x00, 0xbf,
    0xff, 0xff, 0xff, 0xff, 0xe0, 0x00, 0x00, 0x00,
    0x00, 0x00, 0x00, 0x00, 0x0b, 0xff, 0xff, 0xff,
    0xff, 0xfe, 0x00, 0x00, 0x00, 0x00, 0x00, 0x00,
    0x00, 0x00, 0x00, 0x00, 0x00, 0x00, 0x00, 0x00,
    0x00, 0x00, 0x00, 0x00, 0x00, 0x00, 0x00, 0x00,
    0x00, 0x00, 0x00, 0x00, 0x00, 0x00, 0x00, 0x00,
    0x00, 0x00, 0x00, 0x00, 0x00, 0x00, 0x00, 0x00,
    0x00, 0x00, 0x00, 0x00, 0x00, 0x00, 0x00, 0x00,
    0x00, 0x00, 0x00, 0x00, 0x00, 0x00, 0x00, 0x00,
    0x00, 0x00, 0x00, 0x00, 0x00, 0x00, 0x00, 0x00,
    0x05, 0xad, 0xef, 0xfd, 0xa6, 0x10, 0x00, 0x00,
    0x00, 0x00, 0x00, 0x00, 0x00, 0x8f, 0xff, 0xff,
    0xff, 0xff, 0xff, 0x91, 0x00, 0x00, 0x00, 0x00,
    0x00, 0x03, 0xdf, 0xff, 0xff, 0xff, 0xff, 0xff,
    0xff, 0xf5, 0x00, 0x00, 0x00, 0x00, 0x04, 0xff,
    0xff, 0xff, 0xff, 0xff, 0xff, 0xff, 0xff, 0xf6,
    0x00, 0x00, 0x00, 0x02, 0xff, 0xff, 0xff, 0xfb,
    0x87, 0x8a, 0xff, 0xff, 0xff, 0xf5, 0x00, 0x00,
    0x00, 0xdf, 0xff, 0xff, 0xa1, 0x00, 0x00, 0x00,
    0x8f, 0xff, 0xff, 0xe1, 0x00, 0x00, 0x6f, 0xff,
    0xff, 0x70, 0x00, 0x00, 0x00, 0x00, 0x4f, 0xff,
    0xff, 0x90, 0x00, 0x0e, 0xff, 0xff, 0xa0, 0x00,
    0x00, 0x00, 0x00, 0x00, 0x6f, 0xff, 0xff, 0x10,
    0x04, 0xff, 0xff, 0xf1, 0x00, 0x00, 0x00, 0x00,
    0x00, 0x00, 0xdf, 0xff, 0xf7, 0x00, 0x8f, 0xff,
    0xfa, 0x00, 0x00, 0x00, 0x00, 0x00, 0x00, 0x07,
    0xff, 0xff, 0xc0, 0x0c, 0xff, 0xff, 0x50, 0x00,
    0x00, 0x00, 0x00, 0x00, 0x00, 0x2f, 0xff, 0xff,
    0x00, 0xef, 0xff, 0xf1, 0x00, 0x00, 0x00, 0x00,
    0x00, 0x00, 0x00, 0xef, 0xff, 0xf2, 0x0f, 0xff,
    0xff, 0x00, 0x00, 0x00, 0x00, 0x00, 0x00, 0x00,
    0x0d, 0xff, 0xff, 0x31, 0xff, 0xff, 0xe0, 0x00,
    0x00, 0x00, 0x00, 0x00, 0x00, 0x00, 0xbf, 0xff,
    0xf4, 0x1f, 0xff, 0xfe, 0x00, 0x00, 0x00, 0x00,
    0x00, 0x00, 0x00, 0x0c, 0xff, 0xff, 0x40, 0xff,
    0xff, 0xf0, 0x00, 0x00, 0x00, 0x00, 0x00, 0x00,
    0x00, 0xdf, 0xff, 0xf3, 0x0e, 0xff, 0xff, 0x10,
    0x00, 0x00, 0x00, 0x00, 0x00, 0x00, 0x0e, 0xff,
    0xff, 0x20, 0xcf, 0xff, 0xf5, 0x00, 0x00, 0x00,
    0x00, 0x00, 0x00, 0x02, 0xff, 0xff, 0xf0, 0x09,
    0xff, 0xff, 0xa0, 0x00, 0x00, 0x00, 0x00, 0x00,
    0x00, 0x7f, 0xff, 0xfc, 0x00, 0x4f, 0xff, 0xff,
    0x10, 0x00, 0x00, 0x00, 0x00, 0x00, 0x0d, 0xff,
    0xff, 0x70, 0x00, 0xef, 0xff, 0xfa, 0x00, 0x00,
    0x00, 0x00, 0x00, 0x06, 0xff, 0xff, 0xf1, 0x00,
    0x07, 0xff, 0xff, 0xf7, 0x00, 0x00, 0x00, 0x00,
    0x04, 0xff, 0xff, 0xfa, 0x00, 0x00, 0x0d, 0xff,
    0xff, 0xfa, 0x10, 0x00, 0x00, 0x07, 0xff, 0xff,
    0xff, 0x10, 0x00, 0x00, 0x2f, 0xff, 0xff, 0xff,
    0xb8, 0x77, 0xaf, 0xff, 0xff, 0xff, 0x50, 0x00,
    0x00, 0x00, 0x4f, 0xff, 0xff, 0xff, 0xff, 0xff,
    0xff, 0xff, 0xff, 0x70, 0x00, 0x00, 0x00, 0x00,
    0x3e, 0xff, 0xff, 0xff, 0xff, 0xff, 0xff, 0xff,
    0x50, 0x00, 0x00, 0x00, 0x00, 0x00, 0x08, 0xff,
    0xff, 0xff, 0xff, 0xff, 0xfa, 0x10, 0x00, 0x00,
    0x00, 0x00, 0x00, 0x00, 0x00, 0x5a, 0xdf, 0xff,
    0xdb, 0x61, 0x00, 0x00, 0x00, 0x00,

    /* U+014D "ō" */
    0x00, 0x00, 0x0c, 0xff, 0xff, 0xff, 0xff, 0xfd,
    0x00, 0x00, 0x00, 0x00, 0x00, 0xcf, 0xff, 0xff,
    0xff, 0xff, 0xd0, 0x00, 0x00, 0x00, 0x00, 0x0c,
    0xff, 0xff, 0xff, 0xff, 0xfd, 0x00, 0x00, 0x00,
    0x00, 0x00, 0x23, 0x33, 0x33, 0x33, 0x33, 0x30,
    0x00, 0x00, 0x00, 0x00, 0x00, 0x00, 0x00, 0x00,
    0x00, 0x00, 0x00, 0x00, 0x00, 0x00, 0x00, 0x00,
    0x00, 0x00, 0x00, 0x00, 0x00, 0x00, 0x00, 0x00,
    0x00, 0x00, 0x00, 0x00, 0x00, 0x00, 0x00, 0x00,
    0x00, 0x00, 0x00, 0x00, 0x04, 0x9c, 0xff, 0xfd,
    0xa4, 0x00, 0x00, 0x00, 0x00, 0x00, 0x2c, 0xff,
    0xff, 0xff, 0xff, 0xfd, 0x30, 0x00, 0x00, 0x00,
    0x4f, 0xff, 0xff, 0xff, 0xff, 0xff, 0xff, 0x60,
    0x00, 0x00, 0x3f, 0xff, 0xff, 0xff, 0xff, 0xff,
    0xff, 0xff, 0x40, 0x00, 0x0d, 0xff, 0xff, 0xe6,
    0x00, 0x05, 0xdf, 0xff, 0xfe, 0x00, 0x05, 0xff,
    0xff, 0xe2, 0x00, 0x00, 0x01, 0xdf, 0xff, 0xf7,
    0x00, 0xbf, 0xff, 0xf7, 0x00, 0x00, 0x00, 0x04,
    0xff, 0xff, 0xd0, 0x0f, 0xff, 0xff, 0x00, 0x00,
    0x00, 0x00, 0x0d, 0xff, 0xff, 0x23, 0xff, 0xff,
    0xc0, 0x00, 0x00, 0x00, 0x00, 0x9f, 0xff, 0xf5,
    0x4f, 0xff, 0xfa, 0x00, 0x00, 0x00, 0x00, 0x07,
    0xff, 0xff, 0x65, 0xff, 0xff, 0x90, 0x00, 0x00,
    0x00, 0x00, 0x6f, 0xff, 0xf7, 0x4f, 0xff, 0xfa,
    0x00, 0x00, 0x00, 0x00, 0x07, 0xff, 0xff, 0x63,
    0xff, 0xff, 0xc0, 0x00, 0x00, 0x00, 0x00, 0x9f,
    0xff, 0xf5, 0x0f, 0xff, 0xff, 0x00, 0x00, 0x00,
    0x00, 0x0d, 0xff, 0xff, 0x20, 0xbf, 0xff, 0xf7,
    0x00, 0x00, 0x00, 0x04, 0xff, 0xff, 0xe0, 0x05,
    0xff, 0xff, 0xe2, 0x00, 0x00, 0x01, 0xdf, 0xff,
    0xf7, 0x00, 0x0d, 0xff, 0xff, 0xe6, 0x00, 0x05,
    0xdf, 0xff, 0xfe, 0x10, 0x00, 0x3f, 0xff, 0xff,
    0xff, 0xff, 0xff, 0xff, 0xff, 0x40, 0x00, 0x00,
    0x4f, 0xff, 0xff, 0xff, 0xff, 0xff, 0xff, 0x60,
    0x00, 0x00, 0x00, 0x2c, 0xff, 0xff, 0xff, 0xff,
    0xfd, 0x30, 0x00, 0x00, 0x00, 0x00, 0x04, 0x9d,
    0xff, 0xfd, 0xa4, 0x00, 0x00, 0x00,

    /* U+014E "Ŏ" */
    0x00, 0x00, 0x00, 0x03, 0x88, 0x40, 0x00, 0x00,
    0x28, 0x85, 0x00, 0x00, 0x00, 0x00, 0x00, 0x00,
    0x00, 0x5f, 0xfc, 0x00, 0x00, 0x09, 0xff, 0x80,
    0x00, 0x00, 0x00, 0x00, 0x00, 0x00, 0x00, 0xff,
    0xf9, 0x00, 0x06, 0xff, 0xf3, 0x00, 0x00, 0x00,
    0x00, 0x00, 0x00, 0x00, 0x07, 0xff, 0xff, 0xef,
    0xff, 0xfa, 0x00, 0x00, 0x00, 0x00, 0x00, 0x00,
    0x00, 0x00, 0x08, 0xff, 0xff, 0xff, 0xfb, 0x00,
    0x00, 0x00, 0x00, 0x00, 0x00, 0x00, 0x00, 0x00,
    0x03, 0xae, 0xfe, 0xb5, 0x00, 0x00, 0x00, 0x00,
    0x00, 0x00, 0x00, 0x00, 0x00, 0x00, 0x00, 0x00,
    0x00, 0x00, 0x00, 0x00, 0x00, 0x00, 0x00, 0x00,
    0x00, 0x00, 0x00, 0x00, 0x00, 0x00, 0x00, 0x00,
    0x00, 0x00, 0x00, 0x00, 0x00, 0x00, 0x00, 0x00,
    0x00, 0x00, 0x00, 0x00, 0x00, 0x00, 0x00, 0x00,
    0x00, 0x00, 0x00, 0x00, 0x00, 0x00, 0x5a, 0xde,
    0xff, 0xda, 0x61, 0x00, 0x00, 0x00, 0x00, 0x00,
    0x00, 0x00, 0x08, 0xff, 0xff, 0xff, 0xff, 0xff,
    0xf9, 0x10, 0x00, 0x00, 0x00, 0x00, 0x00, 0x3d,
    0xff, 0xff, 0xff, 0xff, 0xff, 0xff, 0xff, 0x50,
    0x00, 0x00, 0x00, 0x00, 0x4f, 0xff, 0xff, 0xff,
    0xff, 0xff, 0xff, 0xff, 0xff, 0x60, 0x00, 0x00,
    0x00, 0x2f, 0xff, 0xff, 0xff, 0xb8, 0x78, 0xaf,
    0xff, 0xff, 0xff, 0x50, 0x00, 0x00, 0x0d, 0xff,
    0xff, 0xfa, 0x10, 0x00, 0x00, 0x08, 0xff, 0xff,
    0xfe, 0x10, 0x00, 0x06, 0xff, 0xff, 0xf7, 0x00,
    0x00, 0x00, 0x00, 0x04, 0xff, 0xff, 0xf9, 0x00,
    0x00, 0xef, 0xff, 0xfa, 0x00, 0x00, 0x00, 0x00,
    0x00, 0x06, 0xff, 0xff, 0xf1, 0x00, 0x4f, 0xff,
    0xff, 0x10, 0x00, 0x00, 0x00, 0x00, 0x00, 0x0d,
    0xff, 0xff, 0x70, 0x08, 0xff, 0xff, 0xa0, 0x00,
    0x00, 0x00, 0x00, 0x00, 0x00, 0x7f, 0xff, 0xfc,
    0x00, 0xcf, 0xff, 0xf5, 0x00, 0x00, 0x00, 0x00,
    0x00, 0x00, 0x02, 0xff, 0xff, 0xf0, 0x0e, 0xff,
    0xff, 0x10, 0x00, 0x00, 0x00, 0x00, 0x00, 0x00,
    0x0e, 0xff, 0xff, 0x20, 0xff, 0xff, 0xf0, 0x00,
    0x00, 0x00, 0x00, 0x00, 0x00, 0x00, 0xdf, 0xff,
    0xf3, 0x1f, 0xff, 0xfe, 0x00, 0x00, 0x00, 0x00,
    0x00, 0x00, 0x00, 0x0b, 0xff, 0xff, 0x41, 0xff,
    0xff, 0xe0, 0x00, 0x00, 0x00, 0x00, 0x00, 0x00,
    0x00, 0xcf, 0xff, 0xf4, 0x0f, 0xff, 0xff, 0x00,
    0x00, 0x00, 0x00, 0x00, 0x00, 0x00, 0x0d, 0xff,
    0xff, 0x30, 0xef, 0xff, 0xf1, 0x00, 0x00, 0x00,
    0x00, 0x00, 0x00, 0x00, 0xef, 0xff, 0xf2, 0x0c,
    0xff, 0xff, 0x50, 0x00, 0x00, 0x00, 0x00, 0x00,
    0x00, 0x2f, 0xff, 0xff, 0x00, 0x9f, 0xff, 0xfa,
    0x00, 0x00, 0x00, 0x00, 0x00, 0x00, 0x07, 0xff,
    0xff, 0xc0, 0x04, 0xff, 0xff, 0xf1, 0x00, 0x00,
    0x00, 0x00, 0x00, 0x00, 0xdf, 0xff, 0xf7, 0x00,
    0x0e, 0xff, 0xff, 0xa0, 0x00, 0x00, 0x00, 0x00,
    0x00, 0x6f, 0xff, 0xff, 0x10, 0x00, 0x7f, 0xff,
    0xff, 0x70, 0x00, 0x00, 0x00, 0x00, 0x4f, 0xff,
    0xff, 0xa0, 0x00, 0x00, 0xdf, 0xff, 0xff, 0xa1,
    0x00, 0x00, 0x00, 0x7f, 0xff, 0xff, 0xf1, 0x00,
    0x00, 0x02, 0xff, 0xff, 0xff, 0xfb, 0x87, 0x7a,
    0xff, 0xff, 0xff, 0xf5, 0x00, 0x00, 0x00, 0x04,
    0xff, 0xff, 0xff, 0xff, 0xff, 0xff, 0xff, 0xff,
    0xf7, 0x00, 0x00, 0x00, 0x00, 0x03, 0xef, 0xff,
    0xff, 0xff, 0xff, 0xff, 0xff, 0xf5, 0x00, 0x00,
    0x00, 0x00, 0x00, 0x00, 0x8f, 0xff, 0xff, 0xff,
    0xff, 0xff, 0xa1, 0x00, 0x00, 0x00, 0x00, 0x00,
    0x00, 0x00, 0x05, 0xad, 0xff, 0xfd, 0xb6, 0x10,
    0x00, 0x00, 0x00, 0x00,

    /* U+014F "ŏ" */
    0x00, 0x00, 0x38, 0x84, 0x00, 0x00, 0x03, 0x88,
    0x40, 0x00, 0x00, 0x00, 0x05, 0xff, 0xb0, 0x00,
    0x00, 0xaf, 0xf7, 0x00, 0x00, 0x00, 0x00, 0x1f,
    0xff, 0x80, 0x00, 0x7f, 0xff, 0x20, 0x00, 0x00,
    0x00, 0x00, 0x8f, 0xff, 0xfd, 0xff, 0xff, 0x90,
    0x00, 0x00, 0x00, 0x00, 0x00, 0x9f, 0xff, 0xff,
    0xff, 0xa0, 0x00, 0x00, 0x00, 0x00, 0x00, 0x00,
    0x4a, 0xef, 0xeb, 0x40, 0x00, 0x00, 0x00, 0x00,
    0x00, 0x00, 0x00, 0x00, 0x00, 0x00, 0x00, 0x00,
    0x00, 0x00, 0x00, 0x00, 0x00, 0x00, 0x00, 0x00,
    0x00, 0x00, 0x00, 0x00, 0x00, 0x00, 0x00, 0x00,
    0x00, 0x00, 0x00, 0x00, 0x00, 0x00, 0x00, 0x00,
    0x00, 0x04, 0x9c, 0xff, 0xfd, 0xa4, 0x00, 0x00,
    0x00, 0x00, 0x00, 0x2c, 0xff, 0xff, 0xff, 0xff,
    0xfd, 0x30, 0x00, 0x00, 0x00, 0x4f, 0xff, 0xff,
    0xff, 0xff, 0xff, 0xff, 0x60, 0x00, 0x00, 0x3f,
    0xff, 0xff, 0xff, 0xff, 0xff, 0xff, 0xff, 0x40,
    0x00, 0x0d, 0xff, 0xff, 0xe6, 0x00, 0x05, 0xdf,
    0xff, 0xfe, 0x00, 0x05, 0xff, 0xff, 0xe2, 0x00,
    0x00, 0x01, 0xdf, 0xff, 0xf7, 0x00, 0xbf, 0xff,
    0xf7, 0x00, 0x00, 0x00, 0x04, 0xff, 0xff, 0xd0,
    0x0f, 0xff, 0xff, 0x00, 0x00, 0x00, 0x00, 0x0d,
    0xff, 0xff, 0x23, 0xff, 0xff, 0xc0, 0x00, 0x00,
    0x00, 0x00, 0x9f, 0xff, 0xf5, 0x4f, 0xff, 0xfa,
    0x00, 0x00, 0x00, 0x00, 0x07, 0xff, 0xff, 0x65,
    0xff, 0xff, 0x90, 0x00, 0x00, 0x00, 0x00, 0x6f,
    0xff, 0xf7, 0x4f, 0xff, 0xfa, 0x00, 0x00, 0x00,
    0x00, 0x07, 0xff, 0xff, 0x63, 0xff, 0xff, 0xc0,
    0x00, 0x00, 0x00, 0x00, 0x9f, 0xff, 0xf5, 0x0f,
    0xff, 0xff, 0x00, 0x00, 0x00, 0x00, 0x0d, 0xff,
    0xff, 0x20, 0xbf, 0xff, 0xf7, 0x00, 0x00, 0x00,
    0x04, 0xff, 0xff, 0xe0, 0x05, 0xff, 0xff, 0xe2,
    0x00, 0x00, 0x01, 0xdf, 0xff, 0xf7, 0x00, 0x0d,
    0xff, 0xff, 0xe6, 0x00, 0x05, 0xdf, 0xff, 0xfe,
    0x10, 0x00, 0x3f, 0xff, 0xff, 0xff, 0xff, 0xff,
    0xff, 0xff, 0x40, 0x00, 0x00, 0x4f, 0xff, 0xff,
    0xff, 0xff, 0xff, 0xff, 0x60, 0x00, 0x00, 0x00,
    0x2c, 0xff, 0xff, 0xff, 0xff, 0xfd, 0x30, 0x00,
    0x00, 0x00, 0x00, 0x04, 0x9d, 0xff, 0xfd, 0xa4,
    0x00, 0x00, 0x00,

    /* U+0150 "Ő" */
    0x00, 0x00, 0x00, 0x00, 0x09, 0xbb, 0xb7, 0x00,
    0x5b, 0xbb, 0xa2, 0x00, 0x00, 0x00, 0x00, 0x00,
    0x00, 0x02, 0xff, 0xff, 0x30, 0x0e, 0xff, 0xf8,
    0x00, 0x00, 0x00, 0x00, 0x00, 0x00, 0x00, 0x8f,
    0xff, 0xa0, 0x08, 0xff, 0xfc, 0x00, 0x00, 0x00,
    0x00, 0x00, 0x00, 0x00, 0x0d, 0xff, 0xf2, 0x01,
    0xff, 0xfe, 0x10, 0x00, 0x00, 0x00, 0x00, 0x00,
    0x00, 0x03, 0xff, 0xf9, 0x00, 0xaf, 0xff, 0x40,
    0x00, 0x00, 0x00, 0x00, 0x00, 0x00, 0x00, 0x9f,
    0xff, 0x10, 0x2f, 0xff, 0x70, 0x00, 0x00, 0x00,
    0x00, 0x00, 0x00, 0x00, 0x00, 0x00, 0x00, 0x00,
    0x00, 0x00, 0x00, 0x00, 0x00, 0x00, 0x00, 0x00,
    0x00, 0x00, 0x00, 0x00, 0x00, 0x00, 0x00, 0x00,
    0x00, 0x00, 0x00, 0x00, 0x00, 0x00, 0x00, 0x00,
    0x00, 0x00, 0x00, 0x00, 0x00, 0x00, 0x00, 0x00,
    0x00, 0x00, 0x00, 0x00, 0x00, 0x00, 0x5a, 0xde,
    0xff, 0xda, 0x61, 0x00, 0x00, 0x00, 0x00, 0x00,
    0x00, 0x00, 0x08, 0xff, 0xff, 0xff, 0xff, 0xff,
    0xf9, 0x10, 0x00, 0x00, 0x00, 0x00, 0x00, 0x3d,
    0xff, 0xff, 0xff, 0xff, 0xff, 0xff, 0xff, 0x50,
    0x00, 0x00, 0x00, 0x00, 0x4f, 0xff, 0xff, 0xff,
    0xff, 0xff, 0xff, 0xff, 0xff, 0x60, 0x00, 0x00,
    0x00, 0x2f, 0xff, 0xff, 0xff, 0xb8, 0x78, 0xaf,
    0xff, 0xff, 0xff, 0x50, 0x00, 0x00, 0x0d, 0xff,
    0xff, 0xfa, 0x10, 0x00, 0x00, 0x08, 0xff, 0xff,
    0xfe, 0x10, 0x00, 0x06, 0xff, 0xff, 0xf7, 0x00,
    0x00, 0x00, 0x00, 0x04, 0xff, 0xff, 0xf9, 0x00,
    0x00, 0xef, 0xff, 0xfa, 0x00, 0x00, 0x00, 0x00,
    0x00, 0x06, 0xff, 0xff, 0xf1, 0x00, 0x4f, 0xff,
    0xff, 0x10, 0x00, 0x00, 0x00, 0x00, 0x00, 0x0d,
    0xff, 0xff, 0x70, 0x08, 0xff, 0xff, 0xa0, 0x00,
    0x00, 0x00, 0x00, 0x00, 0x00, 0x7f, 0xff, 0xfc,
    0x00, 0xcf, 0xff, 0xf5, 0x00, 0x00, 0x00, 0x00,
    0x00, 0x00, 0x02, 0xff, 0xff, 0xf0, 0x0e, 0xff,
    0xff, 0x10, 0x00, 0x00, 0x00, 0x00, 0x00, 0x00,
    0x0e, 0xff, 0xff, 0x20, 0xff, 0xff, 0xf0, 0x00,
    0x00, 0x00, 0x00, 0x00, 0x00, 0x00, 0xdf, 0xff,
    0xf3, 0x1f, 0xff, 0xfe, 0x00, 0x00, 0x00, 0x00,
    0x00, 0x00, 0x00, 0x0b, 0xff, 0xff, 0x41, 0xff,
    0xff, 0xe0, 0x00, 0x00, 0x00, 0x00, 0x00, 0x00,
    0x00, 0xcf, 0xff, 0xf4, 0x0f, 0xff, 0xff, 0x00,
    0x00, 0x00, 0x00, 0x00, 0x00, 0x00, 0x0d, 0xff,
    0xff, 0x30, 0xef, 0xff, 0xf1, 0x00, 0x00, 0x00,
    0x00, 0x00, 0x00, 0x00, 0xef, 0xff, 0xf2, 0x0c,
    0xff, 0xff, 0x50, 0x00, 0x00, 0x00, 0x00, 0x00,
    0x00, 0x2f, 0xff, 0xff, 0x00, 0x9f, 0xff, 0xfa,
    0x00, 0x00, 0x00, 0x00, 0x00, 0x00, 0x07, 0xff,
    0xff, 0xc0, 0x04, 0xff, 0xff, 0xf1, 0x00, 0x00,
    0x00, 0x00, 0x00, 0x00, 0xdf, 0xff, 0xf7, 0x00,
    0x0e, 0xff, 0xff, 0xa0, 0x00, 0x00, 0x00, 0x00,
    0x00, 0x6f, 0xff, 0xff, 0x10, 0x00, 0x7f, 0xff,
    0xff, 0x70, 0x00, 0x00, 0x00, 0x00, 0x4f, 0xff,
    0xff, 0xa0, 0x00, 0x00, 0xdf, 0xff, 0xff, 0xa1,
    0x00, 0x00, 0x00, 0x7f, 0xff, 0xff, 0xf1, 0x00,
    0x00, 0x02, 0xff, 0xff, 0xff, 0xfb, 0x87, 0x7a,
    0xff, 0xff, 0xff, 0xf5, 0x00, 0x00, 0x00, 0x04,
    0xff, 0xff, 0xff, 0xff, 0xff, 0xff, 0xff, 0xff,
    0xf7, 0x00, 0x00, 0x00, 0x00, 0x03, 0xef, 0xff,
    0xff, 0xff, 0xff, 0xff, 0xff, 0xf5, 0x00, 0x00,
    0x00, 0x00, 0x00, 0x00, 0x8f, 0xff, 0xff, 0xff,
    0xff, 0xff, 0xa1, 0x00, 0x00, 0x00, 0x00, 0x00,
    0x00, 0x00, 0x05, 0xad, 0xff, 0xfd, 0xb6, 0x10,
    0x00, 0x00, 0x00, 0x00,

    /* U+0151 "ő" */
    0x00, 0x00, 0x00, 0x9b, 0xbb, 0x60, 0x06, 0xbb,
    0xba, 0x10, 0x00, 0x00, 0x00, 0x3f, 0xff, 0xf2,
    0x01, 0xff, 0xff, 0x70, 0x00, 0x00, 0x00, 0x09,
    0xff, 0xf9, 0x00, 0x9f, 0xff, 0xb0, 0x00, 0x00,
    0x00, 0x00, 0xef, 0xff, 0x10, 0x2f, 0xff, 0xe1,
    0x00, 0x00, 0x00, 0x00, 0x4f, 0xff, 0x80, 0x0b,
    0xff, 0xf3, 0x00, 0x00, 0x00, 0x00, 0x0a, 0xff,
    0xe0, 0x03, 0xff, 0xf6, 0x00, 0x00, 0x00, 0x00,
    0x00, 0x00, 0x00, 0x00, 0x00, 0x00, 0x00, 0x00,
    0x00, 0x00, 0x00, 0x00, 0x00, 0x00, 0x00, 0x00,
    0x00, 0x00, 0x00, 0x00, 0x00, 0x00, 0x00, 0x00,
    0x00, 0x00, 0x00, 0x00, 0x00, 0x00, 0x00, 0x00,
    0x00, 0x04, 0x9c, 0xff, 0xfd, 0xa4, 0x00, 0x00,
    0x00, 0x00, 0x00, 0x2c, 0xff, 0xff, 0xff, 0xff,
    0xfd, 0x30, 0x00, 0x00, 0x00, 0x4f, 0xff, 0xff,
    0xff, 0xff, 0xff, 0xff, 0x60, 0x00, 0x00, 0x3f,
    0xff, 0xff, 0xff, 0xff, 0xff, 0xff, 0xff, 0x40,
    0x00, 0x0d, 0xff, 0xff, 0xe6, 0x00, 0x05, 0xdf,
    0xff, 0xfe, 0x00, 0x05, 0xff, 0xff, 0xe2, 0x00,
    0x00, 0x01, 0xdf, 0xff, 0xf7, 0x00, 0xbf, 0xff,
    0xf7, 0x00, 0x00, 0x00, 0x04, 0xff, 0xff, 0xd0,
    0x0f, 0xff, 0xff, 0x00, 0x00, 0x00, 0x00, 0x0d,
    0xff, 0xff, 0x23, 0xff, 0xff, 0xc0, 0x00, 0x00,
    0x00, 0x00, 0x9f, 0xff, 0xf5, 0x4f, 0xff, 0xfa,
    0x00, 0x00, 0x00, 0x00, 0x07, 0xff, 0xff, 0x65,
    0xff, 0xff, 0x90, 0x00, 0x00, 0x00, 0x00, 0x6f,
    0xff, 0xf7, 0x4f, 0xff, 0xfa, 0x00, 0x00, 0x00,
    0x00, 0x07, 0xff, 0xff, 0x63, 0xff, 0xff, 0xc0,
    0x00, 0x00, 0x00, 0x00, 0x9f, 0xff, 0xf5, 0x0f,
    0xff, 0xff, 0x00, 0x00, 0x00, 0x00, 0x0d, 0xff,
    0xff, 0x20, 0xbf, 0xff, 0xf7, 0x00, 0x00, 0x00,
    0x04, 0xff, 0xff, 0xe0, 0x05, 0xff, 0xff, 0xe2,
    0x00, 0x00, 0x01, 0xdf, 0xff, 0xf7, 0x00, 0x0d,
    0xff, 0xff, 0xe6, 0x00, 0x05, 0xdf, 0xff, 0xfe,
    0x10, 0x00, 0x3f, 0xff, 0xff, 0xff, 0xff, 0xff,
    0xff, 0xff, 0x40, 0x00, 0x00, 0x4f, 0xff, 0xff,
    0xff, 0xff, 0xff, 0xff, 0x60, 0x00, 0x00, 0x00,
    0x2c, 0xff, 0xff, 0xff, 0xff, 0xfd, 0x30, 0x00,
    0x00, 0x00, 0x00, 0x04, 0x9d, 0xff, 0xfd, 0xa4,
    0x00, 0x00, 0x00,

    /* U+0152 "Œ" */
    0x00, 0x00, 0x00, 0x00, 0x05, 0x9c, 0xef, 0xff,
    0xff, 0xff, 0xff, 0xff, 0xff, 0xff, 0xff, 0xff,
    0xff, 0xf4, 0x00, 0x00, 0x00, 0x07, 0xef, 0xff,
    0xff, 0xff, 0xff, 0xff, 0xff, 0xff, 0xff, 0xff,
    0xff, 0xff, 0xff, 0xf4, 0x00, 0x00, 0x03, 0xdf,
    0xff, 0xff, 0xff, 0xff, 0xff, 0xff, 0xff, 0xff,
    0xff, 0xff, 0xff, 0xff, 0xff, 0xf4, 0x00, 0x00,
    0x3f, 0xff, 0xff, 0xff, 0xff, 0xff, 0xff, 0xff,
    0xff, 0xff, 0xff, 0xff, 0xff, 0xff, 0xff, 0xf4,
    0x00, 0x02, 0xff, 0xff, 0xff, 0xe9, 0x65, 0x44,
    0x4f, 0xff, 0xff, 0x74, 0x44, 0x44, 0x44, 0x44,
    0x44, 0x41, 0x00, 0x0c, 0xff, 0xff, 0xf8, 0x00,
    0x00, 0x00, 0x0b, 0xff, 0xff, 0x40, 0x00, 0x00,
    0x00, 0x00, 0x00, 0x00, 0x00, 0x6f, 0xff, 0xff,
    0x50, 0x00, 0x00, 0x00, 0x0b, 0xff, 0xff, 0x40,
    0x00, 0x00, 0x00, 0x00, 0x00, 0x00, 0x00, 0xdf,
    0xff, 0xf8, 0x00, 0x00, 0x00, 0x00, 0x0b, 0xff,
    0xff, 0x40, 0x00, 0x00, 0x00, 0x00, 0x00, 0x00,
    0x04, 0xff, 0xff, 0xe0, 0x00, 0x00, 0x00, 0x00,
    0x0b, 0xff, 0xff, 0x40, 0x00, 0x00, 0x00, 0x00,
    0x00, 0x00, 0x08, 0xff, 0xff, 0x80, 0x00, 0x00,
    0x00, 0x00, 0x0b, 0xff, 0xff, 0x40, 0x00, 0x00,
    0x00, 0x00, 0x00, 0x00, 0x0c, 0xff, 0xff, 0x30,
    0x00, 0x00, 0x00, 0x00, 0x0b, 0xff, 0xff, 0x40,
    0x00, 0x00, 0x00, 0x00, 0x00, 0x00, 0x0e, 0xff,
    0xff, 0x00, 0x00, 0x00, 0x00, 0x00, 0x0b, 0xff,
    0xff, 0x40, 0x00, 0x00, 0x00, 0x00, 0x00, 0x00,
    0x0f, 0xff, 0xfe, 0x00, 0x00, 0x00, 0x00, 0x00,
    0x0b, 0xff, 0xff, 0xff, 0xff, 0xff, 0xff, 0xff,
    0xff, 0x40, 0x1f, 0xff, 0xfd, 0x00, 0x00, 0x00,
    0x00, 0x00, 0x0b, 0xff, 0xff, 0xff, 0xff, 0xff,
    0xff, 0xff, 0xff, 0x40, 0x1f, 0xff, 0xfd, 0x00,
    0x00, 0x00, 0x00, 0x00, 0x0b, 0xff, 0xff, 0xff,
    0xff, 0xff, 0xff, 0xff, 0xff, 0x40, 0x0f, 0xff,
    0xff, 0x00, 0x00, 0x00, 0x00, 0x00, 0x0b, 0xff,
    0xff, 0xff, 0xff, 0xff, 0xff, 0xff, 0xff, 0x40,
    0x0e, 0xff, 0xff, 0x00, 0x00, 0x00, 0x00, 0x00,
    0x0b, 0xff, 0xff, 0x52, 0x22, 0x22, 0x22, 0x22,
    0x22, 0x00, 0x0c, 0xff, 0xff, 0x40, 0x00, 0x00,
    0x00, 0x00, 0x0b, 0xff, 0xff, 0x40, 0x00, 0x00,
    0x00, 0x00, 0x00, 0x00, 0x08, 0xff, 0xff, 0x90,
    0x00, 0x00, 0x00, 0x00, 0x0b, 0xff, 0xff, 0x40,
    0x00, 0x00, 0x00, 0x00, 0x00, 0x00, 0x04, 0xff,
    0xff, 0xe0, 0x00, 0x00, 0x00, 0x00, 0x0b, 0xff,
    0xff, 0x40, 0x00, 0x00, 0x00, 0x00, 0x00, 0x00,
    0x00, 0xdf, 0xff, 0xf7, 0x00, 0x00, 0x00, 0x00,
    0x0b, 0xff, 0xff, 0x40, 0x00, 0x00, 0x00, 0x00,
    0x00, 0x00, 0x00, 0x6f, 0xff, 0xff, 0x50, 0x00,
    0x00, 0x00, 0x0b, 0xff, 0xff, 0x40, 0x00, 0x00,
    0x00, 0x00, 0x00, 0x00, 0x00, 0x0c, 0xff, 0xff,
    0xf8, 0x00, 0x00, 0x00, 0x0b, 0xff, 0xff, 0x40,
    0x00, 0x00, 0x00, 0x00, 0x00, 0x00, 0x00, 0x02,
    0xef, 0xff, 0xff, 0xe9, 0x64, 0x44, 0x4f, 0xff,
    0xff, 0x74, 0x44, 0x44, 0x44, 0x44, 0x44, 0x41,
    0x00, 0x00, 0x3f, 0xff, 0xff, 0xff, 0xff, 0xff,
    0xff, 0xff, 0xff, 0xff, 0xff, 0xff, 0xff, 0xff,
    0xff, 0xf5, 0x00, 0x00, 0x02, 0xdf, 0xff, 0xff,
    0xff, 0xff, 0xff, 0xff, 0xff, 0xff, 0xff, 0xff,
    0xff, 0xff, 0xff, 0xf5, 0x00, 0x00, 0x00, 0x07,
    0xef, 0xff, 0xff, 0xff, 0xff, 0xff, 0xff, 0xff,
    0xff, 0xff, 0xff, 0xff, 0xff, 0xf5, 0x00, 0x00,
    0x00, 0x00, 0x05, 0x9c, 0xef, 0xff, 0xff, 0xff,
    0xff, 0xff, 0xff, 0xff, 0xff, 0xff, 0xff, 0xf5,

    /* U+0153 "œ" */
    0x00, 0x00, 0x00, 0x49, 0xcf, 0xff, 0xda, 0x40,
    0x00, 0x00, 0x02, 0x8c, 0xef, 0xed, 0x94, 0x00,
    0x00, 0x00, 0x00, 0x00, 0x2c, 0xff, 0xff, 0xff,
    0xff, 0xfd, 0x30, 0x01, 0xaf, 0xff, 0xff, 0xff,
    0xff, 0xd3, 0x00, 0x00, 0x00, 0x04, 0xff, 0xff,
    0xff, 0xff, 0xff, 0xff, 0xf6, 0x2e, 0xff, 0xff,
    0xff, 0xff, 0xff, 0xff, 0x60, 0x00, 0x00, 0x3f,
    0xff, 0xff, 0xff, 0xff, 0xff, 0xff, 0xff, 0xff,
    0xff, 0xff, 0xff, 0xff, 0xff, 0xff, 0xf4, 0x00,
    0x00, 0xdf, 0xff, 0xfe, 0x60, 0x00, 0x5d, 0xff,
    0xff, 0xff, 0xff, 0xe6, 0x00, 0x03, 0xbf, 0xff,
    0xfd, 0x00, 0x05, 0xff, 0xff, 0xe2, 0x00, 0x00,
    0x01, 0xdf, 0xff, 0xff, 0xfe, 0x10, 0x00, 0x00,
    0x0a, 0xff, 0xff, 0x50, 0x0b, 0xff, 0xff, 0x70,
    0x00, 0x00, 0x00, 0x4f, 0xff, 0xff, 0xf4, 0x00,
    0x00, 0x00, 0x01, 0xff, 0xff, 0xa0, 0x0f, 0xff,
    0xff, 0x00, 0x00, 0x00, 0x00, 0x0d, 0xff, 0xff,
    0xf0, 0x00, 0x00, 0x00, 0x00, 0xbf, 0xff, 0xe0,
    0x3f, 0xff, 0xfc, 0x00, 0x00, 0x00, 0x00, 0x0a,
    0xff, 0xff, 0xff, 0xff, 0xff, 0xff, 0xff, 0xff,
    0xff, 0xf0, 0x4f, 0xff, 0xfa, 0x00, 0x00, 0x00,
    0x00, 0x09, 0xff, 0xff, 0xff, 0xff, 0xff, 0xff,
    0xff, 0xff, 0xff, 0xf1, 0x5f, 0xff, 0xf9, 0x00,
    0x00, 0x00, 0x00, 0x08, 0xff, 0xff, 0xff, 0xff,
    0xff, 0xff, 0xff, 0xff, 0xff, 0xf1, 0x4f, 0xff,
    0xfa, 0x00, 0x00, 0x00, 0x00, 0x09, 0xff, 0xff,
    0xf4, 0x44, 0x44, 0x44, 0x44, 0x44, 0x44, 0x40,
    0x3f, 0xff, 0xfc, 0x00, 0x00, 0x00, 0x00, 0x0a,
    0xff, 0xff, 0xf0, 0x00, 0x00, 0x00, 0x00, 0x00,
    0x00, 0x00, 0x0f, 0xff, 0xff, 0x00, 0x00, 0x00,
    0x00, 0x0d, 0xff, 0xff, 0xf0, 0x00, 0x00, 0x00,
    0x00, 0x00, 0x00, 0x00, 0x0b, 0xff, 0xff, 0x70,
    0x00, 0x00, 0x00, 0x4f, 0xff, 0xff, 0xf5, 0x00,
    0x00, 0x00, 0x00, 0x65, 0x20, 0x00, 0x05, 0xff,
    0xff, 0xe2, 0x00, 0x00, 0x01, 0xdf, 0xff, 0xff,
    0xfe, 0x20, 0x00, 0x00, 0x04, 0xff, 0xfe, 0x70,
    0x00, 0xdf, 0xff, 0xfe, 0x60, 0x00, 0x5d, 0xff,
    0xff, 0xff, 0xff, 0xf7, 0x10, 0x01, 0x7f, 0xff,
    0xff, 0x40, 0x00, 0x3f, 0xff, 0xff, 0xff, 0xff,
    0xff, 0xff, 0xff, 0xff, 0xff, 0xff, 0xff, 0xff,
    0xff, 0xff, 0xfb, 0x00, 0x00, 0x04, 0xff, 0xff,
    0xff, 0xff, 0xff, 0xff, 0xf6, 0x2e, 0xff, 0xff,
    0xff, 0xff, 0xff, 0xff, 0xc1, 0x00, 0x00, 0x00,
    0x2c, 0xff, 0xff, 0xff, 0xff, 0xfd, 0x30, 0x01,
    0xaf, 0xff, 0xff, 0xff, 0xff, 0xf8, 0x00, 0x00,
    0x00, 0x00, 0x00, 0x49, 0xdf, 0xff, 0xda, 0x40,
    0x00, 0x00, 0x02, 0x8c, 0xef, 0xfe, 0xb7, 0x10,
    0x00, 0x00,

    /* U+0154 "Ŕ" */
    0x00, 0x00, 0x00, 0x00, 0x00, 0x3f, 0xff, 0xf5,
    0x00, 0x00, 0x00, 0x00, 0x00, 0x00, 0x00, 0x00,
    0xbf, 0xff, 0xa0, 0x00, 0x00, 0x00, 0x00, 0x00,
    0x00, 0x00, 0x02, 0xff, 0xfe, 0x10, 0x00, 0x00,
    0x00, 0x00, 0x00, 0x00, 0x00, 0x09, 0xff, 0xf5,
    0x00, 0x00, 0x00, 0x00, 0x00, 0x00, 0x00, 0x00,
    0x1f, 0xff, 0xb0, 0x00, 0x00, 0x00, 0x00, 0x00,
    0x00, 0x00, 0x00, 0x4b, 0xba, 0x10, 0x00, 0x00,
    0x00, 0x00, 0x00, 0x00, 0x00, 0x00, 0x00, 0x00,
    0x00, 0x00, 0x00, 0x00, 0x00, 0x00, 0x00, 0x00,
    0x00, 0x00, 0x00, 0x00, 0x00, 0x00, 0x00, 0x00,
    0x3f, 0xff, 0xff, 0xff, 0xff, 0xff, 0xec, 0x94,
    0x00, 0x00, 0x00, 0x3f, 0xff, 0xff, 0xff, 0xff,
    0xff, 0xff, 0xff, 0xd3, 0x00, 0x00, 0x3f, 0xff,
    0xff, 0xff, 0xff, 0xff, 0xff, 0xff, 0xff, 0x50,
    0x00, 0x3f, 0xff, 0xff, 0xff, 0xff, 0xff, 0xff,
    0xff, 0xff, 0xf3, 0x00, 0x3f, 0xff, 0xfc, 0x22,
    0x22, 0x24, 0x7d, 0xff, 0xff, 0xfc, 0x00, 0x3f,
    0xff, 0xfb, 0x00, 0x00, 0x00, 0x00, 0x8f, 0xff,
    0xff, 0x30, 0x3f, 0xff, 0xfb, 0x00, 0x00, 0x00,
    0x00, 0x0c, 0xff, 0xff, 0x80, 0x3f, 0xff, 0xfb,
    0x00, 0x00, 0x00, 0x00, 0x06, 0xff, 0xff, 0xb0,
    0x3f, 0xff, 0xfb, 0x00, 0x00, 0x00, 0x00, 0x04,
    0xff, 0xff, 0xd0, 0x3f, 0xff, 0xfb, 0x00, 0x00,
    0x00, 0x00, 0x03, 0xff, 0xff, 0xd0, 0x3f, 0xff,
    0xfb, 0x00, 0x00, 0x00, 0x00, 0x06, 0xff, 0xff,
    0xc0, 0x3f, 0xff, 0xfb, 0x00, 0x00, 0x00, 0x00,
    0x0b, 0xff, 0xff, 0x90, 0x3f, 0xff, 0xfb, 0x00,
    0x00, 0x00, 0x00, 0x6f, 0xff, 0xff, 0x40, 0x3f,
    0xff, 0xfd, 0x11, 0x11, 0x12, 0x5b, 0xff, 0xff,
    0xfd, 0x00, 0x3f, 0xff, 0xff, 0xff, 0xff, 0xff,
    0xff, 0xff, 0xff, 0xf4, 0x00, 0x3f, 0xff, 0xff,
    0xff, 0xff, 0xff, 0xff, 0xff, 0xff, 0x60, 0x00,
    0x3f, 0xff, 0xff, 0xff, 0xff, 0xff, 0xff, 0xff,
    0xd4, 0x00, 0x00, 0x3f, 0xff, 0xff, 0xff, 0xff,
    0xff, 0xff, 0xff, 0x10, 0x00, 0x00, 0x3f, 0xff,
    0xfb, 0x00, 0x00, 0x0d, 0xff, 0xff, 0xa0, 0x00,
    0x00, 0x3f, 0xff, 0xfb, 0x00, 0x00, 0x04, 0xff,
    0xff, 0xf2, 0x00, 0x00, 0x3f, 0xff, 0xfb, 0x00,
    0x00, 0x00, 0xbf, 0xff, 0xfb, 0x00, 0x00, 0x3f,
    0xff, 0xfb, 0x00, 0x00, 0x00, 0x3f, 0xff, 0xff,
    0x40, 0x00, 0x3f, 0xff, 0xfb, 0x00, 0x00, 0x00,
    0x0a, 0xff, 0xff, 0xd0, 0x00, 0x3f, 0xff, 0xfb,
    0x00, 0x00, 0x00, 0x02, 0xff, 0xff, 0xf6, 0x00,
    0x3f, 0xff, 0xfb, 0x00, 0x00, 0x00, 0x00, 0x9f,
    0xff, 0xfe, 0x00, 0x3f, 0xff, 0xfb, 0x00, 0x00,
    0x00, 0x00, 0x1f, 0xff, 0xff, 0x70, 0x3f, 0xff,
    0xfb, 0x00, 0x00, 0x00, 0x00, 0x07, 0xff, 0xff,
    0xf1, 0x3f, 0xff, 0xfb, 0x00, 0x00, 0x00, 0x00,
    0x00, 0xef, 0xff, 0xf9,

    /* U+0155 "ŕ" */
    0x00, 0x00, 0x00, 0x3f, 0xff, 0xf6, 0x00, 0x00,
    0x00, 0x0a, 0xff, 0xfb, 0x00, 0x00, 0x00, 0x01,
    0xff, 0xff, 0x10, 0x00, 0x00, 0x00, 0x8f, 0xff,
    0x60, 0x00, 0x00, 0x00, 0x0f, 0xff, 0xb0, 0x00,
    0x00, 0x00, 0x04, 0xbb, 0xa2, 0x00, 0x00, 0x00,
    0x00, 0x00, 0x00, 0x00, 0x00, 0x00, 0x00, 0x00,
    0x00, 0x00, 0x00, 0x00, 0x7f, 0xff, 0xf3, 0x01,
    0x9d, 0xff, 0x57, 0xff, 0xff, 0x33, 0xef, 0xff,
    0xf5, 0x7f, 0xff, 0xf4, 0xef, 0xff, 0xff, 0x57,
    0xff, 0xff, 0xbf, 0xff, 0xff, 0xf5, 0x7f, 0xff,
    0xff, 0xfe, 0x96, 0x56, 0x27, 0xff, 0xff, 0xfc,
    0x10, 0x00, 0x00, 0x7f, 0xff, 0xfe, 0x10, 0x00,
    0x00, 0x07, 0xff, 0xff, 0x90, 0x00, 0x00, 0x00,
    0x7f, 0xff, 0xf6, 0x00, 0x00, 0x00, 0x07, 0xff,
    0xff, 0x60, 0x00, 0x00, 0x00, 0x7f, 0xff, 0xf6,
    0x00, 0x00, 0x00, 0x07, 0xff, 0xff, 0x60, 0x00,
    0x00, 0x00, 0x7f, 0xff, 0xf6, 0x00, 0x00, 0x00,
    0x07, 0xff, 0xff, 0x60, 0x00, 0x00, 0x00, 0x7f,
    0xff, 0xf6, 0x00, 0x00, 0x00, 0x07, 0xff, 0xff,
    0x60, 0x00, 0x00, 0x00, 0x7f, 0xff, 0xf6, 0x00,
    0x00, 0x00, 0x07, 0xff, 0xff, 0x60, 0x00, 0x00,
    0x00, 0x7f, 0xff, 0xf6, 0x00, 0x00, 0x00, 0x07,
    0xff, 0xff, 0x60, 0x00, 0x00, 0x00, 0x7f, 0xff,
    0xf6, 0x00, 0x00, 0x00, 0x00,

    /* U+0156 "Ŗ" */
    0x3f, 0xff, 0xff, 0xff, 0xff, 0xff, 0xec, 0x94,
    0x00, 0x00, 0x00, 0x3f, 0xff, 0xff, 0xff, 0xff,
    0xff, 0xff, 0xff, 0xd3, 0x00, 0x00, 0x3f, 0xff,
    0xff, 0xff, 0xff, 0xff, 0xff, 0xff, 0xff, 0x50,
    0x00, 0x3f, 0xff, 0xff, 0xff, 0xff, 0xff, 0xff,
    0xff, 0xff, 0xf3, 0x00, 0x3f, 0xff, 0xfc, 0x22,
    0x22, 0x24, 0x7d, 0xff, 0xff, 0xfc, 0x00, 0x3f,
    0xff, 0xfb, 0x00, 0x00, 0x00, 0x00, 0x8f, 0xff,
    0xff, 0x30, 0x3f, 0xff, 0xfb, 0x00, 0x00, 0x00,
    0x00, 0x0c, 0xff, 0xff, 0x80, 0x3f, 0xff, 0xfb,
    0x00, 0x00, 0x00, 0x00, 0x06, 0xff, 0xff, 0xb0,
    0x3f, 0xff, 0xfb, 0x00, 0x00, 0x00, 0x00, 0x04,
    0xff, 0xff, 0xd0, 0x3f, 0xff, 0xfb, 0x00, 0x00,
    0x00, 0x00, 0x03, 0xff, 0xff, 0xd0, 0x3f, 0xff,
    0xfb, 0x00, 0x00, 0x00, 0x00, 0x06, 0xff, 0xff,
    0xc0, 0x3f, 0xff, 0xfb, 0x00, 0x00, 0x00, 0x00,
    0x0b, 0xff, 0xff, 0x90, 0x3f, 0xff, 0xfb, 0x00,
    0x00, 0x00, 0x00, 0x6f, 0xff, 0xff, 0x40, 0x3f,
    0xff, 0xfd, 0x11, 0x11, 0x12, 0x5b, 0xff, 0xff,
    0xfd, 0x00, 0x3f, 0xff, 0xff, 0xff, 0xff, 0xff,
    0xff, 0xff, 0xff, 0xf4, 0x00, 0x3f, 0xff, 0xff,
    0xff, 0xff, 0xff, 0xff, 0xff, 0xff, 0x60, 0x00,
    0x3f, 0xff, 0xff, 0xff, 0xff, 0xff, 0xff, 0xff,
    0xd4, 0x00, 0x00, 0x3f, 0xff, 0xff, 0xff, 0xff,
    0xff, 0xff, 0xff, 0x10, 0x00, 0x00, 0x3f, 0xff,
    0xfb, 0x00, 0x00, 0x0d, 0xff, 0xff, 0xa0, 0x00,
    0x00, 0x3f, 0xff, 0xfb, 0x00, 0x00, 0x04, 0xff,
    0xff, 0xf2, 0x00, 0x00, 0x3f, 0xff, 0xfb, 0x00,
    0x00, 0x00, 0xbf, 0xff, 0xfb, 0x00, 0x00, 0x3f,
    0xff, 0xfb, 0x00, 0x00, 0x00, 0x3f, 0xff, 0xff,
    0x40, 0x00, 0x3f, 0xff, 0xfb, 0x00, 0x00, 0x00,
    0x0a, 0xff, 0xff, 0xd0, 0x00, 0x3f, 0xff, 0xfb,
    0x00, 0x00, 0x00, 0x02, 0xff, 0xff, 0xf6, 0x00,
    0x3f, 0xff, 0xfb, 0x00, 0x00, 0x00, 0x00, 0x9f,
    0xff, 0xfe, 0x00, 0x3f, 0xff, 0xfb, 0x00, 0x00,
    0x00, 0x00, 0x1f, 0xff, 0xff, 0x70, 0x3f, 0xff,
    0xfb, 0x00, 0x00, 0x00, 0x00, 0x07, 0xff, 0xff,
    0xf1, 0x3f, 0xff, 0xfb, 0x00, 0x00, 0x00, 0x00,
    0x00, 0xef, 0xff, 0xf9, 0x00, 0x00, 0x00, 0x00,
    0x00, 0x00, 0x00, 0x00, 0x00, 0x00, 0x00, 0x00,
    0x00, 0x00, 0x00, 0x00, 0x00, 0x00, 0x00, 0x00,
    0x00, 0x00, 0x00, 0x00, 0x00, 0x00, 0x8c, 0xcc,
    0xa0, 0x00, 0x00, 0x00, 0x00, 0x00, 0x00, 0x00,
    0x00, 0xef, 0xff, 0x70, 0x00, 0x00, 0x00, 0x00,
    0x00, 0x00, 0x00, 0x02, 0xff, 0xff, 0x10, 0x00,
    0x00, 0x00, 0x00, 0x00, 0x00, 0x00, 0x05, 0xff,
    0xfa, 0x00, 0x00, 0x00, 0x00, 0x00, 0x00, 0x00,
    0x00, 0x09, 0xff, 0xf4, 0x00, 0x00, 0x00, 0x00,
    0x00, 0x00, 0x00, 0x00, 0x0d, 0xff, 0xd0, 0x00,
    0x00, 0x00, 0x00, 0x00, 0x00, 0x00, 0x00, 0x1f,
    0xff, 0x70, 0x00, 0x00, 0x00, 0x00, 0x00,

    /* U+0157 "ŗ" */
    0x07, 0xff, 0xff, 0x30, 0x19, 0xdf, 0xf5, 0x07,
    0xff, 0xff, 0x33, 0xef, 0xff, 0xf5, 0x07, 0xff,
    0xff, 0x4e, 0xff, 0xff, 0xf5, 0x07, 0xff, 0xff,
    0xbf, 0xff, 0xff, 0xf5, 0x07, 0xff, 0xff, 0xff,
    0xe9, 0x65, 0x62, 0x07, 0xff, 0xff, 0xfc, 0x10,
    0x00, 0x00, 0x07, 0xff, 0xff, 0xe1, 0x00, 0x00,
    0x00, 0x07, 0xff, 0xff, 0x90, 0x00, 0x00, 0x00,
    0x07, 0xff, 0xff, 0x60, 0x00, 0x00, 0x00, 0x07,
    0xff, 0xff, 0x60, 0x00, 0x00, 0x00, 0x07, 0xff,
    0xff, 0x60, 0x00, 0x00, 0x00, 0x07, 0xff, 0xff,
    0x60, 0x00, 0x00, 0x00, 0x07, 0xff, 0xff, 0x60,
    0x00, 0x00, 0x00, 0x07, 0xff, 0xff, 0x60, 0x00,
    0x00, 0x00, 0x07, 0xff, 0xff, 0x60, 0x00, 0x00,
    0x00, 0x07, 0xff, 0xff, 0x60, 0x00, 0x00, 0x00,
    0x07, 0xff, 0xff, 0x60, 0x00, 0x00, 0x00, 0x07,
    0xff, 0xff, 0x60, 0x00, 0x00, 0x00, 0x07, 0xff,
    0xff, 0x60, 0x00, 0x00, 0x00, 0x07, 0xff, 0xff,
    0x60, 0x00, 0x00, 0x00, 0x07, 0xff, 0xff, 0x60,
    0x00, 0x00, 0x00, 0x00, 0x00, 0x00, 0x00, 0x00,
    0x00, 0x00, 0x00, 0x00, 0x00, 0x00, 0x00, 0x00,
    0x00, 0x05, 0xcc, 0xcc, 0x10, 0x00, 0x00, 0x00,
    0x09, 0xff, 0xfc, 0x00, 0x00, 0x00, 0x00, 0x0d,
    0xff, 0xf5, 0x00, 0x00, 0x00, 0x00, 0x1f, 0xff,
    0xe0, 0x00, 0x00, 0x00, 0x00, 0x5f, 0xff, 0x80,
    0x00, 0x00, 0x00, 0x00, 0x9f, 0xff, 0x20, 0x00,
    0x00, 0x00, 0x00, 0xcf, 0xfb, 0x00, 0x00, 0x00,
    0x00, 0x00,

    /* U+0158 "Ř" */
    0x00, 0x04, 0xff, 0xfe, 0x10, 0x00, 0x8f, 0xff,
    0xd0, 0x00, 0x00, 0x00, 0x00, 0x6f, 0xff, 0xc0,
    0x05, 0xff, 0xfd, 0x10, 0x00, 0x00, 0x00, 0x00,
    0x07, 0xff, 0xfa, 0x3f, 0xff, 0xe1, 0x00, 0x00,
    0x00, 0x00, 0x00, 0x00, 0x8f, 0xff, 0xff, 0xfe,
    0x20, 0x00, 0x00, 0x00, 0x00, 0x00, 0x00, 0x0a,
    0xff, 0xff, 0xe2, 0x00, 0x00, 0x00, 0x00, 0x00,
    0x00, 0x00, 0x00, 0x78, 0x88, 0x30, 0x00, 0x00,
    0x00, 0x00, 0x00, 0x00, 0x00, 0x00, 0x00, 0x00,
    0x00, 0x00, 0x00, 0x00, 0x00, 0x00, 0x00, 0x00,
    0x00, 0x00, 0x00, 0x00, 0x00, 0x00, 0x00, 0x00,
    0x3f, 0xff, 0xff, 0xff, 0xff, 0xff, 0xec, 0x94,
    0x00, 0x00, 0x00, 0x3f, 0xff, 0xff, 0xff, 0xff,
    0xff, 0xff, 0xff, 0xd3, 0x00, 0x00, 0x3f, 0xff,
    0xff, 0xff, 0xff, 0xff, 0xff, 0xff, 0xff, 0x50,
    0x00, 0x3f, 0xff, 0xff, 0xff, 0xff, 0xff, 0xff,
    0xff, 0xff, 0xf3, 0x00, 0x3f, 0xff, 0xfc, 0x22,
    0x22, 0x24, 0x7d, 0xff, 0xff, 0xfc, 0x00, 0x3f,
    0xff, 0xfb, 0x00, 0x00, 0x00, 0x00, 0x8f, 0xff,
    0xff, 0x30, 0x3f, 0xff, 0xfb, 0x00, 0x00, 0x00,
    0x00, 0x0c, 0xff, 0xff, 0x80, 0x3f, 0xff, 0xfb,
    0x00, 0x00, 0x00, 0x00, 0x06, 0xff, 0xff, 0xb0,
    0x3f, 0xff, 0xfb, 0x00, 0x00, 0x00, 0x00, 0x04,
    0xff, 0xff, 0xd0, 0x3f, 0xff, 0xfb, 0x00, 0x00,
    0x00, 0x00, 0x03, 0xff, 0xff, 0xd0, 0x3f, 0xff,
    0xfb, 0x00, 0x00, 0x00, 0x00, 0x06, 0xff, 0xff,
    0xc0, 0x3f, 0xff, 0xfb, 0x00, 0x00, 0x00, 0x00,
    0x0b, 0xff, 0xff, 0x90, 0x3f, 0xff, 0xfb, 0x00,
    0x00, 0x00, 0x00, 0x6f, 0xff, 0xff, 0x40, 0x3f,
    0xff, 0xfd, 0x11, 0x11, 0x12, 0x5b, 0xff, 0xff,
    0xfd, 0x00, 0x3f, 0xff, 0xff, 0xff, 0xff, 0xff,
    0xff, 0xff, 0xff, 0xf4, 0x00, 0x3f, 0xff, 0xff,
    0xff, 0xff, 0xff, 0xff, 0xff, 0xff, 0x60, 0x00,
    0x3f, 0xff, 0xff, 0xff, 0xff, 0xff, 0xff, 0xff,
    0xd4, 0x00, 0x00, 0x3f, 0xff, 0xff, 0xff, 0xff,
    0xff, 0xff, 0xff, 0x10, 0x00, 0x00, 0x3f, 0xff,
    0xfb, 0x00, 0x00, 0x0d, 0xff, 0xff, 0xa0, 0x00,
    0x00, 0x3f, 0xff, 0xfb, 0x00, 0x00, 0x04, 0xff,
    0xff, 0xf2, 0x00, 0x00, 0x3f, 0xff, 0xfb, 0x00,
    0x00, 0x00, 0xbf, 0xff, 0xfb, 0x00, 0x00, 0x3f,
    0xff, 0xfb, 0x00, 0x00, 0x00, 0x3f, 0xff, 0xff,
    0x40, 0x00, 0x3f, 0xff, 0xfb, 0x00, 0x00, 0x00,
    0x0a, 0xff, 0xff, 0xd0, 0x00, 0x3f, 0xff, 0xfb,
    0x00, 0x00, 0x00, 0x02, 0xff, 0xff, 0xf6, 0x00,
    0x3f, 0xff, 0xfb, 0x00, 0x00, 0x00, 0x00, 0x9f,
    0xff, 0xfe, 0x00, 0x3f, 0xff, 0xfb, 0x00, 0x00,
    0x00, 0x00, 0x1f, 0xff, 0xff, 0x70, 0x3f, 0xff,
    0xfb, 0x00, 0x00, 0x00, 0x00, 0x07, 0xff, 0xff,
    0xf1, 0x3f, 0xff, 0xfb, 0x00, 0x00, 0x00, 0x00,
    0x00, 0xef, 0xff, 0xf9,

    /* U+0159 "ř" */
    0x4f, 0xff, 0xe2, 0x00, 0x07, 0xff, 0xfd, 0x10,
    0x5f, 0xff, 0xd0, 0x04, 0xff, 0xfe, 0x10, 0x00,
    0x6f, 0xff, 0xb2, 0xff, 0xfe, 0x20, 0x00, 0x00,
    0x7f, 0xff, 0xff, 0xff, 0x30, 0x00, 0x00, 0x00,
    0x9f, 0xff, 0xff, 0x30, 0x00, 0x00, 0x00, 0x00,
    0x68, 0x88, 0x30, 0x00, 0x00, 0x00, 0x00, 0x00,
    0x00, 0x00, 0x00, 0x00, 0x00, 0x00, 0x00, 0x00,
    0x00, 0x00, 0x00, 0x00, 0x07, 0xff, 0xff, 0x30,
    0x19, 0xdf, 0xf5, 0x00, 0x7f, 0xff, 0xf3, 0x3e,
    0xff, 0xff, 0x50, 0x07, 0xff, 0xff, 0x4e, 0xff,
    0xff, 0xf5, 0x00, 0x7f, 0xff, 0xfb, 0xff, 0xff,
    0xff, 0x50, 0x07, 0xff, 0xff, 0xff, 0xe9, 0x65,
    0x62, 0x00, 0x7f, 0xff, 0xff, 0xc1, 0x00, 0x00,
    0x00, 0x07, 0xff, 0xff, 0xe1, 0x00, 0x00, 0x00,
    0x00, 0x7f, 0xff, 0xf9, 0x00, 0x00, 0x00, 0x00,
    0x07, 0xff, 0xff, 0x60, 0x00, 0x00, 0x00, 0x00,
    0x7f, 0xff, 0xf6, 0x00, 0x00, 0x00, 0x00, 0x07,
    0xff, 0xff, 0x60, 0x00, 0x00, 0x00, 0x00, 0x7f,
    0xff, 0xf6, 0x00, 0x00, 0x00, 0x00, 0x07, 0xff,
    0xff, 0x60, 0x00, 0x00, 0x00, 0x00, 0x7f, 0xff,
    0xf6, 0x00, 0x00, 0x00, 0x00, 0x07, 0xff, 0xff,
    0x60, 0x00, 0x00, 0x00, 0x00, 0x7f, 0xff, 0xf6,
    0x00, 0x00, 0x00, 0x00, 0x07, 0xff, 0xff, 0x60,
    0x00, 0x00, 0x00, 0x00, 0x7f, 0xff, 0xf6, 0x00,
    0x00, 0x00, 0x00, 0x07, 0xff, 0xff, 0x60, 0x00,
    0x00, 0x00, 0x00, 0x7f, 0xff, 0xf6, 0x00, 0x00,
    0x00, 0x00, 0x07, 0xff, 0xff, 0x60, 0x00, 0x00,
    0x00, 0x00,

    /* U+015A "Ś" */
    0x00, 0x00, 0x00, 0x00, 0x00, 0x00, 0xab, 0xbb,
    0x60, 0x00, 0x00, 0x00, 0x00, 0x00, 0x00, 0x00,
    0x06, 0xff, 0xfe, 0x10, 0x00, 0x00, 0x00, 0x00,
    0x00, 0x00, 0x00, 0x0d, 0xff, 0xf5, 0x00, 0x00,
    0x00, 0x00, 0x00, 0x00, 0x00, 0x00, 0x5f, 0xff,
    0xb0, 0x00, 0x00, 0x00, 0x00, 0x00, 0x00, 0x00,
    0x00, 0xcf, 0xfe, 0x10, 0x00, 0x00, 0x00, 0x00,
    0x00, 0x00, 0x00, 0x03, 0xff, 0xf6, 0x00, 0x00,
    0x00, 0x00, 0x00, 0x00, 0x00, 0x00, 0x00, 0x00,
    0x00, 0x00, 0x00, 0x00, 0x00, 0x00, 0x00, 0x00,
    0x00, 0x00, 0x00, 0x00, 0x00, 0x00, 0x00, 0x00,
    0x00, 0x00, 0x00, 0x00, 0x00, 0x00, 0x00, 0x00,
    0x00, 0x00, 0x00, 0x00, 0x00, 0x00, 0x05, 0xac,
    0xef, 0xfd, 0xb7, 0x10, 0x00, 0x00, 0x00, 0x00,
    0x07, 0xff, 0xff, 0xff, 0xff, 0xff, 0xf8, 0x00,
    0x00, 0x00, 0x01, 0xdf, 0xff, 0xff, 0xff, 0xff,
    0xff, 0xff, 0xe2, 0x00, 0x00, 0x0c, 0xff, 0xff,
    0xff, 0xff, 0xff, 0xff, 0xff, 0xfd, 0x10, 0x00,
    0x9f, 0xff, 0xff, 0xd7, 0x43, 0x57, 0xdf, 0xff,
    0xff, 0xa0, 0x01, 0xff, 0xff, 0xf9, 0x00, 0x00,
    0x00, 0x06, 0xff, 0xff, 0xf2, 0x04, 0xff, 0xff,
    0xd0, 0x00, 0x00, 0x00, 0x00, 0xaf, 0xff, 0xf6,
    0x06, 0xff, 0xff, 0x90, 0x00, 0x00, 0x00, 0x00,
    0x4d, 0xdd, 0xd7, 0x06, 0xff, 0xff, 0xa0, 0x00,
    0x00, 0x00, 0x00, 0x00, 0x00, 0x00, 0x04, 0xff,
    0xff, 0xf3, 0x00, 0x00, 0x00, 0x00, 0x00, 0x00,
    0x00, 0x00, 0xff, 0xff, 0xff, 0x71, 0x00, 0x00,
    0x00, 0x00, 0x00, 0x00, 0x00, 0x7f, 0xff, 0xff,
    0xff, 0xb6, 0x20, 0x00, 0x00, 0x00, 0x00, 0x00,
    0x0a, 0xff, 0xff, 0xff, 0xff, 0xfe, 0x94, 0x00,
    0x00, 0x00, 0x00, 0x00, 0x6f, 0xff, 0xff, 0xff,
    0xff, 0xff, 0xe8, 0x10, 0x00, 0x00, 0x00, 0x01,
    0x7d, 0xff, 0xff, 0xff, 0xff, 0xff, 0xe4, 0x00,
    0x00, 0x00, 0x00, 0x00, 0x27, 0xbf, 0xff, 0xff,
    0xff, 0xff, 0x40, 0x00, 0x00, 0x00, 0x00, 0x00,
    0x00, 0x38, 0xef, 0xff, 0xff, 0xe1, 0x00, 0x00,
    0x00, 0x00, 0x00, 0x00, 0x00, 0x06, 0xff, 0xff,
    0xf7, 0x00, 0x00, 0x00, 0x00, 0x00, 0x00, 0x00,
    0x00, 0x6f, 0xff, 0xfc, 0x17, 0x77, 0x74, 0x00,
    0x00, 0x00, 0x00, 0x00, 0x0f, 0xff, 0xfe, 0x2f,
    0xff, 0xfd, 0x00, 0x00, 0x00, 0x00, 0x00, 0x1f,
    0xff, 0xfe, 0x0f, 0xff, 0xff, 0x50, 0x00, 0x00,
    0x00, 0x00, 0x7f, 0xff, 0xfc, 0x0a, 0xff, 0xff,
    0xf4, 0x00, 0x00, 0x00, 0x06, 0xff, 0xff, 0xf8,
    0x02, 0xff, 0xff, 0xff, 0xc7, 0x43, 0x47, 0xdf,
    0xff, 0xff, 0xf1, 0x00, 0x7f, 0xff, 0xff, 0xff,
    0xff, 0xff, 0xff, 0xff, 0xff, 0x60, 0x00, 0x08,
    0xff, 0xff, 0xff, 0xff, 0xff, 0xff, 0xff, 0xf7,
    0x00, 0x00, 0x00, 0x4c, 0xff, 0xff, 0xff, 0xff,
    0xff, 0xfc, 0x30, 0x00, 0x00, 0x00, 0x00, 0x37,
    0xbd, 0xef, 0xfe, 0xb8, 0x30, 0x00, 0x00,

    /* U+015B "ś" */
    0x00, 0x00, 0x00, 0x00, 0x00, 0x9b, 0xbb, 0x80,
    0x00, 0x00, 0x00, 0x00, 0x00, 0x00, 0x3f, 0xff,
    0xf3, 0x00, 0x00, 0x00, 0x00, 0x00, 0x00, 0x0b,
    0xff, 0xf8, 0x00, 0x00, 0x00, 0x00, 0x00, 0x00,
    0x02, 0xff, 0xfd, 0x00, 0x00, 0x00, 0x00, 0x00,
    0x00, 0x00, 0x9f, 0xff, 0x30, 0x00, 0x00, 0x00,
    0x00, 0x00, 0x00, 0x1f, 0xff, 0x90, 0x00, 0x00,
    0x00, 0x00, 0x00, 0x00, 0x00, 0x00, 0x00, 0x00,
    0x00, 0x00, 0x00, 0x00, 0x00, 0x00, 0x00, 0x00,
    0x00, 0x00, 0x00, 0x00, 0x00, 0x00, 0x00, 0x00,
    0x00, 0x00, 0x00, 0x00, 0x00, 0x00, 0x00, 0x00,
    0x49, 0xde, 0xfe, 0xda, 0x50, 0x00, 0x00, 0x00,
    0x04, 0xdf, 0xff, 0xff, 0xff, 0xff, 0xd4, 0x00,
    0x00, 0x05, 0xff, 0xff, 0xff, 0xff, 0xff, 0xff,
    0xf5, 0x00, 0x02, 0xff, 0xff, 0xff, 0xba, 0xbe,
    0xff, 0xff, 0xf1, 0x00, 0x8f, 0xff, 0xfb, 0x10,
    0x00, 0x09, 0xff, 0xff, 0x80, 0x0b, 0xff, 0xff,
    0x10, 0x00, 0x00, 0x0c, 0xeb, 0x84, 0x00, 0xcf,
    0xff, 0xf2, 0x00, 0x00, 0x00, 0x00, 0x00, 0x00,
    0x09, 0xff, 0xff, 0xc2, 0x00, 0x00, 0x00, 0x00,
    0x00, 0x00, 0x4f, 0xff, 0xff, 0xfc, 0x95, 0x20,
    0x00, 0x00, 0x00, 0x00, 0x9f, 0xff, 0xff, 0xff,
    0xff, 0xea, 0x50, 0x00, 0x00, 0x00, 0x7f, 0xff,
    0xff, 0xff, 0xff, 0xff, 0xe4, 0x00, 0x00, 0x00,
    0x16, 0xbe, 0xff, 0xff, 0xff, 0xff, 0xf4, 0x00,
    0x00, 0x00, 0x00, 0x02, 0x58, 0xdf, 0xff, 0xff,
    0xe0, 0x00, 0x00, 0x00, 0x00, 0x00, 0x00, 0x6f,
    0xff, 0xff, 0x30, 0x02, 0x58, 0x20, 0x00, 0x00,
    0x00, 0xbf, 0xff, 0xf4, 0x3f, 0xff, 0xfa, 0x00,
    0x00, 0x00, 0x0c, 0xff, 0xff, 0x30, 0xef, 0xff,
    0xf9, 0x10, 0x00, 0x18, 0xff, 0xff, 0xe0, 0x06,
    0xff, 0xff, 0xff, 0xcb, 0xcf, 0xff, 0xff, 0xf6,
    0x00, 0x0a, 0xff, 0xff, 0xff, 0xff, 0xff, 0xff,
    0xf8, 0x00, 0x00, 0x07, 0xef, 0xff, 0xff, 0xff,
    0xff, 0xe6, 0x00, 0x00, 0x00, 0x00, 0x6a, 0xde,
    0xfe, 0xd9, 0x50, 0x00, 0x00,

    /* U+015C "Ŝ" */
    0x00, 0x00, 0x00, 0x00, 0x06, 0x88, 0x84, 0x00,
    0x00, 0x00, 0x00, 0x00, 0x00, 0x00, 0x00, 0x8f,
    0xff, 0xff, 0x40, 0x00, 0x00, 0x00, 0x00, 0x00,
    0x00, 0x07, 0xff, 0xff, 0xff, 0xf3, 0x00, 0x00,
    0x00, 0x00, 0x00, 0x00, 0x6f, 0xff, 0xc2, 0xef,
    0xfe, 0x20, 0x00, 0x00, 0x00, 0x00, 0x05, 0xff,
    0xfd, 0x10, 0x4f, 0xff, 0xd1, 0x00, 0x00, 0x00,
    0x00, 0x4f, 0xff, 0xf2, 0x00, 0x06, 0xff, 0xfc,
    0x00, 0x00, 0x00, 0x00, 0x00, 0x00, 0x00, 0x00,
    0x00, 0x00, 0x00, 0x00, 0x00, 0x00, 0x00, 0x00,
    0x00, 0x00, 0x00, 0x00, 0x00, 0x00, 0x00, 0x00,
    0x00, 0x00, 0x00, 0x00, 0x00, 0x00, 0x00, 0x00,
    0x00, 0x00, 0x00, 0x00, 0x00, 0x00, 0x05, 0xac,
    0xef, 0xfd, 0xb7, 0x10, 0x00, 0x00, 0x00, 0x00,
    0x07, 0xff, 0xff, 0xff, 0xff, 0xff, 0xf8, 0x00,
    0x00, 0x00, 0x01, 0xdf, 0xff, 0xff, 0xff, 0xff,
    0xff, 0xff, 0xe2, 0x00, 0x00, 0x0c, 0xff, 0xff,
    0xff, 0xff, 0xff, 0xff, 0xff, 0xfd, 0x10, 0x00,
    0x9f, 0xff, 0xff, 0xd7, 0x43, 0x57, 0xdf, 0xff,
    0xff, 0xa0, 0x01, 0xff, 0xff, 0xf9, 0x00, 0x00,
    0x00, 0x06, 0xff, 0xff, 0xf2, 0x04, 0xff, 0xff,
    0xd0, 0x00, 0x00, 0x00, 0x00, 0xaf, 0xff, 0xf6,
    0x06, 0xff, 0xff, 0x90, 0x00, 0x00, 0x00, 0x00,
    0x4d, 0xdd, 0xd7, 0x06, 0xff, 0xff, 0xa0, 0x00,
    0x00, 0x00, 0x00, 0x00, 0x00, 0x00, 0x04, 0xff,
    0xff, 0xf3, 0x00, 0x00, 0x00, 0x00, 0x00, 0x00,
    0x00, 0x00, 0xff, 0xff, 0xff, 0x71, 0x00, 0x00,
    0x00, 0x00, 0x00, 0x00, 0x00, 0x7f, 0xff, 0xff,
    0xff, 0xb6, 0x20, 0x00, 0x00, 0x00, 0x00, 0x00,
    0x0a, 0xff, 0xff, 0xff, 0xff, 0xfe, 0x94, 0x00,
    0x00, 0x00, 0x00, 0x00, 0x6f, 0xff, 0xff, 0xff,
    0xff, 0xff, 0xe8, 0x10, 0x00, 0x00, 0x00, 0x01,
    0x7d, 0xff, 0xff, 0xff, 0xff, 0xff, 0xe4, 0x00,
    0x00, 0x00, 0x00, 0x00, 0x27, 0xbf, 0xff, 0xff,
    0xff, 0xff, 0x40, 0x00, 0x00, 0x00, 0x00, 0x00,
    0x00, 0x38, 0xef, 0xff, 0xff, 0xe1, 0x00, 0x00,
    0x00, 0x00, 0x00, 0x00, 0x00, 0x06, 0xff, 0xff,
    0xf7, 0x00, 0x00, 0x00, 0x00, 0x00, 0x00, 0x00,
    0x00, 0x6f, 0xff, 0xfc, 0x17, 0x77, 0x74, 0x00,
    0x00, 0x00, 0x00, 0x00, 0x0f, 0xff, 0xfe, 0x2f,
    0xff, 0xfd, 0x00, 0x00, 0x00, 0x00, 0x00, 0x1f,
    0xff, 0xfe, 0x0f, 0xff, 0xff, 0x50, 0x00, 0x00,
    0x00, 0x00, 0x7f, 0xff, 0xfc, 0x0a, 0xff, 0xff,
    0xf4, 0x00, 0x00, 0x00, 0x06, 0xff, 0xff, 0xf8,
    0x02, 0xff, 0xff, 0xff, 0xc7, 0x43, 0x47, 0xdf,
    0xff, 0xff, 0xf1, 0x00, 0x7f, 0xff, 0xff, 0xff,
    0xff, 0xff, 0xff, 0xff, 0xff, 0x60, 0x00, 0x08,
    0xff, 0xff, 0xff, 0xff, 0xff, 0xff, 0xff, 0xf7,
    0x00, 0x00, 0x00, 0x4c, 0xff, 0xff, 0xff, 0xff,
    0xff, 0xfc, 0x30, 0x00, 0x00, 0x00, 0x00, 0x37,
    0xbd, 0xef, 0xfe, 0xb8, 0x30, 0x00, 0x00,

    /* U+015D "ŝ" */
    0x00, 0x00, 0x00, 0x05, 0x88, 0x85, 0x00, 0x00,
    0x00, 0x00, 0x00, 0x00, 0x05, 0xff, 0xff, 0xf6,
    0x00, 0x00, 0x00, 0x00, 0x00, 0x04, 0xff, 0xff,
    0xff, 0xf5, 0x00, 0x00, 0x00, 0x00, 0x03, 0xff,
    0xfe, 0x2d, 0xff, 0xf4, 0x00, 0x00, 0x00, 0x03,
    0xff, 0xff, 0x30, 0x2e, 0xff, 0xf3, 0x00, 0x00,
    0x02, 0xef, 0xff, 0x50, 0x00, 0x3f, 0xff, 0xe2,
    0x00, 0x00, 0x00, 0x00, 0x00, 0x00, 0x00, 0x00,
    0x00, 0x00, 0x00, 0x00, 0x00, 0x00, 0x00, 0x00,
    0x00, 0x00, 0x00, 0x00, 0x00, 0x00, 0x00, 0x00,
    0x00, 0x00, 0x00, 0x00, 0x00, 0x00, 0x00, 0x00,
    0x49, 0xde, 0xfe, 0xda, 0x50, 0x00, 0x00, 0x00,
    0x04, 0xdf, 0xff, 0xff, 0xff, 0xff, 0xd4, 0x00,
    0x00, 0x05, 0xff, 0xff, 0xff, 0xff, 0xff, 0xff,
    0xf5, 0x00, 0x02, 0xff, 0xff, 0xff, 0xba, 0xbe,
    0xff, 0xff, 0xf1, 0x00, 0x8f, 0xff, 0xfb, 0x10,
    0x00, 0x09, 0xff, 0xff, 0x80, 0x0b, 0xff, 0xff,
    0x10, 0x00, 0x00, 0x0c, 0xeb, 0x84, 0x00, 0xcf,
    0xff, 0xf2, 0x00, 0x00, 0x00, 0x00, 0x00, 0x00,
    0x09, 0xff, 0xff, 0xc2, 0x00, 0x00, 0x00, 0x00,
    0x00, 0x00, 0x4f, 0xff, 0xff, 0xfc, 0x95, 0x20,
    0x00, 0x00, 0x00, 0x00, 0x9f, 0xff, 0xff, 0xff,
    0xff, 0xea, 0x50, 0x00, 0x00, 0x00, 0x7f, 0xff,
    0xff, 0xff, 0xff, 0xff, 0xe4, 0x00, 0x00, 0x00,
    0x16, 0xbe, 0xff, 0xff, 0xff, 0xff, 0xf4, 0x00,
    0x00, 0x00, 0x00, 0x02, 0x58, 0xdf, 0xff, 0xff,
    0xe0, 0x00, 0x00, 0x00, 0x00, 0x00, 0x00, 0x6f,
    0xff, 0xff, 0x30, 0x02, 0x58, 0x20, 0x00, 0x00,
    0x00, 0xbf, 0xff, 0xf4, 0x3f, 0xff, 0xfa, 0x00,
    0x00, 0x00, 0x0c, 0xff, 0xff, 0x30, 0xef, 0xff,
    0xf9, 0x10, 0x00, 0x18, 0xff, 0xff, 0xe0, 0x06,
    0xff, 0xff, 0xff, 0xcb, 0xcf, 0xff, 0xff, 0xf6,
    0x00, 0x0a, 0xff, 0xff, 0xff, 0xff, 0xff, 0xff,
    0xf8, 0x00, 0x00, 0x07, 0xef, 0xff, 0xff, 0xff,
    0xff, 0xe6, 0x00, 0x00, 0x00, 0x00, 0x6a, 0xde,
    0xfe, 0xd9, 0x50, 0x00, 0x00,

    /* U+015E "Ş" */
    0x00, 0x00, 0x00, 0x05, 0xac, 0xef, 0xfd, 0xb7,
    0x10, 0x00, 0x00, 0x00, 0x00, 0x07, 0xff, 0xff,
    0xff, 0xff, 0xff, 0xf8, 0x00, 0x00, 0x00, 0x01,
    0xdf, 0xff, 0xff, 0xff, 0xff, 0xff, 0xff, 0xe2,
    0x00, 0x00, 0x0c, 0xff, 0xff, 0xff, 0xff, 0xff,
    0xff, 0xff, 0xfd, 0x10, 0x00, 0x9f, 0xff, 0xff,
    0xd7, 0x43, 0x57, 0xdf, 0xff, 0xff, 0xa0, 0x01,
    0xff, 0xff, 0xf9, 0x00, 0x00, 0x00, 0x06, 0xff,
    0xff, 0xf2, 0x04, 0xff, 0xff, 0xd0, 0x00, 0x00,
    0x00, 0x00, 0xaf, 0xff, 0xf6, 0x06, 0xff, 0xff,
    0x90, 0x00, 0x00, 0x00, 0x00, 0x4d, 0xdd, 0xd7,
    0x06, 0xff, 0xff, 0xa0, 0x00, 0x00, 0x00, 0x00,
    0x00, 0x00, 0x00, 0x04, 0xff, 0xff, 0xf3, 0x00,
    0x00, 0x00, 0x00, 0x00, 0x00, 0x00, 0x00, 0xff,
    0xff, 0xff, 0x71, 0x00, 0x00, 0x00, 0x00, 0x00,
    0x00, 0x00, 0x7f, 0xff, 0xff, 0xff, 0xb6, 0x20,
    0x00, 0x00, 0x00, 0x00, 0x00, 0x0a, 0xff, 0xff,
    0xff, 0xff, 0xfe, 0x94, 0x00, 0x00, 0x00, 0x00,
    0x00, 0x6f, 0xff, 0xff, 0xff, 0xff, 0xff, 0xe8,
    0x10, 0x00, 0x00, 0x00, 0x01, 0x7d, 0xff, 0xff,
    0xff, 0xff, 0xff, 0xe4, 0x00, 0x00, 0x00, 0x00,
    0x00, 0x27, 0xbf, 0xff, 0xff, 0xff, 0xff, 0x40,
    0x00, 0x00, 0x00, 0x00, 0x00, 0x00, 0x38, 0xef,
    0xff, 0xff, 0xe1, 0x00, 0x00, 0x00, 0x00, 0x00,
    0x00, 0x00, 0x06, 0xff, 0xff, 0xf7, 0x00, 0x00,
    0x00, 0x00, 0x00, 0x00, 0x00, 0x00, 0x6f, 0xff,
    0xfc, 0x17, 0x77, 0x74, 0x00, 0x00, 0x00, 0x00,
    0x00, 0x0f, 0xff, 0xfe, 0x2f, 0xff, 0xfd, 0x00,
    0x00, 0x00, 0x00, 0x00, 0x1f, 0xff, 0xfe, 0x0f,
    0xff, 0xff, 0x50, 0x00, 0x00, 0x00, 0x00, 0x7f,
    0xff, 0xfc, 0x0a, 0xff, 0xff, 0xf4, 0x00, 0x00,
    0x00, 0x06, 0xff, 0xff, 0xf8, 0x02, 0xff, 0xff,
    0xff, 0xc7, 0x43, 0x47, 0xdf, 0xff, 0xff, 0xf1,
    0x00, 0x7f, 0xff, 0xff, 0xff, 0xff, 0xff, 0xff,
    0xff, 0xff, 0x60, 0x00, 0x08, 0xff, 0xff, 0xff,
    0xff, 0xff, 0xff, 0xff, 0xf7, 0x00, 0x00, 0x00,
    0x4c, 0xff, 0xff, 0xff, 0xff, 0xff, 0xfc, 0x30,
    0x00, 0x00, 0x00, 0x00, 0x37, 0xbd, 0xff, 0xfe,
    0xb8, 0x30, 0x00, 0x00, 0x00, 0x00, 0x00, 0x00,
    0x00, 0xdf, 0x60, 0x00, 0x00, 0x00, 0x00, 0x00,
    0x00, 0x00, 0x00, 0x00, 0xff, 0xc8, 0x20, 0x00,
    0x00, 0x00, 0x00, 0x00, 0x00, 0x00, 0x01, 0xff,
    0xff, 0xf4, 0x00, 0x00, 0x00, 0x00, 0x00, 0x00,
    0x00, 0x00, 0x44, 0x7f, 0xfc, 0x00, 0x00, 0x00,
    0x00, 0x00, 0x00, 0x00, 0x00, 0x00, 0x0e, 0xff,
    0x00, 0x00, 0x00, 0x00, 0x00, 0x00, 0x00, 0x01,
    0x11, 0x5f, 0xfd, 0x00, 0x00, 0x00, 0x00, 0x00,
    0x00, 0x00, 0x0e, 0xff, 0xff, 0xf7, 0x00, 0x00,
    0x00, 0x00, 0x00, 0x00, 0x00, 0x0e, 0xff, 0xfc,
    0x60, 0x00, 0x00, 0x00,

    /* U+015F "ş" */
    0x00, 0x00, 0x04, 0x9d, 0xef, 0xed, 0xa5, 0x00,
    0x00, 0x00, 0x00, 0x4d, 0xff, 0xff, 0xff, 0xff,
    0xfd, 0x40, 0x00, 0x00, 0x5f, 0xff, 0xff, 0xff,
    0xff, 0xff, 0xff, 0x50, 0x00, 0x2f, 0xff, 0xff,
    0xfb, 0xab, 0xef, 0xff, 0xff, 0x10, 0x08, 0xff,
    0xff, 0xb1, 0x00, 0x00, 0x9f, 0xff, 0xf8, 0x00,
    0xbf, 0xff, 0xf1, 0x00, 0x00, 0x00, 0xce, 0xb8,
    0x40, 0x0c, 0xff, 0xff, 0x20, 0x00, 0x00, 0x00,
    0x00, 0x00, 0x00, 0x9f, 0xff, 0xfc, 0x20, 0x00,
    0x00, 0x00, 0x00, 0x00, 0x04, 0xff, 0xff, 0xff,
    0xc9, 0x52, 0x00, 0x00, 0x00, 0x00, 0x09, 0xff,
    0xff, 0xff, 0xff, 0xfe, 0xa5, 0x00, 0x00, 0x00,
    0x07, 0xff, 0xff, 0xff, 0xff, 0xff, 0xfe, 0x40,
    0x00, 0x00, 0x01, 0x6b, 0xef, 0xff, 0xff, 0xff,
    0xff, 0x40, 0x00, 0x00, 0x00, 0x00, 0x25, 0x8d,
    0xff, 0xff, 0xfe, 0x00, 0x00, 0x00, 0x00, 0x00,
    0x00, 0x06, 0xff, 0xff, 0xf3, 0x00, 0x25, 0x82,
    0x00, 0x00, 0x00, 0x0b, 0xff, 0xff, 0x43, 0xff,
    0xff, 0xa0, 0x00, 0x00, 0x00, 0xcf, 0xff, 0xf3,
    0x0e, 0xff, 0xff, 0x91, 0x00, 0x01, 0x8f, 0xff,
    0xfe, 0x00, 0x6f, 0xff, 0xff, 0xfc, 0xbc, 0xff,
    0xff, 0xff, 0x60, 0x00, 0xaf, 0xff, 0xff, 0xff,
    0xff, 0xff, 0xff, 0x80, 0x00, 0x00, 0x7e, 0xff,
    0xff, 0xff, 0xff, 0xfe, 0x60, 0x00, 0x00, 0x00,
    0x06, 0xad, 0xff, 0xfd, 0x95, 0x00, 0x00, 0x00,
    0x00, 0x00, 0x00, 0x0a, 0xf9, 0x00, 0x00, 0x00,
    0x00, 0x00, 0x00, 0x00, 0x00, 0xcf, 0xd8, 0x30,
    0x00, 0x00, 0x00, 0x00, 0x00, 0x00, 0x0e, 0xff,
    0xff, 0x70, 0x00, 0x00, 0x00, 0x00, 0x00, 0x00,
    0x34, 0x6f, 0xff, 0x00, 0x00, 0x00, 0x00, 0x00,
    0x00, 0x00, 0x00, 0xbf, 0xf1, 0x00, 0x00, 0x00,
    0x00, 0x00, 0x01, 0x11, 0x4e, 0xff, 0x00, 0x00,
    0x00, 0x00, 0x00, 0x00, 0xbf, 0xff, 0xff, 0xa0,
    0x00, 0x00, 0x00, 0x00, 0x00, 0x0b, 0xff, 0xfd,
    0x80, 0x00, 0x00, 0x00,

    /* U+0160 "Š" */
    0x00, 0x00, 0x3f, 0xff, 0xf2, 0x00, 0x06, 0xff,
    0xfe, 0x10, 0x00, 0x00, 0x00, 0x04, 0xff, 0xfd,
    0x10, 0x4f, 0xff, 0xe2, 0x00, 0x00, 0x00, 0x00,
    0x00, 0x5f, 0xff, 0xc2, 0xef, 0xfe, 0x20, 0x00,
    0x00, 0x00, 0x00, 0x00, 0x06, 0xff, 0xff, 0xff,
    0xf3, 0x00, 0x00, 0x00, 0x00, 0x00, 0x00, 0x00,
    0x7f, 0xff, 0xff, 0x40, 0x00, 0x00, 0x00, 0x00,
    0x00, 0x00, 0x00, 0x06, 0x77, 0x74, 0x00, 0x00,
    0x00, 0x00, 0x00, 0x00, 0x00, 0x00, 0x00, 0x00,
    0x00, 0x00, 0x00, 0x00, 0x00, 0x00, 0x00, 0x00,
    0x00, 0x00, 0x00, 0x00, 0x00, 0x00, 0x00, 0x00,
    0x00, 0x00, 0x00, 0x05, 0xac, 0xef, 0xfd, 0xb7,
    0x10, 0x00, 0x00, 0x00, 0x00, 0x07, 0xff, 0xff,
    0xff, 0xff, 0xff, 0xf8, 0x00, 0x00, 0x00, 0x01,
    0xdf, 0xff, 0xff, 0xff, 0xff, 0xff, 0xff, 0xe2,
    0x00, 0x00, 0x0c, 0xff, 0xff, 0xff, 0xff, 0xff,
    0xff, 0xff, 0xfd, 0x10, 0x00, 0x9f, 0xff, 0xff,
    0xd7, 0x43, 0x57, 0xdf, 0xff, 0xff, 0xa0, 0x01,
    0xff, 0xff, 0xf9, 0x00, 0x00, 0x00, 0x07, 0xff,
    0xff, 0xf2, 0x04, 0xff, 0xff, 0xd0, 0x00, 0x00,
    0x00, 0x00, 0xaf, 0xff, 0xf6, 0x06, 0xff, 0xff,
    0x90, 0x00, 0x00, 0x00, 0x00, 0x4e, 0xee, 0xe7,
    0x06, 0xff, 0xff, 0xa0, 0x00, 0x00, 0x00, 0x00,
    0x00, 0x00, 0x00, 0x04, 0xff, 0xff, 0xf3, 0x00,
    0x00, 0x00, 0x00, 0x00, 0x00, 0x00, 0x00, 0xff,
    0xff, 0xff, 0x71, 0x00, 0x00, 0x00, 0x00, 0x00,
    0x00, 0x00, 0x7f, 0xff, 0xff, 0xff, 0xb6, 0x20,
    0x00, 0x00, 0x00, 0x00, 0x00, 0x0a, 0xff, 0xff,
    0xff, 0xff, 0xfe, 0x94, 0x00, 0x00, 0x00, 0x00,
    0x00, 0x6f, 0xff, 0xff, 0xff, 0xff, 0xff, 0xe8,
    0x10, 0x00, 0x00, 0x00, 0x01, 0x7d, 0xff, 0xff,
    0xff, 0xff, 0xff, 0xe4, 0x00, 0x00, 0x00, 0x00,
    0x00, 0x27, 0xbf, 0xff, 0xff, 0xff, 0xff, 0x40,
    0x00, 0x00, 0x00, 0x00, 0x00, 0x00, 0x38, 0xef,
    0xff, 0xff, 0xe1, 0x00, 0x00, 0x00, 0x00, 0x00,
    0x00, 0x00, 0x06, 0xff, 0xff, 0xf7, 0x00, 0x00,
    0x00, 0x00, 0x00, 0x00, 0x00, 0x00, 0x6f, 0xff,
    0xfc, 0x17, 0x77, 0x74, 0x00, 0x00, 0x00, 0x00,
    0x00, 0x0f, 0xff, 0xfe, 0x2f, 0xff, 0xfd, 0x00,
    0x00, 0x00, 0x00, 0x00, 0x1f, 0xff, 0xfe, 0x0f,
    0xff, 0xff, 0x40, 0x00, 0x00, 0x00, 0x00, 0x7f,
    0xff, 0xfc, 0x0a, 0xff, 0xff, 0xf4, 0x00, 0x00,
    0x00, 0x06, 0xff, 0xff, 0xf8, 0x03, 0xff, 0xff,
    0xff, 0xb7, 0x43, 0x47, 0xdf, 0xff, 0xff, 0xf1,
    0x00, 0x7f, 0xff, 0xff, 0xff, 0xff, 0xff, 0xff,
    0xff, 0xff, 0x60, 0x00, 0x08, 0xff, 0xff, 0xff,
    0xff, 0xff, 0xff, 0xff, 0xf7, 0x00, 0x00, 0x00,
    0x4d, 0xff, 0xff, 0xff, 0xff, 0xff, 0xfc, 0x30,
    0x00, 0x00, 0x00, 0x00, 0x37, 0xbd, 0xef, 0xfe,
    0xb8, 0x30, 0x00, 0x00,

    /* U+0161 "š" */
    0x00, 0x17, 0x88, 0x70, 0x00, 0x00, 0x78, 0x88,
    0x30, 0x00, 0x00, 0x8f, 0xff, 0xb0, 0x00, 0xaf,
    0xff, 0xb0, 0x00, 0x00, 0x00, 0x9f, 0xff, 0x80,
    0x7f, 0xff, 0xc0, 0x00, 0x00, 0x00, 0x00, 0xaf,
    0xff, 0x9f, 0xff, 0xc0, 0x00, 0x00, 0x00, 0x00,
    0x00, 0xbf, 0xff, 0xff, 0xd1, 0x00, 0x00, 0x00,
    0x00, 0x00, 0x00, 0xcf, 0xff, 0xd1, 0x00, 0x00,
    0x00, 0x00, 0x00, 0x00, 0x00, 0x00, 0x00, 0x00,
    0x00, 0x00, 0x00, 0x00, 0x00, 0x00, 0x00, 0x00,
    0x00, 0x00, 0x00, 0x00, 0x00, 0x00, 0x00, 0x00,
    0x00, 0x00, 0x00, 0x00, 0x00, 0x00, 0x00, 0x00,
    0x49, 0xde, 0xfe, 0xda, 0x50, 0x00, 0x00, 0x00,
    0x04, 0xdf, 0xff, 0xff, 0xff, 0xff, 0xd4, 0x00,
    0x00, 0x05, 0xff, 0xff, 0xff, 0xff, 0xff, 0xff,
    0xf5, 0x00, 0x02, 0xff, 0xff, 0xff, 0xba, 0xbe,
    0xff, 0xff, 0xf1, 0x00, 0x8f, 0xff, 0xfb, 0x10,
    0x00, 0x09, 0xff, 0xff, 0x80, 0x0b, 0xff, 0xff,
    0x10, 0x00, 0x00, 0x0c, 0xeb, 0x84, 0x00, 0xcf,
    0xff, 0xf2, 0x00, 0x00, 0x00, 0x00, 0x00, 0x00,
    0x09, 0xff, 0xff, 0xc2, 0x00, 0x00, 0x00, 0x00,
    0x00, 0x00, 0x4f, 0xff, 0xff, 0xfc, 0x95, 0x20,
    0x00, 0x00, 0x00, 0x00, 0x9f, 0xff, 0xff, 0xff,
    0xff, 0xea, 0x50, 0x00, 0x00, 0x00, 0x7f, 0xff,
    0xff, 0xff, 0xff, 0xff, 0xe4, 0x00, 0x00, 0x00,
    0x16, 0xbe, 0xff, 0xff, 0xff, 0xff, 0xf4, 0x00,
    0x00, 0x00, 0x00, 0x02, 0x58, 0xdf, 0xff, 0xff,
    0xe0, 0x00, 0x00, 0x00, 0x00, 0x00, 0x00, 0x6f,
    0xff, 0xff, 0x30, 0x02, 0x58, 0x20, 0x00, 0x00,
    0x00, 0xbf, 0xff, 0xf4, 0x3f, 0xff, 0xfa, 0x00,
    0x00, 0x00, 0x0c, 0xff, 0xff, 0x30, 0xef, 0xff,
    0xf9, 0x10, 0x00, 0x18, 0xff, 0xff, 0xe0, 0x06,
    0xff, 0xff, 0xff, 0xcb, 0xcf, 0xff, 0xff, 0xf6,
    0x00, 0x0a, 0xff, 0xff, 0xff, 0xff, 0xff, 0xff,
    0xf8, 0x00, 0x00, 0x07, 0xef, 0xff, 0xff, 0xff,
    0xff, 0xe6, 0x00, 0x00, 0x00, 0x00, 0x6a, 0xde,
    0xfe, 0xd9, 0x50, 0x00, 0x00,

    /* U+0162 "Ţ" */
    0x7f, 0xff, 0xff, 0xff, 0xff, 0xff, 0xff, 0xff,
    0xff, 0xff, 0xff, 0x87, 0xff, 0xff, 0xff, 0xff,
    0xff, 0xff, 0xff, 0xff, 0xff, 0xff, 0xf8, 0x7f,
    0xff, 0xff, 0xff, 0xff, 0xff, 0xff, 0xff, 0xff,
    0xff, 0xff, 0x87, 0xff, 0xff, 0xff, 0xff, 0xff,
    0xff, 0xff, 0xff, 0xff, 0xff, 0xf8, 0x12, 0x22,
    0x22, 0x22, 0x2e, 0xff, 0xff, 0x32, 0x22, 0x22,
    0x22, 0x10, 0x00, 0x00, 0x00, 0x00, 0xef, 0xff,
    0xf0, 0x00, 0x00, 0x00, 0x00, 0x00, 0x00, 0x00,
    0x00, 0x0e, 0xff, 0xff, 0x00, 0x00, 0x00, 0x00,
    0x00, 0x00, 0x00, 0x00, 0x00, 0xef, 0xff, 0xf0,
    0x00, 0x00, 0x00, 0x00, 0x00, 0x00, 0x00, 0x00,
    0x0e, 0xff, 0xff, 0x00, 0x00, 0x00, 0x00, 0x00,
    0x00, 0x00, 0x00, 0x00, 0xef, 0xff, 0xf0, 0x00,
    0x00, 0x00, 0x00, 0x00, 0x00, 0x00, 0x00, 0x0e,
    0xff, 0xff, 0x00, 0x00, 0x00, 0x00, 0x00, 0x00,
    0x00, 0x00, 0x00, 0xef, 0xff, 0xf0, 0x00, 0x00,
    0x00, 0x00, 0x00, 0x00, 0x00, 0x00, 0x0e, 0xff,
    0xff, 0x00, 0x00, 0x00, 0x00, 0x00, 0x00, 0x00,
    0x00, 0x00, 0xef, 0xff, 0xf0, 0x00, 0x00, 0x00,
    0x00, 0x00, 0x00, 0x00, 0x00, 0x0e, 0xff, 0xff,
    0x00, 0x00, 0x00, 0x00, 0x00, 0x00, 0x00, 0x00,
    0x00, 0xef, 0xff, 0xf0, 0x00, 0x00, 0x00, 0x00,
    0x00, 0x00, 0x00, 0x00, 0x0e, 0xff, 0xff, 0x00,
    0x00, 0x00, 0x00, 0x00, 0x00, 0x00, 0x00, 0x00,
    0xef, 0xff, 0xf0, 0x00, 0x00, 0x00, 0x00, 0x00,
    0x00, 0x00, 0x00, 0x0e, 0xff, 0xff, 0x00, 0x00,
    0x00, 0x00, 0x00, 0x00, 0x00, 0x00, 0x00, 0xef,
    0xff, 0xf0, 0x00, 0x00, 0x00, 0x00, 0x00, 0x00,
    0x00, 0x00, 0x0e, 0xff, 0xff, 0x00, 0x00, 0x00,
    0x00, 0x00, 0x00, 0x00, 0x00, 0x00, 0xef, 0xff,
    0xf0, 0x00, 0x00, 0x00, 0x00, 0x00, 0x00, 0x00,
    0x00, 0x0e, 0xff, 0xff, 0x00, 0x00, 0x00, 0x00,
    0x00, 0x00, 0x00, 0x00, 0x00, 0xef, 0xff, 0xf0,
    0x00, 0x00, 0x00, 0x00, 0x00, 0x00, 0x00, 0x00,
    0x0e, 0xff, 0xff, 0x00, 0x00, 0x00, 0x00, 0x00,
    0x00, 0x00, 0x00, 0x00, 0xef, 0xff, 0xf0, 0x00,
    0x00, 0x00, 0x00, 0x00, 0x00, 0x00, 0x00, 0x0e,
    0xff, 0xff, 0x00, 0x00, 0x00, 0x00, 0x00, 0x00,
    0x00, 0x00, 0x00, 0xef, 0xff, 0xf0, 0x00, 0x00,
    0x00, 0x00, 0x00, 0x00, 0x00, 0x00, 0x00, 0x9f,
    0x90, 0x00, 0x00, 0x00, 0x00, 0x00, 0x00, 0x00,
    0x00, 0x00, 0x0c, 0xfb, 0x30, 0x00, 0x00, 0x00,
    0x00, 0x00, 0x00, 0x00, 0x00, 0x00, 0xef, 0xff,
    0xe4, 0x00, 0x00, 0x00, 0x00, 0x00, 0x00, 0x00,
    0x00, 0x06, 0x79, 0xff, 0xe0, 0x00, 0x00, 0x00,
    0x00, 0x00, 0x00, 0x00, 0x00, 0x00, 0x0b, 0xff,
    0x10, 0x00, 0x00, 0x00, 0x00, 0x00, 0x00, 0x00,
    0x11, 0x13, 0xef, 0xf0, 0x00, 0x00, 0x00, 0x00,
    0x00, 0x00, 0x00, 0x0b, 0xff, 0xff, 0xfb, 0x00,
    0x00, 0x00, 0x00, 0x00, 0x00, 0x00, 0x00, 0xbf,
    0xff, 0xd8, 0x00, 0x00, 0x00, 0x00,

    /* U+0163 "ţ" */
    0x00, 0x05, 0x88, 0x88, 0x10, 0x00, 0x00, 0x00,
    0xaf, 0xff, 0xf2, 0x00, 0x00, 0x00, 0x0a, 0xff,
    0xff, 0x20, 0x00, 0x00, 0x00, 0xaf, 0xff, 0xf2,
    0x00, 0x00, 0x00, 0x0a, 0xff, 0xff, 0x20, 0x00,
    0x0a, 0xff, 0xff, 0xff, 0xff, 0xff, 0xf2, 0xaf,
    0xff, 0xff, 0xff, 0xff, 0xff, 0x2a, 0xff, 0xff,
    0xff, 0xff, 0xff, 0xf2, 0x7c, 0xcf, 0xff, 0xff,
    0xfc, 0xcc, 0x10, 0x00, 0xaf, 0xff, 0xf2, 0x00,
    0x00, 0x00, 0x0a, 0xff, 0xff, 0x20, 0x00, 0x00,
    0x00, 0xaf, 0xff, 0xf2, 0x00, 0x00, 0x00, 0x0a,
    0xff, 0xff, 0x20, 0x00, 0x00, 0x00, 0xaf, 0xff,
    0xf2, 0x00, 0x00, 0x00, 0x0a, 0xff, 0xff, 0x20,
    0x00, 0x00, 0x00, 0xaf, 0xff, 0xf2, 0x00, 0x00,
    0x00, 0x0a, 0xff, 0xff, 0x20, 0x00, 0x00, 0x00,
    0xaf, 0xff, 0xf2, 0x00, 0x00, 0x00, 0x0a, 0xff,
    0xff, 0x20, 0x00, 0x00, 0x00, 0xaf, 0xff, 0xf2,
    0x00, 0x00, 0x00, 0x0a, 0xff, 0xff, 0x30, 0x00,
    0x00, 0x00, 0x9f, 0xff, 0xfa, 0x00, 0x10, 0x00,
    0x05, 0xff, 0xff, 0xff, 0xff, 0x10, 0x00, 0x0d,
    0xff, 0xff, 0xff, 0xf4, 0x00, 0x00, 0x2e, 0xff,
    0xff, 0xff, 0x80, 0x00, 0x00, 0x17, 0xff, 0xff,
    0xd7, 0x00, 0x00, 0x00, 0x0c, 0xf7, 0x00, 0x00,
    0x00, 0x00, 0x00, 0xef, 0xb6, 0x10, 0x00, 0x00,
    0x00, 0x0f, 0xff, 0xff, 0x40, 0x00, 0x00, 0x00,
    0x55, 0x8f, 0xfc, 0x00, 0x00, 0x00, 0x00, 0x00,
    0xdf, 0xf0, 0x00, 0x00, 0x01, 0x11, 0x4f, 0xfe,
    0x00, 0x00, 0x00, 0xdf, 0xff, 0xff, 0x80, 0x00,
    0x00, 0x0d, 0xff, 0xfc, 0x70,

    /* U+0164 "Ť" */
    0x00, 0x00, 0x1d, 0xff, 0xf5, 0x00, 0x03, 0xff,
    0xff, 0x30, 0x00, 0x00, 0x00, 0x00, 0x2e, 0xff,
    0xf2, 0x01, 0xef, 0xff, 0x40, 0x00, 0x00, 0x00,
    0x00, 0x00, 0x3f, 0xff, 0xe2, 0xcf, 0xff, 0x50,
    0x00, 0x00, 0x00, 0x00, 0x00, 0x00, 0x4f, 0xff,
    0xff, 0xff, 0x60, 0x00, 0x00, 0x00, 0x00, 0x00,
    0x00, 0x00, 0x5f, 0xff, 0xff, 0x70, 0x00, 0x00,
    0x00, 0x00, 0x00, 0x00, 0x00, 0x00, 0x48, 0x88,
    0x60, 0x00, 0x00, 0x00, 0x00, 0x00, 0x00, 0x00,
    0x00, 0x00, 0x00, 0x00, 0x00, 0x00, 0x00, 0x00,
    0x00, 0x00, 0x00, 0x00, 0x00, 0x00, 0x00, 0x00,
    0x00, 0x00, 0x00, 0x00, 0x7f, 0xff, 0xff, 0xff,
    0xff, 0xff, 0xff, 0xff, 0xff, 0xff, 0xff, 0x87,
    0xff, 0xff, 0xff, 0xff, 0xff, 0xff, 0xff, 0xff,
    0xff, 0xff, 0xf8, 0x7f, 0xff, 0xff, 0xff, 0xff,
    0xff, 0xff, 0xff, 0xff, 0xff, 0xff, 0x87, 0xff,
    0xff, 0xff, 0xff, 0xff, 0xff, 0xff, 0xff, 0xff,
    0xff, 0xf8, 0x12, 0x22, 0x22, 0x22, 0x2e, 0xff,
    0xff, 0x32, 0x22, 0x22, 0x22, 0x10, 0x00, 0x00,
    0x00, 0x00, 0xef, 0xff, 0xf0, 0x00, 0x00, 0x00,
    0x00, 0x00, 0x00, 0x00, 0x00, 0x0e, 0xff, 0xff,
    0x00, 0x00, 0x00, 0x00, 0x00, 0x00, 0x00, 0x00,
    0x00, 0xef, 0xff, 0xf0, 0x00, 0x00, 0x00, 0x00,
    0x00, 0x00, 0x00, 0x00, 0x0e, 0xff, 0xff, 0x00,
    0x00, 0x00, 0x00, 0x00, 0x00, 0x00, 0x00, 0x00,
    0xef, 0xff, 0xf0, 0x00, 0x00, 0x00, 0x00, 0x00,
    0x00, 0x00, 0x00, 0x0e, 0xff, 0xff, 0x00, 0x00,
    0x00, 0x00, 0x00, 0x00, 0x00, 0x00, 0x00, 0xef,
    0xff, 0xf0, 0x00, 0x00, 0x00, 0x00, 0x00, 0x00,
    0x00, 0x00, 0x0e, 0xff, 0xff, 0x00, 0x00, 0x00,
    0x00, 0x00, 0x00, 0x00, 0x00, 0x00, 0xef, 0xff,
    0xf0, 0x00, 0x00, 0x00, 0x00, 0x00, 0x00, 0x00,
    0x00, 0x0e, 0xff, 0xff, 0x00, 0x00, 0x00, 0x00,
    0x00, 0x00, 0x00, 0x00, 0x00, 0xef, 0xff, 0xf0,
    0x00, 0x00, 0x00, 0x00, 0x00, 0x00, 0x00, 0x00,
    0x0e, 0xff, 0xff, 0x00, 0x00, 0x00, 0x00, 0x00,
    0x00, 0x00, 0x00, 0x00, 0xef, 0xff, 0xf0, 0x00,
    0x00, 0x00, 0x00, 0x00, 0x00, 0x00, 0x00, 0x0e,
    0xff, 0xff, 0x00, 0x00, 0x00, 0x00, 0x00, 0x00,
    0x00, 0x00, 0x00, 0xef, 0xff, 0xf0, 0x00, 0x00,
    0x00, 0x00, 0x00, 0x00, 0x00, 0x00, 0x0e, 0xff,
    0xff, 0x00, 0x00, 0x00, 0x00, 0x00, 0x00, 0x00,
    0x00, 0x00, 0xef, 0xff, 0xf0, 0x00, 0x00, 0x00,
    0x00, 0x00, 0x00, 0x00, 0x00, 0x0e, 0xff, 0xff,
    0x00, 0x00, 0x00, 0x00, 0x00, 0x00, 0x00, 0x00,
    0x00, 0xef, 0xff, 0xf0, 0x00, 0x00, 0x00, 0x00,
    0x00, 0x00, 0x00, 0x00, 0x0e, 0xff, 0xff, 0x00,
    0x00, 0x00, 0x00, 0x00, 0x00, 0x00, 0x00, 0x00,
    0xef, 0xff, 0xf0, 0x00, 0x00, 0x00, 0x00, 0x00,
    0x00, 0x00, 0x00, 0x0e, 0xff, 0xff, 0x00, 0x00,
    0x00, 0x00, 0x00, 0x00, 0x00, 0x00, 0x00, 0xef,
    0xff, 0xf0, 0x00, 0x00, 0x00, 0x00,

    /* U+0165 "ť" */
    0x00, 0x00, 0x00, 0x00, 0x00, 0x9f, 0xff, 0x40,
    0x00, 0x00, 0x00, 0x00, 0x09, 0xff, 0xf2, 0x00,
    0x00, 0x00, 0x00, 0x00, 0x9f, 0xff, 0x00, 0x00,
    0x00, 0x00, 0x00, 0x09, 0xff, 0xd0, 0x00, 0x03,
    0x55, 0x55, 0x00, 0x9f, 0xfb, 0x00, 0x00, 0xaf,
    0xff, 0xf2, 0x09, 0xff, 0x90, 0x00, 0x0a, 0xff,
    0xff, 0x20, 0x9f, 0xf7, 0x00, 0x00, 0xaf, 0xff,
    0xf2, 0x00, 0x11, 0x00, 0x00, 0x0a, 0xff, 0xff,
    0x20, 0x00, 0x00, 0x00, 0x00, 0xaf, 0xff, 0xf2,
    0x00, 0x00, 0x00, 0xaf, 0xff, 0xff, 0xff, 0xff,
    0xff, 0x20, 0x0a, 0xff, 0xff, 0xff, 0xff, 0xff,
    0xf2, 0x00, 0xaf, 0xff, 0xff, 0xff, 0xff, 0xff,
    0x20, 0x07, 0xcc, 0xff, 0xff, 0xff, 0xcc, 0xc1,
    0x00, 0x00, 0x0a, 0xff, 0xff, 0x20, 0x00, 0x00,
    0x00, 0x00, 0xaf, 0xff, 0xf2, 0x00, 0x00, 0x00,
    0x00, 0x0a, 0xff, 0xff, 0x20, 0x00, 0x00, 0x00,
    0x00, 0xaf, 0xff, 0xf2, 0x00, 0x00, 0x00, 0x00,
    0x0a, 0xff, 0xff, 0x20, 0x00, 0x00, 0x00, 0x00,
    0xaf, 0xff, 0xf2, 0x00, 0x00, 0x00, 0x00, 0x0a,
    0xff, 0xff, 0x20, 0x00, 0x00, 0x00, 0x00, 0xaf,
    0xff, 0xf2, 0x00, 0x00, 0x00, 0x00, 0x0a, 0xff,
    0xff, 0x20, 0x00, 0x00, 0x00, 0x00, 0xaf, 0xff,
    0xf2, 0x00, 0x00, 0x00, 0x00, 0x0a, 0xff, 0xff,
    0x20, 0x00, 0x00, 0x00, 0x00, 0xaf, 0xff, 0xf3,
    0x00, 0x00, 0x00, 0x00, 0x08, 0xff, 0xff, 0xa0,
    0x01, 0x00, 0x00, 0x00, 0x4f, 0xff, 0xff, 0xff,
    0xf1, 0x00, 0x00, 0x00, 0xdf, 0xff, 0xff, 0xff,
    0x40, 0x00, 0x00, 0x02, 0xdf, 0xff, 0xff, 0xf8,
    0x00, 0x00, 0x00, 0x00, 0x7c, 0xef, 0xfd, 0x60,
    0x00,

    /* U+0166 "Ŧ" */
    0x7f, 0xff, 0xff, 0xff, 0xff, 0xff, 0xff, 0xff,
    0xff, 0xff, 0xff, 0x87, 0xff, 0xff, 0xff, 0xff,
    0xff, 0xff, 0xff, 0xff, 0xff, 0xff, 0xf8, 0x7f,
    0xff, 0xff, 0xff, 0xff, 0xff, 0xff, 0xff, 0xff,
    0xff, 0xff, 0x87, 0xff, 0xff, 0xff, 0xff, 0xff,
    0xff, 0xff, 0xff, 0xff, 0xff, 0xf8, 0x12, 0x22,
    0x22, 0x22, 0x2e, 0xff, 0xff, 0x32, 0x22, 0x22,
    0x22, 0x10, 0x00, 0x00, 0x00, 0x00, 0xef, 0xff,
    0xf0, 0x00, 0x00, 0x00, 0x00, 0x00, 0x00, 0x00,
    0x00, 0x0e, 0xff, 0xff, 0x00, 0x00, 0x00, 0x00,
    0x00, 0x00, 0x00, 0x00, 0x00, 0xef, 0xff, 0xf0,
    0x00, 0x00, 0x00, 0x00, 0x00, 0x00, 0x00, 0x00,
    0x0e, 0xff, 0xff, 0x00, 0x00, 0x00, 0x00, 0x00,
    0x00, 0x00, 0x00, 0x00, 0xef, 0xff, 0xf0, 0x00,
    0x00, 0x00, 0x00, 0x00, 0x00, 0x00, 0x00, 0x0e,
    0xff, 0xff, 0x00, 0x00, 0x00, 0x00, 0x00, 0x00,
    0x00, 0x00, 0x00, 0xef, 0xff, 0xf0, 0x00, 0x00,
    0x00, 0x00, 0x00, 0x02, 0x77, 0x77, 0x7f, 0xff,
    0xff, 0x87, 0x77, 0x73, 0x00, 0x00, 0x00, 0x5f,
    0xff, 0xff, 0xff, 0xff, 0xff, 0xff, 0xff, 0x70,
    0x00, 0x00, 0x05, 0xff, 0xff, 0xff, 0xff, 0xff,
    0xff, 0xff, 0xf7, 0x00, 0x00, 0x00, 0x5f, 0xff,
    0xff, 0xff, 0xff, 0xff, 0xff, 0xff, 0x70, 0x00,
    0x00, 0x00, 0x00, 0x00, 0x0e, 0xff, 0xff, 0x00,
    0x00, 0x00, 0x00, 0x00, 0x00, 0x00, 0x00, 0x00,
    0xef, 0xff, 0xf0, 0x00, 0x00, 0x00, 0x00, 0x00,
    0x00, 0x00, 0x00, 0x0e, 0xff, 0xff, 0x00, 0x00,
    0x00, 0x00, 0x00, 0x00, 0x00, 0x00, 0x00, 0xef,
    0xff, 0xf0, 0x00, 0x00, 0x00, 0x00, 0x00, 0x00,
    0x00, 0x00, 0x0e, 0xff, 0xff, 0x00, 0x00, 0x00,
    0x00, 0x00, 0x00, 0x00, 0x00, 0x00, 0xef, 0xff,
    0xf0, 0x00, 0x00, 0x00, 0x00, 0x00, 0x00, 0x00,
    0x00, 0x0e, 0xff, 0xff, 0x00, 0x00, 0x00, 0x00,
    0x00, 0x00, 0x00, 0x00, 0x00, 0xef, 0xff, 0xf0,
    0x00, 0x00, 0x00, 0x00, 0x00, 0x00, 0x00, 0x00,
    0x0e, 0xff, 0xff, 0x00, 0x00, 0x00, 0x00, 0x00,
    0x00, 0x00, 0x00, 0x00, 0xef, 0xff, 0xf0, 0x00,
    0x00, 0x00, 0x00, 0x00, 0x00, 0x00, 0x00, 0x0e,
    0xff, 0xff, 0x00, 0x00, 0x00, 0x00, 0x00, 0x00,
    0x00, 0x00, 0x00, 0xef, 0xff, 0xf0, 0x00, 0x00,
    0x00, 0x00,

    /* U+0167 "ŧ" */
    0x00, 0x0a, 0xff, 0xff, 0x20, 0x00, 0x00, 0x00,
    0xaf, 0xff, 0xf2, 0x00, 0x00, 0x00, 0x0a, 0xff,
    0xff, 0x20, 0x00, 0x00, 0x00, 0xaf, 0xff, 0xf2,
    0x00, 0x00, 0x00, 0x0a, 0xff, 0xff, 0x20, 0x00,
    0x0a, 0xff, 0xff, 0xff, 0xff, 0xff, 0xf2, 0xaf,
    0xff, 0xff, 0xff, 0xff, 0xff, 0x2a, 0xff, 0xff,
    0xff, 0xff, 0xff, 0xf2, 0x7c, 0xcf, 0xff, 0xff,
    0xfc, 0xcc, 0x10, 0x00, 0xaf, 0xff, 0xf2, 0x00,
    0x00, 0x00, 0x0a, 0xff, 0xff, 0x20, 0x00, 0x00,
    0x00, 0xaf, 0xff, 0xf2, 0x00, 0x00, 0xaf, 0xff,
    0xff, 0xff, 0xff, 0xff, 0x2a, 0xff, 0xff, 0xff,
    0xff, 0xff, 0xf2, 0xaf, 0xff, 0xff, 0xff, 0xff,
    0xff, 0x23, 0x55, 0xff, 0xff, 0xf7, 0x55, 0x50,
    0x00, 0x0a, 0xff, 0xff, 0x20, 0x00, 0x00, 0x00,
    0xaf, 0xff, 0xf2, 0x00, 0x00, 0x00, 0x0a, 0xff,
    0xff, 0x20, 0x00, 0x00, 0x00, 0xaf, 0xff, 0xf2,
    0x00, 0x00, 0x00, 0x0a, 0xff, 0xff, 0x30, 0x00,
    0x00, 0x00, 0x9f, 0xff, 0xfa, 0x00, 0x10, 0x00,
    0x05, 0xff, 0xff, 0xff, 0xff, 0x10, 0x00, 0x0d,
    0xff, 0xff, 0xff, 0xf5, 0x00, 0x00, 0x2e, 0xff,
    0xff, 0xff, 0x80, 0x00, 0x00, 0x07, 0xce, 0xff,
    0xd6,

    /* U+0168 "Ũ" */
    0x00, 0x00, 0x00, 0x05, 0xdf, 0xd6, 0x00, 0x0b,
    0xff, 0x00, 0x00, 0x00, 0x00, 0x00, 0x00, 0x3f,
    0xff, 0xff, 0xc2, 0x2f, 0xfe, 0x00, 0x00, 0x00,
    0x00, 0x00, 0x00, 0xaf, 0xff, 0xff, 0xff, 0xff,
    0xf9, 0x00, 0x00, 0x00, 0x00, 0x00, 0x00, 0xef,
    0xf1, 0x1a, 0xff, 0xff, 0xf1, 0x00, 0x00, 0x00,
    0x00, 0x00, 0x00, 0xde, 0xa0, 0x00, 0x4b, 0xdb,
    0x30, 0x00, 0x00, 0x00, 0x00, 0x00, 0x00, 0x00,
    0x00, 0x00, 0x00, 0x00, 0x00, 0x00, 0x00, 0x00,
    0x00, 0x00, 0x00, 0x00, 0x00, 0x00, 0x00, 0x00,
    0x00, 0x00, 0x00, 0x00, 0x00, 0x00, 0x00, 0x00,
    0x00, 0x00, 0x00, 0x00, 0x00, 0x00, 0x00, 0x00,
    0x3f, 0xff, 0xfb, 0x00, 0x00, 0x00, 0x00, 0x00,
    0x00, 0xcf, 0xff, 0xf3, 0x3f, 0xff, 0xfb, 0x00,
    0x00, 0x00, 0x00, 0x00, 0x00, 0xcf, 0xff, 0xf3,
    0x3f, 0xff, 0xfb, 0x00, 0x00, 0x00, 0x00, 0x00,
    0x00, 0xcf, 0xff, 0xf3, 0x3f, 0xff, 0xfb, 0x00,
    0x00, 0x00, 0x00, 0x00, 0x00, 0xcf, 0xff, 0xf3,
    0x3f, 0xff, 0xfb, 0x00, 0x00, 0x00, 0x00, 0x00,
    0x00, 0xcf, 0xff, 0xf3, 0x3f, 0xff, 0xfb, 0x00,
    0x00, 0x00, 0x00, 0x00, 0x00, 0xcf, 0xff, 0xf3,
    0x3f, 0xff, 0xfb, 0x00, 0x00, 0x00, 0x00, 0x00,
    0x00, 0xcf, 0xff, 0xf3, 0x3f, 0xff, 0xfb, 0x00,
    0x00, 0x00, 0x00, 0x00, 0x00, 0xcf, 0xff, 0xf3,
    0x3f, 0xff, 0xfb, 0x00, 0x00, 0x00, 0x00, 0x00,
    0x00, 0xcf, 0xff, 0xf3, 0x3f, 0xff, 0xfb, 0x00,
    0x00, 0x00, 0x00, 0x00, 0x00, 0xcf, 0xff, 0xf3,
    0x3f, 0xff, 0xfb, 0x00, 0x00, 0x00, 0x00, 0x00,
    0x00, 0xcf, 0xff, 0xf3, 0x3f, 0xff, 0xfb, 0x00,
    0x00, 0x00, 0x00, 0x00, 0x00, 0xcf, 0xff, 0xf3,
    0x3f, 0xff, 0xfb, 0x00, 0x00, 0x00, 0x00, 0x00,
    0x00, 0xcf, 0xff, 0xf3, 0x3f, 0xff, 0xfb, 0x00,
    0x00, 0x00, 0x00, 0x00, 0x00, 0xcf, 0xff, 0xf3,
    0x3f, 0xff, 0xfb, 0x00, 0x00, 0x00, 0x00, 0x00,
    0x00, 0xcf, 0xff, 0xf3, 0x3f, 0xff, 0xfb, 0x00,
    0x00, 0x00, 0x00, 0x00, 0x00, 0xcf, 0xff, 0xf3,
    0x3f, 0xff, 0xfb, 0x00, 0x00, 0x00, 0x00, 0x00,
    0x00, 0xcf, 0xff, 0xf3, 0x3f, 0xff, 0xfb, 0x00,
    0x00, 0x00, 0x00, 0x00, 0x00, 0xcf, 0xff, 0xf3,
    0x3f, 0xff, 0xfd, 0x00, 0x00, 0x00, 0x00, 0x00,
    0x00, 0xdf, 0xff, 0xf2, 0x1f, 0xff, 0xff, 0x10,
    0x00, 0x00, 0x00, 0x00, 0x01, 0xff, 0xff, 0xf1,
    0x0e, 0xff, 0xff, 0x70, 0x00, 0x00, 0x00, 0x00,
    0x07, 0xff, 0xff, 0xe0, 0x0a, 0xff, 0xff, 0xf2,
    0x00, 0x00, 0x00, 0x00, 0x3f, 0xff, 0xff, 0x90,
    0x03, 0xff, 0xff, 0xfe, 0x50, 0x00, 0x00, 0x05,
    0xff, 0xff, 0xff, 0x20, 0x00, 0x9f, 0xff, 0xff,
    0xfe, 0x97, 0x79, 0xef, 0xff, 0xff, 0xf9, 0x00,
    0x00, 0x0c, 0xff, 0xff, 0xff, 0xff, 0xff, 0xff,
    0xff, 0xff, 0xc0, 0x00, 0x00, 0x01, 0xbf, 0xff,
    0xff, 0xff, 0xff, 0xff, 0xff, 0xfb, 0x00, 0x00,
    0x00, 0x00, 0x06, 0xef, 0xff, 0xff, 0xff, 0xff,
    0xfe, 0x50, 0x00, 0x00, 0x00, 0x00, 0x00, 0x04,
    0x9c, 0xef, 0xfe, 0xc9, 0x40, 0x00, 0x00, 0x00,

    /* U+0169 "ũ" */
    0x00, 0x00, 0x06, 0xcd, 0x92, 0x00, 0x1d, 0xd9,
    0x00, 0x00, 0x00, 0x07, 0xff, 0xff, 0xf7, 0x16,
    0xff, 0x80, 0x00, 0x00, 0x00, 0xff, 0xff, 0xff,
    0xff, 0xff, 0xf4, 0x00, 0x00, 0x00, 0x4f, 0xfb,
    0x05, 0xef, 0xff, 0xfb, 0x00, 0x00, 0x00, 0x05,
    0xee, 0x50, 0x00, 0x7c, 0xd9, 0x00, 0x00, 0x00,
    0x00, 0x00, 0x00, 0x00, 0x00, 0x00, 0x00, 0x00,
    0x00, 0x00, 0x00, 0x00, 0x00, 0x00, 0x00, 0x00,
    0x00, 0x00, 0x00, 0x00, 0x00, 0x00, 0x00, 0x00,
    0x00, 0x00, 0x00, 0x00, 0x7f, 0xff, 0xf6, 0x00,
    0x00, 0x00, 0x02, 0xff, 0xff, 0xb7, 0xff, 0xff,
    0x60, 0x00, 0x00, 0x00, 0x2f, 0xff, 0xfb, 0x7f,
    0xff, 0xf6, 0x00, 0x00, 0x00, 0x02, 0xff, 0xff,
    0xb7, 0xff, 0xff, 0x60, 0x00, 0x00, 0x00, 0x2f,
    0xff, 0xfb, 0x7f, 0xff, 0xf6, 0x00, 0x00, 0x00,
    0x02, 0xff, 0xff, 0xb7, 0xff, 0xff, 0x60, 0x00,
    0x00, 0x00, 0x2f, 0xff, 0xfb, 0x7f, 0xff, 0xf6,
    0x00, 0x00, 0x00, 0x02, 0xff, 0xff, 0xb7, 0xff,
    0xff, 0x60, 0x00, 0x00, 0x00, 0x2f, 0xff, 0xfb,
    0x7f, 0xff, 0xf6, 0x00, 0x00, 0x00, 0x02, 0xff,
    0xff, 0xb7, 0xff, 0xff, 0x60, 0x00, 0x00, 0x00,
    0x2f, 0xff, 0xfb, 0x7f, 0xff, 0xf6, 0x00, 0x00,
    0x00, 0x02, 0xff, 0xff, 0xb7, 0xff, 0xff, 0x60,
    0x00, 0x00, 0x00, 0x2f, 0xff, 0xfb, 0x7f, 0xff,
    0xf6, 0x00, 0x00, 0x00, 0x02, 0xff, 0xff, 0xb6,
    0xff, 0xff, 0x70, 0x00, 0x00, 0x00, 0x4f, 0xff,
    0xfb, 0x5f, 0xff, 0xfc, 0x00, 0x00, 0x00, 0x0a,
    0xff, 0xff, 0xb2, 0xff, 0xff, 0xf5, 0x00, 0x00,
    0x04, 0xff, 0xff, 0xfb, 0x0d, 0xff, 0xff, 0xf8,
    0x32, 0x39, 0xff, 0xff, 0xff, 0xb0, 0x7f, 0xff,
    0xff, 0xff, 0xff, 0xff, 0xbe, 0xff, 0xfb, 0x00,
    0xcf, 0xff, 0xff, 0xff, 0xff, 0xe2, 0xef, 0xff,
    0xb0, 0x01, 0xbf, 0xff, 0xff, 0xff, 0xe3, 0x0e,
    0xff, 0xfb, 0x00, 0x00, 0x5b, 0xdf, 0xfc, 0x70,
    0x00, 0xef, 0xff, 0xb0,

    /* U+016A "Ū" */
    0x00, 0x00, 0x00, 0x14, 0x44, 0x44, 0x44, 0x44,
    0x41, 0x00, 0x00, 0x00, 0x00, 0x00, 0x00, 0x5f,
    0xff, 0xff, 0xff, 0xff, 0xf4, 0x00, 0x00, 0x00,
    0x00, 0x00, 0x00, 0x5f, 0xff, 0xff, 0xff, 0xff,
    0xf4, 0x00, 0x00, 0x00, 0x00, 0x00, 0x00, 0x5f,
    0xff, 0xff, 0xff, 0xff, 0xf4, 0x00, 0x00, 0x00,
    0x00, 0x00, 0x00, 0x00, 0x00, 0x00, 0x00, 0x00,
    0x00, 0x00, 0x00, 0x00, 0x00, 0x00, 0x00, 0x00,
    0x00, 0x00, 0x00, 0x00, 0x00, 0x00, 0x00, 0x00,
    0x00, 0x00, 0x00, 0x00, 0x00, 0x00, 0x00, 0x00,
    0x00, 0x00, 0x00, 0x00, 0x00, 0x00, 0x00, 0x00,
    0x00, 0x00, 0x00, 0x00, 0x00, 0x00, 0x00, 0x00,
    0x3f, 0xff, 0xfb, 0x00, 0x00, 0x00, 0x00, 0x00,
    0x00, 0xcf, 0xff, 0xf3, 0x3f, 0xff, 0xfb, 0x00,
    0x00, 0x00, 0x00, 0x00, 0x00, 0xcf, 0xff, 0xf3,
    0x3f, 0xff, 0xfb, 0x00, 0x00, 0x00, 0x00, 0x00,
    0x00, 0xcf, 0xff, 0xf3, 0x3f, 0xff, 0xfb, 0x00,
    0x00, 0x00, 0x00, 0x00, 0x00, 0xcf, 0xff, 0xf3,
    0x3f, 0xff, 0xfb, 0x00, 0x00, 0x00, 0x00, 0x00,
    0x00, 0xcf, 0xff, 0xf3, 0x3f, 0xff, 0xfb, 0x00,
    0x00, 0x00, 0x00, 0x00, 0x00, 0xcf, 0xff, 0xf3,
    0x3f, 0xff, 0xfb, 0x00, 0x00, 0x00, 0x00, 0x00,
    0x00, 0xcf, 0xff, 0xf3, 0x3f, 0xff, 0xfb, 0x00,
    0x00, 0x00, 0x00, 0x00, 0x00, 0xcf, 0xff, 0xf3,
    0x3f, 0xff, 0xfb, 0x00, 0x00, 0x00, 0x00, 0x00,
    0x00, 0xcf, 0xff, 0xf3, 0x3f, 0xff, 0xfb, 0x00,
    0x00, 0x00, 0x00, 0x00, 0x00, 0xcf, 0xff, 0xf3,
    0x3f, 0xff, 0xfb, 0x00, 0x00, 0x00, 0x00, 0x00,
    0x00, 0xcf, 0xff, 0xf3, 0x3f, 0xff, 0xfb, 0x00,
    0x00, 0x00, 0x00, 0x00, 0x00, 0xcf, 0xff, 0xf3,
    0x3f, 0xff, 0xfb, 0x00, 0x00, 0x00, 0x00, 0x00,
    0x00, 0xcf, 0xff, 0xf3, 0x3f, 0xff, 0xfb, 0x00,
    0x00, 0x00, 0x00, 0x00, 0x00, 0xcf, 0xff, 0xf3,
    0x3f, 0xff, 0xfb, 0x00, 0x00, 0x00, 0x00, 0x00,
    0x00, 0xcf, 0xff, 0xf3, 0x3f, 0xff, 0xfb, 0x00,
    0x00, 0x00, 0x00, 0x00, 0x00, 0xcf, 0xff, 0xf3,
    0x3f, 0xff, 0xfb, 0x00, 0x00, 0x00, 0x00, 0x00,
    0x00, 0xcf, 0xff, 0xf3, 0x3f, 0xff, 0xfb, 0x00,
    0x00, 0x00, 0x00, 0x00, 0x00, 0xcf, 0xff, 0xf3,
    0x3f, 0xff, 0xfd, 0x00, 0x00, 0x00, 0x00, 0x00,
    0x00, 0xdf, 0xff, 0xf2, 0x1f, 0xff, 0xff, 0x10,
    0x00, 0x00, 0x00, 0x00, 0x01, 0xff, 0xff, 0xf1,
    0x0e, 0xff, 0xff, 0x70, 0x00, 0x00, 0x00, 0x00,
    0x07, 0xff, 0xff, 0xe0, 0x0a, 0xff, 0xff, 0xf2,
    0x00, 0x00, 0x00, 0x00, 0x3f, 0xff, 0xff, 0x90,
    0x03, 0xff, 0xff, 0xfe, 0x50, 0x00, 0x00, 0x05,
    0xff, 0xff, 0xff, 0x20, 0x00, 0x9f, 0xff, 0xff,
    0xfe, 0x97, 0x79, 0xef, 0xff, 0xff, 0xf9, 0x00,
    0x00, 0x0c, 0xff, 0xff, 0xff, 0xff, 0xff, 0xff,
    0xff, 0xff, 0xc0, 0x00, 0x00, 0x01, 0xbf, 0xff,
    0xff, 0xff, 0xff, 0xff, 0xff, 0xfb, 0x00, 0x00,
    0x00, 0x00, 0x06, 0xef, 0xff, 0xff, 0xff, 0xff,
    0xfe, 0x50, 0x00, 0x00, 0x00, 0x00, 0x00, 0x04,
    0x9c, 0xef, 0xfe, 0xc9, 0x40, 0x00, 0x00, 0x00,

    /* U+016B "ū" */
    0x00, 0x00, 0xaf, 0xff, 0xff, 0xff, 0xff, 0xe0,
    0x00, 0x00, 0x00, 0x0a, 0xff, 0xff, 0xff, 0xff,
    0xfe, 0x00, 0x00, 0x00, 0x00, 0xaf, 0xff, 0xff,
    0xff, 0xff, 0xe0, 0x00, 0x00, 0x00, 0x02, 0x33,
    0x33, 0x33, 0x33, 0x33, 0x00, 0x00, 0x00, 0x00,
    0x00, 0x00, 0x00, 0x00, 0x00, 0x00, 0x00, 0x00,
    0x00, 0x00, 0x00, 0x00, 0x00, 0x00, 0x00, 0x00,
    0x00, 0x00, 0x00, 0x00, 0x00, 0x00, 0x00, 0x00,
    0x00, 0x00, 0x07, 0xff, 0xff, 0x60, 0x00, 0x00,
    0x00, 0x2f, 0xff, 0xfb, 0x7f, 0xff, 0xf6, 0x00,
    0x00, 0x00, 0x02, 0xff, 0xff, 0xb7, 0xff, 0xff,
    0x60, 0x00, 0x00, 0x00, 0x2f, 0xff, 0xfb, 0x7f,
    0xff, 0xf6, 0x00, 0x00, 0x00, 0x02, 0xff, 0xff,
    0xb7, 0xff, 0xff, 0x60, 0x00, 0x00, 0x00, 0x2f,
    0xff, 0xfb, 0x7f, 0xff, 0xf6, 0x00, 0x00, 0x00,
    0x02, 0xff, 0xff, 0xb7, 0xff, 0xff, 0x60, 0x00,
    0x00, 0x00, 0x2f, 0xff, 0xfb, 0x7f, 0xff, 0xf6,
    0x00, 0x00, 0x00, 0x02, 0xff, 0xff, 0xb7, 0xff,
    0xff, 0x60, 0x00, 0x00, 0x00, 0x2f, 0xff, 0xfb,
    0x7f, 0xff, 0xf6, 0x00, 0x00, 0x00, 0x02, 0xff,
    0xff, 0xb7, 0xff, 0xff, 0x60, 0x00, 0x00, 0x00,
    0x2f, 0xff, 0xfb, 0x7f, 0xff, 0xf6, 0x00, 0x00,
    0x00, 0x02, 0xff, 0xff, 0xb7, 0xff, 0xff, 0x60,
    0x00, 0x00, 0x00, 0x2f, 0xff, 0xfb, 0x6f, 0xff,
    0xf7, 0x00, 0x00, 0x00, 0x04, 0xff, 0xff, 0xb5,
    0xff, 0xff, 0xc0, 0x00, 0x00, 0x00, 0xaf, 0xff,
    0xfb, 0x2f, 0xff, 0xff, 0x50, 0x00, 0x00, 0x4f,
    0xff, 0xff, 0xb0, 0xdf, 0xff, 0xff, 0x83, 0x23,
    0x9f, 0xff, 0xff, 0xfb, 0x07, 0xff, 0xff, 0xff,
    0xff, 0xff, 0xfb, 0xef, 0xff, 0xb0, 0x0c, 0xff,
    0xff, 0xff, 0xff, 0xfe, 0x2e, 0xff, 0xfb, 0x00,
    0x1b, 0xff, 0xff, 0xff, 0xfe, 0x30, 0xef, 0xff,
    0xb0, 0x00, 0x05, 0xbd, 0xff, 0xc7, 0x00, 0x0e,
    0xff, 0xfb,

    /* U+016C "Ŭ" */
    0x00, 0x00, 0x00, 0x88, 0x70, 0x00, 0x00, 0x07,
    0x87, 0x00, 0x00, 0x00, 0x00, 0x00, 0x00, 0xff,
    0xf2, 0x00, 0x00, 0x3f, 0xfe, 0x00, 0x00, 0x00,
    0x00, 0x00, 0x00, 0xaf, 0xfd, 0x30, 0x03, 0xdf,
    0xf9, 0x00, 0x00, 0x00, 0x00, 0x00, 0x00, 0x2f,
    0xff, 0xfe, 0xef, 0xff, 0xe1, 0x00, 0x00, 0x00,
    0x00, 0x00, 0x00, 0x03, 0xef, 0xff, 0xff, 0xfe,
    0x30, 0x00, 0x00, 0x00, 0x00, 0x00, 0x00, 0x00,
    0x18, 0xdf, 0xfc, 0x71, 0x00, 0x00, 0x00, 0x00,
    0x00, 0x00, 0x00, 0x00, 0x00, 0x00, 0x00, 0x00,
    0x00, 0x00, 0x00, 0x00, 0x00, 0x00, 0x00, 0x00,
    0x00, 0x00, 0x00, 0x00, 0x00, 0x00, 0x00, 0x00,
    0x00, 0x00, 0x00, 0x00, 0x00, 0x00, 0x00, 0x00,
    0x00, 0x00, 0x00, 0x00, 0x3f, 0xff, 0xfb, 0x00,
    0x00, 0x00, 0x00, 0x00, 0x00, 0xcf, 0xff, 0xf3,
    0x3f, 0xff, 0xfb, 0x00, 0x00, 0x00, 0x00, 0x00,
    0x00, 0xcf, 0xff, 0xf3, 0x3f, 0xff, 0xfb, 0x00,
    0x00, 0x00, 0x00, 0x00, 0x00, 0xcf, 0xff, 0xf3,
    0x3f, 0xff, 0xfb, 0x00, 0x00, 0x00, 0x00, 0x00,
    0x00, 0xcf, 0xff, 0xf3, 0x3f, 0xff, 0xfb, 0x00,
    0x00, 0x00, 0x00, 0x00, 0x00, 0xcf, 0xff, 0xf3,
    0x3f, 0xff, 0xfb, 0x00, 0x00, 0x00, 0x00, 0x00,
    0x00, 0xcf, 0xff, 0xf3, 0x3f, 0xff, 0xfb, 0x00,
    0x00, 0x00, 0x00, 0x00, 0x00, 0xcf, 0xff, 0xf3,
    0x3f, 0xff, 0xfb, 0x00, 0x00, 0x00, 0x00, 0x00,
    0x00, 0xcf, 0xff, 0xf3, 0x3f, 0xff, 0xfb, 0x00,
    0x00, 0x00, 0x00, 0x00, 0x00, 0xcf, 0xff, 0xf3,
    0x3f, 0xff, 0xfb, 0x00, 0x00, 0x00, 0x00, 0x00,
    0x00, 0xcf, 0xff, 0xf3, 0x3f, 0xff, 0xfb, 0x00,
    0x00, 0x00, 0x00, 0x00, 0x00, 0xcf, 0xff, 0xf3,
    0x3f, 0xff, 0xfb, 0x00, 0x00, 0x00, 0x00, 0x00,
    0x00, 0xcf, 0xff, 0xf3, 0x3f, 0xff, 0xfb, 0x00,
    0x00, 0x00, 0x00, 0x00, 0x00, 0xcf, 0xff, 0xf3,
    0x3f, 0xff, 0xfb, 0x00, 0x00, 0x00, 0x00, 0x00,
    0x00, 0xcf, 0xff, 0xf3, 0x3f, 0xff, 0xfb, 0x00,
    0x00, 0x00, 0x00, 0x00, 0x00, 0xcf, 0xff, 0xf3,
    0x3f, 0xff, 0xfb, 0x00, 0x00, 0x00, 0x00, 0x00,
    0x00, 0xcf, 0xff, 0xf3, 0x3f, 0xff, 0xfb, 0x00,
    0x00, 0x00, 0x00, 0x00, 0x00, 0xcf, 0xff, 0xf3,
    0x3f, 0xff, 0xfb, 0x00, 0x00, 0x00, 0x00, 0x00,
    0x00, 0xcf, 0xff, 0xf3, 0x3f, 0xff, 0xfd, 0x00,
    0x00, 0x00, 0x00, 0x00, 0x00, 0xdf, 0xff, 0xf2,
    0x1f, 0xff, 0xff, 0x10, 0x00, 0x00, 0x00, 0x00,
    0x01, 0xff, 0xff, 0xf1, 0x0e, 0xff, 0xff, 0x70,
    0x00, 0x00, 0x00, 0x00, 0x07, 0xff, 0xff, 0xe0,
    0x0a, 0xff, 0xff, 0xf2, 0x00, 0x00, 0x00, 0x00,
    0x3f, 0xff, 0xff, 0x90, 0x03, 0xff, 0xff, 0xfe,
    0x50, 0x00, 0x00, 0x05, 0xff, 0xff, 0xff, 0x20,
    0x00, 0x9f, 0xff, 0xff, 0xfe, 0x97, 0x79, 0xef,
    0xff, 0xff, 0xf9, 0x00, 0x00, 0x0c, 0xff, 0xff,
    0xff, 0xff, 0xff, 0xff, 0xff, 0xff, 0xc0, 0x00,
    0x00, 0x01, 0xbf, 0xff, 0xff, 0xff, 0xff, 0xff,
    0xff, 0xfb, 0x00, 0x00, 0x00, 0x00, 0x06, 0xef,
    0xff, 0xff, 0xff, 0xff, 0xfe, 0x50, 0x00, 0x00,
    0x00, 0x00, 0x00, 0x04, 0x9c, 0xef, 0xfe, 0xc9,
    0x40, 0x00, 0x00, 0x00,

    /* U+016D "ŭ" */
    0x00, 0x03, 0x88, 0x40, 0x00, 0x00, 0x28, 0x85,
    0x00, 0x00, 0x00, 0x4f, 0xfc, 0x00, 0x00, 0x08,
    0xff, 0x80, 0x00, 0x00, 0x00, 0xef, 0xf9, 0x00,
    0x06, 0xff, 0xf3, 0x00, 0x00, 0x00, 0x06, 0xff,
    0xff, 0xdf, 0xff, 0xfb, 0x00, 0x00, 0x00, 0x00,
    0x08, 0xff, 0xff, 0xff, 0xfb, 0x00, 0x00, 0x00,
    0x00, 0x00, 0x03, 0xad, 0xfe, 0xb5, 0x00, 0x00,
    0x00, 0x00, 0x00, 0x00, 0x00, 0x00, 0x00, 0x00,
    0x00, 0x00, 0x00, 0x00, 0x00, 0x00, 0x00, 0x00,
    0x00, 0x00, 0x00, 0x00, 0x00, 0x00, 0x00, 0x00,
    0x00, 0x00, 0x00, 0x00, 0x00, 0x07, 0xff, 0xff,
    0x60, 0x00, 0x00, 0x00, 0x2f, 0xff, 0xfb, 0x7f,
    0xff, 0xf6, 0x00, 0x00, 0x00, 0x02, 0xff, 0xff,
    0xb7, 0xff, 0xff, 0x60, 0x00, 0x00, 0x00, 0x2f,
    0xff, 0xfb, 0x7f, 0xff, 0xf6, 0x00, 0x00, 0x00,
    0x02, 0xff, 0xff, 0xb7, 0xff, 0xff, 0x60, 0x00,
    0x00, 0x00, 0x2f, 0xff, 0xfb, 0x7f, 0xff, 0xf6,
    0x00, 0x00, 0x00, 0x02, 0xff, 0xff, 0xb7, 0xff,
    0xff, 0x60, 0x00, 0x00, 0x00, 0x2f, 0xff, 0xfb,
    0x7f, 0xff, 0xf6, 0x00, 0x00, 0x00, 0x02, 0xff,
    0xff, 0xb7, 0xff, 0xff, 0x60, 0x00, 0x00, 0x00,
    0x2f, 0xff, 0xfb, 0x7f, 0xff, 0xf6, 0x00, 0x00,
    0x00, 0x02, 0xff, 0xff, 0xb7, 0xff, 0xff, 0x60,
    0x00, 0x00, 0x00, 0x2f, 0xff, 0xfb, 0x7f, 0xff,
    0xf6, 0x00, 0x00, 0x00, 0x02, 0xff, 0xff, 0xb7,
    0xff, 0xff, 0x60, 0x00, 0x00, 0x00, 0x2f, 0xff,
    0xfb, 0x6f, 0xff, 0xf7, 0x00, 0x00, 0x00, 0x04,
    0xff, 0xff, 0xb5, 0xff, 0xff, 0xc0, 0x00, 0x00,
    0x00, 0xaf, 0xff, 0xfb, 0x2f, 0xff, 0xff, 0x50,
    0x00, 0x00, 0x4f, 0xff, 0xff, 0xb0, 0xdf, 0xff,
    0xff, 0x83, 0x23, 0x9f, 0xff, 0xff, 0xfb, 0x07,
    0xff, 0xff, 0xff, 0xff, 0xff, 0xfb, 0xef, 0xff,
    0xb0, 0x0c, 0xff, 0xff, 0xff, 0xff, 0xfe, 0x2e,
    0xff, 0xfb, 0x00, 0x1b, 0xff, 0xff, 0xff, 0xfe,
    0x30, 0xef, 0xff, 0xb0, 0x00, 0x05, 0xbd, 0xff,
    0xc7, 0x00, 0x0e, 0xff, 0xfb,

    /* U+016E "Ů" */
    0x00, 0x00, 0x00, 0x00, 0x00, 0x25, 0x52, 0x00,
    0x00, 0x00, 0x00, 0x00, 0x00, 0x00, 0x00, 0x00,
    0x2c, 0xff, 0xff, 0xc2, 0x00, 0x00, 0x00, 0x00,
    0x00, 0x00, 0x00, 0x01, 0xef, 0xff, 0xff, 0xfe,
    0x10, 0x00, 0x00, 0x00, 0x00, 0x00, 0x00, 0x0a,
    0xff, 0xa1, 0x1a, 0xff, 0x90, 0x00, 0x00, 0x00,
    0x00, 0x00, 0x00, 0x0e, 0xfe, 0x00, 0x00, 0xef,
    0xe0, 0x00, 0x00, 0x00, 0x00, 0x00, 0x00, 0x0f,
    0xfc, 0x00, 0x00, 0xdf, 0xf0, 0x00, 0x00, 0x00,
    0x00, 0x00, 0x00, 0x0d, 0xff, 0x20, 0x02, 0xff,
    0xd0, 0x00, 0x00, 0x00, 0x00, 0x00, 0x00, 0x07,
    0xff, 0xe7, 0x7e, 0xff, 0x60, 0x00, 0x00, 0x00,
    0x00, 0x00, 0x00, 0x00, 0xaf, 0xff, 0xff, 0xfa,
    0x00, 0x00, 0x00, 0x00, 0x00, 0x00, 0x00, 0x00,
    0x06, 0xcf, 0xfc, 0x50, 0x00, 0x00, 0x00, 0x00,
    0x00, 0x00, 0x00, 0x00, 0x00, 0x00, 0x00, 0x00,
    0x00, 0x00, 0x00, 0x00, 0x3f, 0xff, 0xfb, 0x00,
    0x00, 0x00, 0x00, 0x00, 0x00, 0xcf, 0xff, 0xf3,
    0x3f, 0xff, 0xfb, 0x00, 0x00, 0x00, 0x00, 0x00,
    0x00, 0xcf, 0xff, 0xf3, 0x3f, 0xff, 0xfb, 0x00,
    0x00, 0x00, 0x00, 0x00, 0x00, 0xcf, 0xff, 0xf3,
    0x3f, 0xff, 0xfb, 0x00, 0x00, 0x00, 0x00, 0x00,
    0x00, 0xcf, 0xff, 0xf3, 0x3f, 0xff, 0xfb, 0x00,
    0x00, 0x00, 0x00, 0x00, 0x00, 0xcf, 0xff, 0xf3,
    0x3f, 0xff, 0xfb, 0x00, 0x00, 0x00, 0x00, 0x00,
    0x00, 0xcf, 0xff, 0xf3, 0x3f, 0xff, 0xfb, 0x00,
    0x00, 0x00, 0x00, 0x00, 0x00, 0xcf, 0xff, 0xf3,
    0x3f, 0xff, 0xfb, 0x00, 0x00, 0x00, 0x00, 0x00,
    0x00, 0xcf, 0xff, 0xf3, 0x3f, 0xff, 0xfb, 0x00,
    0x00, 0x00, 0x00, 0x00, 0x00, 0xcf, 0xff, 0xf3,
    0x3f, 0xff, 0xfb, 0x00, 0x00, 0x00, 0x00, 0x00,
    0x00, 0xcf, 0xff, 0xf3, 0x3f, 0xff, 0xfb, 0x00,
    0x00, 0x00, 0x00, 0x00, 0x00, 0xcf, 0xff, 0xf3,
    0x3f, 0xff, 0xfb, 0x00, 0x00, 0x00, 0x00, 0x00,
    0x00, 0xcf, 0xff, 0xf3, 0x3f, 0xff, 0xfb, 0x00,
    0x00, 0x00, 0x00, 0x00, 0x00, 0xcf, 0xff, 0xf3,
    0x3f, 0xff, 0xfb, 0x00, 0x00, 0x00, 0x00, 0x00,
    0x00, 0xcf, 0xff, 0xf3, 0x3f, 0xff, 0xfb, 0x00,
    0x00, 0x00, 0x00, 0x00, 0x00, 0xcf, 0xff, 0xf3,
    0x3f, 0xff, 0xfb, 0x00, 0x00, 0x00, 0x00, 0x00,
    0x00, 0xcf, 0xff, 0xf3, 0x3f, 0xff, 0xfb, 0x00,
    0x00, 0x00, 0x00, 0x00, 0x00, 0xcf, 0xff, 0xf3,
    0x3f, 0xff, 0xfb, 0x00, 0x00, 0x00, 0x00, 0x00,
    0x00, 0xcf, 0xff, 0xf3, 0x3f, 0xff, 0xfd, 0x00,
    0x00, 0x00, 0x00, 0x00, 0x00, 0xdf, 0xff, 0xf2,
    0x1f, 0xff, 0xff, 0x10, 0x00, 0x00, 0x00, 0x00,
    0x01, 0xff, 0xff, 0xf1, 0x0e, 0xff, 0xff, 0x70,
    0x00, 0x00, 0x00, 0x00, 0x07, 0xff, 0xff, 0xe0,
    0x0a, 0xff, 0xff, 0xf2, 0x00, 0x00, 0x00, 0x00,
    0x3f, 0xff, 0xff, 0x90, 0x03, 0xff, 0xff, 0xfe,
    0x50, 0x00, 0x00, 0x05, 0xff, 0xff, 0xff, 0x20,
    0x00, 0x9f, 0xff, 0xff, 0xfe, 0x97, 0x79, 0xef,
    0xff, 0xff, 0xf9, 0x00, 0x00, 0x0c, 0xff, 0xff,
    0xff, 0xff, 0xff, 0xff, 0xff, 0xff, 0xc0, 0x00,
    0x00, 0x01, 0xbf, 0xff, 0xff, 0xff, 0xff, 0xff,
    0xff, 0xfb, 0x00, 0x00, 0x00, 0x00, 0x06, 0xef,
    0xff, 0xff, 0xff, 0xff, 0xfe, 0x50, 0x00, 0x00,
    0x00, 0x00, 0x00, 0x04, 0x9c, 0xef, 0xfe, 0xc9,
    0x40, 0x00, 0x00, 0x00,

    /* U+016F "ů" */
    0x00, 0x00, 0x00, 0x08, 0xdf, 0xe9, 0x20, 0x00,
    0x00, 0x00, 0x00, 0x00, 0x1d, 0xff, 0xff, 0xff,
    0x40, 0x00, 0x00, 0x00, 0x00, 0x0c, 0xff, 0xc8,
    0xbf, 0xff, 0x10, 0x00, 0x00, 0x00, 0x03, 0xff,
    0xc0, 0x00, 0x8f, 0xf7, 0x00, 0x00, 0x00, 0x00,
    0x5f, 0xf6, 0x00, 0x02, 0xff, 0x90, 0x00, 0x00,
    0x00, 0x04, 0xff, 0x80, 0x00, 0x4f, 0xf8, 0x00,
    0x00, 0x00, 0x00, 0x0f, 0xff, 0x50, 0x3d, 0xff,
    0x40, 0x00, 0x00, 0x00, 0x00, 0x6f, 0xff, 0xff,
    0xff, 0xa0, 0x00, 0x00, 0x00, 0x00, 0x00, 0x6f,
    0xff, 0xff, 0x90, 0x00, 0x00, 0x00, 0x00, 0x00,
    0x00, 0x05, 0x65, 0x10, 0x00, 0x00, 0x00, 0x00,
    0x00, 0x00, 0x00, 0x00, 0x00, 0x00, 0x00, 0x00,
    0x07, 0xff, 0xff, 0x60, 0x00, 0x00, 0x00, 0x2f,
    0xff, 0xfb, 0x7f, 0xff, 0xf6, 0x00, 0x00, 0x00,
    0x02, 0xff, 0xff, 0xb7, 0xff, 0xff, 0x60, 0x00,
    0x00, 0x00, 0x2f, 0xff, 0xfb, 0x7f, 0xff, 0xf6,
    0x00, 0x00, 0x00, 0x02, 0xff, 0xff, 0xb7, 0xff,
    0xff, 0x60, 0x00, 0x00, 0x00, 0x2f, 0xff, 0xfb,
    0x7f, 0xff, 0xf6, 0x00, 0x00, 0x00, 0x02, 0xff,
    0xff, 0xb7, 0xff, 0xff, 0x60, 0x00, 0x00, 0x00,
    0x2f, 0xff, 0xfb, 0x7f, 0xff, 0xf6, 0x00, 0x00,
    0x00, 0x02, 0xff, 0xff, 0xb7, 0xff, 0xff, 0x60,
    0x00, 0x00, 0x00, 0x2f, 0xff, 0xfb, 0x7f, 0xff,
    0xf6, 0x00, 0x00, 0x00, 0x02, 0xff, 0xff, 0xb7,
    0xff, 0xff, 0x60, 0x00, 0x00, 0x00, 0x2f, 0xff,
    0xfb, 0x7f, 0xff, 0xf6, 0x00, 0x00, 0x00, 0x02,
    0xff, 0xff, 0xb7, 0xff, 0xff, 0x60, 0x00, 0x00,
    0x00, 0x2f, 0xff, 0xfb, 0x6f, 0xff, 0xf7, 0x00,
    0x00, 0x00, 0x04, 0xff, 0xff, 0xb5, 0xff, 0xff,
    0xc0, 0x00, 0x00, 0x00, 0xaf, 0xff, 0xfb, 0x2f,
    0xff, 0xff, 0x50, 0x00, 0x00, 0x4f, 0xff, 0xff,
    0xb0, 0xdf, 0xff, 0xff, 0x83, 0x23, 0x9f, 0xff,
    0xff, 0xfb, 0x07, 0xff, 0xff, 0xff, 0xff, 0xff,
    0xfb, 0xef, 0xff, 0xb0, 0x0c, 0xff, 0xff, 0xff,
    0xff, 0xfe, 0x2e, 0xff, 0xfb, 0x00, 0x1b, 0xff,
    0xff, 0xff, 0xfe, 0x30, 0xef, 0xff, 0xb0, 0x00,
    0x05, 0xbd, 0xff, 0xc7, 0x00, 0x0e, 0xff, 0xfb,

    /* U+0170 "Ű" */
    0x00, 0x00, 0x00, 0x05, 0xbb, 0xba, 0x00, 0x1a,
    0xbb, 0xb6, 0x00, 0x00, 0x00, 0x00, 0x00, 0x0c,
    0xff, 0xf9, 0x00, 0x9f, 0xff, 0xd1, 0x00, 0x00,
    0x00, 0x00, 0x00, 0x2f, 0xff, 0xf1, 0x02, 0xff,
    0xff, 0x30, 0x00, 0x00, 0x00, 0x00, 0x00, 0x7f,
    0xff, 0x70, 0x0b, 0xff, 0xf6, 0x00, 0x00, 0x00,
    0x00, 0x00, 0x00, 0xdf, 0xfe, 0x00, 0x4f, 0xff,
    0xa0, 0x00, 0x00, 0x00, 0x00, 0x00, 0x03, 0xff,
    0xf6, 0x00, 0xcf, 0xfd, 0x00, 0x00, 0x00, 0x00,
    0x00, 0x00, 0x00, 0x00, 0x00, 0x00, 0x00, 0x00,
    0x00, 0x00, 0x00, 0x00, 0x00, 0x00, 0x00, 0x00,
    0x00, 0x00, 0x00, 0x00, 0x00, 0x00, 0x00, 0x00,
    0x00, 0x00, 0x00, 0x00, 0x00, 0x00, 0x00, 0x00,
    0x00, 0x00, 0x00, 0x00, 0x3f, 0xff, 0xfb, 0x00,
    0x00, 0x00, 0x00, 0x00, 0x00, 0xcf, 0xff, 0xf3,
    0x3f, 0xff, 0xfb, 0x00, 0x00, 0x00, 0x00, 0x00,
    0x00, 0xcf, 0xff, 0xf3, 0x3f, 0xff, 0xfb, 0x00,
    0x00, 0x00, 0x00, 0x00, 0x00, 0xcf, 0xff, 0xf3,
    0x3f, 0xff, 0xfb, 0x00, 0x00, 0x00, 0x00, 0x00,
    0x00, 0xcf, 0xff, 0xf3, 0x3f, 0xff, 0xfb, 0x00,
    0x00, 0x00, 0x00, 0x00, 0x00, 0xcf, 0xff, 0xf3,
    0x3f, 0xff, 0xfb, 0x00, 0x00, 0x00, 0x00, 0x00,
    0x00, 0xcf, 0xff, 0xf3, 0x3f, 0xff, 0xfb, 0x00,
    0x00, 0x00, 0x00, 0x00, 0x00, 0xcf, 0xff, 0xf3,
    0x3f, 0xff, 0xfb, 0x00, 0x00, 0x00, 0x00, 0x00,
    0x00, 0xcf, 0xff, 0xf3, 0x3f, 0xff, 0xfb, 0x00,
    0x00, 0x00, 0x00, 0x00, 0x00, 0xcf, 0xff, 0xf3,
    0x3f, 0xff, 0xfb, 0x00, 0x00, 0x00, 0x00, 0x00,
    0x00, 0xcf, 0xff, 0xf3, 0x3f, 0xff, 0xfb, 0x00,
    0x00, 0x00, 0x00, 0x00, 0x00, 0xcf, 0xff, 0xf3,
    0x3f, 0xff, 0xfb, 0x00, 0x00, 0x00, 0x00, 0x00,
    0x00, 0xcf, 0xff, 0xf3, 0x3f, 0xff, 0xfb, 0x00,
    0x00, 0x00, 0x00, 0x00, 0x00, 0xcf, 0xff, 0xf3,
    0x3f, 0xff, 0xfb, 0x00, 0x00, 0x00, 0x00, 0x00,
    0x00, 0xcf, 0xff, 0xf3, 0x3f, 0xff, 0xfb, 0x00,
    0x00, 0x00, 0x00, 0x00, 0x00, 0xcf, 0xff, 0xf3,
    0x3f, 0xff, 0xfb, 0x00, 0x00, 0x00, 0x00, 0x00,
    0x00, 0xcf, 0xff, 0xf3, 0x3f, 0xff, 0xfb, 0x00,
    0x00, 0x00, 0x00, 0x00, 0x00, 0xcf, 0xff, 0xf3,
    0x3f, 0xff, 0xfb, 0x00, 0x00, 0x00, 0x00, 0x00,
    0x00, 0xcf, 0xff, 0xf3, 0x3f, 0xff, 0xfd, 0x00,
    0x00, 0x00, 0x00, 0x00, 0x00, 0xdf, 0xff, 0xf2,
    0x1f, 0xff, 0xff, 0x10, 0x00, 0x00, 0x00, 0x00,
    0x01, 0xff, 0xff, 0xf1, 0x0e, 0xff, 0xff, 0x70,
    0x00, 0x00, 0x00, 0x00, 0x07, 0xff, 0xff, 0xe0,
    0x0a, 0xff, 0xff, 0xf2, 0x00, 0x00, 0x00, 0x00,
    0x3f, 0xff, 0xff, 0x90, 0x03, 0xff, 0xff, 0xfe,
    0x50, 0x00, 0x00, 0x05, 0xff, 0xff, 0xff, 0x20,
    0x00, 0x9f, 0xff, 0xff, 0xfe, 0x97, 0x79, 0xef,
    0xff, 0xff, 0xf9, 0x00, 0x00, 0x0c, 0xff, 0xff,
    0xff, 0xff, 0xff, 0xff, 0xff, 0xff, 0xc0, 0x00,
    0x00, 0x01, 0xbf, 0xff, 0xff, 0xff, 0xff, 0xff,
    0xff, 0xfb, 0x00, 0x00, 0x00, 0x00, 0x06, 0xef,
    0xff, 0xff, 0xff, 0xff, 0xfe, 0x50, 0x00, 0x00,
    0x00, 0x00, 0x00, 0x04, 0x9c, 0xef, 0xfe, 0xc9,
    0x40, 0x00, 0x00, 0x00,

    /* U+0171 "ű" */
    0x00, 0x00, 0x0e, 0xff, 0xf9, 0x00, 0x9f, 0xff,
    0xf2, 0x00, 0x00, 0x03, 0xff, 0xff, 0x10, 0x2f,
    0xff, 0xf5, 0x00, 0x00, 0x00, 0x9f, 0xff, 0x70,
    0x0b, 0xff, 0xf9, 0x00, 0x00, 0x00, 0x0e, 0xff,
    0xe0, 0x03, 0xff, 0xfc, 0x00, 0x00, 0x00, 0x05,
    0xff, 0xf6, 0x00, 0xcf, 0xfe, 0x10, 0x00, 0x00,
    0x00, 0x6b, 0xba, 0x00, 0x2b, 0xbb, 0x40, 0x00,
    0x00, 0x00, 0x00, 0x00, 0x00, 0x00, 0x00, 0x00,
    0x00, 0x00, 0x00, 0x00, 0x00, 0x00, 0x00, 0x00,
    0x00, 0x00, 0x00, 0x00, 0x7f, 0xff, 0xf6, 0x00,
    0x00, 0x00, 0x02, 0xff, 0xff, 0xb7, 0xff, 0xff,
    0x60, 0x00, 0x00, 0x00, 0x2f, 0xff, 0xfb, 0x7f,
    0xff, 0xf6, 0x00, 0x00, 0x00, 0x02, 0xff, 0xff,
    0xb7, 0xff, 0xff, 0x60, 0x00, 0x00, 0x00, 0x2f,
    0xff, 0xfb, 0x7f, 0xff, 0xf6, 0x00, 0x00, 0x00,
    0x02, 0xff, 0xff, 0xb7, 0xff, 0xff, 0x60, 0x00,
    0x00, 0x00, 0x2f, 0xff, 0xfb, 0x7f, 0xff, 0xf6,
    0x00, 0x00, 0x00, 0x02, 0xff, 0xff, 0xb7, 0xff,
    0xff, 0x60, 0x00, 0x00, 0x00, 0x2f, 0xff, 0xfb,
    0x7f, 0xff, 0xf6, 0x00, 0x00, 0x00, 0x02, 0xff,
    0xff, 0xb7, 0xff, 0xff, 0x60, 0x00, 0x00, 0x00,
    0x2f, 0xff, 0xfb, 0x7f, 0xff, 0xf6, 0x00, 0x00,
    0x00, 0x02, 0xff, 0xff, 0xb7, 0xff, 0xff, 0x60,
    0x00, 0x00, 0x00, 0x2f, 0xff, 0xfb, 0x7f, 0xff,
    0xf6, 0x00, 0x00, 0x00, 0x02, 0xff, 0xff, 0xb6,
    0xff, 0xff, 0x70, 0x00, 0x00, 0x00, 0x4f, 0xff,
    0xfb, 0x5f, 0xff, 0xfc, 0x00, 0x00, 0x00, 0x0a,
    0xff, 0xff, 0xb2, 0xff, 0xff, 0xf5, 0x00, 0x00,
    0x04, 0xff, 0xff, 0xfb, 0x0d, 0xff, 0xff, 0xf8,
    0x32, 0x39, 0xff, 0xff, 0xff, 0xb0, 0x7f, 0xff,
    0xff, 0xff, 0xff, 0xff, 0xbe, 0xff, 0xfb, 0x00,
    0xcf, 0xff, 0xff, 0xff, 0xff, 0xe2, 0xef, 0xff,
    0xb0, 0x01, 0xbf, 0xff, 0xff, 0xff, 0xe3, 0x0e,
    0xff, 0xfb, 0x00, 0x00, 0x5b, 0xdf, 0xfc, 0x70,
    0x00, 0xef, 0xff, 0xb0,

    /* U+0172 "Ų" */
    0x3f, 0xff, 0xfb, 0x00, 0x00, 0x00, 0x00, 0x00,
    0x00, 0xcf, 0xff, 0xf3, 0x3f, 0xff, 0xfb, 0x00,
    0x00, 0x00, 0x00, 0x00, 0x00, 0xcf, 0xff, 0xf3,
    0x3f, 0xff, 0xfb, 0x00, 0x00, 0x00, 0x00, 0x00,
    0x00, 0xcf, 0xff, 0xf3, 0x3f, 0xff, 0xfb, 0x00,
    0x00, 0x00, 0x00, 0x00, 0x00, 0xcf, 0xff, 0xf3,
    0x3f, 0xff, 0xfb, 0x00, 0x00, 0x00, 0x00, 0x00,
    0x00, 0xcf, 0xff, 0xf3, 0x3f, 0xff, 0xfb, 0x00,
    0x00, 0x00, 0x00, 0x00, 0x00, 0xcf, 0xff, 0xf3,
    0x3f, 0xff, 0xfb, 0x00, 0x00, 0x00, 0x00, 0x00,
    0x00, 0xcf, 0xff, 0xf3, 0x3f, 0xff, 0xfb, 0x00,
    0x00, 0x00, 0x00, 0x00, 0x00, 0xcf, 0xff, 0xf3,
    0x3f, 0xff, 0xfb, 0x00, 0x00, 0x00, 0x00, 0x00,
    0x00, 0xcf, 0xff, 0xf3, 0x3f, 0xff, 0xfb, 0x00,
    0x00, 0x00, 0x00, 0x00, 0x00, 0xcf, 0xff, 0xf3,
    0x3f, 0xff, 0xfb, 0x00, 0x00, 0x00, 0x00, 0x00,
    0x00, 0xcf, 0xff, 0xf3, 0x3f, 0xff, 0xfb, 0x00,
    0x00, 0x00, 0x00, 0x00, 0x00, 0xcf, 0xff, 0xf3,
    0x3f, 0xff, 0xfb, 0x00, 0x00, 0x00, 0x00, 0x00,
    0x00, 0xcf, 0xff, 0xf3, 0x3f, 0xff, 0xfb, 0x00,
    0x00, 0x00, 0x00, 0x00, 0x00, 0xcf, 0xff, 0xf3,
    0x3f, 0xff, 0xfb, 0x00, 0x00, 0x00, 0x00, 0x00,
    0x00, 0xcf, 0xff, 0xf3, 0x3f, 0xff, 0xfb, 0x00,
    0x00, 0x00, 0x00, 0x00, 0x00, 0xcf, 0xff, 0xf3,
    0x3f, 0xff, 0xfb, 0x00, 0x00, 0x00, 0x00, 0x00,
    0x00, 0xcf, 0xff, 0xf3, 0x3f, 0xff, 0xfb, 0x00,
    0x00, 0x00, 0x00, 0x00, 0x00, 0xcf, 0xff, 0xf3,
    0x3f, 0xff, 0xfd, 0x00, 0x00, 0x00, 0x00, 0x00,
    0x00, 0xdf, 0xff, 0xf5, 0x1f, 0xff, 0xff, 0x10,
    0x00, 0x00, 0x00, 0x00, 0x01, 0xff, 0xff, 0xf2,
    0x0e, 0xff, 0xff, 0x70, 0x00, 0x00, 0x00, 0x00,
    0x07, 0xff, 0xff, 0xf0, 0x0a, 0xff, 0xff, 0xf2,
    0x00, 0x00, 0x00, 0x00, 0x3f, 0xff, 0xff, 0xf0,
    0x03, 0xff, 0xff, 0xfe, 0x50, 0x00, 0x00, 0x05,
    0xff, 0xff, 0xff, 0x70, 0x00, 0x9f, 0xff, 0xff,
    0xfe, 0x97, 0x79, 0xef, 0xff, 0xff, 0xff, 0x00,
    0x00, 0x0c, 0xff, 0xff, 0xff, 0xff, 0xff, 0xff,
    0xff, 0xff, 0xf2, 0x00, 0x00, 0x01, 0xbf, 0xff,
    0xff, 0xff, 0xff, 0xff, 0xff, 0xff, 0x30, 0x00,
    0x00, 0x00, 0x06, 0xef, 0xff, 0xff, 0xff, 0xff,
    0xff, 0xf1, 0x00, 0x00, 0x00, 0x00, 0x00, 0x04,
    0x9c, 0xef, 0xff, 0xff, 0xf4, 0x00, 0x00, 0x00,
    0x00, 0x00, 0x00, 0x00, 0x00, 0x5f, 0xff, 0xf7,
    0x00, 0x00, 0x00, 0x00, 0x00, 0x00, 0x00, 0x00,
    0x06, 0xff, 0xfd, 0x20, 0x00, 0x00, 0x00, 0x00,
    0x00, 0x00, 0x00, 0x00, 0x1f, 0xff, 0xf1, 0x00,
    0x00, 0x00, 0x00, 0x00, 0x00, 0x00, 0x00, 0x00,
    0x6f, 0xff, 0xe0, 0x00, 0x00, 0x00, 0x00, 0x00,
    0x00, 0x00, 0x00, 0x00, 0x7f, 0xff, 0xf7, 0x47,
    0x00, 0x00, 0x00, 0x00, 0x00, 0x00, 0x00, 0x00,
    0x3f, 0xff, 0xff, 0xff, 0x40, 0x00, 0x00, 0x00,
    0x00, 0x00, 0x00, 0x00, 0x09, 0xff, 0xff, 0xff,
    0xb0, 0x00, 0x00, 0x00, 0x00, 0x00, 0x00, 0x00,
    0x00, 0x5c, 0xff, 0xea, 0x40, 0x00, 0x00, 0x00,

    /* U+0173 "ų" */
    0x7f, 0xff, 0xf6, 0x00, 0x00, 0x00, 0x02, 0xff,
    0xff, 0xb0, 0x7f, 0xff, 0xf6, 0x00, 0x00, 0x00,
    0x02, 0xff, 0xff, 0xb0, 0x7f, 0xff, 0xf6, 0x00,
    0x00, 0x00, 0x02, 0xff, 0xff, 0xb0, 0x7f, 0xff,
    0xf6, 0x00, 0x00, 0x00, 0x02, 0xff, 0xff, 0xb0,
    0x7f, 0xff, 0xf6, 0x00, 0x00, 0x00, 0x02, 0xff,
    0xff, 0xb0, 0x7f, 0xff, 0xf6, 0x00, 0x00, 0x00,
    0x02, 0xff, 0xff, 0xb0, 0x7f, 0xff, 0xf6, 0x00,
    0x00, 0x00, 0x02, 0xff, 0xff, 0xb0, 0x7f, 0xff,
    0xf6, 0x00, 0x00, 0x00, 0x02, 0xff, 0xff, 0xb0,
    0x7f, 0xff, 0xf6, 0x00, 0x00, 0x00, 0x02, 0xff,
    0xff, 0xb0, 0x7f, 0xff, 0xf6, 0x00, 0x00, 0x00,
    0x02, 0xff, 0xff, 0xb0, 0x7f, 0xff, 0xf6, 0x00,
    0x00, 0x00, 0x02, 0xff, 0xff, 0xb0, 0x7f, 0xff,
    0xf6, 0x00, 0x00, 0x00, 0x02, 0xff, 0xff, 0xb0,
    0x7f, 0xff, 0xf6, 0x00, 0x00, 0x00, 0x02, 0xff,
    0xff, 0xb0, 0x6f, 0xff, 0xf7, 0x00, 0x00, 0x00,
    0x04, 0xff, 0xff, 0xb0, 0x5f, 0xff, 0xfc, 0x00,
    0x00, 0x00, 0x0a, 0xff, 0xff, 0xb0, 0x2f, 0xff,
    0xff, 0x50, 0x00, 0x00, 0x4f, 0xff, 0xff, 0xb0,
    0x0d, 0xff, 0xff, 0xf8, 0x32, 0x39, 0xff, 0xff,
    0xff, 0xb0, 0x07, 0xff, 0xff, 0xff, 0xff, 0xff,
    0xfb, 0xef, 0xff, 0xb0, 0x00, 0xcf, 0xff, 0xff,
    0xff, 0xff, 0xe2, 0xef, 0xff, 0xb0, 0x00, 0x1b,
    0xff, 0xff, 0xff, 0xfe, 0x30, 0xef, 0xff, 0xb0,
    0x00, 0x00, 0x5b, 0xdf, 0xfc, 0x70, 0x00, 0xff,
    0xff, 0xb0, 0x00, 0x00, 0x00, 0x00, 0x00, 0x00,
    0x1d, 0xff, 0xfb, 0x20, 0x00, 0x00, 0x00, 0x00,
    0x00, 0x00, 0xcf, 0xff, 0x90, 0x00, 0x00, 0x00,
    0x00, 0x00, 0x00, 0x05, 0xff, 0xfd, 0x00, 0x00,
    0x00, 0x00, 0x00, 0x00, 0x00, 0x09, 0xff, 0xfa,
    0x00, 0x00, 0x00, 0x00, 0x00, 0x00, 0x00, 0x0a,
    0xff, 0xff, 0x54, 0x60, 0x00, 0x00, 0x00, 0x00,
    0x00, 0x07, 0xff, 0xff, 0xff, 0xf1, 0x00, 0x00,
    0x00, 0x00, 0x00, 0x00, 0xdf, 0xff, 0xff, 0xf8,
    0x00, 0x00, 0x00, 0x00, 0x00, 0x00, 0x07, 0xce,
    0xfd, 0x92,

    /* U+0174 "Ŵ" */
    0x00, 0x00, 0x00, 0x00, 0x00, 0x00, 0x00, 0x00,
    0x2e, 0xff, 0xfc, 0x00, 0x00, 0x00, 0x00, 0x00,
    0x00, 0x00, 0x00, 0x00, 0x00, 0x00, 0x00, 0x00,
    0x00, 0x00, 0x01, 0xdf, 0xff, 0xff, 0xb0, 0x00,
    0x00, 0x00, 0x00, 0x00, 0x00, 0x00, 0x00, 0x00,
    0x00, 0x00, 0x00, 0x00, 0x00, 0x1d, 0xff, 0xf9,
    0xff, 0xf9, 0x00, 0x00, 0x00, 0x00, 0x00, 0x00,
    0x00, 0x00, 0x00, 0x00, 0x00, 0x00, 0x00, 0x00,
    0xcf, 0xff, 0x60, 0x9f, 0xff, 0x80, 0x00, 0x00,
    0x00, 0x00, 0x00, 0x00, 0x00, 0x00, 0x00, 0x00,
    0x00, 0x00, 0x0c, 0xff, 0xf9, 0x00, 0x0c, 0xff,
    0xf7, 0x00, 0x00, 0x00, 0x00, 0x00, 0x00, 0x00,
    0x00, 0x00, 0x00, 0x00, 0x00, 0x38, 0x88, 0x70,
    0x00, 0x01, 0x78, 0x87, 0x10, 0x00, 0x00, 0x00,
    0x00, 0x00, 0x00, 0x00, 0x00, 0x00, 0x00, 0x00,
    0x00, 0x00, 0x00, 0x00, 0x00, 0x00, 0x00, 0x00,
    0x00, 0x00, 0x00, 0x00, 0x00, 0x00, 0x00, 0x00,
    0x00, 0x00, 0x00, 0x00, 0x00, 0x00, 0x00, 0x00,
    0x00, 0x00, 0x00, 0x00, 0x00, 0x00, 0x00, 0x00,
    0x0e, 0xff, 0xff, 0x50, 0x00, 0x00, 0x00, 0x00,
    0x6f, 0xff, 0xff, 0x20, 0x00, 0x00, 0x00, 0x00,
    0xaf, 0xff, 0xfb, 0x0a, 0xff, 0xff, 0x90, 0x00,
    0x00, 0x00, 0x00, 0xaf, 0xff, 0xff, 0x60, 0x00,
    0x00, 0x00, 0x00, 0xef, 0xff, 0xf6, 0x06, 0xff,
    0xff, 0xd0, 0x00, 0x00, 0x00, 0x00, 0xef, 0xff,
    0xff, 0xa0, 0x00, 0x00, 0x00, 0x01, 0xff, 0xff,
    0xf2, 0x02, 0xff, 0xff, 0xf1, 0x00, 0x00, 0x00,
    0x02, 0xff, 0xff, 0xff, 0xe0, 0x00, 0x00, 0x00,
    0x05, 0xff, 0xff, 0xe0, 0x00, 0xef, 0xff, 0xf5,
    0x00, 0x00, 0x00, 0x06, 0xff, 0xff, 0xff, 0xf2,
    0x00, 0x00, 0x00, 0x09, 0xff, 0xff, 0xa0, 0x00,
    0x9f, 0xff, 0xf9, 0x00, 0x00, 0x00, 0x0a, 0xff,
    0xff, 0xff, 0xf6, 0x00, 0x00, 0x00, 0x0d, 0xff,
    0xff, 0x50, 0x00, 0x5f, 0xff, 0xfd, 0x00, 0x00,
    0x00, 0x0e, 0xff, 0xfd, 0xff, 0xfa, 0x00, 0x00,
    0x00, 0x1f, 0xff, 0xff, 0x10, 0x00, 0x1f, 0xff,
    0xff, 0x10, 0x00, 0x00, 0x2f, 0xff, 0xf7, 0xff,
    0xfe, 0x00, 0x00, 0x00, 0x5f, 0xff, 0xfd, 0x00,
    0x00, 0x0d, 0xff, 0xff, 0x40, 0x00, 0x00, 0x6f,
    0xff, 0xe3, 0xff, 0xff, 0x20, 0x00, 0x00, 0x8f,
    0xff, 0xf8, 0x00, 0x00, 0x08, 0xff, 0xff, 0x80,
    0x00, 0x00, 0xaf, 0xff, 0xb0, 0xff, 0xff, 0x60,
    0x00, 0x00, 0xcf, 0xff, 0xf4, 0x00, 0x00, 0x04,
    0xff, 0xff, 0xc0, 0x00, 0x00, 0xef, 0xff, 0x80,
    0xdf, 0xff, 0xa0, 0x00, 0x00, 0xff, 0xff, 0xf0,
    0x00, 0x00, 0x00, 0xff, 0xff, 0xf0, 0x00, 0x02,
    0xff, 0xff, 0x40, 0x9f, 0xff, 0xe0, 0x00, 0x04,
    0xff, 0xff, 0xc0, 0x00, 0x00, 0x00, 0xbf, 0xff,
    0xf4, 0x00, 0x06, 0xff, 0xff, 0x10, 0x5f, 0xff,
    0xf2, 0x00, 0x08, 0xff, 0xff, 0x70, 0x00, 0x00,
    0x00, 0x7f, 0xff, 0xf8, 0x00, 0x0a, 0xff, 0xfd,
    0x00, 0x1f, 0xff, 0xf6, 0x00, 0x0c, 0xff, 0xff,
    0x30, 0x00, 0x00, 0x00, 0x3f, 0xff, 0xfc, 0x00,
    0x0e, 0xff, 0xf9, 0x00, 0x0d, 0xff, 0xfa, 0x00,
    0x0f, 0xff, 0xff, 0x00, 0x00, 0x00, 0x00, 0x0e,
    0xff, 0xff, 0x00, 0x2f, 0xff, 0xf5, 0x00, 0x09,
    0xff, 0xfd, 0x00, 0x3f, 0xff, 0xfb, 0x00, 0x00,
    0x00, 0x00, 0x0a, 0xff, 0xff, 0x20, 0x5f, 0xff,
    0xf1, 0x00, 0x05, 0xff, 0xff, 0x10, 0x6f, 0xff,
    0xf6, 0x00, 0x00, 0x00, 0x00, 0x06, 0xff, 0xff,
    0x60, 0x8f, 0xff, 0xc0, 0x00, 0x01, 0xff, 0xff,
    0x40, 0xaf, 0xff, 0xf2, 0x00, 0x00, 0x00, 0x00,
    0x02, 0xff, 0xff, 0x90, 0xcf, 0xff, 0x80, 0x00,
    0x00, 0xcf, 0xff, 0x80, 0xdf, 0xff, 0xe0, 0x00,
    0x00, 0x00, 0x00, 0x00, 0xef, 0xff, 0xc0, 0xff,
    0xff, 0x40, 0x00, 0x00, 0x8f, 0xff, 0xb0, 0xff,
    0xff, 0xa0, 0x00, 0x00, 0x00, 0x00, 0x00, 0x9f,
    0xff, 0xe2, 0xff, 0xff, 0x00, 0x00, 0x00, 0x4f,
    0xff, 0xe3, 0xff, 0xff, 0x50, 0x00, 0x00, 0x00,
    0x00, 0x00, 0x5f, 0xff, 0xf6, 0xff, 0xfc, 0x00,
    0x00, 0x00, 0x0f, 0xff, 0xf7, 0xff, 0xff, 0x10,
    0x00, 0x00, 0x00, 0x00, 0x00, 0x1f, 0xff, 0xfc,
    0xff, 0xf7, 0x00, 0x00, 0x00, 0x0c, 0xff, 0xfc,
    0xff, 0xfd, 0x00, 0x00, 0x00, 0x00, 0x00, 0x00,
    0x0d, 0xff, 0xff, 0xff, 0xf3, 0x00, 0x00, 0x00,
    0x07, 0xff, 0xff, 0xff, 0xf8, 0x00, 0x00, 0x00,
    0x00, 0x00, 0x00, 0x08, 0xff, 0xff, 0xff, 0xf0,
    0x00, 0x00, 0x00, 0x03, 0xff, 0xff, 0xff, 0xf4,
    0x00, 0x00, 0x00, 0x00, 0x00, 0x00, 0x04, 0xff,
    0xff, 0xff, 0xb0, 0x00, 0x00, 0x00, 0x00, 0xff,
    0xff, 0xff, 0xf0, 0x00, 0x00, 0x00, 0x00, 0x00,
    0x00, 0x00, 0xff, 0xff, 0xff, 0x70, 0x00, 0x00,
    0x00, 0x00, 0xbf, 0xff, 0xff, 0xc0, 0x00, 0x00,
    0x00, 0x00, 0x00, 0x00, 0x00, 0xbf, 0xff, 0xff,
    0x30, 0x00, 0x00, 0x00, 0x00, 0x7f, 0xff, 0xff,
    0x70, 0x00, 0x00, 0x00,

    /* U+0175 "ŵ" */
    0x00, 0x00, 0x00, 0x00, 0x00, 0x00, 0x07, 0xff,
    0xff, 0x50, 0x00, 0x00, 0x00, 0x00, 0x00, 0x00,
    0x00, 0x00, 0x00, 0x00, 0x00, 0x00, 0x6f, 0xff,
    0xff, 0xf4, 0x00, 0x00, 0x00, 0x00, 0x00, 0x00,
    0x00, 0x00, 0x00, 0x00, 0x00, 0x05, 0xff, 0xfc,
    0xdf, 0xff, 0x30, 0x00, 0x00, 0x00, 0x00, 0x00,
    0x00, 0x00, 0x00, 0x00, 0x00, 0x4f, 0xff, 0xd1,
    0x2e, 0xff, 0xe2, 0x00, 0x00, 0x00, 0x00, 0x00,
    0x00, 0x00, 0x00, 0x00, 0x04, 0xff, 0xff, 0x20,
    0x04, 0xff, 0xfe, 0x10, 0x00, 0x00, 0x00, 0x00,
    0x00, 0x00, 0x00, 0x00, 0x07, 0x88, 0x83, 0x00,
    0x00, 0x58, 0x88, 0x50, 0x00, 0x00, 0x00, 0x00,
    0x00, 0x00, 0x00, 0x00, 0x00, 0x00, 0x00, 0x00,
    0x00, 0x00, 0x00, 0x00, 0x00, 0x00, 0x00, 0x00,
    0x00, 0x00, 0x00, 0x00, 0x00, 0x00, 0x00, 0x00,
    0x00, 0x00, 0x00, 0x00, 0x00, 0x00, 0x00, 0x00,
    0x0f, 0xff, 0xff, 0x00, 0x00, 0x00, 0x07, 0xff,
    0xff, 0x60, 0x00, 0x00, 0x02, 0xff, 0xff, 0xe0,
    0x0b, 0xff, 0xff, 0x40, 0x00, 0x00, 0x0b, 0xff,
    0xff, 0xa0, 0x00, 0x00, 0x06, 0xff, 0xff, 0xa0,
    0x07, 0xff, 0xff, 0x80, 0x00, 0x00, 0x0f, 0xff,
    0xff, 0xe0, 0x00, 0x00, 0x0a, 0xff, 0xff, 0x50,
    0x02, 0xff, 0xff, 0xc0, 0x00, 0x00, 0x3f, 0xff,
    0xff, 0xf2, 0x00, 0x00, 0x0e, 0xff, 0xff, 0x00,
    0x00, 0xdf, 0xff, 0xf0, 0x00, 0x00, 0x7f, 0xff,
    0xff, 0xf6, 0x00, 0x00, 0x2f, 0xff, 0xfb, 0x00,
    0x00, 0x9f, 0xff, 0xf4, 0x00, 0x00, 0xbf, 0xff,
    0xff, 0xfa, 0x00, 0x00, 0x6f, 0xff, 0xf7, 0x00,
    0x00, 0x4f, 0xff, 0xf8, 0x00, 0x00, 0xff, 0xfb,
    0xdf, 0xfe, 0x00, 0x00, 0xaf, 0xff, 0xf2, 0x00,
    0x00, 0x0f, 0xff, 0xfc, 0x00, 0x03, 0xff, 0xf8,
    0xaf, 0xff, 0x20, 0x00, 0xef, 0xff, 0xd0, 0x00,
    0x00, 0x0a, 0xff, 0xff, 0x00, 0x07, 0xff, 0xf4,
    0x6f, 0xff, 0x60, 0x02, 0xff, 0xff, 0x90, 0x00,
    0x00, 0x06, 0xff, 0xff, 0x30, 0x0b, 0xff, 0xf1,
    0x3f, 0xff, 0x90, 0x06, 0xff, 0xff, 0x40, 0x00,
    0x00, 0x01, 0xff, 0xff, 0x70, 0x0f, 0xff, 0xc0,
    0x0e, 0xff, 0xd0, 0x09, 0xff, 0xff, 0x00, 0x00,
    0x00, 0x00, 0xcf, 0xff, 0xa0, 0x3f, 0xff, 0x80,
    0x0a, 0xff, 0xf1, 0x0d, 0xff, 0xfa, 0x00, 0x00,
    0x00, 0x00, 0x8f, 0xff, 0xe0, 0x7f, 0xff, 0x40,
    0x06, 0xff, 0xf5, 0x0f, 0xff, 0xf6, 0x00, 0x00,
    0x00, 0x00, 0x3f, 0xff, 0xf2, 0xaf, 0xff, 0x00,
    0x01, 0xff, 0xf8, 0x4f, 0xff, 0xf1, 0x00, 0x00,
    0x00, 0x00, 0x0e, 0xff, 0xf5, 0xef, 0xfb, 0x00,
    0x00, 0xdf, 0xfc, 0x7f, 0xff, 0xc0, 0x00, 0x00,
    0x00, 0x00, 0x09, 0xff, 0xfa, 0xff, 0xf7, 0x00,
    0x00, 0x8f, 0xff, 0xaf, 0xff, 0x70, 0x00, 0x00,
    0x00, 0x00, 0x05, 0xff, 0xff, 0xff, 0xf2, 0x00,
    0x00, 0x4f, 0xff, 0xff, 0xff, 0x30, 0x00, 0x00,
    0x00, 0x00, 0x00, 0xff, 0xff, 0xff, 0xd0, 0x00,
    0x00, 0x0f, 0xff, 0xff, 0xfe, 0x00, 0x00, 0x00,
    0x00, 0x00, 0x00, 0xbf, 0xff, 0xff, 0x90, 0x00,
    0x00, 0x0b, 0xff, 0xff, 0xf9, 0x00, 0x00, 0x00,
    0x00, 0x00, 0x00, 0x7f, 0xff, 0xff, 0x40, 0x00,
    0x00, 0x06, 0xff, 0xff, 0xf5, 0x00, 0x00, 0x00,
    0x00, 0x00, 0x00, 0x2f, 0xff, 0xff, 0x00, 0x00,
    0x00, 0x02, 0xff, 0xff, 0xf0, 0x00, 0x00, 0x00,

    /* U+0176 "Ŷ" */
    0x00, 0x00, 0x00, 0x00, 0x00, 0x1c, 0xff, 0xfe,
    0x10, 0x00, 0x00, 0x00, 0x00, 0x00, 0x00, 0x00,
    0x00, 0x00, 0x1c, 0xff, 0xff, 0xfd, 0x10, 0x00,
    0x00, 0x00, 0x00, 0x00, 0x00, 0x00, 0x00, 0x0c,
    0xff, 0xf7, 0xff, 0xfd, 0x10, 0x00, 0x00, 0x00,
    0x00, 0x00, 0x00, 0x00, 0x0c, 0xff, 0xf6, 0x05,
    0xff, 0xfc, 0x10, 0x00, 0x00, 0x00, 0x00, 0x00,
    0x00, 0x0c, 0xff, 0xf8, 0x00, 0x07, 0xff, 0xfc,
    0x00, 0x00, 0x00, 0x00, 0x00, 0x00, 0x01, 0x44,
    0x43, 0x00, 0x00, 0x03, 0x44, 0x41, 0x00, 0x00,
    0x00, 0x00, 0x00, 0x00, 0x00, 0x00, 0x00, 0x00,
    0x00, 0x00, 0x00, 0x00, 0x00, 0x00, 0x00, 0x00,
    0x00, 0x00, 0x00, 0x00, 0x00, 0x00, 0x00, 0x00,
    0x00, 0x00, 0x00, 0x00, 0x0c, 0xff, 0xff, 0xe1,
    0x00, 0x00, 0x00, 0x00, 0x00, 0x00, 0xdf, 0xff,
    0xfd, 0x00, 0x3f, 0xff, 0xff, 0x80, 0x00, 0x00,
    0x00, 0x00, 0x00, 0x6f, 0xff, 0xff, 0x40, 0x00,
    0x9f, 0xff, 0xff, 0x20, 0x00, 0x00, 0x00, 0x00,
    0x0e, 0xff, 0xff, 0xb0, 0x00, 0x01, 0xef, 0xff,
    0xfa, 0x00, 0x00, 0x00, 0x00, 0x07, 0xff, 0xff,
    0xf2, 0x00, 0x00, 0x06, 0xff, 0xff, 0xf3, 0x00,
    0x00, 0x00, 0x01, 0xff, 0xff, 0xf8, 0x00, 0x00,
    0x00, 0x0d, 0xff, 0xff, 0xc0, 0x00, 0x00, 0x00,
    0x8f, 0xff, 0xfe, 0x00, 0x00, 0x00, 0x00, 0x3f,
    0xff, 0xff, 0x50, 0x00, 0x00, 0x1f, 0xff, 0xff,
    0x60, 0x00, 0x00, 0x00, 0x00, 0xaf, 0xff, 0xfd,
    0x00, 0x00, 0x0a, 0xff, 0xff, 0xc0, 0x00, 0x00,
    0x00, 0x00, 0x01, 0xff, 0xff, 0xf6, 0x00, 0x02,
    0xff, 0xff, 0xf3, 0x00, 0x00, 0x00, 0x00, 0x00,
    0x07, 0xff, 0xff, 0xe0, 0x00, 0xbf, 0xff, 0xfa,
    0x00, 0x00, 0x00, 0x00, 0x00, 0x00, 0x0d, 0xff,
    0xff, 0x70, 0x3f, 0xff, 0xff, 0x10, 0x00, 0x00,
    0x00, 0x00, 0x00, 0x00, 0x4f, 0xff, 0xfe, 0x0b,
    0xff, 0xff, 0x70, 0x00, 0x00, 0x00, 0x00, 0x00,
    0x00, 0x00, 0xbf, 0xff, 0xf8, 0xff, 0xff, 0xd0,
    0x00, 0x00, 0x00, 0x00, 0x00, 0x00, 0x00, 0x02,
    0xff, 0xff, 0xff, 0xff, 0xf4, 0x00, 0x00, 0x00,
    0x00, 0x00, 0x00, 0x00, 0x00, 0x08, 0xff, 0xff,
    0xff, 0xfb, 0x00, 0x00, 0x00, 0x00, 0x00, 0x00,
    0x00, 0x00, 0x00, 0x0e, 0xff, 0xff, 0xff, 0x20,
    0x00, 0x00, 0x00, 0x00, 0x00, 0x00, 0x00, 0x00,
    0x00, 0x5f, 0xff, 0xff, 0x80, 0x00, 0x00, 0x00,
    0x00, 0x00, 0x00, 0x00, 0x00, 0x00, 0x00, 0xef,
    0xff, 0xf1, 0x00, 0x00, 0x00, 0x00, 0x00, 0x00,
    0x00, 0x00, 0x00, 0x00, 0x0d, 0xff, 0xff, 0x10,
    0x00, 0x00, 0x00, 0x00, 0x00, 0x00, 0x00, 0x00,
    0x00, 0x00, 0xdf, 0xff, 0xf1, 0x00, 0x00, 0x00,
    0x00, 0x00, 0x00, 0x00, 0x00, 0x00, 0x00, 0x0d,
    0xff, 0xff, 0x10, 0x00, 0x00, 0x00, 0x00, 0x00,
    0x00, 0x00, 0x00, 0x00, 0x00, 0xdf, 0xff, 0xf1,
    0x00, 0x00, 0x00, 0x00, 0x00, 0x00, 0x00, 0x00,
    0x00, 0x00, 0x0d, 0xff, 0xff, 0x10, 0x00, 0x00,
    0x00, 0x00, 0x00, 0x00, 0x00, 0x00, 0x00, 0x00,
    0xdf, 0xff, 0xf1, 0x00, 0x00, 0x00, 0x00, 0x00,
    0x00, 0x00, 0x00, 0x00, 0x00, 0x0d, 0xff, 0xff,
    0x10, 0x00, 0x00, 0x00, 0x00, 0x00, 0x00, 0x00,
    0x00, 0x00, 0x00, 0xdf, 0xff, 0xf1, 0x00, 0x00,
    0x00, 0x00, 0x00, 0x00, 0x00, 0x00, 0x00, 0x00,
    0x0d, 0xff, 0xff, 0x10, 0x00, 0x00, 0x00, 0x00,
    0x00, 0x00, 0x00, 0x00, 0x00, 0x00, 0xdf, 0xff,
    0xf1, 0x00, 0x00, 0x00, 0x00, 0x00,

    /* U+0177 "ŷ" */
    0x00, 0x00, 0x00, 0x00, 0x4f, 0xff, 0xfa, 0x00,
    0x00, 0x00, 0x00, 0x00, 0x00, 0x00, 0x04, 0xff,
    0xff, 0xff, 0x90, 0x00, 0x00, 0x00, 0x00, 0x00,
    0x00, 0x3f, 0xff, 0xd9, 0xff, 0xf8, 0x00, 0x00,
    0x00, 0x00, 0x00, 0x03, 0xff, 0xfe, 0x20, 0xaf,
    0xff, 0x80, 0x00, 0x00, 0x00, 0x00, 0x3f, 0xff,
    0xf3, 0x00, 0x0c, 0xff, 0xf7, 0x00, 0x00, 0x00,
    0x00, 0x23, 0x33, 0x20, 0x00, 0x00, 0x33, 0x33,
    0x00, 0x00, 0x00, 0x00, 0x00, 0x00, 0x00, 0x00,
    0x00, 0x00, 0x00, 0x00, 0x00, 0x00, 0x00, 0x00,
    0x00, 0x00, 0x00, 0x00, 0x00, 0x00, 0x00, 0x00,
    0x1f, 0xff, 0xff, 0x10, 0x00, 0x00, 0x00, 0x00,
    0xaf, 0xff, 0xf7, 0x0b, 0xff, 0xff, 0x50, 0x00,
    0x00, 0x00, 0x00, 0xff, 0xff, 0xf1, 0x05, 0xff,
    0xff, 0xb0, 0x00, 0x00, 0x00, 0x05, 0xff, 0xff,
    0xb0, 0x00, 0xff, 0xff, 0xf0, 0x00, 0x00, 0x00,
    0x0a, 0xff, 0xff, 0x50, 0x00, 0x9f, 0xff, 0xf5,
    0x00, 0x00, 0x00, 0x0f, 0xff, 0xfe, 0x00, 0x00,
    0x3f, 0xff, 0xfb, 0x00, 0x00, 0x00, 0x5f, 0xff,
    0xf9, 0x00, 0x00, 0x0d, 0xff, 0xff, 0x00, 0x00,
    0x00, 0xaf, 0xff, 0xf3, 0x00, 0x00, 0x08, 0xff,
    0xff, 0x50, 0x00, 0x00, 0xff, 0xff, 0xd0, 0x00,
    0x00, 0x02, 0xff, 0xff, 0xb0, 0x00, 0x05, 0xff,
    0xff, 0x70, 0x00, 0x00, 0x00, 0xcf, 0xff, 0xf0,
    0x00, 0x0b, 0xff, 0xff, 0x10, 0x00, 0x00, 0x00,
    0x6f, 0xff, 0xf5, 0x00, 0x1f, 0xff, 0xfb, 0x00,
    0x00, 0x00, 0x00, 0x0f, 0xff, 0xfa, 0x00, 0x6f,
    0xff, 0xf5, 0x00, 0x00, 0x00, 0x00, 0x0a, 0xff,
    0xfe, 0x00, 0xaf, 0xff, 0xe0, 0x00, 0x00, 0x00,
    0x00, 0x04, 0xff, 0xff, 0x30, 0xff, 0xff, 0x90,
    0x00, 0x00, 0x00, 0x00, 0x00, 0xef, 0xff, 0x74,
    0xff, 0xff, 0x30, 0x00, 0x00, 0x00, 0x00, 0x00,
    0x8f, 0xff, 0xb8, 0xff, 0xfd, 0x00, 0x00, 0x00,
    0x00, 0x00, 0x00, 0x2f, 0xff, 0xfc, 0xff, 0xf7,
    0x00, 0x00, 0x00, 0x00, 0x00, 0x00, 0x0c, 0xff,
    0xff, 0xff, 0xf1, 0x00, 0x00, 0x00, 0x00, 0x00,
    0x00, 0x07, 0xff, 0xff, 0xff, 0xb0, 0x00, 0x00,
    0x00, 0x00, 0x00, 0x00, 0x01, 0xff, 0xff, 0xff,
    0x50, 0x00, 0x00, 0x00, 0x00, 0x00, 0x00, 0x00,
    0xbf, 0xff, 0xfe, 0x00, 0x00, 0x00, 0x00, 0x00,
    0x00, 0x00, 0x00, 0x8f, 0xff, 0xf8, 0x00, 0x00,
    0x00, 0x00, 0x00, 0x00, 0x00, 0x00, 0xcf, 0xff,
    0xf2, 0x00, 0x00, 0x00, 0x00, 0x00, 0x00, 0x00,
    0x01, 0xff, 0xff, 0xc0, 0x00, 0x00, 0x00, 0x00,
    0x00, 0x01, 0x10, 0x2c, 0xff, 0xff, 0x50, 0x00,
    0x00, 0x00, 0x00, 0x00, 0x0c, 0xff, 0xff, 0xff,
    0xfd, 0x00, 0x00, 0x00, 0x00, 0x00, 0x00, 0x1f,
    0xff, 0xff, 0xff, 0xf3, 0x00, 0x00, 0x00, 0x00,
    0x00, 0x00, 0x5f, 0xff, 0xff, 0xfe, 0x40, 0x00,
    0x00, 0x00, 0x00, 0x00, 0x00, 0x5c, 0xef, 0xec,
    0x71, 0x00, 0x00, 0x00, 0x00, 0x00, 0x00,

    /* U+0178 "Ÿ" */
    0x00, 0x00, 0x00, 0x02, 0xbf, 0xc2, 0x00, 0x01,
    0xbf, 0xc3, 0x00, 0x00, 0x00, 0x00, 0x00, 0x00,
    0x00, 0xcf, 0xff, 0xd0, 0x00, 0xbf, 0xff, 0xe0,
    0x00, 0x00, 0x00, 0x00, 0x00, 0x00, 0x0f, 0xff,
    0xff, 0x00, 0x0e, 0xff, 0xff, 0x20, 0x00, 0x00,
    0x00, 0x00, 0x00, 0x00, 0xdf, 0xff, 0xd0, 0x00,
    0xbf, 0xff, 0xe0, 0x00, 0x00, 0x00, 0x00, 0x00,
    0x00, 0x02, 0xcf, 0xd3, 0x00, 0x02, 0xcf, 0xd3,
    0x00, 0x00, 0x00, 0x00, 0x00, 0x00, 0x00, 0x00,
    0x00, 0x00, 0x00, 0x00, 0x00, 0x00, 0x00, 0x00,
    0x00, 0x00, 0x00, 0x00, 0x00, 0x00, 0x00, 0x00,
    0x00, 0x00, 0x00, 0x00, 0x00, 0x00, 0x00, 0x00,
    0x00, 0x00, 0x00, 0x00, 0x00, 0x00, 0x00, 0x00,
    0x00, 0x00, 0x00, 0x00, 0x0c, 0xff, 0xff, 0xe1,
    0x00, 0x00, 0x00, 0x00, 0x00, 0x00, 0xdf, 0xff,
    0xfd, 0x00, 0x3f, 0xff, 0xff, 0x80, 0x00, 0x00,
    0x00, 0x00, 0x00, 0x6f, 0xff, 0xff, 0x40, 0x00,
    0x9f, 0xff, 0xff, 0x20, 0x00, 0x00, 0x00, 0x00,
    0x0e, 0xff, 0xff, 0xb0, 0x00, 0x01, 0xef, 0xff,
    0xfa, 0x00, 0x00, 0x00, 0x00, 0x07, 0xff, 0xff,
    0xf2, 0x00, 0x00, 0x06, 0xff, 0xff, 0xf3, 0x00,
    0x00, 0x00, 0x01, 0xff, 0xff, 0xf8, 0x00, 0x00,
    0x00, 0x0c, 0xff, 0xff, 0xc0, 0x00, 0x00, 0x00,
    0x9f, 0xff, 0xfe, 0x00, 0x00, 0x00, 0x00, 0x3f,
    0xff, 0xff, 0x50, 0x00, 0x00, 0x2f, 0xff, 0xff,
    0x50, 0x00, 0x00, 0x00, 0x00, 0x9f, 0xff, 0xfe,
    0x00, 0x00, 0x0a, 0xff, 0xff, 0xc0, 0x00, 0x00,
    0x00, 0x00, 0x01, 0xef, 0xff, 0xf7, 0x00, 0x03,
    0xff, 0xff, 0xf3, 0x00, 0x00, 0x00, 0x00, 0x00,
    0x06, 0xff, 0xff, 0xe1, 0x00, 0xbf, 0xff, 0xf9,
    0x00, 0x00, 0x00, 0x00, 0x00, 0x00, 0x0d, 0xff,
    0xff, 0x80, 0x4f, 0xff, 0xfe, 0x10, 0x00, 0x00,
    0x00, 0x00, 0x00, 0x00, 0x3f, 0xff, 0xff, 0x1c,
    0xff, 0xff, 0x60, 0x00, 0x00, 0x00, 0x00, 0x00,
    0x00, 0x00, 0xaf, 0xff, 0xfa, 0xff, 0xff, 0xd0,
    0x00, 0x00, 0x00, 0x00, 0x00, 0x00, 0x00, 0x01,
    0xff, 0xff, 0xff, 0xff, 0xf3, 0x00, 0x00, 0x00,
    0x00, 0x00, 0x00, 0x00, 0x00, 0x07, 0xff, 0xff,
    0xff, 0xfa, 0x00, 0x00, 0x00, 0x00, 0x00, 0x00,
    0x00, 0x00, 0x00, 0x0d, 0xff, 0xff, 0xff, 0x10,
    0x00, 0x00, 0x00, 0x00, 0x00, 0x00, 0x00, 0x00,
    0x00, 0x4f, 0xff, 0xff, 0x70, 0x00, 0x00, 0x00,
    0x00, 0x00, 0x00, 0x00, 0x00, 0x00, 0x00, 0xdf,
    0xff, 0xf1, 0x00, 0x00, 0x00, 0x00, 0x00, 0x00,
    0x00, 0x00, 0x00, 0x00, 0x0d, 0xff, 0xff, 0x10,
    0x00, 0x00, 0x00, 0x00, 0x00, 0x00, 0x00, 0x00,
    0x00, 0x00, 0xdf, 0xff, 0xf1, 0x00, 0x00, 0x00,
    0x00, 0x00, 0x00, 0x00, 0x00, 0x00, 0x00, 0x0d,
    0xff, 0xff, 0x10, 0x00, 0x00, 0x00, 0x00, 0x00,
    0x00, 0x00, 0x00, 0x00, 0x00, 0xdf, 0xff, 0xf1,
    0x00, 0x00, 0x00, 0x00, 0x00, 0x00, 0x00, 0x00,
    0x00, 0x00, 0x0d, 0xff, 0xff, 0x10, 0x00, 0x00,
    0x00, 0x00, 0x00, 0x00, 0x00, 0x00, 0x00, 0x00,
    0xdf, 0xff, 0xf1, 0x00, 0x00, 0x00, 0x00, 0x00,
    0x00, 0x00, 0x00, 0x00, 0x00, 0x0d, 0xff, 0xff,
    0x10, 0x00, 0x00, 0x00, 0x00, 0x00, 0x00, 0x00,
    0x00, 0x00, 0x00, 0xdf, 0xff, 0xf1, 0x00, 0x00,
    0x00, 0x00, 0x00, 0x00, 0x00, 0x00, 0x00, 0x00,
    0x0d, 0xff, 0xff, 0x10, 0x00, 0x00, 0x00, 0x00,
    0x00, 0x00, 0x00, 0x00, 0x00, 0x00, 0xdf, 0xff,
    0xf1, 0x00, 0x00, 0x00, 0x00, 0x00,

    /* U+0179 "Ź" */
    0x00, 0x00, 0x00, 0x00, 0x00, 0x1f, 0xff, 0xf8,
    0x00, 0x00, 0x00, 0x00, 0x00, 0x00, 0x00, 0x08,
    0xff, 0xfd, 0x00, 0x00, 0x00, 0x00, 0x00, 0x00,
    0x00, 0x00, 0xef, 0xff, 0x30, 0x00, 0x00, 0x00,
    0x00, 0x00, 0x00, 0x00, 0x6f, 0xff, 0x80, 0x00,
    0x00, 0x00, 0x00, 0x00, 0x00, 0x00, 0x0d, 0xff,
    0xd0, 0x00, 0x00, 0x00, 0x00, 0x00, 0x00, 0x00,
    0x02, 0xbb, 0xb3, 0x00, 0x00, 0x00, 0x00, 0x00,
    0x00, 0x00, 0x00, 0x00, 0x00, 0x00, 0x00, 0x00,
    0x00, 0x00, 0x00, 0x00, 0x00, 0x00, 0x00, 0x00,
    0x00, 0x00, 0x00, 0x00, 0xdf, 0xff, 0xff, 0xff,
    0xff, 0xff, 0xff, 0xff, 0xff, 0xff, 0x9d, 0xff,
    0xff, 0xff, 0xff, 0xff, 0xff, 0xff, 0xff, 0xff,
    0xf9, 0xdf, 0xff, 0xff, 0xff, 0xff, 0xff, 0xff,
    0xff, 0xff, 0xff, 0x9d, 0xff, 0xff, 0xff, 0xff,
    0xff, 0xff, 0xff, 0xff, 0xff, 0xf4, 0x22, 0x22,
    0x22, 0x22, 0x22, 0x22, 0x22, 0x9f, 0xff, 0xf9,
    0x00, 0x00, 0x00, 0x00, 0x00, 0x00, 0x00, 0x5f,
    0xff, 0xfe, 0x00, 0x00, 0x00, 0x00, 0x00, 0x00,
    0x00, 0x2f, 0xff, 0xff, 0x40, 0x00, 0x00, 0x00,
    0x00, 0x00, 0x00, 0x0c, 0xff, 0xff, 0x80, 0x00,
    0x00, 0x00, 0x00, 0x00, 0x00, 0x08, 0xff, 0xff,
    0xd0, 0x00, 0x00, 0x00, 0x00, 0x00, 0x00, 0x03,
    0xff, 0xff, 0xf3, 0x00, 0x00, 0x00, 0x00, 0x00,
    0x00, 0x00, 0xdf, 0xff, 0xf8, 0x00, 0x00, 0x00,
    0x00, 0x00, 0x00, 0x00, 0x9f, 0xff, 0xfc, 0x00,
    0x00, 0x00, 0x00, 0x00, 0x00, 0x00, 0x4f, 0xff,
    0xff, 0x20, 0x00, 0x00, 0x00, 0x00, 0x00, 0x00,
    0x1e, 0xff, 0xff, 0x70, 0x00, 0x00, 0x00, 0x00,
    0x00, 0x00, 0x0a, 0xff, 0xff, 0xc0, 0x00, 0x00,
    0x00, 0x00, 0x00, 0x00, 0x05, 0xff, 0xff, 0xf2,
    0x00, 0x00, 0x00, 0x00, 0x00, 0x00, 0x01, 0xef,
    0xff, 0xf6, 0x00, 0x00, 0x00, 0x00, 0x00, 0x00,
    0x00, 0xbf, 0xff, 0xfb, 0x00, 0x00, 0x00, 0x00,
    0x00, 0x00, 0x00, 0x6f, 0xff, 0xfe, 0x10, 0x00,
    0x00, 0x00, 0x00, 0x00, 0x00, 0x1f, 0xff, 0xff,
    0x50, 0x00, 0x00, 0x00, 0x00, 0x00, 0x00, 0x0b,
    0xff, 0xff, 0xa0, 0x00, 0x00, 0x00, 0x00, 0x00,
    0x00, 0x06, 0xff, 0xff, 0xd0, 0x00, 0x00, 0x00,
    0x00, 0x00, 0x00, 0x02, 0xff, 0xff, 0xf2, 0x00,
    0x00, 0x00, 0x00, 0x00, 0x00, 0x00, 0xcf, 0xff,
    0xf6, 0x12, 0x22, 0x22, 0x22, 0x22, 0x22, 0x21,
    0x7f, 0xff, 0xff, 0xff, 0xff, 0xff, 0xff, 0xff,
    0xff, 0xff, 0xac, 0xff, 0xff, 0xff, 0xff, 0xff,
    0xff, 0xff, 0xff, 0xff, 0xfa, 0xcf, 0xff, 0xff,
    0xff, 0xff, 0xff, 0xff, 0xff, 0xff, 0xff, 0xac,
    0xff, 0xff, 0xff, 0xff, 0xff, 0xff, 0xff, 0xff,
    0xff, 0xfa,

    /* U+017A "ź" */
    0x00, 0x00, 0x00, 0x00, 0x0d, 0xff, 0xfb, 0x00,
    0x00, 0x00, 0x00, 0x00, 0x00, 0x4f, 0xff, 0xf1,
    0x00, 0x00, 0x00, 0x00, 0x00, 0x00, 0xbf, 0xff,
    0x60, 0x00, 0x00, 0x00, 0x00, 0x00, 0x03, 0xff,
    0xfc, 0x00, 0x00, 0x00, 0x00, 0x00, 0x00, 0x0a,
    0xff, 0xf2, 0x00, 0x00, 0x00, 0x00, 0x00, 0x00,
    0x0a, 0xbb, 0x60, 0x00, 0x00, 0x00, 0x00, 0x00,
    0x00, 0x00, 0x00, 0x00, 0x00, 0x00, 0x00, 0x00,
    0x00, 0x00, 0x00, 0x00, 0x00, 0x00, 0x00, 0x00,
    0x6f, 0xff, 0xff, 0xff, 0xff, 0xff, 0xff, 0xff,
    0xe0, 0x6f, 0xff, 0xff, 0xff, 0xff, 0xff, 0xff,
    0xff, 0xe0, 0x6f, 0xff, 0xff, 0xff, 0xff, 0xff,
    0xff, 0xff, 0xe0, 0x6f, 0xff, 0xff, 0xff, 0xff,
    0xff, 0xff, 0xff, 0xb0, 0x02, 0x22, 0x22, 0x22,
    0x22, 0x7f, 0xff, 0xfe, 0x10, 0x00, 0x00, 0x00,
    0x00, 0x02, 0xff, 0xff, 0xf4, 0x00, 0x00, 0x00,
    0x00, 0x00, 0x0d, 0xff, 0xff, 0x80, 0x00, 0x00,
    0x00, 0x00, 0x00, 0xaf, 0xff, 0xfc, 0x00, 0x00,
    0x00, 0x00, 0x00, 0x06, 0xff, 0xff, 0xe1, 0x00,
    0x00, 0x00, 0x00, 0x00, 0x3f, 0xff, 0xff, 0x40,
    0x00, 0x00, 0x00, 0x00, 0x01, 0xef, 0xff, 0xf8,
    0x00, 0x00, 0x00, 0x00, 0x00, 0x0b, 0xff, 0xff,
    0xb0, 0x00, 0x00, 0x00, 0x00, 0x00, 0x8f, 0xff,
    0xfe, 0x10, 0x00, 0x00, 0x00, 0x00, 0x04, 0xff,
    0xff, 0xf4, 0x00, 0x00, 0x00, 0x00, 0x00, 0x2f,
    0xff, 0xff, 0x70, 0x00, 0x00, 0x00, 0x00, 0x00,
    0xdf, 0xff, 0xfb, 0x00, 0x00, 0x00, 0x00, 0x00,
    0x0a, 0xff, 0xff, 0xe2, 0x11, 0x11, 0x11, 0x11,
    0x10, 0x6f, 0xff, 0xff, 0xff, 0xff, 0xff, 0xff,
    0xff, 0xf3, 0xbf, 0xff, 0xff, 0xff, 0xff, 0xff,
    0xff, 0xff, 0xf3, 0xbf, 0xff, 0xff, 0xff, 0xff,
    0xff, 0xff, 0xff, 0xf3, 0xbf, 0xff, 0xff, 0xff,
    0xff, 0xff, 0xff, 0xff, 0xf3,

    /* U+017B "Ż" */
    0x00, 0x00, 0x00, 0x00, 0x3c, 0xfc, 0x20, 0x00,
    0x00, 0x00, 0x00, 0x00, 0x00, 0x00, 0x1f, 0xff,
    0xfe, 0x00, 0x00, 0x00, 0x00, 0x00, 0x00, 0x00,
    0x05, 0xff, 0xff, 0xf3, 0x00, 0x00, 0x00, 0x00,
    0x00, 0x00, 0x00, 0x2f, 0xff, 0xff, 0x10, 0x00,
    0x00, 0x00, 0x00, 0x00, 0x00, 0x00, 0x7f, 0xff,
    0x50, 0x00, 0x00, 0x00, 0x00, 0x00, 0x00, 0x00,
    0x00, 0x13, 0x10, 0x00, 0x00, 0x00, 0x00, 0x00,
    0x00, 0x00, 0x00, 0x00, 0x00, 0x00, 0x00, 0x00,
    0x00, 0x00, 0x00, 0x00, 0x00, 0x00, 0x00, 0x00,
    0x00, 0x00, 0x00, 0x00, 0xdf, 0xff, 0xff, 0xff,
    0xff, 0xff, 0xff, 0xff, 0xff, 0xff, 0x9d, 0xff,
    0xff, 0xff, 0xff, 0xff, 0xff, 0xff, 0xff, 0xff,
    0xf9, 0xdf, 0xff, 0xff, 0xff, 0xff, 0xff, 0xff,
    0xff, 0xff, 0xff, 0x9d, 0xff, 0xff, 0xff, 0xff,
    0xff, 0xff, 0xff, 0xff, 0xff, 0xf4, 0x22, 0x22,
    0x22, 0x22, 0x22, 0x22, 0x22, 0x9f, 0xff, 0xf9,
    0x00, 0x00, 0x00, 0x00, 0x00, 0x00, 0x00, 0x5f,
    0xff, 0xfe, 0x00, 0x00, 0x00, 0x00, 0x00, 0x00,
    0x00, 0x2f, 0xff, 0xff, 0x40, 0x00, 0x00, 0x00,
    0x00, 0x00, 0x00, 0x0c, 0xff, 0xff, 0x80, 0x00,
    0x00, 0x00, 0x00, 0x00, 0x00, 0x08, 0xff, 0xff,
    0xd0, 0x00, 0x00, 0x00, 0x00, 0x00, 0x00, 0x03,
    0xff, 0xff, 0xf3, 0x00, 0x00, 0x00, 0x00, 0x00,
    0x00, 0x00, 0xdf, 0xff, 0xf8, 0x00, 0x00, 0x00,
    0x00, 0x00, 0x00, 0x00, 0x9f, 0xff, 0xfc, 0x00,
    0x00, 0x00, 0x00, 0x00, 0x00, 0x00, 0x4f, 0xff,
    0xff, 0x20, 0x00, 0x00, 0x00, 0x00, 0x00, 0x00,
    0x1e, 0xff, 0xff, 0x70, 0x00, 0x00, 0x00, 0x00,
    0x00, 0x00, 0x0a, 0xff, 0xff, 0xc0, 0x00, 0x00,
    0x00, 0x00, 0x00, 0x00, 0x05, 0xff, 0xff, 0xf2,
    0x00, 0x00, 0x00, 0x00, 0x00, 0x00, 0x01, 0xef,
    0xff, 0xf6, 0x00, 0x00, 0x00, 0x00, 0x00, 0x00,
    0x00, 0xbf, 0xff, 0xfb, 0x00, 0x00, 0x00, 0x00,
    0x00, 0x00, 0x00, 0x6f, 0xff, 0xfe, 0x10, 0x00,
    0x00, 0x00, 0x00, 0x00, 0x00, 0x1f, 0xff, 0xff,
    0x50, 0x00, 0x00, 0x00, 0x00, 0x00, 0x00, 0x0b,
    0xff, 0xff, 0xa0, 0x00, 0x00, 0x00, 0x00, 0x00,
    0x00, 0x06, 0xff, 0xff, 0xd0, 0x00, 0x00, 0x00,
    0x00, 0x00, 0x00, 0x02, 0xff, 0xff, 0xf2, 0x00,
    0x00, 0x00, 0x00, 0x00, 0x00, 0x00, 0xcf, 0xff,
    0xf6, 0x12, 0x22, 0x22, 0x22, 0x22, 0x22, 0x21,
    0x7f, 0xff, 0xff, 0xff, 0xff, 0xff, 0xff, 0xff,
    0xff, 0xff, 0xac, 0xff, 0xff, 0xff, 0xff, 0xff,
    0xff, 0xff, 0xff, 0xff, 0xfa, 0xcf, 0xff, 0xff,
    0xff, 0xff, 0xff, 0xff, 0xff, 0xff, 0xff, 0xac,
    0xff, 0xff, 0xff, 0xff, 0xff, 0xff, 0xff, 0xff,
    0xff, 0xfa,

    /* U+017C "ż" */
    0x00, 0x00, 0x00, 0x2b, 0xfd, 0x40, 0x00, 0x00,
    0x00, 0x00, 0x00, 0x00, 0xdf, 0xff, 0xf2, 0x00,
    0x00, 0x00, 0x00, 0x00, 0x01, 0xff, 0xff, 0xf6,
    0x00, 0x00, 0x00, 0x00, 0x00, 0x00, 0xff, 0xff,
    0xf3, 0x00, 0x00, 0x00, 0x00, 0x00, 0x00, 0x4f,
    0xff, 0x80, 0x00, 0x00, 0x00, 0x00, 0x00, 0x00,
    0x01, 0x32, 0x00, 0x00, 0x00, 0x00, 0x00, 0x00,
    0x00, 0x00, 0x00, 0x00, 0x00, 0x00, 0x00, 0x00,
    0x00, 0x00, 0x00, 0x00, 0x00, 0x00, 0x00, 0x00,
    0x6f, 0xff, 0xff, 0xff, 0xff, 0xff, 0xff, 0xff,
    0xe0, 0x6f, 0xff, 0xff, 0xff, 0xff, 0xff, 0xff,
    0xff, 0xe0, 0x6f, 0xff, 0xff, 0xff, 0xff, 0xff,
    0xff, 0xff, 0xe0, 0x6f, 0xff, 0xff, 0xff, 0xff,
    0xff, 0xff, 0xff, 0xb0, 0x02, 0x22, 0x22, 0x22,
    0x22, 0x7f, 0xff, 0xfe, 0x10, 0x00, 0x00, 0x00,
    0x00, 0x02, 0xff, 0xff, 0xf4, 0x00, 0x00, 0x00,
    0x00, 0x00, 0x0d, 0xff, 0xff, 0x80, 0x00, 0x00,
    0x00, 0x00, 0x00, 0xaf, 0xff, 0xfc, 0x00, 0x00,
    0x00, 0x00, 0x00, 0x06, 0xff, 0xff, 0xe1, 0x00,
    0x00, 0x00, 0x00, 0x00, 0x3f, 0xff, 0xff, 0x40,
    0x00, 0x00, 0x00, 0x00, 0x01, 0xef, 0xff, 0xf8,
    0x00, 0x00, 0x00, 0x00, 0x00, 0x0b, 0xff, 0xff,
    0xb0, 0x00, 0x00, 0x00, 0x00, 0x00, 0x8f, 0xff,
    0xfe, 0x10, 0x00, 0x00, 0x00, 0x00, 0x04, 0xff,
    0xff, 0xf4, 0x00, 0x00, 0x00, 0x00, 0x00, 0x2f,
    0xff, 0xff, 0x70, 0x00, 0x00, 0x00, 0x00, 0x00,
    0xdf, 0xff, 0xfb, 0x00, 0x00, 0x00, 0x00, 0x00,
    0x0a, 0xff, 0xff, 0xe2, 0x11, 0x11, 0x11, 0x11,
    0x10, 0x6f, 0xff, 0xff, 0xff, 0xff, 0xff, 0xff,
    0xff, 0xf3, 0xbf, 0xff, 0xff, 0xff, 0xff, 0xff,
    0xff, 0xff, 0xf3, 0xbf, 0xff, 0xff, 0xff, 0xff,
    0xff, 0xff, 0xff, 0xf3, 0xbf, 0xff, 0xff, 0xff,
    0xff, 0xff, 0xff, 0xff, 0xf3,

    /* U+017D "Ž" */
    0x00, 0x02, 0xef, 0xff, 0x30, 0x00, 0x5f, 0xff,
    0xe2, 0x00, 0x00, 0x00, 0x03, 0xff, 0xfe, 0x10,
    0x3f, 0xff, 0xf3, 0x00, 0x00, 0x00, 0x00, 0x04,
    0xff, 0xfc, 0x2e, 0xff, 0xf3, 0x00, 0x00, 0x00,
    0x00, 0x00, 0x05, 0xff, 0xff, 0xff, 0xf4, 0x00,
    0x00, 0x00, 0x00, 0x00, 0x00, 0x06, 0xff, 0xff,
    0xf5, 0x00, 0x00, 0x00, 0x00, 0x00, 0x00, 0x00,
    0x05, 0x88, 0x84, 0x00, 0x00, 0x00, 0x00, 0x00,
    0x00, 0x00, 0x00, 0x00, 0x00, 0x00, 0x00, 0x00,
    0x00, 0x00, 0x00, 0x00, 0x00, 0x00, 0x00, 0x00,
    0x00, 0x00, 0x00, 0x00, 0xdf, 0xff, 0xff, 0xff,
    0xff, 0xff, 0xff, 0xff, 0xff, 0xff, 0x9d, 0xff,
    0xff, 0xff, 0xff, 0xff, 0xff, 0xff, 0xff, 0xff,
    0xf9, 0xdf, 0xff, 0xff, 0xff, 0xff, 0xff, 0xff,
    0xff, 0xff, 0xff, 0x9d, 0xff, 0xff, 0xff, 0xff,
    0xff, 0xff, 0xff, 0xff, 0xff, 0xf4, 0x22, 0x22,
    0x22, 0x22, 0x22, 0x22, 0x22, 0x9f, 0xff, 0xf9,
    0x00, 0x00, 0x00, 0x00, 0x00, 0x00, 0x00, 0x5f,
    0xff, 0xfe, 0x00, 0x00, 0x00, 0x00, 0x00, 0x00,
    0x00, 0x2f, 0xff, 0xff, 0x40, 0x00, 0x00, 0x00,
    0x00, 0x00, 0x00, 0x0c, 0xff, 0xff, 0x80, 0x00,
    0x00, 0x00, 0x00, 0x00, 0x00, 0x08, 0xff, 0xff,
    0xd0, 0x00, 0x00, 0x00, 0x00, 0x00, 0x00, 0x03,
    0xff, 0xff, 0xf3, 0x00, 0x00, 0x00, 0x00, 0x00,
    0x00, 0x00, 0xdf, 0xff, 0xf8, 0x00, 0x00, 0x00,
    0x00, 0x00, 0x00, 0x00, 0x9f, 0xff, 0xfc, 0x00,
    0x00, 0x00, 0x00, 0x00, 0x00, 0x00, 0x4f, 0xff,
    0xff, 0x20, 0x00, 0x00, 0x00, 0x00, 0x00, 0x00,
    0x1e, 0xff, 0xff, 0x70, 0x00, 0x00, 0x00, 0x00,
    0x00, 0x00, 0x0a, 0xff, 0xff, 0xc0, 0x00, 0x00,
    0x00, 0x00, 0x00, 0x00, 0x05, 0xff, 0xff, 0xf2,
    0x00, 0x00, 0x00, 0x00, 0x00, 0x00, 0x01, 0xef,
    0xff, 0xf6, 0x00, 0x00, 0x00, 0x00, 0x00, 0x00,
    0x00, 0xbf, 0xff, 0xfb, 0x00, 0x00, 0x00, 0x00,
    0x00, 0x00, 0x00, 0x6f, 0xff, 0xfe, 0x10, 0x00,
    0x00, 0x00, 0x00, 0x00, 0x00, 0x1f, 0xff, 0xff,
    0x50, 0x00, 0x00, 0x00, 0x00, 0x00, 0x00, 0x0b,
    0xff, 0xff, 0xa0, 0x00, 0x00, 0x00, 0x00, 0x00,
    0x00, 0x06, 0xff, 0xff, 0xd0, 0x00, 0x00, 0x00,
    0x00, 0x00, 0x00, 0x02, 0xff, 0xff, 0xf2, 0x00,
    0x00, 0x00, 0x00, 0x00, 0x00, 0x00, 0xcf, 0xff,
    0xf6, 0x12, 0x22, 0x22, 0x22, 0x22, 0x22, 0x21,
    0x7f, 0xff, 0xff, 0xff, 0xff, 0xff, 0xff, 0xff,
    0xff, 0xff, 0xac, 0xff, 0xff, 0xff, 0xff, 0xff,
    0xff, 0xff, 0xff, 0xff, 0xfa, 0xcf, 0xff, 0xff,
    0xff, 0xff, 0xff, 0xff, 0xff, 0xff, 0xff, 0xac,
    0xff, 0xff, 0xff, 0xff, 0xff, 0xff, 0xff, 0xff,
    0xff, 0xfa,

    /* U+017E "ž" */
    0x01, 0xdf, 0xff, 0x60, 0x00, 0x3f, 0xff, 0xf4,
    0x00, 0x00, 0x1d, 0xff, 0xf3, 0x01, 0xef, 0xff,
    0x50, 0x00, 0x00, 0x02, 0xef, 0xfe, 0x2c, 0xff,
    0xf6, 0x00, 0x00, 0x00, 0x00, 0x3f, 0xff, 0xff,
    0xff, 0x70, 0x00, 0x00, 0x00, 0x00, 0x04, 0xff,
    0xff, 0xf8, 0x00, 0x00, 0x00, 0x00, 0x00, 0x00,
    0x48, 0x88, 0x60, 0x00, 0x00, 0x00, 0x00, 0x00,
    0x00, 0x00, 0x00, 0x00, 0x00, 0x00, 0x00, 0x00,
    0x00, 0x00, 0x00, 0x00, 0x00, 0x00, 0x00, 0x00,
    0x6f, 0xff, 0xff, 0xff, 0xff, 0xff, 0xff, 0xff,
    0xe0, 0x6f, 0xff, 0xff, 0xff, 0xff, 0xff, 0xff,
    0xff, 0xe0, 0x6f, 0xff, 0xff, 0xff, 0xff, 0xff,
    0xff, 0xff, 0xe0, 0x6f, 0xff, 0xff, 0xff, 0xff,
    0xff, 0xff, 0xff, 0xb0, 0x02, 0x22, 0x22, 0x22,
    0x22, 0x7f, 0xff, 0xfe, 0x10, 0x00, 0x00, 0x00,
    0x00, 0x02, 0xff, 0xff, 0xf4, 0x00, 0x00, 0x00,
    0x00, 0x00, 0x0d, 0xff, 0xff, 0x80, 0x00, 0x00,
    0x00, 0x00, 0x00, 0xaf, 0xff, 0xfc, 0x00, 0x00,
    0x00, 0x00, 0x00, 0x06, 0xff, 0xff, 0xe1, 0x00,
    0x00, 0x00, 0x00, 0x00, 0x3f, 0xff, 0xff, 0x40,
    0x00, 0x00, 0x00, 0x00, 0x01, 0xef, 0xff, 0xf8,
    0x00, 0x00, 0x00, 0x00, 0x00, 0x0b, 0xff, 0xff,
    0xb0, 0x00, 0x00, 0x00, 0x00, 0x00, 0x8f, 0xff,
    0xfe, 0x10, 0x00, 0x00, 0x00, 0x00, 0x04, 0xff,
    0xff, 0xf4, 0x00, 0x00, 0x00, 0x00, 0x00, 0x2f,
    0xff, 0xff, 0x70, 0x00, 0x00, 0x00, 0x00, 0x00,
    0xdf, 0xff, 0xfb, 0x00, 0x00, 0x00, 0x00, 0x00,
    0x0a, 0xff, 0xff, 0xe2, 0x11, 0x11, 0x11, 0x11,
    0x10, 0x6f, 0xff, 0xff, 0xff, 0xff, 0xff, 0xff,
    0xff, 0xf3, 0xbf, 0xff, 0xff, 0xff, 0xff, 0xff,
    0xff, 0xff, 0xf3, 0xbf, 0xff, 0xff, 0xff, 0xff,
    0xff, 0xff, 0xff, 0xf3, 0xbf, 0xff, 0xff, 0xff,
    0xff, 0xff, 0xff, 0xff, 0xf3,

    /* U+017F "ſ" */
    0x00, 0x02, 0x8d, 0xff, 0xeb, 0x50, 0x06, 0xff,
    0xff, 0xff, 0xf7, 0x05, 0xff, 0xff, 0xff, 0xff,
    0x30, 0xdf, 0xff, 0xff, 0xff, 0xe0, 0x3f, 0xff,
    0xff, 0x51, 0x13, 0x05, 0xff, 0xff, 0x80, 0x00,
    0x00, 0x6f, 0xff, 0xf6, 0x00, 0x00, 0x07, 0xff,
    0xff, 0x50, 0x00, 0x00, 0x7f, 0xff, 0xf5, 0x00,
    0x00, 0x07, 0xff, 0xff, 0x50, 0x00, 0x00, 0x7f,
    0xff, 0xf5, 0x00, 0x00, 0x07, 0xff, 0xff, 0x50,
    0x00, 0x00, 0x7f, 0xff, 0xf5, 0x00, 0x00, 0x07,
    0xff, 0xff, 0x50, 0x00, 0x00, 0x7f, 0xff, 0xf5,
    0x00, 0x00, 0x07, 0xff, 0xff, 0x50, 0x00, 0x00,
    0x7f, 0xff, 0xf5, 0x00, 0x00, 0x07, 0xff, 0xff,
    0x50, 0x00, 0x00, 0x7f, 0xff, 0xf5, 0x00, 0x00,
    0x07, 0xff, 0xff, 0x50, 0x00, 0x00, 0x7f, 0xff,
    0xf5, 0x00, 0x00, 0x07, 0xff, 0xff, 0x50, 0x00,
    0x00, 0x7f, 0xff, 0xf5, 0x00, 0x00, 0x07, 0xff,
    0xff, 0x50, 0x00, 0x00, 0x7f, 0xff, 0xf5, 0x00,
    0x00, 0x07, 0xff, 0xff, 0x50, 0x00, 0x00, 0x7f,
    0xff, 0xf5, 0x00, 0x00, 0x07, 0xff, 0xff, 0x50,
    0x00, 0x00, 0x7f, 0xff, 0xf5, 0x00, 0x00, 0x00,

    /* U+2000 " " */

    /* U+2001 " " */

    /* U+2002 " " */

    /* U+2003 " " */

    /* U+2004 " " */

    /* U+2005 " " */

    /* U+2006 " " */

    /* U+2007 " " */

    /* U+2008 " " */

    /* U+2009 " " */

    /* U+200A " " */

    /* U+200B "​" */

    /* U+2010 "‐" */
    0xff, 0xff, 0xff, 0xff, 0xff, 0xff, 0x7f, 0xff,
    0xff, 0xff, 0xff, 0xff, 0xf7, 0xff, 0xff, 0xff,
    0xff, 0xff, 0xff, 0x7f, 0xff, 0xff, 0xff, 0xff,
    0xff, 0xf7,

    /* U+2011 "‑" */
    0xff, 0xff, 0xff, 0xff, 0xff, 0xff, 0x7f, 0xff,
    0xff, 0xff, 0xff, 0xff, 0xf7, 0xff, 0xff, 0xff,
    0xff, 0xff, 0xff, 0x7f, 0xff, 0xff, 0xff, 0xff,
    0xff, 0xf7,

    /* U+2012 "‒" */
    0x8f, 0xff, 0xff, 0xff, 0xff, 0xff, 0xff, 0xff,
    0xff, 0xff, 0xff, 0x18, 0xff, 0xff, 0xff, 0xff,
    0xff, 0xff, 0xff, 0xff, 0xff, 0xff, 0xf1, 0x8f,
    0xff, 0xff, 0xff, 0xff, 0xff, 0xff, 0xff, 0xff,
    0xff, 0xff, 0x18, 0xff, 0xff, 0xff, 0xff, 0xff,
    0xff, 0xff, 0xff, 0xff, 0xff, 0xf1,

    /* U+2013 "–" */
    0xff, 0xff, 0xff, 0xff, 0xff, 0xff, 0xff, 0xff,
    0xff, 0xff, 0xff, 0xff, 0xff, 0xff, 0xff, 0xff,
    0xff, 0xff, 0xff, 0xff, 0xff, 0xff, 0xff, 0xff,
    0xff, 0xff, 0xff, 0xff, 0xff, 0xff, 0xff, 0xff,
    0xff, 0xff, 0xff, 0xff, 0xff, 0xff,

    /* U+2014 "—" */
    0xff, 0xff, 0xff, 0xff, 0xff, 0xff, 0xff, 0xff,
    0xff, 0xff, 0xff, 0xff, 0xff, 0xff, 0xff, 0xff,
    0xff, 0xff, 0xff, 0xff, 0xff, 0xff, 0xff, 0xff,
    0xff, 0xff, 0xff, 0xff, 0xff, 0xff, 0xff, 0xff,
    0xff, 0xff, 0xff, 0xff, 0xff, 0xff, 0xff, 0xff,
    0xff, 0xff, 0xff, 0xff, 0xff, 0xff, 0xff, 0xff,
    0xff, 0xff, 0xff, 0xff, 0xff, 0xff, 0xff, 0xff,
    0xff, 0xff, 0xff, 0xff, 0xff, 0xff, 0xff, 0xff,
    0xff, 0xff, 0xff, 0xff, 0xff, 0xff, 0xff, 0xff,
    0xff, 0xff, 0xff, 0xff,

    /* U+2015 "―" */
    0xff, 0xff, 0xff, 0xff, 0xff, 0xff, 0xff, 0xff,
    0xff, 0xff, 0xff, 0xff, 0xff, 0xff, 0xff, 0xff,
    0xff, 0xff, 0xff, 0xff, 0xff, 0xff, 0xff, 0xff,
    0xff, 0xff, 0xff, 0xff, 0xff, 0xff, 0xff, 0xff,
    0xff, 0xff, 0xff, 0xff, 0xff, 0xff, 0xff, 0xff,
    0xff, 0xff, 0xff, 0xff, 0xff, 0xff, 0xff, 0xff,
    0xff, 0xff, 0xff, 0xff, 0xff, 0xff, 0xff, 0xff,
    0xff, 0xff, 0xff, 0xff, 0xff, 0xff, 0xff, 0xff,
    0xff, 0xff, 0xff, 0xff, 0xff, 0xff, 0xff, 0xff,
    0xff, 0xff, 0xff, 0xff,

    /* U+2016 "‖" */
    0x38, 0x88, 0x80, 0x05, 0x88, 0x86, 0x7f, 0xff,
    0xf1, 0x0b, 0xff, 0xfd, 0x7f, 0xff, 0xf1, 0x0b,
    0xff, 0xfd, 0x7f, 0xff, 0xf1, 0x0b, 0xff, 0xfd,
    0x7f, 0xff, 0xf1, 0x0b, 0xff, 0xfd, 0x7f, 0xff,
    0xf1, 0x0b, 0xff, 0xfd, 0x7f, 0xff, 0xf1, 0x0b,
    0xff, 0xfd, 0x7f, 0xff, 0xf1, 0x0b, 0xff, 0xfd,
    0x7f, 0xff, 0xf1, 0x0b, 0xff, 0xfd, 0x7f, 0xff,
    0xf1, 0x0b, 0xff, 0xfd, 0x7f, 0xff, 0xf1, 0x0b,
    0xff, 0xfd, 0x7f, 0xff, 0xf1, 0x0b, 0xff, 0xfd,
    0x7f, 0xff, 0xf1, 0x0b, 0xff, 0xfd, 0x7f, 0xff,
    0xf1, 0x0b, 0xff, 0xfd, 0x7f, 0xff, 0xf1, 0x0b,
    0xff, 0xfd, 0x7f, 0xff, 0xf1, 0x0b, 0xff, 0xfd,
    0x7f, 0xff, 0xf1, 0x0b, 0xff, 0xfd, 0x7f, 0xff,
    0xf1, 0x0b, 0xff, 0xfd, 0x7f, 0xff, 0xf1, 0x0b,
    0xff, 0xfd, 0x7f, 0xff, 0xf1, 0x0b, 0xff, 0xfd,
    0x7f, 0xff, 0xf1, 0x0b, 0xff, 0xfd, 0x7f, 0xff,
    0xf1, 0x0b, 0xff, 0xfd, 0x7f, 0xff, 0xf1, 0x0b,
    0xff, 0xfd, 0x7f, 0xff, 0xf1, 0x0b, 0xff, 0xfd,
    0x7f, 0xff, 0xf1, 0x0b, 0xff, 0xfd, 0x7f, 0xff,
    0xf1, 0x0b, 0xff, 0xfd, 0x7f, 0xff, 0xf1, 0x0b,
    0xff, 0xfd, 0x7f, 0xff, 0xf1, 0x0b, 0xff, 0xfd,
    0x7f, 0xff, 0xf1, 0x0b, 0xff, 0xfd, 0x7f, 0xff,
    0xf1, 0x0b, 0xff, 0xfd, 0x7f, 0xff, 0xf1, 0x0b,
    0xff, 0xfd, 0x7f, 0xff, 0xf1, 0x0b, 0xff, 0xfd,
    0x7f, 0xff, 0xf1, 0x0b, 0xff, 0xfd, 0x7f, 0xff,
    0xf1, 0x0b, 0xff, 0xfd, 0x7f, 0xff, 0xf1, 0x0b,
    0xff, 0xfd, 0x7f, 0xff, 0xf1, 0x0b, 0xff, 0xfd,
    0x7f, 0xff, 0xf1, 0x0b, 0xff, 0xfd, 0x7f, 0xff,
    0xf1, 0x0b, 0xff, 0xfd, 0x7f, 0xff, 0xf1, 0x0b,
    0xff, 0xfd, 0x7f, 0xff, 0xf1, 0x0b, 0xff, 0xfd,
    0x7f, 0xff, 0xf1, 0x0b, 0xff, 0xfd, 0x7f, 0xff,
    0xf1, 0x0b, 0xff, 0xfd, 0x7f, 0xff, 0xf1, 0x0b,
    0xff, 0xfd, 0x7f, 0xff, 0xf1, 0x0b, 0xff, 0xfd,
    0x7f, 0xff, 0xf1, 0x0b, 0xff, 0xfd, 0x7f, 0xff,
    0xf1, 0x0b, 0xff, 0xfd,

    /* U+2017 "‗" */
    0xbe, 0xee, 0xee, 0xee, 0xee, 0xee, 0xee, 0xee,
    0xe8, 0xcf, 0xff, 0xff, 0xff, 0xff, 0xff, 0xff,
    0xff, 0xf9, 0xcf, 0xff, 0xff, 0xff, 0xff, 0xff,
    0xff, 0xff, 0xf9, 0x00, 0x00, 0x00, 0x00, 0x00,
    0x00, 0x00, 0x00, 0x00, 0x00, 0x00, 0x00, 0x00,
    0x00, 0x00, 0x00, 0x00, 0x00, 0xad, 0xdd, 0xdd,
    0xdd, 0xdd, 0xdd, 0xdd, 0xdd, 0xd7, 0xcf, 0xff,
    0xff, 0xff, 0xff, 0xff, 0xff, 0xff, 0xf9, 0xcf,
    0xff, 0xff, 0xff, 0xff, 0xff, 0xff, 0xff, 0xf9,

    /* U+2018 "‘" */
    0x00, 0x0e, 0xff, 0x90, 0x02, 0xff, 0xf6, 0x00,
    0x7f, 0xff, 0x40, 0x0b, 0xff, 0xf2, 0x00, 0xff,
    0xff, 0x00, 0x5f, 0xff, 0xd0, 0x09, 0xff, 0xfb,
    0x00, 0xef, 0xff, 0x80, 0x2f, 0xff, 0xf6, 0x07,
    0xff, 0xff, 0x40, 0xcf, 0xff, 0xf1, 0x02, 0x33,
    0x33, 0x00,

    /* U+2019 "’" */
    0x01, 0x33, 0x33, 0x10, 0x6f, 0xff, 0xf7, 0x09,
    0xff, 0xff, 0x20, 0xbf, 0xff, 0xe0, 0x0d, 0xff,
    0xf9, 0x00, 0xff, 0xff, 0x40, 0x2f, 0xff, 0xf0,
    0x04, 0xff, 0xfb, 0x00, 0x7f, 0xff, 0x60, 0x09,
    0xff, 0xf2, 0x00, 0xbf, 0xfd, 0x00, 0x0e, 0xff,
    0x90, 0x00,

    /* U+201A "‚" */
    0x00, 0x33, 0x33, 0x20, 0x3f, 0xff, 0xfa, 0x06,
    0xff, 0xff, 0x50, 0x8f, 0xff, 0xf1, 0x0a, 0xff,
    0xfc, 0x00, 0xdf, 0xff, 0x70, 0x0f, 0xff, 0xf3,
    0x01, 0xff, 0xfe, 0x00, 0x4f, 0xff, 0x90, 0x06,
    0xff, 0xf5, 0x00, 0x8f, 0xff, 0x00, 0x0b, 0xff,
    0xc0, 0x00,

    /* U+201B "‛" */
    0x5f, 0xff, 0xf9, 0x00, 0x1f, 0xff, 0xfb, 0x00,
    0x0c, 0xff, 0xfd, 0x00, 0x07, 0xff, 0xff, 0x00,
    0x02, 0xff, 0xff, 0x20, 0x00, 0xef, 0xff, 0x40,
    0x00, 0x9f, 0xff, 0x70, 0x00, 0x4f, 0xff, 0x90,
    0x00, 0x0f, 0xff, 0xb0, 0x00, 0x0b, 0xff, 0xe0,
    0x00, 0x06, 0xff, 0xf0, 0x00, 0x00, 0x33, 0x30,

    /* U+201C "“" */
    0x00, 0x0e, 0xff, 0x90, 0x00, 0x0c, 0xff, 0xa0,
    0x02, 0xff, 0xf6, 0x00, 0x01, 0xff, 0xf8, 0x00,
    0x7f, 0xff, 0x40, 0x00, 0x5f, 0xff, 0x50, 0x0b,
    0xff, 0xf2, 0x00, 0x0a, 0xff, 0xf3, 0x00, 0xff,
    0xff, 0x00, 0x00, 0xef, 0xff, 0x10, 0x5f, 0xff,
    0xd0, 0x00, 0x3f, 0xff, 0xe0, 0x09, 0xff, 0xfb,
    0x00, 0x08, 0xff, 0xfc, 0x00, 0xef, 0xff, 0x80,
    0x00, 0xcf, 0xff, 0xa0, 0x2f, 0xff, 0xf6, 0x00,
    0x1f, 0xff, 0xf7, 0x07, 0xff, 0xff, 0x40, 0x06,
    0xff, 0xff, 0x50, 0xcf, 0xff, 0xf1, 0x00, 0xaf,
    0xff, 0xf3, 0x02, 0x33, 0x33, 0x00, 0x02, 0x33,
    0x33, 0x00,

    /* U+201D "”" */
    0x01, 0x33, 0x33, 0x10, 0x01, 0x33, 0x33, 0x10,
    0x6f, 0xff, 0xf7, 0x00, 0x8f, 0xff, 0xf5, 0x09,
    0xff, 0xff, 0x20, 0x0b, 0xff, 0xff, 0x00, 0xbf,
    0xff, 0xe0, 0x00, 0xdf, 0xff, 0xc0, 0x0d, 0xff,
    0xf9, 0x00, 0x0f, 0xff, 0xf7, 0x00, 0xff, 0xff,
    0x40, 0x02, 0xff, 0xff, 0x20, 0x2f, 0xff, 0xf0,
    0x00, 0x4f, 0xff, 0xe0, 0x04, 0xff, 0xfb, 0x00,
    0x06, 0xff, 0xf9, 0x00, 0x7f, 0xff, 0x60, 0x00,
    0x9f, 0xff, 0x50, 0x09, 0xff, 0xf2, 0x00, 0x0b,
    0xff, 0xf0, 0x00, 0xbf, 0xfd, 0x00, 0x00, 0xdf,
    0xfb, 0x00, 0x0e, 0xff, 0x90, 0x00, 0x0f, 0xff,
    0x70, 0x00,

    /* U+201E "„" */
    0x00, 0x33, 0x33, 0x20, 0x00, 0x33, 0x33, 0x20,
    0x3f, 0xff, 0xfa, 0x00, 0x5f, 0xff, 0xf8, 0x06,
    0xff, 0xff, 0x50, 0x08, 0xff, 0xff, 0x30, 0x8f,
    0xff, 0xf1, 0x00, 0xaf, 0xff, 0xe0, 0x0a, 0xff,
    0xfc, 0x00, 0x0c, 0xff, 0xfa, 0x00, 0xdf, 0xff,
    0x70, 0x00, 0xff, 0xff, 0x50, 0x0f, 0xff, 0xf3,
    0x00, 0x1f, 0xff, 0xf1, 0x01, 0xff, 0xfe, 0x00,
    0x03, 0xff, 0xfc, 0x00, 0x4f, 0xff, 0x90, 0x00,
    0x6f, 0xff, 0x70, 0x06, 0xff, 0xf5, 0x00, 0x08,
    0xff, 0xf3, 0x00, 0x8f, 0xff, 0x00, 0x00, 0xaf,
    0xfe, 0x00, 0x0b, 0xff, 0xc0, 0x00, 0x0d, 0xff,
    0xa0, 0x00,

    /* U+201F "‟" */
    0x5f, 0xff, 0xf9, 0x00, 0x7f, 0xff, 0xf7, 0x00,
    0x1f, 0xff, 0xfb, 0x00, 0x2f, 0xff, 0xf9, 0x00,
    0x0c, 0xff, 0xfd, 0x00, 0x0d, 0xff, 0xfb, 0x00,
    0x07, 0xff, 0xff, 0x00, 0x09, 0xff, 0xfe, 0x00,
    0x02, 0xff, 0xff, 0x20, 0x04, 0xff, 0xff, 0x00,
    0x00, 0xef, 0xff, 0x40, 0x00, 0xff, 0xff, 0x20,
    0x00, 0x9f, 0xff, 0x70, 0x00, 0xbf, 0xff, 0x50,
    0x00, 0x4f, 0xff, 0x90, 0x00, 0x6f, 0xff, 0x70,
    0x00, 0x0f, 0xff, 0xb0, 0x00, 0x2f, 0xff, 0x90,
    0x00, 0x0b, 0xff, 0xe0, 0x00, 0x0d, 0xff, 0xc0,
    0x00, 0x06, 0xff, 0xf0, 0x00, 0x08, 0xff, 0xe0,
    0x00, 0x00, 0x33, 0x30, 0x00, 0x01, 0x33, 0x20,

    /* U+2020 "†" */
    0x00, 0x00, 0x00, 0xcf, 0xff, 0xb0, 0x00, 0x00,
    0x00, 0x00, 0x00, 0x0c, 0xff, 0xfb, 0x00, 0x00,
    0x00, 0x00, 0x00, 0x00, 0xcf, 0xff, 0xb0, 0x00,
    0x00, 0x00, 0x00, 0x00, 0x0c, 0xff, 0xfb, 0x00,
    0x00, 0x00, 0x00, 0x00, 0x00, 0xcf, 0xff, 0xb0,
    0x00, 0x00, 0x02, 0x88, 0x88, 0x8f, 0xff, 0xff,
    0x88, 0x88, 0x82, 0x5f, 0xff, 0xff, 0xff, 0xff,
    0xff, 0xff, 0xff, 0x45, 0xff, 0xff, 0xff, 0xff,
    0xff, 0xff, 0xff, 0xf4, 0x5f, 0xff, 0xff, 0xff,
    0xff, 0xff, 0xff, 0xff, 0x40, 0x00, 0x00, 0x0c,
    0xff, 0xfb, 0x00, 0x00, 0x00, 0x00, 0x00, 0x00,
    0xcf, 0xff, 0xb0, 0x00, 0x00, 0x00, 0x00, 0x00,
    0x0c, 0xff, 0xfb, 0x00, 0x00, 0x00, 0x00, 0x00,
    0x00, 0xbf, 0xff, 0xb0, 0x00, 0x00, 0x00, 0x00,
    0x00, 0x0b, 0xff, 0xfa, 0x00, 0x00, 0x00, 0x00,
    0x00, 0x00, 0x9f, 0xff, 0x80, 0x00, 0x00, 0x00,
    0x00, 0x00, 0x07, 0xff, 0xf7, 0x00, 0x00, 0x00,
    0x00, 0x00, 0x00, 0x5f, 0xff, 0x50, 0x00, 0x00,
    0x00, 0x00, 0x00, 0x04, 0xff, 0xf3, 0x00, 0x00,
    0x00, 0x00, 0x00, 0x00, 0x2f, 0xff, 0x10, 0x00,
    0x00, 0x00, 0x00, 0x00, 0x00, 0xff, 0xf0, 0x00,
    0x00, 0x00, 0x00, 0x00, 0x00, 0x07, 0x87, 0x00,
    0x00, 0x00, 0x00,

    /* U+2021 "‡" */
    0x00, 0x00, 0x00, 0xcf, 0xff, 0xb0, 0x00, 0x00,
    0x00, 0x00, 0x00, 0x0c, 0xff, 0xfb, 0x00, 0x00,
    0x00, 0x00, 0x00, 0x00, 0xcf, 0xff, 0xb0, 0x00,
    0x00, 0x00, 0x00, 0x00, 0x0c, 0xff, 0xfb, 0x00,
    0x00, 0x00, 0x00, 0x00, 0x00, 0xcf, 0xff, 0xb0,
    0x00, 0x00, 0x00, 0x00, 0x00, 0x0c, 0xff, 0xfb,
    0x00, 0x00, 0x00, 0x5f, 0xff, 0xff, 0xff, 0xff,
    0xff, 0xff, 0xff, 0x45, 0xff, 0xff, 0xff, 0xff,
    0xff, 0xff, 0xff, 0xf4, 0x5f, 0xff, 0xff, 0xff,
    0xff, 0xff, 0xff, 0xff, 0x42, 0x88, 0x88, 0x8f,
    0xff, 0xff, 0x88, 0x88, 0x82, 0x00, 0x00, 0x00,
    0xcf, 0xff, 0xb0, 0x00, 0x00, 0x00, 0x00, 0x00,
    0x0c, 0xff, 0xfb, 0x00, 0x00, 0x00, 0x00, 0x00,
    0x00, 0xcf, 0xff, 0xb0, 0x00, 0x00, 0x00, 0x00,
    0x00, 0x0c, 0xff, 0xfb, 0x00, 0x00, 0x00, 0x28,
    0x88, 0x88, 0xff, 0xff, 0xf8, 0x88, 0x88, 0x25,
    0xff, 0xff, 0xff, 0xff, 0xff, 0xff, 0xff, 0xf4,
    0x5f, 0xff, 0xff, 0xff, 0xff, 0xff, 0xff, 0xff,
    0x45, 0xff, 0xff, 0xff, 0xff, 0xff, 0xff, 0xff,
    0xf4, 0x00, 0x00, 0x00, 0xcf, 0xff, 0xb0, 0x00,
    0x00, 0x00, 0x00, 0x00, 0x0c, 0xff, 0xfb, 0x00,
    0x00, 0x00, 0x00, 0x00, 0x00, 0xbf, 0xff, 0xb0,
    0x00, 0x00, 0x00, 0x00, 0x00, 0x0a, 0xff, 0xfa,
    0x00, 0x00, 0x00, 0x00, 0x00, 0x00, 0x8f, 0xff,
    0x80, 0x00, 0x00, 0x00, 0x00, 0x00, 0x06, 0xff,
    0xf6, 0x00, 0x00, 0x00, 0x00, 0x00, 0x00, 0x5f,
    0xff, 0x40, 0x00, 0x00, 0x00, 0x00, 0x00, 0x03,
    0xff, 0xf2, 0x00, 0x00, 0x00, 0x00, 0x00, 0x00,
    0x1f, 0xff, 0x00, 0x00, 0x00, 0x00, 0x00, 0x00,
    0x00, 0xff, 0xf0, 0x00, 0x00, 0x00,

    /* U+2022 "•" */
    0x00, 0x01, 0x7b, 0xdc, 0x81, 0x00, 0x00, 0x04,
    0xef, 0xff, 0xff, 0xf5, 0x00, 0x02, 0xff, 0xff,
    0xff, 0xff, 0xf4, 0x00, 0xbf, 0xff, 0xff, 0xff,
    0xff, 0xe0, 0x2f, 0xff, 0xff, 0xff, 0xff, 0xff,
    0x44, 0xff, 0xff, 0xff, 0xff, 0xff, 0xf7, 0x4f,
    0xff, 0xff, 0xff, 0xff, 0xff, 0x72, 0xff, 0xff,
    0xff, 0xff, 0xff, 0xf4, 0x0c, 0xff, 0xff, 0xff,
    0xff, 0xfe, 0x00, 0x3f, 0xff, 0xff, 0xff, 0xff,
    0x50, 0x00, 0x5f, 0xff, 0xff, 0xff, 0x70, 0x00,
    0x00, 0x29, 0xdf, 0xea, 0x30, 0x00,

    /* U+2023 "‣" */
    0x00, 0x00, 0x00, 0x00, 0x00, 0x09, 0x50, 0x00,
    0x00, 0x00, 0x00, 0xbf, 0xb2, 0x00, 0x00, 0x00,
    0x0b, 0xff, 0xf8, 0x00, 0x00, 0x00, 0xbf, 0xff,
    0xfd, 0x40, 0x00, 0x0b, 0xff, 0xff, 0xff, 0xa1,
    0x00, 0xbf, 0xff, 0xff, 0xff, 0xf7, 0x0b, 0xff,
    0xff, 0xff, 0xff, 0x70, 0xbf, 0xff, 0xff, 0xfa,
    0x10, 0x0b, 0xff, 0xff, 0xd4, 0x00, 0x00, 0xbf,
    0xff, 0x70, 0x00, 0x00, 0x0b, 0xfa, 0x10, 0x00,
    0x00, 0x00, 0x94, 0x00, 0x00, 0x00, 0x00, 0x00,
    0x00, 0x00, 0x00, 0x00, 0x00,

    /* U+2024 "․" */
    0x06, 0xdd, 0x80, 0x07, 0xff, 0xff, 0x80, 0xdf,
    0xff, 0xfe, 0x0d, 0xff, 0xff, 0xf0, 0x7f, 0xff,
    0xf9, 0x00, 0x8e, 0xe9, 0x00,

    /* U+2025 "‥" */
    0x06, 0xdd, 0x80, 0x00, 0x00, 0x00, 0x05, 0xcd,
    0x80, 0x07, 0xff, 0xff, 0x80, 0x00, 0x00, 0x05,
    0xff, 0xff, 0xa0, 0xdf, 0xff, 0xfe, 0x00, 0x00,
    0x00, 0xbf, 0xff, 0xff, 0x0d, 0xff, 0xff, 0xf0,
    0x00, 0x00, 0x0b, 0xff, 0xff, 0xf1, 0x7f, 0xff,
    0xf9, 0x00, 0x00, 0x00, 0x5f, 0xff, 0xfb, 0x00,
    0x8e, 0xe9, 0x00, 0x00, 0x00, 0x00, 0x7e, 0xea,
    0x10,

    /* U+2026 "…" */
    0x06, 0xdd, 0x80, 0x00, 0x00, 0x00, 0x05, 0xcd,
    0x80, 0x00, 0x00, 0x00, 0x04, 0xcd, 0x91, 0x07,
    0xff, 0xff, 0x80, 0x00, 0x00, 0x05, 0xff, 0xff,
    0xa0, 0x00, 0x00, 0x03, 0xff, 0xff, 0xc0, 0xdf,
    0xff, 0xfe, 0x00, 0x00, 0x00, 0xbf, 0xff, 0xff,
    0x00, 0x00, 0x00, 0x9f, 0xff, 0xff, 0x2d, 0xff,
    0xff, 0xf0, 0x00, 0x00, 0x0b, 0xff, 0xff, 0xf1,
    0x00, 0x00, 0x09, 0xff, 0xff, 0xf2, 0x7f, 0xff,
    0xf9, 0x00, 0x00, 0x00, 0x5f, 0xff, 0xfb, 0x00,
    0x00, 0x00, 0x4f, 0xff, 0xfc, 0x00, 0x8e, 0xe9,
    0x00, 0x00, 0x00, 0x00, 0x7e, 0xea, 0x10, 0x00,
    0x00, 0x00, 0x6d, 0xfb, 0x10,

    /* U+2027 "‧" */
    0x06, 0xcd, 0x70, 0x06, 0xff, 0xff, 0x80, 0xdf,
    0xff, 0xfe, 0x0d, 0xff, 0xff, 0xf0, 0x7f, 0xff,
    0xf9, 0x00, 0x8e, 0xe9, 0x00,

    /* U+202F " " */

    /* U+2030 "‰" */
    0x00, 0x03, 0xae, 0xfe, 0xb4, 0x00, 0x00, 0x00,
    0x00, 0x00, 0x00, 0x0a, 0xff, 0xe1, 0x00, 0x00,
    0x00, 0x00, 0x00, 0x00, 0x00, 0x00, 0x00, 0x00,
    0x7f, 0xff, 0xff, 0xff, 0x90, 0x00, 0x00, 0x00,
    0x00, 0x00, 0x5f, 0xff, 0x40, 0x00, 0x00, 0x00,
    0x00, 0x00, 0x00, 0x00, 0x00, 0x00, 0x05, 0xff,
    0xff, 0xff, 0xff, 0xf6, 0x00, 0x00, 0x00, 0x00,
    0x01, 0xef, 0xf9, 0x00, 0x00, 0x00, 0x00, 0x00,
    0x00, 0x00, 0x00, 0x00, 0x00, 0x0d, 0xff, 0xf5,
    0x14, 0xef, 0xfe, 0x00, 0x00, 0x00, 0x00, 0x0b,
    0xff, 0xd0, 0x00, 0x00, 0x00, 0x00, 0x00, 0x00,
    0x00, 0x00, 0x00, 0x00, 0x2f, 0xff, 0x80, 0x00,
    0x6f, 0xff, 0x30, 0x00, 0x00, 0x00, 0x5f, 0xff,
    0x40, 0x00, 0x00, 0x00, 0x00, 0x00, 0x00, 0x00,
    0x00, 0x00, 0x00, 0x3f, 0xff, 0x40, 0x00, 0x3f,
    0xff, 0x50, 0x00, 0x00, 0x01, 0xef, 0xf9, 0x00,
    0x00, 0x00, 0x00, 0x00, 0x00, 0x00, 0x00, 0x00,
    0x00, 0x00, 0x4f, 0xff, 0x40, 0x00, 0x2f, 0xff,
    0x50, 0x00, 0x00, 0x0b, 0xff, 0xd0, 0x00, 0x00,
    0x00, 0x00, 0x00, 0x00, 0x00, 0x00, 0x00, 0x00,
    0x00, 0x3f, 0xff, 0x40, 0x00, 0x3f, 0xff, 0x50,
    0x00, 0x00, 0x6f, 0xff, 0x30, 0x00, 0x00, 0x00,
    0x00, 0x00, 0x00, 0x00, 0x00, 0x00, 0x00, 0x00,
    0x2f, 0xff, 0x80, 0x00, 0x6f, 0xff, 0x30, 0x00,
    0x02, 0xff, 0xf8, 0x00, 0x00, 0x00, 0x00, 0x00,
    0x00, 0x00, 0x00, 0x00, 0x00, 0x00, 0x00, 0x0d,
    0xff, 0xf5, 0x24, 0xef, 0xfe, 0x00, 0x00, 0x0c,
    0xff, 0xd0, 0x00, 0x00, 0x00, 0x00, 0x00, 0x00,
    0x00, 0x00, 0x00, 0x00, 0x00, 0x00, 0x05, 0xff,
    0xff, 0xff, 0xff, 0xf6, 0x00, 0x00, 0x7f, 0xff,
    0x30, 0x00, 0x00, 0x00, 0x00, 0x00, 0x00, 0x00,
    0x00, 0x00, 0x00, 0x00, 0x00, 0x00, 0x7f, 0xff,
    0xff, 0xff, 0x90, 0x00, 0x02, 0xff, 0xf7, 0x00,
    0x00, 0x00, 0x00, 0x00, 0x00, 0x00, 0x00, 0x00,
    0x00, 0x00, 0x00, 0x00, 0x00, 0x03, 0xae, 0xfe,
    0xb4, 0x00, 0x00, 0x0c, 0xff, 0xc0, 0x00, 0x00,
    0x00, 0x00, 0x00, 0x00, 0x00, 0x00, 0x00, 0x00,
    0x00, 0x00, 0x00, 0x00, 0x00, 0x00, 0x00, 0x00,
    0x00, 0x00, 0x7f, 0xff, 0x20, 0x00, 0x00, 0x00,
    0x00, 0x00, 0x00, 0x00, 0x00, 0x00, 0x00, 0x00,
    0x00, 0x00, 0x00, 0x00, 0x00, 0x00, 0x00, 0x00,
    0x02, 0xff, 0xf7, 0x00, 0x00, 0x00, 0x00, 0x00,
    0x00, 0x00, 0x00, 0x00, 0x00, 0x00, 0x00, 0x00,
    0x00, 0x00, 0x00, 0x00, 0x00, 0x00, 0x00, 0x0c,
    0xff, 0xc0, 0x00, 0x00, 0x3b, 0xef, 0xfc, 0x60,
    0x00, 0x00, 0x00, 0x4b, 0xef, 0xfc, 0x50, 0x00,
    0x00, 0x00, 0x00, 0x00, 0x00, 0x00, 0x8f, 0xff,
    0x20, 0x00, 0x07, 0xff, 0xff, 0xff, 0xfb, 0x00,
    0x00, 0x07, 0xff, 0xff, 0xff, 0xfa, 0x00, 0x00,
    0x00, 0x00, 0x00, 0x00, 0x03, 0xff, 0xf6, 0x00,
    0x00, 0x4f, 0xff, 0xff, 0xff, 0xff, 0x80, 0x00,
    0x5f, 0xff, 0xff, 0xff, 0xff, 0x70, 0x00, 0x00,
    0x00, 0x00, 0x00, 0x0d, 0xff, 0xb0, 0x00, 0x00,
    0xcf, 0xff, 0x50, 0x3d, 0xff, 0xf0, 0x00, 0xdf,
    0xff, 0x40, 0x3e, 0xff, 0xe0, 0x00, 0x00, 0x00,
    0x00, 0x00, 0x8f, 0xff, 0x10, 0x00, 0x01, 0xff,
    0xf9, 0x00, 0x05, 0xff, 0xf4, 0x01, 0xff, 0xf8,
    0x00, 0x05, 0xff, 0xf3, 0x00, 0x00, 0x00, 0x00,
    0x03, 0xff, 0xf6, 0x00, 0x00, 0x03, 0xff, 0xf5,
    0x00, 0x02, 0xff, 0xf6, 0x03, 0xff, 0xf4, 0x00,
    0x02, 0xff, 0xf5, 0x00, 0x00, 0x00, 0x00, 0x0d,
    0xff, 0xb0, 0x00, 0x00, 0x03, 0xff, 0xf5, 0x00,
    0x01, 0xff, 0xf7, 0x04, 0xff, 0xf4, 0x00, 0x02,
    0xff, 0xf6, 0x00, 0x00, 0x00, 0x00, 0x9f, 0xfe,
    0x10, 0x00, 0x00, 0x02, 0xff, 0xf5, 0x00, 0x02,
    0xff, 0xf6, 0x03, 0xff, 0xf4, 0x00, 0x02, 0xff,
    0xf5, 0x00, 0x00, 0x00, 0x04, 0xff, 0xf5, 0x00,
    0x00, 0x00, 0x01, 0xff, 0xf9, 0x00, 0x05, 0xff,
    0xf4, 0x01, 0xff, 0xf8, 0x00, 0x06, 0xff, 0xf3,
    0x00, 0x00, 0x00, 0x0e, 0xff, 0xa0, 0x00, 0x00,
    0x00, 0x00, 0xcf, 0xff, 0x62, 0x4e, 0xff, 0xf0,
    0x00, 0xcf, 0xff, 0x52, 0x4e, 0xff, 0xe0, 0x00,
    0x00, 0x00, 0x9f, 0xfe, 0x10, 0x00, 0x00, 0x00,
    0x00, 0x4f, 0xff, 0xff, 0xff, 0xff, 0x70, 0x00,
    0x4f, 0xff, 0xff, 0xff, 0xff, 0x60, 0x00, 0x00,
    0x04, 0xff, 0xf5, 0x00, 0x00, 0x00, 0x00, 0x00,
    0x07, 0xff, 0xff, 0xff, 0xfa, 0x00, 0x00, 0x07,
    0xff, 0xff, 0xff, 0xf9, 0x00, 0x00, 0x00, 0x1e,
    0xff, 0xa0, 0x00, 0x00, 0x00, 0x00, 0x00, 0x00,
    0x3a, 0xef, 0xeb, 0x50, 0x00, 0x00, 0x00, 0x3a,
    0xef, 0xeb, 0x40, 0x00,

    /* U+2031 "‱" */
    0x00, 0x03, 0xae, 0xfe, 0xb4, 0x00, 0x00, 0x00,
    0x00, 0x00, 0x00, 0x0a, 0xff, 0xe1, 0x00, 0x00,
    0x00, 0x00, 0x00, 0x00, 0x00, 0x00, 0x00, 0x00,
    0x00, 0x00, 0x00, 0x00, 0x00, 0x00, 0x00, 0x7f,
    0xff, 0xff, 0xff, 0x90, 0x00, 0x00, 0x00, 0x00,
    0x00, 0x5f, 0xff, 0x40, 0x00, 0x00, 0x00, 0x00,
    0x00, 0x00, 0x00, 0x00, 0x00, 0x00, 0x00, 0x00,
    0x00, 0x00, 0x00, 0x00, 0x05, 0xff, 0xff, 0xff,
    0xff, 0xf6, 0x00, 0x00, 0x00, 0x00, 0x01, 0xef,
    0xf9, 0x00, 0x00, 0x00, 0x00, 0x00, 0x00, 0x00,
    0x00, 0x00, 0x00, 0x00, 0x00, 0x00, 0x00, 0x00,
    0x00, 0x00, 0x0d, 0xff, 0xf5, 0x14, 0xef, 0xfe,
    0x00, 0x00, 0x00, 0x00, 0x0b, 0xff, 0xd0, 0x00,
    0x00, 0x00, 0x00, 0x00, 0x00, 0x00, 0x00, 0x00,
    0x00, 0x00, 0x00, 0x00, 0x00, 0x00, 0x00, 0x00,
    0x2f, 0xff, 0x80, 0x00, 0x6f, 0xff, 0x30, 0x00,
    0x00, 0x00, 0x5f, 0xff, 0x40, 0x00, 0x00, 0x00,
    0x00, 0x00, 0x00, 0x00, 0x00, 0x00, 0x00, 0x00,
    0x00, 0x00, 0x00, 0x00, 0x00, 0x00, 0x3f, 0xff,
    0x40, 0x00, 0x3f, 0xff, 0x50, 0x00, 0x00, 0x01,
    0xef, 0xf9, 0x00, 0x00, 0x00, 0x00, 0x00, 0x00,
    0x00, 0x00, 0x00, 0x00, 0x00, 0x00, 0x00, 0x00,
    0x00, 0x00, 0x00, 0x00, 0x4f, 0xff, 0x40, 0x00,
    0x2f, 0xff, 0x50, 0x00, 0x00, 0x0b, 0xff, 0xd0,
    0x00, 0x00, 0x00, 0x00, 0x00, 0x00, 0x00, 0x00,
    0x00, 0x00, 0x00, 0x00, 0x00, 0x00, 0x00, 0x00,
    0x00, 0x00, 0x3f, 0xff, 0x40, 0x00, 0x3f, 0xff,
    0x50, 0x00, 0x00, 0x6f, 0xff, 0x30, 0x00, 0x00,
    0x00, 0x00, 0x00, 0x00, 0x00, 0x00, 0x00, 0x00,
    0x00, 0x00, 0x00, 0x00, 0x00, 0x00, 0x00, 0x00,
    0x2f, 0xff, 0x80, 0x00, 0x6f, 0xff, 0x30, 0x00,
    0x02, 0xff, 0xf8, 0x00, 0x00, 0x00, 0x00, 0x00,
    0x00, 0x00, 0x00, 0x00, 0x00, 0x00, 0x00, 0x00,
    0x00, 0x00, 0x00, 0x00, 0x00, 0x00, 0x0d, 0xff,
    0xf5, 0x24, 0xef, 0xfe, 0x00, 0x00, 0x0c, 0xff,
    0xd0, 0x00, 0x00, 0x00, 0x00, 0x00, 0x00, 0x00,
    0x00, 0x00, 0x00, 0x00, 0x00, 0x00, 0x00, 0x00,
    0x00, 0x00, 0x00, 0x00, 0x05, 0xff, 0xff, 0xff,
    0xff, 0xf6, 0x00, 0x00, 0x7f, 0xff, 0x30, 0x00,
    0x00, 0x00, 0x00, 0x00, 0x00, 0x00, 0x00, 0x00,
    0x00, 0x00, 0x00, 0x00, 0x00, 0x00, 0x00, 0x00,
    0x00, 0x00, 0x00, 0x7f, 0xff, 0xff, 0xff, 0x90,
    0x00, 0x02, 0xff, 0xf7, 0x00, 0x00, 0x00, 0x00,
    0x00, 0x00, 0x00, 0x00, 0x00, 0x00, 0x00, 0x00,
    0x00, 0x00, 0x00, 0x00, 0x00, 0x00, 0x00, 0x00,
    0x00, 0x03, 0xae, 0xfe, 0xb4, 0x00, 0x00, 0x0c,
    0xff, 0xc0, 0x00, 0x00, 0x00, 0x00, 0x00, 0x00,
    0x00, 0x00, 0x00, 0x00, 0x00, 0x00, 0x00, 0x00,
    0x00, 0x00, 0x00, 0x00, 0x00, 0x00, 0x00, 0x00,
    0x00, 0x00, 0x00, 0x00, 0x00, 0x7f, 0xff, 0x20,
    0x00, 0x00, 0x00, 0x00, 0x00, 0x00, 0x00, 0x00,
    0x00, 0x00, 0x00, 0x00, 0x00, 0x00, 0x00, 0x00,
    0x00, 0x00, 0x00, 0x00, 0x00, 0x00, 0x00, 0x00,
    0x00, 0x00, 0x02, 0xff, 0xf7, 0x00, 0x00, 0x00,
    0x00, 0x00, 0x00, 0x00, 0x00, 0x00, 0x00, 0x00,
    0x00, 0x00, 0x00, 0x00, 0x00, 0x00, 0x00, 0x00,
    0x00, 0x00, 0x00, 0x00, 0x00, 0x00, 0x00, 0x00,
    0x0c, 0xff, 0xc0, 0x00, 0x00, 0x3b, 0xef, 0xfc,
    0x60, 0x00, 0x00, 0x00, 0x4b, 0xef, 0xfc, 0x50,
    0x00, 0x00, 0x00, 0x4b, 0xff, 0xfc, 0x50, 0x00,
    0x00, 0x00, 0x00, 0x00, 0x00, 0x00, 0x8f, 0xff,
    0x20, 0x00, 0x07, 0xff, 0xff, 0xff, 0xfb, 0x00,
    0x00, 0x07, 0xff, 0xff, 0xff, 0xfa, 0x00, 0x00,
    0x08, 0xff, 0xff, 0xff, 0xfa, 0x00, 0x00, 0x00,
    0x00, 0x00, 0x00, 0x03, 0xff, 0xf6, 0x00, 0x00,
    0x4f, 0xff, 0xff, 0xff, 0xff, 0x80, 0x00, 0x5f,
    0xff, 0xff, 0xff, 0xff, 0x70, 0x00, 0x5f, 0xff,
    0xff, 0xff, 0xff, 0x70, 0x00, 0x00, 0x00, 0x00,
    0x00, 0x0d, 0xff, 0xb0, 0x00, 0x00, 0xcf, 0xff,
    0x50, 0x3d, 0xff, 0xf0, 0x00, 0xdf, 0xff, 0x40,
    0x3e, 0xff, 0xe0, 0x00, 0xdf, 0xfe, 0x40, 0x3e,
    0xff, 0xe0, 0x00, 0x00, 0x00, 0x00, 0x00, 0x8f,
    0xff, 0x10, 0x00, 0x01, 0xff, 0xf9, 0x00, 0x05,
    0xff, 0xf4, 0x01, 0xff, 0xf8, 0x00, 0x05, 0xff,
    0xf3, 0x02, 0xff, 0xf7, 0x00, 0x06, 0xff, 0xf3,
    0x00, 0x00, 0x00, 0x00, 0x03, 0xff, 0xf6, 0x00,
    0x00, 0x03, 0xff, 0xf5, 0x00, 0x02, 0xff, 0xf6,
    0x03, 0xff, 0xf4, 0x00, 0x02, 0xff, 0xf5, 0x04,
    0xff, 0xf4, 0x00, 0x03, 0xff, 0xf5, 0x00, 0x00,
    0x00, 0x00, 0x0d, 0xff, 0xb0, 0x00, 0x00, 0x03,
    0xff, 0xf5, 0x00, 0x01, 0xff, 0xf7, 0x04, 0xff,
    0xf4, 0x00, 0x02, 0xff, 0xf6, 0x05, 0xff, 0xf3,
    0x00, 0x03, 0xff, 0xf5, 0x00, 0x00, 0x00, 0x00,
    0x9f, 0xfe, 0x10, 0x00, 0x00, 0x02, 0xff, 0xf5,
    0x00, 0x02, 0xff, 0xf6, 0x03, 0xff, 0xf4, 0x00,
    0x02, 0xff, 0xf5, 0x04, 0xff, 0xf4, 0x00, 0x03,
    0xff, 0xf4, 0x00, 0x00, 0x00, 0x04, 0xff, 0xf5,
    0x00, 0x00, 0x00, 0x01, 0xff, 0xf9, 0x00, 0x05,
    0xff, 0xf4, 0x01, 0xff, 0xf8, 0x00, 0x06, 0xff,
    0xf3, 0x02, 0xff, 0xf7, 0x00, 0x07, 0xff, 0xf2,
    0x00, 0x00, 0x00, 0x0e, 0xff, 0xa0, 0x00, 0x00,
    0x00, 0x00, 0xcf, 0xff, 0x62, 0x4e, 0xff, 0xf0,
    0x00, 0xcf, 0xff, 0x52, 0x4e, 0xff, 0xe0, 0x00,
    0xdf, 0xff, 0x52, 0x5e, 0xff, 0xe0, 0x00, 0x00,
    0x00, 0x9f, 0xfe, 0x10, 0x00, 0x00, 0x00, 0x00,
    0x4f, 0xff, 0xff, 0xff, 0xff, 0x70, 0x00, 0x4f,
    0xff, 0xff, 0xff, 0xff, 0x60, 0x00, 0x5f, 0xff,
    0xff, 0xff, 0xff, 0x60, 0x00, 0x00, 0x04, 0xff,
    0xf5, 0x00, 0x00, 0x00, 0x00, 0x00, 0x07, 0xff,
    0xff, 0xff, 0xfa, 0x00, 0x00, 0x07, 0xff, 0xff,
    0xff, 0xf9, 0x00, 0x00, 0x08, 0xff, 0xff, 0xff,
    0xf9, 0x00, 0x00, 0x00, 0x1e, 0xff, 0xa0, 0x00,
    0x00, 0x00, 0x00, 0x00, 0x00, 0x3a, 0xef, 0xeb,
    0x50, 0x00, 0x00, 0x00, 0x3a, 0xef, 0xeb, 0x40,
    0x00, 0x00, 0x00, 0x4a, 0xef, 0xeb, 0x40, 0x00,

    /* U+2032 "′" */
    0x0f, 0xff, 0xf9, 0x1f, 0xff, 0xf6, 0x2f, 0xff,
    0xf2, 0x4f, 0xff, 0xe0, 0x5f, 0xff, 0xb0, 0x7f,
    0xff, 0x80, 0x8f, 0xff, 0x40, 0xaf, 0xff, 0x10,
    0xbf, 0xfd, 0x00, 0xdf, 0xfa, 0x00, 0x67, 0x73,
    0x00,

    /* U+2033 "″" */
    0x0f, 0xff, 0xf9, 0x00, 0x00, 0x4f, 0xff, 0xf4,
    0x1f, 0xff, 0xf6, 0x00, 0x00, 0x6f, 0xff, 0xf1,
    0x2f, 0xff, 0xf2, 0x00, 0x00, 0x7f, 0xff, 0xd0,
    0x4f, 0xff, 0xe0, 0x00, 0x00, 0x9f, 0xff, 0xa0,
    0x5f, 0xff, 0xb0, 0x00, 0x00, 0xaf, 0xff, 0x60,
    0x7f, 0xff, 0x80, 0x00, 0x00, 0xcf, 0xff, 0x30,
    0x8f, 0xff, 0x40, 0x00, 0x00, 0xdf, 0xff, 0x00,
    0xaf, 0xff, 0x10, 0x00, 0x00, 0xff, 0xfc, 0x00,
    0xbf, 0xfd, 0x00, 0x00, 0x00, 0xff, 0xf8, 0x00,
    0xdf, 0xfa, 0x00, 0x00, 0x02, 0xff, 0xf5, 0x00,
    0x67, 0x73, 0x00, 0x00, 0x01, 0x77, 0x71, 0x00,

    /* U+2034 "‴" */
    0x0f, 0xff, 0xf9, 0x00, 0x00, 0x4f, 0xff, 0xf4,
    0x00, 0x00, 0x9f, 0xff, 0xf0, 0x1f, 0xff, 0xf6,
    0x00, 0x00, 0x6f, 0xff, 0xf1, 0x00, 0x00, 0xbf,
    0xff, 0xc0, 0x2f, 0xff, 0xf2, 0x00, 0x00, 0x7f,
    0xff, 0xd0, 0x00, 0x00, 0xcf, 0xff, 0x80, 0x4f,
    0xff, 0xe0, 0x00, 0x00, 0x9f, 0xff, 0xa0, 0x00,
    0x00, 0xef, 0xff, 0x50, 0x5f, 0xff, 0xb0, 0x00,
    0x00, 0xaf, 0xff, 0x60, 0x00, 0x00, 0xff, 0xff,
    0x10, 0x7f, 0xff, 0x80, 0x00, 0x00, 0xcf, 0xff,
    0x30, 0x00, 0x01, 0xff, 0xfe, 0x00, 0x8f, 0xff,
    0x40, 0x00, 0x00, 0xdf, 0xff, 0x00, 0x00, 0x02,
    0xff, 0xfa, 0x00, 0xaf, 0xff, 0x10, 0x00, 0x00,
    0xff, 0xfc, 0x00, 0x00, 0x04, 0xff, 0xf7, 0x00,
    0xbf, 0xfd, 0x00, 0x00, 0x00, 0xff, 0xf8, 0x00,
    0x00, 0x05, 0xff, 0xf3, 0x00, 0xdf, 0xfa, 0x00,
    0x00, 0x02, 0xff, 0xf5, 0x00, 0x00, 0x07, 0xff,
    0xf0, 0x00, 0x67, 0x73, 0x00, 0x00, 0x01, 0x77,
    0x71, 0x00, 0x00, 0x03, 0x77, 0x60, 0x00,

    /* U+2035 "‵" */
    0xdf, 0xff, 0xc0, 0x9f, 0xff, 0xd0, 0x6f, 0xff,
    0xf0, 0x2f, 0xff, 0xf0, 0x0e, 0xff, 0xf2, 0x0b,
    0xff, 0xf3, 0x08, 0xff, 0xf5, 0x04, 0xff, 0xf6,
    0x01, 0xff, 0xf8, 0x00, 0xdf, 0xf9, 0x00, 0x47,
    0x74,

    /* U+2036 "‶" */
    0xdf, 0xff, 0xc0, 0x00, 0x01, 0xff, 0xff, 0x70,
    0x9f, 0xff, 0xd0, 0x00, 0x00, 0xef, 0xff, 0x90,
    0x6f, 0xff, 0xf0, 0x00, 0x00, 0xaf, 0xff, 0xa0,
    0x2f, 0xff, 0xf0, 0x00, 0x00, 0x7f, 0xff, 0xc0,
    0x0e, 0xff, 0xf2, 0x00, 0x00, 0x3f, 0xff, 0xd0,
    0x0b, 0xff, 0xf3, 0x00, 0x00, 0x0f, 0xff, 0xf0,
    0x08, 0xff, 0xf5, 0x00, 0x00, 0x0c, 0xff, 0xf0,
    0x04, 0xff, 0xf6, 0x00, 0x00, 0x09, 0xff, 0xf2,
    0x01, 0xff, 0xf8, 0x00, 0x00, 0x05, 0xff, 0xf3,
    0x00, 0xdf, 0xf9, 0x00, 0x00, 0x02, 0xff, 0xf5,
    0x00, 0x47, 0x74, 0x00, 0x00, 0x00, 0x67, 0x72,

    /* U+2037 "‷" */
    0xdf, 0xff, 0xc0, 0x00, 0x01, 0xff, 0xff, 0x70,
    0x00, 0x06, 0xff, 0xff, 0x20, 0x9f, 0xff, 0xd0,
    0x00, 0x00, 0xef, 0xff, 0x90, 0x00, 0x03, 0xff,
    0xff, 0x40, 0x6f, 0xff, 0xf0, 0x00, 0x00, 0xaf,
    0xff, 0xa0, 0x00, 0x00, 0xff, 0xff, 0x50, 0x2f,
    0xff, 0xf0, 0x00, 0x00, 0x7f, 0xff, 0xc0, 0x00,
    0x00, 0xcf, 0xff, 0x70, 0x0e, 0xff, 0xf2, 0x00,
    0x00, 0x3f, 0xff, 0xd0, 0x00, 0x00, 0x8f, 0xff,
    0x80, 0x0b, 0xff, 0xf3, 0x00, 0x00, 0x0f, 0xff,
    0xf0, 0x00, 0x00, 0x5f, 0xff, 0xa0, 0x08, 0xff,
    0xf5, 0x00, 0x00, 0x0c, 0xff, 0xf0, 0x00, 0x00,
    0x1f, 0xff, 0xb0, 0x04, 0xff, 0xf6, 0x00, 0x00,
    0x09, 0xff, 0xf2, 0x00, 0x00, 0x0e, 0xff, 0xd0,
    0x01, 0xff, 0xf8, 0x00, 0x00, 0x05, 0xff, 0xf3,
    0x00, 0x00, 0x0a, 0xff, 0xe0, 0x00, 0xdf, 0xf9,
    0x00, 0x00, 0x02, 0xff, 0xf5, 0x00, 0x00, 0x07,
    0xff, 0xf0, 0x00, 0x47, 0x74, 0x00, 0x00, 0x00,
    0x67, 0x72, 0x00, 0x00, 0x02, 0x77, 0x70,

    /* U+2038 "‸" */
    0x00, 0x00, 0x00, 0x8f, 0xd5, 0x00, 0x00, 0x00,
    0x00, 0x00, 0x09, 0xff, 0xff, 0x30, 0x00, 0x00,
    0x00, 0x00, 0x4f, 0xff, 0xff, 0xd0, 0x00, 0x00,
    0x00, 0x01, 0xef, 0xfa, 0xff, 0xfa, 0x00, 0x00,
    0x00, 0x0b, 0xff, 0xe1, 0x6f, 0xff, 0x50, 0x00,
    0x00, 0x7f, 0xff, 0x50, 0x0b, 0xff, 0xf2, 0x00,
    0x02, 0xff, 0xfa, 0x00, 0x01, 0xff, 0xfc, 0x00,
    0x0d, 0xff, 0xe1, 0x00, 0x00, 0x6f, 0xff, 0x80,
    0x9f, 0xff, 0x50, 0x00, 0x00, 0x0a, 0xff, 0xf4,

    /* U+2039 "‹" */
    0x00, 0x00, 0x00, 0x00, 0x78, 0x88, 0x81, 0x00,
    0x00, 0x00, 0x0a, 0xff, 0xff, 0x80, 0x00, 0x00,
    0x00, 0x8f, 0xff, 0xfa, 0x00, 0x00, 0x00, 0x06,
    0xff, 0xff, 0xc0, 0x00, 0x00, 0x00, 0x4f, 0xff,
    0xfe, 0x10, 0x00, 0x00, 0x02, 0xff, 0xff, 0xf3,
    0x00, 0x00, 0x00, 0x1d, 0xff, 0xff, 0x50, 0x00,
    0x00, 0x00, 0xcf, 0xff, 0xf8, 0x00, 0x00, 0x00,
    0x0a, 0xff, 0xff, 0xa0, 0x00, 0x00, 0x00, 0x1e,
    0xff, 0xff, 0x50, 0x00, 0x00, 0x00, 0x03, 0xff,
    0xff, 0xf2, 0x00, 0x00, 0x00, 0x00, 0x5f, 0xff,
    0xfd, 0x10, 0x00, 0x00, 0x00, 0x08, 0xff, 0xff,
    0xc0, 0x00, 0x00, 0x00, 0x00, 0xaf, 0xff, 0xf9,
    0x00, 0x00, 0x00, 0x00, 0x0c, 0xff, 0xff, 0x70,
    0x00, 0x00, 0x00, 0x01, 0xdf, 0xff, 0xf4, 0x00,
    0x00, 0x00, 0x00, 0x2f, 0xff, 0xff, 0x20, 0x00,
    0x00, 0x00, 0x04, 0xff, 0xff, 0xd1,

    /* U+203A "›" */
    0x38, 0x88, 0x86, 0x00, 0x00, 0x00, 0x00, 0x0b,
    0xff, 0xff, 0x70, 0x00, 0x00, 0x00, 0x01, 0xdf,
    0xff, 0xf5, 0x00, 0x00, 0x00, 0x00, 0x2e, 0xff,
    0xff, 0x30, 0x00, 0x00, 0x00, 0x04, 0xff, 0xff,
    0xe2, 0x00, 0x00, 0x00, 0x00, 0x6f, 0xff, 0xfd,
    0x00, 0x00, 0x00, 0x00, 0x09, 0xff, 0xff, 0xb0,
    0x00, 0x00, 0x00, 0x00, 0xbf, 0xff, 0xf9, 0x00,
    0x00, 0x00, 0x00, 0x0d, 0xff, 0xff, 0x60, 0x00,
    0x00, 0x00, 0x08, 0xff, 0xff, 0xc0, 0x00, 0x00,
    0x00, 0x5f, 0xff, 0xfe, 0x10, 0x00, 0x00, 0x03,
    0xff, 0xff, 0xf3, 0x00, 0x00, 0x00, 0x1e, 0xff,
    0xff, 0x40, 0x00, 0x00, 0x00, 0xcf, 0xff, 0xf7,
    0x00, 0x00, 0x00, 0x0a, 0xff, 0xff, 0x90, 0x00,
    0x00, 0x00, 0x8f, 0xff, 0xfb, 0x00, 0x00, 0x00,
    0x05, 0xff, 0xff, 0xd0, 0x00, 0x00, 0x00, 0x3f,
    0xff, 0xfe, 0x20, 0x00, 0x00, 0x00,

    /* U+203B "※" */
    0x00, 0x00, 0x00, 0x00, 0x00, 0x6d, 0xfc, 0x20,
    0x00, 0x00, 0x00, 0x00, 0x00, 0x00, 0x00, 0x00,
    0x03, 0xff, 0xff, 0xd0, 0x00, 0x00, 0x00, 0x00,
    0x00, 0x00, 0x00, 0x70, 0x06, 0xff, 0xff, 0xf0,
    0x01, 0x60, 0x00, 0x00, 0x00, 0x00, 0x0b, 0xfb,
    0x03, 0xff, 0xff, 0xc0, 0x1d, 0xf8, 0x00, 0x00,
    0x00, 0x00, 0xbf, 0xff, 0xb0, 0x4c, 0xda, 0x12,
    0xef, 0xff, 0x80, 0x00, 0x00, 0x03, 0xff, 0xff,
    0xfc, 0x00, 0x00, 0x2e, 0xff, 0xff, 0xd0, 0x00,
    0x00, 0x00, 0x3f, 0xff, 0xff, 0xc0, 0x02, 0xef,
    0xff, 0xfd, 0x10, 0x00, 0x00, 0x00, 0x03, 0xef,
    0xff, 0xfc, 0x3e, 0xff, 0xff, 0xd1, 0x00, 0x00,
    0x02, 0xbe, 0xc4, 0x3e, 0xff, 0xff, 0xff, 0xff,
    0xfc, 0x18, 0xdd, 0x80, 0x0e, 0xff, 0xff, 0x13,
    0xef, 0xff, 0xff, 0xff, 0xc1, 0x7f, 0xff, 0xf8,
    0x2f, 0xff, 0xff, 0x50, 0x2f, 0xff, 0xff, 0xfd,
    0x10, 0xbf, 0xff, 0xfc, 0x0e, 0xff, 0xff, 0x20,
    0x3f, 0xff, 0xff, 0xfe, 0x10, 0x8f, 0xff, 0xf9,
    0x03, 0xcf, 0xd5, 0x03, 0xff, 0xff, 0xff, 0xff,
    0xd1, 0x09, 0xee, 0xa0, 0x00, 0x00, 0x00, 0x3f,
    0xff, 0xff, 0xff, 0xff, 0xfd, 0x10, 0x00, 0x00,
    0x00, 0x00, 0x04, 0xff, 0xff, 0xfb, 0x2e, 0xff,
    0xff, 0xd1, 0x00, 0x00, 0x00, 0x00, 0x4f, 0xff,
    0xff, 0xb0, 0x02, 0xef, 0xff, 0xfd, 0x10, 0x00,
    0x00, 0x03, 0xff, 0xff, 0xfb, 0x00, 0x00, 0x1d,
    0xff, 0xff, 0xe0, 0x00, 0x00, 0x00, 0xbf, 0xff,
    0xb0, 0x5c, 0xea, 0x11, 0xdf, 0xff, 0x70, 0x00,
    0x00, 0x00, 0x0b, 0xfb, 0x03, 0xff, 0xff, 0xc0,
    0x1d, 0xf7, 0x00, 0x00, 0x00, 0x00, 0x00, 0x70,
    0x06, 0xff, 0xff, 0xf0, 0x01, 0x60, 0x00, 0x00,
    0x00, 0x00, 0x00, 0x00, 0x03, 0xff, 0xff, 0xd0,
    0x00, 0x00, 0x00, 0x00, 0x00, 0x00, 0x00, 0x00,
    0x00, 0x6d, 0xfc, 0x20, 0x00, 0x00, 0x00, 0x00,

    /* U+203C "‼" */
    0x8f, 0xff, 0xfb, 0x00, 0x00, 0x00, 0x5f, 0xff,
    0xfe, 0x08, 0xff, 0xff, 0xb0, 0x00, 0x00, 0x04,
    0xff, 0xff, 0xe0, 0x7f, 0xff, 0xfa, 0x00, 0x00,
    0x00, 0x4f, 0xff, 0xfe, 0x07, 0xff, 0xff, 0xa0,
    0x00, 0x00, 0x04, 0xff, 0xff, 0xd0, 0x7f, 0xff,
    0xfa, 0x00, 0x00, 0x00, 0x3f, 0xff, 0xfd, 0x07,
    0xff, 0xff, 0x90, 0x00, 0x00, 0x03, 0xff, 0xff,
    0xd0, 0x6f, 0xff, 0xf9, 0x00, 0x00, 0x00, 0x3f,
    0xff, 0xfc, 0x06, 0xff, 0xff, 0x90, 0x00, 0x00,
    0x03, 0xff, 0xff, 0xc0, 0x6f, 0xff, 0xf8, 0x00,
    0x00, 0x00, 0x2f, 0xff, 0xfc, 0x05, 0xff, 0xff,
    0x80, 0x00, 0x00, 0x02, 0xff, 0xff, 0xc0, 0x5f,
    0xff, 0xf8, 0x00, 0x00, 0x00, 0x2f, 0xff, 0xfb,
    0x05, 0xff, 0xff, 0x80, 0x00, 0x00, 0x01, 0xff,
    0xff, 0xb0, 0x5f, 0xff, 0xf7, 0x00, 0x00, 0x00,
    0x1f, 0xff, 0xfb, 0x04, 0xff, 0xff, 0x70, 0x00,
    0x00, 0x01, 0xff, 0xff, 0xa0, 0x4f, 0xff, 0xf7,
    0x00, 0x00, 0x00, 0x1f, 0xff, 0xfa, 0x04, 0xff,
    0xff, 0x60, 0x00, 0x00, 0x00, 0xff, 0xff, 0xa0,
    0x3f, 0xff, 0xf6, 0x00, 0x00, 0x00, 0x0f, 0xff,
    0xf9, 0x03, 0xff, 0xff, 0x60, 0x00, 0x00, 0x00,
    0xff, 0xff, 0x90, 0x2d, 0xdd, 0xd5, 0x00, 0x00,
    0x00, 0x0d, 0xdd, 0xd7, 0x00, 0x00, 0x00, 0x00,
    0x00, 0x00, 0x00, 0x00, 0x00, 0x00, 0x00, 0x00,
    0x00, 0x00, 0x00, 0x00, 0x00, 0x00, 0x00, 0x00,
    0x00, 0x00, 0x00, 0x00, 0x00, 0x00, 0x00, 0x00,
    0x00, 0x06, 0xbc, 0x70, 0x00, 0x00, 0x00, 0x03,
    0xbc, 0x91, 0x06, 0xff, 0xff, 0x90, 0x00, 0x00,
    0x03, 0xff, 0xff, 0xd0, 0xdf, 0xff, 0xff, 0x00,
    0x00, 0x00, 0x9f, 0xff, 0xff, 0x3d, 0xff, 0xff,
    0xf0, 0x00, 0x00, 0x0a, 0xff, 0xff, 0xf4, 0x8f,
    0xff, 0xfb, 0x00, 0x00, 0x00, 0x4f, 0xff, 0xfe,
    0x00, 0x8e, 0xea, 0x10, 0x00, 0x00, 0x00, 0x6d,
    0xfb, 0x20,

    /* U+203D "‽" */
    0x00, 0x00, 0x16, 0xad, 0xff, 0xdb, 0x71, 0x00,
    0x00, 0x00, 0x06, 0xef, 0xff, 0xff, 0xff, 0xff,
    0x80, 0x00, 0x00, 0x8f, 0xff, 0xff, 0xff, 0xff,
    0xff, 0xfb, 0x00, 0x06, 0xff, 0xff, 0xff, 0xff,
    0xff, 0xff, 0xff, 0x90, 0x0e, 0xff, 0xff, 0xb2,
    0x00, 0x2a, 0xff, 0xff, 0xf2, 0x4f, 0xff, 0xfb,
    0x00, 0x00, 0x00, 0xaf, 0xff, 0xf7, 0x7f, 0xff,
    0xf4, 0x00, 0x00, 0x00, 0x3f, 0xff, 0xfa, 0x25,
    0x55, 0x50, 0x00, 0x00, 0x00, 0x1f, 0xff, 0xfb,
    0x00, 0x00, 0x00, 0xff, 0xfb, 0x00, 0x3f, 0xff,
    0xf9, 0x00, 0x00, 0x00, 0xef, 0xfa, 0x00, 0x8f,
    0xff, 0xf6, 0x00, 0x00, 0x00, 0xdf, 0xfa, 0x02,
    0xff, 0xff, 0xf1, 0x00, 0x00, 0x00, 0xcf, 0xfa,
    0x3e, 0xff, 0xff, 0x60, 0x00, 0x00, 0x00, 0xbf,
    0xff, 0xff, 0xff, 0xf9, 0x00, 0x00, 0x00, 0x00,
    0xaf, 0xff, 0xff, 0xff, 0x70, 0x00, 0x00, 0x00,
    0x00, 0x8f, 0xff, 0xff, 0xd3, 0x00, 0x00, 0x00,
    0x00, 0x00, 0x7f, 0xff, 0xfb, 0x00, 0x00, 0x00,
    0x00, 0x00, 0x00, 0x6f, 0xff, 0xd0, 0x00, 0x00,
    0x00, 0x00, 0x00, 0x00, 0x6f, 0xff, 0x80, 0x00,
    0x00, 0x00, 0x00, 0x00, 0x00, 0x6f, 0xff, 0x60,
    0x00, 0x00, 0x00, 0x00, 0x00, 0x00, 0x3f, 0xfc,
    0x30, 0x00, 0x00, 0x00, 0x00, 0x00, 0x00, 0x00,
    0x00, 0x00, 0x00, 0x00, 0x00, 0x00, 0x00, 0x00,
    0x00, 0x00, 0x00, 0x00, 0x00, 0x00, 0x00, 0x00,
    0x00, 0x2b, 0xeb, 0x20, 0x00, 0x00, 0x00, 0x00,
    0x00, 0x01, 0xef, 0xff, 0xe1, 0x00, 0x00, 0x00,
    0x00, 0x00, 0x05, 0xff, 0xff, 0xf6, 0x00, 0x00,
    0x00, 0x00, 0x00, 0x06, 0xff, 0xff, 0xf6, 0x00,
    0x00, 0x00, 0x00, 0x00, 0x01, 0xff, 0xff, 0xf1,
    0x00, 0x00, 0x00, 0x00, 0x00, 0x00, 0x3c, 0xfc,
    0x30, 0x00, 0x00, 0x00,

    /* U+203E "‾" */
    0x1e, 0xee, 0xee, 0xee, 0xee, 0xee, 0xee, 0xee,
    0xee, 0xa1, 0xff, 0xff, 0xff, 0xff, 0xff, 0xff,
    0xff, 0xff, 0xfc, 0x1f, 0xff, 0xff, 0xff, 0xff,
    0xff, 0xff, 0xff, 0xff, 0xc1, 0xff, 0xff, 0xff,
    0xff, 0xff, 0xff, 0xff, 0xff, 0xfc,

    /* U+203F "‿" */
    0x03, 0xb4, 0x00, 0x00, 0x00, 0x00, 0x00, 0x00,
    0x00, 0x00, 0x00, 0x00, 0x00, 0x3a, 0x50, 0x6f,
    0xff, 0xd7, 0x10, 0x00, 0x00, 0x00, 0x00, 0x00,
    0x00, 0x00, 0x02, 0x6c, 0xff, 0xf6, 0x3e, 0xff,
    0xff, 0xfd, 0x96, 0x42, 0x10, 0x00, 0x01, 0x24,
    0x69, 0xdf, 0xff, 0xff, 0xe3, 0x02, 0xcf, 0xff,
    0xff, 0xff, 0xff, 0xff, 0xff, 0xff, 0xff, 0xff,
    0xff, 0xff, 0xfc, 0x20, 0x00, 0x07, 0xef, 0xff,
    0xff, 0xff, 0xff, 0xff, 0xff, 0xff, 0xff, 0xff,
    0xfe, 0x70, 0x00, 0x00, 0x00, 0x06, 0xcf, 0xff,
    0xff, 0xff, 0xff, 0xff, 0xff, 0xff, 0xfb, 0x60,
    0x00, 0x00, 0x00, 0x00, 0x00, 0x01, 0x58, 0xad,
    0xee, 0xff, 0xee, 0xca, 0x75, 0x00, 0x00, 0x00,
    0x00,

    /* U+2040 "⁀" */
    0x00, 0x00, 0x00, 0x00, 0x01, 0x47, 0x89, 0xaa,
    0x98, 0x74, 0x20, 0x00, 0x00, 0x00, 0x00, 0x00,
    0x00, 0x00, 0x49, 0xdf, 0xff, 0xff, 0xff, 0xff,
    0xff, 0xfe, 0xa5, 0x00, 0x00, 0x00, 0x00, 0x00,
    0x7d, 0xff, 0xff, 0xff, 0xff, 0xff, 0xff, 0xff,
    0xff, 0xff, 0xe8, 0x10, 0x00, 0x00, 0x5e, 0xff,
    0xff, 0xff, 0xff, 0xff, 0xff, 0xff, 0xff, 0xff,
    0xff, 0xff, 0xf7, 0x00, 0x0a, 0xff, 0xff, 0xff,
    0xb8, 0x53, 0x10, 0x00, 0x11, 0x35, 0x9c, 0xff,
    0xff, 0xff, 0xb0, 0x8f, 0xff, 0xfa, 0x40, 0x00,
    0x00, 0x00, 0x00, 0x00, 0x00, 0x00, 0x05, 0xaf,
    0xff, 0xf8, 0x08, 0xf8, 0x10, 0x00, 0x00, 0x00,
    0x00, 0x00, 0x00, 0x00, 0x00, 0x00, 0x01, 0x8f,
    0xa0, 0x00, 0x00, 0x00, 0x00, 0x00, 0x00, 0x00,
    0x00, 0x00, 0x00, 0x00, 0x00, 0x00, 0x01, 0x00,

    /* U+2041 "⁁" */
    0x00, 0x00, 0x00, 0x00, 0x00, 0x00, 0x20, 0x00,
    0x00, 0x00, 0x00, 0x00, 0x00, 0x09, 0xf9, 0x10,
    0x00, 0x00, 0x00, 0x00, 0x00, 0x3f, 0xff, 0xf1,
    0x00, 0x00, 0x00, 0x00, 0x00, 0xcf, 0xff, 0xa0,
    0x00, 0x00, 0x00, 0x00, 0x06, 0xff, 0xfe, 0x10,
    0x00, 0x00, 0x00, 0x00, 0x1e, 0xff, 0xf6, 0x00,
    0x00, 0x00, 0x00, 0x00, 0xaf, 0xff, 0xc0, 0x00,
    0x00, 0x00, 0x00, 0x03, 0xff, 0xff, 0x30, 0x00,
    0x00, 0x00, 0x00, 0x0d, 0xff, 0xf9, 0x00, 0x00,
    0x00, 0x00, 0x00, 0x7f, 0xff, 0xe0, 0x00, 0x00,
    0x00, 0x00, 0x01, 0xff, 0xff, 0x50, 0x00, 0x00,
    0x00, 0x00, 0x0b, 0xff, 0xfd, 0x00, 0x00, 0x00,
    0x00, 0x00, 0x4f, 0xff, 0xfd, 0x00, 0x00, 0x00,
    0x00, 0x00, 0xef, 0xff, 0xff, 0x40, 0x00, 0x00,
    0x00, 0x08, 0xff, 0xff, 0xff, 0xe0, 0x00, 0x00,
    0x00, 0x2f, 0xff, 0xff, 0xff, 0xf8, 0x00, 0x00,
    0x00, 0xcf, 0xff, 0xa2, 0xff, 0xff, 0x30, 0x00,
    0x05, 0xff, 0xff, 0x10, 0x8f, 0xff, 0xc0, 0x00,
    0x1e, 0xff, 0xf7, 0x00, 0x0d, 0xff, 0xf7, 0x00,
    0x3d, 0xff, 0xd0, 0x00, 0x03, 0xff, 0xfc, 0x00,
    0x00, 0x7e, 0x30, 0x00, 0x00, 0x9d, 0x50, 0x00,
    0x00, 0x00, 0x00, 0x00, 0x00, 0x00, 0x00, 0x00,

    /* U+2042 "⁂" */
    0x00, 0x00, 0x00, 0x00, 0x00, 0x02, 0x21, 0x00,
    0x00, 0x00, 0x00, 0x00, 0x00, 0x00, 0x00, 0x00,
    0x02, 0x0e, 0xf7, 0x02, 0x00, 0x00, 0x00, 0x00,
    0x00, 0x00, 0x00, 0x00, 0x9f, 0x4e, 0xf7, 0xbe,
    0x30, 0x00, 0x00, 0x00, 0x00, 0x00, 0x00, 0x01,
    0xef, 0xff, 0xff, 0xff, 0x90, 0x00, 0x00, 0x00,
    0x00, 0x00, 0x00, 0x00, 0x2e, 0xff, 0xff, 0xfa,
    0x00, 0x00, 0x00, 0x00, 0x00, 0x00, 0x00, 0x1f,
    0xff, 0xff, 0xff, 0xff, 0xfa, 0x00, 0x00, 0x00,
    0x00, 0x00, 0x00, 0x1f, 0xff, 0xff, 0xff, 0xff,
    0xfa, 0x00, 0x00, 0x00, 0x00, 0x00, 0x00, 0x05,
    0x5f, 0xff, 0xff, 0xf9, 0x53, 0x00, 0x00, 0x00,
    0x00, 0x00, 0x00, 0x00, 0xaf, 0xff, 0xff, 0xff,
    0x40, 0x00, 0x00, 0x00, 0x00, 0x00, 0x00, 0x01,
    0xdf, 0xae, 0xf9, 0xef, 0x80, 0x00, 0x00, 0x00,
    0x00, 0x00, 0x00, 0x00, 0x18, 0x0e, 0xf7, 0x27,
    0x00, 0x00, 0x00, 0x00, 0x00, 0x00, 0x00, 0x00,
    0x00, 0x07, 0x83, 0x00, 0x00, 0x00, 0x00, 0x00,
    0x00, 0x00, 0x07, 0x73, 0x00, 0x00, 0x00, 0x00,
    0x06, 0x74, 0x00, 0x00, 0x00, 0x17, 0x0f, 0xf6,
    0x36, 0x00, 0x00, 0x07, 0x0e, 0xf8, 0x26, 0x00,
    0x01, 0xdf, 0x9f, 0xfa, 0xef, 0x60, 0x00, 0xcf,
    0xae, 0xfb, 0xef, 0x80, 0x00, 0xbf, 0xff, 0xff,
    0xff, 0x40, 0x00, 0xaf, 0xff, 0xff, 0xff, 0x50,
    0x05, 0x5f, 0xff, 0xff, 0xf9, 0x53, 0x05, 0x5f,
    0xff, 0xff, 0xfa, 0x53, 0x2f, 0xff, 0xff, 0xff,
    0xff, 0xf9, 0x0f, 0xff, 0xff, 0xff, 0xff, 0xfb,
    0x2f, 0xff, 0xff, 0xff, 0xff, 0xf9, 0x0f, 0xff,
    0xff, 0xff, 0xff, 0xfb, 0x00, 0x5f, 0xff, 0xff,
    0xfa, 0x00, 0x00, 0x4f, 0xff, 0xff, 0xfb, 0x00,
    0x01, 0xff, 0xef, 0xff, 0xff, 0x90, 0x00, 0xef,
    0xef, 0xff, 0xff, 0xa0, 0x00, 0x5d, 0x2f, 0xf6,
    0xad, 0x10, 0x00, 0x4e, 0x2e, 0xf8, 0x8e, 0x20,
    0x00, 0x00, 0x0c, 0xd5, 0x01, 0x00, 0x00, 0x00,
    0x0b, 0xd7, 0x01, 0x00,

    /* U+2043 "⁃" */
    0xaf, 0xff, 0xff, 0xff, 0xff, 0xca, 0xff, 0xff,
    0xff, 0xff, 0xfd, 0xaf, 0xff, 0xff, 0xff, 0xff,
    0xda, 0xff, 0xff, 0xff, 0xff, 0xfd,

    /* U+2044 "⁄" */
    0x00, 0x00, 0x00, 0x00, 0x00, 0x00, 0x00, 0x00,
    0x00, 0x0c, 0xff, 0xd0, 0x00, 0x00, 0x00, 0x00,
    0x00, 0x00, 0x00, 0x00, 0x00, 0x7f, 0xff, 0x30,
    0x00, 0x00, 0x00, 0x00, 0x00, 0x00, 0x00, 0x00,
    0x02, 0xff, 0xf8, 0x00, 0x00, 0x00, 0x00, 0x00,
    0x00, 0x00, 0x00, 0x00, 0x0c, 0xff, 0xc0, 0x00,
    0x00, 0x00, 0x00, 0x00, 0x00, 0x00, 0x00, 0x00,
    0x7f, 0xff, 0x20, 0x00, 0x00, 0x00, 0x00, 0x00,
    0x00, 0x00, 0x00, 0x02, 0xff, 0xf7, 0x00, 0x00,
    0x00, 0x00, 0x00, 0x00, 0x00, 0x00, 0x00, 0x0c,
    0xff, 0xc0, 0x00, 0x00, 0x00, 0x00, 0x00, 0x00,
    0x00, 0x00, 0x00, 0x8f, 0xff, 0x20, 0x00, 0x00,
    0x00, 0x00, 0x00, 0x00, 0x00, 0x00, 0x03, 0xff,
    0xf6, 0x00, 0x00, 0x00, 0x00, 0x00, 0x00, 0x00,
    0x00, 0x00, 0x0d, 0xff, 0xb0, 0x00, 0x00, 0x00,
    0x00, 0x00, 0x00, 0x00, 0x00, 0x00, 0x8f, 0xff,
    0x20, 0x00, 0x00, 0x00, 0x00, 0x00, 0x00, 0x00,
    0x00, 0x03, 0xff, 0xf6, 0x00, 0x00, 0x00, 0x00,
    0x00, 0x00, 0x00, 0x00, 0x00, 0x0d, 0xff, 0xb0,
    0x00, 0x00, 0x00, 0x00, 0x00, 0x00, 0x00, 0x00,
    0x00, 0x9f, 0xfe, 0x10, 0x00, 0x00, 0x00, 0x00,
    0x00, 0x00, 0x00, 0x00, 0x04, 0xff, 0xf5, 0x00,
    0x00, 0x00, 0x00, 0x00, 0x00, 0x00, 0x00, 0x00,
    0x0e, 0xff, 0xa0, 0x00, 0x00, 0x00, 0x00, 0x00,
    0x00, 0x00, 0x00, 0x00, 0x9f, 0xfe, 0x10, 0x00,
    0x00, 0x00, 0x00, 0x00, 0x00, 0x00, 0x00, 0x04,
    0xff, 0xf5, 0x00, 0x00, 0x00, 0x00, 0x00, 0x00,
    0x00, 0x00, 0x00, 0x1e, 0xff, 0xa0, 0x00, 0x00,
    0x00, 0x00, 0x00, 0x00, 0x00, 0x00, 0x00, 0xaf,
    0xfe, 0x10, 0x00, 0x00, 0x00, 0x00, 0x00, 0x00,
    0x00, 0x00, 0x05, 0xff, 0xf4, 0x00, 0x00, 0x00,
    0x00, 0x00, 0x00, 0x00, 0x00, 0x00, 0x1e, 0xff,
    0x90, 0x00, 0x00, 0x00, 0x00, 0x00, 0x00, 0x00,
    0x00, 0x00, 0xbf, 0xfe, 0x00, 0x00, 0x00, 0x00,
    0x00, 0x00, 0x00, 0x00, 0x00, 0x05, 0xff, 0xf4,
    0x00, 0x00, 0x00, 0x00, 0x00, 0x00, 0x00, 0x00,
    0x00, 0x1e, 0xff, 0x90, 0x00, 0x00, 0x00, 0x00,
    0x00, 0x00, 0x00, 0x00, 0x00, 0xbf, 0xfd, 0x00,
    0x00, 0x00, 0x00, 0x00, 0x00, 0x00, 0x00, 0x00,
    0x06, 0xff, 0xf3, 0x00, 0x00, 0x00, 0x00, 0x00,
    0x00, 0x00, 0x00, 0x00, 0x2f, 0xff, 0x80, 0x00,
    0x00, 0x00, 0x00, 0x00, 0x00, 0x00, 0x00, 0x00,

    /* U+2045 "⁅" */
    0x4c, 0xcc, 0xcc, 0xcc, 0xc1, 0x5f, 0xff, 0xff,
    0xff, 0xf2, 0x5f, 0xff, 0xff, 0xff, 0xf2, 0x5f,
    0xff, 0xff, 0xff, 0xf2, 0x5f, 0xff, 0xf4, 0x00,
    0x00, 0x5f, 0xff, 0xf4, 0x00, 0x00, 0x5f, 0xff,
    0xf4, 0x00, 0x00, 0x5f, 0xff, 0xf4, 0x00, 0x00,
    0x5f, 0xff, 0xf4, 0x00, 0x00, 0x5f, 0xff, 0xf4,
    0x00, 0x00, 0x5f, 0xff, 0xf4, 0x00, 0x00, 0x5f,
    0xff, 0xf4, 0x00, 0x00, 0x5f, 0xff, 0xf4, 0x00,
    0x00, 0x5f, 0xff, 0xf4, 0x00, 0x00, 0x5f, 0xff,
    0xf4, 0x00, 0x00, 0x5f, 0xff, 0xf4, 0x00, 0x00,
    0x5f, 0xff, 0xff, 0xff, 0xf2, 0x5f, 0xff, 0xff,
    0xff, 0xf2, 0x5f, 0xff, 0xff, 0xff, 0xf2, 0x5f,
    0xff, 0xff, 0xaa, 0xa1, 0x5f, 0xff, 0xf4, 0x00,
    0x00, 0x5f, 0xff, 0xf4, 0x00, 0x00, 0x5f, 0xff,
    0xf4, 0x00, 0x00, 0x5f, 0xff, 0xf4, 0x00, 0x00,
    0x5f, 0xff, 0xf4, 0x00, 0x00, 0x5f, 0xff, 0xf4,
    0x00, 0x00, 0x5f, 0xff, 0xf4, 0x00, 0x00, 0x5f,
    0xff, 0xf4, 0x00, 0x00, 0x5f, 0xff, 0xf4, 0x00,
    0x00, 0x5f, 0xff, 0xf4, 0x00, 0x00, 0x5f, 0xff,
    0xf4, 0x00, 0x00, 0x5f, 0xff, 0xfd, 0xcc, 0xc1,
    0x5f, 0xff, 0xff, 0xff, 0xf2, 0x5f, 0xff, 0xff,
    0xff, 0xf2, 0x5f, 0xff, 0xff, 0xff, 0xf2,

    /* U+2046 "⁆" */
    0xcc, 0xcc, 0xcc, 0xcc, 0x6f, 0xff, 0xff, 0xff,
    0xf8, 0xff, 0xff, 0xff, 0xff, 0x8f, 0xff, 0xff,
    0xff, 0xf8, 0x00, 0x02, 0xff, 0xff, 0x80, 0x00,
    0x2f, 0xff, 0xf8, 0x00, 0x02, 0xff, 0xff, 0x80,
    0x00, 0x2f, 0xff, 0xf8, 0x00, 0x02, 0xff, 0xff,
    0x80, 0x00, 0x2f, 0xff, 0xf8, 0x00, 0x02, 0xff,
    0xff, 0x80, 0x00, 0x2f, 0xff, 0xf8, 0x00, 0x02,
    0xff, 0xff, 0x80, 0x00, 0x2f, 0xff, 0xf8, 0x00,
    0x02, 0xff, 0xff, 0x80, 0x00, 0x2f, 0xff, 0xf8,
    0xff, 0xff, 0xff, 0xff, 0x8f, 0xff, 0xff, 0xff,
    0xf8, 0xff, 0xff, 0xff, 0xff, 0x8a, 0xaa, 0xcf,
    0xff, 0xf8, 0x00, 0x02, 0xff, 0xff, 0x80, 0x00,
    0x2f, 0xff, 0xf8, 0x00, 0x02, 0xff, 0xff, 0x80,
    0x00, 0x2f, 0xff, 0xf8, 0x00, 0x02, 0xff, 0xff,
    0x80, 0x00, 0x2f, 0xff, 0xf8, 0x00, 0x02, 0xff,
    0xff, 0x80, 0x00, 0x2f, 0xff, 0xf8, 0x00, 0x02,
    0xff, 0xff, 0x80, 0x00, 0x2f, 0xff, 0xf8, 0x00,
    0x02, 0xff, 0xff, 0x8c, 0xcc, 0xcf, 0xff, 0xf8,
    0xff, 0xff, 0xff, 0xff, 0x8f, 0xff, 0xff, 0xff,
    0xf8, 0xff, 0xff, 0xff, 0xff, 0x80,

    /* U+2047 "⁇" */
    0x00, 0x00, 0x05, 0xad, 0xff, 0xdc, 0x72, 0x00,
    0x00, 0x00, 0x00, 0x00, 0x02, 0x7b, 0xef, 0xed,
    0xa5, 0x00, 0x00, 0x00, 0x00, 0x5e, 0xff, 0xff,
    0xff, 0xff, 0xf9, 0x10, 0x00, 0x00, 0x00, 0x08,
    0xff, 0xff, 0xff, 0xff, 0xfe, 0x60, 0x00, 0x00,
    0x7f, 0xff, 0xff, 0xff, 0xff, 0xff, 0xfd, 0x10,
    0x00, 0x00, 0x0c, 0xff, 0xff, 0xff, 0xff, 0xff,
    0xff, 0x80, 0x00, 0x4f, 0xff, 0xff, 0xff, 0xff,
    0xff, 0xff, 0xfb, 0x00, 0x00, 0x0a, 0xff, 0xff,
    0xff, 0xff, 0xff, 0xff, 0xff, 0x60, 0x0d, 0xff,
    0xff, 0xd5, 0x00, 0x3b, 0xff, 0xff, 0xf4, 0x00,
    0x03, 0xff, 0xff, 0xfa, 0x30, 0x05, 0xef, 0xff,
    0xfe, 0x03, 0xff, 0xff, 0xe1, 0x00, 0x00, 0x0b,
    0xff, 0xff, 0x90, 0x00, 0x8f, 0xff, 0xf9, 0x00,
    0x00, 0x02, 0xff, 0xff, 0xf3, 0x6f, 0xff, 0xf7,
    0x00, 0x00, 0x00, 0x4f, 0xff, 0xfc, 0x00, 0x0c,
    0xff, 0xff, 0x10, 0x00, 0x00, 0x09, 0xff, 0xff,
    0x65, 0xaa, 0xaa, 0x20, 0x00, 0x00, 0x02, 0xff,
    0xff, 0xc0, 0x00, 0x8a, 0xaa, 0x90, 0x00, 0x00,
    0x00, 0x8f, 0xff, 0xf7, 0x00, 0x00, 0x00, 0x00,
    0x00, 0x00, 0x5f, 0xff, 0xfb, 0x00, 0x00, 0x00,
    0x00, 0x00, 0x00, 0x00, 0x0a, 0xff, 0xff, 0x50,
    0x00, 0x00, 0x00, 0x00, 0x00, 0x0c, 0xff, 0xff,
    0x70, 0x00, 0x00, 0x00, 0x00, 0x00, 0x00, 0x02,
    0xff, 0xff, 0xf2, 0x00, 0x00, 0x00, 0x00, 0x00,
    0x0a, 0xff, 0xff, 0xf2, 0x00, 0x00, 0x00, 0x00,
    0x00, 0x00, 0x02, 0xdf, 0xff, 0xfb, 0x00, 0x00,
    0x00, 0x00, 0x00, 0x2c, 0xff, 0xff, 0xf7, 0x00,
    0x00, 0x00, 0x00, 0x00, 0x00, 0x05, 0xff, 0xff,
    0xfe, 0x20, 0x00, 0x00, 0x00, 0x00, 0x6f, 0xff,
    0xff, 0xf8, 0x00, 0x00, 0x00, 0x00, 0x00, 0x00,
    0x0a, 0xff, 0xff, 0xfe, 0x30, 0x00, 0x00, 0x00,
    0x00, 0x6f, 0xff, 0xff, 0xe5, 0x00, 0x00, 0x00,
    0x00, 0x00, 0x00, 0x0b, 0xff, 0xff, 0xfc, 0x10,
    0x00, 0x00, 0x00, 0x00, 0x1f, 0xff, 0xff, 0xb1,
    0x00, 0x00, 0x00, 0x00, 0x00, 0x00, 0x06, 0xff,
    0xff, 0xf7, 0x00, 0x00, 0x00, 0x00, 0x00, 0x06,
    0xff, 0xff, 0xa0, 0x00, 0x00, 0x00, 0x00, 0x00,
    0x00, 0x00, 0xcf, 0xff, 0xf5, 0x00, 0x00, 0x00,
    0x00, 0x00, 0x00, 0xaf, 0xff, 0xf1, 0x00, 0x00,
    0x00, 0x00, 0x00, 0x00, 0x00, 0x0f, 0xff, 0xfb,
    0x00, 0x00, 0x00, 0x00, 0x00, 0x00, 0x0b, 0xff,
    0xfc, 0x00, 0x00, 0x00, 0x00, 0x00, 0x00, 0x00,
    0x01, 0xff, 0xff, 0x60, 0x00, 0x00, 0x00, 0x00,
    0x00, 0x00, 0xcf, 0xff, 0xa0, 0x00, 0x00, 0x00,
    0x00, 0x00, 0x00, 0x00, 0x2f, 0xff, 0xf4, 0x00,
    0x00, 0x00, 0x00, 0x00, 0x00, 0x03, 0x44, 0x43,
    0x00, 0x00, 0x00, 0x00, 0x00, 0x00, 0x00, 0x00,
    0x44, 0x44, 0x10, 0x00, 0x00, 0x00, 0x00, 0x00,
    0x00, 0x00, 0x00, 0x00, 0x00, 0x00, 0x00, 0x00,
    0x00, 0x00, 0x00, 0x00, 0x00, 0x00, 0x00, 0x00,
    0x00, 0x00, 0x00, 0x00, 0x00, 0x00, 0x00, 0x00,
    0x00, 0x00, 0x00, 0x00, 0x00, 0x00, 0x00, 0x00,
    0x00, 0x00, 0x00, 0x00, 0x00, 0x00, 0x00, 0x00,
    0x2a, 0xca, 0x20, 0x00, 0x00, 0x00, 0x00, 0x00,
    0x00, 0x00, 0x06, 0xbc, 0x70, 0x00, 0x00, 0x00,
    0x00, 0x00, 0x00, 0x2f, 0xff, 0xfe, 0x10, 0x00,
    0x00, 0x00, 0x00, 0x00, 0x00, 0x07, 0xff, 0xff,
    0x90, 0x00, 0x00, 0x00, 0x00, 0x00, 0x07, 0xff,
    0xff, 0xf5, 0x00, 0x00, 0x00, 0x00, 0x00, 0x00,
    0x00, 0xdf, 0xff, 0xff, 0x00, 0x00, 0x00, 0x00,
    0x00, 0x00, 0x8f, 0xff, 0xff, 0x60, 0x00, 0x00,
    0x00, 0x00, 0x00, 0x00, 0x0e, 0xff, 0xff, 0xf0,
    0x00, 0x00, 0x00, 0x00, 0x00, 0x03, 0xff, 0xff,
    0xf1, 0x00, 0x00, 0x00, 0x00, 0x00, 0x00, 0x00,
    0x8f, 0xff, 0xfb, 0x00, 0x00, 0x00, 0x00, 0x00,
    0x00, 0x04, 0xdf, 0xc3, 0x00, 0x00, 0x00, 0x00,
    0x00, 0x00, 0x00, 0x00, 0x8e, 0xea, 0x10, 0x00,
    0x00, 0x00,

    /* U+2048 "⁈" */
    0x00, 0x00, 0x05, 0xad, 0xff, 0xdc, 0x72, 0x00,
    0x00, 0x00, 0x00, 0x0d, 0xff, 0xff, 0x50, 0x00,
    0x5e, 0xff, 0xff, 0xff, 0xff, 0xf9, 0x10, 0x00,
    0x00, 0x00, 0xdf, 0xff, 0xf5, 0x00, 0x7f, 0xff,
    0xff, 0xff, 0xff, 0xff, 0xfd, 0x10, 0x00, 0x00,
    0x0d, 0xff, 0xff, 0x50, 0x4f, 0xff, 0xff, 0xff,
    0xff, 0xff, 0xff, 0xfb, 0x00, 0x00, 0x00, 0xdf,
    0xff, 0xf4, 0x0d, 0xff, 0xff, 0xd5, 0x00, 0x3b,
    0xff, 0xff, 0xf4, 0x00, 0x00, 0x0c, 0xff, 0xff,
    0x43, 0xff, 0xff, 0xe1, 0x00, 0x00, 0x0b, 0xff,
    0xff, 0x90, 0x00, 0x00, 0xcf, 0xff, 0xf4, 0x6f,
    0xff, 0xf7, 0x00, 0x00, 0x00, 0x4f, 0xff, 0xfc,
    0x00, 0x00, 0x0c, 0xff, 0xff, 0x34, 0xaa, 0xaa,
    0x20, 0x00, 0x00, 0x02, 0xff, 0xff, 0xc0, 0x00,
    0x00, 0xbf, 0xff, 0xf3, 0x00, 0x00, 0x00, 0x00,
    0x00, 0x00, 0x5f, 0xff, 0xfb, 0x00, 0x00, 0x0b,
    0xff, 0xff, 0x30, 0x00, 0x00, 0x00, 0x00, 0x00,
    0x0c, 0xff, 0xff, 0x70, 0x00, 0x00, 0xbf, 0xff,
    0xf3, 0x00, 0x00, 0x00, 0x00, 0x00, 0x0a, 0xff,
    0xff, 0xf1, 0x00, 0x00, 0x0b, 0xff, 0xff, 0x20,
    0x00, 0x00, 0x00, 0x00, 0x3d, 0xff, 0xff, 0xf6,
    0x00, 0x00, 0x00, 0xaf, 0xff, 0xf2, 0x00, 0x00,
    0x00, 0x00, 0x7f, 0xff, 0xff, 0xf7, 0x00, 0x00,
    0x00, 0x0a, 0xff, 0xff, 0x20, 0x00, 0x00, 0x00,
    0x7f, 0xff, 0xff, 0xe3, 0x00, 0x00, 0x00, 0x00,
    0xaf, 0xff, 0xf1, 0x00, 0x00, 0x00, 0x1f, 0xff,
    0xff, 0xa0, 0x00, 0x00, 0x00, 0x00, 0x0a, 0xff,
    0xff, 0x10, 0x00, 0x00, 0x07, 0xff, 0xff, 0x90,
    0x00, 0x00, 0x00, 0x00, 0x00, 0x9f, 0xff, 0xf1,
    0x00, 0x00, 0x00, 0xaf, 0xff, 0xf0, 0x00, 0x00,
    0x00, 0x00, 0x00, 0x09, 0xff, 0xff, 0x00, 0x00,
    0x00, 0x0b, 0xff, 0xfb, 0x00, 0x00, 0x00, 0x00,
    0x00, 0x00, 0x9f, 0xff, 0xf0, 0x00, 0x00, 0x00,
    0xcf, 0xff, 0xa0, 0x00, 0x00, 0x00, 0x00, 0x00,
    0x07, 0xdd, 0xdd, 0x00, 0x00, 0x00, 0x02, 0x33,
    0x32, 0x00, 0x00, 0x00, 0x00, 0x00, 0x00, 0x00,
    0x00, 0x00, 0x00, 0x00, 0x00, 0x00, 0x00, 0x00,
    0x00, 0x00, 0x00, 0x00, 0x00, 0x00, 0x00, 0x00,
    0x00, 0x00, 0x00, 0x00, 0x00, 0x00, 0x00, 0x00,
    0x00, 0x00, 0x00, 0x00, 0x00, 0x00, 0x00, 0x00,
    0x00, 0x00, 0x2a, 0xca, 0x20, 0x00, 0x00, 0x00,
    0x00, 0x00, 0x01, 0x8c, 0xb4, 0x00, 0x00, 0x00,
    0x2f, 0xff, 0xfe, 0x10, 0x00, 0x00, 0x00, 0x00,
    0x00, 0xcf, 0xff, 0xf4, 0x00, 0x00, 0x07, 0xff,
    0xff, 0xf5, 0x00, 0x00, 0x00, 0x00, 0x00, 0x2f,
    0xff, 0xff, 0xa0, 0x00, 0x00, 0x8f, 0xff, 0xff,
    0x60, 0x00, 0x00, 0x00, 0x00, 0x03, 0xff, 0xff,
    0xfb, 0x00, 0x00, 0x03, 0xff, 0xff, 0xf1, 0x00,
    0x00, 0x00, 0x00, 0x00, 0x0d, 0xff, 0xff, 0x50,
    0x00, 0x00, 0x04, 0xdf, 0xc3, 0x00, 0x00, 0x00,
    0x00, 0x00, 0x00, 0x2b, 0xfd, 0x70,

    /* U+2049 "⁉" */
    0x8f, 0xff, 0xfb, 0x00, 0x00, 0x00, 0x00, 0x04,
    0x9d, 0xef, 0xec, 0x83, 0x00, 0x00, 0x08, 0xff,
    0xff, 0xb0, 0x00, 0x00, 0x00, 0x3c, 0xff, 0xff,
    0xff, 0xff, 0xfb, 0x20, 0x00, 0x7f, 0xff, 0xfa,
    0x00, 0x00, 0x00, 0x4f, 0xff, 0xff, 0xff, 0xff,
    0xff, 0xfe, 0x20, 0x07, 0xff, 0xff, 0xa0, 0x00,
    0x00, 0x2f, 0xff, 0xff, 0xff, 0xff, 0xff, 0xff,
    0xfe, 0x00, 0x7f, 0xff, 0xfa, 0x00, 0x00, 0x0a,
    0xff, 0xff, 0xe6, 0x10, 0x29, 0xff, 0xff, 0xf7,
    0x07, 0xff, 0xff, 0x90, 0x00, 0x00, 0xff, 0xff,
    0xf3, 0x00, 0x00, 0x08, 0xff, 0xff, 0xd0, 0x6f,
    0xff, 0xf9, 0x00, 0x00, 0x3f, 0xff, 0xfa, 0x00,
    0x00, 0x00, 0x0f, 0xff, 0xff, 0x06, 0xff, 0xff,
    0x90, 0x00, 0x02, 0xaa, 0xaa, 0x40, 0x00, 0x00,
    0x00, 0xff, 0xff, 0xf0, 0x6f, 0xff, 0xf8, 0x00,
    0x00, 0x00, 0x00, 0x00, 0x00, 0x00, 0x00, 0x1f,
    0xff, 0xfe, 0x05, 0xff, 0xff, 0x80, 0x00, 0x00,
    0x00, 0x00, 0x00, 0x00, 0x00, 0x09, 0xff, 0xff,
    0xb0, 0x5f, 0xff, 0xf8, 0x00, 0x00, 0x00, 0x00,
    0x00, 0x00, 0x00, 0x07, 0xff, 0xff, 0xf4, 0x05,
    0xff, 0xff, 0x80, 0x00, 0x00, 0x00, 0x00, 0x00,
    0x00, 0x1b, 0xff, 0xff, 0xf9, 0x00, 0x5f, 0xff,
    0xf7, 0x00, 0x00, 0x00, 0x00, 0x00, 0x00, 0x4e,
    0xff, 0xff, 0xfa, 0x00, 0x04, 0xff, 0xff, 0x70,
    0x00, 0x00, 0x00, 0x00, 0x00, 0x4f, 0xff, 0xff,
    0xf6, 0x00, 0x00, 0x4f, 0xff, 0xf7, 0x00, 0x00,
    0x00, 0x00, 0x00, 0x0d, 0xff, 0xff, 0xc1, 0x00,
    0x00, 0x04, 0xff, 0xff, 0x60, 0x00, 0x00, 0x00,
    0x00, 0x03, 0xff, 0xff, 0xc0, 0x00, 0x00, 0x00,
    0x3f, 0xff, 0xf6, 0x00, 0x00, 0x00, 0x00, 0x00,
    0x7f, 0xff, 0xf3, 0x00, 0x00, 0x00, 0x03, 0xff,
    0xff, 0x60, 0x00, 0x00, 0x00, 0x00, 0x08, 0xff,
    0xff, 0x00, 0x00, 0x00, 0x00, 0x2d, 0xdd, 0xd5,
    0x00, 0x00, 0x00, 0x00, 0x00, 0x9f, 0xff, 0xd0,
    0x00, 0x00, 0x00, 0x00, 0x00, 0x00, 0x00, 0x00,
    0x00, 0x00, 0x00, 0x01, 0x33, 0x32, 0x00, 0x00,
    0x00, 0x00, 0x00, 0x00, 0x00, 0x00, 0x00, 0x00,
    0x00, 0x00, 0x00, 0x00, 0x00, 0x00, 0x00, 0x00,
    0x00, 0x00, 0x00, 0x00, 0x00, 0x00, 0x00, 0x00,
    0x00, 0x00, 0x00, 0x00, 0x00, 0x00, 0x00, 0x06,
    0xbc, 0x70, 0x00, 0x00, 0x00, 0x00, 0x00, 0x19,
    0xcb, 0x30, 0x00, 0x00, 0x00, 0x06, 0xff, 0xff,
    0x90, 0x00, 0x00, 0x00, 0x00, 0x0d, 0xff, 0xff,
    0x20, 0x00, 0x00, 0x00, 0xdf, 0xff, 0xff, 0x00,
    0x00, 0x00, 0x00, 0x04, 0xff, 0xff, 0xf8, 0x00,
    0x00, 0x00, 0x0d, 0xff, 0xff, 0xf0, 0x00, 0x00,
    0x00, 0x00, 0x5f, 0xff, 0xff, 0x90, 0x00, 0x00,
    0x00, 0x8f, 0xff, 0xfb, 0x00, 0x00, 0x00, 0x00,
    0x01, 0xef, 0xff, 0xf4, 0x00, 0x00, 0x00, 0x00,
    0x8e, 0xea, 0x10, 0x00, 0x00, 0x00, 0x00, 0x03,
    0xcf, 0xd5, 0x00, 0x00, 0x00, 0x00,

    /* U+204A "⁊" */
    0x7f, 0xff, 0xff, 0xff, 0xff, 0xff, 0xff, 0xd7,
    0xff, 0xff, 0xff, 0xff, 0xff, 0xff, 0xfc, 0x7f,
    0xff, 0xff, 0xff, 0xff, 0xff, 0xff, 0xa7, 0xff,
    0xff, 0xff, 0xff, 0xff, 0xff, 0xf9, 0x02, 0x22,
    0x22, 0x22, 0x22, 0xaf, 0xff, 0x70, 0x00, 0x00,
    0x00, 0x00, 0x0b, 0xff, 0xf5, 0x00, 0x00, 0x00,
    0x00, 0x00, 0xdf, 0xff, 0x40, 0x00, 0x00, 0x00,
    0x00, 0x0e, 0xff, 0xf2, 0x00, 0x00, 0x00, 0x00,
    0x00, 0xff, 0xff, 0x10, 0x00, 0x00, 0x00, 0x00,
    0x1f, 0xff, 0xf0, 0x00, 0x00, 0x00, 0x00, 0x03,
    0xff, 0xfd, 0x00, 0x00, 0x00, 0x00, 0x00, 0x5f,
    0xff, 0xc0, 0x00, 0x00, 0x00, 0x00, 0x06, 0xff,
    0xfa, 0x00, 0x00, 0x00, 0x00, 0x00, 0x8f, 0xff,
    0x90, 0x00, 0x00, 0x00, 0x00, 0x09, 0xff, 0xf7,
    0x00, 0x00, 0x00, 0x00, 0x00, 0xbf, 0xff, 0x60,
    0x00, 0x00, 0x00, 0x00, 0x0c, 0xff, 0xf4, 0x00,
    0x00, 0x00, 0x00, 0x00, 0xef, 0xff, 0x20, 0x00,
    0x00, 0x00, 0x00, 0x0f, 0xff, 0xf1, 0x00, 0x00,
    0x00, 0x00, 0x01, 0xff, 0xff, 0x00, 0x00, 0x00,
    0x00, 0x00, 0x3f, 0xff, 0xe0, 0x00, 0x00, 0x00,
    0x00, 0x04, 0xff, 0xfc, 0x00, 0x00, 0x00, 0x00,
    0x00, 0x6f, 0xff, 0xa0, 0x00, 0x00, 0x00, 0x00,
    0x07, 0xff, 0xf9, 0x00, 0x00, 0x00, 0x00, 0x00,
    0x9f, 0xff, 0x70, 0x00, 0x00, 0x00, 0x00, 0x0b,
    0xff, 0xf6, 0x00, 0x00, 0x00, 0x00, 0x00, 0xcf,
    0xff, 0x40, 0x00, 0x00, 0x00, 0x00, 0x0e, 0xff,
    0xf2, 0x00, 0x00, 0x00, 0x00, 0x00, 0xff, 0xff,
    0x10, 0x00,

    /* U+204B "⁋" */
    0x3f, 0xff, 0xff, 0xff, 0xff, 0xfe, 0xb7, 0x10,
    0x00, 0x00, 0x3f, 0xff, 0xff, 0xff, 0xff, 0xff,
    0xff, 0xf7, 0x00, 0x00, 0x3f, 0xff, 0xff, 0xff,
    0xff, 0xff, 0xff, 0xff, 0xa0, 0x00, 0x3f, 0xff,
    0xfe, 0xee, 0xff, 0xff, 0xff, 0xff, 0xf8, 0x00,
    0x3f, 0xff, 0xf0, 0x00, 0xbf, 0xff, 0xff, 0xff,
    0xff, 0x20, 0x3f, 0xff, 0xf0, 0x00, 0xbf, 0xff,
    0xff, 0xff, 0xff, 0x90, 0x3f, 0xff, 0xf0, 0x00,
    0xbf, 0xff, 0xff, 0xff, 0xff, 0xe0, 0x3f, 0xff,
    0xf0, 0x00, 0xbf, 0xff, 0xff, 0xff, 0xff, 0xf1,
    0x3f, 0xff, 0xf0, 0x00, 0xbf, 0xff, 0xff, 0xff,
    0xff, 0xf2, 0x3f, 0xff, 0xf0, 0x00, 0xbf, 0xff,
    0xff, 0xff, 0xff, 0xf1, 0x3f, 0xff, 0xf0, 0x00,
    0xbf, 0xff, 0xff, 0xff, 0xff, 0xf0, 0x3f, 0xff,
    0xf0, 0x00, 0xbf, 0xff, 0xff, 0xff, 0xff, 0xc0,
    0x3f, 0xff, 0xf0, 0x00, 0xbf, 0xff, 0xff, 0xff,
    0xff, 0x70, 0x3f, 0xff, 0xf0, 0x00, 0xbf, 0xff,
    0xff, 0xff, 0xfe, 0x00, 0x3f, 0xff, 0xf0, 0x00,
    0xbf, 0xff, 0xff, 0xff, 0xf4, 0x00, 0x3f, 0xff,
    0xf0, 0x00, 0xbf, 0xff, 0xff, 0xff, 0x50, 0x00,
    0x3f, 0xff, 0xf0, 0x00, 0xbf, 0xff, 0xff, 0xa2,
    0x00, 0x00, 0x3f, 0xff, 0xf0, 0x00, 0x69, 0x97,
    0x51, 0x00, 0x00, 0x00, 0x3f, 0xff, 0xf0, 0x00,
    0x00, 0x00, 0x00, 0x00, 0x00, 0x00, 0x3f, 0xff,
    0xf0, 0x00, 0x00, 0x00, 0x00, 0x00, 0x00, 0x00,
    0x3f, 0xff, 0xf0, 0x00, 0x00, 0x00, 0x00, 0x00,
    0x00, 0x00, 0x3f, 0xff, 0xf0, 0x00, 0x00, 0x00,
    0x00, 0x00, 0x00, 0x00, 0x3f, 0xff, 0xf0, 0x00,
    0x00, 0x00, 0x00, 0x00, 0x00, 0x00, 0x3f, 0xff,
    0xf0, 0x00, 0x00, 0x00, 0x00, 0x00, 0x00, 0x00,
    0x3f, 0xff, 0xf0, 0x00, 0x00, 0x00, 0x00, 0x00,
    0x00, 0x00, 0x3f, 0xff, 0xf0, 0x00, 0x00, 0x00,
    0x00, 0x00, 0x00, 0x00, 0x3f, 0xff, 0xf0, 0x00,
    0x00, 0x00, 0x00, 0x00, 0x00, 0x00, 0x3f, 0xff,
    0xf0, 0x00, 0x00, 0x00, 0x00, 0x00, 0x00, 0x00,

    /* U+204C "⁌" */
    0x00, 0x00, 0x05, 0xbd, 0xff, 0xff, 0xff, 0xff,
    0xfe, 0x00, 0x04, 0xef, 0xff, 0xff, 0xff, 0xff,
    0xff, 0xfe, 0x00, 0x5f, 0xff, 0xff, 0xff, 0xff,
    0xff, 0xff, 0xfe, 0x02, 0xff, 0xff, 0xff, 0xff,
    0x70, 0x03, 0xff, 0xfe, 0x09, 0xff, 0xff, 0xff,
    0xff, 0x70, 0x03, 0xff, 0xfe, 0x0f, 0xff, 0xff,
    0xff, 0xff, 0x70, 0x03, 0xff, 0xfe, 0x2f, 0xff,
    0xff, 0xff, 0xff, 0x70, 0x03, 0xff, 0xfe, 0x3f,
    0xff, 0xff, 0xff, 0xff, 0x70, 0x03, 0xff, 0xfe,
    0x3f, 0xff, 0xff, 0xff, 0xff, 0x70, 0x03, 0xff,
    0xfe, 0x2f, 0xff, 0xff, 0xff, 0xff, 0x70, 0x03,
    0xff, 0xfe, 0x0f, 0xff, 0xff, 0xff, 0xff, 0x70,
    0x03, 0xff, 0xfe, 0x09, 0xff, 0xff, 0xff, 0xff,
    0x70, 0x03, 0xff, 0xfe, 0x02, 0xff, 0xff, 0xff,
    0xff, 0x70, 0x03, 0xff, 0xfe, 0x00, 0x5f, 0xff,
    0xff, 0xff, 0xff, 0xff, 0xff, 0xfe, 0x00, 0x04,
    0xef, 0xff, 0xff, 0xff, 0xff, 0xff, 0xfe, 0x00,
    0x00, 0x05, 0xbd, 0xff, 0xff, 0xff, 0xff, 0xfe,

    /* U+204D "⁍" */
    0x0f, 0xff, 0xff, 0xff, 0xff, 0xed, 0xa5, 0x00,
    0x00, 0x00, 0xff, 0xff, 0xff, 0xff, 0xff, 0xff,
    0xfd, 0x30, 0x00, 0x0f, 0xff, 0xff, 0xff, 0xff,
    0xff, 0xff, 0xff, 0x40, 0x00, 0xff, 0xff, 0x20,
    0x08, 0xff, 0xff, 0xff, 0xfe, 0x10, 0x0f, 0xff,
    0xf2, 0x00, 0x8f, 0xff, 0xff, 0xff, 0xf7, 0x00,
    0xff, 0xff, 0x20, 0x08, 0xff, 0xff, 0xff, 0xff,
    0xd0, 0x0f, 0xff, 0xf2, 0x00, 0x8f, 0xff, 0xff,
    0xff, 0xff, 0x00, 0xff, 0xff, 0x20, 0x08, 0xff,
    0xff, 0xff, 0xff, 0xf2, 0x0f, 0xff, 0xf2, 0x00,
    0x8f, 0xff, 0xff, 0xff, 0xff, 0x20, 0xff, 0xff,
    0x20, 0x08, 0xff, 0xff, 0xff, 0xff, 0xf0, 0x0f,
    0xff, 0xf2, 0x00, 0x8f, 0xff, 0xff, 0xff, 0xfd,
    0x00, 0xff, 0xff, 0x20, 0x08, 0xff, 0xff, 0xff,
    0xff, 0x80, 0x0f, 0xff, 0xf2, 0x00, 0x8f, 0xff,
    0xff, 0xff, 0xe1, 0x00, 0xff, 0xff, 0xff, 0xff,
    0xff, 0xff, 0xff, 0xf4, 0x00, 0x0f, 0xff, 0xff,
    0xff, 0xff, 0xff, 0xff, 0xd3, 0x00, 0x00, 0xff,
    0xff, 0xff, 0xff, 0xff, 0xdb, 0x50, 0x00, 0x00,

    /* U+204E "⁎" */
    0x00, 0x00, 0x00, 0x38, 0x87, 0x00, 0x00, 0x00,
    0x00, 0x00, 0x00, 0x5f, 0xfd, 0x00, 0x00, 0x00,
    0x00, 0x00, 0x00, 0x4f, 0xfc, 0x00, 0x00, 0x00,
    0x01, 0xd5, 0x00, 0x3f, 0xfb, 0x00, 0x1a, 0x80,
    0x09, 0xff, 0xa1, 0x2f, 0xfa, 0x05, 0xef, 0xf1,
    0x1f, 0xff, 0xfe, 0x7f, 0xfb, 0xaf, 0xff, 0xf9,
    0x03, 0xbf, 0xff, 0xff, 0xff, 0xff, 0xfe, 0x70,
    0x00, 0x03, 0xbf, 0xff, 0xff, 0xfe, 0x70, 0x00,
    0x00, 0x00, 0x3d, 0xff, 0xff, 0xf8, 0x00, 0x00,
    0x00, 0x3b, 0xff, 0xff, 0xff, 0xff, 0xe7, 0x00,
    0x1b, 0xff, 0xff, 0xdf, 0xfd, 0xff, 0xff, 0xe6,
    0x0d, 0xff, 0xf7, 0x2f, 0xfa, 0x2c, 0xff, 0xf5,
    0x04, 0xfc, 0x20, 0x3f, 0xfa, 0x00, 0x7f, 0xc0,
    0x00, 0x40, 0x00, 0x4f, 0xfb, 0x00, 0x02, 0x20,
    0x00, 0x00, 0x00, 0x4f, 0xfc, 0x00, 0x00, 0x00,
    0x00, 0x00, 0x00, 0x5f, 0xfd, 0x00, 0x00, 0x00,

    /* U+204F "⁏" */
    0x06, 0xdd, 0x80, 0x00, 0x7f, 0xff, 0xf8, 0x00,
    0xdf, 0xff, 0xfe, 0x00, 0xdf, 0xff, 0xff, 0x00,
    0x7f, 0xff, 0xf9, 0x00, 0x08, 0xee, 0x90, 0x00,
    0x00, 0x00, 0x00, 0x00, 0x00, 0x00, 0x00, 0x00,
    0x00, 0x00, 0x00, 0x00, 0x00, 0x00, 0x00, 0x00,
    0x00, 0x00, 0x00, 0x00, 0x00, 0x00, 0x00, 0x00,
    0x00, 0x00, 0x00, 0x00, 0x00, 0x00, 0x00, 0x00,
    0x00, 0x00, 0x00, 0x00, 0x13, 0x33, 0x31, 0x00,
    0x2f, 0xff, 0xfb, 0x00, 0x0e, 0xff, 0xfd, 0x00,
    0x09, 0xff, 0xff, 0x00, 0x05, 0xff, 0xff, 0x20,
    0x00, 0xff, 0xff, 0x40, 0x00, 0xbf, 0xff, 0x70,
    0x00, 0x7f, 0xff, 0x90, 0x00, 0x2f, 0xff, 0xb0,
    0x00, 0x0d, 0xff, 0xe0, 0x00, 0x09, 0xff, 0xf0,
    0x00, 0x04, 0xff, 0xf2,

    /* U+2050 "⁐" */
    0x00, 0x00, 0x00, 0x00, 0x26, 0x8b, 0xde, 0xff,
    0xfe, 0xdc, 0x97, 0x30, 0x00, 0x00, 0x00, 0x00,
    0x00, 0x00, 0x17, 0xdf, 0xff, 0xff, 0xff, 0xff,
    0xff, 0xff, 0xff, 0xea, 0x40, 0x00, 0x00, 0x00,
    0x00, 0x8f, 0xff, 0xff, 0xff, 0xff, 0xff, 0xff,
    0xff, 0xff, 0xff, 0xff, 0xc4, 0x00, 0x00, 0x03,
    0xdf, 0xff, 0xff, 0xff, 0xff, 0xff, 0xff, 0xff,
    0xff, 0xff, 0xff, 0xff, 0xfa, 0x00, 0x05, 0xff,
    0xff, 0xff, 0xc8, 0x53, 0x21, 0x00, 0x00, 0x13,
    0x57, 0xae, 0xff, 0xff, 0xfc, 0x00, 0x8f, 0xff,
    0xb5, 0x10, 0x00, 0x00, 0x00, 0x00, 0x00, 0x00,
    0x00, 0x03, 0x8e, 0xff, 0xe2, 0x00, 0x5a, 0x20,
    0x00, 0x00, 0x00, 0x00, 0x00, 0x00, 0x00, 0x00,
    0x00, 0x00, 0x04, 0xb2, 0x00, 0x00, 0x00, 0x00,
    0x00, 0x00, 0x00, 0x00, 0x00, 0x00, 0x00, 0x00,
    0x00, 0x00, 0x00, 0x00, 0x00, 0x00, 0x00, 0x00,
    0x00, 0x00, 0x00, 0x00, 0x00, 0x00, 0x00, 0x00,
    0x00, 0x00, 0x00, 0x00, 0x00, 0x00, 0x00, 0x00,
    0x00, 0x00, 0x00, 0x00, 0x00, 0x00, 0x00, 0x00,
    0x00, 0x00, 0x00, 0x00, 0x00, 0x00, 0x00, 0x00,
    0x00, 0x00, 0x00, 0x00, 0x00, 0x00, 0x00, 0x00,
    0x00, 0x00, 0x00, 0x00, 0x00, 0x00, 0x00, 0x00,
    0x00, 0x00, 0x00, 0x00, 0x00, 0x00, 0x00, 0x00,
    0x00, 0x00, 0x00, 0x00, 0x00, 0x00, 0x00, 0x00,
    0x00, 0x00, 0x00, 0x00, 0x00, 0x00, 0x00, 0x00,
    0x00, 0x00, 0x00, 0x00, 0x00, 0x00, 0x00, 0x00,
    0x00, 0x00, 0x00, 0x00, 0x00, 0x00, 0x00, 0x00,
    0x00, 0x00, 0x00, 0x00, 0x00, 0x00, 0x00, 0x00,
    0x00, 0x00, 0x00, 0x00, 0x00, 0x00, 0x00, 0x00,
    0x00, 0x00, 0x00, 0x00, 0x00, 0x00, 0x00, 0x00,
    0x00, 0x00, 0x00, 0x00, 0x00, 0x00, 0x00, 0x00,
    0x00, 0x00, 0x00, 0x00, 0x00, 0x00, 0x00, 0x00,
    0x00, 0x00, 0x00, 0x00, 0x00, 0x00, 0x00, 0x00,
    0x00, 0x00, 0x00, 0x00, 0x00, 0x00, 0x00, 0x00,
    0x00, 0x00, 0x00, 0x00, 0x00, 0x00, 0x00, 0x00,
    0x00, 0x00, 0x00, 0x00, 0x00, 0x00, 0x00, 0x00,
    0x00, 0x00, 0x00, 0x00, 0x00, 0x00, 0x00, 0x00,
    0x00, 0x00, 0x00, 0x00, 0x00, 0x00, 0x00, 0x00,
    0x00, 0x00, 0x00, 0x00, 0x00, 0x00, 0x00, 0x00,
    0x00, 0x00, 0x00, 0x00, 0x00, 0x00, 0x00, 0x00,
    0x00, 0x00, 0x00, 0x00, 0x00, 0x00, 0x00, 0x00,
    0x00, 0x00, 0x00, 0x00, 0x00, 0x00, 0x00, 0x00,
    0x00, 0x00, 0x00, 0x00, 0x00, 0x00, 0x00, 0x00,
    0x00, 0x00, 0x00, 0x00, 0x00, 0x00, 0x00, 0x00,
    0x00, 0x00, 0x00, 0x00, 0x00, 0x00, 0x00, 0x00,
    0x00, 0x00, 0x00, 0x00, 0x00, 0x00, 0x00, 0x00,
    0x00, 0x00, 0x00, 0x00, 0x00, 0x00, 0x00, 0x00,
    0x00, 0x00, 0x00, 0x00, 0x00, 0x00, 0x00, 0x00,
    0x00, 0x00, 0x00, 0x00, 0x00, 0x00, 0x00, 0x00,
    0x00, 0x00, 0x00, 0x00, 0x00, 0x00, 0x00, 0x00,
    0x00, 0x00, 0x00, 0x00, 0x00, 0x00, 0x00, 0x00,
    0x00, 0x00, 0x00, 0x00, 0x00, 0x00, 0x00, 0x00,
    0x00, 0x00, 0x00, 0x00, 0x00, 0x00, 0x00, 0x00,
    0x00, 0x00, 0x00, 0x00, 0x00, 0x00, 0x00, 0x00,
    0x00, 0x00, 0x00, 0x00, 0x00, 0x00, 0x00, 0x00,
    0x00, 0x00, 0x00, 0x00, 0x00, 0x00, 0x00, 0x00,
    0x00, 0x00, 0x00, 0x00, 0x00, 0x00, 0x00, 0x00,
    0x00, 0x00, 0x00, 0x00, 0x00, 0x00, 0x00, 0x00,
    0x00, 0x00, 0x00, 0x00, 0x00, 0x00, 0x00, 0x00,
    0x00, 0x00, 0x00, 0x00, 0x00, 0x00, 0x00, 0x00,
    0x00, 0x05, 0xb3, 0x00, 0x00, 0x00, 0x00, 0x00,
    0x00, 0x00, 0x00, 0x00, 0x00, 0x00, 0x4b, 0x30,
    0x08, 0xff, 0xfc, 0x61, 0x00, 0x00, 0x00, 0x00,
    0x00, 0x00, 0x00, 0x00, 0x38, 0xdf, 0xff, 0x40,
    0x5f, 0xff, 0xff, 0xfc, 0x96, 0x42, 0x10, 0x00,
    0x01, 0x35, 0x7a, 0xef, 0xff, 0xff, 0xd1, 0x00,
    0x3d, 0xff, 0xff, 0xff, 0xff, 0xff, 0xff, 0xff,
    0xff, 0xff, 0xff, 0xff, 0xff, 0xb1, 0x00, 0x00,
    0x08, 0xff, 0xff, 0xff, 0xff, 0xff, 0xff, 0xff,
    0xff, 0xff, 0xff, 0xfd, 0x60, 0x00, 0x00, 0x00,
    0x01, 0x7d, 0xff, 0xff, 0xff, 0xff, 0xff, 0xff,
    0xff, 0xff, 0xb5, 0x00, 0x00, 0x00, 0x00, 0x00,
    0x00, 0x01, 0x68, 0xbd, 0xef, 0xff, 0xed, 0xca,
    0x74, 0x00, 0x00, 0x00, 0x00,

    /* U+2051 "⁑" */
    0x00, 0x00, 0x00, 0x7f, 0xfb, 0x00, 0x00, 0x00,
    0x00, 0x00, 0x00, 0x6f, 0xfa, 0x00, 0x00, 0x00,
    0x00, 0x40, 0x00, 0x6f, 0xf9, 0x00, 0x03, 0x10,
    0x06, 0xfb, 0x10, 0x5f, 0xf8, 0x00, 0x8f, 0xa0,
    0x0e, 0xff, 0xf6, 0x4f, 0xf8, 0x3d, 0xff, 0xf3,
    0x2c, 0xff, 0xff, 0xdf, 0xfd, 0xff, 0xff, 0xe5,
    0x00, 0x5c, 0xff, 0xff, 0xff, 0xff, 0xe7, 0x00,
    0x00, 0x00, 0x4e, 0xff, 0xff, 0xf7, 0x00, 0x00,
    0x00, 0x03, 0xbf, 0xff, 0xff, 0xfd, 0x50, 0x00,
    0x03, 0xbf, 0xff, 0xff, 0xff, 0xff, 0xfd, 0x50,
    0x3f, 0xff, 0xfe, 0x8f, 0xf9, 0xcf, 0xff, 0xf7,
    0x0b, 0xff, 0x90, 0x4f, 0xf8, 0x06, 0xff, 0xe0,
    0x02, 0xd4, 0x00, 0x5f, 0xf9, 0x00, 0x2b, 0x60,
    0x00, 0x00, 0x00, 0x6f, 0xfa, 0x00, 0x00, 0x00,
    0x00, 0x00, 0x00, 0x7f, 0xfb, 0x00, 0x00, 0x00,
    0x00, 0x00, 0x00, 0x48, 0x86, 0x00, 0x00, 0x00,
    0x00, 0x00, 0x00, 0x00, 0x00, 0x00, 0x00, 0x00,
    0x00, 0x00, 0x00, 0x00, 0x00, 0x00, 0x00, 0x00,
    0x00, 0x00, 0x00, 0x00, 0x00, 0x00, 0x00, 0x00,
    0x00, 0x00, 0x00, 0x7f, 0xfc, 0x00, 0x00, 0x00,
    0x00, 0x00, 0x00, 0x6f, 0xfb, 0x00, 0x00, 0x00,
    0x00, 0x40, 0x00, 0x5f, 0xfa, 0x00, 0x02, 0x20,
    0x05, 0xfb, 0x10, 0x4f, 0xf9, 0x00, 0x7f, 0xa0,
    0x0e, 0xff, 0xf6, 0x3f, 0xf8, 0x3d, 0xff, 0xf3,
    0x2c, 0xff, 0xff, 0xdf, 0xfd, 0xff, 0xff, 0xe5,
    0x00, 0x4c, 0xff, 0xff, 0xff, 0xff, 0xe7, 0x00,
    0x00, 0x00, 0x4d, 0xff, 0xff, 0xf7, 0x00, 0x00,
    0x00, 0x03, 0xbf, 0xff, 0xff, 0xfd, 0x50, 0x00,
    0x03, 0xbf, 0xff, 0xff, 0xff, 0xff, 0xfd, 0x50,
    0x2f, 0xff, 0xfe, 0x7f, 0xfa, 0xbf, 0xff, 0xf7,
    0x0a, 0xff, 0xa1, 0x3f, 0xf8, 0x06, 0xff, 0xe1,
    0x02, 0xd4, 0x00, 0x4f, 0xf9, 0x00, 0x1b, 0x70,
    0x00, 0x00, 0x00, 0x5f, 0xfa, 0x00, 0x00, 0x00,
    0x00, 0x00, 0x00, 0x6f, 0xfb, 0x00, 0x00, 0x00,
    0x00, 0x00, 0x00, 0x49, 0x96, 0x00, 0x00, 0x00,

    /* U+2052 "⁒" */
    0x00, 0x00, 0x00, 0x00, 0x00, 0x00, 0x00, 0x00,
    0x00, 0x00, 0x9f, 0xff, 0x10, 0x00, 0x00, 0x00,
    0x00, 0x00, 0x00, 0x00, 0x00, 0x00, 0x00, 0x4f,
    0xff, 0x50, 0x00, 0x00, 0x00, 0x00, 0x00, 0x00,
    0x00, 0x00, 0x00, 0x00, 0x0e, 0xff, 0xb0, 0x00,
    0x00, 0x4c, 0xfd, 0x50, 0x00, 0x00, 0x00, 0x00,
    0x00, 0x09, 0xff, 0xe1, 0x00, 0x00, 0x3f, 0xff,
    0xff, 0x60, 0x00, 0x00, 0x00, 0x00, 0x04, 0xff,
    0xf5, 0x00, 0x00, 0x0b, 0xff, 0xff, 0xfe, 0x00,
    0x00, 0x00, 0x00, 0x01, 0xef, 0xfa, 0x00, 0x00,
    0x00, 0xef, 0xff, 0xff, 0xf0, 0x00, 0x00, 0x00,
    0x00, 0xaf, 0xfe, 0x10, 0x00, 0x00, 0x0b, 0xff,
    0xff, 0xfe, 0x00, 0x00, 0x00, 0x00, 0x5f, 0xff,
    0x40, 0x00, 0x00, 0x00, 0x4f, 0xff, 0xff, 0x60,
    0x00, 0x00, 0x00, 0x1e, 0xff, 0x90, 0x00, 0x00,
    0x00, 0x00, 0x4c, 0xfd, 0x60, 0x00, 0x00, 0x00,
    0x0a, 0xff, 0xe0, 0x00, 0x00, 0x00, 0x00, 0x00,
    0x00, 0x00, 0x00, 0x00, 0x00, 0x05, 0xff, 0xf4,
    0x00, 0x00, 0x00, 0x00, 0x00, 0x00, 0x00, 0x00,
    0x00, 0x00, 0x01, 0xef, 0xf9, 0x00, 0x00, 0x00,
    0x00, 0x00, 0x00, 0x00, 0x00, 0x00, 0x00, 0x00,
    0xbf, 0xfd, 0x00, 0x00, 0x00, 0x00, 0x00, 0x00,
    0x00, 0x00, 0x00, 0x00, 0x00, 0x6f, 0xff, 0x30,
    0x00, 0x00, 0x00, 0x00, 0x00, 0x00, 0x00, 0x00,
    0x00, 0x00, 0x2f, 0xff, 0x80, 0x00, 0x00, 0x00,
    0x00, 0x00, 0x00, 0x00, 0x00, 0x00, 0x00, 0x0b,
    0xff, 0xd0, 0x00, 0x00, 0x00, 0x00, 0x00, 0x00,
    0x00, 0x00, 0x00, 0x00, 0x06, 0xff, 0xf3, 0x00,
    0x00, 0x00, 0x00, 0x00, 0x00, 0x00, 0x00, 0x00,
    0x00, 0x02, 0xff, 0xf8, 0x00, 0x00, 0x00, 0x00,
    0x00, 0x00, 0x00, 0x00, 0x00, 0x00, 0x00, 0xcf,
    0xfd, 0x00, 0x00, 0x00, 0x00, 0x4d, 0xfd, 0x50,
    0x00, 0x00, 0x00, 0x00, 0x7f, 0xff, 0x20, 0x00,
    0x00, 0x00, 0x4f, 0xff, 0xff, 0x60, 0x00, 0x00,
    0x00, 0x2f, 0xff, 0x70, 0x00, 0x00, 0x00, 0x0c,
    0xff, 0xff, 0xfe, 0x00, 0x00, 0x00, 0x0c, 0xff,
    0xc0, 0x00, 0x00, 0x00, 0x00, 0xef, 0xff, 0xff,
    0xf0, 0x00, 0x00, 0x08, 0xff, 0xf2, 0x00, 0x00,
    0x00, 0x00, 0x0c, 0xff, 0xff, 0xfe, 0x00, 0x00,
    0x03, 0xff, 0xf7, 0x00, 0x00, 0x00, 0x00, 0x00,
    0x4f, 0xff, 0xff, 0x60, 0x00, 0x00, 0xdf, 0xfc,
    0x00, 0x00, 0x00, 0x00, 0x00, 0x00, 0x4c, 0xfd,
    0x50, 0x00, 0x00, 0x8f, 0xff, 0x20, 0x00, 0x00,
    0x00, 0x00, 0x00, 0x00, 0x00, 0x00, 0x00, 0x00,
    0x3f, 0xff, 0x60, 0x00, 0x00, 0x00, 0x00, 0x00,
    0x00, 0x00, 0x00, 0x00, 0x00, 0x0d, 0xff, 0xb0,
    0x00, 0x00, 0x00, 0x00, 0x00, 0x00, 0x00, 0x00,
    0x00, 0x00,

    /* U+2053 "⁓" */
    0x00, 0x04, 0xad, 0xfe, 0xc7, 0x10, 0x00, 0x00,
    0x00, 0x00, 0x00, 0x00, 0x00, 0x2c, 0xff, 0xff,
    0xff, 0xff, 0x81, 0x00, 0x00, 0x00, 0x00, 0x00,
    0x00, 0x5f, 0xff, 0xff, 0xff, 0xff, 0xff, 0xf7,
    0x00, 0x00, 0x00, 0x05, 0x60, 0x03, 0xff, 0xff,
    0xff, 0xff, 0xff, 0xff, 0xfe, 0x73, 0x12, 0x6c,
    0xff, 0x20, 0x0a, 0xfe, 0x73, 0x12, 0x5b, 0xff,
    0xff, 0xff, 0xff, 0xff, 0xff, 0xfc, 0x00, 0x19,
    0x00, 0x00, 0x00, 0x03, 0xcf, 0xff, 0xff, 0xff,
    0xff, 0xff, 0xb0, 0x00, 0x00, 0x00, 0x00, 0x00,
    0x00, 0x4c, 0xff, 0xff, 0xff, 0xff, 0x60, 0x00,
    0x00, 0x00, 0x00, 0x00, 0x00, 0x00, 0x04, 0x9d,
    0xfe, 0xc7, 0x10, 0x00,

    /* U+2054 "⁔" */
    0x00, 0x00, 0x00, 0x00, 0x00, 0x00, 0x00, 0x00,
    0x00, 0x00, 0x00, 0x00, 0x00, 0x00, 0x00, 0x00,
    0x00, 0x00, 0x01, 0x58, 0xbd, 0xef, 0xff, 0xee,
    0xda, 0x75, 0x00, 0x00, 0x00, 0x00, 0x00, 0x00,
    0x06, 0xcf, 0xff, 0xff, 0xff, 0xff, 0xff, 0xff,
    0xff, 0xfb, 0x60, 0x00, 0x00, 0x00, 0x07, 0xef,
    0xff, 0xff, 0xff, 0xff, 0xff, 0xff, 0xff, 0xff,
    0xff, 0xfe, 0x70, 0x00, 0x02, 0xcf, 0xff, 0xff,
    0xff, 0xff, 0xff, 0xff, 0xff, 0xff, 0xff, 0xff,
    0xff, 0xfc, 0x20, 0x3e, 0xff, 0xff, 0xfd, 0x96,
    0x42, 0x10, 0x00, 0x01, 0x35, 0x7a, 0xdf, 0xff,
    0xff, 0xe3, 0x6f, 0xff, 0xc6, 0x10, 0x00, 0x00,
    0x00, 0x00, 0x00, 0x00, 0x00, 0x02, 0x7c, 0xff,
    0xf5, 0x03, 0xb3, 0x00, 0x00, 0x00, 0x00, 0x00,
    0x00, 0x00, 0x00, 0x00, 0x00, 0x00, 0x3a, 0x50,

    /* U+2055 "⁕" */
    0x00, 0x00, 0x00, 0x05, 0xff, 0xf7, 0x00, 0x00,
    0x00, 0x00, 0x00, 0x06, 0x00, 0x5f, 0xff, 0x70,
    0x06, 0x10, 0x00, 0x00, 0x0b, 0xf9, 0x05, 0xff,
    0xf7, 0x07, 0xfd, 0x10, 0x00, 0x0c, 0xff, 0xf9,
    0x5f, 0xff, 0x77, 0xff, 0xfd, 0x10, 0x00, 0xbf,
    0xff, 0xff, 0xff, 0xff, 0xff, 0xff, 0xc1, 0x00,
    0x00, 0xbf, 0xff, 0xff, 0xff, 0xff, 0xff, 0xc0,
    0x00, 0x00, 0x00, 0xbf, 0xff, 0xff, 0xff, 0xff,
    0xc0, 0x00, 0x09, 0xdd, 0xdd, 0xff, 0xff, 0xff,
    0xff, 0xfd, 0xdd, 0xda, 0xbf, 0xff, 0xff, 0xff,
    0xff, 0xff, 0xff, 0xff, 0xff, 0xcb, 0xff, 0xff,
    0xff, 0xff, 0xff, 0xff, 0xff, 0xff, 0xfc, 0xbf,
    0xff, 0xff, 0xff, 0xff, 0xff, 0xff, 0xff, 0xff,
    0xc0, 0x00, 0x08, 0xff, 0xff, 0xff, 0xff, 0xfa,
    0x00, 0x00, 0x00, 0x08, 0xff, 0xff, 0xff, 0xff,
    0xff, 0xfa, 0x00, 0x00, 0x08, 0xff, 0xff, 0xff,
    0xff, 0xff, 0xff, 0xfa, 0x00, 0x01, 0xdf, 0xff,
    0xc6, 0xff, 0xf7, 0xaf, 0xff, 0xe2, 0x00, 0x01,
    0xdf, 0xc0, 0x5f, 0xff, 0x70, 0xaf, 0xe2, 0x00,
    0x00, 0x01, 0x90, 0x06, 0xff, 0xf7, 0x00, 0x92,
    0x00, 0x00, 0x00, 0x00, 0x00, 0x6f, 0xff, 0x70,
    0x00, 0x00, 0x00,

    /* U+2057 "⁗" */
    0x0f, 0xff, 0xf9, 0x00, 0x00, 0x4f, 0xff, 0xf4,
    0x00, 0x00, 0x9f, 0xff, 0xf0, 0x00, 0x00, 0xef,
    0xff, 0xa1, 0xff, 0xff, 0x60, 0x00, 0x06, 0xff,
    0xff, 0x10, 0x00, 0x0b, 0xff, 0xfc, 0x00, 0x00,
    0x0f, 0xff, 0xf7, 0x2f, 0xff, 0xf2, 0x00, 0x00,
    0x7f, 0xff, 0xd0, 0x00, 0x00, 0xcf, 0xff, 0x80,
    0x00, 0x01, 0xff, 0xff, 0x44, 0xff, 0xfe, 0x00,
    0x00, 0x09, 0xff, 0xfa, 0x00, 0x00, 0x0e, 0xff,
    0xf5, 0x00, 0x00, 0x2f, 0xff, 0xf0, 0x5f, 0xff,
    0xb0, 0x00, 0x00, 0xaf, 0xff, 0x60, 0x00, 0x00,
    0xff, 0xff, 0x10, 0x00, 0x04, 0xff, 0xfd, 0x07,
    0xff, 0xf8, 0x00, 0x00, 0x0c, 0xff, 0xf3, 0x00,
    0x00, 0x1f, 0xff, 0xe0, 0x00, 0x00, 0x5f, 0xff,
    0x90, 0x8f, 0xff, 0x40, 0x00, 0x00, 0xdf, 0xff,
    0x00, 0x00, 0x02, 0xff, 0xfa, 0x00, 0x00, 0x07,
    0xff, 0xf6, 0x0a, 0xff, 0xf1, 0x00, 0x00, 0x0f,
    0xff, 0xc0, 0x00, 0x00, 0x4f, 0xff, 0x70, 0x00,
    0x00, 0x8f, 0xff, 0x20, 0xbf, 0xfd, 0x00, 0x00,
    0x00, 0xff, 0xf8, 0x00, 0x00, 0x05, 0xff, 0xf3,
    0x00, 0x00, 0x0a, 0xff, 0xe0, 0x0d, 0xff, 0xa0,
    0x00, 0x00, 0x2f, 0xff, 0x50, 0x00, 0x00, 0x7f,
    0xff, 0x00, 0x00, 0x00, 0xbf, 0xfb, 0x00, 0x67,
    0x73, 0x00, 0x00, 0x01, 0x77, 0x71, 0x00, 0x00,
    0x03, 0x77, 0x60, 0x00, 0x00, 0x05, 0x77, 0x30,
    0x00,

    /* U+205F " " */

};

/*---------------------
 *  GLYPH DESCRIPTION
 *--------------------*/

static const lv_font_fmt_txt_glyph_dsc_t glyph_dsc[] = {
    {.bitmap_index = 0, .adv_w = 0, .box_w = 0, .box_h = 0, .ofs_x = 0, .ofs_y = 0} /* id = 0 reserved */,
    {.bitmap_index = 0, .adv_w = 153, .box_w = 0, .box_h = 0, .ofs_x = 0, .ofs_y = 0},
    {.bitmap_index = 0, .adv_w = 195, .box_w = 7, .box_h = 28, .ofs_x = 3, .ofs_y = 0},
    {.bitmap_index = 98, .adv_w = 318, .box_w = 14, .box_h = 12, .ofs_x = 3, .ofs_y = 16},
    {.bitmap_index = 182, .adv_w = 391, .box_w = 24, .box_h = 28, .ofs_x = 0, .ofs_y = 0},
    {.bitmap_index = 518, .adv_w = 395, .box_w = 22, .box_h = 36, .ofs_x = 1, .ofs_y = -4},
    {.bitmap_index = 914, .adv_w = 611, .box_w = 32, .box_h = 28, .ofs_x = 3, .ofs_y = 0},
    {.bitmap_index = 1362, .adv_w = 403, .box_w = 24, .box_h = 28, .ofs_x = 1, .ofs_y = 0},
    {.bitmap_index = 1698, .adv_w = 198, .box_w = 6, .box_h = 12, .ofs_x = 3, .ofs_y = 16},
    {.bitmap_index = 1734, .adv_w = 227, .box_w = 10, .box_h = 35, .ofs_x = 3, .ofs_y = -5},
    {.bitmap_index = 1909, .adv_w = 227, .box_w = 10, .box_h = 35, .ofs_x = 1, .ofs_y = -5},
    {.bitmap_index = 2084, .adv_w = 328, .box_w = 16, .box_h = 16, .ofs_x = 2, .ofs_y = 12},
    {.bitmap_index = 2212, .adv_w = 409, .box_w = 20, .box_h = 19, .ofs_x = 3, .ofs_y = 2},
    {.bitmap_index = 2402, .adv_w = 194, .box_w = 7, .box_h = 12, .ofs_x = 2, .ofs_y = -7},
    {.bitmap_index = 2444, .adv_w = 283, .box_w = 14, .box_h = 4, .ofs_x = 2, .ofs_y = 10},
    {.bitmap_index = 2472, .adv_w = 194, .box_w = 7, .box_h = 6, .ofs_x = 3, .ofs_y = 0},
    {.bitmap_index = 2493, .adv_w = 230, .box_w = 14, .box_h = 33, .ofs_x = 0, .ofs_y = -4},
    {.bitmap_index = 2724, .adv_w = 401, .box_w = 23, .box_h = 28, .ofs_x = 1, .ofs_y = 0},
    {.bitmap_index = 3046, .adv_w = 257, .box_w = 13, .box_h = 28, .ofs_x = 1, .ofs_y = 0},
    {.bitmap_index = 3228, .adv_w = 379, .box_w = 20, .box_h = 28, .ofs_x = 2, .ofs_y = 0},
    {.bitmap_index = 3508, .adv_w = 387, .box_w = 22, .box_h = 28, .ofs_x = 1, .ofs_y = 0},
    {.bitmap_index = 3816, .adv_w = 405, .box_w = 23, .box_h = 28, .ofs_x = 1, .ofs_y = 0},
    {.bitmap_index = 4138, .adv_w = 372, .box_w = 21, .box_h = 28, .ofs_x = 1, .ofs_y = 0},
    {.bitmap_index = 4432, .adv_w = 389, .box_w = 22, .box_h = 28, .ofs_x = 1, .ofs_y = 0},
    {.bitmap_index = 4740, .adv_w = 350, .box_w = 20, .box_h = 28, .ofs_x = 1, .ofs_y = 0},
    {.bitmap_index = 5020, .adv_w = 389, .box_w = 22, .box_h = 28, .ofs_x = 1, .ofs_y = 0},
    {.bitmap_index = 5328, .adv_w = 389, .box_w = 22, .box_h = 28, .ofs_x = 1, .ofs_y = 0},
    {.bitmap_index = 5636, .adv_w = 194, .box_w = 7, .box_h = 20, .ofs_x = 3, .ofs_y = 0},
    {.bitmap_index = 5706, .adv_w = 200, .box_w = 8, .box_h = 27, .ofs_x = 2, .ofs_y = -7},
    {.bitmap_index = 5814, .adv_w = 409, .box_w = 19, .box_h = 22, .ofs_x = 3, .ofs_y = 0},
    {.bitmap_index = 6023, .adv_w = 409, .box_w = 19, .box_h = 13, .ofs_x = 3, .ofs_y = 5},
    {.bitmap_index = 6147, .adv_w = 409, .box_w = 19, .box_h = 22, .ofs_x = 4, .ofs_y = 0},
    {.bitmap_index = 6356, .adv_w = 330, .box_w = 18, .box_h = 28, .ofs_x = 1, .ofs_y = 0},
    {.bitmap_index = 6608, .adv_w = 607, .box_w = 36, .box_h = 36, .ofs_x = 1, .ofs_y = -8},
    {.bitmap_index = 7256, .adv_w = 442, .box_w = 27, .box_h = 28, .ofs_x = 0, .ofs_y = 0},
    {.bitmap_index = 7634, .adv_w = 401, .box_w = 22, .box_h = 28, .ofs_x = 2, .ofs_y = 0},
    {.bitmap_index = 7942, .adv_w = 448, .box_w = 26, .box_h = 28, .ofs_x = 1, .ofs_y = 0},
    {.bitmap_index = 8306, .adv_w = 439, .box_w = 24, .box_h = 28, .ofs_x = 2, .ofs_y = 0},
    {.bitmap_index = 8642, .adv_w = 368, .box_w = 19, .box_h = 28, .ofs_x = 2, .ofs_y = 0},
    {.bitmap_index = 8908, .adv_w = 357, .box_w = 19, .box_h = 28, .ofs_x = 2, .ofs_y = 0},
    {.bitmap_index = 9174, .adv_w = 455, .box_w = 26, .box_h = 28, .ofs_x = 1, .ofs_y = 0},
    {.bitmap_index = 9538, .adv_w = 453, .box_w = 24, .box_h = 28, .ofs_x = 2, .ofs_y = 0},
    {.bitmap_index = 9874, .adv_w = 168, .box_w = 6, .box_h = 28, .ofs_x = 2, .ofs_y = 0},
    {.bitmap_index = 9958, .adv_w = 352, .box_w = 19, .box_h = 28, .ofs_x = 1, .ofs_y = 0},
    {.bitmap_index = 10224, .adv_w = 428, .box_w = 24, .box_h = 28, .ofs_x = 2, .ofs_y = 0},
    {.bitmap_index = 10560, .adv_w = 344, .box_w = 18, .box_h = 28, .ofs_x = 2, .ofs_y = 0},
    {.bitmap_index = 10812, .adv_w = 561, .box_w = 31, .box_h = 28, .ofs_x = 2, .ofs_y = 0},
    {.bitmap_index = 11246, .adv_w = 462, .box_w = 25, .box_h = 28, .ofs_x = 2, .ofs_y = 0},
    {.bitmap_index = 11596, .adv_w = 467, .box_w = 27, .box_h = 28, .ofs_x = 1, .ofs_y = 0},
    {.bitmap_index = 11974, .adv_w = 392, .box_w = 21, .box_h = 28, .ofs_x = 2, .ofs_y = 0},
    {.bitmap_index = 12268, .adv_w = 470, .box_w = 27, .box_h = 30, .ofs_x = 1, .ofs_y = -2},
    {.bitmap_index = 12673, .adv_w = 397, .box_w = 22, .box_h = 28, .ofs_x = 2, .ofs_y = 0},
    {.bitmap_index = 12981, .adv_w = 395, .box_w = 22, .box_h = 28, .ofs_x = 1, .ofs_y = 0},
    {.bitmap_index = 13289, .adv_w = 401, .box_w = 23, .box_h = 28, .ofs_x = 1, .ofs_y = 0},
    {.bitmap_index = 13611, .adv_w = 447, .box_w = 24, .box_h = 28, .ofs_x = 2, .ofs_y = 0},
    {.bitmap_index = 13947, .adv_w = 442, .box_w = 27, .box_h = 28, .ofs_x = 0, .ofs_y = 0},
    {.bitmap_index = 14325, .adv_w = 620, .box_w = 38, .box_h = 28, .ofs_x = 0, .ofs_y = 0},
    {.bitmap_index = 14857, .adv_w = 438, .box_w = 27, .box_h = 28, .ofs_x = 0, .ofs_y = 0},
    {.bitmap_index = 15235, .adv_w = 434, .box_w = 27, .box_h = 28, .ofs_x = 0, .ofs_y = 0},
    {.bitmap_index = 15613, .adv_w = 397, .box_w = 21, .box_h = 28, .ofs_x = 2, .ofs_y = 0},
    {.bitmap_index = 15907, .adv_w = 227, .box_w = 10, .box_h = 35, .ofs_x = 3, .ofs_y = -5},
    {.bitmap_index = 16082, .adv_w = 230, .box_w = 14, .box_h = 33, .ofs_x = 0, .ofs_y = -4},
    {.bitmap_index = 16313, .adv_w = 227, .box_w = 9, .box_h = 35, .ofs_x = 2, .ofs_y = -5},
    {.bitmap_index = 16471, .adv_w = 293, .box_w = 16, .box_h = 13, .ofs_x = 1, .ofs_y = 15},
    {.bitmap_index = 16575, .adv_w = 285, .box_w = 18, .box_h = 4, .ofs_x = 0, .ofs_y = -4},
    {.bitmap_index = 16611, .adv_w = 213, .box_w = 9, .box_h = 6, .ofs_x = 2, .ofs_y = 23},
    {.bitmap_index = 16638, .adv_w = 349, .box_w = 19, .box_h = 21, .ofs_x = 1, .ofs_y = 0},
    {.bitmap_index = 16838, .adv_w = 379, .box_w = 21, .box_h = 28, .ofs_x = 2, .ofs_y = 0},
    {.bitmap_index = 17132, .adv_w = 354, .box_w = 20, .box_h = 21, .ofs_x = 1, .ofs_y = 0},
    {.bitmap_index = 17342, .adv_w = 379, .box_w = 21, .box_h = 28, .ofs_x = 1, .ofs_y = 0},
    {.bitmap_index = 17636, .adv_w = 360, .box_w = 20, .box_h = 21, .ofs_x = 1, .ofs_y = 0},
    {.bitmap_index = 17846, .adv_w = 236, .box_w = 15, .box_h = 29, .ofs_x = 0, .ofs_y = 0},
    {.bitmap_index = 18064, .adv_w = 380, .box_w = 21, .box_h = 29, .ofs_x = 1, .ofs_y = -8},
    {.bitmap_index = 18369, .adv_w = 372, .box_w = 19, .box_h = 28, .ofs_x = 2, .ofs_y = 0},
    {.bitmap_index = 18635, .adv_w = 159, .box_w = 6, .box_h = 29, .ofs_x = 2, .ofs_y = 0},
    {.bitmap_index = 18722, .adv_w = 159, .box_w = 9, .box_h = 37, .ofs_x = -1, .ofs_y = -8},
    {.bitmap_index = 18889, .adv_w = 346, .box_w = 20, .box_h = 28, .ofs_x = 2, .ofs_y = 0},
    {.bitmap_index = 19169, .adv_w = 159, .box_w = 6, .box_h = 28, .ofs_x = 2, .ofs_y = 0},
    {.bitmap_index = 19253, .adv_w = 547, .box_w = 30, .box_h = 21, .ofs_x = 2, .ofs_y = 0},
    {.bitmap_index = 19568, .adv_w = 372, .box_w = 19, .box_h = 21, .ofs_x = 2, .ofs_y = 0},
    {.bitmap_index = 19768, .adv_w = 370, .box_w = 21, .box_h = 21, .ofs_x = 1, .ofs_y = 0},
    {.bitmap_index = 19989, .adv_w = 379, .box_w = 21, .box_h = 29, .ofs_x = 2, .ofs_y = -8},
    {.bitmap_index = 20294, .adv_w = 379, .box_w = 21, .box_h = 29, .ofs_x = 1, .ofs_y = -8},
    {.bitmap_index = 20599, .adv_w = 241, .box_w = 13, .box_h = 21, .ofs_x = 2, .ofs_y = 0},
    {.bitmap_index = 20736, .adv_w = 334, .box_w = 19, .box_h = 21, .ofs_x = 1, .ofs_y = 0},
    {.bitmap_index = 20936, .adv_w = 215, .box_w = 13, .box_h = 26, .ofs_x = 0, .ofs_y = 0},
    {.bitmap_index = 21105, .adv_w = 372, .box_w = 19, .box_h = 21, .ofs_x = 2, .ofs_y = 0},
    {.bitmap_index = 21305, .adv_w = 357, .box_w = 22, .box_h = 21, .ofs_x = 0, .ofs_y = 0},
    {.bitmap_index = 21536, .adv_w = 510, .box_w = 32, .box_h = 21, .ofs_x = 0, .ofs_y = 0},
    {.bitmap_index = 21872, .adv_w = 346, .box_w = 21, .box_h = 21, .ofs_x = 0, .ofs_y = 0},
    {.bitmap_index = 22093, .adv_w = 358, .box_w = 22, .box_h = 29, .ofs_x = 0, .ofs_y = -8},
    {.bitmap_index = 22412, .adv_w = 344, .box_w = 18, .box_h = 21, .ofs_x = 2, .ofs_y = 0},
    {.bitmap_index = 22601, .adv_w = 276, .box_w = 14, .box_h = 35, .ofs_x = 2, .ofs_y = -5},
    {.bitmap_index = 22846, .adv_w = 218, .box_w = 6, .box_h = 46, .ofs_x = 4, .ofs_y = -9},
    {.bitmap_index = 22984, .adv_w = 276, .box_w = 13, .box_h = 35, .ofs_x = 2, .ofs_y = -5},
    {.bitmap_index = 23212, .adv_w = 409, .box_w = 21, .box_h = 8, .ofs_x = 2, .ofs_y = 7},
    {.bitmap_index = 23296, .adv_w = 153, .box_w = 0, .box_h = 0, .ofs_x = 0, .ofs_y = 0},
    {.bitmap_index = 23296, .adv_w = 195, .box_w = 7, .box_h = 28, .ofs_x = 3, .ofs_y = -7},
    {.bitmap_index = 23394, .adv_w = 354, .box_w = 20, .box_h = 28, .ofs_x = 1, .ofs_y = 0},
    {.bitmap_index = 23674, .adv_w = 383, .box_w = 22, .box_h = 28, .ofs_x = 1, .ofs_y = 0},
    {.bitmap_index = 23982, .adv_w = 455, .box_w = 25, .box_h = 25, .ofs_x = 2, .ofs_y = -1},
    {.bitmap_index = 24295, .adv_w = 343, .box_w = 21, .box_h = 28, .ofs_x = 0, .ofs_y = 0},
    {.bitmap_index = 24589, .adv_w = 192, .box_w = 6, .box_h = 33, .ofs_x = 3, .ofs_y = -5},
    {.bitmap_index = 24688, .adv_w = 346, .box_w = 19, .box_h = 34, .ofs_x = 1, .ofs_y = -6},
    {.bitmap_index = 25011, .adv_w = 372, .box_w = 14, .box_h = 6, .ofs_x = 5, .ofs_y = 24},
    {.bitmap_index = 25053, .adv_w = 556, .box_w = 29, .box_h = 29, .ofs_x = 3, .ofs_y = 0},
    {.bitmap_index = 25474, .adv_w = 280, .box_w = 15, .box_h = 16, .ofs_x = 1, .ofs_y = 13},
    {.bitmap_index = 25594, .adv_w = 386, .box_w = 22, .box_h = 18, .ofs_x = 1, .ofs_y = 3},
    {.bitmap_index = 25792, .adv_w = 409, .box_w = 17, .box_h = 9, .ofs_x = 4, .ofs_y = 5},
    {.bitmap_index = 25869, .adv_w = 403, .box_w = 23, .box_h = 22, .ofs_x = 1, .ofs_y = 6},
    {.bitmap_index = 26122, .adv_w = 275, .box_w = 11, .box_h = 4, .ofs_x = 3, .ofs_y = 25},
    {.bitmap_index = 26144, .adv_w = 278, .box_w = 14, .box_h = 13, .ofs_x = 2, .ofs_y = 15},
    {.bitmap_index = 26235, .adv_w = 409, .box_w = 19, .box_h = 21, .ofs_x = 3, .ofs_y = 0},
    {.bitmap_index = 26435, .adv_w = 276, .box_w = 15, .box_h = 16, .ofs_x = 1, .ofs_y = 17},
    {.bitmap_index = 26555, .adv_w = 282, .box_w = 15, .box_h = 16, .ofs_x = 1, .ofs_y = 17},
    {.bitmap_index = 26675, .adv_w = 213, .box_w = 8, .box_h = 6, .ofs_x = 3, .ofs_y = 23},
    {.bitmap_index = 26699, .adv_w = 373, .box_w = 22, .box_h = 29, .ofs_x = 2, .ofs_y = -8},
    {.bitmap_index = 27018, .adv_w = 365, .box_w = 20, .box_h = 28, .ofs_x = 1, .ofs_y = 0},
    {.bitmap_index = 27298, .adv_w = 194, .box_w = 7, .box_h = 6, .ofs_x = 3, .ofs_y = 10},
    {.bitmap_index = 27319, .adv_w = 202, .box_w = 8, .box_h = 9, .ofs_x = 3, .ofs_y = -8},
    {.bitmap_index = 27355, .adv_w = 197, .box_w = 10, .box_h = 16, .ofs_x = 1, .ofs_y = 17},
    {.bitmap_index = 27435, .adv_w = 296, .box_w = 17, .box_h = 16, .ofs_x = 1, .ofs_y = 13},
    {.bitmap_index = 27571, .adv_w = 386, .box_w = 22, .box_h = 18, .ofs_x = 1, .ofs_y = 3},
    {.bitmap_index = 27769, .adv_w = 505, .box_w = 30, .box_h = 28, .ofs_x = 1, .ofs_y = 0},
    {.bitmap_index = 28189, .adv_w = 529, .box_w = 31, .box_h = 28, .ofs_x = 1, .ofs_y = 0},
    {.bitmap_index = 28623, .adv_w = 552, .box_w = 33, .box_h = 28, .ofs_x = 1, .ofs_y = 0},
    {.bitmap_index = 29085, .adv_w = 330, .box_w = 19, .box_h = 29, .ofs_x = 1, .ofs_y = -8},
    {.bitmap_index = 29361, .adv_w = 442, .box_w = 27, .box_h = 36, .ofs_x = 0, .ofs_y = 0},
    {.bitmap_index = 29847, .adv_w = 442, .box_w = 27, .box_h = 36, .ofs_x = 0, .ofs_y = 0},
    {.bitmap_index = 30333, .adv_w = 442, .box_w = 27, .box_h = 36, .ofs_x = 0, .ofs_y = 0},
    {.bitmap_index = 30819, .adv_w = 442, .box_w = 27, .box_h = 36, .ofs_x = 0, .ofs_y = 0},
    {.bitmap_index = 31305, .adv_w = 442, .box_w = 27, .box_h = 36, .ofs_x = 0, .ofs_y = 0},
    {.bitmap_index = 31791, .adv_w = 442, .box_w = 27, .box_h = 38, .ofs_x = 0, .ofs_y = 0},
    {.bitmap_index = 32304, .adv_w = 616, .box_w = 37, .box_h = 28, .ofs_x = 0, .ofs_y = 0},
    {.bitmap_index = 32822, .adv_w = 448, .box_w = 26, .box_h = 36, .ofs_x = 1, .ofs_y = -8},
    {.bitmap_index = 33290, .adv_w = 368, .box_w = 19, .box_h = 36, .ofs_x = 2, .ofs_y = 0},
    {.bitmap_index = 33632, .adv_w = 368, .box_w = 19, .box_h = 36, .ofs_x = 2, .ofs_y = 0},
    {.bitmap_index = 33974, .adv_w = 368, .box_w = 19, .box_h = 36, .ofs_x = 2, .ofs_y = 0},
    {.bitmap_index = 34316, .adv_w = 368, .box_w = 19, .box_h = 36, .ofs_x = 2, .ofs_y = 0},
    {.bitmap_index = 34658, .adv_w = 168, .box_w = 9, .box_h = 36, .ofs_x = -1, .ofs_y = 0},
    {.bitmap_index = 34820, .adv_w = 168, .box_w = 9, .box_h = 36, .ofs_x = 2, .ofs_y = 0},
    {.bitmap_index = 34982, .adv_w = 168, .box_w = 15, .box_h = 36, .ofs_x = -2, .ofs_y = 0},
    {.bitmap_index = 35252, .adv_w = 168, .box_w = 14, .box_h = 36, .ofs_x = -2, .ofs_y = 0},
    {.bitmap_index = 35504, .adv_w = 457, .box_w = 27, .box_h = 28, .ofs_x = 0, .ofs_y = 0},
    {.bitmap_index = 35882, .adv_w = 462, .box_w = 25, .box_h = 36, .ofs_x = 2, .ofs_y = 0},
    {.bitmap_index = 36332, .adv_w = 467, .box_w = 27, .box_h = 37, .ofs_x = 1, .ofs_y = 0},
    {.bitmap_index = 36832, .adv_w = 467, .box_w = 27, .box_h = 37, .ofs_x = 1, .ofs_y = 0},
    {.bitmap_index = 37332, .adv_w = 467, .box_w = 27, .box_h = 37, .ofs_x = 1, .ofs_y = 0},
    {.bitmap_index = 37832, .adv_w = 467, .box_w = 27, .box_h = 36, .ofs_x = 1, .ofs_y = 0},
    {.bitmap_index = 38318, .adv_w = 467, .box_w = 27, .box_h = 37, .ofs_x = 1, .ofs_y = 0},
    {.bitmap_index = 38818, .adv_w = 409, .box_w = 20, .box_h = 20, .ofs_x = 3, .ofs_y = 1},
    {.bitmap_index = 39018, .adv_w = 467, .box_w = 27, .box_h = 30, .ofs_x = 1, .ofs_y = -1},
    {.bitmap_index = 39423, .adv_w = 447, .box_w = 24, .box_h = 37, .ofs_x = 2, .ofs_y = 0},
    {.bitmap_index = 39867, .adv_w = 447, .box_w = 24, .box_h = 37, .ofs_x = 2, .ofs_y = 0},
    {.bitmap_index = 40311, .adv_w = 447, .box_w = 24, .box_h = 37, .ofs_x = 2, .ofs_y = 0},
    {.bitmap_index = 40755, .adv_w = 447, .box_w = 24, .box_h = 37, .ofs_x = 2, .ofs_y = 0},
    {.bitmap_index = 41199, .adv_w = 434, .box_w = 27, .box_h = 36, .ofs_x = 0, .ofs_y = 0},
    {.bitmap_index = 41685, .adv_w = 400, .box_w = 21, .box_h = 28, .ofs_x = 2, .ofs_y = 0},
    {.bitmap_index = 41979, .adv_w = 391, .box_w = 21, .box_h = 28, .ofs_x = 2, .ofs_y = 0},
    {.bitmap_index = 42273, .adv_w = 349, .box_w = 19, .box_h = 30, .ofs_x = 1, .ofs_y = 0},
    {.bitmap_index = 42558, .adv_w = 349, .box_w = 19, .box_h = 30, .ofs_x = 1, .ofs_y = 0},
    {.bitmap_index = 42843, .adv_w = 349, .box_w = 19, .box_h = 30, .ofs_x = 1, .ofs_y = 0},
    {.bitmap_index = 43128, .adv_w = 349, .box_w = 19, .box_h = 29, .ofs_x = 1, .ofs_y = 0},
    {.bitmap_index = 43404, .adv_w = 349, .box_w = 19, .box_h = 30, .ofs_x = 1, .ofs_y = 0},
    {.bitmap_index = 43689, .adv_w = 349, .box_w = 19, .box_h = 32, .ofs_x = 1, .ofs_y = 0},
    {.bitmap_index = 43993, .adv_w = 555, .box_w = 33, .box_h = 21, .ofs_x = 1, .ofs_y = 0},
    {.bitmap_index = 44340, .adv_w = 354, .box_w = 20, .box_h = 29, .ofs_x = 1, .ofs_y = -8},
    {.bitmap_index = 44630, .adv_w = 360, .box_w = 20, .box_h = 30, .ofs_x = 1, .ofs_y = 0},
    {.bitmap_index = 44930, .adv_w = 360, .box_w = 20, .box_h = 30, .ofs_x = 1, .ofs_y = 0},
    {.bitmap_index = 45230, .adv_w = 360, .box_w = 20, .box_h = 30, .ofs_x = 1, .ofs_y = 0},
    {.bitmap_index = 45530, .adv_w = 360, .box_w = 20, .box_h = 30, .ofs_x = 1, .ofs_y = 0},
    {.bitmap_index = 45830, .adv_w = 159, .box_w = 9, .box_h = 29, .ofs_x = -1, .ofs_y = 0},
    {.bitmap_index = 45961, .adv_w = 159, .box_w = 9, .box_h = 29, .ofs_x = 2, .ofs_y = 0},
    {.bitmap_index = 46092, .adv_w = 159, .box_w = 14, .box_h = 29, .ofs_x = -2, .ofs_y = 0},
    {.bitmap_index = 46295, .adv_w = 159, .box_w = 14, .box_h = 29, .ofs_x = -2, .ofs_y = 0},
    {.bitmap_index = 46498, .adv_w = 361, .box_w = 20, .box_h = 30, .ofs_x = 1, .ofs_y = 0},
    {.bitmap_index = 46798, .adv_w = 372, .box_w = 19, .box_h = 29, .ofs_x = 2, .ofs_y = 0},
    {.bitmap_index = 47074, .adv_w = 370, .box_w = 21, .box_h = 30, .ofs_x = 1, .ofs_y = 0},
    {.bitmap_index = 47389, .adv_w = 370, .box_w = 21, .box_h = 30, .ofs_x = 1, .ofs_y = 0},
    {.bitmap_index = 47704, .adv_w = 370, .box_w = 21, .box_h = 30, .ofs_x = 1, .ofs_y = 0},
    {.bitmap_index = 48019, .adv_w = 370, .box_w = 21, .box_h = 29, .ofs_x = 1, .ofs_y = 0},
    {.bitmap_index = 48324, .adv_w = 370, .box_w = 21, .box_h = 30, .ofs_x = 1, .ofs_y = 0},
    {.bitmap_index = 48639, .adv_w = 409, .box_w = 19, .box_h = 21, .ofs_x = 3, .ofs_y = 0},
    {.bitmap_index = 48839, .adv_w = 370, .box_w = 21, .box_h = 23, .ofs_x = 1, .ofs_y = -1},
    {.bitmap_index = 49081, .adv_w = 372, .box_w = 19, .box_h = 29, .ofs_x = 2, .ofs_y = 0},
    {.bitmap_index = 49357, .adv_w = 372, .box_w = 19, .box_h = 29, .ofs_x = 2, .ofs_y = 0},
    {.bitmap_index = 49633, .adv_w = 372, .box_w = 19, .box_h = 30, .ofs_x = 2, .ofs_y = 0},
    {.bitmap_index = 49918, .adv_w = 372, .box_w = 19, .box_h = 30, .ofs_x = 2, .ofs_y = 0},
    {.bitmap_index = 50203, .adv_w = 358, .box_w = 22, .box_h = 37, .ofs_x = 0, .ofs_y = -8},
    {.bitmap_index = 50610, .adv_w = 379, .box_w = 21, .box_h = 36, .ofs_x = 2, .ofs_y = -8},
    {.bitmap_index = 50988, .adv_w = 358, .box_w = 22, .box_h = 37, .ofs_x = 0, .ofs_y = -8},
    {.bitmap_index = 51395, .adv_w = 442, .box_w = 27, .box_h = 35, .ofs_x = 0, .ofs_y = 0},
    {.bitmap_index = 51868, .adv_w = 349, .box_w = 19, .box_h = 28, .ofs_x = 1, .ofs_y = 0},
    {.bitmap_index = 52134, .adv_w = 442, .box_w = 27, .box_h = 36, .ofs_x = 0, .ofs_y = 0},
    {.bitmap_index = 52620, .adv_w = 349, .box_w = 19, .box_h = 30, .ofs_x = 1, .ofs_y = 0},
    {.bitmap_index = 52905, .adv_w = 442, .box_w = 28, .box_h = 36, .ofs_x = 0, .ofs_y = -8},
    {.bitmap_index = 53409, .adv_w = 349, .box_w = 20, .box_h = 29, .ofs_x = 1, .ofs_y = -8},
    {.bitmap_index = 53699, .adv_w = 448, .box_w = 26, .box_h = 37, .ofs_x = 1, .ofs_y = 0},
    {.bitmap_index = 54180, .adv_w = 354, .box_w = 20, .box_h = 30, .ofs_x = 1, .ofs_y = 0},
    {.bitmap_index = 54480, .adv_w = 448, .box_w = 26, .box_h = 37, .ofs_x = 1, .ofs_y = 0},
    {.bitmap_index = 54961, .adv_w = 354, .box_w = 20, .box_h = 30, .ofs_x = 1, .ofs_y = 0},
    {.bitmap_index = 55261, .adv_w = 448, .box_w = 26, .box_h = 37, .ofs_x = 1, .ofs_y = 0},
    {.bitmap_index = 55742, .adv_w = 354, .box_w = 20, .box_h = 30, .ofs_x = 1, .ofs_y = 0},
    {.bitmap_index = 56042, .adv_w = 448, .box_w = 26, .box_h = 37, .ofs_x = 1, .ofs_y = 0},
    {.bitmap_index = 56523, .adv_w = 354, .box_w = 20, .box_h = 30, .ofs_x = 1, .ofs_y = 0},
    {.bitmap_index = 56823, .adv_w = 439, .box_w = 24, .box_h = 36, .ofs_x = 2, .ofs_y = 0},
    {.bitmap_index = 57255, .adv_w = 449, .box_w = 27, .box_h = 30, .ofs_x = 1, .ofs_y = 0},
    {.bitmap_index = 57660, .adv_w = 457, .box_w = 27, .box_h = 28, .ofs_x = 0, .ofs_y = 0},
    {.bitmap_index = 58038, .adv_w = 379, .box_w = 23, .box_h = 28, .ofs_x = 1, .ofs_y = 0},
    {.bitmap_index = 58360, .adv_w = 368, .box_w = 19, .box_h = 35, .ofs_x = 2, .ofs_y = 0},
    {.bitmap_index = 58693, .adv_w = 360, .box_w = 20, .box_h = 28, .ofs_x = 1, .ofs_y = 0},
    {.bitmap_index = 58973, .adv_w = 368, .box_w = 19, .box_h = 36, .ofs_x = 2, .ofs_y = 0},
    {.bitmap_index = 59315, .adv_w = 360, .box_w = 20, .box_h = 30, .ofs_x = 1, .ofs_y = 0},
    {.bitmap_index = 59615, .adv_w = 368, .box_w = 19, .box_h = 36, .ofs_x = 2, .ofs_y = 0},
    {.bitmap_index = 59957, .adv_w = 360, .box_w = 20, .box_h = 30, .ofs_x = 1, .ofs_y = 0},
    {.bitmap_index = 60257, .adv_w = 368, .box_w = 20, .box_h = 36, .ofs_x = 2, .ofs_y = -8},
    {.bitmap_index = 60617, .adv_w = 360, .box_w = 20, .box_h = 29, .ofs_x = 1, .ofs_y = -8},
    {.bitmap_index = 60907, .adv_w = 368, .box_w = 19, .box_h = 36, .ofs_x = 2, .ofs_y = 0},
    {.bitmap_index = 61249, .adv_w = 360, .box_w = 20, .box_h = 30, .ofs_x = 1, .ofs_y = 0},
    {.bitmap_index = 61549, .adv_w = 455, .box_w = 26, .box_h = 37, .ofs_x = 1, .ofs_y = 0},
    {.bitmap_index = 62030, .adv_w = 380, .box_w = 21, .box_h = 38, .ofs_x = 1, .ofs_y = -8},
    {.bitmap_index = 62429, .adv_w = 455, .box_w = 26, .box_h = 37, .ofs_x = 1, .ofs_y = 0},
    {.bitmap_index = 62910, .adv_w = 380, .box_w = 21, .box_h = 38, .ofs_x = 1, .ofs_y = -8},
    {.bitmap_index = 63309, .adv_w = 455, .box_w = 26, .box_h = 37, .ofs_x = 1, .ofs_y = 0},
    {.bitmap_index = 63790, .adv_w = 380, .box_w = 21, .box_h = 38, .ofs_x = 1, .ofs_y = -8},
    {.bitmap_index = 64189, .adv_w = 455, .box_w = 26, .box_h = 37, .ofs_x = 1, .ofs_y = -9},
    {.bitmap_index = 64670, .adv_w = 380, .box_w = 21, .box_h = 40, .ofs_x = 1, .ofs_y = -8},
    {.bitmap_index = 65090, .adv_w = 453, .box_w = 24, .box_h = 36, .ofs_x = 2, .ofs_y = 0},
    {.bitmap_index = 65522, .adv_w = 372, .box_w = 24, .box_h = 36, .ofs_x = -3, .ofs_y = 0},
    {.bitmap_index = 65954, .adv_w = 485, .box_w = 28, .box_h = 28, .ofs_x = 1, .ofs_y = 0},
    {.bitmap_index = 66346, .adv_w = 372, .box_w = 22, .box_h = 28, .ofs_x = -1, .ofs_y = 0},
    {.bitmap_index = 66654, .adv_w = 168, .box_w = 13, .box_h = 36, .ofs_x = -1, .ofs_y = 0},
    {.bitmap_index = 66888, .adv_w = 159, .box_w = 14, .box_h = 29, .ofs_x = -2, .ofs_y = 0},
    {.bitmap_index = 67091, .adv_w = 168, .box_w = 12, .box_h = 35, .ofs_x = -1, .ofs_y = 0},
    {.bitmap_index = 67301, .adv_w = 159, .box_w = 12, .box_h = 28, .ofs_x = -1, .ofs_y = 0},
    {.bitmap_index = 67469, .adv_w = 168, .box_w = 13, .box_h = 36, .ofs_x = -1, .ofs_y = 0},
    {.bitmap_index = 67703, .adv_w = 159, .box_w = 14, .box_h = 29, .ofs_x = -2, .ofs_y = 0},
    {.bitmap_index = 67906, .adv_w = 168, .box_w = 9, .box_h = 36, .ofs_x = 0, .ofs_y = -8},
    {.bitmap_index = 68068, .adv_w = 159, .box_w = 10, .box_h = 37, .ofs_x = -1, .ofs_y = -8},
    {.bitmap_index = 68253, .adv_w = 168, .box_w = 7, .box_h = 36, .ofs_x = 2, .ofs_y = 0},
    {.bitmap_index = 68379, .adv_w = 159, .box_w = 6, .box_h = 21, .ofs_x = 2, .ofs_y = 0},
    {.bitmap_index = 68442, .adv_w = 521, .box_w = 28, .box_h = 28, .ofs_x = 2, .ofs_y = 0},
    {.bitmap_index = 68834, .adv_w = 318, .box_w = 16, .box_h = 37, .ofs_x = 2, .ofs_y = -8},
    {.bitmap_index = 69130, .adv_w = 352, .box_w = 23, .box_h = 37, .ofs_x = 1, .ofs_y = 0},
    {.bitmap_index = 69556, .adv_w = 159, .box_w = 14, .box_h = 37, .ofs_x = -2, .ofs_y = -8},
    {.bitmap_index = 69815, .adv_w = 428, .box_w = 24, .box_h = 37, .ofs_x = 2, .ofs_y = -9},
    {.bitmap_index = 70259, .adv_w = 346, .box_w = 20, .box_h = 37, .ofs_x = 2, .ofs_y = -9},
    {.bitmap_index = 70629, .adv_w = 344, .box_w = 20, .box_h = 21, .ofs_x = 2, .ofs_y = 0},
    {.bitmap_index = 70839, .adv_w = 344, .box_w = 18, .box_h = 36, .ofs_x = 2, .ofs_y = 0},
    {.bitmap_index = 71163, .adv_w = 159, .box_w = 9, .box_h = 36, .ofs_x = 2, .ofs_y = 0},
    {.bitmap_index = 71325, .adv_w = 344, .box_w = 18, .box_h = 37, .ofs_x = 2, .ofs_y = -9},
    {.bitmap_index = 71658, .adv_w = 159, .box_w = 7, .box_h = 37, .ofs_x = 1, .ofs_y = -9},
    {.bitmap_index = 71788, .adv_w = 344, .box_w = 18, .box_h = 29, .ofs_x = 2, .ofs_y = 0},
    {.bitmap_index = 72049, .adv_w = 229, .box_w = 12, .box_h = 29, .ofs_x = 2, .ofs_y = 0},
    {.bitmap_index = 72223, .adv_w = 348, .box_w = 18, .box_h = 28, .ofs_x = 2, .ofs_y = 0},
    {.bitmap_index = 72475, .adv_w = 255, .box_w = 14, .box_h = 28, .ofs_x = 2, .ofs_y = 0},
    {.bitmap_index = 72671, .adv_w = 366, .box_w = 22, .box_h = 28, .ofs_x = 0, .ofs_y = 0},
    {.bitmap_index = 72979, .adv_w = 159, .box_w = 12, .box_h = 28, .ofs_x = -1, .ofs_y = 0},
    {.bitmap_index = 73147, .adv_w = 462, .box_w = 25, .box_h = 36, .ofs_x = 2, .ofs_y = 0},
    {.bitmap_index = 73597, .adv_w = 372, .box_w = 19, .box_h = 29, .ofs_x = 2, .ofs_y = 0},
    {.bitmap_index = 73873, .adv_w = 462, .box_w = 25, .box_h = 37, .ofs_x = 2, .ofs_y = -9},
    {.bitmap_index = 74336, .adv_w = 372, .box_w = 19, .box_h = 30, .ofs_x = 2, .ofs_y = -9},
    {.bitmap_index = 74621, .adv_w = 462, .box_w = 25, .box_h = 36, .ofs_x = 2, .ofs_y = 0},
    {.bitmap_index = 75071, .adv_w = 372, .box_w = 19, .box_h = 30, .ofs_x = 2, .ofs_y = 0},
    {.bitmap_index = 75356, .adv_w = 462, .box_w = 25, .box_h = 36, .ofs_x = 2, .ofs_y = -8},
    {.bitmap_index = 75806, .adv_w = 372, .box_w = 19, .box_h = 29, .ofs_x = 2, .ofs_y = -8},
    {.bitmap_index = 76082, .adv_w = 467, .box_w = 27, .box_h = 36, .ofs_x = 1, .ofs_y = 0},
    {.bitmap_index = 76568, .adv_w = 370, .box_w = 21, .box_h = 28, .ofs_x = 1, .ofs_y = 0},
    {.bitmap_index = 76862, .adv_w = 467, .box_w = 27, .box_h = 37, .ofs_x = 1, .ofs_y = 0},
    {.bitmap_index = 77362, .adv_w = 370, .box_w = 21, .box_h = 30, .ofs_x = 1, .ofs_y = 0},
    {.bitmap_index = 77677, .adv_w = 467, .box_w = 27, .box_h = 37, .ofs_x = 1, .ofs_y = 0},
    {.bitmap_index = 78177, .adv_w = 370, .box_w = 21, .box_h = 30, .ofs_x = 1, .ofs_y = 0},
    {.bitmap_index = 78492, .adv_w = 616, .box_w = 36, .box_h = 28, .ofs_x = 1, .ofs_y = 0},
    {.bitmap_index = 78996, .adv_w = 603, .box_w = 36, .box_h = 21, .ofs_x = 1, .ofs_y = 0},
    {.bitmap_index = 79374, .adv_w = 397, .box_w = 22, .box_h = 36, .ofs_x = 2, .ofs_y = 0},
    {.bitmap_index = 79770, .adv_w = 241, .box_w = 13, .box_h = 29, .ofs_x = 2, .ofs_y = 0},
    {.bitmap_index = 79959, .adv_w = 397, .box_w = 22, .box_h = 37, .ofs_x = 2, .ofs_y = -9},
    {.bitmap_index = 80366, .adv_w = 241, .box_w = 14, .box_h = 30, .ofs_x = 1, .ofs_y = -9},
    {.bitmap_index = 80576, .adv_w = 397, .box_w = 22, .box_h = 36, .ofs_x = 2, .ofs_y = 0},
    {.bitmap_index = 80972, .adv_w = 241, .box_w = 15, .box_h = 29, .ofs_x = 1, .ofs_y = 0},
    {.bitmap_index = 81190, .adv_w = 395, .box_w = 22, .box_h = 37, .ofs_x = 1, .ofs_y = 0},
    {.bitmap_index = 81597, .adv_w = 334, .box_w = 19, .box_h = 30, .ofs_x = 1, .ofs_y = 0},
    {.bitmap_index = 81882, .adv_w = 395, .box_w = 22, .box_h = 37, .ofs_x = 1, .ofs_y = 0},
    {.bitmap_index = 82289, .adv_w = 334, .box_w = 19, .box_h = 30, .ofs_x = 1, .ofs_y = 0},
    {.bitmap_index = 82574, .adv_w = 395, .box_w = 22, .box_h = 36, .ofs_x = 1, .ofs_y = -8},
    {.bitmap_index = 82970, .adv_w = 334, .box_w = 19, .box_h = 29, .ofs_x = 1, .ofs_y = -8},
    {.bitmap_index = 83246, .adv_w = 395, .box_w = 22, .box_h = 36, .ofs_x = 1, .ofs_y = 0},
    {.bitmap_index = 83642, .adv_w = 334, .box_w = 19, .box_h = 30, .ofs_x = 1, .ofs_y = 0},
    {.bitmap_index = 83927, .adv_w = 401, .box_w = 23, .box_h = 36, .ofs_x = 1, .ofs_y = -8},
    {.bitmap_index = 84341, .adv_w = 215, .box_w = 13, .box_h = 34, .ofs_x = 0, .ofs_y = -8},
    {.bitmap_index = 84562, .adv_w = 401, .box_w = 23, .box_h = 36, .ofs_x = 1, .ofs_y = 0},
    {.bitmap_index = 84976, .adv_w = 255, .box_w = 15, .box_h = 31, .ofs_x = 0, .ofs_y = 0},
    {.bitmap_index = 85209, .adv_w = 401, .box_w = 23, .box_h = 28, .ofs_x = 1, .ofs_y = 0},
    {.bitmap_index = 85531, .adv_w = 215, .box_w = 13, .box_h = 26, .ofs_x = 0, .ofs_y = 0},
    {.bitmap_index = 85700, .adv_w = 447, .box_w = 24, .box_h = 36, .ofs_x = 2, .ofs_y = 0},
    {.bitmap_index = 86132, .adv_w = 372, .box_w = 19, .box_h = 29, .ofs_x = 2, .ofs_y = 0},
    {.bitmap_index = 86408, .adv_w = 447, .box_w = 24, .box_h = 36, .ofs_x = 2, .ofs_y = 0},
    {.bitmap_index = 86840, .adv_w = 372, .box_w = 19, .box_h = 28, .ofs_x = 2, .ofs_y = 0},
    {.bitmap_index = 87106, .adv_w = 447, .box_w = 24, .box_h = 37, .ofs_x = 2, .ofs_y = 0},
    {.bitmap_index = 87550, .adv_w = 372, .box_w = 19, .box_h = 30, .ofs_x = 2, .ofs_y = 0},
    {.bitmap_index = 87835, .adv_w = 447, .box_w = 24, .box_h = 39, .ofs_x = 2, .ofs_y = 0},
    {.bitmap_index = 88303, .adv_w = 372, .box_w = 19, .box_h = 32, .ofs_x = 2, .ofs_y = 0},
    {.bitmap_index = 88607, .adv_w = 447, .box_w = 24, .box_h = 37, .ofs_x = 2, .ofs_y = 0},
    {.bitmap_index = 89051, .adv_w = 372, .box_w = 19, .box_h = 29, .ofs_x = 2, .ofs_y = 0},
    {.bitmap_index = 89327, .adv_w = 447, .box_w = 24, .box_h = 36, .ofs_x = 2, .ofs_y = -8},
    {.bitmap_index = 89759, .adv_w = 372, .box_w = 20, .box_h = 29, .ofs_x = 2, .ofs_y = -8},
    {.bitmap_index = 90049, .adv_w = 620, .box_w = 38, .box_h = 36, .ofs_x = 0, .ofs_y = 0},
    {.bitmap_index = 90733, .adv_w = 510, .box_w = 32, .box_h = 29, .ofs_x = 0, .ofs_y = 0},
    {.bitmap_index = 91197, .adv_w = 434, .box_w = 27, .box_h = 36, .ofs_x = 0, .ofs_y = 0},
    {.bitmap_index = 91683, .adv_w = 358, .box_w = 22, .box_h = 37, .ofs_x = 0, .ofs_y = -8},
    {.bitmap_index = 92090, .adv_w = 434, .box_w = 27, .box_h = 36, .ofs_x = 0, .ofs_y = 0},
    {.bitmap_index = 92576, .adv_w = 397, .box_w = 21, .box_h = 36, .ofs_x = 2, .ofs_y = 0},
    {.bitmap_index = 92954, .adv_w = 344, .box_w = 18, .box_h = 29, .ofs_x = 2, .ofs_y = 0},
    {.bitmap_index = 93215, .adv_w = 397, .box_w = 21, .box_h = 36, .ofs_x = 2, .ofs_y = 0},
    {.bitmap_index = 93593, .adv_w = 344, .box_w = 18, .box_h = 29, .ofs_x = 2, .ofs_y = 0},
    {.bitmap_index = 93854, .adv_w = 397, .box_w = 21, .box_h = 36, .ofs_x = 2, .ofs_y = 0},
    {.bitmap_index = 94232, .adv_w = 344, .box_w = 18, .box_h = 29, .ofs_x = 2, .ofs_y = 0},
    {.bitmap_index = 94493, .adv_w = 203, .box_w = 11, .box_h = 29, .ofs_x = 2, .ofs_y = 0},
    {.bitmap_index = 94653, .adv_w = 341, .box_w = 0, .box_h = 0, .ofs_x = 0, .ofs_y = 0},
    {.bitmap_index = 94653, .adv_w = 678, .box_w = 0, .box_h = 0, .ofs_x = 0, .ofs_y = 0},
    {.bitmap_index = 94653, .adv_w = 304, .box_w = 0, .box_h = 0, .ofs_x = 0, .ofs_y = 0},
    {.bitmap_index = 94653, .adv_w = 608, .box_w = 0, .box_h = 0, .ofs_x = 0, .ofs_y = 0},
    {.bitmap_index = 94653, .adv_w = 203, .box_w = 0, .box_h = 0, .ofs_x = 0, .ofs_y = 0},
    {.bitmap_index = 94653, .adv_w = 152, .box_w = 0, .box_h = 0, .ofs_x = 0, .ofs_y = 0},
    {.bitmap_index = 94653, .adv_w = 101, .box_w = 0, .box_h = 0, .ofs_x = 0, .ofs_y = 0},
    {.bitmap_index = 94653, .adv_w = 393, .box_w = 0, .box_h = 0, .ofs_x = 0, .ofs_y = 0},
    {.bitmap_index = 94653, .adv_w = 194, .box_w = 0, .box_h = 0, .ofs_x = 0, .ofs_y = 0},
    {.bitmap_index = 94653, .adv_w = 101, .box_w = 0, .box_h = 0, .ofs_x = 0, .ofs_y = 0},
    {.bitmap_index = 94653, .adv_w = 50, .box_w = 0, .box_h = 0, .ofs_x = 0, .ofs_y = 0},
    {.bitmap_index = 94653, .adv_w = 0, .box_w = 0, .box_h = 0, .ofs_x = 0, .ofs_y = 0},
    {.bitmap_index = 94653, .adv_w = 257, .box_w = 13, .box_h = 4, .ofs_x = 2, .ofs_y = 10},
    {.bitmap_index = 94679, .adv_w = 257, .box_w = 13, .box_h = 4, .ofs_x = 2, .ofs_y = 10},
    {.bitmap_index = 94705, .adv_w = 393, .box_w = 23, .box_h = 4, .ofs_x = 1, .ofs_y = 10},
    {.bitmap_index = 94751, .adv_w = 304, .box_w = 19, .box_h = 4, .ofs_x = 0, .ofs_y = 10},
    {.bitmap_index = 94789, .adv_w = 608, .box_w = 38, .box_h = 4, .ofs_x = 0, .ofs_y = 10},
    {.bitmap_index = 94865, .adv_w = 608, .box_w = 38, .box_h = 4, .ofs_x = 0, .ofs_y = 10},
    {.bitmap_index = 94941, .adv_w = 326, .box_w = 12, .box_h = 46, .ofs_x = 4, .ofs_y = -9},
    {.bitmap_index = 95217, .adv_w = 285, .box_w = 18, .box_h = 8, .ofs_x = 0, .ofs_y = -8},
    {.bitmap_index = 95289, .adv_w = 179, .box_w = 7, .box_h = 12, .ofs_x = 3, .ofs_y = 16},
    {.bitmap_index = 95331, .adv_w = 179, .box_w = 7, .box_h = 12, .ofs_x = 3, .ofs_y = 16},
    {.bitmap_index = 95373, .adv_w = 166, .box_w = 7, .box_h = 12, .ofs_x = 2, .ofs_y = -7},
    {.bitmap_index = 95415, .adv_w = 179, .box_w = 8, .box_h = 12, .ofs_x = 1, .ofs_y = 16},
    {.bitmap_index = 95463, .adv_w = 308, .box_w = 15, .box_h = 12, .ofs_x = 3, .ofs_y = 16},
    {.bitmap_index = 95553, .adv_w = 305, .box_w = 15, .box_h = 12, .ofs_x = 3, .ofs_y = 16},
    {.bitmap_index = 95643, .adv_w = 292, .box_w = 15, .box_h = 12, .ofs_x = 2, .ofs_y = -7},
    {.bitmap_index = 95733, .adv_w = 305, .box_w = 16, .box_h = 12, .ofs_x = 1, .ofs_y = 16},
    {.bitmap_index = 95829, .adv_w = 336, .box_w = 17, .box_h = 21, .ofs_x = 2, .ofs_y = 7},
    {.bitmap_index = 96008, .adv_w = 336, .box_w = 17, .box_h = 28, .ofs_x = 2, .ofs_y = 0},
    {.bitmap_index = 96246, .adv_w = 306, .box_w = 13, .box_h = 12, .ofs_x = 3, .ofs_y = 5},
    {.bitmap_index = 96324, .adv_w = 306, .box_w = 11, .box_h = 14, .ofs_x = 5, .ofs_y = 4},
    {.bitmap_index = 96401, .adv_w = 194, .box_w = 7, .box_h = 6, .ofs_x = 3, .ofs_y = 0},
    {.bitmap_index = 96422, .adv_w = 387, .box_w = 19, .box_h = 6, .ofs_x = 3, .ofs_y = 0},
    {.bitmap_index = 96479, .adv_w = 581, .box_w = 31, .box_h = 6, .ofs_x = 3, .ofs_y = 0},
    {.bitmap_index = 96572, .adv_w = 194, .box_w = 7, .box_h = 6, .ofs_x = 3, .ofs_y = 10},
    {.bitmap_index = 96593, .adv_w = 101, .box_w = 0, .box_h = 0, .ofs_x = 0, .ofs_y = 0},
    {.bitmap_index = 96593, .adv_w = 834, .box_w = 46, .box_h = 28, .ofs_x = 3, .ofs_y = 0},
    {.bitmap_index = 97237, .adv_w = 1057, .box_w = 60, .box_h = 28, .ofs_x = 3, .ofs_y = 0},
    {.bitmap_index = 98077, .adv_w = 156, .box_w = 6, .box_h = 11, .ofs_x = 2, .ofs_y = 17},
    {.bitmap_index = 98110, .adv_w = 311, .box_w = 16, .box_h = 11, .ofs_x = 2, .ofs_y = 17},
    {.bitmap_index = 98198, .adv_w = 467, .box_w = 26, .box_h = 11, .ofs_x = 2, .ofs_y = 17},
    {.bitmap_index = 98341, .adv_w = 156, .box_w = 6, .box_h = 11, .ofs_x = 2, .ofs_y = 17},
    {.bitmap_index = 98374, .adv_w = 311, .box_w = 16, .box_h = 11, .ofs_x = 2, .ofs_y = 17},
    {.bitmap_index = 98462, .adv_w = 467, .box_w = 26, .box_h = 11, .ofs_x = 2, .ofs_y = 17},
    {.bitmap_index = 98605, .adv_w = 314, .box_w = 16, .box_h = 9, .ofs_x = 2, .ofs_y = -10},
    {.bitmap_index = 98677, .adv_w = 253, .box_w = 14, .box_h = 18, .ofs_x = 1, .ofs_y = 3},
    {.bitmap_index = 98803, .adv_w = 253, .box_w = 14, .box_h = 18, .ofs_x = 1, .ofs_y = 3},
    {.bitmap_index = 98929, .adv_w = 457, .box_w = 24, .box_h = 22, .ofs_x = 2, .ofs_y = 2},
    {.bitmap_index = 99193, .adv_w = 391, .box_w = 19, .box_h = 28, .ofs_x = 3, .ofs_y = 0},
    {.bitmap_index = 99459, .adv_w = 329, .box_w = 18, .box_h = 28, .ofs_x = 1, .ofs_y = 0},
    {.bitmap_index = 99711, .adv_w = 311, .box_w = 19, .box_h = 4, .ofs_x = 0, .ofs_y = 29},
    {.bitmap_index = 99749, .adv_w = 510, .box_w = 30, .box_h = 7, .ofs_x = 1, .ofs_y = -9},
    {.bitmap_index = 99854, .adv_w = 510, .box_w = 30, .box_h = 8, .ofs_x = 1, .ofs_y = 21},
    {.bitmap_index = 99974, .adv_w = 285, .box_w = 16, .box_h = 22, .ofs_x = 1, .ofs_y = -10},
    {.bitmap_index = 100150, .adv_w = 456, .box_w = 24, .box_h = 23, .ofs_x = 2, .ofs_y = 3},
    {.bitmap_index = 100426, .adv_w = 306, .box_w = 11, .box_h = 4, .ofs_x = 4, .ofs_y = 9},
    {.bitmap_index = 100448, .adv_w = 124, .box_w = 24, .box_h = 28, .ofs_x = -8, .ofs_y = 0},
    {.bitmap_index = 100784, .adv_w = 227, .box_w = 10, .box_h = 35, .ofs_x = 3, .ofs_y = -5},
    {.bitmap_index = 100959, .adv_w = 227, .box_w = 9, .box_h = 35, .ofs_x = 2, .ofs_y = -5},
    {.bitmap_index = 101117, .adv_w = 661, .box_w = 39, .box_h = 28, .ofs_x = 1, .ofs_y = 0},
    {.bitmap_index = 101663, .adv_w = 526, .box_w = 29, .box_h = 28, .ofs_x = 1, .ofs_y = 0},
    {.bitmap_index = 102069, .adv_w = 526, .box_w = 29, .box_h = 28, .ofs_x = 3, .ofs_y = 0},
    {.bitmap_index = 102475, .adv_w = 279, .box_w = 15, .box_h = 29, .ofs_x = 1, .ofs_y = -8},
    {.bitmap_index = 102693, .adv_w = 365, .box_w = 20, .box_h = 28, .ofs_x = 2, .ofs_y = 0},
    {.bitmap_index = 102973, .adv_w = 367, .box_w = 18, .box_h = 16, .ofs_x = 2, .ofs_y = 3},
    {.bitmap_index = 103117, .adv_w = 367, .box_w = 19, .box_h = 16, .ofs_x = 2, .ofs_y = 3},
    {.bitmap_index = 103269, .adv_w = 328, .box_w = 16, .box_h = 16, .ofs_x = 2, .ofs_y = -2},
    {.bitmap_index = 103397, .adv_w = 200, .box_w = 8, .box_h = 27, .ofs_x = 3, .ofs_y = -7},
    {.bitmap_index = 103505, .adv_w = 509, .box_w = 31, .box_h = 38, .ofs_x = 0, .ofs_y = -9},
    {.bitmap_index = 104094, .adv_w = 343, .box_w = 16, .box_h = 35, .ofs_x = 4, .ofs_y = -7},
    {.bitmap_index = 104374, .adv_w = 482, .box_w = 27, .box_h = 28, .ofs_x = 2, .ofs_y = 0},
    {.bitmap_index = 104752, .adv_w = 455, .box_w = 25, .box_h = 8, .ofs_x = 2, .ofs_y = 9},
    {.bitmap_index = 104852, .adv_w = 510, .box_w = 30, .box_h = 8, .ofs_x = 1, .ofs_y = -9},
    {.bitmap_index = 104972, .adv_w = 402, .box_w = 19, .box_h = 18, .ofs_x = 3, .ofs_y = 1},
    {.bitmap_index = 105143, .adv_w = 622, .box_w = 35, .box_h = 11, .ofs_x = 2, .ofs_y = 17},
    {.bitmap_index = 105336, .adv_w = 177, .box_w = 0, .box_h = 0, .ofs_x = 0, .ofs_y = 0}
};

/*---------------------
 *  CHARACTER MAPPING
 *--------------------*/

static const uint16_t unicode_list_7[] = {
    0x00, 0x08
};

/*Collect the unicode lists and glyph_id offsets*/
static const lv_font_fmt_txt_cmap_t cmaps[] =
{
    {
        .range_start = 32, .range_length = 95, .glyph_id_start = 1,
        .unicode_list = NULL, .glyph_id_ofs_list = NULL, .list_length = 0, .type = LV_FONT_FMT_TXT_CMAP_FORMAT0_TINY
    },
    {
        .range_start = 160, .range_length = 13, .glyph_id_start = 96,
        .unicode_list = NULL, .glyph_id_ofs_list = NULL, .list_length = 0, .type = LV_FONT_FMT_TXT_CMAP_FORMAT0_TINY
    },
    {
        .range_start = 174, .range_length = 155, .glyph_id_start = 109,
        .unicode_list = NULL, .glyph_id_ofs_list = NULL, .list_length = 0, .type = LV_FONT_FMT_TXT_CMAP_FORMAT0_TINY
    },
    {
        .range_start = 330, .range_length = 54, .glyph_id_start = 264,
        .unicode_list = NULL, .glyph_id_ofs_list = NULL, .list_length = 0, .type = LV_FONT_FMT_TXT_CMAP_FORMAT0_TINY
    },
    {
        .range_start = 8192, .range_length = 12, .glyph_id_start = 318,
        .unicode_list = NULL, .glyph_id_ofs_list = NULL, .list_length = 0, .type = LV_FONT_FMT_TXT_CMAP_FORMAT0_TINY
    },
    {
        .range_start = 8208, .range_length = 24, .glyph_id_start = 330,
        .unicode_list = NULL, .glyph_id_ofs_list = NULL, .list_length = 0, .type = LV_FONT_FMT_TXT_CMAP_FORMAT0_TINY
    },
    {
        .range_start = 8239, .range_length = 39, .glyph_id_start = 354,
        .unicode_list = NULL, .glyph_id_ofs_list = NULL, .list_length = 0, .type = LV_FONT_FMT_TXT_CMAP_FORMAT0_TINY
    },
    {
        .range_start = 8279, .range_length = 9, .glyph_id_start = 393,
        .unicode_list = unicode_list_7, .glyph_id_ofs_list = NULL, .list_length = 2, .type = LV_FONT_FMT_TXT_CMAP_SPARSE_TINY
    }
};

/*-----------------
 *    KERNING
 *----------------*/

/*Map glyph_ids to kern left classes*/
static const uint8_t kern_left_class_mapping[] =
{
    0, 0, 0, 1, 0, 0, 2, 3,
    1, 4, 5, 6, 7, 8, 7, 8,
    9, 10, 11, 12, 13, 14, 15, 16,
    17, 13, 10, 18, 18, 0, 19, 20,
    0, 21, 0, 0, 0, 0, 0, 0,
    0, 0, 0, 0, 0, 0, 0, 0,
    0, 0, 0, 0, 0, 0, 0, 0,
    0, 0, 0, 0, 4, 22, 5, 6,
    23, 0, 0, 0, 0, 0, 0, 0,
    0, 0, 0, 0, 0, 0, 0, 0,
    0, 0, 0, 0, 0, 0, 0, 0,
    0, 0, 0, 0, 4, 11, 5, 7,
    0, 24, 25, 0, 0, 0, 0, 0,
    0, 21, 0, 0, 0, 26, 0, 6,
    19, 0, 0, 0, 27, 11, 28, 0,
    0, 0, 29, 0, 0, 0, 30, 0,
    0, 0, 0, 0, 0, 0, 0, 0,
    0, 0, 0, 0, 0, 0, 0, 0,
    0, 0, 0, 0, 0, 0, 31, 0,
    0, 0, 0, 0, 0, 0, 0, 0,
    0, 0, 0, 0, 0, 0, 0, 0,
    0, 0, 0, 0, 0, 0, 0, 0,
    0, 0, 0, 0, 0, 0, 7, 0,
    0, 0, 0, 0, 0, 0, 0, 0,
    0, 0, 0, 0, 0, 0, 0, 0,
    0, 0, 0, 0, 0, 0, 0, 0,
    0, 0, 0, 0, 0, 0, 0, 0,
    0, 0, 0, 0, 0, 0, 0, 0,
    0, 0, 0, 0, 0, 0, 0, 0,
    0, 0, 0, 0, 0, 0, 0, 0,
    0, 0, 0, 0, 0, 0, 0, 0,
    0, 0, 0, 0, 0, 0, 0, 0,
    0, 0, 0, 0, 0, 0, 0, 0,
    0, 0, 0, 0, 0, 0, 0, 0,
    0, 0, 0, 0, 0, 0, 0, 0,
    0, 0, 0, 0, 0, 0, 0, 0,
    0, 0, 0, 0, 0, 0, 0, 0,
    0, 0, 0, 0, 0, 0, 0, 0,
    0, 0, 0, 0, 0, 0, 0, 0,
    0, 0, 0, 0, 0, 0, 0, 0,
    0, 0, 0, 0, 0, 0, 0, 0,
    0, 0, 0, 0, 0, 0, 0, 0,
    0, 0, 32, 33, 34, 0, 32, 33,
    34, 0, 35, 35, 31, 31, 0, 0,
    36, 0, 0, 0, 0, 0, 0, 33,
    0, 0, 0, 0, 0, 29, 0, 0,
    0, 0, 0, 0, 0, 0, 31, 0,
    0, 0, 0, 0, 0, 0, 37, 38,
    31, 0, 18, 0, 0, 0, 0, 0,
    0, 0, 0
};

/*Map glyph_ids to kern right classes*/
static const uint8_t kern_right_class_mapping[] =
{
    0, 1, 2, 3, 4, 5, 0, 6,
    3, 0, 7, 8, 9, 10, 9, 11,
    12, 13, 14, 15, 16, 17, 18, 13,
    19, 20, 21, 22, 22, 23, 24, 0,
    25, 26, 0, 0, 0, 0, 0, 0,
    0, 0, 0, 0, 0, 0, 0, 0,
    0, 0, 0, 0, 0, 0, 0, 0,
    0, 0, 0, 0, 0, 27, 7, 8,
    28, 0, 0, 0, 0, 0, 0, 0,
    0, 0, 0, 0, 0, 0, 0, 0,
    0, 0, 0, 0, 0, 0, 0, 0,
    0, 0, 0, 0, 0, 29, 7, 30,
    0, 0, 31, 0, 0, 0, 0, 0,
    0, 26, 0, 32, 33, 34, 0, 8,
    24, 0, 0, 0, 35, 36, 9, 0,
    0, 0, 37, 0, 0, 0, 38, 0,
    0, 0, 0, 0, 0, 0, 0, 0,
    0, 0, 0, 0, 0, 0, 0, 0,
    0, 0, 0, 0, 0, 0, 37, 0,
    0, 0, 0, 0, 0, 0, 0, 0,
    0, 0, 0, 0, 0, 0, 0, 0,
    0, 0, 0, 0, 0, 0, 0, 0,
    0, 0, 0, 0, 0, 0, 9, 0,
    0, 0, 0, 0, 0, 0, 0, 0,
    0, 0, 0, 0, 0, 0, 0, 0,
    0, 0, 0, 0, 0, 0, 0, 0,
    0, 0, 0, 0, 0, 0, 0, 0,
    0, 0, 0, 0, 0, 0, 0, 0,
    0, 0, 0, 0, 0, 0, 0, 0,
    0, 0, 0, 0, 0, 0, 0, 0,
    0, 0, 0, 0, 0, 0, 0, 0,
    0, 0, 0, 0, 0, 0, 0, 0,
    0, 0, 0, 0, 0, 0, 0, 0,
    0, 0, 0, 0, 0, 0, 0, 0,
    0, 0, 0, 0, 0, 0, 0, 0,
    0, 0, 0, 0, 0, 0, 0, 0,
    0, 0, 0, 0, 0, 0, 0, 0,
    0, 0, 0, 0, 0, 0, 0, 0,
    0, 0, 0, 0, 0, 0, 0, 0,
    0, 0, 0, 0, 0, 0, 0, 0,
    0, 0, 0, 0, 0, 0, 0, 0,
    0, 0, 0, 0, 0, 0, 0, 0,
    0, 0, 39, 40, 41, 42, 39, 40,
    41, 43, 44, 44, 37, 37, 0, 0,
    45, 0, 0, 0, 0, 0, 0, 40,
    0, 0, 0, 0, 32, 37, 0, 0,
    25, 0, 0, 0, 0, 0, 37, 5,
    0, 0, 0, 0, 0, 46, 29, 37,
    47, 0, 22, 0, 0, 0, 0, 0,
    0, 0, 0
};

/*Kern values between classes*/
static const int8_t kern_class_values[] =
{
    0, 0, 0, 0, 0, -20, 0, 0,
    0, -53, -53, 0, 0, 0, 0, 0,
    -38, 0, 0, 0, 0, 0, 0, 0,
    0, 0, 0, 0, 0, 0, -11, 0,
    0, 0, 0, 0, 0, 0, 0, 0,
    0, 0, 0, 0, -53, 0, 0, 0,
    0, 0, 0, 0, 0, 0, 0, 0,
    0, 0, 0, 0, 0, 0, 0, 0,
    0, 0, 0, 0, 0, 0, 0, 0,
    0, 0, 0, 0, 0, 0, 0, 0,
    0, 0, 0, 0, 0, -38, -41, 0,
    0, 0, 0, 0, 0, 0, 0, 0,
    -20, 0, 0, 0, 0, 0, 0, 0,
    0, 0, 0, 0, 0, 0, 0, 0,
    0, 0, 0, 0, 0, 0, 0, 0,
    -38, 0, 0, 0, 0, 0, 0, -14,
    0, 0, 0, 0, -55, 0, 0, 0,
    0, -24, 0, 0, 0, 0, 0, 0,
    0, 0, 0, 0, 0, 0, 0, 0,
    0, 0, 0, 0, 0, 0, 0, 0,
    0, 0, 0, 0, 0, 0, 0, 0,
    0, 7, 0, -4, 0, 0, 0, 0,
    0, 0, 0, 0, 0, 0, 0, 0,
    0, 0, 0, 7, 0, 0, 0, 0,
    0, 0, 0, 0, 0, 0, 0, 0,
    0, 0, 0, 0, 0, 0, 0, 0,
    0, 0, 0, 0, 0, 0, 0, 0,
    0, 0, 0, 0, 0, 0, 0, 0,
    0, 0, -20, 0, 0, 0, 0, 0,
    0, 0, 0, 0, 0, 0, 0, 0,
    -20, 0, 0, 0, -83, -83, 0, 0,
    0, 0, 0, -28, 0, 0, 0, 0,
    0, 0, 0, 0, -9, 0, -41, 0,
    0, 0, 0, 0, 0, 0, 0, 0,
    0, 0, 0, 0, 0, 0, 0, -83,
    0, 0, 0, 0, 0, 0, 0, 0,
    0, 0, 0, 0, 0, 0, 0, 0,
    -15, -4, 0, 0, -16, 0, 0, 0,
    0, 0, 0, 0, -28, 0, 0, 0,
    0, 0, 0, 0, 0, -7, 0, 0,
    -24, 0, 0, 0, 0, 0, 0, 0,
    0, -12, -5, -57, 0, 0, 0, 0,
    0, 0, 0, 0, 0, -17, -54, 0,
    -15, 0, -6, -13, -16, -7, 0, 0,
    0, -53, -27, 0, 0, 0, 0, 0,
    0, 0, 0, 0, -31, 0, 0, 0,
    -50, 0, -83, -83, 0, 0, 0, 0,
    0, 0, 0, 0, 0, 0, 0, 0,
    0, -24, -24, 0, 0, 0, 0, 0,
    0, 0, 0, 0, 0, 0, 0, 0,
    0, 0, 3, 0, 0, 0, 0, 0,
    0, 0, 0, 0, 0, 0, 0, 0,
    0, 0, 0, 0, -24, 0, 0, 0,
    0, 0, 0, 0, 0, 0, 0, 0,
    -17, -17, 0, 0, 0, 0, 0, 0,
    0, -12, 0, 0, 0, 0, 0, 0,
    0, -12, -28, 0, 0, 0, 0, 0,
    0, 0, 0, 0, 0, -28, 0, -31,
    0, 0, 0, -17, 10, 0, 0, 0,
    0, 0, 0, 0, 7, 0, 0, 0,
    0, 0, 0, 0, 0, 0, 0, 0,
    0, 0, 0, 0, 0, 0, 0, 0,
    0, 7, 0, 0, 0, 0, 0, 0,
    0, 0, 0, 0, 0, 0, 0, 0,
    0, 0, 0, 9, 0, 0, 0, 0,
    0, 0, 0, 0, 0, 0, 0, 0,
    0, 0, 0, 0, 0, -9, 0, 0,
    0, 0, 0, 0, 0, 0, 0, 0,
    0, 0, 0, 0, 0, 0, 0, 0,
    0, 0, 0, 0, 0, 0, 0, 0,
    0, 0, 0, 0, 0, 0, 0, 0,
    0, 0, 0, -6, 0, -13, -13, 0,
    0, 0, 0, 0, 0, 0, 0, 0,
    0, 0, 0, 0, 0, 0, 0, 0,
    0, 0, 0, -20, 0, 0, 0, 0,
    0, 0, 0, 0, -31, 0, 0, 0,
    -13, 0, 0, 0, 0, 0, 0, 0,
    0, 0, -18, 0, -20, -20, 0, 0,
    -19, 0, 0, 0, 0, 0, 0, 0,
    0, 0, 0, 0, 0, 0, 0, 0,
    0, 0, 0, 0, -3, 0, -26, 0,
    0, 0, 0, 0, 0, 0, 0, -20,
    0, 0, 0, 0, 0, 0, 0, 0,
    0, -2, 0, -15, -15, 0, 0, 0,
    0, 0, 0, 0, 0, 0, 0, 0,
    0, 0, 0, 0, 0, 0, 0, 0,
    0, 0, 0, -3, 0, 0, 0, 0,
    0, 0, 0, 0, 0, 0, -15, 0,
    0, 0, 0, 0, 0, 0, 0, 0,
    0, 0, -19, -19, 0, 0, 0, 0,
    0, 0, 0, 0, 0, 0, 0, 0,
    0, 0, 0, 0, -28, 0, 0, 0,
    0, 0, 0, 0, 0, 0, 0, 0,
    0, -28, 0, 0, 0, -19, 0, 0,
    0, 0, 0, -34, 0, -28, 0, 0,
    0, -76, -76, 0, -9, 0, 0, -10,
    -35, -6, 12, -9, -6, -20, -55, 0,
    0, 0, 0, -96, 0, 0, -31, -38,
    0, 0, 0, 0, 0, 0, 0, 0,
    -86, 0, 0, 0, -76, 0, -31, 0,
    0, 0, 0, 0, 0, 0, 0, 0,
    0, 0, 0, 0, 0, 0, 0, 0,
    0, 0, 0, 0, 0, 0, 0, 0,
    0, -38, 0, 0, 0, 0, 0, 0,
    0, 0, 0, 0, 0, -28, 0, 0,
    0, 0, 0, 0, 0, 0, 0, 0,
    0, 0, 0, 0, 0, 0, 0, 0,
    0, 0, 0, 0, 0, 0, 0, 0,
    0, 0, 0, 0, 0, 0, 0, 0,
    -41, 0, 0, 0, 0, 0, 0, 0,
    0, 0, 0, 0, -34, 0, 0, 0,
    0, 0, 0, 0, 0, 0, 0, 0,
    0, 0, 0, 0, 0, 0, 0, 0,
    0, 0, 0, 0, 0, 0, 0, -45,
    0, 0, 0, 0, 0, 0, 0, -45,
    0, 0, 0, 0, 0, 0, 0, 0,
    0, 0, 0, -58, 0, 0, 0, 0,
    0, 0, 0, 0, 0, 0, 0, 0,
    0, 0, 0, 0, 0, -27, -27, -24,
    0, 0, 0, 0, 0, 0, 0, 0,
    0, 0, 0, 0, 0, 0, -23, -24,
    0, 0, 0, 0, 0, -3, 0, 0,
    0, 0, -20, 0, -24, 0, 0, 0,
    -27, 0, 0, 0, 0, -48, 0, -6,
    0, 0, -54, -20, 0, 0, 9, 0,
    -27, 0, 0, 0, 0, 0, 0, 0,
    0, -15, -31, -38, -24, -30, 0, 0,
    -20, -9, -20, -20, -43, 0, -31, -20,
    0, -26, -34, 0, 0, 0, -45, 0,
    -15, 0, 0, 0, 0, 0, 0, 0,
    0, -41, 0, 0, 0, 0, -28, -66,
    0, -28, -34, -28, 0, -28, -28, 0,
    0, 0, 0, -24, -48, 0, 20, 0,
    0, 0, 0, 0, 0, -28, 0, 0,
    -24, 0, 0, 0, 0, 0, 0, 0,
    20, 0, 0, 0, 0, 0, 0, 0,
    0, 0, 0, 0, 0, 0, 0, 0,
    0, 0, 0, 0, 0, 0, 0, 0,
    0, 0, 0, -20, 0, 0, 0, 0,
    0, 0, 0, 0, 0, 0, 0, -20,
    0, 0, 0, 0, 0, 0, 0, 0,
    0, 0, -11, 0, 0, 0, -7, 0,
    0, 0, 0, 0, 0, -20, 0, 0,
    0, 0, 0, 0, 0, 0, 0, 0,
    0, 0, -35, 0, 0, 0, 0, 0,
    0, -7, 0, 0, 0, 0, -38, -14,
    0, 0, 0, -20, 0, 0, 0, 0,
    0, 0, 0, 0, -20, 0, 0, 0,
    0, 0, 0, 0, 0, 0, 0, -30,
    0, 0, 0, 0, 0, 0, 0, 0,
    -3, 0, 0, 0, 0, -17, 0, 0,
    0, 0, 0, 0, 0, 0, 0, 0,
    0, 0, 0, 0, 0, 0, 0, 0,
    0, 0, 0, 0, 0, 0, -23, 0,
    0, -20, 0, 0, 0, 0, 0, 0,
    0, 0, 0, 0, -24, 0, 0, 0,
    0, -20, 0, -23, 0, 0, -20, 0,
    0, 0, 0, 0, -31, 9, 0, 0,
    0, 0, 0, 0, 0, 0, 0, 0,
    0, 0, 0, 0, 0, 0, 0, 0,
    0, 0, 0, -15, -4, 0, 0, -16,
    0, 0, 0, 0, 0, 0, 0, -24,
    0, 0, 0, 0, 0, 0, 0, 0,
    -7, 0, 0, -24, 0, 0, 0, 0,
    0, 0, 0, 0, 0, 0, 0, 0,
    0, 0, 0, 0, 0, 0, 0, 0,
    0, -24, -31, -28, 0, 0, -31, -20,
    0, 0, 0, 0, 0, 0, -38, 0,
    0, 0, 0, 0, 0, 0, 0, 0,
    0, 0, -52, 0, 0, 0, 0, 0,
    0, 0, 0, 0, 0, 0, 0, 0,
    0, 0, 0, 0, 0, 0, 0, 0,
    0, 0, 0, 0, 0, 0, 0, 0,
    0, 0, 0, 0, 0, -63, 0, 0,
    0, 0, 0, 0, 0, 0, 0, 0,
    0, -38, -20, 0, 0, 0, 0, 0,
    0, 0, 0, 0, 0, 0, 0, 0,
    0, 0, 0, 0, 0, 0, 0, 0,
    0, 0, 0, 0, 0, 0, 0, 0,
    0, 0, 0, 0, -24, 0, 0, 0,
    0, 0, 0, 0, 0, 0, 0, 0,
    0, 0, 0, 0, 0, 0, 0, 0,
    0, 0, 0, 0, 0, 0, -38, 0,
    0, 0, -61, -61, -58, 0, 0, 0,
    0, -38, 0, 0, 0, 0, 0, 0,
    0, 0, 0, 0, 0, 0, 0, -24,
    0, 0, 0, 0, 0, 0, -38, 0,
    0, -52, 0, 0, 0, -61, 0, 0,
    0, 0, 0, -76, 0, -41, 0, 0,
    -34, -72, -72, -86, -28, 0, 0, 0,
    -58, 0, -38, -24, 0, -34, -58, -34,
    0, -34, 0, -24, 0, -28, -38, -52,
    -34, 0, -28, -7, 0, -41, 0, 0,
    0, 0, 0, 0, -72, 6, -16, 0,
    0, 0, 0, 0, 0, 0, 0, 0,
    0, 0, 0, 0, -41, 0, 0, 0,
    0, 0, 0, 0, 0, 0, 0, 0,
    0, -55, 0, 0, 0, 0, 0, 0,
    0, 0, 0, 0, 0, -76, -58, 0,
    0, 0, 0, 0, 0, 0, 0, 0,
    0, 0, 0, -24, 0, 0, 0, 0,
    0, 0, 0, 0, 0, 0, 0, 0,
    0, 0, 0, 0, 0, 0, 0, 0,
    0, 0, 0, 0, -20, 0, 0, 0,
    0, 0, 0, 0, 0, 0, 0, 0,
    0, 0, 0, 0, 0, -12, -5, -57,
    0, 0, 0, 0, 0, 0, 0, 0,
    0, -17, -54, 0, -15, 0, -6, -13,
    -16, -7, 0, 0, 0, -53, -27, 0,
    0, 0, 0, 0, 0, 0, 0, 0,
    -31, 0, 0, 0, -50, 0, -83, -110,
    0, 0, 0, 0, 0, 0, 0, 0,
    0, -20, 0, 0, -18, -24, -20, 0,
    0, 0, 0, 0, 0, 0, 0, 0,
    0, 0, 0, 0, 0, 0, 0, 0,
    0, -18, -4, 0, -18, 0, 0, 0,
    0, 0, 0, 0, -86, 0, 0, 0,
    -58, 0, 0, 0, 0, -9, 0, 0,
    0, 0, 0, 0, 0, 0, 0, 0,
    -24, 0, 0, 0, 0, 0, 0, 0,
    0, 0, 0, 0, 0, -31, 0, 0,
    0, 0, 0, 0, -5, 0, 0, 0,
    0, -28, -14, 0, 0, 0, 0, 0,
    0, 0
};

/*Collect the kern class' data in one place*/
static const lv_font_fmt_txt_kern_classes_t kern_classes =
{
    .class_pair_values   = kern_class_values,
    .left_class_mapping  = kern_left_class_mapping,
    .right_class_mapping = kern_right_class_mapping,
    .left_class_cnt      = 38,
    .right_class_cnt     = 47,
};

/*--------------------
 *  ALL CUSTOM DATA
 *--------------------*/

#if LVGL_VERSION_MAJOR == 8
/*Store all the custom data of the font*/
static  lv_font_fmt_txt_glyph_cache_t cache;
#endif

#if LVGL_VERSION_MAJOR >= 8
static const lv_font_fmt_txt_dsc_t font_dsc = {
#else
static lv_font_fmt_txt_dsc_t font_dsc = {
#endif
    .glyph_bitmap = glyph_bitmap,
    .glyph_dsc = glyph_dsc,
    .cmaps = cmaps,
    .kern_dsc = &kern_classes,
    .kern_scale = 16,
    .cmap_num = 8,
    .bpp = 4,
    .kern_classes = 1,
    .bitmap_format = 0,
#if LVGL_VERSION_MAJOR == 8
    .cache = &cache
#endif

};



/*-----------------
 *  PUBLIC FONT
 *----------------*/

/*Initialize a public general font descriptor*/
#if LVGL_VERSION_MAJOR >= 8
const lv_font_t font_inter_semi_bold_38_data = {
#else
lv_font_t font_inter_semi_bold_38_data = {
#endif
    .get_glyph_dsc = lv_font_get_glyph_dsc_fmt_txt,    /*Function pointer to get glyph's data*/
    .get_glyph_bitmap = lv_font_get_bitmap_fmt_txt,    /*Function pointer to get glyph's bitmap*/
    .line_height = 49,          /*The maximum line height required by the font*/
    .base_line = 10,             /*Baseline measured from the bottom of the line*/
#if LV_VERSION_CHECK(9, 6, 0) || LVGL_VERSION_MAJOR >= 10
    .cap_height = 28,           /*Cap height of the font*/
    .x_height = 21,               /*x-height of the font*/
#endif
#if !(LVGL_VERSION_MAJOR == 6 && LVGL_VERSION_MINOR == 0)
    .subpx = LV_FONT_SUBPX_NONE,
#endif
#if LV_VERSION_CHECK(7, 4, 0) || LVGL_VERSION_MAJOR >= 8
    .underline_position = -6,
    .underline_thickness = 3,
#endif

#if LV_VERSION_CHECK(9, 3, 0)
    .static_bitmap = 1,    /*Bitmaps are stored as const so they are always static if not compressed */
#endif

    .dsc = &font_dsc,          /*The custom font data. Will be accessed by `get_glyph_bitmap/dsc` */
#if LV_VERSION_CHECK(8, 2, 0) || LVGL_VERSION_MAJOR >= 9
    .fallback = NULL,
#endif
    .user_data = NULL,
};



#endif /*#if FONT_INTER_SEMI_BOLD_38_DATA*/
