/*******************************************************************************
 * Size: 15 px
 * Bpp: 4
 * Opts: --font /fonts/Gabarito-Medium.ttf -o /fonts/font_gabarito_medium_15_data.c --size 15 --bpp 4 --format lvgl --no-compress --symbols ·ÁÃÄÇÈÉÍÓÖÚÜßàáâãäçèéêíîñóõöúûüŐő–• --range 0x20-0x7F, 0xA0-0xFF, 0x0100-0x017F, 0x2000-0x206F
 ******************************************************************************/

#ifdef __has_include
    #if __has_include("lvgl.h")
        #ifndef LV_LVGL_H_INCLUDE_SIMPLE
            #define LV_LVGL_H_INCLUDE_SIMPLE
        #endif
    #endif
#endif

#ifdef LV_LVGL_H_INCLUDE_SIMPLE
    #include "lvgl.h"
#else
    #include "lvgl/lvgl.h"
#endif



#ifndef FONT_GABARITO_MEDIUM_15_DATA
#define FONT_GABARITO_MEDIUM_15_DATA 1
#endif

#if FONT_GABARITO_MEDIUM_15_DATA

/*-----------------
 *    BITMAPS
 *----------------*/

/*Store the image of the glyphs*/
static LV_ATTRIBUTE_LARGE_CONST const uint8_t glyph_bitmap[] = {
    /* U+0020 " " */

    /* U+0021 "!" */
    0x0c, 0xe2, 0x0d, 0xf2, 0x0d, 0xf2, 0x0c, 0xf2,
    0x0c, 0xf1, 0x0b, 0xf1, 0x0a, 0xf0, 0x09, 0xe0,
    0x00, 0x00, 0x05, 0x80, 0x0f, 0xf5, 0x0b, 0xe2,

    /* U+0022 "\"" */
    0x9f, 0x4f, 0x99, 0xf4, 0xf9, 0x8f, 0x3f, 0x95,
    0xf1, 0xe9, 0x2b, 0x18, 0x60,

    /* U+0023 "#" */
    0x00, 0x0a, 0xd0, 0x5f, 0x20, 0x00, 0x0d, 0xa0,
    0x8f, 0x00, 0x00, 0x0f, 0x70, 0xbc, 0x00, 0x0b,
    0xff, 0xff, 0xff, 0xf7, 0x04, 0xcf, 0x97, 0xfd,
    0x62, 0x00, 0x8f, 0x03, 0xf4, 0x00, 0x02, 0xde,
    0x28, 0xf3, 0x10, 0x7f, 0xff, 0xff, 0xff, 0xb0,
    0x25, 0xfc, 0x5f, 0xf5, 0x30, 0x03, 0xf4, 0x0e,
    0x80, 0x00, 0x06, 0xf1, 0x1f, 0x60, 0x00,

    /* U+0024 "$" */
    0x00, 0x06, 0x50, 0x00, 0x00, 0x0c, 0xb0, 0x00,
    0x00, 0x9f, 0xfb, 0x20, 0x0a, 0xfe, 0xef, 0xe1,
    0x1f, 0xb0, 0x07, 0x70, 0x1f, 0xb0, 0x00, 0x00,
    0x0d, 0xfc, 0x61, 0x00, 0x02, 0xbf, 0xff, 0x60,
    0x00, 0x01, 0x7e, 0xf3, 0x01, 0x00, 0x06, 0xf7,
    0x3e, 0x80, 0x07, 0xf6, 0x0e, 0xfe, 0xdf, 0xe0,
    0x02, 0xbf, 0xfa, 0x20, 0x00, 0x0c, 0xb0, 0x00,
    0x00, 0x06, 0x50, 0x00,

    /* U+0025 "%" */
    0x08, 0xfc, 0x20, 0x00, 0x49, 0x05, 0xf8, 0xdc,
    0x00, 0x2f, 0xa0, 0xad, 0x05, 0xf0, 0x0d, 0xd0,
    0x08, 0xf3, 0xae, 0x0b, 0xe2, 0x00, 0x1d, 0xff,
    0x58, 0xf4, 0x00, 0x00, 0x04, 0x25, 0xf7, 0x01,
    0x00, 0x00, 0x02, 0xfa, 0x3e, 0xfc, 0x10, 0x01,
    0xdc, 0x0c, 0xc5, 0xe8, 0x00, 0xbe, 0x10, 0xf7,
    0x0b, 0xb0, 0x8f, 0x30, 0x0c, 0xd8, 0xf8, 0x09,
    0x60, 0x00, 0x1c, 0xfa, 0x00,

    /* U+0026 "&" */
    0x00, 0x05, 0x74, 0x00, 0x00, 0x00, 0xcf, 0xff,
    0xc0, 0x00, 0x06, 0xfb, 0x5a, 0x70, 0x00, 0x09,
    0xf3, 0x00, 0x00, 0x00, 0x06, 0xf9, 0x00, 0x00,
    0x00, 0x00, 0xdf, 0xff, 0xff, 0xf6, 0x05, 0xff,
    0xcb, 0xff, 0xb4, 0x0e, 0xd0, 0x00, 0xcf, 0x00,
    0x2f, 0xa0, 0x00, 0xee, 0x00, 0x0f, 0xe1, 0x04,
    0xfb, 0x00, 0x08, 0xff, 0xef, 0xf4, 0x00, 0x00,
    0x7e, 0xfd, 0x50, 0x00,

    /* U+0027 "'" */
    0x9f, 0x19, 0xf1, 0x8f, 0x15, 0xf1, 0x2b, 0x10,

    /* U+0028 "(" */
    0x00, 0x05, 0x40, 0x00, 0x3f, 0xe0, 0x00, 0xcf,
    0x30, 0x04, 0xfa, 0x00, 0x0a, 0xf2, 0x00, 0x0e,
    0xe0, 0x00, 0x0f, 0xb0, 0x00, 0x1f, 0xa0, 0x00,
    0x1f, 0xa0, 0x00, 0x0f, 0xc0, 0x00, 0x0c, 0xf0,
    0x00, 0x08, 0xf5, 0x00, 0x02, 0xfd, 0x00, 0x00,
    0x8f, 0x80, 0x00, 0x0c, 0xc0, 0x00, 0x01, 0x00,

    /* U+0029 ")" */
    0x28, 0x00, 0x0a, 0xf6, 0x00, 0x1e, 0xf1, 0x00,
    0x6f, 0x80, 0x00, 0xee, 0x00, 0x0a, 0xf1, 0x00,
    0x7f, 0x40, 0x05, 0xf5, 0x00, 0x6f, 0x50, 0x08,
    0xf3, 0x00, 0xcf, 0x00, 0x1f, 0xb0, 0x09, 0xf5,
    0x04, 0xfc, 0x00, 0x9e, 0x10, 0x00, 0x20, 0x00,

    /* U+002A "*" */
    0x02, 0x60, 0x70, 0x00, 0x5f, 0x6f, 0x20, 0x36,
    0xdf, 0xa6, 0x16, 0xde, 0xfd, 0xe2, 0x01, 0xec,
    0xc0, 0x00, 0x5d, 0x1e, 0x20, 0x00, 0x00, 0x00,
    0x00,

    /* U+002B "+" */
    0x00, 0x0d, 0xc0, 0x00, 0x00, 0x0d, 0xc0, 0x00,
    0x00, 0x0d, 0xc0, 0x00, 0x6b, 0xbf, 0xfb, 0xb7,
    0x8f, 0xff, 0xff, 0xf9, 0x00, 0x0d, 0xc0, 0x00,
    0x00, 0x0d, 0xc0, 0x00, 0x00, 0x0d, 0xc0, 0x00,

    /* U+002C "," */
    0x1d, 0xd1, 0x0b, 0xf5, 0x06, 0xf4, 0x09, 0xe0,
    0x2e, 0x30, 0x01, 0x00,

    /* U+002D "-" */
    0x5b, 0xbb, 0xb0, 0x8f, 0xff, 0xf1,

    /* U+002E "." */
    0x09, 0x90, 0x3f, 0xf4, 0x0c, 0xd1,

    /* U+002F "/" */
    0x00, 0x00, 0x05, 0x40, 0x00, 0x00, 0x0e, 0xc0,
    0x00, 0x00, 0x6f, 0x50, 0x00, 0x00, 0xdd, 0x00,
    0x00, 0x04, 0xf6, 0x00, 0x00, 0x0c, 0xe0, 0x00,
    0x00, 0x3f, 0x80, 0x00, 0x00, 0xaf, 0x10, 0x00,
    0x02, 0xf9, 0x00, 0x00, 0x09, 0xf2, 0x00, 0x00,
    0x1f, 0xa0, 0x00, 0x00, 0x7f, 0x30, 0x00, 0x00,
    0xcc, 0x00, 0x00, 0x00, 0x01, 0x00, 0x00, 0x00,

    /* U+0030 "0" */
    0x00, 0x7e, 0xe9, 0x00, 0x07, 0xff, 0xef, 0xa0,
    0x0f, 0xe1, 0x0c, 0xf3, 0x4f, 0x80, 0x05, 0xf7,
    0x6f, 0x60, 0x03, 0xf9, 0x7f, 0x50, 0x01, 0xfa,
    0x6f, 0x60, 0x03, 0xf9, 0x4f, 0x80, 0x05, 0xf7,
    0x0f, 0xe1, 0x0b, 0xf3, 0x07, 0xfe, 0xef, 0xb0,
    0x00, 0x7e, 0xe9, 0x00,

    /* U+0031 "1" */
    0x00, 0x6f, 0x10, 0x4e, 0xf1, 0x8f, 0xff, 0x15,
    0x9c, 0xf1, 0x00, 0xaf, 0x10, 0x0a, 0xf1, 0x00,
    0xaf, 0x10, 0x0a, 0xf1, 0x00, 0xaf, 0x10, 0x0a,
    0xf1, 0x00, 0xaf, 0x10,

    /* U+0032 "2" */
    0x01, 0xbf, 0xe8, 0x00, 0xdf, 0xdf, 0xf6, 0x3f,
    0x60, 0x2f, 0xc0, 0x10, 0x00, 0xfb, 0x00, 0x00,
    0x5f, 0x80, 0x00, 0x1e, 0xf1, 0x00, 0x0c, 0xf5,
    0x00, 0x0a, 0xf9, 0x00, 0x07, 0xfb, 0x00, 0x03,
    0xff, 0xdc, 0xcb, 0x4f, 0xff, 0xff, 0xf0,

    /* U+0033 "3" */
    0x03, 0xbf, 0xe8, 0x00, 0x2f, 0xfd, 0xff, 0x60,
    0x09, 0x20, 0x2f, 0xb0, 0x00, 0x00, 0x2f, 0xa0,
    0x00, 0x5a, 0xef, 0x40, 0x00, 0x9f, 0xfe, 0x00,
    0x00, 0x00, 0x4e, 0xb0, 0x00, 0x00, 0x09, 0xf1,
    0x1a, 0x20, 0x0d, 0xf1, 0x5f, 0xfd, 0xff, 0xb0,
    0x04, 0xcf, 0xea, 0x10,

    /* U+0034 "4" */
    0x00, 0x1f, 0xb0, 0x00, 0x00, 0x06, 0xf5, 0x00,
    0x00, 0x00, 0xce, 0x00, 0x00, 0x00, 0x2f, 0x90,
    0x23, 0x00, 0x08, 0xf3, 0x0b, 0xa0, 0x00, 0xed,
    0x01, 0xfa, 0x00, 0x4f, 0xfc, 0xff, 0xfc, 0x07,
    0xff, 0xff, 0xff, 0xf1, 0x00, 0x00, 0x1f, 0xa0,
    0x00, 0x00, 0x01, 0xfa, 0x00, 0x00, 0x00, 0x1f,
    0xa0, 0x00,

    /* U+0035 "5" */
    0x1f, 0xff, 0xff, 0xc0, 0x1f, 0xfc, 0xcc, 0xa0,
    0x1f, 0x90, 0x00, 0x00, 0x1f, 0x90, 0x00, 0x00,
    0x1f, 0xfd, 0xfb, 0x20, 0x1f, 0xfe, 0xff, 0xd0,
    0x08, 0x60, 0x0b, 0xf5, 0x00, 0x00, 0x05, 0xf6,
    0x06, 0x40, 0x0a, 0xf4, 0x2f, 0xfd, 0xef, 0xd0,
    0x03, 0xbf, 0xfa, 0x10,

    /* U+0036 "6" */
    0x00, 0x4c, 0xfe, 0x80, 0x05, 0xff, 0xce, 0xf3,
    0x0e, 0xf3, 0x00, 0x30, 0x4f, 0x90, 0x00, 0x00,
    0x7f, 0x7b, 0xfe, 0x70, 0x8f, 0xff, 0xff, 0xf5,
    0x8f, 0xd1, 0x07, 0xfb, 0x6f, 0x70, 0x00, 0xfc,
    0x2f, 0xb0, 0x04, 0xfa, 0x0a, 0xfe, 0xcf, 0xf3,
    0x00, 0x8e, 0xfd, 0x50,

    /* U+0037 "7" */
    0x9f, 0xff, 0xff, 0xf0, 0x7c, 0xcc, 0xcf, 0xf0,
    0x00, 0x00, 0x3f, 0x90, 0x00, 0x00, 0xbf, 0x20,
    0x00, 0x02, 0xfb, 0x00, 0x00, 0x09, 0xf4, 0x00,
    0x00, 0x1f, 0xd0, 0x00, 0x00, 0x7f, 0x60, 0x00,
    0x00, 0xef, 0x00, 0x00, 0x06, 0xf8, 0x00, 0x00,
    0x0d, 0xf1, 0x00, 0x00,

    /* U+0038 "8" */
    0x01, 0xaf, 0xfa, 0x10, 0x0b, 0xfe, 0xef, 0xc0,
    0x0f, 0xc0, 0x0b, 0xf1, 0x0f, 0xc0, 0x0b, 0xf0,
    0x07, 0xfe, 0xdf, 0x80, 0x03, 0xff, 0xff, 0x40,
    0x1e, 0xc1, 0x1c, 0xe1, 0x5f, 0x70, 0x06, 0xf5,
    0x4f, 0xb0, 0x0a, 0xf5, 0x0e, 0xfe, 0xef, 0xe0,
    0x02, 0xbf, 0xfb, 0x20,

    /* U+0039 "9" */
    0x02, 0xbf, 0xea, 0x20, 0x1e, 0xfd, 0xdf, 0xe0,
    0x6f, 0x80, 0x07, 0xf6, 0x8f, 0x40, 0x03, 0xfa,
    0x6f, 0xb1, 0x1a, 0xfc, 0x0d, 0xff, 0xfe, 0xfc,
    0x01, 0x8a, 0x83, 0xfb, 0x00, 0x00, 0x05, 0xf8,
    0x03, 0x10, 0x1d, 0xf3, 0x1e, 0xfc, 0xff, 0x90,
    0x05, 0xdf, 0xd7, 0x00,

    /* U+003A ":" */
    0x0c, 0xd1, 0x3f, 0xf4, 0x09, 0xa0, 0x00, 0x00,
    0x00, 0x00, 0x09, 0x90, 0x3f, 0xf4, 0x0c, 0xd1,

    /* U+003B ";" */
    0x0c, 0xd1, 0x3f, 0xf4, 0x09, 0x90, 0x00, 0x00,
    0x00, 0x00, 0x08, 0x80, 0x1e, 0xf4, 0x06, 0xf5,
    0x07, 0xf1, 0x1e, 0x60, 0x05, 0x00,

    /* U+003C "<" */
    0x00, 0x00, 0x05, 0x90, 0x00, 0x01, 0xbf, 0xd0,
    0x00, 0x6e, 0xf8, 0x00, 0x0b, 0xfd, 0x30, 0x00,
    0x1f, 0xf6, 0x00, 0x00, 0x03, 0xdf, 0xb2, 0x00,
    0x00, 0x08, 0xff, 0x60, 0x00, 0x00, 0x3d, 0xe0,
    0x00, 0x00, 0x00, 0x20,

    /* U+003D "=" */
    0x29, 0x99, 0x99, 0x93, 0x4f, 0xff, 0xff, 0xf5,
    0x00, 0x00, 0x00, 0x00, 0x29, 0x99, 0x99, 0x93,
    0x4f, 0xff, 0xff, 0xf5,

    /* U+003E ">" */
    0x07, 0x30, 0x00, 0x00, 0x0d, 0xf9, 0x00, 0x00,
    0x00, 0x8f, 0xe4, 0x00, 0x00, 0x02, 0xcf, 0xa0,
    0x00, 0x00, 0x4f, 0xf2, 0x00, 0x09, 0xfd, 0x30,
    0x04, 0xef, 0x80, 0x00, 0x0e, 0xc3, 0x00, 0x00,
    0x02, 0x00, 0x00, 0x00,

    /* U+003F "?" */
    0x00, 0x26, 0x72, 0x00, 0x07, 0xff, 0xff, 0x70,
    0x4f, 0xd6, 0x6e, 0xf2, 0x06, 0x00, 0x07, 0xf5,
    0x00, 0x00, 0x07, 0xf5, 0x00, 0x00, 0x2f, 0xf1,
    0x00, 0x06, 0xff, 0x60, 0x00, 0x2f, 0xe5, 0x00,
    0x00, 0x05, 0x10, 0x00, 0x00, 0x08, 0x60, 0x00,
    0x00, 0x3f, 0xf2, 0x00, 0x00, 0x1d, 0xc0, 0x00,

    /* U+0040 "@" */
    0x00, 0x00, 0x15, 0x76, 0x20, 0x00, 0x00, 0x00,
    0x9f, 0xff, 0xff, 0x90, 0x00, 0x00, 0xbf, 0xb4,
    0x24, 0xaf, 0xb0, 0x00, 0x7f, 0x80, 0x00, 0x01,
    0x8f, 0x60, 0x0e, 0xc0, 0x5e, 0xf9, 0xf1, 0xec,
    0x03, 0xf6, 0x2f, 0xc5, 0xfe, 0x09, 0xf0, 0x5f,
    0x48, 0xf2, 0x0f, 0xc0, 0x8f, 0x04, 0xf5, 0xbf,
    0x00, 0xf8, 0x0a, 0xe0, 0x2f, 0x89, 0xf3, 0x9f,
    0xa4, 0xf8, 0x00, 0xdf, 0x4f, 0xfd, 0xaf, 0xfb,
    0x00, 0x04, 0xfd, 0x43, 0x00, 0x36, 0x00, 0x00,
    0x06, 0xff, 0xda, 0xbe, 0xf6, 0x00, 0x00, 0x02,
    0x9e, 0xfe, 0xb4, 0x00, 0x00,

    /* U+0041 "A" */
    0x00, 0x04, 0xff, 0x30, 0x00, 0x00, 0x09, 0xff,
    0x80, 0x00, 0x00, 0x0e, 0xcd, 0xd0, 0x00, 0x00,
    0x4f, 0x78, 0xf3, 0x00, 0x00, 0x9f, 0x23, 0xf8,
    0x00, 0x00, 0xed, 0x00, 0xed, 0x00, 0x04, 0xf7,
    0x00, 0x9f, 0x20, 0x09, 0xff, 0xff, 0xff, 0x80,
    0x0e, 0xfb, 0xbb, 0xbf, 0xd0, 0x4f, 0x80, 0x00,
    0x09, 0xf2, 0x9f, 0x20, 0x00, 0x04, 0xf7,

    /* U+0042 "B" */
    0xdf, 0xff, 0xe9, 0x00, 0xdf, 0xcc, 0xff, 0x90,
    0xde, 0x00, 0x1f, 0xe0, 0xde, 0x00, 0x0e, 0xe0,
    0xdf, 0xaa, 0xdf, 0x80, 0xdf, 0xff, 0xff, 0x20,
    0xde, 0x00, 0x1d, 0xd0, 0xde, 0x00, 0x08, 0xf3,
    0xde, 0x00, 0x0c, 0xf2, 0xdf, 0xcc, 0xef, 0xd0,
    0xdf, 0xff, 0xeb, 0x20,

    /* U+0043 "C" */
    0x00, 0x18, 0xdf, 0xea, 0x20, 0x00, 0x2e, 0xff,
    0xde, 0xff, 0x40, 0x0c, 0xf8, 0x00, 0x05, 0xfe,
    0x14, 0xfb, 0x00, 0x00, 0x04, 0x20, 0x8f, 0x40,
    0x00, 0x00, 0x00, 0x09, 0xf3, 0x00, 0x00, 0x00,
    0x00, 0x7f, 0x40, 0x00, 0x00, 0x00, 0x04, 0xfb,
    0x00, 0x00, 0x04, 0x20, 0x0d, 0xf8, 0x00, 0x05,
    0xfe, 0x10, 0x2e, 0xff, 0xde, 0xff, 0x40, 0x00,
    0x19, 0xdf, 0xea, 0x20, 0x00,

    /* U+0044 "D" */
    0xdf, 0xff, 0xea, 0x20, 0x0d, 0xfc, 0xce, 0xff,
    0x40, 0xde, 0x00, 0x06, 0xfe, 0x0d, 0xe0, 0x00,
    0x09, 0xf6, 0xde, 0x00, 0x00, 0x3f, 0x9d, 0xe0,
    0x00, 0x02, 0xfa, 0xde, 0x00, 0x00, 0x3f, 0x9d,
    0xe0, 0x00, 0x08, 0xf6, 0xde, 0x00, 0x06, 0xfe,
    0x0d, 0xfc, 0xce, 0xff, 0x40, 0xdf, 0xff, 0xea,
    0x20, 0x00,

    /* U+0045 "E" */
    0xdf, 0xff, 0xff, 0x7d, 0xfc, 0xcc, 0xc5, 0xde,
    0x00, 0x00, 0x0d, 0xe0, 0x00, 0x00, 0xde, 0x00,
    0x00, 0x0d, 0xff, 0xff, 0x90, 0xdf, 0xcc, 0xc6,
    0x0d, 0xe0, 0x00, 0x00, 0xde, 0x00, 0x00, 0x0d,
    0xfc, 0xcc, 0xc5, 0xdf, 0xff, 0xff, 0x70,

    /* U+0046 "F" */
    0xdf, 0xff, 0xff, 0x5d, 0xfc, 0xcc, 0xc4, 0xde,
    0x00, 0x00, 0x0d, 0xe0, 0x00, 0x00, 0xde, 0x00,
    0x00, 0x0d, 0xff, 0xff, 0x80, 0xdf, 0xcc, 0xc6,
    0x0d, 0xe0, 0x00, 0x00, 0xde, 0x00, 0x00, 0x0d,
    0xe0, 0x00, 0x00, 0xde, 0x00, 0x00, 0x00,

    /* U+0047 "G" */
    0x00, 0x18, 0xdf, 0xea, 0x20, 0x00, 0x2e, 0xff,
    0xde, 0xff, 0x40, 0x0c, 0xf8, 0x00, 0x05, 0xfe,
    0x04, 0xfb, 0x00, 0x00, 0x02, 0x00, 0x7f, 0x50,
    0x00, 0x00, 0x00, 0x09, 0xf3, 0x00, 0x8f, 0xff,
    0xf8, 0x7f, 0x40, 0x06, 0xbb, 0xef, 0x84, 0xfb,
    0x00, 0x00, 0x08, 0xf4, 0x0d, 0xf8, 0x00, 0x06,
    0xfd, 0x00, 0x2e, 0xfe, 0xce, 0xfe, 0x20, 0x00,
    0x19, 0xdf, 0xe9, 0x10, 0x00,

    /* U+0048 "H" */
    0xde, 0x00, 0x00, 0x8f, 0x3d, 0xe0, 0x00, 0x08,
    0xf3, 0xde, 0x00, 0x00, 0x8f, 0x3d, 0xe0, 0x00,
    0x08, 0xf3, 0xde, 0x00, 0x00, 0x8f, 0x3d, 0xff,
    0xff, 0xff, 0xf3, 0xdf, 0xcc, 0xcc, 0xff, 0x3d,
    0xe0, 0x00, 0x08, 0xf3, 0xde, 0x00, 0x00, 0x8f,
    0x3d, 0xe0, 0x00, 0x08, 0xf3, 0xde, 0x00, 0x00,
    0x8f, 0x30,

    /* U+0049 "I" */
    0xde, 0xde, 0xde, 0xde, 0xde, 0xde, 0xde, 0xde,
    0xde, 0xde, 0xde,

    /* U+004A "J" */
    0x00, 0x00, 0x0c, 0xf0, 0x00, 0x00, 0xcf, 0x00,
    0x00, 0x0c, 0xf0, 0x00, 0x00, 0xcf, 0x00, 0x00,
    0x0c, 0xf0, 0x00, 0x00, 0xcf, 0x00, 0x00, 0x0c,
    0xf6, 0xf6, 0x00, 0xcf, 0x4f, 0x90, 0x1f, 0xd0,
    0xef, 0xde, 0xf7, 0x03, 0xcf, 0xe8, 0x00,

    /* U+004B "K" */
    0xde, 0x00, 0x07, 0xfb, 0x0d, 0xe0, 0x05, 0xfc,
    0x00, 0xde, 0x04, 0xfd, 0x10, 0x0d, 0xe2, 0xee,
    0x20, 0x00, 0xdf, 0xef, 0x30, 0x00, 0x0d, 0xff,
    0xb0, 0x00, 0x00, 0xdf, 0xef, 0x40, 0x00, 0x0d,
    0xe3, 0xff, 0x30, 0x00, 0xde, 0x04, 0xfe, 0x10,
    0x0d, 0xe0, 0x06, 0xfd, 0x00, 0xde, 0x00, 0x08,
    0xfb, 0x00,

    /* U+004C "L" */
    0xde, 0x00, 0x00, 0x0d, 0xe0, 0x00, 0x00, 0xde,
    0x00, 0x00, 0x0d, 0xe0, 0x00, 0x00, 0xde, 0x00,
    0x00, 0x0d, 0xe0, 0x00, 0x00, 0xde, 0x00, 0x00,
    0x0d, 0xe0, 0x00, 0x00, 0xde, 0x00, 0x00, 0x0d,
    0xfc, 0xcc, 0xc1, 0xdf, 0xff, 0xff, 0x20,

    /* U+004D "M" */
    0x00, 0xcf, 0x10, 0x00, 0x0e, 0xd0, 0x00, 0x0e,
    0xf6, 0x00, 0x04, 0xff, 0x00, 0x01, 0xff, 0xb0,
    0x00, 0xaf, 0xf2, 0x00, 0x4f, 0xef, 0x10, 0x0f,
    0xdf, 0x50, 0x07, 0xf7, 0xf6, 0x05, 0xf7, 0xf8,
    0x00, 0x9f, 0x1f, 0xb0, 0xaf, 0x1f, 0xb0, 0x0c,
    0xe0, 0xaf, 0x2f, 0xb0, 0xdd, 0x00, 0xfc, 0x04,
    0xfb, 0xf6, 0x0b, 0xf0, 0x1f, 0xa0, 0x0f, 0xff,
    0x10, 0x8f, 0x34, 0xf7, 0x00, 0xaf, 0xb0, 0x06,
    0xf5, 0x7f, 0x50, 0x04, 0xf6, 0x00, 0x4f, 0x80,

    /* U+004E "N" */
    0xde, 0x10, 0x00, 0x0f, 0xcd, 0xfb, 0x00, 0x00,
    0xfc, 0xdf, 0xf7, 0x00, 0x0f, 0xcd, 0xfe, 0xf2,
    0x00, 0xfc, 0xde, 0x5f, 0xd0, 0x0f, 0xcd, 0xe0,
    0x9f, 0x90, 0xfc, 0xde, 0x00, 0xdf, 0x4f, 0xcd,
    0xe0, 0x03, 0xfe, 0xfc, 0xde, 0x00, 0x08, 0xff,
    0xcd, 0xe0, 0x00, 0x0c, 0xfc, 0xde, 0x00, 0x00,
    0x2f, 0xc0,

    /* U+004F "O" */
    0x00, 0x18, 0xdf, 0xea, 0x30, 0x00, 0x2d, 0xff,
    0xde, 0xff, 0x50, 0x0c, 0xf9, 0x10, 0x05, 0xff,
    0x23, 0xfb, 0x00, 0x00, 0x05, 0xf9, 0x7f, 0x40,
    0x00, 0x00, 0x0e, 0xd9, 0xf3, 0x00, 0x00, 0x00,
    0xde, 0x7f, 0x40, 0x00, 0x00, 0x0f, 0xd3, 0xfb,
    0x00, 0x00, 0x05, 0xf9, 0x0c, 0xf9, 0x10, 0x05,
    0xff, 0x20, 0x2d, 0xff, 0xde, 0xff, 0x50, 0x00,
    0x18, 0xdf, 0xea, 0x30, 0x00,

    /* U+0050 "P" */
    0xdf, 0xff, 0xe8, 0x00, 0xdf, 0xcc, 0xff, 0xa0,
    0xde, 0x00, 0x1d, 0xf2, 0xde, 0x00, 0x07, 0xf5,
    0xde, 0x00, 0x08, 0xf5, 0xde, 0x00, 0x3e, 0xf1,
    0xdf, 0xff, 0xff, 0x70, 0xdf, 0xcc, 0xa5, 0x00,
    0xde, 0x00, 0x00, 0x00, 0xde, 0x00, 0x00, 0x00,
    0xde, 0x00, 0x00, 0x00,

    /* U+0051 "Q" */
    0x00, 0x18, 0xdf, 0xea, 0x30, 0x00, 0x2d, 0xff,
    0xde, 0xff, 0x50, 0x0c, 0xf9, 0x10, 0x05, 0xff,
    0x23, 0xfb, 0x00, 0x00, 0x05, 0xf9, 0x7f, 0x40,
    0x00, 0x00, 0x0e, 0xd9, 0xf3, 0x00, 0x00, 0x00,
    0xde, 0x7f, 0x40, 0x00, 0xb8, 0x0f, 0xd3, 0xfb,
    0x00, 0x09, 0xf9, 0xf9, 0x0c, 0xf9, 0x10, 0x1f,
    0xff, 0x20, 0x2d, 0xff, 0xde, 0xff, 0xb0, 0x00,
    0x18, 0xdf, 0xeb, 0xfe, 0x00, 0x00, 0x00, 0x00,
    0x03, 0x82,

    /* U+0052 "R" */
    0xdf, 0xff, 0xea, 0x10, 0xdf, 0xcc, 0xef, 0xd0,
    0xde, 0x00, 0x0a, 0xf5, 0xde, 0x00, 0x05, 0xf7,
    0xde, 0x00, 0x0a, 0xf5, 0xdf, 0xcc, 0xef, 0xd0,
    0xdf, 0xff, 0xff, 0x10, 0xde, 0x00, 0xee, 0x00,
    0xde, 0x00, 0x7f, 0x60, 0xde, 0x00, 0x1f, 0xd0,
    0xde, 0x00, 0x08, 0xf5,

    /* U+0053 "S" */
    0x00, 0x9e, 0xfc, 0x50, 0x0b, 0xfe, 0xdf, 0xf6,
    0x0f, 0xc0, 0x02, 0xa1, 0x0f, 0xc0, 0x00, 0x00,
    0x0b, 0xfd, 0x72, 0x00, 0x00, 0x9f, 0xff, 0xa1,
    0x00, 0x00, 0x5c, 0xfa, 0x03, 0x00, 0x00, 0xee,
    0x5f, 0x90, 0x01, 0xfd, 0x0d, 0xfe, 0xcf, 0xf7,
    0x01, 0x9d, 0xfd, 0x60,

    /* U+0054 "T" */
    0xdf, 0xff, 0xff, 0xff, 0x4a, 0xcc, 0xff, 0xcc,
    0xc3, 0x00, 0x0b, 0xf0, 0x00, 0x00, 0x00, 0xbf,
    0x00, 0x00, 0x00, 0x0b, 0xf0, 0x00, 0x00, 0x00,
    0xbf, 0x00, 0x00, 0x00, 0x0b, 0xf0, 0x00, 0x00,
    0x00, 0xbf, 0x00, 0x00, 0x00, 0x0b, 0xf0, 0x00,
    0x00, 0x00, 0xbf, 0x00, 0x00, 0x00, 0x0b, 0xf0,
    0x00, 0x00,

    /* U+0055 "U" */
    0xed, 0x00, 0x00, 0x9f, 0x2e, 0xd0, 0x00, 0x09,
    0xf2, 0xed, 0x00, 0x00, 0x9f, 0x2e, 0xd0, 0x00,
    0x09, 0xf2, 0xed, 0x00, 0x00, 0x9f, 0x2e, 0xd0,
    0x00, 0x09, 0xf2, 0xed, 0x00, 0x00, 0xaf, 0x2d,
    0xf0, 0x00, 0x0c, 0xf0, 0x9f, 0x80, 0x05, 0xfd,
    0x02, 0xff, 0xed, 0xff, 0x40, 0x02, 0xbf, 0xfc,
    0x40, 0x00,

    /* U+0056 "V" */
    0xbf, 0x10, 0x00, 0x06, 0xf5, 0x5f, 0x60, 0x00,
    0x0c, 0xf0, 0x1f, 0xb0, 0x00, 0x1f, 0xb0, 0x0b,
    0xf1, 0x00, 0x6f, 0x50, 0x06, 0xf5, 0x00, 0xbf,
    0x10, 0x01, 0xfb, 0x01, 0xfb, 0x00, 0x00, 0xbf,
    0x05, 0xf6, 0x00, 0x00, 0x6f, 0x5b, 0xf1, 0x00,
    0x00, 0x1f, 0xbf, 0xb0, 0x00, 0x00, 0x0c, 0xff,
    0x60, 0x00, 0x00, 0x07, 0xff, 0x10, 0x00,

    /* U+0057 "W" */
    0xaf, 0x20, 0x00, 0xff, 0x50, 0x00, 0x8f, 0x35,
    0xf6, 0x00, 0x0f, 0xf9, 0x00, 0x0c, 0xf0, 0x1f,
    0xa0, 0x03, 0xff, 0xd0, 0x00, 0xfb, 0x00, 0xdd,
    0x00, 0x8f, 0xbf, 0x20, 0x4f, 0x70, 0x09, 0xf1,
    0x0c, 0xe4, 0xf6, 0x08, 0xf3, 0x00, 0x5f, 0x51,
    0xf9, 0x0f, 0xb0, 0xcf, 0x00, 0x01, 0xf9, 0x5f,
    0x40, 0xbf, 0x0f, 0xb0, 0x00, 0x0d, 0xda, 0xf0,
    0x06, 0xf8, 0xf7, 0x00, 0x00, 0x9f, 0xfb, 0x00,
    0x2f, 0xff, 0x30, 0x00, 0x05, 0xff, 0x70, 0x00,
    0xdf, 0xe0, 0x00, 0x00, 0x1f, 0xf2, 0x00, 0x09,
    0xfb, 0x00, 0x00,

    /* U+0058 "X" */
    0x6f, 0xa0, 0x00, 0x0c, 0xf4, 0x0c, 0xf4, 0x00,
    0x6f, 0xa0, 0x02, 0xfe, 0x01, 0xfe, 0x10, 0x00,
    0x7f, 0x8a, 0xf5, 0x00, 0x00, 0x0c, 0xff, 0xa0,
    0x00, 0x00, 0x06, 0xff, 0x20, 0x00, 0x00, 0x0d,
    0xff, 0xa0, 0x00, 0x00, 0x9f, 0x7b, 0xf4, 0x00,
    0x03, 0xfc, 0x02, 0xfe, 0x10, 0x0d, 0xf3, 0x00,
    0x7f, 0xa0, 0x8f, 0x80, 0x00, 0x0c, 0xf4,

    /* U+0059 "Y" */
    0x0c, 0xf2, 0x00, 0x09, 0xf5, 0x04, 0xf9, 0x00,
    0x1f, 0xd0, 0x00, 0xcf, 0x10, 0x8f, 0x50, 0x00,
    0x5f, 0x80, 0xed, 0x00, 0x00, 0x0d, 0xf8, 0xf6,
    0x00, 0x00, 0x05, 0xff, 0xe0, 0x00, 0x00, 0x00,
    0xff, 0x70, 0x00, 0x00, 0x00, 0xaf, 0x20, 0x00,
    0x00, 0x00, 0x9f, 0x20, 0x00, 0x00, 0x00, 0x9f,
    0x20, 0x00, 0x00, 0x00, 0x9f, 0x20, 0x00,

    /* U+005A "Z" */
    0x3f, 0xff, 0xff, 0xfd, 0x2c, 0xcc, 0xce, 0xfc,
    0x00, 0x00, 0x0b, 0xf3, 0x00, 0x00, 0x6f, 0x80,
    0x00, 0x01, 0xfd, 0x00, 0x00, 0x0b, 0xf4, 0x00,
    0x00, 0x5f, 0x90, 0x00, 0x01, 0xee, 0x10, 0x00,
    0x0a, 0xf5, 0x00, 0x00, 0x3f, 0xfc, 0xcc, 0xcb,
    0x5f, 0xff, 0xff, 0xfe,

    /* U+005B "[" */
    0xef, 0xf7, 0xef, 0xb5, 0xed, 0x00, 0xed, 0x00,
    0xed, 0x00, 0xed, 0x00, 0xed, 0x00, 0xed, 0x00,
    0xed, 0x00, 0xed, 0x00, 0xed, 0x00, 0xed, 0x00,
    0xed, 0x00, 0xef, 0xb5, 0xef, 0xf7,

    /* U+005C "\\" */
    0x35, 0x00, 0x00, 0x00, 0xce, 0x00, 0x00, 0x00,
    0x5f, 0x60, 0x00, 0x00, 0x0d, 0xd0, 0x00, 0x00,
    0x06, 0xf5, 0x00, 0x00, 0x00, 0xec, 0x00, 0x00,
    0x00, 0x7f, 0x30, 0x00, 0x00, 0x1f, 0xa0, 0x00,
    0x00, 0x09, 0xf2, 0x00, 0x00, 0x02, 0xf9, 0x00,
    0x00, 0x00, 0xaf, 0x10, 0x00, 0x00, 0x3f, 0x80,
    0x00, 0x00, 0x0c, 0xc0, 0x00, 0x00, 0x01, 0x00,

    /* U+005D "]" */
    0xdf, 0xf9, 0x9d, 0xf9, 0x02, 0xf9, 0x02, 0xf9,
    0x02, 0xf9, 0x02, 0xf9, 0x02, 0xf9, 0x02, 0xf9,
    0x02, 0xf9, 0x02, 0xf9, 0x02, 0xf9, 0x02, 0xf9,
    0x02, 0xf9, 0x8d, 0xf9, 0xdf, 0xf9,

    /* U+005E "^" */
    0x00, 0x06, 0x60, 0x00, 0x00, 0x7f, 0xf7, 0x00,
    0x08, 0xf9, 0x8f, 0x80, 0x0c, 0x70, 0x06, 0xd0,
    0x00, 0x00, 0x00, 0x00,

    /* U+005F "_" */
    0x58, 0x88, 0x88, 0x87, 0xbf, 0xff, 0xff, 0xff,

    /* U+0060 "`" */
    0x00, 0x00, 0x4c, 0x10, 0x1d, 0xd1, 0x01, 0xc4,
    0x00, 0x00,

    /* U+0061 "a" */
    0x07, 0xcf, 0xe7, 0x00, 0x8b, 0x9d, 0xf5, 0x01,
    0x67, 0x5f, 0x91, 0xef, 0xff, 0xfa, 0x7f, 0x80,
    0x7f, 0xa8, 0xf4, 0x02, 0xfa, 0x4f, 0xe8, 0xdf,
    0xa0, 0x7e, 0xfa, 0xda,

    /* U+0062 "b" */
    0x1f, 0xa0, 0x00, 0x00, 0x01, 0xfa, 0x00, 0x00,
    0x00, 0x1f, 0xa0, 0x00, 0x00, 0x01, 0xfc, 0xbf,
    0xe6, 0x00, 0x1f, 0xfe, 0xbf, 0xf6, 0x01, 0xff,
    0x10, 0x2f, 0xd0, 0x1f, 0xf0, 0x00, 0xbf, 0x01,
    0xff, 0x00, 0x0c, 0xf0, 0x1f, 0xf3, 0x05, 0xfd,
    0x01, 0xff, 0xff, 0xff, 0x60, 0x1f, 0x7b, 0xfe,
    0x70, 0x00,

    /* U+0063 "c" */
    0x01, 0x9e, 0xfb, 0x20, 0x0c, 0xfe, 0xdf, 0xe1,
    0x4f, 0xb0, 0x08, 0xb2, 0x7f, 0x40, 0x00, 0x00,
    0x7f, 0x40, 0x00, 0x00, 0x4f, 0xb0, 0x08, 0xb2,
    0x0c, 0xfe, 0xdf, 0xe0, 0x01, 0x9e, 0xfb, 0x20,

    /* U+0064 "d" */
    0x00, 0x00, 0x01, 0xfa, 0x00, 0x00, 0x01, 0xfa,
    0x00, 0x00, 0x01, 0xfa, 0x01, 0xaf, 0xe8, 0xfa,
    0x0d, 0xfd, 0xcf, 0xfa, 0x5f, 0xa0, 0x07, 0xfa,
    0x8f, 0x40, 0x01, 0xfb, 0x8f, 0x40, 0x01, 0xfb,
    0x5f, 0xa0, 0x07, 0xfa, 0x0d, 0xfd, 0xbf, 0xfa,
    0x01, 0xbf, 0xe7, 0xca,

    /* U+0065 "e" */
    0x01, 0x9e, 0xfb, 0x20, 0x0c, 0xf9, 0x8f, 0xe1,
    0x4f, 0x82, 0x26, 0xf7, 0x7f, 0xff, 0xff, 0xfa,
    0x7f, 0x75, 0x55, 0x53, 0x4f, 0x70, 0x02, 0xa1,
    0x0d, 0xfa, 0x9e, 0xf1, 0x01, 0xae, 0xfb, 0x30,

    /* U+0066 "f" */
    0x00, 0xaf, 0xa0, 0x6f, 0xf9, 0x08, 0xf3, 0x0a,
    0xff, 0xf8, 0x7f, 0xfe, 0x60, 0x9f, 0x30, 0x09,
    0xf3, 0x00, 0x9f, 0x30, 0x09, 0xf3, 0x00, 0x9f,
    0x30, 0x09, 0xf3, 0x00,

    /* U+0067 "g" */
    0x01, 0xaf, 0xe8, 0xbb, 0x0d, 0xfa, 0x8e, 0xfb,
    0x4f, 0x90, 0x03, 0xfb, 0x7f, 0x50, 0x00, 0xfc,
    0x6f, 0x60, 0x01, 0xfb, 0x2f, 0xe3, 0x1a, 0xfb,
    0x08, 0xff, 0xff, 0xfb, 0x00, 0x48, 0x83, 0xfa,
    0x05, 0x60, 0x05, 0xf7, 0x0a, 0xfb, 0xaf, 0xe1,
    0x00, 0x9e, 0xfb, 0x20,

    /* U+0068 "h" */
    0x1f, 0xa0, 0x00, 0x00, 0x1f, 0xa0, 0x00, 0x00,
    0x1f, 0xa0, 0x00, 0x00, 0x1f, 0xa8, 0xef, 0x90,
    0x1f, 0xff, 0xdf, 0xf3, 0x1f, 0xf3, 0x06, 0xf6,
    0x1f, 0xa0, 0x04, 0xf7, 0x1f, 0xa0, 0x04, 0xf7,
    0x1f, 0xa0, 0x04, 0xf7, 0x1f, 0xa0, 0x04, 0xf7,
    0x1f, 0xa0, 0x04, 0xf7,

    /* U+0069 "i" */
    0x06, 0x33, 0xfd, 0x1b, 0x70, 0x00, 0x1f, 0xa1,
    0xfa, 0x1f, 0xa1, 0xfa, 0x1f, 0xa1, 0xfa, 0x1f,
    0xa1, 0xfa,

    /* U+006A "j" */
    0x00, 0x64, 0x02, 0xfe, 0x00, 0xb8, 0x00, 0x00,
    0x00, 0xfc, 0x00, 0xfc, 0x00, 0xfc, 0x00, 0xfc,
    0x00, 0xfc, 0x00, 0xfc, 0x00, 0xfc, 0x00, 0xfc,
    0x00, 0xfb, 0x0c, 0xf9, 0x0f, 0xd2,

    /* U+006B "k" */
    0x1f, 0x90, 0x00, 0x00, 0x1f, 0x90, 0x00, 0x00,
    0x1f, 0x90, 0x00, 0x00, 0x1f, 0x90, 0x3f, 0xd0,
    0x1f, 0x91, 0xee, 0x20, 0x1f, 0xac, 0xf3, 0x00,
    0x1f, 0xff, 0x60, 0x00, 0x1f, 0xff, 0xa0, 0x00,
    0x1f, 0x9a, 0xf6, 0x00, 0x1f, 0x90, 0xdf, 0x30,
    0x1f, 0x90, 0x2f, 0xd1,

    /* U+006C "l" */
    0x1f, 0x90, 0x1f, 0x90, 0x1f, 0x90, 0x1f, 0x90,
    0x1f, 0x90, 0x1f, 0x90, 0x1f, 0x90, 0x1f, 0x90,
    0x1f, 0xa0, 0x0f, 0xf4, 0x08, 0xf5,

    /* U+006D "m" */
    0x1f, 0x69, 0xee, 0x64, 0xcf, 0xd2, 0x1f, 0xfc,
    0x8e, 0xff, 0x99, 0xfa, 0x1f, 0xf0, 0x08, 0xfb,
    0x00, 0xec, 0x1f, 0xa0, 0x08, 0xf4, 0x00, 0xed,
    0x1f, 0xa0, 0x08, 0xf4, 0x00, 0xed, 0x1f, 0xa0,
    0x08, 0xf4, 0x00, 0xed, 0x1f, 0xa0, 0x08, 0xf4,
    0x00, 0xed, 0x1f, 0xa0, 0x08, 0xf4, 0x00, 0xed,

    /* U+006E "n" */
    0x1f, 0x57, 0xdf, 0x90, 0x1f, 0xff, 0xdf, 0xf3,
    0x1f, 0xf3, 0x06, 0xf6, 0x1f, 0xa0, 0x04, 0xf7,
    0x1f, 0xa0, 0x04, 0xf7, 0x1f, 0xa0, 0x04, 0xf7,
    0x1f, 0xa0, 0x04, 0xf7, 0x1f, 0xa0, 0x04, 0xf7,

    /* U+006F "o" */
    0x00, 0x9e, 0xfc, 0x40, 0x00, 0xcf, 0xfd, 0xff,
    0x40, 0x4f, 0xb0, 0x05, 0xfc, 0x07, 0xf5, 0x00,
    0x0d, 0xf0, 0x7f, 0x40, 0x00, 0xdf, 0x04, 0xfb,
    0x00, 0x5f, 0xc0, 0x0c, 0xff, 0xdf, 0xf4, 0x00,
    0x09, 0xef, 0xc4, 0x00,

    /* U+0070 "p" */
    0x1f, 0x7b, 0xfe, 0x60, 0x01, 0xff, 0xff, 0xff,
    0x60, 0x1f, 0xf3, 0x05, 0xfd, 0x01, 0xff, 0x00,
    0x0c, 0xf0, 0x1f, 0xf0, 0x00, 0xbf, 0x01, 0xff,
    0x10, 0x2f, 0xd0, 0x1f, 0xfe, 0xbe, 0xf6, 0x01,
    0xfc, 0xbf, 0xe7, 0x00, 0x1f, 0xa0, 0x00, 0x00,
    0x01, 0xfa, 0x00, 0x00, 0x00, 0x1f, 0xa0, 0x00,
    0x00, 0x00,

    /* U+0071 "q" */
    0x01, 0xaf, 0xe7, 0xca, 0x0d, 0xfd, 0xcf, 0xfa,
    0x5f, 0xa0, 0x07, 0xfa, 0x8f, 0x40, 0x01, 0xfb,
    0x8f, 0x40, 0x01, 0xfb, 0x5f, 0xa0, 0x07, 0xfa,
    0x0d, 0xfd, 0xbf, 0xfa, 0x01, 0xbf, 0xe8, 0xfa,
    0x00, 0x00, 0x01, 0xfa, 0x00, 0x00, 0x01, 0xfa,
    0x00, 0x00, 0x01, 0xfa,

    /* U+0072 "r" */
    0x00, 0x00, 0x01, 0xf8, 0xcf, 0x1f, 0xfd, 0xa1,
    0xff, 0x00, 0x1f, 0xa0, 0x01, 0xfa, 0x00, 0x1f,
    0xa0, 0x01, 0xfa, 0x00, 0x1f, 0xa0, 0x00,

    /* U+0073 "s" */
    0x05, 0xdf, 0xc3, 0x02, 0xfd, 0xbf, 0xc0, 0x4f,
    0x50, 0x20, 0x01, 0xef, 0xc6, 0x00, 0x01, 0x8d,
    0xfb, 0x00, 0x50, 0x0b, 0xf0, 0x3f, 0xd9, 0xed,
    0x00, 0x6d, 0xfc, 0x10,

    /* U+0074 "t" */
    0x03, 0xf4, 0x00, 0x6f, 0x40, 0x9f, 0xff, 0xd6,
    0xff, 0xf9, 0x07, 0xf4, 0x00, 0x7f, 0x40, 0x07,
    0xf4, 0x00, 0x7f, 0x50, 0x04, 0xff, 0xb0, 0x09,
    0xfc,

    /* U+0075 "u" */
    0x2f, 0x90, 0x05, 0xf6, 0x2f, 0x90, 0x05, 0xf6,
    0x2f, 0x90, 0x05, 0xf6, 0x2f, 0x90, 0x05, 0xf6,
    0x2f, 0x90, 0x06, 0xf6, 0x1f, 0xb0, 0x1f, 0xf6,
    0x0e, 0xfe, 0xff, 0xf6, 0x04, 0xef, 0xa2, 0xf6,

    /* U+0076 "v" */
    0x9f, 0x30, 0x08, 0xf4, 0x4f, 0x80, 0x0d, 0xe0,
    0x0e, 0xe0, 0x2f, 0x90, 0x08, 0xf3, 0x7f, 0x40,
    0x02, 0xf8, 0xce, 0x00, 0x00, 0xde, 0xf9, 0x00,
    0x00, 0x7f, 0xf3, 0x00, 0x00, 0x1f, 0xe0, 0x00,

    /* U+0077 "w" */
    0xbf, 0x00, 0x5f, 0x70, 0x0e, 0xc6, 0xf4, 0x0a,
    0xfb, 0x02, 0xf8, 0x1f, 0x80, 0xef, 0xf0, 0x6f,
    0x30, 0xdc, 0x3f, 0x8f, 0x5a, 0xe0, 0x08, 0xf9,
    0xf0, 0xea, 0xea, 0x00, 0x4f, 0xfb, 0x09, 0xff,
    0x50, 0x00, 0xff, 0x60, 0x4f, 0xf1, 0x00, 0x0b,
    0xf2, 0x00, 0xfc, 0x00,

    /* U+0078 "x" */
    0x7f, 0x80, 0x1f, 0xe1, 0x0d, 0xf2, 0x9f, 0x50,
    0x03, 0xfe, 0xfb, 0x00, 0x00, 0x9f, 0xf2, 0x00,
    0x00, 0xaf, 0xf2, 0x00, 0x03, 0xfe, 0xfb, 0x00,
    0x0d, 0xf2, 0x9f, 0x50, 0x7f, 0x80, 0x1e, 0xe1,

    /* U+0079 "y" */
    0x9f, 0x30, 0x05, 0xf7, 0x3f, 0x90, 0x0c, 0xf1,
    0x0c, 0xf1, 0x2f, 0x90, 0x05, 0xf7, 0x9f, 0x30,
    0x00, 0xee, 0xfc, 0x00, 0x00, 0x8f, 0xf6, 0x00,
    0x00, 0x2f, 0xf0, 0x00, 0x00, 0x3f, 0x80, 0x00,
    0x00, 0xaf, 0x20, 0x00, 0x01, 0xfb, 0x00, 0x00,
    0x07, 0xf5, 0x00, 0x00,

    /* U+007A "z" */
    0x5f, 0xff, 0xff, 0x43, 0xbb, 0xbf, 0xf3, 0x00,
    0x06, 0xf8, 0x00, 0x03, 0xfc, 0x00, 0x00, 0xde,
    0x10, 0x00, 0xaf, 0x40, 0x00, 0x5f, 0xfb, 0xbb,
    0x37, 0xff, 0xff, 0xf5,

    /* U+007B "{" */
    0x06, 0xdf, 0x12, 0xff, 0xb1, 0x3f, 0x80, 0x00,
    0xdc, 0x00, 0x03, 0xf6, 0x00, 0x0d, 0xc0, 0x07,
    0xfa, 0x04, 0xff, 0x20, 0x07, 0xfa, 0x00, 0x0d,
    0xc0, 0x03, 0xf6, 0x00, 0xdc, 0x00, 0x3f, 0x80,
    0x02, 0xff, 0xb1, 0x06, 0xef, 0x10,

    /* U+007C "|" */
    0x11, 0xdc, 0xdc, 0xdc, 0xdc, 0xdc, 0xdc, 0xdc,
    0xdc, 0xdc, 0xdc, 0xdc, 0xdc, 0xdc, 0xdc, 0xdc,

    /* U+007D "}" */
    0x5f, 0xc3, 0x03, 0xbf, 0xe0, 0x00, 0xcf, 0x00,
    0x1f, 0x90, 0x0a, 0xe0, 0x00, 0xf9, 0x00, 0x0e,
    0xe5, 0x00, 0x5f, 0xf0, 0x0e, 0xe5, 0x00, 0xf9,
    0x00, 0x0a, 0xe0, 0x00, 0x1f, 0x90, 0x00, 0xcf,
    0x03, 0xcf, 0xe0, 0x5f, 0xc3, 0x00,

    /* U+007E "~" */
    0x00, 0x48, 0x50, 0x04, 0x50, 0x06, 0xff, 0xfd,
    0x9f, 0xd0, 0x0b, 0xb0, 0x4c, 0xfc, 0x20, 0x00,
    0x00, 0x00, 0x00, 0x00,

    /* U+00A0 " " */

    /* U+00A1 "¡" */
    0x05, 0x80, 0x0f, 0xf5, 0x0b, 0xe2, 0x00, 0x00,
    0x08, 0xd0, 0x0a, 0xf0, 0x0b, 0xf1, 0x0c, 0xf1,
    0x0c, 0xf2, 0x0c, 0xf2, 0x0d, 0xf3, 0x0d, 0xf3,

    /* U+00A2 "¢" */
    0x00, 0x0a, 0xf0, 0x00, 0x00, 0x5f, 0xfa, 0x20,
    0x06, 0xff, 0xdf, 0xf2, 0x0f, 0xe1, 0x05, 0xf7,
    0x4f, 0x70, 0x00, 0x20, 0x6f, 0x60, 0x00, 0x00,
    0x4f, 0x70, 0x00, 0x10, 0x1f, 0xd1, 0x04, 0xf6,
    0x08, 0xfe, 0xcf, 0xf3, 0x00, 0x7f, 0xfc, 0x30,
    0x00, 0x0a, 0xf0, 0x00,

    /* U+00A3 "£" */
    0x00, 0x8e, 0xfb, 0x20, 0x07, 0xff, 0xef, 0xe0,
    0x0c, 0xf1, 0x06, 0x60, 0x0c, 0xe0, 0x00, 0x00,
    0x09, 0xf2, 0x00, 0x00, 0x3d, 0xff, 0xa9, 0x00,
    0x5f, 0xff, 0xfe, 0x00, 0x00, 0xbe, 0x00, 0x00,
    0x00, 0xfb, 0x00, 0x00, 0x1c, 0xff, 0xcc, 0xc2,
    0x2f, 0xff, 0xff, 0xf3,

    /* U+00A4 "¤" */
    0x02, 0x00, 0x00, 0x02, 0x02, 0xfb, 0x8b, 0x8c,
    0xe1, 0x0c, 0xff, 0xff, 0xfa, 0x00, 0x8f, 0x70,
    0x8f, 0x50, 0x0a, 0xf0, 0x02, 0xf8, 0x00, 0x8f,
    0x30, 0x5f, 0x60, 0x0b, 0xff, 0xcf, 0xf8, 0x02,
    0xff, 0xdf, 0xef, 0xf1, 0x05, 0x10, 0x00, 0x24,
    0x00,

    /* U+00A5 "¥" */
    0x57, 0x00, 0x00, 0x76, 0x5f, 0x40, 0x04, 0xf6,
    0x0e, 0xb0, 0x0b, 0xe0, 0x07, 0xf2, 0x2f, 0x80,
    0x00, 0xf9, 0x9f, 0x10, 0x39, 0xef, 0xfe, 0x94,
    0x6f, 0xff, 0xff, 0xf6, 0x00, 0x0d, 0xe0, 0x00,
    0x6f, 0xff, 0xff, 0xf6, 0x39, 0x9e, 0xf9, 0x94,
    0x00, 0x0d, 0xe0, 0x00,

    /* U+00A6 "¦" */
    0xdc, 0xdc, 0xdc, 0xdc, 0xdc, 0xdc, 0x77, 0x00,
    0x87, 0xdc, 0xdc, 0xdc, 0xdc, 0xdc, 0xdc,

    /* U+00A7 "§" */
    0x01, 0xaf, 0xfb, 0x20, 0x0b, 0xfc, 0xcf, 0xe0,
    0x0f, 0xc0, 0x03, 0x20, 0x0e, 0xe3, 0x00, 0x00,
    0x06, 0xff, 0xd7, 0x00, 0x0c, 0xe8, 0xbf, 0xd0,
    0x1f, 0xa0, 0x09, 0xf3, 0x0f, 0xf7, 0x1a, 0xf2,
    0x06, 0xff, 0xff, 0x70, 0x00, 0x28, 0xff, 0xd0,
    0x03, 0x00, 0x0c, 0xf2, 0x3f, 0x80, 0x0a, 0xf2,
    0x0d, 0xfd, 0xcf, 0xb0, 0x01, 0xaf, 0xea, 0x10,

    /* U+00A8 "¨" */
    0x03, 0x00, 0x30, 0x4f, 0x96, 0xf7, 0x3f, 0x74,
    0xf5,

    /* U+00A9 "©" */
    0x00, 0x00, 0x00, 0x00, 0x00, 0x00, 0x2b, 0xff,
    0xb3, 0x00, 0x02, 0xfb, 0x44, 0xaf, 0x30, 0x0c,
    0x94, 0xef, 0x79, 0xc0, 0x2f, 0x1d, 0x96, 0x91,
    0xf3, 0x4f, 0x0f, 0x30, 0x00, 0xe5, 0x3f, 0x1e,
    0x73, 0x60, 0xf3, 0x0e, 0x75, 0xff, 0xa7, 0xe0,
    0x05, 0xf8, 0x34, 0x7f, 0x50, 0x00, 0x5e, 0xff,
    0xe5, 0x00, 0x00, 0x00, 0x22, 0x00, 0x00,

    /* U+00AA "ª" */
    0x0b, 0xee, 0x50, 0x05, 0x38, 0xf0, 0x09, 0xee,
    0xf2, 0x6f, 0x3a, 0xf2, 0x7e, 0x17, 0xf2, 0x1d,
    0xfd, 0xf2, 0x00, 0x10, 0x20,

    /* U+00AB "«" */
    0x00, 0x9f, 0x36, 0xf6, 0x04, 0xf9, 0x1e, 0xc0,
    0x0d, 0xd0, 0xbf, 0x20, 0x3f, 0x90, 0xec, 0x00,
    0x09, 0xf3, 0x6f, 0x60, 0x00, 0xdd, 0x0b, 0xf2,
    0x00, 0x37, 0x21, 0x74,

    /* U+00AC "¬" */
    0x5b, 0xbb, 0xbc, 0xfc, 0x7f, 0xff, 0xff, 0xff,
    0x00, 0x00, 0x01, 0xf8, 0x00, 0x00, 0x01, 0xf8,
    0x00, 0x00, 0x00, 0x84,

    /* U+00AE "®" */
    0x00, 0x00, 0x00, 0x00, 0x00, 0x00, 0x2b, 0xff,
    0xb3, 0x00, 0x02, 0xfb, 0x44, 0xaf, 0x30, 0x0c,
    0x96, 0xdb, 0x39, 0xc0, 0x2f, 0x18, 0x96, 0xc1,
    0xf3, 0x4f, 0x08, 0xff, 0xa0, 0xe5, 0x3f, 0x18,
    0xef, 0x40, 0xf3, 0x0e, 0x76, 0x77, 0x87, 0xe0,
    0x05, 0xf8, 0x11, 0x7f, 0x50, 0x00, 0x5e, 0xff,
    0xe5, 0x00, 0x00, 0x00, 0x22, 0x00, 0x00,

    /* U+00AF "¯" */
    0x11, 0x11, 0x0f, 0xff, 0xf3, 0x44, 0x44, 0x00,

    /* U+00B0 "°" */
    0x00, 0x00, 0x00, 0x08, 0xff, 0xa0, 0x5f, 0x87,
    0xf6, 0x9e, 0x00, 0xca, 0x6f, 0x54, 0xf8, 0x0b,
    0xff, 0xc0, 0x00, 0x33, 0x00,

    /* U+00B1 "±" */
    0x00, 0x0e, 0xc0, 0x00, 0x00, 0x0e, 0xc0, 0x00,
    0x8f, 0xff, 0xff, 0xf9, 0x6b, 0xbf, 0xfb, 0xb7,
    0x00, 0x0e, 0xc0, 0x00, 0x00, 0x0e, 0xc0, 0x00,
    0x00, 0x0a, 0x90, 0x00, 0x00, 0x00, 0x00, 0x00,
    0x6b, 0xbb, 0xbb, 0xb7, 0x8f, 0xff, 0xff, 0xf9,

    /* U+00B2 "²" */
    0x0b, 0xfc, 0x24, 0xd6, 0xe9, 0x00, 0x1e, 0x70,
    0x1d, 0xb0, 0x1d, 0xf6, 0x48, 0xff, 0xfc,

    /* U+00B3 "³" */
    0x3c, 0xfc, 0x14, 0x86, 0xf5, 0x07, 0xff, 0x20,
    0x13, 0xea, 0x5b, 0x6e, 0x93, 0xdf, 0xb1,

    /* U+00B4 "´" */
    0x00, 0x00, 0x00, 0xa7, 0x0a, 0xe3, 0x2d, 0x20,
    0x00, 0x00,

    /* U+00B5 "µ" */
    0x2f, 0x90, 0x05, 0xf6, 0x2f, 0x90, 0x05, 0xf6,
    0x2f, 0x90, 0x05, 0xf6, 0x2f, 0x90, 0x05, 0xf6,
    0x4f, 0xf0, 0x06, 0xf6, 0x4f, 0xf0, 0x0e, 0xf6,
    0x2f, 0xfb, 0xef, 0xf6, 0x2f, 0xff, 0xa2, 0xf6,
    0x2f, 0x90, 0x00, 0x00, 0x2f, 0x90, 0x00, 0x00,
    0x2f, 0x90, 0x00, 0x00,

    /* U+00B6 "¶" */
    0x00, 0x4b, 0xff, 0xff, 0xfe, 0x04, 0xff, 0xfd,
    0xcf, 0xf5, 0x0d, 0xff, 0xf2, 0x0f, 0xb0, 0x1f,
    0xff, 0xf2, 0x0f, 0xb0, 0x2f, 0xff, 0xf2, 0x0f,
    0xb0, 0x0f, 0xff, 0xf2, 0x0f, 0xb0, 0x09, 0xff,
    0xf2, 0x0f, 0xb0, 0x00, 0xbf, 0xf2, 0x0f, 0xb0,
    0x00, 0x04, 0x60, 0x0f, 0xb0, 0x00, 0x00, 0x00,
    0x0f, 0xb0, 0x00, 0x23, 0x00, 0x1f, 0xa0, 0x00,
    0xee, 0x30, 0x9f, 0x60, 0x00, 0x4f, 0xff, 0xfd,
    0x00, 0x00, 0x03, 0x8a, 0x71, 0x00,

    /* U+00B7 "·" */
    0x09, 0x90, 0x3f, 0xf4, 0x0c, 0xd1,

    /* U+00B8 "¸" */
    0x01, 0x00, 0x0c, 0xb1, 0x05, 0xb9, 0x4e, 0xe4,

    /* U+00B9 "¹" */
    0x17, 0xf0, 0xdf, 0xf0, 0x27, 0xf0, 0x07, 0xf0,
    0x07, 0xf0, 0x07, 0xf0,

    /* U+00BA "º" */
    0x00, 0x00, 0x00, 0x00, 0x8f, 0xfd, 0x30, 0x5f,
    0x95, 0xde, 0x08, 0xf0, 0x06, 0xf2, 0x6f, 0x62,
    0xbf, 0x00, 0xbf, 0xff, 0x60, 0x00, 0x24, 0x10,
    0x00,

    /* U+00BB "»" */
    0x3f, 0xa1, 0xec, 0x00, 0x08, 0xf4, 0x5f, 0x80,
    0x00, 0xde, 0x0a, 0xf3, 0x00, 0x8f, 0x35, 0xf7,
    0x03, 0xf9, 0x1e, 0xc0, 0x0d, 0xe1, 0xaf, 0x20,
    0x27, 0x30, 0x75, 0x00,

    /* U+00BC "¼" */
    0x00, 0x70, 0x00, 0x00, 0x81, 0x00, 0x02, 0xaf,
    0x00, 0x00, 0x5f, 0x30, 0x00, 0xdf, 0xf0, 0x00,
    0x0e, 0x90, 0x00, 0x03, 0x7f, 0x00, 0x09, 0xe1,
    0x00, 0x00, 0x07, 0xf0, 0x03, 0xf6, 0x00, 0x00,
    0x00, 0x7f, 0x00, 0xcc, 0x05, 0xc0, 0x00, 0x07,
    0xf0, 0x6f, 0x20, 0xbb, 0x00, 0x00, 0x00, 0x1e,
    0x80, 0x0f, 0x68, 0xa0, 0x00, 0x0a, 0xd0, 0x05,
    0xf3, 0xdc, 0x00, 0x04, 0xf4, 0x00, 0xaf, 0xff,
    0xf7, 0x00, 0xda, 0x00, 0x03, 0x55, 0xff, 0x20,
    0x7f, 0x10, 0x00, 0x00, 0x0a, 0x80, 0x01, 0x40,
    0x00, 0x00, 0x00, 0x00, 0x00,

    /* U+00BD "½" */
    0x00, 0x70, 0x00, 0x00, 0x81, 0x00, 0x02, 0xaf,
    0x00, 0x00, 0x6f, 0x30, 0x00, 0xdf, 0xf0, 0x00,
    0x1e, 0x90, 0x00, 0x03, 0x7f, 0x00, 0x0a, 0xe0,
    0x00, 0x00, 0x07, 0xf0, 0x04, 0xf4, 0x01, 0x00,
    0x00, 0x7f, 0x00, 0xea, 0x09, 0xff, 0x50, 0x07,
    0xf0, 0x9e, 0x11, 0xd7, 0xbe, 0x00, 0x00, 0x3f,
    0x50, 0x00, 0x0b, 0xc0, 0x00, 0x0d, 0xb0, 0x00,
    0x07, 0xf3, 0x00, 0x08, 0xf1, 0x00, 0x06, 0xf7,
    0x20, 0x02, 0xf6, 0x00, 0x02, 0xff, 0xff, 0x10,
    0x5b, 0x00, 0x00, 0x15, 0x55, 0x50, 0x00, 0x00,
    0x00, 0x00, 0x00, 0x00, 0x00,

    /* U+00BE "¾" */
    0x00, 0x00, 0x00, 0x00, 0x01, 0x00, 0x00, 0x4e,
    0xfd, 0x10, 0x00, 0x0a, 0xb0, 0x00, 0x47, 0x6f,
    0x50, 0x00, 0x5f, 0x30, 0x00, 0x07, 0xff, 0x20,
    0x00, 0xe9, 0x00, 0x00, 0x01, 0x3e, 0xa0, 0x09,
    0xe0, 0x00, 0x00, 0x39, 0x2e, 0xa0, 0x3f, 0x41,
    0xf5, 0x00, 0x5f, 0xfe, 0x20, 0xda, 0x06, 0xf0,
    0x00, 0x01, 0x41, 0x08, 0xe1, 0x0a, 0xb1, 0xd0,
    0x00, 0x00, 0x2f, 0x50, 0x0f, 0x97, 0xf1, 0x00,
    0x00, 0xcb, 0x00, 0x4f, 0xff, 0xfd, 0x00, 0x07,
    0xf2, 0x00, 0x15, 0x5c, 0xf4, 0x00, 0x1f, 0x70,
    0x00, 0x00, 0x05, 0xd0, 0x00, 0x05, 0x00, 0x00,
    0x00, 0x00, 0x00,

    /* U+00BF "¿" */
    0x00, 0x06, 0x80, 0x00, 0x00, 0x0f, 0xf5, 0x00,
    0x00, 0x0b, 0xe2, 0x00, 0x00, 0x00, 0x10, 0x00,
    0x00, 0x09, 0xe1, 0x00, 0x01, 0xcf, 0xd2, 0x00,
    0x0b, 0xfa, 0x00, 0x00, 0x2f, 0xc0, 0x00, 0x00,
    0x4f, 0x70, 0x00, 0x00, 0x2f, 0xc0, 0x05, 0xe3,
    0x0b, 0xfe, 0xef, 0xe3, 0x00, 0x9e, 0xfa, 0x10,

    /* U+00C0 "À" */
    0x00, 0x01, 0x00, 0x00, 0x00, 0x00, 0x1e, 0x50,
    0x00, 0x00, 0x00, 0x06, 0xf6, 0x00, 0x00, 0x00,
    0x00, 0x66, 0x00, 0x00, 0x00, 0x00, 0x00, 0x00,
    0x00, 0x00, 0x04, 0xff, 0x30, 0x00, 0x00, 0x09,
    0xff, 0x80, 0x00, 0x00, 0x0e, 0xcd, 0xd0, 0x00,
    0x00, 0x4f, 0x78, 0xf3, 0x00, 0x00, 0x9f, 0x23,
    0xf8, 0x00, 0x00, 0xed, 0x00, 0xed, 0x00, 0x04,
    0xf7, 0x00, 0x9f, 0x20, 0x09, 0xff, 0xff, 0xff,
    0x80, 0x0e, 0xfb, 0xbb, 0xbf, 0xd0, 0x4f, 0x80,
    0x00, 0x09, 0xf2, 0x9f, 0x20, 0x00, 0x04, 0xf7,

    /* U+00C1 "Á" */
    0x00, 0x00, 0x00, 0x10, 0x00, 0x00, 0x00, 0x07,
    0xe0, 0x00, 0x00, 0x00, 0x7f, 0x50, 0x00, 0x00,
    0x00, 0x85, 0x00, 0x00, 0x00, 0x00, 0x00, 0x00,
    0x00, 0x00, 0x04, 0xff, 0x30, 0x00, 0x00, 0x09,
    0xff, 0x80, 0x00, 0x00, 0x0e, 0xcd, 0xd0, 0x00,
    0x00, 0x4f, 0x78, 0xf3, 0x00, 0x00, 0x9f, 0x23,
    0xf8, 0x00, 0x00, 0xed, 0x00, 0xed, 0x00, 0x04,
    0xf7, 0x00, 0x9f, 0x20, 0x09, 0xff, 0xff, 0xff,
    0x80, 0x0e, 0xfb, 0xbb, 0xbf, 0xd0, 0x4f, 0x80,
    0x00, 0x09, 0xf2, 0x9f, 0x20, 0x00, 0x04, 0xf7,

    /* U+00C2 "Â" */
    0x00, 0x00, 0x00, 0x00, 0x00, 0x00, 0x00, 0xbb,
    0x00, 0x00, 0x00, 0x0b, 0xff, 0xa0, 0x00, 0x00,
    0x09, 0x12, 0x90, 0x00, 0x00, 0x00, 0x00, 0x00,
    0x00, 0x00, 0x04, 0xff, 0x30, 0x00, 0x00, 0x09,
    0xff, 0x80, 0x00, 0x00, 0x0e, 0xcd, 0xd0, 0x00,
    0x00, 0x4f, 0x78, 0xf3, 0x00, 0x00, 0x9f, 0x23,
    0xf8, 0x00, 0x00, 0xed, 0x00, 0xed, 0x00, 0x04,
    0xf7, 0x00, 0x9f, 0x20, 0x09, 0xff, 0xff, 0xff,
    0x80, 0x0e, 0xfb, 0xbb, 0xbf, 0xd0, 0x4f, 0x80,
    0x00, 0x09, 0xf2, 0x9f, 0x20, 0x00, 0x04, 0xf7,

    /* U+00C3 "Ã" */
    0x00, 0x00, 0x11, 0x11, 0x00, 0x00, 0x4f, 0xff,
    0xf5, 0x00, 0x00, 0x34, 0x44, 0x20, 0x00, 0x00,
    0x00, 0x00, 0x00, 0x00, 0x00, 0x04, 0xff, 0x30,
    0x00, 0x00, 0x09, 0xff, 0x80, 0x00, 0x00, 0x0e,
    0xcd, 0xd0, 0x00, 0x00, 0x4f, 0x78, 0xf3, 0x00,
    0x00, 0x9f, 0x23, 0xf8, 0x00, 0x00, 0xed, 0x00,
    0xed, 0x00, 0x04, 0xf7, 0x00, 0x9f, 0x20, 0x09,
    0xff, 0xff, 0xff, 0x80, 0x0e, 0xfb, 0xbb, 0xbf,
    0xd0, 0x4f, 0x80, 0x00, 0x09, 0xf2, 0x9f, 0x20,
    0x00, 0x04, 0xf7,

    /* U+00C4 "Ä" */
    0x00, 0x03, 0x00, 0x30, 0x00, 0x00, 0x6f, 0x78,
    0xf6, 0x00, 0x00, 0x4f, 0x56, 0xf4, 0x00, 0x00,
    0x00, 0x00, 0x00, 0x00, 0x00, 0x04, 0xff, 0x30,
    0x00, 0x00, 0x09, 0xff, 0x80, 0x00, 0x00, 0x0e,
    0xcd, 0xd0, 0x00, 0x00, 0x4f, 0x78, 0xf3, 0x00,
    0x00, 0x9f, 0x23, 0xf8, 0x00, 0x00, 0xed, 0x00,
    0xed, 0x00, 0x04, 0xf7, 0x00, 0x9f, 0x20, 0x09,
    0xff, 0xff, 0xff, 0x80, 0x0e, 0xfb, 0xbb, 0xbf,
    0xd0, 0x4f, 0x80, 0x00, 0x09, 0xf2, 0x9f, 0x20,
    0x00, 0x04, 0xf7,

    /* U+00C5 "Å" */
    0x00, 0x01, 0xdd, 0x10, 0x00, 0x00, 0x08, 0xab,
    0x70, 0x00, 0x00, 0x09, 0x89, 0x80, 0x00, 0x00,
    0x03, 0xff, 0x20, 0x00, 0x00, 0x00, 0x00, 0x00,
    0x00, 0x00, 0x04, 0xff, 0x30, 0x00, 0x00, 0x09,
    0xff, 0x80, 0x00, 0x00, 0x0e, 0xcd, 0xd0, 0x00,
    0x00, 0x4f, 0x78, 0xf3, 0x00, 0x00, 0x9f, 0x23,
    0xf8, 0x00, 0x00, 0xed, 0x00, 0xed, 0x00, 0x04,
    0xf7, 0x00, 0x9f, 0x20, 0x09, 0xff, 0xff, 0xff,
    0x80, 0x0e, 0xfb, 0xbb, 0xbf, 0xd0, 0x4f, 0x80,
    0x00, 0x09, 0xf2, 0x9f, 0x20, 0x00, 0x04, 0xf7,

    /* U+00C6 "Æ" */
    0x00, 0x00, 0xef, 0xff, 0xff, 0xf8, 0x00, 0x04,
    0xff, 0xff, 0xcc, 0xc6, 0x00, 0x0a, 0xf9, 0xf5,
    0x00, 0x00, 0x00, 0x0f, 0xc4, 0xf7, 0x00, 0x00,
    0x00, 0x5f, 0x63, 0xf8, 0x00, 0x00, 0x00, 0xbf,
    0x12, 0xff, 0xff, 0xf0, 0x01, 0xfa, 0x00, 0xff,
    0xcc, 0xc0, 0x07, 0xff, 0xff, 0xfd, 0x00, 0x00,
    0x0d, 0xfc, 0xcc, 0xfe, 0x00, 0x00, 0x3f, 0x80,
    0x00, 0xcf, 0xcc, 0xca, 0x9f, 0x20, 0x00, 0xbf,
    0xff, 0xfd,

    /* U+00C7 "Ç" */
    0x00, 0x18, 0xdf, 0xea, 0x20, 0x00, 0x2e, 0xff,
    0xde, 0xff, 0x40, 0x0c, 0xf8, 0x00, 0x05, 0xfe,
    0x14, 0xfb, 0x00, 0x00, 0x04, 0x20, 0x8f, 0x40,
    0x00, 0x00, 0x00, 0x09, 0xf3, 0x00, 0x00, 0x00,
    0x00, 0x7f, 0x40, 0x00, 0x00, 0x00, 0x04, 0xfb,
    0x00, 0x00, 0x04, 0x20, 0x0d, 0xf8, 0x00, 0x05,
    0xfe, 0x10, 0x2e, 0xff, 0xde, 0xff, 0x40, 0x00,
    0x19, 0xef, 0xea, 0x20, 0x00, 0x00, 0x05, 0xf5,
    0x00, 0x00, 0x00, 0x00, 0x34, 0xf0, 0x00, 0x00,
    0x00, 0x0c, 0xfa, 0x00, 0x00,

    /* U+00C8 "È" */
    0x01, 0x00, 0x00, 0x00, 0xba, 0x00, 0x00, 0x03,
    0xea, 0x00, 0x00, 0x02, 0xa0, 0x00, 0x00, 0x00,
    0x00, 0x0d, 0xff, 0xff, 0xf7, 0xdf, 0xcc, 0xcc,
    0x5d, 0xe0, 0x00, 0x00, 0xde, 0x00, 0x00, 0x0d,
    0xe0, 0x00, 0x00, 0xdf, 0xff, 0xf9, 0x0d, 0xfc,
    0xcc, 0x60, 0xde, 0x00, 0x00, 0x0d, 0xe0, 0x00,
    0x00, 0xdf, 0xcc, 0xcc, 0x5d, 0xff, 0xff, 0xf7,

    /* U+00C9 "É" */
    0x00, 0x00, 0x10, 0x00, 0x00, 0x3e, 0x40, 0x00,
    0x3f, 0xa0, 0x00, 0x04, 0x90, 0x00, 0x00, 0x00,
    0x00, 0x0d, 0xff, 0xff, 0xf7, 0xdf, 0xcc, 0xcc,
    0x5d, 0xe0, 0x00, 0x00, 0xde, 0x00, 0x00, 0x0d,
    0xe0, 0x00, 0x00, 0xdf, 0xff, 0xf9, 0x0d, 0xfc,
    0xcc, 0x60, 0xde, 0x00, 0x00, 0x0d, 0xe0, 0x00,
    0x00, 0xdf, 0xcc, 0xcc, 0x5d, 0xff, 0xff, 0xf7,

    /* U+00CA "Ê" */
    0x00, 0x01, 0x00, 0x00, 0x07, 0xe2, 0x00, 0x07,
    0xff, 0xe2, 0x00, 0x65, 0x0a, 0x10, 0x00, 0x00,
    0x00, 0x0d, 0xff, 0xff, 0xf7, 0xdf, 0xcc, 0xcc,
    0x5d, 0xe0, 0x00, 0x00, 0xde, 0x00, 0x00, 0x0d,
    0xe0, 0x00, 0x00, 0xdf, 0xff, 0xf9, 0x0d, 0xfc,
    0xcc, 0x60, 0xde, 0x00, 0x00, 0x0d, 0xe0, 0x00,
    0x00, 0xdf, 0xcc, 0xcc, 0x5d, 0xff, 0xff, 0xf7,

    /* U+00CB "Ë" */
    0x02, 0x10, 0x20, 0x01, 0xfc, 0x3f, 0xb0, 0x1e,
    0xa2, 0xe8, 0x00, 0x00, 0x00, 0x00, 0xdf, 0xff,
    0xff, 0x7d, 0xfc, 0xcc, 0xc5, 0xde, 0x00, 0x00,
    0x0d, 0xe0, 0x00, 0x00, 0xde, 0x00, 0x00, 0x0d,
    0xff, 0xff, 0x90, 0xdf, 0xcc, 0xc6, 0x0d, 0xe0,
    0x00, 0x00, 0xde, 0x00, 0x00, 0x0d, 0xfc, 0xcc,
    0xc5, 0xdf, 0xff, 0xff, 0x70,

    /* U+00CC "Ì" */
    0x01, 0x00, 0x1e, 0x60, 0x06, 0xf6, 0x00, 0x67,
    0x00, 0x00, 0x00, 0xde, 0x00, 0xde, 0x00, 0xde,
    0x00, 0xde, 0x00, 0xde, 0x00, 0xde, 0x00, 0xde,
    0x00, 0xde, 0x00, 0xde, 0x00, 0xde, 0x00, 0xde,

    /* U+00CD "Í" */
    0x00, 0x10, 0x07, 0xe0, 0x7f, 0x60, 0x85, 0x00,
    0x00, 0x00, 0xde, 0x00, 0xde, 0x00, 0xde, 0x00,
    0xde, 0x00, 0xde, 0x00, 0xde, 0x00, 0xde, 0x00,
    0xde, 0x00, 0xde, 0x00, 0xde, 0x00, 0xde, 0x00,

    /* U+00CE "Î" */
    0x01, 0x10, 0x0b, 0xb0, 0x9f, 0xf9, 0x63, 0x46,
    0x00, 0x00, 0x0d, 0xe0, 0x0d, 0xe0, 0x0d, 0xe0,
    0x0d, 0xe0, 0x0d, 0xe0, 0x0d, 0xe0, 0x0d, 0xe0,
    0x0d, 0xe0, 0x0d, 0xe0, 0x0d, 0xe0, 0x0d, 0xe0,

    /* U+00CF "Ï" */
    0x02, 0x11, 0x20, 0x1f, 0xcc, 0xf2, 0x0e, 0xaa,
    0xe1, 0x00, 0x00, 0x00, 0x00, 0xde, 0x00, 0x00,
    0xde, 0x00, 0x00, 0xde, 0x00, 0x00, 0xde, 0x00,
    0x00, 0xde, 0x00, 0x00, 0xde, 0x00, 0x00, 0xde,
    0x00, 0x00, 0xde, 0x00, 0x00, 0xde, 0x00, 0x00,
    0xde, 0x00, 0x00, 0xde, 0x00,

    /* U+00D0 "Ð" */
    0x08, 0xff, 0xfe, 0xc5, 0x00, 0x00, 0x8f, 0xec,
    0xdf, 0xf9, 0x00, 0x08, 0xf3, 0x00, 0x3e, 0xf4,
    0x00, 0x8f, 0x30, 0x00, 0x3f, 0xb0, 0x08, 0xf3,
    0x00, 0x00, 0xee, 0x0a, 0xff, 0xff, 0x60, 0x0c,
    0xf0, 0x7f, 0xfe, 0xb4, 0x00, 0xee, 0x00, 0x8f,
    0x30, 0x00, 0x3f, 0xb0, 0x08, 0xf3, 0x00, 0x2d,
    0xf5, 0x00, 0x8f, 0xec, 0xdf, 0xf9, 0x00, 0x08,
    0xff, 0xfe, 0xc5, 0x00, 0x00,

    /* U+00D1 "Ñ" */
    0x00, 0x01, 0x11, 0x10, 0x00, 0x0a, 0xff, 0xfd,
    0x00, 0x00, 0x44, 0x44, 0x00, 0x00, 0x00, 0x00,
    0x00, 0x00, 0xde, 0x10, 0x00, 0x0f, 0xcd, 0xfb,
    0x00, 0x00, 0xfc, 0xdf, 0xf7, 0x00, 0x0f, 0xcd,
    0xfe, 0xf2, 0x00, 0xfc, 0xde, 0x5f, 0xd0, 0x0f,
    0xcd, 0xe0, 0x9f, 0x90, 0xfc, 0xde, 0x00, 0xdf,
    0x4f, 0xcd, 0xe0, 0x03, 0xfe, 0xfc, 0xde, 0x00,
    0x08, 0xff, 0xcd, 0xe0, 0x00, 0x0c, 0xfc, 0xde,
    0x00, 0x00, 0x2f, 0xc0,

    /* U+00D2 "Ò" */
    0x00, 0x00, 0x00, 0x00, 0x00, 0x00, 0x00, 0x4c,
    0x10, 0x00, 0x00, 0x00, 0x01, 0xdd, 0x10, 0x00,
    0x00, 0x00, 0x01, 0xc4, 0x00, 0x00, 0x00, 0x00,
    0x00, 0x00, 0x00, 0x00, 0x01, 0x8d, 0xfe, 0xa3,
    0x00, 0x02, 0xdf, 0xfd, 0xef, 0xf5, 0x00, 0xcf,
    0x91, 0x00, 0x5f, 0xf2, 0x3f, 0xb0, 0x00, 0x00,
    0x5f, 0x97, 0xf4, 0x00, 0x00, 0x00, 0xed, 0x9f,
    0x30, 0x00, 0x00, 0x0d, 0xe7, 0xf4, 0x00, 0x00,
    0x00, 0xfd, 0x3f, 0xb0, 0x00, 0x00, 0x5f, 0x90,
    0xcf, 0x91, 0x00, 0x5f, 0xf2, 0x02, 0xdf, 0xfd,
    0xef, 0xf5, 0x00, 0x01, 0x8d, 0xfe, 0xa3, 0x00,

    /* U+00D3 "Ó" */
    0x00, 0x00, 0x00, 0x00, 0x00, 0x00, 0x00, 0x00,
    0x09, 0x90, 0x00, 0x00, 0x00, 0x0a, 0xf3, 0x00,
    0x00, 0x00, 0x01, 0xd3, 0x00, 0x00, 0x00, 0x00,
    0x00, 0x00, 0x00, 0x00, 0x01, 0x8d, 0xfe, 0xa3,
    0x00, 0x02, 0xdf, 0xfd, 0xef, 0xf5, 0x00, 0xcf,
    0x91, 0x00, 0x5f, 0xf2, 0x3f, 0xb0, 0x00, 0x00,
    0x5f, 0x97, 0xf4, 0x00, 0x00, 0x00, 0xed, 0x9f,
    0x30, 0x00, 0x00, 0x0d, 0xe7, 0xf4, 0x00, 0x00,
    0x00, 0xfd, 0x3f, 0xb0, 0x00, 0x00, 0x5f, 0x90,
    0xcf, 0x91, 0x00, 0x5f, 0xf2, 0x02, 0xdf, 0xfd,
    0xef, 0xf5, 0x00, 0x01, 0x8d, 0xfe, 0xa3, 0x00,

    /* U+00D4 "Ô" */
    0x00, 0x00, 0x01, 0x00, 0x00, 0x00, 0x00, 0x02,
    0xe6, 0x00, 0x00, 0x00, 0x02, 0xef, 0xf5, 0x00,
    0x00, 0x00, 0x2a, 0x07, 0x70, 0x00, 0x00, 0x00,
    0x00, 0x00, 0x00, 0x00, 0x01, 0x8d, 0xfe, 0xa3,
    0x00, 0x02, 0xdf, 0xfd, 0xef, 0xf5, 0x00, 0xcf,
    0x91, 0x00, 0x5f, 0xf2, 0x3f, 0xb0, 0x00, 0x00,
    0x5f, 0x97, 0xf4, 0x00, 0x00, 0x00, 0xed, 0x9f,
    0x30, 0x00, 0x00, 0x0d, 0xe7, 0xf4, 0x00, 0x00,
    0x00, 0xfd, 0x3f, 0xb0, 0x00, 0x00, 0x5f, 0x90,
    0xcf, 0x91, 0x00, 0x5f, 0xf2, 0x02, 0xdf, 0xfd,
    0xef, 0xf5, 0x00, 0x01, 0x8d, 0xfe, 0xa3, 0x00,

    /* U+00D5 "Õ" */
    0x00, 0x00, 0x00, 0x00, 0x00, 0x00, 0x00, 0x8f,
    0xc3, 0xc3, 0x00, 0x00, 0x0c, 0x8b, 0xfe, 0x10,
    0x00, 0x00, 0x00, 0x03, 0x10, 0x00, 0x00, 0x00,
    0x00, 0x00, 0x00, 0x00, 0x01, 0x8d, 0xfe, 0xa3,
    0x00, 0x02, 0xdf, 0xfd, 0xef, 0xf5, 0x00, 0xcf,
    0x91, 0x00, 0x5f, 0xf2, 0x3f, 0xb0, 0x00, 0x00,
    0x5f, 0x97, 0xf4, 0x00, 0x00, 0x00, 0xed, 0x9f,
    0x30, 0x00, 0x00, 0x0d, 0xe7, 0xf4, 0x00, 0x00,
    0x00, 0xfd, 0x3f, 0xb0, 0x00, 0x00, 0x5f, 0x90,
    0xcf, 0x91, 0x00, 0x5f, 0xf2, 0x02, 0xdf, 0xfd,
    0xef, 0xf5, 0x00, 0x01, 0x8d, 0xfe, 0xa3, 0x00,

    /* U+00D6 "Ö" */
    0x00, 0x01, 0x20, 0x12, 0x00, 0x00, 0x00, 0xbf,
    0x2d, 0xf1, 0x00, 0x00, 0x09, 0xe1, 0xad, 0x00,
    0x00, 0x00, 0x00, 0x00, 0x00, 0x00, 0x00, 0x18,
    0xdf, 0xea, 0x30, 0x00, 0x2d, 0xff, 0xde, 0xff,
    0x50, 0x0c, 0xf9, 0x10, 0x05, 0xff, 0x23, 0xfb,
    0x00, 0x00, 0x05, 0xf9, 0x7f, 0x40, 0x00, 0x00,
    0x0e, 0xd9, 0xf3, 0x00, 0x00, 0x00, 0xde, 0x7f,
    0x40, 0x00, 0x00, 0x0f, 0xd3, 0xfb, 0x00, 0x00,
    0x05, 0xf9, 0x0c, 0xf9, 0x10, 0x05, 0xff, 0x20,
    0x2d, 0xff, 0xde, 0xff, 0x50, 0x00, 0x18, 0xdf,
    0xea, 0x30, 0x00,

    /* U+00D7 "×" */
    0x00, 0x00, 0x00, 0x00, 0x0b, 0x50, 0x04, 0xb0,
    0x1d, 0xf4, 0x3f, 0xe2, 0x02, 0xef, 0xfe, 0x20,
    0x00, 0x5f, 0xf6, 0x00, 0x01, 0xdf, 0xfe, 0x20,
    0x1d, 0xf5, 0x4f, 0xd1, 0x0c, 0x60, 0x05, 0xc1,
    0x00, 0x00, 0x00, 0x00,

    /* U+00D8 "Ø" */
    0x00, 0x00, 0x00, 0x00, 0x03, 0x00, 0x01, 0x8d,
    0xfe, 0xac, 0xf2, 0x02, 0xdf, 0xfd, 0xef, 0xff,
    0x00, 0xcf, 0x91, 0x02, 0xff, 0xf2, 0x3f, 0xb0,
    0x00, 0xdf, 0x8f, 0x97, 0xf4, 0x00, 0x9f, 0x50,
    0xed, 0x9f, 0x30, 0x6f, 0x90, 0x0d, 0xe7, 0xf4,
    0x2f, 0xc0, 0x00, 0xfd, 0x3f, 0xcd, 0xf2, 0x00,
    0x5f, 0x90, 0xcf, 0xf6, 0x00, 0x5f, 0xf2, 0x08,
    0xff, 0xfd, 0xef, 0xf5, 0x00, 0xed, 0x8d, 0xfe,
    0xa3, 0x00, 0x01, 0x10, 0x00, 0x00, 0x00, 0x00,

    /* U+00D9 "Ù" */
    0x00, 0x10, 0x00, 0x00, 0x00, 0x0e, 0x70, 0x00,
    0x00, 0x00, 0x5f, 0x80, 0x00, 0x00, 0x00, 0x58,
    0x00, 0x00, 0x00, 0x00, 0x00, 0x00, 0x0e, 0xd0,
    0x00, 0x09, 0xf2, 0xed, 0x00, 0x00, 0x9f, 0x2e,
    0xd0, 0x00, 0x09, 0xf2, 0xed, 0x00, 0x00, 0x9f,
    0x2e, 0xd0, 0x00, 0x09, 0xf2, 0xed, 0x00, 0x00,
    0x9f, 0x2e, 0xd0, 0x00, 0x0a, 0xf2, 0xdf, 0x00,
    0x00, 0xcf, 0x09, 0xf8, 0x00, 0x5f, 0xd0, 0x2f,
    0xfe, 0xdf, 0xf4, 0x00, 0x2b, 0xff, 0xc4, 0x00,

    /* U+00DA "Ú" */
    0x00, 0x00, 0x01, 0x00, 0x00, 0x00, 0x05, 0xf1,
    0x00, 0x00, 0x05, 0xf7, 0x00, 0x00, 0x00, 0x66,
    0x00, 0x00, 0x00, 0x00, 0x00, 0x00, 0x0e, 0xd0,
    0x00, 0x09, 0xf2, 0xed, 0x00, 0x00, 0x9f, 0x2e,
    0xd0, 0x00, 0x09, 0xf2, 0xed, 0x00, 0x00, 0x9f,
    0x2e, 0xd0, 0x00, 0x09, 0xf2, 0xed, 0x00, 0x00,
    0x9f, 0x2e, 0xd0, 0x00, 0x0a, 0xf2, 0xdf, 0x00,
    0x00, 0xcf, 0x09, 0xf8, 0x00, 0x5f, 0xd0, 0x2f,
    0xfe, 0xdf, 0xf4, 0x00, 0x2b, 0xff, 0xc4, 0x00,

    /* U+00DB "Û" */
    0x00, 0x00, 0x00, 0x00, 0x00, 0x00, 0xac, 0x00,
    0x00, 0x00, 0xaf, 0xfc, 0x00, 0x00, 0x09, 0x31,
    0xa0, 0x00, 0x00, 0x00, 0x00, 0x00, 0x0e, 0xd0,
    0x00, 0x09, 0xf2, 0xed, 0x00, 0x00, 0x9f, 0x2e,
    0xd0, 0x00, 0x09, 0xf2, 0xed, 0x00, 0x00, 0x9f,
    0x2e, 0xd0, 0x00, 0x09, 0xf2, 0xed, 0x00, 0x00,
    0x9f, 0x2e, 0xd0, 0x00, 0x0a, 0xf2, 0xdf, 0x00,
    0x00, 0xcf, 0x09, 0xf8, 0x00, 0x5f, 0xd0, 0x2f,
    0xfe, 0xdf, 0xf4, 0x00, 0x2b, 0xff, 0xc4, 0x00,

    /* U+00DC "Ü" */
    0x00, 0x30, 0x03, 0x00, 0x00, 0x4f, 0x96, 0xf8,
    0x00, 0x03, 0xe7, 0x4f, 0x50, 0x00, 0x00, 0x00,
    0x00, 0x00, 0xed, 0x00, 0x00, 0x9f, 0x2e, 0xd0,
    0x00, 0x09, 0xf2, 0xed, 0x00, 0x00, 0x9f, 0x2e,
    0xd0, 0x00, 0x09, 0xf2, 0xed, 0x00, 0x00, 0x9f,
    0x2e, 0xd0, 0x00, 0x09, 0xf2, 0xed, 0x00, 0x00,
    0xaf, 0x2d, 0xf0, 0x00, 0x0c, 0xf0, 0x9f, 0x80,
    0x05, 0xfd, 0x02, 0xff, 0xed, 0xff, 0x40, 0x02,
    0xbf, 0xfc, 0x40, 0x00,

    /* U+00DD "Ý" */
    0x00, 0x00, 0x00, 0x10, 0x00, 0x00, 0x00, 0x03,
    0xe3, 0x00, 0x00, 0x00, 0x3f, 0x90, 0x00, 0x00,
    0x00, 0x49, 0x00, 0x00, 0x00, 0x00, 0x00, 0x00,
    0x00, 0x0c, 0xf2, 0x00, 0x09, 0xf5, 0x04, 0xf9,
    0x00, 0x1f, 0xd0, 0x00, 0xcf, 0x10, 0x8f, 0x50,
    0x00, 0x5f, 0x80, 0xed, 0x00, 0x00, 0x0d, 0xf8,
    0xf6, 0x00, 0x00, 0x05, 0xff, 0xe0, 0x00, 0x00,
    0x00, 0xff, 0x70, 0x00, 0x00, 0x00, 0xaf, 0x20,
    0x00, 0x00, 0x00, 0x9f, 0x20, 0x00, 0x00, 0x00,
    0x9f, 0x20, 0x00, 0x00, 0x00, 0x9f, 0x20, 0x00,

    /* U+00DE "Þ" */
    0xde, 0x00, 0x00, 0x00, 0xde, 0x00, 0x00, 0x00,
    0xdf, 0xff, 0xe9, 0x00, 0xdf, 0xcc, 0xef, 0xc0,
    0xde, 0x00, 0x0c, 0xf3, 0xde, 0x00, 0x07, 0xf5,
    0xde, 0x00, 0x0c, 0xf3, 0xdf, 0xcc, 0xff, 0xc0,
    0xdf, 0xff, 0xe9, 0x10, 0xde, 0x00, 0x00, 0x00,
    0xde, 0x00, 0x00, 0x00,

    /* U+00DF "ß" */
    0x00, 0x8e, 0xfb, 0x30, 0x00, 0x9f, 0xed, 0xfe,
    0x00, 0x0f, 0xe0, 0x0a, 0xf3, 0x01, 0xfa, 0x01,
    0xde, 0x10, 0x2f, 0x90, 0xbf, 0x30, 0x02, 0xf9,
    0x0f, 0xd0, 0x00, 0x2f, 0x90, 0x8f, 0xb0, 0x02,
    0xf9, 0x00, 0x6f, 0xa0, 0x2f, 0x91, 0x30, 0xaf,
    0x02, 0xf9, 0xbe, 0x9e, 0xe0, 0x2f, 0x92, 0xbf,
    0xd4, 0x00,

    /* U+00E0 "à" */
    0x00, 0x00, 0x00, 0x00, 0x3c, 0x10, 0x00, 0x01,
    0xcd, 0x10, 0x00, 0x01, 0xc5, 0x00, 0x00, 0x00,
    0x00, 0x00, 0x7c, 0xfe, 0x70, 0x08, 0xb9, 0xdf,
    0x50, 0x16, 0x75, 0xf9, 0x1e, 0xff, 0xff, 0xa7,
    0xf8, 0x07, 0xfa, 0x8f, 0x40, 0x2f, 0xa4, 0xfe,
    0x8d, 0xfa, 0x07, 0xef, 0xad, 0xa0,

    /* U+00E1 "á" */
    0x00, 0x00, 0x00, 0x00, 0x00, 0x08, 0x90, 0x00,
    0x09, 0xf4, 0x00, 0x01, 0xd4, 0x00, 0x00, 0x00,
    0x00, 0x00, 0x7c, 0xfe, 0x70, 0x08, 0xb9, 0xdf,
    0x50, 0x16, 0x75, 0xf9, 0x1e, 0xff, 0xff, 0xa7,
    0xf8, 0x07, 0xfa, 0x8f, 0x40, 0x2f, 0xa4, 0xfe,
    0x8d, 0xfa, 0x07, 0xef, 0xad, 0xa0,

    /* U+00E2 "â" */
    0x00, 0x01, 0x00, 0x00, 0x02, 0xe6, 0x00, 0x01,
    0xdf, 0xf6, 0x00, 0x2a, 0x06, 0x80, 0x00, 0x00,
    0x00, 0x00, 0x7c, 0xfe, 0x70, 0x08, 0xb9, 0xdf,
    0x50, 0x16, 0x75, 0xf9, 0x1e, 0xff, 0xff, 0xa7,
    0xf8, 0x07, 0xfa, 0x8f, 0x40, 0x2f, 0xa4, 0xfe,
    0x8d, 0xfa, 0x07, 0xef, 0xad, 0xa0,

    /* U+00E3 "ã" */
    0x01, 0x75, 0x05, 0x10, 0xcf, 0xff, 0xf3, 0x02,
    0x11, 0x52, 0x00, 0x00, 0x00, 0x00, 0x07, 0xcf,
    0xe7, 0x00, 0x8b, 0x9d, 0xf5, 0x01, 0x67, 0x5f,
    0x91, 0xef, 0xff, 0xfa, 0x7f, 0x80, 0x7f, 0xa8,
    0xf4, 0x02, 0xfa, 0x4f, 0xe8, 0xdf, 0xa0, 0x7e,
    0xfa, 0xda,

    /* U+00E4 "ä" */
    0x02, 0x60, 0x36, 0x00, 0xbf, 0x4d, 0xf2, 0x05,
    0xa1, 0x6a, 0x00, 0x00, 0x00, 0x00, 0x07, 0xcf,
    0xe7, 0x00, 0x8b, 0x9d, 0xf5, 0x01, 0x67, 0x5f,
    0x91, 0xef, 0xff, 0xfa, 0x7f, 0x80, 0x7f, 0xa8,
    0xf4, 0x02, 0xfa, 0x4f, 0xe8, 0xdf, 0xa0, 0x7e,
    0xfa, 0xda,

    /* U+00E5 "å" */
    0x00, 0x4e, 0xa0, 0x00, 0x0c, 0x7e, 0x40, 0x00,
    0xd4, 0xd4, 0x00, 0x06, 0xfd, 0x00, 0x00, 0x01,
    0x00, 0x00, 0x7c, 0xfe, 0x70, 0x08, 0xb9, 0xdf,
    0x50, 0x16, 0x75, 0xf9, 0x1e, 0xff, 0xff, 0xa7,
    0xf8, 0x07, 0xfa, 0x8f, 0x40, 0x2f, 0xa4, 0xfe,
    0x8d, 0xfa, 0x07, 0xef, 0xad, 0xa0,

    /* U+00E6 "æ" */
    0x07, 0xdf, 0xe6, 0x7e, 0xfb, 0x20, 0x09, 0xb9,
    0xef, 0xfc, 0xaf, 0xd0, 0x00, 0x45, 0x4f, 0xf0,
    0x09, 0xf2, 0x0c, 0xff, 0xff, 0xff, 0xff, 0xf4,
    0x6f, 0xa2, 0xaf, 0xf2, 0x22, 0x20, 0x8f, 0x40,
    0x2f, 0xf0, 0x03, 0x80, 0x4f, 0xe8, 0xdf, 0xfb,
    0x9e, 0xe0, 0x07, 0xef, 0xb1, 0x7e, 0xfb, 0x20,

    /* U+00E7 "ç" */
    0x01, 0x9e, 0xfb, 0x20, 0x0c, 0xfe, 0xdf, 0xe1,
    0x4f, 0xb0, 0x08, 0xb2, 0x7f, 0x40, 0x00, 0x00,
    0x7f, 0x40, 0x00, 0x00, 0x4f, 0xb0, 0x08, 0xb2,
    0x0c, 0xfe, 0xdf, 0xe0, 0x01, 0x9f, 0xfb, 0x20,
    0x00, 0x0d, 0xc1, 0x00, 0x00, 0x14, 0xa8, 0x00,
    0x00, 0x5e, 0xe3, 0x00,

    /* U+00E8 "è" */
    0x00, 0x00, 0x00, 0x00, 0x00, 0xc5, 0x00, 0x00,
    0x00, 0x8f, 0x50, 0x00, 0x00, 0x07, 0xa0, 0x00,
    0x00, 0x00, 0x00, 0x00, 0x01, 0x9e, 0xfb, 0x20,
    0x0c, 0xf9, 0x8f, 0xe1, 0x4f, 0x82, 0x26, 0xf7,
    0x7f, 0xff, 0xff, 0xfa, 0x7f, 0x75, 0x55, 0x53,
    0x4f, 0x70, 0x02, 0xa1, 0x0d, 0xfa, 0x9e, 0xf1,
    0x01, 0xae, 0xfb, 0x30,

    /* U+00E9 "é" */
    0x00, 0x00, 0x00, 0x00, 0x00, 0x00, 0x3d, 0x10,
    0x00, 0x04, 0xf9, 0x00, 0x00, 0x09, 0x90, 0x00,
    0x00, 0x00, 0x00, 0x00, 0x01, 0x9e, 0xfb, 0x20,
    0x0c, 0xf9, 0x8f, 0xe1, 0x4f, 0x82, 0x26, 0xf7,
    0x7f, 0xff, 0xff, 0xfa, 0x7f, 0x75, 0x55, 0x53,
    0x4f, 0x70, 0x02, 0xa1, 0x0d, 0xfa, 0x9e, 0xf1,
    0x01, 0xae, 0xfb, 0x30,

    /* U+00EA "ê" */
    0x00, 0x00, 0x00, 0x00, 0x00, 0x0a, 0xc0, 0x00,
    0x00, 0x9f, 0xfb, 0x00, 0x00, 0xa3, 0x2b, 0x00,
    0x00, 0x00, 0x00, 0x00, 0x01, 0x9e, 0xfb, 0x20,
    0x0c, 0xf9, 0x8f, 0xe1, 0x4f, 0x82, 0x26, 0xf7,
    0x7f, 0xff, 0xff, 0xfa, 0x7f, 0x75, 0x55, 0x53,
    0x4f, 0x70, 0x02, 0xa1, 0x0d, 0xfa, 0x9e, 0xf1,
    0x01, 0xae, 0xfb, 0x30,

    /* U+00EB "ë" */
    0x00, 0x62, 0x17, 0x10, 0x05, 0xfa, 0x7f, 0x80,
    0x02, 0xb4, 0x2b, 0x30, 0x00, 0x00, 0x00, 0x00,
    0x01, 0x9e, 0xfb, 0x20, 0x0c, 0xf9, 0x8f, 0xe1,
    0x4f, 0x82, 0x26, 0xf7, 0x7f, 0xff, 0xff, 0xfa,
    0x7f, 0x75, 0x55, 0x53, 0x4f, 0x70, 0x02, 0xa1,
    0x0d, 0xfa, 0x9e, 0xf1, 0x01, 0xae, 0xfb, 0x30,

    /* U+00EC "ì" */
    0x01, 0x00, 0x3e, 0x30, 0x09, 0xf3, 0x00, 0x94,
    0x00, 0x00, 0x01, 0xfa, 0x01, 0xfa, 0x01, 0xfa,
    0x01, 0xfa, 0x01, 0xfa, 0x01, 0xfa, 0x01, 0xfa,
    0x01, 0xfa,

    /* U+00ED "í" */
    0x00, 0x01, 0x00, 0xab, 0x0a, 0xe3, 0x0a, 0x30,
    0x00, 0x00, 0x1f, 0xa0, 0x1f, 0xa0, 0x1f, 0xa0,
    0x1f, 0xa0, 0x1f, 0xa0, 0x1f, 0xa0, 0x1f, 0xa0,
    0x1f, 0xa0,

    /* U+00EE "î" */
    0x00, 0x20, 0x00, 0x1e, 0x80, 0x0c, 0xff, 0x60,
    0x81, 0x73, 0x00, 0x00, 0x00, 0x1f, 0xa0, 0x01,
    0xfa, 0x00, 0x1f, 0xa0, 0x01, 0xfa, 0x00, 0x1f,
    0xa0, 0x01, 0xfa, 0x00, 0x1f, 0xa0, 0x01, 0xfa,
    0x00,

    /* U+00EF "ï" */
    0x07, 0x25, 0x45, 0xfa, 0xff, 0x2b, 0x49, 0x80,
    0x00, 0x00, 0x01, 0xfa, 0x00, 0x1f, 0xa0, 0x01,
    0xfa, 0x00, 0x1f, 0xa0, 0x01, 0xfa, 0x00, 0x1f,
    0xa0, 0x01, 0xfa, 0x00, 0x1f, 0xa0,

    /* U+00F0 "ð" */
    0x01, 0xb6, 0x1a, 0x10, 0x04, 0xef, 0xff, 0x20,
    0x00, 0x2f, 0xff, 0x20, 0x00, 0x3b, 0x2e, 0xc0,
    0x00, 0x5a, 0x96, 0xf3, 0x08, 0xff, 0xfe, 0xf9,
    0x1f, 0xe3, 0x1a, 0xfb, 0x5f, 0x70, 0x01, 0xfc,
    0x6f, 0x60, 0x00, 0xfa, 0x3f, 0xb0, 0x06, 0xf6,
    0x0b, 0xfd, 0xbf, 0xe0, 0x00, 0x9e, 0xfb, 0x20,

    /* U+00F1 "ñ" */
    0x00, 0x47, 0x23, 0x40, 0x05, 0xff, 0xff, 0x90,
    0x00, 0x30, 0x45, 0x00, 0x00, 0x00, 0x00, 0x00,
    0x1f, 0x57, 0xdf, 0x90, 0x1f, 0xff, 0xdf, 0xf3,
    0x1f, 0xf3, 0x06, 0xf6, 0x1f, 0xa0, 0x04, 0xf7,
    0x1f, 0xa0, 0x04, 0xf7, 0x1f, 0xa0, 0x04, 0xf7,
    0x1f, 0xa0, 0x04, 0xf7, 0x1f, 0xa0, 0x04, 0xf7,

    /* U+00F2 "ò" */
    0x00, 0x00, 0x00, 0x00, 0x00, 0x0b, 0x60, 0x00,
    0x00, 0x00, 0x5f, 0x70, 0x00, 0x00, 0x00, 0x5c,
    0x00, 0x00, 0x00, 0x00, 0x00, 0x00, 0x00, 0x09,
    0xef, 0xc4, 0x00, 0x0c, 0xff, 0xdf, 0xf4, 0x04,
    0xfb, 0x00, 0x5f, 0xc0, 0x7f, 0x50, 0x00, 0xdf,
    0x07, 0xf4, 0x00, 0x0d, 0xf0, 0x4f, 0xb0, 0x05,
    0xfc, 0x00, 0xcf, 0xfd, 0xff, 0x40, 0x00, 0x9e,
    0xfc, 0x40, 0x00,

    /* U+00F3 "ó" */
    0x00, 0x00, 0x00, 0x00, 0x00, 0x00, 0x02, 0xd2,
    0x00, 0x00, 0x02, 0xeb, 0x00, 0x00, 0x00, 0x6b,
    0x00, 0x00, 0x00, 0x00, 0x00, 0x00, 0x00, 0x09,
    0xef, 0xc4, 0x00, 0x0c, 0xff, 0xdf, 0xf4, 0x04,
    0xfb, 0x00, 0x5f, 0xc0, 0x7f, 0x50, 0x00, 0xdf,
    0x07, 0xf4, 0x00, 0x0d, 0xf0, 0x4f, 0xb0, 0x05,
    0xfc, 0x00, 0xcf, 0xfd, 0xff, 0x40, 0x00, 0x9e,
    0xfc, 0x40, 0x00,

    /* U+00F4 "ô" */
    0x00, 0x00, 0x10, 0x00, 0x00, 0x00, 0x7d, 0x10,
    0x00, 0x00, 0x7f, 0xfd, 0x10, 0x00, 0x08, 0x51,
    0xb2, 0x00, 0x00, 0x00, 0x00, 0x00, 0x00, 0x09,
    0xef, 0xc4, 0x00, 0x0c, 0xff, 0xdf, 0xf4, 0x04,
    0xfb, 0x00, 0x5f, 0xc0, 0x7f, 0x50, 0x00, 0xdf,
    0x07, 0xf4, 0x00, 0x0d, 0xf0, 0x4f, 0xb0, 0x05,
    0xfc, 0x00, 0xcf, 0xfd, 0xff, 0x40, 0x00, 0x9e,
    0xfc, 0x40, 0x00,

    /* U+00F5 "õ" */
    0x00, 0x47, 0x32, 0x40, 0x00, 0x4f, 0xff, 0xfa,
    0x00, 0x00, 0x30, 0x45, 0x00, 0x00, 0x00, 0x00,
    0x00, 0x00, 0x00, 0x9e, 0xfc, 0x40, 0x00, 0xcf,
    0xfd, 0xff, 0x40, 0x4f, 0xb0, 0x05, 0xfc, 0x07,
    0xf5, 0x00, 0x0d, 0xf0, 0x7f, 0x40, 0x00, 0xdf,
    0x04, 0xfb, 0x00, 0x5f, 0xc0, 0x0c, 0xff, 0xdf,
    0xf4, 0x00, 0x09, 0xef, 0xc4, 0x00,

    /* U+00F6 "ö" */
    0x00, 0x63, 0x06, 0x20, 0x00, 0x3f, 0xc4, 0xfa,
    0x00, 0x00, 0xa6, 0x1b, 0x50, 0x00, 0x00, 0x00,
    0x00, 0x00, 0x00, 0x9e, 0xfc, 0x40, 0x00, 0xcf,
    0xfd, 0xff, 0x40, 0x4f, 0xb0, 0x05, 0xfc, 0x07,
    0xf5, 0x00, 0x0d, 0xf0, 0x7f, 0x40, 0x00, 0xdf,
    0x04, 0xfb, 0x00, 0x5f, 0xc0, 0x0c, 0xff, 0xdf,
    0xf4, 0x00, 0x09, 0xef, 0xc4, 0x00,

    /* U+00F7 "÷" */
    0x00, 0x05, 0x50, 0x00, 0x00, 0x3f, 0xf2, 0x00,
    0x00, 0x1d, 0xd0, 0x00, 0x00, 0x00, 0x00, 0x00,
    0xbf, 0xff, 0xff, 0xfc, 0x7b, 0xbb, 0xbb, 0xb8,
    0x00, 0x05, 0x50, 0x00, 0x00, 0x3f, 0xf2, 0x00,
    0x00, 0x1d, 0xd0, 0x00,

    /* U+00F8 "ø" */
    0x00, 0x00, 0x00, 0x21, 0x00, 0x08, 0xef, 0xdf,
    0x90, 0x0a, 0xfd, 0xbf, 0xf7, 0x02, 0xfb, 0x06,
    0xff, 0xe0, 0x5f, 0x42, 0xf8, 0x8f, 0x15, 0xf5,
    0xdc, 0x08, 0xf1, 0x2f, 0xff, 0x11, 0xee, 0x00,
    0xff, 0xfb, 0xef, 0x60, 0x0d, 0xfe, 0xfd, 0x50,
    0x00, 0x10, 0x00, 0x00, 0x00,

    /* U+00F9 "ù" */
    0x00, 0x10, 0x00, 0x00, 0x00, 0xd7, 0x00, 0x00,
    0x00, 0x5f, 0x80, 0x00, 0x00, 0x05, 0x80, 0x00,
    0x00, 0x00, 0x00, 0x00, 0x2f, 0x90, 0x05, 0xf6,
    0x2f, 0x90, 0x05, 0xf6, 0x2f, 0x90, 0x05, 0xf6,
    0x2f, 0x90, 0x05, 0xf6, 0x2f, 0x90, 0x06, 0xf6,
    0x1f, 0xb0, 0x1f, 0xf6, 0x0e, 0xfe, 0xff, 0xf6,
    0x04, 0xef, 0xa2, 0xf6,

    /* U+00FA "ú" */
    0x00, 0x00, 0x01, 0x00, 0x00, 0x00, 0x5f, 0x10,
    0x00, 0x05, 0xf7, 0x00, 0x00, 0x06, 0x70, 0x00,
    0x00, 0x00, 0x00, 0x00, 0x2f, 0x90, 0x05, 0xf6,
    0x2f, 0x90, 0x05, 0xf6, 0x2f, 0x90, 0x05, 0xf6,
    0x2f, 0x90, 0x05, 0xf6, 0x2f, 0x90, 0x06, 0xf6,
    0x1f, 0xb0, 0x1f, 0xf6, 0x0e, 0xfe, 0xff, 0xf6,
    0x04, 0xef, 0xa2, 0xf6,

    /* U+00FB "û" */
    0x00, 0x00, 0x00, 0x00, 0x00, 0x0a, 0xc0, 0x00,
    0x00, 0xaf, 0xfc, 0x00, 0x00, 0x83, 0x1a, 0x00,
    0x00, 0x00, 0x00, 0x00, 0x2f, 0x90, 0x05, 0xf6,
    0x2f, 0x90, 0x05, 0xf6, 0x2f, 0x90, 0x05, 0xf6,
    0x2f, 0x90, 0x05, 0xf6, 0x2f, 0x90, 0x06, 0xf6,
    0x1f, 0xb0, 0x1f, 0xf6, 0x0e, 0xfe, 0xff, 0xf6,
    0x04, 0xef, 0xa2, 0xf6,

    /* U+00FC "ü" */
    0x00, 0x62, 0x07, 0x10, 0x05, 0xfa, 0x6f, 0x80,
    0x01, 0xb4, 0x2b, 0x30, 0x00, 0x00, 0x00, 0x00,
    0x2f, 0x90, 0x05, 0xf6, 0x2f, 0x90, 0x05, 0xf6,
    0x2f, 0x90, 0x05, 0xf6, 0x2f, 0x90, 0x05, 0xf6,
    0x2f, 0x90, 0x06, 0xf6, 0x1f, 0xb0, 0x1f, 0xf6,
    0x0e, 0xfe, 0xff, 0xf6, 0x04, 0xef, 0xa2, 0xf6,

    /* U+00FD "ý" */
    0x00, 0x00, 0x01, 0x00, 0x00, 0x00, 0x8d, 0x00,
    0x00, 0x08, 0xf4, 0x00, 0x00, 0x09, 0x40, 0x00,
    0x00, 0x00, 0x00, 0x00, 0x9f, 0x30, 0x05, 0xf7,
    0x3f, 0x90, 0x0c, 0xf1, 0x0c, 0xf1, 0x2f, 0x90,
    0x05, 0xf7, 0x9f, 0x30, 0x00, 0xee, 0xfc, 0x00,
    0x00, 0x8f, 0xf6, 0x00, 0x00, 0x2f, 0xf0, 0x00,
    0x00, 0x3f, 0x80, 0x00, 0x00, 0xaf, 0x20, 0x00,
    0x01, 0xfb, 0x00, 0x00, 0x07, 0xf5, 0x00, 0x00,

    /* U+00FE "þ" */
    0x1f, 0xa0, 0x00, 0x00, 0x01, 0xfa, 0x00, 0x00,
    0x00, 0x1f, 0xa0, 0x00, 0x00, 0x01, 0xfc, 0xbf,
    0xe6, 0x00, 0x1f, 0xff, 0xdf, 0xf6, 0x01, 0xff,
    0x20, 0x3f, 0xd0, 0x1f, 0xf0, 0x00, 0xcf, 0x01,
    0xff, 0x00, 0x0b, 0xf0, 0x1f, 0xf1, 0x02, 0xfd,
    0x01, 0xff, 0xeb, 0xef, 0x60, 0x1f, 0xcb, 0xfe,
    0x70, 0x01, 0xfa, 0x00, 0x00, 0x00, 0x1f, 0xa0,
    0x00, 0x00, 0x01, 0xfa, 0x00, 0x00, 0x00,

    /* U+00FF "ÿ" */
    0x01, 0x71, 0x26, 0x00, 0x08, 0xf7, 0xaf, 0x50,
    0x03, 0xb2, 0x4b, 0x10, 0x00, 0x00, 0x00, 0x00,
    0x9f, 0x30, 0x05, 0xf7, 0x3f, 0x90, 0x0c, 0xf1,
    0x0c, 0xf1, 0x2f, 0x90, 0x05, 0xf7, 0x9f, 0x30,
    0x00, 0xee, 0xfc, 0x00, 0x00, 0x8f, 0xf6, 0x00,
    0x00, 0x2f, 0xf0, 0x00, 0x00, 0x3f, 0x80, 0x00,
    0x00, 0xaf, 0x20, 0x00, 0x01, 0xfb, 0x00, 0x00,
    0x07, 0xf5, 0x00, 0x00,

    /* U+0100 "Ā" */
    0x00, 0x01, 0x11, 0x10, 0x00, 0x00, 0x2f, 0xff,
    0xf1, 0x00, 0x00, 0x04, 0x44, 0x40, 0x00, 0x00,
    0x00, 0x00, 0x00, 0x00, 0x00, 0x04, 0xff, 0x30,
    0x00, 0x00, 0x09, 0xff, 0x80, 0x00, 0x00, 0x0e,
    0xcd, 0xd0, 0x00, 0x00, 0x4f, 0x78, 0xf3, 0x00,
    0x00, 0x9f, 0x23, 0xf8, 0x00, 0x00, 0xed, 0x00,
    0xed, 0x00, 0x04, 0xf7, 0x00, 0x9f, 0x20, 0x09,
    0xff, 0xff, 0xff, 0x80, 0x0e, 0xfb, 0xbb, 0xbf,
    0xd0, 0x4f, 0x80, 0x00, 0x09, 0xf2, 0x9f, 0x20,
    0x00, 0x04, 0xf7,

    /* U+0101 "ā" */
    0x05, 0xff, 0xfd, 0x00, 0x26, 0x66, 0x50, 0x00,
    0x00, 0x00, 0x00, 0x7c, 0xfe, 0x70, 0x08, 0xb9,
    0xdf, 0x50, 0x16, 0x75, 0xf9, 0x1e, 0xff, 0xff,
    0xa7, 0xf8, 0x07, 0xfa, 0x8f, 0x40, 0x2f, 0xa4,
    0xfe, 0x8d, 0xfa, 0x07, 0xef, 0xad, 0xa0,

    /* U+0102 "Ă" */
    0x00, 0x07, 0x22, 0x70, 0x00, 0x00, 0x09, 0xff,
    0x90, 0x00, 0x00, 0x00, 0x11, 0x00, 0x00, 0x00,
    0x00, 0x00, 0x00, 0x00, 0x00, 0x04, 0xff, 0x30,
    0x00, 0x00, 0x09, 0xff, 0x80, 0x00, 0x00, 0x0e,
    0xcd, 0xd0, 0x00, 0x00, 0x4f, 0x78, 0xf3, 0x00,
    0x00, 0x9f, 0x23, 0xf8, 0x00, 0x00, 0xed, 0x00,
    0xed, 0x00, 0x04, 0xf7, 0x00, 0x9f, 0x20, 0x09,
    0xff, 0xff, 0xff, 0x80, 0x0e, 0xfb, 0xbb, 0xbf,
    0xd0, 0x4f, 0x80, 0x00, 0x09, 0xf2, 0x9f, 0x20,
    0x00, 0x04, 0xf7,

    /* U+0103 "ă" */
    0x04, 0xf0, 0x8b, 0x00, 0x0b, 0xff, 0x40, 0x00,
    0x01, 0x00, 0x00, 0x00, 0x00, 0x00, 0x07, 0xcf,
    0xe7, 0x00, 0x8b, 0x9d, 0xf5, 0x01, 0x67, 0x5f,
    0x91, 0xef, 0xff, 0xfa, 0x7f, 0x80, 0x7f, 0xa8,
    0xf4, 0x02, 0xfa, 0x4f, 0xe8, 0xdf, 0xa0, 0x7e,
    0xfa, 0xda,

    /* U+0104 "Ą" */
    0x00, 0x04, 0xff, 0x30, 0x00, 0x00, 0x09, 0xff,
    0x80, 0x00, 0x00, 0x0e, 0xcd, 0xd0, 0x00, 0x00,
    0x4f, 0x78, 0xf3, 0x00, 0x00, 0x9f, 0x23, 0xf8,
    0x00, 0x00, 0xed, 0x00, 0xed, 0x00, 0x04, 0xf7,
    0x00, 0x9f, 0x20, 0x09, 0xff, 0xff, 0xff, 0x80,
    0x0e, 0xfb, 0xbb, 0xbf, 0xd0, 0x4f, 0x80, 0x00,
    0x09, 0xf2, 0x9f, 0x20, 0x00, 0x04, 0xf7, 0x00,
    0x00, 0x00, 0x02, 0xc2, 0x00, 0x00, 0x00, 0x0b,
    0x80, 0x00, 0x00, 0x00, 0x09, 0xfb, 0x00, 0x00,
    0x00, 0x00, 0x21,

    /* U+0105 "ą" */
    0x07, 0xcf, 0xe8, 0x00, 0x8b, 0x9d, 0xf5, 0x01,
    0x67, 0x5f, 0x91, 0xef, 0xff, 0xfa, 0x7f, 0x80,
    0x7f, 0xa8, 0xf4, 0x02, 0xfa, 0x4f, 0xe8, 0xdf,
    0xa0, 0x7e, 0xfa, 0xe9, 0x00, 0x00, 0x4d, 0x10,
    0x00, 0x0b, 0x90, 0x00, 0x00, 0x9f, 0xb0, 0x00,
    0x00, 0x21,

    /* U+0106 "Ć" */
    0x00, 0x00, 0x00, 0x00, 0x00, 0x00, 0x00, 0x00,
    0x0b, 0x60, 0x00, 0x00, 0x00, 0x0b, 0xe2, 0x00,
    0x00, 0x00, 0x02, 0xd2, 0x00, 0x00, 0x00, 0x00,
    0x00, 0x00, 0x00, 0x00, 0x01, 0x8d, 0xfe, 0xa2,
    0x00, 0x02, 0xef, 0xfd, 0xef, 0xf4, 0x00, 0xcf,
    0x80, 0x00, 0x5f, 0xe1, 0x4f, 0xb0, 0x00, 0x00,
    0x42, 0x08, 0xf4, 0x00, 0x00, 0x00, 0x00, 0x9f,
    0x30, 0x00, 0x00, 0x00, 0x07, 0xf4, 0x00, 0x00,
    0x00, 0x00, 0x4f, 0xb0, 0x00, 0x00, 0x42, 0x00,
    0xdf, 0x80, 0x00, 0x5f, 0xe1, 0x02, 0xef, 0xfd,
    0xef, 0xf4, 0x00, 0x01, 0x9d, 0xfe, 0xa2, 0x00,

    /* U+0107 "ć" */
    0x00, 0x00, 0x00, 0x00, 0x00, 0x00, 0x4d, 0x10,
    0x00, 0x04, 0xf9, 0x00, 0x00, 0x09, 0x90, 0x00,
    0x00, 0x00, 0x00, 0x00, 0x01, 0x9e, 0xfb, 0x20,
    0x0c, 0xfe, 0xdf, 0xe1, 0x4f, 0xb0, 0x08, 0xb2,
    0x7f, 0x40, 0x00, 0x00, 0x7f, 0x40, 0x00, 0x00,
    0x4f, 0xb0, 0x08, 0xb2, 0x0c, 0xfe, 0xdf, 0xe0,
    0x01, 0x9e, 0xfb, 0x20,

    /* U+010A "Ċ" */
    0x00, 0x00, 0x4f, 0x50, 0x00, 0x00, 0x00, 0x07,
    0xf8, 0x00, 0x00, 0x00, 0x00, 0x04, 0x00, 0x00,
    0x00, 0x00, 0x00, 0x00, 0x00, 0x00, 0x00, 0x18,
    0xdf, 0xea, 0x20, 0x00, 0x2e, 0xff, 0xde, 0xff,
    0x40, 0x0c, 0xf8, 0x00, 0x05, 0xfe, 0x14, 0xfb,
    0x00, 0x00, 0x04, 0x20, 0x8f, 0x40, 0x00, 0x00,
    0x00, 0x09, 0xf3, 0x00, 0x00, 0x00, 0x00, 0x7f,
    0x40, 0x00, 0x00, 0x00, 0x04, 0xfb, 0x00, 0x00,
    0x04, 0x20, 0x0d, 0xf8, 0x00, 0x05, 0xfe, 0x10,
    0x2e, 0xff, 0xde, 0xff, 0x40, 0x00, 0x19, 0xdf,
    0xea, 0x20, 0x00,

    /* U+010B "ċ" */
    0x00, 0x04, 0x50, 0x00, 0x00, 0x0f, 0xf1, 0x00,
    0x00, 0x09, 0xa0, 0x00, 0x00, 0x00, 0x00, 0x00,
    0x01, 0x9e, 0xfb, 0x20, 0x0c, 0xfe, 0xdf, 0xe1,
    0x4f, 0xb0, 0x08, 0xb2, 0x7f, 0x40, 0x00, 0x00,
    0x7f, 0x40, 0x00, 0x00, 0x4f, 0xb0, 0x08, 0xb2,
    0x0c, 0xfe, 0xdf, 0xe0, 0x01, 0x9e, 0xfb, 0x20,

    /* U+010C "Č" */
    0x00, 0x00, 0x20, 0x10, 0x00, 0x00, 0x00, 0x6e,
    0x4d, 0x70, 0x00, 0x00, 0x00, 0xaf, 0xb0, 0x00,
    0x00, 0x00, 0x00, 0x70, 0x00, 0x00, 0x00, 0x00,
    0x00, 0x00, 0x00, 0x00, 0x01, 0x8d, 0xfe, 0xa2,
    0x00, 0x02, 0xef, 0xfd, 0xef, 0xf4, 0x00, 0xcf,
    0x80, 0x00, 0x5f, 0xe1, 0x4f, 0xb0, 0x00, 0x00,
    0x42, 0x08, 0xf4, 0x00, 0x00, 0x00, 0x00, 0x9f,
    0x30, 0x00, 0x00, 0x00, 0x07, 0xf4, 0x00, 0x00,
    0x00, 0x00, 0x4f, 0xb0, 0x00, 0x00, 0x42, 0x00,
    0xdf, 0x80, 0x00, 0x5f, 0xe1, 0x02, 0xef, 0xfd,
    0xef, 0xf4, 0x00, 0x01, 0x9d, 0xfe, 0xa2, 0x00,

    /* U+010D "č" */
    0x00, 0x20, 0x02, 0x00, 0x00, 0xe9, 0x7f, 0x10,
    0x00, 0x3f, 0xf4, 0x00, 0x00, 0x03, 0x50, 0x00,
    0x00, 0x00, 0x00, 0x00, 0x01, 0x9e, 0xfb, 0x20,
    0x0c, 0xfe, 0xdf, 0xe1, 0x4f, 0xb0, 0x08, 0xb2,
    0x7f, 0x40, 0x00, 0x00, 0x7f, 0x40, 0x00, 0x00,
    0x4f, 0xb0, 0x08, 0xb2, 0x0c, 0xfe, 0xdf, 0xe0,
    0x01, 0x9e, 0xfb, 0x20,

    /* U+010E "Ď" */
    0x00, 0x20, 0x02, 0x00, 0x00, 0x1f, 0x79, 0xd0,
    0x00, 0x00, 0x5f, 0xf3, 0x00, 0x00, 0x00, 0x53,
    0x00, 0x00, 0x00, 0x00, 0x00, 0x00, 0x0d, 0xff,
    0xfe, 0xa2, 0x00, 0xdf, 0xcc, 0xef, 0xf4, 0x0d,
    0xe0, 0x00, 0x6f, 0xe0, 0xde, 0x00, 0x00, 0x9f,
    0x6d, 0xe0, 0x00, 0x03, 0xf9, 0xde, 0x00, 0x00,
    0x2f, 0xad, 0xe0, 0x00, 0x03, 0xf9, 0xde, 0x00,
    0x00, 0x8f, 0x6d, 0xe0, 0x00, 0x6f, 0xe0, 0xdf,
    0xcc, 0xef, 0xf4, 0x0d, 0xff, 0xfe, 0xa2, 0x00,

    /* U+010F "ď" */
    0x00, 0x00, 0x01, 0xfa, 0x9c, 0x00, 0x00, 0x01,
    0xfa, 0x9a, 0x00, 0x00, 0x01, 0xfa, 0x98, 0x01,
    0xaf, 0xe8, 0xfa, 0x21, 0x0d, 0xfd, 0xcf, 0xfa,
    0x00, 0x5f, 0xa0, 0x07, 0xfa, 0x00, 0x8f, 0x40,
    0x01, 0xfb, 0x00, 0x8f, 0x40, 0x01, 0xfb, 0x00,
    0x5f, 0xa0, 0x07, 0xfa, 0x00, 0x0d, 0xfd, 0xbf,
    0xfa, 0x00, 0x01, 0xbf, 0xe7, 0xca, 0x00,

    /* U+0110 "Đ" */
    0x08, 0xff, 0xfe, 0xc5, 0x00, 0x00, 0x8f, 0xec,
    0xdf, 0xf9, 0x00, 0x08, 0xf3, 0x00, 0x3e, 0xf4,
    0x00, 0x8f, 0x30, 0x00, 0x3f, 0xb0, 0x08, 0xf3,
    0x00, 0x00, 0xee, 0x0a, 0xff, 0xff, 0x60, 0x0c,
    0xf0, 0x7f, 0xfe, 0xb4, 0x00, 0xee, 0x00, 0x8f,
    0x30, 0x00, 0x3f, 0xb0, 0x08, 0xf3, 0x00, 0x2d,
    0xf5, 0x00, 0x8f, 0xec, 0xdf, 0xf9, 0x00, 0x08,
    0xff, 0xfe, 0xc5, 0x00, 0x00,

    /* U+0111 "đ" */
    0x00, 0x00, 0x01, 0xfa, 0x00, 0x00, 0x0c, 0xff,
    0xfc, 0x00, 0x00, 0x24, 0xfb, 0x20, 0x1a, 0xfd,
    0x8f, 0xa0, 0x0d, 0xfd, 0xcf, 0xfa, 0x05, 0xfa,
    0x00, 0x7f, 0xa0, 0x8f, 0x40, 0x01, 0xfa, 0x08,
    0xf4, 0x00, 0x1f, 0xa0, 0x5f, 0xa0, 0x07, 0xfa,
    0x00, 0xdf, 0xdb, 0xff, 0xa0, 0x01, 0xbf, 0xe6,
    0xca, 0x00,

    /* U+0112 "Ē" */
    0x01, 0x11, 0x10, 0x00, 0xcf, 0xff, 0x60, 0x03,
    0x44, 0x41, 0x00, 0x00, 0x00, 0x00, 0xdf, 0xff,
    0xff, 0x7d, 0xfc, 0xcc, 0xc5, 0xde, 0x00, 0x00,
    0x0d, 0xe0, 0x00, 0x00, 0xde, 0x00, 0x00, 0x0d,
    0xff, 0xff, 0x90, 0xdf, 0xcc, 0xc6, 0x0d, 0xe0,
    0x00, 0x00, 0xde, 0x00, 0x00, 0x0d, 0xfc, 0xcc,
    0xc5, 0xdf, 0xff, 0xff, 0x70,

    /* U+0113 "ē" */
    0x00, 0xff, 0xff, 0x30, 0x00, 0x66, 0x66, 0x10,
    0x00, 0x00, 0x00, 0x00, 0x01, 0x9e, 0xfb, 0x20,
    0x0c, 0xf9, 0x8f, 0xe1, 0x4f, 0x82, 0x26, 0xf7,
    0x7f, 0xff, 0xff, 0xfa, 0x7f, 0x75, 0x55, 0x53,
    0x4f, 0x70, 0x02, 0xa1, 0x0d, 0xfa, 0x9e, 0xf1,
    0x01, 0xae, 0xfb, 0x30,

    /* U+0116 "Ė" */
    0x00, 0x14, 0x00, 0x00, 0x0b, 0xf4, 0x00, 0x00,
    0x8e, 0x20, 0x00, 0x00, 0x00, 0x00, 0xdf, 0xff,
    0xff, 0x7d, 0xfc, 0xcc, 0xc5, 0xde, 0x00, 0x00,
    0x0d, 0xe0, 0x00, 0x00, 0xde, 0x00, 0x00, 0x0d,
    0xff, 0xff, 0x90, 0xdf, 0xcc, 0xc6, 0x0d, 0xe0,
    0x00, 0x00, 0xde, 0x00, 0x00, 0x0d, 0xfc, 0xcc,
    0xc5, 0xdf, 0xff, 0xff, 0x70,

    /* U+0117 "ė" */
    0x00, 0x04, 0x50, 0x00, 0x00, 0x0f, 0xf1, 0x00,
    0x00, 0x09, 0xa0, 0x00, 0x00, 0x00, 0x00, 0x00,
    0x01, 0x9e, 0xfb, 0x20, 0x0c, 0xf9, 0x8f, 0xe1,
    0x4f, 0x82, 0x26, 0xf7, 0x7f, 0xff, 0xff, 0xfa,
    0x7f, 0x75, 0x55, 0x53, 0x4f, 0x70, 0x02, 0xa1,
    0x0d, 0xfa, 0x9e, 0xf1, 0x01, 0xae, 0xfb, 0x30,

    /* U+0118 "Ę" */
    0xdf, 0xff, 0xff, 0x7d, 0xfc, 0xcc, 0xc5, 0xde,
    0x00, 0x00, 0x0d, 0xe0, 0x00, 0x00, 0xde, 0x00,
    0x00, 0x0d, 0xff, 0xff, 0x90, 0xdf, 0xcc, 0xc6,
    0x0d, 0xe0, 0x00, 0x00, 0xde, 0x00, 0x00, 0x0d,
    0xfc, 0xcc, 0xc5, 0xdf, 0xff, 0xff, 0x70, 0x00,
    0x04, 0xb1, 0x00, 0x00, 0xe6, 0x00, 0x00, 0x0c,
    0xf8, 0x00, 0x00, 0x02, 0x00,

    /* U+0119 "ę" */
    0x01, 0x9e, 0xfb, 0x20, 0x0c, 0xf9, 0x8e, 0xe1,
    0x4f, 0x72, 0x25, 0xf7, 0x7f, 0xff, 0xff, 0xfa,
    0x8f, 0x75, 0x55, 0x53, 0x5f, 0x70, 0x02, 0x91,
    0x0d, 0xfa, 0x8e, 0xe2, 0x01, 0xbf, 0xfa, 0x20,
    0x00, 0x0a, 0x70, 0x00, 0x00, 0x2f, 0x20, 0x00,
    0x00, 0x1e, 0xf5, 0x00, 0x00, 0x00, 0x20, 0x00,

    /* U+011A "Ě" */
    0x01, 0x00, 0x20, 0x00, 0xac, 0x4f, 0x40, 0x01,
    0xdf, 0x80, 0x00, 0x01, 0x70, 0x00, 0x00, 0x00,
    0x00, 0x0d, 0xff, 0xff, 0xf7, 0xdf, 0xcc, 0xcc,
    0x5d, 0xe0, 0x00, 0x00, 0xde, 0x00, 0x00, 0x0d,
    0xe0, 0x00, 0x00, 0xdf, 0xff, 0xf9, 0x0d, 0xfc,
    0xcc, 0x60, 0xde, 0x00, 0x00, 0x0d, 0xe0, 0x00,
    0x00, 0xdf, 0xcc, 0xcc, 0x5d, 0xff, 0xff, 0xf7,

    /* U+011B "ě" */
    0x00, 0x20, 0x02, 0x00, 0x00, 0xe9, 0x7f, 0x10,
    0x00, 0x3f, 0xf5, 0x00, 0x00, 0x03, 0x50, 0x00,
    0x00, 0x00, 0x00, 0x00, 0x01, 0x9e, 0xfb, 0x20,
    0x0c, 0xf9, 0x8f, 0xe1, 0x4f, 0x82, 0x26, 0xf7,
    0x7f, 0xff, 0xff, 0xfa, 0x7f, 0x75, 0x55, 0x53,
    0x4f, 0x70, 0x02, 0xa1, 0x0d, 0xfa, 0x9e, 0xf1,
    0x01, 0xae, 0xfb, 0x30,

    /* U+011E "Ğ" */
    0x00, 0x03, 0x60, 0x55, 0x00, 0x00, 0x00, 0x1d,
    0xff, 0x40, 0x00, 0x00, 0x00, 0x01, 0x00, 0x00,
    0x00, 0x00, 0x00, 0x00, 0x00, 0x00, 0x00, 0x18,
    0xdf, 0xea, 0x20, 0x00, 0x2e, 0xff, 0xde, 0xff,
    0x40, 0x0c, 0xf8, 0x00, 0x05, 0xfe, 0x04, 0xfb,
    0x00, 0x00, 0x02, 0x00, 0x7f, 0x50, 0x00, 0x00,
    0x00, 0x09, 0xf3, 0x00, 0x8f, 0xff, 0xf8, 0x7f,
    0x40, 0x06, 0xbb, 0xef, 0x84, 0xfb, 0x00, 0x00,
    0x08, 0xf4, 0x0d, 0xf8, 0x00, 0x06, 0xfd, 0x00,
    0x2e, 0xfe, 0xce, 0xfe, 0x20, 0x00, 0x19, 0xdf,
    0xe9, 0x10, 0x00,

    /* U+011F "ğ" */
    0x00, 0x42, 0x05, 0x10, 0x00, 0x6f, 0xfd, 0x10,
    0x00, 0x00, 0x10, 0x00, 0x00, 0x00, 0x00, 0x00,
    0x01, 0xaf, 0xe8, 0xbb, 0x0d, 0xfa, 0x8e, 0xfb,
    0x4f, 0x90, 0x03, 0xfb, 0x7f, 0x50, 0x00, 0xfc,
    0x6f, 0x60, 0x01, 0xfb, 0x2f, 0xe3, 0x1a, 0xfb,
    0x08, 0xff, 0xff, 0xfb, 0x00, 0x48, 0x83, 0xfa,
    0x05, 0x60, 0x05, 0xf7, 0x0a, 0xfb, 0xaf, 0xe1,
    0x00, 0x9e, 0xfb, 0x20,

    /* U+0120 "Ġ" */
    0x00, 0x00, 0x4f, 0x60, 0x00, 0x00, 0x00, 0x06,
    0xf9, 0x00, 0x00, 0x00, 0x00, 0x04, 0x00, 0x00,
    0x00, 0x00, 0x00, 0x00, 0x00, 0x00, 0x00, 0x18,
    0xdf, 0xea, 0x20, 0x00, 0x2e, 0xff, 0xde, 0xff,
    0x40, 0x0c, 0xf8, 0x00, 0x05, 0xfe, 0x04, 0xfb,
    0x00, 0x00, 0x02, 0x00, 0x7f, 0x50, 0x00, 0x00,
    0x00, 0x09, 0xf3, 0x00, 0x8f, 0xff, 0xf8, 0x7f,
    0x40, 0x06, 0xbb, 0xef, 0x84, 0xfb, 0x00, 0x00,
    0x08, 0xf4, 0x0d, 0xf8, 0x00, 0x06, 0xfd, 0x00,
    0x2e, 0xfe, 0xce, 0xfe, 0x20, 0x00, 0x19, 0xdf,
    0xe9, 0x10, 0x00,

    /* U+0121 "ġ" */
    0x00, 0x03, 0x60, 0x00, 0x00, 0x0c, 0xf4, 0x00,
    0x00, 0x07, 0xb1, 0x00, 0x00, 0x00, 0x00, 0x00,
    0x01, 0xaf, 0xe8, 0xbb, 0x0d, 0xfa, 0x8e, 0xfb,
    0x4f, 0x90, 0x03, 0xfb, 0x7f, 0x50, 0x00, 0xfc,
    0x6f, 0x60, 0x01, 0xfb, 0x2f, 0xe3, 0x1a, 0xfb,
    0x08, 0xff, 0xff, 0xfb, 0x00, 0x48, 0x83, 0xfa,
    0x05, 0x60, 0x05, 0xf7, 0x0a, 0xfb, 0xaf, 0xe1,
    0x00, 0x9e, 0xfb, 0x20,

    /* U+0122 "Ģ" */
    0x00, 0x18, 0xdf, 0xea, 0x20, 0x00, 0x2e, 0xff,
    0xde, 0xff, 0x40, 0x0c, 0xf8, 0x00, 0x05, 0xfe,
    0x04, 0xfb, 0x00, 0x00, 0x02, 0x00, 0x7f, 0x50,
    0x00, 0x00, 0x00, 0x09, 0xf3, 0x00, 0x8f, 0xff,
    0xf8, 0x7f, 0x40, 0x06, 0xbb, 0xef, 0x84, 0xfb,
    0x00, 0x00, 0x08, 0xf4, 0x0d, 0xf8, 0x00, 0x06,
    0xfd, 0x00, 0x2e, 0xfe, 0xce, 0xfe, 0x20, 0x00,
    0x19, 0xdf, 0xe9, 0x10, 0x00, 0x00, 0x01, 0x61,
    0x00, 0x00, 0x00, 0x00, 0x3f, 0x90, 0x00, 0x00,
    0x00, 0x00, 0xa9, 0x00, 0x00, 0x00, 0x00, 0x1c,
    0x20, 0x00, 0x00, 0x00, 0x02, 0x10, 0x00, 0x00,

    /* U+0123 "ģ" */
    0x00, 0x00, 0x92, 0x00, 0x00, 0x09, 0x70, 0x00,
    0x00, 0x0d, 0x90, 0x00, 0x00, 0x08, 0xe1, 0x00,
    0x00, 0x00, 0x00, 0x00, 0x01, 0xaf, 0xe8, 0xbb,
    0x0d, 0xfa, 0x8e, 0xfb, 0x4f, 0x90, 0x03, 0xfb,
    0x7f, 0x50, 0x00, 0xfc, 0x6f, 0x60, 0x01, 0xfb,
    0x2f, 0xe3, 0x1a, 0xfb, 0x08, 0xff, 0xff, 0xfb,
    0x00, 0x48, 0x83, 0xfa, 0x05, 0x60, 0x05, 0xf7,
    0x0a, 0xfb, 0xaf, 0xe1, 0x00, 0x9e, 0xfb, 0x20,

    /* U+0126 "Ħ" */
    0x0d, 0xe0, 0x00, 0x08, 0xf3, 0x00, 0xee, 0x00,
    0x00, 0x9f, 0x40, 0xff, 0xff, 0xff, 0xff, 0xff,
    0x53, 0xff, 0x33, 0x33, 0xcf, 0x71, 0x0d, 0xe0,
    0x00, 0x08, 0xf3, 0x00, 0xdf, 0xff, 0xff, 0xff,
    0x30, 0x0d, 0xfc, 0xcc, 0xcf, 0xf3, 0x00, 0xde,
    0x00, 0x00, 0x8f, 0x30, 0x0d, 0xe0, 0x00, 0x08,
    0xf3, 0x00, 0xde, 0x00, 0x00, 0x8f, 0x30, 0x0d,
    0xe0, 0x00, 0x08, 0xf3, 0x00,

    /* U+0127 "ħ" */
    0x02, 0xfa, 0x00, 0x00, 0x03, 0xff, 0xff, 0x50,
    0x00, 0x04, 0xfb, 0x31, 0x00, 0x00, 0x1f, 0xa8,
    0xef, 0x90, 0x01, 0xff, 0xfd, 0xff, 0x30, 0x1f,
    0xe3, 0x06, 0xf6, 0x01, 0xfa, 0x00, 0x4f, 0x70,
    0x1f, 0xa0, 0x04, 0xf7, 0x01, 0xfa, 0x00, 0x4f,
    0x70, 0x1f, 0xa0, 0x04, 0xf7, 0x01, 0xfa, 0x00,
    0x4f, 0x70,

    /* U+012A "Ī" */
    0x11, 0x11, 0xaf, 0xfb, 0x34, 0x43, 0x00, 0x00,
    0x0d, 0xe0, 0x0d, 0xe0, 0x0d, 0xe0, 0x0d, 0xe0,
    0x0d, 0xe0, 0x0d, 0xe0, 0x0d, 0xe0, 0x0d, 0xe0,
    0x0d, 0xe0, 0x0d, 0xe0, 0x0d, 0xe0,

    /* U+012B "ī" */
    0xdf, 0xf7, 0x56, 0x62, 0x00, 0x00, 0x1f, 0xa0,
    0x1f, 0xa0, 0x1f, 0xa0, 0x1f, 0xa0, 0x1f, 0xa0,
    0x1f, 0xa0, 0x1f, 0xa0, 0x1f, 0xa0,

    /* U+012E "Į" */
    0x0d, 0xe0, 0x0d, 0xe0, 0x0d, 0xe0, 0x0d, 0xe0,
    0x0d, 0xe0, 0x0d, 0xe0, 0x0d, 0xe0, 0x0d, 0xe0,
    0x0d, 0xe0, 0x0d, 0xe0, 0x0d, 0xe0, 0x0c, 0x40,
    0x7c, 0x00, 0x5f, 0xf0, 0x01, 0x20,

    /* U+012F "į" */
    0x06, 0x33, 0xfd, 0x1b, 0x70, 0x00, 0x1f, 0xa1,
    0xfa, 0x1f, 0xa1, 0xfa, 0x1f, 0xa1, 0xfa, 0x1f,
    0xa1, 0xfb, 0x2c, 0x2b, 0x90, 0x9f, 0xc0, 0x21,

    /* U+0130 "İ" */
    0x02, 0x20, 0x0f, 0xf0, 0x0c, 0xd0, 0x00, 0x00,
    0x0d, 0xe0, 0x0d, 0xe0, 0x0d, 0xe0, 0x0d, 0xe0,
    0x0d, 0xe0, 0x0d, 0xe0, 0x0d, 0xe0, 0x0d, 0xe0,
    0x0d, 0xe0, 0x0d, 0xe0, 0x0d, 0xe0,

    /* U+0131 "ı" */
    0x1f, 0xa1, 0xfa, 0x1f, 0xa1, 0xfa, 0x1f, 0xa1,
    0xfa, 0x1f, 0xa1, 0xfa,

    /* U+0132 "Ĳ" */
    0xde, 0x00, 0x00, 0x00, 0xcf, 0x0d, 0xe0, 0x00,
    0x00, 0x0c, 0xf0, 0xde, 0x00, 0x00, 0x00, 0xcf,
    0x0d, 0xe0, 0x00, 0x00, 0x0c, 0xf0, 0xde, 0x00,
    0x00, 0x00, 0xcf, 0x0d, 0xe0, 0x00, 0x00, 0x0c,
    0xf0, 0xde, 0x00, 0x00, 0x00, 0xcf, 0x0d, 0xe0,
    0x4d, 0x50, 0x0c, 0xf0, 0xde, 0x04, 0xf8, 0x00,
    0xee, 0x0d, 0xe0, 0x0e, 0xf9, 0xcf, 0x80, 0xde,
    0x00, 0x2c, 0xfe, 0x80, 0x00,

    /* U+0133 "ĳ" */
    0x06, 0x30, 0x17, 0x13, 0xfd, 0x09, 0xf8, 0x1b,
    0x70, 0x4c, 0x30, 0x00, 0x00, 0x00, 0x1f, 0xa0,
    0x6f, 0x51, 0xfa, 0x06, 0xf5, 0x1f, 0xa0, 0x6f,
    0x51, 0xfa, 0x06, 0xf5, 0x1f, 0xa0, 0x6f, 0x51,
    0xfa, 0x06, 0xf5, 0x1f, 0xa0, 0x6f, 0x51, 0xfa,
    0x06, 0xf5, 0x00, 0x00, 0x6f, 0x50, 0x00, 0x4e,
    0xf3, 0x00, 0x06, 0xf9, 0x00,

    /* U+0136 "Ķ" */
    0xde, 0x00, 0x07, 0xfb, 0x0d, 0xe0, 0x05, 0xfc,
    0x00, 0xde, 0x04, 0xfd, 0x10, 0x0d, 0xe2, 0xee,
    0x20, 0x00, 0xdf, 0xef, 0x30, 0x00, 0x0d, 0xff,
    0xb0, 0x00, 0x00, 0xdf, 0xef, 0x40, 0x00, 0x0d,
    0xe3, 0xff, 0x30, 0x00, 0xde, 0x04, 0xfe, 0x10,
    0x0d, 0xe0, 0x06, 0xfd, 0x00, 0xde, 0x00, 0x08,
    0xfb, 0x00, 0x00, 0x63, 0x00, 0x00, 0x00, 0x0c,
    0xe0, 0x00, 0x00, 0x00, 0x5e, 0x00, 0x00, 0x00,
    0x09, 0x50, 0x00, 0x00, 0x01, 0x20, 0x00, 0x00,

    /* U+0137 "ķ" */
    0x1f, 0x90, 0x00, 0x00, 0x1f, 0x90, 0x00, 0x00,
    0x1f, 0x90, 0x00, 0x00, 0x1f, 0x90, 0x3f, 0xd0,
    0x1f, 0x91, 0xee, 0x20, 0x1f, 0xac, 0xf3, 0x00,
    0x1f, 0xff, 0x60, 0x00, 0x1f, 0xff, 0xa0, 0x00,
    0x1f, 0x9a, 0xf6, 0x00, 0x1f, 0x90, 0xdf, 0x30,
    0x1f, 0x90, 0x2f, 0xd1, 0x00, 0x05, 0x30, 0x00,
    0x00, 0x0b, 0xf0, 0x00, 0x00, 0x03, 0xf0, 0x00,
    0x00, 0x08, 0x70, 0x00, 0x00, 0x03, 0x00, 0x00,

    /* U+0139 "Ĺ" */
    0x00, 0x10, 0x00, 0x00, 0x7e, 0x00, 0x00, 0x7f,
    0x60, 0x00, 0x08, 0x50, 0x00, 0x00, 0x00, 0x00,
    0x00, 0x0d, 0xe0, 0x00, 0x00, 0xde, 0x00, 0x00,
    0x0d, 0xe0, 0x00, 0x00, 0xde, 0x00, 0x00, 0x0d,
    0xe0, 0x00, 0x00, 0xde, 0x00, 0x00, 0x0d, 0xe0,
    0x00, 0x00, 0xde, 0x00, 0x00, 0x0d, 0xe0, 0x00,
    0x00, 0xdf, 0xcc, 0xcc, 0x1d, 0xff, 0xff, 0xf2,

    /* U+013A "ĺ" */
    0x00, 0x00, 0x00, 0xab, 0x0a, 0xe3, 0x0a, 0x20,
    0x00, 0x00, 0x1f, 0x90, 0x1f, 0x90, 0x1f, 0x90,
    0x1f, 0x90, 0x1f, 0x90, 0x1f, 0x90, 0x1f, 0x90,
    0x1f, 0x90, 0x1f, 0xa0, 0x0f, 0xf4, 0x08, 0xf5,

    /* U+013B "Ļ" */
    0xde, 0x00, 0x00, 0x0d, 0xe0, 0x00, 0x00, 0xde,
    0x00, 0x00, 0x0d, 0xe0, 0x00, 0x00, 0xde, 0x00,
    0x00, 0x0d, 0xe0, 0x00, 0x00, 0xde, 0x00, 0x00,
    0x0d, 0xe0, 0x00, 0x00, 0xde, 0x00, 0x00, 0x0d,
    0xfc, 0xcc, 0xc1, 0xdf, 0xff, 0xff, 0x20, 0x03,
    0x50, 0x00, 0x00, 0x7f, 0x40, 0x00, 0x00, 0xf4,
    0x00, 0x00, 0x4b, 0x00, 0x00, 0x03, 0x00, 0x00,

    /* U+013C "ļ" */
    0x1f, 0x90, 0x1f, 0x90, 0x1f, 0x90, 0x1f, 0x90,
    0x1f, 0x90, 0x1f, 0x90, 0x1f, 0x90, 0x1f, 0x90,
    0x1f, 0xa0, 0x0f, 0xf4, 0x08, 0xf5, 0x04, 0x50,
    0x09, 0xf2, 0x00, 0xf2, 0x06, 0x90, 0x03, 0x00,

    /* U+013D "Ľ" */
    0xde, 0x0c, 0x90, 0x0d, 0xe0, 0xc8, 0x00, 0xde,
    0x0c, 0x50, 0x0d, 0xe0, 0x21, 0x00, 0xde, 0x00,
    0x00, 0x0d, 0xe0, 0x00, 0x00, 0xde, 0x00, 0x00,
    0x0d, 0xe0, 0x00, 0x00, 0xde, 0x00, 0x00, 0x0d,
    0xfc, 0xcc, 0xc1, 0xdf, 0xff, 0xff, 0x20,

    /* U+013E "ľ" */
    0x1f, 0x9a, 0xb1, 0xf9, 0xaa, 0x1f, 0x9a, 0x71,
    0xf9, 0x21, 0x1f, 0x90, 0x01, 0xf9, 0x00, 0x1f,
    0x90, 0x01, 0xf9, 0x00, 0x1f, 0xa0, 0x00, 0xff,
    0x40, 0x08, 0xf5, 0x00,

    /* U+0141 "Ł" */
    0x0b, 0xf1, 0x00, 0x00, 0x0b, 0xf1, 0x00, 0x00,
    0x0b, 0xf1, 0x00, 0x00, 0x0b, 0xf1, 0x6e, 0x50,
    0x0b, 0xfe, 0xf9, 0x10, 0x4f, 0xfa, 0x20, 0x00,
    0x9f, 0xf1, 0x00, 0x00, 0x0b, 0xf1, 0x00, 0x00,
    0x0b, 0xf1, 0x00, 0x00, 0x0b, 0xfc, 0xcc, 0xc4,
    0x0b, 0xff, 0xff, 0xf5,

    /* U+0142 "ł" */
    0x0f, 0xc0, 0x00, 0xfc, 0x00, 0x0f, 0xc0, 0x00,
    0xfc, 0x40, 0x0f, 0xff, 0x17, 0xfe, 0x20, 0x7f,
    0xc0, 0x00, 0xfc, 0x00, 0x0f, 0xc0, 0x00, 0xdf,
    0x60, 0x06, 0xf7, 0x00,

    /* U+0143 "Ń" */
    0x00, 0x00, 0x01, 0x00, 0x00, 0x00, 0x01, 0xd7,
    0x00, 0x00, 0x01, 0xdc, 0x10, 0x00, 0x00, 0x1a,
    0x00, 0x00, 0x00, 0x00, 0x00, 0x00, 0x0d, 0xe1,
    0x00, 0x00, 0xfc, 0xdf, 0xb0, 0x00, 0x0f, 0xcd,
    0xff, 0x70, 0x00, 0xfc, 0xdf, 0xef, 0x20, 0x0f,
    0xcd, 0xe5, 0xfd, 0x00, 0xfc, 0xde, 0x09, 0xf9,
    0x0f, 0xcd, 0xe0, 0x0d, 0xf4, 0xfc, 0xde, 0x00,
    0x3f, 0xef, 0xcd, 0xe0, 0x00, 0x8f, 0xfc, 0xde,
    0x00, 0x00, 0xcf, 0xcd, 0xe0, 0x00, 0x02, 0xfc,

    /* U+0144 "ń" */
    0x00, 0x00, 0x00, 0x00, 0x00, 0x00, 0x3d, 0x10,
    0x00, 0x03, 0xea, 0x00, 0x00, 0x07, 0xa0, 0x00,
    0x00, 0x00, 0x00, 0x00, 0x1f, 0x57, 0xdf, 0x90,
    0x1f, 0xff, 0xdf, 0xf3, 0x1f, 0xf3, 0x06, 0xf6,
    0x1f, 0xa0, 0x04, 0xf7, 0x1f, 0xa0, 0x04, 0xf7,
    0x1f, 0xa0, 0x04, 0xf7, 0x1f, 0xa0, 0x04, 0xf7,
    0x1f, 0xa0, 0x04, 0xf7,

    /* U+0145 "Ņ" */
    0xde, 0x10, 0x00, 0x0f, 0xcd, 0xfb, 0x00, 0x00,
    0xfc, 0xdf, 0xf7, 0x00, 0x0f, 0xcd, 0xfe, 0xf2,
    0x00, 0xfc, 0xde, 0x5f, 0xd0, 0x0f, 0xcd, 0xe0,
    0x9f, 0x90, 0xfc, 0xde, 0x00, 0xdf, 0x4f, 0xcd,
    0xe0, 0x03, 0xfe, 0xfc, 0xde, 0x00, 0x08, 0xff,
    0xcd, 0xe0, 0x00, 0x0c, 0xfc, 0xde, 0x00, 0x00,
    0x2f, 0xc0, 0x00, 0x16, 0x00, 0x00, 0x00, 0x04,
    0xf8, 0x00, 0x00, 0x00, 0x0b, 0x80, 0x00, 0x00,
    0x01, 0xc1, 0x00, 0x00, 0x00, 0x30, 0x00, 0x00,

    /* U+0146 "ņ" */
    0x1f, 0x57, 0xdf, 0x90, 0x1f, 0xff, 0xdf, 0xf3,
    0x1f, 0xf3, 0x06, 0xf6, 0x1f, 0xa0, 0x04, 0xf7,
    0x1f, 0xa0, 0x04, 0xf7, 0x1f, 0xa0, 0x04, 0xf7,
    0x1f, 0xa0, 0x04, 0xf7, 0x1f, 0xa0, 0x04, 0xf7,
    0x00, 0x04, 0x50, 0x00, 0x00, 0x09, 0xf2, 0x00,
    0x00, 0x00, 0xf3, 0x00, 0x00, 0x06, 0xa0, 0x00,
    0x00, 0x03, 0x00, 0x00,

    /* U+0147 "Ň" */
    0x00, 0x02, 0x02, 0x00, 0x00, 0x07, 0xe4, 0xe7,
    0x00, 0x00, 0x0b, 0xfb, 0x00, 0x00, 0x00, 0x07,
    0x00, 0x00, 0x00, 0x00, 0x00, 0x00, 0x0d, 0xe1,
    0x00, 0x00, 0xfc, 0xdf, 0xb0, 0x00, 0x0f, 0xcd,
    0xff, 0x70, 0x00, 0xfc, 0xdf, 0xef, 0x20, 0x0f,
    0xcd, 0xe5, 0xfd, 0x00, 0xfc, 0xde, 0x09, 0xf9,
    0x0f, 0xcd, 0xe0, 0x0d, 0xf4, 0xfc, 0xde, 0x00,
    0x3f, 0xef, 0xcd, 0xe0, 0x00, 0x8f, 0xfc, 0xde,
    0x00, 0x00, 0xcf, 0xcd, 0xe0, 0x00, 0x02, 0xfc,

    /* U+0148 "ň" */
    0x00, 0x83, 0x1a, 0x00, 0x00, 0x9f, 0xfd, 0x10,
    0x00, 0x09, 0xd1, 0x00, 0x00, 0x00, 0x00, 0x00,
    0x1f, 0x57, 0xdf, 0x90, 0x1f, 0xff, 0xdf, 0xf3,
    0x1f, 0xf3, 0x06, 0xf6, 0x1f, 0xa0, 0x04, 0xf7,
    0x1f, 0xa0, 0x04, 0xf7, 0x1f, 0xa0, 0x04, 0xf7,
    0x1f, 0xa0, 0x04, 0xf7, 0x1f, 0xa0, 0x04, 0xf7,

    /* U+014A "Ŋ" */
    0xde, 0x10, 0x00, 0x0f, 0xcd, 0xfb, 0x00, 0x00,
    0xfc, 0xdf, 0xf7, 0x00, 0x0f, 0xcd, 0xef, 0xf2,
    0x00, 0xfc, 0xde, 0x5f, 0xd0, 0x0f, 0xcd, 0xe0,
    0xaf, 0x90, 0xfc, 0xde, 0x00, 0xdf, 0x4f, 0xcd,
    0xe0, 0x03, 0xfe, 0xfc, 0xde, 0x00, 0x08, 0xff,
    0xcd, 0xe0, 0x00, 0x0c, 0xfc, 0xde, 0x00, 0x00,
    0x2f, 0xc0, 0x00, 0x00, 0x00, 0xfc, 0x00, 0x00,
    0x00, 0xcf, 0x90, 0x00, 0x00, 0x0f, 0xe2,

    /* U+014B "ŋ" */
    0x1f, 0x58, 0xef, 0x90, 0x1f, 0xff, 0xbe, 0xf3,
    0x1f, 0xf1, 0x05, 0xf6, 0x1f, 0xa0, 0x04, 0xf7,
    0x1f, 0xa0, 0x04, 0xf7, 0x1f, 0xa0, 0x04, 0xf7,
    0x1f, 0xa0, 0x04, 0xf7, 0x1f, 0xa0, 0x04, 0xf7,
    0x00, 0x00, 0x04, 0xf7, 0x00, 0x00, 0x3d, 0xf4,
    0x00, 0x00, 0x4f, 0xb0,

    /* U+014C "Ō" */
    0x00, 0x00, 0x11, 0x11, 0x00, 0x00, 0x00, 0x7f,
    0xff, 0xc0, 0x00, 0x00, 0x02, 0x44, 0x43, 0x00,
    0x00, 0x00, 0x00, 0x00, 0x00, 0x00, 0x00, 0x18,
    0xdf, 0xea, 0x30, 0x00, 0x2d, 0xff, 0xde, 0xff,
    0x50, 0x0c, 0xf9, 0x10, 0x05, 0xff, 0x23, 0xfb,
    0x00, 0x00, 0x05, 0xf9, 0x7f, 0x40, 0x00, 0x00,
    0x0e, 0xd9, 0xf3, 0x00, 0x00, 0x00, 0xde, 0x7f,
    0x40, 0x00, 0x00, 0x0f, 0xd3, 0xfb, 0x00, 0x00,
    0x05, 0xf9, 0x0c, 0xf9, 0x10, 0x05, 0xff, 0x20,
    0x2d, 0xff, 0xde, 0xff, 0x50, 0x00, 0x18, 0xdf,
    0xea, 0x30, 0x00,

    /* U+014D "ō" */
    0x00, 0xdf, 0xff, 0x50, 0x00, 0x05, 0x66, 0x62,
    0x00, 0x00, 0x00, 0x00, 0x00, 0x00, 0x09, 0xef,
    0xc4, 0x00, 0x0c, 0xff, 0xdf, 0xf4, 0x04, 0xfb,
    0x00, 0x5f, 0xc0, 0x7f, 0x50, 0x00, 0xdf, 0x07,
    0xf4, 0x00, 0x0d, 0xf0, 0x4f, 0xb0, 0x05, 0xfc,
    0x00, 0xcf, 0xfd, 0xff, 0x40, 0x00, 0x9e, 0xfc,
    0x40, 0x00,

    /* U+0150 "Ő" */
    0x00, 0x00, 0x01, 0x01, 0x00, 0x00, 0x00, 0x04,
    0xf2, 0xf2, 0x00, 0x00, 0x00, 0xb9, 0x8c, 0x00,
    0x00, 0x00, 0x0e, 0x2d, 0x50, 0x00, 0x00, 0x00,
    0x00, 0x00, 0x00, 0x00, 0x01, 0x8d, 0xfe, 0xa3,
    0x00, 0x02, 0xdf, 0xfd, 0xef, 0xf5, 0x00, 0xcf,
    0x91, 0x00, 0x5f, 0xf2, 0x3f, 0xb0, 0x00, 0x00,
    0x5f, 0x97, 0xf4, 0x00, 0x00, 0x00, 0xed, 0x9f,
    0x30, 0x00, 0x00, 0x0d, 0xe7, 0xf4, 0x00, 0x00,
    0x00, 0xfd, 0x3f, 0xb0, 0x00, 0x00, 0x5f, 0x90,
    0xcf, 0x91, 0x00, 0x5f, 0xf2, 0x02, 0xdf, 0xfd,
    0xef, 0xf5, 0x00, 0x01, 0x8d, 0xfe, 0xa3, 0x00,

    /* U+0151 "ő" */
    0x00, 0x01, 0x00, 0x00, 0x00, 0x00, 0xb8, 0x8b,
    0x00, 0x00, 0x2f, 0x3e, 0x60, 0x00, 0x06, 0xc4,
    0xe0, 0x00, 0x00, 0x00, 0x00, 0x00, 0x00, 0x09,
    0xef, 0xc4, 0x00, 0x0c, 0xff, 0xdf, 0xf4, 0x04,
    0xfb, 0x00, 0x5f, 0xc0, 0x7f, 0x50, 0x00, 0xdf,
    0x07, 0xf4, 0x00, 0x0d, 0xf0, 0x4f, 0xb0, 0x05,
    0xfc, 0x00, 0xcf, 0xfd, 0xff, 0x40, 0x00, 0x9e,
    0xfc, 0x40, 0x00,

    /* U+0152 "Œ" */
    0x00, 0x2a, 0xef, 0xc4, 0x6f, 0xff, 0xff, 0xc0,
    0x3f, 0xff, 0xdf, 0xfc, 0xff, 0xdd, 0xd9, 0x0d,
    0xf7, 0x00, 0x1b, 0xff, 0x40, 0x00, 0x04, 0xfa,
    0x00, 0x00, 0x0f, 0xf4, 0x00, 0x00, 0x8f, 0x40,
    0x00, 0x00, 0xef, 0xfc, 0xca, 0x09, 0xf3, 0x00,
    0x00, 0x0d, 0xff, 0xff, 0xe0, 0x8f, 0x40, 0x00,
    0x00, 0xef, 0x40, 0x00, 0x04, 0xfa, 0x00, 0x00,
    0x0f, 0xf4, 0x00, 0x00, 0x0d, 0xf7, 0x00, 0x1b,
    0xff, 0x40, 0x00, 0x00, 0x3f, 0xff, 0xdf, 0xfc,
    0xff, 0xdd, 0xd9, 0x00, 0x2a, 0xef, 0xc4, 0x6f,
    0xff, 0xff, 0xc0,

    /* U+0153 "œ" */
    0x00, 0x8e, 0xfb, 0x23, 0xcf, 0xd6, 0x00, 0x0a,
    0xff, 0xdf, 0xff, 0xd8, 0xcf, 0x50, 0x2f, 0xd1,
    0x06, 0xff, 0x31, 0x2f, 0xd0, 0x5f, 0x70, 0x00,
    0xff, 0xff, 0xff, 0xf0, 0x5f, 0x70, 0x00, 0xff,
    0x44, 0x44, 0x40, 0x2f, 0xd1, 0x06, 0xff, 0x40,
    0x0a, 0x40, 0x0a, 0xff, 0xdf, 0xff, 0xfd, 0xef,
    0x80, 0x00, 0x9e, 0xfb, 0x24, 0xcf, 0xd7, 0x00,

    /* U+0154 "Ŕ" */
    0x00, 0x00, 0x00, 0x00, 0x00, 0x01, 0xc8, 0x00,
    0x00, 0x1d, 0xd1, 0x00, 0x00, 0x1a, 0x10, 0x00,
    0x00, 0x00, 0x00, 0x00, 0xdf, 0xff, 0xea, 0x10,
    0xdf, 0xcc, 0xef, 0xd0, 0xde, 0x00, 0x0a, 0xf5,
    0xde, 0x00, 0x05, 0xf7, 0xde, 0x00, 0x0a, 0xf5,
    0xdf, 0xcc, 0xef, 0xd0, 0xdf, 0xff, 0xff, 0x10,
    0xde, 0x00, 0xee, 0x00, 0xde, 0x00, 0x7f, 0x60,
    0xde, 0x00, 0x1f, 0xd0, 0xde, 0x00, 0x08, 0xf5,

    /* U+0155 "ŕ" */
    0x00, 0x00, 0x10, 0x00, 0x07, 0xe0, 0x00, 0x7f,
    0x50, 0x00, 0x85, 0x00, 0x00, 0x00, 0x00, 0x1f,
    0x8c, 0xf0, 0x1f, 0xfd, 0xa0, 0x1f, 0xf0, 0x00,
    0x1f, 0xa0, 0x00, 0x1f, 0xa0, 0x00, 0x1f, 0xa0,
    0x00, 0x1f, 0xa0, 0x00, 0x1f, 0xa0, 0x00,

    /* U+0156 "Ŗ" */
    0xdf, 0xff, 0xea, 0x10, 0xdf, 0xcc, 0xef, 0xd0,
    0xde, 0x00, 0x0a, 0xf5, 0xde, 0x00, 0x05, 0xf7,
    0xde, 0x00, 0x0a, 0xf5, 0xdf, 0xcc, 0xef, 0xd0,
    0xdf, 0xff, 0xff, 0x10, 0xde, 0x00, 0xee, 0x00,
    0xde, 0x00, 0x7f, 0x60, 0xde, 0x00, 0x1f, 0xd0,
    0xde, 0x00, 0x08, 0xf5, 0x00, 0x06, 0x20, 0x00,
    0x00, 0x2e, 0xb0, 0x00, 0x00, 0x07, 0xc0, 0x00,
    0x00, 0x0b, 0x30, 0x00, 0x00, 0x21, 0x00, 0x00,

    /* U+0157 "ŗ" */
    0x00, 0x00, 0x01, 0xf8, 0xcf, 0x1f, 0xfd, 0xa1,
    0xff, 0x00, 0x1f, 0xa0, 0x01, 0xfa, 0x00, 0x1f,
    0xa0, 0x01, 0xfa, 0x00, 0x1f, 0xa0, 0x00, 0x62,
    0x00, 0x1e, 0xc0, 0x00, 0x7c, 0x00, 0x0b, 0x30,
    0x01, 0x20, 0x00,

    /* U+0158 "Ř" */
    0x00, 0x20, 0x10, 0x00, 0x06, 0xe4, 0xd8, 0x00,
    0x00, 0xaf, 0xc0, 0x00, 0x00, 0x07, 0x00, 0x00,
    0x00, 0x00, 0x00, 0x00, 0xdf, 0xff, 0xea, 0x10,
    0xdf, 0xcc, 0xef, 0xd0, 0xde, 0x00, 0x0a, 0xf5,
    0xde, 0x00, 0x05, 0xf7, 0xde, 0x00, 0x0a, 0xf5,
    0xdf, 0xcc, 0xef, 0xd0, 0xdf, 0xff, 0xff, 0x10,
    0xde, 0x00, 0xee, 0x00, 0xde, 0x00, 0x7f, 0x60,
    0xde, 0x00, 0x1f, 0xd0, 0xde, 0x00, 0x08, 0xf5,

    /* U+0159 "ř" */
    0x09, 0x22, 0x90, 0x0b, 0xff, 0xb0, 0x00, 0xbb,
    0x00, 0x00, 0x00, 0x00, 0x1f, 0x8c, 0xf0, 0x1f,
    0xfd, 0xa0, 0x1f, 0xf0, 0x00, 0x1f, 0xa0, 0x00,
    0x1f, 0xa0, 0x00, 0x1f, 0xa0, 0x00, 0x1f, 0xa0,
    0x00, 0x1f, 0xa0, 0x00,

    /* U+015A "Ś" */
    0x00, 0x00, 0x00, 0x00, 0x00, 0x00, 0x1d, 0x30,
    0x00, 0x01, 0xdc, 0x00, 0x00, 0x05, 0xc0, 0x00,
    0x00, 0x00, 0x00, 0x00, 0x00, 0x9e, 0xfc, 0x50,
    0x0b, 0xfe, 0xdf, 0xf6, 0x0f, 0xc0, 0x02, 0xa1,
    0x0f, 0xc0, 0x00, 0x00, 0x0b, 0xfd, 0x72, 0x00,
    0x00, 0x9f, 0xff, 0xa1, 0x00, 0x00, 0x5c, 0xfa,
    0x03, 0x00, 0x00, 0xee, 0x5f, 0x90, 0x01, 0xfd,
    0x0d, 0xfe, 0xcf, 0xf7, 0x01, 0x9d, 0xfd, 0x60,

    /* U+015B "ś" */
    0x00, 0x00, 0x00, 0x00, 0x00, 0x1c, 0x30, 0x00,
    0x1d, 0xd1, 0x00, 0x05, 0xc1, 0x00, 0x00, 0x00,
    0x00, 0x00, 0x5d, 0xfc, 0x30, 0x2f, 0xdb, 0xfc,
    0x04, 0xf5, 0x02, 0x00, 0x1e, 0xfc, 0x60, 0x00,
    0x18, 0xdf, 0xb0, 0x05, 0x00, 0xbf, 0x03, 0xfd,
    0x9e, 0xd0, 0x06, 0xdf, 0xc1, 0x00,

    /* U+015E "Ş" */
    0x00, 0x9e, 0xfc, 0x50, 0x0b, 0xfe, 0xdf, 0xf6,
    0x0f, 0xc0, 0x02, 0xa1, 0x0f, 0xc0, 0x00, 0x00,
    0x0b, 0xfd, 0x72, 0x00, 0x00, 0x9f, 0xff, 0xa1,
    0x00, 0x00, 0x5c, 0xfa, 0x03, 0x00, 0x00, 0xee,
    0x5f, 0x90, 0x01, 0xfd, 0x0d, 0xfe, 0xcf, 0xf7,
    0x01, 0x9e, 0xfd, 0x60, 0x00, 0x07, 0xf4, 0x00,
    0x00, 0x04, 0x6e, 0x00, 0x00, 0x1d, 0xf8, 0x00,

    /* U+015F "ş" */
    0x05, 0xdf, 0xc3, 0x02, 0xfd, 0xbf, 0xc0, 0x4f,
    0x50, 0x20, 0x01, 0xef, 0xc6, 0x00, 0x01, 0x8e,
    0xfb, 0x00, 0x50, 0x0b, 0xf0, 0x3f, 0xd9, 0xed,
    0x00, 0x6e, 0xfc, 0x10, 0x00, 0x6f, 0x50, 0x00,
    0x03, 0x5f, 0x00, 0x00, 0xdf, 0x90, 0x00,

    /* U+0160 "Š" */
    0x00, 0x11, 0x02, 0x00, 0x00, 0xac, 0x4f, 0x40,
    0x00, 0x1d, 0xf8, 0x00, 0x00, 0x01, 0x70, 0x00,
    0x00, 0x00, 0x00, 0x00, 0x00, 0x9e, 0xfc, 0x50,
    0x0b, 0xfe, 0xdf, 0xf6, 0x0f, 0xc0, 0x02, 0xa1,
    0x0f, 0xc0, 0x00, 0x00, 0x0b, 0xfd, 0x72, 0x00,
    0x00, 0x9f, 0xff, 0xa1, 0x00, 0x00, 0x5c, 0xfa,
    0x03, 0x00, 0x00, 0xee, 0x5f, 0x90, 0x01, 0xfd,
    0x0d, 0xfe, 0xcf, 0xf7, 0x01, 0x9d, 0xfd, 0x60,

    /* U+0161 "š" */
    0x01, 0x10, 0x20, 0x00, 0x9c, 0x4f, 0x40, 0x01,
    0xdf, 0x90, 0x00, 0x01, 0x70, 0x00, 0x00, 0x00,
    0x00, 0x00, 0x5d, 0xfc, 0x30, 0x2f, 0xdb, 0xfc,
    0x04, 0xf5, 0x02, 0x00, 0x1e, 0xfc, 0x60, 0x00,
    0x18, 0xdf, 0xb0, 0x05, 0x00, 0xbf, 0x03, 0xfd,
    0x9e, 0xd0, 0x06, 0xdf, 0xc1, 0x00,

    /* U+0164 "Ť" */
    0x00, 0x20, 0x02, 0x00, 0x00, 0x0d, 0xa6, 0xf1,
    0x00, 0x00, 0x2f, 0xf6, 0x00, 0x00, 0x00, 0x26,
    0x00, 0x00, 0x00, 0x00, 0x00, 0x00, 0x0d, 0xff,
    0xff, 0xff, 0xf4, 0xac, 0xcf, 0xfc, 0xcc, 0x30,
    0x00, 0xbf, 0x00, 0x00, 0x00, 0x0b, 0xf0, 0x00,
    0x00, 0x00, 0xbf, 0x00, 0x00, 0x00, 0x0b, 0xf0,
    0x00, 0x00, 0x00, 0xbf, 0x00, 0x00, 0x00, 0x0b,
    0xf0, 0x00, 0x00, 0x00, 0xbf, 0x00, 0x00, 0x00,
    0x0b, 0xf0, 0x00, 0x00, 0x00, 0xbf, 0x00, 0x00,

    /* U+0165 "ť" */
    0x00, 0x00, 0xf6, 0x00, 0x00, 0xf4, 0x02, 0xc3,
    0xf2, 0x06, 0xf4, 0x30, 0x9f, 0xff, 0xd0, 0x6f,
    0xff, 0x90, 0x07, 0xf4, 0x00, 0x07, 0xf4, 0x00,
    0x07, 0xf4, 0x00, 0x07, 0xf5, 0x00, 0x04, 0xff,
    0xb0, 0x00, 0x9f, 0xc0,

    /* U+016A "Ū" */
    0x00, 0x11, 0x11, 0x00, 0x00, 0x0f, 0xff, 0xf3,
    0x00, 0x00, 0x44, 0x44, 0x10, 0x00, 0x00, 0x00,
    0x00, 0x00, 0xed, 0x00, 0x00, 0x9f, 0x2e, 0xd0,
    0x00, 0x09, 0xf2, 0xed, 0x00, 0x00, 0x9f, 0x2e,
    0xd0, 0x00, 0x09, 0xf2, 0xed, 0x00, 0x00, 0x9f,
    0x2e, 0xd0, 0x00, 0x09, 0xf2, 0xed, 0x00, 0x00,
    0xaf, 0x2d, 0xf0, 0x00, 0x0c, 0xf0, 0x9f, 0x80,
    0x05, 0xfd, 0x02, 0xff, 0xed, 0xff, 0x40, 0x02,
    0xbf, 0xfc, 0x40, 0x00,

    /* U+016B "ū" */
    0x00, 0xff, 0xff, 0x30, 0x00, 0x66, 0x66, 0x10,
    0x00, 0x00, 0x00, 0x00, 0x2f, 0x90, 0x05, 0xf6,
    0x2f, 0x90, 0x05, 0xf6, 0x2f, 0x90, 0x05, 0xf6,
    0x2f, 0x90, 0x05, 0xf6, 0x2f, 0x90, 0x06, 0xf6,
    0x1f, 0xb0, 0x1f, 0xf6, 0x0e, 0xfe, 0xff, 0xf6,
    0x04, 0xef, 0xa2, 0xf6,

    /* U+016C "Ŭ" */
    0x00, 0x73, 0x17, 0x10, 0x00, 0x07, 0xff, 0xb0,
    0x00, 0x00, 0x00, 0x10, 0x00, 0x00, 0x00, 0x00,
    0x00, 0x00, 0xed, 0x00, 0x00, 0x9f, 0x2e, 0xd0,
    0x00, 0x09, 0xf2, 0xed, 0x00, 0x00, 0x9f, 0x2e,
    0xd0, 0x00, 0x09, 0xf2, 0xed, 0x00, 0x00, 0x9f,
    0x2e, 0xd0, 0x00, 0x09, 0xf2, 0xed, 0x00, 0x00,
    0xaf, 0x2d, 0xf0, 0x00, 0x0c, 0xf0, 0x9f, 0x80,
    0x05, 0xfd, 0x02, 0xff, 0xed, 0xff, 0x40, 0x02,
    0xbf, 0xfc, 0x40, 0x00,

    /* U+016D "ŭ" */
    0x00, 0x73, 0x17, 0x10, 0x00, 0x7f, 0xfb, 0x00,
    0x00, 0x00, 0x10, 0x00, 0x00, 0x00, 0x00, 0x00,
    0x2f, 0x90, 0x05, 0xf6, 0x2f, 0x90, 0x05, 0xf6,
    0x2f, 0x90, 0x05, 0xf6, 0x2f, 0x90, 0x05, 0xf6,
    0x2f, 0x90, 0x06, 0xf6, 0x1f, 0xb0, 0x1f, 0xf6,
    0x0e, 0xfe, 0xff, 0xf6, 0x04, 0xef, 0xa2, 0xf6,

    /* U+016E "Ů" */
    0x00, 0x0c, 0xd2, 0x00, 0x00, 0x06, 0xb9, 0xa0,
    0x00, 0x00, 0x7a, 0x7a, 0x00, 0x00, 0x02, 0xef,
    0x40, 0x00, 0x00, 0x00, 0x00, 0x00, 0x0e, 0xd0,
    0x00, 0x09, 0xf2, 0xed, 0x00, 0x00, 0x9f, 0x2e,
    0xd0, 0x00, 0x09, 0xf2, 0xed, 0x00, 0x00, 0x9f,
    0x2e, 0xd0, 0x00, 0x09, 0xf2, 0xed, 0x00, 0x00,
    0x9f, 0x2e, 0xd0, 0x00, 0x0a, 0xf2, 0xdf, 0x00,
    0x00, 0xcf, 0x09, 0xf8, 0x00, 0x5f, 0xd0, 0x2f,
    0xfe, 0xdf, 0xf4, 0x00, 0x2b, 0xff, 0xc4, 0x00,

    /* U+016F "ů" */
    0x00, 0x0c, 0xd2, 0x00, 0x00, 0x6b, 0x9a, 0x00,
    0x00, 0x7a, 0x7a, 0x00, 0x00, 0x2e, 0xf4, 0x00,
    0x00, 0x00, 0x00, 0x00, 0x2f, 0x90, 0x05, 0xf6,
    0x2f, 0x90, 0x05, 0xf6, 0x2f, 0x90, 0x05, 0xf6,
    0x2f, 0x90, 0x05, 0xf6, 0x2f, 0x90, 0x06, 0xf6,
    0x1f, 0xb0, 0x1f, 0xf6, 0x0e, 0xfe, 0xff, 0xf6,
    0x04, 0xef, 0xa2, 0xf6,

    /* U+0170 "Ű" */
    0x00, 0x03, 0x02, 0x10, 0x00, 0x00, 0xe6, 0xb9,
    0x00, 0x00, 0x5f, 0x3f, 0x20, 0x00, 0x07, 0x85,
    0xb0, 0x00, 0x00, 0x00, 0x00, 0x00, 0x0e, 0xd0,
    0x00, 0x09, 0xf2, 0xed, 0x00, 0x00, 0x9f, 0x2e,
    0xd0, 0x00, 0x09, 0xf2, 0xed, 0x00, 0x00, 0x9f,
    0x2e, 0xd0, 0x00, 0x09, 0xf2, 0xed, 0x00, 0x00,
    0x9f, 0x2e, 0xd0, 0x00, 0x0a, 0xf2, 0xdf, 0x00,
    0x00, 0xcf, 0x09, 0xf8, 0x00, 0x5f, 0xd0, 0x2f,
    0xfe, 0xdf, 0xf4, 0x00, 0x2b, 0xff, 0xc4, 0x00,

    /* U+0171 "ű" */
    0x00, 0x03, 0x02, 0x10, 0x00, 0x0e, 0x6b, 0x90,
    0x00, 0x5f, 0x3f, 0x20, 0x00, 0x78, 0x5a, 0x00,
    0x00, 0x00, 0x00, 0x00, 0x2f, 0x90, 0x05, 0xf6,
    0x2f, 0x90, 0x05, 0xf6, 0x2f, 0x90, 0x05, 0xf6,
    0x2f, 0x90, 0x05, 0xf6, 0x2f, 0x90, 0x06, 0xf6,
    0x1f, 0xb0, 0x1f, 0xf6, 0x0e, 0xfe, 0xff, 0xf6,
    0x04, 0xef, 0xa2, 0xf6,

    /* U+0172 "Ų" */
    0xed, 0x00, 0x00, 0x9f, 0x2e, 0xd0, 0x00, 0x09,
    0xf2, 0xed, 0x00, 0x00, 0x9f, 0x2e, 0xd0, 0x00,
    0x09, 0xf2, 0xed, 0x00, 0x00, 0x9f, 0x2e, 0xd0,
    0x00, 0x09, 0xf2, 0xed, 0x00, 0x00, 0xaf, 0x2d,
    0xf0, 0x00, 0x0c, 0xf0, 0xaf, 0x70, 0x04, 0xfc,
    0x02, 0xff, 0xed, 0xff, 0x30, 0x03, 0xcf, 0xf9,
    0x20, 0x00, 0x00, 0x98, 0x00, 0x00, 0x00, 0x0f,
    0x40, 0x00, 0x00, 0x00, 0xdf, 0x60, 0x00, 0x00,
    0x00, 0x20, 0x00, 0x00,

    /* U+0173 "ų" */
    0x2f, 0x90, 0x05, 0xf6, 0x2f, 0x90, 0x05, 0xf6,
    0x2f, 0x90, 0x05, 0xf6, 0x2f, 0x90, 0x05, 0xf6,
    0x2f, 0x90, 0x05, 0xf6, 0x1f, 0xb0, 0x1b, 0xf6,
    0x0e, 0xfe, 0xff, 0xf6, 0x04, 0xef, 0xb2, 0xf5,
    0x00, 0x00, 0x08, 0xa0, 0x00, 0x00, 0x0f, 0x40,
    0x00, 0x00, 0x0d, 0xf7, 0x00, 0x00, 0x00, 0x20,

    /* U+0174 "Ŵ" */
    0x00, 0x00, 0x00, 0x01, 0x00, 0x00, 0x00, 0x00,
    0x00, 0x00, 0x07, 0xe2, 0x00, 0x00, 0x00, 0x00,
    0x00, 0x07, 0xff, 0xe2, 0x00, 0x00, 0x00, 0x00,
    0x00, 0x65, 0x0a, 0x10, 0x00, 0x00, 0x00, 0x00,
    0x00, 0x00, 0x00, 0x00, 0x00, 0x0a, 0xf2, 0x00,
    0x0f, 0xf5, 0x00, 0x08, 0xf3, 0x5f, 0x60, 0x00,
    0xff, 0x90, 0x00, 0xcf, 0x01, 0xfa, 0x00, 0x3f,
    0xfd, 0x00, 0x0f, 0xb0, 0x0d, 0xd0, 0x08, 0xfb,
    0xf2, 0x04, 0xf7, 0x00, 0x9f, 0x10, 0xce, 0x4f,
    0x60, 0x8f, 0x30, 0x05, 0xf5, 0x1f, 0x90, 0xfb,
    0x0c, 0xf0, 0x00, 0x1f, 0x95, 0xf4, 0x0b, 0xf0,
    0xfb, 0x00, 0x00, 0xdd, 0xaf, 0x00, 0x6f, 0x8f,
    0x70, 0x00, 0x09, 0xff, 0xb0, 0x02, 0xff, 0xf3,
    0x00, 0x00, 0x5f, 0xf7, 0x00, 0x0d, 0xfe, 0x00,
    0x00, 0x01, 0xff, 0x20, 0x00, 0x9f, 0xb0, 0x00,

    /* U+0175 "ŵ" */
    0x00, 0x00, 0x01, 0x00, 0x00, 0x00, 0x00, 0x03,
    0xf5, 0x00, 0x00, 0x00, 0x03, 0xff, 0xf4, 0x00,
    0x00, 0x00, 0x38, 0x07, 0x40, 0x00, 0x00, 0x00,
    0x00, 0x00, 0x00, 0x0b, 0xf0, 0x05, 0xf7, 0x00,
    0xec, 0x6f, 0x40, 0xaf, 0xb0, 0x2f, 0x81, 0xf8,
    0x0e, 0xff, 0x06, 0xf3, 0x0d, 0xc3, 0xf8, 0xf5,
    0xae, 0x00, 0x8f, 0x9f, 0x0e, 0xae, 0xa0, 0x04,
    0xff, 0xb0, 0x9f, 0xf5, 0x00, 0x0f, 0xf6, 0x04,
    0xff, 0x10, 0x00, 0xbf, 0x20, 0x0f, 0xc0, 0x00,

    /* U+0176 "Ŷ" */
    0x00, 0x00, 0x01, 0x00, 0x00, 0x00, 0x00, 0x7e,
    0x20, 0x00, 0x00, 0x07, 0xff, 0xd1, 0x00, 0x00,
    0x07, 0x50, 0xa1, 0x00, 0x00, 0x00, 0x00, 0x00,
    0x00, 0x0c, 0xf2, 0x00, 0x09, 0xf5, 0x04, 0xf9,
    0x00, 0x1f, 0xd0, 0x00, 0xcf, 0x10, 0x8f, 0x50,
    0x00, 0x5f, 0x80, 0xfd, 0x00, 0x00, 0x0d, 0xf8,
    0xf5, 0x00, 0x00, 0x05, 0xff, 0xd0, 0x00, 0x00,
    0x00, 0xef, 0x70, 0x00, 0x00, 0x00, 0x9f, 0x20,
    0x00, 0x00, 0x00, 0x9f, 0x20, 0x00, 0x00, 0x00,
    0x9f, 0x20, 0x00, 0x00, 0x00, 0x9f, 0x20, 0x00,

    /* U+0177 "ŷ" */
    0x00, 0x00, 0x00, 0x00, 0x00, 0x0c, 0xa0, 0x00,
    0x00, 0xcf, 0xfa, 0x00, 0x00, 0xa1, 0x39, 0x00,
    0x00, 0x00, 0x00, 0x00, 0x9f, 0x30, 0x05, 0xf7,
    0x3f, 0x90, 0x0c, 0xf1, 0x0c, 0xf1, 0x2f, 0x90,
    0x05, 0xf7, 0x9f, 0x30, 0x00, 0xee, 0xfc, 0x00,
    0x00, 0x8f, 0xf6, 0x00, 0x00, 0x2f, 0xf0, 0x00,
    0x00, 0x3f, 0x80, 0x00, 0x00, 0xaf, 0x20, 0x00,
    0x01, 0xfb, 0x00, 0x00, 0x07, 0xf5, 0x00, 0x00,

    /* U+0178 "Ÿ" */
    0x00, 0x02, 0x10, 0x20, 0x00, 0x00, 0x2f, 0xc3,
    0xfa, 0x00, 0x00, 0x1e, 0x92, 0xe8, 0x00, 0x00,
    0x00, 0x00, 0x00, 0x00, 0x0c, 0xf2, 0x00, 0x09,
    0xf5, 0x04, 0xf9, 0x00, 0x1f, 0xd0, 0x00, 0xcf,
    0x10, 0x8f, 0x50, 0x00, 0x5f, 0x80, 0xed, 0x00,
    0x00, 0x0d, 0xf8, 0xf6, 0x00, 0x00, 0x05, 0xff,
    0xe0, 0x00, 0x00, 0x00, 0xff, 0x70, 0x00, 0x00,
    0x00, 0xaf, 0x20, 0x00, 0x00, 0x00, 0x9f, 0x20,
    0x00, 0x00, 0x00, 0x9f, 0x20, 0x00, 0x00, 0x00,
    0x9f, 0x20, 0x00,

    /* U+0179 "Ź" */
    0x00, 0x00, 0x01, 0x00, 0x00, 0x00, 0x2e, 0x50,
    0x00, 0x02, 0xeb, 0x00, 0x00, 0x02, 0xa0, 0x00,
    0x00, 0x00, 0x00, 0x00, 0x3f, 0xff, 0xff, 0xfd,
    0x2c, 0xcc, 0xce, 0xfc, 0x00, 0x00, 0x0b, 0xf3,
    0x00, 0x00, 0x6f, 0x80, 0x00, 0x01, 0xfd, 0x00,
    0x00, 0x0b, 0xf4, 0x00, 0x00, 0x5f, 0x90, 0x00,
    0x01, 0xee, 0x10, 0x00, 0x0a, 0xf5, 0x00, 0x00,
    0x3f, 0xfc, 0xcc, 0xcb, 0x5f, 0xff, 0xff, 0xfe,

    /* U+017A "ź" */
    0x00, 0x00, 0x10, 0x00, 0x00, 0x1d, 0x70, 0x00,
    0x1d, 0xc0, 0x00, 0x02, 0xa0, 0x00, 0x00, 0x00,
    0x00, 0x05, 0xff, 0xff, 0xf4, 0x3b, 0xbb, 0xff,
    0x30, 0x00, 0x6f, 0x80, 0x00, 0x3f, 0xc0, 0x00,
    0x0d, 0xe1, 0x00, 0x0a, 0xf4, 0x00, 0x05, 0xff,
    0xbb, 0xb3, 0x7f, 0xff, 0xff, 0x50,

    /* U+017B "Ż" */
    0x00, 0x00, 0x40, 0x00, 0x00, 0x09, 0xf6, 0x00,
    0x00, 0x07, 0xf4, 0x00, 0x00, 0x00, 0x00, 0x00,
    0x3f, 0xff, 0xff, 0xfd, 0x2c, 0xcc, 0xce, 0xfc,
    0x00, 0x00, 0x0b, 0xf3, 0x00, 0x00, 0x6f, 0x80,
    0x00, 0x01, 0xfd, 0x00, 0x00, 0x0b, 0xf4, 0x00,
    0x00, 0x5f, 0x90, 0x00, 0x01, 0xee, 0x10, 0x00,
    0x0a, 0xf5, 0x00, 0x00, 0x3f, 0xfc, 0xcc, 0xcb,
    0x5f, 0xff, 0xff, 0xfe,

    /* U+017C "ż" */
    0x00, 0x17, 0x10, 0x00, 0x08, 0xf8, 0x00, 0x00,
    0x4c, 0x30, 0x00, 0x00, 0x00, 0x00, 0x5f, 0xff,
    0xff, 0x43, 0xbb, 0xbf, 0xf3, 0x00, 0x06, 0xf8,
    0x00, 0x03, 0xfc, 0x00, 0x00, 0xde, 0x10, 0x00,
    0xaf, 0x40, 0x00, 0x5f, 0xfb, 0xbb, 0x37, 0xff,
    0xff, 0xf5,

    /* U+017D "Ž" */
    0x00, 0x01, 0x02, 0x00, 0x00, 0x9d, 0x4e, 0x50,
    0x00, 0x0c, 0xf9, 0x00, 0x00, 0x00, 0x70, 0x00,
    0x00, 0x00, 0x00, 0x00, 0x3f, 0xff, 0xff, 0xfd,
    0x2c, 0xcc, 0xce, 0xfc, 0x00, 0x00, 0x0b, 0xf3,
    0x00, 0x00, 0x6f, 0x80, 0x00, 0x01, 0xfd, 0x00,
    0x00, 0x0b, 0xf4, 0x00, 0x00, 0x5f, 0x90, 0x00,
    0x01, 0xee, 0x10, 0x00, 0x0a, 0xf5, 0x00, 0x00,
    0x3f, 0xfc, 0xcc, 0xcb, 0x5f, 0xff, 0xff, 0xfe,

    /* U+017E "ž" */
    0x04, 0x80, 0x83, 0x00, 0x4f, 0xff, 0x40, 0x00,
    0x4e, 0x40, 0x00, 0x00, 0x00, 0x00, 0x5f, 0xff,
    0xff, 0x43, 0xbb, 0xbf, 0xf3, 0x00, 0x06, 0xf8,
    0x00, 0x03, 0xfc, 0x00, 0x00, 0xde, 0x10, 0x00,
    0xaf, 0x40, 0x00, 0x5f, 0xfb, 0xbb, 0x37, 0xff,
    0xff, 0xf5,

    /* U+2000 " " */

    /* U+2001 " " */

    /* U+2002 " " */

    /* U+2003 " " */

    /* U+2004 " " */

    /* U+2005 " " */

    /* U+2006 " " */

    /* U+2007 " " */

    /* U+2008 " " */

    /* U+2009 " " */

    /* U+200A " " */

    /* U+200B "​" */

    /* U+200C "‌" */

    /* U+2013 "–" */
    0x7b, 0xbb, 0xbb, 0xbb, 0x2a, 0xff, 0xff, 0xff,
    0xf3,

    /* U+2014 "—" */
    0x7b, 0xbb, 0xbb, 0xbb, 0xbb, 0xbb, 0xbb, 0x5b,
    0xff, 0xff, 0xff, 0xff, 0xff, 0xff, 0xf8,

    /* U+2018 "‘" */
    0x03, 0x91, 0xe5, 0x8f, 0x0a, 0xf3, 0x4e, 0x80,

    /* U+2019 "’" */
    0x7e, 0x52, 0xfb, 0x0f, 0x95, 0xf2, 0x84, 0x00,

    /* U+201A "‚" */
    0x6e, 0x51, 0xfc, 0x0e, 0xa4, 0xf3, 0x75, 0x00,

    /* U+201C "“" */
    0x03, 0x90, 0x1a, 0x01, 0xe5, 0x0d, 0x90, 0x8f,
    0x04, 0xf3, 0x0a, 0xf3, 0x6f, 0x60, 0x4e, 0x82,
    0xdb, 0x00,

    /* U+201D "”" */
    0x7e, 0x54, 0xe7, 0x2f, 0xb0, 0xee, 0x0f, 0x90,
    0xcc, 0x5f, 0x22, 0xf5, 0x84, 0x05, 0x60,

    /* U+201E "„" */
    0x6e, 0x53, 0xe8, 0x01, 0xfc, 0x0d, 0xf0, 0x0e,
    0xa0, 0xbd, 0x04, 0xf3, 0x1f, 0x50, 0x75, 0x05,
    0x70, 0x00,

    /* U+2022 "•" */
    0x00, 0x21, 0x00, 0x8f, 0xf4, 0x1f, 0xff, 0xb0,
    0xff, 0xfb, 0x05, 0xed, 0x20,

    /* U+2026 "…" */
    0x09, 0x90, 0x1a, 0x70, 0x2b, 0x53, 0xff, 0x46,
    0xff, 0x19, 0xfe, 0x0c, 0xd1, 0x2e, 0xb0, 0x4e,
    0x80,

    /* U+202F " " */

    /* U+2030 "‰" */
    0x08, 0xfc, 0x20, 0x00, 0x59, 0x00, 0x00, 0x00,
    0x5f, 0x8d, 0xc0, 0x03, 0xfa, 0x00, 0x00, 0x00,
    0xac, 0x05, 0xf0, 0x1e, 0xd0, 0x00, 0x00, 0x00,
    0x8e, 0x39, 0xe0, 0xbe, 0x20, 0x00, 0x00, 0x00,
    0x1d, 0xff, 0x69, 0xf4, 0x00, 0x00, 0x00, 0x00,
    0x00, 0x42, 0x6f, 0x70, 0x00, 0x00, 0x00, 0x00,
    0x00, 0x03, 0xfa, 0x6f, 0xf8, 0x05, 0xff, 0xa0,
    0x00, 0x1e, 0xc2, 0xf9, 0x7f, 0x5f, 0xa6, 0xf5,
    0x00, 0xce, 0x14, 0xf2, 0x0f, 0x9f, 0x30, 0xd8,
    0x09, 0xf3, 0x01, 0xfa, 0x9f, 0x4e, 0xb8, 0xf5,
    0x09, 0x60, 0x00, 0x4e, 0xe6, 0x03, 0xdf, 0x70,

    /* U+2039 "‹" */
    0x00, 0x9f, 0x30, 0x4f, 0x90, 0x0d, 0xd0, 0x03,
    0xf9, 0x00, 0x09, 0xf3, 0x00, 0x0d, 0xd0, 0x00,
    0x37, 0x20,

    /* U+203A "›" */
    0x3f, 0xa0, 0x00, 0x8f, 0x40, 0x00, 0xde, 0x00,
    0x08, 0xf3, 0x03, 0xf9, 0x00, 0xde, 0x10, 0x27,
    0x30, 0x00,

    /* U+2044 "⁄" */
    0x00, 0x00, 0x00, 0x00, 0x00, 0x00, 0x00, 0x00,
    0x09, 0xc0, 0x00, 0x00, 0x00, 0x3f, 0x50, 0x00,
    0x00, 0x00, 0xda, 0x00, 0x00, 0x00, 0x07, 0xf1,
    0x00, 0x00, 0x00, 0x2f, 0x60, 0x00, 0x00, 0x00,
    0xbc, 0x00, 0x00, 0x00, 0x06, 0xf2, 0x00, 0x00,
    0x00, 0x1e, 0x80, 0x00, 0x00, 0x00, 0xad, 0x00,
    0x00, 0x00, 0x04, 0xf4, 0x00, 0x00, 0x00, 0x0e,
    0x90, 0x00, 0x00, 0x00, 0x07, 0x10, 0x00, 0x00,
    0x00,

    /* U+205F " " */

};

/*---------------------
 *  GLYPH DESCRIPTION
 *--------------------*/

static const lv_font_fmt_txt_glyph_dsc_t glyph_dsc[] = {
    {.bitmap_index = 0, .adv_w = 0, .box_w = 0, .box_h = 0, .ofs_x = 0, .ofs_y = 0} /* id = 0 reserved */,
    {.bitmap_index = 0, .adv_w = 62, .box_w = 0, .box_h = 0, .ofs_x = 0, .ofs_y = 0},
    {.bitmap_index = 0, .adv_w = 69, .box_w = 4, .box_h = 12, .ofs_x = 0, .ofs_y = 0},
    {.bitmap_index = 24, .adv_w = 79, .box_w = 5, .box_h = 5, .ofs_x = 0, .ofs_y = 6},
    {.bitmap_index = 37, .adv_w = 160, .box_w = 10, .box_h = 11, .ofs_x = 0, .ofs_y = 0},
    {.bitmap_index = 92, .adv_w = 129, .box_w = 8, .box_h = 15, .ofs_x = 0, .ofs_y = -2},
    {.bitmap_index = 152, .adv_w = 178, .box_w = 11, .box_h = 11, .ofs_x = 0, .ofs_y = 0},
    {.bitmap_index = 213, .adv_w = 155, .box_w = 10, .box_h = 12, .ofs_x = 0, .ofs_y = 0},
    {.bitmap_index = 273, .adv_w = 40, .box_w = 3, .box_h = 5, .ofs_x = 0, .ofs_y = 6},
    {.bitmap_index = 281, .adv_w = 84, .box_w = 6, .box_h = 16, .ofs_x = 0, .ofs_y = -3},
    {.bitmap_index = 329, .adv_w = 84, .box_w = 5, .box_h = 16, .ofs_x = 0, .ofs_y = -3},
    {.bitmap_index = 369, .adv_w = 108, .box_w = 7, .box_h = 7, .ofs_x = 0, .ofs_y = 5},
    {.bitmap_index = 394, .adv_w = 161, .box_w = 8, .box_h = 8, .ofs_x = 1, .ofs_y = 2},
    {.bitmap_index = 426, .adv_w = 66, .box_w = 4, .box_h = 6, .ofs_x = 0, .ofs_y = -3},
    {.bitmap_index = 438, .adv_w = 88, .box_w = 6, .box_h = 2, .ofs_x = 0, .ofs_y = 4},
    {.bitmap_index = 444, .adv_w = 66, .box_w = 4, .box_h = 3, .ofs_x = 0, .ofs_y = 0},
    {.bitmap_index = 450, .adv_w = 112, .box_w = 8, .box_h = 14, .ofs_x = 0, .ofs_y = -2},
    {.bitmap_index = 506, .adv_w = 132, .box_w = 8, .box_h = 11, .ofs_x = 0, .ofs_y = 0},
    {.bitmap_index = 550, .adv_w = 85, .box_w = 5, .box_h = 11, .ofs_x = 0, .ofs_y = 0},
    {.bitmap_index = 578, .adv_w = 121, .box_w = 7, .box_h = 11, .ofs_x = 0, .ofs_y = 0},
    {.bitmap_index = 617, .adv_w = 122, .box_w = 8, .box_h = 11, .ofs_x = 0, .ofs_y = 0},
    {.bitmap_index = 661, .adv_w = 135, .box_w = 9, .box_h = 11, .ofs_x = 0, .ofs_y = 0},
    {.bitmap_index = 711, .adv_w = 126, .box_w = 8, .box_h = 11, .ofs_x = 0, .ofs_y = 0},
    {.bitmap_index = 755, .adv_w = 131, .box_w = 8, .box_h = 11, .ofs_x = 0, .ofs_y = 0},
    {.bitmap_index = 799, .adv_w = 116, .box_w = 8, .box_h = 11, .ofs_x = 0, .ofs_y = 0},
    {.bitmap_index = 843, .adv_w = 129, .box_w = 8, .box_h = 11, .ofs_x = 0, .ofs_y = 0},
    {.bitmap_index = 887, .adv_w = 130, .box_w = 8, .box_h = 11, .ofs_x = 0, .ofs_y = 0},
    {.bitmap_index = 931, .adv_w = 66, .box_w = 4, .box_h = 8, .ofs_x = 0, .ofs_y = 0},
    {.bitmap_index = 947, .adv_w = 66, .box_w = 4, .box_h = 11, .ofs_x = 0, .ofs_y = -3},
    {.bitmap_index = 969, .adv_w = 161, .box_w = 8, .box_h = 9, .ofs_x = 1, .ofs_y = 0},
    {.bitmap_index = 1005, .adv_w = 161, .box_w = 8, .box_h = 5, .ofs_x = 1, .ofs_y = 2},
    {.bitmap_index = 1025, .adv_w = 161, .box_w = 8, .box_h = 9, .ofs_x = 1, .ofs_y = 0},
    {.bitmap_index = 1061, .adv_w = 130, .box_w = 8, .box_h = 12, .ofs_x = 0, .ofs_y = 0},
    {.bitmap_index = 1109, .adv_w = 203, .box_w = 13, .box_h = 13, .ofs_x = 0, .ofs_y = -1},
    {.bitmap_index = 1194, .adv_w = 158, .box_w = 10, .box_h = 11, .ofs_x = 0, .ofs_y = 0},
    {.bitmap_index = 1249, .adv_w = 143, .box_w = 8, .box_h = 11, .ofs_x = 1, .ofs_y = 0},
    {.bitmap_index = 1293, .adv_w = 169, .box_w = 11, .box_h = 11, .ofs_x = 0, .ofs_y = 0},
    {.bitmap_index = 1354, .adv_w = 162, .box_w = 9, .box_h = 11, .ofs_x = 1, .ofs_y = 0},
    {.bitmap_index = 1404, .adv_w = 131, .box_w = 7, .box_h = 11, .ofs_x = 1, .ofs_y = 0},
    {.bitmap_index = 1443, .adv_w = 124, .box_w = 7, .box_h = 11, .ofs_x = 1, .ofs_y = 0},
    {.bitmap_index = 1482, .adv_w = 174, .box_w = 11, .box_h = 11, .ofs_x = 0, .ofs_y = 0},
    {.bitmap_index = 1543, .adv_w = 166, .box_w = 9, .box_h = 11, .ofs_x = 1, .ofs_y = 0},
    {.bitmap_index = 1593, .adv_w = 65, .box_w = 2, .box_h = 11, .ofs_x = 1, .ofs_y = 0},
    {.bitmap_index = 1604, .adv_w = 129, .box_w = 7, .box_h = 11, .ofs_x = 0, .ofs_y = 0},
    {.bitmap_index = 1643, .adv_w = 148, .box_w = 9, .box_h = 11, .ofs_x = 1, .ofs_y = 0},
    {.bitmap_index = 1693, .adv_w = 120, .box_w = 7, .box_h = 11, .ofs_x = 1, .ofs_y = 0},
    {.bitmap_index = 1732, .adv_w = 209, .box_w = 13, .box_h = 11, .ofs_x = 0, .ofs_y = 0},
    {.bitmap_index = 1804, .adv_w = 175, .box_w = 9, .box_h = 11, .ofs_x = 1, .ofs_y = 0},
    {.bitmap_index = 1854, .adv_w = 182, .box_w = 11, .box_h = 11, .ofs_x = 0, .ofs_y = 0},
    {.bitmap_index = 1915, .adv_w = 140, .box_w = 8, .box_h = 11, .ofs_x = 1, .ofs_y = 0},
    {.bitmap_index = 1959, .adv_w = 182, .box_w = 11, .box_h = 12, .ofs_x = 0, .ofs_y = -1},
    {.bitmap_index = 2025, .adv_w = 147, .box_w = 8, .box_h = 11, .ofs_x = 1, .ofs_y = 0},
    {.bitmap_index = 2069, .adv_w = 134, .box_w = 8, .box_h = 11, .ofs_x = 0, .ofs_y = 0},
    {.bitmap_index = 2113, .adv_w = 135, .box_w = 9, .box_h = 11, .ofs_x = 0, .ofs_y = 0},
    {.bitmap_index = 2163, .adv_w = 163, .box_w = 9, .box_h = 11, .ofs_x = 1, .ofs_y = 0},
    {.bitmap_index = 2213, .adv_w = 154, .box_w = 10, .box_h = 11, .ofs_x = 0, .ofs_y = 0},
    {.bitmap_index = 2268, .adv_w = 234, .box_w = 15, .box_h = 11, .ofs_x = 0, .ofs_y = 0},
    {.bitmap_index = 2351, .adv_w = 156, .box_w = 10, .box_h = 11, .ofs_x = 0, .ofs_y = 0},
    {.bitmap_index = 2406, .adv_w = 137, .box_w = 10, .box_h = 11, .ofs_x = -1, .ofs_y = 0},
    {.bitmap_index = 2461, .adv_w = 135, .box_w = 8, .box_h = 11, .ofs_x = 0, .ofs_y = 0},
    {.bitmap_index = 2505, .adv_w = 77, .box_w = 4, .box_h = 15, .ofs_x = 1, .ofs_y = -2},
    {.bitmap_index = 2535, .adv_w = 112, .box_w = 8, .box_h = 14, .ofs_x = 0, .ofs_y = -2},
    {.bitmap_index = 2591, .adv_w = 75, .box_w = 4, .box_h = 15, .ofs_x = 0, .ofs_y = -2},
    {.bitmap_index = 2621, .adv_w = 161, .box_w = 8, .box_h = 5, .ofs_x = 1, .ofs_y = 4},
    {.bitmap_index = 2641, .adv_w = 132, .box_w = 8, .box_h = 2, .ofs_x = 0, .ofs_y = -1},
    {.bitmap_index = 2649, .adv_w = 131, .box_w = 4, .box_h = 5, .ofs_x = 2, .ofs_y = 8},
    {.bitmap_index = 2659, .adv_w = 120, .box_w = 7, .box_h = 8, .ofs_x = 0, .ofs_y = 0},
    {.bitmap_index = 2687, .adv_w = 137, .box_w = 9, .box_h = 11, .ofs_x = 0, .ofs_y = 0},
    {.bitmap_index = 2737, .adv_w = 122, .box_w = 8, .box_h = 8, .ofs_x = 0, .ofs_y = 0},
    {.bitmap_index = 2769, .adv_w = 137, .box_w = 8, .box_h = 11, .ofs_x = 0, .ofs_y = 0},
    {.bitmap_index = 2813, .adv_w = 130, .box_w = 8, .box_h = 8, .ofs_x = 0, .ofs_y = 0},
    {.bitmap_index = 2845, .adv_w = 77, .box_w = 5, .box_h = 11, .ofs_x = 0, .ofs_y = 0},
    {.bitmap_index = 2873, .adv_w = 138, .box_w = 8, .box_h = 11, .ofs_x = 0, .ofs_y = -3},
    {.bitmap_index = 2917, .adv_w = 132, .box_w = 8, .box_h = 11, .ofs_x = 0, .ofs_y = 0},
    {.bitmap_index = 2961, .adv_w = 58, .box_w = 3, .box_h = 12, .ofs_x = 0, .ofs_y = 0},
    {.bitmap_index = 2979, .adv_w = 59, .box_w = 4, .box_h = 15, .ofs_x = -1, .ofs_y = -3},
    {.bitmap_index = 3009, .adv_w = 115, .box_w = 8, .box_h = 11, .ofs_x = 0, .ofs_y = 0},
    {.bitmap_index = 3053, .adv_w = 61, .box_w = 4, .box_h = 11, .ofs_x = 0, .ofs_y = 0},
    {.bitmap_index = 3075, .adv_w = 203, .box_w = 12, .box_h = 8, .ofs_x = 0, .ofs_y = 0},
    {.bitmap_index = 3123, .adv_w = 132, .box_w = 8, .box_h = 8, .ofs_x = 0, .ofs_y = 0},
    {.bitmap_index = 3155, .adv_w = 136, .box_w = 9, .box_h = 8, .ofs_x = 0, .ofs_y = 0},
    {.bitmap_index = 3191, .adv_w = 137, .box_w = 9, .box_h = 11, .ofs_x = 0, .ofs_y = -3},
    {.bitmap_index = 3241, .adv_w = 137, .box_w = 8, .box_h = 11, .ofs_x = 0, .ofs_y = -3},
    {.bitmap_index = 3285, .adv_w = 85, .box_w = 5, .box_h = 9, .ofs_x = 0, .ofs_y = 0},
    {.bitmap_index = 3308, .adv_w = 105, .box_w = 7, .box_h = 8, .ofs_x = 0, .ofs_y = 0},
    {.bitmap_index = 3336, .adv_w = 89, .box_w = 5, .box_h = 10, .ofs_x = 0, .ofs_y = 0},
    {.bitmap_index = 3361, .adv_w = 132, .box_w = 8, .box_h = 8, .ofs_x = 0, .ofs_y = 0},
    {.bitmap_index = 3393, .adv_w = 123, .box_w = 8, .box_h = 8, .ofs_x = 0, .ofs_y = 0},
    {.bitmap_index = 3425, .adv_w = 178, .box_w = 11, .box_h = 8, .ofs_x = 0, .ofs_y = 0},
    {.bitmap_index = 3469, .adv_w = 121, .box_w = 8, .box_h = 8, .ofs_x = 0, .ofs_y = 0},
    {.bitmap_index = 3501, .adv_w = 124, .box_w = 8, .box_h = 11, .ofs_x = 0, .ofs_y = -3},
    {.bitmap_index = 3545, .adv_w = 111, .box_w = 7, .box_h = 8, .ofs_x = 0, .ofs_y = 0},
    {.bitmap_index = 3573, .adv_w = 76, .box_w = 5, .box_h = 15, .ofs_x = 0, .ofs_y = -2},
    {.bitmap_index = 3611, .adv_w = 63, .box_w = 2, .box_h = 16, .ofs_x = 1, .ofs_y = -2},
    {.bitmap_index = 3627, .adv_w = 76, .box_w = 5, .box_h = 15, .ofs_x = 0, .ofs_y = -2},
    {.bitmap_index = 3665, .adv_w = 161, .box_w = 10, .box_h = 4, .ofs_x = 0, .ofs_y = 2},
    {.bitmap_index = 3685, .adv_w = 62, .box_w = 0, .box_h = 0, .ofs_x = 0, .ofs_y = 0},
    {.bitmap_index = 3685, .adv_w = 69, .box_w = 4, .box_h = 12, .ofs_x = 0, .ofs_y = -3},
    {.bitmap_index = 3709, .adv_w = 127, .box_w = 8, .box_h = 11, .ofs_x = 0, .ofs_y = 0},
    {.bitmap_index = 3753, .adv_w = 122, .box_w = 8, .box_h = 11, .ofs_x = 0, .ofs_y = 0},
    {.bitmap_index = 3797, .adv_w = 142, .box_w = 9, .box_h = 9, .ofs_x = 0, .ofs_y = 1},
    {.bitmap_index = 3838, .adv_w = 129, .box_w = 8, .box_h = 11, .ofs_x = 0, .ofs_y = 0},
    {.bitmap_index = 3882, .adv_w = 63, .box_w = 2, .box_h = 15, .ofs_x = 1, .ofs_y = -2},
    {.bitmap_index = 3897, .adv_w = 125, .box_w = 8, .box_h = 14, .ofs_x = 0, .ofs_y = -2},
    {.bitmap_index = 3953, .adv_w = 131, .box_w = 6, .box_h = 3, .ofs_x = 1, .ofs_y = 9},
    {.bitmap_index = 3962, .adv_w = 161, .box_w = 10, .box_h = 11, .ofs_x = 0, .ofs_y = 2},
    {.bitmap_index = 4017, .adv_w = 91, .box_w = 6, .box_h = 7, .ofs_x = 0, .ofs_y = 4},
    {.bitmap_index = 4038, .adv_w = 132, .box_w = 8, .box_h = 7, .ofs_x = 0, .ofs_y = 1},
    {.bitmap_index = 4066, .adv_w = 161, .box_w = 8, .box_h = 5, .ofs_x = 1, .ofs_y = 1},
    {.bitmap_index = 4086, .adv_w = 161, .box_w = 10, .box_h = 11, .ofs_x = 0, .ofs_y = 2},
    {.bitmap_index = 4141, .adv_w = 131, .box_w = 5, .box_h = 3, .ofs_x = 2, .ofs_y = 9},
    {.bitmap_index = 4149, .adv_w = 97, .box_w = 6, .box_h = 7, .ofs_x = 0, .ofs_y = 5},
    {.bitmap_index = 4170, .adv_w = 161, .box_w = 8, .box_h = 10, .ofs_x = 1, .ofs_y = 0},
    {.bitmap_index = 4210, .adv_w = 83, .box_w = 5, .box_h = 6, .ofs_x = 0, .ofs_y = 6},
    {.bitmap_index = 4225, .adv_w = 80, .box_w = 5, .box_h = 6, .ofs_x = 0, .ofs_y = 6},
    {.bitmap_index = 4240, .adv_w = 131, .box_w = 4, .box_h = 5, .ofs_x = 2, .ofs_y = 8},
    {.bitmap_index = 4250, .adv_w = 132, .box_w = 8, .box_h = 11, .ofs_x = 0, .ofs_y = -3},
    {.bitmap_index = 4294, .adv_w = 165, .box_w = 10, .box_h = 14, .ofs_x = 0, .ofs_y = -2},
    {.bitmap_index = 4364, .adv_w = 66, .box_w = 4, .box_h = 3, .ofs_x = 0, .ofs_y = 3},
    {.bitmap_index = 4370, .adv_w = 131, .box_w = 4, .box_h = 4, .ofs_x = 2, .ofs_y = -3},
    {.bitmap_index = 4378, .adv_w = 57, .box_w = 4, .box_h = 6, .ofs_x = 0, .ofs_y = 6},
    {.bitmap_index = 4390, .adv_w = 106, .box_w = 7, .box_h = 7, .ofs_x = 0, .ofs_y = 4},
    {.bitmap_index = 4415, .adv_w = 132, .box_w = 8, .box_h = 7, .ofs_x = 0, .ofs_y = 1},
    {.bitmap_index = 4443, .adv_w = 203, .box_w = 13, .box_h = 13, .ofs_x = 0, .ofs_y = -1},
    {.bitmap_index = 4528, .adv_w = 200, .box_w = 13, .box_h = 13, .ofs_x = 0, .ofs_y = -2},
    {.bitmap_index = 4613, .adv_w = 225, .box_w = 14, .box_h = 13, .ofs_x = 0, .ofs_y = -1},
    {.bitmap_index = 4704, .adv_w = 119, .box_w = 8, .box_h = 12, .ofs_x = 0, .ofs_y = -3},
    {.bitmap_index = 4752, .adv_w = 158, .box_w = 10, .box_h = 16, .ofs_x = 0, .ofs_y = 0},
    {.bitmap_index = 4832, .adv_w = 158, .box_w = 10, .box_h = 16, .ofs_x = 0, .ofs_y = 0},
    {.bitmap_index = 4912, .adv_w = 158, .box_w = 10, .box_h = 16, .ofs_x = 0, .ofs_y = 0},
    {.bitmap_index = 4992, .adv_w = 158, .box_w = 10, .box_h = 15, .ofs_x = 0, .ofs_y = 0},
    {.bitmap_index = 5067, .adv_w = 158, .box_w = 10, .box_h = 15, .ofs_x = 0, .ofs_y = 0},
    {.bitmap_index = 5142, .adv_w = 158, .box_w = 10, .box_h = 16, .ofs_x = 0, .ofs_y = 0},
    {.bitmap_index = 5222, .adv_w = 202, .box_w = 12, .box_h = 11, .ofs_x = 0, .ofs_y = 0},
    {.bitmap_index = 5288, .adv_w = 169, .box_w = 11, .box_h = 14, .ofs_x = 0, .ofs_y = -3},
    {.bitmap_index = 5365, .adv_w = 131, .box_w = 7, .box_h = 16, .ofs_x = 1, .ofs_y = 0},
    {.bitmap_index = 5421, .adv_w = 131, .box_w = 7, .box_h = 16, .ofs_x = 1, .ofs_y = 0},
    {.bitmap_index = 5477, .adv_w = 131, .box_w = 7, .box_h = 16, .ofs_x = 1, .ofs_y = 0},
    {.bitmap_index = 5533, .adv_w = 131, .box_w = 7, .box_h = 15, .ofs_x = 1, .ofs_y = 0},
    {.bitmap_index = 5586, .adv_w = 65, .box_w = 4, .box_h = 16, .ofs_x = -1, .ofs_y = 0},
    {.bitmap_index = 5618, .adv_w = 65, .box_w = 4, .box_h = 16, .ofs_x = 1, .ofs_y = 0},
    {.bitmap_index = 5650, .adv_w = 65, .box_w = 4, .box_h = 16, .ofs_x = 0, .ofs_y = 0},
    {.bitmap_index = 5682, .adv_w = 65, .box_w = 6, .box_h = 15, .ofs_x = -1, .ofs_y = 0},
    {.bitmap_index = 5727, .adv_w = 171, .box_w = 11, .box_h = 11, .ofs_x = 0, .ofs_y = 0},
    {.bitmap_index = 5788, .adv_w = 175, .box_w = 9, .box_h = 15, .ofs_x = 1, .ofs_y = 0},
    {.bitmap_index = 5856, .adv_w = 182, .box_w = 11, .box_h = 16, .ofs_x = 0, .ofs_y = 0},
    {.bitmap_index = 5944, .adv_w = 182, .box_w = 11, .box_h = 16, .ofs_x = 0, .ofs_y = 0},
    {.bitmap_index = 6032, .adv_w = 182, .box_w = 11, .box_h = 16, .ofs_x = 0, .ofs_y = 0},
    {.bitmap_index = 6120, .adv_w = 182, .box_w = 11, .box_h = 16, .ofs_x = 0, .ofs_y = 0},
    {.bitmap_index = 6208, .adv_w = 182, .box_w = 11, .box_h = 15, .ofs_x = 0, .ofs_y = 0},
    {.bitmap_index = 6291, .adv_w = 161, .box_w = 8, .box_h = 9, .ofs_x = 1, .ofs_y = 1},
    {.bitmap_index = 6327, .adv_w = 182, .box_w = 11, .box_h = 13, .ofs_x = 0, .ofs_y = -1},
    {.bitmap_index = 6399, .adv_w = 163, .box_w = 9, .box_h = 16, .ofs_x = 1, .ofs_y = 0},
    {.bitmap_index = 6471, .adv_w = 163, .box_w = 9, .box_h = 16, .ofs_x = 1, .ofs_y = 0},
    {.bitmap_index = 6543, .adv_w = 163, .box_w = 9, .box_h = 16, .ofs_x = 1, .ofs_y = 0},
    {.bitmap_index = 6615, .adv_w = 163, .box_w = 9, .box_h = 15, .ofs_x = 1, .ofs_y = 0},
    {.bitmap_index = 6683, .adv_w = 137, .box_w = 10, .box_h = 16, .ofs_x = -1, .ofs_y = 0},
    {.bitmap_index = 6763, .adv_w = 140, .box_w = 8, .box_h = 11, .ofs_x = 1, .ofs_y = 0},
    {.bitmap_index = 6807, .adv_w = 136, .box_w = 9, .box_h = 11, .ofs_x = 0, .ofs_y = 0},
    {.bitmap_index = 6857, .adv_w = 120, .box_w = 7, .box_h = 13, .ofs_x = 0, .ofs_y = 0},
    {.bitmap_index = 6903, .adv_w = 120, .box_w = 7, .box_h = 13, .ofs_x = 0, .ofs_y = 0},
    {.bitmap_index = 6949, .adv_w = 120, .box_w = 7, .box_h = 13, .ofs_x = 0, .ofs_y = 0},
    {.bitmap_index = 6995, .adv_w = 120, .box_w = 7, .box_h = 12, .ofs_x = 0, .ofs_y = 0},
    {.bitmap_index = 7037, .adv_w = 120, .box_w = 7, .box_h = 12, .ofs_x = 0, .ofs_y = 0},
    {.bitmap_index = 7079, .adv_w = 120, .box_w = 7, .box_h = 13, .ofs_x = 0, .ofs_y = 0},
    {.bitmap_index = 7125, .adv_w = 187, .box_w = 12, .box_h = 8, .ofs_x = 0, .ofs_y = 0},
    {.bitmap_index = 7173, .adv_w = 122, .box_w = 8, .box_h = 11, .ofs_x = 0, .ofs_y = -3},
    {.bitmap_index = 7217, .adv_w = 130, .box_w = 8, .box_h = 13, .ofs_x = 0, .ofs_y = 0},
    {.bitmap_index = 7269, .adv_w = 130, .box_w = 8, .box_h = 13, .ofs_x = 0, .ofs_y = 0},
    {.bitmap_index = 7321, .adv_w = 130, .box_w = 8, .box_h = 13, .ofs_x = 0, .ofs_y = 0},
    {.bitmap_index = 7373, .adv_w = 130, .box_w = 8, .box_h = 12, .ofs_x = 0, .ofs_y = 0},
    {.bitmap_index = 7421, .adv_w = 58, .box_w = 4, .box_h = 13, .ofs_x = -1, .ofs_y = 0},
    {.bitmap_index = 7447, .adv_w = 58, .box_w = 4, .box_h = 13, .ofs_x = 0, .ofs_y = 0},
    {.bitmap_index = 7473, .adv_w = 58, .box_w = 5, .box_h = 13, .ofs_x = -1, .ofs_y = 0},
    {.bitmap_index = 7506, .adv_w = 58, .box_w = 5, .box_h = 12, .ofs_x = -1, .ofs_y = 0},
    {.bitmap_index = 7536, .adv_w = 133, .box_w = 8, .box_h = 12, .ofs_x = 0, .ofs_y = 0},
    {.bitmap_index = 7584, .adv_w = 132, .box_w = 8, .box_h = 12, .ofs_x = 0, .ofs_y = 0},
    {.bitmap_index = 7632, .adv_w = 136, .box_w = 9, .box_h = 13, .ofs_x = 0, .ofs_y = 0},
    {.bitmap_index = 7691, .adv_w = 136, .box_w = 9, .box_h = 13, .ofs_x = 0, .ofs_y = 0},
    {.bitmap_index = 7750, .adv_w = 136, .box_w = 9, .box_h = 13, .ofs_x = 0, .ofs_y = 0},
    {.bitmap_index = 7809, .adv_w = 136, .box_w = 9, .box_h = 12, .ofs_x = 0, .ofs_y = 0},
    {.bitmap_index = 7863, .adv_w = 136, .box_w = 9, .box_h = 12, .ofs_x = 0, .ofs_y = 0},
    {.bitmap_index = 7917, .adv_w = 161, .box_w = 8, .box_h = 9, .ofs_x = 1, .ofs_y = 1},
    {.bitmap_index = 7953, .adv_w = 140, .box_w = 9, .box_h = 10, .ofs_x = 0, .ofs_y = -1},
    {.bitmap_index = 7998, .adv_w = 132, .box_w = 8, .box_h = 13, .ofs_x = 0, .ofs_y = 0},
    {.bitmap_index = 8050, .adv_w = 132, .box_w = 8, .box_h = 13, .ofs_x = 0, .ofs_y = 0},
    {.bitmap_index = 8102, .adv_w = 132, .box_w = 8, .box_h = 13, .ofs_x = 0, .ofs_y = 0},
    {.bitmap_index = 8154, .adv_w = 132, .box_w = 8, .box_h = 12, .ofs_x = 0, .ofs_y = 0},
    {.bitmap_index = 8202, .adv_w = 124, .box_w = 8, .box_h = 16, .ofs_x = 0, .ofs_y = -3},
    {.bitmap_index = 8266, .adv_w = 137, .box_w = 9, .box_h = 14, .ofs_x = 0, .ofs_y = -3},
    {.bitmap_index = 8329, .adv_w = 124, .box_w = 8, .box_h = 15, .ofs_x = 0, .ofs_y = -3},
    {.bitmap_index = 8389, .adv_w = 158, .box_w = 10, .box_h = 15, .ofs_x = 0, .ofs_y = 0},
    {.bitmap_index = 8464, .adv_w = 120, .box_w = 7, .box_h = 11, .ofs_x = 0, .ofs_y = 0},
    {.bitmap_index = 8503, .adv_w = 158, .box_w = 10, .box_h = 15, .ofs_x = 0, .ofs_y = 0},
    {.bitmap_index = 8578, .adv_w = 120, .box_w = 7, .box_h = 12, .ofs_x = 0, .ofs_y = 0},
    {.bitmap_index = 8620, .adv_w = 158, .box_w = 10, .box_h = 15, .ofs_x = 0, .ofs_y = -4},
    {.bitmap_index = 8695, .adv_w = 120, .box_w = 7, .box_h = 12, .ofs_x = 0, .ofs_y = -4},
    {.bitmap_index = 8737, .adv_w = 169, .box_w = 11, .box_h = 16, .ofs_x = 0, .ofs_y = 0},
    {.bitmap_index = 8825, .adv_w = 122, .box_w = 8, .box_h = 13, .ofs_x = 0, .ofs_y = 0},
    {.bitmap_index = 8877, .adv_w = 169, .box_w = 11, .box_h = 15, .ofs_x = 0, .ofs_y = 0},
    {.bitmap_index = 8960, .adv_w = 122, .box_w = 8, .box_h = 12, .ofs_x = 0, .ofs_y = 0},
    {.bitmap_index = 9008, .adv_w = 169, .box_w = 11, .box_h = 16, .ofs_x = 0, .ofs_y = 0},
    {.bitmap_index = 9096, .adv_w = 122, .box_w = 8, .box_h = 13, .ofs_x = 0, .ofs_y = 0},
    {.bitmap_index = 9148, .adv_w = 162, .box_w = 9, .box_h = 16, .ofs_x = 1, .ofs_y = 0},
    {.bitmap_index = 9220, .adv_w = 156, .box_w = 10, .box_h = 11, .ofs_x = 0, .ofs_y = 0},
    {.bitmap_index = 9275, .adv_w = 171, .box_w = 11, .box_h = 11, .ofs_x = 0, .ofs_y = 0},
    {.bitmap_index = 9336, .adv_w = 137, .box_w = 9, .box_h = 11, .ofs_x = 0, .ofs_y = 0},
    {.bitmap_index = 9386, .adv_w = 131, .box_w = 7, .box_h = 15, .ofs_x = 1, .ofs_y = 0},
    {.bitmap_index = 9439, .adv_w = 130, .box_w = 8, .box_h = 11, .ofs_x = 0, .ofs_y = 0},
    {.bitmap_index = 9483, .adv_w = 131, .box_w = 7, .box_h = 15, .ofs_x = 1, .ofs_y = 0},
    {.bitmap_index = 9536, .adv_w = 130, .box_w = 8, .box_h = 12, .ofs_x = 0, .ofs_y = 0},
    {.bitmap_index = 9584, .adv_w = 131, .box_w = 7, .box_h = 15, .ofs_x = 1, .ofs_y = -4},
    {.bitmap_index = 9637, .adv_w = 130, .box_w = 8, .box_h = 12, .ofs_x = 0, .ofs_y = -4},
    {.bitmap_index = 9685, .adv_w = 131, .box_w = 7, .box_h = 16, .ofs_x = 1, .ofs_y = 0},
    {.bitmap_index = 9741, .adv_w = 130, .box_w = 8, .box_h = 13, .ofs_x = 0, .ofs_y = 0},
    {.bitmap_index = 9793, .adv_w = 174, .box_w = 11, .box_h = 15, .ofs_x = 0, .ofs_y = 0},
    {.bitmap_index = 9876, .adv_w = 138, .box_w = 8, .box_h = 15, .ofs_x = 0, .ofs_y = -3},
    {.bitmap_index = 9936, .adv_w = 174, .box_w = 11, .box_h = 15, .ofs_x = 0, .ofs_y = 0},
    {.bitmap_index = 10019, .adv_w = 138, .box_w = 8, .box_h = 15, .ofs_x = 0, .ofs_y = -3},
    {.bitmap_index = 10079, .adv_w = 174, .box_w = 11, .box_h = 16, .ofs_x = 0, .ofs_y = -5},
    {.bitmap_index = 10167, .adv_w = 138, .box_w = 8, .box_h = 16, .ofs_x = 0, .ofs_y = -3},
    {.bitmap_index = 10231, .adv_w = 166, .box_w = 11, .box_h = 11, .ofs_x = 0, .ofs_y = 0},
    {.bitmap_index = 10292, .adv_w = 132, .box_w = 9, .box_h = 11, .ofs_x = -1, .ofs_y = 0},
    {.bitmap_index = 10342, .adv_w = 65, .box_w = 4, .box_h = 15, .ofs_x = 0, .ofs_y = 0},
    {.bitmap_index = 10372, .adv_w = 58, .box_w = 4, .box_h = 11, .ofs_x = 0, .ofs_y = 0},
    {.bitmap_index = 10394, .adv_w = 65, .box_w = 4, .box_h = 15, .ofs_x = 0, .ofs_y = -4},
    {.bitmap_index = 10424, .adv_w = 58, .box_w = 3, .box_h = 16, .ofs_x = 0, .ofs_y = -4},
    {.bitmap_index = 10448, .adv_w = 65, .box_w = 4, .box_h = 15, .ofs_x = 0, .ofs_y = 0},
    {.bitmap_index = 10478, .adv_w = 58, .box_w = 3, .box_h = 8, .ofs_x = 0, .ofs_y = 0},
    {.bitmap_index = 10490, .adv_w = 193, .box_w = 11, .box_h = 11, .ofs_x = 1, .ofs_y = 0},
    {.bitmap_index = 10551, .adv_w = 116, .box_w = 7, .box_h = 15, .ofs_x = 0, .ofs_y = -3},
    {.bitmap_index = 10604, .adv_w = 148, .box_w = 9, .box_h = 16, .ofs_x = 1, .ofs_y = -5},
    {.bitmap_index = 10676, .adv_w = 115, .box_w = 8, .box_h = 16, .ofs_x = 0, .ofs_y = -5},
    {.bitmap_index = 10740, .adv_w = 120, .box_w = 7, .box_h = 16, .ofs_x = 1, .ofs_y = 0},
    {.bitmap_index = 10796, .adv_w = 61, .box_w = 4, .box_h = 16, .ofs_x = 0, .ofs_y = 0},
    {.bitmap_index = 10828, .adv_w = 120, .box_w = 7, .box_h = 16, .ofs_x = 1, .ofs_y = -5},
    {.bitmap_index = 10884, .adv_w = 61, .box_w = 4, .box_h = 16, .ofs_x = 0, .ofs_y = -5},
    {.bitmap_index = 10916, .adv_w = 120, .box_w = 7, .box_h = 11, .ofs_x = 1, .ofs_y = 0},
    {.bitmap_index = 10955, .adv_w = 76, .box_w = 5, .box_h = 11, .ofs_x = 0, .ofs_y = 0},
    {.bitmap_index = 10983, .adv_w = 123, .box_w = 8, .box_h = 11, .ofs_x = 0, .ofs_y = 0},
    {.bitmap_index = 11027, .adv_w = 69, .box_w = 5, .box_h = 11, .ofs_x = 0, .ofs_y = 0},
    {.bitmap_index = 11055, .adv_w = 175, .box_w = 9, .box_h = 16, .ofs_x = 1, .ofs_y = 0},
    {.bitmap_index = 11127, .adv_w = 132, .box_w = 8, .box_h = 13, .ofs_x = 0, .ofs_y = 0},
    {.bitmap_index = 11179, .adv_w = 175, .box_w = 9, .box_h = 16, .ofs_x = 1, .ofs_y = -5},
    {.bitmap_index = 11251, .adv_w = 132, .box_w = 8, .box_h = 13, .ofs_x = 0, .ofs_y = -5},
    {.bitmap_index = 11303, .adv_w = 175, .box_w = 9, .box_h = 16, .ofs_x = 1, .ofs_y = 0},
    {.bitmap_index = 11375, .adv_w = 132, .box_w = 8, .box_h = 12, .ofs_x = 0, .ofs_y = 0},
    {.bitmap_index = 11423, .adv_w = 175, .box_w = 9, .box_h = 14, .ofs_x = 1, .ofs_y = -3},
    {.bitmap_index = 11486, .adv_w = 132, .box_w = 8, .box_h = 11, .ofs_x = 0, .ofs_y = -3},
    {.bitmap_index = 11530, .adv_w = 182, .box_w = 11, .box_h = 15, .ofs_x = 0, .ofs_y = 0},
    {.bitmap_index = 11613, .adv_w = 136, .box_w = 9, .box_h = 11, .ofs_x = 0, .ofs_y = 0},
    {.bitmap_index = 11663, .adv_w = 182, .box_w = 11, .box_h = 16, .ofs_x = 0, .ofs_y = 0},
    {.bitmap_index = 11751, .adv_w = 136, .box_w = 9, .box_h = 13, .ofs_x = 0, .ofs_y = 0},
    {.bitmap_index = 11810, .adv_w = 248, .box_w = 15, .box_h = 11, .ofs_x = 0, .ofs_y = 0},
    {.bitmap_index = 11893, .adv_w = 215, .box_w = 14, .box_h = 8, .ofs_x = 0, .ofs_y = 0},
    {.bitmap_index = 11949, .adv_w = 147, .box_w = 8, .box_h = 16, .ofs_x = 1, .ofs_y = 0},
    {.bitmap_index = 12013, .adv_w = 85, .box_w = 6, .box_h = 13, .ofs_x = 0, .ofs_y = 0},
    {.bitmap_index = 12052, .adv_w = 147, .box_w = 8, .box_h = 16, .ofs_x = 1, .ofs_y = -5},
    {.bitmap_index = 12116, .adv_w = 85, .box_w = 5, .box_h = 14, .ofs_x = 0, .ofs_y = -5},
    {.bitmap_index = 12151, .adv_w = 147, .box_w = 8, .box_h = 16, .ofs_x = 1, .ofs_y = 0},
    {.bitmap_index = 12215, .adv_w = 85, .box_w = 6, .box_h = 12, .ofs_x = 0, .ofs_y = 0},
    {.bitmap_index = 12251, .adv_w = 134, .box_w = 8, .box_h = 16, .ofs_x = 0, .ofs_y = 0},
    {.bitmap_index = 12315, .adv_w = 105, .box_w = 7, .box_h = 13, .ofs_x = 0, .ofs_y = 0},
    {.bitmap_index = 12361, .adv_w = 134, .box_w = 8, .box_h = 14, .ofs_x = 0, .ofs_y = -3},
    {.bitmap_index = 12417, .adv_w = 105, .box_w = 7, .box_h = 11, .ofs_x = 0, .ofs_y = -3},
    {.bitmap_index = 12456, .adv_w = 134, .box_w = 8, .box_h = 16, .ofs_x = 0, .ofs_y = 0},
    {.bitmap_index = 12520, .adv_w = 105, .box_w = 7, .box_h = 13, .ofs_x = 0, .ofs_y = 0},
    {.bitmap_index = 12566, .adv_w = 135, .box_w = 9, .box_h = 16, .ofs_x = 0, .ofs_y = 0},
    {.bitmap_index = 12638, .adv_w = 89, .box_w = 6, .box_h = 12, .ofs_x = 0, .ofs_y = 0},
    {.bitmap_index = 12674, .adv_w = 163, .box_w = 9, .box_h = 15, .ofs_x = 1, .ofs_y = 0},
    {.bitmap_index = 12742, .adv_w = 132, .box_w = 8, .box_h = 11, .ofs_x = 0, .ofs_y = 0},
    {.bitmap_index = 12786, .adv_w = 163, .box_w = 9, .box_h = 15, .ofs_x = 1, .ofs_y = 0},
    {.bitmap_index = 12854, .adv_w = 132, .box_w = 8, .box_h = 12, .ofs_x = 0, .ofs_y = 0},
    {.bitmap_index = 12902, .adv_w = 163, .box_w = 9, .box_h = 16, .ofs_x = 1, .ofs_y = 0},
    {.bitmap_index = 12974, .adv_w = 132, .box_w = 8, .box_h = 13, .ofs_x = 0, .ofs_y = 0},
    {.bitmap_index = 13026, .adv_w = 163, .box_w = 9, .box_h = 16, .ofs_x = 1, .ofs_y = 0},
    {.bitmap_index = 13098, .adv_w = 132, .box_w = 8, .box_h = 13, .ofs_x = 0, .ofs_y = 0},
    {.bitmap_index = 13150, .adv_w = 163, .box_w = 9, .box_h = 15, .ofs_x = 1, .ofs_y = -4},
    {.bitmap_index = 13218, .adv_w = 132, .box_w = 8, .box_h = 12, .ofs_x = 0, .ofs_y = -4},
    {.bitmap_index = 13266, .adv_w = 234, .box_w = 15, .box_h = 16, .ofs_x = 0, .ofs_y = 0},
    {.bitmap_index = 13386, .adv_w = 178, .box_w = 11, .box_h = 13, .ofs_x = 0, .ofs_y = 0},
    {.bitmap_index = 13458, .adv_w = 137, .box_w = 10, .box_h = 16, .ofs_x = -1, .ofs_y = 0},
    {.bitmap_index = 13538, .adv_w = 124, .box_w = 8, .box_h = 16, .ofs_x = 0, .ofs_y = -3},
    {.bitmap_index = 13602, .adv_w = 137, .box_w = 10, .box_h = 15, .ofs_x = -1, .ofs_y = 0},
    {.bitmap_index = 13677, .adv_w = 135, .box_w = 8, .box_h = 16, .ofs_x = 0, .ofs_y = 0},
    {.bitmap_index = 13741, .adv_w = 111, .box_w = 7, .box_h = 13, .ofs_x = 0, .ofs_y = 0},
    {.bitmap_index = 13787, .adv_w = 135, .box_w = 8, .box_h = 15, .ofs_x = 0, .ofs_y = 0},
    {.bitmap_index = 13847, .adv_w = 111, .box_w = 7, .box_h = 12, .ofs_x = 0, .ofs_y = 0},
    {.bitmap_index = 13889, .adv_w = 135, .box_w = 8, .box_h = 16, .ofs_x = 0, .ofs_y = 0},
    {.bitmap_index = 13953, .adv_w = 111, .box_w = 7, .box_h = 12, .ofs_x = 0, .ofs_y = 0},
    {.bitmap_index = 13995, .adv_w = 120, .box_w = 0, .box_h = 0, .ofs_x = 0, .ofs_y = 0},
    {.bitmap_index = 13995, .adv_w = 240, .box_w = 0, .box_h = 0, .ofs_x = 0, .ofs_y = 0},
    {.bitmap_index = 13995, .adv_w = 120, .box_w = 0, .box_h = 0, .ofs_x = 0, .ofs_y = 0},
    {.bitmap_index = 13995, .adv_w = 240, .box_w = 0, .box_h = 0, .ofs_x = 0, .ofs_y = 0},
    {.bitmap_index = 13995, .adv_w = 80, .box_w = 0, .box_h = 0, .ofs_x = 0, .ofs_y = 0},
    {.bitmap_index = 13995, .adv_w = 60, .box_w = 0, .box_h = 0, .ofs_x = 0, .ofs_y = 0},
    {.bitmap_index = 13995, .adv_w = 40, .box_w = 0, .box_h = 0, .ofs_x = 0, .ofs_y = 0},
    {.bitmap_index = 13995, .adv_w = 131, .box_w = 0, .box_h = 0, .ofs_x = 0, .ofs_y = 0},
    {.bitmap_index = 13995, .adv_w = 66, .box_w = 0, .box_h = 0, .ofs_x = 0, .ofs_y = 0},
    {.bitmap_index = 13995, .adv_w = 48, .box_w = 0, .box_h = 0, .ofs_x = 0, .ofs_y = 0},
    {.bitmap_index = 13995, .adv_w = 34, .box_w = 0, .box_h = 0, .ofs_x = 0, .ofs_y = 0},
    {.bitmap_index = 13995, .adv_w = 0, .box_w = 0, .box_h = 0, .ofs_x = 0, .ofs_y = 0},
    {.bitmap_index = 13995, .adv_w = 0, .box_w = 0, .box_h = 0, .ofs_x = 0, .ofs_y = 0},
    {.bitmap_index = 13995, .adv_w = 137, .box_w = 9, .box_h = 2, .ofs_x = 0, .ofs_y = 4},
    {.bitmap_index = 14004, .adv_w = 237, .box_w = 15, .box_h = 2, .ofs_x = 0, .ofs_y = 4},
    {.bitmap_index = 14019, .adv_w = 49, .box_w = 3, .box_h = 5, .ofs_x = 0, .ofs_y = 6},
    {.bitmap_index = 14027, .adv_w = 49, .box_w = 3, .box_h = 5, .ofs_x = 0, .ofs_y = 6},
    {.bitmap_index = 14035, .adv_w = 49, .box_w = 3, .box_h = 5, .ofs_x = 0, .ofs_y = -3},
    {.bitmap_index = 14043, .adv_w = 101, .box_w = 7, .box_h = 5, .ofs_x = 0, .ofs_y = 6},
    {.bitmap_index = 14061, .adv_w = 100, .box_w = 6, .box_h = 5, .ofs_x = 0, .ofs_y = 6},
    {.bitmap_index = 14076, .adv_w = 101, .box_w = 7, .box_h = 5, .ofs_x = 0, .ofs_y = -3},
    {.bitmap_index = 14094, .adv_w = 91, .box_w = 5, .box_h = 5, .ofs_x = 0, .ofs_y = 2},
    {.bitmap_index = 14107, .adv_w = 187, .box_w = 11, .box_h = 3, .ofs_x = 0, .ofs_y = 0},
    {.bitmap_index = 14124, .adv_w = 50, .box_w = 0, .box_h = 0, .ofs_x = 0, .ofs_y = 0},
    {.bitmap_index = 14124, .adv_w = 251, .box_w = 16, .box_h = 11, .ofs_x = 0, .ofs_y = 0},
    {.bitmap_index = 14212, .adv_w = 81, .box_w = 5, .box_h = 7, .ofs_x = 0, .ofs_y = 1},
    {.bitmap_index = 14230, .adv_w = 81, .box_w = 5, .box_h = 7, .ofs_x = 0, .ofs_y = 1},
    {.bitmap_index = 14248, .adv_w = 60, .box_w = 10, .box_h = 13, .ofs_x = -3, .ofs_y = -1},
    {.bitmap_index = 14313, .adv_w = 53, .box_w = 0, .box_h = 0, .ofs_x = 0, .ofs_y = 0}
};

/*---------------------
 *  CHARACTER MAPPING
 *--------------------*/

static const uint8_t glyph_id_ofs_list_3[] = {
    0, 1, 2, 3, 4, 5, 6, 7,
    8, 9, 0, 0, 10, 11, 12, 13,
    14, 15, 0, 0, 16, 17, 18, 19,
    20, 21, 0, 0, 22, 23, 0, 0,
    24, 25, 0, 0, 26, 27, 28, 29,
    30, 31, 0, 0, 32, 33, 0, 34,
    35, 36, 37, 38, 39, 0, 0, 40,
    41, 42, 43, 44, 45, 46, 47, 0,
    48, 49, 50, 51, 0, 0, 52, 53,
    54, 55, 56, 57, 58, 59, 60, 61,
    62, 63, 0, 0, 64, 65, 66, 67,
    0, 0, 68, 69
};

static const uint16_t unicode_list_6[] = {
    0x00, 0x01, 0x05, 0x06, 0x07, 0x09, 0x0a, 0x0b,
    0x0f, 0x13, 0x1c, 0x1d, 0x26, 0x27, 0x31, 0x4c
};

/*Collect the unicode lists and glyph_id offsets*/
static const lv_font_fmt_txt_cmap_t cmaps[] =
{
    {
        .range_start = 32, .range_length = 95, .glyph_id_start = 1,
        .unicode_list = NULL, .glyph_id_ofs_list = NULL, .list_length = 0, .type = LV_FONT_FMT_TXT_CMAP_FORMAT0_TINY
    },
    {
        .range_start = 160, .range_length = 13, .glyph_id_start = 96,
        .unicode_list = NULL, .glyph_id_ofs_list = NULL, .list_length = 0, .type = LV_FONT_FMT_TXT_CMAP_FORMAT0_TINY
    },
    {
        .range_start = 174, .range_length = 90, .glyph_id_start = 109,
        .unicode_list = NULL, .glyph_id_ofs_list = NULL, .list_length = 0, .type = LV_FONT_FMT_TXT_CMAP_FORMAT0_TINY
    },
    {
        .range_start = 266, .range_length = 92, .glyph_id_start = 199,
        .unicode_list = NULL, .glyph_id_ofs_list = glyph_id_ofs_list_3, .list_length = 92, .type = LV_FONT_FMT_TXT_CMAP_FORMAT0_FULL
    },
    {
        .range_start = 362, .range_length = 21, .glyph_id_start = 269,
        .unicode_list = NULL, .glyph_id_ofs_list = NULL, .list_length = 0, .type = LV_FONT_FMT_TXT_CMAP_FORMAT0_TINY
    },
    {
        .range_start = 8192, .range_length = 13, .glyph_id_start = 290,
        .unicode_list = NULL, .glyph_id_ofs_list = NULL, .list_length = 0, .type = LV_FONT_FMT_TXT_CMAP_FORMAT0_TINY
    },
    {
        .range_start = 8211, .range_length = 77, .glyph_id_start = 303,
        .unicode_list = unicode_list_6, .glyph_id_ofs_list = NULL, .list_length = 16, .type = LV_FONT_FMT_TXT_CMAP_SPARSE_TINY
    }
};



/*--------------------
 *  ALL CUSTOM DATA
 *--------------------*/

#if LVGL_VERSION_MAJOR == 8
/*Store all the custom data of the font*/
static  lv_font_fmt_txt_glyph_cache_t cache;
#endif

#if LVGL_VERSION_MAJOR >= 8
static const lv_font_fmt_txt_dsc_t font_dsc = {
#else
static lv_font_fmt_txt_dsc_t font_dsc = {
#endif
    .glyph_bitmap = glyph_bitmap,
    .glyph_dsc = glyph_dsc,
    .cmaps = cmaps,
    .kern_dsc = NULL,
    .kern_scale = 0,
    .cmap_num = 7,
    .bpp = 4,
    .kern_classes = 0,
    .bitmap_format = 0,
#if LVGL_VERSION_MAJOR == 8
    .cache = &cache
#endif

};



/*-----------------
 *  PUBLIC FONT
 *----------------*/

/*Initialize a public general font descriptor*/
#if LVGL_VERSION_MAJOR >= 8
const lv_font_t font_gabarito_medium_15_data = {
#else
lv_font_t font_gabarito_medium_15_data = {
#endif
    .get_glyph_dsc = lv_font_get_glyph_dsc_fmt_txt,    /*Function pointer to get glyph's data*/
    .get_glyph_bitmap = lv_font_get_bitmap_fmt_txt,    /*Function pointer to get glyph's bitmap*/
    .line_height = 21,          /*The maximum line height required by the font*/
    .base_line = 5,             /*Baseline measured from the bottom of the line*/
#if LV_VERSION_CHECK(9, 6, 0) || LVGL_VERSION_MAJOR >= 10
    .cap_height = 10,           /*Cap height of the font*/
    .x_height = 7,               /*x-height of the font*/
#endif
#if !(LVGL_VERSION_MAJOR == 6 && LVGL_VERSION_MINOR == 0)
    .subpx = LV_FONT_SUBPX_NONE,
#endif
#if LV_VERSION_CHECK(7, 4, 0) || LVGL_VERSION_MAJOR >= 8
    .underline_position = -3,
    .underline_thickness = 1,
#endif

#if LV_VERSION_CHECK(9, 3, 0)
    .static_bitmap = 1,    /*Bitmaps are stored as const so they are always static if not compressed */
#endif

    .dsc = &font_dsc,          /*The custom font data. Will be accessed by `get_glyph_bitmap/dsc` */
#if LV_VERSION_CHECK(8, 2, 0) || LVGL_VERSION_MAJOR >= 9
    .fallback = NULL,
#endif
    .user_data = NULL,
};



#endif /*#if FONT_GABARITO_MEDIUM_15_DATA*/
