/*******************************************************************************
 * Size: 10 px
 * Bpp: 4
 * Opts: --font /fonts/Inter-SemiBold.ttf -o /fonts/font_inter_semi_bold_10_data.c --size 10 --bpp 4 --format lvgl --no-compress --symbols ·ÁÃÄÇÈÉÍÓÖÚÜßàáâãäçèéêíîñóõöúûüŐő–• --range 0x20-0x7F, 0xA0-0xFF, 0x0100-0x017F, 0x2000-0x206F
 ******************************************************************************/

#ifdef __has_include
    #if __has_include("lvgl.h")
        #ifndef LV_LVGL_H_INCLUDE_SIMPLE
            #define LV_LVGL_H_INCLUDE_SIMPLE
        #endif
    #endif
#endif

#ifdef LV_LVGL_H_INCLUDE_SIMPLE
    #include "lvgl.h"
#else
    #include "lvgl/lvgl.h"
#endif



#ifndef FONT_INTER_SEMI_BOLD_10_DATA
#define FONT_INTER_SEMI_BOLD_10_DATA 1
#endif

#if FONT_INTER_SEMI_BOLD_10_DATA

/*-----------------
 *    BITMAPS
 *----------------*/

/*Store the image of the glyphs*/
static LV_ATTRIBUTE_LARGE_CONST const uint8_t glyph_bitmap[] = {
    /* U+0020 " " */

    /* U+0021 "!" */
    0x1f, 0x41, 0xf4, 0x0f, 0x40, 0xf3, 0x0f, 0x30,
    0x61, 0x09, 0x11, 0xe3,

    /* U+0022 "\"" */
    0xf3, 0xf3, 0xe3, 0xf2, 0xe2, 0xe1, 0x20, 0x20,

    /* U+0023 "#" */
    0x00, 0xf0, 0x78, 0x00, 0x2c, 0x0a, 0x50, 0x5f,
    0xff, 0xff, 0x30, 0x89, 0x1f, 0x20, 0x0a, 0x51,
    0xe0, 0x0b, 0xff, 0xff, 0xc0, 0x1f, 0x38, 0xb1,
    0x01, 0xe0, 0x87, 0x00,

    /* U+0024 "$" */
    0x00, 0x09, 0x00, 0x00, 0x5e, 0xfb, 0x20, 0x2f,
    0x8d, 0xbc, 0x04, 0xf2, 0x91, 0x30, 0x0c, 0xff,
    0x40, 0x00, 0x05, 0xff, 0x90, 0x35, 0x09, 0x6f,
    0x05, 0xf7, 0xdb, 0xe0, 0x07, 0xef, 0xc3, 0x00,
    0x00, 0x80, 0x00,

    /* U+0025 "%" */
    0x07, 0xd8, 0x00, 0x4a, 0x00, 0x0e, 0x0e, 0x00,
    0xd1, 0x00, 0x0e, 0x0e, 0x08, 0x60, 0x00, 0x07,
    0xd7, 0x3c, 0x00, 0x00, 0x00, 0x00, 0xc2, 0x6d,
    0x70, 0x00, 0x06, 0x80, 0xe0, 0xe0, 0x00, 0x1c,
    0x00, 0xe0, 0xe0, 0x00, 0xa4, 0x00, 0x7d, 0x80,

    /* U+0026 "&" */
    0x04, 0xed, 0x30, 0x00, 0xd7, 0x8b, 0x00, 0x0d,
    0x69, 0x90, 0x00, 0x7f, 0xe1, 0x00, 0x1e, 0xfc,
    0x1c, 0x07, 0xc0, 0xde, 0xe0, 0x6e, 0x37, 0xfd,
    0x00, 0x9f, 0xea, 0xf3,

    /* U+0027 "'" */
    0xf3, 0xe3, 0xe2, 0x20,

    /* U+0028 "(" */
    0x00, 0xd2, 0x06, 0xd0, 0x0b, 0x90, 0x0e, 0x50,
    0x0f, 0x40, 0x1f, 0x30, 0x0f, 0x40, 0x0c, 0x80,
    0x07, 0xc0, 0x01, 0xf2,

    /* U+0029 ")" */
    0x6a, 0x02, 0xf2, 0x0d, 0x60, 0xaa, 0x08, 0xc0,
    0x7c, 0x09, 0xb0, 0xc8, 0x1f, 0x37, 0xc0,

    /* U+002A "*" */
    0x01, 0xb1, 0x11, 0xdd, 0xc6, 0x08, 0xfc, 0x20,
    0x7b, 0x44, 0x00, 0x50, 0x00,

    /* U+002B "+" */
    0x00, 0x3e, 0x00, 0x00, 0x3e, 0x00, 0x1f, 0xff,
    0xfc, 0x02, 0x5f, 0x22, 0x00, 0x3e, 0x00, 0x00,
    0x17, 0x00,

    /* U+002C "," */
    0x03, 0x11, 0xf2, 0x3e, 0x05, 0x90,

    /* U+002D "-" */
    0x4f, 0xff, 0x02, 0x22,

    /* U+002E "." */
    0x09, 0x11, 0xe3,

    /* U+002F "/" */
    0x00, 0x44, 0x00, 0xb6, 0x00, 0xf2, 0x03, 0xe0,
    0x07, 0xa0, 0x0b, 0x60, 0x0f, 0x20, 0x3e, 0x00,
    0x7a, 0x00, 0xb6, 0x00,

    /* U+0030 "0" */
    0x03, 0xdf, 0xa0, 0x00, 0xe9, 0x4d, 0x90, 0x5f,
    0x00, 0x6e, 0x07, 0xd0, 0x03, 0xf0, 0x7d, 0x00,
    0x4f, 0x05, 0xf0, 0x06, 0xe0, 0x0e, 0x94, 0xd9,
    0x00, 0x4d, 0xfa, 0x00,

    /* U+0031 "1" */
    0x08, 0xf8, 0x8c, 0xd8, 0x30, 0xc8, 0x00, 0xc8,
    0x00, 0xc8, 0x00, 0xc8, 0x00, 0xc8, 0x00, 0xc8,

    /* U+0032 "2" */
    0x07, 0xef, 0x90, 0x3f, 0x54, 0xf5, 0x26, 0x00,
    0xc7, 0x00, 0x03, 0xf2, 0x00, 0x2e, 0x80, 0x01,
    0xd9, 0x00, 0x1d, 0xd3, 0x32, 0x5f, 0xff, 0xfa,

    /* U+0033 "3" */
    0x06, 0xef, 0xa0, 0x3f, 0x53, 0xe7, 0x00, 0x01,
    0xd7, 0x00, 0x9f, 0xb0, 0x00, 0x13, 0xd8, 0x25,
    0x00, 0x8d, 0x4f, 0x64, 0xda, 0x06, 0xef, 0xa1,

    /* U+0034 "4" */
    0x00, 0x0b, 0xf3, 0x00, 0x04, 0xef, 0x30, 0x00,
    0xe6, 0xf3, 0x00, 0x8c, 0x0f, 0x30, 0x2f, 0x20,
    0xf3, 0x07, 0xff, 0xff, 0xf2, 0x13, 0x33, 0xf6,
    0x00, 0x00, 0x0f, 0x30,

    /* U+0035 "5" */
    0x0f, 0xff, 0xf3, 0x1f, 0x33, 0x30, 0x2f, 0x00,
    0x00, 0x4f, 0xbe, 0x90, 0x28, 0x45, 0xf6, 0x01,
    0x00, 0xb9, 0x5f, 0x44, 0xf6, 0x08, 0xee, 0x80,

    /* U+0036 "6" */
    0x03, 0xdf, 0xa0, 0x0e, 0xa4, 0xe8, 0x4f, 0x00,
    0x34, 0x6c, 0x8e, 0xb1, 0x7f, 0x73, 0xca, 0x5f,
    0x00, 0x7d, 0x1f, 0x73, 0xda, 0x04, 0xdf, 0xb1,

    /* U+0037 "7" */
    0x9f, 0xff, 0xf5, 0x23, 0x35, 0xf3, 0x00, 0x09,
    0xc0, 0x00, 0x1f, 0x50, 0x00, 0x7d, 0x00, 0x00,
    0xe6, 0x00, 0x06, 0xe0, 0x00, 0x0d, 0x70, 0x00,

    /* U+0038 "8" */
    0x06, 0xde, 0xa0, 0x2f, 0x63, 0xd8, 0x1f, 0x30,
    0xc7, 0x07, 0xff, 0xc0, 0x2f, 0x63, 0xd8, 0x7e,
    0x00, 0x8d, 0x4f, 0x52, 0xdb, 0x07, 0xef, 0xb1,

    /* U+0039 "9" */
    0x06, 0xee, 0x80, 0x3f, 0x64, 0xe7, 0x7d, 0x00,
    0x9c, 0x5f, 0x21, 0xdd, 0x0a, 0xfe, 0xac, 0x14,
    0x10, 0x9a, 0x2f, 0x65, 0xf4, 0x06, 0xee, 0x70,

    /* U+003A ":" */
    0x09, 0x11, 0xe3, 0x00, 0x00, 0x00, 0x09, 0x11,
    0xe3,

    /* U+003B ";" */
    0x08, 0x20, 0xd4, 0x00, 0x00, 0x00, 0x03, 0x11,
    0xf2, 0x3e, 0x05, 0x90,

    /* U+003C "<" */
    0x00, 0x00, 0x00, 0x00, 0x01, 0x8a, 0x01, 0x8f,
    0xc4, 0x1f, 0xc4, 0x00, 0x1c, 0xe8, 0x10, 0x00,
    0x4c, 0xf7, 0x00, 0x00, 0x47,

    /* U+003D "=" */
    0xff, 0xff, 0xb2, 0x33, 0x32, 0xff, 0xff, 0xb2,
    0x33, 0x32,

    /* U+003E ">" */
    0x00, 0x00, 0x0d, 0x60, 0x00, 0x7e, 0xd6, 0x00,
    0x06, 0xec, 0x02, 0xaf, 0x9a, 0xfa, 0x20, 0x92,
    0x00, 0x00,

    /* U+003F "?" */
    0x0a, 0xfd, 0x37, 0xe3, 0xad, 0x11, 0x07, 0xe0,
    0x05, 0xf5, 0x00, 0xf5, 0x00, 0x08, 0x00, 0x01,
    0x90, 0x00, 0x2e, 0x20,

    /* U+0040 "@" */
    0x00, 0x4b, 0xff, 0xc5, 0x00, 0x06, 0xf7, 0x21,
    0x5e, 0x60, 0x0f, 0x45, 0xdb, 0xd4, 0xf1, 0x5d,
    0x0e, 0x56, 0xf1, 0xc5, 0x7a, 0x3c, 0x00, 0xe1,
    0x97, 0x7a, 0x3c, 0x00, 0xf1, 0x96, 0x5d, 0x0e,
    0x24, 0xf3, 0xc3, 0x1f, 0x46, 0xec, 0x8f, 0xa0,
    0x06, 0xf7, 0x21, 0x31, 0x00, 0x00, 0x4c, 0xff,
    0xd3, 0x00,

    /* U+0041 "A" */
    0x00, 0x6f, 0x90, 0x00, 0x00, 0xbc, 0xe0, 0x00,
    0x00, 0xf5, 0xf3, 0x00, 0x05, 0xf0, 0xc9, 0x00,
    0x0a, 0xb0, 0x7e, 0x00, 0x0f, 0xff, 0xff, 0x30,
    0x4f, 0x42, 0x2f, 0x80, 0x9d, 0x00, 0x08, 0xd0,

    /* U+0042 "B" */
    0x4f, 0xff, 0xd3, 0x04, 0xf3, 0x3b, 0xc0, 0x4f,
    0x00, 0xaa, 0x04, 0xfe, 0xfe, 0x20, 0x4f, 0x22,
    0xad, 0x04, 0xf0, 0x03, 0xf1, 0x4f, 0x33, 0x9f,
    0x04, 0xff, 0xfe, 0x50,

    /* U+0043 "C" */
    0x01, 0xaf, 0xe7, 0x00, 0xcd, 0x56, 0xf7, 0x4f,
    0x10, 0x06, 0x87, 0xe0, 0x00, 0x00, 0x7d, 0x00,
    0x00, 0x04, 0xf1, 0x00, 0x68, 0x0d, 0xc5, 0x6f,
    0x70, 0x1b, 0xfe, 0x70,

    /* U+0044 "D" */
    0x4f, 0xff, 0xc3, 0x04, 0xf4, 0x4a, 0xf1, 0x4f,
    0x00, 0x0d, 0x84, 0xf0, 0x00, 0x9a, 0x4f, 0x00,
    0x09, 0xa4, 0xf0, 0x00, 0xd7, 0x4f, 0x44, 0xaf,
    0x14, 0xff, 0xfc, 0x30,

    /* U+0045 "E" */
    0x4f, 0xff, 0xf7, 0x4f, 0x33, 0x31, 0x4f, 0x00,
    0x00, 0x4f, 0xff, 0xf3, 0x4f, 0x33, 0x30, 0x4f,
    0x00, 0x00, 0x4f, 0x33, 0x31, 0x4f, 0xff, 0xf7,

    /* U+0046 "F" */
    0x4f, 0xff, 0xf6, 0x4f, 0x33, 0x31, 0x4f, 0x00,
    0x00, 0x4f, 0x00, 0x00, 0x4f, 0xff, 0xf0, 0x4f,
    0x32, 0x20, 0x4f, 0x00, 0x00, 0x4f, 0x00, 0x00,

    /* U+0047 "G" */
    0x01, 0xaf, 0xe7, 0x00, 0xcd, 0x57, 0xf6, 0x4f,
    0x20, 0x06, 0x87, 0xd0, 0x00, 0x00, 0x7d, 0x00,
    0xff, 0xe4, 0xf2, 0x02, 0x8e, 0x0d, 0xd5, 0x6e,
    0x80, 0x1a, 0xfe, 0x80,

    /* U+0048 "H" */
    0x4f, 0x00, 0x09, 0xb4, 0xf0, 0x00, 0x9b, 0x4f,
    0x00, 0x09, 0xb4, 0xff, 0xff, 0xfb, 0x4f, 0x33,
    0x3a, 0xb4, 0xf0, 0x00, 0x9b, 0x4f, 0x00, 0x09,
    0xb4, 0xf0, 0x00, 0x9b,

    /* U+0049 "I" */
    0x4f, 0x04, 0xf0, 0x4f, 0x04, 0xf0, 0x4f, 0x04,
    0xf0, 0x4f, 0x04, 0xf0,

    /* U+004A "J" */
    0x00, 0x03, 0xf1, 0x00, 0x03, 0xf1, 0x00, 0x03,
    0xf1, 0x00, 0x03, 0xf1, 0x00, 0x03, 0xf1, 0x89,
    0x03, 0xf0, 0x7e, 0x49, 0xe0, 0x0a, 0xfd, 0x40,

    /* U+004B "K" */
    0x4f, 0x00, 0x4f, 0x54, 0xf0, 0x2f, 0x80, 0x4f,
    0x1d, 0xb0, 0x04, 0xfa, 0xf1, 0x00, 0x4f, 0xef,
    0x90, 0x04, 0xf3, 0x4f, 0x30, 0x4f, 0x00, 0xbc,
    0x04, 0xf0, 0x01, 0xf7,

    /* U+004C "L" */
    0x4f, 0x00, 0x00, 0x4f, 0x00, 0x00, 0x4f, 0x00,
    0x00, 0x4f, 0x00, 0x00, 0x4f, 0x00, 0x00, 0x4f,
    0x00, 0x00, 0x4f, 0x33, 0x30, 0x4f, 0xff, 0xf4,

    /* U+004D "M" */
    0x4f, 0xd0, 0x00, 0xaf, 0x74, 0xff, 0x30, 0x0f,
    0xf7, 0x4f, 0xc8, 0x04, 0xec, 0x74, 0xf7, 0xd0,
    0xaa, 0xc7, 0x4f, 0x2f, 0x2e, 0x5d, 0x74, 0xf0,
    0xc9, 0xf0, 0xd7, 0x4f, 0x07, 0xfa, 0x0d, 0x74,
    0xf0, 0x1f, 0x50, 0xd7,

    /* U+004E "N" */
    0x4f, 0x70, 0x07, 0xd4, 0xff, 0x10, 0x7d, 0x4f,
    0xba, 0x07, 0xd4, 0xf4, 0xf3, 0x7d, 0x4f, 0x0a,
    0xc7, 0xd4, 0xf1, 0x1f, 0xbd, 0x4f, 0x10, 0x7f,
    0xd4, 0xf1, 0x00, 0xed,

    /* U+004F "O" */
    0x01, 0xaf, 0xe7, 0x00, 0x0c, 0xd5, 0x6f, 0x80,
    0x4f, 0x10, 0x06, 0xf0, 0x7d, 0x00, 0x02, 0xf2,
    0x7d, 0x00, 0x02, 0xf2, 0x4f, 0x10, 0x06, 0xf0,
    0x0d, 0xc5, 0x6f, 0x80, 0x01, 0xbf, 0xe8, 0x00,

    /* U+0050 "P" */
    0x4f, 0xff, 0xc2, 0x04, 0xf3, 0x4c, 0xc0, 0x4f,
    0x00, 0x5f, 0x04, 0xf0, 0x0a, 0xd0, 0x4f, 0xff,
    0xe4, 0x04, 0xf3, 0x20, 0x00, 0x4f, 0x00, 0x00,
    0x04, 0xf0, 0x00, 0x00,

    /* U+0051 "Q" */
    0x01, 0xaf, 0xe7, 0x00, 0x0c, 0xd5, 0x6f, 0x80,
    0x4f, 0x10, 0x06, 0xf0, 0x7d, 0x00, 0x02, 0xf2,
    0x7d, 0x00, 0x02, 0xf2, 0x4f, 0x13, 0x96, 0xf0,
    0x0d, 0xc5, 0xff, 0x80, 0x01, 0xbf, 0xff, 0x40,
    0x00, 0x00, 0x03, 0x60,

    /* U+0052 "R" */
    0x4f, 0xff, 0xc2, 0x04, 0xf3, 0x3c, 0xc0, 0x4f,
    0x00, 0x5f, 0x04, 0xf0, 0x0a, 0xd0, 0x4f, 0xff,
    0xf4, 0x04, 0xf3, 0x9f, 0x00, 0x4f, 0x00, 0xe8,
    0x04, 0xf0, 0x06, 0xf1,

    /* U+0053 "S" */
    0x05, 0xef, 0xb2, 0x02, 0xf7, 0x4b, 0xc0, 0x4f,
    0x20, 0x13, 0x00, 0xce, 0xa4, 0x00, 0x00, 0x5a,
    0xf9, 0x03, 0x50, 0x06, 0xf0, 0x5f, 0x64, 0xbe,
    0x00, 0x7e, 0xfc, 0x30,

    /* U+0054 "T" */
    0x9f, 0xff, 0xff, 0x31, 0x37, 0xf3, 0x30, 0x00,
    0x5f, 0x00, 0x00, 0x05, 0xf0, 0x00, 0x00, 0x5f,
    0x00, 0x00, 0x05, 0xf0, 0x00, 0x00, 0x5f, 0x00,
    0x00, 0x05, 0xf0, 0x00,

    /* U+0055 "U" */
    0x4f, 0x00, 0x0a, 0xa4, 0xf0, 0x00, 0xaa, 0x4f,
    0x00, 0x0a, 0xa4, 0xf0, 0x00, 0xaa, 0x4f, 0x00,
    0x0a, 0xa3, 0xf2, 0x00, 0xc9, 0x0e, 0xc5, 0x8f,
    0x40, 0x3c, 0xfe, 0x60,

    /* U+0056 "V" */
    0x9d, 0x00, 0x08, 0xd0, 0x4f, 0x20, 0x0d, 0x80,
    0x0e, 0x70, 0x2f, 0x30, 0x09, 0xc0, 0x7e, 0x00,
    0x04, 0xf1, 0xb9, 0x00, 0x00, 0xf5, 0xf4, 0x00,
    0x00, 0xac, 0xf0, 0x00, 0x00, 0x5f, 0xa0, 0x00,

    /* U+0057 "W" */
    0xac, 0x00, 0xbf, 0x00, 0x9d, 0x6f, 0x00, 0xef,
    0x20, 0xc9, 0x2f, 0x32, 0xfc, 0x50, 0xf5, 0x0e,
    0x66, 0xc9, 0x93, 0xf1, 0x0a, 0xa9, 0x85, 0xd6,
    0xd0, 0x06, 0xcd, 0x41, 0xfa, 0x90, 0x02, 0xff,
    0x10, 0xdf, 0x50, 0x00, 0xfd, 0x00, 0x9f, 0x10,

    /* U+0058 "X" */
    0x3f, 0x40, 0x1e, 0x60, 0x9d, 0x0a, 0xc0, 0x01,
    0xe9, 0xf3, 0x00, 0x06, 0xfb, 0x00, 0x00, 0x8f,
    0xc0, 0x00, 0x2f, 0x6f, 0x60, 0x0c, 0xb0, 0x8e,
    0x16, 0xf1, 0x00, 0xda,

    /* U+0059 "Y" */
    0x7f, 0x10, 0x0d, 0x90, 0xe8, 0x06, 0xf1, 0x06,
    0xf1, 0xd8, 0x00, 0x0d, 0xde, 0x10, 0x00, 0x4f,
    0x70, 0x00, 0x01, 0xf3, 0x00, 0x00, 0x1f, 0x30,
    0x00, 0x01, 0xf3, 0x00,

    /* U+005A "Z" */
    0x7f, 0xff, 0xfe, 0x13, 0x33, 0xf8, 0x00, 0x08,
    0xe0, 0x00, 0x2f, 0x40, 0x00, 0xca, 0x00, 0x06,
    0xe1, 0x00, 0x1f, 0x83, 0x32, 0x6f, 0xff, 0xff,

    /* U+005B "[" */
    0x0f, 0xf3, 0x0f, 0x40, 0x0f, 0x30, 0x0f, 0x30,
    0x0f, 0x30, 0x0f, 0x30, 0x0f, 0x30, 0x0f, 0x30,
    0x0f, 0x30, 0x0f, 0xf3, 0x02, 0x20,

    /* U+005C "\\" */
    0x62, 0x00, 0x98, 0x00, 0x5c, 0x00, 0x1f, 0x00,
    0x0d, 0x40, 0x09, 0x80, 0x05, 0xc0, 0x01, 0xf0,
    0x00, 0xd4, 0x00, 0x98,

    /* U+005D "]" */
    0x7f, 0xb0, 0x8c, 0x07, 0xc0, 0x7c, 0x07, 0xc0,
    0x7c, 0x07, 0xc0, 0x7c, 0x07, 0xc7, 0xfc, 0x02,
    0x10,

    /* U+005E "^" */
    0x01, 0x40, 0x00, 0x7f, 0x40, 0x0e, 0x5b, 0x05,
    0xa0, 0xd2, 0x11, 0x02, 0x10,

    /* U+005F "_" */
    0xff, 0xff, 0xa2, 0x22, 0x21,

    /* U+0060 "`" */
    0x09, 0x10, 0x87,

    /* U+0061 "a" */
    0x09, 0xee, 0x50, 0x3a, 0x27, 0xf0, 0x04, 0x7b,
    0xf0, 0x6e, 0x66, 0xf1, 0x8b, 0x18, 0xf1, 0x2d,
    0xf8, 0xf1,

    /* U+0062 "b" */
    0x5f, 0x00, 0x00, 0x5f, 0x00, 0x00, 0x5f, 0x8f,
    0xb0, 0x5f, 0x84, 0xe8, 0x5f, 0x00, 0x9c, 0x5f,
    0x00, 0x9c, 0x5f, 0x84, 0xe8, 0x5e, 0x8f, 0xb1,

    /* U+0063 "c" */
    0x07, 0xee, 0x70, 0x3f, 0x54, 0xf3, 0x8c, 0x00,
    0x00, 0x8c, 0x00, 0x00, 0x3f, 0x54, 0xf3, 0x07,
    0xee, 0x80,

    /* U+0064 "d" */
    0x00, 0x00, 0xb9, 0x00, 0x00, 0xb9, 0x09, 0xfb,
    0xb9, 0x4f, 0x55, 0xf9, 0x8c, 0x00, 0xc9, 0x8c,
    0x00, 0xc9, 0x4f, 0x55, 0xf9, 0x09, 0xfb, 0xb9,

    /* U+0065 "e" */
    0x07, 0xee, 0x70, 0x3f, 0x43, 0xf4, 0x8f, 0xff,
    0xf7, 0x8b, 0x00, 0x00, 0x4f, 0x43, 0xd3, 0x07,
    0xee, 0x80,

    /* U+0066 "f" */
    0x05, 0xe9, 0x0d, 0x91, 0xef, 0xf8, 0x1f, 0x70,
    0x0e, 0x50, 0x0e, 0x50, 0x0e, 0x50, 0x0e, 0x50,

    /* U+0067 "g" */
    0x08, 0xfb, 0xb9, 0x4f, 0x65, 0xf9, 0x8d, 0x00,
    0xc9, 0x8c, 0x00, 0xb9, 0x5f, 0x44, 0xf9, 0x09,
    0xfc, 0xb9, 0x17, 0x22, 0xd7, 0x09, 0xee, 0x90,

    /* U+0068 "h" */
    0x5e, 0x00, 0x00, 0x5e, 0x00, 0x00, 0x5e, 0x9f,
    0xb0, 0x5f, 0x75, 0xf4, 0x5f, 0x00, 0xd7, 0x5f,
    0x00, 0xd7, 0x5f, 0x00, 0xd7, 0x5f, 0x00, 0xd7,

    /* U+0069 "i" */
    0x4d, 0x01, 0x50, 0x5f, 0x05, 0xf0, 0x5f, 0x05,
    0xf0, 0x5f, 0x05, 0xf0,

    /* U+006A "j" */
    0x04, 0xd0, 0x01, 0x50, 0x05, 0xf0, 0x05, 0xf0,
    0x05, 0xf0, 0x05, 0xf0, 0x05, 0xf0, 0x05, 0xf0,
    0x08, 0xd0, 0x3e, 0x60,

    /* U+006B "k" */
    0x5f, 0x00, 0x00, 0x5f, 0x00, 0x00, 0x5f, 0x06,
    0xf2, 0x5f, 0x3f, 0x40, 0x5f, 0xfb, 0x00, 0x5f,
    0xee, 0x00, 0x5f, 0x0d, 0x90, 0x5f, 0x03, 0xf4,

    /* U+006C "l" */
    0x5f, 0x5f, 0x5f, 0x5f, 0x5f, 0x5f, 0x5f, 0x5f,

    /* U+006D "m" */
    0x5e, 0xaf, 0x69, 0xfa, 0x05, 0xf4, 0x6f, 0x63,
    0xf3, 0x5f, 0x02, 0xf2, 0x0f, 0x55, 0xf0, 0x2f,
    0x20, 0xf5, 0x5f, 0x02, 0xf2, 0x0f, 0x55, 0xf0,
    0x2f, 0x20, 0xf5,

    /* U+006E "n" */
    0x5e, 0x9f, 0xb0, 0x5f, 0x63, 0xf4, 0x5f, 0x00,
    0xd6, 0x5f, 0x00, 0xd7, 0x5f, 0x00, 0xd7, 0x5f,
    0x00, 0xd7,

    /* U+006F "o" */
    0x07, 0xee, 0x80, 0x3f, 0x54, 0xf5, 0x8c, 0x00,
    0xb9, 0x8c, 0x00, 0xb9, 0x3f, 0x54, 0xf5, 0x07,
    0xee, 0x80,

    /* U+0070 "p" */
    0x5e, 0x9f, 0xb0, 0x5f, 0x72, 0xe8, 0x5f, 0x00,
    0x9c, 0x5f, 0x00, 0x9c, 0x5f, 0x84, 0xe8, 0x5f,
    0x8f, 0xb1, 0x5f, 0x00, 0x00, 0x5f, 0x00, 0x00,

    /* U+0071 "q" */
    0x09, 0xfb, 0xb9, 0x4f, 0x55, 0xf9, 0x8c, 0x00,
    0xc9, 0x8c, 0x00, 0xc9, 0x4f, 0x55, 0xf9, 0x09,
    0xfb, 0xb9, 0x00, 0x00, 0xb9, 0x00, 0x00, 0xb9,

    /* U+0072 "r" */
    0x00, 0x00, 0x5e, 0xac, 0x5f, 0x72, 0x5f, 0x00,
    0x5f, 0x00, 0x5f, 0x00, 0x5f, 0x00,

    /* U+0073 "s" */
    0x0a, 0xfd, 0x40, 0x5e, 0x25, 0x80, 0x3f, 0xa6,
    0x10, 0x02, 0x7d, 0xd0, 0x5b, 0x27, 0xf0, 0x1b,
    0xfd, 0x50,

    /* U+0074 "t" */
    0x18, 0x10, 0x2f, 0x20, 0xff, 0xf3, 0x3f, 0x30,
    0x2f, 0x20, 0x2f, 0x20, 0x1f, 0x50, 0x0a, 0xf3,

    /* U+0075 "u" */
    0x5f, 0x00, 0xd7, 0x5f, 0x00, 0xd7, 0x5f, 0x00,
    0xd7, 0x5f, 0x00, 0xd7, 0x3f, 0x65, 0xf7, 0x09,
    0xfa, 0xc7,

    /* U+0076 "v" */
    0xab, 0x00, 0xd8, 0x4f, 0x01, 0xf2, 0x0f, 0x46,
    0xd0, 0x0a, 0x9b, 0x70, 0x04, 0xdf, 0x20, 0x00,
    0xfd, 0x00,

    /* U+0077 "w" */
    0xaa, 0x08, 0xe0, 0x4f, 0x06, 0xe0, 0xcf, 0x28,
    0xc0, 0x1f, 0x2f, 0xa6, 0xb7, 0x00, 0xd8, 0xc6,
    0x9f, 0x30, 0x09, 0xe8, 0x2e, 0xf0, 0x00, 0x4f,
    0x40, 0xea, 0x00,

    /* U+0078 "x" */
    0x5f, 0x14, 0xf1, 0x0c, 0x8c, 0x70, 0x03, 0xff,
    0x00, 0x04, 0xff, 0x00, 0x0d, 0x6c, 0x80, 0x7d,
    0x03, 0xf2,

    /* U+0079 "y" */
    0xab, 0x00, 0xd8, 0x4f, 0x02, 0xf2, 0x0e, 0x57,
    0xc0, 0x09, 0xac, 0x60, 0x03, 0xef, 0x10, 0x00,
    0xfb, 0x00, 0x02, 0xe5, 0x00, 0x3f, 0xa0, 0x00,

    /* U+007A "z" */
    0x5f, 0xff, 0xf0, 0x02, 0x3e, 0x90, 0x00, 0x8d,
    0x00, 0x04, 0xf3, 0x00, 0x1e, 0xa2, 0x20, 0x6f,
    0xff, 0xf1,

    /* U+007B "{" */
    0x00, 0x9f, 0x00, 0x2f, 0x30, 0x03, 0xf0, 0x00,
    0x7e, 0x00, 0xaf, 0x40, 0x02, 0xcc, 0x00, 0x03,
    0xe0, 0x00, 0x3f, 0x00, 0x02, 0xf1, 0x00, 0x0a,
    0xf0, 0x00, 0x01, 0x00,

    /* U+007C "|" */
    0xc6, 0xc6, 0xc6, 0xc6, 0xc6, 0xc6, 0xc6, 0xc6,
    0xc6, 0xc6, 0xc6, 0xc6, 0xc6,

    /* U+007D "}" */
    0x7d, 0x30, 0x09, 0xb0, 0x06, 0xc0, 0x05, 0xe2,
    0x00, 0xff, 0x03, 0xf7, 0x06, 0xc0, 0x06, 0xc0,
    0x09, 0xb0, 0x7e, 0x30, 0x00, 0x00,

    /* U+007E "~" */
    0x09, 0xe7, 0x4d, 0x2e, 0x4c, 0xf8, 0x02, 0x00,
    0x10,

    /* U+00A0 " " */

    /* U+00A1 "¡" */
    0x1e, 0x30, 0x91, 0x06, 0x10, 0xf3, 0x0f, 0x30,
    0xf4, 0x0f, 0x41, 0xf4,

    /* U+00A2 "¢" */
    0x00, 0x44, 0x00, 0x06, 0xff, 0x70, 0x3f, 0xa9,
    0xf3, 0x8d, 0x44, 0x00, 0x8c, 0x44, 0x00, 0x4f,
    0x76, 0xe3, 0x09, 0xff, 0xa0, 0x00, 0x55, 0x00,

    /* U+00A3 "£" */
    0x01, 0xcf, 0xb0, 0x0a, 0xc3, 0xc8, 0x0d, 0x60,
    0x33, 0x0c, 0x60, 0x00, 0x7f, 0xff, 0x70, 0x0b,
    0x70, 0x00, 0x3f, 0x63, 0x7a, 0x8f, 0xff, 0xf7,

    /* U+00A4 "¤" */
    0x00, 0x00, 0x00, 0x02, 0xca, 0xed, 0x9a, 0x0f,
    0x90, 0x3f, 0x40, 0xd0, 0x00, 0x58, 0x2a, 0x00,
    0x03, 0xa1, 0xd0, 0x00, 0x58, 0x0f, 0x90, 0x2f,
    0x52, 0xba, 0xfd, 0x89,

    /* U+00A5 "¥" */
    0xab, 0x01, 0xf4, 0x3f, 0x17, 0xd0, 0x0c, 0x7d,
    0x70, 0x06, 0xff, 0x10, 0x6f, 0xff, 0xe0, 0x5e,
    0xff, 0xd0, 0x00, 0xd7, 0x00, 0x00, 0xd7, 0x00,

    /* U+00A6 "¦" */
    0xf2, 0xf2, 0xf2, 0xa1, 0x00, 0x00, 0xf2, 0xf2,
    0xf2, 0xa1,

    /* U+00A7 "§" */
    0x08, 0xfd, 0x30, 0x1f, 0x48, 0x90, 0x0d, 0x80,
    0x00, 0x2a, 0x9e, 0x60, 0x6a, 0x02, 0xf1, 0x1c,
    0xb5, 0xb0, 0x00, 0x4d, 0x70, 0x1a, 0x17, 0xc0,
    0x0b, 0xff, 0x50, 0x00, 0x10, 0x00,

    /* U+00A8 "¨" */
    0x00, 0x00, 0x98, 0x7b, 0x11, 0x12,

    /* U+00A9 "©" */
    0x00, 0x3c, 0xfd, 0x40, 0x00, 0x4f, 0x73, 0x6e,
    0x60, 0x0d, 0x58, 0xd9, 0x4e, 0x01, 0xf5, 0xc2,
    0x84, 0xd4, 0x2f, 0x5a, 0x05, 0x3d, 0x40, 0xe4,
    0xbf, 0xc3, 0xf1, 0x05, 0xe4, 0x13, 0xd8, 0x00,
    0x06, 0xff, 0xf7, 0x00, 0x00, 0x00, 0x20, 0x00,
    0x00,

    /* U+00AA "ª" */
    0x2c, 0xe8, 0x02, 0x32, 0xf0, 0x4d, 0xcf, 0x1a,
    0x61, 0xf1, 0x5d, 0xaf, 0x10,

    /* U+00AB "«" */
    0x01, 0xe6, 0xc9, 0x0c, 0xa9, 0xc0, 0x5f, 0x3f,
    0x30, 0x0c, 0xa9, 0xc0, 0x01, 0xe6, 0xc9,

    /* U+00AC "¬" */
    0xef, 0xff, 0x52, 0x22, 0xc6, 0x00, 0x07, 0x30,

    /* U+00AE "®" */
    0x02, 0xbc, 0x80, 0x01, 0xc9, 0x97, 0xa0, 0x64,
    0xa4, 0x6a, 0x06, 0x4c, 0xd2, 0xa0, 0x1c, 0x82,
    0x9a, 0x00, 0x3b, 0xc9, 0x00,

    /* U+00AF "¯" */
    0x2f, 0xf9,

    /* U+00B0 "°" */
    0x0a, 0xe5, 0x4a, 0x2d, 0x4a, 0x2d, 0x0a, 0xe5,

    /* U+00B1 "±" */
    0x00, 0x3e, 0x00, 0x0f, 0xff, 0xfc, 0x02, 0x5f,
    0x21, 0x00, 0x3e, 0x00, 0x00, 0x02, 0x00, 0x0f,
    0xff, 0xfc, 0x02, 0x22, 0x21,

    /* U+00B2 "²" */
    0x2d, 0xe8, 0x02, 0x34, 0xd0, 0x06, 0xb2, 0x06,
    0xfe, 0xe0,

    /* U+00B3 "³" */
    0x2c, 0xda, 0x00, 0x2c, 0xa0, 0x34, 0x1f, 0x12,
    0xce, 0xa0,

    /* U+00B4 "´" */
    0x06, 0x50, 0xe1,

    /* U+00B5 "µ" */
    0x5f, 0x00, 0xd7, 0x05, 0xf0, 0x0d, 0x70, 0x5f,
    0x00, 0xd7, 0x05, 0xf0, 0x0d, 0x70, 0x5f, 0x43,
    0xf8, 0x05, 0xfb, 0xd7, 0xf1, 0x5f, 0x00, 0x00,
    0x05, 0xf0, 0x00, 0x00,

    /* U+00B6 "¶" */
    0x09, 0xff, 0xf7, 0x5f, 0xf5, 0xf4, 0x8f, 0xf4,
    0xd4, 0x6f, 0xf4, 0xd4, 0x09, 0xf4, 0xd4, 0x00,
    0x00, 0xd4, 0x00, 0x00, 0xd4, 0x00, 0x00, 0xd4,

    /* U+00B7 "·" */
    0x09, 0x11, 0xe3,

    /* U+00B8 "¸" */
    0x90, 0x29, 0x97,

    /* U+00B9 "¹" */
    0x4e, 0xa2, 0x6a, 0x06, 0xa0, 0x6a,

    /* U+00BA "º" */
    0x0b, 0xea, 0x07, 0xa0, 0xc5, 0x97, 0x09, 0x87,
    0xa0, 0xc5, 0x0b, 0xea, 0x00,

    /* U+00BB "»" */
    0x4f, 0x4e, 0x50, 0x07, 0xd5, 0xf2, 0x00, 0xe8,
    0xbb, 0x07, 0xd5, 0xf2, 0x4f, 0x4e, 0x50,

    /* U+00BC "¼" */
    0x05, 0x10, 0x00, 0x40, 0x7d, 0x40, 0x08, 0x60,
    0x0a, 0x40, 0x3c, 0x00, 0x0a, 0x40, 0xc2, 0x00,
    0x0a, 0x47, 0x80, 0xf7, 0x00, 0x1c, 0x06, 0xd7,
    0x00, 0xb3, 0x0c, 0x67, 0x05, 0x90, 0x3e, 0xff,
    0x07, 0x10, 0x00, 0x34,

    /* U+00BD "½" */
    0x06, 0x10, 0x00, 0x50, 0x08, 0xd4, 0x00, 0x86,
    0x00, 0x0a, 0x40, 0x2c, 0x00, 0x00, 0xa4, 0x0b,
    0x30, 0x00, 0x09, 0x35, 0x94, 0xdb, 0x00, 0x00,
    0xd1, 0x32, 0xb3, 0x00, 0x86, 0x00, 0x2d, 0x00,
    0x2c, 0x00, 0x1d, 0x30, 0x0a, 0x30, 0x07, 0xed,
    0x40,

    /* U+00BE "¾" */
    0x2c, 0xb0, 0x00, 0x76, 0x02, 0x2a, 0x40, 0x1c,
    0x00, 0x06, 0xe1, 0x0a, 0x40, 0x02, 0x29, 0x64,
    0xa0, 0x00, 0x3c, 0xc2, 0xc2, 0x2f, 0x30, 0x00,
    0x77, 0x0a, 0xd3, 0x00, 0x1d, 0x02, 0xb9, 0x30,
    0x0a, 0x50, 0x7e, 0xfd, 0x00, 0x70, 0x00, 0x05,
    0x10,

    /* U+00BF "¿" */
    0x00, 0xa8, 0x00, 0x00, 0x65, 0x00, 0x00, 0x54,
    0x00, 0x00, 0xd6, 0x00, 0x1d, 0xb0, 0x00, 0x7e,
    0x00, 0x30, 0x6f, 0x39, 0xe0, 0x09, 0xed, 0x30,

    /* U+00C0 "À" */
    0x00, 0x8a, 0x00, 0x00, 0x00, 0x08, 0x00, 0x00,
    0x00, 0x6f, 0x90, 0x00, 0x00, 0xbc, 0xe0, 0x00,
    0x00, 0xf5, 0xf3, 0x00, 0x05, 0xf0, 0xc9, 0x00,
    0x0a, 0xb0, 0x7e, 0x00, 0x0f, 0xff, 0xff, 0x30,
    0x4f, 0x42, 0x2f, 0x80, 0x9d, 0x00, 0x08, 0xd0,

    /* U+00C1 "Á" */
    0x00, 0x06, 0xc0, 0x00, 0x00, 0x06, 0x20, 0x00,
    0x00, 0x6f, 0x90, 0x00, 0x00, 0xbc, 0xe0, 0x00,
    0x00, 0xf5, 0xf3, 0x00, 0x05, 0xf0, 0xc9, 0x00,
    0x0a, 0xb0, 0x7e, 0x00, 0x0f, 0xff, 0xff, 0x30,
    0x4f, 0x42, 0x2f, 0x80, 0x9d, 0x00, 0x08, 0xd0,

    /* U+00C2 "Â" */
    0x00, 0x07, 0x20, 0x00, 0x00, 0x9b, 0xc0, 0x00,
    0x00, 0x70, 0x62, 0x00, 0x00, 0x6f, 0x90, 0x00,
    0x00, 0xbc, 0xe0, 0x00, 0x00, 0xf5, 0xf3, 0x00,
    0x05, 0xf0, 0xc9, 0x00, 0x0a, 0xb0, 0x7e, 0x00,
    0x0f, 0xff, 0xff, 0x30, 0x4f, 0x42, 0x2f, 0x80,
    0x9d, 0x00, 0x08, 0xd0,

    /* U+00C3 "Ã" */
    0x00, 0x9d, 0xb0, 0x00, 0x00, 0x00, 0x00, 0x00,
    0x00, 0x6f, 0x90, 0x00, 0x00, 0xbc, 0xe0, 0x00,
    0x00, 0xf5, 0xf3, 0x00, 0x05, 0xf0, 0xc9, 0x00,
    0x0a, 0xb0, 0x7e, 0x00, 0x0f, 0xff, 0xff, 0x30,
    0x4f, 0x42, 0x2f, 0x80, 0x9d, 0x00, 0x08, 0xd0,

    /* U+00C4 "Ä" */
    0x00, 0x00, 0x00, 0x00, 0x00, 0xf2, 0xd4, 0x00,
    0x00, 0x30, 0x20, 0x00, 0x00, 0x6f, 0x90, 0x00,
    0x00, 0xbc, 0xe0, 0x00, 0x00, 0xf5, 0xf3, 0x00,
    0x05, 0xf0, 0xc9, 0x00, 0x0a, 0xb0, 0x7e, 0x00,
    0x0f, 0xff, 0xff, 0x30, 0x4f, 0x42, 0x2f, 0x80,
    0x9d, 0x00, 0x08, 0xd0,

    /* U+00C5 "Å" */
    0x00, 0x3b, 0x60, 0x00, 0x00, 0xa2, 0xc0, 0x00,
    0x00, 0x3b, 0x60, 0x00, 0x00, 0x6f, 0x90, 0x00,
    0x00, 0xbc, 0xe0, 0x00, 0x00, 0xf5, 0xf3, 0x00,
    0x05, 0xf0, 0xc9, 0x00, 0x0a, 0xb0, 0x7e, 0x00,
    0x0f, 0xff, 0xff, 0x30, 0x4f, 0x42, 0x2f, 0x80,
    0x9d, 0x00, 0x08, 0xd0,

    /* U+00C6 "Æ" */
    0x00, 0x0b, 0xff, 0xff, 0xf8, 0x00, 0x1f, 0x6f,
    0x43, 0x31, 0x00, 0x8d, 0x2f, 0x10, 0x00, 0x00,
    0xe7, 0x2f, 0xff, 0xf4, 0x05, 0xf1, 0x2f, 0x43,
    0x30, 0x0c, 0xfe, 0xff, 0x10, 0x00, 0x2f, 0x61,
    0x4f, 0x43, 0x31, 0x8e, 0x00, 0x2f, 0xff, 0xf9,

    /* U+00C7 "Ç" */
    0x01, 0xaf, 0xe7, 0x00, 0xcd, 0x56, 0xf7, 0x4f,
    0x10, 0x06, 0x87, 0xe0, 0x00, 0x00, 0x7d, 0x00,
    0x00, 0x04, 0xf1, 0x00, 0x68, 0x0d, 0xc5, 0x6f,
    0x70, 0x1b, 0xfe, 0x70, 0x00, 0x07, 0x90, 0x00,
    0x00, 0x7c, 0x00,

    /* U+00C8 "È" */
    0x01, 0xe1, 0x00, 0x00, 0x54, 0x00, 0x4f, 0xff,
    0xf7, 0x4f, 0x33, 0x31, 0x4f, 0x00, 0x00, 0x4f,
    0xff, 0xf3, 0x4f, 0x33, 0x30, 0x4f, 0x00, 0x00,
    0x4f, 0x33, 0x31, 0x4f, 0xff, 0xf7,

    /* U+00C9 "É" */
    0x00, 0x0e, 0x30, 0x00, 0x27, 0x00, 0x4f, 0xff,
    0xf7, 0x4f, 0x33, 0x31, 0x4f, 0x00, 0x00, 0x4f,
    0xff, 0xf3, 0x4f, 0x33, 0x30, 0x4f, 0x00, 0x00,
    0x4f, 0x33, 0x31, 0x4f, 0xff, 0xf7,

    /* U+00CA "Ê" */
    0x00, 0x46, 0x00, 0x02, 0xec, 0x40, 0x04, 0x42,
    0x60, 0x4f, 0xff, 0xf7, 0x4f, 0x33, 0x31, 0x4f,
    0x00, 0x00, 0x4f, 0xff, 0xf3, 0x4f, 0x33, 0x30,
    0x4f, 0x00, 0x00, 0x4f, 0x33, 0x31, 0x4f, 0xff,
    0xf7,

    /* U+00CB "Ë" */
    0x00, 0x00, 0x00, 0x08, 0x96, 0xb0, 0x01, 0x10,
    0x20, 0x4f, 0xff, 0xf7, 0x4f, 0x33, 0x31, 0x4f,
    0x00, 0x00, 0x4f, 0xff, 0xf3, 0x4f, 0x33, 0x30,
    0x4f, 0x00, 0x00, 0x4f, 0x33, 0x31, 0x4f, 0xff,
    0xf7,

    /* U+00CC "Ì" */
    0x0b, 0x60, 0x02, 0x70, 0x04, 0xf0, 0x04, 0xf0,
    0x04, 0xf0, 0x04, 0xf0, 0x04, 0xf0, 0x04, 0xf0,
    0x04, 0xf0, 0x04, 0xf0,

    /* U+00CD "Í" */
    0x0a, 0x80, 0x80, 0x4f, 0x04, 0xf0, 0x4f, 0x04,
    0xf0, 0x4f, 0x04, 0xf0, 0x4f, 0x04, 0xf0,

    /* U+00CE "Î" */
    0x02, 0x70, 0x00, 0xcb, 0x80, 0x26, 0x07, 0x00,
    0x4f, 0x00, 0x04, 0xf0, 0x00, 0x4f, 0x00, 0x04,
    0xf0, 0x00, 0x4f, 0x00, 0x04, 0xf0, 0x00, 0x4f,
    0x00, 0x04, 0xf0, 0x00,

    /* U+00CF "Ï" */
    0x00, 0x00, 0x03, 0xe2, 0xf0, 0x02, 0x03, 0x00,
    0x4f, 0x00, 0x04, 0xf0, 0x00, 0x4f, 0x00, 0x04,
    0xf0, 0x00, 0x4f, 0x00, 0x04, 0xf0, 0x00, 0x4f,
    0x00, 0x04, 0xf0, 0x00,

    /* U+00D0 "Ð" */
    0x0f, 0xff, 0xd6, 0x00, 0xf8, 0x37, 0xf5, 0x0f,
    0x50, 0x09, 0xc0, 0xf5, 0x00, 0x5f, 0xef, 0xff,
    0x05, 0xf0, 0xf5, 0x00, 0x9c, 0x0f, 0x83, 0x7f,
    0x50, 0xff, 0xfd, 0x60,

    /* U+00D1 "Ñ" */
    0x00, 0x7c, 0xc2, 0x00, 0x00, 0x00, 0x00, 0x4f,
    0x70, 0x07, 0xd4, 0xff, 0x10, 0x7d, 0x4f, 0xba,
    0x07, 0xd4, 0xf4, 0xf3, 0x7d, 0x4f, 0x0a, 0xc7,
    0xd4, 0xf1, 0x1f, 0xbd, 0x4f, 0x10, 0x7f, 0xd4,
    0xf1, 0x00, 0xed,

    /* U+00D2 "Ò" */
    0x00, 0x37, 0x00, 0x00, 0x00, 0x0d, 0x20, 0x00,
    0x00, 0x00, 0x00, 0x00, 0x01, 0xaf, 0xe7, 0x00,
    0x0c, 0xd5, 0x6f, 0x80, 0x4f, 0x10, 0x06, 0xf0,
    0x7d, 0x00, 0x02, 0xf2, 0x7d, 0x00, 0x02, 0xf2,
    0x4f, 0x10, 0x06, 0xf0, 0x0d, 0xc5, 0x6f, 0x80,
    0x01, 0xbf, 0xe8, 0x00,

    /* U+00D3 "Ó" */
    0x00, 0x00, 0x91, 0x00, 0x00, 0x06, 0x90, 0x00,
    0x00, 0x00, 0x00, 0x00, 0x01, 0xaf, 0xe7, 0x00,
    0x0c, 0xd5, 0x6f, 0x80, 0x4f, 0x10, 0x06, 0xf0,
    0x7d, 0x00, 0x02, 0xf2, 0x7d, 0x00, 0x02, 0xf2,
    0x4f, 0x10, 0x06, 0xf0, 0x0d, 0xc5, 0x6f, 0x80,
    0x01, 0xbf, 0xe8, 0x00,

    /* U+00D4 "Ô" */
    0x00, 0x07, 0x40, 0x00, 0x00, 0x99, 0xc4, 0x00,
    0x00, 0x00, 0x00, 0x00, 0x01, 0xaf, 0xe7, 0x00,
    0x0c, 0xd5, 0x6f, 0x80, 0x4f, 0x10, 0x06, 0xf0,
    0x7d, 0x00, 0x02, 0xf2, 0x7d, 0x00, 0x02, 0xf2,
    0x4f, 0x10, 0x06, 0xf0, 0x0d, 0xc5, 0x6f, 0x80,
    0x01, 0xbf, 0xe8, 0x00,

    /* U+00D5 "Õ" */
    0x00, 0x6c, 0xc3, 0x00, 0x00, 0x00, 0x00, 0x00,
    0x01, 0xaf, 0xe7, 0x00, 0x0c, 0xd5, 0x6f, 0x80,
    0x4f, 0x10, 0x06, 0xf0, 0x7d, 0x00, 0x02, 0xf2,
    0x7d, 0x00, 0x02, 0xf2, 0x4f, 0x10, 0x06, 0xf0,
    0x0d, 0xc5, 0x6f, 0x80, 0x01, 0xbf, 0xe8, 0x00,

    /* U+00D6 "Ö" */
    0x00, 0x00, 0x00, 0x00, 0x00, 0xc5, 0xa7, 0x00,
    0x00, 0x20, 0x21, 0x00, 0x01, 0xaf, 0xe7, 0x00,
    0x0c, 0xd5, 0x6f, 0x80, 0x4f, 0x10, 0x06, 0xf0,
    0x7d, 0x00, 0x02, 0xf2, 0x7d, 0x00, 0x02, 0xf2,
    0x4f, 0x10, 0x06, 0xf0, 0x0d, 0xc5, 0x6f, 0x80,
    0x01, 0xbf, 0xe8, 0x00,

    /* U+00D7 "×" */
    0x08, 0x10, 0x45, 0x0a, 0xd4, 0xf6, 0x00, 0xef,
    0x80, 0x01, 0xef, 0xb0, 0x0d, 0xa1, 0xd9, 0x04,
    0x00, 0x12,

    /* U+00D8 "Ø" */
    0x00, 0x00, 0x00, 0x00, 0x01, 0xaf, 0xed, 0x80,
    0x0c, 0xd5, 0x8f, 0x90, 0x4f, 0x10, 0xac, 0xf0,
    0x7d, 0x05, 0xb2, 0xf2, 0x7d, 0x1d, 0x12, 0xf2,
    0x4f, 0xc6, 0x06, 0xf0, 0x0f, 0xf5, 0x6f, 0x80,
    0x0e, 0xdf, 0xe8, 0x00, 0x00, 0x00, 0x00, 0x00,

    /* U+00D9 "Ù" */
    0x00, 0x55, 0x00, 0x00, 0x01, 0xd0, 0x00, 0x00,
    0x00, 0x00, 0x04, 0xf0, 0x00, 0xaa, 0x4f, 0x00,
    0x0a, 0xa4, 0xf0, 0x00, 0xaa, 0x4f, 0x00, 0x0a,
    0xa4, 0xf0, 0x00, 0xaa, 0x3f, 0x20, 0x0c, 0x90,
    0xec, 0x58, 0xf4, 0x03, 0xcf, 0xe6, 0x00,

    /* U+00DA "Ú" */
    0x00, 0x02, 0x80, 0x00, 0x00, 0x96, 0x00, 0x00,
    0x00, 0x00, 0x04, 0xf0, 0x00, 0xaa, 0x4f, 0x00,
    0x0a, 0xa4, 0xf0, 0x00, 0xaa, 0x4f, 0x00, 0x0a,
    0xa4, 0xf0, 0x00, 0xaa, 0x3f, 0x20, 0x0c, 0x90,
    0xec, 0x58, 0xf4, 0x03, 0xcf, 0xe6, 0x00,

    /* U+00DB "Û" */
    0x00, 0x07, 0x30, 0x00, 0x0b, 0x7d, 0x20, 0x00,
    0x00, 0x00, 0x04, 0xf0, 0x00, 0xaa, 0x4f, 0x00,
    0x0a, 0xa4, 0xf0, 0x00, 0xaa, 0x4f, 0x00, 0x0a,
    0xa4, 0xf0, 0x00, 0xaa, 0x3f, 0x20, 0x0c, 0x90,
    0xec, 0x58, 0xf4, 0x03, 0xcf, 0xe6, 0x00,

    /* U+00DC "Ü" */
    0x00, 0x00, 0x00, 0x00, 0x0f, 0x3d, 0x40, 0x00,
    0x30, 0x20, 0x04, 0xf0, 0x00, 0xaa, 0x4f, 0x00,
    0x0a, 0xa4, 0xf0, 0x00, 0xaa, 0x4f, 0x00, 0x0a,
    0xa4, 0xf0, 0x00, 0xaa, 0x3f, 0x20, 0x0c, 0x90,
    0xec, 0x58, 0xf4, 0x03, 0xcf, 0xe6, 0x00,

    /* U+00DD "Ý" */
    0x00, 0x07, 0xb0, 0x00, 0x00, 0x71, 0x00, 0x7f,
    0x10, 0x0d, 0x90, 0xe8, 0x06, 0xf1, 0x06, 0xf1,
    0xd8, 0x00, 0x0d, 0xde, 0x10, 0x00, 0x4f, 0x70,
    0x00, 0x01, 0xf3, 0x00, 0x00, 0x1f, 0x30, 0x00,
    0x01, 0xf3, 0x00,

    /* U+00DE "Þ" */
    0x4f, 0x00, 0x00, 0x4f, 0x00, 0x00, 0x4f, 0xff,
    0xb1, 0x4f, 0x23, 0xca, 0x4f, 0x00, 0xab, 0x4f,
    0xff, 0xe3, 0x4f, 0x22, 0x00, 0x4f, 0x00, 0x00,

    /* U+00DF "ß" */
    0x06, 0xee, 0x90, 0x2f, 0x74, 0xf7, 0x4f, 0x01,
    0xe5, 0x4f, 0x2f, 0xc1, 0x4f, 0x02, 0xbb, 0x4f,
    0x00, 0x5f, 0x4f, 0x03, 0xbd, 0x4f, 0x2f, 0xd2,

    /* U+00E0 "à" */
    0x04, 0x70, 0x00, 0x00, 0xd1, 0x00, 0x00, 0x00,
    0x00, 0x09, 0xee, 0x50, 0x3a, 0x27, 0xf0, 0x04,
    0x7b, 0xf0, 0x6e, 0x66, 0xf1, 0x8b, 0x18, 0xf1,
    0x2d, 0xf8, 0xf1,

    /* U+00E1 "á" */
    0x00, 0x19, 0x00, 0x00, 0x79, 0x00, 0x00, 0x00,
    0x00, 0x09, 0xee, 0x50, 0x3a, 0x27, 0xf0, 0x04,
    0x7b, 0xf0, 0x6e, 0x66, 0xf1, 0x8b, 0x18, 0xf1,
    0x2d, 0xf8, 0xf1,

    /* U+00E2 "â" */
    0x00, 0x74, 0x00, 0x09, 0x8c, 0x30, 0x00, 0x00,
    0x00, 0x09, 0xee, 0x50, 0x3a, 0x27, 0xf0, 0x04,
    0x7b, 0xf0, 0x6e, 0x66, 0xf1, 0x8b, 0x18, 0xf1,
    0x2d, 0xf8, 0xf1,

    /* U+00E3 "ã" */
    0x06, 0xdc, 0x20, 0x00, 0x00, 0x00, 0x09, 0xee,
    0x50, 0x3a, 0x27, 0xf0, 0x04, 0x7b, 0xf0, 0x6e,
    0x66, 0xf1, 0x8b, 0x18, 0xf1, 0x2d, 0xf8, 0xf1,

    /* U+00E4 "ä" */
    0x0b, 0x4a, 0x60, 0x04, 0x13, 0x20, 0x09, 0xee,
    0x50, 0x3a, 0x27, 0xf0, 0x04, 0x7b, 0xf0, 0x6e,
    0x66, 0xf1, 0x8b, 0x18, 0xf1, 0x2d, 0xf8, 0xf1,

    /* U+00E5 "å" */
    0x01, 0xa8, 0x00, 0x07, 0x5a, 0x10, 0x01, 0xa8,
    0x00, 0x09, 0xee, 0x50, 0x3a, 0x27, 0xf0, 0x04,
    0x7b, 0xf0, 0x6e, 0x66, 0xf1, 0x8b, 0x18, 0xf1,
    0x2d, 0xf8, 0xf1,

    /* U+00E6 "æ" */
    0x0a, 0xfd, 0x8d, 0xfa, 0x02, 0x72, 0x7f, 0x62,
    0xd7, 0x0a, 0xef, 0xff, 0xff, 0xa7, 0xc0, 0x3f,
    0x00, 0x00, 0x8c, 0x29, 0xf6, 0x2c, 0x62, 0xcf,
    0xa4, 0xdf, 0xa0,

    /* U+00E7 "ç" */
    0x07, 0xee, 0x70, 0x3f, 0x54, 0xf3, 0x8c, 0x00,
    0x00, 0x8c, 0x00, 0x00, 0x3f, 0x54, 0xf3, 0x07,
    0xff, 0x80, 0x00, 0x4b, 0x00, 0x00, 0x5c, 0x20,

    /* U+00E8 "è" */
    0x02, 0x90, 0x00, 0x00, 0xc3, 0x00, 0x00, 0x00,
    0x00, 0x07, 0xee, 0x70, 0x3f, 0x43, 0xf4, 0x8f,
    0xff, 0xf7, 0x8b, 0x00, 0x00, 0x4f, 0x43, 0xd3,
    0x07, 0xee, 0x80,

    /* U+00E9 "é" */
    0x00, 0x09, 0x20, 0x00, 0x4b, 0x00, 0x00, 0x00,
    0x00, 0x07, 0xee, 0x70, 0x3f, 0x43, 0xf4, 0x8f,
    0xff, 0xf7, 0x8b, 0x00, 0x00, 0x4f, 0x43, 0xd3,
    0x07, 0xee, 0x80,

    /* U+00EA "ê" */
    0x00, 0x65, 0x00, 0x06, 0xab, 0x50, 0x00, 0x00,
    0x00, 0x07, 0xee, 0x70, 0x3f, 0x43, 0xf4, 0x8f,
    0xff, 0xf7, 0x8b, 0x00, 0x00, 0x4f, 0x43, 0xd3,
    0x07, 0xee, 0x80,

    /* U+00EB "ë" */
    0x09, 0x67, 0x80, 0x03, 0x22, 0x30, 0x07, 0xee,
    0x70, 0x3f, 0x43, 0xf4, 0x8f, 0xff, 0xf7, 0x8b,
    0x00, 0x00, 0x4f, 0x43, 0xd3, 0x07, 0xee, 0x80,

    /* U+00EC "ì" */
    0x0c, 0x50, 0x36, 0x05, 0xf0, 0x5f, 0x05, 0xf0,
    0x5f, 0x05, 0xf0, 0x5f,

    /* U+00ED "í" */
    0x0b, 0x60, 0x90, 0x5f, 0x05, 0xf0, 0x5f, 0x05,
    0xf0, 0x5f, 0x05, 0xf0,

    /* U+00EE "î" */
    0x03, 0x70, 0x02, 0xd7, 0xb0, 0x00, 0x00, 0x00,
    0x5f, 0x00, 0x05, 0xf0, 0x00, 0x5f, 0x00, 0x05,
    0xf0, 0x00, 0x5f, 0x00, 0x05, 0xf0, 0x00,

    /* U+00EF "ï" */
    0x4b, 0x2d, 0x01, 0x40, 0x40, 0x05, 0xf0, 0x00,
    0x5f, 0x00, 0x05, 0xf0, 0x00, 0x5f, 0x00, 0x05,
    0xf0, 0x00, 0x5f, 0x00,

    /* U+00F0 "ð" */
    0x05, 0x51, 0x40, 0x02, 0xff, 0x30, 0x06, 0x4a,
    0x70, 0x08, 0xeb, 0xe1, 0x4f, 0x22, 0xf5, 0x8b,
    0x00, 0xc7, 0x8c, 0x00, 0xc6, 0x3f, 0x45, 0xf2,
    0x07, 0xee, 0x60,

    /* U+00F1 "ñ" */
    0x04, 0xcd, 0x50, 0x00, 0x00, 0x00, 0x5e, 0x9f,
    0xb0, 0x5f, 0x63, 0xf4, 0x5f, 0x00, 0xd6, 0x5f,
    0x00, 0xd7, 0x5f, 0x00, 0xd7, 0x5f, 0x00, 0xd7,

    /* U+00F2 "ò" */
    0x02, 0x90, 0x00, 0x00, 0xb4, 0x00, 0x00, 0x00,
    0x00, 0x07, 0xee, 0x80, 0x3f, 0x54, 0xf5, 0x8c,
    0x00, 0xb9, 0x8c, 0x00, 0xb9, 0x3f, 0x54, 0xf5,
    0x07, 0xee, 0x80,

    /* U+00F3 "ó" */
    0x00, 0x08, 0x20, 0x00, 0x3c, 0x00, 0x00, 0x00,
    0x00, 0x07, 0xee, 0x80, 0x3f, 0x54, 0xf5, 0x8c,
    0x00, 0xb9, 0x8c, 0x00, 0xb9, 0x3f, 0x54, 0xf5,
    0x07, 0xee, 0x80,

    /* U+00F4 "ô" */
    0x00, 0x56, 0x00, 0x06, 0xba, 0x70, 0x00, 0x00,
    0x00, 0x07, 0xee, 0x80, 0x3f, 0x54, 0xf5, 0x8c,
    0x00, 0xb9, 0x8c, 0x00, 0xb9, 0x3f, 0x54, 0xf5,
    0x07, 0xee, 0x80,

    /* U+00F5 "õ" */
    0x04, 0xcd, 0x50, 0x00, 0x00, 0x00, 0x07, 0xee,
    0x80, 0x3f, 0x54, 0xf5, 0x8c, 0x00, 0xb9, 0x8c,
    0x00, 0xb9, 0x3f, 0x54, 0xf5, 0x07, 0xee, 0x80,

    /* U+00F6 "ö" */
    0x08, 0x76, 0x90, 0x02, 0x22, 0x30, 0x07, 0xee,
    0x80, 0x3f, 0x54, 0xf5, 0x8c, 0x00, 0xb9, 0x8c,
    0x00, 0xb9, 0x3f, 0x54, 0xf5, 0x07, 0xee, 0x80,

    /* U+00F7 "÷" */
    0x00, 0x3d, 0x00, 0x00, 0x28, 0x00, 0x0f, 0xff,
    0xfc, 0x02, 0x22, 0x22, 0x00, 0x18, 0x00, 0x00,
    0x3e, 0x00,

    /* U+00F8 "ø" */
    0x00, 0x00, 0x00, 0x07, 0xee, 0xe7, 0x3f, 0x58,
    0xf5, 0x8c, 0x1c, 0xc9, 0x8d, 0xb2, 0xb9, 0x3f,
    0xb4, 0xf5, 0x5f, 0xee, 0x80, 0x00, 0x00, 0x00,

    /* U+00F9 "ù" */
    0x01, 0x90, 0x00, 0x00, 0xb5, 0x00, 0x00, 0x00,
    0x00, 0x5f, 0x00, 0xd7, 0x5f, 0x00, 0xd7, 0x5f,
    0x00, 0xd7, 0x5f, 0x00, 0xd7, 0x3f, 0x65, 0xf7,
    0x09, 0xfa, 0xc7,

    /* U+00FA "ú" */
    0x00, 0x08, 0x20, 0x00, 0x3c, 0x00, 0x00, 0x00,
    0x00, 0x5f, 0x00, 0xd7, 0x5f, 0x00, 0xd7, 0x5f,
    0x00, 0xd7, 0x5f, 0x00, 0xd7, 0x3f, 0x65, 0xf7,
    0x09, 0xfa, 0xc7,

    /* U+00FB "û" */
    0x00, 0x56, 0x00, 0x05, 0xba, 0x70, 0x00, 0x00,
    0x00, 0x5f, 0x00, 0xd7, 0x5f, 0x00, 0xd7, 0x5f,
    0x00, 0xd7, 0x5f, 0x00, 0xd7, 0x3f, 0x65, 0xf7,
    0x09, 0xfa, 0xc7,

    /* U+00FC "ü" */
    0x08, 0x86, 0xa0, 0x02, 0x21, 0x30, 0x5f, 0x00,
    0xd7, 0x5f, 0x00, 0xd7, 0x5f, 0x00, 0xd7, 0x5f,
    0x00, 0xd7, 0x3f, 0x65, 0xf7, 0x09, 0xfa, 0xc7,

    /* U+00FD "ý" */
    0x00, 0x09, 0x10, 0x00, 0x5b, 0x00, 0x00, 0x00,
    0x00, 0xab, 0x00, 0xd8, 0x4f, 0x02, 0xf2, 0x0e,
    0x57, 0xc0, 0x09, 0xac, 0x60, 0x03, 0xef, 0x10,
    0x00, 0xfb, 0x00, 0x02, 0xe5, 0x00, 0x3f, 0xa0,
    0x00,

    /* U+00FE "þ" */
    0x5f, 0x00, 0x00, 0x5f, 0x00, 0x00, 0x5f, 0x8f,
    0xb0, 0x5f, 0x84, 0xe8, 0x5f, 0x00, 0x9c, 0x5f,
    0x00, 0x9c, 0x5f, 0x84, 0xe8, 0x5f, 0x8f, 0xb1,
    0x5f, 0x00, 0x00, 0x5f, 0x00, 0x00,

    /* U+00FF "ÿ" */
    0x09, 0x68, 0x80, 0x03, 0x12, 0x20, 0xab, 0x00,
    0xd8, 0x4f, 0x02, 0xf2, 0x0e, 0x57, 0xc0, 0x09,
    0xac, 0x60, 0x03, 0xef, 0x10, 0x00, 0xfb, 0x00,
    0x02, 0xe5, 0x00, 0x3f, 0xa0, 0x00,

    /* U+0100 "Ā" */
    0x00, 0xbf, 0xf0, 0x00, 0x00, 0x00, 0x00, 0x00,
    0x00, 0x6f, 0x90, 0x00, 0x00, 0xbc, 0xe0, 0x00,
    0x00, 0xf5, 0xf3, 0x00, 0x05, 0xf0, 0xc9, 0x00,
    0x0a, 0xb0, 0x7e, 0x00, 0x0f, 0xff, 0xff, 0x30,
    0x4f, 0x42, 0x2f, 0x80, 0x9d, 0x00, 0x08, 0xd0,

    /* U+0101 "ā" */
    0x08, 0xff, 0x30, 0x00, 0x00, 0x00, 0x09, 0xee,
    0x50, 0x3a, 0x27, 0xf0, 0x04, 0x7b, 0xf0, 0x6e,
    0x66, 0xf1, 0x8b, 0x18, 0xf1, 0x2d, 0xf8, 0xf1,

    /* U+0102 "Ă" */
    0x00, 0x60, 0x51, 0x00, 0x00, 0x6d, 0x90, 0x00,
    0x00, 0x00, 0x00, 0x00, 0x00, 0x6f, 0x90, 0x00,
    0x00, 0xbc, 0xe0, 0x00, 0x00, 0xf5, 0xf3, 0x00,
    0x05, 0xf0, 0xc9, 0x00, 0x0a, 0xb0, 0x7e, 0x00,
    0x0f, 0xff, 0xff, 0x30, 0x4f, 0x42, 0x2f, 0x80,
    0x9d, 0x00, 0x08, 0xd0,

    /* U+0103 "ă" */
    0x04, 0x03, 0x20, 0x04, 0xcb, 0x10, 0x00, 0x00,
    0x00, 0x09, 0xee, 0x50, 0x3a, 0x27, 0xf0, 0x04,
    0x7b, 0xf0, 0x6e, 0x66, 0xf1, 0x8b, 0x18, 0xf1,
    0x2d, 0xf8, 0xf1,

    /* U+0104 "Ą" */
    0x00, 0x6f, 0x90, 0x00, 0x00, 0xbc, 0xe0, 0x00,
    0x00, 0xf5, 0xf3, 0x00, 0x05, 0xf0, 0xc9, 0x00,
    0x0a, 0xb0, 0x7e, 0x00, 0x0f, 0xff, 0xff, 0x30,
    0x4f, 0x42, 0x2f, 0x80, 0x9d, 0x00, 0x09, 0xe0,
    0x00, 0x00, 0x0b, 0x70, 0x00, 0x00, 0x0b, 0xe2,

    /* U+0105 "ą" */
    0x09, 0xee, 0x50, 0x3a, 0x27, 0xf0, 0x04, 0x7b,
    0xf0, 0x6e, 0x66, 0xf1, 0x8b, 0x18, 0xf1, 0x2d,
    0xf9, 0xf1, 0x00, 0x0a, 0x60, 0x00, 0x09, 0xe2,

    /* U+0106 "Ć" */
    0x00, 0x00, 0x90, 0x00, 0x00, 0x79, 0x00, 0x00,
    0x00, 0x00, 0x00, 0x1a, 0xfe, 0x70, 0x0c, 0xd5,
    0x6f, 0x74, 0xf1, 0x00, 0x68, 0x7e, 0x00, 0x00,
    0x07, 0xd0, 0x00, 0x00, 0x4f, 0x10, 0x06, 0x80,
    0xdc, 0x56, 0xf7, 0x01, 0xbf, 0xe7, 0x00,

    /* U+0107 "ć" */
    0x00, 0x08, 0x20, 0x00, 0x3c, 0x00, 0x00, 0x00,
    0x00, 0x07, 0xee, 0x70, 0x3f, 0x54, 0xf3, 0x8c,
    0x00, 0x00, 0x8c, 0x00, 0x00, 0x3f, 0x54, 0xf3,
    0x07, 0xee, 0x80,

    /* U+0108 "Ĉ" */
    0x00, 0x07, 0x40, 0x00, 0x09, 0x9c, 0x40, 0x00,
    0x00, 0x00, 0x00, 0x1a, 0xfe, 0x70, 0x0c, 0xd5,
    0x6f, 0x74, 0xf1, 0x00, 0x68, 0x7e, 0x00, 0x00,
    0x07, 0xd0, 0x00, 0x00, 0x4f, 0x10, 0x06, 0x80,
    0xdc, 0x56, 0xf7, 0x01, 0xbf, 0xe7, 0x00,

    /* U+0109 "ĉ" */
    0x00, 0x56, 0x00, 0x06, 0xba, 0x70, 0x00, 0x00,
    0x00, 0x07, 0xee, 0x70, 0x3f, 0x54, 0xf3, 0x8c,
    0x00, 0x00, 0x8c, 0x00, 0x00, 0x3f, 0x54, 0xf3,
    0x07, 0xee, 0x80,

    /* U+010A "Ċ" */
    0x00, 0x04, 0x20, 0x00, 0x00, 0xb6, 0x00, 0x00,
    0x00, 0x00, 0x00, 0x1a, 0xfe, 0x70, 0x0c, 0xd5,
    0x6f, 0x74, 0xf1, 0x00, 0x68, 0x7e, 0x00, 0x00,
    0x07, 0xd0, 0x00, 0x00, 0x4f, 0x10, 0x06, 0x80,
    0xdc, 0x56, 0xf7, 0x01, 0xbf, 0xe7, 0x00,

    /* U+010B "ċ" */
    0x00, 0x89, 0x00, 0x00, 0x33, 0x00, 0x07, 0xee,
    0x70, 0x3f, 0x54, 0xf3, 0x8c, 0x00, 0x00, 0x8c,
    0x00, 0x00, 0x3f, 0x54, 0xf3, 0x07, 0xee, 0x80,

    /* U+010C "Č" */
    0x00, 0x89, 0xc3, 0x00, 0x00, 0x42, 0x00, 0x01,
    0xaf, 0xd6, 0x00, 0xcd, 0x57, 0xf5, 0x4f, 0x10,
    0x09, 0xc7, 0xe0, 0x00, 0x00, 0x7d, 0x00, 0x00,
    0x04, 0xf1, 0x00, 0x47, 0x0d, 0xc5, 0x6e, 0x70,
    0x1b, 0xfe, 0x80,

    /* U+010D "č" */
    0x04, 0x43, 0x50, 0x01, 0xcd, 0x10, 0x00, 0x00,
    0x00, 0x07, 0xee, 0x70, 0x3f, 0x54, 0xf3, 0x8c,
    0x00, 0x00, 0x8c, 0x00, 0x00, 0x3f, 0x54, 0xf3,
    0x07, 0xee, 0x80,

    /* U+010E "Ď" */
    0x05, 0x33, 0x50, 0x00, 0x3d, 0xd2, 0x00, 0x00,
    0x55, 0x00, 0x04, 0xff, 0xfc, 0x30, 0x4f, 0x44,
    0xaf, 0x14, 0xf0, 0x00, 0xd8, 0x4f, 0x00, 0x09,
    0xa4, 0xf0, 0x00, 0x9a, 0x4f, 0x00, 0x0d, 0x74,
    0xf4, 0x4a, 0xf1, 0x4f, 0xff, 0xc3, 0x00,

    /* U+010F "ď" */
    0x00, 0x00, 0x00, 0x00, 0x00, 0x00, 0xb9, 0xc2,
    0x00, 0x00, 0xb9, 0xc0, 0x09, 0xfb, 0xb9, 0x00,
    0x4f, 0x55, 0xf9, 0x00, 0x8c, 0x00, 0xc9, 0x00,
    0x8c, 0x00, 0xc9, 0x00, 0x4f, 0x55, 0xf9, 0x00,
    0x09, 0xfb, 0xb9, 0x00,

    /* U+0110 "Đ" */
    0x0f, 0xff, 0xd6, 0x00, 0xf8, 0x37, 0xf5, 0x0f,
    0x50, 0x09, 0xc0, 0xf5, 0x00, 0x5f, 0xef, 0xff,
    0x05, 0xf0, 0xf5, 0x00, 0x9c, 0x0f, 0x83, 0x7f,
    0x50, 0xff, 0xfd, 0x60,

    /* U+0111 "đ" */
    0x00, 0x2e, 0xff, 0x30, 0x00, 0x0b, 0x90, 0x09,
    0xfb, 0xb9, 0x04, 0xf5, 0x5f, 0x90, 0x8c, 0x00,
    0xc9, 0x08, 0xc0, 0x0c, 0x90, 0x4f, 0x55, 0xf9,
    0x00, 0x9f, 0xbb, 0x90,

    /* U+0112 "Ē" */
    0x04, 0xff, 0x70, 0x00, 0x00, 0x00, 0x4f, 0xff,
    0xf7, 0x4f, 0x33, 0x31, 0x4f, 0x00, 0x00, 0x4f,
    0xff, 0xf3, 0x4f, 0x33, 0x30, 0x4f, 0x00, 0x00,
    0x4f, 0x33, 0x31, 0x4f, 0xff, 0xf7,

    /* U+0113 "ē" */
    0x06, 0xff, 0x50, 0x00, 0x00, 0x00, 0x07, 0xee,
    0x70, 0x3f, 0x43, 0xf4, 0x8f, 0xff, 0xf7, 0x8b,
    0x00, 0x00, 0x4f, 0x43, 0xd3, 0x07, 0xee, 0x80,

    /* U+0114 "Ĕ" */
    0x03, 0x31, 0x50, 0x01, 0xbc, 0x30, 0x00, 0x00,
    0x00, 0x4f, 0xff, 0xf7, 0x4f, 0x33, 0x31, 0x4f,
    0x00, 0x00, 0x4f, 0xff, 0xf3, 0x4f, 0x33, 0x30,
    0x4f, 0x00, 0x00, 0x4f, 0x33, 0x31, 0x4f, 0xff,
    0xf7,

    /* U+0115 "ĕ" */
    0x04, 0x22, 0x40, 0x02, 0xcc, 0x20, 0x00, 0x00,
    0x00, 0x07, 0xee, 0x70, 0x3f, 0x43, 0xf4, 0x8f,
    0xff, 0xf7, 0x8b, 0x00, 0x00, 0x4f, 0x43, 0xd3,
    0x07, 0xee, 0x80,

    /* U+0116 "Ė" */
    0x00, 0x7a, 0x00, 0x00, 0x24, 0x00, 0x4f, 0xff,
    0xf7, 0x4f, 0x33, 0x31, 0x4f, 0x00, 0x00, 0x4f,
    0xff, 0xf3, 0x4f, 0x33, 0x30, 0x4f, 0x00, 0x00,
    0x4f, 0x33, 0x31, 0x4f, 0xff, 0xf7,

    /* U+0117 "ė" */
    0x00, 0x98, 0x00, 0x00, 0x33, 0x00, 0x07, 0xee,
    0x70, 0x3f, 0x43, 0xf4, 0x8f, 0xff, 0xf7, 0x8b,
    0x00, 0x00, 0x4f, 0x43, 0xd3, 0x07, 0xee, 0x80,

    /* U+0118 "Ę" */
    0x4f, 0xff, 0xf7, 0x4f, 0x33, 0x31, 0x4f, 0x00,
    0x00, 0x4f, 0xff, 0xf3, 0x4f, 0x33, 0x30, 0x4f,
    0x00, 0x00, 0x4f, 0x33, 0x31, 0x4f, 0xff, 0xf7,
    0x00, 0x04, 0xd1, 0x00, 0x04, 0xe8,

    /* U+0119 "ę" */
    0x07, 0xee, 0x70, 0x3f, 0x43, 0xf4, 0x8f, 0xff,
    0xf7, 0x8b, 0x00, 0x00, 0x4f, 0x43, 0xf5, 0x07,
    0xef, 0xf0, 0x00, 0x0b, 0x60, 0x00, 0x09, 0xe3,

    /* U+011A "Ě" */
    0x04, 0x42, 0x60, 0x01, 0xdc, 0x40, 0x00, 0x46,
    0x00, 0x4f, 0xff, 0xf7, 0x4f, 0x33, 0x31, 0x4f,
    0x00, 0x00, 0x4f, 0xff, 0xf3, 0x4f, 0x33, 0x30,
    0x4f, 0x00, 0x00, 0x4f, 0x33, 0x31, 0x4f, 0xff,
    0xf7,

    /* U+011B "ě" */
    0x05, 0x34, 0x40, 0x01, 0xdc, 0x10, 0x00, 0x00,
    0x00, 0x07, 0xee, 0x70, 0x3f, 0x43, 0xf4, 0x8f,
    0xff, 0xf7, 0x8b, 0x00, 0x00, 0x4f, 0x43, 0xd3,
    0x07, 0xee, 0x80,

    /* U+011C "Ĝ" */
    0x00, 0x07, 0x40, 0x00, 0x09, 0x8c, 0x30, 0x00,
    0x00, 0x00, 0x00, 0x1a, 0xfe, 0x70, 0x0c, 0xd5,
    0x7f, 0x64, 0xf2, 0x00, 0x68, 0x7d, 0x00, 0x00,
    0x07, 0xd0, 0x0f, 0xfe, 0x4f, 0x20, 0x28, 0xe0,
    0xdd, 0x56, 0xe8, 0x01, 0xaf, 0xe8, 0x00,

    /* U+011D "ĝ" */
    0x00, 0x56, 0x00, 0x06, 0xba, 0x60, 0x00, 0x00,
    0x00, 0x08, 0xfb, 0xb9, 0x4f, 0x65, 0xf9, 0x8d,
    0x00, 0xc9, 0x8c, 0x00, 0xb9, 0x5f, 0x44, 0xf9,
    0x09, 0xfc, 0xb9, 0x17, 0x22, 0xd7, 0x09, 0xee,
    0x90,

    /* U+011E "Ğ" */
    0x00, 0x51, 0x42, 0x00, 0x04, 0xcb, 0x10, 0x00,
    0x00, 0x00, 0x00, 0x1a, 0xfe, 0x70, 0x0c, 0xd5,
    0x7f, 0x64, 0xf2, 0x00, 0x68, 0x7d, 0x00, 0x00,
    0x07, 0xd0, 0x0f, 0xfe, 0x4f, 0x20, 0x28, 0xe0,
    0xdd, 0x56, 0xe8, 0x01, 0xaf, 0xe8, 0x00,

    /* U+011F "ğ" */
    0x07, 0x65, 0x80, 0x01, 0xbb, 0x10, 0x00, 0x00,
    0x00, 0x08, 0xfb, 0xb9, 0x4f, 0x65, 0xf9, 0x8d,
    0x00, 0xc9, 0x8c, 0x00, 0xb9, 0x5f, 0x44, 0xc9,
    0x09, 0xf9, 0xb9, 0x17, 0x22, 0xe7, 0x09, 0xee,
    0x90,

    /* U+0120 "Ġ" */
    0x00, 0x04, 0x20, 0x00, 0x00, 0xb6, 0x00, 0x00,
    0x00, 0x00, 0x00, 0x1a, 0xfe, 0x70, 0x0c, 0xd5,
    0x7f, 0x64, 0xf2, 0x00, 0x68, 0x7d, 0x00, 0x00,
    0x07, 0xd0, 0x0f, 0xfe, 0x4f, 0x20, 0x28, 0xe0,
    0xdd, 0x56, 0xe8, 0x01, 0xaf, 0xe8, 0x00,

    /* U+0121 "ġ" */
    0x00, 0x89, 0x00, 0x00, 0x33, 0x00, 0x08, 0xfb,
    0xb9, 0x4f, 0x65, 0xf9, 0x8d, 0x00, 0xc9, 0x8c,
    0x00, 0xb9, 0x5f, 0x44, 0xf9, 0x09, 0xfc, 0xb9,
    0x17, 0x22, 0xd7, 0x09, 0xee, 0x90,

    /* U+0122 "Ģ" */
    0x01, 0xaf, 0xe7, 0x00, 0xcd, 0x57, 0xf6, 0x4f,
    0x20, 0x06, 0x87, 0xd0, 0x00, 0x00, 0x7d, 0x00,
    0xff, 0xe4, 0xf2, 0x02, 0x8e, 0x0d, 0xd5, 0x6e,
    0x80, 0x1a, 0xfe, 0x80, 0x00, 0x0d, 0x30, 0x00,
    0x02, 0xd0, 0x00,

    /* U+0123 "ģ" */
    0x00, 0x02, 0x00, 0x00, 0x4a, 0x00, 0x00, 0x68,
    0x00, 0x00, 0x00, 0x00, 0x08, 0xfb, 0xb9, 0x4f,
    0x65, 0xf9, 0x8d, 0x00, 0xc9, 0x8c, 0x00, 0xb9,
    0x5f, 0x44, 0xf9, 0x09, 0xfc, 0xb9, 0x17, 0x22,
    0xd7, 0x09, 0xee, 0x90,

    /* U+0124 "Ĥ" */
    0x00, 0x07, 0x30, 0x00, 0x07, 0xcd, 0x00, 0x00,
    0x71, 0x53, 0x04, 0xf0, 0x00, 0x9b, 0x4f, 0x00,
    0x09, 0xb4, 0xf0, 0x00, 0x9b, 0x4f, 0xff, 0xff,
    0xb4, 0xf3, 0x33, 0xab, 0x4f, 0x00, 0x09, 0xb4,
    0xf0, 0x00, 0x9b, 0x4f, 0x00, 0x09, 0xb0,

    /* U+0125 "ĥ" */
    0x03, 0x70, 0x00, 0x00, 0xdc, 0x70, 0x00, 0x35,
    0x17, 0x00, 0x00, 0x5e, 0x00, 0x00, 0x05, 0xe0,
    0x00, 0x00, 0x5e, 0x9f, 0xb0, 0x05, 0xf7, 0x5f,
    0x40, 0x5f, 0x00, 0xd7, 0x05, 0xf0, 0x0d, 0x70,
    0x5f, 0x00, 0xd7, 0x05, 0xf0, 0x0d, 0x70,

    /* U+0126 "Ħ" */
    0x0f, 0x40, 0x05, 0xf0, 0x0f, 0x40, 0x05, 0xf0,
    0x8f, 0xfe, 0xef, 0xf7, 0x0f, 0xff, 0xff, 0xf0,
    0x0f, 0x63, 0x37, 0xf0, 0x0f, 0x40, 0x05, 0xf0,
    0x0f, 0x40, 0x05, 0xf0, 0x0f, 0x40, 0x05, 0xf0,

    /* U+0127 "ħ" */
    0x05, 0xe0, 0x00, 0x00, 0xff, 0xe5, 0x00, 0x05,
    0xe9, 0xfb, 0x00, 0x5f, 0x75, 0xf4, 0x05, 0xf0,
    0x0d, 0x70, 0x5f, 0x00, 0xd7, 0x05, 0xf0, 0x0d,
    0x70, 0x5f, 0x00, 0xd7,

    /* U+0128 "Ĩ" */
    0x0b, 0xd9, 0x00, 0x00, 0x04, 0xf0, 0x04, 0xf0,
    0x04, 0xf0, 0x04, 0xf0, 0x04, 0xf0, 0x04, 0xf0,
    0x04, 0xf0, 0x04, 0xf0,

    /* U+0129 "ĩ" */
    0x1c, 0xd8, 0x00, 0x00, 0x05, 0xf0, 0x05, 0xf0,
    0x05, 0xf0, 0x05, 0xf0, 0x05, 0xf0, 0x05, 0xf0,

    /* U+012A "Ī" */
    0x0f, 0xfb, 0x00, 0x00, 0x04, 0xf0, 0x04, 0xf0,
    0x04, 0xf0, 0x04, 0xf0, 0x04, 0xf0, 0x04, 0xf0,
    0x04, 0xf0, 0x04, 0xf0,

    /* U+012B "ī" */
    0x1f, 0xfa, 0x00, 0x00, 0x05, 0xf0, 0x05, 0xf0,
    0x05, 0xf0, 0x05, 0xf0, 0x05, 0xf0, 0x05, 0xf0,

    /* U+012C "Ĭ" */
    0x15, 0x06, 0x09, 0xd6, 0x00, 0x00, 0x04, 0xf0,
    0x04, 0xf0, 0x04, 0xf0, 0x04, 0xf0, 0x04, 0xf0,
    0x04, 0xf0, 0x04, 0xf0, 0x04, 0xf0,

    /* U+012D "ĭ" */
    0x15, 0x06, 0x0a, 0xc5, 0x00, 0x00, 0x05, 0xf0,
    0x05, 0xf0, 0x05, 0xf0, 0x05, 0xf0, 0x05, 0xf0,
    0x05, 0xf0,

    /* U+012E "Į" */
    0x4f, 0x04, 0xf0, 0x4f, 0x04, 0xf0, 0x4f, 0x04,
    0xf0, 0x4f, 0x04, 0xf0, 0xb7, 0x0a, 0xe2,

    /* U+012F "į" */
    0x04, 0xd0, 0x01, 0x50, 0x05, 0xf0, 0x05, 0xf0,
    0x05, 0xf0, 0x05, 0xf0, 0x05, 0xf0, 0x05, 0xf0,
    0x0c, 0x60, 0x0b, 0xe1,

    /* U+0130 "İ" */
    0x3e, 0x00, 0x60, 0x4f, 0x04, 0xf0, 0x4f, 0x04,
    0xf0, 0x4f, 0x04, 0xf0, 0x4f, 0x04, 0xf0,

    /* U+0131 "ı" */
    0x5f, 0x5f, 0x5f, 0x5f, 0x5f, 0x5f,

    /* U+0132 "Ĳ" */
    0x4f, 0x00, 0x00, 0x7d, 0x4f, 0x00, 0x00, 0x7d,
    0x4f, 0x00, 0x00, 0x7d, 0x4f, 0x00, 0x00, 0x7d,
    0x4f, 0x00, 0x00, 0x7d, 0x4f, 0x0a, 0x50, 0x7d,
    0x4f, 0x0a, 0xb1, 0xba, 0x4f, 0x02, 0xcf, 0xc2,

    /* U+0133 "ĳ" */
    0x4d, 0x0a, 0x71, 0x50, 0x42, 0x5f, 0x0b, 0x95,
    0xf0, 0xb9, 0x5f, 0x0b, 0x95, 0xf0, 0xb9, 0x5f,
    0x0b, 0x95, 0xf0, 0xb9, 0x00, 0x1d, 0x70, 0x09,
    0xc1,

    /* U+0134 "Ĵ" */
    0x00, 0x02, 0x71, 0x00, 0x01, 0xd7, 0xc0, 0x00,
    0x00, 0x00, 0x00, 0x00, 0x3f, 0x10, 0x00, 0x03,
    0xf1, 0x00, 0x00, 0x3f, 0x10, 0x00, 0x03, 0xf1,
    0x00, 0x00, 0x3f, 0x10, 0x89, 0x03, 0xf0, 0x07,
    0xe4, 0x9e, 0x00, 0x0a, 0xfd, 0x40, 0x00,

    /* U+0135 "ĵ" */
    0x03, 0x70, 0x02, 0xd7, 0xb0, 0x00, 0x00, 0x00,
    0x5f, 0x00, 0x05, 0xf0, 0x00, 0x5f, 0x00, 0x05,
    0xf0, 0x00, 0x5f, 0x00, 0x05, 0xf0, 0x00, 0x8d,
    0x00, 0x3e, 0x60, 0x00,

    /* U+0136 "Ķ" */
    0x4f, 0x00, 0x4f, 0x54, 0xf0, 0x2f, 0x80, 0x4f,
    0x1d, 0xb0, 0x04, 0xfa, 0xf1, 0x00, 0x4f, 0xef,
    0x90, 0x04, 0xf3, 0x4f, 0x30, 0x4f, 0x00, 0xbc,
    0x04, 0xf0, 0x01, 0xf7, 0x00, 0x00, 0x00, 0x00,
    0x03, 0xe0, 0x00, 0x00, 0x68, 0x00, 0x00,

    /* U+0137 "ķ" */
    0x5f, 0x00, 0x00, 0x5f, 0x00, 0x00, 0x5f, 0x06,
    0xf2, 0x5f, 0x3f, 0x40, 0x5f, 0xfb, 0x00, 0x5f,
    0xee, 0x00, 0x5f, 0x0d, 0x90, 0x5f, 0x03, 0xf4,
    0x00, 0x00, 0x00, 0x00, 0xc5, 0x00, 0x00, 0xd0,
    0x00,

    /* U+0138 "ĸ" */
    0x5f, 0x03, 0xf4, 0x5f, 0x0c, 0xa0, 0x5f, 0x5e,
    0x10, 0x5f, 0xfc, 0x00, 0x5f, 0x3f, 0x40, 0x5f,
    0x06, 0xf2,

    /* U+0139 "Ĺ" */
    0x0a, 0x70, 0x00, 0x08, 0x00, 0x00, 0x4f, 0x00,
    0x00, 0x4f, 0x00, 0x00, 0x4f, 0x00, 0x00, 0x4f,
    0x00, 0x00, 0x4f, 0x00, 0x00, 0x4f, 0x00, 0x00,
    0x4f, 0x33, 0x30, 0x4f, 0xff, 0xf4,

    /* U+013A "ĺ" */
    0x0b, 0x60, 0x80, 0x5f, 0x05, 0xf0, 0x5f, 0x05,
    0xf0, 0x5f, 0x05, 0xf0, 0x5f, 0x05, 0xf0,

    /* U+013B "Ļ" */
    0x4f, 0x00, 0x00, 0x4f, 0x00, 0x00, 0x4f, 0x00,
    0x00, 0x4f, 0x00, 0x00, 0x4f, 0x00, 0x00, 0x4f,
    0x00, 0x00, 0x4f, 0x33, 0x30, 0x4f, 0xff, 0xf4,
    0x00, 0x00, 0x00, 0x00, 0xb6, 0x00, 0x00, 0xd1,
    0x00,

    /* U+013C "ļ" */
    0x5f, 0x5f, 0x5f, 0x5f, 0x5f, 0x5f, 0x5f, 0x5f,
    0x00, 0x6b, 0x95,

    /* U+013D "Ľ" */
    0x00, 0x00, 0x00, 0x4f, 0x0d, 0x20, 0x4f, 0x0d,
    0x00, 0x4f, 0x00, 0x00, 0x4f, 0x00, 0x00, 0x4f,
    0x00, 0x00, 0x4f, 0x00, 0x00, 0x4f, 0x33, 0x30,
    0x4f, 0xff, 0xf4,

    /* U+013E "ľ" */
    0x00, 0x00, 0x5f, 0x69, 0x5f, 0x67, 0x5f, 0x00,
    0x5f, 0x00, 0x5f, 0x00, 0x5f, 0x00, 0x5f, 0x00,
    0x5f, 0x00,

    /* U+013F "Ŀ" */
    0x4f, 0x00, 0x00, 0x4f, 0x00, 0x00, 0x4f, 0x06,
    0x00, 0x4f, 0x1e, 0x30, 0x4f, 0x00, 0x00, 0x4f,
    0x00, 0x00, 0x4f, 0x33, 0x30, 0x4f, 0xff, 0xf4,

    /* U+0140 "ŀ" */
    0x5f, 0x00, 0x05, 0xf0, 0x00, 0x5f, 0x00, 0x05,
    0xf2, 0x80, 0x5f, 0x4e, 0x05, 0xf0, 0x00, 0x5f,
    0x00, 0x05, 0xf0, 0x00,

    /* U+0141 "Ł" */
    0x0e, 0x60, 0x00, 0x0e, 0x60, 0x00, 0x0e, 0x9c,
    0x20, 0x0f, 0xf7, 0x00, 0xcf, 0x80, 0x00, 0x4e,
    0x60, 0x00, 0x0e, 0x83, 0x31, 0x0e, 0xff, 0xf9,

    /* U+0142 "ł" */
    0x05, 0xf0, 0x05, 0xf0, 0x05, 0xf9, 0x0f, 0xf3,
    0x0c, 0xf0, 0x05, 0xf0, 0x05, 0xf0, 0x05, 0xf0,

    /* U+0143 "Ń" */
    0x00, 0x03, 0xd0, 0x00, 0x00, 0x54, 0x00, 0x4f,
    0x70, 0x07, 0xd4, 0xff, 0x10, 0x7d, 0x4f, 0xba,
    0x07, 0xd4, 0xf4, 0xf3, 0x7d, 0x4f, 0x0a, 0xc7,
    0xd4, 0xf1, 0x1f, 0xbd, 0x4f, 0x10, 0x7f, 0xd4,
    0xf1, 0x00, 0xed,

    /* U+0144 "ń" */
    0x00, 0x0e, 0x30, 0x00, 0x26, 0x00, 0x5e, 0x9f,
    0xb0, 0x5f, 0x63, 0xf4, 0x5f, 0x00, 0xd6, 0x5f,
    0x00, 0xd7, 0x5f, 0x00, 0xd7, 0x5f, 0x00, 0xd7,

    /* U+0145 "Ņ" */
    0x4f, 0x70, 0x07, 0xd4, 0xff, 0x10, 0x7d, 0x4f,
    0xba, 0x07, 0xd4, 0xf4, 0xf3, 0x7d, 0x4f, 0x0a,
    0xc7, 0xd4, 0xf1, 0x1f, 0xbd, 0x4f, 0x10, 0x7f,
    0xd4, 0xf1, 0x00, 0xed, 0x00, 0x00, 0x00, 0x00,
    0x00, 0xe3, 0x00, 0x00, 0x1c, 0x00, 0x00,

    /* U+0146 "ņ" */
    0x5e, 0x9f, 0xb0, 0x5f, 0x63, 0xf4, 0x5f, 0x00,
    0xd6, 0x5f, 0x00, 0xd7, 0x5f, 0x00, 0xd7, 0x5f,
    0x00, 0xd7, 0x00, 0x00, 0x00, 0x00, 0xa7, 0x00,
    0x00, 0xc1, 0x00,

    /* U+0147 "Ň" */
    0x00, 0x61, 0x54, 0x00, 0x06, 0xce, 0x10, 0x00,
    0x07, 0x30, 0x04, 0xf7, 0x00, 0x7d, 0x4f, 0xf1,
    0x07, 0xd4, 0xfb, 0xa0, 0x7d, 0x4f, 0x4f, 0x37,
    0xd4, 0xf0, 0xac, 0x7d, 0x4f, 0x11, 0xfb, 0xd4,
    0xf1, 0x07, 0xfd, 0x4f, 0x10, 0x0e, 0xd0,

    /* U+0148 "ň" */
    0x03, 0x21, 0x30, 0x02, 0xdc, 0x30, 0x00, 0x12,
    0x00, 0x5e, 0x9f, 0xb0, 0x5f, 0x63, 0xf4, 0x5f,
    0x00, 0xd6, 0x5f, 0x00, 0xd7, 0x5f, 0x00, 0xd7,
    0x5f, 0x00, 0xd7,

    /* U+014A "Ŋ" */
    0x4f, 0x70, 0x07, 0xd4, 0xff, 0x10, 0x7d, 0x4f,
    0xba, 0x07, 0xd4, 0xf4, 0xf3, 0x7d, 0x4f, 0x0a,
    0xc7, 0xd4, 0xf1, 0x1f, 0xbd, 0x4f, 0x10, 0x7f,
    0xd4, 0xf1, 0x00, 0xff, 0x00, 0x00, 0x18, 0xe0,
    0x00, 0x06, 0xf7,

    /* U+014B "ŋ" */
    0x5e, 0x9f, 0xb0, 0x5f, 0x63, 0xf4, 0x5f, 0x00,
    0xd6, 0x5f, 0x00, 0xd7, 0x5f, 0x00, 0xd7, 0x5f,
    0x00, 0xf9, 0x00, 0x02, 0xe6, 0x00, 0x0d, 0xd2,

    /* U+014C "Ō" */
    0x00, 0x8f, 0xf3, 0x00, 0x00, 0x00, 0x00, 0x00,
    0x01, 0xaf, 0xe7, 0x00, 0x0c, 0xd5, 0x6f, 0x80,
    0x4f, 0x10, 0x06, 0xf0, 0x7d, 0x00, 0x02, 0xf2,
    0x7d, 0x00, 0x02, 0xf2, 0x4f, 0x10, 0x06, 0xf0,
    0x0d, 0xc5, 0x6f, 0x80, 0x01, 0xbf, 0xe8, 0x00,

    /* U+014D "ō" */
    0x05, 0xff, 0x60, 0x00, 0x00, 0x00, 0x07, 0xee,
    0x80, 0x3f, 0x54, 0xf5, 0x8c, 0x00, 0xb9, 0x8c,
    0x00, 0xb9, 0x3f, 0x54, 0xf5, 0x07, 0xee, 0x80,

    /* U+014E "Ŏ" */
    0x00, 0x51, 0x32, 0x00, 0x00, 0x4c, 0xb1, 0x00,
    0x00, 0x00, 0x00, 0x00, 0x01, 0xaf, 0xe7, 0x00,
    0x0c, 0xd5, 0x6f, 0x80, 0x4f, 0x10, 0x06, 0xf0,
    0x7d, 0x00, 0x02, 0xf2, 0x7d, 0x00, 0x02, 0xf2,
    0x4f, 0x10, 0x06, 0xf0, 0x0d, 0xc5, 0x6f, 0x80,
    0x01, 0xbf, 0xe8, 0x00,

    /* U+014F "ŏ" */
    0x03, 0x22, 0x40, 0x02, 0xcc, 0x20, 0x00, 0x00,
    0x00, 0x07, 0xee, 0x80, 0x3f, 0x54, 0xf5, 0x8c,
    0x00, 0xb9, 0x8c, 0x00, 0xb9, 0x3f, 0x54, 0xf5,
    0x07, 0xee, 0x80,

    /* U+0150 "Ő" */
    0x00, 0x37, 0x46, 0x00, 0x00, 0xa5, 0xd2, 0x00,
    0x00, 0x00, 0x00, 0x00, 0x01, 0xaf, 0xe7, 0x00,
    0x0c, 0xd5, 0x6f, 0x80, 0x4f, 0x10, 0x06, 0xf0,
    0x7d, 0x00, 0x02, 0xf2, 0x7d, 0x00, 0x02, 0xf2,
    0x4f, 0x10, 0x06, 0xf0, 0x0d, 0xc5, 0x6f, 0x80,
    0x01, 0xbf, 0xe8, 0x00,

    /* U+0151 "ő" */
    0x01, 0x93, 0x80, 0x07, 0x8b, 0x40, 0x00, 0x00,
    0x00, 0x07, 0xee, 0x80, 0x3f, 0x54, 0xf5, 0x8c,
    0x00, 0xb9, 0x8c, 0x00, 0xb9, 0x3f, 0x54, 0xf5,
    0x07, 0xee, 0x80,

    /* U+0152 "Œ" */
    0x01, 0xaf, 0xff, 0xff, 0xf8, 0x0c, 0xc4, 0x6f,
    0x53, 0x31, 0x4f, 0x10, 0x3f, 0x20, 0x00, 0x7d,
    0x00, 0x3f, 0xff, 0xf4, 0x7d, 0x00, 0x3f, 0x43,
    0x30, 0x4f, 0x10, 0x3f, 0x20, 0x00, 0x0c, 0xc4,
    0x6f, 0x53, 0x31, 0x01, 0xaf, 0xff, 0xff, 0xf9,

    /* U+0153 "œ" */
    0x07, 0xee, 0x87, 0xee, 0x70, 0x3f, 0x54, 0xff,
    0x54, 0xf4, 0x8c, 0x00, 0xff, 0xff, 0xf7, 0x8c,
    0x00, 0xff, 0x00, 0x00, 0x3f, 0x54, 0xff, 0x53,
    0xd3, 0x07, 0xee, 0x87, 0xee, 0x80,

    /* U+0154 "Ŕ" */
    0x00, 0x0c, 0x50, 0x00, 0x01, 0x80, 0x00, 0x4f,
    0xff, 0xc2, 0x04, 0xf3, 0x3c, 0xc0, 0x4f, 0x00,
    0x5f, 0x04, 0xf0, 0x0a, 0xd0, 0x4f, 0xff, 0xf4,
    0x04, 0xf3, 0x9f, 0x00, 0x4f, 0x00, 0xe8, 0x04,
    0xf0, 0x06, 0xf1,

    /* U+0155 "ŕ" */
    0x00, 0xd4, 0x01, 0x80, 0x5e, 0xac, 0x5f, 0x72,
    0x5f, 0x00, 0x5f, 0x00, 0x5f, 0x00, 0x5f, 0x00,

    /* U+0156 "Ŗ" */
    0x4f, 0xff, 0xc2, 0x04, 0xf3, 0x3c, 0xc0, 0x4f,
    0x00, 0x5f, 0x04, 0xf0, 0x0a, 0xd0, 0x4f, 0xff,
    0xf4, 0x04, 0xf3, 0x9f, 0x00, 0x4f, 0x00, 0xe8,
    0x04, 0xf0, 0x06, 0xf1, 0x00, 0x00, 0x00, 0x00,
    0x06, 0xc0, 0x00, 0x00, 0x86, 0x00, 0x00,

    /* U+0157 "ŗ" */
    0x00, 0x00, 0x5e, 0xac, 0x5f, 0x72, 0x5f, 0x00,
    0x5f, 0x00, 0x5f, 0x00, 0x5f, 0x00, 0x00, 0x00,
    0x6b, 0x00, 0x95, 0x00,

    /* U+0158 "Ř" */
    0x03, 0x51, 0x70, 0x00, 0x1d, 0xc6, 0x00, 0x00,
    0x37, 0x00, 0x04, 0xff, 0xfc, 0x20, 0x4f, 0x33,
    0xcc, 0x04, 0xf0, 0x05, 0xf0, 0x4f, 0x00, 0xad,
    0x04, 0xff, 0xff, 0x40, 0x4f, 0x39, 0xf0, 0x04,
    0xf0, 0x0e, 0x80, 0x4f, 0x00, 0x6f, 0x10,

    /* U+0159 "ř" */
    0x35, 0x26, 0x00, 0xbd, 0x30, 0x00, 0x00, 0x05,
    0xea, 0xc0, 0x5f, 0x72, 0x05, 0xf0, 0x00, 0x5f,
    0x00, 0x05, 0xf0, 0x00, 0x5f, 0x00, 0x00,

    /* U+015A "Ś" */
    0x00, 0x06, 0x40, 0x00, 0x00, 0xe1, 0x00, 0x00,
    0x00, 0x00, 0x00, 0x5e, 0xfb, 0x20, 0x2f, 0x74,
    0xbc, 0x04, 0xf2, 0x01, 0x30, 0x0c, 0xea, 0x40,
    0x00, 0x05, 0xaf, 0x90, 0x35, 0x00, 0x6f, 0x05,
    0xf6, 0x4b, 0xe0, 0x07, 0xef, 0xc3, 0x00,

    /* U+015B "ś" */
    0x00, 0x19, 0x00, 0x00, 0x78, 0x00, 0x00, 0x00,
    0x00, 0x0a, 0xfd, 0x40, 0x5e, 0x25, 0x80, 0x3f,
    0xa6, 0x10, 0x02, 0x7d, 0xd0, 0x5b, 0x27, 0xf0,
    0x1b, 0xfd, 0x50,

    /* U+015C "Ŝ" */
    0x00, 0x37, 0x00, 0x00, 0x3d, 0x8a, 0x00, 0x00,
    0x00, 0x00, 0x00, 0x5e, 0xfb, 0x20, 0x2f, 0x74,
    0xbc, 0x04, 0xf2, 0x01, 0x30, 0x0c, 0xea, 0x40,
    0x00, 0x05, 0xaf, 0x90, 0x35, 0x00, 0x6f, 0x05,
    0xf6, 0x4b, 0xe0, 0x07, 0xef, 0xc3, 0x00,

    /* U+015D "ŝ" */
    0x00, 0x74, 0x00, 0x0a, 0x8d, 0x30, 0x00, 0x00,
    0x00, 0x0a, 0xfd, 0x40, 0x5e, 0x25, 0x80, 0x3f,
    0xa6, 0x10, 0x02, 0x7d, 0xd0, 0x5b, 0x27, 0xf0,
    0x1b, 0xfd, 0x50,

    /* U+015E "Ş" */
    0x05, 0xef, 0xb2, 0x02, 0xf7, 0x4b, 0xc0, 0x4f,
    0x20, 0x13, 0x00, 0xce, 0xa4, 0x00, 0x00, 0x5a,
    0xf9, 0x03, 0x50, 0x06, 0xf0, 0x5f, 0x64, 0xbe,
    0x00, 0x7e, 0xfc, 0x30, 0x00, 0x1b, 0x20, 0x00,
    0x03, 0xb4, 0x00,

    /* U+015F "ş" */
    0x0a, 0xfd, 0x40, 0x5e, 0x25, 0x80, 0x3f, 0xa6,
    0x10, 0x02, 0x7d, 0xd0, 0x5b, 0x27, 0xf0, 0x1b,
    0xfd, 0x50, 0x00, 0x78, 0x00, 0x00, 0x7b, 0x00,

    /* U+0160 "Š" */
    0x03, 0x61, 0x70, 0x00, 0x0c, 0xd5, 0x00, 0x00,
    0x12, 0x00, 0x00, 0x5e, 0xfc, 0x30, 0x2f, 0x74,
    0xbd, 0x04, 0xf2, 0x00, 0x00, 0x0c, 0xea, 0x40,
    0x00, 0x05, 0xaf, 0x90, 0x36, 0x00, 0x6f, 0x04,
    0xf6, 0x4b, 0xe0, 0x06, 0xef, 0xc3, 0x00,

    /* U+0161 "š" */
    0x06, 0x25, 0x30, 0x03, 0xdb, 0x00, 0x00, 0x00,
    0x00, 0x0a, 0xfd, 0x40, 0x5e, 0x25, 0x80, 0x3f,
    0xa6, 0x10, 0x02, 0x7d, 0xd0, 0x5b, 0x27, 0xf0,
    0x1b, 0xfd, 0x50,

    /* U+0162 "Ţ" */
    0x9f, 0xff, 0xff, 0x31, 0x37, 0xf3, 0x30, 0x00,
    0x5f, 0x00, 0x00, 0x05, 0xf0, 0x00, 0x00, 0x5f,
    0x00, 0x00, 0x05, 0xf0, 0x00, 0x00, 0x5f, 0x00,
    0x00, 0x05, 0xf0, 0x00, 0x00, 0x0d, 0x30, 0x00,
    0x02, 0xb5, 0x00,

    /* U+0163 "ţ" */
    0x18, 0x10, 0x2f, 0x20, 0xff, 0xf3, 0x3f, 0x30,
    0x2f, 0x20, 0x2f, 0x20, 0x1f, 0x50, 0x0a, 0xf3,
    0x01, 0xc2, 0x03, 0xb4,

    /* U+0164 "Ť" */
    0x02, 0x61, 0x70, 0x00, 0x0d, 0xb7, 0x00, 0x00,
    0x27, 0x00, 0x09, 0xff, 0xff, 0xf3, 0x13, 0x7f,
    0x33, 0x00, 0x05, 0xf0, 0x00, 0x00, 0x5f, 0x00,
    0x00, 0x05, 0xf0, 0x00, 0x00, 0x5f, 0x00, 0x00,
    0x05, 0xf0, 0x00, 0x00, 0x5f, 0x00, 0x00,

    /* U+0165 "ť" */
    0x00, 0x4b, 0x1a, 0x59, 0x2f, 0x20, 0xff, 0xf3,
    0x3f, 0x30, 0x2f, 0x20, 0x2f, 0x20, 0x1f, 0x50,
    0x0a, 0xf3,

    /* U+0166 "Ŧ" */
    0x9f, 0xff, 0xff, 0x31, 0x37, 0xf3, 0x30, 0x00,
    0x5f, 0x00, 0x00, 0x05, 0xf0, 0x00, 0x0c, 0xff,
    0xf6, 0x00, 0x05, 0xf0, 0x00, 0x00, 0x5f, 0x00,
    0x00, 0x05, 0xf0, 0x00,

    /* U+0167 "ŧ" */
    0x18, 0x10, 0x2f, 0x20, 0xff, 0xf3, 0x3f, 0x30,
    0xff, 0xf3, 0x2f, 0x20, 0x1f, 0x50, 0x0a, 0xf3,

    /* U+0168 "Ũ" */
    0x00, 0x8c, 0xb1, 0x00, 0x00, 0x00, 0x00, 0x4f,
    0x00, 0x0a, 0xa4, 0xf0, 0x00, 0xaa, 0x4f, 0x00,
    0x0a, 0xa4, 0xf0, 0x00, 0xaa, 0x4f, 0x00, 0x0a,
    0xa3, 0xf2, 0x00, 0xc9, 0x0e, 0xc5, 0x8f, 0x40,
    0x3c, 0xfe, 0x60,

    /* U+0169 "ũ" */
    0x04, 0xcd, 0x50, 0x00, 0x00, 0x00, 0x5f, 0x00,
    0xd7, 0x5f, 0x00, 0xd7, 0x5f, 0x00, 0xd7, 0x5f,
    0x00, 0xd7, 0x3f, 0x65, 0xf7, 0x09, 0xfa, 0xc7,

    /* U+016A "Ū" */
    0x00, 0xaf, 0xf1, 0x00, 0x00, 0x00, 0x00, 0x4f,
    0x00, 0x0a, 0xa4, 0xf0, 0x00, 0xaa, 0x4f, 0x00,
    0x0a, 0xa4, 0xf0, 0x00, 0xaa, 0x4f, 0x00, 0x0a,
    0xa3, 0xf2, 0x00, 0xc9, 0x0e, 0xc5, 0x8f, 0x40,
    0x3c, 0xfe, 0x60,

    /* U+016B "ū" */
    0x04, 0xff, 0x60, 0x00, 0x00, 0x00, 0x5f, 0x00,
    0xd7, 0x5f, 0x00, 0xd7, 0x5f, 0x00, 0xd7, 0x5f,
    0x00, 0xd7, 0x3f, 0x65, 0xf7, 0x09, 0xfa, 0xc7,

    /* U+016C "Ŭ" */
    0x00, 0x60, 0x51, 0x00, 0x05, 0xca, 0x00, 0x00,
    0x00, 0x00, 0x04, 0xf0, 0x00, 0xaa, 0x4f, 0x00,
    0x0a, 0xa4, 0xf0, 0x00, 0xaa, 0x4f, 0x00, 0x0a,
    0xa4, 0xf0, 0x00, 0xaa, 0x3f, 0x20, 0x0c, 0x90,
    0xec, 0x58, 0xf4, 0x03, 0xcf, 0xe6, 0x00,

    /* U+016D "ŭ" */
    0x03, 0x32, 0x40, 0x02, 0xbc, 0x30, 0x00, 0x00,
    0x00, 0x5f, 0x00, 0xd7, 0x5f, 0x00, 0xd7, 0x5f,
    0x00, 0xd7, 0x5f, 0x00, 0xd7, 0x3f, 0x65, 0xf7,
    0x09, 0xfa, 0xc7,

    /* U+016E "Ů" */
    0x00, 0x3b, 0x70, 0x00, 0x09, 0x2c, 0x00, 0x00,
    0x3b, 0x70, 0x04, 0xf0, 0x00, 0xaa, 0x4f, 0x00,
    0x0a, 0xa4, 0xf0, 0x00, 0xaa, 0x4f, 0x00, 0x0a,
    0xa4, 0xf0, 0x00, 0xaa, 0x3f, 0x20, 0x0c, 0x90,
    0xec, 0x58, 0xf4, 0x03, 0xcf, 0xe6, 0x00,

    /* U+016F "ů" */
    0x00, 0x9a, 0x00, 0x03, 0x86, 0x50, 0x00, 0x9a,
    0x00, 0x5f, 0x00, 0xd7, 0x5f, 0x00, 0xd7, 0x5f,
    0x00, 0xd7, 0x5f, 0x00, 0xd7, 0x3f, 0x65, 0xf7,
    0x09, 0xfa, 0xc7,

    /* U+0170 "Ű" */
    0x00, 0x55, 0x65, 0x00, 0x0d, 0x4d, 0x10, 0x00,
    0x00, 0x00, 0x04, 0xf0, 0x00, 0xaa, 0x4f, 0x00,
    0x0a, 0xa4, 0xf0, 0x00, 0xaa, 0x4f, 0x00, 0x0a,
    0xa4, 0xf0, 0x00, 0xaa, 0x3f, 0x20, 0x0c, 0x90,
    0xec, 0x58, 0xf4, 0x03, 0xcf, 0xe6, 0x00,

    /* U+0171 "ű" */
    0x01, 0x93, 0x80, 0x07, 0x8b, 0x50, 0x00, 0x00,
    0x00, 0x5f, 0x00, 0xd7, 0x5f, 0x00, 0xd7, 0x5f,
    0x00, 0xd7, 0x5f, 0x00, 0xd7, 0x3f, 0x65, 0xf7,
    0x09, 0xfa, 0xc7,

    /* U+0172 "Ų" */
    0x4f, 0x00, 0x0a, 0xa4, 0xf0, 0x00, 0xaa, 0x4f,
    0x00, 0x0a, 0xa4, 0xf0, 0x00, 0xaa, 0x4f, 0x00,
    0x0a, 0xa3, 0xf2, 0x00, 0xce, 0x0e, 0xc5, 0x8f,
    0x80, 0x3c, 0xff, 0xc0, 0x00, 0x1e, 0x10, 0x00,
    0x01, 0xeb, 0x00,

    /* U+0173 "ų" */
    0x5f, 0x00, 0xd7, 0x5f, 0x00, 0xd7, 0x5f, 0x00,
    0xd7, 0x5f, 0x00, 0xd7, 0x3f, 0x65, 0xf7, 0x09,
    0xfa, 0xe7, 0x00, 0x04, 0xc0, 0x00, 0x04, 0xe7,

    /* U+0174 "Ŵ" */
    0x00, 0x00, 0x46, 0x00, 0x00, 0x00, 0x02, 0xec,
    0x40, 0x00, 0x00, 0x04, 0x42, 0x60, 0x00, 0xac,
    0x00, 0xbf, 0x00, 0x9d, 0x6f, 0x00, 0xef, 0x20,
    0xc9, 0x2f, 0x32, 0xfc, 0x50, 0xf5, 0x0e, 0x66,
    0xc9, 0x93, 0xf1, 0x0a, 0xa9, 0x85, 0xd6, 0xd0,
    0x06, 0xcd, 0x41, 0xfa, 0x90, 0x02, 0xff, 0x10,
    0xdf, 0x50, 0x00, 0xfd, 0x00, 0x9f, 0x10,

    /* U+0175 "ŵ" */
    0x00, 0x04, 0x70, 0x00, 0x00, 0x03, 0xc8, 0x90,
    0x00, 0x00, 0x00, 0x00, 0x00, 0x0a, 0xa0, 0x8e,
    0x04, 0xf0, 0x6e, 0x0c, 0xf2, 0x8c, 0x01, 0xf2,
    0xfa, 0x6b, 0x70, 0x0d, 0x8c, 0x69, 0xf3, 0x00,
    0x9e, 0x82, 0xef, 0x00, 0x04, 0xf4, 0x0e, 0xa0,
    0x00,

    /* U+0176 "Ŷ" */
    0x00, 0x7c, 0x90, 0x00, 0x04, 0x04, 0x10, 0x7f,
    0x00, 0x0d, 0xa0, 0xe7, 0x05, 0xf2, 0x07, 0xe0,
    0xc9, 0x00, 0x0e, 0x9f, 0x10, 0x00, 0x6f, 0x90,
    0x00, 0x01, 0xf3, 0x00, 0x00, 0x1f, 0x30, 0x00,
    0x01, 0xf3, 0x00,

    /* U+0177 "ŷ" */
    0x00, 0xbb, 0x00, 0x08, 0x8a, 0x60, 0x00, 0x00,
    0x00, 0xab, 0x00, 0xd8, 0x4f, 0x12, 0xf2, 0x0d,
    0x68, 0xc0, 0x07, 0xbd, 0x60, 0x02, 0xff, 0x10,
    0x00, 0xdb, 0x00, 0x05, 0xf5, 0x00, 0x4f, 0xa0,
    0x00,

    /* U+0178 "Ÿ" */
    0x00, 0x00, 0x00, 0x00, 0x1f, 0x1e, 0x30, 0x00,
    0x30, 0x30, 0x07, 0xf1, 0x00, 0xd9, 0x0e, 0x80,
    0x6f, 0x10, 0x6f, 0x1d, 0x80, 0x00, 0xdd, 0xe1,
    0x00, 0x04, 0xf7, 0x00, 0x00, 0x1f, 0x30, 0x00,
    0x01, 0xf3, 0x00, 0x00, 0x1f, 0x30, 0x00,

    /* U+0179 "Ź" */
    0x00, 0x0b, 0x60, 0x00, 0x08, 0x00, 0x7f, 0xff,
    0xfe, 0x13, 0x33, 0xf8, 0x00, 0x08, 0xe0, 0x00,
    0x2f, 0x40, 0x00, 0xca, 0x00, 0x06, 0xe1, 0x00,
    0x1f, 0x83, 0x32, 0x6f, 0xff, 0xff,

    /* U+017A "ź" */
    0x00, 0x3e, 0x00, 0x00, 0x54, 0x00, 0x5f, 0xff,
    0xf0, 0x02, 0x3e, 0x90, 0x00, 0x8d, 0x00, 0x04,
    0xf3, 0x00, 0x1e, 0xa2, 0x20, 0x6f, 0xff, 0xf1,

    /* U+017B "Ż" */
    0x00, 0x4d, 0x00, 0x00, 0x15, 0x00, 0x7f, 0xff,
    0xfe, 0x13, 0x33, 0xf8, 0x00, 0x08, 0xe0, 0x00,
    0x2f, 0x40, 0x00, 0xca, 0x00, 0x06, 0xe1, 0x00,
    0x1f, 0x83, 0x32, 0x6f, 0xff, 0xff,

    /* U+017C "ż" */
    0x00, 0xc6, 0x00, 0x00, 0x42, 0x00, 0x5f, 0xff,
    0xf0, 0x02, 0x3e, 0x90, 0x00, 0x8d, 0x00, 0x04,
    0xf3, 0x00, 0x1e, 0xa2, 0x20, 0x6f, 0xff, 0xf1,

    /* U+017D "Ž" */
    0x03, 0x51, 0x70, 0x00, 0xdb, 0x70, 0x00, 0x37,
    0x00, 0x7f, 0xff, 0xfe, 0x13, 0x33, 0xf8, 0x00,
    0x08, 0xe0, 0x00, 0x2f, 0x40, 0x00, 0xca, 0x00,
    0x06, 0xe1, 0x00, 0x1f, 0x83, 0x32, 0x6f, 0xff,
    0xff,

    /* U+017E "ž" */
    0x06, 0x25, 0x30, 0x03, 0xdb, 0x00, 0x00, 0x00,
    0x00, 0x5f, 0xff, 0xf0, 0x02, 0x3e, 0x90, 0x00,
    0x8d, 0x00, 0x04, 0xf3, 0x00, 0x1e, 0xa2, 0x20,
    0x6f, 0xff, 0xf1,

    /* U+017F "ſ" */
    0x0b, 0xf3, 0x4f, 0x30, 0x5f, 0x00, 0x5f, 0x00,
    0x5f, 0x00, 0x5f, 0x00, 0x5f, 0x00, 0x5f, 0x00,

    /* U+2000 " " */

    /* U+2001 " " */

    /* U+2002 " " */

    /* U+2003 " " */

    /* U+2004 " " */

    /* U+2005 " " */

    /* U+2006 " " */

    /* U+2007 " " */

    /* U+2008 " " */

    /* U+2009 " " */

    /* U+200A " " */

    /* U+200B "​" */

    /* U+2010 "‐" */
    0x7f, 0xfc, 0x12, 0x21,

    /* U+2011 "‑" */
    0x7f, 0xfc, 0x12, 0x21,

    /* U+2012 "‒" */
    0x9f, 0xff, 0xff, 0x11, 0x22, 0x22, 0x20,

    /* U+2013 "–" */
    0xff, 0xff, 0xf2, 0x22, 0x22,

    /* U+2014 "—" */
    0xff, 0xff, 0xff, 0xff, 0xff, 0x22, 0x22, 0x22,
    0x22, 0x22,

    /* U+2015 "―" */
    0xff, 0xff, 0xff, 0xff, 0xff, 0x22, 0x22, 0x22,
    0x22, 0x22,

    /* U+2016 "‖" */
    0xc6, 0xf2, 0xc6, 0xf2, 0xc6, 0xf2, 0xc6, 0xf2,
    0xc6, 0xf2, 0xc6, 0xf2, 0xc6, 0xf2, 0xc6, 0xf2,
    0xc6, 0xf2, 0xc6, 0xf2, 0xc6, 0xf2, 0xc6, 0xf2,
    0xc6, 0xf2,

    /* U+2017 "‗" */
    0xcd, 0xdd, 0x8c, 0xdd, 0xd8,

    /* U+2018 "‘" */
    0x07, 0x70, 0xc5, 0x0f, 0x30, 0x30,

    /* U+2019 "’" */
    0x02, 0x10, 0xd5, 0x0f, 0x12, 0xd0,

    /* U+201A "‚" */
    0x03, 0x01, 0xf2, 0x3d, 0x05, 0x90,

    /* U+201B "‛" */
    0x7c, 0x03, 0xe0, 0x0e, 0x00, 0x20,

    /* U+201C "“" */
    0x07, 0x75, 0x90, 0xc5, 0x97, 0x0f, 0x3e, 0x50,
    0x30, 0x30,

    /* U+201D "”" */
    0x02, 0x12, 0x10, 0xd5, 0xc6, 0x0f, 0x1e, 0x22,
    0xd0, 0xe0,

    /* U+201E "„" */
    0x03, 0x02, 0x11, 0xf2, 0xf3, 0x3d, 0x2e, 0x05,
    0x94, 0xa0,

    /* U+201F "‟" */
    0x7c, 0x6d, 0x03, 0xe2, 0xf0, 0x0e, 0x0d, 0x10,
    0x20, 0x20,

    /* U+2020 "†" */
    0x00, 0xd5, 0x00, 0x0d, 0x50, 0x4e, 0xff, 0xb0,
    0x1e, 0x71, 0x00, 0xc4, 0x00, 0x0a, 0x20,

    /* U+2021 "‡" */
    0x00, 0xd5, 0x00, 0x0d, 0x50, 0x4f, 0xff, 0xd0,
    0x0d, 0x50, 0x4e, 0xff, 0xb0, 0x1e, 0x61, 0x00,
    0xc4, 0x00, 0x0a, 0x20,

    /* U+2022 "•" */
    0x01, 0x51, 0x00, 0xcf, 0xc0, 0x0f, 0xff, 0x00,
    0x7e, 0x80,

    /* U+2023 "‣" */
    0x62, 0x00, 0x9f, 0x70, 0x9d, 0x30, 0x30, 0x00,

    /* U+2024 "․" */
    0x09, 0x11, 0xe3,

    /* U+2025 "‥" */
    0x09, 0x10, 0x73, 0x1e, 0x30, 0xc6,

    /* U+2026 "…" */
    0x09, 0x10, 0x73, 0x05, 0x51, 0xe3, 0x0c, 0x60,
    0x98,

    /* U+2027 "‧" */
    0x09, 0x11, 0xe3,

    /* U+202F " " */

    /* U+2030 "‰" */
    0x07, 0xd8, 0x00, 0x4a, 0x00, 0x00, 0x00, 0xe0,
    0xe0, 0x0d, 0x10, 0x00, 0x00, 0x0e, 0x0e, 0x08,
    0x60, 0x00, 0x00, 0x00, 0x7d, 0x73, 0xc0, 0x00,
    0x00, 0x00, 0x00, 0x00, 0xc2, 0x6d, 0x70, 0xad,
    0x30, 0x00, 0x68, 0x0e, 0x0e, 0x4b, 0x4a, 0x00,
    0x1c, 0x00, 0xe0, 0xe4, 0xa4, 0xa0, 0x0a, 0x40,
    0x07, 0xd8, 0x0b, 0xd4,

    /* U+2031 "‱" */
    0x07, 0xd8, 0x00, 0x4a, 0x00, 0x00, 0x00, 0x00,
    0x00, 0xe0, 0xe0, 0x0d, 0x10, 0x00, 0x00, 0x00,
    0x00, 0x0e, 0x0e, 0x08, 0x60, 0x00, 0x00, 0x00,
    0x00, 0x00, 0x7d, 0x73, 0xc0, 0x00, 0x00, 0x00,
    0x00, 0x00, 0x00, 0x00, 0xc2, 0x6d, 0x70, 0xad,
    0x32, 0xcb, 0x00, 0x00, 0x68, 0x0e, 0x0e, 0x4b,
    0x4a, 0x95, 0x95, 0x00, 0x1c, 0x00, 0xe0, 0xe4,
    0xa4, 0xa9, 0x59, 0x50, 0x0a, 0x40, 0x07, 0xd8,
    0x0b, 0xd4, 0x3d, 0xc1,

    /* U+2032 "′" */
    0x3e, 0x05, 0xb0, 0x68, 0x00,

    /* U+2033 "″" */
    0x3e, 0x0b, 0x75, 0xb0, 0xc4, 0x68, 0x0d, 0x10,

    /* U+2034 "‴" */
    0x3e, 0x0b, 0x72, 0xf0, 0x5b, 0x0c, 0x43, 0xd0,
    0x68, 0x0d, 0x14, 0x90,

    /* U+2035 "‵" */
    0x5c, 0x02, 0xe0, 0x0e, 0x00,

    /* U+2036 "‶" */
    0x5c, 0x0c, 0x52, 0xe0, 0x97, 0x0e, 0x06, 0x80,

    /* U+2037 "‷" */
    0x5c, 0x0c, 0x53, 0xe0, 0x2e, 0x09, 0x70, 0xf0,
    0x0e, 0x06, 0x80, 0xd1,

    /* U+2038 "‸" */
    0x00, 0xa1, 0x00, 0x7c, 0xa0, 0x2d, 0x0b, 0x50,

    /* U+2039 "‹" */
    0x01, 0xe6, 0x0c, 0xa0, 0x5f, 0x10, 0x0c, 0xa0,
    0x01, 0xe6,

    /* U+203A "›" */
    0x4f, 0x20, 0x07, 0xd0, 0x00, 0xe8, 0x07, 0xd0,
    0x4f, 0x20,

    /* U+203B "※" */
    0x00, 0x00, 0x00, 0x00, 0x02, 0xd6, 0x30, 0x05,
    0xe5, 0x9d, 0x02, 0xf9, 0xff, 0xba, 0x03, 0x6f,
    0xf2, 0x10, 0x4f, 0x5a, 0xc0, 0x00, 0x4d, 0x65,
    0x00, 0x00, 0x20, 0x00,

    /* U+203C "‼" */
    0x1f, 0x40, 0xd8, 0x1f, 0x40, 0xd7, 0x0f, 0x40,
    0xd7, 0x0f, 0x30, 0xd7, 0x0f, 0x30, 0xc6, 0x06,
    0x10, 0x42, 0x09, 0x10, 0x73, 0x1e, 0x30, 0xc6,

    /* U+203D "‽" */
    0x1b, 0xfc, 0x37, 0xb2, 0xad, 0x02, 0xc7, 0xd0,
    0x1f, 0xe3, 0x00, 0xf3, 0x00, 0x07, 0x00, 0x01,
    0x90, 0x00, 0x2e, 0x20,

    /* U+203E "‾" */
    0xbf, 0xff, 0xe1, 0x22, 0x22,

    /* U+203F "‿" */
    0x58, 0x20, 0x01, 0x59, 0x00, 0x9e, 0xff, 0xfb,
    0x30, 0x00, 0x01, 0x10, 0x00, 0x00,

    /* U+2040 "⁀" */
    0x05, 0xbe, 0xfd, 0x81, 0x06, 0xa4, 0x21, 0x37,
    0xb0,

    /* U+2041 "⁁" */
    0x00, 0x01, 0x00, 0x01, 0xe1, 0x00, 0x99, 0x00,
    0x2f, 0x10, 0x0c, 0xf1, 0x04, 0xd9, 0x90, 0x23,
    0x05, 0x00,

    /* U+2042 "⁂" */
    0x00, 0x01, 0x00, 0x00, 0x03, 0xf9, 0x00, 0x00,
    0x7f, 0xf1, 0x00, 0x02, 0xa6, 0x00, 0x0a, 0xd2,
    0x6e, 0x42, 0xff, 0x6f, 0xf9, 0x0a, 0xd2, 0x7e,
    0x40, 0x00, 0x00, 0x00,

    /* U+2043 "⁃" */
    0xdf, 0xe2, 0x22,

    /* U+2044 "⁄" */
    0x00, 0x00, 0x4a, 0x00, 0x00, 0xc1, 0x00, 0x08,
    0x60, 0x00, 0x2c, 0x00, 0x00, 0xb3, 0x00, 0x06,
    0x80, 0x00, 0x1d, 0x00, 0x00, 0xa4, 0x00, 0x00,

    /* U+2045 "⁅" */
    0x0f, 0xf3, 0x0f, 0x40, 0x0f, 0x30, 0x0f, 0x30,
    0x0f, 0x30, 0x0f, 0xf2, 0x0f, 0x40, 0x0f, 0x30,
    0x0f, 0x30, 0x0f, 0xf3, 0x02, 0x20,

    /* U+2046 "⁆" */
    0x7f, 0xb0, 0x8c, 0x07, 0xc0, 0x7c, 0x07, 0xc6,
    0xfe, 0x09, 0xc0, 0x7c, 0x07, 0xc7, 0xfc, 0x02,
    0x10,

    /* U+2047 "⁇" */
    0x0a, 0xfd, 0x30, 0x5d, 0xf8, 0x07, 0xe3, 0xad,
    0x1f, 0x74, 0xf4, 0x11, 0x07, 0xe0, 0x30, 0x1f,
    0x50, 0x05, 0xf5, 0x00, 0x1c, 0xb0, 0x00, 0xf5,
    0x00, 0x08, 0xc0, 0x00, 0x08, 0x00, 0x00, 0x54,
    0x00, 0x01, 0x90, 0x00, 0x06, 0x40, 0x00, 0x2e,
    0x20, 0x00, 0xa8, 0x00,

    /* U+2048 "⁈" */
    0x0a, 0xfd, 0x30, 0xab, 0x7e, 0x3a, 0xd0, 0xab,
    0x12, 0x07, 0xe0, 0x9b, 0x00, 0x5f, 0x60, 0x9a,
    0x00, 0xf6, 0x00, 0x9a, 0x00, 0x90, 0x00, 0x44,
    0x01, 0x90, 0x00, 0x56, 0x02, 0xe2, 0x00, 0x8a,

    /* U+2049 "⁉" */
    0x1f, 0x40, 0x8e, 0xd5, 0x01, 0xf4, 0x4f, 0x26,
    0xf1, 0x0f, 0x40, 0x10, 0x5f, 0x10, 0xf3, 0x00,
    0x3f, 0x80, 0x0f, 0x30, 0x0c, 0x80, 0x00, 0x61,
    0x00, 0x62, 0x00, 0x09, 0x10, 0x08, 0x20, 0x01,
    0xe3, 0x00, 0xd5, 0x00,

    /* U+204A "⁊" */
    0x9f, 0xff, 0x21, 0x23, 0xf0, 0x00, 0x2f, 0x00,
    0x03, 0xd0, 0x00, 0x5c, 0x00, 0x06, 0xa0, 0x00,
    0x89, 0x00, 0x09, 0x70,

    /* U+204B "⁋" */
    0x7f, 0xff, 0x90, 0x4f, 0x5f, 0xf5, 0x4d, 0x4f,
    0xf8, 0x4d, 0x4f, 0xf6, 0x4d, 0x4f, 0x90, 0x4d,
    0x00, 0x00, 0x4d, 0x00, 0x00, 0x4d, 0x00, 0x00,

    /* U+204C "⁌" */
    0x06, 0xdd, 0xf3, 0x1f, 0xf4, 0xd4, 0x3f, 0xf4,
    0xd4, 0x1f, 0xf4, 0xd4, 0x05, 0xde, 0xf3,

    /* U+204D "⁍" */
    0x3f, 0xdd, 0x60, 0x3e, 0x3f, 0xf2, 0x3e, 0x3f,
    0xf4, 0x3e, 0x3f, 0xf2, 0x3f, 0xdd, 0x60,

    /* U+204E "⁎" */
    0x00, 0x50, 0x00, 0x7b, 0x44, 0x09, 0xfc, 0x31,
    0xdd, 0xc6, 0x01, 0xb1, 0x10,

    /* U+204F "⁏" */
    0x09, 0x11, 0xe3, 0x00, 0x00, 0x00, 0x03, 0x00,
    0xd5, 0x09, 0x70, 0x5a,

    /* U+2050 "⁐" */
    0x06, 0xce, 0xfd, 0x81, 0x07, 0xa5, 0x22, 0x48,
    0xb0, 0x00, 0x00, 0x00, 0x00, 0x00, 0x00, 0x00,
    0x00, 0x00, 0x00, 0x00, 0x00, 0x00, 0x00, 0x00,
    0x00, 0x00, 0x00, 0x00, 0x00, 0x00, 0x00, 0x00,
    0x00, 0x00, 0x00, 0x00, 0x00, 0x00, 0x00, 0x00,
    0x06, 0x72, 0x00, 0x15, 0x90, 0x19, 0xff, 0xff,
    0xb3, 0x00, 0x00, 0x11, 0x00, 0x00,

    /* U+2051 "⁑" */
    0x13, 0x91, 0x08, 0xcd, 0xd0, 0x3d, 0xf7, 0x05,
    0x59, 0x70, 0x01, 0x40, 0x00, 0x14, 0x00, 0x55,
    0x97, 0x03, 0xdf, 0x70, 0x8c, 0xdd, 0x01, 0x39,
    0x10,

    /* U+2052 "⁒" */
    0x00, 0x00, 0x05, 0x90, 0x4e, 0x30, 0x0d, 0x10,
    0x4e, 0x30, 0x95, 0x00, 0x00, 0x03, 0xb0, 0x00,
    0x00, 0x0c, 0x20, 0x00, 0x00, 0x77, 0x04, 0xe3,
    0x01, 0xc0, 0x04, 0xe3, 0x0b, 0x40, 0x00, 0x00,

    /* U+2053 "⁓" */
    0x2c, 0xe9, 0x21, 0x30, 0x63, 0x9f, 0xf9, 0x00,
    0x00, 0x01, 0x00,

    /* U+2054 "⁔" */
    0x06, 0xce, 0xfd, 0x81, 0x06, 0xa5, 0x33, 0x48,
    0xb0,

    /* U+2055 "⁕" */
    0x03, 0x5c, 0x50, 0x06, 0xff, 0xe1, 0x1f, 0xff,
    0xfb, 0x07, 0xff, 0xf2, 0x04, 0x6c, 0x71,

    /* U+2057 "⁗" */
    0x3e, 0x0b, 0x72, 0xf0, 0x99, 0x5b, 0x0c, 0x43,
    0xd0, 0xa6, 0x68, 0x0d, 0x14, 0x90, 0xb2,

    /* U+205F " " */

};

/*---------------------
 *  GLYPH DESCRIPTION
 *--------------------*/

static const lv_font_fmt_txt_glyph_dsc_t glyph_dsc[] = {
    {.bitmap_index = 0, .adv_w = 0, .box_w = 0, .box_h = 0, .ofs_x = 0, .ofs_y = 0} /* id = 0 reserved */,
    {.bitmap_index = 0, .adv_w = 40, .box_w = 0, .box_h = 0, .ofs_x = 0, .ofs_y = 0},
    {.bitmap_index = 0, .adv_w = 51, .box_w = 3, .box_h = 8, .ofs_x = 0, .ofs_y = 0},
    {.bitmap_index = 12, .adv_w = 84, .box_w = 4, .box_h = 4, .ofs_x = 1, .ofs_y = 4},
    {.bitmap_index = 20, .adv_w = 103, .box_w = 7, .box_h = 8, .ofs_x = 0, .ofs_y = 0},
    {.bitmap_index = 48, .adv_w = 104, .box_w = 7, .box_h = 10, .ofs_x = 0, .ofs_y = -1},
    {.bitmap_index = 83, .adv_w = 161, .box_w = 10, .box_h = 8, .ofs_x = 0, .ofs_y = 0},
    {.bitmap_index = 123, .adv_w = 106, .box_w = 7, .box_h = 8, .ofs_x = 0, .ofs_y = 0},
    {.bitmap_index = 151, .adv_w = 52, .box_w = 2, .box_h = 4, .ofs_x = 1, .ofs_y = 4},
    {.bitmap_index = 155, .adv_w = 60, .box_w = 4, .box_h = 10, .ofs_x = 0, .ofs_y = -1},
    {.bitmap_index = 175, .adv_w = 60, .box_w = 3, .box_h = 10, .ofs_x = 0, .ofs_y = -1},
    {.bitmap_index = 190, .adv_w = 86, .box_w = 5, .box_h = 5, .ofs_x = 0, .ofs_y = 3},
    {.bitmap_index = 203, .adv_w = 108, .box_w = 6, .box_h = 6, .ofs_x = 0, .ofs_y = 0},
    {.bitmap_index = 221, .adv_w = 51, .box_w = 3, .box_h = 4, .ofs_x = 0, .ofs_y = -2},
    {.bitmap_index = 227, .adv_w = 74, .box_w = 4, .box_h = 2, .ofs_x = 0, .ofs_y = 2},
    {.bitmap_index = 231, .adv_w = 51, .box_w = 3, .box_h = 2, .ofs_x = 0, .ofs_y = 0},
    {.bitmap_index = 234, .adv_w = 61, .box_w = 4, .box_h = 10, .ofs_x = 0, .ofs_y = -1},
    {.bitmap_index = 254, .adv_w = 106, .box_w = 7, .box_h = 8, .ofs_x = 0, .ofs_y = 0},
    {.bitmap_index = 282, .adv_w = 68, .box_w = 4, .box_h = 8, .ofs_x = 0, .ofs_y = 0},
    {.bitmap_index = 298, .adv_w = 100, .box_w = 6, .box_h = 8, .ofs_x = 0, .ofs_y = 0},
    {.bitmap_index = 322, .adv_w = 102, .box_w = 6, .box_h = 8, .ofs_x = 0, .ofs_y = 0},
    {.bitmap_index = 346, .adv_w = 107, .box_w = 7, .box_h = 8, .ofs_x = 0, .ofs_y = 0},
    {.bitmap_index = 374, .adv_w = 98, .box_w = 6, .box_h = 8, .ofs_x = 0, .ofs_y = 0},
    {.bitmap_index = 398, .adv_w = 102, .box_w = 6, .box_h = 8, .ofs_x = 0, .ofs_y = 0},
    {.bitmap_index = 422, .adv_w = 92, .box_w = 6, .box_h = 8, .ofs_x = 0, .ofs_y = 0},
    {.bitmap_index = 446, .adv_w = 102, .box_w = 6, .box_h = 8, .ofs_x = 0, .ofs_y = 0},
    {.bitmap_index = 470, .adv_w = 102, .box_w = 6, .box_h = 8, .ofs_x = 0, .ofs_y = 0},
    {.bitmap_index = 494, .adv_w = 51, .box_w = 3, .box_h = 6, .ofs_x = 0, .ofs_y = 0},
    {.bitmap_index = 503, .adv_w = 53, .box_w = 3, .box_h = 8, .ofs_x = 0, .ofs_y = -2},
    {.bitmap_index = 515, .adv_w = 108, .box_w = 6, .box_h = 7, .ofs_x = 0, .ofs_y = 0},
    {.bitmap_index = 536, .adv_w = 108, .box_w = 5, .box_h = 4, .ofs_x = 1, .ofs_y = 1},
    {.bitmap_index = 546, .adv_w = 108, .box_w = 5, .box_h = 7, .ofs_x = 1, .ofs_y = 0},
    {.bitmap_index = 564, .adv_w = 87, .box_w = 5, .box_h = 8, .ofs_x = 0, .ofs_y = 0},
    {.bitmap_index = 584, .adv_w = 160, .box_w = 10, .box_h = 10, .ofs_x = 0, .ofs_y = -2},
    {.bitmap_index = 634, .adv_w = 116, .box_w = 8, .box_h = 8, .ofs_x = 0, .ofs_y = 0},
    {.bitmap_index = 666, .adv_w = 105, .box_w = 7, .box_h = 8, .ofs_x = 0, .ofs_y = 0},
    {.bitmap_index = 694, .adv_w = 118, .box_w = 7, .box_h = 8, .ofs_x = 0, .ofs_y = 0},
    {.bitmap_index = 722, .adv_w = 116, .box_w = 7, .box_h = 8, .ofs_x = 0, .ofs_y = 0},
    {.bitmap_index = 750, .adv_w = 97, .box_w = 6, .box_h = 8, .ofs_x = 0, .ofs_y = 0},
    {.bitmap_index = 774, .adv_w = 94, .box_w = 6, .box_h = 8, .ofs_x = 0, .ofs_y = 0},
    {.bitmap_index = 798, .adv_w = 120, .box_w = 7, .box_h = 8, .ofs_x = 0, .ofs_y = 0},
    {.bitmap_index = 826, .adv_w = 119, .box_w = 7, .box_h = 8, .ofs_x = 0, .ofs_y = 0},
    {.bitmap_index = 854, .adv_w = 44, .box_w = 3, .box_h = 8, .ofs_x = 0, .ofs_y = 0},
    {.bitmap_index = 866, .adv_w = 93, .box_w = 6, .box_h = 8, .ofs_x = 0, .ofs_y = 0},
    {.bitmap_index = 890, .adv_w = 113, .box_w = 7, .box_h = 8, .ofs_x = 0, .ofs_y = 0},
    {.bitmap_index = 918, .adv_w = 90, .box_w = 6, .box_h = 8, .ofs_x = 0, .ofs_y = 0},
    {.bitmap_index = 942, .adv_w = 148, .box_w = 9, .box_h = 8, .ofs_x = 0, .ofs_y = 0},
    {.bitmap_index = 978, .adv_w = 121, .box_w = 7, .box_h = 8, .ofs_x = 0, .ofs_y = 0},
    {.bitmap_index = 1006, .adv_w = 123, .box_w = 8, .box_h = 8, .ofs_x = 0, .ofs_y = 0},
    {.bitmap_index = 1038, .adv_w = 103, .box_w = 7, .box_h = 8, .ofs_x = 0, .ofs_y = 0},
    {.bitmap_index = 1066, .adv_w = 124, .box_w = 8, .box_h = 9, .ofs_x = 0, .ofs_y = -1},
    {.bitmap_index = 1102, .adv_w = 104, .box_w = 7, .box_h = 8, .ofs_x = 0, .ofs_y = 0},
    {.bitmap_index = 1130, .adv_w = 104, .box_w = 7, .box_h = 8, .ofs_x = 0, .ofs_y = 0},
    {.bitmap_index = 1158, .adv_w = 106, .box_w = 7, .box_h = 8, .ofs_x = 0, .ofs_y = 0},
    {.bitmap_index = 1186, .adv_w = 118, .box_w = 7, .box_h = 8, .ofs_x = 0, .ofs_y = 0},
    {.bitmap_index = 1214, .adv_w = 116, .box_w = 8, .box_h = 8, .ofs_x = 0, .ofs_y = 0},
    {.bitmap_index = 1246, .adv_w = 163, .box_w = 10, .box_h = 8, .ofs_x = 0, .ofs_y = 0},
    {.bitmap_index = 1286, .adv_w = 115, .box_w = 7, .box_h = 8, .ofs_x = 0, .ofs_y = 0},
    {.bitmap_index = 1314, .adv_w = 114, .box_w = 7, .box_h = 8, .ofs_x = 0, .ofs_y = 0},
    {.bitmap_index = 1342, .adv_w = 104, .box_w = 6, .box_h = 8, .ofs_x = 0, .ofs_y = 0},
    {.bitmap_index = 1366, .adv_w = 60, .box_w = 4, .box_h = 11, .ofs_x = 0, .ofs_y = -2},
    {.bitmap_index = 1388, .adv_w = 61, .box_w = 4, .box_h = 10, .ofs_x = 0, .ofs_y = -1},
    {.bitmap_index = 1408, .adv_w = 60, .box_w = 3, .box_h = 11, .ofs_x = 0, .ofs_y = -2},
    {.bitmap_index = 1425, .adv_w = 77, .box_w = 5, .box_h = 5, .ofs_x = 0, .ofs_y = 3},
    {.bitmap_index = 1438, .adv_w = 75, .box_w = 5, .box_h = 2, .ofs_x = 0, .ofs_y = -2},
    {.bitmap_index = 1443, .adv_w = 56, .box_w = 3, .box_h = 2, .ofs_x = 0, .ofs_y = 7},
    {.bitmap_index = 1446, .adv_w = 92, .box_w = 6, .box_h = 6, .ofs_x = 0, .ofs_y = 0},
    {.bitmap_index = 1464, .adv_w = 100, .box_w = 6, .box_h = 8, .ofs_x = 0, .ofs_y = 0},
    {.bitmap_index = 1488, .adv_w = 93, .box_w = 6, .box_h = 6, .ofs_x = 0, .ofs_y = 0},
    {.bitmap_index = 1506, .adv_w = 100, .box_w = 6, .box_h = 8, .ofs_x = 0, .ofs_y = 0},
    {.bitmap_index = 1530, .adv_w = 95, .box_w = 6, .box_h = 6, .ofs_x = 0, .ofs_y = 0},
    {.bitmap_index = 1548, .adv_w = 62, .box_w = 4, .box_h = 8, .ofs_x = 0, .ofs_y = 0},
    {.bitmap_index = 1564, .adv_w = 100, .box_w = 6, .box_h = 8, .ofs_x = 0, .ofs_y = -2},
    {.bitmap_index = 1588, .adv_w = 98, .box_w = 6, .box_h = 8, .ofs_x = 0, .ofs_y = 0},
    {.bitmap_index = 1612, .adv_w = 42, .box_w = 3, .box_h = 8, .ofs_x = 0, .ofs_y = 0},
    {.bitmap_index = 1624, .adv_w = 42, .box_w = 4, .box_h = 10, .ofs_x = -1, .ofs_y = -2},
    {.bitmap_index = 1644, .adv_w = 91, .box_w = 6, .box_h = 8, .ofs_x = 0, .ofs_y = 0},
    {.bitmap_index = 1668, .adv_w = 42, .box_w = 2, .box_h = 8, .ofs_x = 0, .ofs_y = 0},
    {.bitmap_index = 1676, .adv_w = 144, .box_w = 9, .box_h = 6, .ofs_x = 0, .ofs_y = 0},
    {.bitmap_index = 1703, .adv_w = 98, .box_w = 6, .box_h = 6, .ofs_x = 0, .ofs_y = 0},
    {.bitmap_index = 1721, .adv_w = 97, .box_w = 6, .box_h = 6, .ofs_x = 0, .ofs_y = 0},
    {.bitmap_index = 1739, .adv_w = 100, .box_w = 6, .box_h = 8, .ofs_x = 0, .ofs_y = -2},
    {.bitmap_index = 1763, .adv_w = 100, .box_w = 6, .box_h = 8, .ofs_x = 0, .ofs_y = -2},
    {.bitmap_index = 1787, .adv_w = 64, .box_w = 4, .box_h = 7, .ofs_x = 0, .ofs_y = 0},
    {.bitmap_index = 1801, .adv_w = 88, .box_w = 6, .box_h = 6, .ofs_x = 0, .ofs_y = 0},
    {.bitmap_index = 1819, .adv_w = 56, .box_w = 4, .box_h = 8, .ofs_x = 0, .ofs_y = 0},
    {.bitmap_index = 1835, .adv_w = 98, .box_w = 6, .box_h = 6, .ofs_x = 0, .ofs_y = 0},
    {.bitmap_index = 1853, .adv_w = 94, .box_w = 6, .box_h = 6, .ofs_x = 0, .ofs_y = 0},
    {.bitmap_index = 1871, .adv_w = 134, .box_w = 9, .box_h = 6, .ofs_x = 0, .ofs_y = 0},
    {.bitmap_index = 1898, .adv_w = 91, .box_w = 6, .box_h = 6, .ofs_x = 0, .ofs_y = 0},
    {.bitmap_index = 1916, .adv_w = 94, .box_w = 6, .box_h = 8, .ofs_x = 0, .ofs_y = -2},
    {.bitmap_index = 1940, .adv_w = 91, .box_w = 6, .box_h = 6, .ofs_x = 0, .ofs_y = 0},
    {.bitmap_index = 1958, .adv_w = 73, .box_w = 5, .box_h = 11, .ofs_x = 0, .ofs_y = -3},
    {.bitmap_index = 1986, .adv_w = 57, .box_w = 2, .box_h = 13, .ofs_x = 1, .ofs_y = -3},
    {.bitmap_index = 1999, .adv_w = 73, .box_w = 4, .box_h = 11, .ofs_x = 0, .ofs_y = -3},
    {.bitmap_index = 2021, .adv_w = 108, .box_w = 6, .box_h = 3, .ofs_x = 0, .ofs_y = 1},
    {.bitmap_index = 2030, .adv_w = 40, .box_w = 0, .box_h = 0, .ofs_x = 0, .ofs_y = 0},
    {.bitmap_index = 2030, .adv_w = 51, .box_w = 3, .box_h = 8, .ofs_x = 0, .ofs_y = -2},
    {.bitmap_index = 2042, .adv_w = 93, .box_w = 6, .box_h = 8, .ofs_x = 0, .ofs_y = 0},
    {.bitmap_index = 2066, .adv_w = 101, .box_w = 6, .box_h = 8, .ofs_x = 0, .ofs_y = 0},
    {.bitmap_index = 2090, .adv_w = 120, .box_w = 7, .box_h = 8, .ofs_x = 0, .ofs_y = 0},
    {.bitmap_index = 2118, .adv_w = 90, .box_w = 6, .box_h = 8, .ofs_x = 0, .ofs_y = 0},
    {.bitmap_index = 2142, .adv_w = 51, .box_w = 2, .box_h = 10, .ofs_x = 1, .ofs_y = -2},
    {.bitmap_index = 2152, .adv_w = 91, .box_w = 6, .box_h = 10, .ofs_x = 0, .ofs_y = -2},
    {.bitmap_index = 2182, .adv_w = 98, .box_w = 4, .box_h = 3, .ofs_x = 1, .ofs_y = 6},
    {.bitmap_index = 2188, .adv_w = 146, .box_w = 9, .box_h = 9, .ofs_x = 0, .ofs_y = -1},
    {.bitmap_index = 2229, .adv_w = 74, .box_w = 5, .box_h = 5, .ofs_x = 0, .ofs_y = 3},
    {.bitmap_index = 2242, .adv_w = 101, .box_w = 6, .box_h = 5, .ofs_x = 0, .ofs_y = 1},
    {.bitmap_index = 2257, .adv_w = 108, .box_w = 5, .box_h = 3, .ofs_x = 1, .ofs_y = 1},
    {.bitmap_index = 2265, .adv_w = 106, .box_w = 7, .box_h = 6, .ofs_x = 0, .ofs_y = 2},
    {.bitmap_index = 2286, .adv_w = 72, .box_w = 4, .box_h = 1, .ofs_x = 0, .ofs_y = 7},
    {.bitmap_index = 2288, .adv_w = 73, .box_w = 4, .box_h = 4, .ofs_x = 0, .ofs_y = 4},
    {.bitmap_index = 2296, .adv_w = 108, .box_w = 6, .box_h = 7, .ofs_x = 0, .ofs_y = -1},
    {.bitmap_index = 2317, .adv_w = 73, .box_w = 5, .box_h = 4, .ofs_x = 0, .ofs_y = 5},
    {.bitmap_index = 2327, .adv_w = 74, .box_w = 5, .box_h = 4, .ofs_x = 0, .ofs_y = 5},
    {.bitmap_index = 2337, .adv_w = 56, .box_w = 3, .box_h = 2, .ofs_x = 0, .ofs_y = 7},
    {.bitmap_index = 2340, .adv_w = 98, .box_w = 7, .box_h = 8, .ofs_x = 0, .ofs_y = -2},
    {.bitmap_index = 2368, .adv_w = 96, .box_w = 6, .box_h = 8, .ofs_x = 0, .ofs_y = 0},
    {.bitmap_index = 2392, .adv_w = 51, .box_w = 3, .box_h = 2, .ofs_x = 0, .ofs_y = 3},
    {.bitmap_index = 2395, .adv_w = 53, .box_w = 2, .box_h = 3, .ofs_x = 1, .ofs_y = -2},
    {.bitmap_index = 2398, .adv_w = 52, .box_w = 3, .box_h = 4, .ofs_x = 0, .ofs_y = 5},
    {.bitmap_index = 2404, .adv_w = 78, .box_w = 5, .box_h = 5, .ofs_x = 0, .ofs_y = 3},
    {.bitmap_index = 2417, .adv_w = 101, .box_w = 6, .box_h = 5, .ofs_x = 0, .ofs_y = 1},
    {.bitmap_index = 2432, .adv_w = 133, .box_w = 8, .box_h = 9, .ofs_x = 0, .ofs_y = 0},
    {.bitmap_index = 2468, .adv_w = 139, .box_w = 9, .box_h = 9, .ofs_x = 0, .ofs_y = 0},
    {.bitmap_index = 2509, .adv_w = 145, .box_w = 9, .box_h = 9, .ofs_x = 0, .ofs_y = 0},
    {.bitmap_index = 2550, .adv_w = 87, .box_w = 6, .box_h = 8, .ofs_x = 0, .ofs_y = -2},
    {.bitmap_index = 2574, .adv_w = 116, .box_w = 8, .box_h = 10, .ofs_x = 0, .ofs_y = 0},
    {.bitmap_index = 2614, .adv_w = 116, .box_w = 8, .box_h = 10, .ofs_x = 0, .ofs_y = 0},
    {.bitmap_index = 2654, .adv_w = 116, .box_w = 8, .box_h = 11, .ofs_x = 0, .ofs_y = 0},
    {.bitmap_index = 2698, .adv_w = 116, .box_w = 8, .box_h = 10, .ofs_x = 0, .ofs_y = 0},
    {.bitmap_index = 2738, .adv_w = 116, .box_w = 8, .box_h = 11, .ofs_x = 0, .ofs_y = 0},
    {.bitmap_index = 2782, .adv_w = 116, .box_w = 8, .box_h = 11, .ofs_x = 0, .ofs_y = 0},
    {.bitmap_index = 2826, .adv_w = 162, .box_w = 10, .box_h = 8, .ofs_x = 0, .ofs_y = 0},
    {.bitmap_index = 2866, .adv_w = 118, .box_w = 7, .box_h = 10, .ofs_x = 0, .ofs_y = -2},
    {.bitmap_index = 2901, .adv_w = 97, .box_w = 6, .box_h = 10, .ofs_x = 0, .ofs_y = 0},
    {.bitmap_index = 2931, .adv_w = 97, .box_w = 6, .box_h = 10, .ofs_x = 0, .ofs_y = 0},
    {.bitmap_index = 2961, .adv_w = 97, .box_w = 6, .box_h = 11, .ofs_x = 0, .ofs_y = 0},
    {.bitmap_index = 2994, .adv_w = 97, .box_w = 6, .box_h = 11, .ofs_x = 0, .ofs_y = 0},
    {.bitmap_index = 3027, .adv_w = 44, .box_w = 4, .box_h = 10, .ofs_x = -1, .ofs_y = 0},
    {.bitmap_index = 3047, .adv_w = 44, .box_w = 3, .box_h = 10, .ofs_x = 0, .ofs_y = 0},
    {.bitmap_index = 3062, .adv_w = 44, .box_w = 5, .box_h = 11, .ofs_x = -1, .ofs_y = 0},
    {.bitmap_index = 3090, .adv_w = 44, .box_w = 5, .box_h = 11, .ofs_x = -1, .ofs_y = 0},
    {.bitmap_index = 3118, .adv_w = 120, .box_w = 7, .box_h = 8, .ofs_x = 0, .ofs_y = 0},
    {.bitmap_index = 3146, .adv_w = 121, .box_w = 7, .box_h = 10, .ofs_x = 0, .ofs_y = 0},
    {.bitmap_index = 3181, .adv_w = 123, .box_w = 8, .box_h = 11, .ofs_x = 0, .ofs_y = 0},
    {.bitmap_index = 3225, .adv_w = 123, .box_w = 8, .box_h = 11, .ofs_x = 0, .ofs_y = 0},
    {.bitmap_index = 3269, .adv_w = 123, .box_w = 8, .box_h = 11, .ofs_x = 0, .ofs_y = 0},
    {.bitmap_index = 3313, .adv_w = 123, .box_w = 8, .box_h = 10, .ofs_x = 0, .ofs_y = 0},
    {.bitmap_index = 3353, .adv_w = 123, .box_w = 8, .box_h = 11, .ofs_x = 0, .ofs_y = 0},
    {.bitmap_index = 3397, .adv_w = 108, .box_w = 6, .box_h = 6, .ofs_x = 0, .ofs_y = 0},
    {.bitmap_index = 3415, .adv_w = 123, .box_w = 8, .box_h = 10, .ofs_x = 0, .ofs_y = -1},
    {.bitmap_index = 3455, .adv_w = 118, .box_w = 7, .box_h = 11, .ofs_x = 0, .ofs_y = 0},
    {.bitmap_index = 3494, .adv_w = 118, .box_w = 7, .box_h = 11, .ofs_x = 0, .ofs_y = 0},
    {.bitmap_index = 3533, .adv_w = 118, .box_w = 7, .box_h = 11, .ofs_x = 0, .ofs_y = 0},
    {.bitmap_index = 3572, .adv_w = 118, .box_w = 7, .box_h = 11, .ofs_x = 0, .ofs_y = 0},
    {.bitmap_index = 3611, .adv_w = 114, .box_w = 7, .box_h = 10, .ofs_x = 0, .ofs_y = 0},
    {.bitmap_index = 3646, .adv_w = 105, .box_w = 6, .box_h = 8, .ofs_x = 0, .ofs_y = 0},
    {.bitmap_index = 3670, .adv_w = 103, .box_w = 6, .box_h = 8, .ofs_x = 0, .ofs_y = 0},
    {.bitmap_index = 3694, .adv_w = 92, .box_w = 6, .box_h = 9, .ofs_x = 0, .ofs_y = 0},
    {.bitmap_index = 3721, .adv_w = 92, .box_w = 6, .box_h = 9, .ofs_x = 0, .ofs_y = 0},
    {.bitmap_index = 3748, .adv_w = 92, .box_w = 6, .box_h = 9, .ofs_x = 0, .ofs_y = 0},
    {.bitmap_index = 3775, .adv_w = 92, .box_w = 6, .box_h = 8, .ofs_x = 0, .ofs_y = 0},
    {.bitmap_index = 3799, .adv_w = 92, .box_w = 6, .box_h = 8, .ofs_x = 0, .ofs_y = 0},
    {.bitmap_index = 3823, .adv_w = 92, .box_w = 6, .box_h = 9, .ofs_x = 0, .ofs_y = 0},
    {.bitmap_index = 3850, .adv_w = 146, .box_w = 9, .box_h = 6, .ofs_x = 0, .ofs_y = 0},
    {.bitmap_index = 3877, .adv_w = 93, .box_w = 6, .box_h = 8, .ofs_x = 0, .ofs_y = -2},
    {.bitmap_index = 3901, .adv_w = 95, .box_w = 6, .box_h = 9, .ofs_x = 0, .ofs_y = 0},
    {.bitmap_index = 3928, .adv_w = 95, .box_w = 6, .box_h = 9, .ofs_x = 0, .ofs_y = 0},
    {.bitmap_index = 3955, .adv_w = 95, .box_w = 6, .box_h = 9, .ofs_x = 0, .ofs_y = 0},
    {.bitmap_index = 3982, .adv_w = 95, .box_w = 6, .box_h = 8, .ofs_x = 0, .ofs_y = 0},
    {.bitmap_index = 4006, .adv_w = 42, .box_w = 3, .box_h = 8, .ofs_x = -1, .ofs_y = 0},
    {.bitmap_index = 4018, .adv_w = 42, .box_w = 3, .box_h = 8, .ofs_x = 0, .ofs_y = 0},
    {.bitmap_index = 4030, .adv_w = 42, .box_w = 5, .box_h = 9, .ofs_x = -1, .ofs_y = 0},
    {.bitmap_index = 4053, .adv_w = 42, .box_w = 5, .box_h = 8, .ofs_x = -1, .ofs_y = 0},
    {.bitmap_index = 4073, .adv_w = 95, .box_w = 6, .box_h = 9, .ofs_x = 0, .ofs_y = 0},
    {.bitmap_index = 4100, .adv_w = 98, .box_w = 6, .box_h = 8, .ofs_x = 0, .ofs_y = 0},
    {.bitmap_index = 4124, .adv_w = 97, .box_w = 6, .box_h = 9, .ofs_x = 0, .ofs_y = 0},
    {.bitmap_index = 4151, .adv_w = 97, .box_w = 6, .box_h = 9, .ofs_x = 0, .ofs_y = 0},
    {.bitmap_index = 4178, .adv_w = 97, .box_w = 6, .box_h = 9, .ofs_x = 0, .ofs_y = 0},
    {.bitmap_index = 4205, .adv_w = 97, .box_w = 6, .box_h = 8, .ofs_x = 0, .ofs_y = 0},
    {.bitmap_index = 4229, .adv_w = 97, .box_w = 6, .box_h = 8, .ofs_x = 0, .ofs_y = 0},
    {.bitmap_index = 4253, .adv_w = 108, .box_w = 6, .box_h = 6, .ofs_x = 0, .ofs_y = 0},
    {.bitmap_index = 4271, .adv_w = 97, .box_w = 6, .box_h = 8, .ofs_x = 0, .ofs_y = -1},
    {.bitmap_index = 4295, .adv_w = 98, .box_w = 6, .box_h = 9, .ofs_x = 0, .ofs_y = 0},
    {.bitmap_index = 4322, .adv_w = 98, .box_w = 6, .box_h = 9, .ofs_x = 0, .ofs_y = 0},
    {.bitmap_index = 4349, .adv_w = 98, .box_w = 6, .box_h = 9, .ofs_x = 0, .ofs_y = 0},
    {.bitmap_index = 4376, .adv_w = 98, .box_w = 6, .box_h = 8, .ofs_x = 0, .ofs_y = 0},
    {.bitmap_index = 4400, .adv_w = 94, .box_w = 6, .box_h = 11, .ofs_x = 0, .ofs_y = -2},
    {.bitmap_index = 4433, .adv_w = 100, .box_w = 6, .box_h = 10, .ofs_x = 0, .ofs_y = -2},
    {.bitmap_index = 4463, .adv_w = 94, .box_w = 6, .box_h = 10, .ofs_x = 0, .ofs_y = -2},
    {.bitmap_index = 4493, .adv_w = 116, .box_w = 8, .box_h = 10, .ofs_x = 0, .ofs_y = 0},
    {.bitmap_index = 4533, .adv_w = 92, .box_w = 6, .box_h = 8, .ofs_x = 0, .ofs_y = 0},
    {.bitmap_index = 4557, .adv_w = 116, .box_w = 8, .box_h = 11, .ofs_x = 0, .ofs_y = 0},
    {.bitmap_index = 4601, .adv_w = 92, .box_w = 6, .box_h = 9, .ofs_x = 0, .ofs_y = 0},
    {.bitmap_index = 4628, .adv_w = 116, .box_w = 8, .box_h = 10, .ofs_x = 0, .ofs_y = -2},
    {.bitmap_index = 4668, .adv_w = 92, .box_w = 6, .box_h = 8, .ofs_x = 0, .ofs_y = -2},
    {.bitmap_index = 4692, .adv_w = 118, .box_w = 7, .box_h = 11, .ofs_x = 0, .ofs_y = 0},
    {.bitmap_index = 4731, .adv_w = 93, .box_w = 6, .box_h = 9, .ofs_x = 0, .ofs_y = 0},
    {.bitmap_index = 4758, .adv_w = 118, .box_w = 7, .box_h = 11, .ofs_x = 0, .ofs_y = 0},
    {.bitmap_index = 4797, .adv_w = 93, .box_w = 6, .box_h = 9, .ofs_x = 0, .ofs_y = 0},
    {.bitmap_index = 4824, .adv_w = 118, .box_w = 7, .box_h = 11, .ofs_x = 0, .ofs_y = 0},
    {.bitmap_index = 4863, .adv_w = 93, .box_w = 6, .box_h = 8, .ofs_x = 0, .ofs_y = 0},
    {.bitmap_index = 4887, .adv_w = 118, .box_w = 7, .box_h = 10, .ofs_x = 0, .ofs_y = 0},
    {.bitmap_index = 4922, .adv_w = 93, .box_w = 6, .box_h = 9, .ofs_x = 0, .ofs_y = 0},
    {.bitmap_index = 4949, .adv_w = 116, .box_w = 7, .box_h = 11, .ofs_x = 0, .ofs_y = 0},
    {.bitmap_index = 4988, .adv_w = 118, .box_w = 8, .box_h = 9, .ofs_x = 0, .ofs_y = 0},
    {.bitmap_index = 5024, .adv_w = 120, .box_w = 7, .box_h = 8, .ofs_x = 0, .ofs_y = 0},
    {.bitmap_index = 5052, .adv_w = 100, .box_w = 7, .box_h = 8, .ofs_x = 0, .ofs_y = 0},
    {.bitmap_index = 5080, .adv_w = 97, .box_w = 6, .box_h = 10, .ofs_x = 0, .ofs_y = 0},
    {.bitmap_index = 5110, .adv_w = 95, .box_w = 6, .box_h = 8, .ofs_x = 0, .ofs_y = 0},
    {.bitmap_index = 5134, .adv_w = 97, .box_w = 6, .box_h = 11, .ofs_x = 0, .ofs_y = 0},
    {.bitmap_index = 5167, .adv_w = 95, .box_w = 6, .box_h = 9, .ofs_x = 0, .ofs_y = 0},
    {.bitmap_index = 5194, .adv_w = 97, .box_w = 6, .box_h = 10, .ofs_x = 0, .ofs_y = 0},
    {.bitmap_index = 5224, .adv_w = 95, .box_w = 6, .box_h = 8, .ofs_x = 0, .ofs_y = 0},
    {.bitmap_index = 5248, .adv_w = 97, .box_w = 6, .box_h = 10, .ofs_x = 0, .ofs_y = -2},
    {.bitmap_index = 5278, .adv_w = 95, .box_w = 6, .box_h = 8, .ofs_x = 0, .ofs_y = -2},
    {.bitmap_index = 5302, .adv_w = 97, .box_w = 6, .box_h = 11, .ofs_x = 0, .ofs_y = 0},
    {.bitmap_index = 5335, .adv_w = 95, .box_w = 6, .box_h = 9, .ofs_x = 0, .ofs_y = 0},
    {.bitmap_index = 5362, .adv_w = 120, .box_w = 7, .box_h = 11, .ofs_x = 0, .ofs_y = 0},
    {.bitmap_index = 5401, .adv_w = 100, .box_w = 6, .box_h = 11, .ofs_x = 0, .ofs_y = -2},
    {.bitmap_index = 5434, .adv_w = 120, .box_w = 7, .box_h = 11, .ofs_x = 0, .ofs_y = 0},
    {.bitmap_index = 5473, .adv_w = 100, .box_w = 6, .box_h = 11, .ofs_x = 0, .ofs_y = -2},
    {.bitmap_index = 5506, .adv_w = 120, .box_w = 7, .box_h = 11, .ofs_x = 0, .ofs_y = 0},
    {.bitmap_index = 5545, .adv_w = 100, .box_w = 6, .box_h = 10, .ofs_x = 0, .ofs_y = -2},
    {.bitmap_index = 5575, .adv_w = 120, .box_w = 7, .box_h = 10, .ofs_x = 0, .ofs_y = -2},
    {.bitmap_index = 5610, .adv_w = 100, .box_w = 6, .box_h = 12, .ofs_x = 0, .ofs_y = -2},
    {.bitmap_index = 5646, .adv_w = 119, .box_w = 7, .box_h = 11, .ofs_x = 0, .ofs_y = 0},
    {.bitmap_index = 5685, .adv_w = 98, .box_w = 7, .box_h = 11, .ofs_x = -1, .ofs_y = 0},
    {.bitmap_index = 5724, .adv_w = 128, .box_w = 8, .box_h = 8, .ofs_x = 0, .ofs_y = 0},
    {.bitmap_index = 5756, .adv_w = 98, .box_w = 7, .box_h = 8, .ofs_x = -1, .ofs_y = 0},
    {.bitmap_index = 5784, .adv_w = 44, .box_w = 4, .box_h = 10, .ofs_x = -1, .ofs_y = 0},
    {.bitmap_index = 5804, .adv_w = 42, .box_w = 4, .box_h = 8, .ofs_x = -1, .ofs_y = 0},
    {.bitmap_index = 5820, .adv_w = 44, .box_w = 4, .box_h = 10, .ofs_x = -1, .ofs_y = 0},
    {.bitmap_index = 5840, .adv_w = 42, .box_w = 4, .box_h = 8, .ofs_x = -1, .ofs_y = 0},
    {.bitmap_index = 5856, .adv_w = 44, .box_w = 4, .box_h = 11, .ofs_x = -1, .ofs_y = 0},
    {.bitmap_index = 5878, .adv_w = 42, .box_w = 4, .box_h = 9, .ofs_x = -1, .ofs_y = 0},
    {.bitmap_index = 5896, .adv_w = 44, .box_w = 3, .box_h = 10, .ofs_x = 0, .ofs_y = -2},
    {.bitmap_index = 5911, .adv_w = 42, .box_w = 4, .box_h = 10, .ofs_x = -1, .ofs_y = -2},
    {.bitmap_index = 5931, .adv_w = 44, .box_w = 3, .box_h = 10, .ofs_x = 0, .ofs_y = 0},
    {.bitmap_index = 5946, .adv_w = 42, .box_w = 2, .box_h = 6, .ofs_x = 0, .ofs_y = 0},
    {.bitmap_index = 5952, .adv_w = 137, .box_w = 8, .box_h = 8, .ofs_x = 0, .ofs_y = 0},
    {.bitmap_index = 5984, .adv_w = 84, .box_w = 5, .box_h = 10, .ofs_x = 0, .ofs_y = -2},
    {.bitmap_index = 6009, .adv_w = 93, .box_w = 7, .box_h = 11, .ofs_x = 0, .ofs_y = 0},
    {.bitmap_index = 6048, .adv_w = 42, .box_w = 5, .box_h = 11, .ofs_x = -1, .ofs_y = -2},
    {.bitmap_index = 6076, .adv_w = 113, .box_w = 7, .box_h = 11, .ofs_x = 0, .ofs_y = -3},
    {.bitmap_index = 6115, .adv_w = 91, .box_w = 6, .box_h = 11, .ofs_x = 0, .ofs_y = -3},
    {.bitmap_index = 6148, .adv_w = 91, .box_w = 6, .box_h = 6, .ofs_x = 0, .ofs_y = 0},
    {.bitmap_index = 6166, .adv_w = 90, .box_w = 6, .box_h = 10, .ofs_x = 0, .ofs_y = 0},
    {.bitmap_index = 6196, .adv_w = 42, .box_w = 3, .box_h = 10, .ofs_x = 0, .ofs_y = 0},
    {.bitmap_index = 6211, .adv_w = 90, .box_w = 6, .box_h = 11, .ofs_x = 0, .ofs_y = -3},
    {.bitmap_index = 6244, .adv_w = 42, .box_w = 2, .box_h = 11, .ofs_x = 0, .ofs_y = -3},
    {.bitmap_index = 6255, .adv_w = 90, .box_w = 6, .box_h = 9, .ofs_x = 0, .ofs_y = 0},
    {.bitmap_index = 6282, .adv_w = 60, .box_w = 4, .box_h = 9, .ofs_x = 0, .ofs_y = 0},
    {.bitmap_index = 6300, .adv_w = 92, .box_w = 6, .box_h = 8, .ofs_x = 0, .ofs_y = 0},
    {.bitmap_index = 6324, .adv_w = 67, .box_w = 5, .box_h = 8, .ofs_x = 0, .ofs_y = 0},
    {.bitmap_index = 6344, .adv_w = 96, .box_w = 6, .box_h = 8, .ofs_x = 0, .ofs_y = 0},
    {.bitmap_index = 6368, .adv_w = 42, .box_w = 4, .box_h = 8, .ofs_x = -1, .ofs_y = 0},
    {.bitmap_index = 6384, .adv_w = 121, .box_w = 7, .box_h = 10, .ofs_x = 0, .ofs_y = 0},
    {.bitmap_index = 6419, .adv_w = 98, .box_w = 6, .box_h = 8, .ofs_x = 0, .ofs_y = 0},
    {.bitmap_index = 6443, .adv_w = 121, .box_w = 7, .box_h = 11, .ofs_x = 0, .ofs_y = -3},
    {.bitmap_index = 6482, .adv_w = 98, .box_w = 6, .box_h = 9, .ofs_x = 0, .ofs_y = -3},
    {.bitmap_index = 6509, .adv_w = 121, .box_w = 7, .box_h = 11, .ofs_x = 0, .ofs_y = 0},
    {.bitmap_index = 6548, .adv_w = 98, .box_w = 6, .box_h = 9, .ofs_x = 0, .ofs_y = 0},
    {.bitmap_index = 6575, .adv_w = 121, .box_w = 7, .box_h = 10, .ofs_x = 0, .ofs_y = -2},
    {.bitmap_index = 6610, .adv_w = 98, .box_w = 6, .box_h = 8, .ofs_x = 0, .ofs_y = -2},
    {.bitmap_index = 6634, .adv_w = 123, .box_w = 8, .box_h = 10, .ofs_x = 0, .ofs_y = 0},
    {.bitmap_index = 6674, .adv_w = 97, .box_w = 6, .box_h = 8, .ofs_x = 0, .ofs_y = 0},
    {.bitmap_index = 6698, .adv_w = 123, .box_w = 8, .box_h = 11, .ofs_x = 0, .ofs_y = 0},
    {.bitmap_index = 6742, .adv_w = 97, .box_w = 6, .box_h = 9, .ofs_x = 0, .ofs_y = 0},
    {.bitmap_index = 6769, .adv_w = 123, .box_w = 8, .box_h = 11, .ofs_x = 0, .ofs_y = 0},
    {.bitmap_index = 6813, .adv_w = 97, .box_w = 6, .box_h = 9, .ofs_x = 0, .ofs_y = 0},
    {.bitmap_index = 6840, .adv_w = 162, .box_w = 10, .box_h = 8, .ofs_x = 0, .ofs_y = 0},
    {.bitmap_index = 6880, .adv_w = 159, .box_w = 10, .box_h = 6, .ofs_x = 0, .ofs_y = 0},
    {.bitmap_index = 6910, .adv_w = 104, .box_w = 7, .box_h = 10, .ofs_x = 0, .ofs_y = 0},
    {.bitmap_index = 6945, .adv_w = 64, .box_w = 4, .box_h = 8, .ofs_x = 0, .ofs_y = 0},
    {.bitmap_index = 6961, .adv_w = 104, .box_w = 7, .box_h = 11, .ofs_x = 0, .ofs_y = -3},
    {.bitmap_index = 7000, .adv_w = 64, .box_w = 4, .box_h = 10, .ofs_x = 0, .ofs_y = -3},
    {.bitmap_index = 7020, .adv_w = 104, .box_w = 7, .box_h = 11, .ofs_x = 0, .ofs_y = 0},
    {.bitmap_index = 7059, .adv_w = 64, .box_w = 5, .box_h = 9, .ofs_x = 0, .ofs_y = 0},
    {.bitmap_index = 7082, .adv_w = 104, .box_w = 7, .box_h = 11, .ofs_x = 0, .ofs_y = 0},
    {.bitmap_index = 7121, .adv_w = 88, .box_w = 6, .box_h = 9, .ofs_x = 0, .ofs_y = 0},
    {.bitmap_index = 7148, .adv_w = 104, .box_w = 7, .box_h = 11, .ofs_x = 0, .ofs_y = 0},
    {.bitmap_index = 7187, .adv_w = 88, .box_w = 6, .box_h = 9, .ofs_x = 0, .ofs_y = 0},
    {.bitmap_index = 7214, .adv_w = 104, .box_w = 7, .box_h = 10, .ofs_x = 0, .ofs_y = -2},
    {.bitmap_index = 7249, .adv_w = 88, .box_w = 6, .box_h = 8, .ofs_x = 0, .ofs_y = -2},
    {.bitmap_index = 7273, .adv_w = 104, .box_w = 7, .box_h = 11, .ofs_x = 0, .ofs_y = 0},
    {.bitmap_index = 7312, .adv_w = 88, .box_w = 6, .box_h = 9, .ofs_x = 0, .ofs_y = 0},
    {.bitmap_index = 7339, .adv_w = 106, .box_w = 7, .box_h = 10, .ofs_x = 0, .ofs_y = -2},
    {.bitmap_index = 7374, .adv_w = 56, .box_w = 4, .box_h = 10, .ofs_x = 0, .ofs_y = -2},
    {.bitmap_index = 7394, .adv_w = 106, .box_w = 7, .box_h = 11, .ofs_x = 0, .ofs_y = 0},
    {.bitmap_index = 7433, .adv_w = 67, .box_w = 4, .box_h = 9, .ofs_x = 0, .ofs_y = 0},
    {.bitmap_index = 7451, .adv_w = 106, .box_w = 7, .box_h = 8, .ofs_x = 0, .ofs_y = 0},
    {.bitmap_index = 7479, .adv_w = 56, .box_w = 4, .box_h = 8, .ofs_x = 0, .ofs_y = 0},
    {.bitmap_index = 7495, .adv_w = 118, .box_w = 7, .box_h = 10, .ofs_x = 0, .ofs_y = 0},
    {.bitmap_index = 7530, .adv_w = 98, .box_w = 6, .box_h = 8, .ofs_x = 0, .ofs_y = 0},
    {.bitmap_index = 7554, .adv_w = 118, .box_w = 7, .box_h = 10, .ofs_x = 0, .ofs_y = 0},
    {.bitmap_index = 7589, .adv_w = 98, .box_w = 6, .box_h = 8, .ofs_x = 0, .ofs_y = 0},
    {.bitmap_index = 7613, .adv_w = 118, .box_w = 7, .box_h = 11, .ofs_x = 0, .ofs_y = 0},
    {.bitmap_index = 7652, .adv_w = 98, .box_w = 6, .box_h = 9, .ofs_x = 0, .ofs_y = 0},
    {.bitmap_index = 7679, .adv_w = 118, .box_w = 7, .box_h = 11, .ofs_x = 0, .ofs_y = 0},
    {.bitmap_index = 7718, .adv_w = 98, .box_w = 6, .box_h = 9, .ofs_x = 0, .ofs_y = 0},
    {.bitmap_index = 7745, .adv_w = 118, .box_w = 7, .box_h = 11, .ofs_x = 0, .ofs_y = 0},
    {.bitmap_index = 7784, .adv_w = 98, .box_w = 6, .box_h = 9, .ofs_x = 0, .ofs_y = 0},
    {.bitmap_index = 7811, .adv_w = 118, .box_w = 7, .box_h = 10, .ofs_x = 0, .ofs_y = -2},
    {.bitmap_index = 7846, .adv_w = 98, .box_w = 6, .box_h = 8, .ofs_x = 0, .ofs_y = -2},
    {.bitmap_index = 7870, .adv_w = 163, .box_w = 10, .box_h = 11, .ofs_x = 0, .ofs_y = 0},
    {.bitmap_index = 7925, .adv_w = 134, .box_w = 9, .box_h = 9, .ofs_x = 0, .ofs_y = 0},
    {.bitmap_index = 7966, .adv_w = 114, .box_w = 7, .box_h = 10, .ofs_x = 0, .ofs_y = 0},
    {.bitmap_index = 8001, .adv_w = 94, .box_w = 6, .box_h = 11, .ofs_x = 0, .ofs_y = -2},
    {.bitmap_index = 8034, .adv_w = 114, .box_w = 7, .box_h = 11, .ofs_x = 0, .ofs_y = 0},
    {.bitmap_index = 8073, .adv_w = 104, .box_w = 6, .box_h = 10, .ofs_x = 0, .ofs_y = 0},
    {.bitmap_index = 8103, .adv_w = 91, .box_w = 6, .box_h = 8, .ofs_x = 0, .ofs_y = 0},
    {.bitmap_index = 8127, .adv_w = 104, .box_w = 6, .box_h = 10, .ofs_x = 0, .ofs_y = 0},
    {.bitmap_index = 8157, .adv_w = 91, .box_w = 6, .box_h = 8, .ofs_x = 0, .ofs_y = 0},
    {.bitmap_index = 8181, .adv_w = 104, .box_w = 6, .box_h = 11, .ofs_x = 0, .ofs_y = 0},
    {.bitmap_index = 8214, .adv_w = 91, .box_w = 6, .box_h = 9, .ofs_x = 0, .ofs_y = 0},
    {.bitmap_index = 8241, .adv_w = 54, .box_w = 4, .box_h = 8, .ofs_x = 0, .ofs_y = 0},
    {.bitmap_index = 8257, .adv_w = 90, .box_w = 0, .box_h = 0, .ofs_x = 0, .ofs_y = 0},
    {.bitmap_index = 8257, .adv_w = 179, .box_w = 0, .box_h = 0, .ofs_x = 0, .ofs_y = 0},
    {.bitmap_index = 8257, .adv_w = 80, .box_w = 0, .box_h = 0, .ofs_x = 0, .ofs_y = 0},
    {.bitmap_index = 8257, .adv_w = 160, .box_w = 0, .box_h = 0, .ofs_x = 0, .ofs_y = 0},
    {.bitmap_index = 8257, .adv_w = 53, .box_w = 0, .box_h = 0, .ofs_x = 0, .ofs_y = 0},
    {.bitmap_index = 8257, .adv_w = 40, .box_w = 0, .box_h = 0, .ofs_x = 0, .ofs_y = 0},
    {.bitmap_index = 8257, .adv_w = 27, .box_w = 0, .box_h = 0, .ofs_x = 0, .ofs_y = 0},
    {.bitmap_index = 8257, .adv_w = 104, .box_w = 0, .box_h = 0, .ofs_x = 0, .ofs_y = 0},
    {.bitmap_index = 8257, .adv_w = 51, .box_w = 0, .box_h = 0, .ofs_x = 0, .ofs_y = 0},
    {.bitmap_index = 8257, .adv_w = 26, .box_w = 0, .box_h = 0, .ofs_x = 0, .ofs_y = 0},
    {.bitmap_index = 8257, .adv_w = 13, .box_w = 0, .box_h = 0, .ofs_x = 0, .ofs_y = 0},
    {.bitmap_index = 8257, .adv_w = 0, .box_w = 0, .box_h = 0, .ofs_x = 0, .ofs_y = 0},
    {.bitmap_index = 8257, .adv_w = 68, .box_w = 4, .box_h = 2, .ofs_x = 0, .ofs_y = 2},
    {.bitmap_index = 8261, .adv_w = 68, .box_w = 4, .box_h = 2, .ofs_x = 0, .ofs_y = 2},
    {.bitmap_index = 8265, .adv_w = 104, .box_w = 7, .box_h = 2, .ofs_x = 0, .ofs_y = 2},
    {.bitmap_index = 8272, .adv_w = 80, .box_w = 5, .box_h = 2, .ofs_x = 0, .ofs_y = 2},
    {.bitmap_index = 8277, .adv_w = 160, .box_w = 10, .box_h = 2, .ofs_x = 0, .ofs_y = 2},
    {.bitmap_index = 8287, .adv_w = 160, .box_w = 10, .box_h = 2, .ofs_x = 0, .ofs_y = 2},
    {.bitmap_index = 8297, .adv_w = 86, .box_w = 4, .box_h = 13, .ofs_x = 1, .ofs_y = -3},
    {.bitmap_index = 8323, .adv_w = 75, .box_w = 5, .box_h = 2, .ofs_x = 0, .ofs_y = -2},
    {.bitmap_index = 8328, .adv_w = 47, .box_w = 3, .box_h = 4, .ofs_x = 0, .ofs_y = 4},
    {.bitmap_index = 8334, .adv_w = 47, .box_w = 3, .box_h = 4, .ofs_x = 0, .ofs_y = 5},
    {.bitmap_index = 8340, .adv_w = 44, .box_w = 3, .box_h = 4, .ofs_x = 0, .ofs_y = -2},
    {.bitmap_index = 8346, .adv_w = 47, .box_w = 3, .box_h = 4, .ofs_x = 0, .ofs_y = 4},
    {.bitmap_index = 8352, .adv_w = 81, .box_w = 5, .box_h = 4, .ofs_x = 0, .ofs_y = 4},
    {.bitmap_index = 8362, .adv_w = 80, .box_w = 5, .box_h = 4, .ofs_x = 0, .ofs_y = 5},
    {.bitmap_index = 8372, .adv_w = 77, .box_w = 5, .box_h = 4, .ofs_x = 0, .ofs_y = -2},
    {.bitmap_index = 8382, .adv_w = 80, .box_w = 5, .box_h = 4, .ofs_x = 0, .ofs_y = 4},
    {.bitmap_index = 8392, .adv_w = 88, .box_w = 5, .box_h = 6, .ofs_x = 0, .ofs_y = 2},
    {.bitmap_index = 8407, .adv_w = 88, .box_w = 5, .box_h = 8, .ofs_x = 0, .ofs_y = 0},
    {.bitmap_index = 8427, .adv_w = 81, .box_w = 5, .box_h = 4, .ofs_x = 0, .ofs_y = 1},
    {.bitmap_index = 8437, .adv_w = 81, .box_w = 4, .box_h = 4, .ofs_x = 1, .ofs_y = 1},
    {.bitmap_index = 8445, .adv_w = 51, .box_w = 3, .box_h = 2, .ofs_x = 0, .ofs_y = 0},
    {.bitmap_index = 8448, .adv_w = 102, .box_w = 6, .box_h = 2, .ofs_x = 0, .ofs_y = 0},
    {.bitmap_index = 8454, .adv_w = 153, .box_w = 9, .box_h = 2, .ofs_x = 0, .ofs_y = 0},
    {.bitmap_index = 8463, .adv_w = 51, .box_w = 3, .box_h = 2, .ofs_x = 0, .ofs_y = 3},
    {.bitmap_index = 8466, .adv_w = 26, .box_w = 0, .box_h = 0, .ofs_x = 0, .ofs_y = 0},
    {.bitmap_index = 8466, .adv_w = 219, .box_w = 13, .box_h = 8, .ofs_x = 0, .ofs_y = 0},
    {.bitmap_index = 8518, .adv_w = 278, .box_w = 17, .box_h = 8, .ofs_x = 0, .ofs_y = 0},
    {.bitmap_index = 8586, .adv_w = 41, .box_w = 3, .box_h = 3, .ofs_x = 0, .ofs_y = 5},
    {.bitmap_index = 8591, .adv_w = 82, .box_w = 5, .box_h = 3, .ofs_x = 0, .ofs_y = 5},
    {.bitmap_index = 8599, .adv_w = 123, .box_w = 8, .box_h = 3, .ofs_x = 0, .ofs_y = 5},
    {.bitmap_index = 8611, .adv_w = 41, .box_w = 3, .box_h = 3, .ofs_x = 0, .ofs_y = 5},
    {.bitmap_index = 8616, .adv_w = 82, .box_w = 5, .box_h = 3, .ofs_x = 0, .ofs_y = 5},
    {.bitmap_index = 8624, .adv_w = 123, .box_w = 8, .box_h = 3, .ofs_x = 0, .ofs_y = 5},
    {.bitmap_index = 8636, .adv_w = 83, .box_w = 5, .box_h = 3, .ofs_x = 0, .ofs_y = -3},
    {.bitmap_index = 8644, .adv_w = 66, .box_w = 4, .box_h = 5, .ofs_x = 0, .ofs_y = 1},
    {.bitmap_index = 8654, .adv_w = 66, .box_w = 4, .box_h = 5, .ofs_x = 0, .ofs_y = 1},
    {.bitmap_index = 8664, .adv_w = 120, .box_w = 7, .box_h = 8, .ofs_x = 0, .ofs_y = 0},
    {.bitmap_index = 8692, .adv_w = 103, .box_w = 6, .box_h = 8, .ofs_x = 0, .ofs_y = 0},
    {.bitmap_index = 8716, .adv_w = 86, .box_w = 5, .box_h = 8, .ofs_x = 0, .ofs_y = 0},
    {.bitmap_index = 8736, .adv_w = 82, .box_w = 5, .box_h = 2, .ofs_x = 0, .ofs_y = 7},
    {.bitmap_index = 8741, .adv_w = 134, .box_w = 9, .box_h = 3, .ofs_x = 0, .ofs_y = -3},
    {.bitmap_index = 8755, .adv_w = 134, .box_w = 9, .box_h = 2, .ofs_x = 0, .ofs_y = 6},
    {.bitmap_index = 8764, .adv_w = 75, .box_w = 5, .box_h = 7, .ofs_x = 0, .ofs_y = -3},
    {.bitmap_index = 8782, .adv_w = 120, .box_w = 7, .box_h = 8, .ofs_x = 0, .ofs_y = 0},
    {.bitmap_index = 8810, .adv_w = 81, .box_w = 3, .box_h = 2, .ofs_x = 1, .ofs_y = 2},
    {.bitmap_index = 8813, .adv_w = 33, .box_w = 6, .box_h = 8, .ofs_x = -2, .ofs_y = 0},
    {.bitmap_index = 8837, .adv_w = 60, .box_w = 4, .box_h = 11, .ofs_x = 0, .ofs_y = -2},
    {.bitmap_index = 8859, .adv_w = 60, .box_w = 3, .box_h = 11, .ofs_x = 0, .ofs_y = -2},
    {.bitmap_index = 8876, .adv_w = 174, .box_w = 11, .box_h = 8, .ofs_x = 0, .ofs_y = 0},
    {.bitmap_index = 8920, .adv_w = 138, .box_w = 8, .box_h = 8, .ofs_x = 0, .ofs_y = 0},
    {.bitmap_index = 8952, .adv_w = 138, .box_w = 9, .box_h = 8, .ofs_x = 0, .ofs_y = 0},
    {.bitmap_index = 8988, .adv_w = 74, .box_w = 5, .box_h = 8, .ofs_x = 0, .ofs_y = -2},
    {.bitmap_index = 9008, .adv_w = 96, .box_w = 6, .box_h = 8, .ofs_x = 0, .ofs_y = 0},
    {.bitmap_index = 9032, .adv_w = 96, .box_w = 6, .box_h = 5, .ofs_x = 0, .ofs_y = 1},
    {.bitmap_index = 9047, .adv_w = 96, .box_w = 6, .box_h = 5, .ofs_x = 0, .ofs_y = 1},
    {.bitmap_index = 9062, .adv_w = 86, .box_w = 5, .box_h = 5, .ofs_x = 0, .ofs_y = -1},
    {.bitmap_index = 9075, .adv_w = 53, .box_w = 3, .box_h = 8, .ofs_x = 0, .ofs_y = -2},
    {.bitmap_index = 9087, .adv_w = 134, .box_w = 9, .box_h = 12, .ofs_x = 0, .ofs_y = -4},
    {.bitmap_index = 9141, .adv_w = 90, .box_w = 5, .box_h = 10, .ofs_x = 1, .ofs_y = -2},
    {.bitmap_index = 9166, .adv_w = 127, .box_w = 8, .box_h = 8, .ofs_x = 0, .ofs_y = 0},
    {.bitmap_index = 9198, .adv_w = 120, .box_w = 7, .box_h = 3, .ofs_x = 0, .ofs_y = 2},
    {.bitmap_index = 9209, .adv_w = 134, .box_w = 9, .box_h = 2, .ofs_x = 0, .ofs_y = -3},
    {.bitmap_index = 9218, .adv_w = 106, .box_w = 6, .box_h = 5, .ofs_x = 0, .ofs_y = 0},
    {.bitmap_index = 9233, .adv_w = 164, .box_w = 10, .box_h = 3, .ofs_x = 0, .ofs_y = 5},
    {.bitmap_index = 9248, .adv_w = 46, .box_w = 0, .box_h = 0, .ofs_x = 0, .ofs_y = 0}
};

/*---------------------
 *  CHARACTER MAPPING
 *--------------------*/

static const uint16_t unicode_list_7[] = {
    0x00, 0x08
};

/*Collect the unicode lists and glyph_id offsets*/
static const lv_font_fmt_txt_cmap_t cmaps[] =
{
    {
        .range_start = 32, .range_length = 95, .glyph_id_start = 1,
        .unicode_list = NULL, .glyph_id_ofs_list = NULL, .list_length = 0, .type = LV_FONT_FMT_TXT_CMAP_FORMAT0_TINY
    },
    {
        .range_start = 160, .range_length = 13, .glyph_id_start = 96,
        .unicode_list = NULL, .glyph_id_ofs_list = NULL, .list_length = 0, .type = LV_FONT_FMT_TXT_CMAP_FORMAT0_TINY
    },
    {
        .range_start = 174, .range_length = 155, .glyph_id_start = 109,
        .unicode_list = NULL, .glyph_id_ofs_list = NULL, .list_length = 0, .type = LV_FONT_FMT_TXT_CMAP_FORMAT0_TINY
    },
    {
        .range_start = 330, .range_length = 54, .glyph_id_start = 264,
        .unicode_list = NULL, .glyph_id_ofs_list = NULL, .list_length = 0, .type = LV_FONT_FMT_TXT_CMAP_FORMAT0_TINY
    },
    {
        .range_start = 8192, .range_length = 12, .glyph_id_start = 318,
        .unicode_list = NULL, .glyph_id_ofs_list = NULL, .list_length = 0, .type = LV_FONT_FMT_TXT_CMAP_FORMAT0_TINY
    },
    {
        .range_start = 8208, .range_length = 24, .glyph_id_start = 330,
        .unicode_list = NULL, .glyph_id_ofs_list = NULL, .list_length = 0, .type = LV_FONT_FMT_TXT_CMAP_FORMAT0_TINY
    },
    {
        .range_start = 8239, .range_length = 39, .glyph_id_start = 354,
        .unicode_list = NULL, .glyph_id_ofs_list = NULL, .list_length = 0, .type = LV_FONT_FMT_TXT_CMAP_FORMAT0_TINY
    },
    {
        .range_start = 8279, .range_length = 9, .glyph_id_start = 393,
        .unicode_list = unicode_list_7, .glyph_id_ofs_list = NULL, .list_length = 2, .type = LV_FONT_FMT_TXT_CMAP_SPARSE_TINY
    }
};

/*-----------------
 *    KERNING
 *----------------*/

/*Map glyph_ids to kern left classes*/
static const uint8_t kern_left_class_mapping[] =
{
    0, 0, 0, 1, 0, 0, 2, 3,
    1, 4, 5, 6, 7, 8, 7, 8,
    9, 10, 11, 12, 13, 14, 15, 16,
    17, 13, 10, 18, 18, 0, 19, 20,
    0, 21, 0, 0, 0, 0, 0, 0,
    0, 0, 0, 0, 0, 0, 0, 0,
    0, 0, 0, 0, 0, 0, 0, 0,
    0, 0, 0, 0, 4, 22, 5, 6,
    23, 0, 0, 0, 0, 0, 0, 0,
    0, 0, 0, 0, 0, 0, 0, 0,
    0, 0, 0, 0, 0, 0, 0, 0,
    0, 0, 0, 0, 4, 11, 5, 7,
    0, 24, 25, 0, 0, 0, 0, 0,
    0, 21, 0, 0, 0, 26, 0, 6,
    19, 0, 0, 0, 27, 11, 28, 0,
    0, 0, 29, 0, 0, 0, 30, 0,
    0, 0, 0, 0, 0, 0, 0, 0,
    0, 0, 0, 0, 0, 0, 0, 0,
    0, 0, 0, 0, 0, 0, 31, 0,
    0, 0, 0, 0, 0, 0, 0, 0,
    0, 0, 0, 0, 0, 0, 0, 0,
    0, 0, 0, 0, 0, 0, 0, 0,
    0, 0, 0, 0, 0, 0, 7, 0,
    0, 0, 0, 0, 0, 0, 0, 0,
    0, 0, 0, 0, 0, 0, 0, 0,
    0, 0, 0, 0, 0, 0, 0, 0,
    0, 0, 0, 0, 0, 0, 0, 0,
    0, 0, 0, 0, 0, 0, 0, 0,
    0, 0, 0, 0, 0, 0, 0, 0,
    0, 0, 0, 0, 0, 0, 0, 0,
    0, 0, 0, 0, 0, 0, 0, 0,
    0, 0, 0, 0, 0, 0, 0, 0,
    0, 0, 0, 0, 0, 0, 0, 0,
    0, 0, 0, 0, 0, 0, 0, 0,
    0, 0, 0, 0, 0, 0, 0, 0,
    0, 0, 0, 0, 0, 0, 0, 0,
    0, 0, 0, 0, 0, 0, 0, 0,
    0, 0, 0, 0, 0, 0, 0, 0,
    0, 0, 0, 0, 0, 0, 0, 0,
    0, 0, 0, 0, 0, 0, 0, 0,
    0, 0, 0, 0, 0, 0, 0, 0,
    0, 0, 0, 0, 0, 0, 0, 0,
    0, 0, 32, 33, 34, 0, 32, 33,
    34, 0, 35, 35, 31, 31, 0, 0,
    36, 0, 0, 0, 0, 0, 0, 33,
    0, 0, 0, 0, 0, 29, 0, 0,
    0, 0, 0, 0, 0, 0, 31, 0,
    0, 0, 0, 0, 0, 0, 37, 38,
    31, 0, 18, 0, 0, 0, 0, 0,
    0, 0, 0
};

/*Map glyph_ids to kern right classes*/
static const uint8_t kern_right_class_mapping[] =
{
    0, 1, 2, 3, 4, 5, 0, 6,
    3, 0, 7, 8, 9, 10, 9, 11,
    12, 13, 14, 15, 16, 17, 18, 13,
    19, 20, 21, 22, 22, 23, 24, 0,
    25, 26, 0, 0, 0, 0, 0, 0,
    0, 0, 0, 0, 0, 0, 0, 0,
    0, 0, 0, 0, 0, 0, 0, 0,
    0, 0, 0, 0, 0, 27, 7, 8,
    28, 0, 0, 0, 0, 0, 0, 0,
    0, 0, 0, 0, 0, 0, 0, 0,
    0, 0, 0, 0, 0, 0, 0, 0,
    0, 0, 0, 0, 0, 29, 7, 30,
    0, 0, 31, 0, 0, 0, 0, 0,
    0, 26, 0, 32, 33, 34, 0, 8,
    24, 0, 0, 0, 35, 36, 9, 0,
    0, 0, 37, 0, 0, 0, 38, 0,
    0, 0, 0, 0, 0, 0, 0, 0,
    0, 0, 0, 0, 0, 0, 0, 0,
    0, 0, 0, 0, 0, 0, 37, 0,
    0, 0, 0, 0, 0, 0, 0, 0,
    0, 0, 0, 0, 0, 0, 0, 0,
    0, 0, 0, 0, 0, 0, 0, 0,
    0, 0, 0, 0, 0, 0, 9, 0,
    0, 0, 0, 0, 0, 0, 0, 0,
    0, 0, 0, 0, 0, 0, 0, 0,
    0, 0, 0, 0, 0, 0, 0, 0,
    0, 0, 0, 0, 0, 0, 0, 0,
    0, 0, 0, 0, 0, 0, 0, 0,
    0, 0, 0, 0, 0, 0, 0, 0,
    0, 0, 0, 0, 0, 0, 0, 0,
    0, 0, 0, 0, 0, 0, 0, 0,
    0, 0, 0, 0, 0, 0, 0, 0,
    0, 0, 0, 0, 0, 0, 0, 0,
    0, 0, 0, 0, 0, 0, 0, 0,
    0, 0, 0, 0, 0, 0, 0, 0,
    0, 0, 0, 0, 0, 0, 0, 0,
    0, 0, 0, 0, 0, 0, 0, 0,
    0, 0, 0, 0, 0, 0, 0, 0,
    0, 0, 0, 0, 0, 0, 0, 0,
    0, 0, 0, 0, 0, 0, 0, 0,
    0, 0, 0, 0, 0, 0, 0, 0,
    0, 0, 0, 0, 0, 0, 0, 0,
    0, 0, 39, 40, 41, 42, 39, 40,
    41, 43, 44, 44, 37, 37, 0, 0,
    45, 0, 0, 0, 0, 0, 0, 40,
    0, 0, 0, 0, 32, 37, 0, 0,
    25, 0, 0, 0, 0, 0, 37, 5,
    0, 0, 0, 0, 0, 46, 29, 37,
    47, 0, 22, 0, 0, 0, 0, 0,
    0, 0, 0
};

/*Kern values between classes*/
static const int8_t kern_class_values[] =
{
    0, 0, 0, 0, 0, -5, 0, 0,
    0, -14, -14, 0, 0, 0, 0, 0,
    -10, 0, 0, 0, 0, 0, 0, 0,
    0, 0, 0, 0, 0, 0, -3, 0,
    0, 0, 0, 0, 0, 0, 0, 0,
    0, 0, 0, 0, -14, 0, 0, 0,
    0, 0, 0, 0, 0, 0, 0, 0,
    0, 0, 0, 0, 0, 0, 0, 0,
    0, 0, 0, 0, 0, 0, 0, 0,
    0, 0, 0, 0, 0, 0, 0, 0,
    0, 0, 0, 0, 0, -10, -11, 0,
    0, 0, 0, 0, 0, 0, 0, 0,
    -5, 0, 0, 0, 0, 0, 0, 0,
    0, 0, 0, 0, 0, 0, 0, 0,
    0, 0, 0, 0, 0, 0, 0, 0,
    -10, 0, 0, 0, 0, 0, 0, -4,
    0, 0, 0, 0, -15, 0, 0, 0,
    0, -6, 0, 0, 0, 0, 0, 0,
    0, 0, 0, 0, 0, 0, 0, 0,
    0, 0, 0, 0, 0, 0, 0, 0,
    0, 0, 0, 0, 0, 0, 0, 0,
    0, 2, 0, -1, 0, 0, 0, 0,
    0, 0, 0, 0, 0, 0, 0, 0,
    0, 0, 0, 2, 0, 0, 0, 0,
    0, 0, 0, 0, 0, 0, 0, 0,
    0, 0, 0, 0, 0, 0, 0, 0,
    0, 0, 0, 0, 0, 0, 0, 0,
    0, 0, 0, 0, 0, 0, 0, 0,
    0, 0, -5, 0, 0, 0, 0, 0,
    0, 0, 0, 0, 0, 0, 0, 0,
    -5, 0, 0, 0, -22, -22, 0, 0,
    0, 0, 0, -7, 0, 0, 0, 0,
    0, 0, 0, 0, -2, 0, -11, 0,
    0, 0, 0, 0, 0, 0, 0, 0,
    0, 0, 0, 0, 0, 0, 0, -22,
    0, 0, 0, 0, 0, 0, 0, 0,
    0, 0, 0, 0, 0, 0, 0, 0,
    -4, -1, 0, 0, -4, 0, 0, 0,
    0, 0, 0, 0, -7, 0, 0, 0,
    0, 0, 0, 0, 0, -2, 0, 0,
    -6, 0, 0, 0, 0, 0, 0, 0,
    0, -3, -1, -15, 0, 0, 0, 0,
    0, 0, 0, 0, 0, -4, -14, 0,
    -4, 0, -1, -3, -4, -2, 0, 0,
    0, -14, -7, 0, 0, 0, 0, 0,
    0, 0, 0, 0, -8, 0, 0, 0,
    -13, 0, -22, -22, 0, 0, 0, 0,
    0, 0, 0, 0, 0, 0, 0, 0,
    0, -6, -6, 0, 0, 0, 0, 0,
    0, 0, 0, 0, 0, 0, 0, 0,
    0, 0, 1, 0, 0, 0, 0, 0,
    0, 0, 0, 0, 0, 0, 0, 0,
    0, 0, 0, 0, -6, 0, 0, 0,
    0, 0, 0, 0, 0, 0, 0, 0,
    -4, -4, 0, 0, 0, 0, 0, 0,
    0, -3, 0, 0, 0, 0, 0, 0,
    0, -3, -7, 0, 0, 0, 0, 0,
    0, 0, 0, 0, 0, -7, 0, -8,
    0, 0, 0, -4, 3, 0, 0, 0,
    0, 0, 0, 0, 2, 0, 0, 0,
    0, 0, 0, 0, 0, 0, 0, 0,
    0, 0, 0, 0, 0, 0, 0, 0,
    0, 2, 0, 0, 0, 0, 0, 0,
    0, 0, 0, 0, 0, 0, 0, 0,
    0, 0, 0, 2, 0, 0, 0, 0,
    0, 0, 0, 0, 0, 0, 0, 0,
    0, 0, 0, 0, 0, -2, 0, 0,
    0, 0, 0, 0, 0, 0, 0, 0,
    0, 0, 0, 0, 0, 0, 0, 0,
    0, 0, 0, 0, 0, 0, 0, 0,
    0, 0, 0, 0, 0, 0, 0, 0,
    0, 0, 0, -1, 0, -3, -3, 0,
    0, 0, 0, 0, 0, 0, 0, 0,
    0, 0, 0, 0, 0, 0, 0, 0,
    0, 0, 0, -5, 0, 0, 0, 0,
    0, 0, 0, 0, -8, 0, 0, 0,
    -3, 0, 0, 0, 0, 0, 0, 0,
    0, 0, -5, 0, -5, -5, 0, 0,
    -5, 0, 0, 0, 0, 0, 0, 0,
    0, 0, 0, 0, 0, 0, 0, 0,
    0, 0, 0, 0, -1, 0, -7, 0,
    0, 0, 0, 0, 0, 0, 0, -5,
    0, 0, 0, 0, 0, 0, 0, 0,
    0, -1, 0, -4, -4, 0, 0, 0,
    0, 0, 0, 0, 0, 0, 0, 0,
    0, 0, 0, 0, 0, 0, 0, 0,
    0, 0, 0, -1, 0, 0, 0, 0,
    0, 0, 0, 0, 0, 0, -4, 0,
    0, 0, 0, 0, 0, 0, 0, 0,
    0, 0, -5, -5, 0, 0, 0, 0,
    0, 0, 0, 0, 0, 0, 0, 0,
    0, 0, 0, 0, -7, 0, 0, 0,
    0, 0, 0, 0, 0, 0, 0, 0,
    0, -7, 0, 0, 0, -5, 0, 0,
    0, 0, 0, -9, 0, -7, 0, 0,
    0, -20, -20, 0, -2, 0, 0, -3,
    -9, -2, 3, -2, -2, -5, -15, 0,
    0, 0, 0, -25, 0, 0, -8, -10,
    0, 0, 0, 0, 0, 0, 0, 0,
    -23, 0, 0, 0, -20, 0, -8, 0,
    0, 0, 0, 0, 0, 0, 0, 0,
    0, 0, 0, 0, 0, 0, 0, 0,
    0, 0, 0, 0, 0, 0, 0, 0,
    0, -10, 0, 0, 0, 0, 0, 0,
    0, 0, 0, 0, 0, -7, 0, 0,
    0, 0, 0, 0, 0, 0, 0, 0,
    0, 0, 0, 0, 0, 0, 0, 0,
    0, 0, 0, 0, 0, 0, 0, 0,
    0, 0, 0, 0, 0, 0, 0, 0,
    -11, 0, 0, 0, 0, 0, 0, 0,
    0, 0, 0, 0, -9, 0, 0, 0,
    0, 0, 0, 0, 0, 0, 0, 0,
    0, 0, 0, 0, 0, 0, 0, 0,
    0, 0, 0, 0, 0, 0, 0, -12,
    0, 0, 0, 0, 0, 0, 0, -12,
    0, 0, 0, 0, 0, 0, 0, 0,
    0, 0, 0, -15, 0, 0, 0, 0,
    0, 0, 0, 0, 0, 0, 0, 0,
    0, 0, 0, 0, 0, -7, -7, -6,
    0, 0, 0, 0, 0, 0, 0, 0,
    0, 0, 0, 0, 0, 0, -6, -6,
    0, 0, 0, 0, 0, -1, 0, 0,
    0, 0, -5, 0, -6, 0, 0, 0,
    -7, 0, 0, 0, 0, -13, 0, -2,
    0, 0, -14, -5, 0, 0, 2, 0,
    -7, 0, 0, 0, 0, 0, 0, 0,
    0, -4, -8, -10, -6, -8, 0, 0,
    -5, -2, -5, -5, -11, 0, -8, -5,
    0, -7, -9, 0, 0, 0, -12, 0,
    -4, 0, 0, 0, 0, 0, 0, 0,
    0, -11, 0, 0, 0, 0, -7, -17,
    0, -7, -9, -7, 0, -7, -7, 0,
    0, 0, 0, -6, -13, 0, 5, 0,
    0, 0, 0, 0, 0, -7, 0, 0,
    -6, 0, 0, 0, 0, 0, 0, 0,
    5, 0, 0, 0, 0, 0, 0, 0,
    0, 0, 0, 0, 0, 0, 0, 0,
    0, 0, 0, 0, 0, 0, 0, 0,
    0, 0, 0, -5, 0, 0, 0, 0,
    0, 0, 0, 0, 0, 0, 0, -5,
    0, 0, 0, 0, 0, 0, 0, 0,
    0, 0, -3, 0, 0, 0, -2, 0,
    0, 0, 0, 0, 0, -5, 0, 0,
    0, 0, 0, 0, 0, 0, 0, 0,
    0, 0, -9, 0, 0, 0, 0, 0,
    0, -2, 0, 0, 0, 0, -10, -4,
    0, 0, 0, -5, 0, 0, 0, 0,
    0, 0, 0, 0, -5, 0, 0, 0,
    0, 0, 0, 0, 0, 0, 0, -8,
    0, 0, 0, 0, 0, 0, 0, 0,
    -1, 0, 0, 0, 0, -5, 0, 0,
    0, 0, 0, 0, 0, 0, 0, 0,
    0, 0, 0, 0, 0, 0, 0, 0,
    0, 0, 0, 0, 0, 0, -6, 0,
    0, -5, 0, 0, 0, 0, 0, 0,
    0, 0, 0, 0, -6, 0, 0, 0,
    0, -5, 0, -6, 0, 0, -5, 0,
    0, 0, 0, 0, -8, 2, 0, 0,
    0, 0, 0, 0, 0, 0, 0, 0,
    0, 0, 0, 0, 0, 0, 0, 0,
    0, 0, 0, -4, -1, 0, 0, -4,
    0, 0, 0, 0, 0, 0, 0, -6,
    0, 0, 0, 0, 0, 0, 0, 0,
    -2, 0, 0, -6, 0, 0, 0, 0,
    0, 0, 0, 0, 0, 0, 0, 0,
    0, 0, 0, 0, 0, 0, 0, 0,
    0, -6, -8, -7, 0, 0, -8, -5,
    0, 0, 0, 0, 0, 0, -10, 0,
    0, 0, 0, 0, 0, 0, 0, 0,
    0, 0, -14, 0, 0, 0, 0, 0,
    0, 0, 0, 0, 0, 0, 0, 0,
    0, 0, 0, 0, 0, 0, 0, 0,
    0, 0, 0, 0, 0, 0, 0, 0,
    0, 0, 0, 0, 0, -17, 0, 0,
    0, 0, 0, 0, 0, 0, 0, 0,
    0, -10, -5, 0, 0, 0, 0, 0,
    0, 0, 0, 0, 0, 0, 0, 0,
    0, 0, 0, 0, 0, 0, 0, 0,
    0, 0, 0, 0, 0, 0, 0, 0,
    0, 0, 0, 0, -6, 0, 0, 0,
    0, 0, 0, 0, 0, 0, 0, 0,
    0, 0, 0, 0, 0, 0, 0, 0,
    0, 0, 0, 0, 0, 0, -10, 0,
    0, 0, -16, -16, -15, 0, 0, 0,
    0, -10, 0, 0, 0, 0, 0, 0,
    0, 0, 0, 0, 0, 0, 0, -6,
    0, 0, 0, 0, 0, 0, -10, 0,
    0, -14, 0, 0, 0, -16, 0, 0,
    0, 0, 0, -20, 0, -11, 0, 0,
    -9, -19, -19, -23, -7, 0, 0, 0,
    -15, 0, -10, -6, 0, -9, -15, -9,
    0, -9, 0, -6, 0, -7, -10, -14,
    -9, 0, -7, -2, 0, -11, 0, 0,
    0, 0, 0, 0, -19, 1, -4, 0,
    0, 0, 0, 0, 0, 0, 0, 0,
    0, 0, 0, 0, -11, 0, 0, 0,
    0, 0, 0, 0, 0, 0, 0, 0,
    0, -15, 0, 0, 0, 0, 0, 0,
    0, 0, 0, 0, 0, -20, -15, 0,
    0, 0, 0, 0, 0, 0, 0, 0,
    0, 0, 0, -6, 0, 0, 0, 0,
    0, 0, 0, 0, 0, 0, 0, 0,
    0, 0, 0, 0, 0, 0, 0, 0,
    0, 0, 0, 0, -5, 0, 0, 0,
    0, 0, 0, 0, 0, 0, 0, 0,
    0, 0, 0, 0, 0, -3, -1, -15,
    0, 0, 0, 0, 0, 0, 0, 0,
    0, -4, -14, 0, -4, 0, -1, -3,
    -4, -2, 0, 0, 0, -14, -7, 0,
    0, 0, 0, 0, 0, 0, 0, 0,
    -8, 0, 0, 0, -13, 0, -22, -29,
    0, 0, 0, 0, 0, 0, 0, 0,
    0, -5, 0, 0, -5, -6, -5, 0,
    0, 0, 0, 0, 0, 0, 0, 0,
    0, 0, 0, 0, 0, 0, 0, 0,
    0, -5, -1, 0, -5, 0, 0, 0,
    0, 0, 0, 0, -23, 0, 0, 0,
    -15, 0, 0, 0, 0, -2, 0, 0,
    0, 0, 0, 0, 0, 0, 0, 0,
    -6, 0, 0, 0, 0, 0, 0, 0,
    0, 0, 0, 0, 0, -8, 0, 0,
    0, 0, 0, 0, -1, 0, 0, 0,
    0, -7, -4, 0, 0, 0, 0, 0,
    0, 0
};

/*Collect the kern class' data in one place*/
static const lv_font_fmt_txt_kern_classes_t kern_classes =
{
    .class_pair_values   = kern_class_values,
    .left_class_mapping  = kern_left_class_mapping,
    .right_class_mapping = kern_right_class_mapping,
    .left_class_cnt      = 38,
    .right_class_cnt     = 47,
};

/*--------------------
 *  ALL CUSTOM DATA
 *--------------------*/

#if LVGL_VERSION_MAJOR == 8
/*Store all the custom data of the font*/
static  lv_font_fmt_txt_glyph_cache_t cache;
#endif

#if LVGL_VERSION_MAJOR >= 8
static const lv_font_fmt_txt_dsc_t font_dsc = {
#else
static lv_font_fmt_txt_dsc_t font_dsc = {
#endif
    .glyph_bitmap = glyph_bitmap,
    .glyph_dsc = glyph_dsc,
    .cmaps = cmaps,
    .kern_dsc = &kern_classes,
    .kern_scale = 16,
    .cmap_num = 8,
    .bpp = 4,
    .kern_classes = 1,
    .bitmap_format = 0,
#if LVGL_VERSION_MAJOR == 8
    .cache = &cache
#endif

};



/*-----------------
 *  PUBLIC FONT
 *----------------*/

/*Initialize a public general font descriptor*/
#if LVGL_VERSION_MAJOR >= 8
const lv_font_t font_inter_semi_bold_10_data = {
#else
lv_font_t font_inter_semi_bold_10_data = {
#endif
    .get_glyph_dsc = lv_font_get_glyph_dsc_fmt_txt,    /*Function pointer to get glyph's data*/
    .get_glyph_bitmap = lv_font_get_bitmap_fmt_txt,    /*Function pointer to get glyph's bitmap*/
    .line_height = 15,          /*The maximum line height required by the font*/
    .base_line = 4,             /*Baseline measured from the bottom of the line*/
#if LV_VERSION_CHECK(9, 6, 0) || LVGL_VERSION_MAJOR >= 10
    .cap_height = 7,           /*Cap height of the font*/
    .x_height = 5,               /*x-height of the font*/
#endif
#if !(LVGL_VERSION_MAJOR == 6 && LVGL_VERSION_MINOR == 0)
    .subpx = LV_FONT_SUBPX_NONE,
#endif
#if LV_VERSION_CHECK(7, 4, 0) || LVGL_VERSION_MAJOR >= 8
    .underline_position = -2,
    .underline_thickness = 1,
#endif

#if LV_VERSION_CHECK(9, 3, 0)
    .static_bitmap = 1,    /*Bitmaps are stored as const so they are always static if not compressed */
#endif

    .dsc = &font_dsc,          /*The custom font data. Will be accessed by `get_glyph_bitmap/dsc` */
#if LV_VERSION_CHECK(8, 2, 0) || LVGL_VERSION_MAJOR >= 9
    .fallback = NULL,
#endif
    .user_data = NULL,
};



#endif /*#if FONT_INTER_SEMI_BOLD_10_DATA*/
