/*******************************************************************************
 * Size: 31 px
 * Bpp: 4
 * Opts: --font /fonts/Gabarito-SemiBold.ttf -o /fonts/font_gabarito_semibold_30_719999313354492_data.c --size 31 --bpp 4 --format lvgl --no-compress --symbols ·ÁÃÄÇÈÉÍÓÖÚÜßàáâãäçèéêíîñóõöúûüŐő–• --range 0x20-0x7F, 0xA0-0xFF, 0x2000-0x206F, 0x20A0-0x20CF
 ******************************************************************************/

#ifdef __has_include
    #if __has_include("lvgl.h")
        #ifndef LV_LVGL_H_INCLUDE_SIMPLE
            #define LV_LVGL_H_INCLUDE_SIMPLE
        #endif
    #endif
#endif

#ifdef LV_LVGL_H_INCLUDE_SIMPLE
    #include "lvgl.h"
#else
    #include "lvgl/lvgl.h"
#endif



#ifndef FONT_GABARITO_SEMIBOLD_30_719999313354492_DATA
#define FONT_GABARITO_SEMIBOLD_30_719999313354492_DATA 1
#endif

#if FONT_GABARITO_SEMIBOLD_30_719999313354492_DATA

/*-----------------
 *    BITMAPS
 *----------------*/

/*Store the image of the glyphs*/
static LV_ATTRIBUTE_LARGE_CONST const uint8_t glyph_bitmap[] = {
    /* U+0020 " " */

    /* U+0021 "!" */
    0x0e, 0xff, 0xfc, 0x00, 0xef, 0xff, 0xc0, 0x0d,
    0xff, 0xfb, 0x00, 0xdf, 0xff, 0xb0, 0x0c, 0xff,
    0xfa, 0x00, 0xcf, 0xff, 0xa0, 0x0b, 0xff, 0xfa,
    0x00, 0xbf, 0xff, 0x90, 0x0a, 0xff, 0xf9, 0x00,
    0xaf, 0xff, 0x80, 0x09, 0xff, 0xf8, 0x00, 0x8f,
    0xff, 0x70, 0x07, 0xff, 0xf5, 0x00, 0x6f, 0xff,
    0x40, 0x05, 0xff, 0xf3, 0x00, 0x2b, 0xbb, 0x10,
    0x00, 0x00, 0x00, 0x00, 0x06, 0x95, 0x00, 0x0a,
    0xff, 0xf9, 0x02, 0xff, 0xff, 0xf1, 0x3f, 0xff,
    0xff, 0x20, 0xef, 0xff, 0xd0, 0x03, 0xcf, 0xb2,
    0x00,

    /* U+0022 "\"" */
    0x3f, 0xff, 0xd0, 0xbf, 0xff, 0x43, 0xff, 0xfd,
    0x0b, 0xff, 0xf4, 0x3f, 0xff, 0xd0, 0xbf, 0xff,
    0x43, 0xff, 0xfd, 0x0b, 0xff, 0xf4, 0x2f, 0xff,
    0xd0, 0xbf, 0xff, 0x40, 0xff, 0xfd, 0x08, 0xff,
    0xf4, 0x0c, 0xff, 0xd0, 0x5f, 0xff, 0x40, 0x9f,
    0xfd, 0x02, 0xff, 0xf4, 0x06, 0xff, 0xd0, 0x0f,
    0xff, 0x40, 0x2b, 0xb9, 0x00, 0x9b, 0xb3,

    /* U+0023 "#" */
    0x00, 0x00, 0x01, 0xff, 0xf6, 0x00, 0x1f, 0xff,
    0x50, 0x00, 0x00, 0x00, 0x3f, 0xff, 0x30, 0x04,
    0xff, 0xf2, 0x00, 0x00, 0x00, 0x06, 0xff, 0xf0,
    0x00, 0x7f, 0xff, 0x00, 0x00, 0x00, 0x00, 0x9f,
    0xfd, 0x00, 0x0a, 0xff, 0xc0, 0x00, 0x00, 0x00,
    0x0c, 0xff, 0xa0, 0x00, 0xdf, 0xf9, 0x00, 0x00,
    0x6f, 0xff, 0xff, 0xff, 0xff, 0xff, 0xff, 0xff,
    0xfe, 0x06, 0xff, 0xff, 0xff, 0xff, 0xff, 0xff,
    0xff, 0xff, 0xe0, 0x6f, 0xff, 0xff, 0xff, 0xff,
    0xff, 0xff, 0xff, 0xfe, 0x01, 0x33, 0xbf, 0xff,
    0x33, 0x3c, 0xff, 0xf3, 0x33, 0x30, 0x00, 0x0a,
    0xff, 0xc0, 0x00, 0xbf, 0xfb, 0x00, 0x00, 0x00,
    0x00, 0xdf, 0xf9, 0x00, 0x0e, 0xff, 0x80, 0x00,
    0x00, 0x00, 0x0f, 0xff, 0x60, 0x01, 0xff, 0xf5,
    0x00, 0x00, 0x00, 0x03, 0xff, 0xf3, 0x00, 0x4f,
    0xff, 0x20, 0x00, 0x0e, 0xff, 0xff, 0xff, 0xff,
    0xff, 0xff, 0xff, 0xff, 0x60, 0xef, 0xff, 0xff,
    0xff, 0xff, 0xff, 0xff, 0xff, 0xf6, 0x0e, 0xff,
    0xff, 0xff, 0xff, 0xff, 0xff, 0xff, 0xff, 0x60,
    0x33, 0x3f, 0xff, 0xb3, 0x34, 0xff, 0xfa, 0x33,
    0x31, 0x00, 0x02, 0xff, 0xf5, 0x00, 0x2f, 0xff,
    0x40, 0x00, 0x00, 0x00, 0x4f, 0xff, 0x20, 0x05,
    0xff, 0xf1, 0x00, 0x00, 0x00, 0x07, 0xff, 0xf0,
    0x00, 0x8f, 0xfe, 0x00, 0x00, 0x00, 0x00, 0xaf,
    0xfc, 0x00, 0x0b, 0xff, 0xb0, 0x00, 0x00, 0x00,
    0x0d, 0xff, 0x90, 0x00, 0xef, 0xf8, 0x00, 0x00,
    0x00,

    /* U+0024 "$" */
    0x00, 0x00, 0x02, 0x88, 0x81, 0x00, 0x00, 0x00,
    0x00, 0x00, 0x4f, 0xff, 0x30, 0x00, 0x00, 0x00,
    0x00, 0x04, 0xff, 0xf3, 0x00, 0x00, 0x00, 0x00,
    0x00, 0x4f, 0xff, 0x30, 0x00, 0x00, 0x00, 0x01,
    0x8f, 0xff, 0xff, 0xa4, 0x00, 0x00, 0x05, 0xff,
    0xff, 0xff, 0xff, 0xf9, 0x00, 0x03, 0xff, 0xff,
    0xff, 0xff, 0xff, 0xfb, 0x00, 0xcf, 0xff, 0xfe,
    0xdf, 0xff, 0xff, 0xf5, 0x2f, 0xff, 0xf6, 0x00,
    0x04, 0xdf, 0xf5, 0x04, 0xff, 0xfb, 0x00, 0x00,
    0x01, 0x91, 0x00, 0x4f, 0xff, 0xd0, 0x00, 0x00,
    0x00, 0x00, 0x02, 0xff, 0xff, 0xa1, 0x00, 0x00,
    0x00, 0x00, 0x0c, 0xff, 0xff, 0xfc, 0x72, 0x00,
    0x00, 0x00, 0x3f, 0xff, 0xff, 0xff, 0xfd, 0x60,
    0x00, 0x00, 0x3d, 0xff, 0xff, 0xff, 0xff, 0xd2,
    0x00, 0x00, 0x05, 0xae, 0xff, 0xff, 0xff, 0xd0,
    0x00, 0x00, 0x00, 0x03, 0x8f, 0xff, 0xff, 0x70,
    0x00, 0x00, 0x00, 0x00, 0x1d, 0xff, 0xfc, 0x00,
    0x24, 0x00, 0x00, 0x00, 0x6f, 0xff, 0xd0, 0x8f,
    0xf3, 0x00, 0x00, 0x07, 0xff, 0xfc, 0xbf, 0xff,
    0xf6, 0x10, 0x04, 0xff, 0xff, 0x85, 0xff, 0xff,
    0xff, 0xef, 0xff, 0xff, 0xf2, 0x09, 0xff, 0xff,
    0xff, 0xff, 0xff, 0xf6, 0x00, 0x08, 0xff, 0xff,
    0xff, 0xff, 0xf6, 0x00, 0x00, 0x02, 0x8f, 0xff,
    0xff, 0x71, 0x00, 0x00, 0x00, 0x00, 0x4f, 0xff,
    0x30, 0x00, 0x00, 0x00, 0x00, 0x04, 0xff, 0xf3,
    0x00, 0x00, 0x00, 0x00, 0x00, 0x4f, 0xff, 0x30,
    0x00, 0x00, 0x00, 0x00, 0x02, 0x88, 0x81, 0x00,
    0x00, 0x00,

    /* U+0025 "%" */
    0x00, 0x07, 0xdf, 0xea, 0x20, 0x00, 0x00, 0x00,
    0x00, 0x66, 0x00, 0x00, 0x0c, 0xff, 0xff, 0xff,
    0x40, 0x00, 0x00, 0x00, 0x4f, 0xf9, 0x00, 0x09,
    0xff, 0xff, 0xff, 0xfe, 0x10, 0x00, 0x00, 0x2f,
    0xff, 0xe1, 0x01, 0xff, 0xfb, 0x36, 0xff, 0xf7,
    0x00, 0x00, 0x1e, 0xff, 0xf2, 0x00, 0x4f, 0xff,
    0x00, 0x09, 0xff, 0xb0, 0x00, 0x0c, 0xff, 0xf4,
    0x00, 0x04, 0xff, 0xf0, 0x00, 0x8f, 0xfb, 0x00,
    0x0a, 0xff, 0xf7, 0x00, 0x00, 0x2f, 0xff, 0x80,
    0x3e, 0xff, 0x90, 0x07, 0xff, 0xf9, 0x00, 0x00,
    0x00, 0xbf, 0xff, 0xff, 0xff, 0xf2, 0x05, 0xff,
    0xfc, 0x00, 0x00, 0x00, 0x01, 0xef, 0xff, 0xff,
    0xf7, 0x03, 0xff, 0xfd, 0x10, 0x00, 0x00, 0x00,
    0x01, 0xaf, 0xff, 0xd5, 0x01, 0xef, 0xfe, 0x20,
    0x00, 0x00, 0x00, 0x00, 0x00, 0x13, 0x20, 0x00,
    0xdf, 0xff, 0x40, 0x00, 0x00, 0x00, 0x00, 0x00,
    0x00, 0x00, 0x00, 0xbf, 0xff, 0x60, 0x00, 0x21,
    0x00, 0x00, 0x00, 0x00, 0x00, 0x00, 0x8f, 0xff,
    0x90, 0x19, 0xff, 0xfe, 0x60, 0x00, 0x00, 0x00,
    0x00, 0x6f, 0xff, 0xb0, 0x1d, 0xff, 0xff, 0xff,
    0x90, 0x00, 0x00, 0x00, 0x3f, 0xff, 0xd0, 0x0a,
    0xff, 0xff, 0xff, 0xff, 0x40, 0x00, 0x00, 0x2e,
    0xff, 0xe2, 0x01, 0xff, 0xf9, 0x12, 0xdf, 0xfa,
    0x00, 0x00, 0x1d, 0xff, 0xf3, 0x00, 0x3f, 0xff,
    0x10, 0x06, 0xff, 0xd0, 0x00, 0x0b, 0xff, 0xf5,
    0x00, 0x03, 0xff, 0xf1, 0x00, 0x7f, 0xfd, 0x00,
    0x09, 0xff, 0xf8, 0x00, 0x00, 0x0f, 0xff, 0xc4,
    0x6e, 0xff, 0x90, 0x07, 0xff, 0xfa, 0x00, 0x00,
    0x00, 0x8f, 0xff, 0xff, 0xff, 0xf2, 0x00, 0x6f,
    0xfc, 0x00, 0x00, 0x00, 0x00, 0xaf, 0xff, 0xff,
    0xf5, 0x00, 0x00, 0x3c, 0x10, 0x00, 0x00, 0x00,
    0x00, 0x6c, 0xfe, 0xa3, 0x00, 0x00, 0x00, 0x00,
    0x00, 0x00, 0x00, 0x00, 0x00, 0x00, 0x00, 0x00,
    0x00,

    /* U+0026 "&" */
    0x00, 0x00, 0x00, 0x00, 0x00, 0x00, 0x00, 0x00,
    0x00, 0x00, 0x00, 0x02, 0xae, 0xff, 0xeb, 0x40,
    0x00, 0x00, 0x00, 0x00, 0x06, 0xff, 0xff, 0xff,
    0xff, 0xa0, 0x00, 0x00, 0x00, 0x04, 0xff, 0xff,
    0xff, 0xff, 0xff, 0xa0, 0x00, 0x00, 0x00, 0xdf,
    0xff, 0xff, 0xff, 0xff, 0xf4, 0x00, 0x00, 0x00,
    0x3f, 0xff, 0xf9, 0x10, 0x4c, 0xe3, 0x00, 0x00,
    0x00, 0x05, 0xff, 0xfd, 0x00, 0x00, 0x02, 0x00,
    0x00, 0x00, 0x00, 0x6f, 0xff, 0xb0, 0x00, 0x00,
    0x00, 0x00, 0x00, 0x00, 0x03, 0xff, 0xfe, 0x10,
    0x00, 0x00, 0x00, 0x00, 0x00, 0x00, 0x0d, 0xff,
    0xfc, 0x41, 0x00, 0x00, 0x00, 0x00, 0x00, 0x00,
    0x4f, 0xff, 0xff, 0xff, 0xff, 0xff, 0xff, 0xff,
    0x60, 0x00, 0x6f, 0xff, 0xff, 0xff, 0xff, 0xff,
    0xff, 0xf6, 0x00, 0x4e, 0xff, 0xff, 0xff, 0xff,
    0xff, 0xff, 0xff, 0x60, 0x3f, 0xff, 0xff, 0xdc,
    0xcc, 0xff, 0xff, 0xfc, 0xc4, 0x0d, 0xff, 0xfb,
    0x10, 0x00, 0x07, 0xff, 0xf9, 0x00, 0x03, 0xff,
    0xfe, 0x00, 0x00, 0x00, 0x7f, 0xff, 0x90, 0x00,
    0x6f, 0xff, 0xb0, 0x00, 0x00, 0x08, 0xff, 0xf8,
    0x00, 0x06, 0xff, 0xfc, 0x00, 0x00, 0x00, 0xcf,
    0xff, 0x60, 0x00, 0x4f, 0xff, 0xf3, 0x00, 0x00,
    0x3f, 0xff, 0xf3, 0x00, 0x00, 0xff, 0xff, 0xe7,
    0x32, 0x6e, 0xff, 0xfe, 0x00, 0x00, 0x09, 0xff,
    0xff, 0xff, 0xff, 0xff, 0xff, 0x70, 0x00, 0x00,
    0x0d, 0xff, 0xff, 0xff, 0xff, 0xff, 0xc0, 0x00,
    0x00, 0x00, 0x1b, 0xff, 0xff, 0xff, 0xff, 0xa0,
    0x00, 0x00, 0x00, 0x00, 0x04, 0x9d, 0xef, 0xda,
    0x40, 0x00, 0x00, 0x00,

    /* U+0027 "'" */
    0x3f, 0xff, 0xd3, 0xff, 0xfd, 0x3f, 0xff, 0xd3,
    0xff, 0xfd, 0x2f, 0xff, 0xd0, 0xff, 0xfd, 0x0c,
    0xff, 0xd0, 0x9f, 0xfd, 0x06, 0xff, 0xd0, 0x2b,
    0xb9,

    /* U+0028 "(" */
    0x00, 0x00, 0x00, 0x31, 0x00, 0x00, 0x00, 0x02,
    0xee, 0x20, 0x00, 0x00, 0x1e, 0xff, 0xe2, 0x00,
    0x00, 0xbf, 0xff, 0xf4, 0x00, 0x06, 0xff, 0xff,
    0x50, 0x00, 0x0e, 0xff, 0xfa, 0x00, 0x00, 0x8f,
    0xff, 0xe1, 0x00, 0x00, 0xef, 0xff, 0x60, 0x00,
    0x04, 0xff, 0xfe, 0x00, 0x00, 0x0a, 0xff, 0xf8,
    0x00, 0x00, 0x0d, 0xff, 0xf3, 0x00, 0x00, 0x1f,
    0xff, 0xf0, 0x00, 0x00, 0x3f, 0xff, 0xc0, 0x00,
    0x00, 0x4f, 0xff, 0xa0, 0x00, 0x00, 0x5f, 0xff,
    0x90, 0x00, 0x00, 0x6f, 0xff, 0x80, 0x00, 0x00,
    0x5f, 0xff, 0x90, 0x00, 0x00, 0x4f, 0xff, 0xa0,
    0x00, 0x00, 0x3f, 0xff, 0xc0, 0x00, 0x00, 0x1f,
    0xff, 0xf0, 0x00, 0x00, 0x0d, 0xff, 0xf3, 0x00,
    0x00, 0x0a, 0xff, 0xf8, 0x00, 0x00, 0x04, 0xff,
    0xfe, 0x00, 0x00, 0x00, 0xef, 0xff, 0x60, 0x00,
    0x00, 0x8f, 0xff, 0xe0, 0x00, 0x00, 0x0e, 0xff,
    0xf9, 0x00, 0x00, 0x06, 0xff, 0xff, 0x50, 0x00,
    0x00, 0xbf, 0xff, 0xf3, 0x00, 0x00, 0x1e, 0xff,
    0xe3, 0x00, 0x00, 0x03, 0xfe, 0x20, 0x00, 0x00,
    0x00, 0x32, 0x00,

    /* U+0029 ")" */
    0x00, 0x22, 0x00, 0x00, 0x00, 0x03, 0xed, 0x10,
    0x00, 0x00, 0x3f, 0xff, 0xd0, 0x00, 0x00, 0x5f,
    0xff, 0xf9, 0x00, 0x00, 0x07, 0xff, 0xff, 0x40,
    0x00, 0x00, 0xbf, 0xff, 0xd0, 0x00, 0x00, 0x2f,
    0xff, 0xf6, 0x00, 0x00, 0x08, 0xff, 0xfc, 0x00,
    0x00, 0x01, 0xff, 0xff, 0x20, 0x00, 0x00, 0xaf,
    0xff, 0x70, 0x00, 0x00, 0x5f, 0xff, 0xb0, 0x00,
    0x00, 0x1f, 0xff, 0xe0, 0x00, 0x00, 0x0e, 0xff,
    0xf1, 0x00, 0x00, 0x0c, 0xff, 0xf2, 0x00, 0x00,
    0x0b, 0xff, 0xf3, 0x00, 0x00, 0x0a, 0xff, 0xf4,
    0x00, 0x00, 0x0b, 0xff, 0xf3, 0x00, 0x00, 0x0c,
    0xff, 0xf2, 0x00, 0x00, 0x0e, 0xff, 0xf1, 0x00,
    0x00, 0x1f, 0xff, 0xe0, 0x00, 0x00, 0x5f, 0xff,
    0xb0, 0x00, 0x00, 0xaf, 0xff, 0x80, 0x00, 0x01,
    0xff, 0xff, 0x20, 0x00, 0x08, 0xff, 0xfd, 0x00,
    0x00, 0x1f, 0xff, 0xf6, 0x00, 0x00, 0xbf, 0xff,
    0xd0, 0x00, 0x07, 0xff, 0xff, 0x50, 0x00, 0x4f,
    0xff, 0xfa, 0x00, 0x00, 0x4f, 0xff, 0xd0, 0x00,
    0x00, 0x03, 0xfe, 0x10, 0x00, 0x00, 0x00, 0x32,
    0x00, 0x00, 0x00,

    /* U+002A "*" */
    0x00, 0x00, 0x00, 0x00, 0x00, 0x00, 0x00, 0x00,
    0x4c, 0x80, 0x0a, 0xb2, 0x00, 0x00, 0x4f, 0xff,
    0x12, 0xff, 0xf2, 0x00, 0x00, 0xaf, 0xf7, 0x9f,
    0xf8, 0x00, 0x00, 0x00, 0xdf, 0xef, 0xfc, 0x00,
    0x00, 0xca, 0x8a, 0xff, 0xff, 0x99, 0xa9, 0x0f,
    0xff, 0xff, 0xff, 0xff, 0xff, 0xc0, 0xff, 0xfe,
    0xff, 0xff, 0xef, 0xfc, 0x03, 0x10, 0x8f, 0xff,
    0xf6, 0x02, 0x30, 0x00, 0x4f, 0xfc, 0xdf, 0xf2,
    0x00, 0x00, 0x1e, 0xff, 0x45, 0xff, 0xd0, 0x00,
    0x02, 0xcf, 0xd0, 0x0e, 0xfa, 0x10, 0x00, 0x00,
    0x55, 0x00, 0x53, 0x00, 0x00,

    /* U+002B "+" */
    0x00, 0x00, 0x00, 0xaf, 0xff, 0x30, 0x00, 0x00,
    0x00, 0x00, 0x00, 0xaf, 0xff, 0x30, 0x00, 0x00,
    0x00, 0x00, 0x00, 0xaf, 0xff, 0x30, 0x00, 0x00,
    0x00, 0x00, 0x00, 0xaf, 0xff, 0x30, 0x00, 0x00,
    0x00, 0x00, 0x00, 0xaf, 0xff, 0x30, 0x00, 0x00,
    0x00, 0x00, 0x00, 0xaf, 0xff, 0x30, 0x00, 0x00,
    0x0f, 0xff, 0xff, 0xff, 0xff, 0xff, 0xff, 0xfd,
    0x1f, 0xff, 0xff, 0xff, 0xff, 0xff, 0xff, 0xfd,
    0x1f, 0xff, 0xff, 0xff, 0xff, 0xff, 0xff, 0xfd,
    0x1f, 0xff, 0xff, 0xff, 0xff, 0xff, 0xff, 0xfd,
    0x00, 0x00, 0x00, 0xaf, 0xff, 0x30, 0x00, 0x00,
    0x00, 0x00, 0x00, 0xaf, 0xff, 0x30, 0x00, 0x00,
    0x00, 0x00, 0x00, 0xaf, 0xff, 0x30, 0x00, 0x00,
    0x00, 0x00, 0x00, 0xaf, 0xff, 0x30, 0x00, 0x00,
    0x00, 0x00, 0x00, 0xaf, 0xff, 0x30, 0x00, 0x00,
    0x00, 0x00, 0x00, 0x58, 0x88, 0x10, 0x00, 0x00,

    /* U+002C "," */
    0x06, 0xdf, 0xb1, 0x05, 0xff, 0xff, 0xd0, 0x5f,
    0xff, 0xff, 0x40, 0x4f, 0xff, 0xf7, 0x00, 0xcf,
    0xff, 0x60, 0x0b, 0xff, 0xf2, 0x00, 0xef, 0xfc,
    0x00, 0x6f, 0xff, 0x40, 0x2e, 0xff, 0x90, 0x08,
    0xff, 0xa0, 0x00, 0x09, 0x80, 0x00, 0x00, 0x00,
    0x00, 0x00,

    /* U+002D "-" */
    0x0d, 0xdd, 0xdd, 0xdd, 0xdd, 0x61, 0xff, 0xff,
    0xff, 0xff, 0xf8, 0x1f, 0xff, 0xff, 0xff, 0xff,
    0x81, 0xff, 0xff, 0xff, 0xff, 0xf8,

    /* U+002E "." */
    0x05, 0xdf, 0xa1, 0x03, 0xff, 0xff, 0xc0, 0x9f,
    0xff, 0xff, 0x29, 0xff, 0xff, 0xf2, 0x3f, 0xff,
    0xfc, 0x00, 0x5d, 0xfb, 0x10,

    /* U+002F "/" */
    0x00, 0x00, 0x00, 0x00, 0x00, 0x00, 0x43, 0x00,
    0x00, 0x00, 0x00, 0x00, 0x00, 0x00, 0xdf, 0xb3,
    0x00, 0x00, 0x00, 0x00, 0x00, 0x04, 0xff, 0xfc,
    0x00, 0x00, 0x00, 0x00, 0x00, 0x0c, 0xff, 0xf4,
    0x00, 0x00, 0x00, 0x00, 0x00, 0x4f, 0xff, 0xd0,
    0x00, 0x00, 0x00, 0x00, 0x00, 0xbf, 0xff, 0x50,
    0x00, 0x00, 0x00, 0x00, 0x03, 0xff, 0xfd, 0x00,
    0x00, 0x00, 0x00, 0x00, 0x0a, 0xff, 0xf6, 0x00,
    0x00, 0x00, 0x00, 0x00, 0x2f, 0xff, 0xe0, 0x00,
    0x00, 0x00, 0x00, 0x00, 0x9f, 0xff, 0x70, 0x00,
    0x00, 0x00, 0x00, 0x01, 0xff, 0xfe, 0x00, 0x00,
    0x00, 0x00, 0x00, 0x08, 0xff, 0xf8, 0x00, 0x00,
    0x00, 0x00, 0x00, 0x1f, 0xff, 0xf1, 0x00, 0x00,
    0x00, 0x00, 0x00, 0x8f, 0xff, 0x90, 0x00, 0x00,
    0x00, 0x00, 0x00, 0xef, 0xff, 0x10, 0x00, 0x00,
    0x00, 0x00, 0x07, 0xff, 0xf9, 0x00, 0x00, 0x00,
    0x00, 0x00, 0x0e, 0xff, 0xf2, 0x00, 0x00, 0x00,
    0x00, 0x00, 0x6f, 0xff, 0xa0, 0x00, 0x00, 0x00,
    0x00, 0x00, 0xdf, 0xff, 0x30, 0x00, 0x00, 0x00,
    0x00, 0x05, 0xff, 0xfb, 0x00, 0x00, 0x00, 0x00,
    0x00, 0x0c, 0xff, 0xf4, 0x00, 0x00, 0x00, 0x00,
    0x00, 0x4f, 0xff, 0xc0, 0x00, 0x00, 0x00, 0x00,
    0x00, 0xcf, 0xff, 0x50, 0x00, 0x00, 0x00, 0x00,
    0x03, 0xff, 0xfd, 0x00, 0x00, 0x00, 0x00, 0x00,
    0x0b, 0xff, 0xf5, 0x00, 0x00, 0x00, 0x00, 0x00,
    0x0a, 0xff, 0xe0, 0x00, 0x00, 0x00, 0x00, 0x00,
    0x00, 0x29, 0x60, 0x00, 0x00, 0x00, 0x00, 0x00,

    /* U+0030 "0" */
    0x00, 0x00, 0x3a, 0xef, 0xeb, 0x50, 0x00, 0x00,
    0x00, 0x08, 0xff, 0xff, 0xff, 0xfb, 0x00, 0x00,
    0x00, 0x8f, 0xff, 0xff, 0xff, 0xff, 0xb0, 0x00,
    0x03, 0xff, 0xff, 0xff, 0xff, 0xff, 0xf6, 0x00,
    0x0c, 0xff, 0xff, 0x62, 0x5e, 0xff, 0xfe, 0x00,
    0x2f, 0xff, 0xf5, 0x00, 0x03, 0xff, 0xff, 0x50,
    0x6f, 0xff, 0xd0, 0x00, 0x00, 0xbf, 0xff, 0x90,
    0xaf, 0xff, 0x80, 0x00, 0x00, 0x6f, 0xff, 0xd0,
    0xcf, 0xff, 0x50, 0x00, 0x00, 0x3f, 0xff, 0xf0,
    0xdf, 0xff, 0x30, 0x00, 0x00, 0x0f, 0xff, 0xf0,
    0xef, 0xff, 0x20, 0x00, 0x00, 0x0f, 0xff, 0xf1,
    0xef, 0xff, 0x20, 0x00, 0x00, 0x0f, 0xff, 0xf1,
    0xdf, 0xff, 0x30, 0x00, 0x00, 0x0f, 0xff, 0xf0,
    0xcf, 0xff, 0x50, 0x00, 0x00, 0x2f, 0xff, 0xf0,
    0xaf, 0xff, 0x70, 0x00, 0x00, 0x5f, 0xff, 0xd0,
    0x6f, 0xff, 0xc0, 0x00, 0x00, 0xaf, 0xff, 0x90,
    0x2f, 0xff, 0xf4, 0x00, 0x02, 0xff, 0xff, 0x50,
    0x0c, 0xff, 0xfe, 0x62, 0x4d, 0xff, 0xfe, 0x00,
    0x04, 0xff, 0xff, 0xff, 0xff, 0xff, 0xf7, 0x00,
    0x00, 0x9f, 0xff, 0xff, 0xff, 0xff, 0xb0, 0x00,
    0x00, 0x09, 0xff, 0xff, 0xff, 0xfb, 0x00, 0x00,
    0x00, 0x00, 0x3a, 0xef, 0xeb, 0x50, 0x00, 0x00,

    /* U+0031 "1" */
    0x00, 0x00, 0x07, 0xff, 0xc0, 0x00, 0x03, 0xff,
    0xfc, 0x00, 0x28, 0xff, 0xff, 0xc1, 0xff, 0xff,
    0xff, 0xfc, 0x1f, 0xff, 0xff, 0xff, 0xc1, 0xff,
    0xff, 0xff, 0xfc, 0x1f, 0xd9, 0x7f, 0xff, 0xc0,
    0x00, 0x04, 0xff, 0xfc, 0x00, 0x00, 0x4f, 0xff,
    0xc0, 0x00, 0x04, 0xff, 0xfc, 0x00, 0x00, 0x4f,
    0xff, 0xc0, 0x00, 0x04, 0xff, 0xfc, 0x00, 0x00,
    0x4f, 0xff, 0xc0, 0x00, 0x04, 0xff, 0xfc, 0x00,
    0x00, 0x4f, 0xff, 0xc0, 0x00, 0x04, 0xff, 0xfc,
    0x00, 0x00, 0x4f, 0xff, 0xc0, 0x00, 0x04, 0xff,
    0xfc, 0x00, 0x00, 0x4f, 0xff, 0xc0, 0x00, 0x04,
    0xff, 0xfc, 0x00, 0x00, 0x4f, 0xff, 0xc0, 0x00,
    0x04, 0xff, 0xfc,

    /* U+0032 "2" */
    0x00, 0x00, 0x18, 0xdf, 0xfd, 0x92, 0x00, 0x00,
    0x00, 0x5f, 0xff, 0xff, 0xff, 0xf6, 0x00, 0x00,
    0x6f, 0xff, 0xff, 0xff, 0xff, 0xf4, 0x00, 0x4f,
    0xff, 0xff, 0xff, 0xff, 0xff, 0xc0, 0x0d, 0xff,
    0xff, 0x72, 0x2a, 0xff, 0xff, 0x20, 0x4e, 0xfe,
    0x20, 0x00, 0x0e, 0xff, 0xf4, 0x00, 0x1c, 0x30,
    0x00, 0x00, 0xbf, 0xff, 0x50, 0x00, 0x00, 0x00,
    0x00, 0x0d, 0xff, 0xf3, 0x00, 0x00, 0x00, 0x00,
    0x02, 0xff, 0xff, 0x00, 0x00, 0x00, 0x00, 0x00,
    0xcf, 0xff, 0xa0, 0x00, 0x00, 0x00, 0x00, 0x8f,
    0xff, 0xf2, 0x00, 0x00, 0x00, 0x00, 0x5f, 0xff,
    0xf7, 0x00, 0x00, 0x00, 0x00, 0x4f, 0xff, 0xfc,
    0x00, 0x00, 0x00, 0x00, 0x2f, 0xff, 0xfd, 0x10,
    0x00, 0x00, 0x00, 0x1e, 0xff, 0xfe, 0x20, 0x00,
    0x00, 0x00, 0x1d, 0xff, 0xff, 0x40, 0x00, 0x00,
    0x00, 0x0c, 0xff, 0xff, 0x50, 0x00, 0x00, 0x00,
    0x0b, 0xff, 0xff, 0x70, 0x00, 0x00, 0x00, 0x07,
    0xff, 0xff, 0xff, 0xff, 0xff, 0xff, 0x90, 0x9f,
    0xff, 0xff, 0xff, 0xff, 0xff, 0xf9, 0x09, 0xff,
    0xff, 0xff, 0xff, 0xff, 0xff, 0x90, 0x9f, 0xff,
    0xff, 0xff, 0xff, 0xff, 0xf9,

    /* U+0033 "3" */
    0x00, 0x00, 0x39, 0xdf, 0xfd, 0x93, 0x00, 0x00,
    0x00, 0x1b, 0xff, 0xff, 0xff, 0xff, 0x80, 0x00,
    0x01, 0xdf, 0xff, 0xff, 0xff, 0xff, 0xf6, 0x00,
    0x0b, 0xff, 0xff, 0xff, 0xff, 0xff, 0xfe, 0x00,
    0x02, 0xef, 0xf9, 0x31, 0x2a, 0xff, 0xff, 0x30,
    0x00, 0x2d, 0x40, 0x00, 0x00, 0xdf, 0xff, 0x40,
    0x00, 0x00, 0x00, 0x00, 0x00, 0xdf, 0xff, 0x30,
    0x00, 0x00, 0x00, 0x00, 0x06, 0xff, 0xfe, 0x00,
    0x00, 0x00, 0x07, 0x9a, 0xdf, 0xff, 0xf6, 0x00,
    0x00, 0x00, 0x0d, 0xff, 0xff, 0xff, 0x60, 0x00,
    0x00, 0x00, 0x0d, 0xff, 0xff, 0xff, 0xa1, 0x00,
    0x00, 0x00, 0x0d, 0xff, 0xff, 0xff, 0xfc, 0x00,
    0x00, 0x00, 0x00, 0x00, 0x38, 0xff, 0xff, 0x70,
    0x00, 0x00, 0x00, 0x00, 0x00, 0x6f, 0xff, 0xe0,
    0x00, 0x00, 0x00, 0x00, 0x00, 0x0f, 0xff, 0xf1,
    0x00, 0x01, 0x00, 0x00, 0x00, 0x0f, 0xff, 0xf2,
    0x00, 0x7e, 0x20, 0x00, 0x00, 0x5f, 0xff, 0xf0,
    0x07, 0xff, 0xf9, 0x31, 0x27, 0xff, 0xff, 0xd0,
    0x1f, 0xff, 0xff, 0xff, 0xff, 0xff, 0xff, 0x60,
    0x03, 0xff, 0xff, 0xff, 0xff, 0xff, 0xfb, 0x00,
    0x00, 0x2c, 0xff, 0xff, 0xff, 0xff, 0xa0, 0x00,
    0x00, 0x00, 0x4a, 0xdf, 0xfd, 0xa4, 0x00, 0x00,

    /* U+0034 "4" */
    0x00, 0x00, 0x1f, 0xff, 0xf0, 0x00, 0x00, 0x00,
    0x00, 0x00, 0x06, 0xff, 0xfa, 0x00, 0x00, 0x00,
    0x00, 0x00, 0x00, 0xcf, 0xff, 0x50, 0x00, 0x00,
    0x00, 0x00, 0x00, 0x1f, 0xff, 0xf0, 0x00, 0x00,
    0x00, 0x00, 0x00, 0x07, 0xff, 0xfa, 0x00, 0x00,
    0x00, 0x00, 0x00, 0x00, 0xcf, 0xff, 0x40, 0x00,
    0x00, 0x00, 0x00, 0x00, 0x2f, 0xff, 0xe0, 0x00,
    0x00, 0x00, 0x00, 0x00, 0x08, 0xff, 0xf9, 0x00,
    0x04, 0x77, 0x10, 0x00, 0x00, 0xdf, 0xff, 0x40,
    0x00, 0xcf, 0xf3, 0x00, 0x00, 0x3f, 0xff, 0xe0,
    0x00, 0x1f, 0xff, 0x30, 0x00, 0x08, 0xff, 0xf9,
    0x00, 0x07, 0xff, 0xf3, 0x00, 0x00, 0xef, 0xff,
    0x30, 0x00, 0xcf, 0xff, 0x30, 0x00, 0x3f, 0xff,
    0xf1, 0x11, 0x3f, 0xff, 0xf4, 0x11, 0x09, 0xff,
    0xff, 0xff, 0xff, 0xff, 0xff, 0xff, 0xf1, 0xef,
    0xff, 0xff, 0xff, 0xff, 0xff, 0xff, 0xff, 0x1e,
    0xff, 0xff, 0xff, 0xff, 0xff, 0xff, 0xff, 0xf1,
    0xef, 0xff, 0xff, 0xff, 0xff, 0xff, 0xff, 0xff,
    0x10, 0x00, 0x00, 0x00, 0x00, 0xef, 0xff, 0x30,
    0x00, 0x00, 0x00, 0x00, 0x00, 0x0e, 0xff, 0xf3,
    0x00, 0x00, 0x00, 0x00, 0x00, 0x00, 0xef, 0xff,
    0x30, 0x00, 0x00, 0x00, 0x00, 0x00, 0x0e, 0xff,
    0xf3, 0x00, 0x00, 0x00, 0x00, 0x00, 0x00, 0xef,
    0xff, 0x30, 0x00,

    /* U+0035 "5" */
    0x3f, 0xff, 0xff, 0xff, 0xff, 0xff, 0xf5, 0x03,
    0xff, 0xff, 0xff, 0xff, 0xff, 0xff, 0x50, 0x3f,
    0xff, 0xff, 0xff, 0xff, 0xff, 0xf5, 0x03, 0xff,
    0xff, 0xff, 0xff, 0xff, 0xff, 0x50, 0x3f, 0xff,
    0xb1, 0x11, 0x11, 0x11, 0x10, 0x03, 0xff, 0xfa,
    0x00, 0x00, 0x00, 0x00, 0x00, 0x3f, 0xff, 0xa0,
    0x00, 0x00, 0x00, 0x00, 0x03, 0xff, 0xfa, 0x6c,
    0xef, 0xd8, 0x10, 0x00, 0x3f, 0xff, 0xff, 0xff,
    0xff, 0xfe, 0x30, 0x03, 0xff, 0xff, 0xff, 0xff,
    0xff, 0xff, 0x20, 0x3f, 0xff, 0xff, 0xff, 0xff,
    0xff, 0xfb, 0x03, 0xff, 0xff, 0x72, 0x25, 0xef,
    0xff, 0xf2, 0x04, 0x8b, 0x30, 0x00, 0x02, 0xff,
    0xff, 0x60, 0x00, 0x00, 0x00, 0x00, 0x0b, 0xff,
    0xf8, 0x00, 0x00, 0x00, 0x00, 0x00, 0x9f, 0xff,
    0x90, 0x00, 0x00, 0x00, 0x00, 0x0b, 0xff, 0xf8,
    0x00, 0x4c, 0x10, 0x00, 0x02, 0xff, 0xff, 0x50,
    0x8f, 0xfe, 0x51, 0x14, 0xdf, 0xff, 0xf1, 0x8f,
    0xff, 0xff, 0xff, 0xff, 0xff, 0xf9, 0x00, 0xcf,
    0xff, 0xff, 0xff, 0xff, 0xfd, 0x00, 0x00, 0x9f,
    0xff, 0xff, 0xff, 0xfb, 0x10, 0x00, 0x00, 0x28,
    0xce, 0xfd, 0xa5, 0x00, 0x00,

    /* U+0036 "6" */
    0x00, 0x00, 0x00, 0x5b, 0xef, 0xec, 0x82, 0x00,
    0x00, 0x00, 0x03, 0xdf, 0xff, 0xff, 0xff, 0xf9,
    0x00, 0x00, 0x03, 0xff, 0xff, 0xff, 0xff, 0xff,
    0xfa, 0x00, 0x01, 0xef, 0xff, 0xff, 0xff, 0xff,
    0xfe, 0x20, 0x00, 0x8f, 0xff, 0xfb, 0x20, 0x02,
    0x9f, 0x40, 0x00, 0x0f, 0xff, 0xfa, 0x00, 0x00,
    0x00, 0x10, 0x00, 0x05, 0xff, 0xff, 0x10, 0x00,
    0x00, 0x00, 0x00, 0x00, 0x9f, 0xff, 0xa0, 0x00,
    0x00, 0x00, 0x00, 0x00, 0x0c, 0xff, 0xf6, 0x07,
    0xcf, 0xfd, 0x81, 0x00, 0x00, 0xef, 0xff, 0x5d,
    0xff, 0xff, 0xff, 0xf4, 0x00, 0x0f, 0xff, 0xff,
    0xff, 0xff, 0xff, 0xff, 0xf2, 0x00, 0xff, 0xff,
    0xff, 0xff, 0xff, 0xff, 0xff, 0xb0, 0x0f, 0xff,
    0xff, 0xb2, 0x00, 0x4d, 0xff, 0xff, 0x10, 0xff,
    0xff, 0xd0, 0x00, 0x00, 0x2f, 0xff, 0xf4, 0x0d,
    0xff, 0xf9, 0x00, 0x00, 0x00, 0xcf, 0xff, 0x60,
    0xaf, 0xff, 0x90, 0x00, 0x00, 0x0b, 0xff, 0xf5,
    0x06, 0xff, 0xfd, 0x00, 0x00, 0x01, 0xff, 0xff,
    0x30, 0x1f, 0xff, 0xfb, 0x20, 0x03, 0xdf, 0xff,
    0xe0, 0x00, 0x8f, 0xff, 0xff, 0xff, 0xff, 0xff,
    0xf7, 0x00, 0x00, 0xcf, 0xff, 0xff, 0xff, 0xff,
    0xfc, 0x00, 0x00, 0x01, 0xbf, 0xff, 0xff, 0xff,
    0xfb, 0x00, 0x00, 0x00, 0x00, 0x4a, 0xdf, 0xfd,
    0xa4, 0x00, 0x00,

    /* U+0037 "7" */
    0x2f, 0xff, 0xff, 0xff, 0xff, 0xff, 0xff, 0x92,
    0xff, 0xff, 0xff, 0xff, 0xff, 0xff, 0xf9, 0x2f,
    0xff, 0xff, 0xff, 0xff, 0xff, 0xff, 0x92, 0xff,
    0xff, 0xff, 0xff, 0xff, 0xff, 0xf8, 0x01, 0x11,
    0x11, 0x11, 0x13, 0xff, 0xff, 0x20, 0x00, 0x00,
    0x00, 0x00, 0x9f, 0xff, 0xb0, 0x00, 0x00, 0x00,
    0x00, 0x1f, 0xff, 0xf4, 0x00, 0x00, 0x00, 0x00,
    0x08, 0xff, 0xfd, 0x00, 0x00, 0x00, 0x00, 0x00,
    0xef, 0xff, 0x50, 0x00, 0x00, 0x00, 0x00, 0x7f,
    0xff, 0xe0, 0x00, 0x00, 0x00, 0x00, 0x0e, 0xff,
    0xf7, 0x00, 0x00, 0x00, 0x00, 0x05, 0xff, 0xff,
    0x10, 0x00, 0x00, 0x00, 0x00, 0xdf, 0xff, 0x90,
    0x00, 0x00, 0x00, 0x00, 0x4f, 0xff, 0xf2, 0x00,
    0x00, 0x00, 0x00, 0x0c, 0xff, 0xfa, 0x00, 0x00,
    0x00, 0x00, 0x03, 0xff, 0xff, 0x30, 0x00, 0x00,
    0x00, 0x00, 0xbf, 0xff, 0xc0, 0x00, 0x00, 0x00,
    0x00, 0x2f, 0xff, 0xf5, 0x00, 0x00, 0x00, 0x00,
    0x09, 0xff, 0xfe, 0x00, 0x00, 0x00, 0x00, 0x01,
    0xff, 0xff, 0x70, 0x00, 0x00, 0x00, 0x00, 0x8f,
    0xff, 0xf0, 0x00, 0x00, 0x00, 0x00, 0x0f, 0xff,
    0xf8, 0x00, 0x00, 0x00, 0x00,

    /* U+0038 "8" */
    0x00, 0x01, 0x7c, 0xef, 0xec, 0x71, 0x00, 0x00,
    0x05, 0xff, 0xff, 0xff, 0xff, 0xe3, 0x00, 0x03,
    0xff, 0xff, 0xff, 0xff, 0xff, 0xe2, 0x00, 0xcf,
    0xff, 0xff, 0xff, 0xff, 0xff, 0x90, 0x1f, 0xff,
    0xf9, 0x10, 0x2b, 0xff, 0xfe, 0x03, 0xff, 0xfe,
    0x00, 0x00, 0x0f, 0xff, 0xf0, 0x2f, 0xff, 0xe0,
    0x00, 0x00, 0xff, 0xff, 0x00, 0xef, 0xff, 0x91,
    0x01, 0xbf, 0xff, 0xb0, 0x06, 0xff, 0xff, 0xff,
    0xff, 0xff, 0xf4, 0x00, 0x08, 0xff, 0xff, 0xff,
    0xff, 0xf7, 0x00, 0x00, 0x2f, 0xff, 0xff, 0xff,
    0xff, 0x20, 0x00, 0x3f, 0xff, 0xff, 0xff, 0xff,
    0xfe, 0x20, 0x0e, 0xff, 0xf9, 0x20, 0x3b, 0xff,
    0xfc, 0x06, 0xff, 0xfb, 0x00, 0x00, 0x0d, 0xff,
    0xf4, 0xaf, 0xff, 0x60, 0x00, 0x00, 0x9f, 0xff,
    0x8c, 0xff, 0xf6, 0x00, 0x00, 0x08, 0xff, 0xfa,
    0xaf, 0xff, 0xb0, 0x00, 0x00, 0xdf, 0xff, 0x87,
    0xff, 0xff, 0x92, 0x03, 0xbf, 0xff, 0xf5, 0x1f,
    0xff, 0xff, 0xff, 0xff, 0xff, 0xfe, 0x00, 0x7f,
    0xff, 0xff, 0xff, 0xff, 0xff, 0x40, 0x00, 0x7f,
    0xff, 0xff, 0xff, 0xff, 0x50, 0x00, 0x00, 0x28,
    0xce, 0xfe, 0xc7, 0x10, 0x00,

    /* U+0039 "9" */
    0x00, 0x00, 0x28, 0xce, 0xfe, 0xb6, 0x00, 0x00,
    0x00, 0x00, 0x7f, 0xff, 0xff, 0xff, 0xfd, 0x30,
    0x00, 0x00, 0x8f, 0xff, 0xff, 0xff, 0xff, 0xfe,
    0x20, 0x00, 0x3f, 0xff, 0xff, 0xff, 0xff, 0xff,
    0xfc, 0x00, 0x09, 0xff, 0xfe, 0x60, 0x01, 0x8f,
    0xff, 0xf5, 0x00, 0xef, 0xff, 0x50, 0x00, 0x00,
    0x9f, 0xff, 0xb0, 0x0f, 0xff, 0xf0, 0x00, 0x00,
    0x04, 0xff, 0xff, 0x01, 0xff, 0xff, 0x00, 0x00,
    0x00, 0x4f, 0xff, 0xf2, 0x0f, 0xff, 0xf6, 0x00,
    0x00, 0x0a, 0xff, 0xff, 0x40, 0xcf, 0xff, 0xf7,
    0x20, 0x2a, 0xff, 0xff, 0xf4, 0x06, 0xff, 0xff,
    0xff, 0xff, 0xff, 0xff, 0xff, 0x50, 0x0c, 0xff,
    0xff, 0xff, 0xff, 0xff, 0xff, 0xf4, 0x00, 0x1c,
    0xff, 0xff, 0xff, 0xe3, 0xff, 0xff, 0x30, 0x00,
    0x05, 0xbd, 0xec, 0x71, 0x1f, 0xff, 0xf1, 0x00,
    0x00, 0x00, 0x00, 0x00, 0x05, 0xff, 0xfe, 0x00,
    0x00, 0x00, 0x00, 0x00, 0x00, 0xcf, 0xff, 0xa0,
    0x00, 0x01, 0x00, 0x00, 0x00, 0x6f, 0xff, 0xf4,
    0x00, 0x01, 0xec, 0x40, 0x01, 0x8f, 0xff, 0xfd,
    0x00, 0x00, 0xbf, 0xff, 0xff, 0xff, 0xff, 0xff,
    0x30, 0x00, 0x5f, 0xff, 0xff, 0xff, 0xff, 0xff,
    0x70, 0x00, 0x00, 0x6e, 0xff, 0xff, 0xff, 0xff,
    0x50, 0x00, 0x00, 0x00, 0x06, 0xbe, 0xfe, 0xc7,
    0x10, 0x00, 0x00,

    /* U+003A ":" */
    0x05, 0xdf, 0xb1, 0x03, 0xff, 0xff, 0xc0, 0x9f,
    0xff, 0xff, 0x29, 0xff, 0xff, 0xf2, 0x3f, 0xff,
    0xfc, 0x00, 0x5d, 0xfb, 0x10, 0x00, 0x00, 0x00,
    0x00, 0x00, 0x00, 0x00, 0x00, 0x00, 0x00, 0x00,
    0x00, 0x00, 0x00, 0x05, 0xdf, 0xa1, 0x03, 0xff,
    0xff, 0xc0, 0x9f, 0xff, 0xff, 0x29, 0xff, 0xff,
    0xf2, 0x3f, 0xff, 0xfc, 0x00, 0x5d, 0xfb, 0x10,

    /* U+003B ";" */
    0x04, 0xdf, 0xb1, 0x02, 0xff, 0xff, 0xd0, 0x8f,
    0xff, 0xff, 0x28, 0xff, 0xff, 0xf2, 0x2f, 0xff,
    0xfd, 0x00, 0x5d, 0xfb, 0x10, 0x00, 0x00, 0x00,
    0x00, 0x00, 0x00, 0x00, 0x00, 0x00, 0x00, 0x00,
    0x00, 0x00, 0x00, 0x06, 0xdf, 0xb1, 0x05, 0xff,
    0xff, 0xd0, 0x5f, 0xff, 0xff, 0x40, 0x4f, 0xff,
    0xf6, 0x00, 0xdf, 0xff, 0x50, 0x0c, 0xff, 0xf2,
    0x00, 0xff, 0xfc, 0x00, 0x6f, 0xff, 0x40, 0x2e,
    0xff, 0x90, 0x08, 0xff, 0xa0, 0x00, 0x0a, 0x80,
    0x00, 0x00, 0x00, 0x00, 0x00,

    /* U+003C "<" */
    0x00, 0x00, 0x00, 0x00, 0x00, 0x00, 0x00, 0x00,
    0x00, 0x00, 0x00, 0x00, 0x01, 0xbb, 0x00, 0x00,
    0x00, 0x00, 0x00, 0x06, 0xff, 0xf4, 0x00, 0x00,
    0x00, 0x00, 0x2c, 0xff, 0xff, 0xe0, 0x00, 0x00,
    0x00, 0x8f, 0xff, 0xff, 0xe5, 0x00, 0x00, 0x04,
    0xdf, 0xff, 0xff, 0x91, 0x00, 0x00, 0x19, 0xff,
    0xff, 0xfd, 0x40, 0x00, 0x00, 0x5e, 0xff, 0xff,
    0xf8, 0x00, 0x00, 0x00, 0x5f, 0xff, 0xff, 0xc2,
    0x00, 0x00, 0x00, 0x06, 0xff, 0xff, 0xf1, 0x00,
    0x00, 0x00, 0x00, 0x4f, 0xff, 0xff, 0xe5, 0x00,
    0x00, 0x00, 0x00, 0x2c, 0xff, 0xff, 0xfb, 0x20,
    0x00, 0x00, 0x00, 0x06, 0xff, 0xff, 0xff, 0x70,
    0x00, 0x00, 0x00, 0x01, 0xbf, 0xff, 0xff, 0xc3,
    0x00, 0x00, 0x00, 0x00, 0x5e, 0xff, 0xff, 0xf8,
    0x00, 0x00, 0x00, 0x00, 0x19, 0xff, 0xff, 0xc0,
    0x00, 0x00, 0x00, 0x00, 0x03, 0xdf, 0xf3, 0x00,
    0x00, 0x00, 0x00, 0x00, 0x00, 0x89, 0x00, 0x00,
    0x00, 0x00, 0x00, 0x00, 0x00, 0x00, 0x00,

    /* U+003D "=" */
    0xaf, 0xff, 0xff, 0xff, 0xff, 0xff, 0xff, 0x7a,
    0xff, 0xff, 0xff, 0xff, 0xff, 0xff, 0xf7, 0xaf,
    0xff, 0xff, 0xff, 0xff, 0xff, 0xff, 0x77, 0xbb,
    0xbb, 0xbb, 0xbb, 0xbb, 0xbb, 0xb5, 0x00, 0x00,
    0x00, 0x00, 0x00, 0x00, 0x00, 0x00, 0x00, 0x00,
    0x00, 0x00, 0x00, 0x00, 0x00, 0x7c, 0xcc, 0xcc,
    0xcc, 0xcc, 0xcc, 0xcc, 0x5a, 0xff, 0xff, 0xff,
    0xff, 0xff, 0xff, 0xf7, 0xaf, 0xff, 0xff, 0xff,
    0xff, 0xff, 0xff, 0x7a, 0xff, 0xff, 0xff, 0xff,
    0xff, 0xff, 0xf7,

    /* U+003E ">" */
    0x00, 0x00, 0x00, 0x00, 0x00, 0x00, 0x00, 0x00,
    0x0d, 0x50, 0x00, 0x00, 0x00, 0x00, 0x00, 0x08,
    0xff, 0xb2, 0x00, 0x00, 0x00, 0x00, 0x02, 0xff,
    0xff, 0xf7, 0x00, 0x00, 0x00, 0x00, 0x07, 0xff,
    0xff, 0xfd, 0x30, 0x00, 0x00, 0x00, 0x02, 0xbf,
    0xff, 0xff, 0x90, 0x00, 0x00, 0x00, 0x00, 0x6e,
    0xff, 0xff, 0xe5, 0x00, 0x00, 0x00, 0x00, 0x1a,
    0xff, 0xff, 0xfb, 0x10, 0x00, 0x00, 0x00, 0x04,
    0xdf, 0xff, 0xff, 0x10, 0x00, 0x00, 0x00, 0x01,
    0xff, 0xff, 0xf2, 0x00, 0x00, 0x00, 0x05, 0xef,
    0xff, 0xfe, 0x10, 0x00, 0x00, 0x1b, 0xff, 0xff,
    0xfa, 0x10, 0x00, 0x00, 0x6f, 0xff, 0xff, 0xd4,
    0x00, 0x00, 0x02, 0xcf, 0xff, 0xff, 0x80, 0x00,
    0x00, 0x08, 0xff, 0xff, 0xfc, 0x20, 0x00, 0x00,
    0x02, 0xff, 0xff, 0xf6, 0x00, 0x00, 0x00, 0x00,
    0x08, 0xff, 0xa1, 0x00, 0x00, 0x00, 0x00, 0x00,
    0x0c, 0x40, 0x00, 0x00, 0x00, 0x00, 0x00, 0x00,
    0x00, 0x00, 0x00, 0x00, 0x00, 0x00, 0x00,

    /* U+003F "?" */
    0x00, 0x00, 0x00, 0x00, 0x00, 0x00, 0x00, 0x00,
    0x00, 0x00, 0x17, 0xdf, 0xff, 0xd7, 0x10, 0x00,
    0x00, 0x06, 0xff, 0xff, 0xff, 0xff, 0xe3, 0x00,
    0x00, 0x9f, 0xff, 0xff, 0xff, 0xff, 0xff, 0x20,
    0x0a, 0xff, 0xff, 0xff, 0xff, 0xff, 0xff, 0xb0,
    0x09, 0xff, 0xff, 0x72, 0x03, 0xcf, 0xff, 0xf2,
    0x00, 0xbf, 0xd2, 0x00, 0x00, 0x1f, 0xff, 0xf5,
    0x00, 0x1a, 0x10, 0x00, 0x00, 0x0b, 0xff, 0xf7,
    0x00, 0x00, 0x00, 0x00, 0x00, 0x0c, 0xff, 0xf6,
    0x00, 0x00, 0x00, 0x00, 0x00, 0x3f, 0xff, 0xf3,
    0x00, 0x00, 0x00, 0x00, 0x02, 0xef, 0xff, 0xd0,
    0x00, 0x00, 0x00, 0x00, 0x5e, 0xff, 0xff, 0x50,
    0x00, 0x00, 0x00, 0x09, 0xff, 0xff, 0xf9, 0x00,
    0x00, 0x00, 0x03, 0xdf, 0xff, 0xff, 0x90, 0x00,
    0x00, 0x00, 0x03, 0xff, 0xff, 0xf6, 0x00, 0x00,
    0x00, 0x00, 0x00, 0x9f, 0xfc, 0x20, 0x00, 0x00,
    0x00, 0x00, 0x00, 0x0d, 0x70, 0x00, 0x00, 0x00,
    0x00, 0x00, 0x00, 0x00, 0x00, 0x00, 0x00, 0x00,
    0x00, 0x00, 0x00, 0x18, 0x94, 0x00, 0x00, 0x00,
    0x00, 0x00, 0x00, 0xdf, 0xff, 0x50, 0x00, 0x00,
    0x00, 0x00, 0x06, 0xff, 0xff, 0xd0, 0x00, 0x00,
    0x00, 0x00, 0x07, 0xff, 0xff, 0xe0, 0x00, 0x00,
    0x00, 0x00, 0x02, 0xff, 0xff, 0x90, 0x00, 0x00,
    0x00, 0x00, 0x00, 0x5d, 0xe9, 0x00, 0x00, 0x00,

    /* U+0040 "@" */
    0x00, 0x00, 0x00, 0x00, 0x02, 0x67, 0x98, 0x74,
    0x00, 0x00, 0x00, 0x00, 0x00, 0x00, 0x00, 0x00,
    0x7d, 0xff, 0xff, 0xff, 0xff, 0xa2, 0x00, 0x00,
    0x00, 0x00, 0x00, 0x05, 0xef, 0xff, 0xff, 0xff,
    0xff, 0xff, 0xf8, 0x00, 0x00, 0x00, 0x00, 0x08,
    0xff, 0xff, 0xff, 0xff, 0xff, 0xff, 0xff, 0xfb,
    0x00, 0x00, 0x00, 0x08, 0xff, 0xff, 0xf9, 0x41,
    0x00, 0x26, 0xdf, 0xff, 0xfb, 0x00, 0x00, 0x06,
    0xff, 0xff, 0xb1, 0x00, 0x00, 0x00, 0x00, 0x7f,
    0xff, 0xf8, 0x00, 0x01, 0xff, 0xff, 0x80, 0x00,
    0x01, 0x10, 0x00, 0x22, 0x5f, 0xff, 0xf2, 0x00,
    0x9f, 0xff, 0xb0, 0x00, 0x7e, 0xff, 0xd4, 0x8f,
    0xf1, 0x8f, 0xff, 0x90, 0x0f, 0xff, 0xf1, 0x00,
    0xbf, 0xff, 0xff, 0xff, 0xfd, 0x01, 0xff, 0xfe,
    0x04, 0xff, 0xf9, 0x00, 0xbf, 0xff, 0xff, 0xff,
    0xff, 0xa0, 0x0a, 0xff, 0xf2, 0x9f, 0xff, 0x30,
    0x5f, 0xff, 0xe3, 0x0b, 0xff, 0xf7, 0x00, 0x7f,
    0xff, 0x4b, 0xff, 0xf0, 0x0b, 0xff, 0xf3, 0x00,
    0x5f, 0xff, 0x40, 0x06, 0xff, 0xf5, 0xcf, 0xfe,
    0x00, 0xff, 0xfc, 0x00, 0x08, 0xff, 0xf1, 0x00,
    0x6f, 0xff, 0x4d, 0xff, 0xd0, 0x2f, 0xff, 0x90,
    0x00, 0xef, 0xfe, 0x00, 0x09, 0xff, 0xf1, 0xcf,
    0xfe, 0x03, 0xff, 0xf9, 0x00, 0x0f, 0xff, 0xc0,
    0x00, 0xef, 0xfd, 0x0b, 0xff, 0xf1, 0x1f, 0xff,
    0xe2, 0x1b, 0xff, 0xfe, 0x21, 0xbf, 0xff, 0x60,
    0x8f, 0xff, 0x50, 0xcf, 0xff, 0xff, 0xff, 0xff,
    0xff, 0xff, 0xff, 0xc0, 0x04, 0xff, 0xfc, 0x04,
    0xff, 0xff, 0xff, 0xdf, 0xff, 0xff, 0xff, 0xd1,
    0x00, 0x0e, 0xff, 0xf5, 0x04, 0xdf, 0xff, 0x90,
    0x2c, 0xff, 0xfe, 0x70, 0x00, 0x00, 0x7f, 0xff,
    0xf2, 0x00, 0x22, 0x00, 0x00, 0x01, 0x32, 0x00,
    0x00, 0x00, 0x00, 0xdf, 0xff, 0xf5, 0x00, 0x00,
    0x00, 0x00, 0x00, 0x8a, 0x00, 0x00, 0x00, 0x02,
    0xff, 0xff, 0xfa, 0x30, 0x00, 0x00, 0x05, 0xdf,
    0xf6, 0x00, 0x00, 0x00, 0x04, 0xff, 0xff, 0xff,
    0xeb, 0xab, 0xcf, 0xff, 0xff, 0xf1, 0x00, 0x00,
    0x00, 0x02, 0xdf, 0xff, 0xff, 0xff, 0xff, 0xff,
    0xff, 0xf7, 0x00, 0x00, 0x00, 0x00, 0x00, 0x7e,
    0xff, 0xff, 0xff, 0xff, 0xff, 0xb3, 0x00, 0x00,
    0x00, 0x00, 0x00, 0x00, 0x04, 0x9c, 0xef, 0xfd,
    0xb7, 0x20, 0x00, 0x00, 0x00,

    /* U+0041 "A" */
    0x00, 0x00, 0x00, 0x03, 0xff, 0xff, 0xd0, 0x00,
    0x00, 0x00, 0x00, 0x00, 0x00, 0x09, 0xff, 0xff,
    0xf2, 0x00, 0x00, 0x00, 0x00, 0x00, 0x00, 0x0e,
    0xff, 0xff, 0xf7, 0x00, 0x00, 0x00, 0x00, 0x00,
    0x00, 0x4f, 0xff, 0xff, 0xfd, 0x00, 0x00, 0x00,
    0x00, 0x00, 0x00, 0x9f, 0xff, 0xff, 0xff, 0x20,
    0x00, 0x00, 0x00, 0x00, 0x00, 0xef, 0xff, 0x8f,
    0xff, 0x70, 0x00, 0x00, 0x00, 0x00, 0x04, 0xff,
    0xfb, 0x2f, 0xff, 0xd0, 0x00, 0x00, 0x00, 0x00,
    0x09, 0xff, 0xf6, 0x0d, 0xff, 0xf2, 0x00, 0x00,
    0x00, 0x00, 0x0e, 0xff, 0xf1, 0x08, 0xff, 0xf7,
    0x00, 0x00, 0x00, 0x00, 0x4f, 0xff, 0xb0, 0x02,
    0xff, 0xfc, 0x00, 0x00, 0x00, 0x00, 0xaf, 0xff,
    0x60, 0x00, 0xdf, 0xff, 0x20, 0x00, 0x00, 0x00,
    0xff, 0xff, 0x10, 0x00, 0x8f, 0xff, 0x70, 0x00,
    0x00, 0x05, 0xff, 0xfb, 0x00, 0x00, 0x3f, 0xff,
    0xc0, 0x00, 0x00, 0x0a, 0xff, 0xf6, 0x00, 0x00,
    0x0e, 0xff, 0xf2, 0x00, 0x00, 0x0f, 0xff, 0xff,
    0xff, 0xff, 0xff, 0xff, 0xf7, 0x00, 0x00, 0x5f,
    0xff, 0xff, 0xff, 0xff, 0xff, 0xff, 0xfc, 0x00,
    0x00, 0xbf, 0xff, 0xff, 0xff, 0xff, 0xff, 0xff,
    0xff, 0x10, 0x00, 0xff, 0xff, 0xfe, 0xee, 0xee,
    0xee, 0xff, 0xff, 0x70, 0x05, 0xff, 0xfb, 0x00,
    0x00, 0x00, 0x00, 0x4f, 0xff, 0xc0, 0x0b, 0xff,
    0xf5, 0x00, 0x00, 0x00, 0x00, 0x0f, 0xff, 0xf1,
    0x1f, 0xff, 0xf0, 0x00, 0x00, 0x00, 0x00, 0x0a,
    0xff, 0xf7, 0x6f, 0xff, 0xb0, 0x00, 0x00, 0x00,
    0x00, 0x05, 0xff, 0xfc,

    /* U+0042 "B" */
    0xef, 0xff, 0xff, 0xff, 0xed, 0x94, 0x00, 0x00,
    0xef, 0xff, 0xff, 0xff, 0xff, 0xff, 0xb0, 0x00,
    0xef, 0xff, 0xff, 0xff, 0xff, 0xff, 0xfa, 0x00,
    0xef, 0xff, 0xff, 0xff, 0xff, 0xff, 0xff, 0x10,
    0xef, 0xff, 0x20, 0x00, 0x2a, 0xff, 0xff, 0x50,
    0xef, 0xff, 0x20, 0x00, 0x00, 0xdf, 0xff, 0x70,
    0xef, 0xff, 0x20, 0x00, 0x00, 0xaf, 0xff, 0x60,
    0xef, 0xff, 0x20, 0x00, 0x00, 0xdf, 0xff, 0x40,
    0xef, 0xff, 0x20, 0x00, 0x29, 0xff, 0xfd, 0x00,
    0xef, 0xff, 0xff, 0xff, 0xff, 0xff, 0xf2, 0x00,
    0xef, 0xff, 0xff, 0xff, 0xff, 0xff, 0x60, 0x00,
    0xef, 0xff, 0xff, 0xff, 0xff, 0xff, 0xf7, 0x00,
    0xef, 0xff, 0xda, 0xaa, 0xbe, 0xff, 0xff, 0x40,
    0xef, 0xff, 0x20, 0x00, 0x00, 0xbf, 0xff, 0xb0,
    0xef, 0xff, 0x20, 0x00, 0x00, 0x2f, 0xff, 0xf0,
    0xef, 0xff, 0x20, 0x00, 0x00, 0x1f, 0xff, 0xf1,
    0xef, 0xff, 0x20, 0x00, 0x00, 0x4f, 0xff, 0xf0,
    0xef, 0xff, 0x20, 0x00, 0x15, 0xef, 0xff, 0xe0,
    0xef, 0xff, 0xff, 0xff, 0xff, 0xff, 0xff, 0x90,
    0xef, 0xff, 0xff, 0xff, 0xff, 0xff, 0xff, 0x10,
    0xef, 0xff, 0xff, 0xff, 0xff, 0xff, 0xe3, 0x00,
    0xef, 0xff, 0xff, 0xff, 0xfe, 0xb6, 0x00, 0x00,

    /* U+0043 "C" */
    0x00, 0x00, 0x00, 0x04, 0x9d, 0xef, 0xed, 0xa5,
    0x00, 0x00, 0x00, 0x00, 0x00, 0x04, 0xdf, 0xff,
    0xff, 0xff, 0xff, 0xe5, 0x00, 0x00, 0x00, 0x00,
    0x8f, 0xff, 0xff, 0xff, 0xff, 0xff, 0xff, 0x80,
    0x00, 0x00, 0x08, 0xff, 0xff, 0xff, 0xff, 0xff,
    0xff, 0xff, 0xf8, 0x00, 0x00, 0x5f, 0xff, 0xff,
    0xc5, 0x21, 0x25, 0xbf, 0xff, 0xff, 0x40, 0x00,
    0xef, 0xff, 0xf6, 0x00, 0x00, 0x00, 0x05, 0xff,
    0xff, 0xd0, 0x06, 0xff, 0xff, 0x60, 0x00, 0x00,
    0x00, 0x00, 0x4f, 0xfb, 0x50, 0x0b, 0xff, 0xfb,
    0x00, 0x00, 0x00, 0x00, 0x00, 0x04, 0x10, 0x00,
    0x0f, 0xff, 0xf5, 0x00, 0x00, 0x00, 0x00, 0x00,
    0x00, 0x00, 0x00, 0x2f, 0xff, 0xf0, 0x00, 0x00,
    0x00, 0x00, 0x00, 0x00, 0x00, 0x00, 0x3f, 0xff,
    0xf0, 0x00, 0x00, 0x00, 0x00, 0x00, 0x00, 0x00,
    0x00, 0x3f, 0xff, 0xf0, 0x00, 0x00, 0x00, 0x00,
    0x00, 0x00, 0x00, 0x00, 0x2f, 0xff, 0xf0, 0x00,
    0x00, 0x00, 0x00, 0x00, 0x00, 0x00, 0x00, 0x0f,
    0xff, 0xf5, 0x00, 0x00, 0x00, 0x00, 0x00, 0x00,
    0x00, 0x00, 0x0c, 0xff, 0xfb, 0x00, 0x00, 0x00,
    0x00, 0x00, 0x04, 0x10, 0x00, 0x07, 0xff, 0xff,
    0x60, 0x00, 0x00, 0x00, 0x00, 0x4f, 0xfb, 0x50,
    0x01, 0xff, 0xff, 0xf6, 0x00, 0x00, 0x00, 0x05,
    0xff, 0xff, 0xd0, 0x00, 0x6f, 0xff, 0xff, 0xc6,
    0x31, 0x36, 0xbf, 0xff, 0xff, 0x40, 0x00, 0x0a,
    0xff, 0xff, 0xff, 0xff, 0xff, 0xff, 0xff, 0xf8,
    0x00, 0x00, 0x00, 0xaf, 0xff, 0xff, 0xff, 0xff,
    0xff, 0xff, 0x90, 0x00, 0x00, 0x00, 0x06, 0xef,
    0xff, 0xff, 0xff, 0xff, 0xe5, 0x00, 0x00, 0x00,
    0x00, 0x00, 0x05, 0xad, 0xff, 0xfd, 0xa5, 0x00,
    0x00, 0x00,

    /* U+0044 "D" */
    0xef, 0xff, 0xff, 0xff, 0xec, 0x94, 0x00, 0x00,
    0x00, 0xef, 0xff, 0xff, 0xff, 0xff, 0xff, 0xd4,
    0x00, 0x00, 0xef, 0xff, 0xff, 0xff, 0xff, 0xff,
    0xff, 0x80, 0x00, 0xef, 0xff, 0xff, 0xff, 0xff,
    0xff, 0xff, 0xf8, 0x00, 0xef, 0xff, 0x20, 0x00,
    0x26, 0xcf, 0xff, 0xff, 0x30, 0xef, 0xff, 0x20,
    0x00, 0x00, 0x07, 0xff, 0xff, 0xc0, 0xef, 0xff,
    0x20, 0x00, 0x00, 0x00, 0x9f, 0xff, 0xf3, 0xef,
    0xff, 0x20, 0x00, 0x00, 0x00, 0x0f, 0xff, 0xf8,
    0xef, 0xff, 0x20, 0x00, 0x00, 0x00, 0x09, 0xff,
    0xfb, 0xef, 0xff, 0x20, 0x00, 0x00, 0x00, 0x06,
    0xff, 0xfd, 0xef, 0xff, 0x20, 0x00, 0x00, 0x00,
    0x04, 0xff, 0xfe, 0xef, 0xff, 0x20, 0x00, 0x00,
    0x00, 0x04, 0xff, 0xfe, 0xef, 0xff, 0x20, 0x00,
    0x00, 0x00, 0x06, 0xff, 0xfd, 0xef, 0xff, 0x20,
    0x00, 0x00, 0x00, 0x09, 0xff, 0xfb, 0xef, 0xff,
    0x20, 0x00, 0x00, 0x00, 0x0e, 0xff, 0xf8, 0xef,
    0xff, 0x20, 0x00, 0x00, 0x00, 0x8f, 0xff, 0xf3,
    0xef, 0xff, 0x20, 0x00, 0x00, 0x07, 0xff, 0xff,
    0xd0, 0xef, 0xff, 0x20, 0x00, 0x26, 0xcf, 0xff,
    0xff, 0x40, 0xef, 0xff, 0xff, 0xff, 0xff, 0xff,
    0xff, 0xf8, 0x00, 0xef, 0xff, 0xff, 0xff, 0xff,
    0xff, 0xff, 0x90, 0x00, 0xef, 0xff, 0xff, 0xff,
    0xff, 0xff, 0xd5, 0x00, 0x00, 0xef, 0xff, 0xff,
    0xff, 0xfd, 0x95, 0x00, 0x00, 0x00,

    /* U+0045 "E" */
    0xef, 0xff, 0xff, 0xff, 0xff, 0xff, 0xf5, 0xef,
    0xff, 0xff, 0xff, 0xff, 0xff, 0xf5, 0xef, 0xff,
    0xff, 0xff, 0xff, 0xff, 0xf5, 0xef, 0xff, 0xff,
    0xff, 0xff, 0xff, 0xf5, 0xef, 0xff, 0x20, 0x00,
    0x00, 0x00, 0x00, 0xef, 0xff, 0x20, 0x00, 0x00,
    0x00, 0x00, 0xef, 0xff, 0x20, 0x00, 0x00, 0x00,
    0x00, 0xef, 0xff, 0x20, 0x00, 0x00, 0x00, 0x00,
    0xef, 0xff, 0x20, 0x00, 0x00, 0x00, 0x00, 0xef,
    0xff, 0xff, 0xff, 0xff, 0xf9, 0x00, 0xef, 0xff,
    0xff, 0xff, 0xff, 0xf9, 0x00, 0xef, 0xff, 0xff,
    0xff, 0xff, 0xf9, 0x00, 0xef, 0xff, 0xff, 0xff,
    0xff, 0xf9, 0x00, 0xef, 0xff, 0x20, 0x00, 0x00,
    0x00, 0x00, 0xef, 0xff, 0x20, 0x00, 0x00, 0x00,
    0x00, 0xef, 0xff, 0x20, 0x00, 0x00, 0x00, 0x00,
    0xef, 0xff, 0x20, 0x00, 0x00, 0x00, 0x00, 0xef,
    0xff, 0x20, 0x00, 0x00, 0x00, 0x00, 0xef, 0xff,
    0xff, 0xff, 0xff, 0xff, 0xf5, 0xef, 0xff, 0xff,
    0xff, 0xff, 0xff, 0xf5, 0xef, 0xff, 0xff, 0xff,
    0xff, 0xff, 0xf5, 0xef, 0xff, 0xff, 0xff, 0xff,
    0xff, 0xf5,

    /* U+0046 "F" */
    0xef, 0xff, 0xff, 0xff, 0xff, 0xff, 0xf2, 0xef,
    0xff, 0xff, 0xff, 0xff, 0xff, 0xf2, 0xef, 0xff,
    0xff, 0xff, 0xff, 0xff, 0xf2, 0xef, 0xff, 0xff,
    0xff, 0xff, 0xff, 0xf2, 0xef, 0xff, 0x20, 0x00,
    0x00, 0x00, 0x00, 0xef, 0xff, 0x20, 0x00, 0x00,
    0x00, 0x00, 0xef, 0xff, 0x20, 0x00, 0x00, 0x00,
    0x00, 0xef, 0xff, 0x20, 0x00, 0x00, 0x00, 0x00,
    0xef, 0xff, 0x20, 0x00, 0x00, 0x00, 0x00, 0xef,
    0xff, 0xff, 0xff, 0xff, 0xf8, 0x00, 0xef, 0xff,
    0xff, 0xff, 0xff, 0xf8, 0x00, 0xef, 0xff, 0xff,
    0xff, 0xff, 0xf8, 0x00, 0xef, 0xff, 0xff, 0xff,
    0xff, 0xf8, 0x00, 0xef, 0xff, 0x20, 0x00, 0x00,
    0x00, 0x00, 0xef, 0xff, 0x20, 0x00, 0x00, 0x00,
    0x00, 0xef, 0xff, 0x20, 0x00, 0x00, 0x00, 0x00,
    0xef, 0xff, 0x20, 0x00, 0x00, 0x00, 0x00, 0xef,
    0xff, 0x20, 0x00, 0x00, 0x00, 0x00, 0xef, 0xff,
    0x20, 0x00, 0x00, 0x00, 0x00, 0xef, 0xff, 0x20,
    0x00, 0x00, 0x00, 0x00, 0xef, 0xff, 0x20, 0x00,
    0x00, 0x00, 0x00, 0xef, 0xff, 0x20, 0x00, 0x00,
    0x00, 0x00,

    /* U+0047 "G" */
    0x00, 0x00, 0x00, 0x04, 0x9d, 0xef, 0xfd, 0xa5,
    0x00, 0x00, 0x00, 0x00, 0x00, 0x04, 0xdf, 0xff,
    0xff, 0xff, 0xff, 0xe5, 0x00, 0x00, 0x00, 0x00,
    0x8f, 0xff, 0xff, 0xff, 0xff, 0xff, 0xff, 0x90,
    0x00, 0x00, 0x08, 0xff, 0xff, 0xff, 0xff, 0xff,
    0xff, 0xff, 0xf9, 0x00, 0x00, 0x5f, 0xff, 0xff,
    0xc5, 0x21, 0x25, 0xaf, 0xff, 0xff, 0x50, 0x00,
    0xef, 0xff, 0xf6, 0x00, 0x00, 0x00, 0x03, 0xef,
    0xff, 0xd0, 0x06, 0xff, 0xff, 0x60, 0x00, 0x00,
    0x00, 0x00, 0x3f, 0xb6, 0x00, 0x0b, 0xff, 0xfb,
    0x00, 0x00, 0x00, 0x00, 0x00, 0x00, 0x00, 0x00,
    0x0f, 0xff, 0xf5, 0x00, 0x00, 0x00, 0x00, 0x00,
    0x00, 0x00, 0x00, 0x1f, 0xff, 0xf1, 0x00, 0x00,
    0x00, 0x00, 0x00, 0x00, 0x00, 0x00, 0x3f, 0xff,
    0xf0, 0x00, 0x00, 0x0d, 0xff, 0xff, 0xff, 0xff,
    0xf8, 0x3f, 0xff, 0xe0, 0x00, 0x00, 0x0d, 0xff,
    0xff, 0xff, 0xff, 0xfa, 0x2f, 0xff, 0xf0, 0x00,
    0x00, 0x0d, 0xff, 0xff, 0xff, 0xff, 0xfa, 0x0f,
    0xff, 0xf4, 0x00, 0x00, 0x0a, 0xcc, 0xcc, 0xcf,
    0xff, 0xf8, 0x0c, 0xff, 0xfa, 0x00, 0x00, 0x00,
    0x00, 0x00, 0x0c, 0xff, 0xf5, 0x07, 0xff, 0xff,
    0x50, 0x00, 0x00, 0x00, 0x00, 0x5f, 0xff, 0xf1,
    0x00, 0xff, 0xff, 0xf4, 0x00, 0x00, 0x00, 0x05,
    0xff, 0xff, 0x90, 0x00, 0x6f, 0xff, 0xff, 0xa4,
    0x10, 0x14, 0xaf, 0xff, 0xff, 0x10, 0x00, 0x0a,
    0xff, 0xff, 0xff, 0xff, 0xff, 0xff, 0xff, 0xf4,
    0x00, 0x00, 0x00, 0x9f, 0xff, 0xff, 0xff, 0xff,
    0xff, 0xff, 0x40, 0x00, 0x00, 0x00, 0x05, 0xef,
    0xff, 0xff, 0xff, 0xff, 0xb2, 0x00, 0x00, 0x00,
    0x00, 0x00, 0x05, 0xad, 0xff, 0xec, 0x83, 0x00,
    0x00, 0x00,

    /* U+0048 "H" */
    0xef, 0xff, 0x20, 0x00, 0x00, 0x00, 0x0f, 0xff,
    0xf1, 0xef, 0xff, 0x20, 0x00, 0x00, 0x00, 0x0f,
    0xff, 0xf1, 0xef, 0xff, 0x20, 0x00, 0x00, 0x00,
    0x0f, 0xff, 0xf1, 0xef, 0xff, 0x20, 0x00, 0x00,
    0x00, 0x0f, 0xff, 0xf1, 0xef, 0xff, 0x20, 0x00,
    0x00, 0x00, 0x0f, 0xff, 0xf1, 0xef, 0xff, 0x20,
    0x00, 0x00, 0x00, 0x0f, 0xff, 0xf1, 0xef, 0xff,
    0x20, 0x00, 0x00, 0x00, 0x0f, 0xff, 0xf1, 0xef,
    0xff, 0x20, 0x00, 0x00, 0x00, 0x0f, 0xff, 0xf1,
    0xef, 0xff, 0x20, 0x00, 0x00, 0x00, 0x0f, 0xff,
    0xf1, 0xef, 0xff, 0xff, 0xff, 0xff, 0xff, 0xff,
    0xff, 0xf1, 0xef, 0xff, 0xff, 0xff, 0xff, 0xff,
    0xff, 0xff, 0xf1, 0xef, 0xff, 0xff, 0xff, 0xff,
    0xff, 0xff, 0xff, 0xf1, 0xef, 0xff, 0xff, 0xff,
    0xff, 0xff, 0xff, 0xff, 0xf1, 0xef, 0xff, 0x20,
    0x00, 0x00, 0x00, 0x0f, 0xff, 0xf1, 0xef, 0xff,
    0x20, 0x00, 0x00, 0x00, 0x0f, 0xff, 0xf1, 0xef,
    0xff, 0x20, 0x00, 0x00, 0x00, 0x0f, 0xff, 0xf1,
    0xef, 0xff, 0x20, 0x00, 0x00, 0x00, 0x0f, 0xff,
    0xf1, 0xef, 0xff, 0x20, 0x00, 0x00, 0x00, 0x0f,
    0xff, 0xf1, 0xef, 0xff, 0x20, 0x00, 0x00, 0x00,
    0x0f, 0xff, 0xf1, 0xef, 0xff, 0x20, 0x00, 0x00,
    0x00, 0x0f, 0xff, 0xf1, 0xef, 0xff, 0x20, 0x00,
    0x00, 0x00, 0x0f, 0xff, 0xf1, 0xef, 0xff, 0x20,
    0x00, 0x00, 0x00, 0x0f, 0xff, 0xf1,

    /* U+0049 "I" */
    0xef, 0xff, 0x2e, 0xff, 0xf2, 0xef, 0xff, 0x2e,
    0xff, 0xf2, 0xef, 0xff, 0x2e, 0xff, 0xf2, 0xef,
    0xff, 0x2e, 0xff, 0xf2, 0xef, 0xff, 0x2e, 0xff,
    0xf2, 0xef, 0xff, 0x2e, 0xff, 0xf2, 0xef, 0xff,
    0x2e, 0xff, 0xf2, 0xef, 0xff, 0x2e, 0xff, 0xf2,
    0xef, 0xff, 0x2e, 0xff, 0xf2, 0xef, 0xff, 0x2e,
    0xff, 0xf2, 0xef, 0xff, 0x2e, 0xff, 0xf2,

    /* U+004A "J" */
    0x00, 0x00, 0x00, 0x00, 0x04, 0xff, 0xfd, 0x00,
    0x00, 0x00, 0x00, 0x04, 0xff, 0xfd, 0x00, 0x00,
    0x00, 0x00, 0x04, 0xff, 0xfd, 0x00, 0x00, 0x00,
    0x00, 0x04, 0xff, 0xfd, 0x00, 0x00, 0x00, 0x00,
    0x04, 0xff, 0xfd, 0x00, 0x00, 0x00, 0x00, 0x04,
    0xff, 0xfd, 0x00, 0x00, 0x00, 0x00, 0x04, 0xff,
    0xfd, 0x00, 0x00, 0x00, 0x00, 0x04, 0xff, 0xfd,
    0x00, 0x00, 0x00, 0x00, 0x04, 0xff, 0xfd, 0x00,
    0x00, 0x00, 0x00, 0x04, 0xff, 0xfd, 0x00, 0x00,
    0x00, 0x00, 0x04, 0xff, 0xfd, 0x00, 0x00, 0x00,
    0x00, 0x04, 0xff, 0xfd, 0x00, 0x00, 0x00, 0x00,
    0x04, 0xff, 0xfd, 0x44, 0x44, 0x00, 0x00, 0x04,
    0xff, 0xfd, 0xef, 0xff, 0x20, 0x00, 0x04, 0xff,
    0xfd, 0xdf, 0xff, 0x40, 0x00, 0x05, 0xff, 0xfc,
    0xcf, 0xff, 0x80, 0x00, 0x0a, 0xff, 0xfa, 0x8f,
    0xff, 0xf7, 0x11, 0x7f, 0xff, 0xf6, 0x3f, 0xff,
    0xff, 0xff, 0xff, 0xff, 0xf1, 0x09, 0xff, 0xff,
    0xff, 0xff, 0xff, 0x60, 0x00, 0x9f, 0xff, 0xff,
    0xff, 0xf7, 0x00, 0x00, 0x04, 0xad, 0xff, 0xd9,
    0x20, 0x00,

    /* U+004B "K" */
    0xef, 0xff, 0x20, 0x00, 0x00, 0x05, 0xff, 0xff,
    0xa0, 0xef, 0xff, 0x20, 0x00, 0x00, 0x4f, 0xff,
    0xfc, 0x00, 0xef, 0xff, 0x20, 0x00, 0x02, 0xef,
    0xff, 0xd1, 0x00, 0xef, 0xff, 0x20, 0x00, 0x1e,
    0xff, 0xfe, 0x20, 0x00, 0xef, 0xff, 0x20, 0x00,
    0xcf, 0xff, 0xf3, 0x00, 0x00, 0xef, 0xff, 0x20,
    0x0b, 0xff, 0xff, 0x50, 0x00, 0x00, 0xef, 0xff,
    0x20, 0x9f, 0xff, 0xf7, 0x00, 0x00, 0x00, 0xef,
    0xff, 0x27, 0xff, 0xff, 0x90, 0x00, 0x00, 0x00,
    0xef, 0xff, 0x8f, 0xff, 0xfb, 0x00, 0x00, 0x00,
    0x00, 0xef, 0xff, 0xff, 0xff, 0xc0, 0x00, 0x00,
    0x00, 0x00, 0xef, 0xff, 0xff, 0xff, 0x10, 0x00,
    0x00, 0x00, 0x00, 0xef, 0xff, 0xff, 0xff, 0x20,
    0x00, 0x00, 0x00, 0x00, 0xef, 0xff, 0xff, 0xff,
    0xd1, 0x00, 0x00, 0x00, 0x00, 0xef, 0xff, 0x9f,
    0xff, 0xfc, 0x00, 0x00, 0x00, 0x00, 0xef, 0xff,
    0x29, 0xff, 0xff, 0xa0, 0x00, 0x00, 0x00, 0xef,
    0xff, 0x20, 0xbf, 0xff, 0xf8, 0x00, 0x00, 0x00,
    0xef, 0xff, 0x20, 0x0c, 0xff, 0xff, 0x60, 0x00,
    0x00, 0xef, 0xff, 0x20, 0x01, 0xef, 0xff, 0xf4,
    0x00, 0x00, 0xef, 0xff, 0x20, 0x00, 0x3f, 0xff,
    0xff, 0x30, 0x00, 0xef, 0xff, 0x20, 0x00, 0x04,
    0xff, 0xff, 0xe1, 0x00, 0xef, 0xff, 0x20, 0x00,
    0x00, 0x6f, 0xff, 0xfd, 0x00, 0xef, 0xff, 0x20,
    0x00, 0x00, 0x09, 0xff, 0xff, 0xb0,

    /* U+004C "L" */
    0xef, 0xff, 0x20, 0x00, 0x00, 0x00, 0x0e, 0xff,
    0xf2, 0x00, 0x00, 0x00, 0x00, 0xef, 0xff, 0x20,
    0x00, 0x00, 0x00, 0x0e, 0xff, 0xf2, 0x00, 0x00,
    0x00, 0x00, 0xef, 0xff, 0x20, 0x00, 0x00, 0x00,
    0x0e, 0xff, 0xf2, 0x00, 0x00, 0x00, 0x00, 0xef,
    0xff, 0x20, 0x00, 0x00, 0x00, 0x0e, 0xff, 0xf2,
    0x00, 0x00, 0x00, 0x00, 0xef, 0xff, 0x20, 0x00,
    0x00, 0x00, 0x0e, 0xff, 0xf2, 0x00, 0x00, 0x00,
    0x00, 0xef, 0xff, 0x20, 0x00, 0x00, 0x00, 0x0e,
    0xff, 0xf2, 0x00, 0x00, 0x00, 0x00, 0xef, 0xff,
    0x20, 0x00, 0x00, 0x00, 0x0e, 0xff, 0xf2, 0x00,
    0x00, 0x00, 0x00, 0xef, 0xff, 0x20, 0x00, 0x00,
    0x00, 0x0e, 0xff, 0xf2, 0x00, 0x00, 0x00, 0x00,
    0xef, 0xff, 0x20, 0x00, 0x00, 0x00, 0x0e, 0xff,
    0xf2, 0x00, 0x00, 0x00, 0x00, 0xef, 0xff, 0xff,
    0xff, 0xff, 0xff, 0xce, 0xff, 0xff, 0xff, 0xff,
    0xff, 0xfc, 0xef, 0xff, 0xff, 0xff, 0xff, 0xff,
    0xce, 0xff, 0xff, 0xff, 0xff, 0xff, 0xfc,

    /* U+004D "M" */
    0x00, 0x00, 0x7f, 0xff, 0x60, 0x00, 0x00, 0x00,
    0x00, 0x7f, 0xff, 0x60, 0x00, 0x00, 0x00, 0x0a,
    0xff, 0xfb, 0x00, 0x00, 0x00, 0x00, 0x0d, 0xff,
    0xf9, 0x00, 0x00, 0x00, 0x00, 0xdf, 0xff, 0xf1,
    0x00, 0x00, 0x00, 0x02, 0xff, 0xff, 0xb0, 0x00,
    0x00, 0x00, 0x0f, 0xff, 0xff, 0x60, 0x00, 0x00,
    0x00, 0x8f, 0xff, 0xfe, 0x00, 0x00, 0x00, 0x02,
    0xff, 0xff, 0xfb, 0x00, 0x00, 0x00, 0x0d, 0xff,
    0xff, 0xf1, 0x00, 0x00, 0x00, 0x5f, 0xff, 0xff,
    0xf1, 0x00, 0x00, 0x02, 0xff, 0xff, 0xff, 0x40,
    0x00, 0x00, 0x08, 0xff, 0xff, 0xff, 0x60, 0x00,
    0x00, 0x8f, 0xff, 0xff, 0xf6, 0x00, 0x00, 0x00,
    0xbf, 0xff, 0xef, 0xfc, 0x00, 0x00, 0x0d, 0xff,
    0xef, 0xff, 0x90, 0x00, 0x00, 0x0d, 0xff, 0xe9,
    0xff, 0xf1, 0x00, 0x03, 0xff, 0xf8, 0xff, 0xfc,
    0x00, 0x00, 0x00, 0xff, 0xfc, 0x4f, 0xff, 0x70,
    0x00, 0x8f, 0xff, 0x2e, 0xff, 0xf0, 0x00, 0x00,
    0x3f, 0xff, 0xa0, 0xff, 0xfc, 0x00, 0x0e, 0xff,
    0xe0, 0xcf, 0xff, 0x10, 0x00, 0x06, 0xff, 0xf8,
    0x0a, 0xff, 0xf2, 0x03, 0xff, 0xf9, 0x09, 0xff,
    0xf4, 0x00, 0x00, 0x8f, 0xff, 0x50, 0x5f, 0xff,
    0x70, 0x9f, 0xff, 0x40, 0x7f, 0xff, 0x70, 0x00,
    0x0b, 0xff, 0xf3, 0x00, 0xff, 0xfc, 0x0e, 0xff,
    0xe0, 0x05, 0xff, 0xfa, 0x00, 0x00, 0xef, 0xff,
    0x10, 0x0a, 0xff, 0xf6, 0xff, 0xf9, 0x00, 0x2f,
    0xff, 0xd0, 0x00, 0x1f, 0xff, 0xe0, 0x00, 0x5f,
    0xff, 0xff, 0xff, 0x30, 0x00, 0xff, 0xff, 0x00,
    0x03, 0xff, 0xfc, 0x00, 0x00, 0xff, 0xff, 0xff,
    0xe0, 0x00, 0x0d, 0xff, 0xf2, 0x00, 0x6f, 0xff,
    0x90, 0x00, 0x0a, 0xff, 0xff, 0xf8, 0x00, 0x00,
    0xbf, 0xff, 0x50, 0x09, 0xff, 0xf7, 0x00, 0x00,
    0x5f, 0xff, 0xff, 0x30, 0x00, 0x08, 0xff, 0xf8,
    0x00, 0xcf, 0xff, 0x40, 0x00, 0x00, 0xff, 0xff,
    0xe0, 0x00, 0x00, 0x6f, 0xff, 0xa0, 0x0e, 0xff,
    0xf2, 0x00, 0x00, 0x0a, 0xff, 0xf8, 0x00, 0x00,
    0x03, 0xff, 0xfd, 0x01, 0xff, 0xff, 0x00, 0x00,
    0x00, 0x4f, 0xff, 0x30, 0x00, 0x00, 0x1f, 0xff,
    0xf0,

    /* U+004E "N" */
    0xef, 0xff, 0x20, 0x00, 0x00, 0x00, 0x00, 0xef,
    0xff, 0x2e, 0xff, 0xfc, 0x00, 0x00, 0x00, 0x00,
    0x0e, 0xff, 0xf2, 0xef, 0xff, 0xf8, 0x00, 0x00,
    0x00, 0x00, 0xef, 0xff, 0x2e, 0xff, 0xff, 0xf4,
    0x00, 0x00, 0x00, 0x0e, 0xff, 0xf2, 0xef, 0xff,
    0xff, 0xe1, 0x00, 0x00, 0x00, 0xef, 0xff, 0x2e,
    0xff, 0xff, 0xff, 0xa0, 0x00, 0x00, 0x0e, 0xff,
    0xf2, 0xef, 0xff, 0xff, 0xff, 0x60, 0x00, 0x00,
    0xef, 0xff, 0x2e, 0xff, 0xff, 0xff, 0xff, 0x20,
    0x00, 0x0e, 0xff, 0xf2, 0xef, 0xff, 0x5f, 0xff,
    0xfd, 0x00, 0x00, 0xef, 0xff, 0x2e, 0xff, 0xf2,
    0x7f, 0xff, 0xf8, 0x00, 0x0e, 0xff, 0xf2, 0xef,
    0xff, 0x20, 0xbf, 0xff, 0xf4, 0x00, 0xef, 0xff,
    0x2e, 0xff, 0xf2, 0x01, 0xef, 0xff, 0xe1, 0x0e,
    0xff, 0xf2, 0xef, 0xff, 0x20, 0x04, 0xff, 0xff,
    0xb0, 0xef, 0xff, 0x2e, 0xff, 0xf2, 0x00, 0x09,
    0xff, 0xff, 0x6e, 0xff, 0xf2, 0xef, 0xff, 0x20,
    0x00, 0x0d, 0xff, 0xff, 0xff, 0xff, 0x2e, 0xff,
    0xf2, 0x00, 0x00, 0x2f, 0xff, 0xff, 0xff, 0xf2,
    0xef, 0xff, 0x20, 0x00, 0x00, 0x6f, 0xff, 0xff,
    0xff, 0x2e, 0xff, 0xf2, 0x00, 0x00, 0x00, 0xbf,
    0xff, 0xff, 0xf2, 0xef, 0xff, 0x20, 0x00, 0x00,
    0x01, 0xef, 0xff, 0xff, 0x2e, 0xff, 0xf2, 0x00,
    0x00, 0x00, 0x04, 0xff, 0xff, 0xf2, 0xef, 0xff,
    0x20, 0x00, 0x00, 0x00, 0x09, 0xff, 0xff, 0x2e,
    0xff, 0xf2, 0x00, 0x00, 0x00, 0x00, 0x0d, 0xff,
    0xf2,

    /* U+004F "O" */
    0x00, 0x00, 0x00, 0x03, 0x8c, 0xef, 0xed, 0xa5,
    0x00, 0x00, 0x00, 0x00, 0x00, 0x00, 0x4c, 0xff,
    0xff, 0xff, 0xff, 0xfe, 0x60, 0x00, 0x00, 0x00,
    0x00, 0x7f, 0xff, 0xff, 0xff, 0xff, 0xff, 0xff,
    0xa0, 0x00, 0x00, 0x00, 0x8f, 0xff, 0xff, 0xff,
    0xff, 0xff, 0xff, 0xff, 0xb0, 0x00, 0x00, 0x4f,
    0xff, 0xff, 0xd7, 0x32, 0x35, 0xbf, 0xff, 0xff,
    0x80, 0x00, 0x0d, 0xff, 0xff, 0x70, 0x00, 0x00,
    0x00, 0x4e, 0xff, 0xff, 0x20, 0x06, 0xff, 0xff,
    0x70, 0x00, 0x00, 0x00, 0x00, 0x3f, 0xff, 0xfa,
    0x00, 0xbf, 0xff, 0xb0, 0x00, 0x00, 0x00, 0x00,
    0x00, 0x7f, 0xff, 0xe0, 0x0f, 0xff, 0xf5, 0x00,
    0x00, 0x00, 0x00, 0x00, 0x01, 0xff, 0xff, 0x31,
    0xff, 0xff, 0x00, 0x00, 0x00, 0x00, 0x00, 0x00,
    0x0c, 0xff, 0xf5, 0x3f, 0xff, 0xf0, 0x00, 0x00,
    0x00, 0x00, 0x00, 0x00, 0xbf, 0xff, 0x73, 0xff,
    0xff, 0x00, 0x00, 0x00, 0x00, 0x00, 0x00, 0x0b,
    0xff, 0xf7, 0x1f, 0xff, 0xf1, 0x00, 0x00, 0x00,
    0x00, 0x00, 0x00, 0xdf, 0xff, 0x50, 0xff, 0xff,
    0x50, 0x00, 0x00, 0x00, 0x00, 0x00, 0x1f, 0xff,
    0xf3, 0x0b, 0xff, 0xfc, 0x00, 0x00, 0x00, 0x00,
    0x00, 0x08, 0xff, 0xfe, 0x00, 0x6f, 0xff, 0xf7,
    0x00, 0x00, 0x00, 0x00, 0x03, 0xff, 0xff, 0x90,
    0x00, 0xdf, 0xff, 0xf8, 0x00, 0x00, 0x00, 0x04,
    0xef, 0xff, 0xf2, 0x00, 0x04, 0xff, 0xff, 0xfd,
    0x74, 0x23, 0x6c, 0xff, 0xff, 0xf8, 0x00, 0x00,
    0x07, 0xff, 0xff, 0xff, 0xff, 0xff, 0xff, 0xff,
    0xfb, 0x00, 0x00, 0x00, 0x07, 0xff, 0xff, 0xff,
    0xff, 0xff, 0xff, 0xfa, 0x00, 0x00, 0x00, 0x00,
    0x03, 0xcf, 0xff, 0xff, 0xff, 0xff, 0xe6, 0x00,
    0x00, 0x00, 0x00, 0x00, 0x00, 0x38, 0xce, 0xfe,
    0xda, 0x50, 0x00, 0x00, 0x00,

    /* U+0050 "P" */
    0xef, 0xff, 0xff, 0xff, 0xfc, 0x81, 0x00, 0x00,
    0xef, 0xff, 0xff, 0xff, 0xff, 0xff, 0x60, 0x00,
    0xef, 0xff, 0xff, 0xff, 0xff, 0xff, 0xf7, 0x00,
    0xef, 0xff, 0xff, 0xff, 0xff, 0xff, 0xff, 0x20,
    0xef, 0xff, 0x20, 0x00, 0x28, 0xff, 0xff, 0xa0,
    0xef, 0xff, 0x20, 0x00, 0x00, 0x7f, 0xff, 0xf0,
    0xef, 0xff, 0x20, 0x00, 0x00, 0x0f, 0xff, 0xf3,
    0xef, 0xff, 0x20, 0x00, 0x00, 0x0d, 0xff, 0xf4,
    0xef, 0xff, 0x20, 0x00, 0x00, 0x0d, 0xff, 0xf4,
    0xef, 0xff, 0x20, 0x00, 0x00, 0x0f, 0xff, 0xf3,
    0xef, 0xff, 0x20, 0x00, 0x00, 0x8f, 0xff, 0xf0,
    0xef, 0xff, 0x30, 0x00, 0x29, 0xff, 0xff, 0xa0,
    0xef, 0xff, 0xff, 0xff, 0xff, 0xff, 0xff, 0x30,
    0xef, 0xff, 0xff, 0xff, 0xff, 0xff, 0xf7, 0x00,
    0xef, 0xff, 0xff, 0xff, 0xff, 0xff, 0x60, 0x00,
    0xef, 0xff, 0xff, 0xff, 0xec, 0x81, 0x00, 0x00,
    0xef, 0xff, 0x20, 0x00, 0x00, 0x00, 0x00, 0x00,
    0xef, 0xff, 0x20, 0x00, 0x00, 0x00, 0x00, 0x00,
    0xef, 0xff, 0x20, 0x00, 0x00, 0x00, 0x00, 0x00,
    0xef, 0xff, 0x20, 0x00, 0x00, 0x00, 0x00, 0x00,
    0xef, 0xff, 0x20, 0x00, 0x00, 0x00, 0x00, 0x00,
    0xef, 0xff, 0x20, 0x00, 0x00, 0x00, 0x00, 0x00,

    /* U+0051 "Q" */
    0x00, 0x00, 0x00, 0x03, 0x8c, 0xef, 0xed, 0xa5,
    0x00, 0x00, 0x00, 0x00, 0x00, 0x00, 0x4c, 0xff,
    0xff, 0xff, 0xff, 0xfe, 0x60, 0x00, 0x00, 0x00,
    0x00, 0x7f, 0xff, 0xff, 0xff, 0xff, 0xff, 0xff,
    0xa0, 0x00, 0x00, 0x00, 0x8f, 0xff, 0xff, 0xff,
    0xff, 0xff, 0xff, 0xff, 0xb0, 0x00, 0x00, 0x4f,
    0xff, 0xff, 0xd7, 0x32, 0x35, 0xbf, 0xff, 0xff,
    0x80, 0x00, 0x0d, 0xff, 0xff, 0x70, 0x00, 0x00,
    0x00, 0x4e, 0xff, 0xff, 0x20, 0x06, 0xff, 0xff,
    0x70, 0x00, 0x00, 0x00, 0x00, 0x3f, 0xff, 0xfa,
    0x00, 0xbf, 0xff, 0xb0, 0x00, 0x00, 0x00, 0x00,
    0x00, 0x7f, 0xff, 0xe0, 0x0f, 0xff, 0xf5, 0x00,
    0x00, 0x00, 0x00, 0x00, 0x01, 0xff, 0xff, 0x31,
    0xff, 0xff, 0x00, 0x00, 0x00, 0x00, 0x00, 0x00,
    0x0c, 0xff, 0xf5, 0x3f, 0xff, 0xf0, 0x00, 0x00,
    0x00, 0x00, 0x00, 0x00, 0xbf, 0xff, 0x73, 0xff,
    0xff, 0x00, 0x00, 0x00, 0x00, 0x00, 0x00, 0x0b,
    0xff, 0xf7, 0x1f, 0xff, 0xf1, 0x00, 0x00, 0x06,
    0x99, 0x94, 0x00, 0xdf, 0xff, 0x50, 0xff, 0xff,
    0x50, 0x00, 0x00, 0x3f, 0xff, 0xe0, 0x1f, 0xff,
    0xf3, 0x0b, 0xff, 0xfc, 0x00, 0x00, 0x00, 0x9f,
    0xff, 0x88, 0xff, 0xfe, 0x00, 0x6f, 0xff, 0xf7,
    0x00, 0x00, 0x01, 0xef, 0xff, 0xff, 0xff, 0x90,
    0x00, 0xdf, 0xff, 0xf8, 0x00, 0x00, 0x06, 0xff,
    0xff, 0xff, 0xf2, 0x00, 0x04, 0xff, 0xff, 0xfd,
    0x74, 0x23, 0x6f, 0xff, 0xff, 0xf8, 0x00, 0x00,
    0x07, 0xff, 0xff, 0xff, 0xff, 0xff, 0xff, 0xff,
    0xfc, 0x00, 0x00, 0x00, 0x07, 0xff, 0xff, 0xff,
    0xff, 0xff, 0xff, 0xff, 0x90, 0x00, 0x00, 0x00,
    0x03, 0xcf, 0xff, 0xff, 0xff, 0xff, 0xff, 0xff,
    0x20, 0x00, 0x00, 0x00, 0x00, 0x38, 0xce, 0xfe,
    0xda, 0x57, 0xff, 0xfb, 0x00, 0x00, 0x00, 0x00,
    0x00, 0x00, 0x00, 0x00, 0x00, 0x0d, 0xff, 0xf4,
    0x00,

    /* U+0052 "R" */
    0xef, 0xff, 0xff, 0xff, 0xed, 0x93, 0x00, 0x00,
    0xef, 0xff, 0xff, 0xff, 0xff, 0xff, 0x90, 0x00,
    0xef, 0xff, 0xff, 0xff, 0xff, 0xff, 0xfb, 0x00,
    0xef, 0xff, 0xff, 0xff, 0xff, 0xff, 0xff, 0x70,
    0xef, 0xff, 0x20, 0x00, 0x27, 0xef, 0xff, 0xe0,
    0xef, 0xff, 0x20, 0x00, 0x00, 0x3f, 0xff, 0xf4,
    0xef, 0xff, 0x20, 0x00, 0x00, 0x0b, 0xff, 0xf6,
    0xef, 0xff, 0x20, 0x00, 0x00, 0x0a, 0xff, 0xf8,
    0xef, 0xff, 0x20, 0x00, 0x00, 0x0b, 0xff, 0xf6,
    0xef, 0xff, 0x20, 0x00, 0x00, 0x3f, 0xff, 0xf4,
    0xef, 0xff, 0x20, 0x00, 0x27, 0xef, 0xff, 0xe0,
    0xef, 0xff, 0xff, 0xff, 0xff, 0xff, 0xff, 0x70,
    0xef, 0xff, 0xff, 0xff, 0xff, 0xff, 0xfb, 0x00,
    0xef, 0xff, 0xff, 0xff, 0xff, 0xff, 0x90, 0x00,
    0xef, 0xff, 0xff, 0xff, 0xff, 0xff, 0x00, 0x00,
    0xef, 0xff, 0x20, 0x01, 0xff, 0xff, 0x60, 0x00,
    0xef, 0xff, 0x20, 0x00, 0x8f, 0xff, 0xe0, 0x00,
    0xef, 0xff, 0x20, 0x00, 0x1f, 0xff, 0xf7, 0x00,
    0xef, 0xff, 0x20, 0x00, 0x07, 0xff, 0xfe, 0x00,
    0xef, 0xff, 0x20, 0x00, 0x00, 0xef, 0xff, 0x70,
    0xef, 0xff, 0x20, 0x00, 0x00, 0x7f, 0xff, 0xe0,
    0xef, 0xff, 0x20, 0x00, 0x00, 0x0e, 0xff, 0xf8,

    /* U+0053 "S" */
    0x00, 0x00, 0x05, 0xad, 0xff, 0xeb, 0x50, 0x00,
    0x00, 0x00, 0x2c, 0xff, 0xff, 0xff, 0xff, 0xc2,
    0x00, 0x00, 0x2e, 0xff, 0xff, 0xff, 0xff, 0xff,
    0xf3, 0x00, 0x0b, 0xff, 0xff, 0xff, 0xff, 0xff,
    0xff, 0xe0, 0x01, 0xff, 0xff, 0xa2, 0x00, 0x4b,
    0xff, 0xe5, 0x00, 0x3f, 0xff, 0xe0, 0x00, 0x00,
    0x07, 0xb1, 0x00, 0x04, 0xff, 0xfd, 0x00, 0x00,
    0x00, 0x00, 0x00, 0x00, 0x2f, 0xff, 0xf5, 0x00,
    0x00, 0x00, 0x00, 0x00, 0x00, 0xdf, 0xff, 0xfa,
    0x40, 0x00, 0x00, 0x00, 0x00, 0x05, 0xff, 0xff,
    0xff, 0xfc, 0x71, 0x00, 0x00, 0x00, 0x07, 0xff,
    0xff, 0xff, 0xff, 0xfa, 0x10, 0x00, 0x00, 0x03,
    0xbf, 0xff, 0xff, 0xff, 0xfe, 0x20, 0x00, 0x00,
    0x00, 0x16, 0xae, 0xff, 0xff, 0xfd, 0x00, 0x00,
    0x00, 0x00, 0x00, 0x05, 0xdf, 0xff, 0xf4, 0x00,
    0x00, 0x00, 0x00, 0x00, 0x00, 0xdf, 0xff, 0x80,
    0x03, 0xc8, 0x00, 0x00, 0x00, 0x08, 0xff, 0xf9,
    0x09, 0xff, 0xf6, 0x00, 0x00, 0x00, 0xbf, 0xff,
    0x80, 0xcf, 0xff, 0xfa, 0x30, 0x01, 0x8f, 0xff,
    0xf5, 0x02, 0xff, 0xff, 0xff, 0xff, 0xff, 0xff,
    0xfe, 0x00, 0x05, 0xff, 0xff, 0xff, 0xff, 0xff,
    0xff, 0x30, 0x00, 0x03, 0xdf, 0xff, 0xff, 0xff,
    0xfe, 0x40, 0x00, 0x00, 0x00, 0x5a, 0xdf, 0xfd,
    0xb6, 0x00, 0x00,

    /* U+0054 "T" */
    0xbf, 0xff, 0xff, 0xff, 0xff, 0xff, 0xff, 0xff,
    0xf4, 0xbf, 0xff, 0xff, 0xff, 0xff, 0xff, 0xff,
    0xff, 0xf4, 0xbf, 0xff, 0xff, 0xff, 0xff, 0xff,
    0xff, 0xff, 0xf4, 0xbf, 0xff, 0xff, 0xff, 0xff,
    0xff, 0xff, 0xff, 0xf4, 0x00, 0x00, 0x00, 0x5f,
    0xff, 0xc0, 0x00, 0x00, 0x00, 0x00, 0x00, 0x00,
    0x5f, 0xff, 0xc0, 0x00, 0x00, 0x00, 0x00, 0x00,
    0x00, 0x5f, 0xff, 0xc0, 0x00, 0x00, 0x00, 0x00,
    0x00, 0x00, 0x5f, 0xff, 0xc0, 0x00, 0x00, 0x00,
    0x00, 0x00, 0x00, 0x5f, 0xff, 0xc0, 0x00, 0x00,
    0x00, 0x00, 0x00, 0x00, 0x5f, 0xff, 0xc0, 0x00,
    0x00, 0x00, 0x00, 0x00, 0x00, 0x5f, 0xff, 0xc0,
    0x00, 0x00, 0x00, 0x00, 0x00, 0x00, 0x5f, 0xff,
    0xc0, 0x00, 0x00, 0x00, 0x00, 0x00, 0x00, 0x5f,
    0xff, 0xc0, 0x00, 0x00, 0x00, 0x00, 0x00, 0x00,
    0x5f, 0xff, 0xc0, 0x00, 0x00, 0x00, 0x00, 0x00,
    0x00, 0x5f, 0xff, 0xc0, 0x00, 0x00, 0x00, 0x00,
    0x00, 0x00, 0x5f, 0xff, 0xc0, 0x00, 0x00, 0x00,
    0x00, 0x00, 0x00, 0x5f, 0xff, 0xc0, 0x00, 0x00,
    0x00, 0x00, 0x00, 0x00, 0x5f, 0xff, 0xc0, 0x00,
    0x00, 0x00, 0x00, 0x00, 0x00, 0x5f, 0xff, 0xc0,
    0x00, 0x00, 0x00, 0x00, 0x00, 0x00, 0x5f, 0xff,
    0xc0, 0x00, 0x00, 0x00, 0x00, 0x00, 0x00, 0x5f,
    0xff, 0xc0, 0x00, 0x00, 0x00, 0x00, 0x00, 0x00,
    0x5f, 0xff, 0xc0, 0x00, 0x00, 0x00,

    /* U+0055 "U" */
    0x0f, 0xff, 0xf1, 0x00, 0x00, 0x00, 0x02, 0xff,
    0xfe, 0x0f, 0xff, 0xf1, 0x00, 0x00, 0x00, 0x02,
    0xff, 0xfe, 0x0f, 0xff, 0xf1, 0x00, 0x00, 0x00,
    0x02, 0xff, 0xfe, 0x0f, 0xff, 0xf1, 0x00, 0x00,
    0x00, 0x02, 0xff, 0xfe, 0x0f, 0xff, 0xf1, 0x00,
    0x00, 0x00, 0x02, 0xff, 0xfe, 0x0f, 0xff, 0xf1,
    0x00, 0x00, 0x00, 0x02, 0xff, 0xfe, 0x0f, 0xff,
    0xf1, 0x00, 0x00, 0x00, 0x02, 0xff, 0xfe, 0x0f,
    0xff, 0xf1, 0x00, 0x00, 0x00, 0x02, 0xff, 0xfe,
    0x0f, 0xff, 0xf1, 0x00, 0x00, 0x00, 0x02, 0xff,
    0xfe, 0x0f, 0xff, 0xf1, 0x00, 0x00, 0x00, 0x02,
    0xff, 0xfe, 0x0f, 0xff, 0xf1, 0x00, 0x00, 0x00,
    0x02, 0xff, 0xfe, 0x0f, 0xff, 0xf1, 0x00, 0x00,
    0x00, 0x02, 0xff, 0xfe, 0x0f, 0xff, 0xf1, 0x00,
    0x00, 0x00, 0x02, 0xff, 0xfe, 0x0f, 0xff, 0xf1,
    0x00, 0x00, 0x00, 0x03, 0xff, 0xfe, 0x0e, 0xff,
    0xf4, 0x00, 0x00, 0x00, 0x05, 0xff, 0xfc, 0x0c,
    0xff, 0xf9, 0x00, 0x00, 0x00, 0x0a, 0xff, 0xfa,
    0x08, 0xff, 0xff, 0x30, 0x00, 0x00, 0x4f, 0xff,
    0xf6, 0x02, 0xff, 0xff, 0xf7, 0x21, 0x38, 0xff,
    0xff, 0xf1, 0x00, 0x9f, 0xff, 0xff, 0xff, 0xff,
    0xff, 0xff, 0x70, 0x00, 0x0c, 0xff, 0xff, 0xff,
    0xff, 0xff, 0xfb, 0x00, 0x00, 0x00, 0xaf, 0xff,
    0xff, 0xff, 0xff, 0x90, 0x00, 0x00, 0x00, 0x03,
    0x9d, 0xff, 0xfc, 0x93, 0x00, 0x00,

    /* U+0056 "V" */
    0x9f, 0xff, 0x90, 0x00, 0x00, 0x00, 0x00, 0x09,
    0xff, 0xf8, 0x4f, 0xff, 0xe0, 0x00, 0x00, 0x00,
    0x00, 0x0e, 0xff, 0xf3, 0x0e, 0xff, 0xf3, 0x00,
    0x00, 0x00, 0x00, 0x3f, 0xff, 0xd0, 0x09, 0xff,
    0xf8, 0x00, 0x00, 0x00, 0x00, 0x9f, 0xff, 0x80,
    0x04, 0xff, 0xfe, 0x00, 0x00, 0x00, 0x00, 0xef,
    0xff, 0x30, 0x00, 0xef, 0xff, 0x30, 0x00, 0x00,
    0x03, 0xff, 0xfd, 0x00, 0x00, 0x9f, 0xff, 0x80,
    0x00, 0x00, 0x08, 0xff, 0xf8, 0x00, 0x00, 0x4f,
    0xff, 0xd0, 0x00, 0x00, 0x0e, 0xff, 0xf3, 0x00,
    0x00, 0x0e, 0xff, 0xf3, 0x00, 0x00, 0x3f, 0xff,
    0xd0, 0x00, 0x00, 0x09, 0xff, 0xf8, 0x00, 0x00,
    0x8f, 0xff, 0x80, 0x00, 0x00, 0x04, 0xff, 0xfd,
    0x00, 0x00, 0xdf, 0xff, 0x30, 0x00, 0x00, 0x00,
    0xef, 0xff, 0x20, 0x03, 0xff, 0xfe, 0x00, 0x00,
    0x00, 0x00, 0x9f, 0xff, 0x70, 0x08, 0xff, 0xf8,
    0x00, 0x00, 0x00, 0x00, 0x4f, 0xff, 0xd0, 0x0d,
    0xff, 0xf3, 0x00, 0x00, 0x00, 0x00, 0x0e, 0xff,
    0xf2, 0x3f, 0xff, 0xe0, 0x00, 0x00, 0x00, 0x00,
    0x09, 0xff, 0xf7, 0x8f, 0xff, 0x80, 0x00, 0x00,
    0x00, 0x00, 0x04, 0xff, 0xfc, 0xdf, 0xff, 0x30,
    0x00, 0x00, 0x00, 0x00, 0x00, 0xef, 0xff, 0xff,
    0xfe, 0x00, 0x00, 0x00, 0x00, 0x00, 0x00, 0xaf,
    0xff, 0xff, 0xf9, 0x00, 0x00, 0x00, 0x00, 0x00,
    0x00, 0x4f, 0xff, 0xff, 0xf3, 0x00, 0x00, 0x00,
    0x00, 0x00, 0x00, 0x0f, 0xff, 0xff, 0xe0, 0x00,
    0x00, 0x00, 0x00, 0x00, 0x00, 0x0a, 0xff, 0xff,
    0x90, 0x00, 0x00, 0x00,

    /* U+0057 "W" */
    0x6f, 0xff, 0xa0, 0x00, 0x00, 0x00, 0x0f, 0xff,
    0xf5, 0x00, 0x00, 0x00, 0x03, 0xff, 0xfd, 0x2f,
    0xff, 0xe0, 0x00, 0x00, 0x00, 0x3f, 0xff, 0xf9,
    0x00, 0x00, 0x00, 0x07, 0xff, 0xf9, 0x0e, 0xff,
    0xf2, 0x00, 0x00, 0x00, 0x7f, 0xff, 0xfe, 0x00,
    0x00, 0x00, 0x0b, 0xff, 0xf5, 0x0a, 0xff, 0xf6,
    0x00, 0x00, 0x00, 0xcf, 0xff, 0xff, 0x20, 0x00,
    0x00, 0x0f, 0xff, 0xf1, 0x06, 0xff, 0xfa, 0x00,
    0x00, 0x01, 0xff, 0xff, 0xff, 0x70, 0x00, 0x00,
    0x4f, 0xff, 0xc0, 0x01, 0xff, 0xfe, 0x00, 0x00,
    0x05, 0xff, 0xff, 0xff, 0xc0, 0x00, 0x00, 0x8f,
    0xff, 0x80, 0x00, 0xdf, 0xff, 0x20, 0x00, 0x0a,
    0xff, 0xff, 0xff, 0xf1, 0x00, 0x00, 0xcf, 0xff,
    0x40, 0x00, 0x9f, 0xff, 0x60, 0x00, 0x0e, 0xff,
    0xf9, 0xff, 0xf5, 0x00, 0x00, 0xff, 0xff, 0x00,
    0x00, 0x5f, 0xff, 0xa0, 0x00, 0x3f, 0xff, 0xb4,
    0xff, 0xfa, 0x00, 0x04, 0xff, 0xfb, 0x00, 0x00,
    0x1f, 0xff, 0xe0, 0x00, 0x8f, 0xff, 0x60, 0xff,
    0xfe, 0x00, 0x08, 0xff, 0xf7, 0x00, 0x00, 0x0d,
    0xff, 0xf2, 0x00, 0xcf, 0xff, 0x10, 0xbf, 0xff,
    0x30, 0x0c, 0xff, 0xf3, 0x00, 0x00, 0x08, 0xff,
    0xf6, 0x01, 0xff, 0xfd, 0x00, 0x6f, 0xff, 0x80,
    0x0f, 0xff, 0xf0, 0x00, 0x00, 0x04, 0xff, 0xfa,
    0x06, 0xff, 0xf8, 0x00, 0x1f, 0xff, 0xc0, 0x4f,
    0xff, 0xb0, 0x00, 0x00, 0x00, 0xff, 0xfe, 0x0a,
    0xff, 0xf3, 0x00, 0x0d, 0xff, 0xf1, 0x8f, 0xff,
    0x60, 0x00, 0x00, 0x00, 0xcf, 0xff, 0x3f, 0xff,
    0xe0, 0x00, 0x08, 0xff, 0xf5, 0xcf, 0xff, 0x20,
    0x00, 0x00, 0x00, 0x8f, 0xff, 0xbf, 0xff, 0xa0,
    0x00, 0x03, 0xff, 0xfb, 0xff, 0xfe, 0x00, 0x00,
    0x00, 0x00, 0x3f, 0xff, 0xff, 0xff, 0x50, 0x00,
    0x00, 0xef, 0xff, 0xff, 0xfa, 0x00, 0x00, 0x00,
    0x00, 0x0f, 0xff, 0xff, 0xff, 0x10, 0x00, 0x00,
    0xaf, 0xff, 0xff, 0xf6, 0x00, 0x00, 0x00, 0x00,
    0x0b, 0xff, 0xff, 0xfc, 0x00, 0x00, 0x00, 0x5f,
    0xff, 0xff, 0xf1, 0x00, 0x00, 0x00, 0x00, 0x07,
    0xff, 0xff, 0xf7, 0x00, 0x00, 0x00, 0x1f, 0xff,
    0xff, 0xd0, 0x00, 0x00, 0x00, 0x00, 0x03, 0xff,
    0xff, 0xf3, 0x00, 0x00, 0x00, 0x0c, 0xff, 0xff,
    0x90, 0x00, 0x00, 0x00, 0x00, 0x00, 0xef, 0xff,
    0xe0, 0x00, 0x00, 0x00, 0x07, 0xff, 0xff, 0x50,
    0x00, 0x00,

    /* U+0058 "X" */
    0x3f, 0xff, 0xfa, 0x00, 0x00, 0x00, 0x00, 0x1e,
    0xff, 0xfd, 0x00, 0x8f, 0xff, 0xf5, 0x00, 0x00,
    0x00, 0x09, 0xff, 0xff, 0x30, 0x00, 0xdf, 0xff,
    0xe0, 0x00, 0x00, 0x04, 0xff, 0xff, 0x80, 0x00,
    0x03, 0xff, 0xff, 0x90, 0x00, 0x00, 0xdf, 0xff,
    0xd0, 0x00, 0x00, 0x08, 0xff, 0xff, 0x40, 0x00,
    0x8f, 0xff, 0xf3, 0x00, 0x00, 0x00, 0x0d, 0xff,
    0xfd, 0x00, 0x3f, 0xff, 0xf8, 0x00, 0x00, 0x00,
    0x00, 0x3f, 0xff, 0xf8, 0x0c, 0xff, 0xfd, 0x00,
    0x00, 0x00, 0x00, 0x00, 0x8f, 0xff, 0xfa, 0xff,
    0xff, 0x30, 0x00, 0x00, 0x00, 0x00, 0x00, 0xdf,
    0xff, 0xff, 0xff, 0x80, 0x00, 0x00, 0x00, 0x00,
    0x00, 0x03, 0xff, 0xff, 0xff, 0xd0, 0x00, 0x00,
    0x00, 0x00, 0x00, 0x00, 0x0a, 0xff, 0xff, 0xf3,
    0x00, 0x00, 0x00, 0x00, 0x00, 0x00, 0x00, 0xcf,
    0xff, 0xff, 0x30, 0x00, 0x00, 0x00, 0x00, 0x00,
    0x00, 0x6f, 0xff, 0xff, 0xfd, 0x00, 0x00, 0x00,
    0x00, 0x00, 0x00, 0x2f, 0xff, 0xff, 0xff, 0xf8,
    0x00, 0x00, 0x00, 0x00, 0x00, 0x0b, 0xff, 0xff,
    0xcf, 0xff, 0xf3, 0x00, 0x00, 0x00, 0x00, 0x06,
    0xff, 0xff, 0x61, 0xef, 0xff, 0xd0, 0x00, 0x00,
    0x00, 0x02, 0xff, 0xff, 0xc0, 0x05, 0xff, 0xff,
    0x80, 0x00, 0x00, 0x00, 0xbf, 0xff, 0xf2, 0x00,
    0x0a, 0xff, 0xff, 0x30, 0x00, 0x00, 0x6f, 0xff,
    0xf7, 0x00, 0x00, 0x1e, 0xff, 0xfd, 0x00, 0x00,
    0x2f, 0xff, 0xfc, 0x00, 0x00, 0x00, 0x5f, 0xff,
    0xf8, 0x00, 0x0b, 0xff, 0xff, 0x30, 0x00, 0x00,
    0x00, 0xbf, 0xff, 0xf3, 0x06, 0xff, 0xff, 0x80,
    0x00, 0x00, 0x00, 0x01, 0xff, 0xff, 0xd0,

    /* U+0059 "Y" */
    0x0c, 0xff, 0xfa, 0x00, 0x00, 0x00, 0x00, 0x6f,
    0xff, 0xf1, 0x05, 0xff, 0xff, 0x20, 0x00, 0x00,
    0x00, 0xef, 0xff, 0x80, 0x00, 0xdf, 0xff, 0xa0,
    0x00, 0x00, 0x06, 0xff, 0xff, 0x10, 0x00, 0x5f,
    0xff, 0xf2, 0x00, 0x00, 0x0d, 0xff, 0xf8, 0x00,
    0x00, 0x0d, 0xff, 0xf9, 0x00, 0x00, 0x5f, 0xff,
    0xf1, 0x00, 0x00, 0x05, 0xff, 0xff, 0x10, 0x00,
    0xdf, 0xff, 0x70, 0x00, 0x00, 0x00, 0xdf, 0xff,
    0x80, 0x05, 0xff, 0xfe, 0x00, 0x00, 0x00, 0x00,
    0x5f, 0xff, 0xf1, 0x0c, 0xff, 0xf7, 0x00, 0x00,
    0x00, 0x00, 0x0d, 0xff, 0xf8, 0x4f, 0xff, 0xe0,
    0x00, 0x00, 0x00, 0x00, 0x05, 0xff, 0xff, 0xdf,
    0xff, 0x70, 0x00, 0x00, 0x00, 0x00, 0x00, 0xdf,
    0xff, 0xff, 0xfe, 0x00, 0x00, 0x00, 0x00, 0x00,
    0x00, 0x5f, 0xff, 0xff, 0xf7, 0x00, 0x00, 0x00,
    0x00, 0x00, 0x00, 0x0d, 0xff, 0xff, 0xf0, 0x00,
    0x00, 0x00, 0x00, 0x00, 0x00, 0x05, 0xff, 0xff,
    0x90, 0x00, 0x00, 0x00, 0x00, 0x00, 0x00, 0x00,
    0xff, 0xff, 0x20, 0x00, 0x00, 0x00, 0x00, 0x00,
    0x00, 0x00, 0xff, 0xff, 0x20, 0x00, 0x00, 0x00,
    0x00, 0x00, 0x00, 0x00, 0xff, 0xff, 0x20, 0x00,
    0x00, 0x00, 0x00, 0x00, 0x00, 0x00, 0xff, 0xff,
    0x20, 0x00, 0x00, 0x00, 0x00, 0x00, 0x00, 0x00,
    0xff, 0xff, 0x20, 0x00, 0x00, 0x00, 0x00, 0x00,
    0x00, 0x00, 0xff, 0xff, 0x20, 0x00, 0x00, 0x00,
    0x00, 0x00, 0x00, 0x00, 0xff, 0xff, 0x20, 0x00,
    0x00, 0x00, 0x00, 0x00, 0x00, 0x00, 0xff, 0xff,
    0x20, 0x00, 0x00, 0x00,

    /* U+005A "Z" */
    0x6f, 0xff, 0xff, 0xff, 0xff, 0xff, 0xff, 0xf8,
    0x6f, 0xff, 0xff, 0xff, 0xff, 0xff, 0xff, 0xf8,
    0x6f, 0xff, 0xff, 0xff, 0xff, 0xff, 0xff, 0xf8,
    0x6f, 0xff, 0xff, 0xff, 0xff, 0xff, 0xff, 0xf4,
    0x00, 0x00, 0x00, 0x00, 0x00, 0xef, 0xff, 0xa0,
    0x00, 0x00, 0x00, 0x00, 0x0a, 0xff, 0xfe, 0x10,
    0x00, 0x00, 0x00, 0x00, 0x4f, 0xff, 0xf4, 0x00,
    0x00, 0x00, 0x00, 0x01, 0xef, 0xff, 0x90, 0x00,
    0x00, 0x00, 0x00, 0x0a, 0xff, 0xfe, 0x00, 0x00,
    0x00, 0x00, 0x00, 0x5f, 0xff, 0xf4, 0x00, 0x00,
    0x00, 0x00, 0x01, 0xef, 0xff, 0x90, 0x00, 0x00,
    0x00, 0x00, 0x0b, 0xff, 0xfe, 0x00, 0x00, 0x00,
    0x00, 0x00, 0x6f, 0xff, 0xf4, 0x00, 0x00, 0x00,
    0x00, 0x02, 0xff, 0xff, 0x90, 0x00, 0x00, 0x00,
    0x00, 0x0c, 0xff, 0xfd, 0x00, 0x00, 0x00, 0x00,
    0x00, 0x7f, 0xff, 0xf3, 0x00, 0x00, 0x00, 0x00,
    0x02, 0xff, 0xff, 0x90, 0x00, 0x00, 0x00, 0x00,
    0x0c, 0xff, 0xfd, 0x00, 0x00, 0x00, 0x00, 0x00,
    0x7f, 0xff, 0xff, 0xff, 0xff, 0xff, 0xff, 0xfa,
    0xaf, 0xff, 0xff, 0xff, 0xff, 0xff, 0xff, 0xfa,
    0xaf, 0xff, 0xff, 0xff, 0xff, 0xff, 0xff, 0xfa,
    0xaf, 0xff, 0xff, 0xff, 0xff, 0xff, 0xff, 0xfa,

    /* U+005B "[" */
    0x0e, 0xef, 0xff, 0xee, 0x60, 0xff, 0xff, 0xff,
    0xf7, 0x0f, 0xff, 0xff, 0xff, 0x70, 0xff, 0xff,
    0xff, 0xf7, 0x0f, 0xff, 0xf1, 0x00, 0x00, 0xff,
    0xff, 0x10, 0x00, 0x0f, 0xff, 0xf1, 0x00, 0x00,
    0xff, 0xff, 0x10, 0x00, 0x0f, 0xff, 0xf1, 0x00,
    0x00, 0xff, 0xff, 0x10, 0x00, 0x0f, 0xff, 0xf1,
    0x00, 0x00, 0xff, 0xff, 0x10, 0x00, 0x0f, 0xff,
    0xf1, 0x00, 0x00, 0xff, 0xff, 0x10, 0x00, 0x0f,
    0xff, 0xf1, 0x00, 0x00, 0xff, 0xff, 0x10, 0x00,
    0x0f, 0xff, 0xf1, 0x00, 0x00, 0xff, 0xff, 0x10,
    0x00, 0x0f, 0xff, 0xf1, 0x00, 0x00, 0xff, 0xff,
    0x10, 0x00, 0x0f, 0xff, 0xf1, 0x00, 0x00, 0xff,
    0xff, 0x10, 0x00, 0x0f, 0xff, 0xf1, 0x00, 0x00,
    0xff, 0xff, 0x10, 0x00, 0x0f, 0xff, 0xf1, 0x00,
    0x00, 0xff, 0xff, 0x10, 0x00, 0x0f, 0xff, 0xff,
    0xee, 0x60, 0xff, 0xff, 0xff, 0xf7, 0x0f, 0xff,
    0xff, 0xff, 0x70, 0xff, 0xff, 0xff, 0xf7,

    /* U+005C "\\" */
    0x00, 0x04, 0x30, 0x00, 0x00, 0x00, 0x00, 0x00,
    0x04, 0xcf, 0xb0, 0x00, 0x00, 0x00, 0x00, 0x00,
    0x0d, 0xff, 0xf3, 0x00, 0x00, 0x00, 0x00, 0x00,
    0x06, 0xff, 0xfa, 0x00, 0x00, 0x00, 0x00, 0x00,
    0x00, 0xef, 0xff, 0x20, 0x00, 0x00, 0x00, 0x00,
    0x00, 0x7f, 0xff, 0xa0, 0x00, 0x00, 0x00, 0x00,
    0x00, 0x0e, 0xff, 0xf1, 0x00, 0x00, 0x00, 0x00,
    0x00, 0x08, 0xff, 0xf9, 0x00, 0x00, 0x00, 0x00,
    0x00, 0x01, 0xff, 0xff, 0x10, 0x00, 0x00, 0x00,
    0x00, 0x00, 0x8f, 0xff, 0x80, 0x00, 0x00, 0x00,
    0x00, 0x00, 0x1f, 0xff, 0xe0, 0x00, 0x00, 0x00,
    0x00, 0x00, 0x09, 0xff, 0xf7, 0x00, 0x00, 0x00,
    0x00, 0x00, 0x02, 0xff, 0xfe, 0x00, 0x00, 0x00,
    0x00, 0x00, 0x00, 0xaf, 0xff, 0x60, 0x00, 0x00,
    0x00, 0x00, 0x00, 0x3f, 0xff, 0xd0, 0x00, 0x00,
    0x00, 0x00, 0x00, 0x0b, 0xff, 0xf5, 0x00, 0x00,
    0x00, 0x00, 0x00, 0x03, 0xff, 0xfd, 0x00, 0x00,
    0x00, 0x00, 0x00, 0x00, 0xcf, 0xff, 0x40, 0x00,
    0x00, 0x00, 0x00, 0x00, 0x4f, 0xff, 0xc0, 0x00,
    0x00, 0x00, 0x00, 0x00, 0x0d, 0xff, 0xf3, 0x00,
    0x00, 0x00, 0x00, 0x00, 0x05, 0xff, 0xfb, 0x00,
    0x00, 0x00, 0x00, 0x00, 0x00, 0xdf, 0xff, 0x20,
    0x00, 0x00, 0x00, 0x00, 0x00, 0x6f, 0xff, 0xa0,
    0x00, 0x00, 0x00, 0x00, 0x00, 0x0e, 0xff, 0xf2,
    0x00, 0x00, 0x00, 0x00, 0x00, 0x07, 0xff, 0xf9,
    0x00, 0x00, 0x00, 0x00, 0x00, 0x00, 0xff, 0xf8,
    0x00, 0x00, 0x00, 0x00, 0x00, 0x00, 0x78, 0x10,

    /* U+005D "]" */
    0x7e, 0xef, 0xff, 0xed, 0x8f, 0xff, 0xff, 0xff,
    0x8f, 0xff, 0xff, 0xff, 0x8f, 0xff, 0xff, 0xff,
    0x00, 0x02, 0xff, 0xff, 0x00, 0x02, 0xff, 0xff,
    0x00, 0x02, 0xff, 0xff, 0x00, 0x02, 0xff, 0xff,
    0x00, 0x02, 0xff, 0xff, 0x00, 0x02, 0xff, 0xff,
    0x00, 0x02, 0xff, 0xff, 0x00, 0x02, 0xff, 0xff,
    0x00, 0x02, 0xff, 0xff, 0x00, 0x02, 0xff, 0xff,
    0x00, 0x02, 0xff, 0xff, 0x00, 0x02, 0xff, 0xff,
    0x00, 0x02, 0xff, 0xff, 0x00, 0x02, 0xff, 0xff,
    0x00, 0x02, 0xff, 0xff, 0x00, 0x02, 0xff, 0xff,
    0x00, 0x02, 0xff, 0xff, 0x00, 0x02, 0xff, 0xff,
    0x00, 0x02, 0xff, 0xff, 0x00, 0x02, 0xff, 0xff,
    0x00, 0x02, 0xff, 0xff, 0x00, 0x02, 0xff, 0xff,
    0x7e, 0xef, 0xff, 0xff, 0x8f, 0xff, 0xff, 0xff,
    0x8f, 0xff, 0xff, 0xff, 0x8f, 0xff, 0xff, 0xff,

    /* U+005E "^" */
    0x00, 0x00, 0x00, 0x3b, 0x10, 0x00, 0x00, 0x00,
    0x00, 0x00, 0x4f, 0xfd, 0x20, 0x00, 0x00, 0x00,
    0x00, 0x5f, 0xff, 0xfe, 0x30, 0x00, 0x00, 0x00,
    0x6f, 0xff, 0xff, 0xff, 0x30, 0x00, 0x00, 0x8f,
    0xff, 0xfc, 0xff, 0xff, 0x50, 0x00, 0x9f, 0xff,
    0xf5, 0x08, 0xff, 0xff, 0x60, 0x3f, 0xff, 0xe3,
    0x00, 0x06, 0xff, 0xfe, 0x10, 0x7f, 0xd2, 0x00,
    0x00, 0x04, 0xff, 0x40, 0x00, 0x71, 0x00, 0x00,
    0x00, 0x03, 0x50, 0x00,

    /* U+005F "_" */
    0x26, 0x66, 0x66, 0x66, 0x66, 0x66, 0x66, 0x66,
    0x36, 0xff, 0xff, 0xff, 0xff, 0xff, 0xff, 0xff,
    0xf7, 0x6f, 0xff, 0xff, 0xff, 0xff, 0xff, 0xff,
    0xff, 0x76, 0xff, 0xff, 0xff, 0xff, 0xff, 0xff,
    0xff, 0xf7,

    /* U+0060 "`" */
    0x00, 0x10, 0x00, 0x00, 0x01, 0xdc, 0x10, 0x00,
    0x0c, 0xff, 0xc1, 0x00, 0x04, 0xff, 0xfd, 0x10,
    0x00, 0x3e, 0xff, 0xd2, 0x00, 0x03, 0xef, 0xf8,
    0x00, 0x00, 0x2e, 0xa0, 0x00, 0x00, 0x01, 0x00,

    /* U+0061 "a" */
    0x00, 0x02, 0x8b, 0xef, 0xed, 0x82, 0x00, 0x00,
    0x0b, 0xff, 0xff, 0xff, 0xff, 0xf4, 0x00, 0x00,
    0x8f, 0xff, 0xff, 0xff, 0xff, 0xf2, 0x00, 0x01,
    0xfd, 0xa9, 0x8b, 0xff, 0xff, 0x90, 0x00, 0x00,
    0x00, 0x00, 0x06, 0xff, 0xfe, 0x00, 0x00, 0x4a,
    0xef, 0xea, 0x4f, 0xff, 0xf0, 0x00, 0x8f, 0xff,
    0xff, 0xff, 0xff, 0xff, 0x00, 0x5f, 0xff, 0xff,
    0xff, 0xff, 0xff, 0xf0, 0x0d, 0xff, 0xfe, 0x63,
    0x5e, 0xff, 0xff, 0x01, 0xff, 0xff, 0x40, 0x00,
    0x4f, 0xff, 0xf0, 0x2f, 0xff, 0xf0, 0x00, 0x00,
    0xff, 0xff, 0x01, 0xff, 0xff, 0x40, 0x00, 0x4f,
    0xff, 0xf0, 0x0d, 0xff, 0xfe, 0x63, 0x6e, 0xff,
    0xff, 0x00, 0x6f, 0xff, 0xff, 0xff, 0xff, 0xff,
    0xf0, 0x00, 0x9f, 0xff, 0xff, 0xff, 0xef, 0xff,
    0x00, 0x00, 0x5b, 0xef, 0xea, 0x35, 0xff, 0xf0,

    /* U+0062 "b" */
    0x4f, 0xff, 0xc0, 0x00, 0x00, 0x00, 0x00, 0x00,
    0x4f, 0xff, 0xc0, 0x00, 0x00, 0x00, 0x00, 0x00,
    0x4f, 0xff, 0xc0, 0x00, 0x00, 0x00, 0x00, 0x00,
    0x4f, 0xff, 0xc0, 0x00, 0x00, 0x00, 0x00, 0x00,
    0x4f, 0xff, 0xc0, 0x00, 0x00, 0x00, 0x00, 0x00,
    0x4f, 0xff, 0xc0, 0x00, 0x00, 0x00, 0x00, 0x00,
    0x4f, 0xff, 0xc2, 0x8d, 0xfe, 0xc7, 0x00, 0x00,
    0x4f, 0xff, 0xff, 0xff, 0xff, 0xff, 0xe3, 0x00,
    0x4f, 0xff, 0xff, 0xff, 0xff, 0xff, 0xff, 0x20,
    0x4f, 0xff, 0xff, 0xfe, 0xef, 0xff, 0xff, 0xc0,
    0x4f, 0xff, 0xfe, 0x40, 0x02, 0xbf, 0xff, 0xf3,
    0x4f, 0xff, 0xf3, 0x00, 0x00, 0x0d, 0xff, 0xf8,
    0x4f, 0xff, 0xf0, 0x00, 0x00, 0x07, 0xff, 0xfb,
    0x4f, 0xff, 0xf0, 0x00, 0x00, 0x04, 0xff, 0xfc,
    0x4f, 0xff, 0xf0, 0x00, 0x00, 0x05, 0xff, 0xfc,
    0x4f, 0xff, 0xf0, 0x00, 0x00, 0x08, 0xff, 0xfb,
    0x4f, 0xff, 0xf6, 0x00, 0x00, 0x2f, 0xff, 0xf8,
    0x4f, 0xff, 0xff, 0x83, 0x26, 0xef, 0xff, 0xf2,
    0x4f, 0xff, 0xff, 0xff, 0xff, 0xff, 0xff, 0xb0,
    0x4f, 0xff, 0xff, 0xff, 0xff, 0xff, 0xfe, 0x10,
    0x4f, 0xff, 0x6e, 0xff, 0xff, 0xff, 0xe2, 0x00,
    0x4f, 0xfe, 0x01, 0x8d, 0xff, 0xc7, 0x10, 0x00,

    /* U+0063 "c" */
    0x00, 0x00, 0x07, 0xce, 0xfe, 0xb6, 0x00, 0x00,
    0x00, 0x03, 0xef, 0xff, 0xff, 0xff, 0xd3, 0x00,
    0x00, 0x4f, 0xff, 0xff, 0xff, 0xff, 0xff, 0x30,
    0x01, 0xef, 0xff, 0xff, 0xff, 0xff, 0xff, 0xd0,
    0x07, 0xff, 0xff, 0xa2, 0x03, 0xbf, 0xff, 0xf3,
    0x0d, 0xff, 0xfa, 0x00, 0x00, 0x0b, 0xe7, 0x10,
    0x0f, 0xff, 0xf2, 0x00, 0x00, 0x00, 0x00, 0x00,
    0x1f, 0xff, 0xf0, 0x00, 0x00, 0x00, 0x00, 0x00,
    0x1f, 0xff, 0xf0, 0x00, 0x00, 0x00, 0x00, 0x00,
    0x0f, 0xff, 0xf2, 0x00, 0x00, 0x01, 0x00, 0x00,
    0x0c, 0xff, 0xfa, 0x00, 0x00, 0x0b, 0xe8, 0x10,
    0x07, 0xff, 0xff, 0xb4, 0x24, 0xbf, 0xff, 0xf3,
    0x01, 0xef, 0xff, 0xff, 0xff, 0xff, 0xff, 0xd0,
    0x00, 0x3f, 0xff, 0xff, 0xff, 0xff, 0xfe, 0x20,
    0x00, 0x03, 0xef, 0xff, 0xff, 0xff, 0xd2, 0x00,
    0x00, 0x00, 0x07, 0xce, 0xfe, 0xb6, 0x00, 0x00,

    /* U+0064 "d" */
    0x00, 0x00, 0x00, 0x00, 0x00, 0x01, 0xff, 0xff,
    0x00, 0x00, 0x00, 0x00, 0x00, 0x01, 0xff, 0xff,
    0x00, 0x00, 0x00, 0x00, 0x00, 0x01, 0xff, 0xff,
    0x00, 0x00, 0x00, 0x00, 0x00, 0x01, 0xff, 0xff,
    0x00, 0x00, 0x00, 0x00, 0x00, 0x01, 0xff, 0xff,
    0x00, 0x00, 0x00, 0x00, 0x00, 0x01, 0xff, 0xff,
    0x00, 0x00, 0x29, 0xdf, 0xec, 0x62, 0xff, 0xff,
    0x00, 0x06, 0xff, 0xff, 0xff, 0xfe, 0xff, 0xff,
    0x00, 0x6f, 0xff, 0xff, 0xff, 0xff, 0xff, 0xff,
    0x01, 0xff, 0xff, 0xff, 0xdf, 0xff, 0xff, 0xff,
    0x08, 0xff, 0xff, 0x80, 0x00, 0x7f, 0xff, 0xff,
    0x0d, 0xff, 0xfa, 0x00, 0x00, 0x09, 0xff, 0xff,
    0x0f, 0xff, 0xf3, 0x00, 0x00, 0x02, 0xff, 0xff,
    0x1f, 0xff, 0xf0, 0x00, 0x00, 0x00, 0xff, 0xff,
    0x1f, 0xff, 0xf0, 0x00, 0x00, 0x00, 0xff, 0xff,
    0x0f, 0xff, 0xf3, 0x00, 0x00, 0x02, 0xff, 0xff,
    0x0d, 0xff, 0xfb, 0x00, 0x00, 0x0a, 0xff, 0xff,
    0x08, 0xff, 0xff, 0x80, 0x00, 0x8f, 0xff, 0xff,
    0x01, 0xff, 0xff, 0xff, 0xef, 0xff, 0xff, 0xff,
    0x00, 0x6f, 0xff, 0xff, 0xff, 0xff, 0xff, 0xff,
    0x00, 0x06, 0xff, 0xff, 0xff, 0xfc, 0x8f, 0xff,
    0x00, 0x00, 0x29, 0xdf, 0xec, 0x50, 0x3f, 0xff,

    /* U+0065 "e" */
    0x00, 0x00, 0x17, 0xcf, 0xfe, 0xb6, 0x00, 0x00,
    0x00, 0x04, 0xef, 0xff, 0xff, 0xff, 0xc1, 0x00,
    0x00, 0x4f, 0xff, 0xff, 0xff, 0xff, 0xfe, 0x10,
    0x01, 0xef, 0xff, 0xc6, 0x57, 0xdf, 0xff, 0xb0,
    0x07, 0xff, 0xf9, 0x00, 0x00, 0x0c, 0xff, 0xf3,
    0x0d, 0xff, 0xe0, 0x00, 0x00, 0x04, 0xff, 0xf9,
    0x0f, 0xff, 0xff, 0xff, 0xff, 0xff, 0xff, 0xfc,
    0x1f, 0xff, 0xff, 0xff, 0xff, 0xff, 0xff, 0xfd,
    0x1f, 0xff, 0xff, 0xff, 0xff, 0xff, 0xff, 0xfe,
    0x0f, 0xff, 0xd2, 0x22, 0x22, 0x22, 0x22, 0x21,
    0x0d, 0xff, 0xf0, 0x00, 0x00, 0x00, 0x62, 0x00,
    0x07, 0xff, 0xf9, 0x00, 0x00, 0x07, 0xff, 0x80,
    0x01, 0xef, 0xff, 0xd7, 0x67, 0xcf, 0xff, 0xe1,
    0x00, 0x5f, 0xff, 0xff, 0xff, 0xff, 0xff, 0x40,
    0x00, 0x04, 0xff, 0xff, 0xff, 0xff, 0xe4, 0x00,
    0x00, 0x00, 0x17, 0xce, 0xfe, 0xc7, 0x10, 0x00,

    /* U+0066 "f" */
    0x00, 0x00, 0x08, 0xdf, 0xfc, 0x00, 0x01, 0xdf,
    0xff, 0xff, 0x00, 0x09, 0xff, 0xff, 0xff, 0x00,
    0x0e, 0xff, 0xff, 0xff, 0x00, 0x1f, 0xff, 0xf5,
    0x00, 0x00, 0x2f, 0xff, 0xe0, 0x00, 0x5f, 0xff,
    0xff, 0xff, 0xfa, 0x5f, 0xff, 0xff, 0xff, 0xfa,
    0x5f, 0xff, 0xff, 0xff, 0xfa, 0x4d, 0xff, 0xff,
    0xfd, 0xd8, 0x00, 0x2f, 0xff, 0xe0, 0x00, 0x00,
    0x2f, 0xff, 0xe0, 0x00, 0x00, 0x2f, 0xff, 0xe0,
    0x00, 0x00, 0x2f, 0xff, 0xe0, 0x00, 0x00, 0x2f,
    0xff, 0xe0, 0x00, 0x00, 0x2f, 0xff, 0xe0, 0x00,
    0x00, 0x2f, 0xff, 0xe0, 0x00, 0x00, 0x2f, 0xff,
    0xe0, 0x00, 0x00, 0x2f, 0xff, 0xe0, 0x00, 0x00,
    0x2f, 0xff, 0xe0, 0x00, 0x00, 0x2f, 0xff, 0xe0,
    0x00, 0x00, 0x2f, 0xff, 0xe0, 0x00,

    /* U+0067 "g" */
    0x00, 0x00, 0x29, 0xdf, 0xec, 0x60, 0x1f, 0xff,
    0x10, 0x00, 0x7f, 0xff, 0xff, 0xff, 0xd7, 0xff,
    0xf1, 0x00, 0x7f, 0xff, 0xff, 0xff, 0xff, 0xff,
    0xff, 0x10, 0x2f, 0xff, 0xff, 0xda, 0xbf, 0xff,
    0xff, 0xf1, 0x08, 0xff, 0xff, 0x50, 0x00, 0x2d,
    0xff, 0xff, 0x10, 0xdf, 0xff, 0x80, 0x00, 0x00,
    0x4f, 0xff, 0xf1, 0x0f, 0xff, 0xf2, 0x00, 0x00,
    0x00, 0xff, 0xff, 0x10, 0xff, 0xff, 0x10, 0x00,
    0x00, 0x0f, 0xff, 0xf1, 0x0f, 0xff, 0xf4, 0x00,
    0x00, 0x00, 0xff, 0xff, 0x10, 0xcf, 0xff, 0xb0,
    0x00, 0x00, 0x7f, 0xff, 0xf1, 0x06, 0xff, 0xff,
    0xa2, 0x01, 0x7f, 0xff, 0xff, 0x10, 0x0e, 0xff,
    0xff, 0xff, 0xff, 0xff, 0xff, 0xf1, 0x00, 0x3f,
    0xff, 0xff, 0xff, 0xff, 0xff, 0xff, 0x10, 0x00,
    0x2d, 0xff, 0xff, 0xff, 0xaf, 0xff, 0xf1, 0x00,
    0x00, 0x04, 0x8a, 0x97, 0x20, 0xff, 0xff, 0x00,
    0x00, 0x00, 0x00, 0x00, 0x00, 0x1f, 0xff, 0xe0,
    0x00, 0x05, 0xd3, 0x00, 0x00, 0x06, 0xff, 0xfb,
    0x00, 0x1d, 0xff, 0xe2, 0x00, 0x02, 0xef, 0xff,
    0x50, 0x00, 0xbf, 0xff, 0xfb, 0x9b, 0xff, 0xff,
    0xd0, 0x00, 0x02, 0xef, 0xff, 0xff, 0xff, 0xff,
    0xf3, 0x00, 0x00, 0x02, 0xdf, 0xff, 0xff, 0xff,
    0xe3, 0x00, 0x00, 0x00, 0x00, 0x6b, 0xef, 0xec,
    0x60, 0x00, 0x00,

    /* U+0068 "h" */
    0x4f, 0xff, 0xc0, 0x00, 0x00, 0x00, 0x00, 0x04,
    0xff, 0xfc, 0x00, 0x00, 0x00, 0x00, 0x00, 0x4f,
    0xff, 0xc0, 0x00, 0x00, 0x00, 0x00, 0x04, 0xff,
    0xfc, 0x00, 0x00, 0x00, 0x00, 0x00, 0x4f, 0xff,
    0xc0, 0x00, 0x00, 0x00, 0x00, 0x04, 0xff, 0xfc,
    0x00, 0x00, 0x00, 0x00, 0x00, 0x4f, 0xff, 0xc0,
    0x29, 0xdf, 0xec, 0x40, 0x04, 0xff, 0xfd, 0x9f,
    0xff, 0xff, 0xff, 0x60, 0x4f, 0xff, 0xff, 0xff,
    0xff, 0xff, 0xfe, 0x04, 0xff, 0xff, 0xff, 0xff,
    0xff, 0xff, 0xf4, 0x4f, 0xff, 0xff, 0xa4, 0x25,
    0xff, 0xff, 0x64, 0xff, 0xff, 0x40, 0x00, 0x0a,
    0xff, 0xf7, 0x4f, 0xff, 0xf0, 0x00, 0x00, 0x8f,
    0xff, 0x84, 0xff, 0xfc, 0x00, 0x00, 0x08, 0xff,
    0xf9, 0x4f, 0xff, 0xc0, 0x00, 0x00, 0x8f, 0xff,
    0x94, 0xff, 0xfc, 0x00, 0x00, 0x08, 0xff, 0xf9,
    0x4f, 0xff, 0xc0, 0x00, 0x00, 0x8f, 0xff, 0x94,
    0xff, 0xfc, 0x00, 0x00, 0x08, 0xff, 0xf9, 0x4f,
    0xff, 0xc0, 0x00, 0x00, 0x8f, 0xff, 0x94, 0xff,
    0xfc, 0x00, 0x00, 0x08, 0xff, 0xf9, 0x4f, 0xff,
    0xc0, 0x00, 0x00, 0x8f, 0xff, 0x94, 0xff, 0xfc,
    0x00, 0x00, 0x08, 0xff, 0xf9,

    /* U+0069 "i" */
    0x00, 0x00, 0x00, 0x0a, 0xff, 0x60, 0x6f, 0xff,
    0xf1, 0x9f, 0xff, 0xf3, 0x6f, 0xff, 0xf1, 0x09,
    0xfd, 0x50, 0x00, 0x00, 0x00, 0x00, 0x00, 0x00,
    0x3f, 0xff, 0xd0, 0x3f, 0xff, 0xd0, 0x3f, 0xff,
    0xd0, 0x3f, 0xff, 0xd0, 0x3f, 0xff, 0xd0, 0x3f,
    0xff, 0xd0, 0x3f, 0xff, 0xd0, 0x3f, 0xff, 0xd0,
    0x3f, 0xff, 0xd0, 0x3f, 0xff, 0xd0, 0x3f, 0xff,
    0xd0, 0x3f, 0xff, 0xd0, 0x3f, 0xff, 0xd0, 0x3f,
    0xff, 0xd0, 0x3f, 0xff, 0xd0, 0x3f, 0xff, 0xd0,

    /* U+006A "j" */
    0x00, 0x00, 0x00, 0x00, 0x00, 0x08, 0xff, 0x90,
    0x00, 0x3f, 0xff, 0xf4, 0x00, 0x6f, 0xff, 0xf7,
    0x00, 0x3f, 0xff, 0xf4, 0x00, 0x07, 0xee, 0x70,
    0x00, 0x00, 0x00, 0x00, 0x00, 0x00, 0x00, 0x00,
    0x00, 0x0f, 0xff, 0xf0, 0x00, 0x0f, 0xff, 0xf0,
    0x00, 0x0f, 0xff, 0xf0, 0x00, 0x0f, 0xff, 0xf0,
    0x00, 0x0f, 0xff, 0xf0, 0x00, 0x0f, 0xff, 0xf0,
    0x00, 0x0f, 0xff, 0xf0, 0x00, 0x0f, 0xff, 0xf0,
    0x00, 0x0f, 0xff, 0xf0, 0x00, 0x0f, 0xff, 0xf0,
    0x00, 0x0f, 0xff, 0xf0, 0x00, 0x0f, 0xff, 0xf0,
    0x00, 0x0f, 0xff, 0xf0, 0x00, 0x0f, 0xff, 0xf0,
    0x00, 0x0f, 0xff, 0xf0, 0x00, 0x0f, 0xff, 0xf0,
    0x00, 0x0f, 0xff, 0xf0, 0x00, 0x3f, 0xff, 0xf0,
    0x2c, 0xef, 0xff, 0xe0, 0x3f, 0xff, 0xff, 0x90,
    0x3f, 0xff, 0xfe, 0x10, 0x2d, 0xfe, 0xa2, 0x00,

    /* U+006B "k" */
    0x4f, 0xff, 0xc0, 0x00, 0x00, 0x00, 0x00, 0x04,
    0xff, 0xfc, 0x00, 0x00, 0x00, 0x00, 0x00, 0x4f,
    0xff, 0xc0, 0x00, 0x00, 0x00, 0x00, 0x04, 0xff,
    0xfc, 0x00, 0x00, 0x00, 0x00, 0x00, 0x4f, 0xff,
    0xc0, 0x00, 0x00, 0x00, 0x00, 0x04, 0xff, 0xfc,
    0x00, 0x00, 0x00, 0x00, 0x00, 0x4f, 0xff, 0xc0,
    0x00, 0x08, 0xff, 0xff, 0x24, 0xff, 0xfc, 0x00,
    0x06, 0xff, 0xff, 0x40, 0x4f, 0xff, 0xc0, 0x04,
    0xff, 0xff, 0x60, 0x04, 0xff, 0xfc, 0x02, 0xef,
    0xff, 0x90, 0x00, 0x4f, 0xff, 0xc1, 0xdf, 0xff,
    0xb0, 0x00, 0x04, 0xff, 0xfc, 0xcf, 0xff, 0xd0,
    0x00, 0x00, 0x4f, 0xff, 0xff, 0xff, 0xe1, 0x00,
    0x00, 0x04, 0xff, 0xff, 0xff, 0xf5, 0x00, 0x00,
    0x00, 0x4f, 0xff, 0xff, 0xff, 0xc0, 0x00, 0x00,
    0x04, 0xff, 0xff, 0xff, 0xff, 0x90, 0x00, 0x00,
    0x4f, 0xff, 0xc6, 0xff, 0xff, 0x50, 0x00, 0x04,
    0xff, 0xfc, 0x0a, 0xff, 0xff, 0x20, 0x00, 0x4f,
    0xff, 0xc0, 0x0d, 0xff, 0xfd, 0x10, 0x04, 0xff,
    0xfc, 0x00, 0x2f, 0xff, 0xfb, 0x00, 0x4f, 0xff,
    0xc0, 0x00, 0x4f, 0xff, 0xf7, 0x04, 0xff, 0xfc,
    0x00, 0x00, 0x8f, 0xff, 0xf4,

    /* U+006C "l" */
    0x4f, 0xff, 0xc0, 0x04, 0xff, 0xfc, 0x00, 0x4f,
    0xff, 0xc0, 0x04, 0xff, 0xfc, 0x00, 0x4f, 0xff,
    0xc0, 0x04, 0xff, 0xfc, 0x00, 0x4f, 0xff, 0xc0,
    0x04, 0xff, 0xfc, 0x00, 0x4f, 0xff, 0xc0, 0x04,
    0xff, 0xfc, 0x00, 0x4f, 0xff, 0xc0, 0x04, 0xff,
    0xfc, 0x00, 0x4f, 0xff, 0xc0, 0x04, 0xff, 0xfc,
    0x00, 0x4f, 0xff, 0xc0, 0x04, 0xff, 0xfc, 0x00,
    0x4f, 0xff, 0xc0, 0x04, 0xff, 0xff, 0x30, 0x3f,
    0xff, 0xff, 0x30, 0xff, 0xff, 0xf4, 0x08, 0xff,
    0xff, 0x40, 0x07, 0xdf, 0xe3,

    /* U+006D "m" */
    0x4f, 0xfe, 0x00, 0x5b, 0xef, 0xea, 0x20, 0x02,
    0x9d, 0xff, 0xc5, 0x00, 0x4f, 0xff, 0x5c, 0xff,
    0xff, 0xff, 0xe2, 0x9f, 0xff, 0xff, 0xff, 0x60,
    0x4f, 0xff, 0xff, 0xff, 0xff, 0xff, 0xff, 0xff,
    0xff, 0xff, 0xff, 0xe0, 0x4f, 0xff, 0xff, 0xff,
    0xff, 0xff, 0xff, 0xff, 0xff, 0xff, 0xff, 0xf4,
    0x4f, 0xff, 0xff, 0x93, 0x29, 0xff, 0xff, 0xfc,
    0x52, 0x5f, 0xff, 0xf6, 0x4f, 0xff, 0xf4, 0x00,
    0x00, 0xff, 0xff, 0xb0, 0x00, 0x0a, 0xff, 0xf8,
    0x4f, 0xff, 0xf0, 0x00, 0x00, 0xef, 0xff, 0x20,
    0x00, 0x08, 0xff, 0xf9, 0x4f, 0xff, 0xc0, 0x00,
    0x00, 0xef, 0xff, 0x30, 0x00, 0x08, 0xff, 0xf9,
    0x4f, 0xff, 0xc0, 0x00, 0x00, 0xef, 0xff, 0x30,
    0x00, 0x08, 0xff, 0xf9, 0x4f, 0xff, 0xc0, 0x00,
    0x00, 0xef, 0xff, 0x30, 0x00, 0x08, 0xff, 0xf9,
    0x4f, 0xff, 0xc0, 0x00, 0x00, 0xef, 0xff, 0x30,
    0x00, 0x08, 0xff, 0xf9, 0x4f, 0xff, 0xc0, 0x00,
    0x00, 0xef, 0xff, 0x30, 0x00, 0x08, 0xff, 0xf9,
    0x4f, 0xff, 0xc0, 0x00, 0x00, 0xef, 0xff, 0x30,
    0x00, 0x08, 0xff, 0xf9, 0x4f, 0xff, 0xc0, 0x00,
    0x00, 0xef, 0xff, 0x30, 0x00, 0x08, 0xff, 0xf9,
    0x4f, 0xff, 0xc0, 0x00, 0x00, 0xef, 0xff, 0x30,
    0x00, 0x08, 0xff, 0xf9, 0x4f, 0xff, 0xc0, 0x00,
    0x00, 0xef, 0xff, 0x30, 0x00, 0x08, 0xff, 0xf9,

    /* U+006E "n" */
    0x4f, 0xfe, 0x00, 0x4a, 0xdf, 0xec, 0x40, 0x04,
    0xff, 0xf4, 0xbf, 0xff, 0xff, 0xff, 0x60, 0x4f,
    0xff, 0xff, 0xff, 0xff, 0xff, 0xfe, 0x04, 0xff,
    0xff, 0xff, 0xff, 0xff, 0xff, 0xf4, 0x4f, 0xff,
    0xff, 0xa4, 0x25, 0xff, 0xff, 0x64, 0xff, 0xff,
    0x40, 0x00, 0x0a, 0xff, 0xf7, 0x4f, 0xff, 0xf0,
    0x00, 0x00, 0x8f, 0xff, 0x84, 0xff, 0xfc, 0x00,
    0x00, 0x08, 0xff, 0xf9, 0x4f, 0xff, 0xc0, 0x00,
    0x00, 0x8f, 0xff, 0x94, 0xff, 0xfc, 0x00, 0x00,
    0x08, 0xff, 0xf9, 0x4f, 0xff, 0xc0, 0x00, 0x00,
    0x8f, 0xff, 0x94, 0xff, 0xfc, 0x00, 0x00, 0x08,
    0xff, 0xf9, 0x4f, 0xff, 0xc0, 0x00, 0x00, 0x8f,
    0xff, 0x94, 0xff, 0xfc, 0x00, 0x00, 0x08, 0xff,
    0xf9, 0x4f, 0xff, 0xc0, 0x00, 0x00, 0x8f, 0xff,
    0x94, 0xff, 0xfc, 0x00, 0x00, 0x08, 0xff, 0xf9,

    /* U+006F "o" */
    0x00, 0x00, 0x06, 0xbe, 0xff, 0xd9, 0x20, 0x00,
    0x00, 0x00, 0x2d, 0xff, 0xff, 0xff, 0xff, 0x80,
    0x00, 0x00, 0x3f, 0xff, 0xff, 0xff, 0xff, 0xff,
    0xa0, 0x00, 0x0d, 0xff, 0xff, 0xff, 0xff, 0xff,
    0xff, 0x60, 0x06, 0xff, 0xff, 0xb3, 0x01, 0x7f,
    0xff, 0xfe, 0x00, 0xcf, 0xff, 0xb0, 0x00, 0x00,
    0x4f, 0xff, 0xf4, 0x0f, 0xff, 0xf3, 0x00, 0x00,
    0x00, 0xbf, 0xff, 0x71, 0xff, 0xff, 0x00, 0x00,
    0x00, 0x08, 0xff, 0xf9, 0x1f, 0xff, 0xf0, 0x00,
    0x00, 0x00, 0x8f, 0xff, 0x90, 0xff, 0xff, 0x30,
    0x00, 0x00, 0x0b, 0xff, 0xf7, 0x0c, 0xff, 0xfc,
    0x00, 0x00, 0x04, 0xff, 0xff, 0x40, 0x6f, 0xff,
    0xfc, 0x41, 0x27, 0xff, 0xff, 0xe0, 0x00, 0xdf,
    0xff, 0xff, 0xff, 0xff, 0xff, 0xf6, 0x00, 0x03,
    0xff, 0xff, 0xff, 0xff, 0xff, 0xfa, 0x00, 0x00,
    0x02, 0xdf, 0xff, 0xff, 0xff, 0xf8, 0x00, 0x00,
    0x00, 0x00, 0x6b, 0xef, 0xfd, 0x92, 0x00, 0x00,

    /* U+0070 "p" */
    0x4f, 0xfe, 0x01, 0x8d, 0xff, 0xc7, 0x10, 0x00,
    0x4f, 0xff, 0x6f, 0xff, 0xff, 0xff, 0xe3, 0x00,
    0x4f, 0xff, 0xff, 0xff, 0xff, 0xff, 0xff, 0x20,
    0x4f, 0xff, 0xff, 0xff, 0xff, 0xff, 0xff, 0xb0,
    0x4f, 0xff, 0xff, 0x72, 0x15, 0xef, 0xff, 0xf3,
    0x4f, 0xff, 0xf5, 0x00, 0x00, 0x2f, 0xff, 0xf8,
    0x4f, 0xff, 0xf0, 0x00, 0x00, 0x08, 0xff, 0xfb,
    0x4f, 0xff, 0xf0, 0x00, 0x00, 0x05, 0xff, 0xfc,
    0x4f, 0xff, 0xf0, 0x00, 0x00, 0x04, 0xff, 0xfc,
    0x4f, 0xff, 0xf0, 0x00, 0x00, 0x07, 0xff, 0xfb,
    0x4f, 0xff, 0xf3, 0x00, 0x00, 0x0e, 0xff, 0xf8,
    0x4f, 0xff, 0xfe, 0x40, 0x02, 0xcf, 0xff, 0xf3,
    0x4f, 0xff, 0xff, 0xff, 0xef, 0xff, 0xff, 0xb0,
    0x4f, 0xff, 0xff, 0xff, 0xff, 0xff, 0xff, 0x20,
    0x4f, 0xff, 0xff, 0xff, 0xff, 0xff, 0xe2, 0x00,
    0x4f, 0xff, 0xc2, 0x8d, 0xff, 0xc7, 0x10, 0x00,
    0x4f, 0xff, 0xc0, 0x00, 0x00, 0x00, 0x00, 0x00,
    0x4f, 0xff, 0xc0, 0x00, 0x00, 0x00, 0x00, 0x00,
    0x4f, 0xff, 0xc0, 0x00, 0x00, 0x00, 0x00, 0x00,
    0x4f, 0xff, 0xc0, 0x00, 0x00, 0x00, 0x00, 0x00,
    0x4f, 0xff, 0xc0, 0x00, 0x00, 0x00, 0x00, 0x00,
    0x4f, 0xff, 0xc0, 0x00, 0x00, 0x00, 0x00, 0x00,

    /* U+0071 "q" */
    0x00, 0x00, 0x29, 0xdf, 0xec, 0x60, 0x3f, 0xff,
    0x00, 0x06, 0xff, 0xff, 0xff, 0xfc, 0x9f, 0xff,
    0x00, 0x6f, 0xff, 0xff, 0xff, 0xff, 0xff, 0xff,
    0x01, 0xff, 0xff, 0xff, 0xdf, 0xff, 0xff, 0xff,
    0x08, 0xff, 0xff, 0x80, 0x00, 0x7f, 0xff, 0xff,
    0x0d, 0xff, 0xfa, 0x00, 0x00, 0x09, 0xff, 0xff,
    0x0f, 0xff, 0xf3, 0x00, 0x00, 0x02, 0xff, 0xff,
    0x1f, 0xff, 0xf0, 0x00, 0x00, 0x00, 0xff, 0xff,
    0x1f, 0xff, 0xf0, 0x00, 0x00, 0x00, 0xff, 0xff,
    0x0f, 0xff, 0xf3, 0x00, 0x00, 0x02, 0xff, 0xff,
    0x0d, 0xff, 0xfa, 0x00, 0x00, 0x0a, 0xff, 0xff,
    0x08, 0xff, 0xff, 0x80, 0x00, 0x8f, 0xff, 0xff,
    0x01, 0xff, 0xff, 0xff, 0xef, 0xff, 0xff, 0xff,
    0x00, 0x6f, 0xff, 0xff, 0xff, 0xff, 0xff, 0xff,
    0x00, 0x06, 0xff, 0xff, 0xff, 0xfe, 0xff, 0xff,
    0x00, 0x00, 0x29, 0xdf, 0xec, 0x62, 0xff, 0xff,
    0x00, 0x00, 0x00, 0x00, 0x00, 0x01, 0xff, 0xff,
    0x00, 0x00, 0x00, 0x00, 0x00, 0x01, 0xff, 0xff,
    0x00, 0x00, 0x00, 0x00, 0x00, 0x01, 0xff, 0xff,
    0x00, 0x00, 0x00, 0x00, 0x00, 0x01, 0xff, 0xff,
    0x00, 0x00, 0x00, 0x00, 0x00, 0x01, 0xff, 0xff,
    0x00, 0x00, 0x00, 0x00, 0x00, 0x01, 0xff, 0xff,

    /* U+0072 "r" */
    0x4f, 0xfe, 0x01, 0xae, 0xf9, 0x4f, 0xff, 0x6f,
    0xff, 0xf9, 0x4f, 0xff, 0xff, 0xff, 0xf9, 0x4f,
    0xff, 0xff, 0xff, 0xf9, 0x4f, 0xff, 0xfc, 0x53,
    0x10, 0x4f, 0xff, 0xf0, 0x00, 0x00, 0x4f, 0xff,
    0xe0, 0x00, 0x00, 0x4f, 0xff, 0xc0, 0x00, 0x00,
    0x4f, 0xff, 0xc0, 0x00, 0x00, 0x4f, 0xff, 0xc0,
    0x00, 0x00, 0x4f, 0xff, 0xc0, 0x00, 0x00, 0x4f,
    0xff, 0xc0, 0x00, 0x00, 0x4f, 0xff, 0xc0, 0x00,
    0x00, 0x4f, 0xff, 0xc0, 0x00, 0x00, 0x4f, 0xff,
    0xc0, 0x00, 0x00, 0x4f, 0xff, 0xc0, 0x00, 0x00,

    /* U+0073 "s" */
    0x00, 0x01, 0x8d, 0xff, 0xd9, 0x20, 0x00, 0x04,
    0xef, 0xff, 0xff, 0xff, 0x80, 0x01, 0xff, 0xff,
    0xff, 0xff, 0xff, 0x90, 0x7f, 0xff, 0xc8, 0x9e,
    0xff, 0xe3, 0x0a, 0xff, 0xe0, 0x00, 0x06, 0xc1,
    0x00, 0xaf, 0xff, 0x50, 0x00, 0x00, 0x00, 0x06,
    0xff, 0xff, 0xe9, 0x50, 0x00, 0x00, 0x0c, 0xff,
    0xff, 0xff, 0xf9, 0x10, 0x00, 0x08, 0xff, 0xff,
    0xff, 0xfd, 0x10, 0x00, 0x00, 0x5a, 0xef, 0xff,
    0xf8, 0x00, 0x03, 0x00, 0x00, 0x6f, 0xff, 0xc0,
    0x09, 0xf7, 0x00, 0x00, 0xff, 0xfc, 0x0b, 0xff,
    0xfd, 0x86, 0xbf, 0xff, 0x90, 0x6f, 0xff, 0xff,
    0xff, 0xff, 0xf2, 0x00, 0x6f, 0xff, 0xff, 0xff,
    0xf5, 0x00, 0x00, 0x28, 0xdf, 0xfd, 0x92, 0x00,

    /* U+0074 "t" */
    0x00, 0x01, 0x88, 0x81, 0x00, 0x00, 0x00, 0x5f,
    0xff, 0x20, 0x00, 0x00, 0x09, 0xff, 0xf2, 0x00,
    0x00, 0x00, 0xdf, 0xff, 0x20, 0x00, 0x4f, 0xff,
    0xff, 0xff, 0xff, 0x74, 0xff, 0xff, 0xff, 0xff,
    0xf7, 0x4f, 0xff, 0xff, 0xff, 0xff, 0x73, 0xdd,
    0xff, 0xff, 0xfd, 0xd6, 0x00, 0x0e, 0xff, 0xf2,
    0x00, 0x00, 0x00, 0xef, 0xff, 0x20, 0x00, 0x00,
    0x0e, 0xff, 0xf2, 0x00, 0x00, 0x00, 0xef, 0xff,
    0x20, 0x00, 0x00, 0x0e, 0xff, 0xf2, 0x00, 0x00,
    0x00, 0xef, 0xff, 0x20, 0x00, 0x00, 0x0e, 0xff,
    0xf3, 0x00, 0x00, 0x00, 0xdf, 0xff, 0xb1, 0x11,
    0x00, 0x0b, 0xff, 0xff, 0xff, 0x70, 0x00, 0x6f,
    0xff, 0xff, 0xf7, 0x00, 0x00, 0xbf, 0xff, 0xff,
    0x70, 0x00, 0x00, 0x6c, 0xff, 0xd5,

    /* U+0075 "u" */
    0x7f, 0xff, 0x90, 0x00, 0x00, 0xaf, 0xff, 0x67,
    0xff, 0xf9, 0x00, 0x00, 0x0a, 0xff, 0xf6, 0x7f,
    0xff, 0x90, 0x00, 0x00, 0xaf, 0xff, 0x67, 0xff,
    0xf9, 0x00, 0x00, 0x0a, 0xff, 0xf6, 0x7f, 0xff,
    0x90, 0x00, 0x00, 0xaf, 0xff, 0x67, 0xff, 0xf9,
    0x00, 0x00, 0x0a, 0xff, 0xf6, 0x7f, 0xff, 0x90,
    0x00, 0x00, 0xaf, 0xff, 0x67, 0xff, 0xf9, 0x00,
    0x00, 0x0a, 0xff, 0xf6, 0x7f, 0xff, 0x90, 0x00,
    0x00, 0xaf, 0xff, 0x67, 0xff, 0xfa, 0x00, 0x00,
    0x0d, 0xff, 0xf6, 0x6f, 0xff, 0xc0, 0x00, 0x02,
    0xff, 0xff, 0x64, 0xff, 0xff, 0x72, 0x38, 0xff,
    0xff, 0xf6, 0x1f, 0xff, 0xff, 0xff, 0xff, 0xff,
    0xff, 0x60, 0xcf, 0xff, 0xff, 0xff, 0xff, 0xff,
    0xf6, 0x02, 0xff, 0xff, 0xff, 0xfd, 0x4f, 0xff,
    0x60, 0x02, 0x9e, 0xff, 0xc6, 0x00, 0xcf, 0xf6,

    /* U+0076 "v" */
    0x7f, 0xff, 0xd0, 0x00, 0x00, 0x0b, 0xff, 0xf7,
    0x1f, 0xff, 0xf2, 0x00, 0x00, 0x0f, 0xff, 0xf2,
    0x0b, 0xff, 0xf7, 0x00, 0x00, 0x5f, 0xff, 0xc0,
    0x05, 0xff, 0xfc, 0x00, 0x00, 0xaf, 0xff, 0x70,
    0x00, 0xff, 0xff, 0x10, 0x00, 0xef, 0xff, 0x10,
    0x00, 0x9f, 0xff, 0x70, 0x03, 0xff, 0xfb, 0x00,
    0x00, 0x4f, 0xff, 0xc0, 0x08, 0xff, 0xf6, 0x00,
    0x00, 0x0e, 0xff, 0xf1, 0x0d, 0xff, 0xf1, 0x00,
    0x00, 0x08, 0xff, 0xf6, 0x2f, 0xff, 0xb0, 0x00,
    0x00, 0x02, 0xff, 0xfb, 0x7f, 0xff, 0x50, 0x00,
    0x00, 0x00, 0xcf, 0xff, 0xef, 0xff, 0x00, 0x00,
    0x00, 0x00, 0x7f, 0xff, 0xff, 0xfa, 0x00, 0x00,
    0x00, 0x00, 0x1f, 0xff, 0xff, 0xf5, 0x00, 0x00,
    0x00, 0x00, 0x0b, 0xff, 0xff, 0xf0, 0x00, 0x00,
    0x00, 0x00, 0x05, 0xff, 0xff, 0xa0, 0x00, 0x00,
    0x00, 0x00, 0x00, 0xff, 0xff, 0x40, 0x00, 0x00,

    /* U+0077 "w" */
    0x8f, 0xff, 0x70, 0x00, 0x01, 0xff, 0xf7, 0x00,
    0x00, 0x0f, 0xff, 0xd4, 0xff, 0xfb, 0x00, 0x00,
    0x6f, 0xff, 0xc0, 0x00, 0x04, 0xff, 0xf8, 0x0f,
    0xff, 0xf0, 0x00, 0x0b, 0xff, 0xff, 0x10, 0x00,
    0x9f, 0xff, 0x30, 0xaf, 0xff, 0x30, 0x00, 0xff,
    0xff, 0xf6, 0x00, 0x0d, 0xff, 0xe0, 0x06, 0xff,
    0xf7, 0x00, 0x5f, 0xff, 0xff, 0xb0, 0x01, 0xff,
    0xfa, 0x00, 0x1f, 0xff, 0xc0, 0x0a, 0xff, 0xff,
    0xff, 0x00, 0x5f, 0xff, 0x50, 0x00, 0xdf, 0xff,
    0x00, 0xef, 0xfe, 0xff, 0xf4, 0x09, 0xff, 0xf1,
    0x00, 0x08, 0xff, 0xf4, 0x3f, 0xff, 0x5e, 0xff,
    0x90, 0xef, 0xfc, 0x00, 0x00, 0x3f, 0xff, 0x88,
    0xff, 0xf0, 0xaf, 0xfe, 0x2f, 0xff, 0x80, 0x00,
    0x00, 0xef, 0xfd, 0xdf, 0xfa, 0x05, 0xff, 0xfa,
    0xff, 0xf3, 0x00, 0x00, 0x0a, 0xff, 0xff, 0xff,
    0x50, 0x0f, 0xff, 0xff, 0xfe, 0x00, 0x00, 0x00,
    0x6f, 0xff, 0xff, 0xf1, 0x00, 0xbf, 0xff, 0xff,
    0xa0, 0x00, 0x00, 0x01, 0xff, 0xff, 0xfb, 0x00,
    0x06, 0xff, 0xff, 0xf5, 0x00, 0x00, 0x00, 0x0c,
    0xff, 0xff, 0x60, 0x00, 0x1f, 0xff, 0xff, 0x10,
    0x00, 0x00, 0x00, 0x8f, 0xff, 0xf1, 0x00, 0x00,
    0xcf, 0xff, 0xc0, 0x00, 0x00, 0x00, 0x03, 0xff,
    0xfc, 0x00, 0x00, 0x07, 0xff, 0xf7, 0x00, 0x00,

    /* U+0078 "x" */
    0x3f, 0xff, 0xf6, 0x00, 0x00, 0x6f, 0xff, 0xf3,
    0x09, 0xff, 0xfe, 0x10, 0x01, 0xef, 0xff, 0x80,
    0x00, 0xef, 0xff, 0x90, 0x09, 0xff, 0xfd, 0x00,
    0x00, 0x4f, 0xff, 0xf3, 0x3f, 0xff, 0xf4, 0x00,
    0x00, 0x0a, 0xff, 0xfc, 0xcf, 0xff, 0x90, 0x00,
    0x00, 0x01, 0xef, 0xff, 0xff, 0xfe, 0x00, 0x00,
    0x00, 0x00, 0x5f, 0xff, 0xff, 0xf4, 0x00, 0x00,
    0x00, 0x00, 0x0c, 0xff, 0xff, 0xb0, 0x00, 0x00,
    0x00, 0x00, 0x0c, 0xff, 0xff, 0xc0, 0x00, 0x00,
    0x00, 0x00, 0x5f, 0xff, 0xff, 0xf5, 0x00, 0x00,
    0x00, 0x01, 0xef, 0xff, 0xff, 0xfe, 0x10, 0x00,
    0x00, 0x0a, 0xff, 0xfb, 0xcf, 0xff, 0xa0, 0x00,
    0x00, 0x5f, 0xff, 0xf2, 0x2f, 0xff, 0xf4, 0x00,
    0x01, 0xef, 0xff, 0x80, 0x08, 0xff, 0xfe, 0x10,
    0x0a, 0xff, 0xfe, 0x00, 0x00, 0xef, 0xff, 0x90,
    0x4f, 0xff, 0xf5, 0x00, 0x00, 0x5f, 0xff, 0xf4,

    /* U+0079 "y" */
    0x7f, 0xff, 0xb0, 0x00, 0x00, 0x01, 0xff, 0xff,
    0x21, 0xff, 0xff, 0x20, 0x00, 0x00, 0x7f, 0xff,
    0xb0, 0x09, 0xff, 0xf8, 0x00, 0x00, 0x0d, 0xff,
    0xf4, 0x00, 0x2f, 0xff, 0xe0, 0x00, 0x04, 0xff,
    0xfd, 0x00, 0x00, 0xcf, 0xff, 0x60, 0x00, 0xbf,
    0xff, 0x70, 0x00, 0x05, 0xff, 0xfc, 0x00, 0x2f,
    0xff, 0xf1, 0x00, 0x00, 0x0e, 0xff, 0xf3, 0x08,
    0xff, 0xf9, 0x00, 0x00, 0x00, 0x8f, 0xff, 0xa0,
    0xef, 0xff, 0x20, 0x00, 0x00, 0x01, 0xff, 0xff,
    0x7f, 0xff, 0xc0, 0x00, 0x00, 0x00, 0x0a, 0xff,
    0xff, 0xff, 0xf5, 0x00, 0x00, 0x00, 0x00, 0x3f,
    0xff, 0xff, 0xfe, 0x00, 0x00, 0x00, 0x00, 0x00,
    0xdf, 0xff, 0xff, 0x70, 0x00, 0x00, 0x00, 0x00,
    0x06, 0xff, 0xff, 0xf1, 0x00, 0x00, 0x00, 0x00,
    0x00, 0x0f, 0xff, 0xfa, 0x00, 0x00, 0x00, 0x00,
    0x00, 0x00, 0xff, 0xff, 0x30, 0x00, 0x00, 0x00,
    0x00, 0x00, 0x5f, 0xff, 0xc0, 0x00, 0x00, 0x00,
    0x00, 0x00, 0x0c, 0xff, 0xf6, 0x00, 0x00, 0x00,
    0x00, 0x00, 0x03, 0xff, 0xfe, 0x00, 0x00, 0x00,
    0x00, 0x00, 0x00, 0x9f, 0xff, 0x80, 0x00, 0x00,
    0x00, 0x00, 0x00, 0x1f, 0xff, 0xf2, 0x00, 0x00,
    0x00, 0x00, 0x00, 0x07, 0xff, 0xfb, 0x00, 0x00,
    0x00, 0x00, 0x00, 0x00, 0xdf, 0xff, 0x40, 0x00,
    0x00, 0x00, 0x00,

    /* U+007A "z" */
    0xaf, 0xff, 0xff, 0xff, 0xff, 0xff, 0x4a, 0xff,
    0xff, 0xff, 0xff, 0xff, 0xf4, 0xaf, 0xff, 0xff,
    0xff, 0xff, 0xff, 0x47, 0xbb, 0xbb, 0xbb, 0xff,
    0xff, 0xf2, 0x00, 0x00, 0x00, 0x4f, 0xff, 0xf4,
    0x00, 0x00, 0x00, 0x1e, 0xff, 0xf7, 0x00, 0x00,
    0x00, 0x0c, 0xff, 0xfa, 0x00, 0x00, 0x00, 0x0a,
    0xff, 0xfd, 0x00, 0x00, 0x00, 0x07, 0xff, 0xfe,
    0x20, 0x00, 0x00, 0x04, 0xff, 0xff, 0x40, 0x00,
    0x00, 0x02, 0xef, 0xff, 0x70, 0x00, 0x00, 0x00,
    0xdf, 0xff, 0xa0, 0x00, 0x00, 0x00, 0xaf, 0xff,
    0xfc, 0xcc, 0xcc, 0xcc, 0x5d, 0xff, 0xff, 0xff,
    0xff, 0xff, 0xf6, 0xdf, 0xff, 0xff, 0xff, 0xff,
    0xff, 0x6d, 0xff, 0xff, 0xff, 0xff, 0xff, 0xf6,

    /* U+007B "{" */
    0x00, 0x18, 0xce, 0xea, 0x04, 0xff, 0xff, 0xfc,
    0x1e, 0xff, 0xff, 0xfc, 0x6f, 0xff, 0xff, 0xfc,
    0x8f, 0xff, 0xe3, 0x00, 0x7f, 0xff, 0x90, 0x00,
    0x3f, 0xff, 0xb0, 0x00, 0x0b, 0xff, 0xf2, 0x00,
    0x02, 0xff, 0xfa, 0x00, 0x00, 0x8f, 0xff, 0x30,
    0x00, 0x0e, 0xff, 0xc0, 0x00, 0x09, 0xff, 0xf1,
    0x00, 0x0a, 0xff, 0xf2, 0x00, 0x7f, 0xff, 0xf0,
    0x4e, 0xff, 0xff, 0x90, 0x8f, 0xff, 0xfe, 0x00,
    0x8f, 0xff, 0xff, 0x20, 0x3b, 0xff, 0xff, 0xc0,
    0x00, 0x3f, 0xff, 0xf1, 0x00, 0x09, 0xff, 0xf2,
    0x00, 0x0a, 0xff, 0xe0, 0x00, 0x2f, 0xff, 0x70,
    0x00, 0xcf, 0xfd, 0x00, 0x07, 0xff, 0xf4, 0x00,
    0x1f, 0xff, 0xc0, 0x00, 0x6f, 0xff, 0x90, 0x00,
    0x8f, 0xff, 0xd1, 0x00, 0x7f, 0xff, 0xff, 0xda,
    0x2f, 0xff, 0xff, 0xfc, 0x06, 0xff, 0xff, 0xfc,
    0x00, 0x3a, 0xdf, 0xfc,

    /* U+007C "|" */
    0x45, 0x55, 0xdf, 0xfe, 0xdf, 0xfe, 0xdf, 0xfe,
    0xdf, 0xfe, 0xdf, 0xfe, 0xdf, 0xfe, 0xdf, 0xfe,
    0xdf, 0xfe, 0xdf, 0xfe, 0xdf, 0xfe, 0xdf, 0xfe,
    0xdf, 0xfe, 0xdf, 0xfe, 0xdf, 0xfe, 0xdf, 0xfe,
    0xdf, 0xfe, 0xdf, 0xfe, 0xdf, 0xfe, 0xdf, 0xfe,
    0xdf, 0xfe, 0xdf, 0xfe, 0xdf, 0xfe, 0xdf, 0xfe,
    0xdf, 0xfe, 0xdf, 0xfe, 0xdf, 0xfe, 0xdf, 0xfe,
    0xdf, 0xfe, 0xdf, 0xfe, 0xdf, 0xfe,

    /* U+007D "}" */
    0xae, 0xec, 0x82, 0x00, 0xcf, 0xff, 0xff, 0x40,
    0xcf, 0xff, 0xff, 0xe1, 0xcf, 0xff, 0xff, 0xf6,
    0x00, 0x3e, 0xff, 0xf9, 0x00, 0x09, 0xff, 0xf8,
    0x00, 0x0b, 0xff, 0xf3, 0x00, 0x2f, 0xff, 0xb0,
    0x00, 0xbf, 0xff, 0x20, 0x03, 0xff, 0xf8, 0x00,
    0x0c, 0xff, 0xe0, 0x00, 0x1f, 0xff, 0xa0, 0x00,
    0x3f, 0xff, 0xb0, 0x00, 0x1f, 0xff, 0xf7, 0x00,
    0x0a, 0xff, 0xff, 0xe4, 0x00, 0xef, 0xff, 0xf8,
    0x02, 0xff, 0xff, 0xf8, 0x0c, 0xff, 0xff, 0xb3,
    0x2f, 0xff, 0xf3, 0x00, 0x3f, 0xff, 0xa0, 0x00,
    0x0e, 0xff, 0xb0, 0x00, 0x07, 0xff, 0xf2, 0x00,
    0x00, 0xdf, 0xfc, 0x00, 0x00, 0x4f, 0xff, 0x60,
    0x00, 0x0c, 0xff, 0xf1, 0x00, 0x09, 0xff, 0xf6,
    0x00, 0x1d, 0xff, 0xf9, 0xad, 0xff, 0xff, 0xf7,
    0xcf, 0xff, 0xff, 0xf2, 0xcf, 0xff, 0xff, 0x60,
    0xcf, 0xfd, 0xa3, 0x00,

    /* U+007E "~" */
    0x00, 0x00, 0x37, 0x86, 0x10, 0x00, 0x00, 0x39,
    0x10, 0x00, 0x0a, 0xff, 0xff, 0xf8, 0x00, 0x01,
    0xdf, 0xf7, 0x00, 0xcf, 0xff, 0xff, 0xff, 0xe9,
    0x8e, 0xff, 0xf8, 0x07, 0xff, 0xff, 0xff, 0xff,
    0xff, 0xff, 0xff, 0xd0, 0x0e, 0xff, 0xf5, 0x02,
    0x9f, 0xff, 0xff, 0xfe, 0x20, 0x02, 0xaf, 0x60,
    0x00, 0x02, 0xae, 0xfe, 0x92, 0x00, 0x00, 0x02,
    0x00, 0x00, 0x00, 0x00, 0x00, 0x00, 0x00,

    /* U+00A0 " " */

    /* U+00A1 "¡" */
    0x02, 0xcf, 0xb2, 0x00, 0xef, 0xff, 0xd0, 0x3f,
    0xff, 0xff, 0x22, 0xff, 0xff, 0xf1, 0x0b, 0xff,
    0xf9, 0x00, 0x07, 0x96, 0x00, 0x00, 0x00, 0x00,
    0x00, 0x2b, 0xbb, 0x20, 0x04, 0xff, 0xf4, 0x00,
    0x6f, 0xff, 0x50, 0x07, 0xff, 0xf6, 0x00, 0x8f,
    0xff, 0x70, 0x09, 0xff, 0xf8, 0x00, 0xaf, 0xff,
    0x90, 0x0a, 0xff, 0xf9, 0x00, 0xbf, 0xff, 0xa0,
    0x0b, 0xff, 0xfa, 0x00, 0xbf, 0xff, 0xb0, 0x0c,
    0xff, 0xfb, 0x00, 0xcf, 0xff, 0xb0, 0x0d, 0xff,
    0xfc, 0x00, 0xdf, 0xff, 0xc0, 0x0e, 0xff, 0xfd,
    0x00,

    /* U+00A2 "¢" */
    0x00, 0x00, 0x03, 0x88, 0x83, 0x00, 0x00, 0x00,
    0x00, 0x00, 0x6f, 0xff, 0x70, 0x00, 0x00, 0x00,
    0x00, 0x06, 0xff, 0xf7, 0x00, 0x00, 0x00, 0x00,
    0x00, 0x6f, 0xff, 0x70, 0x00, 0x00, 0x00, 0x00,
    0x5f, 0xff, 0xff, 0x82, 0x00, 0x00, 0x01, 0xbf,
    0xff, 0xff, 0xff, 0xf8, 0x00, 0x01, 0xdf, 0xff,
    0xff, 0xff, 0xff, 0xf9, 0x00, 0xaf, 0xff, 0xff,
    0xde, 0xff, 0xff, 0xf4, 0x3f, 0xff, 0xf9, 0x00,
    0x03, 0xef, 0xff, 0xa9, 0xff, 0xfc, 0x00, 0x00,
    0x02, 0xfc, 0x40, 0xcf, 0xff, 0x50, 0x00, 0x00,
    0x01, 0x00, 0x0e, 0xff, 0xf2, 0x00, 0x00, 0x00,
    0x00, 0x00, 0xef, 0xff, 0x20, 0x00, 0x00, 0x00,
    0x00, 0x0c, 0xff, 0xf5, 0x00, 0x00, 0x00, 0x00,
    0x00, 0x9f, 0xff, 0xc0, 0x00, 0x00, 0x2f, 0xa2,
    0x04, 0xff, 0xff, 0x80, 0x00, 0x2d, 0xff, 0xf9,
    0x0c, 0xff, 0xff, 0xeb, 0xdf, 0xff, 0xff, 0x50,
    0x2f, 0xff, 0xff, 0xff, 0xff, 0xff, 0xa0, 0x00,
    0x2d, 0xff, 0xff, 0xff, 0xff, 0x90, 0x00, 0x00,
    0x07, 0xff, 0xff, 0xfa, 0x30, 0x00, 0x00, 0x00,
    0x06, 0xff, 0xf7, 0x00, 0x00, 0x00, 0x00, 0x00,
    0x6f, 0xff, 0x70, 0x00, 0x00, 0x00, 0x00, 0x06,
    0xff, 0xf7, 0x00, 0x00, 0x00,

    /* U+00A3 "£" */
    0x00, 0x00, 0x00, 0x00, 0x00, 0x00, 0x00, 0x00,
    0x00, 0x05, 0xbe, 0xff, 0xd8, 0x10, 0x00, 0x00,
    0x0b, 0xff, 0xff, 0xff, 0xff, 0x60, 0x00, 0x0a,
    0xff, 0xff, 0xff, 0xff, 0xff, 0x60, 0x02, 0xff,
    0xff, 0xff, 0xff, 0xff, 0xfd, 0x00, 0x7f, 0xff,
    0xf5, 0x01, 0x6e, 0xfc, 0x10, 0x09, 0xff, 0xf7,
    0x00, 0x00, 0x19, 0x00, 0x00, 0x9f, 0xff, 0x50,
    0x00, 0x00, 0x00, 0x00, 0x07, 0xff, 0xf7, 0x00,
    0x00, 0x00, 0x00, 0x00, 0x2f, 0xff, 0xc0, 0x00,
    0x00, 0x00, 0x00, 0x6a, 0xff, 0xff, 0xea, 0xaa,
    0xa5, 0x00, 0x0a, 0xff, 0xff, 0xff, 0xff, 0xff,
    0x80, 0x00, 0xaf, 0xff, 0xff, 0xff, 0xff, 0xf8,
    0x00, 0x0a, 0xff, 0xff, 0xff, 0xff, 0xff, 0x80,
    0x00, 0x00, 0x04, 0xff, 0xf8, 0x00, 0x00, 0x00,
    0x00, 0x00, 0x6f, 0xff, 0x70, 0x00, 0x00, 0x00,
    0x00, 0x0b, 0xff, 0xf4, 0x00, 0x00, 0x00, 0x00,
    0x04, 0xff, 0xff, 0x11, 0x11, 0x11, 0x10, 0x06,
    0xff, 0xff, 0xff, 0xff, 0xff, 0xff, 0x59, 0xff,
    0xff, 0xff, 0xff, 0xff, 0xff, 0xf5, 0x6f, 0xff,
    0xff, 0xff, 0xff, 0xff, 0xff, 0x51, 0xff, 0xff,
    0xff, 0xff, 0xff, 0xff, 0xf5,

    /* U+00A4 "¤" */
    0x00, 0x20, 0x00, 0x00, 0x00, 0x00, 0x03, 0x00,
    0x00, 0x3f, 0x90, 0x00, 0x00, 0x00, 0x07, 0xf6,
    0x00, 0x3f, 0xff, 0x96, 0xce, 0xfd, 0x77, 0xff,
    0xf5, 0x0a, 0xff, 0xff, 0xff, 0xff, 0xff, 0xff,
    0xff, 0xd0, 0x0c, 0xff, 0xff, 0xff, 0xff, 0xff,
    0xff, 0xd1, 0x00, 0x0f, 0xff, 0xff, 0xff, 0xff,
    0xff, 0xf2, 0x00, 0x01, 0xff, 0xff, 0x60, 0x04,
    0xff, 0xff, 0x30, 0x00, 0x4f, 0xff, 0xa0, 0x00,
    0x07, 0xff, 0xf6, 0x00, 0x05, 0xff, 0xf6, 0x00,
    0x00, 0x4f, 0xff, 0x80, 0x00, 0x4f, 0xff, 0xa0,
    0x00, 0x07, 0xff, 0xf6, 0x00, 0x01, 0xff, 0xff,
    0x60, 0x05, 0xff, 0xff, 0x30, 0x00, 0x0f, 0xff,
    0xff, 0xff, 0xff, 0xff, 0xf1, 0x00, 0x0b, 0xff,
    0xff, 0xff, 0xff, 0xff, 0xff, 0xd1, 0x0a, 0xff,
    0xff, 0xff, 0xff, 0xff, 0xff, 0xff, 0xd0, 0x3f,
    0xff, 0x96, 0xce, 0xfd, 0x77, 0xff, 0xf5, 0x00,
    0x3f, 0x90, 0x00, 0x00, 0x00, 0x06, 0xf6, 0x00,
    0x00, 0x20, 0x00, 0x00, 0x00, 0x00, 0x02, 0x00,
    0x00,

    /* U+00A5 "¥" */
    0x5f, 0xff, 0x80, 0x00, 0x00, 0x00, 0x5f, 0xff,
    0x80, 0xdf, 0xfe, 0x00, 0x00, 0x00, 0x0d, 0xff,
    0xf1, 0x06, 0xff, 0xf6, 0x00, 0x00, 0x04, 0xff,
    0xf9, 0x00, 0x0e, 0xff, 0xd0, 0x00, 0x00, 0xbf,
    0xff, 0x20, 0x00, 0x7f, 0xff, 0x50, 0x00, 0x2f,
    0xff, 0xa0, 0x00, 0x01, 0xff, 0xfc, 0x00, 0x0a,
    0xff, 0xf2, 0x00, 0x00, 0x08, 0xff, 0xf3, 0x01,
    0xff, 0xfb, 0x00, 0x00, 0x00, 0x1f, 0xff, 0xa0,
    0x8f, 0xff, 0x30, 0x00, 0x00, 0x00, 0x9f, 0xff,
    0x2f, 0xff, 0xb0, 0x00, 0x00, 0x58, 0x8a, 0xff,
    0xfe, 0xff, 0xfb, 0x88, 0x60, 0x09, 0xff, 0xff,
    0xff, 0xff, 0xff, 0xff, 0xfb, 0x00, 0x9f, 0xff,
    0xff, 0xff, 0xff, 0xff, 0xff, 0xb0, 0x09, 0xff,
    0xff, 0xff, 0xff, 0xff, 0xff, 0xfb, 0x00, 0x00,
    0x00, 0x07, 0xff, 0xf9, 0x00, 0x00, 0x00, 0x05,
    0x99, 0x99, 0xcf, 0xff, 0xd9, 0x99, 0x96, 0x00,
    0x9f, 0xff, 0xff, 0xff, 0xff, 0xff, 0xff, 0xb0,
    0x09, 0xff, 0xff, 0xff, 0xff, 0xff, 0xff, 0xfb,
    0x00, 0x9f, 0xff, 0xff, 0xff, 0xff, 0xff, 0xff,
    0xb0, 0x00, 0x00, 0x00, 0x7f, 0xff, 0x90, 0x00,
    0x00, 0x00, 0x00, 0x00, 0x07, 0xff, 0xf9, 0x00,
    0x00, 0x00, 0x00, 0x00, 0x00, 0x7f, 0xff, 0x90,
    0x00, 0x00, 0x00,

    /* U+00A6 "¦" */
    0x45, 0x54, 0xdf, 0xfe, 0xdf, 0xfe, 0xdf, 0xfe,
    0xdf, 0xfe, 0xdf, 0xfe, 0xdf, 0xfe, 0xdf, 0xfe,
    0xdf, 0xfe, 0xdf, 0xfe, 0xdf, 0xfe, 0xdf, 0xfe,
    0xdf, 0xfe, 0xdf, 0xfe, 0x00, 0x00, 0x00, 0x00,
    0x00, 0x00, 0x45, 0x54, 0xdf, 0xfe, 0xdf, 0xfe,
    0xdf, 0xfe, 0xdf, 0xfe, 0xdf, 0xfe, 0xdf, 0xfe,
    0xdf, 0xfe, 0xdf, 0xfe, 0xdf, 0xfe, 0xdf, 0xfe,
    0xdf, 0xfe, 0xdf, 0xfe, 0xdf, 0xfe,

    /* U+00A7 "§" */
    0x00, 0x00, 0x49, 0xcd, 0xca, 0x50, 0x00, 0x00,
    0x01, 0xbf, 0xff, 0xff, 0xff, 0xe4, 0x00, 0x00,
    0xdf, 0xff, 0xff, 0xff, 0xff, 0xf5, 0x00, 0x8f,
    0xff, 0xff, 0xff, 0xff, 0xff, 0xf1, 0x0e, 0xff,
    0xfa, 0x20, 0x28, 0xff, 0xe5, 0x01, 0xff, 0xff,
    0x00, 0x00, 0x04, 0xb1, 0x00, 0x2f, 0xff, 0xf0,
    0x00, 0x00, 0x00, 0x00, 0x01, 0xff, 0xff, 0xa0,
    0x00, 0x00, 0x00, 0x00, 0x0c, 0xff, 0xff, 0xe9,
    0x40, 0x00, 0x00, 0x00, 0x4f, 0xff, 0xff, 0xff,
    0xf9, 0x20, 0x00, 0x00, 0x7f, 0xff, 0xff, 0xff,
    0xff, 0x70, 0x00, 0x1d, 0xff, 0xff, 0xff, 0xff,
    0xff, 0x80, 0x0a, 0xff, 0xf6, 0x59, 0xef, 0xff,
    0xff, 0x11, 0xff, 0xfb, 0x00, 0x00, 0x7f, 0xff,
    0xf6, 0x3f, 0xff, 0xa0, 0x00, 0x00, 0xaf, 0xff,
    0x73, 0xff, 0xff, 0x40, 0x00, 0x08, 0xff, 0xf6,
    0x0f, 0xff, 0xff, 0xb5, 0x01, 0xef, 0xff, 0x20,
    0x9f, 0xff, 0xff, 0xff, 0xff, 0xff, 0x80, 0x00,
    0xcf, 0xff, 0xff, 0xff, 0xff, 0xc0, 0x00, 0x00,
    0x7e, 0xff, 0xff, 0xff, 0xff, 0x40, 0x00, 0x00,
    0x03, 0x8c, 0xff, 0xff, 0xfe, 0x00, 0x00, 0x00,
    0x00, 0x03, 0xcf, 0xff, 0xf4, 0x00, 0x44, 0x00,
    0x00, 0x00, 0xef, 0xff, 0x61, 0xaf, 0xe2, 0x00,
    0x00, 0x0c, 0xff, 0xf5, 0xcf, 0xff, 0xe5, 0x00,
    0x06, 0xff, 0xff, 0x24, 0xff, 0xff, 0xff, 0xef,
    0xff, 0xff, 0xb0, 0x08, 0xff, 0xff, 0xff, 0xff,
    0xff, 0xe2, 0x00, 0x08, 0xff, 0xff, 0xff, 0xff,
    0xd3, 0x00, 0x00, 0x02, 0x8c, 0xff, 0xeb, 0x60,
    0x00, 0x00,

    /* U+00A8 "¨" */
    0x08, 0xc8, 0x00, 0x07, 0xc9, 0x18, 0xff, 0xf8,
    0x06, 0xff, 0xfa, 0xcf, 0xff, 0xc0, 0xaf, 0xff,
    0xe9, 0xff, 0xfa, 0x07, 0xff, 0xfb, 0x1b, 0xfb,
    0x10, 0x0a, 0xfc, 0x20,

    /* U+00A9 "©" */
    0x00, 0x00, 0x01, 0x7c, 0xef, 0xeb, 0x60, 0x00,
    0x00, 0x00, 0x00, 0x08, 0xff, 0xff, 0xff, 0xff,
    0xe5, 0x00, 0x00, 0x00, 0x0b, 0xff, 0xff, 0xed,
    0xef, 0xff, 0xf7, 0x00, 0x00, 0x0a, 0xff, 0xf8,
    0x10, 0x00, 0x3a, 0xff, 0xf6, 0x00, 0x06, 0xff,
    0xe3, 0x00, 0x00, 0x00, 0x07, 0xff, 0xf1, 0x00,
    0xef, 0xf4, 0x01, 0x9e, 0xfd, 0x81, 0x09, 0xff,
    0x90, 0x4f, 0xfa, 0x01, 0xdf, 0xff, 0xff, 0xd0,
    0x0f, 0xff, 0x09, 0xff, 0x40, 0xaf, 0xfe, 0xbe,
    0xff, 0x60, 0x9f, 0xf4, 0xbf, 0xf1, 0x0f, 0xff,
    0x10, 0x1b, 0x50, 0x06, 0xff, 0x6c, 0xff, 0x01,
    0xff, 0xb0, 0x00, 0x00, 0x00, 0x5f, 0xf8, 0xbf,
    0xf1, 0x1f, 0xfc, 0x00, 0x01, 0x00, 0x06, 0xff,
    0x79, 0xff, 0x40, 0xef, 0xf5, 0x05, 0xfa, 0x20,
    0x9f, 0xf4, 0x4f, 0xfa, 0x06, 0xff, 0xff, 0xff,
    0xf5, 0x0e, 0xff, 0x00, 0xef, 0xf3, 0x09, 0xff,
    0xff, 0xf8, 0x08, 0xff, 0xa0, 0x06, 0xff, 0xe2,
    0x03, 0x8a, 0x83, 0x06, 0xff, 0xf2, 0x00, 0x0b,
    0xff, 0xf7, 0x10, 0x00, 0x2a, 0xff, 0xf6, 0x00,
    0x00, 0x0c, 0xff, 0xff, 0xdc, 0xef, 0xff, 0xf8,
    0x00, 0x00, 0x00, 0x08, 0xff, 0xff, 0xff, 0xff,
    0xe5, 0x00, 0x00, 0x00, 0x00, 0x02, 0x8c, 0xef,
    0xeb, 0x60, 0x00, 0x00, 0x00,

    /* U+00AA "ª" */
    0x00, 0x39, 0xdf, 0xfd, 0x70, 0x00, 0x2f, 0xff,
    0xff, 0xff, 0xb0, 0x00, 0xbf, 0xcb, 0xdf, 0xff,
    0x50, 0x01, 0x00, 0x00, 0xaf, 0xf9, 0x00, 0x3b,
    0xef, 0xcb, 0xff, 0xb0, 0x5f, 0xff, 0xff, 0xff,
    0xfc, 0x0e, 0xff, 0xb6, 0x9f, 0xff, 0xc2, 0xff,
    0xd0, 0x00, 0x9f, 0xfc, 0x2f, 0xfd, 0x00, 0x09,
    0xff, 0xc0, 0xdf, 0xfb, 0x69, 0xff, 0xfc, 0x04,
    0xff, 0xff, 0xff, 0xff, 0xc0, 0x03, 0xbe, 0xfb,
    0x29, 0xb8,

    /* U+00AB "«" */
    0x00, 0x00, 0xbf, 0xff, 0x80, 0x0a, 0xff, 0xf8,
    0x00, 0x06, 0xff, 0xfc, 0x00, 0x5f, 0xff, 0xd0,
    0x00, 0x2f, 0xff, 0xf2, 0x01, 0xff, 0xff, 0x30,
    0x00, 0xcf, 0xff, 0x70, 0x0b, 0xff, 0xf7, 0x00,
    0x07, 0xff, 0xfc, 0x00, 0x7f, 0xff, 0xc0, 0x00,
    0x3f, 0xff, 0xf2, 0x02, 0xff, 0xff, 0x20, 0x00,
    0xbf, 0xff, 0x80, 0x0a, 0xff, 0xf9, 0x00, 0x00,
    0x3f, 0xff, 0xe1, 0x03, 0xff, 0xfe, 0x10, 0x00,
    0x08, 0xff, 0xfb, 0x00, 0x7f, 0xff, 0xb0, 0x00,
    0x00, 0xdf, 0xff, 0x60, 0x0c, 0xff, 0xf6, 0x00,
    0x00, 0x2f, 0xff, 0xf1, 0x02, 0xff, 0xff, 0x20,
    0x00, 0x07, 0xff, 0xfb, 0x00, 0x6f, 0xff, 0xc0,
    0x00, 0x00, 0xcf, 0xff, 0x70, 0x0b, 0xff, 0xf7,
    0x00, 0x00, 0x01, 0x11, 0x00, 0x00, 0x11, 0x10,

    /* U+00AC "¬" */
    0x00, 0x00, 0x00, 0x00, 0x00, 0x00, 0x11, 0x10,
    0x0f, 0xff, 0xff, 0xff, 0xff, 0xff, 0xff, 0xff,
    0x0f, 0xff, 0xff, 0xff, 0xff, 0xff, 0xff, 0xff,
    0x0f, 0xff, 0xff, 0xff, 0xff, 0xff, 0xff, 0xff,
    0x0f, 0xff, 0xff, 0xff, 0xff, 0xff, 0xff, 0xff,
    0x00, 0x00, 0x00, 0x00, 0x00, 0x00, 0xff, 0xfd,
    0x00, 0x00, 0x00, 0x00, 0x00, 0x00, 0xff, 0xfd,
    0x00, 0x00, 0x00, 0x00, 0x00, 0x00, 0xff, 0xfd,
    0x00, 0x00, 0x00, 0x00, 0x00, 0x00, 0xff, 0xfd,
    0x00, 0x00, 0x00, 0x00, 0x00, 0x00, 0xff, 0xfd,

    /* U+00AE "®" */
    0x00, 0x00, 0x01, 0x7c, 0xef, 0xeb, 0x60, 0x00,
    0x00, 0x00, 0x00, 0x08, 0xff, 0xff, 0xff, 0xff,
    0xe5, 0x00, 0x00, 0x00, 0x0b, 0xff, 0xff, 0xed,
    0xef, 0xff, 0xf7, 0x00, 0x00, 0x0a, 0xff, 0xf8,
    0x10, 0x00, 0x3a, 0xff, 0xf6, 0x00, 0x06, 0xff,
    0xe3, 0x66, 0x65, 0x30, 0x07, 0xff, 0xf1, 0x00,
    0xef, 0xf4, 0x0f, 0xff, 0xff, 0xd3, 0x09, 0xff,
    0x90, 0x4f, 0xfa, 0x00, 0xff, 0xff, 0xff, 0xe0,
    0x0f, 0xff, 0x09, 0xff, 0x40, 0x0f, 0xf8, 0x07,
    0xff, 0x30, 0x9f, 0xf4, 0xbf, 0xf1, 0x00, 0xff,
    0x80, 0x5f, 0xf4, 0x06, 0xff, 0x6c, 0xff, 0x00,
    0x0f, 0xff, 0xdf, 0xff, 0x10, 0x5f, 0xf8, 0xbf,
    0xf1, 0x00, 0xff, 0xff, 0xff, 0x50, 0x06, 0xff,
    0x69, 0xff, 0x40, 0x0f, 0xff, 0xff, 0xf0, 0x00,
    0x9f, 0xf4, 0x4f, 0xfa, 0x00, 0xff, 0x84, 0xff,
    0x70, 0x0e, 0xff, 0x00, 0xef, 0xf3, 0x0f, 0xf7,
    0x0b, 0xfe, 0x08, 0xff, 0xa0, 0x06, 0xff, 0xe2,
    0x00, 0x00, 0x00, 0x06, 0xff, 0xf2, 0x00, 0x0b,
    0xff, 0xf7, 0x10, 0x00, 0x2a, 0xff, 0xf6, 0x00,
    0x00, 0x0c, 0xff, 0xff, 0xdc, 0xef, 0xff, 0xf8,
    0x00, 0x00, 0x00, 0x08, 0xff, 0xff, 0xff, 0xff,
    0xe5, 0x00, 0x00, 0x00, 0x00, 0x02, 0x8c, 0xef,
    0xeb, 0x60, 0x00, 0x00, 0x00,

    /* U+00AF "¯" */
    0x34, 0x44, 0x44, 0x44, 0x40, 0xef, 0xff, 0xff,
    0xff, 0xf0, 0xef, 0xff, 0xff, 0xff, 0xf0, 0xef,
    0xff, 0xff, 0xff, 0xf0,

    /* U+00B0 "°" */
    0x00, 0x04, 0xbe, 0xfc, 0x70, 0x00, 0x00, 0x7f,
    0xff, 0xff, 0xfc, 0x10, 0x05, 0xff, 0xff, 0xff,
    0xff, 0xb0, 0x0d, 0xff, 0xd4, 0x29, 0xff, 0xf3,
    0x1f, 0xff, 0x20, 0x00, 0xcf, 0xf7, 0x3f, 0xff,
    0x00, 0x00, 0x9f, 0xf9, 0x1f, 0xff, 0x20, 0x00,
    0xcf, 0xf7, 0x0c, 0xff, 0xc3, 0x28, 0xff, 0xf3,
    0x04, 0xff, 0xff, 0xff, 0xff, 0xb0, 0x00, 0x7f,
    0xff, 0xff, 0xfc, 0x10, 0x00, 0x03, 0xbe, 0xfc,
    0x70, 0x00,

    /* U+00B1 "±" */
    0x00, 0x00, 0x00, 0x58, 0x88, 0x10, 0x00, 0x00,
    0x00, 0x00, 0x00, 0xbf, 0xff, 0x20, 0x00, 0x00,
    0x00, 0x00, 0x00, 0xbf, 0xff, 0x20, 0x00, 0x00,
    0x00, 0x00, 0x00, 0xbf, 0xff, 0x20, 0x00, 0x00,
    0x00, 0x00, 0x00, 0xbf, 0xff, 0x20, 0x00, 0x00,
    0x1f, 0xff, 0xff, 0xff, 0xff, 0xff, 0xff, 0xfd,
    0x1f, 0xff, 0xff, 0xff, 0xff, 0xff, 0xff, 0xfd,
    0x1f, 0xff, 0xff, 0xff, 0xff, 0xff, 0xff, 0xfd,
    0x1f, 0xff, 0xff, 0xff, 0xff, 0xff, 0xff, 0xfd,
    0x00, 0x00, 0x00, 0xbf, 0xff, 0x20, 0x00, 0x00,
    0x00, 0x00, 0x00, 0xbf, 0xff, 0x20, 0x00, 0x00,
    0x00, 0x00, 0x00, 0xbf, 0xff, 0x20, 0x00, 0x00,
    0x00, 0x00, 0x00, 0xbf, 0xff, 0x20, 0x00, 0x00,
    0x00, 0x00, 0x00, 0xbf, 0xff, 0x20, 0x00, 0x00,
    0x00, 0x00, 0x00, 0x57, 0x77, 0x10, 0x00, 0x00,
    0x00, 0x00, 0x00, 0x00, 0x00, 0x00, 0x00, 0x00,
    0x00, 0x00, 0x00, 0x00, 0x00, 0x00, 0x00, 0x00,
    0x1f, 0xff, 0xff, 0xff, 0xff, 0xff, 0xff, 0xfd,
    0x1f, 0xff, 0xff, 0xff, 0xff, 0xff, 0xff, 0xfd,
    0x1f, 0xff, 0xff, 0xff, 0xff, 0xff, 0xff, 0xfd,
    0x1f, 0xff, 0xff, 0xff, 0xff, 0xff, 0xff, 0xfd,

    /* U+00B2 "²" */
    0x00, 0x19, 0xdf, 0xe8, 0x10, 0x02, 0xef, 0xff,
    0xff, 0xd1, 0x0d, 0xff, 0xff, 0xff, 0xf8, 0x06,
    0xfe, 0x40, 0x8f, 0xfc, 0x00, 0x22, 0x00, 0x6f,
    0xfb, 0x00, 0x00, 0x01, 0xef, 0xf6, 0x00, 0x00,
    0x0c, 0xff, 0xc0, 0x00, 0x00, 0xcf, 0xfe, 0x10,
    0x00, 0x0c, 0xff, 0xe2, 0x00, 0x00, 0xbf, 0xff,
    0x30, 0x00, 0x0b, 0xff, 0xff, 0xff, 0xff, 0x0f,
    0xff, 0xff, 0xff, 0xff, 0x0f, 0xff, 0xff, 0xff,
    0xff,

    /* U+00B3 "³" */
    0x00, 0x5c, 0xff, 0xd7, 0x00, 0x00, 0xaf, 0xff,
    0xff, 0xfc, 0x00, 0x4f, 0xff, 0xff, 0xff, 0xf4,
    0x00, 0x5e, 0x50, 0x1d, 0xff, 0x60, 0x00, 0x00,
    0x03, 0xef, 0xf2, 0x00, 0x00, 0xbf, 0xff, 0xf8,
    0x00, 0x00, 0x0b, 0xff, 0xff, 0xf3, 0x00, 0x00,
    0x57, 0x9e, 0xff, 0xc0, 0x00, 0x30, 0x00, 0x5f,
    0xff, 0x00, 0x5f, 0x91, 0x09, 0xff, 0xe0, 0x2f,
    0xff, 0xff, 0xff, 0xf8, 0x00, 0x9f, 0xff, 0xff,
    0xfc, 0x00, 0x00, 0x4b, 0xef, 0xd7, 0x00, 0x00,

    /* U+00B4 "´" */
    0x00, 0x00, 0x01, 0x00, 0x00, 0x00, 0xae, 0x20,
    0x00, 0x0b, 0xff, 0xe0, 0x00, 0xbf, 0xff, 0x60,
    0x0c, 0xff, 0xf5, 0x00, 0x5f, 0xff, 0x40, 0x00,
    0x08, 0xf4, 0x00, 0x00, 0x00, 0x20, 0x00, 0x00,

    /* U+00B5 "µ" */
    0x7f, 0xff, 0x90, 0x00, 0x00, 0xaf, 0xff, 0x67,
    0xff, 0xf9, 0x00, 0x00, 0x0a, 0xff, 0xf6, 0x7f,
    0xff, 0x90, 0x00, 0x00, 0xaf, 0xff, 0x67, 0xff,
    0xf9, 0x00, 0x00, 0x0a, 0xff, 0xf6, 0x7f, 0xff,
    0x90, 0x00, 0x00, 0xaf, 0xff, 0x67, 0xff, 0xf9,
    0x00, 0x00, 0x0a, 0xff, 0xf6, 0x7f, 0xff, 0x90,
    0x00, 0x00, 0xaf, 0xff, 0x67, 0xff, 0xf9, 0x00,
    0x00, 0x0a, 0xff, 0xf6, 0xaf, 0xff, 0xf0, 0x00,
    0x00, 0xaf, 0xff, 0x6e, 0xff, 0xff, 0x00, 0x00,
    0x0d, 0xff, 0xf6, 0xdf, 0xff, 0xf0, 0x00, 0x02,
    0xff, 0xff, 0x6b, 0xff, 0xff, 0x72, 0x38, 0xff,
    0xff, 0xf6, 0x9f, 0xff, 0xff, 0xff, 0xff, 0xff,
    0xff, 0x67, 0xff, 0xff, 0xff, 0xff, 0xff, 0xff,
    0xf6, 0x7f, 0xff, 0xff, 0xff, 0xfd, 0x4f, 0xff,
    0x67, 0xff, 0xff, 0xff, 0xc6, 0x00, 0xcf, 0xf6,
    0x7f, 0xff, 0x90, 0x00, 0x00, 0x00, 0x00, 0x07,
    0xff, 0xf9, 0x00, 0x00, 0x00, 0x00, 0x00, 0x7f,
    0xff, 0x90, 0x00, 0x00, 0x00, 0x00, 0x07, 0xff,
    0xf9, 0x00, 0x00, 0x00, 0x00, 0x00, 0x7f, 0xff,
    0x90, 0x00, 0x00, 0x00, 0x00, 0x07, 0xff, 0xf9,
    0x00, 0x00, 0x00, 0x00, 0x00,

    /* U+00B6 "¶" */
    0x00, 0x00, 0x04, 0xad, 0xff, 0xff, 0xff, 0xff,
    0xff, 0xf9, 0x00, 0x02, 0xcf, 0xff, 0xff, 0xff,
    0xff, 0xff, 0xff, 0xf9, 0x00, 0x3f, 0xff, 0xff,
    0xff, 0xff, 0xff, 0xff, 0xff, 0xf6, 0x01, 0xef,
    0xff, 0xff, 0xff, 0xff, 0xff, 0xff, 0xff, 0x10,
    0x0a, 0xff, 0xff, 0xff, 0xfb, 0x00, 0x0b, 0xff,
    0xf5, 0x00, 0x1f, 0xff, 0xff, 0xff, 0xfb, 0x00,
    0x0b, 0xff, 0xf5, 0x00, 0x5f, 0xff, 0xff, 0xff,
    0xfb, 0x00, 0x0b, 0xff, 0xf5, 0x00, 0x7f, 0xff,
    0xff, 0xff, 0xfb, 0x00, 0x0b, 0xff, 0xf5, 0x00,
    0x8f, 0xff, 0xff, 0xff, 0xfb, 0x00, 0x0b, 0xff,
    0xf5, 0x00, 0x7f, 0xff, 0xff, 0xff, 0xfb, 0x00,
    0x0b, 0xff, 0xf5, 0x00, 0x5f, 0xff, 0xff, 0xff,
    0xfb, 0x00, 0x0b, 0xff, 0xf5, 0x00, 0x1f, 0xff,
    0xff, 0xff, 0xfb, 0x00, 0x0b, 0xff, 0xf5, 0x00,
    0x0a, 0xff, 0xff, 0xff, 0xfb, 0x00, 0x0b, 0xff,
    0xf5, 0x00, 0x01, 0xef, 0xff, 0xff, 0xfb, 0x00,
    0x0b, 0xff, 0xf5, 0x00, 0x00, 0x3f, 0xff, 0xff,
    0xfb, 0x00, 0x0b, 0xff, 0xf5, 0x00, 0x00, 0x02,
    0xdf, 0xff, 0xfb, 0x00, 0x0b, 0xff, 0xf5, 0x00,
    0x00, 0x00, 0x05, 0xac, 0xd9, 0x00, 0x0b, 0xff,
    0xf5, 0x00, 0x00, 0x00, 0x00, 0x00, 0x00, 0x00,
    0x0b, 0xff, 0xf5, 0x00, 0x00, 0x00, 0x00, 0x00,
    0x00, 0x00, 0x0b, 0xff, 0xf5, 0x00, 0x00, 0x00,
    0x00, 0x00, 0x00, 0x00, 0x0c, 0xff, 0xf4, 0x00,
    0x00, 0x00, 0x08, 0x20, 0x00, 0x00, 0x0e, 0xff,
    0xf2, 0x00, 0x00, 0x06, 0xef, 0xb0, 0x00, 0x00,
    0x3f, 0xff, 0xf0, 0x00, 0x00, 0x0e, 0xff, 0xfa,
    0x10, 0x03, 0xdf, 0xff, 0xb0, 0x00, 0x00, 0x06,
    0xff, 0xff, 0xfd, 0xef, 0xff, 0xff, 0x40, 0x00,
    0x00, 0x00, 0x9f, 0xff, 0xff, 0xff, 0xff, 0xfa,
    0x00, 0x00, 0x00, 0x00, 0x08, 0xff, 0xff, 0xff,
    0xff, 0x90, 0x00, 0x00, 0x00, 0x00, 0x00, 0x29,
    0xdf, 0xfd, 0x93, 0x00, 0x00, 0x00,

    /* U+00B7 "·" */
    0x05, 0xdf, 0xa1, 0x03, 0xff, 0xff, 0xc0, 0x9f,
    0xff, 0xff, 0x29, 0xff, 0xff, 0xf2, 0x3f, 0xff,
    0xfc, 0x00, 0x5d, 0xfb, 0x10,

    /* U+00B8 "¸" */
    0x02, 0xff, 0x30, 0x00, 0x5f, 0xfe, 0x70, 0x09,
    0xff, 0xff, 0x70, 0x00, 0x0b, 0xfb, 0x4a, 0x54,
    0xdf, 0xbb, 0xff, 0xff, 0xf5, 0x4b, 0xef, 0xd6,
    0x00,

    /* U+00B9 "¹" */
    0x00, 0x03, 0xff, 0x60, 0x26, 0xef, 0xf6, 0xaf,
    0xff, 0xff, 0x6a, 0xff, 0xff, 0xf6, 0xae, 0xaf,
    0xff, 0x60, 0x00, 0xcf, 0xf6, 0x00, 0x0c, 0xff,
    0x60, 0x00, 0xcf, 0xf6, 0x00, 0x0c, 0xff, 0x60,
    0x00, 0xcf, 0xf6, 0x00, 0x0c, 0xff, 0x60, 0x00,
    0xcf, 0xf6, 0x00, 0x0c, 0xff, 0x60,

    /* U+00BA "º" */
    0x00, 0x02, 0x9d, 0xfe, 0xb5, 0x00, 0x00, 0x05,
    0xff, 0xff, 0xff, 0xfb, 0x00, 0x03, 0xff, 0xff,
    0xff, 0xff, 0xf9, 0x00, 0xbf, 0xff, 0x83, 0x5d,
    0xff, 0xf2, 0x1f, 0xff, 0x80, 0x00, 0x2f, 0xff,
    0x73, 0xff, 0xf4, 0x00, 0x00, 0xdf, 0xf9, 0x3f,
    0xff, 0x40, 0x00, 0x0d, 0xff, 0x91, 0xff, 0xf8,
    0x00, 0x02, 0xff, 0xf7, 0x0b, 0xff, 0xf7, 0x34,
    0xdf, 0xff, 0x20, 0x3f, 0xff, 0xff, 0xff, 0xff,
    0xa0, 0x00, 0x6f, 0xff, 0xff, 0xff, 0xb0, 0x00,
    0x00, 0x29, 0xdf, 0xeb, 0x60, 0x00,

    /* U+00BB "»" */
    0x0b, 0xff, 0xf7, 0x00, 0xbf, 0xff, 0x70, 0x00,
    0x00, 0x1f, 0xff, 0xf2, 0x01, 0xef, 0xff, 0x30,
    0x00, 0x00, 0x6f, 0xff, 0xd0, 0x05, 0xff, 0xfd,
    0x00, 0x00, 0x00, 0xbf, 0xff, 0x80, 0x0a, 0xff,
    0xf9, 0x00, 0x00, 0x01, 0xef, 0xff, 0x30, 0x1e,
    0xff, 0xf4, 0x00, 0x00, 0x05, 0xff, 0xfd, 0x00,
    0x4f, 0xff, 0xe1, 0x00, 0x00, 0x0c, 0xff, 0xf7,
    0x00, 0xbf, 0xff, 0x70, 0x00, 0x04, 0xff, 0xfe,
    0x10, 0x3f, 0xff, 0xe1, 0x00, 0x00, 0xef, 0xff,
    0x40, 0x0d, 0xff, 0xf5, 0x00, 0x00, 0x9f, 0xff,
    0x90, 0x09, 0xff, 0xfa, 0x00, 0x00, 0x4f, 0xff,
    0xd0, 0x04, 0xff, 0xfe, 0x00, 0x00, 0x1e, 0xff,
    0xf3, 0x01, 0xef, 0xff, 0x40, 0x00, 0x0a, 0xff,
    0xf8, 0x00, 0xaf, 0xff, 0x90, 0x00, 0x00, 0x11,
    0x11, 0x00, 0x00, 0x11, 0x10, 0x00, 0x00,

    /* U+00BC "¼" */
    0x00, 0x00, 0x01, 0x00, 0x00, 0x00, 0x00, 0x00,
    0x09, 0x30, 0x00, 0x00, 0x00, 0x00, 0x00, 0x3f,
    0xf6, 0x00, 0x00, 0x00, 0x00, 0x07, 0xff, 0xa0,
    0x00, 0x00, 0x00, 0x13, 0x8f, 0xff, 0x60, 0x00,
    0x00, 0x00, 0x02, 0xff, 0xf8, 0x00, 0x00, 0x00,
    0x0a, 0xff, 0xff, 0xf6, 0x00, 0x00, 0x00, 0x00,
    0xbf, 0xfd, 0x00, 0x00, 0x00, 0x00, 0xaf, 0xff,
    0xff, 0x60, 0x00, 0x00, 0x00, 0x5f, 0xff, 0x30,
    0x00, 0x00, 0x00, 0x0a, 0xea, 0xff, 0xf6, 0x00,
    0x00, 0x00, 0x1e, 0xff, 0x90, 0x00, 0x00, 0x00,
    0x00, 0x00, 0x0c, 0xff, 0x60, 0x00, 0x00, 0x0a,
    0xff, 0xe0, 0x00, 0x00, 0x00, 0x00, 0x00, 0x00,
    0xcf, 0xf6, 0x00, 0x00, 0x04, 0xff, 0xf4, 0x00,
    0x00, 0x00, 0x00, 0x00, 0x00, 0x0c, 0xff, 0x60,
    0x00, 0x00, 0xdf, 0xfa, 0x00, 0x00, 0x00, 0x00,
    0x00, 0x00, 0x00, 0xcf, 0xf6, 0x00, 0x00, 0x8f,
    0xfe, 0x10, 0x02, 0x44, 0x20, 0x00, 0x00, 0x00,
    0x0c, 0xff, 0x60, 0x00, 0x3f, 0xff, 0x60, 0x00,
    0xcf, 0xf5, 0x00, 0x00, 0x00, 0x00, 0xcf, 0xf6,
    0x00, 0x0c, 0xff, 0xb0, 0x00, 0x1f, 0xff, 0x00,
    0x00, 0x00, 0x00, 0x0c, 0xff, 0x60, 0x07, 0xff,
    0xf2, 0x00, 0x07, 0xff, 0xa0, 0x00, 0x00, 0x00,
    0x00, 0xcf, 0xf6, 0x02, 0xff, 0xf7, 0x00, 0x00,
    0xcf, 0xf5, 0x02, 0x43, 0x00, 0x00, 0x00, 0x00,
    0x00, 0xbf, 0xfd, 0x00, 0x00, 0x2f, 0xff, 0x00,
    0xaf, 0xc0, 0x00, 0x00, 0x00, 0x00, 0x6f, 0xff,
    0x30, 0x00, 0x07, 0xff, 0xa0, 0x0e, 0xfc, 0x00,
    0x00, 0x00, 0x00, 0x1e, 0xff, 0x80, 0x00, 0x00,
    0xcf, 0xf7, 0x25, 0xff, 0xf2, 0x10, 0x00, 0x00,
    0x0a, 0xff, 0xd0, 0x00, 0x00, 0x2f, 0xff, 0xff,
    0xff, 0xff, 0xf8, 0x00, 0x00, 0x04, 0xff, 0xf4,
    0x00, 0x00, 0x06, 0xff, 0xff, 0xff, 0xff, 0xff,
    0x80, 0x00, 0x00, 0xef, 0xfa, 0x00, 0x00, 0x00,
    0x6f, 0xff, 0xff, 0xff, 0xff, 0xf8, 0x00, 0x00,
    0x9f, 0xfe, 0x10, 0x00, 0x00, 0x00, 0x00, 0x00,
    0x05, 0xff, 0xc0, 0x00, 0x00, 0x3f, 0xff, 0x50,
    0x00, 0x00, 0x00, 0x00, 0x00, 0x00, 0x5f, 0xfc,
    0x00, 0x00, 0x09, 0xff, 0xb0, 0x00, 0x00, 0x00,
    0x00, 0x00, 0x00, 0x02, 0x88, 0x60, 0x00, 0x00,
    0x06, 0xd2, 0x00, 0x00, 0x00, 0x00, 0x00, 0x00,
    0x00, 0x00, 0x00, 0x00, 0x00, 0x00, 0x00, 0x00,
    0x00, 0x00, 0x00, 0x00, 0x00, 0x00, 0x00, 0x00,
    0x00, 0x00,

    /* U+00BD "½" */
    0x00, 0x00, 0x00, 0x00, 0x00, 0x00, 0x00, 0x00,
    0x08, 0x20, 0x00, 0x00, 0x00, 0x00, 0x03, 0xff,
    0x60, 0x00, 0x00, 0x00, 0x00, 0x6f, 0xf9, 0x00,
    0x00, 0x00, 0x02, 0x6e, 0xff, 0x60, 0x00, 0x00,
    0x00, 0x01, 0xef, 0xf8, 0x00, 0x00, 0x00, 0xaf,
    0xff, 0xff, 0x60, 0x00, 0x00, 0x00, 0x0a, 0xff,
    0xe0, 0x00, 0x00, 0x00, 0xaf, 0xff, 0xff, 0x60,
    0x00, 0x00, 0x00, 0x4f, 0xff, 0x40, 0x00, 0x00,
    0x00, 0xaf, 0xbf, 0xff, 0x60, 0x00, 0x00, 0x00,
    0xdf, 0xfa, 0x00, 0x00, 0x00, 0x00, 0x00, 0x0c,
    0xff, 0x60, 0x00, 0x00, 0x08, 0xff, 0xf1, 0x00,
    0x00, 0x00, 0x00, 0x00, 0x0c, 0xff, 0x60, 0x00,
    0x00, 0x2f, 0xff, 0x60, 0x00, 0x00, 0x00, 0x00,
    0x00, 0x0c, 0xff, 0x60, 0x00, 0x00, 0xcf, 0xfc,
    0x00, 0x00, 0x00, 0x00, 0x00, 0x00, 0x0c, 0xff,
    0x60, 0x00, 0x06, 0xff, 0xf2, 0x00, 0x00, 0x00,
    0x00, 0x00, 0x00, 0x0c, 0xff, 0x60, 0x00, 0x1e,
    0xff, 0x80, 0x00, 0x5c, 0xff, 0xd6, 0x00, 0x00,
    0x0c, 0xff, 0x60, 0x00, 0xaf, 0xfd, 0x00, 0x08,
    0xff, 0xff, 0xff, 0x90, 0x00, 0x0c, 0xff, 0x60,
    0x04, 0xff, 0xf4, 0x00, 0x5f, 0xff, 0xff, 0xff,
    0xf2, 0x00, 0x0c, 0xff, 0x60, 0x0d, 0xff, 0xa0,
    0x00, 0x08, 0xf8, 0x11, 0xef, 0xf5, 0x00, 0x00,
    0x11, 0x00, 0x8f, 0xff, 0x10, 0x00, 0x00, 0x00,
    0x00, 0xdf, 0xf4, 0x00, 0x00, 0x00, 0x02, 0xff,
    0xf6, 0x00, 0x00, 0x00, 0x00, 0x07, 0xff, 0xe0,
    0x00, 0x00, 0x00, 0x0c, 0xff, 0xc0, 0x00, 0x00,
    0x00, 0x00, 0x5f, 0xff, 0x40, 0x00, 0x00, 0x00,
    0x6f, 0xff, 0x20, 0x00, 0x00, 0x00, 0x05, 0xff,
    0xf7, 0x00, 0x00, 0x00, 0x01, 0xef, 0xf8, 0x00,
    0x00, 0x00, 0x00, 0x4f, 0xff, 0x90, 0x00, 0x00,
    0x00, 0x0a, 0xff, 0xd0, 0x00, 0x00, 0x00, 0x04,
    0xff, 0xfc, 0x22, 0x21, 0x00, 0x00, 0x4f, 0xff,
    0x40, 0x00, 0x00, 0x00, 0x3f, 0xff, 0xff, 0xff,
    0xf8, 0x00, 0x00, 0xdf, 0xfa, 0x00, 0x00, 0x00,
    0x00, 0x7f, 0xff, 0xff, 0xff, 0xf8, 0x00, 0x08,
    0xff, 0xe1, 0x00, 0x00, 0x00, 0x00, 0x7f, 0xff,
    0xff, 0xff, 0xf8, 0x00, 0x04, 0xdf, 0x60, 0x00,
    0x00, 0x00, 0x00, 0x00, 0x00, 0x00, 0x00, 0x00,
    0x00, 0x00, 0x06, 0x00, 0x00, 0x00, 0x00, 0x00,
    0x00, 0x00, 0x00, 0x00, 0x00,

    /* U+00BE "¾" */
    0x00, 0x00, 0x00, 0x00, 0x00, 0x00, 0x00, 0x00,
    0x00, 0x00, 0x40, 0x00, 0x00, 0x00, 0x00, 0x00,
    0x5b, 0xef, 0xd7, 0x00, 0x00, 0x00, 0x00, 0x00,
    0x07, 0xfd, 0x40, 0x00, 0x00, 0x00, 0x09, 0xff,
    0xff, 0xff, 0xc0, 0x00, 0x00, 0x00, 0x00, 0x2f,
    0xff, 0x80, 0x00, 0x00, 0x00, 0x4f, 0xff, 0xff,
    0xff, 0xf4, 0x00, 0x00, 0x00, 0x00, 0xbf, 0xfd,
    0x00, 0x00, 0x00, 0x00, 0x06, 0xe6, 0x02, 0xdf,
    0xf6, 0x00, 0x00, 0x00, 0x06, 0xff, 0xf3, 0x00,
    0x00, 0x00, 0x00, 0x00, 0x00, 0x02, 0xef, 0xf2,
    0x00, 0x00, 0x00, 0x1e, 0xff, 0x80, 0x00, 0x00,
    0x00, 0x00, 0x00, 0x0b, 0xff, 0xff, 0x90, 0x00,
    0x00, 0x00, 0xaf, 0xfd, 0x00, 0x00, 0x00, 0x00,
    0x00, 0x00, 0x0b, 0xff, 0xff, 0xe2, 0x00, 0x00,
    0x05, 0xff, 0xf4, 0x00, 0x00, 0x00, 0x00, 0x00,
    0x00, 0x06, 0x9a, 0xff, 0xfc, 0x00, 0x00, 0x0e,
    0xff, 0x90, 0x00, 0x00, 0x00, 0x00, 0x00, 0x00,
    0x30, 0x00, 0x5f, 0xff, 0x00, 0x00, 0x9f, 0xfe,
    0x10, 0x06, 0x99, 0x20, 0x00, 0x00, 0x05, 0xf9,
    0x10, 0x9f, 0xfe, 0x00, 0x04, 0xff, 0xf5, 0x00,
    0x0f, 0xff, 0x10, 0x00, 0x00, 0x2f, 0xff, 0xff,
    0xff, 0xf8, 0x00, 0x0d, 0xff, 0xa0, 0x00, 0x5f,
    0xfb, 0x00, 0x00, 0x00, 0x08, 0xff, 0xff, 0xff,
    0xc0, 0x00, 0x8f, 0xfe, 0x10, 0x00, 0xaf, 0xf6,
    0x00, 0x00, 0x00, 0x00, 0x5c, 0xff, 0xd7, 0x00,
    0x03, 0xff, 0xf6, 0x00, 0x00, 0xff, 0xf1, 0x06,
    0x85, 0x00, 0x00, 0x00, 0x00, 0x00, 0x00, 0x0d,
    0xff, 0xb0, 0x00, 0x05, 0xff, 0xc0, 0x0e, 0xfa,
    0x00, 0x00, 0x00, 0x00, 0x00, 0x00, 0x7f, 0xff,
    0x20, 0x00, 0x0a, 0xff, 0x60, 0x2f, 0xfa, 0x00,
    0x00, 0x00, 0x00, 0x00, 0x02, 0xff, 0xf7, 0x00,
    0x00, 0x0f, 0xff, 0x42, 0x8f, 0xfc, 0x20, 0x00,
    0x00, 0x00, 0x00, 0x0c, 0xff, 0xc0, 0x00, 0x00,
    0x5f, 0xff, 0xff, 0xff, 0xff, 0xf5, 0x00, 0x00,
    0x00, 0x00, 0x6f, 0xff, 0x20, 0x00, 0x00, 0x9f,
    0xff, 0xff, 0xff, 0xff, 0xf5, 0x00, 0x00, 0x00,
    0x01, 0xff, 0xf8, 0x00, 0x00, 0x00, 0x9f, 0xff,
    0xff, 0xff, 0xff, 0xf5, 0x00, 0x00, 0x00, 0x0b,
    0xff, 0xd0, 0x00, 0x00, 0x00, 0x00, 0x00, 0x00,
    0x8f, 0xfa, 0x00, 0x00, 0x00, 0x00, 0x5f, 0xff,
    0x30, 0x00, 0x00, 0x00, 0x00, 0x00, 0x00, 0x8f,
    0xfa, 0x00, 0x00, 0x00, 0x00, 0xcf, 0xf8, 0x00,
    0x00, 0x00, 0x00, 0x00, 0x00, 0x00, 0x48, 0x85,
    0x00, 0x00, 0x00, 0x00, 0x07, 0xd0, 0x00, 0x00,
    0x00, 0x00, 0x00, 0x00, 0x00, 0x00, 0x00, 0x00,
    0x00, 0x00, 0x00, 0x00, 0x00, 0x00, 0x00, 0x00,
    0x00, 0x00, 0x00, 0x00, 0x00, 0x00, 0x00,

    /* U+00BF "¿" */
    0x00, 0x00, 0x02, 0xbf, 0xc2, 0x00, 0x00, 0x00,
    0x00, 0x00, 0xdf, 0xff, 0xd0, 0x00, 0x00, 0x00,
    0x00, 0x2f, 0xff, 0xff, 0x30, 0x00, 0x00, 0x00,
    0x01, 0xff, 0xff, 0xf2, 0x00, 0x00, 0x00, 0x00,
    0x09, 0xff, 0xfa, 0x00, 0x00, 0x00, 0x00, 0x00,
    0x06, 0x97, 0x00, 0x00, 0x00, 0x00, 0x00, 0x00,
    0x00, 0x00, 0x00, 0x00, 0x00, 0x00, 0x00, 0x00,
    0x9b, 0x00, 0x00, 0x00, 0x00, 0x00, 0x04, 0xef,
    0xf5, 0x00, 0x00, 0x00, 0x00, 0x09, 0xff, 0xff,
    0xe0, 0x00, 0x00, 0x00, 0x1c, 0xff, 0xff, 0xfb,
    0x10, 0x00, 0x00, 0x0c, 0xff, 0xff, 0xf6, 0x00,
    0x00, 0x00, 0x09, 0xff, 0xff, 0xd2, 0x00, 0x00,
    0x00, 0x02, 0xff, 0xff, 0xb0, 0x00, 0x00, 0x00,
    0x00, 0x7f, 0xff, 0xe0, 0x00, 0x00, 0x00, 0x00,
    0x0a, 0xff, 0xf8, 0x00, 0x00, 0x00, 0x00, 0x00,
    0xaf, 0xff, 0x80, 0x00, 0x00, 0x03, 0xa0, 0x09,
    0xff, 0xfc, 0x00, 0x00, 0x04, 0xff, 0x90, 0x5f,
    0xff, 0xfa, 0x31, 0x4a, 0xff, 0xff, 0x60, 0xef,
    0xff, 0xff, 0xff, 0xff, 0xff, 0xf5, 0x04, 0xff,
    0xff, 0xff, 0xff, 0xff, 0xf5, 0x00, 0x04, 0xef,
    0xff, 0xff, 0xff, 0xc2, 0x00, 0x00, 0x01, 0x7c,
    0xef, 0xda, 0x40, 0x00, 0x00,

    /* U+00C0 "À" */
    0x00, 0x00, 0x00, 0x07, 0x00, 0x00, 0x00, 0x00,
    0x00, 0x00, 0x00, 0x00, 0x00, 0xaf, 0xb0, 0x00,
    0x00, 0x00, 0x00, 0x00, 0x00, 0x00, 0x03, 0xff,
    0xfc, 0x00, 0x00, 0x00, 0x00, 0x00, 0x00, 0x00,
    0x00, 0x4f, 0xff, 0xc1, 0x00, 0x00, 0x00, 0x00,
    0x00, 0x00, 0x00, 0x04, 0xff, 0xfd, 0x10, 0x00,
    0x00, 0x00, 0x00, 0x00, 0x00, 0x00, 0x3f, 0xfc,
    0x00, 0x00, 0x00, 0x00, 0x00, 0x00, 0x00, 0x00,
    0x03, 0xc1, 0x00, 0x00, 0x00, 0x00, 0x00, 0x00,
    0x00, 0x00, 0x00, 0x00, 0x00, 0x00, 0x00, 0x00,
    0x00, 0x00, 0x00, 0x00, 0x00, 0x00, 0x00, 0x00,
    0x00, 0x00, 0x00, 0x00, 0x00, 0x03, 0xff, 0xff,
    0xd0, 0x00, 0x00, 0x00, 0x00, 0x00, 0x00, 0x09,
    0xff, 0xff, 0xf2, 0x00, 0x00, 0x00, 0x00, 0x00,
    0x00, 0x0e, 0xff, 0xff, 0xf7, 0x00, 0x00, 0x00,
    0x00, 0x00, 0x00, 0x4f, 0xff, 0xff, 0xfd, 0x00,
    0x00, 0x00, 0x00, 0x00, 0x00, 0x9f, 0xff, 0xff,
    0xff, 0x20, 0x00, 0x00, 0x00, 0x00, 0x00, 0xef,
    0xff, 0x8f, 0xff, 0x70, 0x00, 0x00, 0x00, 0x00,
    0x04, 0xff, 0xfb, 0x2f, 0xff, 0xd0, 0x00, 0x00,
    0x00, 0x00, 0x09, 0xff, 0xf6, 0x0d, 0xff, 0xf2,
    0x00, 0x00, 0x00, 0x00, 0x0e, 0xff, 0xf1, 0x08,
    0xff, 0xf7, 0x00, 0x00, 0x00, 0x00, 0x4f, 0xff,
    0xb0, 0x02, 0xff, 0xfc, 0x00, 0x00, 0x00, 0x00,
    0xaf, 0xff, 0x60, 0x00, 0xdf, 0xff, 0x20, 0x00,
    0x00, 0x00, 0xff, 0xff, 0x10, 0x00, 0x8f, 0xff,
    0x70, 0x00, 0x00, 0x05, 0xff, 0xfb, 0x00, 0x00,
    0x3f, 0xff, 0xc0, 0x00, 0x00, 0x0a, 0xff, 0xf6,
    0x00, 0x00, 0x0e, 0xff, 0xf2, 0x00, 0x00, 0x0f,
    0xff, 0xff, 0xff, 0xff, 0xff, 0xff, 0xf7, 0x00,
    0x00, 0x5f, 0xff, 0xff, 0xff, 0xff, 0xff, 0xff,
    0xfc, 0x00, 0x00, 0xbf, 0xff, 0xff, 0xff, 0xff,
    0xff, 0xff, 0xff, 0x10, 0x00, 0xff, 0xff, 0xfe,
    0xee, 0xee, 0xee, 0xff, 0xff, 0x70, 0x05, 0xff,
    0xfb, 0x00, 0x00, 0x00, 0x00, 0x4f, 0xff, 0xc0,
    0x0b, 0xff, 0xf5, 0x00, 0x00, 0x00, 0x00, 0x0f,
    0xff, 0xf1, 0x1f, 0xff, 0xf0, 0x00, 0x00, 0x00,
    0x00, 0x0a, 0xff, 0xf7, 0x6f, 0xff, 0xb0, 0x00,
    0x00, 0x00, 0x00, 0x05, 0xff, 0xfc,

    /* U+00C1 "Á" */
    0x00, 0x00, 0x00, 0x00, 0x00, 0x00, 0x33, 0x00,
    0x00, 0x00, 0x00, 0x00, 0x00, 0x00, 0x00, 0x04,
    0xff, 0x30, 0x00, 0x00, 0x00, 0x00, 0x00, 0x00,
    0x00, 0x5f, 0xff, 0xb0, 0x00, 0x00, 0x00, 0x00,
    0x00, 0x00, 0x05, 0xff, 0xfb, 0x00, 0x00, 0x00,
    0x00, 0x00, 0x00, 0x00, 0x6f, 0xff, 0xb0, 0x00,
    0x00, 0x00, 0x00, 0x00, 0x00, 0x00, 0x5f, 0xfa,
    0x00, 0x00, 0x00, 0x00, 0x00, 0x00, 0x00, 0x00,
    0x06, 0xa0, 0x00, 0x00, 0x00, 0x00, 0x00, 0x00,
    0x00, 0x00, 0x00, 0x00, 0x00, 0x00, 0x00, 0x00,
    0x00, 0x00, 0x00, 0x00, 0x00, 0x00, 0x00, 0x00,
    0x00, 0x00, 0x00, 0x00, 0x00, 0x03, 0xff, 0xff,
    0xd0, 0x00, 0x00, 0x00, 0x00, 0x00, 0x00, 0x09,
    0xff, 0xff, 0xf2, 0x00, 0x00, 0x00, 0x00, 0x00,
    0x00, 0x0e, 0xff, 0xff, 0xf7, 0x00, 0x00, 0x00,
    0x00, 0x00, 0x00, 0x4f, 0xff, 0xff, 0xfd, 0x00,
    0x00, 0x00, 0x00, 0x00, 0x00, 0x9f, 0xff, 0xff,
    0xff, 0x20, 0x00, 0x00, 0x00, 0x00, 0x00, 0xef,
    0xff, 0x8f, 0xff, 0x70, 0x00, 0x00, 0x00, 0x00,
    0x04, 0xff, 0xfb, 0x2f, 0xff, 0xd0, 0x00, 0x00,
    0x00, 0x00, 0x09, 0xff, 0xf6, 0x0d, 0xff, 0xf2,
    0x00, 0x00, 0x00, 0x00, 0x0e, 0xff, 0xf1, 0x08,
    0xff, 0xf7, 0x00, 0x00, 0x00, 0x00, 0x4f, 0xff,
    0xb0, 0x02, 0xff, 0xfc, 0x00, 0x00, 0x00, 0x00,
    0xaf, 0xff, 0x60, 0x00, 0xdf, 0xff, 0x20, 0x00,
    0x00, 0x00, 0xff, 0xff, 0x10, 0x00, 0x8f, 0xff,
    0x70, 0x00, 0x00, 0x05, 0xff, 0xfb, 0x00, 0x00,
    0x3f, 0xff, 0xc0, 0x00, 0x00, 0x0a, 0xff, 0xf6,
    0x00, 0x00, 0x0e, 0xff, 0xf2, 0x00, 0x00, 0x0f,
    0xff, 0xff, 0xff, 0xff, 0xff, 0xff, 0xf7, 0x00,
    0x00, 0x5f, 0xff, 0xff, 0xff, 0xff, 0xff, 0xff,
    0xfc, 0x00, 0x00, 0xbf, 0xff, 0xff, 0xff, 0xff,
    0xff, 0xff, 0xff, 0x10, 0x00, 0xff, 0xff, 0xfe,
    0xee, 0xee, 0xee, 0xff, 0xff, 0x70, 0x05, 0xff,
    0xfb, 0x00, 0x00, 0x00, 0x00, 0x4f, 0xff, 0xc0,
    0x0b, 0xff, 0xf5, 0x00, 0x00, 0x00, 0x00, 0x0f,
    0xff, 0xf1, 0x1f, 0xff, 0xf0, 0x00, 0x00, 0x00,
    0x00, 0x0a, 0xff, 0xf7, 0x6f, 0xff, 0xb0, 0x00,
    0x00, 0x00, 0x00, 0x05, 0xff, 0xfc,

    /* U+00C2 "Â" */
    0x00, 0x00, 0x00, 0x00, 0x00, 0x10, 0x00, 0x00,
    0x00, 0x00, 0x00, 0x00, 0x00, 0x00, 0x09, 0xf3,
    0x00, 0x00, 0x00, 0x00, 0x00, 0x00, 0x00, 0x00,
    0xaf, 0xff, 0x40, 0x00, 0x00, 0x00, 0x00, 0x00,
    0x00, 0x0b, 0xff, 0xff, 0xf5, 0x00, 0x00, 0x00,
    0x00, 0x00, 0x00, 0xbf, 0xff, 0xef, 0xff, 0x50,
    0x00, 0x00, 0x00, 0x00, 0x01, 0xdf, 0xf4, 0x09,
    0xff, 0x80, 0x00, 0x00, 0x00, 0x00, 0x00, 0x1c,
    0x30, 0x00, 0x87, 0x00, 0x00, 0x00, 0x00, 0x00,
    0x00, 0x00, 0x00, 0x00, 0x00, 0x00, 0x00, 0x00,
    0x00, 0x00, 0x00, 0x00, 0x00, 0x00, 0x00, 0x00,
    0x00, 0x00, 0x00, 0x00, 0x00, 0x03, 0xff, 0xff,
    0xd0, 0x00, 0x00, 0x00, 0x00, 0x00, 0x00, 0x09,
    0xff, 0xff, 0xf2, 0x00, 0x00, 0x00, 0x00, 0x00,
    0x00, 0x0e, 0xff, 0xff, 0xf7, 0x00, 0x00, 0x00,
    0x00, 0x00, 0x00, 0x4f, 0xff, 0xff, 0xfd, 0x00,
    0x00, 0x00, 0x00, 0x00, 0x00, 0x9f, 0xff, 0xff,
    0xff, 0x20, 0x00, 0x00, 0x00, 0x00, 0x00, 0xef,
    0xff, 0x8f, 0xff, 0x70, 0x00, 0x00, 0x00, 0x00,
    0x04, 0xff, 0xfb, 0x2f, 0xff, 0xd0, 0x00, 0x00,
    0x00, 0x00, 0x09, 0xff, 0xf6, 0x0d, 0xff, 0xf2,
    0x00, 0x00, 0x00, 0x00, 0x0e, 0xff, 0xf1, 0x08,
    0xff, 0xf7, 0x00, 0x00, 0x00, 0x00, 0x4f, 0xff,
    0xb0, 0x02, 0xff, 0xfc, 0x00, 0x00, 0x00, 0x00,
    0xaf, 0xff, 0x60, 0x00, 0xdf, 0xff, 0x20, 0x00,
    0x00, 0x00, 0xff, 0xff, 0x10, 0x00, 0x8f, 0xff,
    0x70, 0x00, 0x00, 0x05, 0xff, 0xfb, 0x00, 0x00,
    0x3f, 0xff, 0xc0, 0x00, 0x00, 0x0a, 0xff, 0xf6,
    0x00, 0x00, 0x0e, 0xff, 0xf2, 0x00, 0x00, 0x0f,
    0xff, 0xff, 0xff, 0xff, 0xff, 0xff, 0xf7, 0x00,
    0x00, 0x5f, 0xff, 0xff, 0xff, 0xff, 0xff, 0xff,
    0xfc, 0x00, 0x00, 0xbf, 0xff, 0xff, 0xff, 0xff,
    0xff, 0xff, 0xff, 0x10, 0x00, 0xff, 0xff, 0xfe,
    0xee, 0xee, 0xee, 0xff, 0xff, 0x70, 0x05, 0xff,
    0xfb, 0x00, 0x00, 0x00, 0x00, 0x4f, 0xff, 0xc0,
    0x0b, 0xff, 0xf5, 0x00, 0x00, 0x00, 0x00, 0x0f,
    0xff, 0xf1, 0x1f, 0xff, 0xf0, 0x00, 0x00, 0x00,
    0x00, 0x0a, 0xff, 0xf7, 0x6f, 0xff, 0xb0, 0x00,
    0x00, 0x00, 0x00, 0x05, 0xff, 0xfc,

    /* U+00C3 "Ã" */
    0x00, 0x00, 0x00, 0x7d, 0xfc, 0x71, 0x1b, 0xa5,
    0x00, 0x00, 0x00, 0x00, 0x08, 0xff, 0xff, 0xff,
    0xff, 0xfd, 0x00, 0x00, 0x00, 0x00, 0x2f, 0xff,
    0xff, 0xff, 0xff, 0xf4, 0x00, 0x00, 0x00, 0x00,
    0x18, 0xea, 0x36, 0xbf, 0xfe, 0x50, 0x00, 0x00,
    0x00, 0x00, 0x00, 0x00, 0x00, 0x00, 0x10, 0x00,
    0x00, 0x00, 0x00, 0x00, 0x00, 0x00, 0x00, 0x00,
    0x00, 0x00, 0x00, 0x00, 0x00, 0x00, 0x00, 0x00,
    0x00, 0x00, 0x00, 0x00, 0x00, 0x00, 0x00, 0x00,
    0x00, 0x03, 0xff, 0xff, 0xd0, 0x00, 0x00, 0x00,
    0x00, 0x00, 0x00, 0x09, 0xff, 0xff, 0xf2, 0x00,
    0x00, 0x00, 0x00, 0x00, 0x00, 0x0e, 0xff, 0xff,
    0xf7, 0x00, 0x00, 0x00, 0x00, 0x00, 0x00, 0x4f,
    0xff, 0xff, 0xfd, 0x00, 0x00, 0x00, 0x00, 0x00,
    0x00, 0x9f, 0xff, 0xff, 0xff, 0x20, 0x00, 0x00,
    0x00, 0x00, 0x00, 0xef, 0xff, 0x8f, 0xff, 0x70,
    0x00, 0x00, 0x00, 0x00, 0x04, 0xff, 0xfb, 0x2f,
    0xff, 0xd0, 0x00, 0x00, 0x00, 0x00, 0x09, 0xff,
    0xf6, 0x0d, 0xff, 0xf2, 0x00, 0x00, 0x00, 0x00,
    0x0e, 0xff, 0xf1, 0x08, 0xff, 0xf7, 0x00, 0x00,
    0x00, 0x00, 0x4f, 0xff, 0xb0, 0x02, 0xff, 0xfc,
    0x00, 0x00, 0x00, 0x00, 0xaf, 0xff, 0x60, 0x00,
    0xdf, 0xff, 0x20, 0x00, 0x00, 0x00, 0xff, 0xff,
    0x10, 0x00, 0x8f, 0xff, 0x70, 0x00, 0x00, 0x05,
    0xff, 0xfb, 0x00, 0x00, 0x3f, 0xff, 0xc0, 0x00,
    0x00, 0x0a, 0xff, 0xf6, 0x00, 0x00, 0x0e, 0xff,
    0xf2, 0x00, 0x00, 0x0f, 0xff, 0xff, 0xff, 0xff,
    0xff, 0xff, 0xf7, 0x00, 0x00, 0x5f, 0xff, 0xff,
    0xff, 0xff, 0xff, 0xff, 0xfc, 0x00, 0x00, 0xbf,
    0xff, 0xff, 0xff, 0xff, 0xff, 0xff, 0xff, 0x10,
    0x00, 0xff, 0xff, 0xfe, 0xee, 0xee, 0xee, 0xff,
    0xff, 0x70, 0x05, 0xff, 0xfb, 0x00, 0x00, 0x00,
    0x00, 0x4f, 0xff, 0xc0, 0x0b, 0xff, 0xf5, 0x00,
    0x00, 0x00, 0x00, 0x0f, 0xff, 0xf1, 0x1f, 0xff,
    0xf0, 0x00, 0x00, 0x00, 0x00, 0x0a, 0xff, 0xf7,
    0x6f, 0xff, 0xb0, 0x00, 0x00, 0x00, 0x00, 0x05,
    0xff, 0xfc,

    /* U+00C4 "Ä" */
    0x00, 0x00, 0x03, 0xdf, 0x90, 0x02, 0xcf, 0xa0,
    0x00, 0x00, 0x00, 0x00, 0x0d, 0xff, 0xf5, 0x0c,
    0xff, 0xf7, 0x00, 0x00, 0x00, 0x00, 0x0f, 0xff,
    0xf8, 0x0e, 0xff, 0xfa, 0x00, 0x00, 0x00, 0x00,
    0x0c, 0xff, 0xf4, 0x0b, 0xff, 0xf6, 0x00, 0x00,
    0x00, 0x00, 0x02, 0xac, 0x60, 0x01, 0x9c, 0x70,
    0x00, 0x00, 0x00, 0x00, 0x00, 0x00, 0x00, 0x00,
    0x00, 0x00, 0x00, 0x00, 0x00, 0x00, 0x00, 0x00,
    0x00, 0x00, 0x00, 0x00, 0x00, 0x00, 0x00, 0x00,
    0x00, 0x03, 0xff, 0xff, 0xd0, 0x00, 0x00, 0x00,
    0x00, 0x00, 0x00, 0x09, 0xff, 0xff, 0xf2, 0x00,
    0x00, 0x00, 0x00, 0x00, 0x00, 0x0e, 0xff, 0xff,
    0xf7, 0x00, 0x00, 0x00, 0x00, 0x00, 0x00, 0x4f,
    0xff, 0xff, 0xfd, 0x00, 0x00, 0x00, 0x00, 0x00,
    0x00, 0x9f, 0xff, 0xff, 0xff, 0x20, 0x00, 0x00,
    0x00, 0x00, 0x00, 0xef, 0xff, 0x8f, 0xff, 0x70,
    0x00, 0x00, 0x00, 0x00, 0x04, 0xff, 0xfb, 0x2f,
    0xff, 0xd0, 0x00, 0x00, 0x00, 0x00, 0x09, 0xff,
    0xf6, 0x0d, 0xff, 0xf2, 0x00, 0x00, 0x00, 0x00,
    0x0e, 0xff, 0xf1, 0x08, 0xff, 0xf7, 0x00, 0x00,
    0x00, 0x00, 0x4f, 0xff, 0xb0, 0x02, 0xff, 0xfc,
    0x00, 0x00, 0x00, 0x00, 0xaf, 0xff, 0x60, 0x00,
    0xdf, 0xff, 0x20, 0x00, 0x00, 0x00, 0xff, 0xff,
    0x10, 0x00, 0x8f, 0xff, 0x70, 0x00, 0x00, 0x05,
    0xff, 0xfb, 0x00, 0x00, 0x3f, 0xff, 0xc0, 0x00,
    0x00, 0x0a, 0xff, 0xf6, 0x00, 0x00, 0x0e, 0xff,
    0xf2, 0x00, 0x00, 0x0f, 0xff, 0xff, 0xff, 0xff,
    0xff, 0xff, 0xf7, 0x00, 0x00, 0x5f, 0xff, 0xff,
    0xff, 0xff, 0xff, 0xff, 0xfc, 0x00, 0x00, 0xbf,
    0xff, 0xff, 0xff, 0xff, 0xff, 0xff, 0xff, 0x10,
    0x00, 0xff, 0xff, 0xfe, 0xee, 0xee, 0xee, 0xff,
    0xff, 0x70, 0x05, 0xff, 0xfb, 0x00, 0x00, 0x00,
    0x00, 0x4f, 0xff, 0xc0, 0x0b, 0xff, 0xf5, 0x00,
    0x00, 0x00, 0x00, 0x0f, 0xff, 0xf1, 0x1f, 0xff,
    0xf0, 0x00, 0x00, 0x00, 0x00, 0x0a, 0xff, 0xf7,
    0x6f, 0xff, 0xb0, 0x00, 0x00, 0x00, 0x00, 0x05,
    0xff, 0xfc,

    /* U+00C5 "Å" */
    0x00, 0x00, 0x00, 0x00, 0x7e, 0xfc, 0x40, 0x00,
    0x00, 0x00, 0x00, 0x00, 0x00, 0x09, 0xff, 0xff,
    0xf3, 0x00, 0x00, 0x00, 0x00, 0x00, 0x00, 0x1f,
    0xfc, 0x8f, 0xfa, 0x00, 0x00, 0x00, 0x00, 0x00,
    0x00, 0x3f, 0xf4, 0x0a, 0xfd, 0x00, 0x00, 0x00,
    0x00, 0x00, 0x00, 0x1f, 0xfc, 0x8f, 0xfa, 0x00,
    0x00, 0x00, 0x00, 0x00, 0x00, 0x09, 0xff, 0xff,
    0xf3, 0x00, 0x00, 0x00, 0x00, 0x00, 0x00, 0x00,
    0x7e, 0xfc, 0x40, 0x00, 0x00, 0x00, 0x00, 0x00,
    0x00, 0x00, 0x00, 0x00, 0x00, 0x00, 0x00, 0x00,
    0x00, 0x00, 0x00, 0x00, 0x00, 0x00, 0x00, 0x00,
    0x00, 0x00, 0x00, 0x00, 0x00, 0x03, 0xff, 0xff,
    0xd0, 0x00, 0x00, 0x00, 0x00, 0x00, 0x00, 0x09,
    0xff, 0xff, 0xf2, 0x00, 0x00, 0x00, 0x00, 0x00,
    0x00, 0x0e, 0xff, 0xff, 0xf7, 0x00, 0x00, 0x00,
    0x00, 0x00, 0x00, 0x4f, 0xff, 0xff, 0xfd, 0x00,
    0x00, 0x00, 0x00, 0x00, 0x00, 0x9f, 0xff, 0xff,
    0xff, 0x20, 0x00, 0x00, 0x00, 0x00, 0x00, 0xef,
    0xff, 0x8f, 0xff, 0x70, 0x00, 0x00, 0x00, 0x00,
    0x04, 0xff, 0xfb, 0x2f, 0xff, 0xd0, 0x00, 0x00,
    0x00, 0x00, 0x09, 0xff, 0xf6, 0x0d, 0xff, 0xf2,
    0x00, 0x00, 0x00, 0x00, 0x0e, 0xff, 0xf1, 0x08,
    0xff, 0xf7, 0x00, 0x00, 0x00, 0x00, 0x4f, 0xff,
    0xb0, 0x02, 0xff, 0xfc, 0x00, 0x00, 0x00, 0x00,
    0xaf, 0xff, 0x60, 0x00, 0xdf, 0xff, 0x20, 0x00,
    0x00, 0x00, 0xff, 0xff, 0x10, 0x00, 0x8f, 0xff,
    0x70, 0x00, 0x00, 0x05, 0xff, 0xfb, 0x00, 0x00,
    0x3f, 0xff, 0xc0, 0x00, 0x00, 0x0a, 0xff, 0xf6,
    0x00, 0x00, 0x0e, 0xff, 0xf2, 0x00, 0x00, 0x0f,
    0xff, 0xff, 0xff, 0xff, 0xff, 0xff, 0xf7, 0x00,
    0x00, 0x5f, 0xff, 0xff, 0xff, 0xff, 0xff, 0xff,
    0xfc, 0x00, 0x00, 0xbf, 0xff, 0xff, 0xff, 0xff,
    0xff, 0xff, 0xff, 0x10, 0x00, 0xff, 0xff, 0xfe,
    0xee, 0xee, 0xee, 0xff, 0xff, 0x70, 0x05, 0xff,
    0xfb, 0x00, 0x00, 0x00, 0x00, 0x4f, 0xff, 0xc0,
    0x0b, 0xff, 0xf5, 0x00, 0x00, 0x00, 0x00, 0x0f,
    0xff, 0xf1, 0x1f, 0xff, 0xf0, 0x00, 0x00, 0x00,
    0x00, 0x0a, 0xff, 0xf7, 0x6f, 0xff, 0xb0, 0x00,
    0x00, 0x00, 0x00, 0x05, 0xff, 0xfc,

    /* U+00C6 "Æ" */
    0x00, 0x00, 0x00, 0x00, 0x8f, 0xff, 0xff, 0xff,
    0xff, 0xff, 0xff, 0xff, 0x30, 0x00, 0x00, 0x00,
    0x0d, 0xff, 0xff, 0xff, 0xff, 0xff, 0xff, 0xff,
    0xf3, 0x00, 0x00, 0x00, 0x04, 0xff, 0xff, 0xff,
    0xff, 0xff, 0xff, 0xff, 0xff, 0x30, 0x00, 0x00,
    0x00, 0xaf, 0xff, 0xff, 0xff, 0xff, 0xff, 0xff,
    0xff, 0xf3, 0x00, 0x00, 0x00, 0x0f, 0xff, 0xfa,
    0xff, 0xfa, 0x00, 0x00, 0x00, 0x00, 0x00, 0x00,
    0x00, 0x06, 0xff, 0xfd, 0x5f, 0xff, 0xb0, 0x00,
    0x00, 0x00, 0x00, 0x00, 0x00, 0x00, 0xcf, 0xff,
    0x64, 0xff, 0xfc, 0x00, 0x00, 0x00, 0x00, 0x00,
    0x00, 0x00, 0x2f, 0xff, 0xf1, 0x2f, 0xff, 0xe0,
    0x00, 0x00, 0x00, 0x00, 0x00, 0x00, 0x08, 0xff,
    0xfa, 0x01, 0xff, 0xff, 0x00, 0x00, 0x00, 0x00,
    0x00, 0x00, 0x00, 0xdf, 0xff, 0x40, 0x0f, 0xff,
    0xff, 0xff, 0xff, 0xff, 0x20, 0x00, 0x00, 0x4f,
    0xff, 0xe0, 0x00, 0xef, 0xff, 0xff, 0xff, 0xff,
    0xf2, 0x00, 0x00, 0x0a, 0xff, 0xf8, 0x00, 0x0c,
    0xff, 0xff, 0xff, 0xff, 0xff, 0x20, 0x00, 0x00,
    0xff, 0xff, 0x20, 0x00, 0xbf, 0xff, 0xff, 0xff,
    0xff, 0xf2, 0x00, 0x00, 0x6f, 0xff, 0xfe, 0xee,
    0xef, 0xff, 0xf6, 0x00, 0x00, 0x00, 0x00, 0x00,
    0x0c, 0xff, 0xff, 0xff, 0xff, 0xff, 0xff, 0x70,
    0x00, 0x00, 0x00, 0x00, 0x02, 0xff, 0xff, 0xff,
    0xff, 0xff, 0xff, 0xf8, 0x00, 0x00, 0x00, 0x00,
    0x00, 0x8f, 0xff, 0xff, 0xff, 0xff, 0xff, 0xff,
    0x90, 0x00, 0x00, 0x00, 0x00, 0x0d, 0xff, 0xf3,
    0x00, 0x00, 0x03, 0xff, 0xfb, 0x00, 0x00, 0x00,
    0x00, 0x04, 0xff, 0xfd, 0x00, 0x00, 0x00, 0x2f,
    0xff, 0xff, 0xff, 0xff, 0xff, 0xd0, 0xaf, 0xff,
    0x70, 0x00, 0x00, 0x00, 0xff, 0xff, 0xff, 0xff,
    0xff, 0xfd, 0x0f, 0xff, 0xf1, 0x00, 0x00, 0x00,
    0x0f, 0xff, 0xff, 0xff, 0xff, 0xff, 0xd6, 0xff,
    0xfb, 0x00, 0x00, 0x00, 0x00, 0xef, 0xff, 0xff,
    0xff, 0xff, 0xfd,

    /* U+00C7 "Ç" */
    0x00, 0x00, 0x00, 0x04, 0x9d, 0xef, 0xed, 0xa5,
    0x00, 0x00, 0x00, 0x00, 0x00, 0x04, 0xdf, 0xff,
    0xff, 0xff, 0xff, 0xe5, 0x00, 0x00, 0x00, 0x00,
    0x8f, 0xff, 0xff, 0xff, 0xff, 0xff, 0xff, 0x80,
    0x00, 0x00, 0x08, 0xff, 0xff, 0xff, 0xff, 0xff,
    0xff, 0xff, 0xf8, 0x00, 0x00, 0x5f, 0xff, 0xff,
    0xc5, 0x21, 0x25, 0xbf, 0xff, 0xff, 0x40, 0x00,
    0xef, 0xff, 0xf6, 0x00, 0x00, 0x00, 0x05, 0xff,
    0xff, 0xd0, 0x06, 0xff, 0xff, 0x60, 0x00, 0x00,
    0x00, 0x00, 0x4f, 0xfb, 0x50, 0x0b, 0xff, 0xfb,
    0x00, 0x00, 0x00, 0x00, 0x00, 0x04, 0x10, 0x00,
    0x0f, 0xff, 0xf5, 0x00, 0x00, 0x00, 0x00, 0x00,
    0x00, 0x00, 0x00, 0x2f, 0xff, 0xf0, 0x00, 0x00,
    0x00, 0x00, 0x00, 0x00, 0x00, 0x00, 0x3f, 0xff,
    0xf0, 0x00, 0x00, 0x00, 0x00, 0x00, 0x00, 0x00,
    0x00, 0x3f, 0xff, 0xf0, 0x00, 0x00, 0x00, 0x00,
    0x00, 0x00, 0x00, 0x00, 0x2f, 0xff, 0xf0, 0x00,
    0x00, 0x00, 0x00, 0x00, 0x00, 0x00, 0x00, 0x0f,
    0xff, 0xf5, 0x00, 0x00, 0x00, 0x00, 0x00, 0x00,
    0x00, 0x00, 0x0c, 0xff, 0xfb, 0x00, 0x00, 0x00,
    0x00, 0x00, 0x04, 0x10, 0x00, 0x07, 0xff, 0xff,
    0x60, 0x00, 0x00, 0x00, 0x00, 0x4f, 0xfb, 0x50,
    0x01, 0xff, 0xff, 0xf6, 0x00, 0x00, 0x00, 0x05,
    0xff, 0xff, 0xd0, 0x00, 0x6f, 0xff, 0xff, 0xc6,
    0x31, 0x36, 0xbf, 0xff, 0xff, 0x40, 0x00, 0x0a,
    0xff, 0xff, 0xff, 0xff, 0xff, 0xff, 0xff, 0xf8,
    0x00, 0x00, 0x00, 0xaf, 0xff, 0xff, 0xff, 0xff,
    0xff, 0xff, 0x90, 0x00, 0x00, 0x00, 0x06, 0xef,
    0xff, 0xff, 0xff, 0xff, 0xe5, 0x00, 0x00, 0x00,
    0x00, 0x00, 0x05, 0xaf, 0xff, 0xfd, 0xa5, 0x00,
    0x00, 0x00, 0x00, 0x00, 0x00, 0x00, 0x07, 0xff,
    0x40, 0x00, 0x00, 0x00, 0x00, 0x00, 0x00, 0x00,
    0x00, 0x0a, 0xff, 0xfc, 0x00, 0x00, 0x00, 0x00,
    0x00, 0x00, 0x00, 0x00, 0x06, 0x78, 0xff, 0x70,
    0x00, 0x00, 0x00, 0x00, 0x00, 0x00, 0x00, 0x44,
    0x11, 0xdf, 0x80, 0x00, 0x00, 0x00, 0x00, 0x00,
    0x00, 0x00, 0xdf, 0xff, 0xff, 0x40, 0x00, 0x00,
    0x00, 0x00, 0x00, 0x00, 0x00, 0x9f, 0xff, 0xf7,
    0x00, 0x00, 0x00, 0x00, 0x00, 0x00, 0x00, 0x00,
    0x00, 0x12, 0x00, 0x00, 0x00, 0x00, 0x00,

    /* U+00C8 "È" */
    0x00, 0x04, 0x30, 0x00, 0x00, 0x00, 0x00, 0x00,
    0x4f, 0xf3, 0x00, 0x00, 0x00, 0x00, 0x00, 0xcf,
    0xff, 0x40, 0x00, 0x00, 0x00, 0x00, 0x1c, 0xff,
    0xf4, 0x00, 0x00, 0x00, 0x00, 0x00, 0xcf, 0xff,
    0x50, 0x00, 0x00, 0x00, 0x00, 0x0b, 0xff, 0x40,
    0x00, 0x00, 0x00, 0x00, 0x00, 0xa5, 0x00, 0x00,
    0x00, 0x00, 0x00, 0x00, 0x00, 0x00, 0x00, 0x00,
    0x00, 0x00, 0x00, 0x00, 0x00, 0x00, 0x00, 0xef,
    0xff, 0xff, 0xff, 0xff, 0xff, 0xf5, 0xef, 0xff,
    0xff, 0xff, 0xff, 0xff, 0xf5, 0xef, 0xff, 0xff,
    0xff, 0xff, 0xff, 0xf5, 0xef, 0xff, 0xff, 0xff,
    0xff, 0xff, 0xf5, 0xef, 0xff, 0x20, 0x00, 0x00,
    0x00, 0x00, 0xef, 0xff, 0x20, 0x00, 0x00, 0x00,
    0x00, 0xef, 0xff, 0x20, 0x00, 0x00, 0x00, 0x00,
    0xef, 0xff, 0x20, 0x00, 0x00, 0x00, 0x00, 0xef,
    0xff, 0x20, 0x00, 0x00, 0x00, 0x00, 0xef, 0xff,
    0xff, 0xff, 0xff, 0xf9, 0x00, 0xef, 0xff, 0xff,
    0xff, 0xff, 0xf9, 0x00, 0xef, 0xff, 0xff, 0xff,
    0xff, 0xf9, 0x00, 0xef, 0xff, 0xff, 0xff, 0xff,
    0xf9, 0x00, 0xef, 0xff, 0x20, 0x00, 0x00, 0x00,
    0x00, 0xef, 0xff, 0x20, 0x00, 0x00, 0x00, 0x00,
    0xef, 0xff, 0x20, 0x00, 0x00, 0x00, 0x00, 0xef,
    0xff, 0x20, 0x00, 0x00, 0x00, 0x00, 0xef, 0xff,
    0x20, 0x00, 0x00, 0x00, 0x00, 0xef, 0xff, 0xff,
    0xff, 0xff, 0xff, 0xf5, 0xef, 0xff, 0xff, 0xff,
    0xff, 0xff, 0xf5, 0xef, 0xff, 0xff, 0xff, 0xff,
    0xff, 0xf5, 0xef, 0xff, 0xff, 0xff, 0xff, 0xff,
    0xf5,

    /* U+00C9 "É" */
    0x00, 0x00, 0x00, 0x00, 0x07, 0x00, 0x00, 0x00,
    0x00, 0x00, 0x00, 0xcf, 0x90, 0x00, 0x00, 0x00,
    0x00, 0x1c, 0xff, 0xf2, 0x00, 0x00, 0x00, 0x01,
    0xdf, 0xff, 0x40, 0x00, 0x00, 0x00, 0x1d, 0xff,
    0xf3, 0x00, 0x00, 0x00, 0x00, 0x1d, 0xfe, 0x30,
    0x00, 0x00, 0x00, 0x00, 0x01, 0xc2, 0x00, 0x00,
    0x00, 0x00, 0x00, 0x00, 0x00, 0x00, 0x00, 0x00,
    0x00, 0x00, 0x00, 0x00, 0x00, 0x00, 0x00, 0xef,
    0xff, 0xff, 0xff, 0xff, 0xff, 0xf5, 0xef, 0xff,
    0xff, 0xff, 0xff, 0xff, 0xf5, 0xef, 0xff, 0xff,
    0xff, 0xff, 0xff, 0xf5, 0xef, 0xff, 0xff, 0xff,
    0xff, 0xff, 0xf5, 0xef, 0xff, 0x20, 0x00, 0x00,
    0x00, 0x00, 0xef, 0xff, 0x20, 0x00, 0x00, 0x00,
    0x00, 0xef, 0xff, 0x20, 0x00, 0x00, 0x00, 0x00,
    0xef, 0xff, 0x20, 0x00, 0x00, 0x00, 0x00, 0xef,
    0xff, 0x20, 0x00, 0x00, 0x00, 0x00, 0xef, 0xff,
    0xff, 0xff, 0xff, 0xf9, 0x00, 0xef, 0xff, 0xff,
    0xff, 0xff, 0xf9, 0x00, 0xef, 0xff, 0xff, 0xff,
    0xff, 0xf9, 0x00, 0xef, 0xff, 0xff, 0xff, 0xff,
    0xf9, 0x00, 0xef, 0xff, 0x20, 0x00, 0x00, 0x00,
    0x00, 0xef, 0xff, 0x20, 0x00, 0x00, 0x00, 0x00,
    0xef, 0xff, 0x20, 0x00, 0x00, 0x00, 0x00, 0xef,
    0xff, 0x20, 0x00, 0x00, 0x00, 0x00, 0xef, 0xff,
    0x20, 0x00, 0x00, 0x00, 0x00, 0xef, 0xff, 0xff,
    0xff, 0xff, 0xff, 0xf5, 0xef, 0xff, 0xff, 0xff,
    0xff, 0xff, 0xf5, 0xef, 0xff, 0xff, 0xff, 0xff,
    0xff, 0xf5, 0xef, 0xff, 0xff, 0xff, 0xff, 0xff,
    0xf5,

    /* U+00CA "Ê" */
    0x00, 0x00, 0x00, 0x10, 0x00, 0x00, 0x00, 0x00,
    0x00, 0x03, 0xf9, 0x00, 0x00, 0x00, 0x00, 0x00,
    0x4f, 0xff, 0xa0, 0x00, 0x00, 0x00, 0x05, 0xff,
    0xff, 0xfb, 0x00, 0x00, 0x00, 0x5f, 0xff, 0xef,
    0xff, 0xb0, 0x00, 0x00, 0x8f, 0xfa, 0x03, 0xef,
    0xd1, 0x00, 0x00, 0x08, 0x90, 0x00, 0x3b, 0x10,
    0x00, 0x00, 0x00, 0x00, 0x00, 0x00, 0x00, 0x00,
    0x00, 0x00, 0x00, 0x00, 0x00, 0x00, 0x00, 0xef,
    0xff, 0xff, 0xff, 0xff, 0xff, 0xf5, 0xef, 0xff,
    0xff, 0xff, 0xff, 0xff, 0xf5, 0xef, 0xff, 0xff,
    0xff, 0xff, 0xff, 0xf5, 0xef, 0xff, 0xff, 0xff,
    0xff, 0xff, 0xf5, 0xef, 0xff, 0x20, 0x00, 0x00,
    0x00, 0x00, 0xef, 0xff, 0x20, 0x00, 0x00, 0x00,
    0x00, 0xef, 0xff, 0x20, 0x00, 0x00, 0x00, 0x00,
    0xef, 0xff, 0x20, 0x00, 0x00, 0x00, 0x00, 0xef,
    0xff, 0x20, 0x00, 0x00, 0x00, 0x00, 0xef, 0xff,
    0xff, 0xff, 0xff, 0xf9, 0x00, 0xef, 0xff, 0xff,
    0xff, 0xff, 0xf9, 0x00, 0xef, 0xff, 0xff, 0xff,
    0xff, 0xf9, 0x00, 0xef, 0xff, 0xff, 0xff, 0xff,
    0xf9, 0x00, 0xef, 0xff, 0x20, 0x00, 0x00, 0x00,
    0x00, 0xef, 0xff, 0x20, 0x00, 0x00, 0x00, 0x00,
    0xef, 0xff, 0x20, 0x00, 0x00, 0x00, 0x00, 0xef,
    0xff, 0x20, 0x00, 0x00, 0x00, 0x00, 0xef, 0xff,
    0x20, 0x00, 0x00, 0x00, 0x00, 0xef, 0xff, 0xff,
    0xff, 0xff, 0xff, 0xf5, 0xef, 0xff, 0xff, 0xff,
    0xff, 0xff, 0xf5, 0xef, 0xff, 0xff, 0xff, 0xff,
    0xff, 0xf5, 0xef, 0xff, 0xff, 0xff, 0xff, 0xff,
    0xf5,

    /* U+00CB "Ë" */
    0x00, 0xaf, 0xc2, 0x00, 0x9f, 0xd3, 0x00, 0x07,
    0xff, 0xfc, 0x05, 0xff, 0xfe, 0x00, 0x09, 0xff,
    0xff, 0x08, 0xff, 0xff, 0x00, 0x06, 0xff, 0xfb,
    0x04, 0xff, 0xfd, 0x00, 0x00, 0x7c, 0xa1, 0x00,
    0x6c, 0xa2, 0x00, 0x00, 0x00, 0x00, 0x00, 0x00,
    0x00, 0x00, 0x00, 0x00, 0x00, 0x00, 0x00, 0x00,
    0x00, 0xef, 0xff, 0xff, 0xff, 0xff, 0xff, 0xf5,
    0xef, 0xff, 0xff, 0xff, 0xff, 0xff, 0xf5, 0xef,
    0xff, 0xff, 0xff, 0xff, 0xff, 0xf5, 0xef, 0xff,
    0xff, 0xff, 0xff, 0xff, 0xf5, 0xef, 0xff, 0x20,
    0x00, 0x00, 0x00, 0x00, 0xef, 0xff, 0x20, 0x00,
    0x00, 0x00, 0x00, 0xef, 0xff, 0x20, 0x00, 0x00,
    0x00, 0x00, 0xef, 0xff, 0x20, 0x00, 0x00, 0x00,
    0x00, 0xef, 0xff, 0x20, 0x00, 0x00, 0x00, 0x00,
    0xef, 0xff, 0xff, 0xff, 0xff, 0xf9, 0x00, 0xef,
    0xff, 0xff, 0xff, 0xff, 0xf9, 0x00, 0xef, 0xff,
    0xff, 0xff, 0xff, 0xf9, 0x00, 0xef, 0xff, 0xff,
    0xff, 0xff, 0xf9, 0x00, 0xef, 0xff, 0x20, 0x00,
    0x00, 0x00, 0x00, 0xef, 0xff, 0x20, 0x00, 0x00,
    0x00, 0x00, 0xef, 0xff, 0x20, 0x00, 0x00, 0x00,
    0x00, 0xef, 0xff, 0x20, 0x00, 0x00, 0x00, 0x00,
    0xef, 0xff, 0x20, 0x00, 0x00, 0x00, 0x00, 0xef,
    0xff, 0xff, 0xff, 0xff, 0xff, 0xf5, 0xef, 0xff,
    0xff, 0xff, 0xff, 0xff, 0xf5, 0xef, 0xff, 0xff,
    0xff, 0xff, 0xff, 0xf5, 0xef, 0xff, 0xff, 0xff,
    0xff, 0xff, 0xf5,

    /* U+00CC "Ì" */
    0x01, 0x60, 0x00, 0x00, 0x0c, 0xf9, 0x00, 0x00,
    0x5f, 0xff, 0xa0, 0x00, 0x07, 0xff, 0xfa, 0x00,
    0x00, 0x6f, 0xff, 0xb0, 0x00, 0x05, 0xff, 0xa0,
    0x00, 0x00, 0x5a, 0x00, 0x00, 0x00, 0x00, 0x00,
    0x00, 0x00, 0x00, 0x00, 0x00, 0x0e, 0xff, 0xf2,
    0x00, 0x0e, 0xff, 0xf2, 0x00, 0x0e, 0xff, 0xf2,
    0x00, 0x0e, 0xff, 0xf2, 0x00, 0x0e, 0xff, 0xf2,
    0x00, 0x0e, 0xff, 0xf2, 0x00, 0x0e, 0xff, 0xf2,
    0x00, 0x0e, 0xff, 0xf2, 0x00, 0x0e, 0xff, 0xf2,
    0x00, 0x0e, 0xff, 0xf2, 0x00, 0x0e, 0xff, 0xf2,
    0x00, 0x0e, 0xff, 0xf2, 0x00, 0x0e, 0xff, 0xf2,
    0x00, 0x0e, 0xff, 0xf2, 0x00, 0x0e, 0xff, 0xf2,
    0x00, 0x0e, 0xff, 0xf2, 0x00, 0x0e, 0xff, 0xf2,
    0x00, 0x0e, 0xff, 0xf2, 0x00, 0x0e, 0xff, 0xf2,
    0x00, 0x0e, 0xff, 0xf2, 0x00, 0x0e, 0xff, 0xf2,
    0x00, 0x0e, 0xff, 0xf2,

    /* U+00CD "Í" */
    0x00, 0x00, 0x05, 0x20, 0x00, 0x00, 0x6f, 0xe1,
    0x00, 0x07, 0xff, 0xf8, 0x00, 0x8f, 0xff, 0x90,
    0x08, 0xff, 0xf9, 0x00, 0x07, 0xff, 0x80, 0x00,
    0x00, 0x87, 0x00, 0x00, 0x00, 0x00, 0x00, 0x00,
    0x00, 0x00, 0x00, 0x00, 0x0e, 0xff, 0xf2, 0x00,
    0x0e, 0xff, 0xf2, 0x00, 0x0e, 0xff, 0xf2, 0x00,
    0x0e, 0xff, 0xf2, 0x00, 0x0e, 0xff, 0xf2, 0x00,
    0x0e, 0xff, 0xf2, 0x00, 0x0e, 0xff, 0xf2, 0x00,
    0x0e, 0xff, 0xf2, 0x00, 0x0e, 0xff, 0xf2, 0x00,
    0x0e, 0xff, 0xf2, 0x00, 0x0e, 0xff, 0xf2, 0x00,
    0x0e, 0xff, 0xf2, 0x00, 0x0e, 0xff, 0xf2, 0x00,
    0x0e, 0xff, 0xf2, 0x00, 0x0e, 0xff, 0xf2, 0x00,
    0x0e, 0xff, 0xf2, 0x00, 0x0e, 0xff, 0xf2, 0x00,
    0x0e, 0xff, 0xf2, 0x00, 0x0e, 0xff, 0xf2, 0x00,
    0x0e, 0xff, 0xf2, 0x00, 0x0e, 0xff, 0xf2, 0x00,
    0x0e, 0xff, 0xf2, 0x00,

    /* U+00CE "Î" */
    0x00, 0x00, 0x24, 0x00, 0x00, 0x00, 0x01, 0xdf,
    0x30, 0x00, 0x00, 0x0c, 0xff, 0xe2, 0x00, 0x00,
    0xbf, 0xff, 0xfe, 0x10, 0x0a, 0xff, 0xff, 0xff,
    0xd1, 0x08, 0xff, 0x41, 0xef, 0xb0, 0x00, 0x66,
    0x00, 0x39, 0x00, 0x00, 0x00, 0x00, 0x00, 0x00,
    0x00, 0x00, 0x00, 0x00, 0x00, 0x00, 0x0e, 0xff,
    0xf2, 0x00, 0x00, 0x0e, 0xff, 0xf2, 0x00, 0x00,
    0x0e, 0xff, 0xf2, 0x00, 0x00, 0x0e, 0xff, 0xf2,
    0x00, 0x00, 0x0e, 0xff, 0xf2, 0x00, 0x00, 0x0e,
    0xff, 0xf2, 0x00, 0x00, 0x0e, 0xff, 0xf2, 0x00,
    0x00, 0x0e, 0xff, 0xf2, 0x00, 0x00, 0x0e, 0xff,
    0xf2, 0x00, 0x00, 0x0e, 0xff, 0xf2, 0x00, 0x00,
    0x0e, 0xff, 0xf2, 0x00, 0x00, 0x0e, 0xff, 0xf2,
    0x00, 0x00, 0x0e, 0xff, 0xf2, 0x00, 0x00, 0x0e,
    0xff, 0xf2, 0x00, 0x00, 0x0e, 0xff, 0xf2, 0x00,
    0x00, 0x0e, 0xff, 0xf2, 0x00, 0x00, 0x0e, 0xff,
    0xf2, 0x00, 0x00, 0x0e, 0xff, 0xf2, 0x00, 0x00,
    0x0e, 0xff, 0xf2, 0x00, 0x00, 0x0e, 0xff, 0xf2,
    0x00, 0x00, 0x0e, 0xff, 0xf2, 0x00, 0x00, 0x0e,
    0xff, 0xf2, 0x00,

    /* U+00CF "Ï" */
    0x1b, 0xfc, 0x20, 0xaf, 0xd3, 0x08, 0xff, 0xfb,
    0x6f, 0xff, 0xd0, 0xbf, 0xff, 0xd9, 0xff, 0xff,
    0x07, 0xff, 0xfa, 0x5f, 0xff, 0xc0, 0x08, 0xc9,
    0x10, 0x7c, 0xa1, 0x00, 0x00, 0x00, 0x00, 0x00,
    0x00, 0x00, 0x00, 0x00, 0x00, 0x00, 0x00, 0x00,
    0xef, 0xff, 0x20, 0x00, 0x00, 0x0e, 0xff, 0xf2,
    0x00, 0x00, 0x00, 0xef, 0xff, 0x20, 0x00, 0x00,
    0x0e, 0xff, 0xf2, 0x00, 0x00, 0x00, 0xef, 0xff,
    0x20, 0x00, 0x00, 0x0e, 0xff, 0xf2, 0x00, 0x00,
    0x00, 0xef, 0xff, 0x20, 0x00, 0x00, 0x0e, 0xff,
    0xf2, 0x00, 0x00, 0x00, 0xef, 0xff, 0x20, 0x00,
    0x00, 0x0e, 0xff, 0xf2, 0x00, 0x00, 0x00, 0xef,
    0xff, 0x20, 0x00, 0x00, 0x0e, 0xff, 0xf2, 0x00,
    0x00, 0x00, 0xef, 0xff, 0x20, 0x00, 0x00, 0x0e,
    0xff, 0xf2, 0x00, 0x00, 0x00, 0xef, 0xff, 0x20,
    0x00, 0x00, 0x0e, 0xff, 0xf2, 0x00, 0x00, 0x00,
    0xef, 0xff, 0x20, 0x00, 0x00, 0x0e, 0xff, 0xf2,
    0x00, 0x00, 0x00, 0xef, 0xff, 0x20, 0x00, 0x00,
    0x0e, 0xff, 0xf2, 0x00, 0x00, 0x00, 0xef, 0xff,
    0x20, 0x00, 0x00, 0x0e, 0xff, 0xf2, 0x00, 0x00,

    /* U+00D0 "Ð" */
    0x00, 0x1f, 0xff, 0xff, 0xff, 0xfe, 0xc8, 0x30,
    0x00, 0x00, 0x00, 0x01, 0xff, 0xff, 0xff, 0xff,
    0xff, 0xff, 0xc2, 0x00, 0x00, 0x00, 0x1f, 0xff,
    0xff, 0xff, 0xff, 0xff, 0xff, 0xf5, 0x00, 0x00,
    0x01, 0xff, 0xff, 0xff, 0xff, 0xff, 0xff, 0xff,
    0xf4, 0x00, 0x00, 0x1f, 0xff, 0xf0, 0x00, 0x13,
    0x7e, 0xff, 0xff, 0xe1, 0x00, 0x01, 0xff, 0xff,
    0x00, 0x00, 0x00, 0x0a, 0xff, 0xff, 0x80, 0x00,
    0x1f, 0xff, 0xf0, 0x00, 0x00, 0x00, 0x0c, 0xff,
    0xff, 0x00, 0x01, 0xff, 0xff, 0x00, 0x00, 0x00,
    0x00, 0x3f, 0xff, 0xf4, 0x00, 0x1f, 0xff, 0xf0,
    0x00, 0x00, 0x00, 0x00, 0xdf, 0xff, 0x75, 0xdf,
    0xff, 0xff, 0xdd, 0xdd, 0x10, 0x00, 0x0a, 0xff,
    0xf9, 0x6f, 0xff, 0xff, 0xff, 0xff, 0xf1, 0x00,
    0x00, 0x8f, 0xff, 0xa6, 0xff, 0xff, 0xff, 0xff,
    0xff, 0x10, 0x00, 0x08, 0xff, 0xfa, 0x6f, 0xff,
    0xff, 0xff, 0xff, 0xf1, 0x00, 0x00, 0xaf, 0xff,
    0xa0, 0x01, 0xff, 0xff, 0x00, 0x00, 0x00, 0x00,
    0x0c, 0xff, 0xf7, 0x00, 0x1f, 0xff, 0xf0, 0x00,
    0x00, 0x00, 0x02, 0xff, 0xff, 0x40, 0x01, 0xff,
    0xff, 0x00, 0x00, 0x00, 0x00, 0xbf, 0xff, 0xf0,
    0x00, 0x1f, 0xff, 0xf0, 0x00, 0x00, 0x00, 0xaf,
    0xff, 0xf9, 0x00, 0x01, 0xff, 0xff, 0x00, 0x01,
    0x27, 0xdf, 0xff, 0xff, 0x10, 0x00, 0x1f, 0xff,
    0xff, 0xff, 0xff, 0xff, 0xff, 0xff, 0x50, 0x00,
    0x01, 0xff, 0xff, 0xff, 0xff, 0xff, 0xff, 0xff,
    0x60, 0x00, 0x00, 0x1f, 0xff, 0xff, 0xff, 0xff,
    0xff, 0xfc, 0x30, 0x00, 0x00, 0x01, 0xff, 0xff,
    0xff, 0xff, 0xec, 0x83, 0x00, 0x00, 0x00,

    /* U+00D1 "Ñ" */
    0x00, 0x00, 0x07, 0xef, 0xc7, 0x12, 0xca, 0x40,
    0x00, 0x00, 0x00, 0x09, 0xff, 0xff, 0xff, 0xff,
    0xfc, 0x00, 0x00, 0x00, 0x03, 0xff, 0xff, 0xff,
    0xff, 0xff, 0x30, 0x00, 0x00, 0x00, 0x28, 0xe9,
    0x36, 0xcf, 0xfd, 0x40, 0x00, 0x00, 0x00, 0x00,
    0x00, 0x00, 0x00, 0x01, 0x00, 0x00, 0x00, 0x00,
    0x00, 0x00, 0x00, 0x00, 0x00, 0x00, 0x00, 0x00,
    0x00, 0x00, 0x00, 0x00, 0x00, 0x00, 0x00, 0x00,
    0x00, 0x00, 0x0e, 0xff, 0xf2, 0x00, 0x00, 0x00,
    0x00, 0x0e, 0xff, 0xf2, 0xef, 0xff, 0xc0, 0x00,
    0x00, 0x00, 0x00, 0xef, 0xff, 0x2e, 0xff, 0xff,
    0x80, 0x00, 0x00, 0x00, 0x0e, 0xff, 0xf2, 0xef,
    0xff, 0xff, 0x40, 0x00, 0x00, 0x00, 0xef, 0xff,
    0x2e, 0xff, 0xff, 0xfe, 0x10, 0x00, 0x00, 0x0e,
    0xff, 0xf2, 0xef, 0xff, 0xff, 0xfa, 0x00, 0x00,
    0x00, 0xef, 0xff, 0x2e, 0xff, 0xff, 0xff, 0xf6,
    0x00, 0x00, 0x0e, 0xff, 0xf2, 0xef, 0xff, 0xff,
    0xff, 0xf2, 0x00, 0x00, 0xef, 0xff, 0x2e, 0xff,
    0xf5, 0xff, 0xff, 0xd0, 0x00, 0x0e, 0xff, 0xf2,
    0xef, 0xff, 0x27, 0xff, 0xff, 0x80, 0x00, 0xef,
    0xff, 0x2e, 0xff, 0xf2, 0x0b, 0xff, 0xff, 0x40,
    0x0e, 0xff, 0xf2, 0xef, 0xff, 0x20, 0x1e, 0xff,
    0xfe, 0x10, 0xef, 0xff, 0x2e, 0xff, 0xf2, 0x00,
    0x4f, 0xff, 0xfb, 0x0e, 0xff, 0xf2, 0xef, 0xff,
    0x20, 0x00, 0x9f, 0xff, 0xf6, 0xef, 0xff, 0x2e,
    0xff, 0xf2, 0x00, 0x00, 0xdf, 0xff, 0xff, 0xff,
    0xf2, 0xef, 0xff, 0x20, 0x00, 0x02, 0xff, 0xff,
    0xff, 0xff, 0x2e, 0xff, 0xf2, 0x00, 0x00, 0x06,
    0xff, 0xff, 0xff, 0xf2, 0xef, 0xff, 0x20, 0x00,
    0x00, 0x0b, 0xff, 0xff, 0xff, 0x2e, 0xff, 0xf2,
    0x00, 0x00, 0x00, 0x1e, 0xff, 0xff, 0xf2, 0xef,
    0xff, 0x20, 0x00, 0x00, 0x00, 0x4f, 0xff, 0xff,
    0x2e, 0xff, 0xf2, 0x00, 0x00, 0x00, 0x00, 0x9f,
    0xff, 0xf2, 0xef, 0xff, 0x20, 0x00, 0x00, 0x00,
    0x00, 0xdf, 0xff, 0x20,

    /* U+00D2 "Ò" */
    0x00, 0x00, 0x00, 0x00, 0x10, 0x00, 0x00, 0x00,
    0x00, 0x00, 0x00, 0x00, 0x00, 0x00, 0x00, 0x2e,
    0xa0, 0x00, 0x00, 0x00, 0x00, 0x00, 0x00, 0x00,
    0x00, 0x00, 0x0d, 0xff, 0xb0, 0x00, 0x00, 0x00,
    0x00, 0x00, 0x00, 0x00, 0x00, 0x00, 0x5f, 0xff,
    0xb0, 0x00, 0x00, 0x00, 0x00, 0x00, 0x00, 0x00,
    0x00, 0x00, 0x5f, 0xff, 0xc1, 0x00, 0x00, 0x00,
    0x00, 0x00, 0x00, 0x00, 0x00, 0x00, 0x4f, 0xff,
    0x60, 0x00, 0x00, 0x00, 0x00, 0x00, 0x00, 0x00,
    0x00, 0x00, 0x3f, 0x80, 0x00, 0x00, 0x00, 0x00,
    0x00, 0x00, 0x00, 0x00, 0x00, 0x00, 0x20, 0x00,
    0x00, 0x00, 0x00, 0x00, 0x00, 0x00, 0x00, 0x00,
    0x00, 0x00, 0x00, 0x00, 0x00, 0x00, 0x00, 0x00,
    0x00, 0x00, 0x00, 0x38, 0xce, 0xfe, 0xda, 0x50,
    0x00, 0x00, 0x00, 0x00, 0x00, 0x04, 0xcf, 0xff,
    0xff, 0xff, 0xff, 0xe6, 0x00, 0x00, 0x00, 0x00,
    0x07, 0xff, 0xff, 0xff, 0xff, 0xff, 0xff, 0xfa,
    0x00, 0x00, 0x00, 0x08, 0xff, 0xff, 0xff, 0xff,
    0xff, 0xff, 0xff, 0xfb, 0x00, 0x00, 0x04, 0xff,
    0xff, 0xfd, 0x73, 0x23, 0x5b, 0xff, 0xff, 0xf8,
    0x00, 0x00, 0xdf, 0xff, 0xf7, 0x00, 0x00, 0x00,
    0x04, 0xef, 0xff, 0xf2, 0x00, 0x6f, 0xff, 0xf7,
    0x00, 0x00, 0x00, 0x00, 0x03, 0xff, 0xff, 0xa0,
    0x0b, 0xff, 0xfb, 0x00, 0x00, 0x00, 0x00, 0x00,
    0x07, 0xff, 0xfe, 0x00, 0xff, 0xff, 0x50, 0x00,
    0x00, 0x00, 0x00, 0x00, 0x1f, 0xff, 0xf3, 0x1f,
    0xff, 0xf0, 0x00, 0x00, 0x00, 0x00, 0x00, 0x00,
    0xcf, 0xff, 0x53, 0xff, 0xff, 0x00, 0x00, 0x00,
    0x00, 0x00, 0x00, 0x0b, 0xff, 0xf7, 0x3f, 0xff,
    0xf0, 0x00, 0x00, 0x00, 0x00, 0x00, 0x00, 0xbf,
    0xff, 0x71, 0xff, 0xff, 0x10, 0x00, 0x00, 0x00,
    0x00, 0x00, 0x0d, 0xff, 0xf5, 0x0f, 0xff, 0xf5,
    0x00, 0x00, 0x00, 0x00, 0x00, 0x01, 0xff, 0xff,
    0x30, 0xbf, 0xff, 0xc0, 0x00, 0x00, 0x00, 0x00,
    0x00, 0x8f, 0xff, 0xe0, 0x06, 0xff, 0xff, 0x70,
    0x00, 0x00, 0x00, 0x00, 0x3f, 0xff, 0xf9, 0x00,
    0x0d, 0xff, 0xff, 0x80, 0x00, 0x00, 0x00, 0x4e,
    0xff, 0xff, 0x20, 0x00, 0x4f, 0xff, 0xff, 0xd7,
    0x42, 0x36, 0xcf, 0xff, 0xff, 0x80, 0x00, 0x00,
    0x7f, 0xff, 0xff, 0xff, 0xff, 0xff, 0xff, 0xff,
    0xb0, 0x00, 0x00, 0x00, 0x7f, 0xff, 0xff, 0xff,
    0xff, 0xff, 0xff, 0xa0, 0x00, 0x00, 0x00, 0x00,
    0x3c, 0xff, 0xff, 0xff, 0xff, 0xfe, 0x60, 0x00,
    0x00, 0x00, 0x00, 0x00, 0x03, 0x8c, 0xef, 0xed,
    0xa5, 0x00, 0x00, 0x00, 0x00,

    /* U+00D3 "Ó" */
    0x00, 0x00, 0x00, 0x00, 0x00, 0x00, 0x00, 0x20,
    0x00, 0x00, 0x00, 0x00, 0x00, 0x00, 0x00, 0x00,
    0x00, 0x00, 0x9f, 0x30, 0x00, 0x00, 0x00, 0x00,
    0x00, 0x00, 0x00, 0x00, 0x00, 0x9f, 0xfe, 0x10,
    0x00, 0x00, 0x00, 0x00, 0x00, 0x00, 0x00, 0x00,
    0xaf, 0xff, 0x70, 0x00, 0x00, 0x00, 0x00, 0x00,
    0x00, 0x00, 0x00, 0xbf, 0xff, 0x60, 0x00, 0x00,
    0x00, 0x00, 0x00, 0x00, 0x00, 0x00, 0x4f, 0xff,
    0x50, 0x00, 0x00, 0x00, 0x00, 0x00, 0x00, 0x00,
    0x00, 0x00, 0x6f, 0x50, 0x00, 0x00, 0x00, 0x00,
    0x00, 0x00, 0x00, 0x00, 0x00, 0x00, 0x20, 0x00,
    0x00, 0x00, 0x00, 0x00, 0x00, 0x00, 0x00, 0x00,
    0x00, 0x00, 0x00, 0x00, 0x00, 0x00, 0x00, 0x00,
    0x00, 0x00, 0x00, 0x38, 0xce, 0xfe, 0xda, 0x50,
    0x00, 0x00, 0x00, 0x00, 0x00, 0x04, 0xcf, 0xff,
    0xff, 0xff, 0xff, 0xe6, 0x00, 0x00, 0x00, 0x00,
    0x07, 0xff, 0xff, 0xff, 0xff, 0xff, 0xff, 0xfa,
    0x00, 0x00, 0x00, 0x08, 0xff, 0xff, 0xff, 0xff,
    0xff, 0xff, 0xff, 0xfb, 0x00, 0x00, 0x04, 0xff,
    0xff, 0xfd, 0x73, 0x23, 0x5b, 0xff, 0xff, 0xf8,
    0x00, 0x00, 0xdf, 0xff, 0xf7, 0x00, 0x00, 0x00,
    0x04, 0xef, 0xff, 0xf2, 0x00, 0x6f, 0xff, 0xf7,
    0x00, 0x00, 0x00, 0x00, 0x03, 0xff, 0xff, 0xa0,
    0x0b, 0xff, 0xfb, 0x00, 0x00, 0x00, 0x00, 0x00,
    0x07, 0xff, 0xfe, 0x00, 0xff, 0xff, 0x50, 0x00,
    0x00, 0x00, 0x00, 0x00, 0x1f, 0xff, 0xf3, 0x1f,
    0xff, 0xf0, 0x00, 0x00, 0x00, 0x00, 0x00, 0x00,
    0xcf, 0xff, 0x53, 0xff, 0xff, 0x00, 0x00, 0x00,
    0x00, 0x00, 0x00, 0x0b, 0xff, 0xf7, 0x3f, 0xff,
    0xf0, 0x00, 0x00, 0x00, 0x00, 0x00, 0x00, 0xbf,
    0xff, 0x71, 0xff, 0xff, 0x10, 0x00, 0x00, 0x00,
    0x00, 0x00, 0x0d, 0xff, 0xf5, 0x0f, 0xff, 0xf5,
    0x00, 0x00, 0x00, 0x00, 0x00, 0x01, 0xff, 0xff,
    0x30, 0xbf, 0xff, 0xc0, 0x00, 0x00, 0x00, 0x00,
    0x00, 0x8f, 0xff, 0xe0, 0x06, 0xff, 0xff, 0x70,
    0x00, 0x00, 0x00, 0x00, 0x3f, 0xff, 0xf9, 0x00,
    0x0d, 0xff, 0xff, 0x80, 0x00, 0x00, 0x00, 0x4e,
    0xff, 0xff, 0x20, 0x00, 0x4f, 0xff, 0xff, 0xd7,
    0x42, 0x36, 0xcf, 0xff, 0xff, 0x80, 0x00, 0x00,
    0x7f, 0xff, 0xff, 0xff, 0xff, 0xff, 0xff, 0xff,
    0xb0, 0x00, 0x00, 0x00, 0x7f, 0xff, 0xff, 0xff,
    0xff, 0xff, 0xff, 0xa0, 0x00, 0x00, 0x00, 0x00,
    0x3c, 0xff, 0xff, 0xff, 0xff, 0xfe, 0x60, 0x00,
    0x00, 0x00, 0x00, 0x00, 0x03, 0x8c, 0xef, 0xed,
    0xa5, 0x00, 0x00, 0x00, 0x00,

    /* U+00D4 "Ô" */
    0x00, 0x00, 0x00, 0x00, 0x00, 0x09, 0x10, 0x00,
    0x00, 0x00, 0x00, 0x00, 0x00, 0x00, 0x00, 0x00,
    0x0b, 0xfd, 0x10, 0x00, 0x00, 0x00, 0x00, 0x00,
    0x00, 0x00, 0x00, 0x0b, 0xff, 0xfd, 0x10, 0x00,
    0x00, 0x00, 0x00, 0x00, 0x00, 0x00, 0x0c, 0xff,
    0xff, 0xfd, 0x10, 0x00, 0x00, 0x00, 0x00, 0x00,
    0x00, 0x0c, 0xff, 0xe5, 0xef, 0xfd, 0x00, 0x00,
    0x00, 0x00, 0x00, 0x00, 0x00, 0x7f, 0xf3, 0x03,
    0xff, 0xa0, 0x00, 0x00, 0x00, 0x00, 0x00, 0x00,
    0x00, 0x63, 0x00, 0x04, 0xb0, 0x00, 0x00, 0x00,
    0x00, 0x00, 0x00, 0x00, 0x00, 0x00, 0x00, 0x00,
    0x00, 0x00, 0x00, 0x00, 0x00, 0x00, 0x00, 0x00,
    0x00, 0x00, 0x00, 0x00, 0x00, 0x00, 0x00, 0x00,
    0x00, 0x00, 0x00, 0x38, 0xce, 0xfe, 0xda, 0x50,
    0x00, 0x00, 0x00, 0x00, 0x00, 0x04, 0xcf, 0xff,
    0xff, 0xff, 0xff, 0xe6, 0x00, 0x00, 0x00, 0x00,
    0x07, 0xff, 0xff, 0xff, 0xff, 0xff, 0xff, 0xfa,
    0x00, 0x00, 0x00, 0x08, 0xff, 0xff, 0xff, 0xff,
    0xff, 0xff, 0xff, 0xfb, 0x00, 0x00, 0x04, 0xff,
    0xff, 0xfd, 0x73, 0x23, 0x5b, 0xff, 0xff, 0xf8,
    0x00, 0x00, 0xdf, 0xff, 0xf7, 0x00, 0x00, 0x00,
    0x04, 0xef, 0xff, 0xf2, 0x00, 0x6f, 0xff, 0xf7,
    0x00, 0x00, 0x00, 0x00, 0x03, 0xff, 0xff, 0xa0,
    0x0b, 0xff, 0xfb, 0x00, 0x00, 0x00, 0x00, 0x00,
    0x07, 0xff, 0xfe, 0x00, 0xff, 0xff, 0x50, 0x00,
    0x00, 0x00, 0x00, 0x00, 0x1f, 0xff, 0xf3, 0x1f,
    0xff, 0xf0, 0x00, 0x00, 0x00, 0x00, 0x00, 0x00,
    0xcf, 0xff, 0x53, 0xff, 0xff, 0x00, 0x00, 0x00,
    0x00, 0x00, 0x00, 0x0b, 0xff, 0xf7, 0x3f, 0xff,
    0xf0, 0x00, 0x00, 0x00, 0x00, 0x00, 0x00, 0xbf,
    0xff, 0x71, 0xff, 0xff, 0x10, 0x00, 0x00, 0x00,
    0x00, 0x00, 0x0d, 0xff, 0xf5, 0x0f, 0xff, 0xf5,
    0x00, 0x00, 0x00, 0x00, 0x00, 0x01, 0xff, 0xff,
    0x30, 0xbf, 0xff, 0xc0, 0x00, 0x00, 0x00, 0x00,
    0x00, 0x8f, 0xff, 0xe0, 0x06, 0xff, 0xff, 0x70,
    0x00, 0x00, 0x00, 0x00, 0x3f, 0xff, 0xf9, 0x00,
    0x0d, 0xff, 0xff, 0x80, 0x00, 0x00, 0x00, 0x4e,
    0xff, 0xff, 0x20, 0x00, 0x4f, 0xff, 0xff, 0xd7,
    0x42, 0x36, 0xcf, 0xff, 0xff, 0x80, 0x00, 0x00,
    0x7f, 0xff, 0xff, 0xff, 0xff, 0xff, 0xff, 0xff,
    0xb0, 0x00, 0x00, 0x00, 0x7f, 0xff, 0xff, 0xff,
    0xff, 0xff, 0xff, 0xa0, 0x00, 0x00, 0x00, 0x00,
    0x3c, 0xff, 0xff, 0xff, 0xff, 0xfe, 0x60, 0x00,
    0x00, 0x00, 0x00, 0x00, 0x03, 0x8c, 0xef, 0xed,
    0xa5, 0x00, 0x00, 0x00, 0x00,

    /* U+00D5 "Õ" */
    0x00, 0x00, 0x00, 0x00, 0x02, 0x00, 0x00, 0x00,
    0x00, 0x00, 0x00, 0x00, 0x00, 0x00, 0x00, 0x6f,
    0xff, 0xa3, 0x19, 0xe7, 0x10, 0x00, 0x00, 0x00,
    0x00, 0x00, 0x5f, 0xff, 0xff, 0xff, 0xff, 0xf2,
    0x00, 0x00, 0x00, 0x00, 0x00, 0x0e, 0xff, 0xff,
    0xff, 0xff, 0xf8, 0x00, 0x00, 0x00, 0x00, 0x00,
    0x00, 0x4b, 0xb1, 0x29, 0xef, 0xf8, 0x00, 0x00,
    0x00, 0x00, 0x00, 0x00, 0x00, 0x00, 0x00, 0x00,
    0x10, 0x00, 0x00, 0x00, 0x00, 0x00, 0x00, 0x00,
    0x00, 0x00, 0x00, 0x00, 0x00, 0x00, 0x00, 0x00,
    0x00, 0x00, 0x00, 0x00, 0x00, 0x00, 0x00, 0x00,
    0x00, 0x00, 0x00, 0x00, 0x00, 0x00, 0x00, 0x03,
    0x8c, 0xef, 0xed, 0xa5, 0x00, 0x00, 0x00, 0x00,
    0x00, 0x00, 0x4c, 0xff, 0xff, 0xff, 0xff, 0xfe,
    0x60, 0x00, 0x00, 0x00, 0x00, 0x7f, 0xff, 0xff,
    0xff, 0xff, 0xff, 0xff, 0xa0, 0x00, 0x00, 0x00,
    0x8f, 0xff, 0xff, 0xff, 0xff, 0xff, 0xff, 0xff,
    0xb0, 0x00, 0x00, 0x4f, 0xff, 0xff, 0xd7, 0x32,
    0x35, 0xbf, 0xff, 0xff, 0x80, 0x00, 0x0d, 0xff,
    0xff, 0x70, 0x00, 0x00, 0x00, 0x4e, 0xff, 0xff,
    0x20, 0x06, 0xff, 0xff, 0x70, 0x00, 0x00, 0x00,
    0x00, 0x3f, 0xff, 0xfa, 0x00, 0xbf, 0xff, 0xb0,
    0x00, 0x00, 0x00, 0x00, 0x00, 0x7f, 0xff, 0xe0,
    0x0f, 0xff, 0xf5, 0x00, 0x00, 0x00, 0x00, 0x00,
    0x01, 0xff, 0xff, 0x31, 0xff, 0xff, 0x00, 0x00,
    0x00, 0x00, 0x00, 0x00, 0x0c, 0xff, 0xf5, 0x3f,
    0xff, 0xf0, 0x00, 0x00, 0x00, 0x00, 0x00, 0x00,
    0xbf, 0xff, 0x73, 0xff, 0xff, 0x00, 0x00, 0x00,
    0x00, 0x00, 0x00, 0x0b, 0xff, 0xf7, 0x1f, 0xff,
    0xf1, 0x00, 0x00, 0x00, 0x00, 0x00, 0x00, 0xdf,
    0xff, 0x50, 0xff, 0xff, 0x50, 0x00, 0x00, 0x00,
    0x00, 0x00, 0x1f, 0xff, 0xf3, 0x0b, 0xff, 0xfc,
    0x00, 0x00, 0x00, 0x00, 0x00, 0x08, 0xff, 0xfe,
    0x00, 0x6f, 0xff, 0xf7, 0x00, 0x00, 0x00, 0x00,
    0x03, 0xff, 0xff, 0x90, 0x00, 0xdf, 0xff, 0xf8,
    0x00, 0x00, 0x00, 0x04, 0xef, 0xff, 0xf2, 0x00,
    0x04, 0xff, 0xff, 0xfd, 0x74, 0x23, 0x6c, 0xff,
    0xff, 0xf8, 0x00, 0x00, 0x07, 0xff, 0xff, 0xff,
    0xff, 0xff, 0xff, 0xff, 0xfb, 0x00, 0x00, 0x00,
    0x07, 0xff, 0xff, 0xff, 0xff, 0xff, 0xff, 0xfa,
    0x00, 0x00, 0x00, 0x00, 0x03, 0xcf, 0xff, 0xff,
    0xff, 0xff, 0xe6, 0x00, 0x00, 0x00, 0x00, 0x00,
    0x00, 0x38, 0xce, 0xfe, 0xda, 0x50, 0x00, 0x00,
    0x00,

    /* U+00D6 "Ö" */
    0x00, 0x00, 0x00, 0x1b, 0xfb, 0x10, 0x0a, 0xfc,
    0x20, 0x00, 0x00, 0x00, 0x00, 0x00, 0x08, 0xff,
    0xfa, 0x07, 0xff, 0xfc, 0x00, 0x00, 0x00, 0x00,
    0x00, 0x00, 0xbf, 0xff, 0xd0, 0x9f, 0xff, 0xe0,
    0x00, 0x00, 0x00, 0x00, 0x00, 0x07, 0xff, 0xf9,
    0x06, 0xff, 0xfb, 0x00, 0x00, 0x00, 0x00, 0x00,
    0x00, 0x08, 0xc9, 0x00, 0x07, 0xc9, 0x10, 0x00,
    0x00, 0x00, 0x00, 0x00, 0x00, 0x00, 0x00, 0x00,
    0x00, 0x00, 0x00, 0x00, 0x00, 0x00, 0x00, 0x00,
    0x00, 0x00, 0x00, 0x00, 0x00, 0x00, 0x00, 0x00,
    0x00, 0x00, 0x00, 0x00, 0x38, 0xce, 0xfe, 0xda,
    0x50, 0x00, 0x00, 0x00, 0x00, 0x00, 0x04, 0xcf,
    0xff, 0xff, 0xff, 0xff, 0xe6, 0x00, 0x00, 0x00,
    0x00, 0x07, 0xff, 0xff, 0xff, 0xff, 0xff, 0xff,
    0xfa, 0x00, 0x00, 0x00, 0x08, 0xff, 0xff, 0xff,
    0xff, 0xff, 0xff, 0xff, 0xfb, 0x00, 0x00, 0x04,
    0xff, 0xff, 0xfd, 0x73, 0x23, 0x5b, 0xff, 0xff,
    0xf8, 0x00, 0x00, 0xdf, 0xff, 0xf7, 0x00, 0x00,
    0x00, 0x04, 0xef, 0xff, 0xf2, 0x00, 0x6f, 0xff,
    0xf7, 0x00, 0x00, 0x00, 0x00, 0x03, 0xff, 0xff,
    0xa0, 0x0b, 0xff, 0xfb, 0x00, 0x00, 0x00, 0x00,
    0x00, 0x07, 0xff, 0xfe, 0x00, 0xff, 0xff, 0x50,
    0x00, 0x00, 0x00, 0x00, 0x00, 0x1f, 0xff, 0xf3,
    0x1f, 0xff, 0xf0, 0x00, 0x00, 0x00, 0x00, 0x00,
    0x00, 0xcf, 0xff, 0x53, 0xff, 0xff, 0x00, 0x00,
    0x00, 0x00, 0x00, 0x00, 0x0b, 0xff, 0xf7, 0x3f,
    0xff, 0xf0, 0x00, 0x00, 0x00, 0x00, 0x00, 0x00,
    0xbf, 0xff, 0x71, 0xff, 0xff, 0x10, 0x00, 0x00,
    0x00, 0x00, 0x00, 0x0d, 0xff, 0xf5, 0x0f, 0xff,
    0xf5, 0x00, 0x00, 0x00, 0x00, 0x00, 0x01, 0xff,
    0xff, 0x30, 0xbf, 0xff, 0xc0, 0x00, 0x00, 0x00,
    0x00, 0x00, 0x8f, 0xff, 0xe0, 0x06, 0xff, 0xff,
    0x70, 0x00, 0x00, 0x00, 0x00, 0x3f, 0xff, 0xf9,
    0x00, 0x0d, 0xff, 0xff, 0x80, 0x00, 0x00, 0x00,
    0x4e, 0xff, 0xff, 0x20, 0x00, 0x4f, 0xff, 0xff,
    0xd7, 0x42, 0x36, 0xcf, 0xff, 0xff, 0x80, 0x00,
    0x00, 0x7f, 0xff, 0xff, 0xff, 0xff, 0xff, 0xff,
    0xff, 0xb0, 0x00, 0x00, 0x00, 0x7f, 0xff, 0xff,
    0xff, 0xff, 0xff, 0xff, 0xa0, 0x00, 0x00, 0x00,
    0x00, 0x3c, 0xff, 0xff, 0xff, 0xff, 0xfe, 0x60,
    0x00, 0x00, 0x00, 0x00, 0x00, 0x03, 0x8c, 0xef,
    0xed, 0xa5, 0x00, 0x00, 0x00, 0x00,

    /* U+00D7 "×" */
    0x00, 0x10, 0x00, 0x00, 0x00, 0x00, 0x00, 0x00,
    0x1d, 0xa0, 0x00, 0x00, 0x00, 0xcb, 0x00, 0x1c,
    0xff, 0x90, 0x00, 0x00, 0xcf, 0xfa, 0x08, 0xff,
    0xff, 0x90, 0x00, 0xbf, 0xff, 0xf5, 0x0b, 0xff,
    0xff, 0x90, 0xbf, 0xff, 0xf8, 0x00, 0x0b, 0xff,
    0xff, 0xff, 0xff, 0xf9, 0x00, 0x00, 0x0c, 0xff,
    0xff, 0xff, 0xf9, 0x00, 0x00, 0x00, 0x0c, 0xff,
    0xff, 0xfa, 0x00, 0x00, 0x00, 0x00, 0xbf, 0xff,
    0xff, 0x70, 0x00, 0x00, 0x00, 0x9f, 0xff, 0xff,
    0xff, 0x60, 0x00, 0x00, 0x9f, 0xff, 0xff, 0xff,
    0xff, 0x60, 0x00, 0x8f, 0xff, 0xfb, 0x2d, 0xff,
    0xff, 0x50, 0x7f, 0xff, 0xfc, 0x00, 0x1d, 0xff,
    0xff, 0x42, 0xef, 0xfc, 0x00, 0x00, 0x2e, 0xff,
    0xc1, 0x02, 0xec, 0x10, 0x00, 0x00, 0x2e, 0xd1,
    0x00, 0x02, 0x10, 0x00, 0x00, 0x00, 0x21, 0x00,

    /* U+00D8 "Ø" */
    0x00, 0x00, 0x00, 0x00, 0x00, 0x00, 0x00, 0x00,
    0x00, 0xa2, 0x00, 0x00, 0x00, 0x00, 0x00, 0x38,
    0xce, 0xfe, 0xda, 0x50, 0x9f, 0xf6, 0x00, 0x00,
    0x00, 0x04, 0xcf, 0xff, 0xff, 0xff, 0xff, 0xff,
    0xff, 0xf2, 0x00, 0x00, 0x07, 0xff, 0xff, 0xff,
    0xff, 0xff, 0xff, 0xff, 0xf8, 0x00, 0x00, 0x08,
    0xff, 0xff, 0xff, 0xff, 0xff, 0xff, 0xff, 0xff,
    0x00, 0x00, 0x04, 0xff, 0xff, 0xfd, 0x73, 0x23,
    0x5f, 0xff, 0xff, 0xf8, 0x00, 0x00, 0xdf, 0xff,
    0xf7, 0x00, 0x00, 0x08, 0xff, 0xff, 0xff, 0xf2,
    0x00, 0x6f, 0xff, 0xf7, 0x00, 0x00, 0x05, 0xff,
    0xff, 0xff, 0xff, 0xa0, 0x0b, 0xff, 0xfb, 0x00,
    0x00, 0x02, 0xff, 0xff, 0x97, 0xff, 0xfe, 0x00,
    0xff, 0xff, 0x50, 0x00, 0x00, 0xdf, 0xff, 0xc0,
    0x1f, 0xff, 0xf3, 0x1f, 0xff, 0xf0, 0x00, 0x00,
    0xaf, 0xff, 0xe1, 0x00, 0xcf, 0xff, 0x53, 0xff,
    0xff, 0x00, 0x00, 0x7f, 0xff, 0xf4, 0x00, 0x0b,
    0xff, 0xf7, 0x3f, 0xff, 0xf0, 0x00, 0x3f, 0xff,
    0xf7, 0x00, 0x00, 0xbf, 0xff, 0x71, 0xff, 0xff,
    0x10, 0x1e, 0xff, 0xfa, 0x00, 0x00, 0x0d, 0xff,
    0xf5, 0x0f, 0xff, 0xf5, 0x0c, 0xff, 0xfd, 0x00,
    0x00, 0x01, 0xff, 0xff, 0x30, 0xbf, 0xff, 0xc9,
    0xff, 0xff, 0x20, 0x00, 0x00, 0x8f, 0xff, 0xe0,
    0x06, 0xff, 0xff, 0xff, 0xff, 0x50, 0x00, 0x00,
    0x3f, 0xff, 0xf9, 0x00, 0x0d, 0xff, 0xff, 0xff,
    0x90, 0x00, 0x00, 0x4e, 0xff, 0xff, 0x20, 0x00,
    0x4f, 0xff, 0xff, 0xf8, 0x42, 0x36, 0xcf, 0xff,
    0xff, 0x80, 0x00, 0x00, 0xff, 0xff, 0xff, 0xff,
    0xff, 0xff, 0xff, 0xff, 0xb0, 0x00, 0x00, 0x8f,
    0xff, 0xff, 0xff, 0xff, 0xff, 0xff, 0xff, 0xa0,
    0x00, 0x00, 0x2f, 0xff, 0xff, 0xff, 0xff, 0xff,
    0xff, 0xfe, 0x60, 0x00, 0x00, 0x00, 0x4e, 0xfa,
    0x03, 0x8c, 0xef, 0xed, 0xa5, 0x00, 0x00, 0x00,
    0x00, 0x00, 0x19, 0x00, 0x00, 0x00, 0x00, 0x00,
    0x00, 0x00, 0x00, 0x00,

    /* U+00D9 "Ù" */
    0x00, 0x00, 0x00, 0x61, 0x00, 0x00, 0x00, 0x00,
    0x00, 0x00, 0x00, 0x08, 0xfd, 0x10, 0x00, 0x00,
    0x00, 0x00, 0x00, 0x00, 0x1f, 0xff, 0xd1, 0x00,
    0x00, 0x00, 0x00, 0x00, 0x00, 0x03, 0xef, 0xfe,
    0x20, 0x00, 0x00, 0x00, 0x00, 0x00, 0x00, 0x2e,
    0xff, 0xe2, 0x00, 0x00, 0x00, 0x00, 0x00, 0x00,
    0x02, 0xef, 0xe1, 0x00, 0x00, 0x00, 0x00, 0x00,
    0x00, 0x00, 0x1c, 0x20, 0x00, 0x00, 0x00, 0x00,
    0x00, 0x00, 0x00, 0x00, 0x00, 0x00, 0x00, 0x00,
    0x00, 0x00, 0x00, 0x00, 0x00, 0x00, 0x00, 0x00,
    0x00, 0x0f, 0xff, 0xf1, 0x00, 0x00, 0x00, 0x02,
    0xff, 0xfe, 0x0f, 0xff, 0xf1, 0x00, 0x00, 0x00,
    0x02, 0xff, 0xfe, 0x0f, 0xff, 0xf1, 0x00, 0x00,
    0x00, 0x02, 0xff, 0xfe, 0x0f, 0xff, 0xf1, 0x00,
    0x00, 0x00, 0x02, 0xff, 0xfe, 0x0f, 0xff, 0xf1,
    0x00, 0x00, 0x00, 0x02, 0xff, 0xfe, 0x0f, 0xff,
    0xf1, 0x00, 0x00, 0x00, 0x02, 0xff, 0xfe, 0x0f,
    0xff, 0xf1, 0x00, 0x00, 0x00, 0x02, 0xff, 0xfe,
    0x0f, 0xff, 0xf1, 0x00, 0x00, 0x00, 0x02, 0xff,
    0xfe, 0x0f, 0xff, 0xf1, 0x00, 0x00, 0x00, 0x02,
    0xff, 0xfe, 0x0f, 0xff, 0xf1, 0x00, 0x00, 0x00,
    0x02, 0xff, 0xfe, 0x0f, 0xff, 0xf1, 0x00, 0x00,
    0x00, 0x02, 0xff, 0xfe, 0x0f, 0xff, 0xf1, 0x00,
    0x00, 0x00, 0x02, 0xff, 0xfe, 0x0f, 0xff, 0xf1,
    0x00, 0x00, 0x00, 0x02, 0xff, 0xfe, 0x0f, 0xff,
    0xf1, 0x00, 0x00, 0x00, 0x03, 0xff, 0xfe, 0x0e,
    0xff, 0xf4, 0x00, 0x00, 0x00, 0x05, 0xff, 0xfc,
    0x0c, 0xff, 0xf9, 0x00, 0x00, 0x00, 0x0a, 0xff,
    0xfa, 0x08, 0xff, 0xff, 0x30, 0x00, 0x00, 0x4f,
    0xff, 0xf6, 0x02, 0xff, 0xff, 0xf7, 0x21, 0x38,
    0xff, 0xff, 0xf1, 0x00, 0x9f, 0xff, 0xff, 0xff,
    0xff, 0xff, 0xff, 0x70, 0x00, 0x0c, 0xff, 0xff,
    0xff, 0xff, 0xff, 0xfb, 0x00, 0x00, 0x00, 0xaf,
    0xff, 0xff, 0xff, 0xff, 0x90, 0x00, 0x00, 0x00,
    0x03, 0x9d, 0xff, 0xfc, 0x93, 0x00, 0x00,

    /* U+00DA "Ú" */
    0x00, 0x00, 0x00, 0x00, 0x00, 0x02, 0x50, 0x00,
    0x00, 0x00, 0x00, 0x00, 0x00, 0x00, 0x2e, 0xf5,
    0x00, 0x00, 0x00, 0x00, 0x00, 0x00, 0x03, 0xef,
    0xfd, 0x00, 0x00, 0x00, 0x00, 0x00, 0x00, 0x3f,
    0xff, 0xd1, 0x00, 0x00, 0x00, 0x00, 0x00, 0x04,
    0xff, 0xfd, 0x10, 0x00, 0x00, 0x00, 0x00, 0x00,
    0x03, 0xff, 0xc1, 0x00, 0x00, 0x00, 0x00, 0x00,
    0x00, 0x00, 0x4b, 0x00, 0x00, 0x00, 0x00, 0x00,
    0x00, 0x00, 0x00, 0x00, 0x00, 0x00, 0x00, 0x00,
    0x00, 0x00, 0x00, 0x00, 0x00, 0x00, 0x00, 0x00,
    0x00, 0x0f, 0xff, 0xf1, 0x00, 0x00, 0x00, 0x02,
    0xff, 0xfe, 0x0f, 0xff, 0xf1, 0x00, 0x00, 0x00,
    0x02, 0xff, 0xfe, 0x0f, 0xff, 0xf1, 0x00, 0x00,
    0x00, 0x02, 0xff, 0xfe, 0x0f, 0xff, 0xf1, 0x00,
    0x00, 0x00, 0x02, 0xff, 0xfe, 0x0f, 0xff, 0xf1,
    0x00, 0x00, 0x00, 0x02, 0xff, 0xfe, 0x0f, 0xff,
    0xf1, 0x00, 0x00, 0x00, 0x02, 0xff, 0xfe, 0x0f,
    0xff, 0xf1, 0x00, 0x00, 0x00, 0x02, 0xff, 0xfe,
    0x0f, 0xff, 0xf1, 0x00, 0x00, 0x00, 0x02, 0xff,
    0xfe, 0x0f, 0xff, 0xf1, 0x00, 0x00, 0x00, 0x02,
    0xff, 0xfe, 0x0f, 0xff, 0xf1, 0x00, 0x00, 0x00,
    0x02, 0xff, 0xfe, 0x0f, 0xff, 0xf1, 0x00, 0x00,
    0x00, 0x02, 0xff, 0xfe, 0x0f, 0xff, 0xf1, 0x00,
    0x00, 0x00, 0x02, 0xff, 0xfe, 0x0f, 0xff, 0xf1,
    0x00, 0x00, 0x00, 0x02, 0xff, 0xfe, 0x0f, 0xff,
    0xf1, 0x00, 0x00, 0x00, 0x03, 0xff, 0xfe, 0x0e,
    0xff, 0xf4, 0x00, 0x00, 0x00, 0x05, 0xff, 0xfc,
    0x0c, 0xff, 0xf9, 0x00, 0x00, 0x00, 0x0a, 0xff,
    0xfa, 0x08, 0xff, 0xff, 0x30, 0x00, 0x00, 0x4f,
    0xff, 0xf6, 0x02, 0xff, 0xff, 0xf7, 0x21, 0x38,
    0xff, 0xff, 0xf1, 0x00, 0x9f, 0xff, 0xff, 0xff,
    0xff, 0xff, 0xff, 0x70, 0x00, 0x0c, 0xff, 0xff,
    0xff, 0xff, 0xff, 0xfb, 0x00, 0x00, 0x00, 0xaf,
    0xff, 0xff, 0xff, 0xff, 0x90, 0x00, 0x00, 0x00,
    0x03, 0x9d, 0xff, 0xfc, 0x93, 0x00, 0x00,

    /* U+00DB "Û" */
    0x00, 0x00, 0x00, 0x00, 0x19, 0x00, 0x00, 0x00,
    0x00, 0x00, 0x00, 0x00, 0x01, 0xdf, 0xc0, 0x00,
    0x00, 0x00, 0x00, 0x00, 0x00, 0x1d, 0xff, 0xfc,
    0x00, 0x00, 0x00, 0x00, 0x00, 0x02, 0xef, 0xff,
    0xff, 0xc0, 0x00, 0x00, 0x00, 0x00, 0x1e, 0xff,
    0xd4, 0xef, 0xfc, 0x00, 0x00, 0x00, 0x00, 0x07,
    0xfd, 0x10, 0x3f, 0xf5, 0x00, 0x00, 0x00, 0x00,
    0x00, 0x61, 0x00, 0x03, 0x60, 0x00, 0x00, 0x00,
    0x00, 0x00, 0x00, 0x00, 0x00, 0x00, 0x00, 0x00,
    0x00, 0x00, 0x00, 0x00, 0x00, 0x00, 0x00, 0x00,
    0x00, 0x0f, 0xff, 0xf1, 0x00, 0x00, 0x00, 0x02,
    0xff, 0xfe, 0x0f, 0xff, 0xf1, 0x00, 0x00, 0x00,
    0x02, 0xff, 0xfe, 0x0f, 0xff, 0xf1, 0x00, 0x00,
    0x00, 0x02, 0xff, 0xfe, 0x0f, 0xff, 0xf1, 0x00,
    0x00, 0x00, 0x02, 0xff, 0xfe, 0x0f, 0xff, 0xf1,
    0x00, 0x00, 0x00, 0x02, 0xff, 0xfe, 0x0f, 0xff,
    0xf1, 0x00, 0x00, 0x00, 0x02, 0xff, 0xfe, 0x0f,
    0xff, 0xf1, 0x00, 0x00, 0x00, 0x02, 0xff, 0xfe,
    0x0f, 0xff, 0xf1, 0x00, 0x00, 0x00, 0x02, 0xff,
    0xfe, 0x0f, 0xff, 0xf1, 0x00, 0x00, 0x00, 0x02,
    0xff, 0xfe, 0x0f, 0xff, 0xf1, 0x00, 0x00, 0x00,
    0x02, 0xff, 0xfe, 0x0f, 0xff, 0xf1, 0x00, 0x00,
    0x00, 0x02, 0xff, 0xfe, 0x0f, 0xff, 0xf1, 0x00,
    0x00, 0x00, 0x02, 0xff, 0xfe, 0x0f, 0xff, 0xf1,
    0x00, 0x00, 0x00, 0x02, 0xff, 0xfe, 0x0f, 0xff,
    0xf1, 0x00, 0x00, 0x00, 0x03, 0xff, 0xfe, 0x0e,
    0xff, 0xf4, 0x00, 0x00, 0x00, 0x05, 0xff, 0xfc,
    0x0c, 0xff, 0xf9, 0x00, 0x00, 0x00, 0x0a, 0xff,
    0xfa, 0x08, 0xff, 0xff, 0x30, 0x00, 0x00, 0x4f,
    0xff, 0xf6, 0x02, 0xff, 0xff, 0xf7, 0x21, 0x38,
    0xff, 0xff, 0xf1, 0x00, 0x9f, 0xff, 0xff, 0xff,
    0xff, 0xff, 0xff, 0x70, 0x00, 0x0c, 0xff, 0xff,
    0xff, 0xff, 0xff, 0xfb, 0x00, 0x00, 0x00, 0xaf,
    0xff, 0xff, 0xff, 0xff, 0x90, 0x00, 0x00, 0x00,
    0x03, 0x9d, 0xff, 0xfc, 0x93, 0x00, 0x00,

    /* U+00DC "Ü" */
    0x00, 0x00, 0x2c, 0xfa, 0x00, 0x1b, 0xfb, 0x10,
    0x00, 0x00, 0x00, 0xbf, 0xff, 0x80, 0x9f, 0xff,
    0x90, 0x00, 0x00, 0x00, 0xef, 0xff, 0xb0, 0xcf,
    0xff, 0xc0, 0x00, 0x00, 0x00, 0xaf, 0xff, 0x70,
    0x8f, 0xff, 0x80, 0x00, 0x00, 0x00, 0x19, 0xc8,
    0x00, 0x08, 0xc8, 0x00, 0x00, 0x00, 0x00, 0x00,
    0x00, 0x00, 0x00, 0x00, 0x00, 0x00, 0x00, 0x00,
    0x00, 0x00, 0x00, 0x00, 0x00, 0x00, 0x00, 0x0f,
    0xff, 0xf1, 0x00, 0x00, 0x00, 0x02, 0xff, 0xfe,
    0x0f, 0xff, 0xf1, 0x00, 0x00, 0x00, 0x02, 0xff,
    0xfe, 0x0f, 0xff, 0xf1, 0x00, 0x00, 0x00, 0x02,
    0xff, 0xfe, 0x0f, 0xff, 0xf1, 0x00, 0x00, 0x00,
    0x02, 0xff, 0xfe, 0x0f, 0xff, 0xf1, 0x00, 0x00,
    0x00, 0x02, 0xff, 0xfe, 0x0f, 0xff, 0xf1, 0x00,
    0x00, 0x00, 0x02, 0xff, 0xfe, 0x0f, 0xff, 0xf1,
    0x00, 0x00, 0x00, 0x02, 0xff, 0xfe, 0x0f, 0xff,
    0xf1, 0x00, 0x00, 0x00, 0x02, 0xff, 0xfe, 0x0f,
    0xff, 0xf1, 0x00, 0x00, 0x00, 0x02, 0xff, 0xfe,
    0x0f, 0xff, 0xf1, 0x00, 0x00, 0x00, 0x02, 0xff,
    0xfe, 0x0f, 0xff, 0xf1, 0x00, 0x00, 0x00, 0x02,
    0xff, 0xfe, 0x0f, 0xff, 0xf1, 0x00, 0x00, 0x00,
    0x02, 0xff, 0xfe, 0x0f, 0xff, 0xf1, 0x00, 0x00,
    0x00, 0x02, 0xff, 0xfe, 0x0f, 0xff, 0xf1, 0x00,
    0x00, 0x00, 0x03, 0xff, 0xfe, 0x0e, 0xff, 0xf4,
    0x00, 0x00, 0x00, 0x05, 0xff, 0xfc, 0x0c, 0xff,
    0xf9, 0x00, 0x00, 0x00, 0x0a, 0xff, 0xfa, 0x08,
    0xff, 0xff, 0x30, 0x00, 0x00, 0x4f, 0xff, 0xf6,
    0x02, 0xff, 0xff, 0xf7, 0x21, 0x38, 0xff, 0xff,
    0xf1, 0x00, 0x9f, 0xff, 0xff, 0xff, 0xff, 0xff,
    0xff, 0x70, 0x00, 0x0c, 0xff, 0xff, 0xff, 0xff,
    0xff, 0xfb, 0x00, 0x00, 0x00, 0xaf, 0xff, 0xff,
    0xff, 0xff, 0x90, 0x00, 0x00, 0x00, 0x03, 0x9d,
    0xff, 0xfc, 0x93, 0x00, 0x00,

    /* U+00DD "Ý" */
    0x00, 0x00, 0x00, 0x00, 0x00, 0x00, 0x51, 0x00,
    0x00, 0x00, 0x00, 0x00, 0x00, 0x00, 0x00, 0x07,
    0xfd, 0x10, 0x00, 0x00, 0x00, 0x00, 0x00, 0x00,
    0x00, 0x8f, 0xff, 0x80, 0x00, 0x00, 0x00, 0x00,
    0x00, 0x00, 0x08, 0xff, 0xf9, 0x00, 0x00, 0x00,
    0x00, 0x00, 0x00, 0x00, 0x9f, 0xff, 0x80, 0x00,
    0x00, 0x00, 0x00, 0x00, 0x00, 0x00, 0x8f, 0xf7,
    0x00, 0x00, 0x00, 0x00, 0x00, 0x00, 0x00, 0x00,
    0x09, 0x60, 0x00, 0x00, 0x00, 0x00, 0x00, 0x00,
    0x00, 0x00, 0x00, 0x00, 0x00, 0x00, 0x00, 0x00,
    0x00, 0x00, 0x00, 0x00, 0x00, 0x00, 0x00, 0x00,
    0x00, 0x00, 0x0c, 0xff, 0xfa, 0x00, 0x00, 0x00,
    0x00, 0x6f, 0xff, 0xf1, 0x05, 0xff, 0xff, 0x20,
    0x00, 0x00, 0x00, 0xef, 0xff, 0x80, 0x00, 0xdf,
    0xff, 0xa0, 0x00, 0x00, 0x06, 0xff, 0xff, 0x10,
    0x00, 0x5f, 0xff, 0xf2, 0x00, 0x00, 0x0d, 0xff,
    0xf8, 0x00, 0x00, 0x0d, 0xff, 0xf9, 0x00, 0x00,
    0x5f, 0xff, 0xf1, 0x00, 0x00, 0x05, 0xff, 0xff,
    0x10, 0x00, 0xdf, 0xff, 0x70, 0x00, 0x00, 0x00,
    0xdf, 0xff, 0x80, 0x05, 0xff, 0xfe, 0x00, 0x00,
    0x00, 0x00, 0x5f, 0xff, 0xf1, 0x0c, 0xff, 0xf7,
    0x00, 0x00, 0x00, 0x00, 0x0d, 0xff, 0xf8, 0x4f,
    0xff, 0xe0, 0x00, 0x00, 0x00, 0x00, 0x05, 0xff,
    0xff, 0xdf, 0xff, 0x70, 0x00, 0x00, 0x00, 0x00,
    0x00, 0xdf, 0xff, 0xff, 0xfe, 0x00, 0x00, 0x00,
    0x00, 0x00, 0x00, 0x5f, 0xff, 0xff, 0xf7, 0x00,
    0x00, 0x00, 0x00, 0x00, 0x00, 0x0d, 0xff, 0xff,
    0xf0, 0x00, 0x00, 0x00, 0x00, 0x00, 0x00, 0x05,
    0xff, 0xff, 0x90, 0x00, 0x00, 0x00, 0x00, 0x00,
    0x00, 0x00, 0xff, 0xff, 0x20, 0x00, 0x00, 0x00,
    0x00, 0x00, 0x00, 0x00, 0xff, 0xff, 0x20, 0x00,
    0x00, 0x00, 0x00, 0x00, 0x00, 0x00, 0xff, 0xff,
    0x20, 0x00, 0x00, 0x00, 0x00, 0x00, 0x00, 0x00,
    0xff, 0xff, 0x20, 0x00, 0x00, 0x00, 0x00, 0x00,
    0x00, 0x00, 0xff, 0xff, 0x20, 0x00, 0x00, 0x00,
    0x00, 0x00, 0x00, 0x00, 0xff, 0xff, 0x20, 0x00,
    0x00, 0x00, 0x00, 0x00, 0x00, 0x00, 0xff, 0xff,
    0x20, 0x00, 0x00, 0x00, 0x00, 0x00, 0x00, 0x00,
    0xff, 0xff, 0x20, 0x00, 0x00, 0x00,

    /* U+00DE "Þ" */
    0xef, 0xff, 0x20, 0x00, 0x00, 0x00, 0x00, 0x00,
    0xef, 0xff, 0x20, 0x00, 0x00, 0x00, 0x00, 0x00,
    0xef, 0xff, 0x20, 0x00, 0x00, 0x00, 0x00, 0x00,
    0xef, 0xff, 0xff, 0xff, 0xfc, 0x81, 0x00, 0x00,
    0xef, 0xff, 0xff, 0xff, 0xff, 0xff, 0x50, 0x00,
    0xef, 0xff, 0xff, 0xff, 0xff, 0xff, 0xf6, 0x00,
    0xef, 0xff, 0xff, 0xff, 0xff, 0xff, 0xff, 0x20,
    0xef, 0xff, 0x20, 0x00, 0x39, 0xff, 0xff, 0xa0,
    0xef, 0xff, 0x20, 0x00, 0x00, 0x7f, 0xff, 0xf0,
    0xef, 0xff, 0x20, 0x00, 0x00, 0x0f, 0xff, 0xf3,
    0xef, 0xff, 0x20, 0x00, 0x00, 0x0d, 0xff, 0xf4,
    0xef, 0xff, 0x20, 0x00, 0x00, 0x0d, 0xff, 0xf4,
    0xef, 0xff, 0x20, 0x00, 0x00, 0x0f, 0xff, 0xf3,
    0xef, 0xff, 0x20, 0x00, 0x00, 0x8f, 0xff, 0xf0,
    0xef, 0xff, 0x30, 0x00, 0x29, 0xff, 0xff, 0xa0,
    0xef, 0xff, 0xff, 0xff, 0xff, 0xff, 0xff, 0x20,
    0xef, 0xff, 0xff, 0xff, 0xff, 0xff, 0xf6, 0x00,
    0xef, 0xff, 0xff, 0xff, 0xff, 0xff, 0x50, 0x00,
    0xef, 0xff, 0xff, 0xff, 0xfc, 0x81, 0x00, 0x00,
    0xef, 0xff, 0x20, 0x00, 0x00, 0x00, 0x00, 0x00,
    0xef, 0xff, 0x20, 0x00, 0x00, 0x00, 0x00, 0x00,
    0xef, 0xff, 0x20, 0x00, 0x00, 0x00, 0x00, 0x00,

    /* U+00DF "ß" */
    0x00, 0x00, 0x4a, 0xdf, 0xfd, 0x93, 0x00, 0x00,
    0x00, 0x01, 0xbf, 0xff, 0xff, 0xff, 0xf9, 0x00,
    0x00, 0x00, 0xcf, 0xff, 0xff, 0xff, 0xff, 0xf9,
    0x00, 0x00, 0x7f, 0xff, 0xff, 0xff, 0xff, 0xff,
    0xf2, 0x00, 0x0d, 0xff, 0xfd, 0x30, 0x06, 0xff,
    0xff, 0x60, 0x02, 0xff, 0xff, 0x20, 0x00, 0x0c,
    0xff, 0xf7, 0x00, 0x4f, 0xff, 0xd0, 0x00, 0x00,
    0xdf, 0xff, 0x30, 0x05, 0xff, 0xfb, 0x00, 0x00,
    0x9f, 0xff, 0xa0, 0x00, 0x5f, 0xff, 0xb0, 0x00,
    0x7f, 0xff, 0xc0, 0x00, 0x05, 0xff, 0xfb, 0x00,
    0x3f, 0xff, 0xd1, 0x00, 0x00, 0x5f, 0xff, 0xb0,
    0x07, 0xff, 0xf9, 0x00, 0x00, 0x05, 0xff, 0xfb,
    0x00, 0x6f, 0xff, 0xe2, 0x00, 0x00, 0x5f, 0xff,
    0xb0, 0x00, 0xef, 0xff, 0xf4, 0x00, 0x05, 0xff,
    0xfb, 0x00, 0x02, 0xef, 0xff, 0xf7, 0x00, 0x5f,
    0xff, 0xb0, 0x00, 0x01, 0xbf, 0xff, 0xf5, 0x05,
    0xff, 0xfb, 0x00, 0x00, 0x00, 0x9f, 0xff, 0xe0,
    0x5f, 0xff, 0xb0, 0x01, 0x00, 0x00, 0xdf, 0xff,
    0x35, 0xff, 0xfb, 0x02, 0xe8, 0x00, 0x0b, 0xff,
    0xf5, 0x5f, 0xff, 0xb2, 0xef, 0xfa, 0x68, 0xff,
    0xff, 0x35, 0xff, 0xfb, 0x1e, 0xff, 0xff, 0xff,
    0xff, 0xd0, 0x5f, 0xff, 0xb0, 0x2d, 0xff, 0xff,
    0xff, 0xe2, 0x05, 0xff, 0xfb, 0x00, 0x06, 0xce,
    0xfd, 0x91, 0x00,

    /* U+00E0 "à" */
    0x00, 0x00, 0x01, 0x00, 0x00, 0x00, 0x00, 0x00,
    0x00, 0x0b, 0xd1, 0x00, 0x00, 0x00, 0x00, 0x00,
    0x0a, 0xff, 0xd2, 0x00, 0x00, 0x00, 0x00, 0x00,
    0x3e, 0xff, 0xe2, 0x00, 0x00, 0x00, 0x00, 0x00,
    0x2e, 0xff, 0xe2, 0x00, 0x00, 0x00, 0x00, 0x00,
    0x2d, 0xff, 0xa0, 0x00, 0x00, 0x00, 0x00, 0x00,
    0x1d, 0xc0, 0x00, 0x00, 0x00, 0x00, 0x00, 0x00,
    0x10, 0x00, 0x00, 0x00, 0x00, 0x00, 0x00, 0x00,
    0x00, 0x00, 0x00, 0x00, 0x00, 0x28, 0xbe, 0xfe,
    0xd8, 0x20, 0x00, 0x00, 0xbf, 0xff, 0xff, 0xff,
    0xff, 0x40, 0x00, 0x08, 0xff, 0xff, 0xff, 0xff,
    0xff, 0x20, 0x00, 0x1f, 0xda, 0x98, 0xbf, 0xff,
    0xf9, 0x00, 0x00, 0x00, 0x00, 0x00, 0x6f, 0xff,
    0xe0, 0x00, 0x04, 0xae, 0xfe, 0xa4, 0xff, 0xff,
    0x00, 0x08, 0xff, 0xff, 0xff, 0xff, 0xff, 0xf0,
    0x05, 0xff, 0xff, 0xff, 0xff, 0xff, 0xff, 0x00,
    0xdf, 0xff, 0xe6, 0x35, 0xef, 0xff, 0xf0, 0x1f,
    0xff, 0xf4, 0x00, 0x04, 0xff, 0xff, 0x02, 0xff,
    0xff, 0x00, 0x00, 0x0f, 0xff, 0xf0, 0x1f, 0xff,
    0xf4, 0x00, 0x04, 0xff, 0xff, 0x00, 0xdf, 0xff,
    0xe6, 0x36, 0xef, 0xff, 0xf0, 0x06, 0xff, 0xff,
    0xff, 0xff, 0xff, 0xff, 0x00, 0x09, 0xff, 0xff,
    0xff, 0xfe, 0xff, 0xf0, 0x00, 0x05, 0xbe, 0xfe,
    0xa3, 0x5f, 0xff, 0x00,

    /* U+00E1 "á" */
    0x00, 0x00, 0x00, 0x00, 0x00, 0x20, 0x00, 0x00,
    0x00, 0x00, 0x00, 0x00, 0x5f, 0x60, 0x00, 0x00,
    0x00, 0x00, 0x00, 0x6f, 0xff, 0x40, 0x00, 0x00,
    0x00, 0x00, 0x6f, 0xff, 0xb0, 0x00, 0x00, 0x00,
    0x00, 0x7f, 0xff, 0xa0, 0x00, 0x00, 0x00, 0x00,
    0x1e, 0xff, 0x90, 0x00, 0x00, 0x00, 0x00, 0x00,
    0x3f, 0x90, 0x00, 0x00, 0x00, 0x00, 0x00, 0x00,
    0x20, 0x00, 0x00, 0x00, 0x00, 0x00, 0x00, 0x00,
    0x00, 0x00, 0x00, 0x00, 0x00, 0x28, 0xbe, 0xfe,
    0xd8, 0x20, 0x00, 0x00, 0xbf, 0xff, 0xff, 0xff,
    0xff, 0x40, 0x00, 0x08, 0xff, 0xff, 0xff, 0xff,
    0xff, 0x20, 0x00, 0x1f, 0xda, 0x98, 0xbf, 0xff,
    0xf9, 0x00, 0x00, 0x00, 0x00, 0x00, 0x6f, 0xff,
    0xe0, 0x00, 0x04, 0xae, 0xfe, 0xa4, 0xff, 0xff,
    0x00, 0x08, 0xff, 0xff, 0xff, 0xff, 0xff, 0xf0,
    0x05, 0xff, 0xff, 0xff, 0xff, 0xff, 0xff, 0x00,
    0xdf, 0xff, 0xe6, 0x35, 0xef, 0xff, 0xf0, 0x1f,
    0xff, 0xf4, 0x00, 0x04, 0xff, 0xff, 0x02, 0xff,
    0xff, 0x00, 0x00, 0x0f, 0xff, 0xf0, 0x1f, 0xff,
    0xf4, 0x00, 0x04, 0xff, 0xff, 0x00, 0xdf, 0xff,
    0xe6, 0x36, 0xef, 0xff, 0xf0, 0x06, 0xff, 0xff,
    0xff, 0xff, 0xff, 0xff, 0x00, 0x09, 0xff, 0xff,
    0xff, 0xfe, 0xff, 0xf0, 0x00, 0x05, 0xbe, 0xfe,
    0xa3, 0x5f, 0xff, 0x00,

    /* U+00E2 "â" */
    0x00, 0x00, 0x00, 0x07, 0x30, 0x00, 0x00, 0x00,
    0x00, 0x00, 0x08, 0xff, 0x30, 0x00, 0x00, 0x00,
    0x00, 0x08, 0xff, 0xff, 0x30, 0x00, 0x00, 0x00,
    0x08, 0xff, 0xff, 0xff, 0x30, 0x00, 0x00, 0x07,
    0xff, 0xf6, 0xbf, 0xff, 0x30, 0x00, 0x00, 0x3f,
    0xf6, 0x00, 0xcf, 0xd1, 0x00, 0x00, 0x00, 0x36,
    0x00, 0x01, 0xc2, 0x00, 0x00, 0x00, 0x00, 0x00,
    0x00, 0x00, 0x00, 0x00, 0x00, 0x00, 0x00, 0x00,
    0x00, 0x00, 0x00, 0x00, 0x00, 0x28, 0xbe, 0xfe,
    0xd8, 0x20, 0x00, 0x00, 0xbf, 0xff, 0xff, 0xff,
    0xff, 0x40, 0x00, 0x08, 0xff, 0xff, 0xff, 0xff,
    0xff, 0x20, 0x00, 0x1f, 0xda, 0x98, 0xbf, 0xff,
    0xf9, 0x00, 0x00, 0x00, 0x00, 0x00, 0x6f, 0xff,
    0xe0, 0x00, 0x04, 0xae, 0xfe, 0xa4, 0xff, 0xff,
    0x00, 0x08, 0xff, 0xff, 0xff, 0xff, 0xff, 0xf0,
    0x05, 0xff, 0xff, 0xff, 0xff, 0xff, 0xff, 0x00,
    0xdf, 0xff, 0xe6, 0x35, 0xef, 0xff, 0xf0, 0x1f,
    0xff, 0xf4, 0x00, 0x04, 0xff, 0xff, 0x02, 0xff,
    0xff, 0x00, 0x00, 0x0f, 0xff, 0xf0, 0x1f, 0xff,
    0xf4, 0x00, 0x04, 0xff, 0xff, 0x00, 0xdf, 0xff,
    0xe6, 0x36, 0xef, 0xff, 0xf0, 0x06, 0xff, 0xff,
    0xff, 0xff, 0xff, 0xff, 0x00, 0x09, 0xff, 0xff,
    0xff, 0xfe, 0xff, 0xf0, 0x00, 0x05, 0xbe, 0xfe,
    0xa3, 0x5f, 0xff, 0x00,

    /* U+00E3 "ã" */
    0x00, 0x00, 0x01, 0x00, 0x00, 0x00, 0x00, 0x00,
    0x00, 0x3d, 0xff, 0xc5, 0x05, 0xf9, 0x20, 0x00,
    0x2e, 0xff, 0xff, 0xff, 0xff, 0xf6, 0x00, 0x0a,
    0xff, 0xff, 0xff, 0xff, 0xfc, 0x00, 0x00, 0x39,
    0xd3, 0x17, 0xdf, 0xfb, 0x10, 0x00, 0x00, 0x00,
    0x00, 0x00, 0x10, 0x00, 0x00, 0x00, 0x00, 0x00,
    0x00, 0x00, 0x00, 0x00, 0x00, 0x00, 0x00, 0x00,
    0x00, 0x00, 0x00, 0x00, 0x00, 0x02, 0x8b, 0xef,
    0xed, 0x82, 0x00, 0x00, 0x0b, 0xff, 0xff, 0xff,
    0xff, 0xf4, 0x00, 0x00, 0x8f, 0xff, 0xff, 0xff,
    0xff, 0xf2, 0x00, 0x01, 0xfd, 0xa9, 0x8b, 0xff,
    0xff, 0x90, 0x00, 0x00, 0x00, 0x00, 0x06, 0xff,
    0xfe, 0x00, 0x00, 0x4a, 0xef, 0xea, 0x4f, 0xff,
    0xf0, 0x00, 0x8f, 0xff, 0xff, 0xff, 0xff, 0xff,
    0x00, 0x5f, 0xff, 0xff, 0xff, 0xff, 0xff, 0xf0,
    0x0d, 0xff, 0xfe, 0x63, 0x5e, 0xff, 0xff, 0x01,
    0xff, 0xff, 0x40, 0x00, 0x4f, 0xff, 0xf0, 0x2f,
    0xff, 0xf0, 0x00, 0x00, 0xff, 0xff, 0x01, 0xff,
    0xff, 0x40, 0x00, 0x4f, 0xff, 0xf0, 0x0d, 0xff,
    0xfe, 0x63, 0x6e, 0xff, 0xff, 0x00, 0x6f, 0xff,
    0xff, 0xff, 0xff, 0xff, 0xf0, 0x00, 0x9f, 0xff,
    0xff, 0xff, 0xef, 0xff, 0x00, 0x00, 0x5b, 0xef,
    0xea, 0x35, 0xff, 0xf0,

    /* U+00E4 "ä" */
    0x00, 0x08, 0xed, 0x30, 0x07, 0xee, 0x40, 0x00,
    0x04, 0xff, 0xfe, 0x03, 0xff, 0xff, 0x00, 0x00,
    0x7f, 0xff, 0xf1, 0x5f, 0xff, 0xf2, 0x00, 0x03,
    0xff, 0xfd, 0x02, 0xff, 0xfe, 0x00, 0x00, 0x06,
    0xca, 0x20, 0x05, 0xcb, 0x30, 0x00, 0x00, 0x00,
    0x00, 0x00, 0x00, 0x00, 0x00, 0x00, 0x00, 0x00,
    0x00, 0x00, 0x00, 0x00, 0x00, 0x00, 0x28, 0xbe,
    0xfe, 0xd8, 0x20, 0x00, 0x00, 0xbf, 0xff, 0xff,
    0xff, 0xff, 0x40, 0x00, 0x08, 0xff, 0xff, 0xff,
    0xff, 0xff, 0x20, 0x00, 0x1f, 0xda, 0x98, 0xbf,
    0xff, 0xf9, 0x00, 0x00, 0x00, 0x00, 0x00, 0x6f,
    0xff, 0xe0, 0x00, 0x04, 0xae, 0xfe, 0xa4, 0xff,
    0xff, 0x00, 0x08, 0xff, 0xff, 0xff, 0xff, 0xff,
    0xf0, 0x05, 0xff, 0xff, 0xff, 0xff, 0xff, 0xff,
    0x00, 0xdf, 0xff, 0xe6, 0x35, 0xef, 0xff, 0xf0,
    0x1f, 0xff, 0xf4, 0x00, 0x04, 0xff, 0xff, 0x02,
    0xff, 0xff, 0x00, 0x00, 0x0f, 0xff, 0xf0, 0x1f,
    0xff, 0xf4, 0x00, 0x04, 0xff, 0xff, 0x00, 0xdf,
    0xff, 0xe6, 0x36, 0xef, 0xff, 0xf0, 0x06, 0xff,
    0xff, 0xff, 0xff, 0xff, 0xff, 0x00, 0x09, 0xff,
    0xff, 0xff, 0xfe, 0xff, 0xf0, 0x00, 0x05, 0xbe,
    0xfe, 0xa3, 0x5f, 0xff, 0x00,

    /* U+00E5 "å" */
    0x00, 0x00, 0x00, 0x26, 0x51, 0x00, 0x00, 0x00,
    0x00, 0x00, 0x8f, 0xff, 0xf5, 0x00, 0x00, 0x00,
    0x00, 0x4f, 0xff, 0xff, 0xf1, 0x00, 0x00, 0x00,
    0x09, 0xfe, 0x14, 0xff, 0x50, 0x00, 0x00, 0x00,
    0x9f, 0xe1, 0x4f, 0xf5, 0x00, 0x00, 0x00, 0x04,
    0xff, 0xff, 0xff, 0x10, 0x00, 0x00, 0x00, 0x08,
    0xff, 0xff, 0x40, 0x00, 0x00, 0x00, 0x00, 0x02,
    0x65, 0x10, 0x00, 0x00, 0x00, 0x00, 0x00, 0x00,
    0x00, 0x00, 0x00, 0x00, 0x00, 0x00, 0x00, 0x00,
    0x00, 0x00, 0x00, 0x00, 0x02, 0x8b, 0xef, 0xed,
    0x82, 0x00, 0x00, 0x0b, 0xff, 0xff, 0xff, 0xff,
    0xf4, 0x00, 0x00, 0x8f, 0xff, 0xff, 0xff, 0xff,
    0xf2, 0x00, 0x01, 0xfd, 0xa9, 0x8b, 0xff, 0xff,
    0x90, 0x00, 0x00, 0x00, 0x00, 0x06, 0xff, 0xfe,
    0x00, 0x00, 0x4a, 0xef, 0xea, 0x4f, 0xff, 0xf0,
    0x00, 0x8f, 0xff, 0xff, 0xff, 0xff, 0xff, 0x00,
    0x5f, 0xff, 0xff, 0xff, 0xff, 0xff, 0xf0, 0x0d,
    0xff, 0xfe, 0x63, 0x5e, 0xff, 0xff, 0x01, 0xff,
    0xff, 0x40, 0x00, 0x4f, 0xff, 0xf0, 0x2f, 0xff,
    0xf0, 0x00, 0x00, 0xff, 0xff, 0x01, 0xff, 0xff,
    0x40, 0x00, 0x4f, 0xff, 0xf0, 0x0d, 0xff, 0xfe,
    0x63, 0x6e, 0xff, 0xff, 0x00, 0x6f, 0xff, 0xff,
    0xff, 0xff, 0xff, 0xf0, 0x00, 0x9f, 0xff, 0xff,
    0xff, 0xef, 0xff, 0x00, 0x00, 0x5b, 0xef, 0xea,
    0x35, 0xff, 0xf0,

    /* U+00E6 "æ" */
    0x00, 0x03, 0x8b, 0xef, 0xec, 0x70, 0x01, 0x8d,
    0xfe, 0xd8, 0x10, 0x00, 0x00, 0xaf, 0xff, 0xff,
    0xff, 0xfd, 0x6f, 0xff, 0xff, 0xff, 0xf5, 0x00,
    0x00, 0x7f, 0xff, 0xff, 0xff, 0xff, 0xff, 0xff,
    0xff, 0xff, 0xff, 0x30, 0x00, 0x1f, 0xda, 0x98,
    0xcf, 0xff, 0xff, 0xfd, 0x99, 0xdf, 0xff, 0xd0,
    0x00, 0x00, 0x00, 0x00, 0x08, 0xff, 0xff, 0xa0,
    0x00, 0x0c, 0xff, 0xf3, 0x00, 0x04, 0xae, 0xfe,
    0x94, 0xff, 0xff, 0x10, 0x00, 0x04, 0xff, 0xf7,
    0x00, 0x8f, 0xff, 0xff, 0xff, 0xff, 0xff, 0xee,
    0xee, 0xef, 0xff, 0xf9, 0x05, 0xff, 0xff, 0xff,
    0xff, 0xff, 0xff, 0xff, 0xff, 0xff, 0xff, 0xfa,
    0x0d, 0xff, 0xfe, 0x63, 0x5f, 0xff, 0xff, 0xff,
    0xff, 0xff, 0xff, 0xf9, 0x1f, 0xff, 0xf4, 0x00,
    0x03, 0xff, 0xff, 0x00, 0x00, 0x00, 0x00, 0x00,
    0x2f, 0xff, 0xf1, 0x00, 0x00, 0xff, 0xff, 0x10,
    0x00, 0x00, 0x66, 0x00, 0x1f, 0xff, 0xf4, 0x00,
    0x04, 0xff, 0xff, 0xb0, 0x00, 0x03, 0xff, 0xc2,
    0x0d, 0xff, 0xfe, 0x63, 0x6e, 0xff, 0xff, 0xfe,
    0xa8, 0xbf, 0xff, 0xf2, 0x06, 0xff, 0xff, 0xff,
    0xff, 0xff, 0xff, 0xff, 0xff, 0xff, 0xff, 0x80,
    0x00, 0x9f, 0xff, 0xff, 0xff, 0xc1, 0x4e, 0xff,
    0xff, 0xff, 0xf8, 0x00, 0x00, 0x04, 0xbe, 0xfe,
    0xb5, 0x00, 0x01, 0x7c, 0xef, 0xea, 0x30, 0x00,

    /* U+00E7 "ç" */
    0x00, 0x00, 0x07, 0xce, 0xfe, 0xb6, 0x00, 0x00,
    0x00, 0x03, 0xef, 0xff, 0xff, 0xff, 0xd3, 0x00,
    0x00, 0x4f, 0xff, 0xff, 0xff, 0xff, 0xff, 0x30,
    0x01, 0xef, 0xff, 0xff, 0xff, 0xff, 0xff, 0xd0,
    0x07, 0xff, 0xff, 0xa2, 0x03, 0xbf, 0xff, 0xf3,
    0x0d, 0xff, 0xfa, 0x00, 0x00, 0x0b, 0xe7, 0x10,
    0x0f, 0xff, 0xf2, 0x00, 0x00, 0x00, 0x00, 0x00,
    0x1f, 0xff, 0xf0, 0x00, 0x00, 0x00, 0x00, 0x00,
    0x1f, 0xff, 0xf0, 0x00, 0x00, 0x00, 0x00, 0x00,
    0x0f, 0xff, 0xf2, 0x00, 0x00, 0x01, 0x00, 0x00,
    0x0c, 0xff, 0xfa, 0x00, 0x00, 0x0b, 0xe8, 0x10,
    0x07, 0xff, 0xff, 0xb4, 0x24, 0xbf, 0xff, 0xf3,
    0x01, 0xef, 0xff, 0xff, 0xff, 0xff, 0xff, 0xd0,
    0x00, 0x3f, 0xff, 0xff, 0xff, 0xff, 0xfe, 0x20,
    0x00, 0x03, 0xef, 0xff, 0xff, 0xff, 0xd2, 0x00,
    0x00, 0x00, 0x07, 0xef, 0xff, 0xb6, 0x00, 0x00,
    0x00, 0x00, 0x00, 0x7f, 0xf3, 0x00, 0x00, 0x00,
    0x00, 0x00, 0x00, 0xbf, 0xff, 0xc0, 0x00, 0x00,
    0x00, 0x00, 0x00, 0x67, 0x9f, 0xf6, 0x00, 0x00,
    0x00, 0x00, 0x04, 0x41, 0x1e, 0xf7, 0x00, 0x00,
    0x00, 0x00, 0x0d, 0xff, 0xff, 0xf3, 0x00, 0x00,
    0x00, 0x00, 0x09, 0xff, 0xff, 0x60, 0x00, 0x00,
    0x00, 0x00, 0x00, 0x02, 0x20, 0x00, 0x00, 0x00,

    /* U+00E8 "è" */
    0x00, 0x00, 0x02, 0x00, 0x00, 0x00, 0x00, 0x00,
    0x00, 0x00, 0x4f, 0x70, 0x00, 0x00, 0x00, 0x00,
    0x00, 0x02, 0xff, 0xf8, 0x00, 0x00, 0x00, 0x00,
    0x00, 0x00, 0x9f, 0xff, 0x90, 0x00, 0x00, 0x00,
    0x00, 0x00, 0x08, 0xff, 0xf9, 0x00, 0x00, 0x00,
    0x00, 0x00, 0x00, 0x7f, 0xff, 0x30, 0x00, 0x00,
    0x00, 0x00, 0x00, 0x06, 0xf5, 0x00, 0x00, 0x00,
    0x00, 0x00, 0x00, 0x00, 0x20, 0x00, 0x00, 0x00,
    0x00, 0x00, 0x00, 0x00, 0x00, 0x00, 0x00, 0x00,
    0x00, 0x00, 0x17, 0xcf, 0xfe, 0xb6, 0x00, 0x00,
    0x00, 0x04, 0xef, 0xff, 0xff, 0xff, 0xc1, 0x00,
    0x00, 0x4f, 0xff, 0xff, 0xff, 0xff, 0xfe, 0x10,
    0x01, 0xef, 0xff, 0xc6, 0x57, 0xdf, 0xff, 0xb0,
    0x07, 0xff, 0xf9, 0x00, 0x00, 0x0c, 0xff, 0xf3,
    0x0d, 0xff, 0xe0, 0x00, 0x00, 0x04, 0xff, 0xf9,
    0x0f, 0xff, 0xff, 0xff, 0xff, 0xff, 0xff, 0xfc,
    0x1f, 0xff, 0xff, 0xff, 0xff, 0xff, 0xff, 0xfd,
    0x1f, 0xff, 0xff, 0xff, 0xff, 0xff, 0xff, 0xfe,
    0x0f, 0xff, 0xd2, 0x22, 0x22, 0x22, 0x22, 0x21,
    0x0d, 0xff, 0xf0, 0x00, 0x00, 0x00, 0x62, 0x00,
    0x07, 0xff, 0xf9, 0x00, 0x00, 0x07, 0xff, 0x80,
    0x01, 0xef, 0xff, 0xd7, 0x67, 0xcf, 0xff, 0xe1,
    0x00, 0x5f, 0xff, 0xff, 0xff, 0xff, 0xff, 0x40,
    0x00, 0x04, 0xff, 0xff, 0xff, 0xff, 0xe4, 0x00,
    0x00, 0x00, 0x17, 0xce, 0xfe, 0xc7, 0x10, 0x00,

    /* U+00E9 "é" */
    0x00, 0x00, 0x00, 0x00, 0x00, 0x01, 0x00, 0x00,
    0x00, 0x00, 0x00, 0x00, 0x00, 0xcd, 0x10, 0x00,
    0x00, 0x00, 0x00, 0x00, 0x1c, 0xff, 0xc0, 0x00,
    0x00, 0x00, 0x00, 0x01, 0xdf, 0xff, 0x40, 0x00,
    0x00, 0x00, 0x00, 0x1d, 0xff, 0xf3, 0x00, 0x00,
    0x00, 0x00, 0x00, 0x7f, 0xfe, 0x30, 0x00, 0x00,
    0x00, 0x00, 0x00, 0x0a, 0xe3, 0x00, 0x00, 0x00,
    0x00, 0x00, 0x00, 0x00, 0x10, 0x00, 0x00, 0x00,
    0x00, 0x00, 0x00, 0x00, 0x00, 0x00, 0x00, 0x00,
    0x00, 0x00, 0x17, 0xcf, 0xfe, 0xb6, 0x00, 0x00,
    0x00, 0x04, 0xef, 0xff, 0xff, 0xff, 0xc1, 0x00,
    0x00, 0x4f, 0xff, 0xff, 0xff, 0xff, 0xfe, 0x10,
    0x01, 0xef, 0xff, 0xc6, 0x57, 0xdf, 0xff, 0xb0,
    0x07, 0xff, 0xf9, 0x00, 0x00, 0x0c, 0xff, 0xf3,
    0x0d, 0xff, 0xe0, 0x00, 0x00, 0x04, 0xff, 0xf9,
    0x0f, 0xff, 0xff, 0xff, 0xff, 0xff, 0xff, 0xfc,
    0x1f, 0xff, 0xff, 0xff, 0xff, 0xff, 0xff, 0xfd,
    0x1f, 0xff, 0xff, 0xff, 0xff, 0xff, 0xff, 0xfe,
    0x0f, 0xff, 0xd2, 0x22, 0x22, 0x22, 0x22, 0x21,
    0x0d, 0xff, 0xf0, 0x00, 0x00, 0x00, 0x62, 0x00,
    0x07, 0xff, 0xf9, 0x00, 0x00, 0x07, 0xff, 0x80,
    0x01, 0xef, 0xff, 0xd7, 0x67, 0xcf, 0xff, 0xe1,
    0x00, 0x5f, 0xff, 0xff, 0xff, 0xff, 0xff, 0x40,
    0x00, 0x04, 0xff, 0xff, 0xff, 0xff, 0xe4, 0x00,
    0x00, 0x00, 0x17, 0xce, 0xfe, 0xc7, 0x10, 0x00,

    /* U+00EA "ê" */
    0x00, 0x00, 0x00, 0x02, 0x90, 0x00, 0x00, 0x00,
    0x00, 0x00, 0x00, 0x2e, 0xfa, 0x00, 0x00, 0x00,
    0x00, 0x00, 0x02, 0xef, 0xff, 0xa0, 0x00, 0x00,
    0x00, 0x00, 0x2e, 0xff, 0xff, 0xfa, 0x00, 0x00,
    0x00, 0x01, 0xef, 0xfd, 0x5f, 0xff, 0xa0, 0x00,
    0x00, 0x00, 0xaf, 0xd1, 0x06, 0xff, 0x60, 0x00,
    0x00, 0x00, 0x08, 0x10, 0x00, 0x78, 0x00, 0x00,
    0x00, 0x00, 0x00, 0x00, 0x00, 0x00, 0x00, 0x00,
    0x00, 0x00, 0x00, 0x00, 0x00, 0x00, 0x00, 0x00,
    0x00, 0x00, 0x17, 0xcf, 0xfe, 0xb6, 0x00, 0x00,
    0x00, 0x04, 0xef, 0xff, 0xff, 0xff, 0xc1, 0x00,
    0x00, 0x4f, 0xff, 0xff, 0xff, 0xff, 0xfe, 0x10,
    0x01, 0xef, 0xff, 0xc6, 0x57, 0xdf, 0xff, 0xb0,
    0x07, 0xff, 0xf9, 0x00, 0x00, 0x0c, 0xff, 0xf3,
    0x0d, 0xff, 0xe0, 0x00, 0x00, 0x04, 0xff, 0xf9,
    0x0f, 0xff, 0xff, 0xff, 0xff, 0xff, 0xff, 0xfc,
    0x1f, 0xff, 0xff, 0xff, 0xff, 0xff, 0xff, 0xfd,
    0x1f, 0xff, 0xff, 0xff, 0xff, 0xff, 0xff, 0xfe,
    0x0f, 0xff, 0xd2, 0x22, 0x22, 0x22, 0x22, 0x21,
    0x0d, 0xff, 0xf0, 0x00, 0x00, 0x00, 0x62, 0x00,
    0x07, 0xff, 0xf9, 0x00, 0x00, 0x07, 0xff, 0x80,
    0x01, 0xef, 0xff, 0xd7, 0x67, 0xcf, 0xff, 0xe1,
    0x00, 0x5f, 0xff, 0xff, 0xff, 0xff, 0xff, 0x40,
    0x00, 0x04, 0xff, 0xff, 0xff, 0xff, 0xe4, 0x00,
    0x00, 0x00, 0x17, 0xce, 0xfe, 0xc7, 0x10, 0x00,

    /* U+00EB "ë" */
    0x00, 0x02, 0xcf, 0xa0, 0x01, 0xcf, 0xa0, 0x00,
    0x00, 0x0c, 0xff, 0xf6, 0x0a, 0xff, 0xf8, 0x00,
    0x00, 0x0f, 0xff, 0xf9, 0x0d, 0xff, 0xfb, 0x00,
    0x00, 0x0b, 0xff, 0xf6, 0x09, 0xff, 0xf7, 0x00,
    0x00, 0x01, 0xac, 0x70, 0x00, 0x9c, 0x80, 0x00,
    0x00, 0x00, 0x00, 0x00, 0x00, 0x00, 0x00, 0x00,
    0x00, 0x00, 0x00, 0x00, 0x00, 0x00, 0x00, 0x00,
    0x00, 0x00, 0x17, 0xcf, 0xfe, 0xb6, 0x00, 0x00,
    0x00, 0x04, 0xef, 0xff, 0xff, 0xff, 0xc1, 0x00,
    0x00, 0x4f, 0xff, 0xff, 0xff, 0xff, 0xfe, 0x10,
    0x01, 0xef, 0xff, 0xc6, 0x57, 0xdf, 0xff, 0xb0,
    0x07, 0xff, 0xf9, 0x00, 0x00, 0x0c, 0xff, 0xf3,
    0x0d, 0xff, 0xe0, 0x00, 0x00, 0x04, 0xff, 0xf9,
    0x0f, 0xff, 0xff, 0xff, 0xff, 0xff, 0xff, 0xfc,
    0x1f, 0xff, 0xff, 0xff, 0xff, 0xff, 0xff, 0xfd,
    0x1f, 0xff, 0xff, 0xff, 0xff, 0xff, 0xff, 0xfe,
    0x0f, 0xff, 0xd2, 0x22, 0x22, 0x22, 0x22, 0x21,
    0x0d, 0xff, 0xf0, 0x00, 0x00, 0x00, 0x62, 0x00,
    0x07, 0xff, 0xf9, 0x00, 0x00, 0x07, 0xff, 0x80,
    0x01, 0xef, 0xff, 0xd7, 0x67, 0xcf, 0xff, 0xe1,
    0x00, 0x5f, 0xff, 0xff, 0xff, 0xff, 0xff, 0x40,
    0x00, 0x04, 0xff, 0xff, 0xff, 0xff, 0xe4, 0x00,
    0x00, 0x00, 0x17, 0xce, 0xfe, 0xc7, 0x10, 0x00,

    /* U+00EC "ì" */
    0x03, 0x40, 0x00, 0x03, 0xff, 0x50, 0x00, 0xaf,
    0xff, 0x50, 0x00, 0xbf, 0xff, 0x60, 0x00, 0xaf,
    0xff, 0x70, 0x00, 0xaf, 0xf5, 0x00, 0x00, 0x96,
    0x00, 0x00, 0x00, 0x00, 0x00, 0x00, 0x00, 0x00,
    0x03, 0xff, 0xfd, 0x00, 0x3f, 0xff, 0xd0, 0x03,
    0xff, 0xfd, 0x00, 0x3f, 0xff, 0xd0, 0x03, 0xff,
    0xfd, 0x00, 0x3f, 0xff, 0xd0, 0x03, 0xff, 0xfd,
    0x00, 0x3f, 0xff, 0xd0, 0x03, 0xff, 0xfd, 0x00,
    0x3f, 0xff, 0xd0, 0x03, 0xff, 0xfd, 0x00, 0x3f,
    0xff, 0xd0, 0x03, 0xff, 0xfd, 0x00, 0x3f, 0xff,
    0xd0, 0x03, 0xff, 0xfd, 0x00, 0x3f, 0xff, 0xd0,

    /* U+00ED "í" */
    0x00, 0x00, 0x07, 0x00, 0x00, 0x00, 0xbf, 0xb0,
    0x00, 0x0b, 0xff, 0xf4, 0x00, 0xcf, 0xff, 0x50,
    0x1c, 0xff, 0xf4, 0x00, 0x0c, 0xff, 0x40, 0x00,
    0x00, 0xb3, 0x00, 0x00, 0x00, 0x00, 0x00, 0x00,
    0x00, 0x00, 0x00, 0x00, 0x3f, 0xff, 0xd0, 0x00,
    0x3f, 0xff, 0xd0, 0x00, 0x3f, 0xff, 0xd0, 0x00,
    0x3f, 0xff, 0xd0, 0x00, 0x3f, 0xff, 0xd0, 0x00,
    0x3f, 0xff, 0xd0, 0x00, 0x3f, 0xff, 0xd0, 0x00,
    0x3f, 0xff, 0xd0, 0x00, 0x3f, 0xff, 0xd0, 0x00,
    0x3f, 0xff, 0xd0, 0x00, 0x3f, 0xff, 0xd0, 0x00,
    0x3f, 0xff, 0xd0, 0x00, 0x3f, 0xff, 0xd0, 0x00,
    0x3f, 0xff, 0xd0, 0x00, 0x3f, 0xff, 0xd0, 0x00,
    0x3f, 0xff, 0xd0, 0x00,

    /* U+00EE "î" */
    0x00, 0x00, 0x00, 0x00, 0x00, 0x00, 0x00, 0xc6,
    0x00, 0x00, 0x00, 0x0b, 0xff, 0x50, 0x00, 0x00,
    0xaf, 0xff, 0xf4, 0x00, 0x09, 0xff, 0xff, 0xff,
    0x40, 0x2f, 0xff, 0x59, 0xff, 0xb0, 0x03, 0xe6,
    0x00, 0xb9, 0x00, 0x00, 0x10, 0x00, 0x00, 0x00,
    0x00, 0x00, 0x00, 0x00, 0x00, 0x00, 0x3f, 0xff,
    0xd0, 0x00, 0x00, 0x3f, 0xff, 0xd0, 0x00, 0x00,
    0x3f, 0xff, 0xd0, 0x00, 0x00, 0x3f, 0xff, 0xd0,
    0x00, 0x00, 0x3f, 0xff, 0xd0, 0x00, 0x00, 0x3f,
    0xff, 0xd0, 0x00, 0x00, 0x3f, 0xff, 0xd0, 0x00,
    0x00, 0x3f, 0xff, 0xd0, 0x00, 0x00, 0x3f, 0xff,
    0xd0, 0x00, 0x00, 0x3f, 0xff, 0xd0, 0x00, 0x00,
    0x3f, 0xff, 0xd0, 0x00, 0x00, 0x3f, 0xff, 0xd0,
    0x00, 0x00, 0x3f, 0xff, 0xd0, 0x00, 0x00, 0x3f,
    0xff, 0xd0, 0x00, 0x00, 0x3f, 0xff, 0xd0, 0x00,
    0x00, 0x3f, 0xff, 0xd0, 0x00,

    /* U+00EF "ï" */
    0x02, 0xac, 0x60, 0x19, 0xc8, 0x00, 0xcf, 0xff,
    0x4a, 0xff, 0xf7, 0x0f, 0xff, 0xf8, 0xef, 0xff,
    0xb0, 0xdf, 0xff, 0x6b, 0xff, 0xf8, 0x03, 0xdf,
    0x90, 0x2c, 0xfb, 0x00, 0x00, 0x00, 0x00, 0x00,
    0x00, 0x00, 0x00, 0x00, 0x00, 0x00, 0x00, 0x00,
    0x3f, 0xff, 0xd0, 0x00, 0x00, 0x03, 0xff, 0xfd,
    0x00, 0x00, 0x00, 0x3f, 0xff, 0xd0, 0x00, 0x00,
    0x03, 0xff, 0xfd, 0x00, 0x00, 0x00, 0x3f, 0xff,
    0xd0, 0x00, 0x00, 0x03, 0xff, 0xfd, 0x00, 0x00,
    0x00, 0x3f, 0xff, 0xd0, 0x00, 0x00, 0x03, 0xff,
    0xfd, 0x00, 0x00, 0x00, 0x3f, 0xff, 0xd0, 0x00,
    0x00, 0x03, 0xff, 0xfd, 0x00, 0x00, 0x00, 0x3f,
    0xff, 0xd0, 0x00, 0x00, 0x03, 0xff, 0xfd, 0x00,
    0x00, 0x00, 0x3f, 0xff, 0xd0, 0x00, 0x00, 0x03,
    0xff, 0xfd, 0x00, 0x00, 0x00, 0x3f, 0xff, 0xd0,
    0x00, 0x00, 0x03, 0xff, 0xfd, 0x00, 0x00,

    /* U+00F0 "ð" */
    0x00, 0x05, 0x10, 0x00, 0x00, 0x60, 0x00, 0x00,
    0x00, 0x4f, 0xfc, 0x60, 0x0b, 0xf7, 0x00, 0x00,
    0x00, 0xbf, 0xff, 0xff, 0xff, 0xff, 0x10, 0x00,
    0x01, 0xef, 0xff, 0xff, 0xff, 0xf4, 0x00, 0x00,
    0x00, 0x02, 0x8f, 0xff, 0xff, 0xf3, 0x00, 0x00,
    0x00, 0x00, 0x5f, 0xff, 0xff, 0xfe, 0x20, 0x00,
    0x00, 0x02, 0xff, 0xfe, 0xdf, 0xff, 0xc0, 0x00,
    0x00, 0x00, 0x8f, 0xa0, 0x0a, 0xff, 0xf7, 0x00,
    0x00, 0x00, 0x05, 0x00, 0x00, 0xdf, 0xfe, 0x00,
    0x00, 0x01, 0x7b, 0xdd, 0xa5, 0x4f, 0xff, 0x50,
    0x00, 0x4e, 0xff, 0xff, 0xff, 0xad, 0xff, 0xa0,
    0x03, 0xff, 0xff, 0xff, 0xff, 0xff, 0xff, 0xe0,
    0x0e, 0xff, 0xff, 0xff, 0xff, 0xff, 0xff, 0xf1,
    0x5f, 0xff, 0xfb, 0x30, 0x29, 0xff, 0xff, 0xf3,
    0xaf, 0xff, 0xc0, 0x00, 0x00, 0x7f, 0xff, 0xf3,
    0xcf, 0xff, 0x40, 0x00, 0x00, 0x0f, 0xff, 0xf2,
    0xdf, 0xff, 0x20, 0x00, 0x00, 0x0d, 0xff, 0xf1,
    0xcf, 0xff, 0x40, 0x00, 0x00, 0x0f, 0xff, 0xe0,
    0xaf, 0xff, 0x90, 0x00, 0x00, 0x5f, 0xff, 0x90,
    0x5f, 0xff, 0xf6, 0x00, 0x04, 0xef, 0xff, 0x40,
    0x0d, 0xff, 0xff, 0xeb, 0xdf, 0xff, 0xfc, 0x00,
    0x03, 0xff, 0xff, 0xff, 0xff, 0xff, 0xe2, 0x00,
    0x00, 0x3e, 0xff, 0xff, 0xff, 0xfd, 0x20, 0x00,
    0x00, 0x00, 0x6b, 0xef, 0xeb, 0x60, 0x00, 0x00,

    /* U+00F1 "ñ" */
    0x00, 0x03, 0xcf, 0xe9, 0x30, 0x7c, 0x71, 0x00,
    0x03, 0xff, 0xff, 0xff, 0xff, 0xff, 0x30, 0x00,
    0xdf, 0xff, 0xff, 0xff, 0xff, 0x90, 0x00, 0x06,
    0xcd, 0x44, 0xaf, 0xff, 0x90, 0x00, 0x00, 0x00,
    0x00, 0x00, 0x01, 0x00, 0x00, 0x00, 0x00, 0x00,
    0x00, 0x00, 0x00, 0x00, 0x00, 0x00, 0x00, 0x00,
    0x00, 0x00, 0x00, 0x00, 0x04, 0xff, 0xe0, 0x04,
    0xad, 0xfe, 0xc4, 0x00, 0x4f, 0xff, 0x4b, 0xff,
    0xff, 0xff, 0xf6, 0x04, 0xff, 0xff, 0xff, 0xff,
    0xff, 0xff, 0xe0, 0x4f, 0xff, 0xff, 0xff, 0xff,
    0xff, 0xff, 0x44, 0xff, 0xff, 0xfa, 0x42, 0x5f,
    0xff, 0xf6, 0x4f, 0xff, 0xf4, 0x00, 0x00, 0xaf,
    0xff, 0x74, 0xff, 0xff, 0x00, 0x00, 0x08, 0xff,
    0xf8, 0x4f, 0xff, 0xc0, 0x00, 0x00, 0x8f, 0xff,
    0x94, 0xff, 0xfc, 0x00, 0x00, 0x08, 0xff, 0xf9,
    0x4f, 0xff, 0xc0, 0x00, 0x00, 0x8f, 0xff, 0x94,
    0xff, 0xfc, 0x00, 0x00, 0x08, 0xff, 0xf9, 0x4f,
    0xff, 0xc0, 0x00, 0x00, 0x8f, 0xff, 0x94, 0xff,
    0xfc, 0x00, 0x00, 0x08, 0xff, 0xf9, 0x4f, 0xff,
    0xc0, 0x00, 0x00, 0x8f, 0xff, 0x94, 0xff, 0xfc,
    0x00, 0x00, 0x08, 0xff, 0xf9, 0x4f, 0xff, 0xc0,
    0x00, 0x00, 0x8f, 0xff, 0x90,

    /* U+00F2 "ò" */
    0x00, 0x00, 0x01, 0x00, 0x00, 0x00, 0x00, 0x00,
    0x00, 0x00, 0x01, 0xdc, 0x00, 0x00, 0x00, 0x00,
    0x00, 0x00, 0x00, 0xcf, 0xfc, 0x10, 0x00, 0x00,
    0x00, 0x00, 0x00, 0x04, 0xff, 0xfd, 0x10, 0x00,
    0x00, 0x00, 0x00, 0x00, 0x03, 0xff, 0xfd, 0x10,
    0x00, 0x00, 0x00, 0x00, 0x00, 0x03, 0xef, 0xf7,
    0x00, 0x00, 0x00, 0x00, 0x00, 0x00, 0x02, 0xea,
    0x00, 0x00, 0x00, 0x00, 0x00, 0x00, 0x00, 0x01,
    0x00, 0x00, 0x00, 0x00, 0x00, 0x00, 0x00, 0x00,
    0x00, 0x00, 0x00, 0x00, 0x00, 0x00, 0x00, 0x6b,
    0xef, 0xfd, 0x92, 0x00, 0x00, 0x00, 0x02, 0xdf,
    0xff, 0xff, 0xff, 0xf8, 0x00, 0x00, 0x03, 0xff,
    0xff, 0xff, 0xff, 0xff, 0xfa, 0x00, 0x00, 0xdf,
    0xff, 0xff, 0xff, 0xff, 0xff, 0xf6, 0x00, 0x6f,
    0xff, 0xfb, 0x30, 0x17, 0xff, 0xff, 0xe0, 0x0c,
    0xff, 0xfb, 0x00, 0x00, 0x04, 0xff, 0xff, 0x40,
    0xff, 0xff, 0x30, 0x00, 0x00, 0x0b, 0xff, 0xf7,
    0x1f, 0xff, 0xf0, 0x00, 0x00, 0x00, 0x8f, 0xff,
    0x91, 0xff, 0xff, 0x00, 0x00, 0x00, 0x08, 0xff,
    0xf9, 0x0f, 0xff, 0xf3, 0x00, 0x00, 0x00, 0xbf,
    0xff, 0x70, 0xcf, 0xff, 0xc0, 0x00, 0x00, 0x4f,
    0xff, 0xf4, 0x06, 0xff, 0xff, 0xc4, 0x12, 0x7f,
    0xff, 0xfe, 0x00, 0x0d, 0xff, 0xff, 0xff, 0xff,
    0xff, 0xff, 0x60, 0x00, 0x3f, 0xff, 0xff, 0xff,
    0xff, 0xff, 0xa0, 0x00, 0x00, 0x2d, 0xff, 0xff,
    0xff, 0xff, 0x80, 0x00, 0x00, 0x00, 0x06, 0xbe,
    0xff, 0xd9, 0x20, 0x00, 0x00,

    /* U+00F3 "ó" */
    0x00, 0x00, 0x00, 0x00, 0x00, 0x02, 0x00, 0x00,
    0x00, 0x00, 0x00, 0x00, 0x00, 0x07, 0xf4, 0x00,
    0x00, 0x00, 0x00, 0x00, 0x00, 0x08, 0xff, 0xf2,
    0x00, 0x00, 0x00, 0x00, 0x00, 0x08, 0xff, 0xf9,
    0x00, 0x00, 0x00, 0x00, 0x00, 0x09, 0xff, 0xf8,
    0x00, 0x00, 0x00, 0x00, 0x00, 0x02, 0xff, 0xf7,
    0x00, 0x00, 0x00, 0x00, 0x00, 0x00, 0x04, 0xf7,
    0x00, 0x00, 0x00, 0x00, 0x00, 0x00, 0x00, 0x02,
    0x00, 0x00, 0x00, 0x00, 0x00, 0x00, 0x00, 0x00,
    0x00, 0x00, 0x00, 0x00, 0x00, 0x00, 0x00, 0x6b,
    0xef, 0xfd, 0x92, 0x00, 0x00, 0x00, 0x02, 0xdf,
    0xff, 0xff, 0xff, 0xf8, 0x00, 0x00, 0x03, 0xff,
    0xff, 0xff, 0xff, 0xff, 0xfa, 0x00, 0x00, 0xdf,
    0xff, 0xff, 0xff, 0xff, 0xff, 0xf6, 0x00, 0x6f,
    0xff, 0xfb, 0x30, 0x17, 0xff, 0xff, 0xe0, 0x0c,
    0xff, 0xfb, 0x00, 0x00, 0x04, 0xff, 0xff, 0x40,
    0xff, 0xff, 0x30, 0x00, 0x00, 0x0b, 0xff, 0xf7,
    0x1f, 0xff, 0xf0, 0x00, 0x00, 0x00, 0x8f, 0xff,
    0x91, 0xff, 0xff, 0x00, 0x00, 0x00, 0x08, 0xff,
    0xf9, 0x0f, 0xff, 0xf3, 0x00, 0x00, 0x00, 0xbf,
    0xff, 0x70, 0xcf, 0xff, 0xc0, 0x00, 0x00, 0x4f,
    0xff, 0xf4, 0x06, 0xff, 0xff, 0xc4, 0x12, 0x7f,
    0xff, 0xfe, 0x00, 0x0d, 0xff, 0xff, 0xff, 0xff,
    0xff, 0xff, 0x60, 0x00, 0x3f, 0xff, 0xff, 0xff,
    0xff, 0xff, 0xa0, 0x00, 0x00, 0x2d, 0xff, 0xff,
    0xff, 0xff, 0x80, 0x00, 0x00, 0x00, 0x06, 0xbe,
    0xff, 0xd9, 0x20, 0x00, 0x00,

    /* U+00F4 "ô" */
    0x00, 0x00, 0x00, 0x00, 0x82, 0x00, 0x00, 0x00,
    0x00, 0x00, 0x00, 0x00, 0x9f, 0xe2, 0x00, 0x00,
    0x00, 0x00, 0x00, 0x00, 0x9f, 0xff, 0xe2, 0x00,
    0x00, 0x00, 0x00, 0x00, 0xaf, 0xff, 0xff, 0xe2,
    0x00, 0x00, 0x00, 0x00, 0x9f, 0xff, 0x5d, 0xff,
    0xe2, 0x00, 0x00, 0x00, 0x05, 0xff, 0x50, 0x1e,
    0xfc, 0x00, 0x00, 0x00, 0x00, 0x05, 0x50, 0x00,
    0x2c, 0x10, 0x00, 0x00, 0x00, 0x00, 0x00, 0x00,
    0x00, 0x00, 0x00, 0x00, 0x00, 0x00, 0x00, 0x00,
    0x00, 0x00, 0x00, 0x00, 0x00, 0x00, 0x00, 0x6b,
    0xef, 0xfd, 0x92, 0x00, 0x00, 0x00, 0x02, 0xdf,
    0xff, 0xff, 0xff, 0xf8, 0x00, 0x00, 0x03, 0xff,
    0xff, 0xff, 0xff, 0xff, 0xfa, 0x00, 0x00, 0xdf,
    0xff, 0xff, 0xff, 0xff, 0xff, 0xf6, 0x00, 0x6f,
    0xff, 0xfb, 0x30, 0x17, 0xff, 0xff, 0xe0, 0x0c,
    0xff, 0xfb, 0x00, 0x00, 0x04, 0xff, 0xff, 0x40,
    0xff, 0xff, 0x30, 0x00, 0x00, 0x0b, 0xff, 0xf7,
    0x1f, 0xff, 0xf0, 0x00, 0x00, 0x00, 0x8f, 0xff,
    0x91, 0xff, 0xff, 0x00, 0x00, 0x00, 0x08, 0xff,
    0xf9, 0x0f, 0xff, 0xf3, 0x00, 0x00, 0x00, 0xbf,
    0xff, 0x70, 0xcf, 0xff, 0xc0, 0x00, 0x00, 0x4f,
    0xff, 0xf4, 0x06, 0xff, 0xff, 0xc4, 0x12, 0x7f,
    0xff, 0xfe, 0x00, 0x0d, 0xff, 0xff, 0xff, 0xff,
    0xff, 0xff, 0x60, 0x00, 0x3f, 0xff, 0xff, 0xff,
    0xff, 0xff, 0xa0, 0x00, 0x00, 0x2d, 0xff, 0xff,
    0xff, 0xff, 0x80, 0x00, 0x00, 0x00, 0x06, 0xbe,
    0xff, 0xd9, 0x20, 0x00, 0x00,

    /* U+00F5 "õ" */
    0x00, 0x00, 0x00, 0x10, 0x00, 0x00, 0x00, 0x00,
    0x00, 0x00, 0x04, 0xef, 0xfb, 0x40, 0x7e, 0x81,
    0x00, 0x00, 0x03, 0xff, 0xff, 0xff, 0xff, 0xff,
    0x40, 0x00, 0x00, 0xdf, 0xff, 0xff, 0xff, 0xff,
    0xa0, 0x00, 0x00, 0x04, 0xac, 0x21, 0x8e, 0xff,
    0xa0, 0x00, 0x00, 0x00, 0x00, 0x00, 0x00, 0x01,
    0x00, 0x00, 0x00, 0x00, 0x00, 0x00, 0x00, 0x00,
    0x00, 0x00, 0x00, 0x00, 0x00, 0x00, 0x00, 0x00,
    0x00, 0x00, 0x00, 0x00, 0x00, 0x00, 0x06, 0xbe,
    0xff, 0xd9, 0x20, 0x00, 0x00, 0x00, 0x2d, 0xff,
    0xff, 0xff, 0xff, 0x80, 0x00, 0x00, 0x3f, 0xff,
    0xff, 0xff, 0xff, 0xff, 0xa0, 0x00, 0x0d, 0xff,
    0xff, 0xff, 0xff, 0xff, 0xff, 0x60, 0x06, 0xff,
    0xff, 0xb3, 0x01, 0x7f, 0xff, 0xfe, 0x00, 0xcf,
    0xff, 0xb0, 0x00, 0x00, 0x4f, 0xff, 0xf4, 0x0f,
    0xff, 0xf3, 0x00, 0x00, 0x00, 0xbf, 0xff, 0x71,
    0xff, 0xff, 0x00, 0x00, 0x00, 0x08, 0xff, 0xf9,
    0x1f, 0xff, 0xf0, 0x00, 0x00, 0x00, 0x8f, 0xff,
    0x90, 0xff, 0xff, 0x30, 0x00, 0x00, 0x0b, 0xff,
    0xf7, 0x0c, 0xff, 0xfc, 0x00, 0x00, 0x04, 0xff,
    0xff, 0x40, 0x6f, 0xff, 0xfc, 0x41, 0x27, 0xff,
    0xff, 0xe0, 0x00, 0xdf, 0xff, 0xff, 0xff, 0xff,
    0xff, 0xf6, 0x00, 0x03, 0xff, 0xff, 0xff, 0xff,
    0xff, 0xfa, 0x00, 0x00, 0x02, 0xdf, 0xff, 0xff,
    0xff, 0xf8, 0x00, 0x00, 0x00, 0x00, 0x6b, 0xef,
    0xfd, 0x92, 0x00, 0x00,

    /* U+00F6 "ö" */
    0x00, 0x00, 0xaf, 0xc2, 0x00, 0x9f, 0xd3, 0x00,
    0x00, 0x00, 0x7f, 0xff, 0xc0, 0x5f, 0xff, 0xe0,
    0x00, 0x00, 0x09, 0xff, 0xff, 0x08, 0xff, 0xff,
    0x00, 0x00, 0x00, 0x6f, 0xff, 0xb0, 0x4f, 0xff,
    0xd0, 0x00, 0x00, 0x00, 0x7c, 0xa1, 0x00, 0x6c,
    0xa2, 0x00, 0x00, 0x00, 0x00, 0x00, 0x00, 0x00,
    0x00, 0x00, 0x00, 0x00, 0x00, 0x00, 0x00, 0x00,
    0x00, 0x00, 0x00, 0x00, 0x00, 0x00, 0x6b, 0xef,
    0xfd, 0x92, 0x00, 0x00, 0x00, 0x02, 0xdf, 0xff,
    0xff, 0xff, 0xf8, 0x00, 0x00, 0x03, 0xff, 0xff,
    0xff, 0xff, 0xff, 0xfa, 0x00, 0x00, 0xdf, 0xff,
    0xff, 0xff, 0xff, 0xff, 0xf6, 0x00, 0x6f, 0xff,
    0xfb, 0x30, 0x17, 0xff, 0xff, 0xe0, 0x0c, 0xff,
    0xfb, 0x00, 0x00, 0x04, 0xff, 0xff, 0x40, 0xff,
    0xff, 0x30, 0x00, 0x00, 0x0b, 0xff, 0xf7, 0x1f,
    0xff, 0xf0, 0x00, 0x00, 0x00, 0x8f, 0xff, 0x91,
    0xff, 0xff, 0x00, 0x00, 0x00, 0x08, 0xff, 0xf9,
    0x0f, 0xff, 0xf3, 0x00, 0x00, 0x00, 0xbf, 0xff,
    0x70, 0xcf, 0xff, 0xc0, 0x00, 0x00, 0x4f, 0xff,
    0xf4, 0x06, 0xff, 0xff, 0xc4, 0x12, 0x7f, 0xff,
    0xfe, 0x00, 0x0d, 0xff, 0xff, 0xff, 0xff, 0xff,
    0xff, 0x60, 0x00, 0x3f, 0xff, 0xff, 0xff, 0xff,
    0xff, 0xa0, 0x00, 0x00, 0x2d, 0xff, 0xff, 0xff,
    0xff, 0x80, 0x00, 0x00, 0x00, 0x06, 0xbe, 0xff,
    0xd9, 0x20, 0x00, 0x00,

    /* U+00F7 "÷" */
    0x00, 0x00, 0x00, 0x5d, 0xfb, 0x20, 0x00, 0x00,
    0x00, 0x00, 0x00, 0x3f, 0xff, 0xfd, 0x00, 0x00,
    0x00, 0x00, 0x00, 0x08, 0xff, 0xff, 0xf2, 0x00,
    0x00, 0x00, 0x00, 0x00, 0x6f, 0xff, 0xff, 0x10,
    0x00, 0x00, 0x00, 0x00, 0x00, 0xcf, 0xff, 0x70,
    0x00, 0x00, 0x00, 0x00, 0x00, 0x00, 0x46, 0x20,
    0x00, 0x00, 0x00, 0x00, 0x00, 0x00, 0x00, 0x00,
    0x00, 0x00, 0x00, 0x06, 0xff, 0xff, 0xff, 0xff,
    0xff, 0xff, 0xff, 0xf3, 0x6f, 0xff, 0xff, 0xff,
    0xff, 0xff, 0xff, 0xff, 0x36, 0xff, 0xff, 0xff,
    0xff, 0xff, 0xff, 0xff, 0xf3, 0x6f, 0xff, 0xff,
    0xff, 0xff, 0xff, 0xff, 0xff, 0x30, 0x00, 0x00,
    0x00, 0x00, 0x00, 0x00, 0x00, 0x00, 0x00, 0x00,
    0x00, 0x04, 0x62, 0x00, 0x00, 0x00, 0x00, 0x00,
    0x00, 0x0c, 0xff, 0xf7, 0x00, 0x00, 0x00, 0x00,
    0x00, 0x06, 0xff, 0xff, 0xf1, 0x00, 0x00, 0x00,
    0x00, 0x00, 0x8f, 0xff, 0xff, 0x20, 0x00, 0x00,
    0x00, 0x00, 0x04, 0xff, 0xff, 0xd0, 0x00, 0x00,
    0x00, 0x00, 0x00, 0x06, 0xdf, 0xb2, 0x00, 0x00,
    0x00,

    /* U+00F8 "ø" */
    0x00, 0x00, 0x00, 0x00, 0x00, 0x00, 0x76, 0x00,
    0x00, 0x00, 0x5a, 0xef, 0xfd, 0xa7, 0xff, 0xa0,
    0x00, 0x1c, 0xff, 0xff, 0xff, 0xff, 0xff, 0xa0,
    0x01, 0xef, 0xff, 0xff, 0xff, 0xff, 0xff, 0x10,
    0x0b, 0xff, 0xff, 0xeb, 0xbf, 0xff, 0xff, 0x90,
    0x3f, 0xff, 0xf6, 0x00, 0x5f, 0xff, 0xff, 0xf2,
    0x9f, 0xff, 0x60, 0x02, 0xff, 0xff, 0xff, 0xf7,
    0xcf, 0xff, 0x00, 0x0d, 0xff, 0xc2, 0xff, 0xfb,
    0xef, 0xfc, 0x00, 0x9f, 0xfe, 0x10, 0xef, 0xfc,
    0xef, 0xfc, 0x06, 0xff, 0xf4, 0x00, 0xef, 0xfc,
    0xcf, 0xff, 0x3f, 0xff, 0x80, 0x01, 0xff, 0xfb,
    0x9f, 0xff, 0xff, 0xfb, 0x00, 0x09, 0xff, 0xf7,
    0x3f, 0xff, 0xff, 0xe1, 0x00, 0x8f, 0xff, 0xf2,
    0x0b, 0xff, 0xff, 0xfc, 0xcf, 0xff, 0xff, 0x80,
    0x05, 0xff, 0xff, 0xff, 0xff, 0xff, 0xfc, 0x00,
    0x1e, 0xff, 0xff, 0xff, 0xff, 0xff, 0xa0, 0x00,
    0x06, 0xfd, 0x5a, 0xef, 0xfd, 0xa3, 0x00, 0x00,
    0x00, 0x32, 0x00, 0x00, 0x00, 0x00, 0x00, 0x00,

    /* U+00F9 "ù" */
    0x00, 0x00, 0x61, 0x00, 0x00, 0x00, 0x00, 0x00,
    0x00, 0x8f, 0xd1, 0x00, 0x00, 0x00, 0x00, 0x00,
    0x1e, 0xff, 0xd2, 0x00, 0x00, 0x00, 0x00, 0x00,
    0x2e, 0xff, 0xe2, 0x00, 0x00, 0x00, 0x00, 0x00,
    0x2e, 0xff, 0xe2, 0x00, 0x00, 0x00, 0x00, 0x00,
    0x2d, 0xfe, 0x10, 0x00, 0x00, 0x00, 0x00, 0x00,
    0x1c, 0x20, 0x00, 0x00, 0x00, 0x00, 0x00, 0x00,
    0x00, 0x00, 0x00, 0x00, 0x00, 0x00, 0x00, 0x00,
    0x00, 0x00, 0x00, 0x07, 0xff, 0xf9, 0x00, 0x00,
    0x0a, 0xff, 0xf6, 0x7f, 0xff, 0x90, 0x00, 0x00,
    0xaf, 0xff, 0x67, 0xff, 0xf9, 0x00, 0x00, 0x0a,
    0xff, 0xf6, 0x7f, 0xff, 0x90, 0x00, 0x00, 0xaf,
    0xff, 0x67, 0xff, 0xf9, 0x00, 0x00, 0x0a, 0xff,
    0xf6, 0x7f, 0xff, 0x90, 0x00, 0x00, 0xaf, 0xff,
    0x67, 0xff, 0xf9, 0x00, 0x00, 0x0a, 0xff, 0xf6,
    0x7f, 0xff, 0x90, 0x00, 0x00, 0xaf, 0xff, 0x67,
    0xff, 0xf9, 0x00, 0x00, 0x0a, 0xff, 0xf6, 0x7f,
    0xff, 0xa0, 0x00, 0x00, 0xdf, 0xff, 0x66, 0xff,
    0xfc, 0x00, 0x00, 0x2f, 0xff, 0xf6, 0x4f, 0xff,
    0xf7, 0x23, 0x8f, 0xff, 0xff, 0x61, 0xff, 0xff,
    0xff, 0xff, 0xff, 0xff, 0xf6, 0x0c, 0xff, 0xff,
    0xff, 0xff, 0xff, 0xff, 0x60, 0x2f, 0xff, 0xff,
    0xff, 0xd4, 0xff, 0xf6, 0x00, 0x29, 0xef, 0xfc,
    0x60, 0x0c, 0xff, 0x60,

    /* U+00FA "ú" */
    0x00, 0x00, 0x00, 0x00, 0x02, 0x50, 0x00, 0x00,
    0x00, 0x00, 0x00, 0x02, 0xef, 0x50, 0x00, 0x00,
    0x00, 0x00, 0x03, 0xef, 0xfd, 0x00, 0x00, 0x00,
    0x00, 0x03, 0xff, 0xfd, 0x10, 0x00, 0x00, 0x00,
    0x04, 0xff, 0xfd, 0x10, 0x00, 0x00, 0x00, 0x00,
    0x3f, 0xfc, 0x10, 0x00, 0x00, 0x00, 0x00, 0x00,
    0x3b, 0x00, 0x00, 0x00, 0x00, 0x00, 0x00, 0x00,
    0x00, 0x00, 0x00, 0x00, 0x00, 0x00, 0x00, 0x00,
    0x00, 0x00, 0x00, 0x07, 0xff, 0xf9, 0x00, 0x00,
    0x0a, 0xff, 0xf6, 0x7f, 0xff, 0x90, 0x00, 0x00,
    0xaf, 0xff, 0x67, 0xff, 0xf9, 0x00, 0x00, 0x0a,
    0xff, 0xf6, 0x7f, 0xff, 0x90, 0x00, 0x00, 0xaf,
    0xff, 0x67, 0xff, 0xf9, 0x00, 0x00, 0x0a, 0xff,
    0xf6, 0x7f, 0xff, 0x90, 0x00, 0x00, 0xaf, 0xff,
    0x67, 0xff, 0xf9, 0x00, 0x00, 0x0a, 0xff, 0xf6,
    0x7f, 0xff, 0x90, 0x00, 0x00, 0xaf, 0xff, 0x67,
    0xff, 0xf9, 0x00, 0x00, 0x0a, 0xff, 0xf6, 0x7f,
    0xff, 0xa0, 0x00, 0x00, 0xdf, 0xff, 0x66, 0xff,
    0xfc, 0x00, 0x00, 0x2f, 0xff, 0xf6, 0x4f, 0xff,
    0xf7, 0x23, 0x8f, 0xff, 0xff, 0x61, 0xff, 0xff,
    0xff, 0xff, 0xff, 0xff, 0xf6, 0x0c, 0xff, 0xff,
    0xff, 0xff, 0xff, 0xff, 0x60, 0x2f, 0xff, 0xff,
    0xff, 0xd4, 0xff, 0xf6, 0x00, 0x29, 0xef, 0xfc,
    0x60, 0x0c, 0xff, 0x60,

    /* U+00FB "û" */
    0x00, 0x00, 0x00, 0x19, 0x00, 0x00, 0x00, 0x00,
    0x00, 0x00, 0x1d, 0xfc, 0x00, 0x00, 0x00, 0x00,
    0x00, 0x1d, 0xff, 0xfc, 0x10, 0x00, 0x00, 0x00,
    0x1d, 0xff, 0xff, 0xfc, 0x10, 0x00, 0x00, 0x0d,
    0xff, 0xd4, 0xef, 0xfd, 0x00, 0x00, 0x00, 0x7f,
    0xd1, 0x02, 0xef, 0x60, 0x00, 0x00, 0x00, 0x61,
    0x00, 0x03, 0x60, 0x00, 0x00, 0x00, 0x00, 0x00,
    0x00, 0x00, 0x00, 0x00, 0x00, 0x00, 0x00, 0x00,
    0x00, 0x00, 0x00, 0x07, 0xff, 0xf9, 0x00, 0x00,
    0x0a, 0xff, 0xf6, 0x7f, 0xff, 0x90, 0x00, 0x00,
    0xaf, 0xff, 0x67, 0xff, 0xf9, 0x00, 0x00, 0x0a,
    0xff, 0xf6, 0x7f, 0xff, 0x90, 0x00, 0x00, 0xaf,
    0xff, 0x67, 0xff, 0xf9, 0x00, 0x00, 0x0a, 0xff,
    0xf6, 0x7f, 0xff, 0x90, 0x00, 0x00, 0xaf, 0xff,
    0x67, 0xff, 0xf9, 0x00, 0x00, 0x0a, 0xff, 0xf6,
    0x7f, 0xff, 0x90, 0x00, 0x00, 0xaf, 0xff, 0x67,
    0xff, 0xf9, 0x00, 0x00, 0x0a, 0xff, 0xf6, 0x7f,
    0xff, 0xa0, 0x00, 0x00, 0xdf, 0xff, 0x66, 0xff,
    0xfc, 0x00, 0x00, 0x2f, 0xff, 0xf6, 0x4f, 0xff,
    0xf7, 0x23, 0x8f, 0xff, 0xff, 0x61, 0xff, 0xff,
    0xff, 0xff, 0xff, 0xff, 0xf6, 0x0c, 0xff, 0xff,
    0xff, 0xff, 0xff, 0xff, 0x60, 0x2f, 0xff, 0xff,
    0xff, 0xd4, 0xff, 0xf6, 0x00, 0x29, 0xef, 0xfc,
    0x60, 0x0c, 0xff, 0x60,

    /* U+00FC "ü" */
    0x00, 0x1c, 0xfa, 0x00, 0x1b, 0xfb, 0x10, 0x00,
    0x0b, 0xff, 0xf8, 0x09, 0xff, 0xfa, 0x00, 0x00,
    0xdf, 0xff, 0xb0, 0xcf, 0xff, 0xc0, 0x00, 0x0a,
    0xff, 0xf7, 0x08, 0xff, 0xf9, 0x00, 0x00, 0x19,
    0xc8, 0x00, 0x08, 0xc9, 0x00, 0x00, 0x00, 0x00,
    0x00, 0x00, 0x00, 0x00, 0x00, 0x00, 0x00, 0x00,
    0x00, 0x00, 0x00, 0x00, 0x07, 0xff, 0xf9, 0x00,
    0x00, 0x0a, 0xff, 0xf6, 0x7f, 0xff, 0x90, 0x00,
    0x00, 0xaf, 0xff, 0x67, 0xff, 0xf9, 0x00, 0x00,
    0x0a, 0xff, 0xf6, 0x7f, 0xff, 0x90, 0x00, 0x00,
    0xaf, 0xff, 0x67, 0xff, 0xf9, 0x00, 0x00, 0x0a,
    0xff, 0xf6, 0x7f, 0xff, 0x90, 0x00, 0x00, 0xaf,
    0xff, 0x67, 0xff, 0xf9, 0x00, 0x00, 0x0a, 0xff,
    0xf6, 0x7f, 0xff, 0x90, 0x00, 0x00, 0xaf, 0xff,
    0x67, 0xff, 0xf9, 0x00, 0x00, 0x0a, 0xff, 0xf6,
    0x7f, 0xff, 0xa0, 0x00, 0x00, 0xdf, 0xff, 0x66,
    0xff, 0xfc, 0x00, 0x00, 0x2f, 0xff, 0xf6, 0x4f,
    0xff, 0xf7, 0x23, 0x8f, 0xff, 0xff, 0x61, 0xff,
    0xff, 0xff, 0xff, 0xff, 0xff, 0xf6, 0x0c, 0xff,
    0xff, 0xff, 0xff, 0xff, 0xff, 0x60, 0x2f, 0xff,
    0xff, 0xff, 0xd4, 0xff, 0xf6, 0x00, 0x29, 0xef,
    0xfc, 0x60, 0x0c, 0xff, 0x60,

    /* U+00FD "ý" */
    0x00, 0x00, 0x00, 0x00, 0x00, 0x34, 0x00, 0x00,
    0x00, 0x00, 0x00, 0x00, 0x00, 0x4f, 0xf3, 0x00,
    0x00, 0x00, 0x00, 0x00, 0x00, 0x5f, 0xff, 0xb0,
    0x00, 0x00, 0x00, 0x00, 0x00, 0x5f, 0xff, 0xc0,
    0x00, 0x00, 0x00, 0x00, 0x00, 0x6f, 0xff, 0xb0,
    0x00, 0x00, 0x00, 0x00, 0x00, 0x04, 0xff, 0xa0,
    0x00, 0x00, 0x00, 0x00, 0x00, 0x00, 0x05, 0xa0,
    0x00, 0x00, 0x00, 0x00, 0x00, 0x00, 0x00, 0x00,
    0x00, 0x00, 0x00, 0x00, 0x00, 0x00, 0x00, 0x00,
    0x00, 0x00, 0x00, 0x00, 0x07, 0xff, 0xfb, 0x00,
    0x00, 0x00, 0x1f, 0xff, 0xf2, 0x1f, 0xff, 0xf2,
    0x00, 0x00, 0x07, 0xff, 0xfb, 0x00, 0x9f, 0xff,
    0x80, 0x00, 0x00, 0xdf, 0xff, 0x40, 0x02, 0xff,
    0xfe, 0x00, 0x00, 0x4f, 0xff, 0xd0, 0x00, 0x0c,
    0xff, 0xf6, 0x00, 0x0b, 0xff, 0xf7, 0x00, 0x00,
    0x5f, 0xff, 0xc0, 0x02, 0xff, 0xff, 0x10, 0x00,
    0x00, 0xef, 0xff, 0x30, 0x8f, 0xff, 0x90, 0x00,
    0x00, 0x08, 0xff, 0xfa, 0x0e, 0xff, 0xf2, 0x00,
    0x00, 0x00, 0x1f, 0xff, 0xf7, 0xff, 0xfc, 0x00,
    0x00, 0x00, 0x00, 0xaf, 0xff, 0xff, 0xff, 0x50,
    0x00, 0x00, 0x00, 0x03, 0xff, 0xff, 0xff, 0xe0,
    0x00, 0x00, 0x00, 0x00, 0x0d, 0xff, 0xff, 0xf7,
    0x00, 0x00, 0x00, 0x00, 0x00, 0x6f, 0xff, 0xff,
    0x10, 0x00, 0x00, 0x00, 0x00, 0x00, 0xff, 0xff,
    0xa0, 0x00, 0x00, 0x00, 0x00, 0x00, 0x0f, 0xff,
    0xf3, 0x00, 0x00, 0x00, 0x00, 0x00, 0x05, 0xff,
    0xfc, 0x00, 0x00, 0x00, 0x00, 0x00, 0x00, 0xcf,
    0xff, 0x60, 0x00, 0x00, 0x00, 0x00, 0x00, 0x3f,
    0xff, 0xe0, 0x00, 0x00, 0x00, 0x00, 0x00, 0x09,
    0xff, 0xf8, 0x00, 0x00, 0x00, 0x00, 0x00, 0x01,
    0xff, 0xff, 0x20, 0x00, 0x00, 0x00, 0x00, 0x00,
    0x7f, 0xff, 0xb0, 0x00, 0x00, 0x00, 0x00, 0x00,
    0x0d, 0xff, 0xf4, 0x00, 0x00, 0x00, 0x00, 0x00,

    /* U+00FE "þ" */
    0x4f, 0xff, 0xc0, 0x00, 0x00, 0x00, 0x00, 0x00,
    0x4f, 0xff, 0xc0, 0x00, 0x00, 0x00, 0x00, 0x00,
    0x4f, 0xff, 0xc0, 0x00, 0x00, 0x00, 0x00, 0x00,
    0x4f, 0xff, 0xc0, 0x00, 0x00, 0x00, 0x00, 0x00,
    0x4f, 0xff, 0xc0, 0x00, 0x00, 0x00, 0x00, 0x00,
    0x4f, 0xff, 0xc0, 0x00, 0x00, 0x00, 0x00, 0x00,
    0x4f, 0xff, 0xc1, 0x8d, 0xff, 0xc7, 0x10, 0x00,
    0x4f, 0xff, 0xff, 0xff, 0xff, 0xff, 0xe3, 0x00,
    0x4f, 0xff, 0xff, 0xff, 0xff, 0xff, 0xff, 0x20,
    0x4f, 0xff, 0xff, 0xff, 0xef, 0xff, 0xff, 0xb0,
    0x4f, 0xff, 0xfe, 0x40, 0x02, 0xcf, 0xff, 0xf3,
    0x4f, 0xff, 0xf4, 0x00, 0x00, 0x0e, 0xff, 0xf8,
    0x4f, 0xff, 0xf0, 0x00, 0x00, 0x07, 0xff, 0xfb,
    0x4f, 0xff, 0xf0, 0x00, 0x00, 0x04, 0xff, 0xfc,
    0x4f, 0xff, 0xf0, 0x00, 0x00, 0x04, 0xff, 0xfc,
    0x4f, 0xff, 0xf0, 0x00, 0x00, 0x07, 0xff, 0xfb,
    0x4f, 0xff, 0xf4, 0x00, 0x00, 0x0e, 0xff, 0xf8,
    0x4f, 0xff, 0xfe, 0x50, 0x02, 0xcf, 0xff, 0xf3,
    0x4f, 0xff, 0xff, 0xff, 0xef, 0xff, 0xff, 0xb0,
    0x4f, 0xff, 0xff, 0xff, 0xff, 0xff, 0xff, 0x20,
    0x4f, 0xff, 0xff, 0xff, 0xff, 0xff, 0xe2, 0x00,
    0x4f, 0xff, 0xc2, 0x8d, 0xff, 0xc7, 0x10, 0x00,
    0x4f, 0xff, 0xc0, 0x00, 0x00, 0x00, 0x00, 0x00,
    0x4f, 0xff, 0xc0, 0x00, 0x00, 0x00, 0x00, 0x00,
    0x4f, 0xff, 0xc0, 0x00, 0x00, 0x00, 0x00, 0x00,
    0x4f, 0xff, 0xc0, 0x00, 0x00, 0x00, 0x00, 0x00,
    0x4f, 0xff, 0xc0, 0x00, 0x00, 0x00, 0x00, 0x00,
    0x4f, 0xff, 0xc0, 0x00, 0x00, 0x00, 0x00, 0x00,

    /* U+00FF "ÿ" */
    0x00, 0x01, 0xac, 0x60, 0x01, 0x9c, 0x70, 0x00,
    0x00, 0x00, 0xcf, 0xff, 0x40, 0xaf, 0xff, 0x60,
    0x00, 0x00, 0x0f, 0xff, 0xf8, 0x0e, 0xff, 0xfa,
    0x00, 0x00, 0x00, 0xdf, 0xff, 0x60, 0xbf, 0xff,
    0x70, 0x00, 0x00, 0x03, 0xdf, 0x90, 0x02, 0xcf,
    0xa0, 0x00, 0x00, 0x00, 0x00, 0x00, 0x00, 0x00,
    0x00, 0x00, 0x00, 0x00, 0x00, 0x00, 0x00, 0x00,
    0x00, 0x00, 0x00, 0x07, 0xff, 0xfb, 0x00, 0x00,
    0x00, 0x1f, 0xff, 0xf2, 0x1f, 0xff, 0xf2, 0x00,
    0x00, 0x07, 0xff, 0xfb, 0x00, 0x9f, 0xff, 0x80,
    0x00, 0x00, 0xdf, 0xff, 0x40, 0x02, 0xff, 0xfe,
    0x00, 0x00, 0x4f, 0xff, 0xd0, 0x00, 0x0c, 0xff,
    0xf6, 0x00, 0x0b, 0xff, 0xf7, 0x00, 0x00, 0x5f,
    0xff, 0xc0, 0x02, 0xff, 0xff, 0x10, 0x00, 0x00,
    0xef, 0xff, 0x30, 0x8f, 0xff, 0x90, 0x00, 0x00,
    0x08, 0xff, 0xfa, 0x0e, 0xff, 0xf2, 0x00, 0x00,
    0x00, 0x1f, 0xff, 0xf7, 0xff, 0xfc, 0x00, 0x00,
    0x00, 0x00, 0xaf, 0xff, 0xff, 0xff, 0x50, 0x00,
    0x00, 0x00, 0x03, 0xff, 0xff, 0xff, 0xe0, 0x00,
    0x00, 0x00, 0x00, 0x0d, 0xff, 0xff, 0xf7, 0x00,
    0x00, 0x00, 0x00, 0x00, 0x6f, 0xff, 0xff, 0x10,
    0x00, 0x00, 0x00, 0x00, 0x00, 0xff, 0xff, 0xa0,
    0x00, 0x00, 0x00, 0x00, 0x00, 0x0f, 0xff, 0xf3,
    0x00, 0x00, 0x00, 0x00, 0x00, 0x05, 0xff, 0xfc,
    0x00, 0x00, 0x00, 0x00, 0x00, 0x00, 0xcf, 0xff,
    0x60, 0x00, 0x00, 0x00, 0x00, 0x00, 0x3f, 0xff,
    0xe0, 0x00, 0x00, 0x00, 0x00, 0x00, 0x09, 0xff,
    0xf8, 0x00, 0x00, 0x00, 0x00, 0x00, 0x01, 0xff,
    0xff, 0x20, 0x00, 0x00, 0x00, 0x00, 0x00, 0x7f,
    0xff, 0xb0, 0x00, 0x00, 0x00, 0x00, 0x00, 0x0d,
    0xff, 0xf4, 0x00, 0x00, 0x00, 0x00, 0x00,

    /* U+0150 "Ő" */
    0x00, 0x00, 0x00, 0x00, 0x00, 0x60, 0x00, 0x34,
    0x00, 0x00, 0x00, 0x00, 0x00, 0x00, 0x00, 0x00,
    0x6f, 0xf5, 0x0b, 0xfd, 0x20, 0x00, 0x00, 0x00,
    0x00, 0x00, 0x00, 0x0d, 0xff, 0x32, 0xff, 0xe0,
    0x00, 0x00, 0x00, 0x00, 0x00, 0x00, 0x04, 0xff,
    0xb0, 0x9f, 0xf7, 0x00, 0x00, 0x00, 0x00, 0x00,
    0x00, 0x00, 0xbf, 0xf4, 0x1f, 0xff, 0x00, 0x00,
    0x00, 0x00, 0x00, 0x00, 0x00, 0x2f, 0xfd, 0x07,
    0xff, 0x80, 0x00, 0x00, 0x00, 0x00, 0x00, 0x00,
    0x03, 0xcf, 0x60, 0x6e, 0xf2, 0x00, 0x00, 0x00,
    0x00, 0x00, 0x00, 0x00, 0x00, 0x30, 0x00, 0x04,
    0x00, 0x00, 0x00, 0x00, 0x00, 0x00, 0x00, 0x00,
    0x00, 0x00, 0x00, 0x00, 0x00, 0x00, 0x00, 0x00,
    0x00, 0x00, 0x00, 0x38, 0xce, 0xfe, 0xda, 0x50,
    0x00, 0x00, 0x00, 0x00, 0x00, 0x04, 0xcf, 0xff,
    0xff, 0xff, 0xff, 0xe6, 0x00, 0x00, 0x00, 0x00,
    0x07, 0xff, 0xff, 0xff, 0xff, 0xff, 0xff, 0xfa,
    0x00, 0x00, 0x00, 0x08, 0xff, 0xff, 0xff, 0xff,
    0xff, 0xff, 0xff, 0xfb, 0x00, 0x00, 0x04, 0xff,
    0xff, 0xfd, 0x73, 0x23, 0x5b, 0xff, 0xff, 0xf8,
    0x00, 0x00, 0xdf, 0xff, 0xf7, 0x00, 0x00, 0x00,
    0x04, 0xef, 0xff, 0xf2, 0x00, 0x6f, 0xff, 0xf7,
    0x00, 0x00, 0x00, 0x00, 0x03, 0xff, 0xff, 0xa0,
    0x0b, 0xff, 0xfb, 0x00, 0x00, 0x00, 0x00, 0x00,
    0x07, 0xff, 0xfe, 0x00, 0xff, 0xff, 0x50, 0x00,
    0x00, 0x00, 0x00, 0x00, 0x1f, 0xff, 0xf3, 0x1f,
    0xff, 0xf0, 0x00, 0x00, 0x00, 0x00, 0x00, 0x00,
    0xcf, 0xff, 0x53, 0xff, 0xff, 0x00, 0x00, 0x00,
    0x00, 0x00, 0x00, 0x0b, 0xff, 0xf7, 0x3f, 0xff,
    0xf0, 0x00, 0x00, 0x00, 0x00, 0x00, 0x00, 0xbf,
    0xff, 0x71, 0xff, 0xff, 0x10, 0x00, 0x00, 0x00,
    0x00, 0x00, 0x0d, 0xff, 0xf5, 0x0f, 0xff, 0xf5,
    0x00, 0x00, 0x00, 0x00, 0x00, 0x01, 0xff, 0xff,
    0x30, 0xbf, 0xff, 0xc0, 0x00, 0x00, 0x00, 0x00,
    0x00, 0x8f, 0xff, 0xe0, 0x06, 0xff, 0xff, 0x70,
    0x00, 0x00, 0x00, 0x00, 0x3f, 0xff, 0xf9, 0x00,
    0x0d, 0xff, 0xff, 0x80, 0x00, 0x00, 0x00, 0x4e,
    0xff, 0xff, 0x20, 0x00, 0x4f, 0xff, 0xff, 0xd7,
    0x42, 0x36, 0xcf, 0xff, 0xff, 0x80, 0x00, 0x00,
    0x7f, 0xff, 0xff, 0xff, 0xff, 0xff, 0xff, 0xff,
    0xb0, 0x00, 0x00, 0x00, 0x7f, 0xff, 0xff, 0xff,
    0xff, 0xff, 0xff, 0xa0, 0x00, 0x00, 0x00, 0x00,
    0x3c, 0xff, 0xff, 0xff, 0xff, 0xfe, 0x60, 0x00,
    0x00, 0x00, 0x00, 0x00, 0x03, 0x8c, 0xef, 0xed,
    0xa5, 0x00, 0x00, 0x00, 0x00,

    /* U+0151 "ő" */
    0x00, 0x00, 0x00, 0x06, 0x10, 0x02, 0x50, 0x00,
    0x00, 0x00, 0x00, 0x04, 0xff, 0x70, 0x9f, 0xe4,
    0x00, 0x00, 0x00, 0x00, 0xbf, 0xf5, 0x1f, 0xff,
    0x10, 0x00, 0x00, 0x00, 0x2f, 0xfe, 0x07, 0xff,
    0x90, 0x00, 0x00, 0x00, 0x09, 0xff, 0x70, 0xef,
    0xf2, 0x00, 0x00, 0x00, 0x01, 0xff, 0xf0, 0x5f,
    0xfb, 0x00, 0x00, 0x00, 0x00, 0x2b, 0xf8, 0x04,
    0xdf, 0x40, 0x00, 0x00, 0x00, 0x00, 0x02, 0x10,
    0x00, 0x40, 0x00, 0x00, 0x00, 0x00, 0x00, 0x00,
    0x00, 0x00, 0x00, 0x00, 0x00, 0x00, 0x00, 0x6b,
    0xef, 0xfd, 0x92, 0x00, 0x00, 0x00, 0x02, 0xdf,
    0xff, 0xff, 0xff, 0xf8, 0x00, 0x00, 0x03, 0xff,
    0xff, 0xff, 0xff, 0xff, 0xfa, 0x00, 0x00, 0xdf,
    0xff, 0xff, 0xff, 0xff, 0xff, 0xf6, 0x00, 0x6f,
    0xff, 0xfb, 0x30, 0x17, 0xff, 0xff, 0xe0, 0x0c,
    0xff, 0xfb, 0x00, 0x00, 0x04, 0xff, 0xff, 0x40,
    0xff, 0xff, 0x30, 0x00, 0x00, 0x0b, 0xff, 0xf7,
    0x1f, 0xff, 0xf0, 0x00, 0x00, 0x00, 0x8f, 0xff,
    0x91, 0xff, 0xff, 0x00, 0x00, 0x00, 0x08, 0xff,
    0xf9, 0x0f, 0xff, 0xf3, 0x00, 0x00, 0x00, 0xbf,
    0xff, 0x70, 0xcf, 0xff, 0xc0, 0x00, 0x00, 0x4f,
    0xff, 0xf4, 0x06, 0xff, 0xff, 0xc4, 0x12, 0x7f,
    0xff, 0xfe, 0x00, 0x0d, 0xff, 0xff, 0xff, 0xff,
    0xff, 0xff, 0x60, 0x00, 0x3f, 0xff, 0xff, 0xff,
    0xff, 0xff, 0xa0, 0x00, 0x00, 0x2d, 0xff, 0xff,
    0xff, 0xff, 0x80, 0x00, 0x00, 0x00, 0x06, 0xbe,
    0xff, 0xd9, 0x20, 0x00, 0x00,

    /* U+2000 " " */

    /* U+2001 " " */

    /* U+2002 " " */

    /* U+2003 " " */

    /* U+2004 " " */

    /* U+2005 " " */

    /* U+2006 " " */

    /* U+2007 " " */

    /* U+2008 " " */

    /* U+2009 " " */

    /* U+200A " " */

    /* U+200B "​" */

    /* U+200C "‌" */

    /* U+2013 "–" */
    0x4d, 0xdd, 0xdd, 0xdd, 0xdd, 0xdd, 0xdd, 0xdd,
    0xd0, 0x5f, 0xff, 0xff, 0xff, 0xff, 0xff, 0xff,
    0xff, 0xf0, 0x5f, 0xff, 0xff, 0xff, 0xff, 0xff,
    0xff, 0xff, 0xf0, 0x5f, 0xff, 0xff, 0xff, 0xff,
    0xff, 0xff, 0xff, 0xf0,

    /* U+2014 "—" */
    0x4d, 0xdd, 0xdd, 0xdd, 0xdd, 0xdd, 0xdd, 0xdd,
    0xdd, 0xdd, 0xdd, 0xdd, 0xdd, 0xdd, 0xda, 0x5f,
    0xff, 0xff, 0xff, 0xff, 0xff, 0xff, 0xff, 0xff,
    0xff, 0xff, 0xff, 0xff, 0xff, 0xfd, 0x5f, 0xff,
    0xff, 0xff, 0xff, 0xff, 0xff, 0xff, 0xff, 0xff,
    0xff, 0xff, 0xff, 0xff, 0xfd, 0x5f, 0xff, 0xff,
    0xff, 0xff, 0xff, 0xff, 0xff, 0xff, 0xff, 0xff,
    0xff, 0xff, 0xff, 0xfd,

    /* U+2018 "‘" */
    0x00, 0x00, 0x01, 0x00, 0x00, 0x2d, 0xc0, 0x00,
    0x2e, 0xff, 0x40, 0x0d, 0xff, 0x90, 0x08, 0xff,
    0xf1, 0x00, 0xff, 0xfb, 0x00, 0x4f, 0xff, 0x90,
    0x05, 0xff, 0xfd, 0x00, 0x3f, 0xff, 0xfa, 0x00,
    0xcf, 0xff, 0xf3, 0x01, 0xbf, 0xd4, 0x00,

    /* U+2019 "’" */
    0x04, 0xdf, 0xb1, 0x02, 0xff, 0xff, 0xd0, 0x0a,
    0xff, 0xff, 0x30, 0x0d, 0xff, 0xf5, 0x00, 0x9f,
    0xff, 0x40, 0x0a, 0xff, 0xf0, 0x01, 0xff, 0xf8,
    0x00, 0x9f, 0xfe, 0x00, 0x4f, 0xfe, 0x20, 0x00,
    0xcd, 0x20, 0x00, 0x00, 0x00, 0x00, 0x00,

    /* U+201A "‚" */
    0x03, 0xcf, 0xc2, 0x01, 0xff, 0xff, 0xe0, 0x08,
    0xff, 0xff, 0x50, 0x0b, 0xff, 0xf7, 0x00, 0x7f,
    0xff, 0x60, 0x08, 0xff, 0xf2, 0x00, 0xef, 0xfa,
    0x00, 0x7f, 0xff, 0x10, 0x2f, 0xff, 0x40, 0x00,
    0xae, 0x30, 0x00, 0x00, 0x10, 0x00, 0x00,

    /* U+201C "“" */
    0x00, 0x00, 0x01, 0x00, 0x00, 0x00, 0x10, 0x00,
    0x02, 0xdc, 0x00, 0x00, 0x2c, 0xc0, 0x00, 0x2e,
    0xff, 0x40, 0x02, 0xef, 0xf5, 0x00, 0xdf, 0xf9,
    0x00, 0x0d, 0xff, 0xa0, 0x08, 0xff, 0xf1, 0x00,
    0x7f, 0xff, 0x10, 0x0f, 0xff, 0xb0, 0x00, 0xef,
    0xfb, 0x00, 0x4f, 0xff, 0x90, 0x03, 0xff, 0xfa,
    0x00, 0x5f, 0xff, 0xd0, 0x05, 0xff, 0xfd, 0x00,
    0x3f, 0xff, 0xfa, 0x03, 0xff, 0xff, 0xa0, 0x0c,
    0xff, 0xff, 0x30, 0xcf, 0xff, 0xf3, 0x01, 0xbf,
    0xd4, 0x00, 0x1a, 0xfd, 0x50,

    /* U+201D "”" */
    0x04, 0xdf, 0xb1, 0x00, 0x4d, 0xfb, 0x10, 0x2f,
    0xff, 0xfd, 0x02, 0xff, 0xff, 0xd0, 0x0a, 0xff,
    0xff, 0x30, 0x9f, 0xff, 0xf4, 0x00, 0xdf, 0xff,
    0x50, 0x0c, 0xff, 0xf6, 0x00, 0x9f, 0xff, 0x40,
    0x08, 0xff, 0xf4, 0x00, 0xaf, 0xff, 0x00, 0x0a,
    0xff, 0xf0, 0x01, 0xff, 0xf8, 0x00, 0x0f, 0xff,
    0x90, 0x09, 0xff, 0xe0, 0x00, 0x8f, 0xfe, 0x10,
    0x4f, 0xfe, 0x20, 0x04, 0xff, 0xe3, 0x00, 0x0c,
    0xd2, 0x00, 0x00, 0xbd, 0x20, 0x00, 0x00, 0x00,
    0x00, 0x00, 0x00, 0x00, 0x00,

    /* U+201E "„" */
    0x03, 0xcf, 0xc2, 0x00, 0x3c, 0xfc, 0x20, 0x1f,
    0xff, 0xfe, 0x01, 0xff, 0xff, 0xe1, 0x08, 0xff,
    0xff, 0x50, 0x8f, 0xff, 0xf6, 0x00, 0xbf, 0xff,
    0x70, 0x0a, 0xff, 0xf8, 0x00, 0x7f, 0xff, 0x60,
    0x06, 0xff, 0xf6, 0x00, 0x8f, 0xff, 0x20, 0x08,
    0xff, 0xf2, 0x00, 0xef, 0xfa, 0x00, 0x0d, 0xff,
    0xb0, 0x07, 0xff, 0xf1, 0x00, 0x6f, 0xff, 0x20,
    0x2f, 0xff, 0x40, 0x02, 0xff, 0xf4, 0x00, 0x0a,
    0xe3, 0x00, 0x00, 0xae, 0x30, 0x00, 0x00, 0x10,
    0x00, 0x00, 0x01, 0x00, 0x00,

    /* U+2022 "•" */
    0x00, 0x2a, 0xdd, 0x80, 0x00, 0x04, 0xff, 0xff,
    0xfc, 0x00, 0x0e, 0xff, 0xff, 0xff, 0x90, 0x5f,
    0xff, 0xff, 0xff, 0xf0, 0x7f, 0xff, 0xff, 0xff,
    0xf1, 0x5f, 0xff, 0xff, 0xff, 0xf0, 0x0f, 0xff,
    0xff, 0xff, 0x90, 0x05, 0xff, 0xff, 0xfd, 0x10,
    0x00, 0x3b, 0xfe, 0x91, 0x00,

    /* U+2026 "…" */
    0x05, 0xdf, 0xa1, 0x00, 0x04, 0xcf, 0xb2, 0x00,
    0x02, 0xbf, 0xc3, 0x03, 0xff, 0xff, 0xc0, 0x02,
    0xff, 0xff, 0xd0, 0x00, 0xef, 0xff, 0xf1, 0x9f,
    0xff, 0xff, 0x20, 0x7f, 0xff, 0xff, 0x30, 0x4f,
    0xff, 0xff, 0x69, 0xff, 0xff, 0xf2, 0x07, 0xff,
    0xff, 0xf3, 0x04, 0xff, 0xff, 0xf6, 0x3f, 0xff,
    0xfc, 0x00, 0x2f, 0xff, 0xfd, 0x00, 0x0e, 0xff,
    0xff, 0x10, 0x5d, 0xfb, 0x10, 0x00, 0x4d, 0xfc,
    0x20, 0x00, 0x2c, 0xfd, 0x30,

    /* U+202F " " */

    /* U+2030 "‰" */
    0x00, 0x07, 0xdf, 0xea, 0x20, 0x00, 0x00, 0x00,
    0x00, 0x96, 0x00, 0x00, 0x00, 0x00, 0x00, 0x00,
    0x00, 0x00, 0xcf, 0xff, 0xff, 0xf4, 0x00, 0x00,
    0x00, 0x07, 0xff, 0xa0, 0x00, 0x00, 0x00, 0x00,
    0x00, 0x00, 0x0a, 0xff, 0xff, 0xff, 0xff, 0x10,
    0x00, 0x00, 0x5f, 0xff, 0xe1, 0x00, 0x00, 0x00,
    0x00, 0x00, 0x00, 0x1f, 0xff, 0x81, 0x4e, 0xff,
    0x80, 0x00, 0x03, 0xff, 0xff, 0x20, 0x00, 0x00,
    0x00, 0x00, 0x00, 0x00, 0x4f, 0xfe, 0x00, 0x07,
    0xff, 0xb0, 0x00, 0x1e, 0xff, 0xf4, 0x00, 0x00,
    0x00, 0x00, 0x00, 0x00, 0x00, 0x4f, 0xfd, 0x00,
    0x06, 0xff, 0xb0, 0x00, 0xcf, 0xff, 0x70, 0x00,
    0x00, 0x00, 0x00, 0x00, 0x00, 0x00, 0x1f, 0xff,
    0x70, 0x3e, 0xff, 0x80, 0x0a, 0xff, 0xf9, 0x00,
    0x00, 0x00, 0x00, 0x00, 0x00, 0x00, 0x00, 0x0a,
    0xff, 0xff, 0xff, 0xff, 0x20, 0x8f, 0xff, 0xc0,
    0x00, 0x00, 0x00, 0x00, 0x00, 0x00, 0x00, 0x00,
    0x01, 0xdf, 0xff, 0xff, 0xf5, 0x06, 0xff, 0xfd,
    0x10, 0x00, 0x00, 0x00, 0x00, 0x00, 0x00, 0x00,
    0x00, 0x00, 0x08, 0xef, 0xfb, 0x30, 0x3f, 0xff,
    0xe2, 0x00, 0x00, 0x00, 0x00, 0x00, 0x00, 0x00,
    0x00, 0x00, 0x00, 0x00, 0x01, 0x00, 0x02, 0xef,
    0xff, 0x40, 0x00, 0x00, 0x00, 0x00, 0x00, 0x00,
    0x00, 0x00, 0x00, 0x00, 0x00, 0x00, 0x00, 0x0d,
    0xff, 0xf6, 0x00, 0x00, 0x00, 0x00, 0x00, 0x00,
    0x00, 0x00, 0x00, 0x00, 0x00, 0x00, 0x00, 0x00,
    0xbf, 0xff, 0x90, 0x4b, 0xff, 0xe8, 0x00, 0x00,
    0x05, 0xcf, 0xfd, 0x60, 0x00, 0x00, 0x00, 0x00,
    0x09, 0xff, 0xfb, 0x07, 0xff, 0xff, 0xff, 0xc0,
    0x00, 0x9f, 0xff, 0xff, 0xfb, 0x00, 0x00, 0x00,
    0x00, 0x6f, 0xff, 0xd0, 0x3f, 0xff, 0xff, 0xff,
    0xf9, 0x05, 0xff, 0xff, 0xff, 0xff, 0x70, 0x00,
    0x00, 0x04, 0xff, 0xfe, 0x20, 0xaf, 0xfd, 0x20,
    0x8f, 0xff, 0x1c, 0xff, 0xc1, 0x1a, 0xff, 0xe0,
    0x00, 0x00, 0x2f, 0xff, 0xf3, 0x00, 0xdf, 0xf5,
    0x00, 0x0e, 0xff, 0x4f, 0xff, 0x30, 0x01, 0xff,
    0xf1, 0x00, 0x01, 0xdf, 0xff, 0x50, 0x00, 0xcf,
    0xf6, 0x00, 0x0f, 0xff, 0x3f, 0xff, 0x30, 0x01,
    0xff, 0xf1, 0x00, 0x0c, 0xff, 0xf8, 0x00, 0x00,
    0x9f, 0xfe, 0x42, 0x9f, 0xff, 0x1c, 0xff, 0xc3,
    0x3b, 0xff, 0xd0, 0x00, 0xaf, 0xff, 0xa0, 0x00,
    0x00, 0x2f, 0xff, 0xff, 0xff, 0xf9, 0x04, 0xff,
    0xff, 0xff, 0xff, 0x60, 0x00, 0x6f, 0xfc, 0x00,
    0x00, 0x00, 0x05, 0xff, 0xff, 0xff, 0xb0, 0x00,
    0x8f, 0xff, 0xff, 0xf9, 0x00, 0x00, 0x03, 0xc1,
    0x00, 0x00, 0x00, 0x00, 0x3a, 0xef, 0xc6, 0x00,
    0x00, 0x04, 0xbe, 0xfc, 0x50, 0x00, 0x00, 0x00,
    0x00, 0x00, 0x00, 0x00, 0x00, 0x00, 0x00, 0x00,
    0x00, 0x00, 0x00, 0x00, 0x00, 0x00, 0x00,

    /* U+2039 "‹" */
    0x00, 0x00, 0xbf, 0xff, 0x80, 0x00, 0x6f, 0xff,
    0xc0, 0x00, 0x2f, 0xff, 0xf2, 0x00, 0x0c, 0xff,
    0xf7, 0x00, 0x07, 0xff, 0xfc, 0x00, 0x03, 0xff,
    0xff, 0x20, 0x00, 0xbf, 0xff, 0x80, 0x00, 0x03,
    0xff, 0xfe, 0x10, 0x00, 0x08, 0xff, 0xfb, 0x00,
    0x00, 0x0d, 0xff, 0xf6, 0x00, 0x00, 0x2f, 0xff,
    0xf1, 0x00, 0x00, 0x7f, 0xff, 0xb0, 0x00, 0x00,
    0xcf, 0xff, 0x70, 0x00, 0x00, 0x11, 0x10,

    /* U+203A "›" */
    0x0b, 0xff, 0xf7, 0x00, 0x00, 0x01, 0xff, 0xff,
    0x20, 0x00, 0x00, 0x6f, 0xff, 0xd0, 0x00, 0x00,
    0x0b, 0xff, 0xf8, 0x00, 0x00, 0x01, 0xef, 0xff,
    0x30, 0x00, 0x00, 0x5f, 0xff, 0xd0, 0x00, 0x00,
    0x0c, 0xff, 0xf7, 0x00, 0x00, 0x4f, 0xff, 0xe1,
    0x00, 0x00, 0xef, 0xff, 0x40, 0x00, 0x09, 0xff,
    0xf9, 0x00, 0x00, 0x4f, 0xff, 0xd0, 0x00, 0x01,
    0xef, 0xff, 0x30, 0x00, 0x0a, 0xff, 0xf8, 0x00,
    0x00, 0x01, 0x11, 0x10, 0x00, 0x00,

    /* U+2044 "⁄" */
    0x00, 0x00, 0x00, 0x00, 0x00, 0x00, 0x00, 0x23,
    0x00, 0x00, 0x00, 0x00, 0x00, 0x00, 0x00, 0x00,
    0xcf, 0xb2, 0x00, 0x00, 0x00, 0x00, 0x00, 0x00,
    0x06, 0xff, 0xf2, 0x00, 0x00, 0x00, 0x00, 0x00,
    0x00, 0x1f, 0xff, 0x80, 0x00, 0x00, 0x00, 0x00,
    0x00, 0x00, 0xaf, 0xfd, 0x00, 0x00, 0x00, 0x00,
    0x00, 0x00, 0x04, 0xff, 0xf4, 0x00, 0x00, 0x00,
    0x00, 0x00, 0x00, 0x0e, 0xff, 0xa0, 0x00, 0x00,
    0x00, 0x00, 0x00, 0x00, 0x9f, 0xfe, 0x10, 0x00,
    0x00, 0x00, 0x00, 0x00, 0x03, 0xff, 0xf5, 0x00,
    0x00, 0x00, 0x00, 0x00, 0x00, 0x0c, 0xff, 0xb0,
    0x00, 0x00, 0x00, 0x00, 0x00, 0x00, 0x7f, 0xff,
    0x20, 0x00, 0x00, 0x00, 0x00, 0x00, 0x02, 0xff,
    0xf7, 0x00, 0x00, 0x00, 0x00, 0x00, 0x00, 0x0b,
    0xff, 0xd0, 0x00, 0x00, 0x00, 0x00, 0x00, 0x00,
    0x5f, 0xff, 0x30, 0x00, 0x00, 0x00, 0x00, 0x00,
    0x01, 0xef, 0xf9, 0x00, 0x00, 0x00, 0x00, 0x00,
    0x00, 0x09, 0xff, 0xe0, 0x00, 0x00, 0x00, 0x00,
    0x00, 0x00, 0x3f, 0xff, 0x50, 0x00, 0x00, 0x00,
    0x00, 0x00, 0x00, 0xdf, 0xfa, 0x00, 0x00, 0x00,
    0x00, 0x00, 0x00, 0x08, 0xff, 0xf1, 0x00, 0x00,
    0x00, 0x00, 0x00, 0x00, 0x2f, 0xff, 0x60, 0x00,
    0x00, 0x00, 0x00, 0x00, 0x00, 0xcf, 0xfc, 0x00,
    0x00, 0x00, 0x00, 0x00, 0x00, 0x06, 0xff, 0xf2,
    0x00, 0x00, 0x00, 0x00, 0x00, 0x00, 0x1e, 0xff,
    0x80, 0x00, 0x00, 0x00, 0x00, 0x00, 0x00, 0x19,
    0xfd, 0x00, 0x00, 0x00, 0x00, 0x00, 0x00, 0x00,
    0x00, 0x33, 0x00, 0x00, 0x00, 0x00, 0x00, 0x00,
    0x00,

    /* U+205F " " */

    /* U+20AC "€" */
    0x00, 0x00, 0x00, 0x00, 0x6b, 0xde, 0xdb, 0x71,
    0x00, 0x00, 0x00, 0x00, 0x05, 0xef, 0xff, 0xff,
    0xff, 0xf7, 0x00, 0x00, 0x00, 0x08, 0xff, 0xff,
    0xff, 0xff, 0xff, 0xfa, 0x00, 0x00, 0x07, 0xff,
    0xff, 0xff, 0xff, 0xff, 0xfe, 0x20, 0x00, 0x02,
    0xff, 0xff, 0xd6, 0x10, 0x17, 0xef, 0x30, 0x00,
    0x00, 0xaf, 0xff, 0xd1, 0x00, 0x00, 0x01, 0x30,
    0x00, 0x00, 0x2f, 0xff, 0xf3, 0x00, 0x00, 0x00,
    0x00, 0x00, 0x0e, 0xff, 0xff, 0xff, 0xff, 0xff,
    0xfe, 0x00, 0x00, 0x00, 0xef, 0xff, 0xff, 0xff,
    0xff, 0xff, 0xa0, 0x00, 0x00, 0x0e, 0xff, 0xff,
    0xff, 0xff, 0xff, 0xf6, 0x00, 0x00, 0x00, 0x33,
    0xff, 0xff, 0x73, 0x33, 0x33, 0x00, 0x00, 0x00,
    0x02, 0x3f, 0xff, 0xf7, 0x33, 0x33, 0x20, 0x00,
    0x00, 0x00, 0xef, 0xff, 0xff, 0xff, 0xff, 0xfa,
    0x00, 0x00, 0x00, 0x0e, 0xff, 0xff, 0xff, 0xff,
    0xff, 0x60, 0x00, 0x00, 0x00, 0xef, 0xff, 0xff,
    0xff, 0xff, 0xf2, 0x00, 0x00, 0x00, 0x00, 0x01,
    0xff, 0xff, 0x30, 0x00, 0x00, 0x00, 0x00, 0x00,
    0x00, 0x0a, 0xff, 0xfd, 0x00, 0x00, 0x00, 0x04,
    0x00, 0x00, 0x00, 0x2f, 0xff, 0xfd, 0x50, 0x01,
    0x5d, 0xf5, 0x00, 0x00, 0x00, 0x7f, 0xff, 0xff,
    0xff, 0xff, 0xff, 0xf4, 0x00, 0x00, 0x00, 0x8f,
    0xff, 0xff, 0xff, 0xff, 0xff, 0xd0, 0x00, 0x00,
    0x00, 0x6e, 0xff, 0xff, 0xff, 0xff, 0xa0, 0x00,
    0x00, 0x00, 0x00, 0x17, 0xce, 0xfe, 0xc8, 0x20,
    0x00
};

/*---------------------
 *  GLYPH DESCRIPTION
 *--------------------*/

static const lv_font_fmt_txt_glyph_dsc_t glyph_dsc[] = {
    {.bitmap_index = 0, .adv_w = 0, .box_w = 0, .box_h = 0, .ofs_x = 0, .ofs_y = 0} /* id = 0 reserved */,
    {.bitmap_index = 0, .adv_w = 129, .box_w = 0, .box_h = 0, .ofs_x = 0, .ofs_y = 0},
    {.bitmap_index = 0, .adv_w = 143, .box_w = 7, .box_h = 23, .ofs_x = 1, .ofs_y = 0},
    {.bitmap_index = 81, .adv_w = 179, .box_w = 11, .box_h = 10, .ofs_x = 0, .ofs_y = 12},
    {.bitmap_index = 136, .adv_w = 335, .box_w = 19, .box_h = 22, .ofs_x = 1, .ofs_y = 0},
    {.bitmap_index = 345, .adv_w = 271, .box_w = 15, .box_h = 29, .ofs_x = 1, .ofs_y = -4},
    {.bitmap_index = 563, .adv_w = 376, .box_w = 23, .box_h = 23, .ofs_x = 0, .ofs_y = -1},
    {.bitmap_index = 828, .adv_w = 320, .box_w = 19, .box_h = 24, .ofs_x = 1, .ofs_y = 0},
    {.bitmap_index = 1056, .adv_w = 91, .box_w = 5, .box_h = 10, .ofs_x = 0, .ofs_y = 12},
    {.bitmap_index = 1081, .adv_w = 174, .box_w = 10, .box_h = 31, .ofs_x = 1, .ofs_y = -5},
    {.bitmap_index = 1236, .adv_w = 174, .box_w = 10, .box_h = 31, .ofs_x = 0, .ofs_y = -5},
    {.bitmap_index = 1391, .adv_w = 221, .box_w = 13, .box_h = 13, .ofs_x = 0, .ofs_y = 11},
    {.bitmap_index = 1476, .adv_w = 332, .box_w = 16, .box_h = 16, .ofs_x = 2, .ofs_y = 3},
    {.bitmap_index = 1604, .adv_w = 140, .box_w = 7, .box_h = 12, .ofs_x = 1, .ofs_y = -6},
    {.bitmap_index = 1646, .adv_w = 183, .box_w = 11, .box_h = 4, .ofs_x = 0, .ofs_y = 7},
    {.bitmap_index = 1668, .adv_w = 137, .box_w = 7, .box_h = 6, .ofs_x = 1, .ofs_y = 0},
    {.bitmap_index = 1689, .adv_w = 239, .box_w = 16, .box_h = 27, .ofs_x = -1, .ofs_y = -3},
    {.bitmap_index = 1905, .adv_w = 275, .box_w = 16, .box_h = 22, .ofs_x = 1, .ofs_y = 0},
    {.bitmap_index = 2081, .adv_w = 178, .box_w = 9, .box_h = 22, .ofs_x = 0, .ofs_y = 0},
    {.bitmap_index = 2180, .adv_w = 253, .box_w = 15, .box_h = 22, .ofs_x = 0, .ofs_y = 0},
    {.bitmap_index = 2345, .adv_w = 258, .box_w = 16, .box_h = 22, .ofs_x = 0, .ofs_y = 0},
    {.bitmap_index = 2521, .adv_w = 285, .box_w = 17, .box_h = 22, .ofs_x = 1, .ofs_y = 0},
    {.bitmap_index = 2708, .adv_w = 263, .box_w = 15, .box_h = 22, .ofs_x = 1, .ofs_y = 0},
    {.bitmap_index = 2873, .adv_w = 274, .box_w = 17, .box_h = 22, .ofs_x = 0, .ofs_y = 0},
    {.bitmap_index = 3060, .adv_w = 244, .box_w = 15, .box_h = 22, .ofs_x = 0, .ofs_y = 0},
    {.bitmap_index = 3225, .adv_w = 270, .box_w = 15, .box_h = 22, .ofs_x = 1, .ofs_y = 0},
    {.bitmap_index = 3390, .adv_w = 273, .box_w = 17, .box_h = 22, .ofs_x = 0, .ofs_y = 0},
    {.bitmap_index = 3577, .adv_w = 137, .box_w = 7, .box_h = 16, .ofs_x = 1, .ofs_y = 0},
    {.bitmap_index = 3633, .adv_w = 140, .box_w = 7, .box_h = 22, .ofs_x = 1, .ofs_y = -6},
    {.bitmap_index = 3710, .adv_w = 332, .box_w = 15, .box_h = 19, .ofs_x = 3, .ofs_y = 0},
    {.bitmap_index = 3853, .adv_w = 332, .box_w = 15, .box_h = 10, .ofs_x = 3, .ofs_y = 4},
    {.bitmap_index = 3928, .adv_w = 332, .box_w = 15, .box_h = 19, .ofs_x = 3, .ofs_y = 0},
    {.bitmap_index = 4071, .adv_w = 268, .box_w = 16, .box_h = 24, .ofs_x = 0, .ofs_y = 0},
    {.bitmap_index = 4263, .adv_w = 423, .box_w = 25, .box_h = 26, .ofs_x = 1, .ofs_y = -2},
    {.bitmap_index = 4588, .adv_w = 326, .box_w = 20, .box_h = 22, .ofs_x = 0, .ofs_y = 0},
    {.bitmap_index = 4808, .adv_w = 294, .box_w = 16, .box_h = 22, .ofs_x = 2, .ofs_y = 0},
    {.bitmap_index = 4984, .adv_w = 347, .box_w = 22, .box_h = 22, .ofs_x = 0, .ofs_y = 0},
    {.bitmap_index = 5226, .adv_w = 331, .box_w = 18, .box_h = 22, .ofs_x = 2, .ofs_y = 0},
    {.bitmap_index = 5424, .adv_w = 268, .box_w = 14, .box_h = 22, .ofs_x = 2, .ofs_y = 0},
    {.bitmap_index = 5578, .adv_w = 255, .box_w = 14, .box_h = 22, .ofs_x = 2, .ofs_y = 0},
    {.bitmap_index = 5732, .adv_w = 357, .box_w = 22, .box_h = 22, .ofs_x = 0, .ofs_y = 0},
    {.bitmap_index = 5974, .adv_w = 340, .box_w = 18, .box_h = 22, .ofs_x = 2, .ofs_y = 0},
    {.bitmap_index = 6172, .adv_w = 132, .box_w = 5, .box_h = 22, .ofs_x = 2, .ofs_y = 0},
    {.bitmap_index = 6227, .adv_w = 269, .box_w = 14, .box_h = 22, .ofs_x = 1, .ofs_y = 0},
    {.bitmap_index = 6381, .adv_w = 310, .box_w = 18, .box_h = 22, .ofs_x = 2, .ofs_y = 0},
    {.bitmap_index = 6579, .adv_w = 247, .box_w = 13, .box_h = 22, .ofs_x = 2, .ofs_y = 0},
    {.bitmap_index = 6722, .adv_w = 431, .box_w = 27, .box_h = 22, .ofs_x = 0, .ofs_y = 0},
    {.bitmap_index = 7019, .adv_w = 356, .box_w = 19, .box_h = 22, .ofs_x = 2, .ofs_y = 0},
    {.bitmap_index = 7228, .adv_w = 372, .box_w = 23, .box_h = 22, .ofs_x = 0, .ofs_y = 0},
    {.bitmap_index = 7481, .adv_w = 289, .box_w = 16, .box_h = 22, .ofs_x = 2, .ofs_y = 0},
    {.bitmap_index = 7657, .adv_w = 372, .box_w = 23, .box_h = 23, .ofs_x = 0, .ofs_y = -1},
    {.bitmap_index = 7922, .adv_w = 301, .box_w = 16, .box_h = 22, .ofs_x = 2, .ofs_y = 0},
    {.bitmap_index = 8098, .adv_w = 280, .box_w = 17, .box_h = 22, .ofs_x = 0, .ofs_y = 0},
    {.bitmap_index = 8285, .adv_w = 282, .box_w = 18, .box_h = 22, .ofs_x = 0, .ofs_y = 0},
    {.bitmap_index = 8483, .adv_w = 334, .box_w = 18, .box_h = 22, .ofs_x = 1, .ofs_y = 0},
    {.bitmap_index = 8681, .adv_w = 319, .box_w = 20, .box_h = 22, .ofs_x = 0, .ofs_y = 0},
    {.bitmap_index = 8901, .adv_w = 487, .box_w = 30, .box_h = 22, .ofs_x = 0, .ofs_y = 0},
    {.bitmap_index = 9231, .adv_w = 328, .box_w = 21, .box_h = 22, .ofs_x = 0, .ofs_y = 0},
    {.bitmap_index = 9462, .adv_w = 293, .box_w = 20, .box_h = 22, .ofs_x = -1, .ofs_y = 0},
    {.bitmap_index = 9682, .adv_w = 283, .box_w = 16, .box_h = 22, .ofs_x = 1, .ofs_y = 0},
    {.bitmap_index = 9858, .adv_w = 162, .box_w = 9, .box_h = 30, .ofs_x = 1, .ofs_y = -5},
    {.bitmap_index = 9993, .adv_w = 239, .box_w = 16, .box_h = 27, .ofs_x = -1, .ofs_y = -3},
    {.bitmap_index = 10209, .adv_w = 159, .box_w = 8, .box_h = 30, .ofs_x = 0, .ofs_y = -5},
    {.bitmap_index = 10329, .adv_w = 332, .box_w = 15, .box_h = 9, .ofs_x = 3, .ofs_y = 9},
    {.bitmap_index = 10397, .adv_w = 273, .box_w = 17, .box_h = 4, .ofs_x = 0, .ofs_y = -3},
    {.bitmap_index = 10431, .adv_w = 275, .box_w = 8, .box_h = 8, .ofs_x = 4, .ofs_y = 17},
    {.bitmap_index = 10463, .adv_w = 249, .box_w = 15, .box_h = 16, .ofs_x = 0, .ofs_y = 0},
    {.bitmap_index = 10583, .adv_w = 283, .box_w = 16, .box_h = 22, .ofs_x = 1, .ofs_y = 0},
    {.bitmap_index = 10759, .adv_w = 253, .box_w = 16, .box_h = 16, .ofs_x = 0, .ofs_y = 0},
    {.bitmap_index = 10887, .adv_w = 283, .box_w = 16, .box_h = 22, .ofs_x = 0, .ofs_y = 0},
    {.bitmap_index = 11063, .adv_w = 266, .box_w = 16, .box_h = 16, .ofs_x = 0, .ofs_y = 0},
    {.bitmap_index = 11191, .adv_w = 164, .box_w = 10, .box_h = 22, .ofs_x = 0, .ofs_y = 0},
    {.bitmap_index = 11301, .adv_w = 285, .box_w = 17, .box_h = 22, .ofs_x = 0, .ofs_y = -6},
    {.bitmap_index = 11488, .adv_w = 274, .box_w = 15, .box_h = 22, .ofs_x = 1, .ofs_y = 0},
    {.bitmap_index = 11653, .adv_w = 123, .box_w = 6, .box_h = 24, .ofs_x = 1, .ofs_y = 0},
    {.bitmap_index = 11725, .adv_w = 125, .box_w = 8, .box_h = 30, .ofs_x = -1, .ofs_y = -6},
    {.bitmap_index = 11845, .adv_w = 246, .box_w = 15, .box_h = 22, .ofs_x = 1, .ofs_y = 0},
    {.bitmap_index = 12010, .adv_w = 130, .box_w = 7, .box_h = 22, .ofs_x = 1, .ofs_y = 0},
    {.bitmap_index = 12087, .adv_w = 418, .box_w = 24, .box_h = 16, .ofs_x = 1, .ofs_y = 0},
    {.bitmap_index = 12279, .adv_w = 274, .box_w = 15, .box_h = 16, .ofs_x = 1, .ofs_y = 0},
    {.bitmap_index = 12399, .adv_w = 280, .box_w = 17, .box_h = 16, .ofs_x = 0, .ofs_y = 0},
    {.bitmap_index = 12535, .adv_w = 283, .box_w = 16, .box_h = 22, .ofs_x = 1, .ofs_y = -6},
    {.bitmap_index = 12711, .adv_w = 283, .box_w = 16, .box_h = 22, .ofs_x = 0, .ofs_y = -6},
    {.bitmap_index = 12887, .adv_w = 179, .box_w = 10, .box_h = 16, .ofs_x = 1, .ofs_y = 0},
    {.bitmap_index = 12967, .adv_w = 221, .box_w = 13, .box_h = 16, .ofs_x = 0, .ofs_y = 0},
    {.bitmap_index = 13071, .adv_w = 191, .box_w = 11, .box_h = 20, .ofs_x = 0, .ofs_y = 0},
    {.bitmap_index = 13181, .adv_w = 274, .box_w = 15, .box_h = 16, .ofs_x = 1, .ofs_y = 0},
    {.bitmap_index = 13301, .adv_w = 256, .box_w = 16, .box_h = 16, .ofs_x = 0, .ofs_y = 0},
    {.bitmap_index = 13429, .adv_w = 372, .box_w = 23, .box_h = 16, .ofs_x = 0, .ofs_y = 0},
    {.bitmap_index = 13613, .adv_w = 255, .box_w = 16, .box_h = 16, .ofs_x = 0, .ofs_y = 0},
    {.bitmap_index = 13741, .adv_w = 265, .box_w = 17, .box_h = 22, .ofs_x = 0, .ofs_y = -6},
    {.bitmap_index = 13928, .adv_w = 234, .box_w = 13, .box_h = 16, .ofs_x = 1, .ofs_y = 0},
    {.bitmap_index = 14032, .adv_w = 160, .box_w = 8, .box_h = 31, .ofs_x = 1, .ofs_y = -5},
    {.bitmap_index = 14156, .adv_w = 129, .box_w = 4, .box_h = 31, .ofs_x = 2, .ofs_y = -4},
    {.bitmap_index = 14218, .adv_w = 160, .box_w = 8, .box_h = 31, .ofs_x = 1, .ofs_y = -5},
    {.bitmap_index = 14342, .adv_w = 332, .box_w = 18, .box_h = 7, .ofs_x = 1, .ofs_y = 6},
    {.bitmap_index = 14405, .adv_w = 129, .box_w = 0, .box_h = 0, .ofs_x = 0, .ofs_y = 0},
    {.bitmap_index = 14405, .adv_w = 143, .box_w = 7, .box_h = 23, .ofs_x = 1, .ofs_y = -6},
    {.bitmap_index = 14486, .adv_w = 261, .box_w = 15, .box_h = 23, .ofs_x = 1, .ofs_y = 0},
    {.bitmap_index = 14659, .adv_w = 259, .box_w = 15, .box_h = 22, .ofs_x = 1, .ofs_y = 0},
    {.bitmap_index = 14824, .adv_w = 291, .box_w = 17, .box_h = 17, .ofs_x = 1, .ofs_y = 2},
    {.bitmap_index = 14969, .adv_w = 275, .box_w = 17, .box_h = 21, .ofs_x = 0, .ofs_y = 0},
    {.bitmap_index = 15148, .adv_w = 129, .box_w = 4, .box_h = 31, .ofs_x = 2, .ofs_y = -4},
    {.bitmap_index = 15210, .adv_w = 265, .box_w = 15, .box_h = 29, .ofs_x = 1, .ofs_y = -5},
    {.bitmap_index = 15428, .adv_w = 275, .box_w = 11, .box_h = 5, .ofs_x = 3, .ofs_y = 18},
    {.bitmap_index = 15456, .adv_w = 331, .box_w = 19, .box_h = 19, .ofs_x = 1, .ofs_y = 5},
    {.bitmap_index = 15637, .adv_w = 186, .box_w = 11, .box_h = 12, .ofs_x = 0, .ofs_y = 9},
    {.bitmap_index = 15703, .adv_w = 284, .box_w = 16, .box_h = 14, .ofs_x = 1, .ofs_y = 2},
    {.bitmap_index = 15815, .adv_w = 332, .box_w = 16, .box_h = 10, .ofs_x = 2, .ofs_y = 3},
    {.bitmap_index = 15895, .adv_w = 331, .box_w = 19, .box_h = 19, .ofs_x = 1, .ofs_y = 5},
    {.bitmap_index = 16076, .adv_w = 275, .box_w = 10, .box_h = 4, .ofs_x = 4, .ofs_y = 19},
    {.bitmap_index = 16096, .adv_w = 198, .box_w = 12, .box_h = 11, .ofs_x = 0, .ofs_y = 11},
    {.bitmap_index = 16162, .adv_w = 332, .box_w = 16, .box_h = 21, .ofs_x = 2, .ofs_y = 0},
    {.bitmap_index = 16330, .adv_w = 175, .box_w = 10, .box_h = 13, .ofs_x = 0, .ofs_y = 11},
    {.bitmap_index = 16395, .adv_w = 170, .box_w = 11, .box_h = 13, .ofs_x = 0, .ofs_y = 11},
    {.bitmap_index = 16467, .adv_w = 275, .box_w = 8, .box_h = 8, .ofs_x = 5, .ofs_y = 17},
    {.bitmap_index = 16499, .adv_w = 274, .box_w = 15, .box_h = 22, .ofs_x = 1, .ofs_y = -6},
    {.bitmap_index = 16664, .adv_w = 345, .box_w = 20, .box_h = 27, .ofs_x = 1, .ofs_y = -4},
    {.bitmap_index = 16934, .adv_w = 137, .box_w = 7, .box_h = 6, .ofs_x = 1, .ofs_y = 6},
    {.bitmap_index = 16955, .adv_w = 275, .box_w = 7, .box_h = 7, .ofs_x = 5, .ofs_y = -7},
    {.bitmap_index = 16980, .adv_w = 120, .box_w = 7, .box_h = 13, .ofs_x = 0, .ofs_y = 11},
    {.bitmap_index = 17026, .adv_w = 215, .box_w = 13, .box_h = 12, .ofs_x = 0, .ofs_y = 9},
    {.bitmap_index = 17104, .adv_w = 284, .box_w = 17, .box_h = 14, .ofs_x = 0, .ofs_y = 2},
    {.bitmap_index = 17223, .adv_w = 431, .box_w = 27, .box_h = 25, .ofs_x = 0, .ofs_y = -2},
    {.bitmap_index = 17561, .adv_w = 424, .box_w = 26, .box_h = 25, .ofs_x = 0, .ofs_y = -2},
    {.bitmap_index = 17886, .adv_w = 476, .box_w = 30, .box_h = 25, .ofs_x = 0, .ofs_y = -2},
    {.bitmap_index = 18261, .adv_w = 250, .box_w = 15, .box_h = 23, .ofs_x = 1, .ofs_y = -6},
    {.bitmap_index = 18434, .adv_w = 326, .box_w = 20, .box_h = 31, .ofs_x = 0, .ofs_y = 0},
    {.bitmap_index = 18744, .adv_w = 326, .box_w = 20, .box_h = 31, .ofs_x = 0, .ofs_y = 0},
    {.bitmap_index = 19054, .adv_w = 326, .box_w = 20, .box_h = 31, .ofs_x = 0, .ofs_y = 0},
    {.bitmap_index = 19364, .adv_w = 326, .box_w = 20, .box_h = 29, .ofs_x = 0, .ofs_y = 0},
    {.bitmap_index = 19654, .adv_w = 326, .box_w = 20, .box_h = 29, .ofs_x = 0, .ofs_y = 0},
    {.bitmap_index = 19944, .adv_w = 326, .box_w = 20, .box_h = 31, .ofs_x = 0, .ofs_y = 0},
    {.bitmap_index = 20254, .adv_w = 421, .box_w = 25, .box_h = 22, .ofs_x = 0, .ofs_y = 0},
    {.bitmap_index = 20529, .adv_w = 347, .box_w = 22, .box_h = 29, .ofs_x = 0, .ofs_y = -7},
    {.bitmap_index = 20848, .adv_w = 268, .box_w = 14, .box_h = 31, .ofs_x = 2, .ofs_y = 0},
    {.bitmap_index = 21065, .adv_w = 268, .box_w = 14, .box_h = 31, .ofs_x = 2, .ofs_y = 0},
    {.bitmap_index = 21282, .adv_w = 268, .box_w = 14, .box_h = 31, .ofs_x = 2, .ofs_y = 0},
    {.bitmap_index = 21499, .adv_w = 268, .box_w = 14, .box_h = 29, .ofs_x = 2, .ofs_y = 0},
    {.bitmap_index = 21702, .adv_w = 132, .box_w = 8, .box_h = 31, .ofs_x = -1, .ofs_y = 0},
    {.bitmap_index = 21826, .adv_w = 132, .box_w = 8, .box_h = 31, .ofs_x = 1, .ofs_y = 0},
    {.bitmap_index = 21950, .adv_w = 132, .box_w = 10, .box_h = 31, .ofs_x = -1, .ofs_y = 0},
    {.bitmap_index = 22105, .adv_w = 132, .box_w = 11, .box_h = 29, .ofs_x = -1, .ofs_y = 0},
    {.bitmap_index = 22265, .adv_w = 351, .box_w = 21, .box_h = 22, .ofs_x = 0, .ofs_y = 0},
    {.bitmap_index = 22496, .adv_w = 356, .box_w = 19, .box_h = 29, .ofs_x = 2, .ofs_y = 0},
    {.bitmap_index = 22772, .adv_w = 372, .box_w = 23, .box_h = 31, .ofs_x = 0, .ofs_y = 0},
    {.bitmap_index = 23129, .adv_w = 372, .box_w = 23, .box_h = 31, .ofs_x = 0, .ofs_y = 0},
    {.bitmap_index = 23486, .adv_w = 372, .box_w = 23, .box_h = 31, .ofs_x = 0, .ofs_y = 0},
    {.bitmap_index = 23843, .adv_w = 372, .box_w = 23, .box_h = 30, .ofs_x = 0, .ofs_y = 0},
    {.bitmap_index = 24188, .adv_w = 372, .box_w = 23, .box_h = 29, .ofs_x = 0, .ofs_y = 0},
    {.bitmap_index = 24522, .adv_w = 332, .box_w = 15, .box_h = 16, .ofs_x = 3, .ofs_y = 3},
    {.bitmap_index = 24642, .adv_w = 372, .box_w = 23, .box_h = 24, .ofs_x = 0, .ofs_y = -1},
    {.bitmap_index = 24918, .adv_w = 334, .box_w = 18, .box_h = 31, .ofs_x = 1, .ofs_y = 0},
    {.bitmap_index = 25197, .adv_w = 334, .box_w = 18, .box_h = 31, .ofs_x = 1, .ofs_y = 0},
    {.bitmap_index = 25476, .adv_w = 334, .box_w = 18, .box_h = 31, .ofs_x = 1, .ofs_y = 0},
    {.bitmap_index = 25755, .adv_w = 334, .box_w = 18, .box_h = 29, .ofs_x = 1, .ofs_y = 0},
    {.bitmap_index = 26016, .adv_w = 293, .box_w = 20, .box_h = 31, .ofs_x = -1, .ofs_y = 0},
    {.bitmap_index = 26326, .adv_w = 289, .box_w = 16, .box_h = 22, .ofs_x = 2, .ofs_y = 0},
    {.bitmap_index = 26502, .adv_w = 289, .box_w = 17, .box_h = 22, .ofs_x = 1, .ofs_y = 0},
    {.bitmap_index = 26689, .adv_w = 249, .box_w = 15, .box_h = 25, .ofs_x = 0, .ofs_y = 0},
    {.bitmap_index = 26877, .adv_w = 249, .box_w = 15, .box_h = 25, .ofs_x = 0, .ofs_y = 0},
    {.bitmap_index = 27065, .adv_w = 249, .box_w = 15, .box_h = 25, .ofs_x = 0, .ofs_y = 0},
    {.bitmap_index = 27253, .adv_w = 249, .box_w = 15, .box_h = 24, .ofs_x = 0, .ofs_y = 0},
    {.bitmap_index = 27433, .adv_w = 249, .box_w = 15, .box_h = 23, .ofs_x = 0, .ofs_y = 0},
    {.bitmap_index = 27606, .adv_w = 249, .box_w = 15, .box_h = 26, .ofs_x = 0, .ofs_y = 0},
    {.bitmap_index = 27801, .adv_w = 391, .box_w = 24, .box_h = 16, .ofs_x = 0, .ofs_y = 0},
    {.bitmap_index = 27993, .adv_w = 253, .box_w = 16, .box_h = 23, .ofs_x = 0, .ofs_y = -7},
    {.bitmap_index = 28177, .adv_w = 266, .box_w = 16, .box_h = 25, .ofs_x = 0, .ofs_y = 0},
    {.bitmap_index = 28377, .adv_w = 266, .box_w = 16, .box_h = 25, .ofs_x = 0, .ofs_y = 0},
    {.bitmap_index = 28577, .adv_w = 266, .box_w = 16, .box_h = 25, .ofs_x = 0, .ofs_y = 0},
    {.bitmap_index = 28777, .adv_w = 266, .box_w = 16, .box_h = 23, .ofs_x = 0, .ofs_y = 0},
    {.bitmap_index = 28961, .adv_w = 123, .box_w = 7, .box_h = 25, .ofs_x = -1, .ofs_y = 0},
    {.bitmap_index = 29049, .adv_w = 123, .box_w = 8, .box_h = 25, .ofs_x = 1, .ofs_y = 0},
    {.bitmap_index = 29149, .adv_w = 123, .box_w = 10, .box_h = 25, .ofs_x = -1, .ofs_y = 0},
    {.bitmap_index = 29274, .adv_w = 123, .box_w = 11, .box_h = 23, .ofs_x = -2, .ofs_y = 0},
    {.bitmap_index = 29401, .adv_w = 277, .box_w = 16, .box_h = 24, .ofs_x = 1, .ofs_y = 0},
    {.bitmap_index = 29593, .adv_w = 274, .box_w = 15, .box_h = 23, .ofs_x = 1, .ofs_y = 0},
    {.bitmap_index = 29766, .adv_w = 280, .box_w = 17, .box_h = 25, .ofs_x = 0, .ofs_y = 0},
    {.bitmap_index = 29979, .adv_w = 280, .box_w = 17, .box_h = 25, .ofs_x = 0, .ofs_y = 0},
    {.bitmap_index = 30192, .adv_w = 280, .box_w = 17, .box_h = 25, .ofs_x = 0, .ofs_y = 0},
    {.bitmap_index = 30405, .adv_w = 280, .box_w = 17, .box_h = 24, .ofs_x = 0, .ofs_y = 0},
    {.bitmap_index = 30609, .adv_w = 280, .box_w = 17, .box_h = 23, .ofs_x = 0, .ofs_y = 0},
    {.bitmap_index = 30805, .adv_w = 332, .box_w = 17, .box_h = 18, .ofs_x = 2, .ofs_y = 2},
    {.bitmap_index = 30958, .adv_w = 286, .box_w = 16, .box_h = 18, .ofs_x = 1, .ofs_y = -1},
    {.bitmap_index = 31102, .adv_w = 274, .box_w = 15, .box_h = 25, .ofs_x = 1, .ofs_y = 0},
    {.bitmap_index = 31290, .adv_w = 274, .box_w = 15, .box_h = 25, .ofs_x = 1, .ofs_y = 0},
    {.bitmap_index = 31478, .adv_w = 274, .box_w = 15, .box_h = 25, .ofs_x = 1, .ofs_y = 0},
    {.bitmap_index = 31666, .adv_w = 274, .box_w = 15, .box_h = 23, .ofs_x = 1, .ofs_y = 0},
    {.bitmap_index = 31839, .adv_w = 265, .box_w = 17, .box_h = 31, .ofs_x = 0, .ofs_y = -6},
    {.bitmap_index = 32103, .adv_w = 283, .box_w = 16, .box_h = 28, .ofs_x = 1, .ofs_y = -6},
    {.bitmap_index = 32327, .adv_w = 265, .box_w = 17, .box_h = 29, .ofs_x = 0, .ofs_y = -6},
    {.bitmap_index = 32574, .adv_w = 372, .box_w = 23, .box_h = 31, .ofs_x = 0, .ofs_y = 0},
    {.bitmap_index = 32931, .adv_w = 280, .box_w = 17, .box_h = 25, .ofs_x = 0, .ofs_y = 0},
    {.bitmap_index = 33144, .adv_w = 248, .box_w = 0, .box_h = 0, .ofs_x = 0, .ofs_y = 0},
    {.bitmap_index = 33144, .adv_w = 496, .box_w = 0, .box_h = 0, .ofs_x = 0, .ofs_y = 0},
    {.bitmap_index = 33144, .adv_w = 248, .box_w = 0, .box_h = 0, .ofs_x = 0, .ofs_y = 0},
    {.bitmap_index = 33144, .adv_w = 496, .box_w = 0, .box_h = 0, .ofs_x = 0, .ofs_y = 0},
    {.bitmap_index = 33144, .adv_w = 165, .box_w = 0, .box_h = 0, .ofs_x = 0, .ofs_y = 0},
    {.bitmap_index = 33144, .adv_w = 124, .box_w = 0, .box_h = 0, .ofs_x = 0, .ofs_y = 0},
    {.bitmap_index = 33144, .adv_w = 83, .box_w = 0, .box_h = 0, .ofs_x = 0, .ofs_y = 0},
    {.bitmap_index = 33144, .adv_w = 275, .box_w = 0, .box_h = 0, .ofs_x = 0, .ofs_y = 0},
    {.bitmap_index = 33144, .adv_w = 137, .box_w = 0, .box_h = 0, .ofs_x = 0, .ofs_y = 0},
    {.bitmap_index = 33144, .adv_w = 99, .box_w = 0, .box_h = 0, .ofs_x = 0, .ofs_y = 0},
    {.bitmap_index = 33144, .adv_w = 71, .box_w = 0, .box_h = 0, .ofs_x = 0, .ofs_y = 0},
    {.bitmap_index = 33144, .adv_w = 0, .box_w = 0, .box_h = 0, .ofs_x = 0, .ofs_y = 0},
    {.bitmap_index = 33144, .adv_w = 0, .box_w = 0, .box_h = 0, .ofs_x = 0, .ofs_y = 0},
    {.bitmap_index = 33144, .adv_w = 283, .box_w = 18, .box_h = 4, .ofs_x = 0, .ofs_y = 7},
    {.bitmap_index = 33180, .adv_w = 487, .box_w = 30, .box_h = 4, .ofs_x = 0, .ofs_y = 7},
    {.bitmap_index = 33240, .adv_w = 112, .box_w = 7, .box_h = 11, .ofs_x = 0, .ofs_y = 12},
    {.bitmap_index = 33279, .adv_w = 112, .box_w = 7, .box_h = 11, .ofs_x = 0, .ofs_y = 11},
    {.bitmap_index = 33318, .adv_w = 112, .box_w = 7, .box_h = 11, .ofs_x = 0, .ofs_y = -7},
    {.bitmap_index = 33357, .adv_w = 225, .box_w = 14, .box_h = 11, .ofs_x = 0, .ofs_y = 12},
    {.bitmap_index = 33434, .adv_w = 224, .box_w = 14, .box_h = 11, .ofs_x = 0, .ofs_y = 11},
    {.bitmap_index = 33511, .adv_w = 225, .box_w = 14, .box_h = 11, .ofs_x = 0, .ofs_y = -7},
    {.bitmap_index = 33588, .adv_w = 186, .box_w = 10, .box_h = 9, .ofs_x = 1, .ofs_y = 5},
    {.bitmap_index = 33633, .adv_w = 398, .box_w = 23, .box_h = 6, .ofs_x = 1, .ofs_y = 0},
    {.bitmap_index = 33702, .adv_w = 103, .box_w = 0, .box_h = 0, .ofs_x = 0, .ofs_y = 0},
    {.bitmap_index = 33702, .adv_w = 535, .box_w = 34, .box_h = 23, .ofs_x = 0, .ofs_y = -1},
    {.bitmap_index = 34093, .adv_w = 172, .box_w = 9, .box_h = 14, .ofs_x = 1, .ofs_y = 2},
    {.bitmap_index = 34156, .adv_w = 172, .box_w = 10, .box_h = 14, .ofs_x = 0, .ofs_y = 2},
    {.bitmap_index = 34226, .adv_w = 130, .box_w = 18, .box_h = 25, .ofs_x = -5, .ofs_y = -2},
    {.bitmap_index = 34451, .adv_w = 110, .box_w = 0, .box_h = 0, .ofs_x = 0, .ofs_y = 0},
    {.bitmap_index = 34451, .adv_w = 314, .box_w = 19, .box_h = 22, .ofs_x = 1, .ofs_y = 0}
};

/*---------------------
 *  CHARACTER MAPPING
 *--------------------*/

static const uint16_t unicode_list_3[] = {
    0x00, 0x01, 0x1eb0, 0x1eb1, 0x1eb2, 0x1eb3, 0x1eb4, 0x1eb5,
    0x1eb6, 0x1eb7, 0x1eb8, 0x1eb9, 0x1eba, 0x1ebb, 0x1ebc, 0x1ec3,
    0x1ec4, 0x1ec8, 0x1ec9, 0x1eca, 0x1ecc, 0x1ecd, 0x1ece, 0x1ed2,
    0x1ed6, 0x1edf, 0x1ee0, 0x1ee9, 0x1eea, 0x1ef4, 0x1f0f, 0x1f5c
};

/*Collect the unicode lists and glyph_id offsets*/
static const lv_font_fmt_txt_cmap_t cmaps[] =
{
    {
        .range_start = 32, .range_length = 95, .glyph_id_start = 1,
        .unicode_list = NULL, .glyph_id_ofs_list = NULL, .list_length = 0, .type = LV_FONT_FMT_TXT_CMAP_FORMAT0_TINY
    },
    {
        .range_start = 160, .range_length = 13, .glyph_id_start = 96,
        .unicode_list = NULL, .glyph_id_ofs_list = NULL, .list_length = 0, .type = LV_FONT_FMT_TXT_CMAP_FORMAT0_TINY
    },
    {
        .range_start = 174, .range_length = 82, .glyph_id_start = 109,
        .unicode_list = NULL, .glyph_id_ofs_list = NULL, .list_length = 0, .type = LV_FONT_FMT_TXT_CMAP_FORMAT0_TINY
    },
    {
        .range_start = 336, .range_length = 8029, .glyph_id_start = 191,
        .unicode_list = unicode_list_3, .glyph_id_ofs_list = NULL, .list_length = 32, .type = LV_FONT_FMT_TXT_CMAP_SPARSE_TINY
    }
};



/*--------------------
 *  ALL CUSTOM DATA
 *--------------------*/

#if LVGL_VERSION_MAJOR == 8
/*Store all the custom data of the font*/
static  lv_font_fmt_txt_glyph_cache_t cache;
#endif

#if LVGL_VERSION_MAJOR >= 8
static const lv_font_fmt_txt_dsc_t font_dsc = {
#else
static lv_font_fmt_txt_dsc_t font_dsc = {
#endif
    .glyph_bitmap = glyph_bitmap,
    .glyph_dsc = glyph_dsc,
    .cmaps = cmaps,
    .kern_dsc = NULL,
    .kern_scale = 0,
    .cmap_num = 4,
    .bpp = 4,
    .kern_classes = 0,
    .bitmap_format = 0,
#if LVGL_VERSION_MAJOR == 8
    .cache = &cache
#endif

};



/*-----------------
 *  PUBLIC FONT
 *----------------*/

/*Initialize a public general font descriptor*/
#if LVGL_VERSION_MAJOR >= 8
const lv_font_t font_gabarito_semibold_30_719999313354492_data = {
#else
lv_font_t font_gabarito_semibold_30_719999313354492_data = {
#endif
    .get_glyph_dsc = lv_font_get_glyph_dsc_fmt_txt,    /*Function pointer to get glyph's data*/
    .get_glyph_bitmap = lv_font_get_bitmap_fmt_txt,    /*Function pointer to get glyph's bitmap*/
    .line_height = 38,          /*The maximum line height required by the font*/
    .base_line = 7,             /*Baseline measured from the bottom of the line*/
#if LV_VERSION_CHECK(9, 6, 0) || LVGL_VERSION_MAJOR >= 10
    .cap_height = 21,           /*Cap height of the font*/
    .x_height = 15,               /*x-height of the font*/
#endif
#if !(LVGL_VERSION_MAJOR == 6 && LVGL_VERSION_MINOR == 0)
    .subpx = LV_FONT_SUBPX_NONE,
#endif
#if LV_VERSION_CHECK(7, 4, 0) || LVGL_VERSION_MAJOR >= 8
    .underline_position = -6,
    .underline_thickness = 2,
#endif

#if LV_VERSION_CHECK(9, 3, 0)
    .static_bitmap = 1,    /*Bitmaps are stored as const so they are always static if not compressed */
#endif

    .dsc = &font_dsc,          /*The custom font data. Will be accessed by `get_glyph_bitmap/dsc` */
#if LV_VERSION_CHECK(8, 2, 0) || LVGL_VERSION_MAJOR >= 9
    .fallback = NULL,
#endif
    .user_data = NULL,
};



#endif /*#if FONT_GABARITO_SEMIBOLD_30_719999313354492_DATA*/
