/*******************************************************************************
 * Size: 20 px
 * Bpp: 4
 * Opts: --font /fonts/Inter-Regular.ttf -o /fonts/font_inter_regular_20_data.c --size 20 --bpp 4 --format lvgl --no-compress --symbols ·ÁÃÄÇÈÉÍÓÖÚÜßàáâãäçèéêíîñóõöúûüŐő–• --range 0x20-0x7F, 0xA0-0xFF, 0x0100-0x017F, 0x2000-0x206F
 ******************************************************************************/

#ifdef __has_include
    #if __has_include("lvgl.h")
        #ifndef LV_LVGL_H_INCLUDE_SIMPLE
            #define LV_LVGL_H_INCLUDE_SIMPLE
        #endif
    #endif
#endif

#ifdef LV_LVGL_H_INCLUDE_SIMPLE
    #include "lvgl.h"
#else
    #include "lvgl/lvgl.h"
#endif



#ifndef FONT_INTER_REGULAR_20_DATA
#define FONT_INTER_REGULAR_20_DATA 1
#endif

#if FONT_INTER_REGULAR_20_DATA

/*-----------------
 *    BITMAPS
 *----------------*/

/*Store the image of the glyphs*/
static LV_ATTRIBUTE_LARGE_CONST const uint8_t glyph_bitmap[] = {
    /* U+0020 " " */

    /* U+0021 "!" */
    0x1f, 0xd0, 0x1f, 0xd0, 0x1f, 0xd0, 0x1f, 0xd0,
    0x1f, 0xc0, 0x0f, 0xc0, 0x0f, 0xc0, 0x0f, 0xc0,
    0x0f, 0xc0, 0x0d, 0x90, 0x00, 0x00, 0x08, 0x60,
    0x5f, 0xf1, 0x2e, 0xc0,

    /* U+0022 "\"" */
    0xee, 0x09, 0xf3, 0xee, 0x09, 0xf3, 0xdd, 0x08,
    0xf2, 0xdd, 0x07, 0xf2, 0xcc, 0x07, 0xf1, 0x55,
    0x03, 0x80,

    /* U+0023 "#" */
    0x00, 0x00, 0xd9, 0x00, 0x0b, 0xb0, 0x00, 0x00,
    0x0f, 0x70, 0x00, 0xe9, 0x00, 0x00, 0x03, 0xf4,
    0x00, 0x1f, 0x60, 0x00, 0xaf, 0xff, 0xff, 0xff,
    0xff, 0xf3, 0x05, 0x7f, 0xf7, 0x77, 0xef, 0x87,
    0x00, 0x00, 0xbc, 0x00, 0x09, 0xe0, 0x00, 0x00,
    0x0e, 0x90, 0x00, 0xcb, 0x00, 0x00, 0x00, 0xf6,
    0x00, 0x0f, 0x80, 0x00, 0x02, 0x5f, 0x62, 0x24,
    0xf8, 0x21, 0x08, 0xff, 0xff, 0xff, 0xff, 0xff,
    0x50, 0x35, 0xef, 0x55, 0x5c, 0xf5, 0x51, 0x00,
    0x0b, 0xc0, 0x00, 0xad, 0x00, 0x00, 0x00, 0xe9,
    0x00, 0x0c, 0xb0, 0x00, 0x00, 0x1f, 0x60, 0x00,
    0xf8, 0x00, 0x00,

    /* U+0024 "$" */
    0x00, 0x00, 0x2f, 0x00, 0x00, 0x00, 0x00, 0x02,
    0xf0, 0x00, 0x00, 0x00, 0x00, 0x2f, 0x00, 0x00,
    0x00, 0x04, 0xaf, 0xfe, 0xb4, 0x00, 0x07, 0xff,
    0xef, 0xcf, 0xf8, 0x02, 0xfd, 0x12, 0xf0, 0x2d,
    0xf3, 0x6f, 0x60, 0x2f, 0x00, 0x4a, 0x45, 0xf8,
    0x02, 0xf0, 0x00, 0x00, 0x0d, 0xfa, 0x5f, 0x00,
    0x00, 0x00, 0x19, 0xff, 0xfa, 0x50, 0x00, 0x00,
    0x01, 0x8f, 0xef, 0xe4, 0x00, 0x00, 0x02, 0xf0,
    0x4d, 0xf3, 0x00, 0x00, 0x2f, 0x00, 0x3f, 0x9a,
    0xd1, 0x02, 0xf0, 0x03, 0xfa, 0x7f, 0xb1, 0x2f,
    0x02, 0xdf, 0x50, 0xcf, 0xff, 0xfc, 0xff, 0xa0,
    0x00, 0x6c, 0xff, 0xeb, 0x50, 0x00, 0x00, 0x02,
    0xf0, 0x00, 0x00, 0x00, 0x00, 0x2f, 0x00, 0x00,
    0x00,

    /* U+0025 "%" */
    0x09, 0xef, 0xb2, 0x00, 0x00, 0x06, 0xf3, 0x00,
    0x8f, 0x65, 0xec, 0x00, 0x00, 0x2f, 0x80, 0x00,
    0xbb, 0x00, 0x8f, 0x00, 0x00, 0xcc, 0x00, 0x00,
    0xae, 0x21, 0xcd, 0x00, 0x08, 0xf2, 0x00, 0x00,
    0x2d, 0xff, 0xe4, 0x00, 0x4f, 0x60, 0x00, 0x00,
    0x00, 0x23, 0x00, 0x01, 0xea, 0x00, 0x00, 0x00,
    0x00, 0x00, 0x00, 0x0b, 0xe1, 0x00, 0x00, 0x00,
    0x00, 0x00, 0x00, 0x6f, 0x30, 0x3d, 0xfd, 0x40,
    0x00, 0x00, 0x02, 0xf8, 0x00, 0xec, 0x4b, 0xf1,
    0x00, 0x00, 0x0c, 0xc0, 0x03, 0xf4, 0x02, 0xf5,
    0x00, 0x00, 0x8f, 0x20, 0x04, 0xf3, 0x01, 0xf6,
    0x00, 0x04, 0xf6, 0x00, 0x03, 0xf4, 0x03, 0xf5,
    0x00, 0x1e, 0xa0, 0x00, 0x00, 0xec, 0x5b, 0xe0,
    0x00, 0xbe, 0x10, 0x00, 0x00, 0x3c, 0xfd, 0x30,

    /* U+0026 "&" */
    0x00, 0x5c, 0xfe, 0x91, 0x00, 0x00, 0x04, 0xfe,
    0x9a, 0xfd, 0x00, 0x00, 0x0b, 0xf2, 0x00, 0x9f,
    0x30, 0x00, 0x0c, 0xf0, 0x00, 0x9f, 0x20, 0x00,
    0x08, 0xf7, 0x05, 0xfb, 0x00, 0x00, 0x00, 0xdf,
    0xdf, 0xc1, 0x00, 0x00, 0x00, 0x6f, 0xfa, 0x00,
    0x00, 0x00, 0x07, 0xff, 0xfd, 0x10, 0x09, 0x60,
    0x6f, 0xb0, 0x5f, 0xc0, 0x1f, 0xa0, 0xdf, 0x00,
    0x07, 0xfa, 0x6f, 0x60, 0xfd, 0x00, 0x00, 0x9f,
    0xff, 0x10, 0xbf, 0x40, 0x00, 0x1f, 0xfc, 0x00,
    0x2f, 0xfa, 0x8a, 0xff, 0xff, 0x40, 0x02, 0x9e,
    0xfe, 0xb4, 0x1e, 0xf2,

    /* U+0027 "'" */
    0xee, 0xee, 0xdd, 0xdd, 0xcc, 0x55,

    /* U+0028 "(" */
    0x00, 0x9f, 0x20, 0x2f, 0xb0, 0x08, 0xf5, 0x00,
    0xdf, 0x00, 0x1f, 0xb0, 0x06, 0xf7, 0x00, 0x9f,
    0x30, 0x0b, 0xf0, 0x00, 0xdf, 0x00, 0x0d, 0xf0,
    0x00, 0xcf, 0x00, 0x0b, 0xf1, 0x00, 0x8f, 0x40,
    0x04, 0xf8, 0x00, 0x0e, 0xd0, 0x00, 0x9f, 0x30,
    0x02, 0xfa, 0x00, 0x09, 0xf2,

    /* U+0029 ")" */
    0x0d, 0xe0, 0x00, 0x07, 0xf6, 0x00, 0x01, 0xfc,
    0x00, 0x00, 0xaf, 0x10, 0x00, 0x5f, 0x60, 0x00,
    0x1f, 0xa0, 0x00, 0x0e, 0xe0, 0x00, 0x0c, 0xf0,
    0x00, 0x0a, 0xf1, 0x00, 0x0a, 0xf2, 0x00, 0x0b,
    0xf1, 0x00, 0x0d, 0xf0, 0x00, 0x0f, 0xc0, 0x00,
    0x4f, 0x90, 0x00, 0x9f, 0x30, 0x00, 0xed, 0x00,
    0x05, 0xf6, 0x00, 0x0d, 0xe0, 0x00,

    /* U+002A "*" */
    0x00, 0x0a, 0xb0, 0x00, 0x32, 0x0a, 0xa0, 0x23,
    0xaf, 0x89, 0xa7, 0xfa, 0x05, 0xdf, 0xfe, 0x60,
    0x03, 0xbf, 0xfc, 0x30, 0x9f, 0xaa, 0xba, 0xf9,
    0x44, 0x09, 0xa0, 0x44, 0x00, 0x0a, 0xb0, 0x00,
    0x00, 0x01, 0x10, 0x00,

    /* U+002B "+" */
    0x00, 0x00, 0x18, 0x30, 0x00, 0x00, 0x00, 0x03,
    0xf7, 0x00, 0x00, 0x00, 0x00, 0x3f, 0x70, 0x00,
    0x00, 0x00, 0x03, 0xf7, 0x00, 0x00, 0x08, 0x88,
    0xcf, 0xf8, 0x88, 0x21, 0xff, 0xff, 0xff, 0xff,
    0xf5, 0x00, 0x00, 0x3f, 0x70, 0x00, 0x00, 0x00,
    0x03, 0xf7, 0x00, 0x00, 0x00, 0x00, 0x3f, 0x70,
    0x00, 0x00, 0x00, 0x03, 0xf7, 0x00, 0x00,

    /* U+002C "," */
    0x07, 0x70, 0x0f, 0xd0, 0x3f, 0x90, 0x5f, 0x40,
    0x8f, 0x00, 0xab, 0x00,

    /* U+002D "-" */
    0x59, 0x99, 0x99, 0x79, 0xff, 0xff, 0xfc,

    /* U+002E "." */
    0x08, 0x60, 0x6f, 0xf2, 0x2e, 0xc0,

    /* U+002F "/" */
    0x00, 0x00, 0x07, 0x50, 0x00, 0x02, 0xf7, 0x00,
    0x00, 0x6f, 0x30, 0x00, 0x0a, 0xf0, 0x00, 0x00,
    0xeb, 0x00, 0x00, 0x3f, 0x60, 0x00, 0x07, 0xf2,
    0x00, 0x00, 0xbe, 0x00, 0x00, 0x0f, 0x90, 0x00,
    0x04, 0xf5, 0x00, 0x00, 0x8f, 0x10, 0x00, 0x0c,
    0xd0, 0x00, 0x01, 0xf8, 0x00, 0x00, 0x5f, 0x40,
    0x00, 0x09, 0xf0, 0x00, 0x00, 0xeb, 0x00, 0x00,
    0x2f, 0x70, 0x00, 0x06, 0xf3, 0x00, 0x00,

    /* U+0030 "0" */
    0x00, 0x29, 0xef, 0xd7, 0x00, 0x00, 0x2e, 0xfc,
    0xad, 0xfb, 0x00, 0x0c, 0xf5, 0x00, 0x0a, 0xf6,
    0x04, 0xfa, 0x00, 0x00, 0x1f, 0xd0, 0x8f, 0x40,
    0x00, 0x00, 0xaf, 0x2b, 0xf1, 0x00, 0x00, 0x07,
    0xf4, 0xcf, 0x00, 0x00, 0x00, 0x6f, 0x6c, 0xf0,
    0x00, 0x00, 0x06, 0xf6, 0xbf, 0x10, 0x00, 0x00,
    0x7f, 0x48, 0xf4, 0x00, 0x00, 0x0a, 0xf2, 0x4f,
    0xa0, 0x00, 0x01, 0xfe, 0x00, 0xdf, 0x50, 0x00,
    0xaf, 0x70, 0x03, 0xef, 0xca, 0xef, 0xb0, 0x00,
    0x02, 0xae, 0xfd, 0x70, 0x00,

    /* U+0031 "1" */
    0x00, 0x09, 0xff, 0x60, 0x2d, 0xfe, 0xf6, 0x0f,
    0xe5, 0x7f, 0x61, 0xb1, 0x07, 0xf6, 0x00, 0x00,
    0x7f, 0x60, 0x00, 0x07, 0xf6, 0x00, 0x00, 0x7f,
    0x60, 0x00, 0x07, 0xf6, 0x00, 0x00, 0x7f, 0x60,
    0x00, 0x07, 0xf6, 0x00, 0x00, 0x7f, 0x60, 0x00,
    0x07, 0xf6, 0x00, 0x00, 0x7f, 0x60, 0x00, 0x07,
    0xf6,

    /* U+0032 "2" */
    0x00, 0x4b, 0xff, 0xc6, 0x00, 0x07, 0xfe, 0xaa,
    0xef, 0x90, 0x1f, 0xd1, 0x00, 0x0c, 0xf3, 0x5f,
    0x60, 0x00, 0x04, 0xf7, 0x12, 0x00, 0x00, 0x05,
    0xf7, 0x00, 0x00, 0x00, 0x0b, 0xf2, 0x00, 0x00,
    0x00, 0x8f, 0x80, 0x00, 0x00, 0x06, 0xfb, 0x00,
    0x00, 0x00, 0x6f, 0xc0, 0x00, 0x00, 0x06, 0xfc,
    0x00, 0x00, 0x00, 0x6f, 0xc1, 0x00, 0x00, 0x05,
    0xfc, 0x10, 0x00, 0x00, 0x4f, 0xfc, 0xbb, 0xbb,
    0xb8, 0x8f, 0xff, 0xff, 0xff, 0xfc,

    /* U+0033 "3" */
    0x00, 0x5b, 0xef, 0xd8, 0x10, 0x00, 0xaf, 0xeb,
    0xad, 0xfd, 0x10, 0x4f, 0xb1, 0x00, 0x08, 0xf7,
    0x02, 0x52, 0x00, 0x00, 0x3f, 0x90, 0x00, 0x00,
    0x00, 0x09, 0xf5, 0x00, 0x00, 0x29, 0xbe, 0xf7,
    0x00, 0x00, 0x03, 0xff, 0xfc, 0x40, 0x00, 0x00,
    0x00, 0x04, 0xdf, 0x60, 0x00, 0x00, 0x00, 0x01,
    0xfe, 0x00, 0x00, 0x00, 0x00, 0x0b, 0xf1, 0xaf,
    0x30, 0x00, 0x00, 0xdf, 0x06, 0xfc, 0x10, 0x00,
    0x7f, 0xb0, 0x0b, 0xfe, 0xaa, 0xdf, 0xe1, 0x00,
    0x06, 0xcf, 0xfd, 0x81, 0x00,

    /* U+0034 "4" */
    0x00, 0x00, 0x00, 0xcf, 0xc0, 0x00, 0x00, 0x00,
    0x7f, 0xfc, 0x00, 0x00, 0x00, 0x2f, 0xcf, 0xc0,
    0x00, 0x00, 0x0c, 0xf2, 0xfc, 0x00, 0x00, 0x07,
    0xf6, 0x0f, 0xc0, 0x00, 0x02, 0xfb, 0x00, 0xfc,
    0x00, 0x00, 0xcf, 0x10, 0x0f, 0xc0, 0x00, 0x7f,
    0x60, 0x00, 0xfc, 0x00, 0x3f, 0xb0, 0x00, 0x0f,
    0xc0, 0x0b, 0xfc, 0xbb, 0xbb, 0xff, 0xb8, 0xdf,
    0xff, 0xff, 0xff, 0xff, 0xc0, 0x00, 0x00, 0x00,
    0xfc, 0x00, 0x00, 0x00, 0x00, 0x0f, 0xc0, 0x00,
    0x00, 0x00, 0x00, 0xfc, 0x00,

    /* U+0035 "5" */
    0x0b, 0xff, 0xff, 0xff, 0xf0, 0x0d, 0xfa, 0xaa,
    0xaa, 0x90, 0x0f, 0xc0, 0x00, 0x00, 0x00, 0x2f,
    0xa0, 0x00, 0x00, 0x00, 0x4f, 0x84, 0x89, 0x60,
    0x00, 0x6f, 0xff, 0xff, 0xfe, 0x20, 0x4a, 0x93,
    0x02, 0x9f, 0xd0, 0x00, 0x00, 0x00, 0x0a, 0xf6,
    0x00, 0x00, 0x00, 0x03, 0xf9, 0x00, 0x00, 0x00,
    0x02, 0xfa, 0x8d, 0x20, 0x00, 0x06, 0xf7, 0x6f,
    0xb0, 0x00, 0x2e, 0xf1, 0x0b, 0xfe, 0xab, 0xff,
    0x60, 0x00, 0x7d, 0xfe, 0xb3, 0x00,

    /* U+0036 "6" */
    0x00, 0x18, 0xdf, 0xea, 0x20, 0x00, 0x1d, 0xfc,
    0xac, 0xff, 0x30, 0x0b, 0xf5, 0x00, 0x04, 0xfc,
    0x02, 0xf8, 0x00, 0x00, 0x04, 0x50, 0x7f, 0x20,
    0x68, 0x72, 0x00, 0x0a, 0xf4, 0xef, 0xff, 0xf8,
    0x00, 0xcf, 0xeb, 0x20, 0x4d, 0xf6, 0x0c, 0xfc,
    0x00, 0x00, 0x1f, 0xe0, 0xcf, 0x50, 0x00, 0x00,
    0xaf, 0x2a, 0xf4, 0x00, 0x00, 0x09, 0xf2, 0x6f,
    0x80, 0x00, 0x00, 0xdf, 0x00, 0xef, 0x40, 0x00,
    0x9f, 0x90, 0x04, 0xff, 0xca, 0xdf, 0xd1, 0x00,
    0x03, 0xae, 0xfd, 0x80, 0x00,

    /* U+0037 "7" */
    0x0f, 0xff, 0xff, 0xff, 0xff, 0x50, 0xbb, 0xbb,
    0xbb, 0xbe, 0xf5, 0x00, 0x00, 0x00, 0x01, 0xfe,
    0x00, 0x00, 0x00, 0x00, 0x8f, 0x60, 0x00, 0x00,
    0x00, 0x1f, 0xd0, 0x00, 0x00, 0x00, 0x09, 0xf5,
    0x00, 0x00, 0x00, 0x02, 0xfd, 0x00, 0x00, 0x00,
    0x00, 0xaf, 0x50, 0x00, 0x00, 0x00, 0x2f, 0xc0,
    0x00, 0x00, 0x00, 0x0a, 0xf4, 0x00, 0x00, 0x00,
    0x03, 0xfb, 0x00, 0x00, 0x00, 0x00, 0xbf, 0x30,
    0x00, 0x00, 0x00, 0x4f, 0xb0, 0x00, 0x00, 0x00,
    0x0c, 0xf2, 0x00, 0x00, 0x00,

    /* U+0038 "8" */
    0x00, 0x5b, 0xef, 0xd8, 0x00, 0x00, 0x8f, 0xeb,
    0xad, 0xfd, 0x00, 0x1f, 0xd1, 0x00, 0x08, 0xf7,
    0x03, 0xf8, 0x00, 0x00, 0x3f, 0x90, 0x0e, 0xd0,
    0x00, 0x09, 0xf5, 0x00, 0x4e, 0xea, 0x9d, 0xf8,
    0x00, 0x02, 0xaf, 0xff, 0xfd, 0x50, 0x01, 0xef,
    0x61, 0x04, 0xdf, 0x50, 0x8f, 0x60, 0x00, 0x01,
    0xfe, 0x0c, 0xf0, 0x00, 0x00, 0x0b, 0xf2, 0xbf,
    0x20, 0x00, 0x00, 0xcf, 0x16, 0xfb, 0x00, 0x00,
    0x6f, 0xc0, 0x0b, 0xfe, 0xa9, 0xcf, 0xe2, 0x00,
    0x06, 0xcf, 0xfd, 0x81, 0x00,

    /* U+0039 "9" */
    0x00, 0x5c, 0xef, 0xc6, 0x00, 0x00, 0x9f, 0xfb,
    0xae, 0xfa, 0x00, 0x5f, 0xc1, 0x00, 0x0a, 0xf5,
    0x0b, 0xf3, 0x00, 0x00, 0x0f, 0xc0, 0xcf, 0x00,
    0x00, 0x00, 0xdf, 0x09, 0xf5, 0x00, 0x00, 0x3f,
    0xf2, 0x3f, 0xf6, 0x11, 0x5e, 0xff, 0x30, 0x5f,
    0xff, 0xff, 0x99, 0xf2, 0x00, 0x16, 0x97, 0x30,
    0xaf, 0x10, 0x00, 0x00, 0x00, 0x0e, 0xd0, 0x9f,
    0x50, 0x00, 0x04, 0xf8, 0x03, 0xfd, 0x10, 0x02,
    0xef, 0x20, 0x08, 0xfe, 0xbb, 0xff, 0x60, 0x00,
    0x05, 0xcf, 0xfb, 0x40, 0x00,

    /* U+003A ":" */
    0x08, 0x60, 0x5f, 0xf2, 0x2e, 0xc0, 0x00, 0x00,
    0x00, 0x00, 0x00, 0x00, 0x00, 0x00, 0x00, 0x00,
    0x08, 0x60, 0x6f, 0xf2, 0x2e, 0xc0,

    /* U+003B ";" */
    0x0c, 0xe2, 0x1f, 0xf6, 0x05, 0x80, 0x00, 0x00,
    0x00, 0x00, 0x00, 0x00, 0x00, 0x00, 0x00, 0x00,
    0x07, 0x70, 0x0f, 0xd0, 0x3f, 0x90, 0x5f, 0x40,
    0x8f, 0x00, 0xab, 0x00,

    /* U+003C "<" */
    0x00, 0x00, 0x00, 0x00, 0x29, 0x00, 0x00, 0x00,
    0x2a, 0xfe, 0x00, 0x00, 0x2a, 0xff, 0xa3, 0x00,
    0x2a, 0xff, 0xa2, 0x00, 0x1a, 0xff, 0x91, 0x00,
    0x00, 0x4f, 0xf6, 0x00, 0x00, 0x00, 0x05, 0xdf,
    0xd6, 0x00, 0x00, 0x00, 0x05, 0xdf, 0xe7, 0x00,
    0x00, 0x00, 0x05, 0xdf, 0xe7, 0x00, 0x00, 0x00,
    0x05, 0xde, 0x00, 0x00, 0x00, 0x00, 0x05,

    /* U+003D "=" */
    0xcf, 0xff, 0xff, 0xff, 0xf0, 0x79, 0x99, 0x99,
    0x99, 0x90, 0x00, 0x00, 0x00, 0x00, 0x00, 0x00,
    0x00, 0x00, 0x00, 0x00, 0x79, 0x99, 0x99, 0x99,
    0x90, 0xcf, 0xff, 0xff, 0xff, 0xf0,

    /* U+003E ">" */
    0x74, 0x00, 0x00, 0x00, 0x00, 0xbf, 0xc4, 0x00,
    0x00, 0x00, 0x19, 0xff, 0xc4, 0x00, 0x00, 0x00,
    0x18, 0xef, 0xc4, 0x00, 0x00, 0x00, 0x07, 0xef,
    0xc3, 0x00, 0x00, 0x00, 0x4e, 0xf8, 0x00, 0x00,
    0x4c, 0xfe, 0x70, 0x00, 0x5c, 0xfe, 0x70, 0x00,
    0x5d, 0xfe, 0x70, 0x00, 0x00, 0xbe, 0x70, 0x00,
    0x00, 0x00, 0x40, 0x00, 0x00, 0x00, 0x00,

    /* U+003F "?" */
    0x00, 0x4b, 0xff, 0xc5, 0x00, 0x06, 0xff, 0xaa,
    0xef, 0x70, 0x0e, 0xf2, 0x00, 0x1d, 0xf0, 0x1a,
    0x70, 0x00, 0x09, 0xf3, 0x00, 0x00, 0x00, 0x0c,
    0xf1, 0x00, 0x00, 0x00, 0xaf, 0xa0, 0x00, 0x00,
    0x3e, 0xfa, 0x00, 0x00, 0x00, 0xef, 0x50, 0x00,
    0x00, 0x02, 0xfa, 0x00, 0x00, 0x00, 0x02, 0x95,
    0x00, 0x00, 0x00, 0x00, 0x00, 0x00, 0x00, 0x00,
    0x01, 0x84, 0x00, 0x00, 0x00, 0x09, 0xfe, 0x00,
    0x00, 0x00, 0x05, 0xf9, 0x00, 0x00,

    /* U+0040 "@" */
    0x00, 0x00, 0x00, 0x00, 0x10, 0x00, 0x00, 0x00,
    0x00, 0x00, 0x00, 0x18, 0xcf, 0xff, 0xfb, 0x60,
    0x00, 0x00, 0x00, 0x07, 0xff, 0xa6, 0x55, 0x7b,
    0xfd, 0x20, 0x00, 0x00, 0x9f, 0xa1, 0x00, 0x00,
    0x00, 0x3d, 0xf2, 0x00, 0x06, 0xf9, 0x00, 0x00,
    0x00, 0x00, 0x01, 0xed, 0x00, 0x0e, 0xd0, 0x00,
    0x00, 0x10, 0x02, 0x10, 0x4f, 0x60, 0x4f, 0x60,
    0x00, 0x9f, 0xff, 0x7f, 0x80, 0x0d, 0xc0, 0x8f,
    0x10, 0x0b, 0xf8, 0x57, 0xef, 0x80, 0x09, 0xf0,
    0xbe, 0x00, 0x4f, 0x60, 0x00, 0x4f, 0x80, 0x07,
    0xf1, 0xcd, 0x00, 0x8f, 0x00, 0x00, 0x0f, 0x80,
    0x07, 0xf1, 0xcd, 0x00, 0x9f, 0x00, 0x00, 0x0f,
    0x80, 0x07, 0xf0, 0xbf, 0x00, 0x7f, 0x10, 0x00,
    0x1f, 0x80, 0x09, 0xe0, 0x8f, 0x20, 0x3f, 0x70,
    0x00, 0x6f, 0x90, 0x0d, 0xa0, 0x4f, 0x60, 0x0a,
    0xf8, 0x69, 0xde, 0xf7, 0x9f, 0x40, 0x0e, 0xd0,
    0x00, 0x8e, 0xfc, 0x23, 0xbf, 0xe7, 0x00, 0x05,
    0xfa, 0x00, 0x00, 0x00, 0x00, 0x00, 0x00, 0x00,
    0x00, 0x9f, 0xb2, 0x00, 0x00, 0x00, 0x00, 0x00,
    0x00, 0x00, 0x07, 0xff, 0xc8, 0x76, 0x8b, 0xf3,
    0x00, 0x00, 0x00, 0x00, 0x17, 0xbe, 0xff, 0xeb,
    0x81, 0x00, 0x00,

    /* U+0041 "A" */
    0x00, 0x00, 0x06, 0xff, 0x20, 0x00, 0x00, 0x00,
    0x00, 0x0c, 0xef, 0x80, 0x00, 0x00, 0x00, 0x00,
    0x2f, 0x8c, 0xe0, 0x00, 0x00, 0x00, 0x00, 0x8f,
    0x37, 0xf4, 0x00, 0x00, 0x00, 0x00, 0xee, 0x02,
    0xfa, 0x00, 0x00, 0x00, 0x04, 0xf8, 0x00, 0xdf,
    0x10, 0x00, 0x00, 0x0a, 0xf3, 0x00, 0x7f, 0x60,
    0x00, 0x00, 0x1f, 0xd0, 0x00, 0x1f, 0xc0, 0x00,
    0x00, 0x6f, 0xf9, 0x99, 0x9f, 0xf3, 0x00, 0x00,
    0xcf, 0xff, 0xff, 0xff, 0xf9, 0x00, 0x02, 0xfb,
    0x00, 0x00, 0x00, 0xee, 0x00, 0x08, 0xf6, 0x00,
    0x00, 0x00, 0x9f, 0x50, 0x0e, 0xf0, 0x00, 0x00,
    0x00, 0x3f, 0xb0, 0x4f, 0xa0, 0x00, 0x00, 0x00,
    0x0d, 0xf1,

    /* U+0042 "B" */
    0x3f, 0xff, 0xff, 0xfc, 0x60, 0x03, 0xfd, 0xaa,
    0xab, 0xef, 0xa0, 0x3f, 0x90, 0x00, 0x01, 0xdf,
    0x23, 0xf9, 0x00, 0x00, 0x07, 0xf5, 0x3f, 0x90,
    0x00, 0x00, 0x9f, 0x43, 0xf9, 0x00, 0x01, 0x7f,
    0xa0, 0x3f, 0xff, 0xff, 0xff, 0x80, 0x03, 0xfd,
    0x99, 0x99, 0xdf, 0xb0, 0x3f, 0x90, 0x00, 0x00,
    0x8f, 0x83, 0xf9, 0x00, 0x00, 0x00, 0xfd, 0x3f,
    0x90, 0x00, 0x00, 0x0e, 0xe3, 0xf9, 0x00, 0x00,
    0x06, 0xfb, 0x3f, 0xda, 0xaa, 0xad, 0xff, 0x33,
    0xff, 0xff, 0xff, 0xd9, 0x20,

    /* U+0043 "C" */
    0x00, 0x03, 0xad, 0xfe, 0xb5, 0x00, 0x00, 0x08,
    0xff, 0xdb, 0xdf, 0xfc, 0x00, 0x07, 0xfd, 0x30,
    0x00, 0x2b, 0xfa, 0x01, 0xfe, 0x10, 0x00, 0x00,
    0x0c, 0xf3, 0x6f, 0x70, 0x00, 0x00, 0x00, 0x38,
    0x3a, 0xf2, 0x00, 0x00, 0x00, 0x00, 0x00, 0xcf,
    0x00, 0x00, 0x00, 0x00, 0x00, 0x0c, 0xf0, 0x00,
    0x00, 0x00, 0x00, 0x00, 0xaf, 0x20, 0x00, 0x00,
    0x00, 0x00, 0x06, 0xf7, 0x00, 0x00, 0x00, 0x03,
    0x83, 0x1f, 0xe1, 0x00, 0x00, 0x00, 0xcf, 0x30,
    0x7f, 0xd3, 0x00, 0x01, 0xbf, 0xa0, 0x00, 0x8f,
    0xfd, 0xbc, 0xff, 0xc0, 0x00, 0x00, 0x3a, 0xdf,
    0xeb, 0x60, 0x00,

    /* U+0044 "D" */
    0x3f, 0xff, 0xff, 0xeb, 0x60, 0x00, 0x03, 0xff,
    0xaa, 0xab, 0xff, 0xd2, 0x00, 0x3f, 0x90, 0x00,
    0x00, 0x8f, 0xd0, 0x03, 0xf9, 0x00, 0x00, 0x00,
    0x8f, 0x80, 0x3f, 0x90, 0x00, 0x00, 0x00, 0xfe,
    0x03, 0xf9, 0x00, 0x00, 0x00, 0x0b, 0xf1, 0x3f,
    0x90, 0x00, 0x00, 0x00, 0x9f, 0x33, 0xf9, 0x00,
    0x00, 0x00, 0x09, 0xf3, 0x3f, 0x90, 0x00, 0x00,
    0x00, 0xbf, 0x13, 0xf9, 0x00, 0x00, 0x00, 0x0f,
    0xd0, 0x3f, 0x90, 0x00, 0x00, 0x08, 0xf8, 0x03,
    0xf9, 0x00, 0x00, 0x18, 0xfd, 0x00, 0x3f, 0xfa,
    0xaa, 0xcf, 0xfc, 0x20, 0x03, 0xff, 0xff, 0xfe,
    0xb5, 0x00, 0x00,

    /* U+0045 "E" */
    0x3f, 0xff, 0xff, 0xff, 0xfa, 0x3f, 0xda, 0xaa,
    0xaa, 0xa6, 0x3f, 0x90, 0x00, 0x00, 0x00, 0x3f,
    0x90, 0x00, 0x00, 0x00, 0x3f, 0x90, 0x00, 0x00,
    0x00, 0x3f, 0x90, 0x00, 0x00, 0x00, 0x3f, 0xff,
    0xff, 0xff, 0xf2, 0x3f, 0xda, 0xaa, 0xaa, 0xa1,
    0x3f, 0x90, 0x00, 0x00, 0x00, 0x3f, 0x90, 0x00,
    0x00, 0x00, 0x3f, 0x90, 0x00, 0x00, 0x00, 0x3f,
    0x90, 0x00, 0x00, 0x00, 0x3f, 0xda, 0xaa, 0xaa,
    0xa7, 0x3f, 0xff, 0xff, 0xff, 0xfb,

    /* U+0046 "F" */
    0x3f, 0xff, 0xff, 0xff, 0xf9, 0x3f, 0xda, 0xaa,
    0xaa, 0xa5, 0x3f, 0x90, 0x00, 0x00, 0x00, 0x3f,
    0x90, 0x00, 0x00, 0x00, 0x3f, 0x90, 0x00, 0x00,
    0x00, 0x3f, 0x90, 0x00, 0x00, 0x00, 0x3f, 0xff,
    0xff, 0xff, 0xe0, 0x3f, 0xda, 0xaa, 0xaa, 0x90,
    0x3f, 0x90, 0x00, 0x00, 0x00, 0x3f, 0x90, 0x00,
    0x00, 0x00, 0x3f, 0x90, 0x00, 0x00, 0x00, 0x3f,
    0x90, 0x00, 0x00, 0x00, 0x3f, 0x90, 0x00, 0x00,
    0x00, 0x3f, 0x90, 0x00, 0x00, 0x00,

    /* U+0047 "G" */
    0x00, 0x03, 0xad, 0xfe, 0xb6, 0x00, 0x00, 0x08,
    0xff, 0xdb, 0xdf, 0xfd, 0x10, 0x07, 0xfd, 0x30,
    0x00, 0x1a, 0xfc, 0x01, 0xfe, 0x10, 0x00, 0x00,
    0x0c, 0xf5, 0x7f, 0x70, 0x00, 0x00, 0x00, 0x13,
    0x1a, 0xf2, 0x00, 0x00, 0x00, 0x00, 0x00, 0xcf,
    0x00, 0x00, 0x08, 0x99, 0x99, 0x6c, 0xf0, 0x00,
    0x00, 0xef, 0xff, 0xfa, 0xaf, 0x20, 0x00, 0x00,
    0x00, 0x3f, 0x97, 0xf7, 0x00, 0x00, 0x00, 0x06,
    0xf7, 0x1f, 0xe1, 0x00, 0x00, 0x00, 0xdf, 0x20,
    0x7f, 0xd3, 0x00, 0x01, 0xbf, 0xa0, 0x00, 0x8f,
    0xfd, 0xbc, 0xff, 0xb0, 0x00, 0x00, 0x3a, 0xdf,
    0xeb, 0x50, 0x00,

    /* U+0048 "H" */
    0x3f, 0x90, 0x00, 0x00, 0x00, 0xcf, 0x13, 0xf9,
    0x00, 0x00, 0x00, 0x0c, 0xf1, 0x3f, 0x90, 0x00,
    0x00, 0x00, 0xcf, 0x13, 0xf9, 0x00, 0x00, 0x00,
    0x0c, 0xf1, 0x3f, 0x90, 0x00, 0x00, 0x00, 0xcf,
    0x13, 0xf9, 0x00, 0x00, 0x00, 0x0c, 0xf1, 0x3f,
    0xff, 0xff, 0xff, 0xff, 0xff, 0x13, 0xfd, 0xaa,
    0xaa, 0xaa, 0xae, 0xf1, 0x3f, 0x90, 0x00, 0x00,
    0x00, 0xcf, 0x13, 0xf9, 0x00, 0x00, 0x00, 0x0c,
    0xf1, 0x3f, 0x90, 0x00, 0x00, 0x00, 0xcf, 0x13,
    0xf9, 0x00, 0x00, 0x00, 0x0c, 0xf1, 0x3f, 0x90,
    0x00, 0x00, 0x00, 0xcf, 0x13, 0xf9, 0x00, 0x00,
    0x00, 0x0c, 0xf1,

    /* U+0049 "I" */
    0x3f, 0x93, 0xf9, 0x3f, 0x93, 0xf9, 0x3f, 0x93,
    0xf9, 0x3f, 0x93, 0xf9, 0x3f, 0x93, 0xf9, 0x3f,
    0x93, 0xf9, 0x3f, 0x93, 0xf9,

    /* U+004A "J" */
    0x00, 0x00, 0x00, 0x03, 0xfa, 0x00, 0x00, 0x00,
    0x03, 0xfa, 0x00, 0x00, 0x00, 0x03, 0xfa, 0x00,
    0x00, 0x00, 0x03, 0xfa, 0x00, 0x00, 0x00, 0x03,
    0xfa, 0x00, 0x00, 0x00, 0x03, 0xfa, 0x00, 0x00,
    0x00, 0x03, 0xfa, 0x00, 0x00, 0x00, 0x03, 0xfa,
    0x00, 0x00, 0x00, 0x03, 0xfa, 0x0e, 0xc0, 0x00,
    0x03, 0xfa, 0x0f, 0xe0, 0x00, 0x05, 0xf9, 0x0b,
    0xf6, 0x00, 0x0b, 0xf5, 0x03, 0xff, 0xca, 0xef,
    0xc0, 0x00, 0x2a, 0xef, 0xd8, 0x00,

    /* U+004B "K" */
    0x3f, 0x90, 0x00, 0x00, 0x2e, 0xf6, 0x3f, 0x90,
    0x00, 0x01, 0xef, 0x60, 0x3f, 0x90, 0x00, 0x1d,
    0xf7, 0x00, 0x3f, 0x90, 0x01, 0xdf, 0x70, 0x00,
    0x3f, 0x90, 0x1d, 0xf8, 0x00, 0x00, 0x3f, 0x90,
    0xcf, 0x80, 0x00, 0x00, 0x3f, 0x9a, 0xff, 0x50,
    0x00, 0x00, 0x3f, 0xff, 0xaf, 0xf2, 0x00, 0x00,
    0x3f, 0xf8, 0x06, 0xfc, 0x00, 0x00, 0x3f, 0xf0,
    0x00, 0xaf, 0x80, 0x00, 0x3f, 0x90, 0x00, 0x0d,
    0xf4, 0x00, 0x3f, 0x90, 0x00, 0x03, 0xfe, 0x10,
    0x3f, 0x90, 0x00, 0x00, 0x6f, 0xc0, 0x3f, 0x90,
    0x00, 0x00, 0x0a, 0xf8,

    /* U+004C "L" */
    0x3f, 0x90, 0x00, 0x00, 0x00, 0x3f, 0x90, 0x00,
    0x00, 0x00, 0x3f, 0x90, 0x00, 0x00, 0x00, 0x3f,
    0x90, 0x00, 0x00, 0x00, 0x3f, 0x90, 0x00, 0x00,
    0x00, 0x3f, 0x90, 0x00, 0x00, 0x00, 0x3f, 0x90,
    0x00, 0x00, 0x00, 0x3f, 0x90, 0x00, 0x00, 0x00,
    0x3f, 0x90, 0x00, 0x00, 0x00, 0x3f, 0x90, 0x00,
    0x00, 0x00, 0x3f, 0x90, 0x00, 0x00, 0x00, 0x3f,
    0x90, 0x00, 0x00, 0x00, 0x3f, 0xda, 0xaa, 0xaa,
    0xa3, 0x3f, 0xff, 0xff, 0xff, 0xf5,

    /* U+004D "M" */
    0x3f, 0xf9, 0x00, 0x00, 0x00, 0x00, 0x8f, 0xf5,
    0x3f, 0xff, 0x00, 0x00, 0x00, 0x00, 0xef, 0xf5,
    0x3f, 0xdf, 0x60, 0x00, 0x00, 0x05, 0xfd, 0xf5,
    0x3f, 0x8f, 0xd0, 0x00, 0x00, 0x0b, 0xf8, 0xf5,
    0x3f, 0x8a, 0xf3, 0x00, 0x00, 0x2f, 0xa8, 0xf5,
    0x3f, 0x84, 0xfa, 0x00, 0x00, 0x8f, 0x48, 0xf5,
    0x3f, 0x80, 0xdf, 0x10, 0x00, 0xee, 0x08, 0xf5,
    0x3f, 0x80, 0x7f, 0x70, 0x05, 0xf7, 0x08, 0xf5,
    0x3f, 0x80, 0x1f, 0xd0, 0x0b, 0xf1, 0x08, 0xf5,
    0x3f, 0x80, 0x0a, 0xf3, 0x1f, 0xa0, 0x08, 0xf5,
    0x3f, 0x80, 0x03, 0xf9, 0x7f, 0x40, 0x08, 0xf5,
    0x3f, 0x80, 0x00, 0xde, 0xcd, 0x00, 0x08, 0xf5,
    0x3f, 0x80, 0x00, 0x6f, 0xf7, 0x00, 0x08, 0xf5,
    0x3f, 0x80, 0x00, 0x0f, 0xf1, 0x00, 0x08, 0xf5,

    /* U+004E "N" */
    0x3f, 0xf4, 0x00, 0x00, 0x00, 0x8f, 0x53, 0xff,
    0xd0, 0x00, 0x00, 0x08, 0xf5, 0x3f, 0xaf, 0x80,
    0x00, 0x00, 0x8f, 0x53, 0xf8, 0x8f, 0x30, 0x00,
    0x08, 0xf5, 0x3f, 0x90, 0xec, 0x00, 0x00, 0x8f,
    0x53, 0xf9, 0x05, 0xf7, 0x00, 0x08, 0xf5, 0x3f,
    0xa0, 0x0b, 0xf2, 0x00, 0x8f, 0x53, 0xfa, 0x00,
    0x1f, 0xb0, 0x08, 0xf5, 0x3f, 0xa0, 0x00, 0x6f,
    0x60, 0x8f, 0x53, 0xfa, 0x00, 0x00, 0xce, 0x18,
    0xf5, 0x3f, 0xa0, 0x00, 0x02, 0xf9, 0x8f, 0x53,
    0xfa, 0x00, 0x00, 0x07, 0xfa, 0xf5, 0x3f, 0xa0,
    0x00, 0x00, 0x0d, 0xff, 0x53, 0xfa, 0x00, 0x00,
    0x00, 0x3f, 0xf5,

    /* U+004F "O" */
    0x00, 0x03, 0xad, 0xfe, 0xb5, 0x00, 0x00, 0x00,
    0x8f, 0xfd, 0xbc, 0xff, 0xb1, 0x00, 0x06, 0xfd,
    0x30, 0x00, 0x1b, 0xfb, 0x00, 0x1f, 0xe1, 0x00,
    0x00, 0x00, 0xbf, 0x50, 0x6f, 0x70, 0x00, 0x00,
    0x00, 0x3f, 0xb0, 0xaf, 0x20, 0x00, 0x00, 0x00,
    0x0e, 0xf0, 0xcf, 0x00, 0x00, 0x00, 0x00, 0x0c,
    0xf0, 0xcf, 0x00, 0x00, 0x00, 0x00, 0x0c, 0xf0,
    0xaf, 0x20, 0x00, 0x00, 0x00, 0x0d, 0xf0, 0x6f,
    0x70, 0x00, 0x00, 0x00, 0x2f, 0xb0, 0x1f, 0xe1,
    0x00, 0x00, 0x00, 0xbf, 0x50, 0x06, 0xfd, 0x30,
    0x00, 0x1b, 0xfb, 0x00, 0x00, 0x8f, 0xfd, 0xbc,
    0xff, 0xb1, 0x00, 0x00, 0x03, 0xad, 0xfe, 0xb5,
    0x00, 0x00,

    /* U+0050 "P" */
    0x3f, 0xff, 0xff, 0xec, 0x60, 0x03, 0xfd, 0xaa,
    0xab, 0xff, 0xa0, 0x3f, 0x90, 0x00, 0x01, 0xcf,
    0x53, 0xf9, 0x00, 0x00, 0x04, 0xf9, 0x3f, 0x90,
    0x00, 0x00, 0x2f, 0xa3, 0xf9, 0x00, 0x00, 0x06,
    0xf8, 0x3f, 0x90, 0x00, 0x16, 0xff, 0x23, 0xff,
    0xff, 0xff, 0xff, 0x50, 0x3f, 0xfa, 0xa9, 0x86,
    0x10, 0x03, 0xf9, 0x00, 0x00, 0x00, 0x00, 0x3f,
    0x90, 0x00, 0x00, 0x00, 0x03, 0xf9, 0x00, 0x00,
    0x00, 0x00, 0x3f, 0x90, 0x00, 0x00, 0x00, 0x03,
    0xf9, 0x00, 0x00, 0x00, 0x00,

    /* U+0051 "Q" */
    0x00, 0x03, 0xad, 0xfe, 0xb5, 0x00, 0x00, 0x00,
    0x8f, 0xfd, 0xbc, 0xff, 0xb1, 0x00, 0x06, 0xfd,
    0x30, 0x00, 0x1b, 0xfb, 0x00, 0x1f, 0xe1, 0x00,
    0x00, 0x00, 0xbf, 0x50, 0x6f, 0x70, 0x00, 0x00,
    0x00, 0x3f, 0xb0, 0xaf, 0x20, 0x00, 0x00, 0x00,
    0x0e, 0xf0, 0xcf, 0x00, 0x00, 0x00, 0x00, 0x0c,
    0xf0, 0xcf, 0x00, 0x00, 0x00, 0x00, 0x0c, 0xf0,
    0xaf, 0x20, 0x00, 0x00, 0x00, 0x0d, 0xf0, 0x6f,
    0x70, 0x00, 0x67, 0x10, 0x2f, 0xb0, 0x1f, 0xe1,
    0x00, 0x2f, 0xc0, 0xbf, 0x50, 0x06, 0xfd, 0x30,
    0x05, 0xff, 0xfb, 0x00, 0x00, 0x8f, 0xfd, 0xbc,
    0xff, 0xf1, 0x00, 0x00, 0x03, 0xad, 0xfe, 0xbf,
    0xf3, 0x00, 0x00, 0x00, 0x00, 0x00, 0x00, 0xde,
    0x10,

    /* U+0052 "R" */
    0x3f, 0xff, 0xff, 0xec, 0x60, 0x00, 0x3f, 0xda,
    0xaa, 0xbf, 0xfa, 0x00, 0x3f, 0x90, 0x00, 0x01,
    0xcf, 0x50, 0x3f, 0x90, 0x00, 0x00, 0x4f, 0x90,
    0x3f, 0x90, 0x00, 0x00, 0x2f, 0xa0, 0x3f, 0x90,
    0x00, 0x00, 0x6f, 0x80, 0x3f, 0x90, 0x00, 0x15,
    0xef, 0x30, 0x3f, 0xff, 0xff, 0xff, 0xf6, 0x00,
    0x3f, 0xfa, 0xab, 0xff, 0x40, 0x00, 0x3f, 0x90,
    0x00, 0x6f, 0xb0, 0x00, 0x3f, 0x90, 0x00, 0x0d,
    0xf4, 0x00, 0x3f, 0x90, 0x00, 0x04, 0xfd, 0x00,
    0x3f, 0x90, 0x00, 0x00, 0xbf, 0x60, 0x3f, 0x90,
    0x00, 0x00, 0x2f, 0xe0,

    /* U+0053 "S" */
    0x00, 0x4a, 0xef, 0xeb, 0x40, 0x00, 0x7f, 0xfb,
    0xac, 0xff, 0x80, 0x2f, 0xd1, 0x00, 0x02, 0xdf,
    0x36, 0xf6, 0x00, 0x00, 0x04, 0xa4, 0x5f, 0x80,
    0x00, 0x00, 0x00, 0x00, 0xdf, 0xa3, 0x00, 0x00,
    0x00, 0x01, 0x9f, 0xfe, 0xa5, 0x00, 0x00, 0x00,
    0x15, 0xae, 0xfe, 0x40, 0x00, 0x00, 0x00, 0x04,
    0xdf, 0x30, 0x00, 0x00, 0x00, 0x03, 0xf9, 0xad,
    0x10, 0x00, 0x00, 0x3f, 0xa7, 0xfb, 0x10, 0x00,
    0x2d, 0xf5, 0x0c, 0xff, 0xca, 0xcf, 0xfa, 0x00,
    0x06, 0xce, 0xfe, 0xb5, 0x00,

    /* U+0054 "T" */
    0x0f, 0xff, 0xff, 0xff, 0xff, 0xff, 0x0a, 0xaa,
    0xac, 0xfc, 0xaa, 0xa9, 0x00, 0x00, 0x07, 0xf6,
    0x00, 0x00, 0x00, 0x00, 0x07, 0xf6, 0x00, 0x00,
    0x00, 0x00, 0x07, 0xf6, 0x00, 0x00, 0x00, 0x00,
    0x07, 0xf6, 0x00, 0x00, 0x00, 0x00, 0x07, 0xf6,
    0x00, 0x00, 0x00, 0x00, 0x07, 0xf6, 0x00, 0x00,
    0x00, 0x00, 0x07, 0xf6, 0x00, 0x00, 0x00, 0x00,
    0x07, 0xf6, 0x00, 0x00, 0x00, 0x00, 0x07, 0xf6,
    0x00, 0x00, 0x00, 0x00, 0x07, 0xf6, 0x00, 0x00,
    0x00, 0x00, 0x07, 0xf6, 0x00, 0x00, 0x00, 0x00,
    0x07, 0xf6, 0x00, 0x00,

    /* U+0055 "U" */
    0x3f, 0x90, 0x00, 0x00, 0x00, 0xbf, 0x23, 0xf9,
    0x00, 0x00, 0x00, 0x0b, 0xf2, 0x3f, 0x90, 0x00,
    0x00, 0x00, 0xbf, 0x23, 0xf9, 0x00, 0x00, 0x00,
    0x0b, 0xf2, 0x3f, 0x90, 0x00, 0x00, 0x00, 0xbf,
    0x23, 0xf9, 0x00, 0x00, 0x00, 0x0b, 0xf2, 0x3f,
    0x90, 0x00, 0x00, 0x00, 0xbf, 0x23, 0xf9, 0x00,
    0x00, 0x00, 0x0b, 0xf2, 0x3f, 0x90, 0x00, 0x00,
    0x00, 0xbf, 0x22, 0xfb, 0x00, 0x00, 0x00, 0x0d,
    0xf1, 0x0f, 0xf1, 0x00, 0x00, 0x02, 0xfe, 0x00,
    0x8f, 0xc2, 0x00, 0x02, 0xdf, 0x70, 0x00, 0xbf,
    0xfc, 0xbd, 0xff, 0x90, 0x00, 0x00, 0x5b, 0xef,
    0xea, 0x40, 0x00,

    /* U+0056 "V" */
    0x4f, 0xa0, 0x00, 0x00, 0x00, 0x0d, 0xf1, 0x0e,
    0xf0, 0x00, 0x00, 0x00, 0x3f, 0xb0, 0x08, 0xf6,
    0x00, 0x00, 0x00, 0x9f, 0x50, 0x02, 0xfc, 0x00,
    0x00, 0x00, 0xef, 0x00, 0x00, 0xcf, 0x20, 0x00,
    0x04, 0xf9, 0x00, 0x00, 0x6f, 0x70, 0x00, 0x0a,
    0xf3, 0x00, 0x00, 0x0f, 0xd0, 0x00, 0x0f, 0xd0,
    0x00, 0x00, 0x0a, 0xf3, 0x00, 0x6f, 0x70, 0x00,
    0x00, 0x03, 0xf9, 0x00, 0xbf, 0x10, 0x00, 0x00,
    0x00, 0xde, 0x01, 0xfb, 0x00, 0x00, 0x00, 0x00,
    0x7f, 0x46, 0xf5, 0x00, 0x00, 0x00, 0x00, 0x1f,
    0x9b, 0xe0, 0x00, 0x00, 0x00, 0x00, 0x0b, 0xff,
    0x90, 0x00, 0x00, 0x00, 0x00, 0x05, 0xff, 0x30,
    0x00, 0x00,

    /* U+0057 "W" */
    0x5f, 0x80, 0x00, 0x00, 0x5f, 0xf0, 0x00, 0x00,
    0x0d, 0xf1, 0x1f, 0xc0, 0x00, 0x00, 0x9f, 0xf5,
    0x00, 0x00, 0x1f, 0xc0, 0x0c, 0xf1, 0x00, 0x00,
    0xec, 0xf9, 0x00, 0x00, 0x6f, 0x70, 0x07, 0xf5,
    0x00, 0x02, 0xf8, 0xdd, 0x00, 0x00, 0xaf, 0x30,
    0x03, 0xf9, 0x00, 0x06, 0xf4, 0x9f, 0x20, 0x00,
    0xee, 0x00, 0x00, 0xee, 0x00, 0x0b, 0xf0, 0x5f,
    0x60, 0x03, 0xfa, 0x00, 0x00, 0xaf, 0x20, 0x0f,
    0xb0, 0x1f, 0xa0, 0x07, 0xf5, 0x00, 0x00, 0x5f,
    0x60, 0x4f, 0x70, 0x0c, 0xf0, 0x0b, 0xf1, 0x00,
    0x00, 0x1f, 0xa0, 0x8f, 0x20, 0x07, 0xf3, 0x0f,
    0xc0, 0x00, 0x00, 0x0c, 0xe0, 0xce, 0x00, 0x03,
    0xf7, 0x3f, 0x70, 0x00, 0x00, 0x08, 0xf3, 0xf9,
    0x00, 0x00, 0xeb, 0x7f, 0x30, 0x00, 0x00, 0x03,
    0xfa, 0xf5, 0x00, 0x00, 0xaf, 0xbe, 0x00, 0x00,
    0x00, 0x00, 0xff, 0xf1, 0x00, 0x00, 0x5f, 0xfa,
    0x00, 0x00, 0x00, 0x00, 0xaf, 0xc0, 0x00, 0x00,
    0x1f, 0xf5, 0x00, 0x00,

    /* U+0058 "X" */
    0x0c, 0xf6, 0x00, 0x00, 0x00, 0xaf, 0x70, 0x01,
    0xef, 0x20, 0x00, 0x05, 0xfb, 0x00, 0x00, 0x5f,
    0xc0, 0x00, 0x2f, 0xe1, 0x00, 0x00, 0x09, 0xf7,
    0x00, 0xcf, 0x40, 0x00, 0x00, 0x00, 0xdf, 0x27,
    0xf8, 0x00, 0x00, 0x00, 0x00, 0x3f, 0xdf, 0xc0,
    0x00, 0x00, 0x00, 0x00, 0x08, 0xff, 0x20, 0x00,
    0x00, 0x00, 0x00, 0x0b, 0xff, 0x70, 0x00, 0x00,
    0x00, 0x00, 0x7f, 0x8d, 0xf2, 0x00, 0x00, 0x00,
    0x03, 0xfd, 0x04, 0xfd, 0x00, 0x00, 0x00, 0x0d,
    0xf3, 0x00, 0x8f, 0x90, 0x00, 0x00, 0xaf, 0x70,
    0x00, 0x0d, 0xf4, 0x00, 0x05, 0xfb, 0x00, 0x00,
    0x02, 0xfe, 0x10, 0x2f, 0xe1, 0x00, 0x00, 0x00,
    0x6f, 0xb0,

    /* U+0059 "Y" */
    0x2f, 0xe1, 0x00, 0x00, 0x00, 0x6f, 0xb0, 0x08,
    0xf9, 0x00, 0x00, 0x01, 0xef, 0x20, 0x00, 0xdf,
    0x30, 0x00, 0x0a, 0xf7, 0x00, 0x00, 0x3f, 0xd0,
    0x00, 0x4f, 0xc0, 0x00, 0x00, 0x09, 0xf8, 0x00,
    0xef, 0x20, 0x00, 0x00, 0x00, 0xef, 0x28, 0xf8,
    0x00, 0x00, 0x00, 0x00, 0x4f, 0xbf, 0xd0, 0x00,
    0x00, 0x00, 0x00, 0x0a, 0xff, 0x30, 0x00, 0x00,
    0x00, 0x00, 0x02, 0xfb, 0x00, 0x00, 0x00, 0x00,
    0x00, 0x02, 0xfb, 0x00, 0x00, 0x00, 0x00, 0x00,
    0x02, 0xfb, 0x00, 0x00, 0x00, 0x00, 0x00, 0x02,
    0xfb, 0x00, 0x00, 0x00, 0x00, 0x00, 0x02, 0xfb,
    0x00, 0x00, 0x00, 0x00, 0x00, 0x02, 0xfb, 0x00,
    0x00, 0x00,

    /* U+005A "Z" */
    0xdf, 0xff, 0xff, 0xff, 0xff, 0x57, 0x99, 0x99,
    0x99, 0x9f, 0xf2, 0x00, 0x00, 0x00, 0x08, 0xf7,
    0x00, 0x00, 0x00, 0x04, 0xfc, 0x00, 0x00, 0x00,
    0x01, 0xef, 0x20, 0x00, 0x00, 0x00, 0xaf, 0x50,
    0x00, 0x00, 0x00, 0x5f, 0xa0, 0x00, 0x00, 0x00,
    0x2f, 0xe1, 0x00, 0x00, 0x00, 0x0c, 0xf4, 0x00,
    0x00, 0x00, 0x07, 0xf8, 0x00, 0x00, 0x00, 0x03,
    0xfd, 0x00, 0x00, 0x00, 0x00, 0xdf, 0x20, 0x00,
    0x00, 0x00, 0x8f, 0xe9, 0x99, 0x99, 0x99, 0x3b,
    0xff, 0xff, 0xff, 0xff, 0xf6,

    /* U+005B "[" */
    0x68, 0x88, 0x0c, 0xff, 0xf1, 0xce, 0x00, 0x0c,
    0xe0, 0x00, 0xce, 0x00, 0x0c, 0xe0, 0x00, 0xce,
    0x00, 0x0c, 0xe0, 0x00, 0xce, 0x00, 0x0c, 0xe0,
    0x00, 0xce, 0x00, 0x0c, 0xe0, 0x00, 0xce, 0x00,
    0x0c, 0xe0, 0x00, 0xce, 0x00, 0x0c, 0xe0, 0x00,
    0xce, 0x22, 0x0c, 0xff, 0xf1, 0x45, 0x55, 0x00,

    /* U+005C "\\" */
    0x38, 0x10, 0x00, 0x04, 0xf5, 0x00, 0x00, 0x0f,
    0x90, 0x00, 0x00, 0xbe, 0x00, 0x00, 0x07, 0xf2,
    0x00, 0x00, 0x3f, 0x60, 0x00, 0x00, 0xea, 0x00,
    0x00, 0x0a, 0xf0, 0x00, 0x00, 0x6f, 0x30, 0x00,
    0x02, 0xf7, 0x00, 0x00, 0x0d, 0xc0, 0x00, 0x00,
    0x9f, 0x00, 0x00, 0x05, 0xf4, 0x00, 0x00, 0x1f,
    0x80, 0x00, 0x00, 0xcd, 0x00, 0x00, 0x08, 0xf1,
    0x00, 0x00, 0x4f, 0x50, 0x00, 0x00, 0xfa,

    /* U+005D "]" */
    0x68, 0x88, 0x0c, 0xff, 0xf1, 0x00, 0x9f, 0x10,
    0x09, 0xf1, 0x00, 0x9f, 0x10, 0x09, 0xf1, 0x00,
    0x9f, 0x10, 0x09, 0xf1, 0x00, 0x9f, 0x10, 0x09,
    0xf1, 0x00, 0x9f, 0x10, 0x09, 0xf1, 0x00, 0x9f,
    0x10, 0x09, 0xf1, 0x00, 0x9f, 0x10, 0x09, 0xf1,
    0x12, 0xaf, 0x1c, 0xff, 0xf1, 0x45, 0x55, 0x00,

    /* U+005E "^" */
    0x00, 0x04, 0xa9, 0x00, 0x00, 0x00, 0xdf, 0xf4,
    0x00, 0x00, 0x5f, 0x6e, 0xb0, 0x00, 0x0c, 0xd0,
    0x7f, 0x30, 0x04, 0xf6, 0x00, 0xeb, 0x00, 0xce,
    0x00, 0x08, 0xf3, 0x05, 0x30, 0x00, 0x15, 0x30,

    /* U+005F "_" */
    0x99, 0x99, 0x99, 0x99, 0x91, 0xff, 0xff, 0xff,
    0xff, 0xf2,

    /* U+0060 "`" */
    0x3d, 0x80, 0x0a, 0xf1, 0x01, 0xe8,

    /* U+0061 "a" */
    0x00, 0x29, 0xdf, 0xea, 0x20, 0x02, 0xff, 0xc9,
    0xaf, 0xe1, 0x07, 0xf5, 0x00, 0x06, 0xf7, 0x00,
    0x00, 0x00, 0x01, 0xfa, 0x00, 0x01, 0x46, 0x8c,
    0xfb, 0x01, 0xbf, 0xff, 0xda, 0xfb, 0x0d, 0xf8,
    0x20, 0x01, 0xfb, 0x1f, 0xb0, 0x00, 0x02, 0xfb,
    0x0f, 0xd0, 0x00, 0x0b, 0xfb, 0x09, 0xfd, 0x99,
    0xeb, 0xfb, 0x00, 0x7d, 0xfe, 0x81, 0xfb,

    /* U+0062 "b" */
    0x7f, 0x40, 0x00, 0x00, 0x00, 0x07, 0xf4, 0x00,
    0x00, 0x00, 0x00, 0x7f, 0x40, 0x00, 0x00, 0x00,
    0x07, 0xf4, 0x5d, 0xfe, 0x80, 0x00, 0x7f, 0x9f,
    0xb9, 0xdf, 0xd0, 0x07, 0xff, 0x40, 0x00, 0x8f,
    0x90, 0x7f, 0xa0, 0x00, 0x00, 0xee, 0x07, 0xf5,
    0x00, 0x00, 0x0a, 0xf2, 0x7f, 0x40, 0x00, 0x00,
    0x9f, 0x37, 0xf6, 0x00, 0x00, 0x0a, 0xf2, 0x7f,
    0xa0, 0x00, 0x00, 0xee, 0x07, 0xff, 0x40, 0x00,
    0x9f, 0x80, 0x7f, 0x8f, 0xb9, 0xdf, 0xd0, 0x07,
    0xf4, 0x5d, 0xfe, 0x91, 0x00,

    /* U+0063 "c" */
    0x00, 0x5c, 0xfe, 0xb4, 0x00, 0x08, 0xfe, 0xaa,
    0xef, 0x80, 0x4f, 0xc0, 0x00, 0x1c, 0xf2, 0xaf,
    0x30, 0x00, 0x02, 0x30, 0xee, 0x00, 0x00, 0x00,
    0x00, 0xfd, 0x00, 0x00, 0x00, 0x00, 0xee, 0x00,
    0x00, 0x00, 0x00, 0xaf, 0x30, 0x00, 0x02, 0x40,
    0x4f, 0xc0, 0x00, 0x0c, 0xf2, 0x08, 0xfe, 0xaa,
    0xef, 0x80, 0x00, 0x5c, 0xfe, 0xc5, 0x00,

    /* U+0064 "d" */
    0x00, 0x00, 0x00, 0x00, 0xfb, 0x00, 0x00, 0x00,
    0x00, 0xfb, 0x00, 0x00, 0x00, 0x00, 0xfb, 0x00,
    0x6d, 0xfe, 0x80, 0xfb, 0x0a, 0xfe, 0xaa, 0xf9,
    0xfb, 0x5f, 0xc0, 0x00, 0x1e, 0xfb, 0xbf, 0x20,
    0x00, 0x06, 0xfb, 0xee, 0x00, 0x00, 0x01, 0xfb,
    0xfd, 0x00, 0x00, 0x00, 0xfb, 0xee, 0x00, 0x00,
    0x02, 0xfb, 0xbf, 0x20, 0x00, 0x06, 0xfb, 0x5f,
    0xc0, 0x00, 0x1e, 0xfb, 0x0a, 0xfe, 0x9a, 0xf8,
    0xfb, 0x00, 0x6d, 0xfe, 0x80, 0xfb,

    /* U+0065 "e" */
    0x00, 0x5c, 0xff, 0xb4, 0x00, 0x08, 0xfe, 0x9a,
    0xff, 0x50, 0x4f, 0xb0, 0x00, 0x1e, 0xf1, 0xaf,
    0x10, 0x00, 0x06, 0xf6, 0xef, 0x22, 0x22, 0x24,
    0xf9, 0xff, 0xff, 0xff, 0xff, 0xfa, 0xef, 0x55,
    0x55, 0x55, 0x53, 0xaf, 0x20, 0x00, 0x00, 0x00,
    0x4f, 0xb0, 0x00, 0x09, 0xe4, 0x08, 0xfe, 0xa9,
    0xdf, 0xc0, 0x00, 0x5b, 0xef, 0xd7, 0x00,

    /* U+0066 "f" */
    0x00, 0x06, 0xdf, 0xd0, 0x00, 0x5f, 0xea, 0x70,
    0x00, 0xaf, 0x30, 0x00, 0xcf, 0xff, 0xff, 0xa0,
    0x68, 0xff, 0x98, 0x50, 0x00, 0xaf, 0x10, 0x00,
    0x00, 0xaf, 0x10, 0x00, 0x00, 0xaf, 0x10, 0x00,
    0x00, 0xaf, 0x10, 0x00, 0x00, 0xaf, 0x10, 0x00,
    0x00, 0xaf, 0x10, 0x00, 0x00, 0xaf, 0x10, 0x00,
    0x00, 0xaf, 0x10, 0x00, 0x00, 0xaf, 0x10, 0x00,

    /* U+0067 "g" */
    0x00, 0x6d, 0xfe, 0x80, 0xfb, 0x09, 0xfe, 0xaa,
    0xf9, 0xfb, 0x4f, 0xc0, 0x00, 0x1e, 0xfb, 0xaf,
    0x30, 0x00, 0x06, 0xfb, 0xee, 0x00, 0x00, 0x01,
    0xfb, 0xfd, 0x00, 0x00, 0x00, 0xfb, 0xee, 0x00,
    0x00, 0x01, 0xfb, 0xbf, 0x20, 0x00, 0x05, 0xfb,
    0x5f, 0xb0, 0x00, 0x1d, 0xfb, 0x0b, 0xfe, 0x9a,
    0xe9, 0xfb, 0x00, 0x7d, 0xfe, 0x80, 0xfb, 0x00,
    0x00, 0x00, 0x01, 0xfa, 0x2a, 0x50, 0x00, 0x08,
    0xf7, 0x1e, 0xfc, 0x89, 0xdf, 0xc0, 0x01, 0x9d,
    0xff, 0xd8, 0x00,

    /* U+0068 "h" */
    0x7f, 0x40, 0x00, 0x00, 0x00, 0x7f, 0x40, 0x00,
    0x00, 0x00, 0x7f, 0x40, 0x00, 0x00, 0x00, 0x7f,
    0x44, 0xcf, 0xe8, 0x00, 0x7f, 0x8e, 0xaa, 0xff,
    0x90, 0x7f, 0xe1, 0x00, 0x1f, 0xf1, 0x7f, 0x80,
    0x00, 0x09, 0xf3, 0x7f, 0x40, 0x00, 0x07, 0xf4,
    0x7f, 0x40, 0x00, 0x07, 0xf4, 0x7f, 0x40, 0x00,
    0x07, 0xf4, 0x7f, 0x40, 0x00, 0x07, 0xf4, 0x7f,
    0x40, 0x00, 0x07, 0xf4, 0x7f, 0x40, 0x00, 0x07,
    0xf4, 0x7f, 0x40, 0x00, 0x07, 0xf4,

    /* U+0069 "i" */
    0x7f, 0x5a, 0xf8, 0x04, 0x07, 0xf4, 0x7f, 0x47,
    0xf4, 0x7f, 0x47, 0xf4, 0x7f, 0x47, 0xf4, 0x7f,
    0x47, 0xf4, 0x7f, 0x47, 0xf4,

    /* U+006A "j" */
    0x00, 0x7f, 0x50, 0x0a, 0xf8, 0x00, 0x04, 0x00,
    0x07, 0xf4, 0x00, 0x7f, 0x40, 0x07, 0xf4, 0x00,
    0x7f, 0x40, 0x07, 0xf4, 0x00, 0x7f, 0x40, 0x07,
    0xf4, 0x00, 0x7f, 0x40, 0x07, 0xf4, 0x00, 0x7f,
    0x40, 0x07, 0xf4, 0x00, 0x7f, 0x40, 0x0a, 0xf3,
    0x2b, 0xfe, 0x04, 0xfb, 0x20,

    /* U+006B "k" */
    0x7f, 0x40, 0x00, 0x00, 0x00, 0x7f, 0x40, 0x00,
    0x00, 0x00, 0x7f, 0x40, 0x00, 0x00, 0x00, 0x7f,
    0x40, 0x00, 0x4f, 0xd1, 0x7f, 0x40, 0x04, 0xfd,
    0x10, 0x7f, 0x40, 0x3f, 0xd1, 0x00, 0x7f, 0x43,
    0xee, 0x20, 0x00, 0x7f, 0x7e, 0xf2, 0x00, 0x00,
    0x7f, 0xff, 0xf5, 0x00, 0x00, 0x7f, 0xd3, 0xff,
    0x20, 0x00, 0x7f, 0x40, 0x5f, 0xd1, 0x00, 0x7f,
    0x40, 0x08, 0xfb, 0x00, 0x7f, 0x40, 0x00, 0xbf,
    0x80, 0x7f, 0x40, 0x00, 0x1d, 0xf4,

    /* U+006C "l" */
    0x7f, 0x47, 0xf4, 0x7f, 0x47, 0xf4, 0x7f, 0x47,
    0xf4, 0x7f, 0x47, 0xf4, 0x7f, 0x47, 0xf4, 0x7f,
    0x47, 0xf4, 0x7f, 0x47, 0xf4,

    /* U+006D "m" */
    0x7f, 0x47, 0xdf, 0xb2, 0x07, 0xdf, 0xd6, 0x07,
    0xfb, 0xc7, 0x9f, 0xd9, 0xe7, 0x7d, 0xf6, 0x7f,
    0xc0, 0x00, 0x6f, 0xf1, 0x00, 0x1f, 0xd7, 0xf5,
    0x00, 0x02, 0xfa, 0x00, 0x00, 0xdf, 0x7f, 0x40,
    0x00, 0x2f, 0xa0, 0x00, 0x0c, 0xf7, 0xf4, 0x00,
    0x02, 0xfa, 0x00, 0x00, 0xcf, 0x7f, 0x40, 0x00,
    0x2f, 0xa0, 0x00, 0x0c, 0xf7, 0xf4, 0x00, 0x02,
    0xfa, 0x00, 0x00, 0xcf, 0x7f, 0x40, 0x00, 0x2f,
    0xa0, 0x00, 0x0c, 0xf7, 0xf4, 0x00, 0x02, 0xfa,
    0x00, 0x00, 0xcf, 0x7f, 0x40, 0x00, 0x2f, 0xa0,
    0x00, 0x0c, 0xf0,

    /* U+006E "n" */
    0x7f, 0x36, 0xdf, 0xe8, 0x00, 0x7f, 0xae, 0x88,
    0xdf, 0x90, 0x7f, 0xe0, 0x00, 0x0e, 0xf1, 0x7f,
    0x60, 0x00, 0x09, 0xf3, 0x7f, 0x40, 0x00, 0x07,
    0xf4, 0x7f, 0x40, 0x00, 0x07, 0xf4, 0x7f, 0x40,
    0x00, 0x07, 0xf4, 0x7f, 0x40, 0x00, 0x07, 0xf4,
    0x7f, 0x40, 0x00, 0x07, 0xf4, 0x7f, 0x40, 0x00,
    0x07, 0xf4, 0x7f, 0x40, 0x00, 0x07, 0xf4,

    /* U+006F "o" */
    0x00, 0x5c, 0xfe, 0xc5, 0x00, 0x08, 0xfe, 0xaa,
    0xef, 0x80, 0x4f, 0xc0, 0x00, 0x0c, 0xf4, 0xaf,
    0x30, 0x00, 0x03, 0xfa, 0xee, 0x00, 0x00, 0x00,
    0xee, 0xfd, 0x00, 0x00, 0x00, 0xdf, 0xee, 0x00,
    0x00, 0x00, 0xee, 0xaf, 0x30, 0x00, 0x03, 0xfa,
    0x4f, 0xc0, 0x00, 0x0c, 0xf4, 0x08, 0xfe, 0xaa,
    0xef, 0x80, 0x00, 0x5c, 0xff, 0xc5, 0x00,

    /* U+0070 "p" */
    0x7f, 0x46, 0xdf, 0xe8, 0x00, 0x07, 0xfa, 0xf9,
    0x7b, 0xfd, 0x00, 0x7f, 0xf2, 0x00, 0x07, 0xf9,
    0x07, 0xf9, 0x00, 0x00, 0x0e, 0xe0, 0x7f, 0x50,
    0x00, 0x00, 0xaf, 0x27, 0xf4, 0x00, 0x00, 0x09,
    0xf3, 0x7f, 0x60, 0x00, 0x00, 0xaf, 0x27, 0xfa,
    0x00, 0x00, 0x0e, 0xe0, 0x7f, 0xf4, 0x00, 0x09,
    0xf8, 0x07, 0xf9, 0xfb, 0x9d, 0xfd, 0x00, 0x7f,
    0x45, 0xdf, 0xe9, 0x10, 0x07, 0xf4, 0x00, 0x00,
    0x00, 0x00, 0x7f, 0x40, 0x00, 0x00, 0x00, 0x07,
    0xf4, 0x00, 0x00, 0x00, 0x00, 0x7f, 0x40, 0x00,
    0x00, 0x00, 0x00,

    /* U+0071 "q" */
    0x00, 0x6d, 0xfe, 0x80, 0xfb, 0x0a, 0xfe, 0xaa,
    0xf9, 0xfb, 0x5f, 0xc0, 0x00, 0x1e, 0xfb, 0xbf,
    0x20, 0x00, 0x06, 0xfb, 0xee, 0x00, 0x00, 0x01,
    0xfb, 0xfd, 0x00, 0x00, 0x00, 0xfb, 0xee, 0x00,
    0x00, 0x02, 0xfb, 0xbf, 0x20, 0x00, 0x06, 0xfb,
    0x5f, 0xc0, 0x00, 0x1e, 0xfb, 0x0a, 0xfe, 0x9a,
    0xf9, 0xfb, 0x00, 0x6d, 0xfe, 0x80, 0xfb, 0x00,
    0x00, 0x00, 0x00, 0xfb, 0x00, 0x00, 0x00, 0x00,
    0xfb, 0x00, 0x00, 0x00, 0x00, 0xfb, 0x00, 0x00,
    0x00, 0x00, 0xfb,

    /* U+0072 "r" */
    0x7f, 0x48, 0xef, 0x17, 0xfc, 0xe9, 0x80, 0x7f,
    0xd1, 0x00, 0x07, 0xf6, 0x00, 0x00, 0x7f, 0x40,
    0x00, 0x07, 0xf4, 0x00, 0x00, 0x7f, 0x40, 0x00,
    0x07, 0xf4, 0x00, 0x00, 0x7f, 0x40, 0x00, 0x07,
    0xf4, 0x00, 0x00, 0x7f, 0x40, 0x00, 0x00,

    /* U+0073 "s" */
    0x02, 0x9e, 0xfe, 0x80, 0x01, 0xef, 0xa8, 0xbf,
    0xb0, 0x8f, 0x60, 0x00, 0x8c, 0x28, 0xf5, 0x00,
    0x00, 0x00, 0x2f, 0xf9, 0x51, 0x00, 0x00, 0x3b,
    0xff, 0xfc, 0x40, 0x00, 0x00, 0x48, 0xff, 0x30,
    0x10, 0x00, 0x06, 0xf8, 0xcf, 0x20, 0x00, 0x8f,
    0x65, 0xff, 0xa9, 0xcf, 0xd0, 0x04, 0xbf, 0xfd,
    0x81, 0x00,

    /* U+0074 "t" */
    0x01, 0x84, 0x00, 0x00, 0x2f, 0x90, 0x00, 0x02,
    0xf9, 0x00, 0x0c, 0xff, 0xff, 0xd0, 0x6a, 0xff,
    0x86, 0x00, 0x2f, 0x90, 0x00, 0x02, 0xf9, 0x00,
    0x00, 0x2f, 0x90, 0x00, 0x02, 0xf9, 0x00, 0x00,
    0x2f, 0x90, 0x00, 0x02, 0xf9, 0x00, 0x00, 0x1f,
    0xa0, 0x00, 0x00, 0xdf, 0xa8, 0x00, 0x02, 0xbf,
    0xe0,

    /* U+0075 "u" */
    0x7f, 0x40, 0x00, 0x07, 0xf4, 0x7f, 0x40, 0x00,
    0x07, 0xf4, 0x7f, 0x40, 0x00, 0x07, 0xf4, 0x7f,
    0x40, 0x00, 0x07, 0xf4, 0x7f, 0x40, 0x00, 0x07,
    0xf4, 0x7f, 0x40, 0x00, 0x07, 0xf4, 0x7f, 0x40,
    0x00, 0x07, 0xf4, 0x6f, 0x60, 0x00, 0x0a, 0xf4,
    0x3f, 0xd0, 0x00, 0x3f, 0xf4, 0x0c, 0xfe, 0xab,
    0xf9, 0xf4, 0x01, 0x9e, 0xfc, 0x36, 0xf4,

    /* U+0076 "v" */
    0x4f, 0xa0, 0x00, 0x00, 0x6f, 0x80, 0xef, 0x00,
    0x00, 0x0b, 0xf2, 0x08, 0xf5, 0x00, 0x01, 0xfc,
    0x00, 0x2f, 0xb0, 0x00, 0x7f, 0x60, 0x00, 0xcf,
    0x10, 0x0c, 0xf0, 0x00, 0x06, 0xf6, 0x02, 0xfa,
    0x00, 0x00, 0x0f, 0xc0, 0x8f, 0x40, 0x00, 0x00,
    0xaf, 0x1d, 0xd0, 0x00, 0x00, 0x03, 0xf8, 0xf7,
    0x00, 0x00, 0x00, 0x0d, 0xff, 0x10, 0x00, 0x00,
    0x00, 0x7f, 0xb0, 0x00, 0x00,

    /* U+0077 "w" */
    0x2f, 0xa0, 0x00, 0x0d, 0xf4, 0x00, 0x05, 0xf8,
    0x0d, 0xf0, 0x00, 0x2f, 0xf8, 0x00, 0x09, 0xf3,
    0x08, 0xf3, 0x00, 0x6f, 0xcd, 0x00, 0x0e, 0xe0,
    0x04, 0xf8, 0x00, 0xbd, 0x7f, 0x10, 0x2f, 0xa0,
    0x00, 0xfc, 0x00, 0xf9, 0x3f, 0x50, 0x6f, 0x50,
    0x00, 0xaf, 0x13, 0xf4, 0x0e, 0x90, 0xbf, 0x00,
    0x00, 0x5f, 0x57, 0xf0, 0x0a, 0xd0, 0xfb, 0x00,
    0x00, 0x1f, 0x9b, 0xb0, 0x06, 0xf4, 0xf6, 0x00,
    0x00, 0x0c, 0xce, 0x70, 0x01, 0xfb, 0xf2, 0x00,
    0x00, 0x07, 0xff, 0x20, 0x00, 0xcf, 0xd0, 0x00,
    0x00, 0x02, 0xfe, 0x00, 0x00, 0x8f, 0x80, 0x00,

    /* U+0078 "x" */
    0x0c, 0xf3, 0x00, 0x03, 0xfc, 0x00, 0x2f, 0xd0,
    0x00, 0xdf, 0x20, 0x00, 0x7f, 0x70, 0x8f, 0x60,
    0x00, 0x00, 0xcf, 0x3f, 0xc0, 0x00, 0x00, 0x02,
    0xff, 0xf2, 0x00, 0x00, 0x00, 0x0f, 0xfe, 0x00,
    0x00, 0x00, 0x04, 0xff, 0xf3, 0x00, 0x00, 0x01,
    0xed, 0x1e, 0xd0, 0x00, 0x00, 0xaf, 0x40, 0x5f,
    0x80, 0x00, 0x5f, 0xa0, 0x00, 0xbf, 0x40, 0x1e,
    0xe1, 0x00, 0x01, 0xfe, 0x00,

    /* U+0079 "y" */
    0x4f, 0xa0, 0x00, 0x00, 0x6f, 0x80, 0xef, 0x00,
    0x00, 0x0c, 0xf2, 0x08, 0xf5, 0x00, 0x01, 0xfc,
    0x00, 0x2f, 0xb0, 0x00, 0x7f, 0x50, 0x00, 0xcf,
    0x10, 0x0d, 0xf0, 0x00, 0x05, 0xf7, 0x03, 0xf9,
    0x00, 0x00, 0x0f, 0xc0, 0x9f, 0x30, 0x00, 0x00,
    0x9f, 0x1e, 0xd0, 0x00, 0x00, 0x03, 0xf9, 0xf7,
    0x00, 0x00, 0x00, 0x0d, 0xff, 0x10, 0x00, 0x00,
    0x00, 0x7f, 0xa0, 0x00, 0x00, 0x00, 0x08, 0xf4,
    0x00, 0x00, 0x00, 0x00, 0xee, 0x00, 0x00, 0x00,
    0x3a, 0xdf, 0x60, 0x00, 0x00, 0x07, 0xfe, 0x60,
    0x00, 0x00, 0x00,

    /* U+007A "z" */
    0x9f, 0xff, 0xff, 0xff, 0xa6, 0xbb, 0xbb, 0xbe,
    0xf7, 0x00, 0x00, 0x04, 0xfc, 0x00, 0x00, 0x01,
    0xee, 0x10, 0x00, 0x00, 0xcf, 0x40, 0x00, 0x00,
    0x8f, 0x80, 0x00, 0x00, 0x5f, 0xc0, 0x00, 0x00,
    0x2f, 0xe1, 0x00, 0x00, 0x0c, 0xf4, 0x00, 0x00,
    0x09, 0xfe, 0xaa, 0xaa, 0xa8, 0xcf, 0xff, 0xff,
    0xff, 0xd0,

    /* U+007B "{" */
    0x00, 0x03, 0xbf, 0x50, 0x00, 0xef, 0x92, 0x00,
    0x5f, 0x60, 0x00, 0x07, 0xf3, 0x00, 0x00, 0x7f,
    0x20, 0x00, 0x07, 0xf2, 0x00, 0x00, 0x8f, 0x20,
    0x00, 0x0c, 0xf0, 0x00, 0xef, 0xf6, 0x00, 0x0f,
    0xfd, 0x20, 0x00, 0x03, 0xee, 0x00, 0x00, 0x08,
    0xf2, 0x00, 0x00, 0x7f, 0x20, 0x00, 0x07, 0xf2,
    0x00, 0x00, 0x7f, 0x20, 0x00, 0x06, 0xf4, 0x00,
    0x00, 0x1f, 0xd4, 0x00, 0x00, 0x7f, 0xf5, 0x00,
    0x00, 0x14, 0x10,

    /* U+007C "|" */
    0x7f, 0x17, 0xf1, 0x7f, 0x17, 0xf1, 0x7f, 0x17,
    0xf1, 0x7f, 0x17, 0xf1, 0x7f, 0x17, 0xf1, 0x7f,
    0x17, 0xf1, 0x7f, 0x17, 0xf1, 0x7f, 0x17, 0xf1,
    0x7f, 0x17, 0xf1, 0x7f, 0x17, 0xf1, 0x7f, 0x17,
    0xf1, 0x7f, 0x17, 0xf1,

    /* U+007D "}" */
    0xcd, 0x80, 0x00, 0x06, 0xcf, 0x70, 0x00, 0x00,
    0xdd, 0x00, 0x00, 0x0a, 0xf0, 0x00, 0x00, 0xaf,
    0x00, 0x00, 0x0a, 0xf0, 0x00, 0x00, 0x9f, 0x00,
    0x00, 0x07, 0xf5, 0x00, 0x00, 0x1b, 0xff, 0x30,
    0x00, 0x7f, 0xf4, 0x00, 0x6f, 0x91, 0x00, 0x09,
    0xf1, 0x00, 0x00, 0xaf, 0x00, 0x00, 0x0a, 0xf0,
    0x00, 0x00, 0xaf, 0x00, 0x00, 0x0c, 0xe0, 0x00,
    0x27, 0xfa, 0x00, 0x0c, 0xfd, 0x10, 0x00, 0x33,
    0x00, 0x00, 0x00,

    /* U+007E "~" */
    0x00, 0x69, 0x60, 0x00, 0x03, 0x10, 0xcf, 0xff,
    0xd2, 0x02, 0xf8, 0x3f, 0x90, 0x6f, 0xfa, 0xdf,
    0x33, 0xa2, 0x00, 0x2b, 0xfe, 0x60,

    /* U+00A0 " " */

    /* U+00A1 "¡" */
    0x2e, 0xc0, 0x6f, 0xf1, 0x08, 0x60, 0x00, 0x00,
    0x00, 0x00, 0x0f, 0xc0, 0x0f, 0xc0, 0x0f, 0xc0,
    0x0f, 0xc0, 0x0f, 0xd0, 0x0f, 0xd0, 0x1f, 0xd0,
    0x1f, 0xd0, 0x1f, 0xd0, 0x1d, 0xb0,

    /* U+00A2 "¢" */
    0x00, 0x00, 0xb7, 0x00, 0x00, 0x00, 0x4b, 0xff,
    0xb4, 0x00, 0x07, 0xfe, 0xff, 0xef, 0x70, 0x3f,
    0xd1, 0xb7, 0x1d, 0xf2, 0x9f, 0x40, 0xb7, 0x03,
    0x50, 0xde, 0x00, 0xb7, 0x00, 0x00, 0xfd, 0x00,
    0xb7, 0x00, 0x00, 0xed, 0x00, 0xb7, 0x00, 0x00,
    0xcf, 0x00, 0xb7, 0x00, 0x00, 0x7f, 0x70, 0xb7,
    0x07, 0xd3, 0x0e, 0xf6, 0xc8, 0x6f, 0xe0, 0x02,
    0xdf, 0xff, 0xfd, 0x20, 0x00, 0x05, 0xff, 0x40,
    0x00, 0x00, 0x00, 0xb7, 0x00, 0x00,

    /* U+00A3 "£" */
    0x00, 0x06, 0xcf, 0xfb, 0x30, 0x00, 0x09, 0xfe,
    0xab, 0xff, 0x40, 0x03, 0xfc, 0x00, 0x02, 0xfd,
    0x00, 0x7f, 0x40, 0x00, 0x05, 0x50, 0x08, 0xf3,
    0x00, 0x00, 0x00, 0x02, 0xaf, 0x62, 0x22, 0x20,
    0x00, 0xef, 0xff, 0xff, 0xff, 0x00, 0x04, 0xcf,
    0xa5, 0x55, 0x50, 0x00, 0x06, 0xf5, 0x00, 0x00,
    0x00, 0x00, 0x5f, 0x60, 0x00, 0x00, 0x00, 0x05,
    0xf6, 0x00, 0x00, 0x01, 0x00, 0x8f, 0x20, 0x00,
    0x09, 0xf1, 0xff, 0xda, 0xaa, 0xaa, 0xee, 0x0e,
    0xff, 0xff, 0xff, 0xfd, 0x40,

    /* U+00A4 "¤" */
    0x00, 0x00, 0x00, 0x00, 0x00, 0x00, 0x05, 0xe2,
    0x4b, 0xef, 0xd8, 0x08, 0xc0, 0x5f, 0xff, 0xea,
    0x9c, 0xff, 0xfc, 0x00, 0xef, 0xa0, 0x00, 0x05,
    0xff, 0x10, 0x1f, 0xb0, 0x00, 0x00, 0x05, 0xf7,
    0x06, 0xf4, 0x00, 0x00, 0x00, 0x0d, 0xd0, 0x9f,
    0x00, 0x00, 0x00, 0x00, 0xaf, 0x09, 0xf0, 0x00,
    0x00, 0x00, 0x0a, 0xf0, 0x6f, 0x40, 0x00, 0x00,
    0x00, 0xdd, 0x01, 0xfc, 0x00, 0x00, 0x00, 0x5f,
    0x70, 0x0f, 0xfb, 0x00, 0x00, 0x5f, 0xf3, 0x08,
    0xff, 0xfe, 0xa9, 0xcf, 0xff, 0xe1, 0x2a, 0x04,
    0xbe, 0xfd, 0x80, 0x59, 0x00,

    /* U+00A5 "¥" */
    0x7f, 0x90, 0x00, 0x00, 0x9f, 0x70, 0xef, 0x10,
    0x00, 0x1f, 0xe0, 0x06, 0xf8, 0x00, 0x08, 0xf6,
    0x00, 0x0e, 0xf0, 0x00, 0xfe, 0x00, 0x00, 0x6f,
    0x70, 0x7f, 0x60, 0x00, 0x00, 0xde, 0x1e, 0xd0,
    0x00, 0x00, 0x16, 0xff, 0xf6, 0x10, 0x00, 0x9f,
    0xff, 0xff, 0xff, 0x90, 0x02, 0x44, 0xcf, 0xc4,
    0x42, 0x00, 0x01, 0x17, 0xf7, 0x11, 0x00, 0x09,
    0xff, 0xff, 0xff, 0xf9, 0x00, 0x24, 0x4a, 0xfa,
    0x44, 0x20, 0x00, 0x00, 0x6f, 0x60, 0x00, 0x00,
    0x00, 0x06, 0xf6, 0x00, 0x00,

    /* U+00A6 "¦" */
    0x2f, 0x82, 0xf8, 0x2f, 0x82, 0xf8, 0x2f, 0x82,
    0xf8, 0x19, 0x50, 0x00, 0x00, 0x00, 0x00, 0x1a,
    0x52, 0xf8, 0x2f, 0x82, 0xf8, 0x2f, 0x82, 0xf8,
    0x2f, 0x80,

    /* U+00A7 "§" */
    0x00, 0x6d, 0xfe, 0x91, 0x00, 0x06, 0xfd, 0x89,
    0xfc, 0x00, 0x0c, 0xe0, 0x00, 0x7f, 0x40, 0x0c,
    0xe0, 0x00, 0x04, 0x00, 0x05, 0xfa, 0x00, 0x00,
    0x00, 0x04, 0x9a, 0xe6, 0x00, 0x00, 0x5d, 0x00,
    0x2b, 0xc2, 0x00, 0xcd, 0x00, 0x00, 0x5e, 0x30,
    0xaf, 0x60, 0x00, 0x08, 0xd0, 0x3f, 0xfb, 0x20,
    0x07, 0xf1, 0x05, 0xff, 0xf9, 0x6e, 0xe0, 0x00,
    0x1a, 0xff, 0xfd, 0x30, 0x00, 0x00, 0x3c, 0xf5,
    0x00, 0x00, 0x00, 0x00, 0xcf, 0x10, 0x2b, 0x50,
    0x00, 0x7f, 0x30, 0x1f, 0xe3, 0x02, 0xdf, 0x10,
    0x05, 0xff, 0xff, 0xf6, 0x00, 0x00, 0x16, 0x76,
    0x10, 0x00,

    /* U+00A8 "¨" */
    0x02, 0x10, 0x02, 0x20, 0x3f, 0xe0, 0x1f, 0xf0,
    0x1e, 0xb0, 0x0d, 0xc0,

    /* U+00A9 "©" */
    0x00, 0x00, 0x17, 0xce, 0xfd, 0x92, 0x00, 0x00,
    0x00, 0x05, 0xff, 0xec, 0xbd, 0xff, 0x90, 0x00,
    0x00, 0x6f, 0xe5, 0x00, 0x00, 0x3c, 0xfa, 0x00,
    0x03, 0xfd, 0x10, 0x38, 0x96, 0x00, 0xaf, 0x70,
    0x0b, 0xf3, 0x09, 0xff, 0xff, 0xe2, 0x0e, 0xf0,
    0x1f, 0xb0, 0x7f, 0xb2, 0x06, 0xfc, 0x07, 0xf5,
    0x4f, 0x70, 0xdd, 0x00, 0x00, 0x69, 0x12, 0xf8,
    0x5f, 0x50, 0xfa, 0x00, 0x00, 0x00, 0x01, 0xf9,
    0x4f, 0x70, 0xdd, 0x00, 0x00, 0x79, 0x02, 0xf8,
    0x1f, 0xb0, 0x7f, 0xb2, 0x06, 0xfa, 0x07, 0xf5,
    0x0b, 0xf3, 0x0a, 0xff, 0xff, 0xd1, 0x0e, 0xf0,
    0x03, 0xfd, 0x10, 0x49, 0x96, 0x00, 0xaf, 0x70,
    0x00, 0x6f, 0xe5, 0x00, 0x00, 0x3c, 0xfa, 0x00,
    0x00, 0x05, 0xff, 0xeb, 0xbd, 0xff, 0x90, 0x00,
    0x00, 0x00, 0x17, 0xcf, 0xfd, 0x92, 0x00, 0x00,

    /* U+00AA "ª" */
    0x00, 0x9d, 0xfd, 0x80, 0x0c, 0xf8, 0x59, 0xf9,
    0x02, 0x30, 0x00, 0xdd, 0x00, 0x58, 0xac, 0xfe,
    0x0d, 0xe9, 0x64, 0xce, 0x4f, 0x60, 0x00, 0xee,
    0x2f, 0xc6, 0x6c, 0xfe, 0x04, 0xdf, 0xe6, 0xbe,

    /* U+00AB "«" */
    0x00, 0x00, 0x8f, 0x70, 0x9f, 0x70, 0x00, 0x6f,
    0xa0, 0x6f, 0x90, 0x00, 0x4f, 0xc0, 0x4f, 0xb0,
    0x00, 0x2e, 0xe1, 0x3f, 0xd1, 0x00, 0x0c, 0xf4,
    0x0d, 0xf3, 0x00, 0x00, 0x4f, 0xc0, 0x4f, 0xc0,
    0x00, 0x00, 0x6f, 0xa0, 0x6f, 0xa0, 0x00, 0x00,
    0x8f, 0x80, 0x9f, 0x70, 0x00, 0x00, 0xaf, 0x50,
    0xbf, 0x50, 0x00, 0x00, 0x22, 0x00, 0x22,

    /* U+00AC "¬" */
    0x78, 0x88, 0x88, 0x88, 0x3d, 0xff, 0xff, 0xff,
    0xf5, 0x00, 0x00, 0x00, 0x4f, 0x50, 0x00, 0x00,
    0x04, 0xf5, 0x00, 0x00, 0x00, 0x28, 0x20,

    /* U+00AE "®" */
    0x00, 0x00, 0x00, 0x00, 0x00, 0x00, 0x00, 0x00,
    0x2a, 0xef, 0xfc, 0x40, 0x00, 0x00, 0x4f, 0xd7,
    0x46, 0xbf, 0x80, 0x00, 0x1f, 0xa0, 0x00, 0x00,
    0x6f, 0x60, 0x09, 0xe0, 0x5e, 0xdd, 0x40, 0x9e,
    0x00, 0xe8, 0x05, 0xd0, 0x7e, 0x03, 0xf3, 0x0f,
    0x60, 0x5d, 0x07, 0xd0, 0x1f, 0x50, 0xe7, 0x05,
    0xfd, 0xf4, 0x02, 0xf3, 0x0a, 0xd0, 0x5d, 0x0a,
    0xa0, 0x8f, 0x00, 0x3f, 0x82, 0x50, 0x16, 0x4f,
    0x80, 0x00, 0x6f, 0xb4, 0x23, 0x8f, 0xb0, 0x00,
    0x00, 0x4d, 0xff, 0xfe, 0x70, 0x00, 0x00, 0x00,
    0x02, 0x43, 0x00, 0x00, 0x00,

    /* U+00AF "¯" */
    0x11, 0x11, 0x10, 0xef, 0xff, 0xf7, 0x44, 0x44,
    0x42,

    /* U+00B0 "°" */
    0x00, 0x01, 0x00, 0x00, 0x5e, 0xff, 0x70, 0x4f,
    0xb6, 0xaf, 0x5a, 0xe0, 0x00, 0xcc, 0xad, 0x00,
    0x0b, 0xc5, 0xf8, 0x37, 0xf7, 0x08, 0xff, 0xfa,
    0x00, 0x01, 0x42, 0x00,

    /* U+00B1 "±" */
    0x00, 0x03, 0xf7, 0x00, 0x00, 0x00, 0x03, 0xf7,
    0x00, 0x00, 0x00, 0x03, 0xf7, 0x00, 0x00, 0xff,
    0xff, 0xff, 0xff, 0xf3, 0x9a, 0xad, 0xff, 0xaa,
    0xa2, 0x00, 0x03, 0xf7, 0x00, 0x00, 0x00, 0x03,
    0xf7, 0x00, 0x00, 0x00, 0x00, 0x41, 0x00, 0x00,
    0x9a, 0xaa, 0xaa, 0xaa, 0xa2, 0xff, 0xff, 0xff,
    0xff, 0xf3,

    /* U+00B2 "²" */
    0x09, 0xef, 0xd5, 0x0a, 0xf7, 0x5b, 0xf4, 0x65,
    0x00, 0x3f, 0x70, 0x00, 0x0b, 0xf2, 0x00, 0x2c,
    0xf4, 0x00, 0x4e, 0xd2, 0x00, 0x7f, 0xe6, 0x66,
    0x4d, 0xff, 0xff, 0xfc,

    /* U+00B3 "³" */
    0x08, 0xef, 0xe8, 0x00, 0x9f, 0x86, 0x9f, 0x80,
    0x11, 0x00, 0x4f, 0x70, 0x00, 0x7f, 0xf9, 0x00,
    0x00, 0x13, 0x7f, 0x90, 0x65, 0x00, 0x0d, 0xf0,
    0xbf, 0x96, 0xaf, 0xb0, 0x09, 0xef, 0xe9, 0x00,

    /* U+00B4 "´" */
    0x03, 0xfa, 0x0a, 0xe1, 0x2f, 0x60,

    /* U+00B5 "µ" */
    0x7f, 0x40, 0x00, 0x07, 0xf4, 0x07, 0xf4, 0x00,
    0x00, 0x7f, 0x40, 0x7f, 0x40, 0x00, 0x07, 0xf4,
    0x07, 0xf4, 0x00, 0x00, 0x7f, 0x40, 0x7f, 0x40,
    0x00, 0x07, 0xf4, 0x07, 0xf4, 0x00, 0x00, 0x7f,
    0x40, 0x7f, 0x40, 0x00, 0x07, 0xf4, 0x07, 0xf8,
    0x00, 0x00, 0xcf, 0x40, 0x7f, 0xf0, 0x00, 0x0f,
    0xf4, 0x07, 0xfe, 0xc7, 0x7d, 0xcf, 0xb4, 0x7f,
    0x59, 0xee, 0x80, 0x7e, 0x97, 0xf4, 0x00, 0x00,
    0x00, 0x00, 0x7f, 0x40, 0x00, 0x00, 0x00, 0x07,
    0xf4, 0x00, 0x00, 0x00, 0x00, 0x7f, 0x40, 0x00,
    0x00, 0x00, 0x00,

    /* U+00B6 "¶" */
    0x00, 0x7d, 0xff, 0xff, 0xf8, 0x0c, 0xff, 0xfe,
    0x9f, 0xf6, 0x8f, 0xff, 0xfb, 0x08, 0xf4, 0xcf,
    0xff, 0xfb, 0x08, 0xf4, 0xef, 0xff, 0xfb, 0x08,
    0xf4, 0xcf, 0xff, 0xfb, 0x08, 0xf4, 0x6f, 0xff,
    0xfb, 0x08, 0xf4, 0x0a, 0xff, 0xfb, 0x08, 0xf4,
    0x00, 0x5a, 0xc9, 0x08, 0xf4, 0x00, 0x00, 0x00,
    0x08, 0xf4, 0x00, 0x00, 0x00, 0x08, 0xf4, 0x00,
    0x00, 0x00, 0x08, 0xf4, 0x00, 0x00, 0x00, 0x08,
    0xf4, 0x00, 0x00, 0x00, 0x08, 0xf4,

    /* U+00B7 "·" */
    0x08, 0x60, 0x6f, 0xf2, 0x2e, 0xc0,

    /* U+00B8 "¸" */
    0x03, 0x00, 0x0f, 0x10, 0x1f, 0xd6, 0x00, 0x8e,
    0x7e, 0xf8, 0x01, 0x00,

    /* U+00B9 "¹" */
    0x02, 0xbf, 0xe0, 0xfc, 0xee, 0x06, 0x0d, 0xe0,
    0x00, 0xde, 0x00, 0x0d, 0xe0, 0x00, 0xde, 0x00,
    0x0d, 0xe0, 0x00, 0xde,

    /* U+00BA "º" */
    0x00, 0x5c, 0xfe, 0xa2, 0x00, 0x6f, 0xc7, 0x8e,
    0xe2, 0x0e, 0xd0, 0x00, 0x3f, 0x92, 0xf9, 0x00,
    0x00, 0xdd, 0x2f, 0x90, 0x00, 0x0d, 0xd0, 0xed,
    0x00, 0x03, 0xf9, 0x06, 0xfc, 0x78, 0xee, 0x20,
    0x05, 0xcf, 0xea, 0x20,

    /* U+00BB "»" */
    0x0c, 0xf3, 0x0c, 0xf3, 0x00, 0x00, 0x1e, 0xe2,
    0x1e, 0xe2, 0x00, 0x00, 0x2f, 0xd1, 0x3f, 0xd0,
    0x00, 0x00, 0x4f, 0xc0, 0x5f, 0xb0, 0x00, 0x00,
    0x9f, 0x70, 0x9f, 0x70, 0x00, 0x3f, 0xd1, 0x3f,
    0xd0, 0x00, 0x1e, 0xe2, 0x1e, 0xe2, 0x00, 0x0c,
    0xf3, 0x0c, 0xf3, 0x00, 0x0a, 0xf5, 0x0a, 0xf5,
    0x00, 0x00, 0x22, 0x00, 0x22, 0x00, 0x00,

    /* U+00BC "¼" */
    0x05, 0xff, 0x40, 0x00, 0x00, 0x08, 0xf2, 0x00,
    0x3f, 0xbf, 0x40, 0x00, 0x00, 0x3f, 0x70, 0x00,
    0x35, 0x4f, 0x40, 0x00, 0x00, 0xdc, 0x00, 0x00,
    0x00, 0x4f, 0x40, 0x00, 0x09, 0xf2, 0x00, 0x00,
    0x00, 0x4f, 0x40, 0x00, 0x4f, 0x60, 0x00, 0x00,
    0x00, 0x4f, 0x40, 0x01, 0xeb, 0x00, 0x00, 0x00,
    0x00, 0x4f, 0x40, 0x0a, 0xe1, 0x00, 0x00, 0x00,
    0x00, 0x4e, 0x40, 0x5f, 0x50, 0x01, 0xff, 0x30,
    0x00, 0x00, 0x01, 0xea, 0x00, 0x0a, 0xff, 0x30,
    0x00, 0x00, 0x0b, 0xe0, 0x00, 0x4f, 0x7f, 0x30,
    0x00, 0x00, 0x6f, 0x40, 0x00, 0xe9, 0x4f, 0x30,
    0x00, 0x02, 0xf8, 0x00, 0x09, 0xe2, 0x5f, 0x50,
    0x00, 0x0c, 0xd0, 0x00, 0x0e, 0xff, 0xff, 0xf3,
    0x00, 0x7f, 0x30, 0x00, 0x03, 0x44, 0x8f, 0x80,
    0x00, 0x75, 0x00, 0x00, 0x00, 0x00, 0x27, 0x10,

    /* U+00BD "½" */
    0x01, 0x99, 0x20, 0x00, 0x00, 0x03, 0x92, 0x00,
    0x2e, 0xef, 0x40, 0x00, 0x00, 0x0d, 0xb0, 0x00,
    0x49, 0x5f, 0x40, 0x00, 0x00, 0x9f, 0x20, 0x00,
    0x00, 0x4f, 0x40, 0x00, 0x04, 0xf6, 0x00, 0x00,
    0x00, 0x4f, 0x40, 0x00, 0x0d, 0xb0, 0x00, 0x00,
    0x00, 0x4f, 0x40, 0x00, 0x9f, 0x10, 0x00, 0x00,
    0x00, 0x4f, 0x40, 0x04, 0xf6, 0x00, 0x00, 0x00,
    0x00, 0x4f, 0x40, 0x0e, 0xb0, 0x08, 0xff, 0xc2,
    0x00, 0x14, 0x10, 0x9f, 0x10, 0x4f, 0x95, 0xeb,
    0x00, 0x00, 0x04, 0xf6, 0x00, 0x13, 0x00, 0xad,
    0x00, 0x00, 0x0e, 0xb0, 0x00, 0x00, 0x03, 0xf7,
    0x00, 0x00, 0xae, 0x10, 0x00, 0x00, 0x1e, 0xc0,
    0x00, 0x04, 0xf5, 0x00, 0x00, 0x00, 0xce, 0x10,
    0x00, 0x1e, 0xa0, 0x00, 0x00, 0x0b, 0xf4, 0x11,
    0x00, 0xae, 0x10, 0x00, 0x00, 0x5f, 0xff, 0xff,
    0x00, 0x42, 0x00, 0x00, 0x00, 0x14, 0x44, 0x44,

    /* U+00BE "¾" */
    0x00, 0x00, 0x00, 0x00, 0x00, 0x00, 0x00, 0x00,
    0x00, 0x1b, 0xff, 0xa0, 0x00, 0x00, 0x00, 0xeb,
    0x00, 0x09, 0xc5, 0x6f, 0x60, 0x00, 0x00, 0xae,
    0x10, 0x00, 0x00, 0x04, 0xf6, 0x00, 0x00, 0x5f,
    0x50, 0x00, 0x00, 0x0f, 0xfb, 0x00, 0x00, 0x1e,
    0xa0, 0x00, 0x00, 0x00, 0x36, 0xf8, 0x00, 0x0b,
    0xe1, 0x00, 0x00, 0x00, 0x00, 0x0c, 0xd0, 0x06,
    0xf4, 0x00, 0x00, 0x00, 0xa9, 0x12, 0xfa, 0x01,
    0xf9, 0x00, 0x00, 0x00, 0x06, 0xff, 0xfd, 0x20,
    0xbd, 0x00, 0x07, 0xfd, 0x00, 0x01, 0x33, 0x00,
    0x7f, 0x30, 0x01, 0xff, 0xd0, 0x00, 0x00, 0x00,
    0x2f, 0x80, 0x00, 0xbc, 0xad, 0x00, 0x00, 0x00,
    0x0c, 0xc0, 0x00, 0x5f, 0x2a, 0xd0, 0x00, 0x00,
    0x08, 0xf2, 0x00, 0x1e, 0x91, 0xbe, 0x00, 0x00,
    0x03, 0xf7, 0x00, 0x04, 0xff, 0xff, 0xfc, 0x00,
    0x00, 0xdc, 0x00, 0x00, 0x14, 0x44, 0xff, 0x30,
    0x00, 0x37, 0x20, 0x00, 0x00, 0x00, 0x05, 0x60,

    /* U+00BF "¿" */
    0x00, 0x05, 0xf8, 0x00, 0x00, 0x00, 0xaf, 0xd0,
    0x00, 0x00, 0x02, 0x83, 0x00, 0x00, 0x00, 0x00,
    0x00, 0x00, 0x00, 0x01, 0x63, 0x00, 0x00, 0x00,
    0x5f, 0x60, 0x00, 0x00, 0x0c, 0xf4, 0x00, 0x00,
    0x1c, 0xfc, 0x00, 0x00, 0x2e, 0xfa, 0x00, 0x00,
    0x0a, 0xf8, 0x00, 0x00, 0x00, 0xee, 0x00, 0x00,
    0x00, 0x0f, 0xd0, 0x00, 0x07, 0xe5, 0xbf, 0x40,
    0x01, 0xdf, 0x23, 0xff, 0xa9, 0xef, 0x80, 0x03,
    0xbe, 0xfc, 0x60, 0x00,

    /* U+00C0 "À" */
    0x00, 0x00, 0x5d, 0x60, 0x00, 0x00, 0x00, 0x00,
    0x00, 0x0c, 0xe0, 0x00, 0x00, 0x00, 0x00, 0x00,
    0x02, 0xf6, 0x00, 0x00, 0x00, 0x00, 0x00, 0x00,
    0x00, 0x00, 0x00, 0x00, 0x00, 0x00, 0x00, 0x00,
    0x00, 0x00, 0x00, 0x00, 0x00, 0x06, 0xff, 0x20,
    0x00, 0x00, 0x00, 0x00, 0x0c, 0xef, 0x80, 0x00,
    0x00, 0x00, 0x00, 0x2f, 0x8c, 0xe0, 0x00, 0x00,
    0x00, 0x00, 0x8f, 0x37, 0xf4, 0x00, 0x00, 0x00,
    0x00, 0xee, 0x02, 0xfa, 0x00, 0x00, 0x00, 0x04,
    0xf8, 0x00, 0xdf, 0x10, 0x00, 0x00, 0x0a, 0xf3,
    0x00, 0x7f, 0x60, 0x00, 0x00, 0x1f, 0xd0, 0x00,
    0x1f, 0xc0, 0x00, 0x00, 0x6f, 0xf9, 0x99, 0x9f,
    0xf3, 0x00, 0x00, 0xcf, 0xff, 0xff, 0xff, 0xf9,
    0x00, 0x02, 0xfb, 0x00, 0x00, 0x00, 0xee, 0x00,
    0x08, 0xf6, 0x00, 0x00, 0x00, 0x9f, 0x50, 0x0e,
    0xf0, 0x00, 0x00, 0x00, 0x3f, 0xb0, 0x4f, 0xa0,
    0x00, 0x00, 0x00, 0x0d, 0xf1,

    /* U+00C1 "Á" */
    0x00, 0x00, 0x00, 0x05, 0x82, 0x00, 0x00, 0x00,
    0x00, 0x00, 0x1f, 0xb0, 0x00, 0x00, 0x00, 0x00,
    0x00, 0x9d, 0x10, 0x00, 0x00, 0x00, 0x00, 0x00,
    0x00, 0x00, 0x00, 0x00, 0x00, 0x00, 0x00, 0x00,
    0x00, 0x00, 0x00, 0x00, 0x00, 0x06, 0xff, 0x20,
    0x00, 0x00, 0x00, 0x00, 0x0c, 0xef, 0x80, 0x00,
    0x00, 0x00, 0x00, 0x2f, 0x8c, 0xe0, 0x00, 0x00,
    0x00, 0x00, 0x8f, 0x37, 0xf4, 0x00, 0x00, 0x00,
    0x00, 0xee, 0x02, 0xfa, 0x00, 0x00, 0x00, 0x04,
    0xf8, 0x00, 0xdf, 0x10, 0x00, 0x00, 0x0a, 0xf3,
    0x00, 0x7f, 0x60, 0x00, 0x00, 0x1f, 0xd0, 0x00,
    0x1f, 0xc0, 0x00, 0x00, 0x6f, 0xf9, 0x99, 0x9f,
    0xf3, 0x00, 0x00, 0xcf, 0xff, 0xff, 0xff, 0xf9,
    0x00, 0x02, 0xfb, 0x00, 0x00, 0x00, 0xee, 0x00,
    0x08, 0xf6, 0x00, 0x00, 0x00, 0x9f, 0x50, 0x0e,
    0xf0, 0x00, 0x00, 0x00, 0x3f, 0xb0, 0x4f, 0xa0,
    0x00, 0x00, 0x00, 0x0d, 0xf1,

    /* U+00C2 "Â" */
    0x00, 0x00, 0x01, 0x77, 0x00, 0x00, 0x00, 0x00,
    0x00, 0x1d, 0xce, 0xa0, 0x00, 0x00, 0x00, 0x00,
    0xcd, 0x13, 0xf9, 0x00, 0x00, 0x00, 0x00, 0x00,
    0x00, 0x00, 0x00, 0x00, 0x00, 0x00, 0x00, 0x00,
    0x00, 0x00, 0x00, 0x00, 0x00, 0x06, 0xff, 0x20,
    0x00, 0x00, 0x00, 0x00, 0x0c, 0xef, 0x80, 0x00,
    0x00, 0x00, 0x00, 0x2f, 0x8c, 0xe0, 0x00, 0x00,
    0x00, 0x00, 0x8f, 0x37, 0xf4, 0x00, 0x00, 0x00,
    0x00, 0xee, 0x02, 0xfa, 0x00, 0x00, 0x00, 0x04,
    0xf8, 0x00, 0xdf, 0x10, 0x00, 0x00, 0x0a, 0xf3,
    0x00, 0x7f, 0x60, 0x00, 0x00, 0x1f, 0xd0, 0x00,
    0x1f, 0xc0, 0x00, 0x00, 0x6f, 0xf9, 0x99, 0x9f,
    0xf3, 0x00, 0x00, 0xcf, 0xff, 0xff, 0xff, 0xf9,
    0x00, 0x02, 0xfb, 0x00, 0x00, 0x00, 0xee, 0x00,
    0x08, 0xf6, 0x00, 0x00, 0x00, 0x9f, 0x50, 0x0e,
    0xf0, 0x00, 0x00, 0x00, 0x3f, 0xb0, 0x4f, 0xa0,
    0x00, 0x00, 0x00, 0x0d, 0xf1,

    /* U+00C3 "Ã" */
    0x00, 0x00, 0x00, 0x00, 0x00, 0x00, 0x00, 0x00,
    0x00, 0x9f, 0xff, 0xf8, 0x00, 0x00, 0x00, 0x00,
    0x33, 0x33, 0x20, 0x00, 0x00, 0x00, 0x00, 0x00,
    0x00, 0x00, 0x00, 0x00, 0x00, 0x00, 0x00, 0x00,
    0x00, 0x00, 0x00, 0x00, 0x00, 0x06, 0xff, 0x20,
    0x00, 0x00, 0x00, 0x00, 0x0c, 0xef, 0x80, 0x00,
    0x00, 0x00, 0x00, 0x2f, 0x8c, 0xe0, 0x00, 0x00,
    0x00, 0x00, 0x8f, 0x37, 0xf4, 0x00, 0x00, 0x00,
    0x00, 0xee, 0x02, 0xfa, 0x00, 0x00, 0x00, 0x04,
    0xf8, 0x00, 0xdf, 0x10, 0x00, 0x00, 0x0a, 0xf3,
    0x00, 0x7f, 0x60, 0x00, 0x00, 0x1f, 0xd0, 0x00,
    0x1f, 0xc0, 0x00, 0x00, 0x6f, 0xf9, 0x99, 0x9f,
    0xf3, 0x00, 0x00, 0xcf, 0xff, 0xff, 0xff, 0xf9,
    0x00, 0x02, 0xfb, 0x00, 0x00, 0x00, 0xee, 0x00,
    0x08, 0xf6, 0x00, 0x00, 0x00, 0x9f, 0x50, 0x0e,
    0xf0, 0x00, 0x00, 0x00, 0x3f, 0xb0, 0x4f, 0xa0,
    0x00, 0x00, 0x00, 0x0d, 0xf1,

    /* U+00C4 "Ä" */
    0x00, 0x00, 0x31, 0x00, 0x22, 0x00, 0x00, 0x00,
    0x03, 0xfe, 0x01, 0xff, 0x00, 0x00, 0x00, 0x01,
    0xeb, 0x00, 0xdc, 0x00, 0x00, 0x00, 0x00, 0x00,
    0x00, 0x00, 0x00, 0x00, 0x00, 0x00, 0x00, 0x00,
    0x00, 0x00, 0x00, 0x00, 0x00, 0x06, 0xff, 0x20,
    0x00, 0x00, 0x00, 0x00, 0x0c, 0xef, 0x80, 0x00,
    0x00, 0x00, 0x00, 0x2f, 0x8c, 0xe0, 0x00, 0x00,
    0x00, 0x00, 0x8f, 0x37, 0xf4, 0x00, 0x00, 0x00,
    0x00, 0xee, 0x02, 0xfa, 0x00, 0x00, 0x00, 0x04,
    0xf8, 0x00, 0xdf, 0x10, 0x00, 0x00, 0x0a, 0xf3,
    0x00, 0x7f, 0x60, 0x00, 0x00, 0x1f, 0xd0, 0x00,
    0x1f, 0xc0, 0x00, 0x00, 0x6f, 0xf9, 0x99, 0x9f,
    0xf3, 0x00, 0x00, 0xcf, 0xff, 0xff, 0xff, 0xf9,
    0x00, 0x02, 0xfb, 0x00, 0x00, 0x00, 0xee, 0x00,
    0x08, 0xf6, 0x00, 0x00, 0x00, 0x9f, 0x50, 0x0e,
    0xf0, 0x00, 0x00, 0x00, 0x3f, 0xb0, 0x4f, 0xa0,
    0x00, 0x00, 0x00, 0x0d, 0xf1,

    /* U+00C5 "Å" */
    0x00, 0x00, 0x00, 0x00, 0x00, 0x00, 0x00, 0x00,
    0x00, 0x08, 0xfe, 0x50, 0x00, 0x00, 0x00, 0x00,
    0x6f, 0x57, 0xf3, 0x00, 0x00, 0x00, 0x00, 0xab,
    0x00, 0xe6, 0x00, 0x00, 0x00, 0x00, 0x7e, 0x24,
    0xf4, 0x00, 0x00, 0x00, 0x00, 0x0b, 0xff, 0x80,
    0x00, 0x00, 0x00, 0x00, 0x00, 0x21, 0x00, 0x00,
    0x00, 0x00, 0x00, 0x06, 0xff, 0x20, 0x00, 0x00,
    0x00, 0x00, 0x0c, 0xef, 0x80, 0x00, 0x00, 0x00,
    0x00, 0x2f, 0x8c, 0xe0, 0x00, 0x00, 0x00, 0x00,
    0x8f, 0x37, 0xf4, 0x00, 0x00, 0x00, 0x00, 0xee,
    0x02, 0xfa, 0x00, 0x00, 0x00, 0x04, 0xf8, 0x00,
    0xdf, 0x10, 0x00, 0x00, 0x0a, 0xf3, 0x00, 0x7f,
    0x60, 0x00, 0x00, 0x1f, 0xd0, 0x00, 0x1f, 0xc0,
    0x00, 0x00, 0x6f, 0xf9, 0x99, 0x9f, 0xf3, 0x00,
    0x00, 0xcf, 0xff, 0xff, 0xff, 0xf9, 0x00, 0x02,
    0xfb, 0x00, 0x00, 0x00, 0xee, 0x00, 0x08, 0xf6,
    0x00, 0x00, 0x00, 0x9f, 0x50, 0x0e, 0xf0, 0x00,
    0x00, 0x00, 0x3f, 0xb0, 0x4f, 0xa0, 0x00, 0x00,
    0x00, 0x0d, 0xf1,

    /* U+00C6 "Æ" */
    0x00, 0x00, 0x00, 0x0c, 0xff, 0xff, 0xff, 0xff,
    0xff, 0x70, 0x00, 0x00, 0x03, 0xfa, 0x7f, 0xca,
    0xaa, 0xaa, 0xa4, 0x00, 0x00, 0x00, 0xcf, 0x25,
    0xf7, 0x00, 0x00, 0x00, 0x00, 0x00, 0x00, 0x3f,
    0xa0, 0x5f, 0x70, 0x00, 0x00, 0x00, 0x00, 0x00,
    0x0b, 0xf2, 0x05, 0xf7, 0x00, 0x00, 0x00, 0x00,
    0x00, 0x03, 0xfa, 0x00, 0x5f, 0x70, 0x00, 0x00,
    0x00, 0x00, 0x00, 0xbf, 0x30, 0x05, 0xff, 0xff,
    0xff, 0xff, 0x00, 0x00, 0x3f, 0xb0, 0x00, 0x5f,
    0xca, 0xaa, 0xaa, 0xa0, 0x00, 0x0d, 0xfc, 0x88,
    0x8d, 0xf7, 0x00, 0x00, 0x00, 0x00, 0x03, 0xff,
    0xff, 0xff, 0xff, 0x70, 0x00, 0x00, 0x00, 0x00,
    0xbf, 0x30, 0x00, 0x05, 0xf7, 0x00, 0x00, 0x00,
    0x00, 0x3f, 0xc0, 0x00, 0x00, 0x5f, 0x70, 0x00,
    0x00, 0x00, 0x0b, 0xf4, 0x00, 0x00, 0x05, 0xfc,
    0xaa, 0xaa, 0xaa, 0x53, 0xfc, 0x00, 0x00, 0x00,
    0x5f, 0xff, 0xff, 0xff, 0xf9,

    /* U+00C7 "Ç" */
    0x00, 0x03, 0xad, 0xfe, 0xb5, 0x00, 0x00, 0x08,
    0xff, 0xdb, 0xdf, 0xfc, 0x00, 0x07, 0xfd, 0x30,
    0x00, 0x2b, 0xfa, 0x01, 0xfe, 0x10, 0x00, 0x00,
    0x0c, 0xf3, 0x6f, 0x70, 0x00, 0x00, 0x00, 0x38,
    0x3a, 0xf2, 0x00, 0x00, 0x00, 0x00, 0x00, 0xcf,
    0x00, 0x00, 0x00, 0x00, 0x00, 0x0c, 0xf0, 0x00,
    0x00, 0x00, 0x00, 0x00, 0xaf, 0x20, 0x00, 0x00,
    0x00, 0x00, 0x06, 0xf7, 0x00, 0x00, 0x00, 0x03,
    0x83, 0x1f, 0xe1, 0x00, 0x00, 0x00, 0xcf, 0x30,
    0x7f, 0xd3, 0x00, 0x01, 0xbf, 0xa0, 0x00, 0x8f,
    0xfd, 0xbc, 0xff, 0xc0, 0x00, 0x00, 0x3a, 0xdf,
    0xfb, 0x60, 0x00, 0x00, 0x00, 0x00, 0xe4, 0x00,
    0x00, 0x00, 0x00, 0x00, 0x0b, 0xeb, 0x00, 0x00,
    0x00, 0x00, 0x00, 0x07, 0xe0, 0x00, 0x00, 0x00,
    0x00, 0x7f, 0xe6, 0x00, 0x00,

    /* U+00C8 "È" */
    0x00, 0x1c, 0xb0, 0x00, 0x00, 0x00, 0x07, 0xf4,
    0x00, 0x00, 0x00, 0x00, 0xcc, 0x00, 0x00, 0x00,
    0x00, 0x00, 0x00, 0x00, 0x00, 0x00, 0x00, 0x00,
    0x00, 0x3f, 0xff, 0xff, 0xff, 0xfa, 0x3f, 0xda,
    0xaa, 0xaa, 0xa6, 0x3f, 0x90, 0x00, 0x00, 0x00,
    0x3f, 0x90, 0x00, 0x00, 0x00, 0x3f, 0x90, 0x00,
    0x00, 0x00, 0x3f, 0x90, 0x00, 0x00, 0x00, 0x3f,
    0xff, 0xff, 0xff, 0xf2, 0x3f, 0xda, 0xaa, 0xaa,
    0xa1, 0x3f, 0x90, 0x00, 0x00, 0x00, 0x3f, 0x90,
    0x00, 0x00, 0x00, 0x3f, 0x90, 0x00, 0x00, 0x00,
    0x3f, 0x90, 0x00, 0x00, 0x00, 0x3f, 0xda, 0xaa,
    0xaa, 0xa7, 0x3f, 0xff, 0xff, 0xff, 0xfb,

    /* U+00C9 "É" */
    0x00, 0x00, 0x02, 0x84, 0x00, 0x00, 0x00, 0x0b,
    0xe1, 0x00, 0x00, 0x00, 0x4f, 0x40, 0x00, 0x00,
    0x00, 0x00, 0x00, 0x00, 0x00, 0x00, 0x00, 0x00,
    0x00, 0x3f, 0xff, 0xff, 0xff, 0xfa, 0x3f, 0xda,
    0xaa, 0xaa, 0xa6, 0x3f, 0x90, 0x00, 0x00, 0x00,
    0x3f, 0x90, 0x00, 0x00, 0x00, 0x3f, 0x90, 0x00,
    0x00, 0x00, 0x3f, 0x90, 0x00, 0x00, 0x00, 0x3f,
    0xff, 0xff, 0xff, 0xf2, 0x3f, 0xda, 0xaa, 0xaa,
    0xa1, 0x3f, 0x90, 0x00, 0x00, 0x00, 0x3f, 0x90,
    0x00, 0x00, 0x00, 0x3f, 0x90, 0x00, 0x00, 0x00,
    0x3f, 0x90, 0x00, 0x00, 0x00, 0x3f, 0xda, 0xaa,
    0xaa, 0xa7, 0x3f, 0xff, 0xff, 0xff, 0xfb,

    /* U+00CA "Ê" */
    0x00, 0x00, 0x68, 0x20, 0x00, 0x00, 0x08, 0xfb,
    0xe1, 0x00, 0x00, 0x7f, 0x40, 0xcd, 0x10, 0x00,
    0x00, 0x00, 0x00, 0x00, 0x00, 0x00, 0x00, 0x00,
    0x00, 0x3f, 0xff, 0xff, 0xff, 0xfa, 0x3f, 0xda,
    0xaa, 0xaa, 0xa6, 0x3f, 0x90, 0x00, 0x00, 0x00,
    0x3f, 0x90, 0x00, 0x00, 0x00, 0x3f, 0x90, 0x00,
    0x00, 0x00, 0x3f, 0x90, 0x00, 0x00, 0x00, 0x3f,
    0xff, 0xff, 0xff, 0xf2, 0x3f, 0xda, 0xaa, 0xaa,
    0xa1, 0x3f, 0x90, 0x00, 0x00, 0x00, 0x3f, 0x90,
    0x00, 0x00, 0x00, 0x3f, 0x90, 0x00, 0x00, 0x00,
    0x3f, 0x90, 0x00, 0x00, 0x00, 0x3f, 0xda, 0xaa,
    0xaa, 0xa7, 0x3f, 0xff, 0xff, 0xff, 0xfb,

    /* U+00CB "Ë" */
    0x00, 0x13, 0x00, 0x13, 0x00, 0x00, 0xdf, 0x30,
    0xbf, 0x50, 0x00, 0xae, 0x20, 0x8e, 0x30, 0x00,
    0x00, 0x00, 0x00, 0x00, 0x00, 0x00, 0x00, 0x00,
    0x00, 0x3f, 0xff, 0xff, 0xff, 0xfa, 0x3f, 0xda,
    0xaa, 0xaa, 0xa6, 0x3f, 0x90, 0x00, 0x00, 0x00,
    0x3f, 0x90, 0x00, 0x00, 0x00, 0x3f, 0x90, 0x00,
    0x00, 0x00, 0x3f, 0x90, 0x00, 0x00, 0x00, 0x3f,
    0xff, 0xff, 0xff, 0xf2, 0x3f, 0xda, 0xaa, 0xaa,
    0xa1, 0x3f, 0x90, 0x00, 0x00, 0x00, 0x3f, 0x90,
    0x00, 0x00, 0x00, 0x3f, 0x90, 0x00, 0x00, 0x00,
    0x3f, 0x90, 0x00, 0x00, 0x00, 0x3f, 0xda, 0xaa,
    0xaa, 0xa7, 0x3f, 0xff, 0xff, 0xff, 0xfb,

    /* U+00CC "Ì" */
    0x8d, 0x30, 0x1e, 0xb0, 0x05, 0xf3, 0x00, 0x00,
    0x00, 0x00, 0x03, 0xf9, 0x03, 0xf9, 0x03, 0xf9,
    0x03, 0xf9, 0x03, 0xf9, 0x03, 0xf9, 0x03, 0xf9,
    0x03, 0xf9, 0x03, 0xf9, 0x03, 0xf9, 0x03, 0xf9,
    0x03, 0xf9, 0x03, 0xf9, 0x03, 0xf9,

    /* U+00CD "Í" */
    0x00, 0x67, 0x00, 0x4f, 0x70, 0x0c, 0xb0, 0x00,
    0x00, 0x00, 0x00, 0x00, 0x03, 0xf9, 0x00, 0x3f,
    0x90, 0x03, 0xf9, 0x00, 0x3f, 0x90, 0x03, 0xf9,
    0x00, 0x3f, 0x90, 0x03, 0xf9, 0x00, 0x3f, 0x90,
    0x03, 0xf9, 0x00, 0x3f, 0x90, 0x03, 0xf9, 0x00,
    0x3f, 0x90, 0x03, 0xf9, 0x00, 0x3f, 0x90, 0x00,

    /* U+00CE "Î" */
    0x00, 0x38, 0x50, 0x00, 0x2e, 0xbf, 0x70, 0x2e,
    0xb0, 0x5f, 0x50, 0x00, 0x00, 0x00, 0x00, 0x00,
    0x00, 0x00, 0x03, 0xf9, 0x00, 0x00, 0x3f, 0x90,
    0x00, 0x03, 0xf9, 0x00, 0x00, 0x3f, 0x90, 0x00,
    0x03, 0xf9, 0x00, 0x00, 0x3f, 0x90, 0x00, 0x03,
    0xf9, 0x00, 0x00, 0x3f, 0x90, 0x00, 0x03, 0xf9,
    0x00, 0x00, 0x3f, 0x90, 0x00, 0x03, 0xf9, 0x00,
    0x00, 0x3f, 0x90, 0x00, 0x03, 0xf9, 0x00, 0x00,
    0x3f, 0x90, 0x00,

    /* U+00CF "Ï" */
    0x03, 0x00, 0x03, 0x16, 0xfa, 0x04, 0xfc, 0x4f,
    0x70, 0x2e, 0x90, 0x00, 0x00, 0x00, 0x00, 0x00,
    0x00, 0x00, 0x03, 0xf9, 0x00, 0x00, 0x3f, 0x90,
    0x00, 0x03, 0xf9, 0x00, 0x00, 0x3f, 0x90, 0x00,
    0x03, 0xf9, 0x00, 0x00, 0x3f, 0x90, 0x00, 0x03,
    0xf9, 0x00, 0x00, 0x3f, 0x90, 0x00, 0x03, 0xf9,
    0x00, 0x00, 0x3f, 0x90, 0x00, 0x03, 0xf9, 0x00,
    0x00, 0x3f, 0x90, 0x00, 0x03, 0xf9, 0x00, 0x00,
    0x3f, 0x90, 0x00,

    /* U+00D0 "Ð" */
    0x00, 0xff, 0xff, 0xfe, 0xc7, 0x10, 0x00, 0x00,
    0xff, 0xaa, 0xab, 0xef, 0xe4, 0x00, 0x00, 0xfe,
    0x00, 0x00, 0x05, 0xff, 0x20, 0x00, 0xfe, 0x00,
    0x00, 0x00, 0x4f, 0xc0, 0x00, 0xfe, 0x00, 0x00,
    0x00, 0x0b, 0xf2, 0x00, 0xfe, 0x00, 0x00, 0x00,
    0x07, 0xf5, 0xcf, 0xff, 0xff, 0xfc, 0x00, 0x05,
    0xf7, 0x68, 0xff, 0x88, 0x86, 0x00, 0x05, 0xf7,
    0x00, 0xfe, 0x00, 0x00, 0x00, 0x07, 0xf5, 0x00,
    0xfe, 0x00, 0x00, 0x00, 0x0c, 0xf2, 0x00, 0xfe,
    0x00, 0x00, 0x00, 0x4f, 0xc0, 0x00, 0xfe, 0x00,
    0x00, 0x06, 0xff, 0x20, 0x00, 0xff, 0xaa, 0xab,
    0xef, 0xe4, 0x00, 0x00, 0xff, 0xff, 0xfe, 0xc7,
    0x10, 0x00,

    /* U+00D1 "Ñ" */
    0x00, 0x00, 0x00, 0x00, 0x00, 0x00, 0x00, 0x00,
    0x1d, 0xff, 0xff, 0x30, 0x00, 0x00, 0x00, 0x33,
    0x33, 0x10, 0x00, 0x00, 0x00, 0x00, 0x00, 0x00,
    0x00, 0x00, 0x00, 0x00, 0x00, 0x00, 0x00, 0x00,
    0x03, 0xff, 0x40, 0x00, 0x00, 0x08, 0xf5, 0x3f,
    0xfd, 0x00, 0x00, 0x00, 0x8f, 0x53, 0xfa, 0xf8,
    0x00, 0x00, 0x08, 0xf5, 0x3f, 0x88, 0xf3, 0x00,
    0x00, 0x8f, 0x53, 0xf9, 0x0e, 0xc0, 0x00, 0x08,
    0xf5, 0x3f, 0x90, 0x5f, 0x70, 0x00, 0x8f, 0x53,
    0xfa, 0x00, 0xbf, 0x20, 0x08, 0xf5, 0x3f, 0xa0,
    0x01, 0xfb, 0x00, 0x8f, 0x53, 0xfa, 0x00, 0x06,
    0xf6, 0x08, 0xf5, 0x3f, 0xa0, 0x00, 0x0c, 0xe1,
    0x8f, 0x53, 0xfa, 0x00, 0x00, 0x2f, 0x98, 0xf5,
    0x3f, 0xa0, 0x00, 0x00, 0x7f, 0xaf, 0x53, 0xfa,
    0x00, 0x00, 0x00, 0xdf, 0xf5, 0x3f, 0xa0, 0x00,
    0x00, 0x03, 0xff, 0x50,

    /* U+00D2 "Ò" */
    0x00, 0x00, 0x9f, 0x40, 0x00, 0x00, 0x00, 0x00,
    0x00, 0x0e, 0xc0, 0x00, 0x00, 0x00, 0x00, 0x00,
    0x04, 0xd2, 0x00, 0x00, 0x00, 0x00, 0x00, 0x00,
    0x00, 0x00, 0x00, 0x00, 0x00, 0x00, 0x00, 0x00,
    0x00, 0x00, 0x00, 0x00, 0x03, 0xad, 0xfe, 0xb5,
    0x00, 0x00, 0x00, 0x8f, 0xfd, 0xbc, 0xff, 0xb1,
    0x00, 0x06, 0xfd, 0x30, 0x00, 0x1b, 0xfb, 0x00,
    0x1f, 0xe1, 0x00, 0x00, 0x00, 0xbf, 0x50, 0x6f,
    0x70, 0x00, 0x00, 0x00, 0x3f, 0xb0, 0xaf, 0x20,
    0x00, 0x00, 0x00, 0x0e, 0xf0, 0xcf, 0x00, 0x00,
    0x00, 0x00, 0x0c, 0xf0, 0xcf, 0x00, 0x00, 0x00,
    0x00, 0x0c, 0xf0, 0xaf, 0x20, 0x00, 0x00, 0x00,
    0x0d, 0xf0, 0x6f, 0x70, 0x00, 0x00, 0x00, 0x2f,
    0xb0, 0x1f, 0xe1, 0x00, 0x00, 0x00, 0xbf, 0x50,
    0x06, 0xfd, 0x30, 0x00, 0x1b, 0xfb, 0x00, 0x00,
    0x8f, 0xfd, 0xbc, 0xff, 0xb1, 0x00, 0x00, 0x03,
    0xad, 0xfe, 0xb5, 0x00, 0x00,

    /* U+00D3 "Ó" */
    0x00, 0x00, 0x00, 0x0e, 0xd0, 0x00, 0x00, 0x00,
    0x00, 0x00, 0x6f, 0x40, 0x00, 0x00, 0x00, 0x00,
    0x00, 0xda, 0x00, 0x00, 0x00, 0x00, 0x00, 0x00,
    0x00, 0x00, 0x00, 0x00, 0x00, 0x00, 0x00, 0x00,
    0x00, 0x00, 0x00, 0x00, 0x03, 0xad, 0xfe, 0xb5,
    0x00, 0x00, 0x00, 0x8f, 0xfd, 0xbc, 0xff, 0xb1,
    0x00, 0x06, 0xfd, 0x30, 0x00, 0x1b, 0xfb, 0x00,
    0x1f, 0xe1, 0x00, 0x00, 0x00, 0xbf, 0x50, 0x6f,
    0x70, 0x00, 0x00, 0x00, 0x3f, 0xb0, 0xaf, 0x20,
    0x00, 0x00, 0x00, 0x0e, 0xf0, 0xcf, 0x00, 0x00,
    0x00, 0x00, 0x0c, 0xf0, 0xcf, 0x00, 0x00, 0x00,
    0x00, 0x0c, 0xf0, 0xaf, 0x20, 0x00, 0x00, 0x00,
    0x0d, 0xf0, 0x6f, 0x70, 0x00, 0x00, 0x00, 0x2f,
    0xb0, 0x1f, 0xe1, 0x00, 0x00, 0x00, 0xbf, 0x50,
    0x06, 0xfd, 0x30, 0x00, 0x1b, 0xfb, 0x00, 0x00,
    0x8f, 0xfd, 0xbc, 0xff, 0xb1, 0x00, 0x00, 0x03,
    0xad, 0xfe, 0xb5, 0x00, 0x00,

    /* U+00D4 "Ô" */
    0x00, 0x00, 0x0a, 0xfd, 0x10, 0x00, 0x00, 0x00,
    0x00, 0x9f, 0x3c, 0xc0, 0x00, 0x00, 0x00, 0x02,
    0x83, 0x01, 0x74, 0x00, 0x00, 0x00, 0x00, 0x00,
    0x00, 0x00, 0x00, 0x00, 0x00, 0x00, 0x00, 0x00,
    0x00, 0x00, 0x00, 0x00, 0x03, 0xad, 0xfe, 0xb5,
    0x00, 0x00, 0x00, 0x8f, 0xfd, 0xbc, 0xff, 0xb1,
    0x00, 0x06, 0xfd, 0x30, 0x00, 0x1b, 0xfb, 0x00,
    0x1f, 0xe1, 0x00, 0x00, 0x00, 0xbf, 0x50, 0x6f,
    0x70, 0x00, 0x00, 0x00, 0x3f, 0xb0, 0xaf, 0x20,
    0x00, 0x00, 0x00, 0x0e, 0xf0, 0xcf, 0x00, 0x00,
    0x00, 0x00, 0x0c, 0xf0, 0xcf, 0x00, 0x00, 0x00,
    0x00, 0x0c, 0xf0, 0xaf, 0x20, 0x00, 0x00, 0x00,
    0x0d, 0xf0, 0x6f, 0x70, 0x00, 0x00, 0x00, 0x2f,
    0xb0, 0x1f, 0xe1, 0x00, 0x00, 0x00, 0xbf, 0x50,
    0x06, 0xfd, 0x30, 0x00, 0x1b, 0xfb, 0x00, 0x00,
    0x8f, 0xfd, 0xbc, 0xff, 0xb1, 0x00, 0x00, 0x03,
    0xad, 0xfe, 0xb5, 0x00, 0x00,

    /* U+00D5 "Õ" */
    0x00, 0x00, 0x00, 0x00, 0x00, 0x00, 0x00, 0x00,
    0x00, 0x9f, 0xa2, 0xd6, 0x00, 0x00, 0x00, 0x01,
    0xf6, 0xaf, 0xe1, 0x00, 0x00, 0x00, 0x00, 0x30,
    0x01, 0x10, 0x00, 0x00, 0x00, 0x00, 0x00, 0x00,
    0x00, 0x00, 0x00, 0x00, 0x00, 0x00, 0x00, 0x00,
    0x00, 0x00, 0x00, 0x03, 0xad, 0xfe, 0xb5, 0x00,
    0x00, 0x00, 0x8f, 0xfd, 0xbc, 0xff, 0xb1, 0x00,
    0x06, 0xfd, 0x30, 0x00, 0x1b, 0xfb, 0x00, 0x1f,
    0xe1, 0x00, 0x00, 0x00, 0xbf, 0x50, 0x6f, 0x70,
    0x00, 0x00, 0x00, 0x3f, 0xb0, 0xaf, 0x20, 0x00,
    0x00, 0x00, 0x0e, 0xf0, 0xcf, 0x00, 0x00, 0x00,
    0x00, 0x0c, 0xf0, 0xcf, 0x00, 0x00, 0x00, 0x00,
    0x0c, 0xf0, 0xaf, 0x20, 0x00, 0x00, 0x00, 0x0d,
    0xf0, 0x6f, 0x70, 0x00, 0x00, 0x00, 0x2f, 0xb0,
    0x1f, 0xe1, 0x00, 0x00, 0x00, 0xbf, 0x50, 0x06,
    0xfd, 0x30, 0x00, 0x1b, 0xfb, 0x00, 0x00, 0x8f,
    0xfd, 0xbc, 0xff, 0xb1, 0x00, 0x00, 0x03, 0xad,
    0xfe, 0xb5, 0x00, 0x00,

    /* U+00D6 "Ö" */
    0x00, 0x04, 0xf7, 0x03, 0xe9, 0x00, 0x00, 0x00,
    0x07, 0xfa, 0x05, 0xfc, 0x00, 0x00, 0x00, 0x00,
    0x30, 0x00, 0x31, 0x00, 0x00, 0x00, 0x00, 0x00,
    0x00, 0x00, 0x00, 0x00, 0x00, 0x00, 0x00, 0x00,
    0x00, 0x00, 0x00, 0x00, 0x03, 0xad, 0xfe, 0xb5,
    0x00, 0x00, 0x00, 0x8f, 0xfd, 0xbc, 0xff, 0xb1,
    0x00, 0x06, 0xfd, 0x30, 0x00, 0x1b, 0xfb, 0x00,
    0x1f, 0xe1, 0x00, 0x00, 0x00, 0xbf, 0x50, 0x6f,
    0x70, 0x00, 0x00, 0x00, 0x3f, 0xb0, 0xaf, 0x20,
    0x00, 0x00, 0x00, 0x0e, 0xf0, 0xcf, 0x00, 0x00,
    0x00, 0x00, 0x0c, 0xf0, 0xcf, 0x00, 0x00, 0x00,
    0x00, 0x0c, 0xf0, 0xaf, 0x20, 0x00, 0x00, 0x00,
    0x0d, 0xf0, 0x6f, 0x70, 0x00, 0x00, 0x00, 0x2f,
    0xb0, 0x1f, 0xe1, 0x00, 0x00, 0x00, 0xbf, 0x50,
    0x06, 0xfd, 0x30, 0x00, 0x1b, 0xfb, 0x00, 0x00,
    0x8f, 0xfd, 0xbc, 0xff, 0xb1, 0x00, 0x00, 0x03,
    0xad, 0xfe, 0xb5, 0x00, 0x00,

    /* U+00D7 "×" */
    0x00, 0x00, 0x00, 0x00, 0x00, 0x8d, 0x10, 0x00,
    0x0a, 0xc0, 0x5f, 0xd1, 0x00, 0xaf, 0xa0, 0x05,
    0xfd, 0x1a, 0xf9, 0x00, 0x00, 0x5f, 0xff, 0x90,
    0x00, 0x00, 0x0f, 0xff, 0x10, 0x00, 0x00, 0xaf,
    0xff, 0xd1, 0x00, 0x0a, 0xf9, 0x05, 0xfd, 0x10,
    0x9f, 0x90, 0x00, 0x5f, 0xd0, 0x48, 0x00, 0x00,
    0x05, 0x70,

    /* U+00D8 "Ø" */
    0x00, 0x00, 0x00, 0x00, 0x00, 0x01, 0x00, 0x00,
    0x03, 0xad, 0xfe, 0xb5, 0x7e, 0x20, 0x00, 0x8f,
    0xfd, 0xbc, 0xff, 0xfc, 0x00, 0x06, 0xfd, 0x30,
    0x00, 0x3f, 0xfc, 0x00, 0x1f, 0xe1, 0x00, 0x00,
    0xbf, 0xff, 0x50, 0x6f, 0x70, 0x00, 0x07, 0xf7,
    0x3f, 0xb0, 0xaf, 0x20, 0x00, 0x3f, 0xb0, 0x0e,
    0xf0, 0xcf, 0x00, 0x01, 0xde, 0x10, 0x0c, 0xf0,
    0xcf, 0x00, 0x0a, 0xf4, 0x00, 0x0c, 0xf0, 0xaf,
    0x20, 0x6f, 0x70, 0x00, 0x0d, 0xf0, 0x6f, 0x73,
    0xfb, 0x00, 0x00, 0x2f, 0xb0, 0x1f, 0xff, 0xe1,
    0x00, 0x00, 0xbf, 0x50, 0x06, 0xff, 0x80, 0x00,
    0x1b, 0xfb, 0x00, 0x06, 0xff, 0xfd, 0xbc, 0xff,
    0xb1, 0x00, 0x0b, 0xc3, 0xad, 0xfe, 0xb5, 0x00,
    0x00, 0x00, 0x00, 0x00, 0x00, 0x00, 0x00, 0x00,

    /* U+00D9 "Ù" */
    0x00, 0x00, 0xcf, 0x10, 0x00, 0x00, 0x00, 0x00,
    0x02, 0xf8, 0x00, 0x00, 0x00, 0x00, 0x00, 0x06,
    0xc0, 0x00, 0x00, 0x00, 0x00, 0x00, 0x00, 0x00,
    0x00, 0x00, 0x00, 0x00, 0x00, 0x00, 0x00, 0x00,
    0x03, 0xf9, 0x00, 0x00, 0x00, 0x0b, 0xf2, 0x3f,
    0x90, 0x00, 0x00, 0x00, 0xbf, 0x23, 0xf9, 0x00,
    0x00, 0x00, 0x0b, 0xf2, 0x3f, 0x90, 0x00, 0x00,
    0x00, 0xbf, 0x23, 0xf9, 0x00, 0x00, 0x00, 0x0b,
    0xf2, 0x3f, 0x90, 0x00, 0x00, 0x00, 0xbf, 0x23,
    0xf9, 0x00, 0x00, 0x00, 0x0b, 0xf2, 0x3f, 0x90,
    0x00, 0x00, 0x00, 0xbf, 0x23, 0xf9, 0x00, 0x00,
    0x00, 0x0b, 0xf2, 0x2f, 0xb0, 0x00, 0x00, 0x00,
    0xdf, 0x10, 0xff, 0x10, 0x00, 0x00, 0x2f, 0xe0,
    0x08, 0xfc, 0x20, 0x00, 0x2d, 0xf7, 0x00, 0x0b,
    0xff, 0xcb, 0xdf, 0xf9, 0x00, 0x00, 0x05, 0xbe,
    0xfe, 0xa4, 0x00, 0x00,

    /* U+00DA "Ú" */
    0x00, 0x00, 0x00, 0x2f, 0xb0, 0x00, 0x00, 0x00,
    0x00, 0x0a, 0xf1, 0x00, 0x00, 0x00, 0x00, 0x01,
    0xf6, 0x00, 0x00, 0x00, 0x00, 0x00, 0x00, 0x00,
    0x00, 0x00, 0x00, 0x00, 0x00, 0x00, 0x00, 0x00,
    0x03, 0xf9, 0x00, 0x00, 0x00, 0x0b, 0xf2, 0x3f,
    0x90, 0x00, 0x00, 0x00, 0xbf, 0x23, 0xf9, 0x00,
    0x00, 0x00, 0x0b, 0xf2, 0x3f, 0x90, 0x00, 0x00,
    0x00, 0xbf, 0x23, 0xf9, 0x00, 0x00, 0x00, 0x0b,
    0xf2, 0x3f, 0x90, 0x00, 0x00, 0x00, 0xbf, 0x23,
    0xf9, 0x00, 0x00, 0x00, 0x0b, 0xf2, 0x3f, 0x90,
    0x00, 0x00, 0x00, 0xbf, 0x23, 0xf9, 0x00, 0x00,
    0x00, 0x0b, 0xf2, 0x2f, 0xb0, 0x00, 0x00, 0x00,
    0xdf, 0x10, 0xff, 0x10, 0x00, 0x00, 0x2f, 0xe0,
    0x08, 0xfc, 0x20, 0x00, 0x2d, 0xf7, 0x00, 0x0b,
    0xff, 0xcb, 0xdf, 0xf9, 0x00, 0x00, 0x05, 0xbe,
    0xfe, 0xa4, 0x00, 0x00,

    /* U+00DB "Û" */
    0x00, 0x00, 0x0c, 0xfb, 0x00, 0x00, 0x00, 0x00,
    0x0c, 0xd3, 0xea, 0x00, 0x00, 0x00, 0x04, 0x82,
    0x03, 0x82, 0x00, 0x00, 0x00, 0x00, 0x00, 0x00,
    0x00, 0x00, 0x00, 0x00, 0x00, 0x00, 0x00, 0x00,
    0x03, 0xf9, 0x00, 0x00, 0x00, 0x0b, 0xf2, 0x3f,
    0x90, 0x00, 0x00, 0x00, 0xbf, 0x23, 0xf9, 0x00,
    0x00, 0x00, 0x0b, 0xf2, 0x3f, 0x90, 0x00, 0x00,
    0x00, 0xbf, 0x23, 0xf9, 0x00, 0x00, 0x00, 0x0b,
    0xf2, 0x3f, 0x90, 0x00, 0x00, 0x00, 0xbf, 0x23,
    0xf9, 0x00, 0x00, 0x00, 0x0b, 0xf2, 0x3f, 0x90,
    0x00, 0x00, 0x00, 0xbf, 0x23, 0xf9, 0x00, 0x00,
    0x00, 0x0b, 0xf2, 0x2f, 0xb0, 0x00, 0x00, 0x00,
    0xdf, 0x10, 0xff, 0x10, 0x00, 0x00, 0x2f, 0xe0,
    0x08, 0xfc, 0x20, 0x00, 0x2d, 0xf7, 0x00, 0x0b,
    0xff, 0xcb, 0xdf, 0xf9, 0x00, 0x00, 0x05, 0xbe,
    0xfe, 0xa4, 0x00, 0x00,

    /* U+00DC "Ü" */
    0x00, 0x07, 0xf4, 0x05, 0xf6, 0x00, 0x00, 0x00,
    0xaf, 0x60, 0x8f, 0x80, 0x00, 0x00, 0x00, 0x30,
    0x00, 0x30, 0x00, 0x00, 0x00, 0x00, 0x00, 0x00,
    0x00, 0x00, 0x00, 0x00, 0x00, 0x00, 0x00, 0x00,
    0x03, 0xf9, 0x00, 0x00, 0x00, 0x0b, 0xf2, 0x3f,
    0x90, 0x00, 0x00, 0x00, 0xbf, 0x23, 0xf9, 0x00,
    0x00, 0x00, 0x0b, 0xf2, 0x3f, 0x90, 0x00, 0x00,
    0x00, 0xbf, 0x23, 0xf9, 0x00, 0x00, 0x00, 0x0b,
    0xf2, 0x3f, 0x90, 0x00, 0x00, 0x00, 0xbf, 0x23,
    0xf9, 0x00, 0x00, 0x00, 0x0b, 0xf2, 0x3f, 0x90,
    0x00, 0x00, 0x00, 0xbf, 0x23, 0xf9, 0x00, 0x00,
    0x00, 0x0b, 0xf2, 0x2f, 0xb0, 0x00, 0x00, 0x00,
    0xdf, 0x10, 0xff, 0x10, 0x00, 0x00, 0x2f, 0xe0,
    0x08, 0xfc, 0x20, 0x00, 0x2d, 0xf7, 0x00, 0x0b,
    0xff, 0xcb, 0xdf, 0xf9, 0x00, 0x00, 0x05, 0xbe,
    0xfe, 0xa4, 0x00, 0x00,

    /* U+00DD "Ý" */
    0x00, 0x00, 0x00, 0x05, 0x71, 0x00, 0x00, 0x00,
    0x00, 0x00, 0x2f, 0x90, 0x00, 0x00, 0x00, 0x00,
    0x00, 0xbc, 0x00, 0x00, 0x00, 0x00, 0x00, 0x00,
    0x00, 0x00, 0x00, 0x00, 0x00, 0x00, 0x00, 0x00,
    0x00, 0x00, 0x00, 0x2f, 0xe1, 0x00, 0x00, 0x00,
    0x6f, 0xb0, 0x08, 0xf9, 0x00, 0x00, 0x01, 0xef,
    0x20, 0x00, 0xdf, 0x30, 0x00, 0x0a, 0xf7, 0x00,
    0x00, 0x3f, 0xd0, 0x00, 0x4f, 0xc0, 0x00, 0x00,
    0x09, 0xf8, 0x00, 0xef, 0x20, 0x00, 0x00, 0x00,
    0xef, 0x28, 0xf8, 0x00, 0x00, 0x00, 0x00, 0x4f,
    0xbf, 0xd0, 0x00, 0x00, 0x00, 0x00, 0x0a, 0xff,
    0x30, 0x00, 0x00, 0x00, 0x00, 0x02, 0xfb, 0x00,
    0x00, 0x00, 0x00, 0x00, 0x02, 0xfb, 0x00, 0x00,
    0x00, 0x00, 0x00, 0x02, 0xfb, 0x00, 0x00, 0x00,
    0x00, 0x00, 0x02, 0xfb, 0x00, 0x00, 0x00, 0x00,
    0x00, 0x02, 0xfb, 0x00, 0x00, 0x00, 0x00, 0x00,
    0x02, 0xfb, 0x00, 0x00, 0x00,

    /* U+00DE "Þ" */
    0x5f, 0x80, 0x00, 0x00, 0x00, 0x05, 0xf8, 0x00,
    0x00, 0x00, 0x00, 0x5f, 0xf9, 0x99, 0x72, 0x00,
    0x05, 0xff, 0xff, 0xff, 0xf9, 0x00, 0x5f, 0x80,
    0x00, 0x3b, 0xf7, 0x05, 0xf8, 0x00, 0x00, 0x0e,
    0xe0, 0x5f, 0x80, 0x00, 0x00, 0xaf, 0x15, 0xf8,
    0x00, 0x00, 0x0c, 0xf0, 0x5f, 0x80, 0x00, 0x05,
    0xfb, 0x05, 0xff, 0x99, 0xac, 0xfe, 0x20, 0x5f,
    0xff, 0xff, 0xd9, 0x10, 0x05, 0xf8, 0x00, 0x00,
    0x00, 0x00, 0x5f, 0x80, 0x00, 0x00, 0x00, 0x05,
    0xf8, 0x00, 0x00, 0x00, 0x00,

    /* U+00DF "ß" */
    0x00, 0x5c, 0xff, 0xc6, 0x00, 0x00, 0x7f, 0xfb,
    0xae, 0xf9, 0x00, 0x0f, 0xe2, 0x00, 0x1d, 0xf2,
    0x03, 0xf9, 0x00, 0x00, 0x8f, 0x40, 0x3f, 0x80,
    0x00, 0x09, 0xf2, 0x03, 0xf8, 0x00, 0x06, 0xf8,
    0x00, 0x3f, 0x80, 0xaf, 0xf8, 0x00, 0x03, 0xf8,
    0x06, 0xac, 0xfd, 0x20, 0x3f, 0x80, 0x00, 0x04,
    0xfc, 0x03, 0xf8, 0x00, 0x00, 0x0b, 0xf1, 0x3f,
    0x80, 0x00, 0x00, 0xaf, 0x23, 0xf8, 0x00, 0x00,
    0x2f, 0xe0, 0x3f, 0x80, 0x6a, 0xbf, 0xf5, 0x03,
    0xf8, 0x0b, 0xff, 0xb4, 0x00,

    /* U+00E0 "à" */
    0x00, 0x0c, 0xf1, 0x00, 0x00, 0x00, 0x02, 0xf8,
    0x00, 0x00, 0x00, 0x00, 0x7c, 0x00, 0x00, 0x00,
    0x00, 0x00, 0x00, 0x00, 0x00, 0x29, 0xdf, 0xea,
    0x20, 0x02, 0xff, 0xc9, 0xaf, 0xe1, 0x07, 0xf5,
    0x00, 0x06, 0xf7, 0x00, 0x00, 0x00, 0x01, 0xfa,
    0x00, 0x01, 0x46, 0x8c, 0xfb, 0x01, 0xbf, 0xff,
    0xda, 0xfb, 0x0d, 0xf8, 0x20, 0x01, 0xfb, 0x1f,
    0xb0, 0x00, 0x02, 0xfb, 0x0f, 0xd0, 0x00, 0x0b,
    0xfb, 0x09, 0xfd, 0x99, 0xeb, 0xfb, 0x00, 0x7d,
    0xfe, 0x81, 0xfb,

    /* U+00E1 "á" */
    0x00, 0x00, 0x00, 0x76, 0x00, 0x00, 0x00, 0x06,
    0xf6, 0x00, 0x00, 0x00, 0x0d, 0xb0, 0x00, 0x00,
    0x00, 0x18, 0x20, 0x00, 0x00, 0x00, 0x00, 0x00,
    0x00, 0x00, 0x29, 0xdf, 0xea, 0x20, 0x02, 0xff,
    0xc9, 0xaf, 0xe1, 0x07, 0xf5, 0x00, 0x06, 0xf7,
    0x00, 0x00, 0x00, 0x01, 0xfa, 0x00, 0x01, 0x46,
    0x8c, 0xfb, 0x01, 0xbf, 0xff, 0xda, 0xfb, 0x0d,
    0xf8, 0x20, 0x01, 0xfb, 0x1f, 0xb0, 0x00, 0x02,
    0xfb, 0x0f, 0xd0, 0x00, 0x0b, 0xfb, 0x09, 0xfd,
    0x99, 0xeb, 0xfb, 0x00, 0x7d, 0xfe, 0x81, 0xfb,

    /* U+00E2 "â" */
    0x00, 0x00, 0x48, 0x30, 0x00, 0x00, 0x03, 0xfe,
    0xe1, 0x00, 0x00, 0x1e, 0xc0, 0xdc, 0x00, 0x00,
    0x48, 0x10, 0x28, 0x30, 0x00, 0x00, 0x00, 0x00,
    0x00, 0x00, 0x29, 0xdf, 0xea, 0x20, 0x02, 0xff,
    0xc9, 0xaf, 0xe1, 0x07, 0xf5, 0x00, 0x06, 0xf7,
    0x00, 0x00, 0x00, 0x01, 0xfa, 0x00, 0x01, 0x46,
    0x8c, 0xfb, 0x01, 0xbf, 0xff, 0xda, 0xfb, 0x0d,
    0xf8, 0x20, 0x01, 0xfb, 0x1f, 0xb0, 0x00, 0x02,
    0xfb, 0x0f, 0xd0, 0x00, 0x0b, 0xfb, 0x09, 0xfd,
    0x99, 0xeb, 0xfb, 0x00, 0x7d, 0xfe, 0x81, 0xfb,

    /* U+00E3 "ã" */
    0x00, 0x2d, 0xff, 0xff, 0x20, 0x00, 0x13, 0x43,
    0x31, 0x00, 0x00, 0x00, 0x00, 0x00, 0x00, 0x00,
    0x29, 0xdf, 0xea, 0x20, 0x02, 0xff, 0xc9, 0xaf,
    0xe1, 0x07, 0xf5, 0x00, 0x06, 0xf7, 0x00, 0x00,
    0x00, 0x01, 0xfa, 0x00, 0x01, 0x46, 0x8c, 0xfb,
    0x01, 0xbf, 0xff, 0xda, 0xfb, 0x0d, 0xf8, 0x20,
    0x01, 0xfb, 0x1f, 0xb0, 0x00, 0x02, 0xfb, 0x0f,
    0xd0, 0x00, 0x0b, 0xfb, 0x09, 0xfd, 0x99, 0xeb,
    0xfb, 0x00, 0x7d, 0xfe, 0x81, 0xfb,

    /* U+00E4 "ä" */
    0x00, 0x7f, 0x40, 0x5f, 0x50, 0x00, 0xaf, 0x60,
    0x8f, 0x80, 0x00, 0x03, 0x00, 0x03, 0x00, 0x00,
    0x29, 0xdf, 0xea, 0x20, 0x02, 0xff, 0xc9, 0xaf,
    0xe1, 0x07, 0xf5, 0x00, 0x06, 0xf7, 0x00, 0x00,
    0x00, 0x01, 0xfa, 0x00, 0x01, 0x46, 0x8c, 0xfb,
    0x01, 0xbf, 0xff, 0xda, 0xfb, 0x0d, 0xf8, 0x20,
    0x01, 0xfb, 0x1f, 0xb0, 0x00, 0x02, 0xfb, 0x0f,
    0xd0, 0x00, 0x0b, 0xfb, 0x09, 0xfd, 0x99, 0xeb,
    0xfb, 0x00, 0x7d, 0xfe, 0x81, 0xfb,

    /* U+00E5 "å" */
    0x00, 0x00, 0x00, 0x00, 0x00, 0x00, 0x01, 0xcf,
    0xb1, 0x00, 0x00, 0x0d, 0xb4, 0xcb, 0x00, 0x00,
    0x1f, 0x40, 0x5f, 0x00, 0x00, 0x0e, 0x91, 0xad,
    0x00, 0x00, 0x03, 0xff, 0xe2, 0x00, 0x00, 0x00,
    0x02, 0x00, 0x00, 0x00, 0x29, 0xdf, 0xea, 0x20,
    0x02, 0xff, 0xc9, 0xaf, 0xe1, 0x07, 0xf5, 0x00,
    0x06, 0xf7, 0x00, 0x00, 0x00, 0x01, 0xfa, 0x00,
    0x01, 0x46, 0x8c, 0xfb, 0x01, 0xbf, 0xff, 0xda,
    0xfb, 0x0d, 0xf8, 0x20, 0x01, 0xfb, 0x1f, 0xb0,
    0x00, 0x02, 0xfb, 0x0f, 0xd0, 0x00, 0x0b, 0xfb,
    0x09, 0xfd, 0x99, 0xeb, 0xfb, 0x00, 0x7d, 0xfe,
    0x81, 0xfb,

    /* U+00E6 "æ" */
    0x00, 0x19, 0xdf, 0xe9, 0x10, 0x7d, 0xfe, 0x91,
    0x00, 0x02, 0xef, 0xc9, 0xbf, 0xd9, 0xfc, 0x9b,
    0xfe, 0x20, 0x08, 0xf6, 0x00, 0x07, 0xff, 0x60,
    0x00, 0x4f, 0xb0, 0x00, 0x10, 0x00, 0x02, 0xff,
    0x00, 0x00, 0x0b, 0xf1, 0x00, 0x00, 0x02, 0x23,
    0xfd, 0x22, 0x22, 0x29, 0xf4, 0x00, 0x7d, 0xff,
    0xff, 0xff, 0xff, 0xff, 0xff, 0xf5, 0x0b, 0xfc,
    0x75, 0x56, 0xff, 0x55, 0x55, 0x55, 0x51, 0x1f,
    0xc0, 0x00, 0x03, 0xfd, 0x00, 0x00, 0x00, 0x00,
    0x0f, 0xd0, 0x00, 0x0b, 0xff, 0x70, 0x00, 0x1d,
    0xc0, 0x09, 0xfd, 0x9a, 0xef, 0x5d, 0xfd, 0x9a,
    0xff, 0x70, 0x00, 0x7d, 0xfe, 0xa3, 0x00, 0x8d,
    0xff, 0xc5, 0x00,

    /* U+00E7 "ç" */
    0x00, 0x5c, 0xfe, 0xb4, 0x00, 0x08, 0xfe, 0xaa,
    0xef, 0x80, 0x4f, 0xc0, 0x00, 0x1c, 0xf2, 0xaf,
    0x30, 0x00, 0x02, 0x30, 0xee, 0x00, 0x00, 0x00,
    0x00, 0xfd, 0x00, 0x00, 0x00, 0x00, 0xee, 0x00,
    0x00, 0x00, 0x00, 0xaf, 0x30, 0x00, 0x02, 0x40,
    0x4f, 0xc0, 0x00, 0x0c, 0xf2, 0x08, 0xfe, 0xaa,
    0xef, 0x80, 0x00, 0x5c, 0xff, 0xc5, 0x00, 0x00,
    0x00, 0x9a, 0x20, 0x00, 0x00, 0x00, 0x7b, 0xf2,
    0x00, 0x00, 0x00, 0x02, 0xf4, 0x00, 0x00, 0x01,
    0xff, 0xa0, 0x00,

    /* U+00E8 "è" */
    0x00, 0x5f, 0x80, 0x00, 0x00, 0x00, 0x0b, 0xf0,
    0x00, 0x00, 0x00, 0x01, 0xd5, 0x00, 0x00, 0x00,
    0x00, 0x00, 0x00, 0x00, 0x00, 0x5c, 0xff, 0xb4,
    0x00, 0x08, 0xfe, 0x9a, 0xff, 0x50, 0x4f, 0xb0,
    0x00, 0x1e, 0xf1, 0xaf, 0x10, 0x00, 0x06, 0xf6,
    0xef, 0x22, 0x22, 0x24, 0xf9, 0xff, 0xff, 0xff,
    0xff, 0xfa, 0xef, 0x55, 0x55, 0x55, 0x53, 0xaf,
    0x20, 0x00, 0x00, 0x00, 0x4f, 0xb0, 0x00, 0x09,
    0xe4, 0x08, 0xfe, 0xa9, 0xdf, 0xc0, 0x00, 0x5b,
    0xef, 0xd7, 0x00,

    /* U+00E9 "é" */
    0x00, 0x00, 0x05, 0x82, 0x00, 0x00, 0x00, 0x0e,
    0xc0, 0x00, 0x00, 0x00, 0x6f, 0x30, 0x00, 0x00,
    0x00, 0x65, 0x00, 0x00, 0x00, 0x00, 0x00, 0x00,
    0x00, 0x00, 0x5c, 0xff, 0xb4, 0x00, 0x08, 0xfe,
    0x9a, 0xff, 0x50, 0x4f, 0xb0, 0x00, 0x1e, 0xf1,
    0xaf, 0x10, 0x00, 0x06, 0xf6, 0xef, 0x22, 0x22,
    0x24, 0xf9, 0xff, 0xff, 0xff, 0xff, 0xfa, 0xef,
    0x55, 0x55, 0x55, 0x53, 0xaf, 0x20, 0x00, 0x00,
    0x00, 0x4f, 0xb0, 0x00, 0x09, 0xe4, 0x08, 0xfe,
    0xa9, 0xdf, 0xc0, 0x00, 0x5b, 0xef, 0xd7, 0x00,

    /* U+00EA "ê" */
    0x00, 0x01, 0x77, 0x00, 0x00, 0x00, 0x0b, 0xef,
    0x70, 0x00, 0x00, 0x8f, 0x37, 0xf4, 0x00, 0x01,
    0x75, 0x00, 0x76, 0x00, 0x00, 0x00, 0x00, 0x00,
    0x00, 0x00, 0x5c, 0xff, 0xb4, 0x00, 0x08, 0xfe,
    0x9a, 0xff, 0x50, 0x4f, 0xb0, 0x00, 0x1e, 0xf1,
    0xaf, 0x10, 0x00, 0x06, 0xf6, 0xef, 0x22, 0x22,
    0x24, 0xf9, 0xff, 0xff, 0xff, 0xff, 0xfa, 0xef,
    0x55, 0x55, 0x55, 0x53, 0xaf, 0x20, 0x00, 0x00,
    0x00, 0x4f, 0xb0, 0x00, 0x09, 0xe4, 0x08, 0xfe,
    0xa9, 0xdf, 0xc0, 0x00, 0x5b, 0xef, 0xd7, 0x00,

    /* U+00EB "ë" */
    0x01, 0xea, 0x00, 0xdc, 0x00, 0x03, 0xfd, 0x01,
    0xff, 0x00, 0x00, 0x31, 0x00, 0x22, 0x00, 0x00,
    0x5c, 0xff, 0xb4, 0x00, 0x08, 0xfe, 0x9a, 0xff,
    0x50, 0x4f, 0xb0, 0x00, 0x1e, 0xf1, 0xaf, 0x10,
    0x00, 0x06, 0xf6, 0xef, 0x22, 0x22, 0x24, 0xf9,
    0xff, 0xff, 0xff, 0xff, 0xfa, 0xef, 0x55, 0x55,
    0x55, 0x53, 0xaf, 0x20, 0x00, 0x00, 0x00, 0x4f,
    0xb0, 0x00, 0x09, 0xe4, 0x08, 0xfe, 0xa9, 0xdf,
    0xc0, 0x00, 0x5b, 0xef, 0xd7, 0x00,

    /* U+00EC "ì" */
    0x0c, 0xf1, 0x00, 0x2f, 0x80, 0x00, 0x7c, 0x00,
    0x00, 0x00, 0x00, 0x7f, 0x40, 0x07, 0xf4, 0x00,
    0x7f, 0x40, 0x07, 0xf4, 0x00, 0x7f, 0x40, 0x07,
    0xf4, 0x00, 0x7f, 0x40, 0x07, 0xf4, 0x00, 0x7f,
    0x40, 0x07, 0xf4, 0x00, 0x7f, 0x40,

    /* U+00ED "í" */
    0x03, 0xf9, 0x0c, 0xd0, 0x18, 0x20, 0x00, 0x00,
    0x7f, 0x40, 0x7f, 0x40, 0x7f, 0x40, 0x7f, 0x40,
    0x7f, 0x40, 0x7f, 0x40, 0x7f, 0x40, 0x7f, 0x40,
    0x7f, 0x40, 0x7f, 0x40, 0x7f, 0x40,

    /* U+00EE "î" */
    0x01, 0xdf, 0xb0, 0x00, 0xcd, 0x3e, 0xa0, 0x48,
    0x20, 0x38, 0x20, 0x00, 0x00, 0x00, 0x00, 0x7f,
    0x40, 0x00, 0x07, 0xf4, 0x00, 0x00, 0x7f, 0x40,
    0x00, 0x07, 0xf4, 0x00, 0x00, 0x7f, 0x40, 0x00,
    0x07, 0xf4, 0x00, 0x00, 0x7f, 0x40, 0x00, 0x07,
    0xf4, 0x00, 0x00, 0x7f, 0x40, 0x00, 0x07, 0xf4,
    0x00, 0x00, 0x7f, 0x40, 0x00,

    /* U+00EF "ï" */
    0x7f, 0x40, 0x6f, 0x5a, 0xf6, 0x08, 0xf8, 0x03,
    0x00, 0x03, 0x00, 0x07, 0xf4, 0x00, 0x00, 0x7f,
    0x40, 0x00, 0x07, 0xf4, 0x00, 0x00, 0x7f, 0x40,
    0x00, 0x07, 0xf4, 0x00, 0x00, 0x7f, 0x40, 0x00,
    0x07, 0xf4, 0x00, 0x00, 0x7f, 0x40, 0x00, 0x07,
    0xf4, 0x00, 0x00, 0x7f, 0x40, 0x00, 0x07, 0xf4,
    0x00,

    /* U+00F0 "ð" */
    0x00, 0x01, 0x00, 0x00, 0x00, 0x00, 0x8e, 0x60,
    0x18, 0x10, 0x00, 0x1a, 0xff, 0xfc, 0x20, 0x00,
    0x29, 0xff, 0xf0, 0x00, 0x00, 0xbb, 0x35, 0xf8,
    0x00, 0x00, 0x00, 0x10, 0x8f, 0x30, 0x00, 0x9f,
    0xfe, 0x6d, 0xb0, 0x0c, 0xfa, 0x56, 0xdd, 0xf2,
    0x7f, 0x80, 0x00, 0x0d, 0xf6, 0xcf, 0x00, 0x00,
    0x05, 0xf8, 0xfd, 0x00, 0x00, 0x02, 0xf9, 0xed,
    0x00, 0x00, 0x02, 0xf8, 0xcf, 0x10, 0x00, 0x05,
    0xf5, 0x5f, 0xa0, 0x00, 0x1d, 0xe0, 0x0a, 0xfd,
    0x9a, 0xff, 0x50, 0x00, 0x6c, 0xfe, 0xb3, 0x00,

    /* U+00F1 "ñ" */
    0x00, 0x8f, 0xff, 0xf8, 0x00, 0x00, 0x33, 0x33,
    0x20, 0x00, 0x00, 0x00, 0x00, 0x00, 0x00, 0x7f,
    0x36, 0xdf, 0xe8, 0x00, 0x7f, 0xae, 0x88, 0xdf,
    0x90, 0x7f, 0xe0, 0x00, 0x0e, 0xf1, 0x7f, 0x60,
    0x00, 0x09, 0xf3, 0x7f, 0x40, 0x00, 0x07, 0xf4,
    0x7f, 0x40, 0x00, 0x07, 0xf4, 0x7f, 0x40, 0x00,
    0x07, 0xf4, 0x7f, 0x40, 0x00, 0x07, 0xf4, 0x7f,
    0x40, 0x00, 0x07, 0xf4, 0x7f, 0x40, 0x00, 0x07,
    0xf4, 0x7f, 0x40, 0x00, 0x07, 0xf4,

    /* U+00F2 "ò" */
    0x00, 0x4f, 0x90, 0x00, 0x00, 0x00, 0x09, 0xf1,
    0x00, 0x00, 0x00, 0x00, 0xc7, 0x00, 0x00, 0x00,
    0x00, 0x00, 0x00, 0x00, 0x00, 0x5c, 0xfe, 0xc5,
    0x00, 0x08, 0xfe, 0xaa, 0xef, 0x80, 0x4f, 0xc0,
    0x00, 0x0c, 0xf4, 0xaf, 0x30, 0x00, 0x03, 0xfa,
    0xee, 0x00, 0x00, 0x00, 0xee, 0xfd, 0x00, 0x00,
    0x00, 0xdf, 0xee, 0x00, 0x00, 0x00, 0xee, 0xaf,
    0x30, 0x00, 0x03, 0xfa, 0x4f, 0xc0, 0x00, 0x0c,
    0xf4, 0x08, 0xfe, 0xaa, 0xef, 0x80, 0x00, 0x5c,
    0xff, 0xc5, 0x00,

    /* U+00F3 "ó" */
    0x00, 0x00, 0x04, 0x83, 0x00, 0x00, 0x00, 0x0d,
    0xd0, 0x00, 0x00, 0x00, 0x5f, 0x40, 0x00, 0x00,
    0x00, 0x56, 0x00, 0x00, 0x00, 0x00, 0x00, 0x00,
    0x00, 0x00, 0x5c, 0xfe, 0xc5, 0x00, 0x08, 0xfe,
    0xaa, 0xef, 0x80, 0x4f, 0xc0, 0x00, 0x0c, 0xf4,
    0xaf, 0x30, 0x00, 0x03, 0xfa, 0xee, 0x00, 0x00,
    0x00, 0xee, 0xfd, 0x00, 0x00, 0x00, 0xdf, 0xee,
    0x00, 0x00, 0x00, 0xee, 0xaf, 0x30, 0x00, 0x03,
    0xfa, 0x4f, 0xc0, 0x00, 0x0c, 0xf4, 0x08, 0xfe,
    0xaa, 0xef, 0x80, 0x00, 0x5c, 0xff, 0xc5, 0x00,

    /* U+00F4 "ô" */
    0x00, 0x00, 0x77, 0x00, 0x00, 0x00, 0x0a, 0xef,
    0x90, 0x00, 0x00, 0x6f, 0x55, 0xf5, 0x00, 0x00,
    0x76, 0x00, 0x67, 0x00, 0x00, 0x00, 0x00, 0x00,
    0x00, 0x00, 0x5c, 0xfe, 0xc5, 0x00, 0x08, 0xfe,
    0xaa, 0xef, 0x80, 0x4f, 0xc0, 0x00, 0x0c, 0xf4,
    0xaf, 0x30, 0x00, 0x03, 0xfa, 0xee, 0x00, 0x00,
    0x00, 0xee, 0xfd, 0x00, 0x00, 0x00, 0xdf, 0xee,
    0x00, 0x00, 0x00, 0xee, 0xaf, 0x30, 0x00, 0x03,
    0xfa, 0x4f, 0xc0, 0x00, 0x0c, 0xf4, 0x08, 0xfe,
    0xaa, 0xef, 0x80, 0x00, 0x5c, 0xff, 0xc5, 0x00,

    /* U+00F5 "õ" */
    0x00, 0x7f, 0xff, 0xfa, 0x00, 0x00, 0x33, 0x43,
    0x30, 0x00, 0x00, 0x00, 0x00, 0x00, 0x00, 0x00,
    0x5c, 0xfe, 0xc5, 0x00, 0x08, 0xfe, 0xaa, 0xef,
    0x80, 0x4f, 0xc0, 0x00, 0x0c, 0xf4, 0xaf, 0x30,
    0x00, 0x03, 0xfa, 0xee, 0x00, 0x00, 0x00, 0xee,
    0xfd, 0x00, 0x00, 0x00, 0xdf, 0xee, 0x00, 0x00,
    0x00, 0xee, 0xaf, 0x30, 0x00, 0x03, 0xfa, 0x4f,
    0xc0, 0x00, 0x0c, 0xf4, 0x08, 0xfe, 0xaa, 0xef,
    0x80, 0x00, 0x5c, 0xff, 0xc5, 0x00,

    /* U+00F6 "ö" */
    0x00, 0xdc, 0x00, 0xcd, 0x00, 0x01, 0xff, 0x00,
    0xff, 0x10, 0x00, 0x22, 0x00, 0x22, 0x00, 0x00,
    0x5c, 0xfe, 0xc5, 0x00, 0x08, 0xfe, 0xaa, 0xef,
    0x80, 0x4f, 0xc0, 0x00, 0x0c, 0xf4, 0xaf, 0x30,
    0x00, 0x03, 0xfa, 0xee, 0x00, 0x00, 0x00, 0xee,
    0xfd, 0x00, 0x00, 0x00, 0xdf, 0xee, 0x00, 0x00,
    0x00, 0xee, 0xaf, 0x30, 0x00, 0x03, 0xfa, 0x4f,
    0xc0, 0x00, 0x0c, 0xf4, 0x08, 0xfe, 0xaa, 0xef,
    0x80, 0x00, 0x5c, 0xff, 0xc5, 0x00,

    /* U+00F7 "÷" */
    0x00, 0x05, 0xf8, 0x00, 0x00, 0x00, 0x09, 0xfd,
    0x00, 0x00, 0x00, 0x01, 0x83, 0x00, 0x00, 0x00,
    0x00, 0x00, 0x00, 0x00, 0xff, 0xff, 0xff, 0xff,
    0xf3, 0xaa, 0xaa, 0xaa, 0xaa, 0xa2, 0x00, 0x00,
    0x00, 0x00, 0x00, 0x00, 0x01, 0x83, 0x00, 0x00,
    0x00, 0x09, 0xfd, 0x00, 0x00, 0x00, 0x05, 0xf8,
    0x00, 0x00,

    /* U+00F8 "ø" */
    0x00, 0x00, 0x00, 0x00, 0x00, 0x10, 0x00, 0x05,
    0xcf, 0xec, 0x58, 0xd0, 0x00, 0x8f, 0xea, 0xae,
    0xff, 0x50, 0x04, 0xfc, 0x00, 0x05, 0xff, 0x40,
    0x0a, 0xf3, 0x00, 0x2f, 0xdf, 0xa0, 0x0e, 0xe0,
    0x01, 0xec, 0x0e, 0xe0, 0x0f, 0xd0, 0x0c, 0xd1,
    0x0d, 0xf0, 0x0e, 0xe0, 0xbe, 0x20, 0x0e, 0xe0,
    0x0a, 0xfc, 0xf4, 0x00, 0x3f, 0xa0, 0x04, 0xff,
    0x60, 0x00, 0xcf, 0x40, 0x04, 0xff, 0xea, 0xae,
    0xf8, 0x00, 0x0e, 0xa5, 0xcf, 0xfc, 0x50, 0x00,
    0x02, 0x00, 0x00, 0x00, 0x00, 0x00,

    /* U+00F9 "ù" */
    0x00, 0x5f, 0x80, 0x00, 0x00, 0x00, 0x0a, 0xf1,
    0x00, 0x00, 0x00, 0x01, 0xc6, 0x00, 0x00, 0x00,
    0x00, 0x00, 0x00, 0x00, 0x7f, 0x40, 0x00, 0x07,
    0xf4, 0x7f, 0x40, 0x00, 0x07, 0xf4, 0x7f, 0x40,
    0x00, 0x07, 0xf4, 0x7f, 0x40, 0x00, 0x07, 0xf4,
    0x7f, 0x40, 0x00, 0x07, 0xf4, 0x7f, 0x40, 0x00,
    0x07, 0xf4, 0x7f, 0x40, 0x00, 0x07, 0xf4, 0x6f,
    0x60, 0x00, 0x0a, 0xf4, 0x3f, 0xd0, 0x00, 0x3f,
    0xf4, 0x0c, 0xfe, 0xab, 0xf9, 0xf4, 0x01, 0x9e,
    0xfc, 0x36, 0xf4,

    /* U+00FA "ú" */
    0x00, 0x00, 0x04, 0x82, 0x00, 0x00, 0x00, 0x0e,
    0xd0, 0x00, 0x00, 0x00, 0x6f, 0x30, 0x00, 0x00,
    0x00, 0x55, 0x00, 0x00, 0x00, 0x00, 0x00, 0x00,
    0x00, 0x7f, 0x40, 0x00, 0x07, 0xf4, 0x7f, 0x40,
    0x00, 0x07, 0xf4, 0x7f, 0x40, 0x00, 0x07, 0xf4,
    0x7f, 0x40, 0x00, 0x07, 0xf4, 0x7f, 0x40, 0x00,
    0x07, 0xf4, 0x7f, 0x40, 0x00, 0x07, 0xf4, 0x7f,
    0x40, 0x00, 0x07, 0xf4, 0x6f, 0x60, 0x00, 0x0a,
    0xf4, 0x3f, 0xd0, 0x00, 0x3f, 0xf4, 0x0c, 0xfe,
    0xab, 0xf9, 0xf4, 0x01, 0x9e, 0xfc, 0x36, 0xf4,

    /* U+00FB "û" */
    0x00, 0x01, 0x77, 0x00, 0x00, 0x00, 0x0b, 0xef,
    0x80, 0x00, 0x00, 0x8f, 0x36, 0xf4, 0x00, 0x00,
    0x75, 0x00, 0x76, 0x00, 0x00, 0x00, 0x00, 0x00,
    0x00, 0x7f, 0x40, 0x00, 0x07, 0xf4, 0x7f, 0x40,
    0x00, 0x07, 0xf4, 0x7f, 0x40, 0x00, 0x07, 0xf4,
    0x7f, 0x40, 0x00, 0x07, 0xf4, 0x7f, 0x40, 0x00,
    0x07, 0xf4, 0x7f, 0x40, 0x00, 0x07, 0xf4, 0x7f,
    0x40, 0x00, 0x07, 0xf4, 0x6f, 0x60, 0x00, 0x0a,
    0xf4, 0x3f, 0xd0, 0x00, 0x3f, 0xf4, 0x0c, 0xfe,
    0xab, 0xf9, 0xf4, 0x01, 0x9e, 0xfc, 0x36, 0xf4,

    /* U+00FC "ü" */
    0x01, 0xeb, 0x00, 0xdc, 0x00, 0x03, 0xfe, 0x01,
    0xff, 0x00, 0x00, 0x31, 0x00, 0x22, 0x00, 0x7f,
    0x40, 0x00, 0x07, 0xf4, 0x7f, 0x40, 0x00, 0x07,
    0xf4, 0x7f, 0x40, 0x00, 0x07, 0xf4, 0x7f, 0x40,
    0x00, 0x07, 0xf4, 0x7f, 0x40, 0x00, 0x07, 0xf4,
    0x7f, 0x40, 0x00, 0x07, 0xf4, 0x7f, 0x40, 0x00,
    0x07, 0xf4, 0x6f, 0x60, 0x00, 0x0a, 0xf4, 0x3f,
    0xd0, 0x00, 0x3f, 0xf4, 0x0c, 0xfe, 0xab, 0xf9,
    0xf4, 0x01, 0x9e, 0xfc, 0x36, 0xf4,

    /* U+00FD "ý" */
    0x00, 0x00, 0x00, 0x77, 0x00, 0x00, 0x00, 0x00,
    0x3f, 0x80, 0x00, 0x00, 0x00, 0x0b, 0xe0, 0x00,
    0x00, 0x00, 0x00, 0x73, 0x00, 0x00, 0x00, 0x00,
    0x00, 0x00, 0x00, 0x04, 0xfa, 0x00, 0x00, 0x06,
    0xf8, 0x0e, 0xf0, 0x00, 0x00, 0xcf, 0x20, 0x8f,
    0x50, 0x00, 0x1f, 0xc0, 0x02, 0xfb, 0x00, 0x07,
    0xf5, 0x00, 0x0c, 0xf1, 0x00, 0xdf, 0x00, 0x00,
    0x5f, 0x70, 0x3f, 0x90, 0x00, 0x00, 0xfc, 0x09,
    0xf3, 0x00, 0x00, 0x09, 0xf1, 0xed, 0x00, 0x00,
    0x00, 0x3f, 0x9f, 0x70, 0x00, 0x00, 0x00, 0xdf,
    0xf1, 0x00, 0x00, 0x00, 0x07, 0xfa, 0x00, 0x00,
    0x00, 0x00, 0x8f, 0x40, 0x00, 0x00, 0x00, 0x0e,
    0xe0, 0x00, 0x00, 0x03, 0xad, 0xf6, 0x00, 0x00,
    0x00, 0x7f, 0xe6, 0x00, 0x00, 0x00,

    /* U+00FE "þ" */
    0x7f, 0x40, 0x00, 0x00, 0x00, 0x07, 0xf4, 0x00,
    0x00, 0x00, 0x00, 0x7f, 0x40, 0x00, 0x00, 0x00,
    0x07, 0xf4, 0x5d, 0xfe, 0x80, 0x00, 0x7f, 0x9f,
    0xb9, 0xdf, 0xd0, 0x07, 0xff, 0x40, 0x00, 0x8f,
    0x90, 0x7f, 0xa0, 0x00, 0x00, 0xee, 0x07, 0xf5,
    0x00, 0x00, 0x0a, 0xf2, 0x7f, 0x40, 0x00, 0x00,
    0x9f, 0x37, 0xf6, 0x00, 0x00, 0x0a, 0xf2, 0x7f,
    0xa0, 0x00, 0x00, 0xee, 0x07, 0xff, 0x40, 0x00,
    0x9f, 0x80, 0x7f, 0x9f, 0xb9, 0xdf, 0xd0, 0x07,
    0xf4, 0x5d, 0xfe, 0x91, 0x00, 0x7f, 0x40, 0x00,
    0x00, 0x00, 0x07, 0xf4, 0x00, 0x00, 0x00, 0x00,
    0x7f, 0x40, 0x00, 0x00, 0x00, 0x07, 0xf4, 0x00,
    0x00, 0x00, 0x00,

    /* U+00FF "ÿ" */
    0x00, 0x5f, 0x70, 0x3e, 0x80, 0x00, 0x07, 0xf9,
    0x05, 0xfb, 0x00, 0x00, 0x03, 0x00, 0x03, 0x10,
    0x04, 0xfa, 0x00, 0x00, 0x06, 0xf8, 0x0e, 0xf0,
    0x00, 0x00, 0xcf, 0x20, 0x8f, 0x50, 0x00, 0x1f,
    0xc0, 0x02, 0xfb, 0x00, 0x07, 0xf5, 0x00, 0x0c,
    0xf1, 0x00, 0xdf, 0x00, 0x00, 0x5f, 0x70, 0x3f,
    0x90, 0x00, 0x00, 0xfc, 0x09, 0xf3, 0x00, 0x00,
    0x09, 0xf1, 0xed, 0x00, 0x00, 0x00, 0x3f, 0x9f,
    0x70, 0x00, 0x00, 0x00, 0xdf, 0xf1, 0x00, 0x00,
    0x00, 0x07, 0xfa, 0x00, 0x00, 0x00, 0x00, 0x8f,
    0x40, 0x00, 0x00, 0x00, 0x0e, 0xe0, 0x00, 0x00,
    0x03, 0xad, 0xf6, 0x00, 0x00, 0x00, 0x7f, 0xe6,
    0x00, 0x00, 0x00,

    /* U+0100 "Ā" */
    0x00, 0x00, 0x11, 0x11, 0x10, 0x00, 0x00, 0x00,
    0x00, 0xdf, 0xff, 0xf9, 0x00, 0x00, 0x00, 0x00,
    0x34, 0x44, 0x42, 0x00, 0x00, 0x00, 0x00, 0x00,
    0x00, 0x00, 0x00, 0x00, 0x00, 0x00, 0x00, 0x00,
    0x00, 0x00, 0x00, 0x00, 0x00, 0x06, 0xff, 0x20,
    0x00, 0x00, 0x00, 0x00, 0x0c, 0xef, 0x80, 0x00,
    0x00, 0x00, 0x00, 0x2f, 0x8c, 0xe0, 0x00, 0x00,
    0x00, 0x00, 0x8f, 0x37, 0xf4, 0x00, 0x00, 0x00,
    0x00, 0xee, 0x02, 0xfa, 0x00, 0x00, 0x00, 0x04,
    0xf8, 0x00, 0xdf, 0x10, 0x00, 0x00, 0x0a, 0xf3,
    0x00, 0x7f, 0x60, 0x00, 0x00, 0x1f, 0xd0, 0x00,
    0x1f, 0xc0, 0x00, 0x00, 0x6f, 0xf9, 0x99, 0x9f,
    0xf3, 0x00, 0x00, 0xcf, 0xff, 0xff, 0xff, 0xf9,
    0x00, 0x02, 0xfb, 0x00, 0x00, 0x00, 0xee, 0x00,
    0x08, 0xf6, 0x00, 0x00, 0x00, 0x9f, 0x50, 0x0e,
    0xf0, 0x00, 0x00, 0x00, 0x3f, 0xb0, 0x4f, 0xa0,
    0x00, 0x00, 0x00, 0x0d, 0xf1,

    /* U+0101 "ā" */
    0x00, 0x4f, 0xff, 0xff, 0x20, 0x00, 0x16, 0x66,
    0x66, 0x00, 0x00, 0x00, 0x00, 0x00, 0x00, 0x00,
    0x29, 0xdf, 0xea, 0x20, 0x02, 0xff, 0xc9, 0xaf,
    0xe1, 0x07, 0xf5, 0x00, 0x06, 0xf7, 0x00, 0x00,
    0x00, 0x01, 0xfa, 0x00, 0x01, 0x46, 0x8c, 0xfb,
    0x01, 0xbf, 0xff, 0xda, 0xfb, 0x0d, 0xf8, 0x20,
    0x01, 0xfb, 0x1f, 0xb0, 0x00, 0x02, 0xfb, 0x0f,
    0xd0, 0x00, 0x0b, 0xfb, 0x09, 0xfd, 0x99, 0xeb,
    0xfb, 0x00, 0x7d, 0xfe, 0x81, 0xfb,

    /* U+0102 "Ă" */
    0x00, 0x00, 0x73, 0x00, 0x45, 0x00, 0x00, 0x00,
    0x00, 0xbc, 0x12, 0xe8, 0x00, 0x00, 0x00, 0x00,
    0x2d, 0xff, 0xb0, 0x00, 0x00, 0x00, 0x00, 0x00,
    0x21, 0x00, 0x00, 0x00, 0x00, 0x00, 0x00, 0x00,
    0x00, 0x00, 0x00, 0x00, 0x00, 0x06, 0xff, 0x20,
    0x00, 0x00, 0x00, 0x00, 0x0c, 0xef, 0x80, 0x00,
    0x00, 0x00, 0x00, 0x2f, 0x8c, 0xe0, 0x00, 0x00,
    0x00, 0x00, 0x8f, 0x37, 0xf4, 0x00, 0x00, 0x00,
    0x00, 0xee, 0x02, 0xfa, 0x00, 0x00, 0x00, 0x04,
    0xf8, 0x00, 0xdf, 0x10, 0x00, 0x00, 0x0a, 0xf3,
    0x00, 0x7f, 0x60, 0x00, 0x00, 0x1f, 0xd0, 0x00,
    0x1f, 0xc0, 0x00, 0x00, 0x6f, 0xf9, 0x99, 0x9f,
    0xf3, 0x00, 0x00, 0xcf, 0xff, 0xff, 0xff, 0xf9,
    0x00, 0x02, 0xfb, 0x00, 0x00, 0x00, 0xee, 0x00,
    0x08, 0xf6, 0x00, 0x00, 0x00, 0x9f, 0x50, 0x0e,
    0xf0, 0x00, 0x00, 0x00, 0x3f, 0xb0, 0x4f, 0xa0,
    0x00, 0x00, 0x00, 0x0d, 0xf1,

    /* U+0103 "ă" */
    0x00, 0x01, 0x00, 0x02, 0x00, 0x00, 0x3f, 0x40,
    0x6f, 0x20, 0x00, 0x08, 0xff, 0xf7, 0x00, 0x00,
    0x00, 0x13, 0x00, 0x00, 0x00, 0x00, 0x00, 0x00,
    0x00, 0x00, 0x29, 0xdf, 0xea, 0x20, 0x02, 0xff,
    0xc9, 0xaf, 0xe1, 0x07, 0xf5, 0x00, 0x06, 0xf7,
    0x00, 0x00, 0x00, 0x01, 0xfa, 0x00, 0x01, 0x46,
    0x8c, 0xfb, 0x01, 0xbf, 0xff, 0xda, 0xfb, 0x0d,
    0xf8, 0x20, 0x01, 0xfb, 0x1f, 0xb0, 0x00, 0x02,
    0xfb, 0x0f, 0xd0, 0x00, 0x0b, 0xfb, 0x09, 0xfd,
    0x99, 0xeb, 0xfb, 0x00, 0x7d, 0xfe, 0x81, 0xfb,

    /* U+0104 "Ą" */
    0x00, 0x00, 0x06, 0xff, 0x20, 0x00, 0x00, 0x00,
    0x00, 0x0c, 0xef, 0x80, 0x00, 0x00, 0x00, 0x00,
    0x2f, 0x8c, 0xe0, 0x00, 0x00, 0x00, 0x00, 0x8f,
    0x37, 0xf4, 0x00, 0x00, 0x00, 0x00, 0xed, 0x02,
    0xfa, 0x00, 0x00, 0x00, 0x04, 0xf8, 0x00, 0xcf,
    0x10, 0x00, 0x00, 0x0a, 0xf2, 0x00, 0x7f, 0x60,
    0x00, 0x00, 0x1f, 0xd0, 0x00, 0x1f, 0xc0, 0x00,
    0x00, 0x6f, 0xff, 0xff, 0xff, 0xf3, 0x00, 0x00,
    0xcf, 0xb9, 0x99, 0x9f, 0xf9, 0x00, 0x02, 0xfb,
    0x00, 0x00, 0x00, 0xee, 0x00, 0x08, 0xf6, 0x00,
    0x00, 0x00, 0x9f, 0x50, 0x0e, 0xf0, 0x00, 0x00,
    0x00, 0x3f, 0xb0, 0x4f, 0xa0, 0x00, 0x00, 0x00,
    0x0e, 0xf1, 0x00, 0x00, 0x00, 0x00, 0x00, 0x4f,
    0x90, 0x00, 0x00, 0x00, 0x00, 0x00, 0xec, 0x00,
    0x00, 0x00, 0x00, 0x00, 0x00, 0xfe, 0x85, 0x00,
    0x00, 0x00, 0x00, 0x00, 0x6e, 0xfa,

    /* U+0105 "ą" */
    0x00, 0x29, 0xdf, 0xea, 0x20, 0x00, 0x2f, 0xfc,
    0x9a, 0xfe, 0x10, 0x07, 0xf5, 0x00, 0x06, 0xf7,
    0x00, 0x00, 0x00, 0x00, 0x1f, 0xa0, 0x00, 0x01,
    0x46, 0x8c, 0xfb, 0x00, 0x1b, 0xff, 0xfd, 0xaf,
    0xb0, 0x0d, 0xf8, 0x20, 0x01, 0xfb, 0x01, 0xfb,
    0x00, 0x00, 0x2f, 0xb0, 0x0f, 0xd0, 0x00, 0x0b,
    0xfb, 0x00, 0x9f, 0xd9, 0x9e, 0xbf, 0xb0, 0x00,
    0x7d, 0xfe, 0x81, 0xfb, 0x00, 0x00, 0x00, 0x00,
    0xcd, 0x20, 0x00, 0x00, 0x00, 0x8f, 0x20, 0x00,
    0x00, 0x00, 0x0a, 0xfa, 0x90, 0x00, 0x00, 0x00,
    0x2c, 0xfd, 0x20,

    /* U+0106 "Ć" */
    0x00, 0x00, 0x00, 0x0e, 0xd0, 0x00, 0x00, 0x00,
    0x00, 0x07, 0xf4, 0x00, 0x00, 0x00, 0x00, 0x00,
    0xea, 0x00, 0x00, 0x00, 0x00, 0x00, 0x00, 0x00,
    0x00, 0x00, 0x00, 0x00, 0x00, 0x00, 0x00, 0x00,
    0x00, 0x00, 0x3a, 0xdf, 0xeb, 0x50, 0x00, 0x00,
    0x8f, 0xfd, 0xbd, 0xff, 0xc0, 0x00, 0x7f, 0xd3,
    0x00, 0x02, 0xbf, 0xa0, 0x1f, 0xe1, 0x00, 0x00,
    0x00, 0xcf, 0x36, 0xf7, 0x00, 0x00, 0x00, 0x03,
    0x83, 0xaf, 0x20, 0x00, 0x00, 0x00, 0x00, 0x0c,
    0xf0, 0x00, 0x00, 0x00, 0x00, 0x00, 0xcf, 0x00,
    0x00, 0x00, 0x00, 0x00, 0x0a, 0xf2, 0x00, 0x00,
    0x00, 0x00, 0x00, 0x6f, 0x70, 0x00, 0x00, 0x00,
    0x38, 0x31, 0xfe, 0x10, 0x00, 0x00, 0x0c, 0xf3,
    0x07, 0xfd, 0x30, 0x00, 0x1b, 0xfa, 0x00, 0x08,
    0xff, 0xdb, 0xcf, 0xfc, 0x00, 0x00, 0x03, 0xad,
    0xfe, 0xb6, 0x00, 0x00,

    /* U+0107 "ć" */
    0x00, 0x00, 0x04, 0x83, 0x00, 0x00, 0x00, 0x0d,
    0xd0, 0x00, 0x00, 0x00, 0x5f, 0x40, 0x00, 0x00,
    0x00, 0x56, 0x00, 0x00, 0x00, 0x00, 0x00, 0x00,
    0x00, 0x00, 0x5c, 0xfe, 0xb4, 0x00, 0x08, 0xfe,
    0xaa, 0xef, 0x80, 0x4f, 0xc0, 0x00, 0x1c, 0xf2,
    0xaf, 0x30, 0x00, 0x02, 0x30, 0xee, 0x00, 0x00,
    0x00, 0x00, 0xfd, 0x00, 0x00, 0x00, 0x00, 0xee,
    0x00, 0x00, 0x00, 0x00, 0xaf, 0x30, 0x00, 0x02,
    0x40, 0x4f, 0xc0, 0x00, 0x0c, 0xf2, 0x08, 0xfe,
    0xaa, 0xef, 0x80, 0x00, 0x5c, 0xfe, 0xc5, 0x00,

    /* U+0108 "Ĉ" */
    0x00, 0x00, 0x0a, 0xfd, 0x10, 0x00, 0x00, 0x00,
    0x09, 0xf3, 0xcc, 0x00, 0x00, 0x00, 0x02, 0x83,
    0x01, 0x74, 0x00, 0x00, 0x00, 0x00, 0x00, 0x00,
    0x00, 0x00, 0x00, 0x00, 0x00, 0x00, 0x00, 0x00,
    0x00, 0x00, 0x3a, 0xdf, 0xeb, 0x50, 0x00, 0x00,
    0x8f, 0xfd, 0xbd, 0xff, 0xc0, 0x00, 0x7f, 0xd3,
    0x00, 0x02, 0xbf, 0xa0, 0x1f, 0xe1, 0x00, 0x00,
    0x00, 0xcf, 0x36, 0xf7, 0x00, 0x00, 0x00, 0x03,
    0x83, 0xaf, 0x20, 0x00, 0x00, 0x00, 0x00, 0x0c,
    0xf0, 0x00, 0x00, 0x00, 0x00, 0x00, 0xcf, 0x00,
    0x00, 0x00, 0x00, 0x00, 0x0a, 0xf2, 0x00, 0x00,
    0x00, 0x00, 0x00, 0x6f, 0x70, 0x00, 0x00, 0x00,
    0x38, 0x31, 0xfe, 0x10, 0x00, 0x00, 0x0c, 0xf3,
    0x07, 0xfd, 0x30, 0x00, 0x1b, 0xfa, 0x00, 0x08,
    0xff, 0xdb, 0xcf, 0xfc, 0x00, 0x00, 0x03, 0xad,
    0xfe, 0xb6, 0x00, 0x00,

    /* U+0109 "ĉ" */
    0x00, 0x00, 0x77, 0x00, 0x00, 0x00, 0x0a, 0xef,
    0x90, 0x00, 0x00, 0x6f, 0x55, 0xf5, 0x00, 0x00,
    0x76, 0x00, 0x67, 0x00, 0x00, 0x00, 0x00, 0x00,
    0x00, 0x00, 0x5c, 0xfe, 0xb4, 0x00, 0x08, 0xfe,
    0xaa, 0xef, 0x80, 0x4f, 0xc0, 0x00, 0x1c, 0xf2,
    0xaf, 0x30, 0x00, 0x02, 0x30, 0xee, 0x00, 0x00,
    0x00, 0x00, 0xfd, 0x00, 0x00, 0x00, 0x00, 0xee,
    0x00, 0x00, 0x00, 0x00, 0xaf, 0x30, 0x00, 0x02,
    0x40, 0x4f, 0xc0, 0x00, 0x0c, 0xf2, 0x08, 0xfe,
    0xaa, 0xef, 0x80, 0x00, 0x5c, 0xfe, 0xc5, 0x00,

    /* U+010A "Ċ" */
    0x00, 0x00, 0x04, 0xf8, 0x00, 0x00, 0x00, 0x00,
    0x00, 0x7f, 0xc0, 0x00, 0x00, 0x00, 0x00, 0x00,
    0x41, 0x00, 0x00, 0x00, 0x00, 0x00, 0x00, 0x00,
    0x00, 0x00, 0x00, 0x00, 0x00, 0x00, 0x00, 0x00,
    0x00, 0x00, 0x3a, 0xdf, 0xeb, 0x50, 0x00, 0x00,
    0x8f, 0xfd, 0xbd, 0xff, 0xc0, 0x00, 0x7f, 0xd3,
    0x00, 0x02, 0xbf, 0xa0, 0x1f, 0xe1, 0x00, 0x00,
    0x00, 0xcf, 0x36, 0xf7, 0x00, 0x00, 0x00, 0x03,
    0x83, 0xaf, 0x20, 0x00, 0x00, 0x00, 0x00, 0x0c,
    0xf0, 0x00, 0x00, 0x00, 0x00, 0x00, 0xcf, 0x00,
    0x00, 0x00, 0x00, 0x00, 0x0a, 0xf2, 0x00, 0x00,
    0x00, 0x00, 0x00, 0x6f, 0x70, 0x00, 0x00, 0x00,
    0x38, 0x31, 0xfe, 0x10, 0x00, 0x00, 0x0c, 0xf3,
    0x07, 0xfd, 0x30, 0x00, 0x1b, 0xfa, 0x00, 0x08,
    0xff, 0xdb, 0xcf, 0xfc, 0x00, 0x00, 0x03, 0xad,
    0xfe, 0xb6, 0x00, 0x00,

    /* U+010B "ċ" */
    0x00, 0x01, 0xdd, 0x00, 0x00, 0x00, 0x02, 0xff,
    0x10, 0x00, 0x00, 0x00, 0x22, 0x00, 0x00, 0x00,
    0x5c, 0xfe, 0xb4, 0x00, 0x08, 0xfe, 0xaa, 0xef,
    0x80, 0x4f, 0xc0, 0x00, 0x1c, 0xf2, 0xaf, 0x30,
    0x00, 0x02, 0x30, 0xee, 0x00, 0x00, 0x00, 0x00,
    0xfd, 0x00, 0x00, 0x00, 0x00, 0xee, 0x00, 0x00,
    0x00, 0x00, 0xaf, 0x30, 0x00, 0x02, 0x40, 0x4f,
    0xc0, 0x00, 0x0c, 0xf2, 0x08, 0xfe, 0xaa, 0xef,
    0x80, 0x00, 0x5c, 0xfe, 0xc5, 0x00,

    /* U+010C "Č" */
    0x00, 0x02, 0xea, 0x06, 0xf6, 0x00, 0x00, 0x00,
    0x02, 0xeb, 0xf6, 0x00, 0x00, 0x00, 0x00, 0x03,
    0x85, 0x00, 0x00, 0x00, 0x00, 0x00, 0x00, 0x00,
    0x00, 0x00, 0x00, 0x00, 0x00, 0x00, 0x00, 0x00,
    0x00, 0x00, 0x3a, 0xdf, 0xeb, 0x50, 0x00, 0x00,
    0x8f, 0xfd, 0xbd, 0xff, 0xc0, 0x00, 0x7f, 0xd3,
    0x00, 0x02, 0xbf, 0xa0, 0x1f, 0xe1, 0x00, 0x00,
    0x00, 0xcf, 0x36, 0xf7, 0x00, 0x00, 0x00, 0x03,
    0x83, 0xaf, 0x20, 0x00, 0x00, 0x00, 0x00, 0x0c,
    0xf0, 0x00, 0x00, 0x00, 0x00, 0x00, 0xcf, 0x00,
    0x00, 0x00, 0x00, 0x00, 0x0a, 0xf2, 0x00, 0x00,
    0x00, 0x00, 0x00, 0x6f, 0x70, 0x00, 0x00, 0x00,
    0x38, 0x31, 0xfe, 0x10, 0x00, 0x00, 0x0c, 0xf3,
    0x07, 0xfd, 0x30, 0x00, 0x1b, 0xfa, 0x00, 0x08,
    0xff, 0xdb, 0xcf, 0xfc, 0x00, 0x00, 0x03, 0xad,
    0xfe, 0xb6, 0x00, 0x00,

    /* U+010D "č" */
    0x00, 0x76, 0x00, 0x67, 0x00, 0x00, 0x6f, 0x55,
    0xf6, 0x00, 0x00, 0x09, 0xef, 0x90, 0x00, 0x00,
    0x00, 0x77, 0x00, 0x00, 0x00, 0x00, 0x00, 0x00,
    0x00, 0x00, 0x5c, 0xfe, 0xb4, 0x00, 0x08, 0xfe,
    0xaa, 0xef, 0x80, 0x4f, 0xc0, 0x00, 0x1c, 0xf2,
    0xaf, 0x30, 0x00, 0x02, 0x30, 0xee, 0x00, 0x00,
    0x00, 0x00, 0xfd, 0x00, 0x00, 0x00, 0x00, 0xee,
    0x00, 0x00, 0x00, 0x00, 0xaf, 0x30, 0x00, 0x02,
    0x40, 0x4f, 0xc0, 0x00, 0x0c, 0xf2, 0x08, 0xfe,
    0xaa, 0xef, 0x80, 0x00, 0x5c, 0xfe, 0xc5, 0x00,

    /* U+010E "Ď" */
    0x00, 0x66, 0x00, 0x67, 0x00, 0x00, 0x00, 0x03,
    0xf8, 0x7f, 0x50, 0x00, 0x00, 0x00, 0x04, 0xff,
    0x50, 0x00, 0x00, 0x00, 0x00, 0x00, 0x00, 0x00,
    0x00, 0x00, 0x00, 0x00, 0x00, 0x00, 0x00, 0x00,
    0x03, 0xff, 0xff, 0xfe, 0xb6, 0x00, 0x00, 0x3f,
    0xfa, 0xaa, 0xbf, 0xfd, 0x20, 0x03, 0xf9, 0x00,
    0x00, 0x08, 0xfd, 0x00, 0x3f, 0x90, 0x00, 0x00,
    0x08, 0xf8, 0x03, 0xf9, 0x00, 0x00, 0x00, 0x0f,
    0xe0, 0x3f, 0x90, 0x00, 0x00, 0x00, 0xbf, 0x13,
    0xf9, 0x00, 0x00, 0x00, 0x09, 0xf3, 0x3f, 0x90,
    0x00, 0x00, 0x00, 0x9f, 0x33, 0xf9, 0x00, 0x00,
    0x00, 0x0b, 0xf1, 0x3f, 0x90, 0x00, 0x00, 0x00,
    0xfd, 0x03, 0xf9, 0x00, 0x00, 0x00, 0x8f, 0x80,
    0x3f, 0x90, 0x00, 0x01, 0x8f, 0xd0, 0x03, 0xff,
    0xaa, 0xac, 0xff, 0xc2, 0x00, 0x3f, 0xff, 0xff,
    0xeb, 0x50, 0x00, 0x00,

    /* U+010F "ď" */
    0x00, 0x00, 0x00, 0x00, 0x00, 0x0a, 0x80, 0x00,
    0x00, 0x00, 0x00, 0x00, 0xfa, 0x00, 0x00, 0x00,
    0x00, 0xfb, 0x0f, 0x70, 0x00, 0x00, 0x00, 0x0f,
    0xb0, 0xf5, 0x00, 0x00, 0x00, 0x00, 0xfb, 0x00,
    0x00, 0x06, 0xdf, 0xe8, 0x0f, 0xb0, 0x00, 0x0a,
    0xfe, 0xaa, 0xf9, 0xfb, 0x00, 0x05, 0xfc, 0x00,
    0x01, 0xef, 0xb0, 0x00, 0xbf, 0x20, 0x00, 0x06,
    0xfb, 0x00, 0x0e, 0xe0, 0x00, 0x00, 0x1f, 0xb0,
    0x00, 0xfd, 0x00, 0x00, 0x00, 0xfb, 0x00, 0x0e,
    0xe0, 0x00, 0x00, 0x2f, 0xb0, 0x00, 0xbf, 0x20,
    0x00, 0x06, 0xfb, 0x00, 0x05, 0xfc, 0x00, 0x01,
    0xef, 0xb0, 0x00, 0x0a, 0xfe, 0x9a, 0xf8, 0xfb,
    0x00, 0x00, 0x06, 0xdf, 0xe8, 0x0f, 0xb0, 0x00,

    /* U+0110 "Đ" */
    0x00, 0xff, 0xff, 0xfe, 0xc7, 0x10, 0x00, 0x00,
    0xff, 0xaa, 0xab, 0xef, 0xe4, 0x00, 0x00, 0xfe,
    0x00, 0x00, 0x05, 0xff, 0x20, 0x00, 0xfe, 0x00,
    0x00, 0x00, 0x4f, 0xc0, 0x00, 0xfe, 0x00, 0x00,
    0x00, 0x0b, 0xf2, 0x00, 0xfe, 0x00, 0x00, 0x00,
    0x07, 0xf5, 0xcf, 0xff, 0xff, 0xfc, 0x00, 0x05,
    0xf7, 0x68, 0xff, 0x88, 0x86, 0x00, 0x05, 0xf7,
    0x00, 0xfe, 0x00, 0x00, 0x00, 0x07, 0xf5, 0x00,
    0xfe, 0x00, 0x00, 0x00, 0x0c, 0xf2, 0x00, 0xfe,
    0x00, 0x00, 0x00, 0x4f, 0xc0, 0x00, 0xfe, 0x00,
    0x00, 0x06, 0xff, 0x20, 0x00, 0xff, 0xaa, 0xab,
    0xef, 0xe4, 0x00, 0x00, 0xff, 0xff, 0xfe, 0xc7,
    0x10, 0x00,

    /* U+0111 "đ" */
    0x00, 0x00, 0x01, 0x11, 0xfc, 0x10, 0x00, 0x00,
    0x2f, 0xff, 0xff, 0xf2, 0x00, 0x00, 0x04, 0x44,
    0xff, 0x40, 0x00, 0x6d, 0xfe, 0x80, 0xfb, 0x00,
    0x0a, 0xfe, 0xaa, 0xf9, 0xfb, 0x00, 0x5f, 0xc0,
    0x00, 0x1e, 0xfb, 0x00, 0xbf, 0x20, 0x00, 0x06,
    0xfb, 0x00, 0xee, 0x00, 0x00, 0x01, 0xfb, 0x00,
    0xfd, 0x00, 0x00, 0x00, 0xfb, 0x00, 0xee, 0x00,
    0x00, 0x02, 0xfb, 0x00, 0xbf, 0x20, 0x00, 0x06,
    0xfb, 0x00, 0x5f, 0xc0, 0x00, 0x1e, 0xfb, 0x00,
    0x0a, 0xfe, 0x9a, 0xf8, 0xfb, 0x00, 0x00, 0x6d,
    0xfe, 0x80, 0xfb, 0x00,

    /* U+0112 "Ē" */
    0x00, 0x01, 0x11, 0x11, 0x00, 0x00, 0x7f, 0xff,
    0xff, 0x00, 0x00, 0x24, 0x44, 0x44, 0x00, 0x00,
    0x00, 0x00, 0x00, 0x00, 0x00, 0x00, 0x00, 0x00,
    0x00, 0x3f, 0xff, 0xff, 0xff, 0xfa, 0x3f, 0xda,
    0xaa, 0xaa, 0xa6, 0x3f, 0x90, 0x00, 0x00, 0x00,
    0x3f, 0x90, 0x00, 0x00, 0x00, 0x3f, 0x90, 0x00,
    0x00, 0x00, 0x3f, 0x90, 0x00, 0x00, 0x00, 0x3f,
    0xff, 0xff, 0xff, 0xf2, 0x3f, 0xda, 0xaa, 0xaa,
    0xa1, 0x3f, 0x90, 0x00, 0x00, 0x00, 0x3f, 0x90,
    0x00, 0x00, 0x00, 0x3f, 0x90, 0x00, 0x00, 0x00,
    0x3f, 0x90, 0x00, 0x00, 0x00, 0x3f, 0xda, 0xaa,
    0xaa, 0xa7, 0x3f, 0xff, 0xff, 0xff, 0xfb,

    /* U+0113 "ē" */
    0x00, 0xdf, 0xff, 0xf9, 0x00, 0x00, 0x56, 0x66,
    0x63, 0x00, 0x00, 0x00, 0x00, 0x00, 0x00, 0x00,
    0x5c, 0xff, 0xb4, 0x00, 0x08, 0xfe, 0x9a, 0xff,
    0x50, 0x4f, 0xb0, 0x00, 0x1e, 0xf1, 0xaf, 0x10,
    0x00, 0x06, 0xf6, 0xef, 0x22, 0x22, 0x24, 0xf9,
    0xff, 0xff, 0xff, 0xff, 0xfa, 0xef, 0x55, 0x55,
    0x55, 0x53, 0xaf, 0x20, 0x00, 0x00, 0x00, 0x4f,
    0xb0, 0x00, 0x09, 0xe4, 0x08, 0xfe, 0xa9, 0xdf,
    0xc0, 0x00, 0x5b, 0xef, 0xd7, 0x00,

    /* U+0114 "Ĕ" */
    0x00, 0x45, 0x00, 0x28, 0x00, 0x00, 0x5f, 0x31,
    0xad, 0x00, 0x00, 0x09, 0xff, 0xe3, 0x00, 0x00,
    0x00, 0x12, 0x00, 0x00, 0x00, 0x00, 0x00, 0x00,
    0x00, 0x3f, 0xff, 0xff, 0xff, 0xfa, 0x3f, 0xda,
    0xaa, 0xaa, 0xa6, 0x3f, 0x90, 0x00, 0x00, 0x00,
    0x3f, 0x90, 0x00, 0x00, 0x00, 0x3f, 0x90, 0x00,
    0x00, 0x00, 0x3f, 0x90, 0x00, 0x00, 0x00, 0x3f,
    0xff, 0xff, 0xff, 0xf2, 0x3f, 0xda, 0xaa, 0xaa,
    0xa1, 0x3f, 0x90, 0x00, 0x00, 0x00, 0x3f, 0x90,
    0x00, 0x00, 0x00, 0x3f, 0x90, 0x00, 0x00, 0x00,
    0x3f, 0x90, 0x00, 0x00, 0x00, 0x3f, 0xda, 0xaa,
    0xaa, 0xa7, 0x3f, 0xff, 0xff, 0xff, 0xfb,

    /* U+0115 "ĕ" */
    0x00, 0x73, 0x00, 0x45, 0x00, 0x00, 0xbc, 0x12,
    0xe7, 0x00, 0x00, 0x2d, 0xff, 0xb0, 0x00, 0x00,
    0x00, 0x22, 0x00, 0x00, 0x00, 0x00, 0x00, 0x00,
    0x00, 0x00, 0x5c, 0xff, 0xb4, 0x00, 0x08, 0xfe,
    0x9a, 0xff, 0x50, 0x4f, 0xb0, 0x00, 0x1e, 0xf1,
    0xaf, 0x10, 0x00, 0x06, 0xf6, 0xef, 0x22, 0x22,
    0x24, 0xf9, 0xff, 0xff, 0xff, 0xff, 0xfa, 0xef,
    0x55, 0x55, 0x55, 0x53, 0xaf, 0x20, 0x00, 0x00,
    0x00, 0x4f, 0xb0, 0x00, 0x09, 0xe4, 0x08, 0xfe,
    0xa9, 0xdf, 0xc0, 0x00, 0x5b, 0xef, 0xd7, 0x00,

    /* U+0116 "Ė" */
    0x00, 0x00, 0x13, 0x00, 0x00, 0x00, 0x00, 0xdf,
    0x50, 0x00, 0x00, 0x00, 0xae, 0x30, 0x00, 0x00,
    0x00, 0x00, 0x00, 0x00, 0x00, 0x00, 0x00, 0x00,
    0x00, 0x3f, 0xff, 0xff, 0xff, 0xfa, 0x3f, 0xda,
    0xaa, 0xaa, 0xa6, 0x3f, 0x90, 0x00, 0x00, 0x00,
    0x3f, 0x90, 0x00, 0x00, 0x00, 0x3f, 0x90, 0x00,
    0x00, 0x00, 0x3f, 0x90, 0x00, 0x00, 0x00, 0x3f,
    0xff, 0xff, 0xff, 0xf2, 0x3f, 0xda, 0xaa, 0xaa,
    0xa1, 0x3f, 0x90, 0x00, 0x00, 0x00, 0x3f, 0x90,
    0x00, 0x00, 0x00, 0x3f, 0x90, 0x00, 0x00, 0x00,
    0x3f, 0x90, 0x00, 0x00, 0x00, 0x3f, 0xda, 0xaa,
    0xaa, 0xa7, 0x3f, 0xff, 0xff, 0xff, 0xfb,

    /* U+0117 "ė" */
    0x00, 0x01, 0xec, 0x00, 0x00, 0x00, 0x03, 0xff,
    0x00, 0x00, 0x00, 0x00, 0x32, 0x00, 0x00, 0x00,
    0x5c, 0xff, 0xb4, 0x00, 0x08, 0xfe, 0x9a, 0xff,
    0x50, 0x4f, 0xb0, 0x00, 0x1e, 0xf1, 0xaf, 0x10,
    0x00, 0x06, 0xf6, 0xef, 0x22, 0x22, 0x24, 0xf9,
    0xff, 0xff, 0xff, 0xff, 0xfa, 0xef, 0x55, 0x55,
    0x55, 0x53, 0xaf, 0x20, 0x00, 0x00, 0x00, 0x4f,
    0xb0, 0x00, 0x09, 0xe4, 0x08, 0xfe, 0xa9, 0xdf,
    0xc0, 0x00, 0x5b, 0xef, 0xd7, 0x00,

    /* U+0118 "Ę" */
    0x3f, 0xff, 0xff, 0xff, 0xfa, 0x03, 0xfd, 0xaa,
    0xaa, 0xaa, 0x60, 0x3f, 0x90, 0x00, 0x00, 0x00,
    0x03, 0xf9, 0x00, 0x00, 0x00, 0x00, 0x3f, 0x90,
    0x00, 0x00, 0x00, 0x03, 0xfd, 0xaa, 0xaa, 0xaa,
    0x10, 0x3f, 0xff, 0xff, 0xff, 0xf2, 0x03, 0xf9,
    0x00, 0x00, 0x00, 0x00, 0x3f, 0x90, 0x00, 0x00,
    0x00, 0x03, 0xf9, 0x00, 0x00, 0x00, 0x00, 0x3f,
    0x90, 0x00, 0x00, 0x00, 0x03, 0xf9, 0x00, 0x00,
    0x00, 0x00, 0x3f, 0xda, 0xaa, 0xaa, 0xa7, 0x03,
    0xff, 0xff, 0xff, 0xff, 0xb0, 0x00, 0x00, 0x00,
    0x0c, 0xd3, 0x00, 0x00, 0x00, 0x08, 0xf2, 0x00,
    0x00, 0x00, 0x00, 0x9f, 0xa8, 0x00, 0x00, 0x00,
    0x02, 0xcf, 0xd2,

    /* U+0119 "ę" */
    0x00, 0x5c, 0xff, 0xb4, 0x00, 0x08, 0xfe, 0x9a,
    0xff, 0x50, 0x4f, 0xb0, 0x00, 0x1e, 0xf1, 0xaf,
    0x10, 0x00, 0x06, 0xf6, 0xef, 0x22, 0x22, 0x24,
    0xf9, 0xff, 0xff, 0xff, 0xff, 0xfa, 0xef, 0x55,
    0x55, 0x55, 0x53, 0xaf, 0x20, 0x00, 0x00, 0x00,
    0x4f, 0xb0, 0x00, 0x09, 0xe6, 0x08, 0xfe, 0xa9,
    0xdf, 0xf1, 0x00, 0x5b, 0xef, 0xff, 0x60, 0x00,
    0x00, 0x01, 0xeb, 0x00, 0x00, 0x00, 0x08, 0xf3,
    0x00, 0x00, 0x00, 0x08, 0xfa, 0x90, 0x00, 0x00,
    0x01, 0xbf, 0xd3,

    /* U+011A "Ě" */
    0x00, 0x57, 0x00, 0x47, 0x10, 0x00, 0x1d, 0xb4,
    0xf7, 0x00, 0x00, 0x02, 0xef, 0x80, 0x00, 0x00,
    0x00, 0x00, 0x00, 0x00, 0x00, 0x00, 0x00, 0x00,
    0x00, 0x3f, 0xff, 0xff, 0xff, 0xfa, 0x3f, 0xda,
    0xaa, 0xaa, 0xa6, 0x3f, 0x90, 0x00, 0x00, 0x00,
    0x3f, 0x90, 0x00, 0x00, 0x00, 0x3f, 0x90, 0x00,
    0x00, 0x00, 0x3f, 0x90, 0x00, 0x00, 0x00, 0x3f,
    0xff, 0xff, 0xff, 0xf2, 0x3f, 0xda, 0xaa, 0xaa,
    0xa1, 0x3f, 0x90, 0x00, 0x00, 0x00, 0x3f, 0x90,
    0x00, 0x00, 0x00, 0x3f, 0x90, 0x00, 0x00, 0x00,
    0x3f, 0x90, 0x00, 0x00, 0x00, 0x3f, 0xda, 0xaa,
    0xaa, 0xa7, 0x3f, 0xff, 0xff, 0xff, 0xfb,

    /* U+011B "ě" */
    0x00, 0x75, 0x00, 0x77, 0x00, 0x00, 0x7f, 0x37,
    0xf5, 0x00, 0x00, 0x0b, 0xef, 0x80, 0x00, 0x00,
    0x01, 0x77, 0x00, 0x00, 0x00, 0x00, 0x00, 0x00,
    0x00, 0x00, 0x5c, 0xff, 0xb4, 0x00, 0x08, 0xfe,
    0x9a, 0xff, 0x50, 0x4f, 0xb0, 0x00, 0x1e, 0xf1,
    0xaf, 0x10, 0x00, 0x06, 0xf6, 0xef, 0x22, 0x22,
    0x24, 0xf9, 0xff, 0xff, 0xff, 0xff, 0xfa, 0xef,
    0x55, 0x55, 0x55, 0x53, 0xaf, 0x20, 0x00, 0x00,
    0x00, 0x4f, 0xb0, 0x00, 0x09, 0xe4, 0x08, 0xfe,
    0xa9, 0xdf, 0xc0, 0x00, 0x5b, 0xef, 0xd7, 0x00,

    /* U+011C "Ĝ" */
    0x00, 0x00, 0x0b, 0xfd, 0x00, 0x00, 0x00, 0x00,
    0x0a, 0xe3, 0xdc, 0x00, 0x00, 0x00, 0x03, 0x83,
    0x02, 0x83, 0x00, 0x00, 0x00, 0x00, 0x00, 0x00,
    0x00, 0x00, 0x00, 0x00, 0x00, 0x00, 0x00, 0x00,
    0x00, 0x00, 0x3a, 0xdf, 0xeb, 0x60, 0x00, 0x00,
    0x8f, 0xfd, 0xbd, 0xff, 0xd1, 0x00, 0x7f, 0xd3,
    0x00, 0x01, 0xaf, 0xc0, 0x1f, 0xe1, 0x00, 0x00,
    0x00, 0xcf, 0x57, 0xf7, 0x00, 0x00, 0x00, 0x01,
    0x31, 0xaf, 0x20, 0x00, 0x00, 0x00, 0x00, 0x0c,
    0xf0, 0x00, 0x00, 0x89, 0x99, 0x96, 0xcf, 0x00,
    0x00, 0x0e, 0xff, 0xff, 0xaa, 0xf2, 0x00, 0x00,
    0x00, 0x03, 0xf9, 0x7f, 0x70, 0x00, 0x00, 0x00,
    0x6f, 0x71, 0xfe, 0x10, 0x00, 0x00, 0x0d, 0xf2,
    0x07, 0xfd, 0x30, 0x00, 0x1b, 0xfa, 0x00, 0x08,
    0xff, 0xdb, 0xcf, 0xfb, 0x00, 0x00, 0x03, 0xad,
    0xfe, 0xb5, 0x00, 0x00,

    /* U+011D "ĝ" */
    0x00, 0x01, 0x77, 0x00, 0x00, 0x00, 0x1d, 0xce,
    0xa0, 0x00, 0x00, 0xcd, 0x13, 0xf9, 0x00, 0x00,
    0x00, 0x00, 0x00, 0x00, 0x00, 0x00, 0x00, 0x00,
    0x00, 0x00, 0x6d, 0xfe, 0x80, 0xfb, 0x09, 0xfe,
    0xaa, 0xf9, 0xfb, 0x4f, 0xc0, 0x00, 0x1e, 0xfb,
    0xaf, 0x30, 0x00, 0x06, 0xfb, 0xee, 0x00, 0x00,
    0x01, 0xfb, 0xfd, 0x00, 0x00, 0x00, 0xfb, 0xee,
    0x00, 0x00, 0x01, 0xfb, 0xbf, 0x20, 0x00, 0x05,
    0xfb, 0x5f, 0xb0, 0x00, 0x1d, 0xfb, 0x0b, 0xfe,
    0x9a, 0xe9, 0xfb, 0x00, 0x7d, 0xfe, 0x80, 0xfb,
    0x00, 0x00, 0x00, 0x01, 0xfa, 0x2a, 0x50, 0x00,
    0x08, 0xf7, 0x1e, 0xfc, 0x89, 0xdf, 0xc0, 0x01,
    0x9d, 0xff, 0xd8, 0x00,

    /* U+011E "Ğ" */
    0x00, 0x03, 0xf1, 0x00, 0xf5, 0x00, 0x00, 0x00,
    0x0e, 0x91, 0x7f, 0x10, 0x00, 0x00, 0x00, 0x3e,
    0xff, 0x50, 0x00, 0x00, 0x00, 0x00, 0x02, 0x00,
    0x00, 0x00, 0x00, 0x00, 0x00, 0x00, 0x00, 0x00,
    0x00, 0x00, 0x3a, 0xdf, 0xeb, 0x60, 0x00, 0x00,
    0x8f, 0xfd, 0xbd, 0xff, 0xd1, 0x00, 0x7f, 0xd3,
    0x00, 0x01, 0xaf, 0xc0, 0x1f, 0xe1, 0x00, 0x00,
    0x00, 0xcf, 0x57, 0xf7, 0x00, 0x00, 0x00, 0x01,
    0x31, 0xaf, 0x20, 0x00, 0x00, 0x00, 0x00, 0x0c,
    0xf0, 0x00, 0x00, 0x89, 0x99, 0x96, 0xcf, 0x00,
    0x00, 0x0e, 0xff, 0xff, 0xaa, 0xf2, 0x00, 0x00,
    0x00, 0x03, 0xf9, 0x7f, 0x70, 0x00, 0x00, 0x00,
    0x6f, 0x71, 0xfe, 0x10, 0x00, 0x00, 0x0d, 0xf2,
    0x07, 0xfd, 0x30, 0x00, 0x1b, 0xfa, 0x00, 0x08,
    0xff, 0xdb, 0xcf, 0xfb, 0x00, 0x00, 0x03, 0xad,
    0xfe, 0xb5, 0x00, 0x00,

    /* U+011F "ğ" */
    0x00, 0x73, 0x00, 0x45, 0x00, 0x00, 0xbc, 0x12,
    0xe8, 0x00, 0x00, 0x1d, 0xff, 0xb0, 0x00, 0x00,
    0x00, 0x22, 0x00, 0x00, 0x00, 0x00, 0x00, 0x00,
    0x00, 0x00, 0x6d, 0xfe, 0x80, 0xfb, 0x09, 0xfe,
    0xaa, 0xf9, 0xfb, 0x4f, 0xc0, 0x00, 0x1e, 0xfb,
    0xaf, 0x30, 0x00, 0x06, 0xfb, 0xee, 0x00, 0x00,
    0x01, 0xfb, 0xfd, 0x00, 0x00, 0x00, 0xfb, 0xee,
    0x00, 0x00, 0x01, 0xfb, 0xbf, 0x20, 0x00, 0x05,
    0xfb, 0x5f, 0xb0, 0x00, 0x1d, 0xfb, 0x0b, 0xfe,
    0x9a, 0xe9, 0xfb, 0x00, 0x7d, 0xfe, 0x80, 0xfb,
    0x00, 0x00, 0x00, 0x01, 0xfa, 0x2a, 0x50, 0x00,
    0x08, 0xf7, 0x1e, 0xfc, 0x89, 0xdf, 0xc0, 0x01,
    0x9d, 0xff, 0xd8, 0x00,

    /* U+0120 "Ġ" */
    0x00, 0x00, 0x05, 0xf7, 0x00, 0x00, 0x00, 0x00,
    0x00, 0x8f, 0xb0, 0x00, 0x00, 0x00, 0x00, 0x00,
    0x40, 0x00, 0x00, 0x00, 0x00, 0x00, 0x00, 0x00,
    0x00, 0x00, 0x00, 0x00, 0x00, 0x00, 0x00, 0x00,
    0x00, 0x00, 0x3a, 0xdf, 0xeb, 0x60, 0x00, 0x00,
    0x8f, 0xfd, 0xbd, 0xff, 0xd1, 0x00, 0x7f, 0xd3,
    0x00, 0x01, 0xaf, 0xc0, 0x1f, 0xe1, 0x00, 0x00,
    0x00, 0xcf, 0x57, 0xf7, 0x00, 0x00, 0x00, 0x01,
    0x31, 0xaf, 0x20, 0x00, 0x00, 0x00, 0x00, 0x0c,
    0xf0, 0x00, 0x00, 0x89, 0x99, 0x96, 0xcf, 0x00,
    0x00, 0x0e, 0xff, 0xff, 0xaa, 0xf2, 0x00, 0x00,
    0x00, 0x03, 0xf9, 0x7f, 0x70, 0x00, 0x00, 0x00,
    0x6f, 0x71, 0xfe, 0x10, 0x00, 0x00, 0x0d, 0xf2,
    0x07, 0xfd, 0x30, 0x00, 0x1b, 0xfa, 0x00, 0x08,
    0xff, 0xdb, 0xcf, 0xfb, 0x00, 0x00, 0x03, 0xad,
    0xfe, 0xb5, 0x00, 0x00,

    /* U+0121 "ġ" */
    0x00, 0x01, 0xec, 0x00, 0x00, 0x00, 0x03, 0xff,
    0x10, 0x00, 0x00, 0x00, 0x22, 0x00, 0x00, 0x00,
    0x6d, 0xfe, 0x80, 0xfb, 0x09, 0xfe, 0xaa, 0xf9,
    0xfb, 0x4f, 0xc0, 0x00, 0x1e, 0xfb, 0xaf, 0x30,
    0x00, 0x06, 0xfb, 0xee, 0x00, 0x00, 0x01, 0xfb,
    0xfd, 0x00, 0x00, 0x00, 0xfb, 0xee, 0x00, 0x00,
    0x01, 0xfb, 0xbf, 0x20, 0x00, 0x05, 0xfb, 0x5f,
    0xb0, 0x00, 0x1d, 0xfb, 0x0b, 0xfe, 0x9a, 0xe9,
    0xfb, 0x00, 0x7d, 0xfe, 0x80, 0xfb, 0x00, 0x00,
    0x00, 0x01, 0xfa, 0x2a, 0x50, 0x00, 0x08, 0xf7,
    0x1e, 0xfc, 0x89, 0xdf, 0xc0, 0x01, 0x9d, 0xff,
    0xd8, 0x00,

    /* U+0122 "Ģ" */
    0x00, 0x03, 0xad, 0xfe, 0xb6, 0x00, 0x00, 0x08,
    0xff, 0xdb, 0xdf, 0xfd, 0x10, 0x07, 0xfd, 0x30,
    0x00, 0x1a, 0xfc, 0x01, 0xfe, 0x10, 0x00, 0x00,
    0x0c, 0xf5, 0x7f, 0x70, 0x00, 0x00, 0x00, 0x13,
    0x1a, 0xf2, 0x00, 0x00, 0x00, 0x00, 0x00, 0xcf,
    0x00, 0x00, 0x08, 0x99, 0x99, 0x6c, 0xf0, 0x00,
    0x00, 0xef, 0xff, 0xfa, 0xaf, 0x20, 0x00, 0x00,
    0x00, 0x3f, 0x97, 0xf7, 0x00, 0x00, 0x00, 0x06,
    0xf7, 0x1f, 0xe1, 0x00, 0x00, 0x00, 0xdf, 0x20,
    0x7f, 0xd3, 0x00, 0x01, 0xbf, 0xa0, 0x00, 0x8f,
    0xfd, 0xbc, 0xff, 0xb0, 0x00, 0x00, 0x3a, 0xdf,
    0xeb, 0x50, 0x00, 0x00, 0x00, 0x00, 0x00, 0x00,
    0x00, 0x00, 0x00, 0x00, 0x7f, 0x40, 0x00, 0x00,
    0x00, 0x00, 0x0b, 0xe0, 0x00, 0x00, 0x00, 0x00,
    0x00, 0xe9, 0x00, 0x00, 0x00, 0x00, 0x00, 0x0a,
    0x30, 0x00, 0x00, 0x00,

    /* U+0123 "ģ" */
    0x00, 0x00, 0x06, 0x00, 0x00, 0x00, 0x00, 0x5f,
    0x40, 0x00, 0x00, 0x00, 0xbd, 0x00, 0x00, 0x00,
    0x00, 0xdb, 0x00, 0x00, 0x00, 0x00, 0x65, 0x00,
    0x00, 0x00, 0x00, 0x00, 0x00, 0x00, 0x00, 0x6d,
    0xfe, 0x80, 0xfb, 0x09, 0xfe, 0xaa, 0xf9, 0xfb,
    0x4f, 0xc0, 0x00, 0x1e, 0xfb, 0xaf, 0x30, 0x00,
    0x06, 0xfb, 0xee, 0x00, 0x00, 0x01, 0xfb, 0xfd,
    0x00, 0x00, 0x00, 0xfb, 0xee, 0x00, 0x00, 0x01,
    0xfb, 0xbf, 0x20, 0x00, 0x05, 0xfb, 0x5f, 0xb0,
    0x00, 0x1d, 0xfb, 0x0b, 0xfe, 0x9a, 0xe9, 0xfb,
    0x00, 0x7d, 0xfe, 0x80, 0xfb, 0x00, 0x00, 0x00,
    0x01, 0xfa, 0x2a, 0x50, 0x00, 0x08, 0xf7, 0x1e,
    0xfc, 0x89, 0xdf, 0xc0, 0x01, 0x9d, 0xff, 0xd8,
    0x00,

    /* U+0124 "Ĥ" */
    0x00, 0x00, 0x05, 0x83, 0x00, 0x00, 0x00, 0x00,
    0x06, 0xfb, 0xf3, 0x00, 0x00, 0x00, 0x05, 0xf7,
    0x0a, 0xe2, 0x00, 0x00, 0x00, 0x00, 0x00, 0x00,
    0x00, 0x00, 0x00, 0x00, 0x00, 0x00, 0x00, 0x00,
    0x03, 0xf9, 0x00, 0x00, 0x00, 0x0c, 0xf1, 0x3f,
    0x90, 0x00, 0x00, 0x00, 0xcf, 0x13, 0xf9, 0x00,
    0x00, 0x00, 0x0c, 0xf1, 0x3f, 0x90, 0x00, 0x00,
    0x00, 0xcf, 0x13, 0xf9, 0x00, 0x00, 0x00, 0x0c,
    0xf1, 0x3f, 0x90, 0x00, 0x00, 0x00, 0xcf, 0x13,
    0xff, 0xff, 0xff, 0xff, 0xff, 0xf1, 0x3f, 0xda,
    0xaa, 0xaa, 0xaa, 0xef, 0x13, 0xf9, 0x00, 0x00,
    0x00, 0x0c, 0xf1, 0x3f, 0x90, 0x00, 0x00, 0x00,
    0xcf, 0x13, 0xf9, 0x00, 0x00, 0x00, 0x0c, 0xf1,
    0x3f, 0x90, 0x00, 0x00, 0x00, 0xcf, 0x13, 0xf9,
    0x00, 0x00, 0x00, 0x0c, 0xf1, 0x3f, 0x90, 0x00,
    0x00, 0x00, 0xcf, 0x10,

    /* U+0125 "ĥ" */
    0x00, 0x58, 0x30, 0x00, 0x00, 0x00, 0x06, 0xfb,
    0xf3, 0x00, 0x00, 0x00, 0x5f, 0x70, 0xae, 0x20,
    0x00, 0x00, 0x00, 0x00, 0x00, 0x00, 0x00, 0x00,
    0x00, 0x00, 0x00, 0x00, 0x00, 0x00, 0x00, 0x7f,
    0x40, 0x00, 0x00, 0x00, 0x00, 0x7f, 0x40, 0x00,
    0x00, 0x00, 0x00, 0x7f, 0x40, 0x00, 0x00, 0x00,
    0x00, 0x7f, 0x44, 0xcf, 0xe8, 0x00, 0x00, 0x7f,
    0x8e, 0xaa, 0xff, 0x90, 0x00, 0x7f, 0xe1, 0x00,
    0x1f, 0xf1, 0x00, 0x7f, 0x80, 0x00, 0x09, 0xf3,
    0x00, 0x7f, 0x40, 0x00, 0x07, 0xf4, 0x00, 0x7f,
    0x40, 0x00, 0x07, 0xf4, 0x00, 0x7f, 0x40, 0x00,
    0x07, 0xf4, 0x00, 0x7f, 0x40, 0x00, 0x07, 0xf4,
    0x00, 0x7f, 0x40, 0x00, 0x07, 0xf4, 0x00, 0x7f,
    0x40, 0x00, 0x07, 0xf4, 0x00, 0x7f, 0x40, 0x00,
    0x07, 0xf4,

    /* U+0126 "Ħ" */
    0x00, 0xef, 0x00, 0x00, 0x00, 0x06, 0xf7, 0x00,
    0x0e, 0xf0, 0x00, 0x00, 0x00, 0x6f, 0x70, 0x02,
    0xff, 0x22, 0x22, 0x22, 0x28, 0xfa, 0x10, 0xff,
    0xff, 0xff, 0xff, 0xff, 0xff, 0xf9, 0x05, 0xff,
    0x55, 0x55, 0x55, 0x5b, 0xfd, 0x30, 0x0e, 0xf0,
    0x00, 0x00, 0x00, 0x6f, 0x70, 0x00, 0xef, 0xff,
    0xff, 0xff, 0xff, 0xf7, 0x00, 0x0e, 0xfa, 0xaa,
    0xaa, 0xaa, 0xcf, 0x70, 0x00, 0xef, 0x00, 0x00,
    0x00, 0x06, 0xf7, 0x00, 0x0e, 0xf0, 0x00, 0x00,
    0x00, 0x6f, 0x70, 0x00, 0xef, 0x00, 0x00, 0x00,
    0x06, 0xf7, 0x00, 0x0e, 0xf0, 0x00, 0x00, 0x00,
    0x6f, 0x70, 0x00, 0xef, 0x00, 0x00, 0x00, 0x06,
    0xf7, 0x00, 0x0e, 0xf0, 0x00, 0x00, 0x00, 0x6f,
    0x70,

    /* U+0127 "ħ" */
    0x08, 0xf5, 0x11, 0x00, 0x00, 0x0e, 0xff, 0xff,
    0xf6, 0x00, 0x00, 0x3b, 0xf8, 0x44, 0x10, 0x00,
    0x00, 0x7f, 0x45, 0xdf, 0xe8, 0x00, 0x07, 0xfa,
    0xfa, 0xaf, 0xf9, 0x00, 0x7f, 0xf1, 0x00, 0x1f,
    0xf1, 0x07, 0xf7, 0x00, 0x00, 0x9f, 0x30, 0x7f,
    0x40, 0x00, 0x07, 0xf4, 0x07, 0xf4, 0x00, 0x00,
    0x7f, 0x40, 0x7f, 0x40, 0x00, 0x07, 0xf4, 0x07,
    0xf4, 0x00, 0x00, 0x7f, 0x40, 0x7f, 0x40, 0x00,
    0x07, 0xf4, 0x07, 0xf4, 0x00, 0x00, 0x7f, 0x40,
    0x7f, 0x40, 0x00, 0x07, 0xf4,

    /* U+0128 "Ĩ" */
    0x00, 0x00, 0x00, 0x00, 0xcf, 0xff, 0xf5, 0x03,
    0x33, 0x31, 0x00, 0x00, 0x00, 0x00, 0x00, 0x00,
    0x00, 0x00, 0x03, 0xf9, 0x00, 0x00, 0x3f, 0x90,
    0x00, 0x03, 0xf9, 0x00, 0x00, 0x3f, 0x90, 0x00,
    0x03, 0xf9, 0x00, 0x00, 0x3f, 0x90, 0x00, 0x03,
    0xf9, 0x00, 0x00, 0x3f, 0x90, 0x00, 0x03, 0xf9,
    0x00, 0x00, 0x3f, 0x90, 0x00, 0x03, 0xf9, 0x00,
    0x00, 0x3f, 0x90, 0x00, 0x03, 0xf9, 0x00, 0x00,
    0x3f, 0x90, 0x00,

    /* U+0129 "ĩ" */
    0x2d, 0xff, 0xff, 0x21, 0x34, 0x33, 0x10, 0x00,
    0x00, 0x00, 0x00, 0x07, 0xf4, 0x00, 0x00, 0x7f,
    0x40, 0x00, 0x07, 0xf4, 0x00, 0x00, 0x7f, 0x40,
    0x00, 0x07, 0xf4, 0x00, 0x00, 0x7f, 0x40, 0x00,
    0x07, 0xf4, 0x00, 0x00, 0x7f, 0x40, 0x00, 0x07,
    0xf4, 0x00, 0x00, 0x7f, 0x40, 0x00, 0x07, 0xf4,
    0x00,

    /* U+012A "Ī" */
    0x01, 0x11, 0x11, 0x00, 0xff, 0xff, 0xf6, 0x04,
    0x44, 0x44, 0x10, 0x00, 0x00, 0x00, 0x00, 0x00,
    0x00, 0x00, 0x03, 0xf9, 0x00, 0x00, 0x3f, 0x90,
    0x00, 0x03, 0xf9, 0x00, 0x00, 0x3f, 0x90, 0x00,
    0x03, 0xf9, 0x00, 0x00, 0x3f, 0x90, 0x00, 0x03,
    0xf9, 0x00, 0x00, 0x3f, 0x90, 0x00, 0x03, 0xf9,
    0x00, 0x00, 0x3f, 0x90, 0x00, 0x03, 0xf9, 0x00,
    0x00, 0x3f, 0x90, 0x00, 0x03, 0xf9, 0x00, 0x00,
    0x3f, 0x90, 0x00,

    /* U+012B "ī" */
    0x4f, 0xff, 0xff, 0x21, 0x66, 0x66, 0x60, 0x00,
    0x00, 0x00, 0x00, 0x07, 0xf4, 0x00, 0x00, 0x7f,
    0x40, 0x00, 0x07, 0xf4, 0x00, 0x00, 0x7f, 0x40,
    0x00, 0x07, 0xf4, 0x00, 0x00, 0x7f, 0x40, 0x00,
    0x07, 0xf4, 0x00, 0x00, 0x7f, 0x40, 0x00, 0x07,
    0xf4, 0x00, 0x00, 0x7f, 0x40, 0x00, 0x07, 0xf4,
    0x00,

    /* U+012C "Ĭ" */
    0x08, 0x10, 0x06, 0x30, 0xe9, 0x14, 0xf4, 0x04,
    0xef, 0xf8, 0x00, 0x00, 0x21, 0x00, 0x00, 0x00,
    0x00, 0x00, 0x03, 0xf9, 0x00, 0x00, 0x3f, 0x90,
    0x00, 0x03, 0xf9, 0x00, 0x00, 0x3f, 0x90, 0x00,
    0x03, 0xf9, 0x00, 0x00, 0x3f, 0x90, 0x00, 0x03,
    0xf9, 0x00, 0x00, 0x3f, 0x90, 0x00, 0x03, 0xf9,
    0x00, 0x00, 0x3f, 0x90, 0x00, 0x03, 0xf9, 0x00,
    0x00, 0x3f, 0x90, 0x00, 0x03, 0xf9, 0x00, 0x00,
    0x3f, 0x90, 0x00,

    /* U+012D "ĭ" */
    0x4f, 0x40, 0x5f, 0x20, 0x8f, 0xff, 0x70, 0x00,
    0x13, 0x00, 0x00, 0x00, 0x00, 0x00, 0x00, 0x7f,
    0x40, 0x00, 0x07, 0xf4, 0x00, 0x00, 0x7f, 0x40,
    0x00, 0x07, 0xf4, 0x00, 0x00, 0x7f, 0x40, 0x00,
    0x07, 0xf4, 0x00, 0x00, 0x7f, 0x40, 0x00, 0x07,
    0xf4, 0x00, 0x00, 0x7f, 0x40, 0x00, 0x07, 0xf4,
    0x00, 0x00, 0x7f, 0x40, 0x00,

    /* U+012E "Į" */
    0x03, 0xf9, 0x00, 0x3f, 0x90, 0x03, 0xf9, 0x00,
    0x3f, 0x90, 0x03, 0xf9, 0x00, 0x3f, 0x90, 0x03,
    0xf9, 0x00, 0x3f, 0x90, 0x03, 0xf9, 0x00, 0x3f,
    0x90, 0x03, 0xf9, 0x00, 0x3f, 0x90, 0x03, 0xf9,
    0x00, 0x4f, 0xa0, 0x1d, 0xc2, 0x09, 0xf1, 0x00,
    0xbf, 0x98, 0x03, 0xcf, 0xd1,

    /* U+012F "į" */
    0x00, 0x7f, 0x50, 0x0a, 0xf8, 0x00, 0x04, 0x00,
    0x07, 0xf4, 0x00, 0x7f, 0x40, 0x07, 0xf4, 0x00,
    0x7f, 0x40, 0x07, 0xf4, 0x00, 0x7f, 0x40, 0x07,
    0xf4, 0x00, 0x7f, 0x40, 0x07, 0xf4, 0x00, 0x7f,
    0x40, 0x08, 0xf4, 0x04, 0xf9, 0x00, 0xec, 0x00,
    0x0f, 0xe8, 0x50, 0x6e, 0xfa,

    /* U+0130 "İ" */
    0x03, 0x16, 0xfc, 0x4f, 0x90, 0x00, 0x00, 0x03,
    0xf9, 0x3f, 0x93, 0xf9, 0x3f, 0x93, 0xf9, 0x3f,
    0x93, 0xf9, 0x3f, 0x93, 0xf9, 0x3f, 0x93, 0xf9,
    0x3f, 0x93, 0xf9, 0x3f, 0x90,

    /* U+0131 "ı" */
    0x7f, 0x47, 0xf4, 0x7f, 0x47, 0xf4, 0x7f, 0x47,
    0xf4, 0x7f, 0x47, 0xf4, 0x7f, 0x47, 0xf4, 0x7f,
    0x40,

    /* U+0132 "Ĳ" */
    0x3f, 0x90, 0x00, 0x00, 0x00, 0x00, 0xdf, 0x03,
    0xf9, 0x00, 0x00, 0x00, 0x00, 0x0d, 0xf0, 0x3f,
    0x90, 0x00, 0x00, 0x00, 0x00, 0xdf, 0x03, 0xf9,
    0x00, 0x00, 0x00, 0x00, 0x0d, 0xf0, 0x3f, 0x90,
    0x00, 0x00, 0x00, 0x00, 0xdf, 0x03, 0xf9, 0x00,
    0x00, 0x00, 0x00, 0x0d, 0xf0, 0x3f, 0x90, 0x00,
    0x00, 0x00, 0x00, 0xdf, 0x03, 0xf9, 0x00, 0x00,
    0x00, 0x00, 0x0d, 0xf0, 0x3f, 0x90, 0x00, 0x00,
    0x00, 0x00, 0xdf, 0x03, 0xf9, 0x00, 0x8c, 0x20,
    0x00, 0x0d, 0xf0, 0x3f, 0x90, 0x09, 0xf4, 0x00,
    0x00, 0xef, 0x03, 0xf9, 0x00, 0x6f, 0xa0, 0x00,
    0x4f, 0xb0, 0x3f, 0x90, 0x00, 0xcf, 0xb7, 0x9f,
    0xf3, 0x03, 0xf9, 0x00, 0x00, 0x8d, 0xfe, 0xa2,
    0x00,

    /* U+0133 "ĳ" */
    0x7f, 0x50, 0x0a, 0xe3, 0xaf, 0x80, 0x0d, 0xf6,
    0x04, 0x00, 0x01, 0x30, 0x7f, 0x40, 0x0a, 0xf2,
    0x7f, 0x40, 0x0a, 0xf2, 0x7f, 0x40, 0x0a, 0xf2,
    0x7f, 0x40, 0x0a, 0xf2, 0x7f, 0x40, 0x0a, 0xf2,
    0x7f, 0x40, 0x0a, 0xf2, 0x7f, 0x40, 0x0a, 0xf2,
    0x7f, 0x40, 0x0a, 0xf2, 0x7f, 0x40, 0x0a, 0xf2,
    0x7f, 0x40, 0x0a, 0xf2, 0x7f, 0x40, 0x0a, 0xf2,
    0x00, 0x00, 0x0a, 0xf2, 0x00, 0x00, 0x0c, 0xf1,
    0x00, 0x03, 0xcf, 0xb0, 0x00, 0x06, 0xfa, 0x10,

    /* U+0134 "Ĵ" */
    0x00, 0x00, 0x00, 0x09, 0xfe, 0x20, 0x00, 0x00,
    0x00, 0x8f, 0x4b, 0xd1, 0x00, 0x00, 0x01, 0x84,
    0x00, 0x75, 0x00, 0x00, 0x00, 0x00, 0x00, 0x00,
    0x00, 0x00, 0x00, 0x00, 0x00, 0x00, 0x00, 0x00,
    0x00, 0x03, 0xfa, 0x00, 0x00, 0x00, 0x00, 0x03,
    0xfa, 0x00, 0x00, 0x00, 0x00, 0x03, 0xfa, 0x00,
    0x00, 0x00, 0x00, 0x03, 0xfa, 0x00, 0x00, 0x00,
    0x00, 0x03, 0xfa, 0x00, 0x00, 0x00, 0x00, 0x03,
    0xfa, 0x00, 0x00, 0x00, 0x00, 0x03, 0xfa, 0x00,
    0x00, 0x00, 0x00, 0x03, 0xfa, 0x00, 0x00, 0x00,
    0x00, 0x03, 0xfa, 0x00, 0x0e, 0xc0, 0x00, 0x03,
    0xfa, 0x00, 0x0f, 0xe0, 0x00, 0x05, 0xf9, 0x00,
    0x0b, 0xf6, 0x00, 0x0b, 0xf5, 0x00, 0x03, 0xff,
    0xca, 0xef, 0xc0, 0x00, 0x00, 0x2a, 0xef, 0xd8,
    0x00, 0x00,

    /* U+0135 "ĵ" */
    0x01, 0xdf, 0xb0, 0x00, 0xcd, 0x3e, 0xa0, 0x48,
    0x10, 0x38, 0x20, 0x00, 0x00, 0x00, 0x00, 0x7f,
    0x40, 0x00, 0x07, 0xf4, 0x00, 0x00, 0x7f, 0x40,
    0x00, 0x07, 0xf4, 0x00, 0x00, 0x7f, 0x40, 0x00,
    0x07, 0xf4, 0x00, 0x00, 0x7f, 0x40, 0x00, 0x07,
    0xf4, 0x00, 0x00, 0x7f, 0x40, 0x00, 0x07, 0xf4,
    0x00, 0x00, 0x7f, 0x40, 0x00, 0x07, 0xf4, 0x00,
    0x00, 0xaf, 0x30, 0x02, 0xbf, 0xe0, 0x00, 0x4f,
    0xb2, 0x00, 0x00,

    /* U+0136 "Ķ" */
    0x3f, 0x90, 0x00, 0x00, 0x2e, 0xf6, 0x3f, 0x90,
    0x00, 0x01, 0xef, 0x60, 0x3f, 0x90, 0x00, 0x1d,
    0xf7, 0x00, 0x3f, 0x90, 0x01, 0xdf, 0x70, 0x00,
    0x3f, 0x90, 0x1d, 0xf8, 0x00, 0x00, 0x3f, 0x90,
    0xcf, 0x80, 0x00, 0x00, 0x3f, 0x9a, 0xff, 0x50,
    0x00, 0x00, 0x3f, 0xff, 0xaf, 0xf2, 0x00, 0x00,
    0x3f, 0xf8, 0x06, 0xfc, 0x00, 0x00, 0x3f, 0xf0,
    0x00, 0xaf, 0x80, 0x00, 0x3f, 0x90, 0x00, 0x0d,
    0xf4, 0x00, 0x3f, 0x90, 0x00, 0x03, 0xfe, 0x10,
    0x3f, 0x90, 0x00, 0x00, 0x6f, 0xc0, 0x3f, 0x90,
    0x00, 0x00, 0x0a, 0xf8, 0x00, 0x00, 0x00, 0x00,
    0x00, 0x00, 0x00, 0x00, 0x2f, 0x90, 0x00, 0x00,
    0x00, 0x00, 0x5f, 0x30, 0x00, 0x00, 0x00, 0x00,
    0x9e, 0x00, 0x00, 0x00, 0x00, 0x00, 0x76, 0x00,
    0x00, 0x00,

    /* U+0137 "ķ" */
    0x7f, 0x40, 0x00, 0x00, 0x00, 0x7f, 0x40, 0x00,
    0x00, 0x00, 0x7f, 0x40, 0x00, 0x00, 0x00, 0x7f,
    0x40, 0x00, 0x4f, 0xd1, 0x7f, 0x40, 0x04, 0xfd,
    0x10, 0x7f, 0x40, 0x3f, 0xd1, 0x00, 0x7f, 0x43,
    0xee, 0x20, 0x00, 0x7f, 0x7e, 0xf2, 0x00, 0x00,
    0x7f, 0xff, 0xf5, 0x00, 0x00, 0x7f, 0xd3, 0xff,
    0x20, 0x00, 0x7f, 0x40, 0x5f, 0xd1, 0x00, 0x7f,
    0x40, 0x08, 0xfb, 0x00, 0x7f, 0x40, 0x00, 0xbf,
    0x80, 0x7f, 0x40, 0x00, 0x1d, 0xf4, 0x00, 0x00,
    0x00, 0x00, 0x00, 0x00, 0x05, 0xf6, 0x00, 0x00,
    0x00, 0x09, 0xf1, 0x00, 0x00, 0x00, 0x0c, 0xb0,
    0x00, 0x00, 0x00, 0x09, 0x40, 0x00, 0x00,

    /* U+0138 "ĸ" */
    0x7f, 0x40, 0x00, 0x4f, 0xc0, 0x7f, 0x40, 0x02,
    0xfe, 0x10, 0x7f, 0x40, 0x0d, 0xf3, 0x00, 0x7f,
    0x40, 0xaf, 0x50, 0x00, 0x7f, 0x57, 0xf7, 0x00,
    0x00, 0x7f, 0xff, 0xf0, 0x00, 0x00, 0x7f, 0x8e,
    0xf5, 0x00, 0x00, 0x7f, 0x40, 0xdf, 0x30, 0x00,
    0x7f, 0x40, 0x2e, 0xe1, 0x00, 0x7f, 0x40, 0x04,
    0xfd, 0x00, 0x7f, 0x40, 0x00, 0x6f, 0xb0,

    /* U+0139 "Ĺ" */
    0x00, 0x67, 0x00, 0x00, 0x00, 0x04, 0xf7, 0x00,
    0x00, 0x00, 0x0c, 0xb0, 0x00, 0x00, 0x00, 0x00,
    0x00, 0x00, 0x00, 0x00, 0x00, 0x00, 0x00, 0x00,
    0x00, 0x3f, 0x90, 0x00, 0x00, 0x00, 0x3f, 0x90,
    0x00, 0x00, 0x00, 0x3f, 0x90, 0x00, 0x00, 0x00,
    0x3f, 0x90, 0x00, 0x00, 0x00, 0x3f, 0x90, 0x00,
    0x00, 0x00, 0x3f, 0x90, 0x00, 0x00, 0x00, 0x3f,
    0x90, 0x00, 0x00, 0x00, 0x3f, 0x90, 0x00, 0x00,
    0x00, 0x3f, 0x90, 0x00, 0x00, 0x00, 0x3f, 0x90,
    0x00, 0x00, 0x00, 0x3f, 0x90, 0x00, 0x00, 0x00,
    0x3f, 0x90, 0x00, 0x00, 0x00, 0x3f, 0xda, 0xaa,
    0xaa, 0xa3, 0x3f, 0xff, 0xff, 0xff, 0xf5,

    /* U+013A "ĺ" */
    0x00, 0x76, 0x08, 0xf3, 0x1f, 0x70, 0x00, 0x00,
    0x00, 0x00, 0x7f, 0x40, 0x7f, 0x40, 0x7f, 0x40,
    0x7f, 0x40, 0x7f, 0x40, 0x7f, 0x40, 0x7f, 0x40,
    0x7f, 0x40, 0x7f, 0x40, 0x7f, 0x40, 0x7f, 0x40,
    0x7f, 0x40, 0x7f, 0x40, 0x7f, 0x40,

    /* U+013B "Ļ" */
    0x3f, 0x90, 0x00, 0x00, 0x00, 0x3f, 0x90, 0x00,
    0x00, 0x00, 0x3f, 0x90, 0x00, 0x00, 0x00, 0x3f,
    0x90, 0x00, 0x00, 0x00, 0x3f, 0x90, 0x00, 0x00,
    0x00, 0x3f, 0x90, 0x00, 0x00, 0x00, 0x3f, 0x90,
    0x00, 0x00, 0x00, 0x3f, 0x90, 0x00, 0x00, 0x00,
    0x3f, 0x90, 0x00, 0x00, 0x00, 0x3f, 0x90, 0x00,
    0x00, 0x00, 0x3f, 0x90, 0x00, 0x00, 0x00, 0x3f,
    0x90, 0x00, 0x00, 0x00, 0x3f, 0xda, 0xaa, 0xaa,
    0xa3, 0x3f, 0xff, 0xff, 0xff, 0xf5, 0x00, 0x00,
    0x00, 0x00, 0x00, 0x00, 0x00, 0xfc, 0x00, 0x00,
    0x00, 0x03, 0xf6, 0x00, 0x00, 0x00, 0x06, 0xf1,
    0x00, 0x00, 0x00, 0x06, 0x80, 0x00, 0x00,

    /* U+013C "ļ" */
    0x07, 0xf4, 0x07, 0xf4, 0x07, 0xf4, 0x07, 0xf4,
    0x07, 0xf4, 0x07, 0xf4, 0x07, 0xf4, 0x07, 0xf4,
    0x07, 0xf4, 0x07, 0xf4, 0x07, 0xf4, 0x07, 0xf4,
    0x07, 0xf4, 0x07, 0xf4, 0x00, 0x00, 0x09, 0xf2,
    0x0d, 0xc0, 0x0f, 0x70, 0x2a, 0x10,

    /* U+013D "Ľ" */
    0x00, 0x00, 0x0e, 0xc0, 0x00, 0x3f, 0x90, 0x0e,
    0x90, 0x00, 0x3f, 0x90, 0x0e, 0x70, 0x00, 0x3f,
    0x90, 0x09, 0x40, 0x00, 0x3f, 0x90, 0x00, 0x00,
    0x00, 0x3f, 0x90, 0x00, 0x00, 0x00, 0x3f, 0x90,
    0x00, 0x00, 0x00, 0x3f, 0x90, 0x00, 0x00, 0x00,
    0x3f, 0x90, 0x00, 0x00, 0x00, 0x3f, 0x90, 0x00,
    0x00, 0x00, 0x3f, 0x90, 0x00, 0x00, 0x00, 0x3f,
    0x90, 0x00, 0x00, 0x00, 0x3f, 0x90, 0x00, 0x00,
    0x00, 0x3f, 0xda, 0xaa, 0xaa, 0xa3, 0x3f, 0xff,
    0xff, 0xff, 0xf5,

    /* U+013E "ľ" */
    0x00, 0x04, 0xf6, 0x7f, 0x44, 0xf3, 0x7f, 0x44,
    0xf1, 0x7f, 0x43, 0xa0, 0x7f, 0x40, 0x00, 0x7f,
    0x40, 0x00, 0x7f, 0x40, 0x00, 0x7f, 0x40, 0x00,
    0x7f, 0x40, 0x00, 0x7f, 0x40, 0x00, 0x7f, 0x40,
    0x00, 0x7f, 0x40, 0x00, 0x7f, 0x40, 0x00, 0x7f,
    0x40, 0x00, 0x7f, 0x40, 0x00,

    /* U+013F "Ŀ" */
    0x3f, 0x90, 0x00, 0x00, 0x00, 0x3f, 0x90, 0x00,
    0x00, 0x00, 0x3f, 0x90, 0x00, 0x00, 0x00, 0x3f,
    0x90, 0x00, 0x00, 0x00, 0x3f, 0x90, 0x02, 0x20,
    0x00, 0x3f, 0x90, 0x2f, 0xf1, 0x00, 0x3f, 0x90,
    0x1e, 0xc0, 0x00, 0x3f, 0x90, 0x00, 0x00, 0x00,
    0x3f, 0x90, 0x00, 0x00, 0x00, 0x3f, 0x90, 0x00,
    0x00, 0x00, 0x3f, 0x90, 0x00, 0x00, 0x00, 0x3f,
    0x90, 0x00, 0x00, 0x00, 0x3f, 0xda, 0xaa, 0xaa,
    0xa3, 0x3f, 0xff, 0xff, 0xff, 0xf5,

    /* U+0140 "ŀ" */
    0x7f, 0x40, 0x00, 0x07, 0xf4, 0x00, 0x00, 0x7f,
    0x40, 0x00, 0x07, 0xf4, 0x00, 0x00, 0x7f, 0x40,
    0x00, 0x07, 0xf4, 0x08, 0x60, 0x7f, 0x46, 0xff,
    0x17, 0xf4, 0x2e, 0xc0, 0x7f, 0x40, 0x00, 0x07,
    0xf4, 0x00, 0x00, 0x7f, 0x40, 0x00, 0x07, 0xf4,
    0x00, 0x00, 0x7f, 0x40, 0x00, 0x07, 0xf4, 0x00,
    0x00,

    /* U+0141 "Ł" */
    0x00, 0xaf, 0x30, 0x00, 0x00, 0x00, 0x0a, 0xf3,
    0x00, 0x00, 0x00, 0x00, 0xaf, 0x30, 0x00, 0x00,
    0x00, 0x0a, 0xf3, 0x00, 0x50, 0x00, 0x00, 0xaf,
    0x35, 0xec, 0x00, 0x00, 0x0a, 0xff, 0xfd, 0x40,
    0x00, 0x02, 0xff, 0xf6, 0x00, 0x00, 0x06, 0xff,
    0xf3, 0x00, 0x00, 0x00, 0x89, 0xcf, 0x30, 0x00,
    0x00, 0x00, 0x0a, 0xf3, 0x00, 0x00, 0x00, 0x00,
    0xaf, 0x30, 0x00, 0x00, 0x00, 0x0a, 0xf3, 0x00,
    0x00, 0x00, 0x00, 0xaf, 0xba, 0xaa, 0xaa, 0x90,
    0x0a, 0xff, 0xff, 0xff, 0xff,

    /* U+0142 "ł" */
    0x00, 0x7f, 0x40, 0x00, 0x7f, 0x40, 0x00, 0x7f,
    0x40, 0x00, 0x7f, 0x44, 0x00, 0x7f, 0xfe, 0x02,
    0xff, 0xf3, 0x1f, 0xff, 0x40, 0x16, 0x7f, 0x40,
    0x00, 0x7f, 0x40, 0x00, 0x7f, 0x40, 0x00, 0x7f,
    0x40, 0x00, 0x7f, 0x40, 0x00, 0x7f, 0x40, 0x00,
    0x7f, 0x40,

    /* U+0143 "Ń" */
    0x00, 0x00, 0x00, 0x07, 0x70, 0x00, 0x00, 0x00,
    0x00, 0x06, 0xf5, 0x00, 0x00, 0x00, 0x00, 0x00,
    0xe9, 0x00, 0x00, 0x00, 0x00, 0x00, 0x00, 0x00,
    0x00, 0x00, 0x00, 0x00, 0x00, 0x00, 0x00, 0x00,
    0x03, 0xff, 0x40, 0x00, 0x00, 0x08, 0xf5, 0x3f,
    0xfd, 0x00, 0x00, 0x00, 0x8f, 0x53, 0xfa, 0xf8,
    0x00, 0x00, 0x08, 0xf5, 0x3f, 0x88, 0xf3, 0x00,
    0x00, 0x8f, 0x53, 0xf9, 0x0e, 0xc0, 0x00, 0x08,
    0xf5, 0x3f, 0x90, 0x5f, 0x70, 0x00, 0x8f, 0x53,
    0xfa, 0x00, 0xbf, 0x20, 0x08, 0xf5, 0x3f, 0xa0,
    0x01, 0xfb, 0x00, 0x8f, 0x53, 0xfa, 0x00, 0x06,
    0xf6, 0x08, 0xf5, 0x3f, 0xa0, 0x00, 0x0c, 0xe1,
    0x8f, 0x53, 0xfa, 0x00, 0x00, 0x2f, 0x98, 0xf5,
    0x3f, 0xa0, 0x00, 0x00, 0x7f, 0xaf, 0x53, 0xfa,
    0x00, 0x00, 0x00, 0xdf, 0xf5, 0x3f, 0xa0, 0x00,
    0x00, 0x03, 0xff, 0x50,

    /* U+0144 "ń" */
    0x00, 0x00, 0x0c, 0xf2, 0x00, 0x00, 0x00, 0x5f,
    0x50, 0x00, 0x00, 0x00, 0x56, 0x00, 0x00, 0x00,
    0x00, 0x00, 0x00, 0x00, 0x7f, 0x36, 0xdf, 0xe8,
    0x00, 0x7f, 0xae, 0x88, 0xdf, 0x90, 0x7f, 0xe0,
    0x00, 0x0e, 0xf1, 0x7f, 0x60, 0x00, 0x09, 0xf3,
    0x7f, 0x40, 0x00, 0x07, 0xf4, 0x7f, 0x40, 0x00,
    0x07, 0xf4, 0x7f, 0x40, 0x00, 0x07, 0xf4, 0x7f,
    0x40, 0x00, 0x07, 0xf4, 0x7f, 0x40, 0x00, 0x07,
    0xf4, 0x7f, 0x40, 0x00, 0x07, 0xf4, 0x7f, 0x40,
    0x00, 0x07, 0xf4,

    /* U+0145 "Ņ" */
    0x3f, 0xf4, 0x00, 0x00, 0x00, 0x8f, 0x53, 0xff,
    0xd0, 0x00, 0x00, 0x08, 0xf5, 0x3f, 0xaf, 0x80,
    0x00, 0x00, 0x8f, 0x53, 0xf8, 0x8f, 0x30, 0x00,
    0x08, 0xf5, 0x3f, 0x90, 0xec, 0x00, 0x00, 0x8f,
    0x53, 0xf9, 0x05, 0xf7, 0x00, 0x08, 0xf5, 0x3f,
    0xa0, 0x0b, 0xf2, 0x00, 0x8f, 0x53, 0xfa, 0x00,
    0x1f, 0xb0, 0x08, 0xf5, 0x3f, 0xa0, 0x00, 0x6f,
    0x60, 0x8f, 0x53, 0xfa, 0x00, 0x00, 0xce, 0x18,
    0xf5, 0x3f, 0xa0, 0x00, 0x02, 0xf9, 0x8f, 0x53,
    0xfa, 0x00, 0x00, 0x07, 0xfa, 0xf5, 0x3f, 0xa0,
    0x00, 0x00, 0x0d, 0xff, 0x53, 0xfa, 0x00, 0x00,
    0x00, 0x3f, 0xf5, 0x00, 0x00, 0x00, 0x00, 0x00,
    0x00, 0x00, 0x00, 0x00, 0x7f, 0x30, 0x00, 0x00,
    0x00, 0x00, 0x0b, 0xe0, 0x00, 0x00, 0x00, 0x00,
    0x00, 0xe9, 0x00, 0x00, 0x00, 0x00, 0x00, 0x1a,
    0x20, 0x00, 0x00, 0x00,

    /* U+0146 "ņ" */
    0x7f, 0x36, 0xdf, 0xe8, 0x00, 0x7f, 0xae, 0x88,
    0xdf, 0x90, 0x7f, 0xe0, 0x00, 0x0e, 0xf1, 0x7f,
    0x60, 0x00, 0x09, 0xf3, 0x7f, 0x40, 0x00, 0x07,
    0xf4, 0x7f, 0x40, 0x00, 0x07, 0xf4, 0x7f, 0x40,
    0x00, 0x07, 0xf4, 0x7f, 0x40, 0x00, 0x07, 0xf4,
    0x7f, 0x40, 0x00, 0x07, 0xf4, 0x7f, 0x40, 0x00,
    0x07, 0xf4, 0x7f, 0x40, 0x00, 0x07, 0xf4, 0x00,
    0x00, 0x00, 0x00, 0x00, 0x00, 0x02, 0xf9, 0x00,
    0x00, 0x00, 0x05, 0xf4, 0x00, 0x00, 0x00, 0x08,
    0xe0, 0x00, 0x00, 0x00, 0x07, 0x60, 0x00, 0x00,

    /* U+0147 "Ň" */
    0x00, 0x02, 0x82, 0x02, 0x84, 0x00, 0x00, 0x00,
    0x0a, 0xe3, 0xdc, 0x00, 0x00, 0x00, 0x00, 0x0b,
    0xfc, 0x00, 0x00, 0x00, 0x00, 0x00, 0x00, 0x00,
    0x00, 0x00, 0x00, 0x00, 0x00, 0x00, 0x00, 0x00,
    0x03, 0xff, 0x40, 0x00, 0x00, 0x08, 0xf5, 0x3f,
    0xfd, 0x00, 0x00, 0x00, 0x8f, 0x53, 0xfa, 0xf8,
    0x00, 0x00, 0x08, 0xf5, 0x3f, 0x88, 0xf3, 0x00,
    0x00, 0x8f, 0x53, 0xf9, 0x0e, 0xc0, 0x00, 0x08,
    0xf5, 0x3f, 0x90, 0x5f, 0x70, 0x00, 0x8f, 0x53,
    0xfa, 0x00, 0xbf, 0x20, 0x08, 0xf5, 0x3f, 0xa0,
    0x01, 0xfb, 0x00, 0x8f, 0x53, 0xfa, 0x00, 0x06,
    0xf6, 0x08, 0xf5, 0x3f, 0xa0, 0x00, 0x0c, 0xe1,
    0x8f, 0x53, 0xfa, 0x00, 0x00, 0x2f, 0x98, 0xf5,
    0x3f, 0xa0, 0x00, 0x00, 0x7f, 0xaf, 0x53, 0xfa,
    0x00, 0x00, 0x00, 0xdf, 0xf5, 0x3f, 0xa0, 0x00,
    0x00, 0x03, 0xff, 0x50,

    /* U+0148 "ň" */
    0x00, 0x21, 0x00, 0x12, 0x00, 0x00, 0xae, 0x14,
    0xf8, 0x00, 0x00, 0x0c, 0xde, 0x90, 0x00, 0x00,
    0x01, 0x76, 0x00, 0x00, 0x00, 0x00, 0x00, 0x00,
    0x00, 0x7f, 0x36, 0xdf, 0xe8, 0x00, 0x7f, 0xae,
    0x88, 0xdf, 0x90, 0x7f, 0xe0, 0x00, 0x0e, 0xf1,
    0x7f, 0x60, 0x00, 0x09, 0xf3, 0x7f, 0x40, 0x00,
    0x07, 0xf4, 0x7f, 0x40, 0x00, 0x07, 0xf4, 0x7f,
    0x40, 0x00, 0x07, 0xf4, 0x7f, 0x40, 0x00, 0x07,
    0xf4, 0x7f, 0x40, 0x00, 0x07, 0xf4, 0x7f, 0x40,
    0x00, 0x07, 0xf4, 0x7f, 0x40, 0x00, 0x07, 0xf4,

    /* U+014A "Ŋ" */
    0x3f, 0xf4, 0x00, 0x00, 0x00, 0x8f, 0x53, 0xff,
    0xd0, 0x00, 0x00, 0x08, 0xf5, 0x3f, 0xaf, 0x80,
    0x00, 0x00, 0x8f, 0x53, 0xf8, 0x8f, 0x30, 0x00,
    0x08, 0xf5, 0x3f, 0x90, 0xec, 0x00, 0x00, 0x8f,
    0x53, 0xf9, 0x05, 0xf7, 0x00, 0x08, 0xf5, 0x3f,
    0xa0, 0x0b, 0xf2, 0x00, 0x8f, 0x53, 0xfa, 0x00,
    0x1f, 0xb0, 0x08, 0xf5, 0x3f, 0xa0, 0x00, 0x6f,
    0x60, 0x8f, 0x53, 0xfa, 0x00, 0x00, 0xce, 0x18,
    0xf5, 0x3f, 0xa0, 0x00, 0x02, 0xf9, 0x8f, 0x53,
    0xfa, 0x00, 0x00, 0x07, 0xfa, 0xf5, 0x3f, 0xa0,
    0x00, 0x00, 0x0d, 0xff, 0x63, 0xfa, 0x00, 0x00,
    0x00, 0x3f, 0xfb, 0x00, 0x00, 0x00, 0x00, 0x00,
    0x7f, 0x60, 0x00, 0x00, 0x00, 0x00, 0x07, 0xf6,
    0x00, 0x00, 0x00, 0x00, 0x4a, 0xef, 0x30, 0x00,
    0x00, 0x00, 0x06, 0xfe, 0x60,

    /* U+014B "ŋ" */
    0x7f, 0x36, 0xdf, 0xe8, 0x00, 0x7f, 0xae, 0x88,
    0xdf, 0x90, 0x7f, 0xe0, 0x00, 0x0e, 0xf1, 0x7f,
    0x60, 0x00, 0x09, 0xf3, 0x7f, 0x40, 0x00, 0x07,
    0xf4, 0x7f, 0x40, 0x00, 0x07, 0xf4, 0x7f, 0x40,
    0x00, 0x07, 0xf4, 0x7f, 0x40, 0x00, 0x07, 0xf4,
    0x7f, 0x40, 0x00, 0x07, 0xf4, 0x7f, 0x40, 0x00,
    0x07, 0xf4, 0x7f, 0x40, 0x00, 0x07, 0xf4, 0x00,
    0x00, 0x00, 0x07, 0xf4, 0x00, 0x00, 0x00, 0x08,
    0xf4, 0x00, 0x00, 0x05, 0xaf, 0xf1, 0x00, 0x00,
    0x08, 0xfd, 0x50,

    /* U+014C "Ō" */
    0x00, 0x00, 0x11, 0x11, 0x10, 0x00, 0x00, 0x00,
    0x00, 0xff, 0xff, 0xf5, 0x00, 0x00, 0x00, 0x00,
    0x44, 0x44, 0x41, 0x00, 0x00, 0x00, 0x00, 0x00,
    0x00, 0x00, 0x00, 0x00, 0x00, 0x00, 0x00, 0x00,
    0x00, 0x00, 0x00, 0x00, 0x03, 0xad, 0xfe, 0xb5,
    0x00, 0x00, 0x00, 0x8f, 0xfd, 0xbc, 0xff, 0xb1,
    0x00, 0x06, 0xfd, 0x30, 0x00, 0x1b, 0xfb, 0x00,
    0x1f, 0xe1, 0x00, 0x00, 0x00, 0xbf, 0x50, 0x6f,
    0x70, 0x00, 0x00, 0x00, 0x3f, 0xb0, 0xaf, 0x20,
    0x00, 0x00, 0x00, 0x0e, 0xf0, 0xcf, 0x00, 0x00,
    0x00, 0x00, 0x0c, 0xf0, 0xcf, 0x00, 0x00, 0x00,
    0x00, 0x0c, 0xf0, 0xaf, 0x20, 0x00, 0x00, 0x00,
    0x0d, 0xf0, 0x6f, 0x70, 0x00, 0x00, 0x00, 0x2f,
    0xb0, 0x1f, 0xe1, 0x00, 0x00, 0x00, 0xbf, 0x50,
    0x06, 0xfd, 0x30, 0x00, 0x1b, 0xfb, 0x00, 0x00,
    0x8f, 0xfd, 0xbc, 0xff, 0xb1, 0x00, 0x00, 0x03,
    0xad, 0xfe, 0xb5, 0x00, 0x00,

    /* U+014D "ō" */
    0x00, 0xbf, 0xff, 0xfb, 0x00, 0x00, 0x46, 0x66,
    0x64, 0x00, 0x00, 0x00, 0x00, 0x00, 0x00, 0x00,
    0x5c, 0xfe, 0xc5, 0x00, 0x08, 0xfe, 0xaa, 0xef,
    0x80, 0x4f, 0xc0, 0x00, 0x0c, 0xf4, 0xaf, 0x30,
    0x00, 0x03, 0xfa, 0xee, 0x00, 0x00, 0x00, 0xee,
    0xfd, 0x00, 0x00, 0x00, 0xdf, 0xee, 0x00, 0x00,
    0x00, 0xee, 0xaf, 0x30, 0x00, 0x03, 0xfa, 0x4f,
    0xc0, 0x00, 0x0c, 0xf4, 0x08, 0xfe, 0xaa, 0xef,
    0x80, 0x00, 0x5c, 0xff, 0xc5, 0x00,

    /* U+014E "Ŏ" */
    0x00, 0x01, 0xf2, 0x00, 0xd6, 0x00, 0x00, 0x00,
    0x00, 0xda, 0x16, 0xf2, 0x00, 0x00, 0x00, 0x00,
    0x2e, 0xff, 0x60, 0x00, 0x00, 0x00, 0x00, 0x00,
    0x21, 0x00, 0x00, 0x00, 0x00, 0x00, 0x00, 0x00,
    0x00, 0x00, 0x00, 0x00, 0x03, 0xad, 0xfe, 0xb5,
    0x00, 0x00, 0x00, 0x8f, 0xfd, 0xbc, 0xff, 0xb1,
    0x00, 0x06, 0xfd, 0x30, 0x00, 0x1b, 0xfb, 0x00,
    0x1f, 0xe1, 0x00, 0x00, 0x00, 0xbf, 0x50, 0x6f,
    0x70, 0x00, 0x00, 0x00, 0x3f, 0xb0, 0xaf, 0x20,
    0x00, 0x00, 0x00, 0x0e, 0xf0, 0xcf, 0x00, 0x00,
    0x00, 0x00, 0x0c, 0xf0, 0xcf, 0x00, 0x00, 0x00,
    0x00, 0x0c, 0xf0, 0xaf, 0x20, 0x00, 0x00, 0x00,
    0x0d, 0xf0, 0x6f, 0x70, 0x00, 0x00, 0x00, 0x2f,
    0xb0, 0x1f, 0xe1, 0x00, 0x00, 0x00, 0xbf, 0x50,
    0x06, 0xfd, 0x30, 0x00, 0x1b, 0xfb, 0x00, 0x00,
    0x8f, 0xfd, 0xbc, 0xff, 0xb1, 0x00, 0x00, 0x03,
    0xad, 0xfe, 0xb5, 0x00, 0x00,

    /* U+014F "ŏ" */
    0x00, 0x63, 0x00, 0x46, 0x00, 0x00, 0x9d, 0x22,
    0xd9, 0x00, 0x00, 0x1c, 0xff, 0xc1, 0x00, 0x00,
    0x00, 0x22, 0x00, 0x00, 0x00, 0x00, 0x00, 0x00,
    0x00, 0x00, 0x5c, 0xfe, 0xc5, 0x00, 0x08, 0xfe,
    0xaa, 0xef, 0x80, 0x4f, 0xc0, 0x00, 0x0c, 0xf4,
    0xaf, 0x30, 0x00, 0x03, 0xfa, 0xee, 0x00, 0x00,
    0x00, 0xee, 0xfd, 0x00, 0x00, 0x00, 0xdf, 0xee,
    0x00, 0x00, 0x00, 0xee, 0xaf, 0x30, 0x00, 0x03,
    0xfa, 0x4f, 0xc0, 0x00, 0x0c, 0xf4, 0x08, 0xfe,
    0xaa, 0xef, 0x80, 0x00, 0x5c, 0xff, 0xc5, 0x00,

    /* U+0150 "Ő" */
    0x00, 0x00, 0x8f, 0x50, 0xde, 0x10, 0x00, 0x00,
    0x00, 0xec, 0x07, 0xf3, 0x00, 0x00, 0x00, 0x03,
    0xd3, 0x0c, 0x60, 0x00, 0x00, 0x00, 0x00, 0x00,
    0x00, 0x00, 0x00, 0x00, 0x00, 0x00, 0x00, 0x00,
    0x00, 0x00, 0x00, 0x00, 0x03, 0xad, 0xfe, 0xb5,
    0x00, 0x00, 0x00, 0x8f, 0xfd, 0xbc, 0xff, 0xb1,
    0x00, 0x06, 0xfd, 0x30, 0x00, 0x1b, 0xfb, 0x00,
    0x1f, 0xe1, 0x00, 0x00, 0x00, 0xbf, 0x50, 0x6f,
    0x70, 0x00, 0x00, 0x00, 0x3f, 0xb0, 0xaf, 0x20,
    0x00, 0x00, 0x00, 0x0e, 0xf0, 0xcf, 0x00, 0x00,
    0x00, 0x00, 0x0c, 0xf0, 0xcf, 0x00, 0x00, 0x00,
    0x00, 0x0c, 0xf0, 0xaf, 0x20, 0x00, 0x00, 0x00,
    0x0d, 0xf0, 0x6f, 0x70, 0x00, 0x00, 0x00, 0x2f,
    0xb0, 0x1f, 0xe1, 0x00, 0x00, 0x00, 0xbf, 0x50,
    0x06, 0xfd, 0x30, 0x00, 0x1b, 0xfb, 0x00, 0x00,
    0x8f, 0xfd, 0xbc, 0xff, 0xb1, 0x00, 0x00, 0x03,
    0xad, 0xfe, 0xb5, 0x00, 0x00,

    /* U+0151 "ő" */
    0x00, 0x2f, 0xb0, 0x9f, 0x40, 0x00, 0x9f, 0x22,
    0xf8, 0x00, 0x00, 0xc7, 0x09, 0xb0, 0x00, 0x00,
    0x00, 0x00, 0x00, 0x00, 0x00, 0x5c, 0xfe, 0xc5,
    0x00, 0x08, 0xfe, 0xaa, 0xef, 0x80, 0x4f, 0xc0,
    0x00, 0x0c, 0xf4, 0xaf, 0x30, 0x00, 0x03, 0xfa,
    0xee, 0x00, 0x00, 0x00, 0xee, 0xfd, 0x00, 0x00,
    0x00, 0xdf, 0xee, 0x00, 0x00, 0x00, 0xee, 0xaf,
    0x30, 0x00, 0x03, 0xfa, 0x4f, 0xc0, 0x00, 0x0c,
    0xf4, 0x08, 0xfe, 0xaa, 0xef, 0x80, 0x00, 0x5c,
    0xff, 0xc5, 0x00,

    /* U+0152 "Œ" */
    0x00, 0x02, 0x9d, 0xff, 0xff, 0xff, 0xff, 0xff,
    0xfb, 0x00, 0x7f, 0xfc, 0xaa, 0xcf, 0xea, 0xaa,
    0xaa, 0xa7, 0x06, 0xfd, 0x30, 0x00, 0x2f, 0xb0,
    0x00, 0x00, 0x00, 0x1f, 0xe1, 0x00, 0x00, 0x2f,
    0xb0, 0x00, 0x00, 0x00, 0x6f, 0x70, 0x00, 0x00,
    0x2f, 0xb0, 0x00, 0x00, 0x00, 0xaf, 0x20, 0x00,
    0x00, 0x2f, 0xb0, 0x00, 0x00, 0x00, 0xcf, 0x00,
    0x00, 0x00, 0x2f, 0xff, 0xff, 0xff, 0xf3, 0xcf,
    0x00, 0x00, 0x00, 0x2f, 0xea, 0xaa, 0xaa, 0xa2,
    0xaf, 0x20, 0x00, 0x00, 0x2f, 0xb0, 0x00, 0x00,
    0x00, 0x6f, 0x70, 0x00, 0x00, 0x2f, 0xb0, 0x00,
    0x00, 0x00, 0x1f, 0xe1, 0x00, 0x00, 0x2f, 0xb0,
    0x00, 0x00, 0x00, 0x06, 0xfd, 0x30, 0x00, 0x2f,
    0xb0, 0x00, 0x00, 0x00, 0x00, 0x7f, 0xfc, 0xaa,
    0xcf, 0xea, 0xaa, 0xaa, 0xa7, 0x00, 0x02, 0x9d,
    0xff, 0xff, 0xff, 0xff, 0xff, 0xfc,

    /* U+0153 "œ" */
    0x00, 0x5c, 0xfe, 0xc5, 0x00, 0x2a, 0xef, 0xd7,
    0x00, 0x00, 0x8f, 0xea, 0xae, 0xf8, 0x4f, 0xfb,
    0x9d, 0xfa, 0x00, 0x4f, 0xc0, 0x00, 0x0c, 0xff,
    0xe2, 0x00, 0x0a, 0xf5, 0x0a, 0xf3, 0x00, 0x00,
    0x3f, 0xf6, 0x00, 0x00, 0x1f, 0xb0, 0xee, 0x00,
    0x00, 0x00, 0xff, 0x42, 0x22, 0x22, 0xfe, 0x0f,
    0xd0, 0x00, 0x00, 0x0f, 0xff, 0xff, 0xff, 0xff,
    0xf0, 0xee, 0x00, 0x00, 0x00, 0xff, 0x85, 0x55,
    0x55, 0x55, 0x0a, 0xf3, 0x00, 0x00, 0x3f, 0xf7,
    0x00, 0x00, 0x00, 0x00, 0x4f, 0xc0, 0x00, 0x0c,
    0xff, 0xe2, 0x00, 0x04, 0xe8, 0x00, 0x8f, 0xea,
    0xae, 0xf8, 0x4f, 0xfb, 0x9b, 0xff, 0x30, 0x00,
    0x5c, 0xff, 0xc5, 0x00, 0x2a, 0xef, 0xea, 0x20,
    0x00,

    /* U+0154 "Ŕ" */
    0x00, 0x00, 0x01, 0x85, 0x00, 0x00, 0x00, 0x00,
    0x09, 0xf3, 0x00, 0x00, 0x00, 0x00, 0x2f, 0x60,
    0x00, 0x00, 0x00, 0x00, 0x00, 0x00, 0x00, 0x00,
    0x00, 0x00, 0x00, 0x00, 0x00, 0x00, 0x3f, 0xff,
    0xff, 0xec, 0x60, 0x00, 0x3f, 0xda, 0xaa, 0xbf,
    0xfa, 0x00, 0x3f, 0x90, 0x00, 0x01, 0xcf, 0x50,
    0x3f, 0x90, 0x00, 0x00, 0x4f, 0x90, 0x3f, 0x90,
    0x00, 0x00, 0x2f, 0xa0, 0x3f, 0x90, 0x00, 0x00,
    0x6f, 0x80, 0x3f, 0x90, 0x00, 0x15, 0xef, 0x30,
    0x3f, 0xff, 0xff, 0xff, 0xf6, 0x00, 0x3f, 0xfa,
    0xab, 0xff, 0x40, 0x00, 0x3f, 0x90, 0x00, 0x6f,
    0xb0, 0x00, 0x3f, 0x90, 0x00, 0x0d, 0xf4, 0x00,
    0x3f, 0x90, 0x00, 0x04, 0xfd, 0x00, 0x3f, 0x90,
    0x00, 0x00, 0xbf, 0x60, 0x3f, 0x90, 0x00, 0x00,
    0x2f, 0xe0,

    /* U+0155 "ŕ" */
    0x00, 0x08, 0xf5, 0x00, 0x01, 0xf9, 0x00, 0x00,
    0x37, 0x00, 0x00, 0x00, 0x00, 0x00, 0x7f, 0x48,
    0xef, 0x17, 0xfc, 0xe9, 0x80, 0x7f, 0xd1, 0x00,
    0x07, 0xf6, 0x00, 0x00, 0x7f, 0x40, 0x00, 0x07,
    0xf4, 0x00, 0x00, 0x7f, 0x40, 0x00, 0x07, 0xf4,
    0x00, 0x00, 0x7f, 0x40, 0x00, 0x07, 0xf4, 0x00,
    0x00, 0x7f, 0x40, 0x00, 0x00,

    /* U+0156 "Ŗ" */
    0x3f, 0xff, 0xff, 0xec, 0x60, 0x00, 0x3f, 0xda,
    0xaa, 0xbf, 0xfa, 0x00, 0x3f, 0x90, 0x00, 0x01,
    0xcf, 0x50, 0x3f, 0x90, 0x00, 0x00, 0x4f, 0x90,
    0x3f, 0x90, 0x00, 0x00, 0x2f, 0xa0, 0x3f, 0x90,
    0x00, 0x00, 0x6f, 0x80, 0x3f, 0x90, 0x00, 0x15,
    0xef, 0x30, 0x3f, 0xff, 0xff, 0xff, 0xf6, 0x00,
    0x3f, 0xfa, 0xab, 0xff, 0x40, 0x00, 0x3f, 0x90,
    0x00, 0x6f, 0xb0, 0x00, 0x3f, 0x90, 0x00, 0x0d,
    0xf4, 0x00, 0x3f, 0x90, 0x00, 0x04, 0xfd, 0x00,
    0x3f, 0x90, 0x00, 0x00, 0xbf, 0x60, 0x3f, 0x90,
    0x00, 0x00, 0x2f, 0xe0, 0x00, 0x00, 0x00, 0x00,
    0x00, 0x00, 0x00, 0x00, 0x6f, 0x50, 0x00, 0x00,
    0x00, 0x00, 0xaf, 0x00, 0x00, 0x00, 0x00, 0x00,
    0xda, 0x00, 0x00, 0x00, 0x00, 0x00, 0xa3, 0x00,
    0x00, 0x00,

    /* U+0157 "ŗ" */
    0x07, 0xf4, 0x8e, 0xf1, 0x07, 0xfc, 0xe9, 0x80,
    0x07, 0xfd, 0x10, 0x00, 0x07, 0xf6, 0x00, 0x00,
    0x07, 0xf4, 0x00, 0x00, 0x07, 0xf4, 0x00, 0x00,
    0x07, 0xf4, 0x00, 0x00, 0x07, 0xf4, 0x00, 0x00,
    0x07, 0xf4, 0x00, 0x00, 0x07, 0xf4, 0x00, 0x00,
    0x07, 0xf4, 0x00, 0x00, 0x00, 0x00, 0x00, 0x00,
    0x09, 0xf2, 0x00, 0x00, 0x0d, 0xc0, 0x00, 0x00,
    0x0f, 0x70, 0x00, 0x00, 0x2a, 0x10, 0x00, 0x00,

    /* U+0158 "Ř" */
    0x00, 0x47, 0x10, 0x38, 0x20, 0x00, 0x00, 0x0c,
    0xc3, 0xf9, 0x00, 0x00, 0x00, 0x01, 0xdf, 0xa0,
    0x00, 0x00, 0x00, 0x00, 0x00, 0x00, 0x00, 0x00,
    0x00, 0x00, 0x00, 0x00, 0x00, 0x00, 0x3f, 0xff,
    0xff, 0xec, 0x60, 0x00, 0x3f, 0xda, 0xaa, 0xbf,
    0xfa, 0x00, 0x3f, 0x90, 0x00, 0x01, 0xcf, 0x50,
    0x3f, 0x90, 0x00, 0x00, 0x4f, 0x90, 0x3f, 0x90,
    0x00, 0x00, 0x2f, 0xa0, 0x3f, 0x90, 0x00, 0x00,
    0x6f, 0x80, 0x3f, 0x90, 0x00, 0x15, 0xef, 0x30,
    0x3f, 0xff, 0xff, 0xff, 0xf6, 0x00, 0x3f, 0xfa,
    0xab, 0xff, 0x40, 0x00, 0x3f, 0x90, 0x00, 0x6f,
    0xb0, 0x00, 0x3f, 0x90, 0x00, 0x0d, 0xf4, 0x00,
    0x3f, 0x90, 0x00, 0x04, 0xfd, 0x00, 0x3f, 0x90,
    0x00, 0x00, 0xbf, 0x60, 0x3f, 0x90, 0x00, 0x00,
    0x2f, 0xe0,

    /* U+0159 "ř" */
    0x8f, 0x30, 0xdd, 0x10, 0x9e, 0xcd, 0x10, 0x00,
    0x78, 0x10, 0x00, 0x00, 0x00, 0x00, 0x7f, 0x48,
    0xef, 0x17, 0xfc, 0xe9, 0x80, 0x7f, 0xd1, 0x00,
    0x07, 0xf6, 0x00, 0x00, 0x7f, 0x40, 0x00, 0x07,
    0xf4, 0x00, 0x00, 0x7f, 0x40, 0x00, 0x07, 0xf4,
    0x00, 0x00, 0x7f, 0x40, 0x00, 0x07, 0xf4, 0x00,
    0x00, 0x7f, 0x40, 0x00, 0x00,

    /* U+015A "Ś" */
    0x00, 0x00, 0x03, 0xfa, 0x00, 0x00, 0x00, 0x00,
    0xae, 0x10, 0x00, 0x00, 0x00, 0x2f, 0x60, 0x00,
    0x00, 0x00, 0x00, 0x00, 0x00, 0x00, 0x00, 0x00,
    0x00, 0x00, 0x00, 0x00, 0x04, 0xae, 0xfe, 0xb4,
    0x00, 0x07, 0xff, 0xba, 0xcf, 0xf8, 0x02, 0xfd,
    0x10, 0x00, 0x2d, 0xf3, 0x6f, 0x60, 0x00, 0x00,
    0x4a, 0x45, 0xf8, 0x00, 0x00, 0x00, 0x00, 0x0d,
    0xfa, 0x30, 0x00, 0x00, 0x00, 0x19, 0xff, 0xea,
    0x50, 0x00, 0x00, 0x01, 0x5a, 0xef, 0xe4, 0x00,
    0x00, 0x00, 0x00, 0x4d, 0xf3, 0x00, 0x00, 0x00,
    0x00, 0x3f, 0x9a, 0xd1, 0x00, 0x00, 0x03, 0xfa,
    0x7f, 0xb1, 0x00, 0x02, 0xdf, 0x50, 0xcf, 0xfc,
    0xac, 0xff, 0xa0, 0x00, 0x6c, 0xef, 0xeb, 0x50,
    0x00,

    /* U+015B "ś" */
    0x00, 0x00, 0x08, 0x60, 0x00, 0x00, 0x07, 0xf5,
    0x00, 0x00, 0x00, 0xeb, 0x00, 0x00, 0x00, 0x28,
    0x10, 0x00, 0x00, 0x00, 0x00, 0x00, 0x00, 0x29,
    0xef, 0xe8, 0x00, 0x1e, 0xfa, 0x8b, 0xfb, 0x08,
    0xf6, 0x00, 0x08, 0xc2, 0x8f, 0x50, 0x00, 0x00,
    0x02, 0xff, 0x95, 0x10, 0x00, 0x03, 0xbf, 0xff,
    0xc4, 0x00, 0x00, 0x04, 0x8f, 0xf3, 0x01, 0x00,
    0x00, 0x6f, 0x8c, 0xf2, 0x00, 0x08, 0xf6, 0x5f,
    0xfa, 0x9c, 0xfd, 0x00, 0x4b, 0xff, 0xd8, 0x10,

    /* U+015C "Ŝ" */
    0x00, 0x01, 0xdf, 0xa0, 0x00, 0x00, 0x00, 0xcd,
    0x3e, 0x90, 0x00, 0x00, 0x48, 0x10, 0x38, 0x20,
    0x00, 0x00, 0x00, 0x00, 0x00, 0x00, 0x00, 0x00,
    0x00, 0x00, 0x00, 0x00, 0x04, 0xae, 0xfe, 0xb4,
    0x00, 0x07, 0xff, 0xba, 0xcf, 0xf8, 0x02, 0xfd,
    0x10, 0x00, 0x2d, 0xf3, 0x6f, 0x60, 0x00, 0x00,
    0x4a, 0x45, 0xf8, 0x00, 0x00, 0x00, 0x00, 0x0d,
    0xfa, 0x30, 0x00, 0x00, 0x00, 0x19, 0xff, 0xea,
    0x50, 0x00, 0x00, 0x01, 0x5a, 0xef, 0xe4, 0x00,
    0x00, 0x00, 0x00, 0x4d, 0xf3, 0x00, 0x00, 0x00,
    0x00, 0x3f, 0x9a, 0xd1, 0x00, 0x00, 0x03, 0xfa,
    0x7f, 0xb1, 0x00, 0x02, 0xdf, 0x50, 0xcf, 0xfc,
    0xac, 0xff, 0xa0, 0x00, 0x6c, 0xef, 0xeb, 0x50,
    0x00,

    /* U+015D "ŝ" */
    0x00, 0x05, 0x83, 0x00, 0x00, 0x03, 0xfe, 0xe1,
    0x00, 0x01, 0xeb, 0x1e, 0xb0, 0x00, 0x48, 0x10,
    0x38, 0x20, 0x00, 0x00, 0x00, 0x00, 0x00, 0x29,
    0xef, 0xe8, 0x00, 0x1e, 0xfa, 0x8b, 0xfb, 0x08,
    0xf6, 0x00, 0x08, 0xc2, 0x8f, 0x50, 0x00, 0x00,
    0x02, 0xff, 0x95, 0x10, 0x00, 0x03, 0xbf, 0xff,
    0xc4, 0x00, 0x00, 0x04, 0x8f, 0xf3, 0x01, 0x00,
    0x00, 0x6f, 0x8c, 0xf2, 0x00, 0x08, 0xf6, 0x5f,
    0xfa, 0x9c, 0xfd, 0x00, 0x4b, 0xff, 0xd8, 0x10,

    /* U+015E "Ş" */
    0x00, 0x4a, 0xef, 0xeb, 0x40, 0x00, 0x7f, 0xfb,
    0xac, 0xff, 0x80, 0x2f, 0xd1, 0x00, 0x02, 0xdf,
    0x36, 0xf6, 0x00, 0x00, 0x04, 0xa4, 0x5f, 0x80,
    0x00, 0x00, 0x00, 0x00, 0xdf, 0xa3, 0x00, 0x00,
    0x00, 0x01, 0x9f, 0xfe, 0xa5, 0x00, 0x00, 0x00,
    0x15, 0xae, 0xfe, 0x40, 0x00, 0x00, 0x00, 0x04,
    0xdf, 0x30, 0x00, 0x00, 0x00, 0x03, 0xf9, 0xad,
    0x10, 0x00, 0x00, 0x3f, 0xa7, 0xfb, 0x10, 0x00,
    0x2d, 0xf5, 0x0c, 0xff, 0xca, 0xcf, 0xfa, 0x00,
    0x06, 0xcf, 0xfe, 0xb5, 0x00, 0x00, 0x00, 0x2f,
    0x40, 0x00, 0x00, 0x00, 0x02, 0xae, 0x90, 0x00,
    0x00, 0x00, 0x00, 0xbb, 0x00, 0x00, 0x00, 0x0a,
    0xfd, 0x40, 0x00,

    /* U+015F "ş" */
    0x02, 0x9e, 0xfe, 0x80, 0x01, 0xef, 0xa8, 0xbf,
    0xb0, 0x8f, 0x60, 0x00, 0x8c, 0x28, 0xf5, 0x00,
    0x00, 0x00, 0x2f, 0xf9, 0x51, 0x00, 0x00, 0x3b,
    0xff, 0xfc, 0x40, 0x00, 0x00, 0x48, 0xff, 0x30,
    0x10, 0x00, 0x06, 0xf8, 0xcf, 0x20, 0x00, 0x8f,
    0x65, 0xff, 0xa9, 0xcf, 0xd0, 0x04, 0xbf, 0xfd,
    0x81, 0x00, 0x00, 0x3e, 0x30, 0x00, 0x00, 0x03,
    0xaf, 0x80, 0x00, 0x00, 0x00, 0xba, 0x00, 0x00,
    0x0b, 0xfd, 0x30, 0x00,

    /* U+0160 "Š" */
    0x00, 0x4f, 0x70, 0xaf, 0x30, 0x00, 0x00, 0x5f,
    0xbf, 0x30, 0x00, 0x00, 0x00, 0x58, 0x30, 0x00,
    0x00, 0x00, 0x00, 0x00, 0x00, 0x00, 0x00, 0x00,
    0x00, 0x00, 0x00, 0x00, 0x04, 0xae, 0xfe, 0xb4,
    0x00, 0x07, 0xff, 0xba, 0xcf, 0xf8, 0x02, 0xfd,
    0x10, 0x00, 0x2d, 0xf3, 0x6f, 0x60, 0x00, 0x00,
    0x4a, 0x45, 0xf8, 0x00, 0x00, 0x00, 0x00, 0x0d,
    0xfa, 0x30, 0x00, 0x00, 0x00, 0x19, 0xff, 0xea,
    0x50, 0x00, 0x00, 0x01, 0x5a, 0xef, 0xe4, 0x00,
    0x00, 0x00, 0x00, 0x4d, 0xf3, 0x00, 0x00, 0x00,
    0x00, 0x3f, 0x9a, 0xd1, 0x00, 0x00, 0x03, 0xfa,
    0x7f, 0xb1, 0x00, 0x02, 0xdf, 0x50, 0xcf, 0xfc,
    0xac, 0xff, 0xa0, 0x00, 0x6c, 0xef, 0xeb, 0x50,
    0x00,

    /* U+0161 "š" */
    0x04, 0x81, 0x03, 0x83, 0x00, 0x1e, 0xb1, 0xec,
    0x00, 0x00, 0x3f, 0xee, 0x10, 0x00, 0x00, 0x58,
    0x30, 0x00, 0x00, 0x00, 0x00, 0x00, 0x00, 0x29,
    0xef, 0xe8, 0x00, 0x1e, 0xfa, 0x8b, 0xfb, 0x08,
    0xf6, 0x00, 0x08, 0xc2, 0x8f, 0x50, 0x00, 0x00,
    0x02, 0xff, 0x95, 0x10, 0x00, 0x03, 0xbf, 0xff,
    0xc4, 0x00, 0x00, 0x04, 0x8f, 0xf3, 0x01, 0x00,
    0x00, 0x6f, 0x8c, 0xf2, 0x00, 0x08, 0xf6, 0x5f,
    0xfa, 0x9c, 0xfd, 0x00, 0x4b, 0xff, 0xd8, 0x10,

    /* U+0162 "Ţ" */
    0x0f, 0xff, 0xff, 0xff, 0xff, 0xff, 0x0a, 0xaa,
    0xac, 0xfc, 0xaa, 0xa9, 0x00, 0x00, 0x07, 0xf6,
    0x00, 0x00, 0x00, 0x00, 0x07, 0xf6, 0x00, 0x00,
    0x00, 0x00, 0x07, 0xf6, 0x00, 0x00, 0x00, 0x00,
    0x07, 0xf6, 0x00, 0x00, 0x00, 0x00, 0x07, 0xf6,
    0x00, 0x00, 0x00, 0x00, 0x07, 0xf6, 0x00, 0x00,
    0x00, 0x00, 0x07, 0xf6, 0x00, 0x00, 0x00, 0x00,
    0x07, 0xf6, 0x00, 0x00, 0x00, 0x00, 0x07, 0xf6,
    0x00, 0x00, 0x00, 0x00, 0x07, 0xf6, 0x00, 0x00,
    0x00, 0x00, 0x07, 0xf6, 0x00, 0x00, 0x00, 0x00,
    0x07, 0xf6, 0x00, 0x00, 0x00, 0x00, 0x01, 0xf1,
    0x00, 0x00, 0x00, 0x00, 0x02, 0xbf, 0x80, 0x00,
    0x00, 0x00, 0x00, 0x0a, 0xc0, 0x00, 0x00, 0x00,
    0x09, 0xfe, 0x50, 0x00,

    /* U+0163 "ţ" */
    0x01, 0x84, 0x00, 0x00, 0x2f, 0x90, 0x00, 0x02,
    0xf9, 0x00, 0x0c, 0xff, 0xff, 0xd0, 0x6a, 0xff,
    0x86, 0x00, 0x2f, 0x90, 0x00, 0x02, 0xf9, 0x00,
    0x00, 0x2f, 0x90, 0x00, 0x02, 0xf9, 0x00, 0x00,
    0x2f, 0x90, 0x00, 0x02, 0xf9, 0x00, 0x00, 0x1f,
    0xa0, 0x00, 0x00, 0xdf, 0xa8, 0x00, 0x02, 0xef,
    0xe0, 0x00, 0x05, 0xc2, 0x00, 0x00, 0x5b, 0xf4,
    0x00, 0x00, 0x0e, 0x70, 0x00, 0xef, 0xc2,

    /* U+0164 "Ť" */
    0x00, 0x03, 0x82, 0x02, 0x83, 0x00, 0x00, 0x00,
    0xbd, 0x3e, 0xb0, 0x00, 0x00, 0x00, 0x0c, 0xfb,
    0x00, 0x00, 0x00, 0x00, 0x00, 0x00, 0x00, 0x00,
    0x00, 0x00, 0x00, 0x00, 0x00, 0x00, 0x0f, 0xff,
    0xff, 0xff, 0xff, 0xff, 0x0a, 0xaa, 0xac, 0xfc,
    0xaa, 0xa9, 0x00, 0x00, 0x07, 0xf6, 0x00, 0x00,
    0x00, 0x00, 0x07, 0xf6, 0x00, 0x00, 0x00, 0x00,
    0x07, 0xf6, 0x00, 0x00, 0x00, 0x00, 0x07, 0xf6,
    0x00, 0x00, 0x00, 0x00, 0x07, 0xf6, 0x00, 0x00,
    0x00, 0x00, 0x07, 0xf6, 0x00, 0x00, 0x00, 0x00,
    0x07, 0xf6, 0x00, 0x00, 0x00, 0x00, 0x07, 0xf6,
    0x00, 0x00, 0x00, 0x00, 0x07, 0xf6, 0x00, 0x00,
    0x00, 0x00, 0x07, 0xf6, 0x00, 0x00, 0x00, 0x00,
    0x07, 0xf6, 0x00, 0x00, 0x00, 0x00, 0x07, 0xf6,
    0x00, 0x00,

    /* U+0165 "ť" */
    0x00, 0x00, 0x4f, 0x60, 0x00, 0x04, 0xf4, 0x01,
    0x95, 0x4f, 0x20, 0x2f, 0x92, 0xa0, 0x02, 0xf9,
    0x00, 0x0c, 0xff, 0xff, 0xd0, 0x6a, 0xff, 0x86,
    0x00, 0x2f, 0x90, 0x00, 0x02, 0xf9, 0x00, 0x00,
    0x2f, 0x90, 0x00, 0x02, 0xf9, 0x00, 0x00, 0x2f,
    0x90, 0x00, 0x02, 0xf9, 0x00, 0x00, 0x1f, 0xa0,
    0x00, 0x00, 0xdf, 0xa8, 0x00, 0x02, 0xbf, 0xe0,

    /* U+0166 "Ŧ" */
    0x0f, 0xff, 0xff, 0xff, 0xff, 0xff, 0x0a, 0xaa,
    0xac, 0xfc, 0xaa, 0xa9, 0x00, 0x00, 0x07, 0xf6,
    0x00, 0x00, 0x00, 0x00, 0x07, 0xf6, 0x00, 0x00,
    0x00, 0x00, 0x07, 0xf6, 0x00, 0x00, 0x00, 0x00,
    0x07, 0xf6, 0x00, 0x00, 0x00, 0x8f, 0xff, 0xff,
    0xff, 0x70, 0x00, 0x48, 0x8f, 0xfe, 0x88, 0x30,
    0x00, 0x00, 0x07, 0xf6, 0x00, 0x00, 0x00, 0x00,
    0x07, 0xf6, 0x00, 0x00, 0x00, 0x00, 0x07, 0xf6,
    0x00, 0x00, 0x00, 0x00, 0x07, 0xf6, 0x00, 0x00,
    0x00, 0x00, 0x07, 0xf6, 0x00, 0x00, 0x00, 0x00,
    0x07, 0xf6, 0x00, 0x00,

    /* U+0167 "ŧ" */
    0x01, 0x84, 0x00, 0x00, 0x2f, 0x90, 0x00, 0x02,
    0xf9, 0x00, 0x0c, 0xff, 0xff, 0xd0, 0x6a, 0xff,
    0x86, 0x00, 0x2f, 0x90, 0x00, 0x6a, 0xff, 0x86,
    0x0c, 0xff, 0xff, 0xd0, 0x02, 0xf9, 0x00, 0x00,
    0x2f, 0x90, 0x00, 0x02, 0xf9, 0x00, 0x00, 0x1f,
    0xa0, 0x00, 0x00, 0xdf, 0xa8, 0x00, 0x02, 0xbf,
    0xe0,

    /* U+0168 "Ũ" */
    0x00, 0x00, 0x00, 0x00, 0x00, 0x00, 0x00, 0x00,
    0x0c, 0xf8, 0x2f, 0x30, 0x00, 0x00, 0x04, 0xf5,
    0xcf, 0xd0, 0x00, 0x00, 0x00, 0x12, 0x00, 0x20,
    0x00, 0x00, 0x00, 0x00, 0x00, 0x00, 0x00, 0x00,
    0x00, 0x00, 0x00, 0x00, 0x00, 0x00, 0x00, 0x3f,
    0x90, 0x00, 0x00, 0x00, 0xbf, 0x23, 0xf9, 0x00,
    0x00, 0x00, 0x0b, 0xf2, 0x3f, 0x90, 0x00, 0x00,
    0x00, 0xbf, 0x23, 0xf9, 0x00, 0x00, 0x00, 0x0b,
    0xf2, 0x3f, 0x90, 0x00, 0x00, 0x00, 0xbf, 0x23,
    0xf9, 0x00, 0x00, 0x00, 0x0b, 0xf2, 0x3f, 0x90,
    0x00, 0x00, 0x00, 0xbf, 0x23, 0xf9, 0x00, 0x00,
    0x00, 0x0b, 0xf2, 0x3f, 0x90, 0x00, 0x00, 0x00,
    0xbf, 0x22, 0xfb, 0x00, 0x00, 0x00, 0x0d, 0xf1,
    0x0f, 0xf1, 0x00, 0x00, 0x02, 0xfe, 0x00, 0x8f,
    0xc2, 0x00, 0x02, 0xdf, 0x70, 0x00, 0xbf, 0xfc,
    0xbd, 0xff, 0x90, 0x00, 0x00, 0x5b, 0xef, 0xea,
    0x40, 0x00,

    /* U+0169 "ũ" */
    0x00, 0x8f, 0xff, 0xf8, 0x00, 0x00, 0x33, 0x33,
    0x20, 0x00, 0x00, 0x00, 0x00, 0x00, 0x00, 0x7f,
    0x40, 0x00, 0x07, 0xf4, 0x7f, 0x40, 0x00, 0x07,
    0xf4, 0x7f, 0x40, 0x00, 0x07, 0xf4, 0x7f, 0x40,
    0x00, 0x07, 0xf4, 0x7f, 0x40, 0x00, 0x07, 0xf4,
    0x7f, 0x40, 0x00, 0x07, 0xf4, 0x7f, 0x40, 0x00,
    0x07, 0xf4, 0x6f, 0x60, 0x00, 0x0a, 0xf4, 0x3f,
    0xd0, 0x00, 0x3f, 0xf4, 0x0c, 0xfe, 0xab, 0xf9,
    0xf4, 0x01, 0x9e, 0xfc, 0x36, 0xf4,

    /* U+016A "Ū" */
    0x00, 0x00, 0x11, 0x11, 0x10, 0x00, 0x00, 0x00,
    0x4f, 0xff, 0xff, 0x20, 0x00, 0x00, 0x01, 0x44,
    0x44, 0x40, 0x00, 0x00, 0x00, 0x00, 0x00, 0x00,
    0x00, 0x00, 0x00, 0x00, 0x00, 0x00, 0x00, 0x00,
    0x03, 0xf9, 0x00, 0x00, 0x00, 0x0b, 0xf2, 0x3f,
    0x90, 0x00, 0x00, 0x00, 0xbf, 0x23, 0xf9, 0x00,
    0x00, 0x00, 0x0b, 0xf2, 0x3f, 0x90, 0x00, 0x00,
    0x00, 0xbf, 0x23, 0xf9, 0x00, 0x00, 0x00, 0x0b,
    0xf2, 0x3f, 0x90, 0x00, 0x00, 0x00, 0xbf, 0x23,
    0xf9, 0x00, 0x00, 0x00, 0x0b, 0xf2, 0x3f, 0x90,
    0x00, 0x00, 0x00, 0xbf, 0x23, 0xf9, 0x00, 0x00,
    0x00, 0x0b, 0xf2, 0x2f, 0xb0, 0x00, 0x00, 0x00,
    0xdf, 0x10, 0xff, 0x10, 0x00, 0x00, 0x2f, 0xe0,
    0x08, 0xfc, 0x20, 0x00, 0x2d, 0xf7, 0x00, 0x0b,
    0xff, 0xcb, 0xdf, 0xf9, 0x00, 0x00, 0x05, 0xbe,
    0xfe, 0xa4, 0x00, 0x00,

    /* U+016B "ū" */
    0x00, 0xcf, 0xff, 0xf9, 0x00, 0x00, 0x46, 0x66,
    0x63, 0x00, 0x00, 0x00, 0x00, 0x00, 0x00, 0x7f,
    0x40, 0x00, 0x07, 0xf4, 0x7f, 0x40, 0x00, 0x07,
    0xf4, 0x7f, 0x40, 0x00, 0x07, 0xf4, 0x7f, 0x40,
    0x00, 0x07, 0xf4, 0x7f, 0x40, 0x00, 0x07, 0xf4,
    0x7f, 0x40, 0x00, 0x07, 0xf4, 0x7f, 0x40, 0x00,
    0x07, 0xf4, 0x6f, 0x60, 0x00, 0x0a, 0xf4, 0x3f,
    0xd0, 0x00, 0x3f, 0xf4, 0x0c, 0xfe, 0xab, 0xf9,
    0xf4, 0x01, 0x9e, 0xfc, 0x36, 0xf4,

    /* U+016C "Ŭ" */
    0x00, 0x05, 0xf0, 0x01, 0xf3, 0x00, 0x00, 0x00,
    0x1f, 0x71, 0x9e, 0x00, 0x00, 0x00, 0x00, 0x5f,
    0xfe, 0x30, 0x00, 0x00, 0x00, 0x00, 0x02, 0x00,
    0x00, 0x00, 0x00, 0x00, 0x00, 0x00, 0x00, 0x00,
    0x03, 0xf9, 0x00, 0x00, 0x00, 0x0b, 0xf2, 0x3f,
    0x90, 0x00, 0x00, 0x00, 0xbf, 0x23, 0xf9, 0x00,
    0x00, 0x00, 0x0b, 0xf2, 0x3f, 0x90, 0x00, 0x00,
    0x00, 0xbf, 0x23, 0xf9, 0x00, 0x00, 0x00, 0x0b,
    0xf2, 0x3f, 0x90, 0x00, 0x00, 0x00, 0xbf, 0x23,
    0xf9, 0x00, 0x00, 0x00, 0x0b, 0xf2, 0x3f, 0x90,
    0x00, 0x00, 0x00, 0xbf, 0x23, 0xf9, 0x00, 0x00,
    0x00, 0x0b, 0xf2, 0x2f, 0xb0, 0x00, 0x00, 0x00,
    0xdf, 0x10, 0xff, 0x10, 0x00, 0x00, 0x2f, 0xe0,
    0x08, 0xfc, 0x20, 0x00, 0x2d, 0xf7, 0x00, 0x0b,
    0xff, 0xcb, 0xdf, 0xf9, 0x00, 0x00, 0x05, 0xbe,
    0xfe, 0xa4, 0x00, 0x00,

    /* U+016D "ŭ" */
    0x00, 0x73, 0x00, 0x45, 0x00, 0x00, 0xbc, 0x12,
    0xe8, 0x00, 0x00, 0x1d, 0xff, 0xb0, 0x00, 0x00,
    0x00, 0x22, 0x00, 0x00, 0x00, 0x00, 0x00, 0x00,
    0x00, 0x7f, 0x40, 0x00, 0x07, 0xf4, 0x7f, 0x40,
    0x00, 0x07, 0xf4, 0x7f, 0x40, 0x00, 0x07, 0xf4,
    0x7f, 0x40, 0x00, 0x07, 0xf4, 0x7f, 0x40, 0x00,
    0x07, 0xf4, 0x7f, 0x40, 0x00, 0x07, 0xf4, 0x7f,
    0x40, 0x00, 0x07, 0xf4, 0x6f, 0x60, 0x00, 0x0a,
    0xf4, 0x3f, 0xd0, 0x00, 0x3f, 0xf4, 0x0c, 0xfe,
    0xab, 0xf9, 0xf4, 0x01, 0x9e, 0xfc, 0x36, 0xf4,

    /* U+016E "Ů" */
    0x00, 0x00, 0x00, 0x00, 0x00, 0x00, 0x00, 0x00,
    0x01, 0xcf, 0xb1, 0x00, 0x00, 0x00, 0x00, 0xdb,
    0x4c, 0xb0, 0x00, 0x00, 0x00, 0x1f, 0x40, 0x5f,
    0x00, 0x00, 0x00, 0x00, 0xe9, 0x1a, 0xd0, 0x00,
    0x00, 0x00, 0x03, 0xff, 0xe2, 0x00, 0x00, 0x00,
    0x00, 0x00, 0x20, 0x00, 0x00, 0x03, 0xf9, 0x00,
    0x00, 0x00, 0x0b, 0xf2, 0x3f, 0x90, 0x00, 0x00,
    0x00, 0xbf, 0x23, 0xf9, 0x00, 0x00, 0x00, 0x0b,
    0xf2, 0x3f, 0x90, 0x00, 0x00, 0x00, 0xbf, 0x23,
    0xf9, 0x00, 0x00, 0x00, 0x0b, 0xf2, 0x3f, 0x90,
    0x00, 0x00, 0x00, 0xbf, 0x23, 0xf9, 0x00, 0x00,
    0x00, 0x0b, 0xf2, 0x3f, 0x90, 0x00, 0x00, 0x00,
    0xbf, 0x23, 0xf9, 0x00, 0x00, 0x00, 0x0b, 0xf2,
    0x2f, 0xb0, 0x00, 0x00, 0x00, 0xdf, 0x10, 0xff,
    0x10, 0x00, 0x00, 0x2f, 0xe0, 0x08, 0xfc, 0x20,
    0x00, 0x2d, 0xf7, 0x00, 0x0b, 0xff, 0xcb, 0xdf,
    0xf9, 0x00, 0x00, 0x05, 0xbe, 0xfe, 0xa4, 0x00,
    0x00,

    /* U+016F "ů" */
    0x00, 0x00, 0x00, 0x00, 0x00, 0x00, 0x07, 0xfe,
    0x50, 0x00, 0x00, 0x5f, 0x57, 0xf3, 0x00, 0x00,
    0xab, 0x00, 0xe7, 0x00, 0x00, 0x7e, 0x24, 0xf4,
    0x00, 0x00, 0x0b, 0xff, 0x80, 0x00, 0x00, 0x00,
    0x21, 0x00, 0x00, 0x7f, 0x40, 0x00, 0x07, 0xf4,
    0x7f, 0x40, 0x00, 0x07, 0xf4, 0x7f, 0x40, 0x00,
    0x07, 0xf4, 0x7f, 0x40, 0x00, 0x07, 0xf4, 0x7f,
    0x40, 0x00, 0x07, 0xf4, 0x7f, 0x40, 0x00, 0x07,
    0xf4, 0x7f, 0x40, 0x00, 0x07, 0xf4, 0x6f, 0x60,
    0x00, 0x0a, 0xf4, 0x3f, 0xd0, 0x00, 0x3f, 0xf4,
    0x0c, 0xfe, 0xab, 0xf9, 0xf4, 0x01, 0x9e, 0xfc,
    0x36, 0xf4,

    /* U+0170 "Ű" */
    0x00, 0x00, 0xbf, 0x22, 0xfb, 0x00, 0x00, 0x00,
    0x2f, 0x80, 0xae, 0x10, 0x00, 0x00, 0x06, 0xc1,
    0x2d, 0x40, 0x00, 0x00, 0x00, 0x00, 0x00, 0x00,
    0x00, 0x00, 0x00, 0x00, 0x00, 0x00, 0x00, 0x00,
    0x03, 0xf9, 0x00, 0x00, 0x00, 0x0b, 0xf2, 0x3f,
    0x90, 0x00, 0x00, 0x00, 0xbf, 0x23, 0xf9, 0x00,
    0x00, 0x00, 0x0b, 0xf2, 0x3f, 0x90, 0x00, 0x00,
    0x00, 0xbf, 0x23, 0xf9, 0x00, 0x00, 0x00, 0x0b,
    0xf2, 0x3f, 0x90, 0x00, 0x00, 0x00, 0xbf, 0x23,
    0xf9, 0x00, 0x00, 0x00, 0x0b, 0xf2, 0x3f, 0x90,
    0x00, 0x00, 0x00, 0xbf, 0x23, 0xf9, 0x00, 0x00,
    0x00, 0x0b, 0xf2, 0x2f, 0xb0, 0x00, 0x00, 0x00,
    0xdf, 0x10, 0xff, 0x10, 0x00, 0x00, 0x2f, 0xe0,
    0x08, 0xfc, 0x20, 0x00, 0x2d, 0xf7, 0x00, 0x0b,
    0xff, 0xcb, 0xdf, 0xf9, 0x00, 0x00, 0x05, 0xbe,
    0xfe, 0xa4, 0x00, 0x00,

    /* U+0171 "ű" */
    0x00, 0x4f, 0x90, 0xaf, 0x30, 0x00, 0xaf, 0x13,
    0xf7, 0x00, 0x00, 0xd6, 0x0a, 0xa0, 0x00, 0x00,
    0x00, 0x00, 0x00, 0x00, 0x7f, 0x40, 0x00, 0x07,
    0xf4, 0x7f, 0x40, 0x00, 0x07, 0xf4, 0x7f, 0x40,
    0x00, 0x07, 0xf4, 0x7f, 0x40, 0x00, 0x07, 0xf4,
    0x7f, 0x40, 0x00, 0x07, 0xf4, 0x7f, 0x40, 0x00,
    0x07, 0xf4, 0x7f, 0x40, 0x00, 0x07, 0xf4, 0x6f,
    0x60, 0x00, 0x0a, 0xf4, 0x3f, 0xd0, 0x00, 0x3f,
    0xf4, 0x0c, 0xfe, 0xab, 0xf9, 0xf4, 0x01, 0x9e,
    0xfc, 0x36, 0xf4,

    /* U+0172 "Ų" */
    0x3f, 0x90, 0x00, 0x00, 0x00, 0xbf, 0x23, 0xf9,
    0x00, 0x00, 0x00, 0x0b, 0xf2, 0x3f, 0x90, 0x00,
    0x00, 0x00, 0xbf, 0x23, 0xf9, 0x00, 0x00, 0x00,
    0x0b, 0xf2, 0x3f, 0x90, 0x00, 0x00, 0x00, 0xbf,
    0x23, 0xf9, 0x00, 0x00, 0x00, 0x0b, 0xf2, 0x3f,
    0x90, 0x00, 0x00, 0x00, 0xbf, 0x23, 0xf9, 0x00,
    0x00, 0x00, 0x0b, 0xf2, 0x3f, 0x90, 0x00, 0x00,
    0x00, 0xbf, 0x22, 0xfb, 0x00, 0x00, 0x00, 0x0d,
    0xf2, 0x0f, 0xf1, 0x00, 0x00, 0x02, 0xff, 0x00,
    0x8f, 0xc2, 0x00, 0x02, 0xdf, 0xe0, 0x00, 0xbf,
    0xfc, 0xbd, 0xff, 0xf0, 0x00, 0x00, 0x5b, 0xef,
    0xff, 0xa0, 0x00, 0x00, 0x00, 0x03, 0xe8, 0x00,
    0x00, 0x00, 0x00, 0x01, 0xf9, 0x00, 0x00, 0x00,
    0x00, 0x00, 0x2f, 0xd8, 0x40, 0x00, 0x00, 0x00,
    0x00, 0x8e, 0xe8, 0x00, 0x00,

    /* U+0173 "ų" */
    0x7f, 0x40, 0x00, 0x07, 0xf4, 0x7f, 0x40, 0x00,
    0x07, 0xf4, 0x7f, 0x40, 0x00, 0x07, 0xf4, 0x7f,
    0x40, 0x00, 0x07, 0xf4, 0x7f, 0x40, 0x00, 0x07,
    0xf4, 0x7f, 0x40, 0x00, 0x07, 0xf4, 0x7f, 0x40,
    0x00, 0x07, 0xf4, 0x6f, 0x60, 0x00, 0x0a, 0xf4,
    0x3f, 0xd0, 0x00, 0x3f, 0xf4, 0x0c, 0xfe, 0xab,
    0xf9, 0xf4, 0x01, 0x9e, 0xfc, 0x39, 0xf4, 0x00,
    0x00, 0x00, 0x5f, 0x70, 0x00, 0x00, 0x00, 0xfb,
    0x00, 0x00, 0x00, 0x00, 0xfe, 0x85, 0x00, 0x00,
    0x00, 0x6e, 0xf9,

    /* U+0174 "Ŵ" */
    0x00, 0x00, 0x00, 0x00, 0x17, 0x70, 0x00, 0x00,
    0x00, 0x00, 0x00, 0x00, 0x00, 0x01, 0xdc, 0xe9,
    0x00, 0x00, 0x00, 0x00, 0x00, 0x00, 0x00, 0x1d,
    0xd1, 0x3f, 0x80, 0x00, 0x00, 0x00, 0x00, 0x00,
    0x00, 0x00, 0x00, 0x00, 0x00, 0x00, 0x00, 0x00,
    0x00, 0x00, 0x00, 0x00, 0x00, 0x00, 0x00, 0x00,
    0x00, 0x00, 0x5f, 0x80, 0x00, 0x00, 0x5f, 0xf0,
    0x00, 0x00, 0x0d, 0xf1, 0x1f, 0xc0, 0x00, 0x00,
    0x9f, 0xf5, 0x00, 0x00, 0x1f, 0xc0, 0x0c, 0xf1,
    0x00, 0x00, 0xec, 0xf9, 0x00, 0x00, 0x6f, 0x70,
    0x07, 0xf5, 0x00, 0x02, 0xf8, 0xdd, 0x00, 0x00,
    0xaf, 0x30, 0x03, 0xf9, 0x00, 0x06, 0xf4, 0x9f,
    0x20, 0x00, 0xee, 0x00, 0x00, 0xee, 0x00, 0x0b,
    0xf0, 0x5f, 0x60, 0x03, 0xfa, 0x00, 0x00, 0xaf,
    0x20, 0x0f, 0xb0, 0x1f, 0xa0, 0x07, 0xf5, 0x00,
    0x00, 0x5f, 0x60, 0x4f, 0x70, 0x0c, 0xf0, 0x0b,
    0xf1, 0x00, 0x00, 0x1f, 0xa0, 0x8f, 0x20, 0x07,
    0xf3, 0x0f, 0xc0, 0x00, 0x00, 0x0c, 0xe0, 0xce,
    0x00, 0x03, 0xf7, 0x3f, 0x70, 0x00, 0x00, 0x08,
    0xf3, 0xf9, 0x00, 0x00, 0xeb, 0x7f, 0x30, 0x00,
    0x00, 0x03, 0xfa, 0xf5, 0x00, 0x00, 0xaf, 0xbe,
    0x00, 0x00, 0x00, 0x00, 0xff, 0xf1, 0x00, 0x00,
    0x5f, 0xfa, 0x00, 0x00, 0x00, 0x00, 0xaf, 0xc0,
    0x00, 0x00, 0x1f, 0xf5, 0x00, 0x00,

    /* U+0175 "ŵ" */
    0x00, 0x00, 0x00, 0x3f, 0xf7, 0x00, 0x00, 0x00,
    0x00, 0x00, 0x02, 0xea, 0x5f, 0x60, 0x00, 0x00,
    0x00, 0x00, 0x06, 0x70, 0x05, 0x70, 0x00, 0x00,
    0x00, 0x00, 0x00, 0x00, 0x00, 0x00, 0x00, 0x00,
    0x2f, 0xa0, 0x00, 0x0d, 0xf4, 0x00, 0x05, 0xf8,
    0x0d, 0xf0, 0x00, 0x2f, 0xf8, 0x00, 0x09, 0xf3,
    0x08, 0xf3, 0x00, 0x6f, 0xcd, 0x00, 0x0e, 0xe0,
    0x04, 0xf8, 0x00, 0xbd, 0x7f, 0x10, 0x2f, 0xa0,
    0x00, 0xfc, 0x00, 0xf9, 0x3f, 0x50, 0x6f, 0x50,
    0x00, 0xaf, 0x13, 0xf4, 0x0e, 0x90, 0xbf, 0x00,
    0x00, 0x5f, 0x57, 0xf0, 0x0a, 0xd0, 0xfb, 0x00,
    0x00, 0x1f, 0x9b, 0xb0, 0x06, 0xf4, 0xf6, 0x00,
    0x00, 0x0c, 0xce, 0x70, 0x01, 0xfb, 0xf2, 0x00,
    0x00, 0x07, 0xff, 0x20, 0x00, 0xcf, 0xd0, 0x00,
    0x00, 0x02, 0xfe, 0x00, 0x00, 0x8f, 0x80, 0x00,

    /* U+0176 "Ŷ" */
    0x00, 0x00, 0x06, 0xfe, 0x10, 0x00, 0x00, 0x00,
    0x00, 0x3f, 0x9e, 0xb0, 0x00, 0x00, 0x00, 0x01,
    0xec, 0x04, 0xf7, 0x00, 0x00, 0x00, 0x00, 0x20,
    0x00, 0x11, 0x00, 0x00, 0x00, 0x00, 0x00, 0x00,
    0x00, 0x00, 0x00, 0x2f, 0xe1, 0x00, 0x00, 0x00,
    0x6f, 0xb0, 0x07, 0xfa, 0x00, 0x00, 0x02, 0xfe,
    0x10, 0x00, 0xcf, 0x50, 0x00, 0x0c, 0xf5, 0x00,
    0x00, 0x2f, 0xe1, 0x00, 0x7f, 0xa0, 0x00, 0x00,
    0x06, 0xfb, 0x02, 0xfe, 0x10, 0x00, 0x00, 0x00,
    0xbf, 0x5b, 0xf4, 0x00, 0x00, 0x00, 0x00, 0x1e,
    0xff, 0x90, 0x00, 0x00, 0x00, 0x00, 0x06, 0xfe,
    0x00, 0x00, 0x00, 0x00, 0x00, 0x02, 0xfb, 0x00,
    0x00, 0x00, 0x00, 0x00, 0x02, 0xfb, 0x00, 0x00,
    0x00, 0x00, 0x00, 0x02, 0xfb, 0x00, 0x00, 0x00,
    0x00, 0x00, 0x02, 0xfb, 0x00, 0x00, 0x00, 0x00,
    0x00, 0x02, 0xfb, 0x00, 0x00, 0x00, 0x00, 0x00,
    0x02, 0xfb, 0x00, 0x00, 0x00,

    /* U+0177 "ŷ" */
    0x00, 0x00, 0xaf, 0xd1, 0x00, 0x00, 0x00, 0xae,
    0x3d, 0xc0, 0x00, 0x00, 0x28, 0x30, 0x17, 0x40,
    0x00, 0x00, 0x00, 0x00, 0x00, 0x00, 0x4f, 0xa0,
    0x00, 0x00, 0x6f, 0x80, 0xef, 0x00, 0x00, 0x0b,
    0xf2, 0x08, 0xf5, 0x00, 0x01, 0xfc, 0x00, 0x2f,
    0xa0, 0x00, 0x7f, 0x50, 0x00, 0xcf, 0x10, 0x0c,
    0xf0, 0x00, 0x06, 0xf6, 0x02, 0xf9, 0x00, 0x00,
    0x1f, 0xb0, 0x8f, 0x30, 0x00, 0x00, 0xaf, 0x0d,
    0xd0, 0x00, 0x00, 0x04, 0xf7, 0xf7, 0x00, 0x00,
    0x00, 0x0e, 0xff, 0x10, 0x00, 0x00, 0x00, 0x8f,
    0xa0, 0x00, 0x00, 0x00, 0x06, 0xf4, 0x00, 0x00,
    0x00, 0x00, 0xde, 0x00, 0x00, 0x00, 0x28, 0xbf,
    0x60, 0x00, 0x00, 0x07, 0xfe, 0x60, 0x00, 0x00,
    0x00,

    /* U+0178 "Ÿ" */
    0x00, 0x00, 0x31, 0x00, 0x31, 0x00, 0x00, 0x00,
    0x04, 0xfc, 0x03, 0xfe, 0x00, 0x00, 0x00, 0x03,
    0xe9, 0x01, 0xeb, 0x00, 0x00, 0x00, 0x00, 0x00,
    0x00, 0x00, 0x00, 0x00, 0x00, 0x00, 0x00, 0x00,
    0x00, 0x00, 0x00, 0x2f, 0xe1, 0x00, 0x00, 0x00,
    0x6f, 0xb0, 0x08, 0xf9, 0x00, 0x00, 0x01, 0xef,
    0x20, 0x00, 0xdf, 0x30, 0x00, 0x0a, 0xf7, 0x00,
    0x00, 0x3f, 0xd0, 0x00, 0x4f, 0xc0, 0x00, 0x00,
    0x09, 0xf8, 0x00, 0xef, 0x20, 0x00, 0x00, 0x00,
    0xef, 0x28, 0xf8, 0x00, 0x00, 0x00, 0x00, 0x4f,
    0xbf, 0xd0, 0x00, 0x00, 0x00, 0x00, 0x0a, 0xff,
    0x30, 0x00, 0x00, 0x00, 0x00, 0x02, 0xfb, 0x00,
    0x00, 0x00, 0x00, 0x00, 0x02, 0xfb, 0x00, 0x00,
    0x00, 0x00, 0x00, 0x02, 0xfb, 0x00, 0x00, 0x00,
    0x00, 0x00, 0x02, 0xfb, 0x00, 0x00, 0x00, 0x00,
    0x00, 0x02, 0xfb, 0x00, 0x00, 0x00, 0x00, 0x00,
    0x02, 0xfb, 0x00, 0x00, 0x00,

    /* U+0179 "Ź" */
    0x00, 0x00, 0x01, 0x85, 0x00, 0x00, 0x00, 0x00,
    0xaf, 0x20, 0x00, 0x00, 0x00, 0x3f, 0x50, 0x00,
    0x00, 0x00, 0x00, 0x00, 0x00, 0x00, 0x00, 0x00,
    0x00, 0x00, 0x00, 0x0d, 0xff, 0xff, 0xff, 0xff,
    0xf5, 0x79, 0x99, 0x99, 0x99, 0xff, 0x20, 0x00,
    0x00, 0x00, 0x8f, 0x70, 0x00, 0x00, 0x00, 0x4f,
    0xc0, 0x00, 0x00, 0x00, 0x1e, 0xf2, 0x00, 0x00,
    0x00, 0x0a, 0xf5, 0x00, 0x00, 0x00, 0x05, 0xfa,
    0x00, 0x00, 0x00, 0x02, 0xfe, 0x10, 0x00, 0x00,
    0x00, 0xcf, 0x40, 0x00, 0x00, 0x00, 0x7f, 0x80,
    0x00, 0x00, 0x00, 0x3f, 0xd0, 0x00, 0x00, 0x00,
    0x0d, 0xf2, 0x00, 0x00, 0x00, 0x08, 0xfe, 0x99,
    0x99, 0x99, 0x93, 0xbf, 0xff, 0xff, 0xff, 0xff,
    0x60,

    /* U+017A "ź" */
    0x00, 0x00, 0x4f, 0x90, 0x00, 0x00, 0x0c, 0xc0,
    0x00, 0x00, 0x01, 0x82, 0x00, 0x00, 0x00, 0x00,
    0x00, 0x00, 0x9f, 0xff, 0xff, 0xff, 0xa6, 0xbb,
    0xbb, 0xbe, 0xf7, 0x00, 0x00, 0x04, 0xfc, 0x00,
    0x00, 0x01, 0xee, 0x10, 0x00, 0x00, 0xcf, 0x40,
    0x00, 0x00, 0x8f, 0x80, 0x00, 0x00, 0x5f, 0xc0,
    0x00, 0x00, 0x2f, 0xe1, 0x00, 0x00, 0x0c, 0xf4,
    0x00, 0x00, 0x09, 0xfe, 0xaa, 0xaa, 0xa8, 0xcf,
    0xff, 0xff, 0xff, 0xd0,

    /* U+017B "Ż" */
    0x00, 0x00, 0x13, 0x00, 0x00, 0x00, 0x00, 0x0d,
    0xf6, 0x00, 0x00, 0x00, 0x00, 0x9e, 0x40, 0x00,
    0x00, 0x00, 0x00, 0x00, 0x00, 0x00, 0x00, 0x00,
    0x00, 0x00, 0x00, 0x0d, 0xff, 0xff, 0xff, 0xff,
    0xf5, 0x79, 0x99, 0x99, 0x99, 0xff, 0x20, 0x00,
    0x00, 0x00, 0x8f, 0x70, 0x00, 0x00, 0x00, 0x4f,
    0xc0, 0x00, 0x00, 0x00, 0x1e, 0xf2, 0x00, 0x00,
    0x00, 0x0a, 0xf5, 0x00, 0x00, 0x00, 0x05, 0xfa,
    0x00, 0x00, 0x00, 0x02, 0xfe, 0x10, 0x00, 0x00,
    0x00, 0xcf, 0x40, 0x00, 0x00, 0x00, 0x7f, 0x80,
    0x00, 0x00, 0x00, 0x3f, 0xd0, 0x00, 0x00, 0x00,
    0x0d, 0xf2, 0x00, 0x00, 0x00, 0x08, 0xfe, 0x99,
    0x99, 0x99, 0x93, 0xbf, 0xff, 0xff, 0xff, 0xff,
    0x60,

    /* U+017C "ż" */
    0x00, 0x07, 0xf5, 0x00, 0x00, 0x00, 0xaf, 0x80,
    0x00, 0x00, 0x00, 0x30, 0x00, 0x09, 0xff, 0xff,
    0xff, 0xfa, 0x6b, 0xbb, 0xbb, 0xef, 0x70, 0x00,
    0x00, 0x4f, 0xc0, 0x00, 0x00, 0x1e, 0xe1, 0x00,
    0x00, 0x0c, 0xf4, 0x00, 0x00, 0x08, 0xf8, 0x00,
    0x00, 0x05, 0xfc, 0x00, 0x00, 0x02, 0xfe, 0x10,
    0x00, 0x00, 0xcf, 0x40, 0x00, 0x00, 0x9f, 0xea,
    0xaa, 0xaa, 0x8c, 0xff, 0xff, 0xff, 0xfd,

    /* U+017D "Ž" */
    0x00, 0x47, 0x10, 0x48, 0x20, 0x00, 0x01, 0xdc,
    0x4f, 0x80, 0x00, 0x00, 0x01, 0xef, 0x90, 0x00,
    0x00, 0x00, 0x00, 0x00, 0x00, 0x00, 0x00, 0x00,
    0x00, 0x00, 0x00, 0x0d, 0xff, 0xff, 0xff, 0xff,
    0xf5, 0x79, 0x99, 0x99, 0x99, 0xff, 0x20, 0x00,
    0x00, 0x00, 0x8f, 0x70, 0x00, 0x00, 0x00, 0x4f,
    0xc0, 0x00, 0x00, 0x00, 0x1e, 0xf2, 0x00, 0x00,
    0x00, 0x0a, 0xf5, 0x00, 0x00, 0x00, 0x05, 0xfa,
    0x00, 0x00, 0x00, 0x02, 0xfe, 0x10, 0x00, 0x00,
    0x00, 0xcf, 0x40, 0x00, 0x00, 0x00, 0x7f, 0x80,
    0x00, 0x00, 0x00, 0x3f, 0xd0, 0x00, 0x00, 0x00,
    0x0d, 0xf2, 0x00, 0x00, 0x00, 0x08, 0xfe, 0x99,
    0x99, 0x99, 0x93, 0xbf, 0xff, 0xff, 0xff, 0xff,
    0x60,

    /* U+017E "ž" */
    0x04, 0xf7, 0x0a, 0xf3, 0x00, 0x05, 0xfb, 0xf3,
    0x00, 0x00, 0x05, 0x83, 0x00, 0x00, 0x00, 0x00,
    0x00, 0x00, 0x9f, 0xff, 0xff, 0xff, 0xa6, 0xbb,
    0xbb, 0xbe, 0xf7, 0x00, 0x00, 0x04, 0xfc, 0x00,
    0x00, 0x01, 0xee, 0x10, 0x00, 0x00, 0xcf, 0x40,
    0x00, 0x00, 0x8f, 0x80, 0x00, 0x00, 0x5f, 0xc0,
    0x00, 0x00, 0x2f, 0xe1, 0x00, 0x00, 0x0c, 0xf4,
    0x00, 0x00, 0x09, 0xfe, 0xaa, 0xaa, 0xa8, 0xcf,
    0xff, 0xff, 0xff, 0xd0,

    /* U+017F "ſ" */
    0x04, 0xcf, 0xe2, 0x2f, 0xfa, 0xa0, 0x6f, 0x60,
    0x00, 0x7f, 0x40, 0x00, 0x7f, 0x40, 0x00, 0x7f,
    0x40, 0x00, 0x7f, 0x40, 0x00, 0x7f, 0x40, 0x00,
    0x7f, 0x40, 0x00, 0x7f, 0x40, 0x00, 0x7f, 0x40,
    0x00, 0x7f, 0x40, 0x00, 0x7f, 0x40, 0x00, 0x7f,
    0x40, 0x00,

    /* U+2000 " " */

    /* U+2001 " " */

    /* U+2002 " " */

    /* U+2003 " " */

    /* U+2004 " " */

    /* U+2005 " " */

    /* U+2006 " " */

    /* U+2007 " " */

    /* U+2008 " " */

    /* U+2009 " " */

    /* U+200A " " */

    /* U+200B "​" */

    /* U+2010 "‐" */
    0x59, 0x99, 0x99, 0x79, 0xff, 0xff, 0xfc,

    /* U+2011 "‑" */
    0x59, 0x99, 0x99, 0x79, 0xff, 0xff, 0xfc,

    /* U+2012 "‒" */
    0x09, 0x99, 0x99, 0x99, 0x99, 0x99, 0x1f, 0xff,
    0xff, 0xff, 0xff, 0xff,

    /* U+2013 "–" */
    0x99, 0x99, 0x99, 0x99, 0x99, 0xff, 0xff, 0xff,
    0xff, 0xff,

    /* U+2014 "—" */
    0x99, 0x99, 0x99, 0x99, 0x99, 0x99, 0x99, 0x99,
    0x99, 0x99, 0xff, 0xff, 0xff, 0xff, 0xff, 0xff,
    0xff, 0xff, 0xff, 0xff,

    /* U+2015 "―" */
    0x99, 0x99, 0x99, 0x99, 0x99, 0x99, 0x99, 0x99,
    0x99, 0x99, 0xff, 0xff, 0xff, 0xff, 0xff, 0xff,
    0xff, 0xff, 0xff, 0xff,

    /* U+2016 "‖" */
    0x7f, 0x18, 0xf0, 0x7f, 0x18, 0xf0, 0x7f, 0x18,
    0xf0, 0x7f, 0x18, 0xf0, 0x7f, 0x18, 0xf0, 0x7f,
    0x18, 0xf0, 0x7f, 0x18, 0xf0, 0x7f, 0x18, 0xf0,
    0x7f, 0x18, 0xf0, 0x7f, 0x18, 0xf0, 0x7f, 0x18,
    0xf0, 0x7f, 0x18, 0xf0, 0x7f, 0x18, 0xf0, 0x7f,
    0x18, 0xf0, 0x7f, 0x18, 0xf0, 0x7f, 0x18, 0xf0,
    0x7f, 0x18, 0xf0, 0x7f, 0x18, 0xf0, 0x7f, 0x18,
    0xf0, 0x7f, 0x18, 0xf0, 0x7f, 0x18, 0xf0, 0x7f,
    0x18, 0xf0, 0x7f, 0x18, 0xf0, 0x7f, 0x18, 0xf0,

    /* U+2017 "‗" */
    0x0f, 0xff, 0xff, 0xff, 0xff, 0x10, 0x88, 0x88,
    0x88, 0x88, 0x80, 0x08, 0x88, 0x88, 0x88, 0x88,
    0x00, 0xff, 0xff, 0xff, 0xff, 0xf1,

    /* U+2018 "‘" */
    0x00, 0xf5, 0x05, 0xf3, 0x09, 0xf0, 0x0e, 0xe0,
    0x2f, 0xb0, 0x28, 0x40,

    /* U+2019 "’" */
    0x04, 0x82, 0x0b, 0xf2, 0x0e, 0xe0, 0x0f, 0x90,
    0x3f, 0x50, 0x5f, 0x00,

    /* U+201A "‚" */
    0x07, 0x70, 0x2f, 0xc0, 0x4f, 0x70, 0x7f, 0x30,
    0x9e, 0x00, 0xca, 0x00,

    /* U+201B "‛" */
    0x1f, 0xd0, 0x0c, 0xf0, 0x08, 0xf2, 0x03, 0xf5,
    0x00, 0xf7, 0x00, 0x64,

    /* U+201C "“" */
    0x00, 0xf5, 0x07, 0xf0, 0x05, 0xf3, 0x0b, 0xc0,
    0x09, 0xf0, 0x0f, 0xa0, 0x0e, 0xe0, 0x4f, 0x70,
    0x2f, 0xb0, 0x9f, 0x50, 0x28, 0x40, 0x68, 0x10,

    /* U+201D "”" */
    0x04, 0x82, 0x07, 0x70, 0x0b, 0xf2, 0x2f, 0xc0,
    0x0e, 0xe0, 0x4f, 0x70, 0x0f, 0x90, 0x7f, 0x30,
    0x3f, 0x50, 0x9e, 0x00, 0x5f, 0x00, 0xca, 0x00,

    /* U+201E "„" */
    0x07, 0x70, 0x38, 0x42, 0xfc, 0x08, 0xf5, 0x4f,
    0x70, 0xbf, 0x17, 0xf3, 0x0d, 0xc0, 0x9e, 0x00,
    0xf8, 0x0c, 0xa0, 0x2f, 0x30,

    /* U+201F "‟" */
    0x1f, 0xd0, 0x7f, 0x70, 0x0c, 0xf0, 0x3f, 0x90,
    0x08, 0xf2, 0x0e, 0xc0, 0x03, 0xf5, 0x0a, 0xe0,
    0x00, 0xf7, 0x05, 0xf1, 0x00, 0x64, 0x01, 0x81,

    /* U+2020 "†" */
    0x00, 0x0f, 0xc0, 0x00, 0x00, 0x0f, 0xc0, 0x00,
    0x22, 0x2f, 0xe2, 0x21, 0xef, 0xff, 0xff, 0xfb,
    0x45, 0x5f, 0xf5, 0x53, 0x00, 0x0f, 0xc0, 0x00,
    0x00, 0x0f, 0xc0, 0x00, 0x00, 0x0d, 0xb0, 0x00,
    0x00, 0x0c, 0x90, 0x00, 0x00, 0x0b, 0x80, 0x00,
    0x00, 0x05, 0x30, 0x00,

    /* U+2021 "‡" */
    0x00, 0x0f, 0xc0, 0x00, 0x00, 0x0f, 0xc0, 0x00,
    0x22, 0x2f, 0xe2, 0x21, 0xef, 0xff, 0xff, 0xfb,
    0x45, 0x5f, 0xf5, 0x53, 0x00, 0x0f, 0xc0, 0x00,
    0x22, 0x2f, 0xe2, 0x21, 0xef, 0xff, 0xff, 0xfb,
    0x45, 0x5f, 0xf5, 0x53, 0x00, 0x0f, 0xc0, 0x00,
    0x00, 0x0e, 0xb0, 0x00, 0x00, 0x0d, 0xa0, 0x00,
    0x00, 0x0c, 0x90, 0x00, 0x00, 0x0a, 0x70, 0x00,

    /* U+2022 "•" */
    0x00, 0x02, 0x10, 0x00, 0x5f, 0xff, 0x80, 0x2f,
    0xff, 0xff, 0x67, 0xff, 0xff, 0xfb, 0x6f, 0xff,
    0xff, 0xa1, 0xef, 0xff, 0xf4, 0x02, 0xcf, 0xd5,
    0x00,

    /* U+2023 "‣" */
    0x74, 0x00, 0x00, 0x9f, 0xa1, 0x00, 0x9f, 0xff,
    0x70, 0x9f, 0xff, 0xe3, 0x9f, 0xf8, 0x00, 0x9b,
    0x20, 0x00, 0x20, 0x00, 0x00,

    /* U+2024 "․" */
    0x08, 0x60, 0x6f, 0xf2, 0x2e, 0xc0,

    /* U+2025 "‥" */
    0x08, 0x60, 0x00, 0x19, 0x46, 0xff, 0x20, 0x09,
    0xfe, 0x2e, 0xc0, 0x00, 0x5f, 0x90,

    /* U+2026 "…" */
    0x08, 0x60, 0x00, 0x19, 0x40, 0x00, 0x39, 0x26,
    0xff, 0x20, 0x09, 0xfe, 0x00, 0x0d, 0xfa, 0x2e,
    0xc0, 0x00, 0x5f, 0x90, 0x00, 0x8f, 0x50,

    /* U+2027 "‧" */
    0x08, 0x60, 0x6f, 0xf2, 0x2e, 0xc0,

    /* U+202F " " */

    /* U+2030 "‰" */
    0x09, 0xef, 0xb2, 0x00, 0x00, 0x06, 0xf3, 0x00,
    0x00, 0x00, 0x00, 0x08, 0xf6, 0x5e, 0xc0, 0x00,
    0x02, 0xf8, 0x00, 0x00, 0x00, 0x00, 0x00, 0xbb,
    0x00, 0x8f, 0x00, 0x00, 0xcc, 0x00, 0x00, 0x00,
    0x00, 0x00, 0x0a, 0xe2, 0x1c, 0xd0, 0x00, 0x8f,
    0x20, 0x00, 0x00, 0x00, 0x00, 0x00, 0x2d, 0xff,
    0xe4, 0x00, 0x4f, 0x60, 0x00, 0x00, 0x00, 0x00,
    0x00, 0x00, 0x02, 0x30, 0x00, 0x1e, 0xa0, 0x00,
    0x00, 0x00, 0x00, 0x00, 0x00, 0x00, 0x00, 0x00,
    0x0b, 0xe1, 0x00, 0x00, 0x00, 0x00, 0x00, 0x00,
    0x00, 0x00, 0x00, 0x06, 0xf3, 0x03, 0xdf, 0xd4,
    0x00, 0x2c, 0xfe, 0x50, 0x00, 0x00, 0x02, 0xf8,
    0x00, 0xec, 0x4b, 0xf1, 0x0d, 0xc4, 0xaf, 0x10,
    0x00, 0x00, 0xcc, 0x00, 0x3f, 0x40, 0x2f, 0x52,
    0xf5, 0x01, 0xf6, 0x00, 0x00, 0x8f, 0x20, 0x04,
    0xf3, 0x01, 0xf6, 0x3f, 0x40, 0x0f, 0x70, 0x00,
    0x4f, 0x60, 0x00, 0x3f, 0x40, 0x3f, 0x52, 0xf5,
    0x02, 0xf6, 0x00, 0x1e, 0xa0, 0x00, 0x00, 0xec,
    0x5b, 0xe0, 0x0d, 0xd5, 0xaf, 0x10, 0x0b, 0xe1,
    0x00, 0x00, 0x03, 0xcf, 0xd3, 0x00, 0x2c, 0xfd,
    0x40,

    /* U+2031 "‱" */
    0x09, 0xef, 0xb2, 0x00, 0x00, 0x06, 0xf3, 0x00,
    0x00, 0x00, 0x00, 0x00, 0x00, 0x00, 0x00, 0x8f,
    0x65, 0xec, 0x00, 0x00, 0x2f, 0x80, 0x00, 0x00,
    0x00, 0x00, 0x00, 0x00, 0x00, 0x00, 0xbb, 0x00,
    0x8f, 0x00, 0x00, 0xcc, 0x00, 0x00, 0x00, 0x00,
    0x00, 0x00, 0x00, 0x00, 0x00, 0xae, 0x21, 0xcd,
    0x00, 0x08, 0xf2, 0x00, 0x00, 0x00, 0x00, 0x00,
    0x00, 0x00, 0x00, 0x00, 0x2d, 0xff, 0xe4, 0x00,
    0x4f, 0x60, 0x00, 0x00, 0x00, 0x00, 0x00, 0x00,
    0x00, 0x00, 0x00, 0x00, 0x23, 0x00, 0x01, 0xea,
    0x00, 0x00, 0x00, 0x00, 0x00, 0x00, 0x00, 0x00,
    0x00, 0x00, 0x00, 0x00, 0x00, 0x0b, 0xe1, 0x00,
    0x00, 0x00, 0x00, 0x00, 0x00, 0x00, 0x00, 0x00,
    0x00, 0x00, 0x00, 0x00, 0x6f, 0x30, 0x3d, 0xfd,
    0x40, 0x02, 0xcf, 0xe5, 0x00, 0x2c, 0xfe, 0x60,
    0x00, 0x00, 0x02, 0xf8, 0x00, 0xec, 0x4b, 0xf1,
    0x0d, 0xc4, 0xaf, 0x10, 0xcd, 0x49, 0xf2, 0x00,
    0x00, 0x0c, 0xc0, 0x03, 0xf4, 0x02, 0xf5, 0x2f,
    0x50, 0x1f, 0x61, 0xf6, 0x00, 0xf7, 0x00, 0x00,
    0x8f, 0x20, 0x04, 0xf3, 0x01, 0xf6, 0x3f, 0x40,
    0x0f, 0x72, 0xf5, 0x00, 0xf8, 0x00, 0x04, 0xf6,
    0x00, 0x03, 0xf4, 0x03, 0xf5, 0x2f, 0x50, 0x2f,
    0x61, 0xf6, 0x00, 0xf7, 0x00, 0x1e, 0xa0, 0x00,
    0x00, 0xec, 0x5b, 0xe0, 0x0d, 0xd5, 0xaf, 0x10,
    0xcd, 0x5a, 0xf2, 0x00, 0xbe, 0x10, 0x00, 0x00,
    0x3c, 0xfd, 0x30, 0x02, 0xcf, 0xd4, 0x00, 0x1b,
    0xfd, 0x50,

    /* U+2032 "′" */
    0x8f, 0x5a, 0xf2, 0xbe, 0x0d, 0xa0, 0xe6, 0x03,
    0x10,

    /* U+2033 "″" */
    0x8f, 0x50, 0x2f, 0xca, 0xf2, 0x03, 0xf8, 0xbe,
    0x00, 0x5f, 0x4d, 0xa0, 0x07, 0xf1, 0xe6, 0x00,
    0x8d, 0x03, 0x10, 0x02, 0x20,

    /* U+2034 "‴" */
    0x8f, 0x50, 0x2f, 0xc0, 0x0c, 0xf2, 0xaf, 0x20,
    0x3f, 0x80, 0x0d, 0xe0, 0xbe, 0x00, 0x5f, 0x40,
    0x0f, 0xb0, 0xda, 0x00, 0x7f, 0x10, 0x0f, 0x70,
    0xe6, 0x00, 0x8d, 0x00, 0x2f, 0x30, 0x31, 0x00,
    0x22, 0x00, 0x03, 0x00,

    /* U+2035 "‵" */
    0xef, 0x0a, 0xf1, 0x6f, 0x33, 0xf4, 0x0f, 0x60,
    0x31,

    /* U+2036 "‶" */
    0xef, 0x00, 0x7f, 0x6a, 0xf1, 0x04, 0xf7, 0x6f,
    0x30, 0x0f, 0x93, 0xf4, 0x00, 0xdb, 0x0f, 0x60,
    0x09, 0xc0, 0x31, 0x00, 0x13,

    /* U+2037 "‷" */
    0xef, 0x00, 0x7f, 0x60, 0x1f, 0xc0, 0xaf, 0x10,
    0x4f, 0x70, 0x0e, 0xe0, 0x6f, 0x30, 0x0f, 0x90,
    0x0a, 0xf0, 0x3f, 0x40, 0x0d, 0xb0, 0x06, 0xf1,
    0x0f, 0x60, 0x09, 0xc0, 0x02, 0xf3, 0x03, 0x10,
    0x01, 0x30, 0x00, 0x30,

    /* U+2038 "‸" */
    0x00, 0x02, 0xe3, 0x00, 0x00, 0x00, 0xcf, 0xd0,
    0x00, 0x00, 0x7f, 0x4f, 0x80, 0x00, 0x2f, 0x90,
    0x7f, 0x30, 0x0b, 0xe0, 0x00, 0xdd, 0x00,

    /* U+2039 "‹" */
    0x00, 0x00, 0x8f, 0x70, 0x00, 0x6f, 0xa0, 0x00,
    0x4f, 0xc0, 0x00, 0x2e, 0xe1, 0x00, 0x0c, 0xf4,
    0x00, 0x00, 0x4f, 0xc0, 0x00, 0x00, 0x6f, 0xa0,
    0x00, 0x00, 0x8f, 0x80, 0x00, 0x00, 0xaf, 0x50,
    0x00, 0x00, 0x22,

    /* U+203A "›" */
    0x0c, 0xf3, 0x00, 0x00, 0x1e, 0xe2, 0x00, 0x00,
    0x2f, 0xd1, 0x00, 0x00, 0x4f, 0xc0, 0x00, 0x00,
    0x9f, 0x70, 0x00, 0x3f, 0xd1, 0x00, 0x1e, 0xe2,
    0x00, 0x0c, 0xf3, 0x00, 0x0a, 0xf5, 0x00, 0x00,
    0x22, 0x00, 0x00,

    /* U+203B "※" */
    0x00, 0x00, 0x8f, 0x50, 0x00, 0x00, 0x5d, 0x19,
    0xf6, 0x1d, 0x50, 0x09, 0xfd, 0x12, 0x1d, 0xf8,
    0x00, 0x0a, 0xfc, 0x1d, 0xf9, 0x00, 0x02, 0x0b,
    0xff, 0xfa, 0x02, 0x0d, 0xf3, 0x1f, 0xff, 0x06,
    0xfa, 0xbe, 0x2b, 0xff, 0xfa, 0x5f, 0x80, 0x0a,
    0xfc, 0x1c, 0xfa, 0x00, 0x0a, 0xfc, 0x12, 0x1d,
    0xf8, 0x00, 0x5d, 0x1a, 0xf6, 0x1d, 0x50, 0x00,
    0x00, 0x8f, 0x50, 0x00, 0x00,

    /* U+203C "‼" */
    0x1f, 0xd0, 0x00, 0x5f, 0x91, 0xfd, 0x00, 0x05,
    0xf9, 0x1f, 0xd0, 0x00, 0x5f, 0x91, 0xfd, 0x00,
    0x05, 0xf9, 0x1f, 0xc0, 0x00, 0x5f, 0x90, 0xfc,
    0x00, 0x04, 0xf8, 0x0f, 0xc0, 0x00, 0x4f, 0x80,
    0xfc, 0x00, 0x04, 0xf8, 0x0f, 0xc0, 0x00, 0x4f,
    0x80, 0xd9, 0x00, 0x03, 0xd6, 0x00, 0x00, 0x00,
    0x00, 0x00, 0x86, 0x00, 0x01, 0x83, 0x5f, 0xf1,
    0x00, 0x9f, 0xd2, 0xec, 0x00, 0x05, 0xf9,

    /* U+203D "‽" */
    0x00, 0x7c, 0xff, 0xc5, 0x00, 0x0a, 0xfc, 0x89,
    0xef, 0x60, 0x1d, 0xa0, 0x00, 0x1d, 0xf0, 0x00,
    0x02, 0xf7, 0x09, 0xf1, 0x00, 0x01, 0xf7, 0x0c,
    0xe0, 0x00, 0x01, 0xf6, 0x7f, 0x70, 0x00, 0x00,
    0xff, 0xf7, 0x00, 0x00, 0x00, 0xff, 0x30, 0x00,
    0x00, 0x00, 0xfb, 0x00, 0x00, 0x00, 0x00, 0xe4,
    0x00, 0x00, 0x00, 0x00, 0x00, 0x00, 0x00, 0x00,
    0x01, 0x94, 0x00, 0x00, 0x00, 0x09, 0xfe, 0x00,
    0x00, 0x00, 0x05, 0xf9, 0x00, 0x00,

    /* U+203E "‾" */
    0x2a, 0xaa, 0xaa, 0xaa, 0xa9, 0x3f, 0xff, 0xff,
    0xff, 0xfe,

    /* U+203F "‿" */
    0x04, 0x30, 0x00, 0x00, 0x00, 0x00, 0x00, 0x60,
    0x0d, 0xfb, 0x62, 0x00, 0x00, 0x14, 0x9e, 0xf5,
    0x01, 0xaf, 0xff, 0xff, 0xff, 0xff, 0xfd, 0x40,
    0x00, 0x02, 0x8c, 0xef, 0xfe, 0xd9, 0x40, 0x00,

    /* U+2040 "⁀" */
    0x00, 0x01, 0x6b, 0xdf, 0xfe, 0xc9, 0x40, 0x00,
    0x00, 0x8f, 0xff, 0xcb, 0xbc, 0xef, 0xfd, 0x30,
    0x0d, 0xf9, 0x40, 0x00, 0x00, 0x02, 0x7e, 0xf5,
    0x04, 0x20, 0x00, 0x00, 0x00, 0x00, 0x00, 0x60,

    /* U+2041 "⁁" */
    0x00, 0x00, 0x00, 0x26, 0x00, 0x00, 0x00, 0x0b,
    0xd0, 0x00, 0x00, 0x05, 0xf4, 0x00, 0x00, 0x00,
    0xea, 0x00, 0x00, 0x00, 0x9e, 0x10, 0x00, 0x00,
    0x3f, 0x60, 0x00, 0x00, 0x0f, 0xf2, 0x00, 0x00,
    0x07, 0xff, 0xc0, 0x00, 0x02, 0xf8, 0x3f, 0x60,
    0x00, 0xbd, 0x00, 0x9e, 0x10, 0x09, 0x40, 0x00,
    0xb2, 0x00,

    /* U+2042 "⁂" */
    0x00, 0x00, 0x00, 0x00, 0x00, 0x00, 0x00, 0x00,
    0x05, 0x4b, 0x41, 0x00, 0x00, 0x00, 0x00, 0x8f,
    0xfd, 0x10, 0x00, 0x00, 0x00, 0x7f, 0xff, 0xff,
    0x00, 0x00, 0x00, 0x00, 0x5f, 0xfc, 0x10, 0x00,
    0x00, 0x00, 0x08, 0x5b, 0x73, 0x00, 0x00, 0x00,
    0x12, 0x01, 0x20, 0x03, 0x00, 0x00, 0x76, 0x97,
    0x10, 0x63, 0xd4, 0x40, 0x09, 0xff, 0xc0, 0x05,
    0xff, 0xe2, 0x09, 0xef, 0xff, 0xc5, 0xef, 0xff,
    0xe2, 0x06, 0xff, 0xa0, 0x03, 0xff, 0xd1, 0x00,
    0xa7, 0x99, 0x20, 0x85, 0xd6, 0x50, 0x00, 0x24,
    0x00, 0x00, 0x05, 0x00, 0x00,

    /* U+2043 "⁃" */
    0x99, 0x99, 0x92, 0xff, 0xff, 0xf4,

    /* U+2044 "⁄" */
    0x00, 0x00, 0x00, 0x00, 0x04, 0xf6, 0x00, 0x00,
    0x00, 0x00, 0x1e, 0xa0, 0x00, 0x00, 0x00, 0x00,
    0xbe, 0x10, 0x00, 0x00, 0x00, 0x06, 0xf4, 0x00,
    0x00, 0x00, 0x00, 0x2f, 0x80, 0x00, 0x00, 0x00,
    0x00, 0xcc, 0x00, 0x00, 0x00, 0x00, 0x08, 0xf2,
    0x00, 0x00, 0x00, 0x00, 0x4f, 0x60, 0x00, 0x00,
    0x00, 0x01, 0xea, 0x00, 0x00, 0x00, 0x00, 0x0b,
    0xe1, 0x00, 0x00, 0x00, 0x00, 0x6f, 0x40, 0x00,
    0x00, 0x00, 0x02, 0xf8, 0x00, 0x00, 0x00, 0x00,
    0x0c, 0xc0, 0x00, 0x00, 0x00, 0x00, 0x8f, 0x20,
    0x00, 0x00, 0x00, 0x00,

    /* U+2045 "⁅" */
    0x68, 0x88, 0x0c, 0xff, 0xf1, 0xce, 0x00, 0x0c,
    0xe0, 0x00, 0xce, 0x00, 0x0c, 0xe0, 0x00, 0xce,
    0x00, 0x0c, 0xe0, 0x00, 0xcf, 0x22, 0x0c, 0xff,
    0xf1, 0xcf, 0x55, 0x0c, 0xe0, 0x00, 0xce, 0x00,
    0x0c, 0xe0, 0x00, 0xce, 0x00, 0x0c, 0xe0, 0x00,
    0xce, 0x22, 0x0c, 0xff, 0xf1, 0x45, 0x55, 0x00,

    /* U+2046 "⁆" */
    0x68, 0x88, 0x0c, 0xff, 0xf1, 0x00, 0x9f, 0x10,
    0x09, 0xf1, 0x00, 0x9f, 0x10, 0x09, 0xf1, 0x00,
    0x9f, 0x10, 0x09, 0xf1, 0x12, 0xbf, 0x1c, 0xff,
    0xf1, 0x45, 0xef, 0x10, 0x09, 0xf1, 0x00, 0x9f,
    0x10, 0x09, 0xf1, 0x00, 0x9f, 0x10, 0x09, 0xf1,
    0x12, 0xaf, 0x1c, 0xff, 0xf1, 0x45, 0x55, 0x00,

    /* U+2047 "⁇" */
    0x00, 0x4b, 0xff, 0xc5, 0x00, 0x00, 0x2a, 0xef,
    0xd7, 0x00, 0x06, 0xff, 0xaa, 0xef, 0x70, 0x03,
    0xff, 0xb9, 0xdf, 0xb0, 0x0e, 0xf2, 0x00, 0x1d,
    0xf0, 0x0b, 0xf5, 0x00, 0x0b, 0xf4, 0x1a, 0x70,
    0x00, 0x09, 0xf3, 0x09, 0x90, 0x00, 0x06, 0xf6,
    0x00, 0x00, 0x00, 0x0c, 0xf1, 0x00, 0x00, 0x00,
    0x09, 0xf5, 0x00, 0x00, 0x00, 0xaf, 0xa0, 0x00,
    0x00, 0x00, 0x7f, 0xd0, 0x00, 0x00, 0x3e, 0xfa,
    0x00, 0x00, 0x00, 0x1c, 0xfc, 0x20, 0x00, 0x00,
    0xef, 0x50, 0x00, 0x00, 0x00, 0xbf, 0x80, 0x00,
    0x00, 0x02, 0xfa, 0x00, 0x00, 0x00, 0x00, 0xfe,
    0x00, 0x00, 0x00, 0x02, 0x95, 0x00, 0x00, 0x00,
    0x00, 0x97, 0x00, 0x00, 0x00, 0x00, 0x00, 0x00,
    0x00, 0x00, 0x00, 0x00, 0x00, 0x00, 0x00, 0x01,
    0x84, 0x00, 0x00, 0x00, 0x00, 0x86, 0x00, 0x00,
    0x00, 0x09, 0xfe, 0x00, 0x00, 0x00, 0x05, 0xff,
    0x10, 0x00, 0x00, 0x05, 0xf9, 0x00, 0x00, 0x00,
    0x02, 0xec, 0x00, 0x00,

    /* U+2048 "⁈" */
    0x00, 0x4b, 0xff, 0xc5, 0x00, 0x00, 0xef, 0x10,
    0x5f, 0xfa, 0x9e, 0xf6, 0x00, 0x0e, 0xf1, 0x0e,
    0xf2, 0x00, 0x2e, 0xe0, 0x00, 0xef, 0x01, 0xd9,
    0x00, 0x00, 0x9f, 0x30, 0x0d, 0xf0, 0x00, 0x00,
    0x00, 0x0b, 0xf2, 0x00, 0xdf, 0x00, 0x00, 0x00,
    0x06, 0xfd, 0x00, 0x0d, 0xf0, 0x00, 0x00, 0x09,
    0xff, 0x30, 0x00, 0xdf, 0x00, 0x00, 0x0a, 0xfc,
    0x20, 0x00, 0x0d, 0xf0, 0x00, 0x01, 0xfe, 0x00,
    0x00, 0x00, 0xcf, 0x00, 0x00, 0x3f, 0x90, 0x00,
    0x00, 0x0c, 0xf0, 0x00, 0x01, 0x42, 0x00, 0x00,
    0x00, 0x33, 0x00, 0x00, 0x18, 0x40, 0x00, 0x00,
    0x06, 0x70, 0x00, 0x09, 0xfe, 0x00, 0x00, 0x02,
    0xff, 0x50, 0x00, 0x5f, 0x90, 0x00, 0x00, 0x0c,
    0xe2,

    /* U+2049 "⁉" */
    0x1f, 0xd0, 0x00, 0x07, 0xdf, 0xeb, 0x30, 0x1f,
    0xd0, 0x00, 0xaf, 0xb6, 0x7e, 0xf3, 0x1f, 0xd0,
    0x03, 0xfb, 0x00, 0x02, 0xfc, 0x1f, 0xd0, 0x04,
    0xa4, 0x00, 0x00, 0xdf, 0x1f, 0xc0, 0x00, 0x00,
    0x00, 0x01, 0xfd, 0x0f, 0xc0, 0x00, 0x00, 0x00,
    0x2d, 0xf7, 0x0f, 0xc0, 0x00, 0x00, 0x05, 0xff,
    0x90, 0x0f, 0xc0, 0x00, 0x00, 0x2f, 0xf5, 0x00,
    0x0f, 0xc0, 0x00, 0x00, 0x6f, 0x70, 0x00, 0x0d,
    0x90, 0x00, 0x00, 0x6d, 0x30, 0x00, 0x00, 0x00,
    0x00, 0x00, 0x00, 0x00, 0x00, 0x08, 0x60, 0x00,
    0x00, 0x38, 0x10, 0x00, 0x5f, 0xf1, 0x00, 0x00,
    0xdf, 0xa0, 0x00, 0x2e, 0xc0, 0x00, 0x00, 0x8f,
    0x50, 0x00,

    /* U+204A "⁊" */
    0x0f, 0xff, 0xff, 0xfe, 0x0a, 0xaa, 0xaa, 0xec,
    0x00, 0x00, 0x00, 0xeb, 0x00, 0x00, 0x00, 0xf9,
    0x00, 0x00, 0x01, 0xf7, 0x00, 0x00, 0x03, 0xf6,
    0x00, 0x00, 0x04, 0xf4, 0x00, 0x00, 0x06, 0xf3,
    0x00, 0x00, 0x07, 0xf1, 0x00, 0x00, 0x09, 0xf0,
    0x00, 0x00, 0x0a, 0xe0, 0x00, 0x00, 0x0c, 0xc0,
    0x00, 0x00, 0x0d, 0xb0, 0x00, 0x00, 0x0f, 0x90,
    0x00, 0x00, 0x1f, 0x80,

    /* U+204B "⁋" */
    0x6f, 0xff, 0xff, 0xd8, 0x00, 0x5f, 0xf9, 0xdf,
    0xff, 0xd0, 0x3f, 0x90, 0xaf, 0xff, 0xf8, 0x3f,
    0x90, 0xaf, 0xff, 0xfd, 0x3f, 0x90, 0xaf, 0xff,
    0xff, 0x3f, 0x90, 0xaf, 0xff, 0xfd, 0x3f, 0x90,
    0xaf, 0xff, 0xf7, 0x3f, 0x90, 0xaf, 0xff, 0xb0,
    0x3f, 0x90, 0x8c, 0xb5, 0x00, 0x3f, 0x90, 0x00,
    0x00, 0x00, 0x3f, 0x90, 0x00, 0x00, 0x00, 0x3f,
    0x90, 0x00, 0x00, 0x00, 0x3f, 0x90, 0x00, 0x00,
    0x00, 0x3f, 0x90, 0x00, 0x00, 0x00,

    /* U+204C "⁌" */
    0x00, 0x7d, 0xff, 0xff, 0xf8, 0x0b, 0xff, 0xfe,
    0x9f, 0xf6, 0x4f, 0xff, 0xfb, 0x08, 0xf5, 0x8f,
    0xff, 0xfb, 0x08, 0xf5, 0x8f, 0xff, 0xfb, 0x08,
    0xf5, 0x4f, 0xff, 0xfb, 0x08, 0xf5, 0x0b, 0xff,
    0xfe, 0x9f, 0xf6, 0x00, 0x7d, 0xff, 0xff, 0xf8,

    /* U+204D "⁍" */
    0xdf, 0xff, 0xff, 0xc6, 0x00, 0xaf, 0xe9, 0xff,
    0xff, 0x90, 0x7f, 0x50, 0xef, 0xff, 0xf2, 0x7f,
    0x50, 0xef, 0xff, 0xf5, 0x7f, 0x50, 0xef, 0xff,
    0xf5, 0x7f, 0x50, 0xef, 0xff, 0xf2, 0xaf, 0xe9,
    0xff, 0xff, 0x90, 0xdf, 0xff, 0xff, 0xc6, 0x00,

    /* U+204E "⁎" */
    0x00, 0x01, 0x10, 0x00, 0x00, 0x0a, 0xb0, 0x00,
    0x44, 0x09, 0xa0, 0x44, 0x9f, 0xaa, 0xba, 0xf9,
    0x03, 0xcf, 0xfc, 0x30, 0x05, 0xdf, 0xfd, 0x50,
    0xaf, 0x89, 0xa8, 0xfa, 0x32, 0x0a, 0xa0, 0x23,
    0x00, 0x0a, 0xb0, 0x00,

    /* U+204F "⁏" */
    0x2e, 0xc0, 0x6f, 0xf2, 0x08, 0x60, 0x00, 0x00,
    0x00, 0x00, 0x00, 0x00, 0x00, 0x00, 0x00, 0x00,
    0x07, 0x70, 0x0c, 0xf1, 0x08, 0xf3, 0x04, 0xf6,
    0x00, 0xf8, 0x00, 0xbb,

    /* U+2050 "⁐" */
    0x00, 0x03, 0x9c, 0xef, 0xfe, 0xc8, 0x30, 0x00,
    0x01, 0xbf, 0xff, 0xff, 0xff, 0xff, 0xfb, 0x20,
    0x1d, 0xfa, 0x52, 0x00, 0x00, 0x25, 0xaf, 0xe2,
    0x06, 0x20, 0x00, 0x00, 0x00, 0x00, 0x01, 0x60,
    0x00, 0x00, 0x00, 0x00, 0x00, 0x00, 0x00, 0x00,
    0x00, 0x00, 0x00, 0x00, 0x00, 0x00, 0x00, 0x00,
    0x00, 0x00, 0x00, 0x00, 0x00, 0x00, 0x00, 0x00,
    0x00, 0x00, 0x00, 0x00, 0x00, 0x00, 0x00, 0x00,
    0x00, 0x00, 0x00, 0x00, 0x00, 0x00, 0x00, 0x00,
    0x00, 0x00, 0x00, 0x00, 0x00, 0x00, 0x00, 0x00,
    0x00, 0x00, 0x00, 0x00, 0x00, 0x00, 0x00, 0x00,
    0x00, 0x00, 0x00, 0x00, 0x00, 0x00, 0x00, 0x00,
    0x00, 0x00, 0x00, 0x00, 0x00, 0x00, 0x00, 0x00,
    0x00, 0x00, 0x00, 0x00, 0x00, 0x00, 0x00, 0x00,
    0x00, 0x00, 0x00, 0x00, 0x00, 0x00, 0x00, 0x00,
    0x00, 0x00, 0x00, 0x00, 0x00, 0x00, 0x00, 0x00,
    0x06, 0x20, 0x00, 0x00, 0x00, 0x00, 0x01, 0x70,
    0x1d, 0xfb, 0x63, 0x10, 0x01, 0x36, 0xaf, 0xf3,
    0x01, 0xaf, 0xff, 0xff, 0xff, 0xff, 0xfc, 0x20,
    0x00, 0x02, 0x8b, 0xde, 0xee, 0xb8, 0x30, 0x00,

    /* U+2051 "⁑" */
    0x00, 0x0a, 0xb0, 0x00, 0x22, 0x09, 0xa0, 0x23,
    0xaf, 0x89, 0xa7, 0xfa, 0x05, 0xdf, 0xfe, 0x60,
    0x03, 0xbf, 0xfc, 0x30, 0x9f, 0xaa, 0xba, 0xf9,
    0x44, 0x09, 0xa0, 0x44, 0x00, 0x0a, 0xb0, 0x00,
    0x00, 0x01, 0x10, 0x00, 0x00, 0x01, 0x10, 0x00,
    0x00, 0x0a, 0xb0, 0x00, 0x44, 0x09, 0xa0, 0x44,
    0x9f, 0xaa, 0xba, 0xf9, 0x03, 0xbf, 0xfc, 0x40,
    0x05, 0xdf, 0xfd, 0x60, 0xaf, 0x89, 0xa7, 0xfa,
    0x22, 0x09, 0xa0, 0x23, 0x00, 0x0a, 0xb0, 0x00,

    /* U+2052 "⁒" */
    0x00, 0x00, 0x00, 0x00, 0x00, 0xcd, 0x05, 0xeb,
    0x00, 0x00, 0x00, 0x8f, 0x20, 0xcf, 0xf3, 0x00,
    0x00, 0x3f, 0x60, 0x06, 0xfd, 0x00, 0x00, 0x0e,
    0xb0, 0x00, 0x00, 0x00, 0x00, 0x0a, 0xe1, 0x00,
    0x00, 0x00, 0x00, 0x05, 0xf4, 0x00, 0x00, 0x00,
    0x00, 0x02, 0xf9, 0x00, 0x00, 0x00, 0x00, 0x00,
    0xcd, 0x00, 0x00, 0x00, 0x00, 0x00, 0x8f, 0x20,
    0x00, 0x00, 0x00, 0x00, 0x3f, 0x60, 0x00, 0x2e,
    0xf3, 0x00, 0x0e, 0xb0, 0x00, 0x07, 0xff, 0x80,
    0x0a, 0xe1, 0x00, 0x00, 0x2d, 0xd2, 0x05, 0xf4,
    0x00, 0x00, 0x00, 0x00, 0x02, 0xf9, 0x00, 0x00,
    0x00, 0x00, 0x00,

    /* U+2053 "⁓" */
    0x02, 0x79, 0x71, 0x00, 0x00, 0x00, 0x05, 0xff,
    0xff, 0xf9, 0x10, 0x01, 0x40, 0x3a, 0x20, 0x3a,
    0xff, 0xbb, 0xef, 0x00, 0x00, 0x00, 0x02, 0xae,
    0xfb, 0x30,

    /* U+2054 "⁔" */
    0x00, 0x01, 0x7a, 0xde, 0xed, 0xb8, 0x30, 0x00,
    0x00, 0x9f, 0xff, 0xff, 0xff, 0xff, 0xfc, 0x30,
    0x0c, 0xfc, 0x73, 0x10, 0x00, 0x25, 0xaf, 0xf4,
    0x05, 0x30, 0x00, 0x00, 0x00, 0x00, 0x01, 0x71,

    /* U+2055 "⁕" */
    0x00, 0x02, 0xb2, 0x00, 0x00, 0x57, 0x3f, 0x37,
    0x50, 0x08, 0xfa, 0xfa, 0xf8, 0x01, 0x1a, 0xff,
    0xfa, 0x11, 0xaf, 0xff, 0xff, 0xff, 0xa3, 0x4a,
    0xff, 0xfa, 0x43, 0x05, 0xfd, 0xfd, 0xf5, 0x00,
    0x8a, 0x3f, 0x3a, 0x80, 0x00, 0x02, 0xc2, 0x00,
    0x00,

    /* U+2057 "⁗" */
    0x8f, 0x50, 0x2f, 0xc0, 0x0c, 0xf2, 0x05, 0xf8,
    0xaf, 0x20, 0x3f, 0x80, 0x0d, 0xe0, 0x07, 0xf4,
    0xbe, 0x00, 0x5f, 0x40, 0x0f, 0xb0, 0x08, 0xf1,
    0xda, 0x00, 0x7f, 0x10, 0x0f, 0x70, 0x0a, 0xd0,
    0xe6, 0x00, 0x8d, 0x00, 0x2f, 0x30, 0x0b, 0x90,
    0x31, 0x00, 0x22, 0x00, 0x03, 0x00, 0x03, 0x10,

    /* U+205F " " */

};

/*---------------------
 *  GLYPH DESCRIPTION
 *--------------------*/

static const lv_font_fmt_txt_glyph_dsc_t glyph_dsc[] = {
    {.bitmap_index = 0, .adv_w = 0, .box_w = 0, .box_h = 0, .ofs_x = 0, .ofs_y = 0} /* id = 0 reserved */,
    {.bitmap_index = 0, .adv_w = 90, .box_w = 0, .box_h = 0, .ofs_x = 0, .ofs_y = 0},
    {.bitmap_index = 0, .adv_w = 92, .box_w = 4, .box_h = 14, .ofs_x = 1, .ofs_y = 0},
    {.bitmap_index = 28, .adv_w = 149, .box_w = 6, .box_h = 6, .ofs_x = 2, .ofs_y = 8},
    {.bitmap_index = 46, .adv_w = 203, .box_w = 13, .box_h = 14, .ofs_x = 0, .ofs_y = 0},
    {.bitmap_index = 137, .adv_w = 205, .box_w = 11, .box_h = 19, .ofs_x = 1, .ofs_y = -2},
    {.bitmap_index = 242, .adv_w = 314, .box_w = 16, .box_h = 14, .ofs_x = 2, .ofs_y = 0},
    {.bitmap_index = 354, .adv_w = 206, .box_w = 12, .box_h = 14, .ofs_x = 1, .ofs_y = 0},
    {.bitmap_index = 438, .adv_w = 96, .box_w = 2, .box_h = 6, .ofs_x = 2, .ofs_y = 8},
    {.bitmap_index = 444, .adv_w = 117, .box_w = 5, .box_h = 18, .ofs_x = 2, .ofs_y = -3},
    {.bitmap_index = 489, .adv_w = 117, .box_w = 6, .box_h = 18, .ofs_x = 0, .ofs_y = -3},
    {.bitmap_index = 543, .adv_w = 160, .box_w = 8, .box_h = 9, .ofs_x = 1, .ofs_y = 5},
    {.bitmap_index = 579, .adv_w = 212, .box_w = 11, .box_h = 10, .ofs_x = 1, .ofs_y = 1},
    {.bitmap_index = 634, .adv_w = 92, .box_w = 4, .box_h = 6, .ofs_x = 1, .ofs_y = -3},
    {.bitmap_index = 646, .adv_w = 147, .box_w = 7, .box_h = 2, .ofs_x = 1, .ofs_y = 5},
    {.bitmap_index = 653, .adv_w = 92, .box_w = 4, .box_h = 3, .ofs_x = 1, .ofs_y = 0},
    {.bitmap_index = 659, .adv_w = 115, .box_w = 7, .box_h = 18, .ofs_x = 0, .ofs_y = -2},
    {.bitmap_index = 722, .adv_w = 202, .box_w = 11, .box_h = 14, .ofs_x = 1, .ofs_y = 0},
    {.bitmap_index = 799, .adv_w = 130, .box_w = 7, .box_h = 14, .ofs_x = 0, .ofs_y = 0},
    {.bitmap_index = 848, .adv_w = 195, .box_w = 10, .box_h = 14, .ofs_x = 1, .ofs_y = 0},
    {.bitmap_index = 918, .adv_w = 198, .box_w = 11, .box_h = 14, .ofs_x = 1, .ofs_y = 0},
    {.bitmap_index = 995, .adv_w = 207, .box_w = 11, .box_h = 14, .ofs_x = 1, .ofs_y = 0},
    {.bitmap_index = 1072, .adv_w = 190, .box_w = 10, .box_h = 14, .ofs_x = 1, .ofs_y = 0},
    {.bitmap_index = 1142, .adv_w = 198, .box_w = 11, .box_h = 14, .ofs_x = 1, .ofs_y = 0},
    {.bitmap_index = 1219, .adv_w = 181, .box_w = 11, .box_h = 14, .ofs_x = 0, .ofs_y = 0},
    {.bitmap_index = 1296, .adv_w = 198, .box_w = 11, .box_h = 14, .ofs_x = 1, .ofs_y = 0},
    {.bitmap_index = 1373, .adv_w = 198, .box_w = 11, .box_h = 14, .ofs_x = 1, .ofs_y = 0},
    {.bitmap_index = 1450, .adv_w = 92, .box_w = 4, .box_h = 11, .ofs_x = 1, .ofs_y = 0},
    {.bitmap_index = 1472, .adv_w = 97, .box_w = 4, .box_h = 14, .ofs_x = 1, .ofs_y = -3},
    {.bitmap_index = 1500, .adv_w = 212, .box_w = 10, .box_h = 11, .ofs_x = 1, .ofs_y = 0},
    {.bitmap_index = 1555, .adv_w = 212, .box_w = 10, .box_h = 6, .ofs_x = 2, .ofs_y = 3},
    {.bitmap_index = 1585, .adv_w = 212, .box_w = 10, .box_h = 11, .ofs_x = 2, .ofs_y = 0},
    {.bitmap_index = 1640, .adv_w = 164, .box_w = 10, .box_h = 14, .ofs_x = 0, .ofs_y = 0},
    {.bitmap_index = 1710, .adv_w = 309, .box_w = 18, .box_h = 19, .ofs_x = 1, .ofs_y = -4},
    {.bitmap_index = 1881, .adv_w = 221, .box_w = 14, .box_h = 14, .ofs_x = 0, .ofs_y = 0},
    {.bitmap_index = 1979, .adv_w = 209, .box_w = 11, .box_h = 14, .ofs_x = 1, .ofs_y = 0},
    {.bitmap_index = 2056, .adv_w = 234, .box_w = 13, .box_h = 14, .ofs_x = 1, .ofs_y = 0},
    {.bitmap_index = 2147, .adv_w = 231, .box_w = 13, .box_h = 14, .ofs_x = 1, .ofs_y = 0},
    {.bitmap_index = 2238, .adv_w = 192, .box_w = 10, .box_h = 14, .ofs_x = 1, .ofs_y = 0},
    {.bitmap_index = 2308, .adv_w = 189, .box_w = 10, .box_h = 14, .ofs_x = 1, .ofs_y = 0},
    {.bitmap_index = 2378, .adv_w = 239, .box_w = 13, .box_h = 14, .ofs_x = 1, .ofs_y = 0},
    {.bitmap_index = 2469, .adv_w = 238, .box_w = 13, .box_h = 14, .ofs_x = 1, .ofs_y = 0},
    {.bitmap_index = 2560, .adv_w = 86, .box_w = 3, .box_h = 14, .ofs_x = 1, .ofs_y = 0},
    {.bitmap_index = 2581, .adv_w = 183, .box_w = 10, .box_h = 14, .ofs_x = 0, .ofs_y = 0},
    {.bitmap_index = 2651, .adv_w = 215, .box_w = 12, .box_h = 14, .ofs_x = 1, .ofs_y = 0},
    {.bitmap_index = 2735, .adv_w = 181, .box_w = 10, .box_h = 14, .ofs_x = 1, .ofs_y = 0},
    {.bitmap_index = 2805, .adv_w = 289, .box_w = 16, .box_h = 14, .ofs_x = 1, .ofs_y = 0},
    {.bitmap_index = 2917, .adv_w = 241, .box_w = 13, .box_h = 14, .ofs_x = 1, .ofs_y = 0},
    {.bitmap_index = 3008, .adv_w = 245, .box_w = 14, .box_h = 14, .ofs_x = 1, .ofs_y = 0},
    {.bitmap_index = 3106, .adv_w = 204, .box_w = 11, .box_h = 14, .ofs_x = 1, .ofs_y = 0},
    {.bitmap_index = 3183, .adv_w = 245, .box_w = 14, .box_h = 15, .ofs_x = 1, .ofs_y = -1},
    {.bitmap_index = 3288, .adv_w = 206, .box_w = 12, .box_h = 14, .ofs_x = 1, .ofs_y = 0},
    {.bitmap_index = 3372, .adv_w = 205, .box_w = 11, .box_h = 14, .ofs_x = 1, .ofs_y = 0},
    {.bitmap_index = 3449, .adv_w = 207, .box_w = 12, .box_h = 14, .ofs_x = 0, .ofs_y = 0},
    {.bitmap_index = 3533, .adv_w = 238, .box_w = 13, .box_h = 14, .ofs_x = 1, .ofs_y = 0},
    {.bitmap_index = 3624, .adv_w = 221, .box_w = 14, .box_h = 14, .ofs_x = 0, .ofs_y = 0},
    {.bitmap_index = 3722, .adv_w = 315, .box_w = 20, .box_h = 14, .ofs_x = 0, .ofs_y = 0},
    {.bitmap_index = 3862, .adv_w = 218, .box_w = 14, .box_h = 14, .ofs_x = 0, .ofs_y = 0},
    {.bitmap_index = 3960, .adv_w = 217, .box_w = 14, .box_h = 14, .ofs_x = 0, .ofs_y = 0},
    {.bitmap_index = 4058, .adv_w = 201, .box_w = 11, .box_h = 14, .ofs_x = 1, .ofs_y = 0},
    {.bitmap_index = 4135, .adv_w = 117, .box_w = 5, .box_h = 19, .ofs_x = 2, .ofs_y = -3},
    {.bitmap_index = 4183, .adv_w = 115, .box_w = 7, .box_h = 18, .ofs_x = 0, .ofs_y = -2},
    {.bitmap_index = 4246, .adv_w = 117, .box_w = 5, .box_h = 19, .ofs_x = 1, .ofs_y = -3},
    {.bitmap_index = 4294, .adv_w = 151, .box_w = 9, .box_h = 7, .ofs_x = 0, .ofs_y = 7},
    {.bitmap_index = 4326, .adv_w = 146, .box_w = 10, .box_h = 2, .ofs_x = 0, .ofs_y = -2},
    {.bitmap_index = 4336, .adv_w = 103, .box_w = 4, .box_h = 3, .ofs_x = 1, .ofs_y = 12},
    {.bitmap_index = 4342, .adv_w = 180, .box_w = 10, .box_h = 11, .ofs_x = 0, .ofs_y = 0},
    {.bitmap_index = 4397, .adv_w = 196, .box_w = 11, .box_h = 14, .ofs_x = 1, .ofs_y = 0},
    {.bitmap_index = 4474, .adv_w = 183, .box_w = 10, .box_h = 11, .ofs_x = 1, .ofs_y = 0},
    {.bitmap_index = 4529, .adv_w = 196, .box_w = 10, .box_h = 14, .ofs_x = 1, .ofs_y = 0},
    {.bitmap_index = 4599, .adv_w = 187, .box_w = 10, .box_h = 11, .ofs_x = 1, .ofs_y = 0},
    {.bitmap_index = 4654, .adv_w = 118, .box_w = 8, .box_h = 14, .ofs_x = 0, .ofs_y = 0},
    {.bitmap_index = 4710, .adv_w = 196, .box_w = 10, .box_h = 15, .ofs_x = 1, .ofs_y = -4},
    {.bitmap_index = 4785, .adv_w = 189, .box_w = 10, .box_h = 14, .ofs_x = 1, .ofs_y = 0},
    {.bitmap_index = 4855, .adv_w = 78, .box_w = 3, .box_h = 14, .ofs_x = 1, .ofs_y = 0},
    {.bitmap_index = 4876, .adv_w = 78, .box_w = 5, .box_h = 18, .ofs_x = -1, .ofs_y = -4},
    {.bitmap_index = 4921, .adv_w = 176, .box_w = 10, .box_h = 14, .ofs_x = 1, .ofs_y = 0},
    {.bitmap_index = 4991, .adv_w = 78, .box_w = 3, .box_h = 14, .ofs_x = 1, .ofs_y = 0},
    {.bitmap_index = 5012, .adv_w = 280, .box_w = 15, .box_h = 11, .ofs_x = 1, .ofs_y = 0},
    {.bitmap_index = 5095, .adv_w = 189, .box_w = 10, .box_h = 11, .ofs_x = 1, .ofs_y = 0},
    {.bitmap_index = 5150, .adv_w = 192, .box_w = 10, .box_h = 11, .ofs_x = 1, .ofs_y = 0},
    {.bitmap_index = 5205, .adv_w = 196, .box_w = 11, .box_h = 15, .ofs_x = 1, .ofs_y = -4},
    {.bitmap_index = 5288, .adv_w = 196, .box_w = 10, .box_h = 15, .ofs_x = 1, .ofs_y = -4},
    {.bitmap_index = 5363, .adv_w = 120, .box_w = 7, .box_h = 11, .ofs_x = 1, .ofs_y = 0},
    {.bitmap_index = 5402, .adv_w = 169, .box_w = 9, .box_h = 11, .ofs_x = 1, .ofs_y = 0},
    {.bitmap_index = 5452, .adv_w = 105, .box_w = 7, .box_h = 14, .ofs_x = 0, .ofs_y = 0},
    {.bitmap_index = 5501, .adv_w = 189, .box_w = 10, .box_h = 11, .ofs_x = 1, .ofs_y = 0},
    {.bitmap_index = 5556, .adv_w = 180, .box_w = 11, .box_h = 11, .ofs_x = 0, .ofs_y = 0},
    {.bitmap_index = 5617, .adv_w = 262, .box_w = 16, .box_h = 11, .ofs_x = 0, .ofs_y = 0},
    {.bitmap_index = 5705, .adv_w = 175, .box_w = 11, .box_h = 11, .ofs_x = 0, .ofs_y = 0},
    {.bitmap_index = 5766, .adv_w = 180, .box_w = 11, .box_h = 15, .ofs_x = 0, .ofs_y = -4},
    {.bitmap_index = 5849, .adv_w = 177, .box_w = 9, .box_h = 11, .ofs_x = 1, .ofs_y = 0},
    {.bitmap_index = 5899, .adv_w = 136, .box_w = 7, .box_h = 19, .ofs_x = 1, .ofs_y = -5},
    {.bitmap_index = 5966, .adv_w = 106, .box_w = 3, .box_h = 24, .ofs_x = 2, .ofs_y = -5},
    {.bitmap_index = 6002, .adv_w = 136, .box_w = 7, .box_h = 19, .ofs_x = 1, .ofs_y = -5},
    {.bitmap_index = 6069, .adv_w = 212, .box_w = 11, .box_h = 4, .ofs_x = 1, .ofs_y = 4},
    {.bitmap_index = 6091, .adv_w = 90, .box_w = 0, .box_h = 0, .ofs_x = 0, .ofs_y = 0},
    {.bitmap_index = 6091, .adv_w = 92, .box_w = 4, .box_h = 15, .ofs_x = 1, .ofs_y = -4},
    {.bitmap_index = 6121, .adv_w = 183, .box_w = 10, .box_h = 14, .ofs_x = 1, .ofs_y = 0},
    {.bitmap_index = 6191, .adv_w = 195, .box_w = 11, .box_h = 14, .ofs_x = 1, .ofs_y = 0},
    {.bitmap_index = 6268, .adv_w = 232, .box_w = 13, .box_h = 13, .ofs_x = 1, .ofs_y = 0},
    {.bitmap_index = 6353, .adv_w = 176, .box_w = 11, .box_h = 14, .ofs_x = 0, .ofs_y = 0},
    {.bitmap_index = 6430, .adv_w = 86, .box_w = 3, .box_h = 17, .ofs_x = 1, .ofs_y = -3},
    {.bitmap_index = 6456, .adv_w = 182, .box_w = 10, .box_h = 18, .ofs_x = 1, .ofs_y = -4},
    {.bitmap_index = 6546, .adv_w = 189, .box_w = 8, .box_h = 3, .ofs_x = 2, .ofs_y = 13},
    {.bitmap_index = 6558, .adv_w = 293, .box_w = 16, .box_h = 15, .ofs_x = 1, .ofs_y = 0},
    {.bitmap_index = 6678, .adv_w = 145, .box_w = 8, .box_h = 8, .ofs_x = 0, .ofs_y = 7},
    {.bitmap_index = 6710, .adv_w = 186, .box_w = 11, .box_h = 10, .ofs_x = 0, .ofs_y = 1},
    {.bitmap_index = 6765, .adv_w = 212, .box_w = 9, .box_h = 5, .ofs_x = 2, .ofs_y = 3},
    {.bitmap_index = 6788, .adv_w = 213, .box_w = 13, .box_h = 13, .ofs_x = 0, .ofs_y = 3},
    {.bitmap_index = 6873, .adv_w = 153, .box_w = 6, .box_h = 3, .ofs_x = 2, .ofs_y = 12},
    {.bitmap_index = 6882, .adv_w = 146, .box_w = 7, .box_h = 8, .ofs_x = 1, .ofs_y = 7},
    {.bitmap_index = 6910, .adv_w = 212, .box_w = 10, .box_h = 10, .ofs_x = 2, .ofs_y = 1},
    {.bitmap_index = 6960, .adv_w = 141, .box_w = 7, .box_h = 8, .ofs_x = 1, .ofs_y = 9},
    {.bitmap_index = 6988, .adv_w = 143, .box_w = 8, .box_h = 8, .ofs_x = 1, .ofs_y = 9},
    {.bitmap_index = 7020, .adv_w = 103, .box_w = 4, .box_h = 3, .ofs_x = 1, .ofs_y = 12},
    {.bitmap_index = 7026, .adv_w = 188, .box_w = 11, .box_h = 15, .ofs_x = 1, .ofs_y = -4},
    {.bitmap_index = 7109, .adv_w = 193, .box_w = 10, .box_h = 14, .ofs_x = 1, .ofs_y = 0},
    {.bitmap_index = 7179, .adv_w = 92, .box_w = 4, .box_h = 3, .ofs_x = 1, .ofs_y = 6},
    {.bitmap_index = 7185, .adv_w = 86, .box_w = 4, .box_h = 6, .ofs_x = 1, .ofs_y = -5},
    {.bitmap_index = 7197, .adv_w = 97, .box_w = 5, .box_h = 8, .ofs_x = 0, .ofs_y = 9},
    {.bitmap_index = 7217, .adv_w = 154, .box_w = 9, .box_h = 8, .ofs_x = 0, .ofs_y = 7},
    {.bitmap_index = 7253, .adv_w = 186, .box_w = 11, .box_h = 10, .ofs_x = 0, .ofs_y = 1},
    {.bitmap_index = 7308, .adv_w = 257, .box_w = 16, .box_h = 15, .ofs_x = 0, .ofs_y = -1},
    {.bitmap_index = 7428, .adv_w = 271, .box_w = 16, .box_h = 16, .ofs_x = 0, .ofs_y = -1},
    {.bitmap_index = 7556, .adv_w = 282, .box_w = 17, .box_h = 16, .ofs_x = 0, .ofs_y = -1},
    {.bitmap_index = 7692, .adv_w = 164, .box_w = 9, .box_h = 15, .ofs_x = 1, .ofs_y = -4},
    {.bitmap_index = 7760, .adv_w = 221, .box_w = 14, .box_h = 19, .ofs_x = 0, .ofs_y = 0},
    {.bitmap_index = 7893, .adv_w = 221, .box_w = 14, .box_h = 19, .ofs_x = 0, .ofs_y = 0},
    {.bitmap_index = 8026, .adv_w = 221, .box_w = 14, .box_h = 19, .ofs_x = 0, .ofs_y = 0},
    {.bitmap_index = 8159, .adv_w = 221, .box_w = 14, .box_h = 19, .ofs_x = 0, .ofs_y = 0},
    {.bitmap_index = 8292, .adv_w = 221, .box_w = 14, .box_h = 19, .ofs_x = 0, .ofs_y = 0},
    {.bitmap_index = 8425, .adv_w = 221, .box_w = 14, .box_h = 21, .ofs_x = 0, .ofs_y = 0},
    {.bitmap_index = 8572, .adv_w = 318, .box_w = 19, .box_h = 14, .ofs_x = 0, .ofs_y = 0},
    {.bitmap_index = 8705, .adv_w = 234, .box_w = 13, .box_h = 18, .ofs_x = 1, .ofs_y = -4},
    {.bitmap_index = 8822, .adv_w = 192, .box_w = 10, .box_h = 19, .ofs_x = 1, .ofs_y = 0},
    {.bitmap_index = 8917, .adv_w = 192, .box_w = 10, .box_h = 19, .ofs_x = 1, .ofs_y = 0},
    {.bitmap_index = 9012, .adv_w = 192, .box_w = 10, .box_h = 19, .ofs_x = 1, .ofs_y = 0},
    {.bitmap_index = 9107, .adv_w = 192, .box_w = 10, .box_h = 19, .ofs_x = 1, .ofs_y = 0},
    {.bitmap_index = 9202, .adv_w = 86, .box_w = 4, .box_h = 19, .ofs_x = 0, .ofs_y = 0},
    {.bitmap_index = 9240, .adv_w = 86, .box_w = 5, .box_h = 19, .ofs_x = 1, .ofs_y = 0},
    {.bitmap_index = 9288, .adv_w = 86, .box_w = 7, .box_h = 19, .ofs_x = -1, .ofs_y = 0},
    {.bitmap_index = 9355, .adv_w = 86, .box_w = 7, .box_h = 19, .ofs_x = -1, .ofs_y = 0},
    {.bitmap_index = 9422, .adv_w = 235, .box_w = 14, .box_h = 14, .ofs_x = 0, .ofs_y = 0},
    {.bitmap_index = 9520, .adv_w = 241, .box_w = 13, .box_h = 19, .ofs_x = 1, .ofs_y = 0},
    {.bitmap_index = 9644, .adv_w = 245, .box_w = 14, .box_h = 19, .ofs_x = 1, .ofs_y = 0},
    {.bitmap_index = 9777, .adv_w = 245, .box_w = 14, .box_h = 19, .ofs_x = 1, .ofs_y = 0},
    {.bitmap_index = 9910, .adv_w = 245, .box_w = 14, .box_h = 19, .ofs_x = 1, .ofs_y = 0},
    {.bitmap_index = 10043, .adv_w = 245, .box_w = 14, .box_h = 20, .ofs_x = 1, .ofs_y = 0},
    {.bitmap_index = 10183, .adv_w = 245, .box_w = 14, .box_h = 19, .ofs_x = 1, .ofs_y = 0},
    {.bitmap_index = 10316, .adv_w = 212, .box_w = 10, .box_h = 10, .ofs_x = 2, .ofs_y = 1},
    {.bitmap_index = 10366, .adv_w = 245, .box_w = 14, .box_h = 16, .ofs_x = 1, .ofs_y = -1},
    {.bitmap_index = 10478, .adv_w = 238, .box_w = 13, .box_h = 19, .ofs_x = 1, .ofs_y = 0},
    {.bitmap_index = 10602, .adv_w = 238, .box_w = 13, .box_h = 19, .ofs_x = 1, .ofs_y = 0},
    {.bitmap_index = 10726, .adv_w = 238, .box_w = 13, .box_h = 19, .ofs_x = 1, .ofs_y = 0},
    {.bitmap_index = 10850, .adv_w = 238, .box_w = 13, .box_h = 19, .ofs_x = 1, .ofs_y = 0},
    {.bitmap_index = 10974, .adv_w = 217, .box_w = 14, .box_h = 19, .ofs_x = 0, .ofs_y = 0},
    {.bitmap_index = 11107, .adv_w = 203, .box_w = 11, .box_h = 14, .ofs_x = 1, .ofs_y = 0},
    {.bitmap_index = 11184, .adv_w = 197, .box_w = 11, .box_h = 14, .ofs_x = 1, .ofs_y = 0},
    {.bitmap_index = 11261, .adv_w = 180, .box_w = 10, .box_h = 15, .ofs_x = 0, .ofs_y = 0},
    {.bitmap_index = 11336, .adv_w = 180, .box_w = 10, .box_h = 16, .ofs_x = 0, .ofs_y = 0},
    {.bitmap_index = 11416, .adv_w = 180, .box_w = 10, .box_h = 16, .ofs_x = 0, .ofs_y = 0},
    {.bitmap_index = 11496, .adv_w = 180, .box_w = 10, .box_h = 14, .ofs_x = 0, .ofs_y = 0},
    {.bitmap_index = 11566, .adv_w = 180, .box_w = 10, .box_h = 14, .ofs_x = 0, .ofs_y = 0},
    {.bitmap_index = 11636, .adv_w = 180, .box_w = 10, .box_h = 18, .ofs_x = 0, .ofs_y = 0},
    {.bitmap_index = 11726, .adv_w = 294, .box_w = 18, .box_h = 11, .ofs_x = 0, .ofs_y = 0},
    {.bitmap_index = 11825, .adv_w = 183, .box_w = 10, .box_h = 15, .ofs_x = 1, .ofs_y = -4},
    {.bitmap_index = 11900, .adv_w = 187, .box_w = 10, .box_h = 15, .ofs_x = 1, .ofs_y = 0},
    {.bitmap_index = 11975, .adv_w = 187, .box_w = 10, .box_h = 16, .ofs_x = 1, .ofs_y = 0},
    {.bitmap_index = 12055, .adv_w = 187, .box_w = 10, .box_h = 16, .ofs_x = 1, .ofs_y = 0},
    {.bitmap_index = 12135, .adv_w = 187, .box_w = 10, .box_h = 14, .ofs_x = 1, .ofs_y = 0},
    {.bitmap_index = 12205, .adv_w = 78, .box_w = 5, .box_h = 15, .ofs_x = -1, .ofs_y = 0},
    {.bitmap_index = 12243, .adv_w = 78, .box_w = 4, .box_h = 15, .ofs_x = 1, .ofs_y = 0},
    {.bitmap_index = 12273, .adv_w = 78, .box_w = 7, .box_h = 15, .ofs_x = -1, .ofs_y = 0},
    {.bitmap_index = 12326, .adv_w = 78, .box_w = 7, .box_h = 14, .ofs_x = -1, .ofs_y = 0},
    {.bitmap_index = 12375, .adv_w = 186, .box_w = 10, .box_h = 16, .ofs_x = 1, .ofs_y = 0},
    {.bitmap_index = 12455, .adv_w = 189, .box_w = 10, .box_h = 14, .ofs_x = 1, .ofs_y = 0},
    {.bitmap_index = 12525, .adv_w = 192, .box_w = 10, .box_h = 15, .ofs_x = 1, .ofs_y = 0},
    {.bitmap_index = 12600, .adv_w = 192, .box_w = 10, .box_h = 16, .ofs_x = 1, .ofs_y = 0},
    {.bitmap_index = 12680, .adv_w = 192, .box_w = 10, .box_h = 16, .ofs_x = 1, .ofs_y = 0},
    {.bitmap_index = 12760, .adv_w = 192, .box_w = 10, .box_h = 14, .ofs_x = 1, .ofs_y = 0},
    {.bitmap_index = 12830, .adv_w = 192, .box_w = 10, .box_h = 14, .ofs_x = 1, .ofs_y = 0},
    {.bitmap_index = 12900, .adv_w = 212, .box_w = 10, .box_h = 10, .ofs_x = 2, .ofs_y = 1},
    {.bitmap_index = 12950, .adv_w = 192, .box_w = 12, .box_h = 13, .ofs_x = 0, .ofs_y = -1},
    {.bitmap_index = 13028, .adv_w = 189, .box_w = 10, .box_h = 15, .ofs_x = 1, .ofs_y = 0},
    {.bitmap_index = 13103, .adv_w = 189, .box_w = 10, .box_h = 16, .ofs_x = 1, .ofs_y = 0},
    {.bitmap_index = 13183, .adv_w = 189, .box_w = 10, .box_h = 16, .ofs_x = 1, .ofs_y = 0},
    {.bitmap_index = 13263, .adv_w = 189, .box_w = 10, .box_h = 14, .ofs_x = 1, .ofs_y = 0},
    {.bitmap_index = 13333, .adv_w = 180, .box_w = 11, .box_h = 20, .ofs_x = 0, .ofs_y = -4},
    {.bitmap_index = 13443, .adv_w = 196, .box_w = 11, .box_h = 18, .ofs_x = 1, .ofs_y = -4},
    {.bitmap_index = 13542, .adv_w = 180, .box_w = 11, .box_h = 18, .ofs_x = 0, .ofs_y = -4},
    {.bitmap_index = 13641, .adv_w = 221, .box_w = 14, .box_h = 19, .ofs_x = 0, .ofs_y = 0},
    {.bitmap_index = 13774, .adv_w = 180, .box_w = 10, .box_h = 14, .ofs_x = 0, .ofs_y = 0},
    {.bitmap_index = 13844, .adv_w = 221, .box_w = 14, .box_h = 19, .ofs_x = 0, .ofs_y = 0},
    {.bitmap_index = 13977, .adv_w = 180, .box_w = 10, .box_h = 16, .ofs_x = 0, .ofs_y = 0},
    {.bitmap_index = 14057, .adv_w = 221, .box_w = 14, .box_h = 18, .ofs_x = 0, .ofs_y = -4},
    {.bitmap_index = 14183, .adv_w = 180, .box_w = 11, .box_h = 15, .ofs_x = 0, .ofs_y = -4},
    {.bitmap_index = 14266, .adv_w = 234, .box_w = 13, .box_h = 19, .ofs_x = 1, .ofs_y = 0},
    {.bitmap_index = 14390, .adv_w = 183, .box_w = 10, .box_h = 16, .ofs_x = 1, .ofs_y = 0},
    {.bitmap_index = 14470, .adv_w = 234, .box_w = 13, .box_h = 19, .ofs_x = 1, .ofs_y = 0},
    {.bitmap_index = 14594, .adv_w = 183, .box_w = 10, .box_h = 16, .ofs_x = 1, .ofs_y = 0},
    {.bitmap_index = 14674, .adv_w = 234, .box_w = 13, .box_h = 19, .ofs_x = 1, .ofs_y = 0},
    {.bitmap_index = 14798, .adv_w = 183, .box_w = 10, .box_h = 14, .ofs_x = 1, .ofs_y = 0},
    {.bitmap_index = 14868, .adv_w = 234, .box_w = 13, .box_h = 19, .ofs_x = 1, .ofs_y = 0},
    {.bitmap_index = 14992, .adv_w = 183, .box_w = 10, .box_h = 16, .ofs_x = 1, .ofs_y = 0},
    {.bitmap_index = 15072, .adv_w = 231, .box_w = 13, .box_h = 19, .ofs_x = 1, .ofs_y = 0},
    {.bitmap_index = 15196, .adv_w = 227, .box_w = 13, .box_h = 16, .ofs_x = 1, .ofs_y = 0},
    {.bitmap_index = 15300, .adv_w = 235, .box_w = 14, .box_h = 14, .ofs_x = 0, .ofs_y = 0},
    {.bitmap_index = 15398, .adv_w = 196, .box_w = 12, .box_h = 14, .ofs_x = 1, .ofs_y = 0},
    {.bitmap_index = 15482, .adv_w = 192, .box_w = 10, .box_h = 19, .ofs_x = 1, .ofs_y = 0},
    {.bitmap_index = 15577, .adv_w = 187, .box_w = 10, .box_h = 14, .ofs_x = 1, .ofs_y = 0},
    {.bitmap_index = 15647, .adv_w = 192, .box_w = 10, .box_h = 19, .ofs_x = 1, .ofs_y = 0},
    {.bitmap_index = 15742, .adv_w = 187, .box_w = 10, .box_h = 16, .ofs_x = 1, .ofs_y = 0},
    {.bitmap_index = 15822, .adv_w = 192, .box_w = 10, .box_h = 19, .ofs_x = 1, .ofs_y = 0},
    {.bitmap_index = 15917, .adv_w = 187, .box_w = 10, .box_h = 14, .ofs_x = 1, .ofs_y = 0},
    {.bitmap_index = 15987, .adv_w = 192, .box_w = 11, .box_h = 18, .ofs_x = 1, .ofs_y = -4},
    {.bitmap_index = 16086, .adv_w = 187, .box_w = 10, .box_h = 15, .ofs_x = 1, .ofs_y = -4},
    {.bitmap_index = 16161, .adv_w = 192, .box_w = 10, .box_h = 19, .ofs_x = 1, .ofs_y = 0},
    {.bitmap_index = 16256, .adv_w = 187, .box_w = 10, .box_h = 16, .ofs_x = 1, .ofs_y = 0},
    {.bitmap_index = 16336, .adv_w = 239, .box_w = 13, .box_h = 19, .ofs_x = 1, .ofs_y = 0},
    {.bitmap_index = 16460, .adv_w = 196, .box_w = 10, .box_h = 20, .ofs_x = 1, .ofs_y = -4},
    {.bitmap_index = 16560, .adv_w = 239, .box_w = 13, .box_h = 19, .ofs_x = 1, .ofs_y = 0},
    {.bitmap_index = 16684, .adv_w = 196, .box_w = 10, .box_h = 20, .ofs_x = 1, .ofs_y = -4},
    {.bitmap_index = 16784, .adv_w = 239, .box_w = 13, .box_h = 19, .ofs_x = 1, .ofs_y = 0},
    {.bitmap_index = 16908, .adv_w = 196, .box_w = 10, .box_h = 18, .ofs_x = 1, .ofs_y = -4},
    {.bitmap_index = 16998, .adv_w = 239, .box_w = 13, .box_h = 19, .ofs_x = 1, .ofs_y = -5},
    {.bitmap_index = 17122, .adv_w = 196, .box_w = 10, .box_h = 21, .ofs_x = 1, .ofs_y = -4},
    {.bitmap_index = 17227, .adv_w = 238, .box_w = 13, .box_h = 19, .ofs_x = 1, .ofs_y = 0},
    {.bitmap_index = 17351, .adv_w = 189, .box_w = 12, .box_h = 19, .ofs_x = -1, .ofs_y = 0},
    {.bitmap_index = 17465, .adv_w = 248, .box_w = 15, .box_h = 14, .ofs_x = 0, .ofs_y = 0},
    {.bitmap_index = 17570, .adv_w = 189, .box_w = 11, .box_h = 14, .ofs_x = 0, .ofs_y = 0},
    {.bitmap_index = 17647, .adv_w = 86, .box_w = 7, .box_h = 19, .ofs_x = -1, .ofs_y = 0},
    {.bitmap_index = 17714, .adv_w = 78, .box_w = 7, .box_h = 14, .ofs_x = -1, .ofs_y = 0},
    {.bitmap_index = 17763, .adv_w = 86, .box_w = 7, .box_h = 19, .ofs_x = -1, .ofs_y = 0},
    {.bitmap_index = 17830, .adv_w = 78, .box_w = 7, .box_h = 14, .ofs_x = -1, .ofs_y = 0},
    {.bitmap_index = 17879, .adv_w = 86, .box_w = 7, .box_h = 19, .ofs_x = -1, .ofs_y = 0},
    {.bitmap_index = 17946, .adv_w = 78, .box_w = 7, .box_h = 15, .ofs_x = -1, .ofs_y = 0},
    {.bitmap_index = 17999, .adv_w = 86, .box_w = 5, .box_h = 18, .ofs_x = 0, .ofs_y = -4},
    {.bitmap_index = 18044, .adv_w = 78, .box_w = 5, .box_h = 18, .ofs_x = -1, .ofs_y = -4},
    {.bitmap_index = 18089, .adv_w = 86, .box_w = 3, .box_h = 19, .ofs_x = 1, .ofs_y = 0},
    {.bitmap_index = 18118, .adv_w = 78, .box_w = 3, .box_h = 11, .ofs_x = 1, .ofs_y = 0},
    {.bitmap_index = 18135, .adv_w = 269, .box_w = 15, .box_h = 14, .ofs_x = 1, .ofs_y = 0},
    {.bitmap_index = 18240, .adv_w = 155, .box_w = 8, .box_h = 18, .ofs_x = 1, .ofs_y = -4},
    {.bitmap_index = 18312, .adv_w = 183, .box_w = 12, .box_h = 19, .ofs_x = 0, .ofs_y = 0},
    {.bitmap_index = 18426, .adv_w = 78, .box_w = 7, .box_h = 19, .ofs_x = -1, .ofs_y = -4},
    {.bitmap_index = 18493, .adv_w = 215, .box_w = 12, .box_h = 19, .ofs_x = 1, .ofs_y = -5},
    {.bitmap_index = 18607, .adv_w = 176, .box_w = 10, .box_h = 19, .ofs_x = 1, .ofs_y = -5},
    {.bitmap_index = 18702, .adv_w = 168, .box_w = 10, .box_h = 11, .ofs_x = 1, .ofs_y = 0},
    {.bitmap_index = 18757, .adv_w = 181, .box_w = 10, .box_h = 19, .ofs_x = 1, .ofs_y = 0},
    {.bitmap_index = 18852, .adv_w = 78, .box_w = 4, .box_h = 19, .ofs_x = 1, .ofs_y = 0},
    {.bitmap_index = 18890, .adv_w = 181, .box_w = 10, .box_h = 19, .ofs_x = 1, .ofs_y = -5},
    {.bitmap_index = 18985, .adv_w = 78, .box_w = 4, .box_h = 19, .ofs_x = 0, .ofs_y = -5},
    {.bitmap_index = 19023, .adv_w = 181, .box_w = 10, .box_h = 15, .ofs_x = 1, .ofs_y = 0},
    {.bitmap_index = 19098, .adv_w = 109, .box_w = 6, .box_h = 15, .ofs_x = 1, .ofs_y = 0},
    {.bitmap_index = 19143, .adv_w = 180, .box_w = 10, .box_h = 14, .ofs_x = 1, .ofs_y = 0},
    {.bitmap_index = 19213, .adv_w = 115, .box_w = 7, .box_h = 14, .ofs_x = 1, .ofs_y = 0},
    {.bitmap_index = 19262, .adv_w = 190, .box_w = 11, .box_h = 14, .ofs_x = 0, .ofs_y = 0},
    {.bitmap_index = 19339, .adv_w = 78, .box_w = 6, .box_h = 14, .ofs_x = -1, .ofs_y = 0},
    {.bitmap_index = 19381, .adv_w = 241, .box_w = 13, .box_h = 19, .ofs_x = 1, .ofs_y = 0},
    {.bitmap_index = 19505, .adv_w = 189, .box_w = 10, .box_h = 15, .ofs_x = 1, .ofs_y = 0},
    {.bitmap_index = 19580, .adv_w = 241, .box_w = 13, .box_h = 19, .ofs_x = 1, .ofs_y = -5},
    {.bitmap_index = 19704, .adv_w = 189, .box_w = 10, .box_h = 16, .ofs_x = 1, .ofs_y = -5},
    {.bitmap_index = 19784, .adv_w = 241, .box_w = 13, .box_h = 19, .ofs_x = 1, .ofs_y = 0},
    {.bitmap_index = 19908, .adv_w = 189, .box_w = 10, .box_h = 16, .ofs_x = 1, .ofs_y = 0},
    {.bitmap_index = 19988, .adv_w = 241, .box_w = 13, .box_h = 18, .ofs_x = 1, .ofs_y = -4},
    {.bitmap_index = 20105, .adv_w = 189, .box_w = 10, .box_h = 15, .ofs_x = 1, .ofs_y = -4},
    {.bitmap_index = 20180, .adv_w = 245, .box_w = 14, .box_h = 19, .ofs_x = 1, .ofs_y = 0},
    {.bitmap_index = 20313, .adv_w = 192, .box_w = 10, .box_h = 14, .ofs_x = 1, .ofs_y = 0},
    {.bitmap_index = 20383, .adv_w = 245, .box_w = 14, .box_h = 19, .ofs_x = 1, .ofs_y = 0},
    {.bitmap_index = 20516, .adv_w = 192, .box_w = 10, .box_h = 16, .ofs_x = 1, .ofs_y = 0},
    {.bitmap_index = 20596, .adv_w = 245, .box_w = 14, .box_h = 19, .ofs_x = 1, .ofs_y = 0},
    {.bitmap_index = 20729, .adv_w = 192, .box_w = 10, .box_h = 15, .ofs_x = 1, .ofs_y = 0},
    {.bitmap_index = 20804, .adv_w = 322, .box_w = 18, .box_h = 14, .ofs_x = 1, .ofs_y = 0},
    {.bitmap_index = 20930, .adv_w = 320, .box_w = 19, .box_h = 11, .ofs_x = 1, .ofs_y = 0},
    {.bitmap_index = 21035, .adv_w = 206, .box_w = 12, .box_h = 19, .ofs_x = 1, .ofs_y = 0},
    {.bitmap_index = 21149, .adv_w = 120, .box_w = 7, .box_h = 15, .ofs_x = 1, .ofs_y = 0},
    {.bitmap_index = 21202, .adv_w = 206, .box_w = 12, .box_h = 19, .ofs_x = 1, .ofs_y = -5},
    {.bitmap_index = 21316, .adv_w = 120, .box_w = 8, .box_h = 16, .ofs_x = 0, .ofs_y = -5},
    {.bitmap_index = 21380, .adv_w = 206, .box_w = 12, .box_h = 19, .ofs_x = 1, .ofs_y = 0},
    {.bitmap_index = 21494, .adv_w = 120, .box_w = 7, .box_h = 15, .ofs_x = 1, .ofs_y = 0},
    {.bitmap_index = 21547, .adv_w = 205, .box_w = 11, .box_h = 19, .ofs_x = 1, .ofs_y = 0},
    {.bitmap_index = 21652, .adv_w = 169, .box_w = 9, .box_h = 16, .ofs_x = 1, .ofs_y = 0},
    {.bitmap_index = 21724, .adv_w = 205, .box_w = 11, .box_h = 19, .ofs_x = 1, .ofs_y = 0},
    {.bitmap_index = 21829, .adv_w = 169, .box_w = 9, .box_h = 16, .ofs_x = 1, .ofs_y = 0},
    {.bitmap_index = 21901, .adv_w = 205, .box_w = 11, .box_h = 18, .ofs_x = 1, .ofs_y = -4},
    {.bitmap_index = 22000, .adv_w = 169, .box_w = 9, .box_h = 15, .ofs_x = 1, .ofs_y = -4},
    {.bitmap_index = 22068, .adv_w = 205, .box_w = 11, .box_h = 19, .ofs_x = 1, .ofs_y = 0},
    {.bitmap_index = 22173, .adv_w = 169, .box_w = 9, .box_h = 16, .ofs_x = 1, .ofs_y = 0},
    {.bitmap_index = 22245, .adv_w = 207, .box_w = 12, .box_h = 18, .ofs_x = 0, .ofs_y = -4},
    {.bitmap_index = 22353, .adv_w = 105, .box_w = 7, .box_h = 18, .ofs_x = 0, .ofs_y = -4},
    {.bitmap_index = 22416, .adv_w = 207, .box_w = 12, .box_h = 19, .ofs_x = 0, .ofs_y = 0},
    {.bitmap_index = 22530, .adv_w = 120, .box_w = 7, .box_h = 16, .ofs_x = 0, .ofs_y = 0},
    {.bitmap_index = 22586, .adv_w = 207, .box_w = 12, .box_h = 14, .ofs_x = 0, .ofs_y = 0},
    {.bitmap_index = 22670, .adv_w = 105, .box_w = 7, .box_h = 14, .ofs_x = 0, .ofs_y = 0},
    {.bitmap_index = 22719, .adv_w = 238, .box_w = 13, .box_h = 20, .ofs_x = 1, .ofs_y = 0},
    {.bitmap_index = 22849, .adv_w = 189, .box_w = 10, .box_h = 14, .ofs_x = 1, .ofs_y = 0},
    {.bitmap_index = 22919, .adv_w = 238, .box_w = 13, .box_h = 19, .ofs_x = 1, .ofs_y = 0},
    {.bitmap_index = 23043, .adv_w = 189, .box_w = 10, .box_h = 14, .ofs_x = 1, .ofs_y = 0},
    {.bitmap_index = 23113, .adv_w = 238, .box_w = 13, .box_h = 19, .ofs_x = 1, .ofs_y = 0},
    {.bitmap_index = 23237, .adv_w = 189, .box_w = 10, .box_h = 16, .ofs_x = 1, .ofs_y = 0},
    {.bitmap_index = 23317, .adv_w = 238, .box_w = 13, .box_h = 21, .ofs_x = 1, .ofs_y = 0},
    {.bitmap_index = 23454, .adv_w = 189, .box_w = 10, .box_h = 18, .ofs_x = 1, .ofs_y = 0},
    {.bitmap_index = 23544, .adv_w = 238, .box_w = 13, .box_h = 19, .ofs_x = 1, .ofs_y = 0},
    {.bitmap_index = 23668, .adv_w = 189, .box_w = 10, .box_h = 15, .ofs_x = 1, .ofs_y = 0},
    {.bitmap_index = 23743, .adv_w = 238, .box_w = 13, .box_h = 18, .ofs_x = 1, .ofs_y = -4},
    {.bitmap_index = 23860, .adv_w = 189, .box_w = 10, .box_h = 15, .ofs_x = 1, .ofs_y = -4},
    {.bitmap_index = 23935, .adv_w = 315, .box_w = 20, .box_h = 19, .ofs_x = 0, .ofs_y = 0},
    {.bitmap_index = 24125, .adv_w = 262, .box_w = 16, .box_h = 15, .ofs_x = 0, .ofs_y = 0},
    {.bitmap_index = 24245, .adv_w = 217, .box_w = 14, .box_h = 19, .ofs_x = 0, .ofs_y = 0},
    {.bitmap_index = 24378, .adv_w = 180, .box_w = 11, .box_h = 19, .ofs_x = 0, .ofs_y = -4},
    {.bitmap_index = 24483, .adv_w = 217, .box_w = 14, .box_h = 19, .ofs_x = 0, .ofs_y = 0},
    {.bitmap_index = 24616, .adv_w = 201, .box_w = 11, .box_h = 19, .ofs_x = 1, .ofs_y = 0},
    {.bitmap_index = 24721, .adv_w = 177, .box_w = 9, .box_h = 15, .ofs_x = 1, .ofs_y = 0},
    {.bitmap_index = 24789, .adv_w = 201, .box_w = 11, .box_h = 19, .ofs_x = 1, .ofs_y = 0},
    {.bitmap_index = 24894, .adv_w = 177, .box_w = 9, .box_h = 14, .ofs_x = 1, .ofs_y = 0},
    {.bitmap_index = 24957, .adv_w = 201, .box_w = 11, .box_h = 19, .ofs_x = 1, .ofs_y = 0},
    {.bitmap_index = 25062, .adv_w = 177, .box_w = 9, .box_h = 15, .ofs_x = 1, .ofs_y = 0},
    {.bitmap_index = 25130, .adv_w = 101, .box_w = 6, .box_h = 14, .ofs_x = 1, .ofs_y = 0},
    {.bitmap_index = 25172, .adv_w = 175, .box_w = 0, .box_h = 0, .ofs_x = 0, .ofs_y = 0},
    {.bitmap_index = 25172, .adv_w = 349, .box_w = 0, .box_h = 0, .ofs_x = 0, .ofs_y = 0},
    {.bitmap_index = 25172, .adv_w = 160, .box_w = 0, .box_h = 0, .ofs_x = 0, .ofs_y = 0},
    {.bitmap_index = 25172, .adv_w = 320, .box_w = 0, .box_h = 0, .ofs_x = 0, .ofs_y = 0},
    {.bitmap_index = 25172, .adv_w = 107, .box_w = 0, .box_h = 0, .ofs_x = 0, .ofs_y = 0},
    {.bitmap_index = 25172, .adv_w = 80, .box_w = 0, .box_h = 0, .ofs_x = 0, .ofs_y = 0},
    {.bitmap_index = 25172, .adv_w = 53, .box_w = 0, .box_h = 0, .ofs_x = 0, .ofs_y = 0},
    {.bitmap_index = 25172, .adv_w = 208, .box_w = 0, .box_h = 0, .ofs_x = 0, .ofs_y = 0},
    {.bitmap_index = 25172, .adv_w = 92, .box_w = 0, .box_h = 0, .ofs_x = 0, .ofs_y = 0},
    {.bitmap_index = 25172, .adv_w = 58, .box_w = 0, .box_h = 0, .ofs_x = 0, .ofs_y = 0},
    {.bitmap_index = 25172, .adv_w = 29, .box_w = 0, .box_h = 0, .ofs_x = 0, .ofs_y = 0},
    {.bitmap_index = 25172, .adv_w = 0, .box_w = 0, .box_h = 0, .ofs_x = 0, .ofs_y = 0},
    {.bitmap_index = 25172, .adv_w = 115, .box_w = 7, .box_h = 2, .ofs_x = 0, .ofs_y = 5},
    {.bitmap_index = 25179, .adv_w = 115, .box_w = 7, .box_h = 2, .ofs_x = 0, .ofs_y = 5},
    {.bitmap_index = 25186, .adv_w = 208, .box_w = 12, .box_h = 2, .ofs_x = 0, .ofs_y = 6},
    {.bitmap_index = 25198, .adv_w = 160, .box_w = 10, .box_h = 2, .ofs_x = 0, .ofs_y = 5},
    {.bitmap_index = 25208, .adv_w = 320, .box_w = 20, .box_h = 2, .ofs_x = 0, .ofs_y = 5},
    {.bitmap_index = 25228, .adv_w = 320, .box_w = 20, .box_h = 2, .ofs_x = 0, .ofs_y = 5},
    {.bitmap_index = 25248, .adv_w = 153, .box_w = 6, .box_h = 24, .ofs_x = 2, .ofs_y = -5},
    {.bitmap_index = 25320, .adv_w = 145, .box_w = 11, .box_h = 4, .ofs_x = -1, .ofs_y = -4},
    {.bitmap_index = 25342, .adv_w = 83, .box_w = 4, .box_h = 6, .ofs_x = 1, .ofs_y = 8},
    {.bitmap_index = 25354, .adv_w = 83, .box_w = 4, .box_h = 6, .ofs_x = 1, .ofs_y = 9},
    {.bitmap_index = 25366, .adv_w = 77, .box_w = 4, .box_h = 6, .ofs_x = 1, .ofs_y = -3},
    {.bitmap_index = 25378, .adv_w = 83, .box_w = 4, .box_h = 6, .ofs_x = 0, .ofs_y = 8},
    {.bitmap_index = 25390, .adv_w = 141, .box_w = 8, .box_h = 6, .ofs_x = 1, .ofs_y = 8},
    {.bitmap_index = 25414, .adv_w = 141, .box_w = 8, .box_h = 6, .ofs_x = 1, .ofs_y = 9},
    {.bitmap_index = 25438, .adv_w = 135, .box_w = 7, .box_h = 6, .ofs_x = 1, .ofs_y = -3},
    {.bitmap_index = 25459, .adv_w = 141, .box_w = 8, .box_h = 6, .ofs_x = 0, .ofs_y = 8},
    {.bitmap_index = 25483, .adv_w = 157, .box_w = 8, .box_h = 11, .ofs_x = 1, .ofs_y = 3},
    {.bitmap_index = 25527, .adv_w = 157, .box_w = 8, .box_h = 14, .ofs_x = 1, .ofs_y = 0},
    {.bitmap_index = 25583, .adv_w = 180, .box_w = 7, .box_h = 7, .ofs_x = 2, .ofs_y = 3},
    {.bitmap_index = 25608, .adv_w = 180, .box_w = 6, .box_h = 7, .ofs_x = 3, .ofs_y = 2},
    {.bitmap_index = 25629, .adv_w = 92, .box_w = 4, .box_h = 3, .ofs_x = 1, .ofs_y = 0},
    {.bitmap_index = 25635, .adv_w = 184, .box_w = 9, .box_h = 3, .ofs_x = 1, .ofs_y = 0},
    {.bitmap_index = 25649, .adv_w = 277, .box_w = 15, .box_h = 3, .ofs_x = 1, .ofs_y = 0},
    {.bitmap_index = 25672, .adv_w = 92, .box_w = 4, .box_h = 3, .ofs_x = 1, .ofs_y = 6},
    {.bitmap_index = 25678, .adv_w = 58, .box_w = 0, .box_h = 0, .ofs_x = 0, .ofs_y = 0},
    {.bitmap_index = 25678, .adv_w = 427, .box_w = 23, .box_h = 14, .ofs_x = 2, .ofs_y = 0},
    {.bitmap_index = 25839, .adv_w = 540, .box_w = 30, .box_h = 14, .ofs_x = 2, .ofs_y = 0},
    {.bitmap_index = 26049, .adv_w = 71, .box_w = 3, .box_h = 6, .ofs_x = 1, .ofs_y = 8},
    {.bitmap_index = 26058, .adv_w = 142, .box_w = 7, .box_h = 6, .ofs_x = 1, .ofs_y = 8},
    {.bitmap_index = 26079, .adv_w = 212, .box_w = 12, .box_h = 6, .ofs_x = 1, .ofs_y = 8},
    {.bitmap_index = 26115, .adv_w = 71, .box_w = 3, .box_h = 6, .ofs_x = 1, .ofs_y = 8},
    {.bitmap_index = 26124, .adv_w = 142, .box_w = 7, .box_h = 6, .ofs_x = 1, .ofs_y = 8},
    {.bitmap_index = 26145, .adv_w = 212, .box_w = 12, .box_h = 6, .ofs_x = 1, .ofs_y = 8},
    {.bitmap_index = 26181, .adv_w = 146, .box_w = 9, .box_h = 5, .ofs_x = 0, .ofs_y = -5},
    {.bitmap_index = 26204, .adv_w = 123, .box_w = 7, .box_h = 10, .ofs_x = 0, .ofs_y = 1},
    {.bitmap_index = 26239, .adv_w = 123, .box_w = 7, .box_h = 10, .ofs_x = 0, .ofs_y = 1},
    {.bitmap_index = 26274, .adv_w = 205, .box_w = 11, .box_h = 11, .ofs_x = 1, .ofs_y = 1},
    {.bitmap_index = 26335, .adv_w = 184, .box_w = 9, .box_h = 14, .ofs_x = 1, .ofs_y = 0},
    {.bitmap_index = 26398, .adv_w = 162, .box_w = 10, .box_h = 14, .ofs_x = 0, .ofs_y = 0},
    {.bitmap_index = 26468, .adv_w = 173, .box_w = 10, .box_h = 2, .ofs_x = 0, .ofs_y = 15},
    {.bitmap_index = 26478, .adv_w = 261, .box_w = 16, .box_h = 4, .ofs_x = 0, .ofs_y = -5},
    {.bitmap_index = 26510, .adv_w = 261, .box_w = 16, .box_h = 4, .ofs_x = 0, .ofs_y = 10},
    {.bitmap_index = 26542, .adv_w = 145, .box_w = 9, .box_h = 11, .ofs_x = 0, .ofs_y = -5},
    {.bitmap_index = 26592, .adv_w = 231, .box_w = 13, .box_h = 13, .ofs_x = 1, .ofs_y = 1},
    {.bitmap_index = 26677, .adv_w = 180, .box_w = 6, .box_h = 2, .ofs_x = 3, .ofs_y = 5},
    {.bitmap_index = 26683, .adv_w = 61, .box_w = 12, .box_h = 14, .ofs_x = -4, .ofs_y = 0},
    {.bitmap_index = 26767, .adv_w = 117, .box_w = 5, .box_h = 19, .ofs_x = 2, .ofs_y = -3},
    {.bitmap_index = 26815, .adv_w = 117, .box_w = 5, .box_h = 19, .ofs_x = 1, .ofs_y = -3},
    {.bitmap_index = 26863, .adv_w = 327, .box_w = 20, .box_h = 14, .ofs_x = 0, .ofs_y = 0},
    {.bitmap_index = 27003, .adv_w = 256, .box_w = 15, .box_h = 14, .ofs_x = 0, .ofs_y = 0},
    {.bitmap_index = 27108, .adv_w = 256, .box_w = 14, .box_h = 14, .ofs_x = 1, .ofs_y = 0},
    {.bitmap_index = 27206, .adv_w = 142, .box_w = 8, .box_h = 15, .ofs_x = 0, .ofs_y = -4},
    {.bitmap_index = 27266, .adv_w = 193, .box_w = 10, .box_h = 14, .ofs_x = 1, .ofs_y = 0},
    {.bitmap_index = 27336, .adv_w = 189, .box_w = 10, .box_h = 8, .ofs_x = 1, .ofs_y = 2},
    {.bitmap_index = 27376, .adv_w = 189, .box_w = 10, .box_h = 8, .ofs_x = 1, .ofs_y = 2},
    {.bitmap_index = 27416, .adv_w = 160, .box_w = 8, .box_h = 9, .ofs_x = 1, .ofs_y = -1},
    {.bitmap_index = 27452, .adv_w = 97, .box_w = 4, .box_h = 14, .ofs_x = 1, .ofs_y = -3},
    {.bitmap_index = 27480, .adv_w = 260, .box_w = 16, .box_h = 20, .ofs_x = 0, .ofs_y = -6},
    {.bitmap_index = 27640, .adv_w = 173, .box_w = 8, .box_h = 18, .ofs_x = 2, .ofs_y = -4},
    {.bitmap_index = 27712, .adv_w = 236, .box_w = 13, .box_h = 14, .ofs_x = 1, .ofs_y = 0},
    {.bitmap_index = 27803, .adv_w = 232, .box_w = 13, .box_h = 4, .ofs_x = 1, .ofs_y = 5},
    {.bitmap_index = 27829, .adv_w = 261, .box_w = 16, .box_h = 4, .ofs_x = 0, .ofs_y = -5},
    {.bitmap_index = 27861, .adv_w = 176, .box_w = 9, .box_h = 9, .ofs_x = 1, .ofs_y = 1},
    {.bitmap_index = 27902, .adv_w = 282, .box_w = 16, .box_h = 6, .ofs_x = 1, .ofs_y = 8},
    {.bitmap_index = 27950, .adv_w = 90, .box_w = 0, .box_h = 0, .ofs_x = 0, .ofs_y = 0}
};

/*---------------------
 *  CHARACTER MAPPING
 *--------------------*/

static const uint16_t unicode_list_7[] = {
    0x00, 0x08
};

/*Collect the unicode lists and glyph_id offsets*/
static const lv_font_fmt_txt_cmap_t cmaps[] =
{
    {
        .range_start = 32, .range_length = 95, .glyph_id_start = 1,
        .unicode_list = NULL, .glyph_id_ofs_list = NULL, .list_length = 0, .type = LV_FONT_FMT_TXT_CMAP_FORMAT0_TINY
    },
    {
        .range_start = 160, .range_length = 13, .glyph_id_start = 96,
        .unicode_list = NULL, .glyph_id_ofs_list = NULL, .list_length = 0, .type = LV_FONT_FMT_TXT_CMAP_FORMAT0_TINY
    },
    {
        .range_start = 174, .range_length = 155, .glyph_id_start = 109,
        .unicode_list = NULL, .glyph_id_ofs_list = NULL, .list_length = 0, .type = LV_FONT_FMT_TXT_CMAP_FORMAT0_TINY
    },
    {
        .range_start = 330, .range_length = 54, .glyph_id_start = 264,
        .unicode_list = NULL, .glyph_id_ofs_list = NULL, .list_length = 0, .type = LV_FONT_FMT_TXT_CMAP_FORMAT0_TINY
    },
    {
        .range_start = 8192, .range_length = 12, .glyph_id_start = 318,
        .unicode_list = NULL, .glyph_id_ofs_list = NULL, .list_length = 0, .type = LV_FONT_FMT_TXT_CMAP_FORMAT0_TINY
    },
    {
        .range_start = 8208, .range_length = 24, .glyph_id_start = 330,
        .unicode_list = NULL, .glyph_id_ofs_list = NULL, .list_length = 0, .type = LV_FONT_FMT_TXT_CMAP_FORMAT0_TINY
    },
    {
        .range_start = 8239, .range_length = 39, .glyph_id_start = 354,
        .unicode_list = NULL, .glyph_id_ofs_list = NULL, .list_length = 0, .type = LV_FONT_FMT_TXT_CMAP_FORMAT0_TINY
    },
    {
        .range_start = 8279, .range_length = 9, .glyph_id_start = 393,
        .unicode_list = unicode_list_7, .glyph_id_ofs_list = NULL, .list_length = 2, .type = LV_FONT_FMT_TXT_CMAP_SPARSE_TINY
    }
};

/*-----------------
 *    KERNING
 *----------------*/

/*Map glyph_ids to kern left classes*/
static const uint8_t kern_left_class_mapping[] =
{
    0, 0, 0, 1, 0, 0, 2, 3,
    1, 4, 5, 6, 7, 8, 7, 8,
    9, 10, 11, 12, 13, 14, 15, 16,
    17, 13, 10, 18, 18, 0, 19, 20,
    0, 21, 0, 0, 0, 0, 0, 0,
    0, 0, 0, 0, 0, 0, 0, 0,
    0, 0, 0, 0, 0, 0, 0, 0,
    0, 0, 0, 0, 4, 22, 5, 6,
    23, 0, 0, 0, 0, 0, 0, 0,
    0, 0, 0, 0, 0, 0, 0, 0,
    0, 0, 0, 0, 0, 0, 0, 0,
    0, 0, 0, 0, 4, 11, 5, 7,
    0, 24, 25, 0, 0, 0, 0, 0,
    0, 21, 0, 0, 0, 26, 0, 6,
    19, 0, 0, 0, 27, 11, 28, 0,
    0, 0, 29, 0, 0, 0, 30, 0,
    0, 0, 0, 0, 0, 0, 0, 0,
    0, 0, 0, 0, 0, 0, 0, 0,
    0, 0, 0, 0, 0, 0, 31, 0,
    0, 0, 0, 0, 0, 0, 0, 0,
    0, 0, 0, 0, 0, 0, 0, 0,
    0, 0, 0, 0, 0, 0, 0, 0,
    0, 0, 0, 0, 0, 0, 7, 0,
    0, 0, 0, 0, 0, 0, 0, 0,
    0, 0, 0, 0, 0, 0, 0, 0,
    0, 0, 0, 0, 0, 0, 0, 0,
    0, 0, 0, 0, 0, 0, 0, 0,
    0, 0, 0, 0, 0, 0, 0, 0,
    0, 0, 0, 0, 0, 0, 0, 0,
    0, 0, 0, 0, 0, 0, 0, 0,
    0, 0, 0, 0, 0, 0, 0, 0,
    0, 0, 0, 0, 0, 0, 0, 0,
    0, 0, 0, 0, 0, 0, 0, 0,
    0, 0, 0, 0, 0, 0, 0, 0,
    0, 0, 0, 0, 0, 0, 0, 0,
    0, 0, 0, 0, 0, 0, 0, 0,
    0, 0, 0, 0, 0, 0, 0, 0,
    0, 0, 0, 0, 0, 0, 0, 0,
    0, 0, 0, 0, 0, 0, 0, 0,
    0, 0, 0, 0, 0, 0, 0, 0,
    0, 0, 0, 0, 0, 0, 0, 0,
    0, 0, 0, 0, 0, 0, 0, 0,
    0, 0, 32, 33, 34, 0, 32, 33,
    34, 0, 35, 35, 31, 31, 0, 0,
    36, 0, 0, 0, 0, 0, 0, 33,
    0, 0, 0, 0, 0, 29, 0, 0,
    0, 0, 0, 0, 0, 0, 31, 0,
    0, 0, 0, 0, 0, 0, 37, 38,
    31, 0, 18, 0, 0, 0, 0, 0,
    0, 0, 0
};

/*Map glyph_ids to kern right classes*/
static const uint8_t kern_right_class_mapping[] =
{
    0, 0, 0, 1, 2, 0, 0, 3,
    1, 0, 4, 5, 6, 7, 6, 8,
    9, 10, 11, 12, 13, 14, 15, 10,
    16, 17, 18, 19, 19, 20, 21, 0,
    22, 23, 0, 0, 0, 0, 0, 0,
    0, 0, 0, 0, 0, 0, 0, 0,
    0, 0, 0, 0, 0, 0, 0, 0,
    0, 0, 0, 0, 0, 24, 4, 5,
    25, 0, 0, 0, 0, 0, 0, 0,
    0, 0, 0, 0, 0, 0, 0, 0,
    0, 0, 0, 0, 0, 0, 0, 0,
    0, 0, 0, 0, 0, 26, 4, 27,
    0, 0, 28, 0, 0, 0, 0, 0,
    0, 23, 0, 29, 30, 31, 0, 5,
    21, 0, 0, 0, 32, 33, 6, 0,
    0, 0, 34, 0, 0, 0, 35, 0,
    0, 0, 0, 0, 0, 0, 0, 0,
    0, 0, 0, 0, 0, 0, 0, 0,
    0, 0, 0, 0, 0, 0, 34, 0,
    0, 0, 0, 0, 0, 0, 0, 0,
    0, 0, 0, 0, 0, 0, 0, 0,
    0, 0, 0, 0, 0, 0, 0, 0,
    0, 0, 0, 0, 0, 0, 6, 0,
    0, 0, 0, 0, 0, 0, 0, 0,
    0, 0, 0, 0, 0, 0, 0, 0,
    0, 0, 0, 0, 0, 0, 0, 0,
    0, 0, 0, 0, 0, 0, 0, 0,
    0, 0, 0, 0, 0, 0, 0, 0,
    0, 0, 0, 0, 0, 0, 0, 0,
    0, 0, 0, 0, 0, 0, 0, 0,
    0, 0, 0, 0, 0, 0, 0, 0,
    0, 0, 0, 0, 0, 0, 0, 0,
    0, 0, 0, 0, 0, 0, 0, 0,
    0, 0, 0, 0, 0, 0, 0, 0,
    0, 0, 0, 0, 0, 0, 0, 0,
    0, 0, 0, 0, 0, 0, 0, 0,
    0, 0, 0, 0, 0, 0, 0, 0,
    0, 0, 0, 0, 0, 0, 0, 0,
    0, 0, 0, 0, 0, 0, 0, 0,
    0, 0, 0, 0, 0, 0, 0, 0,
    0, 0, 0, 0, 0, 0, 0, 0,
    0, 0, 0, 0, 0, 0, 0, 0,
    0, 0, 36, 37, 38, 39, 36, 37,
    38, 40, 41, 41, 34, 34, 0, 0,
    42, 0, 0, 0, 0, 0, 0, 37,
    0, 0, 0, 0, 29, 34, 0, 0,
    22, 0, 0, 0, 0, 0, 34, 43,
    0, 0, 0, 0, 0, 44, 26, 34,
    45, 0, 19, 0, 0, 0, 0, 0,
    0, 0, 0
};

/*Kern values between classes*/
static const int8_t kern_class_values[] =
{
    0, 0, -11, 0, 0, 0, -26, -26,
    0, 0, 0, 0, 0, -20, 0, 0,
    0, 0, 0, 0, 0, 0, 0, 0,
    0, 0, 0, -5, 0, 0, 0, 0,
    0, 0, 0, 0, 0, 0, 0, 0,
    0, -26, 0, 0, 0, 0, 0, 0,
    0, 0, 0, 0, 0, 0, 0, 0,
    0, 0, 0, 0, 0, 0, 0, 0,
    0, 0, 0, 0, 0, 0, 0, 0,
    0, 0, 0, 0, 0, 0, 0, 0,
    -20, -22, 0, 0, 0, 0, 0, 0,
    0, 0, -11, 0, 0, 0, 0, 0,
    0, 0, 0, 0, 0, 0, 0, 0,
    0, 0, 0, 0, 0, 0, 0, 0,
    0, -20, 0, 0, 0, 0, 0, 0,
    -7, 0, 0, 0, 0, -29, 0, 0,
    0, 0, -13, 0, 0, 0, 0, 0,
    0, 0, 0, 0, 0, 0, 0, 0,
    0, 0, 0, 0, 0, 0, 0, 0,
    0, 0, 0, 0, 0, 0, 0, 0,
    0, 0, -4, 0, 0, 0, 0, 0,
    0, 0, 0, 0, 0, 0, 0, 0,
    0, 0, 0, 0, 0, 0, 0, 0,
    0, 0, 0, 0, 0, 0, 0, 0,
    0, 0, 0, 0, 0, 0, 0, 0,
    0, 0, 0, 0, 0, 0, 0, 0,
    0, 0, 0, 0, 0, 0, 0, -11,
    0, 0, 0, 0, 0, 0, 0, 0,
    0, 0, 0, -11, 0, 0, 0, -44,
    -44, 0, 0, 0, 0, 0, -15, 0,
    0, 0, 0, 0, 0, 0, 0, -4,
    0, -22, 0, 0, 0, 0, 0, 0,
    0, 0, 0, 0, 0, 0, 0, 0,
    0, 0, -44, 0, 0, 0, 0, 0,
    0, 0, 0, 0, 0, 0, 0, 0,
    0, -11, -4, 0, 0, -7, 0, 0,
    0, 0, 0, 0, 0, -16, 0, 0,
    0, 0, 0, 0, 0, 0, -5, 0,
    0, -20, 0, 0, 0, 0, 0, 0,
    0, 0, 0, -26, 0, 0, 0, 0,
    0, 0, 0, 0, -8, -28, 0, -9,
    0, -5, -5, -7, -2, 0, 0, 0,
    -28, -14, 0, 0, 0, 0, 0, 0,
    0, 0, 0, -16, 0, 0, 0, -18,
    0, -44, -44, 0, 0, 0, 0, 0,
    0, 0, 0, 0, 0, 0, -13, -13,
    0, 0, 0, 0, 0, 0, 0, 0,
    0, 0, 0, 0, 0, 0, 0, 0,
    0, 0, 0, 0, 0, 0, 0, 0,
    0, 0, 0, 0, 0, 0, 0, 0,
    0, -13, 0, 0, 0, 0, 0, 0,
    0, 0, 0, -8, -8, 0, 0, 0,
    0, 0, 0, 0, -6, 0, 0, 0,
    0, 0, 0, 0, -3, -15, 0, 0,
    0, 0, 0, 0, 0, 0, 0, 0,
    -15, 0, -16, 0, 0, 0, -8, 0,
    5, 0, 0, 0, 0, 0, 0, 0,
    0, 0, 0, 0, 0, 0, 0, 0,
    0, 0, 0, 0, 0, 0, 0, 0,
    0, 0, 0, 0, 0, 0, 0, 0,
    0, 0, 0, 0, 0, 0, 0, 0,
    0, 0, 0, 0, 0, 5, 0, 0,
    0, 0, 0, 0, 0, 0, 0, 0,
    0, 0, 0, 0, -5, 0, 0, 0,
    0, 0, 0, 0, 0, 0, 0, 0,
    0, 0, 0, 0, 0, 0, 0, 0,
    0, 0, 0, 0, 0, 0, 0, 0,
    0, 0, 0, 0, 0, 0, 0, 0,
    -5, 0, -7, -7, 0, 0, 0, 0,
    0, 0, 0, 0, 0, 0, 0, 0,
    0, 0, 0, 0, 0, 0, 0, 0,
    -11, 0, 0, 0, 0, 0, 0, 0,
    0, -16, 0, 0, 0, -7, 0, 0,
    0, 0, 0, 0, 0, -6, 0, -11,
    -11, 0, 0, -6, 0, 0, 0, 0,
    0, 0, 0, 0, 0, 0, 0, 0,
    0, 0, 0, 0, 0, 0, 0, -2,
    0, -12, 0, 0, 0, 0, 0, 0,
    0, 0, -11, 0, 0, 0, 0, 0,
    0, 0, 0, 0, -9, -9, 0, 0,
    0, 0, 0, 0, 0, 0, 0, 0,
    0, 0, 0, 0, 0, 0, 0, 0,
    0, 0, 0, 0, -2, 0, 0, 0,
    0, 0, 0, 0, 0, 0, 0, -9,
    0, 0, 0, 0, 0, 0, 0, 0,
    0, -11, -11, 0, 0, 0, 0, 0,
    0, 0, 0, 0, 0, 0, 0, 0,
    0, 0, 0, -15, 0, 0, 0, 0,
    0, 0, 0, 0, 0, 0, 0, 0,
    -15, 0, 0, 0, -11, 0, 0, 0,
    0, -18, -15, 0, 0, 0, -40, -40,
    0, -5, 0, 0, -5, -19, -3, 6,
    -5, -3, -11, -29, 0, 0, 0, 0,
    -51, 0, 0, -16, -20, 0, 0, 0,
    0, 0, 0, 0, 0, -45, 0, 0,
    0, -40, 0, 0, -16, 0, 0, 0,
    0, 0, 0, 0, 0, 0, 0, 0,
    0, 0, 0, 0, 0, 0, 0, 0,
    0, 0, 0, 0, -20, 0, 0, 0,
    0, 0, 0, 0, 0, 0, 0, 0,
    -15, 0, 0, 0, 0, 0, 0, 0,
    0, 0, 0, 0, 0, 0, 0, 0,
    0, 0, 0, 0, 0, 0, 0, 0,
    0, 0, 0, 0, 0, 0, 0, 0,
    0, -22, 0, 0, 0, 0, 0, 0,
    0, 0, 0, 0, 0, -18, 0, 0,
    0, 0, 0, 0, 0, 0, 0, 0,
    0, 0, 0, 0, 0, 0, 0, 0,
    0, 0, 0, 0, 0, 0, -24, 0,
    0, 0, 0, 0, 0, 0, -24, 0,
    0, 0, 0, 0, 0, 0, 0, 0,
    0, 0, -31, 0, 0, 0, 0, 0,
    0, 0, 0, 0, 0, 0, 0, 0,
    0, 0, -14, -14, -13, 0, 0, 0,
    0, 0, 0, 0, 0, 0, 0, 0,
    0, 0, 0, -11, -13, 0, 0, 0,
    0, 0, -2, 0, 0, 0, 0, -11,
    0, -13, 0, 0, 0, -14, 0, 0,
    0, -25, 0, 0, 0, -25, -11, 0,
    0, 6, 0, -11, 0, 0, 0, 0,
    0, 0, 0, 0, 0, -16, -20, -11,
    -16, 0, 0, -11, 0, -11, -11, -23,
    0, -16, -11, 0, -14, -18, 0, 0,
    0, -24, 0, -2, -6, 0, 0, 0,
    0, 0, -22, 0, 0, 0, 0, -15,
    -35, 0, -15, -18, -15, 0, -15, -15,
    0, 0, 0, 0, -13, -25, 0, 11,
    0, 0, 0, 0, 0, 0, -15, 0,
    0, -13, 0, 0, 0, 0, 0, 0,
    0, 0, 11, 0, 0, 0, 0, 0,
    0, 0, 0, 0, 0, 0, 0, 0,
    0, 0, 0, 0, 0, 0, 0, 0,
    0, 0, -11, 0, 0, 0, 0, 0,
    0, 0, 0, 0, 0, 0, -11, 0,
    0, 0, 0, 0, 0, 0, 0, 0,
    -5, 0, 0, -4, 0, 0, 0, 0,
    0, 0, -11, 0, 0, 0, 0, 0,
    0, 0, 0, 0, 0, 0, 0, -16,
    0, 0, 0, 0, 0, 0, -4, 0,
    0, 0, 0, -20, -8, 0, 0, 0,
    -11, 0, 0, 0, 0, 0, 0, -11,
    0, 0, 0, 0, 0, 0, 0, 0,
    0, 0, -16, 0, 0, 0, 0, 0,
    0, 0, 0, -2, 0, 0, 0, 0,
    -9, 0, 0, 0, 0, 0, 0, 0,
    0, 0, 0, 0, 0, 0, 0, 0,
    0, 0, 0, 0, 0, 0, 0, -13,
    0, 0, -11, 0, 0, 0, 0, 0,
    0, 0, 0, 0, 0, -13, 0, 0,
    0, 0, -11, 0, -13, 0, 0, -11,
    0, 0, 0, 0, 0, -16, 5, 0,
    0, 0, 0, 0, 0, 0, 0, 0,
    0, 0, 0, 0, 0, 0, 0, 0,
    0, 0, -11, -4, 0, 0, -7, 0,
    0, 0, 0, 0, 0, 0, -13, 0,
    0, 0, 0, 0, 0, 0, 0, -5,
    0, 0, -20, 0, 0, 0, 0, 0,
    0, 0, 0, 0, 0, 0, 0, 0,
    0, 0, 0, 0, 0, 0, -13, -16,
    -15, 0, 0, -16, -11, 0, 0, 0,
    0, 0, 0, -20, 0, 0, 0, 0,
    0, 0, 0, 0, 0, 0, 0, -27,
    0, 0, 0, 0, 0, 0, 0, 0,
    0, 0, 0, 0, 0, 0, 0, 0,
    0, 0, 0, 0, 0, 0, 0, 0,
    0, 0, 0, 0, 0, 0, 0, 0,
    -25, 0, 0, 0, 0, 0, 0, 0,
    0, 0, 0, 0, -20, -11, 0, 0,
    0, 0, 0, 0, 0, 0, 0, 0,
    0, 0, 0, 0, 0, 0, 0, 0,
    0, 0, 0, 0, 0, 0, 0, 0,
    0, 0, 0, 0, 0, -13, 0, 0,
    0, 0, 0, 0, 0, 0, 0, 0,
    0, 0, 0, 0, 0, 0, 0, 0,
    0, 0, 0, 0, 0, -20, 0, 0,
    0, -27, -27, -31, 0, 0, 0, 0,
    -20, 0, 0, 0, 0, 0, 0, 0,
    0, 0, 0, 0, 0, 0, -12, 0,
    0, 0, 0, 0, 0, -20, 0, 0,
    -20, 0, 0, 0, -27, 0, 0, 0,
    0, -40, -22, 0, 0, -20, -32, -32,
    -45, -15, 0, 0, 0, -31, 0, -20,
    -13, 0, -18, -31, -18, 0, -18, 0,
    -13, 0, -15, -20, -27, -20, 0, -15,
    -4, 0, -22, 0, 0, 0, 0, 0,
    0, -32, 0, 5, -7, 0, 0, 0,
    0, 0, 0, 0, 0, 0, 0, -22,
    0, 0, 0, 0, 0, 0, 0, 0,
    0, 0, 0, 0, -29, 0, 0, 0,
    0, 0, 0, 0, 0, 0, 0, 0,
    -40, -31, 0, 0, 0, 0, 0, 0,
    0, 0, 0, 0, -13, 0, 0, 0,
    0, 0, 0, 0, 0, 0, 0, 0,
    0, 0, 0, 0, 0, 0, 0, 0,
    0, 0, 0, 0, 0, -11, 0, 0,
    0, 0, 0, 0, 0, 0, 0, 0,
    0, 0, 0, 0, 0, 0, 0, -26,
    0, 0, 0, 0, 0, 0, 0, 0,
    -8, -28, 0, -9, 0, -5, -5, -7,
    -2, 0, 0, 0, -28, -14, 0, 0,
    0, 0, 0, 0, 0, 0, 0, -16,
    0, 0, 0, -18, 0, -44, -58, 0,
    0, 0, 0, 0, 0, 0, -11, 0,
    0, -15, -13, -11, 0, 0, 0, 0,
    0, 0, 0, 0, 0, 0, 0, 0,
    0, 0, 0, 0, 0, 0, -15, -2,
    0, -15, 0, 0, 0, 0, 0, 0,
    0, -45, 0, 0, 0, -31, 0, 0,
    0, 0, 0, 0, 0, 0, 0, 0,
    0, 0, 0, -13, 0, 0, 0, 0,
    0, 0, 0, 0, 0, 0, 0, 0,
    -16, 0, 0, 0, 0, 0, 0, -3,
    0, 0, 0, 0, -15, -6, 0, 0,
    0, 0, 0, 0, 0, 0
};

/*Collect the kern class' data in one place*/
static const lv_font_fmt_txt_kern_classes_t kern_classes =
{
    .class_pair_values   = kern_class_values,
    .left_class_mapping  = kern_left_class_mapping,
    .right_class_mapping = kern_right_class_mapping,
    .left_class_cnt      = 38,
    .right_class_cnt     = 45,
};

/*--------------------
 *  ALL CUSTOM DATA
 *--------------------*/

#if LVGL_VERSION_MAJOR == 8
/*Store all the custom data of the font*/
static  lv_font_fmt_txt_glyph_cache_t cache;
#endif

#if LVGL_VERSION_MAJOR >= 8
static const lv_font_fmt_txt_dsc_t font_dsc = {
#else
static lv_font_fmt_txt_dsc_t font_dsc = {
#endif
    .glyph_bitmap = glyph_bitmap,
    .glyph_dsc = glyph_dsc,
    .cmaps = cmaps,
    .kern_dsc = &kern_classes,
    .kern_scale = 16,
    .cmap_num = 8,
    .bpp = 4,
    .kern_classes = 1,
    .bitmap_format = 0,
#if LVGL_VERSION_MAJOR == 8
    .cache = &cache
#endif

};



/*-----------------
 *  PUBLIC FONT
 *----------------*/

/*Initialize a public general font descriptor*/
#if LVGL_VERSION_MAJOR >= 8
const lv_font_t font_inter_regular_20_data = {
#else
lv_font_t font_inter_regular_20_data = {
#endif
    .get_glyph_dsc = lv_font_get_glyph_dsc_fmt_txt,    /*Function pointer to get glyph's data*/
    .get_glyph_bitmap = lv_font_get_bitmap_fmt_txt,    /*Function pointer to get glyph's bitmap*/
    .line_height = 27,          /*The maximum line height required by the font*/
    .base_line = 6,             /*Baseline measured from the bottom of the line*/
#if LV_VERSION_CHECK(9, 6, 0) || LVGL_VERSION_MAJOR >= 10
    .cap_height = 15,           /*Cap height of the font*/
    .x_height = 11,               /*x-height of the font*/
#endif
#if !(LVGL_VERSION_MAJOR == 6 && LVGL_VERSION_MINOR == 0)
    .subpx = LV_FONT_SUBPX_NONE,
#endif
#if LV_VERSION_CHECK(7, 4, 0) || LVGL_VERSION_MAJOR >= 8
    .underline_position = -3,
    .underline_thickness = 1,
#endif

#if LV_VERSION_CHECK(9, 3, 0)
    .static_bitmap = 1,    /*Bitmaps are stored as const so they are always static if not compressed */
#endif

    .dsc = &font_dsc,          /*The custom font data. Will be accessed by `get_glyph_bitmap/dsc` */
#if LV_VERSION_CHECK(8, 2, 0) || LVGL_VERSION_MAJOR >= 9
    .fallback = NULL,
#endif
    .user_data = NULL,
};



#endif /*#if FONT_INTER_REGULAR_20_DATA*/
