/*******************************************************************************
 * Size: 21 px
 * Bpp: 4
 * Opts: --font /fonts/Inter-SemiBold.ttf -o /fonts/font_inter_semi_bold_21_data.c --size 21 --bpp 4 --format lvgl --no-compress --symbols ·ÁÃÄÇÈÉÍÓÖÚÜßàáâãäçèéêíîñóõöúûüŐő–• --range 0x20-0x7F, 0xA0-0xFF, 0x0100-0x017F, 0x2000-0x206F
 ******************************************************************************/

#ifdef __has_include
    #if __has_include("lvgl.h")
        #ifndef LV_LVGL_H_INCLUDE_SIMPLE
            #define LV_LVGL_H_INCLUDE_SIMPLE
        #endif
    #endif
#endif

#ifdef LV_LVGL_H_INCLUDE_SIMPLE
    #include "lvgl.h"
#else
    #include "lvgl/lvgl.h"
#endif



#ifndef FONT_INTER_SEMI_BOLD_21_DATA
#define FONT_INTER_SEMI_BOLD_21_DATA 1
#endif

#if FONT_INTER_SEMI_BOLD_21_DATA

/*-----------------
 *    BITMAPS
 *----------------*/

/*Store the image of the glyphs*/
static LV_ATTRIBUTE_LARGE_CONST const uint8_t glyph_bitmap[] = {
    /* U+0020 " " */

    /* U+0021 "!" */
    0x1f, 0xfc, 0x00, 0xff, 0xc0, 0x0f, 0xfc, 0x00,
    0xff, 0xc0, 0x0f, 0xfb, 0x00, 0xff, 0xb0, 0x0f,
    0xfb, 0x00, 0xff, 0xa0, 0x0e, 0xfa, 0x00, 0xef,
    0xa0, 0x0b, 0xc7, 0x00, 0x00, 0x00, 0x01, 0x40,
    0x01, 0xff, 0xc0, 0x3f, 0xff, 0x00, 0xbf, 0x80,

    /* U+0022 "\"" */
    0xdf, 0xb0, 0xbf, 0xdd, 0xfa, 0x0b, 0xfc, 0xcf,
    0x90, 0xaf, 0xcb, 0xf9, 0x09, 0xfb, 0xbf, 0x80,
    0x9f, 0xaa, 0xf7, 0x08, 0xfa, 0x36, 0x20, 0x36,
    0x30,

    /* U+0023 "#" */
    0x00, 0x00, 0xcf, 0x40, 0x06, 0xfa, 0x00, 0x00,
    0x00, 0xff, 0x10, 0x09, 0xf7, 0x00, 0x00, 0x01,
    0xff, 0x00, 0x0b, 0xf5, 0x00, 0x00, 0x04, 0xfc,
    0x00, 0x0e, 0xf2, 0x00, 0x09, 0xff, 0xff, 0xff,
    0xff, 0xff, 0xf2, 0x0b, 0xff, 0xff, 0xff, 0xff,
    0xff, 0xf0, 0x02, 0x2e, 0xf7, 0x22, 0x8f, 0xd2,
    0x20, 0x00, 0x0e, 0xf2, 0x00, 0x8f, 0x80, 0x00,
    0x00, 0x0f, 0xf0, 0x00, 0xaf, 0x60, 0x00, 0x02,
    0x5f, 0xf2, 0x22, 0xff, 0x62, 0x00, 0x7f, 0xff,
    0xff, 0xff, 0xff, 0xff, 0x40, 0xaf, 0xff, 0xff,
    0xff, 0xff, 0xff, 0x10, 0x00, 0xaf, 0x60, 0x05,
    0xfc, 0x00, 0x00, 0x00, 0xdf, 0x30, 0x07, 0xf9,
    0x00, 0x00, 0x00, 0xff, 0x10, 0x0a, 0xf7, 0x00,
    0x00, 0x02, 0xfe, 0x00, 0x0c, 0xf4, 0x00, 0x00,

    /* U+0024 "$" */
    0x00, 0x00, 0x00, 0xb8, 0x00, 0x00, 0x00, 0x00,
    0x00, 0x0b, 0x80, 0x00, 0x00, 0x00, 0x01, 0x8d,
    0xff, 0xd8, 0x10, 0x00, 0x04, 0xff, 0xff, 0xff,
    0xfe, 0x30, 0x01, 0xff, 0xfa, 0xff, 0xcf, 0xfe,
    0x00, 0x7f, 0xf7, 0x0b, 0x80, 0x9f, 0xf4, 0x09,
    0xff, 0x30, 0xb8, 0x01, 0x77, 0x30, 0x7f, 0xf9,
    0x0b, 0x80, 0x00, 0x00, 0x02, 0xff, 0xfd, 0xfb,
    0x00, 0x00, 0x00, 0x03, 0xef, 0xff, 0xfe, 0x92,
    0x00, 0x00, 0x00, 0x6b, 0xff, 0xff, 0xf6, 0x00,
    0x00, 0x00, 0x0c, 0xca, 0xff, 0xf3, 0x00, 0x00,
    0x00, 0xb8, 0x05, 0xff, 0x90, 0xcd, 0xa0, 0x0b,
    0x80, 0x1f, 0xfa, 0x0c, 0xff, 0x30, 0xb8, 0x07,
    0xff, 0x80, 0x5f, 0xff, 0xaf, 0xfb, 0xff, 0xf2,
    0x00, 0x8f, 0xff, 0xff, 0xff, 0xf5, 0x00, 0x00,
    0x3a, 0xef, 0xfd, 0x92, 0x00, 0x00, 0x00, 0x00,
    0xb8, 0x00, 0x00, 0x00, 0x00, 0x00, 0x0b, 0x80,
    0x00, 0x00,

    /* U+0025 "%" */
    0x07, 0xef, 0xc3, 0x00, 0x00, 0x00, 0x9f, 0x60,
    0x00, 0x7f, 0xec, 0xff, 0x10, 0x00, 0x03, 0xfc,
    0x00, 0x00, 0xdf, 0x20, 0x9f, 0x60, 0x00, 0x0d,
    0xf2, 0x00, 0x00, 0xff, 0x00, 0x7f, 0x70, 0x00,
    0x8f, 0x70, 0x00, 0x00, 0xdf, 0x20, 0x9f, 0x60,
    0x03, 0xfc, 0x00, 0x00, 0x00, 0x8f, 0xfd, 0xff,
    0x10, 0x0d, 0xf2, 0x00, 0x00, 0x00, 0x08, 0xef,
    0xc3, 0x00, 0x8f, 0x70, 0x00, 0x00, 0x00, 0x00,
    0x00, 0x00, 0x03, 0xfc, 0x00, 0x00, 0x00, 0x00,
    0x00, 0x00, 0x00, 0x0c, 0xf3, 0x00, 0x7b, 0xa4,
    0x00, 0x00, 0x00, 0x00, 0x7f, 0x80, 0x0b, 0xff,
    0xff, 0x50, 0x00, 0x00, 0x02, 0xfd, 0x00, 0x3f,
    0xd1, 0x4f, 0xd0, 0x00, 0x00, 0x0c, 0xf3, 0x00,
    0x6f, 0x90, 0x0f, 0xf0, 0x00, 0x00, 0x7f, 0x80,
    0x00, 0x6f, 0x80, 0x0e, 0xf0, 0x00, 0x02, 0xfd,
    0x00, 0x00, 0x4f, 0xc0, 0x2f, 0xe0, 0x00, 0x0c,
    0xf3, 0x00, 0x00, 0x0d, 0xfd, 0xef, 0x80, 0x00,
    0x6f, 0x90, 0x00, 0x00, 0x02, 0xbf, 0xe8, 0x00,

    /* U+0026 "&" */
    0x00, 0x01, 0xae, 0xfc, 0x50, 0x00, 0x00, 0x00,
    0x1e, 0xff, 0xff, 0xf6, 0x00, 0x00, 0x00, 0x8f,
    0xf7, 0x4c, 0xfe, 0x00, 0x00, 0x00, 0xbf, 0xb0,
    0x04, 0xff, 0x10, 0x00, 0x00, 0xbf, 0xc0, 0x07,
    0xfe, 0x00, 0x00, 0x00, 0x7f, 0xf3, 0x6f, 0xf7,
    0x00, 0x00, 0x00, 0x0e, 0xff, 0xff, 0xa0, 0x00,
    0x00, 0x00, 0x08, 0xff, 0xf7, 0x00, 0x00, 0x00,
    0x00, 0x7f, 0xff, 0xf8, 0x00, 0x5a, 0x80, 0x06,
    0xff, 0xbb, 0xff, 0x60, 0x9f, 0xc0, 0x0e, 0xfd,
    0x00, 0xcf, 0xf3, 0xdf, 0x90, 0x1f, 0xf9, 0x00,
    0x1d, 0xff, 0xff, 0x50, 0x0f, 0xfc, 0x00, 0x02,
    0xff, 0xfd, 0x00, 0x0a, 0xff, 0xb4, 0x59, 0xff,
    0xfd, 0x00, 0x01, 0xdf, 0xff, 0xff, 0xff, 0xff,
    0x80, 0x00, 0x08, 0xdf, 0xfc, 0x70, 0x9f, 0xf5,

    /* U+0027 "'" */
    0xdf, 0xbd, 0xfa, 0xcf, 0x9b, 0xf9, 0xbf, 0x8a,
    0xf7, 0x36, 0x20,

    /* U+0028 "(" */
    0x00, 0x07, 0xba, 0x00, 0x01, 0xff, 0x90, 0x00,
    0x8f, 0xf3, 0x00, 0x0d, 0xfd, 0x00, 0x02, 0xff,
    0x90, 0x00, 0x6f, 0xf5, 0x00, 0x0a, 0xff, 0x10,
    0x00, 0xdf, 0xe0, 0x00, 0x0f, 0xfb, 0x00, 0x00,
    0xff, 0xa0, 0x00, 0x1f, 0xf9, 0x00, 0x00, 0xff,
    0xa0, 0x00, 0x0f, 0xfc, 0x00, 0x00, 0xdf, 0xe0,
    0x00, 0x09, 0xff, 0x10, 0x00, 0x5f, 0xf5, 0x00,
    0x00, 0xff, 0xa0, 0x00, 0x0a, 0xff, 0x00, 0x00,
    0x3f, 0xf6, 0x00, 0x00, 0xbf, 0xd0,

    /* U+0029 ")" */
    0x0b, 0xb5, 0x00, 0x0c, 0xfe, 0x00, 0x05, 0xff,
    0x50, 0x00, 0xff, 0xb0, 0x00, 0xbf, 0xf0, 0x00,
    0x7f, 0xf4, 0x00, 0x3f, 0xf7, 0x00, 0x0f, 0xfa,
    0x00, 0x0e, 0xfc, 0x00, 0x0d, 0xfd, 0x00, 0x0c,
    0xfe, 0x00, 0x0d, 0xfd, 0x00, 0x0f, 0xfc, 0x00,
    0x1f, 0xfa, 0x00, 0x4f, 0xf7, 0x00, 0x8f, 0xf3,
    0x00, 0xdf, 0xd0, 0x03, 0xff, 0x70, 0x09, 0xff,
    0x10, 0x0f, 0xf8, 0x00,

    /* U+002A "*" */
    0x00, 0x03, 0xf8, 0x00, 0x00, 0x50, 0x2f, 0x70,
    0x40, 0x3f, 0xd4, 0xf7, 0x9f, 0x81, 0x9f, 0xff,
    0xff, 0xc3, 0x00, 0x4f, 0xff, 0x90, 0x02, 0xaf,
    0xff, 0xff, 0xd4, 0x2f, 0xb3, 0xf7, 0x8f, 0x70,
    0x30, 0x2f, 0x70, 0x30, 0x00, 0x03, 0xe7, 0x00,
    0x00,

    /* U+002B "+" */
    0x00, 0x00, 0x1f, 0xf3, 0x00, 0x00, 0x00, 0x00,
    0x1f, 0xf3, 0x00, 0x00, 0x00, 0x00, 0x1f, 0xf3,
    0x00, 0x00, 0x00, 0x00, 0x1f, 0xf3, 0x00, 0x00,
    0x1f, 0xff, 0xff, 0xff, 0xff, 0xf3, 0x1f, 0xff,
    0xff, 0xff, 0xff, 0xf3, 0x04, 0x44, 0x5f, 0xf7,
    0x44, 0x40, 0x00, 0x00, 0x1f, 0xf3, 0x00, 0x00,
    0x00, 0x00, 0x1f, 0xf3, 0x00, 0x00, 0x00, 0x00,
    0x1f, 0xf3, 0x00, 0x00, 0x00, 0x00, 0x08, 0x81,
    0x00, 0x00,

    /* U+002C "," */
    0x05, 0x65, 0x0f, 0xfa, 0x1f, 0xf6, 0x3f, 0xf1,
    0x6f, 0xd0, 0x8f, 0x80, 0xaf, 0x40,

    /* U+002D "-" */
    0x24, 0x44, 0x44, 0x41, 0x8f, 0xff, 0xff, 0xf5,
    0x8f, 0xff, 0xff, 0xf5,

    /* U+002E "." */
    0x02, 0x50, 0x1f, 0xfb, 0x3f, 0xff, 0x0b, 0xf7,

    /* U+002F "/" */
    0x00, 0x00, 0x0d, 0xf7, 0x00, 0x00, 0x1f, 0xf3,
    0x00, 0x00, 0x6f, 0xf0, 0x00, 0x00, 0xaf, 0xb0,
    0x00, 0x00, 0xef, 0x70, 0x00, 0x02, 0xff, 0x20,
    0x00, 0x06, 0xfe, 0x00, 0x00, 0x0a, 0xfa, 0x00,
    0x00, 0x0e, 0xf6, 0x00, 0x00, 0x3f, 0xf2, 0x00,
    0x00, 0x7f, 0xe0, 0x00, 0x00, 0xbf, 0xa0, 0x00,
    0x00, 0xff, 0x50, 0x00, 0x03, 0xff, 0x10, 0x00,
    0x07, 0xfd, 0x00, 0x00, 0x0c, 0xf9, 0x00, 0x00,
    0x0f, 0xf5, 0x00, 0x00, 0x4f, 0xf1, 0x00, 0x00,
    0x8f, 0xd0, 0x00, 0x00,

    /* U+0030 "0" */
    0x00, 0x06, 0xcf, 0xec, 0x50, 0x00, 0x00, 0xbf,
    0xff, 0xff, 0xfa, 0x00, 0x09, 0xff, 0xd7, 0x7e,
    0xff, 0x70, 0x2f, 0xfd, 0x00, 0x01, 0xef, 0xe0,
    0x7f, 0xf5, 0x00, 0x00, 0x8f, 0xf4, 0xbf, 0xf1,
    0x00, 0x00, 0x3f, 0xf9, 0xdf, 0xe0, 0x00, 0x00,
    0x0f, 0xfa, 0xef, 0xd0, 0x00, 0x00, 0x0f, 0xfc,
    0xef, 0xd0, 0x00, 0x00, 0x0f, 0xfc, 0xdf, 0xe0,
    0x00, 0x00, 0x0f, 0xfa, 0xbf, 0xf1, 0x00, 0x00,
    0x3f, 0xf9, 0x7f, 0xf5, 0x00, 0x00, 0x8f, 0xf5,
    0x2f, 0xfd, 0x00, 0x01, 0xef, 0xe0, 0x09, 0xff,
    0xd7, 0x7e, 0xff, 0x70, 0x00, 0xcf, 0xff, 0xff,
    0xfa, 0x00, 0x00, 0x06, 0xcf, 0xec, 0x50, 0x00,

    /* U+0031 "1" */
    0x00, 0x06, 0xff, 0xf5, 0x00, 0xaf, 0xff, 0xf5,
    0x0d, 0xff, 0xdf, 0xf5, 0x0f, 0xf5, 0x5f, 0xf5,
    0x0c, 0x20, 0x5f, 0xf5, 0x00, 0x00, 0x5f, 0xf5,
    0x00, 0x00, 0x5f, 0xf5, 0x00, 0x00, 0x5f, 0xf5,
    0x00, 0x00, 0x5f, 0xf5, 0x00, 0x00, 0x5f, 0xf5,
    0x00, 0x00, 0x5f, 0xf5, 0x00, 0x00, 0x5f, 0xf5,
    0x00, 0x00, 0x5f, 0xf5, 0x00, 0x00, 0x5f, 0xf5,
    0x00, 0x00, 0x5f, 0xf5, 0x00, 0x00, 0x5f, 0xf5,

    /* U+0032 "2" */
    0x00, 0x3a, 0xef, 0xea, 0x20, 0x00, 0x5f, 0xff,
    0xff, 0xff, 0x50, 0x2f, 0xfe, 0x75, 0x8f, 0xff,
    0x17, 0xff, 0x40, 0x00, 0x6f, 0xf6, 0x9f, 0xe0,
    0x00, 0x01, 0xff, 0x90, 0x00, 0x00, 0x00, 0x2f,
    0xf7, 0x00, 0x00, 0x00, 0x0a, 0xff, 0x20, 0x00,
    0x00, 0x06, 0xff, 0xa0, 0x00, 0x00, 0x04, 0xff,
    0xd0, 0x00, 0x00, 0x04, 0xff, 0xe2, 0x00, 0x00,
    0x04, 0xff, 0xe2, 0x00, 0x00, 0x04, 0xff, 0xf3,
    0x00, 0x00, 0x03, 0xff, 0xf3, 0x00, 0x00, 0x03,
    0xff, 0xfa, 0x66, 0x66, 0x65, 0xaf, 0xff, 0xff,
    0xff, 0xff, 0xda, 0xff, 0xff, 0xff, 0xff, 0xfd,

    /* U+0033 "3" */
    0x00, 0x29, 0xdf, 0xeb, 0x40, 0x00, 0x04, 0xff,
    0xff, 0xff, 0xf8, 0x00, 0x1f, 0xff, 0x95, 0x7e,
    0xff, 0x40, 0x6f, 0xf5, 0x00, 0x03, 0xff, 0xa0,
    0x37, 0x70, 0x00, 0x00, 0xff, 0xb0, 0x00, 0x00,
    0x00, 0x02, 0xff, 0x80, 0x00, 0x00, 0x23, 0x6e,
    0xfe, 0x10, 0x00, 0x00, 0xff, 0xff, 0x91, 0x00,
    0x00, 0x00, 0xff, 0xff, 0xf9, 0x00, 0x00, 0x00,
    0x00, 0x29, 0xff, 0xb0, 0x00, 0x00, 0x00, 0x00,
    0xbf, 0xf2, 0x56, 0x60, 0x00, 0x00, 0x8f, 0xf4,
    0xbf, 0xf3, 0x00, 0x00, 0xdf, 0xf2, 0x5f, 0xff,
    0x96, 0x7d, 0xff, 0xb0, 0x08, 0xff, 0xff, 0xff,
    0xfd, 0x10, 0x00, 0x3a, 0xef, 0xec, 0x60, 0x00,

    /* U+0034 "4" */
    0x00, 0x00, 0x00, 0xbf, 0xff, 0x00, 0x00, 0x00,
    0x05, 0xff, 0xff, 0x00, 0x00, 0x00, 0x0e, 0xff,
    0xff, 0x00, 0x00, 0x00, 0x8f, 0xfe, 0xff, 0x00,
    0x00, 0x02, 0xff, 0x89, 0xff, 0x00, 0x00, 0x0b,
    0xfe, 0x09, 0xff, 0x00, 0x00, 0x5f, 0xf5, 0x09,
    0xff, 0x00, 0x00, 0xef, 0xb0, 0x09, 0xff, 0x00,
    0x08, 0xff, 0x20, 0x09, 0xff, 0x00, 0x2f, 0xf8,
    0x00, 0x09, 0xff, 0x00, 0xbf, 0xf7, 0x66, 0x6f,
    0xff, 0x66, 0xef, 0xff, 0xff, 0xff, 0xff, 0xff,
    0xef, 0xff, 0xff, 0xff, 0xff, 0xff, 0x00, 0x00,
    0x00, 0x0a, 0xff, 0x00, 0x00, 0x00, 0x00, 0x0a,
    0xff, 0x00, 0x00, 0x00, 0x00, 0x0a, 0xff, 0x00,

    /* U+0035 "5" */
    0x0e, 0xff, 0xff, 0xff, 0xff, 0x00, 0xff, 0xff,
    0xff, 0xff, 0xf0, 0x1f, 0xfa, 0x66, 0x66, 0x66,
    0x03, 0xff, 0x40, 0x00, 0x00, 0x00, 0x4f, 0xf3,
    0x00, 0x00, 0x00, 0x06, 0xff, 0x4b, 0xff, 0xb3,
    0x00, 0x8f, 0xff, 0xff, 0xff, 0xf5, 0x08, 0xff,
    0xb4, 0x38, 0xff, 0xf1, 0x00, 0x20, 0x00, 0x06,
    0xff, 0x70, 0x00, 0x00, 0x00, 0x0f, 0xfb, 0x00,
    0x00, 0x00, 0x00, 0xef, 0xc8, 0xa8, 0x00, 0x00,
    0x0f, 0xfa, 0xbf, 0xf2, 0x00, 0x07, 0xff, 0x65,
    0xff, 0xe7, 0x59, 0xff, 0xe0, 0x08, 0xff, 0xff,
    0xff, 0xe3, 0x00, 0x04, 0xbe, 0xfd, 0x81, 0x00,

    /* U+0036 "6" */
    0x00, 0x05, 0xcf, 0xfc, 0x60, 0x00, 0x00, 0xaf,
    0xff, 0xff, 0xfb, 0x00, 0x07, 0xff, 0xe8, 0x8e,
    0xff, 0x70, 0x1f, 0xfd, 0x10, 0x01, 0xef, 0xf0,
    0x6f, 0xf5, 0x00, 0x00, 0x59, 0x91, 0xaf, 0xf0,
    0x00, 0x21, 0x00, 0x00, 0xdf, 0xd0, 0x9f, 0xff,
    0xc3, 0x00, 0xef, 0xcb, 0xff, 0xff, 0xff, 0x30,
    0xef, 0xff, 0x61, 0x18, 0xff, 0xd0, 0xef, 0xf6,
    0x00, 0x00, 0xaf, 0xf3, 0xcf, 0xf1, 0x00, 0x00,
    0x5f, 0xf5, 0x9f, 0xf2, 0x00, 0x00, 0x6f, 0xf4,
    0x4f, 0xf9, 0x00, 0x00, 0xcf, 0xf1, 0x0b, 0xff,
    0xa5, 0x6d, 0xff, 0x90, 0x01, 0xdf, 0xff, 0xff,
    0xfc, 0x00, 0x00, 0x07, 0xdf, 0xec, 0x60, 0x00,

    /* U+0037 "7" */
    0x2f, 0xff, 0xff, 0xff, 0xff, 0xf4, 0x2f, 0xff,
    0xff, 0xff, 0xff, 0xf4, 0x17, 0x77, 0x77, 0x77,
    0xdf, 0xf2, 0x00, 0x00, 0x00, 0x02, 0xff, 0xb0,
    0x00, 0x00, 0x00, 0x09, 0xff, 0x40, 0x00, 0x00,
    0x00, 0x1f, 0xfc, 0x00, 0x00, 0x00, 0x00, 0x8f,
    0xf4, 0x00, 0x00, 0x00, 0x01, 0xff, 0xd0, 0x00,
    0x00, 0x00, 0x08, 0xff, 0x50, 0x00, 0x00, 0x00,
    0x0f, 0xfd, 0x00, 0x00, 0x00, 0x00, 0x7f, 0xf6,
    0x00, 0x00, 0x00, 0x00, 0xef, 0xe0, 0x00, 0x00,
    0x00, 0x06, 0xff, 0x60, 0x00, 0x00, 0x00, 0x0e,
    0xfe, 0x00, 0x00, 0x00, 0x00, 0x6f, 0xf7, 0x00,
    0x00, 0x00, 0x00, 0xdf, 0xe0, 0x00, 0x00, 0x00,

    /* U+0038 "8" */
    0x00, 0x29, 0xdf, 0xeb, 0x50, 0x00, 0x04, 0xff,
    0xff, 0xff, 0xf9, 0x00, 0x0e, 0xff, 0x84, 0x5e,
    0xff, 0x50, 0x4f, 0xf8, 0x00, 0x02, 0xff, 0xb0,
    0x5f, 0xf4, 0x00, 0x00, 0xef, 0xc0, 0x2f, 0xf8,
    0x00, 0x01, 0xff, 0x90, 0x09, 0xff, 0x72, 0x4d,
    0xfe, 0x10, 0x00, 0x7f, 0xff, 0xff, 0xb2, 0x00,
    0x05, 0xef, 0xff, 0xff, 0xf9, 0x00, 0x4f, 0xfd,
    0x30, 0x19, 0xff, 0xa0, 0xbf, 0xf1, 0x00, 0x00,
    0xaf, 0xf2, 0xef, 0xe0, 0x00, 0x00, 0x7f, 0xf5,
    0xcf, 0xf2, 0x00, 0x00, 0xbf, 0xf4, 0x6f, 0xfe,
    0x63, 0x4a, 0xff, 0xd0, 0x09, 0xff, 0xff, 0xff,
    0xfe, 0x20, 0x00, 0x4a, 0xef, 0xec, 0x70, 0x00,

    /* U+0039 "9" */
    0x00, 0x29, 0xef, 0xea, 0x30, 0x00, 0x06, 0xff,
    0xff, 0xff, 0xf6, 0x00, 0x3f, 0xff, 0x85, 0x8e,
    0xff, 0x30, 0xaf, 0xf4, 0x00, 0x02, 0xff, 0xa0,
    0xdf, 0xd0, 0x00, 0x00, 0xbf, 0xf0, 0xef, 0xc0,
    0x00, 0x00, 0xaf, 0xf3, 0xcf, 0xf1, 0x00, 0x01,
    0xef, 0xf4, 0x6f, 0xfc, 0x30, 0x3c, 0xff, 0xf5,
    0x0b, 0xff, 0xff, 0xff, 0x8f, 0xf5, 0x00, 0x8f,
    0xff, 0xc3, 0x6f, 0xf3, 0x00, 0x00, 0x21, 0x00,
    0x9f, 0xf1, 0x69, 0x90, 0x00, 0x00, 0xef, 0xd0,
    0x8f, 0xf6, 0x00, 0x07, 0xff, 0x70, 0x1f, 0xff,
    0xa7, 0xbf, 0xfe, 0x00, 0x05, 0xff, 0xff, 0xff,
    0xe2, 0x00, 0x00, 0x2a, 0xef, 0xd9, 0x10, 0x00,

    /* U+003A ":" */
    0x02, 0x50, 0x1f, 0xfb, 0x3f, 0xff, 0x0b, 0xf7,
    0x00, 0x00, 0x00, 0x00, 0x00, 0x00, 0x00, 0x00,
    0x02, 0x50, 0x1f, 0xfb, 0x3f, 0xff, 0x0b, 0xf7,

    /* U+003B ";" */
    0x01, 0x51, 0x00, 0xdf, 0xe0, 0x0f, 0xff, 0x20,
    0x8f, 0xa0, 0x00, 0x00, 0x00, 0x00, 0x00, 0x00,
    0x00, 0x00, 0x00, 0x00, 0x00, 0x00, 0x00, 0x56,
    0x50, 0x0f, 0xfa, 0x01, 0xff, 0x60, 0x3f, 0xf1,
    0x06, 0xfd, 0x00, 0x8f, 0x80, 0x0a, 0xf4, 0x00,

    /* U+003C "<" */
    0x00, 0x00, 0x00, 0x00, 0x00, 0x00, 0x00, 0x00,
    0x00, 0x01, 0x8e, 0x00, 0x00, 0x00, 0x29, 0xff,
    0xe0, 0x00, 0x02, 0xaf, 0xff, 0xfa, 0x00, 0x3a,
    0xff, 0xff, 0x92, 0x01, 0xbf, 0xff, 0xe7, 0x10,
    0x00, 0x4f, 0xff, 0x50, 0x00, 0x00, 0x03, 0xff,
    0xfd, 0x60, 0x00, 0x00, 0x03, 0xaf, 0xff, 0xe8,
    0x10, 0x00, 0x00, 0x2a, 0xff, 0xff, 0xa2, 0x00,
    0x00, 0x02, 0x9f, 0xff, 0xe0, 0x00, 0x00, 0x00,
    0x18, 0xfe, 0x00, 0x00, 0x00, 0x00, 0x01, 0x70,

    /* U+003D "=" */
    0x55, 0x55, 0x55, 0x55, 0x55, 0x0e, 0xff, 0xff,
    0xff, 0xff, 0xf0, 0xef, 0xff, 0xff, 0xff, 0xff,
    0x00, 0x00, 0x00, 0x00, 0x00, 0x00, 0x00, 0x00,
    0x00, 0x00, 0x00, 0x05, 0x55, 0x55, 0x55, 0x55,
    0x50, 0xef, 0xff, 0xff, 0xff, 0xff, 0x0e, 0xff,
    0xff, 0xff, 0xff, 0xf0,

    /* U+003E ">" */
    0x00, 0x00, 0x00, 0x00, 0x00, 0x0c, 0x92, 0x00,
    0x00, 0x00, 0x00, 0xcf, 0xfa, 0x20, 0x00, 0x00,
    0x08, 0xff, 0xff, 0xb3, 0x00, 0x00, 0x01, 0x8e,
    0xff, 0xfb, 0x40, 0x00, 0x00, 0x06, 0xdf, 0xff,
    0xc2, 0x00, 0x00, 0x00, 0x4e, 0xff, 0x60, 0x00,
    0x00, 0x5c, 0xff, 0xf5, 0x00, 0x07, 0xef, 0xff,
    0xb4, 0x02, 0x9f, 0xff, 0xfb, 0x30, 0x00, 0xcf,
    0xff, 0xa2, 0x00, 0x00, 0x0c, 0xf9, 0x20, 0x00,
    0x00, 0x00, 0x61, 0x00, 0x00, 0x00, 0x00, 0x00,

    /* U+003F "?" */
    0x00, 0x19, 0xdf, 0xea, 0x30, 0x00, 0x2e, 0xff,
    0xff, 0xff, 0x60, 0x0c, 0xff, 0xa5, 0x8f, 0xff,
    0x10, 0xff, 0xa0, 0x00, 0x8f, 0xf4, 0x06, 0x62,
    0x00, 0x06, 0xff, 0x50, 0x00, 0x00, 0x00, 0xbf,
    0xf2, 0x00, 0x00, 0x01, 0xcf, 0xfa, 0x00, 0x00,
    0x02, 0xef, 0xfa, 0x00, 0x00, 0x00, 0xaf, 0xf6,
    0x00, 0x00, 0x00, 0x0e, 0xfa, 0x00, 0x00, 0x00,
    0x00, 0xff, 0x70, 0x00, 0x00, 0x00, 0x00, 0x00,
    0x00, 0x00, 0x00, 0x00, 0x24, 0x00, 0x00, 0x00,
    0x00, 0x3f, 0xfa, 0x00, 0x00, 0x00, 0x06, 0xff,
    0xd0, 0x00, 0x00, 0x00, 0x1c, 0xf5, 0x00, 0x00,

    /* U+0040 "@" */
    0x00, 0x00, 0x03, 0x8c, 0xef, 0xed, 0x94, 0x00,
    0x00, 0x00, 0x00, 0x2b, 0xff, 0xff, 0xff, 0xff,
    0xfc, 0x20, 0x00, 0x00, 0x3e, 0xff, 0xb6, 0x32,
    0x24, 0x9f, 0xff, 0x40, 0x00, 0x1e, 0xfe, 0x30,
    0x00, 0x00, 0x00, 0x1b, 0xff, 0x20, 0x0a, 0xff,
    0x20, 0x00, 0x01, 0x00, 0x22, 0x0c, 0xfb, 0x02,
    0xff, 0x60, 0x02, 0xcf, 0xfd, 0x5f, 0xe0, 0x2f,
    0xf3, 0x7f, 0xe0, 0x02, 0xef, 0xff, 0xff, 0xfe,
    0x00, 0xcf, 0x8b, 0xfa, 0x00, 0xaf, 0xd2, 0x04,
    0xef, 0xe0, 0x07, 0xfb, 0xdf, 0x70, 0x0f, 0xf2,
    0x00, 0x06, 0xfe, 0x00, 0x5f, 0xde, 0xf6, 0x02,
    0xfe, 0x00, 0x00, 0x3f, 0xe0, 0x04, 0xfe, 0xef,
    0x60, 0x3f, 0xd0, 0x00, 0x02, 0xfe, 0x00, 0x4f,
    0xdd, 0xf7, 0x02, 0xff, 0x00, 0x00, 0x3f, 0xe0,
    0x06, 0xfb, 0xbf, 0xa0, 0x0f, 0xf2, 0x00, 0x07,
    0xfe, 0x00, 0x8f, 0x97, 0xfe, 0x00, 0xaf, 0xc1,
    0x03, 0xef, 0xf1, 0x1e, 0xf4, 0x3f, 0xf5, 0x01,
    0xef, 0xfe, 0xfd, 0xcf, 0xff, 0xfb, 0x00, 0xbf,
    0xe2, 0x02, 0xae, 0xfb, 0x22, 0xbf, 0xe9, 0x00,
    0x02, 0xff, 0xe4, 0x00, 0x00, 0x00, 0x00, 0x00,
    0x00, 0x00, 0x04, 0xff, 0xfb, 0x74, 0x22, 0x36,
    0x92, 0x00, 0x00, 0x00, 0x02, 0xcf, 0xff, 0xff,
    0xff, 0xff, 0x80, 0x00, 0x00, 0x00, 0x00, 0x38,
    0xce, 0xff, 0xdb, 0x71, 0x00, 0x00,

    /* U+0041 "A" */
    0x00, 0x00, 0x05, 0xff, 0xf7, 0x00, 0x00, 0x00,
    0x00, 0x00, 0xaf, 0xff, 0xd0, 0x00, 0x00, 0x00,
    0x00, 0x0f, 0xfd, 0xff, 0x20, 0x00, 0x00, 0x00,
    0x05, 0xff, 0x5f, 0xf8, 0x00, 0x00, 0x00, 0x00,
    0xaf, 0xf0, 0xdf, 0xd0, 0x00, 0x00, 0x00, 0x0f,
    0xfb, 0x09, 0xff, 0x30, 0x00, 0x00, 0x05, 0xff,
    0x70, 0x4f, 0xf8, 0x00, 0x00, 0x00, 0xaf, 0xf2,
    0x00, 0xff, 0xe0, 0x00, 0x00, 0x0f, 0xfd, 0x00,
    0x0b, 0xff, 0x30, 0x00, 0x05, 0xff, 0xd4, 0x44,
    0xaf, 0xf9, 0x00, 0x00, 0xaf, 0xff, 0xff, 0xff,
    0xff, 0xe0, 0x00, 0x0f, 0xff, 0xff, 0xff, 0xff,
    0xff, 0x30, 0x05, 0xff, 0x90, 0x00, 0x00, 0x6f,
    0xf9, 0x00, 0xaf, 0xf4, 0x00, 0x00, 0x01, 0xff,
    0xe0, 0x0f, 0xff, 0x00, 0x00, 0x00, 0x0b, 0xff,
    0x45, 0xff, 0xa0, 0x00, 0x00, 0x00, 0x6f, 0xf9,

    /* U+0042 "B" */
    0x7f, 0xff, 0xff, 0xfe, 0xa3, 0x00, 0x7f, 0xff,
    0xff, 0xff, 0xff, 0x50, 0x7f, 0xf8, 0x55, 0x6b,
    0xff, 0xe0, 0x7f, 0xf4, 0x00, 0x00, 0xbf, 0xf3,
    0x7f, 0xf4, 0x00, 0x00, 0x7f, 0xf4, 0x7f, 0xf4,
    0x00, 0x00, 0xaf, 0xf1, 0x7f, 0xf5, 0x00, 0x18,
    0xff, 0x70, 0x7f, 0xff, 0xff, 0xff, 0xe4, 0x00,
    0x7f, 0xff, 0xff, 0xff, 0xfe, 0x60, 0x7f, 0xf4,
    0x00, 0x03, 0xcf, 0xf4, 0x7f, 0xf4, 0x00, 0x00,
    0x2f, 0xfb, 0x7f, 0xf4, 0x00, 0x00, 0x0e, 0xfd,
    0x7f, 0xf4, 0x00, 0x00, 0x3f, 0xfc, 0x7f, 0xf8,
    0x55, 0x68, 0xef, 0xf7, 0x7f, 0xff, 0xff, 0xff,
    0xff, 0xc0, 0x7f, 0xff, 0xff, 0xfe, 0xc7, 0x00,

    /* U+0043 "C" */
    0x00, 0x01, 0x7c, 0xef, 0xd9, 0x20, 0x00, 0x00,
    0x4e, 0xff, 0xff, 0xff, 0xf6, 0x00, 0x03, 0xff,
    0xfd, 0x99, 0xcf, 0xff, 0x50, 0x0d, 0xff, 0x80,
    0x00, 0x06, 0xff, 0xe0, 0x5f, 0xfa, 0x00, 0x00,
    0x00, 0x9f, 0xf4, 0xaf, 0xf3, 0x00, 0x00, 0x00,
    0x26, 0x62, 0xcf, 0xe0, 0x00, 0x00, 0x00, 0x00,
    0x00, 0xef, 0xd0, 0x00, 0x00, 0x00, 0x00, 0x00,
    0xef, 0xd0, 0x00, 0x00, 0x00, 0x00, 0x00, 0xcf,
    0xe0, 0x00, 0x00, 0x00, 0x00, 0x00, 0xaf, 0xf3,
    0x00, 0x00, 0x00, 0x26, 0x62, 0x5f, 0xfa, 0x00,
    0x00, 0x00, 0x9f, 0xf4, 0x0d, 0xff, 0x70, 0x00,
    0x06, 0xff, 0xe0, 0x03, 0xff, 0xfd, 0x99, 0xdf,
    0xff, 0x40, 0x00, 0x4e, 0xff, 0xff, 0xff, 0xf5,
    0x00, 0x00, 0x01, 0x7c, 0xef, 0xd8, 0x10, 0x00,

    /* U+0044 "D" */
    0x7f, 0xff, 0xff, 0xec, 0x81, 0x00, 0x00, 0x7f,
    0xff, 0xff, 0xff, 0xff, 0x60, 0x00, 0x7f, 0xfb,
    0x77, 0x8c, 0xff, 0xf6, 0x00, 0x7f, 0xf4, 0x00,
    0x00, 0x4f, 0xff, 0x10, 0x7f, 0xf4, 0x00, 0x00,
    0x06, 0xff, 0x70, 0x7f, 0xf4, 0x00, 0x00, 0x00,
    0xff, 0xc0, 0x7f, 0xf4, 0x00, 0x00, 0x00, 0xbf,
    0xf0, 0x7f, 0xf4, 0x00, 0x00, 0x00, 0xaf, 0xf0,
    0x7f, 0xf4, 0x00, 0x00, 0x00, 0xaf, 0xf0, 0x7f,
    0xf4, 0x00, 0x00, 0x00, 0xbf, 0xf0, 0x7f, 0xf4,
    0x00, 0x00, 0x00, 0xff, 0xc0, 0x7f, 0xf4, 0x00,
    0x00, 0x06, 0xff, 0x70, 0x7f, 0xf4, 0x00, 0x00,
    0x4f, 0xff, 0x10, 0x7f, 0xfb, 0x77, 0x8c, 0xff,
    0xf6, 0x00, 0x7f, 0xff, 0xff, 0xff, 0xff, 0x60,
    0x00, 0x7f, 0xff, 0xff, 0xec, 0x82, 0x00, 0x00,

    /* U+0045 "E" */
    0x7f, 0xff, 0xff, 0xff, 0xff, 0x77, 0xff, 0xff,
    0xff, 0xff, 0xf7, 0x7f, 0xf8, 0x66, 0x66, 0x66,
    0x27, 0xff, 0x40, 0x00, 0x00, 0x00, 0x7f, 0xf4,
    0x00, 0x00, 0x00, 0x07, 0xff, 0x40, 0x00, 0x00,
    0x00, 0x7f, 0xf4, 0x00, 0x00, 0x00, 0x07, 0xff,
    0xff, 0xff, 0xff, 0xf0, 0x7f, 0xff, 0xff, 0xff,
    0xff, 0x07, 0xff, 0x85, 0x55, 0x55, 0x50, 0x7f,
    0xf4, 0x00, 0x00, 0x00, 0x07, 0xff, 0x40, 0x00,
    0x00, 0x00, 0x7f, 0xf4, 0x00, 0x00, 0x00, 0x07,
    0xff, 0x86, 0x66, 0x66, 0x63, 0x7f, 0xff, 0xff,
    0xff, 0xff, 0x87, 0xff, 0xff, 0xff, 0xff, 0xf8,

    /* U+0046 "F" */
    0x7f, 0xff, 0xff, 0xff, 0xff, 0x57, 0xff, 0xff,
    0xff, 0xff, 0xf5, 0x7f, 0xf8, 0x66, 0x66, 0x66,
    0x27, 0xff, 0x40, 0x00, 0x00, 0x00, 0x7f, 0xf4,
    0x00, 0x00, 0x00, 0x07, 0xff, 0x40, 0x00, 0x00,
    0x00, 0x7f, 0xf4, 0x00, 0x00, 0x00, 0x07, 0xff,
    0x85, 0x55, 0x55, 0x30, 0x7f, 0xff, 0xff, 0xff,
    0xfa, 0x07, 0xff, 0xff, 0xff, 0xff, 0xa0, 0x7f,
    0xf4, 0x00, 0x00, 0x00, 0x07, 0xff, 0x40, 0x00,
    0x00, 0x00, 0x7f, 0xf4, 0x00, 0x00, 0x00, 0x07,
    0xff, 0x40, 0x00, 0x00, 0x00, 0x7f, 0xf4, 0x00,
    0x00, 0x00, 0x07, 0xff, 0x40, 0x00, 0x00, 0x00,

    /* U+0047 "G" */
    0x00, 0x01, 0x7c, 0xef, 0xd8, 0x20, 0x00, 0x00,
    0x4e, 0xff, 0xff, 0xff, 0xf5, 0x00, 0x03, 0xff,
    0xfd, 0x99, 0xdf, 0xff, 0x40, 0x0d, 0xff, 0x80,
    0x00, 0x06, 0xff, 0xe0, 0x4f, 0xfa, 0x00, 0x00,
    0x00, 0xaf, 0xf4, 0xaf, 0xf3, 0x00, 0x00, 0x00,
    0x14, 0x41, 0xcf, 0xe0, 0x00, 0x00, 0x00, 0x00,
    0x00, 0xef, 0xd0, 0x00, 0x02, 0x33, 0x33, 0x32,
    0xef, 0xd0, 0x00, 0x09, 0xff, 0xff, 0xf9, 0xcf,
    0xe0, 0x00, 0x09, 0xff, 0xff, 0xf9, 0xaf, 0xf3,
    0x00, 0x00, 0x00, 0x1f, 0xf8, 0x4f, 0xfa, 0x00,
    0x00, 0x00, 0x6f, 0xf5, 0x0d, 0xff, 0x80, 0x00,
    0x03, 0xef, 0xf0, 0x03, 0xff, 0xfe, 0xa9, 0xcf,
    0xff, 0x60, 0x00, 0x4f, 0xff, 0xff, 0xff, 0xf7,
    0x00, 0x00, 0x01, 0x7c, 0xef, 0xd9, 0x30, 0x00,

    /* U+0048 "H" */
    0x7f, 0xf4, 0x00, 0x00, 0x00, 0xaf, 0xf2, 0x7f,
    0xf4, 0x00, 0x00, 0x00, 0xaf, 0xf2, 0x7f, 0xf4,
    0x00, 0x00, 0x00, 0xaf, 0xf2, 0x7f, 0xf4, 0x00,
    0x00, 0x00, 0xaf, 0xf2, 0x7f, 0xf4, 0x00, 0x00,
    0x00, 0xaf, 0xf2, 0x7f, 0xf4, 0x00, 0x00, 0x00,
    0xaf, 0xf2, 0x7f, 0xf8, 0x66, 0x66, 0x66, 0xcf,
    0xf2, 0x7f, 0xff, 0xff, 0xff, 0xff, 0xff, 0xf2,
    0x7f, 0xff, 0xff, 0xff, 0xff, 0xff, 0xf2, 0x7f,
    0xf4, 0x00, 0x00, 0x00, 0xaf, 0xf2, 0x7f, 0xf4,
    0x00, 0x00, 0x00, 0xaf, 0xf2, 0x7f, 0xf4, 0x00,
    0x00, 0x00, 0xaf, 0xf2, 0x7f, 0xf4, 0x00, 0x00,
    0x00, 0xaf, 0xf2, 0x7f, 0xf4, 0x00, 0x00, 0x00,
    0xaf, 0xf2, 0x7f, 0xf4, 0x00, 0x00, 0x00, 0xaf,
    0xf2, 0x7f, 0xf4, 0x00, 0x00, 0x00, 0xaf, 0xf2,

    /* U+0049 "I" */
    0x7f, 0xf4, 0x7f, 0xf4, 0x7f, 0xf4, 0x7f, 0xf4,
    0x7f, 0xf4, 0x7f, 0xf4, 0x7f, 0xf4, 0x7f, 0xf4,
    0x7f, 0xf4, 0x7f, 0xf4, 0x7f, 0xf4, 0x7f, 0xf4,
    0x7f, 0xf4, 0x7f, 0xf4, 0x7f, 0xf4, 0x7f, 0xf4,

    /* U+004A "J" */
    0x00, 0x00, 0x00, 0x01, 0xff, 0xa0, 0x00, 0x00,
    0x00, 0x1f, 0xfa, 0x00, 0x00, 0x00, 0x01, 0xff,
    0xa0, 0x00, 0x00, 0x00, 0x1f, 0xfa, 0x00, 0x00,
    0x00, 0x01, 0xff, 0xa0, 0x00, 0x00, 0x00, 0x1f,
    0xfa, 0x00, 0x00, 0x00, 0x01, 0xff, 0xa0, 0x00,
    0x00, 0x00, 0x1f, 0xfa, 0x00, 0x00, 0x00, 0x01,
    0xff, 0xa0, 0x00, 0x00, 0x00, 0x1f, 0xfa, 0x2c,
    0xc6, 0x00, 0x01, 0xff, 0xa2, 0xff, 0x90, 0x00,
    0x2f, 0xf9, 0x0f, 0xfd, 0x00, 0x06, 0xff, 0x70,
    0xbf, 0xfb, 0x68, 0xff, 0xf2, 0x02, 0xef, 0xff,
    0xff, 0xf7, 0x00, 0x01, 0x9d, 0xff, 0xb4, 0x00,

    /* U+004B "K" */
    0x7f, 0xf4, 0x00, 0x00, 0x0b, 0xff, 0xb0, 0x7f,
    0xf4, 0x00, 0x00, 0x8f, 0xfc, 0x00, 0x7f, 0xf4,
    0x00, 0x05, 0xff, 0xe1, 0x00, 0x7f, 0xf4, 0x00,
    0x3f, 0xff, 0x30, 0x00, 0x7f, 0xf4, 0x02, 0xef,
    0xf5, 0x00, 0x00, 0x7f, 0xf4, 0x0c, 0xff, 0x70,
    0x00, 0x00, 0x7f, 0xf4, 0x9f, 0xfb, 0x00, 0x00,
    0x00, 0x7f, 0xf8, 0xff, 0xfa, 0x00, 0x00, 0x00,
    0x7f, 0xff, 0xff, 0xff, 0x40, 0x00, 0x00, 0x7f,
    0xff, 0xb3, 0xff, 0xe0, 0x00, 0x00, 0x7f, 0xff,
    0x00, 0x9f, 0xf9, 0x00, 0x00, 0x7f, 0xf6, 0x00,
    0x0d, 0xff, 0x40, 0x00, 0x7f, 0xf4, 0x00, 0x04,
    0xff, 0xd0, 0x00, 0x7f, 0xf4, 0x00, 0x00, 0x9f,
    0xf9, 0x00, 0x7f, 0xf4, 0x00, 0x00, 0x1e, 0xff,
    0x30, 0x7f, 0xf4, 0x00, 0x00, 0x05, 0xff, 0xd0,

    /* U+004C "L" */
    0x7f, 0xf4, 0x00, 0x00, 0x00, 0x07, 0xff, 0x40,
    0x00, 0x00, 0x00, 0x7f, 0xf4, 0x00, 0x00, 0x00,
    0x07, 0xff, 0x40, 0x00, 0x00, 0x00, 0x7f, 0xf4,
    0x00, 0x00, 0x00, 0x07, 0xff, 0x40, 0x00, 0x00,
    0x00, 0x7f, 0xf4, 0x00, 0x00, 0x00, 0x07, 0xff,
    0x40, 0x00, 0x00, 0x00, 0x7f, 0xf4, 0x00, 0x00,
    0x00, 0x07, 0xff, 0x40, 0x00, 0x00, 0x00, 0x7f,
    0xf4, 0x00, 0x00, 0x00, 0x07, 0xff, 0x40, 0x00,
    0x00, 0x00, 0x7f, 0xf4, 0x00, 0x00, 0x00, 0x07,
    0xff, 0x86, 0x66, 0x66, 0x60, 0x7f, 0xff, 0xff,
    0xff, 0xff, 0x07, 0xff, 0xff, 0xff, 0xff, 0xf0,

    /* U+004D "M" */
    0x7f, 0xff, 0xd0, 0x00, 0x00, 0x00, 0x7f, 0xff,
    0xd7, 0xff, 0xff, 0x20, 0x00, 0x00, 0x0d, 0xff,
    0xfd, 0x7f, 0xff, 0xf8, 0x00, 0x00, 0x02, 0xff,
    0xff, 0xd7, 0xff, 0xdf, 0xe0, 0x00, 0x00, 0x8f,
    0xfd, 0xfd, 0x7f, 0xf9, 0xff, 0x30, 0x00, 0x0d,
    0xfb, 0xdf, 0xd7, 0xff, 0x4f, 0xf9, 0x00, 0x03,
    0xff, 0x7d, 0xfd, 0x7f, 0xf3, 0xdf, 0xe0, 0x00,
    0x8f, 0xf2, 0xef, 0xd7, 0xff, 0x38, 0xff, 0x40,
    0x0e, 0xfd, 0x0e, 0xfd, 0x7f, 0xf3, 0x2f, 0xfa,
    0x03, 0xff, 0x80, 0xef, 0xd7, 0xff, 0x30, 0xdf,
    0xe0, 0x8f, 0xf2, 0x0e, 0xfd, 0x7f, 0xf3, 0x07,
    0xff, 0x2c, 0xfc, 0x00, 0xef, 0xd7, 0xff, 0x30,
    0x1f, 0xf6, 0xff, 0x70, 0x0e, 0xfd, 0x7f, 0xf3,
    0x00, 0xbf, 0xdf, 0xf1, 0x00, 0xef, 0xd7, 0xff,
    0x30, 0x06, 0xff, 0xfb, 0x00, 0x0e, 0xfd, 0x7f,
    0xf3, 0x00, 0x0f, 0xff, 0x50, 0x00, 0xef, 0xd7,
    0xff, 0x30, 0x00, 0xaf, 0xf0, 0x00, 0x0e, 0xfd,

    /* U+004E "N" */
    0x7f, 0xfe, 0x00, 0x00, 0x00, 0x6f, 0xf6, 0x7f,
    0xff, 0x80, 0x00, 0x00, 0x6f, 0xf6, 0x7f, 0xff,
    0xf2, 0x00, 0x00, 0x6f, 0xf6, 0x7f, 0xff, 0xfc,
    0x00, 0x00, 0x6f, 0xf6, 0x7f, 0xfa, 0xff, 0x50,
    0x00, 0x6f, 0xf6, 0x7f, 0xf4, 0xef, 0xe1, 0x00,
    0x6f, 0xf6, 0x7f, 0xf4, 0x6f, 0xf9, 0x00, 0x6f,
    0xf6, 0x7f, 0xf4, 0x0d, 0xff, 0x30, 0x6f, 0xf6,
    0x7f, 0xf5, 0x04, 0xff, 0xc0, 0x5f, 0xf6, 0x7f,
    0xf5, 0x00, 0xaf, 0xf5, 0x5f, 0xf6, 0x7f, 0xf5,
    0x00, 0x1f, 0xfd, 0x5f, 0xf6, 0x7f, 0xf5, 0x00,
    0x07, 0xff, 0xaf, 0xf6, 0x7f, 0xf5, 0x00, 0x00,
    0xdf, 0xff, 0xf6, 0x7f, 0xf5, 0x00, 0x00, 0x3f,
    0xff, 0xf6, 0x7f, 0xf5, 0x00, 0x00, 0x09, 0xff,
    0xf6, 0x7f, 0xf5, 0x00, 0x00, 0x01, 0xef, 0xf6,

    /* U+004F "O" */
    0x00, 0x01, 0x7c, 0xef, 0xd8, 0x10, 0x00, 0x00,
    0x04, 0xef, 0xff, 0xff, 0xff, 0x50, 0x00, 0x03,
    0xff, 0xfd, 0x99, 0xcf, 0xff, 0x50, 0x00, 0xdf,
    0xf8, 0x00, 0x00, 0x5f, 0xfe, 0x10, 0x5f, 0xfa,
    0x00, 0x00, 0x00, 0x8f, 0xf7, 0x0a, 0xff, 0x30,
    0x00, 0x00, 0x01, 0xff, 0xc0, 0xcf, 0xe0, 0x00,
    0x00, 0x00, 0x0c, 0xfe, 0x0e, 0xfd, 0x00, 0x00,
    0x00, 0x00, 0xbf, 0xf0, 0xef, 0xd0, 0x00, 0x00,
    0x00, 0x0b, 0xff, 0x0c, 0xfe, 0x00, 0x00, 0x00,
    0x00, 0xdf, 0xe0, 0xaf, 0xf3, 0x00, 0x00, 0x00,
    0x1f, 0xfc, 0x05, 0xff, 0xa0, 0x00, 0x00, 0x08,
    0xff, 0x70, 0x0d, 0xff, 0x80, 0x00, 0x06, 0xff,
    0xe1, 0x00, 0x3f, 0xff, 0xd9, 0x9d, 0xff, 0xf5,
    0x00, 0x00, 0x4e, 0xff, 0xff, 0xff, 0xf5, 0x00,
    0x00, 0x00, 0x17, 0xce, 0xfd, 0x82, 0x00, 0x00,

    /* U+0050 "P" */
    0x7f, 0xff, 0xff, 0xfd, 0x92, 0x00, 0x7f, 0xff,
    0xff, 0xff, 0xff, 0x40, 0x7f, 0xf8, 0x66, 0x7c,
    0xff, 0xe0, 0x7f, 0xf4, 0x00, 0x00, 0xaf, 0xf6,
    0x7f, 0xf4, 0x00, 0x00, 0x4f, 0xf9, 0x7f, 0xf4,
    0x00, 0x00, 0x3f, 0xf9, 0x7f, 0xf4, 0x00, 0x00,
    0x7f, 0xf7, 0x7f, 0xf4, 0x00, 0x16, 0xff, 0xf2,
    0x7f, 0xff, 0xff, 0xff, 0xff, 0x80, 0x7f, 0xff,
    0xff, 0xff, 0xe6, 0x00, 0x7f, 0xf9, 0x55, 0x43,
    0x00, 0x00, 0x7f, 0xf4, 0x00, 0x00, 0x00, 0x00,
    0x7f, 0xf4, 0x00, 0x00, 0x00, 0x00, 0x7f, 0xf4,
    0x00, 0x00, 0x00, 0x00, 0x7f, 0xf4, 0x00, 0x00,
    0x00, 0x00, 0x7f, 0xf4, 0x00, 0x00, 0x00, 0x00,

    /* U+0051 "Q" */
    0x00, 0x01, 0x7c, 0xef, 0xd8, 0x10, 0x00, 0x00,
    0x04, 0xef, 0xff, 0xff, 0xff, 0x50, 0x00, 0x03,
    0xff, 0xfd, 0x99, 0xcf, 0xff, 0x50, 0x00, 0xdf,
    0xf8, 0x00, 0x00, 0x5f, 0xfe, 0x10, 0x5f, 0xfa,
    0x00, 0x00, 0x00, 0x8f, 0xf7, 0x0a, 0xff, 0x30,
    0x00, 0x00, 0x01, 0xff, 0xc0, 0xcf, 0xe0, 0x00,
    0x00, 0x00, 0x0c, 0xfe, 0x0e, 0xfd, 0x00, 0x00,
    0x00, 0x00, 0xbf, 0xf0, 0xef, 0xd0, 0x00, 0x00,
    0x00, 0x0b, 0xff, 0x0c, 0xfe, 0x00, 0x00, 0x00,
    0x00, 0xdf, 0xe0, 0xaf, 0xf3, 0x00, 0x46, 0x50,
    0x1f, 0xfc, 0x05, 0xff, 0xa0, 0x02, 0xff, 0x68,
    0xff, 0x70, 0x0d, 0xff, 0x80, 0x05, 0xff, 0xff,
    0xe1, 0x00, 0x3f, 0xff, 0xd9, 0x9f, 0xff, 0xf5,
    0x00, 0x00, 0x4e, 0xff, 0xff, 0xff, 0xff, 0x00,
    0x00, 0x00, 0x17, 0xce, 0xfd, 0xbf, 0xf8, 0x00,
    0x00, 0x00, 0x00, 0x00, 0x00, 0x4f, 0xf5, 0x00,

    /* U+0052 "R" */
    0x7f, 0xff, 0xff, 0xfd, 0x92, 0x00, 0x07, 0xff,
    0xff, 0xff, 0xff, 0xf4, 0x00, 0x7f, 0xf8, 0x66,
    0x7b, 0xff, 0xe0, 0x07, 0xff, 0x40, 0x00, 0x0a,
    0xff, 0x50, 0x7f, 0xf4, 0x00, 0x00, 0x4f, 0xf8,
    0x07, 0xff, 0x40, 0x00, 0x03, 0xff, 0x90, 0x7f,
    0xf4, 0x00, 0x00, 0x6f, 0xf7, 0x07, 0xff, 0x40,
    0x00, 0x5e, 0xff, 0x20, 0x7f, 0xff, 0xff, 0xff,
    0xff, 0x90, 0x07, 0xff, 0xff, 0xff, 0xff, 0x70,
    0x00, 0x7f, 0xfa, 0x55, 0xff, 0xf3, 0x00, 0x07,
    0xff, 0x40, 0x03, 0xff, 0xc0, 0x00, 0x7f, 0xf4,
    0x00, 0x0b, 0xff, 0x50, 0x07, 0xff, 0x40, 0x00,
    0x3f, 0xfd, 0x00, 0x7f, 0xf4, 0x00, 0x00, 0xaf,
    0xf6, 0x07, 0xff, 0x40, 0x00, 0x02, 0xff, 0xe0,

    /* U+0053 "S" */
    0x00, 0x01, 0x8d, 0xff, 0xd8, 0x10, 0x00, 0x04,
    0xff, 0xff, 0xff, 0xfe, 0x30, 0x01, 0xff, 0xfa,
    0x77, 0xcf, 0xfe, 0x00, 0x7f, 0xf7, 0x00, 0x00,
    0x9f, 0xf4, 0x09, 0xff, 0x30, 0x00, 0x01, 0x77,
    0x30, 0x7f, 0xf9, 0x00, 0x00, 0x00, 0x00, 0x02,
    0xff, 0xfd, 0x83, 0x00, 0x00, 0x00, 0x03, 0xef,
    0xff, 0xfe, 0x92, 0x00, 0x00, 0x00, 0x6b, 0xff,
    0xff, 0xf6, 0x00, 0x00, 0x00, 0x00, 0x4a, 0xff,
    0xf3, 0x00, 0x00, 0x00, 0x00, 0x05, 0xff, 0x90,
    0xcd, 0xa0, 0x00, 0x00, 0x1f, 0xfa, 0x0c, 0xff,
    0x30, 0x00, 0x07, 0xff, 0x80, 0x5f, 0xff, 0xa7,
    0x7b, 0xff, 0xf2, 0x00, 0x8f, 0xff, 0xff, 0xff,
    0xf5, 0x00, 0x00, 0x3a, 0xef, 0xfd, 0x92, 0x00,

    /* U+0054 "T" */
    0x2f, 0xff, 0xff, 0xff, 0xff, 0xff, 0xf0, 0x2f,
    0xff, 0xff, 0xff, 0xff, 0xff, 0xf0, 0x06, 0x66,
    0x6a, 0xff, 0x96, 0x66, 0x60, 0x00, 0x00, 0x07,
    0xff, 0x50, 0x00, 0x00, 0x00, 0x00, 0x07, 0xff,
    0x50, 0x00, 0x00, 0x00, 0x00, 0x07, 0xff, 0x50,
    0x00, 0x00, 0x00, 0x00, 0x07, 0xff, 0x50, 0x00,
    0x00, 0x00, 0x00, 0x07, 0xff, 0x50, 0x00, 0x00,
    0x00, 0x00, 0x07, 0xff, 0x50, 0x00, 0x00, 0x00,
    0x00, 0x07, 0xff, 0x50, 0x00, 0x00, 0x00, 0x00,
    0x07, 0xff, 0x50, 0x00, 0x00, 0x00, 0x00, 0x07,
    0xff, 0x50, 0x00, 0x00, 0x00, 0x00, 0x07, 0xff,
    0x50, 0x00, 0x00, 0x00, 0x00, 0x07, 0xff, 0x50,
    0x00, 0x00, 0x00, 0x00, 0x07, 0xff, 0x50, 0x00,
    0x00, 0x00, 0x00, 0x07, 0xff, 0x50, 0x00, 0x00,

    /* U+0055 "U" */
    0x7f, 0xf4, 0x00, 0x00, 0x00, 0xdf, 0xe7, 0xff,
    0x40, 0x00, 0x00, 0x0d, 0xfe, 0x7f, 0xf4, 0x00,
    0x00, 0x00, 0xdf, 0xe7, 0xff, 0x40, 0x00, 0x00,
    0x0d, 0xfe, 0x7f, 0xf4, 0x00, 0x00, 0x00, 0xdf,
    0xe7, 0xff, 0x40, 0x00, 0x00, 0x0d, 0xfe, 0x7f,
    0xf4, 0x00, 0x00, 0x00, 0xdf, 0xe7, 0xff, 0x40,
    0x00, 0x00, 0x0d, 0xfe, 0x7f, 0xf4, 0x00, 0x00,
    0x00, 0xdf, 0xe7, 0xff, 0x40, 0x00, 0x00, 0x0d,
    0xfe, 0x7f, 0xf5, 0x00, 0x00, 0x00, 0xdf, 0xe5,
    0xff, 0x90, 0x00, 0x00, 0x2f, 0xfc, 0x1f, 0xff,
    0x40, 0x00, 0x0c, 0xff, 0x70, 0x7f, 0xff, 0xb9,
    0xae, 0xff, 0xd1, 0x00, 0x9f, 0xff, 0xff, 0xff,
    0xd2, 0x00, 0x00, 0x4a, 0xef, 0xec, 0x70, 0x00,

    /* U+0056 "V" */
    0x5f, 0xfa, 0x00, 0x00, 0x00, 0x06, 0xff, 0x90,
    0xff, 0xf0, 0x00, 0x00, 0x00, 0xbf, 0xf4, 0x0a,
    0xff, 0x50, 0x00, 0x00, 0x0f, 0xfe, 0x00, 0x4f,
    0xfa, 0x00, 0x00, 0x05, 0xff, 0x90, 0x00, 0xef,
    0xf0, 0x00, 0x00, 0xaf, 0xf4, 0x00, 0x09, 0xff,
    0x40, 0x00, 0x0e, 0xfe, 0x00, 0x00, 0x4f, 0xfa,
    0x00, 0x04, 0xff, 0x90, 0x00, 0x00, 0xef, 0xe0,
    0x00, 0x9f, 0xf4, 0x00, 0x00, 0x09, 0xff, 0x40,
    0x0e, 0xfe, 0x00, 0x00, 0x00, 0x4f, 0xf9, 0x02,
    0xff, 0x90, 0x00, 0x00, 0x00, 0xef, 0xd0, 0x7f,
    0xf4, 0x00, 0x00, 0x00, 0x09, 0xff, 0x2b, 0xfe,
    0x00, 0x00, 0x00, 0x00, 0x3f, 0xf6, 0xff, 0x90,
    0x00, 0x00, 0x00, 0x00, 0xef, 0xef, 0xf4, 0x00,
    0x00, 0x00, 0x00, 0x08, 0xff, 0xfe, 0x00, 0x00,
    0x00, 0x00, 0x00, 0x3f, 0xff, 0x90, 0x00, 0x00,

    /* U+0057 "W" */
    0x5f, 0xf9, 0x00, 0x00, 0x0d, 0xff, 0x40, 0x00,
    0x02, 0xff, 0xc1, 0xff, 0xc0, 0x00, 0x01, 0xff,
    0xf8, 0x00, 0x00, 0x6f, 0xf8, 0x0d, 0xff, 0x00,
    0x00, 0x5f, 0xff, 0xc0, 0x00, 0x0a, 0xff, 0x40,
    0x9f, 0xf4, 0x00, 0x09, 0xff, 0xff, 0x00, 0x00,
    0xdf, 0xf0, 0x05, 0xff, 0x80, 0x00, 0xdf, 0xaf,
    0xf3, 0x00, 0x1f, 0xfb, 0x00, 0x1f, 0xfb, 0x00,
    0x1f, 0xf5, 0xef, 0x70, 0x05, 0xff, 0x70, 0x00,
    0xdf, 0xf0, 0x05, 0xff, 0x2b, 0xfb, 0x00, 0x9f,
    0xf3, 0x00, 0x08, 0xff, 0x30, 0x9f, 0xe0, 0x8f,
    0xf0, 0x0c, 0xff, 0x00, 0x00, 0x4f, 0xf6, 0x0c,
    0xfa, 0x04, 0xff, 0x30, 0xff, 0xb0, 0x00, 0x00,
    0xff, 0xa0, 0xff, 0x60, 0x0f, 0xf6, 0x3f, 0xf7,
    0x00, 0x00, 0x0c, 0xfd, 0x3f, 0xf2, 0x00, 0xcf,
    0xa6, 0xff, 0x30, 0x00, 0x00, 0x8f, 0xf6, 0xfe,
    0x00, 0x08, 0xfd, 0x9f, 0xe0, 0x00, 0x00, 0x04,
    0xff, 0xcf, 0xa0, 0x00, 0x3f, 0xfc, 0xfa, 0x00,
    0x00, 0x00, 0x0f, 0xff, 0xf6, 0x00, 0x00, 0xff,
    0xff, 0x60, 0x00, 0x00, 0x00, 0xcf, 0xff, 0x20,
    0x00, 0x0b, 0xff, 0xf2, 0x00, 0x00, 0x00, 0x07,
    0xff, 0xe0, 0x00, 0x00, 0x7f, 0xfe, 0x00, 0x00,

    /* U+0058 "X" */
    0x0b, 0xff, 0x70, 0x00, 0x00, 0x3f, 0xfd, 0x00,
    0x1f, 0xff, 0x20, 0x00, 0x0d, 0xff, 0x30, 0x00,
    0x6f, 0xfb, 0x00, 0x08, 0xff, 0x80, 0x00, 0x00,
    0xcf, 0xf5, 0x02, 0xff, 0xd0, 0x00, 0x00, 0x02,
    0xff, 0xd0, 0xbf, 0xf4, 0x00, 0x00, 0x00, 0x07,
    0xff, 0xaf, 0xf9, 0x00, 0x00, 0x00, 0x00, 0x0c,
    0xff, 0xfe, 0x10, 0x00, 0x00, 0x00, 0x00, 0x3f,
    0xff, 0x60, 0x00, 0x00, 0x00, 0x00, 0x06, 0xff,
    0xfa, 0x00, 0x00, 0x00, 0x00, 0x02, 0xff, 0xff,
    0xf5, 0x00, 0x00, 0x00, 0x00, 0xcf, 0xf5, 0xff,
    0xe1, 0x00, 0x00, 0x00, 0x7f, 0xf9, 0x08, 0xff,
    0xa0, 0x00, 0x00, 0x2f, 0xfe, 0x10, 0x0d, 0xff,
    0x40, 0x00, 0x0c, 0xff, 0x50, 0x00, 0x4f, 0xfe,
    0x00, 0x07, 0xff, 0xa0, 0x00, 0x00, 0x9f, 0xf9,
    0x02, 0xff, 0xe1, 0x00, 0x00, 0x01, 0xef, 0xf4,

    /* U+0059 "Y" */
    0x3f, 0xfe, 0x00, 0x00, 0x00, 0x0e, 0xff, 0x30,
    0x9f, 0xf8, 0x00, 0x00, 0x08, 0xff, 0x90, 0x01,
    0xff, 0xf1, 0x00, 0x01, 0xff, 0xf1, 0x00, 0x07,
    0xff, 0x90, 0x00, 0x9f, 0xf7, 0x00, 0x00, 0x0d,
    0xff, 0x20, 0x2f, 0xfe, 0x00, 0x00, 0x00, 0x5f,
    0xfa, 0x09, 0xff, 0x50, 0x00, 0x00, 0x00, 0xbf,
    0xf4, 0xff, 0xc0, 0x00, 0x00, 0x00, 0x02, 0xff,
    0xff, 0xf3, 0x00, 0x00, 0x00, 0x00, 0x09, 0xff,
    0xfa, 0x00, 0x00, 0x00, 0x00, 0x00, 0x1f, 0xff,
    0x10, 0x00, 0x00, 0x00, 0x00, 0x00, 0xdf, 0xe0,
    0x00, 0x00, 0x00, 0x00, 0x00, 0x0d, 0xfe, 0x00,
    0x00, 0x00, 0x00, 0x00, 0x00, 0xdf, 0xe0, 0x00,
    0x00, 0x00, 0x00, 0x00, 0x0d, 0xfe, 0x00, 0x00,
    0x00, 0x00, 0x00, 0x00, 0xdf, 0xe0, 0x00, 0x00,
    0x00, 0x00, 0x00, 0x0d, 0xfe, 0x00, 0x00, 0x00,

    /* U+005A "Z" */
    0xdf, 0xff, 0xff, 0xff, 0xff, 0xf7, 0xdf, 0xff,
    0xff, 0xff, 0xff, 0xf7, 0x46, 0x66, 0x66, 0x66,
    0xff, 0xe1, 0x00, 0x00, 0x00, 0x09, 0xff, 0x50,
    0x00, 0x00, 0x00, 0x5f, 0xfa, 0x00, 0x00, 0x00,
    0x01, 0xef, 0xe1, 0x00, 0x00, 0x00, 0x0a, 0xff,
    0x50, 0x00, 0x00, 0x00, 0x4f, 0xfb, 0x00, 0x00,
    0x00, 0x01, 0xef, 0xe1, 0x00, 0x00, 0x00, 0x0a,
    0xff, 0x50, 0x00, 0x00, 0x00, 0x4f, 0xfb, 0x00,
    0x00, 0x00, 0x00, 0xef, 0xe1, 0x00, 0x00, 0x00,
    0x09, 0xff, 0x40, 0x00, 0x00, 0x00, 0x4f, 0xfd,
    0x55, 0x55, 0x55, 0x52, 0xbf, 0xff, 0xff, 0xff,
    0xff, 0xf8, 0xcf, 0xff, 0xff, 0xff, 0xff, 0xf8,

    /* U+005B "[" */
    0xff, 0xff, 0xbf, 0xff, 0xfb, 0xff, 0xa2, 0x1f,
    0xf9, 0x00, 0xff, 0x90, 0x0f, 0xf9, 0x00, 0xff,
    0x90, 0x0f, 0xf9, 0x00, 0xff, 0x90, 0x0f, 0xf9,
    0x00, 0xff, 0x90, 0x0f, 0xf9, 0x00, 0xff, 0x90,
    0x0f, 0xf9, 0x00, 0xff, 0x90, 0x0f, 0xf9, 0x00,
    0xff, 0x90, 0x0f, 0xfa, 0x21, 0xff, 0xff, 0xbf,
    0xff, 0xfb,

    /* U+005C "\\" */
    0x8f, 0xd0, 0x00, 0x00, 0x4f, 0xf1, 0x00, 0x00,
    0x0f, 0xf5, 0x00, 0x00, 0x0c, 0xf9, 0x00, 0x00,
    0x07, 0xfd, 0x00, 0x00, 0x03, 0xff, 0x10, 0x00,
    0x00, 0xff, 0x50, 0x00, 0x00, 0xbf, 0xa0, 0x00,
    0x00, 0x7f, 0xe0, 0x00, 0x00, 0x3f, 0xf2, 0x00,
    0x00, 0x0e, 0xf6, 0x00, 0x00, 0x0a, 0xfa, 0x00,
    0x00, 0x06, 0xfe, 0x00, 0x00, 0x02, 0xff, 0x20,
    0x00, 0x00, 0xef, 0x70, 0x00, 0x00, 0xaf, 0xb0,
    0x00, 0x00, 0x6f, 0xf0, 0x00, 0x00, 0x1f, 0xf3,
    0x00, 0x00, 0x0d, 0xf7,

    /* U+005D "]" */
    0xef, 0xff, 0xde, 0xff, 0xfd, 0x12, 0xcf, 0xd0,
    0x0c, 0xfd, 0x00, 0xcf, 0xd0, 0x0c, 0xfd, 0x00,
    0xcf, 0xd0, 0x0c, 0xfd, 0x00, 0xcf, 0xd0, 0x0c,
    0xfd, 0x00, 0xcf, 0xd0, 0x0c, 0xfd, 0x00, 0xcf,
    0xd0, 0x0c, 0xfd, 0x00, 0xcf, 0xd0, 0x0c, 0xfd,
    0x00, 0xcf, 0xd1, 0x2c, 0xfd, 0xef, 0xff, 0xde,
    0xff, 0xfd,

    /* U+005E "^" */
    0x00, 0x00, 0x11, 0x00, 0x00, 0x00, 0x06, 0xff,
    0x80, 0x00, 0x00, 0x0d, 0xff, 0xe0, 0x00, 0x00,
    0x5f, 0xb9, 0xf7, 0x00, 0x00, 0xdf, 0x42, 0xfe,
    0x00, 0x05, 0xfc, 0x00, 0xbf, 0x60, 0x0c, 0xf5,
    0x00, 0x3f, 0xe0, 0x16, 0x60, 0x00, 0x06, 0x61,

    /* U+005F "_" */
    0x33, 0x33, 0x33, 0x33, 0x33, 0xff, 0xff, 0xff,
    0xff, 0xfd, 0xff, 0xff, 0xff, 0xff, 0xfd,

    /* U+0060 "`" */
    0x14, 0x41, 0x00, 0xdf, 0x80, 0x04, 0xfe, 0x00,
    0x0a, 0xf6,

    /* U+0061 "a" */
    0x00, 0x07, 0xdf, 0xec, 0x70, 0x00, 0x1d, 0xff,
    0xff, 0xff, 0xb0, 0x0a, 0xff, 0x83, 0x3b, 0xff,
    0x50, 0x25, 0x60, 0x00, 0x1f, 0xf9, 0x00, 0x00,
    0x00, 0x26, 0xff, 0xa0, 0x04, 0xae, 0xff, 0xff,
    0xfa, 0x08, 0xff, 0xfc, 0xa6, 0xff, 0xa1, 0xff,
    0xb1, 0x00, 0x0f, 0xfa, 0x3f, 0xf6, 0x00, 0x03,
    0xff, 0xa1, 0xff, 0xd3, 0x14, 0xef, 0xfa, 0x09,
    0xff, 0xff, 0xfb, 0xef, 0xa0, 0x07, 0xdf, 0xe8,
    0x0e, 0xfa,

    /* U+0062 "b" */
    0x9f, 0xf1, 0x00, 0x00, 0x00, 0x00, 0x9f, 0xf1,
    0x00, 0x00, 0x00, 0x00, 0x9f, 0xf1, 0x00, 0x00,
    0x00, 0x00, 0x9f, 0xf1, 0x00, 0x00, 0x00, 0x00,
    0x9f, 0xf1, 0x6d, 0xfd, 0x70, 0x00, 0x9f, 0xf7,
    0xff, 0xff, 0xfb, 0x00, 0x9f, 0xff, 0x94, 0x6e,
    0xff, 0x60, 0x9f, 0xfa, 0x00, 0x02, 0xff, 0xd0,
    0x9f, 0xf3, 0x00, 0x00, 0xbf, 0xf1, 0x9f, 0xf1,
    0x00, 0x00, 0x9f, 0xf2, 0x9f, 0xf1, 0x00, 0x00,
    0x9f, 0xf2, 0x9f, 0xf3, 0x00, 0x00, 0xbf, 0xf1,
    0x9f, 0xfa, 0x00, 0x02, 0xff, 0xd0, 0x9f, 0xff,
    0xa5, 0x6e, 0xff, 0x60, 0x9f, 0xf6, 0xff, 0xff,
    0xfb, 0x00, 0x9f, 0xf0, 0x6d, 0xfd, 0x70, 0x00,

    /* U+0063 "c" */
    0x00, 0x03, 0xae, 0xfe, 0x81, 0x00, 0x00, 0x6f,
    0xff, 0xff, 0xfe, 0x20, 0x03, 0xff, 0xe6, 0x48,
    0xff, 0xd0, 0x0a, 0xff, 0x40, 0x00, 0x7f, 0xd2,
    0x0e, 0xfd, 0x00, 0x00, 0x00, 0x00, 0x0f, 0xfa,
    0x00, 0x00, 0x00, 0x00, 0x0f, 0xfa, 0x00, 0x00,
    0x00, 0x00, 0x0e, 0xfd, 0x00, 0x00, 0x02, 0x00,
    0x0a, 0xff, 0x40, 0x00, 0x7f, 0xf2, 0x03, 0xff,
    0xe6, 0x48, 0xff, 0xd0, 0x00, 0x6f, 0xff, 0xff,
    0xfe, 0x20, 0x00, 0x03, 0xae, 0xfe, 0x91, 0x00,

    /* U+0064 "d" */
    0x00, 0x00, 0x00, 0x00, 0x0f, 0xfb, 0x00, 0x00,
    0x00, 0x00, 0x0f, 0xfb, 0x00, 0x00, 0x00, 0x00,
    0x0f, 0xfb, 0x00, 0x00, 0x00, 0x00, 0x0f, 0xfb,
    0x00, 0x06, 0xdf, 0xe7, 0x0f, 0xfb, 0x00, 0xaf,
    0xff, 0xff, 0x8f, 0xfb, 0x05, 0xff, 0xe7, 0x49,
    0xff, 0xfb, 0x0b, 0xff, 0x30, 0x00, 0x8f, 0xfb,
    0x0f, 0xfd, 0x00, 0x00, 0x1f, 0xfb, 0x0f, 0xfa,
    0x00, 0x00, 0x0f, 0xfb, 0x0f, 0xfa, 0x00, 0x00,
    0x0f, 0xfb, 0x0f, 0xfd, 0x00, 0x00, 0x1f, 0xfb,
    0x0b, 0xff, 0x40, 0x00, 0x8f, 0xfb, 0x05, 0xff,
    0xe7, 0x59, 0xff, 0xfb, 0x00, 0xaf, 0xff, 0xff,
    0x8e, 0xfb, 0x00, 0x06, 0xdf, 0xe7, 0x0e, 0xfb,

    /* U+0065 "e" */
    0x00, 0x03, 0xae, 0xfd, 0x81, 0x00, 0x00, 0x6f,
    0xff, 0xff, 0xfd, 0x10, 0x03, 0xff, 0xd5, 0x37,
    0xff, 0xb0, 0x0a, 0xfe, 0x10, 0x00, 0x7f, 0xf2,
    0x0e, 0xfa, 0x00, 0x00, 0x2f, 0xf6, 0x0f, 0xff,
    0xff, 0xff, 0xff, 0xf8, 0x0f, 0xff, 0xee, 0xee,
    0xee, 0xe7, 0x0f, 0xfa, 0x00, 0x00, 0x00, 0x00,
    0x0a, 0xff, 0x10, 0x00, 0x27, 0x40, 0x03, 0xff,
    0xd5, 0x35, 0xdf, 0xf2, 0x00, 0x6f, 0xff, 0xff,
    0xff, 0x60, 0x00, 0x03, 0xae, 0xfe, 0xb3, 0x00,

    /* U+0066 "f" */
    0x00, 0x03, 0xbf, 0xea, 0x00, 0x2f, 0xff, 0xf9,
    0x00, 0x8f, 0xf9, 0x53, 0x00, 0xaf, 0xf0, 0x00,
    0x00, 0xbf, 0xf0, 0x00, 0xcf, 0xff, 0xff, 0xf7,
    0xcf, 0xff, 0xff, 0xf7, 0x12, 0xdf, 0xf2, 0x21,
    0x00, 0xbf, 0xf0, 0x00, 0x00, 0xbf, 0xf0, 0x00,
    0x00, 0xbf, 0xf0, 0x00, 0x00, 0xbf, 0xf0, 0x00,
    0x00, 0xbf, 0xf0, 0x00, 0x00, 0xbf, 0xf0, 0x00,
    0x00, 0xbf, 0xf0, 0x00, 0x00, 0xbf, 0xf0, 0x00,
    0x00, 0xbf, 0xf0, 0x00,

    /* U+0067 "g" */
    0x00, 0x06, 0xcf, 0xe8, 0x0e, 0xfb, 0x00, 0x9f,
    0xff, 0xff, 0x8e, 0xfb, 0x04, 0xff, 0xf7, 0x49,
    0xff, 0xfb, 0x0a, 0xff, 0x40, 0x00, 0x8f, 0xfb,
    0x0f, 0xfd, 0x00, 0x00, 0x1f, 0xfb, 0x0f, 0xfa,
    0x00, 0x00, 0x0f, 0xfb, 0x0f, 0xfa, 0x00, 0x00,
    0x0f, 0xfb, 0x0f, 0xfc, 0x00, 0x00, 0x1f, 0xfb,
    0x0c, 0xff, 0x20, 0x00, 0x7f, 0xfb, 0x06, 0xff,
    0xe5, 0x37, 0xff, 0xfb, 0x00, 0xbf, 0xff, 0xff,
    0x9e, 0xfb, 0x00, 0x07, 0xdf, 0xe8, 0x0e, 0xfb,
    0x00, 0x00, 0x00, 0x00, 0x1f, 0xf9, 0x05, 0xdf,
    0x72, 0x14, 0xcf, 0xf4, 0x01, 0xdf, 0xff, 0xff,
    0xff, 0x80, 0x00, 0x07, 0xcf, 0xfe, 0xb4, 0x00,

    /* U+0068 "h" */
    0x9f, 0xf0, 0x00, 0x00, 0x00, 0x09, 0xff, 0x00,
    0x00, 0x00, 0x00, 0x9f, 0xf0, 0x00, 0x00, 0x00,
    0x09, 0xff, 0x00, 0x00, 0x00, 0x00, 0x9f, 0xf0,
    0x7d, 0xfd, 0x70, 0x09, 0xff, 0x8f, 0xff, 0xff,
    0x90, 0x9f, 0xff, 0x96, 0x9f, 0xff, 0x19, 0xff,
    0x70, 0x00, 0x9f, 0xf5, 0x9f, 0xf2, 0x00, 0x04,
    0xff, 0x69, 0xff, 0x10, 0x00, 0x3f, 0xf7, 0x9f,
    0xf1, 0x00, 0x03, 0xff, 0x79, 0xff, 0x10, 0x00,
    0x3f, 0xf7, 0x9f, 0xf1, 0x00, 0x03, 0xff, 0x79,
    0xff, 0x10, 0x00, 0x3f, 0xf7, 0x9f, 0xf1, 0x00,
    0x03, 0xff, 0x79, 0xff, 0x10, 0x00, 0x3f, 0xf7,

    /* U+0069 "i" */
    0x5e, 0xc0, 0xbf, 0xf4, 0x5f, 0xc0, 0x00, 0x00,
    0x00, 0x00, 0x9f, 0xf1, 0x9f, 0xf1, 0x9f, 0xf1,
    0x9f, 0xf1, 0x9f, 0xf1, 0x9f, 0xf1, 0x9f, 0xf1,
    0x9f, 0xf1, 0x9f, 0xf1, 0x9f, 0xf1, 0x9f, 0xf1,
    0x9f, 0xf1,

    /* U+006A "j" */
    0x00, 0x5f, 0xb0, 0x00, 0xcf, 0xf3, 0x00, 0x5f,
    0xc0, 0x00, 0x00, 0x00, 0x00, 0x00, 0x00, 0x00,
    0x9f, 0xf1, 0x00, 0x9f, 0xf1, 0x00, 0x9f, 0xf1,
    0x00, 0x9f, 0xf1, 0x00, 0x9f, 0xf1, 0x00, 0x9f,
    0xf1, 0x00, 0x9f, 0xf1, 0x00, 0x9f, 0xf1, 0x00,
    0x9f, 0xf1, 0x00, 0x9f, 0xf1, 0x00, 0x9f, 0xf1,
    0x00, 0x9f, 0xf1, 0x00, 0xaf, 0xf0, 0x16, 0xff,
    0xe0, 0x7f, 0xff, 0x70, 0x7f, 0xd7, 0x00,

    /* U+006B "k" */
    0x9f, 0xf1, 0x00, 0x00, 0x00, 0x09, 0xff, 0x10,
    0x00, 0x00, 0x00, 0x9f, 0xf1, 0x00, 0x00, 0x00,
    0x09, 0xff, 0x10, 0x00, 0x00, 0x00, 0x9f, 0xf1,
    0x00, 0x1e, 0xff, 0x29, 0xff, 0x10, 0x0c, 0xff,
    0x40, 0x9f, 0xf1, 0x0a, 0xff, 0x60, 0x09, 0xff,
    0x18, 0xff, 0x90, 0x00, 0x9f, 0xf7, 0xff, 0xb0,
    0x00, 0x09, 0xff, 0xff, 0xf4, 0x00, 0x00, 0x9f,
    0xff, 0xff, 0xe0, 0x00, 0x09, 0xff, 0xa8, 0xff,
    0xa0, 0x00, 0x9f, 0xf1, 0x0c, 0xff, 0x50, 0x09,
    0xff, 0x10, 0x2f, 0xfe, 0x10, 0x9f, 0xf1, 0x00,
    0x7f, 0xfb, 0x09, 0xff, 0x10, 0x00, 0xbf, 0xf7,

    /* U+006C "l" */
    0x9f, 0xf1, 0x9f, 0xf1, 0x9f, 0xf1, 0x9f, 0xf1,
    0x9f, 0xf1, 0x9f, 0xf1, 0x9f, 0xf1, 0x9f, 0xf1,
    0x9f, 0xf1, 0x9f, 0xf1, 0x9f, 0xf1, 0x9f, 0xf1,
    0x9f, 0xf1, 0x9f, 0xf1, 0x9f, 0xf1, 0x9f, 0xf1,

    /* U+006D "m" */
    0x9f, 0xe0, 0x9e, 0xfb, 0x10, 0x4c, 0xfe, 0x90,
    0x09, 0xff, 0x9f, 0xff, 0xfb, 0x4f, 0xff, 0xff,
    0xc0, 0x9f, 0xfd, 0x43, 0xaf, 0xff, 0xb3, 0x4d,
    0xff, 0x49, 0xff, 0x40, 0x00, 0xff, 0xf0, 0x00,
    0x5f, 0xf7, 0x9f, 0xf1, 0x00, 0x0d, 0xfc, 0x00,
    0x02, 0xff, 0x79, 0xff, 0x10, 0x00, 0xdf, 0xc0,
    0x00, 0x2f, 0xf8, 0x9f, 0xf1, 0x00, 0x0d, 0xfc,
    0x00, 0x02, 0xff, 0x89, 0xff, 0x10, 0x00, 0xdf,
    0xc0, 0x00, 0x2f, 0xf8, 0x9f, 0xf1, 0x00, 0x0d,
    0xfc, 0x00, 0x02, 0xff, 0x89, 0xff, 0x10, 0x00,
    0xdf, 0xc0, 0x00, 0x2f, 0xf8, 0x9f, 0xf1, 0x00,
    0x0d, 0xfc, 0x00, 0x02, 0xff, 0x89, 0xff, 0x10,
    0x00, 0xdf, 0xc0, 0x00, 0x2f, 0xf8,

    /* U+006E "n" */
    0x9f, 0xf0, 0x6d, 0xfd, 0x70, 0x09, 0xff, 0x7f,
    0xff, 0xff, 0x90, 0x9f, 0xfe, 0x63, 0x7f, 0xff,
    0x19, 0xff, 0x60, 0x00, 0x8f, 0xf5, 0x9f, 0xf1,
    0x00, 0x04, 0xff, 0x69, 0xff, 0x10, 0x00, 0x3f,
    0xf7, 0x9f, 0xf1, 0x00, 0x03, 0xff, 0x79, 0xff,
    0x10, 0x00, 0x3f, 0xf7, 0x9f, 0xf1, 0x00, 0x03,
    0xff, 0x79, 0xff, 0x10, 0x00, 0x3f, 0xf7, 0x9f,
    0xf1, 0x00, 0x03, 0xff, 0x79, 0xff, 0x10, 0x00,
    0x3f, 0xf7,

    /* U+006F "o" */
    0x00, 0x03, 0xae, 0xfd, 0x92, 0x00, 0x00, 0x6f,
    0xff, 0xff, 0xfe, 0x30, 0x03, 0xff, 0xe6, 0x48,
    0xff, 0xe0, 0x0a, 0xff, 0x30, 0x00, 0x7f, 0xf6,
    0x0e, 0xfd, 0x00, 0x00, 0x0f, 0xfb, 0x0f, 0xfa,
    0x00, 0x00, 0x0d, 0xfd, 0x0f, 0xfa, 0x00, 0x00,
    0x0d, 0xfd, 0x0e, 0xfd, 0x00, 0x00, 0x0f, 0xfb,
    0x0a, 0xff, 0x30, 0x00, 0x7f, 0xf6, 0x03, 0xff,
    0xe6, 0x48, 0xff, 0xe1, 0x00, 0x6f, 0xff, 0xff,
    0xfe, 0x30, 0x00, 0x03, 0xae, 0xfd, 0x92, 0x00,

    /* U+0070 "p" */
    0x9f, 0xf0, 0x7d, 0xfd, 0x70, 0x00, 0x9f, 0xf8,
    0xff, 0xff, 0xfb, 0x00, 0x9f, 0xff, 0x72, 0x4c,
    0xff, 0x60, 0x9f, 0xf8, 0x00, 0x01, 0xff, 0xd0,
    0x9f, 0xf3, 0x00, 0x00, 0xbf, 0xf1, 0x9f, 0xf0,
    0x00, 0x00, 0x9f, 0xf2, 0x9f, 0xf1, 0x00, 0x00,
    0x9f, 0xf2, 0x9f, 0xf3, 0x00, 0x00, 0xcf, 0xf1,
    0x9f, 0xfa, 0x00, 0x03, 0xff, 0xd0, 0x9f, 0xff,
    0xa5, 0x6e, 0xff, 0x60, 0x9f, 0xf7, 0xff, 0xff,
    0xfb, 0x00, 0x9f, 0xf1, 0x6d, 0xfd, 0x70, 0x00,
    0x9f, 0xf1, 0x00, 0x00, 0x00, 0x00, 0x9f, 0xf1,
    0x00, 0x00, 0x00, 0x00, 0x9f, 0xf1, 0x00, 0x00,
    0x00, 0x00, 0x9f, 0xf1, 0x00, 0x00, 0x00, 0x00,

    /* U+0071 "q" */
    0x00, 0x06, 0xdf, 0xe7, 0x0e, 0xfb, 0x00, 0xaf,
    0xff, 0xff, 0x8e, 0xfb, 0x05, 0xff, 0xe7, 0x49,
    0xff, 0xfb, 0x0b, 0xff, 0x30, 0x00, 0x8f, 0xfb,
    0x0f, 0xfd, 0x00, 0x00, 0x1f, 0xfb, 0x0f, 0xfa,
    0x00, 0x00, 0x0f, 0xfb, 0x0f, 0xfa, 0x00, 0x00,
    0x0f, 0xfb, 0x0f, 0xfd, 0x00, 0x00, 0x1f, 0xfb,
    0x0b, 0xff, 0x40, 0x00, 0x8f, 0xfb, 0x05, 0xff,
    0xe7, 0x59, 0xff, 0xfb, 0x00, 0xaf, 0xff, 0xff,
    0x8f, 0xfb, 0x00, 0x06, 0xdf, 0xe7, 0x0f, 0xfb,
    0x00, 0x00, 0x00, 0x00, 0x0f, 0xfb, 0x00, 0x00,
    0x00, 0x00, 0x0f, 0xfb, 0x00, 0x00, 0x00, 0x00,
    0x0f, 0xfb, 0x00, 0x00, 0x00, 0x00, 0x0f, 0xfb,

    /* U+0072 "r" */
    0x00, 0x00, 0x00, 0x09, 0xff, 0x09, 0xee, 0x9f,
    0xf9, 0xff, 0xe9, 0xff, 0xf9, 0x55, 0x9f, 0xf8,
    0x00, 0x09, 0xff, 0x20, 0x00, 0x9f, 0xf1, 0x00,
    0x09, 0xff, 0x10, 0x00, 0x9f, 0xf1, 0x00, 0x09,
    0xff, 0x10, 0x00, 0x9f, 0xf1, 0x00, 0x09, 0xff,
    0x10, 0x00, 0x9f, 0xf1, 0x00, 0x00,

    /* U+0073 "s" */
    0x00, 0x18, 0xdf, 0xfc, 0x60, 0x00, 0x1e, 0xff,
    0xff, 0xff, 0x90, 0x09, 0xff, 0x71, 0x2a, 0xff,
    0x30, 0xbf, 0xf0, 0x00, 0x06, 0x30, 0x09, 0xff,
    0xa3, 0x00, 0x00, 0x00, 0x1d, 0xff, 0xff, 0xc7,
    0x10, 0x00, 0x07, 0xcf, 0xff, 0xfe, 0x10, 0x00,
    0x00, 0x03, 0xaf, 0xf8, 0x06, 0xa6, 0x00, 0x01,
    0xff, 0xa0, 0xdf, 0xf6, 0x23, 0xaf, 0xf6, 0x03,
    0xff, 0xff, 0xff, 0xfb, 0x00, 0x02, 0x9e, 0xff,
    0xc6, 0x00,

    /* U+0074 "t" */
    0x02, 0xff, 0x80, 0x00, 0x02, 0xff, 0x80, 0x00,
    0x02, 0xff, 0x80, 0x00, 0xcf, 0xff, 0xff, 0xb0,
    0xcf, 0xff, 0xff, 0xb0, 0x15, 0xff, 0xa2, 0x10,
    0x02, 0xff, 0x80, 0x00, 0x02, 0xff, 0x80, 0x00,
    0x02, 0xff, 0x80, 0x00, 0x02, 0xff, 0x80, 0x00,
    0x02, 0xff, 0x80, 0x00, 0x02, 0xff, 0x80, 0x00,
    0x00, 0xff, 0xd4, 0x30, 0x00, 0xbf, 0xff, 0xc0,
    0x00, 0x19, 0xef, 0xd0,

    /* U+0075 "u" */
    0x9f, 0xf1, 0x00, 0x03, 0xff, 0x79, 0xff, 0x10,
    0x00, 0x3f, 0xf7, 0x9f, 0xf1, 0x00, 0x03, 0xff,
    0x79, 0xff, 0x10, 0x00, 0x3f, 0xf7, 0x9f, 0xf1,
    0x00, 0x03, 0xff, 0x79, 0xff, 0x10, 0x00, 0x3f,
    0xf7, 0x9f, 0xf1, 0x00, 0x03, 0xff, 0x79, 0xff,
    0x20, 0x00, 0x4f, 0xf7, 0x7f, 0xf6, 0x00, 0x0a,
    0xff, 0x73, 0xff, 0xf8, 0x5a, 0xff, 0xf7, 0x0b,
    0xff, 0xff, 0xf6, 0xff, 0x70, 0x09, 0xef, 0xc4,
    0x1f, 0xf7,

    /* U+0076 "v" */
    0x6f, 0xf6, 0x00, 0x00, 0x1f, 0xfc, 0x1f, 0xfb,
    0x00, 0x00, 0x5f, 0xf6, 0x0b, 0xff, 0x10, 0x00,
    0xbf, 0xf1, 0x05, 0xff, 0x50, 0x00, 0xff, 0xa0,
    0x00, 0xff, 0xb0, 0x05, 0xff, 0x50, 0x00, 0xaf,
    0xf0, 0x0a, 0xff, 0x00, 0x00, 0x4f, 0xf5, 0x0f,
    0xf9, 0x00, 0x00, 0x0e, 0xf9, 0x3f, 0xf4, 0x00,
    0x00, 0x09, 0xfe, 0x8f, 0xe0, 0x00, 0x00, 0x03,
    0xff, 0xef, 0x80, 0x00, 0x00, 0x00, 0xdf, 0xff,
    0x30, 0x00, 0x00, 0x00, 0x8f, 0xfd, 0x00, 0x00,

    /* U+0077 "w" */
    0x6f, 0xf6, 0x00, 0x09, 0xff, 0x30, 0x00, 0xcf,
    0xf0, 0x1f, 0xf9, 0x00, 0x0c, 0xff, 0x70, 0x00,
    0xff, 0xb0, 0x0d, 0xfd, 0x00, 0x0f, 0xff, 0xb0,
    0x04, 0xff, 0x70, 0x08, 0xff, 0x10, 0x4f, 0xef,
    0xe0, 0x07, 0xff, 0x20, 0x04, 0xff, 0x50, 0x8f,
    0x8e, 0xf2, 0x0b, 0xfe, 0x00, 0x00, 0xff, 0x90,
    0xcf, 0x4b, 0xf6, 0x0f, 0xf9, 0x00, 0x00, 0xbf,
    0xc0, 0xff, 0x17, 0xfa, 0x2f, 0xf5, 0x00, 0x00,
    0x6f, 0xf4, 0xfc, 0x03, 0xfd, 0x6f, 0xf0, 0x00,
    0x00, 0x2f, 0xfa, 0xf8, 0x00, 0xef, 0xaf, 0xb0,
    0x00, 0x00, 0x0d, 0xff, 0xf3, 0x00, 0xaf, 0xff,
    0x70, 0x00, 0x00, 0x09, 0xff, 0xf0, 0x00, 0x5f,
    0xff, 0x20, 0x00, 0x00, 0x04, 0xff, 0xb0, 0x00,
    0x1f, 0xfe, 0x00, 0x00,

    /* U+0078 "x" */
    0x0e, 0xfe, 0x00, 0x00, 0xdf, 0xe0, 0x05, 0xff,
    0x80, 0x08, 0xff, 0x50, 0x00, 0xbf, 0xf1, 0x1f,
    0xfb, 0x00, 0x00, 0x2f, 0xf9, 0x9f, 0xf2, 0x00,
    0x00, 0x08, 0xff, 0xff, 0x70, 0x00, 0x00, 0x00,
    0xff, 0xff, 0x00, 0x00, 0x00, 0x02, 0xff, 0xff,
    0x10, 0x00, 0x00, 0x0b, 0xfe, 0xef, 0xa0, 0x00,
    0x00, 0x5f, 0xf5, 0x7f, 0xf4, 0x00, 0x00, 0xef,
    0xd0, 0x0e, 0xfd, 0x00, 0x09, 0xff, 0x40, 0x05,
    0xff, 0x80, 0x3f, 0xfa, 0x00, 0x00, 0xcf, 0xf2,

    /* U+0079 "y" */
    0x6f, 0xf6, 0x00, 0x00, 0x0f, 0xfc, 0x1f, 0xfb,
    0x00, 0x00, 0x6f, 0xf6, 0x0a, 0xff, 0x10, 0x00,
    0xbf, 0xf0, 0x04, 0xff, 0x60, 0x01, 0xff, 0xa0,
    0x00, 0xef, 0xb0, 0x06, 0xff, 0x40, 0x00, 0x8f,
    0xf1, 0x0c, 0xfe, 0x00, 0x00, 0x2f, 0xf6, 0x1f,
    0xf8, 0x00, 0x00, 0x0c, 0xfa, 0x6f, 0xf2, 0x00,
    0x00, 0x06, 0xfe, 0xaf, 0xc0, 0x00, 0x00, 0x01,
    0xff, 0xff, 0x60, 0x00, 0x00, 0x00, 0xaf, 0xff,
    0x00, 0x00, 0x00, 0x00, 0x5f, 0xf9, 0x00, 0x00,
    0x00, 0x00, 0x7f, 0xf3, 0x00, 0x00, 0x00, 0x44,
    0xef, 0xd0, 0x00, 0x00, 0x05, 0xff, 0xff, 0x40,
    0x00, 0x00, 0x07, 0xff, 0xc4, 0x00, 0x00, 0x00,

    /* U+007A "z" */
    0x9f, 0xff, 0xff, 0xff, 0xf7, 0x9f, 0xff, 0xff,
    0xff, 0xf6, 0x35, 0x55, 0x56, 0xff, 0xe1, 0x00,
    0x00, 0x0b, 0xff, 0x40, 0x00, 0x00, 0x7f, 0xf8,
    0x00, 0x00, 0x03, 0xff, 0xc0, 0x00, 0x00, 0x1e,
    0xff, 0x20, 0x00, 0x00, 0xbf, 0xf5, 0x00, 0x00,
    0x07, 0xff, 0xa0, 0x00, 0x00, 0x3f, 0xff, 0x65,
    0x55, 0x53, 0xbf, 0xff, 0xff, 0xff, 0xfa, 0xcf,
    0xff, 0xff, 0xff, 0xfa,

    /* U+007B "{" */
    0x00, 0x00, 0x7c, 0xe6, 0x00, 0x09, 0xff, 0xf6,
    0x00, 0x1f, 0xfd, 0x41, 0x00, 0x3f, 0xf4, 0x00,
    0x00, 0x4f, 0xf3, 0x00, 0x00, 0x4f, 0xf3, 0x00,
    0x00, 0x5f, 0xf2, 0x00, 0x00, 0x9f, 0xf1, 0x00,
    0x9f, 0xff, 0x80, 0x00, 0xff, 0xf5, 0x00, 0x00,
    0xff, 0xff, 0x60, 0x00, 0x03, 0xdf, 0xf0, 0x00,
    0x00, 0x6f, 0xf2, 0x00, 0x00, 0x4f, 0xf3, 0x00,
    0x00, 0x4f, 0xf3, 0x00, 0x00, 0x4f, 0xf3, 0x00,
    0x00, 0x3f, 0xf5, 0x00, 0x00, 0x0f, 0xfd, 0x40,
    0x00, 0x09, 0xff, 0xf6, 0x00, 0x00, 0x7c, 0xe6,

    /* U+007C "|" */
    0x7f, 0xf7, 0xff, 0x7f, 0xf7, 0xff, 0x7f, 0xf7,
    0xff, 0x7f, 0xf7, 0xff, 0x7f, 0xf7, 0xff, 0x7f,
    0xf7, 0xff, 0x7f, 0xf7, 0xff, 0x7f, 0xf7, 0xff,
    0x7f, 0xf7, 0xff, 0x7f, 0xf7, 0xff, 0x7f, 0xf7,
    0xff, 0x7f, 0xf7, 0xff, 0x7f, 0xf7, 0xff,

    /* U+007D "}" */
    0xdd, 0xb3, 0x00, 0x00, 0xef, 0xff, 0x30, 0x00,
    0x27, 0xff, 0x90, 0x00, 0x00, 0xcf, 0xc0, 0x00,
    0x00, 0xaf, 0xd0, 0x00, 0x00, 0xaf, 0xd0, 0x00,
    0x00, 0xaf, 0xd0, 0x00, 0x00, 0x8f, 0xf2, 0x00,
    0x00, 0x2e, 0xff, 0xf1, 0x00, 0x00, 0xff, 0xf3,
    0x00, 0x1c, 0xff, 0xf3, 0x00, 0x7f, 0xf8, 0x10,
    0x00, 0x9f, 0xe0, 0x00, 0x00, 0xaf, 0xd0, 0x00,
    0x00, 0xaf, 0xd0, 0x00, 0x00, 0xaf, 0xd0, 0x00,
    0x00, 0xcf, 0xc0, 0x00, 0x27, 0xff, 0x90, 0x00,
    0xef, 0xff, 0x20, 0x00, 0xdd, 0xa3, 0x00, 0x00,

    /* U+007E "~" */
    0x00, 0x14, 0x30, 0x00, 0x00, 0x00, 0x05, 0xff,
    0xfd, 0x30, 0x0b, 0xf7, 0x0f, 0xff, 0xff, 0xf8,
    0x7f, 0xf4, 0x4f, 0xf3, 0x2b, 0xff, 0xff, 0xe0,
    0x3a, 0x80, 0x00, 0x7d, 0xfc, 0x20,

    /* U+00A0 " " */

    /* U+00A1 "¡" */
    0x0b, 0xf8, 0x03, 0xff, 0xf0, 0x1f, 0xfc, 0x00,
    0x14, 0x00, 0x00, 0x00, 0x00, 0xbc, 0x80, 0x0e,
    0xfa, 0x00, 0xef, 0xa0, 0x0f, 0xfb, 0x00, 0xff,
    0xb0, 0x0f, 0xfb, 0x00, 0xff, 0xb0, 0x0f, 0xfc,
    0x00, 0xff, 0xc0, 0x0f, 0xfc, 0x01, 0xff, 0xd0,

    /* U+00A2 "¢" */
    0x00, 0x00, 0x04, 0xf0, 0x00, 0x00, 0x00, 0x00,
    0x04, 0xf0, 0x00, 0x00, 0x00, 0x03, 0xaf, 0xfe,
    0x81, 0x00, 0x00, 0x6f, 0xff, 0xff, 0xfe, 0x20,
    0x02, 0xff, 0xeb, 0xf8, 0xff, 0xd0, 0x09, 0xff,
    0x44, 0xf0, 0x7f, 0xe2, 0x0e, 0xfd, 0x04, 0xf0,
    0x01, 0x00, 0x0f, 0xfa, 0x04, 0xf0, 0x00, 0x00,
    0x0f, 0xfa, 0x04, 0xf0, 0x00, 0x00, 0x0f, 0xfc,
    0x04, 0xf0, 0x00, 0x00, 0x0b, 0xff, 0x24, 0xf0,
    0x5f, 0xc2, 0x04, 0xff, 0xd7, 0xf4, 0xef, 0xe0,
    0x00, 0x9f, 0xff, 0xff, 0xff, 0x50, 0x00, 0x06,
    0xef, 0xff, 0xc4, 0x00, 0x00, 0x00, 0x06, 0xf1,
    0x00, 0x00, 0x00, 0x00, 0x04, 0xf0, 0x00, 0x00,

    /* U+00A3 "£" */
    0x00, 0x02, 0xae, 0xfd, 0x80, 0x00, 0x00, 0x4f,
    0xff, 0xff, 0xfd, 0x10, 0x00, 0xef, 0xf8, 0x6b,
    0xff, 0x90, 0x05, 0xff, 0x60, 0x00, 0xbf, 0xf0,
    0x08, 0xff, 0x10, 0x00, 0x36, 0x30, 0x08, 0xff,
    0x00, 0x00, 0x00, 0x00, 0x07, 0xff, 0x10, 0x00,
    0x00, 0x00, 0xef, 0xff, 0xfe, 0xee, 0x60, 0x00,
    0xff, 0xff, 0xff, 0xff, 0x70, 0x00, 0x05, 0xff,
    0x20, 0x00, 0x00, 0x00, 0x05, 0xff, 0x30, 0x00,
    0x00, 0x00, 0x04, 0xff, 0x30, 0x00, 0x00, 0x00,
    0x06, 0xff, 0x10, 0x00, 0x2b, 0xb2, 0xdf, 0xf9,
    0x66, 0x66, 0xaf, 0xf2, 0xff, 0xff, 0xff, 0xff,
    0xff, 0xd0, 0xff, 0xff, 0xff, 0xff, 0xfb, 0x20,

    /* U+00A4 "¤" */
    0x01, 0x00, 0x00, 0x00, 0x00, 0x00, 0x00, 0x2e,
    0x60, 0x7d, 0xfe, 0xb5, 0x0a, 0xc0, 0x5f, 0xff,
    0xff, 0xef, 0xff, 0xff, 0xe2, 0x08, 0xff, 0x91,
    0x00, 0x3c, 0xff, 0x30, 0x0a, 0xf8, 0x00, 0x00,
    0x00, 0xdf, 0x50, 0x1f, 0xe0, 0x00, 0x00, 0x00,
    0x3f, 0xb0, 0x4f, 0x90, 0x00, 0x00, 0x00, 0x0e,
    0xf0, 0x5f, 0x70, 0x00, 0x00, 0x00, 0x0d, 0xf0,
    0x4f, 0x90, 0x00, 0x00, 0x00, 0x0e, 0xf0, 0x1f,
    0xe0, 0x00, 0x00, 0x00, 0x4f, 0xb0, 0x0a, 0xf8,
    0x00, 0x00, 0x00, 0xdf, 0x50, 0x0b, 0xff, 0xa2,
    0x00, 0x4d, 0xff, 0x60, 0x6f, 0xff, 0xff, 0xff,
    0xff, 0xff, 0xf3, 0x0b, 0x30, 0x7d, 0xfe, 0xb5,
    0x06, 0x80,

    /* U+00A5 "¥" */
    0x7f, 0xf5, 0x00, 0x00, 0x8f, 0xf5, 0x1f, 0xfc,
    0x00, 0x00, 0xef, 0xd0, 0x09, 0xff, 0x20, 0x05,
    0xff, 0x60, 0x02, 0xff, 0x90, 0x0b, 0xfe, 0x00,
    0x00, 0xbf, 0xe0, 0x2f, 0xf8, 0x00, 0x00, 0x4f,
    0xf5, 0x8f, 0xf1, 0x00, 0x00, 0x0c, 0xfc, 0xef,
    0xa0, 0x00, 0x00, 0x05, 0xff, 0xff, 0x30, 0x00,
    0x0c, 0xff, 0xff, 0xff, 0xff, 0x60, 0x08, 0xbb,
    0xff, 0xff, 0xbb, 0x40, 0x00, 0x00, 0x7f, 0xf4,
    0x00, 0x00, 0x0c, 0xff, 0xff, 0xff, 0xff, 0x60,
    0x08, 0xbb, 0xff, 0xff, 0xbb, 0x40, 0x00, 0x00,
    0x7f, 0xf4, 0x00, 0x00, 0x00, 0x00, 0x7f, 0xf4,
    0x00, 0x00, 0x00, 0x00, 0x7f, 0xf4, 0x00, 0x00,

    /* U+00A6 "¦" */
    0xef, 0x8e, 0xf8, 0xef, 0x8e, 0xf8, 0xef, 0x8e,
    0xf8, 0xef, 0x84, 0x42, 0x00, 0x00, 0x00, 0x00,
    0x04, 0x52, 0xef, 0x8e, 0xf8, 0xef, 0x8e, 0xf8,
    0xef, 0x8e, 0xf8, 0xef, 0x80,

    /* U+00A7 "§" */
    0x00, 0x5c, 0xee, 0xb3, 0x00, 0x08, 0xff, 0xff,
    0xff, 0x30, 0x0f, 0xfc, 0x44, 0xdf, 0xc0, 0x2f,
    0xf4, 0x00, 0x3d, 0xa0, 0x1f, 0xf8, 0x00, 0x00,
    0x00, 0x09, 0xff, 0xa2, 0x00, 0x00, 0x02, 0xdf,
    0xff, 0xa3, 0x00, 0x4f, 0xc6, 0xbf, 0xff, 0x80,
    0xdf, 0x40, 0x03, 0xbf, 0xf6, 0xef, 0x60, 0x00,
    0x09, 0xfc, 0x9f, 0xf6, 0x00, 0x05, 0xfc, 0x0c,
    0xff, 0xe6, 0x2b, 0xf5, 0x00, 0x7e, 0xff, 0xfc,
    0x40, 0x00, 0x00, 0x7e, 0xff, 0x50, 0x00, 0x00,
    0x00, 0xcf, 0xe0, 0x28, 0x90, 0x00, 0x5f, 0xf1,
    0x4f, 0xf7, 0x01, 0xbf, 0xf0, 0x0c, 0xff, 0xff,
    0xff, 0x80, 0x01, 0xaf, 0xff, 0xe8, 0x00, 0x00,
    0x00, 0x22, 0x00, 0x00,

    /* U+00A8 "¨" */
    0x0a, 0xc2, 0x04, 0xd8, 0x03, 0xff, 0x90, 0xbf,
    0xf0, 0x0c, 0xe3, 0x05, 0xfa, 0x00,

    /* U+00A9 "©" */
    0x00, 0x00, 0x00, 0x02, 0x43, 0x00, 0x00, 0x00,
    0x00, 0x00, 0x01, 0x9f, 0xff, 0xff, 0xb3, 0x00,
    0x00, 0x00, 0x05, 0xff, 0xff, 0xff, 0xff, 0xf7,
    0x00, 0x00, 0x04, 0xff, 0xe7, 0x20, 0x15, 0xdf,
    0xf7, 0x00, 0x01, 0xff, 0xc1, 0x5c, 0xfe, 0x80,
    0xaf, 0xf3, 0x00, 0x8f, 0xe1, 0x7f, 0xff, 0xff,
    0xc0, 0xcf, 0xb0, 0x0e, 0xf7, 0x2f, 0xf7, 0x13,
    0xef, 0x63, 0xff, 0x12, 0xff, 0x17, 0xf9, 0x00,
    0x04, 0x96, 0x0e, 0xf5, 0x3f, 0xf0, 0x9f, 0x50,
    0x00, 0x00, 0x00, 0xcf, 0x63, 0xff, 0x07, 0xf9,
    0x00, 0x04, 0x95, 0x0c, 0xf6, 0x1f, 0xf2, 0x2f,
    0xf6, 0x03, 0xef, 0x50, 0xff, 0x40, 0xdf, 0x90,
    0x8f, 0xff, 0xff, 0xb0, 0x5f, 0xf0, 0x06, 0xff,
    0x30, 0x6d, 0xfe, 0x80, 0x1e, 0xf9, 0x00, 0x0d,
    0xfe, 0x40, 0x00, 0x00, 0x2d, 0xfe, 0x10, 0x00,
    0x2e, 0xff, 0xb6, 0x56, 0xaf, 0xff, 0x40, 0x00,
    0x00, 0x1c, 0xff, 0xff, 0xff, 0xfd, 0x30, 0x00,
    0x00, 0x00, 0x05, 0xae, 0xfe, 0xb6, 0x00, 0x00,
    0x00,

    /* U+00AA "ª" */
    0x00, 0x7d, 0xfe, 0xa2, 0x00, 0xaf, 0xfb, 0xdf,
    0xe2, 0x07, 0xa2, 0x00, 0xcf, 0x70, 0x00, 0x25,
    0x7e, 0xf8, 0x07, 0xef, 0xff, 0xef, 0x83, 0xff,
    0x61, 0x0a, 0xf8, 0x5f, 0xd0, 0x01, 0xdf, 0x82,
    0xff, 0xca, 0xee, 0xf8, 0x04, 0xdf, 0xe7, 0x8f,
    0x80,

    /* U+00AB "«" */
    0x00, 0x00, 0x5f, 0xf8, 0x0b, 0xff, 0x20, 0x00,
    0x3f, 0xfb, 0x09, 0xff, 0x50, 0x00, 0x1e, 0xfd,
    0x16, 0xff, 0x80, 0x00, 0x0c, 0xff, 0x23, 0xff,
    0xb0, 0x00, 0x0a, 0xff, 0x51, 0xef, 0xd0, 0x00,
    0x00, 0xaf, 0xf5, 0x2e, 0xfd, 0x00, 0x00, 0x00,
    0xcf, 0xf2, 0x3f, 0xfb, 0x00, 0x00, 0x01, 0xef,
    0xd1, 0x6f, 0xf8, 0x00, 0x00, 0x03, 0xff, 0xb0,
    0x9f, 0xf5, 0x00, 0x00, 0x05, 0xff, 0x80, 0xbf,
    0xf2,

    /* U+00AC "¬" */
    0x34, 0x44, 0x44, 0x44, 0x41, 0xcf, 0xff, 0xff,
    0xff, 0xf4, 0xcf, 0xff, 0xff, 0xff, 0xf4, 0x00,
    0x00, 0x00, 0x0f, 0xf4, 0x00, 0x00, 0x00, 0x0f,
    0xf4, 0x00, 0x00, 0x00, 0x0f, 0xf4,

    /* U+00AE "®" */
    0x00, 0x00, 0x58, 0x85, 0x00, 0x00, 0x00, 0x6e,
    0xff, 0xff, 0xe5, 0x00, 0x06, 0xfc, 0x41, 0x15,
    0xdf, 0x50, 0x2f, 0xb0, 0x00, 0x00, 0x0c, 0xf1,
    0x9f, 0x12, 0xee, 0xe9, 0x02, 0xf8, 0xdb, 0x02,
    0xf4, 0x5f, 0x50, 0xcc, 0xf8, 0x02, 0xf3, 0x2f,
    0x40, 0xae, 0xe9, 0x02, 0xfe, 0xfe, 0x00, 0xbd,
    0xbd, 0x02, 0xf3, 0x7e, 0x00, 0xea, 0x5f, 0x61,
    0xb2, 0x1b, 0x47, 0xf4, 0x0c, 0xf6, 0x00, 0x00,
    0x7f, 0xb0, 0x01, 0xcf, 0xda, 0xae, 0xfb, 0x00,
    0x00, 0x06, 0xcf, 0xfc, 0x60, 0x00,

    /* U+00AF "¯" */
    0x2d, 0xdd, 0xdd, 0x93, 0xff, 0xff, 0xfa,

    /* U+00B0 "°" */
    0x02, 0xbf, 0xe8, 0x00, 0x2f, 0xff, 0xff, 0xb0,
    0x9f, 0xa1, 0x2e, 0xf3, 0xbf, 0x30, 0x09, 0xf5,
    0x9f, 0x90, 0x2e, 0xf3, 0x2f, 0xff, 0xff, 0xb0,
    0x02, 0xbf, 0xe8, 0x00,

    /* U+00B1 "±" */
    0x00, 0x00, 0x1f, 0xf3, 0x00, 0x00, 0x00, 0x00,
    0x1f, 0xf3, 0x00, 0x00, 0x04, 0x44, 0x5f, 0xf7,
    0x44, 0x40, 0x0f, 0xff, 0xff, 0xff, 0xff, 0xf2,
    0x0f, 0xff, 0xff, 0xff, 0xff, 0xf2, 0x00, 0x00,
    0x1f, 0xf3, 0x00, 0x00, 0x00, 0x00, 0x1f, 0xf3,
    0x00, 0x00, 0x00, 0x00, 0x1d, 0xd2, 0x00, 0x00,
    0x00, 0x00, 0x00, 0x00, 0x00, 0x00, 0x0f, 0xff,
    0xff, 0xff, 0xff, 0xf2, 0x0f, 0xff, 0xff, 0xff,
    0xff, 0xf2, 0x05, 0x55, 0x55, 0x55, 0x55, 0x50,

    /* U+00B2 "²" */
    0x07, 0xdf, 0xe9, 0x10, 0x9f, 0xeb, 0xef, 0xd0,
    0xab, 0x20, 0x1f, 0xf2, 0x00, 0x00, 0x2f, 0xf1,
    0x00, 0x03, 0xef, 0x90, 0x00, 0x6f, 0xf8, 0x00,
    0x0a, 0xfe, 0x30, 0x00, 0xbf, 0xfd, 0xcc, 0xc6,
    0xdf, 0xff, 0xff, 0xf7,

    /* U+00B3 "³" */
    0x05, 0xcf, 0xfb, 0x20, 0x6f, 0xfc, 0xdf, 0xe1,
    0x8b, 0x50, 0x0d, 0xf5, 0x00, 0x01, 0x4f, 0xf2,
    0x00, 0x4f, 0xfe, 0x40, 0x00, 0x14, 0x6e, 0xf6,
    0x99, 0x40, 0x0b, 0xfb, 0x9f, 0xfd, 0xef, 0xf6,
    0x07, 0xdf, 0xfc, 0x50,

    /* U+00B4 "´" */
    0x00, 0x34, 0x20, 0x2f, 0xf4, 0x09, 0xfa, 0x01,
    0xfe, 0x10,

    /* U+00B5 "µ" */
    0x9f, 0xf1, 0x00, 0x03, 0xff, 0x70, 0x9f, 0xf1,
    0x00, 0x03, 0xff, 0x70, 0x9f, 0xf1, 0x00, 0x03,
    0xff, 0x70, 0x9f, 0xf1, 0x00, 0x03, 0xff, 0x70,
    0x9f, 0xf1, 0x00, 0x03, 0xff, 0x70, 0x9f, 0xf1,
    0x00, 0x03, 0xff, 0x70, 0x9f, 0xf1, 0x00, 0x03,
    0xff, 0x70, 0x9f, 0xf2, 0x00, 0x04, 0xff, 0x70,
    0x9f, 0xf6, 0x00, 0x09, 0xff, 0x70, 0x9f, 0xff,
    0x52, 0x5f, 0xff, 0xa1, 0x9f, 0xfd, 0xff, 0xfc,
    0xbf, 0xfc, 0x9f, 0xf3, 0xbf, 0xb1, 0x2b, 0xfc,
    0x9f, 0xf1, 0x00, 0x00, 0x00, 0x00, 0x9f, 0xf1,
    0x00, 0x00, 0x00, 0x00, 0x9f, 0xf1, 0x00, 0x00,
    0x00, 0x00, 0x9f, 0xf1, 0x00, 0x00, 0x00, 0x00,

    /* U+00B6 "¶" */
    0x00, 0x06, 0xcf, 0xff, 0xff, 0xf1, 0x00, 0xbf,
    0xff, 0xff, 0xff, 0xf1, 0x07, 0xff, 0xff, 0xf3,
    0x7f, 0xf1, 0x0d, 0xff, 0xff, 0xe0, 0x3f, 0xf1,
    0x0f, 0xff, 0xff, 0xe0, 0x3f, 0xf1, 0x0f, 0xff,
    0xff, 0xe0, 0x3f, 0xf1, 0x0e, 0xff, 0xff, 0xe0,
    0x3f, 0xf1, 0x08, 0xff, 0xff, 0xe0, 0x3f, 0xf1,
    0x00, 0xcf, 0xff, 0xe0, 0x3f, 0xf1, 0x00, 0x07,
    0xdf, 0xe0, 0x3f, 0xf1, 0x00, 0x00, 0x00, 0x00,
    0x3f, 0xf1, 0x00, 0x00, 0x00, 0x00, 0x3f, 0xf1,
    0x00, 0x00, 0x00, 0x00, 0x3f, 0xf1, 0x00, 0x00,
    0x00, 0x00, 0x3f, 0xf1, 0x00, 0x00, 0x00, 0x00,
    0x3f, 0xf1, 0x00, 0x00, 0x00, 0x00, 0x3f, 0xf1,

    /* U+00B7 "·" */
    0x02, 0x50, 0x1f, 0xfb, 0x3f, 0xff, 0x0b, 0xf7,

    /* U+00B8 "¸" */
    0x3f, 0x00, 0x5f, 0x81, 0x26, 0xec, 0x00, 0xcd,
    0xdf, 0xf7, 0x23, 0x10,

    /* U+00B9 "¹" */
    0x08, 0xff, 0x9c, 0xff, 0xf9, 0xd7, 0x9f, 0x91,
    0x09, 0xf9, 0x00, 0x9f, 0x90, 0x09, 0xf9, 0x00,
    0x9f, 0x90, 0x09, 0xf9, 0x00, 0x9f, 0x90,

    /* U+00BA "º" */
    0x00, 0x3b, 0xef, 0xc5, 0x00, 0x04, 0xff, 0xed,
    0xff, 0x70, 0x0d, 0xf9, 0x00, 0x6f, 0xf1, 0x2f,
    0xf1, 0x00, 0x0e, 0xf6, 0x4f, 0xf0, 0x00, 0x0c,
    0xf7, 0x2f, 0xf1, 0x00, 0x0e, 0xf6, 0x0d, 0xfa,
    0x00, 0x6f, 0xf1, 0x04, 0xff, 0xed, 0xff, 0x70,
    0x00, 0x3b, 0xef, 0xc5, 0x00,

    /* U+00BB "»" */
    0x0c, 0xfe, 0x23, 0xff, 0xa0, 0x00, 0x00, 0x1e,
    0xfd, 0x06, 0xff, 0x70, 0x00, 0x00, 0x3f, 0xfb,
    0x09, 0xff, 0x40, 0x00, 0x00, 0x6f, 0xf8, 0x0c,
    0xff, 0x20, 0x00, 0x00, 0x9f, 0xf5, 0x1e, 0xfd,
    0x10, 0x00, 0x09, 0xff, 0x51, 0xef, 0xd1, 0x00,
    0x06, 0xff, 0x80, 0xcf, 0xf2, 0x00, 0x03, 0xff,
    0xb0, 0x9f, 0xf4, 0x00, 0x01, 0xef, 0xd0, 0x6f,
    0xf7, 0x00, 0x00, 0xcf, 0xe2, 0x3f, 0xfa, 0x00,
    0x00,

    /* U+00BC "¼" */
    0x00, 0xab, 0x80, 0x00, 0x00, 0x00, 0x7b, 0x40,
    0x01, 0xdf, 0xfc, 0x00, 0x00, 0x00, 0x3f, 0xc0,
    0x00, 0x3e, 0x6f, 0xc0, 0x00, 0x00, 0x0d, 0xf2,
    0x00, 0x01, 0x13, 0xfc, 0x00, 0x00, 0x08, 0xf7,
    0x00, 0x00, 0x00, 0x3f, 0xc0, 0x00, 0x03, 0xfc,
    0x00, 0x00, 0x00, 0x03, 0xfc, 0x00, 0x00, 0xcf,
    0x30, 0x00, 0x00, 0x00, 0x3f, 0xc0, 0x00, 0x7f,
    0x80, 0x00, 0x00, 0x00, 0x03, 0xfc, 0x00, 0x2f,
    0xd0, 0x00, 0x48, 0x30, 0x00, 0x3f, 0xc0, 0x0c,
    0xf3, 0x00, 0x3f, 0xfb, 0x00, 0x00, 0x00, 0x07,
    0xf8, 0x00, 0x0c, 0xff, 0xb0, 0x00, 0x00, 0x02,
    0xfd, 0x00, 0x05, 0xf9, 0xfb, 0x00, 0x00, 0x00,
    0xcf, 0x30, 0x00, 0xee, 0x2f, 0xb0, 0x00, 0x00,
    0x7f, 0x90, 0x00, 0x8f, 0x61, 0xfb, 0x00, 0x00,
    0x2f, 0xd0, 0x00, 0x0f, 0xfb, 0xcf, 0xf7, 0x00,
    0x0b, 0xf4, 0x00, 0x00, 0xff, 0xff, 0xff, 0xb0,
    0x06, 0xf9, 0x00, 0x00, 0x00, 0x00, 0x2f, 0xb0,
    0x00, 0x33, 0x00, 0x00, 0x00, 0x00, 0x00, 0x32,
    0x00,

    /* U+00BD "½" */
    0x01, 0xab, 0x80, 0x00, 0x00, 0x00, 0x7b, 0x40,
    0x00, 0x1d, 0xff, 0xc0, 0x00, 0x00, 0x03, 0xfc,
    0x00, 0x00, 0x3d, 0x5f, 0xc0, 0x00, 0x00, 0x0d,
    0xf2, 0x00, 0x00, 0x10, 0x3f, 0xc0, 0x00, 0x00,
    0x8f, 0x70, 0x00, 0x00, 0x00, 0x3f, 0xc0, 0x00,
    0x03, 0xfc, 0x00, 0x00, 0x00, 0x00, 0x3f, 0xc0,
    0x00, 0x0d, 0xf2, 0x00, 0x00, 0x00, 0x00, 0x3f,
    0xc0, 0x00, 0x8f, 0x70, 0x00, 0x00, 0x00, 0x00,
    0x3f, 0xc0, 0x03, 0xfc, 0x00, 0x3a, 0xb8, 0x10,
    0x00, 0x3f, 0xc0, 0x0d, 0xf2, 0x04, 0xff, 0xff,
    0xd0, 0x00, 0x00, 0x00, 0x8f, 0x70, 0x08, 0xd5,
    0x1c, 0xf3, 0x00, 0x00, 0x03, 0xfc, 0x00, 0x00,
    0x00, 0x0b, 0xf2, 0x00, 0x00, 0x0d, 0xf2, 0x00,
    0x00, 0x00, 0x6f, 0x90, 0x00, 0x00, 0x8f, 0x70,
    0x00, 0x00, 0x06, 0xfc, 0x00, 0x00, 0x03, 0xfc,
    0x00, 0x00, 0x00, 0x6f, 0xc0, 0x00, 0x00, 0x0d,
    0xf2, 0x00, 0x00, 0x05, 0xff, 0xcb, 0xb4, 0x00,
    0x8f, 0x70, 0x00, 0x00, 0x09, 0xff, 0xff, 0xf6,

    /* U+00BE "¾" */
    0x00, 0x38, 0x95, 0x00, 0x00, 0x00, 0x00, 0x99,
    0x00, 0x00, 0x7f, 0xff, 0xf8, 0x00, 0x00, 0x00,
    0x8f, 0x70, 0x00, 0x0a, 0xa2, 0x2f, 0xf0, 0x00,
    0x00, 0x3f, 0xc0, 0x00, 0x00, 0x00, 0x25, 0xfc,
    0x00, 0x00, 0x0d, 0xf2, 0x00, 0x00, 0x00, 0x0f,
    0xfd, 0x20, 0x00, 0x08, 0xf7, 0x00, 0x00, 0x00,
    0x00, 0x47, 0xfe, 0x10, 0x03, 0xfc, 0x00, 0x00,
    0x00, 0x00, 0x00, 0x0b, 0xf4, 0x00, 0xdf, 0x20,
    0x00, 0x00, 0x00, 0xed, 0x66, 0xff, 0x20, 0x8f,
    0x70, 0x00, 0x65, 0x10, 0x07, 0xff, 0xff, 0x80,
    0x3f, 0xc0, 0x00, 0x9f, 0xf4, 0x00, 0x02, 0x55,
    0x20, 0x0d, 0xf2, 0x00, 0x2f, 0xff, 0x40, 0x00,
    0x00, 0x00, 0x08, 0xf7, 0x00, 0x0b, 0xfa, 0xf4,
    0x00, 0x00, 0x00, 0x03, 0xfc, 0x00, 0x05, 0xf8,
    0x7f, 0x40, 0x00, 0x00, 0x00, 0xdf, 0x20, 0x00,
    0xde, 0x07, 0xf4, 0x00, 0x00, 0x00, 0x8f, 0x70,
    0x00, 0x6f, 0xeb, 0xff, 0xf3, 0x00, 0x00, 0x2f,
    0xd0, 0x00, 0x07, 0xff, 0xff, 0xff, 0x40, 0x00,
    0x0c, 0xf3, 0x00, 0x00, 0x00, 0x00, 0x8f, 0x40,
    0x00, 0x00, 0x32, 0x00, 0x00, 0x00, 0x00, 0x02,
    0x31, 0x00,

    /* U+00BF "¿" */
    0x00, 0x01, 0xce, 0x50, 0x00, 0x00, 0x06, 0xff,
    0xd0, 0x00, 0x00, 0x03, 0xff, 0x90, 0x00, 0x00,
    0x00, 0x24, 0x00, 0x00, 0x00, 0x00, 0x00, 0x00,
    0x00, 0x00, 0x00, 0xff, 0x60, 0x00, 0x00, 0x04,
    0xff, 0x50, 0x00, 0x00, 0x2d, 0xff, 0x10, 0x00,
    0x05, 0xff, 0xf7, 0x00, 0x00, 0x4f, 0xff, 0x40,
    0x00, 0x00, 0xcf, 0xf3, 0x00, 0x00, 0x00, 0xff,
    0xc0, 0x00, 0x06, 0x63, 0xef, 0xe0, 0x00, 0x4f,
    0xf7, 0xaf, 0xfb, 0x56, 0xef, 0xf2, 0x1e, 0xff,
    0xff, 0xff, 0x80, 0x01, 0x8d, 0xfe, 0xb4, 0x00,

    /* U+00C0 "À" */
    0x00, 0x00, 0x13, 0x30, 0x00, 0x00, 0x00, 0x00,
    0x00, 0x00, 0xef, 0x80, 0x00, 0x00, 0x00, 0x00,
    0x00, 0x04, 0xfe, 0x00, 0x00, 0x00, 0x00, 0x00,
    0x00, 0x0a, 0xf6, 0x00, 0x00, 0x00, 0x00, 0x00,
    0x00, 0x00, 0x00, 0x00, 0x00, 0x00, 0x00, 0x00,
    0x5f, 0xff, 0x70, 0x00, 0x00, 0x00, 0x00, 0x0a,
    0xff, 0xfd, 0x00, 0x00, 0x00, 0x00, 0x00, 0xff,
    0xdf, 0xf2, 0x00, 0x00, 0x00, 0x00, 0x5f, 0xf5,
    0xff, 0x80, 0x00, 0x00, 0x00, 0x0a, 0xff, 0x0d,
    0xfd, 0x00, 0x00, 0x00, 0x00, 0xff, 0xb0, 0x9f,
    0xf3, 0x00, 0x00, 0x00, 0x5f, 0xf7, 0x04, 0xff,
    0x80, 0x00, 0x00, 0x0a, 0xff, 0x20, 0x0f, 0xfe,
    0x00, 0x00, 0x00, 0xff, 0xd0, 0x00, 0xbf, 0xf3,
    0x00, 0x00, 0x5f, 0xfd, 0x44, 0x4a, 0xff, 0x90,
    0x00, 0x0a, 0xff, 0xff, 0xff, 0xff, 0xfe, 0x00,
    0x00, 0xff, 0xff, 0xff, 0xff, 0xff, 0xf3, 0x00,
    0x5f, 0xf9, 0x00, 0x00, 0x06, 0xff, 0x90, 0x0a,
    0xff, 0x40, 0x00, 0x00, 0x1f, 0xfe, 0x00, 0xff,
    0xf0, 0x00, 0x00, 0x00, 0xbf, 0xf4, 0x5f, 0xfa,
    0x00, 0x00, 0x00, 0x06, 0xff, 0x90,

    /* U+00C1 "Á" */
    0x00, 0x00, 0x00, 0x00, 0x33, 0x20, 0x00, 0x00,
    0x00, 0x00, 0x00, 0x4f, 0xf2, 0x00, 0x00, 0x00,
    0x00, 0x00, 0x0b, 0xf8, 0x00, 0x00, 0x00, 0x00,
    0x00, 0x02, 0xfd, 0x00, 0x00, 0x00, 0x00, 0x00,
    0x00, 0x00, 0x00, 0x00, 0x00, 0x00, 0x00, 0x00,
    0x5f, 0xff, 0x70, 0x00, 0x00, 0x00, 0x00, 0x0a,
    0xff, 0xfd, 0x00, 0x00, 0x00, 0x00, 0x00, 0xff,
    0xdf, 0xf2, 0x00, 0x00, 0x00, 0x00, 0x5f, 0xf5,
    0xff, 0x80, 0x00, 0x00, 0x00, 0x0a, 0xff, 0x0d,
    0xfd, 0x00, 0x00, 0x00, 0x00, 0xff, 0xb0, 0x9f,
    0xf3, 0x00, 0x00, 0x00, 0x5f, 0xf7, 0x04, 0xff,
    0x80, 0x00, 0x00, 0x0a, 0xff, 0x20, 0x0f, 0xfe,
    0x00, 0x00, 0x00, 0xff, 0xd0, 0x00, 0xbf, 0xf3,
    0x00, 0x00, 0x5f, 0xfd, 0x44, 0x4a, 0xff, 0x90,
    0x00, 0x0a, 0xff, 0xff, 0xff, 0xff, 0xfe, 0x00,
    0x00, 0xff, 0xff, 0xff, 0xff, 0xff, 0xf3, 0x00,
    0x5f, 0xf9, 0x00, 0x00, 0x06, 0xff, 0x90, 0x0a,
    0xff, 0x40, 0x00, 0x00, 0x1f, 0xfe, 0x00, 0xff,
    0xf0, 0x00, 0x00, 0x00, 0xbf, 0xf4, 0x5f, 0xfa,
    0x00, 0x00, 0x00, 0x06, 0xff, 0x90,

    /* U+00C2 "Â" */
    0x00, 0x00, 0x00, 0x58, 0x70, 0x00, 0x00, 0x00,
    0x00, 0x00, 0x6f, 0xff, 0x90, 0x00, 0x00, 0x00,
    0x00, 0x5f, 0xe1, 0xbf, 0x80, 0x00, 0x00, 0x00,
    0x07, 0x82, 0x01, 0x78, 0x10, 0x00, 0x00, 0x00,
    0x00, 0x00, 0x00, 0x00, 0x00, 0x00, 0x00, 0x00,
    0x5f, 0xff, 0x70, 0x00, 0x00, 0x00, 0x00, 0x0a,
    0xff, 0xfd, 0x00, 0x00, 0x00, 0x00, 0x00, 0xff,
    0xdf, 0xf2, 0x00, 0x00, 0x00, 0x00, 0x5f, 0xf5,
    0xff, 0x80, 0x00, 0x00, 0x00, 0x0a, 0xff, 0x0d,
    0xfd, 0x00, 0x00, 0x00, 0x00, 0xff, 0xb0, 0x9f,
    0xf3, 0x00, 0x00, 0x00, 0x5f, 0xf7, 0x04, 0xff,
    0x80, 0x00, 0x00, 0x0a, 0xff, 0x20, 0x0f, 0xfe,
    0x00, 0x00, 0x00, 0xff, 0xd0, 0x00, 0xbf, 0xf3,
    0x00, 0x00, 0x5f, 0xfd, 0x44, 0x4a, 0xff, 0x90,
    0x00, 0x0a, 0xff, 0xff, 0xff, 0xff, 0xfe, 0x00,
    0x00, 0xff, 0xff, 0xff, 0xff, 0xff, 0xf3, 0x00,
    0x5f, 0xf9, 0x00, 0x00, 0x06, 0xff, 0x90, 0x0a,
    0xff, 0x40, 0x00, 0x00, 0x1f, 0xfe, 0x00, 0xff,
    0xf0, 0x00, 0x00, 0x00, 0xbf, 0xf4, 0x5f, 0xfa,
    0x00, 0x00, 0x00, 0x06, 0xff, 0x90,

    /* U+00C3 "Ã" */
    0x00, 0x00, 0x1c, 0xe9, 0x1a, 0xe0, 0x00, 0x00,
    0x00, 0x08, 0xfb, 0xff, 0xfa, 0x00, 0x00, 0x00,
    0x00, 0x78, 0x02, 0x88, 0x00, 0x00, 0x00, 0x00,
    0x00, 0x00, 0x00, 0x00, 0x00, 0x00, 0x00, 0x00,
    0x05, 0xff, 0xf7, 0x00, 0x00, 0x00, 0x00, 0x00,
    0xaf, 0xff, 0xd0, 0x00, 0x00, 0x00, 0x00, 0x0f,
    0xfd, 0xff, 0x20, 0x00, 0x00, 0x00, 0x05, 0xff,
    0x5f, 0xf8, 0x00, 0x00, 0x00, 0x00, 0xaf, 0xf0,
    0xdf, 0xd0, 0x00, 0x00, 0x00, 0x0f, 0xfb, 0x09,
    0xff, 0x30, 0x00, 0x00, 0x05, 0xff, 0x70, 0x4f,
    0xf8, 0x00, 0x00, 0x00, 0xaf, 0xf2, 0x00, 0xff,
    0xe0, 0x00, 0x00, 0x0f, 0xfd, 0x00, 0x0b, 0xff,
    0x30, 0x00, 0x05, 0xff, 0xd4, 0x44, 0xaf, 0xf9,
    0x00, 0x00, 0xaf, 0xff, 0xff, 0xff, 0xff, 0xe0,
    0x00, 0x0f, 0xff, 0xff, 0xff, 0xff, 0xff, 0x30,
    0x05, 0xff, 0x90, 0x00, 0x00, 0x6f, 0xf9, 0x00,
    0xaf, 0xf4, 0x00, 0x00, 0x01, 0xff, 0xe0, 0x0f,
    0xff, 0x00, 0x00, 0x00, 0x0b, 0xff, 0x45, 0xff,
    0xa0, 0x00, 0x00, 0x00, 0x6f, 0xf9,

    /* U+00C4 "Ä" */
    0x00, 0x00, 0x9f, 0x60, 0x3e, 0xc0, 0x00, 0x00,
    0x00, 0x0f, 0xfc, 0x08, 0xff, 0x30, 0x00, 0x00,
    0x00, 0x7d, 0x40, 0x2c, 0xa0, 0x00, 0x00, 0x00,
    0x00, 0x00, 0x00, 0x00, 0x00, 0x00, 0x00, 0x00,
    0x05, 0xff, 0xf7, 0x00, 0x00, 0x00, 0x00, 0x00,
    0xaf, 0xff, 0xd0, 0x00, 0x00, 0x00, 0x00, 0x0f,
    0xfd, 0xff, 0x20, 0x00, 0x00, 0x00, 0x05, 0xff,
    0x5f, 0xf8, 0x00, 0x00, 0x00, 0x00, 0xaf, 0xf0,
    0xdf, 0xd0, 0x00, 0x00, 0x00, 0x0f, 0xfb, 0x09,
    0xff, 0x30, 0x00, 0x00, 0x05, 0xff, 0x70, 0x4f,
    0xf8, 0x00, 0x00, 0x00, 0xaf, 0xf2, 0x00, 0xff,
    0xe0, 0x00, 0x00, 0x0f, 0xfd, 0x00, 0x0b, 0xff,
    0x30, 0x00, 0x05, 0xff, 0xd4, 0x44, 0xaf, 0xf9,
    0x00, 0x00, 0xaf, 0xff, 0xff, 0xff, 0xff, 0xe0,
    0x00, 0x0f, 0xff, 0xff, 0xff, 0xff, 0xff, 0x30,
    0x05, 0xff, 0x90, 0x00, 0x00, 0x6f, 0xf9, 0x00,
    0xaf, 0xf4, 0x00, 0x00, 0x01, 0xff, 0xe0, 0x0f,
    0xff, 0x00, 0x00, 0x00, 0x0b, 0xff, 0x45, 0xff,
    0xa0, 0x00, 0x00, 0x00, 0x6f, 0xf9,

    /* U+00C5 "Å" */
    0x00, 0x00, 0x00, 0x00, 0x00, 0x00, 0x00, 0x00,
    0x00, 0x00, 0x3d, 0xfe, 0x50, 0x00, 0x00, 0x00,
    0x00, 0x0e, 0xd5, 0xbf, 0x20, 0x00, 0x00, 0x00,
    0x02, 0xf6, 0x02, 0xf5, 0x00, 0x00, 0x00, 0x00,
    0x0f, 0xc2, 0x8f, 0x30, 0x00, 0x00, 0x00, 0x00,
    0x5f, 0xff, 0x80, 0x00, 0x00, 0x00, 0x00, 0x00,
    0x14, 0x20, 0x00, 0x00, 0x00, 0x00, 0x00, 0x5f,
    0xff, 0x70, 0x00, 0x00, 0x00, 0x00, 0x0a, 0xff,
    0xfd, 0x00, 0x00, 0x00, 0x00, 0x00, 0xff, 0xdf,
    0xf2, 0x00, 0x00, 0x00, 0x00, 0x5f, 0xf5, 0xff,
    0x80, 0x00, 0x00, 0x00, 0x0a, 0xff, 0x0d, 0xfd,
    0x00, 0x00, 0x00, 0x00, 0xff, 0xb0, 0x9f, 0xf3,
    0x00, 0x00, 0x00, 0x5f, 0xf7, 0x04, 0xff, 0x80,
    0x00, 0x00, 0x0a, 0xff, 0x20, 0x0f, 0xfe, 0x00,
    0x00, 0x00, 0xff, 0xd0, 0x00, 0xbf, 0xf3, 0x00,
    0x00, 0x5f, 0xfd, 0x44, 0x4a, 0xff, 0x90, 0x00,
    0x0a, 0xff, 0xff, 0xff, 0xff, 0xfe, 0x00, 0x00,
    0xff, 0xff, 0xff, 0xff, 0xff, 0xf3, 0x00, 0x5f,
    0xf9, 0x00, 0x00, 0x06, 0xff, 0x90, 0x0a, 0xff,
    0x40, 0x00, 0x00, 0x1f, 0xfe, 0x00, 0xff, 0xf0,
    0x00, 0x00, 0x00, 0xbf, 0xf4, 0x5f, 0xfa, 0x00,
    0x00, 0x00, 0x06, 0xff, 0x90,

    /* U+00C6 "Æ" */
    0x00, 0x00, 0x00, 0x0d, 0xff, 0xff, 0xff, 0xff,
    0xff, 0xff, 0x00, 0x00, 0x00, 0x04, 0xff, 0xef,
    0xff, 0xff, 0xff, 0xff, 0xf0, 0x00, 0x00, 0x00,
    0xbf, 0xf1, 0xcf, 0xe6, 0x66, 0x66, 0x66, 0x00,
    0x00, 0x00, 0x2f, 0xfa, 0x0c, 0xfd, 0x00, 0x00,
    0x00, 0x00, 0x00, 0x00, 0x09, 0xff, 0x40, 0xcf,
    0xd0, 0x00, 0x00, 0x00, 0x00, 0x00, 0x00, 0xff,
    0xd0, 0x0c, 0xfd, 0x00, 0x00, 0x00, 0x00, 0x00,
    0x00, 0x6f, 0xf7, 0x00, 0xcf, 0xd0, 0x00, 0x00,
    0x00, 0x00, 0x00, 0x0d, 0xff, 0x10, 0x0c, 0xff,
    0xff, 0xff, 0xff, 0x80, 0x00, 0x04, 0xff, 0x90,
    0x00, 0xcf, 0xff, 0xff, 0xff, 0xf8, 0x00, 0x00,
    0xbf, 0xf5, 0x11, 0x1e, 0xfe, 0x55, 0x55, 0x55,
    0x20, 0x00, 0x2f, 0xff, 0xff, 0xff, 0xff, 0xd0,
    0x00, 0x00, 0x00, 0x00, 0x09, 0xff, 0xff, 0xff,
    0xff, 0xfd, 0x00, 0x00, 0x00, 0x00, 0x00, 0xff,
    0xe0, 0x00, 0x00, 0xcf, 0xd0, 0x00, 0x00, 0x00,
    0x00, 0x6f, 0xf8, 0x00, 0x00, 0x0c, 0xfe, 0x66,
    0x66, 0x66, 0x60, 0x0d, 0xff, 0x20, 0x00, 0x00,
    0xcf, 0xff, 0xff, 0xff, 0xff, 0x14, 0xff, 0xb0,
    0x00, 0x00, 0x0c, 0xff, 0xff, 0xff, 0xff, 0xf1,

    /* U+00C7 "Ç" */
    0x00, 0x01, 0x7c, 0xef, 0xd9, 0x20, 0x00, 0x00,
    0x4e, 0xff, 0xff, 0xff, 0xf6, 0x00, 0x03, 0xff,
    0xfd, 0x99, 0xcf, 0xff, 0x50, 0x0d, 0xff, 0x80,
    0x00, 0x06, 0xff, 0xe0, 0x5f, 0xfa, 0x00, 0x00,
    0x00, 0x9f, 0xf4, 0xaf, 0xf3, 0x00, 0x00, 0x00,
    0x26, 0x62, 0xcf, 0xe0, 0x00, 0x00, 0x00, 0x00,
    0x00, 0xef, 0xd0, 0x00, 0x00, 0x00, 0x00, 0x00,
    0xef, 0xd0, 0x00, 0x00, 0x00, 0x00, 0x00, 0xcf,
    0xe0, 0x00, 0x00, 0x00, 0x00, 0x00, 0xaf, 0xf3,
    0x00, 0x00, 0x00, 0x26, 0x62, 0x5f, 0xfa, 0x00,
    0x00, 0x00, 0x9f, 0xf4, 0x0d, 0xff, 0x70, 0x00,
    0x06, 0xff, 0xe0, 0x03, 0xff, 0xfd, 0x99, 0xdf,
    0xff, 0x40, 0x00, 0x4e, 0xff, 0xff, 0xff, 0xf5,
    0x00, 0x00, 0x01, 0x7c, 0xff, 0xd8, 0x10, 0x00,
    0x00, 0x00, 0x00, 0xbb, 0x20, 0x00, 0x00, 0x00,
    0x00, 0x00, 0x7a, 0xf4, 0x00, 0x00, 0x00, 0x00,
    0x00, 0x35, 0xf7, 0x00, 0x00, 0x00, 0x00, 0x04,
    0xff, 0xc2, 0x00, 0x00,

    /* U+00C8 "È" */
    0x00, 0x13, 0x30, 0x00, 0x00, 0x00, 0x01, 0xef,
    0x60, 0x00, 0x00, 0x00, 0x06, 0xfd, 0x00, 0x00,
    0x00, 0x00, 0x0b, 0xf4, 0x00, 0x00, 0x00, 0x00,
    0x00, 0x00, 0x00, 0x07, 0xff, 0xff, 0xff, 0xff,
    0xf7, 0x7f, 0xff, 0xff, 0xff, 0xff, 0x77, 0xff,
    0x86, 0x66, 0x66, 0x62, 0x7f, 0xf4, 0x00, 0x00,
    0x00, 0x07, 0xff, 0x40, 0x00, 0x00, 0x00, 0x7f,
    0xf4, 0x00, 0x00, 0x00, 0x07, 0xff, 0x40, 0x00,
    0x00, 0x00, 0x7f, 0xff, 0xff, 0xff, 0xff, 0x07,
    0xff, 0xff, 0xff, 0xff, 0xf0, 0x7f, 0xf8, 0x55,
    0x55, 0x55, 0x07, 0xff, 0x40, 0x00, 0x00, 0x00,
    0x7f, 0xf4, 0x00, 0x00, 0x00, 0x07, 0xff, 0x40,
    0x00, 0x00, 0x00, 0x7f, 0xf8, 0x66, 0x66, 0x66,
    0x37, 0xff, 0xff, 0xff, 0xff, 0xf8, 0x7f, 0xff,
    0xff, 0xff, 0xff, 0x80,

    /* U+00C9 "É" */
    0x00, 0x00, 0x00, 0x33, 0x10, 0x00, 0x00, 0x00,
    0x6f, 0xf1, 0x00, 0x00, 0x00, 0x0d, 0xf6, 0x00,
    0x00, 0x00, 0x04, 0xfc, 0x00, 0x00, 0x00, 0x00,
    0x00, 0x00, 0x00, 0x07, 0xff, 0xff, 0xff, 0xff,
    0xf7, 0x7f, 0xff, 0xff, 0xff, 0xff, 0x77, 0xff,
    0x86, 0x66, 0x66, 0x62, 0x7f, 0xf4, 0x00, 0x00,
    0x00, 0x07, 0xff, 0x40, 0x00, 0x00, 0x00, 0x7f,
    0xf4, 0x00, 0x00, 0x00, 0x07, 0xff, 0x40, 0x00,
    0x00, 0x00, 0x7f, 0xff, 0xff, 0xff, 0xff, 0x07,
    0xff, 0xff, 0xff, 0xff, 0xf0, 0x7f, 0xf8, 0x55,
    0x55, 0x55, 0x07, 0xff, 0x40, 0x00, 0x00, 0x00,
    0x7f, 0xf4, 0x00, 0x00, 0x00, 0x07, 0xff, 0x40,
    0x00, 0x00, 0x00, 0x7f, 0xf8, 0x66, 0x66, 0x66,
    0x37, 0xff, 0xff, 0xff, 0xff, 0xf8, 0x7f, 0xff,
    0xff, 0xff, 0xff, 0x80,

    /* U+00CA "Ê" */
    0x00, 0x00, 0x68, 0x60, 0x00, 0x00, 0x00, 0x8f,
    0xff, 0x80, 0x00, 0x00, 0x7f, 0xd1, 0xcf, 0x70,
    0x00, 0x17, 0x82, 0x01, 0x87, 0x10, 0x00, 0x00,
    0x00, 0x00, 0x00, 0x07, 0xff, 0xff, 0xff, 0xff,
    0xf7, 0x7f, 0xff, 0xff, 0xff, 0xff, 0x77, 0xff,
    0x86, 0x66, 0x66, 0x62, 0x7f, 0xf4, 0x00, 0x00,
    0x00, 0x07, 0xff, 0x40, 0x00, 0x00, 0x00, 0x7f,
    0xf4, 0x00, 0x00, 0x00, 0x07, 0xff, 0x40, 0x00,
    0x00, 0x00, 0x7f, 0xff, 0xff, 0xff, 0xff, 0x07,
    0xff, 0xff, 0xff, 0xff, 0xf0, 0x7f, 0xf8, 0x55,
    0x55, 0x55, 0x07, 0xff, 0x40, 0x00, 0x00, 0x00,
    0x7f, 0xf4, 0x00, 0x00, 0x00, 0x07, 0xff, 0x40,
    0x00, 0x00, 0x00, 0x7f, 0xf8, 0x66, 0x66, 0x66,
    0x37, 0xff, 0xff, 0xff, 0xff, 0xf8, 0x7f, 0xff,
    0xff, 0xff, 0xff, 0x80,

    /* U+00CB "Ë" */
    0x00, 0xae, 0x50, 0x4e, 0xb0, 0x00, 0x1f, 0xfa,
    0x09, 0xff, 0x20, 0x00, 0x9d, 0x30, 0x3d, 0x90,
    0x00, 0x00, 0x00, 0x00, 0x00, 0x00, 0x7f, 0xff,
    0xff, 0xff, 0xff, 0x77, 0xff, 0xff, 0xff, 0xff,
    0xf7, 0x7f, 0xf8, 0x66, 0x66, 0x66, 0x27, 0xff,
    0x40, 0x00, 0x00, 0x00, 0x7f, 0xf4, 0x00, 0x00,
    0x00, 0x07, 0xff, 0x40, 0x00, 0x00, 0x00, 0x7f,
    0xf4, 0x00, 0x00, 0x00, 0x07, 0xff, 0xff, 0xff,
    0xff, 0xf0, 0x7f, 0xff, 0xff, 0xff, 0xff, 0x07,
    0xff, 0x85, 0x55, 0x55, 0x50, 0x7f, 0xf4, 0x00,
    0x00, 0x00, 0x07, 0xff, 0x40, 0x00, 0x00, 0x00,
    0x7f, 0xf4, 0x00, 0x00, 0x00, 0x07, 0xff, 0x86,
    0x66, 0x66, 0x63, 0x7f, 0xff, 0xff, 0xff, 0xff,
    0x87, 0xff, 0xff, 0xff, 0xff, 0xf8,

    /* U+00CC "Ì" */
    0x03, 0x32, 0x00, 0x0a, 0xfc, 0x00, 0x01, 0xef,
    0x40, 0x00, 0x5f, 0xb0, 0x00, 0x00, 0x00, 0x00,
    0x7f, 0xf4, 0x00, 0x7f, 0xf4, 0x00, 0x7f, 0xf4,
    0x00, 0x7f, 0xf4, 0x00, 0x7f, 0xf4, 0x00, 0x7f,
    0xf4, 0x00, 0x7f, 0xf4, 0x00, 0x7f, 0xf4, 0x00,
    0x7f, 0xf4, 0x00, 0x7f, 0xf4, 0x00, 0x7f, 0xf4,
    0x00, 0x7f, 0xf4, 0x00, 0x7f, 0xf4, 0x00, 0x7f,
    0xf4, 0x00, 0x7f, 0xf4, 0x00, 0x7f, 0xf4,

    /* U+00CD "Í" */
    0x00, 0x23, 0x30, 0x0f, 0xf6, 0x07, 0xfc, 0x00,
    0xdf, 0x20, 0x00, 0x00, 0x07, 0xff, 0x40, 0x7f,
    0xf4, 0x07, 0xff, 0x40, 0x7f, 0xf4, 0x07, 0xff,
    0x40, 0x7f, 0xf4, 0x07, 0xff, 0x40, 0x7f, 0xf4,
    0x07, 0xff, 0x40, 0x7f, 0xf4, 0x07, 0xff, 0x40,
    0x7f, 0xf4, 0x07, 0xff, 0x40, 0x7f, 0xf4, 0x07,
    0xff, 0x40, 0x7f, 0xf4, 0x00,

    /* U+00CE "Î" */
    0x00, 0x38, 0x71, 0x00, 0x02, 0xef, 0xfd, 0x10,
    0x2e, 0xf4, 0x7f, 0xc0, 0x68, 0x50, 0x06, 0x84,
    0x00, 0x00, 0x00, 0x00, 0x00, 0x7f, 0xf4, 0x00,
    0x00, 0x7f, 0xf4, 0x00, 0x00, 0x7f, 0xf4, 0x00,
    0x00, 0x7f, 0xf4, 0x00, 0x00, 0x7f, 0xf4, 0x00,
    0x00, 0x7f, 0xf4, 0x00, 0x00, 0x7f, 0xf4, 0x00,
    0x00, 0x7f, 0xf4, 0x00, 0x00, 0x7f, 0xf4, 0x00,
    0x00, 0x7f, 0xf4, 0x00, 0x00, 0x7f, 0xf4, 0x00,
    0x00, 0x7f, 0xf4, 0x00, 0x00, 0x7f, 0xf4, 0x00,
    0x00, 0x7f, 0xf4, 0x00, 0x00, 0x7f, 0xf4, 0x00,
    0x00, 0x7f, 0xf4, 0x00,

    /* U+00CF "Ï" */
    0x5f, 0xa0, 0x0c, 0xe3, 0xbf, 0xf0, 0x3f, 0xf8,
    0x4d, 0x80, 0x0a, 0xc2, 0x00, 0x00, 0x00, 0x00,
    0x00, 0x7f, 0xf4, 0x00, 0x00, 0x7f, 0xf4, 0x00,
    0x00, 0x7f, 0xf4, 0x00, 0x00, 0x7f, 0xf4, 0x00,
    0x00, 0x7f, 0xf4, 0x00, 0x00, 0x7f, 0xf4, 0x00,
    0x00, 0x7f, 0xf4, 0x00, 0x00, 0x7f, 0xf4, 0x00,
    0x00, 0x7f, 0xf4, 0x00, 0x00, 0x7f, 0xf4, 0x00,
    0x00, 0x7f, 0xf4, 0x00, 0x00, 0x7f, 0xf4, 0x00,
    0x00, 0x7f, 0xf4, 0x00, 0x00, 0x7f, 0xf4, 0x00,
    0x00, 0x7f, 0xf4, 0x00, 0x00, 0x7f, 0xf4, 0x00,

    /* U+00D0 "Ð" */
    0x00, 0xdf, 0xff, 0xff, 0xeb, 0x50, 0x00, 0x00,
    0x0d, 0xff, 0xff, 0xff, 0xff, 0xd2, 0x00, 0x00,
    0xdf, 0xf7, 0x77, 0x9e, 0xff, 0xe1, 0x00, 0x0d,
    0xfe, 0x00, 0x00, 0x09, 0xff, 0xa0, 0x00, 0xdf,
    0xe0, 0x00, 0x00, 0x0c, 0xff, 0x10, 0x0d, 0xfe,
    0x00, 0x00, 0x00, 0x5f, 0xf6, 0x00, 0xdf, 0xe0,
    0x00, 0x00, 0x01, 0xff, 0x9c, 0xff, 0xff, 0xff,
    0xf6, 0x00, 0x0f, 0xfa, 0xcf, 0xff, 0xff, 0xff,
    0x60, 0x00, 0xff, 0xa0, 0x0d, 0xfe, 0x00, 0x00,
    0x00, 0x1f, 0xf9, 0x00, 0xdf, 0xe0, 0x00, 0x00,
    0x05, 0xff, 0x60, 0x0d, 0xfe, 0x00, 0x00, 0x00,
    0xcf, 0xf1, 0x00, 0xdf, 0xe0, 0x00, 0x00, 0x9f,
    0xfa, 0x00, 0x0d, 0xff, 0x77, 0x79, 0xef, 0xfe,
    0x10, 0x00, 0xdf, 0xff, 0xff, 0xff, 0xfd, 0x20,
    0x00, 0x0d, 0xff, 0xff, 0xfd, 0xb5, 0x00, 0x00,

    /* U+00D1 "Ñ" */
    0x00, 0x00, 0x8f, 0xc4, 0x5f, 0x40, 0x00, 0x00,
    0x02, 0xfc, 0xef, 0xfe, 0x00, 0x00, 0x00, 0x03,
    0xa2, 0x07, 0x93, 0x00, 0x00, 0x00, 0x00, 0x00,
    0x00, 0x00, 0x00, 0x00, 0x7f, 0xfe, 0x00, 0x00,
    0x00, 0x6f, 0xf6, 0x7f, 0xff, 0x80, 0x00, 0x00,
    0x6f, 0xf6, 0x7f, 0xff, 0xf2, 0x00, 0x00, 0x6f,
    0xf6, 0x7f, 0xff, 0xfc, 0x00, 0x00, 0x6f, 0xf6,
    0x7f, 0xfa, 0xff, 0x50, 0x00, 0x6f, 0xf6, 0x7f,
    0xf4, 0xef, 0xe1, 0x00, 0x6f, 0xf6, 0x7f, 0xf4,
    0x6f, 0xf9, 0x00, 0x6f, 0xf6, 0x7f, 0xf4, 0x0d,
    0xff, 0x30, 0x6f, 0xf6, 0x7f, 0xf5, 0x04, 0xff,
    0xc0, 0x5f, 0xf6, 0x7f, 0xf5, 0x00, 0xaf, 0xf5,
    0x5f, 0xf6, 0x7f, 0xf5, 0x00, 0x1f, 0xfd, 0x5f,
    0xf6, 0x7f, 0xf5, 0x00, 0x07, 0xff, 0xaf, 0xf6,
    0x7f, 0xf5, 0x00, 0x00, 0xdf, 0xff, 0xf6, 0x7f,
    0xf5, 0x00, 0x00, 0x3f, 0xff, 0xf6, 0x7f, 0xf5,
    0x00, 0x00, 0x09, 0xff, 0xf6, 0x7f, 0xf5, 0x00,
    0x00, 0x01, 0xef, 0xf6,

    /* U+00D2 "Ò" */
    0x00, 0x00, 0x9f, 0xd0, 0x00, 0x00, 0x00, 0x00,
    0x00, 0x01, 0xef, 0x50, 0x00, 0x00, 0x00, 0x00,
    0x00, 0x05, 0xfc, 0x00, 0x00, 0x00, 0x00, 0x00,
    0x00, 0x03, 0x30, 0x00, 0x00, 0x00, 0x00, 0x00,
    0x00, 0x00, 0x00, 0x00, 0x00, 0x00, 0x00, 0x17,
    0xce, 0xfd, 0x81, 0x00, 0x00, 0x00, 0x4e, 0xff,
    0xff, 0xff, 0xf5, 0x00, 0x00, 0x3f, 0xff, 0xd9,
    0x9c, 0xff, 0xf5, 0x00, 0x0d, 0xff, 0x80, 0x00,
    0x05, 0xff, 0xe1, 0x05, 0xff, 0xa0, 0x00, 0x00,
    0x08, 0xff, 0x70, 0xaf, 0xf3, 0x00, 0x00, 0x00,
    0x1f, 0xfc, 0x0c, 0xfe, 0x00, 0x00, 0x00, 0x00,
    0xcf, 0xe0, 0xef, 0xd0, 0x00, 0x00, 0x00, 0x0b,
    0xff, 0x0e, 0xfd, 0x00, 0x00, 0x00, 0x00, 0xbf,
    0xf0, 0xcf, 0xe0, 0x00, 0x00, 0x00, 0x0d, 0xfe,
    0x0a, 0xff, 0x30, 0x00, 0x00, 0x01, 0xff, 0xc0,
    0x5f, 0xfa, 0x00, 0x00, 0x00, 0x8f, 0xf7, 0x00,
    0xdf, 0xf8, 0x00, 0x00, 0x6f, 0xfe, 0x10, 0x03,
    0xff, 0xfd, 0x99, 0xdf, 0xff, 0x50, 0x00, 0x04,
    0xef, 0xff, 0xff, 0xff, 0x50, 0x00, 0x00, 0x01,
    0x7c, 0xef, 0xd8, 0x20, 0x00, 0x00,

    /* U+00D3 "Ó" */
    0x00, 0x00, 0x00, 0x0b, 0xfc, 0x00, 0x00, 0x00,
    0x00, 0x00, 0x02, 0xff, 0x20, 0x00, 0x00, 0x00,
    0x00, 0x00, 0x9f, 0x70, 0x00, 0x00, 0x00, 0x00,
    0x00, 0x03, 0x30, 0x00, 0x00, 0x00, 0x00, 0x00,
    0x00, 0x00, 0x00, 0x00, 0x00, 0x00, 0x00, 0x17,
    0xce, 0xfd, 0x81, 0x00, 0x00, 0x00, 0x4e, 0xff,
    0xff, 0xff, 0xf5, 0x00, 0x00, 0x3f, 0xff, 0xd9,
    0x9c, 0xff, 0xf5, 0x00, 0x0d, 0xff, 0x80, 0x00,
    0x05, 0xff, 0xe1, 0x05, 0xff, 0xa0, 0x00, 0x00,
    0x08, 0xff, 0x70, 0xaf, 0xf3, 0x00, 0x00, 0x00,
    0x1f, 0xfc, 0x0c, 0xfe, 0x00, 0x00, 0x00, 0x00,
    0xcf, 0xe0, 0xef, 0xd0, 0x00, 0x00, 0x00, 0x0b,
    0xff, 0x0e, 0xfd, 0x00, 0x00, 0x00, 0x00, 0xbf,
    0xf0, 0xcf, 0xe0, 0x00, 0x00, 0x00, 0x0d, 0xfe,
    0x0a, 0xff, 0x30, 0x00, 0x00, 0x01, 0xff, 0xc0,
    0x5f, 0xfa, 0x00, 0x00, 0x00, 0x8f, 0xf7, 0x00,
    0xdf, 0xf8, 0x00, 0x00, 0x6f, 0xfe, 0x10, 0x03,
    0xff, 0xfd, 0x99, 0xdf, 0xff, 0x50, 0x00, 0x04,
    0xef, 0xff, 0xff, 0xff, 0x50, 0x00, 0x00, 0x01,
    0x7c, 0xef, 0xd8, 0x20, 0x00, 0x00,

    /* U+00D4 "Ô" */
    0x00, 0x00, 0x06, 0xff, 0x80, 0x00, 0x00, 0x00,
    0x00, 0x03, 0xfe, 0xdf, 0x50, 0x00, 0x00, 0x00,
    0x01, 0xef, 0x53, 0xff, 0x20, 0x00, 0x00, 0x00,
    0x58, 0x60, 0x05, 0x85, 0x00, 0x00, 0x00, 0x00,
    0x00, 0x00, 0x00, 0x00, 0x00, 0x00, 0x00, 0x17,
    0xce, 0xfd, 0x81, 0x00, 0x00, 0x00, 0x4e, 0xff,
    0xff, 0xff, 0xf5, 0x00, 0x00, 0x3f, 0xff, 0xd9,
    0x9c, 0xff, 0xf5, 0x00, 0x0d, 0xff, 0x80, 0x00,
    0x05, 0xff, 0xe1, 0x05, 0xff, 0xa0, 0x00, 0x00,
    0x08, 0xff, 0x70, 0xaf, 0xf3, 0x00, 0x00, 0x00,
    0x1f, 0xfc, 0x0c, 0xfe, 0x00, 0x00, 0x00, 0x00,
    0xcf, 0xe0, 0xef, 0xd0, 0x00, 0x00, 0x00, 0x0b,
    0xff, 0x0e, 0xfd, 0x00, 0x00, 0x00, 0x00, 0xbf,
    0xf0, 0xcf, 0xe0, 0x00, 0x00, 0x00, 0x0d, 0xfe,
    0x0a, 0xff, 0x30, 0x00, 0x00, 0x01, 0xff, 0xc0,
    0x5f, 0xfa, 0x00, 0x00, 0x00, 0x8f, 0xf7, 0x00,
    0xdf, 0xf8, 0x00, 0x00, 0x6f, 0xfe, 0x10, 0x03,
    0xff, 0xfd, 0x99, 0xdf, 0xff, 0x50, 0x00, 0x04,
    0xef, 0xff, 0xff, 0xff, 0x50, 0x00, 0x00, 0x01,
    0x7c, 0xef, 0xd8, 0x20, 0x00, 0x00,

    /* U+00D5 "Õ" */
    0x00, 0x00, 0x29, 0x60, 0x1a, 0x30, 0x00, 0x00,
    0x00, 0x0e, 0xff, 0xec, 0xf3, 0x00, 0x00, 0x00,
    0x03, 0xf6, 0x4c, 0xf9, 0x00, 0x00, 0x00, 0x00,
    0x00, 0x00, 0x00, 0x00, 0x00, 0x00, 0x00, 0x00,
    0x00, 0x00, 0x00, 0x00, 0x00, 0x00, 0x00, 0x17,
    0xce, 0xfd, 0x81, 0x00, 0x00, 0x00, 0x4e, 0xff,
    0xff, 0xff, 0xf5, 0x00, 0x00, 0x3f, 0xff, 0xd9,
    0x9c, 0xff, 0xf5, 0x00, 0x0d, 0xff, 0x80, 0x00,
    0x05, 0xff, 0xe1, 0x05, 0xff, 0xa0, 0x00, 0x00,
    0x08, 0xff, 0x70, 0xaf, 0xf3, 0x00, 0x00, 0x00,
    0x1f, 0xfc, 0x0c, 0xfe, 0x00, 0x00, 0x00, 0x00,
    0xcf, 0xe0, 0xef, 0xd0, 0x00, 0x00, 0x00, 0x0b,
    0xff, 0x0e, 0xfd, 0x00, 0x00, 0x00, 0x00, 0xbf,
    0xf0, 0xcf, 0xe0, 0x00, 0x00, 0x00, 0x0d, 0xfe,
    0x0a, 0xff, 0x30, 0x00, 0x00, 0x01, 0xff, 0xc0,
    0x5f, 0xfa, 0x00, 0x00, 0x00, 0x8f, 0xf7, 0x00,
    0xdf, 0xf8, 0x00, 0x00, 0x6f, 0xfe, 0x10, 0x03,
    0xff, 0xfd, 0x99, 0xdf, 0xff, 0x50, 0x00, 0x04,
    0xef, 0xff, 0xff, 0xff, 0x50, 0x00, 0x00, 0x01,
    0x7c, 0xef, 0xd8, 0x20, 0x00, 0x00,

    /* U+00D6 "Ö" */
    0x00, 0x02, 0xca, 0x00, 0x8d, 0x40, 0x00, 0x00,
    0x00, 0x8f, 0xf3, 0x1f, 0xfa, 0x00, 0x00, 0x00,
    0x03, 0xec, 0x00, 0xaf, 0x50, 0x00, 0x00, 0x00,
    0x00, 0x00, 0x00, 0x00, 0x00, 0x00, 0x00, 0x00,
    0x00, 0x00, 0x00, 0x00, 0x00, 0x00, 0x00, 0x17,
    0xce, 0xfd, 0x81, 0x00, 0x00, 0x00, 0x4e, 0xff,
    0xff, 0xff, 0xf5, 0x00, 0x00, 0x3f, 0xff, 0xd9,
    0x9c, 0xff, 0xf5, 0x00, 0x0d, 0xff, 0x80, 0x00,
    0x05, 0xff, 0xe1, 0x05, 0xff, 0xa0, 0x00, 0x00,
    0x08, 0xff, 0x70, 0xaf, 0xf3, 0x00, 0x00, 0x00,
    0x1f, 0xfc, 0x0c, 0xfe, 0x00, 0x00, 0x00, 0x00,
    0xcf, 0xe0, 0xef, 0xd0, 0x00, 0x00, 0x00, 0x0b,
    0xff, 0x0e, 0xfd, 0x00, 0x00, 0x00, 0x00, 0xbf,
    0xf0, 0xcf, 0xe0, 0x00, 0x00, 0x00, 0x0d, 0xfe,
    0x0a, 0xff, 0x30, 0x00, 0x00, 0x01, 0xff, 0xc0,
    0x5f, 0xfa, 0x00, 0x00, 0x00, 0x8f, 0xf7, 0x00,
    0xdf, 0xf8, 0x00, 0x00, 0x6f, 0xfe, 0x10, 0x03,
    0xff, 0xfd, 0x99, 0xdf, 0xff, 0x50, 0x00, 0x04,
    0xef, 0xff, 0xff, 0xff, 0x50, 0x00, 0x00, 0x01,
    0x7c, 0xef, 0xd8, 0x20, 0x00, 0x00,

    /* U+00D7 "×" */
    0x00, 0x60, 0x00, 0x00, 0x05, 0x00, 0x08, 0xfa,
    0x00, 0x00, 0x7f, 0xb0, 0x0b, 0xff, 0x90, 0x07,
    0xff, 0xd1, 0x00, 0xbf, 0xf9, 0x6f, 0xfd, 0x10,
    0x00, 0x0b, 0xff, 0xff, 0xd1, 0x00, 0x00, 0x00,
    0xff, 0xff, 0x10, 0x00, 0x00, 0x05, 0xff, 0xff,
    0x70, 0x00, 0x00, 0x4f, 0xff, 0xff, 0xf7, 0x00,
    0x04, 0xff, 0xe2, 0x1d, 0xff, 0x60, 0x0d, 0xfe,
    0x30, 0x01, 0xdf, 0xf1, 0x02, 0xd3, 0x00, 0x00,
    0x1d, 0x40, 0x00, 0x00, 0x00, 0x00, 0x00, 0x00,

    /* U+00D8 "Ø" */
    0x00, 0x00, 0x00, 0x00, 0x00, 0x01, 0x00, 0x00,
    0x00, 0x17, 0xce, 0xfd, 0x82, 0xdd, 0x00, 0x00,
    0x4e, 0xff, 0xff, 0xff, 0xff, 0xa0, 0x00, 0x3f,
    0xff, 0xd9, 0x9c, 0xff, 0xf6, 0x00, 0x0d, 0xff,
    0x80, 0x00, 0x0f, 0xff, 0xe1, 0x05, 0xff, 0xa0,
    0x00, 0x09, 0xff, 0xff, 0x70, 0xaf, 0xf3, 0x00,
    0x04, 0xfd, 0x1f, 0xfc, 0x0c, 0xfe, 0x00, 0x01,
    0xef, 0x30, 0xcf, 0xe0, 0xef, 0xd0, 0x00, 0xaf,
    0x80, 0x0b, 0xff, 0x0e, 0xfd, 0x00, 0x5f, 0xc0,
    0x00, 0xbf, 0xf0, 0xcf, 0xe0, 0x1e, 0xf2, 0x00,
    0x0d, 0xfe, 0x0a, 0xff, 0x3b, 0xf7, 0x00, 0x01,
    0xff, 0xc0, 0x5f, 0xff, 0xfb, 0x00, 0x00, 0x8f,
    0xf7, 0x00, 0xdf, 0xff, 0x20, 0x00, 0x6f, 0xfe,
    0x10, 0x03, 0xff, 0xfd, 0x99, 0xdf, 0xff, 0x50,
    0x00, 0x7f, 0xff, 0xff, 0xff, 0xff, 0x50, 0x00,
    0x0b, 0xe2, 0x7c, 0xef, 0xd8, 0x20, 0x00, 0x00,
    0x02, 0x00, 0x00, 0x00, 0x00, 0x00, 0x00,

    /* U+00D9 "Ù" */
    0x00, 0x01, 0xef, 0x80, 0x00, 0x00, 0x00, 0x00,
    0x05, 0xfe, 0x00, 0x00, 0x00, 0x00, 0x00, 0x0b,
    0xf6, 0x00, 0x00, 0x00, 0x00, 0x00, 0x13, 0x20,
    0x00, 0x00, 0x00, 0x00, 0x00, 0x00, 0x00, 0x00,
    0x07, 0xff, 0x40, 0x00, 0x00, 0x0d, 0xfe, 0x7f,
    0xf4, 0x00, 0x00, 0x00, 0xdf, 0xe7, 0xff, 0x40,
    0x00, 0x00, 0x0d, 0xfe, 0x7f, 0xf4, 0x00, 0x00,
    0x00, 0xdf, 0xe7, 0xff, 0x40, 0x00, 0x00, 0x0d,
    0xfe, 0x7f, 0xf4, 0x00, 0x00, 0x00, 0xdf, 0xe7,
    0xff, 0x40, 0x00, 0x00, 0x0d, 0xfe, 0x7f, 0xf4,
    0x00, 0x00, 0x00, 0xdf, 0xe7, 0xff, 0x40, 0x00,
    0x00, 0x0d, 0xfe, 0x7f, 0xf4, 0x00, 0x00, 0x00,
    0xdf, 0xe7, 0xff, 0x50, 0x00, 0x00, 0x0d, 0xfe,
    0x5f, 0xf9, 0x00, 0x00, 0x02, 0xff, 0xc1, 0xff,
    0xf4, 0x00, 0x00, 0xcf, 0xf7, 0x07, 0xff, 0xfb,
    0x9a, 0xef, 0xfd, 0x10, 0x09, 0xff, 0xff, 0xff,
    0xfd, 0x20, 0x00, 0x04, 0xae, 0xfe, 0xc7, 0x00,
    0x00,

    /* U+00DA "Ú" */
    0x00, 0x00, 0x00, 0x1f, 0xf6, 0x00, 0x00, 0x00,
    0x00, 0x08, 0xfc, 0x00, 0x00, 0x00, 0x00, 0x00,
    0xef, 0x20, 0x00, 0x00, 0x00, 0x00, 0x03, 0x20,
    0x00, 0x00, 0x00, 0x00, 0x00, 0x00, 0x00, 0x00,
    0x07, 0xff, 0x40, 0x00, 0x00, 0x0d, 0xfe, 0x7f,
    0xf4, 0x00, 0x00, 0x00, 0xdf, 0xe7, 0xff, 0x40,
    0x00, 0x00, 0x0d, 0xfe, 0x7f, 0xf4, 0x00, 0x00,
    0x00, 0xdf, 0xe7, 0xff, 0x40, 0x00, 0x00, 0x0d,
    0xfe, 0x7f, 0xf4, 0x00, 0x00, 0x00, 0xdf, 0xe7,
    0xff, 0x40, 0x00, 0x00, 0x0d, 0xfe, 0x7f, 0xf4,
    0x00, 0x00, 0x00, 0xdf, 0xe7, 0xff, 0x40, 0x00,
    0x00, 0x0d, 0xfe, 0x7f, 0xf4, 0x00, 0x00, 0x00,
    0xdf, 0xe7, 0xff, 0x50, 0x00, 0x00, 0x0d, 0xfe,
    0x5f, 0xf9, 0x00, 0x00, 0x02, 0xff, 0xc1, 0xff,
    0xf4, 0x00, 0x00, 0xcf, 0xf7, 0x07, 0xff, 0xfb,
    0x9a, 0xef, 0xfd, 0x10, 0x09, 0xff, 0xff, 0xff,
    0xfd, 0x20, 0x00, 0x04, 0xae, 0xfe, 0xc7, 0x00,
    0x00,

    /* U+00DB "Û" */
    0x00, 0x00, 0x0b, 0xff, 0x30, 0x00, 0x00, 0x00,
    0x09, 0xfc, 0xfe, 0x10, 0x00, 0x00, 0x06, 0xfe,
    0x18, 0xfc, 0x00, 0x00, 0x00, 0x78, 0x30, 0x07,
    0x83, 0x00, 0x00, 0x00, 0x00, 0x00, 0x00, 0x00,
    0x07, 0xff, 0x40, 0x00, 0x00, 0x0d, 0xfe, 0x7f,
    0xf4, 0x00, 0x00, 0x00, 0xdf, 0xe7, 0xff, 0x40,
    0x00, 0x00, 0x0d, 0xfe, 0x7f, 0xf4, 0x00, 0x00,
    0x00, 0xdf, 0xe7, 0xff, 0x40, 0x00, 0x00, 0x0d,
    0xfe, 0x7f, 0xf4, 0x00, 0x00, 0x00, 0xdf, 0xe7,
    0xff, 0x40, 0x00, 0x00, 0x0d, 0xfe, 0x7f, 0xf4,
    0x00, 0x00, 0x00, 0xdf, 0xe7, 0xff, 0x40, 0x00,
    0x00, 0x0d, 0xfe, 0x7f, 0xf4, 0x00, 0x00, 0x00,
    0xdf, 0xe7, 0xff, 0x50, 0x00, 0x00, 0x0d, 0xfe,
    0x5f, 0xf9, 0x00, 0x00, 0x02, 0xff, 0xc1, 0xff,
    0xf4, 0x00, 0x00, 0xcf, 0xf7, 0x07, 0xff, 0xfb,
    0x9a, 0xef, 0xfd, 0x10, 0x09, 0xff, 0xff, 0xff,
    0xfd, 0x20, 0x00, 0x04, 0xae, 0xfe, 0xc7, 0x00,
    0x00,

    /* U+00DC "Ü" */
    0x00, 0x06, 0xd6, 0x01, 0xcb, 0x00, 0x00, 0x00,
    0xef, 0xd0, 0x6f, 0xf5, 0x00, 0x00, 0x07, 0xf7,
    0x02, 0xdd, 0x10, 0x00, 0x00, 0x00, 0x00, 0x00,
    0x00, 0x00, 0x00, 0x00, 0x00, 0x00, 0x00, 0x00,
    0x07, 0xff, 0x40, 0x00, 0x00, 0x0d, 0xfe, 0x7f,
    0xf4, 0x00, 0x00, 0x00, 0xdf, 0xe7, 0xff, 0x40,
    0x00, 0x00, 0x0d, 0xfe, 0x7f, 0xf4, 0x00, 0x00,
    0x00, 0xdf, 0xe7, 0xff, 0x40, 0x00, 0x00, 0x0d,
    0xfe, 0x7f, 0xf4, 0x00, 0x00, 0x00, 0xdf, 0xe7,
    0xff, 0x40, 0x00, 0x00, 0x0d, 0xfe, 0x7f, 0xf4,
    0x00, 0x00, 0x00, 0xdf, 0xe7, 0xff, 0x40, 0x00,
    0x00, 0x0d, 0xfe, 0x7f, 0xf4, 0x00, 0x00, 0x00,
    0xdf, 0xe7, 0xff, 0x50, 0x00, 0x00, 0x0d, 0xfe,
    0x5f, 0xf9, 0x00, 0x00, 0x02, 0xff, 0xc1, 0xff,
    0xf4, 0x00, 0x00, 0xcf, 0xf7, 0x07, 0xff, 0xfb,
    0x9a, 0xef, 0xfd, 0x10, 0x09, 0xff, 0xff, 0xff,
    0xfd, 0x20, 0x00, 0x04, 0xae, 0xfe, 0xc7, 0x00,
    0x00,

    /* U+00DD "Ý" */
    0x00, 0x00, 0x00, 0x00, 0x33, 0x10, 0x00, 0x00,
    0x00, 0x00, 0x00, 0x6f, 0xe1, 0x00, 0x00, 0x00,
    0x00, 0x00, 0x0d, 0xf6, 0x00, 0x00, 0x00, 0x00,
    0x00, 0x04, 0xfb, 0x00, 0x00, 0x00, 0x00, 0x00,
    0x00, 0x00, 0x00, 0x00, 0x00, 0x03, 0xff, 0xe0,
    0x00, 0x00, 0x00, 0xef, 0xf3, 0x09, 0xff, 0x80,
    0x00, 0x00, 0x8f, 0xf9, 0x00, 0x1f, 0xff, 0x10,
    0x00, 0x1f, 0xff, 0x10, 0x00, 0x7f, 0xf9, 0x00,
    0x09, 0xff, 0x70, 0x00, 0x00, 0xdf, 0xf2, 0x02,
    0xff, 0xe0, 0x00, 0x00, 0x05, 0xff, 0xa0, 0x9f,
    0xf5, 0x00, 0x00, 0x00, 0x0b, 0xff, 0x4f, 0xfc,
    0x00, 0x00, 0x00, 0x00, 0x2f, 0xff, 0xff, 0x30,
    0x00, 0x00, 0x00, 0x00, 0x9f, 0xff, 0xa0, 0x00,
    0x00, 0x00, 0x00, 0x01, 0xff, 0xf1, 0x00, 0x00,
    0x00, 0x00, 0x00, 0x0d, 0xfe, 0x00, 0x00, 0x00,
    0x00, 0x00, 0x00, 0xdf, 0xe0, 0x00, 0x00, 0x00,
    0x00, 0x00, 0x0d, 0xfe, 0x00, 0x00, 0x00, 0x00,
    0x00, 0x00, 0xdf, 0xe0, 0x00, 0x00, 0x00, 0x00,
    0x00, 0x0d, 0xfe, 0x00, 0x00, 0x00, 0x00, 0x00,
    0x00, 0xdf, 0xe0, 0x00, 0x00, 0x00,

    /* U+00DE "Þ" */
    0x8f, 0xf3, 0x00, 0x00, 0x00, 0x00, 0x8f, 0xf3,
    0x00, 0x00, 0x00, 0x00, 0x8f, 0xf3, 0x00, 0x00,
    0x00, 0x00, 0x8f, 0xff, 0xff, 0xec, 0x60, 0x00,
    0x8f, 0xff, 0xff, 0xff, 0xfb, 0x00, 0x8f, 0xf7,
    0x44, 0x5c, 0xff, 0x80, 0x8f, 0xf3, 0x00, 0x00,
    0xdf, 0xe0, 0x8f, 0xf3, 0x00, 0x00, 0x8f, 0xf1,
    0x8f, 0xf3, 0x00, 0x00, 0x7f, 0xf1, 0x8f, 0xf3,
    0x00, 0x00, 0xdf, 0xe0, 0x8f, 0xf7, 0x44, 0x5c,
    0xff, 0x80, 0x8f, 0xff, 0xff, 0xff, 0xfb, 0x00,
    0x8f, 0xff, 0xff, 0xec, 0x60, 0x00, 0x8f, 0xf3,
    0x00, 0x00, 0x00, 0x00, 0x8f, 0xf3, 0x00, 0x00,
    0x00, 0x00, 0x8f, 0xf3, 0x00, 0x00, 0x00, 0x00,

    /* U+00DF "ß" */
    0x00, 0x3a, 0xef, 0xea, 0x40, 0x00, 0x06, 0xff,
    0xff, 0xff, 0xf8, 0x00, 0x1f, 0xff, 0xa6, 0x9f,
    0xff, 0x30, 0x5f, 0xf8, 0x00, 0x06, 0xff, 0x80,
    0x7f, 0xf4, 0x00, 0x02, 0xff, 0x80, 0x7f, 0xf3,
    0x00, 0x06, 0xff, 0x40, 0x7f, 0xf3, 0x04, 0x6f,
    0xfa, 0x00, 0x7f, 0xf3, 0x0f, 0xff, 0xb1, 0x00,
    0x7f, 0xf3, 0x0f, 0xff, 0xff, 0x50, 0x7f, 0xf3,
    0x00, 0x04, 0xef, 0xf1, 0x7f, 0xf3, 0x00, 0x00,
    0x5f, 0xf6, 0x7f, 0xf3, 0x00, 0x00, 0x2f, 0xf8,
    0x7f, 0xf3, 0x00, 0x00, 0x6f, 0xf7, 0x7f, 0xf3,
    0x05, 0x58, 0xff, 0xf2, 0x7f, 0xf3, 0x1f, 0xff,
    0xff, 0x70, 0x7f, 0xf3, 0x1f, 0xfe, 0xb5, 0x00,

    /* U+00E0 "à" */
    0x00, 0x0c, 0xfb, 0x00, 0x00, 0x00, 0x00, 0x2f,
    0xf2, 0x00, 0x00, 0x00, 0x00, 0x7f, 0x90, 0x00,
    0x00, 0x00, 0x00, 0x43, 0x00, 0x00, 0x00, 0x00,
    0x00, 0x00, 0x00, 0x00, 0x00, 0x7d, 0xfe, 0xc7,
    0x00, 0x01, 0xdf, 0xff, 0xff, 0xfb, 0x00, 0xaf,
    0xf8, 0x33, 0xbf, 0xf5, 0x02, 0x56, 0x00, 0x01,
    0xff, 0x90, 0x00, 0x00, 0x02, 0x6f, 0xfa, 0x00,
    0x4a, 0xef, 0xff, 0xff, 0xa0, 0x8f, 0xff, 0xca,
    0x6f, 0xfa, 0x1f, 0xfb, 0x10, 0x00, 0xff, 0xa3,
    0xff, 0x60, 0x00, 0x3f, 0xfa, 0x1f, 0xfd, 0x31,
    0x4e, 0xff, 0xa0, 0x9f, 0xff, 0xff, 0xbe, 0xfa,
    0x00, 0x7d, 0xfe, 0x80, 0xef, 0xa0,

    /* U+00E1 "á" */
    0x00, 0x00, 0x00, 0xdf, 0x90, 0x00, 0x00, 0x00,
    0x5f, 0xe1, 0x00, 0x00, 0x00, 0x0c, 0xf5, 0x00,
    0x00, 0x00, 0x00, 0x33, 0x00, 0x00, 0x00, 0x00,
    0x00, 0x00, 0x00, 0x00, 0x00, 0x7d, 0xfe, 0xc7,
    0x00, 0x01, 0xdf, 0xff, 0xff, 0xfb, 0x00, 0xaf,
    0xf8, 0x33, 0xbf, 0xf5, 0x02, 0x56, 0x00, 0x01,
    0xff, 0x90, 0x00, 0x00, 0x02, 0x6f, 0xfa, 0x00,
    0x4a, 0xef, 0xff, 0xff, 0xa0, 0x8f, 0xff, 0xca,
    0x6f, 0xfa, 0x1f, 0xfb, 0x10, 0x00, 0xff, 0xa3,
    0xff, 0x60, 0x00, 0x3f, 0xfa, 0x1f, 0xfd, 0x31,
    0x4e, 0xff, 0xa0, 0x9f, 0xff, 0xff, 0xbe, 0xfa,
    0x00, 0x7d, 0xfe, 0x80, 0xef, 0xa0,

    /* U+00E2 "â" */
    0x00, 0x00, 0x9f, 0xf7, 0x00, 0x00, 0x00, 0x9f,
    0xbc, 0xf6, 0x00, 0x00, 0x8f, 0xd0, 0x1e, 0xf5,
    0x00, 0x00, 0x00, 0x00, 0x00, 0x00, 0x00, 0x00,
    0x00, 0x00, 0x00, 0x00, 0x00, 0x7d, 0xfe, 0xc7,
    0x00, 0x01, 0xdf, 0xff, 0xff, 0xfb, 0x00, 0xaf,
    0xf8, 0x33, 0xbf, 0xf5, 0x02, 0x56, 0x00, 0x01,
    0xff, 0x90, 0x00, 0x00, 0x02, 0x6f, 0xfa, 0x00,
    0x4a, 0xef, 0xff, 0xff, 0xa0, 0x8f, 0xff, 0xca,
    0x6f, 0xfa, 0x1f, 0xfb, 0x10, 0x00, 0xff, 0xa3,
    0xff, 0x60, 0x00, 0x3f, 0xfa, 0x1f, 0xfd, 0x31,
    0x4e, 0xff, 0xa0, 0x9f, 0xff, 0xff, 0xbe, 0xfa,
    0x00, 0x7d, 0xfe, 0x80, 0xef, 0xa0,

    /* U+00E3 "ã" */
    0x00, 0x09, 0xfc, 0x36, 0xf3, 0x00, 0x03, 0xfc,
    0xef, 0xfe, 0x00, 0x00, 0x4a, 0x20, 0x79, 0x30,
    0x00, 0x00, 0x00, 0x00, 0x00, 0x00, 0x00, 0x00,
    0x00, 0x00, 0x00, 0x00, 0x00, 0x7d, 0xfe, 0xc7,
    0x00, 0x01, 0xdf, 0xff, 0xff, 0xfb, 0x00, 0xaf,
    0xf8, 0x33, 0xbf, 0xf5, 0x02, 0x56, 0x00, 0x01,
    0xff, 0x90, 0x00, 0x00, 0x02, 0x6f, 0xfa, 0x00,
    0x4a, 0xef, 0xff, 0xff, 0xa0, 0x8f, 0xff, 0xca,
    0x6f, 0xfa, 0x1f, 0xfb, 0x10, 0x00, 0xff, 0xa3,
    0xff, 0x60, 0x00, 0x3f, 0xfa, 0x1f, 0xfd, 0x31,
    0x4e, 0xff, 0xa0, 0x9f, 0xff, 0xff, 0xbe, 0xfa,
    0x00, 0x7d, 0xfe, 0x80, 0xef, 0xa0,

    /* U+00E4 "ä" */
    0x00, 0x5f, 0xa0, 0x0c, 0xe3, 0x00, 0x0a, 0xff,
    0x13, 0xff, 0x80, 0x00, 0x4d, 0x80, 0x0a, 0xc2,
    0x00, 0x00, 0x00, 0x00, 0x00, 0x00, 0x00, 0x00,
    0x00, 0x00, 0x00, 0x00, 0x00, 0x7d, 0xfe, 0xc7,
    0x00, 0x01, 0xdf, 0xff, 0xff, 0xfb, 0x00, 0xaf,
    0xf8, 0x33, 0xbf, 0xf5, 0x02, 0x56, 0x00, 0x01,
    0xff, 0x90, 0x00, 0x00, 0x02, 0x6f, 0xfa, 0x00,
    0x4a, 0xef, 0xff, 0xff, 0xa0, 0x8f, 0xff, 0xca,
    0x6f, 0xfa, 0x1f, 0xfb, 0x10, 0x00, 0xff, 0xa3,
    0xff, 0x60, 0x00, 0x3f, 0xfa, 0x1f, 0xfd, 0x31,
    0x4e, 0xff, 0xa0, 0x9f, 0xff, 0xff, 0xbe, 0xfa,
    0x00, 0x7d, 0xfe, 0x80, 0xef, 0xa0,

    /* U+00E5 "å" */
    0x00, 0x00, 0x00, 0x00, 0x00, 0x00, 0x00, 0x0a,
    0xff, 0x80, 0x00, 0x00, 0x09, 0xf6, 0x8f, 0x60,
    0x00, 0x00, 0xcb, 0x00, 0xda, 0x00, 0x00, 0x0a,
    0xf3, 0x5f, 0x80, 0x00, 0x00, 0x1d, 0xff, 0xc0,
    0x00, 0x00, 0x00, 0x03, 0x30, 0x00, 0x00, 0x00,
    0x7d, 0xfe, 0xc7, 0x00, 0x01, 0xdf, 0xff, 0xff,
    0xfb, 0x00, 0xaf, 0xf8, 0x33, 0xbf, 0xf5, 0x02,
    0x56, 0x00, 0x01, 0xff, 0x90, 0x00, 0x00, 0x02,
    0x6f, 0xfa, 0x00, 0x4a, 0xef, 0xff, 0xff, 0xa0,
    0x8f, 0xff, 0xca, 0x6f, 0xfa, 0x1f, 0xfb, 0x10,
    0x00, 0xff, 0xa3, 0xff, 0x60, 0x00, 0x3f, 0xfa,
    0x1f, 0xfd, 0x31, 0x4e, 0xff, 0xa0, 0x9f, 0xff,
    0xff, 0xbe, 0xfa, 0x00, 0x7d, 0xfe, 0x80, 0xef,
    0xa0,

    /* U+00E6 "æ" */
    0x00, 0x07, 0xdf, 0xfc, 0x40, 0x5c, 0xff, 0xc6,
    0x00, 0x00, 0x1d, 0xff, 0xff, 0xff, 0xcf, 0xff,
    0xff, 0xfb, 0x00, 0x09, 0xff, 0x94, 0x4b, 0xff,
    0xfa, 0x43, 0xaf, 0xf7, 0x00, 0x26, 0x70, 0x00,
    0x1f, 0xfc, 0x00, 0x00, 0xbf, 0xe0, 0x00, 0x00,
    0x00, 0x00, 0xff, 0x60, 0x00, 0x06, 0xff, 0x20,
    0x03, 0x9d, 0xff, 0xff, 0xff, 0xff, 0xff, 0xff,
    0xf4, 0x07, 0xff, 0xff, 0xee, 0xff, 0xfe, 0xee,
    0xee, 0xee, 0x40, 0xff, 0xc2, 0x00, 0x0f, 0xf6,
    0x00, 0x00, 0x00, 0x00, 0x3f, 0xf6, 0x00, 0x04,
    0xff, 0xc0, 0x00, 0x05, 0x86, 0x01, 0xff, 0xd4,
    0x36, 0xff, 0xff, 0xb4, 0x37, 0xff, 0xd0, 0x0a,
    0xff, 0xff, 0xff, 0x89, 0xff, 0xff, 0xff, 0xe3,
    0x00, 0x07, 0xdf, 0xeb, 0x40, 0x05, 0xcf, 0xfd,
    0x91, 0x00,

    /* U+00E7 "ç" */
    0x00, 0x03, 0xae, 0xfe, 0x81, 0x00, 0x00, 0x6f,
    0xff, 0xff, 0xfe, 0x20, 0x03, 0xff, 0xe6, 0x48,
    0xff, 0xd0, 0x0a, 0xff, 0x40, 0x00, 0x7f, 0xd2,
    0x0e, 0xfd, 0x00, 0x00, 0x00, 0x00, 0x0f, 0xfa,
    0x00, 0x00, 0x00, 0x00, 0x0f, 0xfa, 0x00, 0x00,
    0x00, 0x00, 0x0e, 0xfd, 0x00, 0x00, 0x02, 0x00,
    0x0a, 0xff, 0x40, 0x00, 0x7f, 0xf2, 0x03, 0xff,
    0xe6, 0x48, 0xff, 0xd0, 0x00, 0x6f, 0xff, 0xff,
    0xfe, 0x20, 0x00, 0x03, 0xaf, 0xfe, 0x91, 0x00,
    0x00, 0x00, 0x05, 0xf4, 0x00, 0x00, 0x00, 0x00,
    0x03, 0x8e, 0xa0, 0x00, 0x00, 0x00, 0x03, 0x3d,
    0xd0, 0x00, 0x00, 0x00, 0x0e, 0xfe, 0x50, 0x00,

    /* U+00E8 "è" */
    0x00, 0x07, 0xff, 0x10, 0x00, 0x00, 0x00, 0x00,
    0xcf, 0x70, 0x00, 0x00, 0x00, 0x00, 0x3f, 0xe0,
    0x00, 0x00, 0x00, 0x00, 0x03, 0x40, 0x00, 0x00,
    0x00, 0x00, 0x00, 0x00, 0x00, 0x00, 0x00, 0x03,
    0xae, 0xfd, 0x81, 0x00, 0x00, 0x6f, 0xff, 0xff,
    0xfd, 0x10, 0x03, 0xff, 0xd5, 0x37, 0xff, 0xb0,
    0x0a, 0xfe, 0x10, 0x00, 0x7f, 0xf2, 0x0e, 0xfa,
    0x00, 0x00, 0x2f, 0xf6, 0x0f, 0xff, 0xff, 0xff,
    0xff, 0xf8, 0x0f, 0xff, 0xee, 0xee, 0xee, 0xe7,
    0x0f, 0xfa, 0x00, 0x00, 0x00, 0x00, 0x0a, 0xff,
    0x10, 0x00, 0x27, 0x40, 0x03, 0xff, 0xd5, 0x35,
    0xdf, 0xf2, 0x00, 0x6f, 0xff, 0xff, 0xff, 0x60,
    0x00, 0x03, 0xae, 0xfe, 0xb3, 0x00,

    /* U+00E9 "é" */
    0x00, 0x00, 0x00, 0x8f, 0xe0, 0x00, 0x00, 0x00,
    0x00, 0xff, 0x40, 0x00, 0x00, 0x00, 0x06, 0xfa,
    0x00, 0x00, 0x00, 0x00, 0x02, 0x41, 0x00, 0x00,
    0x00, 0x00, 0x00, 0x00, 0x00, 0x00, 0x00, 0x03,
    0xae, 0xfd, 0x81, 0x00, 0x00, 0x6f, 0xff, 0xff,
    0xfd, 0x10, 0x03, 0xff, 0xd5, 0x37, 0xff, 0xb0,
    0x0a, 0xfe, 0x10, 0x00, 0x7f, 0xf2, 0x0e, 0xfa,
    0x00, 0x00, 0x2f, 0xf6, 0x0f, 0xff, 0xff, 0xff,
    0xff, 0xf8, 0x0f, 0xff, 0xee, 0xee, 0xee, 0xe7,
    0x0f, 0xfa, 0x00, 0x00, 0x00, 0x00, 0x0a, 0xff,
    0x10, 0x00, 0x27, 0x40, 0x03, 0xff, 0xd5, 0x35,
    0xdf, 0xf2, 0x00, 0x6f, 0xff, 0xff, 0xff, 0x60,
    0x00, 0x03, 0xae, 0xfe, 0xb3, 0x00,

    /* U+00EA "ê" */
    0x00, 0x00, 0x5f, 0xfc, 0x00, 0x00, 0x00, 0x04,
    0xfe, 0x9f, 0xb0, 0x00, 0x00, 0x3f, 0xf3, 0x0b,
    0xfa, 0x00, 0x00, 0x00, 0x00, 0x00, 0x00, 0x00,
    0x00, 0x00, 0x00, 0x00, 0x00, 0x00, 0x00, 0x03,
    0xae, 0xfd, 0x81, 0x00, 0x00, 0x6f, 0xff, 0xff,
    0xfd, 0x10, 0x03, 0xff, 0xd5, 0x37, 0xff, 0xb0,
    0x0a, 0xfe, 0x10, 0x00, 0x7f, 0xf2, 0x0e, 0xfa,
    0x00, 0x00, 0x2f, 0xf6, 0x0f, 0xff, 0xff, 0xff,
    0xff, 0xf8, 0x0f, 0xff, 0xee, 0xee, 0xee, 0xe7,
    0x0f, 0xfa, 0x00, 0x00, 0x00, 0x00, 0x0a, 0xff,
    0x10, 0x00, 0x27, 0x40, 0x03, 0xff, 0xd5, 0x35,
    0xdf, 0xf2, 0x00, 0x6f, 0xff, 0xff, 0xff, 0x60,
    0x00, 0x03, 0xae, 0xfe, 0xb3, 0x00,

    /* U+00EB "ë" */
    0x00, 0x1d, 0xd1, 0x08, 0xf7, 0x00, 0x00, 0x5f,
    0xf6, 0x0e, 0xfd, 0x00, 0x00, 0x1b, 0xb1, 0x06,
    0xd6, 0x00, 0x00, 0x00, 0x00, 0x00, 0x00, 0x00,
    0x00, 0x00, 0x00, 0x00, 0x00, 0x00, 0x00, 0x03,
    0xae, 0xfd, 0x81, 0x00, 0x00, 0x6f, 0xff, 0xff,
    0xfd, 0x10, 0x03, 0xff, 0xd5, 0x37, 0xff, 0xb0,
    0x0a, 0xfe, 0x10, 0x00, 0x7f, 0xf2, 0x0e, 0xfa,
    0x00, 0x00, 0x2f, 0xf6, 0x0f, 0xff, 0xff, 0xff,
    0xff, 0xf8, 0x0f, 0xff, 0xee, 0xee, 0xee, 0xe7,
    0x0f, 0xfa, 0x00, 0x00, 0x00, 0x00, 0x0a, 0xff,
    0x10, 0x00, 0x27, 0x40, 0x03, 0xff, 0xd5, 0x35,
    0xdf, 0xf2, 0x00, 0x6f, 0xff, 0xff, 0xff, 0x60,
    0x00, 0x03, 0xae, 0xfe, 0xb3, 0x00,

    /* U+00EC "ì" */
    0x04, 0x41, 0x00, 0x0c, 0xfa, 0x00, 0x02, 0xff,
    0x10, 0x00, 0x8f, 0x80, 0x00, 0x00, 0x00, 0x00,
    0x9f, 0xf1, 0x00, 0x9f, 0xf1, 0x00, 0x9f, 0xf1,
    0x00, 0x9f, 0xf1, 0x00, 0x9f, 0xf1, 0x00, 0x9f,
    0xf1, 0x00, 0x9f, 0xf1, 0x00, 0x9f, 0xf1, 0x00,
    0x9f, 0xf1, 0x00, 0x9f, 0xf1, 0x00, 0x9f, 0xf1,
    0x00, 0x9f, 0xf1,

    /* U+00ED "í" */
    0x00, 0x34, 0x20, 0x2f, 0xf4, 0x09, 0xfa, 0x01,
    0xfe, 0x10, 0x00, 0x00, 0x09, 0xff, 0x10, 0x9f,
    0xf1, 0x09, 0xff, 0x10, 0x9f, 0xf1, 0x09, 0xff,
    0x10, 0x9f, 0xf1, 0x09, 0xff, 0x10, 0x9f, 0xf1,
    0x09, 0xff, 0x10, 0x9f, 0xf1, 0x09, 0xff, 0x10,
    0x9f, 0xf1, 0x00,

    /* U+00EE "î" */
    0x00, 0x04, 0x87, 0x00, 0x00, 0x04, 0xff, 0xfb,
    0x00, 0x04, 0xff, 0x2a, 0xfa, 0x00, 0x78, 0x30,
    0x07, 0x83, 0x00, 0x00, 0x00, 0x00, 0x00, 0x00,
    0x9f, 0xf1, 0x00, 0x00, 0x09, 0xff, 0x10, 0x00,
    0x00, 0x9f, 0xf1, 0x00, 0x00, 0x09, 0xff, 0x10,
    0x00, 0x00, 0x9f, 0xf1, 0x00, 0x00, 0x09, 0xff,
    0x10, 0x00, 0x00, 0x9f, 0xf1, 0x00, 0x00, 0x09,
    0xff, 0x10, 0x00, 0x00, 0x9f, 0xf1, 0x00, 0x00,
    0x09, 0xff, 0x10, 0x00, 0x00, 0x9f, 0xf1, 0x00,
    0x00, 0x09, 0xff, 0x10, 0x00,

    /* U+00EF "ï" */
    0x7f, 0x80, 0x2d, 0xd1, 0xdf, 0xe0, 0x6f, 0xf5,
    0x6d, 0x60, 0x1c, 0xb1, 0x00, 0x00, 0x00, 0x00,
    0x00, 0x00, 0x00, 0x00, 0x00, 0x9f, 0xf1, 0x00,
    0x00, 0x9f, 0xf1, 0x00, 0x00, 0x9f, 0xf1, 0x00,
    0x00, 0x9f, 0xf1, 0x00, 0x00, 0x9f, 0xf1, 0x00,
    0x00, 0x9f, 0xf1, 0x00, 0x00, 0x9f, 0xf1, 0x00,
    0x00, 0x9f, 0xf1, 0x00, 0x00, 0x9f, 0xf1, 0x00,
    0x00, 0x9f, 0xf1, 0x00, 0x00, 0x9f, 0xf1, 0x00,
    0x00, 0x9f, 0xf1, 0x00,

    /* U+00F0 "ð" */
    0x00, 0x06, 0x30, 0x00, 0x01, 0x00, 0x00, 0x0f,
    0xfb, 0x23, 0xba, 0x00, 0x00, 0x03, 0xcf, 0xff,
    0xc4, 0x00, 0x00, 0x02, 0xbf, 0xff, 0x70, 0x00,
    0x00, 0x1f, 0xd5, 0x6f, 0xf5, 0x00, 0x00, 0x05,
    0x00, 0x08, 0xff, 0x10, 0x00, 0x07, 0xdf, 0xd6,
    0xcf, 0x90, 0x00, 0xaf, 0xff, 0xef, 0xcf, 0xf0,
    0x06, 0xff, 0x90, 0x03, 0xef, 0xf4, 0x0c, 0xfd,
    0x00, 0x00, 0x5f, 0xf7, 0x0f, 0xf9, 0x00, 0x00,
    0x0f, 0xf8, 0x1f, 0xf8, 0x00, 0x00, 0x0f, 0xf8,
    0x0f, 0xfa, 0x00, 0x00, 0x1f, 0xf6, 0x0c, 0xff,
    0x10, 0x00, 0x7f, 0xf1, 0x04, 0xff, 0xd5, 0x38,
    0xff, 0xa0, 0x00, 0x8f, 0xff, 0xff, 0xfd, 0x10,
    0x00, 0x04, 0xbe, 0xfd, 0x70, 0x00,

    /* U+00F1 "ñ" */
    0x00, 0x3d, 0xe7, 0x1d, 0xb0, 0x00, 0x0b, 0xfc,
    0xff, 0xf7, 0x00, 0x00, 0x97, 0x03, 0x97, 0x00,
    0x00, 0x00, 0x00, 0x00, 0x00, 0x00, 0x00, 0x00,
    0x00, 0x00, 0x00, 0x09, 0xff, 0x06, 0xdf, 0xd7,
    0x00, 0x9f, 0xf7, 0xff, 0xff, 0xf9, 0x09, 0xff,
    0xe6, 0x37, 0xff, 0xf1, 0x9f, 0xf6, 0x00, 0x08,
    0xff, 0x59, 0xff, 0x10, 0x00, 0x4f, 0xf6, 0x9f,
    0xf1, 0x00, 0x03, 0xff, 0x79, 0xff, 0x10, 0x00,
    0x3f, 0xf7, 0x9f, 0xf1, 0x00, 0x03, 0xff, 0x79,
    0xff, 0x10, 0x00, 0x3f, 0xf7, 0x9f, 0xf1, 0x00,
    0x03, 0xff, 0x79, 0xff, 0x10, 0x00, 0x3f, 0xf7,
    0x9f, 0xf1, 0x00, 0x03, 0xff, 0x70,

    /* U+00F2 "ò" */
    0x00, 0x05, 0xff, 0x20, 0x00, 0x00, 0x00, 0x00,
    0xaf, 0x90, 0x00, 0x00, 0x00, 0x00, 0x1f, 0xf1,
    0x00, 0x00, 0x00, 0x00, 0x02, 0x41, 0x00, 0x00,
    0x00, 0x00, 0x00, 0x00, 0x00, 0x00, 0x00, 0x03,
    0xae, 0xfd, 0x92, 0x00, 0x00, 0x6f, 0xff, 0xff,
    0xfe, 0x30, 0x03, 0xff, 0xe6, 0x48, 0xff, 0xe0,
    0x0a, 0xff, 0x30, 0x00, 0x7f, 0xf6, 0x0e, 0xfd,
    0x00, 0x00, 0x0f, 0xfb, 0x0f, 0xfa, 0x00, 0x00,
    0x0d, 0xfd, 0x0f, 0xfa, 0x00, 0x00, 0x0d, 0xfd,
    0x0e, 0xfd, 0x00, 0x00, 0x0f, 0xfb, 0x0a, 0xff,
    0x30, 0x00, 0x7f, 0xf6, 0x03, 0xff, 0xe6, 0x48,
    0xff, 0xe1, 0x00, 0x6f, 0xff, 0xff, 0xfe, 0x30,
    0x00, 0x03, 0xae, 0xfd, 0x92, 0x00,

    /* U+00F3 "ó" */
    0x00, 0x00, 0x00, 0x6f, 0xf1, 0x00, 0x00, 0x00,
    0x00, 0xdf, 0x60, 0x00, 0x00, 0x00, 0x04, 0xfc,
    0x00, 0x00, 0x00, 0x00, 0x02, 0x41, 0x00, 0x00,
    0x00, 0x00, 0x00, 0x00, 0x00, 0x00, 0x00, 0x03,
    0xae, 0xfd, 0x92, 0x00, 0x00, 0x6f, 0xff, 0xff,
    0xfe, 0x30, 0x03, 0xff, 0xe6, 0x48, 0xff, 0xe0,
    0x0a, 0xff, 0x30, 0x00, 0x7f, 0xf6, 0x0e, 0xfd,
    0x00, 0x00, 0x0f, 0xfb, 0x0f, 0xfa, 0x00, 0x00,
    0x0d, 0xfd, 0x0f, 0xfa, 0x00, 0x00, 0x0d, 0xfd,
    0x0e, 0xfd, 0x00, 0x00, 0x0f, 0xfb, 0x0a, 0xff,
    0x30, 0x00, 0x7f, 0xf6, 0x03, 0xff, 0xe6, 0x48,
    0xff, 0xe1, 0x00, 0x6f, 0xff, 0xff, 0xfe, 0x30,
    0x00, 0x03, 0xae, 0xfd, 0x92, 0x00,

    /* U+00F4 "ô" */
    0x00, 0x00, 0x3f, 0xfd, 0x10, 0x00, 0x00, 0x02,
    0xef, 0x9f, 0xc0, 0x00, 0x00, 0x2e, 0xf5, 0x09,
    0xfc, 0x00, 0x00, 0x00, 0x00, 0x00, 0x00, 0x00,
    0x00, 0x00, 0x00, 0x00, 0x00, 0x00, 0x00, 0x03,
    0xae, 0xfd, 0x92, 0x00, 0x00, 0x6f, 0xff, 0xff,
    0xfe, 0x30, 0x03, 0xff, 0xe6, 0x48, 0xff, 0xe0,
    0x0a, 0xff, 0x30, 0x00, 0x7f, 0xf6, 0x0e, 0xfd,
    0x00, 0x00, 0x0f, 0xfb, 0x0f, 0xfa, 0x00, 0x00,
    0x0d, 0xfd, 0x0f, 0xfa, 0x00, 0x00, 0x0d, 0xfd,
    0x0e, 0xfd, 0x00, 0x00, 0x0f, 0xfb, 0x0a, 0xff,
    0x30, 0x00, 0x7f, 0xf6, 0x03, 0xff, 0xe6, 0x48,
    0xff, 0xe1, 0x00, 0x6f, 0xff, 0xff, 0xfe, 0x30,
    0x00, 0x03, 0xae, 0xfd, 0x92, 0x00,

    /* U+00F5 "õ" */
    0x00, 0x03, 0xee, 0x71, 0xeb, 0x00, 0x00, 0x0c,
    0xfc, 0xff, 0xf6, 0x00, 0x00, 0x09, 0x60, 0x49,
    0x70, 0x00, 0x00, 0x00, 0x00, 0x00, 0x00, 0x00,
    0x00, 0x00, 0x00, 0x00, 0x00, 0x00, 0x00, 0x03,
    0xae, 0xfd, 0x92, 0x00, 0x00, 0x6f, 0xff, 0xff,
    0xfe, 0x30, 0x03, 0xff, 0xe6, 0x48, 0xff, 0xe0,
    0x0a, 0xff, 0x30, 0x00, 0x7f, 0xf6, 0x0e, 0xfd,
    0x00, 0x00, 0x0f, 0xfb, 0x0f, 0xfa, 0x00, 0x00,
    0x0d, 0xfd, 0x0f, 0xfa, 0x00, 0x00, 0x0d, 0xfd,
    0x0e, 0xfd, 0x00, 0x00, 0x0f, 0xfb, 0x0a, 0xff,
    0x30, 0x00, 0x7f, 0xf6, 0x03, 0xff, 0xe6, 0x48,
    0xff, 0xe1, 0x00, 0x6f, 0xff, 0xff, 0xfe, 0x30,
    0x00, 0x03, 0xae, 0xfd, 0x92, 0x00,

    /* U+00F6 "ö" */
    0x00, 0x0c, 0xe3, 0x06, 0xf9, 0x00, 0x00, 0x3f,
    0xf8, 0x0c, 0xff, 0x00, 0x00, 0x0a, 0xc2, 0x04,
    0xd7, 0x00, 0x00, 0x00, 0x00, 0x00, 0x00, 0x00,
    0x00, 0x00, 0x00, 0x00, 0x00, 0x00, 0x00, 0x03,
    0xae, 0xfd, 0x92, 0x00, 0x00, 0x6f, 0xff, 0xff,
    0xfe, 0x30, 0x03, 0xff, 0xe6, 0x48, 0xff, 0xe0,
    0x0a, 0xff, 0x30, 0x00, 0x7f, 0xf6, 0x0e, 0xfd,
    0x00, 0x00, 0x0f, 0xfb, 0x0f, 0xfa, 0x00, 0x00,
    0x0d, 0xfd, 0x0f, 0xfa, 0x00, 0x00, 0x0d, 0xfd,
    0x0e, 0xfd, 0x00, 0x00, 0x0f, 0xfb, 0x0a, 0xff,
    0x30, 0x00, 0x7f, 0xf6, 0x03, 0xff, 0xe6, 0x48,
    0xff, 0xe1, 0x00, 0x6f, 0xff, 0xff, 0xfe, 0x30,
    0x00, 0x03, 0xae, 0xfd, 0x92, 0x00,

    /* U+00F7 "÷" */
    0x00, 0x02, 0xde, 0x30, 0x00, 0x00, 0x00, 0x8f,
    0xfa, 0x00, 0x00, 0x00, 0x04, 0xff, 0x60, 0x00,
    0x00, 0x00, 0x03, 0x40, 0x00, 0x00, 0x00, 0x00,
    0x00, 0x00, 0x00, 0x0f, 0xff, 0xff, 0xff, 0xff,
    0xf2, 0xff, 0xff, 0xff, 0xff, 0xff, 0x24, 0x55,
    0x55, 0x55, 0x55, 0x50, 0x00, 0x00, 0x33, 0x00,
    0x00, 0x00, 0x00, 0x4f, 0xf6, 0x00, 0x00, 0x00,
    0x08, 0xff, 0xa0, 0x00, 0x00, 0x00, 0x2d, 0xe3,
    0x00, 0x00,

    /* U+00F8 "ø" */
    0x00, 0x00, 0x00, 0x00, 0x00, 0x10, 0x00, 0x03,
    0xae, 0xfd, 0x92, 0xda, 0x00, 0x6f, 0xff, 0xff,
    0xff, 0xf3, 0x03, 0xff, 0xe6, 0x48, 0xff, 0xf0,
    0x0a, 0xff, 0x30, 0x06, 0xff, 0xf6, 0x0e, 0xfd,
    0x00, 0x4f, 0xbf, 0xfb, 0x0f, 0xfa, 0x02, 0xec,
    0x0d, 0xfd, 0x0f, 0xfa, 0x1d, 0xe1, 0x0d, 0xfd,
    0x0e, 0xfd, 0xbf, 0x20, 0x0f, 0xfb, 0x0a, 0xff,
    0xf4, 0x00, 0x7f, 0xf6, 0x03, 0xff, 0xf6, 0x48,
    0xff, 0xe1, 0x04, 0xff, 0xff, 0xff, 0xfe, 0x30,
    0x0e, 0xb3, 0xae, 0xfd, 0x92, 0x00, 0x02, 0x10,
    0x00, 0x00, 0x00, 0x00,

    /* U+00F9 "ù" */
    0x00, 0x4f, 0xf3, 0x00, 0x00, 0x00, 0x00, 0xaf,
    0xa0, 0x00, 0x00, 0x00, 0x01, 0xef, 0x10, 0x00,
    0x00, 0x00, 0x02, 0x41, 0x00, 0x00, 0x00, 0x00,
    0x00, 0x00, 0x00, 0x09, 0xff, 0x10, 0x00, 0x3f,
    0xf7, 0x9f, 0xf1, 0x00, 0x03, 0xff, 0x79, 0xff,
    0x10, 0x00, 0x3f, 0xf7, 0x9f, 0xf1, 0x00, 0x03,
    0xff, 0x79, 0xff, 0x10, 0x00, 0x3f, 0xf7, 0x9f,
    0xf1, 0x00, 0x03, 0xff, 0x79, 0xff, 0x10, 0x00,
    0x3f, 0xf7, 0x9f, 0xf2, 0x00, 0x04, 0xff, 0x77,
    0xff, 0x60, 0x00, 0xaf, 0xf7, 0x3f, 0xff, 0x85,
    0xaf, 0xff, 0x70, 0xbf, 0xff, 0xff, 0x6f, 0xf7,
    0x00, 0x9e, 0xfc, 0x41, 0xff, 0x70,

    /* U+00FA "ú" */
    0x00, 0x00, 0x06, 0xff, 0x20, 0x00, 0x00, 0x00,
    0xdf, 0x70, 0x00, 0x00, 0x00, 0x4f, 0xd0, 0x00,
    0x00, 0x00, 0x02, 0x41, 0x00, 0x00, 0x00, 0x00,
    0x00, 0x00, 0x00, 0x09, 0xff, 0x10, 0x00, 0x3f,
    0xf7, 0x9f, 0xf1, 0x00, 0x03, 0xff, 0x79, 0xff,
    0x10, 0x00, 0x3f, 0xf7, 0x9f, 0xf1, 0x00, 0x03,
    0xff, 0x79, 0xff, 0x10, 0x00, 0x3f, 0xf7, 0x9f,
    0xf1, 0x00, 0x03, 0xff, 0x79, 0xff, 0x10, 0x00,
    0x3f, 0xf7, 0x9f, 0xf2, 0x00, 0x04, 0xff, 0x77,
    0xff, 0x60, 0x00, 0xaf, 0xf7, 0x3f, 0xff, 0x85,
    0xaf, 0xff, 0x70, 0xbf, 0xff, 0xff, 0x6f, 0xf7,
    0x00, 0x9e, 0xfc, 0x41, 0xff, 0x70,

    /* U+00FB "û" */
    0x00, 0x02, 0xef, 0xd0, 0x00, 0x00, 0x00, 0xdf,
    0xcf, 0xa0, 0x00, 0x00, 0xaf, 0xa0, 0xcf, 0x70,
    0x00, 0x28, 0x71, 0x02, 0x87, 0x00, 0x00, 0x00,
    0x00, 0x00, 0x00, 0x09, 0xff, 0x10, 0x00, 0x3f,
    0xf7, 0x9f, 0xf1, 0x00, 0x03, 0xff, 0x79, 0xff,
    0x10, 0x00, 0x3f, 0xf7, 0x9f, 0xf1, 0x00, 0x03,
    0xff, 0x79, 0xff, 0x10, 0x00, 0x3f, 0xf7, 0x9f,
    0xf1, 0x00, 0x03, 0xff, 0x79, 0xff, 0x10, 0x00,
    0x3f, 0xf7, 0x9f, 0xf2, 0x00, 0x04, 0xff, 0x77,
    0xff, 0x60, 0x00, 0xaf, 0xf7, 0x3f, 0xff, 0x85,
    0xaf, 0xff, 0x70, 0xbf, 0xff, 0xff, 0x6f, 0xf7,
    0x00, 0x9e, 0xfc, 0x41, 0xff, 0x70,

    /* U+00FC "ü" */
    0x00, 0xce, 0x30, 0x5f, 0xa0, 0x00, 0x3f, 0xf9,
    0x0b, 0xff, 0x00, 0x00, 0xac, 0x20, 0x4d, 0x80,
    0x00, 0x00, 0x00, 0x00, 0x00, 0x00, 0x00, 0x00,
    0x00, 0x00, 0x00, 0x09, 0xff, 0x10, 0x00, 0x3f,
    0xf7, 0x9f, 0xf1, 0x00, 0x03, 0xff, 0x79, 0xff,
    0x10, 0x00, 0x3f, 0xf7, 0x9f, 0xf1, 0x00, 0x03,
    0xff, 0x79, 0xff, 0x10, 0x00, 0x3f, 0xf7, 0x9f,
    0xf1, 0x00, 0x03, 0xff, 0x79, 0xff, 0x10, 0x00,
    0x3f, 0xf7, 0x9f, 0xf2, 0x00, 0x04, 0xff, 0x77,
    0xff, 0x60, 0x00, 0xaf, 0xf7, 0x3f, 0xff, 0x85,
    0xaf, 0xff, 0x70, 0xbf, 0xff, 0xff, 0x6f, 0xf7,
    0x00, 0x9e, 0xfc, 0x41, 0xff, 0x70,

    /* U+00FD "ý" */
    0x00, 0x00, 0x00, 0x9f, 0xd0, 0x00, 0x00, 0x00,
    0x01, 0xff, 0x30, 0x00, 0x00, 0x00, 0x07, 0xf9,
    0x00, 0x00, 0x00, 0x00, 0x03, 0x40, 0x00, 0x00,
    0x00, 0x00, 0x00, 0x00, 0x00, 0x00, 0x6f, 0xf6,
    0x00, 0x00, 0x0f, 0xfc, 0x1f, 0xfb, 0x00, 0x00,
    0x6f, 0xf6, 0x0a, 0xff, 0x10, 0x00, 0xbf, 0xf0,
    0x04, 0xff, 0x60, 0x01, 0xff, 0xa0, 0x00, 0xef,
    0xb0, 0x06, 0xff, 0x40, 0x00, 0x8f, 0xf1, 0x0c,
    0xfe, 0x00, 0x00, 0x2f, 0xf6, 0x1f, 0xf8, 0x00,
    0x00, 0x0c, 0xfa, 0x6f, 0xf2, 0x00, 0x00, 0x06,
    0xfe, 0xaf, 0xc0, 0x00, 0x00, 0x01, 0xff, 0xff,
    0x60, 0x00, 0x00, 0x00, 0xaf, 0xff, 0x00, 0x00,
    0x00, 0x00, 0x5f, 0xf9, 0x00, 0x00, 0x00, 0x00,
    0x7f, 0xf3, 0x00, 0x00, 0x00, 0x44, 0xef, 0xd0,
    0x00, 0x00, 0x05, 0xff, 0xff, 0x40, 0x00, 0x00,
    0x07, 0xff, 0xc4, 0x00, 0x00, 0x00,

    /* U+00FE "þ" */
    0x9f, 0xf1, 0x00, 0x00, 0x00, 0x00, 0x9f, 0xf1,
    0x00, 0x00, 0x00, 0x00, 0x9f, 0xf1, 0x00, 0x00,
    0x00, 0x00, 0x9f, 0xf1, 0x00, 0x00, 0x00, 0x00,
    0x9f, 0xf1, 0x6d, 0xfd, 0x70, 0x00, 0x9f, 0xf7,
    0xff, 0xff, 0xfb, 0x00, 0x9f, 0xff, 0x94, 0x6e,
    0xff, 0x60, 0x9f, 0xfa, 0x00, 0x02, 0xff, 0xd0,
    0x9f, 0xf3, 0x00, 0x00, 0xbf, 0xf1, 0x9f, 0xf1,
    0x00, 0x00, 0x9f, 0xf2, 0x9f, 0xf1, 0x00, 0x00,
    0x9f, 0xf2, 0x9f, 0xf3, 0x00, 0x00, 0xbf, 0xf1,
    0x9f, 0xfa, 0x00, 0x02, 0xff, 0xd0, 0x9f, 0xff,
    0xa5, 0x6e, 0xff, 0x60, 0x9f, 0xf7, 0xff, 0xff,
    0xfb, 0x00, 0x9f, 0xf1, 0x6d, 0xfd, 0x70, 0x00,
    0x9f, 0xf1, 0x00, 0x00, 0x00, 0x00, 0x9f, 0xf1,
    0x00, 0x00, 0x00, 0x00, 0x9f, 0xf1, 0x00, 0x00,
    0x00, 0x00, 0x9f, 0xf1, 0x00, 0x00, 0x00, 0x00,

    /* U+00FF "ÿ" */
    0x00, 0x2d, 0xd1, 0x08, 0xf6, 0x00, 0x00, 0x6f,
    0xf5, 0x0f, 0xfc, 0x00, 0x00, 0x1c, 0xb0, 0x07,
    0xd5, 0x00, 0x00, 0x00, 0x00, 0x00, 0x00, 0x00,
    0x00, 0x00, 0x00, 0x00, 0x00, 0x00, 0x6f, 0xf6,
    0x00, 0x00, 0x0f, 0xfc, 0x1f, 0xfb, 0x00, 0x00,
    0x6f, 0xf6, 0x0a, 0xff, 0x10, 0x00, 0xbf, 0xf0,
    0x04, 0xff, 0x60, 0x01, 0xff, 0xa0, 0x00, 0xef,
    0xb0, 0x06, 0xff, 0x40, 0x00, 0x8f, 0xf1, 0x0c,
    0xfe, 0x00, 0x00, 0x2f, 0xf6, 0x1f, 0xf8, 0x00,
    0x00, 0x0c, 0xfa, 0x6f, 0xf2, 0x00, 0x00, 0x06,
    0xfe, 0xaf, 0xc0, 0x00, 0x00, 0x01, 0xff, 0xff,
    0x60, 0x00, 0x00, 0x00, 0xaf, 0xff, 0x00, 0x00,
    0x00, 0x00, 0x5f, 0xf9, 0x00, 0x00, 0x00, 0x00,
    0x7f, 0xf3, 0x00, 0x00, 0x00, 0x44, 0xef, 0xd0,
    0x00, 0x00, 0x05, 0xff, 0xff, 0x40, 0x00, 0x00,
    0x07, 0xff, 0xc4, 0x00, 0x00, 0x00,

    /* U+0100 "Ā" */
    0x00, 0x00, 0x4d, 0xdd, 0xdd, 0x70, 0x00, 0x00,
    0x00, 0x04, 0xff, 0xff, 0xf8, 0x00, 0x00, 0x00,
    0x00, 0x00, 0x00, 0x00, 0x00, 0x00, 0x00, 0x00,
    0x00, 0x00, 0x00, 0x00, 0x00, 0x00, 0x00, 0x00,
    0x05, 0xff, 0xf7, 0x00, 0x00, 0x00, 0x00, 0x00,
    0xaf, 0xff, 0xd0, 0x00, 0x00, 0x00, 0x00, 0x0f,
    0xfd, 0xff, 0x20, 0x00, 0x00, 0x00, 0x05, 0xff,
    0x5f, 0xf8, 0x00, 0x00, 0x00, 0x00, 0xaf, 0xf0,
    0xdf, 0xd0, 0x00, 0x00, 0x00, 0x0f, 0xfb, 0x09,
    0xff, 0x30, 0x00, 0x00, 0x05, 0xff, 0x70, 0x4f,
    0xf8, 0x00, 0x00, 0x00, 0xaf, 0xf2, 0x00, 0xff,
    0xe0, 0x00, 0x00, 0x0f, 0xfd, 0x00, 0x0b, 0xff,
    0x30, 0x00, 0x05, 0xff, 0xd4, 0x44, 0xaf, 0xf9,
    0x00, 0x00, 0xaf, 0xff, 0xff, 0xff, 0xff, 0xe0,
    0x00, 0x0f, 0xff, 0xff, 0xff, 0xff, 0xff, 0x30,
    0x05, 0xff, 0x90, 0x00, 0x00, 0x6f, 0xf9, 0x00,
    0xaf, 0xf4, 0x00, 0x00, 0x01, 0xff, 0xe0, 0x0f,
    0xff, 0x00, 0x00, 0x00, 0x0b, 0xff, 0x45, 0xff,
    0xa0, 0x00, 0x00, 0x00, 0x6f, 0xf9,

    /* U+0101 "ā" */
    0x00, 0x0f, 0xff, 0xff, 0xd0, 0x00, 0x00, 0xdd,
    0xdd, 0xdb, 0x00, 0x00, 0x00, 0x00, 0x00, 0x00,
    0x00, 0x00, 0x00, 0x00, 0x00, 0x00, 0x00, 0x07,
    0xdf, 0xec, 0x70, 0x00, 0x1d, 0xff, 0xff, 0xff,
    0xb0, 0x0a, 0xff, 0x83, 0x3b, 0xff, 0x50, 0x25,
    0x60, 0x00, 0x1f, 0xf9, 0x00, 0x00, 0x00, 0x26,
    0xff, 0xa0, 0x04, 0xae, 0xff, 0xff, 0xfa, 0x08,
    0xff, 0xfc, 0xa6, 0xff, 0xa1, 0xff, 0xb1, 0x00,
    0x0f, 0xfa, 0x3f, 0xf6, 0x00, 0x03, 0xff, 0xa1,
    0xff, 0xd3, 0x14, 0xef, 0xfa, 0x09, 0xff, 0xff,
    0xfb, 0xef, 0xa0, 0x07, 0xdf, 0xe8, 0x0e, 0xfa,

    /* U+0102 "Ă" */
    0x00, 0x00, 0x57, 0x00, 0x05, 0x70, 0x00, 0x00,
    0x00, 0x08, 0xf6, 0x04, 0xfc, 0x00, 0x00, 0x00,
    0x00, 0x1d, 0xff, 0xff, 0x30, 0x00, 0x00, 0x00,
    0x00, 0x06, 0x97, 0x10, 0x00, 0x00, 0x00, 0x00,
    0x00, 0x00, 0x00, 0x00, 0x00, 0x00, 0x00, 0x00,
    0x5f, 0xff, 0x70, 0x00, 0x00, 0x00, 0x00, 0x0a,
    0xff, 0xfd, 0x00, 0x00, 0x00, 0x00, 0x00, 0xff,
    0xdf, 0xf2, 0x00, 0x00, 0x00, 0x00, 0x5f, 0xf5,
    0xff, 0x80, 0x00, 0x00, 0x00, 0x0a, 0xff, 0x0d,
    0xfd, 0x00, 0x00, 0x00, 0x00, 0xff, 0xb0, 0x9f,
    0xf3, 0x00, 0x00, 0x00, 0x5f, 0xf7, 0x04, 0xff,
    0x80, 0x00, 0x00, 0x0a, 0xff, 0x20, 0x0f, 0xfe,
    0x00, 0x00, 0x00, 0xff, 0xd0, 0x00, 0xbf, 0xf3,
    0x00, 0x00, 0x5f, 0xfd, 0x44, 0x4a, 0xff, 0x90,
    0x00, 0x0a, 0xff, 0xff, 0xff, 0xff, 0xfe, 0x00,
    0x00, 0xff, 0xff, 0xff, 0xff, 0xff, 0xf3, 0x00,
    0x5f, 0xf9, 0x00, 0x00, 0x06, 0xff, 0x90, 0x0a,
    0xff, 0x40, 0x00, 0x00, 0x1f, 0xfe, 0x00, 0xff,
    0xf0, 0x00, 0x00, 0x00, 0xbf, 0xf4, 0x5f, 0xfa,
    0x00, 0x00, 0x00, 0x06, 0xff, 0x90,

    /* U+0103 "ă" */
    0x00, 0x4d, 0x40, 0x05, 0xd3, 0x00, 0x02, 0xfc,
    0x12, 0xdf, 0x00, 0x00, 0x08, 0xff, 0xff, 0x60,
    0x00, 0x00, 0x04, 0x98, 0x30, 0x00, 0x00, 0x00,
    0x00, 0x00, 0x00, 0x00, 0x00, 0x7d, 0xfe, 0xc7,
    0x00, 0x01, 0xdf, 0xff, 0xff, 0xfb, 0x00, 0xaf,
    0xf8, 0x33, 0xbf, 0xf5, 0x02, 0x56, 0x00, 0x01,
    0xff, 0x90, 0x00, 0x00, 0x02, 0x6f, 0xfa, 0x00,
    0x4a, 0xef, 0xff, 0xff, 0xa0, 0x8f, 0xff, 0xca,
    0x6f, 0xfa, 0x1f, 0xfb, 0x10, 0x00, 0xff, 0xa3,
    0xff, 0x60, 0x00, 0x3f, 0xfa, 0x1f, 0xfd, 0x31,
    0x4e, 0xff, 0xa0, 0x9f, 0xff, 0xff, 0xbe, 0xfa,
    0x00, 0x7d, 0xfe, 0x80, 0xef, 0xa0,

    /* U+0104 "Ą" */
    0x00, 0x00, 0x05, 0xff, 0xf7, 0x00, 0x00, 0x00,
    0x00, 0x00, 0x0a, 0xff, 0xfd, 0x00, 0x00, 0x00,
    0x00, 0x00, 0x0f, 0xfd, 0xff, 0x20, 0x00, 0x00,
    0x00, 0x00, 0x5f, 0xf5, 0xff, 0x80, 0x00, 0x00,
    0x00, 0x00, 0xaf, 0xf0, 0xdf, 0xd0, 0x00, 0x00,
    0x00, 0x00, 0xff, 0xb0, 0x9f, 0xf3, 0x00, 0x00,
    0x00, 0x05, 0xff, 0x70, 0x4f, 0xf8, 0x00, 0x00,
    0x00, 0x0a, 0xff, 0x20, 0x0f, 0xfe, 0x00, 0x00,
    0x00, 0x0f, 0xfd, 0x00, 0x0a, 0xff, 0x30, 0x00,
    0x00, 0x5f, 0xff, 0xff, 0xff, 0xff, 0x90, 0x00,
    0x00, 0xaf, 0xff, 0xff, 0xff, 0xff, 0xe0, 0x00,
    0x00, 0xff, 0xf4, 0x44, 0x44, 0xff, 0xf3, 0x00,
    0x05, 0xff, 0x90, 0x00, 0x00, 0x6f, 0xf9, 0x00,
    0x0a, 0xff, 0x40, 0x00, 0x00, 0x1f, 0xfe, 0x00,
    0x0f, 0xff, 0x00, 0x00, 0x00, 0x0b, 0xff, 0x40,
    0x5f, 0xfa, 0x00, 0x00, 0x00, 0x06, 0xff, 0xa0,
    0x00, 0x00, 0x00, 0x00, 0x00, 0x09, 0xfb, 0x10,
    0x00, 0x00, 0x00, 0x00, 0x00, 0x5f, 0xf2, 0x00,
    0x00, 0x00, 0x00, 0x00, 0x00, 0x5f, 0xfe, 0xd0,
    0x00, 0x00, 0x00, 0x00, 0x00, 0x08, 0xef, 0xc2,

    /* U+0105 "ą" */
    0x00, 0x07, 0xdf, 0xec, 0x70, 0x00, 0x01, 0xdf,
    0xff, 0xff, 0xfb, 0x00, 0x0a, 0xff, 0x83, 0x3b,
    0xff, 0x50, 0x02, 0x56, 0x00, 0x01, 0xff, 0x90,
    0x00, 0x00, 0x00, 0x26, 0xff, 0xa0, 0x00, 0x4a,
    0xef, 0xff, 0xff, 0xa0, 0x08, 0xff, 0xfc, 0xa6,
    0xff, 0xa0, 0x1f, 0xfb, 0x10, 0x00, 0xff, 0xa0,
    0x3f, 0xf6, 0x00, 0x03, 0xff, 0xa0, 0x1f, 0xfd,
    0x31, 0x4e, 0xff, 0xa0, 0x09, 0xff, 0xff, 0xfb,
    0xef, 0xa0, 0x00, 0x7d, 0xfe, 0x81, 0xff, 0xc0,
    0x00, 0x00, 0x00, 0x0c, 0xf7, 0x00, 0x00, 0x00,
    0x00, 0x5f, 0xf0, 0x00, 0x00, 0x00, 0x00, 0x5f,
    0xfe, 0xc0, 0x00, 0x00, 0x00, 0x08, 0xef, 0xc1,

    /* U+0106 "Ć" */
    0x00, 0x00, 0x00, 0x0c, 0xfb, 0x00, 0x00, 0x00,
    0x00, 0x00, 0x3f, 0xf2, 0x00, 0x00, 0x00, 0x00,
    0x00, 0xaf, 0x70, 0x00, 0x00, 0x00, 0x00, 0x00,
    0x33, 0x00, 0x00, 0x00, 0x00, 0x00, 0x00, 0x00,
    0x00, 0x00, 0x00, 0x00, 0x01, 0x7c, 0xef, 0xd9,
    0x20, 0x00, 0x00, 0x4e, 0xff, 0xff, 0xff, 0xf6,
    0x00, 0x03, 0xff, 0xfd, 0x99, 0xcf, 0xff, 0x50,
    0x0d, 0xff, 0x80, 0x00, 0x06, 0xff, 0xe0, 0x5f,
    0xfa, 0x00, 0x00, 0x00, 0x9f, 0xf4, 0xaf, 0xf3,
    0x00, 0x00, 0x00, 0x26, 0x62, 0xcf, 0xe0, 0x00,
    0x00, 0x00, 0x00, 0x00, 0xef, 0xd0, 0x00, 0x00,
    0x00, 0x00, 0x00, 0xef, 0xd0, 0x00, 0x00, 0x00,
    0x00, 0x00, 0xcf, 0xe0, 0x00, 0x00, 0x00, 0x00,
    0x00, 0xaf, 0xf3, 0x00, 0x00, 0x00, 0x26, 0x62,
    0x5f, 0xfa, 0x00, 0x00, 0x00, 0x9f, 0xf4, 0x0d,
    0xff, 0x70, 0x00, 0x06, 0xff, 0xe0, 0x03, 0xff,
    0xfd, 0x99, 0xdf, 0xff, 0x40, 0x00, 0x4e, 0xff,
    0xff, 0xff, 0xf5, 0x00, 0x00, 0x01, 0x7c, 0xef,
    0xd8, 0x10, 0x00,

    /* U+0107 "ć" */
    0x00, 0x00, 0x00, 0x6f, 0xf1, 0x00, 0x00, 0x00,
    0x00, 0xdf, 0x60, 0x00, 0x00, 0x00, 0x04, 0xfc,
    0x00, 0x00, 0x00, 0x00, 0x02, 0x41, 0x00, 0x00,
    0x00, 0x00, 0x00, 0x00, 0x00, 0x00, 0x00, 0x03,
    0xae, 0xfe, 0x81, 0x00, 0x00, 0x6f, 0xff, 0xff,
    0xfe, 0x20, 0x03, 0xff, 0xe6, 0x48, 0xff, 0xd0,
    0x0a, 0xff, 0x40, 0x00, 0x7f, 0xd2, 0x0e, 0xfd,
    0x00, 0x00, 0x00, 0x00, 0x0f, 0xfa, 0x00, 0x00,
    0x00, 0x00, 0x0f, 0xfa, 0x00, 0x00, 0x00, 0x00,
    0x0e, 0xfd, 0x00, 0x00, 0x02, 0x00, 0x0a, 0xff,
    0x40, 0x00, 0x7f, 0xf2, 0x03, 0xff, 0xe6, 0x48,
    0xff, 0xd0, 0x00, 0x6f, 0xff, 0xff, 0xfe, 0x20,
    0x00, 0x03, 0xae, 0xfe, 0x91, 0x00,

    /* U+0108 "Ĉ" */
    0x00, 0x00, 0x07, 0xff, 0x80, 0x00, 0x00, 0x00,
    0x00, 0x4f, 0xee, 0xf5, 0x00, 0x00, 0x00, 0x02,
    0xef, 0x43, 0xff, 0x20, 0x00, 0x00, 0x05, 0x86,
    0x00, 0x58, 0x50, 0x00, 0x00, 0x00, 0x00, 0x00,
    0x00, 0x00, 0x00, 0x00, 0x01, 0x7c, 0xef, 0xd9,
    0x20, 0x00, 0x00, 0x4e, 0xff, 0xff, 0xff, 0xf6,
    0x00, 0x03, 0xff, 0xfd, 0x99, 0xcf, 0xff, 0x50,
    0x0d, 0xff, 0x80, 0x00, 0x06, 0xff, 0xe0, 0x5f,
    0xfa, 0x00, 0x00, 0x00, 0x9f, 0xf4, 0xaf, 0xf3,
    0x00, 0x00, 0x00, 0x26, 0x62, 0xcf, 0xe0, 0x00,
    0x00, 0x00, 0x00, 0x00, 0xef, 0xd0, 0x00, 0x00,
    0x00, 0x00, 0x00, 0xef, 0xd0, 0x00, 0x00, 0x00,
    0x00, 0x00, 0xcf, 0xe0, 0x00, 0x00, 0x00, 0x00,
    0x00, 0xaf, 0xf3, 0x00, 0x00, 0x00, 0x26, 0x62,
    0x5f, 0xfa, 0x00, 0x00, 0x00, 0x9f, 0xf4, 0x0d,
    0xff, 0x70, 0x00, 0x06, 0xff, 0xe0, 0x03, 0xff,
    0xfd, 0x99, 0xdf, 0xff, 0x40, 0x00, 0x4e, 0xff,
    0xff, 0xff, 0xf5, 0x00, 0x00, 0x01, 0x7c, 0xef,
    0xd8, 0x10, 0x00,

    /* U+0109 "ĉ" */
    0x00, 0x00, 0x3f, 0xfd, 0x10, 0x00, 0x00, 0x02,
    0xef, 0x9f, 0xc0, 0x00, 0x00, 0x2e, 0xf5, 0x09,
    0xfc, 0x00, 0x00, 0x00, 0x00, 0x00, 0x00, 0x00,
    0x00, 0x00, 0x00, 0x00, 0x00, 0x00, 0x00, 0x03,
    0xae, 0xfe, 0x81, 0x00, 0x00, 0x6f, 0xff, 0xff,
    0xfe, 0x20, 0x03, 0xff, 0xe6, 0x48, 0xff, 0xd0,
    0x0a, 0xff, 0x40, 0x00, 0x7f, 0xd2, 0x0e, 0xfd,
    0x00, 0x00, 0x00, 0x00, 0x0f, 0xfa, 0x00, 0x00,
    0x00, 0x00, 0x0f, 0xfa, 0x00, 0x00, 0x00, 0x00,
    0x0e, 0xfd, 0x00, 0x00, 0x02, 0x00, 0x0a, 0xff,
    0x40, 0x00, 0x7f, 0xf2, 0x03, 0xff, 0xe6, 0x48,
    0xff, 0xd0, 0x00, 0x6f, 0xff, 0xff, 0xfe, 0x20,
    0x00, 0x03, 0xae, 0xfe, 0x91, 0x00,

    /* U+010A "Ċ" */
    0x00, 0x00, 0x02, 0xde, 0x30, 0x00, 0x00, 0x00,
    0x00, 0x07, 0xff, 0x80, 0x00, 0x00, 0x00, 0x00,
    0x02, 0xde, 0x30, 0x00, 0x00, 0x00, 0x00, 0x00,
    0x00, 0x00, 0x00, 0x00, 0x00, 0x00, 0x00, 0x00,
    0x00, 0x00, 0x00, 0x00, 0x01, 0x7c, 0xef, 0xd9,
    0x20, 0x00, 0x00, 0x4e, 0xff, 0xff, 0xff, 0xf6,
    0x00, 0x03, 0xff, 0xfd, 0x99, 0xcf, 0xff, 0x50,
    0x0d, 0xff, 0x80, 0x00, 0x06, 0xff, 0xe0, 0x5f,
    0xfa, 0x00, 0x00, 0x00, 0x9f, 0xf4, 0xaf, 0xf3,
    0x00, 0x00, 0x00, 0x26, 0x62, 0xcf, 0xe0, 0x00,
    0x00, 0x00, 0x00, 0x00, 0xef, 0xd0, 0x00, 0x00,
    0x00, 0x00, 0x00, 0xef, 0xd0, 0x00, 0x00, 0x00,
    0x00, 0x00, 0xcf, 0xe0, 0x00, 0x00, 0x00, 0x00,
    0x00, 0xaf, 0xf3, 0x00, 0x00, 0x00, 0x26, 0x62,
    0x5f, 0xfa, 0x00, 0x00, 0x00, 0x9f, 0xf4, 0x0d,
    0xff, 0x70, 0x00, 0x06, 0xff, 0xe0, 0x03, 0xff,
    0xfd, 0x99, 0xdf, 0xff, 0x40, 0x00, 0x4e, 0xff,
    0xff, 0xff, 0xf5, 0x00, 0x00, 0x01, 0x7c, 0xef,
    0xd8, 0x10, 0x00,

    /* U+010B "ċ" */
    0x00, 0x00, 0x0a, 0xf7, 0x00, 0x00, 0x00, 0x00,
    0x1f, 0xfe, 0x00, 0x00, 0x00, 0x00, 0x0a, 0xf7,
    0x00, 0x00, 0x00, 0x00, 0x00, 0x00, 0x00, 0x00,
    0x00, 0x00, 0x00, 0x00, 0x00, 0x00, 0x00, 0x03,
    0xae, 0xfe, 0x81, 0x00, 0x00, 0x6f, 0xff, 0xff,
    0xfe, 0x20, 0x03, 0xff, 0xe6, 0x48, 0xff, 0xd0,
    0x0a, 0xff, 0x40, 0x00, 0x7f, 0xd2, 0x0e, 0xfd,
    0x00, 0x00, 0x00, 0x00, 0x0f, 0xfa, 0x00, 0x00,
    0x00, 0x00, 0x0f, 0xfa, 0x00, 0x00, 0x00, 0x00,
    0x0e, 0xfd, 0x00, 0x00, 0x02, 0x00, 0x0a, 0xff,
    0x40, 0x00, 0x7f, 0xf2, 0x03, 0xff, 0xe6, 0x48,
    0xff, 0xd0, 0x00, 0x6f, 0xff, 0xff, 0xfe, 0x20,
    0x00, 0x03, 0xae, 0xfe, 0x91, 0x00,

    /* U+010C "Č" */
    0x00, 0x06, 0xfe, 0x10, 0xdf, 0x90, 0x00, 0x00,
    0x00, 0x9f, 0xa9, 0xfb, 0x00, 0x00, 0x00, 0x00,
    0x0c, 0xff, 0xd0, 0x00, 0x00, 0x00, 0x00, 0x01,
    0x66, 0x20, 0x00, 0x00, 0x00, 0x00, 0x00, 0x00,
    0x00, 0x00, 0x00, 0x00, 0x01, 0x7c, 0xef, 0xd9,
    0x30, 0x00, 0x00, 0x4e, 0xff, 0xff, 0xff, 0xf8,
    0x00, 0x03, 0xff, 0xfd, 0x99, 0xcf, 0xff, 0x70,
    0x0d, 0xff, 0x80, 0x00, 0x04, 0xff, 0xf1, 0x5f,
    0xfa, 0x00, 0x00, 0x00, 0x7f, 0xf5, 0xaf, 0xf3,
    0x00, 0x00, 0x00, 0x00, 0x00, 0xcf, 0xe0, 0x00,
    0x00, 0x00, 0x00, 0x00, 0xef, 0xd0, 0x00, 0x00,
    0x00, 0x00, 0x00, 0xef, 0xd0, 0x00, 0x00, 0x00,
    0x00, 0x00, 0xcf, 0xe0, 0x00, 0x00, 0x00, 0x00,
    0x00, 0xaf, 0xf3, 0x00, 0x00, 0x00, 0x38, 0x83,
    0x5f, 0xfa, 0x00, 0x00, 0x00, 0xaf, 0xf3, 0x0d,
    0xff, 0x70, 0x00, 0x06, 0xff, 0xd0, 0x03, 0xff,
    0xfd, 0x99, 0xdf, 0xff, 0x40, 0x00, 0x4e, 0xff,
    0xff, 0xff, 0xf5, 0x00, 0x00, 0x01, 0x7c, 0xef,
    0xd8, 0x10, 0x00,

    /* U+010D "č" */
    0x00, 0x1e, 0xf5, 0x09, 0xfc, 0x00, 0x00, 0x02,
    0xef, 0x9f, 0xd1, 0x00, 0x00, 0x00, 0x3f, 0xfd,
    0x10, 0x00, 0x00, 0x00, 0x00, 0x00, 0x00, 0x00,
    0x00, 0x00, 0x00, 0x00, 0x00, 0x00, 0x00, 0x03,
    0xae, 0xfe, 0x81, 0x00, 0x00, 0x6f, 0xff, 0xff,
    0xfe, 0x20, 0x03, 0xff, 0xe6, 0x48, 0xff, 0xd0,
    0x0a, 0xff, 0x40, 0x00, 0x7f, 0xd2, 0x0e, 0xfd,
    0x00, 0x00, 0x00, 0x00, 0x0f, 0xfa, 0x00, 0x00,
    0x00, 0x00, 0x0f, 0xfa, 0x00, 0x00, 0x00, 0x00,
    0x0e, 0xfd, 0x00, 0x00, 0x02, 0x00, 0x0a, 0xff,
    0x40, 0x00, 0x7f, 0xf2, 0x03, 0xff, 0xe6, 0x48,
    0xff, 0xd0, 0x00, 0x6f, 0xff, 0xff, 0xfe, 0x20,
    0x00, 0x03, 0xae, 0xfe, 0x91, 0x00,

    /* U+010E "Ď" */
    0x02, 0x87, 0x00, 0x38, 0x70, 0x00, 0x00, 0x00,
    0xaf, 0x92, 0xff, 0x40, 0x00, 0x00, 0x00, 0x0b,
    0xff, 0xf4, 0x00, 0x00, 0x00, 0x00, 0x00, 0x78,
    0x40, 0x00, 0x00, 0x00, 0x00, 0x00, 0x00, 0x00,
    0x00, 0x00, 0x00, 0x7f, 0xff, 0xff, 0xec, 0x81,
    0x00, 0x00, 0x7f, 0xff, 0xff, 0xff, 0xff, 0x60,
    0x00, 0x7f, 0xfb, 0x77, 0x8c, 0xff, 0xf6, 0x00,
    0x7f, 0xf4, 0x00, 0x00, 0x4f, 0xff, 0x10, 0x7f,
    0xf4, 0x00, 0x00, 0x06, 0xff, 0x70, 0x7f, 0xf4,
    0x00, 0x00, 0x00, 0xff, 0xc0, 0x7f, 0xf4, 0x00,
    0x00, 0x00, 0xbf, 0xf0, 0x7f, 0xf4, 0x00, 0x00,
    0x00, 0xaf, 0xf0, 0x7f, 0xf4, 0x00, 0x00, 0x00,
    0xaf, 0xf0, 0x7f, 0xf4, 0x00, 0x00, 0x00, 0xbf,
    0xf0, 0x7f, 0xf4, 0x00, 0x00, 0x00, 0xff, 0xc0,
    0x7f, 0xf4, 0x00, 0x00, 0x06, 0xff, 0x70, 0x7f,
    0xf4, 0x00, 0x00, 0x4f, 0xff, 0x10, 0x7f, 0xfb,
    0x77, 0x8c, 0xff, 0xf6, 0x00, 0x7f, 0xff, 0xff,
    0xff, 0xff, 0x60, 0x00, 0x7f, 0xff, 0xff, 0xec,
    0x82, 0x00, 0x00,

    /* U+010F "ď" */
    0x00, 0x00, 0x00, 0x00, 0x00, 0x00, 0x0f, 0xf2,
    0x00, 0x00, 0x00, 0x00, 0x0f, 0xfb, 0x0f, 0xf0,
    0x00, 0x00, 0x00, 0x00, 0x0f, 0xfb, 0x0f, 0xd0,
    0x00, 0x00, 0x00, 0x00, 0x0f, 0xfb, 0x0f, 0xb0,
    0x00, 0x00, 0x00, 0x00, 0x0f, 0xfb, 0x00, 0x00,
    0x00, 0x06, 0xdf, 0xe7, 0x0f, 0xfb, 0x00, 0x00,
    0x00, 0xaf, 0xff, 0xff, 0x8f, 0xfb, 0x00, 0x00,
    0x05, 0xff, 0xe7, 0x49, 0xff, 0xfb, 0x00, 0x00,
    0x0b, 0xff, 0x30, 0x00, 0x8f, 0xfb, 0x00, 0x00,
    0x0f, 0xfd, 0x00, 0x00, 0x1f, 0xfb, 0x00, 0x00,
    0x0f, 0xfa, 0x00, 0x00, 0x0f, 0xfb, 0x00, 0x00,
    0x0f, 0xfa, 0x00, 0x00, 0x0f, 0xfb, 0x00, 0x00,
    0x0f, 0xfd, 0x00, 0x00, 0x1f, 0xfb, 0x00, 0x00,
    0x0b, 0xff, 0x40, 0x00, 0x8f, 0xfb, 0x00, 0x00,
    0x05, 0xff, 0xe7, 0x59, 0xff, 0xfb, 0x00, 0x00,
    0x00, 0xaf, 0xff, 0xff, 0x8e, 0xfb, 0x00, 0x00,
    0x00, 0x06, 0xdf, 0xe7, 0x0e, 0xfb, 0x00, 0x00,

    /* U+0110 "Đ" */
    0x00, 0xdf, 0xff, 0xff, 0xeb, 0x50, 0x00, 0x00,
    0x0d, 0xff, 0xff, 0xff, 0xff, 0xd2, 0x00, 0x00,
    0xdf, 0xf7, 0x77, 0x9e, 0xff, 0xe1, 0x00, 0x0d,
    0xfe, 0x00, 0x00, 0x09, 0xff, 0xa0, 0x00, 0xdf,
    0xe0, 0x00, 0x00, 0x0c, 0xff, 0x10, 0x0d, 0xfe,
    0x00, 0x00, 0x00, 0x5f, 0xf6, 0x00, 0xdf, 0xe0,
    0x00, 0x00, 0x01, 0xff, 0x9c, 0xff, 0xff, 0xff,
    0xf6, 0x00, 0x0f, 0xfa, 0xcf, 0xff, 0xff, 0xff,
    0x60, 0x00, 0xff, 0xa0, 0x0d, 0xfe, 0x00, 0x00,
    0x00, 0x1f, 0xf9, 0x00, 0xdf, 0xe0, 0x00, 0x00,
    0x05, 0xff, 0x60, 0x0d, 0xfe, 0x00, 0x00, 0x00,
    0xcf, 0xf1, 0x00, 0xdf, 0xe0, 0x00, 0x00, 0x9f,
    0xfa, 0x00, 0x0d, 0xff, 0x77, 0x79, 0xef, 0xfe,
    0x10, 0x00, 0xdf, 0xff, 0xff, 0xff, 0xfd, 0x20,
    0x00, 0x0d, 0xff, 0xff, 0xfd, 0xb5, 0x00, 0x00,

    /* U+0111 "đ" */
    0x00, 0x00, 0x00, 0x00, 0x0f, 0xfb, 0x00, 0x00,
    0x00, 0x00, 0xff, 0xff, 0xff, 0xf1, 0x00, 0x00,
    0x00, 0xcc, 0xcf, 0xff, 0xc0, 0x00, 0x00, 0x00,
    0x00, 0x0f, 0xfb, 0x00, 0x00, 0x06, 0xdf, 0xe7,
    0x0f, 0xfb, 0x00, 0x00, 0xaf, 0xff, 0xff, 0x8f,
    0xfb, 0x00, 0x05, 0xff, 0xe7, 0x49, 0xff, 0xfb,
    0x00, 0x0b, 0xff, 0x30, 0x00, 0x8f, 0xfb, 0x00,
    0x0f, 0xfd, 0x00, 0x00, 0x1f, 0xfb, 0x00, 0x0f,
    0xfa, 0x00, 0x00, 0x0f, 0xfb, 0x00, 0x0f, 0xfa,
    0x00, 0x00, 0x0f, 0xfb, 0x00, 0x0f, 0xfd, 0x00,
    0x00, 0x1f, 0xfb, 0x00, 0x0b, 0xff, 0x40, 0x00,
    0x8f, 0xfb, 0x00, 0x05, 0xff, 0xe7, 0x59, 0xff,
    0xfb, 0x00, 0x00, 0xaf, 0xff, 0xff, 0x8e, 0xfb,
    0x00, 0x00, 0x06, 0xdf, 0xe7, 0x0e, 0xfb, 0x00,

    /* U+0112 "Ē" */
    0x00, 0x5d, 0xdd, 0xdd, 0x60, 0x00, 0x06, 0xff,
    0xff, 0xf7, 0x00, 0x00, 0x00, 0x00, 0x00, 0x00,
    0x00, 0x00, 0x00, 0x00, 0x00, 0x00, 0x7f, 0xff,
    0xff, 0xff, 0xff, 0x77, 0xff, 0xff, 0xff, 0xff,
    0xf7, 0x7f, 0xf8, 0x66, 0x66, 0x66, 0x27, 0xff,
    0x40, 0x00, 0x00, 0x00, 0x7f, 0xf4, 0x00, 0x00,
    0x00, 0x07, 0xff, 0x40, 0x00, 0x00, 0x00, 0x7f,
    0xf4, 0x00, 0x00, 0x00, 0x07, 0xff, 0xff, 0xff,
    0xff, 0xf0, 0x7f, 0xff, 0xff, 0xff, 0xff, 0x07,
    0xff, 0x85, 0x55, 0x55, 0x50, 0x7f, 0xf4, 0x00,
    0x00, 0x00, 0x07, 0xff, 0x40, 0x00, 0x00, 0x00,
    0x7f, 0xf4, 0x00, 0x00, 0x00, 0x07, 0xff, 0x86,
    0x66, 0x66, 0x63, 0x7f, 0xff, 0xff, 0xff, 0xff,
    0x87, 0xff, 0xff, 0xff, 0xff, 0xf8,

    /* U+0113 "ē" */
    0x00, 0x0a, 0xff, 0xff, 0xf2, 0x00, 0x00, 0x09,
    0xdd, 0xdd, 0xd2, 0x00, 0x00, 0x00, 0x00, 0x00,
    0x00, 0x00, 0x00, 0x00, 0x00, 0x00, 0x00, 0x00,
    0x00, 0x03, 0xae, 0xfd, 0x81, 0x00, 0x00, 0x6f,
    0xff, 0xff, 0xfd, 0x10, 0x03, 0xff, 0xd5, 0x37,
    0xff, 0xb0, 0x0a, 0xfe, 0x10, 0x00, 0x7f, 0xf2,
    0x0e, 0xfa, 0x00, 0x00, 0x2f, 0xf6, 0x0f, 0xff,
    0xff, 0xff, 0xff, 0xf8, 0x0f, 0xff, 0xee, 0xee,
    0xee, 0xe7, 0x0f, 0xfa, 0x00, 0x00, 0x00, 0x00,
    0x0a, 0xff, 0x10, 0x00, 0x27, 0x40, 0x03, 0xff,
    0xd5, 0x35, 0xdf, 0xf2, 0x00, 0x6f, 0xff, 0xff,
    0xff, 0x60, 0x00, 0x03, 0xae, 0xfe, 0xb3, 0x00,

    /* U+0114 "Ĕ" */
    0x00, 0x67, 0x00, 0x06, 0x60, 0x00, 0x09, 0xf5,
    0x05, 0xfa, 0x00, 0x00, 0x1e, 0xff, 0xfe, 0x20,
    0x00, 0x00, 0x17, 0x97, 0x10, 0x00, 0x00, 0x00,
    0x00, 0x00, 0x00, 0x07, 0xff, 0xff, 0xff, 0xff,
    0xf7, 0x7f, 0xff, 0xff, 0xff, 0xff, 0x77, 0xff,
    0x86, 0x66, 0x66, 0x62, 0x7f, 0xf4, 0x00, 0x00,
    0x00, 0x07, 0xff, 0x40, 0x00, 0x00, 0x00, 0x7f,
    0xf4, 0x00, 0x00, 0x00, 0x07, 0xff, 0x40, 0x00,
    0x00, 0x00, 0x7f, 0xff, 0xff, 0xff, 0xff, 0x07,
    0xff, 0xff, 0xff, 0xff, 0xf0, 0x7f, 0xf8, 0x55,
    0x55, 0x55, 0x07, 0xff, 0x40, 0x00, 0x00, 0x00,
    0x7f, 0xf4, 0x00, 0x00, 0x00, 0x07, 0xff, 0x40,
    0x00, 0x00, 0x00, 0x7f, 0xf8, 0x66, 0x66, 0x66,
    0x37, 0xff, 0xff, 0xff, 0xff, 0xf8, 0x7f, 0xff,
    0xff, 0xff, 0xff, 0x80,

    /* U+0115 "ĕ" */
    0x00, 0x0f, 0xa0, 0x02, 0xf8, 0x00, 0x00, 0x0c,
    0xf4, 0x1a, 0xf4, 0x00, 0x00, 0x03, 0xff, 0xff,
    0xa0, 0x00, 0x00, 0x00, 0x28, 0x95, 0x00, 0x00,
    0x00, 0x00, 0x00, 0x00, 0x00, 0x00, 0x00, 0x03,
    0xae, 0xfd, 0x81, 0x00, 0x00, 0x6f, 0xff, 0xff,
    0xfd, 0x10, 0x03, 0xff, 0xd5, 0x37, 0xff, 0xb0,
    0x0a, 0xfe, 0x10, 0x00, 0x7f, 0xf2, 0x0e, 0xfa,
    0x00, 0x00, 0x2f, 0xf6, 0x0f, 0xff, 0xff, 0xff,
    0xff, 0xf8, 0x0f, 0xff, 0xee, 0xee, 0xee, 0xe7,
    0x0f, 0xfa, 0x00, 0x00, 0x00, 0x00, 0x0a, 0xff,
    0x10, 0x00, 0x27, 0x40, 0x03, 0xff, 0xd5, 0x35,
    0xdf, 0xf2, 0x00, 0x6f, 0xff, 0xff, 0xff, 0x60,
    0x00, 0x03, 0xae, 0xfe, 0xb3, 0x00,

    /* U+0116 "Ė" */
    0x00, 0x00, 0x00, 0x00, 0x00, 0x00, 0x00, 0x08,
    0xf9, 0x00, 0x00, 0x00, 0x00, 0xff, 0xf0, 0x00,
    0x00, 0x00, 0x08, 0xf9, 0x00, 0x00, 0x00, 0x00,
    0x00, 0x00, 0x00, 0x07, 0xff, 0xff, 0xff, 0xff,
    0xf7, 0x7f, 0xff, 0xff, 0xff, 0xff, 0x77, 0xff,
    0x86, 0x66, 0x66, 0x62, 0x7f, 0xf4, 0x00, 0x00,
    0x00, 0x07, 0xff, 0x40, 0x00, 0x00, 0x00, 0x7f,
    0xf4, 0x00, 0x00, 0x00, 0x07, 0xff, 0x40, 0x00,
    0x00, 0x00, 0x7f, 0xff, 0xff, 0xff, 0xff, 0x07,
    0xff, 0xff, 0xff, 0xff, 0xf0, 0x7f, 0xf8, 0x55,
    0x55, 0x55, 0x07, 0xff, 0x40, 0x00, 0x00, 0x00,
    0x7f, 0xf4, 0x00, 0x00, 0x00, 0x07, 0xff, 0x40,
    0x00, 0x00, 0x00, 0x7f, 0xf8, 0x66, 0x66, 0x66,
    0x37, 0xff, 0xff, 0xff, 0xff, 0xf8, 0x7f, 0xff,
    0xff, 0xff, 0xff, 0x80,

    /* U+0117 "ė" */
    0x00, 0x00, 0x0b, 0xf5, 0x00, 0x00, 0x00, 0x00,
    0x3f, 0xfc, 0x00, 0x00, 0x00, 0x00, 0x0c, 0xf5,
    0x00, 0x00, 0x00, 0x00, 0x00, 0x00, 0x00, 0x00,
    0x00, 0x00, 0x00, 0x00, 0x00, 0x00, 0x00, 0x03,
    0xae, 0xfd, 0x81, 0x00, 0x00, 0x6f, 0xff, 0xff,
    0xfd, 0x10, 0x03, 0xff, 0xd5, 0x37, 0xff, 0xb0,
    0x0a, 0xfe, 0x10, 0x00, 0x7f, 0xf2, 0x0e, 0xfa,
    0x00, 0x00, 0x2f, 0xf6, 0x0f, 0xff, 0xff, 0xff,
    0xff, 0xf8, 0x0f, 0xff, 0xee, 0xee, 0xee, 0xe7,
    0x0f, 0xfa, 0x00, 0x00, 0x00, 0x00, 0x0a, 0xff,
    0x10, 0x00, 0x27, 0x40, 0x03, 0xff, 0xd5, 0x35,
    0xdf, 0xf2, 0x00, 0x6f, 0xff, 0xff, 0xff, 0x60,
    0x00, 0x03, 0xae, 0xfe, 0xb3, 0x00,

    /* U+0118 "Ę" */
    0x7f, 0xff, 0xff, 0xff, 0xff, 0x70, 0x7f, 0xff,
    0xff, 0xff, 0xff, 0x70, 0x7f, 0xf8, 0x66, 0x66,
    0x66, 0x20, 0x7f, 0xf4, 0x00, 0x00, 0x00, 0x00,
    0x7f, 0xf4, 0x00, 0x00, 0x00, 0x00, 0x7f, 0xf4,
    0x00, 0x00, 0x00, 0x00, 0x7f, 0xff, 0xff, 0xff,
    0xff, 0x00, 0x7f, 0xff, 0xff, 0xff, 0xff, 0x00,
    0x7f, 0xf8, 0x55, 0x55, 0x55, 0x00, 0x7f, 0xf4,
    0x00, 0x00, 0x00, 0x00, 0x7f, 0xf4, 0x00, 0x00,
    0x00, 0x00, 0x7f, 0xf4, 0x00, 0x00, 0x00, 0x00,
    0x7f, 0xf4, 0x00, 0x00, 0x00, 0x00, 0x7f, 0xf8,
    0x66, 0x66, 0x66, 0x30, 0x7f, 0xff, 0xff, 0xff,
    0xff, 0x80, 0x7f, 0xff, 0xff, 0xff, 0xff, 0x80,
    0x00, 0x00, 0x00, 0x0c, 0xf9, 0x00, 0x00, 0x00,
    0x00, 0x7f, 0xe0, 0x00, 0x00, 0x00, 0x00, 0x7f,
    0xfe, 0xa0, 0x00, 0x00, 0x00, 0x0a, 0xfe, 0xb0,

    /* U+0119 "ę" */
    0x00, 0x03, 0xae, 0xfd, 0x92, 0x00, 0x00, 0x6f,
    0xff, 0xff, 0xff, 0x30, 0x03, 0xff, 0xd5, 0x36,
    0xef, 0xe0, 0x0a, 0xfe, 0x10, 0x00, 0x4f, 0xf4,
    0x0e, 0xff, 0xee, 0xee, 0xef, 0xf7, 0x0f, 0xff,
    0xff, 0xff, 0xff, 0xf8, 0x0f, 0xf9, 0x00, 0x00,
    0x00, 0x00, 0x0f, 0xfa, 0x00, 0x00, 0x00, 0x00,
    0x0a, 0xff, 0x10, 0x00, 0x5d, 0x93, 0x03, 0xff,
    0xd5, 0x36, 0xef, 0xf1, 0x00, 0x6f, 0xff, 0xff,
    0xff, 0xd0, 0x00, 0x03, 0xae, 0xff, 0xff, 0x00,
    0x00, 0x00, 0x00, 0x0e, 0xf5, 0x00, 0x00, 0x00,
    0x00, 0x4f, 0xf1, 0x00, 0x00, 0x00, 0x00, 0x3f,
    0xfe, 0xd0, 0x00, 0x00, 0x00, 0x07, 0xef, 0xc2,

    /* U+011A "Ě" */
    0x00, 0x78, 0x20, 0x18, 0x71, 0x00, 0x06, 0xfd,
    0x1c, 0xf8, 0x00, 0x00, 0x07, 0xff, 0xf8, 0x00,
    0x00, 0x00, 0x06, 0x86, 0x00, 0x00, 0x00, 0x00,
    0x00, 0x00, 0x00, 0x07, 0xff, 0xff, 0xff, 0xff,
    0xf7, 0x7f, 0xff, 0xff, 0xff, 0xff, 0x77, 0xff,
    0x86, 0x66, 0x66, 0x62, 0x7f, 0xf4, 0x00, 0x00,
    0x00, 0x07, 0xff, 0x40, 0x00, 0x00, 0x00, 0x7f,
    0xf4, 0x00, 0x00, 0x00, 0x07, 0xff, 0x40, 0x00,
    0x00, 0x00, 0x7f, 0xff, 0xff, 0xff, 0xff, 0x07,
    0xff, 0xff, 0xff, 0xff, 0xf0, 0x7f, 0xf8, 0x55,
    0x55, 0x55, 0x07, 0xff, 0x40, 0x00, 0x00, 0x00,
    0x7f, 0xf4, 0x00, 0x00, 0x00, 0x07, 0xff, 0x40,
    0x00, 0x00, 0x00, 0x7f, 0xf8, 0x66, 0x66, 0x66,
    0x37, 0xff, 0xff, 0xff, 0xff, 0xf8, 0x7f, 0xff,
    0xff, 0xff, 0xff, 0x80,

    /* U+011B "ě" */
    0x00, 0x3f, 0xf3, 0x0b, 0xfb, 0x00, 0x00, 0x03,
    0xfe, 0x9f, 0xb0, 0x00, 0x00, 0x00, 0x4f, 0xfc,
    0x00, 0x00, 0x00, 0x00, 0x00, 0x00, 0x00, 0x00,
    0x00, 0x00, 0x00, 0x00, 0x00, 0x00, 0x00, 0x03,
    0xae, 0xfd, 0x81, 0x00, 0x00, 0x6f, 0xff, 0xff,
    0xfd, 0x10, 0x03, 0xff, 0xd5, 0x37, 0xff, 0xb0,
    0x0a, 0xfe, 0x10, 0x00, 0x7f, 0xf2, 0x0e, 0xfa,
    0x00, 0x00, 0x2f, 0xf6, 0x0f, 0xff, 0xff, 0xff,
    0xff, 0xf8, 0x0f, 0xff, 0xee, 0xee, 0xee, 0xe7,
    0x0f, 0xfa, 0x00, 0x00, 0x00, 0x00, 0x0a, 0xff,
    0x10, 0x00, 0x27, 0x40, 0x03, 0xff, 0xd5, 0x35,
    0xdf, 0xf2, 0x00, 0x6f, 0xff, 0xff, 0xff, 0x60,
    0x00, 0x03, 0xae, 0xfe, 0xb3, 0x00,

    /* U+011C "Ĝ" */
    0x00, 0x00, 0x07, 0xff, 0x70, 0x00, 0x00, 0x00,
    0x00, 0x4f, 0xee, 0xf4, 0x00, 0x00, 0x00, 0x02,
    0xff, 0x44, 0xfe, 0x20, 0x00, 0x00, 0x05, 0x85,
    0x00, 0x58, 0x50, 0x00, 0x00, 0x00, 0x00, 0x00,
    0x00, 0x00, 0x00, 0x00, 0x01, 0x7c, 0xef, 0xd8,
    0x20, 0x00, 0x00, 0x4e, 0xff, 0xff, 0xff, 0xf5,
    0x00, 0x03, 0xff, 0xfd, 0x99, 0xdf, 0xff, 0x40,
    0x0d, 0xff, 0x80, 0x00, 0x06, 0xff, 0xe0, 0x4f,
    0xfa, 0x00, 0x00, 0x00, 0xaf, 0xf4, 0xaf, 0xf3,
    0x00, 0x00, 0x00, 0x14, 0x41, 0xcf, 0xe0, 0x00,
    0x00, 0x00, 0x00, 0x00, 0xef, 0xd0, 0x00, 0x02,
    0x33, 0x33, 0x32, 0xef, 0xd0, 0x00, 0x09, 0xff,
    0xff, 0xf9, 0xcf, 0xe0, 0x00, 0x09, 0xff, 0xff,
    0xf9, 0xaf, 0xf3, 0x00, 0x00, 0x00, 0x1f, 0xf8,
    0x4f, 0xfa, 0x00, 0x00, 0x00, 0x6f, 0xf5, 0x0d,
    0xff, 0x80, 0x00, 0x03, 0xef, 0xf0, 0x03, 0xff,
    0xfe, 0xa9, 0xcf, 0xff, 0x60, 0x00, 0x4f, 0xff,
    0xff, 0xff, 0xf7, 0x00, 0x00, 0x01, 0x7c, 0xef,
    0xd9, 0x30, 0x00,

    /* U+011D "ĝ" */
    0x00, 0x00, 0x07, 0x85, 0x00, 0x00, 0x00, 0x00,
    0x8f, 0xff, 0x40, 0x00, 0x00, 0x05, 0xfe, 0x5f,
    0xe1, 0x00, 0x00, 0x3f, 0xf4, 0x08, 0xfc, 0x00,
    0x00, 0x00, 0x00, 0x00, 0x00, 0x00, 0x00, 0x00,
    0x00, 0x00, 0x00, 0x00, 0x00, 0x06, 0xcf, 0xe8,
    0x0e, 0xfb, 0x00, 0x9f, 0xff, 0xff, 0x8e, 0xfb,
    0x04, 0xff, 0xf7, 0x49, 0xff, 0xfb, 0x0a, 0xff,
    0x40, 0x00, 0x8f, 0xfb, 0x0f, 0xfd, 0x00, 0x00,
    0x1f, 0xfb, 0x0f, 0xfa, 0x00, 0x00, 0x0f, 0xfb,
    0x0f, 0xfa, 0x00, 0x00, 0x0f, 0xfb, 0x0f, 0xfc,
    0x00, 0x00, 0x1f, 0xfb, 0x0c, 0xff, 0x20, 0x00,
    0x7f, 0xfb, 0x06, 0xff, 0xe5, 0x37, 0xff, 0xfb,
    0x00, 0xbf, 0xff, 0xff, 0x9e, 0xfb, 0x00, 0x07,
    0xdf, 0xe8, 0x0e, 0xfb, 0x00, 0x00, 0x00, 0x00,
    0x1f, 0xf9, 0x05, 0xdf, 0x72, 0x14, 0xcf, 0xf4,
    0x01, 0xdf, 0xff, 0xff, 0xff, 0x80, 0x00, 0x07,
    0xcf, 0xfe, 0xb4, 0x00,

    /* U+011E "Ğ" */
    0x00, 0x02, 0x82, 0x00, 0x28, 0x20, 0x00, 0x00,
    0x02, 0xfb, 0x11, 0xbf, 0x20, 0x00, 0x00, 0x00,
    0x8f, 0xff, 0xf8, 0x00, 0x00, 0x00, 0x00, 0x04,
    0x99, 0x40, 0x00, 0x00, 0x00, 0x00, 0x00, 0x00,
    0x00, 0x00, 0x00, 0x00, 0x01, 0x7c, 0xef, 0xd8,
    0x20, 0x00, 0x00, 0x4e, 0xff, 0xff, 0xff, 0xf5,
    0x00, 0x03, 0xff, 0xfd, 0x99, 0xdf, 0xff, 0x40,
    0x0d, 0xff, 0x80, 0x00, 0x06, 0xff, 0xe0, 0x4f,
    0xfa, 0x00, 0x00, 0x00, 0xaf, 0xf4, 0xaf, 0xf3,
    0x00, 0x00, 0x00, 0x14, 0x41, 0xcf, 0xe0, 0x00,
    0x00, 0x00, 0x00, 0x00, 0xef, 0xd0, 0x00, 0x02,
    0x33, 0x33, 0x32, 0xef, 0xd0, 0x00, 0x09, 0xff,
    0xff, 0xf9, 0xcf, 0xe0, 0x00, 0x09, 0xff, 0xff,
    0xf9, 0xaf, 0xf3, 0x00, 0x00, 0x00, 0x1f, 0xf8,
    0x4f, 0xfa, 0x00, 0x00, 0x00, 0x6f, 0xf5, 0x0d,
    0xff, 0x80, 0x00, 0x03, 0xef, 0xf0, 0x03, 0xff,
    0xfe, 0xa9, 0xcf, 0xff, 0x60, 0x00, 0x4f, 0xff,
    0xff, 0xff, 0xf7, 0x00, 0x00, 0x01, 0x7c, 0xef,
    0xd9, 0x30, 0x00,

    /* U+011F "ğ" */
    0x00, 0x06, 0x50, 0x00, 0x75, 0x00, 0x00, 0x0d,
    0xe0, 0x03, 0xf9, 0x00, 0x00, 0x05, 0xfd, 0xaf,
    0xf2, 0x00, 0x00, 0x00, 0x6d, 0xfc, 0x30, 0x00,
    0x00, 0x00, 0x00, 0x00, 0x00, 0x00, 0x00, 0x00,
    0x00, 0x00, 0x00, 0x00, 0x00, 0x06, 0xcf, 0xe8,
    0x0e, 0xfb, 0x00, 0x9f, 0xff, 0xff, 0x8e, 0xfb,
    0x04, 0xff, 0xf7, 0x49, 0xff, 0xfb, 0x0a, 0xff,
    0x40, 0x00, 0x8f, 0xfb, 0x0f, 0xfd, 0x00, 0x00,
    0x1f, 0xfb, 0x0f, 0xfa, 0x00, 0x00, 0x0f, 0xfb,
    0x0f, 0xfa, 0x00, 0x00, 0x0f, 0xfb, 0x0f, 0xfc,
    0x00, 0x00, 0x1f, 0xfb, 0x0c, 0xff, 0x20, 0x00,
    0x7f, 0xfb, 0x06, 0xff, 0xe5, 0x37, 0x9e, 0xfb,
    0x00, 0xbf, 0xff, 0xff, 0x2e, 0xfb, 0x00, 0x07,
    0xdf, 0xd4, 0x0f, 0xfb, 0x00, 0x00, 0x00, 0x00,
    0x2f, 0xf9, 0x05, 0xdf, 0x72, 0x24, 0xdf, 0xf4,
    0x01, 0xdf, 0xff, 0xff, 0xff, 0x80, 0x00, 0x07,
    0xcf, 0xfe, 0xb4, 0x00,

    /* U+0120 "Ġ" */
    0x00, 0x00, 0x02, 0xdd, 0x20, 0x00, 0x00, 0x00,
    0x00, 0x07, 0xff, 0x80, 0x00, 0x00, 0x00, 0x00,
    0x02, 0xee, 0x20, 0x00, 0x00, 0x00, 0x00, 0x00,
    0x00, 0x00, 0x00, 0x00, 0x00, 0x00, 0x00, 0x00,
    0x00, 0x00, 0x00, 0x00, 0x01, 0x7c, 0xef, 0xd8,
    0x20, 0x00, 0x00, 0x4e, 0xff, 0xff, 0xff, 0xf5,
    0x00, 0x03, 0xff, 0xfd, 0x99, 0xdf, 0xff, 0x40,
    0x0d, 0xff, 0x80, 0x00, 0x06, 0xff, 0xe0, 0x4f,
    0xfa, 0x00, 0x00, 0x00, 0xaf, 0xf4, 0xaf, 0xf3,
    0x00, 0x00, 0x00, 0x14, 0x41, 0xcf, 0xe0, 0x00,
    0x00, 0x00, 0x00, 0x00, 0xef, 0xd0, 0x00, 0x02,
    0x33, 0x33, 0x32, 0xef, 0xd0, 0x00, 0x09, 0xff,
    0xff, 0xf9, 0xcf, 0xe0, 0x00, 0x09, 0xff, 0xff,
    0xf9, 0xaf, 0xf3, 0x00, 0x00, 0x00, 0x1f, 0xf8,
    0x4f, 0xfa, 0x00, 0x00, 0x00, 0x6f, 0xf5, 0x0d,
    0xff, 0x80, 0x00, 0x03, 0xef, 0xf0, 0x03, 0xff,
    0xfe, 0xa9, 0xcf, 0xff, 0x60, 0x00, 0x4f, 0xff,
    0xff, 0xff, 0xf7, 0x00, 0x00, 0x01, 0x7c, 0xef,
    0xd9, 0x30, 0x00,

    /* U+0121 "ġ" */
    0x00, 0x00, 0x0a, 0xf7, 0x00, 0x00, 0x00, 0x00,
    0x2f, 0xfd, 0x00, 0x00, 0x00, 0x00, 0x0b, 0xf7,
    0x00, 0x00, 0x00, 0x00, 0x00, 0x00, 0x00, 0x00,
    0x00, 0x00, 0x00, 0x00, 0x00, 0x00, 0x00, 0x06,
    0xcf, 0xe8, 0x0e, 0xfb, 0x00, 0x9f, 0xff, 0xff,
    0x8e, 0xfb, 0x04, 0xff, 0xf7, 0x49, 0xff, 0xfb,
    0x0a, 0xff, 0x40, 0x00, 0x8f, 0xfb, 0x0f, 0xfd,
    0x00, 0x00, 0x1f, 0xfb, 0x0f, 0xfa, 0x00, 0x00,
    0x0f, 0xfb, 0x0f, 0xfa, 0x00, 0x00, 0x0f, 0xfb,
    0x0f, 0xfc, 0x00, 0x00, 0x1f, 0xfb, 0x0c, 0xff,
    0x20, 0x00, 0x7f, 0xfb, 0x06, 0xff, 0xe5, 0x37,
    0xff, 0xfb, 0x00, 0xbf, 0xff, 0xff, 0x9e, 0xfb,
    0x00, 0x07, 0xdf, 0xe8, 0x0e, 0xfb, 0x00, 0x00,
    0x00, 0x00, 0x1f, 0xf9, 0x05, 0xdf, 0x72, 0x14,
    0xcf, 0xf4, 0x01, 0xdf, 0xff, 0xff, 0xff, 0x80,
    0x00, 0x07, 0xcf, 0xfe, 0xb4, 0x00,

    /* U+0122 "Ģ" */
    0x00, 0x01, 0x7c, 0xef, 0xd8, 0x20, 0x00, 0x00,
    0x4e, 0xff, 0xff, 0xff, 0xf5, 0x00, 0x03, 0xff,
    0xfd, 0x99, 0xdf, 0xff, 0x40, 0x0d, 0xff, 0x80,
    0x00, 0x06, 0xff, 0xe0, 0x4f, 0xfa, 0x00, 0x00,
    0x00, 0xaf, 0xf4, 0xaf, 0xf3, 0x00, 0x00, 0x00,
    0x14, 0x41, 0xcf, 0xe0, 0x00, 0x00, 0x00, 0x00,
    0x00, 0xef, 0xd0, 0x00, 0x02, 0x33, 0x33, 0x32,
    0xef, 0xd0, 0x00, 0x09, 0xff, 0xff, 0xf9, 0xcf,
    0xe0, 0x00, 0x09, 0xff, 0xff, 0xf9, 0xaf, 0xf3,
    0x00, 0x00, 0x00, 0x1f, 0xf8, 0x4f, 0xfa, 0x00,
    0x00, 0x00, 0x6f, 0xf5, 0x0d, 0xff, 0x80, 0x00,
    0x03, 0xef, 0xf0, 0x03, 0xff, 0xfe, 0xa9, 0xcf,
    0xff, 0x60, 0x00, 0x4f, 0xff, 0xff, 0xff, 0xf7,
    0x00, 0x00, 0x01, 0x7c, 0xef, 0xd9, 0x30, 0x00,
    0x00, 0x00, 0x00, 0x00, 0x00, 0x00, 0x00, 0x00,
    0x00, 0x06, 0xff, 0x10, 0x00, 0x00, 0x00, 0x00,
    0x0a, 0xfa, 0x00, 0x00, 0x00, 0x00, 0x00, 0x0e,
    0xf4, 0x00, 0x00, 0x00, 0x00, 0x00, 0x1e, 0xc0,
    0x00, 0x00, 0x00,

    /* U+0123 "ģ" */
    0x00, 0x00, 0x00, 0x00, 0x00, 0x00, 0x00, 0x00,
    0x00, 0xcd, 0x00, 0x00, 0x00, 0x00, 0x05, 0xfb,
    0x00, 0x00, 0x00, 0x00, 0x08, 0xf7, 0x00, 0x00,
    0x00, 0x00, 0x09, 0xf5, 0x00, 0x00, 0x00, 0x00,
    0x05, 0x82, 0x00, 0x00, 0x00, 0x00, 0x00, 0x00,
    0x00, 0x00, 0x00, 0x06, 0xcf, 0xe8, 0x0e, 0xfb,
    0x00, 0x9f, 0xff, 0xff, 0x8e, 0xfb, 0x04, 0xff,
    0xf7, 0x49, 0xff, 0xfb, 0x0a, 0xff, 0x40, 0x00,
    0x8f, 0xfb, 0x0f, 0xfd, 0x00, 0x00, 0x1f, 0xfb,
    0x0f, 0xfa, 0x00, 0x00, 0x0f, 0xfb, 0x0f, 0xfa,
    0x00, 0x00, 0x0f, 0xfb, 0x0f, 0xfc, 0x00, 0x00,
    0x1f, 0xfb, 0x0c, 0xff, 0x20, 0x00, 0x7f, 0xfb,
    0x06, 0xff, 0xe5, 0x37, 0xff, 0xfb, 0x00, 0xbf,
    0xff, 0xff, 0x9e, 0xfb, 0x00, 0x07, 0xdf, 0xe8,
    0x0e, 0xfb, 0x00, 0x00, 0x00, 0x00, 0x1f, 0xf9,
    0x05, 0xdf, 0x72, 0x14, 0xcf, 0xf4, 0x01, 0xdf,
    0xff, 0xff, 0xff, 0x80, 0x00, 0x07, 0xcf, 0xfe,
    0xb4, 0x00,

    /* U+0124 "Ĥ" */
    0x00, 0x00, 0x03, 0x87, 0x10, 0x00, 0x00, 0x00,
    0x00, 0x3f, 0xff, 0xc0, 0x00, 0x00, 0x00, 0x03,
    0xff, 0x38, 0xfb, 0x00, 0x00, 0x00, 0x06, 0x84,
    0x00, 0x78, 0x30, 0x00, 0x00, 0x00, 0x00, 0x00,
    0x00, 0x00, 0x00, 0x7f, 0xf4, 0x00, 0x00, 0x00,
    0xaf, 0xf2, 0x7f, 0xf4, 0x00, 0x00, 0x00, 0xaf,
    0xf2, 0x7f, 0xf4, 0x00, 0x00, 0x00, 0xaf, 0xf2,
    0x7f, 0xf4, 0x00, 0x00, 0x00, 0xaf, 0xf2, 0x7f,
    0xf4, 0x00, 0x00, 0x00, 0xaf, 0xf2, 0x7f, 0xf4,
    0x00, 0x00, 0x00, 0xaf, 0xf2, 0x7f, 0xf8, 0x66,
    0x66, 0x66, 0xcf, 0xf2, 0x7f, 0xff, 0xff, 0xff,
    0xff, 0xff, 0xf2, 0x7f, 0xff, 0xff, 0xff, 0xff,
    0xff, 0xf2, 0x7f, 0xf4, 0x00, 0x00, 0x00, 0xaf,
    0xf2, 0x7f, 0xf4, 0x00, 0x00, 0x00, 0xaf, 0xf2,
    0x7f, 0xf4, 0x00, 0x00, 0x00, 0xaf, 0xf2, 0x7f,
    0xf4, 0x00, 0x00, 0x00, 0xaf, 0xf2, 0x7f, 0xf4,
    0x00, 0x00, 0x00, 0xaf, 0xf2, 0x7f, 0xf4, 0x00,
    0x00, 0x00, 0xaf, 0xf2, 0x7f, 0xf4, 0x00, 0x00,
    0x00, 0xaf, 0xf2,

    /* U+0125 "ĥ" */
    0x00, 0x04, 0x87, 0x00, 0x00, 0x00, 0x00, 0x00,
    0x5f, 0xff, 0xb0, 0x00, 0x00, 0x00, 0x04, 0xfe,
    0x2a, 0xfa, 0x00, 0x00, 0x00, 0x07, 0x83, 0x00,
    0x78, 0x20, 0x00, 0x00, 0x00, 0x00, 0x00, 0x00,
    0x00, 0x00, 0x00, 0x00, 0x09, 0xff, 0x00, 0x00,
    0x00, 0x00, 0x00, 0x09, 0xff, 0x00, 0x00, 0x00,
    0x00, 0x00, 0x09, 0xff, 0x00, 0x00, 0x00, 0x00,
    0x00, 0x09, 0xff, 0x00, 0x00, 0x00, 0x00, 0x00,
    0x09, 0xff, 0x07, 0xdf, 0xd7, 0x00, 0x00, 0x09,
    0xff, 0x8f, 0xff, 0xff, 0x90, 0x00, 0x09, 0xff,
    0xf9, 0x69, 0xff, 0xf1, 0x00, 0x09, 0xff, 0x70,
    0x00, 0x9f, 0xf5, 0x00, 0x09, 0xff, 0x20, 0x00,
    0x4f, 0xf6, 0x00, 0x09, 0xff, 0x10, 0x00, 0x3f,
    0xf7, 0x00, 0x09, 0xff, 0x10, 0x00, 0x3f, 0xf7,
    0x00, 0x09, 0xff, 0x10, 0x00, 0x3f, 0xf7, 0x00,
    0x09, 0xff, 0x10, 0x00, 0x3f, 0xf7, 0x00, 0x09,
    0xff, 0x10, 0x00, 0x3f, 0xf7, 0x00, 0x09, 0xff,
    0x10, 0x00, 0x3f, 0xf7, 0x00, 0x09, 0xff, 0x10,
    0x00, 0x3f, 0xf7,

    /* U+0126 "Ħ" */
    0x00, 0xef, 0xd0, 0x00, 0x00, 0x00, 0xff, 0xb0,
    0x00, 0xef, 0xd0, 0x00, 0x00, 0x00, 0xff, 0xb0,
    0x00, 0xef, 0xd0, 0x00, 0x00, 0x00, 0xff, 0xb0,
    0x1c, 0xff, 0xfc, 0xcc, 0xcc, 0xcd, 0xff, 0xfa,
    0x2f, 0xff, 0xff, 0xff, 0xff, 0xff, 0xff, 0xfe,
    0x00, 0xef, 0xd0, 0x00, 0x00, 0x00, 0xff, 0xb0,
    0x00, 0xef, 0xe6, 0x66, 0x66, 0x66, 0xff, 0xb0,
    0x00, 0xef, 0xff, 0xff, 0xff, 0xff, 0xff, 0xb0,
    0x00, 0xef, 0xff, 0xff, 0xff, 0xff, 0xff, 0xb0,
    0x00, 0xef, 0xd0, 0x00, 0x00, 0x00, 0xff, 0xb0,
    0x00, 0xef, 0xd0, 0x00, 0x00, 0x00, 0xff, 0xb0,
    0x00, 0xef, 0xd0, 0x00, 0x00, 0x00, 0xff, 0xb0,
    0x00, 0xef, 0xd0, 0x00, 0x00, 0x00, 0xff, 0xb0,
    0x00, 0xef, 0xd0, 0x00, 0x00, 0x00, 0xff, 0xb0,
    0x00, 0xef, 0xd0, 0x00, 0x00, 0x00, 0xff, 0xb0,
    0x00, 0xef, 0xd0, 0x00, 0x00, 0x00, 0xff, 0xb0,

    /* U+0127 "ħ" */
    0x00, 0x9f, 0xf0, 0x00, 0x00, 0x00, 0x00, 0xcf,
    0xff, 0xdc, 0xc1, 0x00, 0x00, 0x0f, 0xff, 0xff,
    0xff, 0x10, 0x00, 0x00, 0x09, 0xff, 0x00, 0x00,
    0x00, 0x00, 0x00, 0x9f, 0xf0, 0x6d, 0xfd, 0x70,
    0x00, 0x09, 0xff, 0x7f, 0xff, 0xff, 0x90, 0x00,
    0x9f, 0xff, 0x96, 0x9f, 0xff, 0x10, 0x09, 0xff,
    0x70, 0x00, 0x9f, 0xf5, 0x00, 0x9f, 0xf2, 0x00,
    0x04, 0xff, 0x60, 0x09, 0xff, 0x10, 0x00, 0x3f,
    0xf7, 0x00, 0x9f, 0xf1, 0x00, 0x03, 0xff, 0x70,
    0x09, 0xff, 0x10, 0x00, 0x3f, 0xf7, 0x00, 0x9f,
    0xf1, 0x00, 0x03, 0xff, 0x70, 0x09, 0xff, 0x10,
    0x00, 0x3f, 0xf7, 0x00, 0x9f, 0xf1, 0x00, 0x03,
    0xff, 0x70, 0x09, 0xff, 0x10, 0x00, 0x3f, 0xf7,

    /* U+0128 "Ĩ" */
    0x09, 0xfb, 0x36, 0xf3, 0x4f, 0xce, 0xff, 0xe0,
    0x4a, 0x10, 0x79, 0x20, 0x00, 0x00, 0x00, 0x00,
    0x00, 0x7f, 0xf4, 0x00, 0x00, 0x7f, 0xf4, 0x00,
    0x00, 0x7f, 0xf4, 0x00, 0x00, 0x7f, 0xf4, 0x00,
    0x00, 0x7f, 0xf4, 0x00, 0x00, 0x7f, 0xf4, 0x00,
    0x00, 0x7f, 0xf4, 0x00, 0x00, 0x7f, 0xf4, 0x00,
    0x00, 0x7f, 0xf4, 0x00, 0x00, 0x7f, 0xf4, 0x00,
    0x00, 0x7f, 0xf4, 0x00, 0x00, 0x7f, 0xf4, 0x00,
    0x00, 0x7f, 0xf4, 0x00, 0x00, 0x7f, 0xf4, 0x00,
    0x00, 0x7f, 0xf4, 0x00, 0x00, 0x7f, 0xf4, 0x00,

    /* U+0129 "ĩ" */
    0x0b, 0xfa, 0x29, 0xf0, 0x6f, 0xcf, 0xff, 0xc0,
    0x6a, 0x01, 0x89, 0x10, 0x00, 0x00, 0x00, 0x00,
    0x00, 0x00, 0x00, 0x00, 0x00, 0x9f, 0xf1, 0x00,
    0x00, 0x9f, 0xf1, 0x00, 0x00, 0x9f, 0xf1, 0x00,
    0x00, 0x9f, 0xf1, 0x00, 0x00, 0x9f, 0xf1, 0x00,
    0x00, 0x9f, 0xf1, 0x00, 0x00, 0x9f, 0xf1, 0x00,
    0x00, 0x9f, 0xf1, 0x00, 0x00, 0x9f, 0xf1, 0x00,
    0x00, 0x9f, 0xf1, 0x00, 0x00, 0x9f, 0xf1, 0x00,
    0x00, 0x9f, 0xf1, 0x00,

    /* U+012A "Ī" */
    0x0d, 0xdd, 0xdd, 0xb0, 0xff, 0xff, 0xfd, 0x00,
    0x00, 0x00, 0x00, 0x00, 0x00, 0x00, 0x00, 0x7f,
    0xf4, 0x00, 0x07, 0xff, 0x40, 0x00, 0x7f, 0xf4,
    0x00, 0x07, 0xff, 0x40, 0x00, 0x7f, 0xf4, 0x00,
    0x07, 0xff, 0x40, 0x00, 0x7f, 0xf4, 0x00, 0x07,
    0xff, 0x40, 0x00, 0x7f, 0xf4, 0x00, 0x07, 0xff,
    0x40, 0x00, 0x7f, 0xf4, 0x00, 0x07, 0xff, 0x40,
    0x00, 0x7f, 0xf4, 0x00, 0x07, 0xff, 0x40, 0x00,
    0x7f, 0xf4, 0x00, 0x07, 0xff, 0x40,

    /* U+012B "ī" */
    0x3f, 0xff, 0xff, 0xa2, 0xdd, 0xdd, 0xd9, 0x00,
    0x00, 0x00, 0x00, 0x00, 0x00, 0x00, 0x00, 0x9f,
    0xf1, 0x00, 0x09, 0xff, 0x10, 0x00, 0x9f, 0xf1,
    0x00, 0x09, 0xff, 0x10, 0x00, 0x9f, 0xf1, 0x00,
    0x09, 0xff, 0x10, 0x00, 0x9f, 0xf1, 0x00, 0x09,
    0xff, 0x10, 0x00, 0x9f, 0xf1, 0x00, 0x09, 0xff,
    0x10, 0x00, 0x9f, 0xf1, 0x00, 0x09, 0xff, 0x10,

    /* U+012C "Ĭ" */
    0x38, 0x20, 0x03, 0x81, 0x3f, 0xa1, 0x2c, 0xf1,
    0x09, 0xff, 0xff, 0x70, 0x00, 0x59, 0x83, 0x00,
    0x00, 0x00, 0x00, 0x00, 0x00, 0x7f, 0xf4, 0x00,
    0x00, 0x7f, 0xf4, 0x00, 0x00, 0x7f, 0xf4, 0x00,
    0x00, 0x7f, 0xf4, 0x00, 0x00, 0x7f, 0xf4, 0x00,
    0x00, 0x7f, 0xf4, 0x00, 0x00, 0x7f, 0xf4, 0x00,
    0x00, 0x7f, 0xf4, 0x00, 0x00, 0x7f, 0xf4, 0x00,
    0x00, 0x7f, 0xf4, 0x00, 0x00, 0x7f, 0xf4, 0x00,
    0x00, 0x7f, 0xf4, 0x00, 0x00, 0x7f, 0xf4, 0x00,
    0x00, 0x7f, 0xf4, 0x00, 0x00, 0x7f, 0xf4, 0x00,
    0x00, 0x7f, 0xf4, 0x00,

    /* U+012D "ĭ" */
    0x48, 0x00, 0x04, 0x80, 0x6f, 0x80, 0x3e, 0xe0,
    0x0c, 0xff, 0xff, 0x40, 0x00, 0x69, 0x82, 0x00,
    0x00, 0x00, 0x00, 0x00, 0x00, 0x9f, 0xf1, 0x00,
    0x00, 0x9f, 0xf1, 0x00, 0x00, 0x9f, 0xf1, 0x00,
    0x00, 0x9f, 0xf1, 0x00, 0x00, 0x9f, 0xf1, 0x00,
    0x00, 0x9f, 0xf1, 0x00, 0x00, 0x9f, 0xf1, 0x00,
    0x00, 0x9f, 0xf1, 0x00, 0x00, 0x9f, 0xf1, 0x00,
    0x00, 0x9f, 0xf1, 0x00, 0x00, 0x9f, 0xf1, 0x00,
    0x00, 0x9f, 0xf1, 0x00,

    /* U+012E "Į" */
    0x07, 0xff, 0x40, 0x7f, 0xf4, 0x07, 0xff, 0x40,
    0x7f, 0xf4, 0x07, 0xff, 0x40, 0x7f, 0xf4, 0x07,
    0xff, 0x40, 0x7f, 0xf4, 0x07, 0xff, 0x40, 0x7f,
    0xf4, 0x07, 0xff, 0x40, 0x7f, 0xf4, 0x07, 0xff,
    0x40, 0x7f, 0xf4, 0x07, 0xff, 0x40, 0x8f, 0xf4,
    0x2e, 0xf6, 0x0b, 0xfa, 0x00, 0xbf, 0xfe, 0x62,
    0xcf, 0xe7,

    /* U+012F "į" */
    0x00, 0x5e, 0xc0, 0x00, 0xbf, 0xf4, 0x00, 0x5f,
    0xc0, 0x00, 0x00, 0x00, 0x00, 0x00, 0x00, 0x00,
    0x9f, 0xf1, 0x00, 0x9f, 0xf1, 0x00, 0x9f, 0xf1,
    0x00, 0x9f, 0xf1, 0x00, 0x9f, 0xf1, 0x00, 0x9f,
    0xf1, 0x00, 0x9f, 0xf1, 0x00, 0x9f, 0xf1, 0x00,
    0x9f, 0xf1, 0x00, 0x9f, 0xf1, 0x00, 0x9f, 0xf1,
    0x00, 0xbf, 0xf1, 0x05, 0xfe, 0x40, 0x0e, 0xf7,
    0x00, 0x0e, 0xff, 0xe3, 0x04, 0xdf, 0xd5,

    /* U+0130 "İ" */
    0x00, 0x00, 0x3e, 0xd1, 0x9f, 0xf6, 0x3e, 0xd1,
    0x00, 0x00, 0x7f, 0xf4, 0x7f, 0xf4, 0x7f, 0xf4,
    0x7f, 0xf4, 0x7f, 0xf4, 0x7f, 0xf4, 0x7f, 0xf4,
    0x7f, 0xf4, 0x7f, 0xf4, 0x7f, 0xf4, 0x7f, 0xf4,
    0x7f, 0xf4, 0x7f, 0xf4, 0x7f, 0xf4, 0x7f, 0xf4,
    0x7f, 0xf4,

    /* U+0131 "ı" */
    0x9f, 0xf1, 0x9f, 0xf1, 0x9f, 0xf1, 0x9f, 0xf1,
    0x9f, 0xf1, 0x9f, 0xf1, 0x9f, 0xf1, 0x9f, 0xf1,
    0x9f, 0xf1, 0x9f, 0xf1, 0x9f, 0xf1, 0x9f, 0xf1,

    /* U+0132 "Ĳ" */
    0x7f, 0xf4, 0x00, 0x00, 0x00, 0x00, 0x4f, 0xf7,
    0x7f, 0xf4, 0x00, 0x00, 0x00, 0x00, 0x4f, 0xf7,
    0x7f, 0xf4, 0x00, 0x00, 0x00, 0x00, 0x4f, 0xf7,
    0x7f, 0xf4, 0x00, 0x00, 0x00, 0x00, 0x4f, 0xf7,
    0x7f, 0xf4, 0x00, 0x00, 0x00, 0x00, 0x4f, 0xf7,
    0x7f, 0xf4, 0x00, 0x00, 0x00, 0x00, 0x4f, 0xf7,
    0x7f, 0xf4, 0x00, 0x00, 0x00, 0x00, 0x4f, 0xf7,
    0x7f, 0xf4, 0x00, 0x00, 0x00, 0x00, 0x4f, 0xf7,
    0x7f, 0xf4, 0x00, 0x00, 0x00, 0x00, 0x4f, 0xf7,
    0x7f, 0xf4, 0x00, 0x00, 0x00, 0x00, 0x4f, 0xf7,
    0x7f, 0xf4, 0x03, 0x99, 0x30, 0x00, 0x4f, 0xf7,
    0x7f, 0xf4, 0x05, 0xff, 0x60, 0x00, 0x4f, 0xf6,
    0x7f, 0xf4, 0x04, 0xff, 0x90, 0x00, 0x7f, 0xf4,
    0x7f, 0xf4, 0x00, 0xef, 0xf6, 0x25, 0xff, 0xe0,
    0x7f, 0xf4, 0x00, 0x4f, 0xff, 0xff, 0xff, 0x50,
    0x7f, 0xf4, 0x00, 0x02, 0xae, 0xfe, 0xa3, 0x00,

    /* U+0133 "ĳ" */
    0x5e, 0xc0, 0x00, 0xce, 0x5b, 0xff, 0x40, 0x4f,
    0xfb, 0x5f, 0xc0, 0x00, 0xcf, 0x50, 0x00, 0x00,
    0x00, 0x00, 0x00, 0x00, 0x00, 0x00, 0x09, 0xff,
    0x10, 0x1f, 0xf9, 0x9f, 0xf1, 0x01, 0xff, 0x99,
    0xff, 0x10, 0x1f, 0xf9, 0x9f, 0xf1, 0x01, 0xff,
    0x99, 0xff, 0x10, 0x1f, 0xf9, 0x9f, 0xf1, 0x01,
    0xff, 0x99, 0xff, 0x10, 0x1f, 0xf9, 0x9f, 0xf1,
    0x01, 0xff, 0x99, 0xff, 0x10, 0x1f, 0xf9, 0x9f,
    0xf1, 0x01, 0xff, 0x99, 0xff, 0x10, 0x1f, 0xf9,
    0x9f, 0xf1, 0x01, 0xff, 0x90, 0x00, 0x00, 0x2f,
    0xf8, 0x00, 0x00, 0x4a, 0xff, 0x60, 0x00, 0x0f,
    0xff, 0xe1, 0x00, 0x00, 0xee, 0xa2, 0x00,

    /* U+0134 "Ĵ" */
    0x00, 0x00, 0x00, 0x03, 0xff, 0xb0, 0x00, 0x00,
    0x00, 0x00, 0x1e, 0xfc, 0xf8, 0x00, 0x00, 0x00,
    0x00, 0xcf, 0x81, 0xef, 0x50, 0x00, 0x00, 0x03,
    0x87, 0x00, 0x38, 0x70, 0x00, 0x00, 0x00, 0x00,
    0x00, 0x00, 0x00, 0x00, 0x00, 0x00, 0x01, 0xff,
    0xa0, 0x00, 0x00, 0x00, 0x00, 0x01, 0xff, 0xa0,
    0x00, 0x00, 0x00, 0x00, 0x01, 0xff, 0xa0, 0x00,
    0x00, 0x00, 0x00, 0x01, 0xff, 0xa0, 0x00, 0x00,
    0x00, 0x00, 0x01, 0xff, 0xa0, 0x00, 0x00, 0x00,
    0x00, 0x01, 0xff, 0xa0, 0x00, 0x00, 0x00, 0x00,
    0x01, 0xff, 0xa0, 0x00, 0x00, 0x00, 0x00, 0x01,
    0xff, 0xa0, 0x00, 0x00, 0x00, 0x00, 0x01, 0xff,
    0xa0, 0x00, 0x00, 0x00, 0x00, 0x01, 0xff, 0xa0,
    0x00, 0x2c, 0xc6, 0x00, 0x01, 0xff, 0xa0, 0x00,
    0x2f, 0xf9, 0x00, 0x02, 0xff, 0x90, 0x00, 0x0f,
    0xfd, 0x00, 0x06, 0xff, 0x70, 0x00, 0x0b, 0xff,
    0xb6, 0x8f, 0xff, 0x20, 0x00, 0x02, 0xef, 0xff,
    0xff, 0xf7, 0x00, 0x00, 0x00, 0x19, 0xdf, 0xfb,
    0x40, 0x00, 0x00,

    /* U+0135 "ĵ" */
    0x00, 0x0c, 0xff, 0x40, 0x00, 0x0b, 0xf9, 0xef,
    0x30, 0x0b, 0xfb, 0x03, 0xff, 0x30, 0x00, 0x00,
    0x00, 0x00, 0x00, 0x00, 0x00, 0x00, 0x00, 0x00,
    0x9f, 0xf1, 0x00, 0x00, 0x09, 0xff, 0x10, 0x00,
    0x00, 0x9f, 0xf1, 0x00, 0x00, 0x09, 0xff, 0x10,
    0x00, 0x00, 0x9f, 0xf1, 0x00, 0x00, 0x09, 0xff,
    0x10, 0x00, 0x00, 0x9f, 0xf1, 0x00, 0x00, 0x09,
    0xff, 0x10, 0x00, 0x00, 0x9f, 0xf1, 0x00, 0x00,
    0x09, 0xff, 0x10, 0x00, 0x00, 0x9f, 0xf1, 0x00,
    0x00, 0x09, 0xff, 0x10, 0x00, 0x00, 0xaf, 0xf0,
    0x00, 0x01, 0x6f, 0xfe, 0x00, 0x00, 0x7f, 0xff,
    0x70, 0x00, 0x07, 0xfd, 0x70, 0x00, 0x00,

    /* U+0136 "Ķ" */
    0x7f, 0xf4, 0x00, 0x00, 0x0b, 0xff, 0xb0, 0x7f,
    0xf4, 0x00, 0x00, 0x8f, 0xfc, 0x00, 0x7f, 0xf4,
    0x00, 0x05, 0xff, 0xe1, 0x00, 0x7f, 0xf4, 0x00,
    0x3f, 0xff, 0x30, 0x00, 0x7f, 0xf4, 0x02, 0xef,
    0xf5, 0x00, 0x00, 0x7f, 0xf4, 0x0c, 0xff, 0x70,
    0x00, 0x00, 0x7f, 0xf4, 0x9f, 0xfb, 0x00, 0x00,
    0x00, 0x7f, 0xf8, 0xff, 0xfa, 0x00, 0x00, 0x00,
    0x7f, 0xff, 0xff, 0xff, 0x40, 0x00, 0x00, 0x7f,
    0xff, 0xb3, 0xff, 0xe0, 0x00, 0x00, 0x7f, 0xff,
    0x00, 0x9f, 0xf9, 0x00, 0x00, 0x7f, 0xf6, 0x00,
    0x0d, 0xff, 0x40, 0x00, 0x7f, 0xf4, 0x00, 0x04,
    0xff, 0xd0, 0x00, 0x7f, 0xf4, 0x00, 0x00, 0x9f,
    0xf9, 0x00, 0x7f, 0xf4, 0x00, 0x00, 0x1e, 0xff,
    0x30, 0x7f, 0xf4, 0x00, 0x00, 0x05, 0xff, 0xd0,
    0x00, 0x00, 0x00, 0x00, 0x00, 0x00, 0x00, 0x00,
    0x00, 0x0d, 0xe6, 0x00, 0x00, 0x00, 0x00, 0x00,
    0x3f, 0xf2, 0x00, 0x00, 0x00, 0x00, 0x00, 0x6f,
    0xb0, 0x00, 0x00, 0x00, 0x00, 0x00, 0xaf, 0x50,
    0x00, 0x00, 0x00,

    /* U+0137 "ķ" */
    0x9f, 0xf1, 0x00, 0x00, 0x00, 0x09, 0xff, 0x10,
    0x00, 0x00, 0x00, 0x9f, 0xf1, 0x00, 0x00, 0x00,
    0x09, 0xff, 0x10, 0x00, 0x00, 0x00, 0x9f, 0xf1,
    0x00, 0x1e, 0xff, 0x29, 0xff, 0x10, 0x0c, 0xff,
    0x40, 0x9f, 0xf1, 0x0a, 0xff, 0x60, 0x09, 0xff,
    0x18, 0xff, 0x90, 0x00, 0x9f, 0xf7, 0xff, 0xb0,
    0x00, 0x09, 0xff, 0xff, 0xf4, 0x00, 0x00, 0x9f,
    0xff, 0xff, 0xe0, 0x00, 0x09, 0xff, 0xa8, 0xff,
    0xa0, 0x00, 0x9f, 0xf1, 0x0c, 0xff, 0x50, 0x09,
    0xff, 0x10, 0x2f, 0xfe, 0x10, 0x9f, 0xf1, 0x00,
    0x7f, 0xfb, 0x09, 0xff, 0x10, 0x00, 0xbf, 0xf7,
    0x00, 0x00, 0x00, 0x00, 0x00, 0x00, 0x00, 0x3e,
    0xe3, 0x00, 0x00, 0x00, 0x07, 0xfd, 0x00, 0x00,
    0x00, 0x00, 0xaf, 0x70, 0x00, 0x00, 0x00, 0x0e,
    0xf1, 0x00, 0x00, 0x00,

    /* U+0138 "ĸ" */
    0x9f, 0xf1, 0x00, 0x0d, 0xff, 0x59, 0xff, 0x10,
    0x08, 0xff, 0x90, 0x9f, 0xf1, 0x03, 0xff, 0xd0,
    0x09, 0xff, 0x10, 0xdf, 0xf2, 0x00, 0x9f, 0xf1,
    0x9f, 0xf5, 0x00, 0x09, 0xff, 0xff, 0xf9, 0x00,
    0x00, 0x9f, 0xff, 0xff, 0xa0, 0x00, 0x09, 0xff,
    0x1b, 0xff, 0x50, 0x00, 0x9f, 0xf1, 0x1e, 0xfe,
    0x20, 0x09, 0xff, 0x10, 0x5f, 0xfc, 0x00, 0x9f,
    0xf1, 0x00, 0xaf, 0xf8, 0x09, 0xff, 0x10, 0x01,
    0xef, 0xf4,

    /* U+0139 "Ĺ" */
    0x00, 0x23, 0x30, 0x00, 0x00, 0x00, 0x1f, 0xf6,
    0x00, 0x00, 0x00, 0x07, 0xfc, 0x00, 0x00, 0x00,
    0x00, 0xef, 0x20, 0x00, 0x00, 0x00, 0x00, 0x00,
    0x00, 0x00, 0x00, 0x07, 0xff, 0x40, 0x00, 0x00,
    0x00, 0x7f, 0xf4, 0x00, 0x00, 0x00, 0x07, 0xff,
    0x40, 0x00, 0x00, 0x00, 0x7f, 0xf4, 0x00, 0x00,
    0x00, 0x07, 0xff, 0x40, 0x00, 0x00, 0x00, 0x7f,
    0xf4, 0x00, 0x00, 0x00, 0x07, 0xff, 0x40, 0x00,
    0x00, 0x00, 0x7f, 0xf4, 0x00, 0x00, 0x00, 0x07,
    0xff, 0x40, 0x00, 0x00, 0x00, 0x7f, 0xf4, 0x00,
    0x00, 0x00, 0x07, 0xff, 0x40, 0x00, 0x00, 0x00,
    0x7f, 0xf4, 0x00, 0x00, 0x00, 0x07, 0xff, 0x40,
    0x00, 0x00, 0x00, 0x7f, 0xf8, 0x66, 0x66, 0x66,
    0x07, 0xff, 0xff, 0xff, 0xff, 0xf0, 0x7f, 0xff,
    0xff, 0xff, 0xff, 0x00,

    /* U+013A "ĺ" */
    0x00, 0x33, 0x20, 0x2f, 0xf4, 0x09, 0xfa, 0x01,
    0xfe, 0x10, 0x00, 0x00, 0x09, 0xff, 0x10, 0x9f,
    0xf1, 0x09, 0xff, 0x10, 0x9f, 0xf1, 0x09, 0xff,
    0x10, 0x9f, 0xf1, 0x09, 0xff, 0x10, 0x9f, 0xf1,
    0x09, 0xff, 0x10, 0x9f, 0xf1, 0x09, 0xff, 0x10,
    0x9f, 0xf1, 0x09, 0xff, 0x10, 0x9f, 0xf1, 0x09,
    0xff, 0x10, 0x9f, 0xf1, 0x00,

    /* U+013B "Ļ" */
    0x7f, 0xf4, 0x00, 0x00, 0x00, 0x07, 0xff, 0x40,
    0x00, 0x00, 0x00, 0x7f, 0xf4, 0x00, 0x00, 0x00,
    0x07, 0xff, 0x40, 0x00, 0x00, 0x00, 0x7f, 0xf4,
    0x00, 0x00, 0x00, 0x07, 0xff, 0x40, 0x00, 0x00,
    0x00, 0x7f, 0xf4, 0x00, 0x00, 0x00, 0x07, 0xff,
    0x40, 0x00, 0x00, 0x00, 0x7f, 0xf4, 0x00, 0x00,
    0x00, 0x07, 0xff, 0x40, 0x00, 0x00, 0x00, 0x7f,
    0xf4, 0x00, 0x00, 0x00, 0x07, 0xff, 0x40, 0x00,
    0x00, 0x00, 0x7f, 0xf4, 0x00, 0x00, 0x00, 0x07,
    0xff, 0x86, 0x66, 0x66, 0x60, 0x7f, 0xff, 0xff,
    0xff, 0xff, 0x07, 0xff, 0xff, 0xff, 0xff, 0xf0,
    0x00, 0x00, 0x00, 0x00, 0x00, 0x00, 0x00, 0x1d,
    0xe5, 0x00, 0x00, 0x00, 0x04, 0xff, 0x00, 0x00,
    0x00, 0x00, 0x8f, 0xa0, 0x00, 0x00, 0x00, 0x0c,
    0xf3, 0x00, 0x00, 0x00,

    /* U+013C "ļ" */
    0x09, 0xff, 0x10, 0x9f, 0xf1, 0x09, 0xff, 0x10,
    0x9f, 0xf1, 0x09, 0xff, 0x10, 0x9f, 0xf1, 0x09,
    0xff, 0x10, 0x9f, 0xf1, 0x09, 0xff, 0x10, 0x9f,
    0xf1, 0x09, 0xff, 0x10, 0x9f, 0xf1, 0x09, 0xff,
    0x10, 0x9f, 0xf1, 0x09, 0xff, 0x10, 0x9f, 0xf1,
    0x00, 0x00, 0x00, 0x8e, 0xb0, 0x0d, 0xf7, 0x01,
    0xff, 0x10, 0x4f, 0xb0, 0x00,

    /* U+013D "Ľ" */
    0x00, 0x00, 0x05, 0xfc, 0x00, 0x07, 0xff, 0x40,
    0x5f, 0xa0, 0x00, 0x7f, 0xf4, 0x05, 0xf8, 0x00,
    0x07, 0xff, 0x40, 0x5f, 0x60, 0x00, 0x7f, 0xf4,
    0x00, 0x00, 0x00, 0x07, 0xff, 0x40, 0x00, 0x00,
    0x00, 0x7f, 0xf4, 0x00, 0x00, 0x00, 0x07, 0xff,
    0x40, 0x00, 0x00, 0x00, 0x7f, 0xf4, 0x00, 0x00,
    0x00, 0x07, 0xff, 0x40, 0x00, 0x00, 0x00, 0x7f,
    0xf4, 0x00, 0x00, 0x00, 0x07, 0xff, 0x40, 0x00,
    0x00, 0x00, 0x7f, 0xf4, 0x00, 0x00, 0x00, 0x07,
    0xff, 0x40, 0x00, 0x00, 0x00, 0x7f, 0xf8, 0x66,
    0x66, 0x66, 0x07, 0xff, 0xff, 0xff, 0xff, 0xf0,
    0x7f, 0xff, 0xff, 0xff, 0xff, 0x00,

    /* U+013E "ľ" */
    0x00, 0x00, 0x9f, 0x89, 0xff, 0x19, 0xf6, 0x9f,
    0xf1, 0x9f, 0x49, 0xff, 0x19, 0xf2, 0x9f, 0xf1,
    0x00, 0x09, 0xff, 0x10, 0x00, 0x9f, 0xf1, 0x00,
    0x09, 0xff, 0x10, 0x00, 0x9f, 0xf1, 0x00, 0x09,
    0xff, 0x10, 0x00, 0x9f, 0xf1, 0x00, 0x09, 0xff,
    0x10, 0x00, 0x9f, 0xf1, 0x00, 0x09, 0xff, 0x10,
    0x00, 0x9f, 0xf1, 0x00, 0x09, 0xff, 0x10, 0x00,
    0x9f, 0xf1, 0x00, 0x00,

    /* U+013F "Ŀ" */
    0x7f, 0xf5, 0x00, 0x00, 0x00, 0x07, 0xff, 0x50,
    0x00, 0x00, 0x00, 0x7f, 0xf5, 0x00, 0x00, 0x00,
    0x07, 0xff, 0x50, 0x00, 0x00, 0x00, 0x7f, 0xf5,
    0x00, 0x00, 0x00, 0x07, 0xff, 0x50, 0x8f, 0x90,
    0x00, 0x7f, 0xf5, 0x0f, 0xff, 0x00, 0x07, 0xff,
    0x50, 0x8f, 0x90, 0x00, 0x7f, 0xf5, 0x00, 0x00,
    0x00, 0x07, 0xff, 0x50, 0x00, 0x00, 0x00, 0x7f,
    0xf5, 0x00, 0x00, 0x00, 0x07, 0xff, 0x50, 0x00,
    0x00, 0x00, 0x7f, 0xf5, 0x00, 0x00, 0x00, 0x07,
    0xff, 0x96, 0x66, 0x66, 0x60, 0x7f, 0xff, 0xff,
    0xff, 0xff, 0x07, 0xff, 0xff, 0xff, 0xff, 0xf0,

    /* U+0140 "ŀ" */
    0x9f, 0xf1, 0x00, 0x00, 0x9f, 0xf1, 0x00, 0x00,
    0x9f, 0xf1, 0x00, 0x00, 0x9f, 0xf1, 0x00, 0x00,
    0x9f, 0xf1, 0x00, 0x00, 0x9f, 0xf1, 0x00, 0x00,
    0x9f, 0xf1, 0x03, 0x40, 0x9f, 0xf1, 0x5f, 0xf6,
    0x9f, 0xf1, 0x8f, 0xfa, 0x9f, 0xf1, 0x2d, 0xe3,
    0x9f, 0xf1, 0x00, 0x00, 0x9f, 0xf1, 0x00, 0x00,
    0x9f, 0xf1, 0x00, 0x00, 0x9f, 0xf1, 0x00, 0x00,
    0x9f, 0xf1, 0x00, 0x00, 0x9f, 0xf1, 0x00, 0x00,

    /* U+0141 "Ł" */
    0x00, 0xbf, 0xf0, 0x00, 0x00, 0x00, 0x00, 0xbf,
    0xf0, 0x00, 0x00, 0x00, 0x00, 0xbf, 0xf0, 0x00,
    0x00, 0x00, 0x00, 0xbf, 0xf0, 0x00, 0x20, 0x00,
    0x00, 0xbf, 0xf0, 0x2b, 0xa0, 0x00, 0x00, 0xbf,
    0xf8, 0xff, 0xa0, 0x00, 0x00, 0xbf, 0xff, 0xfd,
    0x30, 0x00, 0x01, 0xff, 0xff, 0x70, 0x00, 0x00,
    0x6f, 0xff, 0xf2, 0x00, 0x00, 0x00, 0xaf, 0xff,
    0xf0, 0x00, 0x00, 0x00, 0xa7, 0xbf, 0xf0, 0x00,
    0x00, 0x00, 0x00, 0xbf, 0xf0, 0x00, 0x00, 0x00,
    0x00, 0xbf, 0xf0, 0x00, 0x00, 0x00, 0x00, 0xbf,
    0xf6, 0x66, 0x66, 0x64, 0x00, 0xbf, 0xff, 0xff,
    0xff, 0xfc, 0x00, 0xbf, 0xff, 0xff, 0xff, 0xfc,

    /* U+0142 "ł" */
    0x00, 0x9f, 0xf1, 0x00, 0x09, 0xff, 0x10, 0x00,
    0x9f, 0xf1, 0x00, 0x09, 0xff, 0x10, 0x00, 0x9f,
    0xf7, 0x90, 0x09, 0xff, 0xfa, 0x01, 0xff, 0xfd,
    0x31, 0xef, 0xff, 0x10, 0x2f, 0xff, 0xf1, 0x01,
    0x39, 0xff, 0x10, 0x00, 0x9f, 0xf1, 0x00, 0x09,
    0xff, 0x10, 0x00, 0x9f, 0xf1, 0x00, 0x09, 0xff,
    0x10, 0x00, 0x9f, 0xf1, 0x00, 0x09, 0xff, 0x10,

    /* U+0143 "Ń" */
    0x00, 0x00, 0x00, 0x02, 0x33, 0x00, 0x00, 0x00,
    0x00, 0x00, 0x0e, 0xf7, 0x00, 0x00, 0x00, 0x00,
    0x00, 0x5f, 0xd0, 0x00, 0x00, 0x00, 0x00, 0x00,
    0xcf, 0x30, 0x00, 0x00, 0x00, 0x00, 0x00, 0x00,
    0x00, 0x00, 0x00, 0x7f, 0xfe, 0x00, 0x00, 0x00,
    0x6f, 0xf6, 0x7f, 0xff, 0x80, 0x00, 0x00, 0x6f,
    0xf6, 0x7f, 0xff, 0xf2, 0x00, 0x00, 0x6f, 0xf6,
    0x7f, 0xff, 0xfc, 0x00, 0x00, 0x6f, 0xf6, 0x7f,
    0xfa, 0xff, 0x50, 0x00, 0x6f, 0xf6, 0x7f, 0xf4,
    0xef, 0xe1, 0x00, 0x6f, 0xf6, 0x7f, 0xf4, 0x6f,
    0xf9, 0x00, 0x6f, 0xf6, 0x7f, 0xf4, 0x0d, 0xff,
    0x30, 0x6f, 0xf6, 0x7f, 0xf5, 0x04, 0xff, 0xc0,
    0x5f, 0xf6, 0x7f, 0xf5, 0x00, 0xaf, 0xf5, 0x5f,
    0xf6, 0x7f, 0xf5, 0x00, 0x1f, 0xfd, 0x5f, 0xf6,
    0x7f, 0xf5, 0x00, 0x07, 0xff, 0xaf, 0xf6, 0x7f,
    0xf5, 0x00, 0x00, 0xdf, 0xff, 0xf6, 0x7f, 0xf5,
    0x00, 0x00, 0x3f, 0xff, 0xf6, 0x7f, 0xf5, 0x00,
    0x00, 0x09, 0xff, 0xf6, 0x7f, 0xf5, 0x00, 0x00,
    0x01, 0xef, 0xf6,

    /* U+0144 "ń" */
    0x00, 0x00, 0x00, 0x44, 0x10, 0x00, 0x00, 0x00,
    0x7f, 0xe0, 0x00, 0x00, 0x00, 0x0e, 0xf4, 0x00,
    0x00, 0x00, 0x05, 0xfa, 0x00, 0x00, 0x00, 0x00,
    0x00, 0x00, 0x00, 0x09, 0xff, 0x06, 0xdf, 0xd7,
    0x00, 0x9f, 0xf7, 0xff, 0xff, 0xf9, 0x09, 0xff,
    0xe6, 0x37, 0xff, 0xf1, 0x9f, 0xf6, 0x00, 0x08,
    0xff, 0x59, 0xff, 0x10, 0x00, 0x4f, 0xf6, 0x9f,
    0xf1, 0x00, 0x03, 0xff, 0x79, 0xff, 0x10, 0x00,
    0x3f, 0xf7, 0x9f, 0xf1, 0x00, 0x03, 0xff, 0x79,
    0xff, 0x10, 0x00, 0x3f, 0xf7, 0x9f, 0xf1, 0x00,
    0x03, 0xff, 0x79, 0xff, 0x10, 0x00, 0x3f, 0xf7,
    0x9f, 0xf1, 0x00, 0x03, 0xff, 0x70,

    /* U+0145 "Ņ" */
    0x7f, 0xfe, 0x00, 0x00, 0x00, 0x6f, 0xf6, 0x7f,
    0xff, 0x80, 0x00, 0x00, 0x6f, 0xf6, 0x7f, 0xff,
    0xf2, 0x00, 0x00, 0x6f, 0xf6, 0x7f, 0xff, 0xfc,
    0x00, 0x00, 0x6f, 0xf6, 0x7f, 0xfa, 0xff, 0x50,
    0x00, 0x6f, 0xf6, 0x7f, 0xf4, 0xef, 0xe1, 0x00,
    0x6f, 0xf6, 0x7f, 0xf4, 0x6f, 0xf9, 0x00, 0x6f,
    0xf6, 0x7f, 0xf4, 0x0d, 0xff, 0x30, 0x6f, 0xf6,
    0x7f, 0xf5, 0x04, 0xff, 0xc0, 0x5f, 0xf6, 0x7f,
    0xf5, 0x00, 0xaf, 0xf5, 0x5f, 0xf6, 0x7f, 0xf5,
    0x00, 0x1f, 0xfd, 0x5f, 0xf6, 0x7f, 0xf5, 0x00,
    0x07, 0xff, 0xaf, 0xf6, 0x7f, 0xf5, 0x00, 0x00,
    0xdf, 0xff, 0xf6, 0x7f, 0xf5, 0x00, 0x00, 0x3f,
    0xff, 0xf6, 0x7f, 0xf5, 0x00, 0x00, 0x09, 0xff,
    0xf6, 0x7f, 0xf5, 0x00, 0x00, 0x01, 0xef, 0xf6,
    0x00, 0x00, 0x00, 0x00, 0x00, 0x00, 0x00, 0x00,
    0x00, 0x05, 0xed, 0x10, 0x00, 0x00, 0x00, 0x00,
    0x09, 0xfb, 0x00, 0x00, 0x00, 0x00, 0x00, 0x0d,
    0xf5, 0x00, 0x00, 0x00, 0x00, 0x00, 0x1f, 0xe0,
    0x00, 0x00, 0x00,

    /* U+0146 "ņ" */
    0x9f, 0xf0, 0x6d, 0xfd, 0x70, 0x09, 0xff, 0x7f,
    0xff, 0xff, 0x90, 0x9f, 0xfe, 0x63, 0x7f, 0xff,
    0x19, 0xff, 0x60, 0x00, 0x8f, 0xf5, 0x9f, 0xf1,
    0x00, 0x04, 0xff, 0x69, 0xff, 0x10, 0x00, 0x3f,
    0xf7, 0x9f, 0xf1, 0x00, 0x03, 0xff, 0x79, 0xff,
    0x10, 0x00, 0x3f, 0xf7, 0x9f, 0xf1, 0x00, 0x03,
    0xff, 0x79, 0xff, 0x10, 0x00, 0x3f, 0xf7, 0x9f,
    0xf1, 0x00, 0x03, 0xff, 0x79, 0xff, 0x10, 0x00,
    0x3f, 0xf7, 0x00, 0x00, 0x00, 0x00, 0x00, 0x00,
    0x00, 0x0d, 0xe7, 0x00, 0x00, 0x00, 0x02, 0xff,
    0x20, 0x00, 0x00, 0x00, 0x6f, 0xc0, 0x00, 0x00,
    0x00, 0x09, 0xf6, 0x00, 0x00, 0x00,

    /* U+0147 "Ň" */
    0x00, 0x05, 0x85, 0x00, 0x68, 0x50, 0x00, 0x00,
    0x01, 0xdf, 0x56, 0xfd, 0x10, 0x00, 0x00, 0x00,
    0x2e, 0xff, 0xe1, 0x00, 0x00, 0x00, 0x00, 0x02,
    0x88, 0x20, 0x00, 0x00, 0x00, 0x00, 0x00, 0x00,
    0x00, 0x00, 0x00, 0x7f, 0xfe, 0x00, 0x00, 0x00,
    0x6f, 0xf6, 0x7f, 0xff, 0x80, 0x00, 0x00, 0x6f,
    0xf6, 0x7f, 0xff, 0xf2, 0x00, 0x00, 0x6f, 0xf6,
    0x7f, 0xff, 0xfc, 0x00, 0x00, 0x6f, 0xf6, 0x7f,
    0xfa, 0xff, 0x50, 0x00, 0x6f, 0xf6, 0x7f, 0xf4,
    0xef, 0xe1, 0x00, 0x6f, 0xf6, 0x7f, 0xf4, 0x6f,
    0xf9, 0x00, 0x6f, 0xf6, 0x7f, 0xf4, 0x0d, 0xff,
    0x30, 0x6f, 0xf6, 0x7f, 0xf5, 0x04, 0xff, 0xc0,
    0x5f, 0xf6, 0x7f, 0xf5, 0x00, 0xaf, 0xf5, 0x5f,
    0xf6, 0x7f, 0xf5, 0x00, 0x1f, 0xfd, 0x5f, 0xf6,
    0x7f, 0xf5, 0x00, 0x07, 0xff, 0xaf, 0xf6, 0x7f,
    0xf5, 0x00, 0x00, 0xdf, 0xff, 0xf6, 0x7f, 0xf5,
    0x00, 0x00, 0x3f, 0xff, 0xf6, 0x7f, 0xf5, 0x00,
    0x00, 0x09, 0xff, 0xf6, 0x7f, 0xf5, 0x00, 0x00,
    0x01, 0xef, 0xf6,

    /* U+0148 "ň" */
    0x01, 0x99, 0x20, 0x39, 0x91, 0x00, 0x06, 0xfd,
    0x2e, 0xf5, 0x00, 0x00, 0x07, 0xff, 0xf5, 0x00,
    0x00, 0x00, 0x05, 0x64, 0x00, 0x00, 0x00, 0x00,
    0x00, 0x00, 0x00, 0x09, 0xff, 0x06, 0xdf, 0xd7,
    0x00, 0x9f, 0xf7, 0xff, 0xff, 0xf9, 0x09, 0xff,
    0xe6, 0x37, 0xff, 0xf1, 0x9f, 0xf6, 0x00, 0x08,
    0xff, 0x59, 0xff, 0x10, 0x00, 0x4f, 0xf6, 0x9f,
    0xf1, 0x00, 0x03, 0xff, 0x79, 0xff, 0x10, 0x00,
    0x3f, 0xf7, 0x9f, 0xf1, 0x00, 0x03, 0xff, 0x79,
    0xff, 0x10, 0x00, 0x3f, 0xf7, 0x9f, 0xf1, 0x00,
    0x03, 0xff, 0x79, 0xff, 0x10, 0x00, 0x3f, 0xf7,
    0x9f, 0xf1, 0x00, 0x03, 0xff, 0x70,

    /* U+014A "Ŋ" */
    0x7f, 0xfe, 0x00, 0x00, 0x00, 0x6f, 0xf6, 0x7f,
    0xff, 0x80, 0x00, 0x00, 0x6f, 0xf6, 0x7f, 0xff,
    0xf2, 0x00, 0x00, 0x6f, 0xf6, 0x7f, 0xff, 0xfc,
    0x00, 0x00, 0x6f, 0xf6, 0x7f, 0xfa, 0xff, 0x50,
    0x00, 0x6f, 0xf6, 0x7f, 0xf4, 0xef, 0xe1, 0x00,
    0x6f, 0xf6, 0x7f, 0xf4, 0x6f, 0xf9, 0x00, 0x6f,
    0xf6, 0x7f, 0xf4, 0x0d, 0xff, 0x30, 0x6f, 0xf6,
    0x7f, 0xf5, 0x04, 0xff, 0xc0, 0x5f, 0xf6, 0x7f,
    0xf5, 0x00, 0xaf, 0xf5, 0x5f, 0xf6, 0x7f, 0xf5,
    0x00, 0x1f, 0xfd, 0x5f, 0xf6, 0x7f, 0xf5, 0x00,
    0x07, 0xff, 0xaf, 0xf6, 0x7f, 0xf5, 0x00, 0x00,
    0xdf, 0xff, 0xf6, 0x7f, 0xf5, 0x00, 0x00, 0x3f,
    0xff, 0xf6, 0x7f, 0xf5, 0x00, 0x00, 0x09, 0xff,
    0xf9, 0x7f, 0xf5, 0x00, 0x00, 0x01, 0xff, 0xfe,
    0x00, 0x00, 0x00, 0x00, 0x00, 0x4f, 0xf7, 0x00,
    0x00, 0x00, 0x00, 0x25, 0xaf, 0xf6, 0x00, 0x00,
    0x00, 0x00, 0x6f, 0xff, 0xf2, 0x00, 0x00, 0x00,
    0x00, 0x5f, 0xfc, 0x40,

    /* U+014B "ŋ" */
    0x9f, 0xf0, 0x6d, 0xfd, 0x70, 0x09, 0xff, 0x7f,
    0xff, 0xff, 0x90, 0x9f, 0xfe, 0x63, 0x7f, 0xff,
    0x19, 0xff, 0x60, 0x00, 0x8f, 0xf5, 0x9f, 0xf1,
    0x00, 0x04, 0xff, 0x69, 0xff, 0x10, 0x00, 0x3f,
    0xf7, 0x9f, 0xf1, 0x00, 0x03, 0xff, 0x79, 0xff,
    0x10, 0x00, 0x3f, 0xf7, 0x9f, 0xf1, 0x00, 0x03,
    0xff, 0x79, 0xff, 0x10, 0x00, 0x3f, 0xf7, 0x9f,
    0xf1, 0x00, 0x03, 0xff, 0x79, 0xff, 0x10, 0x00,
    0x3f, 0xf7, 0x00, 0x00, 0x00, 0x03, 0xff, 0x70,
    0x00, 0x00, 0x25, 0x9f, 0xf6, 0x00, 0x00, 0x07,
    0xff, 0xff, 0x20, 0x00, 0x00, 0x6f, 0xfc, 0x40,

    /* U+014C "Ō" */
    0x00, 0x00, 0xdf, 0xff, 0xff, 0x00, 0x00, 0x00,
    0x00, 0x0b, 0xdd, 0xdd, 0xd0, 0x00, 0x00, 0x00,
    0x00, 0x00, 0x00, 0x00, 0x00, 0x00, 0x00, 0x00,
    0x00, 0x00, 0x00, 0x00, 0x00, 0x00, 0x00, 0x01,
    0x7c, 0xef, 0xd8, 0x10, 0x00, 0x00, 0x04, 0xef,
    0xff, 0xff, 0xff, 0x50, 0x00, 0x03, 0xff, 0xfd,
    0x99, 0xcf, 0xff, 0x50, 0x00, 0xdf, 0xf8, 0x00,
    0x00, 0x5f, 0xfe, 0x10, 0x5f, 0xfa, 0x00, 0x00,
    0x00, 0x8f, 0xf7, 0x0a, 0xff, 0x30, 0x00, 0x00,
    0x01, 0xff, 0xc0, 0xcf, 0xe0, 0x00, 0x00, 0x00,
    0x0c, 0xfe, 0x0e, 0xfd, 0x00, 0x00, 0x00, 0x00,
    0xbf, 0xf0, 0xef, 0xd0, 0x00, 0x00, 0x00, 0x0b,
    0xff, 0x0c, 0xfe, 0x00, 0x00, 0x00, 0x00, 0xdf,
    0xe0, 0xaf, 0xf3, 0x00, 0x00, 0x00, 0x1f, 0xfc,
    0x05, 0xff, 0xa0, 0x00, 0x00, 0x08, 0xff, 0x70,
    0x0d, 0xff, 0x80, 0x00, 0x06, 0xff, 0xe1, 0x00,
    0x3f, 0xff, 0xd9, 0x9d, 0xff, 0xf5, 0x00, 0x00,
    0x4e, 0xff, 0xff, 0xff, 0xf5, 0x00, 0x00, 0x00,
    0x17, 0xce, 0xfd, 0x82, 0x00, 0x00,

    /* U+014D "ō" */
    0x00, 0x08, 0xff, 0xff, 0xf5, 0x00, 0x00, 0x07,
    0xdd, 0xdd, 0xd4, 0x00, 0x00, 0x00, 0x00, 0x00,
    0x00, 0x00, 0x00, 0x00, 0x00, 0x00, 0x00, 0x00,
    0x00, 0x03, 0xae, 0xfd, 0x92, 0x00, 0x00, 0x6f,
    0xff, 0xff, 0xfe, 0x30, 0x03, 0xff, 0xe6, 0x48,
    0xff, 0xe0, 0x0a, 0xff, 0x30, 0x00, 0x7f, 0xf6,
    0x0e, 0xfd, 0x00, 0x00, 0x0f, 0xfb, 0x0f, 0xfa,
    0x00, 0x00, 0x0d, 0xfd, 0x0f, 0xfa, 0x00, 0x00,
    0x0d, 0xfd, 0x0e, 0xfd, 0x00, 0x00, 0x0f, 0xfb,
    0x0a, 0xff, 0x30, 0x00, 0x7f, 0xf6, 0x03, 0xff,
    0xe6, 0x48, 0xff, 0xe1, 0x00, 0x6f, 0xff, 0xff,
    0xfe, 0x30, 0x00, 0x03, 0xae, 0xfd, 0x92, 0x00,

    /* U+014E "Ŏ" */
    0x00, 0x01, 0x83, 0x00, 0x28, 0x30, 0x00, 0x00,
    0x00, 0x1f, 0xc2, 0x1b, 0xf3, 0x00, 0x00, 0x00,
    0x00, 0x7f, 0xff, 0xf9, 0x00, 0x00, 0x00, 0x00,
    0x00, 0x38, 0x94, 0x00, 0x00, 0x00, 0x00, 0x00,
    0x00, 0x00, 0x00, 0x00, 0x00, 0x00, 0x00, 0x17,
    0xce, 0xfd, 0x81, 0x00, 0x00, 0x00, 0x4e, 0xff,
    0xff, 0xff, 0xf5, 0x00, 0x00, 0x3f, 0xff, 0xd9,
    0x9c, 0xff, 0xf5, 0x00, 0x0d, 0xff, 0x80, 0x00,
    0x05, 0xff, 0xe1, 0x05, 0xff, 0xa0, 0x00, 0x00,
    0x08, 0xff, 0x70, 0xaf, 0xf3, 0x00, 0x00, 0x00,
    0x1f, 0xfc, 0x0c, 0xfe, 0x00, 0x00, 0x00, 0x00,
    0xcf, 0xe0, 0xef, 0xd0, 0x00, 0x00, 0x00, 0x0b,
    0xff, 0x0e, 0xfd, 0x00, 0x00, 0x00, 0x00, 0xbf,
    0xf0, 0xcf, 0xe0, 0x00, 0x00, 0x00, 0x0d, 0xfe,
    0x0a, 0xff, 0x30, 0x00, 0x00, 0x01, 0xff, 0xc0,
    0x5f, 0xfa, 0x00, 0x00, 0x00, 0x8f, 0xf7, 0x00,
    0xdf, 0xf8, 0x00, 0x00, 0x6f, 0xfe, 0x10, 0x03,
    0xff, 0xfd, 0x99, 0xdf, 0xff, 0x50, 0x00, 0x04,
    0xef, 0xff, 0xff, 0xff, 0x50, 0x00, 0x00, 0x01,
    0x7c, 0xef, 0xd8, 0x20, 0x00, 0x00,

    /* U+014F "ŏ" */
    0x00, 0x0e, 0xc0, 0x00, 0xfa, 0x00, 0x00, 0x0a,
    0xf5, 0x08, 0xf6, 0x00, 0x00, 0x01, 0xef, 0xff,
    0xc0, 0x00, 0x00, 0x00, 0x17, 0x96, 0x00, 0x00,
    0x00, 0x00, 0x00, 0x00, 0x00, 0x00, 0x00, 0x03,
    0xae, 0xfd, 0x92, 0x00, 0x00, 0x6f, 0xff, 0xff,
    0xfe, 0x30, 0x03, 0xff, 0xe6, 0x48, 0xff, 0xe0,
    0x0a, 0xff, 0x30, 0x00, 0x7f, 0xf6, 0x0e, 0xfd,
    0x00, 0x00, 0x0f, 0xfb, 0x0f, 0xfa, 0x00, 0x00,
    0x0d, 0xfd, 0x0f, 0xfa, 0x00, 0x00, 0x0d, 0xfd,
    0x0e, 0xfd, 0x00, 0x00, 0x0f, 0xfb, 0x0a, 0xff,
    0x30, 0x00, 0x7f, 0xf6, 0x03, 0xff, 0xe6, 0x48,
    0xff, 0xe1, 0x00, 0x6f, 0xff, 0xff, 0xfe, 0x30,
    0x00, 0x03, 0xae, 0xfd, 0x92, 0x00,

    /* U+0150 "Ő" */
    0x00, 0x00, 0x7f, 0xe0, 0x8f, 0xe1, 0x00, 0x00,
    0x00, 0x0d, 0xf6, 0x1f, 0xf4, 0x00, 0x00, 0x00,
    0x03, 0xfd, 0x09, 0xf8, 0x00, 0x00, 0x00, 0x00,
    0x13, 0x20, 0x33, 0x00, 0x00, 0x00, 0x00, 0x00,
    0x00, 0x00, 0x00, 0x00, 0x00, 0x00, 0x00, 0x17,
    0xce, 0xfd, 0x81, 0x00, 0x00, 0x00, 0x4e, 0xff,
    0xff, 0xff, 0xf5, 0x00, 0x00, 0x3f, 0xff, 0xd9,
    0x9c, 0xff, 0xf5, 0x00, 0x0d, 0xff, 0x80, 0x00,
    0x05, 0xff, 0xe1, 0x05, 0xff, 0xa0, 0x00, 0x00,
    0x08, 0xff, 0x70, 0xaf, 0xf3, 0x00, 0x00, 0x00,
    0x1f, 0xfc, 0x0c, 0xfe, 0x00, 0x00, 0x00, 0x00,
    0xcf, 0xe0, 0xef, 0xd0, 0x00, 0x00, 0x00, 0x0b,
    0xff, 0x0e, 0xfd, 0x00, 0x00, 0x00, 0x00, 0xbf,
    0xf0, 0xcf, 0xe0, 0x00, 0x00, 0x00, 0x0d, 0xfe,
    0x0a, 0xff, 0x30, 0x00, 0x00, 0x01, 0xff, 0xc0,
    0x5f, 0xfa, 0x00, 0x00, 0x00, 0x8f, 0xf7, 0x00,
    0xdf, 0xf8, 0x00, 0x00, 0x6f, 0xfe, 0x10, 0x03,
    0xff, 0xfd, 0x99, 0xdf, 0xff, 0x50, 0x00, 0x04,
    0xef, 0xff, 0xff, 0xff, 0x50, 0x00, 0x00, 0x01,
    0x7c, 0xef, 0xd8, 0x20, 0x00, 0x00,

    /* U+0151 "ő" */
    0x00, 0x03, 0xff, 0x33, 0xff, 0x50, 0x00, 0x08,
    0xfb, 0x0b, 0xf9, 0x00, 0x00, 0x0e, 0xf3, 0x4f,
    0xd0, 0x00, 0x00, 0x04, 0x30, 0x24, 0x10, 0x00,
    0x00, 0x00, 0x00, 0x00, 0x00, 0x00, 0x00, 0x03,
    0xae, 0xfd, 0x92, 0x00, 0x00, 0x6f, 0xff, 0xff,
    0xfe, 0x30, 0x03, 0xff, 0xe6, 0x48, 0xff, 0xe0,
    0x0a, 0xff, 0x30, 0x00, 0x7f, 0xf6, 0x0e, 0xfd,
    0x00, 0x00, 0x0f, 0xfb, 0x0f, 0xfa, 0x00, 0x00,
    0x0d, 0xfd, 0x0f, 0xfa, 0x00, 0x00, 0x0d, 0xfd,
    0x0e, 0xfd, 0x00, 0x00, 0x0f, 0xfb, 0x0a, 0xff,
    0x30, 0x00, 0x7f, 0xf6, 0x03, 0xff, 0xe6, 0x48,
    0xff, 0xe1, 0x00, 0x6f, 0xff, 0xff, 0xfe, 0x30,
    0x00, 0x03, 0xae, 0xfd, 0x92, 0x00,

    /* U+0152 "Œ" */
    0x00, 0x01, 0x7c, 0xef, 0xff, 0xff, 0xff, 0xff,
    0xff, 0xf0, 0x00, 0x3e, 0xff, 0xff, 0xff, 0xff,
    0xff, 0xff, 0xff, 0xf0, 0x03, 0xff, 0xfd, 0x87,
    0x7f, 0xfe, 0x77, 0x77, 0x77, 0x70, 0x0d, 0xff,
    0x60, 0x00, 0x0e, 0xfd, 0x00, 0x00, 0x00, 0x00,
    0x4f, 0xf9, 0x00, 0x00, 0x0e, 0xfd, 0x00, 0x00,
    0x00, 0x00, 0xaf, 0xf2, 0x00, 0x00, 0x0e, 0xfd,
    0x00, 0x00, 0x00, 0x00, 0xcf, 0xe0, 0x00, 0x00,
    0x0e, 0xfd, 0x00, 0x00, 0x00, 0x00, 0xef, 0xd0,
    0x00, 0x00, 0x0e, 0xff, 0xff, 0xff, 0xff, 0x80,
    0xef, 0xd0, 0x00, 0x00, 0x0e, 0xff, 0xff, 0xff,
    0xff, 0x80, 0xcf, 0xe0, 0x00, 0x00, 0x0e, 0xfe,
    0x55, 0x55, 0x55, 0x20, 0xaf, 0xf2, 0x00, 0x00,
    0x0e, 0xfd, 0x00, 0x00, 0x00, 0x00, 0x4f, 0xf9,
    0x00, 0x00, 0x0e, 0xfd, 0x00, 0x00, 0x00, 0x00,
    0x0d, 0xff, 0x60, 0x00, 0x0e, 0xfd, 0x00, 0x00,
    0x00, 0x00, 0x03, 0xff, 0xfc, 0x87, 0x7f, 0xfe,
    0x77, 0x77, 0x77, 0x70, 0x00, 0x3e, 0xff, 0xff,
    0xff, 0xff, 0xff, 0xff, 0xff, 0xf1, 0x00, 0x01,
    0x7c, 0xef, 0xff, 0xff, 0xff, 0xff, 0xff, 0xf1,

    /* U+0153 "œ" */
    0x00, 0x03, 0xae, 0xfd, 0x92, 0x01, 0x8d, 0xfe,
    0xa3, 0x00, 0x00, 0x6f, 0xff, 0xff, 0xfe, 0x5d,
    0xff, 0xff, 0xff, 0x60, 0x03, 0xff, 0xe6, 0x48,
    0xff, 0xff, 0xf8, 0x46, 0xdf, 0xf2, 0x0a, 0xff,
    0x30, 0x00, 0x7f, 0xff, 0x70, 0x00, 0x2f, 0xf9,
    0x0e, 0xfd, 0x00, 0x00, 0x0f, 0xff, 0x10, 0x00,
    0x0b, 0xfd, 0x0f, 0xfa, 0x00, 0x00, 0x0f, 0xff,
    0xff, 0xff, 0xff, 0xfe, 0x0f, 0xfa, 0x00, 0x00,
    0x0f, 0xff, 0xee, 0xee, 0xee, 0xed, 0x0e, 0xfd,
    0x00, 0x00, 0x0f, 0xff, 0x10, 0x00, 0x00, 0x00,
    0x0a, 0xff, 0x30, 0x00, 0x7f, 0xff, 0x80, 0x00,
    0x07, 0x52, 0x03, 0xff, 0xe6, 0x48, 0xff, 0xff,
    0xf9, 0x45, 0xbf, 0xf8, 0x00, 0x6f, 0xff, 0xff,
    0xfe, 0x5d, 0xff, 0xff, 0xff, 0xc0, 0x00, 0x03,
    0xae, 0xfd, 0x92, 0x01, 0x8d, 0xff, 0xc7, 0x00,

    /* U+0154 "Ŕ" */
    0x00, 0x00, 0x00, 0x33, 0x20, 0x00, 0x00, 0x00,
    0x00, 0x2f, 0xf4, 0x00, 0x00, 0x00, 0x00, 0x09,
    0xfa, 0x00, 0x00, 0x00, 0x00, 0x01, 0xfe, 0x10,
    0x00, 0x00, 0x00, 0x00, 0x00, 0x00, 0x00, 0x00,
    0x07, 0xff, 0xff, 0xff, 0xd9, 0x20, 0x00, 0x7f,
    0xff, 0xff, 0xff, 0xff, 0x40, 0x07, 0xff, 0x86,
    0x67, 0xbf, 0xfe, 0x00, 0x7f, 0xf4, 0x00, 0x00,
    0xaf, 0xf5, 0x07, 0xff, 0x40, 0x00, 0x04, 0xff,
    0x80, 0x7f, 0xf4, 0x00, 0x00, 0x3f, 0xf9, 0x07,
    0xff, 0x40, 0x00, 0x06, 0xff, 0x70, 0x7f, 0xf4,
    0x00, 0x05, 0xef, 0xf2, 0x07, 0xff, 0xff, 0xff,
    0xff, 0xf9, 0x00, 0x7f, 0xff, 0xff, 0xff, 0xf7,
    0x00, 0x07, 0xff, 0xa5, 0x5f, 0xff, 0x30, 0x00,
    0x7f, 0xf4, 0x00, 0x3f, 0xfc, 0x00, 0x07, 0xff,
    0x40, 0x00, 0xbf, 0xf5, 0x00, 0x7f, 0xf4, 0x00,
    0x03, 0xff, 0xd0, 0x07, 0xff, 0x40, 0x00, 0x0a,
    0xff, 0x60, 0x7f, 0xf4, 0x00, 0x00, 0x2f, 0xfe,
    0x00,

    /* U+0155 "ŕ" */
    0x00, 0x00, 0x44, 0x10, 0x00, 0x5f, 0xf2, 0x00,
    0x0c, 0xf7, 0x00, 0x03, 0xfc, 0x00, 0x00, 0x00,
    0x00, 0x09, 0xff, 0x09, 0xee, 0x9f, 0xf9, 0xff,
    0xe9, 0xff, 0xf9, 0x55, 0x9f, 0xf8, 0x00, 0x09,
    0xff, 0x20, 0x00, 0x9f, 0xf1, 0x00, 0x09, 0xff,
    0x10, 0x00, 0x9f, 0xf1, 0x00, 0x09, 0xff, 0x10,
    0x00, 0x9f, 0xf1, 0x00, 0x09, 0xff, 0x10, 0x00,
    0x9f, 0xf1, 0x00, 0x00,

    /* U+0156 "Ŗ" */
    0x7f, 0xff, 0xff, 0xfd, 0x92, 0x00, 0x07, 0xff,
    0xff, 0xff, 0xff, 0xf4, 0x00, 0x7f, 0xf8, 0x66,
    0x7b, 0xff, 0xe0, 0x07, 0xff, 0x40, 0x00, 0x0a,
    0xff, 0x50, 0x7f, 0xf4, 0x00, 0x00, 0x4f, 0xf8,
    0x07, 0xff, 0x40, 0x00, 0x03, 0xff, 0x90, 0x7f,
    0xf4, 0x00, 0x00, 0x6f, 0xf7, 0x07, 0xff, 0x40,
    0x00, 0x5e, 0xff, 0x20, 0x7f, 0xff, 0xff, 0xff,
    0xff, 0x90, 0x07, 0xff, 0xff, 0xff, 0xff, 0x70,
    0x00, 0x7f, 0xfa, 0x55, 0xff, 0xf3, 0x00, 0x07,
    0xff, 0x40, 0x03, 0xff, 0xc0, 0x00, 0x7f, 0xf4,
    0x00, 0x0b, 0xff, 0x50, 0x07, 0xff, 0x40, 0x00,
    0x3f, 0xfd, 0x00, 0x7f, 0xf4, 0x00, 0x00, 0xaf,
    0xf6, 0x07, 0xff, 0x40, 0x00, 0x02, 0xff, 0xe0,
    0x00, 0x00, 0x00, 0x00, 0x00, 0x00, 0x00, 0x00,
    0x04, 0xed, 0x10, 0x00, 0x00, 0x00, 0x00, 0x9f,
    0xb0, 0x00, 0x00, 0x00, 0x00, 0x0c, 0xf5, 0x00,
    0x00, 0x00, 0x00, 0x00, 0xff, 0x00, 0x00, 0x00,
    0x00,

    /* U+0157 "ŗ" */
    0x00, 0x00, 0x00, 0x00, 0x09, 0xff, 0x09, 0xee,
    0x09, 0xff, 0x9f, 0xfe, 0x09, 0xff, 0xf9, 0x55,
    0x09, 0xff, 0x80, 0x00, 0x09, 0xff, 0x20, 0x00,
    0x09, 0xff, 0x10, 0x00, 0x09, 0xff, 0x10, 0x00,
    0x09, 0xff, 0x10, 0x00, 0x09, 0xff, 0x10, 0x00,
    0x09, 0xff, 0x10, 0x00, 0x09, 0xff, 0x10, 0x00,
    0x09, 0xff, 0x10, 0x00, 0x00, 0x00, 0x00, 0x00,
    0x08, 0xeb, 0x00, 0x00, 0x0d, 0xf7, 0x00, 0x00,
    0x1f, 0xf1, 0x00, 0x00, 0x4f, 0xb0, 0x00, 0x00,

    /* U+0158 "Ř" */
    0x00, 0x68, 0x40, 0x07, 0x83, 0x00, 0x00, 0x03,
    0xff, 0x29, 0xfb, 0x00, 0x00, 0x00, 0x04, 0xff,
    0xfb, 0x00, 0x00, 0x00, 0x00, 0x04, 0x87, 0x00,
    0x00, 0x00, 0x00, 0x00, 0x00, 0x00, 0x00, 0x00,
    0x07, 0xff, 0xff, 0xff, 0xd9, 0x20, 0x00, 0x7f,
    0xff, 0xff, 0xff, 0xff, 0x40, 0x07, 0xff, 0x86,
    0x67, 0xbf, 0xfe, 0x00, 0x7f, 0xf4, 0x00, 0x00,
    0xaf, 0xf5, 0x07, 0xff, 0x40, 0x00, 0x04, 0xff,
    0x80, 0x7f, 0xf4, 0x00, 0x00, 0x3f, 0xf9, 0x07,
    0xff, 0x40, 0x00, 0x06, 0xff, 0x70, 0x7f, 0xf4,
    0x00, 0x05, 0xef, 0xf2, 0x07, 0xff, 0xff, 0xff,
    0xff, 0xf9, 0x00, 0x7f, 0xff, 0xff, 0xff, 0xf7,
    0x00, 0x07, 0xff, 0xa5, 0x5f, 0xff, 0x30, 0x00,
    0x7f, 0xf4, 0x00, 0x3f, 0xfc, 0x00, 0x07, 0xff,
    0x40, 0x00, 0xbf, 0xf5, 0x00, 0x7f, 0xf4, 0x00,
    0x03, 0xff, 0xd0, 0x07, 0xff, 0x40, 0x00, 0x0a,
    0xff, 0x60, 0x7f, 0xf4, 0x00, 0x00, 0x2f, 0xfe,
    0x00,

    /* U+0159 "ř" */
    0x07, 0x82, 0x01, 0x78, 0x20, 0x5f, 0xd1, 0xcf,
    0x80, 0x00, 0x6f, 0xff, 0x90, 0x00, 0x00, 0x58,
    0x70, 0x00, 0x00, 0x00, 0x00, 0x00, 0x00, 0x9f,
    0xf0, 0x9e, 0xe0, 0x09, 0xff, 0x9f, 0xfe, 0x00,
    0x9f, 0xff, 0x95, 0x50, 0x09, 0xff, 0x80, 0x00,
    0x00, 0x9f, 0xf2, 0x00, 0x00, 0x09, 0xff, 0x10,
    0x00, 0x00, 0x9f, 0xf1, 0x00, 0x00, 0x09, 0xff,
    0x10, 0x00, 0x00, 0x9f, 0xf1, 0x00, 0x00, 0x09,
    0xff, 0x10, 0x00, 0x00, 0x9f, 0xf1, 0x00, 0x00,
    0x09, 0xff, 0x10, 0x00, 0x00,

    /* U+015A "Ś" */
    0x00, 0x00, 0x00, 0x0e, 0xf8, 0x00, 0x00, 0x00,
    0x00, 0x06, 0xfd, 0x00, 0x00, 0x00, 0x00, 0x00,
    0xdf, 0x30, 0x00, 0x00, 0x00, 0x00, 0x03, 0x30,
    0x00, 0x00, 0x00, 0x00, 0x00, 0x00, 0x00, 0x00,
    0x00, 0x00, 0x18, 0xdf, 0xfd, 0x81, 0x00, 0x00,
    0x4f, 0xff, 0xff, 0xff, 0xe3, 0x00, 0x1f, 0xff,
    0xa7, 0x7c, 0xff, 0xe0, 0x07, 0xff, 0x70, 0x00,
    0x09, 0xff, 0x40, 0x9f, 0xf3, 0x00, 0x00, 0x17,
    0x73, 0x07, 0xff, 0x90, 0x00, 0x00, 0x00, 0x00,
    0x2f, 0xff, 0xd8, 0x30, 0x00, 0x00, 0x00, 0x3e,
    0xff, 0xff, 0xe9, 0x20, 0x00, 0x00, 0x06, 0xbf,
    0xff, 0xff, 0x60, 0x00, 0x00, 0x00, 0x04, 0xaf,
    0xff, 0x30, 0x00, 0x00, 0x00, 0x00, 0x5f, 0xf9,
    0x0c, 0xda, 0x00, 0x00, 0x01, 0xff, 0xa0, 0xcf,
    0xf3, 0x00, 0x00, 0x7f, 0xf8, 0x05, 0xff, 0xfa,
    0x77, 0xbf, 0xff, 0x20, 0x08, 0xff, 0xff, 0xff,
    0xff, 0x50, 0x00, 0x03, 0xae, 0xff, 0xd9, 0x20,
    0x00,

    /* U+015B "ś" */
    0x00, 0x00, 0x00, 0xef, 0x80, 0x00, 0x00, 0x00,
    0x6f, 0xd0, 0x00, 0x00, 0x00, 0x0d, 0xf3, 0x00,
    0x00, 0x00, 0x00, 0x43, 0x00, 0x00, 0x00, 0x00,
    0x00, 0x00, 0x00, 0x00, 0x01, 0x8d, 0xff, 0xc6,
    0x00, 0x01, 0xef, 0xff, 0xff, 0xf9, 0x00, 0x9f,
    0xf7, 0x12, 0xaf, 0xf3, 0x0b, 0xff, 0x00, 0x00,
    0x63, 0x00, 0x9f, 0xfa, 0x30, 0x00, 0x00, 0x01,
    0xdf, 0xff, 0xfc, 0x71, 0x00, 0x00, 0x7c, 0xff,
    0xff, 0xe1, 0x00, 0x00, 0x00, 0x3a, 0xff, 0x80,
    0x6a, 0x60, 0x00, 0x1f, 0xfa, 0x0d, 0xff, 0x62,
    0x3a, 0xff, 0x60, 0x3f, 0xff, 0xff, 0xff, 0xb0,
    0x00, 0x29, 0xef, 0xfc, 0x60, 0x00,

    /* U+015C "Ŝ" */
    0x00, 0x00, 0x0a, 0xff, 0x40, 0x00, 0x00, 0x00,
    0x07, 0xfd, 0xff, 0x20, 0x00, 0x00, 0x04, 0xff,
    0x26, 0xfd, 0x00, 0x00, 0x00, 0x78, 0x40, 0x07,
    0x83, 0x00, 0x00, 0x00, 0x00, 0x00, 0x00, 0x00,
    0x00, 0x00, 0x18, 0xdf, 0xfd, 0x81, 0x00, 0x00,
    0x4f, 0xff, 0xff, 0xff, 0xe3, 0x00, 0x1f, 0xff,
    0xa7, 0x7c, 0xff, 0xe0, 0x07, 0xff, 0x70, 0x00,
    0x09, 0xff, 0x40, 0x9f, 0xf3, 0x00, 0x00, 0x17,
    0x73, 0x07, 0xff, 0x90, 0x00, 0x00, 0x00, 0x00,
    0x2f, 0xff, 0xd8, 0x30, 0x00, 0x00, 0x00, 0x3e,
    0xff, 0xff, 0xe9, 0x20, 0x00, 0x00, 0x06, 0xbf,
    0xff, 0xff, 0x60, 0x00, 0x00, 0x00, 0x04, 0xaf,
    0xff, 0x30, 0x00, 0x00, 0x00, 0x00, 0x5f, 0xf9,
    0x0c, 0xda, 0x00, 0x00, 0x01, 0xff, 0xa0, 0xcf,
    0xf3, 0x00, 0x00, 0x7f, 0xf8, 0x05, 0xff, 0xfa,
    0x77, 0xbf, 0xff, 0x20, 0x08, 0xff, 0xff, 0xff,
    0xff, 0x50, 0x00, 0x03, 0xae, 0xff, 0xd9, 0x20,
    0x00,

    /* U+015D "ŝ" */
    0x00, 0x00, 0xbf, 0xf5, 0x00, 0x00, 0x00, 0xaf,
    0xae, 0xf4, 0x00, 0x00, 0x9f, 0xc0, 0x2f, 0xf4,
    0x00, 0x00, 0x00, 0x00, 0x00, 0x00, 0x00, 0x00,
    0x00, 0x00, 0x00, 0x00, 0x01, 0x8d, 0xff, 0xc6,
    0x00, 0x01, 0xef, 0xff, 0xff, 0xf9, 0x00, 0x9f,
    0xf7, 0x12, 0xaf, 0xf3, 0x0b, 0xff, 0x00, 0x00,
    0x63, 0x00, 0x9f, 0xfa, 0x30, 0x00, 0x00, 0x01,
    0xdf, 0xff, 0xfc, 0x71, 0x00, 0x00, 0x7c, 0xff,
    0xff, 0xe1, 0x00, 0x00, 0x00, 0x3a, 0xff, 0x80,
    0x6a, 0x60, 0x00, 0x1f, 0xfa, 0x0d, 0xff, 0x62,
    0x3a, 0xff, 0x60, 0x3f, 0xff, 0xff, 0xff, 0xb0,
    0x00, 0x29, 0xef, 0xfc, 0x60, 0x00,

    /* U+015E "Ş" */
    0x00, 0x01, 0x8d, 0xff, 0xd8, 0x10, 0x00, 0x04,
    0xff, 0xff, 0xff, 0xfe, 0x30, 0x01, 0xff, 0xfa,
    0x77, 0xcf, 0xfe, 0x00, 0x7f, 0xf7, 0x00, 0x00,
    0x9f, 0xf4, 0x09, 0xff, 0x30, 0x00, 0x01, 0x77,
    0x30, 0x7f, 0xf9, 0x00, 0x00, 0x00, 0x00, 0x02,
    0xff, 0xfd, 0x83, 0x00, 0x00, 0x00, 0x03, 0xef,
    0xff, 0xfe, 0x92, 0x00, 0x00, 0x00, 0x6b, 0xff,
    0xff, 0xf6, 0x00, 0x00, 0x00, 0x00, 0x4a, 0xff,
    0xf3, 0x00, 0x00, 0x00, 0x00, 0x05, 0xff, 0x90,
    0xcd, 0xa0, 0x00, 0x00, 0x1f, 0xfa, 0x0c, 0xff,
    0x30, 0x00, 0x07, 0xff, 0x80, 0x5f, 0xff, 0xa7,
    0x7b, 0xff, 0xf2, 0x00, 0x8f, 0xff, 0xff, 0xff,
    0xf5, 0x00, 0x00, 0x3a, 0xef, 0xfd, 0x92, 0x00,
    0x00, 0x00, 0x00, 0xe9, 0x20, 0x00, 0x00, 0x00,
    0x00, 0x08, 0xbf, 0x20, 0x00, 0x00, 0x00, 0x01,
    0x37, 0xf5, 0x00, 0x00, 0x00, 0x00, 0x6f, 0xfb,
    0x00, 0x00,

    /* U+015F "ş" */
    0x00, 0x18, 0xdf, 0xfc, 0x60, 0x00, 0x1e, 0xff,
    0xff, 0xff, 0x90, 0x09, 0xff, 0x71, 0x2a, 0xff,
    0x30, 0xbf, 0xf0, 0x00, 0x06, 0x30, 0x09, 0xff,
    0xa3, 0x00, 0x00, 0x00, 0x1d, 0xff, 0xff, 0xc7,
    0x10, 0x00, 0x07, 0xcf, 0xff, 0xfe, 0x10, 0x00,
    0x00, 0x03, 0xaf, 0xf8, 0x06, 0xa6, 0x00, 0x01,
    0xff, 0xa0, 0xdf, 0xf6, 0x23, 0xaf, 0xf6, 0x03,
    0xff, 0xff, 0xff, 0xfb, 0x00, 0x02, 0x9e, 0xff,
    0xc6, 0x00, 0x00, 0x00, 0x0e, 0x92, 0x00, 0x00,
    0x00, 0x00, 0x8b, 0xf2, 0x00, 0x00, 0x00, 0x13,
    0x7f, 0x50, 0x00, 0x00, 0x06, 0xff, 0xb0, 0x00,

    /* U+0160 "Š" */
    0x00, 0x09, 0xfb, 0x02, 0xff, 0x50, 0x00, 0x00,
    0x0c, 0xf7, 0xcf, 0x80, 0x00, 0x00, 0x00, 0x1e,
    0xff, 0xa0, 0x00, 0x00, 0x00, 0x00, 0x26, 0x60,
    0x00, 0x00, 0x00, 0x00, 0x00, 0x00, 0x00, 0x00,
    0x00, 0x00, 0x18, 0xdf, 0xfd, 0x81, 0x00, 0x00,
    0x4f, 0xff, 0xff, 0xff, 0xf4, 0x00, 0x1f, 0xff,
    0xa7, 0x7a, 0xff, 0xf1, 0x07, 0xff, 0x70, 0x00,
    0x07, 0xff, 0x60, 0x9f, 0xf3, 0x00, 0x00, 0x01,
    0x10, 0x07, 0xff, 0x90, 0x00, 0x00, 0x00, 0x00,
    0x2f, 0xff, 0xd8, 0x30, 0x00, 0x00, 0x00, 0x3e,
    0xff, 0xff, 0xe9, 0x20, 0x00, 0x00, 0x06, 0xbf,
    0xff, 0xff, 0x60, 0x00, 0x00, 0x00, 0x04, 0xaf,
    0xff, 0x30, 0x00, 0x00, 0x00, 0x00, 0x5f, 0xf9,
    0x0e, 0xfb, 0x00, 0x00, 0x01, 0xff, 0xa0, 0xcf,
    0xf4, 0x00, 0x00, 0x7f, 0xf8, 0x05, 0xff, 0xfa,
    0x77, 0xbf, 0xff, 0x20, 0x08, 0xff, 0xff, 0xff,
    0xff, 0x50, 0x00, 0x03, 0xad, 0xff, 0xd9, 0x20,
    0x00,

    /* U+0161 "š" */
    0x00, 0x8f, 0xc0, 0x2f, 0xf4, 0x00, 0x00, 0x9f,
    0xae, 0xf5, 0x00, 0x00, 0x00, 0xaf, 0xf6, 0x00,
    0x00, 0x00, 0x00, 0x00, 0x00, 0x00, 0x00, 0x00,
    0x00, 0x00, 0x00, 0x00, 0x01, 0x8d, 0xff, 0xc6,
    0x00, 0x01, 0xef, 0xff, 0xff, 0xf9, 0x00, 0x9f,
    0xf7, 0x12, 0xaf, 0xf3, 0x0b, 0xff, 0x00, 0x00,
    0x63, 0x00, 0x9f, 0xfa, 0x30, 0x00, 0x00, 0x01,
    0xdf, 0xff, 0xfc, 0x71, 0x00, 0x00, 0x7c, 0xff,
    0xff, 0xe1, 0x00, 0x00, 0x00, 0x3a, 0xff, 0x80,
    0x6a, 0x60, 0x00, 0x1f, 0xfa, 0x0d, 0xff, 0x62,
    0x3a, 0xff, 0x60, 0x3f, 0xff, 0xff, 0xff, 0xb0,
    0x00, 0x29, 0xef, 0xfc, 0x60, 0x00,

    /* U+0162 "Ţ" */
    0x2f, 0xff, 0xff, 0xff, 0xff, 0xff, 0xf0, 0x2f,
    0xff, 0xff, 0xff, 0xff, 0xff, 0xf0, 0x06, 0x66,
    0x6a, 0xff, 0x96, 0x66, 0x60, 0x00, 0x00, 0x07,
    0xff, 0x50, 0x00, 0x00, 0x00, 0x00, 0x07, 0xff,
    0x50, 0x00, 0x00, 0x00, 0x00, 0x07, 0xff, 0x50,
    0x00, 0x00, 0x00, 0x00, 0x07, 0xff, 0x50, 0x00,
    0x00, 0x00, 0x00, 0x07, 0xff, 0x50, 0x00, 0x00,
    0x00, 0x00, 0x07, 0xff, 0x50, 0x00, 0x00, 0x00,
    0x00, 0x07, 0xff, 0x50, 0x00, 0x00, 0x00, 0x00,
    0x07, 0xff, 0x50, 0x00, 0x00, 0x00, 0x00, 0x07,
    0xff, 0x50, 0x00, 0x00, 0x00, 0x00, 0x07, 0xff,
    0x50, 0x00, 0x00, 0x00, 0x00, 0x07, 0xff, 0x50,
    0x00, 0x00, 0x00, 0x00, 0x07, 0xff, 0x50, 0x00,
    0x00, 0x00, 0x00, 0x07, 0xff, 0x50, 0x00, 0x00,
    0x00, 0x00, 0x00, 0xc9, 0x00, 0x00, 0x00, 0x00,
    0x00, 0x00, 0x9c, 0xf3, 0x00, 0x00, 0x00, 0x00,
    0x01, 0x36, 0xf6, 0x00, 0x00, 0x00, 0x00, 0x05,
    0xff, 0xc1, 0x00, 0x00,

    /* U+0163 "ţ" */
    0x02, 0xff, 0x80, 0x00, 0x02, 0xff, 0x80, 0x00,
    0x02, 0xff, 0x80, 0x00, 0xcf, 0xff, 0xff, 0xb0,
    0xcf, 0xff, 0xff, 0xb0, 0x15, 0xff, 0xa2, 0x10,
    0x02, 0xff, 0x80, 0x00, 0x02, 0xff, 0x80, 0x00,
    0x02, 0xff, 0x80, 0x00, 0x02, 0xff, 0x80, 0x00,
    0x02, 0xff, 0x80, 0x00, 0x02, 0xff, 0x80, 0x00,
    0x00, 0xff, 0xd4, 0x30, 0x00, 0xbf, 0xff, 0xc0,
    0x00, 0x19, 0xff, 0xd0, 0x00, 0x00, 0xf6, 0x00,
    0x00, 0x01, 0x9d, 0xe0, 0x00, 0x02, 0x3a, 0xf2,
    0x00, 0x09, 0xfe, 0x90,

    /* U+0164 "Ť" */
    0x00, 0x05, 0x85, 0x00, 0x68, 0x50, 0x00, 0x00,
    0x01, 0xef, 0x57, 0xfd, 0x10, 0x00, 0x00, 0x00,
    0x2e, 0xff, 0xd1, 0x00, 0x00, 0x00, 0x00, 0x02,
    0x88, 0x20, 0x00, 0x00, 0x00, 0x00, 0x00, 0x00,
    0x00, 0x00, 0x00, 0x2f, 0xff, 0xff, 0xff, 0xff,
    0xff, 0xf0, 0x2f, 0xff, 0xff, 0xff, 0xff, 0xff,
    0xf0, 0x06, 0x66, 0x6a, 0xff, 0x96, 0x66, 0x60,
    0x00, 0x00, 0x07, 0xff, 0x50, 0x00, 0x00, 0x00,
    0x00, 0x07, 0xff, 0x50, 0x00, 0x00, 0x00, 0x00,
    0x07, 0xff, 0x50, 0x00, 0x00, 0x00, 0x00, 0x07,
    0xff, 0x50, 0x00, 0x00, 0x00, 0x00, 0x07, 0xff,
    0x50, 0x00, 0x00, 0x00, 0x00, 0x07, 0xff, 0x50,
    0x00, 0x00, 0x00, 0x00, 0x07, 0xff, 0x50, 0x00,
    0x00, 0x00, 0x00, 0x07, 0xff, 0x50, 0x00, 0x00,
    0x00, 0x00, 0x07, 0xff, 0x50, 0x00, 0x00, 0x00,
    0x00, 0x07, 0xff, 0x50, 0x00, 0x00, 0x00, 0x00,
    0x07, 0xff, 0x50, 0x00, 0x00, 0x00, 0x00, 0x07,
    0xff, 0x50, 0x00, 0x00, 0x00, 0x00, 0x07, 0xff,
    0x50, 0x00, 0x00,

    /* U+0165 "ť" */
    0x00, 0x00, 0x00, 0x00, 0x00, 0x00, 0x04, 0xfd,
    0x00, 0x00, 0x04, 0xfb, 0x01, 0x66, 0x34, 0xf9,
    0x02, 0xff, 0x84, 0xf7, 0x02, 0xff, 0x80, 0x00,
    0xcf, 0xff, 0xff, 0xb0, 0xcf, 0xff, 0xff, 0xb0,
    0x15, 0xff, 0xa2, 0x10, 0x02, 0xff, 0x80, 0x00,
    0x02, 0xff, 0x80, 0x00, 0x02, 0xff, 0x80, 0x00,
    0x02, 0xff, 0x80, 0x00, 0x02, 0xff, 0x80, 0x00,
    0x02, 0xff, 0x80, 0x00, 0x01, 0xff, 0xd4, 0x30,
    0x00, 0xbf, 0xff, 0xc0, 0x00, 0x1a, 0xef, 0xd0,

    /* U+0166 "Ŧ" */
    0x2f, 0xff, 0xff, 0xff, 0xff, 0xff, 0xf0, 0x2f,
    0xff, 0xff, 0xff, 0xff, 0xff, 0xf0, 0x06, 0x66,
    0x6a, 0xff, 0x96, 0x66, 0x60, 0x00, 0x00, 0x07,
    0xff, 0x50, 0x00, 0x00, 0x00, 0x00, 0x07, 0xff,
    0x50, 0x00, 0x00, 0x00, 0x00, 0x07, 0xff, 0x50,
    0x00, 0x00, 0x00, 0x00, 0x07, 0xff, 0x50, 0x00,
    0x00, 0x00, 0x6f, 0xff, 0xff, 0xff, 0xf5, 0x00,
    0x00, 0x6f, 0xff, 0xff, 0xff, 0xf5, 0x00, 0x00,
    0x00, 0x07, 0xff, 0x50, 0x00, 0x00, 0x00, 0x00,
    0x07, 0xff, 0x50, 0x00, 0x00, 0x00, 0x00, 0x07,
    0xff, 0x50, 0x00, 0x00, 0x00, 0x00, 0x07, 0xff,
    0x50, 0x00, 0x00, 0x00, 0x00, 0x07, 0xff, 0x50,
    0x00, 0x00, 0x00, 0x00, 0x07, 0xff, 0x50, 0x00,
    0x00, 0x00, 0x00, 0x07, 0xff, 0x50, 0x00, 0x00,

    /* U+0167 "ŧ" */
    0x02, 0xff, 0x80, 0x00, 0x02, 0xff, 0x80, 0x00,
    0x02, 0xff, 0x80, 0x00, 0xcf, 0xff, 0xff, 0xb0,
    0xcf, 0xff, 0xff, 0xb0, 0x15, 0xff, 0xa2, 0x10,
    0x02, 0xff, 0x80, 0x00, 0xcf, 0xff, 0xff, 0xb0,
    0xbf, 0xff, 0xfe, 0xa0, 0x02, 0xff, 0x80, 0x00,
    0x02, 0xff, 0x80, 0x00, 0x02, 0xff, 0x80, 0x00,
    0x00, 0xff, 0xd4, 0x30, 0x00, 0xbf, 0xff, 0xc0,
    0x00, 0x19, 0xef, 0xd0,

    /* U+0168 "Ũ" */
    0x00, 0x00, 0x59, 0x40, 0x4a, 0x00, 0x00, 0x00,
    0x4f, 0xff, 0xce, 0xe0, 0x00, 0x00, 0x09, 0xf1,
    0x7e, 0xe4, 0x00, 0x00, 0x00, 0x00, 0x00, 0x00,
    0x00, 0x00, 0x00, 0x00, 0x00, 0x00, 0x00, 0x00,
    0x07, 0xff, 0x40, 0x00, 0x00, 0x0d, 0xfe, 0x7f,
    0xf4, 0x00, 0x00, 0x00, 0xdf, 0xe7, 0xff, 0x40,
    0x00, 0x00, 0x0d, 0xfe, 0x7f, 0xf4, 0x00, 0x00,
    0x00, 0xdf, 0xe7, 0xff, 0x40, 0x00, 0x00, 0x0d,
    0xfe, 0x7f, 0xf4, 0x00, 0x00, 0x00, 0xdf, 0xe7,
    0xff, 0x40, 0x00, 0x00, 0x0d, 0xfe, 0x7f, 0xf4,
    0x00, 0x00, 0x00, 0xdf, 0xe7, 0xff, 0x40, 0x00,
    0x00, 0x0d, 0xfe, 0x7f, 0xf4, 0x00, 0x00, 0x00,
    0xdf, 0xe7, 0xff, 0x50, 0x00, 0x00, 0x0d, 0xfe,
    0x5f, 0xf9, 0x00, 0x00, 0x02, 0xff, 0xc1, 0xff,
    0xf4, 0x00, 0x00, 0xcf, 0xf7, 0x07, 0xff, 0xfb,
    0x9a, 0xef, 0xfd, 0x10, 0x09, 0xff, 0xff, 0xff,
    0xfd, 0x20, 0x00, 0x04, 0xae, 0xfe, 0xc7, 0x00,
    0x00,

    /* U+0169 "ũ" */
    0x00, 0x3d, 0xe7, 0x1d, 0xb0, 0x00, 0x0b, 0xfc,
    0xff, 0xf7, 0x00, 0x00, 0x97, 0x03, 0x97, 0x00,
    0x00, 0x00, 0x00, 0x00, 0x00, 0x00, 0x00, 0x00,
    0x00, 0x00, 0x00, 0x09, 0xff, 0x10, 0x00, 0x3f,
    0xf7, 0x9f, 0xf1, 0x00, 0x03, 0xff, 0x79, 0xff,
    0x10, 0x00, 0x3f, 0xf7, 0x9f, 0xf1, 0x00, 0x03,
    0xff, 0x79, 0xff, 0x10, 0x00, 0x3f, 0xf7, 0x9f,
    0xf1, 0x00, 0x03, 0xff, 0x79, 0xff, 0x10, 0x00,
    0x3f, 0xf7, 0x9f, 0xf2, 0x00, 0x04, 0xff, 0x77,
    0xff, 0x60, 0x00, 0xaf, 0xf7, 0x3f, 0xff, 0x85,
    0xaf, 0xff, 0x70, 0xbf, 0xff, 0xff, 0x6f, 0xf7,
    0x00, 0x9e, 0xfc, 0x41, 0xff, 0x70,

    /* U+016A "Ū" */
    0x00, 0x03, 0xff, 0xff, 0xfa, 0x00, 0x00, 0x00,
    0x2d, 0xdd, 0xdd, 0x90, 0x00, 0x00, 0x00, 0x00,
    0x00, 0x00, 0x00, 0x00, 0x00, 0x00, 0x00, 0x00,
    0x00, 0x00, 0x7f, 0xf4, 0x00, 0x00, 0x00, 0xdf,
    0xe7, 0xff, 0x40, 0x00, 0x00, 0x0d, 0xfe, 0x7f,
    0xf4, 0x00, 0x00, 0x00, 0xdf, 0xe7, 0xff, 0x40,
    0x00, 0x00, 0x0d, 0xfe, 0x7f, 0xf4, 0x00, 0x00,
    0x00, 0xdf, 0xe7, 0xff, 0x40, 0x00, 0x00, 0x0d,
    0xfe, 0x7f, 0xf4, 0x00, 0x00, 0x00, 0xdf, 0xe7,
    0xff, 0x40, 0x00, 0x00, 0x0d, 0xfe, 0x7f, 0xf4,
    0x00, 0x00, 0x00, 0xdf, 0xe7, 0xff, 0x40, 0x00,
    0x00, 0x0d, 0xfe, 0x7f, 0xf5, 0x00, 0x00, 0x00,
    0xdf, 0xe5, 0xff, 0x90, 0x00, 0x00, 0x2f, 0xfc,
    0x1f, 0xff, 0x40, 0x00, 0x0c, 0xff, 0x70, 0x7f,
    0xff, 0xb9, 0xae, 0xff, 0xd1, 0x00, 0x9f, 0xff,
    0xff, 0xff, 0xd2, 0x00, 0x00, 0x4a, 0xef, 0xec,
    0x70, 0x00,

    /* U+016B "ū" */
    0x00, 0x8f, 0xff, 0xff, 0x50, 0x00, 0x06, 0xdd,
    0xdd, 0xd4, 0x00, 0x00, 0x00, 0x00, 0x00, 0x00,
    0x00, 0x00, 0x00, 0x00, 0x00, 0x00, 0x9f, 0xf1,
    0x00, 0x03, 0xff, 0x79, 0xff, 0x10, 0x00, 0x3f,
    0xf7, 0x9f, 0xf1, 0x00, 0x03, 0xff, 0x79, 0xff,
    0x10, 0x00, 0x3f, 0xf7, 0x9f, 0xf1, 0x00, 0x03,
    0xff, 0x79, 0xff, 0x10, 0x00, 0x3f, 0xf7, 0x9f,
    0xf1, 0x00, 0x03, 0xff, 0x79, 0xff, 0x20, 0x00,
    0x4f, 0xf7, 0x7f, 0xf6, 0x00, 0x0a, 0xff, 0x73,
    0xff, 0xf8, 0x5a, 0xff, 0xf7, 0x0b, 0xff, 0xff,
    0xf6, 0xff, 0x70, 0x09, 0xef, 0xc4, 0x1f, 0xf7,

    /* U+016C "Ŭ" */
    0x00, 0x09, 0xf1, 0x00, 0xaf, 0x00, 0x00, 0x00,
    0x5f, 0xa1, 0x4f, 0xc0, 0x00, 0x00, 0x00, 0xaf,
    0xff, 0xe2, 0x00, 0x00, 0x00, 0x00, 0x59, 0x81,
    0x00, 0x00, 0x00, 0x00, 0x00, 0x00, 0x00, 0x00,
    0x07, 0xff, 0x40, 0x00, 0x00, 0x0d, 0xfe, 0x7f,
    0xf4, 0x00, 0x00, 0x00, 0xdf, 0xe7, 0xff, 0x40,
    0x00, 0x00, 0x0d, 0xfe, 0x7f, 0xf4, 0x00, 0x00,
    0x00, 0xdf, 0xe7, 0xff, 0x40, 0x00, 0x00, 0x0d,
    0xfe, 0x7f, 0xf4, 0x00, 0x00, 0x00, 0xdf, 0xe7,
    0xff, 0x40, 0x00, 0x00, 0x0d, 0xfe, 0x7f, 0xf4,
    0x00, 0x00, 0x00, 0xdf, 0xe7, 0xff, 0x40, 0x00,
    0x00, 0x0d, 0xfe, 0x7f, 0xf4, 0x00, 0x00, 0x00,
    0xdf, 0xe7, 0xff, 0x50, 0x00, 0x00, 0x0d, 0xfe,
    0x5f, 0xf9, 0x00, 0x00, 0x02, 0xff, 0xc1, 0xff,
    0xf4, 0x00, 0x00, 0xcf, 0xf7, 0x07, 0xff, 0xfb,
    0x9a, 0xef, 0xfd, 0x10, 0x09, 0xff, 0xff, 0xff,
    0xfd, 0x20, 0x00, 0x04, 0xae, 0xfe, 0xc7, 0x00,
    0x00,

    /* U+016D "ŭ" */
    0x00, 0x76, 0x00, 0x07, 0x50, 0x00, 0x0b, 0xf4,
    0x06, 0xf9, 0x00, 0x00, 0x3e, 0xff, 0xfd, 0x10,
    0x00, 0x00, 0x17, 0x97, 0x00, 0x00, 0x00, 0x00,
    0x00, 0x00, 0x00, 0x09, 0xff, 0x10, 0x00, 0x3f,
    0xf7, 0x9f, 0xf1, 0x00, 0x03, 0xff, 0x79, 0xff,
    0x10, 0x00, 0x3f, 0xf7, 0x9f, 0xf1, 0x00, 0x03,
    0xff, 0x79, 0xff, 0x10, 0x00, 0x3f, 0xf7, 0x9f,
    0xf1, 0x00, 0x03, 0xff, 0x79, 0xff, 0x10, 0x00,
    0x3f, 0xf7, 0x9f, 0xf2, 0x00, 0x04, 0xff, 0x77,
    0xff, 0x60, 0x00, 0xaf, 0xf7, 0x3f, 0xff, 0x85,
    0xaf, 0xff, 0x70, 0xbf, 0xff, 0xff, 0x6f, 0xf7,
    0x00, 0x9e, 0xfc, 0x41, 0xff, 0x70,

    /* U+016E "Ů" */
    0x00, 0x00, 0x00, 0x00, 0x00, 0x00, 0x00, 0x00,
    0x02, 0xcf, 0xf7, 0x00, 0x00, 0x00, 0x00, 0xce,
    0x5a, 0xf3, 0x00, 0x00, 0x00, 0x0f, 0x80, 0x1f,
    0x70, 0x00, 0x00, 0x00, 0xdd, 0x27, 0xf5, 0x00,
    0x00, 0x00, 0x04, 0xef, 0xfa, 0x00, 0x00, 0x00,
    0x00, 0x00, 0x32, 0x00, 0x00, 0x07, 0xff, 0x40,
    0x00, 0x00, 0x0d, 0xfe, 0x7f, 0xf4, 0x00, 0x00,
    0x00, 0xdf, 0xe7, 0xff, 0x40, 0x00, 0x00, 0x0d,
    0xfe, 0x7f, 0xf4, 0x00, 0x00, 0x00, 0xdf, 0xe7,
    0xff, 0x40, 0x00, 0x00, 0x0d, 0xfe, 0x7f, 0xf4,
    0x00, 0x00, 0x00, 0xdf, 0xe7, 0xff, 0x40, 0x00,
    0x00, 0x0d, 0xfe, 0x7f, 0xf4, 0x00, 0x00, 0x00,
    0xdf, 0xe7, 0xff, 0x40, 0x00, 0x00, 0x0d, 0xfe,
    0x7f, 0xf4, 0x00, 0x00, 0x00, 0xdf, 0xe7, 0xff,
    0x50, 0x00, 0x00, 0x0d, 0xfe, 0x5f, 0xf9, 0x00,
    0x00, 0x02, 0xff, 0xc1, 0xff, 0xf4, 0x00, 0x00,
    0xcf, 0xf7, 0x07, 0xff, 0xfb, 0x9a, 0xef, 0xfd,
    0x10, 0x09, 0xff, 0xff, 0xff, 0xfd, 0x20, 0x00,
    0x04, 0xae, 0xfe, 0xc7, 0x00, 0x00,

    /* U+016F "ů" */
    0x00, 0x00, 0x01, 0x00, 0x00, 0x00, 0x00, 0x4e,
    0xfd, 0x20, 0x00, 0x00, 0x1f, 0xb5, 0xde, 0x00,
    0x00, 0x04, 0xf3, 0x05, 0xf2, 0x00, 0x00, 0x2f,
    0x92, 0xbf, 0x00, 0x00, 0x00, 0x6f, 0xff, 0x40,
    0x00, 0x00, 0x00, 0x14, 0x10, 0x00, 0x09, 0xff,
    0x10, 0x00, 0x3f, 0xf7, 0x9f, 0xf1, 0x00, 0x03,
    0xff, 0x79, 0xff, 0x10, 0x00, 0x3f, 0xf7, 0x9f,
    0xf1, 0x00, 0x03, 0xff, 0x79, 0xff, 0x10, 0x00,
    0x3f, 0xf7, 0x9f, 0xf1, 0x00, 0x03, 0xff, 0x79,
    0xff, 0x10, 0x00, 0x3f, 0xf7, 0x9f, 0xf2, 0x00,
    0x04, 0xff, 0x77, 0xff, 0x60, 0x00, 0xaf, 0xf7,
    0x3f, 0xff, 0x85, 0xaf, 0xff, 0x70, 0xbf, 0xff,
    0xff, 0x6f, 0xf7, 0x00, 0x9e, 0xfc, 0x41, 0xff,
    0x70,

    /* U+0170 "Ű" */
    0x00, 0x00, 0xdf, 0x90, 0xdf, 0xb0, 0x00, 0x00,
    0x3f, 0xf1, 0x6f, 0xe1, 0x00, 0x00, 0x08, 0xf8,
    0x0e, 0xf3, 0x00, 0x00, 0x00, 0x23, 0x00, 0x32,
    0x00, 0x00, 0x00, 0x00, 0x00, 0x00, 0x00, 0x00,
    0x07, 0xff, 0x40, 0x00, 0x00, 0x0d, 0xfe, 0x7f,
    0xf4, 0x00, 0x00, 0x00, 0xdf, 0xe7, 0xff, 0x40,
    0x00, 0x00, 0x0d, 0xfe, 0x7f, 0xf4, 0x00, 0x00,
    0x00, 0xdf, 0xe7, 0xff, 0x40, 0x00, 0x00, 0x0d,
    0xfe, 0x7f, 0xf4, 0x00, 0x00, 0x00, 0xdf, 0xe7,
    0xff, 0x40, 0x00, 0x00, 0x0d, 0xfe, 0x7f, 0xf4,
    0x00, 0x00, 0x00, 0xdf, 0xe7, 0xff, 0x40, 0x00,
    0x00, 0x0d, 0xfe, 0x7f, 0xf4, 0x00, 0x00, 0x00,
    0xdf, 0xe7, 0xff, 0x50, 0x00, 0x00, 0x0d, 0xfe,
    0x5f, 0xf9, 0x00, 0x00, 0x02, 0xff, 0xc1, 0xff,
    0xf4, 0x00, 0x00, 0xcf, 0xf7, 0x07, 0xff, 0xfb,
    0x9a, 0xef, 0xfd, 0x10, 0x09, 0xff, 0xff, 0xff,
    0xfd, 0x20, 0x00, 0x04, 0xae, 0xfe, 0xc7, 0x00,
    0x00,

    /* U+0171 "ű" */
    0x00, 0x2f, 0xf4, 0x2f, 0xf6, 0x00, 0x07, 0xfc,
    0x0a, 0xfa, 0x00, 0x00, 0xdf, 0x33, 0xfd, 0x00,
    0x00, 0x04, 0x30, 0x24, 0x10, 0x00, 0x00, 0x00,
    0x00, 0x00, 0x00, 0x09, 0xff, 0x10, 0x00, 0x3f,
    0xf7, 0x9f, 0xf1, 0x00, 0x03, 0xff, 0x79, 0xff,
    0x10, 0x00, 0x3f, 0xf7, 0x9f, 0xf1, 0x00, 0x03,
    0xff, 0x79, 0xff, 0x10, 0x00, 0x3f, 0xf7, 0x9f,
    0xf1, 0x00, 0x03, 0xff, 0x79, 0xff, 0x10, 0x00,
    0x3f, 0xf7, 0x9f, 0xf2, 0x00, 0x04, 0xff, 0x77,
    0xff, 0x60, 0x00, 0xaf, 0xf7, 0x3f, 0xff, 0x85,
    0xaf, 0xff, 0x70, 0xbf, 0xff, 0xff, 0x6f, 0xf7,
    0x00, 0x9e, 0xfc, 0x41, 0xff, 0x70,

    /* U+0172 "Ų" */
    0x7f, 0xf4, 0x00, 0x00, 0x00, 0xdf, 0xe7, 0xff,
    0x40, 0x00, 0x00, 0x0d, 0xfe, 0x7f, 0xf4, 0x00,
    0x00, 0x00, 0xdf, 0xe7, 0xff, 0x40, 0x00, 0x00,
    0x0d, 0xfe, 0x7f, 0xf4, 0x00, 0x00, 0x00, 0xdf,
    0xe7, 0xff, 0x40, 0x00, 0x00, 0x0d, 0xfe, 0x7f,
    0xf4, 0x00, 0x00, 0x00, 0xdf, 0xe7, 0xff, 0x40,
    0x00, 0x00, 0x0d, 0xfe, 0x7f, 0xf4, 0x00, 0x00,
    0x00, 0xdf, 0xe7, 0xff, 0x40, 0x00, 0x00, 0x0d,
    0xfe, 0x7f, 0xf5, 0x00, 0x00, 0x00, 0xdf, 0xf5,
    0xff, 0x90, 0x00, 0x00, 0x2f, 0xff, 0x1f, 0xff,
    0x40, 0x00, 0x0c, 0xff, 0xf0, 0x7f, 0xff, 0xb9,
    0xae, 0xff, 0xf1, 0x00, 0x9f, 0xff, 0xff, 0xff,
    0xf4, 0x00, 0x00, 0x4a, 0xef, 0xff, 0xd0, 0x00,
    0x00, 0x00, 0x08, 0xfb, 0x10, 0x00, 0x00, 0x00,
    0x01, 0xff, 0x40, 0x00, 0x00, 0x00, 0x00, 0x1f,
    0xff, 0xe1, 0x00, 0x00, 0x00, 0x00, 0x5d, 0xfd,
    0x30, 0x00,

    /* U+0173 "ų" */
    0x9f, 0xf1, 0x00, 0x03, 0xff, 0x70, 0x9f, 0xf1,
    0x00, 0x03, 0xff, 0x70, 0x9f, 0xf1, 0x00, 0x03,
    0xff, 0x70, 0x9f, 0xf1, 0x00, 0x03, 0xff, 0x70,
    0x9f, 0xf1, 0x00, 0x03, 0xff, 0x70, 0x9f, 0xf1,
    0x00, 0x03, 0xff, 0x70, 0x9f, 0xf1, 0x00, 0x03,
    0xff, 0x70, 0x9f, 0xf2, 0x00, 0x04, 0xff, 0x70,
    0x7f, 0xf6, 0x00, 0x0a, 0xff, 0x70, 0x3f, 0xff,
    0x85, 0xaf, 0xff, 0x70, 0x0b, 0xff, 0xff, 0xf6,
    0xff, 0x70, 0x00, 0x9e, 0xfc, 0x43, 0xff, 0x70,
    0x00, 0x00, 0x00, 0x1e, 0xf6, 0x00, 0x00, 0x00,
    0x00, 0x8f, 0xd0, 0x00, 0x00, 0x00, 0x00, 0x8f,
    0xfe, 0x90, 0x00, 0x00, 0x00, 0x1a, 0xfe, 0xa0,

    /* U+0174 "Ŵ" */
    0x00, 0x00, 0x00, 0x00, 0x04, 0x87, 0x00, 0x00,
    0x00, 0x00, 0x00, 0x00, 0x00, 0x00, 0x05, 0xff,
    0xfb, 0x00, 0x00, 0x00, 0x00, 0x00, 0x00, 0x00,
    0x04, 0xfe, 0x2a, 0xfa, 0x00, 0x00, 0x00, 0x00,
    0x00, 0x00, 0x00, 0x78, 0x30, 0x07, 0x82, 0x00,
    0x00, 0x00, 0x00, 0x00, 0x00, 0x00, 0x00, 0x00,
    0x00, 0x00, 0x00, 0x00, 0x05, 0xff, 0x90, 0x00,
    0x00, 0xdf, 0xf4, 0x00, 0x00, 0x2f, 0xfc, 0x1f,
    0xfc, 0x00, 0x00, 0x1f, 0xff, 0x80, 0x00, 0x06,
    0xff, 0x80, 0xdf, 0xf0, 0x00, 0x05, 0xff, 0xfc,
    0x00, 0x00, 0xaf, 0xf4, 0x09, 0xff, 0x40, 0x00,
    0x9f, 0xff, 0xf0, 0x00, 0x0d, 0xff, 0x00, 0x5f,
    0xf8, 0x00, 0x0d, 0xfa, 0xff, 0x30, 0x01, 0xff,
    0xb0, 0x01, 0xff, 0xb0, 0x01, 0xff, 0x5e, 0xf7,
    0x00, 0x5f, 0xf7, 0x00, 0x0d, 0xff, 0x00, 0x5f,
    0xf2, 0xbf, 0xb0, 0x09, 0xff, 0x30, 0x00, 0x8f,
    0xf3, 0x09, 0xfe, 0x08, 0xff, 0x00, 0xcf, 0xf0,
    0x00, 0x04, 0xff, 0x60, 0xcf, 0xa0, 0x4f, 0xf3,
    0x0f, 0xfb, 0x00, 0x00, 0x0f, 0xfa, 0x0f, 0xf6,
    0x00, 0xff, 0x63, 0xff, 0x70, 0x00, 0x00, 0xcf,
    0xd3, 0xff, 0x20, 0x0c, 0xfa, 0x6f, 0xf3, 0x00,
    0x00, 0x08, 0xff, 0x6f, 0xe0, 0x00, 0x8f, 0xd9,
    0xfe, 0x00, 0x00, 0x00, 0x4f, 0xfc, 0xfa, 0x00,
    0x03, 0xff, 0xcf, 0xa0, 0x00, 0x00, 0x00, 0xff,
    0xff, 0x60, 0x00, 0x0f, 0xff, 0xf6, 0x00, 0x00,
    0x00, 0x0c, 0xff, 0xf2, 0x00, 0x00, 0xbf, 0xff,
    0x20, 0x00, 0x00, 0x00, 0x7f, 0xfe, 0x00, 0x00,
    0x07, 0xff, 0xe0, 0x00, 0x00,

    /* U+0175 "ŵ" */
    0x00, 0x00, 0x00, 0x04, 0x87, 0x10, 0x00, 0x00,
    0x00, 0x00, 0x00, 0x00, 0x4f, 0xff, 0xc0, 0x00,
    0x00, 0x00, 0x00, 0x00, 0x03, 0xff, 0x39, 0xfb,
    0x00, 0x00, 0x00, 0x00, 0x00, 0x06, 0x84, 0x00,
    0x78, 0x30, 0x00, 0x00, 0x00, 0x00, 0x00, 0x00,
    0x00, 0x00, 0x00, 0x00, 0x00, 0x6f, 0xf6, 0x00,
    0x09, 0xff, 0x30, 0x00, 0xcf, 0xf0, 0x1f, 0xf9,
    0x00, 0x0c, 0xff, 0x70, 0x00, 0xff, 0xb0, 0x0d,
    0xfd, 0x00, 0x0f, 0xff, 0xb0, 0x04, 0xff, 0x70,
    0x08, 0xff, 0x10, 0x4f, 0xef, 0xe0, 0x07, 0xff,
    0x20, 0x04, 0xff, 0x50, 0x8f, 0x8e, 0xf2, 0x0b,
    0xfe, 0x00, 0x00, 0xff, 0x90, 0xcf, 0x4b, 0xf6,
    0x0f, 0xf9, 0x00, 0x00, 0xbf, 0xc0, 0xff, 0x17,
    0xfa, 0x2f, 0xf5, 0x00, 0x00, 0x6f, 0xf4, 0xfc,
    0x03, 0xfd, 0x6f, 0xf0, 0x00, 0x00, 0x2f, 0xfa,
    0xf8, 0x00, 0xef, 0xaf, 0xb0, 0x00, 0x00, 0x0d,
    0xff, 0xf3, 0x00, 0xaf, 0xff, 0x70, 0x00, 0x00,
    0x09, 0xff, 0xf0, 0x00, 0x5f, 0xff, 0x20, 0x00,
    0x00, 0x04, 0xff, 0xb0, 0x00, 0x1f, 0xfe, 0x00,
    0x00,

    /* U+0176 "Ŷ" */
    0x00, 0x00, 0x01, 0xef, 0xe1, 0x00, 0x00, 0x00,
    0x00, 0x00, 0xdf, 0xaf, 0xc0, 0x00, 0x00, 0x00,
    0x00, 0xbf, 0x90, 0xaf, 0xa0, 0x00, 0x00, 0x00,
    0x14, 0x40, 0x00, 0x44, 0x00, 0x00, 0x00, 0x00,
    0x00, 0x00, 0x00, 0x00, 0x00, 0x03, 0xff, 0xe1,
    0x00, 0x00, 0x00, 0xef, 0xf2, 0x09, 0xff, 0x90,
    0x00, 0x00, 0x8f, 0xf9, 0x00, 0x1e, 0xff, 0x20,
    0x00, 0x2f, 0xfe, 0x10, 0x00, 0x6f, 0xfb, 0x00,
    0x0a, 0xff, 0x60, 0x00, 0x00, 0xcf, 0xf4, 0x03,
    0xff, 0xd0, 0x00, 0x00, 0x03, 0xff, 0xc0, 0xbf,
    0xf3, 0x00, 0x00, 0x00, 0x0a, 0xff, 0x7f, 0xfa,
    0x00, 0x00, 0x00, 0x00, 0x1f, 0xff, 0xff, 0x10,
    0x00, 0x00, 0x00, 0x00, 0x7f, 0xff, 0x70, 0x00,
    0x00, 0x00, 0x00, 0x00, 0xef, 0xe0, 0x00, 0x00,
    0x00, 0x00, 0x00, 0x0d, 0xfe, 0x00, 0x00, 0x00,
    0x00, 0x00, 0x00, 0xdf, 0xe0, 0x00, 0x00, 0x00,
    0x00, 0x00, 0x0d, 0xfe, 0x00, 0x00, 0x00, 0x00,
    0x00, 0x00, 0xdf, 0xe0, 0x00, 0x00, 0x00, 0x00,
    0x00, 0x0d, 0xfe, 0x00, 0x00, 0x00, 0x00, 0x00,
    0x00, 0xdf, 0xe0, 0x00, 0x00, 0x00,

    /* U+0177 "ŷ" */
    0x00, 0x00, 0x5f, 0xfa, 0x00, 0x00, 0x00, 0x03,
    0xff, 0xbf, 0x80, 0x00, 0x00, 0x2e, 0xf5, 0x1d,
    0xf6, 0x00, 0x00, 0x24, 0x30, 0x01, 0x43, 0x00,
    0x00, 0x00, 0x00, 0x00, 0x00, 0x00, 0x6f, 0xf6,
    0x00, 0x00, 0x0f, 0xfc, 0x1f, 0xfb, 0x00, 0x00,
    0x6f, 0xf6, 0x0a, 0xff, 0x10, 0x00, 0xbf, 0xf0,
    0x04, 0xff, 0x60, 0x01, 0xff, 0xa0, 0x00, 0xef,
    0xb0, 0x06, 0xff, 0x40, 0x00, 0x8f, 0xf1, 0x0c,
    0xfe, 0x00, 0x00, 0x2f, 0xf6, 0x1f, 0xf8, 0x00,
    0x00, 0x0c, 0xfa, 0x6f, 0xf2, 0x00, 0x00, 0x06,
    0xfe, 0xaf, 0xc0, 0x00, 0x00, 0x01, 0xff, 0xff,
    0x60, 0x00, 0x00, 0x00, 0xaf, 0xff, 0x00, 0x00,
    0x00, 0x00, 0x5f, 0xf9, 0x00, 0x00, 0x00, 0x00,
    0x7f, 0xf3, 0x00, 0x00, 0x00, 0x44, 0xef, 0xd0,
    0x00, 0x00, 0x05, 0xff, 0xff, 0x40, 0x00, 0x00,
    0x07, 0xff, 0xc4, 0x00, 0x00, 0x00,

    /* U+0178 "Ÿ" */
    0x00, 0x00, 0xbe, 0x40, 0x4e, 0xb0, 0x00, 0x00,
    0x00, 0x1f, 0xfa, 0x0a, 0xff, 0x10, 0x00, 0x00,
    0x00, 0x9d, 0x30, 0x3d, 0x90, 0x00, 0x00, 0x00,
    0x00, 0x00, 0x00, 0x00, 0x00, 0x00, 0x3f, 0xfe,
    0x00, 0x00, 0x00, 0x0e, 0xff, 0x30, 0x9f, 0xf8,
    0x00, 0x00, 0x08, 0xff, 0x90, 0x01, 0xff, 0xf1,
    0x00, 0x01, 0xff, 0xf1, 0x00, 0x07, 0xff, 0x90,
    0x00, 0x9f, 0xf7, 0x00, 0x00, 0x0d, 0xff, 0x20,
    0x2f, 0xfe, 0x00, 0x00, 0x00, 0x5f, 0xfa, 0x09,
    0xff, 0x50, 0x00, 0x00, 0x00, 0xbf, 0xf4, 0xff,
    0xc0, 0x00, 0x00, 0x00, 0x02, 0xff, 0xff, 0xf3,
    0x00, 0x00, 0x00, 0x00, 0x09, 0xff, 0xfa, 0x00,
    0x00, 0x00, 0x00, 0x00, 0x1f, 0xff, 0x10, 0x00,
    0x00, 0x00, 0x00, 0x00, 0xdf, 0xe0, 0x00, 0x00,
    0x00, 0x00, 0x00, 0x0d, 0xfe, 0x00, 0x00, 0x00,
    0x00, 0x00, 0x00, 0xdf, 0xe0, 0x00, 0x00, 0x00,
    0x00, 0x00, 0x0d, 0xfe, 0x00, 0x00, 0x00, 0x00,
    0x00, 0x00, 0xdf, 0xe0, 0x00, 0x00, 0x00, 0x00,
    0x00, 0x0d, 0xfe, 0x00, 0x00, 0x00,

    /* U+0179 "Ź" */
    0x00, 0x00, 0x00, 0x23, 0x20, 0x00, 0x00, 0x00,
    0x01, 0xff, 0x60, 0x00, 0x00, 0x00, 0x07, 0xfb,
    0x00, 0x00, 0x00, 0x00, 0x0e, 0xf2, 0x00, 0x00,
    0x00, 0x00, 0x00, 0x00, 0x00, 0x00, 0xdf, 0xff,
    0xff, 0xff, 0xff, 0xf7, 0xdf, 0xff, 0xff, 0xff,
    0xff, 0xf7, 0x46, 0x66, 0x66, 0x66, 0xff, 0xe1,
    0x00, 0x00, 0x00, 0x09, 0xff, 0x50, 0x00, 0x00,
    0x00, 0x5f, 0xfa, 0x00, 0x00, 0x00, 0x01, 0xef,
    0xe1, 0x00, 0x00, 0x00, 0x0a, 0xff, 0x50, 0x00,
    0x00, 0x00, 0x4f, 0xfb, 0x00, 0x00, 0x00, 0x01,
    0xef, 0xe1, 0x00, 0x00, 0x00, 0x0a, 0xff, 0x50,
    0x00, 0x00, 0x00, 0x4f, 0xfb, 0x00, 0x00, 0x00,
    0x00, 0xef, 0xe1, 0x00, 0x00, 0x00, 0x09, 0xff,
    0x40, 0x00, 0x00, 0x00, 0x4f, 0xfd, 0x55, 0x55,
    0x55, 0x52, 0xbf, 0xff, 0xff, 0xff, 0xff, 0xf8,
    0xcf, 0xff, 0xff, 0xff, 0xff, 0xf8,

    /* U+017A "ź" */
    0x00, 0x00, 0x03, 0x43, 0x00, 0x00, 0x00, 0x1f,
    0xf6, 0x00, 0x00, 0x00, 0x7f, 0xc0, 0x00, 0x00,
    0x00, 0xef, 0x20, 0x00, 0x00, 0x00, 0x00, 0x00,
    0x00, 0x9f, 0xff, 0xff, 0xff, 0xf7, 0x9f, 0xff,
    0xff, 0xff, 0xf6, 0x35, 0x55, 0x56, 0xff, 0xe1,
    0x00, 0x00, 0x0b, 0xff, 0x40, 0x00, 0x00, 0x7f,
    0xf8, 0x00, 0x00, 0x03, 0xff, 0xc0, 0x00, 0x00,
    0x1e, 0xff, 0x20, 0x00, 0x00, 0xbf, 0xf5, 0x00,
    0x00, 0x07, 0xff, 0xa0, 0x00, 0x00, 0x3f, 0xff,
    0x65, 0x55, 0x53, 0xbf, 0xff, 0xff, 0xff, 0xfa,
    0xcf, 0xff, 0xff, 0xff, 0xfa,

    /* U+017B "Ż" */
    0x00, 0x00, 0x00, 0x00, 0x00, 0x00, 0x00, 0x00,
    0x4e, 0xd1, 0x00, 0x00, 0x00, 0x00, 0x9f, 0xf5,
    0x00, 0x00, 0x00, 0x00, 0x3e, 0xd1, 0x00, 0x00,
    0x00, 0x00, 0x00, 0x00, 0x00, 0x00, 0xdf, 0xff,
    0xff, 0xff, 0xff, 0xf7, 0xdf, 0xff, 0xff, 0xff,
    0xff, 0xf7, 0x46, 0x66, 0x66, 0x66, 0xff, 0xe1,
    0x00, 0x00, 0x00, 0x09, 0xff, 0x50, 0x00, 0x00,
    0x00, 0x5f, 0xfa, 0x00, 0x00, 0x00, 0x01, 0xef,
    0xe1, 0x00, 0x00, 0x00, 0x0a, 0xff, 0x50, 0x00,
    0x00, 0x00, 0x4f, 0xfb, 0x00, 0x00, 0x00, 0x01,
    0xef, 0xe1, 0x00, 0x00, 0x00, 0x0a, 0xff, 0x50,
    0x00, 0x00, 0x00, 0x4f, 0xfb, 0x00, 0x00, 0x00,
    0x00, 0xef, 0xe1, 0x00, 0x00, 0x00, 0x09, 0xff,
    0x40, 0x00, 0x00, 0x00, 0x4f, 0xfd, 0x55, 0x55,
    0x55, 0x52, 0xbf, 0xff, 0xff, 0xff, 0xff, 0xf8,
    0xcf, 0xff, 0xff, 0xff, 0xff, 0xf8,

    /* U+017C "ż" */
    0x00, 0x03, 0xed, 0x10, 0x00, 0x00, 0x09, 0xff,
    0x60, 0x00, 0x00, 0x04, 0xed, 0x10, 0x00, 0x00,
    0x00, 0x00, 0x00, 0x00, 0x00, 0x00, 0x00, 0x00,
    0x00, 0x9f, 0xff, 0xff, 0xff, 0xf7, 0x9f, 0xff,
    0xff, 0xff, 0xf6, 0x35, 0x55, 0x56, 0xff, 0xe1,
    0x00, 0x00, 0x0b, 0xff, 0x40, 0x00, 0x00, 0x7f,
    0xf8, 0x00, 0x00, 0x03, 0xff, 0xc0, 0x00, 0x00,
    0x1e, 0xff, 0x20, 0x00, 0x00, 0xbf, 0xf5, 0x00,
    0x00, 0x07, 0xff, 0xa0, 0x00, 0x00, 0x3f, 0xff,
    0x65, 0x55, 0x53, 0xbf, 0xff, 0xff, 0xff, 0xfa,
    0xcf, 0xff, 0xff, 0xff, 0xfa,

    /* U+017D "Ž" */
    0x00, 0x68, 0x40, 0x06, 0x84, 0x00, 0x00, 0x2e,
    0xf4, 0x8f, 0xc0, 0x00, 0x00, 0x03, 0xff, 0xfd,
    0x10, 0x00, 0x00, 0x00, 0x38, 0x71, 0x00, 0x00,
    0x00, 0x00, 0x00, 0x00, 0x00, 0x00, 0xdf, 0xff,
    0xff, 0xff, 0xff, 0xf7, 0xdf, 0xff, 0xff, 0xff,
    0xff, 0xf7, 0x46, 0x66, 0x66, 0x66, 0xff, 0xe1,
    0x00, 0x00, 0x00, 0x09, 0xff, 0x50, 0x00, 0x00,
    0x00, 0x5f, 0xfa, 0x00, 0x00, 0x00, 0x01, 0xef,
    0xe1, 0x00, 0x00, 0x00, 0x0a, 0xff, 0x50, 0x00,
    0x00, 0x00, 0x4f, 0xfb, 0x00, 0x00, 0x00, 0x01,
    0xef, 0xe1, 0x00, 0x00, 0x00, 0x0a, 0xff, 0x50,
    0x00, 0x00, 0x00, 0x4f, 0xfb, 0x00, 0x00, 0x00,
    0x00, 0xef, 0xe1, 0x00, 0x00, 0x00, 0x09, 0xff,
    0x40, 0x00, 0x00, 0x00, 0x4f, 0xfd, 0x55, 0x55,
    0x55, 0x52, 0xbf, 0xff, 0xff, 0xff, 0xff, 0xf8,
    0xcf, 0xff, 0xff, 0xff, 0xff, 0xf8,

    /* U+017E "ž" */
    0x06, 0x84, 0x00, 0x68, 0x40, 0x02, 0xef, 0x48,
    0xfc, 0x00, 0x00, 0x3f, 0xff, 0xd1, 0x00, 0x00,
    0x03, 0x87, 0x10, 0x00, 0x00, 0x00, 0x00, 0x00,
    0x00, 0x9f, 0xff, 0xff, 0xff, 0xf7, 0x9f, 0xff,
    0xff, 0xff, 0xf6, 0x35, 0x55, 0x56, 0xff, 0xe1,
    0x00, 0x00, 0x0b, 0xff, 0x40, 0x00, 0x00, 0x7f,
    0xf8, 0x00, 0x00, 0x03, 0xff, 0xc0, 0x00, 0x00,
    0x1e, 0xff, 0x20, 0x00, 0x00, 0xbf, 0xf5, 0x00,
    0x00, 0x07, 0xff, 0xa0, 0x00, 0x00, 0x3f, 0xff,
    0x65, 0x55, 0x53, 0xbf, 0xff, 0xff, 0xff, 0xfa,
    0xcf, 0xff, 0xff, 0xff, 0xfa,

    /* U+017F "ſ" */
    0x02, 0xbf, 0xfc, 0x01, 0xef, 0xff, 0xb0, 0x6f,
    0xfa, 0x53, 0x08, 0xff, 0x10, 0x00, 0x9f, 0xf1,
    0x00, 0x09, 0xff, 0x10, 0x00, 0x9f, 0xf1, 0x00,
    0x09, 0xff, 0x10, 0x00, 0x9f, 0xf1, 0x00, 0x09,
    0xff, 0x10, 0x00, 0x9f, 0xf1, 0x00, 0x09, 0xff,
    0x10, 0x00, 0x9f, 0xf1, 0x00, 0x09, 0xff, 0x10,
    0x00, 0x9f, 0xf1, 0x00, 0x09, 0xff, 0x10, 0x00,
    0x9f, 0xf1, 0x00, 0x00,

    /* U+2000 " " */

    /* U+2001 " " */

    /* U+2002 " " */

    /* U+2003 " " */

    /* U+2004 " " */

    /* U+2005 " " */

    /* U+2006 " " */

    /* U+2007 " " */

    /* U+2008 " " */

    /* U+2009 " " */

    /* U+200A " " */

    /* U+200B "​" */

    /* U+2010 "‐" */
    0x44, 0x44, 0x44, 0x4e, 0xff, 0xff, 0xff, 0xef,
    0xff, 0xff, 0xf0,

    /* U+2011 "‑" */
    0x44, 0x44, 0x44, 0x4e, 0xff, 0xff, 0xff, 0xef,
    0xff, 0xff, 0xf0,

    /* U+2012 "‒" */
    0x04, 0x44, 0x44, 0x44, 0x44, 0x44, 0x33, 0xff,
    0xff, 0xff, 0xff, 0xff, 0xfc, 0x3f, 0xff, 0xff,
    0xff, 0xff, 0xff, 0xc0,

    /* U+2013 "–" */
    0x44, 0x44, 0x44, 0x44, 0x44, 0x2f, 0xff, 0xff,
    0xff, 0xff, 0xf8, 0xff, 0xff, 0xff, 0xff, 0xff,
    0x80,

    /* U+2014 "—" */
    0x44, 0x44, 0x44, 0x44, 0x44, 0x44, 0x44, 0x44,
    0x44, 0x44, 0x4f, 0xff, 0xff, 0xff, 0xff, 0xff,
    0xff, 0xff, 0xff, 0xff, 0xff, 0xff, 0xff, 0xff,
    0xff, 0xff, 0xff, 0xff, 0xff, 0xff, 0xff, 0xf0,

    /* U+2015 "―" */
    0x44, 0x44, 0x44, 0x44, 0x44, 0x44, 0x44, 0x44,
    0x44, 0x44, 0x4f, 0xff, 0xff, 0xff, 0xff, 0xff,
    0xff, 0xff, 0xff, 0xff, 0xff, 0xff, 0xff, 0xff,
    0xff, 0xff, 0xff, 0xff, 0xff, 0xff, 0xff, 0xf0,

    /* U+2016 "‖" */
    0x7f, 0xf0, 0xcf, 0xb7, 0xff, 0x0c, 0xfb, 0x7f,
    0xf0, 0xcf, 0xb7, 0xff, 0x0c, 0xfb, 0x7f, 0xf0,
    0xcf, 0xb7, 0xff, 0x0c, 0xfb, 0x7f, 0xf0, 0xcf,
    0xb7, 0xff, 0x0c, 0xfb, 0x7f, 0xf0, 0xcf, 0xb7,
    0xff, 0x0c, 0xfb, 0x7f, 0xf0, 0xcf, 0xb7, 0xff,
    0x0c, 0xfb, 0x7f, 0xf0, 0xcf, 0xb7, 0xff, 0x0c,
    0xfb, 0x7f, 0xf0, 0xcf, 0xb7, 0xff, 0x0c, 0xfb,
    0x7f, 0xf0, 0xcf, 0xb7, 0xff, 0x0c, 0xfb, 0x7f,
    0xf0, 0xcf, 0xb7, 0xff, 0x0c, 0xfb, 0x7f, 0xf0,
    0xcf, 0xb7, 0xff, 0x0c, 0xfb, 0x7f, 0xf0, 0xcf,
    0xb7, 0xff, 0x0c, 0xfb, 0x7f, 0xf0, 0xcf, 0xb7,
    0xff, 0x0c, 0xfb,

    /* U+2017 "‗" */
    0x9a, 0xaa, 0xaa, 0xaa, 0xa7, 0xef, 0xff, 0xff,
    0xff, 0xfb, 0x00, 0x00, 0x00, 0x00, 0x00, 0x8a,
    0xaa, 0xaa, 0xaa, 0xa7, 0xef, 0xff, 0xff, 0xff,
    0xfb,

    /* U+2018 "‘" */
    0x00, 0xaf, 0x40, 0x0e, 0xf1, 0x03, 0xff, 0x00,
    0x8f, 0xd0, 0x0c, 0xfb, 0x01, 0xff, 0x80, 0x16,
    0x62, 0x00,

    /* U+2019 "’" */
    0x02, 0x66, 0x10, 0x8f, 0xf1, 0x0b, 0xfc, 0x00,
    0xdf, 0x80, 0x0f, 0xf3, 0x01, 0xff, 0x00, 0x3f,
    0xa0, 0x00,

    /* U+201A "‚" */
    0x05, 0x65, 0x0f, 0xfa, 0x2f, 0xf5, 0x4f, 0xf1,
    0x6f, 0xc0, 0x8f, 0x80, 0xbf, 0x30,

    /* U+201B "‛" */
    0x0f, 0xfa, 0x00, 0xbf, 0xc0, 0x07, 0xff, 0x00,
    0x2f, 0xf1, 0x00, 0xef, 0x30, 0x09, 0xf5, 0x00,
    0x26, 0x20,

    /* U+201C "“" */
    0x00, 0xaf, 0x40, 0x3f, 0xb0, 0x0e, 0xf1, 0x07,
    0xf9, 0x03, 0xff, 0x00, 0xcf, 0x70, 0x8f, 0xd0,
    0x0f, 0xf4, 0x0c, 0xfb, 0x05, 0xff, 0x21, 0xff,
    0x80, 0x9f, 0xf0, 0x16, 0x62, 0x04, 0x65, 0x00,

    /* U+201D "”" */
    0x02, 0x66, 0x10, 0x66, 0x30, 0x8f, 0xf1, 0x3f,
    0xf7, 0x0b, 0xfc, 0x05, 0xff, 0x20, 0xdf, 0x80,
    0x7f, 0xe0, 0x0f, 0xf3, 0x09, 0xf9, 0x01, 0xff,
    0x00, 0xbf, 0x50, 0x3f, 0xa0, 0x0e, 0xf0, 0x00,

    /* U+201E "„" */
    0x05, 0x65, 0x03, 0x66, 0x10, 0xff, 0xa0, 0xaf,
    0xf0, 0x2f, 0xf5, 0x0c, 0xfb, 0x04, 0xff, 0x10,
    0xef, 0x60, 0x6f, 0xc0, 0x0f, 0xf2, 0x08, 0xf8,
    0x03, 0xfd, 0x00, 0xbf, 0x30, 0x5f, 0x90, 0x00,

    /* U+201F "‟" */
    0x0f, 0xfa, 0x0a, 0xff, 0x00, 0xbf, 0xc0, 0x6f,
    0xf2, 0x07, 0xff, 0x01, 0xff, 0x40, 0x2f, 0xf1,
    0x0d, 0xf7, 0x00, 0xef, 0x30, 0x8f, 0x90, 0x09,
    0xf5, 0x04, 0xfb, 0x00, 0x26, 0x20, 0x06, 0x50,

    /* U+2020 "†" */
    0x00, 0x07, 0xff, 0x00, 0x00, 0x00, 0x07, 0xff,
    0x00, 0x00, 0x00, 0x07, 0xff, 0x00, 0x00, 0x8f,
    0xff, 0xff, 0xff, 0xf1, 0x8f, 0xff, 0xff, 0xff,
    0xf1, 0x00, 0x07, 0xff, 0x10, 0x00, 0x00, 0x07,
    0xff, 0x00, 0x00, 0x00, 0x06, 0xff, 0x00, 0x00,
    0x00, 0x04, 0xfe, 0x00, 0x00, 0x00, 0x03, 0xfc,
    0x00, 0x00, 0x00, 0x01, 0xfa, 0x00, 0x00, 0x00,
    0x00, 0x74, 0x00, 0x00,

    /* U+2021 "‡" */
    0x00, 0x07, 0xff, 0x00, 0x00, 0x00, 0x07, 0xff,
    0x00, 0x00, 0x00, 0x07, 0xff, 0x00, 0x00, 0x8f,
    0xff, 0xff, 0xff, 0xf1, 0x8f, 0xff, 0xff, 0xff,
    0xf1, 0x00, 0x07, 0xff, 0x00, 0x00, 0x00, 0x07,
    0xff, 0x00, 0x00, 0x00, 0x07, 0xff, 0x00, 0x00,
    0x8f, 0xff, 0xff, 0xff, 0xf1, 0x8f, 0xff, 0xff,
    0xff, 0xf1, 0x00, 0x07, 0xff, 0x00, 0x00, 0x00,
    0x06, 0xff, 0x00, 0x00, 0x00, 0x05, 0xfe, 0x00,
    0x00, 0x00, 0x03, 0xfd, 0x00, 0x00, 0x00, 0x02,
    0xfb, 0x00, 0x00, 0x00, 0x00, 0xfa, 0x00, 0x00,

    /* U+2022 "•" */
    0x03, 0xab, 0x80, 0x04, 0xff, 0xff, 0xc0, 0xcf,
    0xff, 0xff, 0x5f, 0xff, 0xff, 0xf8, 0xdf, 0xff,
    0xff, 0x66, 0xff, 0xff, 0xe1, 0x06, 0xdf, 0xb2,
    0x00,

    /* U+2023 "‣" */
    0x16, 0x00, 0x00, 0x01, 0xfb, 0x20, 0x00, 0x1f,
    0xff, 0x70, 0x01, 0xff, 0xff, 0xd1, 0x1f, 0xff,
    0xd4, 0x01, 0xff, 0x80, 0x00, 0x1c, 0x20, 0x00,
    0x00, 0x00, 0x00, 0x00,

    /* U+2024 "․" */
    0x02, 0x50, 0x1f, 0xfb, 0x3f, 0xff, 0x0b, 0xf7,

    /* U+2025 "‥" */
    0x02, 0x50, 0x00, 0x00, 0x34, 0x01, 0xff, 0xb0,
    0x00, 0x5f, 0xf6, 0x3f, 0xff, 0x00, 0x08, 0xff,
    0xa0, 0xbf, 0x70, 0x00, 0x2d, 0xe3,

    /* U+2026 "…" */
    0x02, 0x50, 0x00, 0x00, 0x34, 0x00, 0x00, 0x05,
    0x20, 0x1f, 0xfb, 0x00, 0x05, 0xff, 0x60, 0x00,
    0xaf, 0xf2, 0x3f, 0xff, 0x00, 0x08, 0xff, 0xa0,
    0x00, 0xdf, 0xf5, 0x0b, 0xf7, 0x00, 0x02, 0xde,
    0x30, 0x00, 0x6f, 0xb0,

    /* U+2027 "‧" */
    0x02, 0x50, 0x1f, 0xfb, 0x3f, 0xff, 0x0b, 0xf7,

    /* U+202F " " */

    /* U+2030 "‰" */
    0x07, 0xef, 0xc3, 0x00, 0x00, 0x00, 0x9f, 0x60,
    0x00, 0x00, 0x00, 0x00, 0x07, 0xfe, 0xcf, 0xf1,
    0x00, 0x00, 0x3f, 0xc0, 0x00, 0x00, 0x00, 0x00,
    0x00, 0xdf, 0x20, 0x9f, 0x60, 0x00, 0x0d, 0xf2,
    0x00, 0x00, 0x00, 0x00, 0x00, 0x0f, 0xf0, 0x07,
    0xf7, 0x00, 0x08, 0xf7, 0x00, 0x00, 0x00, 0x00,
    0x00, 0x00, 0xdf, 0x20, 0x9f, 0x60, 0x03, 0xfc,
    0x00, 0x00, 0x00, 0x00, 0x00, 0x00, 0x08, 0xff,
    0xdf, 0xf1, 0x00, 0xdf, 0x20, 0x00, 0x00, 0x00,
    0x00, 0x00, 0x00, 0x08, 0xef, 0xc3, 0x00, 0x8f,
    0x70, 0x00, 0x00, 0x00, 0x00, 0x00, 0x00, 0x00,
    0x00, 0x00, 0x00, 0x3f, 0xc0, 0x00, 0x00, 0x00,
    0x00, 0x00, 0x00, 0x00, 0x00, 0x00, 0x00, 0x0c,
    0xf3, 0x00, 0x7b, 0xa4, 0x00, 0x01, 0x9b, 0x92,
    0x00, 0x00, 0x00, 0x07, 0xf8, 0x00, 0xbf, 0xff,
    0xf5, 0x01, 0xef, 0xff, 0xe2, 0x00, 0x00, 0x02,
    0xfd, 0x00, 0x3f, 0xd1, 0x4f, 0xd0, 0x8f, 0xa0,
    0x9f, 0x80, 0x00, 0x00, 0xcf, 0x30, 0x06, 0xf9,
    0x00, 0xff, 0x0a, 0xf4, 0x03, 0xfb, 0x00, 0x00,
    0x7f, 0x80, 0x00, 0x6f, 0x80, 0x0e, 0xf0, 0xbf,
    0x40, 0x3f, 0xb0, 0x00, 0x2f, 0xd0, 0x00, 0x04,
    0xfc, 0x02, 0xfe, 0x09, 0xf7, 0x06, 0xf9, 0x00,
    0x0c, 0xf3, 0x00, 0x00, 0x0d, 0xfd, 0xef, 0x80,
    0x3f, 0xfc, 0xff, 0x30, 0x06, 0xf9, 0x00, 0x00,
    0x00, 0x2b, 0xfe, 0x80, 0x00, 0x4d, 0xfd, 0x50,

    /* U+2031 "‱" */
    0x07, 0xef, 0xc3, 0x00, 0x00, 0x00, 0x9f, 0x60,
    0x00, 0x00, 0x00, 0x00, 0x00, 0x00, 0x00, 0x00,
    0x07, 0xfe, 0xcf, 0xf1, 0x00, 0x00, 0x3f, 0xc0,
    0x00, 0x00, 0x00, 0x00, 0x00, 0x00, 0x00, 0x00,
    0x00, 0xdf, 0x20, 0x9f, 0x60, 0x00, 0x0d, 0xf2,
    0x00, 0x00, 0x00, 0x00, 0x00, 0x00, 0x00, 0x00,
    0x00, 0x0f, 0xf0, 0x07, 0xf7, 0x00, 0x08, 0xf7,
    0x00, 0x00, 0x00, 0x00, 0x00, 0x00, 0x00, 0x00,
    0x00, 0x00, 0xdf, 0x20, 0x9f, 0x60, 0x03, 0xfc,
    0x00, 0x00, 0x00, 0x00, 0x00, 0x00, 0x00, 0x00,
    0x00, 0x00, 0x08, 0xff, 0xdf, 0xf1, 0x00, 0xdf,
    0x20, 0x00, 0x00, 0x00, 0x00, 0x00, 0x00, 0x00,
    0x00, 0x00, 0x00, 0x08, 0xef, 0xc3, 0x00, 0x8f,
    0x70, 0x00, 0x00, 0x00, 0x00, 0x00, 0x00, 0x00,
    0x00, 0x00, 0x00, 0x00, 0x00, 0x00, 0x00, 0x3f,
    0xc0, 0x00, 0x00, 0x00, 0x00, 0x00, 0x00, 0x00,
    0x00, 0x00, 0x00, 0x00, 0x00, 0x00, 0x00, 0x0c,
    0xf3, 0x00, 0x7b, 0xa4, 0x00, 0x01, 0x9b, 0x92,
    0x00, 0x03, 0xab, 0x70, 0x00, 0x00, 0x00, 0x07,
    0xf8, 0x00, 0xbf, 0xff, 0xf5, 0x01, 0xef, 0xff,
    0xe2, 0x04, 0xff, 0xff, 0xc0, 0x00, 0x00, 0x02,
    0xfd, 0x00, 0x3f, 0xd1, 0x4f, 0xd0, 0x8f, 0xa0,
    0x9f, 0x80, 0xcf, 0x61, 0xdf, 0x40, 0x00, 0x00,
    0xcf, 0x30, 0x06, 0xf9, 0x00, 0xff, 0x0a, 0xf4,
    0x03, 0xfb, 0x0f, 0xf0, 0x08, 0xf6, 0x00, 0x00,
    0x7f, 0x80, 0x00, 0x6f, 0x80, 0x0e, 0xf0, 0xbf,
    0x40, 0x3f, 0xb0, 0xff, 0x00, 0x8f, 0x70, 0x00,
    0x2f, 0xd0, 0x00, 0x04, 0xfc, 0x02, 0xfe, 0x09,
    0xf7, 0x06, 0xf9, 0x0d, 0xf3, 0x0b, 0xf5, 0x00,
    0x0c, 0xf3, 0x00, 0x00, 0x0d, 0xfd, 0xef, 0x80,
    0x3f, 0xfc, 0xff, 0x30, 0x7f, 0xed, 0xfe, 0x00,
    0x06, 0xf9, 0x00, 0x00, 0x00, 0x2b, 0xfe, 0x80,
    0x00, 0x4d, 0xfd, 0x50, 0x00, 0x7e, 0xfb, 0x20,

    /* U+2032 "′" */
    0x5f, 0xf2, 0x7f, 0xe0, 0x8f, 0xb0, 0xaf, 0x80,
    0xbf, 0x40, 0xcf, 0x10,

    /* U+2033 "″" */
    0x5f, 0xf2, 0x00, 0xff, 0x87, 0xfe, 0x00, 0x1f,
    0xf4, 0x8f, 0xb0, 0x02, 0xff, 0x1a, 0xf8, 0x00,
    0x4f, 0xe0, 0xbf, 0x40, 0x05, 0xfa, 0x0c, 0xf1,
    0x00, 0x6f, 0x70,

    /* U+2034 "‴" */
    0x5f, 0xf2, 0x00, 0xff, 0x80, 0x0a, 0xfd, 0x7f,
    0xe0, 0x01, 0xff, 0x40, 0x0b, 0xfa, 0x8f, 0xb0,
    0x02, 0xff, 0x10, 0x0d, 0xf7, 0xaf, 0x80, 0x04,
    0xfe, 0x00, 0x0e, 0xf3, 0xbf, 0x40, 0x05, 0xfa,
    0x00, 0x0f, 0xf0, 0xcf, 0x10, 0x06, 0xf7, 0x00,
    0x1f, 0xc0,

    /* U+2035 "‵" */
    0xbf, 0xc0, 0x8f, 0xd0, 0x5f, 0xf0, 0x1f, 0xf0,
    0x0e, 0xf1, 0x0a, 0xf3,

    /* U+2036 "‶" */
    0xbf, 0xc0, 0x06, 0xff, 0x18, 0xfd, 0x00, 0x2f,
    0xf3, 0x5f, 0xf0, 0x00, 0xff, 0x41, 0xff, 0x00,
    0x0c, 0xf6, 0x0e, 0xf1, 0x00, 0x8f, 0x70, 0xaf,
    0x30, 0x05, 0xf8,

    /* U+2037 "‷" */
    0xbf, 0xc0, 0x06, 0xff, 0x10, 0x0f, 0xf7, 0x8f,
    0xd0, 0x02, 0xff, 0x30, 0x0d, 0xf8, 0x5f, 0xf0,
    0x00, 0xff, 0x40, 0x09, 0xfa, 0x1f, 0xf0, 0x00,
    0xcf, 0x60, 0x06, 0xfb, 0x0e, 0xf1, 0x00, 0x8f,
    0x70, 0x03, 0xfd, 0x0a, 0xf3, 0x00, 0x5f, 0x80,
    0x00, 0xee,

    /* U+2038 "‸" */
    0x00, 0x0d, 0xfb, 0x00, 0x00, 0x08, 0xff, 0xf5,
    0x00, 0x03, 0xfd, 0x2f, 0xe1, 0x00, 0xdf, 0x40,
    0x6f, 0xb0, 0x8f, 0xa0, 0x00, 0xcf, 0x60,

    /* U+2039 "‹" */
    0x00, 0x00, 0x5f, 0xf8, 0x00, 0x03, 0xff, 0xb0,
    0x00, 0x1e, 0xfd, 0x10, 0x00, 0xcf, 0xf2, 0x00,
    0x0a, 0xff, 0x50, 0x00, 0x0a, 0xff, 0x50, 0x00,
    0x00, 0xcf, 0xf2, 0x00, 0x00, 0x1e, 0xfd, 0x10,
    0x00, 0x03, 0xff, 0xb0, 0x00, 0x00, 0x5f, 0xf8,

    /* U+203A "›" */
    0x0c, 0xfe, 0x20, 0x00, 0x01, 0xef, 0xd0, 0x00,
    0x00, 0x3f, 0xfb, 0x00, 0x00, 0x06, 0xff, 0x80,
    0x00, 0x00, 0x9f, 0xf5, 0x00, 0x00, 0x9f, 0xf5,
    0x00, 0x06, 0xff, 0x80, 0x00, 0x3f, 0xfb, 0x00,
    0x01, 0xef, 0xd0, 0x00, 0x0c, 0xfe, 0x20, 0x00,

    /* U+203B "※" */
    0x00, 0x00, 0x02, 0xba, 0x10, 0x00, 0x00, 0x00,
    0x03, 0x09, 0xff, 0x60, 0x30, 0x00, 0x00, 0x4f,
    0xa4, 0xed, 0x2b, 0xf3, 0x00, 0x00, 0xaf, 0xf9,
    0x00, 0xbf, 0xf8, 0x00, 0x00, 0x0b, 0xff, 0x9a,
    0xff, 0x90, 0x00, 0x1a, 0xb2, 0xbf, 0xff, 0xfa,
    0x4c, 0x90, 0x6f, 0xf9, 0x0f, 0xff, 0xf0, 0xcf,
    0xf3, 0x2d, 0xe4, 0x9f, 0xff, 0xf7, 0x6f, 0xc0,
    0x00, 0x08, 0xff, 0xcd, 0xff, 0x60, 0x00, 0x00,
    0x7f, 0xfc, 0x01, 0xdf, 0xf5, 0x00, 0x00, 0x7f,
    0xc3, 0xba, 0x2d, 0xf5, 0x00, 0x00, 0x06, 0x19,
    0xff, 0x61, 0x50, 0x00, 0x00, 0x00, 0x04, 0xed,
    0x20, 0x00, 0x00,

    /* U+203C "‼" */
    0x1f, 0xfc, 0x00, 0x05, 0xff, 0x80, 0xff, 0xc0,
    0x00, 0x4f, 0xf8, 0x0f, 0xfc, 0x00, 0x04, 0xff,
    0x80, 0xff, 0xc0, 0x00, 0x4f, 0xf8, 0x0f, 0xfb,
    0x00, 0x04, 0xff, 0x70, 0xff, 0xb0, 0x00, 0x3f,
    0xf7, 0x0f, 0xfb, 0x00, 0x03, 0xff, 0x70, 0xff,
    0xa0, 0x00, 0x3f, 0xf6, 0x0e, 0xfa, 0x00, 0x03,
    0xff, 0x60, 0xef, 0xa0, 0x00, 0x2f, 0xf6, 0x0b,
    0xc7, 0x00, 0x02, 0xcc, 0x40, 0x00, 0x00, 0x00,
    0x00, 0x00, 0x01, 0x40, 0x00, 0x00, 0x34, 0x01,
    0xff, 0xc0, 0x00, 0x4f, 0xf8, 0x3f, 0xff, 0x00,
    0x07, 0xff, 0xb0, 0xbf, 0x80, 0x00, 0x2d, 0xe4,

    /* U+203D "‽" */
    0x00, 0x29, 0xef, 0xea, 0x30, 0x00, 0x3f, 0xff,
    0xff, 0xff, 0x50, 0x0d, 0xff, 0x84, 0x7f, 0xfe,
    0x01, 0xff, 0x80, 0x00, 0x7f, 0xf4, 0x01, 0x11,
    0x98, 0x05, 0xff, 0x40, 0x00, 0x1f, 0xe0, 0x9f,
    0xf1, 0x00, 0x00, 0xfd, 0x7f, 0xf9, 0x00, 0x00,
    0x0e, 0xff, 0xfa, 0x00, 0x00, 0x00, 0xff, 0xf5,
    0x00, 0x00, 0x00, 0x0f, 0xf8, 0x00, 0x00, 0x00,
    0x00, 0xff, 0x40, 0x00, 0x00, 0x00, 0x00, 0x00,
    0x00, 0x00, 0x00, 0x00, 0x25, 0x00, 0x00, 0x00,
    0x00, 0x2f, 0xfa, 0x00, 0x00, 0x00, 0x05, 0xff,
    0xd0, 0x00, 0x00, 0x00, 0x0c, 0xf5, 0x00, 0x00,

    /* U+203E "‾" */
    0x13, 0x33, 0x33, 0x33, 0x33, 0x17, 0xff, 0xff,
    0xff, 0xff, 0xf5, 0x7f, 0xff, 0xff, 0xff, 0xff,
    0x50,

    /* U+203F "‿" */
    0x0a, 0x92, 0x00, 0x00, 0x00, 0x00, 0x00, 0x4b,
    0x60, 0x1c, 0xff, 0xd9, 0x65, 0x55, 0x67, 0xae,
    0xff, 0x90, 0x00, 0x8f, 0xff, 0xff, 0xff, 0xff,
    0xff, 0xe5, 0x00, 0x00, 0x01, 0x6a, 0xdf, 0xff,
    0xec, 0x94, 0x00, 0x00,

    /* U+2040 "⁀" */
    0x00, 0x00, 0x49, 0xce, 0xff, 0xeb, 0x83, 0x00,
    0x00, 0x00, 0x7e, 0xff, 0xff, 0xff, 0xff, 0xff,
    0xd5, 0x00, 0x1c, 0xff, 0xc8, 0x43, 0x22, 0x35,
    0x9e, 0xff, 0x80, 0x0a, 0x92, 0x00, 0x00, 0x00,
    0x00, 0x00, 0x4b, 0x70,

    /* U+2041 "⁁" */
    0x00, 0x00, 0x00, 0x04, 0x00, 0x00, 0x00, 0x06,
    0xfb, 0x00, 0x00, 0x01, 0xef, 0x60, 0x00, 0x00,
    0x9f, 0xd0, 0x00, 0x00, 0x3f, 0xf3, 0x00, 0x00,
    0x0c, 0xfa, 0x00, 0x00, 0x06, 0xff, 0x10, 0x00,
    0x00, 0xff, 0xf1, 0x00, 0x00, 0x9f, 0xff, 0xa0,
    0x00, 0x2f, 0xf7, 0xff, 0x30, 0x0b, 0xfa, 0x08,
    0xfd, 0x00, 0x9f, 0x20, 0x0e, 0xb1, 0x00, 0x10,
    0x00, 0x10, 0x00,

    /* U+2042 "⁂" */
    0x00, 0x00, 0x00, 0x21, 0x00, 0x00, 0x00, 0x00,
    0x00, 0x27, 0xc9, 0x80, 0x00, 0x00, 0x00, 0x00,
    0x4f, 0xff, 0xe2, 0x00, 0x00, 0x00, 0x01, 0xff,
    0xff, 0xfd, 0x00, 0x00, 0x00, 0x00, 0x5f, 0xff,
    0xd4, 0x00, 0x00, 0x00, 0x00, 0x6f, 0xfe, 0xf3,
    0x00, 0x00, 0x00, 0x00, 0x02, 0xa7, 0x10, 0x00,
    0x00, 0x00, 0x08, 0x10, 0x00, 0x03, 0x70, 0x00,
    0x09, 0xaf, 0xab, 0x01, 0xda, 0xeb, 0x60, 0x07,
    0xff, 0xf8, 0x01, 0xbf, 0xff, 0x40, 0x6f, 0xff,
    0xff, 0x8b, 0xff, 0xff, 0xf3, 0x1b, 0xff, 0xfb,
    0x23, 0xff, 0xff, 0x70, 0x08, 0x8f, 0x9b, 0x00,
    0xb9, 0xeb, 0x60, 0x00, 0x05, 0x10, 0x00, 0x02,
    0x40, 0x00,

    /* U+2043 "⁃" */
    0x24, 0x44, 0x44, 0x09, 0xff, 0xff, 0xf3, 0x9f,
    0xff, 0xff, 0x30,

    /* U+2044 "⁄" */
    0x00, 0x00, 0x00, 0x00, 0x00, 0x0e, 0xf1, 0x00,
    0x00, 0x00, 0x00, 0x00, 0x9f, 0x60, 0x00, 0x00,
    0x00, 0x00, 0x03, 0xfb, 0x00, 0x00, 0x00, 0x00,
    0x00, 0x0d, 0xf2, 0x00, 0x00, 0x00, 0x00, 0x00,
    0x8f, 0x60, 0x00, 0x00, 0x00, 0x00, 0x03, 0xfc,
    0x00, 0x00, 0x00, 0x00, 0x00, 0x0d, 0xf2, 0x00,
    0x00, 0x00, 0x00, 0x00, 0x8f, 0x70, 0x00, 0x00,
    0x00, 0x00, 0x03, 0xfc, 0x00, 0x00, 0x00, 0x00,
    0x00, 0x0d, 0xf2, 0x00, 0x00, 0x00, 0x00, 0x00,
    0x7f, 0x70, 0x00, 0x00, 0x00, 0x00, 0x02, 0xfd,
    0x00, 0x00, 0x00, 0x00, 0x00, 0x0c, 0xf3, 0x00,
    0x00, 0x00, 0x00, 0x00, 0x7f, 0x80, 0x00, 0x00,
    0x00, 0x00, 0x02, 0xfd, 0x00, 0x00, 0x00, 0x00,
    0x00, 0x0c, 0xf3, 0x00, 0x00, 0x00, 0x00, 0x00,

    /* U+2045 "⁅" */
    0xff, 0xff, 0xbf, 0xff, 0xfb, 0xff, 0xa2, 0x1f,
    0xf9, 0x00, 0xff, 0x90, 0x0f, 0xf9, 0x00, 0xff,
    0x90, 0x0f, 0xf9, 0x00, 0xff, 0x90, 0x0f, 0xff,
    0xfb, 0xff, 0xff, 0xbf, 0xfb, 0x11, 0xff, 0x90,
    0x0f, 0xf9, 0x00, 0xff, 0x90, 0x0f, 0xf9, 0x00,
    0xff, 0x90, 0x0f, 0xfa, 0x21, 0xff, 0xff, 0xbf,
    0xff, 0xfb,

    /* U+2046 "⁆" */
    0xef, 0xff, 0xde, 0xff, 0xfd, 0x12, 0xcf, 0xd0,
    0x0c, 0xfd, 0x00, 0xcf, 0xd0, 0x0c, 0xfd, 0x00,
    0xcf, 0xd0, 0x0c, 0xfd, 0x00, 0xcf, 0xdd, 0xff,
    0xfd, 0xdf, 0xff, 0xd1, 0x1d, 0xfd, 0x00, 0xcf,
    0xd0, 0x0c, 0xfd, 0x00, 0xcf, 0xd0, 0x0c, 0xfd,
    0x00, 0xcf, 0xd1, 0x2c, 0xfd, 0xef, 0xff, 0xde,
    0xff, 0xfd,

    /* U+2047 "⁇" */
    0x00, 0x19, 0xdf, 0xea, 0x30, 0x00, 0x00, 0x6c,
    0xff, 0xc7, 0x00, 0x02, 0xef, 0xff, 0xff, 0xf6,
    0x00, 0x0a, 0xff, 0xff, 0xff, 0xc0, 0x0c, 0xff,
    0xa5, 0x8f, 0xff, 0x10, 0x5f, 0xfd, 0x66, 0xdf,
    0xf7, 0x0f, 0xfa, 0x00, 0x08, 0xff, 0x40, 0xaf,
    0xf1, 0x00, 0x1f, 0xfb, 0x06, 0x62, 0x00, 0x06,
    0xff, 0x50, 0x46, 0x50, 0x00, 0x0f, 0xfc, 0x00,
    0x00, 0x00, 0x0b, 0xff, 0x20, 0x00, 0x00, 0x00,
    0x5f, 0xf9, 0x00, 0x00, 0x01, 0xcf, 0xfa, 0x00,
    0x00, 0x00, 0x06, 0xff, 0xf2, 0x00, 0x00, 0x2e,
    0xff, 0xa0, 0x00, 0x00, 0x00, 0x9f, 0xfe, 0x30,
    0x00, 0x00, 0xaf, 0xf6, 0x00, 0x00, 0x00, 0x04,
    0xff, 0xc1, 0x00, 0x00, 0x00, 0xef, 0xa0, 0x00,
    0x00, 0x00, 0x08, 0xff, 0x10, 0x00, 0x00, 0x00,
    0xff, 0x70, 0x00, 0x00, 0x00, 0x09, 0xfd, 0x00,
    0x00, 0x00, 0x00, 0x00, 0x00, 0x00, 0x00, 0x00,
    0x00, 0x00, 0x00, 0x00, 0x00, 0x00, 0x24, 0x00,
    0x00, 0x00, 0x00, 0x00, 0x41, 0x00, 0x00, 0x00,
    0x03, 0xff, 0xa0, 0x00, 0x00, 0x00, 0x0c, 0xff,
    0x10, 0x00, 0x00, 0x06, 0xff, 0xd0, 0x00, 0x00,
    0x00, 0x0f, 0xff, 0x30, 0x00, 0x00, 0x01, 0xcf,
    0x50, 0x00, 0x00, 0x00, 0x08, 0xfb, 0x00, 0x00,

    /* U+2048 "⁈" */
    0x00, 0x19, 0xdf, 0xea, 0x30, 0x00, 0x0a, 0xff,
    0x30, 0x2e, 0xff, 0xff, 0xff, 0x50, 0x00, 0xaf,
    0xf3, 0x0b, 0xff, 0xa5, 0x8f, 0xff, 0x00, 0x0a,
    0xff, 0x20, 0xff, 0xa0, 0x00, 0x8f, 0xf4, 0x00,
    0x9f, 0xf2, 0x06, 0x63, 0x00, 0x05, 0xff, 0x50,
    0x09, 0xff, 0x20, 0x00, 0x00, 0x00, 0xbf, 0xf2,
    0x00, 0x9f, 0xf2, 0x00, 0x00, 0x00, 0xbf, 0xfb,
    0x00, 0x09, 0xff, 0x10, 0x00, 0x01, 0xdf, 0xfb,
    0x10, 0x00, 0x8f, 0xf1, 0x00, 0x00, 0xaf, 0xf8,
    0x00, 0x00, 0x08, 0xff, 0x10, 0x00, 0x0e, 0xfb,
    0x00, 0x00, 0x00, 0x8f, 0xf0, 0x00, 0x00, 0xff,
    0x70, 0x00, 0x00, 0x07, 0xff, 0x00, 0x00, 0x02,
    0x21, 0x00, 0x00, 0x00, 0x00, 0x00, 0x00, 0x00,
    0x24, 0x00, 0x00, 0x00, 0x00, 0x42, 0x00, 0x00,
    0x3f, 0xfa, 0x00, 0x00, 0x00, 0xaf, 0xf3, 0x00,
    0x06, 0xff, 0xd0, 0x00, 0x00, 0x0d, 0xff, 0x60,
    0x00, 0x1c, 0xf5, 0x00, 0x00, 0x00, 0x5f, 0xc1,

    /* U+2049 "⁉" */
    0x1f, 0xfc, 0x00, 0x00, 0x3b, 0xef, 0xd9, 0x10,
    0x00, 0xff, 0xc0, 0x00, 0x6f, 0xff, 0xff, 0xff,
    0x20, 0x0f, 0xfc, 0x00, 0x1f, 0xfe, 0x42, 0x7f,
    0xfc, 0x00, 0xff, 0xc0, 0x05, 0xff, 0x50, 0x00,
    0xaf, 0xf0, 0x0f, 0xfb, 0x00, 0x13, 0x30, 0x00,
    0x0a, 0xff, 0x10, 0xff, 0xb0, 0x00, 0x00, 0x00,
    0x03, 0xff, 0xe0, 0x0f, 0xfb, 0x00, 0x00, 0x00,
    0x04, 0xff, 0xf6, 0x00, 0xff, 0xa0, 0x00, 0x00,
    0x06, 0xff, 0xf6, 0x00, 0x0e, 0xfa, 0x00, 0x00,
    0x00, 0xff, 0xe3, 0x00, 0x00, 0xef, 0xa0, 0x00,
    0x00, 0x3f, 0xf6, 0x00, 0x00, 0x0b, 0xc7, 0x00,
    0x00, 0x04, 0xff, 0x20, 0x00, 0x00, 0x00, 0x00,
    0x00, 0x00, 0x00, 0x00, 0x00, 0x00, 0x01, 0x40,
    0x00, 0x00, 0x00, 0x33, 0x00, 0x00, 0x01, 0xff,
    0xc0, 0x00, 0x00, 0x7f, 0xf6, 0x00, 0x00, 0x3f,
    0xff, 0x00, 0x00, 0x0a, 0xff, 0x90, 0x00, 0x00,
    0xbf, 0x80, 0x00, 0x00, 0x3e, 0xd2, 0x00, 0x00,

    /* U+204A "⁊" */
    0x2f, 0xff, 0xff, 0xff, 0xb2, 0xff, 0xff, 0xff,
    0xfa, 0x05, 0x55, 0x55, 0xdf, 0x80, 0x00, 0x00,
    0x0c, 0xf7, 0x00, 0x00, 0x00, 0xef, 0x50, 0x00,
    0x00, 0x0f, 0xf3, 0x00, 0x00, 0x01, 0xff, 0x20,
    0x00, 0x00, 0x3f, 0xf0, 0x00, 0x00, 0x04, 0xff,
    0x00, 0x00, 0x00, 0x6f, 0xd0, 0x00, 0x00, 0x08,
    0xfb, 0x00, 0x00, 0x00, 0x9f, 0xa0, 0x00, 0x00,
    0x0b, 0xf8, 0x00, 0x00, 0x00, 0xcf, 0x70, 0x00,
    0x00, 0x0e, 0xf5, 0x00, 0x00, 0x00, 0xff, 0x40,

    /* U+204B "⁋" */
    0xcf, 0xff, 0xff, 0xea, 0x30, 0x0c, 0xff, 0xff,
    0xff, 0xff, 0x50, 0x8f, 0xf3, 0x7f, 0xff, 0xff,
    0x17, 0xfd, 0x05, 0xff, 0xff, 0xf7, 0x7f, 0xd0,
    0x5f, 0xff, 0xff, 0xa7, 0xfd, 0x05, 0xff, 0xff,
    0xfa, 0x7f, 0xd0, 0x5f, 0xff, 0xff, 0x77, 0xfd,
    0x05, 0xff, 0xff, 0xf2, 0x7f, 0xd0, 0x5f, 0xff,
    0xf6, 0x07, 0xfd, 0x05, 0xff, 0xb4, 0x00, 0x7f,
    0xd0, 0x00, 0x00, 0x00, 0x07, 0xfd, 0x00, 0x00,
    0x00, 0x00, 0x7f, 0xd0, 0x00, 0x00, 0x00, 0x07,
    0xfd, 0x00, 0x00, 0x00, 0x00, 0x7f, 0xd0, 0x00,
    0x00, 0x00, 0x07, 0xfd, 0x00, 0x00, 0x00, 0x00,

    /* U+204C "⁌" */
    0x00, 0x5c, 0xff, 0xff, 0xff, 0x00, 0x7f, 0xff,
    0xfb, 0xff, 0xf0, 0x1f, 0xff, 0xfe, 0x04, 0xff,
    0x06, 0xff, 0xff, 0xe0, 0x4f, 0xf0, 0x7f, 0xff,
    0xfe, 0x04, 0xff, 0x06, 0xff, 0xff, 0xe0, 0x4f,
    0xf0, 0x1f, 0xff, 0xfe, 0x04, 0xff, 0x00, 0x7f,
    0xff, 0xfb, 0xff, 0xf0, 0x00, 0x5c, 0xff, 0xff,
    0xff, 0x00,

    /* U+204D "⁍" */
    0x5f, 0xff, 0xff, 0xea, 0x20, 0x05, 0xff, 0xbc,
    0xff, 0xff, 0x30, 0x5f, 0xf0, 0x3f, 0xff, 0xfc,
    0x05, 0xff, 0x03, 0xff, 0xff, 0xf0, 0x5f, 0xf0,
    0x3f, 0xff, 0xff, 0x25, 0xff, 0x03, 0xff, 0xff,
    0xf0, 0x5f, 0xf0, 0x3f, 0xff, 0xfc, 0x05, 0xff,
    0xbc, 0xff, 0xff, 0x30, 0x5f, 0xff, 0xff, 0xea,
    0x20, 0x00,

    /* U+204E "⁎" */
    0x00, 0x03, 0xe7, 0x00, 0x00, 0x30, 0x2f, 0x70,
    0x30, 0x2f, 0xb3, 0xf7, 0x8f, 0x72, 0xbf, 0xff,
    0xff, 0xd5, 0x00, 0x5f, 0xff, 0x90, 0x01, 0x8f,
    0xff, 0xff, 0xb3, 0x3f, 0xd4, 0xf7, 0x9f, 0x80,
    0x50, 0x2f, 0x70, 0x41, 0x00, 0x03, 0xf8, 0x00,
    0x00,

    /* U+204F "⁏" */
    0x02, 0x50, 0x01, 0xff, 0xb0, 0x3f, 0xff, 0x00,
    0xbf, 0x70, 0x00, 0x00, 0x00, 0x00, 0x00, 0x00,
    0x00, 0x00, 0x00, 0x00, 0x00, 0x00, 0x00, 0x56,
    0x40, 0x0c, 0xfe, 0x00, 0x7f, 0xf0, 0x03, 0xff,
    0x20, 0x0e, 0xf4, 0x00, 0xaf, 0x70, 0x05, 0xf9,

    /* U+2050 "⁐" */
    0x00, 0x01, 0x7b, 0xdf, 0xff, 0xeb, 0x83, 0x00,
    0x00, 0x09, 0xff, 0xff, 0xff, 0xff, 0xff, 0xfd,
    0x40, 0x2d, 0xff, 0xc9, 0x65, 0x45, 0x67, 0xbe,
    0xff, 0x60, 0xa8, 0x10, 0x00, 0x00, 0x00, 0x00,
    0x04, 0xb4, 0x00, 0x00, 0x00, 0x00, 0x00, 0x00,
    0x00, 0x00, 0x00, 0x00, 0x00, 0x00, 0x00, 0x00,
    0x00, 0x00, 0x00, 0x00, 0x00, 0x00, 0x00, 0x00,
    0x00, 0x00, 0x00, 0x00, 0x00, 0x00, 0x00, 0x00,
    0x00, 0x00, 0x00, 0x00, 0x00, 0x00, 0x00, 0x00,
    0x00, 0x00, 0x00, 0x00, 0x00, 0x00, 0x00, 0x00,
    0x00, 0x00, 0x00, 0x00, 0x00, 0x00, 0x00, 0x00,
    0x00, 0x00, 0x00, 0x00, 0x00, 0x00, 0x00, 0x00,
    0x00, 0x00, 0x00, 0x00, 0x00, 0x00, 0x00, 0x00,
    0x00, 0x00, 0x00, 0x00, 0x00, 0x00, 0x00, 0x00,
    0x00, 0x00, 0x00, 0x00, 0x00, 0x00, 0x00, 0x00,
    0x00, 0x00, 0x00, 0x00, 0x00, 0x00, 0x00, 0x00,
    0x00, 0x00, 0x00, 0x00, 0x00, 0x00, 0x00, 0x00,
    0x00, 0x00, 0x00, 0x00, 0x00, 0x00, 0x00, 0x00,
    0x00, 0x53, 0x00, 0x00, 0x00, 0x00, 0x00, 0x00,
    0x62, 0x2f, 0xfd, 0x84, 0x21, 0x00, 0x13, 0x6a,
    0xff, 0xa0, 0x3d, 0xff, 0xff, 0xff, 0xff, 0xff,
    0xff, 0x90, 0x00, 0x06, 0xbf, 0xff, 0xff, 0xff,
    0xd8, 0x20, 0x00, 0x00, 0x00, 0x02, 0x34, 0x43,
    0x00, 0x00, 0x00,

    /* U+2051 "⁑" */
    0x00, 0x02, 0xf9, 0x00, 0x00, 0x50, 0x1f, 0x80,
    0x41, 0x2f, 0xd4, 0xf8, 0x9f, 0x91, 0x9f, 0xff,
    0xff, 0xc4, 0x00, 0x4f, 0xff, 0xa0, 0x01, 0xaf,
    0xff, 0xff, 0xd5, 0x2f, 0xc3, 0xf7, 0x7f, 0x80,
    0x30, 0x2f, 0x80, 0x20, 0x00, 0x02, 0xe8, 0x00,
    0x00, 0x00, 0x00, 0x00, 0x00, 0x00, 0x00, 0x00,
    0x00, 0x00, 0x00, 0x2f, 0x90, 0x00, 0x05, 0x01,
    0xf8, 0x04, 0x12, 0xfd, 0x4f, 0x89, 0xf9, 0x18,
    0xff, 0xff, 0xfc, 0x40, 0x04, 0xff, 0xfa, 0x00,
    0x1a, 0xff, 0xff, 0xfd, 0x52, 0xfc, 0x3f, 0x87,
    0xf8, 0x03, 0x01, 0xf8, 0x02, 0x10, 0x00, 0x2e,
    0x80, 0x00,

    /* U+2052 "⁒" */
    0x00, 0x00, 0x00, 0x00, 0x00, 0x0b, 0xf4, 0x00,
    0x00, 0x00, 0x00, 0x00, 0x06, 0xf9, 0x00, 0x2d,
    0xe4, 0x00, 0x00, 0x01, 0xfe, 0x00, 0x0c, 0xff,
    0xe0, 0x00, 0x00, 0xbf, 0x40, 0x00, 0xbf, 0xfe,
    0x00, 0x00, 0x6f, 0x90, 0x00, 0x02, 0xde, 0x40,
    0x00, 0x1e, 0xe1, 0x00, 0x00, 0x00, 0x00, 0x00,
    0x0b, 0xf4, 0x00, 0x00, 0x00, 0x00, 0x00, 0x05,
    0xfa, 0x00, 0x00, 0x00, 0x00, 0x00, 0x01, 0xee,
    0x10, 0x00, 0x00, 0x00, 0x00, 0x00, 0xaf, 0x50,
    0x00, 0x00, 0x00, 0x00, 0x00, 0x5f, 0xa0, 0x00,
    0x09, 0xfb, 0x00, 0x00, 0x1e, 0xe1, 0x00, 0x03,
    0xff, 0xf6, 0x00, 0x0a, 0xf5, 0x00, 0x00, 0x3f,
    0xff, 0x60, 0x04, 0xfb, 0x00, 0x00, 0x00, 0x9f,
    0xb0, 0x00, 0xef, 0x10, 0x00, 0x00, 0x00, 0x00,
    0x00, 0x9f, 0x60, 0x00, 0x00, 0x00, 0x00, 0x00,

    /* U+2053 "⁓" */
    0x00, 0x14, 0x30, 0x00, 0x00, 0x00, 0x00, 0x1a,
    0xff, 0xff, 0x81, 0x00, 0x00, 0x10, 0x7f, 0xff,
    0xff, 0xff, 0x95, 0x6c, 0xd0, 0x0b, 0x40, 0x16,
    0xdf, 0xff, 0xff, 0xf4, 0x00, 0x00, 0x00, 0x05,
    0xbf, 0xfb, 0x30,

    /* U+2054 "⁔" */
    0x00, 0x00, 0x00, 0x23, 0x44, 0x31, 0x00, 0x00,
    0x00, 0x00, 0x05, 0xbf, 0xff, 0xff, 0xff, 0xd9,
    0x20, 0x00, 0x02, 0xdf, 0xff, 0xff, 0xff, 0xff,
    0xff, 0xfa, 0x10, 0x1f, 0xfd, 0x85, 0x21, 0x00,
    0x13, 0x6a, 0xef, 0xb0, 0x05, 0x40, 0x00, 0x00,
    0x00, 0x00, 0x00, 0x06, 0x30,

    /* U+2055 "⁕" */
    0x00, 0x00, 0x08, 0x70, 0x00, 0x00, 0x00, 0x25,
    0x1f, 0xf0, 0x61, 0x00, 0x01, 0xef, 0x6f, 0xf6,
    0xfd, 0x10, 0x00, 0xcf, 0xff, 0xff, 0xfa, 0x00,
    0x02, 0x3f, 0xff, 0xff, 0xd3, 0x20, 0x2f, 0xff,
    0xff, 0xff, 0xff, 0xf0, 0x2f, 0xff, 0xff, 0xff,
    0xff, 0xf0, 0x00, 0x2e, 0xff, 0xff, 0xe1, 0x00,
    0x02, 0xef, 0xff, 0xfe, 0xfd, 0x10, 0x00, 0xbd,
    0x3f, 0xf2, 0xe9, 0x00, 0x00, 0x01, 0x2f, 0xf0,
    0x10, 0x00,

    /* U+2057 "⁗" */
    0x5f, 0xf2, 0x00, 0xff, 0x80, 0x0a, 0xfd, 0x00,
    0x4f, 0xf3, 0x7f, 0xe0, 0x01, 0xff, 0x40, 0x0b,
    0xfa, 0x00, 0x5f, 0xf0, 0x8f, 0xb0, 0x02, 0xff,
    0x10, 0x0d, 0xf7, 0x00, 0x7f, 0xc0, 0xaf, 0x80,
    0x04, 0xfe, 0x00, 0x0e, 0xf3, 0x00, 0x8f, 0x90,
    0xbf, 0x40, 0x05, 0xfa, 0x00, 0x0f, 0xf0, 0x00,
    0xaf, 0x60, 0xcf, 0x10, 0x06, 0xf7, 0x00, 0x1f,
    0xc0, 0x00, 0xbf, 0x20,

    /* U+205F " " */

};

/*---------------------
 *  GLYPH DESCRIPTION
 *--------------------*/

static const lv_font_fmt_txt_glyph_dsc_t glyph_dsc[] = {
    {.bitmap_index = 0, .adv_w = 0, .box_w = 0, .box_h = 0, .ofs_x = 0, .ofs_y = 0} /* id = 0 reserved */,
    {.bitmap_index = 0, .adv_w = 85, .box_w = 0, .box_h = 0, .ofs_x = 0, .ofs_y = 0},
    {.bitmap_index = 0, .adv_w = 108, .box_w = 5, .box_h = 16, .ofs_x = 1, .ofs_y = 0},
    {.bitmap_index = 40, .adv_w = 176, .box_w = 7, .box_h = 7, .ofs_x = 2, .ofs_y = 9},
    {.bitmap_index = 65, .adv_w = 216, .box_w = 14, .box_h = 16, .ofs_x = 0, .ofs_y = 0},
    {.bitmap_index = 177, .adv_w = 219, .box_w = 13, .box_h = 20, .ofs_x = 0, .ofs_y = -2},
    {.bitmap_index = 307, .adv_w = 337, .box_w = 18, .box_h = 16, .ofs_x = 2, .ofs_y = 0},
    {.bitmap_index = 451, .adv_w = 223, .box_w = 14, .box_h = 16, .ofs_x = 0, .ofs_y = 0},
    {.bitmap_index = 563, .adv_w = 109, .box_w = 3, .box_h = 7, .ofs_x = 2, .ofs_y = 9},
    {.bitmap_index = 574, .adv_w = 125, .box_w = 7, .box_h = 20, .ofs_x = 1, .ofs_y = -3},
    {.bitmap_index = 644, .adv_w = 125, .box_w = 6, .box_h = 20, .ofs_x = 0, .ofs_y = -3},
    {.bitmap_index = 704, .adv_w = 181, .box_w = 9, .box_h = 9, .ofs_x = 1, .ofs_y = 7},
    {.bitmap_index = 745, .adv_w = 226, .box_w = 12, .box_h = 11, .ofs_x = 1, .ofs_y = 1},
    {.bitmap_index = 811, .adv_w = 107, .box_w = 4, .box_h = 7, .ofs_x = 1, .ofs_y = -4},
    {.bitmap_index = 825, .adv_w = 156, .box_w = 8, .box_h = 3, .ofs_x = 1, .ofs_y = 5},
    {.bitmap_index = 837, .adv_w = 107, .box_w = 4, .box_h = 4, .ofs_x = 1, .ofs_y = 0},
    {.bitmap_index = 845, .adv_w = 127, .box_w = 8, .box_h = 19, .ofs_x = 0, .ofs_y = -2},
    {.bitmap_index = 921, .adv_w = 222, .box_w = 12, .box_h = 16, .ofs_x = 1, .ofs_y = 0},
    {.bitmap_index = 1017, .adv_w = 142, .box_w = 8, .box_h = 16, .ofs_x = 0, .ofs_y = 0},
    {.bitmap_index = 1081, .adv_w = 209, .box_w = 11, .box_h = 16, .ofs_x = 1, .ofs_y = 0},
    {.bitmap_index = 1169, .adv_w = 214, .box_w = 12, .box_h = 16, .ofs_x = 1, .ofs_y = 0},
    {.bitmap_index = 1265, .adv_w = 224, .box_w = 12, .box_h = 16, .ofs_x = 1, .ofs_y = 0},
    {.bitmap_index = 1361, .adv_w = 206, .box_w = 11, .box_h = 16, .ofs_x = 1, .ofs_y = 0},
    {.bitmap_index = 1449, .adv_w = 215, .box_w = 12, .box_h = 16, .ofs_x = 1, .ofs_y = 0},
    {.bitmap_index = 1545, .adv_w = 194, .box_w = 12, .box_h = 16, .ofs_x = 0, .ofs_y = 0},
    {.bitmap_index = 1641, .adv_w = 215, .box_w = 12, .box_h = 16, .ofs_x = 1, .ofs_y = 0},
    {.bitmap_index = 1737, .adv_w = 215, .box_w = 12, .box_h = 16, .ofs_x = 1, .ofs_y = 0},
    {.bitmap_index = 1833, .adv_w = 107, .box_w = 4, .box_h = 12, .ofs_x = 1, .ofs_y = 0},
    {.bitmap_index = 1857, .adv_w = 111, .box_w = 5, .box_h = 16, .ofs_x = 1, .ofs_y = -4},
    {.bitmap_index = 1897, .adv_w = 226, .box_w = 11, .box_h = 13, .ofs_x = 1, .ofs_y = 0},
    {.bitmap_index = 1969, .adv_w = 226, .box_w = 11, .box_h = 8, .ofs_x = 2, .ofs_y = 3},
    {.bitmap_index = 2013, .adv_w = 226, .box_w = 11, .box_h = 13, .ofs_x = 2, .ofs_y = 0},
    {.bitmap_index = 2085, .adv_w = 183, .box_w = 11, .box_h = 16, .ofs_x = 0, .ofs_y = 0},
    {.bitmap_index = 2173, .adv_w = 336, .box_w = 19, .box_h = 20, .ofs_x = 1, .ofs_y = -4},
    {.bitmap_index = 2363, .adv_w = 244, .box_w = 15, .box_h = 16, .ofs_x = 0, .ofs_y = 0},
    {.bitmap_index = 2483, .adv_w = 221, .box_w = 12, .box_h = 16, .ofs_x = 1, .ofs_y = 0},
    {.bitmap_index = 2579, .adv_w = 248, .box_w = 14, .box_h = 16, .ofs_x = 1, .ofs_y = 0},
    {.bitmap_index = 2691, .adv_w = 243, .box_w = 14, .box_h = 16, .ofs_x = 1, .ofs_y = 0},
    {.bitmap_index = 2803, .adv_w = 203, .box_w = 11, .box_h = 16, .ofs_x = 1, .ofs_y = 0},
    {.bitmap_index = 2891, .adv_w = 198, .box_w = 11, .box_h = 16, .ofs_x = 1, .ofs_y = 0},
    {.bitmap_index = 2979, .adv_w = 252, .box_w = 14, .box_h = 16, .ofs_x = 1, .ofs_y = 0},
    {.bitmap_index = 3091, .adv_w = 251, .box_w = 14, .box_h = 16, .ofs_x = 1, .ofs_y = 0},
    {.bitmap_index = 3203, .adv_w = 93, .box_w = 4, .box_h = 16, .ofs_x = 1, .ofs_y = 0},
    {.bitmap_index = 3235, .adv_w = 195, .box_w = 11, .box_h = 16, .ofs_x = 0, .ofs_y = 0},
    {.bitmap_index = 3323, .adv_w = 236, .box_w = 14, .box_h = 16, .ofs_x = 1, .ofs_y = 0},
    {.bitmap_index = 3435, .adv_w = 190, .box_w = 11, .box_h = 16, .ofs_x = 1, .ofs_y = 0},
    {.bitmap_index = 3523, .adv_w = 310, .box_w = 17, .box_h = 16, .ofs_x = 1, .ofs_y = 0},
    {.bitmap_index = 3659, .adv_w = 255, .box_w = 14, .box_h = 16, .ofs_x = 1, .ofs_y = 0},
    {.bitmap_index = 3771, .adv_w = 258, .box_w = 15, .box_h = 16, .ofs_x = 1, .ofs_y = 0},
    {.bitmap_index = 3891, .adv_w = 217, .box_w = 12, .box_h = 16, .ofs_x = 1, .ofs_y = 0},
    {.bitmap_index = 3987, .adv_w = 260, .box_w = 15, .box_h = 17, .ofs_x = 1, .ofs_y = -1},
    {.bitmap_index = 4115, .adv_w = 219, .box_w = 13, .box_h = 16, .ofs_x = 1, .ofs_y = 0},
    {.bitmap_index = 4219, .adv_w = 219, .box_w = 13, .box_h = 16, .ofs_x = 0, .ofs_y = 0},
    {.bitmap_index = 4323, .adv_w = 222, .box_w = 14, .box_h = 16, .ofs_x = 0, .ofs_y = 0},
    {.bitmap_index = 4435, .adv_w = 247, .box_w = 13, .box_h = 16, .ofs_x = 1, .ofs_y = 0},
    {.bitmap_index = 4539, .adv_w = 244, .box_w = 15, .box_h = 16, .ofs_x = 0, .ofs_y = 0},
    {.bitmap_index = 4659, .adv_w = 343, .box_w = 21, .box_h = 16, .ofs_x = 0, .ofs_y = 0},
    {.bitmap_index = 4827, .adv_w = 242, .box_w = 15, .box_h = 16, .ofs_x = 0, .ofs_y = 0},
    {.bitmap_index = 4947, .adv_w = 240, .box_w = 15, .box_h = 16, .ofs_x = 0, .ofs_y = 0},
    {.bitmap_index = 5067, .adv_w = 219, .box_w = 12, .box_h = 16, .ofs_x = 1, .ofs_y = 0},
    {.bitmap_index = 5163, .adv_w = 125, .box_w = 5, .box_h = 20, .ofs_x = 2, .ofs_y = -3},
    {.bitmap_index = 5213, .adv_w = 127, .box_w = 8, .box_h = 19, .ofs_x = 0, .ofs_y = -2},
    {.bitmap_index = 5289, .adv_w = 125, .box_w = 5, .box_h = 20, .ofs_x = 1, .ofs_y = -3},
    {.bitmap_index = 5339, .adv_w = 162, .box_w = 10, .box_h = 8, .ofs_x = 0, .ofs_y = 8},
    {.bitmap_index = 5379, .adv_w = 158, .box_w = 10, .box_h = 3, .ofs_x = 0, .ofs_y = -2},
    {.bitmap_index = 5394, .adv_w = 118, .box_w = 5, .box_h = 4, .ofs_x = 1, .ofs_y = 13},
    {.bitmap_index = 5404, .adv_w = 193, .box_w = 11, .box_h = 12, .ofs_x = 0, .ofs_y = 0},
    {.bitmap_index = 5470, .adv_w = 210, .box_w = 12, .box_h = 16, .ofs_x = 1, .ofs_y = 0},
    {.bitmap_index = 5566, .adv_w = 196, .box_w = 12, .box_h = 12, .ofs_x = 0, .ofs_y = 0},
    {.bitmap_index = 5638, .adv_w = 210, .box_w = 12, .box_h = 16, .ofs_x = 0, .ofs_y = 0},
    {.bitmap_index = 5734, .adv_w = 199, .box_w = 12, .box_h = 12, .ofs_x = 0, .ofs_y = 0},
    {.bitmap_index = 5806, .adv_w = 131, .box_w = 8, .box_h = 17, .ofs_x = 0, .ofs_y = 0},
    {.bitmap_index = 5874, .adv_w = 210, .box_w = 12, .box_h = 16, .ofs_x = 0, .ofs_y = -4},
    {.bitmap_index = 5970, .adv_w = 206, .box_w = 11, .box_h = 16, .ofs_x = 1, .ofs_y = 0},
    {.bitmap_index = 6058, .adv_w = 88, .box_w = 4, .box_h = 17, .ofs_x = 1, .ofs_y = 0},
    {.bitmap_index = 6092, .adv_w = 88, .box_w = 6, .box_h = 21, .ofs_x = -1, .ofs_y = -4},
    {.bitmap_index = 6155, .adv_w = 191, .box_w = 11, .box_h = 16, .ofs_x = 1, .ofs_y = 0},
    {.bitmap_index = 6243, .adv_w = 88, .box_w = 4, .box_h = 16, .ofs_x = 1, .ofs_y = 0},
    {.bitmap_index = 6275, .adv_w = 303, .box_w = 17, .box_h = 12, .ofs_x = 1, .ofs_y = 0},
    {.bitmap_index = 6377, .adv_w = 206, .box_w = 11, .box_h = 12, .ofs_x = 1, .ofs_y = 0},
    {.bitmap_index = 6443, .adv_w = 205, .box_w = 12, .box_h = 12, .ofs_x = 0, .ofs_y = 0},
    {.bitmap_index = 6515, .adv_w = 210, .box_w = 12, .box_h = 16, .ofs_x = 1, .ofs_y = -4},
    {.bitmap_index = 6611, .adv_w = 210, .box_w = 12, .box_h = 16, .ofs_x = 0, .ofs_y = -4},
    {.bitmap_index = 6707, .adv_w = 133, .box_w = 7, .box_h = 13, .ofs_x = 1, .ofs_y = 0},
    {.bitmap_index = 6753, .adv_w = 185, .box_w = 11, .box_h = 12, .ofs_x = 0, .ofs_y = 0},
    {.bitmap_index = 6819, .adv_w = 119, .box_w = 8, .box_h = 15, .ofs_x = 0, .ofs_y = 0},
    {.bitmap_index = 6879, .adv_w = 206, .box_w = 11, .box_h = 12, .ofs_x = 1, .ofs_y = 0},
    {.bitmap_index = 6945, .adv_w = 197, .box_w = 12, .box_h = 12, .ofs_x = 0, .ofs_y = 0},
    {.bitmap_index = 7017, .adv_w = 282, .box_w = 18, .box_h = 12, .ofs_x = 0, .ofs_y = 0},
    {.bitmap_index = 7125, .adv_w = 191, .box_w = 12, .box_h = 12, .ofs_x = 0, .ofs_y = 0},
    {.bitmap_index = 7197, .adv_w = 198, .box_w = 12, .box_h = 16, .ofs_x = 0, .ofs_y = -4},
    {.bitmap_index = 7293, .adv_w = 190, .box_w = 10, .box_h = 12, .ofs_x = 1, .ofs_y = 0},
    {.bitmap_index = 7353, .adv_w = 153, .box_w = 8, .box_h = 20, .ofs_x = 1, .ofs_y = -3},
    {.bitmap_index = 7433, .adv_w = 121, .box_w = 3, .box_h = 26, .ofs_x = 2, .ofs_y = -5},
    {.bitmap_index = 7472, .adv_w = 153, .box_w = 8, .box_h = 20, .ofs_x = 1, .ofs_y = -3},
    {.bitmap_index = 7552, .adv_w = 226, .box_w = 12, .box_h = 5, .ofs_x = 1, .ofs_y = 4},
    {.bitmap_index = 7582, .adv_w = 85, .box_w = 0, .box_h = 0, .ofs_x = 0, .ofs_y = 0},
    {.bitmap_index = 7582, .adv_w = 108, .box_w = 5, .box_h = 16, .ofs_x = 1, .ofs_y = -4},
    {.bitmap_index = 7622, .adv_w = 196, .box_w = 12, .box_h = 16, .ofs_x = 0, .ofs_y = 0},
    {.bitmap_index = 7718, .adv_w = 211, .box_w = 12, .box_h = 16, .ofs_x = 1, .ofs_y = 0},
    {.bitmap_index = 7814, .adv_w = 252, .box_w = 14, .box_h = 14, .ofs_x = 1, .ofs_y = 0},
    {.bitmap_index = 7912, .adv_w = 189, .box_w = 12, .box_h = 16, .ofs_x = 0, .ofs_y = 0},
    {.bitmap_index = 8008, .adv_w = 106, .box_w = 3, .box_h = 19, .ofs_x = 2, .ofs_y = -3},
    {.bitmap_index = 8037, .adv_w = 191, .box_w = 10, .box_h = 20, .ofs_x = 1, .ofs_y = -4},
    {.bitmap_index = 8137, .adv_w = 206, .box_w = 9, .box_h = 3, .ofs_x = 2, .ofs_y = 14},
    {.bitmap_index = 8151, .adv_w = 307, .box_w = 17, .box_h = 17, .ofs_x = 1, .ofs_y = 0},
    {.bitmap_index = 8296, .adv_w = 155, .box_w = 9, .box_h = 9, .ofs_x = 0, .ofs_y = 7},
    {.bitmap_index = 8337, .adv_w = 213, .box_w = 13, .box_h = 10, .ofs_x = 0, .ofs_y = 2},
    {.bitmap_index = 8402, .adv_w = 226, .box_w = 10, .box_h = 6, .ofs_x = 2, .ofs_y = 3},
    {.bitmap_index = 8432, .adv_w = 223, .box_w = 12, .box_h = 13, .ofs_x = 1, .ofs_y = 4},
    {.bitmap_index = 8510, .adv_w = 152, .box_w = 7, .box_h = 2, .ofs_x = 1, .ofs_y = 14},
    {.bitmap_index = 8517, .adv_w = 154, .box_w = 8, .box_h = 7, .ofs_x = 1, .ofs_y = 9},
    {.bitmap_index = 8545, .adv_w = 226, .box_w = 12, .box_h = 12, .ofs_x = 1, .ofs_y = 0},
    {.bitmap_index = 8617, .adv_w = 152, .box_w = 8, .box_h = 9, .ofs_x = 1, .ofs_y = 9},
    {.bitmap_index = 8653, .adv_w = 156, .box_w = 8, .box_h = 9, .ofs_x = 1, .ofs_y = 9},
    {.bitmap_index = 8689, .adv_w = 118, .box_w = 5, .box_h = 4, .ofs_x = 1, .ofs_y = 13},
    {.bitmap_index = 8699, .adv_w = 206, .box_w = 12, .box_h = 16, .ofs_x = 1, .ofs_y = -4},
    {.bitmap_index = 8795, .adv_w = 202, .box_w = 12, .box_h = 16, .ofs_x = 0, .ofs_y = 0},
    {.bitmap_index = 8891, .adv_w = 107, .box_w = 4, .box_h = 4, .ofs_x = 1, .ofs_y = 6},
    {.bitmap_index = 8899, .adv_w = 112, .box_w = 4, .box_h = 6, .ofs_x = 2, .ofs_y = -5},
    {.bitmap_index = 8911, .adv_w = 109, .box_w = 5, .box_h = 9, .ofs_x = 1, .ofs_y = 9},
    {.bitmap_index = 8934, .adv_w = 164, .box_w = 10, .box_h = 9, .ofs_x = 0, .ofs_y = 7},
    {.bitmap_index = 8979, .adv_w = 213, .box_w = 13, .box_h = 10, .ofs_x = 0, .ofs_y = 2},
    {.bitmap_index = 9044, .adv_w = 279, .box_w = 17, .box_h = 17, .ofs_x = 0, .ofs_y = -1},
    {.bitmap_index = 9189, .adv_w = 292, .box_w = 18, .box_h = 16, .ofs_x = 0, .ofs_y = 0},
    {.bitmap_index = 9333, .adv_w = 305, .box_w = 19, .box_h = 17, .ofs_x = 0, .ofs_y = -1},
    {.bitmap_index = 9495, .adv_w = 183, .box_w = 10, .box_h = 16, .ofs_x = 1, .ofs_y = -4},
    {.bitmap_index = 9575, .adv_w = 244, .box_w = 15, .box_h = 21, .ofs_x = 0, .ofs_y = 0},
    {.bitmap_index = 9733, .adv_w = 244, .box_w = 15, .box_h = 21, .ofs_x = 0, .ofs_y = 0},
    {.bitmap_index = 9891, .adv_w = 244, .box_w = 15, .box_h = 21, .ofs_x = 0, .ofs_y = 0},
    {.bitmap_index = 10049, .adv_w = 244, .box_w = 15, .box_h = 20, .ofs_x = 0, .ofs_y = 0},
    {.bitmap_index = 10199, .adv_w = 244, .box_w = 15, .box_h = 20, .ofs_x = 0, .ofs_y = 0},
    {.bitmap_index = 10349, .adv_w = 244, .box_w = 15, .box_h = 23, .ofs_x = 0, .ofs_y = 0},
    {.bitmap_index = 10522, .adv_w = 340, .box_w = 21, .box_h = 16, .ofs_x = 0, .ofs_y = 0},
    {.bitmap_index = 10690, .adv_w = 248, .box_w = 14, .box_h = 20, .ofs_x = 1, .ofs_y = -4},
    {.bitmap_index = 10830, .adv_w = 203, .box_w = 11, .box_h = 21, .ofs_x = 1, .ofs_y = 0},
    {.bitmap_index = 10946, .adv_w = 203, .box_w = 11, .box_h = 21, .ofs_x = 1, .ofs_y = 0},
    {.bitmap_index = 11062, .adv_w = 203, .box_w = 11, .box_h = 21, .ofs_x = 1, .ofs_y = 0},
    {.bitmap_index = 11178, .adv_w = 203, .box_w = 11, .box_h = 20, .ofs_x = 1, .ofs_y = 0},
    {.bitmap_index = 11288, .adv_w = 93, .box_w = 6, .box_h = 21, .ofs_x = -1, .ofs_y = 0},
    {.bitmap_index = 11351, .adv_w = 93, .box_w = 5, .box_h = 21, .ofs_x = 1, .ofs_y = 0},
    {.bitmap_index = 11404, .adv_w = 93, .box_w = 8, .box_h = 21, .ofs_x = -1, .ofs_y = 0},
    {.bitmap_index = 11488, .adv_w = 93, .box_w = 8, .box_h = 20, .ofs_x = -1, .ofs_y = 0},
    {.bitmap_index = 11568, .adv_w = 252, .box_w = 15, .box_h = 16, .ofs_x = 0, .ofs_y = 0},
    {.bitmap_index = 11688, .adv_w = 255, .box_w = 14, .box_h = 20, .ofs_x = 1, .ofs_y = 0},
    {.bitmap_index = 11828, .adv_w = 258, .box_w = 15, .box_h = 21, .ofs_x = 1, .ofs_y = 0},
    {.bitmap_index = 11986, .adv_w = 258, .box_w = 15, .box_h = 21, .ofs_x = 1, .ofs_y = 0},
    {.bitmap_index = 12144, .adv_w = 258, .box_w = 15, .box_h = 21, .ofs_x = 1, .ofs_y = 0},
    {.bitmap_index = 12302, .adv_w = 258, .box_w = 15, .box_h = 21, .ofs_x = 1, .ofs_y = 0},
    {.bitmap_index = 12460, .adv_w = 258, .box_w = 15, .box_h = 21, .ofs_x = 1, .ofs_y = 0},
    {.bitmap_index = 12618, .adv_w = 226, .box_w = 12, .box_h = 12, .ofs_x = 1, .ofs_y = 0},
    {.bitmap_index = 12690, .adv_w = 258, .box_w = 15, .box_h = 18, .ofs_x = 1, .ofs_y = -1},
    {.bitmap_index = 12825, .adv_w = 247, .box_w = 13, .box_h = 21, .ofs_x = 1, .ofs_y = 0},
    {.bitmap_index = 12962, .adv_w = 247, .box_w = 13, .box_h = 21, .ofs_x = 1, .ofs_y = 0},
    {.bitmap_index = 13099, .adv_w = 247, .box_w = 13, .box_h = 21, .ofs_x = 1, .ofs_y = 0},
    {.bitmap_index = 13236, .adv_w = 247, .box_w = 13, .box_h = 21, .ofs_x = 1, .ofs_y = 0},
    {.bitmap_index = 13373, .adv_w = 240, .box_w = 15, .box_h = 21, .ofs_x = 0, .ofs_y = 0},
    {.bitmap_index = 13531, .adv_w = 221, .box_w = 12, .box_h = 16, .ofs_x = 1, .ofs_y = 0},
    {.bitmap_index = 13627, .adv_w = 216, .box_w = 12, .box_h = 16, .ofs_x = 1, .ofs_y = 0},
    {.bitmap_index = 13723, .adv_w = 193, .box_w = 11, .box_h = 17, .ofs_x = 0, .ofs_y = 0},
    {.bitmap_index = 13817, .adv_w = 193, .box_w = 11, .box_h = 17, .ofs_x = 0, .ofs_y = 0},
    {.bitmap_index = 13911, .adv_w = 193, .box_w = 11, .box_h = 17, .ofs_x = 0, .ofs_y = 0},
    {.bitmap_index = 14005, .adv_w = 193, .box_w = 11, .box_h = 17, .ofs_x = 0, .ofs_y = 0},
    {.bitmap_index = 14099, .adv_w = 193, .box_w = 11, .box_h = 17, .ofs_x = 0, .ofs_y = 0},
    {.bitmap_index = 14193, .adv_w = 193, .box_w = 11, .box_h = 19, .ofs_x = 0, .ofs_y = 0},
    {.bitmap_index = 14298, .adv_w = 307, .box_w = 19, .box_h = 12, .ofs_x = 0, .ofs_y = 0},
    {.bitmap_index = 14412, .adv_w = 196, .box_w = 12, .box_h = 16, .ofs_x = 0, .ofs_y = -4},
    {.bitmap_index = 14508, .adv_w = 199, .box_w = 12, .box_h = 17, .ofs_x = 0, .ofs_y = 0},
    {.bitmap_index = 14610, .adv_w = 199, .box_w = 12, .box_h = 17, .ofs_x = 0, .ofs_y = 0},
    {.bitmap_index = 14712, .adv_w = 199, .box_w = 12, .box_h = 17, .ofs_x = 0, .ofs_y = 0},
    {.bitmap_index = 14814, .adv_w = 199, .box_w = 12, .box_h = 17, .ofs_x = 0, .ofs_y = 0},
    {.bitmap_index = 14916, .adv_w = 88, .box_w = 6, .box_h = 17, .ofs_x = -1, .ofs_y = 0},
    {.bitmap_index = 14967, .adv_w = 88, .box_w = 5, .box_h = 17, .ofs_x = 1, .ofs_y = 0},
    {.bitmap_index = 15010, .adv_w = 88, .box_w = 9, .box_h = 17, .ofs_x = -2, .ofs_y = 0},
    {.bitmap_index = 15087, .adv_w = 88, .box_w = 8, .box_h = 17, .ofs_x = -1, .ofs_y = 0},
    {.bitmap_index = 15155, .adv_w = 200, .box_w = 12, .box_h = 17, .ofs_x = 0, .ofs_y = 0},
    {.bitmap_index = 15257, .adv_w = 206, .box_w = 11, .box_h = 17, .ofs_x = 1, .ofs_y = 0},
    {.bitmap_index = 15351, .adv_w = 205, .box_w = 12, .box_h = 17, .ofs_x = 0, .ofs_y = 0},
    {.bitmap_index = 15453, .adv_w = 205, .box_w = 12, .box_h = 17, .ofs_x = 0, .ofs_y = 0},
    {.bitmap_index = 15555, .adv_w = 205, .box_w = 12, .box_h = 17, .ofs_x = 0, .ofs_y = 0},
    {.bitmap_index = 15657, .adv_w = 205, .box_w = 12, .box_h = 17, .ofs_x = 0, .ofs_y = 0},
    {.bitmap_index = 15759, .adv_w = 205, .box_w = 12, .box_h = 17, .ofs_x = 0, .ofs_y = 0},
    {.bitmap_index = 15861, .adv_w = 226, .box_w = 11, .box_h = 12, .ofs_x = 2, .ofs_y = 0},
    {.bitmap_index = 15927, .adv_w = 205, .box_w = 12, .box_h = 14, .ofs_x = 0, .ofs_y = -1},
    {.bitmap_index = 16011, .adv_w = 206, .box_w = 11, .box_h = 17, .ofs_x = 1, .ofs_y = 0},
    {.bitmap_index = 16105, .adv_w = 206, .box_w = 11, .box_h = 17, .ofs_x = 1, .ofs_y = 0},
    {.bitmap_index = 16199, .adv_w = 206, .box_w = 11, .box_h = 17, .ofs_x = 1, .ofs_y = 0},
    {.bitmap_index = 16293, .adv_w = 206, .box_w = 11, .box_h = 17, .ofs_x = 1, .ofs_y = 0},
    {.bitmap_index = 16387, .adv_w = 198, .box_w = 12, .box_h = 21, .ofs_x = 0, .ofs_y = -4},
    {.bitmap_index = 16513, .adv_w = 210, .box_w = 12, .box_h = 20, .ofs_x = 1, .ofs_y = -4},
    {.bitmap_index = 16633, .adv_w = 198, .box_w = 12, .box_h = 21, .ofs_x = 0, .ofs_y = -4},
    {.bitmap_index = 16759, .adv_w = 244, .box_w = 15, .box_h = 20, .ofs_x = 0, .ofs_y = 0},
    {.bitmap_index = 16909, .adv_w = 193, .box_w = 11, .box_h = 16, .ofs_x = 0, .ofs_y = 0},
    {.bitmap_index = 16997, .adv_w = 244, .box_w = 15, .box_h = 21, .ofs_x = 0, .ofs_y = 0},
    {.bitmap_index = 17155, .adv_w = 193, .box_w = 11, .box_h = 17, .ofs_x = 0, .ofs_y = 0},
    {.bitmap_index = 17249, .adv_w = 244, .box_w = 16, .box_h = 20, .ofs_x = 0, .ofs_y = -4},
    {.bitmap_index = 17409, .adv_w = 193, .box_w = 12, .box_h = 16, .ofs_x = 0, .ofs_y = -4},
    {.bitmap_index = 17505, .adv_w = 248, .box_w = 14, .box_h = 21, .ofs_x = 1, .ofs_y = 0},
    {.bitmap_index = 17652, .adv_w = 196, .box_w = 12, .box_h = 17, .ofs_x = 0, .ofs_y = 0},
    {.bitmap_index = 17754, .adv_w = 248, .box_w = 14, .box_h = 21, .ofs_x = 1, .ofs_y = 0},
    {.bitmap_index = 17901, .adv_w = 196, .box_w = 12, .box_h = 17, .ofs_x = 0, .ofs_y = 0},
    {.bitmap_index = 18003, .adv_w = 248, .box_w = 14, .box_h = 21, .ofs_x = 1, .ofs_y = 0},
    {.bitmap_index = 18150, .adv_w = 196, .box_w = 12, .box_h = 17, .ofs_x = 0, .ofs_y = 0},
    {.bitmap_index = 18252, .adv_w = 248, .box_w = 14, .box_h = 21, .ofs_x = 1, .ofs_y = 0},
    {.bitmap_index = 18399, .adv_w = 196, .box_w = 12, .box_h = 17, .ofs_x = 0, .ofs_y = 0},
    {.bitmap_index = 18501, .adv_w = 243, .box_w = 14, .box_h = 21, .ofs_x = 1, .ofs_y = 0},
    {.bitmap_index = 18648, .adv_w = 248, .box_w = 16, .box_h = 17, .ofs_x = 0, .ofs_y = 0},
    {.bitmap_index = 18784, .adv_w = 252, .box_w = 15, .box_h = 16, .ofs_x = 0, .ofs_y = 0},
    {.bitmap_index = 18904, .adv_w = 210, .box_w = 14, .box_h = 16, .ofs_x = 0, .ofs_y = 0},
    {.bitmap_index = 19016, .adv_w = 203, .box_w = 11, .box_h = 20, .ofs_x = 1, .ofs_y = 0},
    {.bitmap_index = 19126, .adv_w = 199, .box_w = 12, .box_h = 16, .ofs_x = 0, .ofs_y = 0},
    {.bitmap_index = 19222, .adv_w = 203, .box_w = 11, .box_h = 21, .ofs_x = 1, .ofs_y = 0},
    {.bitmap_index = 19338, .adv_w = 199, .box_w = 12, .box_h = 17, .ofs_x = 0, .ofs_y = 0},
    {.bitmap_index = 19440, .adv_w = 203, .box_w = 11, .box_h = 21, .ofs_x = 1, .ofs_y = 0},
    {.bitmap_index = 19556, .adv_w = 199, .box_w = 12, .box_h = 17, .ofs_x = 0, .ofs_y = 0},
    {.bitmap_index = 19658, .adv_w = 203, .box_w = 12, .box_h = 20, .ofs_x = 1, .ofs_y = -4},
    {.bitmap_index = 19778, .adv_w = 199, .box_w = 12, .box_h = 16, .ofs_x = 0, .ofs_y = -4},
    {.bitmap_index = 19874, .adv_w = 203, .box_w = 11, .box_h = 21, .ofs_x = 1, .ofs_y = 0},
    {.bitmap_index = 19990, .adv_w = 199, .box_w = 12, .box_h = 17, .ofs_x = 0, .ofs_y = 0},
    {.bitmap_index = 20092, .adv_w = 252, .box_w = 14, .box_h = 21, .ofs_x = 1, .ofs_y = 0},
    {.bitmap_index = 20239, .adv_w = 210, .box_w = 12, .box_h = 22, .ofs_x = 0, .ofs_y = -4},
    {.bitmap_index = 20371, .adv_w = 252, .box_w = 14, .box_h = 21, .ofs_x = 1, .ofs_y = 0},
    {.bitmap_index = 20518, .adv_w = 210, .box_w = 12, .box_h = 22, .ofs_x = 0, .ofs_y = -4},
    {.bitmap_index = 20650, .adv_w = 252, .box_w = 14, .box_h = 21, .ofs_x = 1, .ofs_y = 0},
    {.bitmap_index = 20797, .adv_w = 210, .box_w = 12, .box_h = 21, .ofs_x = 0, .ofs_y = -4},
    {.bitmap_index = 20923, .adv_w = 252, .box_w = 14, .box_h = 21, .ofs_x = 1, .ofs_y = -5},
    {.bitmap_index = 21070, .adv_w = 210, .box_w = 12, .box_h = 23, .ofs_x = 0, .ofs_y = -4},
    {.bitmap_index = 21208, .adv_w = 251, .box_w = 14, .box_h = 21, .ofs_x = 1, .ofs_y = 0},
    {.bitmap_index = 21355, .adv_w = 206, .box_w = 14, .box_h = 21, .ofs_x = -2, .ofs_y = 0},
    {.bitmap_index = 21502, .adv_w = 268, .box_w = 16, .box_h = 16, .ofs_x = 0, .ofs_y = 0},
    {.bitmap_index = 21630, .adv_w = 206, .box_w = 13, .box_h = 16, .ofs_x = -1, .ofs_y = 0},
    {.bitmap_index = 21734, .adv_w = 93, .box_w = 8, .box_h = 20, .ofs_x = -1, .ofs_y = 0},
    {.bitmap_index = 21814, .adv_w = 88, .box_w = 8, .box_h = 17, .ofs_x = -1, .ofs_y = 0},
    {.bitmap_index = 21882, .adv_w = 93, .box_w = 7, .box_h = 20, .ofs_x = -1, .ofs_y = 0},
    {.bitmap_index = 21952, .adv_w = 88, .box_w = 7, .box_h = 16, .ofs_x = -1, .ofs_y = 0},
    {.bitmap_index = 22008, .adv_w = 93, .box_w = 8, .box_h = 21, .ofs_x = -1, .ofs_y = 0},
    {.bitmap_index = 22092, .adv_w = 88, .box_w = 8, .box_h = 17, .ofs_x = -1, .ofs_y = 0},
    {.bitmap_index = 22160, .adv_w = 93, .box_w = 5, .box_h = 20, .ofs_x = 0, .ofs_y = -4},
    {.bitmap_index = 22210, .adv_w = 88, .box_w = 6, .box_h = 21, .ofs_x = -1, .ofs_y = -4},
    {.bitmap_index = 22273, .adv_w = 93, .box_w = 4, .box_h = 21, .ofs_x = 1, .ofs_y = 0},
    {.bitmap_index = 22315, .adv_w = 88, .box_w = 4, .box_h = 12, .ofs_x = 1, .ofs_y = 0},
    {.bitmap_index = 22339, .adv_w = 288, .box_w = 16, .box_h = 16, .ofs_x = 1, .ofs_y = 0},
    {.bitmap_index = 22467, .adv_w = 176, .box_w = 9, .box_h = 21, .ofs_x = 1, .ofs_y = -4},
    {.bitmap_index = 22562, .adv_w = 195, .box_w = 14, .box_h = 21, .ofs_x = 0, .ofs_y = 0},
    {.bitmap_index = 22709, .adv_w = 88, .box_w = 9, .box_h = 21, .ofs_x = -2, .ofs_y = -4},
    {.bitmap_index = 22804, .adv_w = 236, .box_w = 14, .box_h = 21, .ofs_x = 1, .ofs_y = -5},
    {.bitmap_index = 22951, .adv_w = 191, .box_w = 11, .box_h = 21, .ofs_x = 1, .ofs_y = -5},
    {.bitmap_index = 23067, .adv_w = 190, .box_w = 11, .box_h = 12, .ofs_x = 1, .ofs_y = 0},
    {.bitmap_index = 23133, .adv_w = 190, .box_w = 11, .box_h = 21, .ofs_x = 1, .ofs_y = 0},
    {.bitmap_index = 23249, .adv_w = 88, .box_w = 5, .box_h = 21, .ofs_x = 1, .ofs_y = 0},
    {.bitmap_index = 23302, .adv_w = 190, .box_w = 11, .box_h = 21, .ofs_x = 1, .ofs_y = -5},
    {.bitmap_index = 23418, .adv_w = 88, .box_w = 5, .box_h = 21, .ofs_x = 0, .ofs_y = -5},
    {.bitmap_index = 23471, .adv_w = 190, .box_w = 11, .box_h = 17, .ofs_x = 1, .ofs_y = 0},
    {.bitmap_index = 23565, .adv_w = 127, .box_w = 7, .box_h = 17, .ofs_x = 1, .ofs_y = 0},
    {.bitmap_index = 23625, .adv_w = 192, .box_w = 11, .box_h = 16, .ofs_x = 1, .ofs_y = 0},
    {.bitmap_index = 23713, .adv_w = 141, .box_w = 8, .box_h = 16, .ofs_x = 1, .ofs_y = 0},
    {.bitmap_index = 23777, .adv_w = 202, .box_w = 12, .box_h = 16, .ofs_x = 0, .ofs_y = 0},
    {.bitmap_index = 23873, .adv_w = 88, .box_w = 7, .box_h = 16, .ofs_x = -1, .ofs_y = 0},
    {.bitmap_index = 23929, .adv_w = 255, .box_w = 14, .box_h = 21, .ofs_x = 1, .ofs_y = 0},
    {.bitmap_index = 24076, .adv_w = 206, .box_w = 11, .box_h = 17, .ofs_x = 1, .ofs_y = 0},
    {.bitmap_index = 24170, .adv_w = 255, .box_w = 14, .box_h = 21, .ofs_x = 1, .ofs_y = -5},
    {.bitmap_index = 24317, .adv_w = 206, .box_w = 11, .box_h = 17, .ofs_x = 1, .ofs_y = -5},
    {.bitmap_index = 24411, .adv_w = 255, .box_w = 14, .box_h = 21, .ofs_x = 1, .ofs_y = 0},
    {.bitmap_index = 24558, .adv_w = 206, .box_w = 11, .box_h = 17, .ofs_x = 1, .ofs_y = 0},
    {.bitmap_index = 24652, .adv_w = 255, .box_w = 14, .box_h = 20, .ofs_x = 1, .ofs_y = -4},
    {.bitmap_index = 24792, .adv_w = 206, .box_w = 11, .box_h = 16, .ofs_x = 1, .ofs_y = -4},
    {.bitmap_index = 24880, .adv_w = 258, .box_w = 15, .box_h = 20, .ofs_x = 1, .ofs_y = 0},
    {.bitmap_index = 25030, .adv_w = 205, .box_w = 12, .box_h = 16, .ofs_x = 0, .ofs_y = 0},
    {.bitmap_index = 25126, .adv_w = 258, .box_w = 15, .box_h = 21, .ofs_x = 1, .ofs_y = 0},
    {.bitmap_index = 25284, .adv_w = 205, .box_w = 12, .box_h = 17, .ofs_x = 0, .ofs_y = 0},
    {.bitmap_index = 25386, .adv_w = 258, .box_w = 15, .box_h = 21, .ofs_x = 1, .ofs_y = 0},
    {.bitmap_index = 25544, .adv_w = 205, .box_w = 12, .box_h = 17, .ofs_x = 0, .ofs_y = 0},
    {.bitmap_index = 25646, .adv_w = 341, .box_w = 20, .box_h = 16, .ofs_x = 1, .ofs_y = 0},
    {.bitmap_index = 25806, .adv_w = 333, .box_w = 20, .box_h = 12, .ofs_x = 0, .ofs_y = 0},
    {.bitmap_index = 25926, .adv_w = 219, .box_w = 13, .box_h = 21, .ofs_x = 1, .ofs_y = 0},
    {.bitmap_index = 26063, .adv_w = 133, .box_w = 7, .box_h = 17, .ofs_x = 1, .ofs_y = 0},
    {.bitmap_index = 26123, .adv_w = 219, .box_w = 13, .box_h = 21, .ofs_x = 1, .ofs_y = -5},
    {.bitmap_index = 26260, .adv_w = 133, .box_w = 8, .box_h = 18, .ofs_x = 0, .ofs_y = -5},
    {.bitmap_index = 26332, .adv_w = 219, .box_w = 13, .box_h = 21, .ofs_x = 1, .ofs_y = 0},
    {.bitmap_index = 26469, .adv_w = 133, .box_w = 9, .box_h = 17, .ofs_x = 0, .ofs_y = 0},
    {.bitmap_index = 26546, .adv_w = 219, .box_w = 13, .box_h = 21, .ofs_x = 0, .ofs_y = 0},
    {.bitmap_index = 26683, .adv_w = 185, .box_w = 11, .box_h = 17, .ofs_x = 0, .ofs_y = 0},
    {.bitmap_index = 26777, .adv_w = 219, .box_w = 13, .box_h = 21, .ofs_x = 0, .ofs_y = 0},
    {.bitmap_index = 26914, .adv_w = 185, .box_w = 11, .box_h = 17, .ofs_x = 0, .ofs_y = 0},
    {.bitmap_index = 27008, .adv_w = 219, .box_w = 13, .box_h = 20, .ofs_x = 0, .ofs_y = -4},
    {.bitmap_index = 27138, .adv_w = 185, .box_w = 11, .box_h = 16, .ofs_x = 0, .ofs_y = -4},
    {.bitmap_index = 27226, .adv_w = 219, .box_w = 13, .box_h = 21, .ofs_x = 0, .ofs_y = 0},
    {.bitmap_index = 27363, .adv_w = 185, .box_w = 11, .box_h = 17, .ofs_x = 0, .ofs_y = 0},
    {.bitmap_index = 27457, .adv_w = 222, .box_w = 14, .box_h = 20, .ofs_x = 0, .ofs_y = -4},
    {.bitmap_index = 27597, .adv_w = 119, .box_w = 8, .box_h = 19, .ofs_x = 0, .ofs_y = -4},
    {.bitmap_index = 27673, .adv_w = 222, .box_w = 14, .box_h = 21, .ofs_x = 0, .ofs_y = 0},
    {.bitmap_index = 27820, .adv_w = 141, .box_w = 8, .box_h = 18, .ofs_x = 0, .ofs_y = 0},
    {.bitmap_index = 27892, .adv_w = 222, .box_w = 14, .box_h = 16, .ofs_x = 0, .ofs_y = 0},
    {.bitmap_index = 28004, .adv_w = 119, .box_w = 8, .box_h = 15, .ofs_x = 0, .ofs_y = 0},
    {.bitmap_index = 28064, .adv_w = 247, .box_w = 13, .box_h = 21, .ofs_x = 1, .ofs_y = 0},
    {.bitmap_index = 28201, .adv_w = 206, .box_w = 11, .box_h = 17, .ofs_x = 1, .ofs_y = 0},
    {.bitmap_index = 28295, .adv_w = 247, .box_w = 13, .box_h = 20, .ofs_x = 1, .ofs_y = 0},
    {.bitmap_index = 28425, .adv_w = 206, .box_w = 11, .box_h = 16, .ofs_x = 1, .ofs_y = 0},
    {.bitmap_index = 28513, .adv_w = 247, .box_w = 13, .box_h = 21, .ofs_x = 1, .ofs_y = 0},
    {.bitmap_index = 28650, .adv_w = 206, .box_w = 11, .box_h = 17, .ofs_x = 1, .ofs_y = 0},
    {.bitmap_index = 28744, .adv_w = 247, .box_w = 13, .box_h = 23, .ofs_x = 1, .ofs_y = 0},
    {.bitmap_index = 28894, .adv_w = 206, .box_w = 11, .box_h = 19, .ofs_x = 1, .ofs_y = 0},
    {.bitmap_index = 28999, .adv_w = 247, .box_w = 13, .box_h = 21, .ofs_x = 1, .ofs_y = 0},
    {.bitmap_index = 29136, .adv_w = 206, .box_w = 11, .box_h = 17, .ofs_x = 1, .ofs_y = 0},
    {.bitmap_index = 29230, .adv_w = 247, .box_w = 13, .box_h = 20, .ofs_x = 1, .ofs_y = -4},
    {.bitmap_index = 29360, .adv_w = 206, .box_w = 12, .box_h = 16, .ofs_x = 1, .ofs_y = -4},
    {.bitmap_index = 29456, .adv_w = 343, .box_w = 21, .box_h = 21, .ofs_x = 0, .ofs_y = 0},
    {.bitmap_index = 29677, .adv_w = 282, .box_w = 18, .box_h = 17, .ofs_x = 0, .ofs_y = 0},
    {.bitmap_index = 29830, .adv_w = 240, .box_w = 15, .box_h = 21, .ofs_x = 0, .ofs_y = 0},
    {.bitmap_index = 29988, .adv_w = 198, .box_w = 12, .box_h = 21, .ofs_x = 0, .ofs_y = -4},
    {.bitmap_index = 30114, .adv_w = 240, .box_w = 15, .box_h = 20, .ofs_x = 0, .ofs_y = 0},
    {.bitmap_index = 30264, .adv_w = 219, .box_w = 12, .box_h = 21, .ofs_x = 1, .ofs_y = 0},
    {.bitmap_index = 30390, .adv_w = 190, .box_w = 10, .box_h = 17, .ofs_x = 1, .ofs_y = 0},
    {.bitmap_index = 30475, .adv_w = 219, .box_w = 12, .box_h = 21, .ofs_x = 1, .ofs_y = 0},
    {.bitmap_index = 30601, .adv_w = 190, .box_w = 10, .box_h = 17, .ofs_x = 1, .ofs_y = 0},
    {.bitmap_index = 30686, .adv_w = 219, .box_w = 12, .box_h = 21, .ofs_x = 1, .ofs_y = 0},
    {.bitmap_index = 30812, .adv_w = 190, .box_w = 10, .box_h = 17, .ofs_x = 1, .ofs_y = 0},
    {.bitmap_index = 30897, .adv_w = 112, .box_w = 7, .box_h = 17, .ofs_x = 1, .ofs_y = 0},
    {.bitmap_index = 30957, .adv_w = 189, .box_w = 0, .box_h = 0, .ofs_x = 0, .ofs_y = 0},
    {.bitmap_index = 30957, .adv_w = 375, .box_w = 0, .box_h = 0, .ofs_x = 0, .ofs_y = 0},
    {.bitmap_index = 30957, .adv_w = 168, .box_w = 0, .box_h = 0, .ofs_x = 0, .ofs_y = 0},
    {.bitmap_index = 30957, .adv_w = 336, .box_w = 0, .box_h = 0, .ofs_x = 0, .ofs_y = 0},
    {.bitmap_index = 30957, .adv_w = 112, .box_w = 0, .box_h = 0, .ofs_x = 0, .ofs_y = 0},
    {.bitmap_index = 30957, .adv_w = 84, .box_w = 0, .box_h = 0, .ofs_x = 0, .ofs_y = 0},
    {.bitmap_index = 30957, .adv_w = 56, .box_w = 0, .box_h = 0, .ofs_x = 0, .ofs_y = 0},
    {.bitmap_index = 30957, .adv_w = 217, .box_w = 0, .box_h = 0, .ofs_x = 0, .ofs_y = 0},
    {.bitmap_index = 30957, .adv_w = 107, .box_w = 0, .box_h = 0, .ofs_x = 0, .ofs_y = 0},
    {.bitmap_index = 30957, .adv_w = 56, .box_w = 0, .box_h = 0, .ofs_x = 0, .ofs_y = 0},
    {.bitmap_index = 30957, .adv_w = 28, .box_w = 0, .box_h = 0, .ofs_x = 0, .ofs_y = 0},
    {.bitmap_index = 30957, .adv_w = 0, .box_w = 0, .box_h = 0, .ofs_x = 0, .ofs_y = 0},
    {.bitmap_index = 30957, .adv_w = 142, .box_w = 7, .box_h = 3, .ofs_x = 1, .ofs_y = 5},
    {.bitmap_index = 30968, .adv_w = 142, .box_w = 7, .box_h = 3, .ofs_x = 1, .ofs_y = 5},
    {.bitmap_index = 30979, .adv_w = 217, .box_w = 13, .box_h = 3, .ofs_x = 0, .ofs_y = 6},
    {.bitmap_index = 30999, .adv_w = 168, .box_w = 11, .box_h = 3, .ofs_x = 0, .ofs_y = 5},
    {.bitmap_index = 31016, .adv_w = 336, .box_w = 21, .box_h = 3, .ofs_x = 0, .ofs_y = 5},
    {.bitmap_index = 31048, .adv_w = 336, .box_w = 21, .box_h = 3, .ofs_x = 0, .ofs_y = 5},
    {.bitmap_index = 31080, .adv_w = 180, .box_w = 7, .box_h = 26, .ofs_x = 2, .ofs_y = -5},
    {.bitmap_index = 31171, .adv_w = 157, .box_w = 10, .box_h = 5, .ofs_x = 0, .ofs_y = -4},
    {.bitmap_index = 31196, .adv_w = 99, .box_w = 5, .box_h = 7, .ofs_x = 1, .ofs_y = 9},
    {.bitmap_index = 31214, .adv_w = 99, .box_w = 5, .box_h = 7, .ofs_x = 1, .ofs_y = 9},
    {.bitmap_index = 31232, .adv_w = 92, .box_w = 4, .box_h = 7, .ofs_x = 1, .ofs_y = -4},
    {.bitmap_index = 31246, .adv_w = 99, .box_w = 5, .box_h = 7, .ofs_x = 0, .ofs_y = 9},
    {.bitmap_index = 31264, .adv_w = 170, .box_w = 9, .box_h = 7, .ofs_x = 1, .ofs_y = 9},
    {.bitmap_index = 31296, .adv_w = 168, .box_w = 9, .box_h = 7, .ofs_x = 1, .ofs_y = 9},
    {.bitmap_index = 31328, .adv_w = 161, .box_w = 9, .box_h = 7, .ofs_x = 1, .ofs_y = -4},
    {.bitmap_index = 31360, .adv_w = 168, .box_w = 9, .box_h = 7, .ofs_x = 0, .ofs_y = 9},
    {.bitmap_index = 31392, .adv_w = 186, .box_w = 10, .box_h = 12, .ofs_x = 1, .ofs_y = 4},
    {.bitmap_index = 31452, .adv_w = 186, .box_w = 10, .box_h = 16, .ofs_x = 1, .ofs_y = 0},
    {.bitmap_index = 31532, .adv_w = 169, .box_w = 7, .box_h = 7, .ofs_x = 2, .ofs_y = 3},
    {.bitmap_index = 31557, .adv_w = 169, .box_w = 7, .box_h = 8, .ofs_x = 2, .ofs_y = 2},
    {.bitmap_index = 31585, .adv_w = 107, .box_w = 4, .box_h = 4, .ofs_x = 1, .ofs_y = 0},
    {.bitmap_index = 31593, .adv_w = 214, .box_w = 11, .box_h = 4, .ofs_x = 1, .ofs_y = 0},
    {.bitmap_index = 31615, .adv_w = 321, .box_w = 18, .box_h = 4, .ofs_x = 1, .ofs_y = 0},
    {.bitmap_index = 31651, .adv_w = 107, .box_w = 4, .box_h = 4, .ofs_x = 1, .ofs_y = 6},
    {.bitmap_index = 31659, .adv_w = 56, .box_w = 0, .box_h = 0, .ofs_x = 0, .ofs_y = 0},
    {.bitmap_index = 31659, .adv_w = 461, .box_w = 25, .box_h = 16, .ofs_x = 2, .ofs_y = 0},
    {.bitmap_index = 31859, .adv_w = 584, .box_w = 33, .box_h = 16, .ofs_x = 2, .ofs_y = 0},
    {.bitmap_index = 32123, .adv_w = 86, .box_w = 4, .box_h = 6, .ofs_x = 1, .ofs_y = 10},
    {.bitmap_index = 32135, .adv_w = 172, .box_w = 9, .box_h = 6, .ofs_x = 1, .ofs_y = 10},
    {.bitmap_index = 32162, .adv_w = 258, .box_w = 14, .box_h = 6, .ofs_x = 1, .ofs_y = 10},
    {.bitmap_index = 32204, .adv_w = 86, .box_w = 4, .box_h = 6, .ofs_x = 1, .ofs_y = 10},
    {.bitmap_index = 32216, .adv_w = 172, .box_w = 9, .box_h = 6, .ofs_x = 1, .ofs_y = 10},
    {.bitmap_index = 32243, .adv_w = 258, .box_w = 14, .box_h = 6, .ofs_x = 1, .ofs_y = 10},
    {.bitmap_index = 32285, .adv_w = 174, .box_w = 9, .box_h = 5, .ofs_x = 1, .ofs_y = -6},
    {.bitmap_index = 32308, .adv_w = 140, .box_w = 8, .box_h = 10, .ofs_x = 0, .ofs_y = 2},
    {.bitmap_index = 32348, .adv_w = 140, .box_w = 8, .box_h = 10, .ofs_x = 0, .ofs_y = 2},
    {.bitmap_index = 32388, .adv_w = 253, .box_w = 14, .box_h = 13, .ofs_x = 1, .ofs_y = 1},
    {.bitmap_index = 32479, .adv_w = 216, .box_w = 11, .box_h = 16, .ofs_x = 1, .ofs_y = 0},
    {.bitmap_index = 32567, .adv_w = 182, .box_w = 11, .box_h = 16, .ofs_x = 0, .ofs_y = 0},
    {.bitmap_index = 32655, .adv_w = 172, .box_w = 11, .box_h = 3, .ofs_x = 0, .ofs_y = 16},
    {.bitmap_index = 32672, .adv_w = 282, .box_w = 18, .box_h = 4, .ofs_x = 0, .ofs_y = -5},
    {.bitmap_index = 32708, .adv_w = 282, .box_w = 18, .box_h = 4, .ofs_x = 0, .ofs_y = 13},
    {.bitmap_index = 32744, .adv_w = 158, .box_w = 9, .box_h = 13, .ofs_x = 0, .ofs_y = -6},
    {.bitmap_index = 32803, .adv_w = 252, .box_w = 14, .box_h = 14, .ofs_x = 1, .ofs_y = 1},
    {.bitmap_index = 32901, .adv_w = 169, .box_w = 7, .box_h = 3, .ofs_x = 2, .ofs_y = 5},
    {.bitmap_index = 32912, .adv_w = 69, .box_w = 14, .box_h = 16, .ofs_x = -5, .ofs_y = 0},
    {.bitmap_index = 33024, .adv_w = 125, .box_w = 5, .box_h = 20, .ofs_x = 2, .ofs_y = -3},
    {.bitmap_index = 33074, .adv_w = 125, .box_w = 5, .box_h = 20, .ofs_x = 1, .ofs_y = -3},
    {.bitmap_index = 33124, .adv_w = 365, .box_w = 22, .box_h = 16, .ofs_x = 0, .ofs_y = 0},
    {.bitmap_index = 33300, .adv_w = 291, .box_w = 17, .box_h = 16, .ofs_x = 0, .ofs_y = 0},
    {.bitmap_index = 33436, .adv_w = 291, .box_w = 17, .box_h = 16, .ofs_x = 1, .ofs_y = 0},
    {.bitmap_index = 33572, .adv_w = 154, .box_w = 9, .box_h = 16, .ofs_x = 0, .ofs_y = -4},
    {.bitmap_index = 33644, .adv_w = 202, .box_w = 11, .box_h = 16, .ofs_x = 1, .ofs_y = 0},
    {.bitmap_index = 33732, .adv_w = 203, .box_w = 11, .box_h = 9, .ofs_x = 1, .ofs_y = 2},
    {.bitmap_index = 33782, .adv_w = 203, .box_w = 11, .box_h = 9, .ofs_x = 1, .ofs_y = 2},
    {.bitmap_index = 33832, .adv_w = 181, .box_w = 9, .box_h = 9, .ofs_x = 1, .ofs_y = -1},
    {.bitmap_index = 33873, .adv_w = 111, .box_w = 5, .box_h = 16, .ofs_x = 1, .ofs_y = -4},
    {.bitmap_index = 33913, .adv_w = 281, .box_w = 17, .box_h = 22, .ofs_x = 0, .ofs_y = -5},
    {.bitmap_index = 34100, .adv_w = 189, .box_w = 9, .box_h = 20, .ofs_x = 2, .ofs_y = -4},
    {.bitmap_index = 34190, .adv_w = 267, .box_w = 15, .box_h = 16, .ofs_x = 1, .ofs_y = 0},
    {.bitmap_index = 34310, .adv_w = 252, .box_w = 14, .box_h = 5, .ofs_x = 1, .ofs_y = 5},
    {.bitmap_index = 34345, .adv_w = 282, .box_w = 18, .box_h = 5, .ofs_x = 0, .ofs_y = -6},
    {.bitmap_index = 34390, .adv_w = 222, .box_w = 12, .box_h = 11, .ofs_x = 1, .ofs_y = 0},
    {.bitmap_index = 34456, .adv_w = 344, .box_w = 20, .box_h = 6, .ofs_x = 1, .ofs_y = 10},
    {.bitmap_index = 34516, .adv_w = 98, .box_w = 0, .box_h = 0, .ofs_x = 0, .ofs_y = 0}
};

/*---------------------
 *  CHARACTER MAPPING
 *--------------------*/

static const uint16_t unicode_list_7[] = {
    0x00, 0x08
};

/*Collect the unicode lists and glyph_id offsets*/
static const lv_font_fmt_txt_cmap_t cmaps[] =
{
    {
        .range_start = 32, .range_length = 95, .glyph_id_start = 1,
        .unicode_list = NULL, .glyph_id_ofs_list = NULL, .list_length = 0, .type = LV_FONT_FMT_TXT_CMAP_FORMAT0_TINY
    },
    {
        .range_start = 160, .range_length = 13, .glyph_id_start = 96,
        .unicode_list = NULL, .glyph_id_ofs_list = NULL, .list_length = 0, .type = LV_FONT_FMT_TXT_CMAP_FORMAT0_TINY
    },
    {
        .range_start = 174, .range_length = 155, .glyph_id_start = 109,
        .unicode_list = NULL, .glyph_id_ofs_list = NULL, .list_length = 0, .type = LV_FONT_FMT_TXT_CMAP_FORMAT0_TINY
    },
    {
        .range_start = 330, .range_length = 54, .glyph_id_start = 264,
        .unicode_list = NULL, .glyph_id_ofs_list = NULL, .list_length = 0, .type = LV_FONT_FMT_TXT_CMAP_FORMAT0_TINY
    },
    {
        .range_start = 8192, .range_length = 12, .glyph_id_start = 318,
        .unicode_list = NULL, .glyph_id_ofs_list = NULL, .list_length = 0, .type = LV_FONT_FMT_TXT_CMAP_FORMAT0_TINY
    },
    {
        .range_start = 8208, .range_length = 24, .glyph_id_start = 330,
        .unicode_list = NULL, .glyph_id_ofs_list = NULL, .list_length = 0, .type = LV_FONT_FMT_TXT_CMAP_FORMAT0_TINY
    },
    {
        .range_start = 8239, .range_length = 39, .glyph_id_start = 354,
        .unicode_list = NULL, .glyph_id_ofs_list = NULL, .list_length = 0, .type = LV_FONT_FMT_TXT_CMAP_FORMAT0_TINY
    },
    {
        .range_start = 8279, .range_length = 9, .glyph_id_start = 393,
        .unicode_list = unicode_list_7, .glyph_id_ofs_list = NULL, .list_length = 2, .type = LV_FONT_FMT_TXT_CMAP_SPARSE_TINY
    }
};

/*-----------------
 *    KERNING
 *----------------*/

/*Map glyph_ids to kern left classes*/
static const uint8_t kern_left_class_mapping[] =
{
    0, 0, 0, 1, 0, 0, 2, 3,
    1, 4, 5, 6, 7, 8, 7, 8,
    9, 10, 11, 12, 13, 14, 15, 16,
    17, 13, 10, 18, 18, 0, 19, 20,
    0, 21, 0, 0, 0, 0, 0, 0,
    0, 0, 0, 0, 0, 0, 0, 0,
    0, 0, 0, 0, 0, 0, 0, 0,
    0, 0, 0, 0, 4, 22, 5, 6,
    23, 0, 0, 0, 0, 0, 0, 0,
    0, 0, 0, 0, 0, 0, 0, 0,
    0, 0, 0, 0, 0, 0, 0, 0,
    0, 0, 0, 0, 4, 11, 5, 7,
    0, 24, 25, 0, 0, 0, 0, 0,
    0, 21, 0, 0, 0, 26, 0, 6,
    19, 0, 0, 0, 27, 11, 28, 0,
    0, 0, 29, 0, 0, 0, 30, 0,
    0, 0, 0, 0, 0, 0, 0, 0,
    0, 0, 0, 0, 0, 0, 0, 0,
    0, 0, 0, 0, 0, 0, 31, 0,
    0, 0, 0, 0, 0, 0, 0, 0,
    0, 0, 0, 0, 0, 0, 0, 0,
    0, 0, 0, 0, 0, 0, 0, 0,
    0, 0, 0, 0, 0, 0, 7, 0,
    0, 0, 0, 0, 0, 0, 0, 0,
    0, 0, 0, 0, 0, 0, 0, 0,
    0, 0, 0, 0, 0, 0, 0, 0,
    0, 0, 0, 0, 0, 0, 0, 0,
    0, 0, 0, 0, 0, 0, 0, 0,
    0, 0, 0, 0, 0, 0, 0, 0,
    0, 0, 0, 0, 0, 0, 0, 0,
    0, 0, 0, 0, 0, 0, 0, 0,
    0, 0, 0, 0, 0, 0, 0, 0,
    0, 0, 0, 0, 0, 0, 0, 0,
    0, 0, 0, 0, 0, 0, 0, 0,
    0, 0, 0, 0, 0, 0, 0, 0,
    0, 0, 0, 0, 0, 0, 0, 0,
    0, 0, 0, 0, 0, 0, 0, 0,
    0, 0, 0, 0, 0, 0, 0, 0,
    0, 0, 0, 0, 0, 0, 0, 0,
    0, 0, 0, 0, 0, 0, 0, 0,
    0, 0, 0, 0, 0, 0, 0, 0,
    0, 0, 0, 0, 0, 0, 0, 0,
    0, 0, 32, 33, 34, 0, 32, 33,
    34, 0, 35, 35, 31, 31, 0, 0,
    36, 0, 0, 0, 0, 0, 0, 33,
    0, 0, 0, 0, 0, 29, 0, 0,
    0, 0, 0, 0, 0, 0, 31, 0,
    0, 0, 0, 0, 0, 0, 37, 38,
    31, 0, 18, 0, 0, 0, 0, 0,
    0, 0, 0
};

/*Map glyph_ids to kern right classes*/
static const uint8_t kern_right_class_mapping[] =
{
    0, 1, 2, 3, 4, 5, 0, 6,
    3, 0, 7, 8, 9, 10, 9, 11,
    12, 13, 14, 15, 16, 17, 18, 13,
    19, 20, 21, 22, 22, 23, 24, 0,
    25, 26, 0, 0, 0, 0, 0, 0,
    0, 0, 0, 0, 0, 0, 0, 0,
    0, 0, 0, 0, 0, 0, 0, 0,
    0, 0, 0, 0, 0, 27, 7, 8,
    28, 0, 0, 0, 0, 0, 0, 0,
    0, 0, 0, 0, 0, 0, 0, 0,
    0, 0, 0, 0, 0, 0, 0, 0,
    0, 0, 0, 0, 0, 29, 7, 30,
    0, 0, 31, 0, 0, 0, 0, 0,
    0, 26, 0, 32, 33, 34, 0, 8,
    24, 0, 0, 0, 35, 36, 9, 0,
    0, 0, 37, 0, 0, 0, 38, 0,
    0, 0, 0, 0, 0, 0, 0, 0,
    0, 0, 0, 0, 0, 0, 0, 0,
    0, 0, 0, 0, 0, 0, 37, 0,
    0, 0, 0, 0, 0, 0, 0, 0,
    0, 0, 0, 0, 0, 0, 0, 0,
    0, 0, 0, 0, 0, 0, 0, 0,
    0, 0, 0, 0, 0, 0, 9, 0,
    0, 0, 0, 0, 0, 0, 0, 0,
    0, 0, 0, 0, 0, 0, 0, 0,
    0, 0, 0, 0, 0, 0, 0, 0,
    0, 0, 0, 0, 0, 0, 0, 0,
    0, 0, 0, 0, 0, 0, 0, 0,
    0, 0, 0, 0, 0, 0, 0, 0,
    0, 0, 0, 0, 0, 0, 0, 0,
    0, 0, 0, 0, 0, 0, 0, 0,
    0, 0, 0, 0, 0, 0, 0, 0,
    0, 0, 0, 0, 0, 0, 0, 0,
    0, 0, 0, 0, 0, 0, 0, 0,
    0, 0, 0, 0, 0, 0, 0, 0,
    0, 0, 0, 0, 0, 0, 0, 0,
    0, 0, 0, 0, 0, 0, 0, 0,
    0, 0, 0, 0, 0, 0, 0, 0,
    0, 0, 0, 0, 0, 0, 0, 0,
    0, 0, 0, 0, 0, 0, 0, 0,
    0, 0, 0, 0, 0, 0, 0, 0,
    0, 0, 0, 0, 0, 0, 0, 0,
    0, 0, 39, 40, 41, 42, 39, 40,
    41, 43, 44, 44, 37, 37, 0, 0,
    45, 0, 0, 0, 0, 0, 0, 40,
    0, 0, 0, 0, 32, 37, 0, 0,
    25, 0, 0, 0, 0, 0, 37, 5,
    0, 0, 0, 0, 0, 46, 29, 37,
    47, 0, 22, 0, 0, 0, 0, 0,
    0, 0, 0
};

/*Kern values between classes*/
static const int8_t kern_class_values[] =
{
    0, 0, 0, 0, 0, -11, 0, 0,
    0, -29, -29, 0, 0, 0, 0, 0,
    -21, 0, 0, 0, 0, 0, 0, 0,
    0, 0, 0, 0, 0, 0, -6, 0,
    0, 0, 0, 0, 0, 0, 0, 0,
    0, 0, 0, 0, -29, 0, 0, 0,
    0, 0, 0, 0, 0, 0, 0, 0,
    0, 0, 0, 0, 0, 0, 0, 0,
    0, 0, 0, 0, 0, 0, 0, 0,
    0, 0, 0, 0, 0, 0, 0, 0,
    0, 0, 0, 0, 0, -21, -23, 0,
    0, 0, 0, 0, 0, 0, 0, 0,
    -11, 0, 0, 0, 0, 0, 0, 0,
    0, 0, 0, 0, 0, 0, 0, 0,
    0, 0, 0, 0, 0, 0, 0, 0,
    -21, 0, 0, 0, 0, 0, 0, -8,
    0, 0, 0, 0, -31, 0, 0, 0,
    0, -13, 0, 0, 0, 0, 0, 0,
    0, 0, 0, 0, 0, 0, 0, 0,
    0, 0, 0, 0, 0, 0, 0, 0,
    0, 0, 0, 0, 0, 0, 0, 0,
    0, 4, 0, -2, 0, 0, 0, 0,
    0, 0, 0, 0, 0, 0, 0, 0,
    0, 0, 0, 4, 0, 0, 0, 0,
    0, 0, 0, 0, 0, 0, 0, 0,
    0, 0, 0, 0, 0, 0, 0, 0,
    0, 0, 0, 0, 0, 0, 0, 0,
    0, 0, 0, 0, 0, 0, 0, 0,
    0, 0, -11, 0, 0, 0, 0, 0,
    0, 0, 0, 0, 0, 0, 0, 0,
    -11, 0, 0, 0, -46, -46, 0, 0,
    0, 0, 0, -15, 0, 0, 0, 0,
    0, 0, 0, 0, -5, 0, -23, 0,
    0, 0, 0, 0, 0, 0, 0, 0,
    0, 0, 0, 0, 0, 0, 0, -46,
    0, 0, 0, 0, 0, 0, 0, 0,
    0, 0, 0, 0, 0, 0, 0, 0,
    -9, -2, 0, 0, -9, 0, 0, 0,
    0, 0, 0, 0, -16, 0, 0, 0,
    0, 0, 0, 0, 0, -4, 0, 0,
    -13, 0, 0, 0, 0, 0, 0, 0,
    0, -7, -3, -31, 0, 0, 0, 0,
    0, 0, 0, 0, 0, -9, -30, 0,
    -8, 0, -3, -7, -9, -4, 0, 0,
    0, -30, -15, 0, 0, 0, 0, 0,
    0, 0, 0, 0, -17, 0, 0, 0,
    -28, 0, -46, -46, 0, 0, 0, 0,
    0, 0, 0, 0, 0, 0, 0, 0,
    0, -13, -13, 0, 0, 0, 0, 0,
    0, 0, 0, 0, 0, 0, 0, 0,
    0, 0, 2, 0, 0, 0, 0, 0,
    0, 0, 0, 0, 0, 0, 0, 0,
    0, 0, 0, 0, -13, 0, 0, 0,
    0, 0, 0, 0, 0, 0, 0, 0,
    -9, -9, 0, 0, 0, 0, 0, 0,
    0, -7, 0, 0, 0, 0, 0, 0,
    0, -7, -15, 0, 0, 0, 0, 0,
    0, 0, 0, 0, 0, -15, 0, -17,
    0, 0, 0, -9, 6, 0, 0, 0,
    0, 0, 0, 0, 4, 0, 0, 0,
    0, 0, 0, 0, 0, 0, 0, 0,
    0, 0, 0, 0, 0, 0, 0, 0,
    0, 4, 0, 0, 0, 0, 0, 0,
    0, 0, 0, 0, 0, 0, 0, 0,
    0, 0, 0, 5, 0, 0, 0, 0,
    0, 0, 0, 0, 0, 0, 0, 0,
    0, 0, 0, 0, 0, -5, 0, 0,
    0, 0, 0, 0, 0, 0, 0, 0,
    0, 0, 0, 0, 0, 0, 0, 0,
    0, 0, 0, 0, 0, 0, 0, 0,
    0, 0, 0, 0, 0, 0, 0, 0,
    0, 0, 0, -3, 0, -7, -7, 0,
    0, 0, 0, 0, 0, 0, 0, 0,
    0, 0, 0, 0, 0, 0, 0, 0,
    0, 0, 0, -11, 0, 0, 0, 0,
    0, 0, 0, 0, -17, 0, 0, 0,
    -7, 0, 0, 0, 0, 0, 0, 0,
    0, 0, -10, 0, -11, -11, 0, 0,
    -11, 0, 0, 0, 0, 0, 0, 0,
    0, 0, 0, 0, 0, 0, 0, 0,
    0, 0, 0, 0, -2, 0, -14, 0,
    0, 0, 0, 0, 0, 0, 0, -11,
    0, 0, 0, 0, 0, 0, 0, 0,
    0, -1, 0, -8, -8, 0, 0, 0,
    0, 0, 0, 0, 0, 0, 0, 0,
    0, 0, 0, 0, 0, 0, 0, 0,
    0, 0, 0, -2, 0, 0, 0, 0,
    0, 0, 0, 0, 0, 0, -8, 0,
    0, 0, 0, 0, 0, 0, 0, 0,
    0, 0, -10, -10, 0, 0, 0, 0,
    0, 0, 0, 0, 0, 0, 0, 0,
    0, 0, 0, 0, -15, 0, 0, 0,
    0, 0, 0, 0, 0, 0, 0, 0,
    0, -15, 0, 0, 0, -10, 0, 0,
    0, 0, 0, -19, 0, -15, 0, 0,
    0, -42, -42, 0, -5, 0, 0, -6,
    -20, -3, 7, -5, -3, -11, -31, 0,
    0, 0, 0, -53, 0, 0, -17, -21,
    0, 0, 0, 0, 0, 0, 0, 0,
    -48, 0, 0, 0, -42, 0, -17, 0,
    0, 0, 0, 0, 0, 0, 0, 0,
    0, 0, 0, 0, 0, 0, 0, 0,
    0, 0, 0, 0, 0, 0, 0, 0,
    0, -21, 0, 0, 0, 0, 0, 0,
    0, 0, 0, 0, 0, -15, 0, 0,
    0, 0, 0, 0, 0, 0, 0, 0,
    0, 0, 0, 0, 0, 0, 0, 0,
    0, 0, 0, 0, 0, 0, 0, 0,
    0, 0, 0, 0, 0, 0, 0, 0,
    -23, 0, 0, 0, 0, 0, 0, 0,
    0, 0, 0, 0, -19, 0, 0, 0,
    0, 0, 0, 0, 0, 0, 0, 0,
    0, 0, 0, 0, 0, 0, 0, 0,
    0, 0, 0, 0, 0, 0, 0, -25,
    0, 0, 0, 0, 0, 0, 0, -25,
    0, 0, 0, 0, 0, 0, 0, 0,
    0, 0, 0, -32, 0, 0, 0, 0,
    0, 0, 0, 0, 0, 0, 0, 0,
    0, 0, 0, 0, 0, -15, -15, -13,
    0, 0, 0, 0, 0, 0, 0, 0,
    0, 0, 0, 0, 0, 0, -13, -13,
    0, 0, 0, 0, 0, -2, 0, 0,
    0, 0, -11, 0, -13, 0, 0, 0,
    -15, 0, 0, 0, 0, -27, 0, -3,
    0, 0, -30, -11, 0, 0, 5, 0,
    -15, 0, 0, 0, 0, 0, 0, 0,
    0, -9, -17, -21, -13, -16, 0, 0,
    -11, -5, -11, -11, -24, 0, -17, -11,
    0, -14, -19, 0, 0, 0, -25, 0,
    -8, 0, 0, 0, 0, 0, 0, 0,
    0, -23, 0, 0, 0, 0, -15, -36,
    0, -15, -19, -15, 0, -15, -15, 0,
    0, 0, 0, -13, -27, 0, 11, 0,
    0, 0, 0, 0, 0, -15, 0, 0,
    -13, 0, 0, 0, 0, 0, 0, 0,
    11, 0, 0, 0, 0, 0, 0, 0,
    0, 0, 0, 0, 0, 0, 0, 0,
    0, 0, 0, 0, 0, 0, 0, 0,
    0, 0, 0, -11, 0, 0, 0, 0,
    0, 0, 0, 0, 0, 0, 0, -11,
    0, 0, 0, 0, 0, 0, 0, 0,
    0, 0, -6, 0, 0, 0, -4, 0,
    0, 0, 0, 0, 0, -11, 0, 0,
    0, 0, 0, 0, 0, 0, 0, 0,
    0, 0, -19, 0, 0, 0, 0, 0,
    0, -4, 0, 0, 0, 0, -21, -8,
    0, 0, 0, -11, 0, 0, 0, 0,
    0, 0, 0, 0, -11, 0, 0, 0,
    0, 0, 0, 0, 0, 0, 0, -17,
    0, 0, 0, 0, 0, 0, 0, 0,
    -2, 0, 0, 0, 0, -10, 0, 0,
    0, 0, 0, 0, 0, 0, 0, 0,
    0, 0, 0, 0, 0, 0, 0, 0,
    0, 0, 0, 0, 0, 0, -13, 0,
    0, -11, 0, 0, 0, 0, 0, 0,
    0, 0, 0, 0, -13, 0, 0, 0,
    0, -11, 0, -13, 0, 0, -11, 0,
    0, 0, 0, 0, -17, 5, 0, 0,
    0, 0, 0, 0, 0, 0, 0, 0,
    0, 0, 0, 0, 0, 0, 0, 0,
    0, 0, 0, -9, -2, 0, 0, -9,
    0, 0, 0, 0, 0, 0, 0, -13,
    0, 0, 0, 0, 0, 0, 0, 0,
    -4, 0, 0, -13, 0, 0, 0, 0,
    0, 0, 0, 0, 0, 0, 0, 0,
    0, 0, 0, 0, 0, 0, 0, 0,
    0, -13, -17, -15, 0, 0, -17, -11,
    0, 0, 0, 0, 0, 0, -21, 0,
    0, 0, 0, 0, 0, 0, 0, 0,
    0, 0, -29, 0, 0, 0, 0, 0,
    0, 0, 0, 0, 0, 0, 0, 0,
    0, 0, 0, 0, 0, 0, 0, 0,
    0, 0, 0, 0, 0, 0, 0, 0,
    0, 0, 0, 0, 0, -35, 0, 0,
    0, 0, 0, 0, 0, 0, 0, 0,
    0, -21, -11, 0, 0, 0, 0, 0,
    0, 0, 0, 0, 0, 0, 0, 0,
    0, 0, 0, 0, 0, 0, 0, 0,
    0, 0, 0, 0, 0, 0, 0, 0,
    0, 0, 0, 0, -13, 0, 0, 0,
    0, 0, 0, 0, 0, 0, 0, 0,
    0, 0, 0, 0, 0, 0, 0, 0,
    0, 0, 0, 0, 0, 0, -21, 0,
    0, 0, -33, -33, -32, 0, 0, 0,
    0, -21, 0, 0, 0, 0, 0, 0,
    0, 0, 0, 0, 0, 0, 0, -13,
    0, 0, 0, 0, 0, 0, -21, 0,
    0, -29, 0, 0, 0, -33, 0, 0,
    0, 0, 0, -42, 0, -23, 0, 0,
    -19, -40, -40, -48, -15, 0, 0, 0,
    -32, 0, -21, -13, 0, -19, -32, -19,
    0, -19, 0, -13, 0, -15, -21, -29,
    -19, 0, -15, -4, 0, -23, 0, 0,
    0, 0, 0, 0, -40, 3, -9, 0,
    0, 0, 0, 0, 0, 0, 0, 0,
    0, 0, 0, 0, -23, 0, 0, 0,
    0, 0, 0, 0, 0, 0, 0, 0,
    0, -31, 0, 0, 0, 0, 0, 0,
    0, 0, 0, 0, 0, -42, -32, 0,
    0, 0, 0, 0, 0, 0, 0, 0,
    0, 0, 0, -13, 0, 0, 0, 0,
    0, 0, 0, 0, 0, 0, 0, 0,
    0, 0, 0, 0, 0, 0, 0, 0,
    0, 0, 0, 0, -11, 0, 0, 0,
    0, 0, 0, 0, 0, 0, 0, 0,
    0, 0, 0, 0, 0, -7, -3, -31,
    0, 0, 0, 0, 0, 0, 0, 0,
    0, -9, -30, 0, -8, 0, -3, -7,
    -9, -4, 0, 0, 0, -30, -15, 0,
    0, 0, 0, 0, 0, 0, 0, 0,
    -17, 0, 0, 0, -28, 0, -46, -61,
    0, 0, 0, 0, 0, 0, 0, 0,
    0, -11, 0, 0, -10, -13, -11, 0,
    0, 0, 0, 0, 0, 0, 0, 0,
    0, 0, 0, 0, 0, 0, 0, 0,
    0, -10, -2, 0, -10, 0, 0, 0,
    0, 0, 0, 0, -48, 0, 0, 0,
    -32, 0, 0, 0, 0, -5, 0, 0,
    0, 0, 0, 0, 0, 0, 0, 0,
    -13, 0, 0, 0, 0, 0, 0, 0,
    0, 0, 0, 0, 0, -17, 0, 0,
    0, 0, 0, 0, -3, 0, 0, 0,
    0, -15, -8, 0, 0, 0, 0, 0,
    0, 0
};

/*Collect the kern class' data in one place*/
static const lv_font_fmt_txt_kern_classes_t kern_classes =
{
    .class_pair_values   = kern_class_values,
    .left_class_mapping  = kern_left_class_mapping,
    .right_class_mapping = kern_right_class_mapping,
    .left_class_cnt      = 38,
    .right_class_cnt     = 47,
};

/*--------------------
 *  ALL CUSTOM DATA
 *--------------------*/

#if LVGL_VERSION_MAJOR == 8
/*Store all the custom data of the font*/
static  lv_font_fmt_txt_glyph_cache_t cache;
#endif

#if LVGL_VERSION_MAJOR >= 8
static const lv_font_fmt_txt_dsc_t font_dsc = {
#else
static lv_font_fmt_txt_dsc_t font_dsc = {
#endif
    .glyph_bitmap = glyph_bitmap,
    .glyph_dsc = glyph_dsc,
    .cmaps = cmaps,
    .kern_dsc = &kern_classes,
    .kern_scale = 16,
    .cmap_num = 8,
    .bpp = 4,
    .kern_classes = 1,
    .bitmap_format = 0,
#if LVGL_VERSION_MAJOR == 8
    .cache = &cache
#endif

};



/*-----------------
 *  PUBLIC FONT
 *----------------*/

/*Initialize a public general font descriptor*/
#if LVGL_VERSION_MAJOR >= 8
const lv_font_t font_inter_semi_bold_21_data = {
#else
lv_font_t font_inter_semi_bold_21_data = {
#endif
    .get_glyph_dsc = lv_font_get_glyph_dsc_fmt_txt,    /*Function pointer to get glyph's data*/
    .get_glyph_bitmap = lv_font_get_bitmap_fmt_txt,    /*Function pointer to get glyph's bitmap*/
    .line_height = 29,          /*The maximum line height required by the font*/
    .base_line = 6,             /*Baseline measured from the bottom of the line*/
#if LV_VERSION_CHECK(9, 6, 0) || LVGL_VERSION_MAJOR >= 10
    .cap_height = 15,           /*Cap height of the font*/
    .x_height = 11,               /*x-height of the font*/
#endif
#if !(LVGL_VERSION_MAJOR == 6 && LVGL_VERSION_MINOR == 0)
    .subpx = LV_FONT_SUBPX_NONE,
#endif
#if LV_VERSION_CHECK(7, 4, 0) || LVGL_VERSION_MAJOR >= 8
    .underline_position = -3,
    .underline_thickness = 2,
#endif

#if LV_VERSION_CHECK(9, 3, 0)
    .static_bitmap = 1,    /*Bitmaps are stored as const so they are always static if not compressed */
#endif

    .dsc = &font_dsc,          /*The custom font data. Will be accessed by `get_glyph_bitmap/dsc` */
#if LV_VERSION_CHECK(8, 2, 0) || LVGL_VERSION_MAJOR >= 9
    .fallback = NULL,
#endif
    .user_data = NULL,
};



#endif /*#if FONT_INTER_SEMI_BOLD_21_DATA*/
