/*******************************************************************************
 * Size: 36 px
 * Bpp: 4
 * Opts: --font /fonts/Gabarito-SemiBold.ttf -o /fonts/font_gabarito_semibold_36_044803619384766_data.c --size 36 --bpp 4 --format lvgl --no-compress --symbols ·ÁÃÄÇÈÉÍÓÖÚÜßàáâãäçèéêíîñóõöúûüŐő–• --range 0x20-0x7F, 0xA0-0xFF, 0x2000-0x206F
 ******************************************************************************/

#ifdef __has_include
    #if __has_include("lvgl.h")
        #ifndef LV_LVGL_H_INCLUDE_SIMPLE
            #define LV_LVGL_H_INCLUDE_SIMPLE
        #endif
    #endif
#endif

#ifdef LV_LVGL_H_INCLUDE_SIMPLE
    #include "lvgl.h"
#else
    #include "lvgl/lvgl.h"
#endif



#ifndef FONT_GABARITO_SEMIBOLD_36_044803619384766_DATA
#define FONT_GABARITO_SEMIBOLD_36_044803619384766_DATA 1
#endif

#if FONT_GABARITO_SEMIBOLD_36_044803619384766_DATA

/*-----------------
 *    BITMAPS
 *----------------*/

/*Store the image of the glyphs*/
static LV_ATTRIBUTE_LARGE_CONST const uint8_t glyph_bitmap[] = {
    /* U+0020 " " */

    /* U+0021 "!" */
    0x09, 0xff, 0xff, 0xe0, 0x08, 0xff, 0xff, 0xe0,
    0x08, 0xff, 0xff, 0xd0, 0x07, 0xff, 0xff, 0xd0,
    0x07, 0xff, 0xff, 0xc0, 0x06, 0xff, 0xff, 0xc0,
    0x06, 0xff, 0xff, 0xb0, 0x05, 0xff, 0xff, 0xb0,
    0x05, 0xff, 0xff, 0xa0, 0x04, 0xff, 0xff, 0xa0,
    0x04, 0xff, 0xff, 0x90, 0x03, 0xff, 0xff, 0x90,
    0x03, 0xff, 0xff, 0x80, 0x01, 0xff, 0xff, 0x70,
    0x00, 0xff, 0xff, 0x50, 0x00, 0xff, 0xff, 0x40,
    0x00, 0xef, 0xff, 0x30, 0x00, 0x8a, 0xaa, 0x10,
    0x00, 0x00, 0x00, 0x00, 0x00, 0x03, 0x41, 0x00,
    0x01, 0xcf, 0xfe, 0x40, 0x0a, 0xff, 0xff, 0xf1,
    0x0f, 0xff, 0xff, 0xf5, 0x0e, 0xff, 0xff, 0xf4,
    0x07, 0xff, 0xff, 0xd0, 0x00, 0x7e, 0xea, 0x10,

    /* U+0022 "\"" */
    0x1f, 0xff, 0xf9, 0x0b, 0xff, 0xfe, 0x1f, 0xff,
    0xf9, 0x0b, 0xff, 0xfe, 0x1f, 0xff, 0xf9, 0x0b,
    0xff, 0xfe, 0x1f, 0xff, 0xf9, 0x0b, 0xff, 0xfe,
    0x1f, 0xff, 0xf9, 0x0b, 0xff, 0xfe, 0x0f, 0xff,
    0xf9, 0x0a, 0xff, 0xfe, 0x0c, 0xff, 0xf9, 0x07,
    0xff, 0xfe, 0x09, 0xff, 0xf9, 0x04, 0xff, 0xfe,
    0x06, 0xff, 0xf9, 0x00, 0xff, 0xfe, 0x02, 0xff,
    0xf9, 0x00, 0xdf, 0xfe, 0x00, 0xef, 0xf8, 0x00,
    0x9f, 0xfd,

    /* U+0023 "#" */
    0x00, 0x00, 0x00, 0x0e, 0xff, 0xf1, 0x00, 0x0d,
    0xff, 0xf2, 0x00, 0x00, 0x00, 0x00, 0x01, 0xff,
    0xfe, 0x00, 0x00, 0xff, 0xff, 0x00, 0x00, 0x00,
    0x00, 0x00, 0x4f, 0xff, 0xb0, 0x00, 0x3f, 0xff,
    0xc0, 0x00, 0x00, 0x00, 0x00, 0x07, 0xff, 0xf8,
    0x00, 0x06, 0xff, 0xf9, 0x00, 0x00, 0x00, 0x00,
    0x00, 0xaf, 0xff, 0x50, 0x00, 0x9f, 0xff, 0x60,
    0x00, 0x00, 0x00, 0x00, 0x0d, 0xff, 0xf2, 0x00,
    0x0c, 0xff, 0xf3, 0x00, 0x00, 0x00, 0xaa, 0xaa,
    0xff, 0xff, 0xaa, 0xaa, 0xff, 0xff, 0xaa, 0xaa,
    0x00, 0x0f, 0xff, 0xff, 0xff, 0xff, 0xff, 0xff,
    0xff, 0xff, 0xff, 0xf1, 0x00, 0xff, 0xff, 0xff,
    0xff, 0xff, 0xff, 0xff, 0xff, 0xff, 0xff, 0x10,
    0x0f, 0xff, 0xff, 0xff, 0xff, 0xff, 0xff, 0xff,
    0xff, 0xff, 0xf1, 0x00, 0x00, 0x0c, 0xff, 0xf3,
    0x00, 0x0b, 0xff, 0xf4, 0x00, 0x00, 0x00, 0x00,
    0x00, 0xff, 0xff, 0x00, 0x00, 0xef, 0xff, 0x10,
    0x00, 0x00, 0x00, 0x00, 0x2f, 0xff, 0xd0, 0x00,
    0x1f, 0xff, 0xe0, 0x00, 0x00, 0x00, 0x00, 0x05,
    0xff, 0xfa, 0x00, 0x04, 0xff, 0xfb, 0x00, 0x00,
    0x00, 0x00, 0x00, 0x8f, 0xff, 0x70, 0x00, 0x7f,
    0xff, 0x80, 0x00, 0x00, 0x0b, 0xff, 0xff, 0xff,
    0xff, 0xff, 0xff, 0xff, 0xff, 0xff, 0xf5, 0x00,
    0xbf, 0xff, 0xff, 0xff, 0xff, 0xff, 0xff, 0xff,
    0xff, 0xff, 0x50, 0x0b, 0xff, 0xff, 0xff, 0xff,
    0xff, 0xff, 0xff, 0xff, 0xff, 0xf5, 0x00, 0x7a,
    0xad, 0xff, 0xff, 0xaa, 0xac, 0xff, 0xff, 0xaa,
    0xaa, 0x30, 0x00, 0x00, 0x6f, 0xff, 0x90, 0x00,
    0x5f, 0xff, 0xa0, 0x00, 0x00, 0x00, 0x00, 0x09,
    0xff, 0xf6, 0x00, 0x08, 0xff, 0xf7, 0x00, 0x00,
    0x00, 0x00, 0x00, 0xcf, 0xff, 0x30, 0x00, 0xbf,
    0xff, 0x40, 0x00, 0x00, 0x00, 0x00, 0x0f, 0xff,
    0xf0, 0x00, 0x0e, 0xff, 0xf1, 0x00, 0x00, 0x00,
    0x00, 0x02, 0xff, 0xfd, 0x00, 0x01, 0xff, 0xfe,
    0x00, 0x00, 0x00, 0x00, 0x00, 0x5f, 0xff, 0xa0,
    0x00, 0x4f, 0xff, 0xb0, 0x00, 0x00, 0x00, 0x00,

    /* U+0024 "$" */
    0x00, 0x00, 0x00, 0x18, 0x88, 0x60, 0x00, 0x00,
    0x00, 0x00, 0x00, 0x00, 0x3f, 0xff, 0xd0, 0x00,
    0x00, 0x00, 0x00, 0x00, 0x00, 0x3f, 0xff, 0xd0,
    0x00, 0x00, 0x00, 0x00, 0x00, 0x00, 0x3f, 0xff,
    0xd0, 0x00, 0x00, 0x00, 0x00, 0x00, 0x05, 0xef,
    0xff, 0xfb, 0x71, 0x00, 0x00, 0x00, 0x04, 0xef,
    0xff, 0xff, 0xff, 0xff, 0x60, 0x00, 0x00, 0x5f,
    0xff, 0xff, 0xff, 0xff, 0xff, 0xfa, 0x00, 0x02,
    0xff, 0xff, 0xff, 0xff, 0xff, 0xff, 0xff, 0x80,
    0x09, 0xff, 0xff, 0xfa, 0x89, 0xcf, 0xff, 0xff,
    0xa0, 0x0e, 0xff, 0xff, 0x20, 0x00, 0x02, 0xcf,
    0xe5, 0x00, 0x0f, 0xff, 0xfa, 0x00, 0x00, 0x00,
    0x08, 0x10, 0x00, 0x0f, 0xff, 0xfc, 0x00, 0x00,
    0x00, 0x00, 0x00, 0x00, 0x0e, 0xff, 0xff, 0x80,
    0x00, 0x00, 0x00, 0x00, 0x00, 0x09, 0xff, 0xff,
    0xfe, 0x94, 0x00, 0x00, 0x00, 0x00, 0x01, 0xff,
    0xff, 0xff, 0xff, 0xfc, 0x60, 0x00, 0x00, 0x00,
    0x4e, 0xff, 0xff, 0xff, 0xff, 0xfe, 0x70, 0x00,
    0x00, 0x01, 0x9f, 0xff, 0xff, 0xff, 0xff, 0xfa,
    0x00, 0x00, 0x00, 0x01, 0x5a, 0xef, 0xff, 0xff,
    0xff, 0x80, 0x00, 0x00, 0x00, 0x00, 0x03, 0x9f,
    0xff, 0xff, 0xf0, 0x00, 0x00, 0x00, 0x00, 0x00,
    0x03, 0xff, 0xff, 0xf4, 0x00, 0x03, 0x10, 0x00,
    0x00, 0x00, 0x9f, 0xff, 0xf6, 0x01, 0xaf, 0xb0,
    0x00, 0x00, 0x00, 0x8f, 0xff, 0xf6, 0x5f, 0xff,
    0xfa, 0x10, 0x00, 0x01, 0xef, 0xff, 0xf3, 0x5f,
    0xff, 0xff, 0xfa, 0x76, 0x9f, 0xff, 0xff, 0xd0,
    0x0b, 0xff, 0xff, 0xff, 0xff, 0xff, 0xff, 0xff,
    0x40, 0x01, 0xcf, 0xff, 0xff, 0xff, 0xff, 0xff,
    0xf6, 0x00, 0x00, 0x09, 0xff, 0xff, 0xff, 0xff,
    0xfe, 0x40, 0x00, 0x00, 0x00, 0x28, 0xff, 0xff,
    0xfa, 0x50, 0x00, 0x00, 0x00, 0x00, 0x00, 0x3f,
    0xff, 0xd0, 0x00, 0x00, 0x00, 0x00, 0x00, 0x00,
    0x3f, 0xff, 0xd0, 0x00, 0x00, 0x00, 0x00, 0x00,
    0x00, 0x3f, 0xff, 0xd0, 0x00, 0x00, 0x00, 0x00,
    0x00, 0x00, 0x3f, 0xff, 0xd0, 0x00, 0x00, 0x00,

    /* U+0025 "%" */
    0x00, 0x01, 0x8d, 0xfe, 0xa3, 0x00, 0x00, 0x00,
    0x00, 0x00, 0x06, 0x60, 0x00, 0x00, 0x04, 0xff,
    0xff, 0xff, 0xf7, 0x00, 0x00, 0x00, 0x00, 0x04,
    0xff, 0xa0, 0x00, 0x03, 0xff, 0xff, 0xff, 0xff,
    0xf6, 0x00, 0x00, 0x00, 0x02, 0xff, 0xff, 0x80,
    0x00, 0xbf, 0xff, 0xea, 0xdf, 0xff, 0xf0, 0x00,
    0x00, 0x01, 0xef, 0xff, 0xc0, 0x00, 0x1f, 0xff,
    0xe1, 0x00, 0xaf, 0xff, 0x50, 0x00, 0x00, 0xcf,
    0xff, 0xd1, 0x00, 0x03, 0xff, 0xf9, 0x00, 0x04,
    0xff, 0xf7, 0x00, 0x00, 0xaf, 0xff, 0xe2, 0x00,
    0x00, 0x2f, 0xff, 0xa0, 0x00, 0x5f, 0xff, 0x70,
    0x00, 0x8f, 0xff, 0xf3, 0x00, 0x00, 0x00, 0xff,
    0xff, 0x50, 0x3d, 0xff, 0xf4, 0x00, 0x6f, 0xff,
    0xf5, 0x00, 0x00, 0x00, 0x08, 0xff, 0xff, 0xff,
    0xff, 0xfd, 0x00, 0x4f, 0xff, 0xf7, 0x00, 0x00,
    0x00, 0x00, 0x0c, 0xff, 0xff, 0xff, 0xff, 0x20,
    0x2f, 0xff, 0xf9, 0x00, 0x00, 0x00, 0x00, 0x00,
    0x1a, 0xff, 0xff, 0xfd, 0x20, 0x1e, 0xff, 0xfb,
    0x00, 0x00, 0x00, 0x00, 0x00, 0x00, 0x03, 0x79,
    0x84, 0x00, 0x0c, 0xff, 0xfd, 0x10, 0x00, 0x00,
    0x00, 0x00, 0x00, 0x00, 0x00, 0x00, 0x00, 0x0b,
    0xff, 0xfe, 0x20, 0x00, 0x00, 0x00, 0x00, 0x00,
    0x00, 0x00, 0x00, 0x00, 0x09, 0xff, 0xff, 0x30,
    0x02, 0x79, 0x84, 0x00, 0x00, 0x00, 0x00, 0x00,
    0x00, 0x06, 0xff, 0xff, 0x50, 0x0a, 0xff, 0xff,
    0xfd, 0x30, 0x00, 0x00, 0x00, 0x00, 0x04, 0xff,
    0xff, 0x70, 0x0c, 0xff, 0xff, 0xff, 0xff, 0x30,
    0x00, 0x00, 0x00, 0x03, 0xff, 0xff, 0x90, 0x07,
    0xff, 0xff, 0xff, 0xff, 0xfe, 0x00, 0x00, 0x00,
    0x01, 0xef, 0xff, 0xb0, 0x00, 0xef, 0xff, 0x60,
    0x3d, 0xff, 0xf5, 0x00, 0x00, 0x00, 0xdf, 0xff,
    0xd1, 0x00, 0x1f, 0xff, 0xb0, 0x00, 0x5f, 0xff,
    0x80, 0x00, 0x00, 0xbf, 0xff, 0xe2, 0x00, 0x02,
    0xff, 0xfa, 0x00, 0x03, 0xff, 0xf9, 0x00, 0x00,
    0x9f, 0xff, 0xf3, 0x00, 0x00, 0x0f, 0xff, 0xe1,
    0x00, 0x9f, 0xff, 0x60, 0x00, 0x7f, 0xff, 0xf5,
    0x00, 0x00, 0x00, 0xaf, 0xff, 0xea, 0xcf, 0xff,
    0xf1, 0x00, 0x4f, 0xff, 0xf7, 0x00, 0x00, 0x00,
    0x02, 0xff, 0xff, 0xff, 0xff, 0xf8, 0x00, 0x00,
    0xaf, 0xf9, 0x00, 0x00, 0x00, 0x00, 0x04, 0xef,
    0xff, 0xff, 0xf9, 0x00, 0x00, 0x00, 0x6b, 0x00,
    0x00, 0x00, 0x00, 0x00, 0x01, 0x8d, 0xfe, 0xb4,
    0x00, 0x00, 0x00, 0x00, 0x00, 0x00, 0x00, 0x00,
    0x00, 0x00, 0x00, 0x00, 0x00, 0x00, 0x00,

    /* U+0026 "&" */
    0x00, 0x00, 0x01, 0x8c, 0xff, 0xec, 0x71, 0x00,
    0x00, 0x00, 0x00, 0x00, 0x00, 0x5f, 0xff, 0xff,
    0xff, 0xff, 0x70, 0x00, 0x00, 0x00, 0x00, 0x06,
    0xff, 0xff, 0xff, 0xff, 0xff, 0xfa, 0x00, 0x00,
    0x00, 0x00, 0x2f, 0xff, 0xff, 0xff, 0xff, 0xff,
    0xfe, 0x20, 0x00, 0x00, 0x00, 0x8f, 0xff, 0xff,
    0xda, 0xbf, 0xff, 0xd2, 0x00, 0x00, 0x00, 0x00,
    0xdf, 0xff, 0xf7, 0x00, 0x00, 0x9c, 0x10, 0x00,
    0x00, 0x00, 0x00, 0xff, 0xff, 0xd0, 0x00, 0x00,
    0x00, 0x00, 0x00, 0x00, 0x00, 0x00, 0xff, 0xff,
    0xb0, 0x00, 0x00, 0x00, 0x00, 0x00, 0x00, 0x00,
    0x00, 0xcf, 0xff, 0xf2, 0x00, 0x00, 0x00, 0x00,
    0x00, 0x00, 0x00, 0x00, 0x6f, 0xff, 0xfe, 0x62,
    0x00, 0x00, 0x00, 0x00, 0x00, 0x00, 0x00, 0x0c,
    0xff, 0xff, 0xff, 0xff, 0xff, 0xff, 0xff, 0xff,
    0xf8, 0x00, 0x00, 0xbf, 0xff, 0xff, 0xff, 0xff,
    0xff, 0xff, 0xff, 0xf8, 0x00, 0x04, 0xdf, 0xff,
    0xff, 0xff, 0xff, 0xff, 0xff, 0xff, 0xf8, 0x00,
    0x4f, 0xff, 0xff, 0xff, 0xff, 0xff, 0xff, 0xff,
    0xff, 0xf8, 0x02, 0xff, 0xff, 0xfb, 0x64, 0x44,
    0x4b, 0xff, 0xff, 0x84, 0x42, 0x0b, 0xff, 0xff,
    0x60, 0x00, 0x00, 0x07, 0xff, 0xff, 0x40, 0x00,
    0x0f, 0xff, 0xfc, 0x00, 0x00, 0x00, 0x07, 0xff,
    0xff, 0x40, 0x00, 0x3f, 0xff, 0xf9, 0x00, 0x00,
    0x00, 0x08, 0xff, 0xff, 0x30, 0x00, 0x3f, 0xff,
    0xf9, 0x00, 0x00, 0x00, 0x0c, 0xff, 0xff, 0x10,
    0x00, 0x1f, 0xff, 0xfe, 0x00, 0x00, 0x00, 0x2f,
    0xff, 0xfe, 0x00, 0x00, 0x0d, 0xff, 0xff, 0xb2,
    0x00, 0x01, 0xcf, 0xff, 0xfa, 0x00, 0x00, 0x07,
    0xff, 0xff, 0xff, 0xca, 0xcf, 0xff, 0xff, 0xf3,
    0x00, 0x00, 0x00, 0xcf, 0xff, 0xff, 0xff, 0xff,
    0xff, 0xff, 0xa0, 0x00, 0x00, 0x00, 0x2e, 0xff,
    0xff, 0xff, 0xff, 0xff, 0xfc, 0x00, 0x00, 0x00,
    0x00, 0x01, 0xbf, 0xff, 0xff, 0xff, 0xff, 0x90,
    0x00, 0x00, 0x00, 0x00, 0x00, 0x03, 0x9d, 0xff,
    0xec, 0x82, 0x00, 0x00, 0x00, 0x00,

    /* U+0027 "'" */
    0x1f, 0xff, 0xf9, 0x1f, 0xff, 0xf9, 0x1f, 0xff,
    0xf9, 0x1f, 0xff, 0xf9, 0x1f, 0xff, 0xf9, 0x0f,
    0xff, 0xf9, 0x0c, 0xff, 0xf9, 0x09, 0xff, 0xf9,
    0x06, 0xff, 0xf9, 0x02, 0xff, 0xf9, 0x00, 0xef,
    0xf8,

    /* U+0028 "(" */
    0x00, 0x00, 0x00, 0x02, 0x70, 0x00, 0x00, 0x00,
    0x00, 0x2e, 0xf8, 0x00, 0x00, 0x00, 0x01, 0xef,
    0xff, 0x90, 0x00, 0x00, 0x0b, 0xff, 0xff, 0xe1,
    0x00, 0x00, 0x7f, 0xff, 0xff, 0x20, 0x00, 0x01,
    0xff, 0xff, 0xf5, 0x00, 0x00, 0x0a, 0xff, 0xff,
    0x90, 0x00, 0x00, 0x2f, 0xff, 0xfe, 0x10, 0x00,
    0x00, 0x8f, 0xff, 0xf7, 0x00, 0x00, 0x00, 0xef,
    0xff, 0xe0, 0x00, 0x00, 0x03, 0xff, 0xff, 0x80,
    0x00, 0x00, 0x07, 0xff, 0xff, 0x30, 0x00, 0x00,
    0x0b, 0xff, 0xff, 0x00, 0x00, 0x00, 0x0e, 0xff,
    0xfc, 0x00, 0x00, 0x00, 0x0f, 0xff, 0xf9, 0x00,
    0x00, 0x00, 0x0f, 0xff, 0xf8, 0x00, 0x00, 0x00,
    0x1f, 0xff, 0xf7, 0x00, 0x00, 0x00, 0x2f, 0xff,
    0xf7, 0x00, 0x00, 0x00, 0x1f, 0xff, 0xf7, 0x00,
    0x00, 0x00, 0x0f, 0xff, 0xf8, 0x00, 0x00, 0x00,
    0x0f, 0xff, 0xfb, 0x00, 0x00, 0x00, 0x0c, 0xff,
    0xfd, 0x00, 0x00, 0x00, 0x08, 0xff, 0xff, 0x10,
    0x00, 0x00, 0x05, 0xff, 0xff, 0x60, 0x00, 0x00,
    0x01, 0xff, 0xff, 0xc0, 0x00, 0x00, 0x00, 0xaf,
    0xff, 0xf3, 0x00, 0x00, 0x00, 0x4f, 0xff, 0xfb,
    0x00, 0x00, 0x00, 0x0d, 0xff, 0xff, 0x50, 0x00,
    0x00, 0x04, 0xff, 0xff, 0xe1, 0x00, 0x00, 0x00,
    0xbf, 0xff, 0xfc, 0x00, 0x00, 0x00, 0x1e, 0xff,
    0xff, 0xa0, 0x00, 0x00, 0x04, 0xff, 0xff, 0xe1,
    0x00, 0x00, 0x00, 0x7f, 0xfd, 0x20, 0x00, 0x00,
    0x00, 0x07, 0xd1, 0x00, 0x00, 0x00, 0x00, 0x00,
    0x00, 0x00,

    /* U+0029 ")" */
    0x00, 0x18, 0x00, 0x00, 0x00, 0x00, 0x1d, 0xfa,
    0x00, 0x00, 0x00, 0x2d, 0xff, 0xf9, 0x00, 0x00,
    0x06, 0xff, 0xff, 0xf6, 0x00, 0x00, 0x08, 0xff,
    0xff, 0xf2, 0x00, 0x00, 0x0b, 0xff, 0xff, 0xb0,
    0x00, 0x00, 0x1e, 0xff, 0xff, 0x40, 0x00, 0x00,
    0x5f, 0xff, 0xfc, 0x00, 0x00, 0x00, 0xdf, 0xff,
    0xf2, 0x00, 0x00, 0x05, 0xff, 0xff, 0x80, 0x00,
    0x00, 0x0e, 0xff, 0xfe, 0x00, 0x00, 0x00, 0x9f,
    0xff, 0xf1, 0x00, 0x00, 0x05, 0xff, 0xff, 0x50,
    0x00, 0x00, 0x2f, 0xff, 0xf8, 0x00, 0x00, 0x00,
    0xff, 0xff, 0x90, 0x00, 0x00, 0x0e, 0xff, 0xfa,
    0x00, 0x00, 0x00, 0xdf, 0xff, 0xb0, 0x00, 0x00,
    0x0d, 0xff, 0xfc, 0x00, 0x00, 0x00, 0xdf, 0xff,
    0xb0, 0x00, 0x00, 0x0e, 0xff, 0xfa, 0x00, 0x00,
    0x01, 0xff, 0xff, 0x90, 0x00, 0x00, 0x3f, 0xff,
    0xf6, 0x00, 0x00, 0x07, 0xff, 0xff, 0x30, 0x00,
    0x00, 0xcf, 0xff, 0xf0, 0x00, 0x00, 0x2f, 0xff,
    0xfb, 0x00, 0x00, 0x09, 0xff, 0xff, 0x50, 0x00,
    0x02, 0xff, 0xff, 0xe0, 0x00, 0x00, 0xbf, 0xff,
    0xf8, 0x00, 0x00, 0x6f, 0xff, 0xfe, 0x00, 0x00,
    0x3f, 0xff, 0xff, 0x60, 0x00, 0x2e, 0xff, 0xff,
    0xa0, 0x00, 0x06, 0xff, 0xff, 0xd0, 0x00, 0x00,
    0x06, 0xff, 0xe2, 0x00, 0x00, 0x00, 0x05, 0xe3,
    0x00, 0x00, 0x00, 0x00, 0x00, 0x00, 0x00, 0x00,
    0x00,

    /* U+002A "*" */
    0x00, 0x00, 0x00, 0x00, 0x00, 0x00, 0x00, 0x00,
    0x04, 0xc5, 0x00, 0x3d, 0x40, 0x00, 0x00, 0xbf,
    0xfd, 0x00, 0xbf, 0xfc, 0x00, 0x00, 0x7f, 0xff,
    0x52, 0xff, 0xf9, 0x00, 0x00, 0x0b, 0xff, 0xca,
    0xff, 0xc0, 0x00, 0x10, 0x01, 0xef, 0xff, 0xff,
    0x20, 0x01, 0xdf, 0xec, 0xdf, 0xff, 0xfe, 0xce,
    0xfe, 0xdf, 0xff, 0xff, 0xff, 0xff, 0xff, 0xfe,
    0xdf, 0xff, 0xef, 0xff, 0xff, 0xff, 0xfe, 0x32,
    0x10, 0xbf, 0xff, 0xfd, 0x01, 0x23, 0x00, 0x08,
    0xff, 0xec, 0xff, 0xa0, 0x00, 0x00, 0x4f, 0xff,
    0x74, 0xff, 0xf6, 0x00, 0x00, 0xcf, 0xff, 0x00,
    0xcf, 0xfe, 0x00, 0x00, 0x07, 0xf8, 0x00, 0x5f,
    0x80, 0x00, 0x00, 0x00, 0x11, 0x00, 0x01, 0x00,
    0x00,

    /* U+002B "+" */
    0x00, 0x00, 0x00, 0x5f, 0xff, 0xf3, 0x00, 0x00,
    0x00, 0x00, 0x00, 0x00, 0x5f, 0xff, 0xf3, 0x00,
    0x00, 0x00, 0x00, 0x00, 0x00, 0x5f, 0xff, 0xf3,
    0x00, 0x00, 0x00, 0x00, 0x00, 0x00, 0x5f, 0xff,
    0xf3, 0x00, 0x00, 0x00, 0x00, 0x00, 0x00, 0x5f,
    0xff, 0xf3, 0x00, 0x00, 0x00, 0x00, 0x00, 0x00,
    0x5f, 0xff, 0xf3, 0x00, 0x00, 0x00, 0x47, 0x77,
    0x77, 0xcf, 0xff, 0xfa, 0x77, 0x77, 0x75, 0x9f,
    0xff, 0xff, 0xff, 0xff, 0xff, 0xff, 0xff, 0xfb,
    0x9f, 0xff, 0xff, 0xff, 0xff, 0xff, 0xff, 0xff,
    0xfb, 0x9f, 0xff, 0xff, 0xff, 0xff, 0xff, 0xff,
    0xff, 0xfb, 0x9f, 0xff, 0xff, 0xff, 0xff, 0xff,
    0xff, 0xff, 0xfb, 0x00, 0x00, 0x00, 0x5f, 0xff,
    0xf3, 0x00, 0x00, 0x00, 0x00, 0x00, 0x00, 0x5f,
    0xff, 0xf3, 0x00, 0x00, 0x00, 0x00, 0x00, 0x00,
    0x5f, 0xff, 0xf3, 0x00, 0x00, 0x00, 0x00, 0x00,
    0x00, 0x5f, 0xff, 0xf3, 0x00, 0x00, 0x00, 0x00,
    0x00, 0x00, 0x5f, 0xff, 0xf3, 0x00, 0x00, 0x00,
    0x00, 0x00, 0x00, 0x5f, 0xff, 0xf3, 0x00, 0x00,
    0x00, 0x00, 0x00, 0x00, 0x28, 0x88, 0x81, 0x00,
    0x00, 0x00,

    /* U+002C "," */
    0x01, 0xae, 0xfa, 0x10, 0x0e, 0xff, 0xff, 0xd0,
    0x4f, 0xff, 0xff, 0xf5, 0x03, 0xff, 0xff, 0xf9,
    0x00, 0x7f, 0xff, 0xfa, 0x00, 0x3f, 0xff, 0xf8,
    0x00, 0x3f, 0xff, 0xf3, 0x00, 0x8f, 0xff, 0xd0,
    0x01, 0xef, 0xff, 0x40, 0x0b, 0xff, 0xf8, 0x00,
    0x6f, 0xff, 0xa0, 0x00, 0x09, 0xf8, 0x00, 0x00,
    0x00, 0x20, 0x00, 0x00,

    /* U+002D "-" */
    0x45, 0x55, 0x55, 0x55, 0x55, 0x51, 0xef, 0xff,
    0xff, 0xff, 0xff, 0xf3, 0xef, 0xff, 0xff, 0xff,
    0xff, 0xf3, 0xef, 0xff, 0xff, 0xff, 0xff, 0xf3,
    0xef, 0xff, 0xff, 0xff, 0xff, 0xf3,

    /* U+002E "." */
    0x00, 0x5a, 0xa5, 0x00, 0x09, 0xff, 0xff, 0x80,
    0x3f, 0xff, 0xff, 0xf2, 0x6f, 0xff, 0xff, 0xf5,
    0x4f, 0xff, 0xff, 0xf3, 0x0c, 0xff, 0xff, 0xc0,
    0x01, 0xaf, 0xe9, 0x10,

    /* U+002F "/" */
    0x00, 0x00, 0x00, 0x00, 0x00, 0x00, 0x00, 0x42,
    0x00, 0x00, 0x00, 0x00, 0x00, 0x00, 0x00, 0x00,
    0x0e, 0xfa, 0x20, 0x00, 0x00, 0x00, 0x00, 0x00,
    0x00, 0x06, 0xff, 0xff, 0x30, 0x00, 0x00, 0x00,
    0x00, 0x00, 0x00, 0xef, 0xff, 0xd0, 0x00, 0x00,
    0x00, 0x00, 0x00, 0x00, 0x6f, 0xff, 0xf5, 0x00,
    0x00, 0x00, 0x00, 0x00, 0x00, 0x0d, 0xff, 0xfd,
    0x00, 0x00, 0x00, 0x00, 0x00, 0x00, 0x06, 0xff,
    0xff, 0x50, 0x00, 0x00, 0x00, 0x00, 0x00, 0x00,
    0xdf, 0xff, 0xd0, 0x00, 0x00, 0x00, 0x00, 0x00,
    0x00, 0x5f, 0xff, 0xf6, 0x00, 0x00, 0x00, 0x00,
    0x00, 0x00, 0x0d, 0xff, 0xfe, 0x00, 0x00, 0x00,
    0x00, 0x00, 0x00, 0x05, 0xff, 0xff, 0x60, 0x00,
    0x00, 0x00, 0x00, 0x00, 0x00, 0xcf, 0xff, 0xe0,
    0x00, 0x00, 0x00, 0x00, 0x00, 0x00, 0x4f, 0xff,
    0xf6, 0x00, 0x00, 0x00, 0x00, 0x00, 0x00, 0x0c,
    0xff, 0xfe, 0x00, 0x00, 0x00, 0x00, 0x00, 0x00,
    0x04, 0xff, 0xff, 0x70, 0x00, 0x00, 0x00, 0x00,
    0x00, 0x00, 0xcf, 0xff, 0xe0, 0x00, 0x00, 0x00,
    0x00, 0x00, 0x00, 0x4f, 0xff, 0xf7, 0x00, 0x00,
    0x00, 0x00, 0x00, 0x00, 0x0b, 0xff, 0xfe, 0x00,
    0x00, 0x00, 0x00, 0x00, 0x00, 0x03, 0xff, 0xff,
    0x80, 0x00, 0x00, 0x00, 0x00, 0x00, 0x00, 0xbf,
    0xff, 0xf1, 0x00, 0x00, 0x00, 0x00, 0x00, 0x00,
    0x3f, 0xff, 0xf8, 0x00, 0x00, 0x00, 0x00, 0x00,
    0x00, 0x0b, 0xff, 0xff, 0x10, 0x00, 0x00, 0x00,
    0x00, 0x00, 0x02, 0xff, 0xff, 0x80, 0x00, 0x00,
    0x00, 0x00, 0x00, 0x00, 0xaf, 0xff, 0xf1, 0x00,
    0x00, 0x00, 0x00, 0x00, 0x00, 0x2f, 0xff, 0xf9,
    0x00, 0x00, 0x00, 0x00, 0x00, 0x00, 0x0a, 0xff,
    0xff, 0x10, 0x00, 0x00, 0x00, 0x00, 0x00, 0x02,
    0xff, 0xff, 0x90, 0x00, 0x00, 0x00, 0x00, 0x00,
    0x00, 0x9f, 0xff, 0xf2, 0x00, 0x00, 0x00, 0x00,
    0x00, 0x00, 0x0c, 0xff, 0xfa, 0x00, 0x00, 0x00,
    0x00, 0x00, 0x00, 0x00, 0x04, 0xbf, 0x20, 0x00,
    0x00, 0x00, 0x00, 0x00, 0x00, 0x00, 0x00, 0x20,
    0x00, 0x00, 0x00, 0x00, 0x00, 0x00, 0x00,

    /* U+0030 "0" */
    0x00, 0x00, 0x03, 0x9d, 0xff, 0xd9, 0x30, 0x00,
    0x00, 0x00, 0x00, 0x9f, 0xff, 0xff, 0xff, 0xf8,
    0x00, 0x00, 0x00, 0x0a, 0xff, 0xff, 0xff, 0xff,
    0xff, 0xa0, 0x00, 0x00, 0x7f, 0xff, 0xff, 0xff,
    0xff, 0xff, 0xf7, 0x00, 0x01, 0xff, 0xff, 0xff,
    0xbb, 0xff, 0xff, 0xff, 0x10, 0x08, 0xff, 0xff,
    0xd1, 0x00, 0x1d, 0xff, 0xff, 0x80, 0x0e, 0xff,
    0xff, 0x30, 0x00, 0x04, 0xff, 0xff, 0xe0, 0x3f,
    0xff, 0xfb, 0x00, 0x00, 0x00, 0xdf, 0xff, 0xf2,
    0x6f, 0xff, 0xf6, 0x00, 0x00, 0x00, 0x8f, 0xff,
    0xf6, 0x9f, 0xff, 0xf3, 0x00, 0x00, 0x00, 0x5f,
    0xff, 0xf8, 0xbf, 0xff, 0xf1, 0x00, 0x00, 0x00,
    0x2f, 0xff, 0xfa, 0xbf, 0xff, 0xf0, 0x00, 0x00,
    0x00, 0x1f, 0xff, 0xfb, 0xcf, 0xff, 0xf0, 0x00,
    0x00, 0x00, 0x0f, 0xff, 0xfb, 0xbf, 0xff, 0xf0,
    0x00, 0x00, 0x00, 0x1f, 0xff, 0xfb, 0xbf, 0xff,
    0xf1, 0x00, 0x00, 0x00, 0x2f, 0xff, 0xfa, 0x9f,
    0xff, 0xf3, 0x00, 0x00, 0x00, 0x4f, 0xff, 0xf8,
    0x6f, 0xff, 0xf5, 0x00, 0x00, 0x00, 0x7f, 0xff,
    0xf6, 0x3f, 0xff, 0xfa, 0x00, 0x00, 0x00, 0xcf,
    0xff, 0xf3, 0x0e, 0xff, 0xff, 0x20, 0x00, 0x03,
    0xff, 0xff, 0xe0, 0x09, 0xff, 0xff, 0xc1, 0x00,
    0x1d, 0xff, 0xff, 0x80, 0x02, 0xff, 0xff, 0xfe,
    0xaa, 0xef, 0xff, 0xff, 0x10, 0x00, 0x7f, 0xff,
    0xff, 0xff, 0xff, 0xff, 0xf7, 0x00, 0x00, 0x0b,
    0xff, 0xff, 0xff, 0xff, 0xff, 0xa0, 0x00, 0x00,
    0x00, 0x9f, 0xff, 0xff, 0xff, 0xf9, 0x00, 0x00,
    0x00, 0x00, 0x03, 0x9d, 0xff, 0xd9, 0x30, 0x00,
    0x00,

    /* U+0031 "1" */
    0x00, 0x00, 0x07, 0xff, 0xf3, 0x00, 0x00, 0x1e,
    0xff, 0xf3, 0x00, 0x01, 0xcf, 0xff, 0xf3, 0x02,
    0x7e, 0xff, 0xff, 0xf3, 0xff, 0xff, 0xff, 0xff,
    0xf3, 0xff, 0xff, 0xff, 0xff, 0xf3, 0xff, 0xff,
    0xff, 0xff, 0xf3, 0xff, 0xfd, 0xef, 0xff, 0xf3,
    0x65, 0x20, 0x8f, 0xff, 0xf3, 0x00, 0x00, 0x8f,
    0xff, 0xf3, 0x00, 0x00, 0x8f, 0xff, 0xf3, 0x00,
    0x00, 0x8f, 0xff, 0xf3, 0x00, 0x00, 0x8f, 0xff,
    0xf3, 0x00, 0x00, 0x8f, 0xff, 0xf3, 0x00, 0x00,
    0x8f, 0xff, 0xf3, 0x00, 0x00, 0x8f, 0xff, 0xf3,
    0x00, 0x00, 0x8f, 0xff, 0xf3, 0x00, 0x00, 0x8f,
    0xff, 0xf3, 0x00, 0x00, 0x8f, 0xff, 0xf3, 0x00,
    0x00, 0x8f, 0xff, 0xf3, 0x00, 0x00, 0x8f, 0xff,
    0xf3, 0x00, 0x00, 0x8f, 0xff, 0xf3, 0x00, 0x00,
    0x8f, 0xff, 0xf3, 0x00, 0x00, 0x8f, 0xff, 0xf3,
    0x00, 0x00, 0x8f, 0xff, 0xf3,

    /* U+0032 "2" */
    0x00, 0x00, 0x17, 0xce, 0xfe, 0xb6, 0x00, 0x00,
    0x00, 0x07, 0xff, 0xff, 0xff, 0xff, 0xd3, 0x00,
    0x00, 0xaf, 0xff, 0xff, 0xff, 0xff, 0xff, 0x20,
    0x09, 0xff, 0xff, 0xff, 0xff, 0xff, 0xff, 0xd0,
    0x6f, 0xff, 0xff, 0xfb, 0x9d, 0xff, 0xff, 0xf3,
    0xaf, 0xff, 0xfa, 0x10, 0x00, 0xbf, 0xff, 0xf8,
    0x08, 0xff, 0x90, 0x00, 0x00, 0x2f, 0xff, 0xfa,
    0x00, 0x4a, 0x00, 0x00, 0x00, 0x0f, 0xff, 0xf9,
    0x00, 0x00, 0x00, 0x00, 0x00, 0x2f, 0xff, 0xf8,
    0x00, 0x00, 0x00, 0x00, 0x00, 0x8f, 0xff, 0xf4,
    0x00, 0x00, 0x00, 0x00, 0x02, 0xff, 0xff, 0xe0,
    0x00, 0x00, 0x00, 0x00, 0x0c, 0xff, 0xff, 0x70,
    0x00, 0x00, 0x00, 0x00, 0xaf, 0xff, 0xfd, 0x00,
    0x00, 0x00, 0x00, 0x08, 0xff, 0xff, 0xf3, 0x00,
    0x00, 0x00, 0x00, 0x6f, 0xff, 0xff, 0x70, 0x00,
    0x00, 0x00, 0x05, 0xff, 0xff, 0xf9, 0x00, 0x00,
    0x00, 0x00, 0x4f, 0xff, 0xff, 0xb0, 0x00, 0x00,
    0x00, 0x03, 0xff, 0xff, 0xfc, 0x00, 0x00, 0x00,
    0x00, 0x2e, 0xff, 0xff, 0xd1, 0x00, 0x00, 0x00,
    0x01, 0xdf, 0xff, 0xfe, 0x20, 0x00, 0x00, 0x00,
    0x0c, 0xff, 0xff, 0xfb, 0x88, 0x88, 0x88, 0x87,
    0x5f, 0xff, 0xff, 0xff, 0xff, 0xff, 0xff, 0xff,
    0x6f, 0xff, 0xff, 0xff, 0xff, 0xff, 0xff, 0xff,
    0x6f, 0xff, 0xff, 0xff, 0xff, 0xff, 0xff, 0xff,
    0x6f, 0xff, 0xff, 0xff, 0xff, 0xff, 0xff, 0xff,

    /* U+0033 "3" */
    0x00, 0x00, 0x03, 0x9d, 0xef, 0xec, 0x61, 0x00,
    0x00, 0x00, 0x02, 0xcf, 0xff, 0xff, 0xff, 0xfe,
    0x40, 0x00, 0x00, 0x4f, 0xff, 0xff, 0xff, 0xff,
    0xff, 0xf4, 0x00, 0x04, 0xff, 0xff, 0xff, 0xff,
    0xff, 0xff, 0xfe, 0x00, 0x06, 0xff, 0xff, 0xfc,
    0x9a, 0xef, 0xff, 0xff, 0x50, 0x00, 0x6f, 0xfc,
    0x20, 0x00, 0x0a, 0xff, 0xff, 0x80, 0x00, 0x05,
    0xb0, 0x00, 0x00, 0x03, 0xff, 0xff, 0x90, 0x00,
    0x00, 0x00, 0x00, 0x00, 0x02, 0xff, 0xff, 0x80,
    0x00, 0x00, 0x00, 0x00, 0x00, 0x08, 0xff, 0xff,
    0x40, 0x00, 0x00, 0x00, 0x00, 0x13, 0xaf, 0xff,
    0xfd, 0x00, 0x00, 0x00, 0x00, 0xff, 0xff, 0xff,
    0xff, 0xf3, 0x00, 0x00, 0x00, 0x00, 0xff, 0xff,
    0xff, 0xff, 0x30, 0x00, 0x00, 0x00, 0x00, 0xff,
    0xff, 0xff, 0xff, 0xd2, 0x00, 0x00, 0x00, 0x00,
    0xff, 0xff, 0xff, 0xff, 0xfe, 0x30, 0x00, 0x00,
    0x00, 0x00, 0x02, 0x5c, 0xff, 0xff, 0xd0, 0x00,
    0x00, 0x00, 0x00, 0x00, 0x00, 0xbf, 0xff, 0xf4,
    0x00, 0x00, 0x00, 0x00, 0x00, 0x00, 0x3f, 0xff,
    0xf8, 0x00, 0x00, 0x00, 0x00, 0x00, 0x00, 0x2f,
    0xff, 0xf9, 0x00, 0x0a, 0x50, 0x00, 0x00, 0x00,
    0x6f, 0xff, 0xf8, 0x00, 0xbf, 0xf9, 0x10, 0x00,
    0x04, 0xef, 0xff, 0xf6, 0x0b, 0xff, 0xff, 0xfb,
    0x9a, 0xcf, 0xff, 0xff, 0xf1, 0x0a, 0xff, 0xff,
    0xff, 0xff, 0xff, 0xff, 0xff, 0x80, 0x00, 0x9f,
    0xff, 0xff, 0xff, 0xff, 0xff, 0xfc, 0x00, 0x00,
    0x05, 0xef, 0xff, 0xff, 0xff, 0xff, 0x90, 0x00,
    0x00, 0x00, 0x05, 0xad, 0xff, 0xec, 0x82, 0x00,
    0x00,

    /* U+0034 "4" */
    0x00, 0x00, 0x01, 0xff, 0xff, 0xa0, 0x00, 0x00,
    0x00, 0x00, 0x00, 0x00, 0x7f, 0xff, 0xf4, 0x00,
    0x00, 0x00, 0x00, 0x00, 0x00, 0x0c, 0xff, 0xfe,
    0x00, 0x00, 0x00, 0x00, 0x00, 0x00, 0x02, 0xff,
    0xff, 0x90, 0x00, 0x00, 0x00, 0x00, 0x00, 0x00,
    0x8f, 0xff, 0xf3, 0x00, 0x00, 0x00, 0x00, 0x00,
    0x00, 0x0e, 0xff, 0xfd, 0x00, 0x00, 0x00, 0x00,
    0x00, 0x00, 0x04, 0xff, 0xff, 0x80, 0x00, 0x00,
    0x00, 0x00, 0x00, 0x00, 0x9f, 0xff, 0xf2, 0x00,
    0x00, 0x00, 0x00, 0x00, 0x00, 0x0f, 0xff, 0xfc,
    0x00, 0x00, 0x6a, 0xa5, 0x00, 0x00, 0x05, 0xff,
    0xff, 0x70, 0x00, 0x0f, 0xff, 0x80, 0x00, 0x00,
    0xbf, 0xff, 0xf1, 0x00, 0x05, 0xff, 0xf8, 0x00,
    0x00, 0x1f, 0xff, 0xfb, 0x00, 0x00, 0xaf, 0xff,
    0x80, 0x00, 0x06, 0xff, 0xff, 0x60, 0x00, 0x0f,
    0xff, 0xf8, 0x00, 0x00, 0xcf, 0xff, 0xf0, 0x00,
    0x06, 0xff, 0xff, 0x80, 0x00, 0x2f, 0xff, 0xff,
    0x99, 0x99, 0xff, 0xff, 0xff, 0x99, 0x78, 0xff,
    0xff, 0xff, 0xff, 0xff, 0xff, 0xff, 0xff, 0xfd,
    0xbf, 0xff, 0xff, 0xff, 0xff, 0xff, 0xff, 0xff,
    0xff, 0xdb, 0xff, 0xff, 0xff, 0xff, 0xff, 0xff,
    0xff, 0xff, 0xfd, 0xbf, 0xff, 0xff, 0xff, 0xff,
    0xff, 0xff, 0xff, 0xff, 0xd0, 0x00, 0x00, 0x00,
    0x00, 0x04, 0xff, 0xff, 0x80, 0x00, 0x00, 0x00,
    0x00, 0x00, 0x00, 0x4f, 0xff, 0xf8, 0x00, 0x00,
    0x00, 0x00, 0x00, 0x00, 0x04, 0xff, 0xff, 0x80,
    0x00, 0x00, 0x00, 0x00, 0x00, 0x00, 0x4f, 0xff,
    0xf8, 0x00, 0x00, 0x00, 0x00, 0x00, 0x00, 0x04,
    0xff, 0xff, 0x80, 0x00, 0x00, 0x00, 0x00, 0x00,
    0x00, 0x4f, 0xff, 0xf8, 0x00, 0x00,

    /* U+0035 "5" */
    0x0f, 0xff, 0xff, 0xff, 0xff, 0xff, 0xff, 0xfa,
    0x00, 0x0f, 0xff, 0xff, 0xff, 0xff, 0xff, 0xff,
    0xfa, 0x00, 0x0f, 0xff, 0xff, 0xff, 0xff, 0xff,
    0xff, 0xfa, 0x00, 0x0f, 0xff, 0xff, 0xff, 0xff,
    0xff, 0xff, 0xfa, 0x00, 0x0f, 0xff, 0xff, 0x99,
    0x99, 0x99, 0x99, 0x96, 0x00, 0x0f, 0xff, 0xf8,
    0x00, 0x00, 0x00, 0x00, 0x00, 0x00, 0x0f, 0xff,
    0xf8, 0x00, 0x00, 0x00, 0x00, 0x00, 0x00, 0x0f,
    0xff, 0xf8, 0x00, 0x00, 0x00, 0x00, 0x00, 0x00,
    0x0f, 0xff, 0xf8, 0x03, 0x78, 0x75, 0x00, 0x00,
    0x00, 0x0f, 0xff, 0xfc, 0xdf, 0xff, 0xff, 0xf8,
    0x00, 0x00, 0x0f, 0xff, 0xff, 0xff, 0xff, 0xff,
    0xff, 0xb0, 0x00, 0x0f, 0xff, 0xff, 0xff, 0xff,
    0xff, 0xff, 0xf9, 0x00, 0x0f, 0xff, 0xff, 0xff,
    0xff, 0xff, 0xff, 0xff, 0x30, 0x0f, 0xff, 0xff,
    0x72, 0x02, 0x8f, 0xff, 0xff, 0xa0, 0x03, 0x7a,
    0xd3, 0x00, 0x00, 0x06, 0xff, 0xff, 0xe0, 0x00,
    0x00, 0x00, 0x00, 0x00, 0x00, 0xdf, 0xff, 0xf1,
    0x00, 0x00, 0x00, 0x00, 0x00, 0x00, 0xbf, 0xff,
    0xf2, 0x00, 0x00, 0x00, 0x00, 0x00, 0x00, 0xcf,
    0xff, 0xf1, 0x00, 0x02, 0x50, 0x00, 0x00, 0x01,
    0xff, 0xff, 0xf0, 0x00, 0x7f, 0xf6, 0x00, 0x00,
    0x0b, 0xff, 0xff, 0xb0, 0x2c, 0xff, 0xff, 0xe9,
    0x8a, 0xef, 0xff, 0xff, 0x50, 0x2e, 0xff, 0xff,
    0xff, 0xff, 0xff, 0xff, 0xfb, 0x00, 0x04, 0xef,
    0xff, 0xff, 0xff, 0xff, 0xff, 0xd1, 0x00, 0x00,
    0x1b, 0xff, 0xff, 0xff, 0xff, 0xfa, 0x00, 0x00,
    0x00, 0x00, 0x39, 0xce, 0xfe, 0xc8, 0x20, 0x00,
    0x00,

    /* U+0036 "6" */
    0x00, 0x00, 0x00, 0x49, 0xdf, 0xfe, 0xb7, 0x10,
    0x00, 0x00, 0x00, 0x02, 0xcf, 0xff, 0xff, 0xff,
    0xff, 0x91, 0x00, 0x00, 0x04, 0xff, 0xff, 0xff,
    0xff, 0xff, 0xff, 0xe2, 0x00, 0x03, 0xff, 0xff,
    0xff, 0xff, 0xff, 0xff, 0xfc, 0x00, 0x00, 0xdf,
    0xff, 0xff, 0xd8, 0x68, 0xbf, 0xfe, 0x10, 0x00,
    0x6f, 0xff, 0xff, 0x60, 0x00, 0x00, 0x2a, 0x30,
    0x00, 0x0c, 0xff, 0xff, 0x70, 0x00, 0x00, 0x00,
    0x00, 0x00, 0x02, 0xff, 0xff, 0xe0, 0x00, 0x00,
    0x00, 0x00, 0x00, 0x00, 0x6f, 0xff, 0xf8, 0x00,
    0x00, 0x00, 0x00, 0x00, 0x00, 0x09, 0xff, 0xff,
    0x40, 0x4a, 0xef, 0xfd, 0x81, 0x00, 0x00, 0xbf,
    0xff, 0xf2, 0xaf, 0xff, 0xff, 0xff, 0xf5, 0x00,
    0x0d, 0xff, 0xff, 0xcf, 0xff, 0xff, 0xff, 0xff,
    0xf5, 0x00, 0xdf, 0xff, 0xff, 0xff, 0xff, 0xff,
    0xff, 0xff, 0xe1, 0x0e, 0xff, 0xff, 0xff, 0xc8,
    0x69, 0xef, 0xff, 0xff, 0x70, 0xdf, 0xff, 0xff,
    0x60, 0x00, 0x00, 0xaf, 0xff, 0xfc, 0x0c, 0xff,
    0xff, 0xb0, 0x00, 0x00, 0x00, 0xff, 0xff, 0xe0,
    0xaf, 0xff, 0xf6, 0x00, 0x00, 0x00, 0x0b, 0xff,
    0xff, 0x07, 0xff, 0xff, 0x60, 0x00, 0x00, 0x00,
    0xbf, 0xff, 0xf0, 0x3f, 0xff, 0xfa, 0x00, 0x00,
    0x00, 0x0e, 0xff, 0xfd, 0x00, 0xdf, 0xff, 0xf6,
    0x00, 0x00, 0x0a, 0xff, 0xff, 0x90, 0x06, 0xff,
    0xff, 0xfc, 0x86, 0x9e, 0xff, 0xff, 0xf3, 0x00,
    0x0c, 0xff, 0xff, 0xff, 0xff, 0xff, 0xff, 0xf9,
    0x00, 0x00, 0x1d, 0xff, 0xff, 0xff, 0xff, 0xff,
    0xfd, 0x00, 0x00, 0x00, 0x1b, 0xff, 0xff, 0xff,
    0xff, 0xfa, 0x00, 0x00, 0x00, 0x00, 0x03, 0x9d,
    0xff, 0xfd, 0x93, 0x00, 0x00, 0x00,

    /* U+0037 "7" */
    0xff, 0xff, 0xff, 0xff, 0xff, 0xff, 0xff, 0xff,
    0xff, 0xff, 0xff, 0xff, 0xff, 0xff, 0xff, 0xff,
    0xff, 0xff, 0xff, 0xff, 0xff, 0xff, 0xff, 0xff,
    0xff, 0xff, 0xff, 0xff, 0xff, 0xff, 0xff, 0xff,
    0x99, 0x99, 0x99, 0x99, 0x99, 0xdf, 0xff, 0xfb,
    0x00, 0x00, 0x00, 0x00, 0x00, 0xbf, 0xff, 0xf4,
    0x00, 0x00, 0x00, 0x00, 0x03, 0xff, 0xff, 0xc0,
    0x00, 0x00, 0x00, 0x00, 0x0a, 0xff, 0xff, 0x50,
    0x00, 0x00, 0x00, 0x00, 0x2f, 0xff, 0xfe, 0x00,
    0x00, 0x00, 0x00, 0x00, 0x9f, 0xff, 0xf6, 0x00,
    0x00, 0x00, 0x00, 0x01, 0xff, 0xff, 0xe0, 0x00,
    0x00, 0x00, 0x00, 0x09, 0xff, 0xff, 0x80, 0x00,
    0x00, 0x00, 0x00, 0x1f, 0xff, 0xff, 0x10, 0x00,
    0x00, 0x00, 0x00, 0x8f, 0xff, 0xf9, 0x00, 0x00,
    0x00, 0x00, 0x00, 0xef, 0xff, 0xf2, 0x00, 0x00,
    0x00, 0x00, 0x07, 0xff, 0xff, 0xb0, 0x00, 0x00,
    0x00, 0x00, 0x0e, 0xff, 0xff, 0x30, 0x00, 0x00,
    0x00, 0x00, 0x6f, 0xff, 0xfc, 0x00, 0x00, 0x00,
    0x00, 0x00, 0xdf, 0xff, 0xf5, 0x00, 0x00, 0x00,
    0x00, 0x05, 0xff, 0xff, 0xd0, 0x00, 0x00, 0x00,
    0x00, 0x0d, 0xff, 0xff, 0x60, 0x00, 0x00, 0x00,
    0x00, 0x4f, 0xff, 0xfe, 0x00, 0x00, 0x00, 0x00,
    0x00, 0xcf, 0xff, 0xf7, 0x00, 0x00, 0x00, 0x00,
    0x03, 0xff, 0xff, 0xf1, 0x00, 0x00, 0x00, 0x00,
    0x0b, 0xff, 0xff, 0x90, 0x00, 0x00, 0x00, 0x00,

    /* U+0038 "8" */
    0x00, 0x00, 0x16, 0xbd, 0xfe, 0xda, 0x40, 0x00,
    0x00, 0x00, 0x05, 0xff, 0xff, 0xff, 0xff, 0xfc,
    0x20, 0x00, 0x00, 0x6f, 0xff, 0xff, 0xff, 0xff,
    0xff, 0xe1, 0x00, 0x02, 0xff, 0xff, 0xff, 0xff,
    0xff, 0xff, 0xfb, 0x00, 0x08, 0xff, 0xff, 0xfb,
    0x88, 0xdf, 0xff, 0xff, 0x20, 0x0c, 0xff, 0xff,
    0x50, 0x00, 0x0b, 0xff, 0xff, 0x60, 0x0e, 0xff,
    0xfc, 0x00, 0x00, 0x03, 0xff, 0xff, 0x70, 0x0d,
    0xff, 0xfc, 0x00, 0x00, 0x03, 0xff, 0xff, 0x70,
    0x0a, 0xff, 0xff, 0x40, 0x00, 0x0a, 0xff, 0xff,
    0x30, 0x03, 0xff, 0xff, 0xfa, 0x77, 0xdf, 0xff,
    0xfc, 0x00, 0x00, 0x8f, 0xff, 0xff, 0xff, 0xff,
    0xff, 0xf3, 0x00, 0x00, 0x08, 0xff, 0xff, 0xff,
    0xff, 0xff, 0x30, 0x00, 0x00, 0x09, 0xff, 0xff,
    0xff, 0xff, 0xff, 0x50, 0x00, 0x00, 0xcf, 0xff,
    0xff, 0xff, 0xff, 0xff, 0xf6, 0x00, 0x09, 0xff,
    0xff, 0xb3, 0x01, 0x6e, 0xff, 0xff, 0x30, 0x1f,
    0xff, 0xfb, 0x00, 0x00, 0x03, 0xff, 0xff, 0xb0,
    0x6f, 0xff, 0xf5, 0x00, 0x00, 0x00, 0xcf, 0xff,
    0xf0, 0x8f, 0xff, 0xf3, 0x00, 0x00, 0x00, 0xaf,
    0xff, 0xf2, 0x8f, 0xff, 0xf7, 0x00, 0x00, 0x00,
    0xdf, 0xff, 0xf1, 0x6f, 0xff, 0xfe, 0x30, 0x00,
    0x08, 0xff, 0xff, 0xf0, 0x1f, 0xff, 0xff, 0xfb,
    0x89, 0xdf, 0xff, 0xff, 0xa0, 0x09, 0xff, 0xff,
    0xff, 0xff, 0xff, 0xff, 0xff, 0x30, 0x00, 0xcf,
    0xff, 0xff, 0xff, 0xff, 0xff, 0xf6, 0x00, 0x00,
    0x09, 0xff, 0xff, 0xff, 0xff, 0xfe, 0x40, 0x00,
    0x00, 0x00, 0x28, 0xce, 0xff, 0xdb, 0x50, 0x00,
    0x00,

    /* U+0039 "9" */
    0x00, 0x00, 0x39, 0xcf, 0xff, 0xd9, 0x30, 0x00,
    0x00, 0x00, 0x0a, 0xff, 0xff, 0xff, 0xff, 0xfb,
    0x10, 0x00, 0x00, 0xdf, 0xff, 0xff, 0xff, 0xff,
    0xff, 0xe2, 0x00, 0x0a, 0xff, 0xff, 0xff, 0xff,
    0xff, 0xff, 0xfd, 0x00, 0x3f, 0xff, 0xff, 0xe9,
    0x67, 0xbf, 0xff, 0xff, 0x70, 0x9f, 0xff, 0xfa,
    0x00, 0x00, 0x04, 0xff, 0xff, 0xe0, 0xcf, 0xff,
    0xf0, 0x00, 0x00, 0x00, 0x8f, 0xff, 0xf4, 0xef,
    0xff, 0xc0, 0x00, 0x00, 0x00, 0x4f, 0xff, 0xf8,
    0xef, 0xff, 0xe0, 0x00, 0x00, 0x00, 0x6f, 0xff,
    0xfb, 0xcf, 0xff, 0xf5, 0x00, 0x00, 0x00, 0xdf,
    0xff, 0xfd, 0x8f, 0xff, 0xff, 0x82, 0x01, 0x5d,
    0xff, 0xff, 0xfe, 0x2f, 0xff, 0xff, 0xff, 0xff,
    0xff, 0xff, 0xff, 0xff, 0x09, 0xff, 0xff, 0xff,
    0xff, 0xff, 0xff, 0xff, 0xff, 0x00, 0xaf, 0xff,
    0xff, 0xff, 0xff, 0x4f, 0xff, 0xfe, 0x00, 0x06,
    0xdf, 0xff, 0xff, 0xb3, 0x1f, 0xff, 0xfc, 0x00,
    0x00, 0x02, 0x45, 0x41, 0x00, 0x3f, 0xff, 0xfa,
    0x00, 0x00, 0x00, 0x00, 0x00, 0x00, 0x8f, 0xff,
    0xf7, 0x00, 0x00, 0x00, 0x00, 0x00, 0x00, 0xef,
    0xff, 0xf3, 0x00, 0x00, 0x00, 0x00, 0x00, 0x07,
    0xff, 0xff, 0xd0, 0x00, 0x4d, 0x40, 0x00, 0x00,
    0x6f, 0xff, 0xff, 0x60, 0x01, 0xef, 0xfd, 0x97,
    0x9d, 0xff, 0xff, 0xfd, 0x00, 0x0c, 0xff, 0xff,
    0xff, 0xff, 0xff, 0xff, 0xf3, 0x00, 0x2d, 0xff,
    0xff, 0xff, 0xff, 0xff, 0xff, 0x40, 0x00, 0x00,
    0x9f, 0xff, 0xff, 0xff, 0xff, 0xc3, 0x00, 0x00,
    0x00, 0x01, 0x7b, 0xef, 0xfd, 0xa4, 0x00, 0x00,
    0x00,

    /* U+003A ":" */
    0x00, 0x9e, 0xe9, 0x00, 0x0c, 0xff, 0xff, 0xb0,
    0x4f, 0xff, 0xff, 0xf3, 0x6f, 0xff, 0xff, 0xf5,
    0x3f, 0xff, 0xff, 0xf2, 0x09, 0xff, 0xff, 0x80,
    0x00, 0x6b, 0xb5, 0x00, 0x00, 0x00, 0x00, 0x00,
    0x00, 0x00, 0x00, 0x00, 0x00, 0x00, 0x00, 0x00,
    0x00, 0x00, 0x00, 0x00, 0x00, 0x5a, 0xa5, 0x00,
    0x09, 0xff, 0xff, 0x80, 0x3f, 0xff, 0xff, 0xf2,
    0x6f, 0xff, 0xff, 0xf5, 0x4f, 0xff, 0xff, 0xf3,
    0x0c, 0xff, 0xff, 0xc0, 0x01, 0xaf, 0xe9, 0x10,

    /* U+003B ";" */
    0x00, 0x9e, 0xea, 0x10, 0x0b, 0xff, 0xff, 0xc0,
    0x3f, 0xff, 0xff, 0xf4, 0x5f, 0xff, 0xff, 0xf6,
    0x2f, 0xff, 0xff, 0xf3, 0x08, 0xff, 0xff, 0x90,
    0x00, 0x5b, 0xb6, 0x00, 0x00, 0x00, 0x00, 0x00,
    0x00, 0x00, 0x00, 0x00, 0x00, 0x00, 0x00, 0x00,
    0x00, 0x00, 0x00, 0x00, 0x00, 0x6a, 0xa5, 0x00,
    0x0b, 0xff, 0xff, 0x90, 0x5f, 0xff, 0xff, 0xf3,
    0x08, 0xff, 0xff, 0xf8, 0x00, 0xaf, 0xff, 0xf9,
    0x00, 0x4f, 0xff, 0xf8, 0x00, 0x3f, 0xff, 0xf4,
    0x00, 0x7f, 0xff, 0xe0, 0x00, 0xdf, 0xff, 0x60,
    0x08, 0xff, 0xfb, 0x00, 0x5f, 0xff, 0xd1, 0x00,
    0x1c, 0xfc, 0x10, 0x00, 0x00, 0x70, 0x00, 0x00,

    /* U+003C "<" */
    0x00, 0x00, 0x00, 0x00, 0x00, 0x00, 0x04, 0x00,
    0x00, 0x00, 0x00, 0x00, 0x00, 0x02, 0xbf, 0x50,
    0x00, 0x00, 0x00, 0x00, 0x00, 0x7f, 0xff, 0xe1,
    0x00, 0x00, 0x00, 0x00, 0x3d, 0xff, 0xff, 0xf9,
    0x00, 0x00, 0x00, 0x19, 0xff, 0xff, 0xff, 0xe5,
    0x00, 0x00, 0x06, 0xef, 0xff, 0xff, 0xf8, 0x00,
    0x00, 0x02, 0xcf, 0xff, 0xff, 0xfc, 0x20, 0x00,
    0x00, 0x8f, 0xff, 0xff, 0xfe, 0x60, 0x00, 0x00,
    0x4e, 0xff, 0xff, 0xff, 0x91, 0x00, 0x00, 0x00,
    0xcf, 0xff, 0xff, 0xd3, 0x00, 0x00, 0x00, 0x00,
    0xcf, 0xff, 0xff, 0x70, 0x00, 0x00, 0x00, 0x00,
    0x9f, 0xff, 0xff, 0xfd, 0x30, 0x00, 0x00, 0x00,
    0x05, 0xef, 0xff, 0xff, 0xf9, 0x10, 0x00, 0x00,
    0x00, 0x08, 0xff, 0xff, 0xff, 0xe6, 0x00, 0x00,
    0x00, 0x00, 0x3c, 0xff, 0xff, 0xff, 0xc2, 0x00,
    0x00, 0x00, 0x00, 0x6f, 0xff, 0xff, 0xff, 0x80,
    0x00, 0x00, 0x00, 0x01, 0xaf, 0xff, 0xff, 0xfb,
    0x00, 0x00, 0x00, 0x00, 0x04, 0xdf, 0xff, 0xf3,
    0x00, 0x00, 0x00, 0x00, 0x00, 0x08, 0xff, 0x90,
    0x00, 0x00, 0x00, 0x00, 0x00, 0x00, 0x2a, 0x10,

    /* U+003D "=" */
    0x02, 0x22, 0x22, 0x22, 0x22, 0x22, 0x22, 0x22,
    0x20, 0x1f, 0xff, 0xff, 0xff, 0xff, 0xff, 0xff,
    0xff, 0xf4, 0x1f, 0xff, 0xff, 0xff, 0xff, 0xff,
    0xff, 0xff, 0xf4, 0x1f, 0xff, 0xff, 0xff, 0xff,
    0xff, 0xff, 0xff, 0xf4, 0x1f, 0xff, 0xff, 0xff,
    0xff, 0xff, 0xff, 0xff, 0xf4, 0x00, 0x00, 0x00,
    0x00, 0x00, 0x00, 0x00, 0x00, 0x00, 0x00, 0x00,
    0x00, 0x00, 0x00, 0x00, 0x00, 0x00, 0x00, 0x03,
    0x33, 0x33, 0x33, 0x33, 0x33, 0x33, 0x33, 0x30,
    0x1f, 0xff, 0xff, 0xff, 0xff, 0xff, 0xff, 0xff,
    0xf4, 0x1f, 0xff, 0xff, 0xff, 0xff, 0xff, 0xff,
    0xff, 0xf4, 0x1f, 0xff, 0xff, 0xff, 0xff, 0xff,
    0xff, 0xff, 0xf4, 0x1f, 0xff, 0xff, 0xff, 0xff,
    0xff, 0xff, 0xff, 0xf4,

    /* U+003E ">" */
    0x00, 0x20, 0x00, 0x00, 0x00, 0x00, 0x00, 0x00,
    0x04, 0xf9, 0x00, 0x00, 0x00, 0x00, 0x00, 0x00,
    0x0d, 0xff, 0xe5, 0x00, 0x00, 0x00, 0x00, 0x00,
    0x7f, 0xff, 0xff, 0xb2, 0x00, 0x00, 0x00, 0x00,
    0x3d, 0xff, 0xff, 0xff, 0x80, 0x00, 0x00, 0x00,
    0x00, 0x7f, 0xff, 0xff, 0xfd, 0x40, 0x00, 0x00,
    0x00, 0x01, 0xaf, 0xff, 0xff, 0xfb, 0x10, 0x00,
    0x00, 0x00, 0x04, 0xdf, 0xff, 0xff, 0xf7, 0x00,
    0x00, 0x00, 0x00, 0x08, 0xff, 0xff, 0xff, 0xd4,
    0x00, 0x00, 0x00, 0x00, 0x2b, 0xff, 0xff, 0xfe,
    0x00, 0x00, 0x00, 0x00, 0x03, 0xff, 0xff, 0xff,
    0x00, 0x00, 0x00, 0x00, 0x9f, 0xff, 0xff, 0xfc,
    0x00, 0x00, 0x00, 0x5e, 0xff, 0xff, 0xfe, 0x60,
    0x00, 0x00, 0x2b, 0xff, 0xff, 0xff, 0xa1, 0x00,
    0x00, 0x07, 0xff, 0xff, 0xff, 0xd3, 0x00, 0x00,
    0x04, 0xdf, 0xff, 0xff, 0xf7, 0x00, 0x00, 0x00,
    0x7f, 0xff, 0xff, 0xfa, 0x10, 0x00, 0x00, 0x00,
    0x3f, 0xff, 0xfd, 0x40, 0x00, 0x00, 0x00, 0x00,
    0x09, 0xff, 0x80, 0x00, 0x00, 0x00, 0x00, 0x00,
    0x01, 0xa2, 0x00, 0x00, 0x00, 0x00, 0x00, 0x00,

    /* U+003F "?" */
    0x00, 0x00, 0x06, 0xbe, 0xff, 0xea, 0x40, 0x00,
    0x00, 0x00, 0x5e, 0xff, 0xff, 0xff, 0xff, 0xb1,
    0x00, 0x00, 0xaf, 0xff, 0xff, 0xff, 0xff, 0xff,
    0xe1, 0x01, 0xcf, 0xff, 0xff, 0xff, 0xff, 0xff,
    0xff, 0xc0, 0xaf, 0xff, 0xff, 0xfd, 0xab, 0xff,
    0xff, 0xff, 0x42, 0xef, 0xff, 0xb2, 0x00, 0x01,
    0xcf, 0xff, 0xfa, 0x03, 0xff, 0x80, 0x00, 0x00,
    0x02, 0xff, 0xff, 0xd0, 0x05, 0x60, 0x00, 0x00,
    0x00, 0x0e, 0xff, 0xff, 0x00, 0x00, 0x00, 0x00,
    0x00, 0x00, 0xff, 0xff, 0xe0, 0x00, 0x00, 0x00,
    0x00, 0x00, 0x5f, 0xff, 0xfb, 0x00, 0x00, 0x00,
    0x00, 0x00, 0x2e, 0xff, 0xff, 0x60, 0x00, 0x00,
    0x00, 0x00, 0x4e, 0xff, 0xff, 0xe0, 0x00, 0x00,
    0x00, 0x00, 0x9f, 0xff, 0xff, 0xf4, 0x00, 0x00,
    0x00, 0x04, 0xdf, 0xff, 0xff, 0xf6, 0x00, 0x00,
    0x00, 0x07, 0xff, 0xff, 0xff, 0xf5, 0x00, 0x00,
    0x00, 0x00, 0x2f, 0xff, 0xff, 0xc2, 0x00, 0x00,
    0x00, 0x00, 0x00, 0x8f, 0xff, 0x70, 0x00, 0x00,
    0x00, 0x00, 0x00, 0x00, 0xdc, 0x20, 0x00, 0x00,
    0x00, 0x00, 0x00, 0x00, 0x01, 0x00, 0x00, 0x00,
    0x00, 0x00, 0x00, 0x00, 0x00, 0x24, 0x20, 0x00,
    0x00, 0x00, 0x00, 0x00, 0x00, 0x8f, 0xff, 0x90,
    0x00, 0x00, 0x00, 0x00, 0x00, 0x4f, 0xff, 0xff,
    0x60, 0x00, 0x00, 0x00, 0x00, 0x08, 0xff, 0xff,
    0xfa, 0x00, 0x00, 0x00, 0x00, 0x00, 0x8f, 0xff,
    0xff, 0x90, 0x00, 0x00, 0x00, 0x00, 0x02, 0xff,
    0xff, 0xf3, 0x00, 0x00, 0x00, 0x00, 0x00, 0x03,
    0xcf, 0xc4, 0x00, 0x00, 0x00,

    /* U+0040 "@" */
    0x00, 0x00, 0x00, 0x00, 0x00, 0x59, 0xce, 0xff,
    0xec, 0x84, 0x00, 0x00, 0x00, 0x00, 0x00, 0x00,
    0x00, 0x00, 0x18, 0xff, 0xff, 0xff, 0xff, 0xff,
    0xfd, 0x50, 0x00, 0x00, 0x00, 0x00, 0x00, 0x00,
    0x6e, 0xff, 0xff, 0xff, 0xff, 0xff, 0xff, 0xff,
    0xc2, 0x00, 0x00, 0x00, 0x00, 0x00, 0x9f, 0xff,
    0xff, 0xff, 0xff, 0xff, 0xff, 0xff, 0xff, 0xe4,
    0x00, 0x00, 0x00, 0x00, 0xbf, 0xff, 0xff, 0xf9,
    0x52, 0x11, 0x36, 0xbf, 0xff, 0xff, 0xf3, 0x00,
    0x00, 0x00, 0x8f, 0xff, 0xff, 0x81, 0x00, 0x00,
    0x00, 0x00, 0x2c, 0xff, 0xff, 0xe2, 0x00, 0x00,
    0x5f, 0xff, 0xfe, 0x30, 0x00, 0x00, 0x00, 0x00,
    0x00, 0x09, 0xff, 0xff, 0xb0, 0x00, 0x0d, 0xff,
    0xff, 0x30, 0x00, 0x04, 0x77, 0x50, 0x05, 0x88,
    0x2b, 0xff, 0xff, 0x40, 0x06, 0xff, 0xff, 0x60,
    0x00, 0x5e, 0xff, 0xff, 0xd3, 0xef, 0xf1, 0x1e,
    0xff, 0xfb, 0x00, 0xdf, 0xff, 0xd0, 0x00, 0x7f,
    0xff, 0xff, 0xff, 0xff, 0xfe, 0x00, 0x8f, 0xff,
    0xf1, 0x2f, 0xff, 0xf6, 0x00, 0x5f, 0xff, 0xff,
    0xff, 0xff, 0xff, 0xa0, 0x02, 0xff, 0xff, 0x46,
    0xff, 0xff, 0x10, 0x1e, 0xff, 0xfe, 0x40, 0x7f,
    0xff, 0xf7, 0x00, 0x0f, 0xff, 0xf6, 0x8f, 0xff,
    0xd0, 0x07, 0xff, 0xff, 0x20, 0x00, 0xff, 0xff,
    0x40, 0x00, 0xef, 0xff, 0x6a, 0xff, 0xfb, 0x00,
    0xdf, 0xff, 0xa0, 0x00, 0x0f, 0xff, 0xf1, 0x00,
    0x0e, 0xff, 0xf5, 0xbf, 0xff, 0xa0, 0x0f, 0xff,
    0xf6, 0x00, 0x00, 0xff, 0xfe, 0x00, 0x00, 0xff,
    0xff, 0x4a, 0xff, 0xfb, 0x01, 0xff, 0xff, 0x40,
    0x00, 0x6f, 0xff, 0xb0, 0x00, 0x4f, 0xff, 0xf1,
    0x9f, 0xff, 0xc0, 0x1f, 0xff, 0xf5, 0x00, 0x0f,
    0xff, 0xfa, 0x00, 0x0b, 0xff, 0xfc, 0x07, 0xff,
    0xff, 0x00, 0xff, 0xff, 0xc1, 0x1a, 0xff, 0xff,
    0xe2, 0x19, 0xff, 0xff, 0x40, 0x4f, 0xff, 0xf5,
    0x0a, 0xff, 0xff, 0xff, 0xff, 0xff, 0xff, 0xff,
    0xff, 0xff, 0xa0, 0x00, 0xff, 0xff, 0xc0, 0x2f,
    0xff, 0xff, 0xff, 0xff, 0xff, 0xff, 0xff, 0xff,
    0xb0, 0x00, 0x09, 0xff, 0xff, 0x50, 0x3e, 0xff,
    0xff, 0xf5, 0x0b, 0xff, 0xff, 0xff, 0x70, 0x00,
    0x00, 0x2f, 0xff, 0xfe, 0x20, 0x06, 0x99, 0x60,
    0x00, 0x04, 0x89, 0x85, 0x00, 0x00, 0x00, 0x00,
    0x9f, 0xff, 0xfe, 0x30, 0x00, 0x00, 0x00, 0x00,
    0x00, 0x01, 0x60, 0x00, 0x00, 0x00, 0x00, 0xdf,
    0xff, 0xff, 0x80, 0x00, 0x00, 0x00, 0x00, 0x06,
    0xef, 0x60, 0x00, 0x00, 0x00, 0x01, 0xef, 0xff,
    0xff, 0xfa, 0x53, 0x12, 0x35, 0x9e, 0xff, 0xff,
    0x30, 0x00, 0x00, 0x00, 0x02, 0xdf, 0xff, 0xff,
    0xff, 0xff, 0xff, 0xff, 0xff, 0xff, 0xf9, 0x00,
    0x00, 0x00, 0x00, 0x00, 0x9f, 0xff, 0xff, 0xff,
    0xff, 0xff, 0xff, 0xff, 0xf7, 0x00, 0x00, 0x00,
    0x00, 0x00, 0x00, 0x2a, 0xff, 0xff, 0xff, 0xff,
    0xff, 0xff, 0x92, 0x00, 0x00, 0x00, 0x00, 0x00,
    0x00, 0x00, 0x01, 0x69, 0xce, 0xff, 0xec, 0xa5,
    0x10, 0x00, 0x00, 0x00, 0x00,

    /* U+0041 "A" */
    0x00, 0x00, 0x00, 0x00, 0x0e, 0xff, 0xff, 0xe0,
    0x00, 0x00, 0x00, 0x00, 0x00, 0x00, 0x00, 0x00,
    0x4f, 0xff, 0xff, 0xf3, 0x00, 0x00, 0x00, 0x00,
    0x00, 0x00, 0x00, 0x00, 0xaf, 0xff, 0xff, 0xf8,
    0x00, 0x00, 0x00, 0x00, 0x00, 0x00, 0x00, 0x00,
    0xff, 0xff, 0xff, 0xfe, 0x00, 0x00, 0x00, 0x00,
    0x00, 0x00, 0x00, 0x05, 0xff, 0xff, 0xff, 0xff,
    0x30, 0x00, 0x00, 0x00, 0x00, 0x00, 0x00, 0x0b,
    0xff, 0xff, 0xff, 0xff, 0x90, 0x00, 0x00, 0x00,
    0x00, 0x00, 0x00, 0x1f, 0xff, 0xf9, 0xaf, 0xff,
    0xe0, 0x00, 0x00, 0x00, 0x00, 0x00, 0x00, 0x6f,
    0xff, 0xf3, 0x5f, 0xff, 0xf3, 0x00, 0x00, 0x00,
    0x00, 0x00, 0x00, 0xbf, 0xff, 0xe0, 0x0f, 0xff,
    0xf9, 0x00, 0x00, 0x00, 0x00, 0x00, 0x01, 0xff,
    0xff, 0x80, 0x0a, 0xff, 0xfe, 0x00, 0x00, 0x00,
    0x00, 0x00, 0x07, 0xff, 0xff, 0x30, 0x05, 0xff,
    0xff, 0x40, 0x00, 0x00, 0x00, 0x00, 0x0c, 0xff,
    0xfd, 0x00, 0x00, 0xff, 0xff, 0x90, 0x00, 0x00,
    0x00, 0x00, 0x2f, 0xff, 0xf8, 0x00, 0x00, 0xbf,
    0xff, 0xe0, 0x00, 0x00, 0x00, 0x00, 0x7f, 0xff,
    0xf3, 0x00, 0x00, 0x6f, 0xff, 0xf4, 0x00, 0x00,
    0x00, 0x00, 0xdf, 0xff, 0xd0, 0x00, 0x00, 0x1f,
    0xff, 0xf9, 0x00, 0x00, 0x00, 0x03, 0xff, 0xff,
    0xe6, 0x66, 0x66, 0x6f, 0xff, 0xfe, 0x00, 0x00,
    0x00, 0x08, 0xff, 0xff, 0xff, 0xff, 0xff, 0xff,
    0xff, 0xff, 0x40, 0x00, 0x00, 0x0e, 0xff, 0xff,
    0xff, 0xff, 0xff, 0xff, 0xff, 0xff, 0x90, 0x00,
    0x00, 0x3f, 0xff, 0xff, 0xff, 0xff, 0xff, 0xff,
    0xff, 0xff, 0xe0, 0x00, 0x00, 0x9f, 0xff, 0xff,
    0xff, 0xff, 0xff, 0xff, 0xff, 0xff, 0xf4, 0x00,
    0x00, 0xef, 0xff, 0xc0, 0x00, 0x00, 0x00, 0x00,
    0x1f, 0xff, 0xf9, 0x00, 0x04, 0xff, 0xff, 0x70,
    0x00, 0x00, 0x00, 0x00, 0x0c, 0xff, 0xfe, 0x00,
    0x0a, 0xff, 0xff, 0x10, 0x00, 0x00, 0x00, 0x00,
    0x06, 0xff, 0xff, 0x40, 0x0f, 0xff, 0xfc, 0x00,
    0x00, 0x00, 0x00, 0x00, 0x01, 0xff, 0xff, 0xa0,
    0x5f, 0xff, 0xf6, 0x00, 0x00, 0x00, 0x00, 0x00,
    0x00, 0xcf, 0xff, 0xf0,

    /* U+0042 "B" */
    0x8f, 0xff, 0xff, 0xff, 0xff, 0xec, 0x94, 0x00,
    0x00, 0x8f, 0xff, 0xff, 0xff, 0xff, 0xff, 0xff,
    0xb1, 0x00, 0x8f, 0xff, 0xff, 0xff, 0xff, 0xff,
    0xff, 0xfc, 0x00, 0x8f, 0xff, 0xff, 0xff, 0xff,
    0xff, 0xff, 0xff, 0x70, 0x8f, 0xff, 0xfa, 0x88,
    0x88, 0xbf, 0xff, 0xff, 0xd0, 0x8f, 0xff, 0xf2,
    0x00, 0x00, 0x05, 0xff, 0xff, 0xf0, 0x8f, 0xff,
    0xf2, 0x00, 0x00, 0x00, 0xcf, 0xff, 0xf2, 0x8f,
    0xff, 0xf2, 0x00, 0x00, 0x00, 0xbf, 0xff, 0xf1,
    0x8f, 0xff, 0xf2, 0x00, 0x00, 0x00, 0xef, 0xff,
    0xf0, 0x8f, 0xff, 0xf2, 0x00, 0x00, 0x3b, 0xff,
    0xff, 0xa0, 0x8f, 0xff, 0xff, 0xff, 0xff, 0xff,
    0xff, 0xff, 0x30, 0x8f, 0xff, 0xff, 0xff, 0xff,
    0xff, 0xff, 0xf5, 0x00, 0x8f, 0xff, 0xff, 0xff,
    0xff, 0xff, 0xff, 0xa0, 0x00, 0x8f, 0xff, 0xff,
    0xff, 0xff, 0xff, 0xff, 0xfc, 0x10, 0x8f, 0xff,
    0xf4, 0x22, 0x22, 0x48, 0xff, 0xff, 0xc0, 0x8f,
    0xff, 0xf2, 0x00, 0x00, 0x00, 0x7f, 0xff, 0xf5,
    0x8f, 0xff, 0xf2, 0x00, 0x00, 0x00, 0x0f, 0xff,
    0xfa, 0x8f, 0xff, 0xf2, 0x00, 0x00, 0x00, 0x0f,
    0xff, 0xfc, 0x8f, 0xff, 0xf2, 0x00, 0x00, 0x00,
    0x2f, 0xff, 0xfd, 0x8f, 0xff, 0xf2, 0x00, 0x00,
    0x00, 0xcf, 0xff, 0xfc, 0x8f, 0xff, 0xfa, 0x88,
    0x88, 0xae, 0xff, 0xff, 0xf8, 0x8f, 0xff, 0xff,
    0xff, 0xff, 0xff, 0xff, 0xff, 0xf2, 0x8f, 0xff,
    0xff, 0xff, 0xff, 0xff, 0xff, 0xff, 0x70, 0x8f,
    0xff, 0xff, 0xff, 0xff, 0xff, 0xff, 0xf7, 0x00,
    0x8f, 0xff, 0xff, 0xff, 0xff, 0xfe, 0xb7, 0x10,
    0x00,

    /* U+0043 "C" */
    0x00, 0x00, 0x00, 0x00, 0x26, 0xbd, 0xef, 0xed,
    0xa6, 0x10, 0x00, 0x00, 0x00, 0x00, 0x00, 0x02,
    0xaf, 0xff, 0xff, 0xff, 0xff, 0xff, 0x91, 0x00,
    0x00, 0x00, 0x00, 0x06, 0xff, 0xff, 0xff, 0xff,
    0xff, 0xff, 0xff, 0xe4, 0x00, 0x00, 0x00, 0x09,
    0xff, 0xff, 0xff, 0xff, 0xff, 0xff, 0xff, 0xff,
    0xf4, 0x00, 0x00, 0x07, 0xff, 0xff, 0xff, 0xfc,
    0x99, 0xbd, 0xff, 0xff, 0xff, 0xf2, 0x00, 0x03,
    0xff, 0xff, 0xff, 0x81, 0x00, 0x00, 0x03, 0xaf,
    0xff, 0xff, 0xc0, 0x00, 0xbf, 0xff, 0xfe, 0x40,
    0x00, 0x00, 0x00, 0x00, 0x6f, 0xff, 0xff, 0x50,
    0x3f, 0xff, 0xff, 0x40, 0x00, 0x00, 0x00, 0x00,
    0x00, 0x7f, 0xfa, 0x40, 0x08, 0xff, 0xff, 0xa0,
    0x00, 0x00, 0x00, 0x00, 0x00, 0x00, 0x40, 0x00,
    0x00, 0xcf, 0xff, 0xf3, 0x00, 0x00, 0x00, 0x00,
    0x00, 0x00, 0x00, 0x00, 0x00, 0x0f, 0xff, 0xfe,
    0x00, 0x00, 0x00, 0x00, 0x00, 0x00, 0x00, 0x00,
    0x00, 0x00, 0xff, 0xff, 0xc0, 0x00, 0x00, 0x00,
    0x00, 0x00, 0x00, 0x00, 0x00, 0x00, 0x1f, 0xff,
    0xfb, 0x00, 0x00, 0x00, 0x00, 0x00, 0x00, 0x00,
    0x00, 0x00, 0x01, 0xff, 0xff, 0xc0, 0x00, 0x00,
    0x00, 0x00, 0x00, 0x00, 0x00, 0x00, 0x00, 0x0f,
    0xff, 0xfe, 0x00, 0x00, 0x00, 0x00, 0x00, 0x00,
    0x00, 0x00, 0x00, 0x00, 0xdf, 0xff, 0xf3, 0x00,
    0x00, 0x00, 0x00, 0x00, 0x00, 0x00, 0x00, 0x00,
    0x09, 0xff, 0xff, 0xa0, 0x00, 0x00, 0x00, 0x00,
    0x00, 0x00, 0x40, 0x00, 0x00, 0x4f, 0xff, 0xff,
    0x50, 0x00, 0x00, 0x00, 0x00, 0x00, 0x7f, 0xfa,
    0x40, 0x00, 0xdf, 0xff, 0xff, 0x40, 0x00, 0x00,
    0x00, 0x00, 0x6f, 0xff, 0xff, 0x50, 0x04, 0xff,
    0xff, 0xff, 0x82, 0x00, 0x00, 0x03, 0xaf, 0xff,
    0xff, 0xc0, 0x00, 0x09, 0xff, 0xff, 0xff, 0xfc,
    0xa9, 0xbd, 0xff, 0xff, 0xff, 0xf2, 0x00, 0x00,
    0x0a, 0xff, 0xff, 0xff, 0xff, 0xff, 0xff, 0xff,
    0xff, 0xf4, 0x00, 0x00, 0x00, 0x08, 0xff, 0xff,
    0xff, 0xff, 0xff, 0xff, 0xff, 0xe4, 0x00, 0x00,
    0x00, 0x00, 0x04, 0xcf, 0xff, 0xff, 0xff, 0xff,
    0xff, 0x91, 0x00, 0x00, 0x00, 0x00, 0x00, 0x00,
    0x38, 0xbe, 0xff, 0xed, 0xa6, 0x10, 0x00, 0x00,
    0x00,

    /* U+0044 "D" */
    0x8f, 0xff, 0xff, 0xff, 0xff, 0xec, 0x94, 0x00,
    0x00, 0x00, 0x00, 0x8f, 0xff, 0xff, 0xff, 0xff,
    0xff, 0xff, 0xd5, 0x00, 0x00, 0x00, 0x8f, 0xff,
    0xff, 0xff, 0xff, 0xff, 0xff, 0xff, 0xb1, 0x00,
    0x00, 0x8f, 0xff, 0xff, 0xff, 0xff, 0xff, 0xff,
    0xff, 0xfd, 0x10, 0x00, 0x8f, 0xff, 0xfa, 0x88,
    0x89, 0xbf, 0xff, 0xff, 0xff, 0xb0, 0x00, 0x8f,
    0xff, 0xf2, 0x00, 0x00, 0x00, 0x6f, 0xff, 0xff,
    0xf6, 0x00, 0x8f, 0xff, 0xf2, 0x00, 0x00, 0x00,
    0x01, 0xdf, 0xff, 0xfe, 0x00, 0x8f, 0xff, 0xf2,
    0x00, 0x00, 0x00, 0x00, 0x2f, 0xff, 0xff, 0x50,
    0x8f, 0xff, 0xf2, 0x00, 0x00, 0x00, 0x00, 0x08,
    0xff, 0xff, 0xa0, 0x8f, 0xff, 0xf2, 0x00, 0x00,
    0x00, 0x00, 0x02, 0xff, 0xff, 0xd0, 0x8f, 0xff,
    0xf2, 0x00, 0x00, 0x00, 0x00, 0x00, 0xef, 0xff,
    0xf0, 0x8f, 0xff, 0xf2, 0x00, 0x00, 0x00, 0x00,
    0x00, 0xdf, 0xff, 0xf1, 0x8f, 0xff, 0xf2, 0x00,
    0x00, 0x00, 0x00, 0x00, 0xbf, 0xff, 0xf2, 0x8f,
    0xff, 0xf2, 0x00, 0x00, 0x00, 0x00, 0x00, 0xcf,
    0xff, 0xf1, 0x8f, 0xff, 0xf2, 0x00, 0x00, 0x00,
    0x00, 0x00, 0xef, 0xff, 0xf0, 0x8f, 0xff, 0xf2,
    0x00, 0x00, 0x00, 0x00, 0x01, 0xff, 0xff, 0xd0,
    0x8f, 0xff, 0xf2, 0x00, 0x00, 0x00, 0x00, 0x07,
    0xff, 0xff, 0xa0, 0x8f, 0xff, 0xf2, 0x00, 0x00,
    0x00, 0x00, 0x2f, 0xff, 0xff, 0x50, 0x8f, 0xff,
    0xf2, 0x00, 0x00, 0x00, 0x01, 0xdf, 0xff, 0xfe,
    0x00, 0x8f, 0xff, 0xf2, 0x00, 0x00, 0x00, 0x6e,
    0xff, 0xff, 0xf7, 0x00, 0x8f, 0xff, 0xfa, 0x88,
    0x89, 0xbf, 0xff, 0xff, 0xff, 0xc0, 0x00, 0x8f,
    0xff, 0xff, 0xff, 0xff, 0xff, 0xff, 0xff, 0xfd,
    0x10, 0x00, 0x8f, 0xff, 0xff, 0xff, 0xff, 0xff,
    0xff, 0xff, 0xc1, 0x00, 0x00, 0x8f, 0xff, 0xff,
    0xff, 0xff, 0xff, 0xff, 0xe6, 0x00, 0x00, 0x00,
    0x8f, 0xff, 0xff, 0xff, 0xff, 0xec, 0x94, 0x00,
    0x00, 0x00, 0x00,

    /* U+0045 "E" */
    0x8f, 0xff, 0xff, 0xff, 0xff, 0xff, 0xff, 0xfd,
    0x8f, 0xff, 0xff, 0xff, 0xff, 0xff, 0xff, 0xfd,
    0x8f, 0xff, 0xff, 0xff, 0xff, 0xff, 0xff, 0xfd,
    0x8f, 0xff, 0xff, 0xff, 0xff, 0xff, 0xff, 0xfd,
    0x8f, 0xff, 0xfa, 0x77, 0x77, 0x77, 0x77, 0x76,
    0x8f, 0xff, 0xf2, 0x00, 0x00, 0x00, 0x00, 0x00,
    0x8f, 0xff, 0xf2, 0x00, 0x00, 0x00, 0x00, 0x00,
    0x8f, 0xff, 0xf2, 0x00, 0x00, 0x00, 0x00, 0x00,
    0x8f, 0xff, 0xf2, 0x00, 0x00, 0x00, 0x00, 0x00,
    0x8f, 0xff, 0xf2, 0x00, 0x00, 0x00, 0x00, 0x00,
    0x8f, 0xff, 0xfa, 0x88, 0x88, 0x88, 0x86, 0x00,
    0x8f, 0xff, 0xff, 0xff, 0xff, 0xff, 0xfc, 0x00,
    0x8f, 0xff, 0xff, 0xff, 0xff, 0xff, 0xfc, 0x00,
    0x8f, 0xff, 0xff, 0xff, 0xff, 0xff, 0xfc, 0x00,
    0x8f, 0xff, 0xff, 0xff, 0xff, 0xff, 0xfc, 0x00,
    0x8f, 0xff, 0xf2, 0x00, 0x00, 0x00, 0x00, 0x00,
    0x8f, 0xff, 0xf2, 0x00, 0x00, 0x00, 0x00, 0x00,
    0x8f, 0xff, 0xf2, 0x00, 0x00, 0x00, 0x00, 0x00,
    0x8f, 0xff, 0xf2, 0x00, 0x00, 0x00, 0x00, 0x00,
    0x8f, 0xff, 0xf2, 0x00, 0x00, 0x00, 0x00, 0x00,
    0x8f, 0xff, 0xfa, 0x88, 0x88, 0x88, 0x88, 0x86,
    0x8f, 0xff, 0xff, 0xff, 0xff, 0xff, 0xff, 0xfd,
    0x8f, 0xff, 0xff, 0xff, 0xff, 0xff, 0xff, 0xfd,
    0x8f, 0xff, 0xff, 0xff, 0xff, 0xff, 0xff, 0xfd,
    0x8f, 0xff, 0xff, 0xff, 0xff, 0xff, 0xff, 0xfd,

    /* U+0046 "F" */
    0x8f, 0xff, 0xff, 0xff, 0xff, 0xff, 0xff, 0xf9,
    0x8f, 0xff, 0xff, 0xff, 0xff, 0xff, 0xff, 0xf9,
    0x8f, 0xff, 0xff, 0xff, 0xff, 0xff, 0xff, 0xf9,
    0x8f, 0xff, 0xff, 0xff, 0xff, 0xff, 0xff, 0xf9,
    0x8f, 0xff, 0xfa, 0x88, 0x88, 0x88, 0x88, 0x84,
    0x8f, 0xff, 0xf2, 0x00, 0x00, 0x00, 0x00, 0x00,
    0x8f, 0xff, 0xf2, 0x00, 0x00, 0x00, 0x00, 0x00,
    0x8f, 0xff, 0xf2, 0x00, 0x00, 0x00, 0x00, 0x00,
    0x8f, 0xff, 0xf2, 0x00, 0x00, 0x00, 0x00, 0x00,
    0x8f, 0xff, 0xf2, 0x00, 0x00, 0x00, 0x00, 0x00,
    0x8f, 0xff, 0xf2, 0x00, 0x00, 0x00, 0x00, 0x00,
    0x8f, 0xff, 0xff, 0xff, 0xff, 0xff, 0xfb, 0x00,
    0x8f, 0xff, 0xff, 0xff, 0xff, 0xff, 0xfb, 0x00,
    0x8f, 0xff, 0xff, 0xff, 0xff, 0xff, 0xfb, 0x00,
    0x8f, 0xff, 0xff, 0xff, 0xff, 0xff, 0xfb, 0x00,
    0x8f, 0xff, 0xfa, 0x88, 0x88, 0x88, 0x85, 0x00,
    0x8f, 0xff, 0xf2, 0x00, 0x00, 0x00, 0x00, 0x00,
    0x8f, 0xff, 0xf2, 0x00, 0x00, 0x00, 0x00, 0x00,
    0x8f, 0xff, 0xf2, 0x00, 0x00, 0x00, 0x00, 0x00,
    0x8f, 0xff, 0xf2, 0x00, 0x00, 0x00, 0x00, 0x00,
    0x8f, 0xff, 0xf2, 0x00, 0x00, 0x00, 0x00, 0x00,
    0x8f, 0xff, 0xf2, 0x00, 0x00, 0x00, 0x00, 0x00,
    0x8f, 0xff, 0xf2, 0x00, 0x00, 0x00, 0x00, 0x00,
    0x8f, 0xff, 0xf2, 0x00, 0x00, 0x00, 0x00, 0x00,
    0x8f, 0xff, 0xf2, 0x00, 0x00, 0x00, 0x00, 0x00,

    /* U+0047 "G" */
    0x00, 0x00, 0x00, 0x00, 0x26, 0xbd, 0xef, 0xed,
    0xa6, 0x10, 0x00, 0x00, 0x00, 0x00, 0x00, 0x00,
    0x2a, 0xff, 0xff, 0xff, 0xff, 0xff, 0xf9, 0x10,
    0x00, 0x00, 0x00, 0x00, 0x06, 0xff, 0xff, 0xff,
    0xff, 0xff, 0xff, 0xff, 0xe4, 0x00, 0x00, 0x00,
    0x00, 0x8f, 0xff, 0xff, 0xff, 0xff, 0xff, 0xff,
    0xff, 0xff, 0x40, 0x00, 0x00, 0x06, 0xff, 0xff,
    0xff, 0xfc, 0x99, 0xbd, 0xff, 0xff, 0xff, 0xf2,
    0x00, 0x00, 0x2f, 0xff, 0xff, 0xf8, 0x10, 0x00,
    0x00, 0x3a, 0xff, 0xff, 0xfd, 0x00, 0x00, 0xbf,
    0xff, 0xff, 0x40, 0x00, 0x00, 0x00, 0x00, 0x6f,
    0xff, 0xff, 0x40, 0x02, 0xff, 0xff, 0xf5, 0x00,
    0x00, 0x00, 0x00, 0x00, 0x07, 0xfc, 0x61, 0x00,
    0x08, 0xff, 0xff, 0xa0, 0x00, 0x00, 0x00, 0x00,
    0x00, 0x00, 0x20, 0x00, 0x00, 0x0c, 0xff, 0xff,
    0x30, 0x00, 0x00, 0x00, 0x00, 0x00, 0x00, 0x00,
    0x00, 0x00, 0x0f, 0xff, 0xfe, 0x00, 0x00, 0x00,
    0x00, 0x00, 0x00, 0x00, 0x00, 0x00, 0x00, 0x0f,
    0xff, 0xfc, 0x00, 0x00, 0x00, 0x04, 0x44, 0x44,
    0x44, 0x44, 0x44, 0x40, 0x1f, 0xff, 0xfb, 0x00,
    0x00, 0x00, 0x0f, 0xff, 0xff, 0xff, 0xff, 0xff,
    0xf1, 0x1f, 0xff, 0xfc, 0x00, 0x00, 0x00, 0x0f,
    0xff, 0xff, 0xff, 0xff, 0xff, 0xf2, 0x0f, 0xff,
    0xfe, 0x00, 0x00, 0x00, 0x0f, 0xff, 0xff, 0xff,
    0xff, 0xff, 0xf2, 0x0d, 0xff, 0xff, 0x30, 0x00,
    0x00, 0x0f, 0xff, 0xff, 0xff, 0xff, 0xff, 0xf0,
    0x09, 0xff, 0xff, 0x90, 0x00, 0x00, 0x00, 0x00,
    0x00, 0x00, 0xef, 0xff, 0xe0, 0x04, 0xff, 0xff,
    0xf3, 0x00, 0x00, 0x00, 0x00, 0x00, 0x07, 0xff,
    0xff, 0x80, 0x00, 0xcf, 0xff, 0xfe, 0x30, 0x00,
    0x00, 0x00, 0x00, 0x5f, 0xff, 0xff, 0x20, 0x00,
    0x4f, 0xff, 0xff, 0xf7, 0x00, 0x00, 0x00, 0x19,
    0xff, 0xff, 0xf9, 0x00, 0x00, 0x08, 0xff, 0xff,
    0xff, 0xfb, 0x87, 0x9c, 0xff, 0xff, 0xff, 0xd1,
    0x00, 0x00, 0x00, 0xaf, 0xff, 0xff, 0xff, 0xff,
    0xff, 0xff, 0xff, 0xfe, 0x20, 0x00, 0x00, 0x00,
    0x08, 0xff, 0xff, 0xff, 0xff, 0xff, 0xff, 0xff,
    0xc1, 0x00, 0x00, 0x00, 0x00, 0x00, 0x3b, 0xff,
    0xff, 0xff, 0xff, 0xff, 0xe6, 0x00, 0x00, 0x00,
    0x00, 0x00, 0x00, 0x00, 0x27, 0xbe, 0xff, 0xec,
    0x94, 0x00, 0x00, 0x00, 0x00,

    /* U+0048 "H" */
    0x8f, 0xff, 0xf2, 0x00, 0x00, 0x00, 0x00, 0x08,
    0xff, 0xff, 0x28, 0xff, 0xff, 0x20, 0x00, 0x00,
    0x00, 0x00, 0x8f, 0xff, 0xf2, 0x8f, 0xff, 0xf2,
    0x00, 0x00, 0x00, 0x00, 0x08, 0xff, 0xff, 0x28,
    0xff, 0xff, 0x20, 0x00, 0x00, 0x00, 0x00, 0x8f,
    0xff, 0xf2, 0x8f, 0xff, 0xf2, 0x00, 0x00, 0x00,
    0x00, 0x08, 0xff, 0xff, 0x28, 0xff, 0xff, 0x20,
    0x00, 0x00, 0x00, 0x00, 0x8f, 0xff, 0xf2, 0x8f,
    0xff, 0xf2, 0x00, 0x00, 0x00, 0x00, 0x08, 0xff,
    0xff, 0x28, 0xff, 0xff, 0x20, 0x00, 0x00, 0x00,
    0x00, 0x8f, 0xff, 0xf2, 0x8f, 0xff, 0xf2, 0x00,
    0x00, 0x00, 0x00, 0x08, 0xff, 0xff, 0x28, 0xff,
    0xff, 0x20, 0x00, 0x00, 0x00, 0x00, 0x8f, 0xff,
    0xf2, 0x8f, 0xff, 0xf2, 0x00, 0x00, 0x00, 0x00,
    0x08, 0xff, 0xff, 0x28, 0xff, 0xff, 0xff, 0xff,
    0xff, 0xff, 0xff, 0xff, 0xff, 0xf2, 0x8f, 0xff,
    0xff, 0xff, 0xff, 0xff, 0xff, 0xff, 0xff, 0xff,
    0x28, 0xff, 0xff, 0xff, 0xff, 0xff, 0xff, 0xff,
    0xff, 0xff, 0xf2, 0x8f, 0xff, 0xff, 0xff, 0xff,
    0xff, 0xff, 0xff, 0xff, 0xff, 0x28, 0xff, 0xff,
    0xa8, 0x88, 0x88, 0x88, 0x88, 0xff, 0xff, 0xf2,
    0x8f, 0xff, 0xf2, 0x00, 0x00, 0x00, 0x00, 0x08,
    0xff, 0xff, 0x28, 0xff, 0xff, 0x20, 0x00, 0x00,
    0x00, 0x00, 0x8f, 0xff, 0xf2, 0x8f, 0xff, 0xf2,
    0x00, 0x00, 0x00, 0x00, 0x08, 0xff, 0xff, 0x28,
    0xff, 0xff, 0x20, 0x00, 0x00, 0x00, 0x00, 0x8f,
    0xff, 0xf2, 0x8f, 0xff, 0xf2, 0x00, 0x00, 0x00,
    0x00, 0x08, 0xff, 0xff, 0x28, 0xff, 0xff, 0x20,
    0x00, 0x00, 0x00, 0x00, 0x8f, 0xff, 0xf2, 0x8f,
    0xff, 0xf2, 0x00, 0x00, 0x00, 0x00, 0x08, 0xff,
    0xff, 0x28, 0xff, 0xff, 0x20, 0x00, 0x00, 0x00,
    0x00, 0x8f, 0xff, 0xf2, 0x8f, 0xff, 0xf2, 0x00,
    0x00, 0x00, 0x00, 0x08, 0xff, 0xff, 0x20,

    /* U+0049 "I" */
    0x8f, 0xff, 0xf2, 0x8f, 0xff, 0xf2, 0x8f, 0xff,
    0xf2, 0x8f, 0xff, 0xf2, 0x8f, 0xff, 0xf2, 0x8f,
    0xff, 0xf2, 0x8f, 0xff, 0xf2, 0x8f, 0xff, 0xf2,
    0x8f, 0xff, 0xf2, 0x8f, 0xff, 0xf2, 0x8f, 0xff,
    0xf2, 0x8f, 0xff, 0xf2, 0x8f, 0xff, 0xf2, 0x8f,
    0xff, 0xf2, 0x8f, 0xff, 0xf2, 0x8f, 0xff, 0xf2,
    0x8f, 0xff, 0xf2, 0x8f, 0xff, 0xf2, 0x8f, 0xff,
    0xf2, 0x8f, 0xff, 0xf2, 0x8f, 0xff, 0xf2, 0x8f,
    0xff, 0xf2, 0x8f, 0xff, 0xf2, 0x8f, 0xff, 0xf2,
    0x8f, 0xff, 0xf2,

    /* U+004A "J" */
    0x00, 0x00, 0x00, 0x00, 0x00, 0x08, 0xff, 0xff,
    0x40, 0x00, 0x00, 0x00, 0x00, 0x00, 0x8f, 0xff,
    0xf4, 0x00, 0x00, 0x00, 0x00, 0x00, 0x08, 0xff,
    0xff, 0x40, 0x00, 0x00, 0x00, 0x00, 0x00, 0x8f,
    0xff, 0xf4, 0x00, 0x00, 0x00, 0x00, 0x00, 0x08,
    0xff, 0xff, 0x40, 0x00, 0x00, 0x00, 0x00, 0x00,
    0x8f, 0xff, 0xf4, 0x00, 0x00, 0x00, 0x00, 0x00,
    0x08, 0xff, 0xff, 0x40, 0x00, 0x00, 0x00, 0x00,
    0x00, 0x8f, 0xff, 0xf4, 0x00, 0x00, 0x00, 0x00,
    0x00, 0x08, 0xff, 0xff, 0x40, 0x00, 0x00, 0x00,
    0x00, 0x00, 0x8f, 0xff, 0xf4, 0x00, 0x00, 0x00,
    0x00, 0x00, 0x08, 0xff, 0xff, 0x40, 0x00, 0x00,
    0x00, 0x00, 0x00, 0x8f, 0xff, 0xf4, 0x00, 0x00,
    0x00, 0x00, 0x00, 0x08, 0xff, 0xff, 0x40, 0x00,
    0x00, 0x00, 0x00, 0x00, 0x8f, 0xff, 0xf4, 0x00,
    0x00, 0x00, 0x00, 0x00, 0x08, 0xff, 0xff, 0x44,
    0x66, 0x66, 0x00, 0x00, 0x00, 0x8f, 0xff, 0xf4,
    0xbf, 0xff, 0xf0, 0x00, 0x00, 0x08, 0xff, 0xff,
    0x3b, 0xff, 0xff, 0x10, 0x00, 0x00, 0xaf, 0xff,
    0xf3, 0x9f, 0xff, 0xf4, 0x00, 0x00, 0x0d, 0xff,
    0xff, 0x17, 0xff, 0xff, 0xd1, 0x00, 0x07, 0xff,
    0xff, 0xe0, 0x1f, 0xff, 0xff, 0xea, 0x9c, 0xff,
    0xff, 0xf8, 0x00, 0xaf, 0xff, 0xff, 0xff, 0xff,
    0xff, 0xfe, 0x10, 0x01, 0xef, 0xff, 0xff, 0xff,
    0xff, 0xff, 0x50, 0x00, 0x01, 0xbf, 0xff, 0xff,
    0xff, 0xfe, 0x40, 0x00, 0x00, 0x00, 0x49, 0xde,
    0xfe, 0xc7, 0x10, 0x00, 0x00,

    /* U+004B "K" */
    0x8f, 0xff, 0xf2, 0x00, 0x00, 0x00, 0x02, 0xef,
    0xff, 0xfb, 0x08, 0xff, 0xff, 0x20, 0x00, 0x00,
    0x01, 0xef, 0xff, 0xfd, 0x00, 0x8f, 0xff, 0xf2,
    0x00, 0x00, 0x00, 0xdf, 0xff, 0xfe, 0x10, 0x08,
    0xff, 0xff, 0x20, 0x00, 0x00, 0xcf, 0xff, 0xfe,
    0x20, 0x00, 0x8f, 0xff, 0xf2, 0x00, 0x00, 0xaf,
    0xff, 0xff, 0x30, 0x00, 0x08, 0xff, 0xff, 0x20,
    0x00, 0x9f, 0xff, 0xff, 0x50, 0x00, 0x00, 0x8f,
    0xff, 0xf2, 0x00, 0x7f, 0xff, 0xff, 0x60, 0x00,
    0x00, 0x08, 0xff, 0xff, 0x20, 0x5f, 0xff, 0xff,
    0x80, 0x00, 0x00, 0x00, 0x8f, 0xff, 0xf2, 0x4f,
    0xff, 0xff, 0xa0, 0x00, 0x00, 0x00, 0x08, 0xff,
    0xff, 0x5f, 0xff, 0xff, 0xb0, 0x00, 0x00, 0x00,
    0x00, 0x8f, 0xff, 0xff, 0xff, 0xff, 0xc0, 0x00,
    0x00, 0x00, 0x00, 0x08, 0xff, 0xff, 0xff, 0xff,
    0xd1, 0x00, 0x00, 0x00, 0x00, 0x00, 0x8f, 0xff,
    0xff, 0xff, 0xf5, 0x00, 0x00, 0x00, 0x00, 0x00,
    0x08, 0xff, 0xff, 0xff, 0xff, 0xe2, 0x00, 0x00,
    0x00, 0x00, 0x00, 0x8f, 0xff, 0xff, 0xff, 0xff,
    0xd1, 0x00, 0x00, 0x00, 0x00, 0x08, 0xff, 0xff,
    0x6f, 0xff, 0xff, 0xc0, 0x00, 0x00, 0x00, 0x00,
    0x8f, 0xff, 0xf2, 0x5f, 0xff, 0xff, 0xb0, 0x00,
    0x00, 0x00, 0x08, 0xff, 0xff, 0x20, 0x7f, 0xff,
    0xff, 0xa0, 0x00, 0x00, 0x00, 0x8f, 0xff, 0xf2,
    0x00, 0x9f, 0xff, 0xff, 0x80, 0x00, 0x00, 0x08,
    0xff, 0xff, 0x20, 0x00, 0xbf, 0xff, 0xff, 0x60,
    0x00, 0x00, 0x8f, 0xff, 0xf2, 0x00, 0x00, 0xcf,
    0xff, 0xff, 0x40, 0x00, 0x08, 0xff, 0xff, 0x20,
    0x00, 0x01, 0xef, 0xff, 0xff, 0x30, 0x00, 0x8f,
    0xff, 0xf2, 0x00, 0x00, 0x02, 0xef, 0xff, 0xfe,
    0x20, 0x08, 0xff, 0xff, 0x20, 0x00, 0x00, 0x04,
    0xff, 0xff, 0xfd, 0x10, 0x8f, 0xff, 0xf2, 0x00,
    0x00, 0x00, 0x05, 0xff, 0xff, 0xfc, 0x00,

    /* U+004C "L" */
    0x8f, 0xff, 0xf2, 0x00, 0x00, 0x00, 0x00, 0x00,
    0x8f, 0xff, 0xf2, 0x00, 0x00, 0x00, 0x00, 0x00,
    0x8f, 0xff, 0xf2, 0x00, 0x00, 0x00, 0x00, 0x00,
    0x8f, 0xff, 0xf2, 0x00, 0x00, 0x00, 0x00, 0x00,
    0x8f, 0xff, 0xf2, 0x00, 0x00, 0x00, 0x00, 0x00,
    0x8f, 0xff, 0xf2, 0x00, 0x00, 0x00, 0x00, 0x00,
    0x8f, 0xff, 0xf2, 0x00, 0x00, 0x00, 0x00, 0x00,
    0x8f, 0xff, 0xf2, 0x00, 0x00, 0x00, 0x00, 0x00,
    0x8f, 0xff, 0xf2, 0x00, 0x00, 0x00, 0x00, 0x00,
    0x8f, 0xff, 0xf2, 0x00, 0x00, 0x00, 0x00, 0x00,
    0x8f, 0xff, 0xf2, 0x00, 0x00, 0x00, 0x00, 0x00,
    0x8f, 0xff, 0xf2, 0x00, 0x00, 0x00, 0x00, 0x00,
    0x8f, 0xff, 0xf2, 0x00, 0x00, 0x00, 0x00, 0x00,
    0x8f, 0xff, 0xf2, 0x00, 0x00, 0x00, 0x00, 0x00,
    0x8f, 0xff, 0xf2, 0x00, 0x00, 0x00, 0x00, 0x00,
    0x8f, 0xff, 0xf2, 0x00, 0x00, 0x00, 0x00, 0x00,
    0x8f, 0xff, 0xf2, 0x00, 0x00, 0x00, 0x00, 0x00,
    0x8f, 0xff, 0xf2, 0x00, 0x00, 0x00, 0x00, 0x00,
    0x8f, 0xff, 0xf2, 0x00, 0x00, 0x00, 0x00, 0x00,
    0x8f, 0xff, 0xf2, 0x00, 0x00, 0x00, 0x00, 0x00,
    0x8f, 0xff, 0xfa, 0x88, 0x88, 0x88, 0x88, 0x81,
    0x8f, 0xff, 0xff, 0xff, 0xff, 0xff, 0xff, 0xf2,
    0x8f, 0xff, 0xff, 0xff, 0xff, 0xff, 0xff, 0xf2,
    0x8f, 0xff, 0xff, 0xff, 0xff, 0xff, 0xff, 0xf2,
    0x8f, 0xff, 0xff, 0xff, 0xff, 0xff, 0xff, 0xf2,

    /* U+004D "M" */
    0x00, 0x00, 0x0c, 0xff, 0xfb, 0x00, 0x00, 0x00,
    0x00, 0x00, 0x07, 0xff, 0xff, 0x00, 0x00, 0x00,
    0x00, 0x00, 0xef, 0xff, 0xf1, 0x00, 0x00, 0x00,
    0x00, 0x00, 0xdf, 0xff, 0xf2, 0x00, 0x00, 0x00,
    0x00, 0x1f, 0xff, 0xff, 0x60, 0x00, 0x00, 0x00,
    0x00, 0x2f, 0xff, 0xff, 0x50, 0x00, 0x00, 0x00,
    0x04, 0xff, 0xff, 0xfc, 0x00, 0x00, 0x00, 0x00,
    0x08, 0xff, 0xff, 0xf8, 0x00, 0x00, 0x00, 0x00,
    0x7f, 0xff, 0xff, 0xf1, 0x00, 0x00, 0x00, 0x00,
    0xdf, 0xff, 0xff, 0xb0, 0x00, 0x00, 0x00, 0x0a,
    0xff, 0xff, 0xff, 0x70, 0x00, 0x00, 0x00, 0x3f,
    0xff, 0xff, 0xfe, 0x00, 0x00, 0x00, 0x00, 0xdf,
    0xff, 0xff, 0xfc, 0x00, 0x00, 0x00, 0x08, 0xff,
    0xff, 0xff, 0xf1, 0x00, 0x00, 0x00, 0x0f, 0xff,
    0xff, 0xff, 0xf2, 0x00, 0x00, 0x00, 0xef, 0xff,
    0xff, 0xff, 0x30, 0x00, 0x00, 0x02, 0xff, 0xff,
    0xef, 0xff, 0x80, 0x00, 0x00, 0x4f, 0xff, 0xef,
    0xff, 0xf6, 0x00, 0x00, 0x00, 0x5f, 0xff, 0xf8,
    0xff, 0xfd, 0x00, 0x00, 0x09, 0xff, 0xfa, 0xdf,
    0xff, 0x90, 0x00, 0x00, 0x08, 0xff, 0xfe, 0x2f,
    0xff, 0xf3, 0x00, 0x00, 0xef, 0xff, 0x5b, 0xff,
    0xfc, 0x00, 0x00, 0x00, 0xbf, 0xff, 0xc0, 0xdf,
    0xff, 0x80, 0x00, 0x4f, 0xff, 0xf1, 0x8f, 0xff,
    0xf0, 0x00, 0x00, 0x0d, 0xff, 0xfa, 0x08, 0xff,
    0xfe, 0x00, 0x0a, 0xff, 0xfc, 0x06, 0xff, 0xff,
    0x10, 0x00, 0x00, 0xff, 0xff, 0x70, 0x3f, 0xff,
    0xf3, 0x00, 0xff, 0xff, 0x70, 0x4f, 0xff, 0xf4,
    0x00, 0x00, 0x3f, 0xff, 0xf5, 0x00, 0xdf, 0xff,
    0x90, 0x5f, 0xff, 0xf2, 0x01, 0xff, 0xff, 0x70,
    0x00, 0x06, 0xff, 0xff, 0x30, 0x08, 0xff, 0xfe,
    0x0b, 0xff, 0xfc, 0x00, 0x0f, 0xff, 0xfa, 0x00,
    0x00, 0x9f, 0xff, 0xf0, 0x00, 0x2f, 0xff, 0xf5,
    0xff, 0xff, 0x60, 0x00, 0xcf, 0xff, 0xd0, 0x00,
    0x0b, 0xff, 0xfe, 0x00, 0x00, 0xdf, 0xff, 0xff,
    0xff, 0xf1, 0x00, 0x0a, 0xff, 0xff, 0x00, 0x00,
    0xef, 0xff, 0xb0, 0x00, 0x07, 0xff, 0xff, 0xff,
    0xfb, 0x00, 0x00, 0x7f, 0xff, 0xf2, 0x00, 0x1f,
    0xff, 0xf9, 0x00, 0x00, 0x2f, 0xff, 0xff, 0xff,
    0x50, 0x00, 0x05, 0xff, 0xff, 0x50, 0x04, 0xff,
    0xff, 0x60, 0x00, 0x00, 0xcf, 0xff, 0xff, 0xf0,
    0x00, 0x00, 0x2f, 0xff, 0xf8, 0x00, 0x7f, 0xff,
    0xf4, 0x00, 0x00, 0x07, 0xff, 0xff, 0xfa, 0x00,
    0x00, 0x00, 0xff, 0xff, 0xb0, 0x0a, 0xff, 0xff,
    0x10, 0x00, 0x00, 0x1f, 0xff, 0xff, 0x50, 0x00,
    0x00, 0x0d, 0xff, 0xfd, 0x00, 0xcf, 0xff, 0xf0,
    0x00, 0x00, 0x00, 0xbf, 0xff, 0xf0, 0x00, 0x00,
    0x00, 0xbf, 0xff, 0xf0, 0x0f, 0xff, 0xfc, 0x00,
    0x00, 0x00, 0x06, 0xff, 0xfa, 0x00, 0x00, 0x00,
    0x08, 0xff, 0xff, 0x30,

    /* U+004E "N" */
    0x8f, 0xff, 0xe1, 0x00, 0x00, 0x00, 0x00, 0x00,
    0x5f, 0xff, 0xf6, 0x8f, 0xff, 0xfb, 0x00, 0x00,
    0x00, 0x00, 0x00, 0x5f, 0xff, 0xf6, 0x8f, 0xff,
    0xff, 0x70, 0x00, 0x00, 0x00, 0x00, 0x5f, 0xff,
    0xf6, 0x8f, 0xff, 0xff, 0xf3, 0x00, 0x00, 0x00,
    0x00, 0x5f, 0xff, 0xf6, 0x8f, 0xff, 0xff, 0xfe,
    0x10, 0x00, 0x00, 0x00, 0x5f, 0xff, 0xf6, 0x8f,
    0xff, 0xff, 0xff, 0xb0, 0x00, 0x00, 0x00, 0x5f,
    0xff, 0xf6, 0x8f, 0xff, 0xff, 0xff, 0xf6, 0x00,
    0x00, 0x00, 0x5f, 0xff, 0xf6, 0x8f, 0xff, 0xff,
    0xff, 0xff, 0x30, 0x00, 0x00, 0x5f, 0xff, 0xf6,
    0x8f, 0xff, 0xff, 0xff, 0xff, 0xd0, 0x00, 0x00,
    0x5f, 0xff, 0xf6, 0x8f, 0xff, 0xf6, 0xff, 0xff,
    0xfa, 0x00, 0x00, 0x5f, 0xff, 0xf6, 0x8f, 0xff,
    0xf2, 0x7f, 0xff, 0xff, 0x50, 0x00, 0x5f, 0xff,
    0xf6, 0x8f, 0xff, 0xf2, 0x0b, 0xff, 0xff, 0xf2,
    0x00, 0x5f, 0xff, 0xf6, 0x8f, 0xff, 0xf2, 0x01,
    0xef, 0xff, 0xfc, 0x00, 0x5f, 0xff, 0xf6, 0x8f,
    0xff, 0xf2, 0x00, 0x4f, 0xff, 0xff, 0x90, 0x5f,
    0xff, 0xf6, 0x8f, 0xff, 0xf2, 0x00, 0x08, 0xff,
    0xff, 0xf4, 0x5f, 0xff, 0xf6, 0x8f, 0xff, 0xf2,
    0x00, 0x00, 0xcf, 0xff, 0xfe, 0x6f, 0xff, 0xf6,
    0x8f, 0xff, 0xf2, 0x00, 0x00, 0x1e, 0xff, 0xff,
    0xff, 0xff, 0xf6, 0x8f, 0xff, 0xf2, 0x00, 0x00,
    0x05, 0xff, 0xff, 0xff, 0xff, 0xf6, 0x8f, 0xff,
    0xf2, 0x00, 0x00, 0x00, 0x9f, 0xff, 0xff, 0xff,
    0xf6, 0x8f, 0xff, 0xf2, 0x00, 0x00, 0x00, 0x0d,
    0xff, 0xff, 0xff, 0xf6, 0x8f, 0xff, 0xf2, 0x00,
    0x00, 0x00, 0x02, 0xff, 0xff, 0xff, 0xf6, 0x8f,
    0xff, 0xf2, 0x00, 0x00, 0x00, 0x00, 0x6f, 0xff,
    0xff, 0xf6, 0x8f, 0xff, 0xf2, 0x00, 0x00, 0x00,
    0x00, 0x0a, 0xff, 0xff, 0xf6, 0x8f, 0xff, 0xf2,
    0x00, 0x00, 0x00, 0x00, 0x00, 0xdf, 0xff, 0xf6,
    0x8f, 0xff, 0xf2, 0x00, 0x00, 0x00, 0x00, 0x00,
    0x3f, 0xff, 0xf6,

    /* U+004F "O" */
    0x00, 0x00, 0x00, 0x00, 0x16, 0xad, 0xef, 0xed,
    0xa6, 0x10, 0x00, 0x00, 0x00, 0x00, 0x00, 0x00,
    0x01, 0x9f, 0xff, 0xff, 0xff, 0xff, 0xff, 0x91,
    0x00, 0x00, 0x00, 0x00, 0x00, 0x05, 0xff, 0xff,
    0xff, 0xff, 0xff, 0xff, 0xff, 0xf5, 0x00, 0x00,
    0x00, 0x00, 0x08, 0xff, 0xff, 0xff, 0xff, 0xff,
    0xff, 0xff, 0xff, 0xf8, 0x00, 0x00, 0x00, 0x06,
    0xff, 0xff, 0xff, 0xfd, 0xba, 0xbd, 0xff, 0xff,
    0xff, 0xf6, 0x00, 0x00, 0x02, 0xff, 0xff, 0xff,
    0xa3, 0x00, 0x00, 0x02, 0x9f, 0xff, 0xff, 0xf2,
    0x00, 0x00, 0xbf, 0xff, 0xff, 0x50, 0x00, 0x00,
    0x00, 0x00, 0x5f, 0xff, 0xff, 0xb0, 0x00, 0x3f,
    0xff, 0xff, 0x50, 0x00, 0x00, 0x00, 0x00, 0x00,
    0x5f, 0xff, 0xff, 0x20, 0x08, 0xff, 0xff, 0xa0,
    0x00, 0x00, 0x00, 0x00, 0x00, 0x00, 0xaf, 0xff,
    0xf8, 0x00, 0xcf, 0xff, 0xf3, 0x00, 0x00, 0x00,
    0x00, 0x00, 0x00, 0x03, 0xff, 0xff, 0xc0, 0x0f,
    0xff, 0xfe, 0x00, 0x00, 0x00, 0x00, 0x00, 0x00,
    0x00, 0x0e, 0xff, 0xff, 0x00, 0xff, 0xff, 0xc0,
    0x00, 0x00, 0x00, 0x00, 0x00, 0x00, 0x00, 0xcf,
    0xff, 0xf0, 0x1f, 0xff, 0xfb, 0x00, 0x00, 0x00,
    0x00, 0x00, 0x00, 0x00, 0x0b, 0xff, 0xff, 0x10,
    0xff, 0xff, 0xc0, 0x00, 0x00, 0x00, 0x00, 0x00,
    0x00, 0x00, 0xcf, 0xff, 0xf0, 0x0f, 0xff, 0xfe,
    0x00, 0x00, 0x00, 0x00, 0x00, 0x00, 0x00, 0x0e,
    0xff, 0xff, 0x00, 0xcf, 0xff, 0xf4, 0x00, 0x00,
    0x00, 0x00, 0x00, 0x00, 0x03, 0xff, 0xff, 0xc0,
    0x07, 0xff, 0xff, 0xa0, 0x00, 0x00, 0x00, 0x00,
    0x00, 0x00, 0xaf, 0xff, 0xf7, 0x00, 0x2f, 0xff,
    0xff, 0x50, 0x00, 0x00, 0x00, 0x00, 0x00, 0x6f,
    0xff, 0xff, 0x20, 0x00, 0xaf, 0xff, 0xff, 0x50,
    0x00, 0x00, 0x00, 0x00, 0x5f, 0xff, 0xff, 0xa0,
    0x00, 0x02, 0xff, 0xff, 0xff, 0xa3, 0x00, 0x00,
    0x03, 0xaf, 0xff, 0xff, 0xf2, 0x00, 0x00, 0x05,
    0xff, 0xff, 0xff, 0xfe, 0xca, 0xce, 0xff, 0xff,
    0xff, 0xf5, 0x00, 0x00, 0x00, 0x07, 0xff, 0xff,
    0xff, 0xff, 0xff, 0xff, 0xff, 0xff, 0xf7, 0x00,
    0x00, 0x00, 0x00, 0x05, 0xff, 0xff, 0xff, 0xff,
    0xff, 0xff, 0xff, 0xf5, 0x00, 0x00, 0x00, 0x00,
    0x00, 0x01, 0x9f, 0xff, 0xff, 0xff, 0xff, 0xff,
    0x91, 0x00, 0x00, 0x00, 0x00, 0x00, 0x00, 0x00,
    0x16, 0xad, 0xef, 0xed, 0xa6, 0x10, 0x00, 0x00,
    0x00, 0x00,

    /* U+0050 "P" */
    0x8f, 0xff, 0xff, 0xff, 0xff, 0xec, 0x71, 0x00,
    0x00, 0x08, 0xff, 0xff, 0xff, 0xff, 0xff, 0xff,
    0xf6, 0x00, 0x00, 0x8f, 0xff, 0xff, 0xff, 0xff,
    0xff, 0xff, 0xfa, 0x00, 0x08, 0xff, 0xff, 0xff,
    0xff, 0xff, 0xff, 0xff, 0xf7, 0x00, 0x8f, 0xff,
    0xfa, 0x88, 0x88, 0xbf, 0xff, 0xff, 0xf2, 0x08,
    0xff, 0xff, 0x20, 0x00, 0x00, 0x3e, 0xff, 0xff,
    0x80, 0x8f, 0xff, 0xf2, 0x00, 0x00, 0x00, 0x3f,
    0xff, 0xfd, 0x08, 0xff, 0xff, 0x20, 0x00, 0x00,
    0x00, 0xdf, 0xff, 0xf0, 0x8f, 0xff, 0xf2, 0x00,
    0x00, 0x00, 0x0b, 0xff, 0xff, 0x28, 0xff, 0xff,
    0x20, 0x00, 0x00, 0x00, 0xbf, 0xff, 0xf2, 0x8f,
    0xff, 0xf2, 0x00, 0x00, 0x00, 0x0d, 0xff, 0xff,
    0x08, 0xff, 0xff, 0x20, 0x00, 0x00, 0x04, 0xff,
    0xff, 0xd0, 0x8f, 0xff, 0xf2, 0x00, 0x00, 0x04,
    0xef, 0xff, 0xf9, 0x08, 0xff, 0xff, 0xb8, 0x88,
    0x9c, 0xff, 0xff, 0xff, 0x20, 0x8f, 0xff, 0xff,
    0xff, 0xff, 0xff, 0xff, 0xff, 0x70, 0x08, 0xff,
    0xff, 0xff, 0xff, 0xff, 0xff, 0xff, 0xa0, 0x00,
    0x8f, 0xff, 0xff, 0xff, 0xff, 0xff, 0xff, 0x70,
    0x00, 0x08, 0xff, 0xff, 0xff, 0xff, 0xfe, 0xc7,
    0x10, 0x00, 0x00, 0x8f, 0xff, 0xf2, 0x00, 0x00,
    0x00, 0x00, 0x00, 0x00, 0x08, 0xff, 0xff, 0x20,
    0x00, 0x00, 0x00, 0x00, 0x00, 0x00, 0x8f, 0xff,
    0xf2, 0x00, 0x00, 0x00, 0x00, 0x00, 0x00, 0x08,
    0xff, 0xff, 0x20, 0x00, 0x00, 0x00, 0x00, 0x00,
    0x00, 0x8f, 0xff, 0xf2, 0x00, 0x00, 0x00, 0x00,
    0x00, 0x00, 0x08, 0xff, 0xff, 0x20, 0x00, 0x00,
    0x00, 0x00, 0x00, 0x00, 0x8f, 0xff, 0xf2, 0x00,
    0x00, 0x00, 0x00, 0x00, 0x00, 0x00,

    /* U+0051 "Q" */
    0x00, 0x00, 0x00, 0x00, 0x16, 0xad, 0xef, 0xed,
    0xa6, 0x10, 0x00, 0x00, 0x00, 0x00, 0x00, 0x00,
    0x01, 0x9f, 0xff, 0xff, 0xff, 0xff, 0xff, 0x91,
    0x00, 0x00, 0x00, 0x00, 0x00, 0x05, 0xff, 0xff,
    0xff, 0xff, 0xff, 0xff, 0xff, 0xf5, 0x00, 0x00,
    0x00, 0x00, 0x08, 0xff, 0xff, 0xff, 0xff, 0xff,
    0xff, 0xff, 0xff, 0xf8, 0x00, 0x00, 0x00, 0x06,
    0xff, 0xff, 0xff, 0xfd, 0xba, 0xbd, 0xff, 0xff,
    0xff, 0xf6, 0x00, 0x00, 0x02, 0xff, 0xff, 0xff,
    0xa3, 0x00, 0x00, 0x02, 0x9f, 0xff, 0xff, 0xf2,
    0x00, 0x00, 0xbf, 0xff, 0xff, 0x50, 0x00, 0x00,
    0x00, 0x00, 0x5f, 0xff, 0xff, 0xb0, 0x00, 0x3f,
    0xff, 0xff, 0x50, 0x00, 0x00, 0x00, 0x00, 0x00,
    0x5f, 0xff, 0xff, 0x20, 0x08, 0xff, 0xff, 0xa0,
    0x00, 0x00, 0x00, 0x00, 0x00, 0x00, 0xaf, 0xff,
    0xf8, 0x00, 0xcf, 0xff, 0xf3, 0x00, 0x00, 0x00,
    0x00, 0x00, 0x00, 0x03, 0xff, 0xff, 0xc0, 0x0f,
    0xff, 0xfe, 0x00, 0x00, 0x00, 0x00, 0x00, 0x00,
    0x00, 0x0e, 0xff, 0xff, 0x00, 0xff, 0xff, 0xc0,
    0x00, 0x00, 0x00, 0x00, 0x00, 0x00, 0x00, 0xcf,
    0xff, 0xf0, 0x1f, 0xff, 0xfb, 0x00, 0x00, 0x00,
    0x00, 0x00, 0x00, 0x00, 0x0b, 0xff, 0xff, 0x10,
    0xff, 0xff, 0xc0, 0x00, 0x00, 0x00, 0x00, 0x00,
    0x00, 0x00, 0xcf, 0xff, 0xf0, 0x0f, 0xff, 0xfe,
    0x00, 0x00, 0x00, 0x0a, 0xee, 0xed, 0x10, 0x0e,
    0xff, 0xff, 0x00, 0xcf, 0xff, 0xf4, 0x00, 0x00,
    0x00, 0x3f, 0xff, 0xfa, 0x03, 0xff, 0xff, 0xc0,
    0x07, 0xff, 0xff, 0xa0, 0x00, 0x00, 0x00, 0x9f,
    0xff, 0xf3, 0xaf, 0xff, 0xf7, 0x00, 0x2f, 0xff,
    0xff, 0x50, 0x00, 0x00, 0x00, 0xef, 0xff, 0xff,
    0xff, 0xff, 0x20, 0x00, 0xaf, 0xff, 0xff, 0x50,
    0x00, 0x00, 0x05, 0xff, 0xff, 0xff, 0xff, 0xa0,
    0x00, 0x02, 0xff, 0xff, 0xff, 0xa3, 0x00, 0x00,
    0x0f, 0xff, 0xff, 0xff, 0xf2, 0x00, 0x00, 0x05,
    0xff, 0xff, 0xff, 0xfe, 0xca, 0xce, 0xff, 0xff,
    0xff, 0xf5, 0x00, 0x00, 0x00, 0x07, 0xff, 0xff,
    0xff, 0xff, 0xff, 0xff, 0xff, 0xff, 0xfc, 0x00,
    0x00, 0x00, 0x00, 0x05, 0xff, 0xff, 0xff, 0xff,
    0xff, 0xff, 0xff, 0xff, 0xe0, 0x00, 0x00, 0x00,
    0x00, 0x01, 0x9f, 0xff, 0xff, 0xff, 0xff, 0xff,
    0xff, 0xff, 0x80, 0x00, 0x00, 0x00, 0x00, 0x00,
    0x16, 0xad, 0xef, 0xed, 0xa6, 0x1a, 0xff, 0xff,
    0x20, 0x00, 0x00, 0x00, 0x00, 0x00, 0x00, 0x00,
    0x00, 0x00, 0x00, 0x1f, 0xff, 0xfc, 0x00,

    /* U+0052 "R" */
    0x8f, 0xff, 0xff, 0xff, 0xff, 0xfc, 0x83, 0x00,
    0x00, 0x08, 0xff, 0xff, 0xff, 0xff, 0xff, 0xff,
    0xfa, 0x00, 0x00, 0x8f, 0xff, 0xff, 0xff, 0xff,
    0xff, 0xff, 0xfd, 0x10, 0x08, 0xff, 0xff, 0xff,
    0xff, 0xff, 0xff, 0xff, 0xfc, 0x00, 0x8f, 0xff,
    0xfa, 0x88, 0x88, 0xaf, 0xff, 0xff, 0xf7, 0x08,
    0xff, 0xff, 0x20, 0x00, 0x00, 0x1b, 0xff, 0xff,
    0xe0, 0x8f, 0xff, 0xf2, 0x00, 0x00, 0x00, 0x0e,
    0xff, 0xff, 0x28, 0xff, 0xff, 0x20, 0x00, 0x00,
    0x00, 0x9f, 0xff, 0xf4, 0x8f, 0xff, 0xf2, 0x00,
    0x00, 0x00, 0x07, 0xff, 0xff, 0x58, 0xff, 0xff,
    0x20, 0x00, 0x00, 0x00, 0x9f, 0xff, 0xf5, 0x8f,
    0xff, 0xf2, 0x00, 0x00, 0x00, 0x0e, 0xff, 0xff,
    0x28, 0xff, 0xff, 0x20, 0x00, 0x00, 0x1b, 0xff,
    0xff, 0xe0, 0x8f, 0xff, 0xfa, 0x88, 0x88, 0xaf,
    0xff, 0xff, 0xf7, 0x08, 0xff, 0xff, 0xff, 0xff,
    0xff, 0xff, 0xff, 0xfc, 0x00, 0x8f, 0xff, 0xff,
    0xff, 0xff, 0xff, 0xff, 0xfe, 0x10, 0x08, 0xff,
    0xff, 0xff, 0xff, 0xff, 0xff, 0xfa, 0x10, 0x00,
    0x8f, 0xff, 0xff, 0xff, 0xff, 0xff, 0xff, 0x20,
    0x00, 0x08, 0xff, 0xff, 0x20, 0x00, 0x7f, 0xff,
    0xfa, 0x00, 0x00, 0x8f, 0xff, 0xf2, 0x00, 0x00,
    0xef, 0xff, 0xf3, 0x00, 0x08, 0xff, 0xff, 0x20,
    0x00, 0x06, 0xff, 0xff, 0xb0, 0x00, 0x8f, 0xff,
    0xf2, 0x00, 0x00, 0x0e, 0xff, 0xff, 0x40, 0x08,
    0xff, 0xff, 0x20, 0x00, 0x00, 0x5f, 0xff, 0xfc,
    0x00, 0x8f, 0xff, 0xf2, 0x00, 0x00, 0x00, 0xdf,
    0xff, 0xf4, 0x08, 0xff, 0xff, 0x20, 0x00, 0x00,
    0x05, 0xff, 0xff, 0xd0, 0x8f, 0xff, 0xf2, 0x00,
    0x00, 0x00, 0x0c, 0xff, 0xff, 0x50,

    /* U+0053 "S" */
    0x00, 0x00, 0x00, 0x49, 0xde, 0xff, 0xd9, 0x40,
    0x00, 0x00, 0x00, 0x00, 0x3c, 0xff, 0xff, 0xff,
    0xff, 0xfc, 0x20, 0x00, 0x00, 0x04, 0xff, 0xff,
    0xff, 0xff, 0xff, 0xff, 0xf4, 0x00, 0x00, 0x1f,
    0xff, 0xff, 0xff, 0xff, 0xff, 0xff, 0xff, 0x30,
    0x00, 0x9f, 0xff, 0xff, 0xb8, 0x89, 0xef, 0xff,
    0xff, 0x70, 0x00, 0xef, 0xff, 0xf4, 0x00, 0x00,
    0x06, 0xff, 0xd3, 0x00, 0x00, 0xff, 0xff, 0xc0,
    0x00, 0x00, 0x00, 0x38, 0x00, 0x00, 0x00, 0xff,
    0xff, 0xc0, 0x00, 0x00, 0x00, 0x00, 0x00, 0x00,
    0x00, 0xef, 0xff, 0xf5, 0x00, 0x00, 0x00, 0x00,
    0x00, 0x00, 0x00, 0x9f, 0xff, 0xff, 0xa4, 0x00,
    0x00, 0x00, 0x00, 0x00, 0x00, 0x2f, 0xff, 0xff,
    0xff, 0xfb, 0x72, 0x00, 0x00, 0x00, 0x00, 0x06,
    0xff, 0xff, 0xff, 0xff, 0xff, 0xc5, 0x00, 0x00,
    0x00, 0x00, 0x4e, 0xff, 0xff, 0xff, 0xff, 0xff,
    0xc1, 0x00, 0x00, 0x00, 0x00, 0x6c, 0xff, 0xff,
    0xff, 0xff, 0xfd, 0x10, 0x00, 0x00, 0x00, 0x00,
    0x15, 0xae, 0xff, 0xff, 0xff, 0x90, 0x00, 0x00,
    0x00, 0x00, 0x00, 0x00, 0x5d, 0xff, 0xff, 0xe0,
    0x00, 0x00, 0x00, 0x00, 0x00, 0x00, 0x01, 0xdf,
    0xff, 0xf3, 0x00, 0x05, 0xd2, 0x00, 0x00, 0x00,
    0x00, 0x8f, 0xff, 0xf4, 0x02, 0xbf, 0xfd, 0x10,
    0x00, 0x00, 0x00, 0x9f, 0xff, 0xf4, 0x0c, 0xff,
    0xff, 0xe4, 0x00, 0x00, 0x03, 0xff, 0xff, 0xf1,
    0x03, 0xff, 0xff, 0xff, 0xd8, 0x67, 0xaf, 0xff,
    0xff, 0xc0, 0x00, 0x7f, 0xff, 0xff, 0xff, 0xff,
    0xff, 0xff, 0xff, 0x30, 0x00, 0x08, 0xff, 0xff,
    0xff, 0xff, 0xff, 0xff, 0xf5, 0x00, 0x00, 0x00,
    0x4d, 0xff, 0xff, 0xff, 0xff, 0xfd, 0x30, 0x00,
    0x00, 0x00, 0x00, 0x49, 0xde, 0xfe, 0xda, 0x40,
    0x00, 0x00,

    /* U+0054 "T" */
    0xaf, 0xff, 0xff, 0xff, 0xff, 0xff, 0xff, 0xff,
    0xff, 0xff, 0x1a, 0xff, 0xff, 0xff, 0xff, 0xff,
    0xff, 0xff, 0xff, 0xff, 0xf1, 0xaf, 0xff, 0xff,
    0xff, 0xff, 0xff, 0xff, 0xff, 0xff, 0xff, 0x1a,
    0xff, 0xff, 0xff, 0xff, 0xff, 0xff, 0xff, 0xff,
    0xff, 0xf1, 0x58, 0x88, 0x88, 0x8c, 0xff, 0xff,
    0xf8, 0x88, 0x88, 0x88, 0x00, 0x00, 0x00, 0x00,
    0x4f, 0xff, 0xf7, 0x00, 0x00, 0x00, 0x00, 0x00,
    0x00, 0x00, 0x04, 0xff, 0xff, 0x70, 0x00, 0x00,
    0x00, 0x00, 0x00, 0x00, 0x00, 0x4f, 0xff, 0xf7,
    0x00, 0x00, 0x00, 0x00, 0x00, 0x00, 0x00, 0x04,
    0xff, 0xff, 0x70, 0x00, 0x00, 0x00, 0x00, 0x00,
    0x00, 0x00, 0x4f, 0xff, 0xf7, 0x00, 0x00, 0x00,
    0x00, 0x00, 0x00, 0x00, 0x04, 0xff, 0xff, 0x70,
    0x00, 0x00, 0x00, 0x00, 0x00, 0x00, 0x00, 0x4f,
    0xff, 0xf7, 0x00, 0x00, 0x00, 0x00, 0x00, 0x00,
    0x00, 0x04, 0xff, 0xff, 0x70, 0x00, 0x00, 0x00,
    0x00, 0x00, 0x00, 0x00, 0x4f, 0xff, 0xf7, 0x00,
    0x00, 0x00, 0x00, 0x00, 0x00, 0x00, 0x04, 0xff,
    0xff, 0x70, 0x00, 0x00, 0x00, 0x00, 0x00, 0x00,
    0x00, 0x4f, 0xff, 0xf7, 0x00, 0x00, 0x00, 0x00,
    0x00, 0x00, 0x00, 0x04, 0xff, 0xff, 0x70, 0x00,
    0x00, 0x00, 0x00, 0x00, 0x00, 0x00, 0x4f, 0xff,
    0xf7, 0x00, 0x00, 0x00, 0x00, 0x00, 0x00, 0x00,
    0x04, 0xff, 0xff, 0x70, 0x00, 0x00, 0x00, 0x00,
    0x00, 0x00, 0x00, 0x4f, 0xff, 0xf7, 0x00, 0x00,
    0x00, 0x00, 0x00, 0x00, 0x00, 0x04, 0xff, 0xff,
    0x70, 0x00, 0x00, 0x00, 0x00, 0x00, 0x00, 0x00,
    0x4f, 0xff, 0xf7, 0x00, 0x00, 0x00, 0x00, 0x00,
    0x00, 0x00, 0x04, 0xff, 0xff, 0x70, 0x00, 0x00,
    0x00, 0x00, 0x00, 0x00, 0x00, 0x4f, 0xff, 0xf7,
    0x00, 0x00, 0x00, 0x00, 0x00, 0x00, 0x00, 0x04,
    0xff, 0xff, 0x70, 0x00, 0x00, 0x00, 0x00,

    /* U+0055 "U" */
    0xbf, 0xff, 0xf1, 0x00, 0x00, 0x00, 0x00, 0x0c,
    0xff, 0xff, 0xbf, 0xff, 0xf1, 0x00, 0x00, 0x00,
    0x00, 0x0c, 0xff, 0xff, 0xbf, 0xff, 0xf1, 0x00,
    0x00, 0x00, 0x00, 0x0c, 0xff, 0xff, 0xbf, 0xff,
    0xf1, 0x00, 0x00, 0x00, 0x00, 0x0c, 0xff, 0xff,
    0xbf, 0xff, 0xf1, 0x00, 0x00, 0x00, 0x00, 0x0c,
    0xff, 0xff, 0xbf, 0xff, 0xf1, 0x00, 0x00, 0x00,
    0x00, 0x0c, 0xff, 0xff, 0xbf, 0xff, 0xf1, 0x00,
    0x00, 0x00, 0x00, 0x0c, 0xff, 0xff, 0xbf, 0xff,
    0xf1, 0x00, 0x00, 0x00, 0x00, 0x0c, 0xff, 0xff,
    0xbf, 0xff, 0xf1, 0x00, 0x00, 0x00, 0x00, 0x0c,
    0xff, 0xff, 0xbf, 0xff, 0xf1, 0x00, 0x00, 0x00,
    0x00, 0x0c, 0xff, 0xff, 0xbf, 0xff, 0xf1, 0x00,
    0x00, 0x00, 0x00, 0x0c, 0xff, 0xff, 0xbf, 0xff,
    0xf1, 0x00, 0x00, 0x00, 0x00, 0x0c, 0xff, 0xff,
    0xbf, 0xff, 0xf1, 0x00, 0x00, 0x00, 0x00, 0x0c,
    0xff, 0xff, 0xbf, 0xff, 0xf1, 0x00, 0x00, 0x00,
    0x00, 0x0c, 0xff, 0xff, 0xbf, 0xff, 0xf1, 0x00,
    0x00, 0x00, 0x00, 0x0c, 0xff, 0xff, 0xaf, 0xff,
    0xf1, 0x00, 0x00, 0x00, 0x00, 0x0c, 0xff, 0xfe,
    0x9f, 0xff, 0xf4, 0x00, 0x00, 0x00, 0x00, 0x0f,
    0xff, 0xfd, 0x7f, 0xff, 0xf9, 0x00, 0x00, 0x00,
    0x00, 0x4f, 0xff, 0xfb, 0x3f, 0xff, 0xff, 0x20,
    0x00, 0x00, 0x00, 0xcf, 0xff, 0xf7, 0x0d, 0xff,
    0xff, 0xd3, 0x00, 0x00, 0x1b, 0xff, 0xff, 0xf2,
    0x06, 0xff, 0xff, 0xff, 0xca, 0x9b, 0xff, 0xff,
    0xff, 0xa0, 0x00, 0xcf, 0xff, 0xff, 0xff, 0xff,
    0xff, 0xff, 0xfe, 0x20, 0x00, 0x1d, 0xff, 0xff,
    0xff, 0xff, 0xff, 0xff, 0xf4, 0x00, 0x00, 0x00,
    0x9f, 0xff, 0xff, 0xff, 0xff, 0xfc, 0x20, 0x00,
    0x00, 0x00, 0x01, 0x7b, 0xef, 0xfe, 0xc9, 0x30,
    0x00, 0x00,

    /* U+0056 "V" */
    0x8f, 0xff, 0xf4, 0x00, 0x00, 0x00, 0x00, 0x00,
    0x01, 0xff, 0xff, 0xb3, 0xff, 0xff, 0x90, 0x00,
    0x00, 0x00, 0x00, 0x00, 0x6f, 0xff, 0xf5, 0x0d,
    0xff, 0xfe, 0x00, 0x00, 0x00, 0x00, 0x00, 0x0b,
    0xff, 0xff, 0x00, 0x8f, 0xff, 0xf4, 0x00, 0x00,
    0x00, 0x00, 0x01, 0xff, 0xff, 0xa0, 0x03, 0xff,
    0xff, 0x90, 0x00, 0x00, 0x00, 0x00, 0x6f, 0xff,
    0xf5, 0x00, 0x0d, 0xff, 0xfe, 0x00, 0x00, 0x00,
    0x00, 0x0b, 0xff, 0xff, 0x00, 0x00, 0x8f, 0xff,
    0xf4, 0x00, 0x00, 0x00, 0x01, 0xff, 0xff, 0xa0,
    0x00, 0x02, 0xff, 0xff, 0xa0, 0x00, 0x00, 0x00,
    0x6f, 0xff, 0xf5, 0x00, 0x00, 0x0d, 0xff, 0xfe,
    0x00, 0x00, 0x00, 0x0c, 0xff, 0xff, 0x00, 0x00,
    0x00, 0x8f, 0xff, 0xf4, 0x00, 0x00, 0x01, 0xff,
    0xff, 0xa0, 0x00, 0x00, 0x02, 0xff, 0xff, 0xa0,
    0x00, 0x00, 0x6f, 0xff, 0xf4, 0x00, 0x00, 0x00,
    0x0d, 0xff, 0xff, 0x00, 0x00, 0x0c, 0xff, 0xff,
    0x00, 0x00, 0x00, 0x00, 0x7f, 0xff, 0xf4, 0x00,
    0x01, 0xff, 0xff, 0xa0, 0x00, 0x00, 0x00, 0x02,
    0xff, 0xff, 0xa0, 0x00, 0x7f, 0xff, 0xf4, 0x00,
    0x00, 0x00, 0x00, 0x0c, 0xff, 0xff, 0x00, 0x0c,
    0xff, 0xfe, 0x00, 0x00, 0x00, 0x00, 0x00, 0x7f,
    0xff, 0xf4, 0x01, 0xff, 0xff, 0x90, 0x00, 0x00,
    0x00, 0x00, 0x02, 0xff, 0xff, 0xa0, 0x7f, 0xff,
    0xf4, 0x00, 0x00, 0x00, 0x00, 0x00, 0x0c, 0xff,
    0xff, 0x0c, 0xff, 0xfe, 0x00, 0x00, 0x00, 0x00,
    0x00, 0x00, 0x7f, 0xff, 0xf7, 0xff, 0xff, 0x90,
    0x00, 0x00, 0x00, 0x00, 0x00, 0x01, 0xff, 0xff,
    0xff, 0xff, 0xf4, 0x00, 0x00, 0x00, 0x00, 0x00,
    0x00, 0x0c, 0xff, 0xff, 0xff, 0xfe, 0x00, 0x00,
    0x00, 0x00, 0x00, 0x00, 0x00, 0x7f, 0xff, 0xff,
    0xff, 0x90, 0x00, 0x00, 0x00, 0x00, 0x00, 0x00,
    0x01, 0xff, 0xff, 0xff, 0xf4, 0x00, 0x00, 0x00,
    0x00, 0x00, 0x00, 0x00, 0x0c, 0xff, 0xff, 0xfe,
    0x00, 0x00, 0x00, 0x00, 0x00, 0x00, 0x00, 0x00,
    0x6f, 0xff, 0xff, 0x90, 0x00, 0x00, 0x00, 0x00,

    /* U+0057 "W" */
    0x5f, 0xff, 0xf6, 0x00, 0x00, 0x00, 0x00, 0x0f,
    0xff, 0xff, 0x10, 0x00, 0x00, 0x00, 0x01, 0xff,
    0xff, 0xa1, 0xff, 0xff, 0xa0, 0x00, 0x00, 0x00,
    0x01, 0xff, 0xff, 0xf6, 0x00, 0x00, 0x00, 0x00,
    0x5f, 0xff, 0xf6, 0x0d, 0xff, 0xfe, 0x00, 0x00,
    0x00, 0x00, 0x5f, 0xff, 0xff, 0xa0, 0x00, 0x00,
    0x00, 0x09, 0xff, 0xff, 0x20, 0x9f, 0xff, 0xf2,
    0x00, 0x00, 0x00, 0x0a, 0xff, 0xff, 0xff, 0x00,
    0x00, 0x00, 0x00, 0xdf, 0xff, 0xd0, 0x04, 0xff,
    0xff, 0x60, 0x00, 0x00, 0x00, 0xff, 0xff, 0xff,
    0xf4, 0x00, 0x00, 0x00, 0x1f, 0xff, 0xf9, 0x00,
    0x0f, 0xff, 0xfa, 0x00, 0x00, 0x00, 0x4f, 0xff,
    0xff, 0xff, 0x90, 0x00, 0x00, 0x05, 0xff, 0xff,
    0x50, 0x00, 0xcf, 0xff, 0xe0, 0x00, 0x00, 0x08,
    0xff, 0xff, 0xff, 0xfd, 0x00, 0x00, 0x00, 0x9f,
    0xff, 0xf1, 0x00, 0x07, 0xff, 0xff, 0x30, 0x00,
    0x00, 0xdf, 0xff, 0xff, 0xff, 0xf2, 0x00, 0x00,
    0x0d, 0xff, 0xfc, 0x00, 0x00, 0x3f, 0xff, 0xf7,
    0x00, 0x00, 0x2f, 0xff, 0xf8, 0xff, 0xff, 0x70,
    0x00, 0x02, 0xff, 0xff, 0x80, 0x00, 0x00, 0xff,
    0xff, 0xb0, 0x00, 0x07, 0xff, 0xff, 0x2c, 0xff,
    0xfb, 0x00, 0x00, 0x6f, 0xff, 0xf4, 0x00, 0x00,
    0x0a, 0xff, 0xff, 0x00, 0x00, 0xbf, 0xff, 0xd0,
    0x7f, 0xff, 0xf0, 0x00, 0x0a, 0xff, 0xff, 0x00,
    0x00, 0x00, 0x6f, 0xff, 0xf3, 0x00, 0x0f, 0xff,
    0xf8, 0x03, 0xff, 0xff, 0x50, 0x00, 0xef, 0xff,
    0xb0, 0x00, 0x00, 0x02, 0xff, 0xff, 0x70, 0x05,
    0xff, 0xff, 0x30, 0x0e, 0xff, 0xfa, 0x00, 0x2f,
    0xff, 0xf7, 0x00, 0x00, 0x00, 0x0e, 0xff, 0xfb,
    0x00, 0x9f, 0xff, 0xe0, 0x00, 0x9f, 0xff, 0xe0,
    0x06, 0xff, 0xff, 0x30, 0x00, 0x00, 0x00, 0x9f,
    0xff, 0xf0, 0x0e, 0xff, 0xfa, 0x00, 0x04, 0xff,
    0xff, 0x30, 0xaf, 0xff, 0xe0, 0x00, 0x00, 0x00,
    0x05, 0xff, 0xff, 0x43, 0xff, 0xff, 0x50, 0x00,
    0x0f, 0xff, 0xf8, 0x0e, 0xff, 0xfa, 0x00, 0x00,
    0x00, 0x00, 0x1f, 0xff, 0xf8, 0x8f, 0xff, 0xf0,
    0x00, 0x00, 0xbf, 0xff, 0xd3, 0xff, 0xff, 0x60,
    0x00, 0x00, 0x00, 0x00, 0xcf, 0xff, 0xcc, 0xff,
    0xfb, 0x00, 0x00, 0x06, 0xff, 0xff, 0x9f, 0xff,
    0xf1, 0x00, 0x00, 0x00, 0x00, 0x08, 0xff, 0xff,
    0xff, 0xff, 0x60, 0x00, 0x00, 0x1f, 0xff, 0xff,
    0xff, 0xfd, 0x00, 0x00, 0x00, 0x00, 0x00, 0x4f,
    0xff, 0xff, 0xff, 0xf2, 0x00, 0x00, 0x00, 0xcf,
    0xff, 0xff, 0xff, 0x90, 0x00, 0x00, 0x00, 0x00,
    0x00, 0xff, 0xff, 0xff, 0xfd, 0x00, 0x00, 0x00,
    0x08, 0xff, 0xff, 0xff, 0xf5, 0x00, 0x00, 0x00,
    0x00, 0x00, 0x0b, 0xff, 0xff, 0xff, 0x80, 0x00,
    0x00, 0x00, 0x3f, 0xff, 0xff, 0xff, 0x00, 0x00,
    0x00, 0x00, 0x00, 0x00, 0x7f, 0xff, 0xff, 0xf3,
    0x00, 0x00, 0x00, 0x00, 0xef, 0xff, 0xff, 0xc0,
    0x00, 0x00, 0x00, 0x00, 0x00, 0x03, 0xff, 0xff,
    0xfe, 0x00, 0x00, 0x00, 0x00, 0x09, 0xff, 0xff,
    0xf8, 0x00, 0x00, 0x00, 0x00, 0x00, 0x00, 0x0e,
    0xff, 0xff, 0xa0, 0x00, 0x00, 0x00, 0x00, 0x5f,
    0xff, 0xff, 0x30, 0x00, 0x00, 0x00,

    /* U+0058 "X" */
    0x2f, 0xff, 0xff, 0x80, 0x00, 0x00, 0x00, 0x00,
    0x08, 0xff, 0xff, 0xf2, 0x06, 0xff, 0xff, 0xf3,
    0x00, 0x00, 0x00, 0x00, 0x3f, 0xff, 0xff, 0x70,
    0x00, 0xbf, 0xff, 0xfd, 0x00, 0x00, 0x00, 0x00,
    0xcf, 0xff, 0xfc, 0x00, 0x00, 0x1f, 0xff, 0xff,
    0x80, 0x00, 0x00, 0x07, 0xff, 0xff, 0xf2, 0x00,
    0x00, 0x05, 0xff, 0xff, 0xf3, 0x00, 0x00, 0x2f,
    0xff, 0xff, 0x60, 0x00, 0x00, 0x00, 0xbf, 0xff,
    0xfd, 0x00, 0x00, 0xcf, 0xff, 0xfb, 0x00, 0x00,
    0x00, 0x00, 0x1e, 0xff, 0xff, 0x70, 0x07, 0xff,
    0xff, 0xe1, 0x00, 0x00, 0x00, 0x00, 0x05, 0xff,
    0xff, 0xf2, 0x2f, 0xff, 0xff, 0x50, 0x00, 0x00,
    0x00, 0x00, 0x00, 0xaf, 0xff, 0xfc, 0xcf, 0xff,
    0xfa, 0x00, 0x00, 0x00, 0x00, 0x00, 0x00, 0x1e,
    0xff, 0xff, 0xff, 0xff, 0xe1, 0x00, 0x00, 0x00,
    0x00, 0x00, 0x00, 0x04, 0xff, 0xff, 0xff, 0xff,
    0x50, 0x00, 0x00, 0x00, 0x00, 0x00, 0x00, 0x00,
    0xaf, 0xff, 0xff, 0xfa, 0x00, 0x00, 0x00, 0x00,
    0x00, 0x00, 0x00, 0x00, 0x4f, 0xff, 0xff, 0xf1,
    0x00, 0x00, 0x00, 0x00, 0x00, 0x00, 0x00, 0x00,
    0xdf, 0xff, 0xff, 0xf9, 0x00, 0x00, 0x00, 0x00,
    0x00, 0x00, 0x00, 0x08, 0xff, 0xff, 0xff, 0xff,
    0x40, 0x00, 0x00, 0x00, 0x00, 0x00, 0x00, 0x3f,
    0xff, 0xff, 0xff, 0xff, 0xe1, 0x00, 0x00, 0x00,
    0x00, 0x00, 0x00, 0xdf, 0xff, 0xfb, 0xef, 0xff,
    0xfa, 0x00, 0x00, 0x00, 0x00, 0x00, 0x09, 0xff,
    0xff, 0xe1, 0x4f, 0xff, 0xff, 0x50, 0x00, 0x00,
    0x00, 0x00, 0x4f, 0xff, 0xff, 0x50, 0x0a, 0xff,
    0xff, 0xe1, 0x00, 0x00, 0x00, 0x01, 0xef, 0xff,
    0xfb, 0x00, 0x01, 0xef, 0xff, 0xfb, 0x00, 0x00,
    0x00, 0x0a, 0xff, 0xff, 0xe1, 0x00, 0x00, 0x4f,
    0xff, 0xff, 0x60, 0x00, 0x00, 0x5f, 0xff, 0xff,
    0x50, 0x00, 0x00, 0x09, 0xff, 0xff, 0xf2, 0x00,
    0x01, 0xef, 0xff, 0xfb, 0x00, 0x00, 0x00, 0x00,
    0xef, 0xff, 0xfc, 0x00, 0x0b, 0xff, 0xff, 0xe1,
    0x00, 0x00, 0x00, 0x00, 0x4f, 0xff, 0xff, 0x70,
    0x6f, 0xff, 0xff, 0x60, 0x00, 0x00, 0x00, 0x00,
    0x09, 0xff, 0xff, 0xf3,

    /* U+0059 "Y" */
    0x0d, 0xff, 0xff, 0x60, 0x00, 0x00, 0x00, 0x00,
    0x3f, 0xff, 0xfe, 0x00, 0x5f, 0xff, 0xfd, 0x00,
    0x00, 0x00, 0x00, 0x0a, 0xff, 0xff, 0x60, 0x00,
    0xcf, 0xff, 0xf5, 0x00, 0x00, 0x00, 0x02, 0xff,
    0xff, 0xe0, 0x00, 0x04, 0xff, 0xff, 0xd0, 0x00,
    0x00, 0x00, 0xaf, 0xff, 0xf6, 0x00, 0x00, 0x0c,
    0xff, 0xff, 0x50, 0x00, 0x00, 0x2f, 0xff, 0xfd,
    0x00, 0x00, 0x00, 0x4f, 0xff, 0xfd, 0x00, 0x00,
    0x0a, 0xff, 0xff, 0x60, 0x00, 0x00, 0x00, 0xcf,
    0xff, 0xf5, 0x00, 0x02, 0xff, 0xff, 0xd0, 0x00,
    0x00, 0x00, 0x04, 0xff, 0xff, 0xd0, 0x00, 0xaf,
    0xff, 0xf5, 0x00, 0x00, 0x00, 0x00, 0x0c, 0xff,
    0xff, 0x50, 0x2f, 0xff, 0xfd, 0x00, 0x00, 0x00,
    0x00, 0x00, 0x3f, 0xff, 0xfd, 0x0a, 0xff, 0xff,
    0x50, 0x00, 0x00, 0x00, 0x00, 0x00, 0xbf, 0xff,
    0xf7, 0xff, 0xff, 0xc0, 0x00, 0x00, 0x00, 0x00,
    0x00, 0x03, 0xff, 0xff, 0xff, 0xff, 0xf4, 0x00,
    0x00, 0x00, 0x00, 0x00, 0x00, 0x0b, 0xff, 0xff,
    0xff, 0xfc, 0x00, 0x00, 0x00, 0x00, 0x00, 0x00,
    0x00, 0x3f, 0xff, 0xff, 0xff, 0x40, 0x00, 0x00,
    0x00, 0x00, 0x00, 0x00, 0x00, 0xbf, 0xff, 0xff,
    0xc0, 0x00, 0x00, 0x00, 0x00, 0x00, 0x00, 0x00,
    0x03, 0xff, 0xff, 0xf4, 0x00, 0x00, 0x00, 0x00,
    0x00, 0x00, 0x00, 0x00, 0x0f, 0xff, 0xff, 0x00,
    0x00, 0x00, 0x00, 0x00, 0x00, 0x00, 0x00, 0x00,
    0xcf, 0xff, 0xe0, 0x00, 0x00, 0x00, 0x00, 0x00,
    0x00, 0x00, 0x00, 0x0c, 0xff, 0xfe, 0x00, 0x00,
    0x00, 0x00, 0x00, 0x00, 0x00, 0x00, 0x00, 0xcf,
    0xff, 0xe0, 0x00, 0x00, 0x00, 0x00, 0x00, 0x00,
    0x00, 0x00, 0x0c, 0xff, 0xfe, 0x00, 0x00, 0x00,
    0x00, 0x00, 0x00, 0x00, 0x00, 0x00, 0xcf, 0xff,
    0xe0, 0x00, 0x00, 0x00, 0x00, 0x00, 0x00, 0x00,
    0x00, 0x0c, 0xff, 0xfe, 0x00, 0x00, 0x00, 0x00,
    0x00, 0x00, 0x00, 0x00, 0x00, 0xcf, 0xff, 0xe0,
    0x00, 0x00, 0x00, 0x00, 0x00, 0x00, 0x00, 0x00,
    0x0c, 0xff, 0xfe, 0x00, 0x00, 0x00, 0x00, 0x00,

    /* U+005A "Z" */
    0x2f, 0xff, 0xff, 0xff, 0xff, 0xff, 0xff, 0xff,
    0xff, 0x32, 0xff, 0xff, 0xff, 0xff, 0xff, 0xff,
    0xff, 0xff, 0xf3, 0x2f, 0xff, 0xff, 0xff, 0xff,
    0xff, 0xff, 0xff, 0xff, 0x32, 0xff, 0xff, 0xff,
    0xff, 0xff, 0xff, 0xff, 0xff, 0xf2, 0x18, 0x88,
    0x88, 0x88, 0x88, 0x88, 0xff, 0xff, 0xf9, 0x00,
    0x00, 0x00, 0x00, 0x00, 0x00, 0x7f, 0xff, 0xfd,
    0x00, 0x00, 0x00, 0x00, 0x00, 0x00, 0x2f, 0xff,
    0xff, 0x30, 0x00, 0x00, 0x00, 0x00, 0x00, 0x0d,
    0xff, 0xff, 0x80, 0x00, 0x00, 0x00, 0x00, 0x00,
    0x08, 0xff, 0xff, 0xc0, 0x00, 0x00, 0x00, 0x00,
    0x00, 0x03, 0xff, 0xff, 0xf2, 0x00, 0x00, 0x00,
    0x00, 0x00, 0x00, 0xdf, 0xff, 0xf7, 0x00, 0x00,
    0x00, 0x00, 0x00, 0x00, 0x9f, 0xff, 0xfc, 0x00,
    0x00, 0x00, 0x00, 0x00, 0x00, 0x4f, 0xff, 0xff,
    0x20, 0x00, 0x00, 0x00, 0x00, 0x00, 0x1e, 0xff,
    0xff, 0x60, 0x00, 0x00, 0x00, 0x00, 0x00, 0x0b,
    0xff, 0xff, 0xb0, 0x00, 0x00, 0x00, 0x00, 0x00,
    0x06, 0xff, 0xff, 0xe1, 0x00, 0x00, 0x00, 0x00,
    0x00, 0x02, 0xff, 0xff, 0xf5, 0x00, 0x00, 0x00,
    0x00, 0x00, 0x00, 0xcf, 0xff, 0xfa, 0x00, 0x00,
    0x00, 0x00, 0x00, 0x00, 0x7f, 0xff, 0xfe, 0x10,
    0x00, 0x00, 0x00, 0x00, 0x00, 0x3f, 0xff, 0xff,
    0x40, 0x00, 0x00, 0x00, 0x00, 0x00, 0x0d, 0xff,
    0xff, 0xf8, 0x88, 0x88, 0x88, 0x88, 0x88, 0x26,
    0xff, 0xff, 0xff, 0xff, 0xff, 0xff, 0xff, 0xff,
    0xf5, 0x7f, 0xff, 0xff, 0xff, 0xff, 0xff, 0xff,
    0xff, 0xff, 0x57, 0xff, 0xff, 0xff, 0xff, 0xff,
    0xff, 0xff, 0xff, 0xf5, 0x7f, 0xff, 0xff, 0xff,
    0xff, 0xff, 0xff, 0xff, 0xff, 0x50,

    /* U+005B "[" */
    0x46, 0x68, 0xc6, 0x66, 0x6b, 0xff, 0xff, 0xff,
    0xff, 0xbf, 0xff, 0xff, 0xff, 0xfb, 0xff, 0xff,
    0xff, 0xff, 0xbf, 0xff, 0xff, 0xff, 0xfb, 0xff,
    0xff, 0x10, 0x00, 0xbf, 0xff, 0xf1, 0x00, 0x0b,
    0xff, 0xff, 0x10, 0x00, 0xbf, 0xff, 0xf1, 0x00,
    0x0b, 0xff, 0xff, 0x10, 0x00, 0xbf, 0xff, 0xf1,
    0x00, 0x0b, 0xff, 0xff, 0x10, 0x00, 0xbf, 0xff,
    0xf1, 0x00, 0x0b, 0xff, 0xff, 0x10, 0x00, 0xbf,
    0xff, 0xf1, 0x00, 0x0b, 0xff, 0xff, 0x10, 0x00,
    0xbf, 0xff, 0xf1, 0x00, 0x0b, 0xff, 0xff, 0x10,
    0x00, 0xbf, 0xff, 0xf1, 0x00, 0x0b, 0xff, 0xff,
    0x10, 0x00, 0xbf, 0xff, 0xf1, 0x00, 0x0b, 0xff,
    0xff, 0x10, 0x00, 0xbf, 0xff, 0xf1, 0x00, 0x0b,
    0xff, 0xff, 0x10, 0x00, 0xbf, 0xff, 0xf1, 0x00,
    0x0b, 0xff, 0xff, 0x10, 0x00, 0xbf, 0xff, 0xf1,
    0x00, 0x0b, 0xff, 0xff, 0x10, 0x00, 0xbf, 0xff,
    0xf1, 0x00, 0x0b, 0xff, 0xff, 0x65, 0x55, 0xbf,
    0xff, 0xff, 0xff, 0xfb, 0xff, 0xff, 0xff, 0xff,
    0xbf, 0xff, 0xff, 0xff, 0xfb, 0xff, 0xff, 0xff,
    0xff,

    /* U+005C "\\" */
    0x00, 0x00, 0x50, 0x00, 0x00, 0x00, 0x00, 0x00,
    0x00, 0x00, 0x17, 0xef, 0x40, 0x00, 0x00, 0x00,
    0x00, 0x00, 0x00, 0x0e, 0xff, 0xfc, 0x00, 0x00,
    0x00, 0x00, 0x00, 0x00, 0x00, 0x8f, 0xff, 0xf3,
    0x00, 0x00, 0x00, 0x00, 0x00, 0x00, 0x01, 0xff,
    0xff, 0xb0, 0x00, 0x00, 0x00, 0x00, 0x00, 0x00,
    0x08, 0xff, 0xff, 0x30, 0x00, 0x00, 0x00, 0x00,
    0x00, 0x00, 0x1f, 0xff, 0xfb, 0x00, 0x00, 0x00,
    0x00, 0x00, 0x00, 0x00, 0x8f, 0xff, 0xf3, 0x00,
    0x00, 0x00, 0x00, 0x00, 0x00, 0x01, 0xff, 0xff,
    0xa0, 0x00, 0x00, 0x00, 0x00, 0x00, 0x00, 0x09,
    0xff, 0xff, 0x20, 0x00, 0x00, 0x00, 0x00, 0x00,
    0x00, 0x1f, 0xff, 0xfa, 0x00, 0x00, 0x00, 0x00,
    0x00, 0x00, 0x00, 0x9f, 0xff, 0xf2, 0x00, 0x00,
    0x00, 0x00, 0x00, 0x00, 0x02, 0xff, 0xff, 0x90,
    0x00, 0x00, 0x00, 0x00, 0x00, 0x00, 0x0a, 0xff,
    0xff, 0x20, 0x00, 0x00, 0x00, 0x00, 0x00, 0x00,
    0x2f, 0xff, 0xf9, 0x00, 0x00, 0x00, 0x00, 0x00,
    0x00, 0x00, 0xaf, 0xff, 0xf1, 0x00, 0x00, 0x00,
    0x00, 0x00, 0x00, 0x02, 0xff, 0xff, 0x90, 0x00,
    0x00, 0x00, 0x00, 0x00, 0x00, 0x0a, 0xff, 0xff,
    0x10, 0x00, 0x00, 0x00, 0x00, 0x00, 0x00, 0x3f,
    0xff, 0xf8, 0x00, 0x00, 0x00, 0x00, 0x00, 0x00,
    0x00, 0xbf, 0xff, 0xf1, 0x00, 0x00, 0x00, 0x00,
    0x00, 0x00, 0x03, 0xff, 0xff, 0x80, 0x00, 0x00,
    0x00, 0x00, 0x00, 0x00, 0x0b, 0xff, 0xff, 0x10,
    0x00, 0x00, 0x00, 0x00, 0x00, 0x00, 0x3f, 0xff,
    0xf7, 0x00, 0x00, 0x00, 0x00, 0x00, 0x00, 0x00,
    0xbf, 0xff, 0xe0, 0x00, 0x00, 0x00, 0x00, 0x00,
    0x00, 0x04, 0xff, 0xff, 0x70, 0x00, 0x00, 0x00,
    0x00, 0x00, 0x00, 0x0c, 0xff, 0xfe, 0x00, 0x00,
    0x00, 0x00, 0x00, 0x00, 0x00, 0x4f, 0xff, 0xf7,
    0x00, 0x00, 0x00, 0x00, 0x00, 0x00, 0x00, 0xcf,
    0xff, 0xe0, 0x00, 0x00, 0x00, 0x00, 0x00, 0x00,
    0x04, 0xff, 0xfe, 0x30, 0x00, 0x00, 0x00, 0x00,
    0x00, 0x00, 0x0d, 0xd6, 0x00, 0x00, 0x00, 0x00,
    0x00, 0x00, 0x00, 0x00, 0x10, 0x00, 0x00,

    /* U+005D "]" */
    0x26, 0x66, 0x9c, 0x66, 0x61, 0x7f, 0xff, 0xff,
    0xff, 0xf3, 0x7f, 0xff, 0xff, 0xff, 0xf3, 0x7f,
    0xff, 0xff, 0xff, 0xf3, 0x7f, 0xff, 0xff, 0xff,
    0xf3, 0x00, 0x00, 0x8f, 0xff, 0xf3, 0x00, 0x00,
    0x8f, 0xff, 0xf3, 0x00, 0x00, 0x8f, 0xff, 0xf3,
    0x00, 0x00, 0x8f, 0xff, 0xf3, 0x00, 0x00, 0x8f,
    0xff, 0xf3, 0x00, 0x00, 0x8f, 0xff, 0xf3, 0x00,
    0x00, 0x8f, 0xff, 0xf3, 0x00, 0x00, 0x8f, 0xff,
    0xf3, 0x00, 0x00, 0x8f, 0xff, 0xf3, 0x00, 0x00,
    0x8f, 0xff, 0xf3, 0x00, 0x00, 0x8f, 0xff, 0xf3,
    0x00, 0x00, 0x8f, 0xff, 0xf3, 0x00, 0x00, 0x8f,
    0xff, 0xf3, 0x00, 0x00, 0x8f, 0xff, 0xf3, 0x00,
    0x00, 0x8f, 0xff, 0xf3, 0x00, 0x00, 0x8f, 0xff,
    0xf3, 0x00, 0x00, 0x8f, 0xff, 0xf3, 0x00, 0x00,
    0x8f, 0xff, 0xf3, 0x00, 0x00, 0x8f, 0xff, 0xf3,
    0x00, 0x00, 0x8f, 0xff, 0xf3, 0x00, 0x00, 0x8f,
    0xff, 0xf3, 0x00, 0x00, 0x8f, 0xff, 0xf3, 0x00,
    0x00, 0x8f, 0xff, 0xf3, 0x00, 0x00, 0x8f, 0xff,
    0xf3, 0x25, 0x55, 0xef, 0xff, 0xf3, 0x7f, 0xff,
    0xff, 0xff, 0xf3, 0x7f, 0xff, 0xff, 0xff, 0xf3,
    0x7f, 0xff, 0xff, 0xff, 0xf3, 0x7f, 0xff, 0xff,
    0xff, 0xf3,

    /* U+005E "^" */
    0x00, 0x00, 0x00, 0x00, 0x00, 0x00, 0x00, 0x00,
    0x00, 0x00, 0x00, 0x00, 0xbc, 0x10, 0x00, 0x00,
    0x00, 0x00, 0x00, 0x01, 0xcf, 0xfd, 0x20, 0x00,
    0x00, 0x00, 0x00, 0x02, 0xdf, 0xff, 0xfe, 0x30,
    0x00, 0x00, 0x00, 0x03, 0xef, 0xff, 0xff, 0xff,
    0x40, 0x00, 0x00, 0x05, 0xff, 0xff, 0xff, 0xff,
    0xff, 0x60, 0x00, 0x06, 0xff, 0xff, 0xf5, 0x3e,
    0xff, 0xff, 0x80, 0x08, 0xff, 0xff, 0xe3, 0x00,
    0x2d, 0xff, 0xff, 0x90, 0x5f, 0xff, 0xd1, 0x00,
    0x00, 0x1b, 0xff, 0xf7, 0x00, 0x7f, 0xb0, 0x00,
    0x00, 0x00, 0x09, 0xf9, 0x00, 0x00, 0x50, 0x00,
    0x00, 0x00, 0x00, 0x05, 0x00, 0x00,

    /* U+005F "_" */
    0x3d, 0xdd, 0xdd, 0xdd, 0xdd, 0xdd, 0xdd, 0xdd,
    0xdd, 0xd1, 0x4f, 0xff, 0xff, 0xff, 0xff, 0xff,
    0xff, 0xff, 0xff, 0xf1, 0x4f, 0xff, 0xff, 0xff,
    0xff, 0xff, 0xff, 0xff, 0xff, 0xf1, 0x4f, 0xff,
    0xff, 0xff, 0xff, 0xff, 0xff, 0xff, 0xff, 0xf1,

    /* U+0060 "`" */
    0x00, 0x01, 0x00, 0x00, 0x00, 0x0c, 0xe2, 0x00,
    0x00, 0x0c, 0xff, 0xe3, 0x00, 0x00, 0x9f, 0xff,
    0xf3, 0x00, 0x00, 0x8f, 0xff, 0xf4, 0x00, 0x00,
    0x6f, 0xff, 0xf5, 0x00, 0x00, 0x5f, 0xfe, 0x20,
    0x00, 0x00, 0x4e, 0x20, 0x00, 0x00, 0x00, 0x00,
    0x00,

    /* U+0061 "a" */
    0x00, 0x00, 0x38, 0xbe, 0xff, 0xdb, 0x50, 0x00,
    0x00, 0x05, 0xdf, 0xff, 0xff, 0xff, 0xff, 0xd2,
    0x00, 0x00, 0x4f, 0xff, 0xff, 0xff, 0xff, 0xff,
    0xe1, 0x00, 0x00, 0xdf, 0xff, 0xff, 0xff, 0xff,
    0xff, 0x90, 0x00, 0x05, 0x94, 0x20, 0x01, 0x7f,
    0xff, 0xff, 0x00, 0x00, 0x00, 0x00, 0x00, 0x00,
    0xaf, 0xff, 0xf2, 0x00, 0x00, 0x6b, 0xef, 0xec,
    0x67, 0xff, 0xff, 0x40, 0x02, 0xdf, 0xff, 0xff,
    0xff, 0xff, 0xff, 0xf5, 0x01, 0xdf, 0xff, 0xff,
    0xff, 0xff, 0xff, 0xff, 0x50, 0x8f, 0xff, 0xff,
    0xc9, 0xaf, 0xff, 0xff, 0xf5, 0x0d, 0xff, 0xff,
    0x60, 0x00, 0x1f, 0xff, 0xff, 0x50, 0xff, 0xff,
    0xe0, 0x00, 0x00, 0x8f, 0xff, 0xf5, 0x0f, 0xff,
    0xfe, 0x00, 0x00, 0x08, 0xff, 0xff, 0x50, 0xef,
    0xff, 0xf7, 0x00, 0x02, 0xef, 0xff, 0xf5, 0x08,
    0xff, 0xff, 0xfd, 0xab, 0xff, 0xff, 0xff, 0x50,
    0x1e, 0xff, 0xff, 0xff, 0xff, 0xff, 0xff, 0xf5,
    0x00, 0x3e, 0xff, 0xff, 0xff, 0xfc, 0xef, 0xff,
    0x50, 0x00, 0x07, 0xce, 0xfe, 0xb6, 0x09, 0xff,
    0xf5,

    /* U+0062 "b" */
    0xff, 0xff, 0xb0, 0x00, 0x00, 0x00, 0x00, 0x00,
    0x00, 0xff, 0xff, 0xb0, 0x00, 0x00, 0x00, 0x00,
    0x00, 0x00, 0xff, 0xff, 0xb0, 0x00, 0x00, 0x00,
    0x00, 0x00, 0x00, 0xff, 0xff, 0xb0, 0x00, 0x00,
    0x00, 0x00, 0x00, 0x00, 0xff, 0xff, 0xb0, 0x00,
    0x00, 0x00, 0x00, 0x00, 0x00, 0xff, 0xff, 0xb0,
    0x00, 0x00, 0x00, 0x00, 0x00, 0x00, 0xff, 0xff,
    0xb0, 0x00, 0x00, 0x00, 0x00, 0x00, 0x00, 0xff,
    0xff, 0xb1, 0x7c, 0xef, 0xec, 0x70, 0x00, 0x00,
    0xff, 0xff, 0xfe, 0xff, 0xff, 0xff, 0xfe, 0x30,
    0x00, 0xff, 0xff, 0xff, 0xff, 0xff, 0xff, 0xff,
    0xf4, 0x00, 0xff, 0xff, 0xff, 0xff, 0xff, 0xff,
    0xff, 0xfe, 0x10, 0xff, 0xff, 0xff, 0xe7, 0x56,
    0xcf, 0xff, 0xff, 0xa0, 0xff, 0xff, 0xfc, 0x00,
    0x00, 0x08, 0xff, 0xff, 0xf1, 0xff, 0xff, 0xf1,
    0x00, 0x00, 0x00, 0xcf, 0xff, 0xf5, 0xff, 0xff,
    0xf0, 0x00, 0x00, 0x00, 0x6f, 0xff, 0xf7, 0xff,
    0xff, 0xe0, 0x00, 0x00, 0x00, 0x3f, 0xff, 0xf8,
    0xff, 0xff, 0xe0, 0x00, 0x00, 0x00, 0x3f, 0xff,
    0xf8, 0xff, 0xff, 0xf0, 0x00, 0x00, 0x00, 0x6f,
    0xff, 0xf7, 0xff, 0xff, 0xf1, 0x00, 0x00, 0x00,
    0xcf, 0xff, 0xf4, 0xff, 0xff, 0xfc, 0x10, 0x00,
    0x09, 0xff, 0xff, 0xf0, 0xff, 0xff, 0xff, 0xe8,
    0x67, 0xcf, 0xff, 0xff, 0x90, 0xff, 0xff, 0xff,
    0xff, 0xff, 0xff, 0xff, 0xfe, 0x10, 0xff, 0xff,
    0xff, 0xff, 0xff, 0xff, 0xff, 0xf4, 0x00, 0xff,
    0xfe, 0x2d, 0xff, 0xff, 0xff, 0xfe, 0x30, 0x00,
    0xff, 0xfa, 0x00, 0x6b, 0xef, 0xec, 0x70, 0x00,
    0x00,

    /* U+0063 "c" */
    0x00, 0x00, 0x00, 0x6b, 0xef, 0xfd, 0xa4, 0x00,
    0x00, 0x00, 0x00, 0x5f, 0xff, 0xff, 0xff, 0xff,
    0xc2, 0x00, 0x00, 0x08, 0xff, 0xff, 0xff, 0xff,
    0xff, 0xfe, 0x30, 0x00, 0x5f, 0xff, 0xff, 0xff,
    0xff, 0xff, 0xff, 0xe1, 0x01, 0xef, 0xff, 0xff,
    0xc9, 0x9d, 0xff, 0xff, 0xf9, 0x07, 0xff, 0xff,
    0xf4, 0x00, 0x00, 0x8f, 0xff, 0xc5, 0x0b, 0xff,
    0xff, 0x50, 0x00, 0x00, 0x0a, 0xa3, 0x00, 0x0e,
    0xff, 0xfe, 0x00, 0x00, 0x00, 0x00, 0x00, 0x00,
    0x0f, 0xff, 0xfc, 0x00, 0x00, 0x00, 0x00, 0x00,
    0x00, 0x0f, 0xff, 0xfc, 0x00, 0x00, 0x00, 0x00,
    0x00, 0x00, 0x0e, 0xff, 0xfe, 0x00, 0x00, 0x00,
    0x00, 0x00, 0x00, 0x0b, 0xff, 0xff, 0x60, 0x00,
    0x00, 0x0b, 0xa4, 0x00, 0x06, 0xff, 0xff, 0xf5,
    0x00, 0x00, 0x9f, 0xff, 0xd6, 0x00, 0xef, 0xff,
    0xff, 0xda, 0xbe, 0xff, 0xff, 0xf8, 0x00, 0x4f,
    0xff, 0xff, 0xff, 0xff, 0xff, 0xff, 0xe0, 0x00,
    0x07, 0xff, 0xff, 0xff, 0xff, 0xff, 0xfe, 0x20,
    0x00, 0x00, 0x5e, 0xff, 0xff, 0xff, 0xff, 0xb1,
    0x00, 0x00, 0x00, 0x00, 0x6b, 0xef, 0xfd, 0x94,
    0x00, 0x00,

    /* U+0064 "d" */
    0x00, 0x00, 0x00, 0x00, 0x00, 0x00, 0x02, 0xff,
    0xff, 0x80, 0x00, 0x00, 0x00, 0x00, 0x00, 0x00,
    0x2f, 0xff, 0xf8, 0x00, 0x00, 0x00, 0x00, 0x00,
    0x00, 0x02, 0xff, 0xff, 0x80, 0x00, 0x00, 0x00,
    0x00, 0x00, 0x00, 0x2f, 0xff, 0xf8, 0x00, 0x00,
    0x00, 0x00, 0x00, 0x00, 0x02, 0xff, 0xff, 0x80,
    0x00, 0x00, 0x00, 0x00, 0x00, 0x00, 0x2f, 0xff,
    0xf8, 0x00, 0x00, 0x00, 0x00, 0x00, 0x00, 0x02,
    0xff, 0xff, 0x80, 0x00, 0x00, 0x39, 0xdf, 0xfd,
    0xa4, 0x2f, 0xff, 0xf8, 0x00, 0x00, 0x9f, 0xff,
    0xff, 0xff, 0xfc, 0xff, 0xff, 0x80, 0x00, 0xbf,
    0xff, 0xff, 0xff, 0xff, 0xff, 0xff, 0xf8, 0x00,
    0x7f, 0xff, 0xff, 0xff, 0xff, 0xff, 0xff, 0xff,
    0x80, 0x1f, 0xff, 0xff, 0xf9, 0x56, 0xaf, 0xff,
    0xff, 0xf8, 0x07, 0xff, 0xff, 0xe2, 0x00, 0x00,
    0x4f, 0xff, 0xff, 0x80, 0xcf, 0xff, 0xf5, 0x00,
    0x00, 0x00, 0x8f, 0xff, 0xf8, 0x0e, 0xff, 0xff,
    0x00, 0x00, 0x00, 0x02, 0xff, 0xff, 0x80, 0xff,
    0xff, 0xc0, 0x00, 0x00, 0x00, 0x0f, 0xff, 0xf8,
    0x0f, 0xff, 0xfc, 0x00, 0x00, 0x00, 0x00, 0xff,
    0xff, 0x80, 0xef, 0xff, 0xf0, 0x00, 0x00, 0x00,
    0x2f, 0xff, 0xf8, 0x0b, 0xff, 0xff, 0x50, 0x00,
    0x00, 0x08, 0xff, 0xff, 0x80, 0x6f, 0xff, 0xfe,
    0x30, 0x00, 0x04, 0xff, 0xff, 0xf8, 0x01, 0xff,
    0xff, 0xff, 0x96, 0x6a, 0xff, 0xff, 0xff, 0x80,
    0x07, 0xff, 0xff, 0xff, 0xff, 0xff, 0xff, 0xff,
    0xf8, 0x00, 0x0b, 0xff, 0xff, 0xff, 0xff, 0xff,
    0xff, 0xff, 0x80, 0x00, 0x09, 0xff, 0xff, 0xff,
    0xff, 0x86, 0xff, 0xf8, 0x00, 0x00, 0x03, 0x9d,
    0xff, 0xd9, 0x30, 0x1f, 0xff, 0x80,

    /* U+0065 "e" */
    0x00, 0x00, 0x01, 0x7b, 0xef, 0xfd, 0x94, 0x00,
    0x00, 0x00, 0x00, 0x05, 0xff, 0xff, 0xff, 0xff,
    0xfb, 0x10, 0x00, 0x00, 0x08, 0xff, 0xff, 0xff,
    0xff, 0xff, 0xfe, 0x20, 0x00, 0x05, 0xff, 0xff,
    0xfd, 0xbc, 0xff, 0xff, 0xfd, 0x00, 0x01, 0xff,
    0xff, 0xe3, 0x00, 0x00, 0x8f, 0xff, 0xf8, 0x00,
    0x7f, 0xff, 0xf2, 0x00, 0x00, 0x00, 0x9f, 0xff,
    0xe0, 0x0b, 0xff, 0xff, 0x88, 0x88, 0x88, 0x8b,
    0xff, 0xff, 0x30, 0xef, 0xff, 0xff, 0xff, 0xff,
    0xff, 0xff, 0xff, 0xf6, 0x0f, 0xff, 0xff, 0xff,
    0xff, 0xff, 0xff, 0xff, 0xff, 0x70, 0xff, 0xff,
    0xff, 0xff, 0xff, 0xff, 0xff, 0xff, 0xf6, 0x0e,
    0xff, 0xf7, 0x00, 0x00, 0x00, 0x00, 0x00, 0x00,
    0x00, 0xcf, 0xff, 0xa0, 0x00, 0x00, 0x00, 0x04,
    0x10, 0x00, 0x07, 0xff, 0xff, 0x30, 0x00, 0x00,
    0x04, 0xfe, 0x60, 0x00, 0x1f, 0xff, 0xfe, 0x50,
    0x00, 0x07, 0xff, 0xff, 0x90, 0x00, 0x6f, 0xff,
    0xff, 0xfc, 0xdf, 0xff, 0xff, 0xf3, 0x00, 0x00,
    0xaf, 0xff, 0xff, 0xff, 0xff, 0xff, 0xf5, 0x00,
    0x00, 0x00, 0x6f, 0xff, 0xff, 0xff, 0xff, 0xd3,
    0x00, 0x00, 0x00, 0x00, 0x17, 0xce, 0xff, 0xda,
    0x50, 0x00, 0x00,

    /* U+0066 "f" */
    0x00, 0x00, 0x01, 0x8d, 0xff, 0xd6, 0x00, 0x00,
    0x2e, 0xff, 0xff, 0xf9, 0x00, 0x00, 0xdf, 0xff,
    0xff, 0xf9, 0x00, 0x04, 0xff, 0xff, 0xff, 0xf9,
    0x00, 0x09, 0xff, 0xff, 0xe8, 0x75, 0x00, 0x0a,
    0xff, 0xff, 0x30, 0x00, 0x00, 0x0b, 0xff, 0xff,
    0x00, 0x00, 0x3f, 0xff, 0xff, 0xff, 0xff, 0xf3,
    0x3f, 0xff, 0xff, 0xff, 0xff, 0xf3, 0x3f, 0xff,
    0xff, 0xff, 0xff, 0xf3, 0x3f, 0xff, 0xff, 0xff,
    0xff, 0xf3, 0x15, 0x5f, 0xff, 0xff, 0x55, 0x51,
    0x00, 0x0b, 0xff, 0xff, 0x00, 0x00, 0x00, 0x0b,
    0xff, 0xff, 0x00, 0x00, 0x00, 0x0b, 0xff, 0xff,
    0x00, 0x00, 0x00, 0x0b, 0xff, 0xff, 0x00, 0x00,
    0x00, 0x0b, 0xff, 0xff, 0x00, 0x00, 0x00, 0x0b,
    0xff, 0xff, 0x00, 0x00, 0x00, 0x0b, 0xff, 0xff,
    0x00, 0x00, 0x00, 0x0b, 0xff, 0xff, 0x00, 0x00,
    0x00, 0x0b, 0xff, 0xff, 0x00, 0x00, 0x00, 0x0b,
    0xff, 0xff, 0x00, 0x00, 0x00, 0x0b, 0xff, 0xff,
    0x00, 0x00, 0x00, 0x0b, 0xff, 0xff, 0x00, 0x00,
    0x00, 0x0b, 0xff, 0xff, 0x00, 0x00,

    /* U+0067 "g" */
    0x00, 0x00, 0x39, 0xdf, 0xfe, 0xa3, 0x00, 0xff,
    0xfb, 0x00, 0x08, 0xff, 0xff, 0xff, 0xff, 0x94,
    0xff, 0xfb, 0x00, 0xbf, 0xff, 0xff, 0xff, 0xff,
    0xff, 0xff, 0xfb, 0x07, 0xff, 0xff, 0xff, 0xff,
    0xff, 0xff, 0xff, 0xfb, 0x1f, 0xff, 0xff, 0xd6,
    0x22, 0x5d, 0xff, 0xff, 0xfb, 0x7f, 0xff, 0xfd,
    0x10, 0x00, 0x00, 0xcf, 0xff, 0xfb, 0xbf, 0xff,
    0xf4, 0x00, 0x00, 0x00, 0x3f, 0xff, 0xfb, 0xdf,
    0xff, 0xf0, 0x00, 0x00, 0x00, 0x0f, 0xff, 0xfb,
    0xef, 0xff, 0xe0, 0x00, 0x00, 0x00, 0x0f, 0xff,
    0xfb, 0xdf, 0xff, 0xf0, 0x00, 0x00, 0x00, 0x0f,
    0xff, 0xfb, 0xbf, 0xff, 0xf4, 0x00, 0x00, 0x00,
    0x3f, 0xff, 0xfb, 0x7f, 0xff, 0xfd, 0x10, 0x00,
    0x01, 0xdf, 0xff, 0xfb, 0x1f, 0xff, 0xff, 0xe6,
    0x32, 0x6d, 0xff, 0xff, 0xfb, 0x07, 0xff, 0xff,
    0xff, 0xff, 0xff, 0xff, 0xff, 0xfb, 0x00, 0xbf,
    0xff, 0xff, 0xff, 0xff, 0xff, 0xff, 0xfb, 0x00,
    0x08, 0xff, 0xff, 0xff, 0xff, 0xbf, 0xff, 0xfa,
    0x00, 0x00, 0x29, 0xdf, 0xfe, 0xa4, 0x0f, 0xff,
    0xfa, 0x00, 0x00, 0x00, 0x00, 0x00, 0x00, 0x2f,
    0xff, 0xf8, 0x00, 0x02, 0x70, 0x00, 0x00, 0x00,
    0x5f, 0xff, 0xf5, 0x02, 0xaf, 0xf7, 0x00, 0x00,
    0x00, 0xdf, 0xff, 0xf1, 0x0b, 0xff, 0xff, 0xa3,
    0x00, 0x4d, 0xff, 0xff, 0x90, 0x02, 0xff, 0xff,
    0xff, 0xff, 0xff, 0xff, 0xfe, 0x10, 0x00, 0x5f,
    0xff, 0xff, 0xff, 0xff, 0xff, 0xf4, 0x00, 0x00,
    0x04, 0xef, 0xff, 0xff, 0xff, 0xfd, 0x30, 0x00,
    0x00, 0x00, 0x06, 0xbe, 0xff, 0xda, 0x50, 0x00,
    0x00,

    /* U+0068 "h" */
    0xff, 0xff, 0xb0, 0x00, 0x00, 0x00, 0x00, 0x00,
    0x0f, 0xff, 0xfb, 0x00, 0x00, 0x00, 0x00, 0x00,
    0x00, 0xff, 0xff, 0xb0, 0x00, 0x00, 0x00, 0x00,
    0x00, 0x0f, 0xff, 0xfb, 0x00, 0x00, 0x00, 0x00,
    0x00, 0x00, 0xff, 0xff, 0xb0, 0x00, 0x00, 0x00,
    0x00, 0x00, 0x0f, 0xff, 0xfb, 0x00, 0x00, 0x00,
    0x00, 0x00, 0x00, 0xff, 0xff, 0xb0, 0x00, 0x00,
    0x00, 0x00, 0x00, 0x0f, 0xff, 0xfb, 0x00, 0x6b,
    0xef, 0xeb, 0x50, 0x00, 0xff, 0xff, 0xb6, 0xef,
    0xff, 0xff, 0xff, 0x80, 0x0f, 0xff, 0xff, 0xff,
    0xff, 0xff, 0xff, 0xff, 0x30, 0xff, 0xff, 0xff,
    0xff, 0xff, 0xff, 0xff, 0xfa, 0x0f, 0xff, 0xff,
    0xff, 0xea, 0xaf, 0xff, 0xff, 0xd0, 0xff, 0xff,
    0xfe, 0x50, 0x00, 0x1f, 0xff, 0xff, 0x0f, 0xff,
    0xff, 0x10, 0x00, 0x00, 0xbf, 0xff, 0xf0, 0xff,
    0xff, 0xc0, 0x00, 0x00, 0x0a, 0xff, 0xff, 0x1f,
    0xff, 0xfb, 0x00, 0x00, 0x00, 0xaf, 0xff, 0xf1,
    0xff, 0xff, 0xb0, 0x00, 0x00, 0x0a, 0xff, 0xff,
    0x1f, 0xff, 0xfb, 0x00, 0x00, 0x00, 0xaf, 0xff,
    0xf1, 0xff, 0xff, 0xb0, 0x00, 0x00, 0x0a, 0xff,
    0xff, 0x1f, 0xff, 0xfb, 0x00, 0x00, 0x00, 0xaf,
    0xff, 0xf1, 0xff, 0xff, 0xb0, 0x00, 0x00, 0x0a,
    0xff, 0xff, 0x1f, 0xff, 0xfb, 0x00, 0x00, 0x00,
    0xaf, 0xff, 0xf1, 0xff, 0xff, 0xb0, 0x00, 0x00,
    0x0a, 0xff, 0xff, 0x1f, 0xff, 0xfb, 0x00, 0x00,
    0x00, 0xaf, 0xff, 0xf1, 0xff, 0xff, 0xb0, 0x00,
    0x00, 0x0a, 0xff, 0xff, 0x10,

    /* U+0069 "i" */
    0x04, 0xdf, 0xc2, 0x01, 0xff, 0xff, 0xe0, 0x5f,
    0xff, 0xff, 0x35, 0xff, 0xff, 0xf2, 0x0e, 0xff,
    0xfc, 0x00, 0x18, 0xa7, 0x00, 0x00, 0x00, 0x00,
    0x00, 0x00, 0x00, 0x00, 0x0e, 0xff, 0xfc, 0x00,
    0xef, 0xff, 0xc0, 0x0e, 0xff, 0xfc, 0x00, 0xef,
    0xff, 0xc0, 0x0e, 0xff, 0xfc, 0x00, 0xef, 0xff,
    0xc0, 0x0e, 0xff, 0xfc, 0x00, 0xef, 0xff, 0xc0,
    0x0e, 0xff, 0xfc, 0x00, 0xef, 0xff, 0xc0, 0x0e,
    0xff, 0xfc, 0x00, 0xef, 0xff, 0xc0, 0x0e, 0xff,
    0xfc, 0x00, 0xef, 0xff, 0xc0, 0x0e, 0xff, 0xfc,
    0x00, 0xef, 0xff, 0xc0, 0x0e, 0xff, 0xfc, 0x00,
    0xef, 0xff, 0xc0,

    /* U+006A "j" */
    0x00, 0x02, 0xbf, 0xd5, 0x00, 0x00, 0xcf, 0xff,
    0xf2, 0x00, 0x1f, 0xff, 0xff, 0x70, 0x00, 0xff,
    0xff, 0xf6, 0x00, 0x0a, 0xff, 0xfe, 0x10, 0x00,
    0x07, 0xa9, 0x20, 0x00, 0x00, 0x00, 0x00, 0x00,
    0x00, 0x00, 0x00, 0x00, 0x00, 0x0b, 0xff, 0xff,
    0x00, 0x00, 0xbf, 0xff, 0xf0, 0x00, 0x0b, 0xff,
    0xff, 0x00, 0x00, 0xbf, 0xff, 0xf0, 0x00, 0x0b,
    0xff, 0xff, 0x00, 0x00, 0xbf, 0xff, 0xf0, 0x00,
    0x0b, 0xff, 0xff, 0x00, 0x00, 0xbf, 0xff, 0xf0,
    0x00, 0x0b, 0xff, 0xff, 0x00, 0x00, 0xbf, 0xff,
    0xf0, 0x00, 0x0b, 0xff, 0xff, 0x00, 0x00, 0xbf,
    0xff, 0xf0, 0x00, 0x0b, 0xff, 0xff, 0x00, 0x00,
    0xbf, 0xff, 0xf0, 0x00, 0x0b, 0xff, 0xff, 0x00,
    0x00, 0xbf, 0xff, 0xf0, 0x00, 0x0b, 0xff, 0xff,
    0x00, 0x00, 0xbf, 0xff, 0xf0, 0x00, 0x0b, 0xff,
    0xff, 0x00, 0x00, 0xcf, 0xff, 0xf0, 0x13, 0x6f,
    0xff, 0xfe, 0x03, 0xff, 0xff, 0xff, 0xb0, 0x3f,
    0xff, 0xff, 0xf5, 0x03, 0xff, 0xff, 0xfa, 0x00,
    0x2d, 0xff, 0xc6, 0x00, 0x00,

    /* U+006B "k" */
    0xff, 0xff, 0xb0, 0x00, 0x00, 0x00, 0x00, 0x00,
    0x0f, 0xff, 0xfb, 0x00, 0x00, 0x00, 0x00, 0x00,
    0x00, 0xff, 0xff, 0xb0, 0x00, 0x00, 0x00, 0x00,
    0x00, 0x0f, 0xff, 0xfb, 0x00, 0x00, 0x00, 0x00,
    0x00, 0x00, 0xff, 0xff, 0xb0, 0x00, 0x00, 0x00,
    0x00, 0x00, 0x0f, 0xff, 0xfb, 0x00, 0x00, 0x00,
    0x00, 0x00, 0x00, 0xff, 0xff, 0xb0, 0x00, 0x00,
    0x00, 0x00, 0x00, 0x0f, 0xff, 0xfb, 0x00, 0x00,
    0x0b, 0xff, 0xff, 0x90, 0xff, 0xff, 0xb0, 0x00,
    0x0a, 0xff, 0xff, 0xb0, 0x0f, 0xff, 0xfb, 0x00,
    0x08, 0xff, 0xff, 0xc0, 0x00, 0xff, 0xff, 0xb0,
    0x06, 0xff, 0xff, 0xe1, 0x00, 0x0f, 0xff, 0xfb,
    0x05, 0xff, 0xff, 0xe2, 0x00, 0x00, 0xff, 0xff,
    0xb3, 0xff, 0xff, 0xf3, 0x00, 0x00, 0x0f, 0xff,
    0xfd, 0xef, 0xff, 0xf5, 0x00, 0x00, 0x00, 0xff,
    0xff, 0xff, 0xff, 0xf7, 0x00, 0x00, 0x00, 0x0f,
    0xff, 0xff, 0xff, 0xff, 0x00, 0x00, 0x00, 0x00,
    0xff, 0xff, 0xff, 0xff, 0xf5, 0x00, 0x00, 0x00,
    0x0f, 0xff, 0xff, 0xff, 0xff, 0xf2, 0x00, 0x00,
    0x00, 0xff, 0xff, 0xb9, 0xff, 0xff, 0xd1, 0x00,
    0x00, 0x0f, 0xff, 0xfb, 0x0c, 0xff, 0xff, 0xb0,
    0x00, 0x00, 0xff, 0xff, 0xb0, 0x1e, 0xff, 0xff,
    0x80, 0x00, 0x0f, 0xff, 0xfb, 0x00, 0x3f, 0xff,
    0xff, 0x50, 0x00, 0xff, 0xff, 0xb0, 0x00, 0x6f,
    0xff, 0xff, 0x30, 0x0f, 0xff, 0xfb, 0x00, 0x00,
    0x9f, 0xff, 0xfe, 0x10, 0xff, 0xff, 0xb0, 0x00,
    0x00, 0xbf, 0xff, 0xfc, 0x00,

    /* U+006C "l" */
    0xff, 0xff, 0xb0, 0x0f, 0xff, 0xfb, 0x00, 0xff,
    0xff, 0xb0, 0x0f, 0xff, 0xfb, 0x00, 0xff, 0xff,
    0xb0, 0x0f, 0xff, 0xfb, 0x00, 0xff, 0xff, 0xb0,
    0x0f, 0xff, 0xfb, 0x00, 0xff, 0xff, 0xb0, 0x0f,
    0xff, 0xfb, 0x00, 0xff, 0xff, 0xb0, 0x0f, 0xff,
    0xfb, 0x00, 0xff, 0xff, 0xb0, 0x0f, 0xff, 0xfb,
    0x00, 0xff, 0xff, 0xb0, 0x0f, 0xff, 0xfb, 0x00,
    0xff, 0xff, 0xb0, 0x0f, 0xff, 0xfb, 0x00, 0xff,
    0xff, 0xb0, 0x0f, 0xff, 0xfe, 0x00, 0xff, 0xff,
    0xfc, 0x3d, 0xff, 0xff, 0xf6, 0x8f, 0xff, 0xff,
    0x61, 0xdf, 0xff, 0xf6, 0x01, 0x9e, 0xfe, 0x50,

    /* U+006D "m" */
    0xff, 0xfb, 0x00, 0x28, 0xcf, 0xfe, 0x92, 0x00,
    0x03, 0x9d, 0xff, 0xd9, 0x10, 0x0f, 0xff, 0xf1,
    0xaf, 0xff, 0xff, 0xff, 0xf3, 0x1b, 0xff, 0xff,
    0xff, 0xfe, 0x10, 0xff, 0xff, 0xff, 0xff, 0xff,
    0xff, 0xff, 0xfe, 0xff, 0xff, 0xff, 0xff, 0xfb,
    0x0f, 0xff, 0xff, 0xff, 0xff, 0xff, 0xff, 0xff,
    0xff, 0xff, 0xff, 0xff, 0xff, 0xf1, 0xff, 0xff,
    0xff, 0xfd, 0xac, 0xff, 0xff, 0xff, 0xff, 0xca,
    0xcf, 0xff, 0xff, 0x4f, 0xff, 0xff, 0xd4, 0x00,
    0x08, 0xff, 0xff, 0xfd, 0x30, 0x00, 0x9f, 0xff,
    0xf6, 0xff, 0xff, 0xf1, 0x00, 0x00, 0x2f, 0xff,
    0xff, 0x00, 0x00, 0x04, 0xff, 0xff, 0x7f, 0xff,
    0xfc, 0x00, 0x00, 0x01, 0xff, 0xff, 0xb0, 0x00,
    0x00, 0x3f, 0xff, 0xf8, 0xff, 0xff, 0xb0, 0x00,
    0x00, 0x1f, 0xff, 0xfa, 0x00, 0x00, 0x03, 0xff,
    0xff, 0x8f, 0xff, 0xfb, 0x00, 0x00, 0x01, 0xff,
    0xff, 0xa0, 0x00, 0x00, 0x3f, 0xff, 0xf8, 0xff,
    0xff, 0xb0, 0x00, 0x00, 0x1f, 0xff, 0xfa, 0x00,
    0x00, 0x03, 0xff, 0xff, 0x8f, 0xff, 0xfb, 0x00,
    0x00, 0x01, 0xff, 0xff, 0xa0, 0x00, 0x00, 0x3f,
    0xff, 0xf8, 0xff, 0xff, 0xb0, 0x00, 0x00, 0x1f,
    0xff, 0xfa, 0x00, 0x00, 0x03, 0xff, 0xff, 0x8f,
    0xff, 0xfb, 0x00, 0x00, 0x01, 0xff, 0xff, 0xa0,
    0x00, 0x00, 0x3f, 0xff, 0xf8, 0xff, 0xff, 0xb0,
    0x00, 0x00, 0x1f, 0xff, 0xfa, 0x00, 0x00, 0x03,
    0xff, 0xff, 0x8f, 0xff, 0xfb, 0x00, 0x00, 0x01,
    0xff, 0xff, 0xa0, 0x00, 0x00, 0x3f, 0xff, 0xf8,
    0xff, 0xff, 0xb0, 0x00, 0x00, 0x1f, 0xff, 0xfa,
    0x00, 0x00, 0x03, 0xff, 0xff, 0x8f, 0xff, 0xfb,
    0x00, 0x00, 0x01, 0xff, 0xff, 0xa0, 0x00, 0x00,
    0x3f, 0xff, 0xf8,

    /* U+006E "n" */
    0xff, 0xfb, 0x00, 0x17, 0xbe, 0xfe, 0xb5, 0x00,
    0x0f, 0xff, 0xf1, 0x9f, 0xff, 0xff, 0xff, 0xf8,
    0x00, 0xff, 0xff, 0xff, 0xff, 0xff, 0xff, 0xff,
    0xf3, 0x0f, 0xff, 0xff, 0xff, 0xff, 0xff, 0xff,
    0xff, 0xa0, 0xff, 0xff, 0xff, 0xfe, 0xaa, 0xff,
    0xff, 0xfd, 0x0f, 0xff, 0xff, 0xe5, 0x00, 0x01,
    0xff, 0xff, 0xf0, 0xff, 0xff, 0xf1, 0x00, 0x00,
    0x0b, 0xff, 0xff, 0x0f, 0xff, 0xfc, 0x00, 0x00,
    0x00, 0xaf, 0xff, 0xf1, 0xff, 0xff, 0xb0, 0x00,
    0x00, 0x0a, 0xff, 0xff, 0x1f, 0xff, 0xfb, 0x00,
    0x00, 0x00, 0xaf, 0xff, 0xf1, 0xff, 0xff, 0xb0,
    0x00, 0x00, 0x0a, 0xff, 0xff, 0x1f, 0xff, 0xfb,
    0x00, 0x00, 0x00, 0xaf, 0xff, 0xf1, 0xff, 0xff,
    0xb0, 0x00, 0x00, 0x0a, 0xff, 0xff, 0x1f, 0xff,
    0xfb, 0x00, 0x00, 0x00, 0xaf, 0xff, 0xf1, 0xff,
    0xff, 0xb0, 0x00, 0x00, 0x0a, 0xff, 0xff, 0x1f,
    0xff, 0xfb, 0x00, 0x00, 0x00, 0xaf, 0xff, 0xf1,
    0xff, 0xff, 0xb0, 0x00, 0x00, 0x0a, 0xff, 0xff,
    0x1f, 0xff, 0xfb, 0x00, 0x00, 0x00, 0xaf, 0xff,
    0xf1,

    /* U+006F "o" */
    0x00, 0x00, 0x00, 0x5a, 0xdf, 0xfe, 0xb7, 0x10,
    0x00, 0x00, 0x00, 0x00, 0x3e, 0xff, 0xff, 0xff,
    0xff, 0xf7, 0x00, 0x00, 0x00, 0x06, 0xff, 0xff,
    0xff, 0xff, 0xff, 0xff, 0xb0, 0x00, 0x00, 0x4f,
    0xff, 0xff, 0xff, 0xff, 0xff, 0xff, 0xf8, 0x00,
    0x00, 0xef, 0xff, 0xff, 0xd9, 0x9b, 0xff, 0xff,
    0xff, 0x40, 0x06, 0xff, 0xff, 0xf5, 0x00, 0x00,
    0x2d, 0xff, 0xff, 0xb0, 0x0b, 0xff, 0xff, 0x70,
    0x00, 0x00, 0x02, 0xff, 0xff, 0xf0, 0x0e, 0xff,
    0xff, 0x00, 0x00, 0x00, 0x00, 0xaf, 0xff, 0xf3,
    0x0f, 0xff, 0xfd, 0x00, 0x00, 0x00, 0x00, 0x7f,
    0xff, 0xf4, 0x0f, 0xff, 0xfd, 0x00, 0x00, 0x00,
    0x00, 0x7f, 0xff, 0xf4, 0x0e, 0xff, 0xff, 0x00,
    0x00, 0x00, 0x00, 0xbf, 0xff, 0xf3, 0x0b, 0xff,
    0xff, 0x70, 0x00, 0x00, 0x02, 0xff, 0xff, 0xf0,
    0x06, 0xff, 0xff, 0xf6, 0x00, 0x00, 0x3e, 0xff,
    0xff, 0xb0, 0x00, 0xef, 0xff, 0xff, 0xda, 0x9c,
    0xff, 0xff, 0xff, 0x40, 0x00, 0x4f, 0xff, 0xff,
    0xff, 0xff, 0xff, 0xff, 0xf8, 0x00, 0x00, 0x06,
    0xff, 0xff, 0xff, 0xff, 0xff, 0xff, 0xb0, 0x00,
    0x00, 0x00, 0x3e, 0xff, 0xff, 0xff, 0xff, 0xf7,
    0x00, 0x00, 0x00, 0x00, 0x00, 0x5a, 0xdf, 0xfe,
    0xb7, 0x10, 0x00, 0x00,

    /* U+0070 "p" */
    0xff, 0xfa, 0x00, 0x6b, 0xef, 0xec, 0x70, 0x00,
    0x00, 0xff, 0xfe, 0x2d, 0xff, 0xff, 0xff, 0xfe,
    0x30, 0x00, 0xff, 0xff, 0xff, 0xff, 0xff, 0xff,
    0xff, 0xf4, 0x00, 0xff, 0xff, 0xff, 0xff, 0xff,
    0xff, 0xff, 0xfe, 0x10, 0xff, 0xff, 0xff, 0xe7,
    0x56, 0xcf, 0xff, 0xff, 0x90, 0xff, 0xff, 0xfc,
    0x00, 0x00, 0x08, 0xff, 0xff, 0xf0, 0xff, 0xff,
    0xf1, 0x00, 0x00, 0x00, 0xcf, 0xff, 0xf4, 0xff,
    0xff, 0xf0, 0x00, 0x00, 0x00, 0x6f, 0xff, 0xf7,
    0xff, 0xff, 0xe0, 0x00, 0x00, 0x00, 0x3f, 0xff,
    0xf8, 0xff, 0xff, 0xe0, 0x00, 0x00, 0x00, 0x3f,
    0xff, 0xf8, 0xff, 0xff, 0xf0, 0x00, 0x00, 0x00,
    0x6f, 0xff, 0xf7, 0xff, 0xff, 0xf1, 0x00, 0x00,
    0x00, 0xcf, 0xff, 0xf4, 0xff, 0xff, 0xfc, 0x10,
    0x00, 0x08, 0xff, 0xff, 0xf0, 0xff, 0xff, 0xff,
    0xe8, 0x67, 0xcf, 0xff, 0xff, 0x90, 0xff, 0xff,
    0xff, 0xff, 0xff, 0xff, 0xff, 0xfe, 0x10, 0xff,
    0xff, 0xff, 0xff, 0xff, 0xff, 0xff, 0xf4, 0x00,
    0xff, 0xff, 0xfe, 0xff, 0xff, 0xff, 0xfe, 0x30,
    0x00, 0xff, 0xff, 0xb0, 0x7c, 0xff, 0xec, 0x60,
    0x00, 0x00, 0xff, 0xff, 0xb0, 0x00, 0x00, 0x00,
    0x00, 0x00, 0x00, 0xff, 0xff, 0xb0, 0x00, 0x00,
    0x00, 0x00, 0x00, 0x00, 0xff, 0xff, 0xb0, 0x00,
    0x00, 0x00, 0x00, 0x00, 0x00, 0xff, 0xff, 0xb0,
    0x00, 0x00, 0x00, 0x00, 0x00, 0x00, 0xff, 0xff,
    0xb0, 0x00, 0x00, 0x00, 0x00, 0x00, 0x00, 0xff,
    0xff, 0xb0, 0x00, 0x00, 0x00, 0x00, 0x00, 0x00,
    0xff, 0xff, 0xb0, 0x00, 0x00, 0x00, 0x00, 0x00,
    0x00,

    /* U+0071 "q" */
    0x00, 0x00, 0x03, 0x9d, 0xff, 0xd9, 0x30, 0x1f,
    0xff, 0x80, 0x00, 0x09, 0xff, 0xff, 0xff, 0xff,
    0x96, 0xff, 0xf8, 0x00, 0x0b, 0xff, 0xff, 0xff,
    0xff, 0xff, 0xff, 0xff, 0x80, 0x07, 0xff, 0xff,
    0xff, 0xff, 0xff, 0xff, 0xff, 0xf8, 0x01, 0xff,
    0xff, 0xff, 0x95, 0x6a, 0xff, 0xff, 0xff, 0x80,
    0x7f, 0xff, 0xfe, 0x20, 0x00, 0x04, 0xff, 0xff,
    0xf8, 0x0c, 0xff, 0xff, 0x50, 0x00, 0x00, 0x08,
    0xff, 0xff, 0x80, 0xef, 0xff, 0xf0, 0x00, 0x00,
    0x00, 0x2f, 0xff, 0xf8, 0x0f, 0xff, 0xfc, 0x00,
    0x00, 0x00, 0x00, 0xff, 0xff, 0x80, 0xff, 0xff,
    0xc0, 0x00, 0x00, 0x00, 0x0f, 0xff, 0xf8, 0x0e,
    0xff, 0xff, 0x00, 0x00, 0x00, 0x02, 0xff, 0xff,
    0x80, 0xcf, 0xff, 0xf5, 0x00, 0x00, 0x00, 0x8f,
    0xff, 0xf8, 0x07, 0xff, 0xff, 0xe2, 0x00, 0x00,
    0x4f, 0xff, 0xff, 0x80, 0x1f, 0xff, 0xff, 0xf9,
    0x66, 0xaf, 0xff, 0xff, 0xf8, 0x00, 0x7f, 0xff,
    0xff, 0xff, 0xff, 0xff, 0xff, 0xff, 0x80, 0x00,
    0xbf, 0xff, 0xff, 0xff, 0xff, 0xff, 0xff, 0xf8,
    0x00, 0x00, 0x8f, 0xff, 0xff, 0xff, 0xfc, 0xff,
    0xff, 0x80, 0x00, 0x00, 0x39, 0xdf, 0xfd, 0xa4,
    0x2f, 0xff, 0xf8, 0x00, 0x00, 0x00, 0x00, 0x00,
    0x00, 0x02, 0xff, 0xff, 0x80, 0x00, 0x00, 0x00,
    0x00, 0x00, 0x00, 0x2f, 0xff, 0xf8, 0x00, 0x00,
    0x00, 0x00, 0x00, 0x00, 0x02, 0xff, 0xff, 0x80,
    0x00, 0x00, 0x00, 0x00, 0x00, 0x00, 0x2f, 0xff,
    0xf8, 0x00, 0x00, 0x00, 0x00, 0x00, 0x00, 0x02,
    0xff, 0xff, 0x80, 0x00, 0x00, 0x00, 0x00, 0x00,
    0x00, 0x2f, 0xff, 0xf8, 0x00, 0x00, 0x00, 0x00,
    0x00, 0x00, 0x02, 0xff, 0xff, 0x80,

    /* U+0072 "r" */
    0xff, 0xfa, 0x00, 0x8d, 0xff, 0x4f, 0xff, 0xe3,
    0xdf, 0xff, 0xf4, 0xff, 0xff, 0xff, 0xff, 0xff,
    0x4f, 0xff, 0xff, 0xff, 0xff, 0xf4, 0xff, 0xff,
    0xff, 0xeb, 0xa9, 0x2f, 0xff, 0xff, 0x60, 0x00,
    0x00, 0xff, 0xff, 0xf0, 0x00, 0x00, 0x0f, 0xff,
    0xfb, 0x00, 0x00, 0x00, 0xff, 0xff, 0xb0, 0x00,
    0x00, 0x0f, 0xff, 0xfb, 0x00, 0x00, 0x00, 0xff,
    0xff, 0xb0, 0x00, 0x00, 0x0f, 0xff, 0xfb, 0x00,
    0x00, 0x00, 0xff, 0xff, 0xb0, 0x00, 0x00, 0x0f,
    0xff, 0xfb, 0x00, 0x00, 0x00, 0xff, 0xff, 0xb0,
    0x00, 0x00, 0x0f, 0xff, 0xfb, 0x00, 0x00, 0x00,
    0xff, 0xff, 0xb0, 0x00, 0x00, 0x0f, 0xff, 0xfb,
    0x00, 0x00, 0x00,

    /* U+0073 "s" */
    0x00, 0x03, 0x9d, 0xff, 0xdb, 0x50, 0x00, 0x00,
    0x08, 0xff, 0xff, 0xff, 0xff, 0xd3, 0x00, 0x08,
    0xff, 0xff, 0xff, 0xff, 0xff, 0xf5, 0x01, 0xff,
    0xff, 0xff, 0xff, 0xff, 0xff, 0x90, 0x5f, 0xff,
    0xe3, 0x00, 0x4a, 0xff, 0x60, 0x07, 0xff, 0xfb,
    0x00, 0x00, 0x04, 0x40, 0x00, 0x5f, 0xff, 0xf9,
    0x20, 0x00, 0x00, 0x00, 0x01, 0xff, 0xff, 0xff,
    0xe9, 0x50, 0x00, 0x00, 0x06, 0xff, 0xff, 0xff,
    0xff, 0xe7, 0x00, 0x00, 0x04, 0xcf, 0xff, 0xff,
    0xff, 0xfc, 0x00, 0x00, 0x00, 0x38, 0xdf, 0xff,
    0xff, 0xf7, 0x00, 0x00, 0x00, 0x00, 0x17, 0xff,
    0xff, 0xc0, 0x00, 0xaa, 0x00, 0x00, 0x08, 0xff,
    0xfe, 0x01, 0xdf, 0xfc, 0x30, 0x00, 0xbf, 0xff,
    0xc0, 0xaf, 0xff, 0xff, 0xed, 0xff, 0xff, 0xf7,
    0x01, 0xdf, 0xff, 0xff, 0xff, 0xff, 0xfd, 0x00,
    0x01, 0xbf, 0xff, 0xff, 0xff, 0xfc, 0x10, 0x00,
    0x00, 0x38, 0xde, 0xfe, 0xa5, 0x00, 0x00,

    /* U+0074 "t" */
    0x00, 0x00, 0xaf, 0xff, 0x50, 0x00, 0x00, 0x00,
    0x0d, 0xff, 0xf5, 0x00, 0x00, 0x00, 0x01, 0xff,
    0xff, 0x50, 0x00, 0x00, 0x00, 0x5f, 0xff, 0xf5,
    0x00, 0x00, 0x2f, 0xff, 0xff, 0xff, 0xff, 0xff,
    0x22, 0xff, 0xff, 0xff, 0xff, 0xff, 0xf2, 0x2f,
    0xff, 0xff, 0xff, 0xff, 0xff, 0x22, 0xff, 0xff,
    0xff, 0xff, 0xff, 0xf2, 0x05, 0x5c, 0xff, 0xff,
    0xa5, 0x55, 0x00, 0x00, 0x6f, 0xff, 0xf5, 0x00,
    0x00, 0x00, 0x06, 0xff, 0xff, 0x50, 0x00, 0x00,
    0x00, 0x6f, 0xff, 0xf5, 0x00, 0x00, 0x00, 0x06,
    0xff, 0xff, 0x50, 0x00, 0x00, 0x00, 0x6f, 0xff,
    0xf5, 0x00, 0x00, 0x00, 0x06, 0xff, 0xff, 0x50,
    0x00, 0x00, 0x00, 0x6f, 0xff, 0xf5, 0x00, 0x00,
    0x00, 0x06, 0xff, 0xff, 0x90, 0x00, 0x00, 0x00,
    0x4f, 0xff, 0xff, 0xb9, 0xb2, 0x00, 0x01, 0xff,
    0xff, 0xff, 0xff, 0x20, 0x00, 0x0a, 0xff, 0xff,
    0xff, 0xf2, 0x00, 0x00, 0x1c, 0xff, 0xff, 0xff,
    0x20, 0x00, 0x00, 0x06, 0xce, 0xfe, 0xb1,

    /* U+0075 "u" */
    0x3f, 0xff, 0xf8, 0x00, 0x00, 0x00, 0xdf, 0xff,
    0xe3, 0xff, 0xff, 0x80, 0x00, 0x00, 0x0d, 0xff,
    0xfe, 0x3f, 0xff, 0xf8, 0x00, 0x00, 0x00, 0xdf,
    0xff, 0xe3, 0xff, 0xff, 0x80, 0x00, 0x00, 0x0d,
    0xff, 0xfe, 0x3f, 0xff, 0xf8, 0x00, 0x00, 0x00,
    0xdf, 0xff, 0xe3, 0xff, 0xff, 0x80, 0x00, 0x00,
    0x0d, 0xff, 0xfe, 0x3f, 0xff, 0xf8, 0x00, 0x00,
    0x00, 0xdf, 0xff, 0xe3, 0xff, 0xff, 0x80, 0x00,
    0x00, 0x0d, 0xff, 0xfe, 0x3f, 0xff, 0xf8, 0x00,
    0x00, 0x00, 0xdf, 0xff, 0xe3, 0xff, 0xff, 0x80,
    0x00, 0x00, 0x0d, 0xff, 0xfe, 0x3f, 0xff, 0xf8,
    0x00, 0x00, 0x00, 0xef, 0xff, 0xe2, 0xff, 0xff,
    0x90, 0x00, 0x00, 0x1f, 0xff, 0xfe, 0x0f, 0xff,
    0xfe, 0x10, 0x00, 0x5e, 0xff, 0xff, 0xe0, 0xff,
    0xff, 0xff, 0xbb, 0xef, 0xff, 0xff, 0xfe, 0x0b,
    0xff, 0xff, 0xff, 0xff, 0xff, 0xff, 0xff, 0xe0,
    0x4f, 0xff, 0xff, 0xff, 0xff, 0xff, 0xff, 0xfe,
    0x00, 0x7f, 0xff, 0xff, 0xff, 0xf9, 0x2f, 0xff,
    0xe0, 0x00, 0x4a, 0xef, 0xfc, 0x82, 0x00, 0xcf,
    0xfe,

    /* U+0076 "v" */
    0x6f, 0xff, 0xf9, 0x00, 0x00, 0x00, 0x0d, 0xff,
    0xff, 0x00, 0xff, 0xff, 0xe0, 0x00, 0x00, 0x02,
    0xff, 0xff, 0xa0, 0x0a, 0xff, 0xff, 0x30, 0x00,
    0x00, 0x7f, 0xff, 0xf4, 0x00, 0x4f, 0xff, 0xf9,
    0x00, 0x00, 0x0d, 0xff, 0xfe, 0x00, 0x00, 0xdf,
    0xff, 0xe0, 0x00, 0x02, 0xff, 0xff, 0x90, 0x00,
    0x07, 0xff, 0xff, 0x30, 0x00, 0x7f, 0xff, 0xf3,
    0x00, 0x00, 0x2f, 0xff, 0xf9, 0x00, 0x0c, 0xff,
    0xfd, 0x00, 0x00, 0x00, 0xbf, 0xff, 0xe0, 0x01,
    0xff, 0xff, 0x70, 0x00, 0x00, 0x05, 0xff, 0xff,
    0x40, 0x6f, 0xff, 0xf2, 0x00, 0x00, 0x00, 0x0f,
    0xff, 0xf9, 0x0b, 0xff, 0xfc, 0x00, 0x00, 0x00,
    0x00, 0x9f, 0xff, 0xe1, 0xff, 0xff, 0x60, 0x00,
    0x00, 0x00, 0x03, 0xff, 0xff, 0xaf, 0xff, 0xf1,
    0x00, 0x00, 0x00, 0x00, 0x0d, 0xff, 0xff, 0xff,
    0xfb, 0x00, 0x00, 0x00, 0x00, 0x00, 0x7f, 0xff,
    0xff, 0xff, 0x50, 0x00, 0x00, 0x00, 0x00, 0x01,
    0xff, 0xff, 0xff, 0xf0, 0x00, 0x00, 0x00, 0x00,
    0x00, 0x0b, 0xff, 0xff, 0xfa, 0x00, 0x00, 0x00,
    0x00, 0x00, 0x00, 0x5f, 0xff, 0xff, 0x40, 0x00,
    0x00, 0x00, 0x00, 0x00, 0x00, 0xff, 0xff, 0xe0,
    0x00, 0x00, 0x00,

    /* U+0077 "w" */
    0x7f, 0xff, 0xf2, 0x00, 0x00, 0x08, 0xff, 0xfa,
    0x00, 0x00, 0x00, 0xff, 0xff, 0x83, 0xff, 0xff,
    0x60, 0x00, 0x00, 0xdf, 0xff, 0xe0, 0x00, 0x00,
    0x3f, 0xff, 0xf3, 0x0e, 0xff, 0xfa, 0x00, 0x00,
    0x2f, 0xff, 0xff, 0x40, 0x00, 0x08, 0xff, 0xfe,
    0x00, 0x9f, 0xff, 0xf0, 0x00, 0x07, 0xff, 0xff,
    0xf9, 0x00, 0x00, 0xcf, 0xff, 0x90, 0x04, 0xff,
    0xff, 0x30, 0x00, 0xcf, 0xff, 0xff, 0xe0, 0x00,
    0x1f, 0xff, 0xf5, 0x00, 0x0f, 0xff, 0xf8, 0x00,
    0x1f, 0xff, 0xff, 0xff, 0x30, 0x05, 0xff, 0xff,
    0x00, 0x00, 0xbf, 0xff, 0xc0, 0x06, 0xff, 0xff,
    0xff, 0xf8, 0x00, 0x9f, 0xff, 0xb0, 0x00, 0x06,
    0xff, 0xff, 0x00, 0xbf, 0xff, 0xcf, 0xff, 0xd0,
    0x0d, 0xff, 0xf6, 0x00, 0x00, 0x1f, 0xff, 0xf5,
    0x0f, 0xff, 0xf2, 0xff, 0xff, 0x22, 0xff, 0xff,
    0x20, 0x00, 0x00, 0xdf, 0xff, 0x95, 0xff, 0xfc,
    0x0a, 0xff, 0xf7, 0x6f, 0xff, 0xd0, 0x00, 0x00,
    0x08, 0xff, 0xfd, 0xaf, 0xff, 0x70, 0x5f, 0xff,
    0xca, 0xff, 0xf8, 0x00, 0x00, 0x00, 0x3f, 0xff,
    0xff, 0xff, 0xf2, 0x00, 0xff, 0xff, 0xff, 0xff,
    0x30, 0x00, 0x00, 0x00, 0xef, 0xff, 0xff, 0xfc,
    0x00, 0x0b, 0xff, 0xff, 0xff, 0xe0, 0x00, 0x00,
    0x00, 0x09, 0xff, 0xff, 0xff, 0x70, 0x00, 0x5f,
    0xff, 0xff, 0xfa, 0x00, 0x00, 0x00, 0x00, 0x5f,
    0xff, 0xff, 0xf2, 0x00, 0x01, 0xff, 0xff, 0xff,
    0x50, 0x00, 0x00, 0x00, 0x00, 0xff, 0xff, 0xfd,
    0x00, 0x00, 0x0b, 0xff, 0xff, 0xf0, 0x00, 0x00,
    0x00, 0x00, 0x0b, 0xff, 0xff, 0x80, 0x00, 0x00,
    0x6f, 0xff, 0xfb, 0x00, 0x00, 0x00, 0x00, 0x00,
    0x6f, 0xff, 0xf2, 0x00, 0x00, 0x01, 0xff, 0xff,
    0x60, 0x00, 0x00,

    /* U+0078 "x" */
    0x3f, 0xff, 0xff, 0x30, 0x00, 0x00, 0xaf, 0xff,
    0xfb, 0x00, 0x7f, 0xff, 0xfd, 0x00, 0x00, 0x4f,
    0xff, 0xfe, 0x10, 0x00, 0xcf, 0xff, 0xf7, 0x00,
    0x0d, 0xff, 0xff, 0x50, 0x00, 0x02, 0xff, 0xff,
    0xf1, 0x08, 0xff, 0xff, 0xa0, 0x00, 0x00, 0x07,
    0xff, 0xff, 0xa2, 0xff, 0xff, 0xe1, 0x00, 0x00,
    0x00, 0x0c, 0xff, 0xff, 0xff, 0xff, 0xf5, 0x00,
    0x00, 0x00, 0x00, 0x2f, 0xff, 0xff, 0xff, 0xfa,
    0x00, 0x00, 0x00, 0x00, 0x00, 0x7f, 0xff, 0xff,
    0xfe, 0x10, 0x00, 0x00, 0x00, 0x00, 0x00, 0xff,
    0xff, 0xff, 0x50, 0x00, 0x00, 0x00, 0x00, 0x00,
    0x0f, 0xff, 0xff, 0xf6, 0x00, 0x00, 0x00, 0x00,
    0x00, 0x07, 0xff, 0xff, 0xff, 0xf1, 0x00, 0x00,
    0x00, 0x00, 0x03, 0xff, 0xff, 0xff, 0xff, 0xb0,
    0x00, 0x00, 0x00, 0x00, 0xdf, 0xff, 0xfe, 0xff,
    0xff, 0x60, 0x00, 0x00, 0x00, 0x8f, 0xff, 0xf9,
    0x1f, 0xff, 0xff, 0x20, 0x00, 0x00, 0x3f, 0xff,
    0xfe, 0x10, 0x7f, 0xff, 0xfb, 0x00, 0x00, 0x0d,
    0xff, 0xff, 0x60, 0x00, 0xcf, 0xff, 0xf6, 0x00,
    0x08, 0xff, 0xff, 0xc0, 0x00, 0x03, 0xff, 0xff,
    0xf2, 0x03, 0xff, 0xff, 0xf2, 0x00, 0x00, 0x09,
    0xff, 0xff, 0xc0,

    /* U+0079 "y" */
    0x6f, 0xff, 0xf6, 0x00, 0x00, 0x00, 0x01, 0xff,
    0xff, 0xc0, 0xef, 0xff, 0xd0, 0x00, 0x00, 0x00,
    0x8f, 0xff, 0xf5, 0x08, 0xff, 0xff, 0x40, 0x00,
    0x00, 0x0e, 0xff, 0xfe, 0x00, 0x1f, 0xff, 0xfb,
    0x00, 0x00, 0x05, 0xff, 0xff, 0x70, 0x00, 0xaf,
    0xff, 0xf2, 0x00, 0x00, 0xcf, 0xff, 0xf1, 0x00,
    0x03, 0xff, 0xff, 0x90, 0x00, 0x3f, 0xff, 0xf9,
    0x00, 0x00, 0x0c, 0xff, 0xff, 0x00, 0x0a, 0xff,
    0xff, 0x20, 0x00, 0x00, 0x6f, 0xff, 0xf6, 0x01,
    0xff, 0xff, 0xb0, 0x00, 0x00, 0x00, 0xef, 0xff,
    0xd0, 0x8f, 0xff, 0xf4, 0x00, 0x00, 0x00, 0x08,
    0xff, 0xff, 0x5e, 0xff, 0xfd, 0x00, 0x00, 0x00,
    0x00, 0x1f, 0xff, 0xff, 0xff, 0xff, 0x70, 0x00,
    0x00, 0x00, 0x00, 0xaf, 0xff, 0xff, 0xff, 0xf0,
    0x00, 0x00, 0x00, 0x00, 0x03, 0xff, 0xff, 0xff,
    0xf9, 0x00, 0x00, 0x00, 0x00, 0x00, 0x0c, 0xff,
    0xff, 0xff, 0x20, 0x00, 0x00, 0x00, 0x00, 0x00,
    0x5f, 0xff, 0xff, 0xb0, 0x00, 0x00, 0x00, 0x00,
    0x00, 0x00, 0xff, 0xff, 0xf4, 0x00, 0x00, 0x00,
    0x00, 0x00, 0x00, 0x0f, 0xff, 0xfd, 0x00, 0x00,
    0x00, 0x00, 0x00, 0x00, 0x06, 0xff, 0xff, 0x60,
    0x00, 0x00, 0x00, 0x00, 0x00, 0x00, 0xdf, 0xff,
    0xf0, 0x00, 0x00, 0x00, 0x00, 0x00, 0x00, 0x3f,
    0xff, 0xf9, 0x00, 0x00, 0x00, 0x00, 0x00, 0x00,
    0x0a, 0xff, 0xff, 0x20, 0x00, 0x00, 0x00, 0x00,
    0x00, 0x01, 0xff, 0xff, 0xb0, 0x00, 0x00, 0x00,
    0x00, 0x00, 0x00, 0x8f, 0xff, 0xf4, 0x00, 0x00,
    0x00, 0x00, 0x00, 0x00, 0x0e, 0xff, 0xfd, 0x00,
    0x00, 0x00, 0x00, 0x00, 0x00, 0x06, 0xff, 0xff,
    0x60, 0x00, 0x00, 0x00, 0x00, 0x00,

    /* U+007A "z" */
    0x7f, 0xff, 0xff, 0xff, 0xff, 0xff, 0xff, 0x77,
    0xff, 0xff, 0xff, 0xff, 0xff, 0xff, 0xf7, 0x7f,
    0xff, 0xff, 0xff, 0xff, 0xff, 0xff, 0x77, 0xff,
    0xff, 0xff, 0xff, 0xff, 0xff, 0xf6, 0x13, 0x33,
    0x33, 0x33, 0xbf, 0xff, 0xfb, 0x00, 0x00, 0x00,
    0x00, 0x5f, 0xff, 0xfd, 0x10, 0x00, 0x00, 0x00,
    0x3f, 0xff, 0xfe, 0x20, 0x00, 0x00, 0x00, 0x1e,
    0xff, 0xff, 0x40, 0x00, 0x00, 0x00, 0x0c, 0xff,
    0xff, 0x60, 0x00, 0x00, 0x00, 0x0a, 0xff, 0xff,
    0x90, 0x00, 0x00, 0x00, 0x07, 0xff, 0xff, 0xb0,
    0x00, 0x00, 0x00, 0x05, 0xff, 0xff, 0xd1, 0x00,
    0x00, 0x00, 0x03, 0xff, 0xff, 0xf2, 0x00, 0x00,
    0x00, 0x01, 0xef, 0xff, 0xf8, 0x33, 0x33, 0x33,
    0x32, 0xaf, 0xff, 0xff, 0xff, 0xff, 0xff, 0xff,
    0x9a, 0xff, 0xff, 0xff, 0xff, 0xff, 0xff, 0xf9,
    0xaf, 0xff, 0xff, 0xff, 0xff, 0xff, 0xff, 0x9a,
    0xff, 0xff, 0xff, 0xff, 0xff, 0xff, 0xf9,

    /* U+007B "{" */
    0x00, 0x04, 0xad, 0xff, 0xe3, 0x00, 0xaf, 0xff,
    0xff, 0xf3, 0x08, 0xff, 0xff, 0xff, 0xf3, 0x0f,
    0xff, 0xff, 0xff, 0xf3, 0x4f, 0xff, 0xff, 0xb7,
    0x71, 0x5f, 0xff, 0xfa, 0x00, 0x00, 0x2f, 0xff,
    0xf7, 0x00, 0x00, 0x0d, 0xff, 0xfa, 0x00, 0x00,
    0x04, 0xff, 0xff, 0x20, 0x00, 0x00, 0xaf, 0xff,
    0xb0, 0x00, 0x00, 0x1f, 0xff, 0xf4, 0x00, 0x00,
    0x06, 0xff, 0xfd, 0x00, 0x00, 0x00, 0xff, 0xff,
    0x40, 0x00, 0x00, 0xdf, 0xff, 0x70, 0x00, 0x03,
    0xff, 0xff, 0x70, 0x00, 0x6e, 0xff, 0xff, 0x30,
    0x2e, 0xff, 0xff, 0xfc, 0x00, 0x4f, 0xff, 0xff,
    0xf1, 0x00, 0x4f, 0xff, 0xff, 0xf3, 0x00, 0x2c,
    0xff, 0xff, 0xfe, 0x00, 0x00, 0x3c, 0xff, 0xff,
    0x50, 0x00, 0x01, 0xff, 0xff, 0x80, 0x00, 0x00,
    0xdf, 0xff, 0x60, 0x00, 0x02, 0xff, 0xff, 0x10,
    0x00, 0x0b, 0xff, 0xf8, 0x00, 0x00, 0x5f, 0xff,
    0xe0, 0x00, 0x01, 0xef, 0xff, 0x50, 0x00, 0x0a,
    0xff, 0xfc, 0x00, 0x00, 0x1f, 0xff, 0xf7, 0x00,
    0x00, 0x4f, 0xff, 0xf9, 0x00, 0x00, 0x4f, 0xff,
    0xff, 0x96, 0x51, 0x1f, 0xff, 0xff, 0xff, 0xf3,
    0x09, 0xff, 0xff, 0xff, 0xf3, 0x00, 0xbf, 0xff,
    0xff, 0xf3, 0x00, 0x04, 0xae, 0xff, 0xf3,

    /* U+007C "|" */
    0x02, 0x22, 0x17, 0xff, 0xfe, 0x7f, 0xff, 0xe7,
    0xff, 0xfe, 0x7f, 0xff, 0xe7, 0xff, 0xfe, 0x7f,
    0xff, 0xe7, 0xff, 0xfe, 0x7f, 0xff, 0xe7, 0xff,
    0xfe, 0x7f, 0xff, 0xe7, 0xff, 0xfe, 0x7f, 0xff,
    0xe7, 0xff, 0xfe, 0x7f, 0xff, 0xe7, 0xff, 0xfe,
    0x7f, 0xff, 0xe7, 0xff, 0xfe, 0x7f, 0xff, 0xe7,
    0xff, 0xfe, 0x7f, 0xff, 0xe7, 0xff, 0xfe, 0x7f,
    0xff, 0xe7, 0xff, 0xfe, 0x7f, 0xff, 0xe7, 0xff,
    0xfe, 0x7f, 0xff, 0xe7, 0xff, 0xfe, 0x7f, 0xff,
    0xe7, 0xff, 0xfe, 0x7f, 0xff, 0xe7, 0xff, 0xfe,
    0x7f, 0xff, 0xe7, 0xff, 0xfe, 0x7f, 0xff, 0xe0,

    /* U+007D "}" */
    0x8e, 0xfe, 0xc8, 0x10, 0x09, 0xff, 0xff, 0xff,
    0x40, 0x9f, 0xff, 0xff, 0xff, 0x29, 0xff, 0xff,
    0xff, 0xfa, 0x37, 0x8d, 0xff, 0xff, 0xe0, 0x00,
    0x1f, 0xff, 0xfe, 0x00, 0x00, 0xdf, 0xff, 0xc0,
    0x00, 0x1f, 0xff, 0xf7, 0x00, 0x08, 0xff, 0xfd,
    0x00, 0x02, 0xff, 0xff, 0x40, 0x00, 0xbf, 0xff,
    0xa0, 0x00, 0x4f, 0xff, 0xf1, 0x00, 0x0b, 0xff,
    0xfa, 0x00, 0x00, 0xef, 0xff, 0x80, 0x00, 0x0e,
    0xff, 0xfc, 0x00, 0x00, 0xaf, 0xff, 0xfc, 0x30,
    0x03, 0xff, 0xff, 0xff, 0xb0, 0x05, 0xff, 0xff,
    0xfe, 0x00, 0x8f, 0xff, 0xff, 0xe0, 0x5f, 0xff,
    0xff, 0xf9, 0x0c, 0xff, 0xff, 0x91, 0x00, 0xef,
    0xff, 0xb0, 0x00, 0x0d, 0xff, 0xf8, 0x00, 0x00,
    0x7f, 0xff, 0xc0, 0x00, 0x00, 0xef, 0xff, 0x50,
    0x00, 0x05, 0xff, 0xfe, 0x10, 0x00, 0x0b, 0xff,
    0xf9, 0x00, 0x00, 0x2f, 0xff, 0xf3, 0x00, 0x00,
    0xdf, 0xff, 0xb0, 0x00, 0x0e, 0xff, 0xfe, 0x35,
    0x6c, 0xff, 0xff, 0xe9, 0xff, 0xff, 0xff, 0xfb,
    0x9f, 0xff, 0xff, 0xff, 0x39, 0xff, 0xff, 0xff,
    0x60, 0x8f, 0xff, 0xc8, 0x20, 0x00,

    /* U+007E "~" */
    0x00, 0x00, 0x00, 0x00, 0x00, 0x00, 0x00, 0x00,
    0x20, 0x00, 0x00, 0x00, 0x3a, 0xef, 0xeb, 0x40,
    0x00, 0x00, 0x1e, 0xe6, 0x00, 0x00, 0x8f, 0xff,
    0xff, 0xff, 0xd5, 0x00, 0x3d, 0xff, 0xfc, 0x00,
    0x7f, 0xff, 0xff, 0xff, 0xff, 0xff, 0xff, 0xff,
    0xff, 0x50, 0x3f, 0xff, 0xff, 0xff, 0xff, 0xff,
    0xff, 0xff, 0xff, 0x90, 0x0a, 0xff, 0xff, 0x50,
    0x05, 0xcf, 0xff, 0xff, 0xff, 0xa0, 0x00, 0x07,
    0xef, 0x40, 0x00, 0x00, 0x4a, 0xef, 0xeb, 0x50,
    0x00, 0x00, 0x01, 0x50, 0x00, 0x00, 0x00, 0x00,
    0x00, 0x00, 0x00, 0x00,

    /* U+00A0 " " */

    /* U+00A1 "¡" */
    0x00, 0x7d, 0xea, 0x10, 0x07, 0xff, 0xff, 0xd0,
    0x0e, 0xff, 0xff, 0xf4, 0x0f, 0xff, 0xff, 0xf5,
    0x0a, 0xff, 0xff, 0xf1, 0x01, 0xcf, 0xff, 0x50,
    0x00, 0x03, 0x41, 0x00, 0x00, 0x00, 0x00, 0x00,
    0x00, 0x8a, 0xaa, 0x10, 0x00, 0xdf, 0xff, 0x30,
    0x00, 0xff, 0xff, 0x50, 0x00, 0xff, 0xff, 0x60,
    0x01, 0xff, 0xff, 0x70, 0x02, 0xff, 0xff, 0x80,
    0x03, 0xff, 0xff, 0x90, 0x04, 0xff, 0xff, 0xa0,
    0x04, 0xff, 0xff, 0xa0, 0x05, 0xff, 0xff, 0xb0,
    0x05, 0xff, 0xff, 0xb0, 0x06, 0xff, 0xff, 0xc0,
    0x06, 0xff, 0xff, 0xc0, 0x06, 0xff, 0xff, 0xd0,
    0x07, 0xff, 0xff, 0xd0, 0x07, 0xff, 0xff, 0xe0,
    0x08, 0xff, 0xff, 0xe0, 0x08, 0xff, 0xff, 0xf0,

    /* U+00A2 "¢" */
    0x00, 0x00, 0x00, 0x38, 0x88, 0x81, 0x00, 0x00,
    0x00, 0x00, 0x00, 0x00, 0x6f, 0xff, 0xf2, 0x00,
    0x00, 0x00, 0x00, 0x00, 0x00, 0x6f, 0xff, 0xf2,
    0x00, 0x00, 0x00, 0x00, 0x00, 0x00, 0x6f, 0xff,
    0xf2, 0x00, 0x00, 0x00, 0x00, 0x00, 0x04, 0xff,
    0xff, 0xfd, 0x61, 0x00, 0x00, 0x00, 0x01, 0xbf,
    0xff, 0xff, 0xff, 0xff, 0x60, 0x00, 0x00, 0x2d,
    0xff, 0xff, 0xff, 0xff, 0xff, 0xf9, 0x00, 0x00,
    0xdf, 0xff, 0xff, 0xff, 0xff, 0xff, 0xff, 0x60,
    0x08, 0xff, 0xff, 0xfc, 0x87, 0xaf, 0xff, 0xff,
    0xf0, 0x1f, 0xff, 0xff, 0x60, 0x00, 0x01, 0xdf,
    0xff, 0xd3, 0x6f, 0xff, 0xfa, 0x00, 0x00, 0x00,
    0x2f, 0xd5, 0x00, 0x9f, 0xff, 0xf3, 0x00, 0x00,
    0x00, 0x03, 0x00, 0x00, 0xbf, 0xff, 0xf0, 0x00,
    0x00, 0x00, 0x00, 0x00, 0x00, 0xcf, 0xff, 0xf0,
    0x00, 0x00, 0x00, 0x00, 0x00, 0x00, 0xbf, 0xff,
    0xf0, 0x00, 0x00, 0x00, 0x00, 0x00, 0x00, 0x9f,
    0xff, 0xf3, 0x00, 0x00, 0x00, 0x03, 0x00, 0x00,
    0x6f, 0xff, 0xfa, 0x00, 0x00, 0x00, 0x3f, 0xd5,
    0x00, 0x1f, 0xff, 0xff, 0x70, 0x00, 0x02, 0xef,
    0xff, 0xd2, 0x09, 0xff, 0xff, 0xfc, 0x87, 0xaf,
    0xff, 0xff, 0xe0, 0x00, 0xef, 0xff, 0xff, 0xff,
    0xff, 0xff, 0xff, 0x60, 0x00, 0x3e, 0xff, 0xff,
    0xff, 0xff, 0xff, 0xf8, 0x00, 0x00, 0x01, 0xcf,
    0xff, 0xff, 0xff, 0xfe, 0x60, 0x00, 0x00, 0x00,
    0x05, 0xff, 0xff, 0xfd, 0x61, 0x00, 0x00, 0x00,
    0x00, 0x00, 0x6f, 0xff, 0xf2, 0x00, 0x00, 0x00,
    0x00, 0x00, 0x00, 0x6f, 0xff, 0xf2, 0x00, 0x00,
    0x00, 0x00, 0x00, 0x00, 0x6f, 0xff, 0xf2, 0x00,
    0x00, 0x00,

    /* U+00A3 "£" */
    0x00, 0x00, 0x03, 0x9d, 0xef, 0xdb, 0x50, 0x00,
    0x00, 0x00, 0x0a, 0xff, 0xff, 0xff, 0xff, 0xe4,
    0x00, 0x00, 0x0c, 0xff, 0xff, 0xff, 0xff, 0xff,
    0xf6, 0x00, 0x07, 0xff, 0xff, 0xff, 0xff, 0xff,
    0xff, 0xf4, 0x00, 0xef, 0xff, 0xff, 0xa9, 0xcf,
    0xff, 0xfc, 0x10, 0x2f, 0xff, 0xfe, 0x20, 0x00,
    0x3d, 0xfb, 0x00, 0x03, 0xff, 0xff, 0x70, 0x00,
    0x00, 0x18, 0x00, 0x00, 0x3f, 0xff, 0xf5, 0x00,
    0x00, 0x00, 0x00, 0x00, 0x01, 0xff, 0xff, 0x70,
    0x00, 0x00, 0x00, 0x00, 0x00, 0x0c, 0xff, 0xfd,
    0x00, 0x00, 0x00, 0x00, 0x00, 0x00, 0x5f, 0xff,
    0xf4, 0x00, 0x00, 0x00, 0x00, 0x06, 0xff, 0xff,
    0xff, 0xff, 0xff, 0xff, 0x80, 0x00, 0x6f, 0xff,
    0xff, 0xff, 0xff, 0xff, 0xf8, 0x00, 0x06, 0xff,
    0xff, 0xff, 0xff, 0xff, 0xff, 0x80, 0x00, 0x6f,
    0xff, 0xff, 0xff, 0xff, 0xff, 0xf8, 0x00, 0x00,
    0x11, 0x19, 0xff, 0xff, 0x11, 0x11, 0x00, 0x00,
    0x00, 0x00, 0x9f, 0xff, 0xd0, 0x00, 0x00, 0x00,
    0x00, 0x00, 0x0e, 0xff, 0xfa, 0x00, 0x00, 0x00,
    0x00, 0x00, 0x06, 0xff, 0xff, 0x50, 0x00, 0x00,
    0x00, 0x00, 0x05, 0xff, 0xff, 0xf9, 0x99, 0x99,
    0x99, 0x97, 0x19, 0xff, 0xff, 0xff, 0xff, 0xff,
    0xff, 0xff, 0xd6, 0xff, 0xff, 0xff, 0xff, 0xff,
    0xff, 0xff, 0xfd, 0x1f, 0xff, 0xff, 0xff, 0xff,
    0xff, 0xff, 0xff, 0xd0, 0xcf, 0xff, 0xff, 0xff,
    0xff, 0xff, 0xff, 0xfd,

    /* U+00A4 "¤" */
    0x00, 0x05, 0x00, 0x00, 0x00, 0x00, 0x00, 0x04,
    0x10, 0x00, 0x0c, 0xf6, 0x00, 0x00, 0x00, 0x00,
    0x05, 0xfd, 0x10, 0x0c, 0xff, 0xf6, 0x4a, 0xdf,
    0xeb, 0x55, 0xff, 0xfd, 0x18, 0xff, 0xff, 0xff,
    0xff, 0xff, 0xff, 0xff, 0xff, 0xfa, 0x0b, 0xff,
    0xff, 0xff, 0xff, 0xff, 0xff, 0xff, 0xfc, 0x10,
    0x0b, 0xff, 0xff, 0xff, 0xff, 0xff, 0xff, 0xfd,
    0x10, 0x00, 0x6f, 0xff, 0xff, 0x96, 0x9f, 0xff,
    0xff, 0x80, 0x00, 0x0b, 0xff, 0xff, 0x30, 0x00,
    0x2f, 0xff, 0xfc, 0x00, 0x00, 0xef, 0xff, 0x90,
    0x00, 0x00, 0x8f, 0xff, 0xf0, 0x00, 0x0f, 0xff,
    0xf7, 0x00, 0x00, 0x05, 0xff, 0xff, 0x00, 0x00,
    0xef, 0xff, 0x90, 0x00, 0x00, 0x8f, 0xff, 0xf0,
    0x00, 0x0b, 0xff, 0xff, 0x30, 0x00, 0x2f, 0xff,
    0xfc, 0x00, 0x00, 0x5f, 0xff, 0xff, 0x96, 0x9f,
    0xff, 0xff, 0x80, 0x00, 0x0b, 0xff, 0xff, 0xff,
    0xff, 0xff, 0xff, 0xfd, 0x10, 0x0b, 0xff, 0xff,
    0xff, 0xff, 0xff, 0xff, 0xff, 0xfc, 0x18, 0xff,
    0xff, 0xff, 0xff, 0xff, 0xff, 0xff, 0xff, 0xfa,
    0x0c, 0xff, 0xf6, 0x4a, 0xdf, 0xeb, 0x55, 0xff,
    0xfd, 0x10, 0x0c, 0xf6, 0x00, 0x00, 0x00, 0x00,
    0x05, 0xfd, 0x10, 0x00, 0x05, 0x00, 0x00, 0x00,
    0x00, 0x00, 0x04, 0x10, 0x00,

    /* U+00A5 "¥" */
    0x38, 0x88, 0x80, 0x00, 0x00, 0x00, 0x00, 0x18,
    0x88, 0x83, 0x1f, 0xff, 0xf7, 0x00, 0x00, 0x00,
    0x00, 0x8f, 0xff, 0xf1, 0x08, 0xff, 0xfe, 0x00,
    0x00, 0x00, 0x01, 0xff, 0xff, 0x80, 0x01, 0xff,
    0xff, 0x60, 0x00, 0x00, 0x07, 0xff, 0xff, 0x10,
    0x00, 0x9f, 0xff, 0xd0, 0x00, 0x00, 0x0e, 0xff,
    0xf8, 0x00, 0x00, 0x1f, 0xff, 0xf5, 0x00, 0x00,
    0x7f, 0xff, 0xf1, 0x00, 0x00, 0x09, 0xff, 0xfc,
    0x00, 0x00, 0xef, 0xff, 0x80, 0x00, 0x00, 0x02,
    0xff, 0xff, 0x40, 0x06, 0xff, 0xff, 0x10, 0x00,
    0x00, 0x00, 0x9f, 0xff, 0xc0, 0x0d, 0xff, 0xf8,
    0x00, 0x00, 0x00, 0x00, 0x2f, 0xff, 0xf3, 0x5f,
    0xff, 0xf1, 0x00, 0x00, 0x00, 0x00, 0x0a, 0xff,
    0xfb, 0xcf, 0xff, 0x80, 0x00, 0x00, 0x06, 0xff,
    0xff, 0xff, 0xff, 0xff, 0xff, 0xff, 0xff, 0x40,
    0x06, 0xff, 0xff, 0xff, 0xff, 0xff, 0xff, 0xff,
    0xff, 0x40, 0x06, 0xff, 0xff, 0xff, 0xff, 0xff,
    0xff, 0xff, 0xff, 0x40, 0x06, 0xff, 0xff, 0xff,
    0xff, 0xff, 0xff, 0xff, 0xff, 0x40, 0x00, 0x00,
    0x00, 0x07, 0xff, 0xff, 0x40, 0x00, 0x00, 0x00,
    0x00, 0x00, 0x00, 0x07, 0xff, 0xff, 0x40, 0x00,
    0x00, 0x00, 0x06, 0xff, 0xff, 0xff, 0xff, 0xff,
    0xff, 0xff, 0xff, 0x40, 0x06, 0xff, 0xff, 0xff,
    0xff, 0xff, 0xff, 0xff, 0xff, 0x40, 0x06, 0xff,
    0xff, 0xff, 0xff, 0xff, 0xff, 0xff, 0xff, 0x40,
    0x06, 0xff, 0xff, 0xff, 0xff, 0xff, 0xff, 0xff,
    0xff, 0x40, 0x00, 0x00, 0x00, 0x07, 0xff, 0xff,
    0x40, 0x00, 0x00, 0x00, 0x00, 0x00, 0x00, 0x07,
    0xff, 0xff, 0x40, 0x00, 0x00, 0x00, 0x00, 0x00,
    0x00, 0x07, 0xff, 0xff, 0x40, 0x00, 0x00, 0x00,

    /* U+00A6 "¦" */
    0x7f, 0xff, 0xe7, 0xff, 0xfe, 0x7f, 0xff, 0xe7,
    0xff, 0xfe, 0x7f, 0xff, 0xe7, 0xff, 0xfe, 0x7f,
    0xff, 0xe7, 0xff, 0xfe, 0x7f, 0xff, 0xe7, 0xff,
    0xfe, 0x7f, 0xff, 0xe7, 0xff, 0xfe, 0x7f, 0xff,
    0xe7, 0xff, 0xfe, 0x7f, 0xff, 0xd0, 0x00, 0x00,
    0x00, 0x00, 0x00, 0x00, 0x00, 0x00, 0x00, 0x07,
    0xff, 0xfd, 0x7f, 0xff, 0xe7, 0xff, 0xfe, 0x7f,
    0xff, 0xe7, 0xff, 0xfe, 0x7f, 0xff, 0xe7, 0xff,
    0xfe, 0x7f, 0xff, 0xe7, 0xff, 0xfe, 0x7f, 0xff,
    0xe7, 0xff, 0xfe, 0x7f, 0xff, 0xe7, 0xff, 0xfe,
    0x7f, 0xff, 0xe7, 0xff, 0xfe,

    /* U+00A7 "§" */
    0x00, 0x00, 0x00, 0x13, 0x55, 0x31, 0x00, 0x00,
    0x00, 0x00, 0x00, 0x4b, 0xff, 0xff, 0xff, 0xc5,
    0x00, 0x00, 0x00, 0x09, 0xff, 0xff, 0xff, 0xff,
    0xff, 0xa1, 0x00, 0x00, 0x8f, 0xff, 0xff, 0xff,
    0xff, 0xff, 0xfc, 0x00, 0x02, 0xff, 0xff, 0xff,
    0xff, 0xff, 0xff, 0xff, 0x80, 0x09, 0xff, 0xff,
    0xb3, 0x01, 0x4b, 0xff, 0xf9, 0x00, 0x0c, 0xff,
    0xff, 0x00, 0x00, 0x00, 0x7e, 0x40, 0x00, 0x0e,
    0xff, 0xfd, 0x00, 0x00, 0x00, 0x00, 0x00, 0x00,
    0x0d, 0xff, 0xff, 0x40, 0x00, 0x00, 0x00, 0x00,
    0x00, 0x09, 0xff, 0xff, 0xf8, 0x20, 0x00, 0x00,
    0x00, 0x00, 0x03, 0xff, 0xff, 0xff, 0xfd, 0x83,
    0x00, 0x00, 0x00, 0x00, 0x9f, 0xff, 0xff, 0xff,
    0xff, 0xd6, 0x00, 0x00, 0x00, 0x0f, 0xff, 0xff,
    0xff, 0xff, 0xff, 0xc1, 0x00, 0x00, 0x8f, 0xff,
    0xff, 0xff, 0xff, 0xff, 0xfd, 0x00, 0x04, 0xff,
    0xff, 0x85, 0x9d, 0xff, 0xff, 0xff, 0x70, 0x0b,
    0xff, 0xfa, 0x00, 0x00, 0x4d, 0xff, 0xff, 0xd0,
    0x0e, 0xff, 0xf8, 0x00, 0x00, 0x00, 0xef, 0xff,
    0xf0, 0x0f, 0xff, 0xfd, 0x00, 0x00, 0x00, 0xaf,
    0xff, 0xf0, 0x0d, 0xff, 0xff, 0xd4, 0x00, 0x00,
    0xdf, 0xff, 0xc0, 0x08, 0xff, 0xff, 0xff, 0xe9,
    0x6a, 0xff, 0xff, 0x50, 0x01, 0xef, 0xff, 0xff,
    0xff, 0xff, 0xff, 0xf9, 0x00, 0x00, 0x2d, 0xff,
    0xff, 0xff, 0xff, 0xff, 0xf0, 0x00, 0x00, 0x00,
    0x6d, 0xff, 0xff, 0xff, 0xff, 0xfb, 0x00, 0x00,
    0x00, 0x00, 0x26, 0xaf, 0xff, 0xff, 0xff, 0x50,
    0x00, 0x00, 0x00, 0x00, 0x01, 0x7f, 0xff, 0xff,
    0xb0, 0x00, 0x03, 0x00, 0x00, 0x00, 0x04, 0xff,
    0xff, 0xd0, 0x01, 0xaf, 0x90, 0x00, 0x00, 0x00,
    0xff, 0xff, 0xe0, 0x6f, 0xff, 0xf8, 0x00, 0x00,
    0x04, 0xff, 0xff, 0xc0, 0x5f, 0xff, 0xff, 0xe8,
    0x65, 0x9f, 0xff, 0xff, 0x70, 0x0b, 0xff, 0xff,
    0xff, 0xff, 0xff, 0xff, 0xfe, 0x00, 0x01, 0xdf,
    0xff, 0xff, 0xff, 0xff, 0xff, 0xe2, 0x00, 0x00,
    0x09, 0xff, 0xff, 0xff, 0xff, 0xfc, 0x20, 0x00,
    0x00, 0x00, 0x28, 0xce, 0xfe, 0xd9, 0x40, 0x00,
    0x00,

    /* U+00A8 "¨" */
    0x00, 0x35, 0x20, 0x00, 0x03, 0x53, 0x00, 0x09,
    0xff, 0xf5, 0x00, 0x7f, 0xff, 0x70, 0x2f, 0xff,
    0xfe, 0x00, 0xff, 0xff, 0xf0, 0x3f, 0xff, 0xff,
    0x02, 0xff, 0xff, 0xf2, 0x0e, 0xff, 0xfc, 0x00,
    0xef, 0xff, 0xd0, 0x03, 0xdf, 0xb2, 0x00, 0x3c,
    0xfc, 0x20,

    /* U+00A9 "©" */
    0x00, 0x00, 0x00, 0x00, 0x00, 0x11, 0x00, 0x00,
    0x00, 0x00, 0x00, 0x00, 0x00, 0x00, 0x17, 0xcf,
    0xff, 0xfc, 0x71, 0x00, 0x00, 0x00, 0x00, 0x00,
    0x08, 0xff, 0xff, 0xff, 0xff, 0xff, 0x80, 0x00,
    0x00, 0x00, 0x01, 0xcf, 0xff, 0xff, 0xff, 0xff,
    0xff, 0xfd, 0x10, 0x00, 0x00, 0x1d, 0xff, 0xfe,
    0x73, 0x10, 0x37, 0xef, 0xff, 0xd1, 0x00, 0x00,
    0xbf, 0xff, 0x90, 0x00, 0x00, 0x00, 0x09, 0xff,
    0xfc, 0x00, 0x04, 0xff, 0xf8, 0x00, 0x5b, 0xef,
    0xd7, 0x00, 0x7f, 0xff, 0x50, 0x0c, 0xff, 0xb0,
    0x09, 0xff, 0xff, 0xff, 0xd1, 0x0b, 0xff, 0xd0,
    0x1f, 0xff, 0x40, 0x6f, 0xff, 0xff, 0xff, 0xfa,
    0x04, 0xff, 0xf3, 0x6f, 0xfe, 0x00, 0xdf, 0xfc,
    0x20, 0x7f, 0xd5, 0x00, 0xdf, 0xf7, 0x7f, 0xfb,
    0x01, 0xff, 0xf4, 0x00, 0x03, 0x00, 0x00, 0xbf,
    0xf9, 0x9f, 0xfa, 0x02, 0xff, 0xf1, 0x00, 0x00,
    0x00, 0x00, 0xaf, 0xfa, 0x7f, 0xfb, 0x01, 0xff,
    0xf4, 0x00, 0x04, 0x00, 0x00, 0xbf, 0xf9, 0x6f,
    0xfe, 0x00, 0xdf, 0xfc, 0x20, 0x7f, 0xd5, 0x00,
    0xef, 0xf7, 0x1f, 0xff, 0x40, 0x6f, 0xff, 0xff,
    0xff, 0xfa, 0x04, 0xff, 0xf3, 0x0c, 0xff, 0xc0,
    0x09, 0xff, 0xff, 0xff, 0xd1, 0x0c, 0xff, 0xd0,
    0x04, 0xff, 0xf8, 0x00, 0x5b, 0xef, 0xd7, 0x00,
    0x9f, 0xff, 0x50, 0x00, 0xaf, 0xff, 0xa0, 0x00,
    0x00, 0x00, 0x0a, 0xff, 0xfb, 0x00, 0x00, 0x0c,
    0xff, 0xfe, 0x84, 0x22, 0x48, 0xef, 0xff, 0xd0,
    0x00, 0x00, 0x01, 0xbf, 0xff, 0xff, 0xff, 0xff,
    0xff, 0xfc, 0x10, 0x00, 0x00, 0x00, 0x07, 0xef,
    0xff, 0xff, 0xff, 0xfe, 0x70, 0x00, 0x00, 0x00,
    0x00, 0x00, 0x06, 0xad, 0xff, 0xdb, 0x61, 0x00,
    0x00, 0x00,

    /* U+00AA "ª" */
    0x00, 0x05, 0xad, 0xff, 0xd8, 0x10, 0x00, 0x0d,
    0xff, 0xff, 0xff, 0xfe, 0x20, 0x00, 0x8f, 0xff,
    0xff, 0xff, 0xfc, 0x00, 0x02, 0xb6, 0x32, 0x4d,
    0xff, 0xf3, 0x00, 0x00, 0x00, 0x00, 0x5f, 0xff,
    0x60, 0x00, 0x7c, 0xff, 0xb7, 0xff, 0xf7, 0x00,
    0xcf, 0xff, 0xff, 0xff, 0xff, 0x70, 0x9f, 0xff,
    0xec, 0xef, 0xff, 0xf7, 0x0e, 0xff, 0xc0, 0x00,
    0xbf, 0xff, 0x70, 0xff, 0xf6, 0x00, 0x04, 0xff,
    0xf7, 0x0e, 0xff, 0xc0, 0x00, 0xbf, 0xff, 0x70,
    0x8f, 0xff, 0xfc, 0xef, 0xff, 0xf7, 0x00, 0xcf,
    0xff, 0xff, 0xff, 0xff, 0x70, 0x00, 0x6c, 0xfe,
    0xb3, 0x5a, 0xa4,

    /* U+00AB "«" */
    0x00, 0x00, 0x0c, 0xff, 0xff, 0x20, 0x0a, 0xff,
    0xff, 0x40, 0x00, 0x08, 0xff, 0xff, 0x60, 0x05,
    0xff, 0xff, 0x80, 0x00, 0x04, 0xff, 0xff, 0xa0,
    0x02, 0xff, 0xff, 0xd0, 0x00, 0x01, 0xef, 0xff,
    0xe1, 0x00, 0xcf, 0xff, 0xf2, 0x00, 0x00, 0xaf,
    0xff, 0xf4, 0x00, 0x8f, 0xff, 0xf7, 0x00, 0x00,
    0x6f, 0xff, 0xf8, 0x00, 0x3f, 0xff, 0xfb, 0x00,
    0x00, 0x2f, 0xff, 0xfd, 0x00, 0x0d, 0xff, 0xfe,
    0x10, 0x00, 0x08, 0xff, 0xff, 0x60, 0x05, 0xff,
    0xff, 0x90, 0x00, 0x00, 0x0d, 0xff, 0xfe, 0x10,
    0x0b, 0xff, 0xff, 0x30, 0x00, 0x00, 0x3f, 0xff,
    0xfb, 0x00, 0x1e, 0xff, 0xfd, 0x00, 0x00, 0x00,
    0x7f, 0xff, 0xf7, 0x00, 0x4f, 0xff, 0xf9, 0x00,
    0x00, 0x00, 0xbf, 0xff, 0xf2, 0x00, 0x9f, 0xff,
    0xf5, 0x00, 0x00, 0x01, 0xef, 0xff, 0xd0, 0x00,
    0xdf, 0xff, 0xe1, 0x00, 0x00, 0x05, 0xff, 0xff,
    0x90, 0x02, 0xff, 0xff, 0xb0, 0x00, 0x00, 0x08,
    0xbb, 0xba, 0x10, 0x06, 0xbb, 0xbb, 0x30,

    /* U+00AC "¬" */
    0x48, 0x88, 0x88, 0x88, 0x88, 0x88, 0x8f, 0xff,
    0xfc, 0x8f, 0xff, 0xff, 0xff, 0xff, 0xff, 0xff,
    0xff, 0xff, 0x8f, 0xff, 0xff, 0xff, 0xff, 0xff,
    0xff, 0xff, 0xff, 0x8f, 0xff, 0xff, 0xff, 0xff,
    0xff, 0xff, 0xff, 0xff, 0x8f, 0xff, 0xff, 0xff,
    0xff, 0xff, 0xff, 0xff, 0xff, 0x00, 0x00, 0x00,
    0x00, 0x00, 0x00, 0x0c, 0xff, 0xfb, 0x00, 0x00,
    0x00, 0x00, 0x00, 0x00, 0x0c, 0xff, 0xfb, 0x00,
    0x00, 0x00, 0x00, 0x00, 0x00, 0x0c, 0xff, 0xfb,
    0x00, 0x00, 0x00, 0x00, 0x00, 0x00, 0x0c, 0xff,
    0xfb, 0x00, 0x00, 0x00, 0x00, 0x00, 0x00, 0x0c,
    0xff, 0xfb, 0x00, 0x00, 0x00, 0x00, 0x00, 0x00,
    0x0c, 0xff, 0xfb,

    /* U+00AE "®" */
    0x00, 0x00, 0x00, 0x00, 0x00, 0x11, 0x00, 0x00,
    0x00, 0x00, 0x00, 0x00, 0x00, 0x00, 0x17, 0xcf,
    0xff, 0xfc, 0x71, 0x00, 0x00, 0x00, 0x00, 0x00,
    0x08, 0xff, 0xff, 0xff, 0xff, 0xff, 0x80, 0x00,
    0x00, 0x00, 0x01, 0xcf, 0xff, 0xff, 0xff, 0xff,
    0xff, 0xfd, 0x10, 0x00, 0x00, 0x1d, 0xff, 0xfe,
    0x73, 0x10, 0x37, 0xef, 0xff, 0xd1, 0x00, 0x00,
    0xbf, 0xff, 0x90, 0x00, 0x00, 0x00, 0x09, 0xff,
    0xfc, 0x00, 0x04, 0xff, 0xf8, 0x0d, 0xff, 0xff,
    0xd7, 0x00, 0x7f, 0xff, 0x50, 0x0c, 0xff, 0xb0,
    0x0d, 0xff, 0xff, 0xff, 0xc0, 0x0b, 0xff, 0xd0,
    0x1f, 0xff, 0x40, 0x0d, 0xff, 0x99, 0xef, 0xf6,
    0x04, 0xff, 0xf3, 0x6f, 0xfe, 0x00, 0x0d, 0xff,
    0x00, 0x6f, 0xf8, 0x00, 0xdf, 0xf7, 0x7f, 0xfb,
    0x00, 0x0d, 0xff, 0x00, 0xaf, 0xf8, 0x00, 0xbf,
    0xf9, 0x9f, 0xfa, 0x00, 0x0d, 0xff, 0xff, 0xff,
    0xf3, 0x00, 0xaf, 0xfa, 0x7f, 0xfb, 0x00, 0x0d,
    0xff, 0xff, 0xff, 0x70, 0x00, 0xbf, 0xf9, 0x6f,
    0xfe, 0x00, 0x0d, 0xff, 0xef, 0xff, 0x10, 0x00,
    0xef, 0xf7, 0x1f, 0xff, 0x40, 0x0d, 0xff, 0x0a,
    0xff, 0x80, 0x04, 0xff, 0xf3, 0x0c, 0xff, 0xc0,
    0x0d, 0xff, 0x02, 0xff, 0xf1, 0x0c, 0xff, 0xd0,
    0x04, 0xff, 0xf8, 0x04, 0x55, 0x00, 0x45, 0x52,
    0x9f, 0xff, 0x50, 0x00, 0xaf, 0xff, 0xa0, 0x00,
    0x00, 0x00, 0x0a, 0xff, 0xfb, 0x00, 0x00, 0x0c,
    0xff, 0xfe, 0x84, 0x22, 0x48, 0xef, 0xff, 0xd0,
    0x00, 0x00, 0x01, 0xbf, 0xff, 0xff, 0xff, 0xff,
    0xff, 0xfc, 0x10, 0x00, 0x00, 0x00, 0x07, 0xef,
    0xff, 0xff, 0xff, 0xfe, 0x70, 0x00, 0x00, 0x00,
    0x00, 0x00, 0x06, 0xad, 0xff, 0xdb, 0x61, 0x00,
    0x00, 0x00,

    /* U+00AF "¯" */
    0x2a, 0xaa, 0xaa, 0xaa, 0xaa, 0xa1, 0x4f, 0xff,
    0xff, 0xff, 0xff, 0xf2, 0x4f, 0xff, 0xff, 0xff,
    0xff, 0xf2, 0x4f, 0xff, 0xff, 0xff, 0xff, 0xf2,

    /* U+00B0 "°" */
    0x00, 0x00, 0x03, 0x67, 0x40, 0x00, 0x00, 0x00,
    0x04, 0xdf, 0xff, 0xff, 0x80, 0x00, 0x00, 0x6f,
    0xff, 0xff, 0xff, 0xfb, 0x00, 0x02, 0xff, 0xff,
    0xff, 0xff, 0xff, 0x80, 0x0a, 0xff, 0xfa, 0x21,
    0x6f, 0xff, 0xf1, 0x0e, 0xff, 0xd0, 0x00, 0x07,
    0xff, 0xf5, 0x0f, 0xff, 0x90, 0x00, 0x03, 0xff,
    0xf7, 0x0f, 0xff, 0xa0, 0x00, 0x04, 0xff, 0xf6,
    0x0d, 0xff, 0xf2, 0x00, 0x0c, 0xff, 0xf3, 0x06,
    0xff, 0xff, 0x98, 0xdf, 0xff, 0xd0, 0x00, 0xbf,
    0xff, 0xff, 0xff, 0xff, 0x30, 0x00, 0x1b, 0xff,
    0xff, 0xff, 0xe4, 0x00, 0x00, 0x00, 0x5b, 0xef,
    0xd8, 0x10, 0x00,

    /* U+00B1 "±" */
    0x00, 0x00, 0x00, 0x6f, 0xff, 0xf1, 0x00, 0x00,
    0x00, 0x00, 0x00, 0x00, 0x6f, 0xff, 0xf1, 0x00,
    0x00, 0x00, 0x00, 0x00, 0x00, 0x6f, 0xff, 0xf1,
    0x00, 0x00, 0x00, 0x00, 0x00, 0x00, 0x6f, 0xff,
    0xf1, 0x00, 0x00, 0x00, 0x00, 0x00, 0x00, 0x6f,
    0xff, 0xf1, 0x00, 0x00, 0x00, 0x9f, 0xff, 0xff,
    0xff, 0xff, 0xff, 0xff, 0xff, 0xfb, 0x9f, 0xff,
    0xff, 0xff, 0xff, 0xff, 0xff, 0xff, 0xfb, 0x9f,
    0xff, 0xff, 0xff, 0xff, 0xff, 0xff, 0xff, 0xfb,
    0x9f, 0xff, 0xff, 0xff, 0xff, 0xff, 0xff, 0xff,
    0xfb, 0x48, 0x88, 0x88, 0xef, 0xff, 0xf9, 0x88,
    0x88, 0x85, 0x00, 0x00, 0x00, 0x6f, 0xff, 0xf1,
    0x00, 0x00, 0x00, 0x00, 0x00, 0x00, 0x6f, 0xff,
    0xf1, 0x00, 0x00, 0x00, 0x00, 0x00, 0x00, 0x6f,
    0xff, 0xf1, 0x00, 0x00, 0x00, 0x00, 0x00, 0x00,
    0x6f, 0xff, 0xf1, 0x00, 0x00, 0x00, 0x00, 0x00,
    0x00, 0x6f, 0xff, 0xf1, 0x00, 0x00, 0x00, 0x00,
    0x00, 0x00, 0x4a, 0xaa, 0xa1, 0x00, 0x00, 0x00,
    0x00, 0x00, 0x00, 0x00, 0x00, 0x00, 0x00, 0x00,
    0x00, 0x00, 0x00, 0x00, 0x00, 0x00, 0x00, 0x00,
    0x00, 0x00, 0x48, 0x88, 0x88, 0x88, 0x88, 0x88,
    0x88, 0x88, 0x85, 0x9f, 0xff, 0xff, 0xff, 0xff,
    0xff, 0xff, 0xff, 0xfb, 0x9f, 0xff, 0xff, 0xff,
    0xff, 0xff, 0xff, 0xff, 0xfb, 0x9f, 0xff, 0xff,
    0xff, 0xff, 0xff, 0xff, 0xff, 0xfb, 0x9f, 0xff,
    0xff, 0xff, 0xff, 0xff, 0xff, 0xff, 0xfb,

    /* U+00B2 "²" */
    0x00, 0x03, 0xae, 0xfe, 0x92, 0x00, 0x00, 0x7f,
    0xff, 0xff, 0xff, 0x30, 0x07, 0xff, 0xff, 0xff,
    0xff, 0xe0, 0x0b, 0xff, 0xfa, 0x7d, 0xff, 0xf4,
    0x00, 0x7f, 0x50, 0x04, 0xff, 0xf5, 0x00, 0x00,
    0x00, 0x07, 0xff, 0xf3, 0x00, 0x00, 0x00, 0x3f,
    0xff, 0xd0, 0x00, 0x00, 0x02, 0xef, 0xff, 0x30,
    0x00, 0x00, 0x1d, 0xff, 0xf6, 0x00, 0x00, 0x01,
    0xdf, 0xff, 0x80, 0x00, 0x00, 0x1d, 0xff, 0xf8,
    0x00, 0x00, 0x01, 0xdf, 0xff, 0xf8, 0x88, 0x85,
    0x0c, 0xff, 0xff, 0xff, 0xff, 0xf9, 0x0d, 0xff,
    0xff, 0xff, 0xff, 0xf9, 0x0d, 0xff, 0xff, 0xff,
    0xff, 0xf9,

    /* U+00B3 "³" */
    0x00, 0x18, 0xdf, 0xfd, 0x80, 0x00, 0x04, 0xef,
    0xff, 0xff, 0xfd, 0x10, 0x3f, 0xff, 0xff, 0xff,
    0xff, 0xa0, 0x0b, 0xff, 0xb6, 0x8f, 0xff, 0xe0,
    0x00, 0xa5, 0x00, 0x0b, 0xff, 0xd0, 0x00, 0x00,
    0x00, 0x4f, 0xff, 0x80, 0x00, 0x03, 0xff, 0xff,
    0xff, 0x00, 0x00, 0x03, 0xff, 0xff, 0xff, 0x60,
    0x00, 0x02, 0xee, 0xff, 0xff, 0xf3, 0x00, 0x00,
    0x00, 0x08, 0xff, 0xf8, 0x00, 0x78, 0x00, 0x03,
    0xff, 0xf9, 0x08, 0xff, 0xc7, 0x7d, 0xff, 0xf5,
    0x1e, 0xff, 0xff, 0xff, 0xff, 0xd0, 0x03, 0xef,
    0xff, 0xff, 0xfe, 0x20, 0x00, 0x17, 0xdf, 0xfd,
    0x70, 0x00,

    /* U+00B4 "´" */
    0x00, 0x00, 0x01, 0x00, 0x00, 0x00, 0x02, 0xeb,
    0x00, 0x00, 0x03, 0xef, 0xfb, 0x00, 0x04, 0xff,
    0xff, 0x80, 0x05, 0xff, 0xff, 0x70, 0x06, 0xff,
    0xff, 0x60, 0x00, 0x2e, 0xff, 0x50, 0x00, 0x00,
    0x3e, 0x40, 0x00, 0x00, 0x00, 0x00, 0x00, 0x00,
    0x00,

    /* U+00B5 "µ" */
    0x3f, 0xff, 0xf8, 0x00, 0x00, 0x00, 0xdf, 0xff,
    0xe3, 0xff, 0xff, 0x80, 0x00, 0x00, 0x0d, 0xff,
    0xfe, 0x3f, 0xff, 0xf8, 0x00, 0x00, 0x00, 0xdf,
    0xff, 0xe3, 0xff, 0xff, 0x80, 0x00, 0x00, 0x0d,
    0xff, 0xfe, 0x3f, 0xff, 0xf8, 0x00, 0x00, 0x00,
    0xdf, 0xff, 0xe3, 0xff, 0xff, 0x80, 0x00, 0x00,
    0x0d, 0xff, 0xfe, 0x3f, 0xff, 0xf8, 0x00, 0x00,
    0x00, 0xdf, 0xff, 0xe3, 0xff, 0xff, 0x80, 0x00,
    0x00, 0x0d, 0xff, 0xfe, 0x3f, 0xff, 0xf8, 0x00,
    0x00, 0x00, 0xdf, 0xff, 0xe4, 0xff, 0xff, 0xf0,
    0x00, 0x00, 0x0d, 0xff, 0xfe, 0x6f, 0xff, 0xff,
    0x00, 0x00, 0x00, 0xef, 0xff, 0xe5, 0xff, 0xff,
    0xf0, 0x00, 0x00, 0x1f, 0xff, 0xfe, 0x4f, 0xff,
    0xff, 0x10, 0x00, 0x5e, 0xff, 0xff, 0xe3, 0xff,
    0xff, 0xff, 0xbb, 0xef, 0xff, 0xff, 0xfe, 0x3f,
    0xff, 0xff, 0xff, 0xff, 0xff, 0xff, 0xff, 0xe3,
    0xff, 0xff, 0xff, 0xff, 0xff, 0xff, 0xff, 0xfe,
    0x3f, 0xff, 0xff, 0xff, 0xff, 0xf9, 0x2f, 0xff,
    0xe3, 0xff, 0xff, 0xff, 0xfc, 0x82, 0x00, 0xcf,
    0xfe, 0x3f, 0xff, 0xf8, 0x00, 0x00, 0x00, 0x00,
    0x00, 0x03, 0xff, 0xff, 0x80, 0x00, 0x00, 0x00,
    0x00, 0x00, 0x3f, 0xff, 0xf8, 0x00, 0x00, 0x00,
    0x00, 0x00, 0x03, 0xff, 0xff, 0x80, 0x00, 0x00,
    0x00, 0x00, 0x00, 0x3f, 0xff, 0xf8, 0x00, 0x00,
    0x00, 0x00, 0x00, 0x03, 0xff, 0xff, 0x80, 0x00,
    0x00, 0x00, 0x00, 0x00, 0x3f, 0xff, 0xf8, 0x00,
    0x00, 0x00, 0x00, 0x00, 0x00,

    /* U+00B6 "¶" */
    0x00, 0x00, 0x00, 0x38, 0xce, 0xff, 0xff, 0xff,
    0xff, 0xff, 0xff, 0xf0, 0x00, 0x02, 0xbf, 0xff,
    0xff, 0xff, 0xff, 0xff, 0xff, 0xff, 0xff, 0x00,
    0x04, 0xff, 0xff, 0xff, 0xff, 0xff, 0xff, 0xff,
    0xff, 0xff, 0xe0, 0x03, 0xff, 0xff, 0xff, 0xff,
    0xff, 0xff, 0xff, 0xff, 0xff, 0x81, 0x00, 0xef,
    0xff, 0xff, 0xff, 0xfe, 0x77, 0x7e, 0xff, 0xff,
    0x60, 0x00, 0x7f, 0xff, 0xff, 0xff, 0xff, 0x70,
    0x00, 0x7f, 0xff, 0xf4, 0x00, 0x0d, 0xff, 0xff,
    0xff, 0xff, 0xf7, 0x00, 0x07, 0xff, 0xff, 0x40,
    0x01, 0xff, 0xff, 0xff, 0xff, 0xff, 0x70, 0x00,
    0x7f, 0xff, 0xf4, 0x00, 0x3f, 0xff, 0xff, 0xff,
    0xff, 0xf7, 0x00, 0x07, 0xff, 0xff, 0x40, 0x04,
    0xff, 0xff, 0xff, 0xff, 0xff, 0x70, 0x00, 0x7f,
    0xff, 0xf4, 0x00, 0x4f, 0xff, 0xff, 0xff, 0xff,
    0xf7, 0x00, 0x07, 0xff, 0xff, 0x40, 0x02, 0xff,
    0xff, 0xff, 0xff, 0xff, 0x70, 0x00, 0x7f, 0xff,
    0xf4, 0x00, 0x0f, 0xff, 0xff, 0xff, 0xff, 0xf7,
    0x00, 0x07, 0xff, 0xff, 0x40, 0x00, 0xaf, 0xff,
    0xff, 0xff, 0xff, 0x70, 0x00, 0x7f, 0xff, 0xf4,
    0x00, 0x03, 0xff, 0xff, 0xff, 0xff, 0xf7, 0x00,
    0x07, 0xff, 0xff, 0x40, 0x00, 0x08, 0xff, 0xff,
    0xff, 0xff, 0x70, 0x00, 0x7f, 0xff, 0xf4, 0x00,
    0x00, 0x0b, 0xff, 0xff, 0xff, 0xf7, 0x00, 0x07,
    0xff, 0xff, 0x40, 0x00, 0x00, 0x09, 0xff, 0xff,
    0xff, 0x70, 0x00, 0x7f, 0xff, 0xf4, 0x00, 0x00,
    0x00, 0x04, 0xcf, 0xff, 0xf7, 0x00, 0x07, 0xff,
    0xff, 0x40, 0x00, 0x00, 0x00, 0x00, 0x14, 0x56,
    0x20, 0x00, 0x7f, 0xff, 0xf4, 0x00, 0x00, 0x00,
    0x00, 0x00, 0x00, 0x00, 0x00, 0x07, 0xff, 0xff,
    0x40, 0x00, 0x00, 0x00, 0x00, 0x00, 0x00, 0x00,
    0x00, 0x7f, 0xff, 0xf4, 0x00, 0x00, 0x00, 0x00,
    0x00, 0x00, 0x00, 0x00, 0x07, 0xff, 0xff, 0x30,
    0x00, 0x00, 0x00, 0x06, 0x30, 0x00, 0x00, 0x00,
    0x8f, 0xff, 0xf1, 0x00, 0x00, 0x00, 0x4d, 0xfc,
    0x00, 0x00, 0x00, 0x0d, 0xff, 0xff, 0x00, 0x00,
    0x00, 0x6f, 0xff, 0xf9, 0x00, 0x00, 0x07, 0xff,
    0xff, 0xa0, 0x00, 0x00, 0x00, 0xef, 0xff, 0xfd,
    0x75, 0x6b, 0xff, 0xff, 0xf5, 0x00, 0x00, 0x00,
    0x05, 0xff, 0xff, 0xff, 0xff, 0xff, 0xff, 0xfc,
    0x00, 0x00, 0x00, 0x00, 0x07, 0xff, 0xff, 0xff,
    0xff, 0xff, 0xfe, 0x20, 0x00, 0x00, 0x00, 0x00,
    0x05, 0xef, 0xff, 0xff, 0xff, 0xfc, 0x10, 0x00,
    0x00, 0x00, 0x00, 0x00, 0x00, 0x6b, 0xef, 0xfd,
    0xa5, 0x00, 0x00, 0x00, 0x00,

    /* U+00B7 "·" */
    0x00, 0x5a, 0xa5, 0x00, 0x09, 0xff, 0xff, 0x90,
    0x3f, 0xff, 0xff, 0xf2, 0x6f, 0xff, 0xff, 0xf5,
    0x4f, 0xff, 0xff, 0xf3, 0x0c, 0xff, 0xff, 0xc0,
    0x01, 0x9f, 0xe9, 0x00,

    /* U+00B8 "¸" */
    0x00, 0x05, 0x65, 0x00, 0x00, 0x01, 0xff, 0xe0,
    0x00, 0x00, 0x5f, 0xff, 0xf9, 0x00, 0x08, 0xff,
    0xff, 0xf7, 0x00, 0x00, 0x03, 0xff, 0xb0, 0x7d,
    0x98, 0xbf, 0xf9, 0x0e, 0xff, 0xff, 0xff, 0x30,
    0x4a, 0xef, 0xea, 0x30,

    /* U+00B9 "¹" */
    0x00, 0x00, 0x8f, 0xf7, 0x00, 0x05, 0xff, 0xf7,
    0x48, 0xdf, 0xff, 0xf7, 0x9f, 0xff, 0xff, 0xf7,
    0x9f, 0xff, 0xff, 0xf7, 0x9e, 0xb9, 0xff, 0xf7,
    0x00, 0x04, 0xff, 0xf7, 0x00, 0x04, 0xff, 0xf7,
    0x00, 0x04, 0xff, 0xf7, 0x00, 0x04, 0xff, 0xf7,
    0x00, 0x04, 0xff, 0xf7, 0x00, 0x04, 0xff, 0xf7,
    0x00, 0x04, 0xff, 0xf7, 0x00, 0x04, 0xff, 0xf7,
    0x00, 0x04, 0xff, 0xf7,

    /* U+00BA "º" */
    0x00, 0x00, 0x3a, 0xdf, 0xec, 0x71, 0x00, 0x00,
    0x00, 0x9f, 0xff, 0xff, 0xff, 0xe4, 0x00, 0x00,
    0x9f, 0xff, 0xff, 0xff, 0xff, 0xf3, 0x00, 0x4f,
    0xff, 0xfe, 0xbc, 0xff, 0xff, 0xd0, 0x0b, 0xff,
    0xfc, 0x10, 0x04, 0xff, 0xff, 0x40, 0xff, 0xff,
    0x20, 0x00, 0x08, 0xff, 0xf8, 0x1f, 0xff, 0xe0,
    0x00, 0x00, 0x4f, 0xff, 0xa1, 0xff, 0xfe, 0x00,
    0x00, 0x05, 0xff, 0xfa, 0x0f, 0xff, 0xf2, 0x00,
    0x00, 0x8f, 0xff, 0x80, 0xbf, 0xff, 0xc1, 0x00,
    0x4f, 0xff, 0xf4, 0x04, 0xff, 0xff, 0xeb, 0xcf,
    0xff, 0xfd, 0x00, 0x0a, 0xff, 0xff, 0xff, 0xff,
    0xff, 0x30, 0x00, 0x09, 0xff, 0xff, 0xff, 0xfe,
    0x40, 0x00, 0x00, 0x03, 0xad, 0xfe, 0xc7, 0x10,
    0x00,

    /* U+00BB "»" */
    0x9f, 0xff, 0xf4, 0x00, 0x6f, 0xff, 0xf7, 0x00,
    0x00, 0x00, 0xdf, 0xff, 0xe1, 0x00, 0xbf, 0xff,
    0xf3, 0x00, 0x00, 0x03, 0xff, 0xff, 0xb0, 0x01,
    0xef, 0xff, 0xd0, 0x00, 0x00, 0x07, 0xff, 0xff,
    0x70, 0x04, 0xff, 0xff, 0x90, 0x00, 0x00, 0x0c,
    0xff, 0xff, 0x30, 0x09, 0xff, 0xff, 0x50, 0x00,
    0x00, 0x1f, 0xff, 0xfd, 0x00, 0x0d, 0xff, 0xfe,
    0x10, 0x00, 0x00, 0x5f, 0xff, 0xf9, 0x00, 0x3f,
    0xff, 0xfc, 0x00, 0x00, 0x00, 0xef, 0xff, 0xf0,
    0x00, 0xcf, 0xff, 0xf2, 0x00, 0x00, 0x8f, 0xff,
    0xf6, 0x00, 0x5f, 0xff, 0xf8, 0x00, 0x00, 0x4f,
    0xff, 0xfa, 0x00, 0x2f, 0xff, 0xfc, 0x00, 0x00,
    0x1e, 0xff, 0xfe, 0x10, 0x0c, 0xff, 0xff, 0x20,
    0x00, 0x0a, 0xff, 0xff, 0x30, 0x07, 0xff, 0xff,
    0x60, 0x00, 0x05, 0xff, 0xff, 0x80, 0x03, 0xff,
    0xff, 0xb0, 0x00, 0x02, 0xff, 0xff, 0xc0, 0x00,
    0xdf, 0xff, 0xe1, 0x00, 0x00, 0x7b, 0xbb, 0xa2,
    0x00, 0x5b, 0xbb, 0xb4, 0x00, 0x00, 0x00,

    /* U+00BC "¼" */
    0x00, 0x00, 0x00, 0x00, 0x00, 0x00, 0x00, 0x00,
    0x00, 0x00, 0x50, 0x00, 0x00, 0x00, 0x00, 0x00,
    0x00, 0x04, 0xbb, 0x40, 0x00, 0x00, 0x00, 0x00,
    0x00, 0x7f, 0xd5, 0x00, 0x00, 0x00, 0x00, 0x00,
    0x03, 0xef, 0xf7, 0x00, 0x00, 0x00, 0x00, 0x00,
    0x2f, 0xff, 0xe1, 0x00, 0x00, 0x00, 0x04, 0x8c,
    0xff, 0xff, 0x70, 0x00, 0x00, 0x00, 0x00, 0x0c,
    0xff, 0xf6, 0x00, 0x00, 0x00, 0x00, 0x9f, 0xff,
    0xff, 0xf7, 0x00, 0x00, 0x00, 0x00, 0x06, 0xff,
    0xfb, 0x00, 0x00, 0x00, 0x00, 0x09, 0xff, 0xff,
    0xff, 0x70, 0x00, 0x00, 0x00, 0x01, 0xff, 0xff,
    0x20, 0x00, 0x00, 0x00, 0x00, 0x9e, 0xb9, 0xff,
    0xf7, 0x00, 0x00, 0x00, 0x00, 0xbf, 0xff, 0x70,
    0x00, 0x00, 0x00, 0x00, 0x00, 0x00, 0x4f, 0xff,
    0x70, 0x00, 0x00, 0x00, 0x5f, 0xff, 0xc0, 0x00,
    0x00, 0x00, 0x00, 0x00, 0x00, 0x04, 0xff, 0xf7,
    0x00, 0x00, 0x00, 0x1e, 0xff, 0xf2, 0x00, 0x00,
    0x00, 0x00, 0x00, 0x00, 0x00, 0x4f, 0xff, 0x70,
    0x00, 0x00, 0x0a, 0xff, 0xf7, 0x00, 0x00, 0x00,
    0x00, 0x00, 0x00, 0x00, 0x04, 0xff, 0xf7, 0x00,
    0x00, 0x04, 0xff, 0xfd, 0x00, 0x00, 0x00, 0x00,
    0x00, 0x00, 0x00, 0x00, 0x4f, 0xff, 0x70, 0x00,
    0x00, 0xef, 0xff, 0x30, 0x00, 0x8d, 0xdc, 0x00,
    0x00, 0x00, 0x00, 0x04, 0xff, 0xf7, 0x00, 0x00,
    0x9f, 0xff, 0x80, 0x00, 0x0e, 0xff, 0xa0, 0x00,
    0x00, 0x00, 0x00, 0x4f, 0xff, 0x70, 0x00, 0x3f,
    0xff, 0xd0, 0x00, 0x04, 0xff, 0xf4, 0x00, 0x00,
    0x00, 0x00, 0x04, 0xff, 0xf7, 0x00, 0x0d, 0xff,
    0xf4, 0x00, 0x00, 0xaf, 0xfe, 0x00, 0x00, 0x00,
    0x00, 0x00, 0x4f, 0xff, 0x70, 0x08, 0xff, 0xf9,
    0x00, 0x00, 0x0f, 0xff, 0x90, 0x04, 0x54, 0x00,
    0x00, 0x00, 0x00, 0x00, 0x02, 0xff, 0xfe, 0x00,
    0x00, 0x05, 0xff, 0xf4, 0x00, 0xff, 0xc0, 0x00,
    0x00, 0x00, 0x00, 0x00, 0xcf, 0xff, 0x40, 0x00,
    0x00, 0xaf, 0xfe, 0x00, 0x4f, 0xfc, 0x00, 0x00,
    0x00, 0x00, 0x00, 0x7f, 0xff, 0xa0, 0x00, 0x00,
    0x0f, 0xff, 0x90, 0x09, 0xff, 0xc0, 0x00, 0x00,
    0x00, 0x00, 0x2f, 0xff, 0xe1, 0x00, 0x00, 0x05,
    0xff, 0xfc, 0x88, 0xff, 0xff, 0x86, 0x00, 0x00,
    0x00, 0x0b, 0xff, 0xf5, 0x00, 0x00, 0x00, 0xbf,
    0xff, 0xff, 0xff, 0xff, 0xff, 0xc0, 0x00, 0x00,
    0x06, 0xff, 0xfb, 0x00, 0x00, 0x00, 0x0e, 0xff,
    0xff, 0xff, 0xff, 0xff, 0xfc, 0x00, 0x00, 0x01,
    0xff, 0xff, 0x10, 0x00, 0x00, 0x00, 0xef, 0xff,
    0xff, 0xff, 0xff, 0xff, 0xc0, 0x00, 0x00, 0xbf,
    0xff, 0x60, 0x00, 0x00, 0x00, 0x00, 0x00, 0x00,
    0x00, 0xdf, 0xfc, 0x00, 0x00, 0x00, 0x5f, 0xff,
    0xc0, 0x00, 0x00, 0x00, 0x00, 0x00, 0x00, 0x00,
    0x0d, 0xff, 0xc0, 0x00, 0x00, 0x1e, 0xff, 0xf2,
    0x00, 0x00, 0x00, 0x00, 0x00, 0x00, 0x00, 0x00,
    0xdf, 0xfc, 0x00, 0x00, 0x01, 0x9f, 0xf7, 0x00,
    0x00, 0x00, 0x00, 0x00, 0x00, 0x00, 0x00, 0x00,
    0x00, 0x00, 0x00, 0x00, 0x00, 0x29, 0x00, 0x00,
    0x00, 0x00, 0x00, 0x00, 0x00, 0x00, 0x00, 0x00,
    0x00, 0x00,

    /* U+00BD "½" */
    0x00, 0x00, 0x00, 0x00, 0x00, 0x00, 0x00, 0x00,
    0x00, 0x00, 0x50, 0x00, 0x00, 0x00, 0x00, 0x00,
    0x00, 0x4b, 0xb4, 0x00, 0x00, 0x00, 0x00, 0x00,
    0x07, 0xfd, 0x50, 0x00, 0x00, 0x00, 0x00, 0x03,
    0xef, 0xf7, 0x00, 0x00, 0x00, 0x00, 0x00, 0x2f,
    0xff, 0xe1, 0x00, 0x00, 0x00, 0x48, 0xcf, 0xff,
    0xf7, 0x00, 0x00, 0x00, 0x00, 0x00, 0xcf, 0xff,
    0x60, 0x00, 0x00, 0x00, 0x9f, 0xff, 0xff, 0xf7,
    0x00, 0x00, 0x00, 0x00, 0x06, 0xff, 0xfb, 0x00,
    0x00, 0x00, 0x00, 0x9f, 0xff, 0xff, 0xf7, 0x00,
    0x00, 0x00, 0x00, 0x1f, 0xff, 0xf2, 0x00, 0x00,
    0x00, 0x00, 0x9e, 0xb9, 0xff, 0xf7, 0x00, 0x00,
    0x00, 0x00, 0xbf, 0xff, 0x70, 0x00, 0x00, 0x00,
    0x00, 0x00, 0x04, 0xff, 0xf7, 0x00, 0x00, 0x00,
    0x05, 0xff, 0xfc, 0x00, 0x00, 0x00, 0x00, 0x00,
    0x00, 0x04, 0xff, 0xf7, 0x00, 0x00, 0x00, 0x1e,
    0xff, 0xf2, 0x00, 0x00, 0x00, 0x00, 0x00, 0x00,
    0x04, 0xff, 0xf7, 0x00, 0x00, 0x00, 0xaf, 0xff,
    0x70, 0x00, 0x00, 0x00, 0x00, 0x00, 0x00, 0x04,
    0xff, 0xf7, 0x00, 0x00, 0x04, 0xff, 0xfd, 0x00,
    0x00, 0x00, 0x00, 0x00, 0x00, 0x00, 0x04, 0xff,
    0xf7, 0x00, 0x00, 0x0e, 0xff, 0xf3, 0x00, 0x03,
    0xad, 0xfe, 0x92, 0x00, 0x00, 0x04, 0xff, 0xf7,
    0x00, 0x00, 0x9f, 0xff, 0x80, 0x00, 0x7f, 0xff,
    0xff, 0xff, 0x40, 0x00, 0x04, 0xff, 0xf7, 0x00,
    0x03, 0xff, 0xfd, 0x00, 0x06, 0xff, 0xff, 0xff,
    0xff, 0xe0, 0x00, 0x04, 0xff, 0xf7, 0x00, 0x0d,
    0xff, 0xf4, 0x00, 0x0a, 0xff, 0xfa, 0x7d, 0xff,
    0xf5, 0x00, 0x04, 0xff, 0xf7, 0x00, 0x8f, 0xff,
    0x90, 0x00, 0x00, 0x5d, 0x50, 0x03, 0xff, 0xf7,
    0x00, 0x00, 0x00, 0x00, 0x02, 0xff, 0xfe, 0x00,
    0x00, 0x00, 0x00, 0x00, 0x06, 0xff, 0xf4, 0x00,
    0x00, 0x00, 0x00, 0x0c, 0xff, 0xf4, 0x00, 0x00,
    0x00, 0x00, 0x00, 0x2f, 0xff, 0xe0, 0x00, 0x00,
    0x00, 0x00, 0x7f, 0xff, 0xa0, 0x00, 0x00, 0x00,
    0x00, 0x01, 0xdf, 0xff, 0x40, 0x00, 0x00, 0x00,
    0x02, 0xff, 0xfe, 0x10, 0x00, 0x00, 0x00, 0x00,
    0x1d, 0xff, 0xf7, 0x00, 0x00, 0x00, 0x00, 0x0b,
    0xff, 0xf5, 0x00, 0x00, 0x00, 0x00, 0x01, 0xdf,
    0xff, 0x90, 0x00, 0x00, 0x00, 0x00, 0x6f, 0xff,
    0xb0, 0x00, 0x00, 0x00, 0x00, 0x1d, 0xff, 0xf9,
    0x00, 0x00, 0x00, 0x00, 0x01, 0xff, 0xff, 0x10,
    0x00, 0x00, 0x00, 0x01, 0xdf, 0xff, 0xf8, 0x88,
    0x85, 0x00, 0x00, 0x0b, 0xff, 0xf6, 0x00, 0x00,
    0x00, 0x00, 0x0b, 0xff, 0xff, 0xff, 0xff, 0xfa,
    0x00, 0x00, 0x5f, 0xff, 0xc0, 0x00, 0x00, 0x00,
    0x00, 0x0c, 0xff, 0xff, 0xff, 0xff, 0xfa, 0x00,
    0x01, 0xef, 0xff, 0x20, 0x00, 0x00, 0x00, 0x00,
    0x0c, 0xff, 0xff, 0xff, 0xff, 0xfa, 0x00, 0x01,
    0x9f, 0xf7, 0x00, 0x00, 0x00, 0x00, 0x00, 0x00,
    0x00, 0x00, 0x00, 0x00, 0x00, 0x00, 0x00, 0x02,
    0x90, 0x00, 0x00, 0x00, 0x00, 0x00, 0x00, 0x00,
    0x00, 0x00, 0x00, 0x00,

    /* U+00BE "¾" */
    0x00, 0x00, 0x00, 0x00, 0x00, 0x00, 0x00, 0x00,
    0x00, 0x00, 0x00, 0x05, 0x10, 0x00, 0x00, 0x00,
    0x00, 0x00, 0x01, 0x8d, 0xff, 0xd8, 0x00, 0x00,
    0x00, 0x00, 0x00, 0x00, 0x03, 0xff, 0x80, 0x00,
    0x00, 0x00, 0x00, 0x04, 0xef, 0xff, 0xff, 0xfd,
    0x10, 0x00, 0x00, 0x00, 0x00, 0x00, 0xdf, 0xff,
    0x40, 0x00, 0x00, 0x00, 0x03, 0xff, 0xff, 0xff,
    0xff, 0xfa, 0x00, 0x00, 0x00, 0x00, 0x00, 0x8f,
    0xff, 0x90, 0x00, 0x00, 0x00, 0x00, 0x0b, 0xff,
    0xa6, 0x8f, 0xff, 0xe0, 0x00, 0x00, 0x00, 0x00,
    0x2f, 0xff, 0xe1, 0x00, 0x00, 0x00, 0x00, 0x00,
    0x0b, 0x50, 0x00, 0xbf, 0xfd, 0x00, 0x00, 0x00,
    0x00, 0x0c, 0xff, 0xf5, 0x00, 0x00, 0x00, 0x00,
    0x00, 0x00, 0x00, 0x00, 0x2e, 0xff, 0x90, 0x00,
    0x00, 0x00, 0x07, 0xff, 0xfa, 0x00, 0x00, 0x00,
    0x00, 0x00, 0x00, 0x00, 0x2e, 0xef, 0xff, 0xf1,
    0x00, 0x00, 0x00, 0x02, 0xff, 0xfe, 0x10, 0x00,
    0x00, 0x00, 0x00, 0x00, 0x00, 0x03, 0xff, 0xff,
    0xff, 0x40, 0x00, 0x00, 0x00, 0xbf, 0xff, 0x60,
    0x00, 0x00, 0x00, 0x00, 0x00, 0x00, 0x00, 0x3f,
    0xff, 0xff, 0xff, 0x10, 0x00, 0x00, 0x6f, 0xff,
    0xb0, 0x00, 0x00, 0x00, 0x00, 0x00, 0x00, 0x00,
    0x00, 0x00, 0x2a, 0xff, 0xf7, 0x00, 0x00, 0x1e,
    0xff, 0xf2, 0x00, 0x00, 0x00, 0x00, 0x00, 0x00,
    0x00, 0x04, 0x40, 0x00, 0x2f, 0xff, 0x90, 0x00,
    0x0a, 0xff, 0xf7, 0x00, 0x05, 0xee, 0xe3, 0x00,
    0x00, 0x00, 0x03, 0xff, 0x61, 0x19, 0xff, 0xf7,
    0x00, 0x05, 0xff, 0xfc, 0x00, 0x00, 0xbf, 0xfe,
    0x00, 0x00, 0x00, 0x01, 0xff, 0xff, 0xff, 0xff,
    0xff, 0x10, 0x01, 0xef, 0xff, 0x20, 0x00, 0x1f,
    0xff, 0x80, 0x00, 0x00, 0x00, 0x08, 0xff, 0xff,
    0xff, 0xff, 0x60, 0x00, 0x9f, 0xff, 0x80, 0x00,
    0x06, 0xff, 0xf3, 0x00, 0x00, 0x00, 0x00, 0x05,
    0xef, 0xff, 0xfe, 0x50, 0x00, 0x4f, 0xff, 0xd0,
    0x00, 0x00, 0xbf, 0xfd, 0x00, 0x23, 0x30, 0x00,
    0x00, 0x00, 0x35, 0x53, 0x00, 0x00, 0x0d, 0xff,
    0xf3, 0x00, 0x00, 0x1f, 0xff, 0x80, 0x0b, 0xff,
    0x10, 0x00, 0x00, 0x00, 0x00, 0x00, 0x00, 0x08,
    0xff, 0xf9, 0x00, 0x00, 0x06, 0xff, 0xf3, 0x00,
    0xff, 0xf1, 0x00, 0x00, 0x00, 0x00, 0x00, 0x00,
    0x03, 0xff, 0xfd, 0x00, 0x00, 0x00, 0xbf, 0xfd,
    0x00, 0x4f, 0xff, 0x10, 0x00, 0x00, 0x00, 0x00,
    0x00, 0x00, 0xdf, 0xff, 0x40, 0x00, 0x00, 0x1f,
    0xff, 0xf8, 0x8f, 0xff, 0xf9, 0x80, 0x00, 0x00,
    0x00, 0x00, 0x00, 0x7f, 0xff, 0xa0, 0x00, 0x00,
    0x06, 0xff, 0xff, 0xff, 0xff, 0xff, 0xff, 0x10,
    0x00, 0x00, 0x00, 0x00, 0x2f, 0xff, 0xe1, 0x00,
    0x00, 0x00, 0x9f, 0xff, 0xff, 0xff, 0xff, 0xff,
    0xf1, 0x00, 0x00, 0x00, 0x00, 0x0c, 0xff, 0xf5,
    0x00, 0x00, 0x00, 0x09, 0xff, 0xff, 0xff, 0xff,
    0xff, 0xff, 0x10, 0x00, 0x00, 0x00, 0x06, 0xff,
    0xfa, 0x00, 0x00, 0x00, 0x00, 0x00, 0x00, 0x00,
    0x09, 0xff, 0xf1, 0x00, 0x00, 0x00, 0x00, 0x01,
    0xff, 0xff, 0x10, 0x00, 0x00, 0x00, 0x00, 0x00,
    0x00, 0x00, 0x9f, 0xff, 0x10, 0x00, 0x00, 0x00,
    0x00, 0xbf, 0xff, 0x60, 0x00, 0x00, 0x00, 0x00,
    0x00, 0x00, 0x00, 0x09, 0xff, 0xf1, 0x00, 0x00,
    0x00, 0x00, 0x06, 0xef, 0xb0, 0x00, 0x00, 0x00,
    0x00, 0x00, 0x00, 0x00, 0x00, 0x00, 0x00, 0x00,
    0x00, 0x00, 0x00, 0x00, 0x01, 0x82, 0x00, 0x00,
    0x00, 0x00, 0x00, 0x00, 0x00, 0x00, 0x00, 0x00,
    0x00, 0x00,

    /* U+00BF "¿" */
    0x00, 0x00, 0x00, 0x19, 0xee, 0x80, 0x00, 0x00,
    0x00, 0x00, 0x00, 0x00, 0xbf, 0xff, 0xf9, 0x00,
    0x00, 0x00, 0x00, 0x00, 0x02, 0xff, 0xff, 0xff,
    0x00, 0x00, 0x00, 0x00, 0x00, 0x03, 0xff, 0xff,
    0xff, 0x00, 0x00, 0x00, 0x00, 0x00, 0x00, 0xef,
    0xff, 0xfc, 0x00, 0x00, 0x00, 0x00, 0x00, 0x00,
    0x3e, 0xff, 0xd2, 0x00, 0x00, 0x00, 0x00, 0x00,
    0x00, 0x01, 0x44, 0x00, 0x00, 0x00, 0x00, 0x00,
    0x00, 0x00, 0x00, 0x00, 0x00, 0x00, 0x00, 0x00,
    0x00, 0x00, 0x00, 0x00, 0x6e, 0x50, 0x00, 0x00,
    0x00, 0x00, 0x00, 0x00, 0x2c, 0xff, 0xe0, 0x00,
    0x00, 0x00, 0x00, 0x00, 0x07, 0xff, 0xff, 0xf9,
    0x00, 0x00, 0x00, 0x00, 0x00, 0xbf, 0xff, 0xff,
    0xfe, 0x00, 0x00, 0x00, 0x00, 0x1c, 0xff, 0xff,
    0xff, 0x90, 0x00, 0x00, 0x00, 0x00, 0xbf, 0xff,
    0xff, 0xe4, 0x00, 0x00, 0x00, 0x00, 0x06, 0xff,
    0xff, 0xfb, 0x10, 0x00, 0x00, 0x00, 0x00, 0x0e,
    0xff, 0xff, 0x90, 0x00, 0x00, 0x00, 0x00, 0x00,
    0x3f, 0xff, 0xfc, 0x00, 0x00, 0x00, 0x00, 0x00,
    0x00, 0x6f, 0xff, 0xf7, 0x00, 0x00, 0x00, 0x00,
    0x00, 0x00, 0x7f, 0xff, 0xf6, 0x00, 0x00, 0x00,
    0x01, 0x90, 0x00, 0x5f, 0xff, 0xf9, 0x00, 0x00,
    0x00, 0x1d, 0xfa, 0x00, 0x3f, 0xff, 0xff, 0x50,
    0x00, 0x05, 0xef, 0xff, 0x80, 0x0d, 0xff, 0xff,
    0xfc, 0x9b, 0xef, 0xff, 0xff, 0xf2, 0x04, 0xff,
    0xff, 0xff, 0xff, 0xff, 0xff, 0xff, 0x60, 0x00,
    0x8f, 0xff, 0xff, 0xff, 0xff, 0xff, 0xf4, 0x00,
    0x00, 0x06, 0xff, 0xff, 0xff, 0xff, 0xfa, 0x10,
    0x00, 0x00, 0x00, 0x17, 0xce, 0xff, 0xc8, 0x30,
    0x00, 0x00,

    /* U+00C0 "À" */
    0x00, 0x00, 0x00, 0x00, 0x82, 0x00, 0x00, 0x00,
    0x00, 0x00, 0x00, 0x00, 0x00, 0x00, 0x00, 0x09,
    0xfe, 0x30, 0x00, 0x00, 0x00, 0x00, 0x00, 0x00,
    0x00, 0x00, 0x00, 0x5f, 0xff, 0xf4, 0x00, 0x00,
    0x00, 0x00, 0x00, 0x00, 0x00, 0x00, 0x00, 0x08,
    0xff, 0xff, 0x40, 0x00, 0x00, 0x00, 0x00, 0x00,
    0x00, 0x00, 0x00, 0x00, 0x7f, 0xff, 0xf6, 0x00,
    0x00, 0x00, 0x00, 0x00, 0x00, 0x00, 0x00, 0x00,
    0x06, 0xff, 0xff, 0x20, 0x00, 0x00, 0x00, 0x00,
    0x00, 0x00, 0x00, 0x00, 0x00, 0x4f, 0xf5, 0x00,
    0x00, 0x00, 0x00, 0x00, 0x00, 0x00, 0x00, 0x00,
    0x00, 0x04, 0x50, 0x00, 0x00, 0x00, 0x00, 0x00,
    0x00, 0x00, 0x00, 0x00, 0x00, 0x00, 0x00, 0x00,
    0x00, 0x00, 0x00, 0x00, 0x00, 0x00, 0x00, 0x00,
    0x00, 0x00, 0x00, 0x00, 0x00, 0x00, 0x00, 0x00,
    0x00, 0x00, 0x00, 0x00, 0x0e, 0xff, 0xff, 0xe0,
    0x00, 0x00, 0x00, 0x00, 0x00, 0x00, 0x00, 0x00,
    0x4f, 0xff, 0xff, 0xf3, 0x00, 0x00, 0x00, 0x00,
    0x00, 0x00, 0x00, 0x00, 0xaf, 0xff, 0xff, 0xf8,
    0x00, 0x00, 0x00, 0x00, 0x00, 0x00, 0x00, 0x00,
    0xff, 0xff, 0xff, 0xfe, 0x00, 0x00, 0x00, 0x00,
    0x00, 0x00, 0x00, 0x05, 0xff, 0xff, 0xff, 0xff,
    0x30, 0x00, 0x00, 0x00, 0x00, 0x00, 0x00, 0x0b,
    0xff, 0xff, 0xff, 0xff, 0x90, 0x00, 0x00, 0x00,
    0x00, 0x00, 0x00, 0x1f, 0xff, 0xf9, 0xaf, 0xff,
    0xe0, 0x00, 0x00, 0x00, 0x00, 0x00, 0x00, 0x6f,
    0xff, 0xf3, 0x5f, 0xff, 0xf3, 0x00, 0x00, 0x00,
    0x00, 0x00, 0x00, 0xbf, 0xff, 0xe0, 0x0f, 0xff,
    0xf9, 0x00, 0x00, 0x00, 0x00, 0x00, 0x01, 0xff,
    0xff, 0x80, 0x0a, 0xff, 0xfe, 0x00, 0x00, 0x00,
    0x00, 0x00, 0x07, 0xff, 0xff, 0x30, 0x05, 0xff,
    0xff, 0x40, 0x00, 0x00, 0x00, 0x00, 0x0c, 0xff,
    0xfd, 0x00, 0x00, 0xff, 0xff, 0x90, 0x00, 0x00,
    0x00, 0x00, 0x2f, 0xff, 0xf8, 0x00, 0x00, 0xbf,
    0xff, 0xe0, 0x00, 0x00, 0x00, 0x00, 0x7f, 0xff,
    0xf3, 0x00, 0x00, 0x6f, 0xff, 0xf4, 0x00, 0x00,
    0x00, 0x00, 0xdf, 0xff, 0xd0, 0x00, 0x00, 0x1f,
    0xff, 0xf9, 0x00, 0x00, 0x00, 0x03, 0xff, 0xff,
    0xe6, 0x66, 0x66, 0x6f, 0xff, 0xfe, 0x00, 0x00,
    0x00, 0x08, 0xff, 0xff, 0xff, 0xff, 0xff, 0xff,
    0xff, 0xff, 0x40, 0x00, 0x00, 0x0e, 0xff, 0xff,
    0xff, 0xff, 0xff, 0xff, 0xff, 0xff, 0x90, 0x00,
    0x00, 0x3f, 0xff, 0xff, 0xff, 0xff, 0xff, 0xff,
    0xff, 0xff, 0xe0, 0x00, 0x00, 0x9f, 0xff, 0xff,
    0xff, 0xff, 0xff, 0xff, 0xff, 0xff, 0xf4, 0x00,
    0x00, 0xef, 0xff, 0xc0, 0x00, 0x00, 0x00, 0x00,
    0x1f, 0xff, 0xf9, 0x00, 0x04, 0xff, 0xff, 0x70,
    0x00, 0x00, 0x00, 0x00, 0x0c, 0xff, 0xfe, 0x00,
    0x0a, 0xff, 0xff, 0x10, 0x00, 0x00, 0x00, 0x00,
    0x06, 0xff, 0xff, 0x40, 0x0f, 0xff, 0xfc, 0x00,
    0x00, 0x00, 0x00, 0x00, 0x01, 0xff, 0xff, 0xa0,
    0x5f, 0xff, 0xf6, 0x00, 0x00, 0x00, 0x00, 0x00,
    0x00, 0xcf, 0xff, 0xf0,

    /* U+00C1 "Á" */
    0x00, 0x00, 0x00, 0x00, 0x00, 0x00, 0x00, 0x46,
    0x00, 0x00, 0x00, 0x00, 0x00, 0x00, 0x00, 0x00,
    0x00, 0x00, 0x04, 0xff, 0x60, 0x00, 0x00, 0x00,
    0x00, 0x00, 0x00, 0x00, 0x00, 0x00, 0x6f, 0xff,
    0xf2, 0x00, 0x00, 0x00, 0x00, 0x00, 0x00, 0x00,
    0x00, 0x07, 0xff, 0xff, 0x50, 0x00, 0x00, 0x00,
    0x00, 0x00, 0x00, 0x00, 0x00, 0x8f, 0xff, 0xf4,
    0x00, 0x00, 0x00, 0x00, 0x00, 0x00, 0x00, 0x00,
    0x04, 0xff, 0xff, 0x30, 0x00, 0x00, 0x00, 0x00,
    0x00, 0x00, 0x00, 0x00, 0x00, 0x7f, 0xe3, 0x00,
    0x00, 0x00, 0x00, 0x00, 0x00, 0x00, 0x00, 0x00,
    0x00, 0x07, 0x20, 0x00, 0x00, 0x00, 0x00, 0x00,
    0x00, 0x00, 0x00, 0x00, 0x00, 0x00, 0x00, 0x00,
    0x00, 0x00, 0x00, 0x00, 0x00, 0x00, 0x00, 0x00,
    0x00, 0x00, 0x00, 0x00, 0x00, 0x00, 0x00, 0x00,
    0x00, 0x00, 0x00, 0x00, 0x0e, 0xff, 0xff, 0xe0,
    0x00, 0x00, 0x00, 0x00, 0x00, 0x00, 0x00, 0x00,
    0x4f, 0xff, 0xff, 0xf3, 0x00, 0x00, 0x00, 0x00,
    0x00, 0x00, 0x00, 0x00, 0xaf, 0xff, 0xff, 0xf8,
    0x00, 0x00, 0x00, 0x00, 0x00, 0x00, 0x00, 0x00,
    0xff, 0xff, 0xff, 0xfe, 0x00, 0x00, 0x00, 0x00,
    0x00, 0x00, 0x00, 0x05, 0xff, 0xff, 0xff, 0xff,
    0x30, 0x00, 0x00, 0x00, 0x00, 0x00, 0x00, 0x0b,
    0xff, 0xff, 0xff, 0xff, 0x90, 0x00, 0x00, 0x00,
    0x00, 0x00, 0x00, 0x1f, 0xff, 0xf9, 0xaf, 0xff,
    0xe0, 0x00, 0x00, 0x00, 0x00, 0x00, 0x00, 0x6f,
    0xff, 0xf3, 0x5f, 0xff, 0xf3, 0x00, 0x00, 0x00,
    0x00, 0x00, 0x00, 0xbf, 0xff, 0xe0, 0x0f, 0xff,
    0xf9, 0x00, 0x00, 0x00, 0x00, 0x00, 0x01, 0xff,
    0xff, 0x80, 0x0a, 0xff, 0xfe, 0x00, 0x00, 0x00,
    0x00, 0x00, 0x07, 0xff, 0xff, 0x30, 0x05, 0xff,
    0xff, 0x40, 0x00, 0x00, 0x00, 0x00, 0x0c, 0xff,
    0xfd, 0x00, 0x00, 0xff, 0xff, 0x90, 0x00, 0x00,
    0x00, 0x00, 0x2f, 0xff, 0xf8, 0x00, 0x00, 0xbf,
    0xff, 0xe0, 0x00, 0x00, 0x00, 0x00, 0x7f, 0xff,
    0xf3, 0x00, 0x00, 0x6f, 0xff, 0xf4, 0x00, 0x00,
    0x00, 0x00, 0xdf, 0xff, 0xd0, 0x00, 0x00, 0x1f,
    0xff, 0xf9, 0x00, 0x00, 0x00, 0x03, 0xff, 0xff,
    0xe6, 0x66, 0x66, 0x6f, 0xff, 0xfe, 0x00, 0x00,
    0x00, 0x08, 0xff, 0xff, 0xff, 0xff, 0xff, 0xff,
    0xff, 0xff, 0x40, 0x00, 0x00, 0x0e, 0xff, 0xff,
    0xff, 0xff, 0xff, 0xff, 0xff, 0xff, 0x90, 0x00,
    0x00, 0x3f, 0xff, 0xff, 0xff, 0xff, 0xff, 0xff,
    0xff, 0xff, 0xe0, 0x00, 0x00, 0x9f, 0xff, 0xff,
    0xff, 0xff, 0xff, 0xff, 0xff, 0xff, 0xf4, 0x00,
    0x00, 0xef, 0xff, 0xc0, 0x00, 0x00, 0x00, 0x00,
    0x1f, 0xff, 0xf9, 0x00, 0x04, 0xff, 0xff, 0x70,
    0x00, 0x00, 0x00, 0x00, 0x0c, 0xff, 0xfe, 0x00,
    0x0a, 0xff, 0xff, 0x10, 0x00, 0x00, 0x00, 0x00,
    0x06, 0xff, 0xff, 0x40, 0x0f, 0xff, 0xfc, 0x00,
    0x00, 0x00, 0x00, 0x00, 0x01, 0xff, 0xff, 0xa0,
    0x5f, 0xff, 0xf6, 0x00, 0x00, 0x00, 0x00, 0x00,
    0x00, 0xcf, 0xff, 0xf0,

    /* U+00C2 "Â" */
    0x00, 0x00, 0x00, 0x00, 0x00, 0x00, 0x00, 0x00,
    0x00, 0x00, 0x00, 0x00, 0x00, 0x00, 0x00, 0x00,
    0x00, 0x1c, 0xb0, 0x00, 0x00, 0x00, 0x00, 0x00,
    0x00, 0x00, 0x00, 0x00, 0x01, 0xdf, 0xfc, 0x10,
    0x00, 0x00, 0x00, 0x00, 0x00, 0x00, 0x00, 0x00,
    0x2e, 0xff, 0xff, 0xd1, 0x00, 0x00, 0x00, 0x00,
    0x00, 0x00, 0x00, 0x03, 0xef, 0xff, 0xff, 0xfe,
    0x20, 0x00, 0x00, 0x00, 0x00, 0x00, 0x00, 0x3f,
    0xff, 0xf8, 0x7f, 0xff, 0xe2, 0x00, 0x00, 0x00,
    0x00, 0x00, 0x00, 0x0a, 0xff, 0x60, 0x06, 0xff,
    0x80, 0x00, 0x00, 0x00, 0x00, 0x00, 0x00, 0x00,
    0x95, 0x00, 0x00, 0x46, 0x00, 0x00, 0x00, 0x00,
    0x00, 0x00, 0x00, 0x00, 0x00, 0x00, 0x00, 0x00,
    0x00, 0x00, 0x00, 0x00, 0x00, 0x00, 0x00, 0x00,
    0x00, 0x00, 0x00, 0x00, 0x00, 0x00, 0x00, 0x00,
    0x00, 0x00, 0x00, 0x00, 0x0e, 0xff, 0xff, 0xe0,
    0x00, 0x00, 0x00, 0x00, 0x00, 0x00, 0x00, 0x00,
    0x4f, 0xff, 0xff, 0xf3, 0x00, 0x00, 0x00, 0x00,
    0x00, 0x00, 0x00, 0x00, 0xaf, 0xff, 0xff, 0xf8,
    0x00, 0x00, 0x00, 0x00, 0x00, 0x00, 0x00, 0x00,
    0xff, 0xff, 0xff, 0xfe, 0x00, 0x00, 0x00, 0x00,
    0x00, 0x00, 0x00, 0x05, 0xff, 0xff, 0xff, 0xff,
    0x30, 0x00, 0x00, 0x00, 0x00, 0x00, 0x00, 0x0b,
    0xff, 0xff, 0xff, 0xff, 0x90, 0x00, 0x00, 0x00,
    0x00, 0x00, 0x00, 0x1f, 0xff, 0xf9, 0xaf, 0xff,
    0xe0, 0x00, 0x00, 0x00, 0x00, 0x00, 0x00, 0x6f,
    0xff, 0xf3, 0x5f, 0xff, 0xf3, 0x00, 0x00, 0x00,
    0x00, 0x00, 0x00, 0xbf, 0xff, 0xe0, 0x0f, 0xff,
    0xf9, 0x00, 0x00, 0x00, 0x00, 0x00, 0x01, 0xff,
    0xff, 0x80, 0x0a, 0xff, 0xfe, 0x00, 0x00, 0x00,
    0x00, 0x00, 0x07, 0xff, 0xff, 0x30, 0x05, 0xff,
    0xff, 0x40, 0x00, 0x00, 0x00, 0x00, 0x0c, 0xff,
    0xfd, 0x00, 0x00, 0xff, 0xff, 0x90, 0x00, 0x00,
    0x00, 0x00, 0x2f, 0xff, 0xf8, 0x00, 0x00, 0xbf,
    0xff, 0xe0, 0x00, 0x00, 0x00, 0x00, 0x7f, 0xff,
    0xf3, 0x00, 0x00, 0x6f, 0xff, 0xf4, 0x00, 0x00,
    0x00, 0x00, 0xdf, 0xff, 0xd0, 0x00, 0x00, 0x1f,
    0xff, 0xf9, 0x00, 0x00, 0x00, 0x03, 0xff, 0xff,
    0xe6, 0x66, 0x66, 0x6f, 0xff, 0xfe, 0x00, 0x00,
    0x00, 0x08, 0xff, 0xff, 0xff, 0xff, 0xff, 0xff,
    0xff, 0xff, 0x40, 0x00, 0x00, 0x0e, 0xff, 0xff,
    0xff, 0xff, 0xff, 0xff, 0xff, 0xff, 0x90, 0x00,
    0x00, 0x3f, 0xff, 0xff, 0xff, 0xff, 0xff, 0xff,
    0xff, 0xff, 0xe0, 0x00, 0x00, 0x9f, 0xff, 0xff,
    0xff, 0xff, 0xff, 0xff, 0xff, 0xff, 0xf4, 0x00,
    0x00, 0xef, 0xff, 0xc0, 0x00, 0x00, 0x00, 0x00,
    0x1f, 0xff, 0xf9, 0x00, 0x04, 0xff, 0xff, 0x70,
    0x00, 0x00, 0x00, 0x00, 0x0c, 0xff, 0xfe, 0x00,
    0x0a, 0xff, 0xff, 0x10, 0x00, 0x00, 0x00, 0x00,
    0x06, 0xff, 0xff, 0x40, 0x0f, 0xff, 0xfc, 0x00,
    0x00, 0x00, 0x00, 0x00, 0x01, 0xff, 0xff, 0xa0,
    0x5f, 0xff, 0xf6, 0x00, 0x00, 0x00, 0x00, 0x00,
    0x00, 0xcf, 0xff, 0xf0,

    /* U+00C3 "Ã" */
    0x00, 0x00, 0x00, 0x00, 0x58, 0x61, 0x00, 0x03,
    0x30, 0x00, 0x00, 0x00, 0x00, 0x00, 0x00, 0x2d,
    0xff, 0xff, 0x92, 0x1d, 0xfb, 0x30, 0x00, 0x00,
    0x00, 0x00, 0x00, 0xdf, 0xff, 0xff, 0xff, 0xff,
    0xff, 0x60, 0x00, 0x00, 0x00, 0x00, 0x08, 0xff,
    0xff, 0xff, 0xff, 0xff, 0xfd, 0x00, 0x00, 0x00,
    0x00, 0x00, 0x02, 0xaf, 0xc1, 0x29, 0xff, 0xff,
    0xd2, 0x00, 0x00, 0x00, 0x00, 0x00, 0x00, 0x02,
    0x10, 0x00, 0x16, 0x75, 0x00, 0x00, 0x00, 0x00,
    0x00, 0x00, 0x00, 0x00, 0x00, 0x00, 0x00, 0x00,
    0x00, 0x00, 0x00, 0x00, 0x00, 0x00, 0x00, 0x00,
    0x00, 0x00, 0x00, 0x00, 0x00, 0x00, 0x00, 0x00,
    0x00, 0x00, 0x00, 0x00, 0x0e, 0xff, 0xff, 0xe0,
    0x00, 0x00, 0x00, 0x00, 0x00, 0x00, 0x00, 0x00,
    0x4f, 0xff, 0xff, 0xf3, 0x00, 0x00, 0x00, 0x00,
    0x00, 0x00, 0x00, 0x00, 0xaf, 0xff, 0xff, 0xf8,
    0x00, 0x00, 0x00, 0x00, 0x00, 0x00, 0x00, 0x00,
    0xff, 0xff, 0xff, 0xfe, 0x00, 0x00, 0x00, 0x00,
    0x00, 0x00, 0x00, 0x05, 0xff, 0xff, 0xff, 0xff,
    0x30, 0x00, 0x00, 0x00, 0x00, 0x00, 0x00, 0x0b,
    0xff, 0xff, 0xff, 0xff, 0x90, 0x00, 0x00, 0x00,
    0x00, 0x00, 0x00, 0x1f, 0xff, 0xf9, 0xaf, 0xff,
    0xe0, 0x00, 0x00, 0x00, 0x00, 0x00, 0x00, 0x6f,
    0xff, 0xf3, 0x5f, 0xff, 0xf3, 0x00, 0x00, 0x00,
    0x00, 0x00, 0x00, 0xbf, 0xff, 0xe0, 0x0f, 0xff,
    0xf9, 0x00, 0x00, 0x00, 0x00, 0x00, 0x01, 0xff,
    0xff, 0x80, 0x0a, 0xff, 0xfe, 0x00, 0x00, 0x00,
    0x00, 0x00, 0x07, 0xff, 0xff, 0x30, 0x05, 0xff,
    0xff, 0x40, 0x00, 0x00, 0x00, 0x00, 0x0c, 0xff,
    0xfd, 0x00, 0x00, 0xff, 0xff, 0x90, 0x00, 0x00,
    0x00, 0x00, 0x2f, 0xff, 0xf8, 0x00, 0x00, 0xbf,
    0xff, 0xe0, 0x00, 0x00, 0x00, 0x00, 0x7f, 0xff,
    0xf3, 0x00, 0x00, 0x6f, 0xff, 0xf4, 0x00, 0x00,
    0x00, 0x00, 0xdf, 0xff, 0xd0, 0x00, 0x00, 0x1f,
    0xff, 0xf9, 0x00, 0x00, 0x00, 0x03, 0xff, 0xff,
    0xe6, 0x66, 0x66, 0x6f, 0xff, 0xfe, 0x00, 0x00,
    0x00, 0x08, 0xff, 0xff, 0xff, 0xff, 0xff, 0xff,
    0xff, 0xff, 0x40, 0x00, 0x00, 0x0e, 0xff, 0xff,
    0xff, 0xff, 0xff, 0xff, 0xff, 0xff, 0x90, 0x00,
    0x00, 0x3f, 0xff, 0xff, 0xff, 0xff, 0xff, 0xff,
    0xff, 0xff, 0xe0, 0x00, 0x00, 0x9f, 0xff, 0xff,
    0xff, 0xff, 0xff, 0xff, 0xff, 0xff, 0xf4, 0x00,
    0x00, 0xef, 0xff, 0xc0, 0x00, 0x00, 0x00, 0x00,
    0x1f, 0xff, 0xf9, 0x00, 0x04, 0xff, 0xff, 0x70,
    0x00, 0x00, 0x00, 0x00, 0x0c, 0xff, 0xfe, 0x00,
    0x0a, 0xff, 0xff, 0x10, 0x00, 0x00, 0x00, 0x00,
    0x06, 0xff, 0xff, 0x40, 0x0f, 0xff, 0xfc, 0x00,
    0x00, 0x00, 0x00, 0x00, 0x01, 0xff, 0xff, 0xa0,
    0x5f, 0xff, 0xf6, 0x00, 0x00, 0x00, 0x00, 0x00,
    0x00, 0xcf, 0xff, 0xf0,

    /* U+00C4 "Ä" */
    0x00, 0x00, 0x00, 0x03, 0x62, 0x00, 0x00, 0x36,
    0x30, 0x00, 0x00, 0x00, 0x00, 0x00, 0x00, 0x9f,
    0xff, 0x60, 0x07, 0xff, 0xf7, 0x00, 0x00, 0x00,
    0x00, 0x00, 0x02, 0xff, 0xff, 0xf0, 0x0f, 0xff,
    0xff, 0x10, 0x00, 0x00, 0x00, 0x00, 0x03, 0xff,
    0xff, 0xf1, 0x2f, 0xff, 0xff, 0x20, 0x00, 0x00,
    0x00, 0x00, 0x00, 0xef, 0xff, 0xc0, 0x0d, 0xff,
    0xfe, 0x00, 0x00, 0x00, 0x00, 0x00, 0x00, 0x3c,
    0xfb, 0x20, 0x02, 0xcf, 0xc2, 0x00, 0x00, 0x00,
    0x00, 0x00, 0x00, 0x00, 0x00, 0x00, 0x00, 0x00,
    0x00, 0x00, 0x00, 0x00, 0x00, 0x00, 0x00, 0x00,
    0x00, 0x00, 0x00, 0x00, 0x00, 0x00, 0x00, 0x00,
    0x00, 0x00, 0x00, 0x00, 0x0e, 0xff, 0xff, 0xe0,
    0x00, 0x00, 0x00, 0x00, 0x00, 0x00, 0x00, 0x00,
    0x4f, 0xff, 0xff, 0xf3, 0x00, 0x00, 0x00, 0x00,
    0x00, 0x00, 0x00, 0x00, 0xaf, 0xff, 0xff, 0xf8,
    0x00, 0x00, 0x00, 0x00, 0x00, 0x00, 0x00, 0x00,
    0xff, 0xff, 0xff, 0xfe, 0x00, 0x00, 0x00, 0x00,
    0x00, 0x00, 0x00, 0x05, 0xff, 0xff, 0xff, 0xff,
    0x30, 0x00, 0x00, 0x00, 0x00, 0x00, 0x00, 0x0b,
    0xff, 0xff, 0xff, 0xff, 0x90, 0x00, 0x00, 0x00,
    0x00, 0x00, 0x00, 0x1f, 0xff, 0xf9, 0xaf, 0xff,
    0xe0, 0x00, 0x00, 0x00, 0x00, 0x00, 0x00, 0x6f,
    0xff, 0xf3, 0x5f, 0xff, 0xf3, 0x00, 0x00, 0x00,
    0x00, 0x00, 0x00, 0xbf, 0xff, 0xe0, 0x0f, 0xff,
    0xf9, 0x00, 0x00, 0x00, 0x00, 0x00, 0x01, 0xff,
    0xff, 0x80, 0x0a, 0xff, 0xfe, 0x00, 0x00, 0x00,
    0x00, 0x00, 0x07, 0xff, 0xff, 0x30, 0x05, 0xff,
    0xff, 0x40, 0x00, 0x00, 0x00, 0x00, 0x0c, 0xff,
    0xfd, 0x00, 0x00, 0xff, 0xff, 0x90, 0x00, 0x00,
    0x00, 0x00, 0x2f, 0xff, 0xf8, 0x00, 0x00, 0xbf,
    0xff, 0xe0, 0x00, 0x00, 0x00, 0x00, 0x7f, 0xff,
    0xf3, 0x00, 0x00, 0x6f, 0xff, 0xf4, 0x00, 0x00,
    0x00, 0x00, 0xdf, 0xff, 0xd0, 0x00, 0x00, 0x1f,
    0xff, 0xf9, 0x00, 0x00, 0x00, 0x03, 0xff, 0xff,
    0xe6, 0x66, 0x66, 0x6f, 0xff, 0xfe, 0x00, 0x00,
    0x00, 0x08, 0xff, 0xff, 0xff, 0xff, 0xff, 0xff,
    0xff, 0xff, 0x40, 0x00, 0x00, 0x0e, 0xff, 0xff,
    0xff, 0xff, 0xff, 0xff, 0xff, 0xff, 0x90, 0x00,
    0x00, 0x3f, 0xff, 0xff, 0xff, 0xff, 0xff, 0xff,
    0xff, 0xff, 0xe0, 0x00, 0x00, 0x9f, 0xff, 0xff,
    0xff, 0xff, 0xff, 0xff, 0xff, 0xff, 0xf4, 0x00,
    0x00, 0xef, 0xff, 0xc0, 0x00, 0x00, 0x00, 0x00,
    0x1f, 0xff, 0xf9, 0x00, 0x04, 0xff, 0xff, 0x70,
    0x00, 0x00, 0x00, 0x00, 0x0c, 0xff, 0xfe, 0x00,
    0x0a, 0xff, 0xff, 0x10, 0x00, 0x00, 0x00, 0x00,
    0x06, 0xff, 0xff, 0x40, 0x0f, 0xff, 0xfc, 0x00,
    0x00, 0x00, 0x00, 0x00, 0x01, 0xff, 0xff, 0xa0,
    0x5f, 0xff, 0xf6, 0x00, 0x00, 0x00, 0x00, 0x00,
    0x00, 0xcf, 0xff, 0xf0,

    /* U+00C5 "Å" */
    0x00, 0x00, 0x00, 0x00, 0x03, 0xbf, 0xfb, 0x30,
    0x00, 0x00, 0x00, 0x00, 0x00, 0x00, 0x00, 0x00,
    0x4f, 0xff, 0xff, 0xf3, 0x00, 0x00, 0x00, 0x00,
    0x00, 0x00, 0x00, 0x00, 0xcf, 0xfd, 0xdf, 0xfc,
    0x00, 0x00, 0x00, 0x00, 0x00, 0x00, 0x00, 0x00,
    0xff, 0xd0, 0x0e, 0xff, 0x00, 0x00, 0x00, 0x00,
    0x00, 0x00, 0x00, 0x00, 0xff, 0xd0, 0x0e, 0xff,
    0x00, 0x00, 0x00, 0x00, 0x00, 0x00, 0x00, 0x00,
    0xcf, 0xfd, 0xef, 0xfc, 0x00, 0x00, 0x00, 0x00,
    0x00, 0x00, 0x00, 0x00, 0x3f, 0xff, 0xff, 0xf3,
    0x00, 0x00, 0x00, 0x00, 0x00, 0x00, 0x00, 0x00,
    0x03, 0xbf, 0xfb, 0x20, 0x00, 0x00, 0x00, 0x00,
    0x00, 0x00, 0x00, 0x00, 0x00, 0x00, 0x00, 0x00,
    0x00, 0x00, 0x00, 0x00, 0x00, 0x00, 0x00, 0x00,
    0x00, 0x00, 0x00, 0x00, 0x00, 0x00, 0x00, 0x00,
    0x00, 0x00, 0x00, 0x00, 0x0e, 0xff, 0xff, 0xe0,
    0x00, 0x00, 0x00, 0x00, 0x00, 0x00, 0x00, 0x00,
    0x4f, 0xff, 0xff, 0xf3, 0x00, 0x00, 0x00, 0x00,
    0x00, 0x00, 0x00, 0x00, 0xaf, 0xff, 0xff, 0xf8,
    0x00, 0x00, 0x00, 0x00, 0x00, 0x00, 0x00, 0x00,
    0xff, 0xff, 0xff, 0xfe, 0x00, 0x00, 0x00, 0x00,
    0x00, 0x00, 0x00, 0x05, 0xff, 0xff, 0xff, 0xff,
    0x30, 0x00, 0x00, 0x00, 0x00, 0x00, 0x00, 0x0b,
    0xff, 0xff, 0xff, 0xff, 0x90, 0x00, 0x00, 0x00,
    0x00, 0x00, 0x00, 0x1f, 0xff, 0xf9, 0xaf, 0xff,
    0xe0, 0x00, 0x00, 0x00, 0x00, 0x00, 0x00, 0x6f,
    0xff, 0xf3, 0x5f, 0xff, 0xf3, 0x00, 0x00, 0x00,
    0x00, 0x00, 0x00, 0xbf, 0xff, 0xe0, 0x0f, 0xff,
    0xf9, 0x00, 0x00, 0x00, 0x00, 0x00, 0x01, 0xff,
    0xff, 0x80, 0x0a, 0xff, 0xfe, 0x00, 0x00, 0x00,
    0x00, 0x00, 0x07, 0xff, 0xff, 0x30, 0x05, 0xff,
    0xff, 0x40, 0x00, 0x00, 0x00, 0x00, 0x0c, 0xff,
    0xfd, 0x00, 0x00, 0xff, 0xff, 0x90, 0x00, 0x00,
    0x00, 0x00, 0x2f, 0xff, 0xf8, 0x00, 0x00, 0xbf,
    0xff, 0xe0, 0x00, 0x00, 0x00, 0x00, 0x7f, 0xff,
    0xf3, 0x00, 0x00, 0x6f, 0xff, 0xf4, 0x00, 0x00,
    0x00, 0x00, 0xdf, 0xff, 0xd0, 0x00, 0x00, 0x1f,
    0xff, 0xf9, 0x00, 0x00, 0x00, 0x03, 0xff, 0xff,
    0xe6, 0x66, 0x66, 0x6f, 0xff, 0xfe, 0x00, 0x00,
    0x00, 0x08, 0xff, 0xff, 0xff, 0xff, 0xff, 0xff,
    0xff, 0xff, 0x40, 0x00, 0x00, 0x0e, 0xff, 0xff,
    0xff, 0xff, 0xff, 0xff, 0xff, 0xff, 0x90, 0x00,
    0x00, 0x3f, 0xff, 0xff, 0xff, 0xff, 0xff, 0xff,
    0xff, 0xff, 0xe0, 0x00, 0x00, 0x9f, 0xff, 0xff,
    0xff, 0xff, 0xff, 0xff, 0xff, 0xff, 0xf4, 0x00,
    0x00, 0xef, 0xff, 0xc0, 0x00, 0x00, 0x00, 0x00,
    0x1f, 0xff, 0xf9, 0x00, 0x04, 0xff, 0xff, 0x70,
    0x00, 0x00, 0x00, 0x00, 0x0c, 0xff, 0xfe, 0x00,
    0x0a, 0xff, 0xff, 0x10, 0x00, 0x00, 0x00, 0x00,
    0x06, 0xff, 0xff, 0x40, 0x0f, 0xff, 0xfc, 0x00,
    0x00, 0x00, 0x00, 0x00, 0x01, 0xff, 0xff, 0xa0,
    0x5f, 0xff, 0xf6, 0x00, 0x00, 0x00, 0x00, 0x00,
    0x00, 0xcf, 0xff, 0xf0,

    /* U+00C6 "Æ" */
    0x00, 0x00, 0x00, 0x00, 0x01, 0xff, 0xff, 0xff,
    0xff, 0xff, 0xff, 0xff, 0xff, 0xff, 0x10, 0x00,
    0x00, 0x00, 0x00, 0x8f, 0xff, 0xff, 0xff, 0xff,
    0xff, 0xff, 0xff, 0xff, 0xf1, 0x00, 0x00, 0x00,
    0x00, 0x0d, 0xff, 0xff, 0xff, 0xff, 0xff, 0xff,
    0xff, 0xff, 0xff, 0x10, 0x00, 0x00, 0x00, 0x04,
    0xff, 0xff, 0xff, 0xff, 0xff, 0xff, 0xff, 0xff,
    0xff, 0xf1, 0x00, 0x00, 0x00, 0x00, 0xaf, 0xff,
    0xfe, 0xff, 0xff, 0x98, 0x88, 0x88, 0x88, 0x88,
    0x00, 0x00, 0x00, 0x00, 0x1f, 0xff, 0xfd, 0x8f,
    0xff, 0xf2, 0x00, 0x00, 0x00, 0x00, 0x00, 0x00,
    0x00, 0x00, 0x06, 0xff, 0xff, 0x77, 0xff, 0xff,
    0x40, 0x00, 0x00, 0x00, 0x00, 0x00, 0x00, 0x00,
    0x00, 0xcf, 0xff, 0xf1, 0x5f, 0xff, 0xf5, 0x00,
    0x00, 0x00, 0x00, 0x00, 0x00, 0x00, 0x00, 0x2f,
    0xff, 0xfa, 0x04, 0xff, 0xff, 0x60, 0x00, 0x00,
    0x00, 0x00, 0x00, 0x00, 0x00, 0x09, 0xff, 0xff,
    0x40, 0x2f, 0xff, 0xf8, 0x00, 0x00, 0x00, 0x00,
    0x00, 0x00, 0x00, 0x00, 0xef, 0xff, 0xe0, 0x01,
    0xff, 0xff, 0xf8, 0x88, 0x88, 0x88, 0x70, 0x00,
    0x00, 0x00, 0x5f, 0xff, 0xf8, 0x00, 0x0f, 0xff,
    0xff, 0xff, 0xff, 0xff, 0xfe, 0x00, 0x00, 0x00,
    0x0b, 0xff, 0xff, 0x20, 0x00, 0xef, 0xff, 0xff,
    0xff, 0xff, 0xff, 0xe0, 0x00, 0x00, 0x01, 0xff,
    0xff, 0xb0, 0x00, 0x0c, 0xff, 0xff, 0xff, 0xff,
    0xff, 0xfe, 0x00, 0x00, 0x00, 0x7f, 0xff, 0xf5,
    0x00, 0x00, 0xbf, 0xff, 0xff, 0xff, 0xff, 0xff,
    0xe0, 0x00, 0x00, 0x0f, 0xff, 0xff, 0xff, 0xff,
    0xff, 0xff, 0xff, 0x00, 0x00, 0x00, 0x00, 0x00,
    0x00, 0x03, 0xff, 0xff, 0xff, 0xff, 0xff, 0xff,
    0xff, 0xf1, 0x00, 0x00, 0x00, 0x00, 0x00, 0x00,
    0xaf, 0xff, 0xff, 0xff, 0xff, 0xff, 0xff, 0xff,
    0x30, 0x00, 0x00, 0x00, 0x00, 0x00, 0x0f, 0xff,
    0xff, 0xff, 0xff, 0xff, 0xff, 0xff, 0xf4, 0x00,
    0x00, 0x00, 0x00, 0x00, 0x06, 0xff, 0xff, 0xc6,
    0x66, 0x66, 0x69, 0xff, 0xff, 0x50, 0x00, 0x00,
    0x00, 0x00, 0x00, 0xcf, 0xff, 0xf0, 0x00, 0x00,
    0x00, 0x2f, 0xff, 0xff, 0x88, 0x88, 0x88, 0x88,
    0x70, 0x2f, 0xff, 0xf9, 0x00, 0x00, 0x00, 0x00,
    0xff, 0xff, 0xff, 0xff, 0xff, 0xff, 0xfe, 0x08,
    0xff, 0xff, 0x30, 0x00, 0x00, 0x00, 0x0f, 0xff,
    0xff, 0xff, 0xff, 0xff, 0xff, 0xe0, 0xef, 0xff,
    0xc0, 0x00, 0x00, 0x00, 0x00, 0xdf, 0xff, 0xff,
    0xff, 0xff, 0xff, 0xfe, 0x4f, 0xff, 0xf6, 0x00,
    0x00, 0x00, 0x00, 0x0c, 0xff, 0xff, 0xff, 0xff,
    0xff, 0xff, 0xe0,

    /* U+00C7 "Ç" */
    0x00, 0x00, 0x00, 0x00, 0x26, 0xbd, 0xef, 0xed,
    0xa6, 0x10, 0x00, 0x00, 0x00, 0x00, 0x00, 0x02,
    0xaf, 0xff, 0xff, 0xff, 0xff, 0xff, 0x91, 0x00,
    0x00, 0x00, 0x00, 0x06, 0xff, 0xff, 0xff, 0xff,
    0xff, 0xff, 0xff, 0xe4, 0x00, 0x00, 0x00, 0x09,
    0xff, 0xff, 0xff, 0xff, 0xff, 0xff, 0xff, 0xff,
    0xf4, 0x00, 0x00, 0x07, 0xff, 0xff, 0xff, 0xfc,
    0x99, 0xbd, 0xff, 0xff, 0xff, 0xf2, 0x00, 0x03,
    0xff, 0xff, 0xff, 0x81, 0x00, 0x00, 0x03, 0xaf,
    0xff, 0xff, 0xc0, 0x00, 0xbf, 0xff, 0xfe, 0x40,
    0x00, 0x00, 0x00, 0x00, 0x6f, 0xff, 0xff, 0x50,
    0x3f, 0xff, 0xff, 0x40, 0x00, 0x00, 0x00, 0x00,
    0x00, 0x7f, 0xfa, 0x40, 0x08, 0xff, 0xff, 0xa0,
    0x00, 0x00, 0x00, 0x00, 0x00, 0x00, 0x40, 0x00,
    0x00, 0xcf, 0xff, 0xf3, 0x00, 0x00, 0x00, 0x00,
    0x00, 0x00, 0x00, 0x00, 0x00, 0x0f, 0xff, 0xfe,
    0x00, 0x00, 0x00, 0x00, 0x00, 0x00, 0x00, 0x00,
    0x00, 0x00, 0xff, 0xff, 0xc0, 0x00, 0x00, 0x00,
    0x00, 0x00, 0x00, 0x00, 0x00, 0x00, 0x1f, 0xff,
    0xfb, 0x00, 0x00, 0x00, 0x00, 0x00, 0x00, 0x00,
    0x00, 0x00, 0x01, 0xff, 0xff, 0xc0, 0x00, 0x00,
    0x00, 0x00, 0x00, 0x00, 0x00, 0x00, 0x00, 0x0f,
    0xff, 0xfe, 0x00, 0x00, 0x00, 0x00, 0x00, 0x00,
    0x00, 0x00, 0x00, 0x00, 0xdf, 0xff, 0xf3, 0x00,
    0x00, 0x00, 0x00, 0x00, 0x00, 0x00, 0x00, 0x00,
    0x09, 0xff, 0xff, 0xa0, 0x00, 0x00, 0x00, 0x00,
    0x00, 0x00, 0x40, 0x00, 0x00, 0x4f, 0xff, 0xff,
    0x50, 0x00, 0x00, 0x00, 0x00, 0x00, 0x7f, 0xfa,
    0x40, 0x00, 0xdf, 0xff, 0xff, 0x40, 0x00, 0x00,
    0x00, 0x00, 0x6f, 0xff, 0xff, 0x50, 0x04, 0xff,
    0xff, 0xff, 0x82, 0x00, 0x00, 0x03, 0xaf, 0xff,
    0xff, 0xc0, 0x00, 0x09, 0xff, 0xff, 0xff, 0xfc,
    0xa9, 0xbd, 0xff, 0xff, 0xff, 0xf2, 0x00, 0x00,
    0x0a, 0xff, 0xff, 0xff, 0xff, 0xff, 0xff, 0xff,
    0xff, 0xf4, 0x00, 0x00, 0x00, 0x08, 0xff, 0xff,
    0xff, 0xff, 0xff, 0xff, 0xff, 0xe4, 0x00, 0x00,
    0x00, 0x00, 0x04, 0xcf, 0xff, 0xff, 0xff, 0xff,
    0xff, 0x91, 0x00, 0x00, 0x00, 0x00, 0x00, 0x00,
    0x38, 0xbf, 0xff, 0xfd, 0xa6, 0x10, 0x00, 0x00,
    0x00, 0x00, 0x00, 0x00, 0x00, 0x00, 0xef, 0xf2,
    0x00, 0x00, 0x00, 0x00, 0x00, 0x00, 0x00, 0x00,
    0x00, 0x00, 0x1f, 0xff, 0xfc, 0x10, 0x00, 0x00,
    0x00, 0x00, 0x00, 0x00, 0x00, 0x00, 0x04, 0xdd,
    0xef, 0xfb, 0x00, 0x00, 0x00, 0x00, 0x00, 0x00,
    0x00, 0x00, 0x00, 0x00, 0x00, 0xdf, 0xe0, 0x00,
    0x00, 0x00, 0x00, 0x00, 0x00, 0x00, 0x00, 0x3f,
    0xa8, 0x9f, 0xfd, 0x00, 0x00, 0x00, 0x00, 0x00,
    0x00, 0x00, 0x00, 0x0b, 0xff, 0xff, 0xff, 0x60,
    0x00, 0x00, 0x00, 0x00, 0x00, 0x00, 0x00, 0x00,
    0x29, 0xdf, 0xec, 0x40, 0x00, 0x00, 0x00, 0x00,

    /* U+00C8 "È" */
    0x00, 0x00, 0x64, 0x00, 0x00, 0x00, 0x00, 0x00,
    0x00, 0x06, 0xff, 0x40, 0x00, 0x00, 0x00, 0x00,
    0x00, 0x2f, 0xff, 0xf6, 0x00, 0x00, 0x00, 0x00,
    0x00, 0x05, 0xff, 0xff, 0x70, 0x00, 0x00, 0x00,
    0x00, 0x00, 0x4f, 0xff, 0xf8, 0x00, 0x00, 0x00,
    0x00, 0x00, 0x03, 0xff, 0xff, 0x40, 0x00, 0x00,
    0x00, 0x00, 0x00, 0x3e, 0xf7, 0x00, 0x00, 0x00,
    0x00, 0x00, 0x00, 0x02, 0x70, 0x00, 0x00, 0x00,
    0x00, 0x00, 0x00, 0x00, 0x00, 0x00, 0x00, 0x00,
    0x00, 0x00, 0x00, 0x00, 0x00, 0x00, 0x00, 0x00,
    0x8f, 0xff, 0xff, 0xff, 0xff, 0xff, 0xff, 0xfd,
    0x8f, 0xff, 0xff, 0xff, 0xff, 0xff, 0xff, 0xfd,
    0x8f, 0xff, 0xff, 0xff, 0xff, 0xff, 0xff, 0xfd,
    0x8f, 0xff, 0xff, 0xff, 0xff, 0xff, 0xff, 0xfd,
    0x8f, 0xff, 0xfa, 0x77, 0x77, 0x77, 0x77, 0x76,
    0x8f, 0xff, 0xf2, 0x00, 0x00, 0x00, 0x00, 0x00,
    0x8f, 0xff, 0xf2, 0x00, 0x00, 0x00, 0x00, 0x00,
    0x8f, 0xff, 0xf2, 0x00, 0x00, 0x00, 0x00, 0x00,
    0x8f, 0xff, 0xf2, 0x00, 0x00, 0x00, 0x00, 0x00,
    0x8f, 0xff, 0xf2, 0x00, 0x00, 0x00, 0x00, 0x00,
    0x8f, 0xff, 0xfa, 0x88, 0x88, 0x88, 0x86, 0x00,
    0x8f, 0xff, 0xff, 0xff, 0xff, 0xff, 0xfc, 0x00,
    0x8f, 0xff, 0xff, 0xff, 0xff, 0xff, 0xfc, 0x00,
    0x8f, 0xff, 0xff, 0xff, 0xff, 0xff, 0xfc, 0x00,
    0x8f, 0xff, 0xff, 0xff, 0xff, 0xff, 0xfc, 0x00,
    0x8f, 0xff, 0xf2, 0x00, 0x00, 0x00, 0x00, 0x00,
    0x8f, 0xff, 0xf2, 0x00, 0x00, 0x00, 0x00, 0x00,
    0x8f, 0xff, 0xf2, 0x00, 0x00, 0x00, 0x00, 0x00,
    0x8f, 0xff, 0xf2, 0x00, 0x00, 0x00, 0x00, 0x00,
    0x8f, 0xff, 0xf2, 0x00, 0x00, 0x00, 0x00, 0x00,
    0x8f, 0xff, 0xfa, 0x88, 0x88, 0x88, 0x88, 0x86,
    0x8f, 0xff, 0xff, 0xff, 0xff, 0xff, 0xff, 0xfd,
    0x8f, 0xff, 0xff, 0xff, 0xff, 0xff, 0xff, 0xfd,
    0x8f, 0xff, 0xff, 0xff, 0xff, 0xff, 0xff, 0xfd,
    0x8f, 0xff, 0xff, 0xff, 0xff, 0xff, 0xff, 0xfd,

    /* U+00C9 "É" */
    0x00, 0x00, 0x00, 0x00, 0x00, 0x28, 0x00, 0x00,
    0x00, 0x00, 0x00, 0x00, 0x03, 0xef, 0x90, 0x00,
    0x00, 0x00, 0x00, 0x00, 0x4f, 0xff, 0xf5, 0x00,
    0x00, 0x00, 0x00, 0x05, 0xff, 0xff, 0x80, 0x00,
    0x00, 0x00, 0x00, 0x6f, 0xff, 0xf7, 0x00, 0x00,
    0x00, 0x00, 0x02, 0xff, 0xff, 0x60, 0x00, 0x00,
    0x00, 0x00, 0x00, 0x5f, 0xf4, 0x00, 0x00, 0x00,
    0x00, 0x00, 0x00, 0x05, 0x30, 0x00, 0x00, 0x00,
    0x00, 0x00, 0x00, 0x00, 0x00, 0x00, 0x00, 0x00,
    0x00, 0x00, 0x00, 0x00, 0x00, 0x00, 0x00, 0x00,
    0x8f, 0xff, 0xff, 0xff, 0xff, 0xff, 0xff, 0xfd,
    0x8f, 0xff, 0xff, 0xff, 0xff, 0xff, 0xff, 0xfd,
    0x8f, 0xff, 0xff, 0xff, 0xff, 0xff, 0xff, 0xfd,
    0x8f, 0xff, 0xff, 0xff, 0xff, 0xff, 0xff, 0xfd,
    0x8f, 0xff, 0xfa, 0x77, 0x77, 0x77, 0x77, 0x76,
    0x8f, 0xff, 0xf2, 0x00, 0x00, 0x00, 0x00, 0x00,
    0x8f, 0xff, 0xf2, 0x00, 0x00, 0x00, 0x00, 0x00,
    0x8f, 0xff, 0xf2, 0x00, 0x00, 0x00, 0x00, 0x00,
    0x8f, 0xff, 0xf2, 0x00, 0x00, 0x00, 0x00, 0x00,
    0x8f, 0xff, 0xf2, 0x00, 0x00, 0x00, 0x00, 0x00,
    0x8f, 0xff, 0xfa, 0x88, 0x88, 0x88, 0x86, 0x00,
    0x8f, 0xff, 0xff, 0xff, 0xff, 0xff, 0xfc, 0x00,
    0x8f, 0xff, 0xff, 0xff, 0xff, 0xff, 0xfc, 0x00,
    0x8f, 0xff, 0xff, 0xff, 0xff, 0xff, 0xfc, 0x00,
    0x8f, 0xff, 0xff, 0xff, 0xff, 0xff, 0xfc, 0x00,
    0x8f, 0xff, 0xf2, 0x00, 0x00, 0x00, 0x00, 0x00,
    0x8f, 0xff, 0xf2, 0x00, 0x00, 0x00, 0x00, 0x00,
    0x8f, 0xff, 0xf2, 0x00, 0x00, 0x00, 0x00, 0x00,
    0x8f, 0xff, 0xf2, 0x00, 0x00, 0x00, 0x00, 0x00,
    0x8f, 0xff, 0xf2, 0x00, 0x00, 0x00, 0x00, 0x00,
    0x8f, 0xff, 0xfa, 0x88, 0x88, 0x88, 0x88, 0x86,
    0x8f, 0xff, 0xff, 0xff, 0xff, 0xff, 0xff, 0xfd,
    0x8f, 0xff, 0xff, 0xff, 0xff, 0xff, 0xff, 0xfd,
    0x8f, 0xff, 0xff, 0xff, 0xff, 0xff, 0xff, 0xfd,
    0x8f, 0xff, 0xff, 0xff, 0xff, 0xff, 0xff, 0xfd,

    /* U+00CA "Ê" */
    0x00, 0x00, 0x00, 0x00, 0x00, 0x00, 0x00, 0x00,
    0x00, 0x00, 0x00, 0x0a, 0xc1, 0x00, 0x00, 0x00,
    0x00, 0x00, 0x00, 0xbf, 0xfd, 0x20, 0x00, 0x00,
    0x00, 0x00, 0x1c, 0xff, 0xff, 0xe3, 0x00, 0x00,
    0x00, 0x01, 0xdf, 0xff, 0xff, 0xff, 0x40, 0x00,
    0x00, 0x1e, 0xff, 0xfa, 0x5f, 0xff, 0xf3, 0x00,
    0x00, 0x08, 0xff, 0x90, 0x04, 0xff, 0xa0, 0x00,
    0x00, 0x00, 0x77, 0x00, 0x00, 0x38, 0x00, 0x00,
    0x00, 0x00, 0x00, 0x00, 0x00, 0x00, 0x00, 0x00,
    0x00, 0x00, 0x00, 0x00, 0x00, 0x00, 0x00, 0x00,
    0x8f, 0xff, 0xff, 0xff, 0xff, 0xff, 0xff, 0xfd,
    0x8f, 0xff, 0xff, 0xff, 0xff, 0xff, 0xff, 0xfd,
    0x8f, 0xff, 0xff, 0xff, 0xff, 0xff, 0xff, 0xfd,
    0x8f, 0xff, 0xff, 0xff, 0xff, 0xff, 0xff, 0xfd,
    0x8f, 0xff, 0xfa, 0x77, 0x77, 0x77, 0x77, 0x76,
    0x8f, 0xff, 0xf2, 0x00, 0x00, 0x00, 0x00, 0x00,
    0x8f, 0xff, 0xf2, 0x00, 0x00, 0x00, 0x00, 0x00,
    0x8f, 0xff, 0xf2, 0x00, 0x00, 0x00, 0x00, 0x00,
    0x8f, 0xff, 0xf2, 0x00, 0x00, 0x00, 0x00, 0x00,
    0x8f, 0xff, 0xf2, 0x00, 0x00, 0x00, 0x00, 0x00,
    0x8f, 0xff, 0xfa, 0x88, 0x88, 0x88, 0x86, 0x00,
    0x8f, 0xff, 0xff, 0xff, 0xff, 0xff, 0xfc, 0x00,
    0x8f, 0xff, 0xff, 0xff, 0xff, 0xff, 0xfc, 0x00,
    0x8f, 0xff, 0xff, 0xff, 0xff, 0xff, 0xfc, 0x00,
    0x8f, 0xff, 0xff, 0xff, 0xff, 0xff, 0xfc, 0x00,
    0x8f, 0xff, 0xf2, 0x00, 0x00, 0x00, 0x00, 0x00,
    0x8f, 0xff, 0xf2, 0x00, 0x00, 0x00, 0x00, 0x00,
    0x8f, 0xff, 0xf2, 0x00, 0x00, 0x00, 0x00, 0x00,
    0x8f, 0xff, 0xf2, 0x00, 0x00, 0x00, 0x00, 0x00,
    0x8f, 0xff, 0xf2, 0x00, 0x00, 0x00, 0x00, 0x00,
    0x8f, 0xff, 0xfa, 0x88, 0x88, 0x88, 0x88, 0x86,
    0x8f, 0xff, 0xff, 0xff, 0xff, 0xff, 0xff, 0xfd,
    0x8f, 0xff, 0xff, 0xff, 0xff, 0xff, 0xff, 0xfd,
    0x8f, 0xff, 0xff, 0xff, 0xff, 0xff, 0xff, 0xfd,
    0x8f, 0xff, 0xff, 0xff, 0xff, 0xff, 0xff, 0xfd,

    /* U+00CB "Ë" */
    0x00, 0x02, 0x63, 0x00, 0x00, 0x26, 0x40, 0x00,
    0x00, 0x6f, 0xff, 0x80, 0x05, 0xff, 0xfa, 0x00,
    0x00, 0xff, 0xff, 0xf1, 0x0d, 0xff, 0xff, 0x30,
    0x00, 0xff, 0xff, 0xf3, 0x0f, 0xff, 0xff, 0x50,
    0x00, 0xcf, 0xff, 0xe0, 0x0b, 0xff, 0xff, 0x10,
    0x00, 0x2b, 0xfd, 0x30, 0x01, 0xbf, 0xd4, 0x00,
    0x00, 0x00, 0x00, 0x00, 0x00, 0x00, 0x00, 0x00,
    0x00, 0x00, 0x00, 0x00, 0x00, 0x00, 0x00, 0x00,
    0x8f, 0xff, 0xff, 0xff, 0xff, 0xff, 0xff, 0xfd,
    0x8f, 0xff, 0xff, 0xff, 0xff, 0xff, 0xff, 0xfd,
    0x8f, 0xff, 0xff, 0xff, 0xff, 0xff, 0xff, 0xfd,
    0x8f, 0xff, 0xff, 0xff, 0xff, 0xff, 0xff, 0xfd,
    0x8f, 0xff, 0xfa, 0x77, 0x77, 0x77, 0x77, 0x76,
    0x8f, 0xff, 0xf2, 0x00, 0x00, 0x00, 0x00, 0x00,
    0x8f, 0xff, 0xf2, 0x00, 0x00, 0x00, 0x00, 0x00,
    0x8f, 0xff, 0xf2, 0x00, 0x00, 0x00, 0x00, 0x00,
    0x8f, 0xff, 0xf2, 0x00, 0x00, 0x00, 0x00, 0x00,
    0x8f, 0xff, 0xf2, 0x00, 0x00, 0x00, 0x00, 0x00,
    0x8f, 0xff, 0xfa, 0x88, 0x88, 0x88, 0x86, 0x00,
    0x8f, 0xff, 0xff, 0xff, 0xff, 0xff, 0xfc, 0x00,
    0x8f, 0xff, 0xff, 0xff, 0xff, 0xff, 0xfc, 0x00,
    0x8f, 0xff, 0xff, 0xff, 0xff, 0xff, 0xfc, 0x00,
    0x8f, 0xff, 0xff, 0xff, 0xff, 0xff, 0xfc, 0x00,
    0x8f, 0xff, 0xf2, 0x00, 0x00, 0x00, 0x00, 0x00,
    0x8f, 0xff, 0xf2, 0x00, 0x00, 0x00, 0x00, 0x00,
    0x8f, 0xff, 0xf2, 0x00, 0x00, 0x00, 0x00, 0x00,
    0x8f, 0xff, 0xf2, 0x00, 0x00, 0x00, 0x00, 0x00,
    0x8f, 0xff, 0xf2, 0x00, 0x00, 0x00, 0x00, 0x00,
    0x8f, 0xff, 0xfa, 0x88, 0x88, 0x88, 0x88, 0x86,
    0x8f, 0xff, 0xff, 0xff, 0xff, 0xff, 0xff, 0xfd,
    0x8f, 0xff, 0xff, 0xff, 0xff, 0xff, 0xff, 0xfd,
    0x8f, 0xff, 0xff, 0xff, 0xff, 0xff, 0xff, 0xfd,
    0x8f, 0xff, 0xff, 0xff, 0xff, 0xff, 0xff, 0xfd,

    /* U+00CC "Ì" */
    0x00, 0x81, 0x00, 0x00, 0x00, 0xbf, 0xd1, 0x00,
    0x00, 0x7f, 0xff, 0xe2, 0x00, 0x00, 0xaf, 0xff,
    0xe3, 0x00, 0x00, 0x9f, 0xff, 0xf4, 0x00, 0x00,
    0x8f, 0xff, 0xe0, 0x00, 0x00, 0x7f, 0xf3, 0x00,
    0x00, 0x00, 0x53, 0x00, 0x00, 0x00, 0x00, 0x00,
    0x00, 0x00, 0x00, 0x00, 0x00, 0x00, 0x08, 0xff,
    0xff, 0x20, 0x00, 0x8f, 0xff, 0xf2, 0x00, 0x08,
    0xff, 0xff, 0x20, 0x00, 0x8f, 0xff, 0xf2, 0x00,
    0x08, 0xff, 0xff, 0x20, 0x00, 0x8f, 0xff, 0xf2,
    0x00, 0x08, 0xff, 0xff, 0x20, 0x00, 0x8f, 0xff,
    0xf2, 0x00, 0x08, 0xff, 0xff, 0x20, 0x00, 0x8f,
    0xff, 0xf2, 0x00, 0x08, 0xff, 0xff, 0x20, 0x00,
    0x8f, 0xff, 0xf2, 0x00, 0x08, 0xff, 0xff, 0x20,
    0x00, 0x8f, 0xff, 0xf2, 0x00, 0x08, 0xff, 0xff,
    0x20, 0x00, 0x8f, 0xff, 0xf2, 0x00, 0x08, 0xff,
    0xff, 0x20, 0x00, 0x8f, 0xff, 0xf2, 0x00, 0x08,
    0xff, 0xff, 0x20, 0x00, 0x8f, 0xff, 0xf2, 0x00,
    0x08, 0xff, 0xff, 0x20, 0x00, 0x8f, 0xff, 0xf2,
    0x00, 0x08, 0xff, 0xff, 0x20, 0x00, 0x8f, 0xff,
    0xf2, 0x00, 0x08, 0xff, 0xff, 0x20,

    /* U+00CD "Í" */
    0x00, 0x00, 0x06, 0x40, 0x00, 0x00, 0x07, 0xff,
    0x40, 0x00, 0x08, 0xff, 0xfe, 0x10, 0x09, 0xff,
    0xff, 0x40, 0x0a, 0xff, 0xfe, 0x30, 0x07, 0xff,
    0xfe, 0x20, 0x00, 0x0a, 0xfd, 0x10, 0x00, 0x00,
    0x08, 0x10, 0x00, 0x00, 0x00, 0x00, 0x00, 0x00,
    0x00, 0x00, 0x00, 0x00, 0x00, 0x8f, 0xff, 0xf2,
    0x00, 0x08, 0xff, 0xff, 0x20, 0x00, 0x8f, 0xff,
    0xf2, 0x00, 0x08, 0xff, 0xff, 0x20, 0x00, 0x8f,
    0xff, 0xf2, 0x00, 0x08, 0xff, 0xff, 0x20, 0x00,
    0x8f, 0xff, 0xf2, 0x00, 0x08, 0xff, 0xff, 0x20,
    0x00, 0x8f, 0xff, 0xf2, 0x00, 0x08, 0xff, 0xff,
    0x20, 0x00, 0x8f, 0xff, 0xf2, 0x00, 0x08, 0xff,
    0xff, 0x20, 0x00, 0x8f, 0xff, 0xf2, 0x00, 0x08,
    0xff, 0xff, 0x20, 0x00, 0x8f, 0xff, 0xf2, 0x00,
    0x08, 0xff, 0xff, 0x20, 0x00, 0x8f, 0xff, 0xf2,
    0x00, 0x08, 0xff, 0xff, 0x20, 0x00, 0x8f, 0xff,
    0xf2, 0x00, 0x08, 0xff, 0xff, 0x20, 0x00, 0x8f,
    0xff, 0xf2, 0x00, 0x08, 0xff, 0xff, 0x20, 0x00,
    0x8f, 0xff, 0xf2, 0x00, 0x08, 0xff, 0xff, 0x20,
    0x00, 0x8f, 0xff, 0xf2, 0x00, 0x00,

    /* U+00CE "Î" */
    0x00, 0x00, 0x00, 0x00, 0x00, 0x00, 0x00, 0x00,
    0xb5, 0x00, 0x00, 0x00, 0x00, 0xbf, 0xf5, 0x00,
    0x00, 0x00, 0xaf, 0xff, 0xf4, 0x00, 0x00, 0xaf,
    0xff, 0xff, 0xf4, 0x00, 0x9f, 0xff, 0xff, 0xff,
    0xf3, 0x08, 0xff, 0xd1, 0x4f, 0xfd, 0x20, 0x06,
    0xd1, 0x00, 0x4a, 0x00, 0x00, 0x00, 0x00, 0x00,
    0x00, 0x00, 0x00, 0x00, 0x00, 0x00, 0x00, 0x00,
    0x08, 0xff, 0xff, 0x20, 0x00, 0x00, 0x8f, 0xff,
    0xf2, 0x00, 0x00, 0x08, 0xff, 0xff, 0x20, 0x00,
    0x00, 0x8f, 0xff, 0xf2, 0x00, 0x00, 0x08, 0xff,
    0xff, 0x20, 0x00, 0x00, 0x8f, 0xff, 0xf2, 0x00,
    0x00, 0x08, 0xff, 0xff, 0x20, 0x00, 0x00, 0x8f,
    0xff, 0xf2, 0x00, 0x00, 0x08, 0xff, 0xff, 0x20,
    0x00, 0x00, 0x8f, 0xff, 0xf2, 0x00, 0x00, 0x08,
    0xff, 0xff, 0x20, 0x00, 0x00, 0x8f, 0xff, 0xf2,
    0x00, 0x00, 0x08, 0xff, 0xff, 0x20, 0x00, 0x00,
    0x8f, 0xff, 0xf2, 0x00, 0x00, 0x08, 0xff, 0xff,
    0x20, 0x00, 0x00, 0x8f, 0xff, 0xf2, 0x00, 0x00,
    0x08, 0xff, 0xff, 0x20, 0x00, 0x00, 0x8f, 0xff,
    0xf2, 0x00, 0x00, 0x08, 0xff, 0xff, 0x20, 0x00,
    0x00, 0x8f, 0xff, 0xf2, 0x00, 0x00, 0x08, 0xff,
    0xff, 0x20, 0x00, 0x00, 0x8f, 0xff, 0xf2, 0x00,
    0x00, 0x08, 0xff, 0xff, 0x20, 0x00, 0x00, 0x8f,
    0xff, 0xf2, 0x00, 0x00, 0x08, 0xff, 0xff, 0x20,
    0x00,

    /* U+00CF "Ï" */
    0x01, 0x55, 0x00, 0x02, 0x64, 0x00, 0x3f, 0xff,
    0xc0, 0x4f, 0xff, 0xc0, 0xbf, 0xff, 0xf6, 0xcf,
    0xff, 0xf5, 0xcf, 0xff, 0xf7, 0xdf, 0xff, 0xf7,
    0x9f, 0xff, 0xf3, 0xaf, 0xff, 0xf3, 0x0a, 0xfe,
    0x60, 0x1a, 0xfe, 0x60, 0x00, 0x00, 0x00, 0x00,
    0x00, 0x00, 0x00, 0x00, 0x00, 0x00, 0x00, 0x00,
    0x00, 0x08, 0xff, 0xff, 0x20, 0x00, 0x00, 0x08,
    0xff, 0xff, 0x20, 0x00, 0x00, 0x08, 0xff, 0xff,
    0x20, 0x00, 0x00, 0x08, 0xff, 0xff, 0x20, 0x00,
    0x00, 0x08, 0xff, 0xff, 0x20, 0x00, 0x00, 0x08,
    0xff, 0xff, 0x20, 0x00, 0x00, 0x08, 0xff, 0xff,
    0x20, 0x00, 0x00, 0x08, 0xff, 0xff, 0x20, 0x00,
    0x00, 0x08, 0xff, 0xff, 0x20, 0x00, 0x00, 0x08,
    0xff, 0xff, 0x20, 0x00, 0x00, 0x08, 0xff, 0xff,
    0x20, 0x00, 0x00, 0x08, 0xff, 0xff, 0x20, 0x00,
    0x00, 0x08, 0xff, 0xff, 0x20, 0x00, 0x00, 0x08,
    0xff, 0xff, 0x20, 0x00, 0x00, 0x08, 0xff, 0xff,
    0x20, 0x00, 0x00, 0x08, 0xff, 0xff, 0x20, 0x00,
    0x00, 0x08, 0xff, 0xff, 0x20, 0x00, 0x00, 0x08,
    0xff, 0xff, 0x20, 0x00, 0x00, 0x08, 0xff, 0xff,
    0x20, 0x00, 0x00, 0x08, 0xff, 0xff, 0x20, 0x00,
    0x00, 0x08, 0xff, 0xff, 0x20, 0x00, 0x00, 0x08,
    0xff, 0xff, 0x20, 0x00, 0x00, 0x08, 0xff, 0xff,
    0x20, 0x00, 0x00, 0x08, 0xff, 0xff, 0x20, 0x00,
    0x00, 0x08, 0xff, 0xff, 0x20, 0x00,

    /* U+00D0 "Ð" */
    0x00, 0x0a, 0xff, 0xff, 0xff, 0xff, 0xfe, 0xb8,
    0x30, 0x00, 0x00, 0x00, 0x00, 0x00, 0xaf, 0xff,
    0xff, 0xff, 0xff, 0xff, 0xff, 0xd4, 0x00, 0x00,
    0x00, 0x00, 0x0a, 0xff, 0xff, 0xff, 0xff, 0xff,
    0xff, 0xff, 0xfa, 0x00, 0x00, 0x00, 0x00, 0xaf,
    0xff, 0xff, 0xff, 0xff, 0xff, 0xff, 0xff, 0xfc,
    0x00, 0x00, 0x00, 0x0a, 0xff, 0xff, 0x98, 0x88,
    0x9b, 0xff, 0xff, 0xff, 0xfa, 0x00, 0x00, 0x00,
    0xaf, 0xff, 0xf1, 0x00, 0x00, 0x01, 0x7f, 0xff,
    0xff, 0xf4, 0x00, 0x00, 0x0a, 0xff, 0xff, 0x10,
    0x00, 0x00, 0x00, 0x2e, 0xff, 0xff, 0xd0, 0x00,
    0x00, 0xaf, 0xff, 0xf1, 0x00, 0x00, 0x00, 0x00,
    0x4f, 0xff, 0xff, 0x30, 0x00, 0x0a, 0xff, 0xff,
    0x10, 0x00, 0x00, 0x00, 0x00, 0xaf, 0xff, 0xf8,
    0x00, 0x00, 0xaf, 0xff, 0xf1, 0x00, 0x00, 0x00,
    0x00, 0x03, 0xff, 0xff, 0xc0, 0x15, 0x5f, 0xff,
    0xff, 0x65, 0x55, 0x40, 0x00, 0x00, 0x0f, 0xff,
    0xfe, 0x05, 0xff, 0xff, 0xff, 0xff, 0xff, 0xfe,
    0x00, 0x00, 0x00, 0xdf, 0xff, 0xf0, 0x5f, 0xff,
    0xff, 0xff, 0xff, 0xff, 0xe0, 0x00, 0x00, 0x0d,
    0xff, 0xff, 0x05, 0xff, 0xff, 0xff, 0xff, 0xff,
    0xfe, 0x00, 0x00, 0x00, 0xdf, 0xff, 0xf0, 0x5f,
    0xff, 0xff, 0xff, 0xff, 0xff, 0xe0, 0x00, 0x00,
    0x0f, 0xff, 0xfe, 0x00, 0x00, 0xaf, 0xff, 0xf1,
    0x00, 0x00, 0x00, 0x00, 0x03, 0xff, 0xff, 0xc0,
    0x00, 0x0a, 0xff, 0xff, 0x10, 0x00, 0x00, 0x00,
    0x00, 0x9f, 0xff, 0xf9, 0x00, 0x00, 0xaf, 0xff,
    0xf1, 0x00, 0x00, 0x00, 0x00, 0x3f, 0xff, 0xff,
    0x40, 0x00, 0x0a, 0xff, 0xff, 0x10, 0x00, 0x00,
    0x00, 0x2e, 0xff, 0xff, 0xd0, 0x00, 0x00, 0xaf,
    0xff, 0xf1, 0x00, 0x00, 0x00, 0x6f, 0xff, 0xff,
    0xf5, 0x00, 0x00, 0x0a, 0xff, 0xff, 0x98, 0x88,
    0x9b, 0xff, 0xff, 0xff, 0xfb, 0x00, 0x00, 0x00,
    0xaf, 0xff, 0xff, 0xff, 0xff, 0xff, 0xff, 0xff,
    0xfc, 0x00, 0x00, 0x00, 0x0a, 0xff, 0xff, 0xff,
    0xff, 0xff, 0xff, 0xff, 0xfb, 0x00, 0x00, 0x00,
    0x00, 0xaf, 0xff, 0xff, 0xff, 0xff, 0xff, 0xff,
    0xd5, 0x00, 0x00, 0x00, 0x00, 0x0a, 0xff, 0xff,
    0xff, 0xff, 0xfe, 0xc8, 0x30, 0x00, 0x00, 0x00,
    0x00,

    /* U+00D1 "Ñ" */
    0x00, 0x00, 0x00, 0x05, 0x86, 0x20, 0x00, 0x24,
    0x00, 0x00, 0x00, 0x00, 0x00, 0x01, 0xdf, 0xff,
    0xf9, 0x21, 0xcf, 0xc4, 0x00, 0x00, 0x00, 0x00,
    0x0c, 0xff, 0xff, 0xff, 0xff, 0xff, 0xf8, 0x00,
    0x00, 0x00, 0x00, 0x6f, 0xff, 0xff, 0xff, 0xff,
    0xff, 0xe0, 0x00, 0x00, 0x00, 0x00, 0x19, 0xfd,
    0x21, 0x8f, 0xff, 0xfd, 0x20, 0x00, 0x00, 0x00,
    0x00, 0x00, 0x12, 0x00, 0x01, 0x67, 0x50, 0x00,
    0x00, 0x00, 0x00, 0x00, 0x00, 0x00, 0x00, 0x00,
    0x00, 0x00, 0x00, 0x00, 0x00, 0x00, 0x00, 0x00,
    0x00, 0x00, 0x00, 0x00, 0x00, 0x00, 0x00, 0x00,
    0x8f, 0xff, 0xe1, 0x00, 0x00, 0x00, 0x00, 0x00,
    0x5f, 0xff, 0xf6, 0x8f, 0xff, 0xfb, 0x00, 0x00,
    0x00, 0x00, 0x00, 0x5f, 0xff, 0xf6, 0x8f, 0xff,
    0xff, 0x70, 0x00, 0x00, 0x00, 0x00, 0x5f, 0xff,
    0xf6, 0x8f, 0xff, 0xff, 0xf3, 0x00, 0x00, 0x00,
    0x00, 0x5f, 0xff, 0xf6, 0x8f, 0xff, 0xff, 0xfe,
    0x10, 0x00, 0x00, 0x00, 0x5f, 0xff, 0xf6, 0x8f,
    0xff, 0xff, 0xff, 0xb0, 0x00, 0x00, 0x00, 0x5f,
    0xff, 0xf6, 0x8f, 0xff, 0xff, 0xff, 0xf6, 0x00,
    0x00, 0x00, 0x5f, 0xff, 0xf6, 0x8f, 0xff, 0xff,
    0xff, 0xff, 0x30, 0x00, 0x00, 0x5f, 0xff, 0xf6,
    0x8f, 0xff, 0xff, 0xff, 0xff, 0xd0, 0x00, 0x00,
    0x5f, 0xff, 0xf6, 0x8f, 0xff, 0xf6, 0xff, 0xff,
    0xfa, 0x00, 0x00, 0x5f, 0xff, 0xf6, 0x8f, 0xff,
    0xf2, 0x7f, 0xff, 0xff, 0x50, 0x00, 0x5f, 0xff,
    0xf6, 0x8f, 0xff, 0xf2, 0x0b, 0xff, 0xff, 0xf2,
    0x00, 0x5f, 0xff, 0xf6, 0x8f, 0xff, 0xf2, 0x01,
    0xef, 0xff, 0xfc, 0x00, 0x5f, 0xff, 0xf6, 0x8f,
    0xff, 0xf2, 0x00, 0x4f, 0xff, 0xff, 0x90, 0x5f,
    0xff, 0xf6, 0x8f, 0xff, 0xf2, 0x00, 0x08, 0xff,
    0xff, 0xf4, 0x5f, 0xff, 0xf6, 0x8f, 0xff, 0xf2,
    0x00, 0x00, 0xcf, 0xff, 0xfe, 0x6f, 0xff, 0xf6,
    0x8f, 0xff, 0xf2, 0x00, 0x00, 0x1e, 0xff, 0xff,
    0xff, 0xff, 0xf6, 0x8f, 0xff, 0xf2, 0x00, 0x00,
    0x05, 0xff, 0xff, 0xff, 0xff, 0xf6, 0x8f, 0xff,
    0xf2, 0x00, 0x00, 0x00, 0x9f, 0xff, 0xff, 0xff,
    0xf6, 0x8f, 0xff, 0xf2, 0x00, 0x00, 0x00, 0x0d,
    0xff, 0xff, 0xff, 0xf6, 0x8f, 0xff, 0xf2, 0x00,
    0x00, 0x00, 0x02, 0xff, 0xff, 0xff, 0xf6, 0x8f,
    0xff, 0xf2, 0x00, 0x00, 0x00, 0x00, 0x6f, 0xff,
    0xff, 0xf6, 0x8f, 0xff, 0xf2, 0x00, 0x00, 0x00,
    0x00, 0x0a, 0xff, 0xff, 0xf6, 0x8f, 0xff, 0xf2,
    0x00, 0x00, 0x00, 0x00, 0x00, 0xdf, 0xff, 0xf6,
    0x8f, 0xff, 0xf2, 0x00, 0x00, 0x00, 0x00, 0x00,
    0x3f, 0xff, 0xf6,

    /* U+00D2 "Ò" */
    0x00, 0x00, 0x00, 0x00, 0x00, 0x20, 0x00, 0x00,
    0x00, 0x00, 0x00, 0x00, 0x00, 0x00, 0x00, 0x00,
    0x00, 0x00, 0xaf, 0x40, 0x00, 0x00, 0x00, 0x00,
    0x00, 0x00, 0x00, 0x00, 0x00, 0x00, 0x00, 0xaf,
    0xff, 0x50, 0x00, 0x00, 0x00, 0x00, 0x00, 0x00,
    0x00, 0x00, 0x00, 0x00, 0x07, 0xff, 0xff, 0x60,
    0x00, 0x00, 0x00, 0x00, 0x00, 0x00, 0x00, 0x00,
    0x00, 0x00, 0x05, 0xff, 0xff, 0x70, 0x00, 0x00,
    0x00, 0x00, 0x00, 0x00, 0x00, 0x00, 0x00, 0x00,
    0x04, 0xff, 0xff, 0x70, 0x00, 0x00, 0x00, 0x00,
    0x00, 0x00, 0x00, 0x00, 0x00, 0x00, 0x03, 0xff,
    0xf3, 0x00, 0x00, 0x00, 0x00, 0x00, 0x00, 0x00,
    0x00, 0x00, 0x00, 0x00, 0x03, 0xe4, 0x00, 0x00,
    0x00, 0x00, 0x00, 0x00, 0x00, 0x00, 0x00, 0x00,
    0x00, 0x00, 0x00, 0x00, 0x00, 0x00, 0x00, 0x00,
    0x00, 0x00, 0x00, 0x00, 0x00, 0x00, 0x00, 0x00,
    0x00, 0x00, 0x00, 0x00, 0x00, 0x00, 0x00, 0x00,
    0x00, 0x00, 0x00, 0x16, 0xad, 0xef, 0xed, 0xa6,
    0x10, 0x00, 0x00, 0x00, 0x00, 0x00, 0x00, 0x01,
    0x9f, 0xff, 0xff, 0xff, 0xff, 0xff, 0x91, 0x00,
    0x00, 0x00, 0x00, 0x00, 0x05, 0xff, 0xff, 0xff,
    0xff, 0xff, 0xff, 0xff, 0xf5, 0x00, 0x00, 0x00,
    0x00, 0x08, 0xff, 0xff, 0xff, 0xff, 0xff, 0xff,
    0xff, 0xff, 0xf8, 0x00, 0x00, 0x00, 0x06, 0xff,
    0xff, 0xff, 0xfd, 0xba, 0xbd, 0xff, 0xff, 0xff,
    0xf6, 0x00, 0x00, 0x02, 0xff, 0xff, 0xff, 0xa3,
    0x00, 0x00, 0x02, 0x9f, 0xff, 0xff, 0xf2, 0x00,
    0x00, 0xbf, 0xff, 0xff, 0x50, 0x00, 0x00, 0x00,
    0x00, 0x5f, 0xff, 0xff, 0xb0, 0x00, 0x3f, 0xff,
    0xff, 0x50, 0x00, 0x00, 0x00, 0x00, 0x00, 0x5f,
    0xff, 0xff, 0x20, 0x08, 0xff, 0xff, 0xa0, 0x00,
    0x00, 0x00, 0x00, 0x00, 0x00, 0xaf, 0xff, 0xf8,
    0x00, 0xcf, 0xff, 0xf3, 0x00, 0x00, 0x00, 0x00,
    0x00, 0x00, 0x03, 0xff, 0xff, 0xc0, 0x0f, 0xff,
    0xfe, 0x00, 0x00, 0x00, 0x00, 0x00, 0x00, 0x00,
    0x0e, 0xff, 0xff, 0x00, 0xff, 0xff, 0xc0, 0x00,
    0x00, 0x00, 0x00, 0x00, 0x00, 0x00, 0xcf, 0xff,
    0xf0, 0x1f, 0xff, 0xfb, 0x00, 0x00, 0x00, 0x00,
    0x00, 0x00, 0x00, 0x0b, 0xff, 0xff, 0x10, 0xff,
    0xff, 0xc0, 0x00, 0x00, 0x00, 0x00, 0x00, 0x00,
    0x00, 0xcf, 0xff, 0xf0, 0x0f, 0xff, 0xfe, 0x00,
    0x00, 0x00, 0x00, 0x00, 0x00, 0x00, 0x0e, 0xff,
    0xff, 0x00, 0xcf, 0xff, 0xf4, 0x00, 0x00, 0x00,
    0x00, 0x00, 0x00, 0x03, 0xff, 0xff, 0xc0, 0x07,
    0xff, 0xff, 0xa0, 0x00, 0x00, 0x00, 0x00, 0x00,
    0x00, 0xaf, 0xff, 0xf7, 0x00, 0x2f, 0xff, 0xff,
    0x50, 0x00, 0x00, 0x00, 0x00, 0x00, 0x6f, 0xff,
    0xff, 0x20, 0x00, 0xaf, 0xff, 0xff, 0x50, 0x00,
    0x00, 0x00, 0x00, 0x5f, 0xff, 0xff, 0xa0, 0x00,
    0x02, 0xff, 0xff, 0xff, 0xa3, 0x00, 0x00, 0x03,
    0xaf, 0xff, 0xff, 0xf2, 0x00, 0x00, 0x05, 0xff,
    0xff, 0xff, 0xfe, 0xca, 0xce, 0xff, 0xff, 0xff,
    0xf5, 0x00, 0x00, 0x00, 0x07, 0xff, 0xff, 0xff,
    0xff, 0xff, 0xff, 0xff, 0xff, 0xf7, 0x00, 0x00,
    0x00, 0x00, 0x05, 0xff, 0xff, 0xff, 0xff, 0xff,
    0xff, 0xff, 0xf5, 0x00, 0x00, 0x00, 0x00, 0x00,
    0x01, 0x9f, 0xff, 0xff, 0xff, 0xff, 0xff, 0x91,
    0x00, 0x00, 0x00, 0x00, 0x00, 0x00, 0x00, 0x16,
    0xad, 0xef, 0xed, 0xa6, 0x10, 0x00, 0x00, 0x00,
    0x00,

    /* U+00D3 "Ó" */
    0x00, 0x00, 0x00, 0x00, 0x00, 0x00, 0x00, 0x00,
    0x20, 0x00, 0x00, 0x00, 0x00, 0x00, 0x00, 0x00,
    0x00, 0x00, 0x00, 0x00, 0x00, 0x5f, 0x80, 0x00,
    0x00, 0x00, 0x00, 0x00, 0x00, 0x00, 0x00, 0x00,
    0x00, 0x00, 0x7f, 0xff, 0x80, 0x00, 0x00, 0x00,
    0x00, 0x00, 0x00, 0x00, 0x00, 0x00, 0x00, 0x8f,
    0xff, 0xf5, 0x00, 0x00, 0x00, 0x00, 0x00, 0x00,
    0x00, 0x00, 0x00, 0x00, 0x9f, 0xff, 0xf4, 0x00,
    0x00, 0x00, 0x00, 0x00, 0x00, 0x00, 0x00, 0x00,
    0x00, 0xaf, 0xff, 0xe3, 0x00, 0x00, 0x00, 0x00,
    0x00, 0x00, 0x00, 0x00, 0x00, 0x00, 0x05, 0xff,
    0xe2, 0x00, 0x00, 0x00, 0x00, 0x00, 0x00, 0x00,
    0x00, 0x00, 0x00, 0x00, 0x06, 0xd1, 0x00, 0x00,
    0x00, 0x00, 0x00, 0x00, 0x00, 0x00, 0x00, 0x00,
    0x00, 0x00, 0x00, 0x00, 0x00, 0x00, 0x00, 0x00,
    0x00, 0x00, 0x00, 0x00, 0x00, 0x00, 0x00, 0x00,
    0x00, 0x00, 0x00, 0x00, 0x00, 0x00, 0x00, 0x00,
    0x00, 0x00, 0x00, 0x16, 0xad, 0xef, 0xed, 0xa6,
    0x10, 0x00, 0x00, 0x00, 0x00, 0x00, 0x00, 0x01,
    0x9f, 0xff, 0xff, 0xff, 0xff, 0xff, 0x91, 0x00,
    0x00, 0x00, 0x00, 0x00, 0x05, 0xff, 0xff, 0xff,
    0xff, 0xff, 0xff, 0xff, 0xf5, 0x00, 0x00, 0x00,
    0x00, 0x08, 0xff, 0xff, 0xff, 0xff, 0xff, 0xff,
    0xff, 0xff, 0xf8, 0x00, 0x00, 0x00, 0x06, 0xff,
    0xff, 0xff, 0xfd, 0xba, 0xbd, 0xff, 0xff, 0xff,
    0xf6, 0x00, 0x00, 0x02, 0xff, 0xff, 0xff, 0xa3,
    0x00, 0x00, 0x02, 0x9f, 0xff, 0xff, 0xf2, 0x00,
    0x00, 0xbf, 0xff, 0xff, 0x50, 0x00, 0x00, 0x00,
    0x00, 0x5f, 0xff, 0xff, 0xb0, 0x00, 0x3f, 0xff,
    0xff, 0x50, 0x00, 0x00, 0x00, 0x00, 0x00, 0x5f,
    0xff, 0xff, 0x20, 0x08, 0xff, 0xff, 0xa0, 0x00,
    0x00, 0x00, 0x00, 0x00, 0x00, 0xaf, 0xff, 0xf8,
    0x00, 0xcf, 0xff, 0xf3, 0x00, 0x00, 0x00, 0x00,
    0x00, 0x00, 0x03, 0xff, 0xff, 0xc0, 0x0f, 0xff,
    0xfe, 0x00, 0x00, 0x00, 0x00, 0x00, 0x00, 0x00,
    0x0e, 0xff, 0xff, 0x00, 0xff, 0xff, 0xc0, 0x00,
    0x00, 0x00, 0x00, 0x00, 0x00, 0x00, 0xcf, 0xff,
    0xf0, 0x1f, 0xff, 0xfb, 0x00, 0x00, 0x00, 0x00,
    0x00, 0x00, 0x00, 0x0b, 0xff, 0xff, 0x10, 0xff,
    0xff, 0xc0, 0x00, 0x00, 0x00, 0x00, 0x00, 0x00,
    0x00, 0xcf, 0xff, 0xf0, 0x0f, 0xff, 0xfe, 0x00,
    0x00, 0x00, 0x00, 0x00, 0x00, 0x00, 0x0e, 0xff,
    0xff, 0x00, 0xcf, 0xff, 0xf4, 0x00, 0x00, 0x00,
    0x00, 0x00, 0x00, 0x03, 0xff, 0xff, 0xc0, 0x07,
    0xff, 0xff, 0xa0, 0x00, 0x00, 0x00, 0x00, 0x00,
    0x00, 0xaf, 0xff, 0xf7, 0x00, 0x2f, 0xff, 0xff,
    0x50, 0x00, 0x00, 0x00, 0x00, 0x00, 0x6f, 0xff,
    0xff, 0x20, 0x00, 0xaf, 0xff, 0xff, 0x50, 0x00,
    0x00, 0x00, 0x00, 0x5f, 0xff, 0xff, 0xa0, 0x00,
    0x02, 0xff, 0xff, 0xff, 0xa3, 0x00, 0x00, 0x03,
    0xaf, 0xff, 0xff, 0xf2, 0x00, 0x00, 0x05, 0xff,
    0xff, 0xff, 0xfe, 0xca, 0xce, 0xff, 0xff, 0xff,
    0xf5, 0x00, 0x00, 0x00, 0x07, 0xff, 0xff, 0xff,
    0xff, 0xff, 0xff, 0xff, 0xff, 0xf7, 0x00, 0x00,
    0x00, 0x00, 0x05, 0xff, 0xff, 0xff, 0xff, 0xff,
    0xff, 0xff, 0xf5, 0x00, 0x00, 0x00, 0x00, 0x00,
    0x01, 0x9f, 0xff, 0xff, 0xff, 0xff, 0xff, 0x91,
    0x00, 0x00, 0x00, 0x00, 0x00, 0x00, 0x00, 0x16,
    0xad, 0xef, 0xed, 0xa6, 0x10, 0x00, 0x00, 0x00,
    0x00,

    /* U+00D4 "Ô" */
    0x00, 0x00, 0x00, 0x00, 0x00, 0x00, 0x07, 0x00,
    0x00, 0x00, 0x00, 0x00, 0x00, 0x00, 0x00, 0x00,
    0x00, 0x00, 0x00, 0x1c, 0xfa, 0x00, 0x00, 0x00,
    0x00, 0x00, 0x00, 0x00, 0x00, 0x00, 0x00, 0x00,
    0x1c, 0xff, 0xfb, 0x00, 0x00, 0x00, 0x00, 0x00,
    0x00, 0x00, 0x00, 0x00, 0x00, 0x1d, 0xff, 0xff,
    0xfb, 0x00, 0x00, 0x00, 0x00, 0x00, 0x00, 0x00,
    0x00, 0x00, 0x1d, 0xff, 0xff, 0xff, 0xfc, 0x00,
    0x00, 0x00, 0x00, 0x00, 0x00, 0x00, 0x00, 0x0c,
    0xff, 0xf8, 0x0b, 0xff, 0xf9, 0x00, 0x00, 0x00,
    0x00, 0x00, 0x00, 0x00, 0x00, 0x1d, 0xf8, 0x00,
    0x0b, 0xfd, 0x10, 0x00, 0x00, 0x00, 0x00, 0x00,
    0x00, 0x00, 0x00, 0x16, 0x00, 0x00, 0x0a, 0x10,
    0x00, 0x00, 0x00, 0x00, 0x00, 0x00, 0x00, 0x00,
    0x00, 0x00, 0x00, 0x00, 0x00, 0x00, 0x00, 0x00,
    0x00, 0x00, 0x00, 0x00, 0x00, 0x00, 0x00, 0x00,
    0x00, 0x00, 0x00, 0x00, 0x00, 0x00, 0x00, 0x00,
    0x00, 0x00, 0x00, 0x16, 0xad, 0xef, 0xed, 0xa6,
    0x10, 0x00, 0x00, 0x00, 0x00, 0x00, 0x00, 0x01,
    0x9f, 0xff, 0xff, 0xff, 0xff, 0xff, 0x91, 0x00,
    0x00, 0x00, 0x00, 0x00, 0x05, 0xff, 0xff, 0xff,
    0xff, 0xff, 0xff, 0xff, 0xf5, 0x00, 0x00, 0x00,
    0x00, 0x08, 0xff, 0xff, 0xff, 0xff, 0xff, 0xff,
    0xff, 0xff, 0xf8, 0x00, 0x00, 0x00, 0x06, 0xff,
    0xff, 0xff, 0xfd, 0xba, 0xbd, 0xff, 0xff, 0xff,
    0xf6, 0x00, 0x00, 0x02, 0xff, 0xff, 0xff, 0xa3,
    0x00, 0x00, 0x02, 0x9f, 0xff, 0xff, 0xf2, 0x00,
    0x00, 0xbf, 0xff, 0xff, 0x50, 0x00, 0x00, 0x00,
    0x00, 0x5f, 0xff, 0xff, 0xb0, 0x00, 0x3f, 0xff,
    0xff, 0x50, 0x00, 0x00, 0x00, 0x00, 0x00, 0x5f,
    0xff, 0xff, 0x20, 0x08, 0xff, 0xff, 0xa0, 0x00,
    0x00, 0x00, 0x00, 0x00, 0x00, 0xaf, 0xff, 0xf8,
    0x00, 0xcf, 0xff, 0xf3, 0x00, 0x00, 0x00, 0x00,
    0x00, 0x00, 0x03, 0xff, 0xff, 0xc0, 0x0f, 0xff,
    0xfe, 0x00, 0x00, 0x00, 0x00, 0x00, 0x00, 0x00,
    0x0e, 0xff, 0xff, 0x00, 0xff, 0xff, 0xc0, 0x00,
    0x00, 0x00, 0x00, 0x00, 0x00, 0x00, 0xcf, 0xff,
    0xf0, 0x1f, 0xff, 0xfb, 0x00, 0x00, 0x00, 0x00,
    0x00, 0x00, 0x00, 0x0b, 0xff, 0xff, 0x10, 0xff,
    0xff, 0xc0, 0x00, 0x00, 0x00, 0x00, 0x00, 0x00,
    0x00, 0xcf, 0xff, 0xf0, 0x0f, 0xff, 0xfe, 0x00,
    0x00, 0x00, 0x00, 0x00, 0x00, 0x00, 0x0e, 0xff,
    0xff, 0x00, 0xcf, 0xff, 0xf4, 0x00, 0x00, 0x00,
    0x00, 0x00, 0x00, 0x03, 0xff, 0xff, 0xc0, 0x07,
    0xff, 0xff, 0xa0, 0x00, 0x00, 0x00, 0x00, 0x00,
    0x00, 0xaf, 0xff, 0xf7, 0x00, 0x2f, 0xff, 0xff,
    0x50, 0x00, 0x00, 0x00, 0x00, 0x00, 0x6f, 0xff,
    0xff, 0x20, 0x00, 0xaf, 0xff, 0xff, 0x50, 0x00,
    0x00, 0x00, 0x00, 0x5f, 0xff, 0xff, 0xa0, 0x00,
    0x02, 0xff, 0xff, 0xff, 0xa3, 0x00, 0x00, 0x03,
    0xaf, 0xff, 0xff, 0xf2, 0x00, 0x00, 0x05, 0xff,
    0xff, 0xff, 0xfe, 0xca, 0xce, 0xff, 0xff, 0xff,
    0xf5, 0x00, 0x00, 0x00, 0x07, 0xff, 0xff, 0xff,
    0xff, 0xff, 0xff, 0xff, 0xff, 0xf7, 0x00, 0x00,
    0x00, 0x00, 0x05, 0xff, 0xff, 0xff, 0xff, 0xff,
    0xff, 0xff, 0xf5, 0x00, 0x00, 0x00, 0x00, 0x00,
    0x01, 0x9f, 0xff, 0xff, 0xff, 0xff, 0xff, 0x91,
    0x00, 0x00, 0x00, 0x00, 0x00, 0x00, 0x00, 0x16,
    0xad, 0xef, 0xed, 0xa6, 0x10, 0x00, 0x00, 0x00,
    0x00,

    /* U+00D5 "Õ" */
    0x00, 0x00, 0x00, 0x00, 0x1a, 0xee, 0xb4, 0x00,
    0x1d, 0x70, 0x00, 0x00, 0x00, 0x00, 0x00, 0x00,
    0x00, 0x1e, 0xff, 0xff, 0xfd, 0x9d, 0xff, 0xe1,
    0x00, 0x00, 0x00, 0x00, 0x00, 0x00, 0x0b, 0xff,
    0xff, 0xff, 0xff, 0xff, 0xfa, 0x00, 0x00, 0x00,
    0x00, 0x00, 0x00, 0x01, 0xef, 0xfd, 0x9d, 0xff,
    0xff, 0xfd, 0x10, 0x00, 0x00, 0x00, 0x00, 0x00,
    0x00, 0x00, 0x6b, 0x00, 0x05, 0xcf, 0xe9, 0x10,
    0x00, 0x00, 0x00, 0x00, 0x00, 0x00, 0x00, 0x00,
    0x00, 0x00, 0x00, 0x00, 0x00, 0x00, 0x00, 0x00,
    0x00, 0x00, 0x00, 0x00, 0x00, 0x00, 0x00, 0x00,
    0x00, 0x00, 0x00, 0x00, 0x00, 0x00, 0x00, 0x00,
    0x00, 0x00, 0x00, 0x00, 0x00, 0x00, 0x00, 0x00,
    0x00, 0x00, 0x00, 0x00, 0x00, 0x00, 0x00, 0x00,
    0x16, 0xad, 0xef, 0xed, 0xa6, 0x10, 0x00, 0x00,
    0x00, 0x00, 0x00, 0x00, 0x01, 0x9f, 0xff, 0xff,
    0xff, 0xff, 0xff, 0x91, 0x00, 0x00, 0x00, 0x00,
    0x00, 0x05, 0xff, 0xff, 0xff, 0xff, 0xff, 0xff,
    0xff, 0xf5, 0x00, 0x00, 0x00, 0x00, 0x08, 0xff,
    0xff, 0xff, 0xff, 0xff, 0xff, 0xff, 0xff, 0xf8,
    0x00, 0x00, 0x00, 0x06, 0xff, 0xff, 0xff, 0xfd,
    0xba, 0xbd, 0xff, 0xff, 0xff, 0xf6, 0x00, 0x00,
    0x02, 0xff, 0xff, 0xff, 0xa3, 0x00, 0x00, 0x02,
    0x9f, 0xff, 0xff, 0xf2, 0x00, 0x00, 0xbf, 0xff,
    0xff, 0x50, 0x00, 0x00, 0x00, 0x00, 0x5f, 0xff,
    0xff, 0xb0, 0x00, 0x3f, 0xff, 0xff, 0x50, 0x00,
    0x00, 0x00, 0x00, 0x00, 0x5f, 0xff, 0xff, 0x20,
    0x08, 0xff, 0xff, 0xa0, 0x00, 0x00, 0x00, 0x00,
    0x00, 0x00, 0xaf, 0xff, 0xf8, 0x00, 0xcf, 0xff,
    0xf3, 0x00, 0x00, 0x00, 0x00, 0x00, 0x00, 0x03,
    0xff, 0xff, 0xc0, 0x0f, 0xff, 0xfe, 0x00, 0x00,
    0x00, 0x00, 0x00, 0x00, 0x00, 0x0e, 0xff, 0xff,
    0x00, 0xff, 0xff, 0xc0, 0x00, 0x00, 0x00, 0x00,
    0x00, 0x00, 0x00, 0xcf, 0xff, 0xf0, 0x1f, 0xff,
    0xfb, 0x00, 0x00, 0x00, 0x00, 0x00, 0x00, 0x00,
    0x0b, 0xff, 0xff, 0x10, 0xff, 0xff, 0xc0, 0x00,
    0x00, 0x00, 0x00, 0x00, 0x00, 0x00, 0xcf, 0xff,
    0xf0, 0x0f, 0xff, 0xfe, 0x00, 0x00, 0x00, 0x00,
    0x00, 0x00, 0x00, 0x0e, 0xff, 0xff, 0x00, 0xcf,
    0xff, 0xf4, 0x00, 0x00, 0x00, 0x00, 0x00, 0x00,
    0x03, 0xff, 0xff, 0xc0, 0x07, 0xff, 0xff, 0xa0,
    0x00, 0x00, 0x00, 0x00, 0x00, 0x00, 0xaf, 0xff,
    0xf7, 0x00, 0x2f, 0xff, 0xff, 0x50, 0x00, 0x00,
    0x00, 0x00, 0x00, 0x6f, 0xff, 0xff, 0x20, 0x00,
    0xaf, 0xff, 0xff, 0x50, 0x00, 0x00, 0x00, 0x00,
    0x5f, 0xff, 0xff, 0xa0, 0x00, 0x02, 0xff, 0xff,
    0xff, 0xa3, 0x00, 0x00, 0x03, 0xaf, 0xff, 0xff,
    0xf2, 0x00, 0x00, 0x05, 0xff, 0xff, 0xff, 0xfe,
    0xca, 0xce, 0xff, 0xff, 0xff, 0xf5, 0x00, 0x00,
    0x00, 0x07, 0xff, 0xff, 0xff, 0xff, 0xff, 0xff,
    0xff, 0xff, 0xf7, 0x00, 0x00, 0x00, 0x00, 0x05,
    0xff, 0xff, 0xff, 0xff, 0xff, 0xff, 0xff, 0xf5,
    0x00, 0x00, 0x00, 0x00, 0x00, 0x01, 0x9f, 0xff,
    0xff, 0xff, 0xff, 0xff, 0x91, 0x00, 0x00, 0x00,
    0x00, 0x00, 0x00, 0x00, 0x16, 0xad, 0xef, 0xed,
    0xa6, 0x10, 0x00, 0x00, 0x00, 0x00,

    /* U+00D6 "Ö" */
    0x00, 0x00, 0x00, 0x00, 0x8e, 0xe7, 0x00, 0x07,
    0xee, 0x80, 0x00, 0x00, 0x00, 0x00, 0x00, 0x00,
    0x00, 0x7f, 0xff, 0xf4, 0x05, 0xff, 0xff, 0x60,
    0x00, 0x00, 0x00, 0x00, 0x00, 0x00, 0x0b, 0xff,
    0xff, 0x90, 0x9f, 0xff, 0xfa, 0x00, 0x00, 0x00,
    0x00, 0x00, 0x00, 0x00, 0x9f, 0xff, 0xf7, 0x08,
    0xff, 0xff, 0x90, 0x00, 0x00, 0x00, 0x00, 0x00,
    0x00, 0x02, 0xef, 0xfd, 0x10, 0x1e, 0xff, 0xe1,
    0x00, 0x00, 0x00, 0x00, 0x00, 0x00, 0x00, 0x01,
    0x55, 0x00, 0x00, 0x05, 0x51, 0x00, 0x00, 0x00,
    0x00, 0x00, 0x00, 0x00, 0x00, 0x00, 0x00, 0x00,
    0x00, 0x00, 0x00, 0x00, 0x00, 0x00, 0x00, 0x00,
    0x00, 0x00, 0x00, 0x00, 0x00, 0x00, 0x00, 0x00,
    0x00, 0x00, 0x00, 0x00, 0x00, 0x00, 0x00, 0x00,
    0x16, 0xad, 0xef, 0xed, 0xa6, 0x10, 0x00, 0x00,
    0x00, 0x00, 0x00, 0x00, 0x01, 0x9f, 0xff, 0xff,
    0xff, 0xff, 0xff, 0x91, 0x00, 0x00, 0x00, 0x00,
    0x00, 0x05, 0xff, 0xff, 0xff, 0xff, 0xff, 0xff,
    0xff, 0xf5, 0x00, 0x00, 0x00, 0x00, 0x08, 0xff,
    0xff, 0xff, 0xff, 0xff, 0xff, 0xff, 0xff, 0xf8,
    0x00, 0x00, 0x00, 0x06, 0xff, 0xff, 0xff, 0xfd,
    0xba, 0xbd, 0xff, 0xff, 0xff, 0xf6, 0x00, 0x00,
    0x02, 0xff, 0xff, 0xff, 0xa3, 0x00, 0x00, 0x02,
    0x9f, 0xff, 0xff, 0xf2, 0x00, 0x00, 0xbf, 0xff,
    0xff, 0x50, 0x00, 0x00, 0x00, 0x00, 0x5f, 0xff,
    0xff, 0xb0, 0x00, 0x3f, 0xff, 0xff, 0x50, 0x00,
    0x00, 0x00, 0x00, 0x00, 0x5f, 0xff, 0xff, 0x20,
    0x08, 0xff, 0xff, 0xa0, 0x00, 0x00, 0x00, 0x00,
    0x00, 0x00, 0xaf, 0xff, 0xf8, 0x00, 0xcf, 0xff,
    0xf3, 0x00, 0x00, 0x00, 0x00, 0x00, 0x00, 0x03,
    0xff, 0xff, 0xc0, 0x0f, 0xff, 0xfe, 0x00, 0x00,
    0x00, 0x00, 0x00, 0x00, 0x00, 0x0e, 0xff, 0xff,
    0x00, 0xff, 0xff, 0xc0, 0x00, 0x00, 0x00, 0x00,
    0x00, 0x00, 0x00, 0xcf, 0xff, 0xf0, 0x1f, 0xff,
    0xfb, 0x00, 0x00, 0x00, 0x00, 0x00, 0x00, 0x00,
    0x0b, 0xff, 0xff, 0x10, 0xff, 0xff, 0xc0, 0x00,
    0x00, 0x00, 0x00, 0x00, 0x00, 0x00, 0xcf, 0xff,
    0xf0, 0x0f, 0xff, 0xfe, 0x00, 0x00, 0x00, 0x00,
    0x00, 0x00, 0x00, 0x0e, 0xff, 0xff, 0x00, 0xcf,
    0xff, 0xf4, 0x00, 0x00, 0x00, 0x00, 0x00, 0x00,
    0x03, 0xff, 0xff, 0xc0, 0x07, 0xff, 0xff, 0xa0,
    0x00, 0x00, 0x00, 0x00, 0x00, 0x00, 0xaf, 0xff,
    0xf7, 0x00, 0x2f, 0xff, 0xff, 0x50, 0x00, 0x00,
    0x00, 0x00, 0x00, 0x6f, 0xff, 0xff, 0x20, 0x00,
    0xaf, 0xff, 0xff, 0x50, 0x00, 0x00, 0x00, 0x00,
    0x5f, 0xff, 0xff, 0xa0, 0x00, 0x02, 0xff, 0xff,
    0xff, 0xa3, 0x00, 0x00, 0x03, 0xaf, 0xff, 0xff,
    0xf2, 0x00, 0x00, 0x05, 0xff, 0xff, 0xff, 0xfe,
    0xca, 0xce, 0xff, 0xff, 0xff, 0xf5, 0x00, 0x00,
    0x00, 0x07, 0xff, 0xff, 0xff, 0xff, 0xff, 0xff,
    0xff, 0xff, 0xf7, 0x00, 0x00, 0x00, 0x00, 0x05,
    0xff, 0xff, 0xff, 0xff, 0xff, 0xff, 0xff, 0xf5,
    0x00, 0x00, 0x00, 0x00, 0x00, 0x01, 0x9f, 0xff,
    0xff, 0xff, 0xff, 0xff, 0x91, 0x00, 0x00, 0x00,
    0x00, 0x00, 0x00, 0x00, 0x16, 0xad, 0xef, 0xed,
    0xa6, 0x10, 0x00, 0x00, 0x00, 0x00,

    /* U+00D7 "×" */
    0x00, 0x04, 0x10, 0x00, 0x00, 0x00, 0x00, 0x50,
    0x00, 0x00, 0x4f, 0xd1, 0x00, 0x00, 0x00, 0x0b,
    0xf7, 0x00, 0x04, 0xff, 0xfd, 0x10, 0x00, 0x00,
    0xbf, 0xff, 0x70, 0x1e, 0xff, 0xff, 0xd1, 0x00,
    0x0b, 0xff, 0xff, 0xf2, 0x04, 0xff, 0xff, 0xfd,
    0x10, 0xbf, 0xff, 0xff, 0x60, 0x00, 0x4f, 0xff,
    0xff, 0xdc, 0xff, 0xff, 0xf6, 0x00, 0x00, 0x04,
    0xff, 0xff, 0xff, 0xff, 0xff, 0x60, 0x00, 0x00,
    0x00, 0x4f, 0xff, 0xff, 0xff, 0xf6, 0x00, 0x00,
    0x00, 0x00, 0x04, 0xff, 0xff, 0xff, 0x70, 0x00,
    0x00, 0x00, 0x00, 0x0b, 0xff, 0xff, 0xff, 0xd1,
    0x00, 0x00, 0x00, 0x00, 0xbf, 0xff, 0xff, 0xff,
    0xfd, 0x10, 0x00, 0x00, 0x0b, 0xff, 0xff, 0xff,
    0xff, 0xff, 0xd1, 0x00, 0x00, 0xbf, 0xff, 0xff,
    0x64, 0xff, 0xff, 0xfd, 0x10, 0x0b, 0xff, 0xff,
    0xf6, 0x00, 0x4f, 0xff, 0xff, 0xd1, 0x0b, 0xff,
    0xff, 0x60, 0x00, 0x04, 0xff, 0xff, 0xd1, 0x00,
    0xbf, 0xf6, 0x00, 0x00, 0x00, 0x4f, 0xfd, 0x10,
    0x00, 0x0b, 0x60, 0x00, 0x00, 0x00, 0x04, 0xc1,
    0x00, 0x00, 0x00, 0x00, 0x00, 0x00, 0x00, 0x00,
    0x00, 0x00,

    /* U+00D8 "Ø" */
    0x00, 0x00, 0x00, 0x00, 0x00, 0x00, 0x00, 0x00,
    0x00, 0x00, 0x00, 0x00, 0x00, 0x00, 0x00, 0x00,
    0x00, 0x00, 0x00, 0x00, 0x00, 0x00, 0x00, 0x01,
    0xc4, 0x00, 0x00, 0x00, 0x00, 0x00, 0x00, 0x16,
    0xad, 0xef, 0xed, 0xa6, 0x10, 0xbf, 0xf8, 0x00,
    0x00, 0x00, 0x00, 0x01, 0x9f, 0xff, 0xff, 0xff,
    0xff, 0xff, 0xff, 0xff, 0xf9, 0x00, 0x00, 0x00,
    0x05, 0xff, 0xff, 0xff, 0xff, 0xff, 0xff, 0xff,
    0xff, 0xff, 0x20, 0x00, 0x00, 0x08, 0xff, 0xff,
    0xff, 0xff, 0xff, 0xff, 0xff, 0xff, 0xff, 0x40,
    0x00, 0x00, 0x06, 0xff, 0xff, 0xff, 0xfd, 0xba,
    0xbd, 0xff, 0xff, 0xff, 0xf6, 0x00, 0x00, 0x02,
    0xff, 0xff, 0xff, 0xa3, 0x00, 0x00, 0x0e, 0xff,
    0xff, 0xff, 0xf2, 0x00, 0x00, 0xbf, 0xff, 0xff,
    0x50, 0x00, 0x00, 0x08, 0xff, 0xff, 0xff, 0xff,
    0xb0, 0x00, 0x3f, 0xff, 0xff, 0x50, 0x00, 0x00,
    0x05, 0xff, 0xff, 0xff, 0xff, 0xff, 0x20, 0x08,
    0xff, 0xff, 0xa0, 0x00, 0x00, 0x02, 0xff, 0xff,
    0xf4, 0xaf, 0xff, 0xf8, 0x00, 0xcf, 0xff, 0xf3,
    0x00, 0x00, 0x01, 0xdf, 0xff, 0xf7, 0x03, 0xff,
    0xff, 0xc0, 0x0f, 0xff, 0xfe, 0x00, 0x00, 0x00,
    0xbf, 0xff, 0xfb, 0x00, 0x0e, 0xff, 0xff, 0x00,
    0xff, 0xff, 0xc0, 0x00, 0x00, 0x8f, 0xff, 0xfd,
    0x00, 0x00, 0xcf, 0xff, 0xf0, 0x1f, 0xff, 0xfb,
    0x00, 0x00, 0x5f, 0xff, 0xff, 0x20, 0x00, 0x0b,
    0xff, 0xff, 0x10, 0xff, 0xff, 0xc0, 0x00, 0x3f,
    0xff, 0xff, 0x40, 0x00, 0x00, 0xcf, 0xff, 0xf0,
    0x0f, 0xff, 0xfe, 0x00, 0x1d, 0xff, 0xff, 0x70,
    0x00, 0x00, 0x0e, 0xff, 0xff, 0x00, 0xcf, 0xff,
    0xf4, 0x0b, 0xff, 0xff, 0xb0, 0x00, 0x00, 0x03,
    0xff, 0xff, 0xc0, 0x07, 0xff, 0xff, 0xa8, 0xff,
    0xff, 0xd0, 0x00, 0x00, 0x00, 0xaf, 0xff, 0xf7,
    0x00, 0x2f, 0xff, 0xff, 0xff, 0xff, 0xf2, 0x00,
    0x00, 0x00, 0x6f, 0xff, 0xff, 0x20, 0x00, 0xaf,
    0xff, 0xff, 0xff, 0xf4, 0x00, 0x00, 0x00, 0x5f,
    0xff, 0xff, 0xa0, 0x00, 0x02, 0xff, 0xff, 0xff,
    0xfb, 0x00, 0x00, 0x03, 0xaf, 0xff, 0xff, 0xf2,
    0x00, 0x00, 0x06, 0xff, 0xff, 0xff, 0xfe, 0xca,
    0xce, 0xff, 0xff, 0xff, 0xf5, 0x00, 0x00, 0x00,
    0x8f, 0xff, 0xff, 0xff, 0xff, 0xff, 0xff, 0xff,
    0xff, 0xf7, 0x00, 0x00, 0x00, 0x5f, 0xff, 0xff,
    0xff, 0xff, 0xff, 0xff, 0xff, 0xff, 0xf5, 0x00,
    0x00, 0x00, 0x0d, 0xff, 0xff, 0xef, 0xff, 0xff,
    0xff, 0xff, 0xff, 0x91, 0x00, 0x00, 0x00, 0x00,
    0x0a, 0xff, 0x80, 0x16, 0xad, 0xef, 0xed, 0xa6,
    0x10, 0x00, 0x00, 0x00, 0x00, 0x00, 0x05, 0xa0,
    0x00, 0x00, 0x00, 0x00, 0x00, 0x00, 0x00, 0x00,
    0x00, 0x00,

    /* U+00D9 "Ù" */
    0x00, 0x00, 0x00, 0x64, 0x00, 0x00, 0x00, 0x00,
    0x00, 0x00, 0x00, 0x00, 0x06, 0xff, 0x50, 0x00,
    0x00, 0x00, 0x00, 0x00, 0x00, 0x00, 0x2f, 0xff,
    0xf6, 0x00, 0x00, 0x00, 0x00, 0x00, 0x00, 0x00,
    0x05, 0xff, 0xff, 0x70, 0x00, 0x00, 0x00, 0x00,
    0x00, 0x00, 0x00, 0x4f, 0xff, 0xf8, 0x00, 0x00,
    0x00, 0x00, 0x00, 0x00, 0x00, 0x03, 0xff, 0xff,
    0x40, 0x00, 0x00, 0x00, 0x00, 0x00, 0x00, 0x00,
    0x2e, 0xf8, 0x00, 0x00, 0x00, 0x00, 0x00, 0x00,
    0x00, 0x00, 0x02, 0x70, 0x00, 0x00, 0x00, 0x00,
    0x00, 0x00, 0x00, 0x00, 0x00, 0x00, 0x00, 0x00,
    0x00, 0x00, 0x00, 0x00, 0x00, 0x00, 0x00, 0x00,
    0x00, 0x00, 0x00, 0x00, 0xbf, 0xff, 0xf1, 0x00,
    0x00, 0x00, 0x00, 0x0c, 0xff, 0xff, 0xbf, 0xff,
    0xf1, 0x00, 0x00, 0x00, 0x00, 0x0c, 0xff, 0xff,
    0xbf, 0xff, 0xf1, 0x00, 0x00, 0x00, 0x00, 0x0c,
    0xff, 0xff, 0xbf, 0xff, 0xf1, 0x00, 0x00, 0x00,
    0x00, 0x0c, 0xff, 0xff, 0xbf, 0xff, 0xf1, 0x00,
    0x00, 0x00, 0x00, 0x0c, 0xff, 0xff, 0xbf, 0xff,
    0xf1, 0x00, 0x00, 0x00, 0x00, 0x0c, 0xff, 0xff,
    0xbf, 0xff, 0xf1, 0x00, 0x00, 0x00, 0x00, 0x0c,
    0xff, 0xff, 0xbf, 0xff, 0xf1, 0x00, 0x00, 0x00,
    0x00, 0x0c, 0xff, 0xff, 0xbf, 0xff, 0xf1, 0x00,
    0x00, 0x00, 0x00, 0x0c, 0xff, 0xff, 0xbf, 0xff,
    0xf1, 0x00, 0x00, 0x00, 0x00, 0x0c, 0xff, 0xff,
    0xbf, 0xff, 0xf1, 0x00, 0x00, 0x00, 0x00, 0x0c,
    0xff, 0xff, 0xbf, 0xff, 0xf1, 0x00, 0x00, 0x00,
    0x00, 0x0c, 0xff, 0xff, 0xbf, 0xff, 0xf1, 0x00,
    0x00, 0x00, 0x00, 0x0c, 0xff, 0xff, 0xbf, 0xff,
    0xf1, 0x00, 0x00, 0x00, 0x00, 0x0c, 0xff, 0xff,
    0xbf, 0xff, 0xf1, 0x00, 0x00, 0x00, 0x00, 0x0c,
    0xff, 0xff, 0xaf, 0xff, 0xf1, 0x00, 0x00, 0x00,
    0x00, 0x0c, 0xff, 0xfe, 0x9f, 0xff, 0xf4, 0x00,
    0x00, 0x00, 0x00, 0x0f, 0xff, 0xfd, 0x7f, 0xff,
    0xf9, 0x00, 0x00, 0x00, 0x00, 0x4f, 0xff, 0xfb,
    0x3f, 0xff, 0xff, 0x20, 0x00, 0x00, 0x00, 0xcf,
    0xff, 0xf7, 0x0d, 0xff, 0xff, 0xd3, 0x00, 0x00,
    0x1b, 0xff, 0xff, 0xf2, 0x06, 0xff, 0xff, 0xff,
    0xca, 0x9b, 0xff, 0xff, 0xff, 0xa0, 0x00, 0xcf,
    0xff, 0xff, 0xff, 0xff, 0xff, 0xff, 0xfe, 0x20,
    0x00, 0x1d, 0xff, 0xff, 0xff, 0xff, 0xff, 0xff,
    0xf4, 0x00, 0x00, 0x00, 0x9f, 0xff, 0xff, 0xff,
    0xff, 0xfc, 0x20, 0x00, 0x00, 0x00, 0x01, 0x7b,
    0xef, 0xfe, 0xc9, 0x30, 0x00, 0x00,

    /* U+00DA "Ú" */
    0x00, 0x00, 0x00, 0x00, 0x00, 0x00, 0x28, 0x00,
    0x00, 0x00, 0x00, 0x00, 0x00, 0x00, 0x00, 0x03,
    0xef, 0x90, 0x00, 0x00, 0x00, 0x00, 0x00, 0x00,
    0x00, 0x3f, 0xff, 0xf5, 0x00, 0x00, 0x00, 0x00,
    0x00, 0x00, 0x04, 0xff, 0xff, 0x80, 0x00, 0x00,
    0x00, 0x00, 0x00, 0x00, 0x6f, 0xff, 0xf7, 0x00,
    0x00, 0x00, 0x00, 0x00, 0x00, 0x02, 0xff, 0xff,
    0x60, 0x00, 0x00, 0x00, 0x00, 0x00, 0x00, 0x00,
    0x5f, 0xf5, 0x00, 0x00, 0x00, 0x00, 0x00, 0x00,
    0x00, 0x00, 0x05, 0x40, 0x00, 0x00, 0x00, 0x00,
    0x00, 0x00, 0x00, 0x00, 0x00, 0x00, 0x00, 0x00,
    0x00, 0x00, 0x00, 0x00, 0x00, 0x00, 0x00, 0x00,
    0x00, 0x00, 0x00, 0x00, 0xbf, 0xff, 0xf1, 0x00,
    0x00, 0x00, 0x00, 0x0c, 0xff, 0xff, 0xbf, 0xff,
    0xf1, 0x00, 0x00, 0x00, 0x00, 0x0c, 0xff, 0xff,
    0xbf, 0xff, 0xf1, 0x00, 0x00, 0x00, 0x00, 0x0c,
    0xff, 0xff, 0xbf, 0xff, 0xf1, 0x00, 0x00, 0x00,
    0x00, 0x0c, 0xff, 0xff, 0xbf, 0xff, 0xf1, 0x00,
    0x00, 0x00, 0x00, 0x0c, 0xff, 0xff, 0xbf, 0xff,
    0xf1, 0x00, 0x00, 0x00, 0x00, 0x0c, 0xff, 0xff,
    0xbf, 0xff, 0xf1, 0x00, 0x00, 0x00, 0x00, 0x0c,
    0xff, 0xff, 0xbf, 0xff, 0xf1, 0x00, 0x00, 0x00,
    0x00, 0x0c, 0xff, 0xff, 0xbf, 0xff, 0xf1, 0x00,
    0x00, 0x00, 0x00, 0x0c, 0xff, 0xff, 0xbf, 0xff,
    0xf1, 0x00, 0x00, 0x00, 0x00, 0x0c, 0xff, 0xff,
    0xbf, 0xff, 0xf1, 0x00, 0x00, 0x00, 0x00, 0x0c,
    0xff, 0xff, 0xbf, 0xff, 0xf1, 0x00, 0x00, 0x00,
    0x00, 0x0c, 0xff, 0xff, 0xbf, 0xff, 0xf1, 0x00,
    0x00, 0x00, 0x00, 0x0c, 0xff, 0xff, 0xbf, 0xff,
    0xf1, 0x00, 0x00, 0x00, 0x00, 0x0c, 0xff, 0xff,
    0xbf, 0xff, 0xf1, 0x00, 0x00, 0x00, 0x00, 0x0c,
    0xff, 0xff, 0xaf, 0xff, 0xf1, 0x00, 0x00, 0x00,
    0x00, 0x0c, 0xff, 0xfe, 0x9f, 0xff, 0xf4, 0x00,
    0x00, 0x00, 0x00, 0x0f, 0xff, 0xfd, 0x7f, 0xff,
    0xf9, 0x00, 0x00, 0x00, 0x00, 0x4f, 0xff, 0xfb,
    0x3f, 0xff, 0xff, 0x20, 0x00, 0x00, 0x00, 0xcf,
    0xff, 0xf7, 0x0d, 0xff, 0xff, 0xd3, 0x00, 0x00,
    0x1b, 0xff, 0xff, 0xf2, 0x06, 0xff, 0xff, 0xff,
    0xca, 0x9b, 0xff, 0xff, 0xff, 0xa0, 0x00, 0xcf,
    0xff, 0xff, 0xff, 0xff, 0xff, 0xff, 0xfe, 0x20,
    0x00, 0x1d, 0xff, 0xff, 0xff, 0xff, 0xff, 0xff,
    0xf4, 0x00, 0x00, 0x00, 0x9f, 0xff, 0xff, 0xff,
    0xff, 0xfc, 0x20, 0x00, 0x00, 0x00, 0x01, 0x7b,
    0xef, 0xfe, 0xc9, 0x30, 0x00, 0x00,

    /* U+00DB "Û" */
    0x00, 0x00, 0x00, 0x00, 0x03, 0x50, 0x00, 0x00,
    0x00, 0x00, 0x00, 0x00, 0x00, 0x00, 0x4f, 0xf6,
    0x00, 0x00, 0x00, 0x00, 0x00, 0x00, 0x00, 0x04,
    0xff, 0xff, 0x70, 0x00, 0x00, 0x00, 0x00, 0x00,
    0x00, 0x5f, 0xff, 0xff, 0xf8, 0x00, 0x00, 0x00,
    0x00, 0x00, 0x06, 0xff, 0xff, 0xff, 0xff, 0x90,
    0x00, 0x00, 0x00, 0x00, 0x1f, 0xff, 0xf3, 0x1d,
    0xff, 0xf4, 0x00, 0x00, 0x00, 0x00, 0x03, 0xfe,
    0x30, 0x01, 0xdf, 0x60, 0x00, 0x00, 0x00, 0x00,
    0x00, 0x32, 0x00, 0x00, 0x15, 0x00, 0x00, 0x00,
    0x00, 0x00, 0x00, 0x00, 0x00, 0x00, 0x00, 0x00,
    0x00, 0x00, 0x00, 0x00, 0x00, 0x00, 0x00, 0x00,
    0x00, 0x00, 0x00, 0x00, 0xbf, 0xff, 0xf1, 0x00,
    0x00, 0x00, 0x00, 0x0c, 0xff, 0xff, 0xbf, 0xff,
    0xf1, 0x00, 0x00, 0x00, 0x00, 0x0c, 0xff, 0xff,
    0xbf, 0xff, 0xf1, 0x00, 0x00, 0x00, 0x00, 0x0c,
    0xff, 0xff, 0xbf, 0xff, 0xf1, 0x00, 0x00, 0x00,
    0x00, 0x0c, 0xff, 0xff, 0xbf, 0xff, 0xf1, 0x00,
    0x00, 0x00, 0x00, 0x0c, 0xff, 0xff, 0xbf, 0xff,
    0xf1, 0x00, 0x00, 0x00, 0x00, 0x0c, 0xff, 0xff,
    0xbf, 0xff, 0xf1, 0x00, 0x00, 0x00, 0x00, 0x0c,
    0xff, 0xff, 0xbf, 0xff, 0xf1, 0x00, 0x00, 0x00,
    0x00, 0x0c, 0xff, 0xff, 0xbf, 0xff, 0xf1, 0x00,
    0x00, 0x00, 0x00, 0x0c, 0xff, 0xff, 0xbf, 0xff,
    0xf1, 0x00, 0x00, 0x00, 0x00, 0x0c, 0xff, 0xff,
    0xbf, 0xff, 0xf1, 0x00, 0x00, 0x00, 0x00, 0x0c,
    0xff, 0xff, 0xbf, 0xff, 0xf1, 0x00, 0x00, 0x00,
    0x00, 0x0c, 0xff, 0xff, 0xbf, 0xff, 0xf1, 0x00,
    0x00, 0x00, 0x00, 0x0c, 0xff, 0xff, 0xbf, 0xff,
    0xf1, 0x00, 0x00, 0x00, 0x00, 0x0c, 0xff, 0xff,
    0xbf, 0xff, 0xf1, 0x00, 0x00, 0x00, 0x00, 0x0c,
    0xff, 0xff, 0xaf, 0xff, 0xf1, 0x00, 0x00, 0x00,
    0x00, 0x0c, 0xff, 0xfe, 0x9f, 0xff, 0xf4, 0x00,
    0x00, 0x00, 0x00, 0x0f, 0xff, 0xfd, 0x7f, 0xff,
    0xf9, 0x00, 0x00, 0x00, 0x00, 0x4f, 0xff, 0xfb,
    0x3f, 0xff, 0xff, 0x20, 0x00, 0x00, 0x00, 0xcf,
    0xff, 0xf7, 0x0d, 0xff, 0xff, 0xd3, 0x00, 0x00,
    0x1b, 0xff, 0xff, 0xf2, 0x06, 0xff, 0xff, 0xff,
    0xca, 0x9b, 0xff, 0xff, 0xff, 0xa0, 0x00, 0xcf,
    0xff, 0xff, 0xff, 0xff, 0xff, 0xff, 0xfe, 0x20,
    0x00, 0x1d, 0xff, 0xff, 0xff, 0xff, 0xff, 0xff,
    0xf4, 0x00, 0x00, 0x00, 0x9f, 0xff, 0xff, 0xff,
    0xff, 0xfc, 0x20, 0x00, 0x00, 0x00, 0x01, 0x7b,
    0xef, 0xfe, 0xc9, 0x30, 0x00, 0x00,

    /* U+00DC "Ü" */
    0x00, 0x00, 0x1b, 0xfc, 0x30, 0x01, 0xaf, 0xd4,
    0x00, 0x00, 0x00, 0x00, 0xcf, 0xff, 0xe0, 0x0a,
    0xff, 0xff, 0x10, 0x00, 0x00, 0x00, 0xff, 0xff,
    0xf3, 0x0f, 0xff, 0xff, 0x50, 0x00, 0x00, 0x00,
    0xff, 0xff, 0xf2, 0x0d, 0xff, 0xff, 0x30, 0x00,
    0x00, 0x00, 0x6f, 0xff, 0x90, 0x05, 0xff, 0xfa,
    0x00, 0x00, 0x00, 0x00, 0x02, 0x64, 0x00, 0x00,
    0x26, 0x40, 0x00, 0x00, 0x00, 0x00, 0x00, 0x00,
    0x00, 0x00, 0x00, 0x00, 0x00, 0x00, 0x00, 0x00,
    0x00, 0x00, 0x00, 0x00, 0x00, 0x00, 0x00, 0x00,
    0xbf, 0xff, 0xf1, 0x00, 0x00, 0x00, 0x00, 0x0c,
    0xff, 0xff, 0xbf, 0xff, 0xf1, 0x00, 0x00, 0x00,
    0x00, 0x0c, 0xff, 0xff, 0xbf, 0xff, 0xf1, 0x00,
    0x00, 0x00, 0x00, 0x0c, 0xff, 0xff, 0xbf, 0xff,
    0xf1, 0x00, 0x00, 0x00, 0x00, 0x0c, 0xff, 0xff,
    0xbf, 0xff, 0xf1, 0x00, 0x00, 0x00, 0x00, 0x0c,
    0xff, 0xff, 0xbf, 0xff, 0xf1, 0x00, 0x00, 0x00,
    0x00, 0x0c, 0xff, 0xff, 0xbf, 0xff, 0xf1, 0x00,
    0x00, 0x00, 0x00, 0x0c, 0xff, 0xff, 0xbf, 0xff,
    0xf1, 0x00, 0x00, 0x00, 0x00, 0x0c, 0xff, 0xff,
    0xbf, 0xff, 0xf1, 0x00, 0x00, 0x00, 0x00, 0x0c,
    0xff, 0xff, 0xbf, 0xff, 0xf1, 0x00, 0x00, 0x00,
    0x00, 0x0c, 0xff, 0xff, 0xbf, 0xff, 0xf1, 0x00,
    0x00, 0x00, 0x00, 0x0c, 0xff, 0xff, 0xbf, 0xff,
    0xf1, 0x00, 0x00, 0x00, 0x00, 0x0c, 0xff, 0xff,
    0xbf, 0xff, 0xf1, 0x00, 0x00, 0x00, 0x00, 0x0c,
    0xff, 0xff, 0xbf, 0xff, 0xf1, 0x00, 0x00, 0x00,
    0x00, 0x0c, 0xff, 0xff, 0xbf, 0xff, 0xf1, 0x00,
    0x00, 0x00, 0x00, 0x0c, 0xff, 0xff, 0xaf, 0xff,
    0xf1, 0x00, 0x00, 0x00, 0x00, 0x0c, 0xff, 0xfe,
    0x9f, 0xff, 0xf4, 0x00, 0x00, 0x00, 0x00, 0x0f,
    0xff, 0xfd, 0x7f, 0xff, 0xf9, 0x00, 0x00, 0x00,
    0x00, 0x4f, 0xff, 0xfb, 0x3f, 0xff, 0xff, 0x20,
    0x00, 0x00, 0x00, 0xcf, 0xff, 0xf7, 0x0d, 0xff,
    0xff, 0xd3, 0x00, 0x00, 0x1b, 0xff, 0xff, 0xf2,
    0x06, 0xff, 0xff, 0xff, 0xca, 0x9b, 0xff, 0xff,
    0xff, 0xa0, 0x00, 0xcf, 0xff, 0xff, 0xff, 0xff,
    0xff, 0xff, 0xfe, 0x20, 0x00, 0x1d, 0xff, 0xff,
    0xff, 0xff, 0xff, 0xff, 0xf4, 0x00, 0x00, 0x00,
    0x9f, 0xff, 0xff, 0xff, 0xff, 0xfc, 0x20, 0x00,
    0x00, 0x00, 0x01, 0x7b, 0xef, 0xfe, 0xc9, 0x30,
    0x00, 0x00,

    /* U+00DD "Ý" */
    0x00, 0x00, 0x00, 0x00, 0x00, 0x00, 0x00, 0x82,
    0x00, 0x00, 0x00, 0x00, 0x00, 0x00, 0x00, 0x00,
    0x00, 0x00, 0xaf, 0xe2, 0x00, 0x00, 0x00, 0x00,
    0x00, 0x00, 0x00, 0x00, 0x00, 0xbf, 0xff, 0xc0,
    0x00, 0x00, 0x00, 0x00, 0x00, 0x00, 0x00, 0x01,
    0xcf, 0xff, 0xd1, 0x00, 0x00, 0x00, 0x00, 0x00,
    0x00, 0x00, 0x01, 0xdf, 0xff, 0xc1, 0x00, 0x00,
    0x00, 0x00, 0x00, 0x00, 0x00, 0x00, 0xaf, 0xff,
    0xb0, 0x00, 0x00, 0x00, 0x00, 0x00, 0x00, 0x00,
    0x00, 0x01, 0xdf, 0xa0, 0x00, 0x00, 0x00, 0x00,
    0x00, 0x00, 0x00, 0x00, 0x00, 0x01, 0x80, 0x00,
    0x00, 0x00, 0x00, 0x00, 0x00, 0x00, 0x00, 0x00,
    0x00, 0x00, 0x00, 0x00, 0x00, 0x00, 0x00, 0x00,
    0x00, 0x00, 0x00, 0x00, 0x00, 0x00, 0x00, 0x00,
    0x00, 0x00, 0x00, 0x0d, 0xff, 0xff, 0x60, 0x00,
    0x00, 0x00, 0x00, 0x3f, 0xff, 0xfe, 0x00, 0x5f,
    0xff, 0xfd, 0x00, 0x00, 0x00, 0x00, 0x0a, 0xff,
    0xff, 0x60, 0x00, 0xcf, 0xff, 0xf5, 0x00, 0x00,
    0x00, 0x02, 0xff, 0xff, 0xe0, 0x00, 0x04, 0xff,
    0xff, 0xd0, 0x00, 0x00, 0x00, 0xaf, 0xff, 0xf6,
    0x00, 0x00, 0x0c, 0xff, 0xff, 0x50, 0x00, 0x00,
    0x2f, 0xff, 0xfd, 0x00, 0x00, 0x00, 0x4f, 0xff,
    0xfd, 0x00, 0x00, 0x0a, 0xff, 0xff, 0x60, 0x00,
    0x00, 0x00, 0xcf, 0xff, 0xf5, 0x00, 0x02, 0xff,
    0xff, 0xd0, 0x00, 0x00, 0x00, 0x04, 0xff, 0xff,
    0xd0, 0x00, 0xaf, 0xff, 0xf5, 0x00, 0x00, 0x00,
    0x00, 0x0c, 0xff, 0xff, 0x50, 0x2f, 0xff, 0xfd,
    0x00, 0x00, 0x00, 0x00, 0x00, 0x3f, 0xff, 0xfd,
    0x0a, 0xff, 0xff, 0x50, 0x00, 0x00, 0x00, 0x00,
    0x00, 0xbf, 0xff, 0xf7, 0xff, 0xff, 0xc0, 0x00,
    0x00, 0x00, 0x00, 0x00, 0x03, 0xff, 0xff, 0xff,
    0xff, 0xf4, 0x00, 0x00, 0x00, 0x00, 0x00, 0x00,
    0x0b, 0xff, 0xff, 0xff, 0xfc, 0x00, 0x00, 0x00,
    0x00, 0x00, 0x00, 0x00, 0x3f, 0xff, 0xff, 0xff,
    0x40, 0x00, 0x00, 0x00, 0x00, 0x00, 0x00, 0x00,
    0xbf, 0xff, 0xff, 0xc0, 0x00, 0x00, 0x00, 0x00,
    0x00, 0x00, 0x00, 0x03, 0xff, 0xff, 0xf4, 0x00,
    0x00, 0x00, 0x00, 0x00, 0x00, 0x00, 0x00, 0x0f,
    0xff, 0xff, 0x00, 0x00, 0x00, 0x00, 0x00, 0x00,
    0x00, 0x00, 0x00, 0xcf, 0xff, 0xe0, 0x00, 0x00,
    0x00, 0x00, 0x00, 0x00, 0x00, 0x00, 0x0c, 0xff,
    0xfe, 0x00, 0x00, 0x00, 0x00, 0x00, 0x00, 0x00,
    0x00, 0x00, 0xcf, 0xff, 0xe0, 0x00, 0x00, 0x00,
    0x00, 0x00, 0x00, 0x00, 0x00, 0x0c, 0xff, 0xfe,
    0x00, 0x00, 0x00, 0x00, 0x00, 0x00, 0x00, 0x00,
    0x00, 0xcf, 0xff, 0xe0, 0x00, 0x00, 0x00, 0x00,
    0x00, 0x00, 0x00, 0x00, 0x0c, 0xff, 0xfe, 0x00,
    0x00, 0x00, 0x00, 0x00, 0x00, 0x00, 0x00, 0x00,
    0xcf, 0xff, 0xe0, 0x00, 0x00, 0x00, 0x00, 0x00,
    0x00, 0x00, 0x00, 0x0c, 0xff, 0xfe, 0x00, 0x00,
    0x00, 0x00, 0x00,

    /* U+00DE "Þ" */
    0x8f, 0xff, 0xf2, 0x00, 0x00, 0x00, 0x00, 0x00,
    0x00, 0x08, 0xff, 0xff, 0x20, 0x00, 0x00, 0x00,
    0x00, 0x00, 0x00, 0x8f, 0xff, 0xf2, 0x00, 0x00,
    0x00, 0x00, 0x00, 0x00, 0x08, 0xff, 0xff, 0x20,
    0x00, 0x00, 0x00, 0x00, 0x00, 0x00, 0x8f, 0xff,
    0xff, 0xff, 0xff, 0xec, 0x71, 0x00, 0x00, 0x08,
    0xff, 0xff, 0xff, 0xff, 0xff, 0xff, 0xf7, 0x00,
    0x00, 0x8f, 0xff, 0xff, 0xff, 0xff, 0xff, 0xff,
    0xfa, 0x00, 0x08, 0xff, 0xff, 0xff, 0xff, 0xff,
    0xff, 0xff, 0xf8, 0x00, 0x8f, 0xff, 0xfa, 0x88,
    0x88, 0xbf, 0xff, 0xff, 0xf2, 0x08, 0xff, 0xff,
    0x20, 0x00, 0x00, 0x2d, 0xff, 0xff, 0x90, 0x8f,
    0xff, 0xf2, 0x00, 0x00, 0x00, 0x3f, 0xff, 0xfe,
    0x08, 0xff, 0xff, 0x20, 0x00, 0x00, 0x00, 0xdf,
    0xff, 0xf1, 0x8f, 0xff, 0xf2, 0x00, 0x00, 0x00,
    0x0a, 0xff, 0xff, 0x28, 0xff, 0xff, 0x20, 0x00,
    0x00, 0x00, 0xbf, 0xff, 0xf1, 0x8f, 0xff, 0xf2,
    0x00, 0x00, 0x00, 0x0e, 0xff, 0xff, 0x08, 0xff,
    0xff, 0x20, 0x00, 0x00, 0x08, 0xff, 0xff, 0xc0,
    0x8f, 0xff, 0xf2, 0x00, 0x00, 0x3b, 0xff, 0xff,
    0xf6, 0x08, 0xff, 0xff, 0xff, 0xff, 0xff, 0xff,
    0xff, 0xfd, 0x00, 0x8f, 0xff, 0xff, 0xff, 0xff,
    0xff, 0xff, 0xff, 0x30, 0x08, 0xff, 0xff, 0xff,
    0xff, 0xff, 0xff, 0xfe, 0x40, 0x00, 0x8f, 0xff,
    0xff, 0xff, 0xff, 0xff, 0xf9, 0x10, 0x00, 0x08,
    0xff, 0xff, 0xb8, 0x88, 0x87, 0x40, 0x00, 0x00,
    0x00, 0x8f, 0xff, 0xf2, 0x00, 0x00, 0x00, 0x00,
    0x00, 0x00, 0x08, 0xff, 0xff, 0x20, 0x00, 0x00,
    0x00, 0x00, 0x00, 0x00, 0x8f, 0xff, 0xf2, 0x00,
    0x00, 0x00, 0x00, 0x00, 0x00, 0x00,

    /* U+00DF "ß" */
    0x00, 0x00, 0x04, 0xad, 0xff, 0xec, 0x72, 0x00,
    0x00, 0x00, 0x00, 0x01, 0xbf, 0xff, 0xff, 0xff,
    0xff, 0x80, 0x00, 0x00, 0x00, 0x1e, 0xff, 0xff,
    0xff, 0xff, 0xff, 0xfa, 0x00, 0x00, 0x00, 0xbf,
    0xff, 0xff, 0xff, 0xff, 0xff, 0xff, 0x60, 0x00,
    0x04, 0xff, 0xff, 0xfd, 0x87, 0xaf, 0xff, 0xff,
    0xc0, 0x00, 0x0a, 0xff, 0xff, 0xa0, 0x00, 0x04,
    0xff, 0xff, 0xf0, 0x00, 0x0e, 0xff, 0xff, 0x10,
    0x00, 0x00, 0xef, 0xff, 0xe0, 0x00, 0x0f, 0xff,
    0xfb, 0x00, 0x00, 0x02, 0xff, 0xff, 0xa0, 0x00,
    0x1f, 0xff, 0xfa, 0x00, 0x00, 0x1d, 0xff, 0xfe,
    0x20, 0x00, 0x1f, 0xff, 0xfa, 0x00, 0x00, 0xcf,
    0xff, 0xf3, 0x00, 0x00, 0x1f, 0xff, 0xfa, 0x00,
    0x09, 0xff, 0xff, 0x40, 0x00, 0x00, 0x1f, 0xff,
    0xfa, 0x00, 0x0f, 0xff, 0xfa, 0x00, 0x00, 0x00,
    0x1f, 0xff, 0xfa, 0x00, 0x1f, 0xff, 0xfb, 0x00,
    0x00, 0x00, 0x1f, 0xff, 0xfa, 0x00, 0x0d, 0xff,
    0xff, 0x90, 0x00, 0x00, 0x1f, 0xff, 0xfa, 0x00,
    0x04, 0xff, 0xff, 0xfc, 0x20, 0x00, 0x1f, 0xff,
    0xfa, 0x00, 0x00, 0x5f, 0xff, 0xff, 0xe3, 0x00,
    0x1f, 0xff, 0xfa, 0x00, 0x00, 0x03, 0xdf, 0xff,
    0xfe, 0x10, 0x1f, 0xff, 0xfa, 0x00, 0x00, 0x00,
    0x0a, 0xff, 0xff, 0x90, 0x1f, 0xff, 0xfa, 0x00,
    0x00, 0x00, 0x00, 0xcf, 0xff, 0xf0, 0x1f, 0xff,
    0xfa, 0x00, 0x5b, 0x00, 0x00, 0x8f, 0xff, 0xf1,
    0x1f, 0xff, 0xfa, 0x06, 0xff, 0x90, 0x00, 0xcf,
    0xff, 0xf1, 0x1f, 0xff, 0xfa, 0x3f, 0xff, 0xff,
    0xde, 0xff, 0xff, 0xd0, 0x1f, 0xff, 0xfa, 0x09,
    0xff, 0xff, 0xff, 0xff, 0xff, 0x50, 0x1f, 0xff,
    0xfa, 0x00, 0x8f, 0xff, 0xff, 0xff, 0xf7, 0x00,
    0x1f, 0xff, 0xfa, 0x00, 0x02, 0x8c, 0xef, 0xda,
    0x30, 0x00,

    /* U+00E0 "à" */
    0x00, 0x00, 0x01, 0x00, 0x00, 0x00, 0x00, 0x00,
    0x00, 0x00, 0x02, 0xec, 0x10, 0x00, 0x00, 0x00,
    0x00, 0x00, 0x02, 0xef, 0xfd, 0x10, 0x00, 0x00,
    0x00, 0x00, 0x00, 0x0b, 0xff, 0xfd, 0x20, 0x00,
    0x00, 0x00, 0x00, 0x00, 0x0a, 0xff, 0xfe, 0x20,
    0x00, 0x00, 0x00, 0x00, 0x00, 0x09, 0xff, 0xfe,
    0x30, 0x00, 0x00, 0x00, 0x00, 0x00, 0x08, 0xff,
    0xc0, 0x00, 0x00, 0x00, 0x00, 0x00, 0x00, 0x07,
    0xd1, 0x00, 0x00, 0x00, 0x00, 0x00, 0x00, 0x00,
    0x00, 0x00, 0x00, 0x00, 0x00, 0x00, 0x00, 0x00,
    0x00, 0x00, 0x00, 0x00, 0x00, 0x00, 0x00, 0x38,
    0xbe, 0xff, 0xdb, 0x50, 0x00, 0x00, 0x05, 0xdf,
    0xff, 0xff, 0xff, 0xff, 0xd2, 0x00, 0x00, 0x4f,
    0xff, 0xff, 0xff, 0xff, 0xff, 0xe1, 0x00, 0x00,
    0xdf, 0xff, 0xff, 0xff, 0xff, 0xff, 0x90, 0x00,
    0x05, 0x94, 0x20, 0x01, 0x7f, 0xff, 0xff, 0x00,
    0x00, 0x00, 0x00, 0x00, 0x00, 0xaf, 0xff, 0xf2,
    0x00, 0x00, 0x6b, 0xef, 0xec, 0x67, 0xff, 0xff,
    0x40, 0x02, 0xdf, 0xff, 0xff, 0xff, 0xff, 0xff,
    0xf5, 0x01, 0xdf, 0xff, 0xff, 0xff, 0xff, 0xff,
    0xff, 0x50, 0x8f, 0xff, 0xff, 0xc9, 0xaf, 0xff,
    0xff, 0xf5, 0x0d, 0xff, 0xff, 0x60, 0x00, 0x1f,
    0xff, 0xff, 0x50, 0xff, 0xff, 0xe0, 0x00, 0x00,
    0x8f, 0xff, 0xf5, 0x0f, 0xff, 0xfe, 0x00, 0x00,
    0x08, 0xff, 0xff, 0x50, 0xef, 0xff, 0xf7, 0x00,
    0x02, 0xef, 0xff, 0xf5, 0x08, 0xff, 0xff, 0xfd,
    0xab, 0xff, 0xff, 0xff, 0x50, 0x1e, 0xff, 0xff,
    0xff, 0xff, 0xff, 0xff, 0xf5, 0x00, 0x3e, 0xff,
    0xff, 0xff, 0xfc, 0xef, 0xff, 0x50, 0x00, 0x07,
    0xce, 0xfe, 0xb6, 0x09, 0xff, 0xf5,

    /* U+00E1 "á" */
    0x00, 0x00, 0x00, 0x00, 0x00, 0x00, 0x20, 0x00,
    0x00, 0x00, 0x00, 0x00, 0x00, 0x00, 0xaf, 0x30,
    0x00, 0x00, 0x00, 0x00, 0x00, 0x00, 0xbf, 0xff,
    0x30, 0x00, 0x00, 0x00, 0x00, 0x01, 0xcf, 0xff,
    0xd1, 0x00, 0x00, 0x00, 0x00, 0x01, 0xdf, 0xff,
    0xc1, 0x00, 0x00, 0x00, 0x00, 0x01, 0xdf, 0xff,
    0xb0, 0x00, 0x00, 0x00, 0x00, 0x00, 0x0b, 0xff,
    0xa0, 0x00, 0x00, 0x00, 0x00, 0x00, 0x00, 0x0b,
    0x90, 0x00, 0x00, 0x00, 0x00, 0x00, 0x00, 0x00,
    0x00, 0x00, 0x00, 0x00, 0x00, 0x00, 0x00, 0x00,
    0x00, 0x00, 0x00, 0x00, 0x00, 0x00, 0x00, 0x38,
    0xbe, 0xff, 0xdb, 0x50, 0x00, 0x00, 0x05, 0xdf,
    0xff, 0xff, 0xff, 0xff, 0xd2, 0x00, 0x00, 0x4f,
    0xff, 0xff, 0xff, 0xff, 0xff, 0xe1, 0x00, 0x00,
    0xdf, 0xff, 0xff, 0xff, 0xff, 0xff, 0x90, 0x00,
    0x05, 0x94, 0x20, 0x01, 0x7f, 0xff, 0xff, 0x00,
    0x00, 0x00, 0x00, 0x00, 0x00, 0xaf, 0xff, 0xf2,
    0x00, 0x00, 0x6b, 0xef, 0xec, 0x67, 0xff, 0xff,
    0x40, 0x02, 0xdf, 0xff, 0xff, 0xff, 0xff, 0xff,
    0xf5, 0x01, 0xdf, 0xff, 0xff, 0xff, 0xff, 0xff,
    0xff, 0x50, 0x8f, 0xff, 0xff, 0xc9, 0xaf, 0xff,
    0xff, 0xf5, 0x0d, 0xff, 0xff, 0x60, 0x00, 0x1f,
    0xff, 0xff, 0x50, 0xff, 0xff, 0xe0, 0x00, 0x00,
    0x8f, 0xff, 0xf5, 0x0f, 0xff, 0xfe, 0x00, 0x00,
    0x08, 0xff, 0xff, 0x50, 0xef, 0xff, 0xf7, 0x00,
    0x02, 0xef, 0xff, 0xf5, 0x08, 0xff, 0xff, 0xfd,
    0xab, 0xff, 0xff, 0xff, 0x50, 0x1e, 0xff, 0xff,
    0xff, 0xff, 0xff, 0xff, 0xf5, 0x00, 0x3e, 0xff,
    0xff, 0xff, 0xfc, 0xef, 0xff, 0x50, 0x00, 0x07,
    0xce, 0xfe, 0xb6, 0x09, 0xff, 0xf5,

    /* U+00E2 "â" */
    0x00, 0x00, 0x00, 0x00, 0x35, 0x00, 0x00, 0x00,
    0x00, 0x00, 0x00, 0x00, 0x3e, 0xf6, 0x00, 0x00,
    0x00, 0x00, 0x00, 0x00, 0x3f, 0xff, 0xf6, 0x00,
    0x00, 0x00, 0x00, 0x00, 0x4f, 0xff, 0xff, 0xf7,
    0x00, 0x00, 0x00, 0x00, 0x5f, 0xff, 0xff, 0xff,
    0xf8, 0x00, 0x00, 0x00, 0x1f, 0xff, 0xf4, 0x2e,
    0xff, 0xf4, 0x00, 0x00, 0x00, 0x4f, 0xf4, 0x00,
    0x2e, 0xf9, 0x00, 0x00, 0x00, 0x00, 0x43, 0x00,
    0x00, 0x38, 0x00, 0x00, 0x00, 0x00, 0x00, 0x00,
    0x00, 0x00, 0x00, 0x00, 0x00, 0x00, 0x00, 0x00,
    0x00, 0x00, 0x00, 0x00, 0x00, 0x00, 0x00, 0x38,
    0xbe, 0xff, 0xdb, 0x50, 0x00, 0x00, 0x05, 0xdf,
    0xff, 0xff, 0xff, 0xff, 0xd2, 0x00, 0x00, 0x4f,
    0xff, 0xff, 0xff, 0xff, 0xff, 0xe1, 0x00, 0x00,
    0xdf, 0xff, 0xff, 0xff, 0xff, 0xff, 0x90, 0x00,
    0x05, 0x94, 0x20, 0x01, 0x7f, 0xff, 0xff, 0x00,
    0x00, 0x00, 0x00, 0x00, 0x00, 0xaf, 0xff, 0xf2,
    0x00, 0x00, 0x6b, 0xef, 0xec, 0x67, 0xff, 0xff,
    0x40, 0x02, 0xdf, 0xff, 0xff, 0xff, 0xff, 0xff,
    0xf5, 0x01, 0xdf, 0xff, 0xff, 0xff, 0xff, 0xff,
    0xff, 0x50, 0x8f, 0xff, 0xff, 0xc9, 0xaf, 0xff,
    0xff, 0xf5, 0x0d, 0xff, 0xff, 0x60, 0x00, 0x1f,
    0xff, 0xff, 0x50, 0xff, 0xff, 0xe0, 0x00, 0x00,
    0x8f, 0xff, 0xf5, 0x0f, 0xff, 0xfe, 0x00, 0x00,
    0x08, 0xff, 0xff, 0x50, 0xef, 0xff, 0xf7, 0x00,
    0x02, 0xef, 0xff, 0xf5, 0x08, 0xff, 0xff, 0xfd,
    0xab, 0xff, 0xff, 0xff, 0x50, 0x1e, 0xff, 0xff,
    0xff, 0xff, 0xff, 0xff, 0xf5, 0x00, 0x3e, 0xff,
    0xff, 0xff, 0xfc, 0xef, 0xff, 0x50, 0x00, 0x07,
    0xce, 0xfe, 0xb6, 0x09, 0xff, 0xf5,

    /* U+00E3 "ã" */
    0x00, 0x00, 0x4c, 0xfe, 0xb6, 0x11, 0x8d, 0x83,
    0x00, 0x00, 0x5f, 0xff, 0xff, 0xff, 0xff, 0xff,
    0x90, 0x00, 0x1f, 0xff, 0xff, 0xff, 0xff, 0xff,
    0xe1, 0x00, 0x05, 0xef, 0xfb, 0x9e, 0xff, 0xff,
    0xe3, 0x00, 0x00, 0x00, 0x34, 0x00, 0x03, 0x67,
    0x50, 0x00, 0x00, 0x00, 0x00, 0x00, 0x00, 0x00,
    0x00, 0x00, 0x00, 0x00, 0x00, 0x00, 0x00, 0x00,
    0x00, 0x00, 0x00, 0x00, 0x00, 0x00, 0x00, 0x00,
    0x00, 0x00, 0x00, 0x00, 0x00, 0x00, 0x38, 0xbe,
    0xff, 0xdb, 0x50, 0x00, 0x00, 0x05, 0xdf, 0xff,
    0xff, 0xff, 0xff, 0xd2, 0x00, 0x00, 0x4f, 0xff,
    0xff, 0xff, 0xff, 0xff, 0xe1, 0x00, 0x00, 0xdf,
    0xff, 0xff, 0xff, 0xff, 0xff, 0x90, 0x00, 0x05,
    0x94, 0x20, 0x01, 0x7f, 0xff, 0xff, 0x00, 0x00,
    0x00, 0x00, 0x00, 0x00, 0xaf, 0xff, 0xf2, 0x00,
    0x00, 0x6b, 0xef, 0xec, 0x67, 0xff, 0xff, 0x40,
    0x02, 0xdf, 0xff, 0xff, 0xff, 0xff, 0xff, 0xf5,
    0x01, 0xdf, 0xff, 0xff, 0xff, 0xff, 0xff, 0xff,
    0x50, 0x8f, 0xff, 0xff, 0xc9, 0xaf, 0xff, 0xff,
    0xf5, 0x0d, 0xff, 0xff, 0x60, 0x00, 0x1f, 0xff,
    0xff, 0x50, 0xff, 0xff, 0xe0, 0x00, 0x00, 0x8f,
    0xff, 0xf5, 0x0f, 0xff, 0xfe, 0x00, 0x00, 0x08,
    0xff, 0xff, 0x50, 0xef, 0xff, 0xf7, 0x00, 0x02,
    0xef, 0xff, 0xf5, 0x08, 0xff, 0xff, 0xfd, 0xab,
    0xff, 0xff, 0xff, 0x50, 0x1e, 0xff, 0xff, 0xff,
    0xff, 0xff, 0xff, 0xf5, 0x00, 0x3e, 0xff, 0xff,
    0xff, 0xfc, 0xef, 0xff, 0x50, 0x00, 0x07, 0xce,
    0xfe, 0xb6, 0x09, 0xff, 0xf5,

    /* U+00E4 "ä" */
    0x00, 0x02, 0xbf, 0xc3, 0x00, 0x1b, 0xfd, 0x40,
    0x00, 0x00, 0xcf, 0xff, 0xe0, 0x0b, 0xff, 0xff,
    0x10, 0x00, 0x1f, 0xff, 0xff, 0x30, 0xff, 0xff,
    0xf5, 0x00, 0x00, 0xff, 0xff, 0xf2, 0x0e, 0xff,
    0xff, 0x30, 0x00, 0x06, 0xff, 0xf9, 0x00, 0x5f,
    0xff, 0xa0, 0x00, 0x00, 0x02, 0x63, 0x00, 0x00,
    0x25, 0x40, 0x00, 0x00, 0x00, 0x00, 0x00, 0x00,
    0x00, 0x00, 0x00, 0x00, 0x00, 0x00, 0x00, 0x00,
    0x00, 0x00, 0x00, 0x00, 0x00, 0x00, 0x38, 0xbe,
    0xff, 0xdb, 0x50, 0x00, 0x00, 0x05, 0xdf, 0xff,
    0xff, 0xff, 0xff, 0xd2, 0x00, 0x00, 0x4f, 0xff,
    0xff, 0xff, 0xff, 0xff, 0xe1, 0x00, 0x00, 0xdf,
    0xff, 0xff, 0xff, 0xff, 0xff, 0x90, 0x00, 0x05,
    0x94, 0x20, 0x01, 0x7f, 0xff, 0xff, 0x00, 0x00,
    0x00, 0x00, 0x00, 0x00, 0xaf, 0xff, 0xf2, 0x00,
    0x00, 0x6b, 0xef, 0xec, 0x67, 0xff, 0xff, 0x40,
    0x02, 0xdf, 0xff, 0xff, 0xff, 0xff, 0xff, 0xf5,
    0x01, 0xdf, 0xff, 0xff, 0xff, 0xff, 0xff, 0xff,
    0x50, 0x8f, 0xff, 0xff, 0xc9, 0xaf, 0xff, 0xff,
    0xf5, 0x0d, 0xff, 0xff, 0x60, 0x00, 0x1f, 0xff,
    0xff, 0x50, 0xff, 0xff, 0xe0, 0x00, 0x00, 0x8f,
    0xff, 0xf5, 0x0f, 0xff, 0xfe, 0x00, 0x00, 0x08,
    0xff, 0xff, 0x50, 0xef, 0xff, 0xf7, 0x00, 0x02,
    0xef, 0xff, 0xf5, 0x08, 0xff, 0xff, 0xfd, 0xab,
    0xff, 0xff, 0xff, 0x50, 0x1e, 0xff, 0xff, 0xff,
    0xff, 0xff, 0xff, 0xf5, 0x00, 0x3e, 0xff, 0xff,
    0xff, 0xfc, 0xef, 0xff, 0x50, 0x00, 0x07, 0xce,
    0xfe, 0xb6, 0x09, 0xff, 0xf5,

    /* U+00E5 "å" */
    0x00, 0x00, 0x00, 0x05, 0xaa, 0x71, 0x00, 0x00,
    0x00, 0x00, 0x00, 0x0b, 0xff, 0xff, 0xe2, 0x00,
    0x00, 0x00, 0x00, 0x07, 0xff, 0xff, 0xff, 0xb0,
    0x00, 0x00, 0x00, 0x00, 0xdf, 0xf4, 0x1e, 0xff,
    0x10, 0x00, 0x00, 0x00, 0x0e, 0xfe, 0x00, 0xaf,
    0xf3, 0x00, 0x00, 0x00, 0x00, 0xdf, 0xf4, 0x1e,
    0xff, 0x10, 0x00, 0x00, 0x00, 0x07, 0xff, 0xff,
    0xff, 0xb0, 0x00, 0x00, 0x00, 0x00, 0x0b, 0xff,
    0xff, 0xe1, 0x00, 0x00, 0x00, 0x00, 0x00, 0x05,
    0xab, 0x71, 0x00, 0x00, 0x00, 0x00, 0x00, 0x00,
    0x00, 0x00, 0x00, 0x00, 0x00, 0x00, 0x00, 0x00,
    0x00, 0x00, 0x00, 0x00, 0x00, 0x00, 0x00, 0x03,
    0x8b, 0xef, 0xfd, 0xb5, 0x00, 0x00, 0x00, 0x5d,
    0xff, 0xff, 0xff, 0xff, 0xfd, 0x20, 0x00, 0x04,
    0xff, 0xff, 0xff, 0xff, 0xff, 0xfe, 0x10, 0x00,
    0x0d, 0xff, 0xff, 0xff, 0xff, 0xff, 0xf9, 0x00,
    0x00, 0x59, 0x42, 0x00, 0x17, 0xff, 0xff, 0xf0,
    0x00, 0x00, 0x00, 0x00, 0x00, 0x0a, 0xff, 0xff,
    0x20, 0x00, 0x06, 0xbe, 0xfe, 0xc6, 0x7f, 0xff,
    0xf4, 0x00, 0x2d, 0xff, 0xff, 0xff, 0xff, 0xff,
    0xff, 0x50, 0x1d, 0xff, 0xff, 0xff, 0xff, 0xff,
    0xff, 0xf5, 0x08, 0xff, 0xff, 0xfc, 0x9a, 0xff,
    0xff, 0xff, 0x50, 0xdf, 0xff, 0xf6, 0x00, 0x01,
    0xff, 0xff, 0xf5, 0x0f, 0xff, 0xfe, 0x00, 0x00,
    0x08, 0xff, 0xff, 0x50, 0xff, 0xff, 0xe0, 0x00,
    0x00, 0x8f, 0xff, 0xf5, 0x0e, 0xff, 0xff, 0x70,
    0x00, 0x2e, 0xff, 0xff, 0x50, 0x8f, 0xff, 0xff,
    0xda, 0xbf, 0xff, 0xff, 0xf5, 0x01, 0xef, 0xff,
    0xff, 0xff, 0xff, 0xff, 0xff, 0x50, 0x03, 0xef,
    0xff, 0xff, 0xff, 0xce, 0xff, 0xf5, 0x00, 0x00,
    0x7c, 0xef, 0xeb, 0x60, 0x9f, 0xff, 0x50,

    /* U+00E6 "æ" */
    0x00, 0x00, 0x38, 0xbe, 0xff, 0xda, 0x40, 0x00,
    0x5b, 0xef, 0xfd, 0x92, 0x00, 0x00, 0x00, 0x4d,
    0xff, 0xff, 0xff, 0xff, 0xfa, 0x2d, 0xff, 0xff,
    0xff, 0xff, 0x70, 0x00, 0x00, 0x4f, 0xff, 0xff,
    0xff, 0xff, 0xff, 0xff, 0xff, 0xff, 0xff, 0xff,
    0xf8, 0x00, 0x00, 0x0d, 0xff, 0xff, 0xff, 0xff,
    0xff, 0xff, 0xff, 0xeb, 0xcf, 0xff, 0xff, 0x30,
    0x00, 0x05, 0x94, 0x10, 0x01, 0x9f, 0xff, 0xff,
    0xf6, 0x00, 0x02, 0xef, 0xff, 0xb0, 0x00, 0x00,
    0x00, 0x00, 0x00, 0x0c, 0xff, 0xff, 0x80, 0x00,
    0x00, 0x5f, 0xff, 0xf1, 0x00, 0x00, 0x6b, 0xef,
    0xeb, 0x59, 0xff, 0xff, 0x20, 0x00, 0x00, 0x0f,
    0xff, 0xf4, 0x00, 0x2d, 0xff, 0xff, 0xff, 0xff,
    0xff, 0xff, 0xff, 0xff, 0xff, 0xff, 0xff, 0xf6,
    0x01, 0xdf, 0xff, 0xff, 0xff, 0xff, 0xff, 0xff,
    0xff, 0xff, 0xff, 0xff, 0xff, 0xf7, 0x08, 0xff,
    0xff, 0xfc, 0x9a, 0xff, 0xff, 0xff, 0xff, 0xff,
    0xff, 0xff, 0xff, 0xf7, 0x0d, 0xff, 0xff, 0x70,
    0x00, 0x1f, 0xff, 0xff, 0x44, 0x44, 0x44, 0x44,
    0x44, 0x41, 0x0f, 0xff, 0xff, 0x00, 0x00, 0x08,
    0xff, 0xff, 0x40, 0x00, 0x00, 0x00, 0x30, 0x00,
    0x0f, 0xff, 0xff, 0x00, 0x00, 0x07, 0xff, 0xff,
    0xb0, 0x00, 0x00, 0x09, 0xfa, 0x20, 0x0e, 0xff,
    0xff, 0x70, 0x00, 0x1e, 0xff, 0xff, 0xfb, 0x20,
    0x02, 0x9f, 0xff, 0xf2, 0x09, 0xff, 0xff, 0xfd,
    0xab, 0xff, 0xff, 0xff, 0xff, 0xff, 0xff, 0xff,
    0xff, 0xb0, 0x01, 0xef, 0xff, 0xff, 0xff, 0xff,
    0xf8, 0xef, 0xff, 0xff, 0xff, 0xff, 0xfd, 0x10,
    0x00, 0x3e, 0xff, 0xff, 0xff, 0xff, 0x60, 0x1c,
    0xff, 0xff, 0xff, 0xff, 0xb1, 0x00, 0x00, 0x00,
    0x7b, 0xef, 0xfd, 0x82, 0x00, 0x00, 0x5a, 0xef,
    0xfd, 0xa4, 0x00, 0x00,

    /* U+00E7 "ç" */
    0x00, 0x00, 0x00, 0x6b, 0xef, 0xfd, 0xa4, 0x00,
    0x00, 0x00, 0x00, 0x5f, 0xff, 0xff, 0xff, 0xff,
    0xc2, 0x00, 0x00, 0x08, 0xff, 0xff, 0xff, 0xff,
    0xff, 0xfe, 0x30, 0x00, 0x5f, 0xff, 0xff, 0xff,
    0xff, 0xff, 0xff, 0xe1, 0x01, 0xef, 0xff, 0xff,
    0xc9, 0x9d, 0xff, 0xff, 0xf9, 0x07, 0xff, 0xff,
    0xf4, 0x00, 0x00, 0x8f, 0xff, 0xc5, 0x0b, 0xff,
    0xff, 0x50, 0x00, 0x00, 0x0a, 0xa3, 0x00, 0x0e,
    0xff, 0xfe, 0x00, 0x00, 0x00, 0x00, 0x00, 0x00,
    0x0f, 0xff, 0xfc, 0x00, 0x00, 0x00, 0x00, 0x00,
    0x00, 0x0f, 0xff, 0xfc, 0x00, 0x00, 0x00, 0x00,
    0x00, 0x00, 0x0e, 0xff, 0xfe, 0x00, 0x00, 0x00,
    0x00, 0x00, 0x00, 0x0b, 0xff, 0xff, 0x60, 0x00,
    0x00, 0x0b, 0xa4, 0x00, 0x06, 0xff, 0xff, 0xf5,
    0x00, 0x00, 0x9f, 0xff, 0xd6, 0x00, 0xef, 0xff,
    0xff, 0xda, 0xbe, 0xff, 0xff, 0xf8, 0x00, 0x4f,
    0xff, 0xff, 0xff, 0xff, 0xff, 0xff, 0xe0, 0x00,
    0x07, 0xff, 0xff, 0xff, 0xff, 0xff, 0xfe, 0x20,
    0x00, 0x00, 0x5e, 0xff, 0xff, 0xff, 0xff, 0xb1,
    0x00, 0x00, 0x00, 0x00, 0x6d, 0xff, 0xfd, 0x94,
    0x00, 0x00, 0x00, 0x00, 0x00, 0x06, 0xff, 0x90,
    0x00, 0x00, 0x00, 0x00, 0x00, 0x00, 0x0a, 0xff,
    0xfe, 0x60, 0x00, 0x00, 0x00, 0x00, 0x00, 0x0a,
    0xdd, 0xff, 0xf2, 0x00, 0x00, 0x00, 0x00, 0x00,
    0x00, 0x00, 0x6f, 0xf6, 0x00, 0x00, 0x00, 0x00,
    0x00, 0xcc, 0x98, 0xdf, 0xf4, 0x00, 0x00, 0x00,
    0x00, 0x03, 0xff, 0xff, 0xff, 0xd0, 0x00, 0x00,
    0x00, 0x00, 0x00, 0x6b, 0xef, 0xd8, 0x10, 0x00,
    0x00,

    /* U+00E8 "è" */
    0x00, 0x00, 0x00, 0x20, 0x00, 0x00, 0x00, 0x00,
    0x00, 0x00, 0x00, 0x00, 0x6f, 0x70, 0x00, 0x00,
    0x00, 0x00, 0x00, 0x00, 0x00, 0x6f, 0xff, 0x80,
    0x00, 0x00, 0x00, 0x00, 0x00, 0x00, 0x03, 0xff,
    0xff, 0x90, 0x00, 0x00, 0x00, 0x00, 0x00, 0x00,
    0x03, 0xef, 0xff, 0xa0, 0x00, 0x00, 0x00, 0x00,
    0x00, 0x00, 0x02, 0xef, 0xff, 0xb0, 0x00, 0x00,
    0x00, 0x00, 0x00, 0x00, 0x01, 0xdf, 0xf7, 0x00,
    0x00, 0x00, 0x00, 0x00, 0x00, 0x00, 0x01, 0xc7,
    0x00, 0x00, 0x00, 0x00, 0x00, 0x00, 0x00, 0x00,
    0x00, 0x00, 0x00, 0x00, 0x00, 0x00, 0x00, 0x00,
    0x00, 0x00, 0x00, 0x00, 0x00, 0x00, 0x00, 0x00,
    0x00, 0x01, 0x7b, 0xef, 0xfd, 0x94, 0x00, 0x00,
    0x00, 0x00, 0x05, 0xff, 0xff, 0xff, 0xff, 0xfb,
    0x10, 0x00, 0x00, 0x08, 0xff, 0xff, 0xff, 0xff,
    0xff, 0xfe, 0x20, 0x00, 0x05, 0xff, 0xff, 0xfd,
    0xbc, 0xff, 0xff, 0xfd, 0x00, 0x01, 0xff, 0xff,
    0xe3, 0x00, 0x00, 0x8f, 0xff, 0xf8, 0x00, 0x7f,
    0xff, 0xf2, 0x00, 0x00, 0x00, 0x9f, 0xff, 0xe0,
    0x0b, 0xff, 0xff, 0x88, 0x88, 0x88, 0x8b, 0xff,
    0xff, 0x30, 0xef, 0xff, 0xff, 0xff, 0xff, 0xff,
    0xff, 0xff, 0xf6, 0x0f, 0xff, 0xff, 0xff, 0xff,
    0xff, 0xff, 0xff, 0xff, 0x70, 0xff, 0xff, 0xff,
    0xff, 0xff, 0xff, 0xff, 0xff, 0xf6, 0x0e, 0xff,
    0xf7, 0x00, 0x00, 0x00, 0x00, 0x00, 0x00, 0x00,
    0xcf, 0xff, 0xa0, 0x00, 0x00, 0x00, 0x04, 0x10,
    0x00, 0x07, 0xff, 0xff, 0x30, 0x00, 0x00, 0x04,
    0xfe, 0x60, 0x00, 0x1f, 0xff, 0xfe, 0x50, 0x00,
    0x07, 0xff, 0xff, 0x90, 0x00, 0x6f, 0xff, 0xff,
    0xfc, 0xdf, 0xff, 0xff, 0xf3, 0x00, 0x00, 0xaf,
    0xff, 0xff, 0xff, 0xff, 0xff, 0xf5, 0x00, 0x00,
    0x00, 0x6f, 0xff, 0xff, 0xff, 0xff, 0xd3, 0x00,
    0x00, 0x00, 0x00, 0x17, 0xce, 0xff, 0xda, 0x50,
    0x00, 0x00,

    /* U+00E9 "é" */
    0x00, 0x00, 0x00, 0x00, 0x00, 0x00, 0x10, 0x00,
    0x00, 0x00, 0x00, 0x00, 0x00, 0x00, 0x00, 0x2e,
    0xb0, 0x00, 0x00, 0x00, 0x00, 0x00, 0x00, 0x00,
    0x3e, 0xff, 0xb0, 0x00, 0x00, 0x00, 0x00, 0x00,
    0x00, 0x4f, 0xff, 0xf8, 0x00, 0x00, 0x00, 0x00,
    0x00, 0x00, 0x5f, 0xff, 0xf7, 0x00, 0x00, 0x00,
    0x00, 0x00, 0x00, 0x6f, 0xff, 0xf6, 0x00, 0x00,
    0x00, 0x00, 0x00, 0x00, 0x02, 0xef, 0xf5, 0x00,
    0x00, 0x00, 0x00, 0x00, 0x00, 0x00, 0x03, 0xe4,
    0x00, 0x00, 0x00, 0x00, 0x00, 0x00, 0x00, 0x00,
    0x00, 0x00, 0x00, 0x00, 0x00, 0x00, 0x00, 0x00,
    0x00, 0x00, 0x00, 0x00, 0x00, 0x00, 0x00, 0x00,
    0x00, 0x01, 0x7b, 0xef, 0xfd, 0x94, 0x00, 0x00,
    0x00, 0x00, 0x05, 0xff, 0xff, 0xff, 0xff, 0xfb,
    0x10, 0x00, 0x00, 0x08, 0xff, 0xff, 0xff, 0xff,
    0xff, 0xfe, 0x20, 0x00, 0x05, 0xff, 0xff, 0xfd,
    0xbc, 0xff, 0xff, 0xfd, 0x00, 0x01, 0xff, 0xff,
    0xe3, 0x00, 0x00, 0x8f, 0xff, 0xf8, 0x00, 0x7f,
    0xff, 0xf2, 0x00, 0x00, 0x00, 0x9f, 0xff, 0xe0,
    0x0b, 0xff, 0xff, 0x88, 0x88, 0x88, 0x8b, 0xff,
    0xff, 0x30, 0xef, 0xff, 0xff, 0xff, 0xff, 0xff,
    0xff, 0xff, 0xf6, 0x0f, 0xff, 0xff, 0xff, 0xff,
    0xff, 0xff, 0xff, 0xff, 0x70, 0xff, 0xff, 0xff,
    0xff, 0xff, 0xff, 0xff, 0xff, 0xf6, 0x0e, 0xff,
    0xf7, 0x00, 0x00, 0x00, 0x00, 0x00, 0x00, 0x00,
    0xcf, 0xff, 0xa0, 0x00, 0x00, 0x00, 0x04, 0x10,
    0x00, 0x07, 0xff, 0xff, 0x30, 0x00, 0x00, 0x04,
    0xfe, 0x60, 0x00, 0x1f, 0xff, 0xfe, 0x50, 0x00,
    0x07, 0xff, 0xff, 0x90, 0x00, 0x6f, 0xff, 0xff,
    0xfc, 0xdf, 0xff, 0xff, 0xf3, 0x00, 0x00, 0xaf,
    0xff, 0xff, 0xff, 0xff, 0xff, 0xf5, 0x00, 0x00,
    0x00, 0x6f, 0xff, 0xff, 0xff, 0xff, 0xd3, 0x00,
    0x00, 0x00, 0x00, 0x17, 0xce, 0xff, 0xda, 0x50,
    0x00, 0x00,

    /* U+00EA "ê" */
    0x00, 0x00, 0x00, 0x00, 0x06, 0x10, 0x00, 0x00,
    0x00, 0x00, 0x00, 0x00, 0x00, 0x09, 0xfd, 0x10,
    0x00, 0x00, 0x00, 0x00, 0x00, 0x00, 0x09, 0xff,
    0xfd, 0x20, 0x00, 0x00, 0x00, 0x00, 0x00, 0x0a,
    0xff, 0xff, 0xfe, 0x20, 0x00, 0x00, 0x00, 0x00,
    0x0b, 0xff, 0xff, 0xff, 0xfe, 0x20, 0x00, 0x00,
    0x00, 0x07, 0xff, 0xfc, 0x08, 0xff, 0xfd, 0x00,
    0x00, 0x00, 0x00, 0x0a, 0xfc, 0x00, 0x08, 0xff,
    0x30, 0x00, 0x00, 0x00, 0x00, 0x07, 0x00, 0x00,
    0x08, 0x30, 0x00, 0x00, 0x00, 0x00, 0x00, 0x00,
    0x00, 0x00, 0x00, 0x00, 0x00, 0x00, 0x00, 0x00,
    0x00, 0x00, 0x00, 0x00, 0x00, 0x00, 0x00, 0x00,
    0x00, 0x01, 0x7b, 0xef, 0xfd, 0x94, 0x00, 0x00,
    0x00, 0x00, 0x05, 0xff, 0xff, 0xff, 0xff, 0xfb,
    0x10, 0x00, 0x00, 0x08, 0xff, 0xff, 0xff, 0xff,
    0xff, 0xfe, 0x20, 0x00, 0x05, 0xff, 0xff, 0xfd,
    0xbc, 0xff, 0xff, 0xfd, 0x00, 0x01, 0xff, 0xff,
    0xe3, 0x00, 0x00, 0x8f, 0xff, 0xf8, 0x00, 0x7f,
    0xff, 0xf2, 0x00, 0x00, 0x00, 0x9f, 0xff, 0xe0,
    0x0b, 0xff, 0xff, 0x88, 0x88, 0x88, 0x8b, 0xff,
    0xff, 0x30, 0xef, 0xff, 0xff, 0xff, 0xff, 0xff,
    0xff, 0xff, 0xf6, 0x0f, 0xff, 0xff, 0xff, 0xff,
    0xff, 0xff, 0xff, 0xff, 0x70, 0xff, 0xff, 0xff,
    0xff, 0xff, 0xff, 0xff, 0xff, 0xf6, 0x0e, 0xff,
    0xf7, 0x00, 0x00, 0x00, 0x00, 0x00, 0x00, 0x00,
    0xcf, 0xff, 0xa0, 0x00, 0x00, 0x00, 0x04, 0x10,
    0x00, 0x07, 0xff, 0xff, 0x30, 0x00, 0x00, 0x04,
    0xfe, 0x60, 0x00, 0x1f, 0xff, 0xfe, 0x50, 0x00,
    0x07, 0xff, 0xff, 0x90, 0x00, 0x6f, 0xff, 0xff,
    0xfc, 0xdf, 0xff, 0xff, 0xf3, 0x00, 0x00, 0xaf,
    0xff, 0xff, 0xff, 0xff, 0xff, 0xf5, 0x00, 0x00,
    0x00, 0x6f, 0xff, 0xff, 0xff, 0xff, 0xd3, 0x00,
    0x00, 0x00, 0x00, 0x17, 0xce, 0xff, 0xda, 0x50,
    0x00, 0x00,

    /* U+00EB "ë" */
    0x00, 0x00, 0x5d, 0xe9, 0x00, 0x04, 0xdf, 0xa1,
    0x00, 0x00, 0x00, 0x3f, 0xff, 0xf8, 0x02, 0xff,
    0xff, 0xa0, 0x00, 0x00, 0x07, 0xff, 0xff, 0xd0,
    0x5f, 0xff, 0xfe, 0x00, 0x00, 0x00, 0x5f, 0xff,
    0xfb, 0x04, 0xff, 0xff, 0xd0, 0x00, 0x00, 0x00,
    0xcf, 0xff, 0x30, 0x0b, 0xff, 0xf4, 0x00, 0x00,
    0x00, 0x00, 0x45, 0x10, 0x00, 0x04, 0x52, 0x00,
    0x00, 0x00, 0x00, 0x00, 0x00, 0x00, 0x00, 0x00,
    0x00, 0x00, 0x00, 0x00, 0x00, 0x00, 0x00, 0x00,
    0x00, 0x00, 0x00, 0x00, 0x00, 0x00, 0x01, 0x7b,
    0xef, 0xfd, 0x94, 0x00, 0x00, 0x00, 0x00, 0x05,
    0xff, 0xff, 0xff, 0xff, 0xfb, 0x10, 0x00, 0x00,
    0x08, 0xff, 0xff, 0xff, 0xff, 0xff, 0xfe, 0x20,
    0x00, 0x05, 0xff, 0xff, 0xfd, 0xbc, 0xff, 0xff,
    0xfd, 0x00, 0x01, 0xff, 0xff, 0xe3, 0x00, 0x00,
    0x8f, 0xff, 0xf8, 0x00, 0x7f, 0xff, 0xf2, 0x00,
    0x00, 0x00, 0x9f, 0xff, 0xe0, 0x0b, 0xff, 0xff,
    0x88, 0x88, 0x88, 0x8b, 0xff, 0xff, 0x30, 0xef,
    0xff, 0xff, 0xff, 0xff, 0xff, 0xff, 0xff, 0xf6,
    0x0f, 0xff, 0xff, 0xff, 0xff, 0xff, 0xff, 0xff,
    0xff, 0x70, 0xff, 0xff, 0xff, 0xff, 0xff, 0xff,
    0xff, 0xff, 0xf6, 0x0e, 0xff, 0xf7, 0x00, 0x00,
    0x00, 0x00, 0x00, 0x00, 0x00, 0xcf, 0xff, 0xa0,
    0x00, 0x00, 0x00, 0x04, 0x10, 0x00, 0x07, 0xff,
    0xff, 0x30, 0x00, 0x00, 0x04, 0xfe, 0x60, 0x00,
    0x1f, 0xff, 0xfe, 0x50, 0x00, 0x07, 0xff, 0xff,
    0x90, 0x00, 0x6f, 0xff, 0xff, 0xfc, 0xdf, 0xff,
    0xff, 0xf3, 0x00, 0x00, 0xaf, 0xff, 0xff, 0xff,
    0xff, 0xff, 0xf5, 0x00, 0x00, 0x00, 0x6f, 0xff,
    0xff, 0xff, 0xff, 0xd3, 0x00, 0x00, 0x00, 0x00,
    0x17, 0xce, 0xff, 0xda, 0x50, 0x00, 0x00,

    /* U+00EC "ì" */
    0x00, 0x27, 0x00, 0x00, 0x00, 0x2e, 0xf9, 0x00,
    0x00, 0x0d, 0xff, 0xfa, 0x00, 0x00, 0x2e, 0xff,
    0xfb, 0x00, 0x00, 0x1d, 0xff, 0xfc, 0x00, 0x00,
    0x1c, 0xff, 0xf9, 0x00, 0x00, 0x0b, 0xfc, 0x00,
    0x00, 0x00, 0x08, 0x00, 0x00, 0x00, 0x00, 0x00,
    0x00, 0x00, 0x00, 0x00, 0x00, 0x00, 0x00, 0xef,
    0xff, 0xc0, 0x00, 0x0e, 0xff, 0xfc, 0x00, 0x00,
    0xef, 0xff, 0xc0, 0x00, 0x0e, 0xff, 0xfc, 0x00,
    0x00, 0xef, 0xff, 0xc0, 0x00, 0x0e, 0xff, 0xfc,
    0x00, 0x00, 0xef, 0xff, 0xc0, 0x00, 0x0e, 0xff,
    0xfc, 0x00, 0x00, 0xef, 0xff, 0xc0, 0x00, 0x0e,
    0xff, 0xfc, 0x00, 0x00, 0xef, 0xff, 0xc0, 0x00,
    0x0e, 0xff, 0xfc, 0x00, 0x00, 0xef, 0xff, 0xc0,
    0x00, 0x0e, 0xff, 0xfc, 0x00, 0x00, 0xef, 0xff,
    0xc0, 0x00, 0x0e, 0xff, 0xfc, 0x00, 0x00, 0xef,
    0xff, 0xc0, 0x00, 0x0e, 0xff, 0xfc,

    /* U+00ED "í" */
    0x00, 0x00, 0x00, 0x81, 0x00, 0x00, 0x00, 0xbf,
    0xc1, 0x00, 0x01, 0xcf, 0xff, 0xa0, 0x01, 0xdf,
    0xff, 0xc1, 0x02, 0xef, 0xff, 0xb0, 0x00, 0xcf,
    0xff, 0xa0, 0x00, 0x02, 0xef, 0x90, 0x00, 0x00,
    0x02, 0x70, 0x00, 0x00, 0x00, 0x00, 0x00, 0x00,
    0x00, 0x00, 0x00, 0x00, 0x00, 0x0e, 0xff, 0xfc,
    0x00, 0x00, 0xef, 0xff, 0xc0, 0x00, 0x0e, 0xff,
    0xfc, 0x00, 0x00, 0xef, 0xff, 0xc0, 0x00, 0x0e,
    0xff, 0xfc, 0x00, 0x00, 0xef, 0xff, 0xc0, 0x00,
    0x0e, 0xff, 0xfc, 0x00, 0x00, 0xef, 0xff, 0xc0,
    0x00, 0x0e, 0xff, 0xfc, 0x00, 0x00, 0xef, 0xff,
    0xc0, 0x00, 0x0e, 0xff, 0xfc, 0x00, 0x00, 0xef,
    0xff, 0xc0, 0x00, 0x0e, 0xff, 0xfc, 0x00, 0x00,
    0xef, 0xff, 0xc0, 0x00, 0x0e, 0xff, 0xfc, 0x00,
    0x00, 0xef, 0xff, 0xc0, 0x00, 0x0e, 0xff, 0xfc,
    0x00, 0x00, 0xef, 0xff, 0xc0, 0x00,

    /* U+00EE "î" */
    0x00, 0x00, 0x04, 0x00, 0x00, 0x00, 0x00, 0x09,
    0xf6, 0x00, 0x00, 0x00, 0x08, 0xff, 0xf5, 0x00,
    0x00, 0x07, 0xff, 0xff, 0xf5, 0x00, 0x06, 0xff,
    0xff, 0xff, 0xf4, 0x03, 0xff, 0xfe, 0x5f, 0xff,
    0xf1, 0x07, 0xff, 0x30, 0x4f, 0xf5, 0x00, 0x05,
    0x50, 0x00, 0x53, 0x00, 0x00, 0x00, 0x00, 0x00,
    0x00, 0x00, 0x00, 0x00, 0x00, 0x00, 0x00, 0x00,
    0x0e, 0xff, 0xfc, 0x00, 0x00, 0x00, 0xef, 0xff,
    0xc0, 0x00, 0x00, 0x0e, 0xff, 0xfc, 0x00, 0x00,
    0x00, 0xef, 0xff, 0xc0, 0x00, 0x00, 0x0e, 0xff,
    0xfc, 0x00, 0x00, 0x00, 0xef, 0xff, 0xc0, 0x00,
    0x00, 0x0e, 0xff, 0xfc, 0x00, 0x00, 0x00, 0xef,
    0xff, 0xc0, 0x00, 0x00, 0x0e, 0xff, 0xfc, 0x00,
    0x00, 0x00, 0xef, 0xff, 0xc0, 0x00, 0x00, 0x0e,
    0xff, 0xfc, 0x00, 0x00, 0x00, 0xef, 0xff, 0xc0,
    0x00, 0x00, 0x0e, 0xff, 0xfc, 0x00, 0x00, 0x00,
    0xef, 0xff, 0xc0, 0x00, 0x00, 0x0e, 0xff, 0xfc,
    0x00, 0x00, 0x00, 0xef, 0xff, 0xc0, 0x00, 0x00,
    0x0e, 0xff, 0xfc, 0x00, 0x00, 0x00, 0xef, 0xff,
    0xc0, 0x00,

    /* U+00EF "ï" */
    0x00, 0x36, 0x30, 0x00, 0x35, 0x20, 0x00, 0x8f,
    0xff, 0x70, 0x9f, 0xff, 0x60, 0x1f, 0xff, 0xff,
    0x2f, 0xff, 0xff, 0x02, 0xff, 0xff, 0xf5, 0xff,
    0xff, 0xf1, 0x0e, 0xff, 0xfd, 0x1e, 0xff, 0xfd,
    0x00, 0x3c, 0xfc, 0x20, 0x4d, 0xfc, 0x20, 0x00,
    0x00, 0x00, 0x00, 0x00, 0x00, 0x00, 0x00, 0x00,
    0x00, 0x00, 0x00, 0x00, 0x00, 0x00, 0xef, 0xff,
    0xc0, 0x00, 0x00, 0x00, 0x0e, 0xff, 0xfc, 0x00,
    0x00, 0x00, 0x00, 0xef, 0xff, 0xc0, 0x00, 0x00,
    0x00, 0x0e, 0xff, 0xfc, 0x00, 0x00, 0x00, 0x00,
    0xef, 0xff, 0xc0, 0x00, 0x00, 0x00, 0x0e, 0xff,
    0xfc, 0x00, 0x00, 0x00, 0x00, 0xef, 0xff, 0xc0,
    0x00, 0x00, 0x00, 0x0e, 0xff, 0xfc, 0x00, 0x00,
    0x00, 0x00, 0xef, 0xff, 0xc0, 0x00, 0x00, 0x00,
    0x0e, 0xff, 0xfc, 0x00, 0x00, 0x00, 0x00, 0xef,
    0xff, 0xc0, 0x00, 0x00, 0x00, 0x0e, 0xff, 0xfc,
    0x00, 0x00, 0x00, 0x00, 0xef, 0xff, 0xc0, 0x00,
    0x00, 0x00, 0x0e, 0xff, 0xfc, 0x00, 0x00, 0x00,
    0x00, 0xef, 0xff, 0xc0, 0x00, 0x00, 0x00, 0x0e,
    0xff, 0xfc, 0x00, 0x00, 0x00, 0x00, 0xef, 0xff,
    0xc0, 0x00, 0x00, 0x00, 0x0e, 0xff, 0xfc, 0x00,
    0x00,

    /* U+00F0 "ð" */
    0x00, 0x00, 0x00, 0x00, 0x00, 0x00, 0x00, 0x00,
    0x00, 0x00, 0x07, 0xd8, 0x30, 0x00, 0x06, 0xe1,
    0x00, 0x00, 0x00, 0x0e, 0xff, 0xfe, 0x71, 0x9f,
    0xfc, 0x00, 0x00, 0x00, 0x5f, 0xff, 0xff, 0xff,
    0xff, 0xff, 0x30, 0x00, 0x00, 0x7e, 0xff, 0xff,
    0xff, 0xff, 0xf2, 0x00, 0x00, 0x00, 0x00, 0x27,
    0xff, 0xff, 0xff, 0xf4, 0x00, 0x00, 0x00, 0x00,
    0x05, 0xff, 0xff, 0xff, 0xff, 0x30, 0x00, 0x00,
    0x00, 0x5f, 0xff, 0xff, 0xff, 0xff, 0xe1, 0x00,
    0x00, 0x00, 0x0d, 0xff, 0x50, 0x6f, 0xff, 0xfa,
    0x00, 0x00, 0x00, 0x02, 0xd3, 0x00, 0x06, 0xff,
    0xff, 0x30, 0x00, 0x00, 0x00, 0x35, 0x54, 0x00,
    0xbf, 0xff, 0xa0, 0x00, 0x00, 0x8f, 0xff, 0xff,
    0xf9, 0x4f, 0xff, 0xf0, 0x00, 0x2d, 0xff, 0xff,
    0xff, 0xff, 0xdd, 0xff, 0xf5, 0x01, 0xdf, 0xff,
    0xff, 0xff, 0xff, 0xff, 0xff, 0xf8, 0x0a, 0xff,
    0xff, 0xff, 0xff, 0xff, 0xff, 0xff, 0xfb, 0x2f,
    0xff, 0xff, 0xc4, 0x00, 0x4b, 0xff, 0xff, 0xfc,
    0x7f, 0xff, 0xfb, 0x00, 0x00, 0x00, 0xbf, 0xff,
    0xfd, 0x9f, 0xff, 0xf2, 0x00, 0x00, 0x00, 0x2f,
    0xff, 0xfc, 0xaf, 0xff, 0xf0, 0x00, 0x00, 0x00,
    0x0e, 0xff, 0xfb, 0xaf, 0xff, 0xf0, 0x00, 0x00,
    0x00, 0x0f, 0xff, 0xf9, 0x8f, 0xff, 0xf4, 0x00,
    0x00, 0x00, 0x3f, 0xff, 0xf5, 0x4f, 0xff, 0xfd,
    0x10, 0x00, 0x01, 0xdf, 0xff, 0xf0, 0x0d, 0xff,
    0xff, 0xe7, 0x33, 0x7e, 0xff, 0xff, 0x80, 0x04,
    0xff, 0xff, 0xff, 0xff, 0xff, 0xff, 0xfd, 0x00,
    0x00, 0x7f, 0xff, 0xff, 0xff, 0xff, 0xff, 0xe3,
    0x00, 0x00, 0x05, 0xef, 0xff, 0xff, 0xff, 0xfc,
    0x20, 0x00, 0x00, 0x00, 0x17, 0xbe, 0xff, 0xda,
    0x40, 0x00, 0x00,

    /* U+00F1 "ñ" */
    0x00, 0x00, 0x58, 0x86, 0x30, 0x05, 0x74, 0x10,
    0x00, 0x01, 0xdf, 0xff, 0xff, 0xff, 0xff, 0xf8,
    0x00, 0x00, 0xdf, 0xff, 0xff, 0xff, 0xff, 0xfe,
    0x10, 0x00, 0x7f, 0xff, 0xff, 0xff, 0xff, 0xfe,
    0x20, 0x00, 0x00, 0x36, 0x51, 0x03, 0x57, 0x75,
    0x00, 0x00, 0x00, 0x00, 0x00, 0x00, 0x00, 0x00,
    0x00, 0x00, 0x00, 0x00, 0x00, 0x00, 0x00, 0x00,
    0x00, 0x00, 0x00, 0x00, 0x00, 0x00, 0x00, 0x00,
    0x00, 0x00, 0x00, 0x00, 0xff, 0xfb, 0x00, 0x17,
    0xbe, 0xfe, 0xb5, 0x00, 0x0f, 0xff, 0xf1, 0x9f,
    0xff, 0xff, 0xff, 0xf8, 0x00, 0xff, 0xff, 0xff,
    0xff, 0xff, 0xff, 0xff, 0xf3, 0x0f, 0xff, 0xff,
    0xff, 0xff, 0xff, 0xff, 0xff, 0xa0, 0xff, 0xff,
    0xff, 0xfe, 0xaa, 0xff, 0xff, 0xfd, 0x0f, 0xff,
    0xff, 0xe5, 0x00, 0x01, 0xff, 0xff, 0xf0, 0xff,
    0xff, 0xf1, 0x00, 0x00, 0x0b, 0xff, 0xff, 0x0f,
    0xff, 0xfc, 0x00, 0x00, 0x00, 0xaf, 0xff, 0xf1,
    0xff, 0xff, 0xb0, 0x00, 0x00, 0x0a, 0xff, 0xff,
    0x1f, 0xff, 0xfb, 0x00, 0x00, 0x00, 0xaf, 0xff,
    0xf1, 0xff, 0xff, 0xb0, 0x00, 0x00, 0x0a, 0xff,
    0xff, 0x1f, 0xff, 0xfb, 0x00, 0x00, 0x00, 0xaf,
    0xff, 0xf1, 0xff, 0xff, 0xb0, 0x00, 0x00, 0x0a,
    0xff, 0xff, 0x1f, 0xff, 0xfb, 0x00, 0x00, 0x00,
    0xaf, 0xff, 0xf1, 0xff, 0xff, 0xb0, 0x00, 0x00,
    0x0a, 0xff, 0xff, 0x1f, 0xff, 0xfb, 0x00, 0x00,
    0x00, 0xaf, 0xff, 0xf1, 0xff, 0xff, 0xb0, 0x00,
    0x00, 0x0a, 0xff, 0xff, 0x1f, 0xff, 0xfb, 0x00,
    0x00, 0x00, 0xaf, 0xff, 0xf1,

    /* U+00F2 "ò" */
    0x00, 0x00, 0x00, 0x10, 0x00, 0x00, 0x00, 0x00,
    0x00, 0x00, 0x00, 0x00, 0x02, 0xec, 0x10, 0x00,
    0x00, 0x00, 0x00, 0x00, 0x00, 0x00, 0x1e, 0xff,
    0xd1, 0x00, 0x00, 0x00, 0x00, 0x00, 0x00, 0x00,
    0x0b, 0xff, 0xfd, 0x20, 0x00, 0x00, 0x00, 0x00,
    0x00, 0x00, 0x00, 0xaf, 0xff, 0xe2, 0x00, 0x00,
    0x00, 0x00, 0x00, 0x00, 0x00, 0x09, 0xff, 0xff,
    0x30, 0x00, 0x00, 0x00, 0x00, 0x00, 0x00, 0x00,
    0x8f, 0xfc, 0x10, 0x00, 0x00, 0x00, 0x00, 0x00,
    0x00, 0x00, 0x07, 0xd1, 0x00, 0x00, 0x00, 0x00,
    0x00, 0x00, 0x00, 0x00, 0x00, 0x00, 0x00, 0x00,
    0x00, 0x00, 0x00, 0x00, 0x00, 0x00, 0x00, 0x00,
    0x00, 0x00, 0x00, 0x00, 0x00, 0x00, 0x00, 0x5a,
    0xdf, 0xfe, 0xb7, 0x10, 0x00, 0x00, 0x00, 0x00,
    0x3e, 0xff, 0xff, 0xff, 0xff, 0xf7, 0x00, 0x00,
    0x00, 0x06, 0xff, 0xff, 0xff, 0xff, 0xff, 0xff,
    0xb0, 0x00, 0x00, 0x4f, 0xff, 0xff, 0xff, 0xff,
    0xff, 0xff, 0xf8, 0x00, 0x00, 0xef, 0xff, 0xff,
    0xd9, 0x9b, 0xff, 0xff, 0xff, 0x40, 0x06, 0xff,
    0xff, 0xf5, 0x00, 0x00, 0x2d, 0xff, 0xff, 0xb0,
    0x0b, 0xff, 0xff, 0x70, 0x00, 0x00, 0x02, 0xff,
    0xff, 0xf0, 0x0e, 0xff, 0xff, 0x00, 0x00, 0x00,
    0x00, 0xaf, 0xff, 0xf3, 0x0f, 0xff, 0xfd, 0x00,
    0x00, 0x00, 0x00, 0x7f, 0xff, 0xf4, 0x0f, 0xff,
    0xfd, 0x00, 0x00, 0x00, 0x00, 0x7f, 0xff, 0xf4,
    0x0e, 0xff, 0xff, 0x00, 0x00, 0x00, 0x00, 0xbf,
    0xff, 0xf3, 0x0b, 0xff, 0xff, 0x70, 0x00, 0x00,
    0x02, 0xff, 0xff, 0xf0, 0x06, 0xff, 0xff, 0xf6,
    0x00, 0x00, 0x3e, 0xff, 0xff, 0xb0, 0x00, 0xef,
    0xff, 0xff, 0xda, 0x9c, 0xff, 0xff, 0xff, 0x40,
    0x00, 0x4f, 0xff, 0xff, 0xff, 0xff, 0xff, 0xff,
    0xf8, 0x00, 0x00, 0x06, 0xff, 0xff, 0xff, 0xff,
    0xff, 0xff, 0xb0, 0x00, 0x00, 0x00, 0x3e, 0xff,
    0xff, 0xff, 0xff, 0xf7, 0x00, 0x00, 0x00, 0x00,
    0x00, 0x5a, 0xdf, 0xfe, 0xb7, 0x10, 0x00, 0x00,

    /* U+00F3 "ó" */
    0x00, 0x00, 0x00, 0x00, 0x00, 0x00, 0x02, 0x00,
    0x00, 0x00, 0x00, 0x00, 0x00, 0x00, 0x00, 0x00,
    0xaf, 0x30, 0x00, 0x00, 0x00, 0x00, 0x00, 0x00,
    0x00, 0x0b, 0xff, 0xf3, 0x00, 0x00, 0x00, 0x00,
    0x00, 0x00, 0x01, 0xcf, 0xff, 0xd1, 0x00, 0x00,
    0x00, 0x00, 0x00, 0x00, 0x1d, 0xff, 0xfc, 0x10,
    0x00, 0x00, 0x00, 0x00, 0x00, 0x01, 0xdf, 0xff,
    0xb0, 0x00, 0x00, 0x00, 0x00, 0x00, 0x00, 0x00,
    0xbf, 0xfa, 0x00, 0x00, 0x00, 0x00, 0x00, 0x00,
    0x00, 0x00, 0x0b, 0x90, 0x00, 0x00, 0x00, 0x00,
    0x00, 0x00, 0x00, 0x00, 0x00, 0x00, 0x00, 0x00,
    0x00, 0x00, 0x00, 0x00, 0x00, 0x00, 0x00, 0x00,
    0x00, 0x00, 0x00, 0x00, 0x00, 0x00, 0x00, 0x5a,
    0xdf, 0xfe, 0xb7, 0x10, 0x00, 0x00, 0x00, 0x00,
    0x3e, 0xff, 0xff, 0xff, 0xff, 0xf7, 0x00, 0x00,
    0x00, 0x06, 0xff, 0xff, 0xff, 0xff, 0xff, 0xff,
    0xb0, 0x00, 0x00, 0x4f, 0xff, 0xff, 0xff, 0xff,
    0xff, 0xff, 0xf8, 0x00, 0x00, 0xef, 0xff, 0xff,
    0xd9, 0x9b, 0xff, 0xff, 0xff, 0x40, 0x06, 0xff,
    0xff, 0xf5, 0x00, 0x00, 0x2d, 0xff, 0xff, 0xb0,
    0x0b, 0xff, 0xff, 0x70, 0x00, 0x00, 0x02, 0xff,
    0xff, 0xf0, 0x0e, 0xff, 0xff, 0x00, 0x00, 0x00,
    0x00, 0xaf, 0xff, 0xf3, 0x0f, 0xff, 0xfd, 0x00,
    0x00, 0x00, 0x00, 0x7f, 0xff, 0xf4, 0x0f, 0xff,
    0xfd, 0x00, 0x00, 0x00, 0x00, 0x7f, 0xff, 0xf4,
    0x0e, 0xff, 0xff, 0x00, 0x00, 0x00, 0x00, 0xbf,
    0xff, 0xf3, 0x0b, 0xff, 0xff, 0x70, 0x00, 0x00,
    0x02, 0xff, 0xff, 0xf0, 0x06, 0xff, 0xff, 0xf6,
    0x00, 0x00, 0x3e, 0xff, 0xff, 0xb0, 0x00, 0xef,
    0xff, 0xff, 0xda, 0x9c, 0xff, 0xff, 0xff, 0x40,
    0x00, 0x4f, 0xff, 0xff, 0xff, 0xff, 0xff, 0xff,
    0xf8, 0x00, 0x00, 0x06, 0xff, 0xff, 0xff, 0xff,
    0xff, 0xff, 0xb0, 0x00, 0x00, 0x00, 0x3e, 0xff,
    0xff, 0xff, 0xff, 0xf7, 0x00, 0x00, 0x00, 0x00,
    0x00, 0x5a, 0xdf, 0xfe, 0xb7, 0x10, 0x00, 0x00,

    /* U+00F4 "ô" */
    0x00, 0x00, 0x00, 0x00, 0x03, 0x50, 0x00, 0x00,
    0x00, 0x00, 0x00, 0x00, 0x00, 0x00, 0x3e, 0xf6,
    0x00, 0x00, 0x00, 0x00, 0x00, 0x00, 0x00, 0x03,
    0xff, 0xff, 0x60, 0x00, 0x00, 0x00, 0x00, 0x00,
    0x00, 0x4f, 0xff, 0xff, 0xf7, 0x00, 0x00, 0x00,
    0x00, 0x00, 0x04, 0xff, 0xff, 0xff, 0xff, 0x80,
    0x00, 0x00, 0x00, 0x00, 0x1f, 0xff, 0xf4, 0x2e,
    0xff, 0xf4, 0x00, 0x00, 0x00, 0x00, 0x04, 0xff,
    0x40, 0x02, 0xef, 0x90, 0x00, 0x00, 0x00, 0x00,
    0x00, 0x44, 0x00, 0x00, 0x39, 0x00, 0x00, 0x00,
    0x00, 0x00, 0x00, 0x00, 0x00, 0x00, 0x00, 0x00,
    0x00, 0x00, 0x00, 0x00, 0x00, 0x00, 0x00, 0x00,
    0x00, 0x00, 0x00, 0x00, 0x00, 0x00, 0x00, 0x5a,
    0xdf, 0xfe, 0xb7, 0x10, 0x00, 0x00, 0x00, 0x00,
    0x3e, 0xff, 0xff, 0xff, 0xff, 0xf7, 0x00, 0x00,
    0x00, 0x06, 0xff, 0xff, 0xff, 0xff, 0xff, 0xff,
    0xb0, 0x00, 0x00, 0x4f, 0xff, 0xff, 0xff, 0xff,
    0xff, 0xff, 0xf8, 0x00, 0x00, 0xef, 0xff, 0xff,
    0xd9, 0x9b, 0xff, 0xff, 0xff, 0x40, 0x06, 0xff,
    0xff, 0xf5, 0x00, 0x00, 0x2d, 0xff, 0xff, 0xb0,
    0x0b, 0xff, 0xff, 0x70, 0x00, 0x00, 0x02, 0xff,
    0xff, 0xf0, 0x0e, 0xff, 0xff, 0x00, 0x00, 0x00,
    0x00, 0xaf, 0xff, 0xf3, 0x0f, 0xff, 0xfd, 0x00,
    0x00, 0x00, 0x00, 0x7f, 0xff, 0xf4, 0x0f, 0xff,
    0xfd, 0x00, 0x00, 0x00, 0x00, 0x7f, 0xff, 0xf4,
    0x0e, 0xff, 0xff, 0x00, 0x00, 0x00, 0x00, 0xbf,
    0xff, 0xf3, 0x0b, 0xff, 0xff, 0x70, 0x00, 0x00,
    0x02, 0xff, 0xff, 0xf0, 0x06, 0xff, 0xff, 0xf6,
    0x00, 0x00, 0x3e, 0xff, 0xff, 0xb0, 0x00, 0xef,
    0xff, 0xff, 0xda, 0x9c, 0xff, 0xff, 0xff, 0x40,
    0x00, 0x4f, 0xff, 0xff, 0xff, 0xff, 0xff, 0xff,
    0xf8, 0x00, 0x00, 0x06, 0xff, 0xff, 0xff, 0xff,
    0xff, 0xff, 0xb0, 0x00, 0x00, 0x00, 0x3e, 0xff,
    0xff, 0xff, 0xff, 0xf7, 0x00, 0x00, 0x00, 0x00,
    0x00, 0x5a, 0xdf, 0xfe, 0xb7, 0x10, 0x00, 0x00,

    /* U+00F5 "õ" */
    0x00, 0x00, 0x03, 0xcf, 0xeb, 0x61, 0x18, 0xd8,
    0x30, 0x00, 0x00, 0x00, 0x4f, 0xff, 0xff, 0xff,
    0xff, 0xff, 0x90, 0x00, 0x00, 0x01, 0xff, 0xff,
    0xff, 0xff, 0xff, 0xfe, 0x10, 0x00, 0x00, 0x05,
    0xef, 0xfb, 0x9e, 0xff, 0xff, 0xe3, 0x00, 0x00,
    0x00, 0x00, 0x03, 0x40, 0x00, 0x36, 0x75, 0x00,
    0x00, 0x00, 0x00, 0x00, 0x00, 0x00, 0x00, 0x00,
    0x00, 0x00, 0x00, 0x00, 0x00, 0x00, 0x00, 0x00,
    0x00, 0x00, 0x00, 0x00, 0x00, 0x00, 0x00, 0x00,
    0x00, 0x00, 0x00, 0x00, 0x00, 0x00, 0x00, 0x00,
    0x00, 0x00, 0x00, 0x5a, 0xdf, 0xfe, 0xb7, 0x10,
    0x00, 0x00, 0x00, 0x00, 0x3e, 0xff, 0xff, 0xff,
    0xff, 0xf7, 0x00, 0x00, 0x00, 0x06, 0xff, 0xff,
    0xff, 0xff, 0xff, 0xff, 0xb0, 0x00, 0x00, 0x4f,
    0xff, 0xff, 0xff, 0xff, 0xff, 0xff, 0xf8, 0x00,
    0x00, 0xef, 0xff, 0xff, 0xd9, 0x9b, 0xff, 0xff,
    0xff, 0x40, 0x06, 0xff, 0xff, 0xf5, 0x00, 0x00,
    0x2d, 0xff, 0xff, 0xb0, 0x0b, 0xff, 0xff, 0x70,
    0x00, 0x00, 0x02, 0xff, 0xff, 0xf0, 0x0e, 0xff,
    0xff, 0x00, 0x00, 0x00, 0x00, 0xaf, 0xff, 0xf3,
    0x0f, 0xff, 0xfd, 0x00, 0x00, 0x00, 0x00, 0x7f,
    0xff, 0xf4, 0x0f, 0xff, 0xfd, 0x00, 0x00, 0x00,
    0x00, 0x7f, 0xff, 0xf4, 0x0e, 0xff, 0xff, 0x00,
    0x00, 0x00, 0x00, 0xbf, 0xff, 0xf3, 0x0b, 0xff,
    0xff, 0x70, 0x00, 0x00, 0x02, 0xff, 0xff, 0xf0,
    0x06, 0xff, 0xff, 0xf6, 0x00, 0x00, 0x3e, 0xff,
    0xff, 0xb0, 0x00, 0xef, 0xff, 0xff, 0xda, 0x9c,
    0xff, 0xff, 0xff, 0x40, 0x00, 0x4f, 0xff, 0xff,
    0xff, 0xff, 0xff, 0xff, 0xf8, 0x00, 0x00, 0x06,
    0xff, 0xff, 0xff, 0xff, 0xff, 0xff, 0xb0, 0x00,
    0x00, 0x00, 0x3e, 0xff, 0xff, 0xff, 0xff, 0xf7,
    0x00, 0x00, 0x00, 0x00, 0x00, 0x5a, 0xdf, 0xfe,
    0xb7, 0x10, 0x00, 0x00,

    /* U+00F6 "ö" */
    0x00, 0x00, 0x2b, 0xfc, 0x30, 0x01, 0xbf, 0xd4,
    0x00, 0x00, 0x00, 0x00, 0xcf, 0xff, 0xe0, 0x0b,
    0xff, 0xff, 0x10, 0x00, 0x00, 0x00, 0xff, 0xff,
    0xf3, 0x0f, 0xff, 0xff, 0x50, 0x00, 0x00, 0x00,
    0xff, 0xff, 0xf2, 0x0d, 0xff, 0xff, 0x30, 0x00,
    0x00, 0x00, 0x6f, 0xff, 0x90, 0x05, 0xff, 0xfa,
    0x00, 0x00, 0x00, 0x00, 0x02, 0x63, 0x00, 0x00,
    0x25, 0x40, 0x00, 0x00, 0x00, 0x00, 0x00, 0x00,
    0x00, 0x00, 0x00, 0x00, 0x00, 0x00, 0x00, 0x00,
    0x00, 0x00, 0x00, 0x00, 0x00, 0x00, 0x00, 0x00,
    0x00, 0x00, 0x00, 0x5a, 0xdf, 0xfe, 0xb7, 0x10,
    0x00, 0x00, 0x00, 0x00, 0x3e, 0xff, 0xff, 0xff,
    0xff, 0xf7, 0x00, 0x00, 0x00, 0x06, 0xff, 0xff,
    0xff, 0xff, 0xff, 0xff, 0xb0, 0x00, 0x00, 0x4f,
    0xff, 0xff, 0xff, 0xff, 0xff, 0xff, 0xf8, 0x00,
    0x00, 0xef, 0xff, 0xff, 0xd9, 0x9b, 0xff, 0xff,
    0xff, 0x40, 0x06, 0xff, 0xff, 0xf5, 0x00, 0x00,
    0x2d, 0xff, 0xff, 0xb0, 0x0b, 0xff, 0xff, 0x70,
    0x00, 0x00, 0x02, 0xff, 0xff, 0xf0, 0x0e, 0xff,
    0xff, 0x00, 0x00, 0x00, 0x00, 0xaf, 0xff, 0xf3,
    0x0f, 0xff, 0xfd, 0x00, 0x00, 0x00, 0x00, 0x7f,
    0xff, 0xf4, 0x0f, 0xff, 0xfd, 0x00, 0x00, 0x00,
    0x00, 0x7f, 0xff, 0xf4, 0x0e, 0xff, 0xff, 0x00,
    0x00, 0x00, 0x00, 0xbf, 0xff, 0xf3, 0x0b, 0xff,
    0xff, 0x70, 0x00, 0x00, 0x02, 0xff, 0xff, 0xf0,
    0x06, 0xff, 0xff, 0xf6, 0x00, 0x00, 0x3e, 0xff,
    0xff, 0xb0, 0x00, 0xef, 0xff, 0xff, 0xda, 0x9c,
    0xff, 0xff, 0xff, 0x40, 0x00, 0x4f, 0xff, 0xff,
    0xff, 0xff, 0xff, 0xff, 0xf8, 0x00, 0x00, 0x06,
    0xff, 0xff, 0xff, 0xff, 0xff, 0xff, 0xb0, 0x00,
    0x00, 0x00, 0x3e, 0xff, 0xff, 0xff, 0xff, 0xf7,
    0x00, 0x00, 0x00, 0x00, 0x00, 0x5a, 0xdf, 0xfe,
    0xb7, 0x10, 0x00, 0x00,

    /* U+00F7 "÷" */
    0x00, 0x00, 0x00, 0x01, 0xae, 0xea, 0x10, 0x00,
    0x00, 0x00, 0x00, 0x00, 0x00, 0x0d, 0xff, 0xff,
    0xd0, 0x00, 0x00, 0x00, 0x00, 0x00, 0x00, 0x4f,
    0xff, 0xff, 0xf4, 0x00, 0x00, 0x00, 0x00, 0x00,
    0x00, 0x4f, 0xff, 0xff, 0xf4, 0x00, 0x00, 0x00,
    0x00, 0x00, 0x00, 0x1e, 0xff, 0xff, 0xe0, 0x00,
    0x00, 0x00, 0x00, 0x00, 0x00, 0x03, 0xcf, 0xfc,
    0x20, 0x00, 0x00, 0x00, 0x00, 0x00, 0x00, 0x00,
    0x00, 0x00, 0x00, 0x00, 0x00, 0x00, 0x07, 0x77,
    0x77, 0x77, 0x77, 0x77, 0x77, 0x77, 0x77, 0x71,
    0x0f, 0xff, 0xff, 0xff, 0xff, 0xff, 0xff, 0xff,
    0xff, 0xf2, 0x0f, 0xff, 0xff, 0xff, 0xff, 0xff,
    0xff, 0xff, 0xff, 0xf2, 0x0f, 0xff, 0xff, 0xff,
    0xff, 0xff, 0xff, 0xff, 0xff, 0xf2, 0x0f, 0xff,
    0xff, 0xff, 0xff, 0xff, 0xff, 0xff, 0xff, 0xf2,
    0x00, 0x00, 0x00, 0x00, 0x00, 0x00, 0x00, 0x00,
    0x00, 0x00, 0x00, 0x00, 0x00, 0x00, 0x00, 0x00,
    0x00, 0x00, 0x00, 0x00, 0x00, 0x00, 0x00, 0x02,
    0xcf, 0xfc, 0x20, 0x00, 0x00, 0x00, 0x00, 0x00,
    0x00, 0x0e, 0xff, 0xff, 0xe0, 0x00, 0x00, 0x00,
    0x00, 0x00, 0x00, 0x4f, 0xff, 0xff, 0xf4, 0x00,
    0x00, 0x00, 0x00, 0x00, 0x00, 0x4f, 0xff, 0xff,
    0xf4, 0x00, 0x00, 0x00, 0x00, 0x00, 0x00, 0x0d,
    0xff, 0xff, 0xd0, 0x00, 0x00, 0x00, 0x00, 0x00,
    0x00, 0x01, 0xae, 0xea, 0x10, 0x00, 0x00, 0x00,

    /* U+00F8 "ø" */
    0x00, 0x00, 0x00, 0x00, 0x00, 0x00, 0x00, 0x00,
    0x00, 0x00, 0x00, 0x00, 0x00, 0x00, 0x00, 0x00,
    0x05, 0xb1, 0x00, 0x00, 0x00, 0x04, 0x9d, 0xff,
    0xec, 0x85, 0xff, 0xe3, 0x00, 0x00, 0x2c, 0xff,
    0xff, 0xff, 0xff, 0xff, 0xff, 0x40, 0x00, 0x4f,
    0xff, 0xff, 0xff, 0xff, 0xff, 0xff, 0x90, 0x00,
    0x1e, 0xff, 0xff, 0xff, 0xff, 0xff, 0xff, 0xfb,
    0x00, 0x0b, 0xff, 0xff, 0xe7, 0x32, 0x9f, 0xff,
    0xff, 0xf7, 0x02, 0xff, 0xff, 0xc1, 0x00, 0x2f,
    0xff, 0xff, 0xff, 0xe0, 0x7f, 0xff, 0xf2, 0x00,
    0x0d, 0xff, 0xfb, 0xff, 0xff, 0x3a, 0xff, 0xfb,
    0x00, 0x0a, 0xff, 0xf8, 0x0f, 0xff, 0xf6, 0xcf,
    0xff, 0x80, 0x07, 0xff, 0xfb, 0x00, 0xcf, 0xff,
    0x8c, 0xff, 0xf8, 0x04, 0xff, 0xfe, 0x10, 0x0c,
    0xff, 0xf8, 0xaf, 0xff, 0xb2, 0xef, 0xff, 0x30,
    0x00, 0xff, 0xff, 0x67, 0xff, 0xff, 0xff, 0xff,
    0x60, 0x00, 0x6f, 0xff, 0xf3, 0x2f, 0xff, 0xff,
    0xff, 0x90, 0x00, 0x3f, 0xff, 0xfe, 0x00, 0xbf,
    0xff, 0xff, 0xf4, 0x34, 0x9f, 0xff, 0xff, 0x70,
    0x01, 0xff, 0xff, 0xff, 0xff, 0xff, 0xff, 0xff,
    0xb0, 0x00, 0x1f, 0xff, 0xff, 0xff, 0xff, 0xff,
    0xff, 0xd1, 0x00, 0x0b, 0xff, 0xff, 0xff, 0xff,
    0xff, 0xff, 0x90, 0x00, 0x00, 0x1c, 0xfa, 0x49,
    0xdf, 0xfe, 0xc8, 0x20, 0x00, 0x00, 0x00, 0x06,
    0x00, 0x00, 0x00, 0x00, 0x00, 0x00, 0x00, 0x00,

    /* U+00F9 "ù" */
    0x00, 0x00, 0x08, 0x10, 0x00, 0x00, 0x00, 0x00,
    0x00, 0x00, 0x0a, 0xfd, 0x10, 0x00, 0x00, 0x00,
    0x00, 0x00, 0x07, 0xff, 0xfe, 0x20, 0x00, 0x00,
    0x00, 0x00, 0x00, 0x0a, 0xff, 0xfe, 0x30, 0x00,
    0x00, 0x00, 0x00, 0x00, 0x09, 0xff, 0xff, 0x40,
    0x00, 0x00, 0x00, 0x00, 0x00, 0x07, 0xff, 0xfe,
    0x00, 0x00, 0x00, 0x00, 0x00, 0x00, 0x06, 0xff,
    0x30, 0x00, 0x00, 0x00, 0x00, 0x00, 0x00, 0x05,
    0x40, 0x00, 0x00, 0x00, 0x00, 0x00, 0x00, 0x00,
    0x00, 0x00, 0x00, 0x00, 0x00, 0x00, 0x00, 0x00,
    0x00, 0x00, 0x00, 0x00, 0x00, 0x3f, 0xff, 0xf8,
    0x00, 0x00, 0x00, 0xdf, 0xff, 0xe3, 0xff, 0xff,
    0x80, 0x00, 0x00, 0x0d, 0xff, 0xfe, 0x3f, 0xff,
    0xf8, 0x00, 0x00, 0x00, 0xdf, 0xff, 0xe3, 0xff,
    0xff, 0x80, 0x00, 0x00, 0x0d, 0xff, 0xfe, 0x3f,
    0xff, 0xf8, 0x00, 0x00, 0x00, 0xdf, 0xff, 0xe3,
    0xff, 0xff, 0x80, 0x00, 0x00, 0x0d, 0xff, 0xfe,
    0x3f, 0xff, 0xf8, 0x00, 0x00, 0x00, 0xdf, 0xff,
    0xe3, 0xff, 0xff, 0x80, 0x00, 0x00, 0x0d, 0xff,
    0xfe, 0x3f, 0xff, 0xf8, 0x00, 0x00, 0x00, 0xdf,
    0xff, 0xe3, 0xff, 0xff, 0x80, 0x00, 0x00, 0x0d,
    0xff, 0xfe, 0x3f, 0xff, 0xf8, 0x00, 0x00, 0x00,
    0xef, 0xff, 0xe2, 0xff, 0xff, 0x90, 0x00, 0x00,
    0x1f, 0xff, 0xfe, 0x0f, 0xff, 0xfe, 0x10, 0x00,
    0x5e, 0xff, 0xff, 0xe0, 0xff, 0xff, 0xff, 0xbb,
    0xef, 0xff, 0xff, 0xfe, 0x0b, 0xff, 0xff, 0xff,
    0xff, 0xff, 0xff, 0xff, 0xe0, 0x4f, 0xff, 0xff,
    0xff, 0xff, 0xff, 0xff, 0xfe, 0x00, 0x7f, 0xff,
    0xff, 0xff, 0xf9, 0x2f, 0xff, 0xe0, 0x00, 0x4a,
    0xef, 0xfc, 0x82, 0x00, 0xcf, 0xfe,

    /* U+00FA "ú" */
    0x00, 0x00, 0x00, 0x00, 0x00, 0x05, 0x40, 0x00,
    0x00, 0x00, 0x00, 0x00, 0x00, 0x06, 0xff, 0x40,
    0x00, 0x00, 0x00, 0x00, 0x00, 0x07, 0xff, 0xff,
    0x10, 0x00, 0x00, 0x00, 0x00, 0x08, 0xff, 0xff,
    0x40, 0x00, 0x00, 0x00, 0x00, 0x0a, 0xff, 0xfe,
    0x30, 0x00, 0x00, 0x00, 0x00, 0x06, 0xff, 0xfe,
    0x20, 0x00, 0x00, 0x00, 0x00, 0x00, 0x09, 0xfd,
    0x20, 0x00, 0x00, 0x00, 0x00, 0x00, 0x00, 0x08,
    0x10, 0x00, 0x00, 0x00, 0x00, 0x00, 0x00, 0x00,
    0x00, 0x00, 0x00, 0x00, 0x00, 0x00, 0x00, 0x00,
    0x00, 0x00, 0x00, 0x00, 0x00, 0x3f, 0xff, 0xf8,
    0x00, 0x00, 0x00, 0xdf, 0xff, 0xe3, 0xff, 0xff,
    0x80, 0x00, 0x00, 0x0d, 0xff, 0xfe, 0x3f, 0xff,
    0xf8, 0x00, 0x00, 0x00, 0xdf, 0xff, 0xe3, 0xff,
    0xff, 0x80, 0x00, 0x00, 0x0d, 0xff, 0xfe, 0x3f,
    0xff, 0xf8, 0x00, 0x00, 0x00, 0xdf, 0xff, 0xe3,
    0xff, 0xff, 0x80, 0x00, 0x00, 0x0d, 0xff, 0xfe,
    0x3f, 0xff, 0xf8, 0x00, 0x00, 0x00, 0xdf, 0xff,
    0xe3, 0xff, 0xff, 0x80, 0x00, 0x00, 0x0d, 0xff,
    0xfe, 0x3f, 0xff, 0xf8, 0x00, 0x00, 0x00, 0xdf,
    0xff, 0xe3, 0xff, 0xff, 0x80, 0x00, 0x00, 0x0d,
    0xff, 0xfe, 0x3f, 0xff, 0xf8, 0x00, 0x00, 0x00,
    0xef, 0xff, 0xe2, 0xff, 0xff, 0x90, 0x00, 0x00,
    0x1f, 0xff, 0xfe, 0x0f, 0xff, 0xfe, 0x10, 0x00,
    0x5e, 0xff, 0xff, 0xe0, 0xff, 0xff, 0xff, 0xbb,
    0xef, 0xff, 0xff, 0xfe, 0x0b, 0xff, 0xff, 0xff,
    0xff, 0xff, 0xff, 0xff, 0xe0, 0x4f, 0xff, 0xff,
    0xff, 0xff, 0xff, 0xff, 0xfe, 0x00, 0x7f, 0xff,
    0xff, 0xff, 0xf9, 0x2f, 0xff, 0xe0, 0x00, 0x4a,
    0xef, 0xfc, 0x82, 0x00, 0xcf, 0xfe,

    /* U+00FB "û" */
    0x00, 0x00, 0x00, 0x00, 0x52, 0x00, 0x00, 0x00,
    0x00, 0x00, 0x00, 0x00, 0x7f, 0xe3, 0x00, 0x00,
    0x00, 0x00, 0x00, 0x00, 0x8f, 0xff, 0xf3, 0x00,
    0x00, 0x00, 0x00, 0x00, 0x9f, 0xff, 0xff, 0xf4,
    0x00, 0x00, 0x00, 0x00, 0xaf, 0xff, 0xff, 0xff,
    0xf5, 0x00, 0x00, 0x00, 0x5f, 0xff, 0xd1, 0x4f,
    0xff, 0xe1, 0x00, 0x00, 0x00, 0x6f, 0xc1, 0x00,
    0x4f, 0xe2, 0x00, 0x00, 0x00, 0x00, 0x50, 0x00,
    0x00, 0x32, 0x00, 0x00, 0x00, 0x00, 0x00, 0x00,
    0x00, 0x00, 0x00, 0x00, 0x00, 0x00, 0x00, 0x00,
    0x00, 0x00, 0x00, 0x00, 0x00, 0x3f, 0xff, 0xf8,
    0x00, 0x00, 0x00, 0xdf, 0xff, 0xe3, 0xff, 0xff,
    0x80, 0x00, 0x00, 0x0d, 0xff, 0xfe, 0x3f, 0xff,
    0xf8, 0x00, 0x00, 0x00, 0xdf, 0xff, 0xe3, 0xff,
    0xff, 0x80, 0x00, 0x00, 0x0d, 0xff, 0xfe, 0x3f,
    0xff, 0xf8, 0x00, 0x00, 0x00, 0xdf, 0xff, 0xe3,
    0xff, 0xff, 0x80, 0x00, 0x00, 0x0d, 0xff, 0xfe,
    0x3f, 0xff, 0xf8, 0x00, 0x00, 0x00, 0xdf, 0xff,
    0xe3, 0xff, 0xff, 0x80, 0x00, 0x00, 0x0d, 0xff,
    0xfe, 0x3f, 0xff, 0xf8, 0x00, 0x00, 0x00, 0xdf,
    0xff, 0xe3, 0xff, 0xff, 0x80, 0x00, 0x00, 0x0d,
    0xff, 0xfe, 0x3f, 0xff, 0xf8, 0x00, 0x00, 0x00,
    0xef, 0xff, 0xe2, 0xff, 0xff, 0x90, 0x00, 0x00,
    0x1f, 0xff, 0xfe, 0x0f, 0xff, 0xfe, 0x10, 0x00,
    0x5e, 0xff, 0xff, 0xe0, 0xff, 0xff, 0xff, 0xbb,
    0xef, 0xff, 0xff, 0xfe, 0x0b, 0xff, 0xff, 0xff,
    0xff, 0xff, 0xff, 0xff, 0xe0, 0x4f, 0xff, 0xff,
    0xff, 0xff, 0xff, 0xff, 0xfe, 0x00, 0x7f, 0xff,
    0xff, 0xff, 0xf9, 0x2f, 0xff, 0xe0, 0x00, 0x4a,
    0xef, 0xfc, 0x82, 0x00, 0xcf, 0xfe,

    /* U+00FC "ü" */
    0x00, 0x04, 0xdf, 0xa1, 0x00, 0x3c, 0xfb, 0x10,
    0x00, 0x01, 0xff, 0xff, 0xa0, 0x1e, 0xff, 0xfc,
    0x00, 0x00, 0x5f, 0xff, 0xff, 0x04, 0xff, 0xff,
    0xf0, 0x00, 0x04, 0xff, 0xff, 0xd0, 0x2f, 0xff,
    0xfe, 0x00, 0x00, 0x0b, 0xff, 0xf5, 0x00, 0x9f,
    0xff, 0x60, 0x00, 0x00, 0x04, 0x52, 0x00, 0x00,
    0x36, 0x20, 0x00, 0x00, 0x00, 0x00, 0x00, 0x00,
    0x00, 0x00, 0x00, 0x00, 0x00, 0x00, 0x00, 0x00,
    0x00, 0x00, 0x00, 0x00, 0x3f, 0xff, 0xf8, 0x00,
    0x00, 0x00, 0xdf, 0xff, 0xe3, 0xff, 0xff, 0x80,
    0x00, 0x00, 0x0d, 0xff, 0xfe, 0x3f, 0xff, 0xf8,
    0x00, 0x00, 0x00, 0xdf, 0xff, 0xe3, 0xff, 0xff,
    0x80, 0x00, 0x00, 0x0d, 0xff, 0xfe, 0x3f, 0xff,
    0xf8, 0x00, 0x00, 0x00, 0xdf, 0xff, 0xe3, 0xff,
    0xff, 0x80, 0x00, 0x00, 0x0d, 0xff, 0xfe, 0x3f,
    0xff, 0xf8, 0x00, 0x00, 0x00, 0xdf, 0xff, 0xe3,
    0xff, 0xff, 0x80, 0x00, 0x00, 0x0d, 0xff, 0xfe,
    0x3f, 0xff, 0xf8, 0x00, 0x00, 0x00, 0xdf, 0xff,
    0xe3, 0xff, 0xff, 0x80, 0x00, 0x00, 0x0d, 0xff,
    0xfe, 0x3f, 0xff, 0xf8, 0x00, 0x00, 0x00, 0xef,
    0xff, 0xe2, 0xff, 0xff, 0x90, 0x00, 0x00, 0x1f,
    0xff, 0xfe, 0x0f, 0xff, 0xfe, 0x10, 0x00, 0x5e,
    0xff, 0xff, 0xe0, 0xff, 0xff, 0xff, 0xbb, 0xef,
    0xff, 0xff, 0xfe, 0x0b, 0xff, 0xff, 0xff, 0xff,
    0xff, 0xff, 0xff, 0xe0, 0x4f, 0xff, 0xff, 0xff,
    0xff, 0xff, 0xff, 0xfe, 0x00, 0x7f, 0xff, 0xff,
    0xff, 0xf9, 0x2f, 0xff, 0xe0, 0x00, 0x4a, 0xef,
    0xfc, 0x82, 0x00, 0xcf, 0xfe,

    /* U+00FD "ý" */
    0x00, 0x00, 0x00, 0x00, 0x00, 0x00, 0x72, 0x00,
    0x00, 0x00, 0x00, 0x00, 0x00, 0x00, 0x00, 0x9f,
    0xe2, 0x00, 0x00, 0x00, 0x00, 0x00, 0x00, 0x00,
    0xaf, 0xff, 0xd0, 0x00, 0x00, 0x00, 0x00, 0x00,
    0x00, 0xbf, 0xff, 0xe2, 0x00, 0x00, 0x00, 0x00,
    0x00, 0x01, 0xcf, 0xff, 0xd1, 0x00, 0x00, 0x00,
    0x00, 0x00, 0x00, 0x9f, 0xff, 0xc1, 0x00, 0x00,
    0x00, 0x00, 0x00, 0x00, 0x00, 0xcf, 0xc0, 0x00,
    0x00, 0x00, 0x00, 0x00, 0x00, 0x00, 0x00, 0x80,
    0x00, 0x00, 0x00, 0x00, 0x00, 0x00, 0x00, 0x00,
    0x00, 0x00, 0x00, 0x00, 0x00, 0x00, 0x00, 0x00,
    0x00, 0x00, 0x00, 0x00, 0x00, 0x00, 0x00, 0x6f,
    0xff, 0xf6, 0x00, 0x00, 0x00, 0x01, 0xff, 0xff,
    0xc0, 0xef, 0xff, 0xd0, 0x00, 0x00, 0x00, 0x8f,
    0xff, 0xf5, 0x08, 0xff, 0xff, 0x40, 0x00, 0x00,
    0x0e, 0xff, 0xfe, 0x00, 0x1f, 0xff, 0xfb, 0x00,
    0x00, 0x05, 0xff, 0xff, 0x70, 0x00, 0xaf, 0xff,
    0xf2, 0x00, 0x00, 0xcf, 0xff, 0xf1, 0x00, 0x03,
    0xff, 0xff, 0x90, 0x00, 0x3f, 0xff, 0xf9, 0x00,
    0x00, 0x0c, 0xff, 0xff, 0x00, 0x0a, 0xff, 0xff,
    0x20, 0x00, 0x00, 0x6f, 0xff, 0xf6, 0x01, 0xff,
    0xff, 0xb0, 0x00, 0x00, 0x00, 0xef, 0xff, 0xd0,
    0x8f, 0xff, 0xf4, 0x00, 0x00, 0x00, 0x08, 0xff,
    0xff, 0x5e, 0xff, 0xfd, 0x00, 0x00, 0x00, 0x00,
    0x1f, 0xff, 0xff, 0xff, 0xff, 0x70, 0x00, 0x00,
    0x00, 0x00, 0xaf, 0xff, 0xff, 0xff, 0xf0, 0x00,
    0x00, 0x00, 0x00, 0x03, 0xff, 0xff, 0xff, 0xf9,
    0x00, 0x00, 0x00, 0x00, 0x00, 0x0c, 0xff, 0xff,
    0xff, 0x20, 0x00, 0x00, 0x00, 0x00, 0x00, 0x5f,
    0xff, 0xff, 0xb0, 0x00, 0x00, 0x00, 0x00, 0x00,
    0x00, 0xff, 0xff, 0xf4, 0x00, 0x00, 0x00, 0x00,
    0x00, 0x00, 0x0f, 0xff, 0xfd, 0x00, 0x00, 0x00,
    0x00, 0x00, 0x00, 0x06, 0xff, 0xff, 0x60, 0x00,
    0x00, 0x00, 0x00, 0x00, 0x00, 0xdf, 0xff, 0xf0,
    0x00, 0x00, 0x00, 0x00, 0x00, 0x00, 0x3f, 0xff,
    0xf9, 0x00, 0x00, 0x00, 0x00, 0x00, 0x00, 0x0a,
    0xff, 0xff, 0x20, 0x00, 0x00, 0x00, 0x00, 0x00,
    0x01, 0xff, 0xff, 0xb0, 0x00, 0x00, 0x00, 0x00,
    0x00, 0x00, 0x8f, 0xff, 0xf4, 0x00, 0x00, 0x00,
    0x00, 0x00, 0x00, 0x0e, 0xff, 0xfd, 0x00, 0x00,
    0x00, 0x00, 0x00, 0x00, 0x06, 0xff, 0xff, 0x60,
    0x00, 0x00, 0x00, 0x00, 0x00,

    /* U+00FE "þ" */
    0xff, 0xff, 0xb0, 0x00, 0x00, 0x00, 0x00, 0x00,
    0x00, 0xff, 0xff, 0xb0, 0x00, 0x00, 0x00, 0x00,
    0x00, 0x00, 0xff, 0xff, 0xb0, 0x00, 0x00, 0x00,
    0x00, 0x00, 0x00, 0xff, 0xff, 0xb0, 0x00, 0x00,
    0x00, 0x00, 0x00, 0x00, 0xff, 0xff, 0xb0, 0x00,
    0x00, 0x00, 0x00, 0x00, 0x00, 0xff, 0xff, 0xb0,
    0x00, 0x00, 0x00, 0x00, 0x00, 0x00, 0xff, 0xff,
    0xb0, 0x00, 0x00, 0x00, 0x00, 0x00, 0x00, 0xff,
    0xff, 0xb0, 0x6b, 0xef, 0xec, 0x70, 0x00, 0x00,
    0xff, 0xff, 0xed, 0xff, 0xff, 0xff, 0xfe, 0x30,
    0x00, 0xff, 0xff, 0xff, 0xff, 0xff, 0xff, 0xff,
    0xf4, 0x00, 0xff, 0xff, 0xff, 0xff, 0xff, 0xff,
    0xff, 0xfe, 0x10, 0xff, 0xff, 0xff, 0xe7, 0x56,
    0xcf, 0xff, 0xff, 0x90, 0xff, 0xff, 0xfc, 0x00,
    0x00, 0x08, 0xff, 0xff, 0xf0, 0xff, 0xff, 0xf1,
    0x00, 0x00, 0x00, 0xcf, 0xff, 0xf4, 0xff, 0xff,
    0xf0, 0x00, 0x00, 0x00, 0x6f, 0xff, 0xf7, 0xff,
    0xff, 0xe0, 0x00, 0x00, 0x00, 0x3f, 0xff, 0xf8,
    0xff, 0xff, 0xe0, 0x00, 0x00, 0x00, 0x3f, 0xff,
    0xf8, 0xff, 0xff, 0xf0, 0x00, 0x00, 0x00, 0x6f,
    0xff, 0xf7, 0xff, 0xff, 0xf1, 0x00, 0x00, 0x00,
    0xcf, 0xff, 0xf4, 0xff, 0xff, 0xfc, 0x10, 0x00,
    0x08, 0xff, 0xff, 0xf0, 0xff, 0xff, 0xff, 0xe8,
    0x67, 0xcf, 0xff, 0xff, 0x90, 0xff, 0xff, 0xff,
    0xff, 0xff, 0xff, 0xff, 0xfe, 0x10, 0xff, 0xff,
    0xff, 0xff, 0xff, 0xff, 0xff, 0xf4, 0x00, 0xff,
    0xff, 0xfe, 0xff, 0xff, 0xff, 0xfe, 0x30, 0x00,
    0xff, 0xff, 0xb0, 0x7c, 0xff, 0xec, 0x60, 0x00,
    0x00, 0xff, 0xff, 0xb0, 0x00, 0x00, 0x00, 0x00,
    0x00, 0x00, 0xff, 0xff, 0xb0, 0x00, 0x00, 0x00,
    0x00, 0x00, 0x00, 0xff, 0xff, 0xb0, 0x00, 0x00,
    0x00, 0x00, 0x00, 0x00, 0xff, 0xff, 0xb0, 0x00,
    0x00, 0x00, 0x00, 0x00, 0x00, 0xff, 0xff, 0xb0,
    0x00, 0x00, 0x00, 0x00, 0x00, 0x00, 0xff, 0xff,
    0xb0, 0x00, 0x00, 0x00, 0x00, 0x00, 0x00, 0xff,
    0xff, 0xb0, 0x00, 0x00, 0x00, 0x00, 0x00, 0x00,

    /* U+00FF "ÿ" */
    0x00, 0x00, 0x04, 0x51, 0x00, 0x00, 0x45, 0x10,
    0x00, 0x00, 0x00, 0x0c, 0xff, 0xe2, 0x00, 0xbf,
    0xff, 0x30, 0x00, 0x00, 0x06, 0xff, 0xff, 0xa0,
    0x5f, 0xff, 0xfb, 0x00, 0x00, 0x00, 0x8f, 0xff,
    0xfc, 0x06, 0xff, 0xff, 0xd0, 0x00, 0x00, 0x04,
    0xff, 0xff, 0x80, 0x3f, 0xff, 0xf9, 0x00, 0x00,
    0x00, 0x07, 0xee, 0x90, 0x00, 0x5d, 0xfa, 0x00,
    0x00, 0x00, 0x00, 0x00, 0x00, 0x00, 0x00, 0x00,
    0x00, 0x00, 0x00, 0x00, 0x00, 0x00, 0x00, 0x00,
    0x00, 0x00, 0x00, 0x00, 0x6f, 0xff, 0xf6, 0x00,
    0x00, 0x00, 0x01, 0xff, 0xff, 0xc0, 0xef, 0xff,
    0xd0, 0x00, 0x00, 0x00, 0x8f, 0xff, 0xf5, 0x08,
    0xff, 0xff, 0x40, 0x00, 0x00, 0x0e, 0xff, 0xfe,
    0x00, 0x1f, 0xff, 0xfb, 0x00, 0x00, 0x05, 0xff,
    0xff, 0x70, 0x00, 0xaf, 0xff, 0xf2, 0x00, 0x00,
    0xcf, 0xff, 0xf1, 0x00, 0x03, 0xff, 0xff, 0x90,
    0x00, 0x3f, 0xff, 0xf9, 0x00, 0x00, 0x0c, 0xff,
    0xff, 0x00, 0x0a, 0xff, 0xff, 0x20, 0x00, 0x00,
    0x6f, 0xff, 0xf6, 0x01, 0xff, 0xff, 0xb0, 0x00,
    0x00, 0x00, 0xef, 0xff, 0xd0, 0x8f, 0xff, 0xf4,
    0x00, 0x00, 0x00, 0x08, 0xff, 0xff, 0x5e, 0xff,
    0xfd, 0x00, 0x00, 0x00, 0x00, 0x1f, 0xff, 0xff,
    0xff, 0xff, 0x70, 0x00, 0x00, 0x00, 0x00, 0xaf,
    0xff, 0xff, 0xff, 0xf0, 0x00, 0x00, 0x00, 0x00,
    0x03, 0xff, 0xff, 0xff, 0xf9, 0x00, 0x00, 0x00,
    0x00, 0x00, 0x0c, 0xff, 0xff, 0xff, 0x20, 0x00,
    0x00, 0x00, 0x00, 0x00, 0x5f, 0xff, 0xff, 0xb0,
    0x00, 0x00, 0x00, 0x00, 0x00, 0x00, 0xff, 0xff,
    0xf4, 0x00, 0x00, 0x00, 0x00, 0x00, 0x00, 0x0f,
    0xff, 0xfd, 0x00, 0x00, 0x00, 0x00, 0x00, 0x00,
    0x06, 0xff, 0xff, 0x60, 0x00, 0x00, 0x00, 0x00,
    0x00, 0x00, 0xdf, 0xff, 0xf0, 0x00, 0x00, 0x00,
    0x00, 0x00, 0x00, 0x3f, 0xff, 0xf9, 0x00, 0x00,
    0x00, 0x00, 0x00, 0x00, 0x0a, 0xff, 0xff, 0x20,
    0x00, 0x00, 0x00, 0x00, 0x00, 0x01, 0xff, 0xff,
    0xb0, 0x00, 0x00, 0x00, 0x00, 0x00, 0x00, 0x8f,
    0xff, 0xf4, 0x00, 0x00, 0x00, 0x00, 0x00, 0x00,
    0x0e, 0xff, 0xfd, 0x00, 0x00, 0x00, 0x00, 0x00,
    0x00, 0x06, 0xff, 0xff, 0x60, 0x00, 0x00, 0x00,
    0x00, 0x00,

    /* U+0150 "Ő" */
    0x00, 0x00, 0x00, 0x00, 0x00, 0x04, 0x50, 0x00,
    0x07, 0x20, 0x00, 0x00, 0x00, 0x00, 0x00, 0x00,
    0x00, 0x00, 0x00, 0xdf, 0xe5, 0x06, 0xff, 0xb0,
    0x00, 0x00, 0x00, 0x00, 0x00, 0x00, 0x00, 0x00,
    0x4f, 0xff, 0x30, 0xdf, 0xfb, 0x00, 0x00, 0x00,
    0x00, 0x00, 0x00, 0x00, 0x00, 0x0b, 0xff, 0xc0,
    0x4f, 0xff, 0x40, 0x00, 0x00, 0x00, 0x00, 0x00,
    0x00, 0x00, 0x03, 0xff, 0xf5, 0x0c, 0xff, 0xc0,
    0x00, 0x00, 0x00, 0x00, 0x00, 0x00, 0x00, 0x00,
    0xaf, 0xfd, 0x03, 0xff, 0xf5, 0x00, 0x00, 0x00,
    0x00, 0x00, 0x00, 0x00, 0x00, 0x2f, 0xff, 0x60,
    0xaf, 0xfd, 0x00, 0x00, 0x00, 0x00, 0x00, 0x00,
    0x00, 0x00, 0x00, 0x5c, 0xe0, 0x02, 0x9f, 0x60,
    0x00, 0x00, 0x00, 0x00, 0x00, 0x00, 0x00, 0x00,
    0x00, 0x01, 0x00, 0x00, 0x10, 0x00, 0x00, 0x00,
    0x00, 0x00, 0x00, 0x00, 0x00, 0x00, 0x00, 0x00,
    0x00, 0x00, 0x00, 0x00, 0x00, 0x00, 0x00, 0x00,
    0x00, 0x00, 0x00, 0x16, 0xad, 0xef, 0xed, 0xa6,
    0x10, 0x00, 0x00, 0x00, 0x00, 0x00, 0x00, 0x01,
    0x9f, 0xff, 0xff, 0xff, 0xff, 0xff, 0x91, 0x00,
    0x00, 0x00, 0x00, 0x00, 0x05, 0xff, 0xff, 0xff,
    0xff, 0xff, 0xff, 0xff, 0xf5, 0x00, 0x00, 0x00,
    0x00, 0x08, 0xff, 0xff, 0xff, 0xff, 0xff, 0xff,
    0xff, 0xff, 0xf8, 0x00, 0x00, 0x00, 0x06, 0xff,
    0xff, 0xff, 0xfd, 0xba, 0xbd, 0xff, 0xff, 0xff,
    0xf6, 0x00, 0x00, 0x02, 0xff, 0xff, 0xff, 0xa3,
    0x00, 0x00, 0x02, 0x9f, 0xff, 0xff, 0xf2, 0x00,
    0x00, 0xbf, 0xff, 0xff, 0x50, 0x00, 0x00, 0x00,
    0x00, 0x5f, 0xff, 0xff, 0xb0, 0x00, 0x3f, 0xff,
    0xff, 0x50, 0x00, 0x00, 0x00, 0x00, 0x00, 0x5f,
    0xff, 0xff, 0x20, 0x08, 0xff, 0xff, 0xa0, 0x00,
    0x00, 0x00, 0x00, 0x00, 0x00, 0xaf, 0xff, 0xf8,
    0x00, 0xcf, 0xff, 0xf3, 0x00, 0x00, 0x00, 0x00,
    0x00, 0x00, 0x03, 0xff, 0xff, 0xc0, 0x0f, 0xff,
    0xfe, 0x00, 0x00, 0x00, 0x00, 0x00, 0x00, 0x00,
    0x0e, 0xff, 0xff, 0x00, 0xff, 0xff, 0xc0, 0x00,
    0x00, 0x00, 0x00, 0x00, 0x00, 0x00, 0xcf, 0xff,
    0xf0, 0x1f, 0xff, 0xfb, 0x00, 0x00, 0x00, 0x00,
    0x00, 0x00, 0x00, 0x0b, 0xff, 0xff, 0x10, 0xff,
    0xff, 0xc0, 0x00, 0x00, 0x00, 0x00, 0x00, 0x00,
    0x00, 0xcf, 0xff, 0xf0, 0x0f, 0xff, 0xfe, 0x00,
    0x00, 0x00, 0x00, 0x00, 0x00, 0x00, 0x0e, 0xff,
    0xff, 0x00, 0xcf, 0xff, 0xf4, 0x00, 0x00, 0x00,
    0x00, 0x00, 0x00, 0x03, 0xff, 0xff, 0xc0, 0x07,
    0xff, 0xff, 0xa0, 0x00, 0x00, 0x00, 0x00, 0x00,
    0x00, 0xaf, 0xff, 0xf7, 0x00, 0x2f, 0xff, 0xff,
    0x50, 0x00, 0x00, 0x00, 0x00, 0x00, 0x6f, 0xff,
    0xff, 0x20, 0x00, 0xaf, 0xff, 0xff, 0x50, 0x00,
    0x00, 0x00, 0x00, 0x5f, 0xff, 0xff, 0xa0, 0x00,
    0x02, 0xff, 0xff, 0xff, 0xa3, 0x00, 0x00, 0x03,
    0xaf, 0xff, 0xff, 0xf2, 0x00, 0x00, 0x05, 0xff,
    0xff, 0xff, 0xfe, 0xca, 0xce, 0xff, 0xff, 0xff,
    0xf5, 0x00, 0x00, 0x00, 0x07, 0xff, 0xff, 0xff,
    0xff, 0xff, 0xff, 0xff, 0xff, 0xf7, 0x00, 0x00,
    0x00, 0x00, 0x05, 0xff, 0xff, 0xff, 0xff, 0xff,
    0xff, 0xff, 0xf5, 0x00, 0x00, 0x00, 0x00, 0x00,
    0x01, 0x9f, 0xff, 0xff, 0xff, 0xff, 0xff, 0x91,
    0x00, 0x00, 0x00, 0x00, 0x00, 0x00, 0x00, 0x16,
    0xad, 0xef, 0xed, 0xa6, 0x10, 0x00, 0x00, 0x00,
    0x00,

    /* U+0151 "ő" */
    0x00, 0x00, 0x00, 0x00, 0x63, 0x00, 0x03, 0x50,
    0x00, 0x00, 0x00, 0x00, 0x00, 0x02, 0xff, 0xc2,
    0x0b, 0xff, 0x70, 0x00, 0x00, 0x00, 0x00, 0x09,
    0xff, 0xe0, 0x2f, 0xff, 0x60, 0x00, 0x00, 0x00,
    0x00, 0x1f, 0xff, 0x70, 0x9f, 0xfe, 0x00, 0x00,
    0x00, 0x00, 0x00, 0x8f, 0xff, 0x11, 0xff, 0xf7,
    0x00, 0x00, 0x00, 0x00, 0x00, 0xef, 0xf8, 0x08,
    0xff, 0xf1, 0x00, 0x00, 0x00, 0x00, 0x06, 0xff,
    0xf1, 0x0e, 0xff, 0x90, 0x00, 0x00, 0x00, 0x00,
    0x01, 0x7e, 0xa0, 0x04, 0xbf, 0x10, 0x00, 0x00,
    0x00, 0x00, 0x00, 0x00, 0x10, 0x00, 0x01, 0x00,
    0x00, 0x00, 0x00, 0x00, 0x00, 0x00, 0x00, 0x00,
    0x00, 0x00, 0x00, 0x00, 0x00, 0x00, 0x00, 0x5a,
    0xdf, 0xfe, 0xb7, 0x10, 0x00, 0x00, 0x00, 0x00,
    0x3e, 0xff, 0xff, 0xff, 0xff, 0xf7, 0x00, 0x00,
    0x00, 0x06, 0xff, 0xff, 0xff, 0xff, 0xff, 0xff,
    0xb0, 0x00, 0x00, 0x4f, 0xff, 0xff, 0xff, 0xff,
    0xff, 0xff, 0xf8, 0x00, 0x00, 0xef, 0xff, 0xff,
    0xd9, 0x9b, 0xff, 0xff, 0xff, 0x40, 0x06, 0xff,
    0xff, 0xf5, 0x00, 0x00, 0x2d, 0xff, 0xff, 0xb0,
    0x0b, 0xff, 0xff, 0x70, 0x00, 0x00, 0x02, 0xff,
    0xff, 0xf0, 0x0e, 0xff, 0xff, 0x00, 0x00, 0x00,
    0x00, 0xaf, 0xff, 0xf3, 0x0f, 0xff, 0xfd, 0x00,
    0x00, 0x00, 0x00, 0x7f, 0xff, 0xf4, 0x0f, 0xff,
    0xfd, 0x00, 0x00, 0x00, 0x00, 0x7f, 0xff, 0xf4,
    0x0e, 0xff, 0xff, 0x00, 0x00, 0x00, 0x00, 0xbf,
    0xff, 0xf3, 0x0b, 0xff, 0xff, 0x70, 0x00, 0x00,
    0x02, 0xff, 0xff, 0xf0, 0x06, 0xff, 0xff, 0xf6,
    0x00, 0x00, 0x3e, 0xff, 0xff, 0xb0, 0x00, 0xef,
    0xff, 0xff, 0xda, 0x9c, 0xff, 0xff, 0xff, 0x40,
    0x00, 0x4f, 0xff, 0xff, 0xff, 0xff, 0xff, 0xff,
    0xf8, 0x00, 0x00, 0x06, 0xff, 0xff, 0xff, 0xff,
    0xff, 0xff, 0xb0, 0x00, 0x00, 0x00, 0x3e, 0xff,
    0xff, 0xff, 0xff, 0xf7, 0x00, 0x00, 0x00, 0x00,
    0x00, 0x5a, 0xdf, 0xfe, 0xb7, 0x10, 0x00, 0x00,

    /* U+2000 " " */

    /* U+2001 " " */

    /* U+2002 " " */

    /* U+2003 " " */

    /* U+2004 " " */

    /* U+2005 " " */

    /* U+2006 " " */

    /* U+2007 " " */

    /* U+2008 " " */

    /* U+2009 " " */

    /* U+200A " " */

    /* U+200B "​" */

    /* U+200C "‌" */

    /* U+2013 "–" */
    0x04, 0x44, 0x44, 0x44, 0x44, 0x44, 0x44, 0x44,
    0x44, 0x43, 0x3f, 0xff, 0xff, 0xff, 0xff, 0xff,
    0xff, 0xff, 0xff, 0xfc, 0x3f, 0xff, 0xff, 0xff,
    0xff, 0xff, 0xff, 0xff, 0xff, 0xfc, 0x3f, 0xff,
    0xff, 0xff, 0xff, 0xff, 0xff, 0xff, 0xff, 0xfc,
    0x3f, 0xff, 0xff, 0xff, 0xff, 0xff, 0xff, 0xff,
    0xff, 0xfc,

    /* U+2014 "—" */
    0x14, 0x44, 0x44, 0x44, 0x44, 0x44, 0x44, 0x44,
    0x44, 0x44, 0x44, 0x44, 0x44, 0x44, 0x44, 0x44,
    0x44, 0x24, 0xff, 0xff, 0xff, 0xff, 0xff, 0xff,
    0xff, 0xff, 0xff, 0xff, 0xff, 0xff, 0xff, 0xff,
    0xff, 0xff, 0xfa, 0x4f, 0xff, 0xff, 0xff, 0xff,
    0xff, 0xff, 0xff, 0xff, 0xff, 0xff, 0xff, 0xff,
    0xff, 0xff, 0xff, 0xff, 0xa4, 0xff, 0xff, 0xff,
    0xff, 0xff, 0xff, 0xff, 0xff, 0xff, 0xff, 0xff,
    0xff, 0xff, 0xff, 0xff, 0xff, 0xfa, 0x4f, 0xff,
    0xff, 0xff, 0xff, 0xff, 0xff, 0xff, 0xff, 0xff,
    0xff, 0xff, 0xff, 0xff, 0xff, 0xff, 0xff, 0xa0,

    /* U+2018 "‘" */
    0x00, 0x00, 0x04, 0x10, 0x00, 0x00, 0x8f, 0xd1,
    0x00, 0x0a, 0xff, 0xf5, 0x00, 0x8f, 0xff, 0x80,
    0x03, 0xff, 0xfe, 0x00, 0x0b, 0xff, 0xf8, 0x00,
    0x1f, 0xff, 0xf5, 0x00, 0x3f, 0xff, 0xf6, 0x00,
    0x3f, 0xff, 0xfd, 0x00, 0x0f, 0xff, 0xff, 0xd2,
    0x08, 0xff, 0xff, 0xf1, 0x00, 0x7e, 0xfb, 0x20,

    /* U+2019 "’" */
    0x01, 0xaf, 0xe8, 0x00, 0x0e, 0xff, 0xff, 0xa0,
    0x1c, 0xff, 0xff, 0xf2, 0x00, 0xbf, 0xff, 0xf5,
    0x00, 0x4f, 0xff, 0xf5, 0x00, 0x3f, 0xff, 0xf3,
    0x00, 0x6f, 0xff, 0xd0, 0x00, 0xcf, 0xff, 0x50,
    0x06, 0xff, 0xfb, 0x00, 0x3f, 0xff, 0xc0, 0x00,
    0x0c, 0xfa, 0x00, 0x00, 0x00, 0x50, 0x00, 0x00,

    /* U+201A "‚" */
    0x01, 0x9e, 0xe9, 0x00, 0x0c, 0xff, 0xff, 0xc0,
    0x0a, 0xff, 0xff, 0xf4, 0x00, 0x9f, 0xff, 0xf8,
    0x00, 0x2f, 0xff, 0xf8, 0x00, 0x0f, 0xff, 0xf5,
    0x00, 0x4f, 0xff, 0xf0, 0x00, 0xaf, 0xff, 0x70,
    0x04, 0xff, 0xfc, 0x00, 0x1e, 0xff, 0xd1, 0x00,
    0x0a, 0xfc, 0x10, 0x00, 0x00, 0x50, 0x00, 0x00,

    /* U+201C "“" */
    0x00, 0x00, 0x04, 0x10, 0x00, 0x00, 0x03, 0x30,
    0x00, 0x00, 0x8f, 0xd1, 0x00, 0x00, 0x6f, 0xe2,
    0x00, 0x0a, 0xff, 0xf5, 0x00, 0x07, 0xff, 0xf7,
    0x00, 0x8f, 0xff, 0x80, 0x00, 0x5f, 0xff, 0xb0,
    0x03, 0xff, 0xfe, 0x00, 0x01, 0xff, 0xff, 0x20,
    0x0b, 0xff, 0xf8, 0x00, 0x08, 0xff, 0xfb, 0x00,
    0x1f, 0xff, 0xf5, 0x00, 0x0d, 0xff, 0xf8, 0x00,
    0x3f, 0xff, 0xf6, 0x00, 0x0f, 0xff, 0xf9, 0x00,
    0x3f, 0xff, 0xfd, 0x00, 0x0f, 0xff, 0xfe, 0x10,
    0x0f, 0xff, 0xff, 0xd2, 0x0d, 0xff, 0xff, 0xe3,
    0x08, 0xff, 0xff, 0xf1, 0x05, 0xff, 0xff, 0xf3,
    0x00, 0x7e, 0xfb, 0x20, 0x00, 0x5d, 0xfc, 0x40,

    /* U+201D "”" */
    0x01, 0xaf, 0xe8, 0x00, 0x00, 0x9e, 0xf9, 0x10,
    0x0e, 0xff, 0xff, 0xa0, 0x0c, 0xff, 0xff, 0xc0,
    0x1c, 0xff, 0xff, 0xf2, 0x0a, 0xff, 0xff, 0xf5,
    0x00, 0xbf, 0xff, 0xf5, 0x00, 0x9f, 0xff, 0xf8,
    0x00, 0x4f, 0xff, 0xf5, 0x00, 0x1f, 0xff, 0xf8,
    0x00, 0x3f, 0xff, 0xf3, 0x00, 0x0f, 0xff, 0xf5,
    0x00, 0x6f, 0xff, 0xd0, 0x00, 0x3f, 0xff, 0xf0,
    0x00, 0xcf, 0xff, 0x50, 0x00, 0xaf, 0xff, 0x80,
    0x06, 0xff, 0xfb, 0x00, 0x03, 0xff, 0xfd, 0x00,
    0x3f, 0xff, 0xc0, 0x00, 0x1e, 0xff, 0xe1, 0x00,
    0x0c, 0xfa, 0x00, 0x00, 0x09, 0xfc, 0x10, 0x00,
    0x00, 0x50, 0x00, 0x00, 0x00, 0x60, 0x00, 0x00,

    /* U+201E "„" */
    0x01, 0x9e, 0xe9, 0x00, 0x00, 0x8e, 0xfa, 0x10,
    0x0c, 0xff, 0xff, 0xc0, 0x09, 0xff, 0xff, 0xe1,
    0x0a, 0xff, 0xff, 0xf4, 0x08, 0xff, 0xff, 0xf7,
    0x00, 0xaf, 0xff, 0xf8, 0x00, 0x7f, 0xff, 0xfa,
    0x00, 0x2f, 0xff, 0xf8, 0x00, 0x0f, 0xff, 0xfb,
    0x00, 0x0f, 0xff, 0xf5, 0x00, 0x0e, 0xff, 0xf8,
    0x00, 0x4f, 0xff, 0xf0, 0x00, 0x1f, 0xff, 0xf2,
    0x00, 0xaf, 0xff, 0x70, 0x00, 0x7f, 0xff, 0xa0,
    0x04, 0xff, 0xfd, 0x00, 0x02, 0xff, 0xfe, 0x10,
    0x1e, 0xff, 0xd1, 0x00, 0x0d, 0xff, 0xf3, 0x00,
    0x0a, 0xfc, 0x10, 0x00, 0x07, 0xfd, 0x20, 0x00,
    0x00, 0x60, 0x00, 0x00, 0x00, 0x50, 0x00, 0x00,

    /* U+2022 "•" */
    0x00, 0x00, 0x00, 0x00, 0x00, 0x00, 0x00, 0x7d,
    0xff, 0xa2, 0x00, 0x00, 0xbf, 0xff, 0xff, 0xf4,
    0x00, 0x8f, 0xff, 0xff, 0xff, 0xe1, 0x0f, 0xff,
    0xff, 0xff, 0xff, 0x72, 0xff, 0xff, 0xff, 0xff,
    0xfa, 0x2f, 0xff, 0xff, 0xff, 0xff, 0xa0, 0xef,
    0xff, 0xff, 0xff, 0xf7, 0x08, 0xff, 0xff, 0xff,
    0xfe, 0x10, 0x0b, 0xff, 0xff, 0xff, 0x40, 0x00,
    0x06, 0xcf, 0xea, 0x20, 0x00,

    /* U+2026 "…" */
    0x00, 0x5a, 0xa5, 0x00, 0x00, 0x02, 0x9a, 0x81,
    0x00, 0x00, 0x06, 0xaa, 0x40, 0x00, 0x9f, 0xff,
    0xf8, 0x00, 0x03, 0xff, 0xff, 0xd1, 0x00, 0x0a,
    0xff, 0xff, 0x70, 0x3f, 0xff, 0xff, 0xf2, 0x00,
    0xcf, 0xff, 0xff, 0x80, 0x04, 0xff, 0xff, 0xff,
    0x16, 0xff, 0xff, 0xff, 0x50, 0x0f, 0xff, 0xff,
    0xfb, 0x00, 0x7f, 0xff, 0xff, 0xf3, 0x4f, 0xff,
    0xff, 0xf3, 0x00, 0xdf, 0xff, 0xff, 0xa0, 0x05,
    0xff, 0xff, 0xff, 0x20, 0xcf, 0xff, 0xfc, 0x00,
    0x06, 0xff, 0xff, 0xf3, 0x00, 0x0d, 0xff, 0xff,
    0xa0, 0x01, 0xaf, 0xe9, 0x10, 0x00, 0x06, 0xdf,
    0xc4, 0x00, 0x00, 0x1a, 0xfe, 0x90, 0x00,

    /* U+202F " " */

    /* U+2030 "‰" */
    0x00, 0x02, 0x9d, 0xfe, 0xa3, 0x00, 0x00, 0x00,
    0x00, 0x00, 0x09, 0x70, 0x00, 0x00, 0x00, 0x00,
    0x00, 0x00, 0x00, 0x00, 0x05, 0xff, 0xff, 0xff,
    0xf8, 0x00, 0x00, 0x00, 0x00, 0x07, 0xff, 0xb1,
    0x00, 0x00, 0x00, 0x00, 0x00, 0x00, 0x00, 0x03,
    0xff, 0xff, 0xff, 0xff, 0xf6, 0x00, 0x00, 0x00,
    0x05, 0xff, 0xff, 0x80, 0x00, 0x00, 0x00, 0x00,
    0x00, 0x00, 0x00, 0xbf, 0xff, 0xc8, 0xaf, 0xff,
    0xf0, 0x00, 0x00, 0x03, 0xff, 0xff, 0xb0, 0x00,
    0x00, 0x00, 0x00, 0x00, 0x00, 0x00, 0x1f, 0xff,
    0xc0, 0x00, 0x8f, 0xff, 0x50, 0x00, 0x02, 0xef,
    0xff, 0xd1, 0x00, 0x00, 0x00, 0x00, 0x00, 0x00,
    0x00, 0x03, 0xff, 0xf7, 0x00, 0x02, 0xff, 0xf7,
    0x00, 0x01, 0xdf, 0xff, 0xe2, 0x00, 0x00, 0x00,
    0x00, 0x00, 0x00, 0x00, 0x00, 0x2f, 0xff, 0x80,
    0x00, 0x4f, 0xff, 0x60, 0x00, 0xcf, 0xff, 0xf3,
    0x00, 0x00, 0x00, 0x00, 0x00, 0x00, 0x00, 0x00,
    0x00, 0xef, 0xff, 0x50, 0x3d, 0xff, 0xf3, 0x00,
    0xaf, 0xff, 0xf5, 0x00, 0x00, 0x00, 0x00, 0x00,
    0x00, 0x00, 0x00, 0x00, 0x07, 0xff, 0xff, 0xff,
    0xff, 0xfc, 0x00, 0x7f, 0xff, 0xf7, 0x00, 0x00,
    0x00, 0x00, 0x00, 0x00, 0x00, 0x00, 0x00, 0x00,
    0x0b, 0xff, 0xff, 0xff, 0xfe, 0x10, 0x5f, 0xff,
    0xf9, 0x00, 0x00, 0x00, 0x00, 0x00, 0x00, 0x00,
    0x00, 0x00, 0x00, 0x00, 0x08, 0xff, 0xff, 0xfb,
    0x10, 0x3f, 0xff, 0xfb, 0x00, 0x00, 0x00, 0x00,
    0x00, 0x00, 0x00, 0x00, 0x00, 0x00, 0x00, 0x00,
    0x01, 0x57, 0x62, 0x00, 0x2e, 0xff, 0xfd, 0x10,
    0x00, 0x00, 0x00, 0x00, 0x00, 0x00, 0x00, 0x00,
    0x00, 0x00, 0x00, 0x00, 0x00, 0x00, 0x00, 0x1d,
    0xff, 0xfe, 0x20, 0x00, 0x00, 0x00, 0x00, 0x00,
    0x00, 0x00, 0x00, 0x00, 0x00, 0x00, 0x00, 0x00,
    0x00, 0x00, 0x0c, 0xff, 0xff, 0x30, 0x04, 0x66,
    0x40, 0x00, 0x00, 0x00, 0x01, 0x56, 0x52, 0x00,
    0x00, 0x00, 0x00, 0x00, 0x00, 0x0a, 0xff, 0xff,
    0x50, 0x5e, 0xff, 0xff, 0xe5, 0x00, 0x00, 0x09,
    0xff, 0xff, 0xfb, 0x10, 0x00, 0x00, 0x00, 0x00,
    0x08, 0xff, 0xff, 0x70, 0x6f, 0xff, 0xff, 0xff,
    0xf6, 0x00, 0x0c, 0xff, 0xff, 0xff, 0xfe, 0x10,
    0x00, 0x00, 0x00, 0x06, 0xff, 0xff, 0x90, 0x2f,
    0xff, 0xff, 0xff, 0xff, 0xf2, 0x09, 0xff, 0xff,
    0xff, 0xff, 0xfb, 0x00, 0x00, 0x00, 0x04, 0xff,
    0xff, 0xb0, 0x09, 0xff, 0xf9, 0x11, 0x9f, 0xff,
    0x90, 0xff, 0xff, 0x40, 0x3e, 0xff, 0xf2, 0x00,
    0x00, 0x02, 0xef, 0xff, 0xd1, 0x00, 0xdf, 0xfe,
    0x00, 0x00, 0xef, 0xfd, 0x3f, 0xff, 0x80, 0x00,
    0x5f, 0xff, 0x60, 0x00, 0x01, 0xdf, 0xff, 0xe2,
    0x00, 0x0e, 0xff, 0xc0, 0x00, 0x0c, 0xff, 0xe4,
    0xff, 0xf6, 0x00, 0x03, 0xff, 0xf7, 0x00, 0x00,
    0xcf, 0xff, 0xf3, 0x00, 0x00, 0xcf, 0xff, 0x20,
    0x02, 0xff, 0xfc, 0x2f, 0xff, 0xb0, 0x00, 0x8f,
    0xff, 0x50, 0x00, 0xaf, 0xff, 0xf5, 0x00, 0x00,
    0x06, 0xff, 0xfe, 0x99, 0xff, 0xff, 0x60, 0xdf,
    0xff, 0xc8, 0xbf, 0xff, 0xe0, 0x00, 0x7f, 0xff,
    0xf7, 0x00, 0x00, 0x00, 0x0c, 0xff, 0xff, 0xff,
    0xff, 0xc0, 0x04, 0xff, 0xff, 0xff, 0xff, 0xf6,
    0x00, 0x00, 0xaf, 0xf9, 0x00, 0x00, 0x00, 0x00,
    0x1c, 0xff, 0xff, 0xff, 0xc1, 0x00, 0x05, 0xff,
    0xff, 0xff, 0xf7, 0x00, 0x00, 0x00, 0x7b, 0x00,
    0x00, 0x00, 0x00, 0x00, 0x06, 0xcf, 0xfc, 0x60,
    0x00, 0x00, 0x02, 0x9d, 0xfe, 0xa3, 0x00, 0x00,
    0x00, 0x00, 0x00, 0x00, 0x00, 0x00, 0x00, 0x00,
    0x00, 0x00, 0x00, 0x00, 0x00, 0x00, 0x00, 0x00,
    0x00, 0x00, 0x00,

    /* U+2039 "‹" */
    0x00, 0x00, 0x0c, 0xff, 0xff, 0x20, 0x00, 0x08,
    0xff, 0xff, 0x60, 0x00, 0x04, 0xff, 0xff, 0xa0,
    0x00, 0x01, 0xef, 0xff, 0xe1, 0x00, 0x00, 0xaf,
    0xff, 0xf4, 0x00, 0x00, 0x6f, 0xff, 0xf8, 0x00,
    0x00, 0x2f, 0xff, 0xfd, 0x00, 0x00, 0x08, 0xff,
    0xff, 0x60, 0x00, 0x00, 0x0d, 0xff, 0xfe, 0x10,
    0x00, 0x00, 0x3f, 0xff, 0xfb, 0x00, 0x00, 0x00,
    0x7f, 0xff, 0xf7, 0x00, 0x00, 0x00, 0xbf, 0xff,
    0xf2, 0x00, 0x00, 0x01, 0xef, 0xff, 0xd0, 0x00,
    0x00, 0x05, 0xff, 0xff, 0x90, 0x00, 0x00, 0x08,
    0xbb, 0xba, 0x10,

    /* U+203A "›" */
    0x9f, 0xff, 0xf4, 0x00, 0x00, 0x00, 0xdf, 0xff,
    0xe1, 0x00, 0x00, 0x03, 0xff, 0xff, 0xb0, 0x00,
    0x00, 0x07, 0xff, 0xff, 0x70, 0x00, 0x00, 0x0c,
    0xff, 0xff, 0x30, 0x00, 0x00, 0x1f, 0xff, 0xfd,
    0x00, 0x00, 0x00, 0x5f, 0xff, 0xf9, 0x00, 0x00,
    0x00, 0xef, 0xff, 0xf0, 0x00, 0x00, 0x8f, 0xff,
    0xf6, 0x00, 0x00, 0x4f, 0xff, 0xfa, 0x00, 0x00,
    0x1e, 0xff, 0xfe, 0x10, 0x00, 0x0a, 0xff, 0xff,
    0x30, 0x00, 0x05, 0xff, 0xff, 0x80, 0x00, 0x02,
    0xff, 0xff, 0xc0, 0x00, 0x00, 0x7b, 0xbb, 0xa2,
    0x00, 0x00, 0x00,

    /* U+2044 "⁄" */
    0x00, 0x00, 0x00, 0x00, 0x00, 0x00, 0x00, 0x00,
    0x02, 0x00, 0x00, 0x00, 0x00, 0x00, 0x00, 0x00,
    0x00, 0x00, 0x02, 0xfd, 0x50, 0x00, 0x00, 0x00,
    0x00, 0x00, 0x00, 0x00, 0x00, 0xbf, 0xff, 0x50,
    0x00, 0x00, 0x00, 0x00, 0x00, 0x00, 0x00, 0x6f,
    0xff, 0xb0, 0x00, 0x00, 0x00, 0x00, 0x00, 0x00,
    0x00, 0x1e, 0xff, 0xf2, 0x00, 0x00, 0x00, 0x00,
    0x00, 0x00, 0x00, 0x0b, 0xff, 0xf7, 0x00, 0x00,
    0x00, 0x00, 0x00, 0x00, 0x00, 0x05, 0xff, 0xfc,
    0x00, 0x00, 0x00, 0x00, 0x00, 0x00, 0x00, 0x01,
    0xef, 0xff, 0x20, 0x00, 0x00, 0x00, 0x00, 0x00,
    0x00, 0x00, 0xaf, 0xff, 0x70, 0x00, 0x00, 0x00,
    0x00, 0x00, 0x00, 0x00, 0x4f, 0xff, 0xd0, 0x00,
    0x00, 0x00, 0x00, 0x00, 0x00, 0x00, 0x0e, 0xff,
    0xf3, 0x00, 0x00, 0x00, 0x00, 0x00, 0x00, 0x00,
    0x09, 0xff, 0xf8, 0x00, 0x00, 0x00, 0x00, 0x00,
    0x00, 0x00, 0x03, 0xff, 0xfd, 0x00, 0x00, 0x00,
    0x00, 0x00, 0x00, 0x00, 0x00, 0xdf, 0xff, 0x30,
    0x00, 0x00, 0x00, 0x00, 0x00, 0x00, 0x00, 0x8f,
    0xff, 0x90, 0x00, 0x00, 0x00, 0x00, 0x00, 0x00,
    0x00, 0x3f, 0xff, 0xe0, 0x00, 0x00, 0x00, 0x00,
    0x00, 0x00, 0x00, 0x0d, 0xff, 0xf4, 0x00, 0x00,
    0x00, 0x00, 0x00, 0x00, 0x00, 0x07, 0xff, 0xf9,
    0x00, 0x00, 0x00, 0x00, 0x00, 0x00, 0x00, 0x02,
    0xff, 0xfe, 0x10, 0x00, 0x00, 0x00, 0x00, 0x00,
    0x00, 0x00, 0xcf, 0xff, 0x50, 0x00, 0x00, 0x00,
    0x00, 0x00, 0x00, 0x00, 0x7f, 0xff, 0xa0, 0x00,
    0x00, 0x00, 0x00, 0x00, 0x00, 0x00, 0x2f, 0xff,
    0xe1, 0x00, 0x00, 0x00, 0x00, 0x00, 0x00, 0x00,
    0x0b, 0xff, 0xf5, 0x00, 0x00, 0x00, 0x00, 0x00,
    0x00, 0x00, 0x06, 0xff, 0xfb, 0x00, 0x00, 0x00,
    0x00, 0x00, 0x00, 0x00, 0x01, 0xff, 0xff, 0x10,
    0x00, 0x00, 0x00, 0x00, 0x00, 0x00, 0x00, 0xbf,
    0xff, 0x60, 0x00, 0x00, 0x00, 0x00, 0x00, 0x00,
    0x00, 0x06, 0xef, 0xb0, 0x00, 0x00, 0x00, 0x00,
    0x00, 0x00, 0x00, 0x00, 0x01, 0x82, 0x00, 0x00,
    0x00, 0x00, 0x00, 0x00, 0x00, 0x00,

    /* U+205F " " */

};

/*---------------------
 *  GLYPH DESCRIPTION
 *--------------------*/

static const lv_font_fmt_txt_glyph_dsc_t glyph_dsc[] = {
    {.bitmap_index = 0, .adv_w = 0, .box_w = 0, .box_h = 0, .ofs_x = 0, .ofs_y = 0} /* id = 0 reserved */,
    {.bitmap_index = 0, .adv_w = 150, .box_w = 0, .box_h = 0, .ofs_x = 0, .ofs_y = 0},
    {.bitmap_index = 0, .adv_w = 166, .box_w = 8, .box_h = 26, .ofs_x = 1, .ofs_y = 0},
    {.bitmap_index = 104, .adv_w = 207, .box_w = 12, .box_h = 11, .ofs_x = 0, .ofs_y = 14},
    {.bitmap_index = 170, .adv_w = 389, .box_w = 23, .box_h = 25, .ofs_x = 1, .ofs_y = 0},
    {.bitmap_index = 458, .adv_w = 314, .box_w = 18, .box_h = 32, .ofs_x = 1, .ofs_y = -4},
    {.bitmap_index = 746, .adv_w = 437, .box_w = 27, .box_h = 26, .ofs_x = 0, .ofs_y = -1},
    {.bitmap_index = 1097, .adv_w = 372, .box_w = 22, .box_h = 26, .ofs_x = 1, .ofs_y = 0},
    {.bitmap_index = 1383, .adv_w = 105, .box_w = 6, .box_h = 11, .ofs_x = 0, .ofs_y = 14},
    {.bitmap_index = 1416, .adv_w = 202, .box_w = 12, .box_h = 35, .ofs_x = 1, .ofs_y = -6},
    {.bitmap_index = 1626, .adv_w = 202, .box_w = 11, .box_h = 35, .ofs_x = 0, .ofs_y = -6},
    {.bitmap_index = 1819, .adv_w = 256, .box_w = 14, .box_h = 15, .ofs_x = 1, .ofs_y = 12},
    {.bitmap_index = 1924, .adv_w = 386, .box_w = 18, .box_h = 18, .ofs_x = 3, .ofs_y = 3},
    {.bitmap_index = 2086, .adv_w = 162, .box_w = 8, .box_h = 13, .ofs_x = 1, .ofs_y = -6},
    {.bitmap_index = 2138, .adv_w = 213, .box_w = 12, .box_h = 5, .ofs_x = 1, .ofs_y = 8},
    {.bitmap_index = 2168, .adv_w = 160, .box_w = 8, .box_h = 7, .ofs_x = 1, .ofs_y = 0},
    {.bitmap_index = 2196, .adv_w = 277, .box_w = 19, .box_h = 31, .ofs_x = -1, .ofs_y = -4},
    {.bitmap_index = 2491, .adv_w = 320, .box_w = 18, .box_h = 25, .ofs_x = 1, .ofs_y = 0},
    {.bitmap_index = 2716, .adv_w = 207, .box_w = 10, .box_h = 25, .ofs_x = 1, .ofs_y = 0},
    {.bitmap_index = 2841, .adv_w = 294, .box_w = 16, .box_h = 25, .ofs_x = 1, .ofs_y = 0},
    {.bitmap_index = 3041, .adv_w = 300, .box_w = 18, .box_h = 25, .ofs_x = 0, .ofs_y = 0},
    {.bitmap_index = 3266, .adv_w = 331, .box_w = 19, .box_h = 25, .ofs_x = 1, .ofs_y = 0},
    {.bitmap_index = 3504, .adv_w = 305, .box_w = 18, .box_h = 25, .ofs_x = 1, .ofs_y = 0},
    {.bitmap_index = 3729, .adv_w = 318, .box_w = 19, .box_h = 25, .ofs_x = 1, .ofs_y = 0},
    {.bitmap_index = 3967, .adv_w = 283, .box_w = 16, .box_h = 25, .ofs_x = 1, .ofs_y = 0},
    {.bitmap_index = 4167, .adv_w = 313, .box_w = 18, .box_h = 25, .ofs_x = 1, .ofs_y = 0},
    {.bitmap_index = 4392, .adv_w = 317, .box_w = 18, .box_h = 25, .ofs_x = 1, .ofs_y = 0},
    {.bitmap_index = 4617, .adv_w = 160, .box_w = 8, .box_h = 18, .ofs_x = 1, .ofs_y = 0},
    {.bitmap_index = 4689, .adv_w = 162, .box_w = 8, .box_h = 24, .ofs_x = 1, .ofs_y = -6},
    {.bitmap_index = 4785, .adv_w = 386, .box_w = 16, .box_h = 20, .ofs_x = 4, .ofs_y = 1},
    {.bitmap_index = 4945, .adv_w = 386, .box_w = 18, .box_h = 12, .ofs_x = 3, .ofs_y = 5},
    {.bitmap_index = 5053, .adv_w = 386, .box_w = 16, .box_h = 20, .ofs_x = 4, .ofs_y = 1},
    {.bitmap_index = 5213, .adv_w = 312, .box_w = 17, .box_h = 26, .ofs_x = 1, .ofs_y = 0},
    {.bitmap_index = 5434, .adv_w = 491, .box_w = 29, .box_h = 29, .ofs_x = 1, .ofs_y = -2},
    {.bitmap_index = 5855, .adv_w = 378, .box_w = 24, .box_h = 25, .ofs_x = 0, .ofs_y = 0},
    {.bitmap_index = 6155, .adv_w = 342, .box_w = 18, .box_h = 25, .ofs_x = 2, .ofs_y = 0},
    {.bitmap_index = 6380, .adv_w = 403, .box_w = 25, .box_h = 25, .ofs_x = 0, .ofs_y = 0},
    {.bitmap_index = 6693, .adv_w = 384, .box_w = 22, .box_h = 25, .ofs_x = 2, .ofs_y = 0},
    {.bitmap_index = 6968, .adv_w = 312, .box_w = 16, .box_h = 25, .ofs_x = 2, .ofs_y = 0},
    {.bitmap_index = 7168, .adv_w = 297, .box_w = 16, .box_h = 25, .ofs_x = 2, .ofs_y = 0},
    {.bitmap_index = 7368, .adv_w = 414, .box_w = 26, .box_h = 25, .ofs_x = 0, .ofs_y = 0},
    {.bitmap_index = 7693, .adv_w = 395, .box_w = 21, .box_h = 25, .ofs_x = 2, .ofs_y = 0},
    {.bitmap_index = 7956, .adv_w = 154, .box_w = 6, .box_h = 25, .ofs_x = 2, .ofs_y = 0},
    {.bitmap_index = 8031, .adv_w = 313, .box_w = 17, .box_h = 25, .ofs_x = 1, .ofs_y = 0},
    {.bitmap_index = 8244, .adv_w = 360, .box_w = 21, .box_h = 25, .ofs_x = 2, .ofs_y = 0},
    {.bitmap_index = 8507, .adv_w = 287, .box_w = 16, .box_h = 25, .ofs_x = 2, .ofs_y = 0},
    {.bitmap_index = 8707, .adv_w = 500, .box_w = 31, .box_h = 25, .ofs_x = 0, .ofs_y = 0},
    {.bitmap_index = 9095, .adv_w = 414, .box_w = 22, .box_h = 25, .ofs_x = 2, .ofs_y = 0},
    {.bitmap_index = 9370, .adv_w = 432, .box_w = 27, .box_h = 25, .ofs_x = 0, .ofs_y = 0},
    {.bitmap_index = 9708, .adv_w = 335, .box_w = 19, .box_h = 25, .ofs_x = 2, .ofs_y = 0},
    {.bitmap_index = 9946, .adv_w = 432, .box_w = 27, .box_h = 26, .ofs_x = 0, .ofs_y = -1},
    {.bitmap_index = 10297, .adv_w = 350, .box_w = 19, .box_h = 25, .ofs_x = 2, .ofs_y = 0},
    {.bitmap_index = 10535, .adv_w = 325, .box_w = 20, .box_h = 25, .ofs_x = 0, .ofs_y = 0},
    {.bitmap_index = 10785, .adv_w = 327, .box_w = 21, .box_h = 25, .ofs_x = 0, .ofs_y = 0},
    {.bitmap_index = 11048, .adv_w = 388, .box_w = 20, .box_h = 25, .ofs_x = 2, .ofs_y = 0},
    {.bitmap_index = 11298, .adv_w = 370, .box_w = 23, .box_h = 25, .ofs_x = 0, .ofs_y = 0},
    {.bitmap_index = 11586, .adv_w = 565, .box_w = 35, .box_h = 25, .ofs_x = 0, .ofs_y = 0},
    {.bitmap_index = 12024, .adv_w = 381, .box_w = 24, .box_h = 25, .ofs_x = 0, .ofs_y = 0},
    {.bitmap_index = 12324, .adv_w = 340, .box_w = 23, .box_h = 25, .ofs_x = -1, .ofs_y = 0},
    {.bitmap_index = 12612, .adv_w = 329, .box_w = 19, .box_h = 25, .ofs_x = 1, .ofs_y = 0},
    {.bitmap_index = 12850, .adv_w = 188, .box_w = 9, .box_h = 34, .ofs_x = 2, .ofs_y = -5},
    {.bitmap_index = 13003, .adv_w = 277, .box_w = 19, .box_h = 31, .ofs_x = -1, .ofs_y = -4},
    {.bitmap_index = 13298, .adv_w = 184, .box_w = 10, .box_h = 34, .ofs_x = 0, .ofs_y = -5},
    {.bitmap_index = 13468, .adv_w = 386, .box_w = 17, .box_h = 11, .ofs_x = 4, .ofs_y = 10},
    {.bitmap_index = 13562, .adv_w = 317, .box_w = 20, .box_h = 4, .ofs_x = 0, .ofs_y = -3},
    {.bitmap_index = 13602, .adv_w = 319, .box_w = 9, .box_h = 9, .ofs_x = 5, .ofs_y = 19},
    {.bitmap_index = 13643, .adv_w = 290, .box_w = 17, .box_h = 18, .ofs_x = 0, .ofs_y = 0},
    {.bitmap_index = 13796, .adv_w = 329, .box_w = 18, .box_h = 25, .ofs_x = 2, .ofs_y = 0},
    {.bitmap_index = 14021, .adv_w = 294, .box_w = 18, .box_h = 18, .ofs_x = 0, .ofs_y = 0},
    {.bitmap_index = 14183, .adv_w = 329, .box_w = 19, .box_h = 25, .ofs_x = 0, .ofs_y = 0},
    {.bitmap_index = 14421, .adv_w = 309, .box_w = 19, .box_h = 18, .ofs_x = 0, .ofs_y = 0},
    {.bitmap_index = 14592, .adv_w = 190, .box_w = 12, .box_h = 25, .ofs_x = 0, .ofs_y = 0},
    {.bitmap_index = 14742, .adv_w = 331, .box_w = 18, .box_h = 25, .ofs_x = 1, .ofs_y = -7},
    {.bitmap_index = 14967, .adv_w = 319, .box_w = 17, .box_h = 25, .ofs_x = 2, .ofs_y = 0},
    {.bitmap_index = 15180, .adv_w = 142, .box_w = 7, .box_h = 26, .ofs_x = 1, .ofs_y = 0},
    {.bitmap_index = 15271, .adv_w = 145, .box_w = 9, .box_h = 33, .ofs_x = -1, .ofs_y = -7},
    {.bitmap_index = 15420, .adv_w = 285, .box_w = 17, .box_h = 25, .ofs_x = 2, .ofs_y = 0},
    {.bitmap_index = 15633, .adv_w = 151, .box_w = 7, .box_h = 25, .ofs_x = 2, .ofs_y = 0},
    {.bitmap_index = 15721, .adv_w = 486, .box_w = 27, .box_h = 18, .ofs_x = 2, .ofs_y = 0},
    {.bitmap_index = 15964, .adv_w = 319, .box_w = 17, .box_h = 18, .ofs_x = 2, .ofs_y = 0},
    {.bitmap_index = 16117, .adv_w = 325, .box_w = 20, .box_h = 18, .ofs_x = 0, .ofs_y = 0},
    {.bitmap_index = 16297, .adv_w = 329, .box_w = 18, .box_h = 25, .ofs_x = 2, .ofs_y = -7},
    {.bitmap_index = 16522, .adv_w = 329, .box_w = 19, .box_h = 25, .ofs_x = 0, .ofs_y = -7},
    {.bitmap_index = 16760, .adv_w = 207, .box_w = 11, .box_h = 18, .ofs_x = 2, .ofs_y = 0},
    {.bitmap_index = 16859, .adv_w = 256, .box_w = 15, .box_h = 18, .ofs_x = 1, .ofs_y = 0},
    {.bitmap_index = 16994, .adv_w = 222, .box_w = 13, .box_h = 22, .ofs_x = 0, .ofs_y = 0},
    {.bitmap_index = 17137, .adv_w = 319, .box_w = 17, .box_h = 18, .ofs_x = 1, .ofs_y = 0},
    {.bitmap_index = 17290, .adv_w = 298, .box_w = 19, .box_h = 18, .ofs_x = 0, .ofs_y = 0},
    {.bitmap_index = 17461, .adv_w = 432, .box_w = 27, .box_h = 18, .ofs_x = 0, .ofs_y = 0},
    {.bitmap_index = 17704, .adv_w = 297, .box_w = 19, .box_h = 18, .ofs_x = 0, .ofs_y = 0},
    {.bitmap_index = 17875, .adv_w = 308, .box_w = 19, .box_h = 25, .ofs_x = 0, .ofs_y = -7},
    {.bitmap_index = 18113, .adv_w = 271, .box_w = 15, .box_h = 18, .ofs_x = 1, .ofs_y = 0},
    {.bitmap_index = 18248, .adv_w = 186, .box_w = 10, .box_h = 35, .ofs_x = 1, .ofs_y = -6},
    {.bitmap_index = 18423, .adv_w = 150, .box_w = 5, .box_h = 35, .ofs_x = 2, .ofs_y = -4},
    {.bitmap_index = 18511, .adv_w = 186, .box_w = 9, .box_h = 35, .ofs_x = 1, .ofs_y = -6},
    {.bitmap_index = 18669, .adv_w = 386, .box_w = 21, .box_h = 8, .ofs_x = 2, .ofs_y = 7},
    {.bitmap_index = 18753, .adv_w = 150, .box_w = 0, .box_h = 0, .ofs_x = 0, .ofs_y = 0},
    {.bitmap_index = 18753, .adv_w = 166, .box_w = 8, .box_h = 26, .ofs_x = 1, .ofs_y = -7},
    {.bitmap_index = 18857, .adv_w = 303, .box_w = 18, .box_h = 26, .ofs_x = 1, .ofs_y = 0},
    {.bitmap_index = 19091, .adv_w = 301, .box_w = 17, .box_h = 24, .ofs_x = 1, .ofs_y = 0},
    {.bitmap_index = 19295, .adv_w = 338, .box_w = 19, .box_h = 19, .ofs_x = 1, .ofs_y = 2},
    {.bitmap_index = 19476, .adv_w = 319, .box_w = 20, .box_h = 24, .ofs_x = 0, .ofs_y = 0},
    {.bitmap_index = 19716, .adv_w = 150, .box_w = 5, .box_h = 34, .ofs_x = 2, .ofs_y = -4},
    {.bitmap_index = 19801, .adv_w = 308, .box_w = 18, .box_h = 33, .ofs_x = 1, .ofs_y = -5},
    {.bitmap_index = 20098, .adv_w = 319, .box_w = 14, .box_h = 6, .ofs_x = 3, .ofs_y = 20},
    {.bitmap_index = 20140, .adv_w = 385, .box_w = 22, .box_h = 22, .ofs_x = 1, .ofs_y = 6},
    {.bitmap_index = 20382, .adv_w = 217, .box_w = 13, .box_h = 14, .ofs_x = 0, .ofs_y = 11},
    {.bitmap_index = 20473, .adv_w = 330, .box_w = 19, .box_h = 15, .ofs_x = 1, .ofs_y = 3},
    {.bitmap_index = 20616, .adv_w = 386, .box_w = 18, .box_h = 11, .ofs_x = 3, .ofs_y = 3},
    {.bitmap_index = 20715, .adv_w = 385, .box_w = 22, .box_h = 22, .ofs_x = 1, .ofs_y = 6},
    {.bitmap_index = 20957, .adv_w = 319, .box_w = 12, .box_h = 4, .ofs_x = 4, .ofs_y = 21},
    {.bitmap_index = 20981, .adv_w = 230, .box_w = 14, .box_h = 13, .ofs_x = 0, .ofs_y = 12},
    {.bitmap_index = 21072, .adv_w = 386, .box_w = 18, .box_h = 23, .ofs_x = 3, .ofs_y = 0},
    {.bitmap_index = 21279, .adv_w = 203, .box_w = 12, .box_h = 15, .ofs_x = 0, .ofs_y = 13},
    {.bitmap_index = 21369, .adv_w = 198, .box_w = 12, .box_h = 15, .ofs_x = 0, .ofs_y = 13},
    {.bitmap_index = 21459, .adv_w = 319, .box_w = 9, .box_h = 9, .ofs_x = 6, .ofs_y = 19},
    {.bitmap_index = 21500, .adv_w = 319, .box_w = 17, .box_h = 25, .ofs_x = 1, .ofs_y = -7},
    {.bitmap_index = 21713, .adv_w = 401, .box_w = 23, .box_h = 31, .ofs_x = 1, .ofs_y = -5},
    {.bitmap_index = 22070, .adv_w = 160, .box_w = 8, .box_h = 7, .ofs_x = 1, .ofs_y = 7},
    {.bitmap_index = 22098, .adv_w = 319, .box_w = 9, .box_h = 8, .ofs_x = 5, .ofs_y = -8},
    {.bitmap_index = 22134, .adv_w = 139, .box_w = 8, .box_h = 15, .ofs_x = 0, .ofs_y = 13},
    {.bitmap_index = 22194, .adv_w = 249, .box_w = 15, .box_h = 14, .ofs_x = 0, .ofs_y = 11},
    {.bitmap_index = 22299, .adv_w = 330, .box_w = 19, .box_h = 15, .ofs_x = 1, .ofs_y = 3},
    {.bitmap_index = 22442, .adv_w = 500, .box_w = 31, .box_h = 28, .ofs_x = 0, .ofs_y = -2},
    {.bitmap_index = 22876, .adv_w = 492, .box_w = 30, .box_h = 28, .ofs_x = 0, .ofs_y = -2},
    {.bitmap_index = 23296, .adv_w = 552, .box_w = 35, .box_h = 28, .ofs_x = 0, .ofs_y = -2},
    {.bitmap_index = 23786, .adv_w = 290, .box_w = 18, .box_h = 26, .ofs_x = 1, .ofs_y = -7},
    {.bitmap_index = 24020, .adv_w = 378, .box_w = 24, .box_h = 35, .ofs_x = 0, .ofs_y = 0},
    {.bitmap_index = 24440, .adv_w = 378, .box_w = 24, .box_h = 35, .ofs_x = 0, .ofs_y = 0},
    {.bitmap_index = 24860, .adv_w = 378, .box_w = 24, .box_h = 35, .ofs_x = 0, .ofs_y = 0},
    {.bitmap_index = 25280, .adv_w = 378, .box_w = 24, .box_h = 33, .ofs_x = 0, .ofs_y = 0},
    {.bitmap_index = 25676, .adv_w = 378, .box_w = 24, .box_h = 33, .ofs_x = 0, .ofs_y = 0},
    {.bitmap_index = 26072, .adv_w = 378, .box_w = 24, .box_h = 35, .ofs_x = 0, .ofs_y = 0},
    {.bitmap_index = 26492, .adv_w = 489, .box_w = 29, .box_h = 25, .ofs_x = 0, .ofs_y = 0},
    {.bitmap_index = 26855, .adv_w = 403, .box_w = 25, .box_h = 32, .ofs_x = 0, .ofs_y = -7},
    {.bitmap_index = 27255, .adv_w = 312, .box_w = 16, .box_h = 35, .ofs_x = 2, .ofs_y = 0},
    {.bitmap_index = 27535, .adv_w = 312, .box_w = 16, .box_h = 35, .ofs_x = 2, .ofs_y = 0},
    {.bitmap_index = 27815, .adv_w = 312, .box_w = 16, .box_h = 35, .ofs_x = 2, .ofs_y = 0},
    {.bitmap_index = 28095, .adv_w = 312, .box_w = 16, .box_h = 33, .ofs_x = 2, .ofs_y = 0},
    {.bitmap_index = 28359, .adv_w = 154, .box_w = 9, .box_h = 35, .ofs_x = -1, .ofs_y = 0},
    {.bitmap_index = 28517, .adv_w = 154, .box_w = 9, .box_h = 35, .ofs_x = 2, .ofs_y = 0},
    {.bitmap_index = 28675, .adv_w = 154, .box_w = 11, .box_h = 35, .ofs_x = -1, .ofs_y = 0},
    {.bitmap_index = 28868, .adv_w = 154, .box_w = 12, .box_h = 33, .ofs_x = -1, .ofs_y = 0},
    {.bitmap_index = 29066, .adv_w = 408, .box_w = 25, .box_h = 25, .ofs_x = 0, .ofs_y = 0},
    {.bitmap_index = 29379, .adv_w = 414, .box_w = 22, .box_h = 33, .ofs_x = 2, .ofs_y = 0},
    {.bitmap_index = 29742, .adv_w = 432, .box_w = 27, .box_h = 35, .ofs_x = 0, .ofs_y = 0},
    {.bitmap_index = 30215, .adv_w = 432, .box_w = 27, .box_h = 35, .ofs_x = 0, .ofs_y = 0},
    {.bitmap_index = 30688, .adv_w = 432, .box_w = 27, .box_h = 35, .ofs_x = 0, .ofs_y = 0},
    {.bitmap_index = 31161, .adv_w = 432, .box_w = 27, .box_h = 33, .ofs_x = 0, .ofs_y = 0},
    {.bitmap_index = 31607, .adv_w = 432, .box_w = 27, .box_h = 33, .ofs_x = 0, .ofs_y = 0},
    {.bitmap_index = 32053, .adv_w = 386, .box_w = 18, .box_h = 18, .ofs_x = 3, .ofs_y = 3},
    {.bitmap_index = 32215, .adv_w = 432, .box_w = 27, .box_h = 28, .ofs_x = 0, .ofs_y = -1},
    {.bitmap_index = 32593, .adv_w = 388, .box_w = 20, .box_h = 35, .ofs_x = 2, .ofs_y = 0},
    {.bitmap_index = 32943, .adv_w = 388, .box_w = 20, .box_h = 35, .ofs_x = 2, .ofs_y = 0},
    {.bitmap_index = 33293, .adv_w = 388, .box_w = 20, .box_h = 35, .ofs_x = 2, .ofs_y = 0},
    {.bitmap_index = 33643, .adv_w = 388, .box_w = 20, .box_h = 33, .ofs_x = 2, .ofs_y = 0},
    {.bitmap_index = 33973, .adv_w = 340, .box_w = 23, .box_h = 35, .ofs_x = -1, .ofs_y = 0},
    {.bitmap_index = 34376, .adv_w = 335, .box_w = 19, .box_h = 25, .ofs_x = 2, .ofs_y = 0},
    {.bitmap_index = 34614, .adv_w = 335, .box_w = 20, .box_h = 25, .ofs_x = 1, .ofs_y = 0},
    {.bitmap_index = 34864, .adv_w = 290, .box_w = 17, .box_h = 28, .ofs_x = 0, .ofs_y = 0},
    {.bitmap_index = 35102, .adv_w = 290, .box_w = 17, .box_h = 28, .ofs_x = 0, .ofs_y = 0},
    {.bitmap_index = 35340, .adv_w = 290, .box_w = 17, .box_h = 28, .ofs_x = 0, .ofs_y = 0},
    {.bitmap_index = 35578, .adv_w = 290, .box_w = 17, .box_h = 26, .ofs_x = 0, .ofs_y = 0},
    {.bitmap_index = 35799, .adv_w = 290, .box_w = 17, .box_h = 26, .ofs_x = 0, .ofs_y = 0},
    {.bitmap_index = 36020, .adv_w = 290, .box_w = 17, .box_h = 29, .ofs_x = 0, .ofs_y = 0},
    {.bitmap_index = 36267, .adv_w = 454, .box_w = 28, .box_h = 18, .ofs_x = 0, .ofs_y = 0},
    {.bitmap_index = 36519, .adv_w = 294, .box_w = 18, .box_h = 25, .ofs_x = 0, .ofs_y = -7},
    {.bitmap_index = 36744, .adv_w = 309, .box_w = 19, .box_h = 28, .ofs_x = 0, .ofs_y = 0},
    {.bitmap_index = 37010, .adv_w = 309, .box_w = 19, .box_h = 28, .ofs_x = 0, .ofs_y = 0},
    {.bitmap_index = 37276, .adv_w = 309, .box_w = 19, .box_h = 28, .ofs_x = 0, .ofs_y = 0},
    {.bitmap_index = 37542, .adv_w = 309, .box_w = 19, .box_h = 26, .ofs_x = 0, .ofs_y = 0},
    {.bitmap_index = 37789, .adv_w = 142, .box_w = 9, .box_h = 28, .ofs_x = -2, .ofs_y = 0},
    {.bitmap_index = 37915, .adv_w = 142, .box_w = 9, .box_h = 28, .ofs_x = 1, .ofs_y = 0},
    {.bitmap_index = 38041, .adv_w = 142, .box_w = 11, .box_h = 28, .ofs_x = -1, .ofs_y = 0},
    {.bitmap_index = 38195, .adv_w = 142, .box_w = 13, .box_h = 26, .ofs_x = -2, .ofs_y = 0},
    {.bitmap_index = 38364, .adv_w = 322, .box_w = 18, .box_h = 27, .ofs_x = 1, .ofs_y = 0},
    {.bitmap_index = 38607, .adv_w = 319, .box_w = 17, .box_h = 26, .ofs_x = 2, .ofs_y = 0},
    {.bitmap_index = 38828, .adv_w = 325, .box_w = 20, .box_h = 28, .ofs_x = 0, .ofs_y = 0},
    {.bitmap_index = 39108, .adv_w = 325, .box_w = 20, .box_h = 28, .ofs_x = 0, .ofs_y = 0},
    {.bitmap_index = 39388, .adv_w = 325, .box_w = 20, .box_h = 28, .ofs_x = 0, .ofs_y = 0},
    {.bitmap_index = 39668, .adv_w = 325, .box_w = 20, .box_h = 26, .ofs_x = 0, .ofs_y = 0},
    {.bitmap_index = 39928, .adv_w = 325, .box_w = 20, .box_h = 26, .ofs_x = 0, .ofs_y = 0},
    {.bitmap_index = 40188, .adv_w = 386, .box_w = 20, .box_h = 20, .ofs_x = 2, .ofs_y = 2},
    {.bitmap_index = 40388, .adv_w = 332, .box_w = 19, .box_h = 21, .ofs_x = 1, .ofs_y = -1},
    {.bitmap_index = 40588, .adv_w = 319, .box_w = 17, .box_h = 28, .ofs_x = 1, .ofs_y = 0},
    {.bitmap_index = 40826, .adv_w = 319, .box_w = 17, .box_h = 28, .ofs_x = 1, .ofs_y = 0},
    {.bitmap_index = 41064, .adv_w = 319, .box_w = 17, .box_h = 28, .ofs_x = 1, .ofs_y = 0},
    {.bitmap_index = 41302, .adv_w = 319, .box_w = 17, .box_h = 26, .ofs_x = 1, .ofs_y = 0},
    {.bitmap_index = 41523, .adv_w = 308, .box_w = 19, .box_h = 35, .ofs_x = 0, .ofs_y = -7},
    {.bitmap_index = 41856, .adv_w = 329, .box_w = 18, .box_h = 32, .ofs_x = 2, .ofs_y = -7},
    {.bitmap_index = 42144, .adv_w = 308, .box_w = 19, .box_h = 33, .ofs_x = 0, .ofs_y = -7},
    {.bitmap_index = 42458, .adv_w = 432, .box_w = 27, .box_h = 35, .ofs_x = 0, .ofs_y = 0},
    {.bitmap_index = 42931, .adv_w = 325, .box_w = 20, .box_h = 28, .ofs_x = 0, .ofs_y = 0},
    {.bitmap_index = 43211, .adv_w = 288, .box_w = 0, .box_h = 0, .ofs_x = 0, .ofs_y = 0},
    {.bitmap_index = 43211, .adv_w = 576, .box_w = 0, .box_h = 0, .ofs_x = 0, .ofs_y = 0},
    {.bitmap_index = 43211, .adv_w = 288, .box_w = 0, .box_h = 0, .ofs_x = 0, .ofs_y = 0},
    {.bitmap_index = 43211, .adv_w = 576, .box_w = 0, .box_h = 0, .ofs_x = 0, .ofs_y = 0},
    {.bitmap_index = 43211, .adv_w = 192, .box_w = 0, .box_h = 0, .ofs_x = 0, .ofs_y = 0},
    {.bitmap_index = 43211, .adv_w = 144, .box_w = 0, .box_h = 0, .ofs_x = 0, .ofs_y = 0},
    {.bitmap_index = 43211, .adv_w = 96, .box_w = 0, .box_h = 0, .ofs_x = 0, .ofs_y = 0},
    {.bitmap_index = 43211, .adv_w = 319, .box_w = 0, .box_h = 0, .ofs_x = 0, .ofs_y = 0},
    {.bitmap_index = 43211, .adv_w = 160, .box_w = 0, .box_h = 0, .ofs_x = 0, .ofs_y = 0},
    {.bitmap_index = 43211, .adv_w = 115, .box_w = 0, .box_h = 0, .ofs_x = 0, .ofs_y = 0},
    {.bitmap_index = 43211, .adv_w = 82, .box_w = 0, .box_h = 0, .ofs_x = 0, .ofs_y = 0},
    {.bitmap_index = 43211, .adv_w = 0, .box_w = 0, .box_h = 0, .ofs_x = 0, .ofs_y = 0},
    {.bitmap_index = 43211, .adv_w = 0, .box_w = 0, .box_h = 0, .ofs_x = 0, .ofs_y = 0},
    {.bitmap_index = 43211, .adv_w = 329, .box_w = 20, .box_h = 5, .ofs_x = 0, .ofs_y = 8},
    {.bitmap_index = 43261, .adv_w = 566, .box_w = 35, .box_h = 5, .ofs_x = 0, .ofs_y = 8},
    {.bitmap_index = 43349, .adv_w = 130, .box_w = 8, .box_h = 12, .ofs_x = 0, .ofs_y = 14},
    {.bitmap_index = 43397, .adv_w = 130, .box_w = 8, .box_h = 12, .ofs_x = 0, .ofs_y = 13},
    {.bitmap_index = 43445, .adv_w = 130, .box_w = 8, .box_h = 12, .ofs_x = 0, .ofs_y = -8},
    {.bitmap_index = 43493, .adv_w = 261, .box_w = 16, .box_h = 12, .ofs_x = 0, .ofs_y = 14},
    {.bitmap_index = 43589, .adv_w = 260, .box_w = 16, .box_h = 12, .ofs_x = 0, .ofs_y = 13},
    {.bitmap_index = 43685, .adv_w = 261, .box_w = 16, .box_h = 12, .ofs_x = 0, .ofs_y = -8},
    {.bitmap_index = 43781, .adv_w = 216, .box_w = 11, .box_h = 11, .ofs_x = 1, .ofs_y = 5},
    {.bitmap_index = 43842, .adv_w = 463, .box_w = 27, .box_h = 7, .ofs_x = 1, .ofs_y = 0},
    {.bitmap_index = 43937, .adv_w = 120, .box_w = 0, .box_h = 0, .ofs_x = 0, .ofs_y = 0},
    {.bitmap_index = 43937, .adv_w = 622, .box_w = 39, .box_h = 26, .ofs_x = 0, .ofs_y = -1},
    {.bitmap_index = 44444, .adv_w = 200, .box_w = 11, .box_h = 15, .ofs_x = 1, .ofs_y = 3},
    {.bitmap_index = 44527, .adv_w = 200, .box_w = 11, .box_h = 15, .ofs_x = 1, .ofs_y = 3},
    {.bitmap_index = 44610, .adv_w = 151, .box_w = 21, .box_h = 28, .ofs_x = -6, .ofs_y = -2},
    {.bitmap_index = 44904, .adv_w = 128, .box_w = 0, .box_h = 0, .ofs_x = 0, .ofs_y = 0}
};

/*---------------------
 *  CHARACTER MAPPING
 *--------------------*/

static const uint16_t unicode_list_3[] = {
    0x00, 0x01, 0x1eb0, 0x1eb1, 0x1eb2, 0x1eb3, 0x1eb4, 0x1eb5,
    0x1eb6, 0x1eb7, 0x1eb8, 0x1eb9, 0x1eba, 0x1ebb, 0x1ebc, 0x1ec3,
    0x1ec4, 0x1ec8, 0x1ec9, 0x1eca, 0x1ecc, 0x1ecd, 0x1ece, 0x1ed2,
    0x1ed6, 0x1edf, 0x1ee0, 0x1ee9, 0x1eea, 0x1ef4, 0x1f0f
};

/*Collect the unicode lists and glyph_id offsets*/
static const lv_font_fmt_txt_cmap_t cmaps[] =
{
    {
        .range_start = 32, .range_length = 95, .glyph_id_start = 1,
        .unicode_list = NULL, .glyph_id_ofs_list = NULL, .list_length = 0, .type = LV_FONT_FMT_TXT_CMAP_FORMAT0_TINY
    },
    {
        .range_start = 160, .range_length = 13, .glyph_id_start = 96,
        .unicode_list = NULL, .glyph_id_ofs_list = NULL, .list_length = 0, .type = LV_FONT_FMT_TXT_CMAP_FORMAT0_TINY
    },
    {
        .range_start = 174, .range_length = 82, .glyph_id_start = 109,
        .unicode_list = NULL, .glyph_id_ofs_list = NULL, .list_length = 0, .type = LV_FONT_FMT_TXT_CMAP_FORMAT0_TINY
    },
    {
        .range_start = 336, .range_length = 7952, .glyph_id_start = 191,
        .unicode_list = unicode_list_3, .glyph_id_ofs_list = NULL, .list_length = 31, .type = LV_FONT_FMT_TXT_CMAP_SPARSE_TINY
    }
};



/*--------------------
 *  ALL CUSTOM DATA
 *--------------------*/

#if LVGL_VERSION_MAJOR == 8
/*Store all the custom data of the font*/
static  lv_font_fmt_txt_glyph_cache_t cache;
#endif

#if LVGL_VERSION_MAJOR >= 8
static const lv_font_fmt_txt_dsc_t font_dsc = {
#else
static lv_font_fmt_txt_dsc_t font_dsc = {
#endif
    .glyph_bitmap = glyph_bitmap,
    .glyph_dsc = glyph_dsc,
    .cmaps = cmaps,
    .kern_dsc = NULL,
    .kern_scale = 0,
    .cmap_num = 4,
    .bpp = 4,
    .kern_classes = 0,
    .bitmap_format = 0,
#if LVGL_VERSION_MAJOR == 8
    .cache = &cache
#endif

};



/*-----------------
 *  PUBLIC FONT
 *----------------*/

/*Initialize a public general font descriptor*/
#if LVGL_VERSION_MAJOR >= 8
const lv_font_t font_gabarito_semibold_36_044803619384766_data = {
#else
lv_font_t font_gabarito_semibold_36_044803619384766_data = {
#endif
    .get_glyph_dsc = lv_font_get_glyph_dsc_fmt_txt,    /*Function pointer to get glyph's data*/
    .get_glyph_bitmap = lv_font_get_bitmap_fmt_txt,    /*Function pointer to get glyph's bitmap*/
    .line_height = 43,          /*The maximum line height required by the font*/
    .base_line = 8,             /*Baseline measured from the bottom of the line*/
#if LV_VERSION_CHECK(9, 6, 0) || LVGL_VERSION_MAJOR >= 10
    .cap_height = 25,           /*Cap height of the font*/
    .x_height = 18,               /*x-height of the font*/
#endif
#if !(LVGL_VERSION_MAJOR == 6 && LVGL_VERSION_MINOR == 0)
    .subpx = LV_FONT_SUBPX_NONE,
#endif
#if LV_VERSION_CHECK(7, 4, 0) || LVGL_VERSION_MAJOR >= 8
    .underline_position = -7,
    .underline_thickness = 3,
#endif

#if LV_VERSION_CHECK(9, 3, 0)
    .static_bitmap = 1,    /*Bitmaps are stored as const so they are always static if not compressed */
#endif

    .dsc = &font_dsc,          /*The custom font data. Will be accessed by `get_glyph_bitmap/dsc` */
#if LV_VERSION_CHECK(8, 2, 0) || LVGL_VERSION_MAJOR >= 9
    .fallback = NULL,
#endif
    .user_data = NULL,
};



#endif /*#if FONT_GABARITO_SEMIBOLD_36_044803619384766_DATA*/
