/*******************************************************************************
 * Size: 12 px
 * Bpp: 4
 * Opts: --font /fonts/Inter-Medium.ttf -o /fonts/font_inter_medium_12_data.c --size 12 --bpp 4 --format lvgl --no-compress --symbols ·ÁÃÄÇÈÉÍÓÖÚÜßàáâãäçèéêíîñóõöúûüŐő–• --range 0x20-0x7F, 0xA0-0xFF, 0x0100-0x017F, 0x2000-0x206F
 ******************************************************************************/

#ifdef __has_include
    #if __has_include("lvgl.h")
        #ifndef LV_LVGL_H_INCLUDE_SIMPLE
            #define LV_LVGL_H_INCLUDE_SIMPLE
        #endif
    #endif
#endif

#ifdef LV_LVGL_H_INCLUDE_SIMPLE
    #include "lvgl.h"
#else
    #include "lvgl/lvgl.h"
#endif



#ifndef FONT_INTER_MEDIUM_12_DATA
#define FONT_INTER_MEDIUM_12_DATA 1
#endif

#if FONT_INTER_MEDIUM_12_DATA

/*-----------------
 *    BITMAPS
 *----------------*/

/*Store the image of the glyphs*/
static LV_ATTRIBUTE_LARGE_CONST const uint8_t glyph_bitmap[] = {
    /* U+0020 " " */

    /* U+0021 "!" */
    0x0e, 0x80, 0xd8, 0x0d, 0x70, 0xd7, 0x0d, 0x70,
    0xc7, 0x03, 0x10, 0xa5, 0x0c, 0x70,

    /* U+0022 "\"" */
    0xc8, 0x9b, 0xb7, 0x8a, 0xb6, 0x89, 0x63, 0x45,

    /* U+0023 "#" */
    0x00, 0x97, 0x08, 0x80, 0x00, 0xb4, 0x0a, 0x50,
    0x3f, 0xff, 0xff, 0xf6, 0x02, 0xf1, 0x1f, 0x20,
    0x03, 0xc0, 0x2e, 0x00, 0xbf, 0xff, 0xff, 0xd0,
    0x1a, 0xa2, 0x9b, 0x10, 0x0b, 0x50, 0xa6, 0x00,
    0x0d, 0x20, 0xc4, 0x00,

    /* U+0024 "$" */
    0x00, 0x01, 0x00, 0x00, 0x00, 0x07, 0x40, 0x00,
    0x02, 0xbf, 0xfa, 0x10, 0x0d, 0xcc, 0x9d, 0xb0,
    0x1f, 0x47, 0x42, 0x70, 0x0d, 0xcb, 0x40, 0x00,
    0x01, 0x8f, 0xfa, 0x10, 0x00, 0x07, 0x6b, 0xd0,
    0x39, 0x07, 0x44, 0xf1, 0x1f, 0xbb, 0x9d, 0xd0,
    0x03, 0xcf, 0xfb, 0x20, 0x00, 0x07, 0x40, 0x00,
    0x00, 0x01, 0x00, 0x00,

    /* U+0025 "%" */
    0x3d, 0xd4, 0x00, 0x0d, 0x20, 0xa5, 0x4b, 0x00,
    0x97, 0x00, 0xa6, 0x4b, 0x04, 0xc0, 0x00, 0x3d,
    0xd3, 0x0d, 0x20, 0x00, 0x00, 0x00, 0x97, 0x00,
    0x00, 0x00, 0x04, 0xc0, 0x4d, 0xc2, 0x00, 0x0d,
    0x20, 0xd3, 0x79, 0x00, 0x97, 0x00, 0xd3, 0x79,
    0x04, 0xc0, 0x00, 0x5d, 0xd2,

    /* U+0026 "&" */
    0x01, 0xbf, 0xc1, 0x00, 0x09, 0xc3, 0xc9, 0x00,
    0x09, 0x90, 0xb8, 0x00, 0x03, 0xfe, 0xd1, 0x00,
    0x03, 0xff, 0x20, 0x40, 0x2f, 0x6a, 0xc2, 0xf1,
    0x6e, 0x00, 0xcf, 0xd0, 0x3f, 0x63, 0x9f, 0xb0,
    0x06, 0xef, 0xc7, 0xf4,

    /* U+0027 "'" */
    0xc8, 0xb7, 0xb6, 0x63,

    /* U+0028 "(" */
    0x03, 0x60, 0xc8, 0x2f, 0x26, 0xe0, 0x9b, 0x0b,
    0x90, 0xc8, 0x0b, 0x90, 0x9b, 0x05, 0xf0, 0x0f,
    0x50, 0x8b,

    /* U+0029 ")" */
    0x36, 0x00, 0x2f, 0x30, 0x0c, 0x80, 0x08, 0xd0,
    0x04, 0xf0, 0x02, 0xf2, 0x01, 0xf3, 0x02, 0xf2,
    0x04, 0xf0, 0x09, 0xc0, 0x0e, 0x60, 0x4e, 0x00,

    /* U+002A "*" */
    0x00, 0x59, 0x00, 0x1d, 0x8a, 0xc4, 0x03, 0xef,
    0x50, 0x1d, 0xab, 0xd3, 0x01, 0x59, 0x10, 0x00,
    0x01, 0x00,

    /* U+002B "+" */
    0x00, 0x99, 0x00, 0x00, 0x99, 0x00, 0xdf, 0xff,
    0xfe, 0x22, 0xcc, 0x22, 0x00, 0x99, 0x00, 0x00,
    0x99, 0x00,

    /* U+002C "," */
    0x07, 0x50, 0xe5, 0x0f, 0x13, 0xc0,

    /* U+002D "-" */
    0x2f, 0xff, 0xb0, 0x22, 0x21,

    /* U+002E "." */
    0x0a, 0x50, 0xd7,

    /* U+002F "/" */
    0x00, 0x1f, 0x10, 0x05, 0xd0, 0x00, 0x99, 0x00,
    0x0d, 0x40, 0x01, 0xf1, 0x00, 0x5c, 0x00, 0x09,
    0x80, 0x00, 0xd4, 0x00, 0x2f, 0x00, 0x06, 0xc0,
    0x00, 0xa8, 0x00, 0x00,

    /* U+0030 "0" */
    0x00, 0xaf, 0xe7, 0x00, 0x0a, 0xd4, 0x6f, 0x60,
    0x1f, 0x40, 0x08, 0xc0, 0x4f, 0x00, 0x05, 0xf0,
    0x5f, 0x00, 0x04, 0xf0, 0x4f, 0x00, 0x05, 0xf0,
    0x1f, 0x40, 0x08, 0xc0, 0x0a, 0xd4, 0x6f, 0x60,
    0x00, 0xaf, 0xe7, 0x00,

    /* U+0031 "1" */
    0x04, 0xef, 0x05, 0xfa, 0xf0, 0x42, 0x5f, 0x00,
    0x05, 0xf0, 0x00, 0x5f, 0x00, 0x05, 0xf0, 0x00,
    0x5f, 0x00, 0x05, 0xf0, 0x00, 0x5f, 0x00,

    /* U+0032 "2" */
    0x02, 0xcf, 0xd6, 0x00, 0xdb, 0x37, 0xf3, 0x1b,
    0x20, 0x0e, 0x60, 0x00, 0x02, 0xf4, 0x00, 0x00,
    0xca, 0x00, 0x00, 0xbc, 0x00, 0x00, 0xbd, 0x10,
    0x00, 0xaf, 0x53, 0x32, 0x2f, 0xff, 0xff, 0x90,

    /* U+0033 "3" */
    0x02, 0xbf, 0xe7, 0x00, 0xdb, 0x46, 0xf4, 0x08,
    0x10, 0x0d, 0x80, 0x00, 0x04, 0xf4, 0x00, 0x1f,
    0xf8, 0x00, 0x00, 0x25, 0xe7, 0x15, 0x00, 0x09,
    0xc1, 0xfa, 0x46, 0xe9, 0x04, 0xcf, 0xe9, 0x00,

    /* U+0034 "4" */
    0x00, 0x00, 0xff, 0x10, 0x00, 0x07, 0xff, 0x10,
    0x00, 0x2f, 0x6f, 0x10, 0x00, 0xb9, 0x3f, 0x10,
    0x05, 0xe1, 0x3f, 0x10, 0x1e, 0x60, 0x3f, 0x10,
    0x5f, 0xff, 0xff, 0xf3, 0x13, 0x33, 0x6f, 0x40,
    0x00, 0x00, 0x3f, 0x10,

    /* U+0035 "5" */
    0x0b, 0xff, 0xff, 0x20, 0xd8, 0x33, 0x30, 0x0f,
    0x40, 0x00, 0x01, 0xfb, 0xed, 0x50, 0x19, 0x73,
    0x9f, 0x20, 0x00, 0x00, 0xd7, 0x27, 0x00, 0x0d,
    0x81, 0xf9, 0x38, 0xf2, 0x03, 0xdf, 0xd5, 0x00,

    /* U+0036 "6" */
    0x00, 0x9f, 0xe8, 0x00, 0x9d, 0x55, 0xf8, 0x0f,
    0x40, 0x03, 0x43, 0xf4, 0xde, 0x90, 0x4f, 0xc4,
    0x5f, 0x84, 0xf3, 0x00, 0x8d, 0x2f, 0x30, 0x08,
    0xd0, 0xbd, 0x46, 0xf7, 0x01, 0xae, 0xe8, 0x00,

    /* U+0037 "7" */
    0x7f, 0xff, 0xff, 0x51, 0x33, 0x37, 0xf3, 0x00,
    0x00, 0xbb, 0x00, 0x00, 0x3f, 0x30, 0x00, 0x0a,
    0xb0, 0x00, 0x02, 0xf3, 0x00, 0x00, 0xac, 0x00,
    0x00, 0x2f, 0x40, 0x00, 0x0a, 0xc0, 0x00, 0x00,

    /* U+0038 "8" */
    0x01, 0xbf, 0xe7, 0x00, 0xcc, 0x36, 0xf5, 0x0f,
    0x50, 0x0c, 0x80, 0xba, 0x03, 0xf4, 0x02, 0xef,
    0xf9, 0x00, 0xda, 0x35, 0xe7, 0x4f, 0x10, 0x08,
    0xd2, 0xf9, 0x34, 0xea, 0x04, 0xcf, 0xe9, 0x10,

    /* U+0039 "9" */
    0x02, 0xbf, 0xd5, 0x00, 0xdc, 0x37, 0xf4, 0x4f,
    0x10, 0x0b, 0xb4, 0xf0, 0x00, 0xad, 0x1f, 0x90,
    0x3f, 0xe0, 0x5f, 0xfd, 0x9c, 0x04, 0x11, 0x0a,
    0x90, 0xea, 0x48, 0xf2, 0x03, 0xcf, 0xd4, 0x00,

    /* U+003A ":" */
    0x0a, 0x50, 0xd7, 0x00, 0x00, 0x00, 0x00, 0x00,
    0xa5, 0x0d, 0x70,

    /* U+003B ";" */
    0x08, 0x70, 0xa9, 0x00, 0x00, 0x00, 0x00, 0x00,
    0x75, 0x0e, 0x50, 0xf1, 0x3c, 0x00,

    /* U+003C "<" */
    0x00, 0x00, 0x00, 0x00, 0x00, 0x69, 0x00, 0x6e,
    0xe5, 0x6e, 0xd6, 0x00, 0xfd, 0x20, 0x00, 0x2a,
    0xfa, 0x20, 0x00, 0x2a, 0xf8, 0x00, 0x00, 0x26,

    /* U+003D "=" */
    0xbf, 0xff, 0xfc, 0x23, 0x33, 0x32, 0x00, 0x00,
    0x00, 0xbf, 0xff, 0xfc, 0x23, 0x33, 0x32,

    /* U+003E ">" */
    0x00, 0x00, 0x00, 0x96, 0x00, 0x00, 0x5e, 0xe6,
    0x00, 0x00, 0x6d, 0xe6, 0x00, 0x02, 0xdf, 0x02,
    0xaf, 0xa2, 0x8f, 0xa2, 0x00, 0x63, 0x00, 0x00,

    /* U+003F "?" */
    0x07, 0xef, 0xa0, 0x4f, 0x54, 0xe9, 0x35, 0x00,
    0xab, 0x00, 0x04, 0xf6, 0x00, 0x5f, 0x60, 0x00,
    0xb9, 0x00, 0x00, 0x21, 0x00, 0x00, 0x96, 0x00,
    0x00, 0xc8, 0x00,

    /* U+0040 "@" */
    0x00, 0x06, 0xcf, 0xfc, 0x60, 0x00, 0x00, 0xbd,
    0x51, 0x14, 0xcb, 0x00, 0x08, 0xd0, 0x00, 0x00,
    0x0c, 0x70, 0x0e, 0x40, 0x9e, 0xbc, 0x44, 0xd0,
    0x3f, 0x06, 0xd3, 0x5f, 0x51, 0xf1, 0x4d, 0x0a,
    0x60, 0x0b, 0x50, 0xf1, 0x5d, 0x0b, 0x50, 0x0c,
    0x50, 0xf0, 0x3f, 0x07, 0xc0, 0x4f, 0x74, 0xc0,
    0x0f, 0x40, 0xaf, 0xc5, 0xee, 0x30, 0x08, 0xc0,
    0x00, 0x00, 0x00, 0x00, 0x00, 0xcd, 0x51, 0x14,
    0x50, 0x00, 0x00, 0x07, 0xcf, 0xfd, 0x70, 0x00,

    /* U+0041 "A" */
    0x00, 0x0c, 0xf3, 0x00, 0x00, 0x01, 0xfc, 0x90,
    0x00, 0x00, 0x7d, 0x6e, 0x00, 0x00, 0x0c, 0x81,
    0xf4, 0x00, 0x02, 0xf3, 0x0c, 0x90, 0x00, 0x8f,
    0xff, 0xff, 0x00, 0x0d, 0xb2, 0x24, 0xf5, 0x03,
    0xf3, 0x00, 0x0b, 0xa0, 0x8e, 0x00, 0x00, 0x6f,
    0x00,

    /* U+0042 "B" */
    0x0f, 0xff, 0xfb, 0x10, 0x0f, 0x73, 0x4d, 0xb0,
    0x0f, 0x40, 0x06, 0xe0, 0x0f, 0x40, 0x1c, 0x90,
    0x0f, 0xff, 0xfd, 0x10, 0x0f, 0x62, 0x3a, 0xd0,
    0x0f, 0x40, 0x01, 0xf3, 0x0f, 0x73, 0x39, 0xf1,
    0x0f, 0xff, 0xfd, 0x50,

    /* U+0043 "C" */
    0x00, 0x5d, 0xfd, 0x70, 0x00, 0x6f, 0x95, 0x7f,
    0x80, 0x0f, 0x80, 0x00, 0x5f, 0x03, 0xf1, 0x00,
    0x00, 0x00, 0x5f, 0x00, 0x00, 0x00, 0x03, 0xf1,
    0x00, 0x00, 0x00, 0x0f, 0x70, 0x00, 0x5f, 0x00,
    0x6f, 0x95, 0x7f, 0x80, 0x00, 0x5d, 0xfd, 0x70,
    0x00,

    /* U+0044 "D" */
    0x0f, 0xff, 0xeb, 0x20, 0x0f, 0x83, 0x5b, 0xf2,
    0x0f, 0x40, 0x00, 0xca, 0x0f, 0x40, 0x00, 0x6e,
    0x0f, 0x40, 0x00, 0x5f, 0x0f, 0x40, 0x00, 0x6e,
    0x0f, 0x40, 0x00, 0xca, 0x0f, 0x83, 0x5b, 0xf2,
    0x0f, 0xff, 0xeb, 0x20,

    /* U+0045 "E" */
    0x0f, 0xff, 0xff, 0x70, 0xf7, 0x33, 0x31, 0x0f,
    0x40, 0x00, 0x00, 0xf4, 0x00, 0x00, 0x0f, 0xff,
    0xff, 0x20, 0xf6, 0x33, 0x30, 0x0f, 0x40, 0x00,
    0x00, 0xf7, 0x33, 0x31, 0x0f, 0xff, 0xff, 0x80,

    /* U+0046 "F" */
    0x0f, 0xff, 0xff, 0x60, 0xf7, 0x33, 0x31, 0x0f,
    0x40, 0x00, 0x00, 0xf4, 0x00, 0x00, 0x0f, 0xff,
    0xff, 0x00, 0xf6, 0x33, 0x30, 0x0f, 0x40, 0x00,
    0x00, 0xf4, 0x00, 0x00, 0x0f, 0x40, 0x00, 0x00,

    /* U+0047 "G" */
    0x00, 0x5d, 0xfd, 0x70, 0x00, 0x6f, 0x85, 0x7e,
    0xa0, 0x0f, 0x70, 0x00, 0x4b, 0x03, 0xf1, 0x00,
    0x00, 0x00, 0x5f, 0x00, 0x2f, 0xff, 0x43, 0xf1,
    0x00, 0x23, 0xf3, 0x0f, 0x70, 0x00, 0x6f, 0x10,
    0x6f, 0x95, 0x7f, 0x90, 0x00, 0x5d, 0xfe, 0x70,
    0x00,

    /* U+0048 "H" */
    0x0f, 0x40, 0x00, 0x6f, 0x0f, 0x40, 0x00, 0x6f,
    0x0f, 0x40, 0x00, 0x6f, 0x0f, 0x40, 0x00, 0x6f,
    0x0f, 0xff, 0xff, 0xff, 0x0f, 0x73, 0x33, 0x8f,
    0x0f, 0x40, 0x00, 0x6f, 0x0f, 0x40, 0x00, 0x6f,
    0x0f, 0x40, 0x00, 0x6f,

    /* U+0049 "I" */
    0x0f, 0x40, 0xf4, 0x0f, 0x40, 0xf4, 0x0f, 0x40,
    0xf4, 0x0f, 0x40, 0xf4, 0x0f, 0x40,

    /* U+004A "J" */
    0x00, 0x00, 0x6f, 0x00, 0x00, 0x6f, 0x00, 0x00,
    0x6f, 0x00, 0x00, 0x6f, 0x00, 0x00, 0x6f, 0x13,
    0x00, 0x6f, 0x7e, 0x00, 0x6e, 0x3f, 0x74, 0xda,
    0x06, 0xef, 0xb1,

    /* U+004B "K" */
    0x0f, 0x40, 0x04, 0xf7, 0x0f, 0x40, 0x2f, 0x90,
    0x0f, 0x41, 0xea, 0x00, 0x0f, 0x5c, 0xe0, 0x00,
    0x0f, 0xdf, 0xe0, 0x00, 0x0f, 0xf2, 0xe8, 0x00,
    0x0f, 0x60, 0x5f, 0x30, 0x0f, 0x40, 0x0a, 0xd0,
    0x0f, 0x40, 0x01, 0xe9,

    /* U+004C "L" */
    0x0f, 0x40, 0x00, 0x00, 0xf4, 0x00, 0x00, 0x0f,
    0x40, 0x00, 0x00, 0xf4, 0x00, 0x00, 0x0f, 0x40,
    0x00, 0x00, 0xf4, 0x00, 0x00, 0x0f, 0x40, 0x00,
    0x00, 0xf7, 0x33, 0x30, 0x0f, 0xff, 0xff, 0x40,

    /* U+004D "M" */
    0x0f, 0xf2, 0x00, 0x02, 0xff, 0x0f, 0xe7, 0x00,
    0x08, 0xef, 0x0f, 0xad, 0x00, 0x0e, 0xaf, 0x0f,
    0x5f, 0x30, 0x4f, 0x6f, 0x0f, 0x4b, 0x90, 0x9a,
    0x5f, 0x0f, 0x46, 0xe0, 0xf4, 0x5f, 0x0f, 0x40,
    0xf7, 0xe0, 0x5f, 0x0f, 0x40, 0xaf, 0x90, 0x5f,
    0x0f, 0x40, 0x4f, 0x30, 0x5f,

    /* U+004E "N" */
    0x0f, 0xc0, 0x00, 0x4f, 0x10, 0xff, 0x60, 0x04,
    0xf1, 0x0f, 0x8e, 0x10, 0x4f, 0x10, 0xf5, 0xb9,
    0x04, 0xf1, 0x0f, 0x52, 0xf3, 0x4f, 0x10, 0xf5,
    0x08, 0xc4, 0xf1, 0x0f, 0x50, 0x0e, 0x9f, 0x10,
    0xf5, 0x00, 0x5f, 0xf1, 0x0f, 0x50, 0x00, 0xbf,
    0x10,

    /* U+004F "O" */
    0x00, 0x5d, 0xfd, 0x70, 0x00, 0x6f, 0x95, 0x7f,
    0x90, 0x0f, 0x80, 0x00, 0x4f, 0x23, 0xf1, 0x00,
    0x00, 0xe6, 0x5f, 0x00, 0x00, 0x0c, 0x83, 0xf1,
    0x00, 0x00, 0xe6, 0x0f, 0x70, 0x00, 0x4f, 0x20,
    0x6f, 0x95, 0x7f, 0x90, 0x00, 0x5d, 0xfd, 0x70,
    0x00,

    /* U+0050 "P" */
    0x0f, 0xff, 0xfa, 0x10, 0x0f, 0x73, 0x4e, 0xb0,
    0x0f, 0x40, 0x05, 0xf0, 0x0f, 0x40, 0x05, 0xf1,
    0x0f, 0x40, 0x2c, 0xd0, 0x0f, 0xff, 0xfd, 0x30,
    0x0f, 0x73, 0x20, 0x00, 0x0f, 0x40, 0x00, 0x00,
    0x0f, 0x40, 0x00, 0x00,

    /* U+0051 "Q" */
    0x00, 0x5d, 0xfd, 0x70, 0x00, 0x6f, 0x95, 0x7f,
    0x90, 0x0f, 0x80, 0x00, 0x4f, 0x23, 0xf1, 0x00,
    0x00, 0xe6, 0x5f, 0x00, 0x00, 0x0c, 0x83, 0xf1,
    0x00, 0x00, 0xe6, 0x0f, 0x70, 0x6c, 0x5f, 0x20,
    0x6f, 0x95, 0xff, 0x90, 0x00, 0x5d, 0xfe, 0xf7,
    0x00, 0x00, 0x00, 0x02, 0x70,

    /* U+0052 "R" */
    0x0f, 0xff, 0xfb, 0x20, 0x0f, 0x73, 0x4c, 0xd0,
    0x0f, 0x40, 0x04, 0xf1, 0x0f, 0x40, 0x1a, 0xf0,
    0x0f, 0xff, 0xff, 0x50, 0x0f, 0x73, 0xec, 0x00,
    0x0f, 0x40, 0x4f, 0x30, 0x0f, 0x40, 0x0c, 0xb0,
    0x0f, 0x40, 0x04, 0xf3,

    /* U+0053 "S" */
    0x02, 0xbf, 0xfa, 0x10, 0x0d, 0xc4, 0x5d, 0xb0,
    0x1f, 0x40, 0x02, 0x70, 0x0d, 0xc4, 0x00, 0x00,
    0x01, 0x8e, 0xfa, 0x10, 0x00, 0x00, 0x2b, 0xd0,
    0x39, 0x00, 0x04, 0xf1, 0x1f, 0xb4, 0x5d, 0xd0,
    0x03, 0xcf, 0xfb, 0x20,

    /* U+0054 "T" */
    0x7f, 0xff, 0xff, 0xf5, 0x13, 0x3c, 0xa3, 0x31,
    0x00, 0x0c, 0x90, 0x00, 0x00, 0x0c, 0x90, 0x00,
    0x00, 0x0c, 0x90, 0x00, 0x00, 0x0c, 0x90, 0x00,
    0x00, 0x0c, 0x90, 0x00, 0x00, 0x0c, 0x90, 0x00,
    0x00, 0x0c, 0x90, 0x00,

    /* U+0055 "U" */
    0x0f, 0x40, 0x00, 0x6e, 0x0f, 0x40, 0x00, 0x6e,
    0x0f, 0x40, 0x00, 0x6e, 0x0f, 0x40, 0x00, 0x6e,
    0x0f, 0x40, 0x00, 0x6e, 0x0f, 0x40, 0x00, 0x6e,
    0x0e, 0x70, 0x00, 0x9d, 0x08, 0xf8, 0x49, 0xf6,
    0x00, 0x7e, 0xfd, 0x60,

    /* U+0056 "V" */
    0x8e, 0x00, 0x00, 0x6f, 0x02, 0xf3, 0x00, 0x0b,
    0xa0, 0x0d, 0x90, 0x01, 0xf5, 0x00, 0x7e, 0x00,
    0x6f, 0x00, 0x02, 0xf4, 0x0b, 0xa0, 0x00, 0x0c,
    0x90, 0xf4, 0x00, 0x00, 0x6e, 0x5e, 0x00, 0x00,
    0x01, 0xfc, 0x90, 0x00, 0x00, 0x0b, 0xf4, 0x00,
    0x00,

    /* U+0057 "W" */
    0x9d, 0x00, 0x0e, 0xe0, 0x00, 0xd9, 0x4f, 0x10,
    0x1f, 0xf1, 0x00, 0xf5, 0x0f, 0x50, 0x5d, 0xd5,
    0x04, 0xf1, 0x0c, 0x80, 0x9a, 0x99, 0x08, 0xc0,
    0x08, 0xc0, 0xd6, 0x5d, 0x0c, 0x80, 0x04, 0xf2,
    0xf1, 0x1f, 0x2f, 0x40, 0x00, 0xf8, 0xd0, 0x0d,
    0x8f, 0x00, 0x00, 0xbf, 0x90, 0x09, 0xfc, 0x00,
    0x00, 0x7f, 0x50, 0x05, 0xf7, 0x00,

    /* U+0058 "X" */
    0x2f, 0x60, 0x00, 0xe8, 0x00, 0x7f, 0x10, 0x9d,
    0x00, 0x00, 0xca, 0x3f, 0x30, 0x00, 0x02, 0xfe,
    0x80, 0x00, 0x00, 0x0e, 0xf2, 0x00, 0x00, 0x04,
    0xfd, 0xb0, 0x00, 0x01, 0xe8, 0x2f, 0x60, 0x00,
    0xad, 0x00, 0x7f, 0x20, 0x5f, 0x30, 0x00, 0xcc,
    0x00,

    /* U+0059 "Y" */
    0x6f, 0x20, 0x00, 0xcc, 0x00, 0xcb, 0x00, 0x5f,
    0x20, 0x03, 0xf4, 0x0e, 0x90, 0x00, 0x09, 0xd7,
    0xe1, 0x00, 0x00, 0x1f, 0xf6, 0x00, 0x00, 0x00,
    0x8e, 0x00, 0x00, 0x00, 0x07, 0xd0, 0x00, 0x00,
    0x00, 0x7d, 0x00, 0x00, 0x00, 0x07, 0xd0, 0x00,
    0x00,

    /* U+005A "Z" */
    0x4f, 0xff, 0xff, 0xf0, 0x33, 0x33, 0xf9, 0x00,
    0x00, 0x8d, 0x00, 0x00, 0x3f, 0x40, 0x00, 0x0d,
    0x90, 0x00, 0x08, 0xd0, 0x00, 0x03, 0xf3, 0x00,
    0x00, 0xeb, 0x33, 0x33, 0x4f, 0xff, 0xff, 0xf0,

    /* U+005B "[" */
    0xbf, 0xbc, 0x81, 0xc7, 0x0c, 0x70, 0xc7, 0x0c,
    0x70, 0xc7, 0x0c, 0x70, 0xc7, 0x0c, 0x70, 0xcf,
    0xb1, 0x21,

    /* U+005C "\\" */
    0xa8, 0x00, 0x06, 0xc0, 0x00, 0x2f, 0x00, 0x00,
    0xd4, 0x00, 0x09, 0x80, 0x00, 0x5c, 0x00, 0x01,
    0xf1, 0x00, 0x0d, 0x40, 0x00, 0x99, 0x00, 0x05,
    0xd0, 0x00, 0x1f, 0x10,

    /* U+005D "]" */
    0x4f, 0xf2, 0x02, 0xf3, 0x00, 0xf3, 0x00, 0xf3,
    0x00, 0xf3, 0x00, 0xf3, 0x00, 0xf3, 0x00, 0xf3,
    0x00, 0xf3, 0x00, 0xf3, 0x4f, 0xf3, 0x02, 0x20,

    /* U+005E "^" */
    0x00, 0x42, 0x00, 0x02, 0xfd, 0x00, 0x09, 0x8c,
    0x40, 0x0f, 0x16, 0xb0, 0x48, 0x00, 0xb1,

    /* U+005F "_" */
    0xff, 0xff, 0xf8, 0x22, 0x22, 0x21,

    /* U+0060 "`" */
    0x0b, 0x50, 0x04, 0xd0,

    /* U+0061 "a" */
    0x05, 0xdf, 0xc2, 0x1e, 0x62, 0xac, 0x00, 0x02,
    0x9f, 0x0a, 0xfd, 0xcf, 0x6e, 0x10, 0x6f, 0x6e,
    0x33, 0xdf, 0x0a, 0xfd, 0x7f,

    /* U+0062 "b" */
    0x2f, 0x20, 0x00, 0x02, 0xf2, 0x00, 0x00, 0x2f,
    0x6d, 0xf8, 0x02, 0xfc, 0x35, 0xf6, 0x2f, 0x40,
    0x0a, 0xb2, 0xf2, 0x00, 0x8d, 0x2f, 0x50, 0x0a,
    0xb2, 0xfc, 0x35, 0xf6, 0x2f, 0x5d, 0xf8, 0x00,

    /* U+0063 "c" */
    0x02, 0xcf, 0xd5, 0x00, 0xea, 0x27, 0xf2, 0x4f,
    0x10, 0x03, 0x06, 0xe0, 0x00, 0x00, 0x4f, 0x10,
    0x03, 0x00, 0xea, 0x27, 0xf2, 0x02, 0xcf, 0xd5,
    0x00,

    /* U+0064 "d" */
    0x00, 0x00, 0x0b, 0x80, 0x00, 0x00, 0xb8, 0x04,
    0xdf, 0x9b, 0x81, 0xea, 0x28, 0xf8, 0x5f, 0x00,
    0x0e, 0x86, 0xe0, 0x00, 0xc8, 0x5f, 0x10, 0x0e,
    0x81, 0xea, 0x38, 0xf8, 0x03, 0xdf, 0x8b, 0x80,

    /* U+0065 "e" */
    0x02, 0xcf, 0xc3, 0x00, 0xe9, 0x28, 0xf1, 0x4f,
    0x00, 0x0e, 0x66, 0xfe, 0xee, 0xf7, 0x5f, 0x21,
    0x11, 0x00, 0xea, 0x35, 0xd2, 0x03, 0xcf, 0xd6,
    0x00,

    /* U+0066 "f" */
    0x02, 0xcf, 0x30, 0x9d, 0x30, 0xef, 0xff, 0x11,
    0xcc, 0x10, 0x0a, 0xa0, 0x00, 0xaa, 0x00, 0x0a,
    0xa0, 0x00, 0xaa, 0x00, 0x0a, 0xa0, 0x00,

    /* U+0067 "g" */
    0x03, 0xdf, 0x9b, 0x90, 0xea, 0x28, 0xf9, 0x5f,
    0x10, 0x0e, 0x96, 0xe0, 0x00, 0xb9, 0x5f, 0x00,
    0x0d, 0x91, 0xfa, 0x27, 0xf9, 0x04, 0xdf, 0x9b,
    0x90, 0x00, 0x00, 0xc8, 0x0d, 0x72, 0x5f, 0x40,
    0x4d, 0xfe, 0x70,

    /* U+0068 "h" */
    0x2f, 0x20, 0x00, 0x02, 0xf2, 0x00, 0x00, 0x2f,
    0x5d, 0xf8, 0x02, 0xfb, 0x38, 0xf2, 0x2f, 0x30,
    0x0f, 0x52, 0xf2, 0x00, 0xf5, 0x2f, 0x20, 0x0f,
    0x52, 0xf2, 0x00, 0xf5, 0x2f, 0x20, 0x0f, 0x50,

    /* U+0069 "i" */
    0x2e, 0x20, 0x81, 0x2f, 0x22, 0xf2, 0x2f, 0x22,
    0xf2, 0x2f, 0x22, 0xf2, 0x2f, 0x20,

    /* U+006A "j" */
    0x02, 0xe2, 0x00, 0x80, 0x02, 0xf2, 0x02, 0xf2,
    0x02, 0xf2, 0x02, 0xf2, 0x02, 0xf2, 0x02, 0xf2,
    0x02, 0xf2, 0x02, 0xf2, 0x07, 0xf0, 0x3e, 0x60,

    /* U+006B "k" */
    0x2f, 0x20, 0x00, 0x02, 0xf2, 0x00, 0x00, 0x2f,
    0x20, 0x9e, 0x12, 0xf2, 0x6f, 0x20, 0x2f, 0x7f,
    0x40, 0x02, 0xff, 0xf2, 0x00, 0x2f, 0x6c, 0xc0,
    0x02, 0xf2, 0x2f, 0x80, 0x2f, 0x20, 0x5f, 0x30,

    /* U+006C "l" */
    0x2f, 0x22, 0xf2, 0x2f, 0x22, 0xf2, 0x2f, 0x22,
    0xf2, 0x2f, 0x22, 0xf2, 0x2f, 0x20,

    /* U+006D "m" */
    0x2f, 0x6e, 0xd3, 0x9f, 0xd2, 0x2f, 0x92, 0xae,
    0x72, 0xca, 0x2f, 0x30, 0x5f, 0x00, 0x8c, 0x2f,
    0x20, 0x5f, 0x00, 0x8c, 0x2f, 0x20, 0x5f, 0x00,
    0x8c, 0x2f, 0x20, 0x5f, 0x00, 0x8c, 0x2f, 0x20,
    0x5f, 0x00, 0x8c,

    /* U+006E "n" */
    0x2f, 0x6e, 0xf8, 0x02, 0xfb, 0x27, 0xf2, 0x2f,
    0x30, 0x0f, 0x52, 0xf2, 0x00, 0xf5, 0x2f, 0x20,
    0x0f, 0x52, 0xf2, 0x00, 0xf5, 0x2f, 0x20, 0x0f,
    0x50,

    /* U+006F "o" */
    0x02, 0xcf, 0xd5, 0x00, 0xea, 0x27, 0xf3, 0x4f,
    0x10, 0x0d, 0x86, 0xe0, 0x00, 0xaa, 0x4f, 0x10,
    0x0c, 0x80, 0xea, 0x27, 0xf3, 0x02, 0xcf, 0xd5,
    0x00,

    /* U+0070 "p" */
    0x2f, 0x6d, 0xf8, 0x02, 0xfc, 0x24, 0xf6, 0x2f,
    0x40, 0x0a, 0xb2, 0xf2, 0x00, 0x8d, 0x2f, 0x50,
    0x0a, 0xb2, 0xfd, 0x35, 0xf6, 0x2f, 0x6d, 0xf8,
    0x02, 0xf2, 0x00, 0x00, 0x2f, 0x20, 0x00, 0x02,
    0xf2, 0x00, 0x00,

    /* U+0071 "q" */
    0x04, 0xdf, 0x9b, 0x81, 0xea, 0x28, 0xf8, 0x5f,
    0x00, 0x0e, 0x86, 0xe0, 0x00, 0xc8, 0x5f, 0x10,
    0x0e, 0x81, 0xea, 0x38, 0xf8, 0x03, 0xdf, 0x8b,
    0x80, 0x00, 0x00, 0xb8, 0x00, 0x00, 0x0b, 0x80,
    0x00, 0x00, 0xb8,

    /* U+0072 "r" */
    0x00, 0x00, 0x02, 0xf7, 0xf6, 0x2f, 0xb3, 0x12,
    0xf3, 0x00, 0x2f, 0x20, 0x02, 0xf2, 0x00, 0x2f,
    0x20, 0x02, 0xf2, 0x00,

    /* U+0073 "s" */
    0x05, 0xdf, 0xb1, 0x2f, 0x61, 0xa7, 0x2f, 0x71,
    0x00, 0x06, 0xdf, 0xc3, 0x00, 0x01, 0xbd, 0x3f,
    0x52, 0xbc, 0x07, 0xef, 0xc2,

    /* U+0074 "t" */
    0x07, 0x20, 0x0e, 0x50, 0xef, 0xfa, 0x1f, 0x71,
    0x0e, 0x50, 0x0e, 0x50, 0x0e, 0x50, 0x0d, 0x91,
    0x06, 0xeb,

    /* U+0075 "u" */
    0x2f, 0x20, 0x0f, 0x52, 0xf2, 0x00, 0xf5, 0x2f,
    0x20, 0x0f, 0x52, 0xf2, 0x00, 0xf5, 0x1f, 0x30,
    0x0f, 0x50, 0xeb, 0x39, 0xf5, 0x05, 0xee, 0x6e,
    0x50,

    /* U+0076 "v" */
    0x8d, 0x00, 0x0e, 0x73, 0xf2, 0x04, 0xf1, 0x0d,
    0x70, 0x9b, 0x00, 0x7c, 0x0e, 0x60, 0x02, 0xf4,
    0xf1, 0x00, 0x0c, 0xda, 0x00, 0x00, 0x6f, 0x50,
    0x00,

    /* U+0077 "w" */
    0x8d, 0x00, 0xcb, 0x00, 0xe7, 0x4f, 0x10, 0xff,
    0x01, 0xf2, 0x0f, 0x54, 0xcd, 0x35, 0xe0, 0x0b,
    0x88, 0x89, 0x79, 0x90, 0x06, 0xcc, 0x45, 0xbd,
    0x50, 0x02, 0xfe, 0x01, 0xff, 0x10, 0x00, 0xdb,
    0x00, 0xdc, 0x00,

    /* U+0078 "x" */
    0x3f, 0x30, 0x7e, 0x00, 0x9c, 0x1f, 0x50, 0x01,
    0xed, 0xb0, 0x00, 0x0c, 0xf4, 0x00, 0x02, 0xfb,
    0xc0, 0x00, 0xba, 0x0e, 0x60, 0x5f, 0x10, 0x6f,
    0x10,

    /* U+0079 "y" */
    0x9d, 0x00, 0x0e, 0x73, 0xf2, 0x03, 0xf1, 0x0d,
    0x70, 0x8c, 0x00, 0x8c, 0x0d, 0x60, 0x03, 0xf3,
    0xf1, 0x00, 0x0d, 0xbb, 0x00, 0x00, 0x8f, 0x60,
    0x00, 0x05, 0xf1, 0x00, 0x03, 0xca, 0x00, 0x01,
    0xfc, 0x10, 0x00,

    /* U+007A "z" */
    0x2f, 0xff, 0xfd, 0x03, 0x34, 0xf8, 0x00, 0x0a,
    0xc0, 0x00, 0x6f, 0x20, 0x02, 0xf6, 0x00, 0x0d,
    0xc3, 0x33, 0x4f, 0xff, 0xff,

    /* U+007B "{" */
    0x00, 0x3d, 0x90, 0x0c, 0xa1, 0x00, 0xd5, 0x00,
    0x0e, 0x40, 0x04, 0xf3, 0x05, 0xf8, 0x00, 0x1a,
    0xf2, 0x00, 0x0e, 0x40, 0x00, 0xd5, 0x00, 0x0c,
    0x80, 0x00, 0x5f, 0x90, 0x00, 0x00,

    /* U+007C "|" */
    0x8a, 0x8a, 0x8a, 0x8a, 0x8a, 0x8a, 0x8a, 0x8a,
    0x8a, 0x8a, 0x8a, 0x8a, 0x8a, 0x8a, 0x8a,

    /* U+007D "}" */
    0x4e, 0x60, 0x00, 0x6f, 0x00, 0x00, 0xf2, 0x00,
    0x0f, 0x20, 0x00, 0xe8, 0x10, 0x04, 0xff, 0x00,
    0xec, 0x30, 0x0f, 0x20, 0x00, 0xf2, 0x00, 0x4f,
    0x00, 0x4f, 0x80, 0x00, 0x00, 0x00,

    /* U+007E "~" */
    0x07, 0xec, 0x43, 0xc0, 0x0e, 0x35, 0xef, 0x90,
    0x00, 0x00, 0x01, 0x00,

    /* U+00A0 " " */

    /* U+00A1 "¡" */
    0x0c, 0x70, 0x95, 0x00, 0x00, 0xc7, 0x0d, 0x70,
    0xd7, 0x0d, 0x80, 0xd8, 0x0e, 0x80, 0x32,

    /* U+00A2 "¢" */
    0x00, 0x0b, 0x00, 0x00, 0x2b, 0xfd, 0x40, 0x0e,
    0xbe, 0x8f, 0x24, 0xf1, 0xb0, 0x40, 0x6e, 0x0b,
    0x00, 0x05, 0xf0, 0xb0, 0x10, 0x1f, 0x8b, 0x4f,
    0x30, 0x4e, 0xff, 0x70, 0x00, 0x0d, 0x00, 0x00,

    /* U+00A3 "£" */
    0x00, 0x7e, 0xf9, 0x00, 0x4f, 0x64, 0xd8, 0x08,
    0xc0, 0x03, 0x40, 0x8b, 0x00, 0x00, 0x5f, 0xfe,
    0xe5, 0x00, 0x8d, 0x11, 0x00, 0x06, 0xc0, 0x00,
    0x02, 0xd9, 0x33, 0x8c, 0x6f, 0xff, 0xff, 0x60,

    /* U+00A4 "¤" */
    0x00, 0x00, 0x00, 0x00, 0x01, 0xc5, 0xce, 0xb5,
    0xc0, 0x0c, 0xf5, 0x27, 0xf8, 0x00, 0xd4, 0x00,
    0x07, 0x90, 0x1e, 0x00, 0x00, 0x2e, 0x01, 0xe0,
    0x00, 0x02, 0xe0, 0x0d, 0x40, 0x00, 0x7a, 0x00,
    0xef, 0x41, 0x6f, 0x90, 0x1b, 0x6d, 0xfc, 0x5b,
    0x00,

    /* U+00A5 "¥" */
    0x9d, 0x00, 0x2f, 0x41, 0xf4, 0x09, 0xc0, 0x09,
    0xb1, 0xf4, 0x00, 0x2f, 0xac, 0x00, 0x3f, 0xff,
    0xfd, 0x00, 0x28, 0xf2, 0x20, 0x3e, 0xff, 0xec,
    0x00, 0x05, 0xf0, 0x00, 0x00, 0x5f, 0x00, 0x00,

    /* U+00A6 "¦" */
    0xd5, 0xd5, 0xd5, 0xd5, 0x21, 0x00, 0x31, 0xd5,
    0xd5, 0xd5, 0xd5,

    /* U+00A7 "§" */
    0x03, 0xdf, 0xb1, 0x00, 0xb9, 0x2b, 0x90, 0x0b,
    0x80, 0x10, 0x00, 0x5d, 0xb2, 0x00, 0x2c, 0x03,
    0xc6, 0x04, 0xf3, 0x00, 0xf0, 0x0b, 0xf9, 0x6f,
    0x00, 0x06, 0xef, 0x30, 0x00, 0x00, 0xc8, 0x00,
    0xd5, 0x0b, 0x90, 0x05, 0xff, 0xd2, 0x00, 0x00,
    0x10, 0x00,

    /* U+00A8 "¨" */
    0x17, 0x05, 0x33, 0xd0, 0xb7,

    /* U+00A9 "©" */
    0x00, 0x07, 0xdf, 0xd7, 0x00, 0x00, 0xcd, 0x53,
    0x5e, 0xb0, 0x07, 0xd1, 0xae, 0xb2, 0xe7, 0x0d,
    0x5b, 0xa3, 0x9b, 0x5d, 0x0f, 0x2f, 0x20, 0x00,
    0x2f, 0x0e, 0x4c, 0x80, 0x89, 0x4d, 0x09, 0xc2,
    0xdf, 0xd2, 0xc8, 0x00, 0xdb, 0x32, 0x3c, 0xd1,
    0x00, 0x1b, 0xff, 0xfa, 0x10, 0x00, 0x00, 0x12,
    0x00, 0x00,

    /* U+00AA "ª" */
    0x0b, 0xed, 0x42, 0x50, 0x7c, 0x2b, 0xcc, 0xd9,
    0x90, 0x7d, 0x3d, 0xca, 0xd0,

    /* U+00AB "«" */
    0x00, 0x7d, 0x2e, 0x70, 0x4f, 0x3c, 0xa0, 0x2f,
    0x59, 0xd0, 0x01, 0xe7, 0x7e, 0x10, 0x03, 0xf4,
    0xac, 0x00, 0x05, 0xc1, 0xb6,

    /* U+00AC "¬" */
    0xbf, 0xff, 0xf5, 0x12, 0x22, 0xd5, 0x00, 0x00,
    0x83,

    /* U+00AE "®" */
    0x00, 0x8d, 0xd8, 0x00, 0x0b, 0xab, 0xa9, 0xa0,
    0x3a, 0x38, 0x74, 0xb3, 0x67, 0x3d, 0xf0, 0x76,
    0x4a, 0x26, 0x63, 0xb3, 0x0b, 0x80, 0x08, 0xb0,
    0x00, 0x8d, 0xd8, 0x00,

    /* U+00AF "¯" */
    0xdf, 0xf6,

    /* U+00B0 "°" */
    0x06, 0xeb, 0x12, 0xe3, 0x99, 0x3d, 0x06, 0xa0,
    0x9f, 0xe2, 0x00, 0x10, 0x00,

    /* U+00B1 "±" */
    0x00, 0x99, 0x00, 0x00, 0x99, 0x00, 0xdf, 0xff,
    0xfd, 0x23, 0xcc, 0x32, 0x00, 0x44, 0x00, 0xdf,
    0xff, 0xfd, 0x23, 0x33, 0x32,

    /* U+00B2 "²" */
    0x0b, 0xed, 0x32, 0x70, 0x99, 0x00, 0x4e, 0x30,
    0x7d, 0x20, 0x4f, 0xfe, 0xb0,

    /* U+00B3 "³" */
    0x0a, 0xed, 0x31, 0x70, 0x89, 0x00, 0xae, 0x42,
    0x50, 0x7d, 0x1b, 0xee, 0x50,

    /* U+00B4 "´" */
    0x05, 0xb0, 0x0c, 0x40,

    /* U+00B5 "µ" */
    0x2f, 0x20, 0x0f, 0x50, 0x2f, 0x20, 0x0f, 0x50,
    0x2f, 0x20, 0x0f, 0x50, 0x2f, 0x20, 0x0f, 0x50,
    0x2f, 0x30, 0x0f, 0x50, 0x2f, 0xc1, 0x7f, 0x70,
    0x2f, 0xaf, 0xb9, 0xf2, 0x2f, 0x20, 0x00, 0x00,
    0x2f, 0x20, 0x00, 0x00, 0x2f, 0x20, 0x00, 0x00,

    /* U+00B6 "¶" */
    0x04, 0xdf, 0xff, 0x71, 0xff, 0xf2, 0xf4, 0x5f,
    0xff, 0x0f, 0x45, 0xff, 0xf0, 0xf4, 0x0e, 0xff,
    0x0f, 0x40, 0x18, 0xa0, 0xf4, 0x00, 0x00, 0x0f,
    0x40, 0x00, 0x00, 0xf4, 0x00, 0x00, 0x0f, 0x40,

    /* U+00B7 "·" */
    0x0a, 0x50, 0xd7,

    /* U+00B8 "¸" */
    0x00, 0x09, 0x30, 0x3d, 0x1a, 0xa0,

    /* U+00B9 "¹" */
    0x2c, 0xf1, 0x45, 0xf1, 0x01, 0xf1, 0x01, 0xf1,
    0x01, 0xf1,

    /* U+00BA "º" */
    0x08, 0xee, 0x60, 0x5d, 0x12, 0xf2, 0x89, 0x00,
    0xc5, 0x5d, 0x12, 0xf3, 0x08, 0xee, 0x60,

    /* U+00BB "»" */
    0x3f, 0x4a, 0xc0, 0x00, 0x5f, 0x3d, 0x90, 0x00,
    0x9d, 0x2f, 0x60, 0x0b, 0xc3, 0xf4, 0x07, 0xe2,
    0xe7, 0x02, 0xd3, 0x99, 0x00,

    /* U+00BC "¼" */
    0x00, 0x00, 0x00, 0x00, 0x00, 0x4e, 0xa0, 0x00,
    0x3c, 0x00, 0x46, 0xa0, 0x00, 0xd2, 0x00, 0x06,
    0xa0, 0x09, 0x70, 0x00, 0x06, 0xa0, 0x4c, 0x00,
    0x00, 0x06, 0xa1, 0xd2, 0x0f, 0xe0, 0x00, 0x0a,
    0x60, 0x7c, 0xc0, 0x00, 0x5b, 0x01, 0xd4, 0xc0,
    0x01, 0xd1, 0x06, 0xff, 0xf4, 0x06, 0x50, 0x00,
    0x02, 0x80,

    /* U+00BD "½" */
    0x00, 0x00, 0x00, 0x01, 0x00, 0x4e, 0xa0, 0x00,
    0x3c, 0x00, 0x46, 0xa0, 0x00, 0xd3, 0x00, 0x06,
    0xa0, 0x08, 0x80, 0x00, 0x06, 0xa0, 0x3c, 0x00,
    0x00, 0x05, 0x90, 0xd3, 0x3d, 0xe4, 0x00, 0x08,
    0x80, 0x44, 0x6a, 0x00, 0x3d, 0x00, 0x00, 0xc3,
    0x00, 0xd3, 0x00, 0x0c, 0x50, 0x08, 0x80, 0x00,
    0x7f, 0xeb,

    /* U+00BE "¾" */
    0x0a, 0xd7, 0x00, 0x03, 0xc0, 0x01, 0x42, 0xe0,
    0x00, 0xc4, 0x00, 0x03, 0xe8, 0x00, 0x6a, 0x00,
    0x00, 0x01, 0xf1, 0x1d, 0x10, 0x00, 0x36, 0x2f,
    0x1a, 0x60, 0x00, 0x01, 0xbd, 0x64, 0xc0, 0x0f,
    0xc0, 0x00, 0x00, 0xd2, 0x08, 0xcb, 0x00, 0x00,
    0x88, 0x02, 0xd4, 0xb0, 0x00, 0x2d, 0x00, 0x7f,
    0xff, 0x30, 0x07, 0x40, 0x00, 0x03, 0x70,

    /* U+00BF "¿" */
    0x00, 0x3e, 0x20, 0x00, 0x2b, 0x10, 0x00, 0x00,
    0x00, 0x00, 0x3f, 0x00, 0x00, 0xad, 0x00, 0x0a,
    0xf4, 0x00, 0x4f, 0x30, 0x00, 0x6f, 0x00, 0x58,
    0x2f, 0x74, 0xd9, 0x05, 0xef, 0xa0,

    /* U+00C0 "À" */
    0x00, 0x1f, 0x20, 0x00, 0x00, 0x00, 0x67, 0x00,
    0x00, 0x00, 0x00, 0x00, 0x00, 0x00, 0x00, 0xcf,
    0x30, 0x00, 0x00, 0x1f, 0xc9, 0x00, 0x00, 0x07,
    0xd6, 0xe0, 0x00, 0x00, 0xc8, 0x1f, 0x40, 0x00,
    0x2f, 0x30, 0xc9, 0x00, 0x08, 0xff, 0xff, 0xf0,
    0x00, 0xdb, 0x22, 0x4f, 0x50, 0x3f, 0x30, 0x00,
    0xba, 0x08, 0xe0, 0x00, 0x06, 0xf0,

    /* U+00C1 "Á" */
    0x00, 0x00, 0xa8, 0x00, 0x00, 0x00, 0x1c, 0x00,
    0x00, 0x00, 0x00, 0x00, 0x00, 0x00, 0x00, 0xcf,
    0x30, 0x00, 0x00, 0x1f, 0xc9, 0x00, 0x00, 0x07,
    0xd6, 0xe0, 0x00, 0x00, 0xc8, 0x1f, 0x40, 0x00,
    0x2f, 0x30, 0xc9, 0x00, 0x08, 0xff, 0xff, 0xf0,
    0x00, 0xdb, 0x22, 0x4f, 0x50, 0x3f, 0x30, 0x00,
    0xba, 0x08, 0xe0, 0x00, 0x06, 0xf0,

    /* U+00C2 "Â" */
    0x00, 0x0b, 0xf3, 0x00, 0x00, 0x07, 0xb4, 0xd0,
    0x00, 0x00, 0x00, 0x00, 0x00, 0x00, 0x00, 0xcf,
    0x30, 0x00, 0x00, 0x1f, 0xc9, 0x00, 0x00, 0x07,
    0xd6, 0xe0, 0x00, 0x00, 0xc8, 0x1f, 0x40, 0x00,
    0x2f, 0x30, 0xc9, 0x00, 0x08, 0xff, 0xff, 0xf0,
    0x00, 0xdb, 0x22, 0x4f, 0x50, 0x3f, 0x30, 0x00,
    0xba, 0x08, 0xe0, 0x00, 0x06, 0xf0,

    /* U+00C3 "Ã" */
    0x00, 0x3d, 0x4b, 0x00, 0x00, 0x07, 0x5a, 0x90,
    0x00, 0x00, 0x00, 0x00, 0x00, 0x00, 0x00, 0xcf,
    0x30, 0x00, 0x00, 0x1f, 0xc9, 0x00, 0x00, 0x07,
    0xd6, 0xe0, 0x00, 0x00, 0xc8, 0x1f, 0x40, 0x00,
    0x2f, 0x30, 0xc9, 0x00, 0x08, 0xff, 0xff, 0xf0,
    0x00, 0xdb, 0x22, 0x4f, 0x50, 0x3f, 0x30, 0x00,
    0xba, 0x08, 0xe0, 0x00, 0x06, 0xf0,

    /* U+00C4 "Ä" */
    0x00, 0x99, 0x1e, 0x20, 0x00, 0x04, 0x40, 0x70,
    0x00, 0x00, 0x00, 0x00, 0x00, 0x00, 0x00, 0xcf,
    0x30, 0x00, 0x00, 0x1f, 0xc9, 0x00, 0x00, 0x07,
    0xd6, 0xe0, 0x00, 0x00, 0xc8, 0x1f, 0x40, 0x00,
    0x2f, 0x30, 0xc9, 0x00, 0x08, 0xff, 0xff, 0xf0,
    0x00, 0xdb, 0x22, 0x4f, 0x50, 0x3f, 0x30, 0x00,
    0xba, 0x08, 0xe0, 0x00, 0x06, 0xf0,

    /* U+00C5 "Å" */
    0x00, 0x09, 0xc3, 0x00, 0x00, 0x03, 0xa2, 0xb0,
    0x00, 0x00, 0x3a, 0x2b, 0x00, 0x00, 0x00, 0x9c,
    0x30, 0x00, 0x00, 0x0c, 0xf3, 0x00, 0x00, 0x01,
    0xfc, 0x90, 0x00, 0x00, 0x7d, 0x6e, 0x00, 0x00,
    0x0c, 0x81, 0xf4, 0x00, 0x02, 0xf3, 0x0c, 0x90,
    0x00, 0x8f, 0xff, 0xff, 0x00, 0x0d, 0xb2, 0x24,
    0xf5, 0x03, 0xf3, 0x00, 0x0b, 0xa0, 0x8e, 0x00,
    0x00, 0x6f, 0x00,

    /* U+00C6 "Æ" */
    0x00, 0x00, 0xdf, 0xff, 0xff, 0xf4, 0x00, 0x05,
    0xf4, 0xf4, 0x33, 0x30, 0x00, 0x0c, 0x92, 0xf1,
    0x00, 0x00, 0x00, 0x3f, 0x22, 0xf1, 0x00, 0x00,
    0x00, 0xab, 0x02, 0xff, 0xff, 0xf0, 0x02, 0xff,
    0xff, 0xf2, 0x00, 0x00, 0x09, 0xf2, 0x25, 0xf1,
    0x00, 0x00, 0x1f, 0x60, 0x02, 0xf4, 0x33, 0x30,
    0x7f, 0x00, 0x02, 0xff, 0xff, 0xf4,

    /* U+00C7 "Ç" */
    0x00, 0x5d, 0xfd, 0x70, 0x00, 0x6f, 0x95, 0x7f,
    0x80, 0x0f, 0x80, 0x00, 0x5f, 0x03, 0xf1, 0x00,
    0x00, 0x00, 0x5f, 0x00, 0x00, 0x00, 0x03, 0xf1,
    0x00, 0x00, 0x00, 0x0f, 0x70, 0x00, 0x5f, 0x00,
    0x6f, 0x95, 0x7f, 0x80, 0x00, 0x5d, 0xfd, 0x70,
    0x00, 0x00, 0x0c, 0x40, 0x00, 0x00, 0x00, 0x0d,
    0x00, 0x00, 0x00, 0x1b, 0xb0, 0x00,

    /* U+00C8 "È" */
    0x00, 0x9a, 0x00, 0x00, 0x00, 0xc1, 0x00, 0x00,
    0x00, 0x00, 0x00, 0xff, 0xff, 0xf7, 0x0f, 0x73,
    0x33, 0x10, 0xf4, 0x00, 0x00, 0x0f, 0x40, 0x00,
    0x00, 0xff, 0xff, 0xf2, 0x0f, 0x63, 0x33, 0x00,
    0xf4, 0x00, 0x00, 0x0f, 0x73, 0x33, 0x10, 0xff,
    0xff, 0xf8,

    /* U+00C9 "É" */
    0x00, 0x03, 0xf1, 0x00, 0x00, 0x86, 0x00, 0x00,
    0x00, 0x00, 0x00, 0xff, 0xff, 0xf7, 0x0f, 0x73,
    0x33, 0x10, 0xf4, 0x00, 0x00, 0x0f, 0x40, 0x00,
    0x00, 0xff, 0xff, 0xf2, 0x0f, 0x63, 0x33, 0x00,
    0xf4, 0x00, 0x00, 0x0f, 0x73, 0x33, 0x10, 0xff,
    0xff, 0xf8,

    /* U+00CA "Ê" */
    0x00, 0x3f, 0xa0, 0x00, 0x1e, 0x4c, 0x60, 0x00,
    0x00, 0x00, 0x00, 0xff, 0xff, 0xf7, 0x0f, 0x73,
    0x33, 0x10, 0xf4, 0x00, 0x00, 0x0f, 0x40, 0x00,
    0x00, 0xff, 0xff, 0xf2, 0x0f, 0x63, 0x33, 0x00,
    0xf4, 0x00, 0x00, 0x0f, 0x73, 0x33, 0x10, 0xff,
    0xff, 0xf8,

    /* U+00CB "Ë" */
    0x02, 0xe1, 0x99, 0x00, 0x07, 0x04, 0x40, 0x00,
    0x00, 0x00, 0x00, 0xff, 0xff, 0xf7, 0x0f, 0x73,
    0x33, 0x10, 0xf4, 0x00, 0x00, 0x0f, 0x40, 0x00,
    0x00, 0xff, 0xff, 0xf2, 0x0f, 0x63, 0x33, 0x00,
    0xf4, 0x00, 0x00, 0x0f, 0x73, 0x33, 0x10, 0xff,
    0xff, 0xf8,

    /* U+00CC "Ì" */
    0xb8, 0x01, 0xc0, 0x00, 0x00, 0xf4, 0x0f, 0x40,
    0xf4, 0x0f, 0x40, 0xf4, 0x0f, 0x40, 0xf4, 0x0f,
    0x40, 0xf4,

    /* U+00CD "Í" */
    0x04, 0xe0, 0x09, 0x40, 0x00, 0x00, 0x0f, 0x40,
    0x0f, 0x40, 0x0f, 0x40, 0x0f, 0x40, 0x0f, 0x40,
    0x0f, 0x40, 0x0f, 0x40, 0x0f, 0x40, 0x0f, 0x40,

    /* U+00CE "Î" */
    0x04, 0xf8, 0x02, 0xe3, 0xd5, 0x00, 0x00, 0x00,
    0x0f, 0x40, 0x00, 0xf4, 0x00, 0x0f, 0x40, 0x00,
    0xf4, 0x00, 0x0f, 0x40, 0x00, 0xf4, 0x00, 0x0f,
    0x40, 0x00, 0xf4, 0x00, 0x0f, 0x40,

    /* U+00CF "Ï" */
    0x3e, 0x0a, 0x71, 0x70, 0x53, 0x00, 0x00, 0x00,
    0x0f, 0x40, 0x00, 0xf4, 0x00, 0x0f, 0x40, 0x00,
    0xf4, 0x00, 0x0f, 0x40, 0x00, 0xf4, 0x00, 0x0f,
    0x40, 0x00, 0xf4, 0x00, 0x0f, 0x40,

    /* U+00D0 "Ð" */
    0x0e, 0xff, 0xfc, 0x50, 0x00, 0xdc, 0x34, 0x9f,
    0x50, 0x0c, 0x90, 0x00, 0x8e, 0x00, 0xc9, 0x00,
    0x02, 0xf2, 0xcf, 0xfe, 0xa0, 0x1f, 0x31, 0xea,
    0x11, 0x02, 0xf2, 0x0c, 0x90, 0x00, 0x8e, 0x00,
    0xcc, 0x34, 0x9f, 0x50, 0x0e, 0xff, 0xfc, 0x40,
    0x00,

    /* U+00D1 "Ñ" */
    0x00, 0x0c, 0x77, 0x40, 0x00, 0x03, 0x96, 0xc1,
    0x00, 0x00, 0x00, 0x00, 0x00, 0x00, 0xfc, 0x00,
    0x04, 0xf1, 0x0f, 0xf6, 0x00, 0x4f, 0x10, 0xf8,
    0xe1, 0x04, 0xf1, 0x0f, 0x5b, 0x90, 0x4f, 0x10,
    0xf5, 0x2f, 0x34, 0xf1, 0x0f, 0x50, 0x8c, 0x4f,
    0x10, 0xf5, 0x00, 0xe9, 0xf1, 0x0f, 0x50, 0x05,
    0xff, 0x10, 0xf5, 0x00, 0x0b, 0xf1,

    /* U+00D2 "Ò" */
    0x00, 0x0b, 0x80, 0x00, 0x00, 0x00, 0x2c, 0x00,
    0x00, 0x00, 0x00, 0x00, 0x00, 0x00, 0x05, 0xdf,
    0xd7, 0x00, 0x06, 0xf9, 0x57, 0xf9, 0x00, 0xf8,
    0x00, 0x04, 0xf2, 0x3f, 0x10, 0x00, 0x0e, 0x65,
    0xf0, 0x00, 0x00, 0xc8, 0x3f, 0x10, 0x00, 0x0e,
    0x60, 0xf7, 0x00, 0x04, 0xf2, 0x06, 0xf9, 0x57,
    0xf9, 0x00, 0x05, 0xdf, 0xd7, 0x00,

    /* U+00D3 "Ó" */
    0x00, 0x00, 0x5d, 0x00, 0x00, 0x00, 0x09, 0x40,
    0x00, 0x00, 0x00, 0x00, 0x00, 0x00, 0x05, 0xdf,
    0xd7, 0x00, 0x06, 0xf9, 0x57, 0xf9, 0x00, 0xf8,
    0x00, 0x04, 0xf2, 0x3f, 0x10, 0x00, 0x0e, 0x65,
    0xf0, 0x00, 0x00, 0xc8, 0x3f, 0x10, 0x00, 0x0e,
    0x60, 0xf7, 0x00, 0x04, 0xf2, 0x06, 0xf9, 0x57,
    0xf9, 0x00, 0x05, 0xdf, 0xd7, 0x00,

    /* U+00D4 "Ô" */
    0x00, 0x07, 0xda, 0x00, 0x00, 0x01, 0x70, 0x63,
    0x00, 0x00, 0x00, 0x00, 0x00, 0x00, 0x05, 0xdf,
    0xd7, 0x00, 0x06, 0xf9, 0x57, 0xf9, 0x00, 0xf8,
    0x00, 0x04, 0xf2, 0x3f, 0x10, 0x00, 0x0e, 0x65,
    0xf0, 0x00, 0x00, 0xc8, 0x3f, 0x10, 0x00, 0x0e,
    0x60, 0xf7, 0x00, 0x04, 0xf2, 0x06, 0xf9, 0x57,
    0xf9, 0x00, 0x05, 0xdf, 0xd7, 0x00,

    /* U+00D5 "Õ" */
    0x00, 0x0b, 0x86, 0x50, 0x00, 0x02, 0x95, 0xd1,
    0x00, 0x00, 0x00, 0x00, 0x00, 0x00, 0x05, 0xdf,
    0xd7, 0x00, 0x06, 0xf9, 0x57, 0xf9, 0x00, 0xf8,
    0x00, 0x04, 0xf2, 0x3f, 0x10, 0x00, 0x0e, 0x65,
    0xf0, 0x00, 0x00, 0xc8, 0x3f, 0x10, 0x00, 0x0e,
    0x60, 0xf7, 0x00, 0x04, 0xf2, 0x06, 0xf9, 0x57,
    0xf9, 0x00, 0x05, 0xdf, 0xd7, 0x00,

    /* U+00D6 "Ö" */
    0x00, 0x3d, 0x0b, 0x60, 0x00, 0x01, 0x70, 0x53,
    0x00, 0x00, 0x00, 0x00, 0x00, 0x00, 0x05, 0xdf,
    0xd7, 0x00, 0x06, 0xf9, 0x57, 0xf9, 0x00, 0xf8,
    0x00, 0x04, 0xf2, 0x3f, 0x10, 0x00, 0x0e, 0x65,
    0xf0, 0x00, 0x00, 0xc8, 0x3f, 0x10, 0x00, 0x0e,
    0x60, 0xf7, 0x00, 0x04, 0xf2, 0x06, 0xf9, 0x57,
    0xf9, 0x00, 0x05, 0xdf, 0xd7, 0x00,

    /* U+00D7 "×" */
    0x32, 0x00, 0x23, 0x8e, 0x22, 0xe8, 0x09, 0xff,
    0xa0, 0x01, 0xff, 0x10, 0x0c, 0xcb, 0xd1, 0x9c,
    0x00, 0xba, 0x10, 0x00, 0x01,

    /* U+00D8 "Ø" */
    0x00, 0x00, 0x00, 0x00, 0x00, 0x05, 0xdf, 0xdb,
    0xd0, 0x06, 0xf9, 0x58, 0xfe, 0x00, 0xf8, 0x00,
    0x9e, 0xf2, 0x3f, 0x10, 0x4d, 0x0e, 0x65, 0xf0,
    0x1e, 0x30, 0xc8, 0x3f, 0x1a, 0x80, 0x0e, 0x60,
    0xfe, 0xc0, 0x04, 0xf2, 0x08, 0xfb, 0x57, 0xf9,
    0x00, 0xac, 0xdf, 0xd7, 0x00, 0x00, 0x00, 0x00,
    0x00, 0x00,

    /* U+00D9 "Ù" */
    0x00, 0x0d, 0x50, 0x00, 0x00, 0x04, 0xa0, 0x00,
    0x00, 0x00, 0x00, 0x00, 0x0f, 0x40, 0x00, 0x6e,
    0x0f, 0x40, 0x00, 0x6e, 0x0f, 0x40, 0x00, 0x6e,
    0x0f, 0x40, 0x00, 0x6e, 0x0f, 0x40, 0x00, 0x6e,
    0x0f, 0x40, 0x00, 0x6e, 0x0e, 0x70, 0x00, 0x9d,
    0x08, 0xf8, 0x49, 0xf6, 0x00, 0x7e, 0xfd, 0x60,

    /* U+00DA "Ú" */
    0x00, 0x00, 0x7c, 0x00, 0x00, 0x00, 0xb2, 0x00,
    0x00, 0x00, 0x00, 0x00, 0x0f, 0x40, 0x00, 0x6e,
    0x0f, 0x40, 0x00, 0x6e, 0x0f, 0x40, 0x00, 0x6e,
    0x0f, 0x40, 0x00, 0x6e, 0x0f, 0x40, 0x00, 0x6e,
    0x0f, 0x40, 0x00, 0x6e, 0x0e, 0x70, 0x00, 0x9d,
    0x08, 0xf8, 0x49, 0xf6, 0x00, 0x7e, 0xfd, 0x60,

    /* U+00DB "Û" */
    0x00, 0x0a, 0xd7, 0x00, 0x00, 0x36, 0x07, 0x10,
    0x00, 0x00, 0x00, 0x00, 0x0f, 0x40, 0x00, 0x6e,
    0x0f, 0x40, 0x00, 0x6e, 0x0f, 0x40, 0x00, 0x6e,
    0x0f, 0x40, 0x00, 0x6e, 0x0f, 0x40, 0x00, 0x6e,
    0x0f, 0x40, 0x00, 0x6e, 0x0e, 0x70, 0x00, 0x9d,
    0x08, 0xf8, 0x49, 0xf6, 0x00, 0x7e, 0xfd, 0x60,

    /* U+00DC "Ü" */
    0x00, 0x6b, 0x0d, 0x40, 0x00, 0x25, 0x06, 0x10,
    0x00, 0x00, 0x00, 0x00, 0x0f, 0x40, 0x00, 0x6e,
    0x0f, 0x40, 0x00, 0x6e, 0x0f, 0x40, 0x00, 0x6e,
    0x0f, 0x40, 0x00, 0x6e, 0x0f, 0x40, 0x00, 0x6e,
    0x0f, 0x40, 0x00, 0x6e, 0x0e, 0x70, 0x00, 0x9d,
    0x08, 0xf8, 0x49, 0xf6, 0x00, 0x7e, 0xfd, 0x60,

    /* U+00DD "Ý" */
    0x00, 0x00, 0xb7, 0x00, 0x00, 0x00, 0x2b, 0x00,
    0x00, 0x00, 0x00, 0x00, 0x00, 0x06, 0xf2, 0x00,
    0x0c, 0xc0, 0x0c, 0xb0, 0x05, 0xf2, 0x00, 0x3f,
    0x40, 0xe9, 0x00, 0x00, 0x9d, 0x7e, 0x10, 0x00,
    0x01, 0xff, 0x60, 0x00, 0x00, 0x08, 0xe0, 0x00,
    0x00, 0x00, 0x7d, 0x00, 0x00, 0x00, 0x07, 0xd0,
    0x00, 0x00, 0x00, 0x7d, 0x00, 0x00,

    /* U+00DE "Þ" */
    0x1f, 0x40, 0x00, 0x01, 0xf4, 0x00, 0x00, 0x1f,
    0xff, 0xe8, 0x01, 0xf7, 0x25, 0xe8, 0x1f, 0x40,
    0x08, 0xc1, 0xf4, 0x02, 0xc9, 0x1f, 0xff, 0xfc,
    0x11, 0xf7, 0x21, 0x00, 0x1f, 0x40, 0x00, 0x00,

    /* U+00DF "ß" */
    0x02, 0xcf, 0xe6, 0x00, 0xdc, 0x48, 0xf3, 0x0f,
    0x40, 0x0f, 0x50, 0xf4, 0x05, 0xf1, 0x0f, 0x4a,
    0xf9, 0x00, 0xf4, 0x24, 0xda, 0x0f, 0x40, 0x06,
    0xe0, 0xf4, 0x23, 0xcc, 0x0f, 0x4b, 0xfc, 0x20,

    /* U+00E0 "à" */
    0x01, 0xc2, 0x00, 0x00, 0x79, 0x00, 0x00, 0x00,
    0x00, 0x05, 0xdf, 0xc2, 0x1e, 0x62, 0xac, 0x00,
    0x02, 0x9f, 0x0a, 0xfd, 0xcf, 0x6e, 0x10, 0x6f,
    0x6e, 0x33, 0xdf, 0x0a, 0xfd, 0x7f,

    /* U+00E1 "á" */
    0x00, 0x07, 0x90, 0x00, 0x0e, 0x20, 0x00, 0x00,
    0x00, 0x05, 0xdf, 0xc2, 0x1e, 0x62, 0xac, 0x00,
    0x02, 0x9f, 0x0a, 0xfd, 0xcf, 0x6e, 0x10, 0x6f,
    0x6e, 0x33, 0xdf, 0x0a, 0xfd, 0x7f,

    /* U+00E2 "â" */
    0x00, 0x9f, 0x40, 0x05, 0xc3, 0xe1, 0x00, 0x00,
    0x00, 0x05, 0xdf, 0xc2, 0x1e, 0x62, 0xac, 0x00,
    0x02, 0x9f, 0x0a, 0xfd, 0xcf, 0x6e, 0x10, 0x6f,
    0x6e, 0x33, 0xdf, 0x0a, 0xfd, 0x7f,

    /* U+00E3 "ã" */
    0x03, 0xdd, 0xb0, 0x00, 0x00, 0x00, 0x05, 0xdf,
    0xc2, 0x1e, 0x62, 0xac, 0x00, 0x02, 0x9f, 0x0a,
    0xfd, 0xcf, 0x6e, 0x10, 0x6f, 0x6e, 0x33, 0xdf,
    0x0a, 0xfd, 0x7f,

    /* U+00E4 "ä" */
    0x07, 0xa1, 0xe3, 0x03, 0x40, 0x71, 0x05, 0xdf,
    0xc2, 0x1e, 0x62, 0xac, 0x00, 0x02, 0x9f, 0x0a,
    0xfd, 0xcf, 0x6e, 0x10, 0x6f, 0x6e, 0x33, 0xdf,
    0x0a, 0xfd, 0x7f,

    /* U+00E5 "å" */
    0x00, 0x8c, 0x30, 0x02, 0xc1, 0xc0, 0x02, 0xc1,
    0xc0, 0x00, 0x7c, 0x40, 0x05, 0xdf, 0xc2, 0x1e,
    0x62, 0xac, 0x00, 0x02, 0x9f, 0x0a, 0xfd, 0xcf,
    0x6e, 0x10, 0x6f, 0x6e, 0x33, 0xdf, 0x0a, 0xfd,
    0x7f,

    /* U+00E6 "æ" */
    0x05, 0xdf, 0xb4, 0xcf, 0xc3, 0x01, 0xf7, 0x2a,
    0xf8, 0x29, 0xe0, 0x00, 0x00, 0x5f, 0x00, 0x0f,
    0x50, 0x7c, 0xef, 0xfe, 0xee, 0xf6, 0x5e, 0x41,
    0x8f, 0x11, 0x11, 0x06, 0xe4, 0x4e, 0xf9, 0x36,
    0xe1, 0x0a, 0xfe, 0x73, 0xcf, 0xd5, 0x00,

    /* U+00E7 "ç" */
    0x02, 0xcf, 0xd5, 0x00, 0xea, 0x27, 0xf2, 0x4f,
    0x10, 0x03, 0x06, 0xe0, 0x00, 0x00, 0x4f, 0x10,
    0x03, 0x00, 0xea, 0x27, 0xf2, 0x02, 0xcf, 0xd5,
    0x00, 0x00, 0xb6, 0x00, 0x00, 0x00, 0xd0, 0x00,
    0x00, 0xab, 0x00,

    /* U+00E8 "è" */
    0x00, 0xa5, 0x00, 0x00, 0x03, 0xd0, 0x00, 0x00,
    0x00, 0x00, 0x00, 0x2c, 0xfc, 0x30, 0x0e, 0x92,
    0x8f, 0x14, 0xf0, 0x00, 0xe6, 0x6f, 0xee, 0xef,
    0x75, 0xf2, 0x11, 0x10, 0x0e, 0xa3, 0x5d, 0x20,
    0x3c, 0xfd, 0x60,

    /* U+00E9 "é" */
    0x00, 0x04, 0xb0, 0x00, 0x00, 0xc5, 0x00, 0x00,
    0x00, 0x00, 0x00, 0x2c, 0xfc, 0x30, 0x0e, 0x92,
    0x8f, 0x14, 0xf0, 0x00, 0xe6, 0x6f, 0xee, 0xef,
    0x75, 0xf2, 0x11, 0x10, 0x0e, 0xa3, 0x5d, 0x20,
    0x3c, 0xfd, 0x60,

    /* U+00EA "ê" */
    0x00, 0x6f, 0x70, 0x00, 0x3e, 0x2d, 0x30, 0x00,
    0x00, 0x00, 0x00, 0x2c, 0xfc, 0x30, 0x0e, 0x92,
    0x8f, 0x14, 0xf0, 0x00, 0xe6, 0x6f, 0xee, 0xef,
    0x75, 0xf2, 0x11, 0x10, 0x0e, 0xa3, 0x5d, 0x20,
    0x3c, 0xfd, 0x60,

    /* U+00EB "ë" */
    0x04, 0xd0, 0xb6, 0x00, 0x16, 0x05, 0x20, 0x02,
    0xcf, 0xc3, 0x00, 0xe9, 0x28, 0xf1, 0x4f, 0x00,
    0x0e, 0x66, 0xfe, 0xee, 0xf7, 0x5f, 0x21, 0x11,
    0x00, 0xea, 0x35, 0xd2, 0x03, 0xcf, 0xd6, 0x00,

    /* U+00EC "ì" */
    0x0b, 0x50, 0x04, 0xc0, 0x00, 0x00, 0x02, 0xf2,
    0x02, 0xf2, 0x02, 0xf2, 0x02, 0xf2, 0x02, 0xf2,
    0x02, 0xf2, 0x02, 0xf2,

    /* U+00ED "í" */
    0x05, 0xb0, 0x0c, 0x40, 0x00, 0x00, 0x2f, 0x20,
    0x2f, 0x20, 0x2f, 0x20, 0x2f, 0x20, 0x2f, 0x20,
    0x2f, 0x20, 0x2f, 0x20,

    /* U+00EE "î" */
    0x02, 0x82, 0x02, 0xd5, 0xd2, 0x00, 0x00, 0x00,
    0x2f, 0x20, 0x02, 0xf2, 0x00, 0x2f, 0x20, 0x02,
    0xf2, 0x00, 0x2f, 0x20, 0x02, 0xf2, 0x00, 0x2f,
    0x20,

    /* U+00EF "ï" */
    0x5d, 0x0c, 0x52, 0x60, 0x62, 0x02, 0xf2, 0x00,
    0x2f, 0x20, 0x02, 0xf2, 0x00, 0x2f, 0x20, 0x02,
    0xf2, 0x00, 0x2f, 0x20, 0x02, 0xf2, 0x00,

    /* U+00F0 "ð" */
    0x00, 0x10, 0x00, 0x00, 0x1d, 0x88, 0x70, 0x00,
    0x9f, 0xd0, 0x00, 0x15, 0x0c, 0x50, 0x03, 0xde,
    0xad, 0x00, 0xe8, 0x07, 0xf4, 0x5f, 0x00, 0x0e,
    0x76, 0xd0, 0x00, 0xc7, 0x4f, 0x00, 0x0e, 0x50,
    0xe9, 0x28, 0xe0, 0x03, 0xcf, 0xc3, 0x00,

    /* U+00F1 "ñ" */
    0x00, 0xcd, 0xc3, 0x00, 0x00, 0x00, 0x00, 0x2f,
    0x6e, 0xf8, 0x02, 0xfb, 0x27, 0xf2, 0x2f, 0x30,
    0x0f, 0x52, 0xf2, 0x00, 0xf5, 0x2f, 0x20, 0x0f,
    0x52, 0xf2, 0x00, 0xf5, 0x2f, 0x20, 0x0f, 0x50,

    /* U+00F2 "ò" */
    0x00, 0xa6, 0x00, 0x00, 0x03, 0xd0, 0x00, 0x00,
    0x00, 0x00, 0x00, 0x2c, 0xfd, 0x50, 0x0e, 0xa2,
    0x7f, 0x34, 0xf1, 0x00, 0xd8, 0x6e, 0x00, 0x0a,
    0xa4, 0xf1, 0x00, 0xc8, 0x0e, 0xa2, 0x7f, 0x30,
    0x2c, 0xfd, 0x50,

    /* U+00F3 "ó" */
    0x00, 0x03, 0xc0, 0x00, 0x00, 0xa6, 0x00, 0x00,
    0x00, 0x00, 0x00, 0x2c, 0xfd, 0x50, 0x0e, 0xa2,
    0x7f, 0x34, 0xf1, 0x00, 0xd8, 0x6e, 0x00, 0x0a,
    0xa4, 0xf1, 0x00, 0xc8, 0x0e, 0xa2, 0x7f, 0x30,
    0x2c, 0xfd, 0x50,

    /* U+00F4 "ô" */
    0x00, 0x5f, 0x80, 0x00, 0x2e, 0x3d, 0x40, 0x00,
    0x00, 0x00, 0x00, 0x2c, 0xfd, 0x50, 0x0e, 0xa2,
    0x7f, 0x34, 0xf1, 0x00, 0xd8, 0x6e, 0x00, 0x0a,
    0xa4, 0xf1, 0x00, 0xc8, 0x0e, 0xa2, 0x7f, 0x30,
    0x2c, 0xfd, 0x50,

    /* U+00F5 "õ" */
    0x00, 0xbd, 0xc3, 0x00, 0x00, 0x00, 0x00, 0x02,
    0xcf, 0xd5, 0x00, 0xea, 0x27, 0xf3, 0x4f, 0x10,
    0x0d, 0x86, 0xe0, 0x00, 0xaa, 0x4f, 0x10, 0x0c,
    0x80, 0xea, 0x27, 0xf3, 0x02, 0xcf, 0xd5, 0x00,

    /* U+00F6 "ö" */
    0x03, 0xd0, 0xb7, 0x00, 0x17, 0x05, 0x30, 0x02,
    0xcf, 0xd5, 0x00, 0xea, 0x27, 0xf3, 0x4f, 0x10,
    0x0d, 0x86, 0xe0, 0x00, 0xaa, 0x4f, 0x10, 0x0c,
    0x80, 0xea, 0x27, 0xf3, 0x02, 0xcf, 0xd5, 0x00,

    /* U+00F7 "÷" */
    0x00, 0xaa, 0x00, 0x00, 0x77, 0x00, 0x00, 0x00,
    0x00, 0xdf, 0xff, 0xfd, 0x23, 0x33, 0x32, 0x00,
    0xaa, 0x00, 0x00, 0x77, 0x00,

    /* U+00F8 "ø" */
    0x00, 0x00, 0x00, 0x00, 0x2c, 0xfd, 0xc8, 0x0e,
    0xa2, 0xcf, 0x34, 0xf1, 0x2d, 0xe8, 0x6e, 0x0c,
    0x3a, 0xa4, 0xfc, 0x60, 0xc8, 0x0f, 0xf2, 0x7f,
    0x34, 0xec, 0xfd, 0x50, 0x00, 0x00, 0x00, 0x00,

    /* U+00F9 "ù" */
    0x00, 0xa6, 0x00, 0x00, 0x03, 0xd0, 0x00, 0x00,
    0x00, 0x00, 0x02, 0xf2, 0x00, 0xf5, 0x2f, 0x20,
    0x0f, 0x52, 0xf2, 0x00, 0xf5, 0x2f, 0x20, 0x0f,
    0x51, 0xf3, 0x00, 0xf5, 0x0e, 0xb3, 0x9f, 0x50,
    0x5e, 0xe6, 0xe5,

    /* U+00FA "ú" */
    0x00, 0x03, 0xc0, 0x00, 0x00, 0xb6, 0x00, 0x00,
    0x00, 0x00, 0x02, 0xf2, 0x00, 0xf5, 0x2f, 0x20,
    0x0f, 0x52, 0xf2, 0x00, 0xf5, 0x2f, 0x20, 0x0f,
    0x51, 0xf3, 0x00, 0xf5, 0x0e, 0xb3, 0x9f, 0x50,
    0x5e, 0xe6, 0xe5,

    /* U+00FB "û" */
    0x00, 0x17, 0x30, 0x00, 0x1d, 0x5d, 0x30, 0x00,
    0x00, 0x00, 0x02, 0xf2, 0x00, 0xf5, 0x2f, 0x20,
    0x0f, 0x52, 0xf2, 0x00, 0xf5, 0x2f, 0x20, 0x0f,
    0x51, 0xf3, 0x00, 0xf5, 0x0e, 0xb3, 0x9f, 0x50,
    0x5e, 0xe6, 0xe5,

    /* U+00FC "ü" */
    0x03, 0xd0, 0xb7, 0x00, 0x17, 0x05, 0x30, 0x2f,
    0x20, 0x0f, 0x52, 0xf2, 0x00, 0xf5, 0x2f, 0x20,
    0x0f, 0x52, 0xf2, 0x00, 0xf5, 0x1f, 0x30, 0x0f,
    0x50, 0xeb, 0x39, 0xf5, 0x05, 0xee, 0x6e, 0x50,

    /* U+00FD "ý" */
    0x00, 0x07, 0xc0, 0x00, 0x00, 0xb2, 0x00, 0x9d,
    0x00, 0x0e, 0x73, 0xf2, 0x03, 0xf1, 0x0d, 0x70,
    0x8c, 0x00, 0x8c, 0x0d, 0x60, 0x03, 0xf3, 0xf1,
    0x00, 0x0d, 0xbb, 0x00, 0x00, 0x8f, 0x60, 0x00,
    0x05, 0xf1, 0x00, 0x03, 0xca, 0x00, 0x01, 0xfc,
    0x10, 0x00,

    /* U+00FE "þ" */
    0x2f, 0x20, 0x00, 0x02, 0xf2, 0x00, 0x00, 0x2f,
    0x6d, 0xf8, 0x02, 0xfc, 0x35, 0xf6, 0x2f, 0x40,
    0x0a, 0xb2, 0xf2, 0x00, 0x8d, 0x2f, 0x50, 0x0a,
    0xb2, 0xfc, 0x35, 0xf6, 0x2f, 0x6d, 0xf8, 0x02,
    0xf2, 0x00, 0x00, 0x2f, 0x20, 0x00, 0x02, 0xf2,
    0x00, 0x00,

    /* U+00FF "ÿ" */
    0x05, 0xc0, 0xd4, 0x00, 0x26, 0x06, 0x10, 0x9d,
    0x00, 0x0e, 0x73, 0xf2, 0x03, 0xf1, 0x0d, 0x70,
    0x8c, 0x00, 0x8c, 0x0d, 0x60, 0x03, 0xf3, 0xf1,
    0x00, 0x0d, 0xbb, 0x00, 0x00, 0x8f, 0x60, 0x00,
    0x05, 0xf1, 0x00, 0x03, 0xca, 0x00, 0x01, 0xfc,
    0x10, 0x00,

    /* U+0100 "Ā" */
    0x00, 0x6f, 0xfd, 0x00, 0x00, 0x00, 0x00, 0x00,
    0x00, 0x00, 0x00, 0x00, 0x00, 0x00, 0x00, 0xcf,
    0x30, 0x00, 0x00, 0x1f, 0xc9, 0x00, 0x00, 0x07,
    0xd6, 0xe0, 0x00, 0x00, 0xc8, 0x1f, 0x40, 0x00,
    0x2f, 0x30, 0xc9, 0x00, 0x08, 0xff, 0xff, 0xf0,
    0x00, 0xdb, 0x22, 0x4f, 0x50, 0x3f, 0x30, 0x00,
    0xba, 0x08, 0xe0, 0x00, 0x06, 0xf0,

    /* U+0101 "ā" */
    0x04, 0xff, 0xf0, 0x00, 0x00, 0x00, 0x05, 0xdf,
    0xc2, 0x1e, 0x62, 0xac, 0x00, 0x02, 0x9f, 0x0a,
    0xfd, 0xcf, 0x6e, 0x10, 0x6f, 0x6e, 0x33, 0xdf,
    0x0a, 0xfd, 0x7f,

    /* U+0102 "Ă" */
    0x00, 0x77, 0x0d, 0x00, 0x00, 0x00, 0xac, 0x50,
    0x00, 0x00, 0x00, 0x00, 0x00, 0x00, 0x00, 0xcf,
    0x30, 0x00, 0x00, 0x1f, 0xc9, 0x00, 0x00, 0x07,
    0xd6, 0xe0, 0x00, 0x00, 0xc8, 0x1f, 0x40, 0x00,
    0x2f, 0x30, 0xc9, 0x00, 0x08, 0xff, 0xff, 0xf0,
    0x00, 0xdb, 0x22, 0x4f, 0x50, 0x3f, 0x30, 0x00,
    0xba, 0x08, 0xe0, 0x00, 0x06, 0xf0,

    /* U+0103 "ă" */
    0x04, 0x70, 0xa0, 0x00, 0xad, 0x60, 0x00, 0x00,
    0x00, 0x05, 0xdf, 0xc2, 0x1e, 0x62, 0xac, 0x00,
    0x02, 0x9f, 0x0a, 0xfd, 0xcf, 0x6e, 0x10, 0x6f,
    0x6e, 0x33, 0xdf, 0x0a, 0xfd, 0x7f,

    /* U+0104 "Ą" */
    0x00, 0x0c, 0xf3, 0x00, 0x00, 0x01, 0xfc, 0x90,
    0x00, 0x00, 0x7d, 0x6e, 0x00, 0x00, 0x0c, 0x81,
    0xf4, 0x00, 0x02, 0xf3, 0x0c, 0x90, 0x00, 0x7e,
    0x00, 0x6f, 0x00, 0x0d, 0xff, 0xff, 0xf5, 0x03,
    0xf6, 0x22, 0x2d, 0xa0, 0x8e, 0x00, 0x00, 0x6f,
    0x00, 0x00, 0x00, 0x09, 0xa0, 0x00, 0x00, 0x00,
    0xf5, 0x00, 0x00, 0x00, 0x0a, 0xf5,

    /* U+0105 "ą" */
    0x05, 0xdf, 0xc2, 0x01, 0xe6, 0x2a, 0xc0, 0x00,
    0x02, 0x9f, 0x00, 0xaf, 0xdc, 0xf0, 0x6e, 0x10,
    0x6f, 0x06, 0xe3, 0x3d, 0xf0, 0x0a, 0xfd, 0x9f,
    0x00, 0x00, 0x0d, 0x50, 0x00, 0x03, 0xf1, 0x00,
    0x00, 0x0c, 0xf2,

    /* U+0106 "Ć" */
    0x00, 0x00, 0x5d, 0x00, 0x00, 0x00, 0x09, 0x40,
    0x00, 0x00, 0x00, 0x00, 0x00, 0x00, 0x05, 0xdf,
    0xd7, 0x00, 0x06, 0xf9, 0x57, 0xf8, 0x00, 0xf8,
    0x00, 0x05, 0xf0, 0x3f, 0x10, 0x00, 0x00, 0x05,
    0xf0, 0x00, 0x00, 0x00, 0x3f, 0x10, 0x00, 0x00,
    0x00, 0xf7, 0x00, 0x05, 0xf0, 0x06, 0xf9, 0x57,
    0xf8, 0x00, 0x05, 0xdf, 0xd7, 0x00,

    /* U+0107 "ć" */
    0x00, 0x03, 0xc0, 0x00, 0x00, 0xa6, 0x00, 0x00,
    0x00, 0x00, 0x00, 0x2c, 0xfd, 0x50, 0x0e, 0xa2,
    0x7f, 0x24, 0xf1, 0x00, 0x30, 0x6e, 0x00, 0x00,
    0x04, 0xf1, 0x00, 0x30, 0x0e, 0xa2, 0x7f, 0x20,
    0x2c, 0xfd, 0x50,

    /* U+0108 "Ĉ" */
    0x00, 0x07, 0xda, 0x00, 0x00, 0x01, 0x70, 0x63,
    0x00, 0x00, 0x00, 0x00, 0x00, 0x00, 0x05, 0xdf,
    0xd7, 0x00, 0x06, 0xf9, 0x57, 0xf8, 0x00, 0xf8,
    0x00, 0x05, 0xf0, 0x3f, 0x10, 0x00, 0x00, 0x05,
    0xf0, 0x00, 0x00, 0x00, 0x3f, 0x10, 0x00, 0x00,
    0x00, 0xf7, 0x00, 0x05, 0xf0, 0x06, 0xf9, 0x57,
    0xf8, 0x00, 0x05, 0xdf, 0xd7, 0x00,

    /* U+0109 "ĉ" */
    0x00, 0x5f, 0x80, 0x00, 0x2e, 0x3d, 0x40, 0x00,
    0x00, 0x00, 0x00, 0x2c, 0xfd, 0x50, 0x0e, 0xa2,
    0x7f, 0x24, 0xf1, 0x00, 0x30, 0x6e, 0x00, 0x00,
    0x04, 0xf1, 0x00, 0x30, 0x0e, 0xa2, 0x7f, 0x20,
    0x2c, 0xfd, 0x50,

    /* U+010A "Ċ" */
    0x00, 0x01, 0xe3, 0x00, 0x00, 0x00, 0x08, 0x10,
    0x00, 0x00, 0x00, 0x00, 0x00, 0x00, 0x05, 0xdf,
    0xd7, 0x00, 0x06, 0xf9, 0x57, 0xf8, 0x00, 0xf8,
    0x00, 0x05, 0xf0, 0x3f, 0x10, 0x00, 0x00, 0x05,
    0xf0, 0x00, 0x00, 0x00, 0x3f, 0x10, 0x00, 0x00,
    0x00, 0xf7, 0x00, 0x05, 0xf0, 0x06, 0xf9, 0x57,
    0xf8, 0x00, 0x05, 0xdf, 0xd7, 0x00,

    /* U+010B "ċ" */
    0x00, 0x1e, 0x40, 0x00, 0x00, 0x71, 0x00, 0x02,
    0xcf, 0xd5, 0x00, 0xea, 0x27, 0xf2, 0x4f, 0x10,
    0x03, 0x06, 0xe0, 0x00, 0x00, 0x4f, 0x10, 0x03,
    0x00, 0xea, 0x27, 0xf2, 0x02, 0xcf, 0xd5, 0x00,

    /* U+010C "Č" */
    0x00, 0x1d, 0x5d, 0x30, 0x00, 0x00, 0x17, 0x30,
    0x00, 0x00, 0x00, 0x00, 0x00, 0x00, 0x05, 0xdf,
    0xd7, 0x00, 0x06, 0xf9, 0x57, 0xf8, 0x00, 0xf8,
    0x00, 0x05, 0xf0, 0x3f, 0x10, 0x00, 0x00, 0x05,
    0xf0, 0x00, 0x00, 0x00, 0x3f, 0x10, 0x00, 0x00,
    0x00, 0xf7, 0x00, 0x05, 0xf0, 0x06, 0xf9, 0x57,
    0xf8, 0x00, 0x05, 0xdf, 0xd7, 0x00,

    /* U+010D "č" */
    0x01, 0xe3, 0xd5, 0x00, 0x05, 0xf8, 0x00, 0x00,
    0x00, 0x00, 0x00, 0x2c, 0xfd, 0x50, 0x0e, 0xa2,
    0x7f, 0x24, 0xf1, 0x00, 0x30, 0x6e, 0x00, 0x00,
    0x04, 0xf1, 0x00, 0x30, 0x0e, 0xa2, 0x7f, 0x20,
    0x2c, 0xfd, 0x50,

    /* U+010E "Ď" */
    0x02, 0xe3, 0xd4, 0x00, 0x00, 0x5f, 0x80, 0x00,
    0x00, 0x00, 0x00, 0x00, 0x0f, 0xff, 0xeb, 0x20,
    0x0f, 0x83, 0x5b, 0xf2, 0x0f, 0x40, 0x00, 0xca,
    0x0f, 0x40, 0x00, 0x6e, 0x0f, 0x40, 0x00, 0x5f,
    0x0f, 0x40, 0x00, 0x6e, 0x0f, 0x40, 0x00, 0xca,
    0x0f, 0x83, 0x5b, 0xf2, 0x0f, 0xff, 0xeb, 0x20,

    /* U+010F "ď" */
    0x00, 0x00, 0x00, 0x0a, 0x60, 0x00, 0x00, 0xb8,
    0xa4, 0x00, 0x00, 0x0b, 0x83, 0x10, 0x4d, 0xf9,
    0xb8, 0x00, 0x1e, 0xa2, 0x8f, 0x80, 0x05, 0xf0,
    0x00, 0xe8, 0x00, 0x6e, 0x00, 0x0c, 0x80, 0x05,
    0xf1, 0x00, 0xe8, 0x00, 0x1e, 0xa3, 0x8f, 0x80,
    0x00, 0x3d, 0xf8, 0xb8, 0x00,

    /* U+0110 "Đ" */
    0x0e, 0xff, 0xfc, 0x50, 0x00, 0xdc, 0x34, 0x9f,
    0x50, 0x0c, 0x90, 0x00, 0x8e, 0x00, 0xc9, 0x00,
    0x02, 0xf2, 0xcf, 0xfe, 0xa0, 0x1f, 0x31, 0xea,
    0x11, 0x02, 0xf2, 0x0c, 0x90, 0x00, 0x8e, 0x00,
    0xcc, 0x34, 0x9f, 0x50, 0x0e, 0xff, 0xfc, 0x40,
    0x00,

    /* U+0111 "đ" */
    0x00, 0x08, 0xff, 0xf5, 0x00, 0x00, 0x0b, 0x80,
    0x04, 0xdf, 0x9b, 0x80, 0x1e, 0xa2, 0x8f, 0x80,
    0x5f, 0x00, 0x0e, 0x80, 0x6e, 0x00, 0x0c, 0x80,
    0x5f, 0x10, 0x0e, 0x80, 0x1e, 0xa3, 0x8f, 0x80,
    0x03, 0xdf, 0x8b, 0x80,

    /* U+0112 "Ē" */
    0x00, 0xef, 0xf6, 0x00, 0x00, 0x00, 0x00, 0x00,
    0x00, 0x00, 0x00, 0xff, 0xff, 0xf7, 0x0f, 0x73,
    0x33, 0x10, 0xf4, 0x00, 0x00, 0x0f, 0x40, 0x00,
    0x00, 0xff, 0xff, 0xf2, 0x0f, 0x63, 0x33, 0x00,
    0xf4, 0x00, 0x00, 0x0f, 0x73, 0x33, 0x10, 0xff,
    0xff, 0xf8,

    /* U+0113 "ē" */
    0x01, 0xff, 0xf3, 0x00, 0x00, 0x00, 0x00, 0x02,
    0xcf, 0xc3, 0x00, 0xe9, 0x28, 0xf1, 0x4f, 0x00,
    0x0e, 0x66, 0xfe, 0xee, 0xf7, 0x5f, 0x21, 0x11,
    0x00, 0xea, 0x35, 0xd2, 0x03, 0xcf, 0xd6, 0x00,

    /* U+0114 "Ĕ" */
    0x00, 0xd0, 0x76, 0x00, 0x05, 0xca, 0x00, 0x00,
    0x00, 0x00, 0x00, 0xff, 0xff, 0xf7, 0x0f, 0x73,
    0x33, 0x10, 0xf4, 0x00, 0x00, 0x0f, 0x40, 0x00,
    0x00, 0xff, 0xff, 0xf2, 0x0f, 0x63, 0x33, 0x00,
    0xf4, 0x00, 0x00, 0x0f, 0x73, 0x33, 0x10, 0xff,
    0xff, 0xf8,

    /* U+0115 "ĕ" */
    0x02, 0xc0, 0xa3, 0x00, 0x07, 0xd8, 0x00, 0x00,
    0x00, 0x00, 0x00, 0x2c, 0xfc, 0x30, 0x0e, 0x92,
    0x8f, 0x14, 0xf0, 0x00, 0xe6, 0x6f, 0xee, 0xef,
    0x75, 0xf2, 0x11, 0x10, 0x0e, 0xa3, 0x5d, 0x20,
    0x3c, 0xfd, 0x60,

    /* U+0116 "Ė" */
    0x00, 0x0d, 0x50, 0x00, 0x00, 0x72, 0x00, 0x00,
    0x00, 0x00, 0x00, 0xff, 0xff, 0xf7, 0x0f, 0x73,
    0x33, 0x10, 0xf4, 0x00, 0x00, 0x0f, 0x40, 0x00,
    0x00, 0xff, 0xff, 0xf2, 0x0f, 0x63, 0x33, 0x00,
    0xf4, 0x00, 0x00, 0x0f, 0x73, 0x33, 0x10, 0xff,
    0xff, 0xf8,

    /* U+0117 "ė" */
    0x00, 0x1e, 0x30, 0x00, 0x00, 0x81, 0x00, 0x02,
    0xcf, 0xc3, 0x00, 0xe9, 0x28, 0xf1, 0x4f, 0x00,
    0x0e, 0x66, 0xfe, 0xee, 0xf7, 0x5f, 0x21, 0x11,
    0x00, 0xea, 0x35, 0xd2, 0x03, 0xcf, 0xd6, 0x00,

    /* U+0118 "Ę" */
    0x0f, 0xff, 0xff, 0x70, 0xf7, 0x33, 0x31, 0x0f,
    0x40, 0x00, 0x00, 0xf4, 0x00, 0x00, 0x0f, 0xff,
    0xff, 0x20, 0xf6, 0x33, 0x30, 0x0f, 0x40, 0x00,
    0x00, 0xf7, 0x33, 0x31, 0x0f, 0xff, 0xff, 0x80,
    0x00, 0x04, 0xd1, 0x00, 0x00, 0x99, 0x00, 0x00,
    0x05, 0xfa,

    /* U+0119 "ę" */
    0x02, 0xcf, 0xc3, 0x00, 0xe9, 0x28, 0xf1, 0x4f,
    0x00, 0x0e, 0x66, 0xfe, 0xee, 0xf7, 0x5f, 0x21,
    0x11, 0x00, 0xea, 0x35, 0xf4, 0x03, 0xcf, 0xff,
    0x00, 0x00, 0x0d, 0x60, 0x00, 0x02, 0xf2, 0x00,
    0x00, 0x0c, 0xf2,

    /* U+011A "Ě" */
    0x01, 0xd4, 0xc6, 0x00, 0x03, 0xfa, 0x00, 0x00,
    0x00, 0x00, 0x00, 0xff, 0xff, 0xf7, 0x0f, 0x73,
    0x33, 0x10, 0xf4, 0x00, 0x00, 0x0f, 0x40, 0x00,
    0x00, 0xff, 0xff, 0xf2, 0x0f, 0x63, 0x33, 0x00,
    0xf4, 0x00, 0x00, 0x0f, 0x73, 0x33, 0x10, 0xff,
    0xff, 0xf8,

    /* U+011B "ě" */
    0x02, 0xe2, 0xe4, 0x00, 0x06, 0xf7, 0x00, 0x00,
    0x00, 0x00, 0x00, 0x2c, 0xfc, 0x30, 0x0e, 0x92,
    0x8f, 0x14, 0xf0, 0x00, 0xe6, 0x6f, 0xee, 0xef,
    0x75, 0xf2, 0x11, 0x10, 0x0e, 0xa3, 0x5d, 0x20,
    0x3c, 0xfd, 0x60,

    /* U+011C "Ĝ" */
    0x00, 0x08, 0xd9, 0x00, 0x00, 0x02, 0x70, 0x62,
    0x00, 0x00, 0x00, 0x00, 0x00, 0x00, 0x05, 0xdf,
    0xd7, 0x00, 0x06, 0xf8, 0x57, 0xea, 0x00, 0xf7,
    0x00, 0x04, 0xb0, 0x3f, 0x10, 0x00, 0x00, 0x05,
    0xf0, 0x02, 0xff, 0xf4, 0x3f, 0x10, 0x02, 0x3f,
    0x30, 0xf7, 0x00, 0x06, 0xf1, 0x06, 0xf9, 0x57,
    0xf9, 0x00, 0x05, 0xdf, 0xe7, 0x00,

    /* U+011D "ĝ" */
    0x00, 0x17, 0x20, 0x00, 0x0b, 0xad, 0x00, 0x02,
    0x70, 0x53, 0x00, 0x3d, 0xf9, 0xb9, 0x0e, 0xa2,
    0x8f, 0x95, 0xf1, 0x00, 0xe9, 0x6e, 0x00, 0x0b,
    0x95, 0xf0, 0x00, 0xd9, 0x1f, 0xa2, 0x7f, 0x90,
    0x4d, 0xf9, 0xb9, 0x00, 0x00, 0x0c, 0x80, 0xd7,
    0x25, 0xf4, 0x04, 0xdf, 0xe7, 0x00,

    /* U+011E "Ğ" */
    0x00, 0x2c, 0x0a, 0x30, 0x00, 0x00, 0x7d, 0x80,
    0x00, 0x00, 0x00, 0x00, 0x00, 0x00, 0x05, 0xdf,
    0xd7, 0x00, 0x06, 0xf8, 0x57, 0xea, 0x00, 0xf7,
    0x00, 0x04, 0xb0, 0x3f, 0x10, 0x00, 0x00, 0x05,
    0xf0, 0x02, 0xff, 0xf4, 0x3f, 0x10, 0x02, 0x3f,
    0x30, 0xf7, 0x00, 0x06, 0xf1, 0x06, 0xf9, 0x57,
    0xf9, 0x00, 0x05, 0xdf, 0xe7, 0x00,

    /* U+011F "ğ" */
    0x01, 0x60, 0x42, 0x00, 0x08, 0xda, 0x00, 0x00,
    0x00, 0x00, 0x00, 0x3d, 0xf9, 0xb9, 0x0e, 0xa2,
    0x8f, 0x95, 0xf1, 0x00, 0xe9, 0x6e, 0x00, 0x0b,
    0x95, 0xf0, 0x00, 0xd9, 0x1f, 0xa2, 0x7f, 0x90,
    0x4d, 0xf9, 0xb9, 0x00, 0x00, 0x0c, 0x80, 0xd7,
    0x25, 0xf4, 0x04, 0xdf, 0xe7, 0x00,

    /* U+0120 "Ġ" */
    0x00, 0x01, 0xe3, 0x00, 0x00, 0x00, 0x08, 0x10,
    0x00, 0x00, 0x00, 0x00, 0x00, 0x00, 0x05, 0xdf,
    0xd7, 0x00, 0x06, 0xf8, 0x57, 0xea, 0x00, 0xf7,
    0x00, 0x04, 0xb0, 0x3f, 0x10, 0x00, 0x00, 0x05,
    0xf0, 0x02, 0xff, 0xf4, 0x3f, 0x10, 0x02, 0x3f,
    0x30, 0xf7, 0x00, 0x06, 0xf1, 0x06, 0xf9, 0x57,
    0xf9, 0x00, 0x05, 0xdf, 0xe7, 0x00,

    /* U+0121 "ġ" */
    0x00, 0x1e, 0x30, 0x00, 0x00, 0x81, 0x00, 0x03,
    0xdf, 0x9b, 0x90, 0xea, 0x28, 0xf9, 0x5f, 0x10,
    0x0e, 0x96, 0xe0, 0x00, 0xb9, 0x5f, 0x00, 0x0d,
    0x91, 0xfa, 0x27, 0xf9, 0x04, 0xdf, 0x9b, 0x90,
    0x00, 0x00, 0xc8, 0x0d, 0x72, 0x5f, 0x40, 0x4d,
    0xfe, 0x70,

    /* U+0122 "Ģ" */
    0x00, 0x5d, 0xfd, 0x70, 0x00, 0x6f, 0x85, 0x7e,
    0xa0, 0x0f, 0x70, 0x00, 0x4b, 0x03, 0xf1, 0x00,
    0x00, 0x00, 0x5f, 0x00, 0x2f, 0xff, 0x43, 0xf1,
    0x00, 0x23, 0xf3, 0x0f, 0x70, 0x00, 0x6f, 0x10,
    0x6f, 0x95, 0x7f, 0x90, 0x00, 0x5d, 0xfe, 0x70,
    0x00, 0x00, 0x04, 0x00, 0x00, 0x00, 0x04, 0xe0,
    0x00, 0x00, 0x00, 0x78, 0x00, 0x00,

    /* U+0123 "ģ" */
    0x00, 0x00, 0x00, 0x00, 0x00, 0x96, 0x00, 0x00,
    0x0e, 0x20, 0x00, 0x00, 0x70, 0x00, 0x03, 0xdf,
    0x9b, 0x90, 0xea, 0x28, 0xf9, 0x5f, 0x10, 0x0e,
    0x96, 0xe0, 0x00, 0xb9, 0x5f, 0x00, 0x0d, 0x91,
    0xfa, 0x27, 0xf9, 0x04, 0xdf, 0x9b, 0x90, 0x00,
    0x00, 0xc8, 0x0d, 0x72, 0x5f, 0x40, 0x4d, 0xfe,
    0x70,

    /* U+0124 "Ĥ" */
    0x00, 0x07, 0xf6, 0x00, 0x00, 0x3e, 0x2e, 0x20,
    0x00, 0x00, 0x00, 0x00, 0x0f, 0x40, 0x00, 0x6f,
    0x0f, 0x40, 0x00, 0x6f, 0x0f, 0x40, 0x00, 0x6f,
    0x0f, 0x40, 0x00, 0x6f, 0x0f, 0xff, 0xff, 0xff,
    0x0f, 0x73, 0x33, 0x8f, 0x0f, 0x40, 0x00, 0x6f,
    0x0f, 0x40, 0x00, 0x6f, 0x0f, 0x40, 0x00, 0x6f,

    /* U+0125 "ĥ" */
    0x07, 0xf6, 0x00, 0x00, 0x3e, 0x2e, 0x30, 0x00,
    0x00, 0x00, 0x00, 0x00, 0x02, 0xf2, 0x00, 0x00,
    0x02, 0xf2, 0x00, 0x00, 0x02, 0xf5, 0xdf, 0x80,
    0x02, 0xfb, 0x38, 0xf2, 0x02, 0xf3, 0x00, 0xf5,
    0x02, 0xf2, 0x00, 0xf5, 0x02, 0xf2, 0x00, 0xf5,
    0x02, 0xf2, 0x00, 0xf5, 0x02, 0xf2, 0x00, 0xf5,

    /* U+0126 "Ħ" */
    0x0c, 0x90, 0x00, 0x1f, 0x30, 0xc9, 0x00, 0x01,
    0xf3, 0x7f, 0xff, 0xff, 0xff, 0xf0, 0xc9, 0x00,
    0x01, 0xf3, 0x0c, 0xff, 0xff, 0xff, 0x30, 0xca,
    0x33, 0x34, 0xf3, 0x0c, 0x90, 0x00, 0x1f, 0x30,
    0xc9, 0x00, 0x01, 0xf3, 0x0c, 0x90, 0x00, 0x1f,
    0x30,

    /* U+0127 "ħ" */
    0xff, 0xfe, 0x00, 0x02, 0xf2, 0x00, 0x00, 0x2f,
    0x6d, 0xf8, 0x02, 0xfc, 0x38, 0xf2, 0x2f, 0x30,
    0x0f, 0x52, 0xf2, 0x00, 0xf5, 0x2f, 0x20, 0x0f,
    0x52, 0xf2, 0x00, 0xf5, 0x2f, 0x20, 0x0f, 0x50,

    /* U+0128 "Ĩ" */
    0x0b, 0x96, 0x62, 0xa5, 0xd1, 0x00, 0x00, 0x00,
    0x0f, 0x40, 0x00, 0xf4, 0x00, 0x0f, 0x40, 0x00,
    0xf4, 0x00, 0x0f, 0x40, 0x00, 0xf4, 0x00, 0x0f,
    0x40, 0x00, 0xf4, 0x00, 0x0f, 0x40,

    /* U+0129 "ĩ" */
    0x1c, 0xdc, 0x20, 0x00, 0x00, 0x02, 0xf2, 0x00,
    0x2f, 0x20, 0x02, 0xf2, 0x00, 0x2f, 0x20, 0x02,
    0xf2, 0x00, 0x2f, 0x20, 0x02, 0xf2, 0x00,

    /* U+012A "Ī" */
    0xff, 0xf4, 0x00, 0x00, 0x00, 0x00, 0x0f, 0x40,
    0x0f, 0x40, 0x0f, 0x40, 0x0f, 0x40, 0x0f, 0x40,
    0x0f, 0x40, 0x0f, 0x40, 0x0f, 0x40, 0x0f, 0x40,

    /* U+012B "ī" */
    0x1f, 0xff, 0x20, 0x00, 0x00, 0x02, 0xf2, 0x00,
    0x2f, 0x20, 0x02, 0xf2, 0x00, 0x2f, 0x20, 0x02,
    0xf2, 0x00, 0x2f, 0x20, 0x02, 0xf2, 0x00,

    /* U+012C "Ĭ" */
    0x1d, 0x09, 0x50, 0x6d, 0x90, 0x00, 0x00, 0x00,
    0x0f, 0x40, 0x00, 0xf4, 0x00, 0x0f, 0x40, 0x00,
    0xf4, 0x00, 0x0f, 0x40, 0x00, 0xf4, 0x00, 0x0f,
    0x40, 0x00, 0xf4, 0x00, 0x0f, 0x40,

    /* U+012D "ĭ" */
    0x15, 0x05, 0x10, 0x9d, 0xa0, 0x00, 0x00, 0x00,
    0x2f, 0x20, 0x02, 0xf2, 0x00, 0x2f, 0x20, 0x02,
    0xf2, 0x00, 0x2f, 0x20, 0x02, 0xf2, 0x00, 0x2f,
    0x20,

    /* U+012E "Į" */
    0x0f, 0x40, 0xf4, 0x0f, 0x40, 0xf4, 0x0f, 0x40,
    0xf4, 0x0f, 0x40, 0xf4, 0x0f, 0x47, 0xc0, 0xd6,
    0x08, 0xf7,

    /* U+012F "į" */
    0x02, 0xe2, 0x00, 0x81, 0x02, 0xf2, 0x02, 0xf2,
    0x02, 0xf2, 0x02, 0xf2, 0x02, 0xf2, 0x02, 0xf2,
    0x02, 0xf2, 0x09, 0xa0, 0x0f, 0x40, 0x0a, 0xf5,

    /* U+0130 "İ" */
    0x0e, 0x40, 0x71, 0x00, 0x00, 0xf4, 0x0f, 0x40,
    0xf4, 0x0f, 0x40, 0xf4, 0x0f, 0x40, 0xf4, 0x0f,
    0x40, 0xf4,

    /* U+0131 "ı" */
    0x2f, 0x22, 0xf2, 0x2f, 0x22, 0xf2, 0x2f, 0x22,
    0xf2, 0x2f, 0x20,

    /* U+0132 "Ĳ" */
    0x0f, 0x40, 0x00, 0x02, 0xf3, 0x0f, 0x40, 0x00,
    0x02, 0xf3, 0x0f, 0x40, 0x00, 0x02, 0xf3, 0x0f,
    0x40, 0x00, 0x02, 0xf3, 0x0f, 0x40, 0x00, 0x02,
    0xf3, 0x0f, 0x40, 0x20, 0x02, 0xf3, 0x0f, 0x42,
    0xf2, 0x02, 0xf2, 0x0f, 0x40, 0xe9, 0x19, 0xe0,
    0x0f, 0x40, 0x3c, 0xfc, 0x30,

    /* U+0133 "ĳ" */
    0x2e, 0x22, 0xe3, 0x08, 0x10, 0x81, 0x2f, 0x21,
    0xf3, 0x2f, 0x21, 0xf3, 0x2f, 0x21, 0xf3, 0x2f,
    0x21, 0xf3, 0x2f, 0x21, 0xf3, 0x2f, 0x21, 0xf3,
    0x2f, 0x21, 0xf3, 0x00, 0x01, 0xf2, 0x00, 0x06,
    0xf0, 0x00, 0x2e, 0x70,

    /* U+0134 "Ĵ" */
    0x00, 0x00, 0xcd, 0x50, 0x00, 0x04, 0x51, 0x70,
    0x00, 0x00, 0x00, 0x00, 0x00, 0x00, 0x6f, 0x00,
    0x00, 0x00, 0x6f, 0x00, 0x00, 0x00, 0x6f, 0x00,
    0x00, 0x00, 0x6f, 0x00, 0x00, 0x00, 0x6f, 0x00,
    0x13, 0x00, 0x6f, 0x00, 0x7e, 0x00, 0x6e, 0x00,
    0x3f, 0x74, 0xda, 0x00, 0x06, 0xef, 0xb1, 0x00,

    /* U+0135 "ĵ" */
    0x08, 0xd8, 0x02, 0x70, 0x62, 0x02, 0xf2, 0x00,
    0x2f, 0x20, 0x02, 0xf2, 0x00, 0x2f, 0x20, 0x02,
    0xf2, 0x00, 0x2f, 0x20, 0x02, 0xf2, 0x00, 0x2f,
    0x20, 0x07, 0xf0, 0x03, 0xe6, 0x00,

    /* U+0136 "Ķ" */
    0x0f, 0x40, 0x04, 0xf7, 0x0f, 0x40, 0x2f, 0x90,
    0x0f, 0x41, 0xea, 0x00, 0x0f, 0x5c, 0xe0, 0x00,
    0x0f, 0xdf, 0xe0, 0x00, 0x0f, 0xf2, 0xe8, 0x00,
    0x0f, 0x60, 0x5f, 0x30, 0x0f, 0x40, 0x0a, 0xd0,
    0x0f, 0x40, 0x01, 0xe9, 0x00, 0x02, 0x30, 0x00,
    0x00, 0x0a, 0x80, 0x00, 0x00, 0x0d, 0x20, 0x00,

    /* U+0137 "ķ" */
    0x2f, 0x20, 0x00, 0x02, 0xf2, 0x00, 0x00, 0x2f,
    0x20, 0x9e, 0x12, 0xf2, 0x6f, 0x20, 0x2f, 0x7f,
    0x40, 0x02, 0xff, 0xf2, 0x00, 0x2f, 0x6c, 0xc0,
    0x02, 0xf2, 0x2f, 0x80, 0x2f, 0x20, 0x5f, 0x30,
    0x00, 0x40, 0x00, 0x00, 0x5c, 0x00, 0x00, 0x09,
    0x70, 0x00,

    /* U+0138 "ĸ" */
    0x2f, 0x20, 0x8e, 0x12, 0xf2, 0x3f, 0x40, 0x2f,
    0x3d, 0x70, 0x02, 0xff, 0xf0, 0x00, 0x2f, 0x3e,
    0x70, 0x02, 0xf2, 0x4f, 0x30, 0x2f, 0x20, 0x8e,
    0x10,

    /* U+0139 "Ĺ" */
    0x04, 0xe0, 0x00, 0x00, 0x94, 0x00, 0x00, 0x00,
    0x00, 0x00, 0x00, 0xf4, 0x00, 0x00, 0x0f, 0x40,
    0x00, 0x00, 0xf4, 0x00, 0x00, 0x0f, 0x40, 0x00,
    0x00, 0xf4, 0x00, 0x00, 0x0f, 0x40, 0x00, 0x00,
    0xf4, 0x00, 0x00, 0x0f, 0x73, 0x33, 0x00, 0xff,
    0xff, 0xf4,

    /* U+013A "ĺ" */
    0x06, 0xc0, 0x0b, 0x30, 0x00, 0x00, 0x2f, 0x20,
    0x2f, 0x20, 0x2f, 0x20, 0x2f, 0x20, 0x2f, 0x20,
    0x2f, 0x20, 0x2f, 0x20, 0x2f, 0x20, 0x2f, 0x20,

    /* U+013B "Ļ" */
    0x0f, 0x40, 0x00, 0x00, 0xf4, 0x00, 0x00, 0x0f,
    0x40, 0x00, 0x00, 0xf4, 0x00, 0x00, 0x0f, 0x40,
    0x00, 0x00, 0xf4, 0x00, 0x00, 0x0f, 0x40, 0x00,
    0x00, 0xf7, 0x33, 0x30, 0x0f, 0xff, 0xff, 0x40,
    0x00, 0x40, 0x00, 0x00, 0x3e, 0x00, 0x00, 0x06,
    0x90, 0x00,

    /* U+013C "ļ" */
    0x2f, 0x22, 0xf2, 0x2f, 0x22, 0xf2, 0x2f, 0x22,
    0xf2, 0x2f, 0x22, 0xf2, 0x2f, 0x20, 0x40, 0x4d,
    0x08, 0x80,

    /* U+013D "Ľ" */
    0x00, 0x01, 0x40, 0x00, 0xf4, 0x4c, 0x00, 0x0f,
    0x44, 0xa0, 0x00, 0xf4, 0x00, 0x00, 0x0f, 0x40,
    0x00, 0x00, 0xf4, 0x00, 0x00, 0x0f, 0x40, 0x00,
    0x00, 0xf4, 0x00, 0x00, 0x0f, 0x73, 0x33, 0x00,
    0xff, 0xff, 0xf4,

    /* U+013E "ľ" */
    0x00, 0x05, 0x02, 0xf3, 0xf0, 0x2f, 0x3e, 0x02,
    0xf2, 0x00, 0x2f, 0x20, 0x02, 0xf2, 0x00, 0x2f,
    0x20, 0x02, 0xf2, 0x00, 0x2f, 0x20, 0x02, 0xf2,
    0x00,

    /* U+013F "Ŀ" */
    0x0f, 0x50, 0x00, 0x00, 0xf5, 0x00, 0x00, 0x0f,
    0x50, 0x00, 0x00, 0xf5, 0x6d, 0x00, 0x0f, 0x53,
    0x70, 0x00, 0xf5, 0x00, 0x00, 0x0f, 0x50, 0x00,
    0x00, 0xf7, 0x33, 0x30, 0x0f, 0xff, 0xff, 0x40,

    /* U+0140 "ŀ" */
    0x2f, 0x20, 0x02, 0xf2, 0x00, 0x2f, 0x20, 0x02,
    0xf2, 0xb5, 0x2f, 0x2d, 0x72, 0xf2, 0x00, 0x2f,
    0x20, 0x02, 0xf2, 0x00, 0x2f, 0x20, 0x00,

    /* U+0141 "Ł" */
    0x0a, 0xb0, 0x00, 0x00, 0xab, 0x00, 0x00, 0x0a,
    0xb2, 0x80, 0x00, 0xbf, 0xf7, 0x00, 0x5f, 0xf2,
    0x00, 0x0a, 0xfb, 0x00, 0x00, 0x0a, 0xb0, 0x00,
    0x00, 0xac, 0x33, 0x32, 0x0a, 0xff, 0xff, 0xa0,

    /* U+0142 "ł" */
    0x02, 0xf2, 0x00, 0x2f, 0x20, 0x02, 0xf9, 0x10,
    0x6f, 0xd0, 0x1f, 0xf2, 0x00, 0x2f, 0x20, 0x02,
    0xf2, 0x00, 0x2f, 0x20, 0x02, 0xf2, 0x00,

    /* U+0143 "Ń" */
    0x00, 0x00, 0x6d, 0x00, 0x00, 0x00, 0x0a, 0x30,
    0x00, 0x00, 0x00, 0x00, 0x00, 0x00, 0xfc, 0x00,
    0x04, 0xf1, 0x0f, 0xf6, 0x00, 0x4f, 0x10, 0xf8,
    0xe1, 0x04, 0xf1, 0x0f, 0x5b, 0x90, 0x4f, 0x10,
    0xf5, 0x2f, 0x34, 0xf1, 0x0f, 0x50, 0x8c, 0x4f,
    0x10, 0xf5, 0x00, 0xe9, 0xf1, 0x0f, 0x50, 0x05,
    0xff, 0x10, 0xf5, 0x00, 0x0b, 0xf1,

    /* U+0144 "ń" */
    0x00, 0x03, 0xc0, 0x00, 0x00, 0xb6, 0x00, 0x00,
    0x00, 0x00, 0x02, 0xf6, 0xef, 0x80, 0x2f, 0xb2,
    0x7f, 0x22, 0xf3, 0x00, 0xf5, 0x2f, 0x20, 0x0f,
    0x52, 0xf2, 0x00, 0xf5, 0x2f, 0x20, 0x0f, 0x52,
    0xf2, 0x00, 0xf5,

    /* U+0145 "Ņ" */
    0x0f, 0xc0, 0x00, 0x4f, 0x10, 0xff, 0x60, 0x04,
    0xf1, 0x0f, 0x8e, 0x10, 0x4f, 0x10, 0xf5, 0xb9,
    0x04, 0xf1, 0x0f, 0x52, 0xf3, 0x4f, 0x10, 0xf5,
    0x08, 0xc4, 0xf1, 0x0f, 0x50, 0x0e, 0x9f, 0x10,
    0xf5, 0x00, 0x5f, 0xf1, 0x0f, 0x50, 0x00, 0xbf,
    0x10, 0x00, 0x04, 0x00, 0x00, 0x00, 0x04, 0xe0,
    0x00, 0x00, 0x00, 0x78, 0x00, 0x00,

    /* U+0146 "ņ" */
    0x2f, 0x6e, 0xf8, 0x02, 0xfb, 0x27, 0xf2, 0x2f,
    0x30, 0x0f, 0x52, 0xf2, 0x00, 0xf5, 0x2f, 0x20,
    0x0f, 0x52, 0xf2, 0x00, 0xf5, 0x2f, 0x20, 0x0f,
    0x50, 0x00, 0x40, 0x00, 0x00, 0x3e, 0x00, 0x00,
    0x06, 0x90, 0x00,

    /* U+0147 "Ň" */
    0x00, 0x2e, 0x2e, 0x40, 0x00, 0x00, 0x6f, 0x70,
    0x00, 0x00, 0x00, 0x00, 0x00, 0x00, 0xfc, 0x00,
    0x04, 0xf1, 0x0f, 0xf6, 0x00, 0x4f, 0x10, 0xf8,
    0xe1, 0x04, 0xf1, 0x0f, 0x5b, 0x90, 0x4f, 0x10,
    0xf5, 0x2f, 0x34, 0xf1, 0x0f, 0x50, 0x8c, 0x4f,
    0x10, 0xf5, 0x00, 0xe9, 0xf1, 0x0f, 0x50, 0x05,
    0xff, 0x10, 0xf5, 0x00, 0x0b, 0xf1,

    /* U+0148 "ň" */
    0x01, 0x90, 0x84, 0x00, 0x06, 0xea, 0x00, 0x00,
    0x00, 0x00, 0x02, 0xf6, 0xef, 0x80, 0x2f, 0xb2,
    0x7f, 0x22, 0xf3, 0x00, 0xf5, 0x2f, 0x20, 0x0f,
    0x52, 0xf2, 0x00, 0xf5, 0x2f, 0x20, 0x0f, 0x52,
    0xf2, 0x00, 0xf5,

    /* U+014A "Ŋ" */
    0x0f, 0xc0, 0x00, 0x4f, 0x10, 0xff, 0x60, 0x04,
    0xf1, 0x0f, 0x8e, 0x10, 0x4f, 0x10, 0xf5, 0xb9,
    0x04, 0xf1, 0x0f, 0x52, 0xf3, 0x4f, 0x10, 0xf5,
    0x08, 0xc4, 0xf1, 0x0f, 0x50, 0x0e, 0x9f, 0x10,
    0xf5, 0x00, 0x5f, 0xf1, 0x0f, 0x50, 0x00, 0xef,
    0x30, 0x00, 0x00, 0x02, 0xf2, 0x00, 0x00, 0x01,
    0x6f, 0x10, 0x00, 0x00, 0x6f, 0x90,

    /* U+014B "ŋ" */
    0x2f, 0x6e, 0xf8, 0x02, 0xfb, 0x27, 0xf2, 0x2f,
    0x30, 0x0f, 0x52, 0xf2, 0x00, 0xf5, 0x2f, 0x20,
    0x0f, 0x52, 0xf2, 0x00, 0xf5, 0x2f, 0x20, 0x0f,
    0x50, 0x00, 0x00, 0xf5, 0x00, 0x00, 0x4f, 0x40,
    0x00, 0x3f, 0xb0,

    /* U+014C "Ō" */
    0x00, 0x0f, 0xff, 0x30, 0x00, 0x00, 0x00, 0x00,
    0x00, 0x00, 0x00, 0x00, 0x00, 0x00, 0x05, 0xdf,
    0xd7, 0x00, 0x06, 0xf9, 0x57, 0xf9, 0x00, 0xf8,
    0x00, 0x04, 0xf2, 0x3f, 0x10, 0x00, 0x0e, 0x65,
    0xf0, 0x00, 0x00, 0xc8, 0x3f, 0x10, 0x00, 0x0e,
    0x60, 0xf7, 0x00, 0x04, 0xf2, 0x06, 0xf9, 0x57,
    0xf9, 0x00, 0x05, 0xdf, 0xd7, 0x00,

    /* U+014D "ō" */
    0x00, 0xff, 0xf4, 0x00, 0x00, 0x00, 0x00, 0x02,
    0xcf, 0xd5, 0x00, 0xea, 0x27, 0xf3, 0x4f, 0x10,
    0x0d, 0x86, 0xe0, 0x00, 0xaa, 0x4f, 0x10, 0x0c,
    0x80, 0xea, 0x27, 0xf3, 0x02, 0xcf, 0xd5, 0x00,

    /* U+014E "Ŏ" */
    0x00, 0x1c, 0x09, 0x40, 0x00, 0x00, 0x7d, 0x90,
    0x00, 0x00, 0x00, 0x00, 0x00, 0x00, 0x05, 0xdf,
    0xd7, 0x00, 0x06, 0xf9, 0x57, 0xf9, 0x00, 0xf8,
    0x00, 0x04, 0xf2, 0x3f, 0x10, 0x00, 0x0e, 0x65,
    0xf0, 0x00, 0x00, 0xc8, 0x3f, 0x10, 0x00, 0x0e,
    0x60, 0xf7, 0x00, 0x04, 0xf2, 0x06, 0xf9, 0x57,
    0xf9, 0x00, 0x05, 0xdf, 0xd7, 0x00,

    /* U+014F "ŏ" */
    0x01, 0xc0, 0x94, 0x00, 0x06, 0xd9, 0x00, 0x00,
    0x00, 0x00, 0x00, 0x2c, 0xfd, 0x50, 0x0e, 0xa2,
    0x7f, 0x34, 0xf1, 0x00, 0xd8, 0x6e, 0x00, 0x0a,
    0xa4, 0xf1, 0x00, 0xc8, 0x0e, 0xa2, 0x7f, 0x30,
    0x2c, 0xfd, 0x50,

    /* U+0150 "Ő" */
    0x00, 0x0d, 0x5a, 0x90, 0x00, 0x02, 0xb2, 0xb0,
    0x00, 0x00, 0x00, 0x00, 0x00, 0x00, 0x05, 0xdf,
    0xd7, 0x00, 0x06, 0xf9, 0x57, 0xf9, 0x00, 0xf8,
    0x00, 0x04, 0xf2, 0x3f, 0x10, 0x00, 0x0e, 0x65,
    0xf0, 0x00, 0x00, 0xc8, 0x3f, 0x10, 0x00, 0x0e,
    0x60, 0xf7, 0x00, 0x04, 0xf2, 0x06, 0xf9, 0x57,
    0xf9, 0x00, 0x05, 0xdf, 0xd7, 0x00,

    /* U+0151 "ő" */
    0x00, 0xa5, 0x88, 0x00, 0x2e, 0x2e, 0x10, 0x00,
    0x00, 0x00, 0x00, 0x2c, 0xfd, 0x50, 0x0e, 0xa2,
    0x7f, 0x34, 0xf1, 0x00, 0xd8, 0x6e, 0x00, 0x0a,
    0xa4, 0xf1, 0x00, 0xc8, 0x0e, 0xa2, 0x7f, 0x30,
    0x2c, 0xfd, 0x50,

    /* U+0152 "Œ" */
    0x00, 0x5c, 0xff, 0xff, 0xff, 0xf5, 0x06, 0xf8,
    0x46, 0xf5, 0x33, 0x31, 0x0f, 0x70, 0x02, 0xf2,
    0x00, 0x00, 0x3f, 0x10, 0x02, 0xf2, 0x00, 0x00,
    0x5f, 0x00, 0x02, 0xff, 0xff, 0xf0, 0x3f, 0x10,
    0x02, 0xf5, 0x33, 0x30, 0x0f, 0x70, 0x02, 0xf2,
    0x00, 0x00, 0x06, 0xf8, 0x46, 0xf5, 0x33, 0x31,
    0x00, 0x5d, 0xff, 0xff, 0xff, 0xf6,

    /* U+0153 "œ" */
    0x02, 0xcf, 0xd5, 0x3c, 0xfc, 0x20, 0x0e, 0xa2,
    0x7f, 0xf8, 0x2a, 0xe0, 0x4f, 0x10, 0x0f, 0xf0,
    0x00, 0xf4, 0x6e, 0x00, 0x0f, 0xfe, 0xee, 0xf6,
    0x4f, 0x10, 0x0f, 0xf1, 0x11, 0x10, 0x0e, 0xa2,
    0x7f, 0xf9, 0x36, 0xd1, 0x02, 0xcf, 0xd5, 0x3c,
    0xfd, 0x50,

    /* U+0154 "Ŕ" */
    0x00, 0x01, 0xf2, 0x00, 0x00, 0x06, 0x70, 0x00,
    0x00, 0x00, 0x00, 0x00, 0x0f, 0xff, 0xfb, 0x20,
    0x0f, 0x73, 0x4c, 0xd0, 0x0f, 0x40, 0x04, 0xf1,
    0x0f, 0x40, 0x1a, 0xf0, 0x0f, 0xff, 0xff, 0x50,
    0x0f, 0x73, 0xec, 0x00, 0x0f, 0x40, 0x4f, 0x30,
    0x0f, 0x40, 0x0c, 0xb0, 0x0f, 0x40, 0x04, 0xf3,

    /* U+0155 "ŕ" */
    0x00, 0x4c, 0x00, 0x0b, 0x50, 0x00, 0x00, 0x02,
    0xf7, 0xf6, 0x2f, 0xb3, 0x12, 0xf3, 0x00, 0x2f,
    0x20, 0x02, 0xf2, 0x00, 0x2f, 0x20, 0x02, 0xf2,
    0x00,

    /* U+0156 "Ŗ" */
    0x0f, 0xff, 0xfb, 0x20, 0x0f, 0x73, 0x4c, 0xd0,
    0x0f, 0x40, 0x04, 0xf1, 0x0f, 0x40, 0x1a, 0xf0,
    0x0f, 0xff, 0xff, 0x50, 0x0f, 0x73, 0xec, 0x00,
    0x0f, 0x40, 0x4f, 0x30, 0x0f, 0x40, 0x0c, 0xb0,
    0x0f, 0x40, 0x04, 0xf3, 0x00, 0x03, 0x20, 0x00,
    0x00, 0x0d, 0x50, 0x00, 0x00, 0x0e, 0x00, 0x00,

    /* U+0157 "ŗ" */
    0x00, 0x00, 0x02, 0xf7, 0xf6, 0x2f, 0xb3, 0x12,
    0xf3, 0x00, 0x2f, 0x20, 0x02, 0xf2, 0x00, 0x2f,
    0x20, 0x02, 0xf2, 0x00, 0x04, 0x00, 0x04, 0xd0,
    0x00, 0x88, 0x00, 0x00,

    /* U+0158 "Ř" */
    0x00, 0xc5, 0xa8, 0x00, 0x00, 0x2e, 0xc0, 0x00,
    0x00, 0x00, 0x00, 0x00, 0x0f, 0xff, 0xfb, 0x20,
    0x0f, 0x73, 0x4c, 0xd0, 0x0f, 0x40, 0x04, 0xf1,
    0x0f, 0x40, 0x1a, 0xf0, 0x0f, 0xff, 0xff, 0x50,
    0x0f, 0x73, 0xec, 0x00, 0x0f, 0x40, 0x4f, 0x30,
    0x0f, 0x40, 0x0c, 0xb0, 0x0f, 0x40, 0x04, 0xf3,

    /* U+0159 "ř" */
    0x17, 0x06, 0x30, 0x7d, 0xa0, 0x00, 0x00, 0x02,
    0xf7, 0xf6, 0x2f, 0xb3, 0x12, 0xf3, 0x00, 0x2f,
    0x20, 0x02, 0xf2, 0x00, 0x2f, 0x20, 0x02, 0xf2,
    0x00,

    /* U+015A "Ś" */
    0x00, 0x01, 0xf3, 0x00, 0x00, 0x06, 0x80, 0x00,
    0x00, 0x00, 0x00, 0x00, 0x02, 0xbf, 0xfa, 0x10,
    0x0d, 0xc4, 0x5d, 0xb0, 0x1f, 0x40, 0x02, 0x70,
    0x0d, 0xc4, 0x00, 0x00, 0x01, 0x8e, 0xfa, 0x10,
    0x00, 0x00, 0x2b, 0xd0, 0x39, 0x00, 0x04, 0xf1,
    0x1f, 0xb4, 0x5d, 0xd0, 0x03, 0xcf, 0xfb, 0x20,

    /* U+015B "ś" */
    0x00, 0x08, 0x80, 0x00, 0x0e, 0x10, 0x00, 0x00,
    0x00, 0x05, 0xdf, 0xb1, 0x2f, 0x61, 0xa7, 0x2f,
    0x71, 0x00, 0x06, 0xdf, 0xc3, 0x00, 0x01, 0xbd,
    0x3f, 0x52, 0xbc, 0x07, 0xef, 0xc2,

    /* U+015C "Ŝ" */
    0x00, 0x3d, 0xc1, 0x00, 0x00, 0x72, 0x45, 0x00,
    0x00, 0x00, 0x00, 0x00, 0x02, 0xbf, 0xfa, 0x10,
    0x0d, 0xc4, 0x5d, 0xb0, 0x1f, 0x40, 0x02, 0x70,
    0x0d, 0xc4, 0x00, 0x00, 0x01, 0x8e, 0xfa, 0x10,
    0x00, 0x00, 0x2b, 0xd0, 0x39, 0x00, 0x04, 0xf1,
    0x1f, 0xb4, 0x5d, 0xd0, 0x03, 0xcf, 0xfb, 0x20,

    /* U+015D "ŝ" */
    0x00, 0xaf, 0x30, 0x06, 0xc3, 0xd1, 0x00, 0x00,
    0x00, 0x05, 0xdf, 0xb1, 0x2f, 0x61, 0xa7, 0x2f,
    0x71, 0x00, 0x06, 0xdf, 0xc3, 0x00, 0x01, 0xbd,
    0x3f, 0x52, 0xbc, 0x07, 0xef, 0xc2,

    /* U+015E "Ş" */
    0x02, 0xbf, 0xfa, 0x10, 0x0d, 0xc4, 0x5d, 0xb0,
    0x1f, 0x40, 0x02, 0x70, 0x0d, 0xc4, 0x00, 0x00,
    0x01, 0x8e, 0xfa, 0x10, 0x00, 0x00, 0x2b, 0xd0,
    0x39, 0x00, 0x04, 0xf1, 0x1f, 0xb4, 0x5d, 0xd0,
    0x03, 0xcf, 0xfb, 0x20, 0x00, 0x08, 0x90, 0x00,
    0x00, 0x00, 0x94, 0x00, 0x00, 0x08, 0xc1, 0x00,

    /* U+015F "ş" */
    0x05, 0xdf, 0xb1, 0x2f, 0x61, 0xa7, 0x2f, 0x71,
    0x00, 0x06, 0xdf, 0xc3, 0x00, 0x01, 0xbd, 0x3f,
    0x52, 0xbc, 0x07, 0xef, 0xc2, 0x00, 0x1c, 0x30,
    0x00, 0x03, 0xa0, 0x00, 0x4c, 0x60,

    /* U+0160 "Š" */
    0x00, 0x20, 0x02, 0x00, 0x00, 0xb7, 0xb7, 0x00,
    0x00, 0x1d, 0xb0, 0x00, 0x00, 0x00, 0x00, 0x00,
    0x02, 0xbf, 0xfb, 0x20, 0x0d, 0xc4, 0x4b, 0xd0,
    0x1f, 0x40, 0x00, 0x00, 0x0d, 0xc4, 0x00, 0x00,
    0x01, 0x8e, 0xfa, 0x10, 0x00, 0x00, 0x2b, 0xd0,
    0x3b, 0x10, 0x04, 0xf1, 0x1f, 0xb4, 0x5d, 0xd0,
    0x03, 0xcf, 0xfb, 0x20,

    /* U+0161 "š" */
    0x06, 0xc3, 0xe1, 0x00, 0xaf, 0x30, 0x00, 0x00,
    0x00, 0x05, 0xdf, 0xb1, 0x2f, 0x61, 0xa7, 0x2f,
    0x71, 0x00, 0x06, 0xdf, 0xc3, 0x00, 0x01, 0xbd,
    0x3f, 0x52, 0xbc, 0x07, 0xef, 0xc2,

    /* U+0162 "Ţ" */
    0x7f, 0xff, 0xff, 0xf5, 0x13, 0x3c, 0xa3, 0x31,
    0x00, 0x0c, 0x90, 0x00, 0x00, 0x0c, 0x90, 0x00,
    0x00, 0x0c, 0x90, 0x00, 0x00, 0x0c, 0x90, 0x00,
    0x00, 0x0c, 0x90, 0x00, 0x00, 0x0c, 0x90, 0x00,
    0x00, 0x0d, 0xa0, 0x00, 0x00, 0x07, 0x80, 0x00,
    0x00, 0x00, 0xa4, 0x00, 0x00, 0x08, 0xc2, 0x00,

    /* U+0163 "ţ" */
    0x0e, 0x50, 0x0e, 0xff, 0xa0, 0x1f, 0x71, 0x00,
    0xe5, 0x00, 0x0e, 0x50, 0x00, 0xe5, 0x00, 0x0e,
    0x91, 0x00, 0x6f, 0xb0, 0x00, 0xc5, 0x00, 0x00,
    0xd0, 0x01, 0xab, 0x00,

    /* U+0164 "Ť" */
    0x00, 0xb6, 0x99, 0x00, 0x00, 0x1e, 0xd0, 0x00,
    0x00, 0x00, 0x00, 0x00, 0x7f, 0xff, 0xff, 0xf5,
    0x13, 0x3c, 0xa3, 0x31, 0x00, 0x0c, 0x90, 0x00,
    0x00, 0x0c, 0x90, 0x00, 0x00, 0x0c, 0x90, 0x00,
    0x00, 0x0c, 0x90, 0x00, 0x00, 0x0c, 0x90, 0x00,
    0x00, 0x0c, 0x90, 0x00, 0x00, 0x0c, 0x90, 0x00,

    /* U+0165 "ť" */
    0x00, 0x05, 0x10, 0x00, 0xf1, 0x0b, 0x4e, 0x00,
    0xe5, 0x00, 0xef, 0xfa, 0x01, 0xf7, 0x10, 0x0e,
    0x50, 0x00, 0xe5, 0x00, 0x0e, 0x50, 0x00, 0xd9,
    0x10, 0x05, 0xeb, 0x00,

    /* U+0166 "Ŧ" */
    0x7f, 0xff, 0xff, 0xf5, 0x13, 0x3c, 0xa3, 0x31,
    0x00, 0x0c, 0x90, 0x00, 0x00, 0x0c, 0x90, 0x00,
    0x07, 0xef, 0xfe, 0x50, 0x00, 0x1d, 0xb1, 0x00,
    0x00, 0x0c, 0x90, 0x00, 0x00, 0x0c, 0x90, 0x00,
    0x00, 0x0c, 0x90, 0x00,

    /* U+0167 "ŧ" */
    0x07, 0x20, 0x0e, 0x50, 0xef, 0xfa, 0x1f, 0x71,
    0xcf, 0xf9, 0x1f, 0x71, 0x0e, 0x50, 0x0d, 0x91,
    0x06, 0xeb,

    /* U+0168 "Ũ" */
    0x00, 0x1d, 0x69, 0x30, 0x00, 0x47, 0x8c, 0x00,
    0x00, 0x00, 0x00, 0x00, 0x0f, 0x40, 0x00, 0x6e,
    0x0f, 0x40, 0x00, 0x6e, 0x0f, 0x40, 0x00, 0x6e,
    0x0f, 0x40, 0x00, 0x6e, 0x0f, 0x40, 0x00, 0x6e,
    0x0f, 0x40, 0x00, 0x6e, 0x0e, 0x70, 0x00, 0x9d,
    0x08, 0xf8, 0x49, 0xf6, 0x00, 0x7e, 0xfd, 0x60,

    /* U+0169 "ũ" */
    0x00, 0xcd, 0xc3, 0x00, 0x00, 0x00, 0x00, 0x2f,
    0x20, 0x0f, 0x52, 0xf2, 0x00, 0xf5, 0x2f, 0x20,
    0x0f, 0x52, 0xf2, 0x00, 0xf5, 0x1f, 0x30, 0x0f,
    0x50, 0xeb, 0x39, 0xf5, 0x05, 0xee, 0x6e, 0x50,

    /* U+016A "Ū" */
    0x00, 0x3f, 0xff, 0x10, 0x00, 0x00, 0x00, 0x00,
    0x00, 0x00, 0x00, 0x00, 0x0f, 0x40, 0x00, 0x6e,
    0x0f, 0x40, 0x00, 0x6e, 0x0f, 0x40, 0x00, 0x6e,
    0x0f, 0x40, 0x00, 0x6e, 0x0f, 0x40, 0x00, 0x6e,
    0x0f, 0x40, 0x00, 0x6e, 0x0e, 0x70, 0x00, 0x9d,
    0x08, 0xf8, 0x49, 0xf6, 0x00, 0x7e, 0xfd, 0x60,

    /* U+016B "ū" */
    0x00, 0xff, 0xf3, 0x00, 0x00, 0x00, 0x00, 0x2f,
    0x20, 0x0f, 0x52, 0xf2, 0x00, 0xf5, 0x2f, 0x20,
    0x0f, 0x52, 0xf2, 0x00, 0xf5, 0x1f, 0x30, 0x0f,
    0x50, 0xeb, 0x39, 0xf5, 0x05, 0xee, 0x6e, 0x50,

    /* U+016C "Ŭ" */
    0x00, 0x3a, 0x0c, 0x10, 0x00, 0x08, 0xd7, 0x00,
    0x00, 0x00, 0x00, 0x00, 0x0f, 0x40, 0x00, 0x6e,
    0x0f, 0x40, 0x00, 0x6e, 0x0f, 0x40, 0x00, 0x6e,
    0x0f, 0x40, 0x00, 0x6e, 0x0f, 0x40, 0x00, 0x6e,
    0x0f, 0x40, 0x00, 0x6e, 0x0e, 0x70, 0x00, 0x9d,
    0x08, 0xf8, 0x49, 0xf6, 0x00, 0x7e, 0xfd, 0x60,

    /* U+016D "ŭ" */
    0x00, 0x60, 0x42, 0x00, 0x08, 0xda, 0x00, 0x00,
    0x00, 0x00, 0x02, 0xf2, 0x00, 0xf5, 0x2f, 0x20,
    0x0f, 0x52, 0xf2, 0x00, 0xf5, 0x2f, 0x20, 0x0f,
    0x51, 0xf3, 0x00, 0xf5, 0x0e, 0xb3, 0x9f, 0x50,
    0x5e, 0xe6, 0xe5,

    /* U+016E "Ů" */
    0x00, 0x08, 0xc6, 0x00, 0x00, 0x0d, 0x0e, 0x00,
    0x00, 0x08, 0xc6, 0x00, 0x00, 0x00, 0x00, 0x00,
    0x0f, 0x40, 0x00, 0x6e, 0x0f, 0x40, 0x00, 0x6e,
    0x0f, 0x40, 0x00, 0x6e, 0x0f, 0x40, 0x00, 0x6e,
    0x0f, 0x40, 0x00, 0x6e, 0x0f, 0x40, 0x00, 0x6e,
    0x0e, 0x70, 0x00, 0x9d, 0x08, 0xf8, 0x49, 0xf6,
    0x00, 0x7e, 0xfd, 0x60,

    /* U+016F "ů" */
    0x00, 0x4c, 0x70, 0x00, 0x0d, 0x1c, 0x10, 0x00,
    0xd1, 0xc1, 0x00, 0x04, 0xc7, 0x00, 0x2f, 0x20,
    0x0f, 0x52, 0xf2, 0x00, 0xf5, 0x2f, 0x20, 0x0f,
    0x52, 0xf2, 0x00, 0xf5, 0x1f, 0x30, 0x0f, 0x50,
    0xeb, 0x39, 0xf5, 0x05, 0xee, 0x6e, 0x50,

    /* U+0170 "Ű" */
    0x00, 0x0f, 0x3c, 0x60, 0x00, 0x49, 0x4a, 0x00,
    0x00, 0x00, 0x00, 0x00, 0x0f, 0x40, 0x00, 0x6e,
    0x0f, 0x40, 0x00, 0x6e, 0x0f, 0x40, 0x00, 0x6e,
    0x0f, 0x40, 0x00, 0x6e, 0x0f, 0x40, 0x00, 0x6e,
    0x0f, 0x40, 0x00, 0x6e, 0x0e, 0x70, 0x00, 0x9d,
    0x08, 0xf8, 0x49, 0xf6, 0x00, 0x7e, 0xfd, 0x60,

    /* U+0171 "ű" */
    0x00, 0xa5, 0x88, 0x00, 0x2e, 0x2e, 0x10, 0x00,
    0x00, 0x00, 0x02, 0xf2, 0x00, 0xf5, 0x2f, 0x20,
    0x0f, 0x52, 0xf2, 0x00, 0xf5, 0x2f, 0x20, 0x0f,
    0x51, 0xf3, 0x00, 0xf5, 0x0e, 0xb3, 0x9f, 0x50,
    0x5e, 0xe6, 0xe5,

    /* U+0172 "Ų" */
    0x0f, 0x40, 0x00, 0x6e, 0x0f, 0x40, 0x00, 0x6e,
    0x0f, 0x40, 0x00, 0x6e, 0x0f, 0x40, 0x00, 0x6e,
    0x0f, 0x40, 0x00, 0x6e, 0x0f, 0x40, 0x00, 0x6f,
    0x0e, 0x70, 0x00, 0x9f, 0x08, 0xf8, 0x49, 0xfe,
    0x00, 0x7e, 0xff, 0xf0, 0x00, 0x01, 0xc6, 0x00,
    0x00, 0x08, 0xb0, 0x00, 0x00, 0x04, 0xeb, 0x00,

    /* U+0173 "ų" */
    0x2f, 0x20, 0x0f, 0x52, 0xf2, 0x00, 0xf5, 0x2f,
    0x20, 0x0f, 0x52, 0xf2, 0x00, 0xf5, 0x1f, 0x30,
    0x0f, 0x50, 0xeb, 0x39, 0xf5, 0x05, 0xee, 0x6f,
    0x60, 0x00, 0x07, 0xc0, 0x00, 0x00, 0xc7, 0x00,
    0x00, 0x07, 0xf8,

    /* U+0174 "Ŵ" */
    0x00, 0x00, 0x0d, 0xd1, 0x00, 0x00, 0x00, 0x00,
    0xa8, 0x7a, 0x00, 0x00, 0x00, 0x00, 0x00, 0x00,
    0x00, 0x00, 0x9d, 0x00, 0x0e, 0xe0, 0x00, 0xd9,
    0x4f, 0x10, 0x1f, 0xf1, 0x00, 0xf5, 0x0f, 0x50,
    0x5d, 0xd5, 0x04, 0xf1, 0x0c, 0x80, 0x9a, 0x99,
    0x08, 0xc0, 0x08, 0xc0, 0xd6, 0x5d, 0x0c, 0x80,
    0x04, 0xf2, 0xf1, 0x1f, 0x2f, 0x40, 0x00, 0xf8,
    0xd0, 0x0d, 0x8f, 0x00, 0x00, 0xbf, 0x90, 0x09,
    0xfc, 0x00, 0x00, 0x7f, 0x50, 0x05, 0xf7, 0x00,

    /* U+0175 "ŵ" */
    0x00, 0x00, 0x66, 0x00, 0x00, 0x00, 0x09, 0x9a,
    0x80, 0x00, 0x00, 0x00, 0x00, 0x00, 0x00, 0x8d,
    0x00, 0xcb, 0x00, 0xe7, 0x4f, 0x10, 0xff, 0x01,
    0xf2, 0x0f, 0x54, 0xcd, 0x35, 0xe0, 0x0b, 0x88,
    0x89, 0x79, 0x90, 0x06, 0xcc, 0x45, 0xbd, 0x50,
    0x02, 0xfe, 0x01, 0xff, 0x10, 0x00, 0xdb, 0x00,
    0xdc, 0x00,

    /* U+0176 "Ŷ" */
    0x00, 0x0c, 0xe2, 0x00, 0x00, 0x07, 0x94, 0xc0,
    0x00, 0x00, 0x00, 0x00, 0x00, 0x06, 0xf2, 0x00,
    0x0c, 0xc0, 0x0c, 0xb0, 0x06, 0xf2, 0x00, 0x3f,
    0x50, 0xe8, 0x00, 0x00, 0x9d, 0x8e, 0x00, 0x00,
    0x00, 0xef, 0x50, 0x00, 0x00, 0x08, 0xe0, 0x00,
    0x00, 0x00, 0x7d, 0x00, 0x00, 0x00, 0x07, 0xd0,
    0x00, 0x00, 0x00, 0x7d, 0x00, 0x00,

    /* U+0177 "ŷ" */
    0x00, 0x04, 0x00, 0x00, 0x1c, 0x9b, 0x00, 0x01,
    0x20, 0x21, 0x09, 0xd0, 0x00, 0xe7, 0x3f, 0x20,
    0x3f, 0x10, 0xe6, 0x08, 0xc0, 0x08, 0xb0, 0xd6,
    0x00, 0x3f, 0x2f, 0x10, 0x00, 0xea, 0xb0, 0x00,
    0x08, 0xf6, 0x00, 0x00, 0x5f, 0x10, 0x00, 0x2b,
    0xa0, 0x00, 0x1f, 0xc1, 0x00, 0x00,

    /* U+0178 "Ÿ" */
    0x00, 0xa7, 0x2e, 0x10, 0x00, 0x04, 0x31, 0x70,
    0x00, 0x00, 0x00, 0x00, 0x00, 0x06, 0xf2, 0x00,
    0x0c, 0xc0, 0x0c, 0xb0, 0x05, 0xf2, 0x00, 0x3f,
    0x40, 0xe9, 0x00, 0x00, 0x9d, 0x7e, 0x10, 0x00,
    0x01, 0xff, 0x60, 0x00, 0x00, 0x08, 0xe0, 0x00,
    0x00, 0x00, 0x7d, 0x00, 0x00, 0x00, 0x07, 0xd0,
    0x00, 0x00, 0x00, 0x7d, 0x00, 0x00,

    /* U+0179 "Ź" */
    0x00, 0x01, 0xf2, 0x00, 0x00, 0x67, 0x00, 0x00,
    0x00, 0x00, 0x04, 0xff, 0xff, 0xff, 0x03, 0x33,
    0x3f, 0x90, 0x00, 0x08, 0xd0, 0x00, 0x03, 0xf4,
    0x00, 0x00, 0xd9, 0x00, 0x00, 0x8d, 0x00, 0x00,
    0x3f, 0x30, 0x00, 0x0e, 0xb3, 0x33, 0x34, 0xff,
    0xff, 0xff,

    /* U+017A "ź" */
    0x00, 0x07, 0x90, 0x00, 0x0e, 0x20, 0x00, 0x00,
    0x00, 0x2f, 0xff, 0xfd, 0x03, 0x34, 0xf8, 0x00,
    0x0a, 0xc0, 0x00, 0x6f, 0x20, 0x02, 0xf6, 0x00,
    0x0d, 0xc3, 0x33, 0x4f, 0xff, 0xff,

    /* U+017B "Ż" */
    0x00, 0x0c, 0x70, 0x00, 0x00, 0x63, 0x00, 0x00,
    0x00, 0x00, 0x04, 0xff, 0xff, 0xff, 0x03, 0x33,
    0x3f, 0x90, 0x00, 0x08, 0xd0, 0x00, 0x03, 0xf4,
    0x00, 0x00, 0xd9, 0x00, 0x00, 0x8d, 0x00, 0x00,
    0x3f, 0x30, 0x00, 0x0e, 0xb3, 0x33, 0x34, 0xff,
    0xff, 0xff,

    /* U+017C "ż" */
    0x00, 0x5d, 0x00, 0x00, 0x27, 0x00, 0x2f, 0xff,
    0xfd, 0x03, 0x34, 0xf8, 0x00, 0x0a, 0xc0, 0x00,
    0x6f, 0x20, 0x02, 0xf6, 0x00, 0x0d, 0xc3, 0x33,
    0x4f, 0xff, 0xff,

    /* U+017D "Ž" */
    0x00, 0xc5, 0xa8, 0x00, 0x02, 0xec, 0x00, 0x00,
    0x00, 0x00, 0x04, 0xff, 0xff, 0xff, 0x03, 0x33,
    0x3f, 0x90, 0x00, 0x08, 0xd0, 0x00, 0x03, 0xf4,
    0x00, 0x00, 0xd9, 0x00, 0x00, 0x8d, 0x00, 0x00,
    0x3f, 0x30, 0x00, 0x0e, 0xb3, 0x33, 0x34, 0xff,
    0xff, 0xff,

    /* U+017E "ž" */
    0x03, 0x50, 0x71, 0x00, 0xbd, 0x60, 0x00, 0x00,
    0x00, 0x2f, 0xff, 0xfd, 0x03, 0x34, 0xf8, 0x00,
    0x0a, 0xc0, 0x00, 0x6f, 0x20, 0x02, 0xf6, 0x00,
    0x0d, 0xc3, 0x33, 0x4f, 0xff, 0xff,

    /* U+017F "ſ" */
    0x07, 0xeb, 0x1f, 0x72, 0x2f, 0x20, 0x2f, 0x20,
    0x2f, 0x20, 0x2f, 0x20, 0x2f, 0x20, 0x2f, 0x20,
    0x2f, 0x20,

    /* U+2000 " " */

    /* U+2001 " " */

    /* U+2002 " " */

    /* U+2003 " " */

    /* U+2004 " " */

    /* U+2005 " " */

    /* U+2006 " " */

    /* U+2007 " " */

    /* U+2008 " " */

    /* U+2009 " " */

    /* U+200A " " */

    /* U+200B "​" */

    /* U+2010 "‐" */
    0x9f, 0xff, 0x51, 0x22, 0x20,

    /* U+2011 "‑" */
    0x9f, 0xff, 0x51, 0x22, 0x20,

    /* U+2012 "‒" */
    0x7f, 0xff, 0xff, 0xf4, 0x12, 0x22, 0x22, 0x20,

    /* U+2013 "–" */
    0xff, 0xff, 0xff, 0x22, 0x22, 0x22,

    /* U+2014 "—" */
    0xff, 0xff, 0xff, 0xff, 0xff, 0xff, 0x22, 0x22,
    0x22, 0x22, 0x22, 0x22,

    /* U+2015 "―" */
    0xff, 0xff, 0xff, 0xff, 0xff, 0xff, 0x22, 0x22,
    0x22, 0x22, 0x22, 0x22,

    /* U+2016 "‖" */
    0x8a, 0x99, 0x8a, 0x99, 0x8a, 0x99, 0x8a, 0x99,
    0x8a, 0x99, 0x8a, 0x99, 0x8a, 0x99, 0x8a, 0x99,
    0x8a, 0x99, 0x8a, 0x99, 0x8a, 0x99, 0x8a, 0x99,
    0x8a, 0x99, 0x8a, 0x99, 0x8a, 0x99,

    /* U+2017 "‗" */
    0xff, 0xff, 0xf7, 0x00, 0x00, 0x00, 0xef, 0xff,
    0xf7,

    /* U+2018 "‘" */
    0x03, 0xc0, 0x7a, 0x0c, 0x80, 0x93,

    /* U+2019 "’" */
    0x05, 0x70, 0xb8, 0x0d, 0x40, 0xf0,

    /* U+201A "‚" */
    0x08, 0x50, 0xf4, 0x1f, 0x03, 0xc0,

    /* U+201B "‛" */
    0x6e, 0x02, 0xf1, 0x0d, 0x30, 0x63,

    /* U+201C "“" */
    0x03, 0xc0, 0xd2, 0x07, 0xa2, 0xf0, 0x0c, 0x86,
    0xd0, 0x09, 0x35, 0x70,

    /* U+201D "”" */
    0x05, 0x72, 0x90, 0x0b, 0x86, 0xd0, 0x0d, 0x48,
    0x90, 0x0f, 0x0a, 0x50,

    /* U+201E "„" */
    0x08, 0x54, 0x80, 0xf4, 0x9a, 0x1f, 0x0c, 0x53,
    0xc0, 0xe1,

    /* U+201F "‟" */
    0x6e, 0x1f, 0x42, 0xf1, 0xc6, 0x0d, 0x38, 0x80,
    0x63, 0x36,

    /* U+2020 "†" */
    0x00, 0x7c, 0x00, 0x00, 0x7c, 0x00, 0x3f, 0xff,
    0xf7, 0x02, 0x9e, 0x21, 0x00, 0x7b, 0x00, 0x00,
    0x6a, 0x00, 0x00, 0x48, 0x00,

    /* U+2021 "‡" */
    0x00, 0x7c, 0x00, 0x00, 0x7c, 0x00, 0x3f, 0xff,
    0xf7, 0x02, 0x9e, 0x21, 0x3f, 0xff, 0xf7, 0x02,
    0x9e, 0x21, 0x00, 0x7b, 0x00, 0x00, 0x5a, 0x00,
    0x00, 0x48, 0x00,

    /* U+2022 "•" */
    0x1c, 0xe5, 0x08, 0xff, 0xe0, 0x8f, 0xff, 0x01,
    0xcf, 0x50,

    /* U+2023 "‣" */
    0x14, 0x00, 0x02, 0xfa, 0x10, 0x2f, 0xf9, 0x02,
    0xe4, 0x00, 0x00, 0x00, 0x00,

    /* U+2024 "․" */
    0x0a, 0x50, 0xd7,

    /* U+2025 "‥" */
    0x0a, 0x50, 0x2b, 0x10, 0xd7, 0x03, 0xe2,

    /* U+2026 "…" */
    0x0a, 0x50, 0x2b, 0x10, 0x69, 0x0d, 0x70, 0x3e,
    0x20, 0x8c,

    /* U+2027 "‧" */
    0x0a, 0x50, 0xd7,

    /* U+202F " " */

    /* U+2030 "‰" */
    0x3d, 0xd4, 0x00, 0x0d, 0x20, 0x00, 0x00, 0xa5,
    0x4b, 0x00, 0x97, 0x00, 0x00, 0x00, 0xa6, 0x4b,
    0x04, 0xc0, 0x00, 0x00, 0x00, 0x3d, 0xd3, 0x0d,
    0x20, 0x00, 0x00, 0x00, 0x00, 0x00, 0x97, 0x00,
    0x00, 0x00, 0x00, 0x00, 0x04, 0xc0, 0x4d, 0xc2,
    0x1b, 0xd5, 0x00, 0x0d, 0x20, 0xd3, 0x79, 0x78,
    0x2e, 0x00, 0x97, 0x00, 0xd3, 0x79, 0x78, 0x2e,
    0x04, 0xc0, 0x00, 0x5d, 0xd2, 0x1c, 0xe6,

    /* U+2031 "‱" */
    0x3d, 0xd4, 0x00, 0x0d, 0x20, 0x00, 0x00, 0x00,
    0x00, 0x0a, 0x54, 0xb0, 0x09, 0x70, 0x00, 0x00,
    0x00, 0x00, 0x00, 0xa6, 0x4b, 0x04, 0xc0, 0x00,
    0x00, 0x00, 0x00, 0x00, 0x03, 0xdd, 0x30, 0xd2,
    0x00, 0x00, 0x00, 0x00, 0x00, 0x00, 0x00, 0x00,
    0x97, 0x00, 0x00, 0x00, 0x00, 0x00, 0x00, 0x00,
    0x00, 0x4c, 0x04, 0xdc, 0x21, 0xbd, 0x50, 0x8e,
    0x90, 0x00, 0x0d, 0x20, 0xd3, 0x79, 0x78, 0x2e,
    0x2d, 0x0d, 0x30, 0x09, 0x70, 0x0d, 0x37, 0x97,
    0x82, 0xe2, 0xd0, 0xc3, 0x04, 0xc0, 0x00, 0x5d,
    0xd2, 0x1c, 0xe6, 0x0a, 0xea, 0x00,

    /* U+2032 "′" */
    0x1f, 0x23, 0xe0, 0x4b, 0x02, 0x30,

    /* U+2033 "″" */
    0x1f, 0x24, 0xf0, 0x3e, 0x05, 0xc0, 0x4b, 0x07,
    0x90, 0x23, 0x03, 0x20,

    /* U+2034 "‴" */
    0x1f, 0x24, 0xf0, 0x6d, 0x3e, 0x05, 0xc0, 0x7a,
    0x4b, 0x07, 0x90, 0x96, 0x23, 0x03, 0x20, 0x41,

    /* U+2035 "‵" */
    0x4f, 0x01, 0xf1, 0x0d, 0x20, 0x41,

    /* U+2036 "‶" */
    0x4f, 0x06, 0xd0, 0x1f, 0x13, 0xe0, 0x0d, 0x20,
    0xf0, 0x04, 0x10, 0x50,

    /* U+2037 "‷" */
    0x4f, 0x06, 0xd0, 0x9a, 0x1f, 0x13, 0xe0, 0x5c,
    0x0d, 0x20, 0xf0, 0x2e, 0x04, 0x10, 0x50, 0x06,

    /* U+2038 "‸" */
    0x00, 0xfc, 0x00, 0x07, 0x9c, 0x40, 0x2e, 0x13,
    0xd0,

    /* U+2039 "‹" */
    0x00, 0x7d, 0x10, 0x4f, 0x30, 0x2f, 0x50, 0x01,
    0xe7, 0x00, 0x03, 0xf4, 0x00, 0x05, 0xc1,

    /* U+203A "›" */
    0x3f, 0x40, 0x00, 0x5f, 0x20, 0x00, 0x9d, 0x00,
    0x0b, 0xc0, 0x07, 0xe1, 0x02, 0xd3, 0x00,

    /* U+203B "※" */
    0x00, 0x17, 0xc0, 0x10, 0x04, 0xf5, 0x5b, 0xb0,
    0x06, 0xaf, 0xde, 0x72, 0x2e, 0x3f, 0xf5, 0xc7,
    0x00, 0x9f, 0xde, 0x20, 0x04, 0xf6, 0x5b, 0xb0,
    0x00, 0x17, 0xc0, 0x10,

    /* U+203C "‼" */
    0x0e, 0x80, 0x3f, 0x20, 0xd8, 0x03, 0xf2, 0x0d,
    0x70, 0x3f, 0x20, 0xd7, 0x02, 0xf2, 0x0d, 0x70,
    0x2f, 0x10, 0xc7, 0x02, 0xf1, 0x03, 0x10, 0x04,
    0x00, 0xa5, 0x02, 0xb1, 0x0c, 0x70, 0x3e, 0x20,

    /* U+203D "‽" */
    0x09, 0xef, 0x90, 0x5c, 0x33, 0xe8, 0x00, 0xb5,
    0xaa, 0x00, 0xa8, 0xe4, 0x00, 0xdf, 0x40, 0x00,
    0xfa, 0x00, 0x00, 0x00, 0x00, 0x00, 0x96, 0x00,
    0x00, 0xc8, 0x00,

    /* U+203E "‾" */
    0x9f, 0xff, 0xfe, 0x12, 0x22, 0x22,

    /* U+203F "‿" */
    0x00, 0x00, 0x00, 0x00, 0x00, 0x4d, 0x62, 0x11,
    0x36, 0xc4, 0x05, 0xdf, 0xff, 0xfd, 0x50, 0x00,
    0x01, 0x33, 0x10, 0x00,

    /* U+2040 "⁀" */
    0x02, 0x8d, 0xff, 0xd8, 0x20, 0x3e, 0x84, 0x23,
    0x59, 0xe4, 0x01, 0x00, 0x00, 0x00, 0x10,

    /* U+2041 "⁁" */
    0x00, 0x00, 0x70, 0x00, 0x08, 0xa0, 0x00, 0x2e,
    0x10, 0x00, 0xc7, 0x00, 0x04, 0xf6, 0x00, 0x0d,
    0x7e, 0x00, 0x4a, 0x09, 0x60, 0x00, 0x00, 0x00,

    /* U+2042 "⁂" */
    0x00, 0x00, 0x30, 0x00, 0x00, 0x09, 0xf8, 0x00,
    0x00, 0x2e, 0xfd, 0x10, 0x00, 0x09, 0xd7, 0x00,
    0x00, 0x40, 0x20, 0x40, 0x09, 0xf9, 0x0b, 0xf7,
    0x1f, 0xff, 0x6f, 0xfc, 0x04, 0x87, 0x04, 0x95,

    /* U+2043 "⁃" */
    0x6f, 0xfd, 0x12, 0x22,

    /* U+2044 "⁄" */
    0x00, 0x00, 0x00, 0xa6, 0x00, 0x00, 0x05, 0xb0,
    0x00, 0x00, 0x1d, 0x10, 0x00, 0x00, 0xa6, 0x00,
    0x00, 0x05, 0xb0, 0x00, 0x00, 0x1d, 0x10, 0x00,
    0x00, 0xa6, 0x00, 0x00, 0x05, 0xb0, 0x00, 0x00,
    0x1d, 0x10, 0x00, 0x00,

    /* U+2045 "⁅" */
    0xbf, 0xbc, 0x81, 0xc7, 0x0c, 0x70, 0xc7, 0x0e,
    0xfb, 0xc9, 0x1c, 0x70, 0xc7, 0x0c, 0x70, 0xcf,
    0xb1, 0x21,

    /* U+2046 "⁆" */
    0x4f, 0xf2, 0x02, 0xf3, 0x00, 0xf3, 0x00, 0xf3,
    0x00, 0xf3, 0x4f, 0xf3, 0x02, 0xf3, 0x00, 0xf3,
    0x00, 0xf3, 0x00, 0xf3, 0x4f, 0xf3, 0x02, 0x20,

    /* U+2047 "⁇" */
    0x07, 0xef, 0xa0, 0x03, 0xdf, 0xc3, 0x04, 0xf5,
    0x4e, 0x90, 0xf9, 0x3a, 0xe0, 0x35, 0x00, 0xab,
    0x16, 0x10, 0x4f, 0x00, 0x00, 0x4f, 0x60, 0x00,
    0x1c, 0xb0, 0x00, 0x5f, 0x60, 0x00, 0x1e, 0xa0,
    0x00, 0x0b, 0x90, 0x00, 0x05, 0xe0, 0x00, 0x00,
    0x21, 0x00, 0x00, 0x12, 0x00, 0x00, 0x09, 0x60,
    0x00, 0x05, 0xa0, 0x00, 0x00, 0xc8, 0x00, 0x00,
    0x7d, 0x00, 0x00,

    /* U+2048 "⁈" */
    0x07, 0xef, 0xa0, 0x08, 0xd0, 0x4f, 0x64, 0xe8,
    0x08, 0xd0, 0x47, 0x00, 0xab, 0x08, 0xd0, 0x00,
    0x02, 0xe7, 0x08, 0xc0, 0x00, 0x3f, 0x90, 0x07,
    0xc0, 0x00, 0xab, 0x00, 0x07, 0xc0, 0x00, 0x53,
    0x00, 0x02, 0x40, 0x00, 0x96, 0x00, 0x05, 0x90,
    0x00, 0xc8, 0x00, 0x08, 0xc0,

    /* U+2049 "⁉" */
    0x0e, 0x80, 0x1b, 0xfe, 0x60, 0x0d, 0x80, 0xac,
    0x15, 0xf3, 0x0d, 0x70, 0x53, 0x00, 0xf5, 0x0d,
    0x70, 0x00, 0x08, 0xf2, 0x0d, 0x70, 0x00, 0x9e,
    0x40, 0x0c, 0x70, 0x00, 0xf4, 0x00, 0x03, 0x10,
    0x00, 0x60, 0x00, 0x0a, 0x50, 0x01, 0xb2, 0x00,
    0x0c, 0x70, 0x02, 0xe3, 0x00,

    /* U+204A "⁊" */
    0x7f, 0xff, 0xd1, 0x33, 0x8c, 0x00, 0x07, 0xa0,
    0x00, 0x89, 0x00, 0x0a, 0x70, 0x00, 0xb6, 0x00,
    0x0c, 0x40, 0x00, 0xe3, 0x00, 0x0f, 0x20, 0x01,
    0xf0,

    /* U+204B "⁋" */
    0x0f, 0xff, 0xe7, 0x00, 0xf5, 0xdf, 0xf4, 0x0f,
    0x2c, 0xff, 0x90, 0xf2, 0xcf, 0xf8, 0x0f, 0x2c,
    0xff, 0x20, 0xf2, 0x89, 0x30, 0x0f, 0x20, 0x00,
    0x00, 0xf2, 0x00, 0x00, 0x0f, 0x20, 0x00, 0x00,

    /* U+204C "⁌" */
    0x04, 0xdf, 0xff, 0x30, 0xef, 0xf0, 0xf3, 0x1f,
    0xff, 0x0f, 0x30, 0xef, 0xf0, 0xf3, 0x04, 0xdf,
    0xff, 0x30,

    /* U+204D "⁍" */
    0x0f, 0xff, 0xd5, 0x01, 0xf2, 0xdf, 0xf1, 0x1f,
    0x2d, 0xff, 0x41, 0xf2, 0xdf, 0xf1, 0x1f, 0xff,
    0xe5, 0x00,

    /* U+204E "⁎" */
    0x00, 0x11, 0x00, 0x01, 0x49, 0x10, 0x1e, 0xab,
    0xd3, 0x03, 0xef, 0x50, 0x1d, 0x8a, 0xc4, 0x00,
    0x59, 0x00,

    /* U+204F "⁏" */
    0x0a, 0x50, 0x0d, 0x70, 0x00, 0x00, 0x00, 0x00,
    0x00, 0x00, 0x07, 0x50, 0x08, 0xb0, 0x04, 0xd0,
    0x00, 0xf0,

    /* U+2050 "⁐" */
    0x02, 0x9e, 0xff, 0xd8, 0x10, 0x4e, 0x96, 0x45,
    0x6a, 0xe2, 0x00, 0x00, 0x00, 0x00, 0x10, 0x00,
    0x00, 0x00, 0x00, 0x00, 0x00, 0x00, 0x00, 0x00,
    0x00, 0x00, 0x00, 0x00, 0x00, 0x00, 0x00, 0x00,
    0x00, 0x00, 0x00, 0x00, 0x00, 0x00, 0x00, 0x00,
    0x00, 0x00, 0x00, 0x00, 0x00, 0x00, 0x00, 0x00,
    0x00, 0x00, 0x5b, 0x52, 0x11, 0x26, 0xc3, 0x06,
    0xdf, 0xff, 0xfd, 0x50, 0x00, 0x01, 0x33, 0x10,
    0x00,

    /* U+2051 "⁑" */
    0x00, 0xb2, 0x00, 0x6a, 0xc7, 0xc0, 0x08, 0xfd,
    0x10, 0x6d, 0xca, 0xc0, 0x10, 0xb2, 0x10, 0x00,
    0x20, 0x00, 0x00, 0x20, 0x00, 0x10, 0xb2, 0x10,
    0x6d, 0xca, 0xc0, 0x08, 0xfd, 0x10, 0x6b, 0xb8,
    0xc0, 0x00, 0xb2, 0x00,

    /* U+2052 "⁒" */
    0x01, 0x00, 0x00, 0x4c, 0x02, 0xf8, 0x00, 0x0d,
    0x20, 0x2e, 0x70, 0x09, 0x70, 0x00, 0x00, 0x04,
    0xc0, 0x00, 0x00, 0x00, 0xd2, 0x00, 0x00, 0x00,
    0x97, 0x00, 0x10, 0x00, 0x4c, 0x00, 0x5f, 0x50,
    0x0d, 0x20, 0x04, 0xe4, 0x09, 0x70, 0x00, 0x00,
    0x00,

    /* U+2053 "⁓" */
    0x0b, 0xfd, 0x71, 0x15, 0x00, 0x40, 0x3a, 0xff,
    0xb0, 0x00, 0x00, 0x01, 0x20, 0x00,

    /* U+2054 "⁔" */
    0x00, 0x00, 0x00, 0x00, 0x00, 0x02, 0xae, 0xff,
    0xea, 0x30, 0x4e, 0x95, 0x44, 0x6a, 0xe4, 0x00,
    0x00, 0x00, 0x00, 0x10,

    /* U+2055 "⁕" */
    0x00, 0x05, 0x00, 0x00, 0x46, 0xe5, 0x70, 0x02,
    0xef, 0xf5, 0x01, 0xff, 0xff, 0xf4, 0x02, 0xff,
    0xf5, 0x00, 0x6a, 0xe8, 0xa0, 0x00, 0x08, 0x10,
    0x00,

    /* U+2057 "⁗" */
    0x1f, 0x24, 0xf0, 0x6d, 0x09, 0xb3, 0xe0, 0x5c,
    0x07, 0xa0, 0xa7, 0x4b, 0x07, 0x90, 0x96, 0x0b,
    0x42, 0x30, 0x32, 0x04, 0x10, 0x50,

    /* U+205F " " */

};

/*---------------------
 *  GLYPH DESCRIPTION
 *--------------------*/

static const lv_font_fmt_txt_glyph_dsc_t glyph_dsc[] = {
    {.bitmap_index = 0, .adv_w = 0, .box_w = 0, .box_h = 0, .ofs_x = 0, .ofs_y = 0} /* id = 0 reserved */,
    {.bitmap_index = 0, .adv_w = 51, .box_w = 0, .box_h = 0, .ofs_x = 0, .ofs_y = 0},
    {.bitmap_index = 0, .adv_w = 58, .box_w = 3, .box_h = 9, .ofs_x = 0, .ofs_y = 0},
    {.bitmap_index = 14, .adv_w = 95, .box_w = 4, .box_h = 4, .ofs_x = 1, .ofs_y = 5},
    {.bitmap_index = 22, .adv_w = 123, .box_w = 8, .box_h = 9, .ofs_x = 0, .ofs_y = 0},
    {.bitmap_index = 58, .adv_w = 124, .box_w = 8, .box_h = 13, .ofs_x = 0, .ofs_y = -2},
    {.bitmap_index = 110, .adv_w = 191, .box_w = 10, .box_h = 9, .ofs_x = 1, .ofs_y = 0},
    {.bitmap_index = 155, .adv_w = 125, .box_w = 8, .box_h = 9, .ofs_x = 0, .ofs_y = 0},
    {.bitmap_index = 191, .adv_w = 60, .box_w = 2, .box_h = 4, .ofs_x = 1, .ofs_y = 5},
    {.bitmap_index = 195, .adv_w = 71, .box_w = 3, .box_h = 12, .ofs_x = 1, .ofs_y = -2},
    {.bitmap_index = 213, .adv_w = 71, .box_w = 4, .box_h = 12, .ofs_x = 0, .ofs_y = -2},
    {.bitmap_index = 237, .adv_w = 100, .box_w = 6, .box_h = 6, .ofs_x = 0, .ofs_y = 3},
    {.bitmap_index = 255, .adv_w = 128, .box_w = 6, .box_h = 6, .ofs_x = 1, .ofs_y = 1},
    {.bitmap_index = 273, .adv_w = 58, .box_w = 3, .box_h = 4, .ofs_x = 0, .ofs_y = -3},
    {.bitmap_index = 279, .adv_w = 89, .box_w = 5, .box_h = 2, .ofs_x = 0, .ofs_y = 2},
    {.bitmap_index = 284, .adv_w = 58, .box_w = 3, .box_h = 2, .ofs_x = 0, .ofs_y = 0},
    {.bitmap_index = 287, .adv_w = 71, .box_w = 5, .box_h = 11, .ofs_x = 0, .ofs_y = -1},
    {.bitmap_index = 315, .adv_w = 124, .box_w = 8, .box_h = 9, .ofs_x = 0, .ofs_y = 0},
    {.bitmap_index = 351, .adv_w = 80, .box_w = 5, .box_h = 9, .ofs_x = 0, .ofs_y = 0},
    {.bitmap_index = 374, .adv_w = 118, .box_w = 7, .box_h = 9, .ofs_x = 0, .ofs_y = 0},
    {.bitmap_index = 406, .adv_w = 120, .box_w = 7, .box_h = 9, .ofs_x = 0, .ofs_y = 0},
    {.bitmap_index = 438, .adv_w = 126, .box_w = 8, .box_h = 9, .ofs_x = 0, .ofs_y = 0},
    {.bitmap_index = 474, .adv_w = 116, .box_w = 7, .box_h = 9, .ofs_x = 0, .ofs_y = 0},
    {.bitmap_index = 506, .adv_w = 121, .box_w = 7, .box_h = 9, .ofs_x = 0, .ofs_y = 0},
    {.bitmap_index = 538, .adv_w = 110, .box_w = 7, .box_h = 9, .ofs_x = 0, .ofs_y = 0},
    {.bitmap_index = 570, .adv_w = 121, .box_w = 7, .box_h = 9, .ofs_x = 0, .ofs_y = 0},
    {.bitmap_index = 602, .adv_w = 121, .box_w = 7, .box_h = 9, .ofs_x = 0, .ofs_y = 0},
    {.bitmap_index = 634, .adv_w = 58, .box_w = 3, .box_h = 7, .ofs_x = 0, .ofs_y = 0},
    {.bitmap_index = 645, .adv_w = 61, .box_w = 3, .box_h = 9, .ofs_x = 0, .ofs_y = -3},
    {.bitmap_index = 659, .adv_w = 128, .box_w = 6, .box_h = 8, .ofs_x = 1, .ofs_y = 0},
    {.bitmap_index = 683, .adv_w = 128, .box_w = 6, .box_h = 5, .ofs_x = 1, .ofs_y = 1},
    {.bitmap_index = 698, .adv_w = 128, .box_w = 6, .box_h = 8, .ofs_x = 1, .ofs_y = 0},
    {.bitmap_index = 722, .adv_w = 101, .box_w = 6, .box_h = 9, .ofs_x = 0, .ofs_y = 0},
    {.bitmap_index = 749, .adv_w = 189, .box_w = 12, .box_h = 12, .ofs_x = 0, .ofs_y = -3},
    {.bitmap_index = 821, .adv_w = 136, .box_w = 9, .box_h = 9, .ofs_x = 0, .ofs_y = 0},
    {.bitmap_index = 862, .adv_w = 126, .box_w = 8, .box_h = 9, .ofs_x = 0, .ofs_y = 0},
    {.bitmap_index = 898, .adv_w = 141, .box_w = 9, .box_h = 9, .ofs_x = 0, .ofs_y = 0},
    {.bitmap_index = 939, .adv_w = 139, .box_w = 8, .box_h = 9, .ofs_x = 0, .ofs_y = 0},
    {.bitmap_index = 975, .adv_w = 116, .box_w = 7, .box_h = 9, .ofs_x = 0, .ofs_y = 0},
    {.bitmap_index = 1007, .adv_w = 113, .box_w = 7, .box_h = 9, .ofs_x = 0, .ofs_y = 0},
    {.bitmap_index = 1039, .adv_w = 144, .box_w = 9, .box_h = 9, .ofs_x = 0, .ofs_y = 0},
    {.bitmap_index = 1080, .adv_w = 143, .box_w = 8, .box_h = 9, .ofs_x = 0, .ofs_y = 0},
    {.bitmap_index = 1116, .adv_w = 52, .box_w = 3, .box_h = 9, .ofs_x = 0, .ofs_y = 0},
    {.bitmap_index = 1130, .adv_w = 110, .box_w = 6, .box_h = 9, .ofs_x = 0, .ofs_y = 0},
    {.bitmap_index = 1157, .adv_w = 132, .box_w = 8, .box_h = 9, .ofs_x = 0, .ofs_y = 0},
    {.bitmap_index = 1193, .adv_w = 109, .box_w = 7, .box_h = 9, .ofs_x = 0, .ofs_y = 0},
    {.bitmap_index = 1225, .adv_w = 175, .box_w = 10, .box_h = 9, .ofs_x = 0, .ofs_y = 0},
    {.bitmap_index = 1270, .adv_w = 145, .box_w = 9, .box_h = 9, .ofs_x = 0, .ofs_y = 0},
    {.bitmap_index = 1311, .adv_w = 147, .box_w = 9, .box_h = 9, .ofs_x = 0, .ofs_y = 0},
    {.bitmap_index = 1352, .adv_w = 123, .box_w = 8, .box_h = 9, .ofs_x = 0, .ofs_y = 0},
    {.bitmap_index = 1388, .adv_w = 148, .box_w = 9, .box_h = 10, .ofs_x = 0, .ofs_y = -1},
    {.bitmap_index = 1433, .adv_w = 124, .box_w = 8, .box_h = 9, .ofs_x = 0, .ofs_y = 0},
    {.bitmap_index = 1469, .adv_w = 124, .box_w = 8, .box_h = 9, .ofs_x = 0, .ofs_y = 0},
    {.bitmap_index = 1505, .adv_w = 125, .box_w = 8, .box_h = 9, .ofs_x = 0, .ofs_y = 0},
    {.bitmap_index = 1541, .adv_w = 142, .box_w = 8, .box_h = 9, .ofs_x = 0, .ofs_y = 0},
    {.bitmap_index = 1577, .adv_w = 136, .box_w = 9, .box_h = 9, .ofs_x = 0, .ofs_y = 0},
    {.bitmap_index = 1618, .adv_w = 193, .box_w = 12, .box_h = 9, .ofs_x = 0, .ofs_y = 0},
    {.bitmap_index = 1672, .adv_w = 135, .box_w = 9, .box_h = 9, .ofs_x = 0, .ofs_y = 0},
    {.bitmap_index = 1713, .adv_w = 134, .box_w = 9, .box_h = 9, .ofs_x = 0, .ofs_y = 0},
    {.bitmap_index = 1754, .adv_w = 123, .box_w = 7, .box_h = 9, .ofs_x = 0, .ofs_y = 0},
    {.bitmap_index = 1786, .adv_w = 71, .box_w = 3, .box_h = 12, .ofs_x = 1, .ofs_y = -3},
    {.bitmap_index = 1804, .adv_w = 71, .box_w = 5, .box_h = 11, .ofs_x = 0, .ofs_y = -1},
    {.bitmap_index = 1832, .adv_w = 71, .box_w = 4, .box_h = 12, .ofs_x = 0, .ofs_y = -3},
    {.bitmap_index = 1856, .adv_w = 92, .box_w = 6, .box_h = 5, .ofs_x = 0, .ofs_y = 5},
    {.bitmap_index = 1871, .adv_w = 89, .box_w = 6, .box_h = 2, .ofs_x = 0, .ofs_y = -2},
    {.bitmap_index = 1877, .adv_w = 65, .box_w = 4, .box_h = 2, .ofs_x = 0, .ofs_y = 8},
    {.bitmap_index = 1881, .adv_w = 109, .box_w = 6, .box_h = 7, .ofs_x = 0, .ofs_y = 0},
    {.bitmap_index = 1902, .adv_w = 119, .box_w = 7, .box_h = 9, .ofs_x = 0, .ofs_y = 0},
    {.bitmap_index = 1934, .adv_w = 111, .box_w = 7, .box_h = 7, .ofs_x = 0, .ofs_y = 0},
    {.bitmap_index = 1959, .adv_w = 119, .box_w = 7, .box_h = 9, .ofs_x = 0, .ofs_y = 0},
    {.bitmap_index = 1991, .adv_w = 113, .box_w = 7, .box_h = 7, .ofs_x = 0, .ofs_y = 0},
    {.bitmap_index = 2016, .adv_w = 73, .box_w = 5, .box_h = 9, .ofs_x = 0, .ofs_y = 0},
    {.bitmap_index = 2039, .adv_w = 119, .box_w = 7, .box_h = 10, .ofs_x = 0, .ofs_y = -3},
    {.bitmap_index = 2074, .adv_w = 116, .box_w = 7, .box_h = 9, .ofs_x = 0, .ofs_y = 0},
    {.bitmap_index = 2106, .adv_w = 48, .box_w = 3, .box_h = 9, .ofs_x = 0, .ofs_y = 0},
    {.bitmap_index = 2120, .adv_w = 48, .box_w = 4, .box_h = 12, .ofs_x = -1, .ofs_y = -3},
    {.bitmap_index = 2144, .adv_w = 107, .box_w = 7, .box_h = 9, .ofs_x = 0, .ofs_y = 0},
    {.bitmap_index = 2176, .adv_w = 48, .box_w = 3, .box_h = 9, .ofs_x = 0, .ofs_y = 0},
    {.bitmap_index = 2190, .adv_w = 171, .box_w = 10, .box_h = 7, .ofs_x = 0, .ofs_y = 0},
    {.bitmap_index = 2225, .adv_w = 116, .box_w = 7, .box_h = 7, .ofs_x = 0, .ofs_y = 0},
    {.bitmap_index = 2250, .adv_w = 116, .box_w = 7, .box_h = 7, .ofs_x = 0, .ofs_y = 0},
    {.bitmap_index = 2275, .adv_w = 119, .box_w = 7, .box_h = 10, .ofs_x = 0, .ofs_y = -3},
    {.bitmap_index = 2310, .adv_w = 119, .box_w = 7, .box_h = 10, .ofs_x = 0, .ofs_y = -3},
    {.bitmap_index = 2345, .adv_w = 74, .box_w = 5, .box_h = 8, .ofs_x = 0, .ofs_y = 0},
    {.bitmap_index = 2365, .adv_w = 103, .box_w = 6, .box_h = 7, .ofs_x = 0, .ofs_y = 0},
    {.bitmap_index = 2386, .adv_w = 65, .box_w = 4, .box_h = 9, .ofs_x = 0, .ofs_y = 0},
    {.bitmap_index = 2404, .adv_w = 116, .box_w = 7, .box_h = 7, .ofs_x = 0, .ofs_y = 0},
    {.bitmap_index = 2429, .adv_w = 110, .box_w = 7, .box_h = 7, .ofs_x = 0, .ofs_y = 0},
    {.bitmap_index = 2454, .adv_w = 159, .box_w = 10, .box_h = 7, .ofs_x = 0, .ofs_y = 0},
    {.bitmap_index = 2489, .adv_w = 107, .box_w = 7, .box_h = 7, .ofs_x = 0, .ofs_y = 0},
    {.bitmap_index = 2514, .adv_w = 110, .box_w = 7, .box_h = 10, .ofs_x = 0, .ofs_y = -3},
    {.bitmap_index = 2549, .adv_w = 107, .box_w = 6, .box_h = 7, .ofs_x = 0, .ofs_y = 0},
    {.bitmap_index = 2570, .adv_w = 85, .box_w = 5, .box_h = 12, .ofs_x = 0, .ofs_y = -3},
    {.bitmap_index = 2600, .adv_w = 66, .box_w = 2, .box_h = 15, .ofs_x = 1, .ofs_y = -3},
    {.bitmap_index = 2615, .adv_w = 85, .box_w = 5, .box_h = 12, .ofs_x = 0, .ofs_y = -3},
    {.bitmap_index = 2645, .adv_w = 128, .box_w = 8, .box_h = 3, .ofs_x = 0, .ofs_y = 2},
    {.bitmap_index = 2657, .adv_w = 51, .box_w = 0, .box_h = 0, .ofs_x = 0, .ofs_y = 0},
    {.bitmap_index = 2657, .adv_w = 58, .box_w = 3, .box_h = 10, .ofs_x = 0, .ofs_y = -3},
    {.bitmap_index = 2672, .adv_w = 111, .box_w = 7, .box_h = 9, .ofs_x = 0, .ofs_y = 0},
    {.bitmap_index = 2704, .adv_w = 119, .box_w = 7, .box_h = 9, .ofs_x = 0, .ofs_y = 0},
    {.bitmap_index = 2736, .adv_w = 141, .box_w = 9, .box_h = 9, .ofs_x = 0, .ofs_y = 0},
    {.bitmap_index = 2777, .adv_w = 107, .box_w = 7, .box_h = 9, .ofs_x = 0, .ofs_y = 0},
    {.bitmap_index = 2809, .adv_w = 56, .box_w = 2, .box_h = 11, .ofs_x = 1, .ofs_y = -2},
    {.bitmap_index = 2820, .adv_w = 109, .box_w = 7, .box_h = 12, .ofs_x = 0, .ofs_y = -3},
    {.bitmap_index = 2862, .adv_w = 116, .box_w = 5, .box_h = 2, .ofs_x = 1, .ofs_y = 8},
    {.bitmap_index = 2867, .adv_w = 176, .box_w = 10, .box_h = 10, .ofs_x = 0, .ofs_y = -1},
    {.bitmap_index = 2917, .adv_w = 88, .box_w = 5, .box_h = 5, .ofs_x = 0, .ofs_y = 4},
    {.bitmap_index = 2930, .adv_w = 117, .box_w = 7, .box_h = 6, .ofs_x = 0, .ofs_y = 1},
    {.bitmap_index = 2951, .adv_w = 128, .box_w = 6, .box_h = 3, .ofs_x = 1, .ofs_y = 2},
    {.bitmap_index = 2960, .adv_w = 128, .box_w = 8, .box_h = 7, .ofs_x = 0, .ofs_y = 2},
    {.bitmap_index = 2988, .adv_w = 89, .box_w = 4, .box_h = 1, .ofs_x = 1, .ofs_y = 8},
    {.bitmap_index = 2990, .adv_w = 88, .box_w = 5, .box_h = 5, .ofs_x = 0, .ofs_y = 4},
    {.bitmap_index = 3003, .adv_w = 128, .box_w = 6, .box_h = 7, .ofs_x = 1, .ofs_y = 0},
    {.bitmap_index = 3024, .adv_w = 86, .box_w = 5, .box_h = 5, .ofs_x = 0, .ofs_y = 5},
    {.bitmap_index = 3037, .adv_w = 87, .box_w = 5, .box_h = 5, .ofs_x = 0, .ofs_y = 5},
    {.bitmap_index = 3050, .adv_w = 65, .box_w = 4, .box_h = 2, .ofs_x = 0, .ofs_y = 8},
    {.bitmap_index = 3054, .adv_w = 115, .box_w = 8, .box_h = 10, .ofs_x = 0, .ofs_y = -3},
    {.bitmap_index = 3094, .adv_w = 115, .box_w = 7, .box_h = 9, .ofs_x = 0, .ofs_y = 0},
    {.bitmap_index = 3126, .adv_w = 58, .box_w = 3, .box_h = 2, .ofs_x = 0, .ofs_y = 3},
    {.bitmap_index = 3129, .adv_w = 58, .box_w = 3, .box_h = 4, .ofs_x = 1, .ofs_y = -3},
    {.bitmap_index = 3135, .adv_w = 60, .box_w = 4, .box_h = 5, .ofs_x = 0, .ofs_y = 5},
    {.bitmap_index = 3145, .adv_w = 93, .box_w = 6, .box_h = 5, .ofs_x = 0, .ofs_y = 4},
    {.bitmap_index = 3160, .adv_w = 117, .box_w = 7, .box_h = 6, .ofs_x = 0, .ofs_y = 1},
    {.bitmap_index = 3181, .adv_w = 157, .box_w = 10, .box_h = 10, .ofs_x = 0, .ofs_y = 0},
    {.bitmap_index = 3231, .adv_w = 165, .box_w = 10, .box_h = 10, .ofs_x = 0, .ofs_y = 0},
    {.bitmap_index = 3281, .adv_w = 172, .box_w = 11, .box_h = 10, .ofs_x = 0, .ofs_y = 0},
    {.bitmap_index = 3336, .adv_w = 101, .box_w = 6, .box_h = 10, .ofs_x = 0, .ofs_y = -3},
    {.bitmap_index = 3366, .adv_w = 136, .box_w = 9, .box_h = 12, .ofs_x = 0, .ofs_y = 0},
    {.bitmap_index = 3420, .adv_w = 136, .box_w = 9, .box_h = 12, .ofs_x = 0, .ofs_y = 0},
    {.bitmap_index = 3474, .adv_w = 136, .box_w = 9, .box_h = 12, .ofs_x = 0, .ofs_y = 0},
    {.bitmap_index = 3528, .adv_w = 136, .box_w = 9, .box_h = 12, .ofs_x = 0, .ofs_y = 0},
    {.bitmap_index = 3582, .adv_w = 136, .box_w = 9, .box_h = 12, .ofs_x = 0, .ofs_y = 0},
    {.bitmap_index = 3636, .adv_w = 136, .box_w = 9, .box_h = 13, .ofs_x = 0, .ofs_y = 0},
    {.bitmap_index = 3695, .adv_w = 193, .box_w = 12, .box_h = 9, .ofs_x = 0, .ofs_y = 0},
    {.bitmap_index = 3749, .adv_w = 141, .box_w = 9, .box_h = 12, .ofs_x = 0, .ofs_y = -3},
    {.bitmap_index = 3803, .adv_w = 116, .box_w = 7, .box_h = 12, .ofs_x = 0, .ofs_y = 0},
    {.bitmap_index = 3845, .adv_w = 116, .box_w = 7, .box_h = 12, .ofs_x = 0, .ofs_y = 0},
    {.bitmap_index = 3887, .adv_w = 116, .box_w = 7, .box_h = 12, .ofs_x = 0, .ofs_y = 0},
    {.bitmap_index = 3929, .adv_w = 116, .box_w = 7, .box_h = 12, .ofs_x = 0, .ofs_y = 0},
    {.bitmap_index = 3971, .adv_w = 52, .box_w = 3, .box_h = 12, .ofs_x = 0, .ofs_y = 0},
    {.bitmap_index = 3989, .adv_w = 52, .box_w = 4, .box_h = 12, .ofs_x = 0, .ofs_y = 0},
    {.bitmap_index = 4013, .adv_w = 52, .box_w = 5, .box_h = 12, .ofs_x = -1, .ofs_y = 0},
    {.bitmap_index = 4043, .adv_w = 52, .box_w = 5, .box_h = 12, .ofs_x = -1, .ofs_y = 0},
    {.bitmap_index = 4073, .adv_w = 143, .box_w = 9, .box_h = 9, .ofs_x = 0, .ofs_y = 0},
    {.bitmap_index = 4114, .adv_w = 145, .box_w = 9, .box_h = 12, .ofs_x = 0, .ofs_y = 0},
    {.bitmap_index = 4168, .adv_w = 147, .box_w = 9, .box_h = 12, .ofs_x = 0, .ofs_y = 0},
    {.bitmap_index = 4222, .adv_w = 147, .box_w = 9, .box_h = 12, .ofs_x = 0, .ofs_y = 0},
    {.bitmap_index = 4276, .adv_w = 147, .box_w = 9, .box_h = 12, .ofs_x = 0, .ofs_y = 0},
    {.bitmap_index = 4330, .adv_w = 147, .box_w = 9, .box_h = 12, .ofs_x = 0, .ofs_y = 0},
    {.bitmap_index = 4384, .adv_w = 147, .box_w = 9, .box_h = 12, .ofs_x = 0, .ofs_y = 0},
    {.bitmap_index = 4438, .adv_w = 128, .box_w = 6, .box_h = 7, .ofs_x = 1, .ofs_y = 0},
    {.bitmap_index = 4459, .adv_w = 147, .box_w = 9, .box_h = 11, .ofs_x = 0, .ofs_y = -1},
    {.bitmap_index = 4509, .adv_w = 142, .box_w = 8, .box_h = 12, .ofs_x = 0, .ofs_y = 0},
    {.bitmap_index = 4557, .adv_w = 142, .box_w = 8, .box_h = 12, .ofs_x = 0, .ofs_y = 0},
    {.bitmap_index = 4605, .adv_w = 142, .box_w = 8, .box_h = 12, .ofs_x = 0, .ofs_y = 0},
    {.bitmap_index = 4653, .adv_w = 142, .box_w = 8, .box_h = 12, .ofs_x = 0, .ofs_y = 0},
    {.bitmap_index = 4701, .adv_w = 134, .box_w = 9, .box_h = 12, .ofs_x = 0, .ofs_y = 0},
    {.bitmap_index = 4755, .adv_w = 124, .box_w = 7, .box_h = 9, .ofs_x = 0, .ofs_y = 0},
    {.bitmap_index = 4787, .adv_w = 121, .box_w = 7, .box_h = 9, .ofs_x = 0, .ofs_y = 0},
    {.bitmap_index = 4819, .adv_w = 109, .box_w = 6, .box_h = 10, .ofs_x = 0, .ofs_y = 0},
    {.bitmap_index = 4849, .adv_w = 109, .box_w = 6, .box_h = 10, .ofs_x = 0, .ofs_y = 0},
    {.bitmap_index = 4879, .adv_w = 109, .box_w = 6, .box_h = 10, .ofs_x = 0, .ofs_y = 0},
    {.bitmap_index = 4909, .adv_w = 109, .box_w = 6, .box_h = 9, .ofs_x = 0, .ofs_y = 0},
    {.bitmap_index = 4936, .adv_w = 109, .box_w = 6, .box_h = 9, .ofs_x = 0, .ofs_y = 0},
    {.bitmap_index = 4963, .adv_w = 109, .box_w = 6, .box_h = 11, .ofs_x = 0, .ofs_y = 0},
    {.bitmap_index = 4996, .adv_w = 176, .box_w = 11, .box_h = 7, .ofs_x = 0, .ofs_y = 0},
    {.bitmap_index = 5035, .adv_w = 111, .box_w = 7, .box_h = 10, .ofs_x = 0, .ofs_y = -3},
    {.bitmap_index = 5070, .adv_w = 113, .box_w = 7, .box_h = 10, .ofs_x = 0, .ofs_y = 0},
    {.bitmap_index = 5105, .adv_w = 113, .box_w = 7, .box_h = 10, .ofs_x = 0, .ofs_y = 0},
    {.bitmap_index = 5140, .adv_w = 113, .box_w = 7, .box_h = 10, .ofs_x = 0, .ofs_y = 0},
    {.bitmap_index = 5175, .adv_w = 113, .box_w = 7, .box_h = 9, .ofs_x = 0, .ofs_y = 0},
    {.bitmap_index = 5207, .adv_w = 48, .box_w = 4, .box_h = 10, .ofs_x = -1, .ofs_y = 0},
    {.bitmap_index = 5227, .adv_w = 48, .box_w = 4, .box_h = 10, .ofs_x = 0, .ofs_y = 0},
    {.bitmap_index = 5247, .adv_w = 48, .box_w = 5, .box_h = 10, .ofs_x = -1, .ofs_y = 0},
    {.bitmap_index = 5272, .adv_w = 48, .box_w = 5, .box_h = 9, .ofs_x = -1, .ofs_y = 0},
    {.bitmap_index = 5295, .adv_w = 113, .box_w = 7, .box_h = 11, .ofs_x = 0, .ofs_y = 0},
    {.bitmap_index = 5334, .adv_w = 116, .box_w = 7, .box_h = 9, .ofs_x = 0, .ofs_y = 0},
    {.bitmap_index = 5366, .adv_w = 116, .box_w = 7, .box_h = 10, .ofs_x = 0, .ofs_y = 0},
    {.bitmap_index = 5401, .adv_w = 116, .box_w = 7, .box_h = 10, .ofs_x = 0, .ofs_y = 0},
    {.bitmap_index = 5436, .adv_w = 116, .box_w = 7, .box_h = 10, .ofs_x = 0, .ofs_y = 0},
    {.bitmap_index = 5471, .adv_w = 116, .box_w = 7, .box_h = 9, .ofs_x = 0, .ofs_y = 0},
    {.bitmap_index = 5503, .adv_w = 116, .box_w = 7, .box_h = 9, .ofs_x = 0, .ofs_y = 0},
    {.bitmap_index = 5535, .adv_w = 128, .box_w = 6, .box_h = 7, .ofs_x = 1, .ofs_y = 0},
    {.bitmap_index = 5556, .adv_w = 116, .box_w = 7, .box_h = 9, .ofs_x = 0, .ofs_y = -1},
    {.bitmap_index = 5588, .adv_w = 116, .box_w = 7, .box_h = 10, .ofs_x = 0, .ofs_y = 0},
    {.bitmap_index = 5623, .adv_w = 116, .box_w = 7, .box_h = 10, .ofs_x = 0, .ofs_y = 0},
    {.bitmap_index = 5658, .adv_w = 116, .box_w = 7, .box_h = 10, .ofs_x = 0, .ofs_y = 0},
    {.bitmap_index = 5693, .adv_w = 116, .box_w = 7, .box_h = 9, .ofs_x = 0, .ofs_y = 0},
    {.bitmap_index = 5725, .adv_w = 110, .box_w = 7, .box_h = 12, .ofs_x = 0, .ofs_y = -3},
    {.bitmap_index = 5767, .adv_w = 119, .box_w = 7, .box_h = 12, .ofs_x = 0, .ofs_y = -3},
    {.bitmap_index = 5809, .adv_w = 110, .box_w = 7, .box_h = 12, .ofs_x = 0, .ofs_y = -3},
    {.bitmap_index = 5851, .adv_w = 136, .box_w = 9, .box_h = 12, .ofs_x = 0, .ofs_y = 0},
    {.bitmap_index = 5905, .adv_w = 109, .box_w = 6, .box_h = 9, .ofs_x = 0, .ofs_y = 0},
    {.bitmap_index = 5932, .adv_w = 136, .box_w = 9, .box_h = 12, .ofs_x = 0, .ofs_y = 0},
    {.bitmap_index = 5986, .adv_w = 109, .box_w = 6, .box_h = 10, .ofs_x = 0, .ofs_y = 0},
    {.bitmap_index = 6016, .adv_w = 136, .box_w = 9, .box_h = 12, .ofs_x = 0, .ofs_y = -3},
    {.bitmap_index = 6070, .adv_w = 109, .box_w = 7, .box_h = 10, .ofs_x = 0, .ofs_y = -3},
    {.bitmap_index = 6105, .adv_w = 141, .box_w = 9, .box_h = 12, .ofs_x = 0, .ofs_y = 0},
    {.bitmap_index = 6159, .adv_w = 111, .box_w = 7, .box_h = 10, .ofs_x = 0, .ofs_y = 0},
    {.bitmap_index = 6194, .adv_w = 141, .box_w = 9, .box_h = 12, .ofs_x = 0, .ofs_y = 0},
    {.bitmap_index = 6248, .adv_w = 111, .box_w = 7, .box_h = 10, .ofs_x = 0, .ofs_y = 0},
    {.bitmap_index = 6283, .adv_w = 141, .box_w = 9, .box_h = 12, .ofs_x = 0, .ofs_y = 0},
    {.bitmap_index = 6337, .adv_w = 111, .box_w = 7, .box_h = 9, .ofs_x = 0, .ofs_y = 0},
    {.bitmap_index = 6369, .adv_w = 141, .box_w = 9, .box_h = 12, .ofs_x = 0, .ofs_y = 0},
    {.bitmap_index = 6423, .adv_w = 111, .box_w = 7, .box_h = 10, .ofs_x = 0, .ofs_y = 0},
    {.bitmap_index = 6458, .adv_w = 139, .box_w = 8, .box_h = 12, .ofs_x = 0, .ofs_y = 0},
    {.bitmap_index = 6506, .adv_w = 139, .box_w = 9, .box_h = 10, .ofs_x = 0, .ofs_y = 0},
    {.bitmap_index = 6551, .adv_w = 143, .box_w = 9, .box_h = 9, .ofs_x = 0, .ofs_y = 0},
    {.bitmap_index = 6592, .adv_w = 119, .box_w = 8, .box_h = 9, .ofs_x = 0, .ofs_y = 0},
    {.bitmap_index = 6628, .adv_w = 116, .box_w = 7, .box_h = 12, .ofs_x = 0, .ofs_y = 0},
    {.bitmap_index = 6670, .adv_w = 113, .box_w = 7, .box_h = 9, .ofs_x = 0, .ofs_y = 0},
    {.bitmap_index = 6702, .adv_w = 116, .box_w = 7, .box_h = 12, .ofs_x = 0, .ofs_y = 0},
    {.bitmap_index = 6744, .adv_w = 113, .box_w = 7, .box_h = 10, .ofs_x = 0, .ofs_y = 0},
    {.bitmap_index = 6779, .adv_w = 116, .box_w = 7, .box_h = 12, .ofs_x = 0, .ofs_y = 0},
    {.bitmap_index = 6821, .adv_w = 113, .box_w = 7, .box_h = 9, .ofs_x = 0, .ofs_y = 0},
    {.bitmap_index = 6853, .adv_w = 116, .box_w = 7, .box_h = 12, .ofs_x = 0, .ofs_y = -3},
    {.bitmap_index = 6895, .adv_w = 113, .box_w = 7, .box_h = 10, .ofs_x = 0, .ofs_y = -3},
    {.bitmap_index = 6930, .adv_w = 116, .box_w = 7, .box_h = 12, .ofs_x = 0, .ofs_y = 0},
    {.bitmap_index = 6972, .adv_w = 113, .box_w = 7, .box_h = 10, .ofs_x = 0, .ofs_y = 0},
    {.bitmap_index = 7007, .adv_w = 144, .box_w = 9, .box_h = 12, .ofs_x = 0, .ofs_y = 0},
    {.bitmap_index = 7061, .adv_w = 119, .box_w = 7, .box_h = 13, .ofs_x = 0, .ofs_y = -3},
    {.bitmap_index = 7107, .adv_w = 144, .box_w = 9, .box_h = 12, .ofs_x = 0, .ofs_y = 0},
    {.bitmap_index = 7161, .adv_w = 119, .box_w = 7, .box_h = 13, .ofs_x = 0, .ofs_y = -3},
    {.bitmap_index = 7207, .adv_w = 144, .box_w = 9, .box_h = 12, .ofs_x = 0, .ofs_y = 0},
    {.bitmap_index = 7261, .adv_w = 119, .box_w = 7, .box_h = 12, .ofs_x = 0, .ofs_y = -3},
    {.bitmap_index = 7303, .adv_w = 144, .box_w = 9, .box_h = 12, .ofs_x = 0, .ofs_y = -3},
    {.bitmap_index = 7357, .adv_w = 119, .box_w = 7, .box_h = 14, .ofs_x = 0, .ofs_y = -3},
    {.bitmap_index = 7406, .adv_w = 143, .box_w = 8, .box_h = 12, .ofs_x = 0, .ofs_y = 0},
    {.bitmap_index = 7454, .adv_w = 116, .box_w = 8, .box_h = 12, .ofs_x = -1, .ofs_y = 0},
    {.bitmap_index = 7502, .adv_w = 151, .box_w = 9, .box_h = 9, .ofs_x = 0, .ofs_y = 0},
    {.bitmap_index = 7543, .adv_w = 116, .box_w = 7, .box_h = 9, .ofs_x = 0, .ofs_y = 0},
    {.bitmap_index = 7575, .adv_w = 52, .box_w = 5, .box_h = 12, .ofs_x = -1, .ofs_y = 0},
    {.bitmap_index = 7605, .adv_w = 48, .box_w = 5, .box_h = 9, .ofs_x = -1, .ofs_y = 0},
    {.bitmap_index = 7628, .adv_w = 52, .box_w = 4, .box_h = 12, .ofs_x = 0, .ofs_y = 0},
    {.bitmap_index = 7652, .adv_w = 48, .box_w = 5, .box_h = 9, .ofs_x = -1, .ofs_y = 0},
    {.bitmap_index = 7675, .adv_w = 52, .box_w = 5, .box_h = 12, .ofs_x = -1, .ofs_y = 0},
    {.bitmap_index = 7705, .adv_w = 48, .box_w = 5, .box_h = 10, .ofs_x = -1, .ofs_y = 0},
    {.bitmap_index = 7730, .adv_w = 52, .box_w = 3, .box_h = 12, .ofs_x = 0, .ofs_y = -3},
    {.bitmap_index = 7748, .adv_w = 48, .box_w = 4, .box_h = 12, .ofs_x = -1, .ofs_y = -3},
    {.bitmap_index = 7772, .adv_w = 52, .box_w = 3, .box_h = 12, .ofs_x = 0, .ofs_y = 0},
    {.bitmap_index = 7790, .adv_w = 48, .box_w = 3, .box_h = 7, .ofs_x = 0, .ofs_y = 0},
    {.bitmap_index = 7801, .adv_w = 163, .box_w = 10, .box_h = 9, .ofs_x = 0, .ofs_y = 0},
    {.bitmap_index = 7846, .adv_w = 97, .box_w = 6, .box_h = 12, .ofs_x = 0, .ofs_y = -3},
    {.bitmap_index = 7882, .adv_w = 110, .box_w = 8, .box_h = 12, .ofs_x = 0, .ofs_y = 0},
    {.bitmap_index = 7930, .adv_w = 48, .box_w = 5, .box_h = 12, .ofs_x = -1, .ofs_y = -3},
    {.bitmap_index = 7960, .adv_w = 132, .box_w = 8, .box_h = 12, .ofs_x = 0, .ofs_y = -3},
    {.bitmap_index = 8008, .adv_w = 107, .box_w = 7, .box_h = 12, .ofs_x = 0, .ofs_y = -3},
    {.bitmap_index = 8050, .adv_w = 105, .box_w = 7, .box_h = 7, .ofs_x = 0, .ofs_y = 0},
    {.bitmap_index = 8075, .adv_w = 109, .box_w = 7, .box_h = 12, .ofs_x = 0, .ofs_y = 0},
    {.bitmap_index = 8117, .adv_w = 48, .box_w = 4, .box_h = 12, .ofs_x = 0, .ofs_y = 0},
    {.bitmap_index = 8141, .adv_w = 109, .box_w = 7, .box_h = 12, .ofs_x = 0, .ofs_y = -3},
    {.bitmap_index = 8183, .adv_w = 48, .box_w = 3, .box_h = 12, .ofs_x = 0, .ofs_y = -3},
    {.bitmap_index = 8201, .adv_w = 109, .box_w = 7, .box_h = 10, .ofs_x = 0, .ofs_y = 0},
    {.bitmap_index = 8236, .adv_w = 69, .box_w = 5, .box_h = 10, .ofs_x = 0, .ofs_y = 0},
    {.bitmap_index = 8261, .adv_w = 109, .box_w = 7, .box_h = 9, .ofs_x = 0, .ofs_y = 0},
    {.bitmap_index = 8293, .adv_w = 75, .box_w = 5, .box_h = 9, .ofs_x = 0, .ofs_y = 0},
    {.bitmap_index = 8316, .adv_w = 115, .box_w = 7, .box_h = 9, .ofs_x = 0, .ofs_y = 0},
    {.bitmap_index = 8348, .adv_w = 48, .box_w = 5, .box_h = 9, .ofs_x = -1, .ofs_y = 0},
    {.bitmap_index = 8371, .adv_w = 145, .box_w = 9, .box_h = 12, .ofs_x = 0, .ofs_y = 0},
    {.bitmap_index = 8425, .adv_w = 116, .box_w = 7, .box_h = 10, .ofs_x = 0, .ofs_y = 0},
    {.bitmap_index = 8460, .adv_w = 145, .box_w = 9, .box_h = 12, .ofs_x = 0, .ofs_y = -3},
    {.bitmap_index = 8514, .adv_w = 116, .box_w = 7, .box_h = 10, .ofs_x = 0, .ofs_y = -3},
    {.bitmap_index = 8549, .adv_w = 145, .box_w = 9, .box_h = 12, .ofs_x = 0, .ofs_y = 0},
    {.bitmap_index = 8603, .adv_w = 116, .box_w = 7, .box_h = 10, .ofs_x = 0, .ofs_y = 0},
    {.bitmap_index = 8638, .adv_w = 145, .box_w = 9, .box_h = 12, .ofs_x = 0, .ofs_y = -3},
    {.bitmap_index = 8692, .adv_w = 116, .box_w = 7, .box_h = 10, .ofs_x = 0, .ofs_y = -3},
    {.bitmap_index = 8727, .adv_w = 147, .box_w = 9, .box_h = 12, .ofs_x = 0, .ofs_y = 0},
    {.bitmap_index = 8781, .adv_w = 116, .box_w = 7, .box_h = 9, .ofs_x = 0, .ofs_y = 0},
    {.bitmap_index = 8813, .adv_w = 147, .box_w = 9, .box_h = 12, .ofs_x = 0, .ofs_y = 0},
    {.bitmap_index = 8867, .adv_w = 116, .box_w = 7, .box_h = 10, .ofs_x = 0, .ofs_y = 0},
    {.bitmap_index = 8902, .adv_w = 147, .box_w = 9, .box_h = 12, .ofs_x = 0, .ofs_y = 0},
    {.bitmap_index = 8956, .adv_w = 116, .box_w = 7, .box_h = 10, .ofs_x = 0, .ofs_y = 0},
    {.bitmap_index = 8991, .adv_w = 194, .box_w = 12, .box_h = 9, .ofs_x = 0, .ofs_y = 0},
    {.bitmap_index = 9045, .adv_w = 191, .box_w = 12, .box_h = 7, .ofs_x = 0, .ofs_y = 0},
    {.bitmap_index = 9087, .adv_w = 124, .box_w = 8, .box_h = 12, .ofs_x = 0, .ofs_y = 0},
    {.bitmap_index = 9135, .adv_w = 74, .box_w = 5, .box_h = 10, .ofs_x = 0, .ofs_y = 0},
    {.bitmap_index = 9160, .adv_w = 124, .box_w = 8, .box_h = 12, .ofs_x = 0, .ofs_y = -3},
    {.bitmap_index = 9208, .adv_w = 74, .box_w = 5, .box_h = 11, .ofs_x = 0, .ofs_y = -3},
    {.bitmap_index = 9236, .adv_w = 124, .box_w = 8, .box_h = 12, .ofs_x = 0, .ofs_y = 0},
    {.bitmap_index = 9284, .adv_w = 74, .box_w = 5, .box_h = 10, .ofs_x = 0, .ofs_y = 0},
    {.bitmap_index = 9309, .adv_w = 124, .box_w = 8, .box_h = 12, .ofs_x = 0, .ofs_y = 0},
    {.bitmap_index = 9357, .adv_w = 103, .box_w = 6, .box_h = 10, .ofs_x = 0, .ofs_y = 0},
    {.bitmap_index = 9387, .adv_w = 124, .box_w = 8, .box_h = 12, .ofs_x = 0, .ofs_y = 0},
    {.bitmap_index = 9435, .adv_w = 103, .box_w = 6, .box_h = 10, .ofs_x = 0, .ofs_y = 0},
    {.bitmap_index = 9465, .adv_w = 124, .box_w = 8, .box_h = 12, .ofs_x = 0, .ofs_y = -3},
    {.bitmap_index = 9513, .adv_w = 103, .box_w = 6, .box_h = 10, .ofs_x = 0, .ofs_y = -3},
    {.bitmap_index = 9543, .adv_w = 124, .box_w = 8, .box_h = 13, .ofs_x = 0, .ofs_y = 0},
    {.bitmap_index = 9595, .adv_w = 103, .box_w = 6, .box_h = 10, .ofs_x = 0, .ofs_y = 0},
    {.bitmap_index = 9625, .adv_w = 125, .box_w = 8, .box_h = 12, .ofs_x = 0, .ofs_y = -3},
    {.bitmap_index = 9673, .adv_w = 65, .box_w = 5, .box_h = 11, .ofs_x = 0, .ofs_y = -3},
    {.bitmap_index = 9701, .adv_w = 125, .box_w = 8, .box_h = 12, .ofs_x = 0, .ofs_y = 0},
    {.bitmap_index = 9749, .adv_w = 76, .box_w = 5, .box_h = 11, .ofs_x = 0, .ofs_y = 0},
    {.bitmap_index = 9777, .adv_w = 125, .box_w = 8, .box_h = 9, .ofs_x = 0, .ofs_y = 0},
    {.bitmap_index = 9813, .adv_w = 65, .box_w = 4, .box_h = 9, .ofs_x = 0, .ofs_y = 0},
    {.bitmap_index = 9831, .adv_w = 142, .box_w = 8, .box_h = 12, .ofs_x = 0, .ofs_y = 0},
    {.bitmap_index = 9879, .adv_w = 116, .box_w = 7, .box_h = 9, .ofs_x = 0, .ofs_y = 0},
    {.bitmap_index = 9911, .adv_w = 142, .box_w = 8, .box_h = 12, .ofs_x = 0, .ofs_y = 0},
    {.bitmap_index = 9959, .adv_w = 116, .box_w = 7, .box_h = 9, .ofs_x = 0, .ofs_y = 0},
    {.bitmap_index = 9991, .adv_w = 142, .box_w = 8, .box_h = 12, .ofs_x = 0, .ofs_y = 0},
    {.bitmap_index = 10039, .adv_w = 116, .box_w = 7, .box_h = 10, .ofs_x = 0, .ofs_y = 0},
    {.bitmap_index = 10074, .adv_w = 142, .box_w = 8, .box_h = 13, .ofs_x = 0, .ofs_y = 0},
    {.bitmap_index = 10126, .adv_w = 116, .box_w = 7, .box_h = 11, .ofs_x = 0, .ofs_y = 0},
    {.bitmap_index = 10165, .adv_w = 142, .box_w = 8, .box_h = 12, .ofs_x = 0, .ofs_y = 0},
    {.bitmap_index = 10213, .adv_w = 116, .box_w = 7, .box_h = 10, .ofs_x = 0, .ofs_y = 0},
    {.bitmap_index = 10248, .adv_w = 142, .box_w = 8, .box_h = 12, .ofs_x = 0, .ofs_y = -3},
    {.bitmap_index = 10296, .adv_w = 116, .box_w = 7, .box_h = 10, .ofs_x = 0, .ofs_y = -3},
    {.bitmap_index = 10331, .adv_w = 193, .box_w = 12, .box_h = 12, .ofs_x = 0, .ofs_y = 0},
    {.bitmap_index = 10403, .adv_w = 159, .box_w = 10, .box_h = 10, .ofs_x = 0, .ofs_y = 0},
    {.bitmap_index = 10453, .adv_w = 134, .box_w = 9, .box_h = 12, .ofs_x = 0, .ofs_y = 0},
    {.bitmap_index = 10507, .adv_w = 110, .box_w = 7, .box_h = 13, .ofs_x = 0, .ofs_y = -3},
    {.bitmap_index = 10553, .adv_w = 134, .box_w = 9, .box_h = 12, .ofs_x = 0, .ofs_y = 0},
    {.bitmap_index = 10607, .adv_w = 123, .box_w = 7, .box_h = 12, .ofs_x = 0, .ofs_y = 0},
    {.bitmap_index = 10649, .adv_w = 107, .box_w = 6, .box_h = 10, .ofs_x = 0, .ofs_y = 0},
    {.bitmap_index = 10679, .adv_w = 123, .box_w = 7, .box_h = 12, .ofs_x = 0, .ofs_y = 0},
    {.bitmap_index = 10721, .adv_w = 107, .box_w = 6, .box_h = 9, .ofs_x = 0, .ofs_y = 0},
    {.bitmap_index = 10748, .adv_w = 123, .box_w = 7, .box_h = 12, .ofs_x = 0, .ofs_y = 0},
    {.bitmap_index = 10790, .adv_w = 107, .box_w = 6, .box_h = 10, .ofs_x = 0, .ofs_y = 0},
    {.bitmap_index = 10820, .adv_w = 62, .box_w = 4, .box_h = 9, .ofs_x = 0, .ofs_y = 0},
    {.bitmap_index = 10838, .adv_w = 106, .box_w = 0, .box_h = 0, .ofs_x = 0, .ofs_y = 0},
    {.bitmap_index = 10838, .adv_w = 212, .box_w = 0, .box_h = 0, .ofs_x = 0, .ofs_y = 0},
    {.bitmap_index = 10838, .adv_w = 96, .box_w = 0, .box_h = 0, .ofs_x = 0, .ofs_y = 0},
    {.bitmap_index = 10838, .adv_w = 192, .box_w = 0, .box_h = 0, .ofs_x = 0, .ofs_y = 0},
    {.bitmap_index = 10838, .adv_w = 64, .box_w = 0, .box_h = 0, .ofs_x = 0, .ofs_y = 0},
    {.bitmap_index = 10838, .adv_w = 48, .box_w = 0, .box_h = 0, .ofs_x = 0, .ofs_y = 0},
    {.bitmap_index = 10838, .adv_w = 32, .box_w = 0, .box_h = 0, .ofs_x = 0, .ofs_y = 0},
    {.bitmap_index = 10838, .adv_w = 124, .box_w = 0, .box_h = 0, .ofs_x = 0, .ofs_y = 0},
    {.bitmap_index = 10838, .adv_w = 58, .box_w = 0, .box_h = 0, .ofs_x = 0, .ofs_y = 0},
    {.bitmap_index = 10838, .adv_w = 33, .box_w = 0, .box_h = 0, .ofs_x = 0, .ofs_y = 0},
    {.bitmap_index = 10838, .adv_w = 17, .box_w = 0, .box_h = 0, .ofs_x = 0, .ofs_y = 0},
    {.bitmap_index = 10838, .adv_w = 0, .box_w = 0, .box_h = 0, .ofs_x = 0, .ofs_y = 0},
    {.bitmap_index = 10838, .adv_w = 75, .box_w = 5, .box_h = 2, .ofs_x = 0, .ofs_y = 2},
    {.bitmap_index = 10843, .adv_w = 75, .box_w = 5, .box_h = 2, .ofs_x = 0, .ofs_y = 2},
    {.bitmap_index = 10848, .adv_w = 124, .box_w = 8, .box_h = 2, .ofs_x = 0, .ofs_y = 3},
    {.bitmap_index = 10856, .adv_w = 96, .box_w = 6, .box_h = 2, .ofs_x = 0, .ofs_y = 2},
    {.bitmap_index = 10862, .adv_w = 192, .box_w = 12, .box_h = 2, .ofs_x = 0, .ofs_y = 2},
    {.bitmap_index = 10874, .adv_w = 192, .box_w = 12, .box_h = 2, .ofs_x = 0, .ofs_y = 2},
    {.bitmap_index = 10886, .adv_w = 98, .box_w = 4, .box_h = 15, .ofs_x = 1, .ofs_y = -3},
    {.bitmap_index = 10916, .adv_w = 88, .box_w = 6, .box_h = 3, .ofs_x = 0, .ofs_y = -3},
    {.bitmap_index = 10925, .adv_w = 53, .box_w = 3, .box_h = 4, .ofs_x = 0, .ofs_y = 5},
    {.bitmap_index = 10931, .adv_w = 53, .box_w = 3, .box_h = 4, .ofs_x = 0, .ofs_y = 6},
    {.bitmap_index = 10937, .adv_w = 49, .box_w = 3, .box_h = 4, .ofs_x = 0, .ofs_y = -3},
    {.bitmap_index = 10943, .adv_w = 53, .box_w = 3, .box_h = 4, .ofs_x = 0, .ofs_y = 5},
    {.bitmap_index = 10949, .adv_w = 91, .box_w = 6, .box_h = 4, .ofs_x = 0, .ofs_y = 5},
    {.bitmap_index = 10961, .adv_w = 90, .box_w = 6, .box_h = 4, .ofs_x = 0, .ofs_y = 6},
    {.bitmap_index = 10973, .adv_w = 87, .box_w = 5, .box_h = 4, .ofs_x = 0, .ofs_y = -3},
    {.bitmap_index = 10983, .adv_w = 90, .box_w = 5, .box_h = 4, .ofs_x = 0, .ofs_y = 5},
    {.bitmap_index = 10993, .adv_w = 100, .box_w = 6, .box_h = 7, .ofs_x = 0, .ofs_y = 2},
    {.bitmap_index = 11014, .adv_w = 100, .box_w = 6, .box_h = 9, .ofs_x = 0, .ofs_y = 0},
    {.bitmap_index = 11041, .adv_w = 102, .box_w = 5, .box_h = 4, .ofs_x = 1, .ofs_y = 2},
    {.bitmap_index = 11051, .adv_w = 102, .box_w = 5, .box_h = 5, .ofs_x = 1, .ofs_y = 1},
    {.bitmap_index = 11064, .adv_w = 58, .box_w = 3, .box_h = 2, .ofs_x = 0, .ofs_y = 0},
    {.bitmap_index = 11067, .adv_w = 117, .box_w = 7, .box_h = 2, .ofs_x = 0, .ofs_y = 0},
    {.bitmap_index = 11074, .adv_w = 175, .box_w = 10, .box_h = 2, .ofs_x = 0, .ofs_y = 0},
    {.bitmap_index = 11084, .adv_w = 58, .box_w = 3, .box_h = 2, .ofs_x = 0, .ofs_y = 3},
    {.bitmap_index = 11087, .adv_w = 33, .box_w = 0, .box_h = 0, .ofs_x = 0, .ofs_y = 0},
    {.bitmap_index = 11087, .adv_w = 260, .box_w = 14, .box_h = 9, .ofs_x = 1, .ofs_y = 0},
    {.bitmap_index = 11150, .adv_w = 329, .box_w = 19, .box_h = 9, .ofs_x = 1, .ofs_y = 0},
    {.bitmap_index = 11236, .adv_w = 46, .box_w = 3, .box_h = 4, .ofs_x = 0, .ofs_y = 5},
    {.bitmap_index = 11242, .adv_w = 92, .box_w = 6, .box_h = 4, .ofs_x = 0, .ofs_y = 5},
    {.bitmap_index = 11254, .adv_w = 137, .box_w = 8, .box_h = 4, .ofs_x = 0, .ofs_y = 5},
    {.bitmap_index = 11270, .adv_w = 46, .box_w = 3, .box_h = 4, .ofs_x = 0, .ofs_y = 5},
    {.bitmap_index = 11276, .adv_w = 92, .box_w = 6, .box_h = 4, .ofs_x = 0, .ofs_y = 5},
    {.bitmap_index = 11288, .adv_w = 137, .box_w = 8, .box_h = 4, .ofs_x = 0, .ofs_y = 5},
    {.bitmap_index = 11304, .adv_w = 93, .box_w = 6, .box_h = 3, .ofs_x = 0, .ofs_y = -3},
    {.bitmap_index = 11313, .adv_w = 77, .box_w = 5, .box_h = 6, .ofs_x = 0, .ofs_y = 1},
    {.bitmap_index = 11328, .adv_w = 77, .box_w = 5, .box_h = 6, .ofs_x = 0, .ofs_y = 1},
    {.bitmap_index = 11343, .adv_w = 134, .box_w = 8, .box_h = 7, .ofs_x = 0, .ofs_y = 1},
    {.bitmap_index = 11371, .adv_w = 117, .box_w = 7, .box_h = 9, .ofs_x = 0, .ofs_y = 0},
    {.bitmap_index = 11403, .adv_w = 101, .box_w = 6, .box_h = 9, .ofs_x = 0, .ofs_y = 0},
    {.bitmap_index = 11430, .adv_w = 101, .box_w = 6, .box_h = 2, .ofs_x = 0, .ofs_y = 9},
    {.bitmap_index = 11436, .adv_w = 159, .box_w = 10, .box_h = 4, .ofs_x = 0, .ofs_y = -4},
    {.bitmap_index = 11456, .adv_w = 159, .box_w = 10, .box_h = 3, .ofs_x = 0, .ofs_y = 6},
    {.bitmap_index = 11471, .adv_w = 88, .box_w = 6, .box_h = 8, .ofs_x = 0, .ofs_y = -4},
    {.bitmap_index = 11495, .adv_w = 141, .box_w = 8, .box_h = 8, .ofs_x = 0, .ofs_y = 1},
    {.bitmap_index = 11527, .adv_w = 102, .box_w = 4, .box_h = 2, .ofs_x = 1, .ofs_y = 2},
    {.bitmap_index = 11531, .adv_w = 38, .box_w = 8, .box_h = 9, .ofs_x = -3, .ofs_y = 0},
    {.bitmap_index = 11567, .adv_w = 71, .box_w = 3, .box_h = 12, .ofs_x = 1, .ofs_y = -3},
    {.bitmap_index = 11585, .adv_w = 71, .box_w = 4, .box_h = 12, .ofs_x = 0, .ofs_y = -3},
    {.bitmap_index = 11609, .adv_w = 203, .box_w = 13, .box_h = 9, .ofs_x = 0, .ofs_y = 0},
    {.bitmap_index = 11668, .adv_w = 160, .box_w = 10, .box_h = 9, .ofs_x = 0, .ofs_y = 0},
    {.bitmap_index = 11713, .adv_w = 160, .box_w = 10, .box_h = 9, .ofs_x = 0, .ofs_y = 0},
    {.bitmap_index = 11758, .adv_w = 87, .box_w = 5, .box_h = 10, .ofs_x = 0, .ofs_y = -3},
    {.bitmap_index = 11783, .adv_w = 115, .box_w = 7, .box_h = 9, .ofs_x = 0, .ofs_y = 0},
    {.bitmap_index = 11815, .adv_w = 115, .box_w = 7, .box_h = 5, .ofs_x = 0, .ofs_y = 1},
    {.bitmap_index = 11833, .adv_w = 115, .box_w = 7, .box_h = 5, .ofs_x = 0, .ofs_y = 1},
    {.bitmap_index = 11851, .adv_w = 100, .box_w = 6, .box_h = 6, .ofs_x = 0, .ofs_y = -1},
    {.bitmap_index = 11869, .adv_w = 61, .box_w = 4, .box_h = 9, .ofs_x = 0, .ofs_y = -3},
    {.bitmap_index = 11887, .adv_w = 158, .box_w = 10, .box_h = 13, .ofs_x = 0, .ofs_y = -4},
    {.bitmap_index = 11952, .adv_w = 106, .box_w = 6, .box_h = 12, .ofs_x = 1, .ofs_y = -3},
    {.bitmap_index = 11988, .adv_w = 147, .box_w = 9, .box_h = 9, .ofs_x = 0, .ofs_y = 0},
    {.bitmap_index = 12029, .adv_w = 142, .box_w = 9, .box_h = 3, .ofs_x = 0, .ofs_y = 2},
    {.bitmap_index = 12043, .adv_w = 159, .box_w = 10, .box_h = 4, .ofs_x = 0, .ofs_y = -4},
    {.bitmap_index = 12063, .adv_w = 116, .box_w = 7, .box_h = 7, .ofs_x = 0, .ofs_y = 0},
    {.bitmap_index = 12088, .adv_w = 183, .box_w = 11, .box_h = 4, .ofs_x = 0, .ofs_y = 5},
    {.bitmap_index = 12110, .adv_w = 55, .box_w = 0, .box_h = 0, .ofs_x = 0, .ofs_y = 0}
};

/*---------------------
 *  CHARACTER MAPPING
 *--------------------*/

static const uint16_t unicode_list_7[] = {
    0x00, 0x08
};

/*Collect the unicode lists and glyph_id offsets*/
static const lv_font_fmt_txt_cmap_t cmaps[] =
{
    {
        .range_start = 32, .range_length = 95, .glyph_id_start = 1,
        .unicode_list = NULL, .glyph_id_ofs_list = NULL, .list_length = 0, .type = LV_FONT_FMT_TXT_CMAP_FORMAT0_TINY
    },
    {
        .range_start = 160, .range_length = 13, .glyph_id_start = 96,
        .unicode_list = NULL, .glyph_id_ofs_list = NULL, .list_length = 0, .type = LV_FONT_FMT_TXT_CMAP_FORMAT0_TINY
    },
    {
        .range_start = 174, .range_length = 155, .glyph_id_start = 109,
        .unicode_list = NULL, .glyph_id_ofs_list = NULL, .list_length = 0, .type = LV_FONT_FMT_TXT_CMAP_FORMAT0_TINY
    },
    {
        .range_start = 330, .range_length = 54, .glyph_id_start = 264,
        .unicode_list = NULL, .glyph_id_ofs_list = NULL, .list_length = 0, .type = LV_FONT_FMT_TXT_CMAP_FORMAT0_TINY
    },
    {
        .range_start = 8192, .range_length = 12, .glyph_id_start = 318,
        .unicode_list = NULL, .glyph_id_ofs_list = NULL, .list_length = 0, .type = LV_FONT_FMT_TXT_CMAP_FORMAT0_TINY
    },
    {
        .range_start = 8208, .range_length = 24, .glyph_id_start = 330,
        .unicode_list = NULL, .glyph_id_ofs_list = NULL, .list_length = 0, .type = LV_FONT_FMT_TXT_CMAP_FORMAT0_TINY
    },
    {
        .range_start = 8239, .range_length = 39, .glyph_id_start = 354,
        .unicode_list = NULL, .glyph_id_ofs_list = NULL, .list_length = 0, .type = LV_FONT_FMT_TXT_CMAP_FORMAT0_TINY
    },
    {
        .range_start = 8279, .range_length = 9, .glyph_id_start = 393,
        .unicode_list = unicode_list_7, .glyph_id_ofs_list = NULL, .list_length = 2, .type = LV_FONT_FMT_TXT_CMAP_SPARSE_TINY
    }
};

/*-----------------
 *    KERNING
 *----------------*/

/*Map glyph_ids to kern left classes*/
static const uint8_t kern_left_class_mapping[] =
{
    0, 0, 0, 1, 0, 0, 2, 3,
    1, 4, 5, 6, 7, 8, 7, 8,
    9, 10, 11, 12, 13, 14, 15, 16,
    17, 13, 10, 18, 18, 0, 19, 20,
    0, 21, 0, 0, 0, 0, 0, 0,
    0, 0, 0, 0, 0, 0, 0, 0,
    0, 0, 0, 0, 0, 0, 0, 0,
    0, 0, 0, 0, 4, 22, 5, 6,
    23, 0, 0, 0, 0, 0, 0, 0,
    0, 0, 0, 0, 0, 0, 0, 0,
    0, 0, 0, 0, 0, 0, 0, 0,
    0, 0, 0, 0, 4, 11, 5, 7,
    0, 24, 25, 0, 0, 0, 0, 0,
    0, 21, 0, 0, 0, 26, 0, 6,
    19, 0, 0, 0, 27, 11, 28, 0,
    0, 0, 29, 0, 0, 0, 30, 0,
    0, 0, 0, 0, 0, 0, 0, 0,
    0, 0, 0, 0, 0, 0, 0, 0,
    0, 0, 0, 0, 0, 0, 31, 0,
    0, 0, 0, 0, 0, 0, 0, 0,
    0, 0, 0, 0, 0, 0, 0, 0,
    0, 0, 0, 0, 0, 0, 0, 0,
    0, 0, 0, 0, 0, 0, 7, 0,
    0, 0, 0, 0, 0, 0, 0, 0,
    0, 0, 0, 0, 0, 0, 0, 0,
    0, 0, 0, 0, 0, 0, 0, 0,
    0, 0, 0, 0, 0, 0, 0, 0,
    0, 0, 0, 0, 0, 0, 0, 0,
    0, 0, 0, 0, 0, 0, 0, 0,
    0, 0, 0, 0, 0, 0, 0, 0,
    0, 0, 0, 0, 0, 0, 0, 0,
    0, 0, 0, 0, 0, 0, 0, 0,
    0, 0, 0, 0, 0, 0, 0, 0,
    0, 0, 0, 0, 0, 0, 0, 0,
    0, 0, 0, 0, 0, 0, 0, 0,
    0, 0, 0, 0, 0, 0, 0, 0,
    0, 0, 0, 0, 0, 0, 0, 0,
    0, 0, 0, 0, 0, 0, 0, 0,
    0, 0, 0, 0, 0, 0, 0, 0,
    0, 0, 0, 0, 0, 0, 0, 0,
    0, 0, 0, 0, 0, 0, 0, 0,
    0, 0, 0, 0, 0, 0, 0, 0,
    0, 0, 32, 33, 34, 0, 32, 33,
    34, 0, 35, 35, 31, 31, 0, 0,
    36, 0, 0, 0, 0, 0, 0, 33,
    0, 0, 0, 0, 0, 29, 0, 0,
    0, 0, 0, 0, 0, 0, 31, 0,
    0, 0, 0, 0, 0, 0, 37, 38,
    31, 0, 18, 0, 0, 0, 0, 0,
    0, 0, 0
};

/*Map glyph_ids to kern right classes*/
static const uint8_t kern_right_class_mapping[] =
{
    0, 1, 2, 3, 4, 5, 0, 6,
    3, 0, 7, 8, 9, 10, 9, 11,
    12, 13, 14, 15, 16, 17, 18, 13,
    19, 20, 21, 22, 22, 23, 24, 0,
    25, 26, 0, 0, 0, 0, 0, 0,
    0, 0, 0, 0, 0, 0, 0, 0,
    0, 0, 0, 0, 0, 0, 0, 0,
    0, 0, 0, 0, 0, 27, 7, 8,
    28, 0, 0, 0, 0, 0, 0, 0,
    0, 0, 0, 0, 0, 0, 0, 0,
    0, 0, 0, 0, 0, 0, 0, 0,
    0, 0, 0, 0, 0, 29, 7, 30,
    0, 0, 31, 0, 0, 0, 0, 0,
    0, 26, 0, 32, 33, 34, 0, 8,
    24, 0, 0, 0, 35, 36, 9, 0,
    0, 0, 37, 0, 0, 0, 38, 0,
    0, 0, 0, 0, 0, 0, 0, 0,
    0, 0, 0, 0, 0, 0, 0, 0,
    0, 0, 0, 0, 0, 0, 37, 0,
    0, 0, 0, 0, 0, 0, 0, 0,
    0, 0, 0, 0, 0, 0, 0, 0,
    0, 0, 0, 0, 0, 0, 0, 0,
    0, 0, 0, 0, 0, 0, 9, 0,
    0, 0, 0, 0, 0, 0, 0, 0,
    0, 0, 0, 0, 0, 0, 0, 0,
    0, 0, 0, 0, 0, 0, 0, 0,
    0, 0, 0, 0, 0, 0, 0, 0,
    0, 0, 0, 0, 0, 0, 0, 0,
    0, 0, 0, 0, 0, 0, 0, 0,
    0, 0, 0, 0, 0, 0, 0, 0,
    0, 0, 0, 0, 0, 0, 0, 0,
    0, 0, 0, 0, 0, 0, 0, 0,
    0, 0, 0, 0, 0, 0, 0, 0,
    0, 0, 0, 0, 0, 0, 0, 0,
    0, 0, 0, 0, 0, 0, 0, 0,
    0, 0, 0, 0, 0, 0, 0, 0,
    0, 0, 0, 0, 0, 0, 0, 0,
    0, 0, 0, 0, 0, 0, 0, 0,
    0, 0, 0, 0, 0, 0, 0, 0,
    0, 0, 0, 0, 0, 0, 0, 0,
    0, 0, 0, 0, 0, 0, 0, 0,
    0, 0, 0, 0, 0, 0, 0, 0,
    0, 0, 39, 40, 41, 42, 39, 40,
    41, 43, 44, 44, 37, 37, 0, 0,
    45, 0, 0, 0, 0, 0, 0, 40,
    0, 0, 0, 0, 32, 37, 0, 0,
    25, 0, 0, 0, 0, 0, 37, 46,
    0, 0, 0, 0, 0, 47, 29, 37,
    48, 0, 22, 0, 0, 0, 0, 0,
    0, 0, 0
};

/*Kern values between classes*/
static const int8_t kern_class_values[] =
{
    0, 0, 0, 0, 0, -6, 0, 0,
    0, -16, -16, 0, 0, 0, 0, 0,
    -12, 0, 0, 0, 0, 0, 0, 0,
    0, 0, 0, 0, 0, 0, -3, 0,
    0, 0, 0, 0, 0, 0, 0, 0,
    0, 0, 0, 0, -16, 0, 0, 0,
    0, 0, 0, 0, 0, 0, 0, 0,
    0, 0, 0, 0, 0, 0, 0, 0,
    0, 0, 0, 0, 0, 0, 0, 0,
    0, 0, 0, 0, 0, 0, 0, 0,
    0, 0, 0, 0, 0, 0, -12, -13,
    0, 0, 0, 0, 0, 0, 0, 0,
    0, 0, -6, 0, 0, 0, 0, 0,
    0, 0, 0, 0, 0, 0, 0, 0,
    0, 0, 0, 0, 0, 0, 0, 0,
    0, 0, -12, 0, 0, 0, 0, 0,
    0, -4, 0, 0, 0, 0, -17, 0,
    0, 0, 0, -8, 0, 0, 0, 0,
    0, 0, 0, 0, 0, 0, 0, 0,
    0, 0, 0, 0, 0, 0, 0, 0,
    0, 0, 0, 0, 0, 0, 0, 0,
    0, 0, 0, 0, 1, 0, -2, 0,
    0, 0, 0, 0, 0, 0, 0, 0,
    0, 0, 0, 0, 0, 0, 0, 1,
    0, 0, 0, 0, 0, 0, 0, 0,
    0, 0, 0, 0, 0, 0, 0, 0,
    0, 0, 0, 0, 0, 0, 0, 0,
    0, 0, 0, 0, 0, 0, 0, 0,
    0, 0, 0, 0, 0, 0, -6, 0,
    0, 0, 0, 0, 0, 0, 0, 0,
    0, 0, 0, 0, 0, -6, 0, 0,
    0, -26, -26, 0, 0, 0, 0, 0,
    -9, 0, 0, 0, 0, 0, 0, 0,
    0, -3, 0, -13, 0, 0, 0, 0,
    0, 0, 0, 0, 0, 0, 0, 0,
    0, 0, 0, 0, -26, 0, 0, 0,
    0, 0, 0, 0, 0, 0, 0, 0,
    0, 0, 0, 0, 0, 0, -6, -2,
    0, 0, -5, 0, 0, 0, 0, 0,
    0, 0, -9, 0, 0, 0, 0, 0,
    0, 0, 0, -3, 0, 0, -10, 0,
    0, 0, 0, 0, 0, 0, 0, 0,
    -2, -1, -17, 0, 0, 0, 0, 0,
    0, 0, 0, 0, -5, -17, 0, -5,
    0, -2, -3, -5, -2, 0, 0, 0,
    -17, -8, 0, 0, 0, 0, 0, 0,
    0, 0, 0, -10, 0, 0, 0, -13,
    0, -26, -26, 0, 0, 0, 0, 0,
    0, 0, 0, 0, 0, 0, 0, 0,
    0, -8, -8, 0, 0, 0, 0, 0,
    0, 0, 0, 0, 0, 0, 0, 0,
    0, 0, 0, 0, 0, 0, 0, 0,
    0, 0, 0, 0, 0, 0, 0, 0,
    0, 0, 0, 0, -8, 0, 0, 0,
    0, 0, 0, 0, 0, 0, 0, 0,
    0, -5, -5, 0, 0, 0, 0, 0,
    0, 0, -4, 0, 0, 0, 0, 0,
    0, 0, -3, -9, 0, 0, 0, 0,
    0, 0, 0, 0, 0, 0, -9, 0,
    -10, 0, 0, 0, -5, 0, 3, 0,
    0, 0, 0, 0, 0, 0, 1, 0,
    0, 0, 0, 0, 0, 0, 0, 0,
    0, 0, 0, 0, 0, 0, 0, 0,
    0, 0, 0, 1, 0, 0, 0, 0,
    0, 0, 0, 0, 0, 0, 0, 0,
    0, 0, 0, 0, 0, 0, 3, 0,
    0, 0, 0, 0, 0, 0, 0, 0,
    0, 0, 0, 0, 0, 0, 0, 0,
    -3, 0, 0, 0, 0, 0, 0, 0,
    0, 0, 0, 0, 0, 0, 0, 0,
    0, 0, 0, 0, 0, 0, 0, 0,
    0, 0, 0, 0, 0, 0, 0, 0,
    0, 0, 0, 0, 0, 0, 0, -2,
    0, -4, -4, 0, 0, 0, 0, 0,
    0, 0, 0, 0, 0, 0, 0, 0,
    0, 0, 0, 0, 0, 0, 0, -6,
    0, 0, 0, 0, 0, 0, 0, 0,
    -10, 0, 0, 0, -4, 0, 0, 0,
    0, 0, 0, 0, 0, 0, 0, -5,
    0, -6, -6, 0, 0, -5, 0, 0,
    0, 0, 0, 0, 0, 0, 0, 0,
    0, 0, 0, 0, 0, 0, 0, 0,
    0, -1, 0, -8, 0, 0, 0, 0,
    0, 0, 0, 0, -6, 0, 0, 0,
    0, 0, 0, 0, 0, 0, 0, 0,
    0, -5, -5, 0, 0, 0, 0, 0,
    0, 0, 0, 0, 0, 0, 0, 0,
    0, 0, 0, 0, 0, 0, 0, 0,
    0, -1, 0, 0, 0, 0, 0, 0,
    0, 0, 0, 0, -5, 0, 0, 0,
    0, 0, 0, 0, 0, 0, 0, 0,
    0, -6, -6, 0, 0, 0, 0, 0,
    0, 0, 0, 0, 0, 0, 0, 0,
    0, 0, 0, -9, 0, 0, 0, 0,
    0, 0, 0, 0, 0, 0, 0, 0,
    -9, 0, 0, 0, -6, 0, 0, 0,
    0, 0, 0, -11, 0, -9, 0, 0,
    0, -24, -24, 0, -3, 0, 0, -3,
    -11, -2, 4, -3, -2, -6, -17, 0,
    0, 0, 0, -30, 0, 0, -10, -12,
    0, 0, 0, 0, 0, 0, 0, 0,
    -27, 0, 0, 0, -24, 0, 0, -10,
    0, 0, 0, 0, 0, 0, 0, 0,
    0, 0, 0, 0, 0, 0, 0, 0,
    0, 0, 0, 0, 0, 0, 0, 0,
    0, 0, -12, 0, 0, 0, 0, 0,
    0, 0, 0, 0, 0, 0, -9, 0,
    0, 0, 0, 0, 0, 0, 0, 0,
    0, 0, 0, 0, 0, 0, 0, 0,
    0, 0, 0, 0, 0, 0, 0, 0,
    0, 0, 0, 0, 0, 0, 0, 0,
    0, 0, -13, 0, 0, 0, 0, 0,
    0, 0, 0, 0, 0, 0, -11, 0,
    0, 0, 0, 0, 0, 0, 0, 0,
    0, 0, 0, 0, 0, 0, 0, 0,
    0, 0, 0, 0, 0, 0, 0, 0,
    0, 0, -14, 0, 0, 0, 0, 0,
    0, 0, -14, 0, 0, 0, 0, 0,
    0, 0, 0, 0, 0, 0, -18, 0,
    0, 0, 0, 0, 0, 0, 0, 0,
    0, 0, 0, 0, 0, 0, 0, 0,
    0, -8, -8, -8, 0, 0, 0, 0,
    0, 0, 0, 0, 0, 0, 0, 0,
    0, 0, -7, -8, 0, 0, 0, 0,
    0, -1, 0, 0, 0, 0, -6, 0,
    -8, 0, 0, 0, -8, 0, 0, 0,
    0, 0, -15, 0, -1, 0, 0, -16,
    -6, 0, 0, 3, 0, -7, 0, 0,
    0, 0, 0, 0, 0, 0, -2, -10,
    -12, -7, -9, 0, 0, -6, -1, -6,
    -6, -14, 0, -10, -6, 0, -8, -11,
    0, 0, 0, -14, 0, -1, -4, 0,
    0, 0, 0, 0, 0, 0, 0, -13,
    0, 0, 0, 0, -9, -21, 0, -9,
    -11, -9, 0, -9, -9, 0, 0, 0,
    0, -8, -15, 0, 6, 0, 0, 0,
    0, 0, 0, -9, 0, 0, -8, 0,
    0, 0, 0, 0, 0, 0, 0, 6,
    0, 0, 0, 0, 0, 0, 0, 0,
    0, 0, 0, 0, 0, 0, 0, 0,
    0, 0, 0, 0, 0, 0, 0, 0,
    0, 0, -6, 0, 0, 0, 0, 0,
    0, 0, 0, 0, 0, 0, -6, 0,
    0, 0, 0, 0, 0, 0, 0, 0,
    0, 0, -3, 0, 0, 0, -2, 0,
    0, 0, 0, 0, 0, -6, 0, 0,
    0, 0, 0, 0, 0, 0, 0, 0,
    0, 0, -10, 0, 0, 0, 0, 0,
    0, -2, 0, 0, 0, 0, -12, -4,
    0, 0, 0, -6, 0, 0, 0, 0,
    0, 0, 0, 0, 0, -6, 0, 0,
    0, 0, 0, 0, 0, 0, 0, 0,
    -9, 0, 0, 0, 0, 0, 0, 0,
    0, -1, 0, 0, 0, 0, -5, 0,
    0, 0, 0, 0, 0, 0, 0, 0,
    0, 0, 0, 0, 0, 0, 0, 0,
    0, 0, 0, 0, 0, 0, 0, 0,
    -7, 0, 0, -6, 0, 0, 0, 0,
    0, 0, 0, 0, 0, 0, -8, 0,
    0, 0, 0, -6, 0, -7, 0, 0,
    -6, 0, 0, 0, 0, 0, -10, 3,
    0, 0, 0, 0, 0, 0, 0, 0,
    0, 0, 0, 0, 0, 0, 0, 0,
    0, 0, 0, 0, 0, 0, -6, -2,
    0, 0, -5, 0, 0, 0, 0, 0,
    0, 0, -8, 0, 0, 0, 0, 0,
    0, 0, 0, -3, 0, 0, -10, 0,
    0, 0, 0, 0, 0, 0, 0, 0,
    0, 0, 0, 0, 0, 0, 0, 0,
    0, 0, 0, 0, 0, -8, -10, -9,
    0, 0, -10, -6, 0, 0, 0, 0,
    0, 0, -12, 0, 0, 0, 0, 0,
    0, 0, 0, 0, 0, 0, -16, 0,
    0, 0, 0, 0, 0, 0, 0, 0,
    0, 0, 0, 0, 0, 0, 0, 0,
    0, 0, 0, 0, 0, 0, 0, 0,
    0, 0, 0, 0, 0, 0, 0, 0,
    0, 0, -17, 0, 0, 0, 0, 0,
    0, 0, 0, 0, 0, 0, -12, -6,
    0, 0, 0, 0, 0, 0, 0, 0,
    0, 0, 0, 0, 0, 0, 0, 0,
    0, 0, 0, 0, 0, 0, 0, 0,
    0, 0, 0, 0, 0, 0, 0, 0,
    0, 0, -8, 0, 0, 0, 0, 0,
    0, 0, 0, 0, 0, 0, 0, 0,
    0, 0, 0, 0, 0, 0, 0, 0,
    0, 0, 0, 0, 0, -12, 0, 0,
    0, -18, -18, -18, 0, 0, 0, 0,
    -12, 0, 0, 0, 0, 0, 0, 0,
    0, 0, 0, 0, 0, 0, -7, 0,
    0, 0, 0, 0, 0, -12, 0, 0,
    -14, 0, 0, 0, -18, 0, 0, 0,
    0, 0, 0, -24, 0, -13, 0, 0,
    -11, -21, -21, -27, -9, 0, 0, 0,
    -18, 0, -12, -8, 0, -11, -18, -11,
    0, -11, 0, -8, 0, -9, -12, -16,
    -11, 0, -9, -2, 0, -13, 0, 0,
    0, 0, 0, 0, -21, 0, 2, -4,
    0, 0, 0, 0, 0, 0, 0, 0,
    0, 0, 0, 0, 0, -13, 0, 0,
    0, 0, 0, 0, 0, 0, 0, 0,
    0, 0, -17, 0, 0, 0, 0, 0,
    0, 0, 0, 0, 0, 0, -24, -18,
    0, 0, 0, 0, 0, 0, 0, 0,
    0, 0, 0, 0, 0, -8, 0, 0,
    0, 0, 0, 0, 0, 0, 0, 0,
    0, 0, 0, 0, 0, 0, 0, 0,
    0, 0, 0, 0, 0, 0, -6, 0,
    0, 0, 0, 0, 0, 0, 0, 0,
    0, 0, 0, 0, 0, 0, 0, 0,
    -2, -1, -17, 0, 0, 0, 0, 0,
    0, 0, 0, 0, -5, -17, 0, -5,
    0, -2, -3, -5, -2, 0, 0, 0,
    -17, -8, 0, 0, 0, 0, 0, 0,
    0, 0, 0, -10, 0, 0, 0, -13,
    0, -26, -35, 0, 0, 0, 0, 0,
    0, 0, 0, 0, 0, -6, 0, 0,
    -7, -8, -6, 0, 0, 0, 0, 0,
    0, 0, 0, 0, 0, 0, 0, 0,
    0, 0, 0, 0, 0, -7, -1, 0,
    -7, 0, 0, 0, 0, 0, 0, 0,
    -27, 0, 0, 0, -18, 0, 0, 0,
    0, 0, -1, 0, 0, 0, 0, 0,
    0, 0, 0, 0, 0, -8, 0, 0,
    0, 0, 0, 0, 0, 0, 0, 0,
    0, 0, -10, 0, 0, 0, 0, 0,
    0, -2, 0, 0, 0, 0, -9, -4,
    0, 0, 0, 0, 0, 0, 0, 0
};

/*Collect the kern class' data in one place*/
static const lv_font_fmt_txt_kern_classes_t kern_classes =
{
    .class_pair_values   = kern_class_values,
    .left_class_mapping  = kern_left_class_mapping,
    .right_class_mapping = kern_right_class_mapping,
    .left_class_cnt      = 38,
    .right_class_cnt     = 48,
};

/*--------------------
 *  ALL CUSTOM DATA
 *--------------------*/

#if LVGL_VERSION_MAJOR == 8
/*Store all the custom data of the font*/
static  lv_font_fmt_txt_glyph_cache_t cache;
#endif

#if LVGL_VERSION_MAJOR >= 8
static const lv_font_fmt_txt_dsc_t font_dsc = {
#else
static lv_font_fmt_txt_dsc_t font_dsc = {
#endif
    .glyph_bitmap = glyph_bitmap,
    .glyph_dsc = glyph_dsc,
    .cmaps = cmaps,
    .kern_dsc = &kern_classes,
    .kern_scale = 16,
    .cmap_num = 8,
    .bpp = 4,
    .kern_classes = 1,
    .bitmap_format = 0,
#if LVGL_VERSION_MAJOR == 8
    .cache = &cache
#endif

};



/*-----------------
 *  PUBLIC FONT
 *----------------*/

/*Initialize a public general font descriptor*/
#if LVGL_VERSION_MAJOR >= 8
const lv_font_t font_inter_medium_12_data = {
#else
lv_font_t font_inter_medium_12_data = {
#endif
    .get_glyph_dsc = lv_font_get_glyph_dsc_fmt_txt,    /*Function pointer to get glyph's data*/
    .get_glyph_bitmap = lv_font_get_bitmap_fmt_txt,    /*Function pointer to get glyph's bitmap*/
    .line_height = 17,          /*The maximum line height required by the font*/
    .base_line = 4,             /*Baseline measured from the bottom of the line*/
#if LV_VERSION_CHECK(9, 6, 0) || LVGL_VERSION_MAJOR >= 10
    .cap_height = 9,           /*Cap height of the font*/
    .x_height = 7,               /*x-height of the font*/
#endif
#if !(LVGL_VERSION_MAJOR == 6 && LVGL_VERSION_MINOR == 0)
    .subpx = LV_FONT_SUBPX_NONE,
#endif
#if LV_VERSION_CHECK(7, 4, 0) || LVGL_VERSION_MAJOR >= 8
    .underline_position = -2,
    .underline_thickness = 1,
#endif

#if LV_VERSION_CHECK(9, 3, 0)
    .static_bitmap = 1,    /*Bitmaps are stored as const so they are always static if not compressed */
#endif

    .dsc = &font_dsc,          /*The custom font data. Will be accessed by `get_glyph_bitmap/dsc` */
#if LV_VERSION_CHECK(8, 2, 0) || LVGL_VERSION_MAJOR >= 9
    .fallback = NULL,
#endif
    .user_data = NULL,
};



#endif /*#if FONT_INTER_MEDIUM_12_DATA*/
